num_acc,jour,mois,an,hrmn,lum,dep,com,agg,int,atm,col,adr,lat,long
202300000001,7,5,2023,2025-12-05 06:00:00,1,75,75101,2,4,2,7,Rue De Rivoli,48.866386,2.323471
202300000002,7,5,2023,2025-12-05 05:30:00,5,94,94080,2,1,3,6,Avenue De Paris,48.84547782,2.42868146
202300000003,7,5,2023,2025-12-05 20:50:00,1,94,94022,2,3,2,1,Avenue Du General Leclerc,48.7624,2.40655
202300000004,6,5,2023,2025-12-05 23:57:00,5,94,94078,2,1,3,5,Rue De Paris,48.73248432,2.44687575
202300000005,7,5,2023,2025-12-05 00:50:00,5,94,94068,2,2,3,3,56Bis Avenue Raspail,48.78581,2.49217
202300000006,7,5,2023,2025-12-05 18:10:00,1,94,94058,2,3,2,6,Avenue Gabriel Peri,48.83717,2.51361
202300000007,7,5,2023,2025-12-05 18:45:00,1,94,94076,2,1,2,4,185 Boulevard Maxime Gorki,48.78693219,2.36756095
202300000008,7,5,2023,2025-12-05 17:20:00,1,94,94011,2,2,3,1,Route De Stains / Rue Du Moulin Bateau,48.78238,2.4951
202300000009,7,5,2023,2025-12-05 18:50:00,1,94,94022,2,3,8,3,Avenue De La Republique,48.76240184,2.40690601
202300000010,7,5,2023,2025-12-05 18:20:00,1,94,94079,2,1,2,6,Boulevard De Friedberg,48.83266,2.54378
202300000011,7,5,2023,2025-12-05 12:15:00,1,95,95527,1,9,2,3,A3,48.9957224,2.51560628
202300000012,6,5,2023,2025-12-05 11:15:00,1,93,93051,2,3,8,3,Rue Du Docteur Vaillant / A4,48.83611,2.5646
202300000013,7,5,2023,2025-12-05 20:10:00,1,93,93030,2,1,2,2,Avenue Ambroise Croizat,48.95859534,2.4158147
202300000014,7,5,2023,2025-12-05 10:30:00,1,93,93013,2,6,1,6,Carrefour Lindbergh,48.94211,2.42916
202300000015,7,5,2023,2025-12-05 19:15:00,1,93,93010,2,1,2,2,Avenue Gallieni,48.90631671,2.48228681
202300000016,7,5,2023,2025-12-05 01:56:00,5,92,92050,2,2,3,3,Clemenceau Georges Avenue Ndeg Pair,48.88677185,2.20519647
202300000017,7,5,2023,2025-12-05 21:40:00,5,92,92007,2,9,2,3,Verdun (Rue De) Ndeg Pairs,48.802023,2.318006
202300000018,7,5,2023,2025-12-05 12:10:00,1,1,1383,1,3,3,1,D1083,46.086729,5.111266
202300000019,8,5,2023,2025-12-05 12:35:00,1,38,38378,2,1,1,6,"Route De Condrieu, D4",45.439941,4.76989
202300000020,8,5,2023,2025-12-05 15:10:00,1,91,91022,1,1,1,1,Arrancourt,48.332902,2.147226
202300000021,6,5,2023,2025-12-05 14:25:00,1,22,22177,1,1,1,2,Le Clos De La Lande,48.633568,-2.973443
202300000022,6,5,2023,2025-12-05 18:50:00,3,972,97226,1,1,1,1,Rd 9,14.454712,-60.8609
202300000023,7,5,2023,2025-12-05 11:00:00,1,974,97414,2,6,1,3,Rue Du General De Gaulle,-21.281617,55.407722
202300000024,7,5,2023,2025-12-05 23:40:00,5,6,6095,2,1,1,7,Avenue De Boutiny,43.644744,6.884962
202300000025,6,5,2023,2025-12-05 10:10:00,1,67,67465,2,1,1,3,17 Rue Albert Fuchs,48.79991,7.983214
202300000026,7,5,2023,2025-12-05 16:30:00,1,56,56234,1,1,1,7,Avenue De Saint Malo,47.541813,-3.134907
202300000027,8,5,2023,2025-12-05 06:00:00,2,2B,2B050,1,1,1,6,Route Territoriale 30,42.55165,8.778001
202300000028,7,5,2023,2025-12-05 22:00:00,5,82,82072,2,1,1,2,Avenue Du Midi,44.113727,0.850861
202300000029,8,5,2023,2025-12-05 11:00:00,1,11,11257,1,1,1,6,D3,43.149532,2.49144
202300000030,3,5,2023,2025-12-05 15:15:00,1,63,63430,2,1,1,1,Avenue Leo Lagrange,45.846626,3.527126
202300000031,6,5,2023,2025-12-05 23:20:00,3,47,47052,1,1,1,6,Route De Nerac,44.299435,0.097718
202300000032,6,5,2023,2025-12-05 18:20:00,1,39,39370,1,1,1,7,Adresse_Inconnue,46.988362,5.780568
202300000033,7,5,2023,2025-12-05 12:30:00,1,29,29105,2,1,1,3,Rue Du General De Gaulle,48.509735,-4.075059
202300000034,6,5,2023,2025-12-05 19:25:00,1,29,29024,1,1,1,1,Kernabad,48.253677,-3.5946
202300000035,8,5,2023,2025-12-05 17:54:00,1,29,29037,1,1,2,2,D44,47.883719,-4.164081
202300000036,8,5,2023,2025-12-05 15:25:00,1,26,26306,1,1,1,7,Rd4 P 07+500,44.339861,5.296714
202300000037,8,5,2023,2025-12-05 01:45:00,3,60,60647,1,1,5,7,Rue De Pierrefonds,49.391969,2.974988
202300000038,6,5,2023,2025-12-05 04:45:00,2,45,45108,1,1,1,7,D940 Pr 6 + 598,47.618169,2.543195
202300000039,8,5,2023,2025-12-05 14:15:00,1,64,64538,1,1,1,3,Route D'Arneguy,43.150421,-1.253337
202300000040,7,5,2023,2025-12-05 12:35:00,1,16,16132,2,1,1,6,11 Route De Limoges,45.894526,0.793945
202300000041,8,5,2023,2025-12-05 16:30:00,1,7,7167,1,3,7,3,D2,44.80020241,4.60940391
202300000042,5,5,2023,2025-12-05 12:15:00,1,17,17218,2,1,1,6,41 Rue Des Moulins,46.307338,-0.998664
202300000043,7,5,2023,2025-12-05 22:55:00,3,23,23029,1,2,1,3,Combrant,46.295743,1.850531
202300000044,6,5,2023,2025-12-05 09:20:00,1,87,87151,2,3,7,3,Avenue Des Erables,45.688931,1.317858
202300000045,7,5,2023,2025-12-05 16:15:00,1,30,30147,1,1,1,6,D982,44.019879,4.055471
202300000046,7,5,2023,2025-12-05 21:45:00,3,67,67205,1,1,2,2,A35,48.680979,7.808847
202300000047,8,5,2023,2025-12-05 07:45:00,2,34,34333,1,6,1,3,D612,43.500985,3.786504
202300000048,5,5,2023,2025-12-05 22:15:00,3,64,64021,1,1,1,2,Autoroute 64 - Pk 111+900,43.308658,-0.248359
202300000049,8,5,2023,2025-12-05 02:20:00,3,34,34172,1,1,1,4,A709,43.601853,3.922441
202300000050,8,5,2023,2025-12-05 13:00:00,1,62,62761,1,1,1,2,A1,50.232685,2.855287
202300000051,7,5,2023,2025-12-05 14:00:00,1,987,98714,1,1,1,6,Matira,-16.38797,-151.764875
202300000052,7,5,2023,2025-12-05 00:30:00,5,987,98714,1,1,1,1,Rt 101 - Amanahune,-16.388,-151.765
202300000053,7,5,2023,2025-12-05 18:55:00,5,971,97126,2,1,1,6,Route Du Puit Temericourt,15.954557,-61.314531
202300000054,4,5,2023,2025-12-05 21:45:00,3,2B,2B140,1,1,1,1,Rt20,42.502308,9.302094
202300000055,8,5,2023,2025-12-05 17:45:00,1,66,66030,1,1,1,6,Adresse_Inconnue,42.771683,2.751002
202300000056,7,5,2023,2025-12-05 16:10:00,1,34,34059,1,1,1,3,6 Rue Departementale 907,43.350909,2.787727
202300000057,24,4,2023,2025-12-05 20:00:00,1,34,34145,2,1,1,6,430 Av Mal De Lattre De Tassigny,43.676105,4.126407
202300000058,18,4,2023,2025-12-05 17:00:00,1,34,34344,2,1,1,6,55 Avenue De Melgueil,43.562427,4.087054
202300000059,8,5,2023,2025-12-05 15:20:00,1,83,83037,1,1,1,1,Route Departementale 43,43.397907,6.045506
202300000060,7,5,2023,2025-12-05 22:30:00,3,63,63248,1,1,3,6,D942,45.74068157,2.94280054
202300000061,8,5,2023,2025-12-05 18:30:00,1,38,38405,1,1,1,7,Route De La Chartreuse,45.368263,5.686154
202300000062,7,5,2023,2025-12-05 14:45:00,1,69,69019,2,2,2,3,178 Rue De La Republique,46.111675,4.7347
202300000063,8,5,2023,2025-12-05 15:56:00,1,64,64139,1,1,1,7,D936,43.182113,-0.352455
202300000064,4,5,2023,2025-12-05 15:50:00,1,33,33019,2,1,1,3,38Bis Route De Bordeaux,44.687508,-1.001371
202300000065,6,5,2023,2025-12-05 20:45:00,2,29,29169,1,1,2,6,Route De Pont Queau,48.072086,-4.115219
202300000066,5,5,2023,2025-12-05 08:45:00,2,22,22339,1,2,7,5,La Pontais,48.499318,-2.065194
202300000067,7,5,2023,2025-12-05 11:45:00,1,80,80313,1,1,2,6,"Autoroute A1, Pk 125+280",49.914591,2.850866
202300000068,4,5,2023,2025-12-05 17:00:00,1,62,62014,2,6,1,6,Rue Du Fort Gassion,50.641781,2.397761
202300000069,7,5,2023,2025-12-05 04:40:00,3,13,13043,1,1,1,5,A55-Sens Martigues Vers Marseille,43.391,5.266
202300000070,7,5,2023,2025-12-05 01:32:00,5,13,13212,1,1,1,2,A507 Sens Marseille - Aubagne,43.291713,5.424383
202300000071,6,5,2023,2025-12-05 15:15:00,1,83,83137,1,1,1,2,A50,43.126502,5.887297
202300000072,5,5,2023,2025-12-05 08:45:00,1,83,83137,2,1,1,2,A50 Sortie Tunnel Tube Sud,43.12130629,5.95312715
202300000073,28,3,2023,2025-12-05 23:29:00,1,973,97309,2,1,1,7,Tigre (Route Du),4.91229,-52.30814
202300000074,5,5,2023,2025-12-05 08:15:00,1,83,83137,1,1,1,2,A50 Bretelle D'Acces Ndeg17 Toulon/Nice,43.121042,5.952866
202300000075,7,5,2023,2025-12-05 16:10:00,1,91,91521,1,1,1,6,Rn 449,48.6343,2.4059
202300000076,28,3,2023,2025-12-05 07:50:00,1,69,69383,2,2,1,3,Rue Garibaldi,45.76217807,4.85245721
202300000077,7,5,2023,2025-12-05 12:30:00,1,91,91689,1,1,1,2,Autoroute A6B,48.74674,2.32631
202300000078,28,3,2023,2025-12-05 14:40:00,1,972,97213,2,3,1,3,Route Departementale 3,14.6174,-60.9953
202300000079,7,5,2023,2025-12-05 09:10:00,1,91,91553,1,1,1,7,Rn 104,48.62889,2.48127
202300000080,23,3,2023,2025-12-05 15:11:00,1,972,97213,1,1,1,7,Route Departementale 13,14.62622,-61.02538
202300000081,7,5,2023,2025-12-05 07:14:00,2,91,91589,1,1,2,2,Autoroute A6,48.678375,2.336155
202300000082,28,3,2023,2025-12-05 17:10:00,2,972,97209,1,1,1,6,Balata (Route De),14.61732,-61.0715
202300000083,7,5,2023,2025-12-05 01:00:00,5,94,94003,1,1,3,2,A6A,48.8128495,2.33616725
202300000084,27,3,2023,2025-12-05 22:35:00,4,972,97209,2,4,1,3,Entree De Briand (Route),14.62852,-61.07209
202300000085,7,5,2023,2025-12-05 05:25:00,4,78,78646,1,1,3,7,Rn12 Int,48.78993,2.124102
202300000086,27,3,2023,2025-12-05 16:10:00,1,972,97209,2,1,1,6,Professeur Raymond Garcin (Rue Du),14.62411,-61.07874
202300000087,7,5,2023,2025-12-05 10:00:00,1,93,93066,1,1,2,6,Autoroute A1,48.9278682,2.35769659
202300000088,27,3,2023,2025-12-05 21:30:00,5,69,69149,2,3,1,6,Rue Charton,45.71643,4.81121
202300000089,7,5,2023,2025-12-05 08:00:00,1,93,93005,1,1,3,3,Autoroute A1,48.95991,2.46651
202300000090,27,3,2023,2025-12-05 18:00:00,1,95,95424,2,1,1,3,Boulevard De Pontoise,48.98885,2.18178
202300000091,7,5,2023,2025-12-05 20:00:00,1,94,94042,1,1,8,4,A4,48.82728643,2.46925563
202300000092,28,3,2023,2025-12-05 18:10:00,1,91,91589,2,1,1,6,Cd 257,48.671118,2.337108
202300000093,7,5,2023,2025-12-05 01:19:00,3,94,94017,1,1,3,6,A4,48.82647627,2.52002917
202300000094,28,3,2023,2025-12-05 07:00:00,5,91,91027,2,1,1,2,Av Francois Mitterrand,48.71474,2.37104
202300000095,7,5,2023,2025-12-05 00:43:00,3,94,94073,1,1,3,2,A86,48.7542676,2.38140831
202300000096,27,3,2023,2025-12-05 13:50:00,1,91,91228,2,2,1,3,De L'Europe (Boulevard),48.63101,2.4248
202300000097,5,5,2023,2025-12-05 14:00:00,1,976,97611,2,1,1,3,Tsoundzou-Chemin Riviere De Kwale,-12.82037,45.19535
202300000098,28,3,2023,2025-12-05 09:03:00,1,87,87085,2,2,1,3,Queuille (Place Henri),45.81487,1.26911
202300000099,6,5,2023,2025-12-05 18:10:00,1,974,97411,2,1,1,2,Lancastel (Boulevard),-20.88254,55.46407
202300000100,6,5,2023,2025-12-05 15:00:00,1,974,97411,2,1,1,6,Jaures (Boulevard Jean),-20.89174,55.46705
202300000101,27,3,2023,2025-12-05 08:24:00,1,83,83137,2,9,1,2,Cd D559 Bis,43.12116,5.8899
202300000102,17,3,2023,2025-12-05 16:15:00,1,80,80021,2,1,1,6,Lescouve (Rue),49.88966,2.27153
202300000103,5,5,2023,2025-12-05 16:00:00,1,974,97411,2,4,1,3,Vigie (Chemin De La),-20.88311,55.42846
202300000104,6,5,2023,2025-12-05 19:20:00,1,69,69382,2,2,1,6,96 Rue President Edouard Herriot,45.7594,4.83397
202300000105,28,3,2023,2025-12-05 11:45:00,1,78,78551,1,2,1,1,Rn 184,48.93993,2.0957
202300000106,6,5,2023,2025-12-05 14:50:00,1,2B,2B033,2,3,1,3,Paoli Du Nr 1 A 20 - Bld,42.69665,9.448
202300000107,1,12,2023,2025-12-05 09:50:00,1,2A,2A139,1,3,1,3,D668,41.642945,9.330686
202300000108,6,5,2023,2025-12-05 01:45:00,3,971,97101,1,1,1,7,Route Des Abymes,16.28126961,-61.50708675
202300000109,30,11,2023,2025-12-05 15:00:00,1,2B,2B043,2,9,1,3,Hameau Lavasina,42.758554,9.465913
202300000110,28,3,2023,2025-12-05 16:30:00,1,76,76231,2,2,1,6,Rue Theodore Chenneviere,49.28606,1.00347
202300000111,4,5,2023,2025-12-05 19:00:00,5,971,97105,2,3,1,3,Peres Dominicains(Avenue Des),16.00815123,-61.74000978
202300000112,28,3,2023,2025-12-05 16:55:00,1,74,74012,2,1,1,6,Bastin (Rue Alfred),46.191837,6.237078
202300000113,30,11,2023,2025-12-05 16:45:00,2,71,71357,1,3,2,3,2 Route De Dole,46.959862,5.233365
202300000114,30,11,2023,2025-12-05 16:15:00,1,63,63145,1,1,3,7,D39,45.55364904,3.43233632
202300000115,27,3,2023,2025-12-05 18:25:00,1,72,72181,1,1,1,2,Patton General Rte St-Aubin A Av Rubilla,48.03115894,0.17877817
202300000116,27,11,2023,2025-12-05 12:00:00,1,61,61486,2,1,2,6,Voie Communale,48.76278,-0.733318
202300000117,28,3,2023,2025-12-05 18:15:00,1,69,69199,1,2,1,3,Boulevard Pierre Semard,45.69453,4.84419
202300000118,30,11,2023,2025-12-05 14:50:00,1,61,61369,1,1,3,2,D962,48.62203,-0.638515
202300000119,15,11,2023,2025-12-05 18:10:00,3,61,61473,1,1,1,6,D916,48.698306,-0.153556
202300000120,27,3,2023,2025-12-05 16:16:00,1,66,66136,2,3,1,2,Adresse_Inconnue,42.69315,2.8878
202300000121,1,12,2023,2025-12-05 12:30:00,1,86,86082,1,1,1,6,D2,46.313474,0.216758
202300000122,2,5,2023,2025-12-05 13:55:00,1,70,70378,2,1,1,4,Avenue Pasteur,47.612978,6.150666
202300000123,28,3,2023,2025-12-05 18:00:00,1,65,65433,2,3,1,1,52 Rue Honore Laporte,43.20476,0.100912
202300000124,30,11,2023,2025-12-05 17:28:00,2,44,44081,1,1,2,1,Adresse_Inconnue,46.917368,-1.542764
202300000125,30,11,2023,2025-12-05 13:50:00,1,29,29031,1,2,1,5,Kersalut,47.8018836,-3.60373083
202300000126,5,5,2023,2025-12-05 12:20:00,1,69,69266,2,1,1,4,Route De Genas,45.75178,4.90807
202300000127,28,3,2023,2025-12-05 19:20:00,1,64,64445,2,2,1,3,Copernic,43.32435,-0.33857
202300000128,1,12,2023,2025-12-05 13:55:00,1,38,38130,1,1,3,6,D518A,45.395075,5.235672
202300000129,27,3,2023,2025-12-05 17:25:00,1,64,64129,2,1,1,4,Bayonne De,43.30314,-0.39804
202300000130,1,12,2023,2025-12-05 07:50:00,2,26,26108,1,4,3,3,D538,44.721557,5.01487
202300000131,26,3,2023,2025-12-05 14:06:00,1,63,63113,2,1,1,7,Dumas (Bd J.Baptiste),45.78346,3.09449
202300000132,6,5,2023,2025-12-05 06:20:00,2,64,64125,2,1,1,1,Atherbea (Avenue),43.43587,-1.59319
202300000133,30,11,2023,2025-12-05 21:00:00,3,54,54435,1,1,5,6,Route De Preny,48.964695,5.94241
202300000134,28,11,2023,2025-12-05 16:53:00,2,60,60509,2,1,1,6,3 Rue Marie Bray,49.296695,2.603831
202300000135,28,3,2023,2025-12-05 07:50:00,1,60,60159,1,1,1,1,Route Nationale 31,49.42012903,2.90621939
202300000136,1,12,2023,2025-12-05 15:40:00,1,16,16016,1,1,8,1,D951,45.991811,0.626881
202300000137,30,11,2023,2025-12-05 18:40:00,3,53,53084,1,1,8,2,D111,47.847669,-0.978599
202300000138,28,3,2023,2025-12-05 01:32:00,5,59,59512,2,3,1,3,Cartigny (Rue De),50.70133,3.19065
202300000139,1,12,2023,2025-12-05 18:30:00,5,85,85042,2,3,8,1,Rd 137 Rue Principale Le Sableau,46.37013871,-0.99600328
202300000140,28,3,2023,2025-12-05 08:07:00,1,57,57480,2,1,1,3,Marly (Rue De ),49.0937,6.16252
202300000141,30,11,2023,2025-12-05 16:00:00,1,28,28391,1,1,1,1,D2020,48.1746,1.925075
202300000142,28,3,2023,2025-12-05 07:48:00,2,56,56162,2,6,1,3,24 Rue Du Fort Bloque,47.73655,-3.4325
202300000143,28,3,2023,2025-12-05 07:15:00,2,54,54382,1,1,1,2,52 (Route Nationale),49.54786,5.80309
202300000144,30,11,2023,2025-12-05 16:30:00,1,37,37231,1,2,1,3,D54,47.597019,0.526373
202300000145,1,12,2023,2025-12-05 17:50:00,3,52,52094,1,1,2,6,D140,47.66916,5.11877
202300000146,28,3,2023,2025-12-05 17:45:00,1,51,51108,2,3,1,3,Allees De Forets,48.94682,4.365
202300000147,27,3,2023,2025-12-05 18:00:00,1,49,49246,2,1,1,2,Chauvin Avenue,47.42896,-0.54462
202300000148,29,11,2023,2025-12-05 12:10:00,1,88,88372,1,1,1,6,D159,48.389382,6.809088
202300000149,27,3,2023,2025-12-05 12:05:00,1,49,49007,2,2,1,3,Boreau,47.47617,-0.54508
202300000150,30,11,2023,2025-12-05 20:30:00,5,987,98752,2,1,1,1,Pk 48.100 - Mataiea,-17.722,-149.399
202300000151,28,3,2023,2025-12-05 23:00:00,5,37,37233,2,1,1,6,Vaillant Couturier (Rue Paul),47.3918,0.72023
202300000152,1,12,2023,2025-12-05 08:30:00,1,10,10438,1,1,8,7,Autoroute A5,48.165085,4.592691
202300000153,28,3,2023,2025-12-05 07:50:00,1,37,37122,2,1,1,6,Tourmaline (Rue De La),47.35759,0.64388
202300000154,1,12,2023,2025-12-05 07:30:00,1,973,97309,1,6,1,3,Cabassou,4.90091544,-52.30593073
202300000155,28,3,2023,2025-12-05 09:14:00,1,37,37261,2,2,1,3,Wedells (Rue Jeanne),47.40939,0.70767
202300000156,28,3,2023,2025-12-05 05:30:00,5,37,37261,2,1,1,2,Monnet (Boulevard),47.37668,0.6712
202300000157,1,12,2023,2025-12-05 18:00:00,5,6,6085,1,1,2,3,Route De Vallauris,43.596038,7.037221
202300000158,19,3,2023,2025-12-05 11:30:00,1,36,36044,2,1,3,7,Boulevard De L'Ecole Normale,46.82059532,1.68097794
202300000159,1,12,2023,2025-12-05 13:30:00,1,13,13091,1,1,2,7,D18,43.594659,5.317597
202300000160,28,3,2023,2025-12-05 09:44:00,1,35,35278,2,1,1,2,Gaulle (Rue Du Gal De),48.15439,-1.6867
202300000161,28,3,2023,2025-12-05 13:25:00,1,31,31555,2,1,1,6,Rte De Labege,43.55831,1.50338
202300000162,30,11,2023,2025-12-05 17:54:00,3,91,91200,2,1,2,6,Avenue De Paris,48.530303,2.025945
202300000163,28,3,2023,2025-12-05 15:40:00,1,29,29232,2,1,2,6,Avenue De La France Libre,48.00303416,-4.09876715
202300000164,1,12,2023,2025-12-05 11:10:00,1,66,66037,1,6,8,6,D81A,42.6593248,3.03266913
202300000165,28,3,2023,2025-12-05 13:10:00,1,29,29232,2,1,1,2,Boulevard President Allende,47.99343,-4.07306
202300000166,1,12,2023,2025-12-05 17:35:00,5,30,30307,2,1,2,6,Route Nationale 106,44.192005,4.043698
202300000167,28,3,2023,2025-12-05 12:50:00,1,27,27229,1,1,1,2,Nationale 13 (Route),49.01573,1.17923
202300000168,28,3,2023,2025-12-05 16:03:00,1,22,22278,2,2,1,3,Rostand (Edmond),48.51634,-2.73499
202300000169,10,11,2023,2025-12-05 20:40:00,5,84,84092,1,3,1,3,Route De Sorgues (Rd 907),43.976464,4.858055
202300000170,28,3,2023,2025-12-05 11:46:00,1,17,17306,2,1,1,2,Ampere,45.63164,-0.99613
202300000171,30,11,2023,2025-12-05 18:45:00,5,21,21263,2,1,2,6,31 Route De Dijon,47.24322,5.056836
202300000172,28,3,2023,2025-12-05 18:22:00,1,13,13201,2,1,1,1,Saint Ferreol (Rue)      2 A 62,43.295,5.3774
202300000173,30,11,2023,2025-12-05 16:07:00,1,63,63247,1,1,2,6,Route Departementale 5 Pk 31,45.576877,2.940388
202300000174,28,3,2023,2025-12-05 14:30:00,1,13,13202,2,2,1,1,Dames (Boulevard Des),43.30313,5.36656
202300000175,1,12,2023,2025-12-05 16:10:00,1,1,1043,1,1,2,3,D1084A,45.822426,4.992685
202300000176,28,3,2023,2025-12-05 11:00:00,1,13,13209,2,1,1,5,Michelet (Boulevard),43.26172749,5.3973963
202300000177,27,3,2023,2025-12-05 18:20:00,1,13,13202,2,3,1,3,Chemin Du Littoral (Chemin Du),43.33589,5.35425
202300000178,30,11,2023,2025-12-05 22:00:00,4,86,86095,2,1,5,6,Rue Des Lordieres,46.694668,0.422713
202300000179,28,3,2023,2025-12-05 12:16:00,1,11,11069,2,1,1,6,Rue Niccolo Paganini,43.21366,2.36726
202300000180,30,7,2023,2025-12-05 23:30:00,5,85,85092,2,6,1,3,75Bis Rue De La Republique,46.464157,-0.80006
202300000181,27,3,2023,2025-12-05 15:28:00,1,10,10357,2,6,1,6,R.N. 19,48.29615,4.13315
202300000182,23,3,2023,2025-12-05 15:55:00,1,8,8409,2,3,1,3,42 Avenue De La Marne,49.69791137,4.92147669
202300000183,30,11,2023,2025-12-05 18:55:00,3,2,2798,1,1,1,7,D15,48.917198,3.394572
202300000184,28,3,2023,2025-12-05 20:03:00,1,6,6088,2,9,1,3,Vauban (R. Marechal),43.71157,7.28657
202300000185,28,3,2023,2025-12-05 16:38:00,1,6,6027,2,1,1,7,Avenue Auguste Renoir,43.665172,7.153651
202300000186,30,11,2023,2025-12-05 17:44:00,5,13,13085,1,1,1,3,A50-Sens Toulon Vers Aubagne,43.26649929,5.58640523
202300000187,27,3,2023,2025-12-05 09:15:00,1,974,97411,1,1,1,2,Montagne (Route De La),-20.88864,55.4369
202300000188,29,11,2023,2025-12-05 12:25:00,1,13,13070,1,1,1,2,A50-Sens Aubagne Vers Marseille,43.28499911,5.51803038
202300000189,27,3,2023,2025-12-05 16:08:00,1,973,97302,2,1,1,3,Bernard (Du Capitaine),4.93691,-52.33059
202300000190,27,3,2023,2025-12-05 12:00:00,1,973,97302,2,2,1,3,Schoelcher (Rue),4.9419222,-52.33251733
202300000191,29,11,2023,2025-12-05 09:05:00,1,13,13117,1,1,1,2,A7-Sens Lyon Vers Marseille,43.43921695,5.25051623
202300000192,26,3,2023,2025-12-05 04:00:00,3,973,97302,2,6,2,7,Felix Eboue(Rocade),4.92468782,-52.32331681
202300000193,30,11,2023,2025-12-05 07:20:00,4,33,33249,1,1,1,7,Route Nationale 230,44.88069,-0.51049
202300000194,25,3,2023,2025-12-05 12:49:00,1,973,97302,2,1,1,3,Flamboyants (Rue Des),4.92460311,-52.31780273
202300000195,30,11,2023,2025-12-05 06:00:00,3,33,33080,1,1,3,6,Autoroute A 62,44.73252547,-0.53105056
202300000196,27,3,2023,2025-12-05 21:15:00,5,69,69388,2,2,1,3,Rue Professeur Beauvisage,45.72944,4.86738
202300000197,27,3,2023,2025-12-05 21:00:00,3,69,69386,2,2,1,3,57 Rue Garibaldi,45.7693,4.85041
202300000198,30,11,2023,2025-12-05 09:45:00,1,91,91228,1,1,1,4,Autoroute A6,48.62536,2.41718
202300000199,27,3,2023,2025-12-05 17:00:00,1,69,69386,2,2,1,6,Rue Duquesne,45.77265,4.84408
202300000200,26,3,2023,2025-12-05 20:00:00,5,972,97209,2,1,1,6,Chateauboeuf (Route De),14.6173745,-61.04709327
202300000201,30,11,2023,2025-12-05 17:45:00,3,95,95394,1,1,1,5,D928,49.0524226,2.19653606
202300000202,28,3,2023,2025-12-05 00:15:00,5,69,69385,2,1,1,6,2 Montee Du Chemin Neuf,45.76199,4.82606
202300000203,8,8,2023,2025-12-05 13:00:00,1,93,93048,2,3,1,3,President Wilson (Avenue Du),48.85742,2.44007
202300000204,30,11,2023,2025-12-05 06:35:00,3,95,95018,1,1,1,3,A15,48.95779393,2.27531787
202300000205,27,3,2023,2025-12-05 15:54:00,1,2B,2B304,2,1,1,3,Village (Route Du) D364,42.3921,9.2601
202300000206,22,11,2023,2025-12-05 12:15:00,1,93,93010,2,1,1,3,Avenue Henri Varagnat,48.914083,2.483032
202300000207,30,11,2023,2025-12-05 01:30:00,3,95,95572,1,9,1,6,A15,49.03175492,2.1166257
202300000208,29,11,2023,2025-12-05 19:20:00,1,95,95018,1,1,1,6,A15,48.961334,2.269049
202300000209,25,11,2023,2025-12-05 13:45:00,1,93,93010,2,2,7,6,Avenue Henri Varagnat / Rue Andrei Sakharov,48.917595,2.485145
202300000210,27,3,2023,2025-12-05 17:45:00,1,81,81257,2,3,1,3,Andrieu ( Rue Emile ),43.94586,2.20024
202300000211,25,11,2023,2025-12-05 14:00:00,1,93,93057,2,1,1,6,Avenue Aristide Briand,48.90913,2.502029
202300000212,25,3,2023,2025-12-05 02:20:00,3,77,77305,2,1,1,6,D403,48.38871,2.96866
202300000213,29,11,2023,2025-12-05 14:00:00,1,95,95218,1,1,1,4,A15,49.03508733,2.09852278
202300000214,25,3,2023,2025-12-05 13:45:00,1,76,76351,2,1,1,3,Paul Verlaine (Avenue),49.5091,0.1569
202300000215,27,11,2023,2025-12-05 08:55:00,1,93,93059,2,9,2,3,Avenue Laennec,48.962209,2.37179
202300000216,2,12,2023,2025-12-05 11:40:00,1,93,93072,2,1,1,6,Rue Pierre De Geyter,48.95586913,2.38074408
202300000217,27,3,2023,2025-12-05 03:00:00,5,67,67482,2,3,1,3,Alfred Kastler (Rue),48.5716,7.77026
202300000218,29,11,2023,2025-12-05 07:00:00,3,93,93064,1,1,1,4,Autoroute A86,48.87686,2.4789
202300000219,2,12,2023,2025-12-05 16:00:00,1,93,93059,2,3,1,3,Rue Camelinat / Avenue Lenine,48.9588,2.3586
202300000220,24,3,2023,2025-12-05 12:30:00,1,67,67482,2,8,2,3,Neuhof (Route),48.547322,7.765804
202300000221,31,8,2023,2025-12-05 12:45:00,1,14,14724,1,1,1,2,Route De Cabourg,49.268801,-0.157992
202300000222,4,12,2023,2025-12-05 06:45:00,4,93,93072,2,5,3,3,Boulevard Maxime Gorki / Avenue De Stalingrad,48.949808,2.385921
202300000223,24,3,2023,2025-12-05 10:50:00,1,67,67482,2,1,2,2,Edmond Rostand (Rue),48.59168,7.69267
202300000224,28,11,2023,2025-12-05 12:25:00,1,973,97302,2,3,1,3,Baduel (Route De),4.92996828,-52.30413044
202300000225,24,3,2023,2025-12-05 05:20:00,5,67,67482,2,3,2,3,Wasselonne (Rue De),48.57921,7.73336
202300000226,8,12,2023,2025-12-05 14:30:00,1,93,93057,2,1,1,5,Avenue Aristide Briand,48.910918,2.515002
202300000227,29,11,2023,2025-12-05 19:30:00,5,69,69383,2,1,1,6,Avenue Marechal De Saxe,45.76357,4.84496
202300000228,11,12,2023,2025-12-05 08:05:00,1,93,93057,2,9,8,6,Avenue Aristide Briand,48.910341,2.511096