num_acc,jour,mois,an,hrmn,lum,dep,com,agg,int,atm,col,adr,lat,long
202300000229,25,3,2023,2025-12-05 21:13:00,5,66,66136,2,3,1,3,Adresse_Inconnue,42.72231,2.8865
202300000230,29,11,2023,2025-12-05 07:52:00,1,69,69387,2,2,1,6,Avenue Debourg,45.73163,4.82482
202300000231,25,3,2023,2025-12-05 10:39:00,1,66,66136,2,1,1,3,Adresse_Inconnue,42.6853,2.90196
202300000232,18,12,2023,2025-12-05 17:50:00,3,50,50551,1,2,1,3,Route De La Haye Du Puits,49.365334,-1.53211
202300000233,29,11,2023,2025-12-05 09:20:00,1,972,97213,2,1,1,2,Route Nationale 1,14.62349,-60.98867
202300000234,24,3,2023,2025-12-05 13:00:00,1,66,66136,2,1,1,2,Aerodrome Avenue De L'(Cd117),42.72565,2.88092
202300000235,21,12,2023,2025-12-05 21:28:00,5,93,93059,2,5,1,6,Boulevard Jean Mermoz / Route De Calais,48.97349223,2.36594216
202300000236,27,3,2023,2025-12-05 22:00:00,5,64,64024,2,1,1,6,Bahinos (Route De),43.48923,-1.51674
202300000237,29,11,2023,2025-12-05 07:00:00,1,972,97213,2,1,1,3,Morne Pitault (Route De),14.62437,-60.97587
202300000238,25,12,2023,2025-12-05 21:30:00,5,93,93057,2,3,1,3,Avenue Aristide Briand / Allee Pierre Et Marie Curie,48.908172,2.496516
202300000239,29,11,2023,2025-12-05 08:04:00,1,972,97209,2,1,1,6,Marne (Boulevard De La),14.60487776,-61.08599763
202300000240,24,3,2023,2025-12-05 13:27:00,1,63,63113,2,4,1,3,Desaix / Tour D Auvergne,45.77693,3.08366
202300000241,26,12,2023,2025-12-05 10:20:00,1,93,93010,2,1,1,3,Avenue Gallieni,48.907114,2.4893
202300000242,27,3,2023,2025-12-05 19:55:00,1,59,59279,2,2,1,6,Desmettre (Rue Gustave),50.77977,3.12933
202300000243,27,11,2023,2025-12-05 13:55:00,1,2B,2B353,2,1,1,3,Cap - Route Du Cap,42.71681,9.45531
202300000244,27,12,2023,2025-12-05 18:15:00,5,93,93010,2,3,1,6,Avenue Leon Jouhaux / Rue Des Escholiers,48.91781,2.48103
202300000245,26,3,2023,2025-12-05 17:00:00,1,59,59410,2,2,2,3,Acacias Avenue Des,50.64198,3.100349
202300000246,29,11,2023,2025-12-05 19:05:00,2,91,91027,2,1,1,2,Rue De La Montagne De Mons,48.71355,2.40028
202300000247,27,12,2023,2025-12-05 20:30:00,4,93,93010,2,1,2,6,Avenue Gallieni,48.905577,2.479165
202300000248,28,12,2023,2025-12-05 15:55:00,1,93,93057,2,1,1,7,Avenue Victor Hugo,48.909591,2.51454
202300000249,25,3,2023,2025-12-05 22:22:00,5,56,56121,2,6,2,1,Scorff ( Bd Du ),47.76125,-3.36596
202300000250,29,11,2023,2025-12-05 08:10:00,2,87,87085,2,1,1,2,Giffard (Rue Henri),45.8761,1.26458
202300000251,29,12,2023,2025-12-05 14:45:00,1,93,93010,2,1,1,6,Avenue Leon Blum,48.913535,2.478551
202300000252,27,3,2023,2025-12-05 06:40:00,2,54,54025,2,1,1,6,Avenue Sainte Marguerite,48.668212,6.233176
202300000253,13,2,2023,2025-12-05 19:05:00,5,93,93059,2,9,1,6,Avenue Lenine,48.95831621,2.35855259
202300000254,29,11,2023,2025-12-05 16:25:00,1,86,86027,2,2,1,3,Rue De L'Aerodrome,46.578765,0.314907
202300000255,27,3,2023,2025-12-05 17:20:00,1,51,51454,2,3,1,3,Boulevard Jamin,49.263069,4.044957
202300000256,29,11,2023,2025-12-05 19:25:00,5,84,84087,2,1,2,6,Tourre (Rue De),44.13545,4.8067
202300000257,20,2,2023,2025-12-05 13:39:00,1,93,93048,2,1,1,3,Resistance (Avenue De La),48.8594,2.43717
202300000258,27,3,2023,2025-12-05 16:19:00,1,51,51172,2,6,1,3,Place De L'Humanisme,49.21969,4.04128
202300000259,27,3,2023,2025-12-05 12:05:00,1,49,49099,2,1,1,6,Malleray (Rue Du Lt Colonel De),47.05677,-0.86546
202300000260,28,11,2023,2025-12-05 08:20:00,1,84,84007,2,9,8,3,C.De Gaulle (Rocade),43.94126,4.8323
202300000261,26,3,2023,2025-12-05 03:30:00,3,49,49007,2,1,2,2,Rabelais,47.463,-0.54774
202300000262,28,11,2023,2025-12-05 09:35:00,1,82,82121,2,6,2,6,Av Du 11E Regiment D'Infanterie,44.02548492,1.35675707
202300000263,27,3,2023,2025-12-05 09:20:00,1,42,42207,2,1,1,6,Boulevard Francois Delay,45.474667,4.507859
202300000264,21,3,2023,2025-12-05 17:30:00,1,42,42218,2,1,1,6,Rue Charles De Gaulle,45.44269,4.386167
202300000265,27,3,2023,2025-12-05 09:20:00,1,37,37195,2,1,1,6,Hautes Marches (Rue Des),47.38389,0.6506
202300000266,29,11,2023,2025-12-05 15:00:00,1,77,77059,2,1,1,2,D217B,48.85035,2.664717
202300000267,29,11,2023,2025-12-05 13:15:00,1,76,76575,2,1,8,-1,Rue Paul Eluard,49.39615,1.09471
202300000268,26,3,2023,2025-12-05 19:15:00,1,33,33249,2,3,2,3,Cote De La Garonne,44.88685,-0.51951
202300000269,28,11,2023,2025-12-05 13:00:00,1,76,76351,2,2,1,6,Rene Coty,49.49754,0.11561
202300000270,11,12,2023,2025-12-05 08:30:00,1,93,93053,2,3,8,3,Vaillant Couturier (Rue),48.89148,2.44784
202300000271,28,11,2023,2025-12-05 23:35:00,5,76,76351,2,1,2,6,Rue Commandant Abadie,49.50123,0.17188
202300000272,27,3,2023,2025-12-05 18:55:00,1,28,28134,2,7,1,6,Eparges (Rue Des),48.73165548,1.36993289
202300000273,23,4,2023,2025-12-05 20:25:00,1,93,93053,2,1,8,6,Paris (Rue De),48.902083,2.461329
202300000274,26,11,2023,2025-12-05 17:35:00,5,76,76114,2,3,1,6,Verlaine Paul (Rue),49.56555,0.47835
202300000275,27,3,2023,2025-12-05 16:10:00,1,28,28134,2,1,1,2,Jean Hieaux,48.73198,1.36179
202300000276,25,3,2023,2025-12-05 18:40:00,1,21,21617,2,1,1,6,Retisseys (Des) (Rue),47.33769321,4.99247909
202300000277,28,11,2023,2025-12-05 16:25:00,1,72,72181,2,9,1,6,Jaures Jean (Av) Ndeg Pairs 60 Et >,47.99056,0.20618
202300000278,29,11,2023,2025-12-05 20:00:00,5,69,69266,2,7,1,6,Rue Greuze,45.7677,4.8936
202300000279,21,12,2023,2025-12-05 19:20:00,4,67,67482,2,3,2,3,Herrenschmidt (Avenue),48.59879,7.75289
202300000280,18,3,2023,2025-12-05 19:45:00,3,13,13026,1,3,1,1,Cd 9,43.38692,5.19282
202300000281,29,11,2023,2025-12-05 14:45:00,1,69,69092,2,9,1,3,Rond Point Des Petites Soeurs,45.9948,4.70722
202300000282,20,1,2023,2025-12-05 02:20:00,5,13,13204,2,1,1,1,Adresse_Inconnue,43.3152204,5.39222746
202300000283,21,6,2023,2025-12-05 17:55:00,1,63,63113,2,2,2,3,Rue Kessler,45.7690925,3.0873007
202300000284,27,3,2023,2025-12-05 13:35:00,1,9,9225,2,9,2,6,Foix Avenue De,43.10779,1.61857
202300000285,29,11,2023,2025-12-05 13:50:00,1,69,69115,2,1,1,2,Rue Pierre Ponot,45.975,4.70644
202300000286,16,5,2023,2025-12-05 09:30:00,1,63,63113,2,1,1,3,Rue Auger,45.7818,3.1054
202300000287,27,3,2023,2025-12-05 17:55:00,1,8,8180,2,3,1,5,28 Avenue Des Erables,49.72500538,4.72679606
202300000288,29,11,2023,2025-12-05 13:00:00,1,69,69290,2,1,1,4,Rue De L'Aviation,45.72197,4.9344
202300000289,15,6,2023,2025-12-05 11:18:00,1,63,63113,2,2,1,6,27 Rue Bonnabaud,45.7747868,3.0796279
202300000290,24,3,2023,2025-12-05 19:55:00,5,2,2738,2,2,1,6,Adresse_Inconnue,49.65827,3.28853
202300000291,29,11,2023,2025-12-05 06:50:00,5,69,69290,2,4,1,1,Montee Du Lyonnais,45.7034,4.89543
202300000292,16,6,2023,2025-12-05 10:28:00,1,63,63113,2,6,1,3,Giratoire Bourdon/Chartoire,45.798,3.1474
202300000293,26,3,2023,2025-12-05 15:05:00,1,75,75116,2,1,1,4,Porte De Passy,48.856624,2.257509
202300000294,29,11,2023,2025-12-05 10:48:00,1,64,64122,2,4,1,3,"""Kennedy (Avenue Du President J,F)""",43.46101,-1.54889
202300000295,13,6,2023,2025-12-05 10:01:00,1,63,63113,2,1,1,2,Rue De L'Oradou,45.771225,3.10149
202300000296,29,11,2023,2025-12-05 18:10:00,5,63,63113,2,1,1,7,Saint Jacques (Viaduc),45.7686,3.08975
202300000297,8,6,2023,2025-12-05 13:23:00,1,63,63113,2,2,1,6,78 Rue Du Ressort,45.7893141,3.1166538
202300000298,29,11,2023,2025-12-05 10:50:00,1,63,63113,2,1,1,4,Blanzat (Rue De),45.79123758,3.08403611
202300000299,29,11,2023,2025-12-05 19:15:00,3,62,62907,1,9,1,1,D917,50.48488229,2.98334107
202300000300,7,6,2023,2025-12-05 17:06:00,1,63,63113,2,2,1,4,Rue Henri Dunant,45.7616,3.0894
202300000301,29,11,2023,2025-12-05 18:05:00,4,61,61001,2,1,1,6,D112,48.43209,0.07185
202300000302,30,5,2023,2025-12-05 21:52:00,5,63,63113,2,1,1,6,282 Rue De L'Oradou,45.76448,3.12483
202300000303,28,11,2023,2025-12-05 16:00:00,1,56,56121,2,2,1,6,Guillemot (Rue  Armand ),47.74317,-3.38876
202300000304,30,5,2023,2025-12-05 17:44:00,1,63,63032,2,1,1,3,Avenue De L'Europe,45.7532,3.0898
202300000305,29,11,2023,2025-12-05 19:25:00,5,50,50147,2,1,8,3,Division Leclerc,49.0648345,-1.432596
202300000306,30,5,2023,2025-12-05 18:59:00,1,63,63113,2,1,1,3,30 Rue Jean Monnet,45.793093,3.068873
202300000307,28,11,2023,2025-12-05 11:20:00,1,50,50129,2,3,1,3,Salengro (Rue Roger),49.62409,-1.64592
202300000308,27,5,2023,2025-12-05 06:55:00,1,63,63113,2,2,1,3,Gravanches / Brugiere,45.7897,3.118
202300000309,21,11,2023,2025-12-05 13:05:00,1,49,49099,2,2,1,3,Lac (Avenue Du),47.04683,-0.84719
202300000310,28,11,2023,2025-12-05 14:55:00,1,49,49007,2,1,1,6,Montaigne Avenue,47.46953,-0.53332
202300000311,25,5,2023,2025-12-05 14:04:00,1,63,63075,2,1,1,5,7 Avenue Pasteur,45.775403,3.068945
202300000312,28,11,2023,2025-12-05 12:10:00,1,49,49007,2,1,1,6,Jaures,47.45557,-0.52434
202300000313,27,5,2023,2025-12-05 16:13:00,1,63,63113,2,9,1,3,35 Rue Du Pre La Reine/Parking,45.7843,3.1151
202300000314,29,11,2023,2025-12-05 13:30:00,1,47,47001,2,9,1,3,Peres (Rue Jean-Baptiste),44.20622,0.63535
202300000315,23,5,2023,2025-12-05 13:03:00,1,63,63113,2,2,1,3,Rue De Marmillat / Rue De La Cerisiere,45.79412,3.11246
202300000316,29,11,2023,2025-12-05 05:15:00,5,45,45147,2,2,1,1,2 Rue Andre Dessaux,47.92093,1.90233
202300000317,21,5,2023,2025-12-05 16:00:00,1,63,63113,2,1,1,6,Rue Youri Gagarine,45.79240705,3.14922988
202300000318,28,11,2023,2025-12-05 14:04:00,1,44,44184,2,1,1,3,Boulevard De L'Atlantique,47.28737,-2.21006
202300000319,17,5,2023,2025-12-05 09:58:00,1,63,63063,2,2,1,3,Rue De Chancrole / Rue De Narvik,45.81631,3.102681
202300000320,28,11,2023,2025-12-05 07:55:00,2,44,44109,2,1,1,2,211 Route De Sainte Luce,47.23978796,-1.51308709
202300000321,29,11,2023,2025-12-05 08:00:00,2,37,37261,2,1,8,3,Dassault (Avenue Marcel),47.36385,0.68794
202300000322,8,5,2023,2025-12-05 12:54:00,1,63,63014,2,1,1,4,28 Avenue Du Roussillon-M2009,45.7508,3.1328
202300000323,16,5,2023,2025-12-05 21:16:00,2,63,63014,2,1,1,7,Adresse_Inconnue,45.7612,3.1092
202300000324,29,11,2023,2025-12-05 19:30:00,5,33,33318,2,3,2,3,Avenue Antoine Becquerel,44.78654743,-0.64460725
202300000325,29,11,2023,2025-12-05 18:00:00,5,33,33069,2,1,3,6,Avenue Victor Hugo,44.86652629,-0.59033677
202300000326,16,5,2023,2025-12-05 09:36:00,1,63,63113,2,4,3,3,Cartoucherie / Herbet,45.77867,3.11669
202300000327,29,11,2023,2025-12-05 11:25:00,1,33,33522,2,1,1,6,Route De Toulouse,44.8068,-0.5732
202300000328,3,5,2023,2025-12-05 11:35:00,1,63,63075,2,2,1,6,Bd Pasteur/ Aristide Briand,45.7734,3.0746
202300000329,29,11,2023,2025-12-05 09:15:00,1,33,33069,2,6,1,3,Rue Georges Lafont,44.86833,-0.59831
202300000330,12,5,2023,2025-12-05 14:50:00,1,63,63113,2,1,3,1,Rue De La Charme,45.81162936,3.13219249
202300000331,29,11,2023,2025-12-05 21:00:00,5,30,30007,2,1,2,6,Monge (Avenue),44.14536,4.10157
202300000332,29,11,2023,2025-12-05 08:10:00,5,29,29232,2,1,1,6,Avenue Leon Blum,47.986579,-4.081436
202300000333,5,5,2023,2025-12-05 17:35:00,1,63,63113,2,3,1,3,Avenue Carnot,45.7762,3.0934
202300000334,1,5,2023,2025-12-05 16:06:00,1,63,63113,2,1,1,1,Rue De La Charme Troncon Ndeg1,45.81159835,3.13226632
202300000335,29,11,2023,2025-12-05 07:35:00,2,27,27375,2,1,8,6,Salengro (Rue Roger),49.21712,1.16399
202300000336,18,12,2023,2025-12-05 07:45:00,2,67,67152,1,1,5,2,_,48.52919,7.69379
202300000337,26,12,2023,2025-12-05 08:20:00,5,91,91377,2,3,1,3,Av Du President J F Kennedy,48.73953,2.30035
202300000338,29,11,2023,2025-12-05 10:21:00,1,15,15014,2,3,1,3,Gutenberg (Rue),44.916009,2.427595
202300000339,29,11,2023,2025-12-05 18:30:00,5,14,14101,2,3,1,1,2 Avenue De Woodbury,49.166244,-0.418648
202300000340,27,11,2023,2025-12-05 19:10:00,3,14,14137,1,3,3,6,Route De Caumont,49.18410292,-0.45852497
202300000341,19,12,2023,2025-12-05 15:15:00,1,73,73065,2,1,1,6,Reclus (Faubourg),45.56862,5.92155
202300000342,29,11,2023,2025-12-05 09:00:00,1,13,13215,2,5,7,3,Le Chatelier,43.34812,5.3625
202300000343,1,12,2023,2025-12-05 06:50:00,5,32,32160,2,1,2,6,Rue Saint Martin,43.612665,1.080799
202300000344,14,12,2023,2025-12-05 07:50:00,2,84,84087,2,1,1,1,Foch (Avenue Marechal),44.13247,4.81438
202300000345,10,6,2023,2025-12-05 18:00:00,1,21,21060,2,9,1,3,Grande Rue,47.35587586,5.26534807
202300000346,27,5,2023,2025-12-05 13:57:00,1,4,4209,1,1,1,5,Avenue Jean Jaures,44.189419,5.946299
202300000347,11,6,2023,2025-12-05 19:30:00,1,27,27185,1,1,1,7,D81,49.208759,0.981131
202300000348,11,6,2023,2025-12-05 10:10:00,1,27,27289,1,1,8,1,D438,48.930477,0.439747
202300000349,20,6,2023,2025-12-05 13:40:00,1,72,72181,2,1,1,3,Bollee (Av) Ndeg Imp 1 A 63,48.00214,0.20727
202300000350,10,6,2023,2025-12-05 17:35:00,1,37,37134,1,1,1,7,D50,47.18010813,0.77851501
202300000351,21,12,2023,2025-12-05 16:45:00,1,60,60057,2,9,2,6,Aquitaine (Rue D'),49.4351,2.09979
202300000352,11,6,2023,2025-12-05 13:50:00,1,30,30352,2,1,1,3,39 Avenue Des Cevennes,43.789822,4.090412
202300000353,29,12,2023,2025-12-05 22:25:00,5,30,30189,2,1,1,6,Bartholdi Frederic (Avenue),43.8346,4.4136
202300000354,9,6,2023,2025-12-05 16:30:00,1,88,88487,1,2,1,3,L?Hotel Enfonce,47.942562,6.471427
202300000355,11,12,2023,2025-12-05 07:45:00,2,58,58194,2,1,2,3,Lourdes,46.99225,3.14532
202300000356,11,6,2023,2025-12-05 03:00:00,3,973,97307,1,1,5,7,Rn2 Pk8,4.823599,-52.340305
202300000357,10,6,2023,2025-12-05 22:00:00,5,978,97801,2,1,1,2,R Quartier D'Orleans,18.065255,-63.038805
202300000358,24,11,2023,2025-12-05 19:30:00,5,58,58194,2,1,2,4,Jerome Tresaguet,46.99911,3.15026
202300000359,9,6,2023,2025-12-05 18:00:00,1,33,33205,1,1,1,2,A62 Pk 021.100 Sens Bordeaux-Toulouse,44.62455402,-0.39741755
202300000360,10,6,2023,2025-12-05 08:25:00,1,68,68278,2,2,1,3,Rue Jean Jaures,47.765039,7.392167
202300000361,23,1,2023,2025-12-05 21:15:00,5,93,93066,2,1,1,6,Rue Gabriel Peri,48.93172886,2.3561068
202300000362,11,6,2023,2025-12-05 00:30:00,5,33,33005,2,1,1,6,292 Boulevard De La Republique,44.747457,-1.105526
202300000363,21,6,2023,2025-12-05 20:45:00,1,59,59512,2,1,1,6,Italie (Rue D'),50.69566,3.15975
202300000364,10,6,2023,2025-12-05 09:50:00,1,988,98804,1,1,1,3,Rpn3,-21.542451,166.011615
202300000365,8,12,2023,2025-12-05 07:45:00,4,58,58194,2,1,3,1,Henri Bouquillard,46.99493,3.13339
202300000366,10,6,2023,2025-12-05 18:40:00,1,29,29233,2,6,1,3,119 Rue Du Couedic,47.87964487,-3.55418695
202300000367,21,6,2023,2025-12-05 07:45:00,1,58,58194,2,6,1,3,Galvachers (Rond Point),46.99462,3.18933
202300000368,10,6,2023,2025-12-05 17:30:00,1,77,77265,1,1,1,1,D402,48.966852,3.164018
202300000369,12,11,2023,2025-12-05 17:40:00,5,75,75112,2,1,3,6,95 Boulevard Poniatowski,48.834144,2.404051
202300000370,10,6,2023,2025-12-05 18:32:00,1,66,66037,2,3,1,1,Adresse_Inconnue,42.688925,3.034871
202300000371,6,10,2023,2025-12-05 15:05:00,1,93,93063,2,1,1,6,Avenue Gaston Roussel,48.89372743,2.4353696
202300000372,10,6,2023,2025-12-05 13:15:00,1,66,66182,2,1,7,6,Adresse_Inconnue,42.728745,3.024588
202300000373,10,6,2023,2025-12-05 16:32:00,1,68,68359,1,1,1,1,D431,47.849338,7.147746
202300000374,3,10,2023,2025-12-05 03:10:00,5,93,93063,2,1,1,1,Route De Montreuil,48.87613647,2.44855594
202300000375,11,6,2023,2025-12-05 18:05:00,1,55,55122,2,1,1,6,Rue De La Poterne,48.762261,5.592368
202300000376,2,10,2023,2025-12-05 13:20:00,1,93,93045,2,9,1,6,Rue De Paris / Avenue Waldeck Rousseau,48.88092,2.42009
202300000377,10,6,2023,2025-12-05 03:23:00,3,38,38565,1,9,1,6,Avenue Du 11 Novembre,45.263464,5.656529
202300000378,11,6,2023,2025-12-05 04:00:00,3,7,7279,1,1,1,6,D86,44.431557,4.642278
202300000379,26,9,2023,2025-12-05 12:40:00,1,93,93063,2,1,1,6,Avenue Paul Vaillant - Couturier,48.8850988,2.43465029
202300000380,11,6,2023,2025-12-05 02:50:00,3,69,69270,1,1,1,1,Route De Corbas,45.63706339,4.91756394
202300000381,19,9,2023,2025-12-05 17:44:00,2,93,93006,2,1,8,3,Mitterrand Francois Rue,48.87672,2.42325
202300000382,10,6,2023,2025-12-05 12:25:00,1,31,31291,2,2,1,5,Avenue De Clairefontaine,43.594224,1.235458
202300000383,19,9,2023,2025-12-05 12:30:00,1,93,93006,2,9,1,6,Rue Marie-Anne Colombier,48.87093,2.41727
202300000384,11,6,2023,2025-12-05 07:30:00,1,33,33240,2,1,1,6,12 Avenue Pierre Mendes France,45.31291536,-0.9412998
202300000385,8,9,2023,2025-12-05 22:40:00,5,93,93006,2,2,1,2,Rue Adelaide Lahaye / Rue Paul Vaillant-Couturier,48.86758954,2.41697341
202300000386,11,6,2023,2025-12-05 17:45:00,1,33,33100,1,2,1,1,Lieu Dit La Pistolette,45.140876,-0.597411
202300000387,11,6,2023,2025-12-05 06:20:00,2,56,56246,1,1,1,6,Kerabus,48.0525,-2.982295
202300000388,2,9,2023,2025-12-05 11:30:00,1,93,93006,2,9,1,3,Avenue De Stalingrad / Rue Des Rigondes,48.87113937,2.43077821
202300000389,11,6,2023,2025-12-05 00:21:00,3,22,22136,1,1,1,6,D69,48.159219,-2.812146
202300000390,27,8,2023,2025-12-05 09:55:00,1,93,93006,2,4,1,3,Republique Avenue De La,48.86335,2.41434
202300000391,12,12,2023,2025-12-05 19:45:00,5,59,59512,2,8,1,6,Boulevard D'Armentieres,50.702245,3.164571
202300000392,10,6,2023,2025-12-05 19:15:00,1,59,59087,1,2,7,5,D943B,50.66744382,2.45745465
202300000393,10,6,2023,2025-12-05 22:30:00,2,59,59452,2,1,1,1,D54A,50.459031,3.023177
202300000394,22,11,2023,2025-12-05 08:00:00,1,44,44020,2,8,1,6,61 Rue Jean Mermoz,47.181883,-1.576117
202300000395,9,6,2023,2025-12-05 07:34:00,1,13,13005,1,1,1,3,A50-Sens Marseille Vers Aubagne,43.288972,5.559532
202300000396,29,7,2023,2025-12-05 05:00:00,3,82,82028,1,8,1,1,402 Chemin De Villelongue,43.850862,1.286979
202300000397,6,6,2023,2025-12-05 14:00:00,1,67,67218,1,1,1,2,M35,48.53066,7.6946
202300000398,2,12,2023,2025-12-05 06:45:00,3,38,38454,1,8,1,6,Rue Des Lavandes,45.1559,5.33619
202300000399,10,6,2023,2025-12-05 15:55:00,1,91,91086,1,1,1,4,Rn 104,48.62347,2.39039
202300000400,21,7,2023,2025-12-05 20:30:00,3,64,64102,2,8,1,6,14 Rue Docteur Andre Voulgre,43.473552,-1.483459
202300000401,9,6,2023,2025-12-05 20:00:00,1,91,91377,2,9,1,3,Rn20,48.7192,2.29881
202300000402,13,7,2023,2025-12-05 20:30:00,2,78,78372,2,8,1,6,19 Rue De L'Etang,48.871824,2.083314
202300000403,9,6,2023,2025-12-05 19:50:00,1,94,94016,1,1,1,2,A6A,48.79246904,2.34446138
202300000404,25,4,2023,2025-12-05 23:30:00,3,10,10426,1,8,1,6,Forges Saint-Bernard,48.162282,4.7882
202300000405,10,6,2023,2025-12-05 17:30:00,1,78,78640,1,1,1,2,A86 Int,48.777711,2.218096
202300000406,17,4,2023,2025-12-05 17:00:00,1,49,49307,1,1,1,6,Rue Du Port La Vallee,47.412473,-0.31901
202300000407,9,6,2023,2025-12-05 19:45:00,1,78,78140,1,1,1,6,A13,48.964974,1.924912
202300000408,9,6,2023,2025-12-05 19:15:00,1,92,92036,1,1,1,3,A86,48.93540166,2.26544968
202300000409,10,6,2023,2025-12-05 16:00:00,1,93,93078,1,1,1,2,Autoroute A104,48.96216227,2.54624123
202300000410,16,4,2023,2025-12-05 13:40:00,1,91,91027,2,1,2,2,Av De Morangis,48.70579,2.366829
202300000411,10,6,2023,2025-12-05 06:30:00,1,93,93008,1,1,1,6,Autoroute A86,48.90640692,2.45788515
202300000412,9,6,2023,2025-12-05 17:55:00,1,92,92036,1,1,1,2,Rn 315,48.93472322,2.30194713
202300000413,29,9,2023,2025-12-05 21:10:00,5,13,13213,1,1,1,2,A507 Sens Aubagne- Marseille,43.32991768,5.40887117
202300000414,9,6,2023,2025-12-05 16:00:00,1,95,95241,1,1,1,4,N104,49.05119,2.42953
202300000415,21,3,2023,2025-12-05 08:00:00,1,52,52448,2,1,1,6,1 Rue Andre Theuriet,48.640618,4.95495
202300000416,9,6,2023,2025-12-05 19:15:00,1,94,94042,1,1,1,2,A4,48.82854107,2.47576095
202300000417,1,3,2023,2025-12-05 12:50:00,1,1,1299,1,8,1,3,Adresse_Inconnue,46.02382667,5.05243421
202300000418,9,6,2023,2025-12-05 09:45:00,1,94,94052,1,1,1,4,A86,48.83826565,2.49372861
202300000419,28,9,2023,2025-12-05 14:30:00,1,93,93061,2,1,1,3,Peri Gabriel Rue,48.886602,2.407326
202300000420,9,6,2023,2025-12-05 07:55:00,1,76,76351,2,3,1,6,Fernand Chatel,49.5196,0.11003
202300000421,9,6,2023,2025-12-05 09:20:00,1,31,31555,2,2,2,3,Av De Tabar,43.57425,1.4035
202300000422,9,6,2023,2025-12-05 12:50:00,1,27,27681,2,6,1,6,Mendes France (Avenue Pierre),49.0904912,1.4845961
202300000423,18,9,2023,2025-12-05 18:45:00,1,93,93006,2,3,1,3,Chateau Rue Du,48.862956,2.415185
202300000424,9,6,2023,2025-12-05 16:50:00,1,27,27229,2,1,1,6,Saint Germain (Rue),49.01698,1.12549
202300000425,2,9,2023,2025-12-05 21:25:00,5,93,93045,2,1,1,3,Bruyeres Rue Des,48.877304,2.413933
202300000426,9,6,2023,2025-12-05 12:15:00,1,75,75109,2,3,1,6,Rue Du Conservatoire,48.87211,2.346702
202300000427,25,11,2023,2025-12-05 12:45:00,1,41,41025,1,1,1,6,Route De Chambord,47.555681,1.537925
202300000428,7,6,2023,2025-12-05 18:15:00,1,92,92036,2,1,1,6,Chandon (Avenue) (2/60),48.92355,2.29651
202300000429,10,11,2023,2025-12-05 18:18:00,5,91,91434,2,7,8,6,Trois Martyrs (Place Des),48.66441,2.35314
202300000430,27,5,2023,2025-12-05 17:50:00,1,62,62193,2,1,1,3,Boulevard Curie,50.939445,1.863403
202300000431,22,11,2023,2025-12-05 18:30:00,5,59,59512,2,8,1,6,Boulevard Des Batisseurs,50.702245,3.164571
202300000432,7,6,2023,2025-12-05 03:20:00,3,974,97416,1,1,1,1,Rn1 (Route Nationale),-21.30416,55.42741
202300000433,27,7,2023,2025-12-05 11:00:00,1,30,30276,1,1,1,7,D979,43.613466,4.192484
202300000434,9,6,2023,2025-12-05 07:50:00,1,974,97416,1,1,1,4,Rn03,-21.31394,55.49387
202300000435,9,6,2023,2025-12-05 07:00:00,1,974,97416,1,1,1,3,Entre Deux (Chemin) Cd26,-21.29586,55.44425
202300000436,21,12,2023,2025-12-05 17:30:00,5,71,71270,2,1,2,6,11 Avenue Edouard Herriot,46.30126441,4.83039012
202300000437,12,10,2023,2025-12-05 14:50:00,1,84,84075,1,1,1,7,Adresse_Inconnue,44.01313831,5.24676098
202300000438,9,6,2023,2025-12-05 08:50:00,1,974,97407,2,6,1,2,Mascareignes(Boulevard),-20.94062,55.30813
202300000439,9,6,2023,2025-12-05 16:20:00,1,973,97302,2,1,1,5,Madeleine (Route De La),4.9171,-52.32148
202300000440,10,10,2023,2025-12-05 19:00:00,1,47,47297,1,1,1,7,Adresse_Inconnue,44.30711,0.642397
202300000441,9,6,2023,2025-12-05 09:35:00,1,972,97213,1,1,1,2,Autoroute A1,14.61329,-61.00925
202300000442,16,8,2023,2025-12-05 18:40:00,1,71,71153,2,1,1,6,99 Rue Marechal Foch,46.804456,4.440913
202300000443,9,6,2023,2025-12-05 06:30:00,1,69,69389,2,1,1,2,307 Montee De Balmont,45.78571,4.80088
202300000444,17,10,2023,2025-12-05 08:08:00,1,95,95394,2,1,1,6,39 Camille Plaquet (Rue),49.061132,2.182293
202300000445,9,6,2023,2025-12-05 15:30:00,1,2B,2B037,1,1,1,4,Toutes Rues,42.608179,9.437958
202300000446,8,12,2023,2025-12-05 19:30:00,3,976,97613,1,1,1,1,Rue D?Andimaka,-12.756259,45.089575
202300000447,9,6,2023,2025-12-05 13:30:00,1,971,97101,2,9,1,6,Centre Commercial Le Patio,16.25176,-61.54082
202300000448,9,6,2023,2025-12-05 12:45:00,1,2A,2A004,2,6,8,3,T21,41.9296,8.76117
202300000449,10,12,2023,2025-12-05 00:00:00,3,91,91079,1,1,8,1,Route Departementale 721,48.371161,2.163749
202300000450,9,6,2023,2025-12-05 09:30:00,1,95,95277,1,1,1,2,D317,48.99152208,2.47641921
202300000451,9,6,2023,2025-12-05 16:53:00,1,95,95252,2,1,1,6,D14,48.98873183,2.20723271
202300000452,9,6,2023,2025-12-05 15:30:00,1,95,95306,2,7,7,6,Etaux Place Des),48.99084,2.16775
202300000453,4,12,2023,2025-12-05 19:03:00,3,82,82051,1,1,2,5,Rd 2 Pk 11+750,44.213687,1.141881