num_acc,jour,mois,an,hrmn,lum,dep,com,agg,int,atm,col,adr,lat,long
202300000454,9,6,2023,2025-12-05 13:40:00,1,91,91021,2,1,1,6,Av De Verdun,48.584171,2.244164
202300000455,9,6,2023,2025-12-05 15:40:00,1,91,91479,2,1,1,7,Av De Verdun,48.70576,2.36306
202300000456,24,11,2023,2025-12-05 14:40:00,1,82,82178,1,1,8,6,1174 Route De Beaumont,43.84332,1.158304
202300000457,9,6,2023,2025-12-05 08:10:00,1,91,91589,2,2,1,3,Bd Aristide Briand,48.68085,2.34269
202300000458,8,12,2023,2025-12-05 04:35:00,4,91,91095,2,2,9,3,Rue De La Croix De Fer,48.518445,2.288209
202300000459,9,6,2023,2025-12-05 07:43:00,1,87,87085,2,1,1,6,Autier (Rue De L'),45.87425,1.29475
202300000460,9,6,2023,2025-12-05 12:47:00,1,87,87085,2,1,1,7,Le Bail (Rue Jean),45.83893,1.22641
202300000461,9,6,2023,2025-12-05 12:26:00,1,87,87085,2,1,1,7,Charlet (Rue Gaston),45.81619,1.2223
202300000462,22,12,2023,2025-12-05 04:00:00,3,84,84008,1,1,1,7,D 938,44.153021,5.12332
202300000463,8,6,2023,2025-12-05 19:00:00,1,87,87113,2,1,1,6,Lattre De Tassigny (Ave De),45.86966,1.31559
202300000464,9,6,2023,2025-12-05 08:40:00,1,86,86194,2,2,1,3,Avenue De Nantes,46.585625,0.333167
202300000465,8,6,2023,2025-12-05 10:15:00,1,86,86214,2,6,1,3,Route De Nouaille,46.560415,0.368224
202300000466,1,6,2023,2025-12-05 17:05:00,1,80,80001,2,1,1,6,Vauban,50.10375,1.84056
202300000467,9,6,2023,2025-12-05 09:00:00,1,78,78350,1,1,1,2,Versailles (Route De),48.84351,2.10988
202300000468,9,6,2023,2025-12-05 09:50:00,1,77,77210,1,1,1,1,Rd 606,48.36124,2.89981
202300000469,9,6,2023,2025-12-05 12:10:00,1,76,76540,2,3,9,1,Avenue De Grammont,49.42704,1.09606
202300000470,9,6,2023,2025-12-05 06:35:00,1,76,76341,2,4,1,6,Rd 6015,49.51058,0.19927
202300000471,8,6,2023,2025-12-05 14:20:00,1,76,76447,2,1,1,6,Fontaine La Mallet (De),49.54366,0.15046
202300000472,9,6,2023,2025-12-05 12:21:00,1,74,74010,2,1,1,6,Gare (Rue De La)(Secteur 120),45.89938329,6.12183917
202300000473,8,6,2023,2025-12-05 09:45:00,1,72,72181,2,1,1,2,Cugnot Nicolas (Bd),47.98616,0.22529
202300000474,9,6,2023,2025-12-05 21:30:00,1,71,71499,2,1,1,6,Jean Zay (Rue),46.64029,4.28625
202300000475,9,6,2023,2025-12-05 20:55:00,1,71,71306,2,1,1,6,Rn 70 (Route Express),46.66567,4.33895
202300000476,9,6,2023,2025-12-05 22:50:00,5,69,69266,2,1,2,6,Cours Tolstoi,45.76215,4.88037
202300000477,9,6,2023,2025-12-05 13:40:00,1,69,69266,2,1,8,6,Rue Saint Jean,45.77633,4.9003
202300000478,9,6,2023,2025-12-05 11:20:00,1,69,69286,2,1,1,6,440 Boulevard Marcel Yves Andre,45.80617,4.89718
202300000479,6,6,2023,2025-12-05 10:45:00,1,66,66136,2,1,1,4,Adresse_Inconnue,42.67737,2.89074
202300000480,10,6,2023,2025-12-05 00:50:00,5,64,64102,2,6,1,6,Pontots (Giratoire Les),43.48812,-1.49102
202300000481,8,6,2023,2025-12-05 08:10:00,1,64,64102,2,1,1,6,Grand Basque (Chemin Du),43.50092,-1.44589
202300000482,9,6,2023,2025-12-05 11:15:00,1,62,62907,2,9,1,6,Rue Andre Pantigny,50.48088,3.01412
202300000483,9,6,2023,2025-12-05 18:15:00,1,59,59350,2,1,1,4,Republique Av De La (Ndeg512-832),50.65628,3.08816
202300000484,8,6,2023,2025-12-05 12:35:00,1,59,59178,2,1,1,1,Flandre (Rue Marguerite De),50.40124,3.12581
202300000485,8,6,2023,2025-12-05 20:10:00,1,56,56121,2,1,1,6,Guesde (Rue  Jules ),47.75477,-3.36154
202300000486,8,6,2023,2025-12-05 11:55:00,1,56,56121,2,1,1,6,Port (Rue  Du ),47.74781,-3.36216
202300000487,8,6,2023,2025-12-05 20:15:00,1,54,54495,2,1,1,1,Grand Rue,48.68919908,6.24955773
202300000488,8,6,2023,2025-12-05 13:35:00,1,54,54395,2,2,7,6,Poincare (Rue Raymond 1-29-2-30),48.69105003,6.17519081
202300000489,9,6,2023,2025-12-05 11:40:00,1,54,54575,1,1,1,2,D26B,49.472,5.83868
202300000490,9,6,2023,2025-12-05 19:20:00,1,51,51454,2,6,1,3,Droits De L'Homme (Place) Cote Impair,49.24137,4.04425
202300000491,9,6,2023,2025-12-05 13:40:00,1,51,51454,2,1,1,1,Paris (Avenue De) Ndeg27 A 89 Et Ndeg32 A 12,49.24802,4.00854
202300000492,8,6,2023,2025-12-05 08:46:00,1,51,51230,2,1,7,6,Champagne (Avenue De),49.04224,3.96453
202300000493,8,6,2023,2025-12-05 21:40:00,1,50,50129,1,1,1,4,Val Canu (Rue Du),49.64155,-1.5367
202300000494,25,10,2023,2025-12-05 17:20:00,1,69,69383,2,2,3,3,Avenue Lacassagne,45.75282,4.86957
202300000495,25,10,2023,2025-12-05 02:50:00,5,972,97213,1,1,1,5,Autoroute A1,14.61644286,-61.01540744
202300000496,25,10,2023,2025-12-05 18:35:00,5,972,97209,1,1,1,1,Redoute (Route De La),14.61738,-61.06168
202300000497,25,10,2023,2025-12-05 14:00:00,1,69,69389,2,1,1,6,332 Boulevard De Balmont,45.78919,4.79953
202300000498,10,10,2023,2025-12-05 18:15:00,1,69,69389,2,1,1,6,2 Grande Rue De Vaise,45.77497,4.80602
202300000499,26,10,2023,2025-12-05 15:05:00,1,971,97120,2,9,2,6,Raspail,16.23383207,-61.53271258
202300000500,25,10,2023,2025-12-05 16:30:00,1,971,97113,1,3,1,3,Bas Du Fort,16.2177,-61.51403
202300000501,25,10,2023,2025-12-05 23:08:00,5,91,91103,2,2,1,1,Rue Du Petit Paris,48.61253,2.27827
202300000502,25,9,2023,2025-12-05 12:01:00,1,988,98818,2,2,1,3,Rue Tourville/Rue De Sebastopol,-22.27724,166.44399
202300000503,30,9,2023,2025-12-05 20:30:00,5,91,91174,2,2,1,1,Bd John Kennedy,48.58308,2.47649
202300000504,25,9,2023,2025-12-05 17:00:00,1,69,69149,2,1,1,2,Rue Des Anciennes Tanneries,45.71439037,4.81840357
202300000505,25,10,2023,2025-12-05 13:03:00,1,87,87050,2,2,3,3,Eglise (Rue De L'),45.87695,1.24053
202300000506,25,9,2023,2025-12-05 19:01:00,1,2B,2B120,2,1,1,6,11 - Rt,42.64779,9.44026
202300000507,26,10,2023,2025-12-05 13:45:00,1,84,84035,2,9,1,6,Joffre (Avenue Du Marechal),43.834465,5.041005
202300000508,25,9,2023,2025-12-05 14:00:00,1,971,97113,2,1,1,3,Montauban (Secteur),16.21571166,-61.50317609
202300000509,24,10,2023,2025-12-05 12:03:00,1,80,80021,2,1,1,6,Saint Martin Aux Waides (Rue),49.89482,2.29912
202300000510,25,9,2023,2025-12-05 01:05:00,5,971,97101,2,1,1,6,Chauvel,16.23969,-61.51937
202300000511,18,10,2023,2025-12-05 15:27:00,1,80,80674,1,1,8,4,Rn 25,49.91594,2.34074
202300000512,24,9,2023,2025-12-05 09:45:00,1,971,97113,1,1,2,1,Section Tombeau,16.21971,-61.47981
202300000513,26,10,2023,2025-12-05 08:10:00,2,78,78220,1,1,1,3,D73,48.70833,1.89022
202300000514,24,9,2023,2025-12-05 06:15:00,1,971,97101,1,1,2,7,Patrick Saint Eloi ( Avenue ),16.25813,-61.51951
202300000515,26,10,2023,2025-12-05 19:05:00,3,78,78015,1,3,3,3,Schoelcher (Avenue Victor),48.97943,2.048
202300000516,25,9,2023,2025-12-05 16:30:00,1,2A,2A004,2,2,1,3,Cannes Cite Rue Des Cannes,41.93442,8.74183
202300000517,25,10,2023,2025-12-05 20:40:00,3,77,77495,2,1,1,2,D306,48.57241,2.62113
202300000518,26,10,2023,2025-12-05 10:30:00,1,76,76540,2,2,2,3,Place Saint Paul,49.43483,1.10583
202300000519,26,10,2023,2025-12-05 02:00:00,5,76,76351,2,6,1,7,Michel Fere (Quai),49.48925,0.11118
202300000520,24,9,2023,2025-12-05 19:15:00,1,91,91645,2,3,1,5,Boulie (Rue De La),48.7416,2.25426
202300000521,25,10,2023,2025-12-05 18:20:00,2,69,69115,2,1,2,6,Rue Du 11 Novembre 1918,45.97499,4.7103
202300000522,24,9,2023,2025-12-05 14:10:00,1,91,91201,2,1,1,6,Pl De La Republique,48.686,2.40964
202300000523,25,9,2023,2025-12-05 09:15:00,1,91,91326,2,1,1,6,Cour De France (Avenue De La),48.687731,2.371749
202300000524,26,10,2023,2025-12-05 08:35:00,1,67,67482,2,3,2,3,Saverne (Pont De),48.58457,7.7408
202300000525,24,9,2023,2025-12-05 09:50:00,1,91,91223,2,9,1,7,Bressault (Rue De),48.425363,2.144949
202300000526,25,10,2023,2025-12-05 22:55:00,5,67,67482,2,3,8,3,Alpes (Quai Des),48.57443,7.76711
202300000527,21,9,2023,2025-12-05 20:36:00,2,87,87085,2,1,2,2,Grodno  (Avenue De),45.82151,1.22369
202300000528,24,10,2023,2025-12-05 09:20:00,1,67,67482,2,3,2,3,Jacques Kable (Rue),48.59221,7.74401
202300000529,17,9,2023,2025-12-05 14:00:00,1,84,84087,1,6,1,3,Route De Courthezon,44.096,4.825
202300000530,25,9,2023,2025-12-05 20:30:00,5,81,81018,2,2,1,7,Carmaux (Route De),43.9592987,2.199504
202300000531,24,9,2023,2025-12-05 16:50:00,1,78,78650,2,2,1,3,Belgique (Boulevard De),48.905136,2.130817
202300000532,26,10,2023,2025-12-05 06:25:00,3,63,63300,1,3,8,3,Ennezat (Route D'),45.88872114,3.13733697
202300000533,22,10,2023,2025-12-05 19:25:00,2,62,62765,2,1,1,6,Rue De Calais,50.75284,2.25132
202300000534,25,9,2023,2025-12-05 05:55:00,5,78,78440,2,1,1,2,Paul Raoult (Avenue),48.988523,1.91296
202300000535,25,10,2023,2025-12-05 18:20:00,1,62,62400,2,2,1,6,D86,50.472013,2.577236
202300000536,24,9,2023,2025-12-05 12:45:00,1,77,77186,2,2,2,7,General Leclerc (Boulevard),48.41335,2.71301
202300000537,26,10,2023,2025-12-05 09:05:00,1,59,59378,2,1,3,3,Lisfranc-Croise Laroche Place,50.66497,3.10372
202300000538,25,9,2023,2025-12-05 10:25:00,1,77,77431,2,1,1,6,Rue De Larchant,48.266795,2.68501
202300000539,23,9,2023,2025-12-05 07:55:00,1,76,76341,2,9,1,6,Resistance (Avenue De La),49.50484,0.199883
202300000540,23,10,2023,2025-12-05 17:25:00,1,57,57441,1,1,2,6,Luxembourg (Route De),49.37814,6.16973
202300000541,25,10,2023,2025-12-05 11:17:00,1,56,56121,2,1,1,6,Lote (Rue  Rene ),47.76949,-3.4033
202300000542,26,9,2023,2025-12-05 00:05:00,5,73,73137,2,3,1,6,Cascade (Route De La),45.55567,5.91258
202300000543,25,10,2023,2025-12-05 07:05:00,5,56,56098,2,6,8,2,Trudaine (Rue  Daniel ),47.777009,-3.338972
202300000544,23,9,2023,2025-12-05 17:50:00,1,71,71105,2,1,1,6,Perthuis (Rue Du),46.31733,4.7859
202300000545,25,9,2023,2025-12-05 08:00:00,1,71,71076,2,1,1,1,Poterne (Quai De La),46.78139,4.85986
202300000546,25,10,2023,2025-12-05 23:40:00,5,54,54395,2,1,1,6,Rue Des Carmes,48.69047,6.1813
202300000547,25,9,2023,2025-12-05 08:30:00,1,69,69282,2,1,7,6,Rue Antoine Becquerel,45.76802,5.03189
202300000548,25,10,2023,2025-12-05 12:00:00,1,54,54395,2,1,3,6,Rue Du Capitaine Guynemer,48.69976,6.14004
202300000549,25,9,2023,2025-12-05 15:50:00,1,69,69115,2,1,1,2,1427 Route D'Anse,45.9643879,4.71607656
202300000550,25,9,2023,2025-12-05 18:40:00,1,69,69290,2,1,1,6,211 Route De Grenoble,45.71495,4.96408
202300000551,25,10,2023,2025-12-05 06:25:00,5,54,54395,2,2,3,3,Boulevard Lobau,48.685601,6.19580626
202300000552,24,9,2023,2025-12-05 20:50:00,5,69,69029,2,3,1,3,Avenue Francois Mitterrand,45.7374,4.91952
202300000553,26,10,2023,2025-12-05 07:20:00,5,54,54371,1,3,2,3,D 136,49.19861,5.93125
202300000554,25,9,2023,2025-12-05 11:02:00,1,65,65433,2,3,1,2,Barbusse (Avenue Henri),43.21913835,0.09570276
202300000555,26,10,2023,2025-12-05 11:35:00,1,54,54099,1,1,2,7,Rd 138,49.24409,6.02053
202300000556,25,10,2023,2025-12-05 11:45:00,1,51,51454,2,1,1,1,Aviation (Rue),49.27565,4.03914
202300000557,24,9,2023,2025-12-05 02:30:00,3,65,65251,1,3,1,3,Evades De France (Rue Des),43.21492,0.08543
202300000558,23,10,2023,2025-12-05 06:50:00,5,50,50129,2,1,1,6,Mendes France (Boulevard),49.63393,-1.62293
202300000559,25,9,2023,2025-12-05 00:30:00,5,64,64373,2,3,1,3,General De Gaulle Du,43.27638,-0.35142
202300000560,25,10,2023,2025-12-05 19:05:00,5,44,44109,2,1,2,6,19 Rue Louis Blanc,47.20598,-1.55475
202300000561,25,10,2023,2025-12-05 11:05:00,1,44,44109,2,1,8,6,107 Boulevard Jules Verne,47.2399909,-1.53100825
202300000562,24,9,2023,2025-12-05 18:30:00,1,64,64024,2,1,1,3,Amour (Avenue De La Chambre D'),43.49524,-1.53425
202300000563,26,10,2023,2025-12-05 19:50:00,5,43,43046,2,1,2,1,Montee De Chadrac,45.05714,3.90029
202300000564,26,10,2023,2025-12-05 20:05:00,5,43,43157,2,3,3,7,39 Avenue Des Belges,45.04868,3.89808
202300000565,23,9,2023,2025-12-05 14:10:00,1,64,64102,2,2,2,3,Navarre (Avenue Henri De),43.49407,-1.45274
202300000566,23,9,2023,2025-12-05 13:12:00,1,64,64140,2,3,8,6,Pastou (Rue Du),43.5286,-1.48301
202300000567,20,10,2023,2025-12-05 18:05:00,1,38,38421,2,8,3,3,Avenue Centrale,45.1922,5.7643
202300000568,25,9,2023,2025-12-05 20:30:00,5,59,59599,2,1,1,2,Francs (Rue Des),50.71962,3.13872
202300000569,26,10,2023,2025-12-05 08:45:00,1,37,37214,1,1,8,4,Rd 37,47.42986,0.65182
202300000570,25,9,2023,2025-12-05 19:20:00,1,59,59328,2,4,1,1,Lille Rue De,50.648,3.045
202300000571,25,9,2023,2025-12-05 22:00:00,5,59,59122,2,6,1,3,Cateau (Avenue Du),50.17475,3.24894
202300000572,25,10,2023,2025-12-05 16:30:00,1,35,35238,2,3,1,2,Lorient (De),48.10748,-1.71641
202300000573,25,9,2023,2025-12-05 12:10:00,1,57,57463,2,1,1,3,Deux Fontaines (Avenue ),49.1354,6.17265
202300000574,26,10,2023,2025-12-05 20:20:00,5,33,33281,2,1,3,1,Avenue Pierre Mendes-France,44.82081,-0.63521
202300000575,22,9,2023,2025-12-05 20:30:00,5,57,57019,2,3,1,3,Pasteur (Rue),49.25787,6.1426
202300000576,25,9,2023,2025-12-05 15:20:00,1,51,51454,2,1,1,2,Epernay (Avenue D') Cote Pair,49.22792,4.01425
202300000577,26,10,2023,2025-12-05 19:50:00,5,33,33162,2,3,3,3,Avenue D'Eysines,44.87186411,-0.63136116
202300000578,25,9,2023,2025-12-05 12:43:00,1,51,51454,2,2,1,3,Moulins (Rue Des),49.24667,4.03907
202300000579,25,9,2023,2025-12-05 10:40:00,1,51,51454,2,1,1,6,Paix (Boulevard De La),49.25381,4.04083
202300000580,25,9,2023,2025-12-05 09:30:00,1,51,51058,2,1,7,6,Monnet (Avenue Jean),49.21362,4.00644
202300000581,25,10,2023,2025-12-05 16:35:00,1,30,30189,2,6,1,3,Kennedy (Avenue),43.81546,4.31387
202300000582,27,10,2023,2025-12-05 02:00:00,3,26,26362,2,4,2,6,Avenue Du Tricastin,44.93423,4.8878
202300000583,24,9,2023,2025-12-05 11:13:00,1,51,51454,2,2,1,4,Nationale (Avenue) La Neuvillette,49.284165,4.010159
202300000584,23,9,2023,2025-12-05 19:20:00,1,49,49099,2,3,7,5,Chouteau (Boulevard Guy),47.06726,-0.88742
202300000585,25,10,2023,2025-12-05 08:03:00,1,22,22278,2,2,2,6,Nicolas (Jean),48.51726,-2.77873
202300000586,25,9,2023,2025-12-05 13:50:00,1,49,49007,2,1,1,7,Alsace,47.47,-0.55
202300000587,25,9,2023,2025-12-05 07:52:00,1,43,43157,2,3,1,3,Route Du Couderc,45.036792,3.904654
202300000588,26,10,2023,2025-12-05 11:30:00,1,17,17333,2,1,2,3,Tourtet (Av. Lt Colonel),45.604533,-0.983542
202300000589,25,9,2023,2025-12-05 19:55:00,5,42,42207,2,1,1,3,Route De Lyon,45.477721,4.523508
202300000590,25,10,2023,2025-12-05 12:30:00,1,17,17306,2,1,3,4,Bouchet Louis (Avenue),45.62773,-0.99669
202300000591,25,9,2023,2025-12-05 19:30:00,2,42,42183,2,3,1,3,Rue Jean Jaures,45.40036502,4.35854807
202300000592,24,9,2023,2025-12-05 15:30:00,1,41,41018,2,1,1,6,Verdun (Avenue De),47.59738,1.34926
202300000593,25,9,2023,2025-12-05 16:45:00,1,37,37261,2,1,1,6,Nationale (Rue),47.39374,0.68755
202300000594,26,10,2023,2025-12-05 20:15:00,3,13,13117,1,1,1,2,Route Nationale 113-L'Anjoly,43.42856294,5.27208628
202300000595,21,9,2023,2025-12-05 18:50:00,1,34,34301,2,1,1,3,Clerville Chevalier De (Boulevard),43.409963,3.675553
202300000596,26,10,2023,2025-12-05 18:30:00,1,13,13106,1,1,1,6,Bedoule (Chemin De La),43.38943,5.35393
202300000597,24,9,2023,2025-12-05 03:45:00,5,34,34032,2,1,1,2,Albert 1Er (Avenue),43.34823,3.21724
202300000598,26,10,2023,2025-12-05 07:00:00,5,13,13213,2,1,1,1,Vallon Vert (Chemin Du),43.3352555,5.45376454
202300000599,25,9,2023,2025-12-05 08:40:00,1,33,33318,2,6,1,3,Avenue Du Haut Leveque,44.78355,-0.65243
202300000600,25,9,2023,2025-12-05 16:30:00,1,31,31555,2,3,1,3,Av Des Etats Unis,43.64795,1.42212
202300000601,25,10,2023,2025-12-05 18:00:00,1,13,13047,1,1,1,2,D.5,43.56075,4.96271
202300000602,25,9,2023,2025-12-05 13:18:00,1,31,31555,2,2,1,3,Av Du General Eisenhower,43.5636,1.38686
202300000603,25,9,2023,2025-12-05 07:53:00,2,29,29232,2,1,1,3,Route De Brest,48.01739,-4.083333
202300000604,25,10,2023,2025-12-05 07:45:00,1,13,13047,1,1,1,3,Rn 569,43.54889,4.95668
202300000605,19,9,2023,2025-12-05 20:20:00,3,26,26362,1,1,1,2,Route De Montelier,44.93834,4.94053
202300000606,25,10,2023,2025-12-05 08:20:00,2,10,10387,2,1,2,2,Paix (Rue De La),48.30808,4.06305
202300000607,25,9,2023,2025-12-05 20:55:00,5,25,25056,2,3,1,3,Jouchoux Rue Auguste,47.23739,5.98837
202300000608,25,9,2023,2025-12-05 08:10:00,1,25,25056,2,2,1,6,Michel  Avenue Louise,47.235455,6.015385
202300000609,21,10,2023,2025-12-05 12:50:00,1,6,6027,2,9,1,3,France Route De,43.66373,7.14882
202300000610,25,9,2023,2025-12-05 09:08:00,1,6,6088,2,1,7,6,Blanqui (Pl. Auguste),43.705297,7.289981
202300000611,17,9,2023,2025-12-05 00:45:00,5,2,2408,2,1,1,7,34 Rampe Saint-Marcel,49.56603,3.61942
202300000612,2,10,2023,2025-12-05 16:36:00,1,5,5061,2,6,1,6,Fauvins ( Route  Des ),44.56381,6.10008
202300000613,24,9,2023,2025-12-05 07:00:00,2,1,1451,1,2,5,3,Paris (Route De),46.2488,5.18605
202300000614,2,10,2023,2025-12-05 17:45:00,1,5,5061,2,2,1,1,Roger Sabatier ( Rue ),44.54929,6.06357
202300000615,25,9,2023,2025-12-05 08:20:00,1,75,75118,2,1,1,2,Bd Peripherique Interieur,48.900792,2.35757
202300000616,25,9,2023,2025-12-05 19:15:00,2,75,75119,2,3,1,3,Rue De Kabylie,48.8843,2.367683
202300000617,26,10,2023,2025-12-05 15:10:00,1,75,75113,2,1,1,3,Porte D Italie,48.816347,2.363837
202300000618,25,9,2023,2025-12-05 07:10:00,2,75,75113,2,1,1,3,Avenue D Italie,48.830161,2.356094
202300000619,26,10,2023,2025-12-05 13:50:00,1,75,75116,2,1,1,2,Porte D Auteuil,48.846575,2.254875
202300000620,24,9,2023,2025-12-05 12:19:00,1,75,75110,2,4,1,3,Boulevard De Magenta,48.879578,2.353311
202300000621,26,10,2023,2025-12-05 08:40:00,1,75,75116,2,1,2,7,Echangeur Muette,48.866593,2.268615
202300000622,25,9,2023,2025-12-05 00:50:00,5,75,75109,2,5,1,1,Rue D Athenes,48.877915,2.326937
202300000623,25,10,2023,2025-12-05 08:46:00,1,75,75111,2,3,2,3,Boulevard Voltaire,48.860679,2.375304
202300000624,25,9,2023,2025-12-05 12:30:00,1,75,75108,2,3,1,6,Boulevard Haussmann,48.874093,2.32463086
202300000625,26,10,2023,2025-12-05 20:40:00,5,75,75118,2,2,3,3,Avenue De La Porte De Saint Ouen,48.897731,2.329031
202300000626,25,9,2023,2025-12-05 19:00:00,1,75,75107,2,3,1,3,Pont De La Concorde,48.86259042,2.31902486
202300000627,26,10,2023,2025-12-05 19:00:00,5,75,75116,2,1,2,3,Voie Georges Pompidou,48.848567,2.276053
202300000628,25,9,2023,2025-12-05 07:30:00,1,75,75104,2,2,1,3,Pont Saint Michel,48.854341,2.344906
202300000629,25,10,2023,2025-12-05 13:20:00,1,75,75116,2,1,2,3,Allee De La Reine Marguerite,48.850949,2.241836
202300000630,23,9,2023,2025-12-05 21:20:00,5,94,94067,2,2,1,1,Avenue Daumesnil,48.83499,2.41974
202300000631,25,9,2023,2025-12-05 16:00:00,1,94,94078,2,3,1,1,Rue De Paris,48.73555,2.44692
202300000632,26,10,2023,2025-12-05 00:04:00,5,75,75116,2,2,1,6,Pont Mirabeau,48.847144,2.274472
202300000633,25,9,2023,2025-12-05 08:25:00,1,94,94044,2,1,7,6,Rue Roger Salengro,48.7514004,2.49005288
202300000634,25,9,2023,2025-12-05 17:41:00,1,94,94043,2,1,1,3,Avenue Eugene Thomas,48.809774,2.3592
202300000635,24,10,2023,2025-12-05 07:45:00,5,75,75116,2,4,2,6,Rue Henri Heine,48.850719,2.267201
202300000636,25,9,2023,2025-12-05 15:55:00,1,93,93073,2,2,1,1,Route Des Petits Ponts / Avenue Henri Barbusse,48.9654,2.5693
202300000637,26,10,2023,2025-12-05 07:35:00,2,75,75115,2,2,2,6,Avenue De La Porte Brancion,48.82587212,2.30023026
202300000638,25,9,2023,2025-12-05 08:15:00,1,93,93078,2,1,1,6,Rue Jacques Prevert,48.9573,2.5473
202300000639,25,9,2023,2025-12-05 12:25:00,1,93,93051,2,1,1,6,Rue De La Closerie,48.83944,2.54716
202300000640,25,9,2023,2025-12-05 11:40:00,1,93,93046,2,3,1,6,Allee Jeanne D'Arc / Boulevard De La Republique,48.9075,2.52012
202300000641,26,10,2023,2025-12-05 15:00:00,1,75,75108,2,2,8,6,Avenue Matignon,48.869402,2.310963
202300000642,24,9,2023,2025-12-05 23:15:00,3,93,93029,2,4,1,6,Rue Anatole France / Rue Maurice Bernard,48.93065,2.45546
202300000643,26,10,2023,2025-12-05 17:40:00,1,75,75115,2,4,1,3,Avenue Emile Zola,48.846238,2.279644
202300000644,25,9,2023,2025-12-05 16:37:00,1,93,93047,2,1,1,6,Place Jean Mermoz,48.901677,2.571321
202300000645,24,9,2023,2025-12-05 19:42:00,1,93,93014,2,1,1,6,Avenue Jean Moulin,48.90552,2.55873
202300000646,25,10,2023,2025-12-05 17:25:00,1,75,75104,2,3,1,7,Rue Beautreillis,48.85345,2.364121
202300000647,25,9,2023,2025-12-05 17:10:00,1,93,93010,2,3,7,1,Route D'Aulnay / Chemin Lateral,48.908474,2.480133
202300000648,26,10,2023,2025-12-05 06:20:00,5,94,94080,2,1,2,6,Rue De Fontenay,48.848035,2.43953
202300000649,24,9,2023,2025-12-05 10:50:00,1,93,93010,2,1,1,6,Avenue Gallieni,48.9065806,2.48574062
202300000650,25,9,2023,2025-12-05 16:50:00,1,93,93007,2,1,1,3,Avenue Paul Vaillant Couturier,48.9254,2.46572
202300000651,25,10,2023,2025-12-05 23:30:00,3,94,94073,2,3,1,3,Avenue De La Republique,48.771352,2.397034
202300000652,24,9,2023,2025-12-05 18:30:00,1,92,92078,2,3,1,3,Marechal Leclerc (Avenue) (Pairs),48.93779,2.32434
202300000653,25,10,2023,2025-12-05 06:30:00,5,94,94017,2,1,2,6,Boulevard De Stalingrad,48.82517023,2.49566022
202300000654,24,9,2023,2025-12-05 13:30:00,1,92,92046,2,2,1,3,Salvador Allende (Rue),48.81935107,2.30450571
202300000655,26,10,2023,2025-12-05 14:30:00,1,93,93064,2,2,8,3,Avenue Du President John Kennedy / Rue Laennec,48.88091739,2.49465876
202300000656,24,9,2023,2025-12-05 23:24:00,5,92,92064,2,4,1,2,Georges Clemenceau,48.84165528,2.22129688
202300000657,25,9,2023,2025-12-05 07:20:00,2,92,92051,2,1,1,3,General Koenig (Boulevard Du),48.8764,2.24642
202300000658,26,10,2023,2025-12-05 08:27:00,1,93,93064,2,1,2,3,Rue Henri Mondor,48.86935,2.49559
202300000659,25,9,2023,2025-12-05 16:00:00,1,92,92026,2,1,1,3,Fauvelles (15 A Fin),48.90247311,2.24166467
202300000660,25,9,2023,2025-12-05 20:40:00,3,92,92024,2,1,1,6,Clichy (Pont De),48.9096419,2.29946136
202300000661,25,10,2023,2025-12-05 09:19:00,1,93,93064,2,1,2,1,Avenue Du General De Gaulle,48.87716344,2.48007967
202300000662,25,9,2023,2025-12-05 13:30:00,1,92,92012,2,1,1,3,Billancourt (Rue De) 63/Fin - Cote Impai,48.83992,2.23582
202300000663,25,10,2023,2025-12-05 08:36:00,1,93,93032,2,5,2,6,Rue Paul Vaillant Couturier / Avenue Emile Cossonneau,48.87447842,2.552038
202300000664,24,10,2023,2025-12-05 19:15:00,3,93,93007,2,1,1,3,Rue Du Parc,48.93895,2.44059
202300000665,25,9,2023,2025-12-05 20:00:00,5,92,92009,2,1,1,3,Jean Jaures ( Rue ),48.91120349,2.27060124
202300000666,26,10,2023,2025-12-05 10:20:00,1,92,92073,2,1,8,2,Jaures (Avenue Jean),48.86212,2.21142
202300000667,22,9,2023,2025-12-05 17:05:00,1,86,86128,2,2,1,3,Rue Leon Gambetta,46.810106,0.325567
202300000668,26,10,2023,2025-12-05 18:05:00,5,92,92064,2,9,2,2,Eglise,48.84291,2.21938
202300000669,26,9,2023,2025-12-05 11:30:00,1,73,73028,1,1,1,1,Rd 1516,45.708371,5.726066
202300000670,24,10,2023,2025-12-05 19:50:00,2,92,92064,2,1,2,7,Carnot,48.84365512,2.22308743
202300000671,24,8,2023,2025-12-05 09:30:00,1,41,41031,1,9,1,3,Clenord,47.533881,1.416187
202300000672,7,9,2023,2025-12-05 17:22:00,1,6,6161,2,1,1,2,Route Du Bord De Mer,43.630892,7.134933
202300000673,26,10,2023,2025-12-05 17:15:00,1,92,92036,2,4,2,1,Villebois Mareuil (Rue),48.93498,2.29995
202300000674,26,9,2023,2025-12-05 07:45:00,2,21,21599,1,1,1,2,A31,47.60858811,5.19168192
202300000675,24,9,2023,2025-12-05 15:45:00,1,11,11203,2,1,1,1,33 Boulevard Marechal Lyautey,43.202368,2.773742
202300000676,26,10,2023,2025-12-05 08:55:00,1,92,92036,2,1,8,2,Argenteuil (Avenue D'),48.93766,2.25795