num_acc,jour,mois,an,hrmn,lum,dep,com,agg,int,atm,col,adr,lat,long
202300000677,26,10,2023,2025-12-05 10:00:00,1,92,92025,2,1,8,6,Youri Gagarine (Rue),48.92437,2.24235
202300000678,26,10,2023,2025-12-05 19:55:00,5,92,92023,2,8,3,3,General De Gaulle (Av Du) Ndeg130 A 340 Et,48.78280325,2.24508119
202300000679,26,10,2023,2025-12-05 22:00:00,5,34,34276,2,3,1,2,Avenue Louis Cancel,43.771532,3.868759
202300000680,27,10,2023,2025-12-05 12:00:00,1,57,57512,1,1,3,6,Nouilly,49.12423,6.24561
202300000681,25,10,2023,2025-12-05 09:20:00,1,38,38336,1,1,1,2,D4B,45.492224,4.828169
202300000682,27,10,2023,2025-12-05 14:20:00,1,25,25381,1,9,8,3,A 36 Pk 124+200,47.279524,5.984384
202300000683,26,10,2023,2025-12-05 22:52:00,3,27,27306,1,1,2,7,Route De Saint-Andre,48.993242,1.184421
202300000684,25,10,2023,2025-12-05 17:30:00,2,1,1347,1,1,2,3,Route De Saint Bernard,45.958157,4.766977
202300000685,27,10,2023,2025-12-05 07:45:00,3,12,12157,1,8,2,3,Rn88 - Gages,44.399479,2.717142
202300000686,26,10,2023,2025-12-05 10:30:00,1,19,19285,1,1,3,6,Autoroute A20 Pk 244.930,45.3833781,1.57512281
202300000687,26,10,2023,2025-12-05 16:50:00,1,23,23166,1,1,2,6,Rue Du Theuil,46.299379,1.630687
202300000688,27,10,2023,2025-12-05 14:00:00,1,62,62611,1,1,1,6,D5,50.253297,2.807221
202300000689,26,10,2023,2025-12-05 16:45:00,1,30,30141,1,1,8,3,Route Des 4 Chemins,44.103049,4.611999
202300000690,26,10,2023,2025-12-05 18:08:00,1,27,27079,1,1,1,2,A28,49.14010495,0.55957442
202300000691,5,5,2023,2025-12-05 10:10:00,1,64,64102,2,6,1,3,Lorraine (Boulevard D'Alsace),43.49156,-1.46398
202300000692,5,5,2023,2025-12-05 17:35:00,1,62,62186,2,1,1,1,Rue Jules Verne,50.43764,2.72511
202300000693,6,5,2023,2025-12-05 23:05:00,5,61,61001,2,2,2,3,D112,48.43823,0.10254
202300000694,5,5,2023,2025-12-05 17:00:00,1,59,59599,2,1,1,5,Watt (Chaussee),50.72705,3.13521
202300000695,6,5,2023,2025-12-05 11:45:00,1,59,59163,2,1,1,3,Courbet (Rue),50.68396,3.15875
202300000696,6,5,2023,2025-12-05 02:00:00,5,59,59350,2,1,1,5,Marquillies Rue,50.61478,3.05265
202300000697,6,5,2023,2025-12-05 15:40:00,1,57,57480,2,1,1,6,General Franiatte (Rue Du ),49.089105,6.15326
202300000698,6,5,2023,2025-12-05 10:10:00,1,56,56121,2,6,2,3,France ( Ave Anatole ),47.74676,-3.36638
202300000699,5,5,2023,2025-12-05 15:29:00,1,56,56162,2,3,1,3,Larmor (Route De),47.7318,-3.4202
202300000700,5,5,2023,2025-12-05 15:10:00,1,56,56098,2,1,1,2,Pont Du Bouc,47.76616,-3.32686
202300000701,6,5,2023,2025-12-05 18:49:00,1,51,51454,2,2,1,3,Rue Lamouche,49.26761,4.01969
202300000702,5,5,2023,2025-12-05 22:50:00,3,49,49328,2,1,1,6,Jagueneau (Quai Du),47.25181,-0.05888
202300000703,6,5,2023,2025-12-05 01:05:00,5,45,45234,2,6,1,3,11 Boulevard De Verdun,47.90696395,1.9039979
202300000704,6,5,2023,2025-12-05 09:55:00,1,29,29039,2,6,1,3,Rond Poind De Kervinou,47.86253,-3.88955
202300000705,6,5,2023,2025-12-05 06:15:00,5,29,29019,2,1,2,7,Rue Yves Collet,48.395176,-4.477408
202300000706,6,5,2023,2025-12-05 13:30:00,1,25,25056,2,3,1,6,Mouillere Rue De La,47.24269,6.03244
202300000707,6,5,2023,2025-12-05 03:08:00,4,22,22215,1,6,2,6,Rond Point De Brezillet,48.495,-2.765
202300000708,6,5,2023,2025-12-05 00:10:00,5,17,17306,2,1,8,6,Baillet (Bd Colonel Robert),45.631742,-1.035696
202300000709,6,5,2023,2025-12-05 12:30:00,1,14,14118,2,1,2,1,Boulevard Marechal Juin,49.197223,-0.396616
202300000710,5,5,2023,2025-12-05 17:15:00,1,14,14118,2,6,2,1,6 Rue D'Auge,49.17459,-0.35354
202300000711,6,5,2023,2025-12-05 15:30:00,1,13,13215,1,1,1,6,Madrague Ville (Chemin De La),43.33325,5.35862
202300000712,6,5,2023,2025-12-05 08:50:00,1,13,13208,2,1,1,5,Prado (Avenue Du),43.27496262,5.38995265
202300000713,6,5,2023,2025-12-05 05:00:00,5,13,13202,2,2,1,3,Eveche (Rue De L'),43.30184,5.36706
202300000714,6,5,2023,2025-12-05 03:10:00,5,13,13204,2,3,1,3,Marechal Juin (Boulevard),43.31105,5.40365
202300000715,5,5,2023,2025-12-05 17:05:00,1,13,13001,2,2,1,1,Brossolette Pierre (Av),43.51929,5.44279
202300000716,23,4,2023,2025-12-05 16:20:00,1,12,12013,2,1,1,6,Moulin Jean,44.52805,2.25558
202300000717,6,5,2023,2025-12-05 19:50:00,1,75,75114,2,1,1,3,Porte D Orleans,48.816656,2.337574
202300000718,6,5,2023,2025-12-05 20:45:00,1,75,75120,2,3,1,6,Rue De Menilmontant,48.868032,2.387029
202300000719,6,5,2023,2025-12-05 17:45:00,1,75,75120,2,3,1,3,Boulevard Davout,48.847925,2.411438
202300000720,5,5,2023,2025-12-05 21:30:00,5,75,75120,2,1,3,4,Boulevard Peripherique Exterieur,48.859012,2.41433
202300000721,6,5,2023,2025-12-05 02:18:00,5,75,75116,2,2,1,3,Avenue De La Porte De Saint-Cloud,48.838653,2.254637
202300000722,6,5,2023,2025-12-05 14:35:00,1,75,75115,2,3,1,7,Rue Linois,48.848521,2.28288
202300000723,6,5,2023,2025-12-05 12:05:00,1,75,75115,2,3,1,3,Rue De Vaugirard,48.83390236,2.29013792
202300000724,6,5,2023,2025-12-05 23:05:00,5,75,75113,2,1,1,3,Avenue Pierre Mendes France,48.84093,2.368338
202300000725,6,5,2023,2025-12-05 10:43:00,1,75,75111,2,2,1,3,Avenue Parmentier,48.865273,2.374536
202300000726,6,5,2023,2025-12-05 00:30:00,5,75,75110,2,3,1,6,Boulevard Saint Denis,48.869018,2.355443
202300000727,6,5,2023,2025-12-05 06:55:00,1,75,75109,2,2,1,6,Rue Du Faubourg Poissonniere,48.872,2.347911
202300000728,6,5,2023,2025-12-05 16:09:00,1,75,75107,2,3,8,1,Quai D Orsay,48.862881,2.315152
202300000729,6,5,2023,2025-12-05 19:15:00,1,94,94067,2,7,1,3,Avenue Joffre / Avenue Gallieni,48.84655,2.41749
202300000730,6,5,2023,2025-12-05 15:35:00,1,94,94019,2,1,8,2,13 Rue Rabelais,48.80276154,2.55370009
202300000731,5,5,2023,2025-12-05 14:20:00,1,94,94056,2,2,1,3,Route De Brie Comte Robert,48.69621,2.55414
202300000732,5,5,2023,2025-12-05 23:53:00,5,93,93070,2,2,2,3,Avenue Michelet / Avenue Frayce,48.90749,2.34412
202300000733,6,5,2023,2025-12-05 18:55:00,1,93,93061,2,1,1,6,Avenue Edouard Vaillant,48.88101821,2.4090515
202300000734,6,5,2023,2025-12-05 06:05:00,2,93,93050,2,2,1,1,Rue Paul Et Camille Thomoux / Rue Du Roussillon,48.86527,2.52932
202300000735,6,5,2023,2025-12-05 17:50:00,1,93,93013,2,1,2,6,Avenue De La Division Leclerc,48.9339,2.4248
202300000736,6,5,2023,2025-12-05 16:00:00,1,93,93001,2,3,1,3,Avenue De La Republique / Rue Du Docteur Pesque,48.91311394,2.38293235
202300000737,6,5,2023,2025-12-05 22:14:00,3,92,92024,2,1,1,2,General Roguet (Rue Du) De (1 A 57)   (2,48.90835592,2.31297076
202300000738,6,5,2023,2025-12-05 14:25:00,1,92,92002,2,1,1,6,Jean Moulin (Rue),48.753114,2.308342
202300000739,6,5,2023,2025-12-05 07:30:00,1,11,11413,1,1,8,6,Adresse_Inconnue,43.330406,2.303164
202300000740,6,5,2023,2025-12-05 21:10:00,3,37,37112,1,1,2,7,254 Route De L'Aunaie,47.389625,0.191139
202300000741,7,5,2023,2025-12-05 10:35:00,1,47,47238,1,1,1,1,1102 Avenue De La Plaine,44.206173,0.521969
202300000742,7,5,2023,2025-12-05 08:40:00,1,38,38270,2,1,1,3,215 Rue Du Bourg,45.38036,5.540862
202300000743,5,4,2023,2025-12-05 14:00:00,1,79,79140,2,2,1,3,Adresse_Inconnue,46.084708,0.045932
202300000744,6,5,2023,2025-12-05 21:55:00,3,60,60658,1,1,1,6,N2,49.23801498,3.00626278
202300000745,6,5,2023,2025-12-05 22:05:00,3,62,62104,1,1,1,7,D252,50.739674,1.782714
202300000746,5,5,2023,2025-12-05 09:40:00,1,2B,2B010,1,1,1,2,T30,42.60654,8.860495
202300000747,7,5,2023,2025-12-05 04:48:00,2,82,82022,1,1,2,6,D7,44.256119,0.969833
202300000748,27,11,2023,2025-12-05 17:15:00,2,11,11069,2,2,2,3,Adresse_Inconnue,43.21282,2.3268
202300000749,6,5,2023,2025-12-05 21:23:00,1,44,44021,1,1,8,6,Adresse_Inconnue,47.030362,-1.871034
202300000750,29,11,2023,2025-12-05 16:15:00,1,6,6069,2,1,1,3,Grand Chene (Chemin Du),43.63745,6.93219
202300000751,6,5,2023,2025-12-05 05:15:00,3,35,35039,1,1,2,2,N157,48.10358635,-1.4748314
202300000752,29,11,2023,2025-12-05 18:15:00,3,4,4112,2,1,1,7,Serrets (Av.Des),43.81779,5.77512
202300000753,29,11,2023,2025-12-05 11:33:00,1,75,75110,2,1,1,6,Boulevard De La Villette,48.872303,2.37653
202300000754,5,5,2023,2025-12-05 09:30:00,1,29,29186,1,1,2,4,Rd76 Pk6+500,48.629941,-3.830865
202300000755,7,5,2023,2025-12-05 20:00:00,1,29,29016,1,1,1,6,Lieu-Dit Coat Compes,48.321432,-3.952096
202300000756,29,11,2023,2025-12-05 07:50:00,1,75,75117,2,1,1,5,Boulevard Peripherique Interieur Ouest,48.884578,2.286301
202300000757,7,5,2023,2025-12-05 17:05:00,1,1,1165,1,1,1,6,1204 Grande Rue,46.068646,4.811502
202300000758,6,5,2023,2025-12-05 17:00:00,1,26,26099,1,1,1,6,D541,44.408487,4.916851
202300000759,29,11,2023,2025-12-05 00:02:00,5,75,75117,2,1,1,2,Bd Peripherique Interieur,48.900501,2.324889
202300000760,6,5,2023,2025-12-05 21:11:00,5,6,6138,1,1,1,6,Avenue De Miramar,43.486076,6.946423
202300000761,28,11,2023,2025-12-05 18:30:00,2,75,75106,2,3,1,2,Boulevard Saint Germain,48.853564,2.334198
202300000762,7,5,2023,2025-12-05 17:40:00,1,50,50615,2,1,1,6,Rue Saint Malo,49.51179,-1.46114
202300000763,29,11,2023,2025-12-05 16:05:00,1,75,75119,2,3,1,6,Boulevard De La Villette,48.884321,2.36768
202300000764,7,5,2023,2025-12-05 13:10:00,1,50,50185,1,2,1,4,Adresse_Inconnue,48.841927,-1.246562
202300000765,28,11,2023,2025-12-05 20:30:00,5,75,75118,2,1,1,3,Boulevard Ney,48.898228,2.348549
202300000766,6,5,2023,2025-12-05 09:05:00,1,45,45148,2,2,1,3,D2007 Pr 6 + 770,48.10299909,2.77507514
202300000767,29,11,2023,2025-12-05 13:32:00,1,75,75117,2,2,1,3,Rue De Courcelles,48.87915,2.303144
202300000768,6,5,2023,2025-12-05 19:44:00,1,7,7069,1,1,1,7,Route Du Doux,45.044798,4.698651
202300000769,7,5,2023,2025-12-05 15:15:00,1,7,7129,1,3,1,3,D533 - Route De Valence,44.986808,4.588037
202300000770,29,11,2023,2025-12-05 13:45:00,1,75,75115,2,2,1,6,Rue Peclet,48.843676,2.298584
202300000771,29,11,2023,2025-12-05 10:53:00,1,75,75115,2,7,1,3,Place Cambronne,48.847785,2.30158
202300000772,7,5,2023,2025-12-05 11:00:00,1,40,40234,1,1,1,4,D933N,43.957495,-0.337384
202300000773,28,11,2023,2025-12-05 08:45:00,1,75,75115,2,5,1,3,Boulevard Du Montparnasse,48.845087,2.320089
202300000774,7,5,2023,2025-12-05 07:00:00,1,85,85220,1,3,1,6,La Sangle,46.717556,-1.041319
202300000775,4,5,2023,2025-12-05 18:00:00,1,27,27156,1,1,1,7,Route Departementale 21,48.774268,0.752303
202300000776,27,11,2023,2025-12-05 17:20:00,5,75,75114,2,2,8,3,Rue Vercingetorix,48.83548,2.315462
202300000777,7,5,2023,2025-12-05 00:35:00,3,30,30305,1,1,1,7,Route De Servas,44.16691,4.171189
202300000778,28,11,2023,2025-12-05 14:30:00,1,75,75111,2,1,1,6,Boulevard Richard Lenoir,48.856755,2.371076
202300000779,7,5,2023,2025-12-05 01:40:00,5,34,34337,1,6,1,7,M986 Pr 53+861,43.540165,3.897121
202300000780,29,11,2023,2025-12-05 21:05:00,5,75,75110,2,3,1,6,Rue Leon Jouhaux,48.868556,2.363043
202300000781,6,5,2023,2025-12-05 18:30:00,1,33,33122,1,2,1,3,Route De Saucats,44.718723,-0.739635
202300000782,29,11,2023,2025-12-05 09:30:00,1,75,75107,2,7,1,3,Rue Duroc,48.847411,2.312194
202300000783,29,4,2023,2025-12-05 18:30:00,1,69,69043,2,1,1,1,72 Route De La Gare,45.700474,4.758984
202300000784,29,11,2023,2025-12-05 13:45:00,1,75,75101,2,2,1,6,Rue Bertin Poiree,48.858357,2.34464
202300000785,27,3,2023,2025-12-05 13:17:00,1,75,75109,2,1,1,2,Rue De Chateaudun,48.876054,2.337575
202300000786,6,5,2023,2025-12-05 13:00:00,1,34,34146,1,1,1,3,A9 - Pk 78+3946,43.694283,4.082215
202300000787,29,11,2023,2025-12-05 07:50:00,2,94,94074,2,1,1,3,Rue Le Bois Cerdon,48.72799,2.47416
202300000788,26,3,2023,2025-12-05 13:51:00,1,75,75119,2,2,1,6,Rue Des Bois,48.878235,2.39791
202300000789,7,5,2023,2025-12-05 11:15:00,1,69,69064,2,1,2,3,Rue Nationale,45.457158,4.756656
202300000790,29,11,2023,2025-12-05 09:30:00,1,94,94068,2,1,1,2,Avenue Du Docteur Calmette,48.802288,2.489756
202300000791,28,3,2023,2025-12-05 16:45:00,1,75,75106,2,2,1,6,Rue De Rennes,48.846927,2.326838
202300000792,6,5,2023,2025-12-05 22:30:00,3,988,98811,2,3,1,6,Avenue Jimmy Welepane/Rue Des Mouettes,-21.103769,164.888654
202300000793,28,11,2023,2025-12-05 20:30:00,5,94,94019,2,3,1,2,Rue Fusilles De Chateaubriant,48.79919,2.54251
202300000794,28,3,2023,2025-12-05 20:00:00,2,75,75119,2,2,1,3,Avenue De Flandre,48.892332,2.379167
202300000795,7,5,2023,2025-12-05 05:25:00,2,971,97118,1,1,1,1,"Rd 23, Route De La Traversee, Tabanon",16.202023,-61.637056
202300000796,29,11,2023,2025-12-05 02:45:00,5,93,93077,2,2,1,6,Grande Rue / Rue Emile Erckmann,48.88402328,2.51014741
202300000797,6,5,2023,2025-12-05 05:20:00,3,45,45108,1,1,1,6,D956 Pr 2 + 312,47.639184,2.521064
202300000798,28,3,2023,2025-12-05 20:05:00,5,75,75118,2,3,1,6,Rue De Clignancourt,48.885698,2.347416
202300000799,29,11,2023,2025-12-05 08:00:00,2,93,93050,2,2,1,6,Avenue Jean Stephan / Avenue De Chelles,48.86749,2.55663
202300000800,4,5,2023,2025-12-05 22:15:00,3,77,77225,1,6,1,7,D228,48.87660074,2.97945046
202300000801,6,5,2023,2025-12-05 21:15:00,3,95,95211,1,6,1,7,D927,49.085953,2.113023
202300000802,29,11,2023,2025-12-05 08:35:00,1,93,93046,2,1,1,3,Boulevard De La Republique,48.907375,2.520196
202300000803,28,3,2023,2025-12-05 11:50:00,1,75,75116,2,3,1,6,Avenue Marceau,48.872349,2.296426
202300000804,6,5,2023,2025-12-05 22:24:00,3,83,83127,1,1,1,6,1200 Route De Marseille,43.285984,5.847538
202300000805,28,3,2023,2025-12-05 09:40:00,1,75,75116,2,1,1,3,Avenue Georges Mandel,48.86378,2.280702
202300000806,28,11,2023,2025-12-05 12:45:00,1,93,93032,2,2,1,3,Avenue Centrale / Avenue Charles Infroit,48.86772,2.55925
202300000807,6,5,2023,2025-12-05 22:10:00,5,71,71342,2,1,1,6,Rue De Bellevue,46.44528,4.107717
202300000808,29,11,2023,2025-12-05 19:50:00,5,92,92040,2,1,1,7,Lasserre,48.82145646,2.27257937
202300000809,27,3,2023,2025-12-05 12:20:00,1,75,75116,2,3,1,3,Rue De Sontay,48.871101,2.283462
202300000810,15,4,2023,2025-12-05 23:45:00,3,73,73160,1,1,2,7,Chemin De La Manette,45.514105,5.914797
202300000811,29,11,2023,2025-12-05 20:50:00,5,92,92012,2,1,1,2,Republique (Boulevard De La) 79/Fin - 76,48.83323533,2.2452668
202300000812,28,3,2023,2025-12-05 08:20:00,1,75,75115,2,3,1,3,Avenue De La Porte De La Plaine,48.829181,2.292366
202300000813,7,5,2023,2025-12-05 03:38:00,3,38,38197,1,1,1,7,D517A,45.755135,5.134681
202300000814,29,11,2023,2025-12-05 18:35:00,3,57,57716,1,3,8,6,Rue Principale Hessange,49.22748192,6.30075574
202300000815,6,5,2023,2025-12-05 11:06:00,1,38,38071,2,1,1,3,Rue Des Artisans,45.065799,5.722053
202300000816,27,3,2023,2025-12-05 15:10:00,1,75,75114,2,3,1,3,Boulevard Du Montparnasse,48.840539,2.333704
202300000817,29,11,2023,2025-12-05 15:50:00,1,7,7349,2,1,8,6,218 Avenue Marie Curie,44.804029,4.787561
202300000818,3,4,2023,2025-12-05 21:45:00,3,81,81104,1,1,1,6,D12,43.7870232,1.7640532
202300000819,29,11,2023,2025-12-05 14:50:00,1,21,21038,1,1,1,6,A39,47.16711317,5.36426131
202300000820,27,3,2023,2025-12-05 16:40:00,1,75,75113,2,2,1,3,Porte D Italie,48.815786,2.360495
202300000821,7,5,2023,2025-12-05 15:20:00,1,16,16077,1,4,1,1,Rue Des Chaumes,45.642837,0.019146
202300000822,29,11,2023,2025-12-05 09:15:00,1,974,97422,1,1,1,1,Chemin Albert Hibon,-21.259856,55.495963
202300000823,28,3,2023,2025-12-05 14:35:00,1,75,75110,2,2,1,2,Rue La Fayette,48.878991,2.355804
202300000824,30,11,2023,2025-12-05 07:30:00,1,974,97404,2,1,1,6,College Simon Lucas (Ecole),-21.264585,55.37155
202300000825,29,11,2023,2025-12-05 14:30:00,1,28,28035,1,1,1,2,N154,48.387216,1.574768
202300000826,28,3,2023,2025-12-05 14:20:00,1,75,75110,2,9,1,3,Rue De Sambre Et Meuse,48.875205,2.370355
202300000827,7,5,2023,2025-12-05 06:30:00,2,33,33243,2,9,1,6,D1089,44.911108,-0.213761
202300000828,6,5,2023,2025-12-05 23:50:00,3,44,44215,1,1,2,7,Route Du Drouillet,47.155995,-1.488696
202300000829,28,3,2023,2025-12-05 20:25:00,5,75,75107,2,2,1,6,Rue Du Bac,48.853992,2.32383
202300000830,29,11,2023,2025-12-05 17:30:00,3,76,76177,1,1,2,1,D6,49.599613,1.170559
202300000831,7,5,2023,2025-12-05 17:50:00,1,76,76678,1,1,1,1,D915,49.636078,1.450109
202300000832,28,3,2023,2025-12-05 10:50:00,1,75,75107,2,2,1,3,Quai Anatole France,48.859572,2.329304
202300000833,30,11,2023,2025-12-05 17:20:00,3,2B,2B346,1,1,1,3,Arena,42.504376,9.468927
202300000834,6,5,2023,2025-12-05 23:15:00,5,13,13028,1,1,1,6,A50-Sens La Ciotat Vers Bandol,43.20212,5.59419
202300000835,28,3,2023,2025-12-05 08:10:00,1,75,75104,2,1,1,6,Quai Henri Iv,48.848128,2.363724
202300000836,25,11,2023,2025-12-05 11:25:00,1,82,82151,2,4,1,3,Chemin De Foirail,44.323061,0.946031
202300000837,28,3,2023,2025-12-05 18:20:00,1,94,94067,2,2,1,6,Avenue Du General De Gaulle / Avenue Victor Hugo,48.84395994,2.41762465
202300000838,5,5,2023,2025-12-05 16:10:00,1,13,13071,1,1,1,4,A7-Sens Marseille Vers Lyon,43.4096,5.28569
202300000839,29,11,2023,2025-12-05 09:50:00,1,49,49055,1,6,1,2,Chemin Des Nuits,47.521486,-0.572104
202300000840,6,5,2023,2025-12-05 01:00:00,3,83,83069,1,1,1,3,A570,43.12537,6.08987
202300000841,23,11,2023,2025-12-05 19:50:00,3,49,49228,1,1,1,3,Cd 766,47.51377955,0.09970093
202300000842,27,3,2023,2025-12-05 08:15:00,1,94,94046,2,3,8,3,Rue Jean Jaures,48.79367,2.43449
202300000843,5,5,2023,2025-12-05 00:23:00,3,57,57474,1,1,1,2,Autoroute A31,49.26444,6.17725
202300000844,30,11,2023,2025-12-05 16:20:00,1,68,68004,2,9,2,6,18 Rue De L?Ill,47.626735,7.23594
202300000845,28,3,2023,2025-12-05 10:15:00,1,93,93059,2,8,1,3,Avenue Elisee Reclus / Passage Maurice,48.95029,2.35769
202300000846,5,5,2023,2025-12-05 17:15:00,1,67,67365,1,1,2,3,M35,48.536134,7.709835
202300000847,28,11,2023,2025-12-05 12:00:00,1,38,38069,1,2,1,3,Route Du Contour,45.43644,5.298763
202300000848,5,5,2023,2025-12-05 22:56:00,4,91,91570,1,1,2,7,Rn 104,48.62521,2.33097
202300000849,28,3,2023,2025-12-05 08:13:00,1,93,93066,2,1,1,1,Boulevard De La Liberation,48.92334,2.34288
202300000850,6,5,2023,2025-12-05 18:35:00,1,75,75116,1,1,1,6,A13Y,48.848456,2.2449
202300000851,29,11,2023,2025-12-05 17:20:00,2,38,38538,1,3,1,2,Rue Albert Girard Blanc,45.215263,5.850295
202300000852,28,3,2023,2025-12-05 07:00:00,2,92,92050,2,1,1,3,Clemenceau Georges Avenue Ndeg Pair,48.88601099,2.21458465
202300000853,24,11,2023,2025-12-05 04:40:00,3,2,2639,1,1,1,1,D420,49.720859,3.275471
202300000854,28,3,2023,2025-12-05 16:10:00,1,92,92048,2,1,2,6,Gardes (Route Des) Ndeg 5 A 51,48.81885304,2.23187327
202300000855,5,5,2023,2025-12-05 19:14:00,1,92,92050,1,1,2,4,A86,48.91808521,2.22294963
202300000856,29,11,2023,2025-12-05 17:45:00,3,58,58067,1,1,1,1,D907,47.103718,3.072095
202300000857,28,3,2023,2025-12-05 14:40:00,1,92,92040,2,1,1,6,Jean-Pierre Timbaud,48.81924872,2.24969342
202300000858,6,5,2023,2025-12-05 07:49:00,1,93,93006,1,1,1,6,Autoroute A3,48.86627623,2.41437177
202300000859,29,11,2023,2025-12-05 17:47:00,3,50,50388,1,1,1,6,D971,49.028998,-1.462539
202300000860,28,3,2023,2025-12-05 19:10:00,5,92,92062,2,9,8,2,Defense (Rond Point De La),48.890417,2.241709
202300000861,29,11,2023,2025-12-05 12:00:00,1,64,64487,1,1,8,6,Rd 918,43.19220313,-1.02317423
202300000862,6,5,2023,2025-12-05 06:15:00,2,92,92036,1,1,2,7,Autoroute A15,48.94364712,2.28775617
202300000863,30,11,2023,2025-12-05 13:20:00,1,64,64250,1,1,2,6,Chemin De Laillet,43.513417,-1.209644
202300000864,28,3,2023,2025-12-05 17:10:00,1,92,92025,2,2,1,6,Stalingrad (Av De),48.928776,2.268825
202300000865,5,5,2023,2025-12-05 12:00:00,1,43,43157,2,7,1,6,27 Rue Jean Baudoin,45.030042,3.883772
202300000866,30,11,2023,2025-12-05 08:20:00,1,64,64238,2,1,2,7,Route De Poutsas,43.25339379,-0.05384132
202300000867,4,5,2023,2025-12-05 10:10:00,1,72,72181,2,9,1,6,Tironneau Adrien (Pl),47.9835,0.21034
202300000868,28,3,2023,2025-12-05 16:30:00,1,92,92024,2,1,8,3,Marie Brechet (Allee),48.90192772,2.31900305
202300000869,30,11,2023,2025-12-05 10:00:00,1,18,18011,1,1,1,1,Adresse_Inconnue,47.566291,2.458266
202300000870,4,5,2023,2025-12-05 19:50:00,1,30,30028,2,6,1,1,Route Pont Saint Esprit,44.16913,4.61946
202300000871,28,3,2023,2025-12-05 12:00:00,1,92,92002,2,1,1,6,Mediterranee (Rue De La),48.73809258,2.28948802
202300000872,2,4,2023,2025-12-05 13:45:00,1,85,85051,2,1,1,2,44 Avenue Du Marechal De Lattre De Tassigny,46.68471,-1.041893
202300000873,4,5,2023,2025-12-05 07:45:00,1,6,6085,2,1,1,6,Carimai (Rue),43.578131,6.992748
202300000874,30,11,2023,2025-12-05 08:40:00,1,28,28089,2,3,1,6,57 Rue Jean Moulin,48.579528,1.243939
202300000875,28,3,2023,2025-12-05 15:10:00,1,17,17045,1,1,1,1,D118,45.865752,-0.832633
202300000876,4,5,2023,2025-12-05 18:44:00,1,94,94003,2,5,1,6,Avenue Jean Jaures / Avenue Du Chaperon Vert,48.81089151,2.33460036
202300000877,30,11,2023,2025-12-05 06:30:00,3,52,52469,1,9,9,7,Route Communale 2,48.053128,5.073731
202300000878,28,3,2023,2025-12-05 20:45:00,3,22,22190,1,1,1,6,Le Rocher,48.535746,-2.079549
202300000879,3,5,2023,2025-12-05 08:00:00,1,91,91027,2,1,1,3,Imp Du Quai De L'Industrie,48.701524,2.398363
202300000880,29,3,2023,2025-12-05 12:00:00,1,77,77505,1,1,1,7,D33A1,48.920081,2.988337
202300000881,5,7,2023,2025-12-05 14:55:00,1,6,6069,2,1,1,1,Bobet (Avenue Louison),43.62623,6.93957
202300000882,29,11,2023,2025-12-05 11:10:00,1,31,31296,1,1,8,6,A64 - Pk218.000,43.120268,0.895409
202300000883,29,3,2023,2025-12-05 10:30:00,1,974,97422,2,3,1,3,Chemin Neuf,-21.248373,55.518828
202300000884,3,5,2023,2025-12-05 12:00:00,1,93,93006,2,1,1,6,150 Rue Sadi Carnot,48.87394436,2.42220908
202300000885,30,11,2023,2025-12-05 06:20:00,2,30,30347,1,1,8,1,Chemin Des Canaux (Pont),43.726002,4.270517
202300000886,27,3,2023,2025-12-05 14:30:00,1,972,97220,1,1,1,6,Morne Vent,14.5293765,-60.9003375
202300000887,2,5,2023,2025-12-05 18:15:00,1,62,62193,2,1,1,6,Copernic,50.94174,1.86601
202300000888,28,11,2023,2025-12-05 17:23:00,3,73,73068,1,1,8,2,Autoroute A43 - Pk 124.300,45.56332127,6.20650917
202300000889,2,5,2023,2025-12-05 18:10:00,1,34,34172,2,9,1,1,777 Rue De Bionne,43.60771,3.82135
202300000890,28,3,2023,2025-12-05 13:30:00,1,38,38239,2,2,1,3,Route De Grenoble,45.329473,5.56913
202300000891,30,11,2023,2025-12-05 16:10:00,1,3,3305,1,1,2,6,"Point Kilometrique 004+040, A714, Sens 2",46.377336,2.679103
202300000892,2,5,2023,2025-12-05 10:45:00,1,33,33063,2,2,1,6,Rue Tastet,44.83502,-0.58222
202300000893,29,3,2023,2025-12-05 04:40:00,3,8,8163,1,1,1,2,A 34,49.607818,4.530079
202300000894,29,3,2023,2025-12-05 17:50:00,1,35,35024,2,1,8,6,Rue Du Mont Saint-Michel,48.188443,-1.626996
202300000895,2,5,2023,2025-12-05 19:10:00,1,17,17415,2,1,1,6,Tombouctou Avenue De,45.737402,-0.657113
202300000896,28,3,2023,2025-12-05 18:45:00,2,56,56240,2,1,1,6,Parking Du Supermarche Casino,47.527982,-2.75701
202300000897,2,5,2023,2025-12-05 08:10:00,1,93,93029,2,1,1,6,Rue De La Station,48.92989,2.42587
202300000898,1,5,2023,2025-12-05 10:45:00,1,92,92050,2,2,1,6,Republique Avenue De La,48.89730805,2.19757944
202300000899,27,3,2023,2025-12-05 10:50:00,1,76,76517,1,2,1,3,Route D?Houppeville - Route De Creve Coeur,49.522179,1.136232
202300000900,29,3,2023,2025-12-05 17:00:00,1,80,80512,2,1,1,2,19 Route De Rouen,50.086429,1.816171