num_acc,jour,mois,an,hrmn,lum,dep,com,agg,int,atm,col,adr,lat,long
202300000901,30,4,2023,2025-12-05 14:35:00,1,78,78401,2,9,1,2,Rhin Et Danube (Pont),49.00384,1.90691
202300000902,29,3,2023,2025-12-05 07:40:00,1,82,82112,2,9,1,6,Rue Elie Cayla,44.102333,1.09175
202300000903,30,4,2023,2025-12-05 13:45:00,1,93,93072,2,1,1,6,Boulevard Maxime Gorki,48.95067,2.38567
202300000904,29,11,2023,2025-12-05 17:25:00,5,6,6085,1,6,1,3,Avenue De La Victoire,43.5855909,7.0059725
202300000905,28,3,2023,2025-12-05 15:30:00,1,81,81048,1,1,1,3,Route De Saint Quintin,43.960588,2.126911
202300000906,30,4,2023,2025-12-05 10:00:00,1,93,93027,2,1,1,6,Rue Suzanne Masson,48.92325,2.38482
202300000907,29,11,2023,2025-12-05 18:27:00,5,31,31254,2,9,1,6,Prologue (Arret De Bus),43.548093,1.507648
202300000908,29,3,2023,2025-12-05 17:50:00,1,11,11355,1,2,1,3,Adresse_Inconnue,43.099784,2.207823
202300000909,28,4,2023,2025-12-05 21:00:00,5,72,72181,2,1,1,6,Blum Leon (Rue) Ndeg Imp,47.99494,0.22968
202300000910,28,11,2023,2025-12-05 08:55:00,1,34,34259,1,1,1,1,Route De Pignan,43.603469,3.783465
202300000911,28,3,2023,2025-12-05 20:30:00,3,71,71134,1,1,1,6,Route De La Chapelle (Clermain),46.365417,4.576793
202300000912,27,4,2023,2025-12-05 14:20:00,1,71,71306,2,1,1,6,De Lattre De Tassigny (Bld Du Marechal),46.67679,4.37343
202300000913,28,3,2023,2025-12-05 13:30:00,1,55,55166,2,4,1,3,D34,49.112759,5.386466
202300000914,26,4,2023,2025-12-05 17:10:00,1,69,69386,2,5,1,6,Avenue Thiers,45.76607645,4.86179849
202300000915,29,11,2023,2025-12-05 07:56:00,2,34,34202,1,1,1,4,M5,43.575267,3.74747
202300000916,23,3,2023,2025-12-05 16:40:00,1,49,49291,1,1,2,7,D360,47.165844,-0.107895
202300000917,3,2,2023,2025-12-05 15:30:00,1,972,97209,1,1,1,6,Fond Lada (Rue Du),14.62301,-61.08083
202300000918,27,3,2023,2025-12-05 07:50:00,1,12,12254,1,1,1,3,D27,44.468262,2.497177
202300000919,29,11,2023,2025-12-05 17:30:00,5,45,45028,2,1,1,3,D2152 Pr 85 + 180,47.779046,1.629233
202300000920,5,5,2023,2025-12-05 23:45:00,5,974,97416,2,1,1,4,Hubert De Lisle(Boulevard),-21.34365,55.47241
202300000921,28,3,2023,2025-12-05 08:00:00,1,86,86129,1,1,1,3,D80,46.842827,0.752093
202300000922,28,11,2023,2025-12-05 18:15:00,5,77,77315,1,1,1,3,D934,48.882331,2.8222289
202300000923,5,5,2023,2025-12-05 11:45:00,1,974,97411,2,1,1,4,Jaures (Boulevard Jean),-20.89033,55.45982
202300000924,28,3,2023,2025-12-05 17:38:00,1,86,86082,1,3,1,2,D97C,46.356799,0.197668
202300000925,30,11,2023,2025-12-05 18:05:00,5,77,77183,2,1,1,6,D603,48.94857,3.126293
202300000926,28,3,2023,2025-12-05 07:40:00,1,68,68284,2,5,1,3,Rue De Waldighoffen,47.538869,7.328857
202300000927,5,5,2023,2025-12-05 18:30:00,5,974,97407,1,1,1,3,Route Nationale Ndeg 1,-20.95272,55.31626
202300000928,30,11,2023,2025-12-05 07:35:00,2,11,11243,1,1,1,6,D6113,43.35589,1.822481
202300000929,23,3,2023,2025-12-05 15:40:00,1,44,44129,1,1,2,4,Rue Benjamin Franklin,47.409497,-2.036397
202300000930,6,5,2023,2025-12-05 00:20:00,5,69,69387,2,3,1,3,Rue Challemel Lacour,45.72939,4.84577
202300000931,30,11,2023,2025-12-05 08:45:00,1,13,13013,1,1,5,1,D908,43.414993,5.583158
202300000932,29,3,2023,2025-12-05 13:10:00,1,35,35297,1,1,1,1,Le Bahac,48.20853543,-2.17529833
202300000933,29,11,2023,2025-12-05 22:10:00,3,13,13027,1,1,2,2,Route De Tarascon,43.869095,4.812312
202300000934,5,5,2023,2025-12-05 07:45:00,1,69,69388,2,1,1,6,5 Place Andre Latarjet,45.73017,4.88546
202300000935,28,3,2023,2025-12-05 12:40:00,1,2,2571,1,3,1,3,Adresse_Inconnue,49.887619,3.311949
202300000936,5,5,2023,2025-12-05 08:20:00,1,971,97101,2,1,1,7,Chauvel,16.2386426,-61.52837276
202300000937,28,11,2023,2025-12-05 07:50:00,2,71,71176,2,3,1,3,71 Rue Francois Ducarouge,46.490589,3.993788
202300000938,28,3,2023,2025-12-05 17:45:00,1,26,26338,1,3,7,1,Route De Saint Gervais,44.571019,4.808133
202300000939,3,5,2023,2025-12-05 12:45:00,1,971,97113,2,1,1,3,Grand Baie ( Rn4),16.21798,-61.50959
202300000940,28,3,2023,2025-12-05 08:25:00,1,72,72039,2,1,1,6,8 Rue De Twistringen,48.185577,0.426951
202300000941,30,11,2023,2025-12-05 14:20:00,1,38,38565,1,1,2,3,Quai Des Chartreux,45.302841,5.638744
202300000942,28,3,2023,2025-12-05 21:10:00,3,72,72190,1,1,1,1,Rd40,47.91030156,0.76256275
202300000943,5,5,2023,2025-12-05 12:54:00,1,2A,2A004,2,1,1,6,Giovanangelli Roland  Rue,41.93153,8.75714
202300000944,29,3,2023,2025-12-05 15:00:00,1,6,6150,2,9,1,7,Chemin Des Vignasses,43.74266,7.395814
202300000945,29,11,2023,2025-12-05 17:40:00,3,1,1142,2,3,1,3,Boulevard Robert Schumann,45.848995,5.064928
202300000946,29,3,2023,2025-12-05 16:10:00,1,6,6079,2,6,1,3,675 Boulevard Des Ecureuils,43.544862,6.941614
202300000947,5,5,2023,2025-12-05 22:07:00,5,95,95219,2,3,1,1,D909,48.98174,2.271
202300000948,28,11,2023,2025-12-05 15:00:00,1,1,1043,2,3,2,3,Chemin Des Malettes,45.822874,4.998506
202300000949,29,3,2023,2025-12-05 07:50:00,1,6,6108,2,1,1,4,262 Boulevard Du 8 Mai,43.598129,6.954969
202300000950,5,5,2023,2025-12-05 13:20:00,1,95,95427,2,1,1,3,D193E,48.976171,2.352461
202300000951,29,3,2023,2025-12-05 09:15:00,1,14,14177,1,1,1,6,Route De Manerbe,49.196457,0.191789
202300000952,5,5,2023,2025-12-05 12:00:00,1,95,95018,2,1,1,6,29 Bridault (Avenue),48.94105,2.24311
202300000953,30,11,2023,2025-12-05 12:30:00,1,76,76164,1,1,1,2,Avenue Du Latham-47,49.524359,0.735784
202300000954,28,3,2023,2025-12-05 20:40:00,3,9,9332,1,1,1,5,N20,43.075393,1.639431
202300000955,21,3,2023,2025-12-05 02:25:00,3,10,10063,1,1,1,6,Rd396,48.371988,4.538341
202300000956,29,11,2023,2025-12-05 16:30:00,2,13,13211,1,1,1,4,Sens Aubagne Vers Marseille,43.28944,5.44617
202300000957,28,3,2023,2025-12-05 14:30:00,1,16,16287,1,1,1,6,Adresse_Inconnue,45.58314,0.030041
202300000958,5,5,2023,2025-12-05 08:15:00,1,91,91685,1,3,2,3,Che Des Marcoussets,48.65915,2.292279
202300000959,29,11,2023,2025-12-05 11:18:00,1,83,83035,1,1,1,6,A50,43.1632446,5.76707021
202300000960,25,3,2023,2025-12-05 11:20:00,1,7,7237,1,1,1,2,D 120,44.822403,4.700035
202300000961,26,3,2023,2025-12-05 21:10:00,2,40,40146,2,1,1,6,280 Route De Bahus-Soubiran,43.630245,-0.288066
202300000962,29,11,2023,2025-12-05 22:00:00,3,33,33075,1,1,3,6,Rocade A 630,44.89014923,-0.6140703
202300000963,5,5,2023,2025-12-05 20:20:00,1,91,91479,2,1,1,4,Av De Verdun,48.70566,2.3612
202300000964,25,2,2023,2025-12-05 22:49:00,5,85,85047,2,1,1,6,Prc De Stationnement 175 Rue Carnot,46.85336,-1.89384
202300000965,4,5,2023,2025-12-05 16:21:00,1,87,87085,2,1,1,7,Pompidou (Avenue Georges),45.81759,1.26695
202300000966,29,11,2023,2025-12-05 09:58:00,1,92,92019,1,1,1,2,Rn385,48.77615637,2.23692456
202300000967,29,3,2023,2025-12-05 14:20:00,1,27,27286,1,1,1,1,D29,49.181465,0.573521
202300000968,5,5,2023,2025-12-05 12:30:00,1,83,83137,2,1,1,3,Autoroute Ouest,43.12735,5.91872
202300000969,28,3,2023,2025-12-05 18:20:00,1,17,17043,2,3,1,2,30 Rue De La Rochelle,46.054438,-0.639854
202300000970,28,11,2023,2025-12-05 22:13:00,3,92,92064,1,1,1,4,A13,48.83976303,2.20327874
202300000971,4,5,2023,2025-12-05 17:30:00,1,83,83137,2,1,1,6,Reboul (Rue Pilote Pierre),43.11266241,5.94187081
202300000972,28,3,2023,2025-12-05 14:09:00,1,17,17346,1,3,1,3,D123,45.915793,-0.902635
202300000973,29,11,2023,2025-12-05 17:28:00,3,95,95572,1,1,1,3,A15,49.03187,2.11556
202300000974,5,5,2023,2025-12-05 08:55:00,1,82,82121,2,6,1,3,Danemark (Boulevard Du),43.98855,1.32979
202300000975,29,11,2023,2025-12-05 08:45:00,1,93,93006,1,1,1,2,Autoroute A3,48.86588,2.41673
202300000976,28,3,2023,2025-12-05 17:00:00,1,17,17091,1,1,1,4,D9,46.293934,-1.085544
202300000977,28,11,2023,2025-12-05 03:30:00,5,93,93066,1,1,8,2,Autoroute A1,48.92426,2.3572
202300000978,28,3,2023,2025-12-05 18:00:00,1,87,87140,1,3,1,1,Le Bois De Chamoret,45.902392,0.984671
202300000979,28,3,2023,2025-12-05 18:45:00,1,30,30269,2,1,1,2,Avenue Rene Boudon,44.104407,3.884279
202300000980,29,3,2023,2025-12-05 18:20:00,1,77,77431,2,1,1,3,D607,48.28046,2.68331
202300000981,27,9,2023,2025-12-05 15:30:00,1,74,74012,2,3,1,3,Mole (Rue Du),46.19744,6.23704
202300000982,24,3,2023,2025-12-05 17:30:00,1,46,46083,1,1,1,6,Pk 291.600 - A 20,45.01422976,1.53583867
202300000983,5,5,2023,2025-12-05 13:10:00,1,77,77014,2,1,1,6,Peupliers (Rue Des),48.41313,2.74158
202300000984,27,9,2023,2025-12-05 06:30:00,5,74,74012,2,2,1,2,Bonneville (Route De),46.187064,6.236103
202300000985,28,3,2023,2025-12-05 18:37:00,1,6,6088,1,1,1,4,"A8, Pk 199.450, Chaussee Sud",43.73222,7.279687
202300000986,5,5,2023,2025-12-05 19:00:00,1,77,77131,2,9,1,3,Strasbourg (Avenue De),48.807217,3.083554
202300000987,24,9,2023,2025-12-05 18:50:00,1,74,74033,2,6,1,7,10 Route De Grange Blanche,46.357465,6.675122
202300000988,29,3,2023,2025-12-05 09:00:00,1,49,49129,1,1,1,3,A11,47.49889786,-0.51688541
202300000989,23,3,2023,2025-12-05 22:30:00,3,51,51168,1,1,2,7,A26,48.906818,4.28441
202300000990,5,5,2023,2025-12-05 08:40:00,1,76,76351,2,1,1,2,Strasbourg (Bd),49.49271,0.11769
202300000991,28,3,2023,2025-12-05 00:40:00,5,987,98733,2,1,1,1,Rt1 Pk 18+500,-17.696,-149.548
202300000992,5,9,2023,2025-12-05 17:15:00,1,74,74056,1,1,1,4,Rn 205,45.90692606,6.84517175
202300000993,28,3,2023,2025-12-05 10:35:00,1,974,97421,2,1,1,6,Rue Michel Debre,-21.033638,55.532485
202300000994,4,5,2023,2025-12-05 23:30:00,5,76,76351,2,1,1,2,Leningrad (Bd De),49.50004,0.17146
202300000995,3,9,2023,2025-12-05 12:30:00,1,74,74275,1,1,7,5,Rd42,45.816678,6.244319
202300000996,29,3,2023,2025-12-05 08:30:00,1,973,97304,1,1,3,7,Route De L?Espace,5.280901,-52.821085
202300000997,6,6,2023,2025-12-05 19:30:00,1,73,73008,2,1,1,6,Chambery Rue De,45.68722,5.91399
202300000998,5,5,2023,2025-12-05 11:05:00,1,74,74012,2,1,1,5,Thonon (Route De),46.19551,6.26172
202300000999,29,3,2023,2025-12-05 03:25:00,4,978,97801,2,3,1,6,Voi 48 Rue De Hollande,18.064699,-63.085685
202300001000,23,11,2023,2025-12-05 16:30:00,1,976,97611,1,1,1,2,M'Tsapere-Nationale 2 (Route),-12.788498,45.222978
202300001001,5,5,2023,2025-12-05 19:08:00,1,72,72181,2,6,1,2,Oyon Alexandre (Bd),47.99,0.19
202300001002,29,3,2023,2025-12-05 14:50:00,1,45,45051,1,1,1,1,D952 Pr 37 + 509,47.838236,2.344605
202300001003,28,11,2023,2025-12-05 07:25:00,1,974,97416,1,3,1,3,Thorez (Chemin Maurice),-21.26247,55.48101
202300001004,28,3,2023,2025-12-05 18:30:00,1,13,13109,1,1,1,1,D17,43.523582,5.498857
202300001005,4,5,2023,2025-12-05 23:00:00,3,72,72181,2,1,1,1,Madrid (Av De),48.01808,0.21041
202300001006,29,3,2023,2025-12-05 15:00:00,1,52,52432,1,1,1,6,D121,47.92662361,5.3387332
202300001007,28,11,2023,2025-12-05 10:20:00,1,974,97416,1,1,1,3,Antoine Picard(Chemin),-21.32938,55.52835
202300001008,27,3,2023,2025-12-05 10:30:00,1,26,26179,1,6,1,3,Route De La Teppe,45.058515,4.866955
202300001009,4,5,2023,2025-12-05 17:50:00,1,71,71153,2,9,1,2,Marcet (Rue Baptiste),46.79544,4.43463
202300001010,28,11,2023,2025-12-05 05:30:00,1,974,97409,2,4,1,6,Cressonniere (Rue De La),-20.968862,55.656415
202300001011,28,3,2023,2025-12-05 08:15:00,2,69,69140,2,3,1,3,Route De Charnay,45.886517,4.697063
202300001012,28,11,2023,2025-12-05 11:30:00,1,972,97213,2,1,1,7,Route Nationale 1,14.64132,-60.97606
202300001013,29,3,2023,2025-12-05 10:45:00,1,33,33383,1,1,1,6,D103E5,45.34942085,-0.84008932
202300001014,27,11,2023,2025-12-05 11:50:00,1,972,97209,2,1,1,6,Alfassa (Boulevard),14.60192,-61.06764
202300001015,27,3,2023,2025-12-05 19:55:00,1,85,85118,1,1,1,7,Rd160,46.63614,-1.55038
202300001016,5,5,2023,2025-12-05 20:56:00,1,69,69266,2,1,1,1,Pont De Croix-Luizet,45.78390038,4.89436066
202300001017,28,3,2023,2025-12-05 08:15:00,1,60,60157,2,1,1,3,Avenue Gambetta,49.384328,2.398608
202300001018,5,5,2023,2025-12-05 12:40:00,1,69,69290,2,1,1,2,36 Chemin De Genas,45.71681,4.96388
202300001019,28,11,2023,2025-12-05 18:58:00,5,2B,2B033,2,6,6,3,Giaccobbi - Av Paul,42.67183,9.44178
202300001020,27,3,2023,2025-12-05 14:28:00,1,59,59452,2,1,1,1,1 Allee De La Clairiere,50.459292,3.033957
202300001021,28,11,2023,2025-12-05 08:35:00,1,2B,2B037,1,1,1,6,Toutes Rues,42.59417,9.43869
202300001022,5,5,2023,2025-12-05 08:00:00,1,69,69276,2,6,1,3,Route De Venissieux,45.683,4.87
202300001023,28,3,2023,2025-12-05 17:30:00,1,13,13033,1,1,1,2,A55-Sens Martigues Vers Marseille,43.38068171,5.21342039
202300001024,28,11,2023,2025-12-05 09:40:00,1,2B,2B033,2,9,1,6,Toutes Rues,42.67069,9.442
202300001025,28,3,2023,2025-12-05 09:25:00,1,13,13210,1,1,1,2,A507 Sens Marseille - Aubagne,43.28721681,5.42476967
202300001026,5,5,2023,2025-12-05 05:45:00,2,67,67482,2,3,1,3,Comedie (Rue De La),48.585126,7.750983
202300001027,28,11,2023,2025-12-05 17:50:00,3,971,97113,1,1,8,3,Grand Baie ( Rn4),16.21821,-61.5121
202300001028,27,3,2023,2025-12-05 08:50:00,1,13,13215,2,4,6,3,A7-Sens Marseille Vers Lyon,43.365837,5.360607
202300001029,28,11,2023,2025-12-05 14:00:00,1,971,97101,1,1,2,1,Petit Perou,16.26106,-61.51674
202300001030,5,5,2023,2025-12-05 14:56:00,1,64,64335,2,1,1,2,Tarbes De,43.33216,-0.42353
202300001031,27,3,2023,2025-12-05 09:30:00,1,83,83137,1,1,1,4,A57,43.124162,5.963961
202300001032,28,11,2023,2025-12-05 07:00:00,1,971,97101,2,1,1,3,Petit Perou,16.25376,-61.51409
202300001033,28,3,2023,2025-12-05 08:00:00,1,33,33550,1,1,1,2,Rocade A 630,44.781,-0.581
202300001034,4,5,2023,2025-12-05 18:50:00,1,60,60175,2,9,1,6,31 Rue Gambetta,49.26371,2.47402
202300001035,28,11,2023,2025-12-05 09:30:00,1,90,90010,2,2,2,7,Frery (Rue),47.64063,6.85985
202300001036,27,3,2023,2025-12-05 08:35:00,1,33,33039,1,1,1,2,Route Nationale 230,44.80550858,-0.53030491
202300001037,5,5,2023,2025-12-05 13:45:00,1,60,60057,2,9,1,6,Avenue De Champagne,49.43755,2.09818
202300001038,27,11,2023,2025-12-05 18:00:00,1,84,84007,2,1,1,6,Seghers (Rue Pierre),43.92878,4.83868
202300001039,27,3,2023,2025-12-05 06:30:00,5,33,33318,1,1,2,3,Autoroute A 63,44.78920107,-0.62058806
202300001040,5,5,2023,2025-12-05 21:30:00,2,59,59350,2,1,1,6,Gambetta Leon Rue,50.6296,3.055
202300001041,27,11,2023,2025-12-05 13:00:00,1,84,84007,2,1,1,6,Eisenhower (Avenue),43.94178,4.79876
202300001042,28,3,2023,2025-12-05 08:00:00,1,91,91661,1,1,1,2,Autoroute A10,48.70751,2.25078
202300001043,28,3,2023,2025-12-05 08:56:00,1,92,92050,1,1,1,3,A14,48.90008747,2.20944671
202300001044,26,11,2023,2025-12-05 15:15:00,1,84,84007,2,6,1,1,C.De Gaulle (Rocade),43.92887,4.81351
202300001045,5,5,2023,2025-12-05 09:10:00,1,59,59378,1,3,1,3,Beuvrecque Rue De La,50.70531,3.11453
202300001046,27,3,2023,2025-12-05 09:50:00,1,95,95582,1,1,1,4,A15,48.96682579,2.25512844
202300001047,23,11,2023,2025-12-05 09:45:00,1,83,83129,2,1,1,6,Republique (Avenue De La),43.09299929,5.83904238
202300001048,4,5,2023,2025-12-05 16:00:00,1,57,57672,2,1,1,3,Asie (Chaussee D') - Impair,49.365,6.1516
202300001049,15,10,2023,2025-12-05 11:10:00,1,80,80001,2,9,7,6,General Leclerc (Du),50.107365,1.84228
202300001050,28,3,2023,2025-12-05 08:30:00,1,94,94015,1,1,1,3,A4,48.83297415,2.53364925
202300001051,6,6,2023,2025-12-05 15:30:00,1,50,50129,2,2,1,3,Est (Boulevard De L'),49.63512,-1.58642
202300001052,5,5,2023,2025-12-05 08:12:00,1,57,57463,2,1,1,3,General Metman,49.11908,6.20484
202300001053,27,3,2023,2025-12-05 23:29:00,3,94,94028,1,1,1,6,N406,48.77051476,2.44791993
202300001054,10,6,2023,2025-12-05 00:30:00,3,49,49246,1,1,3,6,Gallieni Avenue,47.44128,-0.51183
202300001055,4,5,2023,2025-12-05 13:15:00,1,54,54395,2,2,1,3,Boulevard Lobau,48.685609,6.195661
202300001056,27,3,2023,2025-12-05 11:45:00,1,77,77363,1,1,1,2,A104,48.9147116,2.63454857
202300001057,27,3,2023,2025-12-05 02:00:00,3,77,77059,1,1,1,7,A104,48.84560028,2.66239958
202300001058,28,11,2023,2025-12-05 06:15:00,5,77,77438,2,1,2,6,Marne (Rue De  La),48.87232,2.67672
202300001059,4,5,2023,2025-12-05 10:20:00,1,52,52121,2,3,1,3,Lilas (Rue Des),48.11061,5.15099
202300001060,26,11,2023,2025-12-05 20:55:00,3,77,77186,1,1,2,3,D142,48.454406,2.671203
202300001061,8,1,2023,2025-12-05 10:00:00,1,74,74048,2,3,2,6,D903,46.276332,6.398367
202300001062,9,6,2023,2025-12-05 05:31:00,4,44,44055,2,2,2,2,92 Avenue Du Marechal De Lattre De Tassigny,47.28379,-2.4045
202300001063,5,5,2023,2025-12-05 11:00:00,1,51,51454,2,4,2,3,Avenue De Laon,49.27831,4.01512
202300001064,28,11,2023,2025-12-05 08:29:00,1,76,76540,2,2,1,6,Avenue De La Porte Des Champs,49.44299,1.10445
202300001065,9,6,2023,2025-12-05 14:45:00,1,35,35055,2,1,1,3,Coat A Noz (Allee De),48.08508,-1.62928
202300001066,25,3,2023,2025-12-05 07:40:00,1,75,75119,2,1,1,2,Porte De La Villette,48.899907,2.391475
202300001067,5,5,2023,2025-12-05 16:16:00,1,49,49267,2,1,1,3,Patis,47.47506,-0.50611
202300001068,5,5,2023,2025-12-05 05:13:00,5,49,49007,2,1,1,7,Plantagenet,47.47241,-0.55449
202300001069,27,11,2023,2025-12-05 13:40:00,1,76,76351,2,2,3,3,Marechal Joffre (Rue),49.49999,0.12961
202300001070,4,5,2023,2025-12-05 14:20:00,1,49,49007,2,1,1,7,Camus,47.44855,-0.52512
202300001071,27,3,2023,2025-12-05 18:00:00,2,75,75117,2,3,1,3,Boulevard Bessieres,48.897616,2.324154
202300001072,9,6,2023,2025-12-05 14:06:00,1,35,35238,1,1,1,2,Rn136,48.11036716,-1.71798974
202300001073,27,11,2023,2025-12-05 17:00:00,2,76,76351,2,1,3,6,Clemenceau (Bd),49.49017,0.09751
202300001074,9,6,2023,2025-12-05 07:40:00,1,35,35278,2,6,2,3,Auge De Pierre (Rond Point De L'),48.13667,-1.69294
202300001075,27,3,2023,2025-12-05 10:00:00,1,75,75116,2,1,7,6,Avenue Georges Lafont,48.83698621,2.25620449
202300001076,5,5,2023,2025-12-05 12:59:00,1,47,47031,2,3,1,2,Docteur Nogues (Av Du),44.19133,0.65075
202300001077,27,11,2023,2025-12-05 12:15:00,1,76,76351,1,2,2,3,Amiral Courbet,49.4852,0.13129
202300001078,7,6,2023,2025-12-05 03:50:00,3,34,34301,1,1,1,1,Route D'Agde,43.37332,3.62471
202300001079,5,5,2023,2025-12-05 07:50:00,1,45,45234,2,2,3,3,135 Rue Du Petit Pont,47.92278396,1.92963928
202300001080,28,11,2023,2025-12-05 07:55:00,2,72,72181,1,9,2,3,Piffault Pierre (Av) Bessemer A Monnier,47.97006,0.17986
202300001081,27,3,2023,2025-12-05 13:18:00,1,75,75114,2,7,1,3,Avenue Denfert Rochereau,48.834546,2.332611
202300001082,27,11,2023,2025-12-05 07:45:00,5,72,72181,2,1,2,6,Bollee (Av) Ndeg Imp 65 A 199,47.999,0.2129
202300001083,9,6,2023,2025-12-05 06:45:00,1,33,33522,2,6,1,3,Rond-Point Crespy,44.80663,-0.5862
202300001084,9,6,2023,2025-12-05 08:08:00,1,31,31555,1,1,1,3,Va007598 Lespinet A620 Sortie 20,43.57319,1.47249
202300001085,28,11,2023,2025-12-05 07:30:00,4,70,70550,2,6,2,6,Dolle (Rue Victor),47.63785,6.15606
202300001086,5,5,2023,2025-12-05 12:02:00,1,38,38053,2,6,1,6,Saint Michel (Bld),45.58929721,5.27772435
202300001087,27,3,2023,2025-12-05 16:05:00,1,75,75112,2,7,1,6,Place De La Nation,48.847472,2.396703
202300001088,9,6,2023,2025-12-05 08:54:00,1,29,29019,2,1,1,6,Rue Mirabeau,48.4077401,-4.48844133
202300001089,27,11,2023,2025-12-05 15:00:00,1,69,69290,2,1,2,6,Route De Grenoble,45.71522,4.96334
202300001090,5,5,2023,2025-12-05 13:35:00,1,37,37122,2,1,8,6,Hugo (Avenue Victor),47.35108,0.66454
202300001091,9,6,2023,2025-12-05 17:40:00,1,28,28134,2,1,1,7,Ethe Virton (Rue D),48.74346,1.38161
202300001092,27,3,2023,2025-12-05 12:50:00,1,75,75112,2,1,1,3,Rue Villiot,48.841357,2.37495
202300001093,27,11,2023,2025-12-05 10:00:00,1,69,69259,2,1,2,4,Boulevard Laurent Bonnevay,45.72040802,4.8819302
202300001094,5,5,2023,2025-12-05 06:15:00,4,37,37261,2,1,3,2,Grammont (Avenue De),47.37586026,0.69462776
202300001095,27,11,2023,2025-12-05 19:30:00,5,67,67482,2,1,2,1,Ganzau (Rue De La),48.54335,7.76494
202300001096,4,5,2023,2025-12-05 11:15:00,1,33,33063,2,2,7,2,Avenue De Verdun,44.83878,-0.62607
202300001097,9,6,2023,2025-12-05 10:50:00,1,25,25462,2,1,1,2,Liberation De La (Du 22 A La Fin),46.91748,6.34337
202300001098,27,3,2023,2025-12-05 00:15:00,5,75,75112,2,3,1,2,Avenue Du Tremblay,48.835837,2.453161
202300001099,25,11,2023,2025-12-05 11:55:00,1,66,66136,2,1,1,2,Adresse_Inconnue,42.6856,2.90198
202300001100,9,6,2023,2025-12-05 11:45:00,1,25,25056,2,1,1,2,Kastler Rue Alfred,47.22652,5.97272
202300001101,5,5,2023,2025-12-05 17:02:00,1,31,31555,2,1,1,6,Semard (Bd Pierre),43.611232,1.453069
202300001102,27,3,2023,2025-12-05 16:45:00,1,75,75111,2,1,1,3,Boulevard Voltaire,48.860235,2.376009
202300001103,28,11,2023,2025-12-05 07:45:00,2,64,64348,1,3,1,2,Martyrs Du Pont Long Des,43.34834,-0.37996
202300001104,9,6,2023,2025-12-05 02:00:00,5,25,25056,2,1,1,6,Port Citeaux Rue Du,47.23799,6.01683
202300001105,5,5,2023,2025-12-05 15:30:00,1,31,31555,2,1,1,3,4 Boulevard De L'Embouchure,43.61609,1.43651
202300001106,28,11,2023,2025-12-05 10:45:00,1,64,64024,2,1,1,2,Espagne (Avenue D'),43.47982,-1.51763
202300001107,27,3,2023,2025-12-05 18:45:00,1,75,75103,2,2,1,6,Rue Beaubourg,48.863748,2.354885
202300001108,4,5,2023,2025-12-05 13:10:00,1,31,31555,2,1,1,6,Bd Deodat De Severac,43.590074,1.420873
202300001109,27,11,2023,2025-12-05 16:05:00,1,64,64102,2,1,8,6,Paulmy (Avenue Des Allees),43.48861,-1.48254
202300001110,9,6,2023,2025-12-05 17:35:00,1,22,22278,2,1,3,7,Brest (De),48.51224,-2.76703
202300001111,28,4,2023,2025-12-05 06:00:00,1,30,30189,1,1,1,1,Route D'Ales,43.84126,4.319
202300001112,27,3,2023,2025-12-05 12:16:00,1,75,75103,2,2,1,2,Rue Vieille Du Temple,48.858678,2.358759
202300001113,28,11,2023,2025-12-05 11:00:00,1,62,62525,2,1,1,3,Avenue Clemenceau,50.74259,2.24895
202300001114,9,6,2023,2025-12-05 09:40:00,1,22,22278,2,1,2,2,Proust (Marcel),48.49332,-2.74913
202300001115,17,4,2023,2025-12-05 07:30:00,1,30,30075,1,1,1,3,Adresse_Inconnue,43.81945,4.29463
202300001116,27,11,2023,2025-12-05 17:40:00,5,59,59599,2,1,3,6,Joffre (Avenue Marechal),50.71587,3.174
202300001117,8,6,2023,2025-12-05 10:48:00,1,19,19031,2,1,1,6,Goncourt (Rue Des Freres),45.15746,1.50794
202300001118,27,3,2023,2025-12-05 16:40:00,1,94,94081,2,2,1,3,Avenue Rouget De Lisle / Rue Anselme Rondenay,48.77817,2.39649
202300001119,9,6,2023,2025-12-05 19:50:00,2,15,15014,1,9,2,7,Rn 122 ( La Sabliere),44.9005,2.41664
202300001120,28,11,2023,2025-12-05 17:40:00,5,59,59033,2,1,2,2,Jean Jaures (Rue),50.19881761,3.84294546
202300001121,27,3,2023,2025-12-05 17:35:00,1,94,94067,2,2,1,3,Avenue Gallieni / Avenue Quihou,48.84665144,2.41663331
202300001122,5,5,2023,2025-12-05 21:45:00,3,29,29039,2,6,2,2,Rue De Kerneac'H,47.88316,-3.92249
202300001123,9,6,2023,2025-12-05 09:30:00,1,13,13215,2,1,1,1,Ruisseau Mi (Rue),43.35112707,5.35305313
202300001124,27,11,2023,2025-12-05 08:40:00,1,59,59286,2,2,2,3,Gambetta Leon Rue,50.61049,2.98317
202300001125,27,3,2023,2025-12-05 08:56:00,1,94,94041,2,2,1,3,Rue Moliere / Boulevard De Brandebourg,48.81467664,2.39431947
202300001126,5,5,2023,2025-12-05 22:00:00,5,29,29019,2,6,1,3,Boulevard De L'Europe,48.415712,-4.475402
202300001127,9,6,2023,2025-12-05 19:15:00,1,13,13001,2,1,1,3,St Louis (Cours),43.53076778,5.45228994
202300001128,26,11,2023,2025-12-05 18:15:00,5,57,57757,2,3,1,6,Jaures (Rue Jean),49.35311276,6.18075371