num_acc,jour,mois,an,hrmn,lum,dep,com,agg,int,atm,col,adr,lat,long
202300001129,27,3,2023,2025-12-05 19:15:00,1,94,94028,2,1,1,6,Rue Juliette Savar,48.78269,2.46427
202300001130,19,11,2023,2025-12-05 10:45:00,1,55,55545,2,1,1,6,Digue (Place De La ),49.15675,5.38725
202300001131,8,6,2023,2025-12-05 09:21:00,1,10,10387,2,6,1,3,Edouard Herriot (Rue),48.27577,4.07842
202300001132,27,3,2023,2025-12-05 20:00:00,2,93,93073,2,3,1,1,Avenue De La Paix / Rue Josette Et Maurice Audin,48.94965,2.56903
202300001133,4,5,2023,2025-12-05 17:40:00,1,28,28404,1,1,1,2,Rn 154,48.70379,1.37285
202300001134,8,6,2023,2025-12-05 17:40:00,1,7,7281,2,1,1,6,Republique (Rue De La),44.94589,4.84704
202300001135,12,11,2023,2025-12-05 06:30:00,2,55,55545,2,1,1,3,Quarante Deuxieme Division (Avenue De La,49.16343,5.39415
202300001136,27,3,2023,2025-12-05 18:44:00,1,93,93066,2,1,1,3,Boulevard Anatole France,48.92347329,2.34791994
202300001137,4,5,2023,2025-12-05 09:00:00,1,27,27234,1,1,1,2,Rn 154,49.0163728,1.1903749
202300001138,23,10,2023,2025-12-05 16:40:00,2,55,55545,2,1,1,3,Commandant Raynal ( Avenue ),49.13322,5.30807
202300001139,9,6,2023,2025-12-05 13:45:00,1,6,6088,2,2,1,3,Gal (R. Auguste),43.70695,7.28756
202300001140,27,3,2023,2025-12-05 15:20:00,1,93,93049,2,1,1,1,10 Rue Raspail,48.85409979,2.51431748
202300001141,3,5,2023,2025-12-05 17:07:00,1,27,27229,2,1,1,6,Duhamel (Rue Georges),49.014,1.169
202300001142,19,12,2023,2025-12-05 16:27:00,1,22,22187,2,1,2,1,Descartes (Rue Rene ),48.54748,-2.80084
202300001143,9,6,2023,2025-12-05 06:45:00,1,6,6123,2,1,1,4,Vespins Route Des,43.66035,7.18166
202300001144,27,11,2023,2025-12-05 10:45:00,1,51,51454,2,3,2,3,Lundy (Boulevard),49.258899,4.037484
202300001145,27,3,2023,2025-12-05 14:45:00,1,93,93050,2,3,1,2,Avenue Du Marechal Leclerc / Rue Albert Camus,48.86118,2.54133
202300001146,6,6,2023,2025-12-05 13:15:00,1,3,3101,2,1,1,6,Avenue De Bressolles,46.36484,2.52754
202300001147,27,3,2023,2025-12-05 16:42:00,1,93,93079,2,1,1,6,Route De Saint-Leu,48.95496,2.33399
202300001148,27,11,2023,2025-12-05 07:45:00,3,51,51573,2,3,2,2,Femmes (Chemin Des),49.24239,3.99075
202300001149,8,6,2023,2025-12-05 13:35:00,1,2,2722,1,6,1,3,Adresse_Inconnue,49.36633,3.30984
202300001150,25,12,2023,2025-12-05 11:40:00,1,976,97607,1,1,1,5,Route De L'Est - Hajangoua,-12.872843,45.20911
202300001151,27,3,2023,2025-12-05 08:10:00,1,92,92072,2,1,1,3,Grande Rue,48.82527,2.21585
202300001152,28,11,2023,2025-12-05 08:20:00,1,49,49267,2,1,1,3,A87N,47.46669782,-0.51604572
202300001153,5,5,2023,2025-12-05 09:50:00,1,22,22278,2,1,1,7,Courses (Chem. Des),48.5181468,-2.72387289
202300001154,27,3,2023,2025-12-05 10:33:00,1,92,92020,2,1,1,6,Division Leclerc Avenue De La,48.7981,2.2827
202300001155,9,6,2023,2025-12-05 18:30:00,1,75,75117,2,1,1,3,Porte D Asnieres,48.890115,2.29852
202300001156,19,12,2023,2025-12-05 16:45:00,1,976,97607,1,1,1,1,Route De L'Est,-12.863189,45.198092
202300001157,27,11,2023,2025-12-05 09:38:00,1,49,49007,2,1,2,1,Saumuroise Impasse Et Rue,47.45619,-0.53081
202300001158,9,6,2023,2025-12-05 10:30:00,1,75,75114,2,1,1,7,Porte De Chatillon,48.82266,2.314235
202300001159,27,3,2023,2025-12-05 17:15:00,1,92,92035,2,1,8,6,National ( Boulevard ),48.90553314,2.23925695
202300001160,5,5,2023,2025-12-05 08:50:00,1,22,22278,2,1,1,6,Metairie (Jean),48.5112,-2.76649
202300001161,25,8,2023,2025-12-05 19:15:00,3,976,97611,2,1,1,6,Les Hauts Vallons-Filaos ( Av Des  ),-12.7588,45.22937
202300001162,27,3,2023,2025-12-05 08:30:00,1,92,92026,2,1,1,6,Armand Silvestre ( De 01 A 92),48.90159,2.26631
202300001163,28,11,2023,2025-12-05 13:15:00,1,47,47001,2,2,1,3,Pelletan (Boulevard Eugene),44.19917759,0.62631082
202300001164,8,6,2023,2025-12-05 21:15:00,5,75,75110,2,4,1,2,Rue La Fayette,48.882511,2.369259
202300001165,2,6,2023,2025-12-05 06:10:00,2,976,97611,2,9,1,6,Kaweni-Kaweni Sud  (Z I),-12.77072767,45.22686714
202300001166,5,5,2023,2025-12-05 22:30:00,5,18,18033,2,2,1,3,Boulevard Gambetta,47.08678,2.38861
202300001167,26,3,2023,2025-12-05 19:00:00,1,92,92004,2,1,2,6,Yvonne ( Avenue ),48.91837687,2.31544241
202300001168,27,11,2023,2025-12-05 12:03:00,1,45,45004,2,1,3,2,D2107 Pr 1 + 34,47.984715,2.732676
202300001169,27,5,2023,2025-12-05 18:05:00,5,976,97611,2,1,1,6,Boulevard Mawana Madi,-12.7815,45.23476
202300001170,9,6,2023,2025-12-05 20:45:00,2,75,75105,2,2,1,3,Rue Des Ecoles,48.848897,2.347469
202300001171,27,3,2023,2025-12-05 06:20:00,5,92,92002,2,1,1,6,Rabelais (Avenue),48.75217,2.30789
202300001172,5,5,2023,2025-12-05 20:05:00,1,17,17333,2,6,1,3,Juin (Avenue Marechal),45.612765,-0.991204
202300001173,13,2,2023,2025-12-05 16:30:00,1,976,97611,2,1,7,6,Tsoundzou-Kwale ( Route De ),-12.7990573,45.21570343
202300001174,28,11,2023,2025-12-05 08:25:00,2,38,38158,2,1,2,2,N 87,45.15911,5.75036
202300001175,9,6,2023,2025-12-05 18:20:00,1,75,75106,2,1,1,2,Rue Guynemer,48.847904,2.33253
202300001176,27,3,2023,2025-12-05 17:15:00,1,67,67273,1,1,8,7,Departementale 09,48.865315,7.284847
202300001177,25,12,2023,2025-12-05 19:00:00,3,88,88209,2,1,1,6,Domevre (Rue De),48.20431,6.40578
202300001178,2,5,2023,2025-12-05 17:20:00,1,15,15014,1,1,1,2,Rn122,44.9229,2.47365
202300001179,27,3,2023,2025-12-05 23:35:00,3,22,22067,1,1,1,6,Rn 12 Pk 91+0100,48.55350842,-3.17284119
202300001180,9,6,2023,2025-12-05 12:20:00,1,75,75119,2,3,1,3,Avenue Mathurin Moreau,48.87823,2.37354
202300001181,11,12,2023,2025-12-05 17:30:00,5,88,88486,1,3,1,1,Rd 43 - D243,48.024455,6.701365
202300001182,24,4,2023,2025-12-05 01:00:00,3,13,13108,1,1,1,1,Rd 970 Route D'Avignon,43.7731,4.68758
202300001183,28,11,2023,2025-12-05 17:45:00,5,37,37261,2,1,8,4,Mirabeau (Pont),47.40368,0.70248
202300001184,9,6,2023,2025-12-05 20:45:00,1,75,75117,2,3,1,6,Avenue De Villiers,48.881463,2.316007
202300001185,4,5,2023,2025-12-05 23:44:00,5,10,10387,2,1,1,6,Quai Du Comte Henri,48.2973,4.07955
202300001186,9,6,2023,2025-12-05 03:40:00,5,75,75117,2,2,1,2,Avenue De Clichy,48.89058,2.320196
202300001187,27,11,2023,2025-12-05 17:30:00,4,37,37261,2,1,2,6,Bruxelles (Place De),47.42696,0.68545
202300001188,20,7,2023,2025-12-05 14:05:00,1,91,91689,2,3,1,3,Av Ampere,48.730531,2.318242
202300001189,4,5,2023,2025-12-05 12:21:00,1,10,10357,2,9,1,2,Av Lieutenant Michel Taittinger,48.30225655,4.10246551
202300001190,25,3,2023,2025-12-05 19:28:00,3,62,62362,1,1,1,3,D72,50.3947536,2.51296149
202300001191,11,7,2023,2025-12-05 16:10:00,1,91,91044,2,1,1,1,Route D'Orleans,48.683113,2.284958
202300001192,28,11,2023,2025-12-05 19:00:00,5,35,35115,2,1,2,6,Groslay (Bd De Du Ndeg25 Au 43),48.35104201,-1.18496239
202300001193,9,6,2023,2025-12-05 16:45:00,1,75,75116,2,3,1,2,Rue De Remusat,48.847917,2.271405
202300001194,5,5,2023,2025-12-05 13:15:00,1,6,6088,2,1,1,6,Penetrante Du Paillon,43.72762,7.28379
202300001195,27,3,2023,2025-12-05 07:57:00,2,51,51264,1,1,1,7,D373,48.796641,3.616889
202300001196,9,10,2023,2025-12-05 18:57:00,2,28,28092,1,1,1,6,A 10,48.358188,1.87686
202300001197,28,11,2023,2025-12-05 14:15:00,1,34,34172,2,1,1,3,Domitienne (Voie),43.6232,3.86133
202300001198,9,6,2023,2025-12-05 11:00:00,1,75,75116,2,2,1,3,Boulevard Exelmans,48.841475,2.263877
202300001199,16,12,2023,2025-12-05 15:29:00,1,12,12145,2,1,1,6,Ayrolle (Boulevard De L'),44.09556,3.07668
202300001200,27,3,2023,2025-12-05 17:50:00,1,31,31150,2,1,1,1,Route De Pibrac,43.641645,1.317131
202300001201,28,11,2023,2025-12-05 22:50:00,5,33,33063,2,1,1,3,Boulevard Des Freres Moga,44.82302,-0.54234
202300001202,9,6,2023,2025-12-05 11:30:00,1,75,75115,2,2,1,6,Avenue Emile Zola,48.846555,2.283988
202300001203,24,12,2023,2025-12-05 06:40:00,2,32,32123,1,1,1,3,D12,43.649076,0.880532
202300001204,28,3,2023,2025-12-05 17:00:00,1,72,72241,2,1,1,2,Route De Saint Corneille,48.052353,0.392278
202300001205,9,6,2023,2025-12-05 10:30:00,1,75,75114,2,1,1,6,Rue Du Commandant Rene Mouchotte,48.838287,2.319624
202300001206,28,11,2023,2025-12-05 18:30:00,5,33,33063,2,3,1,3,Cours Edouard Vaillant,44.86335,-0.56131
202300001207,28,3,2023,2025-12-05 13:10:00,1,5,5156,2,1,1,6,D40,44.53994628,6.49778697
202300001208,13,12,2023,2025-12-05 16:15:00,1,14,14540,1,1,2,6,Gros Hetre (Chemin Du),49.155,0.244
202300001209,9,6,2023,2025-12-05 20:10:00,1,75,75112,2,1,1,3,Rue De Charenton,48.83463,2.393518
202300001210,10,2,2023,2025-12-05 11:40:00,1,73,73043,2,9,1,6,Impasse Des Chardons,45.762918,5.929914
202300001211,21,12,2023,2025-12-05 17:15:00,5,74,74010,2,1,1,6,152 Route De Meclaz,45.837697,6.068833
202300001212,28,11,2023,2025-12-05 15:30:00,1,33,33063,2,3,1,2,Boulevard Alfred Daney,44.86749,-0.57241
202300001213,9,6,2023,2025-12-05 10:30:00,1,75,75112,2,2,1,3,Echangeur Bercy,48.828189,2.390314
202300001214,11,11,2023,2025-12-05 03:00:00,3,14,14726,1,1,2,7,26 Route D'Aunay-Sur-Odon (Vassy),48.857805,-0.682096
202300001215,28,3,2023,2025-12-05 10:40:00,1,24,24520,1,1,1,1,Route Du Bugue,44.885226,1.188562
202300001216,28,11,2023,2025-12-05 10:50:00,1,33,33119,2,3,1,3,Rue Jules Guesde,44.85527526,-0.5357451
202300001217,9,6,2023,2025-12-05 22:38:00,5,75,75111,2,3,1,3,Avenue De La Republique,48.865845,2.371548
202300001218,22,9,2023,2025-12-05 14:00:00,1,52,52461,2,9,2,3,Rue Glapigny,48.002012,5.430116
202300001219,27,3,2023,2025-12-05 11:40:00,1,38,38053,1,3,2,1,Pk 0 D208,45.607624,5.229042
202300001220,28,11,2023,2025-12-05 20:00:00,5,31,31555,2,1,1,6,Bd De La Marquette,43.611799,1.425165
202300001221,9,6,2023,2025-12-05 15:00:00,1,75,75111,2,3,1,3,Boulevard Des Filles Du Calvaire,48.861354,2.367168
202300001222,28,9,2023,2025-12-05 23:56:00,4,972,97207,1,1,1,2,Route Nationale 5,14.566193,-60.979139
202300001223,27,3,2023,2025-12-05 12:15:00,1,974,97422,1,1,1,3,Route Nat 3 Pk 27,-21.171977,55.585338
202300001224,27,11,2023,2025-12-05 17:20:00,2,31,31555,2,1,2,6,Rue Louis Plana,43.613343,1.47669
202300001225,9,6,2023,2025-12-05 12:20:00,1,75,75111,2,2,1,3,Rue Jean Pierre Timbaud,48.868931,2.38046
202300001226,18,9,2023,2025-12-05 13:58:00,1,972,97213,1,1,1,2,Route Departementale 3,14.61295,-60.9951
202300001227,27,3,2023,2025-12-05 10:30:00,1,28,28055,1,3,1,1,Rd325.7,48.631845,1.414511
202300001228,7,11,2023,2025-12-05 10:52:00,1,30,30189,2,2,1,6,Rabaut Saint-Etienne (Rue),43.83796,4.35192
202300001229,9,6,2023,2025-12-05 09:05:00,1,75,75111,2,1,7,3,Rue De La Fontaine Au Roi,48.868325,2.370933
202300001230,28,3,2023,2025-12-05 11:45:00,1,2A,2A247,2,3,1,3,Rue Henry Frenay,41.605796,9.279644
202300001231,15,9,2023,2025-12-05 07:35:00,1,972,97213,1,1,1,4,Autoroute A1,14.61853,-61.02458
202300001232,28,11,2023,2025-12-05 18:05:00,3,29,29019,2,2,1,3,Rue Louis Delobeau,48.39418,-4.49366
202300001233,28,3,2023,2025-12-05 16:30:00,1,83,83077,2,1,7,6,Route De Brignoles,43.28623975,5.97573747
202300001234,9,6,2023,2025-12-05 14:15:00,1,75,75108,2,2,1,3,Rue De Rome,48.879496,2.321841
202300001235,27,11,2023,2025-12-05 17:55:00,5,28,28209,2,9,2,3,Soutine (Avenue De),48.472375,1.468764
202300001236,29,10,2023,2025-12-05 12:00:00,1,972,97213,1,9,2,1,Route Departementale 3,14.64105,-60.99135
202300001237,27,3,2023,2025-12-05 14:48:00,1,70,70262,1,1,1,7,N19,47.66671,6.378073
202300001238,9,6,2023,2025-12-05 15:30:00,1,94,94081,2,1,1,3,10 Avenue Youri Gagarine,48.788018,2.389907
202300001239,26,3,2023,2025-12-05 10:00:00,1,33,33179,2,1,1,6,D18,44.998644,-0.275066
202300001240,23,10,2023,2025-12-05 17:50:00,5,972,97213,1,1,1,1,Acajou Prolongee,14.6239344,-61.0193978
202300001241,27,11,2023,2025-12-05 17:45:00,3,28,28218,2,1,2,6,Proust( Avenue Marcel),48.43179,1.45737
202300001242,8,6,2023,2025-12-05 04:15:00,5,94,94017,2,3,1,2,Charles Floquet (Av),48.819526,2.482435
202300001243,28,3,2023,2025-12-05 04:30:00,3,33,33014,1,1,1,6,35 Route De Lyon,44.96895,-0.166072
202300001244,22,10,2023,2025-12-05 07:07:00,1,972,97213,1,1,2,6,Route Departementale 13,14.63304,-61.02713
202300001245,6,6,2023,2025-12-05 11:30:00,1,94,94052,2,1,1,3,23 Rue Thiers,48.83938556,2.48515007
202300001246,28,11,2023,2025-12-05 08:44:00,1,27,27229,2,1,1,1,Normandie (Boulevard De),49.021343,1.137852
202300001247,27,3,2023,2025-12-05 22:53:00,3,33,33439,1,1,1,1,1 Lieu Dit La Guillotine,45.121582,-0.416536
202300001248,10,10,2023,2025-12-05 18:40:00,5,972,97213,1,9,1,2,Route Departementale 15,14.62934,-61.00817
202300001249,27,11,2023,2025-12-05 07:45:00,5,22,22113,2,1,3,6,Marzin (Avenue Pierre),48.75322,-3.4584
202300001250,9,6,2023,2025-12-05 11:30:00,1,94,94043,2,1,1,2,Rue Pasteur,48.81542,2.36311
202300001251,28,3,2023,2025-12-05 08:30:00,1,33,33051,2,1,7,3,136 Avenue De La Cote D?Argent,44.640135,-0.962763
202300001252,5,4,2023,2025-12-05 12:35:00,1,13,13055,1,1,1,2,A50-Sens Marseille Vers Aubagne,43.2969,5.42485
202300001253,27,3,2023,2025-12-05 17:20:00,1,56,56206,2,1,1,6,16 Rue De Coetdigo,47.68672,-2.758695
202300001254,28,11,2023,2025-12-05 21:10:00,5,13,13204,2,2,1,3,Marechal Foch (Avenue),43.30072,5.3996
202300001255,9,6,2023,2025-12-05 20:46:00,1,94,94073,2,1,1,7,Av Du Mal De Lattre De Tassigny,48.75723,2.40433
202300001256,13,11,2023,2025-12-05 10:30:00,1,32,32151,1,1,1,2,D935,43.613848,-0.020503
202300001257,28,11,2023,2025-12-05 19:45:00,5,13,13208,2,1,1,6,Sablier (Boulevard Du),43.24846,5.38171
202300001258,22,9,2023,2025-12-05 19:40:00,1,92,92040,2,1,9,6,Freres Voisin (Boulevard Des),48.82787383,2.272677
202300001259,27,3,2023,2025-12-05 11:00:00,1,60,60282,2,4,1,4,Route De Noailles A Vineuil,49.21141477,2.42855787
202300001260,28,11,2023,2025-12-05 16:00:00,1,13,13209,2,1,1,1,Leon Lachamp (Route),43.24840899,5.4538933
202300001261,9,6,2023,2025-12-05 18:05:00,1,94,94028,2,5,1,5,Avenue Du General De Gaulle,48.78793,2.4466
202300001262,1,6,2023,2025-12-05 07:50:00,1,77,77129,1,1,1,1,D17,49.07421357,3.13502741
202300001263,25,3,2023,2025-12-05 09:00:00,1,57,57146,1,1,1,2,Autoroute A31,49.0261,6.1151
202300001264,28,11,2023,2025-12-05 08:55:00,1,13,13214,2,1,1,2,Daniel Casanova (Boulevard),43.33018804,5.37630722
202300001265,9,6,2023,2025-12-05 16:57:00,1,94,94011,2,9,1,3,Avenue Du Bicentenaire 1789 1989,48.76467,2.49052
202300001266,27,3,2023,2025-12-05 11:20:00,1,33,33550,1,1,1,3,Rocade A 630,44.77847408,-0.55457354
202300001267,5,11,2023,2025-12-05 19:35:00,5,78,78126,1,1,1,2,A13,48.836146,2.129035
202300001268,24,3,2023,2025-12-05 17:33:00,1,59,59462,1,1,1,6,Autoroute A1,50.51303,3.03244
202300001269,8,6,2023,2025-12-05 18:05:00,1,94,94028,2,1,1,6,Avenue Du General De Gaulle,48.78351,2.45278
202300001270,18,11,2023,2025-12-05 15:55:00,1,12,12145,2,6,1,3,Aumieres (Rond Point Des),44.10147,3.06736
202300001271,27,11,2023,2025-12-05 10:35:00,1,14,14040,1,1,2,6,Route Du Molay-Littry,49.265263,-0.75354
202300001272,27,3,2023,2025-12-05 07:29:00,2,94,94021,1,1,1,2,A6A,48.76295663,2.34128346
202300001273,23,11,2023,2025-12-05 14:50:00,1,10,10387,2,1,8,7,Michel Baroin (Rue),48.28302,4.092
202300001274,8,6,2023,2025-12-05 23:00:00,5,93,93078,2,2,1,6,Boulevard Robert Ballanger / Avenue Roger Salengro,48.95503,2.53725
202300001275,24,12,2023,2025-12-05 08:25:00,1,93,93066,2,1,8,6,Place Jean Poulmarch,48.932792,2.342561
202300001276,27,3,2023,2025-12-05 02:24:00,3,91,91661,1,1,1,6,Autoroute A10,48.693987,2.229945
202300001277,28,11,2023,2025-12-05 15:00:00,1,75,75112,2,1,1,3,Porte Doree,48.833191,2.406946
202300001278,16,12,2023,2025-12-05 18:20:00,3,67,67053,1,1,1,7,D705,48.226717,7.569623
202300001279,9,6,2023,2025-12-05 08:30:00,1,93,93070,2,2,1,3,Boulevard Jean Jaures / Rue Du Landy,48.91517,2.33759
202300001280,27,11,2023,2025-12-05 19:10:00,5,75,75118,2,1,2,7,Porte De Saint Ouen,48.900847,2.334437
202300001281,28,12,2023,2025-12-05 21:55:00,4,60,60290,2,1,1,5,Rue Du Pont,49.481401,2.129256
202300001282,27,3,2023,2025-12-05 10:00:00,1,92,92023,1,1,1,4,Rn385,48.77680855,2.23069899
202300001283,9,6,2023,2025-12-05 09:50:00,1,93,93066,2,3,1,1,Rue Maurice Thorez / Rue Pierre Brossolette,48.94184,2.34699
202300001284,1,1,2023,2025-12-05 17:00:00,2,59,59112,1,1,1,7,Adresse_Inconnue,50.39335674,3.54773465
202300001285,27,3,2023,2025-12-05 02:00:00,5,92,92051,1,1,1,1,Rn13,48.88309768,2.26592597
202300001286,28,11,2023,2025-12-05 20:50:00,5,75,75119,2,2,1,6,Avenue De Flandre,48.890564,2.376969
202300001287,9,6,2023,2025-12-05 07:05:00,1,93,93066,2,4,1,3,Boulevard De La Liberation / Quai De Saint Ouen,48.92996362,2.34088992
202300001288,23,11,2023,2025-12-05 17:55:00,3,43,43177,1,3,1,1,D500,45.316509,4.295075
202300001289,28,11,2023,2025-12-05 12:00:00,1,75,75118,2,4,8,6,Rue Leibniz,48.89659,2.335644
202300001290,9,6,2023,2025-12-05 03:20:00,3,93,93066,2,9,1,6,Route De La Courneuve,48.93235337,2.37533115
202300001291,26,3,2023,2025-12-05 17:00:00,1,92,92062,1,1,1,4,Rn1013,48.89015578,2.24212911
202300001292,3,11,2023,2025-12-05 11:10:00,1,13,13078,1,1,2,1,Route Du Mat De Ricca,43.41719,4.816132
202300001293,9,6,2023,2025-12-05 23:30:00,5,93,93064,2,1,1,6,Rue Conrad Adenauer,48.8794431,2.48200013
202300001294,26,3,2023,2025-12-05 19:00:00,1,93,93053,1,1,1,2,Autoroute A86,48.89701,2.46967
202300001295,28,11,2023,2025-12-05 20:05:00,5,75,75117,2,7,1,5,Rue De Courcelles,48.884591,2.297662
202300001296,8,6,2023,2025-12-05 18:25:00,1,93,93053,2,2,1,3,Rue Carnot / Boulevard Michelet,48.89226,2.46042
202300001297,26,3,2023,2025-12-05 05:00:00,3,95,95572,1,1,2,6,A15,49.03091887,2.12129607
202300001298,26,11,2023,2025-12-05 18:50:00,3,13,13103,2,1,1,4,"A54, Pk 69.900, Sens Arles / Salon",43.625848,5.099684
202300001299,28,11,2023,2025-12-05 18:15:00,5,75,75117,2,7,1,3,Place Du Marechal Juin,48.884587,2.297642
202300001300,9,6,2023,2025-12-05 16:13:00,1,93,93047,2,1,7,2,Boulevard Hardy,48.90646011,2.56976576
202300001301,29,11,2023,2025-12-05 16:50:00,1,16,16028,2,1,1,6,"Norauto, Avenue De L'Europe 16300 Barbezieux",45.474662,-0.162018
202300001302,24,3,2023,2025-12-05 16:30:00,1,93,93007,1,1,1,4,Autoroute A1,48.95014,2.44837
202300001303,28,11,2023,2025-12-05 10:45:00,1,75,75116,2,5,1,3,Place Du Trocadero Et Du 11 Novembre,48.862961,2.286479
202300001304,9,6,2023,2025-12-05 09:15:00,1,93,93047,2,1,1,3,Boulevard Bargue,48.90092898,2.55788327
202300001305,20,3,2023,2025-12-05 14:00:00,1,16,16070,1,1,1,6,Adresse_Inconnue,45.886505,0.725784
202300001306,26,3,2023,2025-12-05 06:25:00,5,62,62737,2,1,2,6,D937,50.46058,2.67874
202300001307,28,11,2023,2025-12-05 11:55:00,1,75,75116,2,1,1,6,Rue De La Pompe,48.859226,2.275143
202300001308,9,6,2023,2025-12-05 01:10:00,5,93,93057,2,1,1,6,Allee Danielle Casanova,48.90726,2.49618
202300001309,24,11,2023,2025-12-05 09:15:00,1,14,14250,1,1,1,6,Route De Creully,49.269593,-0.605268
202300001310,25,3,2023,2025-12-05 17:15:00,1,974,97411,1,1,2,7,Vinh-San (Bld 1 Du Prince),-20.8872,55.44062
202300001311,9,6,2023,2025-12-05 16:00:00,1,93,93030,2,2,1,3,Avenue Du Marechal Leclerc De Hauteclocque / Rue Ernest Amelin,48.94091,2.42209
202300001312,27,11,2023,2025-12-05 08:52:00,1,75,75116,2,1,1,3,Voie Georges Pompidou,48.848779,2.276246
202300001313,26,3,2023,2025-12-05 21:00:00,5,973,97302,2,1,1,2,Arago (Francois),4.93613499,-52.33109003
202300001314,24,12,2023,2025-12-05 01:35:00,3,74,74014,2,1,1,1,Route De Flaine,46.023809,6.639261
202300001315,9,6,2023,2025-12-05 03:10:00,5,93,93046,2,1,1,6,Boulevard Maurice Berteaux,48.91547,2.51538
202300001316,9,6,2023,2025-12-05 08:20:00,1,92,92046,2,1,1,1,Charles De Gaulle,48.82216627,2.29837149
202300001317,28,11,2023,2025-12-05 18:50:00,5,75,75114,2,4,1,3,Boulevard Brune,48.824126,2.321215
202300001318,26,12,2023,2025-12-05 08:35:00,3,29,29069,1,3,8,3,Castelmein (Arret De Bus),48.41621439,-4.54530549
202300001319,26,3,2023,2025-12-05 03:55:00,5,69,69387,2,1,2,4,Rue De L'Epargne,45.74555,4.851
202300001320,9,6,2023,2025-12-05 11:55:00,1,92,92072,2,1,1,6,Lecointre (Rue),48.82398,2.21242
202300001321,27,11,2023,2025-12-05 17:50:00,5,75,75114,2,1,2,6,Rue Vercingetorix,48.833784,2.312883
202300001322,6,7,2023,2025-12-05 11:20:00,1,67,67482,1,1,1,2,M352,48.573056,7.754957
202300001323,9,6,2023,2025-12-05 10:25:00,1,92,92050,2,1,1,6,Clemenceau Georges Avenue Ndeg Pair,48.88563,2.21991
202300001324,26,3,2023,2025-12-05 19:15:00,1,91,91589,2,2,8,3,Av Des Tilleuls,48.68992,2.34651
202300001325,27,11,2023,2025-12-05 12:50:00,1,75,75114,2,4,2,6,Avenue Du General Leclerc,48.828791,2.327733
202300001326,25,3,2023,2025-12-05 20:40:00,4,71,71540,1,1,1,7,C.D.18,46.77004,4.44497
202300001327,29,11,2023,2025-12-05 17:44:00,2,78,78646,2,2,1,6,Adresse_Inconnue,48.796543,2.131299
202300001328,8,6,2023,2025-12-05 13:30:00,1,92,92050,2,2,1,3,Neuilly Rue De,48.88672247,2.20964295
202300001329,28,11,2023,2025-12-05 16:10:00,1,75,75112,2,3,1,6,Rue Du Faubourg Saint Antoine,48.849339,2.389535
202300001330,16,12,2023,2025-12-05 12:45:00,1,14,14191,1,1,1,6,D79,49.316414,-0.449675
202300001331,9,6,2023,2025-12-05 13:17:00,1,92,92023,2,1,1,6,General De Gaulle (Avenue Du),48.77794457,2.23309994
202300001332,26,3,2023,2025-12-05 01:10:00,3,71,71445,1,1,1,1,Rd673,46.78878,4.89989
202300001333,22,11,2023,2025-12-05 20:10:00,5,75,75112,2,1,2,2,Boulevard Poniatowski,48.833848,2.403254
202300001334,8,6,2023,2025-12-05 15:10:00,1,92,92036,2,3,1,3,Principale Du Port (Route) (1/17),48.94069,2.29144
202300001335,2,12,2023,2025-12-05 13:50:00,1,974,97409,2,1,2,6,Rn2 Sens Ste Suzanne St Benoit,-20.94377,55.64911
202300001336,26,3,2023,2025-12-05 08:50:00,1,64,64122,2,1,2,1,Bidart (Avenue De),43.45846,-1.54872
202300001337,27,11,2023,2025-12-05 14:35:00,1,75,75112,2,1,8,2,Quai De La Rapee,48.840297,2.374501
202300001338,24,12,2023,2025-12-05 17:00:00,2,84,84026,2,3,1,7,Rue Louis Blanc,43.73348,5.374777
202300001339,9,6,2023,2025-12-05 13:15:00,1,92,92026,2,1,1,1,Colombes,48.90078677,2.25638741
202300001340,28,11,2023,2025-12-05 08:55:00,1,75,75109,2,1,8,6,Rue De La Victoire,48.875241,2.333997
202300001341,26,3,2023,2025-12-05 06:15:00,5,62,62119,2,3,2,6,D943,50.51882,2.62301
202300001342,9,6,2023,2025-12-05 02:05:00,5,92,92012,2,9,1,3,Edouard Vaillant (Avenue) 57/Fin - 58/Fi,48.83464653,2.24663705
202300001343,26,3,2023,2025-12-05 00:10:00,4,45,45234,2,1,2,7,13 Rue Alexandre Dumas,47.81718,1.92719
202300001344,28,10,2023,2025-12-05 09:50:00,1,13,13041,1,4,7,3,Route De Greasque,43.445751,5.523519
202300001345,28,11,2023,2025-12-05 14:53:00,1,75,75108,2,2,1,3,Rond Point Champs Elysees,48.86901751,2.30986476
202300001346,9,6,2023,2025-12-05 19:08:00,1,92,92004,2,1,7,2,Faidherbe ( Avenue ),48.90891803,2.27012917
202300001347,13,12,2023,2025-12-05 05:40:00,5,93,93070,2,1,8,2,Avenue Michelet,48.90622,2.34413
202300001348,25,3,2023,2025-12-05 18:50:00,1,42,42189,2,3,1,2,Boulevard Louis Braille,45.41849,4.31239
202300001349,28,11,2023,2025-12-05 19:40:00,5,75,75107,2,2,1,6,Avenue De Breteuil,48.851647,2.312535
202300001350,24,3,2023,2025-12-05 20:15:00,5,38,38053,2,1,8,6,Alpes,45.5854,5.26935