num_acc,jour,mois,an,hrmn,lum,dep,com,agg,int,atm,col,adr,lat,long
202300001351,29,3,2023,2025-12-05 08:22:00,1,69,69256,2,1,6,3,Rue Roger Salengro,45.75548143,4.92779002
202300001352,27,11,2023,2025-12-05 19:00:00,5,75,75102,2,3,2,6,Boulevard Poissonniere,48.870709,2.34788
202300001353,9,6,2023,2025-12-05 16:45:00,1,92,92002,2,2,1,3,General De Gaulle (Avenue Du),48.76145,2.29128
202300001354,26,3,2023,2025-12-05 20:15:00,3,37,37122,2,1,2,2,Amboise (Rue D'),47.34154,0.67464
202300001355,6,12,2023,2025-12-05 16:30:00,1,974,97409,2,1,1,3,Emile Thomas (Rue),-20.93716,55.64851
202300001356,8,6,2023,2025-12-05 23:10:00,5,92,92002,2,1,1,6,Aristide Briand (Avenue),48.76164,2.30817
202300001357,28,11,2023,2025-12-05 18:15:00,5,94,94058,2,1,1,4,Boulevard D'Alsace-Lorraine,48.8475,2.49308
202300001358,26,3,2023,2025-12-05 12:45:00,1,37,37208,2,3,1,2,Grandmont (Rue De),47.36548,0.7181
202300001359,6,12,2023,2025-12-05 10:07:00,1,974,97409,2,1,1,2,Patelin (Chemin),-20.9733,55.68399
202300001360,28,11,2023,2025-12-05 19:35:00,5,94,94041,2,2,1,3,Avenue Danielle Casanova,48.81574,2.38297
202300001361,30,4,2023,2025-12-05 17:45:00,1,2A,2A272,2,1,2,7,U Strittonu,41.620279,8.970294
202300001362,26,3,2023,2025-12-05 20:00:00,1,35,35238,2,3,1,3,Pays-Bas (Avenue Des),48.08353957,-1.66088015
202300001363,30,11,2023,2025-12-05 06:10:00,2,974,97409,1,1,3,2,Rn2 Sens St Benoit St Denis,-20.97159,55.65537
202300001364,28,11,2023,2025-12-05 18:05:00,5,94,94041,2,1,1,6,51 Quai Auguste Deshaies,48.81792,2.402452
202300001365,10,6,2023,2025-12-05 10:43:00,1,69,69279,2,3,1,3,Boulevard Louis Pradel,45.791064,5.039833
202300001366,16,3,2023,2025-12-05 18:30:00,1,34,34301,2,5,1,3,Pasteur Louis (Quai),43.40696,3.69872
202300001367,28,11,2023,2025-12-05 19:25:00,5,94,94001,2,7,2,6,Rue Du Bac,48.724464,2.418709
202300001368,9,6,2023,2025-12-05 16:45:00,1,62,62506,1,1,1,6,D 224,50.7990894,1.94357781
202300001369,26,3,2023,2025-12-05 06:00:00,3,29,29039,1,1,2,6,Rd 783,47.91376773,-3.92398595
202300001370,8,11,2023,2025-12-05 08:35:00,1,13,13001,1,1,1,3,A51-Sens Marseille Vers Aix En Provence,43.52165,5.4273
202300001371,28,11,2023,2025-12-05 11:45:00,1,93,93078,2,1,1,1,Avenue Jean Fourgeaud,48.96076228,2.55264662
202300001372,8,6,2023,2025-12-05 12:06:00,1,974,97413,2,3,1,3,Rue Haute,-21.171256,55.290311
202300001373,12,10,2023,2025-12-05 06:45:00,2,13,13207,2,1,1,7,A55-Sens Marseille Vers Martigues,43.2918,5.36582
202300001374,26,3,2023,2025-12-05 22:25:00,5,17,17306,2,2,8,3,Rochefort (De)  (Avenue),45.64898,-1.024439
202300001375,28,11,2023,2025-12-05 20:30:00,3,93,93055,2,2,1,3,Rue Victor Hugo / Avenue Jean Lolive,48.89302,2.41224
202300001376,9,6,2023,2025-12-05 20:15:00,1,85,85109,2,6,1,6,3 Rue Claude Debussy,46.86053,-1.019427
202300001377,10,7,2023,2025-12-05 19:15:00,1,91,91345,2,9,1,6,Rue Maurice,48.694085,2.287614
202300001378,26,3,2023,2025-12-05 18:00:00,1,13,13002,2,1,1,3,Saint Roch (Rond Point),43.33999,5.48471
202300001379,9,6,2023,2025-12-05 16:45:00,1,19,19286,1,1,3,6,Le Bert D31,45.3394276,1.40252464
202300001380,27,11,2023,2025-12-05 19:45:00,5,93,93053,2,3,2,6,Rue Marcellin Berthelot / Rue Moissan,48.8895,2.4575
202300001381,24,9,2023,2025-12-05 18:00:00,1,28,28358,2,6,1,7,2 Rue De La Republique 28300 Saint-Prest,48.4871012,1.5260318
202300001382,26,3,2023,2025-12-05 03:09:00,5,13,13213,2,1,1,2,Albert Einstein (Rue),43.33428,5.43201
202300001383,9,6,2023,2025-12-05 10:25:00,1,56,56186,2,1,1,3,Rue Du Port De Peche,47.478462,-3.127901
202300001384,25,3,2023,2025-12-05 18:20:00,1,13,13005,1,1,1,6,Pastre (Avenue),43.2922,5.59278
202300001385,28,11,2023,2025-12-05 11:45:00,1,93,93033,2,7,1,2,Place Churchill,48.85897,2.5815
202300001386,21,12,2023,2025-12-05 18:10:00,3,74,74010,2,9,2,5,Route Des Rutys,45.94285,6.124132
202300001387,8,6,2023,2025-12-05 19:01:00,1,77,77524,1,2,1,3,Rd18,48.445305,3.163408
202300001388,26,3,2023,2025-12-05 13:25:00,1,6,6088,2,1,1,3,Cessole (Bd De) (Jusqu'Au Ndeg 93-110),43.717,7.25311
202300001389,16,12,2023,2025-12-05 21:30:00,3,74,74208,1,1,9,7,595 Route Du Plateau D'Assy,45.925702,6.68562
202300001390,27,11,2023,2025-12-05 13:20:00,1,93,93048,2,1,2,1,Avenue Pasteur,48.863241,2.440561
202300001391,9,6,2023,2025-12-05 17:25:00,1,76,76312,2,1,1,3,42 Avenue Du General Leclerc,49.483785,1.720165
202300001392,25,9,2023,2025-12-05 16:35:00,1,29,29147,1,1,1,7,Adresse_Inconnue,47.91835537,-3.57096434
202300001393,26,3,2023,2025-12-05 13:10:00,1,6,6069,2,6,1,3,Chasseurs Alpins (Rond-Point),43.65055,6.9223
202300001394,25,3,2023,2025-12-05 13:10:00,1,6,6069,2,1,1,6,Roure De La Gache (Chemin Du),43.64858,6.96481
202300001395,27,11,2023,2025-12-05 15:55:00,1,93,93027,2,3,2,3,Rue Maurice Ravel / Rue De Saint-Denis,48.93148,2.38
202300001396,7,6,2023,2025-12-05 20:30:00,1,76,76312,2,3,1,3,Rue De Hailsham,49.474897,1.719049
202300001397,22,12,2023,2025-12-05 18:10:00,5,93,93070,2,3,2,3,Avenue Gabriel Peri / Rue Des Buttes Montmartre,48.90143,2.3302
202300001398,26,3,2023,2025-12-05 18:50:00,1,6,6027,2,1,1,1,Mermoz Avenue Jean,43.68075,7.15182
202300001399,27,11,2023,2025-12-05 12:20:00,1,93,93027,2,1,2,6,139 Avenue Paul Vaillant Couturier,48.92542238,2.41553843
202300001400,5,6,2023,2025-12-05 09:30:00,1,79,79164,1,2,1,3,Adresse_Inconnue,46.192885,-0.061077
202300001401,20,5,2023,2025-12-05 14:50:00,1,93,93077,2,6,1,6,Saint Louis (Rue) Jusqu'Au 88 Et 89,48.88893,2.5073
202300001402,25,3,2023,2025-12-05 09:10:00,1,75,75118,2,1,1,3,Porte De Clignancourt,48.901162,2.349376
202300001403,20,12,2023,2025-12-05 17:25:00,2,32,32446,1,9,1,7,Rd 3,43.493546,0.254864
202300001404,9,6,2023,2025-12-05 11:45:00,1,49,49214,2,6,1,3,Adresse_Inconnue,47.530082,-0.621167
202300001405,27,11,2023,2025-12-05 14:00:00,1,93,93007,2,2,2,6,Avenue Massenet / Avenue De La Republique,48.93698,2.46416
202300001406,24,3,2023,2025-12-05 12:20:00,1,75,75115,2,1,1,3,Db Peripherique Exterieur Quai D Issy Les Moulineaux,48.8349573,2.273399
202300001407,22,11,2023,2025-12-05 17:40:00,2,32,32114,1,1,1,6,D226,43.364517,0.457156
202300001408,9,6,2023,2025-12-05 12:52:00,1,12,12209,1,1,2,3,"Lieu Dit ""Le Bouis""",44.692874,2.699048
202300001409,28,11,2023,2025-12-05 08:00:00,1,93,93005,2,1,1,2,Rue Maurice De Broglie,48.947149,2.4838
202300001410,23,12,2023,2025-12-05 01:00:00,3,32,32286,1,1,2,6,N21,43.792395,0.630984
202300001411,26,3,2023,2025-12-05 18:41:00,1,75,75106,2,3,1,3,Rue De Sevres,48.85042,2.324623
202300001412,10,6,2023,2025-12-05 12:58:00,1,22,22087,2,1,1,1,Lieu Dit Saint Lubin,48.270097,-3.315833
202300001413,28,11,2023,2025-12-05 18:15:00,5,93,93001,2,1,1,6,Boulevard Anatole France,48.916923,2.381908
202300001414,19,11,2023,2025-12-05 15:13:00,1,32,32212,2,2,1,3,Ligardes,44.041136,0.480759
202300001415,10,6,2023,2025-12-05 20:45:00,1,44,44131,2,6,1,3,16Bis Rue Robert Schuman,47.124524,-2.119085
202300001416,26,3,2023,2025-12-05 07:29:00,1,75,75110,2,2,1,1,Boulevard De Magenta,48.868507,2.362881
202300001417,28,11,2023,2025-12-05 09:00:00,1,92,92072,2,1,8,6,See (Avenue Camille),48.82514506,2.2160452
202300001418,9,6,2023,2025-12-05 19:20:00,1,29,29027,2,3,1,3,Rue Victor Le Guern,48.186676,-3.818806
202300001419,28,12,2023,2025-12-05 19:00:00,3,84,84089,1,1,1,1,D956,43.673634,5.493427
202300001420,26,3,2023,2025-12-05 18:30:00,1,75,75115,2,3,8,3,Avenue Emile Zola,48.846216,2.27964
202300001421,28,11,2023,2025-12-05 18:15:00,5,92,92064,2,1,1,6,Louis Loucheur,48.86054355,2.21314173
202300001422,18,12,2023,2025-12-05 15:20:00,1,71,71306,2,1,1,6,Jean Bouveri (Rue),46.6749,4.36851
202300001423,10,6,2023,2025-12-05 10:35:00,1,38,38134,1,1,1,3,D538,45.43817,5.005526
202300001424,26,3,2023,2025-12-05 20:22:00,5,75,75111,2,2,1,3,Boulevard De Belleville,48.867047,2.383022
202300001425,10,6,2023,2025-12-05 16:30:00,1,15,15240,1,1,1,7,D 622,45.397674,2.68959
202300001426,28,11,2023,2025-12-05 09:00:00,1,92,92050,2,1,1,6,Sadi Carnot Rue,48.8871287,2.2078152
202300001427,4,7,2023,2025-12-05 20:50:00,2,13,13210,2,1,1,3,Elie Wiesel (Bd),43.27493,5.42494
202300001428,26,3,2023,2025-12-05 03:45:00,5,75,75107,2,1,3,6,Port Des Invalides,48.863046,2.311887
202300001429,9,6,2023,2025-12-05 15:30:00,1,58,58220,1,1,1,6,Route D'Ouche,47.164563,3.053706
202300001430,28,11,2023,2025-12-05 14:30:00,1,92,92049,2,1,1,3,Briand Avenue Aristide Ndeg1 A 129,48.81470911,2.32587799
202300001431,25,3,2023,2025-12-05 19:30:00,5,94,94068,2,2,1,3,Avenue Raymond Poincare,48.804487,2.517765
202300001432,9,6,2023,2025-12-05 14:00:00,1,73,73019,1,3,8,3,D1006,45.51155,6.31201
202300001433,29,12,2023,2025-12-05 18:20:00,5,78,78143,1,1,1,4,D938,48.732773,2.10356
202300001434,26,3,2023,2025-12-05 00:20:00,5,93,93049,2,1,2,6,Rue Des 2 Communes,48.86470219,2.49964365
202300001435,27,11,2023,2025-12-05 18:10:00,1,92,92062,2,3,2,6,Fusilles De La Resistances (Rue Des) Ndeg1,48.88277607,2.22361721
202300001436,10,6,2023,2025-12-05 15:00:00,1,73,73032,2,4,1,7,D990,45.61364,6.453009
202300001437,20,9,2023,2025-12-05 18:15:00,1,73,73008,2,1,1,6,Annecy Avenue D',45.69455,5.91174
202300001438,25,3,2023,2025-12-05 21:20:00,5,93,93046,2,1,2,3,Boulevard Marx Dormoy,48.907305,2.524568
202300001439,10,6,2023,2025-12-05 13:50:00,1,16,16269,1,1,7,6,Route Des Carrieres,45.684621,0.382264
202300001440,25,12,2023,2025-12-05 18:40:00,5,93,93064,2,1,1,6,Rue Philibert Hoffmann,48.880771,2.485075
202300001441,10,6,2023,2025-12-05 02:01:00,3,7,7027,1,1,2,6,D86,44.82640092,4.80876154
202300001442,12,12,2023,2025-12-05 12:00:00,1,93,93064,2,1,2,6,Place Carnot,48.873615,2.482504
202300001443,23,3,2023,2025-12-05 17:25:00,1,39,39227,2,1,1,1,144 Route Nationale,46.637261,6.031709
202300001444,9,6,2023,2025-12-05 08:30:00,1,53,53229,1,1,1,1,D131,48.128711,-0.737039
202300001445,10,11,2023,2025-12-05 19:10:00,5,63,63075,2,9,3,6,Fournier (Rue Charles),45.777,3.069
202300001446,26,3,2023,2025-12-05 09:45:00,1,47,47055,1,1,1,6,Rn 21,44.481603,0.673653
202300001447,9,6,2023,2025-12-05 23:20:00,3,24,24123,1,1,1,6,D21 - Route Du Tortillard,44.949788,0.635635
202300001448,7,11,2023,2025-12-05 10:38:00,1,63,63113,2,1,1,3,Flameng/Collot D'Herbois,45.7578,3.09781
202300001449,10,6,2023,2025-12-05 06:20:00,2,4,4160,1,1,2,6,D4100,43.859366,5.633725
202300001450,27,3,2023,2025-12-05 14:30:00,1,95,95205,1,1,1,2,Route De Bouqueval,49.023834,2.395159
202300001451,18,3,2023,2025-12-05 09:00:00,1,45,45187,2,9,1,6,Place Du Martroi,47.889457,2.514973
202300001452,30,10,2023,2025-12-05 23:39:00,5,63,63113,2,1,1,3,Effiat (Rue D'),45.78575752,3.10374767
202300001453,10,6,2023,2025-12-05 16:01:00,1,4,4166,2,2,1,3,Avenue De Verdun,43.818566,6.090615
202300001454,10,6,2023,2025-12-05 10:30:00,1,27,27065,2,1,1,6,Rue De La Mare Hebert,49.344869,0.35418
202300001455,26,10,2023,2025-12-05 20:30:00,5,63,63113,1,1,3,2,Bourdon (Rue De),45.79803,3.15371
202300001456,26,3,2023,2025-12-05 15:15:00,1,972,97232,1,1,1,4,Quartier Sans Souci,14.568922,-60.857949
202300001457,9,6,2023,2025-12-05 19:13:00,1,17,17463,1,1,1,1,Route De La Rochelle,45.973106,-0.987632
202300001458,26,10,2023,2025-12-05 18:40:00,5,63,63113,2,3,3,6,Belloy / Pont Naturel,45.78339577,3.08014154
202300001459,1,6,2023,2025-12-05 10:15:00,1,17,17210,2,1,1,6,Rue De Royan,45.457971,-0.69171
202300001460,9,6,2023,2025-12-05 08:18:00,1,87,87187,2,1,1,7,16 Avenue Georges Brassens,45.500541,1.203847
202300001461,18,10,2023,2025-12-05 21:22:00,5,63,63113,2,2,2,2,Fleury (Bd),45.77491,3.09577
202300001462,3,6,2023,2025-12-05 14:10:00,1,37,37018,1,1,1,2,Route De Savonnieres,47.36326537,0.62810898
202300001463,8,6,2023,2025-12-05 18:15:00,1,8,8491,2,3,1,7,D5,49.737212,4.854181
202300001464,18,10,2023,2025-12-05 20:42:00,5,63,63113,2,2,2,3,Pourchon (Bd Maurice),45.79027498,3.08345139
202300001465,5,6,2023,2025-12-05 12:55:00,1,8,8040,2,1,1,3,D764,49.729774,4.753754
202300001466,15,10,2023,2025-12-05 18:24:00,1,63,63014,2,9,1,1,Saint-Loup (Rue),45.75123448,3.11036065
202300001467,1,6,2023,2025-12-05 16:45:00,1,8,8142,1,1,1,7,D5,49.734913,4.886169
202300001468,14,10,2023,2025-12-05 11:10:00,1,63,63113,2,7,1,3,Carmes Dechaux (Place),45.78229,3.09526
202300001469,11,10,2023,2025-12-05 16:26:00,1,63,63113,2,7,1,3,Pasteur (Bd),45.77210797,3.08065653
202300001470,9,6,2023,2025-12-05 15:30:00,1,38,38193,2,2,8,3,Boulevard De L'Arbonnas,45.620941,5.21975
202300001471,9,10,2023,2025-12-05 21:11:00,5,63,63113,2,2,1,3,Basch / Crouzille,45.7671,3.1159
202300001472,7,6,2023,2025-12-05 23:45:00,3,3,3021,1,1,1,6,A 71 Pk 347+400,46.117225,3.125847
202300001473,29,12,2023,2025-12-05 09:45:00,1,93,93007,2,1,1,2,Rue Anatole Sigonneau,48.95261823,2.46231079
202300001474,26,5,2023,2025-12-05 15:15:00,1,35,35210,1,1,1,3,Le Guesneau,48.122903,-1.789044
202300001475,24,12,2023,2025-12-05 01:12:00,5,93,93007,2,1,1,1,Avenue Descartes,48.95002,2.46062
202300001476,9,6,2023,2025-12-05 16:05:00,1,69,69244,2,3,1,3,53 Avenue De La Republique,45.763873,4.778719
202300001477,10,6,2023,2025-12-05 17:35:00,1,14,14333,1,1,3,6,A29,49.391934,0.259695
202300001478,29,9,2023,2025-12-05 08:40:00,1,78,78643,2,3,1,6,Briand Rue Aristide,48.970846,1.980138
202300001479,7,6,2023,2025-12-05 14:15:00,1,971,97129,1,1,1,5,Nolivier,16.297774,-61.670959
202300001480,18,12,2023,2025-12-05 11:30:00,1,84,84031,2,1,1,1,Durand Boulevard Albin,44.053642,5.0623
202300001481,24,6,2023,2025-12-05 03:30:00,3,69,69256,1,1,1,4,Rocade Est,45.79684692,4.94160442
202300001482,9,6,2023,2025-12-05 17:30:00,1,971,97134,2,3,1,3,Avenue Du Gouverneur General Felix Eboue,16.059931,-61.76677
202300001483,14,11,2023,2025-12-05 09:53:00,1,13,13209,2,1,1,1,Marechal De Lattre (Avenue),43.2464,5.4084
202300001484,28,11,2023,2025-12-05 15:10:00,1,974,97409,2,1,1,7,Mascareignes (Avenue Des),-20.93927,55.64701
202300001485,26,5,2023,2025-12-05 15:45:00,1,45,45273,2,1,1,3,D921 Pr 55 + 1271,47.870231,2.125809
202300001486,25,12,2023,2025-12-05 12:15:00,1,84,84087,1,1,1,5,Camaret (Route De),44.145,4.831
202300001487,2,10,2023,2025-12-05 19:05:00,2,73,73065,1,1,1,5,N201 Voie Rapide Urbaine,45.5887977,5.90153825
202300001488,7,6,2023,2025-12-05 10:30:00,1,66,66008,2,3,1,3,Adresse_Inconnue,42.548112,3.020082
202300001489,9,6,2023,2025-12-05 16:10:00,1,68,68106,1,1,1,7,Hameau Blanschen,47.879846,7.120245
202300001490,14,12,2023,2025-12-05 18:15:00,5,33,33318,2,2,8,4,Ave Pasteur,44.80591,-0.63315
202300001491,17,11,2023,2025-12-05 20:20:00,5,13,13211,2,1,1,2,Valentine (Route De La),43.28961,5.46473
202300001492,8,6,2023,2025-12-05 10:35:00,1,68,68106,2,1,1,7,Rue Principale,47.875195,7.108219
202300001493,7,11,2023,2025-12-05 13:20:00,1,13,13209,2,1,1,6,Ludovic Legre (Avenue),43.25048,5.397009
202300001494,4,11,2023,2025-12-05 09:05:00,1,13,13208,2,1,1,6,Michelet (Boulevard),43.260368,5.398158
202300001495,9,6,2023,2025-12-05 17:40:00,1,88,88355,1,4,1,3,D36A,48.345654,6.34057
202300001496,3,11,2023,2025-12-05 11:45:00,1,13,13208,2,1,2,1,Paradis (Rue),43.27744,5.38375
202300001497,2,10,2023,2025-12-05 18:35:00,2,13,13002,2,6,1,3,Saint Roch (Rond Point),43.33935,5.48446
202300001498,10,6,2023,2025-12-05 00:03:00,3,26,26084,1,2,3,3,Route D'Alixan,45.009957,4.962854
202300001499,13,12,2023,2025-12-05 14:50:00,1,32,32066,1,1,3,7,D953,43.863104,0.737521
202300001500,10,6,2023,2025-12-05 12:45:00,1,61,61279,1,2,8,3,D101 Pr1+730,48.405321,-0.003958
202300001501,11,12,2023,2025-12-05 08:00:00,1,32,32162,1,1,1,7,D930,43.754776,0.47842
202300001502,10,6,2023,2025-12-05 12:15:00,1,22,22134,1,3,1,3,D6,48.789577,-3.401131
202300001503,22,12,2023,2025-12-05 07:59:00,2,9,9225,2,2,2,3,Rijole Avenue De La,43.12139,1.62123
202300001504,9,11,2023,2025-12-05 07:45:00,2,9,9225,2,2,2,3,Rijole Avenue De La,43.12138,1.62114
202300001505,8,6,2023,2025-12-05 11:15:00,1,13,13071,1,1,1,2,A7-Sens Marseille Vers Lyon,43.41209132,5.28240711
202300001506,20,12,2023,2025-12-05 07:20:00,5,68,68376,2,2,1,3,Rue Pasteur,47.823391,7.334271
202300001507,8,6,2023,2025-12-05 07:08:00,1,13,13211,1,1,1,4,A50-Sens Marseille Vers Aubagne,43.295,5.464
202300001508,19,12,2023,2025-12-05 18:00:00,5,74,74281,2,2,1,6,Pres Verts (Avenue Des),46.38084,6.4955
202300001509,9,6,2023,2025-12-05 19:50:00,1,33,33063,1,1,1,2,Rocade A 630,44.880115,-0.537914
202300001510,19,12,2023,2025-12-05 16:55:00,5,69,69256,2,8,1,3,Avenue Roger Salengro,45.76276,4.92942
202300001511,9,6,2023,2025-12-05 13:35:00,1,33,33063,1,1,1,6,Rocade A 630,44.88007,-0.53803
202300001512,22,9,2023,2025-12-05 14:12:00,1,63,63113,2,8,1,3,Fontaine (Place De La),45.79115,3.11346
202300001513,9,6,2023,2025-12-05 17:00:00,1,94,94003,1,1,1,2,A6A,48.79947061,2.34226962
202300001514,13,9,2023,2025-12-05 12:05:00,1,63,63113,2,1,1,6,Barbusse (Rue Henri),45.78253153,3.08940589
202300001515,8,6,2023,2025-12-05 21:30:00,2,91,91471,1,1,1,3,Rn 118,48.71558,2.17441
202300001516,10,9,2023,2025-12-05 20:20:00,5,63,63113,2,4,1,3,Rue Du Clos Notre Dame)/ Rue Du Belloy,45.78476,3.08006
202300001517,8,6,2023,2025-12-05 21:20:00,3,91,91471,1,1,1,7,Rn 118,48.71558,2.17441
202300001518,3,9,2023,2025-12-05 20:40:00,2,63,63113,2,7,1,3,Salford (Place),45.779,3.09198
202300001519,9,6,2023,2025-12-05 14:50:00,1,78,78297,1,1,1,7,Rn12,48.790204,2.058478
202300001520,29,6,2023,2025-12-05 08:30:00,1,63,63063,2,1,1,2,Verte (Rue),45.83803,3.1211
202300001521,21,12,2023,2025-12-05 08:10:00,1,93,93046,2,2,1,6,Avenue Charles De Gaulle / Av Du Consul General Nordling,48.916512,2.531596
202300001522,9,6,2023,2025-12-05 11:00:00,1,92,92050,1,1,1,4,A86,48.906247,2.210398
202300001523,18,12,2023,2025-12-05 08:00:00,2,93,93077,2,1,1,6,Rue Andre Leuret,48.885055,2.508672
202300001524,10,12,2023,2025-12-05 16:15:00,2,93,93070,2,1,2,3,Avenue Gabriel Peri,48.907096,2.33217
202300001525,9,6,2023,2025-12-05 12:00:00,1,93,93007,1,1,1,5,Autoroute A1,48.94661725,2.44182927
202300001526,15,12,2023,2025-12-05 15:57:00,1,13,13211,2,1,1,6,A50-Sens Aubagne Vers Marseille,43.29480696,5.46431796
202300001527,9,6,2023,2025-12-05 09:15:00,1,92,92078,1,1,1,7,Autoroute A86,48.9311293,2.32352796
202300001528,8,6,2023,2025-12-05 18:30:00,1,93,93008,1,1,1,3,Autoroute A86,48.90828831,2.45147679
202300001529,14,12,2023,2025-12-05 13:20:00,1,60,60196,1,1,1,3,Autoroute A16  Pk R055+200 Sens P/B,49.285499,2.07427
202300001530,1,12,2023,2025-12-05 04:35:00,3,60,60009,1,1,1,7,Autoroute  A 16,49.397764,2.122464
202300001531,8,6,2023,2025-12-05 17:10:00,1,93,93027,1,1,1,3,Autoroute A1,48.9344735,2.39765242
202300001532,22,12,2023,2025-12-05 12:05:00,1,76,76540,2,2,6,3,Europe. Boulevard De L',49.43236,1.07875
202300001533,8,6,2023,2025-12-05 11:00:00,1,92,92036,1,1,1,4,Autoroute A15,48.93788866,2.29766722
202300001534,17,12,2023,2025-12-05 18:50:00,5,76,76681,2,3,1,3,Raspail. Rue Francois,49.41564,1.09438
202300001535,8,6,2023,2025-12-05 10:40:00,1,93,93008,1,1,1,2,Autoroute A86,48.90892746,2.44905923
202300001536,30,12,2023,2025-12-05 17:13:00,3,10,10357,1,1,1,2,Rocade Est (Rd 610),48.2873848,4.13876295
202300001537,7,6,2023,2025-12-05 03:30:00,3,95,95607,1,1,1,6,A115,49.02729,2.20454
202300001538,8,6,2023,2025-12-05 23:10:00,3,94,94017,1,1,1,2,A4,48.83014633,2.48913123
202300001539,27,12,2023,2025-12-05 04:35:00,5,10,10387,2,3,1,3,Weber (Rue),48.307,4.084
202300001540,5,12,2023,2025-12-05 08:10:00,1,59,59599,2,1,2,6,Gand (Rue De),50.733727,3.161293
202300001541,8,6,2023,2025-12-05 09:50:00,1,67,67447,2,3,1,3,Gouraud (Rue),48.60912,7.72922
202300001542,8,6,2023,2025-12-05 18:40:00,1,94,94071,2,5,1,6,Georges Pompidou (Av),48.770827,2.522524
202300001543,6,6,2023,2025-12-05 09:10:00,1,93,93008,2,1,1,3,Avenue Paul Vaillant - Couturier,48.90836489,2.45188613
202300001544,8,6,2023,2025-12-05 16:40:00,1,92,92073,2,1,1,6,Lattre De Tassigny (Boulevard Du Marecha,48.866014,2.215437
202300001545,3,11,2023,2025-12-05 12:50:00,1,91,91377,2,2,1,3,France (Avenue De),48.73536,2.28941
202300001546,4,6,2023,2025-12-05 10:10:00,1,83,83069,2,1,1,6,Costebelle (Montee De),43.10665,6.12169
202300001547,3,6,2023,2025-12-05 04:00:00,2,29,29232,1,1,1,6,Chemin De Kerequellou,47.95965,-4.06431
202300001548,10,10,2023,2025-12-05 15:50:00,1,971,97115,1,1,1,3,Rn2,16.261905,-61.637287
202300001549,27,2,2023,2025-12-05 09:00:00,1,32,32181,1,1,4,6,N21,43.4179,0.23406
202300001550,20,12,2023,2025-12-05 18:55:00,5,83,83137,2,9,1,4,Collet (Ave Amiral),43.12912,5.92409
202300001551,31,1,2023,2025-12-05 20:25:00,5,32,32272,2,3,1,6,Route De Chelan,43.35117,0.511347
202300001552,31,12,2023,2025-12-05 13:30:00,1,69,69029,2,1,1,3,Avenue Du 8 Mai 1945,45.72911,4.9165
202300001553,7,6,2023,2025-12-05 07:50:00,1,974,97411,2,2,1,6,Leconte De Lisle (Avenue),-20.89628978,55.49208283
202300001554,8,6,2023,2025-12-05 17:20:00,1,974,97407,2,1,1,3,Commune De Paris (Avenue),-20.9446,55.2926
202300001555,8,6,2023,2025-12-05 17:25:00,1,973,97302,2,3,1,2,Virgile (Avenue),4.94053967,-52.32020608
202300001556,6,12,2023,2025-12-05 15:50:00,1,14,14068,1,6,1,2,Route De La Bijude,49.227128,-0.363511
202300001557,8,6,2023,2025-12-05 09:00:00,1,973,97302,2,6,1,5,Baduel (Rond Point De),4.93333464,-52.30958068
202300001558,23,11,2023,2025-12-05 14:12:00,1,14,14117,2,6,8,6,Avenue De La Divette,49.278342,-0.133501
202300001559,11,11,2023,2025-12-05 20:45:00,5,14,14225,2,1,1,7,10 Rue Gaston Manneville,49.28619,-0.09824
202300001560,3,6,2023,2025-12-05 16:45:00,1,973,97302,2,3,1,3,Saint Antoine (Chemin),4.93552973,-52.29510185
202300001561,22,12,2023,2025-12-05 03:10:00,3,93,93051,1,1,1,4,A4,48.83479441,2.58274578
202300001562,8,6,2023,2025-12-05 16:30:00,1,69,69387,2,1,1,1,Rue De La Madeleine,45.7494,4.84795
202300001563,21,12,2023,2025-12-05 12:40:00,1,93,93027,2,1,2,2,Avenue Roger Salengro,48.93425,2.38725
202300001564,20,12,2023,2025-12-05 21:02:00,5,93,93027,2,8,1,3,Avenue Jean Jaures / Rue Danton,48.92234,2.40712
202300001565,8,6,2023,2025-12-05 15:05:00,1,69,69388,2,4,1,3,Avenue Viviani,45.72649,4.86445
202300001566,8,6,2023,2025-12-05 08:45:00,1,69,69384,2,1,1,1,Avenue De Birmingham,45.77470014,4.81118266
202300001567,20,12,2023,2025-12-05 16:47:00,2,93,93051,1,1,2,6,A4,48.83519321,2.57205899
202300001568,7,6,2023,2025-12-05 08:30:00,1,69,69034,2,1,1,1,Avenue De Poumeyrol,45.79,4.86
202300001569,20,12,2023,2025-12-05 08:00:00,2,95,95088,1,2,8,3,Europe (Avenue De L'),48.95875561,2.44530559
202300001570,8,6,2023,2025-12-05 07:05:00,1,69,69149,2,1,1,6,Boulevard Emile Zola,45.71982,4.80043
202300001571,19,12,2023,2025-12-05 14:10:00,1,93,93027,2,2,1,3,Rue De Valmy / Boulevard Pasteur,48.9231,2.38397
202300001572,7,6,2023,2025-12-05 17:15:00,1,69,69034,2,1,1,2,96 Grande Rue De Saint Clair,45.78937,4.8554
202300001573,18,12,2023,2025-12-05 18:03:00,5,93,93027,2,3,1,3,Boulevard Pasteur / Avenue Victor Hugo,48.92450604,2.38433361
202300001574,8,6,2023,2025-12-05 13:00:00,1,2B,2B033,2,1,1,1,Nouveau Port - Rue Du,42.70753,9.45378
202300001575,18,12,2023,2025-12-05 07:45:00,4,93,93051,1,1,1,3,A4,48.83538,2.57214