num_acc,jour,mois,an,hrmn,lum,dep,com,agg,int,atm,col,adr,lat,long
202300001576,15,12,2023,2025-12-05 18:45:00,5,93,93030,2,2,1,6,Avenue Louis Lariviere / Rue Georges Guynemer,48.954298,2.416355
202300001577,7,6,2023,2025-12-05 20:00:00,5,971,97101,1,3,1,3,Pennel - Dugazon (Chemin),16.2514255,-61.51616335
202300001578,13,12,2023,2025-12-05 07:55:00,3,93,93013,2,5,1,6,Rue Anizan Cavillon / Rue De Verdun,48.93277706,2.41330439
202300001579,7,6,2023,2025-12-05 03:58:00,3,971,97113,2,9,1,3,Rn4 - Section Riviera,16.21744926,-61.49446964
202300001580,9,12,2023,2025-12-05 09:40:00,1,93,93027,2,6,3,3,Rue Emile Zola / Rue Suzanne Masson,48.92310495,2.38826841
202300001581,26,12,2023,2025-12-05 15:15:00,1,74,74281,2,1,1,6,Canal (Boulevard Du),46.3688,6.48015
202300001582,8,6,2023,2025-12-05 07:07:00,2,2A,2A004,2,3,1,6,Rossini Pascal Bd,41.91563,8.7307
202300001583,22,12,2023,2025-12-05 19:35:00,3,38,38544,1,1,2,6,D41,45.51882,4.91731
202300001584,8,12,2023,2025-12-05 01:30:00,3,93,93051,1,9,2,7,A4,48.83647,2.54697
202300001585,8,6,2023,2025-12-05 14:28:00,1,95,95585,2,1,1,3,D10,48.98425,2.37081
202300001586,6,12,2023,2025-12-05 06:30:00,5,93,93013,2,5,1,3,Avenue De La Division Leclerc / Rue Du Commandant Rolland,48.93485,2.42597
202300001587,1,6,2023,2025-12-05 13:55:00,1,95,95585,2,1,1,6,Paul Valery (Avenue),48.97844,2.38509
202300001588,4,12,2023,2025-12-05 23:15:00,3,93,93051,1,1,2,4,A4,48.836653,2.548353
202300001589,8,6,2023,2025-12-05 10:00:00,1,95,95197,2,4,1,6,Edouard Branly (Rue),48.965676,2.334443
202300001590,4,12,2023,2025-12-05 22:20:00,3,93,93051,1,1,2,7,A4,48.836504,2.551036
202300001591,28,11,2023,2025-12-05 17:40:00,3,93,93051,1,1,1,4,A4,48.83642921,2.55189158
202300001592,23,11,2023,2025-12-05 06:45:00,5,93,93051,1,1,1,4,A4,48.836449,2.549878
202300001593,8,6,2023,2025-12-05 16:40:00,1,91,91377,2,1,1,3,Av Du Marechal Juin,48.71713,2.28259
202300001594,21,11,2023,2025-12-05 13:20:00,1,93,93027,1,1,2,6,Autoroute A1,48.93422403,2.39288139
202300001595,8,6,2023,2025-12-05 15:30:00,1,91,91689,2,2,1,1,Rue De L Amiral Mouchez,48.73285,2.32801
202300001596,6,12,2023,2025-12-05 18:50:00,3,60,60175,1,1,2,5,Rd 201_Sortie 201_Acces Bd S.Allende,49.25,2.457
202300001597,7,6,2023,2025-12-05 11:45:00,1,90,90008,2,3,7,3,Belfort (Rue De),47.624768,6.842114
202300001598,12,12,2023,2025-12-05 18:25:00,5,8,8409,2,1,2,2,Chanzy (Boulevard),49.7035,4.93156
202300001599,7,6,2023,2025-12-05 15:00:00,1,88,88415,2,1,1,3,Rue Du Velodrome,48.01229,6.60639
202300001600,14,12,2023,2025-12-05 08:10:00,1,9,9225,2,1,2,6,Mirepoix Route De,43.10426,1.62325
202300001601,7,6,2023,2025-12-05 15:41:00,1,87,87085,2,3,1,2,Fougeras (Rue De),45.86756152,1.29466585
202300001602,9,12,2023,2025-12-05 07:05:00,3,9,9225,2,3,1,3,Rijole Avenue De La,43.12407,1.62078
202300001603,7,6,2023,2025-12-05 10:50:00,1,83,83137,2,1,1,6,15Eme Corps (Ave Du),43.12856,5.91363
202300001604,5,12,2023,2025-12-05 06:40:00,3,9,9225,1,1,9,6,Route Nationale 20,43.10662155,1.63226634
202300001605,8,6,2023,2025-12-05 19:25:00,1,79,79191,2,1,1,7,Adresse_Inconnue,46.31095,-0.49216
202300001606,8,6,2023,2025-12-05 09:35:00,1,78,78133,2,9,1,3,Route De Mantes,48.90578,2.049943
202300001607,27,12,2023,2025-12-05 19:59:00,5,38,38053,2,3,1,3,Rue Theophile Diederichs,45.58998,5.27632
202300001608,23,12,2023,2025-12-05 20:10:00,5,38,38053,2,6,1,3,Avenue Henri Barbusse,45.5939,5.26998
202300001609,23,12,2023,2025-12-05 18:17:00,5,38,38053,2,1,1,3,Avenue Henri Barbusse,45.58402,5.28939
202300001610,8,6,2023,2025-12-05 16:30:00,1,77,77350,1,1,1,6,D471,48.77647956,2.7089081
202300001611,23,10,2023,2025-12-05 09:00:00,1,38,38185,2,2,2,6,Rue Lesdiguieres,45.18773,5.72914
202300001612,8,6,2023,2025-12-05 16:25:00,1,77,77350,2,9,1,6,Rue Lavoisier,48.76806,2.68239
202300001613,17,11,2023,2025-12-05 19:15:00,2,83,83126,2,2,1,3,Quatre Septembre (Bd Du),43.10293,5.87427
202300001614,8,6,2023,2025-12-05 16:50:00,1,77,77058,2,2,1,6,Boulevard Pierre Mendes France,48.83341146,2.7089952
202300001615,7,6,2023,2025-12-05 13:40:00,1,77,77438,1,1,1,2,D934,48.866722,2.676105
202300001616,8,12,2023,2025-12-05 06:50:00,5,13,13001,2,4,3,3,Gardanne (Route De ),43.49350925,5.40591717
202300001617,6,6,2023,2025-12-05 15:30:00,1,76,76351,2,1,1,6,Rene Cance,49.50373,0.14793
202300001618,12,10,2023,2025-12-05 12:00:00,1,32,32426,1,1,7,3,D129,43.487566,0.604415
202300001619,26,10,2023,2025-12-05 08:00:00,5,32,32462,2,1,3,6,3 Rue De La Republique,43.758129,0.303757
202300001620,7,6,2023,2025-12-05 12:15:00,1,72,72181,2,9,1,3,Demorieux Pairs-Rocade A Rp D'Allonnes,47.98432,0.17765
202300001621,24,10,2023,2025-12-05 15:30:00,1,62,62654,1,3,1,7,Chemin Exploitation,50.91400471,1.74475551
202300001622,8,6,2023,2025-12-05 11:20:00,1,71,71076,2,1,1,6,Saint Exupery (Rue),46.80644624,4.84259427
202300001623,4,2,2023,2025-12-05 14:55:00,1,62,62497,1,1,1,7,Rue Seraphin Cordier,50.44824,3.05885
202300001624,24,12,2023,2025-12-05 11:35:00,1,88,88116,2,7,2,1,Place De La Pranziere,47.963243,6.838206
202300001625,8,6,2023,2025-12-05 22:00:00,5,69,69256,2,1,1,3,120 Avenue Gabriel Peri,45.77518,4.91419
202300001626,7,6,2023,2025-12-05 17:20:00,1,69,69029,2,1,1,7,39 Avenue Du President Salvador Allende,45.7411,4.92976
202300001627,19,12,2023,2025-12-05 17:35:00,5,88,88321,2,3,2,3,Rue Jules Ferry,48.35770695,5.69778085
202300001628,8,12,2023,2025-12-05 08:54:00,1,88,88462,1,1,2,6,Route De Gerardmer,48.03346,6.67793
202300001629,7,6,2023,2025-12-05 23:20:00,5,69,69259,2,1,1,6,Boulevard Irene Joliot Curie,45.72128,4.87416
202300001630,4,6,2023,2025-12-05 18:15:00,1,25,25018,1,1,1,7,D73,47.383825,6.569611
202300001631,4,6,2023,2025-12-05 14:00:00,1,25,25619,1,1,1,7,Rue Principale,46.715578,6.247964
202300001632,8,6,2023,2025-12-05 11:05:00,1,67,67482,2,3,1,3,Vauban (Rue),48.58059,7.77352
202300001633,4,4,2023,2025-12-05 18:30:00,1,59,59135,2,1,1,7,Rue De Watten,50.802945,2.474547
202300001634,7,6,2023,2025-12-05 17:30:00,1,67,67482,2,3,1,3,Budapest (Rue De),48.57064,7.77588
202300001635,16,10,2023,2025-12-05 18:00:00,1,60,60097,1,3,7,3,D981,49.322758,1.894562
202300001636,15,11,2023,2025-12-05 10:15:00,1,60,60175,1,6,1,3,Rd 201,49.24452,2.4698
202300001637,13,12,2023,2025-12-05 17:55:00,3,14,14304,1,1,2,2,D579,49.38464,0.24762
202300001638,5,6,2023,2025-12-05 12:50:00,1,66,66136,2,1,1,3,Adresse_Inconnue,42.67874,2.852
202300001639,10,11,2023,2025-12-05 23:35:00,5,9,9225,2,3,2,3,Toulouse Avenue De,43.12024,1.61127
202300001640,7,9,2023,2025-12-05 03:35:00,3,13,13026,1,1,1,3,A55-Sens Martigues Vers Marseille,43.39021,5.1359
202300001641,18,11,2023,2025-12-05 07:30:00,3,14,14045,1,1,3,1,Route De Rouen,49.19788179,-0.13313566
202300001642,30,12,2023,2025-12-05 20:40:00,3,18,18170,1,1,1,7,Adresse_Inconnue,47.491069,2.550915
202300001643,26,12,2023,2025-12-05 16:00:00,1,18,18033,2,2,1,6,Boulevard De Juranville,47.083279,2.389038
202300001644,19,11,2023,2025-12-05 05:15:00,3,74,74079,2,1,1,6,1943 Route De Serraval,45.841092,6.332331
202300001645,18,12,2023,2025-12-05 10:50:00,1,13,13063,2,1,1,6,Avenue De L'Arc En Ciel,43.596637,5.01109
202300001646,8,12,2023,2025-12-05 23:15:00,3,13,13047,1,1,1,7,D.52A,43.48157,4.98168
202300001647,5,12,2023,2025-12-05 19:50:00,5,13,13063,2,1,1,3,Marius Chalve Avenue,43.5797,5.00397
202300001648,31,12,2023,2025-12-05 08:30:00,2,13,13213,2,6,1,3,Colibris (Rond Point Des),43.32858,5.43372
202300001649,23,10,2023,2025-12-05 16:50:00,1,974,97409,2,1,1,3,Cressonniere (Rue De La),-20.96883,55.65712
202300001650,27,10,2023,2025-12-05 16:35:00,1,24,24139,1,1,2,7,A89 Pk 108.700,45.13595276,0.61393261
202300001651,26,10,2023,2025-12-05 04:15:00,3,56,56220,1,1,1,7,Kergo,47.732216,-3.192644
202300001652,26,10,2023,2025-12-05 17:40:00,2,80,80443,1,3,1,5,Cd 51,49.843469,1.912276
202300001653,25,10,2023,2025-12-05 11:35:00,1,65,65025,2,1,1,6,Maison Medicale - Avenue Des Pyrenees-,43.00621433,-0.09875625
202300001654,26,9,2023,2025-12-05 01:50:00,3,12,12264,1,1,1,6,D988,44.416977,2.656685
202300001655,27,10,2023,2025-12-05 06:48:00,3,71,71133,1,1,1,5,D985,46.279284,4.30001
202300001656,25,9,2023,2025-12-05 10:50:00,1,22,22341,1,1,1,2,Rn12,48.39929,-2.40712
202300001657,26,10,2023,2025-12-05 18:05:00,2,71,71412,1,1,2,4,Route Nationale 70,46.727444,4.458663
202300001658,25,9,2023,2025-12-05 14:30:00,1,22,22251,1,1,1,6,"Rn12, Pr 63+781, Sens Rennes-Brest, La Mare Au Budo",48.54492,-2.82229
202300001659,7,9,2023,2025-12-05 15:45:00,1,974,97414,2,1,1,3,Avenue Principale,-21.291336,55.414304
202300001660,27,10,2023,2025-12-05 17:00:00,2,63,63400,2,1,2,3,Lieu Dit Les Sources,46.061607,3.452057
202300001661,26,9,2023,2025-12-05 08:50:00,1,1,1357,2,3,1,3,Rd 1084 / Rd 55,46.172743,5.729563
202300001662,27,10,2023,2025-12-05 18:02:00,2,55,55153,1,1,1,7,D114,49.22452,5.517615
202300001663,26,9,2023,2025-12-05 13:22:00,1,83,83070,2,1,1,2,Avenue Du General De Gaulle,43.138698,6.370704
202300001664,26,10,2023,2025-12-05 13:00:00,1,46,46268,1,1,3,6,Riviere Basse D662,44.465266,1.599401
202300001665,25,9,2023,2025-12-05 13:30:00,1,8,8001,1,1,1,7,Rn 51,49.500145,4.353182
202300001666,27,10,2023,2025-12-05 07:05:00,2,47,47274,2,1,2,1,D813,44.14413073,0.77814109
202300001667,23,9,2023,2025-12-05 18:30:00,1,47,47034,2,1,1,7,Le Clavier,44.38606343,0.10384168
202300001668,26,10,2023,2025-12-05 06:30:00,5,25,25411,2,1,2,6,Rue Pasteur,47.05554,6.602975
202300001669,25,9,2023,2025-12-05 18:35:00,1,41,41274,1,1,1,3,D917,47.765457,0.902306
202300001670,7,9,2023,2025-12-05 08:12:00,1,34,34192,2,4,1,3,Rue Sire De Joinville,43.530314,3.936791
202300001671,26,9,2023,2025-12-05 07:45:00,1,30,30196,1,1,1,1,Rd5,44.090791,4.534607
202300001672,26,10,2023,2025-12-05 13:50:00,1,38,38287,2,1,8,1,Route Du Bourg,45.420892,5.469805
202300001673,25,9,2023,2025-12-05 21:00:00,5,69,69100,1,1,1,4,Rue Du Vieux Port,45.680332,4.83017
202300001674,27,10,2023,2025-12-05 17:00:00,1,2,2810,1,1,8,6,Route Nationale 2,49.271277,3.141918
202300001675,25,9,2023,2025-12-05 18:20:00,1,30,30034,1,1,1,3,Adresse_Inconnue,43.759712,4.495243
202300001676,20,10,2023,2025-12-05 16:45:00,1,14,14098,1,2,1,7,38 Rue De Secqueville A Putot,49.216322,-0.546184
202300001677,22,9,2023,2025-12-05 14:00:00,1,56,56184,1,1,1,6,Kerjuhel,47.705134,-2.434491
202300001678,26,9,2023,2025-12-05 08:10:00,1,2B,2B218,1,1,7,6,T50,42.21224516,9.34026718
202300001679,26,10,2023,2025-12-05 22:00:00,3,50,50394,1,6,3,5,D900/D24,49.191352,-1.427107
202300001680,26,9,2023,2025-12-05 17:40:00,1,2B,2B318,1,1,1,6,Terra Rossa,42.43471,9.520399
202300001681,27,10,2023,2025-12-05 15:10:00,1,50,50484,2,3,2,3,132 Rue De Paris,48.576636,-1.085764
202300001682,26,10,2023,2025-12-05 16:00:00,1,45,45282,1,1,1,1,D951 Pr 100 + 36,47.85628,1.815469
202300001683,27,10,2023,2025-12-05 08:00:00,2,36,36012,1,1,2,7,Le Plaix,46.46747585,1.56460017
202300001684,25,9,2023,2025-12-05 18:08:00,1,71,71162,1,3,1,2,Route De Beaune,46.974264,4.389746
202300001685,27,10,2023,2025-12-05 08:30:00,1,40,40243,1,1,8,1,Rue De Cournaou,43.933892,-0.931386
202300001686,24,9,2023,2025-12-05 18:56:00,1,63,63455,2,3,1,3,D8/ Chemin Du Moulin De La Paille,45.670028,3.162378
202300001687,11,10,2023,2025-12-05 07:00:00,1,85,85078,1,3,5,2,Rd25C,46.3252187,-0.7403433
202300001688,26,9,2023,2025-12-05 18:00:00,1,55,55181,1,1,1,1,D618,49.232816,5.660448
202300001689,26,9,2023,2025-12-05 18:00:00,1,39,39471,1,1,1,1,Adresse_Inconnue,46.728323,5.506082
202300001690,27,10,2023,2025-12-05 13:30:00,1,38,38486,2,1,1,3,Avenue Louis Vicat,45.152265,5.682554
202300001691,24,10,2023,2025-12-05 05:15:00,3,30,30125,1,1,1,6,Autoroute A54 Au Point Kilometrique 007+600,43.775843,4.417319
202300001692,25,9,2023,2025-12-05 08:45:00,1,29,29076,2,1,1,1,Lieu Dit Keravel Quinquis,48.479223,-4.557132
202300001693,25,9,2023,2025-12-05 19:00:00,1,31,31303,1,1,1,6,Route De Berat,43.358402,1.212584
202300001694,26,10,2023,2025-12-05 19:35:00,3,42,42151,1,1,3,1,Route De Montbrison,45.648458,4.108407
202300001695,26,9,2023,2025-12-05 07:15:00,1,38,38517,2,1,1,6,Avenue De La Gare,45.300969,5.49024
202300001696,26,10,2023,2025-12-05 14:39:00,1,95,95658,1,1,8,7,D14,49.08193374,1.93337917
202300001697,27,10,2023,2025-12-05 13:20:00,1,91,91461,2,1,1,1,D97,48.601715,2.224259
202300001698,26,10,2023,2025-12-05 21:25:00,3,34,34307,1,1,2,6,Route De Montpellier,43.70996,4.005838
202300001699,21,7,2023,2025-12-05 16:30:00,1,1,1263,2,1,1,6,Rue De Lyon,46.079739,4.758861
202300001700,27,10,2023,2025-12-05 11:00:00,1,13,13027,2,1,7,1,Boulevard Ernest Genevet,43.887783,4.851258
202300001701,27,10,2023,2025-12-05 14:25:00,1,71,71384,1,2,1,3,D906,46.69335,4.870677
202300001702,26,9,2023,2025-12-05 11:25:00,1,26,26166,1,2,1,5,Boulevard Frederic Mistral,44.75592694,4.82611653
202300001703,26,9,2023,2025-12-05 10:55:00,1,14,14478,2,1,1,6,6 Rue Guillonniere,49.022139,0.406234
202300001704,27,10,2023,2025-12-05 07:10:00,2,26,26250,1,1,1,2,Route De Romans,45.019896,4.895447
202300001705,24,9,2023,2025-12-05 21:45:00,3,50,50197,1,1,1,7,D7,48.877728,-1.387796
202300001706,27,10,2023,2025-12-05 11:05:00,1,1,1390,1,2,1,5,D 84,45.820803,5.244002
202300001707,26,9,2023,2025-12-05 08:00:00,1,60,60673,1,1,7,1,Adresse_Inconnue,49.61202432,2.14485311
202300001708,27,10,2023,2025-12-05 08:20:00,1,69,69047,1,1,1,6,Descente De Ladry,45.868886,4.656744
202300001709,25,9,2023,2025-12-05 20:15:00,3,16,16323,1,1,1,6,"D4, Pk 12+700",45.621039,0.401355
202300001710,26,9,2023,2025-12-05 11:35:00,1,21,21576,1,1,1,1,D26,47.375818,4.47808
202300001711,24,10,2023,2025-12-05 18:45:00,3,60,60079,1,2,1,3,Route Departementale 922,49.14757047,2.86279041
202300001712,26,9,2023,2025-12-05 13:45:00,1,37,37050,2,1,1,6,213 Avenue Du Grand Sud,47.324809,0.708374
202300001713,27,10,2023,2025-12-05 15:50:00,1,80,80236,1,1,1,7,D41 Pk 5.200,49.696721,2.596507
202300001714,25,9,2023,2025-12-05 13:00:00,1,42,42254,1,1,1,2,A89,45.839564,4.186306
202300001715,24,10,2023,2025-12-05 23:50:00,5,13,13212,1,1,1,2,A507 Sens Marseille - Aubagne,43.297,5.4255
202300001716,25,9,2023,2025-12-05 17:20:00,1,34,34022,1,1,1,2,A709 Pk 001+800,43.672737,4.017187
202300001717,26,10,2023,2025-12-05 12:55:00,1,69,69029,1,1,1,2,Autoroute 43,45.72781088,4.90608824
202300001718,26,9,2023,2025-12-05 04:45:00,3,83,83140,1,1,1,2,A8 Pk 65.400,43.423611,5.959976
202300001719,27,8,2023,2025-12-05 04:00:00,3,988,98808,1,1,1,6,Karagreu (Tribu),-21.34933,165.42835
202300001720,22,10,2023,2025-12-05 11:05:00,1,67,67152,1,1,1,3,Adresse_Inconnue,48.52583,7.6951
202300001721,18,9,2023,2025-12-05 03:00:00,3,988,98819,1,1,1,6,Tribu De Saint Pierre,-20.427586,164.428564
202300001722,24,10,2023,2025-12-05 13:20:00,1,33,33013,1,1,1,4,Route Nationale 230,44.8462,-0.50239
202300001723,20,10,2023,2025-12-05 08:15:00,1,59,59237,1,1,2,7,Autoroute A25,50.76029,2.64357
202300001724,25,9,2023,2025-12-05 08:15:00,1,77,77508,1,9,1,3,D231,48.8159,2.841972
202300001725,26,10,2023,2025-12-05 20:30:00,3,91,91174,1,1,3,2,Rn 104,48.6231,2.46628
202300001726,26,9,2023,2025-12-05 08:20:00,1,77,77091,1,2,7,3,Intersection D96 Et D216 Pk20+565,48.743307,2.816319
202300001727,26,10,2023,2025-12-05 19:30:00,3,94,94003,1,1,2,5,A6B,48.79974803,2.34378034
202300001728,26,10,2023,2025-12-05 19:17:00,2,91,91161,1,1,2,4,Autoroute A6,48.719,2.31061
202300001729,23,9,2023,2025-12-05 15:00:00,1,68,68318,2,2,1,7,Rue De La Vallee,47.96737,7.231729
202300001730,26,10,2023,2025-12-05 12:30:00,1,94,94021,1,1,2,2,A6A,48.7702866,2.34542494
202300001731,26,9,2023,2025-12-05 09:45:00,1,88,88321,2,1,1,6,Rue De La 1Ere Armee Francaise,48.35653717,5.6914933
202300001732,26,9,2023,2025-12-05 10:50:00,1,55,55145,1,1,1,7,D19,49.335722,5.386584
202300001733,26,10,2023,2025-12-05 11:00:00,1,91,91228,1,1,1,3,Autoroute A6,48.61596,2.42904
202300001734,26,9,2023,2025-12-05 15:10:00,1,63,63284,2,6,1,6,Sortie Parking Intermarche,45.800533,3.242946
202300001735,26,10,2023,2025-12-05 12:55:00,1,92,92025,1,1,8,4,A86,48.91943159,2.22419963
202300001736,25,10,2023,2025-12-05 20:15:00,3,92,92047,1,1,2,7,A13,48.83519709,2.17572425
202300001737,26,9,2023,2025-12-05 17:15:00,1,42,42094,2,4,1,3,Allee De La Loise,45.74979,4.225252
202300001738,26,9,2023,2025-12-05 15:40:00,1,42,42214,2,3,1,7,Route De Bellegarde,45.67251,4.294172
202300001739,25,10,2023,2025-12-05 05:00:00,3,78,78029,1,1,3,5,A13,48.968378,1.859457
202300001740,25,10,2023,2025-12-05 02:30:00,5,92,92051,1,1,3,6,Rn13,48.88419589,2.26244272
202300001741,26,9,2023,2025-12-05 17:00:00,1,42,42147,1,4,1,2,Route De Precieux,45.59318,4.110662
202300001742,26,10,2023,2025-12-05 12:20:00,1,95,95277,1,1,1,3,A3,48.98112,2.49824
202300001743,26,9,2023,2025-12-05 09:35:00,1,42,42147,2,1,1,6,Montee De Rigaud,45.603691,4.068857
202300001744,26,10,2023,2025-12-05 10:25:00,1,93,93053,1,1,2,6,Autoroute A103,48.88778,2.4725
202300001745,26,10,2023,2025-12-05 09:10:00,1,93,93078,1,1,2,6,Autoroute A104,48.9634,2.52179
202300001746,26,9,2023,2025-12-05 07:55:00,2,38,38059,2,1,1,3,D5,45.12780505,5.77827961
202300001747,25,10,2023,2025-12-05 10:30:00,1,95,95582,1,1,2,6,D170,48.96252,2.2635
202300001748,26,9,2023,2025-12-05 06:58:00,2,69,69050,2,2,1,1,Route Buissonniere,45.876049,4.644105
202300001749,28,10,2023,2025-12-05 06:50:00,3,94,94018,1,1,2,6,A4,48.81986293,2.40335937
202300001750,21,9,2023,2025-12-05 13:15:00,1,31,31291,1,1,1,3,D65,43.590439,1.230844
202300001751,26,10,2023,2025-12-05 21:25:00,3,94,94044,1,1,2,6,N406,48.75738552,2.47631192
202300001752,26,10,2023,2025-12-05 09:10:00,1,94,94073,1,1,2,2,A86,48.76801926,2.37873486
202300001753,14,1,2023,2025-12-05 02:05:00,5,44,44190,2,1,2,6,54Bis Route De Clisson,47.19146,-1.52404
202300001754,26,9,2023,2025-12-05 10:23:00,1,33,33055,1,2,1,3,Rue De La Prade,45.323913,-0.905315
202300001755,20,7,2023,2025-12-05 07:50:00,1,74,74010,2,1,7,3,Route De La Roche Sur Foron,45.933421,6.128646
202300001756,19,8,2023,2025-12-05 09:30:00,1,74,74275,2,4,1,3,Route De Saint-Germain,45.851566,6.216062
202300001757,23,9,2023,2025-12-05 16:00:00,1,33,33266,2,1,1,4,Route De Cavignac,45.05577,-0.327934
202300001758,25,8,2023,2025-12-05 21:45:00,5,74,74012,2,1,2,6,Fleutet (Rue Mme),46.19434,6.23947
202300001759,25,9,2023,2025-12-05 08:00:00,1,13,13033,1,1,1,2,A55-Sens Martigues Vers Marseille,43.37380564,5.19485609
202300001760,24,9,2023,2025-12-05 23:30:00,3,83,83035,1,1,1,6,A50,43.16435815,5.7670293
202300001761,17,8,2023,2025-12-05 18:20:00,1,74,74265,1,1,1,1,Route Du Col Du Marais,45.821095,6.335195
202300001762,23,9,2023,2025-12-05 13:20:00,1,59,59403,1,1,1,6,Autoroute A23,50.43222,3.37721
202300001763,16,8,2023,2025-12-05 14:40:00,1,74,74263,2,1,1,6,Avenue De Bonnatrait,46.333777,6.389253
202300001764,24,9,2023,2025-12-05 07:26:00,2,59,59009,1,1,1,2,Autoroute A22,50.65305,3.13276
202300001765,18,8,2023,2025-12-05 17:15:00,1,74,74077,1,1,1,1,La Corbie (Prairie)_,46.104386,5.89314
202300001766,25,9,2023,2025-12-05 20:30:00,5,91,91549,1,1,1,7,Rn 104,48.626,2.343
202300001767,16,8,2023,2025-12-05 01:50:00,3,74,74032,1,1,1,6,2072 Route De La Chevrerie,46.223972,6.543944
202300001768,25,9,2023,2025-12-05 02:30:00,3,92,92036,1,1,1,7,A86,48.93526651,2.26536727
202300001769,24,9,2023,2025-12-05 18:45:00,1,78,78291,1,1,1,2,A13,48.965109,1.761655
202300001770,4,8,2023,2025-12-05 15:25:00,1,74,74131,1,1,2,1,Rd1508,46.022997,5.904701
202300001771,10,8,2023,2025-12-05 06:15:00,2,74,74108,1,1,1,1,D1508,45.822519,6.208434
202300001772,25,9,2023,2025-12-05 09:35:00,1,93,93064,1,1,1,2,Autoroute A86,48.87582,2.47822
202300001773,3,8,2023,2025-12-05 09:30:00,1,74,74191,2,1,1,6,698 Route D'Avoriaz,46.182378,6.711686
202300001774,23,9,2023,2025-12-05 11:33:00,1,31,31149,2,1,1,6,Marcel Dassault (Boulevard),43.6114,1.34569
202300001775,19,8,2023,2025-12-05 02:00:00,5,33,33063,2,6,1,7,Place Tourny,44.84523,-0.57805
202300001776,25,10,2023,2025-12-05 08:20:00,1,974,97411,1,1,1,5,Lancastel (Boulevard),-20.88242,55.46391
202300001777,13,5,2023,2025-12-05 16:30:00,1,14,14228,2,2,1,3,1 Allee Du Temps Libre,49.300793,-0.383697
202300001778,24,10,2023,2025-12-05 13:15:00,1,974,97411,1,7,1,1,Ylang-Ylang (Chemin De L'),-20.91368,55.4805
202300001779,24,9,2023,2025-12-05 21:26:00,5,69,69382,2,3,1,3,Rue Vaubecour,45.75339,4.82569
202300001780,24,9,2023,2025-12-05 10:40:00,1,971,97101,2,3,1,1,Nelson Mandela,16.24524531,-61.53001964
202300001781,25,10,2023,2025-12-05 19:05:00,1,973,97302,2,1,1,6,Bonhomme (Cite),4.92212035,-52.31770188
202300001782,24,9,2023,2025-12-05 04:05:00,5,95,95268,2,1,1,7,D84,48.96594643,2.40867734
202300001783,23,10,2023,2025-12-05 19:00:00,5,973,97302,2,9,1,3,Baduel (Route De),4.93471,-52.3117
202300001784,23,9,2023,2025-12-05 11:15:00,1,95,95428,2,4,1,1,Georges Clemenceau (Avenue),48.99343925,2.32155383
202300001785,25,10,2023,2025-12-05 11:30:00,1,972,97213,2,1,1,2,Route Nationale 1,14.62329,-60.98987
202300001786,25,9,2023,2025-12-05 00:55:00,5,95,95018,2,6,1,1,Jean Lurcat (Rue),48.95266,2.22789
202300001787,24,9,2023,2025-12-05 17:55:00,1,91,91161,2,2,1,3,Av Mazarin,48.70412,2.31728
202300001788,25,10,2023,2025-12-05 08:50:00,1,972,97209,1,1,1,5,Dorothy (Route De),14.61248,-61.04406
202300001789,23,9,2023,2025-12-05 11:10:00,1,91,91097,2,1,1,2,Rue De Rochopt,48.69092,2.52598
202300001790,24,9,2023,2025-12-05 13:30:00,1,91,91027,1,3,1,3,Rue Paul Demange,48.7162,2.37124
202300001791,22,10,2023,2025-12-05 23:30:00,4,972,97209,2,2,1,3,General De Gaulle (Bld Du),14.60721,-61.06786
202300001792,23,9,2023,2025-12-05 12:10:00,1,81,81163,2,3,1,3,Tassigny (De Lattre De),43.48954,2.37118
202300001793,22,9,2023,2025-12-05 15:50:00,1,81,81163,1,1,1,7,Rd 118,43.463554,2.3540857
202300001794,26,10,2023,2025-12-05 00:02:00,5,69,69389,2,2,2,3,Rue De Saint-Cyr,45.78460839,4.80839798
202300001795,24,9,2023,2025-12-05 22:00:00,5,81,81065,2,3,1,3,De Gaulle Rd 612 (Av. Charles),43.60205473,2.25019415
202300001796,25,10,2023,2025-12-05 15:18:00,1,69,69382,2,2,8,6,Quai Jules Courmont,45.76346,4.83813
202300001797,25,10,2023,2025-12-05 06:35:00,1,971,97120,2,9,1,6,Gerty Archimede (Residence),16.25017,-61.54192
202300001798,24,10,2023,2025-12-05 21:30:00,5,971,97113,1,1,1,5,Morne Salines,16.20802,-61.45231
202300001799,29,4,2023,2025-12-05 10:15:00,1,69,69266,2,1,1,5,Avenue Albert Einstein,45.78064,4.8759
202300001800,24,9,2023,2025-12-05 22:42:00,5,64,64129,2,1,1,2,Santona De,43.31925,-0.38294
202300001801,24,9,2023,2025-12-05 20:40:00,5,64,64445,2,2,1,3,Sergent Bernes Cambot Du,43.305,-0.37
202300001802,23,9,2023,2025-12-05 13:50:00,1,61,61001,2,1,1,2,Voie Communale,48.438,0.095
202300001803,22,10,2023,2025-12-05 04:45:00,4,95,95288,2,6,1,2,D311,48.98509,2.36164
202300001804,25,10,2023,2025-12-05 07:35:00,5,95,95197,2,1,2,6,D311,48.97521548,2.33710259