num_acc,jour,mois,an,hrmn,lum,dep,com,agg,int,atm,col,adr,lat,long
202300001805,24,9,2023,2025-12-05 21:14:00,5,54,54451,2,4,1,1,Rue De Longwy,49.50339,5.75399
202300001806,22,9,2023,2025-12-05 16:30:00,1,51,51108,2,1,1,7,Carnot (Rue),48.954825,4.365861
202300001807,23,9,2023,2025-12-05 10:00:00,1,42,42305,2,2,7,6,Rue Victor Hugo,45.48239,4.43828
202300001808,6,9,2023,2025-12-05 11:55:00,1,91,91174,2,2,1,2,Rue De La Dauphine,48.60073,2.47081
202300001809,24,9,2023,2025-12-05 14:50:00,1,35,35238,2,1,1,6,Dinan (De),48.11934,-1.68106
202300001810,24,10,2023,2025-12-05 12:35:00,1,87,87085,1,1,1,7,Gordini ( Rue Amedee),45.8956,1.28188
202300001811,24,9,2023,2025-12-05 00:45:00,5,33,33063,2,1,1,2,Rue Lucien Faure,44.86567,-0.56032
202300001812,24,10,2023,2025-12-05 09:06:00,1,84,84080,1,1,1,5,Cd 942 Rte Sarrians A Rossi,44.02696,4.96782
202300001813,23,9,2023,2025-12-05 17:20:00,1,17,17306,2,1,1,3,Rochefort (De)  (Avenue),45.64093,-1.02475
202300001814,24,10,2023,2025-12-05 15:00:00,1,30,30011,1,1,1,6,R.N. 100,43.95791,4.74931
202300001815,24,9,2023,2025-12-05 01:10:00,5,15,15014,2,1,1,6,Jaures (Boulevard Jean),44.93484,2.45236
202300001816,24,9,2023,2025-12-05 14:00:00,1,13,13209,2,1,1,3,Sormiou (Chemin De),43.22960291,5.40133704
202300001817,24,9,2023,2025-12-05 14:20:00,1,13,13205,2,1,1,2,Baille (Boulevard),43.28783957,5.3909831
202300001818,25,10,2023,2025-12-05 08:20:00,2,77,77132,2,1,2,3,Av Robert Schuman,48.86471,2.7913
202300001819,24,10,2023,2025-12-05 18:38:00,2,72,72181,1,1,2,2,Boulevard Henri Frenay,48.01256,0.24059
202300001820,24,9,2023,2025-12-05 11:22:00,1,13,13216,1,1,1,1,Littoral (Chemin Du),43.34914848,5.34254324
202300001821,24,10,2023,2025-12-05 07:30:00,2,67,67180,1,1,3,1,Woerth (Route De),48.84477,7.7817
202300001822,24,9,2023,2025-12-05 05:30:00,5,7,7281,2,1,1,1,Tremolets (Rue Des),44.9389,4.86013
202300001823,24,10,2023,2025-12-05 09:40:00,1,64,64445,2,1,1,7,Tourasse,43.30833,-0.34004
202300001824,25,10,2023,2025-12-05 14:30:00,1,63,63113,2,1,2,3,Dunkerque (Rue De),45.81605,3.10836
202300001825,23,9,2023,2025-12-05 18:25:00,1,3,3185,2,4,1,3,Avenue Jules Guesde,46.34199,2.58877
202300001826,25,10,2023,2025-12-05 09:50:00,1,63,63113,2,1,1,3,Boulanger (Rue Pierre),45.78122,3.13902
202300001827,19,10,2023,2025-12-05 21:10:00,5,62,62215,2,1,1,6,Rue Du 11 Novembre,50.4909062,2.9554764
202300001828,24,9,2023,2025-12-05 09:49:00,1,1,1053,2,3,1,3,Ferry ( Boulevard Jules),46.19563,5.22186
202300001829,25,10,2023,2025-12-05 07:15:00,3,62,62013,2,2,2,1,Rue Pasteur,50.26729,2.75379
202300001830,24,9,2023,2025-12-05 20:10:00,5,75,75112,2,1,1,4,Porte De Vincennes,48.844933,2.41426
202300001831,25,10,2023,2025-12-05 13:15:00,1,61,61001,2,1,2,2,D112,48.43261,0.06949
202300001832,24,9,2023,2025-12-05 10:17:00,1,75,75115,2,1,1,2,Bd Peripherique Interieur,48.826185,2.298358
202300001833,24,9,2023,2025-12-05 13:00:00,1,75,75106,2,1,1,6,Quai Malaquais,48.858039,2.334259
202300001834,25,10,2023,2025-12-05 11:05:00,1,59,59512,2,2,2,3,Salengro  (Avenue Roger),50.68091,3.20474
202300001835,24,9,2023,2025-12-05 12:10:00,1,75,75119,2,2,1,6,Rue Mathis,48.89108,2.37378169
202300001836,24,9,2023,2025-12-05 16:30:00,1,75,75115,2,1,1,6,Boulevard Lefebvre,48.829463,2.297542
202300001837,25,10,2023,2025-12-05 14:20:00,1,59,59350,2,3,2,3,Facade De L'Esplanade,50.64501,3.05066
202300001838,23,9,2023,2025-12-05 19:05:00,1,75,75112,2,2,1,3,Rue De Wattignies,48.835189,2.398764
202300001839,24,9,2023,2025-12-05 00:10:00,5,75,75111,2,5,1,1,Boulevard Voltaire,48.85041599,2.39245632
202300001840,25,10,2023,2025-12-05 09:15:00,1,59,59143,1,4,2,3,Ponchelle Poree (Rue),50.65867959,2.88291067
202300001841,24,10,2023,2025-12-05 08:09:00,5,56,56121,2,2,2,7,Demaine ( Bd Yves ),47.75256,-3.37728
202300001842,24,9,2023,2025-12-05 19:45:00,5,75,75110,2,3,1,3,Boulevard De Strasbourg,48.870592,2.354946
202300001843,24,10,2023,2025-12-05 18:00:00,2,54,54495,2,1,1,2,Grand Rue,48.6884632,6.24759302
202300001844,24,9,2023,2025-12-05 16:30:00,1,75,75110,2,4,1,3,Rue Louis Blanc,48.88425401,2.35939407
202300001845,24,10,2023,2025-12-05 17:50:00,2,54,54547,2,1,1,2,Avenue Des Jonquilles,48.66067,6.18386
202300001846,23,9,2023,2025-12-05 23:30:00,5,75,75110,2,3,1,3,Boulevard De Bonne Nouvelle,48.870144,2.350506
202300001847,23,9,2023,2025-12-05 20:55:00,5,75,75109,2,2,1,6,Rue De La Chaussee D Antin,48.875268,2.332313
202300001848,24,10,2023,2025-12-05 16:30:00,1,54,54395,2,1,1,6,Rue Mazagran,48.69029,6.17572
202300001849,24,10,2023,2025-12-05 10:20:00,1,51,51454,2,2,2,3,Talleyrand (Rue),49.25757,4.02811
202300001850,25,10,2023,2025-12-05 15:09:00,1,45,45232,2,2,1,3,595 Avenue De Verdun,47.86876,1.91123
202300001851,23,9,2023,2025-12-05 20:20:00,5,75,75102,2,3,1,3,Boulevard De Sebastopol,48.86763,2.353325
202300001852,25,10,2023,2025-12-05 19:05:00,5,38,38421,2,1,2,6,Avenue Du 8 Mai 1945,45.17117,5.75692
202300001853,24,9,2023,2025-12-05 03:35:00,4,94,94081,2,1,1,6,Rue Du Gal Malleret Joinville,48.78048649,2.40358745
202300001854,24,9,2023,2025-12-05 07:00:00,2,94,94058,2,5,1,3,Boulevard D'Alsace-Lorraine,48.849187,2.496151
202300001855,25,10,2023,2025-12-05 13:30:00,1,37,37122,2,3,1,5,Jaures (Boulevard Jean),47.34843,0.66103
202300001856,25,10,2023,2025-12-05 11:40:00,1,37,37261,2,6,1,3,Pompidou (Avenue Georges),47.39487407,0.70462167
202300001857,24,9,2023,2025-12-05 14:30:00,1,94,94078,2,3,1,2,Rue De Paris,48.742347,2.44672
202300001858,23,9,2023,2025-12-05 23:35:00,5,94,94054,2,1,1,2,Rue Du Bas Marin,48.75192234,2.3879155
202300001859,23,10,2023,2025-12-05 18:10:00,1,29,29232,1,1,1,7,Rn165,47.98302,-4.01665
202300001860,19,10,2023,2025-12-05 18:30:00,1,29,29232,1,1,1,7,Rond-Point De Park Poullig,48.0301825,-4.08832804
202300001861,24,9,2023,2025-12-05 18:20:00,1,93,93078,1,1,1,1,Avenue Du Sausset,48.96227968,2.51580385
202300001862,25,10,2023,2025-12-05 17:15:00,1,29,29019,2,3,1,6,Rue Du Commandant Drogou,48.40462,-4.501582
202300001863,24,9,2023,2025-12-05 17:10:00,1,93,93078,1,1,1,7,Avenue Du Sausset,48.96213041,2.51566894
202300001864,23,9,2023,2025-12-05 16:25:00,1,93,93078,2,2,1,2,Boulevard Robert Ballanger / Av Du Mal De Lattre De Tassigny,48.95772641,2.54555529
202300001865,25,10,2023,2025-12-05 20:55:00,5,22,22278,2,3,2,6,Camus (Albert),48.513,-2.745
202300001866,24,9,2023,2025-12-05 13:50:00,1,93,93071,2,3,1,3,Rue Gabriel Peri / Rue Henri Martin,48.94067057,2.53179421
202300001867,25,10,2023,2025-12-05 14:45:00,1,17,17415,1,7,2,3,Departementale  137,45.71802624,-0.63565668
202300001868,24,9,2023,2025-12-05 22:00:00,3,93,93070,2,1,1,6,Rue Du Docteur Bauer,48.91253238,2.33545464
202300001869,25,10,2023,2025-12-05 17:15:00,1,17,17306,2,3,3,3,Rue Francois Arago,45.63457,-0.9943
202300001870,25,10,2023,2025-12-05 14:00:00,1,13,13209,2,3,1,3,Romain Rolland (Boulevard),43.27046,5.40732
202300001871,24,9,2023,2025-12-05 17:22:00,1,93,93066,2,2,1,3,Avenue De Stalingrad / Rue Guynemer,48.94551213,2.36380785
202300001872,24,9,2023,2025-12-05 15:15:00,1,93,93051,2,2,1,3,Boulevard Du Ru De Nesles / Rue Des Aerostiers,48.8319,2.58404
202300001873,25,10,2023,2025-12-05 09:20:00,1,13,13213,2,1,1,1,Rue Paul Preboist,43.33161957,5.45107974
202300001874,24,9,2023,2025-12-05 15:15:00,1,93,93046,2,1,1,7,Allee Jean Coulon,48.92874,2.55512
202300001875,25,10,2023,2025-12-05 09:57:00,1,75,75105,2,3,2,6,Boulevard Saint Marcel,48.838967,2.358555
202300001876,24,9,2023,2025-12-05 19:50:00,5,92,92064,2,9,1,1,Buzenval,48.8530466,2.20164281
202300001877,25,10,2023,2025-12-05 07:35:00,5,75,75105,2,2,2,7,Rue Monge,48.844484,2.352407
202300001878,24,9,2023,2025-12-05 19:30:00,1,92,92020,2,1,1,6,Liberte Boulevard De La Ndeg Pairs,48.80193896,2.29228216
202300001879,24,9,2023,2025-12-05 06:25:00,5,92,92024,2,2,1,3,Victor Hugo (Bd),48.90082,2.31586
202300001880,25,10,2023,2025-12-05 09:00:00,1,75,75118,2,3,2,1,Boulevard Ney,48.898646,2.357732
202300001881,24,9,2023,2025-12-05 11:10:00,1,92,92012,2,1,1,7,Jean Baptiste Clement (Avenue) 49/Fin -,48.84512143,2.23526828
202300001882,24,9,2023,2025-12-05 12:10:00,2,92,92002,2,3,1,3,Mirabeau (Rue),48.74401,2.29739
202300001883,25,10,2023,2025-12-05 07:20:00,5,75,75116,2,1,2,6,Place D Auteuil,48.848211,2.257026
202300001884,25,9,2023,2025-12-05 15:15:00,1,974,97415,1,1,3,7,Rue Hubert Delisle,-21.05792,55.308545
202300001885,25,10,2023,2025-12-05 14:20:00,1,75,75113,2,3,2,1,Avenue D Ivry,48.823312,2.365695
202300001886,22,9,2023,2025-12-05 09:50:00,1,35,35236,2,3,1,3,Rue De Cotard,47.667501,-2.066583
202300001887,25,10,2023,2025-12-05 06:19:00,5,75,75113,2,1,2,3,Avenue De La Porte D Italie,48.816934,2.360151
202300001888,25,10,2023,2025-12-05 13:42:00,1,75,75111,2,2,1,6,Rue De La Roquette,48.856774,2.377877
202300001889,17,9,2023,2025-12-05 01:05:00,3,95,95529,1,1,1,3,A16,49.169408,2.228851
202300001890,25,10,2023,2025-12-05 05:05:00,5,75,75110,2,7,2,1,Place Du Colonel Fabien,48.877633,2.370387
202300001891,25,9,2023,2025-12-05 08:25:00,1,11,11018,1,1,7,2,A61 - Pk 311.180,43.220031,2.210956
202300001892,25,10,2023,2025-12-05 08:15:00,1,75,75104,2,2,2,6,Rue Des Archives,48.858501,2.355256
202300001893,17,9,2023,2025-12-05 18:25:00,2,33,33021,1,3,2,3,D12,44.504754,-0.137136
202300001894,22,10,2023,2025-12-05 11:45:00,1,75,75103,2,3,1,3,Place Des Vosges,48.856173,2.365757
202300001895,25,9,2023,2025-12-05 06:10:00,3,83,83026,1,1,1,6,"Autoroute A8, Pk 86.000",43.40074729,6.21885431
202300001896,25,10,2023,2025-12-05 00:30:00,5,94,94081,2,1,1,3,Avenue Rouget De Lisle,48.77969,2.39565
202300001897,24,9,2023,2025-12-05 20:30:00,5,51,51346,2,1,1,6,16 Avenue Paul Doumer,49.081653,3.751767
202300001898,25,10,2023,2025-12-05 18:35:00,2,94,94073,2,3,1,3,Avenue De Fontainebleau,48.76293015,2.36852367
202300001899,24,9,2023,2025-12-05 17:00:00,1,974,97412,1,1,1,1,Chemin Assing,-21.331874,55.652082
202300001900,25,9,2023,2025-12-05 15:15:00,1,94,94038,2,1,8,6,Avenue Flouquet,48.77070205,2.32261464
202300001901,24,9,2023,2025-12-05 19:00:00,1,27,27507,2,1,1,1,Rue De Foucrainville,48.90959,1.28054
202300001902,25,10,2023,2025-12-05 12:00:00,1,93,93073,2,3,2,2,Chemin Du Loup / Rue Rodin,48.95664219,2.56371081
202300001903,25,10,2023,2025-12-05 19:30:00,5,93,93071,2,2,8,6,Rue Pierre Brossolette / Allee Corot,48.93472747,2.51268853
202300001904,18,9,2023,2025-12-05 16:20:00,1,21,21272,1,1,1,2,A6,47.42785847,4.31753618
202300001905,25,10,2023,2025-12-05 08:30:00,2,93,93073,2,1,2,6,Avenue Du Parc,48.95412457,2.57273189
202300001906,25,9,2023,2025-12-05 12:20:00,1,54,54127,1,1,1,6,D17B,49.478716,5.770515
202300001907,25,10,2023,2025-12-05 21:40:00,5,93,93070,2,2,2,6,Avenue Gabriel Peri / Rue Des Rosiers,48.90836,2.33267
202300001908,25,9,2023,2025-12-05 09:50:00,1,83,83070,2,1,1,6,Avenue Du General Bouvet,43.136432,6.367398
202300001909,25,10,2023,2025-12-05 19:00:00,5,93,93066,2,3,1,3,Avenue Lenine / Rue Jules Vedrines,48.945858,2.359384
202300001910,24,9,2023,2025-12-05 19:30:00,2,50,50039,1,3,7,1,Le Hamel Dumont,48.961492,-1.134472
202300001911,25,10,2023,2025-12-05 08:40:00,1,93,93062,2,1,2,3,Livry (Avenue De),48.9014,2.51934
202300001912,23,9,2023,2025-12-05 17:05:00,1,56,56040,1,2,1,3,La Croix Hello,47.868312,-3.352954
202300001913,25,10,2023,2025-12-05 17:08:00,1,93,93055,2,1,8,4,Avenue Jean Lolive,48.89318967,2.4130159
202300001914,24,10,2023,2025-12-05 12:55:00,1,93,93053,2,1,2,6,Chanzy (Rue),48.89141286,2.46552503
202300001915,24,9,2023,2025-12-05 10:23:00,1,56,56036,1,1,1,2,Adresse_Inconnue,47.79185,-3.31579
202300001916,25,10,2023,2025-12-05 12:25:00,1,93,93048,2,2,2,6,Rue Armand Carrel / Rue De La Republique,48.85194,2.41812
202300001917,23,10,2023,2025-12-05 15:14:00,1,93,93063,2,3,2,6,Avenue Lenine / Avenue Du President Wilson,48.88370788,2.42850081
202300001918,23,9,2023,2025-12-05 08:45:00,1,56,56177,1,1,1,4,Gohler,47.771414,-3.060132
202300001919,24,10,2023,2025-12-05 17:11:00,1,93,93031,2,1,1,6,Avenue De Lattre De Tassigny,48.95313,2.31575
202300001920,19,9,2023,2025-12-05 09:15:00,1,56,56233,1,3,1,1,Zone D'Activites De Kerran,47.593525,-2.983652
202300001921,25,10,2023,2025-12-05 20:00:00,5,93,93027,2,1,8,6,Rue Suzanne Masson,48.92332299,2.38527141
202300001922,25,10,2023,2025-12-05 08:10:00,2,92,92075,2,3,2,3,Hoche (Rue),48.81531086,2.27727735
202300001923,24,9,2023,2025-12-05 17:50:00,1,56,56126,1,9,1,3,D765 - Le Pont,47.526515,-2.311705
202300001924,24,10,2023,2025-12-05 19:30:00,5,92,92050,2,1,1,2,Garches Rue De,48.87844082,2.20561495
202300001925,25,9,2023,2025-12-05 14:40:00,1,76,76446,2,1,1,3,763 Rue Du Lieutenant Aubert,49.458749,1.005502
202300001926,25,10,2023,2025-12-05 12:35:00,1,92,92040,2,1,2,6,Ernest Renan,48.82923179,2.28301384
202300001927,24,10,2023,2025-12-05 07:50:00,1,92,92025,2,3,8,6,Commerce (Rue Du),48.91048079,2.24151564
202300001928,25,10,2023,2025-12-05 20:20:00,5,92,92060,2,1,1,6,Descartes (Avenue),48.77739829,2.24142534
202300001929,9,8,2023,2025-12-05 13:20:00,1,81,81177,1,1,7,3,Rd 59,43.693073,2.242863
202300001930,25,10,2023,2025-12-05 11:09:00,1,92,92012,2,1,2,3,Andre Morizet (Avenue) 1/47 - 2/52,48.834,2.24294
202300001931,25,9,2023,2025-12-05 01:00:00,3,71,71208,2,1,5,6,23 Montee Saint Martin,46.914715,5.165157
202300001932,24,10,2023,2025-12-05 17:25:00,1,92,92012,2,3,1,3,Point Du Jour (Quai Du),48.83106869,2.2572543
202300001933,25,10,2023,2025-12-05 19:00:00,4,92,92002,2,1,8,3,Georges Besse (Rue),48.73111883,2.31259096
202300001934,24,9,2023,2025-12-05 16:50:00,1,61,61063,1,1,1,6,Rd20,48.722999,-0.383901
202300001935,23,9,2023,2025-12-05 16:20:00,1,42,42224,1,1,1,3,Route Du Col De La Republique,45.345182,4.483227
202300001936,24,10,2023,2025-12-05 21:10:00,5,92,92002,2,2,1,3,President Kennedy (50 A La Fin),48.73624149,2.29175341
202300001937,26,10,2023,2025-12-05 17:40:00,1,80,80192,2,2,1,6,Rue D'Etinehem,49.909295,2.649593
202300001938,25,10,2023,2025-12-05 20:15:00,3,51,51262,1,1,2,1,Route Departementale 396,48.708238,4.600493
202300001939,25,9,2023,2025-12-05 16:50:00,1,41,41280,1,1,1,3,La Marcottiere,47.321036,1.777782
202300001940,26,10,2023,2025-12-05 09:57:00,1,71,71222,1,1,2,7,D980,46.646273,4.451598
202300001941,15,9,2023,2025-12-05 20:30:00,3,41,41280,1,1,1,5,Rue De Pruniers,47.296003,1.754917
202300001942,25,10,2023,2025-12-05 18:08:00,2,19,19273,1,1,2,1,D8,45.06406333,1.56349291
202300001943,30,8,2023,2025-12-05 20:05:00,1,41,41016,1,9,1,1,Rue De La Musse,47.29826,1.546623
202300001944,20,10,2023,2025-12-05 08:05:00,2,56,56140,1,1,5,4,Le Roscoet,47.966444,-2.824978
202300001945,25,10,2023,2025-12-05 16:45:00,1,31,31056,2,1,2,6,Route De Grenade,43.664317,1.371928
202300001946,23,9,2023,2025-12-05 10:00:00,1,22,22235,1,1,1,6,Kroaz Martin,48.64757,-3.523812
202300001947,24,9,2023,2025-12-05 18:15:00,1,39,39238,1,1,1,7,Adresse_Inconnue,47.210778,5.500854
202300001948,6,7,2023,2025-12-05 18:45:00,1,33,33226,2,1,1,6,Route De Creon,44.71519861,-0.39050817
202300001949,22,9,2023,2025-12-05 09:45:00,1,44,44084,1,2,1,3,Le Chemin Noir,47.2238,-1.367405
202300001950,26,10,2023,2025-12-05 17:50:00,1,71,71204,2,1,2,1,Rue Alfred Kastler,46.817426,4.856756
202300001951,24,9,2023,2025-12-05 16:45:00,1,35,35211,2,1,1,3,31 Rue Chevalier Lancelot Du Lac,48.023314,-2.172375
202300001952,25,10,2023,2025-12-05 15:45:00,1,11,11105,2,1,1,6,5 Allee De La Pouzaque,43.033576,2.235739
202300001953,26,10,2023,2025-12-05 16:40:00,1,89,89347,1,1,8,6,Route Departementale 36,47.413932,3.912538
202300001954,24,9,2023,2025-12-05 18:30:00,1,29,29184,1,1,6,6,Route De Kerlaudy,48.63627764,-3.9780699
202300001955,25,10,2023,2025-12-05 11:00:00,1,89,89034,1,1,2,1,D965,47.812477,3.715224
202300001956,26,10,2023,2025-12-05 12:44:00,1,63,63178,2,1,2,3,Avenue Pierre Mendes-France,45.551644,3.258187
202300001957,24,9,2023,2025-12-05 12:45:00,1,29,29166,1,1,1,3,Kervennou,48.152917,-4.202721
202300001958,23,10,2023,2025-12-05 11:00:00,1,22,22345,1,1,2,6,"D6, Le Vallain",48.335934,-2.569513
202300001959,25,10,2023,2025-12-05 17:00:00,1,39,39190,1,1,2,7,Adresse_Inconnue,47.163346,5.741563
202300001960,25,9,2023,2025-12-05 07:25:00,2,29,29260,1,3,1,3,Rue De L'Etain,48.446686,-4.622658
202300001961,26,10,2023,2025-12-05 12:30:00,1,29,29020,1,2,1,3,Les Trois Croix,48.12239496,-4.01964535
202300001962,26,10,2023,2025-12-05 13:11:00,1,29,29075,2,1,1,6,44 Allee Des Camelias,48.434292,-4.40963
202300001963,24,9,2023,2025-12-05 19:50:00,4,2,2600,1,1,1,1,Adresse_Inconnue,49.646632,3.773632
202300001964,24,10,2023,2025-12-05 16:16:00,1,66,66009,1,1,1,1,Adresse_Inconnue,42.464142,2.64587
202300001965,24,9,2023,2025-12-05 10:45:00,1,70,70355,1,1,1,6,L'Abbayotte,47.42565449,5.99978238
202300001966,19,10,2023,2025-12-05 09:55:00,1,14,14570,1,2,1,3,Valorbiquet,49.058986,0.335078
202300001967,25,9,2023,2025-12-05 11:18:00,1,58,58083,2,1,7,6,Place Du Champ De Foire,47.254529,3.684189
202300001968,25,10,2023,2025-12-05 19:30:00,5,14,14623,2,2,2,3,17 Route D'Harcourt,49.116448,-0.374312
202300001969,23,9,2023,2025-12-05 15:00:00,1,58,58178,1,1,1,6,Departementale 18,46.966021,3.644543
202300001970,26,10,2023,2025-12-05 08:28:00,2,50,50110,1,1,3,1,Le Pont Caudel,49.19002,-0.920459
202300001971,24,9,2023,2025-12-05 16:05:00,1,54,54059,1,1,7,7,D44,48.84172913,6.16779327
202300001972,26,10,2023,2025-12-05 15:30:00,1,18,18017,1,1,2,2,Adresse_Inconnue,46.779531,2.858907
202300001973,26,10,2023,2025-12-05 02:20:00,3,85,85139,2,2,1,6,31 Rue Principale,46.335149,-0.675959
202300001974,19,9,2023,2025-12-05 13:30:00,1,50,50177,1,2,1,1,Le Grand Chemin,49.381926,-1.43687
202300001975,24,9,2023,2025-12-05 01:15:00,3,50,50363,1,1,1,7,1650 Route De L?Aubannerie,49.004979,-1.098703
202300001976,25,10,2023,2025-12-05 08:25:00,1,30,30088,1,1,1,5,D999,43.860819,4.109166
202300001977,26,10,2023,2025-12-05 18:30:00,2,64,64430,1,1,3,6,A64,43.478787,-0.782239
202300001978,24,9,2023,2025-12-05 10:30:00,1,83,83044,1,1,1,1,D955,43.682258,6.510451
202300001979,24,9,2023,2025-12-05 20:00:00,3,45,45045,1,1,1,7,D30 Pr 3 + 800,48.09092094,2.27094626
202300001980,26,10,2023,2025-12-05 07:00:00,3,34,34298,1,1,8,4,Adresse_Inconnue,43.306553,3.240423
202300001981,25,10,2023,2025-12-05 18:30:00,3,69,69013,1,1,3,6,Autoroute 6,46.002417,4.73412
202300001982,25,9,2023,2025-12-05 19:45:00,3,73,73096,1,3,1,1,D1006,45.513941,6.091769
202300001983,25,10,2023,2025-12-05 15:50:00,1,2B,2B307,1,1,1,5,Route Territoriale 10,42.385113,9.530393
202300001984,25,10,2023,2025-12-05 15:40:00,1,83,83071,2,6,1,7,Rond Point Chateau Vert,43.14435873,6.24933289
202300001985,24,9,2023,2025-12-05 22:00:00,3,43,43152,1,1,1,5,D13,45.100945,3.850608
202300001986,26,10,2023,2025-12-05 12:10:00,1,83,83143,1,1,1,3,D562,43.452272,6.105958
202300001987,24,9,2023,2025-12-05 14:30:00,1,7,7011,1,1,1,7,578,44.716555,4.358963
202300001988,17,10,2023,2025-12-05 16:06:00,1,21,21132,1,1,1,7,Chamboeuf,47.225106,4.908786
202300001989,27,5,2023,2025-12-05 09:30:00,1,21,21500,1,2,1,3,Cd 9,47.506867,4.459781
202300001990,25,10,2023,2025-12-05 17:12:00,1,10,10300,1,1,8,1,D50,48.430706,4.364732
202300001991,22,9,2023,2025-12-05 16:20:00,1,40,40080,2,7,7,6,Place De L'Ancienne Bastide,43.760773,-0.316721
202300001992,25,10,2023,2025-12-05 12:10:00,1,38,38545,2,4,1,1,1 Rue Des Astragales,45.056186,5.66739
202300001993,26,10,2023,2025-12-05 15:20:00,1,7,7264,1,1,8,6,D86,44.336931,4.641818
202300001994,24,9,2023,2025-12-05 11:45:00,1,37,37033,1,1,1,6,Voie Communale 1,46.86336,0.899806
202300001995,25,10,2023,2025-12-05 10:45:00,1,69,69255,1,4,8,3,Route D'Yzeron,45.726907,4.655462
202300001996,25,9,2023,2025-12-05 15:30:00,1,48,48092,2,4,1,3,27 Avenue Du Docteur De Framont,44.571706,3.284618
202300001997,26,10,2023,2025-12-05 05:15:00,3,33,33498,2,3,3,3,Route De Badet,44.546124,-0.8543
202300001998,24,9,2023,2025-12-05 04:00:00,3,987,98752,1,1,2,6,Pk 54,-17.722,-149.399
202300001999,16,10,2023,2025-12-05 17:55:00,1,27,27165,2,1,1,6,Route De Sainte-Marguerite,48.954805,0.935136
202300002000,23,10,2023,2025-12-05 19:35:00,5,59,59237,2,1,2,6,Route Nationale,50.753825,2.645093
202300002001,24,9,2023,2025-12-05 08:15:00,2,24,24370,2,1,7,2,56 Avenue Du Perigord,44.844958,0.156952
202300002002,26,10,2023,2025-12-05 12:35:00,1,59,59051,1,6,8,7,Route De Lille,50.5420076,2.82006456
202300002003,24,9,2023,2025-12-05 17:50:00,1,69,69027,2,1,1,6,Avenue Ferdinand Gaillard,45.675932,4.755358
202300002004,25,10,2023,2025-12-05 01:00:00,3,69,69259,1,1,1,2,Boulevard Peripherique Laurent Bonnevay,45.71868,4.87299
202300002005,24,9,2023,2025-12-05 08:20:00,1,987,98712,2,1,1,3,Avenue Ariipaea Pomare,-17.279,-149.542
202300002006,25,10,2023,2025-12-05 18:15:00,1,91,91689,1,1,1,2,Autoroute A6,48.72309,2.31192
202300002007,25,10,2023,2025-12-05 16:30:00,1,91,91179,1,1,1,7,Autoroute A6,48.5622,2.48104
202300002008,23,9,2023,2025-12-05 10:35:00,1,11,11202,2,6,1,3,Avenue De Septimanie,42.853548,3.035429
202300002009,25,10,2023,2025-12-05 14:15:00,1,91,91136,1,1,8,7,Autoroute A10,48.71067,2.28695
202300002010,25,9,2023,2025-12-05 01:40:00,3,988,98823,1,1,1,6,Tribu De Neouta,-21.05515,165.39261
202300002011,25,10,2023,2025-12-05 11:35:00,1,91,91228,1,1,1,3,Rn 104,48.62533065,2.41809726
202300002012,25,10,2023,2025-12-05 09:48:00,1,91,91521,1,1,1,7,Rn 441,48.64220099,2.39358187
202300002013,6,8,2023,2025-12-05 07:00:00,1,986,98613,2,9,1,3,Utufua,-13.285,-176.207
202300002014,25,10,2023,2025-12-05 07:35:00,5,75,75113,1,1,2,6,A6B,48.816409,2.358981
202300002015,25,10,2023,2025-12-05 05:10:00,4,91,91179,1,1,2,2,Rn 337,48.56,2.48445
202300002016,22,9,2023,2025-12-05 14:00:00,1,971,97125,1,1,1,3,Desbonnes,16.285005,-61.287414
202300002017,23,10,2023,2025-12-05 21:10:00,3,78,78640,1,1,1,6,A86 Ext,48.777995,2.214251
202300002018,20,9,2023,2025-12-05 16:20:00,1,29,29230,1,1,2,1,Penn Ar Prat,47.928116,-3.549783
202300002019,25,9,2023,2025-12-05 09:20:00,1,77,77153,2,9,1,1,D401,49.054271,2.694208
202300002020,24,9,2023,2025-12-05 05:55:00,4,95,95592,2,1,1,1,D913,49.024752,1.873217
202300002021,24,9,2023,2025-12-05 16:45:00,1,66,66030,1,1,1,6,D614A,42.726287,2.780603
202300002022,23,9,2023,2025-12-05 22:20:00,3,11,11001,1,1,1,6,Adresse_Inconnue,43.22479,2.533937
202300002023,24,9,2023,2025-12-05 17:52:00,1,84,84003,1,1,1,6,D943,43.870109,5.374535
202300002024,24,9,2023,2025-12-05 11:40:00,1,4,4152,1,1,1,7,Chemin De Montfuron,43.808955,5.724456
202300002025,21,9,2023,2025-12-05 22:20:00,3,26,26002,1,1,2,5,Autoroutes A7 Pk 033+000,45.241899,4.841924
202300002026,25,9,2023,2025-12-05 07:35:00,1,67,67067,2,2,1,6,Rue De La Paix,48.734898,7.703953
202300002027,25,9,2023,2025-12-05 08:10:00,2,54,54519,2,1,1,1,Rue D'Alsace,48.41207632,6.81017697
202300002028,6,9,2023,2025-12-05 08:20:00,1,69,69056,2,3,7,3,Impasse Des Saillants,45.888739,4.613131
202300002029,25,9,2023,2025-12-05 15:40:00,1,69,69099,1,3,1,3,1940  Route De Saint Laurent,45.733239,4.424939