num_acc,jour,mois,an,hrmn,lum,dep,com,agg,int,atm,col,adr,lat,long
202300002030,25,9,2023,2025-12-05 08:25:00,1,31,31161,1,3,1,3,Intersection Rd 813 Chemin Des Monges,43.488214,1.529632
202300002031,20,9,2023,2025-12-05 06:30:00,3,33,33184,1,2,1,3,Les Forgettes,45.168622,-0.543593
202300002032,24,9,2023,2025-12-05 19:05:00,1,44,44073,1,2,1,3,Le Bois Sicard,47.457896,-1.690071
202300002033,22,9,2023,2025-12-05 18:50:00,1,29,29161,1,1,1,1,Route De Goarem Kergrimen,47.919621,-4.027659
202300002034,24,9,2023,2025-12-05 09:47:00,1,13,13001,1,1,1,6,A51-Sens Marseille Vers Aix En Provence,43.5032484,5.40804365
202300002035,24,9,2023,2025-12-05 06:40:00,3,13,13026,1,1,1,1,A55-Sens Marseille Vers Martigues,43.40117,5.10344
202300002036,21,8,2023,2025-12-05 20:48:00,1,10,10081,2,3,1,3,Ouest (Bd),48.30554891,4.02666092
202300002037,21,8,2023,2025-12-05 14:42:00,1,10,10081,2,1,1,6,President Rene Coty,48.31809,4.0375
202300002038,20,8,2023,2025-12-05 04:50:00,5,6,6159,2,1,1,6,Imperatrice Anna Feodorovna,43.702191,7.311298
202300002039,20,8,2023,2025-12-05 12:50:00,1,6,6123,2,1,1,6,Fahnestock G. Corniche,43.67432,7.1849
202300002040,20,8,2023,2025-12-05 04:55:00,4,6,6155,2,2,1,7,Liberte Av.De La,43.569556,7.077167
202300002041,22,8,2023,2025-12-05 18:53:00,1,6,6155,2,1,1,1,Poste Av.De La,43.56875,7.07299
202300002042,21,8,2023,2025-12-05 20:30:00,1,75,75119,2,1,1,3,Porte D Aubervilliers,48.900606,2.373933
202300002043,23,8,2023,2025-12-05 12:30:00,1,75,75106,2,2,1,3,Rue De Sevres,48.850233,2.324167
202300002044,21,8,2023,2025-12-05 14:20:00,1,75,75106,2,2,1,3,Boulevard Saint Germain,48.852093,2.340315
202300002045,23,8,2023,2025-12-05 18:50:00,1,75,75120,2,1,2,3,Bd Peripherique Interieur,48.849206,2.414929
202300002046,21,8,2023,2025-12-05 13:10:00,1,75,75120,2,4,1,7,Avenue Ibsen,48.866486,2.412668
202300002047,21,8,2023,2025-12-05 17:40:00,1,75,75119,2,7,1,7,Place Skanderbeg,48.900387,2.370399
202300002048,21,8,2023,2025-12-05 14:50:00,1,75,75119,2,3,1,7,Boulevard De La Villette,48.878432,2.370451
202300002049,23,8,2023,2025-12-05 05:40:00,2,75,75118,2,1,1,1,Boulevard Ney,48.898695,2.367626
202300002050,23,8,2023,2025-12-05 09:05:00,1,75,75117,2,3,1,6,Rue Guersant,48.88152,2.289212
202300002051,22,8,2023,2025-12-05 19:10:00,1,75,75116,2,2,1,3,Boulevard Murat,48.837105,2.260132
202300002052,22,8,2023,2025-12-05 15:45:00,1,75,75116,2,2,1,3,Avenue Marceau,48.867456,2.299239
202300002053,23,8,2023,2025-12-05 16:25:00,1,75,75115,2,3,1,2,Boulevard Lefebvre,48.828179,2.302783
202300002054,23,8,2023,2025-12-05 08:15:00,1,75,75115,2,1,7,3,Quai D Issy Les Moulineaux,48.83514541,2.26635933
202300002055,21,8,2023,2025-12-05 18:30:00,1,75,75115,2,1,1,7,Avenue De La Porte De Sevres,48.835136,2.277845
202300002056,23,8,2023,2025-12-05 12:20:00,1,75,75114,2,5,1,6,Avenue Du Maine,48.837542,2.322941
202300002057,23,8,2023,2025-12-05 20:10:00,5,75,75115,2,1,1,6,Port De Javel Bas,48.846621,2.276936
202300002058,23,8,2023,2025-12-05 20:50:00,5,75,75112,2,3,1,6,Rue Des Meuniers,48.834176,2.397716
202300002059,21,8,2023,2025-12-05 09:10:00,1,75,75116,2,9,1,3,Voie Georges Pompidou,48.853316,2.281972
202300002060,21,8,2023,2025-12-05 00:30:00,5,75,75107,2,1,1,6,Pont D Iena,48.859456,2.292652
202300002061,23,8,2023,2025-12-05 18:10:00,1,94,94041,2,1,1,6,Rue Carnot,48.80802566,2.37068331
202300002062,17,8,2023,2025-12-05 09:25:00,1,94,94041,2,9,1,3,Boulevard De Stalingrad,48.80592,2.37602
202300002063,23,8,2023,2025-12-05 17:40:00,1,94,94021,2,1,1,2,Avenue Georges Guynemer,48.763618,2.339251
202300002064,16,8,2023,2025-12-05 11:41:00,1,94,94028,2,1,1,2,Rue Des Meches,48.7923,2.4577
202300002065,23,8,2023,2025-12-05 20:55:00,2,94,94022,2,2,1,3,Avenue Victor Hugo,48.76881,2.42073
202300002066,23,8,2023,2025-12-05 14:40:00,1,93,93066,2,2,1,1,Rue Gabriel Peri / Rue Franciade,48.93252323,2.35565076
202300002067,23,8,2023,2025-12-05 06:45:00,2,93,93066,2,3,1,3,Boulevard De La Liberation / Rue Michael Faraday,48.92254366,2.34324151
202300002068,23,8,2023,2025-12-05 06:50:00,2,93,93050,2,9,1,3,Boulevard Du Marechal Foch,48.85376,2.517723
202300002069,23,8,2023,2025-12-05 17:35:00,1,93,93048,2,1,1,6,Bd Paul Vaillant Couturier,48.865604,2.44385
202300002070,22,8,2023,2025-12-05 21:20:00,5,93,93063,2,3,1,3,Avenue Lenine / Rue Vassou,48.8847,2.431
202300002071,23,8,2023,2025-12-05 14:10:00,1,93,93010,2,3,1,3,Gallieni (Av.) De 1 A 109,48.904252,2.472506
202300002072,22,8,2023,2025-12-05 17:15:00,1,93,93001,2,3,1,1,Rue De Saint Denis / Rue De Valmy,48.92102665,2.37692771
202300002073,14,8,2023,2025-12-05 16:15:00,1,92,92078,2,2,8,3,Verdun (Avenue) (Pairs 92 Et Plus),48.93486443,2.32484132
202300002074,22,8,2023,2025-12-05 18:17:00,1,92,92073,2,1,1,3,Loucheur (Boulevard Louis),48.86049799,2.21321797
202300002075,15,8,2023,2025-12-05 19:55:00,1,92,92072,2,1,1,6,Bruyeres (Rue Des),48.8210288,2.21881092
202300002076,23,8,2023,2025-12-05 16:50:00,1,92,92063,2,9,1,3,Montbrison (Rue Du Lieutenant Colonel De,48.85944556,2.19464564
202300002077,23,8,2023,2025-12-05 01:45:00,5,92,92051,2,1,1,6,"Charles De Gaulle (Avenue, Ndeg 18 A 116)",48.88069412,2.27409929
202300002078,23,8,2023,2025-12-05 09:50:00,1,92,92044,2,1,1,3,Ana.France(Rue) 141+ Et 126 +,48.89861,2.27913
202300002079,23,8,2023,2025-12-05 19:29:00,1,92,92025,2,3,1,6,Stalingrad (Av De),48.92781231,2.27181718
202300002080,16,8,2023,2025-12-05 10:10:00,1,92,92024,2,2,1,6,Victor Meric (Rue),48.90122698,2.30540916
202300002081,23,8,2023,2025-12-05 12:00:00,1,92,92012,2,1,1,6,Andre Morizet (Avenue) - 49/Fin - 54/Fin,48.83690491,2.23635776
202300002082,16,8,2023,2025-12-05 09:22:00,1,92,92012,2,1,1,6,Paris (Rue De) 1/97 - 2/114,48.8399956,2.24561244
202300002083,23,8,2023,2025-12-05 12:55:00,1,39,39437,1,1,1,5,Adresse_Inconnue,46.718145,5.785612
202300002084,21,8,2023,2025-12-05 16:40:00,1,14,14162,1,1,1,6,La Lande,48.899832,-0.462917
202300002085,23,8,2023,2025-12-05 03:00:00,3,83,83072,1,1,1,6,2050 Route De Salernes,43.507597,6.339286
202300002086,24,8,2023,2025-12-05 06:45:00,2,66,66190,1,1,1,2,Adresse_Inconnue,42.808121,2.902966
202300002087,22,8,2023,2025-12-05 12:00:00,1,988,98812,1,1,1,6,Rt1,-20.504923,164.259971
202300002088,21,8,2023,2025-12-05 18:05:00,1,10,10350,2,1,7,6,Rue Du Professeur D'Herelle,48.172411,3.796731
202300002089,22,8,2023,2025-12-05 19:00:00,1,62,62614,1,2,1,6,D 943,50.83773421,2.01754689
202300002090,24,8,2023,2025-12-05 07:06:00,1,63,63264,1,1,1,6,D983,45.64948728,2.85204548
202300002091,23,8,2023,2025-12-05 08:10:00,1,63,63004,2,1,1,6,Avenue Du Plan D'Eau,45.925606,2.80977
202300002092,23,8,2023,2025-12-05 19:25:00,1,55,55557,1,1,1,7,A4 - Sens Paris/Metz - Pk 271.300,49.126817,5.626127
202300002093,24,8,2023,2025-12-05 09:06:00,1,79,79174,1,3,7,3,Adresse_Inconnue,46.215101,-0.141953
202300002094,24,8,2023,2025-12-05 20:00:00,2,83,83070,1,1,1,1,D559,43.149658,6.415833
202300002095,18,8,2023,2025-12-05 16:35:00,1,83,83070,2,3,1,1,379 Route De Benat,43.13520205,6.35132392
202300002096,21,8,2023,2025-12-05 19:30:00,2,65,65133,1,1,1,6,Route Du Tourtou,43.319599,0.16034
202300002097,22,8,2023,2025-12-05 11:50:00,1,38,38342,1,1,1,1,"Ruisseau Du Gravenon, Rd 1075",44.888297,5.615105
202300002098,24,8,2023,2025-12-05 08:30:00,1,62,62376,1,1,8,6,D 937,50.56217722,2.60363531
202300002099,21,8,2023,2025-12-05 12:02:00,1,37,37179,1,1,1,5,Autoroute A10,47.45446186,0.75288534
202300002100,24,8,2023,2025-12-05 17:30:00,1,83,83116,2,1,1,6,Chemin Du Real Vieux,43.452855,5.858958
202300002101,21,8,2023,2025-12-05 21:30:00,5,91,91553,2,3,1,1,Route De St Germain Rd 947,48.617932,2.483724
202300002102,21,8,2023,2025-12-05 19:25:00,1,51,51545,1,1,1,6,D977,48.724178,4.202737
202300002103,20,8,2023,2025-12-05 13:00:00,1,19,19181,1,1,1,7,Rd 128,45.477948,1.844029
202300002104,24,8,2023,2025-12-05 16:00:00,1,56,56005,2,1,1,7,Rue Centrale,47.549592,-2.893667
202300002105,11,8,2023,2025-12-05 14:30:00,1,77,77020,1,9,1,3,N4,48.692561,3.186051
202300002106,23,8,2023,2025-12-05 15:50:00,1,76,76328,1,2,1,2,D151,49.655752,1.179928
202300002107,22,8,2023,2025-12-05 11:30:00,1,2B,2B049,1,1,1,1,Route De Calenzana,42.535374,8.813438
202300002108,22,8,2023,2025-12-05 10:00:00,1,2B,2B318,1,9,1,2,San Piovanaccio,42.440323,9.510389
202300002109,20,8,2023,2025-12-05 21:30:00,3,80,80163,1,1,1,6,D3,50.121871,1.749744
202300002110,24,8,2023,2025-12-05 00:45:00,4,65,65388,2,1,1,6,Rd929 Routed'Autun,42.824255,0.331199
202300002111,22,8,2023,2025-12-05 09:27:00,1,65,65470,1,3,1,1,Rd 921B,43.064855,-0.043194
202300002112,22,8,2023,2025-12-05 13:30:00,1,55,55012,1,1,1,7,D908,48.857021,5.648453
202300002113,23,8,2023,2025-12-05 17:10:00,1,49,49086,2,1,1,1,Rue De La Bate,47.27275,-0.454466
202300002114,23,8,2023,2025-12-05 11:00:00,1,12,12171,1,1,7,1,D901,44.5252,2.413387
202300002115,24,8,2023,2025-12-05 11:00:00,1,42,42181,1,1,1,6,Route De Montagny,45.99932022,4.21767578
202300002116,22,8,2023,2025-12-05 12:30:00,1,42,42262,1,1,1,3,Route De Perigneux,45.40978133,4.18734211
202300002117,24,8,2023,2025-12-05 09:10:00,1,47,47203,1,1,7,1,309 Route De Tournon,44.38443397,0.81635469
202300002118,23,8,2023,2025-12-05 12:43:00,1,39,39328,1,1,1,7,Adresse_Inconnue,46.503204,5.715369
202300002119,21,8,2023,2025-12-05 15:55:00,1,39,39401,2,3,1,3,12 Rue Du Chateau,46.905502,5.590496
202300002120,24,8,2023,2025-12-05 12:40:00,1,25,25440,1,1,1,1,N57,47.002471,6.326795
202300002121,22,8,2023,2025-12-05 07:42:00,2,29,29202,1,6,1,2,Roc'H Tredudon,48.41206091,-3.8953865
202300002122,24,8,2023,2025-12-05 10:25:00,1,31,31589,1,1,1,6,D813,43.439537,1.651238
202300002123,23,8,2023,2025-12-05 18:50:00,1,38,38163,1,9,1,6,Le Pleynet (Plateforme),45.272246,6.055323
202300002124,21,8,2023,2025-12-05 21:50:00,3,2,2556,1,1,1,6,D18,49.677362,4.100819
202300002125,22,8,2023,2025-12-05 17:25:00,1,2,2527,2,1,1,6,Rue Des Vignes,49.456336,3.195562
202300002126,24,8,2023,2025-12-05 16:30:00,1,3,3089,2,1,1,6,Place De L'Ecole,46.218716,3.012699
202300002127,29,7,2023,2025-12-05 15:00:00,1,15,15188,1,1,1,6,D74,45.004952,3.171498
202300002128,21,8,2023,2025-12-05 14:50:00,1,58,58080,1,1,1,7,"D958, Pk28+285",47.190161,3.648641
202300002129,21,8,2023,2025-12-05 19:20:00,1,66,66179,1,1,1,1,Departementale D3,42.370435,2.623133
202300002130,23,8,2023,2025-12-05 20:30:00,2,72,72363,1,1,1,6,Fief Barry,48.10330215,0.50367236
202300002131,23,8,2023,2025-12-05 09:45:00,1,72,72386,2,6,7,3,Avenue Du Mans,48.00147363,0.2462554
202300002132,24,8,2023,2025-12-05 20:30:00,5,14,14678,1,1,2,2,Route D'Argences,48.975553,-0.24046
202300002133,24,8,2023,2025-12-05 10:40:00,1,14,14092,2,1,2,6,La Hogue,49.116422,-0.272872
202300002134,23,8,2023,2025-12-05 17:30:00,1,50,50092,1,1,1,7,Departementale 141,49.064071,-1.406153
202300002135,5,5,2023,2025-12-05 12:15:00,1,6,6088,2,2,7,4,Turin (Rte De),43.71579,7.28445
202300002136,5,5,2023,2025-12-05 22:00:00,5,6,6085,2,1,1,3,Campelieres (Chemin Des),43.5805662,7.0067371
202300002137,4,5,2023,2025-12-05 12:45:00,1,75,75112,2,1,1,3,Echangeur Bercy,48.827141,2.39103
202300002138,4,5,2023,2025-12-05 09:30:00,1,75,75106,2,3,1,3,Rue De Vaugirard,48.84930393,2.33731717
202300002139,5,5,2023,2025-12-05 12:45:00,1,75,75119,2,2,1,3,Boulevard D Indochine,48.883642,2.396997
202300002140,28,11,2023,2025-12-05 17:45:00,2,92,92025,2,3,1,3,Rouget De L'Isle (Rue),48.921,2.24981
202300002141,5,5,2023,2025-12-05 05:55:00,2,75,75119,2,1,1,6,Place Des Fetes,48.876881,2.394327
202300002142,28,11,2023,2025-12-05 12:27:00,1,92,92025,2,2,1,3,Agriculture (Rue De L'),48.9132,2.23917
202300002143,5,5,2023,2025-12-05 01:05:00,5,75,75119,2,2,1,3,Rue D Aubervilliers,48.889687,2.368118
202300002144,24,11,2023,2025-12-05 17:20:00,2,62,62447,2,1,1,6,D340,50.371686,2.043913
202300002145,5,5,2023,2025-12-05 11:45:00,1,75,75115,2,2,1,3,Rue Fizeau,48.831281,2.302468
202300002146,22,11,2023,2025-12-05 04:45:00,3,38,38157,1,3,1,3,Rue Des Potiers,45.4963,4.933301
202300002147,5,5,2023,2025-12-05 09:50:00,1,75,75115,2,2,1,3,Boulevard De Vaugirard,48.840448,2.315133
202300002148,29,11,2023,2025-12-05 06:39:00,2,38,38238,2,2,1,1,Route Des Cerisiers,45.493349,5.046756
202300002149,28,11,2023,2025-12-05 20:25:00,3,2,2009,1,1,1,6,Adresse_Inconnue,49.766908,3.356667
202300002150,5,5,2023,2025-12-05 20:55:00,5,75,75112,2,5,2,4,Rue Van Gogh,48.843418,2.370749
202300002151,29,11,2023,2025-12-05 11:00:00,1,40,40304,2,1,1,6,328 Avenue Des Pervenches,43.670305,-1.438399
202300002152,5,5,2023,2025-12-05 08:30:00,1,75,75111,2,7,8,2,Place Leon Blum,48.85794461,2.38032103
202300002153,28,11,2023,2025-12-05 12:30:00,1,57,57232,1,1,1,1,D22,48.978203,6.799153
202300002154,5,5,2023,2025-12-05 15:00:00,1,75,75110,2,2,1,1,Rue Du Faubourg Saint Denis,48.871572,2.353621
202300002155,28,11,2023,2025-12-05 21:40:00,5,11,11203,2,3,9,3,Adresse_Inconnue,43.205291,2.755149
202300002156,5,5,2023,2025-12-05 19:40:00,2,75,75101,2,3,2,2,Boulevard De Sebastopol,48.861984,2.350172
202300002157,8,9,2023,2025-12-05 15:30:00,1,36,36033,1,1,1,6,Adresse_Inconnue,46.50995032,1.5070412
202300002158,5,5,2023,2025-12-05 18:30:00,1,75,75102,2,2,1,7,Rue D Aboukir,48.867571,2.346374
202300002159,5,5,2023,2025-12-05 20:20:00,1,94,94068,2,1,1,3,Rue Traversiere,48.80425386,2.47119065
202300002160,28,11,2023,2025-12-05 09:45:00,1,71,71420,1,3,2,3,Rue De La Poste,46.698104,4.979017
202300002161,5,5,2023,2025-12-05 11:45:00,1,94,94068,2,2,1,6,Avenue Du Bac,48.79275,2.51667
202300002162,28,11,2023,2025-12-05 23:00:00,3,30,30331,1,1,1,6,D5,44.109128,4.574561
202300002163,5,5,2023,2025-12-05 13:10:00,1,94,94015,2,6,8,3,Boulevard Pasteur,48.83194474,2.5329929
202300002164,28,11,2023,2025-12-05 18:45:00,3,57,57602,1,1,1,1,D1,49.250462,6.203139
202300002165,5,5,2023,2025-12-05 20:30:00,2,94,94073,2,9,1,3,Boulevard Du Nord,48.758562,2.370985
202300002166,5,5,2023,2025-12-05 07:10:00,2,94,94033,2,1,2,7,Av. Du Marechal De Lattre De Tassigny,48.8581,2.49136
202300002167,13,11,2023,2025-12-05 19:30:00,3,95,95612,1,1,1,7,D47,49.001555,2.464505
202300002168,5,5,2023,2025-12-05 20:02:00,1,94,94071,2,1,8,6,Rue Henri Dunant,48.766254,2.528959
202300002169,25,11,2023,2025-12-05 09:05:00,2,76,76014,1,1,7,6,D125,49.59267763,0.26947975
202300002170,5,5,2023,2025-12-05 10:00:00,1,93,93078,2,1,2,6,Chemin Des Fontaines,48.9648,2.53225
202300002171,4,5,2023,2025-12-05 14:05:00,1,93,93078,2,6,1,2,Avenue Georges Clemenceau / Boulevard Robert Ballanger,48.96155,2.555
202300002172,29,11,2023,2025-12-05 06:00:00,3,76,76449,1,3,1,3,D929,49.671804,1.165484
202300002173,5,5,2023,2025-12-05 08:00:00,1,93,93005,2,1,2,3,Route De Mitry,48.94602499,2.51023656
202300002174,29,11,2023,2025-12-05 06:30:00,3,79,79185,1,1,1,2,Adresse_Inconnue,46.274642,-0.240133
202300002175,25,11,2023,2025-12-05 00:55:00,3,63,63364,1,1,1,6,D2089,45.827483,3.447454
202300002176,4,5,2023,2025-12-05 22:50:00,5,93,93070,2,2,1,6,Boulevard Jean Jaures / Rue Du Docteur Bauer,48.9129,2.33506
202300002177,5,5,2023,2025-12-05 14:00:00,1,93,93051,2,3,1,3,Avenue Du Pave Neuf / Allee Fernand Leger,48.8403,2.5568
202300002178,29,11,2023,2025-12-05 11:55:00,1,55,55570,1,2,1,3,D901,48.884924,5.413663
202300002179,5,5,2023,2025-12-05 20:15:00,2,93,93048,2,1,2,6,Rue De La Revolution,48.8557,2.42893
202300002180,29,11,2023,2025-12-05 08:00:00,2,49,49218,2,3,1,1,Rue De Bel-Air (Chaudron-En-Mauges),47.288483,-0.974275
202300002181,4,5,2023,2025-12-05 23:40:00,5,93,93063,2,1,1,3,56 Rue De Benfleet,48.87894,2.4393
202300002182,28,11,2023,2025-12-05 20:45:00,3,42,42081,1,1,1,6,Route De Saint Galmier,45.609296,4.270183
202300002183,5,5,2023,2025-12-05 07:10:00,2,93,93031,2,9,2,3,Avenue De Jarrow,48.95272438,2.33026293
202300002184,4,11,2023,2025-12-05 17:00:00,2,34,34150,2,1,1,3,Impasse De La Gare,43.320635,3.53624
202300002185,5,5,2023,2025-12-05 18:45:00,1,93,93029,2,1,1,6,29 Rue Roger Petieu,48.92314,2.44853
202300002186,28,11,2023,2025-12-05 08:30:00,1,44,44166,1,3,1,5,Route Des Champs,47.184878,-1.736248
202300002187,4,5,2023,2025-12-05 20:20:00,1,93,93027,2,2,1,3,Avenue Paul Vaillant Couturier / Rue Edouard Renard,48.9180693,2.40776271
202300002188,28,11,2023,2025-12-05 10:00:00,1,44,44158,2,6,1,7,36 Rue Du Temple,47.279615,-1.781502
202300002189,4,5,2023,2025-12-05 04:45:00,5,93,93046,2,2,1,1,Rue Pachot Laine / Avenue Liegeard,48.92459,2.53846
202300002190,28,11,2023,2025-12-05 17:00:00,1,29,29015,2,1,1,7,8 Rue De Brest,48.498334,-4.504589
202300002191,5,5,2023,2025-12-05 18:15:00,1,93,93005,2,3,1,3,Rue Du Docteur Fleming / Rue Du Docteur Jean Perlis,48.9529086,2.51745533
202300002192,27,11,2023,2025-12-05 18:50:00,5,64,64547,2,1,3,1,Rue De Hiribehere,43.403247,-1.460087
202300002193,5,5,2023,2025-12-05 18:10:00,1,92,92073,2,1,1,3,Dassault (Quai Marcel),48.860703,2.224837
202300002194,5,5,2023,2025-12-05 22:00:00,5,92,92033,2,1,3,7,Henri Regnault,48.8486,2.19056
202300002195,28,11,2023,2025-12-05 18:45:00,3,73,73270,1,2,2,3,D1006,45.551984,6.160197
202300002196,4,5,2023,2025-12-05 16:20:00,1,92,92036,2,1,1,6,Gabriel Peri (Avenue) (131/145),48.922363,2.294843
202300002197,29,11,2023,2025-12-05 13:55:00,1,10,10328,1,1,1,4,D960,48.353982,4.263575
202300002198,4,5,2023,2025-12-05 11:55:00,1,92,92036,2,2,1,6,Louis Calmel (Rue) (1),48.926715,2.294667
202300002199,5,5,2023,2025-12-05 18:10:00,1,92,92025,2,1,1,3,Valmy (Bd De),48.930866,2.255192
202300002200,29,11,2023,2025-12-05 17:05:00,2,7,7007,1,1,1,5,D14,44.932542,4.753647
202300002201,5,5,2023,2025-12-05 15:25:00,1,92,92025,2,2,1,3,President Salvador Allende (Rue Du),48.91838,2.2243
202300002202,29,11,2023,2025-12-05 15:30:00,1,7,7338,1,9,1,6,D21,44.906271,4.621167
202300002203,28,11,2023,2025-12-05 22:55:00,3,53,53153,1,1,1,7,Le Brindeau,48.186504,-0.440252
202300002204,4,5,2023,2025-12-05 18:00:00,1,92,92024,2,2,1,3,Victor Hugo (Bd),48.89742,2.3105
202300002205,29,11,2023,2025-12-05 16:20:00,1,23,23057,1,1,1,6,Soumeranges,46.311523,2.004522
202300002206,4,5,2023,2025-12-05 05:42:00,5,92,92004,2,1,1,7,Bernard Jussieu ( Rue ),48.92780405,2.27796525
202300002207,27,11,2023,2025-12-05 11:48:00,1,73,73082,1,1,1,6,Autoroute A 43,45.495292,6.062441
202300002208,6,5,2023,2025-12-05 12:30:00,1,60,60040,1,9,1,3,D152,49.414994,2.600305
202300002209,28,11,2023,2025-12-05 19:05:00,3,1,1031,1,1,1,3,A404,46.249352,5.62434
202300002210,5,5,2023,2025-12-05 19:10:00,1,37,37147,1,1,1,2,La Motte,47.05453034,0.54139853
202300002211,29,11,2023,2025-12-05 12:15:00,1,44,44028,1,6,1,6,Rond-Point De La Joie,47.340484,-1.349151
202300002212,6,5,2023,2025-12-05 17:20:00,1,47,47145,1,1,1,6,D17,44.13872534,0.66303365
202300002213,28,11,2023,2025-12-05 14:55:00,1,38,38062,1,1,2,2,Autoroute A41 S Point Kilometrique 030.500,45.404416,5.996475
202300002214,6,5,2023,2025-12-05 16:58:00,1,54,54264,1,9,1,7,D50,48.54214956,6.09342845
202300002215,27,11,2023,2025-12-05 19:40:00,3,978,97801,1,1,1,6,R Des Terres Basses,18.061333,-63.131078
202300002216,5,5,2023,2025-12-05 19:10:00,1,86,86183,2,1,1,6,D910,46.970823,0.606391
202300002217,6,5,2023,2025-12-05 20:35:00,2,28,28018,1,1,3,6,A11 - Pk 116.300,48.197508,0.871466
202300002218,30,10,2023,2025-12-05 18:30:00,3,37,37072,1,2,1,1,D751,47.18672792,0.22253752
202300002219,5,5,2023,2025-12-05 20:57:00,2,22,22093,1,1,1,3,Rn12,48.46125,-2.539
202300002220,29,11,2023,2025-12-05 11:57:00,1,91,91200,2,1,1,6,1 Rue Gautreau,48.530862,2.014945
202300002221,6,5,2023,2025-12-05 01:40:00,3,974,97410,1,1,1,6,Route Nationale 2,-21.013849,55.691457
202300002222,28,11,2023,2025-12-05 12:30:00,1,91,91405,2,4,1,6,Place Du Marche,48.401664,2.470341
202300002223,29,11,2023,2025-12-05 07:40:00,2,78,78090,1,3,1,3,Rd113,48.956791,1.893758
202300002224,6,5,2023,2025-12-05 13:45:00,1,50,50048,1,1,1,6,A84 Pr 198 Sens Caen Vers Rennes,48.877791,-1.154793
202300002225,29,11,2023,2025-12-05 07:35:00,2,71,71371,1,2,5,3,Chemin De Nancelle,46.349657,4.762294
202300002226,29,11,2023,2025-12-05 06:40:00,3,42,42094,2,1,5,6,Rue Rene Cassin,45.744231,4.232408
202300002227,5,5,2023,2025-12-05 14:50:00,1,51,51181,1,1,1,4,D228,49.267349,3.832523
202300002228,6,5,2023,2025-12-05 06:05:00,1,95,95527,1,6,1,2,D902A,49.005845,2.504797
202300002229,28,11,2023,2025-12-05 07:50:00,1,7,7245,2,1,1,6,Avenue De Provence,45.075278,4.81644
202300002230,3,5,2023,2025-12-05 16:00:00,1,79,79202,2,1,1,6,Adresse_Inconnue,46.648269,-0.241533
202300002231,29,11,2023,2025-12-05 11:10:00,1,1,1262,2,1,1,1,Avenue Des Platanes,45.848906,5.060835
202300002232,6,5,2023,2025-12-05 18:15:00,1,80,80609,1,1,1,6,7 Grand Rue Le Festel,50.159178,2.010065
202300002233,29,11,2023,2025-12-05 07:45:00,3,76,76418,1,1,2,7,D40,49.54939238,0.68654895
202300002234,5,5,2023,2025-12-05 17:15:00,1,81,81124,1,1,1,6,Pintou,43.688108,2.636933
202300002235,28,11,2023,2025-12-05 22:00:00,5,62,62892,2,1,1,2,D50,50.35698228,2.83894254
202300002236,6,5,2023,2025-12-05 11:20:00,1,71,71198,1,1,1,1,Route De Sellieres,46.581673,5.378805
202300002237,6,5,2023,2025-12-05 13:15:00,1,71,71490,1,1,1,6,Rn 70 Les Chevres,46.516764,4.163003
202300002238,24,11,2023,2025-12-05 18:06:00,5,59,59550,2,8,2,6,Rue Jules Ferry,50.541833,2.838319
202300002239,28,11,2023,2025-12-05 06:25:00,5,13,13210,1,1,1,6,A507 Sens Aubagne- Marseille,43.28636773,5.425318
202300002240,5,5,2023,2025-12-05 19:00:00,1,89,89318,1,1,1,2,Villiers Les Potots,47.402265,3.989587
202300002241,6,5,2023,2025-12-05 17:40:00,1,61,61298,2,2,2,3,Voie Communale,48.759852,-0.066014
202300002242,3,11,2023,2025-12-05 12:15:00,1,69,69199,1,1,1,4,Boulevard Peripherique Laurent Bonnevay,45.7166,4.85245
202300002243,23,11,2023,2025-12-05 14:10:00,1,69,69029,1,1,1,4,Boulevard Peripherique Laurent Bonnevay,45.74369788,4.90587408
202300002244,6,5,2023,2025-12-05 16:30:00,1,42,42091,1,4,1,1,Route Du Musee,45.417491,3.993101
202300002245,6,5,2023,2025-12-05 17:11:00,1,39,39557,1,1,1,7,Adresse_Inconnue,46.360299,5.636966
202300002246,27,11,2023,2025-12-05 18:10:00,3,67,67152,1,1,2,5,Adresse_Inconnue,48.52784883,7.69407721
202300002247,6,5,2023,2025-12-05 07:30:00,1,25,25560,1,6,5,6,Route De Belfort,47.271395,6.084055
202300002248,22,11,2023,2025-12-05 08:30:00,1,67,67482,1,1,1,4,M351,48.58692,7.71543
202300002249,3,5,2023,2025-12-05 17:30:00,1,44,44131,2,6,1,3,46 Rue De La Fontaine Aux Bretons,47.10422204,-2.06595004
202300002250,27,11,2023,2025-12-05 08:00:00,3,62,62498,1,1,2,2,A21,50.43800419,2.84750853
202300002251,5,5,2023,2025-12-05 18:20:00,1,54,54491,1,3,1,3,Rd 156,49.363497,5.928401
202300002252,22,11,2023,2025-12-05 18:45:00,4,62,62624,1,1,1,3,A1,50.4177,2.98537
202300002253,5,5,2023,2025-12-05 18:00:00,1,50,50110,1,1,8,6,D8 Les Landes,49.197112,-0.948944
202300002254,28,11,2023,2025-12-05 19:45:00,3,94,94038,1,1,1,5,A6B,48.78814065,2.3444426