num_acc,jour,mois,an,hrmn,lum,dep,com,agg,int,atm,col,adr,lat,long
202300002255,6,5,2023,2025-12-05 15:55:00,1,64,64538,2,1,1,1,D933,43.15948,-1.244937
202300002256,28,11,2023,2025-12-05 11:21:00,1,91,91228,1,1,1,6,Autoroute A6,48.61947,2.42614
202300002257,5,5,2023,2025-12-05 21:42:00,3,10,10063,1,1,1,2,D443,48.357582,4.533212
202300002258,28,11,2023,2025-12-05 13:55:00,1,92,92078,1,1,1,3,Autoroute A86,48.9281997,2.33143165
202300002259,28,11,2023,2025-12-05 07:55:00,1,93,93006,1,1,1,2,Autoroute A3,48.86596656,2.41295005
202300002260,29,4,2023,2025-12-05 15:10:00,1,36,36220,1,1,1,3,La Renauderie,46.62610475,1.45917556
202300002261,6,5,2023,2025-12-05 03:45:00,3,7,7204,2,6,1,6,20 Rue Du Docteur Tourasse,45.006572,4.402342
202300002262,27,11,2023,2025-12-05 19:40:00,3,93,93010,1,1,2,3,Autoroute A3,48.9102,2.47515
202300002263,27,11,2023,2025-12-05 18:00:00,3,95,95212,1,1,3,6,N104,49.02916687,2.53027797
202300002264,5,5,2023,2025-12-05 22:00:00,3,53,53210,2,2,1,3,La Grande Rue,47.792239,-0.43968
202300002265,27,11,2023,2025-12-05 16:15:00,1,93,93053,1,1,2,3,Autoroute A3,48.88205,2.45558
202300002266,5,5,2023,2025-12-05 21:45:00,5,21,21258,2,1,1,6,30 Rue De L'Orme,47.892438,4.525777
202300002267,27,11,2023,2025-12-05 05:30:00,2,93,93008,1,1,2,2,Autoroute A86,48.90728251,2.45507534
202300002268,5,5,2023,2025-12-05 14:00:00,1,21,21713,2,1,2,1,D 961 Route De Pontailler,47.29558125,5.39534375
202300002269,28,11,2023,2025-12-05 09:35:00,1,94,94018,1,1,2,2,A4,48.81766797,2.41481141
202300002270,6,5,2023,2025-12-05 17:30:00,1,4,4208,1,1,1,7,Rd51 Le Vieux Jas,43.948802,5.565412
202300002271,28,11,2023,2025-12-05 07:00:00,1,94,94065,1,1,2,6,A86,48.75378301,2.36800781
202300002272,6,5,2023,2025-12-05 16:30:00,1,4,4024,1,1,1,3,D900,44.203858,6.370418
202300002273,28,9,2023,2025-12-05 09:25:00,1,65,65440,2,1,1,6,Rue Serge Reggiani,43.25066,0.07529
202300002274,5,5,2023,2025-12-05 11:40:00,1,27,27679,1,1,1,6,Chemin Des Buttes Rouges,48.756907,0.891491
202300002275,26,11,2023,2025-12-05 16:45:00,1,988,98818,2,3,1,2,Route De La Baie Des Dames/Rue Henri Simonin,-22.23481,166.4426
202300002276,6,5,2023,2025-12-05 16:30:00,1,8,8217,1,1,1,7,Adresse_Inconnue,49.862644,4.778516
202300002277,27,11,2023,2025-12-05 06:50:00,1,976,97611,2,1,1,2,M'Tsapere-Nationale 2 (Route),-12.78806603,45.22387862
202300002278,6,5,2023,2025-12-05 11:10:00,1,9,9193,1,3,1,3,D25,42.726798,2.064069
202300002279,26,11,2023,2025-12-05 06:55:00,1,974,97411,2,1,1,6,Ruisseau Blanc (Chemin Du),-20.89224,55.41672
202300002280,5,5,2023,2025-12-05 17:15:00,1,34,34116,2,1,1,1,Rm127,43.654475,3.790444
202300002281,2,5,2023,2025-12-05 22:20:00,3,13,13067,1,1,1,2,A7,43.790149,5.044312
202300002282,26,11,2023,2025-12-05 22:55:00,4,972,97213,1,1,1,3,Autoroute A1,14.61661733,-61.01590498
202300002283,27,11,2023,2025-12-05 08:40:00,1,971,97101,2,1,1,6,Marechal Leclerc,16.25659,-61.52979
202300002284,27,11,2023,2025-12-05 07:00:00,1,971,97101,2,9,1,3,Route De Celigny,16.26493539,-61.46986037
202300002285,5,5,2023,2025-12-05 15:00:00,1,971,97134,1,3,1,3,Val De L'Orge,16.044282,-61.752841
202300002286,27,11,2023,2025-12-05 01:20:00,5,971,97101,1,9,1,6,Route De Besson,16.23999841,-61.51686991
202300002287,8,4,2023,2025-12-05 17:20:00,1,77,77392,1,1,1,1,Departementale 41A,49.065298,2.70813
202300002288,26,11,2023,2025-12-05 10:00:00,1,971,97105,2,4,1,4,Flamboyants (Allee Des),16.00603,-61.73554
202300002289,6,5,2023,2025-12-05 01:30:00,3,6,6065,1,1,1,6,Route De Saint-Laurent,43.721521,7.16546
202300002290,6,5,2023,2025-12-05 16:40:00,1,13,13059,1,1,1,7,Rd 96,43.633742,5.517004
202300002291,27,11,2023,2025-12-05 09:00:00,1,95,95280,1,1,2,3,D47,49.0188,2.4632
202300002292,6,5,2023,2025-12-05 15:24:00,1,88,88387,1,2,1,5,D3,48.35267,5.854683
202300002293,27,11,2023,2025-12-05 21:05:00,5,91,91021,2,1,3,4,Rte Nationale 20,48.588,2.24487
202300002294,27,11,2023,2025-12-05 17:15:00,2,91,91589,2,1,2,6,Av Charles De Gaulle,48.678507,2.346833
202300002295,5,5,2023,2025-12-05 17:50:00,1,74,74042,2,2,1,3,Rue Honore Martin,46.071714,6.420331
202300002296,27,11,2023,2025-12-05 08:10:00,2,91,91027,2,3,2,3,Av De Morangis,48.705637,2.359675
202300002297,2,5,2023,2025-12-05 12:33:00,1,73,73026,1,1,1,6,D1006,45.209708,6.725993
202300002298,25,11,2023,2025-12-05 17:28:00,5,87,87085,2,1,1,7,Curie  (Rue Pierre Et Marie),45.82061,1.24687
202300002299,4,5,2023,2025-12-05 12:15:00,1,42,42129,2,9,1,3,Route De Pelussin,45.368063,4.681836
202300002300,24,11,2023,2025-12-05 14:55:00,1,87,87085,2,1,2,4,Port Du Naveix (Rue Du),45.83359,1.27669
202300002301,6,5,2023,2025-12-05 06:00:00,2,85,85167,1,1,1,6,Rd65,46.49358,-0.76388
202300002302,24,11,2023,2025-12-05 19:31:00,5,87,87085,2,1,1,4,Dumas (Avenue Georges),45.82661,1.2644
202300002303,27,11,2023,2025-12-05 07:50:00,3,85,85191,2,1,1,6,Rue Philippe Lebon,46.69842,-1.43128
202300002304,5,5,2023,2025-12-05 16:35:00,1,44,44122,1,1,1,1,Adresse_Inconnue,47.41656,-1.474727
202300002305,25,11,2023,2025-12-05 08:52:00,1,84,84007,2,3,1,7,Saint Michel (Boulevard),43.94269,4.80998
202300002306,25,11,2023,2025-12-05 06:13:00,5,84,84007,2,3,1,3,Limbert (Boulevard),43.94382,4.81506
202300002307,6,5,2023,2025-12-05 16:20:00,1,56,56178,2,3,1,1,Boulevard Des Poilus,48.056577,-2.975385
202300002308,21,11,2023,2025-12-05 17:55:00,5,80,80021,2,1,2,6,Delivrance (Rue De La),49.88641,2.32724
202300002309,27,11,2023,2025-12-05 20:10:00,3,78,78551,2,1,2,6,Route Nationale 13,48.89839,2.075737
202300002310,2,5,2023,2025-12-05 08:30:00,1,69,69152,1,1,1,3,Autoroute 450,45.69351781,4.82585797
202300002311,27,11,2023,2025-12-05 16:30:00,1,78,78481,2,3,2,3,Charles De Gaulle (Avenue),48.8953,2.1053
202300002312,4,5,2023,2025-12-05 07:00:00,1,69,69163,1,1,1,2,Autoroute 46,45.92634,4.7568
202300002313,21,4,2023,2025-12-05 15:50:00,1,1,1275,1,1,1,2,A42   4.353 A 5.760   Gen/Lyon,45.810549,4.936477
202300002314,28,11,2023,2025-12-05 00:10:00,5,77,77284,2,3,2,1,D603,48.956659,2.904702
202300002315,3,5,2023,2025-12-05 07:50:00,1,69,69276,1,1,1,3,Autoroute 7,45.6735,4.84778
202300002316,5,5,2023,2025-12-05 19:50:00,1,33,33397,1,1,1,2,Autoroute A 10,44.91073,-0.48677
202300002317,5,5,2023,2025-12-05 17:40:00,1,91,91589,1,1,1,7,Autoroute A6,48.67378,2.34275
202300002318,27,11,2023,2025-12-05 17:25:00,3,77,77186,1,1,2,4,D138. Girat.Valvins A Croix De Vitry,48.43918,2.72824
202300002319,5,5,2023,2025-12-05 12:10:00,1,91,91471,1,1,1,6,Rn 118,48.71411,2.17593
202300002320,27,11,2023,2025-12-05 08:10:00,1,76,76705,1,6,2,6,Rue De L'Ile Aux Boeufs,49.32893,1.10148
202300002321,5,5,2023,2025-12-05 03:40:00,3,91,91471,1,1,1,2,Rn 118,48.71135,2.18607
202300002322,27,11,2023,2025-12-05 10:20:00,1,76,76351,2,1,3,4,Leningrad (Bd De),49.50003,0.17078
202300002323,26,11,2023,2025-12-05 04:20:00,5,76,76351,2,1,1,7,Frissard (Quai),49.49011,0.12642
202300002324,5,5,2023,2025-12-05 16:20:00,1,78,78118,1,1,2,3,A13,48.9825,1.68655
202300002325,24,11,2023,2025-12-05 20:35:00,5,76,76351,2,1,1,7,Georges Lafaurie (Rue),49.500951,0.112688
202300002326,4,5,2023,2025-12-05 07:15:00,1,92,92025,1,1,1,7,A86,48.92796388,2.23851064
202300002327,26,11,2023,2025-12-05 16:30:00,1,76,76447,2,1,1,6,4 Saisons (Rue Des ),49.53626,0.18567
202300002328,4,5,2023,2025-12-05 17:10:00,1,93,93066,1,1,1,7,Autoroute A1,48.93351,2.37785
202300002329,24,11,2023,2025-12-05 10:00:00,1,76,76351,2,1,1,1,Boris Vian,49.51522,0.16069
202300002330,4,5,2023,2025-12-05 13:45:00,1,93,93066,1,1,1,3,Autoroute A86,48.92256319,2.35502741
202300002331,27,11,2023,2025-12-05 08:00:00,5,76,76026,2,9,2,3,Archelles,49.882002,1.140494
202300002332,4,5,2023,2025-12-05 12:40:00,1,95,95572,2,1,1,6,A15,49.03233,2.11057
202300002333,26,11,2023,2025-12-05 08:00:00,1,71,71270,2,1,1,6,Mozart (Rue),46.30301273,4.81691029
202300002334,27,11,2023,2025-12-05 17:00:00,2,71,71076,2,1,2,6,Andre (Rue Du Lieutenant),46.79706,4.85062
202300002335,3,5,2023,2025-12-05 07:30:00,1,974,97411,1,1,1,3,Littoral (Route 2 Du),-20.89445,55.37748
202300002336,3,5,2023,2025-12-05 20:15:00,3,974,97407,1,9,1,7,Rond Point Des Danseuses,-20.94987,55.30222
202300002337,26,11,2023,2025-12-05 19:00:00,5,71,71076,2,1,1,6,Monnot (Avenue),46.788,4.86
202300002338,4,5,2023,2025-12-05 16:15:00,1,973,97302,2,3,1,3,Baduel (Route De),4.92895,-52.29993
202300002339,27,11,2023,2025-12-05 23:40:00,5,69,69256,2,1,3,3,Avenue Eugene Henaff,45.77415674,4.92579882
202300002340,27,11,2023,2025-12-05 09:00:00,1,67,67204,2,1,1,6,Republique (Rue De La),48.6198,7.75542
202300002341,4,5,2023,2025-12-05 10:20:00,1,972,97209,1,1,1,3,Georges Gratiant (Avenue),14.61245,-61.04073
202300002342,4,5,2023,2025-12-05 18:30:00,1,69,69034,2,4,1,1,Montee De La Boucle,45.78284,4.83623
202300002343,4,5,2023,2025-12-05 17:45:00,1,69,69081,2,2,1,1,2 Avenue Edouard Payen,45.77596,4.77453
202300002344,26,11,2023,2025-12-05 19:30:00,5,64,64102,2,1,1,1,Bonnat (Avenue Leon),43.49413,-1.47666
202300002345,4,5,2023,2025-12-05 11:00:00,1,69,69389,2,1,1,2,Rue Joannes Carret,45.78862,4.81185
202300002346,4,5,2023,2025-12-05 10:45:00,1,69,69385,2,3,7,6,Rue Des Aqueducs,45.75873377,4.79531988
202300002347,26,11,2023,2025-12-05 18:10:00,5,64,64024,2,1,1,4,Adresse_Inconnue,43.48032,-1.51747
202300002348,4,5,2023,2025-12-05 07:25:00,1,69,69034,2,9,1,6,272 Boulevard Des Canuts,45.78495209,4.83243038
202300002349,4,5,2023,2025-12-05 15:38:00,1,971,97101,2,2,1,3,General De La Croix (Cite),16.27533926,-61.50700092
202300002350,17,11,2023,2025-12-05 07:40:00,2,62,62427,2,2,2,6,Avenue Des Deportes,50.42797251,2.94476938
202300002351,4,5,2023,2025-12-05 22:50:00,4,95,95019,2,1,1,6,Henri Barbusse (Avenue),48.9856,2.41572
202300002352,3,5,2023,2025-12-05 18:30:00,1,91,91345,2,4,9,3,Rue Copernic,48.68791,2.32079
202300002353,27,11,2023,2025-12-05 07:50:00,4,62,62193,2,1,3,6,Boulevard Jacquard,50.95382,1.85103
202300002354,4,5,2023,2025-12-05 17:40:00,1,91,91027,2,1,1,2,Av Jean Pierre Benard,48.71356,2.37797
202300002355,26,11,2023,2025-12-05 02:40:00,5,62,62310,2,1,1,6,Rue Du 11 Novembre,50.54373,2.65596
202300002356,3,5,2023,2025-12-05 17:35:00,1,91,91326,2,1,1,2,Cour De France (Avenue De La),48.69291,2.37076
202300002357,25,11,2023,2025-12-05 02:13:00,3,62,62846,2,6,2,6,D943,50.47896666,2.73529159
202300002358,10,5,2023,2025-12-05 09:40:00,1,91,91433,1,6,1,7,R.D. 20,48.45848,2.17729
202300002359,27,11,2023,2025-12-05 18:50:00,5,59,59378,2,1,2,6,Dominial (127 Av. De La Marne),50.67435,3.10766
202300002360,2,5,2023,2025-12-05 19:06:00,1,87,87085,2,1,1,6,Tulipes (Rue Des),45.85518,1.24921
202300002361,27,11,2023,2025-12-05 17:10:00,5,59,59328,2,1,2,6,Vaillant Rue,50.641444,3.021539
202300002362,29,4,2023,2025-12-05 17:42:00,1,85,85194,2,3,1,6,Rue Des Rossignols,46.487494,-1.761809
202300002363,27,11,2023,2025-12-05 12:07:00,1,59,59350,2,2,3,6,Cannes Rue De,50.60706,3.04339
202300002364,4,5,2023,2025-12-05 16:10:00,1,83,83137,2,1,1,3,Democratie (Bd De La),43.12575333,5.93761879
202300002365,27,11,2023,2025-12-05 07:40:00,5,59,59271,2,1,3,1,Petite-Synthe - Avenue,51.01578,2.31331
202300002366,4,5,2023,2025-12-05 06:50:00,1,82,82033,2,1,1,7,Chantre Vc 3 Ter (Chemin Du),44.04167,1.11768
202300002367,26,11,2023,2025-12-05 06:27:00,5,58,58194,2,1,1,6,Saulaies (Route),46.98174,3.14736
202300002368,28,4,2023,2025-12-05 15:50:00,1,80,80021,2,2,1,3,Saint Quentin (Boulevard),49.87894,2.30521
202300002369,4,5,2023,2025-12-05 23:56:00,3,77,77495,2,1,1,7,D.306,48.56121,2.63373
202300002370,3,5,2023,2025-12-05 18:25:00,1,77,77040,2,6,1,6,Melun ( Route ),48.520942,2.56911
202300002371,3,5,2023,2025-12-05 23:55:00,3,72,72003,1,9,1,7,Simoniere (Rue De La),47.97147,0.14327
202300002372,27,11,2023,2025-12-05 10:00:00,1,57,57463,2,1,2,6,Georges Clemenceau (Boulevard ),49.10982,6.16361
202300002373,23,11,2023,2025-12-05 08:18:00,1,56,56260,1,1,8,4,Adresse_Inconnue,47.66881,-2.76968
202300002374,25,11,2023,2025-12-05 16:33:00,1,56,56162,2,1,1,6,Saint Bieuzy (Rue De),47.73503,-3.42938
202300002375,4,5,2023,2025-12-05 15:15:00,1,71,71306,2,1,1,3,Gauthey (Quai),46.66802,4.35496
202300002376,4,5,2023,2025-12-05 13:55:00,1,69,69266,2,1,1,6,Cours Emile Zola,45.76537,4.90197
202300002377,4,5,2023,2025-12-05 12:50:00,1,69,69256,2,1,1,1,4 Rue Joseph Blein,45.75713,4.92782
202300002378,3,5,2023,2025-12-05 18:00:00,1,69,69264,2,1,1,3,Avenue De L'Europe,45.98642,4.74395
202300002379,4,5,2023,2025-12-05 13:10:00,1,69,69259,2,1,1,6,120 Avenue Viviani,45.72234374,4.87854294
202300002380,26,11,2023,2025-12-05 12:30:00,1,47,47323,1,2,1,3,Route Nationale 21,44.4386,0.7157
202300002381,3,5,2023,2025-12-05 19:30:00,2,67,67482,2,1,1,6,General Koenig (Quai Du),48.57532822,7.75543839
202300002382,27,11,2023,2025-12-05 16:20:00,1,44,44143,2,1,1,3,30 Boulevard Victor Schoelcher,47.19325,-1.56287
202300002383,2,5,2023,2025-12-05 16:42:00,1,66,66136,2,3,1,3,Adresse_Inconnue,42.6993,2.88148
202300002384,27,11,2023,2025-12-05 16:23:00,1,37,37261,2,1,2,7,Vaillant (Rue Edouard),47.38182,0.70573
202300002385,3,5,2023,2025-12-05 14:38:00,1,65,65047,2,2,1,3,Avenue Jean Jaures,43.243399,0.095746
202300002386,27,11,2023,2025-12-05 09:50:00,1,34,34172,2,3,1,3,Sorbes (Rue De Las,43.61503,3.854
202300002387,4,5,2023,2025-12-05 20:35:00,1,64,64545,1,2,1,3,Agorreta (Chemin De),43.37491,-1.68555
202300002388,28,4,2023,2025-12-05 13:55:00,1,60,60159,1,1,1,1,Rd 973,49.39496,2.8773
202300002389,24,11,2023,2025-12-05 16:35:00,1,34,34032,2,3,1,3,Verdier Pierre (Av),43.34456,3.23199
202300002390,2,5,2023,2025-12-05 16:20:00,1,59,59178,2,3,1,3,Saint Amand (Rue De),50.39479,3.12982
202300002391,26,4,2023,2025-12-05 05:13:00,3,56,56260,1,1,1,2,Adresse_Inconnue,47.67237,-2.71926
202300002392,3,5,2023,2025-12-05 18:15:00,1,56,56121,2,1,1,7,Boulevard D'Oradour-Sur-Glane,47.75533,-3.37146
202300002393,27,11,2023,2025-12-05 19:00:00,5,34,34003,2,3,2,1,Sergents (I14 A K17,43.28305,3.51496
202300002394,3,5,2023,2025-12-05 18:30:00,1,54,54395,2,2,7,3,Metz (Rue De),48.70017,6.172601
202300002395,3,5,2023,2025-12-05 14:20:00,1,54,54526,2,2,7,2,Boulevard Tolstoi,48.676323,6.221279
202300002396,27,11,2023,2025-12-05 22:30:00,5,31,31555,2,1,1,2,Rue Henri Desbals,43.583197,1.414833
202300002397,4,5,2023,2025-12-05 13:35:00,1,51,51454,2,6,1,3,Place Du Souvenir Francais,49.26926,4.07006
202300002398,27,11,2023,2025-12-05 19:30:00,5,31,31555,2,1,2,2,Av Du Colonel Roche,43.5646,1.4784
202300002399,4,5,2023,2025-12-05 16:15:00,1,49,49007,2,2,1,6,Boulevard Joseph Bedier,47.45062,-0.55282
202300002400,4,5,2023,2025-12-05 13:50:00,1,45,45169,2,1,1,3,4 Rue Jean Nicot,47.90642,1.85902
202300002401,3,5,2023,2025-12-05 17:45:00,1,45,45075,2,1,1,3,D2152 Pr 63 + 860,47.8936293,1.85004169
202300002402,27,11,2023,2025-12-05 09:15:00,1,31,31555,2,2,1,3,Che De Ginestous,43.64277064,1.41586572
202300002403,11,4,2023,2025-12-05 16:40:00,1,42,42218,2,2,1,2,Boulevard Pierre Mendes France,45.43435,4.37959
202300002404,4,5,2023,2025-12-05 10:30:00,1,41,41018,2,1,1,3,Gallois (Rue),47.58679,1.33039
202300002405,27,11,2023,2025-12-05 16:30:00,1,29,29019,2,1,1,3,Rue Josephine Pencalet,48.420481,-4.458591
202300002406,3,5,2023,2025-12-05 15:40:00,1,40,40192,1,3,1,5,Rocade Ouest D834,43.90137,-0.53602
202300002407,3,5,2023,2025-12-05 16:10:00,1,38,38421,2,2,1,6,Avenue Du 8 Mai 1945,45.1717,5.75729
202300002408,27,3,2023,2025-12-05 11:15:00,1,41,41208,1,1,1,2,Autoroute A10 Pk 169+900 Sens Province-Paris,47.579768,1.067047
202300002409,4,5,2023,2025-12-05 17:00:00,1,37,37233,2,3,1,3,Colombier (Rue Du),47.38693,0.75891
202300002410,25,3,2023,2025-12-05 18:30:00,2,56,56036,2,1,3,6,4 Rue De La Liberation,47.811162,-3.341228
202300002411,4,5,2023,2025-12-05 19:10:00,1,35,35238,2,2,1,3,Guilloux (Louis),48.11194,-1.70232
202300002412,26,3,2023,2025-12-05 08:00:00,1,79,79079,1,1,1,7,Adresse_Inconnue,46.951529,-0.845894
202300002413,24,11,2023,2025-12-05 18:15:00,5,24,24037,2,1,2,1,Malbec (Place),44.85154,0.48513
202300002414,4,5,2023,2025-12-05 18:00:00,1,35,35238,2,1,1,6,Guilloux (Louis),48.11061,-1.69973
202300002415,24,11,2023,2025-12-05 19:15:00,3,24,24145,2,1,2,6,Grand Rue (Rue),44.85529,0.56587
202300002416,4,5,2023,2025-12-05 09:10:00,1,35,35238,2,6,2,2,Saint-Brieuc (De),48.118,-1.71399
202300002417,23,3,2023,2025-12-05 20:00:00,3,32,32160,2,1,1,6,Avenue De Verdun,43.616784,1.091369
202300002418,23,11,2023,2025-12-05 14:10:00,1,23,23096,2,3,1,1,Muriers (Rue Des),46.1683,1.8748
202300002419,4,5,2023,2025-12-05 08:40:00,1,35,35238,2,1,2,5,Rn136,48.11337938,-1.71893924
202300002420,26,3,2023,2025-12-05 19:30:00,2,46,46246,1,1,2,7,Route Departementale 39,44.784683,1.808356
202300002421,27,11,2023,2025-12-05 10:59:00,1,22,22187,1,1,1,7,Europe (Rdp De L'),48.53339,-2.75916
202300002422,4,5,2023,2025-12-05 23:02:00,5,33,33075,2,3,1,6,Avenue Jean Jaures,44.8825,-0.5931
202300002423,27,3,2023,2025-12-05 14:20:00,1,22,22158,1,2,1,3,Rn164,48.208738,-2.973443
202300002424,26,11,2023,2025-12-05 04:00:00,4,22,22360,2,6,1,1,Rd 27,48.47673,-2.75138
202300002425,4,5,2023,2025-12-05 14:10:00,1,33,33063,2,2,1,3,Rue Bouthier,44.85205,-0.55708
202300002426,26,3,2023,2025-12-05 18:00:00,1,29,29209,1,1,1,6,Tariec,48.544534,-4.502769
202300002427,27,11,2023,2025-12-05 07:25:00,3,19,19275,1,1,2,3,Adresse_Inconnue,45.52161,2.28404
202300002428,25,3,2023,2025-12-05 22:20:00,3,29,29047,1,1,2,6,D788,48.526159,-4.383969
202300002429,4,5,2023,2025-12-05 10:37:00,1,32,32013,2,1,1,3,Sambre Et Meuse (Avenue),43.6451,0.5973
202300002430,20,11,2023,2025-12-05 08:06:00,1,18,18033,1,6,1,2,Adresse_Inconnue,47.081719,2.353672
202300002431,31,3,2023,2025-12-05 09:30:00,1,30,30189,2,3,1,3,Primeveres (Chemin),43.85472,4.32161
202300002432,26,3,2023,2025-12-05 17:00:00,1,29,29174,2,6,1,3,Rue De Canape,47.869798,-4.235938
202300002433,26,11,2023,2025-12-05 01:29:00,5,18,18033,2,1,1,6,Boulevard De Juranville,47.08183,2.38917
202300002434,15,4,2023,2025-12-05 22:50:00,5,30,30189,2,1,1,6,Rue Utrillo,43.82571,4.33238
202300002435,27,11,2023,2025-12-05 11:00:00,1,6,6088,2,3,1,3,Anglais (Ndeg 113),43.6906483,7.245293
202300002436,13,4,2023,2025-12-05 15:35:00,1,30,30189,2,3,1,3,Avenue Jean-Jaures,43.8283,4.3533
202300002437,27,11,2023,2025-12-05 20:30:00,5,6,6123,2,1,1,3,Rond Point Coubertin,43.6722,7.19359
202300002438,27,3,2023,2025-12-05 01:00:00,3,3,3036,2,1,2,6,Boulevard Jean Bignon,46.580912,3.04722
202300002439,21,4,2023,2025-12-05 22:20:00,5,30,30189,2,3,1,5,Avenue Kennedy,43.8314,4.3427
202300002440,27,11,2023,2025-12-05 20:10:00,3,5,5061,1,1,4,1,Rn 94,44.57676,6.11801
202300002441,26,3,2023,2025-12-05 22:45:00,3,66,66149,1,1,1,1,Adresse_Inconnue,42.62195,2.418333
202300002442,4,5,2023,2025-12-05 09:30:00,1,29,29151,2,3,1,6,Route De Paris,48.57590793,-3.82116839
202300002443,27,11,2023,2025-12-05 07:55:00,1,2,2738,2,1,2,3,106 Rue Hoche Prolongee,49.64455,3.29412
202300002444,27,3,2023,2025-12-05 12:45:00,1,45,45062,1,1,1,1,D2020 Pr 20 + 831,47.974065,1.885636
202300002445,4,5,2023,2025-12-05 08:05:00,1,28,28404,2,6,1,3,Crecy (Route De),48.72868,1.33506
202300002446,27,11,2023,2025-12-05 09:24:00,1,75,75113,2,1,2,5,Porte D Italie,48.816707,2.365107
202300002447,4,5,2023,2025-12-05 10:50:00,1,28,28229,2,1,1,3,Resistance (Avenue De La),48.45119,1.47057
202300002448,26,11,2023,2025-12-05 21:30:00,5,75,75114,2,1,1,2,Porte De Chatillon,48.82266,2.314235
202300002449,24,3,2023,2025-12-05 16:20:00,1,72,72320,1,1,8,2,Autoroute A.28 - Pk = 111+300,48.052497,0.180674
202300002450,26,11,2023,2025-12-05 04:10:00,5,75,75111,2,1,1,2,Boulevard De Charonne,48.857326,2.392578
202300002451,26,3,2023,2025-12-05 12:20:00,1,1,1373,1,1,1,6,A404 - Pk 0+700 - Direction Oyonnax,46.135791,5.540907
202300002452,3,5,2023,2025-12-05 12:34:00,1,27,27229,2,2,1,3,Allende (Boulevard Du President),49.003,1.148
202300002453,27,11,2023,2025-12-05 09:30:00,1,75,75119,2,2,2,3,Rue Alexander Fleming,48.882003,2.402516
202300002454,26,3,2023,2025-12-05 17:40:00,1,1,1265,1,1,4,7,A 404 - Pk 07+000 - Direction Oyonnax,46.187762,5.567054
202300002455,20,8,2023,2025-12-05 12:55:00,1,75,75116,2,1,1,6,Rue Du Ranelagh,48.853352,2.27872
202300002456,26,3,2023,2025-12-05 17:50:00,1,34,34244,1,1,1,2,Autoroute A9 Pk 087+500 Sens Beziers Nimes,43.676653,4.029144
202300002457,3,5,2023,2025-12-05 18:15:00,1,22,22113,2,9,1,3,Kermaria (Pont De),48.7279,-3.4581
202300002458,27,11,2023,2025-12-05 12:30:00,1,75,75116,2,3,2,6,Avenue Ferdinand Buisson,48.836818,2.253584
202300002459,26,3,2023,2025-12-05 10:30:00,1,987,98744,1,1,1,7,Unaa,-22.434791,-151.358128
202300002460,3,5,2023,2025-12-05 08:00:00,1,19,19031,2,2,1,3,Ribot (Avenue),45.16532,1.52049
202300002461,27,11,2023,2025-12-05 07:50:00,2,75,75117,2,7,2,2,Avenue De La Grande Armee,48.8773232,2.28401899
202300002462,23,3,2023,2025-12-05 15:10:00,1,973,97301,1,1,1,1,"Route Nationale 2, Pk 137",4.11266475,-52.07334495
202300002463,4,5,2023,2025-12-05 20:45:00,2,14,14167,2,3,1,3,2 Rue Robert Bothereau,49.20657,-0.29395
202300002464,27,11,2023,2025-12-05 18:49:00,5,75,75113,2,2,2,6,Boulevard Du General Jean Simon,48.824166,2.376794
202300002465,25,3,2023,2025-12-05 05:40:00,5,44,44020,2,6,1,3,50Quater Rue De L'Aviation,47.16283823,-1.58512652
202300002466,4,5,2023,2025-12-05 18:10:00,1,13,13043,2,1,1,6,Jan Palach (Av ),43.39061,5.23203
202300002467,27,11,2023,2025-12-05 07:15:00,5,75,75113,2,7,2,7,Place D Italie,48.83127645,2.35626698
202300002468,24,3,2023,2025-12-05 09:00:00,1,77,77392,1,1,1,2,N2,49.070111,2.714829
202300002469,26,11,2023,2025-12-05 18:30:00,5,75,75101,2,4,1,6,Place Du Carrousel,48.8622,2.334661
202300002470,3,5,2023,2025-12-05 07:00:00,1,13,13103,2,1,1,3,Boulevard Joly - Victor,43.63825879,5.09526708
202300002471,27,3,2023,2025-12-05 09:15:00,1,48,48117,1,1,1,6,Lieu Dit Castanet,44.452336,3.893859
202300002472,27,11,2023,2025-12-05 19:15:00,5,94,94041,2,1,8,1,Boulevard Paul Vaillant Couturier,48.81975,2.39616
202300002473,4,5,2023,2025-12-05 17:40:00,1,13,13216,2,1,1,4,Millie Mathys (Avenue),43.36559,5.35104
202300002474,27,3,2023,2025-12-05 07:15:00,2,34,34092,1,1,1,3,2B Domaine De Seriege,43.32986,2.950591
202300002475,26,11,2023,2025-12-05 01:30:00,5,94,94081,2,1,1,5,Rue Des Carrieres,48.79948,2.38925
202300002476,26,3,2023,2025-12-05 21:40:00,3,34,34154,1,1,2,1,475 Route De Perols,43.604775,3.999088
202300002477,4,5,2023,2025-12-05 15:45:00,1,13,13211,2,1,1,2,Saint Menet (Avenue De),43.28859,5.49928
202300002478,4,5,2023,2025-12-05 14:00:00,1,13,13214,2,3,1,6,Merlan (Avenue),43.33778,5.40749
202300002479,27,11,2023,2025-12-05 17:30:00,3,94,94074,2,2,2,3,Avenue Du Ru De Gironde,48.747258,2.46209
202300002480,25,3,2023,2025-12-05 19:25:00,3,71,71555,1,2,1,3,D906,46.69335498,4.87078831
202300002481,4,5,2023,2025-12-05 11:00:00,1,13,13209,2,9,1,5,Sainte Marguerite (Boulevard),43.2685,5.4045