num_acc,jour,mois,an,hrmn,lum,dep,com,agg,int,atm,col,adr,lat,long
202300002482,26,11,2023,2025-12-05 18:30:00,5,94,94042,2,1,1,2,Avenue Du General Gallieni,48.82024,2.46878
202300002483,27,3,2023,2025-12-05 03:45:00,3,21,21371,1,1,1,6,Route Departementale 20,47.169277,5.351633
202300002484,3,5,2023,2025-12-05 16:30:00,1,13,13005,2,1,1,4,Caniers (Avenue Des),43.28521,5.59429
202300002485,27,11,2023,2025-12-05 19:00:00,5,94,94041,2,1,2,6,Rue Westermeyer,48.81783,2.39392
202300002486,27,11,2023,2025-12-05 18:20:00,3,93,93070,2,1,2,6,Avenue Michelet,48.91092,2.34418
202300002487,26,3,2023,2025-12-05 12:30:00,1,38,38072,1,1,8,6,Route De Lyon,45.31888389,4.80808899
202300002488,4,5,2023,2025-12-05 19:30:00,1,11,11069,1,6,7,3,10 Route De Limoux,43.19645,2.32212
202300002489,25,3,2023,2025-12-05 10:00:00,1,1,1376,2,1,1,6,Rue Simone De Beauvoir,45.830201,4.978585
202300002490,4,5,2023,2025-12-05 15:05:00,1,7,7102,2,1,1,3,Republique (Av. De La) [Du Ndeg Au Ndeg],44.93794,4.86964
202300002491,27,11,2023,2025-12-05 18:55:00,5,93,93066,2,2,2,3,Avenue De Stalingrad / Chemin De Saint Leger,48.94754,2.37489
202300002492,4,5,2023,2025-12-05 11:20:00,1,6,6069,2,1,1,6,Saint Exupery (Avenue Antoine De),43.663936,6.93735
202300002493,27,3,2023,2025-12-05 16:15:00,1,19,19101,2,9,1,6,Rue Des Armuriers,45.242552,1.779318
202300002494,27,11,2023,2025-12-05 08:30:00,2,93,93077,2,2,2,3,Avenue Louise / Avenue Marie,48.88892679,2.51748785
202300002495,3,5,2023,2025-12-05 12:30:00,1,5,5061,1,1,1,4,Rn 94,44.57748,6.12088
202300002496,27,11,2023,2025-12-05 17:30:00,5,93,93063,2,2,2,6,Rue De Benfleet / Rue De La Republique,48.88061656,2.43702171
202300002497,27,3,2023,2025-12-05 10:50:00,1,35,35360,2,2,1,3,Avenue D?Helmstedt,48.113454,-1.199961
202300002498,27,11,2023,2025-12-05 21:30:00,5,93,93013,2,5,2,6,Rue Anizan Cavillon / Avenue Jean Jaures,48.93445647,2.41942495
202300002499,29,4,2023,2025-12-05 17:22:00,1,5,5061,2,9,1,6,Provence (Avenue De),44.53304,6.04911
202300002500,23,3,2023,2025-12-05 11:35:00,1,57,57323,2,1,2,2,Rue Du Soleil,49.41915,6.155857
202300002501,27,11,2023,2025-12-05 16:40:00,5,93,93010,2,3,3,6,Avenue Maurice Benhamou / Rue Lucien Chapelain,48.912281,2.485204
202300002502,3,5,2023,2025-12-05 07:10:00,1,3,3310,2,1,2,3,33 Rue Georges Clemenceau,46.12582,3.42258
202300002503,27,3,2023,2025-12-05 07:40:00,1,80,80212,1,1,1,1,D1,49.917694,2.517545
202300002504,27,11,2023,2025-12-05 12:37:00,1,93,93008,2,4,2,3,Avenue Paul Vaillant - Couturier / Rue Honore D'Estienne D'Orves,48.90745,2.45641
202300002505,25,3,2023,2025-12-05 19:20:00,3,13,13005,1,1,1,2,A50-Sens Marseille Vers Aubagne,43.2748,5.58828
202300002506,4,5,2023,2025-12-05 18:30:00,1,75,75116,2,4,1,3,Bd Peripherique Exterieur,48.85106059,2.25193977
202300002507,26,3,2023,2025-12-05 15:15:00,1,91,91521,1,1,1,6,Rn 104,48.63431,2.4063
202300002508,27,11,2023,2025-12-05 08:10:00,2,92,92072,2,2,2,3,Grande Rue,48.82543967,2.2158688
202300002509,2,5,2023,2025-12-05 19:35:00,1,75,75113,2,1,1,3,Bd Peripherique Exterieur,48.81621,2.359911
202300002510,27,11,2023,2025-12-05 08:40:00,2,92,92040,2,1,2,6,Paix (Avenue De La),48.81712755,2.27411538
202300002511,24,3,2023,2025-12-05 18:05:00,1,29,29019,2,1,1,6,Rue Jean Jaures,48.40191,-4.46797
202300002512,4,5,2023,2025-12-05 05:00:00,5,75,75109,2,2,1,3,Rue La Fayette,48.874615,2.339315
202300002513,24,3,2023,2025-12-05 09:23:00,1,29,29019,2,1,2,6,Rue Magenta,48.397496,-4.472418
202300002514,27,11,2023,2025-12-05 09:45:00,1,92,92026,2,9,2,3,Dieppe,48.89991516,2.23975204
202300002515,25,3,2023,2025-12-05 23:55:00,3,974,97407,2,1,1,7,Marine(Boulevard),-20.94808,55.28257
202300002516,4,5,2023,2025-12-05 01:52:00,4,75,75108,2,7,1,2,Place De La Concorde,48.86663,2.321946
202300002517,24,3,2023,2025-12-05 23:30:00,3,973,97302,2,1,1,7,Tigre (Route Du),4.91022834,-52.30819952
202300002518,26,11,2023,2025-12-05 18:35:00,5,92,92025,2,1,1,6,Charles De Gaulle (Bd),48.91424545,2.22952839
202300002519,3,5,2023,2025-12-05 16:50:00,1,75,75112,2,3,1,6,Boulevard De La Bastille,48.848008,2.367639
202300002520,25,3,2023,2025-12-05 16:00:00,1,69,69386,2,2,1,3,Avenue Marechal De Saxe,45.76676,4.8443
202300002521,27,11,2023,2025-12-05 16:20:00,5,92,92024,2,3,2,3,Victor Hugo (Bd),48.89992251,2.31444597
202300002522,4,5,2023,2025-12-05 21:51:00,5,75,75119,2,9,1,6,Rue Riquet,48.88927,2.371274
202300002523,25,3,2023,2025-12-05 10:45:00,1,972,97209,1,1,1,5,Balata (Route De),14.62114,-61.07124
202300002524,27,11,2023,2025-12-05 13:45:00,1,92,92032,2,1,2,6,Petit Antoine (Rue),48.79002364,2.28877366
202300002525,4,5,2023,2025-12-05 16:15:00,1,75,75119,2,1,1,3,Rue D Aubervilliers,48.89775,2.37074
202300002526,24,3,2023,2025-12-05 21:10:00,5,972,97209,2,1,2,1,Balata (Route De),14.6207,-61.07107
202300002527,27,11,2023,2025-12-05 10:44:00,1,92,92012,2,6,2,3,Rhin Et Danube (Rond Point),48.84075516,2.2289139
202300002528,4,5,2023,2025-12-05 18:25:00,1,75,75118,2,3,1,6,Rue Doudeauville,48.888468,2.353568
202300002529,24,3,2023,2025-12-05 20:10:00,5,69,69385,2,1,1,6,35 Rue De Champvert,45.76285,4.79526
202300002530,27,11,2023,2025-12-05 17:45:00,5,92,92014,2,2,2,6,Huit Mai 1945 (Rue Du),48.78241243,2.31654167
202300002531,4,5,2023,2025-12-05 09:00:00,1,75,75116,2,3,1,1,Allee De La Reine Marguerite,48.86490753,2.2490859
202300002532,25,3,2023,2025-12-05 06:45:00,1,2A,2A004,2,1,1,6,Rossini Pascal Bd,41.91703,8.73639
202300002533,4,5,2023,2025-12-05 09:00:00,1,75,75114,2,1,1,6,Avenue De La Porte D Orleans,48.820904,2.325526
202300002534,9,11,2023,2025-12-05 21:25:00,5,57,57043,1,6,2,1,Departemantale 1,49.24053113,6.2098825
202300002535,24,3,2023,2025-12-05 19:35:00,5,91,91421,2,2,2,3,Francis Chirat (Rue),48.710206,2.441828
202300002536,4,5,2023,2025-12-05 16:48:00,1,75,75113,2,3,1,3,Rue Jeanne D Arc,48.831359,2.366339
202300002537,25,3,2023,2025-12-05 16:50:00,1,83,83137,2,1,1,1,15Eme Corps (Ave Du),43.12858,5.91387
202300002538,28,11,2023,2025-12-05 13:25:00,1,1,1004,2,3,7,1,13 Avenue De La Liberation,45.956324,5.33265
202300002539,4,5,2023,2025-12-05 10:10:00,1,75,75112,2,1,1,6,Avenue Daumesnil,48.8453,2.379516
202300002540,24,3,2023,2025-12-05 02:20:00,5,83,83069,2,1,1,6,Provence (Rue De),43.11772,6.13038
202300002541,27,11,2023,2025-12-05 17:30:00,5,68,68112,2,1,3,7,D430,47.90848,7.216149
202300002542,27,11,2023,2025-12-05 07:30:00,2,81,81203,1,1,8,6,Route De Montfranc,43.818551,2.460916
202300002543,4,5,2023,2025-12-05 20:20:00,2,75,75111,2,4,1,3,Boulevard Voltaire,48.852845,2.388495
202300002544,24,3,2023,2025-12-05 16:00:00,1,83,83118,2,1,1,4,Route Des Golfs,43.4484,6.84066
202300002545,25,3,2023,2025-12-05 15:00:00,1,81,81021,2,1,1,3,Cd 612,43.509389,2.37665
202300002546,28,11,2023,2025-12-05 17:40:00,2,28,28088,2,6,1,5,Rue De La Republique,48.070348,1.329373
202300002547,24,3,2023,2025-12-05 23:00:00,3,81,81144,1,1,1,6,Rn 88,43.97706,2.17781
202300002548,25,3,2023,2025-12-05 14:55:00,1,78,78586,2,2,1,1,Schuman (Robert),48.948343,2.194181
202300002549,24,11,2023,2025-12-05 21:10:00,3,27,27271,1,9,1,5,D141,48.946138,1.304369
202300002550,25,3,2023,2025-12-05 00:10:00,3,77,77305,1,1,9,6,D605,48.39303,2.94566
202300002551,27,11,2023,2025-12-05 18:05:00,5,11,11067,2,3,1,3,Faubourg Saint Jacques,43.22753,2.84702
202300002552,25,3,2023,2025-12-05 09:16:00,1,77,77243,2,2,1,3,D10,48.86553,2.71356
202300002553,26,11,2023,2025-12-05 14:40:00,1,51,51545,1,2,1,3,D977,48.744743,4.207506
202300002554,24,3,2023,2025-12-05 16:10:00,1,72,72181,2,1,3,6,Courboulay Paul (Rue),48.00454,0.19187
202300002555,27,11,2023,2025-12-05 18:35:00,5,76,76101,2,1,2,6,Grande Rue Francois Mitterrand,49.932109,1.628294
202300002556,24,3,2023,2025-12-05 19:30:00,5,72,72181,2,3,3,3,19 Mars 1962 (Pl),47.98224,0.20723
202300002557,25,11,2023,2025-12-05 14:47:00,1,2A,2A271,1,1,1,3,D1,41.995721,8.837551
202300002558,24,3,2023,2025-12-05 16:05:00,1,72,72181,2,1,1,6,Mac Jean (Av) Ndeg Pairs 2 A 82,47.98302,0.21099
202300002559,25,3,2023,2025-12-05 23:20:00,5,64,64024,2,4,1,3,Mer (Boulevard De La),43.49487,-1.54282
202300002560,28,11,2023,2025-12-05 07:50:00,1,2B,2B096,1,1,8,3,Route Territorial 20,42.311434,9.153113
202300002561,25,3,2023,2025-12-05 02:43:00,5,64,64102,2,1,1,7,Hayet (Chemin De),43.4922,-1.45294
202300002562,27,11,2023,2025-12-05 08:45:00,1,2B,2B309,2,1,1,3,42 Route Du Bord De Mer,42.743246,9.462109
202300002563,27,11,2023,2025-12-05 17:10:00,5,68,68126,2,9,2,7,85 Rue De Hesingue,47.569392,7.52446
202300002564,25,3,2023,2025-12-05 01:50:00,5,59,59350,2,9,2,6,Solferino Rue Ndeg110 - 206,50.63253,3.05221
202300002565,25,11,2023,2025-12-05 13:35:00,1,29,29207,1,1,1,6,Cosquer .,48.54839962,-3.81810672
202300002566,24,3,2023,2025-12-05 16:45:00,1,59,59359,1,1,1,1,Maison Blanche (Route De La),51.01069,2.19641
202300002567,27,11,2023,2025-12-05 18:50:00,5,38,38416,2,1,3,3,Avenue Du Docteur Carrier,45.15363,5.317013
202300002568,25,3,2023,2025-12-05 16:40:00,1,57,57447,2,1,8,3,11Eme D'Aviation (Rue De La),49.086222,6.145225
202300002569,27,11,2023,2025-12-05 17:45:00,5,38,38416,2,1,2,6,Cours Vallier,45.153357,5.317554
202300002570,25,3,2023,2025-12-05 22:37:00,5,49,49007,2,3,2,3,Ayrault,47.47539,-0.5486
202300002571,25,3,2023,2025-12-05 02:59:00,5,49,49007,2,1,2,6,Gardot,47.46779,-0.53468
202300002572,25,11,2023,2025-12-05 19:05:00,3,38,38422,1,1,2,1,Route D'Uriage,45.139445,5.833225
202300002573,21,3,2023,2025-12-05 17:25:00,1,46,46042,2,2,1,6,Racine (Rue Jean),44.461338,1.45424
202300002574,28,11,2023,2025-12-05 07:50:00,2,2,2810,2,1,8,6,2 Rue Pelet Otto,49.252794,3.087826
202300002575,25,3,2023,2025-12-05 20:30:00,5,45,45147,2,3,1,1,19 Rue Du 11 Octobre,47.93415,1.90019
202300002576,11,3,2023,2025-12-05 20:58:00,5,45,45234,2,1,1,6,Avenue De Trevise,47.89454866,1.90039605
202300002577,28,11,2023,2025-12-05 17:05:00,2,58,58006,1,1,1,1,D34,46.971292,3.510303
202300002578,25,3,2023,2025-12-05 15:45:00,1,45,45234,2,1,1,6,2 Rue Des Jacinthes,47.88716,1.91057
202300002579,25,3,2023,2025-12-05 13:25:00,1,45,45234,2,1,1,6,34 Rue Basse D'Ingre,47.9059,1.88707
202300002580,25,3,2023,2025-12-05 16:45:00,1,44,44184,2,3,1,1,4 Rue Martin Luther King,47.27825,-2.22565
202300002581,28,11,2023,2025-12-05 11:27:00,1,54,54256,1,2,1,3,D112,48.529779,6.310401
202300002582,28,11,2023,2025-12-05 09:40:00,1,72,72132,2,9,1,6,10 Avenue Du 8 Mai 1945,48.1859,0.648285
202300002583,25,3,2023,2025-12-05 15:30:00,1,37,37214,2,9,1,6,Maisons Blanches (Quai Des),47.39652,0.65966
202300002584,27,11,2023,2025-12-05 07:50:00,2,90,90094,2,1,1,6,Rue De Leupe,47.588289,6.867233
202300002585,25,3,2023,2025-12-05 07:55:00,1,37,37214,2,1,1,6,De Gaulle (Bd Charles),47.42922,0.64667
202300002586,7,6,2023,2025-12-05 15:45:00,1,65,65440,2,3,1,3,Rue Achille Jubinal,43.23964,0.07524
202300002587,27,11,2023,2025-12-05 12:00:00,1,64,64138,1,1,2,2,Cd 938,43.245351,-0.269326
202300002588,25,3,2023,2025-12-05 09:40:00,1,27,27229,2,2,1,2,Briand (Avenue Aristide),49.0216,1.13742
202300002589,6,6,2023,2025-12-05 09:40:00,1,62,62624,2,1,1,1,Avenue De La Republique,50.413607,2.988184
202300002590,28,11,2023,2025-12-05 15:00:00,1,73,73022,1,1,1,1,D921,45.502426,5.767002
202300002591,25,11,2023,2025-12-05 15:25:00,1,53,53147,2,1,1,6,Rue Volney,48.298116,-0.609843
202300002592,25,3,2023,2025-12-05 10:03:00,1,16,16102,2,2,1,3,Saint-Francois (Rue),45.699681,-0.319528
202300002593,4,6,2023,2025-12-05 18:30:00,1,62,62193,2,1,1,1,Avenue Pierre De Coubertin,50.95346,1.83908
202300002594,25,3,2023,2025-12-05 19:45:00,2,13,13102,2,6,1,7,Jean Mlouis Calderon (Bd ),43.41207,5.2373
202300002595,13,4,2023,2025-12-05 13:59:00,1,61,61169,2,6,1,3,Vc,48.74337,-0.56217
202300002596,25,3,2023,2025-12-05 17:45:00,5,13,13214,2,9,1,6,Salvador Allende (Rue),43.33005,5.39023
202300002597,25,3,2023,2025-12-05 19:15:00,5,13,13203,2,1,1,6,Auphan (Rue),43.31689,5.37635
202300002598,6,6,2023,2025-12-05 10:50:00,1,60,60382,2,1,1,6,Avenue Raymond Poincare,49.42303,2.82361
202300002599,21,3,2023,2025-12-05 18:10:00,1,13,13212,2,1,1,6,24 Avril 15 (Avenue Du),43.30802216,5.43401104
202300002600,9,6,2023,2025-12-05 00:30:00,5,59,59512,2,1,1,6,Alsace (Avenue D'),50.69974,3.16132
202300002601,20,9,2023,2025-12-05 06:30:00,2,974,97409,2,9,2,3,Du Centre(Chemin),-20.944468,55.668205
202300002602,24,3,2023,2025-12-05 20:30:00,5,13,13203,2,2,1,3,National (Boulevard),43.3089,5.3808
202300002603,8,6,2023,2025-12-05 11:10:00,1,59,59512,2,1,1,3,Tourcoing (Rue De),50.70316,3.17181
202300002604,15,9,2023,2025-12-05 08:50:00,1,974,97409,2,3,1,6,De La Communaute(Rue),-20.96013,55.65434
202300002605,8,6,2023,2025-12-05 17:00:00,1,59,59043,2,1,1,6,Lille (Rue De),50.73128,2.74605
202300002606,24,3,2023,2025-12-05 21:10:00,5,13,13001,2,1,1,3,Monnet Jean (Av),43.53253,5.42638
202300002607,27,5,2023,2025-12-05 11:20:00,1,974,97409,1,1,2,2,Rn2 Sens St Benoit St Denis,-20.94262,55.6475
202300002608,25,3,2023,2025-12-05 16:50:00,1,11,11069,2,1,1,6,15 Rue Des Lauriers,43.222,2.3599
202300002609,8,6,2023,2025-12-05 13:25:00,1,58,58194,2,3,7,3,Guichet,46.984096,3.154651
202300002610,7,12,2023,2025-12-05 20:30:00,3,33,33063,2,1,3,2,Avenue De Nontraste,44.87721846,-0.56599438
202300002611,25,3,2023,2025-12-05 16:49:00,1,6,6088,2,1,1,6,Faure (Av. Felix),43.698522,7.274475
202300002612,17,12,2023,2025-12-05 11:00:00,1,13,13071,2,1,1,6,Mitterrand (Avenue Francois),43.38022,5.34858
202300002613,25,3,2023,2025-12-05 07:22:00,1,6,6088,2,1,1,2,Tunnel Et Voie Malraux,43.70689,7.2801
202300002614,2,10,2023,2025-12-05 17:30:00,1,27,27054,2,1,1,7,Chemin De La Seigneurie,48.853922,0.874754
202300002615,6,6,2023,2025-12-05 22:48:00,3,57,57019,2,6,1,7,Terrasses Du Soleil (Chemin Des),49.25461,6.13542
202300002616,25,3,2023,2025-12-05 01:37:00,5,6,6088,2,2,1,6,Garibaldi (Pl.),43.70073,7.28075
202300002617,3,4,2023,2025-12-05 08:30:00,1,93,93062,2,1,1,2,Avenue De Livry,48.90053,2.51857
202300002618,24,3,2023,2025-12-05 11:55:00,1,75,75119,2,1,1,7,Boulevard Peripherique Exterieur,48.8835,2.399945
202300002619,7,6,2023,2025-12-05 16:53:00,1,54,54395,2,2,1,3,Boufflers (Av. De 74 A 334 - 53 A 399),48.69162,6.15019
202300002620,24,3,2023,2025-12-05 05:00:00,5,75,75116,2,1,2,2,Echangeur Passy,48.85864,2.26136
202300002621,27,3,2023,2025-12-05 08:20:00,1,93,93062,2,9,1,3,Sapins (Allee Des),48.89721,2.5296
202300002622,7,6,2023,2025-12-05 23:15:00,5,51,51454,2,2,1,3,Laon (Avenue) Du Ndeg 51 A 217 Et Du Ndeg 62,49.27013,4.02242
202300002623,23,3,2023,2025-12-05 00:15:00,5,75,75106,2,2,1,6,Boulevard Du Montparnasse,48.846861,2.316686
202300002624,30,12,2023,2025-12-05 13:15:00,1,74,74173,2,1,1,1,603 Route Nationale,45.863952,6.625246
202300002625,7,6,2023,2025-12-05 10:35:00,1,51,51454,2,1,1,2,Berthelot ( Boulevard  Marcellin),49.27156,4.0677
202300002626,24,3,2023,2025-12-05 13:25:00,1,75,75105,2,1,2,3,Rue Lagrange,48.852062,2.34812
202300002627,28,12,2023,2025-12-05 14:45:00,1,74,74018,1,1,8,2,A40,46.08604035,6.36662253
202300002628,24,3,2023,2025-12-05 11:50:00,1,75,75105,2,1,1,6,Square Vermenouze,48.8408,2.34937
202300002629,7,6,2023,2025-12-05 11:45:00,1,49,49007,2,4,1,3,Saint Michel Boulevard,47.47382,-0.53849
202300002630,25,3,2023,2025-12-05 02:30:00,5,75,75119,2,4,1,6,Avenue Jean Jaures,48.88289836,2.37062484
202300002631,16,12,2023,2025-12-05 17:00:00,5,74,74010,2,1,1,6,Carnot (Rue),45.9045,6.1243
202300002632,6,6,2023,2025-12-05 16:35:00,1,49,49007,2,2,1,6,Pasteur Avenue,47.4721,-0.54143
202300002633,24,3,2023,2025-12-05 11:40:00,1,75,75119,2,4,1,6,Rue De Crimee,48.89386,2.3733
202300002634,28,12,2023,2025-12-05 22:40:00,3,74,74112,1,1,1,7,1636 Route De La Montagne,45.949443,6.090135
202300002635,8,6,2023,2025-12-05 08:00:00,1,48,48095,2,3,1,3,Octroi (Rue De L'),44.53629386,3.50233249
202300002636,25,3,2023,2025-12-05 17:55:00,1,75,75117,2,3,1,3,Avenue De Clichy,48.888799,2.323328
202300002637,25,3,2023,2025-12-05 04:15:00,5,75,75117,2,1,1,6,Rue De Rome,48.886191,2.3162221
202300002638,8,6,2023,2025-12-05 10:45:00,1,45,45147,2,1,1,6,195 Rue Des Fosses,47.93554,1.92951
202300002639,28,12,2023,2025-12-05 10:45:00,1,74,74225,2,4,8,6,Avenue Gantin,45.86139,5.94756
202300002640,8,6,2023,2025-12-05 01:00:00,3,44,44162,1,1,1,6,Adresse_Inconnue,47.23562,-1.65387
202300002641,24,3,2023,2025-12-05 12:20:00,1,75,75117,2,7,1,3,Place De La Porte Maillot,48.878521,2.282954
202300002642,24,12,2023,2025-12-05 05:20:00,3,74,74165,1,1,1,1,Route De Rumilly,45.836858,5.977507
202300002643,25,3,2023,2025-12-05 00:01:00,5,75,75115,2,2,1,3,Place Fernand Forest,48.849565,2.281288
202300002644,8,6,2023,2025-12-05 23:05:00,5,43,43157,2,2,1,3,Rue Du Faubourg Saint Jean,45.04643,3.89185
202300002645,26,12,2023,2025-12-05 07:50:00,2,74,74010,1,1,1,2,A41,45.878103,6.073165
202300002646,4,6,2023,2025-12-05 13:00:00,1,42,42207,2,1,1,6,Grande Rue,45.48107194,4.52711365
202300002647,30,12,2023,2025-12-05 11:53:00,1,74,74081,2,1,1,6,238 Avenue Paul Bechet,46.064961,6.575741
202300002648,24,3,2023,2025-12-05 19:45:00,5,75,75115,2,2,2,6,Rue De Dantzig,48.833479,2.298671
202300002649,8,6,2023,2025-12-05 18:20:00,1,37,37261,2,1,1,3,Maginot (Av. Andre),47.42271,0.69693
202300002650,25,12,2023,2025-12-05 23:15:00,4,74,74267,2,1,1,6,Route D'Albertville,45.863721,6.140306
202300002651,7,6,2023,2025-12-05 17:00:00,1,36,36044,2,1,1,3,189 Avenue D'Argenton,46.7974252,1.66762322
202300002652,25,3,2023,2025-12-05 16:45:00,1,75,75113,2,3,1,3,Rue De La Fontaine A Mulard,48.822982,2.348896
202300002653,8,6,2023,2025-12-05 16:00:00,1,35,35238,2,1,1,3,Lorient (De),48.10687,-1.72798
202300002654,15,12,2023,2025-12-05 17:30:00,5,74,74043,2,2,1,3,335 Avenue Du Jura,46.263365,6.36492
202300002655,25,3,2023,2025-12-05 14:30:00,1,75,75111,2,2,1,3,Avenue Philippe Auguste,48.855754,2.391347
202300002656,12,12,2023,2025-12-05 12:35:00,1,74,74171,1,1,2,6,Adresse_Inconnue,46.314139,6.323791
202300002657,7,6,2023,2025-12-05 16:00:00,1,35,35238,2,2,1,3,Bulgarie (Bd De),48.0845,-1.65396
202300002658,25,3,2023,2025-12-05 20:15:00,5,75,75110,2,3,1,6,Boulevard De La Chapelle,48.884274,2.359201
202300002659,23,12,2023,2025-12-05 10:55:00,1,74,74010,2,1,1,3,Lac (Rue Du),45.90032,6.12741
202300002660,24,3,2023,2025-12-05 18:30:00,1,75,75109,2,2,3,6,Rue Lamartine,48.876526,2.344295
202300002661,7,6,2023,2025-12-05 12:36:00,1,31,31555,2,1,1,3,Minimes (Av Des) Du 1Au 178,43.621918,1.435035
202300002662,21,12,2023,2025-12-05 07:30:00,5,74,74281,2,3,2,3,Dranse (Avenue De La),46.3691,6.5
202300002663,24,3,2023,2025-12-05 00:00:00,5,75,75109,2,1,2,6,Boulevard Poissonniere,48.87124873,2.34452695
202300002664,7,6,2023,2025-12-05 11:00:00,1,29,29232,1,1,1,6,Rn 165,47.98864,-4.02746
202300002665,12,12,2023,2025-12-05 22:19:00,5,74,74133,1,1,2,6,A411,46.18697779,6.20568017
202300002666,3,6,2023,2025-12-05 18:10:00,1,29,29232,2,1,1,6,Rue De Stang Bihan,48.00919,-4.10636
202300002667,25,3,2023,2025-12-05 14:00:00,1,75,75108,2,7,1,3,Place De La Concorde,48.865857,2.319885
202300002668,24,3,2023,2025-12-05 13:40:00,1,75,75108,2,1,2,3,Place De La Concorde,48.8651,2.32233
202300002669,7,6,2023,2025-12-05 14:17:00,1,29,29039,2,1,1,6,Rue Du Colonel Moll,47.87313082,-3.92086163
202300002670,11,12,2023,2025-12-05 07:45:00,2,74,74042,1,1,3,5,A40,46.06669688,6.41978082
202300002671,25,3,2023,2025-12-05 04:05:00,5,75,75107,2,3,1,3,Quai Voltaire,48.859265,2.330219
202300002672,8,6,2023,2025-12-05 13:20:00,1,28,28404,2,1,1,1,Delibes (Rue Leo),48.71668,1.36468
202300002673,24,3,2023,2025-12-05 20:50:00,5,75,75107,2,3,1,3,Avenue Rapp,48.858751,2.300508
202300002674,17,11,2023,2025-12-05 23:40:00,3,74,74262,1,1,1,5,A40,46.1221986,6.32898978
202300002675,5,11,2023,2025-12-05 01:30:00,5,74,74133,1,1,2,7,A411,46.18710592,6.20535373
202300002676,24,3,2023,2025-12-05 18:20:00,1,75,75107,2,2,3,3,Rue De L Universite,48.857357,2.328889
202300002677,24,3,2023,2025-12-05 13:10:00,1,75,75102,2,1,2,6,Boulevard De Sebastopol,48.86685082,2.35286593
202300002678,13,12,2023,2025-12-05 17:50:00,5,12,12202,2,6,2,6,Paul Ramadier (Boulevard),44.360917,2.573767
202300002679,7,6,2023,2025-12-05 14:10:00,1,27,27681,2,1,7,2,Jaures (Boulevard Jaures),49.09314,1.47
202300002680,9,11,2023,2025-12-05 10:40:00,1,13,13056,1,1,3,1,Couronne,43.36501,5.05957
202300002681,7,6,2023,2025-12-05 12:25:00,1,27,27229,1,1,1,2,Orleans (Rue D'),49.00283,1.152235
202300002682,24,3,2023,2025-12-05 18:05:00,2,94,94080,2,1,2,4,Rue De Fontenay,48.84800063,2.43963861
202300002683,14,12,2023,2025-12-05 15:05:00,1,57,57370,2,6,8,3,Route De Thionville,49.391522,6.271498
202300002684,22,12,2023,2025-12-05 04:50:00,3,57,57556,2,1,2,7,Rue Nationale,49.06471889,6.95677042
202300002685,6,6,2023,2025-12-05 18:45:00,1,22,22278,2,1,1,2,71deg Ri (Du),48.51114,-2.76226
202300002686,25,12,2023,2025-12-05 01:46:00,3,57,57482,1,1,1,1,D603,49.117004,6.263103
202300002687,24,3,2023,2025-12-05 14:50:00,1,94,94078,2,1,1,2,Rue De Paris,48.741916,2.446593
202300002688,8,6,2023,2025-12-05 14:15:00,1,22,22106,2,1,1,2,Verne (Rue Jules),48.49657,-2.72699
202300002689,30,12,2023,2025-12-05 15:30:00,1,43,43268,1,1,1,7,D7,45.162406,4.058483
202300002690,8,6,2023,2025-12-05 08:30:00,1,22,22215,1,1,1,4,Loge (Rue De La),48.47588,-2.79838
202300002691,29,12,2023,2025-12-05 00:00:00,5,44,44109,2,2,8,3,25 Boulevard Emile Romanet,47.21000046,-1.60363171
202300002692,24,3,2023,2025-12-05 08:40:00,1,94,94074,1,1,1,5,Avenue Julien Duranton,48.76031545,2.44999932
202300002693,28,12,2023,2025-12-05 11:15:00,1,44,44190,2,1,8,3,47 Avenue De La Martelliere,47.199152,-1.52395215
202300002694,7,6,2023,2025-12-05 16:20:00,1,17,17333,2,6,1,3,Suzac (Avenue De),45.58966,-0.98702
202300002695,23,3,2023,2025-12-05 17:20:00,2,94,94068,2,1,2,6,27 Avenue De Chanzy,48.7899721,2.51868238
202300002696,27,12,2023,2025-12-05 11:40:00,1,44,44143,2,1,8,6,65 Rue Aristide Briand,47.18128384,-1.54516126
202300002697,24,5,2023,2025-12-05 17:50:00,1,13,13056,2,9,1,7,Hotel De Ville Rond Point De L',43.40555,5.04786
202300002698,23,12,2023,2025-12-05 13:48:00,1,44,44109,2,6,8,2,Rue Gaston Michel,47.21003255,-1.56140328
202300002699,8,6,2023,2025-12-05 21:40:00,5,13,13212,2,3,1,3,Caillols (Avenue Des),43.30302449,5.44680694
202300002700,24,3,2023,2025-12-05 21:55:00,5,94,94058,2,9,2,2,Boulevard Raymond Poincare,48.84953,2.49546
202300002701,8,6,2023,2025-12-05 16:30:00,1,13,13005,2,1,1,3,Saint Jean De Garguier (Chemin),43.30330436,5.59851453
202300002702,21,12,2023,2025-12-05 09:20:00,1,44,44109,2,6,8,3,4 Rue Marcel Paul,47.21460505,-1.53764375
202300002703,25,3,2023,2025-12-05 18:35:00,1,94,94076,2,1,1,2,50 Avenue De La Republique,48.788518,2.361944
202300002704,21,12,2023,2025-12-05 21:40:00,5,44,44109,2,1,8,6,16 Rue De La Garde,47.25289708,-1.50560434
202300002705,7,6,2023,2025-12-05 08:30:00,1,13,13005,2,1,1,2,Cd 2 (Camp Major),43.28702,5.53337