num_acc,jour,mois,an,hrmn,lum,dep,com,agg,int,atm,col,adr,lat,long
202300002706,21,12,2023,2025-12-05 19:35:00,3,44,44114,1,1,8,6,Adresse_Inconnue,47.25956435,-1.61954907
202300002707,7,6,2023,2025-12-05 18:00:00,1,13,13004,2,1,1,1,Che De Margaillan Pt De Crau,43.66782152,4.66434052
202300002708,25,3,2023,2025-12-05 14:45:00,1,94,94003,2,1,1,1,Avenue Paul Vaillant-Couturier,48.800626,2.341477
202300002709,19,12,2023,2025-12-05 07:30:00,2,44,44109,2,6,8,3,Rue Marcel Paul,47.21470921,-1.53786936
202300002710,7,6,2023,2025-12-05 16:57:00,1,10,10387,2,1,1,3,Lieutenant Pierre Murard (Rue),48.303,4.05696
202300002711,19,12,2023,2025-12-05 14:20:00,1,44,44109,2,6,8,3,Rond-Point De La Louisiane,47.19835835,-1.58845031
202300002712,24,3,2023,2025-12-05 14:00:00,1,94,94076,2,1,1,5,Boulevard Maxime Gorki,48.79707444,2.36804831
202300002713,7,6,2023,2025-12-05 21:10:00,1,10,10333,2,2,1,2,President Wilson (Cd),48.28954,4.06536
202300002714,4,6,2023,2025-12-05 09:30:00,1,8,8409,2,9,1,2,Stackler (Avenue),49.69509,4.95617
202300002715,24,3,2023,2025-12-05 13:55:00,1,94,94011,2,1,2,2,Avenue Rhin Et Danube,48.77186,2.4902
202300002716,31,12,2023,2025-12-05 19:05:00,3,93,93064,1,1,1,1,Autoroute A86,48.87923146,2.47630036
202300002717,23,3,2023,2025-12-05 14:45:00,1,94,94028,2,1,1,6,Route De Choisy,48.786443,2.449796
202300002718,16,10,2023,2025-12-05 10:00:00,1,93,93046,2,9,1,2,Aristide Briand Avenue,48.91145634,2.51683474
202300002719,8,6,2023,2025-12-05 07:55:00,1,6,6069,2,1,1,3,Saint Exupery (Avenue Antoine De),43.66217,6.9342
202300002720,7,6,2023,2025-12-05 19:25:00,1,75,75120,2,1,1,2,Bd Peripherique Exterieur,48.859908,2.414207
202300002721,25,10,2023,2025-12-05 04:00:00,5,93,93046,2,2,2,3,Avenue Vauban / Avenue Paul Bert,48.91897597,2.52456047
202300002722,25,3,2023,2025-12-05 11:50:00,1,94,94017,2,2,1,5,Boulevard De Stalingrad,48.82170029,2.49875852
202300002723,8,6,2023,2025-12-05 01:25:00,5,75,75106,2,3,1,3,Rue De Sevres,48.848228,2.320196
202300002724,31,10,2023,2025-12-05 19:00:00,5,93,93046,2,2,2,1,Boulevard Gutenberg / Avenue Vauban,48.91295,2.51838
202300002725,24,3,2023,2025-12-05 16:10:00,1,94,94017,2,2,2,2,Rue Charles Floquet,48.81486548,2.48118791
202300002726,7,6,2023,2025-12-05 18:40:00,1,75,75120,2,9,1,3,Boulevard De Menilmontant,48.863085,2.38736
202300002727,1,10,2023,2025-12-05 09:35:00,1,93,93046,2,3,1,6,Avenue Aristide Briand / Avenue De Sully,48.91216,2.52135
202300002728,8,6,2023,2025-12-05 14:50:00,1,75,75119,2,1,1,6,Avenue De La Porte Du Pre Saint Gervais,48.880942,2.401646
202300002729,24,3,2023,2025-12-05 10:30:00,1,94,94017,2,1,1,3,Boulevard De Stalingrad,48.81948408,2.5019403
202300002730,9,10,2023,2025-12-05 09:24:00,1,93,93074,2,1,1,3,Rue De Meaux,48.93431255,2.5645633
202300002731,18,12,2023,2025-12-05 18:10:00,5,44,44109,2,3,8,3,6 Rue Du Cherche Midi,47.2080671,-1.52697702
202300002732,24,3,2023,2025-12-05 15:00:00,1,93,93066,2,1,1,6,Boulevard Felix Faure,48.93862,2.357877
202300002733,8,6,2023,2025-12-05 20:20:00,1,75,75116,2,2,1,3,Rue Nungesser Et Coli,48.842445,2.251391
202300002734,28,9,2023,2025-12-05 00:30:00,5,93,93046,2,1,1,6,Avenue Emile Gerard,48.92124,2.52301
202300002735,8,6,2023,2025-12-05 16:20:00,1,75,75116,2,1,1,6,Avenue De New York,48.863697,2.297769
202300002736,24,3,2023,2025-12-05 20:30:00,5,93,93055,2,1,8,3,Avenue Jean Jaures,48.90961,2.39871
202300002737,16,12,2023,2025-12-05 22:58:00,3,44,44109,2,1,8,7,Boulevard Benoit Frachon,47.20742886,-1.58089759
202300002738,8,6,2023,2025-12-05 12:55:00,1,75,75116,2,2,1,6,Avenue D Iena,48.869485,2.295604
202300002739,8,6,2023,2025-12-05 09:00:00,1,75,75116,2,1,1,3,Avenue Victor Hugo,48.869076,2.283949
202300002740,15,12,2023,2025-12-05 15:30:00,1,44,44109,2,1,8,6,4 Place De L'Ecluse,47.21631892,-1.55622352
202300002741,24,3,2023,2025-12-05 16:00:00,1,93,93053,2,1,2,3,Avenue De Rosny,48.89018,2.47121
202300002742,16,12,2023,2025-12-05 09:00:00,1,9,9160,2,1,1,2,Rue Jean Jaures,42.932469,1.84765
202300002743,7,6,2023,2025-12-05 13:30:00,1,75,75115,2,7,1,2,Boulevard De Grenelle,48.848159,2.300652
202300002744,10,12,2023,2025-12-05 10:30:00,1,9,9167,1,3,1,7,D919,43.292619,1.341738
202300002745,25,3,2023,2025-12-05 17:40:00,1,93,93051,2,1,1,5,Boulevard Paul Pambrun,48.85025,2.55376
202300002746,7,6,2023,2025-12-05 10:55:00,1,75,75115,2,3,1,6,Rue Saint Charles,48.841239,2.280816
202300002747,5,12,2023,2025-12-05 17:30:00,2,9,9282,1,1,1,1,D820,43.24560911,1.574049
202300002748,24,3,2023,2025-12-05 16:55:00,1,93,93051,2,3,2,6,Avenue Du Fort / Avenue Mederic,48.83022,2.55889
202300002749,14,12,2023,2025-12-05 17:45:00,5,66,66017,2,9,1,1,Rue Annibal,42.803123,3.037173
202300002750,8,6,2023,2025-12-05 20:45:00,2,75,75113,2,3,1,3,Avenue D Italie,48.824442,2.35781
202300002751,10,11,2023,2025-12-05 15:55:00,1,13,13076,1,3,1,2,D26,43.815919,5.01716
202300002752,6,6,2023,2025-12-05 22:15:00,5,75,75113,2,2,1,2,Boulevard Kellermann,48.819143,2.359461
202300002753,24,3,2023,2025-12-05 15:20:00,1,93,93049,2,1,8,6,6 Boulevard Gallieni,48.85260319,2.51265451
202300002754,14,12,2023,2025-12-05 15:40:00,1,44,44143,2,3,8,2,32 Avenue De La Liberation,47.19157212,-1.54894626
202300002755,8,6,2023,2025-12-05 11:30:00,1,75,75112,2,2,1,6,Cours De Vincennes,48.847805,2.39909
202300002756,12,12,2023,2025-12-05 07:53:00,2,44,44109,2,-1,8,6,Rue Andre Tardieu,47.20900621,-1.53745707
202300002757,24,3,2023,2025-12-05 17:10:00,1,93,93048,2,3,2,3,Boulevard Aristide Briand / Rue Claude Bernard,48.87012,2.45037
202300002758,8,6,2023,2025-12-05 08:30:00,1,75,75112,2,2,1,6,Avenue Du General Michel Bizot,48.836675,2.403511
202300002759,12,12,2023,2025-12-05 11:00:00,1,44,44109,2,3,8,3,46 Boulevard De La Solidarite,47.21652753,-1.59160786
202300002760,24,3,2023,2025-12-05 17:00:00,1,93,93046,2,1,6,7,9 Boulevard Jean Jaures,48.91669937,2.53019281
202300002761,11,12,2023,2025-12-05 10:10:00,1,44,44109,2,1,8,6,6 Rue Casimir Perier,47.22932254,-1.56627441
202300002762,9,12,2023,2025-12-05 19:20:00,5,44,44109,2,1,8,6,171 Route De Sainte Luce,47.23705707,-1.51725
202300002763,8,6,2023,2025-12-05 12:30:00,1,75,75109,2,2,1,3,Rue Blanche,48.882791,2.332057
202300002764,25,3,2023,2025-12-05 18:34:00,1,93,93031,2,3,1,6,67 Rue Felix Merlin / Rue De Dijon,48.95534648,2.29526952
202300002765,8,12,2023,2025-12-05 19:49:00,5,44,44109,2,1,8,7,7 Cours Des 50 Otages,47.219707,-1.5555997
202300002766,8,6,2023,2025-12-05 09:16:00,1,94,94078,2,1,1,6,Place Pierre Semard,48.730406,2.446912
202300002767,7,12,2023,2025-12-05 19:00:00,5,44,44143,2,1,8,6,64 Rue De La Commune De 1871,47.1884919,-1.5513899
202300002768,7,12,2023,2025-12-05 20:35:00,5,44,44109,2,-1,8,7,46 Rue Joseph Doury,47.23002828,-1.51801308
202300002769,8,6,2023,2025-12-05 08:45:00,1,94,94078,2,1,1,6,Avenue Leo Lagrange,48.73081877,2.45912641
202300002770,25,3,2023,2025-12-05 08:45:00,1,93,93029,2,1,1,3,Rue Anatole France,48.928951,2.452892
202300002771,7,12,2023,2025-12-05 08:45:00,2,44,44162,2,1,8,6,Boulevard Salvardor Allende,47.22221355,-1.63767922
202300002772,8,6,2023,2025-12-05 21:40:00,2,94,94046,2,2,1,3,Avenue De La Republique,48.80284,2.43411
202300002773,7,12,2023,2025-12-05 12:00:00,1,44,44162,2,6,8,6,66 Avenue De La Bouvardiere,47.23832964,-1.5958259
202300002774,6,12,2023,2025-12-05 09:50:00,1,44,44109,2,1,1,7,6 Boulevard Des Americains,47.23565091,-1.56888092
202300002775,24,3,2023,2025-12-05 17:30:00,1,93,93027,2,2,2,3,Avenue Jean Jaures / Rue Raspail,48.92567,2.39681
202300002776,5,12,2023,2025-12-05 15:40:00,1,44,44109,2,1,8,6,13 Boulevard Du Tertre,47.21828347,-1.60381851
202300002777,8,6,2023,2025-12-05 11:00:00,1,94,94046,2,2,1,2,Rue Jean Jaures,48.79752338,2.43322767
202300002778,5,12,2023,2025-12-05 12:25:00,1,44,44109,1,1,8,2,Pont De Chevire,47.19326425,-1.61347387
202300002779,24,3,2023,2025-12-05 10:40:00,1,93,93027,2,1,8,6,Allee Philippe Roux,48.92697998,2.39249906
202300002780,4,12,2023,2025-12-05 09:16:00,1,44,44109,2,6,8,3,82 Route De Rennes,47.25409546,-1.5763507
202300002781,8,6,2023,2025-12-05 18:45:00,2,94,94043,2,1,1,2,Place Jean Jaures,48.81228,2.35723
202300002782,8,6,2023,2025-12-05 03:30:00,5,94,94076,2,1,1,7,Boulevard Maxime Gorki,48.799774,2.365551
202300002783,4,12,2023,2025-12-05 18:30:00,5,44,44143,2,3,8,6,49 Rue De La Chesnaie,47.17766267,-1.56130978
202300002784,23,3,2023,2025-12-05 21:24:00,5,93,93027,2,1,2,6,Avenue Paul Vaillant Couturier,48.9214,2.41148
202300002785,1,12,2023,2025-12-05 20:00:00,3,44,44162,2,3,1,1,Boulevard Charles De Gaulle,47.21834978,-1.64748484
202300002786,7,6,2023,2025-12-05 19:45:00,1,94,94081,2,2,1,3,Avenue Rouget De Lisle,48.77819,2.39648
202300002787,1,12,2023,2025-12-05 03:30:00,5,44,44109,2,1,1,7,107 Rue De Coulmiers,47.22527681,-1.53996691
202300002788,25,3,2023,2025-12-05 17:45:00,1,93,93005,2,1,1,6,Boulevard Marc Chagall,48.952612,2.497502
202300002789,29,11,2023,2025-12-05 17:30:00,3,44,44162,1,1,8,3,Adresse_Inconnue,47.204,-1.623
202300002790,8,6,2023,2025-12-05 19:40:00,1,94,94073,1,1,1,2,N186B,48.753558,2.376021
202300002791,28,11,2023,2025-12-05 08:15:00,2,44,44143,2,6,8,6,28 Rue Francois Marchais,47.18854137,-1.57279846
202300002792,7,6,2023,2025-12-05 15:00:00,1,94,94011,2,9,1,3,Route De Stains,48.78259078,2.4945095
202300002793,27,11,2023,2025-12-05 16:35:00,2,44,44109,1,2,8,3,17 Rue George Sand,47.22251686,-1.57217117
202300002794,25,3,2023,2025-12-05 16:00:00,1,93,93005,2,2,1,3,Rue Paul Vaillant Couturier / Av Du Mal De Lattre De Tassigny,48.92947,2.48678
202300002795,8,6,2023,2025-12-05 19:35:00,1,93,93031,2,1,1,3,Avenue De Lattre De Tassigny,48.95779277,2.30967183
202300002796,25,11,2023,2025-12-05 12:29:00,1,44,44143,2,3,8,2,112 Rue Aristide Briand,47.17790435,-1.54427701
202300002797,23,11,2023,2025-12-05 17:40:00,5,44,44190,2,1,8,3,19 Rue Des Bignons,47.19931095,-1.49825057
202300002798,8,6,2023,2025-12-05 19:52:00,1,93,93027,2,1,1,6,Rue De La Convention,48.92760672,2.39200749
202300002799,23,12,2023,2025-12-05 14:11:00,1,74,74282,1,9,1,2,A41,45.987678,6.127657
202300002800,25,3,2023,2025-12-05 08:27:00,1,93,93005,2,9,1,3,Avenue Charles De Gaulle,48.931341,2.484792
202300002801,8,6,2023,2025-12-05 07:40:00,1,93,93014,2,1,1,3,Allee De Montfermeil,48.8975297,2.53338926
202300002802,17,12,2023,2025-12-05 15:45:00,1,74,74108,1,1,7,6,D1508,45.828986,6.188342
202300002803,8,6,2023,2025-12-05 15:30:00,1,93,93007,2,1,1,6,Chemin De Notre Dame,48.95291114,2.44374043
202300002804,31,12,2023,2025-12-05 11:55:00,1,74,74133,2,1,3,3,Zone (Route De),46.18333,6.2166
202300002805,24,3,2023,2025-12-05 00:01:00,5,93,93027,2,6,2,6,Place Du Huit Mai 1945,48.920859,2.41034
202300002806,21,12,2023,2025-12-05 22:00:00,3,74,74041,1,9,3,6,D22,46.298486,6.6742
202300002807,8,6,2023,2025-12-05 17:50:00,1,93,93007,2,2,1,3,Avenue Henri Barbusse / Rue Maxime Gorki,48.94015807,2.46248309
202300002808,21,12,2023,2025-12-05 21:20:00,3,74,74128,1,1,2,6,D20,46.157384,6.347694
202300002809,22,3,2023,2025-12-05 15:00:00,1,92,92072,2,2,8,3,Ville D'Avray (Rue De ),48.82585161,2.20270112
202300002810,8,6,2023,2025-12-05 19:00:00,1,92,92051,2,2,7,3,Maillot (Boulevard),48.87889,2.27076
202300002811,21,12,2023,2025-12-05 14:41:00,1,74,74159,1,1,2,1,D1205,46.010275,6.626574
202300002812,8,6,2023,2025-12-05 16:50:00,1,92,92020,2,1,1,6,Paris Avenue De Ndeg2 A82,48.805868,2.291856
202300002813,24,3,2023,2025-12-05 09:39:00,1,92,92064,2,1,1,3,Marcel Dassault,48.85461665,2.22274728
202300002814,19,12,2023,2025-12-05 01:00:00,4,74,74191,2,1,9,1,Route De La Combe A Zore,46.187221,6.692433
202300002815,17,12,2023,2025-12-05 08:10:00,2,74,74105,2,2,1,6,Avenue Des Voirons,46.30575,6.301389
202300002816,8,6,2023,2025-12-05 03:10:00,5,92,92020,2,2,1,1,Republique Av. Ndeg27 A 105 Et 26 A 178,48.804,2.2978
202300002817,8,12,2023,2025-12-05 16:55:00,5,74,74112,1,3,2,6,Rue Du Commerce,45.938169,6.074163
202300002818,24,3,2023,2025-12-05 17:35:00,1,92,92063,2,1,2,2,Leclerc De Hautecloque (Avenue Du Marech,48.8585,2.19142
202300002819,18,12,2023,2025-12-05 16:00:00,1,74,74026,1,1,1,7,Route De La Lechere,45.970623,6.049921
202300002820,7,6,2023,2025-12-05 17:45:00,1,92,92020,2,6,1,3,Republique Av. Ndeg27 A 105 Et 26 A 178,48.802316,2.296826
202300002821,30,11,2023,2025-12-05 16:40:00,5,74,74123,2,1,2,6,Rue Simon Tissot Dupont,45.745935,6.295102
202300002822,7,6,2023,2025-12-05 15:32:00,1,92,92025,2,1,1,3,Valmy (Bd De),48.930906,2.255201
202300002823,2,11,2023,2025-12-05 03:50:00,3,74,74044,1,1,8,6,A40,46.15010056,6.15113708
202300002824,24,3,2023,2025-12-05 21:00:00,5,92,92050,2,2,1,3,Martin Henri Avenue,48.89471,2.19269
202300002825,23,10,2023,2025-12-05 21:50:00,5,74,74042,1,9,8,5,Rd1205,46.06898702,6.44443651
202300002826,6,6,2023,2025-12-05 11:15:00,1,92,92004,2,1,1,5,Docteur Dervaux  ( Quai Du ),48.90927,2.2936
202300002827,21,9,2023,2025-12-05 15:00:00,1,35,35176,2,3,1,3,D777,47.825452,-1.853986
202300002828,6,6,2023,2025-12-05 19:30:00,1,92,92004,2,1,1,2,Pont De Clichy,48.91146,2.29861
202300002829,25,3,2023,2025-12-05 20:30:00,5,92,92020,2,1,2,6,Paris Avenue De Ndeg Impairs,48.807697,2.294797
202300002830,28,10,2023,2025-12-05 18:40:00,3,62,62203,1,2,3,3,D215,50.846272,1.903188
202300002831,7,6,2023,2025-12-05 17:30:00,1,76,76517,1,9,1,4,A28,49.504701,1.177554
202300002832,13,10,2023,2025-12-05 14:00:00,1,22,22391,1,1,8,1,Le Bas Fouenard,48.32268521,-2.16644883
202300002833,24,3,2023,2025-12-05 20:35:00,4,92,92049,2,2,2,6,Briand Avenue Aristide Ndeg2 A 114,48.81751822,2.32557714
202300002834,22,11,2023,2025-12-05 11:30:00,1,44,44162,2,1,1,6,Avenue De Cheverny,47.24184924,-1.59976932
202300002835,7,6,2023,2025-12-05 16:55:00,1,22,22237,1,1,9,6,La Milliere,48.524634,-2.259343
202300002836,22,11,2023,2025-12-05 14:20:00,1,44,44109,2,1,8,6,41 Rue General Buat,47.23143063,-1.53822899
202300002837,18,11,2023,2025-12-05 21:40:00,5,44,44109,2,2,1,3,38 Rue Ledru Rollin,47.19381511,-1.53566195
202300002838,4,6,2023,2025-12-05 01:20:00,3,33,33166,2,2,1,2,Le Bourg,45.06051,-0.030663
202300002839,22,3,2023,2025-12-05 19:02:00,1,92,92036,2,1,1,2,Camelinat (Boulevard) (2 Au 66),48.9304,2.30122
202300002840,18,11,2023,2025-12-05 11:15:00,1,44,44109,2,3,8,1,Place Primil,47.19777363,-1.5423882
202300002841,8,6,2023,2025-12-05 08:29:00,1,6,6161,2,1,1,3,Avenue Des Plans,43.654772,7.12505
202300002842,16,11,2023,2025-12-05 08:00:00,2,44,44109,2,2,1,6,5 Avenue Chanzy,47.22461592,-1.54666109
202300002843,24,3,2023,2025-12-05 11:45:00,1,92,92035,2,1,1,3,National ( Boulevard ),48.90596534,2.23896325
202300002844,15,11,2023,2025-12-05 08:10:00,2,44,44109,2,2,8,3,3 Cours Olivier De Clisson,47.21329053,-1.55442805
202300002845,7,6,2023,2025-12-05 17:45:00,1,49,49092,1,3,1,3,D160 Saint Georges Des Gardes 49120,47.165151,-0.753711
202300002846,15,11,2023,2025-12-05 14:20:00,1,44,44109,2,1,8,7,Rue Voltaire,47.21220577,-1.56509438
202300002847,14,11,2023,2025-12-05 13:00:00,1,44,44109,2,1,8,6,151 Rue Des Hauts Paves,47.22849505,-1.57128766
202300002848,8,6,2023,2025-12-05 14:15:00,1,974,97412,2,1,1,6,170 Boulevard De L'Ocean,-21.371845,55.58476
202300002849,10,11,2023,2025-12-05 16:15:00,1,44,44190,2,3,8,6,277 Route De Clisson,47.18838198,-1.49852454
202300002850,24,3,2023,2025-12-05 16:10:00,1,92,92025,2,1,8,6,Bournard (Rue Du),48.92286,2.25538
202300002851,31,5,2023,2025-12-05 14:15:00,1,972,97227,1,1,1,1,Voie No 5 Lot Les Cerisiers,14.468521,-60.923366
202300002852,10,11,2023,2025-12-05 10:15:00,1,44,44109,2,6,8,3,1 Place Beaumanoir,47.21273421,-1.57170925
202300002853,8,11,2023,2025-12-05 09:25:00,1,44,44109,2,1,8,3,34 Boulevard Benoni Goullin,47.20168532,-1.55390251
202300002854,9,6,2023,2025-12-05 14:45:00,1,76,76616,1,1,1,3,Cote De Gournay,49.527604,0.230477
202300002855,30,12,2023,2025-12-05 23:00:00,3,93,93066,1,1,1,2,Autoroute A86,48.92195,2.3599
202300002856,23,3,2023,2025-12-05 20:45:00,5,92,92025,2,3,1,3,Monts Clairs (Av Villa Rue),48.919108,2.255542
202300002857,9,6,2023,2025-12-05 05:30:00,1,1,1446,1,1,1,7,D936,46.040189,4.859712
202300002858,8,6,2023,2025-12-05 12:20:00,1,14,14027,1,1,1,7,D54,49.004547,-0.6318
202300002859,30,12,2023,2025-12-05 01:20:00,3,93,93007,1,1,1,1,Autoroute A3,48.91857885,2.47854047
202300002860,23,3,2023,2025-12-05 19:20:00,3,92,92025,2,1,1,6,Paul Bert (Rue),48.929971,2.245869
202300002861,29,12,2023,2025-12-05 13:15:00,1,69,69382,2,1,2,2,Quai Perrache,45.73250407,4.81721373
202300002862,2,12,2023,2025-12-05 13:35:00,1,15,15012,1,1,8,6,Rd 617,44.87754,2.4088
202300002863,5,6,2023,2025-12-05 18:50:00,1,84,84025,1,2,1,3,Intersection D2 Et D148,43.879312,5.156085
202300002864,8,6,2023,2025-12-05 17:40:00,1,85,85144,1,9,2,6,Le Bois Trieau,46.844108,-1.121657
202300002865,23,3,2023,2025-12-05 07:25:00,1,92,92025,2,2,2,1,Valmy> 68   55 (Bd De),48.934308,2.255856
202300002866,29,11,2023,2025-12-05 09:30:00,1,13,13211,1,1,1,6,A50-Sens Aubagne Vers Marseille,43.29297841,5.47637741
202300002867,9,6,2023,2025-12-05 10:10:00,1,44,44129,1,1,1,3,Adresse_Inconnue,47.44339988,-2.08134592
202300002868,20,11,2023,2025-12-05 19:00:00,3,13,13214,1,1,1,2,A7-Sens Lyon Vers Marseille,43.32836,5.37825
202300002869,6,6,2023,2025-12-05 11:00:00,1,66,66050,2,9,1,6,Adresse_Inconnue,42.759564,2.944109
202300002870,23,3,2023,2025-12-05 14:00:00,1,92,92024,2,2,1,3,Victor Hugo (Bd),48.899958,2.314383
202300002871,24,8,2023,2025-12-05 16:30:00,1,60,60577,1,1,1,1,Route Nationale 31,49.461486,1.76719
202300002872,8,6,2023,2025-12-05 07:40:00,1,30,30060,2,1,1,2,Chemin De La Carreirasse (Pont),43.799559,4.386914
202300002873,17,11,2023,2025-12-05 19:46:00,3,13,13106,1,1,1,2,A7-Sens Marseille Vers Lyon,43.38390643,5.35110591
202300002874,28,5,2023,2025-12-05 10:50:00,1,57,57275,1,1,1,7,D79,49.019071,6.683936
202300002875,17,11,2023,2025-12-05 14:42:00,1,13,13203,1,1,1,2,A557-Liaison A7 Marseille-A55 Marseille,43.319,5.368
202300002876,25,3,2023,2025-12-05 15:00:00,1,80,80668,2,1,6,1,25 Grande Rue,49.787002,2.379428
202300002877,8,6,2023,2025-12-05 19:00:00,1,51,51027,1,9,1,1,D3,49.034509,4.692888
202300002878,23,8,2023,2025-12-05 17:00:00,1,18,18278,1,2,1,3,Adresse_Inconnue,46.57022,2.455852
202300002879,18,11,2023,2025-12-05 09:58:00,1,13,13071,1,1,1,3,A55 - Sens Marseille Vers Martigues,43.39721579,5.28706226
202300002880,26,3,2023,2025-12-05 12:15:00,1,60,60357,1,1,3,7,D58,49.500458,2.539172
202300002881,8,6,2023,2025-12-05 04:50:00,3,51,51388,1,1,1,6,Cd 19,49.150107,4.398136
202300002882,23,8,2023,2025-12-05 19:30:00,1,16,16065,1,1,9,6,Lieu Dit Le Petit Vignaud,46.083151,0.816261
202300002883,8,11,2023,2025-12-05 07:20:00,5,13,13212,1,1,1,2,A507 Sens Marseille - Aubagne,43.3005,5.4251
202300002884,5,6,2023,2025-12-05 21:05:00,1,56,56249,1,1,1,6,Bel Air,47.942474,-2.416925
202300002885,21,8,2023,2025-12-05 17:30:00,1,7,7258,1,1,7,7,D121,45.146589,4.465336
202300002886,7,11,2023,2025-12-05 17:40:00,2,13,13088,1,1,1,2,A55-Sens Marseille Vers Martigues,43.38315,5.22875
202300002887,25,3,2023,2025-12-05 06:35:00,1,47,47040,2,1,1,1,Avenue Des Landes,44.197382,0.558972
202300002888,10,5,2023,2025-12-05 10:00:00,1,56,56008,1,1,1,6,Kerfraval D316,47.610619,-2.914746
202300002889,21,8,2023,2025-12-05 17:45:00,1,21,21414,1,1,7,7,Voie Communale 11,47.142949,4.507994
202300002890,2,11,2023,2025-12-05 21:05:00,3,93,93073,2,9,1,2,Rue Du Chapitre,49.00326053,2.53684187
202300002891,7,6,2023,2025-12-05 16:45:00,1,76,76197,1,1,1,5,D149,49.779407,1.076113
202300002892,7,11,2023,2025-12-05 08:45:00,1,44,44109,2,3,1,3,158 Boulevard Des Anglais,47.22399688,-1.58443897
202300002893,20,8,2023,2025-12-05 19:14:00,1,21,21412,2,2,1,3,Rue De La Gare,46.971742,4.786826
202300002894,25,3,2023,2025-12-05 23:50:00,3,974,97404,1,1,1,6,Sortie 19 Rn1,-21.26505,55.339776
202300002895,30,10,2023,2025-12-05 16:45:00,1,44,44143,2,6,1,6,Rue Des Sorinieres,47.15777302,-1.54161036
202300002896,9,6,2023,2025-12-05 16:45:00,1,2A,2A271,2,1,1,6,T22,41.957492,8.801154
202300002897,23,8,2023,2025-12-05 19:25:00,1,24,24129,1,3,1,3,D78 - Les Danes,45.365214,0.734088
202300002898,14,11,2023,2025-12-05 19:00:00,3,93,93051,1,1,1,3,A4,48.83534,2.56962
202300002899,24,3,2023,2025-12-05 15:00:00,1,26,26324,1,1,1,4,A7 Pk 141.500 Vers Nord,44.347484,4.73794
202300002900,8,6,2023,2025-12-05 12:00:00,1,2A,2A271,1,3,1,6,T22,41.95267772,8.78619321
202300002901,23,8,2023,2025-12-05 21:25:00,3,85,85096,2,1,1,6,Rue De La Minoterie,46.894268,-1.848332
202300002902,7,11,2023,2025-12-05 07:00:00,3,93,93051,1,1,1,3,A4,48.83627877,2.55459225
202300002903,25,3,2023,2025-12-05 15:50:00,1,65,65153,1,1,1,7,D21,43.237747,0.201616
202300002904,7,6,2023,2025-12-05 19:20:00,1,2B,2B251,2,3,1,3,Casamozza,41.98982,9.401727
202300002905,2,11,2023,2025-12-05 06:00:00,3,93,93051,1,1,6,7,A4,48.83656,2.54396
202300002906,8,6,2023,2025-12-05 19:53:00,1,2B,2B150,1,1,1,7,Rt30,42.573231,8.830658
202300002907,25,3,2023,2025-12-05 19:00:00,2,72,72260,1,1,2,2,Lieu Dit Les Hunaudieres,47.953202,0.229318
202300002908,19,8,2023,2025-12-05 14:00:00,1,17,17140,1,1,1,3,Route Des Huitres,45.924584,-1.23439
202300002909,30,10,2023,2025-12-05 20:40:00,3,44,44035,1,-1,8,3,Adresse_Inconnue,47.25712133,-1.54665023
202300002910,25,3,2023,2025-12-05 17:30:00,1,41,41184,1,1,1,6,La Triffardiere,47.668454,0.909843
202300002911,5,6,2023,2025-12-05 07:50:00,1,82,82131,1,1,1,3,1110 Route De Caussade,44.230748,1.473767
202300002912,30,10,2023,2025-12-05 17:15:00,1,44,44109,2,9,8,6,Place De Bretagne,47.2176653,-1.55904649
202300002913,24,8,2023,2025-12-05 12:30:00,1,87,87154,1,2,7,3,Lieu Dit La Grosse Borne,45.864672,0.899001
202300002914,31,8,2023,2025-12-05 10:16:00,1,38,38389,1,1,1,7,Route Du Revoireau,45.5443,5.05956
202300002915,8,6,2023,2025-12-05 18:45:00,1,32,32190,2,3,1,3,Place De L'Armagnac,43.799988,0.22655
202300002916,28,10,2023,2025-12-05 02:15:00,5,44,44109,2,1,8,3,52 Boulevard Joliot Curie,47.19452023,-1.53292799
202300002917,23,8,2023,2025-12-05 19:55:00,1,30,30210,2,2,1,3,Avenue De L'Aigoual,43.911003,4.000681
202300002918,26,3,2023,2025-12-05 09:45:00,1,19,19229,1,1,1,2,A89,45.164142,1.452545
202300002919,27,10,2023,2025-12-05 07:40:00,2,44,44109,2,1,8,3,Bouelvard De La Prairie De Mauves,47.23022602,-1.48827211
202300002920,24,8,2023,2025-12-05 19:20:00,2,48,48027,1,1,1,7,D6,44.554271,3.787966
202300002921,9,6,2023,2025-12-05 19:35:00,2,63,63179,1,1,2,1,Pont De Chantemerle,45.622119,3.72135
202300002922,21,10,2023,2025-12-05 17:00:00,2,44,44162,2,1,8,6,20 Rue Jean Jacques Rousseau,47.22960867,-1.6016249
202300002923,26,3,2023,2025-12-05 05:30:00,3,51,51391,1,1,2,1,N31,49.2747,3.868175
202300002924,28,5,2023,2025-12-05 12:00:00,1,61,61210,1,4,1,3,Intersection D29/D784,48.683852,-0.122952
202300002925,24,8,2023,2025-12-05 08:18:00,1,31,31255,1,2,1,3,Intersection N125 / D825,43.04369,0.593232
202300002926,24,3,2023,2025-12-05 12:10:00,1,19,19010,2,6,2,7,D1120,45.090936,1.932654