num_acc,jour,mois,an,hrmn,lum,dep,com,agg,int,atm,col,adr,lat,long
202300002927,26,12,2023,2025-12-05 11:25:00,1,88,88319,2,1,1,3,Rue De L'Hotel De Ville,48.379432,6.91202
202300002928,9,6,2023,2025-12-05 12:00:00,1,55,55060,1,1,1,3,D154,49.104647,5.568588
202300002929,25,3,2023,2025-12-05 20:25:00,3,59,59337,1,1,8,1,18 Route De Saint Omer,50.810057,2.293096
202300002930,22,12,2023,2025-12-05 13:15:00,1,88,88290,1,3,2,2,D674,48.438362,5.783068
202300002931,20,8,2023,2025-12-05 17:45:00,1,1,1067,1,1,1,1,A40 Pk 129.070,46.127426,5.501436
202300002932,31,5,2023,2025-12-05 20:00:00,2,49,49069,1,1,7,1,L'Epinaiserie (Champtoceaux),47.310158,-1.274419
202300002933,25,12,2023,2025-12-05 05:25:00,4,88,88251,1,1,1,6,D32,48.323501,6.771612
202300002934,26,3,2023,2025-12-05 03:50:00,3,82,82127,1,1,1,6,Route De Laujol,44.165506,1.115917
202300002935,10,7,2023,2025-12-05 18:45:00,1,35,35353,2,1,1,3,Route De Lorient,48.10492252,-1.740987
202300002936,7,6,2023,2025-12-05 10:00:00,1,12,12056,2,1,1,6,Avenue De Toulouse,44.27676,2.430279
202300002937,18,12,2023,2025-12-05 13:45:00,1,88,88320,2,1,7,6,Chemin Des Goutys,48.287473,7.003677
202300002938,25,3,2023,2025-12-05 22:20:00,5,65,65455,2,1,1,6,6 Route De Cantaous,43.083245,0.439662
202300002939,9,6,2023,2025-12-05 00:05:00,3,34,34223,1,1,1,1,D909,43.428333,3.2232
202300002940,21,8,2023,2025-12-05 19:20:00,1,13,13058,2,1,1,1,65 Avenue De La Vallee Des Baux,43.720856,4.805392
202300002941,26,12,2023,2025-12-05 15:18:00,1,10,10220,1,1,2,4,Rd619,48.50064,3.799553
202300002942,8,6,2023,2025-12-05 19:15:00,1,44,44006,1,1,2,6,28 Rue Du Calvaire,47.429423,-2.385873
202300002943,24,8,2023,2025-12-05 10:19:00,1,28,28392,1,1,1,6,Autoroute A10 Point Kilometrique 061+260 Direction Orleans (45),48.234734,1.849566
202300002944,1,12,2023,2025-12-05 12:15:00,1,10,10224,2,2,1,3,Rue Gambetta,48.404406,3.729719
202300002945,24,3,2023,2025-12-05 17:00:00,1,65,65375,1,2,1,6,D5,43.372886,0.153841
202300002946,21,8,2023,2025-12-05 08:00:00,1,987,98722,2,1,1,6,Descente Atima,-17.509514,-149.485377
202300002947,8,6,2023,2025-12-05 17:15:00,1,35,35122,2,3,1,1,Rue D'Aleth,48.604436,-1.896064
202300002948,24,7,2023,2025-12-05 13:45:00,1,34,34289,2,4,1,3,D13,43.394188,3.411469
202300002949,7,6,2023,2025-12-05 16:30:00,1,3,3093,1,1,1,2,Rue Du Mourgon,46.185492,3.465364
202300002950,13,9,2023,2025-12-05 18:00:00,1,93,93066,1,1,1,4,Autoroute A1,48.909,2.35809
202300002951,22,8,2023,2025-12-05 17:20:00,1,987,98729,1,1,1,3,Rt 91 Pk 8 - Afareaitu,-17.577,-150.202
202300002952,25,3,2023,2025-12-05 19:25:00,2,33,33384,1,1,8,6,Lieu Dit Guillemot,44.887533,-0.127839
202300002953,7,6,2023,2025-12-05 17:00:00,1,70,70467,2,1,1,3,Avenue D'Augrogne,47.882844,6.2675221
202300002954,25,10,2023,2025-12-05 20:20:00,5,44,44162,2,6,1,3,17 Rue Jacques Cartier,47.22567404,-1.63539351
202300002955,22,8,2023,2025-12-05 12:38:00,1,974,97408,1,1,1,7,N1,-20.930689,55.331118
202300002956,23,10,2023,2025-12-05 19:15:00,3,44,44162,2,1,1,6,31 Avenue Du Parnasse,47.23338909,-1.5946152
202300002957,26,3,2023,2025-12-05 17:30:00,1,71,71014,2,1,7,6,Rue De La Croix Blanche,46.956605,4.302255
202300002958,9,6,2023,2025-12-05 09:50:00,1,26,26118,2,2,1,3,Chemin Du Bois De Seyve,45.316932,4.954716
202300002959,23,8,2023,2025-12-05 21:30:00,3,973,97311,1,1,1,5,"Route Departementale 9, Pk 8+100",5.550252,-53.936911
202300002960,21,10,2023,2025-12-05 19:11:00,4,44,44109,2,6,1,3,Rue Des Dervallieres,47.22190912,-1.57879487
202300002961,6,6,2023,2025-12-05 17:48:00,1,72,72253,2,9,1,1,Route De La Suze,47.894971,0.056828
202300002962,26,3,2023,2025-12-05 17:32:00,1,61,61214,2,1,8,6,Voie Communale,48.765821,0.631703
202300002963,8,6,2023,2025-12-05 04:35:00,3,6,6150,1,1,1,7,Avenue De Cap D'Ail,43.729705,7.393013
202300002964,20,10,2023,2025-12-05 07:45:00,2,44,44109,2,1,1,2,57 Rue Amiral Du Chaffault,47.20737387,-1.5826348
202300002965,20,8,2023,2025-12-05 11:50:00,1,33,33333,1,1,1,4,Route Du Temple,44.87572,-1.046813
202300002966,20,10,2023,2025-12-05 19:10:00,4,44,44143,2,6,8,6,Rue De La Gamaliere,47.17300056,-1.55484931
202300002967,25,3,2023,2025-12-05 16:45:00,1,42,42149,2,1,1,1,Avenue Des Sources,45.639701,4.234972
202300002968,7,6,2023,2025-12-05 01:10:00,3,50,50464,1,1,1,7,Route De L'Abbaye,49.009726,-1.378586
202300002969,20,8,2023,2025-12-05 07:50:00,1,45,45051,2,1,1,6,Rue De Chateaubriand,47.828268,2.389956
202300002970,11,8,2023,2025-12-05 19:15:00,1,10,10333,2,3,1,3,Thiers (Rue),48.28495,4.0671
202300002971,8,6,2023,2025-12-05 18:15:00,1,50,50158,1,1,1,3,D48,48.724406,-1.098676
202300002972,24,3,2023,2025-12-05 20:15:00,5,44,44069,1,1,2,1,1097 Route De Saint-Lyphard,47.341142,-2.407363
202300002973,9,8,2023,2025-12-05 12:44:00,1,10,10333,2,2,1,1,Rue Pierre De Celle,48.2811,4.0469
202300002974,9,6,2023,2025-12-05 09:05:00,1,60,60319,1,1,1,1,D981,49.35036006,1.93523955
202300002975,18,8,2023,2025-12-05 22:34:00,3,45,45039,2,3,1,1,D948 Pr 30 + 475,47.796242,2.381576
202300002976,7,6,2023,2025-12-05 06:45:00,2,45,45148,2,1,1,6,30 Rue Du Val,48.071487,2.763993
202300002977,24,3,2023,2025-12-05 23:30:00,3,29,29174,2,1,1,6,Rue Jules Ferry,47.903077,-4.284534
202300002978,20,10,2023,2025-12-05 21:55:00,5,44,44109,2,3,8,6,Avenue General De Gaulle,47.20672728,-1.53969386
202300002979,24,3,2023,2025-12-05 19:00:00,2,2,2232,1,1,8,7,Adresse_Inconnue,49.189315,2.984113
202300002980,5,8,2023,2025-12-05 19:55:00,1,10,10081,2,1,8,3,Jules Ferry (Rue),48.315,4.06078
202300002981,21,8,2023,2025-12-05 15:30:00,1,45,45316,1,1,1,1,D2060 Pr 60 + 265,47.934961,2.346737
202300002982,9,6,2023,2025-12-05 17:35:00,1,18,18126,1,1,1,5,Adresse_Inconnue,46.934455,2.402261
202300002983,19,10,2023,2025-12-05 17:07:00,1,44,44109,2,1,1,6,Rue Henri Iv,47.2164812,-1.5468106
202300002984,25,3,2023,2025-12-05 16:30:00,1,66,66222,2,1,1,6,15 Boulevard Des Pyrenees,42.549121,2.385347
202300002985,7,6,2023,2025-12-05 21:30:00,2,36,36120,1,1,1,6,Le Relais,46.68971218,1.89512014
202300002986,17,10,2023,2025-12-05 10:40:00,1,44,44114,2,1,1,2,87 Avenue De La Patouillerie,47.2452705,-1.58123304
202300002987,9,6,2023,2025-12-05 11:45:00,1,36,36140,1,1,1,7,Poudeau,46.879265,1.834559
202300002988,19,8,2023,2025-12-05 14:45:00,1,91,91461,1,9,1,3,D116D,48.593853,2.212533
202300002989,25,3,2023,2025-12-05 17:45:00,1,72,72381,2,1,1,7,Zone D Activite Za Actival Lieu Dit Les Clottees,47.944231,0.111681
202300002990,17,10,2023,2025-12-05 07:20:00,2,44,44162,2,6,1,6,277 Boulevard Marcel Paul,47.22949926,-1.63390338
202300002991,8,6,2023,2025-12-05 17:20:00,1,53,53043,1,1,1,7,Route Departementale 557,48.163037,-0.542922
202300002992,14,10,2023,2025-12-05 19:15:00,1,44,44143,2,1,1,7,28 Rue Du Lieutenant De Monti,47.18658072,-1.55722553
202300002993,23,8,2023,2025-12-05 05:50:00,2,91,91587,1,1,1,6,N 20,48.68862,2.28631
202300002994,9,6,2023,2025-12-05 05:25:00,2,24,24067,1,1,1,6,1173 Chemin De Nivelle,44.933727,0.914183
202300002995,25,3,2023,2025-12-05 20:40:00,3,60,60030,1,1,2,5,D927,49.367731,2.105942
202300002996,14,10,2023,2025-12-05 11:55:00,1,44,44162,2,3,8,6,46 Rue De La Porchellerie,47.22248552,-1.66763614
202300002997,8,6,2023,2025-12-05 01:00:00,3,24,24481,1,1,1,6,86 Route De La Coquille,45.481314,0.998206
202300002998,14,10,2023,2025-12-05 11:25:00,1,44,44109,1,6,8,6,Rond-Point Abel Durant,47.22107017,-1.6023926
202300002999,22,8,2023,2025-12-05 13:40:00,1,66,66140,1,1,1,1,Adresse_Inconnue,42.693073,2.757314
202300003000,8,6,2023,2025-12-05 21:10:00,2,4,4233,1,1,1,7,D4,44.275811,5.932446
202300003001,25,3,2023,2025-12-05 19:00:00,1,18,18270,1,1,1,3,Route De Farges,46.760841,2.378883
202300003002,22,8,2023,2025-12-05 09:00:00,1,66,66037,2,1,1,3,Adresse_Inconnue,42.70150063,3.0142504
202300003003,25,3,2023,2025-12-05 16:15:00,1,36,36016,2,1,1,6,Rue De L'Abbe Pigeaud,46.550463,1.156668
202300003004,9,6,2023,2025-12-05 17:00:00,1,4,4008,1,1,2,1,Rn 202,43.945218,6.689483
202300003005,13,10,2023,2025-12-05 13:00:00,1,44,44109,1,1,1,2,Pont De Chevire,47.19224239,-1.61349714
202300003006,21,8,2023,2025-12-05 23:20:00,3,84,84068,2,1,1,6,Route De Vaugines,43.767483,5.37019
202300003007,26,3,2023,2025-12-05 13:00:00,1,7,7343,1,6,1,6,Rond-Point Aerodrome D104,44.541005,4.351144
202300003008,6,6,2023,2025-12-05 12:00:00,1,85,85246,1,2,1,3,Intersection Rd52 Rd29,46.715628,-1.241927
202300003009,9,10,2023,2025-12-05 08:50:00,2,44,44109,2,1,1,3,546 Route De Saint Joseph,47.27682103,-1.51227741
202300003010,21,8,2023,2025-12-05 12:15:00,1,84,84054,1,1,1,6,D938,43.88382,5.041137
202300003011,4,10,2023,2025-12-05 06:20:00,2,44,44109,2,1,1,7,14 Rue Leon Maitre,47.21398575,-1.55315757
202300003012,26,3,2023,2025-12-05 19:30:00,2,85,85146,1,1,1,6,La Mussetiere,47.016012,-1.359569
202300003013,9,6,2023,2025-12-05 00:40:00,3,17,17032,1,1,9,7,Rue Des Rampots,46.050748,-0.958289
202300003014,4,10,2023,2025-12-05 12:25:00,1,44,44109,2,2,8,3,38 Rue Grande Biesse,47.20572266,-1.54879645
202300003015,23,8,2023,2025-12-05 22:10:00,3,84,84141,2,1,1,1,Route De Morieres,43.970411,4.896297
202300003016,8,6,2023,2025-12-05 12:00:00,1,37,37033,1,1,7,1,D725,46.83719942,0.89757442
202300003017,2,10,2023,2025-12-05 11:00:00,1,44,44109,2,1,8,7,15 Boulevard Emile Gabory,47.19624216,-1.53058731
202300003018,8,6,2023,2025-12-05 15:30:00,1,30,30227,2,1,1,2,Boulevard Du Portalet,44.26058,4.198081
202300003019,25,3,2023,2025-12-05 18:44:00,1,17,17448,1,2,1,3,Le Bois De La Coudree,45.977539,-0.75296
202300003020,21,8,2023,2025-12-05 17:35:00,1,83,83042,2,3,1,1,221 Route Des Mines,43.250212,6.52449
202300003021,3,10,2023,2025-12-05 07:40:00,5,44,44162,2,1,8,3,11 Avenue Des Thebaudieres,47.24410805,-1.60646591
202300003022,5,6,2023,2025-12-05 16:40:00,1,48,48128,1,1,1,7,Zi De Pont Archat,44.753484,3.283249
202300003023,4,6,2023,2025-12-05 21:00:00,2,31,31341,1,1,1,6,Route De Montaigut,43.727038,1.249647
202300003024,26,3,2023,2025-12-05 09:40:00,1,87,87017,1,9,2,3,Rn 145,46.132051,1.08622
202300003025,29,11,2023,2025-12-05 14:45:00,1,92,92040,2,3,1,3,Garibaldi (Boulevard),48.83153835,2.26721272
202300003026,22,8,2023,2025-12-05 03:55:00,5,83,83099,2,2,1,3,Dn7,43.452841,6.691312
202300003027,9,6,2023,2025-12-05 15:45:00,1,74,74014,1,1,2,3,D6,46.046682,6.616859
202300003028,5,11,2023,2025-12-05 00:06:00,3,13,13071,1,1,1,2,A55 - Sens Marseille Vers Martigues,43.39055,5.30239
202300003029,25,3,2023,2025-12-05 20:44:00,3,30,30061,1,1,1,6,Adresse_Inconnue,43.90677459,4.27398205
202300003030,30,9,2023,2025-12-05 08:30:00,1,44,44109,2,6,8,3,4 Place General Mellinet,47.21160702,-1.576663
202300003031,23,8,2023,2025-12-05 10:10:00,1,6,6134,2,1,1,6,Route Departementale 6085,43.766193,6.651288
202300003032,9,6,2023,2025-12-05 11:15:00,1,66,66172,2,1,1,6,Adresse_Inconnue,42.71548,2.849246
202300003033,29,9,2023,2025-12-05 18:40:00,1,44,44143,1,1,1,2,Adresse_Inconnue,47.15919636,-1.54560624
202300003034,22,8,2023,2025-12-05 22:50:00,3,6,6058,1,1,1,7,Route Departementale 6085,43.739445,6.767857
202300003035,6,6,2023,2025-12-05 08:28:00,1,80,80695,1,1,1,2,A2,50.02871,2.893267
202300003036,29,9,2023,2025-12-05 03:35:00,3,44,44215,1,1,8,6,Adresse_Inconnue,47.1821842,-1.50147447
202300003037,25,3,2023,2025-12-05 17:45:00,1,10,10256,1,1,8,6,Adresse_Inconnue,48.44084423,4.15622617
202300003038,24,8,2023,2025-12-05 12:00:00,1,5,5063,1,1,1,6,D1091,45.042427,6.271468
202300003039,9,6,2023,2025-12-05 11:30:00,1,974,97418,2,1,1,2,Rue Roger Payet,-20.909658,55.5097
202300003040,28,9,2023,2025-12-05 14:00:00,1,44,44109,2,2,8,6,Boulevard Francois Bruneau,47.2289363,-1.56216324
202300003041,26,3,2023,2025-12-05 01:30:00,4,971,97103,1,1,1,7,N1,16.254377,-61.552314
202300003042,18,9,2023,2025-12-05 17:45:00,1,44,44143,2,6,8,2,Rue De L'Ile Mace,47.1926166,-1.55450345
202300003043,8,6,2023,2025-12-05 04:55:00,3,13,13040,1,1,1,1,D6,43.479067,5.559345
202300003044,26,3,2023,2025-12-05 01:00:00,3,988,98808,1,1,1,6,College De Wani,-21.278433,165.615571
202300003045,28,9,2023,2025-12-05 08:40:00,1,44,44114,2,1,8,2,325 Route De Vannes,47.2471031,-1.60589084
202300003046,23,8,2023,2025-12-05 21:20:00,3,13,13066,1,1,1,1,D28,43.885676,4.912841
202300003047,8,6,2023,2025-12-05 16:20:00,1,95,95040,1,1,1,6,D14,49.11560117,1.86832488
202300003048,27,9,2023,2025-12-05 12:20:00,1,44,44109,2,1,8,3,81 Boulevard Jules Verne,47.23863287,-1.53202195
202300003049,21,8,2023,2025-12-05 16:00:00,1,38,38215,2,1,1,7,2274 Route Du Plan,45.605926,4.961934
202300003050,4,6,2023,2025-12-05 01:20:00,3,91,91041,1,1,1,2,Route Nationale 20,48.561613,2.226877
202300003051,25,9,2023,2025-12-05 09:35:00,1,44,44143,2,1,8,7,80 Rue Charles Riviere,47.17117585,-1.54329928
202300003052,24,3,2023,2025-12-05 22:20:00,3,971,97117,1,1,1,6,Route De La Houssaie,16.334868,-61.378609
202300003053,8,6,2023,2025-12-05 14:30:00,1,2B,2B084,1,1,1,7,Rd151,42.567214,8.883111
202300003054,18,9,2023,2025-12-05 14:30:00,1,44,44109,2,6,8,6,535 Route De Saint Joseph,47.2748123,-1.51388542
202300003055,21,8,2023,2025-12-05 07:20:00,1,1,1142,2,6,7,3,Rue Des Chartinieres,45.846129,5.065561
202300003056,18,9,2023,2025-12-05 18:15:00,1,44,44109,2,6,1,7,Boulevard Des Tribunes,47.24483254,-1.56136558
202300003057,9,6,2023,2025-12-05 15:20:00,1,66,66171,2,1,1,2,Adresse_Inconnue,42.6363332,3.00003737
202300003058,24,3,2023,2025-12-05 20:05:00,3,84,84105,1,1,1,1,D900,43.872031,5.449916
202300003059,22,8,2023,2025-12-05 10:45:00,1,69,69178,2,1,1,1,Le Bourg,45.705336,4.449157
202300003060,17,9,2023,2025-12-05 06:40:00,2,44,44109,2,1,8,6,Boulevard Jean Phillipot,47.21178393,-1.55626159
202300003061,8,6,2023,2025-12-05 19:15:00,1,30,30258,2,1,1,3,Rue Andre Gide,43.682895,4.437227
202300003062,17,9,2023,2025-12-05 04:31:00,5,44,44109,2,1,8,3,168 Rue Paul Bellamy,47.23022271,-1.56325373
202300003063,25,3,2023,2025-12-05 18:15:00,1,13,13030,1,1,1,2,D8N,43.272581,5.688075
202300003064,24,8,2023,2025-12-05 08:30:00,1,81,81105,2,3,1,6,Avenue De L'Europe,43.7649955,1.9952076
202300003065,16,9,2023,2025-12-05 10:30:00,1,44,44109,2,1,8,6,1 Rue General Buat,47.23373837,-1.53610223
202300003066,7,6,2023,2025-12-05 13:45:00,1,84,84049,1,9,1,3,D8,44.166891,4.968572
202300003067,23,8,2023,2025-12-05 14:30:00,1,65,65059,2,1,1,2,52 Rue Du General De Gaulle,43.069264,0.155772
202300003068,25,3,2023,2025-12-05 20:00:00,5,13,13041,2,3,1,3,Avenue Pierre Brossolette,43.455777,5.485201
202300003069,15,9,2023,2025-12-05 13:00:00,1,44,44109,2,1,1,2,Pont Eric Tabarly,47.21225865,-1.52904336
202300003070,19,8,2023,2025-12-05 18:44:00,1,31,31395,2,1,1,6,Adresse_Inconnue,43.475074,1.322957
202300003071,14,9,2023,2025-12-05 17:20:00,1,44,44109,2,1,8,7,27 Boulevard Pierre De Coubertin,47.22680474,-1.58532845
202300003072,9,6,2023,2025-12-05 19:25:00,1,71,71150,2,3,8,2,Rd906,46.241461,4.787062
202300003073,26,3,2023,2025-12-05 10:45:00,1,58,58160,2,1,3,7,Route De Saint-Baudiere,46.971029,3.115568
202300003074,14,9,2023,2025-12-05 09:10:00,1,44,44109,2,1,8,6,Boulevard Benoni Goullin,47.20165161,-1.5538891
202300003075,9,6,2023,2025-12-05 14:40:00,1,68,68247,1,1,1,7,D430 Route Des Cretes,47.943925,7.019357
202300003076,24,8,2023,2025-12-05 05:10:00,5,33,33042,2,1,1,6,24 Route De Bordeaux,44.510872,-0.790656
202300003077,13,9,2023,2025-12-05 11:05:00,1,44,44109,2,6,8,3,41 Rue Des Bourbonnieres,47.18768145,-1.52037935
202300003078,6,6,2023,2025-12-05 05:23:00,2,57,57242,1,1,1,6,D54,49.2759849,6.14397797
202300003079,21,8,2023,2025-12-05 23:40:00,4,49,49332,1,9,1,7,D63,47.1053676,-0.95367317
202300003080,11,9,2023,2025-12-05 12:00:00,1,44,44020,2,6,8,7,Rond-Point De La Pierre,47.18685922,-1.59773162
202300003081,9,6,2023,2025-12-05 02:40:00,3,81,81038,1,6,1,6,D968,43.876369,1.907544
202300003082,24,3,2023,2025-12-05 16:50:00,1,67,67118,2,2,1,5,74 Avenue Du General De Gaulle,48.580476,7.687013
202300003083,9,9,2023,2025-12-05 00:05:00,5,44,44190,2,6,8,3,Boulevard Des Pas Enchantes,47.20953615,-1.5096999
202300003084,8,6,2023,2025-12-05 14:50:00,1,65,65168,1,1,1,6,Vaenue Du Barege,42.885359,-0.01605
202300003085,21,8,2023,2025-12-05 06:15:00,2,49,49020,1,9,1,7,D523,47.468322,-0.622546
202300003086,9,9,2023,2025-12-05 07:50:00,1,44,44162,2,1,8,6,34 Boulevard Du Tertre,47.2157988,-1.60531607
202300003087,25,3,2023,2025-12-05 18:20:00,2,54,54437,1,1,1,1,Chemin De Pulligny,48.55228219,6.15912437
202300003088,7,9,2023,2025-12-05 14:20:00,1,44,44114,2,1,1,2,62 Avenue E La Paquelais,47.24816655,-1.60424029
202300003089,9,6,2023,2025-12-05 18:30:00,1,17,17058,2,3,1,3,Avenue Du General De Gaulle,45.850423,-1.15342
202300003090,23,8,2023,2025-12-05 08:35:00,1,22,22054,1,2,1,3,La Croix Rouge,48.600236,-2.461737
202300003091,2,9,2023,2025-12-05 11:15:00,1,14,14754,1,1,1,7,3105 Route De Touques,49.294254,0.018764
202300003092,9,3,2023,2025-12-05 09:50:00,1,73,73179,1,1,1,5,D1504,45.63526024,5.87237692
202300003093,22,8,2023,2025-12-05 18:30:00,1,80,80561,2,1,1,7,Chemin Du Fond D?Amiens,49.655294,2.570243
202300003094,7,6,2023,2025-12-05 16:40:00,1,33,33530,2,9,1,5,Avenue De Royan,45.102244,-0.541002
202300003095,5,9,2023,2025-12-05 20:49:00,1,44,44109,2,2,1,3,Boulevard De Doulon,47.22842837,-1.52626834
202300003096,8,6,2023,2025-12-05 18:45:00,1,85,85092,2,3,1,3,Rue Georges Clemenceau,46.466592,-0.80757
202300003097,4,9,2023,2025-12-05 19:10:00,1,44,44109,2,6,8,7,34 Rue Saint-Jacques,47.19705341,-1.54011151
202300003098,8,6,2023,2025-12-05 21:40:00,1,50,50041,2,1,1,6,Chemin Du Palis,49.701065,-1.841025
202300003099,27,12,2023,2025-12-05 18:15:00,5,33,33236,2,2,1,3,Route Du Moulin,44.790607,-1.139102
202300003100,21,8,2023,2025-12-05 18:06:00,1,13,13015,1,1,1,3,A515Cm-Sortie Gardanne/Bouc Bel Air,43.4303,5.3907
202300003101,7,6,2023,2025-12-05 11:40:00,1,56,56167,1,1,1,4,Adresse_Inconnue,47.66491,-2.898942
202300003102,26,8,2023,2025-12-05 05:30:00,2,44,44020,1,1,3,6,Route De Pornic,47.18173791,-1.60630591
202300003103,21,8,2023,2025-12-05 15:50:00,1,13,13071,1,1,1,2,A7-Sens Marseille Vers Lyon,43.41163,5.28306
202300003104,8,6,2023,2025-12-05 16:50:00,1,22,22179,1,1,1,7,D34,48.642529,-2.391779
202300003105,22,8,2023,2025-12-05 18:17:00,1,44,44114,2,1,8,6,307 Route De Vannes,47.24596029,-1.60300259
202300003106,16,8,2023,2025-12-05 18:00:00,1,13,13081,1,1,1,3,A7-Sens Lyon Vers Marseille,43.48638,5.24068
202300003107,9,6,2023,2025-12-05 13:15:00,1,22,22242,1,1,1,3,Departementale 52,48.598607,-2.425597
202300003108,21,8,2023,2025-12-05 16:35:00,1,44,44143,2,1,8,6,2 Rue Azucena Villaflor,47.19385482,-1.54680702
202300003109,10,8,2023,2025-12-05 12:15:00,1,62,62274,1,1,1,7,A21,50.42741,2.99112
202300003110,17,8,2023,2025-12-05 12:35:00,1,44,44162,2,6,8,7,86 Avenue De La Branchoire,47.21731467,-1.61206237
202300003111,8,6,2023,2025-12-05 13:14:00,1,22,22081,1,3,1,3,Rue De Brest,48.485126,-2.653998
202300003112,23,8,2023,2025-12-05 15:40:00,1,91,91553,1,1,1,2,Rn 104,48.63151,2.502724
202300003113,16,8,2023,2025-12-05 20:10:00,1,44,44190,2,1,1,3,2 Rue Des Acacias,47.19532597,-1.49391074
202300003114,21,8,2023,2025-12-05 21:08:00,3,91,91471,1,1,1,7,Rn 118,48.70143,2.19278
202300003115,6,6,2023,2025-12-05 08:45:00,1,60,60589,1,6,1,5,D1016,49.220666,2.467149
202300003116,11,8,2023,2025-12-05 13:01:00,1,44,44109,2,3,8,3,Rue De Manille,47.21943029,-1.53478702
202300003117,21,8,2023,2025-12-05 18:40:00,1,94,94038,1,1,1,3,A6B,48.78126141,2.34641715
202300003118,8,6,2023,2025-12-05 18:00:00,1,60,60487,1,1,1,7,Route Du Pont D'Aincourt,49.205619,1.724494
202300003119,10,8,2023,2025-12-05 18:30:00,1,44,44184,2,3,8,3,59 Rue Des Tisserands,47.25578319,-2.27127791
202300003120,9,6,2023,2025-12-05 00:31:00,5,59,59249,2,1,1,7,Rue Paul Lafargue,50.010921,4.044291
202300003121,21,8,2023,2025-12-05 07:51:00,1,92,92047,1,1,1,4,A13,48.83397544,2.16646875
202300003122,10,8,2023,2025-12-05 11:46:00,1,44,44109,2,1,1,2,88 Rue Paul Bellamy,47.22591658,-1.55967262
202300003123,6,6,2023,2025-12-05 16:15:00,1,59,59416,2,1,7,3,Rue Saint - Firmin,50.689314,2.511975
202300003124,9,8,2023,2025-12-05 18:10:00,1,44,44109,2,1,8,3,Rond-Point De Rennes,47.2333119,-1.56584948
202300003125,3,6,2023,2025-12-05 17:30:00,1,13,13071,1,1,1,3,A7-Sens Marseille Vers Lyon,43.41276369,5.28156774
202300003126,23,7,2023,2025-12-05 20:40:00,1,44,44109,2,1,1,3,32 Boulevard De La Beaujoire,47.25840765,-1.51722206
202300003127,19,8,2023,2025-12-05 23:19:00,3,78,78402,1,1,1,5,A13,48.96396,1.78224
202300003128,8,6,2023,2025-12-05 08:20:00,1,83,83144,1,2,1,3,A57,43.14204295,6.00614617
202300003129,1,10,2023,2025-12-05 10:45:00,1,39,39441,1,1,1,7,Adresse_Inconnue,46.419196,6.060109
202300003130,19,8,2023,2025-12-05 20:45:00,2,78,78242,1,1,1,2,Non Utilisee,48.807703,2.052858
202300003131,27,4,2023,2025-12-05 09:00:00,1,69,69204,1,1,1,5,Autoroute 450,45.68404,4.80436
202300003132,23,12,2023,2025-12-05 15:25:00,1,17,17283,1,2,1,3,D732,45.573114,-0.5844
202300003133,23,8,2023,2025-12-05 15:30:00,1,95,95582,1,1,1,6,A115,48.97957,2.24105
202300003134,1,8,2023,2025-12-05 07:20:00,1,44,44109,2,6,1,6,8 Rue Gaetan Rondeau,47.20663467,-1.53381318
202300003135,23,8,2023,2025-12-05 15:00:00,1,93,93064,1,1,1,6,Autoroute A103,48.88654,2.48272
202300003136,6,6,2023,2025-12-05 18:30:00,1,59,59128,1,1,1,6,Route Departementale 652,50.64749,2.97386
202300003137,23,8,2023,2025-12-05 00:45:00,3,93,93078,1,1,1,6,Autoroute A104,48.95843,2.5322
202300003138,26,5,2023,2025-12-05 17:00:00,1,59,59234,1,1,1,6,Autoroute A21,50.40410133,3.04635858
202300003139,29,7,2023,2025-12-05 19:15:00,1,44,44184,2,2,8,3,Avenue Francois Mitterrand,47.26933144,-2.22837657
202300003140,23,7,2023,2025-12-05 09:00:00,1,44,44109,2,1,8,7,39 Boulevard Robert Schuman,47.2352894,-1.56760163
202300003141,20,5,2023,2025-12-05 23:00:00,4,59,59360,1,1,1,6,Autoroute A25,50.62120001,3.01722068
202300003142,21,8,2023,2025-12-05 19:34:00,1,93,93053,1,1,1,3,Autoroute A3,48.89911818,2.46954739
202300003143,8,6,2023,2025-12-05 07:20:00,1,91,91216,1,1,1,3,Autoroute A6,48.68207,2.3299
202300003144,21,8,2023,2025-12-05 15:20:00,1,93,93066,1,1,1,5,Autoroute A1,48.92014931,2.35751688
202300003145,8,6,2023,2025-12-05 16:30:00,1,92,92036,1,1,1,2,A86,48.93540166,2.26544968
202300003146,22,7,2023,2025-12-05 15:25:00,1,44,44184,2,6,8,3,Rond-Point Oceanis,47.25720953,-2.26960302
202300003147,21,8,2023,2025-12-05 15:00:00,1,93,93066,1,1,1,2,Autoroute A1,48.91936344,2.35754643
202300003148,8,6,2023,2025-12-05 09:05:00,1,92,92064,1,1,1,2,A13,48.839082,2.21705493
202300003149,7,6,2023,2025-12-05 17:50:00,1,92,92072,1,1,1,3,N118,48.81757294,2.21630638
202300003150,21,8,2023,2025-12-05 14:30:00,1,94,94017,1,1,1,3,A4,48.83036016,2.49447745
202300003151,3,6,2023,2025-12-05 14:50:00,1,93,93010,1,1,1,7,Autoroute A3,48.90496696,2.47168528
202300003152,19,5,2023,2025-12-05 12:15:00,1,14,14366,2,1,1,6,30 Avenue Georges Pompidou,49.132324,0.225622