num_acc,jour,mois,an,hrmn,lum,dep,com,agg,int,atm,col,adr,lat,long
202300003153,7,6,2023,2025-12-05 12:40:00,1,93,93006,1,1,1,2,Autoroute A3,48.86690246,2.42530058
202300003154,26,5,2023,2025-12-05 11:50:00,1,26,26198,2,6,1,6,Saint Gervais (Route),44.55534,4.7588
202300003155,7,6,2023,2025-12-05 12:00:00,1,92,92036,1,1,1,2,Autoroute A86,48.93911152,2.30488793
202300003156,16,6,2023,2025-12-05 13:45:00,1,94,94044,2,1,1,6,Avenue Descartes,48.740086,2.488716
202300003157,7,6,2023,2025-12-05 07:50:00,1,95,95582,1,1,1,3,A15,48.96722733,2.25396317
202300003158,15,6,2023,2025-12-05 08:42:00,1,94,94074,2,1,1,3,Avenue Henri Barbusse,48.76796,2.44099
202300003159,7,6,2023,2025-12-05 08:00:00,1,93,93005,1,1,1,2,Autoroute A3,48.9288,2.48155
202300003160,6,6,2023,2025-12-05 17:20:00,1,95,95365,1,1,1,6,N104,49.05856,2.41969
202300003161,6,6,2023,2025-12-05 13:10:00,1,95,95306,1,1,1,5,A15,49.00261,2.17018
202300003162,16,6,2023,2025-12-05 12:10:00,1,94,94046,2,1,1,3,Avenue De La Republique,48.8045176,2.43789263
202300003163,6,6,2023,2025-12-05 12:15:00,1,95,95572,1,1,1,6,A15,49.03244,2.11163
202300003164,8,6,2023,2025-12-05 13:15:00,1,77,77363,1,1,1,6,A104,48.92971012,2.62822378
202300003165,16,6,2023,2025-12-05 19:50:00,1,94,94022,2,3,1,3,112 Boulevard De Stalingrad,48.77388047,2.39939904
202300003166,7,6,2023,2025-12-05 19:30:00,3,974,97416,1,9,1,6,Rn3 (1),-21.29231,55.51264
202300003167,7,6,2023,2025-12-05 10:45:00,1,974,97416,2,1,1,6,Rn3 (1),-21.330314,55.468924
202300003168,7,6,2023,2025-12-05 22:45:00,5,974,97411,2,1,1,6,Mace (Boulevard Gabriel),-20.8729,55.4476
202300003169,15,6,2023,2025-12-05 02:10:00,5,94,94022,2,9,1,3,Boulevard Des Allies,48.76055,2.40811
202300003170,15,6,2023,2025-12-05 23:00:00,5,94,94079,2,6,1,6,Avenue Du Lac,48.82612828,2.55773132
202300003171,7,6,2023,2025-12-05 18:30:00,5,974,97411,2,3,1,7,Stade De L'Est (Rue Du),-20.89434193,55.50003827
202300003172,7,6,2023,2025-12-05 19:35:00,5,974,97407,2,1,1,6,Verdun (Boulevard),-20.94181,55.29298
202300003173,18,6,2023,2025-12-05 09:15:00,1,92,92019,2,2,1,3,Thomas Albert (Avenue),48.76479,2.25996
202300003174,22,8,2023,2025-12-05 01:40:00,3,974,97416,1,1,1,6,Rn3 (1),-21.33126,55.4675
202300003175,7,6,2023,2025-12-05 16:40:00,1,973,97302,2,1,1,3,Baduel (Route De),4.93035202,-52.30482924
202300003176,7,6,2023,2025-12-05 12:10:00,1,973,97302,2,1,3,7,Madeleine (Route De La),4.92254026,-52.32331279
202300003177,18,8,2023,2025-12-05 22:35:00,5,974,97411,2,3,1,7,Brunet (Louis Et Auguste),-20.89127,55.48499
202300003178,7,6,2023,2025-12-05 09:05:00,1,972,97213,1,6,1,3,Route Departementale 3,14.64063,-60.99184
202300003179,7,6,2023,2025-12-05 01:19:00,5,972,97213,1,1,1,6,Route Departementale 15,14.644771,-61.010168
202300003180,21,8,2023,2025-12-05 10:05:00,1,974,97407,1,2,1,3,Carpaye(Avenue),-20.94866,55.29982
202300003181,7,6,2023,2025-12-05 15:40:00,1,972,97209,1,1,1,2,Rd 41 (Rocade),14.605,-61.087
202300003182,21,8,2023,2025-12-05 19:25:00,1,69,69384,2,1,1,3,19 Grande Rue De La Croix-Rousse,45.77725956,4.83221617
202300003183,20,8,2023,2025-12-05 04:20:00,3,971,97113,1,1,2,3,Rn4 - Section Riviera,16.21795,-61.49896
202300003184,6,6,2023,2025-12-05 08:40:00,1,972,97209,2,3,8,6,Ravine Vilaine (Chemin Departemental De),14.62677,-61.05973
202300003185,20,8,2023,2025-12-05 11:55:00,1,971,97113,1,9,2,4,Petit Havre (Secteur),16.2134,-61.42487
202300003186,12,2,2023,2025-12-05 09:45:00,1,974,97416,2,1,1,6,Salette (Chemin De La),-21.30711,55.49094
202300003187,21,8,2023,2025-12-05 20:00:00,2,2A,2A004,2,6,1,3,Sebastianu Costa Bd,41.94173158,8.74845386
202300003188,12,2,2023,2025-12-05 00:25:00,5,974,97409,2,1,1,6,Mascareignes (Avenue Des),-20.93764637,55.64671755
202300003189,21,8,2023,2025-12-05 19:05:00,1,95,95197,2,1,1,3,D928,48.96699,2.31753
202300003190,12,2,2023,2025-12-05 17:23:00,1,973,97302,2,1,1,7,Montabo (Route De) 1,4.94044106,-52.30196536
202300003191,21,8,2023,2025-12-05 17:20:00,1,95,95176,2,2,1,3,Saint Germain (Rue De),48.960958,2.189669
202300003192,12,2,2023,2025-12-05 18:10:00,1,69,69386,2,4,1,3,Boulevard Des Belges,45.77004,4.857
202300003193,21,8,2023,2025-12-05 20:23:00,1,91,91432,2,3,1,3,Av De La Cour De France,48.69535,2.33303
202300003194,11,2,2023,2025-12-05 05:10:00,5,972,97209,2,1,2,7,Aurelie Dicanot (Rue),14.6198538,-61.0675773
202300003195,21,8,2023,2025-12-05 10:10:00,1,83,83062,2,1,1,1,Musellier (Avenue Amiral),43.12891,6.0195
202300003196,12,2,2023,2025-12-05 13:15:00,1,95,95268,2,1,1,2,D125,48.975877,2.396192
202300003197,11,2,2023,2025-12-05 18:40:00,2,91,91223,2,1,1,7,Republique (Rue De La),48.43268,2.16822
202300003198,19,8,2023,2025-12-05 11:05:00,1,83,83126,2,3,1,3,Allende (Av. Salvador),43.08409129,5.88142276
202300003199,18,8,2023,2025-12-05 14:25:00,1,83,83129,2,1,1,5,Coudouliere (La),43.08876,5.81021
202300003200,11,2,2023,2025-12-05 20:20:00,3,77,77186,1,1,1,1,D116,48.47833,2.7437
202300003201,21,8,2023,2025-12-05 19:35:00,2,78,78650,2,2,7,3,Carnot (Boulevard),48.89792,2.11398
202300003202,11,2,2023,2025-12-05 11:15:00,1,77,77156,2,1,1,3,D403,48.270605,2.72938
202300003203,21,8,2023,2025-12-05 11:15:00,1,77,77305,2,1,1,6,Hugo (Rue Victor),48.384715,2.954216
202300003204,12,2,2023,2025-12-05 18:50:00,5,69,69286,2,1,1,6,Chemin De La Teyssonniere,45.81993,4.90794
202300003205,18,8,2023,2025-12-05 19:05:00,1,74,74298,2,1,1,4,Taninges (Route De ),46.18733,6.27162
202300003206,12,2,2023,2025-12-05 04:30:00,5,69,69266,2,3,1,2,Cours Andre Philip,45.77281,4.85973
202300003207,20,8,2023,2025-12-05 21:20:00,3,72,72181,2,1,1,2,Lefaucheux Pierre (Bd),47.96271,0.17708
202300003208,12,2,2023,2025-12-05 18:20:00,2,69,69259,2,1,1,3,26 Rue Andre Sentuc,45.70821,4.87176
202300003209,20,8,2023,2025-12-05 18:00:00,1,72,72181,2,1,1,6,Boulevard Des Italiens,47.95752,0.20809
202300003210,11,2,2023,2025-12-05 16:10:00,1,69,69029,2,1,1,6,3 Rue Lionel Terray,45.73014591,4.89081134
202300003211,21,8,2023,2025-12-05 13:25:00,1,71,71076,2,3,1,3,Saint Cosme (Quai),46.7753329,4.84595462
202300003212,12,2,2023,2025-12-05 22:45:00,5,59,59512,2,2,1,3,Motte (Avenue Alfred),50.67385,3.19307
202300003213,21,8,2023,2025-12-05 19:25:00,1,69,69282,2,2,1,6,Avenue Du Dauphine,45.76393,5.00526
202300003214,12,2,2023,2025-12-05 09:00:00,1,54,54096,1,1,1,7,52 (Route Nationale),49.44703,5.89307
202300003215,18,8,2023,2025-12-05 21:20:00,5,69,69199,2,1,1,1,1 Allee De L'Arsenal,45.71309095,4.85695016
202300003216,19,8,2023,2025-12-05 16:45:00,1,66,66136,1,6,1,3,Arcades (Rd Point),42.67361,2.88801
202300003217,12,2,2023,2025-12-05 14:30:00,1,45,45147,2,7,1,3,2 Place Jean Zay,47.93436,1.90332
202300003218,19,8,2023,2025-12-05 20:05:00,1,64,64140,2,2,1,1,Glize (Rue Raymond Et Marcel),43.52795,-1.47439
202300003219,12,2,2023,2025-12-05 14:30:00,1,45,45234,2,1,1,6,17 Boulevard Jean Jaures,47.90098,1.89333
202300003220,21,8,2023,2025-12-05 19:28:00,1,63,63113,2,1,1,6,Louverture (Rue Toussaint),45.79067,3.10788
202300003221,21,8,2023,2025-12-05 10:20:00,1,60,60057,2,1,1,6,Rue De Clermont,49.43207022,2.10149789
202300003222,12,2,2023,2025-12-05 01:15:00,5,45,45147,2,2,1,3,51 Rue Condorcet,47.92736,1.92493
202300003223,15,8,2023,2025-12-05 05:58:00,2,55,55545,2,4,1,3,Paris ( Avenue De ),49.15364271,5.35715058
202300003224,12,2,2023,2025-12-05 15:30:00,1,37,37261,2,2,1,6,Velpeau (Place),47.38661,0.70236
202300003225,20,7,2023,2025-12-05 09:20:00,1,55,55545,2,1,1,6,Avenue De L Europe,49.13249,5.304
202300003226,12,2,2023,2025-12-05 18:10:00,2,33,33529,1,1,1,2,Biscarosse (Ave) Dune Vers Bisca,44.58424,-1.20971
202300003227,21,8,2023,2025-12-05 09:30:00,1,54,54528,2,3,1,3,Rue Du Chaveau,48.68709,5.8953
202300003228,12,2,2023,2025-12-05 16:55:00,1,31,31555,2,1,1,2,Rue Saint Roch,43.57664,1.44852
202300003229,20,8,2023,2025-12-05 03:50:00,3,52,52121,2,1,1,6,General Giraud (Rue),48.10046,5.14119
202300003230,12,2,2023,2025-12-05 07:45:00,2,31,31555,2,1,1,4,Autoroute 620,43.59305,1.39837
202300003231,20,8,2023,2025-12-05 15:10:00,1,51,51454,2,2,1,3,Jaures (Avenue Jean) Du Ndeg 74 A Fin (Pai,49.26164,4.05105
202300003232,11,2,2023,2025-12-05 22:25:00,3,31,31565,1,1,1,2,D 8,43.0924,0.67946
202300003233,18,8,2023,2025-12-05 16:50:00,1,51,51454,2,1,1,4,Arnould (Boulevard Charles),49.26051,4.00898
202300003234,12,2,2023,2025-12-05 17:24:00,1,17,17306,2,1,1,6,Gardes,45.625968,-1.035163
202300003235,18,8,2023,2025-12-05 11:15:00,1,45,45004,1,1,1,4,D2060 Pr 28 + 739,47.96946,2.72815
202300003236,12,2,2023,2025-12-05 14:10:00,1,13,13117,1,1,1,5,Adresse_Inconnue,43.44488063,5.29863327
202300003237,21,8,2023,2025-12-05 12:15:00,1,43,43041,2,4,1,3,54 Avenue Pierre Farigoule,45.03535,3.93564
202300003238,12,2,2023,2025-12-05 20:40:00,5,13,13213,2,1,1,1,Notre Dame De Consolation,43.34047,5.42511
202300003239,10,8,2023,2025-12-05 19:10:00,1,42,42218,2,3,1,2,Boulevard Antonio Vivaldi,45.46948,4.40513
202300003240,12,2,2023,2025-12-05 02:00:00,5,13,13207,2,1,1,6,Corniche John Fitzgerald Kennedy,43.27662536,5.35785662
202300003241,20,8,2023,2025-12-05 11:50:00,1,34,34032,1,1,1,1,Route De Maureilhan,43.34638,3.153
202300003242,12,2,2023,2025-12-05 14:30:00,1,13,13202,2,1,1,2,Dunkerque  (Boulevard De),43.30556,5.36755
202300003243,21,8,2023,2025-12-05 15:45:00,1,33,33009,2,1,1,6,Golf (Ave Du),44.64546521,-1.18664682
202300003244,20,8,2023,2025-12-05 01:25:00,5,29,29019,2,1,1,6,Rue Pierre Brossolette,48.38269,-4.49183
202300003245,10,2,2023,2025-12-05 17:15:00,1,13,13215,2,1,1,3,Avenue Ibrahim Ali ( 1977-1995),43.34633,5.36609
202300003246,12,2,2023,2025-12-05 15:55:00,1,7,7316,1,9,1,6,Vivier (Chemin Du),44.88351,4.85051
202300003247,20,8,2023,2025-12-05 19:50:00,1,28,28134,2,3,7,3,Ferry (Bld Jules),48.7259,1.37343
202300003248,12,2,2023,2025-12-05 22:51:00,5,6,6088,2,2,1,3,Republique (Av. De La),43.705931,7.282965
202300003249,21,8,2023,2025-12-05 21:50:00,5,25,25462,2,3,1,3,Moulin Parnet Du,46.90701,6.3535
202300003250,21,8,2023,2025-12-05 15:35:00,1,25,25204,2,2,1,3,Pomone,46.92223,6.3445
202300003251,12,2,2023,2025-12-05 20:40:00,5,75,75113,2,2,1,3,Avenue D Italie,48.826188,2.357294
202300003252,11,2,2023,2025-12-05 16:45:00,1,974,97416,2,1,1,3,Joli-Fond (Chemin),-21.33009,55.47567
202300003253,19,8,2023,2025-12-05 14:00:00,1,19,19275,1,1,1,1,R.D. 1089 Nord,45.52993778,2.29736129
202300003254,21,8,2023,2025-12-05 20:20:00,1,14,14220,2,1,1,1,6 Chemin De Taux,49.348802,0.078156
202300003255,11,2,2023,2025-12-05 08:45:00,1,974,97411,1,3,1,3,Francois (Rue Georges),-20.89595,55.46581
202300003256,19,8,2023,2025-12-05 18:56:00,1,14,14333,1,1,1,3,Quai Saint Etienne,49.42853,0.27367
202300003257,3,2,2023,2025-12-05 11:30:00,1,973,97302,2,3,9,7,Baduel (Route De),4.92771,-52.29168
202300003258,21,8,2023,2025-12-05 19:55:00,1,13,13215,2,2,1,6,Ledru Rolli (Boulevard),43.34253332,5.35962152
202300003259,11,2,2023,2025-12-05 12:05:00,1,973,97302,2,1,1,3,14 Et 22 Juin 1962,4.9349861,-52.32736185
202300003260,21,8,2023,2025-12-05 18:10:00,1,13,13203,2,3,1,1,Felix Pyat (Rue),43.31660826,5.37419105
202300003261,11,2,2023,2025-12-05 17:30:00,1,69,69388,2,2,1,2,Avenue Paul Santy,45.73148,4.87388
202300003262,21,8,2023,2025-12-05 15:57:00,1,11,11069,2,1,1,1,Chemin De Montlegun,43.20521,2.37115
202300003263,11,2,2023,2025-12-05 17:30:00,2,69,69387,2,1,1,6,40 Avenue Tony Garnier,45.72660649,4.82535218
202300003264,20,8,2023,2025-12-05 12:19:00,1,10,10333,2,1,1,3,Tilleuls (Avenue),48.28272,4.06024
202300003265,19,8,2023,2025-12-05 11:24:00,1,6,6069,2,4,1,1,Semard (Avenue Pierre),43.656158,6.928975
202300003266,11,2,2023,2025-12-05 09:45:00,1,69,69383,2,2,1,3,49 Cours Eugenie,45.74538,4.88773
202300003267,16,8,2023,2025-12-05 00:55:00,3,6,6004,2,9,1,7,Rochat Av.Philippe,43.58742,7.11093
202300003268,10,2,2023,2025-12-05 19:30:00,3,971,97101,1,1,2,1,Amedee Abarre - Salle D'Asile (Rue),16.26136,-61.50533
202300003269,7,2,2023,2025-12-05 17:05:00,1,89,89024,2,1,1,6,Faidherbe (Rue),47.80099,3.56748
202300003270,22,8,2023,2025-12-05 08:35:00,1,75,75114,2,1,1,5,Porte D Orleans,48.820387,2.324441
202300003271,11,2,2023,2025-12-05 09:50:00,1,83,83137,2,1,1,6,Villevieille (Rond Point),43.12734,5.91803
202300003272,22,8,2023,2025-12-05 08:40:00,1,75,75114,2,1,1,2,Porte D Orleans,48.820274,2.324397
202300003273,10,2,2023,2025-12-05 18:05:00,2,83,83009,1,1,1,5,Beausset (Route Du),43.15798644,5.76503134
202300003274,22,8,2023,2025-12-05 19:25:00,1,75,75106,2,2,1,6,Rue De Rennes,48.848971,2.328739
202300003275,22,8,2023,2025-12-05 18:00:00,1,75,75120,2,1,1,3,Rue Orfila,48.867088,2.398014
202300003276,10,2,2023,2025-12-05 18:46:00,3,77,77518,1,1,1,5,D372,48.49221,2.58078
202300003277,11,2,2023,2025-12-05 06:15:00,5,77,77016,1,3,1,3,D40 / D40E,48.22575,2.70836
202300003278,22,8,2023,2025-12-05 07:45:00,1,75,75117,2,3,1,6,Rue Cardinet,48.889688,2.316683
202300003279,11,2,2023,2025-12-05 08:25:00,1,77,77014,2,2,1,6,Franklin Roosevelt (Avenue),48.41547,2.7203
202300003280,11,2,2023,2025-12-05 21:45:00,3,77,77013,1,1,8,6,D402,48.851449,3.09031
202300003281,19,8,2023,2025-12-05 14:30:00,1,75,75114,2,2,1,3,Boulevard Romain Rolland,48.819796,2.325761
202300003282,11,2,2023,2025-12-05 06:30:00,5,76,76108,2,2,1,3,Rue Jeanne D'Arc,49.45648,1.12275
202300003283,16,8,2023,2025-12-05 14:15:00,1,94,94080,2,9,1,3,D237,48.84114,2.43291
202300003284,22,8,2023,2025-12-05 16:25:00,1,94,94078,2,9,1,2,Av Du Pdt J Fitzgerald Kennedy,48.733506,2.462071
202300003285,11,2,2023,2025-12-05 00:35:00,5,69,69266,2,6,1,3,Rue De La Feyssine,45.78708414,4.88657367
202300003286,11,2,2023,2025-12-05 06:00:00,5,64,64348,2,3,1,3,Jean Mermoz,43.32084,-0.37897
202300003287,22,8,2023,2025-12-05 17:35:00,1,94,94042,2,9,1,3,Avenue Du General Gallieni,48.8201,2.47448
202300003288,11,2,2023,2025-12-05 12:30:00,1,64,64024,2,3,1,3,Biarritz (Avenue De),43.48016,-1.52077
202300003289,21,8,2023,2025-12-05 16:20:00,1,94,94037,1,1,1,6,Rue De La Div Du General Leclerc,48.81258,2.34931
202300003290,10,2,2023,2025-12-05 18:48:00,5,62,62040,2,9,1,2,D210,50.727029,2.293472
202300003291,10,2,2023,2025-12-05 20:20:00,5,62,62617,2,1,1,3,D937,50.48011,2.66397
202300003292,21,8,2023,2025-12-05 01:05:00,5,94,94041,2,2,1,3,Rue Jules Vanzuppe,48.819288,2.392584
202300003293,11,2,2023,2025-12-05 14:20:00,1,59,59599,2,3,8,1,Juin (Rue Du Marechal),50.73738085,3.18288356
202300003294,12,2,2023,2025-12-05 00:41:00,5,59,59560,2,1,1,6,Burgault Rue,50.54742641,3.04002643
202300003295,22,8,2023,2025-12-05 15:40:00,1,94,94034,2,2,1,3,Avenue De La Division Leclerc,48.761092,2.318407
202300003296,10,2,2023,2025-12-05 07:30:00,5,59,59271,2,4,5,3,Source - Allee,51.022136,2.31388
202300003297,21,8,2023,2025-12-05 11:38:00,1,94,94011,2,3,1,3,Avenue Des 28 Arpents,48.76530306,2.47660589
202300003298,11,2,2023,2025-12-05 11:00:00,1,56,56121,2,6,1,2,Belle-Fontaine (Rue  De La ),47.74521,-3.36598
202300003299,11,2,2023,2025-12-05 18:00:00,3,54,54395,2,1,1,3,Foller (Rue),48.68626,6.1936
202300003300,20,8,2023,2025-12-05 14:00:00,1,94,94028,2,1,1,4,Car De Pompadour,48.77243,2.43992
202300003301,11,2,2023,2025-12-05 18:40:00,5,54,54395,2,1,1,3,Liberation (Avenue De La),48.69293,6.16764
202300003302,21,8,2023,2025-12-05 10:45:00,1,94,94073,2,3,1,3,Rue Du Bas Marin,48.75294,2.38717
202300003303,11,2,2023,2025-12-05 19:28:00,5,49,49246,2,1,1,2,Gallieni Avenue,47.43622,-0.51837
202300003304,21,8,2023,2025-12-05 05:50:00,3,94,94060,1,1,1,6,Cuvette De Champlain,48.7897,2.5596
202300003305,11,2,2023,2025-12-05 20:50:00,5,45,45338,2,1,1,6,26 Rue Ambroise Pare,47.99761,2.71877
202300003306,22,8,2023,2025-12-05 16:24:00,1,94,94017,2,3,1,6,Avenue Du General De Gaulle,48.82041,2.48526
202300003307,25,10,2023,2025-12-05 21:40:00,3,95,95582,1,1,1,7,D170,48.96277555,2.26400971
202300003308,11,2,2023,2025-12-05 18:50:00,5,43,43157,2,4,1,3,17 Avenue Marechal Foch,45.040175,3.888289
202300003309,25,10,2023,2025-12-05 09:25:00,1,93,93001,1,1,2,6,Autoroute A86,48.92182484,2.37738132
202300003310,22,8,2023,2025-12-05 11:55:00,1,93,93059,2,2,1,4,Boulevard Charles De Gaulle /  Rue Etienne Dolet,48.966527,2.366147
202300003311,11,2,2023,2025-12-05 20:30:00,5,37,37233,2,1,1,3,Duclos (Avenue Jacques),47.37886,0.71604
202300003312,21,8,2023,2025-12-05 11:20:00,1,93,93072,2,3,1,3,Avenue De Stalingrad / Rue Francis Bazin,48.9594838,2.39865075
202300003313,24,10,2023,2025-12-05 23:55:00,3,95,95018,1,1,1,4,A15,48.96129,2.26923
202300003314,11,2,2023,2025-12-05 14:45:00,1,37,37261,2,1,1,3,Grammont (Avenue De),47.37641,0.69647
202300003315,22,8,2023,2025-12-05 08:35:00,1,93,93064,2,6,1,2,Rond Point De L'Europe / Rue Jules Ferry,48.87730355,2.47539173
202300003316,11,2,2023,2025-12-05 14:50:00,1,37,37261,2,2,1,3,Boyer (Rue Leon),47.39282,0.67236
202300003317,25,10,2023,2025-12-05 21:10:00,3,94,94081,1,1,1,3,A86,48.77391529,2.40417896
202300003318,21,8,2023,2025-12-05 19:20:00,1,93,93064,2,9,7,3,Boulevard D'Alsace-Lorraine,48.8847023,2.48308789
202300003319,11,2,2023,2025-12-05 11:30:00,1,37,37261,2,1,1,3,Pompidou (Avenue Georges),47.38374,0.71092
202300003320,25,10,2023,2025-12-05 16:40:00,1,94,94017,1,1,2,2,A4,48.82648029,2.52228801
202300003321,21,8,2023,2025-12-05 14:10:00,1,93,93064,2,1,1,1,Boulevard Gabriel Peri,48.87898274,2.47194555
202300003322,25,10,2023,2025-12-05 14:50:00,1,94,94079,1,1,8,2,A4,48.83529971,2.53838754
202300003323,11,2,2023,2025-12-05 08:20:00,1,37,37261,2,6,1,2,Rotonde (Rond-Point De La),47.38139,0.70682
202300003324,22,8,2023,2025-12-05 15:15:00,1,93,93055,2,1,1,3,Edouard Vaillant Du 1 A Fin.,48.903613,2.392063
202300003325,10,2,2023,2025-12-05 16:30:00,1,37,37261,2,3,1,2,Niessel (Avenue Du General),47.3652,0.69975
202300003326,25,10,2023,2025-12-05 06:20:00,3,94,94073,1,1,2,4,A86,48.75591137,2.38351111
202300003327,22,8,2023,2025-12-05 17:57:00,1,93,93050,2,9,1,5,Boulevard Du Marechal Foch,48.855551,2.526378
202300003328,11,2,2023,2025-12-05 10:40:00,1,33,33529,2,1,1,3,Parc Des Expositions (Ave Du),44.61174,-1.11995
202300003329,21,8,2023,2025-12-05 19:15:00,1,93,93048,2,1,1,6,Rue De Rosny,48.86855641,2.4606509
202300003330,21,8,2023,2025-12-05 01:10:00,5,69,69383,2,5,1,6,Rue Paul Bert,45.75691431,4.85128121
202300003331,11,2,2023,2025-12-05 17:10:00,1,28,28134,2,1,7,6,Ferry (Bld Jules),48.72553,1.37149
202300003332,22,8,2023,2025-12-05 16:30:00,1,93,93072,2,2,1,6,Boulevard Maxime Gorki / Rue Bege,48.95254,2.38475
202300003333,11,2,2023,2025-12-05 21:06:00,5,22,22278,2,1,1,6,Feval (Paul),48.51668,-2.7736
202300003334,19,8,2023,2025-12-05 18:00:00,1,69,69264,2,1,1,6,Rue Claude Vignard,45.99096,4.72532
202300003335,22,8,2023,2025-12-05 12:08:00,1,93,93027,2,1,1,3,Rue Emile Zola,48.92065944,2.38731484
202300003336,10,2,2023,2025-12-05 17:25:00,1,22,22278,2,2,1,3,Braille (Louis),48.50488,-2.75531
202300003337,20,8,2023,2025-12-05 00:00:00,5,69,69264,2,1,1,3,Route De Frans,45.98386,4.74721
202300003338,21,8,2023,2025-12-05 08:52:00,1,92,92063,2,1,1,2,Brossolette (Rue Pierre),48.88079843,2.18191338
202300003339,11,2,2023,2025-12-05 01:05:00,3,22,22187,1,9,1,7,D 6,48.54129687,-2.82120252
202300003340,21,8,2023,2025-12-05 15:10:00,1,92,92050,2,1,1,2,Joffre Marechal Avenue Du,48.88562098,2.19627022
202300003341,19,8,2023,2025-12-05 19:20:00,1,35,35238,2,1,1,6,Maniez (Avenue Jules),48.09864,-1.69709
202300003342,11,2,2023,2025-12-05 11:12:00,1,17,17274,2,1,1,3,Cimetiere   Avenue Du,46.16548,-1.11881
202300003343,22,8,2023,2025-12-05 08:20:00,1,92,92044,2,2,1,3,Ed.Vaillant(Rue) 37A45 Et 36A48,48.89363946,2.29113668
202300003344,11,2,2023,2025-12-05 05:05:00,5,13,13208,2,1,1,3,Prado (Avenue Du),43.26576,5.37972
202300003345,24,10,2023,2025-12-05 16:30:00,1,976,97611,2,1,1,3,Mamoudzou Centre-Republique (Place ),-12.78062,45.231227
202300003346,20,8,2023,2025-12-05 23:00:00,5,92,92040,2,9,1,3,Verdun (Avenue De) Du 152 Au 226,48.81877345,2.24412274
202300003347,10,2,2023,2025-12-05 14:00:00,1,13,13005,2,2,1,3,Espillieres (Chemin Des),43.28924,5.5725
202300003348,20,8,2023,2025-12-05 13:30:00,1,92,92035,2,9,7,3,National ( Boulevard ),48.90600025,2.23917603
202300003349,23,10,2023,2025-12-05 17:30:00,1,974,97416,2,1,1,6,Pere Maitre(Rue Du),-21.28598,55.46959
202300003350,11,2,2023,2025-12-05 02:05:00,5,13,13001,2,3,1,3,Bonaparte Napoleon(Av),43.52714785,5.44360897
202300003351,19,8,2023,2025-12-05 02:50:00,5,92,92026,2,2,1,3,Charras,48.89515,2.24999
202300003352,24,10,2023,2025-12-05 08:15:00,1,974,97411,2,1,1,2,Jaures (Bld 1 Jean),-20.8905,55.45936
202300003353,11,2,2023,2025-12-05 11:55:00,1,6,6088,2,2,1,6,Parmentier (R. Et Imp.),43.7138,7.25879
202300003354,21,8,2023,2025-12-05 09:30:00,1,92,92025,2,9,1,3,Henri Barbusse (Av),48.92002,2.25263
202300003355,11,2,2023,2025-12-05 04:20:00,5,6,6088,2,1,1,3,Arson (Rue),43.703063,7.288188
202300003356,23,10,2023,2025-12-05 17:25:00,2,974,97411,2,1,1,3,Mace (Route Gabriel),-20.92254,55.4948
202300003357,10,2,2023,2025-12-05 10:00:00,1,4,4112,2,1,1,6,Bret (Bd. M.),43.83732,5.78103
202300003358,22,8,2023,2025-12-05 16:50:00,1,92,92024,2,2,1,3,Clichy (Quai De) De (104 A 202),48.90848,2.30028
202300003359,12,2,2023,2025-12-05 03:35:00,5,75,75119,2,1,1,6,Bd Peripherique Exterieur,48.895385,2.394802
202300003360,22,8,2023,2025-12-05 06:00:00,3,11,11115,1,1,1,5,Route Departementale 118,43.353327,2.275516
202300003361,12,2,2023,2025-12-05 05:50:00,3,75,75116,2,1,1,3,Allee Des Fortifications,48.852714,2.259865
202300003362,24,10,2023,2025-12-05 12:45:00,1,973,97302,2,1,1,2,Route Nationale 3,4.9401391,-52.3195821
202300003363,22,8,2023,2025-12-05 19:45:00,1,50,50447,1,1,1,1,Route De La Sabotiere,48.807704,-1.507959
202300003364,12,2,2023,2025-12-05 07:40:00,2,75,75114,2,2,1,6,Rue D Alesia,48.830526,2.319263
202300003365,24,10,2023,2025-12-05 03:45:00,5,973,97302,1,9,1,7,Route Nationale 1,4.92067,-52.33003
202300003366,23,8,2023,2025-12-05 16:55:00,1,50,50616,1,1,1,1,N175,48.662935,-1.36591
202300003367,23,10,2023,2025-12-05 09:35:00,1,973,97302,2,3,1,3,Flamboyants (Rue Des),4.92588563,-52.31504381
202300003368,12,2,2023,2025-12-05 08:29:00,1,75,75110,2,2,8,3,Boulevard De Strasbourg,48.875498,2.357703
202300003369,22,8,2023,2025-12-05 23:00:00,5,56,56078,2,1,1,1,Rue Du Bas Pouldu,47.772304,-3.525007
202300003370,24,10,2023,2025-12-05 12:50:00,1,69,69386,2,2,2,3,Rue Montgolfier,45.77168,4.84678
202300003371,11,2,2023,2025-12-05 18:26:00,5,75,75108,2,2,1,2,Avenue Des Champs Elysees,48.870123,2.306497
202300003372,23,8,2023,2025-12-05 18:10:00,1,77,77321,2,3,1,1,Route De Sens,48.414968,3.2341
202300003373,24,10,2023,2025-12-05 17:46:00,1,69,69381,2,3,1,6,Place Tobie Robatel,45.76815,4.8313
202300003374,24,10,2023,2025-12-05 10:50:00,1,69,69152,2,1,3,7,Rue Henri Moissan,45.70944,4.82128
202300003375,12,2,2023,2025-12-05 11:20:00,1,94,94078,2,4,8,3,Rue De Paris / Pont Wilson,48.7356,2.4466