num_acc,jour,mois,an,hrmn,lum,dep,com,agg,int,atm,col,adr,lat,long
202300003376,22,8,2023,2025-12-05 16:30:00,1,76,76482,1,1,1,3,Route Departementale 925,49.88783564,1.0136075
202300003377,24,10,2023,2025-12-05 10:10:00,1,2B,2B033,2,1,2,6,Graziani - Bld,42.69072935,9.44905758
202300003378,12,2,2023,2025-12-05 19:20:00,5,94,94003,2,1,1,3,Avenue Paul Doumer,48.8061048,2.33737349
202300003379,23,8,2023,2025-12-05 09:35:00,1,2B,2B252,1,1,7,7,D506,42.438882,9.453746
202300003380,12,2,2023,2025-12-05 15:59:00,1,94,94018,2,1,1,6,Quai Des Carrieres,48.81834,2.41121
202300003381,24,10,2023,2025-12-05 13:40:00,1,971,97101,1,1,1,1,Route De Coma,16.27473,-61.47257
202300003382,23,8,2023,2025-12-05 07:40:00,1,2B,2B346,1,6,7,3,Terragliolo,42.508505,9.471561
202300003383,7,2,2023,2025-12-05 23:35:00,5,92,92063,2,9,1,6,Arts (Place Des),48.879995,2.183708
202300003384,23,8,2023,2025-12-05 14:30:00,1,2B,2B152,2,9,1,1,Santa Severa,42.887513,9.473144
202300003385,23,10,2023,2025-12-05 14:32:00,1,971,97101,1,1,1,4,Frederic Jalton,16.27488,-61.50328
202300003386,11,2,2023,2025-12-05 14:00:00,1,92,92051,2,1,1,3,"Victor Hugo (Boulevard, Ndeg 9 A 49 Et 16",48.88868,2.27748
202300003387,23,8,2023,2025-12-05 19:40:00,1,80,80373,2,2,1,3,111 Rue Charles De Gaulle,49.986483,1.55611
202300003388,13,2,2023,2025-12-05 08:40:00,1,9,9085,2,1,1,2,43 Avenue Noel Peyrevidal,42.917439,1.030698
202300003389,22,8,2023,2025-12-05 10:50:00,1,82,82018,1,1,1,6,Route De Cayrac,44.098434,1.506205
202300003390,24,10,2023,2025-12-05 07:40:00,5,2A,2A004,2,1,2,2,Bonaparte Charles  Bd,41.93094,8.74029
202300003391,11,2,2023,2025-12-05 18:20:00,2,34,34242,1,1,1,6,D1,43.77004,3.942933
202300003392,21,8,2023,2025-12-05 10:30:00,1,71,71157,2,2,1,3,Chemin De L?Ermitage,46.493063,5.390393
202300003393,24,10,2023,2025-12-05 08:20:00,1,95,95598,2,6,2,7,D144,48.995544,2.302403
202300003394,12,2,2023,2025-12-05 18:10:00,1,35,35126,1,1,1,1,D776,47.9954521,-1.797377
202300003395,21,8,2023,2025-12-05 21:00:00,3,49,49364,1,2,1,3,Rue Du Chateau,47.115198,-0.198664
202300003396,11,2,2023,2025-12-05 10:45:00,1,1,1090,1,2,7,2,D22,46.046102,5.184195
202300003397,20,8,2023,2025-12-05 18:30:00,1,47,47196,2,1,1,6,D813,44.32086815,0.34329505
202300003398,12,2,2023,2025-12-05 11:40:00,1,33,33327,2,1,1,1,Super U (Supermarche),44.655566,-0.366223
202300003399,21,8,2023,2025-12-05 11:54:00,1,22,22258,1,1,1,2,Saint Queneuc,48.428464,-2.631816
202300003400,13,2,2023,2025-12-05 11:43:00,1,71,71105,1,1,1,2,"Autoroute A6, Sens Paris/Lyon Pk388+080",46.31321494,4.79571193
202300003401,24,10,2023,2025-12-05 07:50:00,3,89,89387,1,1,6,6,Pont De Salcy,48.17077,3.27672
202300003402,11,8,2023,2025-12-05 10:10:00,1,44,44211,2,6,2,3,31 Rue Du Pinker,47.350963,-2.508557
202300003403,11,2,2023,2025-12-05 19:00:00,3,972,97207,1,1,1,2,Route Nationale 5,14.589497,-60.982651
202300003404,23,8,2023,2025-12-05 03:30:00,3,44,44169,1,1,1,6,65 Route De La Goulaine,47.228889,-1.410831
202300003405,13,2,2023,2025-12-05 11:29:00,1,63,63181,1,1,1,1,Rd 2144 Pr 16+100,46.03394,3.0788
202300003406,23,10,2023,2025-12-05 20:27:00,5,87,87085,2,1,1,1,Hopital (Rue De L'),45.82377,1.26348
202300003407,23,8,2023,2025-12-05 17:45:00,1,35,35095,1,1,7,6,D795,48.538892,-1.731729
202300003408,23,10,2023,2025-12-05 07:00:00,2,84,84007,2,1,1,3,Lavarin (Chemin Du ),43.92864,4.8044
202300003409,13,2,2023,2025-12-05 09:15:00,1,55,55242,1,9,5,7,A4,49.12781883,5.64316584
202300003410,19,8,2023,2025-12-05 17:05:00,1,35,35263,1,2,1,3,La Trinite,48.679004,-1.886076
202300003411,23,10,2023,2025-12-05 12:30:00,1,83,83137,2,1,1,1,Moulins (Ave Des De 18 A 23,43.14824,5.91364
202300003412,21,8,2023,2025-12-05 16:15:00,1,29,29160,1,3,1,7,Lieu Dit Croassant Ar Vugale,48.47504582,-4.46676701
202300003413,24,10,2023,2025-12-05 15:20:00,1,78,78440,2,2,1,3,Moliere (Rue),48.983816,1.915328
202300003414,18,1,2023,2025-12-05 18:10:00,5,35,35125,2,2,1,6,Rue Du Grand Mail,47.942053,-1.232609
202300003415,24,10,2023,2025-12-05 12:30:00,1,78,78498,2,2,1,1,Devaux Bd,48.93277,2.04967
202300003416,22,8,2023,2025-12-05 18:52:00,1,70,70216,1,1,1,1,2 Route De Saint Sauveur,47.791687,6.42861
202300003417,24,10,2023,2025-12-05 10:50:00,1,77,77350,1,3,1,2,D471,48.755223,2.704773
202300003418,22,8,2023,2025-12-05 20:40:00,2,6,6079,1,1,1,6,Avenue De Frejus,43.524243,6.905615
202300003419,9,10,2023,2025-12-05 18:09:00,1,77,77210,1,3,1,1,D210,48.418264,2.926764
202300003420,24,10,2023,2025-12-05 15:08:00,1,77,77445,2,3,1,3,Curie (Avenue Pierre Et Marie),48.60489,2.56682
202300003421,23,8,2023,2025-12-05 15:45:00,1,50,50216,1,4,1,1,Rue Du Haut Vernay,49.22808,-1.215663
202300003422,23,8,2023,2025-12-05 09:10:00,1,45,45258,2,1,7,6,D948 Pr 6 + 522,48.207812,2.470829
202300003423,23,8,2023,2025-12-05 18:45:00,1,10,10141,1,1,1,7,Rd70,48.044758,4.529409
202300003424,21,8,2023,2025-12-05 14:50:00,1,53,53188,2,3,1,3,Route De Pouance,47.792436,-1.065776
202300003425,21,8,2023,2025-12-05 21:40:00,3,87,87203,1,1,1,7,D82,45.627948,1.442237
202300003426,24,10,2023,2025-12-05 19:00:00,2,76,76212,2,2,1,3,Boulevard De La Paix,49.43793,1.14768
202300003427,23,8,2023,2025-12-05 05:00:00,3,30,30281,1,2,1,6,D22,43.883039,4.194031
202300003428,22,10,2023,2025-12-05 02:30:00,5,76,76351,2,1,1,1,Suede (Quai De),49.49214,0.13237
202300003429,21,8,2023,2025-12-05 17:43:00,1,48,48146,1,1,1,6,D986,44.426793,3.449063
202300003430,21,10,2023,2025-12-05 12:45:00,1,76,76351,2,3,2,6,Halles Centrales (Place Des),49.49118,0.10399
202300003431,23,8,2023,2025-12-05 16:00:00,1,72,72299,1,1,8,6,A28,47.890552,0.305387
202300003432,20,10,2023,2025-12-05 15:45:00,1,76,76351,2,2,1,1,Demidoff (Rue),49.4976,0.13621
202300003433,20,8,2023,2025-12-05 22:40:00,3,973,97307,1,1,1,2,Route Du Larivot,4.904887,-52.365818
202300003434,21,8,2023,2025-12-05 12:00:00,1,24,24086,2,3,1,3,Le Bourg D51,44.802082,1.133398
202300003435,23,10,2023,2025-12-05 13:10:00,1,72,72181,2,9,2,3,Patis Saint Lazare (Pl Du),48.00028,0.18214
202300003436,22,8,2023,2025-12-05 19:00:00,5,73,73237,1,1,1,3,A43 Pk 136.600,45.514597,6.307902
202300003437,22,8,2023,2025-12-05 11:00:00,1,30,30169,1,1,1,6,N113,43.792833,4.319167
202300003438,24,10,2023,2025-12-05 22:50:00,5,69,69264,1,3,1,6,Rue Charles Seve,45.97909,4.7424
202300003439,22,8,2023,2025-12-05 17:15:00,2,976,97616,1,3,2,3,Ccd5 ( Route De Tahiti Plage Direction Le Sud ),-12.85808,45.103233
202300003440,23,10,2023,2025-12-05 08:45:00,1,68,68056,1,1,8,1,Rd8B1 - Didenheim,47.72526,7.29895
202300003441,22,8,2023,2025-12-05 04:50:00,3,17,17379,1,1,1,7,A10,45.509776,-0.612933
202300003442,24,10,2023,2025-12-05 16:40:00,1,64,64445,2,1,1,3,Alsace Lorraine D',43.30272918,-0.36184877
202300003443,24,10,2023,2025-12-05 12:05:00,1,64,64445,2,3,1,3,Paix,43.3241,-0.37583
202300003444,12,10,2023,2025-12-05 18:45:00,1,64,64445,2,1,1,2,14 Juillet Du,43.287504,-0.380426
202300003445,24,10,2023,2025-12-05 17:50:00,1,62,62826,2,6,8,3,Avenue De Picardie,50.51724245,1.61028332
202300003446,25,10,2023,2025-12-05 00:15:00,5,62,62239,1,1,2,2,Boulevard Du Kent,50.937028,1.810175
202300003447,23,9,2023,2025-12-05 23:05:00,5,13,13212,1,1,1,2,A507 Sens Marseille - Aubagne,43.30362,5.42575
202300003448,24,10,2023,2025-12-05 12:20:00,1,62,62193,2,1,1,6,Louis Bleriot (Avenue),50.949586,1.862279
202300003449,23,9,2023,2025-12-05 23:15:00,3,69,69204,1,1,1,2,Autoroute 450,45.68597,4.80851
202300003450,19,9,2023,2025-12-05 07:55:00,1,67,67389,1,1,1,2,M35,48.64517,7.73265
202300003451,24,10,2023,2025-12-05 15:00:00,1,60,60175,2,7,7,6,Rue Georges Stephenson,49.26399,2.47001
202300003452,24,9,2023,2025-12-05 18:30:00,1,91,91345,1,1,1,3,Autoroute A6,48.68693,2.32584
202300003453,24,9,2023,2025-12-05 08:15:00,1,75,75113,1,1,1,6,A6B,48.816409,2.358981
202300003454,24,9,2023,2025-12-05 13:50:00,1,93,93078,1,1,1,3,Autoroute A104,48.96308,2.54946
202300003455,24,9,2023,2025-12-05 01:30:00,3,95,95424,1,1,1,6,A15,48.99281,2.18742
202300003456,23,10,2023,2025-12-05 17:25:00,1,60,60175,1,1,2,4,Rd 201,49.24584,2.45723
202300003457,23,9,2023,2025-12-05 21:35:00,3,93,93064,1,1,1,3,Autoroute A86,48.86352432,2.48282611
202300003458,23,9,2023,2025-12-05 21:30:00,3,95,95256,1,1,1,4,N184,49.05548348,2.20291972
202300003459,24,10,2023,2025-12-05 10:20:00,1,60,60057,2,9,1,3,Avenue Salvador Allende,49.44011,2.107
202300003460,23,9,2023,2025-12-05 18:40:00,1,93,93010,1,1,1,3,Autoroute A3,48.91734,2.47811
202300003461,24,9,2023,2025-12-05 15:00:00,1,94,94017,1,1,1,2,A4,48.82912282,2.4808934
202300003462,23,10,2023,2025-12-05 19:23:00,5,57,57221,2,1,3,6,Lorraine (Avenue De),49.32543,6.12165
202300003463,24,9,2023,2025-12-05 13:20:00,1,94,94017,1,1,1,2,A4,48.82650013,2.51586685
202300003464,23,9,2023,2025-12-05 03:25:00,3,94,94081,1,1,1,3,A86,48.77414959,2.40719183
202300003465,24,10,2023,2025-12-05 17:30:00,1,57,57412,2,1,1,2,Saint Symphorien (Boulevard ),49.11335,6.15643
202300003466,23,9,2023,2025-12-05 03:25:00,3,94,94081,1,1,1,6,A86,48.77414959,2.40719183
202300003467,21,10,2023,2025-12-05 13:41:00,1,57,57019,2,1,1,6,Casino (Rue Du),49.24302,6.13345
202300003468,22,9,2023,2025-12-05 20:35:00,3,77,77363,1,1,1,6,Rn104,48.91103973,2.63626412
202300003469,23,10,2023,2025-12-05 17:35:00,1,56,56098,2,6,2,7,Dix Huit Juin 1940 (Rond-Point Du),47.76291,-3.32868
202300003470,24,5,2023,2025-12-05 18:40:00,1,62,62826,2,2,1,3,Rue Saint-Amand,50.52162,1.58523
202300003471,23,9,2023,2025-12-05 18:30:00,5,973,97302,2,1,1,3,Montabo (Route De) 1,4.94274,-52.30597
202300003472,23,10,2023,2025-12-05 15:55:00,1,54,54395,2,1,1,2,Boufflers (Av. De 74 A 334 - 53 A 399),48.69038,6.15604
202300003473,22,9,2023,2025-12-05 15:45:00,1,69,69034,2,1,2,2,53 Montee De La Boucle,45.78090156,4.83995489
202300003474,24,10,2023,2025-12-05 10:05:00,1,51,51454,2,1,2,6,Chatelet (Rue Du),49.24235,4.03906
202300003475,23,9,2023,2025-12-05 11:04:00,1,2B,2B120,2,1,1,2,Lagune (Route De La) D107,42.64217,9.45988
202300003476,23,10,2023,2025-12-05 18:50:00,4,49,49007,2,2,1,7,Quinconce,47.46924,-0.54473
202300003477,22,9,2023,2025-12-05 18:30:00,2,971,97101,2,9,1,6,Chauvel,16.23878338,-61.5252158
202300003478,22,9,2023,2025-12-05 09:00:00,1,95,95555,2,1,2,6,Marechal Foch (Boulevard Du),48.9658,2.28391
202300003479,24,10,2023,2025-12-05 12:15:00,1,45,45147,2,1,1,2,87 Rue De Verdun,47.934762,1.909494
202300003480,23,9,2023,2025-12-05 21:55:00,5,91,91027,2,1,1,7,Rue Du General Koenig,48.71324,2.39973
202300003481,23,10,2023,2025-12-05 16:40:00,1,45,45147,1,1,2,2,206 Rue De Curembourg,47.938397,1.938415
202300003482,23,9,2023,2025-12-05 17:45:00,1,85,85191,2,1,1,7,217 Boulevard Du Marechal Leclerc,46.677929,-1.436481
202300003483,23,9,2023,2025-12-05 02:00:00,3,85,85191,1,1,1,6,Rd 948,46.67195893,-1.36069509
202300003484,24,10,2023,2025-12-05 07:10:00,3,44,44132,1,2,2,3,Route De Guerande,47.27967,-2.3023
202300003485,24,10,2023,2025-12-05 08:40:00,1,43,43089,2,1,2,6,46 Avenue De La Mairie,45.04559,3.86829
202300003486,23,9,2023,2025-12-05 13:00:00,1,83,83137,2,3,1,3,Joffre (Bd Marechal),43.12468237,5.95591839
202300003487,24,10,2023,2025-12-05 15:40:00,1,37,37261,2,1,1,2,Malraux (Quai Andre),47.39756,0.70053
202300003488,23,9,2023,2025-12-05 09:40:00,1,83,83137,2,1,1,4,Leclerc (Ave General),43.12563,5.92885
202300003489,24,10,2023,2025-12-05 18:55:00,1,35,35238,2,1,2,3,Bernard (Claude),48.10402,-1.69386
202300003490,23,9,2023,2025-12-05 17:00:00,1,83,83123,2,1,1,1,Tourelle (Chemin),43.13814,5.80482
202300003491,19,9,2023,2025-12-05 12:00:00,1,83,83123,2,1,1,6,Deuxieme Spahis (Avenue Du),43.1198561,5.80180103
202300003492,24,10,2023,2025-12-05 18:15:00,1,35,35051,2,6,3,3,Boulais (Avenue De La),48.12201,-1.62847
202300003493,23,9,2023,2025-12-05 20:20:00,4,83,83061,2,3,1,3,Avenue Du Quinzieme Corps,43.436889,6.740538
202300003494,23,9,2023,2025-12-05 17:00:00,1,78,78146,2,1,1,2,Pont De Chatou,48.888644,2.161283
202300003495,23,10,2023,2025-12-05 18:20:00,3,35,35238,2,1,2,2,Porte De St Nazaire,48.09608,-1.71169
202300003496,23,9,2023,2025-12-05 09:30:00,1,78,78146,2,1,1,2,Vesinet (Route Du),48.9036,2.14044
202300003497,24,10,2023,2025-12-05 08:00:00,5,33,33069,2,1,8,6,13 Boulevard Pierre 1Er,44.85456,-0.593
202300003498,23,9,2023,2025-12-05 06:30:00,3,78,78551,1,1,1,1,Rn 184,48.944159,2.095308
202300003499,23,10,2023,2025-12-05 21:00:00,5,33,33550,2,2,3,2,Route De Toulouse,44.78173938,-0.56597453
202300003500,23,9,2023,2025-12-05 20:30:00,3,77,77237,1,1,1,3,Jossigny (Chemin De),48.84544,2.74549
202300003501,24,10,2023,2025-12-05 15:55:00,1,31,31555,2,1,1,1,Paule De Viguie (Hopital),43.60636,1.40198
202300003502,23,9,2023,2025-12-05 22:40:00,4,76,76540,2,2,1,6,Rue De La Republique,49.44003,1.09732
202300003503,23,9,2023,2025-12-05 09:10:00,1,76,76486,1,1,2,7,Rue De La Gare,49.31975597,0.98916113
202300003504,24,9,2023,2025-12-05 01:40:00,4,72,72181,2,1,1,7,Arcole (Rue D') Ndeg Imp,48.00159,0.19224
202300003505,23,9,2023,2025-12-05 18:57:00,1,71,71306,2,2,1,3,8 Mai 1945 (Rue Du),46.67571027,4.36681598
202300003506,24,10,2023,2025-12-05 16:30:00,1,29,29232,2,3,2,3,144 Avenue De Ty Bos,47.97523,-4.06729
202300003507,23,10,2023,2025-12-05 17:30:00,1,28,28134,1,1,1,1,D152 (Vert En Drouais),48.74793,1.31689
202300003508,23,9,2023,2025-12-05 22:35:00,5,69,69266,2,1,1,2,Boulevard Laurent Bonnevay,45.78486,4.86416
202300003509,24,10,2023,2025-12-05 08:25:00,1,28,28218,2,1,1,6,Leclerc (Rue Du Marechal),48.43772,1.47236
202300003510,23,9,2023,2025-12-05 09:55:00,1,69,69266,2,1,1,3,Cours Emile Zola,45.76968,4.87881
202300003511,24,10,2023,2025-12-05 07:45:00,5,25,25462,2,1,3,2,Neuchatel (Avenue De),46.89961,6.36154
202300003512,23,9,2023,2025-12-05 07:05:00,2,69,69256,2,2,1,3,Boulevard Des Droits De L'Homme,45.76365,4.93325
202300003513,23,10,2023,2025-12-05 19:50:00,5,25,25031,2,1,3,3,Revolution De 1789 Avenue De La),47.49029,6.84033
202300003514,23,9,2023,2025-12-05 06:05:00,5,69,69266,2,2,1,3,Rue Hippolyte Kahn,45.76757,4.87581
202300003515,23,9,2023,2025-12-05 18:40:00,1,69,69290,2,1,1,2,Rue Aristide Briand,45.69077,4.93616
202300003516,24,10,2023,2025-12-05 21:30:00,5,25,25056,2,3,1,3,Dole Rue De (Inf 82),47.2338,6.007142
202300003517,23,9,2023,2025-12-05 12:56:00,1,64,64545,1,1,8,5,Rd810,43.36762,-1.68654
202300003518,16,10,2023,2025-12-05 17:35:00,1,22,22106,2,1,1,2,Baudet J.M (Rue,48.496733,-2.722431
202300003519,19,9,2023,2025-12-05 16:00:00,1,62,62510,1,1,1,7,D58,50.42236755,2.77394485
202300003520,24,10,2023,2025-12-05 10:50:00,1,22,22278,2,1,1,6,Combat-Des-Trente (Du),48.51054,-2.75806
202300003521,23,9,2023,2025-12-05 23:15:00,5,59,59090,2,6,1,6,Wambrechies (Avenue),50.7039,3.0834
202300003522,23,9,2023,2025-12-05 17:46:00,1,59,59650,2,6,7,6,Albert Ter (Rue),50.69294,3.20557
202300003523,23,10,2023,2025-12-05 19:35:00,5,22,22113,2,1,1,7,Trebeurden (Route De),48.7384,-3.4675
202300003524,23,9,2023,2025-12-05 10:30:00,1,59,59350,2,1,1,6,Rue Gosselet,50.62,3.065
202300003525,24,9,2023,2025-12-05 02:40:00,5,59,59183,2,1,1,6,Caulier Alfred,51.03292267,2.35862881
202300003526,23,9,2023,2025-12-05 16:25:00,1,54,54547,2,1,1,6,Peri (Rue Gabriel),48.6648,6.17475
202300003527,23,10,2023,2025-12-05 22:25:00,5,14,14118,2,9,1,7,29 Boulevard Bertrand,49.180358,-0.368801
202300003528,23,9,2023,2025-12-05 13:20:00,1,49,49007,2,1,7,2,Birge Boulevard,47.47509,-0.51991
202300003529,24,10,2023,2025-12-05 18:30:00,1,13,13213,2,1,1,3,Olives (Avenue Des),43.32584,5.44061
202300003530,23,9,2023,2025-12-05 19:45:00,1,44,44162,2,6,1,3,155 Boulevard Salvador Allende,47.219899,-1.623954
202300003531,22,9,2023,2025-12-05 17:00:00,1,41,41295,2,1,1,1,Chambord (Route De),47.57707,1.40509
202300003532,24,10,2023,2025-12-05 15:55:00,1,13,13204,2,6,1,3,Albe (Rue),43.31363,5.40647
202300003533,23,9,2023,2025-12-05 13:30:00,1,35,35238,2,3,1,3,Fougeres (Rue De),48.12350356,-1.65964097
202300003534,24,9,2023,2025-12-05 00:30:00,5,33,33063,2,9,1,6,Rue Du Chateau D'Eau,44.83693,-0.58264
202300003535,24,10,2023,2025-12-05 15:10:00,1,13,13209,2,1,1,6,Jean Bouin (Avenue),43.267145,5.403112
202300003536,23,9,2023,2025-12-05 21:40:00,5,33,33063,2,5,1,3,Quai De Bacalan,44.86033,-0.55364
202300003537,22,9,2023,2025-12-05 23:45:00,5,33,33281,2,4,1,3,Avenue De La Marne,44.8354,-0.6264
202300003538,23,10,2023,2025-12-05 17:15:00,1,13,13047,2,2,1,3,Jean Lebas Avenue,43.51505,4.98658
202300003539,22,9,2023,2025-12-05 19:35:00,2,33,33063,2,1,1,6,Cours Du Medoc,44.86371,-0.57324
202300003540,22,9,2023,2025-12-05 15:10:00,1,31,31483,2,1,1,2,Avenue De L'Isle,43.109305,0.725632
202300003541,24,10,2023,2025-12-05 04:45:00,3,13,13047,1,1,2,5,Rd 569,43.55753,4.97574
202300003542,24,9,2023,2025-12-05 01:50:00,3,29,29232,1,1,1,6,Avenue De Kerrien,47.99595,-4.14607
202300003543,23,9,2023,2025-12-05 19:00:00,1,27,27681,2,9,1,3,Mendes France (Avenue Pierre),49.0895,1.48221
202300003544,24,10,2023,2025-12-05 04:30:00,3,3,3321,2,2,2,3,Rue Parmentier,46.558354,3.350463
202300003545,23,9,2023,2025-12-05 09:53:00,1,21,21054,2,1,1,6,Foch (Boulevard Marechal),47.02776552,4.83748408
202300003546,23,9,2023,2025-12-05 02:25:00,3,18,18255,1,1,1,3,Adresse_Inconnue,47.00477,2.29795
202300003547,23,10,2023,2025-12-05 11:15:00,1,3,3101,2,9,1,6,Rue Andre Messager,46.361323,2.534919
202300003548,22,9,2023,2025-12-05 23:50:00,3,14,14557,2,1,1,7,Avenue Michel D'Ornano,49.345209,0.084113
202300003549,23,9,2023,2025-12-05 00:58:00,5,14,14220,2,1,1,7,1 Boulevard Mauger,49.359226,0.080676
202300003550,23,9,2023,2025-12-05 20:44:00,5,13,13202,2,1,6,3,Arenc (Quai D'),43.313,5.366
202300003551,24,10,2023,2025-12-05 14:45:00,1,75,75119,2,1,1,2,Porte Des Lilas,48.878061,2.408447
202300003552,22,9,2023,2025-12-05 09:30:00,1,13,13215,2,1,1,2,Gare (Boulevard De La),43.35728,5.36659
202300003553,22,9,2023,2025-12-05 14:30:00,1,13,13204,2,3,1,2,Chutes Lavi (Avenue),43.31514102,5.39777399
202300003554,24,10,2023,2025-12-05 10:20:00,1,75,75117,2,1,1,5,Porte De Champerret,48.885193,2.287302
202300003555,23,9,2023,2025-12-05 20:30:00,3,11,11069,2,3,1,3,14 Rue Bertrand Lamourelle,43.21652,2.34309
202300003556,24,10,2023,2025-12-05 07:50:00,2,75,75117,2,4,2,3,Porte De Champerret,48.884068,2.285102
202300003557,22,9,2023,2025-12-05 17:57:00,1,11,11069,2,3,1,3,24 Avenue De La Fajeolle,43.22789,2.38407
202300003558,24,9,2023,2025-12-05 02:21:00,5,10,10387,2,1,1,7,General De Gaulle (Rue Du),48.29865,4.07306
202300003559,23,9,2023,2025-12-05 17:15:00,1,6,6069,2,1,1,6,Renoir (Avenue Auguste),43.68144,6.96793
202300003560,23,9,2023,2025-12-05 07:40:00,1,6,6069,1,1,1,7,Route De Plascassier,43.652368,6.950107
202300003561,23,10,2023,2025-12-05 05:05:00,5,75,75115,2,2,1,3,Rue De La Porte D Issy,48.834288,2.283936
202300003562,18,9,2023,2025-12-05 15:25:00,1,4,4112,2,1,1,7,Pimayon(Chemin De),43.853,5.81882
202300003563,24,10,2023,2025-12-05 10:10:00,1,75,75119,2,3,1,3,Rue De Meaux,48.882208,2.374499
202300003564,22,9,2023,2025-12-05 23:52:00,5,75,75105,2,2,1,6,Rue Saint Jacques,48.849587,2.344885
202300003565,22,9,2023,2025-12-05 03:30:00,5,75,75105,2,2,1,6,Rue Lagrange,48.852339,2.348251
202300003566,23,10,2023,2025-12-05 11:50:00,1,75,75117,2,1,2,6,Rue Camille Blaisot,48.899598,2.328735
202300003567,24,10,2023,2025-12-05 15:45:00,1,75,75114,2,2,1,6,Rue D Alesia,48.831816,2.314141
202300003568,22,9,2023,2025-12-05 20:23:00,5,75,75116,2,3,1,3,Avenue Georges Mandel,48.863246,2.285287
202300003569,23,10,2023,2025-12-05 19:45:00,5,75,75114,2,3,2,3,Rue Froidevaux,48.835411,2.329298
202300003570,23,9,2023,2025-12-05 15:57:00,1,75,75112,2,2,1,3,Porte Doree,48.835358,2.406601
202300003571,23,9,2023,2025-12-05 04:00:00,5,75,75111,2,2,1,3,Avenue Parmentier,48.86164568,2.37732813
202300003572,24,10,2023,2025-12-05 08:00:00,1,75,75113,2,1,2,6,Rue Du Dessous Des Berges,48.826045,2.374758
202300003573,23,9,2023,2025-12-05 00:34:00,5,75,75111,2,2,1,3,Rue Oberkampf,48.864356,2.371522
202300003574,24,10,2023,2025-12-05 00:50:00,5,75,75112,2,2,1,6,Rue Cannebiere,48.837736,2.39727
202300003575,23,9,2023,2025-12-05 16:35:00,1,75,75110,2,2,1,3,Boulevard De Magenta,48.874808,2.357436
202300003576,23,9,2023,2025-12-05 00:23:00,5,75,75110,2,2,1,1,Rue Alibert,48.871026,2.36592
202300003577,24,10,2023,2025-12-05 14:40:00,1,75,75111,2,3,1,3,Rue Popincourt,48.858554,2.376491
202300003578,23,9,2023,2025-12-05 09:47:00,1,75,75107,2,2,1,3,Quai D Orsay,48.862828,2.313424
202300003579,24,10,2023,2025-12-05 19:10:00,5,75,75110,2,1,1,6,Rue Du Faubourg Saint Martin,48.87678,2.361027
202300003580,23,9,2023,2025-12-05 16:00:00,1,94,94068,2,1,1,3,Boulevard De Creteil,48.79838737,2.47564955
202300003581,23,9,2023,2025-12-05 22:40:00,5,94,94079,2,3,1,6,Route De Champigny,48.82676386,2.5367783
202300003582,23,9,2023,2025-12-05 13:25:00,1,94,94075,2,1,1,2,Rue De Mandres,48.71685,2.53688
202300003583,24,10,2023,2025-12-05 15:50:00,1,75,75110,2,4,1,3,Place De La Republique,48.867954,2.362365
202300003584,23,9,2023,2025-12-05 14:23:00,1,93,93031,2,1,1,3,Route De Saint-Leu,48.95453809,2.33439597
202300003585,23,10,2023,2025-12-05 16:49:00,1,75,75109,2,1,2,6,Rue D Amsterdam,48.879153,2.327001
202300003586,22,9,2023,2025-12-05 12:25:00,1,93,93031,2,3,1,3,Route De Saint-Leu / Rue Jules Ferry,48.95524683,2.33336815
202300003587,22,9,2023,2025-12-05 22:13:00,5,93,93029,2,1,1,3,Rue Anatole France,48.92770825,2.45166628
202300003588,24,10,2023,2025-12-05 08:40:00,1,75,75108,2,2,1,3,Rue De Madrid,48.87877,2.322262
202300003589,23,9,2023,2025-12-05 13:10:00,1,93,93010,2,1,1,3,Rue Auguste Polissard,48.905179,2.48034
202300003590,24,10,2023,2025-12-05 09:05:00,1,75,75103,2,3,1,6,Rue Beaubourg,48.865212,2.355681
202300003591,23,9,2023,2025-12-05 18:57:00,1,92,92024,2,1,1,6,Henri Barbusse (Rue) De (1 A 73)   (2 A,48.89879609,2.30335683
202300003592,22,10,2023,2025-12-05 20:00:00,5,94,94081,2,1,8,6,Avenue Du Moulin De Saquet,48.791056,2.381348
202300003593,23,9,2023,2025-12-05 15:20:00,1,92,92012,2,1,1,1,Vieux Pont De Sevres (Rue Du) 157/Fin -,48.8311,2.24106
202300003594,22,9,2023,2025-12-05 17:25:00,1,40,40261,1,9,8,3,A63,43.694663,-1.232046
202300003595,23,9,2023,2025-12-05 12:45:00,1,37,37116,1,1,1,7,Les Corbinieres,47.67885262,0.73168945
202300003596,24,10,2023,2025-12-05 18:30:00,2,94,94073,1,1,1,3,D86,48.75529,2.38579
202300003597,23,9,2023,2025-12-05 21:25:00,5,95,95313,2,1,1,6,D64,49.112418,2.215144
202300003598,23,9,2023,2025-12-05 20:45:00,5,95,95313,2,2,1,6,D64,49.112889,2.213359
202300003599,23,10,2023,2025-12-05 20:15:00,5,94,94033,2,9,2,3,Avenue De Neuilly,48.84766,2.48791
202300003600,22,9,2023,2025-12-05 13:00:00,1,49,49092,1,1,1,6,La Croix Blanche (Valanjou),47.240412,-0.591797
202300003601,23,9,2023,2025-12-05 18:00:00,1,31,31186,2,1,1,2,Impasse Du Mariel,43.678859,1.423957
202300003602,24,9,2023,2025-12-05 10:30:00,1,972,97214,1,1,1,6,Chemin Bon Repos,14.829708,-61.082903