num_acc,jour,mois,an,hrmn,lum,dep,com,agg,int,atm,col,adr,lat,long
202300003603,24,9,2023,2025-12-05 13:25:00,1,41,41161,1,1,1,6,"A71, Pk 145.050, Sens Paris - Province",47.521142,2.005692
202300003604,19,10,2023,2025-12-05 15:00:00,1,94,94028,2,9,1,6,Route De Choisy,48.787569,2.450744
202300003605,24,9,2023,2025-12-05 02:18:00,3,28,28158,1,1,5,5,D921,48.410332,1.422729
202300003606,24,10,2023,2025-12-05 11:37:00,1,94,94011,2,9,1,2,Avenue De La Convention,48.76631,2.48784
202300003607,24,10,2023,2025-12-05 06:50:00,5,94,94028,2,1,2,4,Route De La Pompadour,48.76623,2.47414
202300003608,24,9,2023,2025-12-05 15:00:00,1,14,14579,1,1,1,5,A84,49.05023255,-0.72840141
202300003609,24,9,2023,2025-12-05 07:00:00,3,44,44098,1,1,1,2,Adresse_Inconnue,47.483253,-2.195415
202300003610,23,10,2023,2025-12-05 22:05:00,5,94,94022,2,9,2,3,Boulevard De Stalingrad,48.77284,2.4001
202300003611,23,9,2023,2025-12-05 02:02:00,3,30,30151,1,1,1,6,Adresse_Inconnue,44.160672,4.350843
202300003612,9,9,2023,2025-12-05 08:55:00,1,19,19270,2,1,1,2,Route De La Megie,45.38574,1.466889
202300003613,24,9,2023,2025-12-05 20:20:00,3,56,56140,1,1,1,6,Le Clehic,47.936159,-2.783909
202300003614,24,10,2023,2025-12-05 12:20:00,1,93,93073,2,2,1,3,Avenue Henri Barbusse / Sixieme Avenue,48.96318,2.57014
202300003615,24,9,2023,2025-12-05 05:11:00,3,76,76196,1,1,1,6,Route De Cuverville,49.648851,0.262443
202300003616,23,9,2023,2025-12-05 15:45:00,1,79,79130,1,1,1,5,Adresse_Inconnue,46.244614,-0.509126
202300003617,23,9,2023,2025-12-05 08:30:00,1,2A,2A031,1,1,1,6,Lieu Dit Vignola,41.94565786,8.98900538
202300003618,23,10,2023,2025-12-05 20:45:00,5,93,93072,2,3,2,1,Boulevard Maxime Gorki / Rue Salvador Allende,48.94661,2.38647
202300003619,23,9,2023,2025-12-05 19:30:00,1,32,32235,1,1,1,7,Route Departementale Ndeg20 Pk 9+530,43.73067,0.122051
202300003620,22,9,2023,2025-12-05 16:02:00,1,71,71380,1,1,1,7,Route Des Repots,46.690855,5.399662
202300003621,23,10,2023,2025-12-05 16:27:00,1,93,93013,2,5,1,3,Rue Anizan Cavillon / Avenue De La Division Leclerc,48.93494,2.4258
202300003622,10,9,2023,2025-12-05 16:45:00,1,61,61464,2,1,1,3,D42E,48.597742,0.170819
202300003623,24,10,2023,2025-12-05 19:00:00,5,93,93057,2,1,1,3,Boulevard De Paris,48.914376,2.494038
202300003624,24,9,2023,2025-12-05 01:30:00,3,42,42011,1,1,1,6,Chemin Du Gour Janot,45.827289,4.157188
202300003625,24,9,2023,2025-12-05 17:15:00,1,46,46017,1,3,1,7,Lieu Dit Lasbourrines,44.818198,1.898457
202300003626,24,10,2023,2025-12-05 15:45:00,1,93,93001,2,1,2,6,Rue Danielle Casanova,48.918558,2.392777
202300003627,23,9,2023,2025-12-05 23:15:00,5,46,46029,2,3,1,2,66 Avenue De La Republique,44.923996,1.843557
202300003628,24,10,2023,2025-12-05 11:40:00,1,93,93001,2,1,1,6,Rue Bordier,48.903334,2.387281
202300003629,24,10,2023,2025-12-05 10:15:00,1,92,92075,2,1,1,6,Victor Hugo (Avenue),48.82558,2.29265
202300003630,23,9,2023,2025-12-05 12:05:00,1,44,44137,1,2,1,3,80 Le Rocher,47.378759,-2.007397
202300003631,24,10,2023,2025-12-05 17:40:00,1,92,92063,2,6,1,3,Montbrison (Rue Du Lieutenant Colonel De,48.85817465,2.19394684
202300003632,23,9,2023,2025-12-05 18:10:00,1,29,29217,1,2,1,3,Ker Eol,47.865872,-3.764126
202300003633,23,9,2023,2025-12-05 20:40:00,3,26,26337,1,1,1,2,Rn7,44.71555957,4.8037976
202300003634,23,10,2023,2025-12-05 10:30:00,1,92,92036,2,2,1,7,Laurent Cely (Avenue) (1/143),48.91734414,2.30747348
202300003635,24,9,2023,2025-12-05 15:00:00,1,50,50158,1,1,1,7,D911,48.720669,-1.090822
202300003636,24,9,2023,2025-12-05 06:39:00,2,83,83083,1,1,1,6,Rd 22 Pk 20.762,43.467194,6.114144
202300003637,24,9,2023,2025-12-05 09:50:00,1,60,60303,1,2,1,3,Rue De La Maladrerie,49.63514446,1.87673615
202300003638,22,9,2023,2025-12-05 19:00:00,3,54,54411,1,3,1,3,D6,48.48652116,6.1874941
202300003639,22,9,2023,2025-12-05 18:09:00,1,18,18057,1,2,1,3,Adresse_Inconnue,46.554316,2.18681
202300003640,24,10,2023,2025-12-05 18:00:00,2,2A,2A348,1,1,8,1,Rd70,42.15895,8.77327
202300003641,23,9,2023,2025-12-05 18:05:00,2,43,43137,2,4,1,3,47 Avenue De La Liberation,45.289703,4.170071
202300003642,13,7,2023,2025-12-05 10:55:00,1,58,58194,2,3,1,6,Hoche,46.98928,3.15932
202300003643,24,9,2023,2025-12-05 15:30:00,1,7,7207,2,1,1,3,450 Avenue Pasteur,44.427545,4.303111
202300003644,12,7,2023,2025-12-05 11:49:00,1,56,56098,2,2,1,3,Croizat ( Ave Ambroise ),47.77441,-3.34661
202300003645,11,7,2023,2025-12-05 11:30:00,1,54,54395,2,1,1,6,Rue De Boudonville,48.69762,6.1593
202300003646,24,9,2023,2025-12-05 09:40:00,1,7,7162,2,1,1,3,10 Route De Sanilhac,44.527762,4.292237
202300003647,25,10,2023,2025-12-05 07:40:00,2,66,66015,1,1,1,5,A9,42.57696,2.844515
202300003648,23,9,2023,2025-12-05 03:05:00,3,4,4230,1,1,1,6,D6 (Face A La Boutique Angelvin),43.824144,5.939323
202300003649,13,7,2023,2025-12-05 07:35:00,1,54,54323,2,6,1,3,Avenue De L'Aviation,49.518043,5.752251
202300003650,22,9,2023,2025-12-05 13:00:00,1,987,98752,1,1,3,7,Pk 51,-17.756841,-149.366941
202300003651,25,10,2023,2025-12-05 19:45:00,5,68,68112,2,3,2,1,3 Route D'Issenheim,47.902869,7.226804
202300003652,13,7,2023,2025-12-05 15:07:00,1,51,51454,2,1,1,5,Nationale (Avenue) La Neuvillette,49.283263,4.010878
202300003653,25,10,2023,2025-12-05 12:30:00,1,22,22004,1,1,8,6,D767Pr 34+500 Sens Lannion Vers Ggp,48.6109635,-3.2767868
202300003654,22,9,2023,2025-12-05 17:15:00,3,73,73183,1,1,8,6,A43,45.51652527,5.99142373
202300003655,12,7,2023,2025-12-05 17:21:00,1,51,51108,2,9,1,3,Jaures (Rue Jean) (Ndeg Inferieur A 59-34),48.95463,4.35236
202300003656,23,9,2023,2025-12-05 18:00:00,3,988,98805,2,1,3,7,Route Des Charbonniers (Radier),-22.129679,166.43969
202300003657,24,10,2023,2025-12-05 21:30:00,3,30,30014,1,1,1,7,D982,43.993617,4.347582
202300003658,22,9,2023,2025-12-05 19:25:00,2,1,1274,1,1,2,6,A 40 Pk 115+200,46.161003,5.652444
202300003659,12,7,2023,2025-12-05 11:30:00,1,50,50129,2,6,1,3,Est (Boulevard De L'),49.636752,-1.596193
202300003660,24,10,2023,2025-12-05 10:40:00,1,71,71263,2,1,2,6,8 Rue De Bram,46.627985,5.216945
202300003661,30,6,2023,2025-12-05 21:00:00,1,49,49099,2,3,2,3,Chouteau (Boulevard Guy),47.06729,-0.88723
202300003662,24,9,2023,2025-12-05 13:08:00,1,69,69244,2,3,7,3,Promenade Des Tuileries,45.763228,4.77868
202300003663,24,10,2023,2025-12-05 09:50:00,1,49,49080,2,1,1,6,Lieu Dit La Verrouillee D859,47.68149,-0.499578
202300003664,14,7,2023,2025-12-05 00:55:00,5,45,45234,2,1,1,3,Place D'Arc,47.9066,1.90488
202300003665,22,9,2023,2025-12-05 08:35:00,1,6,6018,1,3,8,1,Route De Valbonne,43.633765,7.081525
202300003666,20,10,2023,2025-12-05 18:00:00,1,86,86097,1,1,2,7,Lieu Dit Chambaron,46.302444,0.419111
202300003667,24,9,2023,2025-12-05 08:00:00,2,21,21575,1,1,5,2,"A36, Pk 182+000, Sens Beaune Vers Mulhouse",47.078685,5.334506
202300003668,13,7,2023,2025-12-05 16:35:00,1,45,45234,2,2,1,3,92 Rue De Coulmiers,47.91191,1.89718
202300003669,13,7,2023,2025-12-05 16:30:00,1,45,45338,2,2,1,3,2 Rue Des Plantes,47.98110339,2.71642864
202300003670,18,10,2023,2025-12-05 15:30:00,1,29,29207,2,1,3,3,Rue Beethoven,48.570012,-3.819986
202300003671,22,9,2023,2025-12-05 22:50:00,3,45,45203,1,1,1,2,A10 Pr 110 + 904,47.859102,1.706142
202300003672,13,7,2023,2025-12-05 18:25:00,1,44,44109,2,1,1,6,26 Rue De La Basse Chenaie,47.2384,-1.5074
202300003673,23,10,2023,2025-12-05 09:20:00,1,38,38261,2,6,2,6,Route De Grenoble,45.671434,5.470709
202300003674,24,9,2023,2025-12-05 11:30:00,1,29,29147,1,1,1,1,Lieu Dit Lesforn,47.895072,-3.592674
202300003675,7,7,2023,2025-12-05 09:30:00,1,40,40192,2,1,1,3,Villeneuve (Av De),43.88916,-0.46668
202300003676,22,10,2023,2025-12-05 17:00:00,1,58,58039,1,1,8,3,Route De Breves,47.416814,3.580374
202300003677,24,9,2023,2025-12-05 12:40:00,1,45,45191,2,1,1,1,D24 Pr 3 + 350,48.296196,2.353821
202300003678,15,6,2023,2025-12-05 12:10:00,1,38,38053,2,1,1,5,Champ De Mars (Pl),45.5906,5.2782
202300003679,24,9,2023,2025-12-05 12:50:00,1,77,77192,1,3,1,3,Route De Chaubuisson,48.701275,2.905283
202300003680,13,7,2023,2025-12-05 16:45:00,1,37,37261,2,1,1,3,Alouette (Avenue),47.36157,0.69633
202300003681,23,9,2023,2025-12-05 11:10:00,1,2A,2A247,2,1,1,6,Avenue De Bastia,41.604163,9.27711
202300003682,25,10,2023,2025-12-05 18:00:00,1,14,14057,1,2,1,3,Route De Bourguebus,49.116803,-0.242356
202300003683,13,7,2023,2025-12-05 18:30:00,1,35,35115,1,6,1,2,Rn12,48.33871,-1.21131
202300003684,24,9,2023,2025-12-05 17:40:00,1,13,13027,1,2,1,3,Chemin Roumieux,43.86401,4.861295
202300003685,13,7,2023,2025-12-05 21:45:00,4,34,34172,2,1,1,1,24 Avenue Henri Mares,43.620212,3.854826
202300003686,24,9,2023,2025-12-05 00:20:00,4,26,26072,1,1,1,6,A7 Pk 047.500 Sens Sud/Nord,45.115817,4.892108
202300003687,21,10,2023,2025-12-05 15:10:00,1,64,64060,1,3,1,3,D802,43.321884,-0.466785
202300003688,24,9,2023,2025-12-05 16:20:00,1,71,71448,1,2,1,7,Les Jonchets,46.382903,4.867373
202300003689,12,7,2023,2025-12-05 16:32:00,1,34,34032,2,1,1,6,19 Avenue Georges Clemenceau,43.34579,3.21669
202300003690,24,10,2023,2025-12-05 07:30:00,3,43,43112,1,1,2,3,Avenue Du Gevaudan,45.087718,3.508855
202300003691,23,9,2023,2025-12-05 15:00:00,1,68,68318,1,1,1,7,Rue D'Osenbach,47.979484,7.225753
202300003692,13,7,2023,2025-12-05 07:40:00,1,33,33039,2,2,1,1,Boulevard Jean-Jacques Bosc,44.81331,-0.55545
202300003693,24,10,2023,2025-12-05 16:38:00,1,10,10323,2,1,1,6,32 Rue Milford Haven,48.504792,3.720076
202300003694,24,9,2023,2025-12-05 18:15:00,2,7,7018,1,1,1,7,Route Nationale 102,44.694319,4.030319
202300003695,13,7,2023,2025-12-05 17:45:00,1,29,29051,2,1,1,6,Bali Ar Rouilhenn,47.99945,-4.05414
202300003696,25,10,2023,2025-12-05 06:00:00,3,7,7329,1,1,2,7,D24,44.605341,4.072288
202300003697,23,9,2023,2025-12-05 11:55:00,1,69,69039,2,3,1,3,Route De Dieme,45.982389,4.507739
202300003698,12,7,2023,2025-12-05 18:10:00,1,29,29232,2,6,1,2,Rond-Point De L'Eau Blanche,47.99033,-4.07402
202300003699,12,7,2023,2025-12-05 19:45:00,1,29,29232,1,1,1,7,Route De Brest,48.01272,-4.0766
202300003700,12,10,2023,2025-12-05 17:40:00,1,21,21301,2,1,1,3,13 Rue De La Plage,47.048055,5.109668
202300003701,23,9,2023,2025-12-05 16:30:00,1,69,69069,2,2,1,3,47 Rue Centrale,45.745899,4.716512
202300003702,13,7,2023,2025-12-05 14:50:00,1,28,28085,2,9,1,4,Sours (Rond Point Route De),48.42932,1.51688
202300003703,18,10,2023,2025-12-05 12:02:00,1,24,24425,1,1,2,1,Route Departementale 78,45.414358,0.83668
202300003704,21,9,2023,2025-12-05 17:08:00,1,79,79048,1,1,3,1,Adresse_Inconnue,46.348647,-0.34306
202300003705,22,9,2023,2025-12-05 10:00:00,1,17,17086,1,3,1,3,N141,45.72997,-0.529532
202300003706,13,7,2023,2025-12-05 14:45:00,1,25,25204,2,1,1,3,Grande Rue,46.92787,6.35022
202300003707,24,10,2023,2025-12-05 18:20:00,1,28,28089,2,6,1,1,Avenue Langlois,48.577015,1.239068
202300003708,23,9,2023,2025-12-05 22:30:00,3,35,35228,1,1,1,1,Adresse_Inconnue,48.592768,-2.066159
202300003709,13,7,2023,2025-12-05 15:55:00,1,25,25056,2,2,1,3,Fleming Boulevard,47.22553,5.96537
202300003710,24,10,2023,2025-12-05 15:50:00,1,30,30004,1,3,1,1,N113,43.719751,4.206069
202300003711,21,9,2023,2025-12-05 12:15:00,1,60,60341,2,1,3,4,N330,49.08611707,2.75607705
202300003712,24,6,2023,2025-12-05 17:05:00,1,22,22278,2,1,1,2,Clemenceau (Bd),48.50944,-2.75981
202300003713,23,9,2023,2025-12-05 13:05:00,1,33,33366,1,1,1,6,Autoroute A 10,44.985907,-0.42767
202300003714,19,10,2023,2025-12-05 16:45:00,1,30,30348,1,1,1,7,Route Nationale 106,44.04612101,4.12779951
202300003715,12,7,2023,2025-12-05 11:50:00,1,19,19031,2,1,1,3,Ribot (Avenue),45.16468,1.5158
202300003716,11,7,2023,2025-12-05 08:00:00,1,19,19031,2,1,1,6,Mendes France (Avenue Pierre),45.14428,1.47508
202300003717,23,9,2023,2025-12-05 14:12:00,1,91,91161,1,1,1,4,Autoroute A126,48.71073,2.29968
202300003718,25,10,2023,2025-12-05 08:40:00,1,973,97309,2,2,1,1,Route De Montjoly,4.917821,-52.277294
202300003719,22,9,2023,2025-12-05 18:45:00,1,91,91103,1,1,1,2,Rn 104,48.62486,2.30432
202300003720,12,7,2023,2025-12-05 18:11:00,1,17,17291,1,1,1,2,33 Pk Rn11 Nantes Rocade,46.17764,-1.10184
202300003721,24,10,2023,2025-12-05 19:01:00,5,973,97309,2,1,1,1,Route De Remire (Rd2),4.906426,-52.272981
202300003722,13,7,2023,2025-12-05 23:35:00,3,13,13117,1,9,1,7,Stadium (Cd9),43.44312533,5.29622132
202300003723,22,9,2023,2025-12-05 17:30:00,1,91,91216,1,1,1,4,Autoroute A6,48.6854,2.32719
202300003724,12,7,2023,2025-12-05 17:20:00,1,13,13071,2,1,1,5,Route Nationale 368 (Plan Des Pennes),43.40336,5.27761
202300003725,22,9,2023,2025-12-05 16:25:00,1,91,91161,1,1,1,3,Autoroute A6,48.69943,2.31189
202300003726,12,7,2023,2025-12-05 16:45:00,1,13,13071,2,2,1,3,Zola ( Avenue Emile ),43.41734,5.28915
202300003727,23,9,2023,2025-12-05 20:05:00,3,92,92025,1,1,1,3,A86,48.92712802,2.23638145
202300003728,23,10,2023,2025-12-05 16:00:00,1,971,97116,1,1,1,5,Section Lasserre - Rn5,16.320201,-61.424689
202300003729,13,7,2023,2025-12-05 07:10:00,2,13,13056,2,4,7,3,Marseille Ancienne Route De,43.39742,5.07413
202300003730,23,9,2023,2025-12-05 18:00:00,1,92,92036,1,1,1,2,Rn 315,48.93615504,2.3006601
202300003731,24,10,2023,2025-12-05 07:40:00,1,971,97128,1,1,1,1,Courcelles,16.254246,-61.329685
202300003732,23,9,2023,2025-12-05 19:15:00,2,93,93027,1,1,1,3,Autoroute A1,48.93740949,2.40993619
202300003733,13,7,2023,2025-12-05 18:33:00,1,13,13207,2,2,1,3,Corse (Avenue De La),43.28933,5.35757
202300003734,13,7,2023,2025-12-05 21:40:00,1,13,13028,2,6,1,6,Camugli (Avenue Antoine ),43.18273,5.61467
202300003735,24,10,2023,2025-12-05 16:10:00,1,78,78506,1,2,1,3,D177,48.489079,1.803732
202300003736,23,9,2023,2025-12-05 13:50:00,1,93,93027,1,1,1,2,Autoroute A86,48.92248,2.37868
202300003737,22,10,2023,2025-12-05 14:30:00,1,73,73006,2,1,1,7,D220 Route De La Plagne,45.556945,6.656548
202300003738,23,9,2023,2025-12-05 10:30:00,1,95,95018,1,1,1,2,A15,48.95198648,2.2795558
202300003739,13,7,2023,2025-12-05 08:15:00,1,13,13028,2,4,1,1,Fontsainte (Avenue De),43.19084633,5.64077139
202300003740,23,9,2023,2025-12-05 02:00:00,3,93,93073,1,1,1,2,Autoroute A104,48.96846,2.56591
202300003741,24,10,2023,2025-12-05 16:15:00,1,38,38467,1,9,2,7,Route Du Bugey,45.668345,5.346576
202300003742,22,9,2023,2025-12-05 17:40:00,1,93,93066,1,1,1,3,Autoroute A1,48.90870624,2.35812243
202300003743,13,7,2023,2025-12-05 07:50:00,1,13,13001,2,3,7,3,Ferrini Fortune (Av),43.49435124,5.43261842
202300003744,24,10,2023,2025-12-05 07:50:00,2,19,19207,1,1,2,3,Rd44,45.253133,1.631932
202300003745,22,9,2023,2025-12-05 17:40:00,1,93,93027,1,1,1,2,Autoroute A1,48.93538856,2.40271792
202300003746,13,7,2023,2025-12-05 19:45:00,1,11,11069,1,2,7,3,36 Boulevard Des Collines,43.20414,2.38643
202300003747,23,9,2023,2025-12-05 14:25:00,1,77,77169,1,1,1,3,A4.Y,48.83066,2.60778
202300003748,21,10,2023,2025-12-05 02:19:00,3,33,33080,1,1,3,6,2297 Avenue De Toulouse,44.740847,-0.540052
202300003749,13,7,2023,2025-12-05 09:40:00,1,8,8480,1,1,1,4,Adresse_Inconnue,49.73761,4.76343
202300003750,22,9,2023,2025-12-05 23:15:00,4,94,94069,1,1,1,2,A4,48.81745795,2.41989569
202300003751,12,7,2023,2025-12-05 13:10:00,1,3,3185,2,2,1,3,Avenue Jean Negre,46.34726,2.58209
202300003752,19,6,2023,2025-12-05 09:10:00,1,13,13028,2,1,1,6,Rond-Point De Lattre De Tassigny,43.189,5.604
202300003753,23,10,2023,2025-12-05 15:44:00,1,22,22198,1,3,8,3,Route De Tregastel,48.782204,-3.490439
202300003754,22,5,2023,2025-12-05 15:15:00,1,13,13028,2,1,1,2,Wilson (Avenue President),43.181,5.613
202300003755,27,6,2023,2025-12-05 10:55:00,1,2,2340,2,9,1,5,Adresse_Inconnue,49.82447,3.27991
202300003756,10,10,2023,2025-12-05 19:00:00,1,22,22388,2,1,1,6,Rue Des Templiers,48.439316,-2.156024
202300003757,13,7,2023,2025-12-05 14:40:00,1,75,75117,2,1,1,2,Bd Peripherique Interieur,48.880992,2.282333
202300003758,9,5,2023,2025-12-05 18:40:00,1,13,13028,2,1,2,1,Dulac (Avenue Guillaume),43.20035,5.62007
202300003759,12,7,2023,2025-12-05 13:00:00,1,75,75120,2,1,1,2,Porte De Bagnolet,48.863502,2.413408
202300003760,28,4,2023,2025-12-05 19:00:00,1,13,13028,2,1,1,3,Avenue Mireille,43.18966,5.6296
202300003761,24,10,2023,2025-12-05 10:45:00,1,35,35089,1,2,7,3,D47,47.88196543,-1.49422377
202300003762,11,7,2023,2025-12-05 11:00:00,1,75,75118,2,1,1,3,Porte D Aubervilliers,48.900802,2.369807
202300003763,25,4,2023,2025-12-05 19:15:00,1,13,13028,2,1,1,6,Dulac (Avenue Guillaume),43.1936,5.6103
202300003764,24,10,2023,2025-12-05 18:15:00,2,27,27014,1,1,2,6,D112 - Pk 12 - La Mare Hermier,49.151356,1.138415
202300003765,21,9,2023,2025-12-05 16:40:00,1,974,97411,2,2,1,3,Cassin (Avenue Rene),-20.90287,55.48804
202300003766,13,7,2023,2025-12-05 15:20:00,1,75,75106,2,3,1,6,Boulevard Du Montparnasse,48.842462,2.328431
202300003767,24,10,2023,2025-12-05 20:30:00,3,27,27229,1,1,2,7,Cd830,49.01468,1.107591
202300003768,12,7,2023,2025-12-05 21:00:00,1,75,75119,2,1,1,2,Avenue De La Porte Du Pre Saint Gervais,48.88022,2.401277
202300003769,20,9,2023,2025-12-05 04:35:00,3,974,97411,1,1,1,3,Littoral (Route 1 Du),-20.8814,55.3948
202300003770,13,7,2023,2025-12-05 13:20:00,1,75,75118,2,1,1,6,Rue Riquet,48.890079,2.361295
202300003771,22,9,2023,2025-12-05 21:50:00,5,974,97407,2,1,1,6,Commune De Paris (Avenue),-20.9347,55.29152
202300003772,13,7,2023,2025-12-05 10:00:00,1,75,75118,2,1,1,7,Avenue De La Porte De Clignancourt,48.898768,2.344178
202300003773,24,10,2023,2025-12-05 18:50:00,2,76,76313,1,4,2,3,Route De Paris,49.349524,1.145518
202300003774,21,9,2023,2025-12-05 14:50:00,1,973,97302,2,1,1,1,Hameau Des Encens (Rue Du) Cite St Marti,4.9381701,-52.31402323
202300003775,13,7,2023,2025-12-05 21:30:00,1,75,75117,2,3,1,3,Avenue De La Porte D Asnieres,48.891059,2.302533
202300003776,24,10,2023,2025-12-05 04:45:00,3,59,59047,1,1,1,2,D917,50.075334,3.184071
202300003777,21,9,2023,2025-12-05 13:05:00,1,973,97302,2,1,1,2,Baduel (Route De),4.93519008,-52.31239378
202300003778,13,7,2023,2025-12-05 15:10:00,1,75,75115,2,3,8,6,Rue Du General De Castelnau,48.850505,2.299994
202300003779,12,7,2023,2025-12-05 23:40:00,5,75,75115,2,1,1,2,Pont Du Garigliano,48.83914,2.26881
202300003780,22,9,2023,2025-12-05 16:35:00,1,972,97213,1,1,1,2,Autoroute A1,14.6179,-61.03231
202300003781,24,10,2023,2025-12-05 11:00:00,1,13,13212,1,1,2,2,A507 Sens Aubagne- Marseille,43.31369816,5.42385578
202300003782,22,9,2023,2025-12-05 11:55:00,1,69,69381,1,1,1,6,Cours D'Herbouville,45.77278407,4.83846621
202300003783,12,7,2023,2025-12-05 19:40:00,1,75,75115,2,1,1,3,Rue De La Convention,48.841518,2.286969
202300003784,24,10,2023,2025-12-05 07:00:00,5,13,13216,1,1,3,1,A55-Sens Martigues Vers Marseille,43.34518,5.34618
202300003785,12,7,2023,2025-12-05 18:10:00,1,75,75115,2,3,1,6,Rue Brancion,48.831286,2.302452
202300003786,22,9,2023,2025-12-05 15:35:00,1,971,97120,2,3,2,6,Chanzy (Boulevard),16.24099118,-61.53587759
202300003787,22,9,2023,2025-12-05 13:40:00,1,971,97120,2,9,1,3,Chanzy (Boulevard),16.24288,-61.53971
202300003788,13,7,2023,2025-12-05 09:20:00,1,75,75114,2,3,1,3,Rue De L Amiral Mouchez,48.822115,2.342072
202300003789,13,7,2023,2025-12-05 00:10:00,5,75,75114,2,4,1,7,Avenue Reille,48.824604,2.339887
202300003790,22,9,2023,2025-12-05 20:14:00,3,2A,2A004,1,1,8,6,T40,41.92,8.73
202300003791,24,10,2023,2025-12-05 13:20:00,1,83,83137,1,1,8,4,A57,43.1271,5.97422
202300003792,13,7,2023,2025-12-05 12:30:00,1,75,75113,2,2,1,1,Rue De Tolbiac,48.825751,2.346581
202300003793,24,10,2023,2025-12-05 09:45:00,1,83,83126,1,1,2,2,A50,43.1198,5.8506
202300003794,13,7,2023,2025-12-05 15:59:00,1,75,75111,2,2,1,3,Avenue Ledru Rollin,48.853261,2.37728
202300003795,24,10,2023,2025-12-05 21:55:00,3,33,33162,1,1,1,4,Rocade A 630,44.87675034,-0.63256882
202300003796,13,7,2023,2025-12-05 12:30:00,1,75,75109,2,3,1,3,Rue Laffitte,48.873433,2.337828
202300003797,22,9,2023,2025-12-05 19:20:00,2,91,91657,2,1,1,2,Av Henri Barbusse,48.70176,2.42527
202300003798,13,7,2023,2025-12-05 16:33:00,1,75,75107,2,3,1,6,Quai D Orsay,48.862743,2.311637
202300003799,22,9,2023,2025-12-05 13:00:00,1,88,88209,2,2,1,3,Longere (Rue),48.18923414,6.42961442
202300003800,13,7,2023,2025-12-05 16:40:00,1,75,75101,2,3,1,6,Rue De Rivoli,48.85946728,2.345154
202300003801,24,10,2023,2025-12-05 10:38:00,1,33,33249,1,1,1,4,Rocade A 630,44.87933711,-0.53397685
202300003802,21,9,2023,2025-12-05 15:50:00,1,87,87085,2,2,2,7,Queuille (Place Henri),45.81507,1.26981
202300003803,15,6,2023,2025-12-05 19:45:00,1,75,75104,2,3,1,3,Boulevard Henri Iv,48.851068,2.362211
202300003804,21,9,2023,2025-12-05 14:30:00,1,87,87065,1,1,2,6,Autoroute A20,45.79045,1.3032
202300003805,22,10,2023,2025-12-05 05:00:00,3,62,62274,1,1,2,2,A21,50.42944049,2.97371292
202300003806,12,7,2023,2025-12-05 17:49:00,1,94,94046,2,1,1,1,Rue Marc Sangnier,48.80609,2.45341
202300003807,22,9,2023,2025-12-05 18:00:00,1,78,78650,2,2,1,3,Montesson (Route De),48.90103,2.12876
202300003808,23,10,2023,2025-12-05 17:14:00,2,75,75113,1,1,1,3,A6B,48.816066,2.357973
202300003809,12,7,2023,2025-12-05 14:30:00,1,94,94016,2,1,1,3,Avenue Leon Blum,48.7893,2.3369
202300003810,22,9,2023,2025-12-05 08:24:00,2,77,77181,2,1,2,2,Pierre Leclerc (Rue),48.82789,2.69838
202300003811,13,7,2023,2025-12-05 11:30:00,1,94,94021,2,6,1,6,Avenue Des 3 Marches,48.76026791,2.35350993
202300003812,23,10,2023,2025-12-05 17:50:00,2,91,91617,1,1,8,2,A5A,48.63469,2.53518
202300003813,22,9,2023,2025-12-05 09:15:00,1,77,77014,2,9,2,6,Gambetta (Rue),48.40170344,2.72188318
202300003814,13,7,2023,2025-12-05 14:00:00,1,94,94028,2,1,1,6,Avenue De Verdun,48.79632317,2.46362641
202300003815,23,10,2023,2025-12-05 16:50:00,1,91,91521,1,1,2,6,Rn 449,48.63589,2.40124
202300003816,13,7,2023,2025-12-05 03:05:00,5,94,94018,2,1,1,6,Rue De Paris,48.822973,2.411393
202300003817,22,9,2023,2025-12-05 00:20:00,5,76,76451,2,1,1,7,Avenue Du General Gallieni,49.45807,1.08437
202300003818,13,7,2023,2025-12-05 07:10:00,2,93,93001,2,1,1,6,Boulevard Felix Faure,48.90778596,2.37883337
202300003819,24,10,2023,2025-12-05 18:54:00,1,92,92050,1,1,1,5,A86,48.90558947,2.20974594
202300003820,22,9,2023,2025-12-05 08:55:00,1,76,76341,2,2,2,6,Jehan De Grouchy,49.50484986,0.19989932
202300003821,13,7,2023,2025-12-05 19:09:00,1,93,93062,2,2,1,3,Boulevard De L'Est / Allee De L'Eglise,48.90267,2.52281
202300003822,22,9,2023,2025-12-05 22:10:00,5,73,73008,2,1,2,6,Avenue P De Coubertin,45.69276,5.89074
202300003823,13,7,2023,2025-12-05 06:10:00,1,93,93048,2,1,1,6,Boulevard Theophile Sueur,48.86547936,2.46876016
202300003824,24,10,2023,2025-12-05 16:50:00,1,92,92064,1,1,1,4,A13,48.84298206,2.22247096
202300003825,22,9,2023,2025-12-05 20:50:00,5,72,72003,2,1,3,3,Chatelet (Rue Du),47.94227,0.15585
202300003826,12,7,2023,2025-12-05 14:20:00,1,93,93063,2,3,1,3,Avenue Pierre Kerautret / Boulevard Roger Salengro,48.87956,2.44866
202300003827,24,10,2023,2025-12-05 09:45:00,1,78,78640,1,1,1,5,A86 Int,48.778941,2.202884