num_acc,jour,mois,an,hrmn,lum,dep,com,agg,int,atm,col,adr,lat,long
202300003828,21,9,2023,2025-12-05 11:20:00,1,72,72181,2,1,8,2,Chanzy (Rue)  Ndeg Imp 1 A 71 Bis,48.00268,0.20272
202300003829,24,10,2023,2025-12-05 17:55:00,1,95,95256,1,1,1,1,N184,49.05559,2.20312
202300003830,12,7,2023,2025-12-05 07:50:00,1,93,93045,2,1,1,3,Rue Du President Robert Schuman,48.88602,2.4212
202300003831,22,9,2023,2025-12-05 14:25:00,1,71,71306,2,1,2,7,General De Gaulle (Quai Du),46.67412,4.36207
202300003832,24,10,2023,2025-12-05 11:00:00,1,95,95527,1,1,1,7,A3,48.98787,2.50626
202300003833,13,7,2023,2025-12-05 16:50:00,1,93,93031,2,2,1,6,Avenue Gallieni / Rue De Saint-Gratien,48.96311,2.29711
202300003834,13,7,2023,2025-12-05 19:20:00,1,93,93010,2,3,1,3,Avenue Du 14 Juillet / Allee D'Athenes,48.91128886,2.49112997
202300003835,24,10,2023,2025-12-05 09:00:00,1,95,95527,1,1,1,5,A3,48.99145,2.51079
202300003836,13,7,2023,2025-12-05 17:30:00,1,93,93057,2,1,1,6,Allee De Rocroy,48.90484158,2.50824891
202300003837,24,10,2023,2025-12-05 11:00:00,1,93,93027,1,1,8,4,Autoroute A86,48.92482,2.39033
202300003838,13,7,2023,2025-12-05 15:16:00,1,93,93057,2,3,1,3,Avenue Aristide Briand / Rue Georges,48.90792969,2.49414984
202300003839,13,7,2023,2025-12-05 11:00:00,1,93,93001,2,1,1,3,Rue Danielle Casanova,48.91862318,2.39232116
202300003840,13,7,2023,2025-12-05 08:05:00,1,92,92078,2,3,1,3,Verdun (Avenue) (Pairs 2 A 38),48.93551413,2.33388591
202300003841,23,10,2023,2025-12-05 20:30:00,3,93,93078,1,1,2,4,Autoroute A104,48.96222102,2.52337066
202300003842,13,7,2023,2025-12-05 07:50:00,1,92,92063,2,1,1,3,Hugo (Avenue Victor),48.88564537,2.17616057
202300003843,23,10,2023,2025-12-05 22:35:00,3,93,93064,1,1,8,6,Autoroute A103,48.88668867,2.47586131
202300003844,13,7,2023,2025-12-05 05:36:00,2,92,92051,2,1,1,3,"Charles De Gaulle (Avenue,Ndeg118 A 192 +",48.88402225,2.26301551
202300003845,24,10,2023,2025-12-05 01:35:00,3,95,95572,1,1,2,6,N184,49.03385171,2.11134374
202300003846,13,7,2023,2025-12-05 03:50:00,5,92,92048,2,3,1,7,Vaugirard (Route De),48.82225306,2.23225549
202300003847,23,10,2023,2025-12-05 22:05:00,3,92,92036,1,1,1,3,Autoroute A15,48.94074039,2.29291143
202300003848,12,7,2023,2025-12-05 21:00:00,2,92,92048,2,3,1,3,Colonel Moraine (Route Du),48.79648773,2.21765399
202300003849,23,10,2023,2025-12-05 23:20:00,3,93,93078,1,1,2,6,Autoroute A104,48.96407,2.5208
202300003850,13,7,2023,2025-12-05 18:58:00,1,92,92044,2,1,1,3,Baudin (Rue) 1A25 Et 2A34,48.89601447,2.27998674
202300003851,23,10,2023,2025-12-05 15:35:00,1,95,95500,1,1,3,2,A15,49.04030613,2.08317518
202300003852,13,7,2023,2025-12-05 01:23:00,5,92,92044,2,2,1,3,Aristide Briand(Rue)51A83  54A96,48.89213,2.28768
202300003853,23,10,2023,2025-12-05 15:50:00,1,93,93066,1,1,2,6,Autoroute A1,48.93246,2.37408
202300003854,13,7,2023,2025-12-05 14:20:00,2,92,92036,2,3,1,6,General De Gaulle (Avenue) (Pairs),48.93377768,2.31342405
202300003855,23,10,2023,2025-12-05 09:00:00,1,95,95491,1,1,1,2,A115,49.00449,2.24545
202300003856,12,7,2023,2025-12-05 08:45:00,1,92,92036,2,1,1,6,Principale Du Port (Route) (1/17),48.93914,2.28439
202300003857,23,10,2023,2025-12-05 03:45:00,3,95,95277,1,1,1,6,D170,48.97714,2.47251
202300003858,13,7,2023,2025-12-05 12:20:00,1,92,92007,2,3,1,3,Barbusse (Avenue Henri) Autres Numeros,48.80071802,2.31395423
202300003859,13,7,2023,2025-12-05 18:45:00,1,92,92004,2,2,1,2,Maurice Bokanowski,48.9072168,2.28591666
202300003860,24,10,2023,2025-12-05 09:15:00,1,94,94069,1,1,1,3,A4,48.81720028,2.44370615
202300003861,14,7,2023,2025-12-05 03:50:00,3,71,71507,1,1,1,6,D127,46.579439,4.670649
202300003862,23,10,2023,2025-12-05 08:30:00,1,77,77373,1,1,1,2,Rn104,48.78450516,2.61663
202300003863,13,7,2023,2025-12-05 19:30:00,1,71,71477,1,1,1,7,Impasse Des Rolands,46.617865,4.400089
202300003864,29,7,2023,2025-12-05 16:25:00,1,14,14663,1,1,1,2,Route D'Arromanches,49.300182,-0.685263
202300003865,14,7,2023,2025-12-05 19:50:00,1,21,21002,1,1,1,6,A38 Pk 018.700,47.301656,4.771952
202300003866,30,6,2023,2025-12-05 16:00:00,1,14,14409,2,1,1,1,98 Route De Cabourg,49.28255659,-0.19260406
202300003867,14,7,2023,2025-12-05 01:50:00,3,71,71170,1,1,1,6,Pk 315.200 Autoroute A6,46.929634,4.820493
202300003868,13,7,2023,2025-12-05 18:10:00,1,25,25614,1,1,1,6,A36 Pk 046.900 Vers Besancon,47.521881,6.854353
202300003869,14,7,2023,2025-12-05 05:45:00,3,84,84038,1,1,1,1,D973,43.777493,5.109994
202300003870,14,7,2023,2025-12-05 11:20:00,1,87,87201,1,1,1,3,N141,45.858807,1.145325
202300003871,8,4,2023,2025-12-05 16:50:00,1,14,14724,2,3,1,6,10 Route De Cabourg,49.253499,-0.160994
202300003872,14,7,2023,2025-12-05 14:55:00,1,83,83097,1,3,1,3,Dn7,43.477728,5.757651
202300003873,7,4,2023,2025-12-05 16:35:00,1,14,14436,2,1,1,1,531 Route De Blary,49.24367419,-0.68395552
202300003874,13,7,2023,2025-12-05 19:55:00,1,79,79355,1,1,1,2,Adresse_Inconnue,46.304875,-0.36151
202300003875,8,3,2023,2025-12-05 11:50:00,1,14,14047,2,9,1,1,12 Boulevard D'Eindhoven,49.283435,-0.711493
202300003876,14,7,2023,2025-12-05 04:00:00,3,80,80650,1,6,1,6,Rd929,49.933351,2.411885
202300003877,14,7,2023,2025-12-05 08:15:00,1,71,71014,1,1,1,7,Route De Saint Denis,46.968957,4.321446
202300003878,22,8,2023,2025-12-05 21:45:00,3,13,13214,2,1,1,6,Rosiers (Traverse Des),43.32122,5.3856
202300003879,13,7,2023,2025-12-05 20:25:00,1,71,71469,1,1,1,7,Rd45,46.28744,4.517398
202300003880,23,10,2023,2025-12-05 15:40:00,1,974,97411,2,2,1,1,Malraux (Avenue Andre),-20.88801,55.46481
202300003881,14,7,2023,2025-12-05 07:30:00,1,63,63249,1,1,1,7,Route De Courpiere,45.806083,3.515732
202300003882,23,10,2023,2025-12-05 15:40:00,1,974,97411,2,6,1,3,Jaures (Boulevard Jean),-20.90065,55.48713
202300003883,4,5,2023,2025-12-05 15:40:00,1,75,75107,2,3,1,1,Quai D Orsay,48.862284,2.30635
202300003884,4,5,2023,2025-12-05 00:00:00,5,75,75108,2,7,1,1,Place De La Concorde,48.867085,2.320658
202300003885,4,5,2023,2025-12-05 19:30:00,1,94,94074,2,6,1,5,Rue Theodule Jourdain /  Rue De La Ferme De La Tour,48.77041,2.44692
202300003886,3,5,2023,2025-12-05 13:00:00,1,94,94033,2,3,1,2,Av. Du Marechal De Lattre De Tassigny / A86,48.85962,2.49001
202300003887,4,5,2023,2025-12-05 00:40:00,5,93,93064,2,1,1,6,Rue Evariste Galois,48.86292165,2.48707674
202300003888,4,5,2023,2025-12-05 19:45:00,1,93,93055,2,3,1,1,Avenue Du General Leclerc / Rue Delizy,48.89827,2.40629
202300003889,4,5,2023,2025-12-05 21:45:00,5,93,93048,2,2,1,3,Rue Lenain De Tillemont / Rue Du Bel Air,48.86071203,2.45976652
202300003890,4,5,2023,2025-12-05 18:05:00,1,93,93048,2,2,1,2,Bd Paul Vaillant Couturier / Avenue Pasteur,48.86291,2.44163
202300003891,4,5,2023,2025-12-05 08:45:00,1,93,93066,2,3,1,1,Avenue Paul Vaillant-Couturier / Rue Albert Einstein,48.93448992,2.36721168
202300003892,4,5,2023,2025-12-05 09:06:00,1,93,93029,2,3,1,3,Rue Charles Gide / Rue Du Domaine,48.9171,2.44428
202300003893,4,5,2023,2025-12-05 07:55:00,1,93,93014,2,1,1,3,Allee De Montfermeil,48.89921883,2.54166716
202300003894,4,5,2023,2025-12-05 18:10:00,1,92,92046,2,1,1,1,Avaulee (Rue),48.81558,2.29033
202300003895,3,5,2023,2025-12-05 11:05:00,1,92,92051,2,1,1,3,General Lanrezac (Rue),48.88534,2.25675
202300003896,3,5,2023,2025-12-05 07:55:00,1,92,92025,2,1,1,6,Stalingrad (Av De),48.930818,2.267298
202300003897,4,5,2023,2025-12-05 08:45:00,1,92,92024,2,1,1,3,Jean Jaures (Bd) De 47 A 109)   (56 A 14,48.90703724,2.30057895
202300003898,4,5,2023,2025-12-05 16:00:00,1,92,92012,2,1,1,1,Georges Gorse (Quai),48.82387,2.23782
202300003899,3,5,2023,2025-12-05 18:50:00,1,92,92004,2,1,1,2,Voltaire  ( Place ),48.91256,2.29601
202300003900,1,5,2023,2025-12-05 18:30:00,1,38,38238,1,2,1,3,Rd 502,45.501038,5.011289
202300003901,3,5,2023,2025-12-05 12:10:00,1,68,68112,2,3,1,3,18 Rue De La Commanderie,47.909676,7.207152
202300003902,2,5,2023,2025-12-05 07:44:00,1,49,49092,2,3,1,3,Rue D'Anjou De La Chapelle (La Chapelle-Rousselin),47.21356,-0.793038
202300003903,27,4,2023,2025-12-05 04:30:00,3,81,81059,2,1,1,6,D84,43.88372,2.106843
202300003904,26,3,2023,2025-12-05 14:30:00,1,28,28409,1,9,1,2,A11 - Pk 089.000,48.277884,1.195064
202300003905,4,5,2023,2025-12-05 18:05:00,1,38,38105,1,1,1,2,D1075,45.422823,5.557816
202300003906,5,5,2023,2025-12-05 12:50:00,1,38,38239,2,1,1,3,D1085,45.326365,5.580277
202300003907,3,5,2023,2025-12-05 10:45:00,1,971,97132,1,1,1,6,Route De Sapotille,15.981324,-61.625893
202300003908,4,5,2023,2025-12-05 19:40:00,1,60,60176,2,6,1,1,Rue Marie Rotsen,49.22357162,2.89189679
202300003909,5,5,2023,2025-12-05 09:10:00,1,83,83019,2,1,1,2,2799 Avenue Lou Mistraou,43.143364,6.328002
202300003910,3,5,2023,2025-12-05 11:30:00,1,56,56147,1,1,1,1,Le Soleil Levant,47.522247,-2.277233
202300003911,4,5,2023,2025-12-05 16:15:00,1,67,67066,2,1,1,6,94 Rue Du General De Gaulle,48.472815,7.215373
202300003912,5,5,2023,2025-12-05 17:20:00,1,2A,2A006,1,1,1,6,D561 Pease Di Leave,41.974891,8.744165
202300003913,2,5,2023,2025-12-05 10:45:00,1,80,80782,1,1,1,3,Rd 12,49.955748,2.231169
202300003914,5,5,2023,2025-12-05 12:20:00,1,81,81288,1,1,1,7,D151,43.446797,2.042191
202300003915,3,5,2023,2025-12-05 12:10:00,1,71,71269,2,1,1,6,13-15 Route De Lyon,46.751965,4.84835
202300003916,4,5,2023,2025-12-05 08:20:00,1,47,47168,1,1,1,1,295 Route De Saint Barthelemy,44.586582,0.361401
202300003917,10,2,2023,2025-12-05 15:20:00,1,51,51599,1,1,1,7,D944,49.087457,4.276621
202300003918,4,5,2023,2025-12-05 21:04:00,2,41,41115,1,3,1,7,Route Des Tailles De L'Abbaye,47.857644,1.183203
202300003919,12,2,2023,2025-12-05 20:15:00,3,84,84099,1,1,1,1,D 31,43.871489,5.081778
202300003920,12,2,2023,2025-12-05 17:40:00,2,41,41188,1,1,1,6,Bois De Boisseleau,47.764073,1.294509
202300003921,2,5,2023,2025-12-05 15:30:00,1,22,22211,1,4,1,3,D11,48.692816,-3.444707
202300003922,13,2,2023,2025-12-05 08:20:00,1,51,51621,1,1,1,3,D67,49.20265624,4.97516245
202300003923,3,5,2023,2025-12-05 14:25:00,1,29,29117,2,6,1,7,Avenue General De Gaulle,48.5816241,-4.52138246
202300003924,22,1,2023,2025-12-05 18:00:00,3,56,56027,1,1,1,6,Adresse_Inconnue,47.922328,-2.668442
202300003925,4,5,2023,2025-12-05 10:30:00,1,31,31042,2,1,1,6,Allees D'Etigny,42.794084,0.596696
202300003926,8,2,2023,2025-12-05 10:05:00,1,56,56157,2,3,1,6,Rue De Kerambourg,47.779882,-2.693367
202300003927,12,2,2023,2025-12-05 11:30:00,1,77,77197,1,3,1,7,D75A / D15,48.707226,3.197939
202300003928,13,2,2023,2025-12-05 10:50:00,1,80,80680,2,1,1,2,Route De Vauvillers,49.825681,2.712293
202300003929,10,2,2023,2025-12-05 14:30:00,1,65,65075,2,2,1,6,Pe De Trey,42.856344,0.349658
202300003930,4,5,2023,2025-12-05 12:45:00,1,38,38416,2,3,1,3,Avenue De Provence,45.150773,5.316465
202300003931,12,2,2023,2025-12-05 17:35:00,1,33,33544,1,2,1,3,D1215,45.535032,-1.099255
202300003932,1,5,2023,2025-12-05 18:00:00,1,2,2816,1,1,1,7,Adresse_Inconnue,49.176464,3.535784
202300003933,12,2,2023,2025-12-05 20:25:00,3,33,33128,1,1,1,1,Route De Goulee,45.33321,-0.91988
202300003934,12,2,2023,2025-12-05 17:25:00,1,61,61075,2,1,1,6,D24 Pr 17+800,48.49124,-0.632824
202300003935,4,5,2023,2025-12-05 21:00:00,5,15,15267,1,2,1,3,Rd 120,44.935356,2.39421
202300003936,12,2,2023,2025-12-05 15:35:00,1,49,49155,1,1,1,7,Le Pas,47.571622,-0.706505
202300003937,5,5,2023,2025-12-05 16:15:00,1,1,1447,1,3,1,6,D42,46.207718,5.406797
202300003938,12,2,2023,2025-12-05 08:00:00,1,49,49057,1,1,8,1,D156,47.16651174,-0.4941097
202300003939,12,2,2023,2025-12-05 21:40:00,5,39,39475,1,9,5,6,10 Rue Philibert De La Beaume,46.440726,5.335354
202300003940,3,5,2023,2025-12-05 21:40:00,3,26,26324,1,1,1,2,D59,44.358247,4.739496
202300003941,13,2,2023,2025-12-05 10:25:00,1,25,25403,1,4,1,3,D447,47.012523,6.627347
202300003942,5,5,2023,2025-12-05 18:00:00,1,58,58145,1,1,1,6,D170,47.278574,3.805572
202300003943,13,2,2023,2025-12-05 11:25:00,1,44,44061,1,1,1,6,Adresse_Inconnue,47.23834,-1.95738
202300003944,4,5,2023,2025-12-05 20:15:00,1,72,72386,1,1,1,2,D313,48.00507,0.246098
202300003945,12,2,2023,2025-12-05 22:15:00,3,29,29302,1,3,1,6,D770,48.267537,-4.078752
202300003946,13,2,2023,2025-12-05 13:40:00,1,2,2349,1,1,1,2,Adresse_Inconnue,49.499051,3.852103
202300003947,5,5,2023,2025-12-05 12:00:00,1,21,21003,2,1,1,6,26 Rue De Dijon,47.364598,5.028212
202300003948,10,2,2023,2025-12-05 14:20:00,1,84,84077,1,1,1,6,Chemin Du Combeau,44.100055,5.12439
202300003949,12,2,2023,2025-12-05 15:25:00,1,3,3128,1,1,1,3,D71,46.387253,2.464917
202300003950,29,4,2023,2025-12-05 19:15:00,1,21,21086,2,1,1,6,11 Rue De L'Eglise,46.985376,4.826614
202300003951,13,2,2023,2025-12-05 08:05:00,1,58,58243,1,1,1,7,D10,46.916674,3.665413
202300003952,5,5,2023,2025-12-05 11:58:00,1,27,27428,2,1,7,6,Rue De Verdun,49.150412,0.906925
202300003953,12,2,2023,2025-12-05 17:40:00,2,54,54228,1,1,7,7,D22,48.443067,6.500559
202300003954,13,2,2023,2025-12-05 07:24:00,2,50,50369,1,1,5,6,Route De La Paperie,49.521434,-1.5536
202300003955,5,5,2023,2025-12-05 12:30:00,1,28,28018,1,1,1,1,D9,48.214501,0.879958
202300003956,12,2,2023,2025-12-05 21:45:00,3,50,50567,1,1,1,6,Les Fosses,49.579555,-1.507938
202300003957,13,2,2023,2025-12-05 18:45:00,3,50,50582,1,1,1,2,La Petite Moriniere,48.731526,-0.918506
202300003958,4,5,2023,2025-12-05 18:00:00,1,6,6152,1,1,1,1,300 Route De Biot,43.643026,7.024295
202300003959,10,2,2023,2025-12-05 06:30:00,3,45,45146,1,1,1,1,D2020 Pr 46 + 100,47.753766,1.936319
202300003960,12,2,2023,2025-12-05 18:10:00,1,64,64014,1,1,1,3,D20,43.313805,-1.495224
202300003961,27,4,2023,2025-12-05 23:20:00,5,6,6085,2,1,1,1,Avenue General De Gaulle,43.60587,7.011842
202300003962,13,2,2023,2025-12-05 15:15:00,1,7,7308,1,1,1,3,D86,45.181255,4.800258
202300003963,3,5,2023,2025-12-05 17:30:00,3,987,98745,2,1,1,7,Pk 26.5 - Quartier Motutairi - District Vaitoare,-16.62,-151.496
202300003964,12,2,2023,2025-12-05 02:35:00,3,7,7303,1,1,9,6,D265,44.788308,4.655982
202300003965,13,2,2023,2025-12-05 07:10:00,3,53,53018,1,1,5,4,La Neslerie,47.914041,-1.061811
202300003966,3,5,2023,2025-12-05 22:10:00,5,6,6123,1,1,1,3,A8,43.667344,7.194296
202300003967,12,2,2023,2025-12-05 16:11:00,1,87,87124,1,1,1,7,Route De Nexon,45.668334,1.112473
202300003968,5,5,2023,2025-12-05 07:25:00,1,974,97408,2,9,1,3,88 Rue Mahatma Gandhi,-20.944134,55.328767
202300003969,7,2,2023,2025-12-05 20:40:00,5,87,87001,2,1,1,6,25 Avenue Du General De Gaulle,45.796311,1.146795
202300003970,12,2,2023,2025-12-05 20:10:00,3,3,3118,1,1,1,2,A71 Pk 348+750,46.1087242,3.13827038
202300003971,4,5,2023,2025-12-05 14:30:00,1,972,97228,1,1,3,1,Rn1 - Derriere Morne,14.758532,-60.98088
202300003972,12,2,2023,2025-12-05 12:29:00,1,6,6104,1,1,1,7,Roquebrune-Cap Martin (Embranchement D'Autoroute),43.758387,7.443924
202300003973,4,5,2023,2025-12-05 17:55:00,1,77,77474,1,5,1,2,N3,48.957813,2.805612
202300003974,4,5,2023,2025-12-05 17:10:00,1,91,91494,2,6,1,3,D19,48.615236,2.351589
202300003975,12,2,2023,2025-12-05 20:40:00,3,973,97303,1,1,2,5,Route Nationale 1,5.472038,-53.182583
202300003976,5,5,2023,2025-12-05 10:30:00,1,2B,2B109,1,1,1,6,D80,42.728049,9.340954
202300003977,13,2,2023,2025-12-05 09:20:00,1,29,29234,1,1,1,2,L'Ile,47.84026557,-3.49503668
202300003978,13,2,2023,2025-12-05 18:25:00,1,30,30156,2,9,1,3,Avenue De La Gare,43.85692,4.446491
202300003979,5,5,2023,2025-12-05 16:42:00,1,83,83077,1,3,1,5,Route De Brignoles,43.29832195,5.98383476
202300003980,12,2,2023,2025-12-05 14:45:00,1,13,13030,1,1,1,5,D8N,43.269985,5.678142
202300003981,13,2,2023,2025-12-05 06:00:00,3,13,13066,1,1,1,3,D7N,43.883279,4.915878
202300003982,4,5,2023,2025-12-05 08:26:00,1,13,13100,1,1,1,3,1470 Route De Maillane,43.804342,4.820823
202300003983,12,2,2023,2025-12-05 16:30:00,1,21,21263,1,2,1,1,D996,47.257658,5.059124
202300003984,4,5,2023,2025-12-05 16:01:00,1,67,67021,1,1,1,7,D854,48.413864,7.387536
202300003985,12,2,2023,2025-12-05 18:00:00,3,68,68226,2,1,1,1,D417,48.043388,7.157056
202300003986,13,2,2023,2025-12-05 17:20:00,2,31,31291,2,6,7,3,Rond Point De La Mediterranee,43.601026,1.248488
202300003987,3,5,2023,2025-12-05 17:10:00,1,3,3286,2,3,1,3,D707 - Route Bleue,46.505755,3.362498
202300003988,12,2,2023,2025-12-05 06:40:00,3,22,22364,1,1,5,6,La Bouillie,48.434682,-2.087585
202300003989,19,1,2023,2025-12-05 20:55:00,3,22,22277,1,1,2,6,17 La Ville Au Pilon,48.37493,-2.879915
202300003990,4,5,2023,2025-12-05 18:00:00,1,73,73328,1,1,1,3,D1201A,45.648158,5.889755
202300003991,13,2,2023,2025-12-05 13:30:00,1,76,76164,1,1,1,7,Route Du Quesnay,49.502277,0.635147
202300003992,12,2,2023,2025-12-05 21:00:00,3,80,80210,1,1,1,1,D920,49.748638,2.10871
202300003993,28,4,2023,2025-12-05 18:18:00,1,26,26271,1,3,1,3,Route Des Chenes Verts,45.033251,4.881642
202300003994,29,1,2023,2025-12-05 10:55:00,1,13,13106,1,1,1,2,A7-Sens Marseille Vers Lyon,43.39959526,5.34924076
202300003995,11,2,2023,2025-12-05 15:18:00,1,83,83137,1,1,1,4,A50 Sortie Tunnel Tube Sud,43.12207309,5.95538157
202300003996,24,4,2023,2025-12-05 07:30:00,2,17,17220,1,2,5,3,D142,45.51295,-0.45799
202300003997,11,2,2023,2025-12-05 00:30:00,3,69,69029,1,1,1,3,Autoroute 43,45.7288186,4.89912313
202300003998,7,2,2023,2025-12-05 07:54:00,1,67,67152,1,1,1,2,M35,48.52367,7.64735
202300003999,4,5,2023,2025-12-05 13:30:00,1,17,17058,2,3,1,3,Rue William Bertrand,45.847751,-1.155699
202300004000,12,2,2023,2025-12-05 05:27:00,3,91,91228,1,1,1,5,Autoroute A6,48.62462,2.41869
202300004001,27,4,2023,2025-12-05 21:56:00,3,24,24068,1,1,1,7,D29,44.842687,0.88309
202300004002,12,2,2023,2025-12-05 02:20:00,3,91,91617,1,1,1,7,Rn 104,48.644223,2.539601
202300004003,12,2,2023,2025-12-05 20:50:00,3,78,78646,1,1,1,4,Rn12,48.791049,2.106297
202300004004,4,5,2023,2025-12-05 17:05:00,1,22,22012,1,2,1,3,Departementale 17,48.566654,-2.462525
202300004005,12,2,2023,2025-12-05 19:30:00,5,93,93053,1,1,1,3,Autoroute A86,48.90368296,2.4666784
202300004006,10,2,2023,2025-12-05 20:10:00,5,75,75117,2,1,1,5,Bd Peripherique Externe,48.900488,2.322065
202300004007,9,2,2023,2025-12-05 12:40:00,1,75,75120,2,2,1,6,Boulevard De Menilmontant,48.867136,2.383384
202300004008,5,5,2023,2025-12-05 17:15:00,1,80,80670,1,2,8,3,D51,49.843265,2.094317
202300004009,11,2,2023,2025-12-05 05:20:00,5,75,75119,2,4,1,6,Boulevard Peripherique Interieur Nord,48.90079088,2.37162799
202300004010,4,5,2023,2025-12-05 09:05:00,1,13,13211,1,1,1,3,Sens Aubagne Vers Marseille,43.2935,5.45639
202300004011,11,2,2023,2025-12-05 12:30:00,1,75,75118,2,3,1,6,Rue Stephenson,48.888012,2.356204
202300004012,4,5,2023,2025-12-05 20:30:00,1,91,91377,1,1,1,2,Rd 188,48.71907,2.27005
202300004013,10,2,2023,2025-12-05 22:15:00,5,75,75116,2,1,1,3,Avenue Des Nations Unies,48.861845,2.291642
202300004014,4,5,2023,2025-12-05 07:20:00,1,91,91432,1,1,1,2,Autoroute A6,48.69121,2.3221
202300004015,11,2,2023,2025-12-05 15:20:00,1,75,75115,2,1,1,4,Avenue De La Porte De Sevres,48.827343,2.293198
202300004016,3,5,2023,2025-12-05 10:00:00,1,91,91286,1,1,1,3,Rd 310,48.64397,2.39175
202300004017,11,2,2023,2025-12-05 12:00:00,1,75,75114,2,1,1,3,Avenue Denfert Rochereau,48.835452,2.333437
202300004018,29,1,2023,2025-12-05 22:00:00,5,75,75107,2,2,8,2,Rue De Sevres,48.851606,2.326883
202300004019,3,5,2023,2025-12-05 09:55:00,1,92,92036,1,1,1,2,A86,48.93440186,2.28032461
202300004020,11,2,2023,2025-12-05 15:50:00,1,75,75112,2,1,1,3,Avenue De Saint Mande,48.844804,2.404043
202300004021,11,2,2023,2025-12-05 03:50:00,5,75,75109,2,1,1,6,Boulevard De Rochechouart,48.883422,2.347976
202300004022,10,2,2023,2025-12-05 21:45:00,5,75,75110,2,3,1,7,Boulevard De Bonne Nouvelle,48.87035602,2.34955341
202300004023,3,5,2023,2025-12-05 22:10:00,3,93,93027,1,1,1,3,Autoroute A86,48.92458528,2.38937632
202300004024,10,2,2023,2025-12-05 20:10:00,5,75,75104,2,3,1,3,Rue De Rivoli,48.855106,2.361706
202300004025,3,5,2023,2025-12-05 12:40:00,1,92,92036,1,1,1,2,Autoroute A15,48.9446849,2.28538563
202300004026,11,2,2023,2025-12-05 15:05:00,1,94,94081,2,3,1,3,Rue Eugene Henaff / Parking Carrefour Rue Eugene Henaff,48.79417,2.41613
202300004027,4,5,2023,2025-12-05 09:10:00,1,94,94052,1,1,1,2,A86,48.83826565,2.49372861
202300004028,11,2,2023,2025-12-05 21:00:00,5,94,94078,2,3,1,4,Avenue Du 8 Mai 1945 / Impasse Saint-Georges,48.724692,2.445158
202300004029,11,2,2023,2025-12-05 00:40:00,5,94,94046,2,1,1,2,Avenue Du General Leclerc,48.8103,2.43225
202300004030,3,5,2023,2025-12-05 20:00:00,1,94,94069,1,1,1,2,A86,48.81723758,2.45368052
202300004031,11,2,2023,2025-12-05 20:50:00,5,94,94001,2,3,1,3,Quai De La Baronnie / Rue Du Bac,48.72114,2.41833
202300004032,3,5,2023,2025-12-05 15:44:00,1,974,97411,2,1,1,6,Littoral (Route 1 Du),-20.876,55.43641
202300004033,11,2,2023,2025-12-05 11:00:00,1,94,94070,1,1,1,2,Route De Mandres,48.71368975,2.56097692
202300004034,1,5,2023,2025-12-05 05:30:00,2,974,97407,1,1,1,6,Owens James,-20.93439,55.3194
202300004035,11,2,2023,2025-12-05 10:45:00,1,94,94048,2,1,1,2,1 Rue Des Forestiers,48.74286,2.559836
202300004036,11,2,2023,2025-12-05 10:30:00,1,95,95212,1,1,8,1,Peripherique Nord (Rte),49.02891,2.56093
202300004037,3,5,2023,2025-12-05 08:36:00,1,973,97302,2,1,1,7,Madeleine (Route De La),4.91194,-52.32125
202300004038,11,2,2023,2025-12-05 11:50:00,1,92,92072,2,1,1,3,Grande Rue,48.82589,2.21779
202300004039,4,5,2023,2025-12-05 00:45:00,5,69,69388,2,1,1,6,26 Rue Henri Barbusse,45.7306367,4.85710874
202300004040,10,2,2023,2025-12-05 23:30:00,5,92,92072,2,1,1,2,Grande Rue,48.82397979,2.20980629
202300004041,11,2,2023,2025-12-05 00:10:00,5,92,92033,2,1,1,7,Colonel De Rochebrune,48.85564469,2.19514534
202300004042,3,5,2023,2025-12-05 13:30:00,1,69,69387,2,5,1,3,Avenue Debourg,45.73172,4.82408
202300004043,10,2,2023,2025-12-05 08:45:00,1,92,92063,2,2,8,3,Colmar (Avenue De),48.88712,2.17959
202300004044,3,5,2023,2025-12-05 18:12:00,1,69,69149,2,2,1,1,Rue De La Republique,45.71701,4.81256
202300004045,11,2,2023,2025-12-05 18:19:00,5,92,92040,2,2,1,3,Rouget De L'Isle,48.82982,2.26128
202300004046,27,11,2023,2025-12-05 17:10:00,2,27,27210,1,1,2,3,D613,49.129148,0.820262
202300004047,10,2,2023,2025-12-05 20:15:00,5,92,92025,2,2,1,7,Charles De Gaulle (Bd),48.914629,2.229093
202300004048,3,5,2023,2025-12-05 14:30:00,1,2A,2A004,2,1,1,3,Calvi  Route,41.95525,8.78373
202300004049,27,11,2023,2025-12-05 17:00:00,2,37,37050,2,1,2,6,Route De La Vigne,47.33674,0.687584
202300004050,11,2,2023,2025-12-05 20:20:00,3,35,35046,1,2,1,3,La Barriais,47.875958,-2.042652
202300004051,3,5,2023,2025-12-05 13:25:00,1,2A,2A271,1,1,1,2,T20,41.9578,8.8123
202300004052,28,11,2023,2025-12-05 08:25:00,2,49,49355,1,1,1,3,Autoroute A87 - Pk : 042+100,47.133425,-0.825176
202300004053,3,5,2023,2025-12-05 12:00:00,1,2A,2A004,2,1,1,6,Mezzavia Route De,41.95241,8.78107
202300004054,18,11,2023,2025-12-05 02:15:00,3,24,24115,2,1,1,6,Route De La Tour Blanche,45.25258,0.691302