num_acc,jour,mois,an,hrmn,lum,dep,com,agg,int,atm,col,adr,lat,long
202300004055,11,2,2023,2025-12-05 18:00:00,3,95,95134,1,1,1,6,D4,49.140636,2.255153
202300004056,3,5,2023,2025-12-05 12:40:00,1,2A,2A004,2,1,1,6,Napoleon Cours Apres Beverini,41.92769,8.73852
202300004057,28,11,2023,2025-12-05 08:35:00,1,53,53108,1,1,1,6,A81 Pk 265+650,48.081132,-1.006343
202300004058,11,2,2023,2025-12-05 09:45:00,1,86,86254,1,2,7,3,D729,46.375478,0.844198
202300004059,27,11,2023,2025-12-05 19:20:00,3,38,38253,1,1,4,7,Rd220,45.026837,6.08796
202300004060,11,2,2023,2025-12-05 21:00:00,3,60,60385,1,1,2,6,Chemin Du Parc De Bourneville,49.146878,3.121018
202300004061,2,5,2023,2025-12-05 19:10:00,1,91,91421,1,1,1,2,Nationale 6 (Partie Foret),48.6899,2.46555
202300004062,28,11,2023,2025-12-05 13:25:00,1,6,6088,1,1,1,7,"Autoroute A8, Pk 193.600, Sens France Vers Italie",43.721583,7.218146
202300004063,8,2,2023,2025-12-05 10:50:00,1,44,44103,1,1,1,2,Adresse_Inconnue,47.324454,-2.1698
202300004064,11,2,2023,2025-12-05 19:40:00,3,23,23235,1,1,1,7,Mas Fevrier,46.214511,1.548493
202300004065,29,11,2023,2025-12-05 00:00:00,3,988,98831,2,3,1,7,Route De La Plage De Gatope,-20.96839,164.66989
202300004066,2,5,2023,2025-12-05 14:15:00,1,87,87085,2,1,1,3,Legendre (Rue Charles),45.81441,1.24254
202300004067,12,2,2023,2025-12-05 08:50:00,1,21,21373,1,1,5,7,D33,47.319814,4.79962
202300004068,11,2,2023,2025-12-05 17:00:00,1,51,51287,1,1,1,3,D1,49.070436,3.95673
202300004069,30,4,2023,2025-12-05 08:15:00,1,87,87085,2,6,1,2,Bugeaud (Cours),45.83417,1.26258
202300004070,8,11,2023,2025-12-05 19:00:00,5,78,78537,2,3,1,3,D29,48.579042,1.943314
202300004071,12,2,2023,2025-12-05 14:45:00,1,82,82155,1,1,7,1,D958,44.151201,1.7407
202300004072,30,4,2023,2025-12-05 05:30:00,3,87,87085,2,1,1,6,Dormoy (Rue Max),45.82657,1.22438
202300004073,28,11,2023,2025-12-05 18:00:00,5,84,84054,2,1,1,2,Avenue Aristide Briand,43.925779,5.048561
202300004074,12,2,2023,2025-12-05 09:00:00,1,32,32107,1,1,1,1,Route De Cahuzac,43.976982,0.380208
202300004075,29,4,2023,2025-12-05 02:00:00,5,87,87085,2,1,1,6,Leclerc (Avenue Du General),45.85402,1.26608
202300004076,26,11,2023,2025-12-05 16:40:00,2,13,13097,1,1,6,6,N568,43.552778,4.805145
202300004077,12,2,2023,2025-12-05 11:20:00,1,61,61483,2,6,1,6,D916,48.549918,-0.402517
202300004078,28,4,2023,2025-12-05 20:20:00,2,87,87048,1,1,1,7,Peyroux (Lieu Dit Le),45.78295,1.22607
202300004079,27,11,2023,2025-12-05 13:45:00,1,89,89438,1,1,3,3,Autoroute A6 Pk 166+600,47.792169,3.667846
202300004080,30,4,2023,2025-12-05 20:20:00,1,85,85194,2,1,1,1,14 Rue Jean Neau,46.49001,-1.76146
202300004081,12,2,2023,2025-12-05 01:45:00,3,42,42185,1,1,1,6,Rue De La Loire,45.584778,4.245076
202300004082,12,2,2023,2025-12-05 07:45:00,2,22,22203,1,1,5,6,Les Ecredes (L'Hermitage-Lorge),48.362073,-2.874663
202300004083,27,11,2023,2025-12-05 18:35:00,5,67,67067,2,1,3,6,Rue Jacques Kable,48.73071,7.709103
202300004084,3,5,2023,2025-12-05 19:35:00,1,83,83069,2,2,1,1,Decugis (Avenue Alfred),43.11486,6.15621
202300004085,11,2,2023,2025-12-05 15:00:00,1,39,39560,1,1,7,7,Adresse_Inconnue,46.358402,5.847434
202300004086,12,2,2023,2025-12-05 10:10:00,1,29,29093,1,1,1,1,16 - Treverroc,48.586285,-4.413731
202300004087,3,5,2023,2025-12-05 19:30:00,1,78,78418,2,6,1,3,Huit Mai 1945 (Rue Du),48.912011,2.146546
202300004088,27,11,2023,2025-12-05 19:35:00,3,88,88531,1,1,4,1,D8,48.098194,6.904875
202300004089,11,2,2023,2025-12-05 01:30:00,4,38,38095,1,6,1,6,D20,45.124928,5.280068
202300004090,27,11,2023,2025-12-05 18:30:00,3,73,73176,1,1,4,7,D1090,45.62122582,6.85770661
202300004091,3,5,2023,2025-12-05 15:40:00,1,77,77243,2,1,1,4,Jacques Lepaire  (Rue   ),48.87921,2.70157
202300004092,12,2,2023,2025-12-05 04:15:00,3,2,2759,2,4,5,6,8 Rue De Verdun,49.859408,3.788888
202300004093,27,11,2023,2025-12-05 18:45:00,5,73,73213,2,2,2,6,Rue Richelieu,45.559628,5.965852
202300004094,4,5,2023,2025-12-05 00:10:00,5,76,76157,2,3,1,1,Avenue Du President Allende,49.45,1.03512
202300004095,11,2,2023,2025-12-05 19:45:00,3,3,3080,1,2,1,3,D2209,46.103515,3.260558
202300004096,3,5,2023,2025-12-05 19:50:00,1,76,76319,1,1,7,7,D132,49.34672,1.00151
202300004097,25,11,2023,2025-12-05 08:15:00,1,38,38449,1,1,1,6,Chemin De La Poype,45.625623,5.091088
202300004098,12,2,2023,2025-12-05 15:10:00,1,15,15038,2,3,1,3,D 679,45.37658,2.577109
202300004099,3,5,2023,2025-12-05 15:00:00,1,76,76540,2,2,1,6,Rue Victor Hugo,49.44029,1.10084
202300004100,2,5,2023,2025-12-05 09:10:00,1,76,76391,2,1,1,6,Rue Frete,49.306367,0.957168
202300004101,12,2,2023,2025-12-05 10:25:00,1,72,72373,1,1,8,1,Les Jauges,48.041752,0.777733
202300004102,12,2,2023,2025-12-05 12:20:00,1,50,50464,1,1,1,3,La Vaudonniere,48.983188,-1.413009
202300004103,30,4,2023,2025-12-05 22:50:00,3,76,76447,1,1,1,2,Rd 489,49.54054,0.21188
202300004104,27,11,2023,2025-12-05 18:25:00,5,38,38158,2,3,2,3,Rue Irene Joliot Curie,45.149479,5.740228
202300004105,12,2,2023,2025-12-05 08:00:00,3,50,50251,1,1,1,6,La Croix Verte,49.501247,-1.428742
202300004106,3,5,2023,2025-12-05 06:31:00,1,72,72181,2,3,1,6,Rousseau Jj  Bd Ndeg Imp 1 A 133,47.97979,0.20642
202300004107,11,2,2023,2025-12-05 20:30:00,3,60,60029,1,1,2,6,Route De Villotran,49.357869,1.983637
202300004108,28,11,2023,2025-12-05 07:00:00,2,69,69009,1,1,2,3,Route De Lyon,45.92137606,4.7295688
202300004109,12,2,2023,2025-12-05 05:55:00,3,43,43152,1,1,1,6,5 Route Du Collet,45.061368,3.84986
202300004110,3,5,2023,2025-12-05 21:45:00,5,69,69266,2,6,1,6,Rue Gabriel Peri,45.77294,4.86662
202300004111,27,11,2023,2025-12-05 17:30:00,5,81,81140,2,6,2,6,5 Allees Jean Jaures,43.6990395,1.8151494
202300004112,3,5,2023,2025-12-05 14:25:00,1,69,69266,2,1,1,6,161 Rue Leon Blum,45.7606,4.90524
202300004113,11,2,2023,2025-12-05 20:20:00,3,36,36128,1,1,1,6,Rosiers,46.84645632,1.75055059
202300004114,2,5,2023,2025-12-05 00:30:00,5,69,69256,2,1,1,6,Avenue Salvador Allende,45.78073,4.92467
202300004115,26,11,2023,2025-12-05 16:00:00,2,46,46057,1,1,1,6,Lasfargue,44.683717,1.998047
202300004116,11,2,2023,2025-12-05 20:30:00,5,7,7183,2,3,1,7,2830 Route De Ruoms,44.472773,4.355988
202300004117,3,5,2023,2025-12-05 13:00:00,1,69,69264,2,3,1,3,Rue Jean-Michel Savigny,45.98208,4.71499
202300004118,28,11,2023,2025-12-05 20:35:00,3,17,17021,2,1,1,6,11 Rue Des Bergeres,45.748345,-1.156204
202300004119,11,2,2023,2025-12-05 16:00:00,1,24,24216,1,1,1,1,Neplier - D708,45.16288,0.254035
202300004120,11,2,2023,2025-12-05 16:45:00,1,85,85047,2,6,7,3,Vc Rue De Bois De Cene,46.851079,-1.879655
202300004121,27,11,2023,2025-12-05 19:10:00,3,86,86017,1,1,2,6,D42,46.665223,0.081167
202300004122,3,5,2023,2025-12-05 20:00:00,1,69,69259,2,6,1,3,Avenue Jacques Duclos,45.69739,4.89095
202300004123,11,2,2023,2025-12-05 13:15:00,1,85,85090,1,1,1,1,D64,46.83526,-0.85808
202300004124,27,11,2023,2025-12-05 17:05:00,2,47,47157,2,1,3,6,25 Rue Jean Moulin,44.499023,0.179039
202300004125,12,2,2023,2025-12-05 03:30:00,3,42,42185,1,1,1,6,Route De Veauche,45.589175,4.268287
202300004126,3,5,2023,2025-12-05 07:17:00,1,69,69259,2,2,1,3,Avenue Jean Cagne,45.69496898,4.87336223
202300004127,12,2,2023,2025-12-05 07:45:00,2,49,49068,1,1,1,6,A 11 Pk 289,47.427855,-0.914097
202300004128,20,11,2023,2025-12-05 13:25:00,1,60,60524,1,1,8,3,D1016,49.329003,2.435542
202300004129,3,5,2023,2025-12-05 11:15:00,1,67,67218,2,1,1,6,Strasbourg (Avenue De),48.545299,7.738031
202300004130,11,2,2023,2025-12-05 16:40:00,1,976,97605,2,1,1,7,Route De Sohoa,-12.826332,45.111516
202300004131,12,2,2023,2025-12-05 11:45:00,1,62,62559,1,9,1,6,A26,50.211259,3.098121
202300004132,25,11,2023,2025-12-05 21:15:00,5,60,60433,2,1,1,2,D1001,49.254816,2.206093
202300004133,27,4,2023,2025-12-05 15:40:00,1,67,67043,2,3,1,3,Perigueux (Avenue De),48.61474,7.73394
202300004134,18,11,2023,2025-12-05 18:50:00,5,2,2381,2,1,2,6,50 Avenue De Verdun,49.912981,4.09179
202300004135,27,4,2023,2025-12-05 10:20:00,1,67,67482,2,3,1,6,Salzmann (Rue),48.58007,7.74526
202300004136,12,2,2023,2025-12-05 16:30:00,1,34,34327,1,1,1,5,D68,43.675705,3.951735
202300004137,2,5,2023,2025-12-05 21:42:00,5,66,66136,2,1,1,2,Adresse_Inconnue,42.68777,2.8989
202300004138,12,2,2023,2025-12-05 06:50:00,3,42,42065,1,1,1,6,Route De Roanne,45.767283,4.216626
202300004139,27,11,2023,2025-12-05 15:45:00,1,59,59626,1,1,2,1,D129,50.296666,3.637322
202300004140,11,2,2023,2025-12-05 17:34:00,1,1,1032,2,1,1,6,Montee De Beligneux,45.855164,5.12842
202300004141,1,5,2023,2025-12-05 13:54:00,1,66,66136,2,3,1,3,Juin (Avenue Du Marechal),42.68788,2.89844
202300004142,24,11,2023,2025-12-05 10:35:00,1,38,38087,1,9,1,2,A7,45.58184,4.80136
202300004143,12,2,2023,2025-12-05 17:45:00,1,85,85250,1,1,1,1,D760,46.55099,-1.727099
202300004144,9,2,2023,2025-12-05 22:00:00,3,83,83027,1,1,1,2,A50,43.195,5.696
202300004145,27,11,2023,2025-12-05 12:35:00,1,33,33063,1,1,2,6,Rocade A 630,44.88364244,-0.55623114
202300004146,3,5,2023,2025-12-05 12:35:00,1,64,64483,2,1,1,5,Ascain (Route D'),43.38266,-1.64381
202300004147,24,1,2023,2025-12-05 15:00:00,1,69,69297,1,1,1,3,Autoroute 47,45.58812,4.78752
202300004148,3,5,2023,2025-12-05 01:05:00,3,64,64545,1,1,1,7,Route D'Ibardin,43.32122,-1.6843
202300004149,27,11,2023,2025-12-05 09:00:00,1,33,33013,1,1,2,3,Route Nationale 230,44.84996918,-0.50386101
202300004150,11,2,2023,2025-12-05 22:05:00,3,91,91617,1,1,1,2,Rn 104,48.631898,2.497016
202300004151,2,5,2023,2025-12-05 12:10:00,1,64,64445,2,1,1,6,Alsace Lorraine D',43.3055,-0.3752
202300004152,27,11,2023,2025-12-05 10:07:00,1,94,94003,1,1,2,3,A6A,48.80193886,2.34201599
202300004153,11,2,2023,2025-12-05 20:43:00,3,91,91377,1,1,1,2,Autoroute A10,48.71849,2.29246
202300004154,2,5,2023,2025-12-05 17:52:00,1,64,64024,2,1,1,3,Montbrun (Avenue De),43.503792,-1.496462
202300004155,11,2,2023,2025-12-05 17:29:00,2,91,91689,1,1,1,2,Autoroute A6,48.722,2.312
202300004156,26,11,2023,2025-12-05 04:25:00,3,94,94034,1,1,1,6,A86,48.75609704,2.34121956
202300004157,2,5,2023,2025-12-05 17:20:00,1,64,64102,2,1,1,7,Soult (Avenue Marechal),43.48566,-1.49138
202300004158,11,2,2023,2025-12-05 11:18:00,1,91,91161,1,1,1,2,Autoroute A6,48.69861,2.31344
202300004159,11,2,2023,2025-12-05 02:30:00,3,91,91477,1,1,1,6,Autoroute A126,48.721531,2.251348
202300004160,26,11,2023,2025-12-05 18:40:00,3,78,78158,1,1,1,5,A13,48.841346,2.1061
202300004161,25,4,2023,2025-12-05 09:10:00,1,63,63032,2,2,1,3,Rt De Romagnat / Barbier D'Aubree,45.74668,3.0938
202300004162,11,2,2023,2025-12-05 15:15:00,1,93,93053,1,1,1,2,Autoroute A3,48.89382816,2.47190204
202300004163,11,2,2023,2025-12-05 05:00:00,3,95,95252,1,1,1,6,A15,48.98761518,2.20662576
202300004164,2,5,2023,2025-12-05 08:30:00,1,63,63113,2,1,1,3,Clementel (Bd Etienne),45.81111827,3.10936689
202300004165,26,11,2023,2025-12-05 17:50:00,3,92,92036,1,1,1,4,A86,48.93664599,2.29068481
202300004166,10,2,2023,2025-12-05 23:40:00,5,93,93066,1,1,1,4,Autoroute A1,48.93164776,2.3697567
202300004167,3,5,2023,2025-12-05 22:15:00,3,62,62774,1,1,1,2,Parc Dover Patrol,50.92459,1.7156
202300004168,27,11,2023,2025-12-05 08:00:00,2,93,93064,1,1,2,3,Autoroute A86,48.86176,2.48349
202300004169,10,2,2023,2025-12-05 19:30:00,5,95,95018,1,1,1,2,A15,48.9496723,2.2802208
202300004170,27,11,2023,2025-12-05 13:45:00,2,94,94017,1,1,2,2,A4,48.82665078,2.51617424
202300004171,2,5,2023,2025-12-05 16:55:00,1,60,60325,1,1,1,4,Rd 1131,49.40255,2.78344
202300004172,10,2,2023,2025-12-05 15:00:00,1,93,93007,1,1,1,4,Autoroute A1,48.95096029,2.44989302
202300004173,10,2,2023,2025-12-05 07:40:00,2,67,67267,2,1,1,6,Konrad Adenauer (Rue),48.555906,7.692587
202300004174,3,5,2023,2025-12-05 07:50:00,1,56,56260,2,3,1,3,49 Boulevard Des Iles,47.65336,-2.78215
202300004175,27,11,2023,2025-12-05 09:30:00,1,94,94017,1,1,2,5,A4,48.82665078,2.51617424
202300004176,10,2,2023,2025-12-05 19:37:00,3,49,49246,2,1,1,6,Vest,47.44171,-0.48542
202300004177,2,5,2023,2025-12-05 17:34:00,1,56,56121,2,1,1,3,Normandie ( Bd Et Imp De ),47.75978,-3.36629
202300004178,28,8,2023,2025-12-05 08:50:00,1,74,74208,1,9,2,2,Route Nationale 205,45.926518,6.75193012
202300004179,10,2,2023,2025-12-05 16:35:00,1,75,75116,2,3,1,6,Rue Raynouard,48.85482912,2.27961112
202300004180,2,11,2023,2025-12-05 19:43:00,5,14,14137,2,1,2,6,59 Route De Caumont,49.18357,-0.44238
202300004181,3,5,2023,2025-12-05 22:45:00,5,45,45234,2,2,1,3,305 Rue Des Murlins,47.92743,1.8881
202300004182,10,2,2023,2025-12-05 07:50:00,1,93,93064,2,2,1,3,Rue Des 2 Communes / Rue Henri Mondor,48.8681865,2.5010781
202300004183,18,5,2023,2025-12-05 10:30:00,1,14,14409,2,1,1,3,98 Route De Cabourg,49.28269,-0.192284
202300004184,3,5,2023,2025-12-05 18:00:00,1,38,38185,2,1,1,6,Rue Nicolas Chorier,45.1853,5.71076
202300004185,10,2,2023,2025-12-05 16:40:00,1,92,92076,2,1,1,6,Genets,48.84003462,2.15508789
202300004186,26,11,2023,2025-12-05 16:40:00,1,974,97416,2,1,1,6,Mahy (Rue Francois De),-21.34316,55.47445
202300004187,24,4,2023,2025-12-05 21:20:00,5,36,36044,2,1,1,6,13 Rue Joseph Bellier,46.81218611,1.69230491
202300004188,9,2,2023,2025-12-05 10:15:00,1,76,76540,2,1,1,6,Boulevard De La Marne,49.446496,1.089938
202300004189,9,2,2023,2025-12-05 11:19:00,1,63,63113,2,2,1,6,Torpilleur Sirocco / Rue Du Cheval,45.80711142,3.10683757
202300004190,26,11,2023,2025-12-05 10:00:00,1,974,97416,1,9,1,7,Rn1(Bretelle Acces),-21.30475,55.42789
202300004191,3,5,2023,2025-12-05 12:00:00,1,35,35238,2,2,1,3,Strasbourg (Boulevard De),48.10993,-1.65543
202300004192,9,2,2023,2025-12-05 18:37:00,5,63,63075,2,1,1,6,Berthelot (Boulevard),45.77968,3.071636
202300004193,3,5,2023,2025-12-05 16:15:00,1,33,33119,2,1,1,6,Avenue Rene Cassagne,44.86232489,-0.51426664
202300004194,9,2,2023,2025-12-05 07:30:00,1,13,13202,2,1,1,6,Roger Salengro (Avenue),43.31536503,5.36998338
202300004195,26,11,2023,2025-12-05 10:45:00,1,973,97302,2,2,1,3,Mandela  (Boulevard),4.94064,-52.32681
202300004196,9,2,2023,2025-12-05 08:25:00,1,91,91468,1,1,1,5,Autoroute A6,48.5733,2.4674
202300004197,3,5,2023,2025-12-05 11:45:00,1,33,33162,2,3,1,3,Avenue Du Medoc,44.88368,-0.63295
202300004198,25,11,2023,2025-12-05 20:30:00,5,973,97302,2,1,1,7,Saint Antoine (Chemin),4.93201,-52.29726
202300004199,8,2,2023,2025-12-05 08:25:00,1,8,8409,2,1,9,6,Marne (Avenue De La),49.69588,4.91436
202300004200,20,4,2023,2025-12-05 16:00:00,1,30,30189,2,6,1,3,Rond Point Zion,43.8371,4.3884
202300004201,25,11,2023,2025-12-05 18:50:00,5,973,97302,1,1,1,6,Route Nationale 1,4.9084,-52.3233
202300004202,8,2,2023,2025-12-05 12:20:00,1,67,67482,2,1,1,6,Colmar (Avenue De),48.55277,7.74409
202300004203,8,2,2023,2025-12-05 10:45:00,1,77,77288,2,1,1,6,Saint Ambroise (Rue),48.535,2.657
202300004204,25,11,2023,2025-12-05 00:40:00,5,973,97302,2,1,2,7,Robert Vignon (Rue),4.93026,-52.3222
202300004205,29,4,2023,2025-12-05 10:38:00,1,28,28085,2,1,7,6,Bois Merrain (Rue Du),48.44,1.48
202300004206,10,2,2023,2025-12-05 09:18:00,1,976,97611,2,1,1,2,M'Tsapere-Case Pente ( Rue ),-12.77636,45.22542
202300004207,26,11,2023,2025-12-05 15:25:00,1,972,97209,2,1,1,2,Rd 41 (Rocade),14.61489,-61.07037
202300004208,28,4,2023,2025-12-05 13:45:00,1,27,27229,2,1,1,6,Bart (Rue Jean),49.02564,1.17207
202300004209,10,2,2023,2025-12-05 12:35:00,1,974,97416,1,1,1,2,Rn1 (Route Nationale),-21.30112,55.42464
202300004210,3,5,2023,2025-12-05 19:30:00,1,26,26198,2,6,1,6,Route D'Espeluche,44.54316,4.7716
202300004211,8,2,2023,2025-12-05 22:45:00,5,974,97411,2,6,1,2,Jaures (Boulevard Jean),-20.901085,55.496597
202300004212,26,11,2023,2025-12-05 15:20:00,1,69,69389,2,2,1,3,Rue Marietton,45.7758,4.8019
202300004213,3,5,2023,2025-12-05 20:20:00,1,25,25056,2,1,1,2,Languedoc Rue Du,47.218569,5.964853
202300004214,10,2,2023,2025-12-05 07:07:00,1,973,97302,2,1,1,3,Baduel (Route De),4.93206798,-52.30765164
202300004215,20,4,2023,2025-12-05 03:00:00,5,22,22278,2,1,1,6,Laennec (Bd),48.51077,-2.77415
202300004216,10,2,2023,2025-12-05 08:45:00,1,972,97213,1,1,2,3,Pays Meles,14.62666,-61.00794
202300004217,26,11,2023,2025-12-05 13:30:00,1,971,97105,2,3,1,5,Bologne (Route De),16.00609897,-61.73224747
202300004218,3,5,2023,2025-12-05 14:01:00,1,17,17300,2,9,1,6,Chef De Ville   Rue,46.15828,-1.15511
202300004219,10,2,2023,2025-12-05 15:55:00,1,2A,2A004,2,1,1,1,Route Du Stiletto,41.94661472,8.76571029
202300004220,10,2,2023,2025-12-05 12:05:00,1,2A,2A004,2,1,1,3,Route Du Stiletto,41.94640725,8.76746982
202300004221,3,5,2023,2025-12-05 10:15:00,1,14,14271,1,1,1,3,N814,49.13706,-0.39031
202300004222,25,11,2023,2025-12-05 17:50:00,3,95,95585,2,1,1,5,D125,48.98498,2.38547
202300004223,9,2,2023,2025-12-05 17:40:00,1,91,91174,2,1,1,6,Rue Paul Bert,48.58423,2.47213
202300004224,3,5,2023,2025-12-05 12:30:00,1,13,13206,2,2,1,6,Rouet (Rue Du),43.2842,5.38554
202300004225,10,2,2023,2025-12-05 08:35:00,1,86,86214,2,2,1,3,D162,46.563567,0.351414
202300004226,26,11,2023,2025-12-05 14:00:00,1,91,91692,2,1,1,2,Oceanie (Avenue De L'),48.67945,2.20075
202300004227,4,2,2023,2025-12-05 13:00:00,1,80,80021,2,9,1,3,Longueville (Place),49.887989,2.294665
202300004228,3,5,2023,2025-12-05 12:40:00,1,13,13211,2,1,1,6,Saint Menet (Montee),43.29531388,5.48900052
202300004229,3,5,2023,2025-12-05 07:52:00,1,13,13210,2,1,1,4,Romain Rolland (Boulevard),43.27926,5.421
202300004230,10,2,2023,2025-12-05 20:20:00,5,76,76322,2,1,1,6,Boulevard Maurice Ravel,49.412,1.0475
202300004231,15,1,2023,2025-12-05 01:10:00,3,73,73065,2,6,3,6,Marius Berroir / Costa De Beauregard,45.5638,5.9318
202300004232,3,5,2023,2025-12-05 05:50:00,2,13,13215,2,1,1,6,Bourrely (Chemin Des),43.37956,5.36165
202300004233,26,11,2023,2025-12-05 18:20:00,5,91,91097,2,9,1,4,Av Du Gal Charles De Gaulle,48.6849,2.53036
202300004234,7,2,2023,2025-12-05 05:15:00,5,67,67482,2,1,1,3,Comtes (Allee Des),48.58506,7.71453
202300004235,3,5,2023,2025-12-05 21:40:00,3,13,13005,2,1,1,7,Avelanede (Chemin De L'),43.28878,5.58705
202300004236,9,2,2023,2025-12-05 17:10:00,1,67,67482,2,1,1,2,Louis Pasteur (Quai),48.57431,7.73954
202300004237,26,11,2023,2025-12-05 10:30:00,1,91,91097,2,1,1,6,Av Jean Moulin,48.68232,2.53151
202300004238,3,5,2023,2025-12-05 19:45:00,1,13,13001,2,1,1,6,Marseille (Route De ),43.48347,5.41746
202300004239,10,2,2023,2025-12-05 11:50:00,1,64,64445,2,1,1,1,Tourasse,43.30913,-0.34367
202300004240,2,5,2023,2025-12-05 14:40:00,1,10,10333,2,1,1,4,Avenue D'Echenilly,48.28035844,4.04548466
202300004241,26,11,2023,2025-12-05 18:00:00,5,89,89387,2,3,1,3,Lucien Cornet (Avenue),48.1977,3.274
202300004242,9,2,2023,2025-12-05 20:53:00,5,64,64445,2,2,1,3,Jean Mermoz,43.3081,-0.37654
202300004243,2,5,2023,2025-12-05 08:26:00,1,10,10333,2,1,1,3,Auxerre (Route),48.27253014,4.05524254
202300004244,26,11,2023,2025-12-05 19:17:00,5,77,77320,2,1,1,6,D934,48.82876,3.02801
202300004245,3,5,2023,2025-12-05 19:20:00,1,6,6088,2,3,1,6,Cimiez (Bd) A Partir Du 16-17,43.7151,7.27188
202300004246,26,3,2023,2025-12-05 11:12:00,1,38,38348,2,6,9,7,Impasse Du Plan D'Eau,45.584225,5.308183
202300004247,3,5,2023,2025-12-05 08:50:00,1,4,4112,2,1,1,6,Majoral Arnaud (Av.),43.83037,5.78363
202300004248,26,11,2023,2025-12-05 18:35:00,5,76,76540,2,2,1,3,Rue Du Renard,49.45193,1.06902
202300004249,10,2,2023,2025-12-05 18:05:00,1,64,64024,2,1,1,1,Dassault (Avenue Marcel),43.49517,-1.49975
202300004250,25,3,2023,2025-12-05 20:40:00,5,69,69028,2,3,1,7,Route Neuve,45.725566,4.701177
202300004251,3,5,2023,2025-12-05 19:15:00,1,2,2738,2,1,1,1,56 Rue Denfert Rochereau,49.65849,3.29057
202300004252,26,3,2023,2025-12-05 03:00:00,3,9,9082,1,1,1,7,Rd 117,43.013865,1.368737
202300004253,25,11,2023,2025-12-05 16:12:00,1,76,76575,1,1,1,3,Boulevard Lenine,49.3956,1.1117
202300004254,26,3,2023,2025-12-05 19:30:00,2,14,14076,1,1,3,6,10 Rue De La Mer,49.223483,-0.286524
202300004255,10,2,2023,2025-12-05 16:30:00,1,64,64102,2,1,1,3,Pinede (Chemin),43.50261,-1.43856
202300004256,3,5,2023,2025-12-05 14:20:00,1,75,75108,2,2,1,3,Place De La Concorde,48.8666721,2.32205272
202300004257,25,11,2023,2025-12-05 15:40:00,1,69,69266,2,2,1,3,Rue Octavie,45.77839,4.88917
202300004258,26,3,2023,2025-12-05 05:00:00,3,35,35242,1,1,2,7,Cd 12 - Pk 10+ 100,48.388559,-1.535339
202300004259,26,11,2023,2025-12-05 16:40:00,5,67,67482,2,1,1,6,Federation (Route De La),48.5616,7.75033
202300004260,2,5,2023,2025-12-05 21:08:00,5,75,75107,2,2,1,1,Rue Du Bac,48.857703,2.327972
202300004261,25,3,2023,2025-12-05 19:30:00,3,27,27123,1,3,1,2,Route Nationale 13,49.012274,1.302041
202300004262,10,2,2023,2025-12-05 15:18:00,1,64,64102,2,1,1,6,Piece Noyee (Rond Point De La),43.49936,-1.48166
202300004263,26,11,2023,2025-12-05 06:30:00,3,64,64132,1,1,1,6,D938,43.28724,-0.32974
202300004264,3,5,2023,2025-12-05 16:45:00,1,75,75105,2,3,1,2,Quai De La Tournelle,48.850412,2.353529
202300004265,25,3,2023,2025-12-05 17:50:00,1,60,60589,2,6,8,3,Avenue De La Paix,49.23153021,2.4589473
202300004266,25,11,2023,2025-12-05 11:30:00,1,62,62667,2,2,1,7,D119E1,50.70463,1.57287
202300004267,3,5,2023,2025-12-05 17:50:00,1,75,75117,2,1,1,3,Avenue De Wagram,48.886697,2.304433
202300004268,20,2,2023,2025-12-05 14:20:00,1,69,69152,1,1,1,4,Route De Metropole 7,45.69459,4.84218
202300004269,26,11,2023,2025-12-05 10:10:00,1,58,58194,2,1,5,1,Marechal Koening,46.9904,3.16628
202300004270,3,5,2023,2025-12-05 18:40:00,2,75,75115,2,2,1,3,Rue De La Croix Nivert,48.839987,2.29038
202300004271,9,2,2023,2025-12-05 16:20:00,1,64,64024,2,1,1,3,Larrebat (Rue Justin),43.49274,-1.5071
202300004272,25,3,2023,2025-12-05 00:00:00,3,91,91553,1,1,1,5,Rn6 Province / Rn104 Int,48.63175,2.50444
202300004273,24,11,2023,2025-12-05 22:00:00,5,57,57606,2,7,2,3,Agora (Rue De L'),49.10801523,6.69721842
202300004274,3,5,2023,2025-12-05 18:30:00,1,75,75113,2,4,1,3,Boulevard Kellermann,48.821098,2.354415
202300004275,9,2,2023,2025-12-05 18:52:00,5,62,62178,2,1,1,6,Rue Louis Dussart,50.47764463,2.55898333
202300004276,25,11,2023,2025-12-05 22:30:00,5,51,51454,2,1,1,3,Courlancy (Rue De),49.24316,4.02766
202300004277,3,5,2023,2025-12-05 18:30:00,1,75,75113,2,2,1,3,Avenue D Italie,48.826176,2.3573
202300004278,25,3,2023,2025-12-05 17:55:00,1,92,92050,1,1,1,6,A86,48.89512395,2.1929711
202300004279,6,2,2023,2025-12-05 16:30:00,1,62,62119,2,6,1,6,Rue Marcelin Berthelot,50.52831,2.64269
202300004280,26,11,2023,2025-12-05 12:30:00,1,41,41047,2,1,1,3,Onyx (Rue De),47.6092,1.35637
202300004281,3,5,2023,2025-12-05 18:00:00,1,75,75112,2,3,1,3,Avenue De Gravelle,48.81836,2.451657
202300004282,25,3,2023,2025-12-05 15:15:00,1,95,95527,1,1,1,3,A3,48.98622,2.50804
202300004283,26,11,2023,2025-12-05 07:05:00,5,35,35238,2,3,1,3,Saint-Jean Baptiste De La Salle,48.11634,-1.7078
202300004284,3,5,2023,2025-12-05 16:20:00,1,75,75112,2,2,1,3,Quai De La Rapee,48.845846,2.367629
202300004285,10,2,2023,2025-12-05 14:30:00,1,59,59599,2,1,1,6,Grand Place,50.72155,3.15974