num_acc,jour,mois,an,hrmn,lum,dep,com,agg,int,atm,col,adr,lat,long
202300004286,24,3,2023,2025-12-05 20:10:00,3,93,93064,1,1,8,4,Autoroute A86,48.86369651,2.48274872
202300004287,24,3,2023,2025-12-05 13:15:00,1,95,95252,1,1,1,6,A115,48.98695437,2.24255979
202300004288,25,11,2023,2025-12-05 16:45:00,1,35,35278,2,6,1,5,Montgermont (Rond Point De),48.15828256,-1.68785512
202300004289,3,5,2023,2025-12-05 16:40:00,1,75,75111,2,2,1,3,Boulevard Des Filles Du Calvaire,48.862451,2.366882
202300004290,24,3,2023,2025-12-05 18:50:00,3,972,97213,1,1,2,6,Route Departementale 15,14.62164,-61.0066
202300004291,10,2,2023,2025-12-05 22:00:00,3,59,59636,1,1,1,6,Vert Galant Lieu Dit,50.69284,3.01944
202300004292,26,11,2023,2025-12-05 14:05:00,1,34,34172,2,3,1,3,Autignac (Rue Guillaume D'),43.5942,3.87029
202300004293,23,3,2023,2025-12-05 19:25:00,5,62,62186,2,1,3,6,D166,50.45771491,2.7212491
202300004294,3,5,2023,2025-12-05 06:45:00,1,75,75111,2,2,1,3,Avenue Parmentier,48.869993,2.371057
202300004295,22,3,2023,2025-12-05 17:00:00,1,59,59350,2,1,8,6,Gambetta Leon Rue,50.62832182,3.0518496
202300004296,26,11,2023,2025-12-05 18:36:00,5,33,33200,2,3,1,3,Avenue Pasteur,44.86697,-0.66862
202300004297,3,5,2023,2025-12-05 10:45:00,1,75,75110,2,3,1,3,Rue Du Faubourg Saint Martin,48.876098,2.360605
202300004298,10,2,2023,2025-12-05 20:20:00,5,59,59350,2,1,1,3,Esch Sur Alzette Rue,50.640107,3.07686
202300004299,22,3,2023,2025-12-05 16:55:00,1,29,29019,2,1,1,6,Rue Corot,48.41440647,-4.46931794
202300004300,3,5,2023,2025-12-05 08:00:00,1,75,75110,2,1,1,1,Boulevard De Magenta,48.882663,2.350344
202300004301,26,11,2023,2025-12-05 06:36:00,5,33,33063,2,3,1,6,Cours De La Marne,44.82877,-0.56347
202300004302,7,2,2023,2025-12-05 17:10:00,1,59,59328,2,1,1,1,Chenier Andre Rue,50.65554,3.028427
202300004303,26,11,2023,2025-12-05 16:10:00,1,31,31555,2,1,1,3,Bd Griffoul Dorval,43.593696,1.457645
202300004304,24,3,2023,2025-12-05 19:30:00,5,973,97302,2,6,1,3,Suzini (Carrefour),4.92722,-52.28999
202300004305,3,5,2023,2025-12-05 13:20:00,1,75,75108,2,2,1,5,Rue De Courcelles,48.876388,2.307886
202300004306,10,2,2023,2025-12-05 09:20:00,1,56,56098,2,6,1,2,Trudaine (Rue  Daniel ),47.77739,-3.33909
202300004307,26,11,2023,2025-12-05 03:00:00,3,30,30007,2,1,1,6,Mas D'Hours (Quai Du),44.11467,4.09589
202300004308,23,3,2023,2025-12-05 18:12:00,2,973,97302,2,1,1,7,Troubiran (Chemin De),4.92670469,-52.30347705
202300004309,26,11,2023,2025-12-05 11:45:00,1,29,29051,1,1,1,6,Route D'Elliant,47.9925414,-4.02702591
202300004310,24,3,2023,2025-12-05 23:26:00,5,69,69381,2,2,1,6,Rue De La Martiniere,45.76816,4.83132
202300004311,10,2,2023,2025-12-05 16:25:00,1,54,54547,2,6,1,6,Europe (Boulevard De L'),48.663098,6.171957
202300004312,24,3,2023,2025-12-05 08:20:00,1,69,69152,2,1,1,6,154 Rue Des Martyrs De La Liberation,45.70032,4.82456
202300004313,3,5,2023,2025-12-05 19:10:00,1,75,75101,2,3,1,3,Rue De Rivoli,48.863257,2.333813
202300004314,9,2,2023,2025-12-05 15:35:00,1,54,54395,2,1,1,6,Saint Jean (Rue),48.69,6.18
202300004315,25,11,2023,2025-12-05 20:54:00,3,28,28134,1,9,1,1,N 154 (Rocade),48.73052,1.39004
202300004316,24,3,2023,2025-12-05 11:46:00,1,2A,2A004,2,1,1,2,Sebastianu Costa Bd,41.94162,8.7478
202300004317,24,3,2023,2025-12-05 21:00:00,5,95,95680,2,1,1,6,Allee Pierre Corneille,49.00048312,2.41578519
202300004318,3,5,2023,2025-12-05 16:45:00,1,75,75101,2,3,1,6,Rue De Rivoli,48.862464,2.336261
202300004319,26,11,2023,2025-12-05 14:50:00,1,25,25056,2,2,1,2,Kennedy  Boulevard J.F.,47.23808,5.98801
202300004320,23,3,2023,2025-12-05 18:37:00,1,95,95598,2,1,1,3,Avenue De Paris,48.98962,2.291787
202300004321,3,5,2023,2025-12-05 22:00:00,5,94,94046,2,1,1,2,Avenue Du General De Gaulle,48.81071237,2.42318501
202300004322,9,2,2023,2025-12-05 16:35:00,1,50,50129,2,2,1,3,Leclerc (Rue Du General),49.64639,-1.64948
202300004323,25,11,2023,2025-12-05 05:00:00,3,13,13108,1,1,1,7,Arles (Petite Route D Arles Cd 35),43.77069,4.66858
202300004324,3,5,2023,2025-12-05 07:20:00,1,94,94003,2,9,1,3,Paul Vaillant Couturier (Av),48.79983524,2.34290743
202300004325,24,3,2023,2025-12-05 16:30:00,1,91,91691,2,1,1,6,Pierre Guilbert(Rue),48.717199,2.494106
202300004326,22,11,2023,2025-12-05 15:45:00,1,30,30032,2,1,7,6,Avenue De La Plaine,43.80533,4.63766
202300004327,9,2,2023,2025-12-05 18:45:00,3,49,49007,2,3,1,6,David D'Angers,47.47194,-0.55055
202300004328,3,5,2023,2025-12-05 18:35:00,1,94,94041,2,1,1,3,Rue Amedee Huon,48.80504222,2.38821664
202300004329,24,3,2023,2025-12-05 19:45:00,5,91,91286,2,1,2,3,Corbeil (Route De),48.654431,2.389184
202300004330,28,10,2023,2025-12-05 12:00:00,1,30,30032,2,1,1,6,Cours Gambetta,43.80605,4.64357
202300004331,9,2,2023,2025-12-05 15:20:00,1,49,49007,2,1,1,6,Camus Boulevard,47.48296,-0.5752
202300004332,3,5,2023,2025-12-05 10:50:00,1,94,94077,2,6,1,6,Rue Du Marechal Lyautey / Avenue De La Republique,48.7308992,2.41844851
202300004333,23,3,2023,2025-12-05 06:50:00,2,91,91228,2,1,2,3,Jean Mermoz (Rue),48.62394,2.41296
202300004334,9,2,2023,2025-12-05 08:15:00,1,49,49007,2,1,1,7,Dunant Rue Henri Et Rond Point,47.48462,-0.5314
202300004335,26,11,2023,2025-12-05 03:45:00,5,13,13204,2,1,1,3,Alex. Fleming (Boulevard),43.314,5.4064
202300004336,3,5,2023,2025-12-05 14:45:00,1,94,94079,2,3,1,3,Av Du Mal De Lattre De Tassigny,48.82135351,2.53461671
202300004337,21,3,2023,2025-12-05 17:50:00,1,85,85194,2,1,1,2,Vc Boulevard Pasteur,46.49039,-1.76782
202300004338,23,3,2023,2025-12-05 18:46:00,1,84,84007,1,1,1,6,Vertes Rives (Avenue Des ) - Montfavet,43.93772,4.88557
202300004339,25,11,2023,2025-12-05 23:43:00,5,13,13212,2,3,1,6,Saint Julien (Avenue De ),43.30445084,5.41455392
202300004340,3,5,2023,2025-12-05 07:40:00,1,94,94079,2,2,1,3,Avenue Des Saules,48.82271,2.56218
202300004341,23,3,2023,2025-12-05 15:10:00,1,84,84007,2,1,1,1,Magnanarelles (Avenue Des)-Montfavet,43.92068,4.87744
202300004342,10,2,2023,2025-12-05 12:00:00,1,45,45338,2,2,8,2,82 Rue Du Vieux Bourg,47.98096,2.72316
202300004343,25,11,2023,2025-12-05 21:50:00,5,13,13214,2,1,1,6,Roland Dorgeles (Boulevard),43.34619,5.38124
202300004344,3,5,2023,2025-12-05 18:50:00,1,93,93059,2,3,1,6,Rue Jules Chatenay / Avenue Jacques Prevert,48.97017,2.36962
202300004345,25,11,2023,2025-12-05 17:55:00,5,13,13208,2,1,1,3,Hambourg (Boulevard),43.249,5.39
202300004346,3,5,2023,2025-12-05 13:00:00,1,93,93031,2,1,1,3,Avenue Du 18 Juin 1940,48.95315,2.3076
202300004347,22,3,2023,2025-12-05 08:30:00,1,84,84007,2,2,1,6,C.De Gaulle (Rocade),43.9285,4.80991
202300004348,26,11,2023,2025-12-05 19:45:00,2,6,6069,2,6,1,1,Cannes (Route De)  -Rd 6085-,43.6341981,6.9518601
202300004349,10,2,2023,2025-12-05 00:50:00,5,44,44109,2,1,1,1,10 Boulevard De L'Estuaire,47.204419,-1.556019
202300004350,2,5,2023,2025-12-05 08:30:00,1,93,93057,2,3,1,6,Avenue Aristide Briand / Rue Des Ecoles,48.90837904,2.49777764
202300004351,24,3,2023,2025-12-05 10:50:00,1,83,83137,2,1,1,6,Pruneau (Ave General),43.12034281,5.95374566
202300004352,26,11,2023,2025-12-05 12:00:00,1,6,6004,1,1,1,3,Littoral(Bdm Apres Bijou Plage Rn98,43.5712348,7.1002218
202300004353,3,5,2023,2025-12-05 11:15:00,1,93,93001,2,2,1,6,Avenue Des Ponceaux / Rue De Crevecoeur,48.91914894,2.3863287
202300004354,9,2,2023,2025-12-05 08:10:00,1,41,41018,2,1,1,2,Cabochon (Rue De),47.58288,1.31591
202300004355,24,3,2023,2025-12-05 18:15:00,1,83,83069,1,1,1,1,Pierrefeu (Route De) Rd 12,43.16158,6.12408
202300004356,26,11,2023,2025-12-05 15:05:00,1,75,75112,2,1,1,5,Porte De Vincennes,48.841357,2.413552
202300004357,2,5,2023,2025-12-05 18:51:00,1,92,92046,2,7,1,6,Onze Novembre 1918 (Place Du),48.82116319,2.3024109
202300004358,24,3,2023,2025-12-05 09:55:00,1,82,82121,2,2,1,3,Chateauvieux (Rue De),44.02247615,1.35723799
202300004359,3,5,2023,2025-12-05 16:00:00,1,92,92050,2,1,1,6,Levant Boulevard Du,48.8904613,2.19930005
202300004360,10,2,2023,2025-12-05 07:45:00,1,40,40192,2,3,1,3,Haussez (Bd D'),43.89509,-0.50528
202300004361,26,11,2023,2025-12-05 00:15:00,5,75,75112,2,1,1,2,Porte De Vincennes,48.843158,2.413707
202300004362,23,3,2023,2025-12-05 09:40:00,1,82,82121,2,3,1,3,Rue Rene Char,44.02198626,1.37402259
202300004363,10,2,2023,2025-12-05 16:16:00,1,38,38151,2,3,1,3,Cours Jean Jaures,45.15424,5.7076
202300004364,3,5,2023,2025-12-05 20:13:00,1,92,92044,2,1,1,3,Charles Pasqua (Quai) 32 A 58,48.89998116,2.28195101
202300004365,25,11,2023,2025-12-05 05:30:00,5,75,75116,2,1,1,2,Porte Maillot,48.877655,2.280344
202300004366,10,2,2023,2025-12-05 15:30:00,2,38,38169,2,1,1,6,Quai Du Drac,45.19072,5.70072
202300004367,3,5,2023,2025-12-05 16:45:00,1,92,92044,2,1,1,6,Voltaire(Rue)53A81 Et 42A62,48.89367902,2.28832394
202300004368,10,2,2023,2025-12-05 14:00:00,1,35,35238,2,1,1,6,Postuminus,48.10333,-1.68962
202300004369,25,11,2023,2025-12-05 17:45:00,5,75,75116,2,1,1,3,Porte De Passy,48.859496,2.262727
202300004370,10,2,2023,2025-12-05 15:30:00,1,35,35281,2,1,1,3,Nantes (Rue De),48.08788997,-1.69424683
202300004371,3,5,2023,2025-12-05 13:00:00,1,92,92035,2,2,1,2,Kleber ( Rue ),48.90592629,2.23950371
202300004372,10,2,2023,2025-12-05 08:05:00,2,35,35238,2,1,1,6,Saint-Brieuc (De),48.11547,-1.70777
202300004373,24,11,2023,2025-12-05 18:33:00,5,75,75117,2,3,1,2,Avenue De La Porte De Champerret,48.886334,2.286531
202300004374,24,3,2023,2025-12-05 13:30:00,1,76,76540,2,4,1,3,Route De Bonsecours,49.43327,1.10766
202300004375,3,5,2023,2025-12-05 13:30:00,1,92,92026,2,1,1,2,Auguste Bailly,48.90559167,2.27732152
202300004376,22,3,2023,2025-12-05 19:15:00,5,72,72181,2,2,2,3,Louis Blanc (Quai),48.00639,0.1928
202300004377,3,5,2023,2025-12-05 08:30:00,1,92,92025,2,1,1,3,Stalingrad (Av De),48.930996,2.267187
202300004378,26,11,2023,2025-12-05 10:46:00,1,75,75105,2,2,1,6,Rue Monge,48.848075,2.350494
202300004379,10,2,2023,2025-12-05 17:40:00,1,34,34172,2,2,1,3,717 Avenue Jean Mermoz,43.61034,3.8905
202300004380,24,3,2023,2025-12-05 10:20:00,1,69,69256,2,1,8,3,39 Avenue Eugenie Cotton,45.77177383,4.92378021
202300004381,3,5,2023,2025-12-05 02:15:00,5,92,92024,2,3,1,6,Bac D'Asniere (Rue Du),48.90380535,2.29057029
202300004382,10,2,2023,2025-12-05 22:05:00,4,33,33200,2,6,1,7,Avenue De Magudas,44.8594,-0.6848
202300004383,26,11,2023,2025-12-05 07:35:00,2,75,75118,2,3,1,6,Boulevard Barbes,48.884209,2.349485
202300004384,11,2,2023,2025-12-05 01:45:00,3,22,22187,2,1,1,7,Grippet (Rue Du ),48.52844,-2.75157
202300004385,4,5,2023,2025-12-05 08:18:00,1,85,85181,1,1,1,5,Rd 148,46.49768,-0.924643
202300004386,24,11,2023,2025-12-05 13:45:00,1,75,75116,2,1,1,1,Route De Suresnes,48.871187,2.272599
202300004387,23,3,2023,2025-12-05 19:50:00,5,67,67482,2,1,1,3,Dresde (Boulevard De),48.59929316,7.76137412
202300004388,24,3,2023,2025-12-05 16:20:00,1,64,64102,2,1,1,3,Mai 1945 (Avenue Du 8),43.474255,-1.485425
202300004389,28,4,2023,2025-12-05 16:54:00,1,67,67034,1,1,3,1,D30,48.682856,7.631281
202300004390,25,11,2023,2025-12-05 01:40:00,5,75,75115,2,2,1,6,Quai De Grenelle,48.854388,2.28865
202300004391,10,2,2023,2025-12-05 18:30:00,3,22,22187,1,1,1,2,Rn12,48.53215,-2.75696
202300004392,4,5,2023,2025-12-05 15:20:00,1,32,32418,1,1,1,1,Rd32,43.432521,0.843442
202300004393,24,3,2023,2025-12-05 12:15:00,1,64,64102,1,1,2,3,Saint Bernard (Chemin De),43.50123,-1.48187
202300004394,26,11,2023,2025-12-05 12:40:00,1,75,75114,2,2,1,3,Avenue De La Porte De Chatillon,48.822317,2.314343
202300004395,10,2,2023,2025-12-05 13:05:00,1,22,22278,2,1,1,7,Ecluses (Chem. De L'),48.52719,-2.72846
202300004396,30,4,2023,2025-12-05 09:15:00,1,62,62785,1,1,1,6,D939,50.348742,2.566316
202300004397,23,3,2023,2025-12-05 19:20:00,5,64,64102,2,1,1,2,Saint Leon (Rond Point),43.48825,-1.48283
202300004398,10,2,2023,2025-12-05 20:50:00,3,13,13019,1,1,1,7,D9,43.45664,5.3267
202300004399,25,11,2023,2025-12-05 15:04:00,1,75,75113,2,2,1,3,Boulevard Du General Jean Simon,48.825669,2.382084
202300004400,4,5,2023,2025-12-05 13:45:00,1,34,34270,1,3,1,1,2 Rue Louis Breguet,43.56053,3.84272
202300004401,23,3,2023,2025-12-05 13:45:00,1,64,64102,2,6,1,3,De Martres (Avenue Raymond),43.48692,-1.48304
202300004402,4,5,2023,2025-12-05 07:20:00,2,34,34270,2,1,7,6,6 Route De Beziers,43.575195,3.82593
202300004403,26,11,2023,2025-12-05 18:45:00,5,75,75111,2,2,1,6,Boulevard De Belleville,48.870019,2.379104
202300004404,23,1,2023,2025-12-05 22:50:00,5,13,13056,2,1,1,6,Rimbaud Arthur,43.42168,5.05696
202300004405,4,5,2023,2025-12-05 05:00:00,5,37,37153,1,1,1,6,A 10,47.490335,0.819498
202300004406,25,11,2023,2025-12-05 23:55:00,5,75,75120,2,7,1,3,Boulevard De Menilmontant,48.8629,2.387539
202300004407,23,3,2023,2025-12-05 09:00:00,1,64,64024,2,2,1,3,Cinq Cantons (Rue Des),43.48826,-1.52206
202300004408,4,5,2023,2025-12-05 15:20:00,1,51,51412,1,1,1,7,D5,48.6952757,3.89168143
202300004409,26,11,2023,2025-12-05 16:40:00,2,93,93055,2,1,1,6,Avenue Edouard Vaillant,48.899505,2.396538
202300004410,10,2,2023,2025-12-05 18:15:00,5,13,13210,2,5,1,1,Paul Claudel (Boulevard),43.26930611,5.42092259
202300004411,21,3,2023,2025-12-05 14:30:00,1,62,62637,2,1,1,3,Darchicourt (Av Fernand),50.46758,2.98746
202300004412,25,11,2023,2025-12-05 18:47:00,5,93,93046,2,1,1,1,Boulevard Jean Moulin,48.91201761,2.51377366
202300004413,10,2,2023,2025-12-05 10:45:00,1,13,13208,2,1,1,6,Hambourg (Boulevard),43.25218,5.38688
202300004414,22,3,2023,2025-12-05 17:55:00,1,62,62758,1,1,2,1,Rue Du Denacre,50.73555,1.63394
202300004415,26,11,2023,2025-12-05 12:00:00,1,92,92064,2,1,1,7,Parc Saint Cloud,48.8285049,2.21044081
202300004416,10,2,2023,2025-12-05 11:45:00,1,13,13214,2,1,1,6,Sainte Marthe (Chemin),43.32363,5.38914
202300004417,24,3,2023,2025-12-05 16:00:00,1,59,59350,2,2,1,3,Cormontaigne  Metro,50.62621,3.0402
202300004418,26,11,2023,2025-12-05 17:58:00,3,35,35268,1,2,1,3,La Belle Alouette,47.76644061,-1.89079911
202300004419,10,2,2023,2025-12-05 08:57:00,1,13,13215,2,1,1,1,De Saint Louis Au Rove (Chemin),43.35272,5.35348
202300004420,24,3,2023,2025-12-05 12:15:00,1,59,59143,2,9,2,3,Kleber Ringot (Place),50.67677,2.88966
202300004421,25,11,2023,2025-12-05 07:30:00,1,1,1383,1,1,1,1,Route De Servas,46.111735,5.146472
202300004422,22,3,2023,2025-12-05 14:30:00,1,58,58194,2,6,1,3,Croix Joyeuse (Carrefour),46.99508,3.16876
202300004423,26,11,2023,2025-12-05 03:20:00,3,1,1054,1,1,1,6,D1084,45.86688093,5.14930755
202300004424,7,6,2023,2025-12-05 07:30:00,1,69,69385,2,1,1,7,31 Montee Du Chemin Neuf,45.75997078,4.82449732
202300004425,25,11,2023,2025-12-05 11:05:00,1,6,6161,1,9,1,2,Boulevard Valery Giscard D'Estaing,43.643636,7.133151
202300004426,22,3,2023,2025-12-05 15:00:00,1,54,54526,2,2,1,3,Fraternite (Rue De La),48.69312267,6.21237159
202300004427,6,6,2023,2025-12-05 13:31:00,1,2B,2B120,1,1,2,2,11 - Rt,42.653156,9.441015
202300004428,20,11,2023,2025-12-05 18:35:00,5,49,49092,2,1,2,6,Avenue Du General De Gaulle (Chemille),47.209205,-0.722694
202300004429,22,3,2023,2025-12-05 17:54:00,1,51,51454,2,1,1,2,Rue De L'Arbalete,49.25642,4.03156
202300004430,7,6,2023,2025-12-05 13:48:00,1,2A,2A004,2,3,1,2,Napoleon Cours Avant Beverini,41.92652516,8.73832583
202300004431,25,11,2023,2025-12-05 17:40:00,5,68,68145,2,3,1,7,Rue Du Jura,48.078083,7.391508
202300004432,24,3,2023,2025-12-05 17:10:00,1,51,51663,2,1,1,2,Avenue Alfred Anatole Thevenet,49.05663,3.96511
202300004433,7,6,2023,2025-12-05 13:15:00,1,95,95197,2,2,7,3,Pavillon (Ruelle Du),48.96846,2.33292
202300004434,24,3,2023,2025-12-05 15:25:00,1,49,49007,1,1,1,6,Rue Francois Mauriac,47.44568,-0.56446
202300004435,26,11,2023,2025-12-05 19:50:00,3,972,97222,2,1,1,6,N1,14.67055,-60.954769
202300004436,23,3,2023,2025-12-05 14:48:00,1,49,49007,2,1,1,6,Briand Avenue,47.4738,-0.5775
202300004437,7,6,2023,2025-12-05 13:00:00,1,95,95288,2,1,1,6,D311,48.98517,2.35747
202300004438,26,11,2023,2025-12-05 14:00:00,1,972,97220,1,1,1,1,Regale,14.529771,-60.920713
202300004439,7,6,2023,2025-12-05 09:50:00,1,95,95210,2,1,1,2,D311,48.971701,2.304975
202300004440,24,3,2023,2025-12-05 07:35:00,1,45,45234,2,3,1,3,158Bis Rue De La Barriere Saint-Marc,47.93082733,1.93395317
202300004441,26,11,2023,2025-12-05 14:25:00,1,974,97414,1,1,1,2,N5,-21.26638,55.456034
202300004442,24,3,2023,2025-12-05 19:33:00,5,37,37261,2,2,2,3,Giraudeau (Rue),47.37973,0.67743
202300004443,27,11,2023,2025-12-05 07:30:00,2,68,68315,2,1,1,7,Route De Bollwiller,47.881136,7.236015
202300004444,22,11,2023,2025-12-05 23:30:00,3,85,85109,1,1,1,7,Route De L'Auriere,46.857022,-1.053979
202300004445,24,3,2023,2025-12-05 19:55:00,5,35,35238,2,1,1,3,Bourgeois (Boulevard Leon),48.09901515,-1.65332705
202300004446,24,11,2023,2025-12-05 08:10:00,1,30,30141,2,3,1,3,N580,44.106116,4.694037
202300004447,24,3,2023,2025-12-05 13:45:00,1,35,35238,2,3,1,3,Saint-Helier,48.10273,-1.66142
202300004448,24,3,2023,2025-12-05 22:30:00,5,34,34172,2,1,1,1,500 Avenue Des Pres D'Arenes,43.592,3.88094
202300004449,7,11,2023,2025-12-05 17:15:00,3,51,51115,2,6,1,4,D951,49.201672,4.013389
202300004450,27,11,2023,2025-12-05 08:20:00,1,51,51418,1,1,3,7,D980 - Pk 31,49.22833892,3.95498574
202300004451,24,3,2023,2025-12-05 20:10:00,5,33,33281,2,2,1,2,Avenue Du Truc,44.84951,-0.65584
202300004452,26,11,2023,2025-12-05 10:00:00,1,51,51030,1,2,1,6,Departemantele D201,49.05719,4.034045
202300004453,23,3,2023,2025-12-05 08:15:00,1,33,33281,2,3,1,3,Avenue De La Liberation,44.86068,-0.64254
202300004454,27,11,2023,2025-12-05 08:05:00,2,19,19002,1,1,9,3,Le Ciarneix,45.586864,2.378497
202300004455,7,6,2023,2025-12-05 17:37:00,1,91,91425,1,1,1,2,Rte D Orleans Rn 20,48.65015,2.27217
202300004456,24,3,2023,2025-12-05 21:20:00,5,33,33529,2,9,1,3,Lagrua (Rue),44.64495,-1.1578
202300004457,27,11,2023,2025-12-05 07:57:00,2,76,76070,1,1,2,3,Route D'Ardouval,49.729057,1.244845
202300004458,7,6,2023,2025-12-05 10:45:00,1,91,91377,2,6,1,3,Rue Victor Basch,48.7298,2.26968
202300004459,21,3,2023,2025-12-05 23:10:00,5,31,31555,2,1,1,3,Carnot (Bd Lazare) Du 1Au 81,43.60294,1.45127
202300004460,10,7,2023,2025-12-05 10:30:00,1,61,61484,2,6,1,3,D407,48.266883,0.675616
202300004461,23,11,2023,2025-12-05 18:15:00,3,2B,2B346,2,1,1,1,Rt 10,42.510751,9.452598
202300004462,2,5,2023,2025-12-05 14:40:00,1,91,91174,2,1,1,3,Quai De L Apport Paris,48.61764,2.47701
202300004463,9,7,2023,2025-12-05 18:30:00,1,61,61081,1,3,1,3,D737 Pr5+920,48.676698,0.181129
202300004464,26,11,2023,2025-12-05 15:00:00,1,2B,2B207,2,1,1,3,Folelli,42.450093,9.506457
202300004465,4,6,2023,2025-12-05 22:04:00,5,91,91174,2,1,1,1,Rue Pablo Picasso,48.615126,2.461564
202300004466,6,6,2023,2025-12-05 13:42:00,1,87,87085,2,1,1,6,Feuillants (Rue Des),45.83268,1.26298
202300004467,24,3,2023,2025-12-05 07:25:00,1,26,26313,1,1,1,5,Lacra Rn532,44.96020261,4.94099379
202300004468,13,7,2023,2025-12-05 20:30:00,2,12,12133,2,6,7,6,Avenue De Rodez,44.292981,2.559605
202300004469,6,6,2023,2025-12-05 12:30:00,1,85,85194,2,2,1,3,62Bis Rue Du Docteur Schweitzer,46.4925,-1.75968
202300004470,13,7,2023,2025-12-05 22:00:00,3,47,47173,1,1,1,7,Rouby,44.450046,0.514399
202300004471,24,3,2023,2025-12-05 19:40:00,1,26,26198,2,1,1,3,Route De Dieulefit,44.55055,4.77089
202300004472,26,11,2023,2025-12-05 20:35:00,3,61,61484,1,2,1,3,D923 Pr10+100,48.263121,0.746995
202300004473,4,6,2023,2025-12-05 15:45:00,1,83,83118,2,6,1,6,Avenue Valrose,43.417198,6.810088
202300004474,13,7,2023,2025-12-05 18:55:00,1,47,47252,1,1,1,1,D911,44.388497,0.589319
202300004475,24,3,2023,2025-12-05 17:25:00,1,24,24037,2,1,1,3,Boulevard Auguste Comte,44.84813857,0.49239457
202300004476,27,11,2023,2025-12-05 08:15:00,2,22,22265,1,1,3,6,Route De Goazoures,48.747141,-3.398005
202300004477,11,4,2023,2025-12-05 23:00:00,5,83,83061,1,1,1,1,Avenue De La Corniche D'Azur,43.37444,6.71797
202300004478,24,3,2023,2025-12-05 23:50:00,3,17,17415,2,6,3,7,Diconche,45.72447,-0.63995
202300004479,12,7,2023,2025-12-05 19:50:00,1,86,86271,1,1,1,6,D15,46.771751,0.228825
202300004480,2,6,2023,2025-12-05 13:35:00,1,80,80021,2,6,1,6,Alexandre Dumas (Rue),49.87083,2.30746
202300004481,24,3,2023,2025-12-05 19:10:00,2,17,17300,2,1,8,3,Grandes Varennes   Avenue Des,46.16817,-1.17762
202300004482,10,7,2023,2025-12-05 13:05:00,1,25,25147,2,3,1,3,Place De La Mare,47.226712,5.894546
202300004483,26,11,2023,2025-12-05 18:12:00,3,25,25063,1,1,5,6,D480,47.391885,6.856145
202300004484,7,6,2023,2025-12-05 18:20:00,1,78,78440,2,1,1,3,Moliere (Rue),48.98389,1.9153
202300004485,24,3,2023,2025-12-05 07:05:00,1,13,13210,2,1,1,3,Toulon (Avenue De),43.28384,5.39645
202300004486,11,7,2023,2025-12-05 17:15:00,1,44,44018,2,6,1,3,Rue De Nantes,47.14415316,-1.68696999
202300004487,26,11,2023,2025-12-05 19:40:00,3,44,44183,1,1,1,6,Adresse_Inconnue,47.381382,-2.385664
202300004488,24,3,2023,2025-12-05 03:30:00,5,13,13211,2,1,1,1,Menard (Pierre) (Boulevard),43.29050124,5.44020506
202300004489,27,11,2023,2025-12-05 11:50:00,1,58,58046,1,1,8,1,Lieu Dit Les Arreaux,46.848848,3.626744
202300004490,13,7,2023,2025-12-05 19:30:00,1,35,35331,1,2,1,3,Crabassou,48.07198329,-1.91267654
202300004491,24,3,2023,2025-12-05 13:00:00,1,13,13004,2,1,1,3,Av Stalingrad,43.69002002,4.6371372
202300004492,13,7,2023,2025-12-05 20:00:00,1,34,34192,2,1,1,6,Avenue De La Pourquiere,43.543671,3.968602
202300004493,22,3,2023,2025-12-05 16:10:00,1,11,11069,2,2,1,3,Adresse_Inconnue,43.21129,2.32655
202300004494,25,11,2023,2025-12-05 15:50:00,1,72,72191,1,1,7,3,L'Archerie,47.72767193,0.27553439
202300004495,8,6,2023,2025-12-05 00:20:00,5,74,74218,1,1,1,5,Thonon (Avenue De),46.38671,6.52116
202300004496,24,3,2023,2025-12-05 12:40:00,1,7,7102,2,1,1,6,Lyon (Avenue De),44.9348,4.8562
202300004497,14,7,2023,2025-12-05 04:40:00,3,29,29143,2,9,1,6,Hameau De Ranyere,48.035185,-4.432613
202300004498,7,6,2023,2025-12-05 19:05:00,1,74,74012,2,1,1,6,Mont-Blanc (Rue Du),46.19553,6.23532
202300004499,27,11,2023,2025-12-05 07:45:00,1,6,6007,1,1,1,2,Route De Saint Jacques,43.619087,6.918619
202300004500,24,3,2023,2025-12-05 15:20:00,1,6,6069,2,9,1,4,Orme (Chemin De L'),43.64898,6.94739
202300004501,12,7,2023,2025-12-05 19:35:00,1,38,38012,2,2,1,2,D1516,45.587431,5.606949
202300004502,6,6,2023,2025-12-05 19:20:00,1,72,72181,2,1,1,5,Mitterand Francois (Av),48.00351,0.19946
202300004503,24,3,2023,2025-12-05 19:00:00,2,6,6027,2,1,1,6,Nice Avenue De (Rn7),43.6559,7.153
202300004504,7,11,2023,2025-12-05 15:25:00,1,5,5011,1,1,1,6,D942,44.53913545,6.19262714
202300004505,14,7,2023,2025-12-05 06:30:00,1,2,2564,1,1,1,6,Adresse_Inconnue,49.33964,3.324051
202300004506,26,11,2023,2025-12-05 21:30:00,3,5,5132,1,1,1,6,Route De Pelisse D23,44.700569,6.070375
202300004507,30,5,2023,2025-12-05 16:45:00,1,71,71076,2,3,1,3,Verdun (Avenue),46.77648,4.86681
202300004508,23,3,2023,2025-12-05 15:48:00,1,6,6027,2,2,1,1,Chenes Avenue Des,43.66207,7.16843
202300004509,7,6,2023,2025-12-05 11:13:00,1,69,69266,2,2,1,3,Boulevard Laurent Bonnevay,45.78697326,4.87898891