num_acc,jour,mois,an,hrmn,lum,dep,com,agg,int,atm,col,adr,lat,long
202300004510,22,1,2023,2025-12-05 06:00:00,3,13,13077,1,1,1,7,Rn 568,43.42346866,4.97541973
202300004511,27,11,2023,2025-12-05 16:30:00,1,73,73182,2,1,2,3,Chemin Via Dessous,45.689761,5.933752
202300004512,14,7,2023,2025-12-05 15:00:00,1,15,15124,1,1,7,1,Rd 3,45.306553,2.605069
202300004513,26,11,2023,2025-12-05 16:50:00,5,43,43012,1,9,1,7,Avenue De Firminy,45.370198,4.205281
202300004514,23,3,2023,2025-12-05 18:05:00,3,976,97611,2,1,1,6,Cavani-Belle Vue (Rue),-12.78632,45.22035
202300004515,7,6,2023,2025-12-05 00:05:00,5,69,69259,2,2,1,3,Boulevard Irene Joliot Curie,45.71432,4.87926
202300004516,23,3,2023,2025-12-05 15:30:00,1,976,97611,2,1,1,6,Mamoudzou Centre-Cinema Alpajoe (Rue Du),-12.78002,45.2288
202300004517,6,6,2023,2025-12-05 23:00:00,5,69,69259,2,1,1,4,Boulevard Pinel,45.72576,4.88711
202300004518,25,11,2023,2025-12-05 20:20:00,5,987,98735,1,3,1,3,Mataiea Pk 44.500,-17.722,-149.399
202300004519,8,7,2023,2025-12-05 18:15:00,1,6,6089,1,5,1,2,D3,43.646479,7.011187
202300004520,23,3,2023,2025-12-05 17:00:00,1,974,97407,2,1,1,6,Mahy Francois (Rue),-20.93805,55.29309
202300004521,22,7,2023,2025-12-05 21:30:00,2,44,44184,2,1,1,6,41 Rue Georges De Buffon,47.28535758,-2.22421446
202300004522,14,7,2023,2025-12-05 16:05:00,1,5,5098,2,1,1,3,Route Du Boussolenc,44.497206,6.55482
202300004523,3,6,2023,2025-12-05 00:15:00,3,66,66136,1,1,1,1,Adresse_Inconnue,42.67703,2.86292
202300004524,23,3,2023,2025-12-05 06:30:00,1,973,97302,2,2,1,3,Montabo (Route De) 1,4.93618648,-52.29620147
202300004525,21,7,2023,2025-12-05 03:00:00,3,44,44109,2,1,1,7,Boulevard Leon Jouhaux,47.20974562,-1.59366387
202300004526,13,7,2023,2025-12-05 13:15:00,1,5,5132,1,1,1,7,Route Du Domaine,44.669691,6.08855
202300004527,25,11,2023,2025-12-05 02:00:00,5,987,98748,1,1,1,6,Pk 17+800 Teahupoo,-17.805532,-149.293535
202300004528,24,3,2023,2025-12-05 00:50:00,5,69,69386,2,1,2,6,Rue Duguesclin,45.77433,4.84634
202300004529,6,6,2023,2025-12-05 17:45:00,1,64,64445,2,1,1,6,Parc En Ciel,43.32108,-0.34372
202300004530,7,7,2023,2025-12-05 15:15:00,1,90,90005,1,1,1,1,D12,47.726933,6.75833
202300004531,20,7,2023,2025-12-05 13:00:00,1,44,44109,2,2,8,3,74 Quai De La Fosse,47.20918066,-1.56654576
202300004532,7,6,2023,2025-12-05 07:30:00,1,64,64125,2,1,1,3,Bayonne (Avenue De),43.4486,-1.57145
202300004533,25,11,2023,2025-12-05 18:20:00,3,988,98817,1,1,1,1,Roches Lianes (Arret De Bus),-22.23557,166.56687
202300004534,23,3,2023,2025-12-05 09:30:00,1,69,69383,2,2,1,3,1 Rue Bonnand,45.75034,4.88438
202300004535,18,7,2023,2025-12-05 18:30:00,1,44,44109,2,1,1,6,52 Rue Nicolas Appert,47.21369771,-1.58077115
202300004536,13,7,2023,2025-12-05 18:00:00,1,60,60286,2,1,1,3,Rue De Rouen,49.66168568,1.9329532
202300004537,27,11,2023,2025-12-05 11:30:00,1,976,97608,2,1,1,3,Boulevard Des Crabes,-12.78743,45.263849
202300004538,23,3,2023,2025-12-05 18:00:00,1,69,69152,2,1,1,6,21 Rue Voltaire,45.70323435,4.82152893
202300004539,11,12,2023,2025-12-05 09:05:00,1,10,10401,2,2,2,3,Rue Des Anciennes Tanneries,48.236615,4.469086
202300004540,26,11,2023,2025-12-05 00:15:00,3,13,13088,1,1,1,7,D568,43.364526,5.243596
202300004541,2,6,2023,2025-12-05 16:45:00,1,62,62498,2,3,1,6,Boulevard Emile Basly,50.429922,2.82694
202300004542,23,3,2023,2025-12-05 09:00:00,1,69,69381,2,3,1,3,10 Rue De La Republique,45.76536957,4.83588745
202300004543,13,7,2023,2025-12-05 23:40:00,3,64,64495,1,2,1,3,D918,43.364853,-1.590453
202300004544,1,6,2023,2025-12-05 18:55:00,1,62,62193,2,1,1,7,Impasse Magnesia,50.939043,1.88134
202300004545,29,11,2023,2025-12-05 13:40:00,1,10,10328,1,1,2,-1,Rd 960,48.35077706,4.24478035
202300004546,25,11,2023,2025-12-05 00:45:00,3,13,13033,1,1,6,2,D9,43.355422,5.204159
202300004547,22,3,2023,2025-12-05 16:34:00,1,971,97101,1,1,1,2,Secteur Pont De La Gabarre,16.25342,-61.54796
202300004548,13,7,2023,2025-12-05 17:20:00,1,64,64216,1,1,1,1,Cd817,43.256565,-0.145075
202300004549,27,11,2023,2025-12-05 09:57:00,1,37,37129,1,1,8,6,129 Les 3 Cheminees,47.12883153,0.28600931
202300004550,21,11,2023,2025-12-05 17:14:00,2,10,10064,1,4,2,3,D960,48.388912,4.533782
202300004551,17,5,2023,2025-12-05 16:50:00,1,62,62244,2,6,7,3,D127,50.926392,1.868371
202300004552,25,11,2023,2025-12-05 14:10:00,1,77,77088,2,1,1,6,Rue De L?Avenir,48.324585,2.577233
202300004553,17,7,2023,2025-12-05 13:13:00,1,44,44172,2,1,8,3,24 Route De Paris,47.26318911,-1.49317762
202300004554,23,3,2023,2025-12-05 16:20:00,1,95,95277,1,1,1,5,Rd170,48.97692,2.47523
202300004555,26,5,2023,2025-12-05 14:30:00,1,62,62193,2,1,1,6,Rue Martin Luther King,50.95435,1.89217
202300004556,13,7,2023,2025-12-05 17:10:00,1,43,43051,1,3,1,1,Les Barandons,45.06874,4.328538
202300004557,25,11,2023,2025-12-05 05:56:00,3,77,77044,1,1,1,5,D227,48.566356,2.880521
202300004558,15,7,2023,2025-12-05 08:30:00,1,44,44162,2,1,1,6,2 Chemin Du Vigneau,47.21763558,-1.62496511
202300004559,7,3,2023,2025-12-05 16:19:00,1,95,95427,2,1,1,6,D311,48.97482756,2.34263062
202300004560,14,7,2023,2025-12-05 15:05:00,1,16,16382,1,1,1,7,Route De Villebois-Lavalette,45.54208006,0.22339314
202300004561,7,6,2023,2025-12-05 09:50:00,1,60,60057,2,1,1,1,59 Rue De Savignies,49.43701387,2.06010991
202300004562,15,7,2023,2025-12-05 09:45:00,1,44,44109,2,1,8,6,15 Chemin Des Basteliers,47.22053231,-1.51086138
202300004563,26,11,2023,2025-12-05 15:05:00,1,66,66164,2,1,1,7,Chemin De Saint-Bernard,42.749139,2.877163
202300004564,23,3,2023,2025-12-05 11:30:00,1,91,91589,2,1,1,3,Av Charles De Gaulle,48.67878,2.34646
202300004565,14,7,2023,2025-12-05 00:30:00,3,17,17085,1,1,1,7,D215,45.913377,-0.768936
202300004566,14,7,2023,2025-12-05 10:40:00,1,44,44109,2,1,8,6,Boulevard Leon Jouhaux,47.20971447,-1.59559796
202300004567,7,6,2023,2025-12-05 21:00:00,1,59,59512,2,2,1,3,Lannoy (Rue De),50.68386,3.19129
202300004568,26,11,2023,2025-12-05 14:42:00,1,11,11295,1,1,1,6,Les Campets,43.051615,2.886261
202300004569,13,7,2023,2025-12-05 16:00:00,1,23,23022,1,1,1,7,Freiteix,46.344217,2.09223
202300004570,14,7,2023,2025-12-05 18:30:00,1,44,44109,2,1,8,3,3 Rue Du Quebec,47.26178019,-1.57839986
202300004571,13,7,2023,2025-12-05 09:33:00,1,87,87027,1,1,1,7,Le Cluzaud,45.630965,1.012427
202300004572,23,3,2023,2025-12-05 14:45:00,1,83,83137,2,3,1,3,Leclerc (Ave General),43.12585,5.92761
202300004573,7,6,2023,2025-12-05 18:23:00,1,59,59585,1,1,7,3,Vendeville Route De,50.56605,3.05801
202300004574,23,11,2023,2025-12-05 11:45:00,1,84,84141,2,6,1,3,Rond Point   Rd942 Avec L'Autoroute,43.982629,4.886346
202300004575,13,7,2023,2025-12-05 19:10:00,1,44,44190,2,1,1,3,12 Rue Des Couscous,47.1986683,-1.51381908
202300004576,14,7,2023,2025-12-05 04:30:00,3,30,30285,1,1,1,6,Adresse_Inconnue,44.01925,4.232676
202300004577,25,11,2023,2025-12-05 03:00:00,3,83,83107,1,1,1,6,Dn7,43.462517,6.644309
202300004578,7,6,2023,2025-12-05 07:05:00,2,57,57630,2,2,1,3,Phalsbourg,48.74089,7.07412
202300004579,15,3,2023,2025-12-05 18:45:00,1,83,83129,2,3,7,6,Europe (Avenu De L'),43.11749,5.84415
202300004580,14,11,2023,2025-12-05 17:25:00,5,88,88413,2,1,3,6,Avenue De L'Egalite,48.29166,6.94056
202300004581,27,11,2023,2025-12-05 08:10:00,1,67,67118,2,1,1,3,10 Avenue Du General De Gaulle,48.580554,7.693954
202300004582,4,6,2023,2025-12-05 16:30:00,1,54,54174,2,1,1,6,Avenue Du 15E Genie,48.67982,5.87435
202300004583,7,11,2023,2025-12-05 17:19:00,3,88,88413,2,1,1,3,Rue D'Alsace,48.27742,6.96062
202300004584,14,3,2023,2025-12-05 07:45:00,2,83,83050,2,6,1,3,Verdun( Avenue De),43.53331,6.48265
202300004585,13,7,2023,2025-12-05 16:40:00,1,33,33122,1,1,1,1,Chemin De La Croix D'Hins,44.742377,-0.69061
202300004586,13,7,2023,2025-12-05 08:30:00,1,44,44109,2,1,8,7,Boulevard De Vendee,47.1860024,-1.52200207
202300004587,7,6,2023,2025-12-05 19:00:00,1,47,47001,2,6,1,3,Leclerc (Av. Du General),44.18345,0.62212
202300004588,27,11,2023,2025-12-05 07:55:00,2,42,42147,2,6,8,3,Avenue De Saint Etienne,45.597964,4.076346
202300004589,23,3,2023,2025-12-05 15:10:00,1,82,82033,2,3,1,2,Marechal Leclerc (Avenue Du),44.05243,1.10123
202300004590,12,7,2023,2025-12-05 00:05:00,5,44,44109,2,6,8,3,Rond-Point De Rennes,47.23327188,-1.56601084
202300004591,7,6,2023,2025-12-05 16:20:00,1,38,38185,2,8,1,6,Avenue Marcelin Berthelot,45.17889,5.73177
202300004592,13,7,2023,2025-12-05 22:47:00,3,33,33284,1,1,1,2,A660 Pk 08+200,44.630795,-0.934181
202300004593,23,3,2023,2025-12-05 19:11:00,2,81,81257,1,1,1,7,Villefranche ( Avenue De ),43.92967,2.24467
202300004594,26,11,2023,2025-12-05 14:00:00,1,33,33243,2,2,1,3,D1089,44.922073,-0.224681
202300004595,11,7,2023,2025-12-05 07:50:00,1,44,44109,2,1,8,3,162 Rue Paul Bellamy,47.22989962,-1.56300532
202300004596,14,7,2023,2025-12-05 13:00:00,1,45,45302,1,9,1,6,A10 Pr 93 + 502,47.948108,1.848895
202300004597,20,2,2023,2025-12-05 08:20:00,1,78,78621,1,1,1,3,Cd 912,48.78709,1.9815
202300004598,7,6,2023,2025-12-05 00:15:00,5,38,38185,2,2,1,3,Cours Jean Jaures,45.19099,5.71997
202300004599,25,11,2023,2025-12-05 17:30:00,2,44,44210,1,9,1,5,Adresse_Inconnue,47.304538,-2.211084
202300004600,11,7,2023,2025-12-05 12:35:00,1,44,44109,2,1,8,3,26Ter Boulevard Gabriel Guist'Hau,47.21686363,-1.56692815
202300004601,14,7,2023,2025-12-05 11:26:00,1,973,97311,2,1,7,2,Avenue Christophe Colomb,5.478563,-54.03766
202300004602,9,7,2023,2025-12-05 15:25:00,1,44,44143,2,1,8,7,90 Rue Des Sorinieres,47.15640939,-1.5382613
202300004603,7,6,2023,2025-12-05 18:20:00,1,37,37261,2,1,1,3,Louis Xi (Boulevard),47.37364,0.67827
202300004604,22,3,2023,2025-12-05 17:10:00,1,77,77186,2,3,1,3,Grande (Rue),48.4071,2.70327
202300004605,25,11,2023,2025-12-05 09:30:00,1,60,60141,1,9,1,3,D924,49.18318858,2.49151901
202300004606,8,7,2023,2025-12-05 08:50:00,1,44,44114,2,6,8,3,329 Route De Vannes,47.24771454,-1.60757935
202300004607,14,7,2023,2025-12-05 12:55:00,1,95,95199,2,9,7,3,1 Clichy (Allee),49.03875766,2.31096447
202300004608,7,6,2023,2025-12-05 09:10:00,1,37,37261,2,4,1,6,Rempart (Rue Du),47.39058,0.69744
202300004609,22,3,2023,2025-12-05 19:02:00,1,72,72181,2,9,2,2,Messiaen Olivier (Av) Impairs,48.01577,0.15177
202300004610,7,7,2023,2025-12-05 09:25:00,1,44,44109,2,1,8,3,3 Rue Felix Lemoine,47.23580571,-1.54686059
202300004611,13,7,2023,2025-12-05 09:40:00,1,84,84003,2,1,1,6,Avenue De La Liberation,43.875545,5.403831
202300004612,6,6,2023,2025-12-05 12:50:00,1,37,37122,2,1,1,3,Rond-Point Des Quatre Bornes,47.35188,0.68641
202300004613,7,7,2023,2025-12-05 10:10:00,1,44,44109,2,1,8,3,8 Rue Porte Neuve,47.21934355,-1.56137199
202300004614,27,11,2023,2025-12-05 16:15:00,2,80,80237,2,1,2,5,Grande Rue,49.819964,2.535712
202300004615,21,3,2023,2025-12-05 16:25:00,1,72,72181,2,1,1,6,Patton General Rte Bauge A Chemin Ronde,48.00126,0.17327
202300004616,7,6,2023,2025-12-05 07:00:00,1,34,34172,2,1,1,6,Rm986,43.588922,3.890832
202300004617,14,7,2023,2025-12-05 10:00:00,1,83,83065,1,1,1,5,D61,43.240032,6.600044
202300004618,27,11,2023,2025-12-05 07:20:00,5,80,80570,2,1,2,6,6 Place Norbert Malterre,49.77205,2.483254
202300004619,6,7,2023,2025-12-05 23:15:00,5,44,44109,2,1,1,3,76 Route De Vertou,47.18876001,-1.53148381
202300004620,23,3,2023,2025-12-05 23:25:00,5,69,69266,2,1,1,6,Rue Du Canal,45.77928772,4.8973756
202300004621,7,6,2023,2025-12-05 14:45:00,1,33,33063,1,1,1,1,Avenue De Labarde,44.89171,-0.54901
202300004622,6,7,2023,2025-12-05 18:15:00,1,44,44184,2,6,1,3,Giratoire Sadi Lecointe,47.29392922,-2.18846487
202300004623,12,7,2023,2025-12-05 11:00:00,1,6,6048,1,1,1,3,Avenue Flaminius Raiberti,43.820976,7.303064
202300004624,21,11,2023,2025-12-05 16:45:00,1,80,80799,1,3,1,3,D 23,49.851034,2.524779
202300004625,23,3,2023,2025-12-05 18:30:00,2,69,69266,2,6,1,3,32 Rue Gabriel Peri,45.77228954,4.86597791
202300004626,7,6,2023,2025-12-05 09:50:00,1,28,28134,2,9,1,3,Juillet (Boulevard De),48.72401,1.37426
202300004627,5,7,2023,2025-12-05 16:00:00,1,44,44143,2,1,1,3,72 Rue Ernest Sauvestre,47.16320518,-1.5423748
202300004628,26,11,2023,2025-12-05 02:20:00,3,13,13028,1,1,1,2,A50-Sens Toulon Vers Aubagne,43.20791,5.5861
202300004629,10,7,2023,2025-12-05 08:40:00,1,13,13093,2,1,1,3,D561,43.692884,5.388599
202300004630,5,7,2023,2025-12-05 13:40:00,1,44,44009,1,1,8,6,Adresse_Inconnue,47.21530059,-1.47961809
202300004631,6,6,2023,2025-12-05 12:45:00,1,27,27681,2,1,1,3,Foch (Avenue Du Marechal),49.09765,1.47608
202300004632,22,3,2023,2025-12-05 17:35:00,1,69,69259,2,1,1,4,Rue Du Professeur Roux,45.71781,4.85944
202300004633,25,11,2023,2025-12-05 22:56:00,3,13,13216,1,1,1,3,A55-Sens Martigues Vers Marseille,43.35556,5.34744
202300004634,13,7,2023,2025-12-05 22:15:00,5,71,71512,2,3,1,1,Rue De La Republique,46.636651,4.871004
202300004635,6,6,2023,2025-12-05 10:30:00,1,19,19031,2,1,1,6,Rivet (Avenue Jean Charles),45.15102,1.50012
202300004636,4,7,2023,2025-12-05 14:15:00,1,44,44109,2,1,8,5,19 Quai Ernest Renaud,47.2051244,-1.57459125
202300004637,26,11,2023,2025-12-05 18:05:00,3,91,91617,1,1,1,2,Rn 104,48.631,2.503
202300004638,13,7,2023,2025-12-05 20:15:00,1,67,67067,2,1,1,7,162 Avenue De Strasbourg,48.71352,7.707306
202300004639,22,3,2023,2025-12-05 15:00:00,1,69,69091,2,2,1,3,Rue Victor Hugo,45.58839,4.77088
202300004640,4,7,2023,2025-12-05 16:34:00,1,44,44109,2,1,1,6,38 Boulevard Michelet,47.23510144,-1.55649666
202300004641,6,6,2023,2025-12-05 22:30:00,3,14,14118,1,1,1,6,N814,49.20061,-0.3694
202300004642,26,11,2023,2025-12-05 12:40:00,1,94,94038,1,1,1,5,A6A,48.78404999,2.34665964
202300004643,13,7,2023,2025-12-05 18:20:00,1,64,64256,2,9,1,3,D22,43.382712,-1.320677
202300004644,19,8,2023,2025-12-05 20:00:00,5,976,97613,2,1,1,1,Rue Du College M,-12.758106,45.079747
202300004645,7,6,2023,2025-12-05 12:45:00,1,13,13215,2,1,1,3,Lyon (Rue De),43.34088,5.36093
202300004646,19,8,2023,2025-12-05 07:04:00,1,976,97611,2,1,1,6,Cavani-Belle Vue (Rue),-12.78635,45.22011
202300004647,26,11,2023,2025-12-05 06:20:00,3,91,91477,1,1,1,2,Autoroute A10,48.71218,2.25275
202300004648,14,7,2023,2025-12-05 08:45:00,1,49,49023,1,2,1,3,Les Noues (Andreze),47.166595,-0.972322
202300004649,22,3,2023,2025-12-05 13:53:00,1,67,67482,2,1,1,1,Georges Wodli (Rue),48.58925,7.73549
202300004650,7,6,2023,2025-12-05 08:21:00,1,11,11069,2,6,1,3,650 Boulevard Henry Bouffet,43.21086,2.30296
202300004651,13,7,2023,2025-12-05 18:20:00,1,50,50041,1,2,1,3,La Croix Aux Rois,49.621165,-1.749004
202300004652,17,8,2023,2025-12-05 11:00:00,1,976,97610,2,1,1,1,Hauts Vallons - Majicavo ( Rue Des),-12.74095763,45.20438299
202300004653,22,3,2023,2025-12-05 08:50:00,1,66,66136,2,1,1,2,Adresse_Inconnue,42.73441,2.88664
202300004654,26,11,2023,2025-12-05 17:50:00,3,93,93010,1,1,1,4,Autoroute A3,48.89084,2.47342
202300004655,7,6,2023,2025-12-05 23:50:00,5,6,6123,2,1,1,1,Guynemer Avenue,43.66085,7.19553
202300004656,17,6,2023,2025-12-05 08:10:00,1,988,98818,2,1,2,3,Promenade Roger Laroque,-22.29626,166.43804
202300004657,26,11,2023,2025-12-05 16:20:00,1,95,95607,1,1,1,6,A115,49.0282805,2.20346689
202300004658,13,7,2023,2025-12-05 15:30:00,1,69,69266,1,9,1,4,Boulevard Peripherique Laurent Bonnevay,45.7822,4.8931
202300004659,14,3,2023,2025-12-05 15:35:00,1,62,62193,2,6,1,1,Cousteau(Jean-Yves),50.968819,1.874897
202300004660,25,11,2023,2025-12-05 14:00:00,1,95,95572,1,1,1,6,N184,49.03745,2.12221
202300004661,7,6,2023,2025-12-05 10:00:00,1,75,75114,2,1,1,2,Bd Peripherique Interieur,48.817844,2.334024
202300004662,29,6,2023,2025-12-05 09:20:00,1,44,44109,2,2,8,3,15 Rue Louis Blanc,47.20651349,-1.55482515
202300004663,26,11,2023,2025-12-05 21:00:00,3,77,77249,1,1,1,6,Rn104,48.748571,2.61388023
202300004664,29,6,2023,2025-12-05 19:20:00,1,44,44162,2,6,8,6,1 Rue De La Johardiere,47.2238629,-1.6440047
202300004665,5,6,2023,2025-12-05 10:25:00,1,75,75120,2,1,1,3,Bd Peripherique Interieur,48.862608,2.413553
202300004666,13,7,2023,2025-12-05 17:55:00,1,33,33550,1,1,1,2,Rocade A 630,44.77792574,-0.56380033
202300004667,22,3,2023,2025-12-05 17:50:00,1,62,62244,1,1,2,3,Chemin De La Riviere Neuve,50.900369,1.887531
202300004668,26,11,2023,2025-12-05 19:45:00,5,94,94017,1,1,1,2,A4,48.8271602,2.51033987
202300004669,29,6,2023,2025-12-05 14:30:00,1,44,44143,2,1,8,3,62 Rue Aristide Briand,47.18098591,-1.54511461
202300004670,13,7,2023,2025-12-05 14:15:00,1,33,33550,1,1,1,3,Autoroute A 62,44.76436806,-0.54877996
202300004671,7,6,2023,2025-12-05 07:25:00,1,75,75114,2,1,1,2,Rue D Alesia,48.834142,2.313255
202300004672,8,3,2023,2025-12-05 08:10:00,1,59,59350,2,4,1,3,Hugo Victor  Bvd Ndeg104 - 294,50.61953,3.05355
202300004673,21,6,2023,2025-12-05 19:15:00,1,44,44162,2,6,1,3,22Bis Boulevard Du Massacre,47.23482352,-1.58869566
202300004674,25,11,2023,2025-12-05 14:15:00,1,77,77169,1,1,1,2,Rn104,48.8035342,2.62736421
202300004675,7,6,2023,2025-12-05 00:50:00,5,75,75119,2,4,1,3,Avenue Jean Jaures,48.883043,2.37149
202300004676,13,7,2023,2025-12-05 20:40:00,1,92,92002,1,1,1,4,Autoroute A10,48.730763,2.308482
202300004677,20,6,2023,2025-12-05 14:00:00,5,44,44109,2,1,8,2,48 Boulevard De La Beaujoire,47.25877699,-1.5221499
202300004678,23,3,2023,2025-12-05 10:13:00,1,57,57441,2,3,2,3,Mondorff (Route De),49.388836,6.186165
202300004679,25,11,2023,2025-12-05 06:10:00,3,94,94017,1,1,1,5,A4,48.82687932,2.51122881
202300004680,7,6,2023,2025-12-05 07:15:00,2,75,75118,2,2,1,3,Boulevard Ney,48.897544,2.32891
202300004681,12,6,2023,2025-12-05 12:50:00,1,44,44109,2,3,1,3,Route De Paris,47.25584216,-1.50970155
202300004682,13,7,2023,2025-12-05 16:50:00,1,78,78118,1,1,1,4,A13,48.983853,1.681415
202300004683,21,3,2023,2025-12-05 17:30:00,1,57,57647,2,1,1,3,Gaulle (Rue Charles),49.31989,6.09278
202300004684,24,11,2023,2025-12-05 19:20:00,3,94,94028,1,1,1,2,A86,48.77627223,2.43100362
202300004685,12,6,2023,2025-12-05 15:45:00,1,44,44109,2,1,1,3,5 Boulevard Ernest Dalby,47.2279835,-1.5269393
202300004686,13,7,2023,2025-12-05 06:30:00,1,92,92062,1,1,1,2,A14,48.8931253,2.23367661
202300004687,22,3,2023,2025-12-05 21:04:00,5,56,56121,2,7,2,7,Beaufort ( Pl. Des Freres De ),47.74669,-3.36604
202300004688,6,6,2023,2025-12-05 22:30:00,5,75,75118,2,2,1,5,Rue Belliard,48.897222,2.342291
202300004689,3,9,2023,2025-12-05 11:45:00,1,74,74311,2,3,1,3,Allee Des Tattes,46.141541,6.400673
202300004690,12,6,2023,2025-12-05 11:41:00,1,44,44109,2,3,8,6,14 Rue De La Basse Chenaie,47.23735476,-1.5076966
202300004691,13,7,2023,2025-12-05 17:25:00,1,93,93063,1,1,1,3,Autoroute A3,48.87821319,2.4466415
202300004692,7,6,2023,2025-12-05 14:45:00,1,75,75117,2,3,1,7,Avenue De Villiers,48.884421,2.301218
202300004693,20,3,2023,2025-12-05 17:55:00,1,50,50129,2,1,2,1,Tribunaux (Rue Des),49.63808,-1.62358
202300004694,13,9,2023,2025-12-05 16:50:00,1,93,93001,2,1,8,2,Avenue Du President Roosevelt,48.91799266,2.37906722
202300004695,16,9,2023,2025-12-05 17:30:00,1,74,74311,1,4,1,3,Route Des Brasses,46.163909,6.412802
202300004696,13,7,2023,2025-12-05 17:30:00,1,77,77373,1,1,1,3,Rn104,48.798594,2.623613
202300004697,10,9,2023,2025-12-05 01:55:00,3,77,77148,1,9,1,6,D102,49.102856,3.082695
202300004698,23,3,2023,2025-12-05 16:45:00,1,45,45147,2,1,1,3,416 Rue Du Faubourg Bannier,47.93479,1.89481
202300004699,7,6,2023,2025-12-05 09:15:00,1,75,75116,2,3,1,3,Avenue Henri Martin,48.864118,2.272851
202300004700,24,9,2023,2025-12-05 04:30:00,3,74,74275,2,1,1,6,Le Thoron,45.844216,6.213825
202300004701,12,7,2023,2025-12-05 20:00:00,2,77,77337,1,1,1,3,Rn104,48.82822,2.617906
202300004702,6,9,2023,2025-12-05 19:30:00,1,74,74185,1,1,1,6,Adresse_Inconnue,46.1636377,6.2402361
202300004703,7,6,2023,2025-12-05 17:40:00,1,44,44109,2,3,8,3,1 Rue Georges Clemenceau,47.22000707,-1.5450046
202300004704,7,6,2023,2025-12-05 07:35:00,1,75,75116,2,1,1,2,Chaussee La Muette,48.858259,2.272311
202300004705,23,3,2023,2025-12-05 13:55:00,1,44,44162,2,6,8,3,68 Boulevard Du Massacre,47.23353,-1.59016
202300004706,6,6,2023,2025-12-05 23:40:00,4,44,44109,2,6,1,3,Place Alexis Ricordeau,47.21236199,-1.55446026
202300004707,23,9,2023,2025-12-05 10:30:00,1,74,74256,2,3,1,6,Route De Megeve,45.93536,6.629664
202300004708,12,7,2023,2025-12-05 08:00:00,1,94,94073,1,1,1,5,A86,48.76210053,2.38167667
202300004709,23,3,2023,2025-12-05 10:30:00,1,38,38053,2,1,1,6,Alpes,45.5855679,5.26932
202300004710,7,6,2023,2025-12-05 17:25:00,1,75,75115,2,3,1,3,Avenue De La Motte Picquet,48.850231,2.299592
202300004711,7,6,2023,2025-12-05 19:20:00,1,44,44109,2,6,1,3,80 Rue Chanoine Poupard,47.25057385,-1.57033825
202300004712,22,9,2023,2025-12-05 20:30:00,3,74,74241,1,1,3,2,Route De La Vallee Du Giffre,46.134631,6.455128
202300004713,18,9,2023,2025-12-05 07:30:00,2,74,74018,1,1,3,6,A40,46.0878678,6.36378497
202300004714,7,6,2023,2025-12-05 08:50:00,1,75,75112,2,3,1,6,Rue De Reuilly,48.846584,2.387471
202300004715,12,7,2023,2025-12-05 21:30:00,5,988,98818,2,2,1,3,Route Des Deux Vallees/Rue Du Commandant Rougy,-22.26868,166.44802
202300004716,2,6,2023,2025-12-05 06:00:00,1,44,44109,2,3,1,3,7 Rue Stanislas Baudry,47.22002778,-1.54498285
202300004717,23,3,2023,2025-12-05 10:00:00,1,37,37261,2,6,1,3,Chautemps (Avenue Camille),47.37463,0.7162
202300004718,17,9,2023,2025-12-05 17:00:00,1,74,74001,1,1,1,6,D22,46.288026,6.693088
202300004719,2,6,2023,2025-12-05 11:30:00,1,44,44162,2,6,1,1,Place De La Revolution Francaise,47.2284936,-1.60536969
202300004720,7,6,2023,2025-12-05 12:50:00,1,75,75111,2,3,1,6,Boulevard Voltaire,48.852139,2.389604
202300004721,14,9,2023,2025-12-05 12:00:00,1,74,74154,1,1,1,1,D24,46.387246,6.679634
202300004722,12,7,2023,2025-12-05 09:25:00,1,976,97611,2,3,1,3,Passamanty-Tanamalaza (Rue ),-12.8009,45.20689
202300004723,24,3,2023,2025-12-05 00:00:00,5,33,33063,2,1,1,1,Cours Du Marechal Gallieni,44.82097,-0.59528
202300004724,7,6,2023,2025-12-05 13:30:00,1,75,75110,2,1,1,6,Boulevard De La Villette,48.879347,2.370115
202300004725,1,6,2023,2025-12-05 09:45:00,1,44,44172,1,1,8,4,Adresse_Inconnue,47.23905955,-1.48528478
202300004726,12,7,2023,2025-12-05 07:25:00,1,976,97611,2,1,1,6,Kaweni-Kaweni Nord ( Z I ),-12.76231,45.22605
202300004727,31,5,2023,2025-12-05 15:45:00,1,44,44162,2,6,1,6,Boulevard Salvador Allende,47.22130262,-1.63097476
202300004728,22,3,2023,2025-12-05 17:40:00,1,33,33281,2,5,1,3,Avenue De La Liberation,44.85256,-0.64505
202300004729,12,7,2023,2025-12-05 22:20:00,3,974,97407,1,1,1,6,Route Nationale Ndeg 1,-20.95803,55.3091
202300004730,24,9,2023,2025-12-05 01:05:00,5,74,74012,2,2,1,3,Verdun (Avenue De),46.19127,6.24227
202300004731,7,6,2023,2025-12-05 08:30:00,1,75,75108,2,7,1,2,Place De La Concorde,48.866611,2.321969
202300004732,30,5,2023,2025-12-05 15:55:00,1,44,44109,2,1,8,6,Rue Anatole De Monzie,47.20191273,-1.54348569
202300004733,11,7,2023,2025-12-05 20:25:00,5,974,97407,2,1,1,7,Simon Pernic (Rue),-20.95002,55.30679