num_acc,jour,mois,an,hrmn,lum,dep,com,agg,int,atm,col,adr,lat,long
202300004734,30,8,2023,2025-12-05 17:40:00,1,74,74145,2,1,1,1,Route De Paconinges,46.21907,6.288896
202300004735,7,6,2023,2025-12-05 13:50:00,1,75,75101,2,3,1,3,Rue De L Amiral De Coligny,48.860394,2.34056
202300004736,30,5,2023,2025-12-05 07:25:00,1,44,44162,2,1,1,3,12 Boulevard Du Tertre,47.21883941,-1.60383582
202300004737,22,3,2023,2025-12-05 16:05:00,1,33,33281,2,6,2,3,Avenue Jacqueline Auriol,44.8405,-0.68497
202300004738,12,7,2023,2025-12-05 10:15:00,1,973,97302,2,1,1,3,Flamboyants (Rue Des),4.92459625,-52.31784537
202300004739,19,9,2023,2025-12-05 09:00:00,1,74,74179,1,1,2,1,Route De Bellegarde,45.998102,6.010004
202300004740,28,5,2023,2025-12-05 19:00:00,1,44,44162,1,1,1,7,Adresse_Inconnue,47.21184877,-1.62705145
202300004741,21,9,2023,2025-12-05 15:35:00,1,74,74031,2,1,1,7,Route Du Saleve,46.094647,6.109053
202300004742,7,6,2023,2025-12-05 07:20:00,1,75,75102,2,2,1,3,Boulevard De Sebastopol,48.868923,2.354023
202300004743,12,7,2023,2025-12-05 08:00:00,1,973,97302,2,1,1,3,Baduel (Route De),4.92911,-52.29651
202300004744,27,5,2023,2025-12-05 13:20:00,1,44,44109,2,1,1,7,6 Rue Charles Brunelliere,47.20918659,-1.56882013
202300004745,12,9,2023,2025-12-05 13:45:00,1,74,74048,1,1,1,6,Route De Thonon-Les-Bains,46.279647,6.404557
202300004746,6,6,2023,2025-12-05 23:27:00,5,75,75102,2,3,1,7,Avenue De L Opera,48.86925,2.3329
202300004747,11,7,2023,2025-12-05 07:42:00,1,972,97213,1,1,3,7,Departementale 28,14.6281,-60.97219
202300004748,26,5,2023,2025-12-05 19:30:00,1,44,44109,2,1,8,7,173 Rue Paul Bellamy,47.23033613,-1.56334683
202300004749,15,9,2023,2025-12-05 10:50:00,1,74,74123,2,3,1,3,Route D'Albertville,45.747147,6.296775
202300004750,23,3,2023,2025-12-05 13:25:00,1,29,29019,2,6,3,3,Rue Du Bot,48.40569,-4.4573
202300004751,24,5,2023,2025-12-05 11:50:00,1,44,44109,2,1,8,3,221 Route De Sainte Luce,47.24058586,-1.51178611
202300004752,12,7,2023,2025-12-05 14:25:00,1,972,97213,2,1,1,2,Route Nationale 6,14.625,-60.97712
202300004753,6,6,2023,2025-12-05 07:50:00,1,75,75103,2,3,1,3,Rue Saint Gilles,48.858013,2.365461
202300004754,9,9,2023,2025-12-05 12:10:00,1,74,74302,2,2,7,1,820 Route Du Borgeal,45.913258,6.375922
202300004755,24,5,2023,2025-12-05 07:50:00,1,44,44109,2,1,8,6,16 Boulevard Paul Chabas,47.22215735,-1.58742245
202300004756,7,6,2023,2025-12-05 21:00:00,2,94,94080,2,3,1,6,D237,48.84135415,2.43054371
202300004757,12,7,2023,2025-12-05 17:06:00,1,2B,2B033,2,1,1,1,Route Royale,42.68231,9.42275
202300004758,22,3,2023,2025-12-05 09:50:00,1,29,29019,2,3,1,3,Rue Du Valy-Hir,48.38575885,-4.52090434
202300004759,29,8,2023,2025-12-05 19:08:00,1,74,74229,1,8,1,3,Chemin Des Poules D'Eau,46.233144,6.307477
202300004760,21,5,2023,2025-12-05 18:50:00,1,44,44109,1,1,8,2,Adresse_Inconnue,47.19972925,-1.61721193
202300004761,7,6,2023,2025-12-05 19:10:00,1,94,94074,2,1,1,3,60 Rue Du Colonel Fabien,48.74237013,2.47211105
202300004762,14,8,2023,2025-12-05 03:00:00,3,74,74197,1,1,1,6,A40,46.153114,6.295225
202300004763,12,7,2023,2025-12-05 15:55:00,1,971,97101,1,2,1,3,Perrin (Secteur),16.30073296,-61.51133537
202300004764,18,5,2023,2025-12-05 18:00:00,1,44,44109,2,1,8,1,22 Cote Saint Sebastien,47.19966222,-1.53616624
202300004765,7,6,2023,2025-12-05 16:10:00,1,94,94074,2,1,1,2,Avenue Henri Barbusse,48.76232,2.44247
202300004766,25,11,2023,2025-12-05 09:10:00,1,974,97416,1,1,1,3,Paradis (Ligne) (1),-21.30154,55.4579
202300004767,12,7,2023,2025-12-05 09:05:00,1,2A,2A004,2,1,1,6,Herminier Gare Maritime Quai,41.92214,8.73949
202300004768,23,3,2023,2025-12-05 10:05:00,1,24,24037,2,6,1,3,De Gaulle (Avenue Du General),44.84154842,0.46492696
202300004769,17,5,2023,2025-12-05 09:56:00,1,44,44109,2,1,8,6,Rue Esnoul Des Chatelets,47.19573039,-1.5439098
202300004770,6,6,2023,2025-12-05 22:27:00,3,94,94074,2,1,1,1,Avenue Henri Barbusse,48.77018,2.44361
202300004771,25,11,2023,2025-12-05 14:45:00,1,974,97411,2,9,1,5,Lattre De Tassigny (Avenue Marechal De),-20.88934,55.47648
202300004772,17,11,2023,2025-12-05 07:55:00,1,14,14645,1,1,1,6,653 Route De Touques,49.296947,0.022058
202300004773,7,6,2023,2025-12-05 13:30:00,1,94,94068,2,2,1,3,18 Rue Clement,48.80126,2.47797
202300004774,19,3,2023,2025-12-05 19:30:00,2,16,16015,2,2,1,1,Rue De Montmoreau,45.636286,0.154272
202300004775,18,6,2023,2025-12-05 03:45:00,3,91,91692,2,1,2,1,Provence (Avenue De),48.676826,2.176351
202300004776,7,12,2023,2025-12-05 18:30:00,3,51,51183,1,1,2,3,D966,49.310813,4.023507
202300004777,25,11,2023,2025-12-05 14:15:00,1,974,97409,2,2,1,1,Deschanets(Rue),-20.95015,55.65132
202300004778,22,12,2023,2025-12-05 19:30:00,5,973,97311,2,1,1,1,Avenue Gaston Monnerville,5.493067,-54.009348
202300004779,7,6,2023,2025-12-05 08:45:00,1,94,94016,2,3,1,2,Rue Pierre Mauroy,48.79177,2.32874
202300004780,12,7,2023,2025-12-05 07:50:00,1,91,91201,2,2,1,3,Av Du Bois,48.694428,2.41744
202300004781,25,11,2023,2025-12-05 07:30:00,2,69,69387,2,3,1,2,Avenue Leclerc,45.74628,4.83242
202300004782,23,3,2023,2025-12-05 14:10:00,1,14,14437,1,3,1,3,D513,49.18199,-0.32202
202300004783,25,11,2023,2025-12-05 20:40:00,3,972,97209,1,1,1,7,Beausejour Jambette (Route De ),14.62,-61.04
202300004784,6,6,2023,2025-12-05 10:00:00,1,94,94016,2,1,1,6,Rue Du Docteur Gosselin,48.798258,2.328257
202300004785,16,7,2023,2025-12-05 15:30:00,1,14,14570,2,1,1,6,446 Rue De La Jouerie,49.047587,0.323539
202300004786,11,7,2023,2025-12-05 16:30:00,1,91,91691,2,1,1,6,Royale(Rue),48.72211,2.50198
202300004787,9,3,2023,2025-12-05 16:15:00,1,13,13077,2,3,1,1,Thorez Maurice (Avenue),43.41016,4.98256
202300004788,25,11,2023,2025-12-05 11:45:00,1,972,97209,2,1,1,6,Montesquieu (Rue),14.61085,-61.0709
202300004789,28,11,2023,2025-12-05 09:15:00,1,13,13115,1,1,1,7,D22B,43.688884,5.18074
202300004790,12,7,2023,2025-12-05 21:10:00,2,91,91326,2,1,1,3,Adresse_Inconnue,48.690882,2.370652
202300004791,7,6,2023,2025-12-05 18:30:00,1,94,94034,2,3,1,3,Avenue De La Liberte,48.763448,2.318258
202300004792,25,11,2023,2025-12-05 15:58:00,1,971,97101,1,1,1,7,Pages,16.2544,-61.50098
202300004793,22,11,2023,2025-12-05 13:10:00,1,68,68201,1,1,7,6,Rue De La Clairiere,47.752381,7.007132
202300004794,21,1,2023,2025-12-05 10:30:00,1,13,13039,1,1,6,7,Rn 568,43.42685616,4.9700855
202300004795,24,11,2023,2025-12-05 11:20:00,1,971,97101,2,1,1,6,Roland Garros - Dugazon (Ruelle),16.25015171,-61.51967168
202300004796,6,6,2023,2025-12-05 11:20:00,1,94,94028,2,1,1,2,Avenue Du General De Gaulle,48.78313,2.45252
202300004797,12,7,2023,2025-12-05 10:25:00,1,91,91027,2,3,1,2,Rte Nationale 7,48.716033,2.371078
202300004798,17,5,2023,2025-12-05 08:15:00,2,44,44109,2,1,8,6,6 Quai Ceineray,47.2205879,-1.55348762
202300004799,23,3,2023,2025-12-05 16:20:00,1,13,13210,2,1,1,6,Benjamin Delessert (Rue),43.28340447,5.40491955
202300004800,7,6,2023,2025-12-05 21:00:00,1,94,94077,2,1,1,7,Cours De Verdun,48.7352,2.40541
202300004801,10,7,2023,2025-12-05 16:45:00,1,85,85194,2,9,1,2,Rd 949,46.513883,-1.79022071
202300004802,22,3,2023,2025-12-05 10:23:00,1,10,10343,2,1,1,6,Gambetta (Rue),48.2737,4.0964
202300004803,25,11,2023,2025-12-05 15:15:00,1,971,97105,2,1,1,1,Charles De Gaulle (Bd Du General),15.99802,-61.73375
202300004804,15,5,2023,2025-12-05 09:10:00,1,44,44109,2,3,8,3,Boulevard Gustave Roch,47.20220013,-1.55387719
202300004805,7,6,2023,2025-12-05 20:00:00,1,94,94017,2,1,1,2,Avenue Du General De Gaulle,48.82393479,2.49713016
202300004806,12,5,2023,2025-12-05 14:36:00,1,44,44109,2,1,8,6,Avenue De L'Etrier,47.24829582,-1.5580016
202300004807,12,7,2023,2025-12-05 09:30:00,1,78,78650,2,1,1,2,Carnot (Boulevard),48.8978,2.11264
202300004808,23,3,2023,2025-12-05 15:45:00,1,7,7019,1,1,8,2,Leonce Verny (Avenue),44.62062,4.39409
202300004809,25,11,2023,2025-12-05 18:30:00,5,91,91097,2,3,1,6,Rue Marcel Pagnol,48.67804,2.529
202300004810,7,6,2023,2025-12-05 19:20:00,1,94,94002,2,1,1,6,Rue De Geneve,48.78641,2.43241
202300004811,12,5,2023,2025-12-05 12:25:00,1,44,44109,2,1,1,6,46 Route De Vannes,47.23415005,-1.57998476
202300004812,22,3,2023,2025-12-05 15:15:00,1,4,4070,2,1,1,6,Verdun ( Avenue De ),44.08955,6.22761
202300004813,7,6,2023,2025-12-05 07:35:00,1,93,93073,2,1,1,2,Aeroport Charles De Gaulle,49.00671,2.5555
202300004814,10,5,2023,2025-12-05 07:51:00,1,44,44109,2,6,8,6,144 Boulevard De La Fraternite,47.2221561,-1.58537858
202300004815,21,3,2023,2025-12-05 15:00:00,1,3,3095,2,1,1,6,Rue Des Charmilles,46.137173,3.435348
202300004816,25,11,2023,2025-12-05 16:30:00,1,91,91589,2,2,1,3,Rue Ernest Fontaine,48.682889,2.364609
202300004817,11,7,2023,2025-12-05 08:42:00,1,77,77288,1,6,1,2,D606,48.55288,2.64305
202300004818,7,6,2023,2025-12-05 19:15:00,1,93,93072,2,3,1,6,Avenue De Stalingrad / Rue Roger Salengro,48.94946493,2.38471378
202300004819,10,5,2023,2025-12-05 07:16:00,1,44,44109,2,3,8,3,24 Boulevard De La Beaujoire,47.25828924,-1.51529574
202300004820,23,3,2023,2025-12-05 13:40:00,1,3,3185,2,1,1,3,Rue Benoist D'Azy,46.35506,2.6079
202300004821,15,6,2023,2025-12-05 19:00:00,1,77,77296,1,2,1,2,D402,48.620829,2.581707
202300004822,7,6,2023,2025-12-05 13:00:00,1,93,93066,2,1,1,3,Avenue Du President Wilson,48.91480112,2.35812298
202300004823,10,5,2023,2025-12-05 08:45:00,1,44,44109,1,1,8,2,Pont De Chevire,47.19242497,-1.61363382
202300004824,24,3,2023,2025-12-05 16:30:00,1,86,86224,1,1,1,6,La Grande Eau,46.919725,0.412926
202300004825,3,5,2023,2025-12-05 07:45:00,1,44,44109,2,1,8,6,Rue Paul Bellamy,47.23297211,-1.56557194
202300004826,7,6,2023,2025-12-05 11:30:00,1,93,93066,2,1,1,6,Avenue Lenine,48.94272202,2.3641794
202300004827,12,7,2023,2025-12-05 09:50:00,1,77,77243,2,3,1,3,Imprimerie (Rue De  L' ),48.88123,2.71437
202300004828,25,3,2023,2025-12-05 00:30:00,3,51,51085,1,1,1,6,D42,48.971745,3.654263
202300004829,3,5,2023,2025-12-05 14:00:00,1,44,44109,2,1,8,3,30 Rue Jean Poulain,47.25183949,-1.56496406
202300004830,12,7,2023,2025-12-05 17:50:00,1,76,76322,2,1,1,3,Rue Edwin Aldrin,49.41311762,1.04867908
202300004831,24,4,2023,2025-12-05 14:50:00,1,44,44172,1,1,8,4,Pont De Bellevue,47.23235166,-1.47305058
202300004832,7,6,2023,2025-12-05 00:14:00,3,93,93064,2,1,1,3,Rue Jules Ferry,48.87531,2.47789
202300004833,12,7,2023,2025-12-05 18:50:00,1,76,76540,2,1,1,2,Boulevard Ferdinand De Lesseps,49.44502,1.06535
202300004834,25,3,2023,2025-12-05 16:12:00,1,6,6109,1,1,1,1,M6202,43.841236,7.195449
202300004835,21,11,2023,2025-12-05 17:00:00,2,60,60338,1,3,9,6,D932A,49.34468,2.774112
202300004836,7,6,2023,2025-12-05 23:20:00,5,93,93049,2,3,1,3,Avenue Du President Roosevelt / Rue De Verdun,48.8537309,2.50846772
202300004837,24,3,2023,2025-12-05 20:30:00,3,34,34032,1,1,1,2,A75,43.371116,3.285749
202300004838,12,7,2023,2025-12-05 11:00:00,1,76,76498,2,6,1,3,Place Des Bruyeres,49.4122,1.0717
202300004839,30,11,2023,2025-12-05 18:25:00,3,60,60206,1,1,2,3,D15,49.515875,2.816979
202300004840,25,3,2023,2025-12-05 18:00:00,1,30,30315,1,1,1,7,Route Nationale 100,43.950745,4.710351
202300004841,24,4,2023,2025-12-05 10:30:00,1,44,44109,2,1,8,6,36 Boulevard De La Beaugeoire,47.25866068,-1.51904396
202300004842,7,6,2023,2025-12-05 08:50:00,1,93,93013,2,3,1,3,Rue Anizan Cavillon / Rue Des Jardins,48.93421,2.41846
202300004843,11,7,2023,2025-12-05 16:25:00,1,76,76351,2,2,1,3,Graville (Bd De),49.496234,0.146769
202300004844,20,4,2023,2025-12-05 14:52:00,1,44,44215,1,1,8,2,Adresse_Inconnue,47.17456036,-1.51233864
202300004845,23,3,2023,2025-12-05 10:47:00,1,67,67234,2,4,2,1,1 Rue De La Liberation,48.968678,7.042794
202300004846,8,7,2023,2025-12-05 20:45:00,1,76,76351,2,2,1,3,Pierre Loti,49.50578,0.14843
202300004847,8,4,2023,2025-12-05 23:30:00,3,44,44114,1,1,8,7,Adresse_Inconnue,47.26497453,-1.59078889
202300004848,5,6,2023,2025-12-05 20:10:00,1,93,93010,2,1,1,3,Avenue Gallieni,48.90690569,2.48746159
202300004849,28,10,2023,2025-12-05 09:35:00,1,62,62826,2,6,2,7,Avenue Francois Godin,50.51085394,1.58862662
202300004850,7,6,2023,2025-12-05 16:00:00,2,93,93007,2,1,1,6,87 Avenue De La Division Leclerc,48.94600212,2.46050298
202300004851,24,3,2023,2025-12-05 23:30:00,3,76,76151,1,1,6,2,Route Departementale 20,49.844051,0.727297
202300004852,11,7,2023,2025-12-05 17:00:00,1,72,72181,2,9,1,6,Patton General Rte St-Aubin A Av Rubilla,48.03018079,0.17912507
202300004853,11,12,2023,2025-12-05 07:50:00,4,74,74256,2,1,3,6,1051 Avenue De Geneve,45.94578,6.629882
202300004854,12,7,2023,2025-12-05 14:00:00,1,69,69286,2,1,1,6,Avenue De L'Europe,45.81724,4.90061
202300004855,7,6,2023,2025-12-05 21:40:00,2,93,93001,2,1,1,6,Rue Lopez Et Jules Martin,48.91461878,2.39931
202300004856,28,11,2023,2025-12-05 19:00:00,5,74,74263,2,1,1,6,100 Avenue De Bonnatrait,46.334736,6.394
202300004857,25,3,2023,2025-12-05 12:20:00,1,80,80621,1,1,6,7,D45,49.830999,2.84647
202300004858,7,6,2023,2025-12-05 15:40:00,1,92,92063,2,1,1,5,Bonaparte (Avenue Napoleon) Sud,48.87272386,2.16322874
202300004859,28,11,2023,2025-12-05 09:55:00,1,74,74210,1,1,1,1,Route De La Gare,46.302347,6.428424
202300004860,24,3,2023,2025-12-05 17:55:00,1,63,63040,2,2,1,3,Avenue Victor Cohalion / Rue Clair Matin,45.723336,3.35127
202300004861,12,7,2023,2025-12-05 21:40:00,2,69,69259,2,3,1,3,2 Boulevard Ambroise Croizat,45.7066,4.88742
202300004862,7,6,2023,2025-12-05 09:15:00,1,92,92051,2,1,1,3,Commandant Charcot (Boulevard Du),48.87925,2.25779
202300004863,18,2,2023,2025-12-05 18:30:00,1,44,44109,2,1,8,4,7 Rue De La Rosiere D'Artois,47.21204421,-1.56708955
202300004864,12,7,2023,2025-12-05 08:53:00,1,67,67482,2,1,1,6,Breitlach (Rue De La),48.531,7.773
202300004865,25,3,2023,2025-12-05 14:50:00,1,12,12208,1,1,1,3,D999,43.955854,2.859669
202300004866,16,12,2023,2025-12-05 18:18:00,5,10,10387,2,1,5,3,Pierre Brossolette (Rue),48.288,4.077
202300004867,7,6,2023,2025-12-05 17:35:00,1,92,92050,2,1,1,3,Joffre Marechal Avenue Du,48.88527111,2.19557208
202300004868,9,7,2023,2025-12-05 10:06:00,1,66,66136,2,1,1,6,Saint-Assiscle (Boulevard De),42.69769,2.87796
202300004869,25,3,2023,2025-12-05 06:58:00,2,12,12120,1,1,1,6,Ruisseau Du Mayroux (Buse),44.385332,2.826158
202300004870,6,6,2023,2025-12-05 15:30:00,1,92,92040,2,1,1,1,Docteur Zamenhoff (Du),48.8150255,2.26783589
202300004871,8,7,2023,2025-12-05 17:00:00,1,66,66136,2,3,1,3,Adresse_Inconnue,42.73075,2.90831
202300004872,24,3,2023,2025-12-05 23:00:00,3,41,41059,1,1,2,6,Route Departementale 7,47.439989,1.374085
202300004873,7,6,2023,2025-12-05 09:08:00,1,92,92035,2,1,1,1,Joffre ( Avenue ),48.90475,2.2447
202300004874,8,7,2023,2025-12-05 11:15:00,1,66,66136,1,1,1,2,Adresse_Inconnue,42.6791,2.87286
202300004875,25,3,2023,2025-12-05 07:40:00,1,2,2286,1,1,1,1,Adresse_Inconnue,49.969738,3.762399
202300004876,3,10,2023,2025-12-05 11:50:00,1,44,44055,1,1,1,4,Adresse_Inconnue,47.29926,-2.36138
202300004877,6,6,2023,2025-12-05 12:50:00,1,92,92024,2,3,1,6,Olaf Palme (Rue),48.907078,2.317735
202300004878,12,7,2023,2025-12-05 10:28:00,1,65,65433,2,3,1,1,Barbusse (Avenue Henri),43.219256,0.095747
202300004879,10,10,2023,2025-12-05 19:30:00,5,13,13208,2,1,1,6,Mendes France (Avenue),43.2535,5.3759
202300004880,24,3,2023,2025-12-05 15:20:00,1,3,3019,1,1,1,7,Rd236,46.608977,3.69148
202300004881,12,7,2023,2025-12-05 11:44:00,1,64,64335,2,1,2,6,Flandres Dunkerque,43.32093,-0.43524
202300004882,7,6,2023,2025-12-05 00:10:00,5,92,92012,2,1,1,2,Pont De Sevres (Rond Point Du),48.82920843,2.22886473
202300004883,10,10,2023,2025-12-05 07:00:00,2,13,13212,2,1,1,3,Caillols (Avenue Des),43.305,5.426
202300004884,25,3,2023,2025-12-05 11:50:00,1,70,70198,1,3,1,3,D70,47.547118,5.669332
202300004885,7,6,2023,2025-12-05 18:00:00,1,92,92004,2,1,1,1,Robert Dupont,48.92026,2.2819
202300004886,12,7,2023,2025-12-05 09:30:00,1,62,62193,2,2,1,3,Rue Voltaire,50.95499,1.87173
202300004887,17,7,2023,2025-12-05 21:30:00,5,13,13208,2,1,1,6,Pointe Rouge (Ave),43.24767,5.37444
202300004888,2,7,2023,2025-12-05 20:25:00,1,61,61006,2,1,1,6,D238A,48.73928,-0.02334
202300004889,25,3,2023,2025-12-05 14:15:00,1,72,72382,1,2,1,3,Chemin De La Sapiniere,47.927393,0.466399
202300004890,7,6,2023,2025-12-05 17:15:00,1,76,76281,1,2,1,3,D484,49.524804,0.581803
202300004891,12,7,2023,2025-12-05 08:10:00,1,59,59350,2,1,1,2,Faubourg D'Arras Rue,50.615298,3.062649
202300004892,25,3,2023,2025-12-05 16:50:00,1,50,50076,1,1,1,6,Le Moulin Saint Martin,48.895781,-1.531724
202300004893,5,12,2023,2025-12-05 19:50:00,3,41,41148,1,2,9,4,Route Departemenatle 951,47.647436,1.438415
202300004894,7,6,2023,2025-12-05 10:10:00,1,84,84142,1,6,1,2,Route D'Avignon (Pont),43.968558,4.980476
202300004895,9,7,2023,2025-12-05 02:55:00,5,57,57019,2,1,1,6,Source (Rue De La),49.24021,6.13462
202300004896,25,3,2023,2025-12-05 09:35:00,1,50,50239,2,1,1,3,Rue Saint Martin,49.126139,-1.165358
202300004897,7,4,2023,2025-12-05 12:45:00,1,44,44109,2,1,8,6,23 Boulevard Luc Olivier Merson,47.22362354,-1.57329165
202300004898,8,7,2023,2025-12-05 11:56:00,1,57,57591,2,6,1,3,Poincare (Rue Raymond),49.25653,6.1065
202300004899,7,4,2023,2025-12-05 10:30:00,1,44,44109,2,1,8,3,6 Rue Gigant,47.2144791,-1.568503
202300004900,25,3,2023,2025-12-05 11:25:00,1,30,30269,1,4,1,3,La Bigore,44.112791,3.857676
202300004901,7,6,2023,2025-12-05 17:45:00,1,62,62883,1,1,1,7,D99,50.41472657,2.2926271
202300004902,6,4,2023,2025-12-05 16:30:00,1,44,44109,2,1,8,6,110 Boulevard Du Massacre,47.23148202,-1.59268231
202300004903,10,7,2023,2025-12-05 17:36:00,1,56,56121,2,6,1,3,Muller ( Du Colonel Jean ),47.76596,-3.40071
202300004904,4,4,2023,2025-12-05 08:45:00,1,44,44109,2,1,8,1,Rue Felix Eboue,47.21135493,-1.55801353
202300004905,7,6,2023,2025-12-05 09:45:00,1,56,56231,1,1,1,3,Adresse_Inconnue,47.692346,-2.63821
202300004906,11,7,2023,2025-12-05 16:50:00,1,49,49007,2,6,1,3,Gats,47.47431,-0.51589
202300004907,1,4,2023,2025-12-05 06:24:00,5,44,44109,2,1,8,6,5 Allee De L'Ile Gloriette,47.21114822,-1.55753216
202300004908,30,3,2023,2025-12-05 14:25:00,1,44,44109,2,9,8,6,Boulevard De Stalingrad,47.21964962,-1.53309731
202300004909,12,7,2023,2025-12-05 19:40:00,1,44,44109,2,1,1,2,Pont Georges Clemenceau,47.201804,-1.53515
202300004910,25,3,2023,2025-12-05 04:30:00,3,30,30333,1,1,1,4,A9 Pk 64+700 Sens Montpellier-Nimes,43.75414,4.258211
202300004911,8,6,2023,2025-12-05 18:50:00,1,82,82112,2,1,1,1,3Bis Cote Saint-Laurent,44.106701,1.083285
202300004912,16,6,2023,2025-12-05 19:30:00,1,44,44109,2,1,1,6,Cours Des 50 Otages,47.219716,-1.555647
202300004913,28,3,2023,2025-12-05 08:51:00,1,44,44109,2,1,8,3,Prairie Des Mauves,47.22345462,-1.50172578
202300004914,24,3,2023,2025-12-05 13:30:00,1,976,97605,2,1,1,6,Avenue Du College,-12.832631,45.118975
202300004915,26,3,2023,2025-12-05 11:45:00,1,44,44020,1,-1,8,6,Adresse_Inconnue,47.17933899,-1.60479435
202300004916,7,6,2023,2025-12-05 14:00:00,1,65,65031,1,1,1,3,D929 Pk50,42.918296,0.363171
202300004917,11,7,2023,2025-12-05 19:40:00,1,42,42218,2,2,1,3,Place Jean Et Hippolyte Vial,45.43576,4.43769
202300004918,26,3,2023,2025-12-05 01:00:00,3,44,44162,1,1,1,6,Rue De La Rousseliere,47.2391721,-1.64222967
202300004919,8,6,2023,2025-12-05 16:45:00,1,71,71107,1,1,1,1,Grand Route,46.837114,4.663417
202300004920,24,3,2023,2025-12-05 17:15:00,1,988,98830,1,1,1,6,Kongouma (Tribu),-20.756967,165.115542
202300004921,25,3,2023,2025-12-05 20:45:00,1,44,44109,2,1,8,6,62 Boulevard Jules Verne,47.23869083,-1.53186433
202300004922,12,7,2023,2025-12-05 18:44:00,1,38,38185,2,2,4,3,Boulevard,45.18069,5.71951
202300004923,8,6,2023,2025-12-05 08:30:00,1,61,61116,2,1,1,3,Vc,48.378088,0.84585
202300004924,24,3,2023,2025-12-05 15:30:00,1,972,97224,2,1,3,3,Riviere Roches,14.684474,-61.016087
202300004925,25,3,2023,2025-12-05 14:00:00,1,44,44190,2,6,8,3,Rue De La Commune De 1871,47.19922551,-1.50022126
202300004926,1,7,2023,2025-12-05 01:20:00,3,38,38421,2,1,1,7,Rue Du Bourgamon,45.16553737,5.76080295
202300004927,25,3,2023,2025-12-05 09:05:00,1,78,78193,1,1,1,6,D58,48.712942,1.973231
202300004928,24,3,2023,2025-12-05 18:00:00,1,44,44184,2,1,8,6,150 Boulevard Emile Broodcoorens,47.26662074,-2.24778382
202300004929,8,6,2023,2025-12-05 17:30:00,1,61,61129,1,3,1,3,D9,48.478614,0.599098
202300004930,12,7,2023,2025-12-05 12:45:00,1,37,37261,2,3,1,3,Louis Xi (Boulevard),47.37495,0.66958
202300004931,21,3,2023,2025-12-05 09:40:00,1,44,44190,2,1,8,1,119 Route De Clisson,47.19015026,-1.52008631
202300004932,8,6,2023,2025-12-05 17:08:00,1,50,50413,2,1,1,6,Voie De La Liberte,48.608029,-1.380855
202300004933,24,3,2023,2025-12-05 07:40:00,1,84,84047,1,2,1,6,Route Des Nourrats,43.889566,5.3509
202300004934,12,7,2023,2025-12-05 14:55:00,1,35,35238,2,3,1,3,Adresse_Inconnue,48.097683,-1.67301849
202300004935,20,3,2023,2025-12-05 08:00:00,1,44,44109,2,6,8,3,Boulevard Du Petit Port,47.24344039,-1.55682017
202300004936,7,6,2023,2025-12-05 18:10:00,1,64,64499,2,1,1,6,28 Avenue Des Docteurs Foix,43.473485,-0.920271
202300004937,25,3,2023,2025-12-05 10:00:00,1,6,6101,1,1,1,2,D6202,43.950019,6.987262
202300004938,11,7,2023,2025-12-05 16:12:00,1,34,34032,2,1,1,6,38 Boulevard De Verdun,43.33634,3.22288
202300004939,8,6,2023,2025-12-05 12:00:00,1,7,7128,1,1,7,6,Route De Rochepaule,45.10499124,4.50959532
202300004940,13,3,2023,2025-12-05 09:45:00,1,44,44109,2,2,8,3,39 Rue Vidie,47.23390175,-1.56297068
202300004941,12,7,2023,2025-12-05 11:15:00,1,33,33529,2,1,8,1,Magrette (Ch. De La),44.63415,-1.12792
202300004942,24,3,2023,2025-12-05 23:00:00,3,71,71307,1,1,1,1,Pr 013+0071 - Route Du Marais,46.376192,4.033028
202300004943,7,6,2023,2025-12-05 12:30:00,1,27,27284,2,1,1,6,11 Rue Du Pre De L'Empereur,49.28646,1.794182
202300004944,13,3,2023,2025-12-05 19:48:00,1,44,44109,2,3,1,3,69 Avenue Du Bout Des Landes,47.26190706,-1.57953974
202300004945,13,7,2023,2025-12-05 00:30:00,5,31,31149,2,7,8,1,Fort (Rue Du),43.61376,1.33706
202300004946,3,2,2023,2025-12-05 16:00:00,1,12,12243,1,1,1,7,D992,44.029082,2.964805
202300004947,8,6,2023,2025-12-05 07:55:00,1,17,17480,1,1,1,1,D117,46.140396,-0.854509
202300004948,24,3,2023,2025-12-05 18:30:00,1,71,71556,2,1,1,2,D906,46.272102,4.798338
202300004949,12,7,2023,2025-12-05 09:50:00,1,31,31483,1,1,1,2,D 5,43.13066,0.723919
202300004950,30,11,2023,2025-12-05 18:00:00,5,43,43002,2,1,3,6,Avenue De Bonneville,45.05042,3.88544
202300004951,8,6,2023,2025-12-05 09:05:00,1,87,87097,1,1,1,6,D951,46.103381,0.87425
202300004952,12,7,2023,2025-12-05 14:07:00,1,17,17415,2,1,1,6,Ancienne Caserne Passage De,45.74469,-0.6228
202300004953,25,3,2023,2025-12-05 03:45:00,4,88,88086,2,1,1,7,20 Rue Du 5 Septembre 1944,48.195466,6.720876
202300004954,14,12,2023,2025-12-05 09:00:00,1,43,43157,2,1,8,3,12 Boulevard Docteur Chantemesse,45.05146,3.87802
202300004955,7,6,2023,2025-12-05 17:10:00,1,30,30012,1,6,1,2,Adresse_Inconnue,43.901019,4.699627
202300004956,25,3,2023,2025-12-05 09:45:00,1,54,54318,2,1,6,6,56 Route De Pompey,48.750799,6.075522