num_acc,jour,mois,an,hrmn,lum,dep,com,agg,int,atm,col,adr,lat,long
202300004957,8,6,2023,2025-12-05 16:00:00,1,13,13024,1,1,1,1,D67,43.700148,5.249426
202300004958,14,12,2023,2025-12-05 08:00:00,1,43,43089,2,1,2,4,36 Avenue Du Puy_,45.045269,3.873723
202300004959,12,7,2023,2025-12-05 17:00:00,1,17,17306,2,4,1,4,Rue Emile Gaboriau,45.627107,-1.012362
202300004960,25,3,2023,2025-12-05 06:45:00,1,63,63470,1,1,1,7,D450,45.84624025,3.04571271
202300004961,10,3,2023,2025-12-05 17:15:00,1,44,44109,2,1,1,6,80 Boulevard Joliot Curie,47.19394072,-1.53128636
202300004962,7,6,2023,2025-12-05 14:55:00,1,1,1303,1,1,1,2,A40 Pk 136.400,46.097125,5.426173
202300004963,12,7,2023,2025-12-05 08:20:00,1,13,13071,2,3,1,2,Route Nationale 368 (Village),43.40805,5.30898
202300004964,25,3,2023,2025-12-05 13:25:00,1,38,38135,1,1,1,1,D1075,45.74288,5.404673
202300004965,25,9,2023,2025-12-05 13:31:00,1,74,74218,2,6,1,6,Dranse (Rue Du Pont De)_,46.3833,6.51231
202300004966,12,7,2023,2025-12-05 02:15:00,3,13,13208,2,1,1,6,Mendes France (Avenue),43.24958,5.37515
202300004967,1,6,2023,2025-12-05 08:10:00,1,69,69244,2,3,1,7,Avenue Victor Hugo,45.766707,4.784621
202300004968,24,3,2023,2025-12-05 14:15:00,1,17,17336,2,3,1,3,18Bis Impasse Des Nourauds,45.777173,-0.723639
202300004969,15,6,2023,2025-12-05 13:30:00,1,13,13213,2,1,1,6,Francois Mignet (Avenue),43.33033,5.42721
202300004970,8,6,2023,2025-12-05 17:25:00,1,53,53108,1,3,1,3,Intersection D57 Et D168,48.073147,-1.011611
202300004971,12,7,2023,2025-12-05 20:20:00,1,10,10387,2,6,1,7,Georges Pompidou (Rue),48.28798,4.08118
202300004972,24,3,2023,2025-12-05 16:00:00,1,35,35292,1,1,1,1,L'Esconnerie,48.36806325,-1.42710418
202300004973,8,6,2023,2025-12-05 07:30:00,1,38,38348,1,1,1,2,A43 - Pk 39-800,45.571725,5.321374
202300004974,12,7,2023,2025-12-05 13:36:00,1,10,10333,2,1,1,6,Charles De Refuge (Rue),48.28279,4.05541
202300004975,24,3,2023,2025-12-05 18:52:00,1,60,60139,2,1,2,6,Place De L'Eglise,49.16624331,2.24586618
202300004976,20,11,2023,2025-12-05 08:00:00,2,74,74105,2,1,1,6,66 Avenue De Geneve,46.304198,6.296964
202300004977,3,6,2023,2025-12-05 17:30:00,1,33,33229,1,1,1,2,Cd106,44.77789528,-1.03359461
202300004978,8,7,2023,2025-12-05 17:50:00,1,7,7070,1,1,1,2,Route Departementale 86,44.9792,4.85056
202300004979,13,12,2023,2025-12-05 11:43:00,1,74,74296,1,1,2,7,Adresse_Inconnue,46.080345,6.053635
202300004980,25,3,2023,2025-12-05 17:20:00,1,2,2555,1,1,1,7,Adresse_Inconnue,48.953621,3.329308
202300004981,12,7,2023,2025-12-05 17:15:00,1,6,6027,2,1,1,2,Plage Boulevard De La,43.65327,7.1553
202300004982,22,8,2023,2025-12-05 17:45:00,1,74,74281,2,2,1,6,Martinet (Chemin Du)_,46.36389,6.47619
202300004983,18,3,2023,2025-12-05 13:29:00,1,59,59411,2,6,1,6,D120,50.47949772,3.10458389
202300004984,7,6,2023,2025-12-05 16:50:00,2,988,98808,1,2,1,6,Tribu De Ba,-21.18574,165.54464
202300004985,8,6,2023,2025-12-05 00:30:00,5,971,97128,1,6,1,6,Bouliqui,16.257928,-61.455041
202300004986,12,7,2023,2025-12-05 00:40:00,4,5,5061,2,1,1,1,Jean Mace ( Rue ),44.55836,6.06992
202300004987,9,3,2023,2025-12-05 15:20:00,1,44,44109,2,1,8,2,15 Rue Louis Blanc,47.20645241,-1.55483197
202300004988,28,1,2023,2025-12-05 18:50:00,5,13,13213,1,1,1,2,A507 Sens Marseille - Aubagne,43.32828784,5.41725594
202300004989,7,6,2023,2025-12-05 18:25:00,1,28,28096,1,1,1,1,D115.2,48.892388,1.484742
202300004990,24,3,2023,2025-12-05 20:00:00,3,69,69029,1,1,1,6,Route Departementale 383,45.74342,4.90586
202300004991,11,7,2023,2025-12-05 23:50:00,5,75,75119,2,4,1,4,Porte D Aubervilliers,48.90017259,2.37638891
202300004992,9,3,2023,2025-12-05 14:30:00,1,44,44109,2,1,8,6,Cours Des 50 Otages,47.21739457,-1.55707353
202300004993,7,6,2023,2025-12-05 19:28:00,1,77,77183,2,1,1,6,D603,48.950803,3.126528
202300004994,10,7,2023,2025-12-05 21:50:00,5,75,75119,2,1,1,7,Porte De Pantin,48.8835,2.399945
202300004995,8,3,2023,2025-12-05 11:00:00,1,44,44143,1,1,8,3,Adresse_Inconnue,47.15938595,-1.53713983
202300004996,21,3,2023,2025-12-05 17:10:00,1,54,54357,1,1,1,3,Autoroute A 31,48.720543,6.167568
202300004997,8,3,2023,2025-12-05 08:00:00,1,44,44162,2,6,2,7,Boulevard Salvador Allende,47.2192455,-1.62182392
202300004998,10,7,2023,2025-12-05 09:20:00,1,75,75116,2,1,1,2,Porte Dauphine,48.869784,2.271684
202300004999,7,6,2023,2025-12-05 13:00:00,1,13,13101,1,1,1,2,Grand Rue,43.404829,5.529934
202300005000,24,3,2023,2025-12-05 17:50:00,1,94,94021,1,1,2,7,A6A,48.76446314,2.34264628
202300005001,26,12,2023,2025-12-05 08:45:00,2,83,83123,1,1,7,2,Adresse_Inconnue,43.14312445,5.78852677
202300005002,12,7,2023,2025-12-05 12:47:00,1,75,75108,2,2,1,6,Boulevard Malesherbes,48.877778,2.316286
202300005003,8,6,2023,2025-12-05 15:45:00,1,7,7324,2,1,1,1,28 Rue Du Doux,45.070112,4.825472
202300005004,24,3,2023,2025-12-05 16:50:00,1,91,91161,1,1,1,1,Autoroute A126,48.70908,2.30833
202300005005,24,5,2023,2025-12-05 22:20:00,3,1,1264,1,1,1,6,Rd 936,46.187991,5.119439
202300005006,10,7,2023,2025-12-05 21:45:00,2,75,75119,2,3,1,2,Boulevard Peripherique Interieur Nord,48.89990223,2.38529921
202300005007,24,3,2023,2025-12-05 15:35:00,1,91,91216,1,1,1,2,Autoroute A6,48.67927,2.33363
202300005008,7,6,2023,2025-12-05 13:30:00,1,46,46138,1,1,1,6,A20 / Aire Des Jardins Des Causses,44.658351,1.570015
202300005009,11,7,2023,2025-12-05 15:45:00,1,75,75116,2,1,1,2,Boulevard Peripherique Interieur Ouest,48.866524,2.268792
202300005010,3,3,2023,2025-12-05 07:05:00,1,44,44109,2,3,8,3,92 Route De Sainte Luce,47.23267949,-1.52183814
202300005011,26,4,2023,2025-12-05 08:05:00,1,83,83137,1,1,1,2,A50 Entree Tunnel Tube Sud,43.12697515,5.91375934
202300005012,24,3,2023,2025-12-05 14:48:00,1,91,91136,1,1,1,4,Autoroute A126,48.71098,2.29355
202300005013,12,7,2023,2025-12-05 09:03:00,1,75,75105,2,1,1,1,Boulevard Saint Marcel,48.838837,2.358202
202300005014,15,12,2023,2025-12-05 07:15:00,5,74,74008,2,3,1,3,Mon Idee (Rue De),46.20035,6.22526
202300005015,24,3,2023,2025-12-05 15:50:00,1,92,92036,1,1,1,3,A86,48.93576409,2.28722247
202300005016,2,6,2023,2025-12-05 17:15:00,1,57,57474,1,1,1,3,Autoroute A31,49.26244746,6.17736071
202300005017,13,12,2023,2025-12-05 07:40:00,3,74,74012,2,1,3,6,18 Aout 44 (Rue Du),46.19238,6.25111
202300005018,23,3,2023,2025-12-05 17:50:00,1,78,78455,1,1,1,2,A13,48.85472,2.0596
202300005019,12,7,2023,2025-12-05 00:00:00,5,75,75120,2,2,1,3,Boulevard Davout,48.851306,2.411119
202300005020,7,6,2023,2025-12-05 16:10:00,1,94,94065,1,1,1,2,N186,48.7549,2.34533
202300005021,11,12,2023,2025-12-05 07:00:00,3,74,74298,2,1,3,3,Europe (Avenue De L'),46.17674,6.24025
202300005022,9,12,2023,2025-12-05 15:30:00,1,74,74012,2,1,2,6,18 Aout 44 (Rue Du),46.19137,6.23319
202300005023,12,7,2023,2025-12-05 11:15:00,1,75,75119,2,3,1,7,Avenue Simon Bolivar,48.876424,2.376851
202300005024,24,3,2023,2025-12-05 08:45:00,1,95,95351,1,1,1,4,Rn 104,49.03843116,2.48465076
202300005025,7,6,2023,2025-12-05 14:55:00,1,94,94038,1,1,1,2,A6B,48.78431731,2.34694866
202300005026,6,12,2023,2025-12-05 10:40:00,1,74,74010,2,1,1,6,France (Avenue)(Secteur 310),45.90965,6.13853
202300005027,24,3,2023,2025-12-05 07:30:00,1,93,93063,1,1,1,3,Autoroute A3,48.87528738,2.44004158
202300005028,7,6,2023,2025-12-05 07:25:00,1,94,94038,1,1,1,6,A6A,48.77318113,2.34587558
202300005029,12,7,2023,2025-12-05 18:55:00,1,75,75117,2,2,1,3,Avenue De La Porte D Asnieres,48.891826,2.301581
202300005030,15,12,2023,2025-12-05 17:00:00,5,10,10387,2,3,1,3,Madagascar (Rue De)_,48.28878,4.08027
202300005031,24,3,2023,2025-12-05 06:41:00,5,93,93066,1,1,1,2,Autoroute A1,48.91524,2.3579
202300005032,11,7,2023,2025-12-05 18:50:00,1,75,75116,2,1,1,2,Souterrain Varsovie,48.860213,2.29093
202300005033,15,12,2023,2025-12-05 08:57:00,1,10,10333,2,1,8,3,Auxerre (Route)_,48.27242,4.05516
202300005034,7,6,2023,2025-12-05 09:16:00,1,91,91553,1,1,1,5,Rn 104,48.62519,2.47158
202300005035,2,9,2023,2025-12-05 06:30:00,2,5,5061,2,1,1,6,Rn 85,44.57288,6.08163
202300005036,11,7,2023,2025-12-05 23:05:00,5,75,75116,2,2,1,3,Avenue Ingres,48.857361,2.264678
202300005037,24,3,2023,2025-12-05 07:40:00,1,93,93051,1,1,1,5,A4,48.83546,2.571
202300005038,7,6,2023,2025-12-05 02:00:00,3,91,91534,1,1,1,7,Rn 118,48.72814,2.1656
202300005039,6,6,2023,2025-12-05 22:11:00,3,91,91179,1,1,1,7,Autoroute A6,48.55584,2.49189
202300005040,13,10,2023,2025-12-05 17:15:00,1,3,3155,2,1,1,1,22 Boulevard Gambetta,46.7318,2.939297
202300005041,23,3,2023,2025-12-05 08:55:00,1,75,75116,2,1,1,3,Echangeur Muette,48.864978,2.267427
202300005042,21,11,2023,2025-12-05 10:42:00,1,74,74119,1,1,9,6,Rte De La Corniche,46.38536019,6.58981258
202300005043,11,7,2023,2025-12-05 12:00:00,1,75,75113,2,4,1,6,Boulevard Saint Marcel,48.839957,2.361729
202300005044,22,3,2023,2025-12-05 22:00:00,5,75,75113,2,1,1,2,Porte De Gentilly,48.816586,2.347239
202300005045,7,6,2023,2025-12-05 17:25:00,1,92,92063,1,1,1,3,A86,48.88961195,2.16890822
202300005046,22,3,2023,2025-12-05 12:30:00,1,75,75120,2,1,1,6,Echangeur Bagnolet,48.86429599,2.41363406
202300005047,11,7,2023,2025-12-05 09:50:00,1,75,75110,2,2,1,7,Quai De Jemmapes,48.879513,2.36804
202300005048,7,6,2023,2025-12-05 09:50:00,1,92,92023,1,1,1,7,A86,48.77689465,2.22498357
202300005049,22,10,2023,2025-12-05 13:40:00,1,74,74218,2,3,1,4,Rive (Avenue De La) Rd 1005,46.39501242,6.54072243
202300005050,23,3,2023,2025-12-05 13:18:00,1,75,75114,2,2,8,3,Avenue Du Maine,48.83236996,2.32504606
202300005051,12,7,2023,2025-12-05 14:44:00,1,75,75108,2,2,1,6,Avenue Hoche,48.876546,2.301692
202300005052,16,10,2023,2025-12-05 16:50:00,1,74,74281,2,9,1,3,Corniche (Bd De La) Superieur Ndeg20,46.361,6.45
202300005053,6,6,2023,2025-12-05 07:20:00,1,92,92025,1,1,1,2,A86,48.9244141,2.23084474
202300005054,12,7,2023,2025-12-05 11:40:00,1,94,94058,2,1,1,6,Avenue Du General De Gaulle,48.83511937,2.51344121
202300005055,9,10,2023,2025-12-05 20:40:00,3,74,74119,2,3,1,3,Golf (Route Du),46.39505,6.5754
202300005056,4,6,2023,2025-12-05 23:30:00,3,93,93005,1,1,1,3,Autoroute A3,48.96235,2.47364
202300005057,12,7,2023,2025-12-05 12:30:00,1,94,94076,1,1,1,3,Avenue Paul Vaillant-Couturier,48.80041,2.34774
202300005058,30,9,2023,2025-12-05 16:29:00,1,74,74281,2,1,1,2,Plantees (Avenue Des),46.38,6.491
202300005059,22,3,2023,2025-12-05 19:56:00,5,75,75115,2,1,1,2,Boulevard Peripherique Exterieur Sud,48.825793,2.299593
202300005060,30,9,2023,2025-12-05 15:50:00,1,74,74281,2,1,1,2,Saint Disdille (Avenue De),46.38993,6.50732
202300005061,4,6,2023,2025-12-05 21:30:00,2,95,95042,1,1,1,5,N104,49.06191,2.32597
202300005062,9,7,2023,2025-12-05 11:50:00,1,94,94033,2,9,1,3,Avenue De Neuilly,48.84759061,2.48789477
202300005063,20,9,2023,2025-12-05 14:14:00,1,74,74218,2,1,1,1,Rive (Avenue De La) Rd 1005,46.39421,6.544
202300005064,12,7,2023,2025-12-05 09:50:00,1,94,94073,2,2,1,6,Route De Fontainebleau,48.74609,2.36959
202300005065,12,7,2023,2025-12-05 17:55:00,1,94,94018,1,1,1,7,Quai De Charenton,48.82494,2.39264
202300005066,4,6,2023,2025-12-05 14:50:00,1,95,95277,1,1,1,5,D170,48.97803406,2.43674397
202300005067,28,11,2023,2025-12-05 07:25:00,3,50,50546,1,1,3,4,Rue De Tessy - Gourfaleur,49.078655,-1.091702
202300005068,12,7,2023,2025-12-05 09:10:00,1,94,94018,2,9,1,2,Quai De Bercy,48.82248,2.39755
202300005069,7,6,2023,2025-12-05 19:20:00,1,77,77249,1,1,1,3,Rn104,48.72829035,2.60429471
202300005070,2,3,2023,2025-12-05 09:50:00,1,44,44109,2,1,2,2,18 Rue Marceau,47.21603323,-1.56379339
202300005071,12,7,2023,2025-12-05 18:20:00,1,94,94017,2,1,1,3,Avenue Maurice Thorez,48.81344,2.53715
202300005072,23,2,2023,2025-12-05 12:14:00,1,44,44190,2,1,8,6,64 Avenue De La Martelliere,47.19914299,-1.52693909
202300005073,11,7,2023,2025-12-05 21:32:00,1,94,94002,2,9,1,6,33 Rue Des Ecoles,48.803839,2.416722
202300005074,7,6,2023,2025-12-05 16:35:00,1,94,94011,1,1,1,4,N406,48.76152155,2.49235572
202300005075,15,2,2023,2025-12-05 13:05:00,1,44,44109,2,1,8,6,104 Route De Saint-Joseph,47.23943476,-1.53754143
202300005076,12,7,2023,2025-12-05 06:40:00,2,93,93073,2,9,7,6,Aeroport Charles De Gaulle,48.989971,2.5461
202300005077,16,4,2023,2025-12-05 11:55:00,1,95,95018,2,9,1,6,Heloise (Boulevard),48.939465,2.24846363
202300005078,13,2,2023,2025-12-05 08:45:00,1,44,44109,2,1,8,3,12 Rue Louis Blanc,47.20673158,-1.55503788
202300005079,13,3,2023,2025-12-05 16:00:00,1,43,43224,2,1,1,1,Route Du Mont,45.248841,4.237354
202300005080,12,7,2023,2025-12-05 18:30:00,1,93,93077,2,2,1,3,Avenue Franklin / Rue Jean Fallay,48.89521,2.50066
202300005081,7,2,2023,2025-12-05 11:05:00,1,44,44109,2,1,8,6,28 Rue De Gigant,47.21435939,-1.57112016
202300005082,10,3,2023,2025-12-05 11:40:00,1,43,43007,1,1,6,7,D15,45.03536429,4.190678
202300005083,3,2,2023,2025-12-05 08:00:00,1,44,44109,2,1,8,7,Boulevard Du General De Gaulle,47.20495444,-1.53772556
202300005084,12,7,2023,2025-12-05 13:00:00,1,93,93077,2,2,1,3,Avenue Franklin / Rue Jean Fallay,48.89516,2.50065
202300005085,3,2,2023,2025-12-05 12:25:00,1,44,44020,2,1,8,3,Rue De La Californie,47.18871426,-1.58725238
202300005086,6,6,2023,2025-12-05 18:55:00,1,93,93059,2,1,1,6,Avenue Gabriel Peri,48.96336509,2.35650381
202300005087,11,7,2023,2025-12-05 20:10:00,1,93,93053,2,5,1,2,Boulevard Michelet / Avenue Marceau,48.89015,2.45892
202300005088,1,2,2023,2025-12-05 08:35:00,1,44,44109,2,1,1,3,21 Rue Paul Painleve,47.22603683,-1.57066015
202300005089,6,6,2023,2025-12-05 16:20:00,1,93,93027,2,3,1,3,Avenue Jean Jaures / Rue Corneille,48.9244,2.4016
202300005090,12,7,2023,2025-12-05 19:19:00,1,93,93051,2,1,1,3,Boulevard Du Marechal Foch,48.84536501,2.52824692
202300005091,30,1,2023,2025-12-05 08:05:00,1,44,44109,2,1,8,4,297 Route De Sainte Luce,47.24387354,-1.5050334
202300005092,6,6,2023,2025-12-05 13:15:00,1,92,92024,2,2,1,6,Georges Boisseau (Rue),48.90628595,2.31393769
202300005093,12,7,2023,2025-12-05 14:20:00,1,93,93051,2,9,1,3,Boulevard Du Ru De Nesles,48.83690352,2.58244962
202300005094,28,1,2023,2025-12-05 02:15:00,5,44,44109,2,1,8,6,135 Boulevard Robert Schuman,47.24026304,-1.57226127
202300005095,28,1,2023,2025-12-05 15:05:00,1,44,44109,2,1,8,6,20 Quai Ernest Renaud,47.20496851,-1.57491557
202300005096,5,6,2023,2025-12-05 12:40:00,1,82,82033,2,1,7,6,Route De Moissac Rd 813,44.063837,1.097456
202300005097,16,6,2023,2025-12-05 09:10:00,1,93,93008,2,1,1,2,Av Du President Salvador Allende,48.9046627,2.44445272
202300005098,20,1,2023,2025-12-05 13:30:00,1,44,44109,2,1,8,7,72 Boulevard Jules Verne,47.23964513,-1.53119285
202300005099,5,6,2023,2025-12-05 16:25:00,1,94,94058,2,1,1,6,137 Bis Avenue Pierre Brossolette,48.83466775,2.50743923
202300005100,12,7,2023,2025-12-05 19:40:00,1,93,93001,2,1,1,5,Avenue Jean Jaures,48.9130795,2.40225027
202300005101,27,1,2023,2025-12-05 08:00:00,1,44,44109,2,3,8,6,Rue De Strasbourg,47.21848949,-1.55334485
202300005102,6,2,2023,2025-12-05 12:50:00,1,93,93031,2,1,1,6,Avenue Gallieni,48.96367546,2.2979116
202300005103,12,7,2023,2025-12-05 10:40:00,1,92,92078,1,1,1,6,Gallieni (Bd) (1 A 79 Et 22 A 102),48.92683417,2.32776189
202300005104,25,1,2023,2025-12-05 10:20:00,1,44,44190,2,3,8,6,126 Rue Du General De Gaulle,47.20898376,-1.48793276
202300005105,12,2,2023,2025-12-05 20:00:00,5,92,92023,2,1,1,3,General De Gaulle (Av Du) Ndeg130 A 340 Et,48.78456562,2.24955261
202300005106,12,7,2023,2025-12-05 10:00:00,1,92,92051,2,9,1,2,Commandant Charcot (Boulevard Du),48.87446785,2.25531265
202300005107,23,1,2023,2025-12-05 07:40:00,1,44,44087,1,6,8,2,Rond-Point Du Moulin Morcat,46.9900326,-1.79588217
202300005108,23,8,2023,2025-12-05 06:50:00,1,91,91363,1,1,1,3,A10 - Pk 003+200 - En Direction De La Province,48.649101,2.168341
202300005109,5,6,2023,2025-12-05 09:15:00,1,987,98735,2,1,1,4,Clemenceau ( Rue Qtier Deflesselle),-17.53663,-149.56028
202300005110,12,7,2023,2025-12-05 12:10:00,1,92,92050,2,1,1,6,Picasso Pablo Avenue,48.88921103,2.22018528
202300005111,21,8,2023,2025-12-05 00:00:00,5,11,11202,2,1,1,2,Avenue Georges Candilis,42.840428,3.042129
202300005112,6,6,2023,2025-12-05 15:50:00,1,974,97416,1,1,1,2,Rn03,-21.3176,55.4903
202300005113,11,7,2023,2025-12-05 10:12:00,1,92,92049,2,1,1,3,Dardan Rue Germain,48.812243,2.302807
202300005114,22,12,2023,2025-12-05 10:00:00,1,21,21464,1,1,3,5,A31,47.128958,4.971099
202300005115,3,8,2023,2025-12-05 11:20:00,1,987,98747,2,1,7,3,Pk 60 - Taravao Centre,-17.756,-148.736
202300005116,10,7,2023,2025-12-05 08:40:00,1,92,92002,2,1,1,6,Armand Guillebaud (Avenue),48.74581674,2.31446542
202300005117,5,6,2023,2025-12-05 08:30:00,1,974,97416,1,3,1,3,Boissy (Chemin De),-21.345,55.5029
202300005118,22,8,2023,2025-12-05 16:10:00,1,77,77339,2,1,1,6,La Chesnaye,48.394579,2.494251
202300005119,13,7,2023,2025-12-05 04:40:00,5,11,11194,2,1,1,6,Route Des 4 Chateaux,43.333642,2.380643
202300005120,9,12,2023,2025-12-05 15:45:00,1,45,45254,1,3,1,3,D940 Pr 11 + 162,47.645933,2.588611
202300005121,22,8,2023,2025-12-05 14:00:00,1,2B,2B059,1,1,1,1,Rt30,42.492479,9.184055
202300005122,6,6,2023,2025-12-05 19:00:00,5,974,97411,2,1,1,6,Bedier (Avenue Joseph),-20.8933,55.48651
202300005123,11,12,2023,2025-12-05 18:50:00,5,14,14118,2,3,1,6,Quai Vendeuvre,49.18027,-0.34989
202300005124,13,7,2023,2025-12-05 00:15:00,5,91,91235,2,1,1,2,39 Rue Clement Ader,48.622509,2.361986
202300005125,15,9,2023,2025-12-05 10:50:00,1,36,36150,1,1,1,7,Adresse_Inconnue,46.43426838,1.4785409
202300005126,6,6,2023,2025-12-05 07:30:00,1,974,97407,2,1,7,6,14 Juillet 1789(Avenue Du),-20.93201,55.29591
202300005127,14,8,2023,2025-12-05 23:15:00,5,34,34344,1,1,1,2,D62,43.569346,4.078213
202300005128,5,7,2023,2025-12-05 13:30:00,1,38,38336,2,1,1,7,384 Route Nationale 7 Nord St Christ,45.492698,4.832659
202300005129,21,1,2023,2025-12-05 01:00:00,5,44,44109,2,1,8,6,1 Rue Des Forges,47.22324049,-1.51846558
202300005130,22,8,2023,2025-12-05 11:54:00,1,83,83068,2,1,1,6,1651 Route Du Littoral,43.280459,6.5794
202300005131,6,6,2023,2025-12-05 15:45:00,1,973,97302,2,1,1,2,Collery (Zone Industrielle),4.90415705,-52.32608843
202300005132,9,7,2023,2025-12-05 05:00:00,2,41,41150,1,3,1,7,Route De Clenord,47.537047,1.435084
202300005133,20,1,2023,2025-12-05 01:15:00,3,44,44109,2,1,8,7,Pont De Tbilissi,47.21307478,-1.54095567
202300005134,22,8,2023,2025-12-05 19:20:00,1,83,83068,2,1,1,5,Route Du Littoral,43.267491,6.574228
202300005135,11,7,2023,2025-12-05 07:00:00,1,49,49092,1,1,7,2,Route Departementale 24,47.221958,-0.566525
202300005136,6,6,2023,2025-12-05 13:50:00,1,973,97302,2,9,1,3,Madeleine (Route De La),4.92100198,-52.32201934
202300005137,21,1,2023,2025-12-05 14:30:00,1,44,44162,2,3,8,7,Chemin Des Bodinieres,47.20796724,-1.64360917
202300005138,23,8,2023,2025-12-05 11:30:00,1,68,68136,1,1,1,1,Rue De Sainte Croix En Plaine,48.003764,7.445512
202300005139,12,7,2023,2025-12-05 18:57:00,1,41,41144,2,2,1,3,Rue De Pasnel,47.479481,1.094956
202300005140,5,6,2023,2025-12-05 19:20:00,4,973,97302,2,1,1,6,Mandela  (Boulevard),4.93149326,-52.32651758
202300005141,20,1,2023,2025-12-05 08:35:00,1,44,44082,1,1,8,2,Adresse_Inconnue,47.3855666,-1.36457511
202300005142,10,7,2023,2025-12-05 09:50:00,1,5,5027,1,1,1,7,D902,44.82645358,6.72801914
202300005143,20,1,2023,2025-12-05 08:25:00,1,44,44109,2,1,8,7,Quai Henri Barbusse,47.22717744,-1.55300997
202300005144,9,8,2023,2025-12-05 13:15:00,1,67,67368,1,1,1,1,D426,48.42692188,7.39328505
202300005145,5,6,2023,2025-12-05 20:50:00,1,973,97309,2,1,1,2,Tigre (Route Du),4.91291495,-52.30820686
202300005146,13,7,2023,2025-12-05 04:00:00,3,21,21642,1,1,1,7,A6 Pk 220+130,47.494168,4.124894
202300005147,20,1,2023,2025-12-05 07:00:00,2,44,44109,2,3,8,7,45 Route De Paris,47.25209492,-1.51703842
202300005148,22,8,2023,2025-12-05 17:30:00,1,57,57474,2,2,1,3,Rue De Boussange,49.259658,6.158473
202300005149,13,7,2023,2025-12-05 18:00:00,1,41,41091,1,1,1,2,Autoroute A10 Pk 155.950 En Direction De Tours,47.61681,1.282611
202300005150,5,6,2023,2025-12-05 06:55:00,1,973,97302,2,1,1,3,Montabo (Route De) 1,4.94418754,-52.31794935
202300005151,19,1,2023,2025-12-05 17:24:00,1,44,44184,1,1,8,1,Route De La Laiterie,47.29362986,-2.25740293
202300005152,22,8,2023,2025-12-05 14:00:00,1,73,73117,2,3,1,3,D1006 Avenue De La Liberte,45.191963,6.651717
202300005153,22,1,2023,2025-12-05 19:15:00,5,44,44215,2,1,1,7,486 Route De Clisson,47.18693564,-1.47737446
202300005154,4,6,2023,2025-12-05 23:20:00,5,973,97302,2,6,2,1,Madeleine (Route De La),4.92081,-52.32192
202300005155,13,7,2023,2025-12-05 10:25:00,1,6,6033,1,1,1,5,Rm 6202 Bis,43.772256,7.20929
202300005156,16,11,2023,2025-12-05 18:00:00,2,14,14543,1,6,2,6,Route De Bayeux,49.20355399,-0.49056292
202300005157,23,8,2023,2025-12-05 14:05:00,1,42,42296,1,1,1,7,D10,45.745815,4.275055
202300005158,13,7,2023,2025-12-05 20:15:00,1,60,60092,1,1,1,7,D20,49.134252,3.000212
202300005159,6,6,2023,2025-12-05 07:05:00,1,69,69386,2,2,1,3,Cours Vitton,45.77020508,4.86166281
202300005160,19,1,2023,2025-12-05 15:50:00,1,44,44143,2,6,8,1,50 Rue Camille Claudel,47.16662524,-1.55185023
202300005161,20,8,2023,2025-12-05 11:15:00,1,1,1444,2,1,1,7,269 Rue Du Village,45.847402,5.435588
202300005162,17,1,2023,2025-12-05 15:45:00,1,44,44109,2,1,8,6,68 Boulevard Eugene Orieux,47.23413914,-1.55331459
202300005163,23,8,2023,2025-12-05 19:50:00,1,64,64109,2,1,1,1,101 Rue Des Pyrenees,43.190311,-0.221277
202300005164,5,6,2023,2025-12-05 16:50:00,1,69,69387,2,3,1,3,Avenue Berthelot,45.74459,4.84393
202300005165,23,8,2023,2025-12-05 10:00:00,1,85,85054,1,1,1,7,Chateaulong,46.664562,-1.754766
202300005166,17,1,2023,2025-12-05 12:55:00,1,44,44109,2,6,8,7,Route De Carquefou,47.26248298,-1.51636826
202300005167,13,7,2023,2025-12-05 00:00:00,3,63,63116,1,1,1,2,A89 Pk 355+900 Vers Bordeaux,45.96758785,3.0637246
202300005168,9,7,2023,2025-12-05 10:15:00,1,61,61194,1,1,1,6,A88 Pk28+780,48.772581,-0.105979
202300005169,22,8,2023,2025-12-05 10:25:00,1,22,22070,2,9,7,3,Rue De La Passerelle,48.560722,-3.153394
202300005170,11,11,2023,2025-12-05 16:00:00,1,14,14118,2,2,1,3,Boulevard Marechal Juin,49.203162,-0.391083
202300005171,5,6,2023,2025-12-05 16:00:00,1,69,69383,2,2,1,3,Rue Vendome,45.75564,4.84758
202300005172,22,8,2023,2025-12-05 18:30:00,1,22,22197,1,1,1,7,Rue Champ Des Greves - Croix Formal,48.527121,-1.936619
202300005173,12,7,2023,2025-12-05 09:35:00,1,51,51113,2,6,1,3,D951,48.880931,3.77596
202300005174,13,1,2023,2025-12-05 03:20:00,5,44,44190,2,6,1,6,Boulevard Des Pas Enchantes,47.20739418,-1.51810879
202300005175,22,8,2023,2025-12-05 02:21:00,3,22,22026,1,1,1,6,La Noe,48.396164,-2.034037
202300005176,6,6,2023,2025-12-05 13:10:00,1,972,97209,2,3,1,3,Jean Jaures (Avenue),14.61072,-61.07096
202300005177,13,1,2023,2025-12-05 15:50:00,1,44,44109,2,1,8,6,11 Boulevard Alexandre Millerand,47.20785722,-1.53005416
202300005178,20,8,2023,2025-12-05 15:20:00,1,22,22093,1,1,1,3,Rue Albert Jacquard (Lamballe),48.452567,-2.492352