num_acc,jour,mois,an,hrmn,lum,dep,com,agg,int,atm,col,adr,lat,long
202300005406,21,9,2023,2025-12-05 15:55:00,1,49,49246,2,6,8,7,Gaulle Rue Charles De,47.425,-0.52521
202300005407,19,8,2023,2025-12-05 08:20:00,1,35,35238,2,3,1,6,Portugal (Bd Du),48.08342,-1.66089
202300005408,18,8,2023,2025-12-05 20:40:00,1,35,35238,1,1,1,6,Rn136,48.08197,-1.642
202300005409,22,9,2023,2025-12-05 17:55:00,1,37,37261,2,1,1,1,Pompidou (Avenue Georges),47.38279,0.71155
202300005410,17,8,2023,2025-12-05 15:40:00,1,35,35238,2,1,1,6,Rochester (Avenue De),48.12767,-1.65342
202300005411,22,9,2023,2025-12-05 13:00:00,1,37,37261,2,2,1,3,Boyer (Rue Leon),47.39359,0.67197
202300005412,16,8,2023,2025-12-05 14:00:00,1,35,35278,2,1,1,2,Porte De St Malo,48.13906,-1.69372
202300005413,22,9,2023,2025-12-05 08:05:00,1,37,37122,1,1,8,6,Rd 37,47.34001789,0.66646519
202300005414,22,9,2023,2025-12-05 07:30:00,1,37,37261,2,1,8,7,Wagner (Boulevard Richard),47.3742,0.69958
202300005415,17,8,2023,2025-12-05 03:30:00,5,34,34172,2,2,1,3,Laverune (Route De,43.60289,3.8553
202300005416,16,8,2023,2025-12-05 21:45:00,5,34,34172,2,1,1,6,Liberte (Avenue De La,43.61154,3.82805
202300005417,22,9,2023,2025-12-05 07:45:00,2,37,37122,2,3,1,2,Rd 86 De Monts A Tours,47.33450868,0.66464134
202300005418,21,9,2023,2025-12-05 13:45:00,1,37,37233,2,1,8,7,Ateliers (Rue Des),47.38507,0.71061
202300005419,19,8,2023,2025-12-05 13:55:00,1,33,33075,2,3,7,3,Avenue Jean Jaures,44.87502,-0.59041
202300005420,19,8,2023,2025-12-05 11:40:00,1,33,33063,2,1,1,2,Quai De Brazza,44.85663189,-0.5483374
202300005421,22,9,2023,2025-12-05 21:11:00,5,35,35238,2,3,1,3,Guilloux (Louis),48.10978332,-1.69850618
202300005422,22,9,2023,2025-12-05 15:45:00,1,35,35238,1,1,1,2,Rn136,48.11042805,-1.7180112
202300005423,18,8,2023,2025-12-05 19:06:00,1,33,33063,2,2,1,3,Boulevard George V,44.82533,-0.58914
202300005424,22,9,2023,2025-12-05 08:30:00,1,35,35238,2,1,2,3,Station De Metro Henri Freville (Aux Abo,48.08867831,-1.67496175
202300005425,17,8,2023,2025-12-05 20:50:00,1,33,33063,2,3,1,3,Boulevard Marechal Leclerc,44.82981,-0.59621
202300005426,22,9,2023,2025-12-05 21:35:00,5,34,34172,2,1,1,7,Blayac (Rue Du Professeur),43.62476,3.8268
202300005427,18,8,2023,2025-12-05 17:45:00,1,33,33529,1,1,7,2,Rd 1250 (Bonneval -La Hume) - Stade,44.61342479,-1.14871502
202300005428,19,9,2023,2025-12-05 16:50:00,1,34,34172,2,6,1,3,Colomb (Place Christophe),43.60614,3.89862
202300005429,18,8,2023,2025-12-05 12:00:00,1,32,32013,2,1,1,6,Jerome Cuzin (Square),43.64688,0.58185
202300005430,22,9,2023,2025-12-05 02:40:00,5,33,33063,2,1,2,1,Quai Deschamps,44.83411,-0.5511
202300005431,18,8,2023,2025-12-05 02:10:00,5,31,31555,2,9,1,3,Echangeur Sesquieres (A62-A620),43.647686,1.420962
202300005432,17,8,2023,2025-12-05 05:50:00,5,31,31555,2,1,2,3,Narbonne (Route De),43.5717,1.45362
202300005433,22,9,2023,2025-12-05 22:40:00,5,31,31149,2,1,1,3,Bd Du 14 Eme Regiment Infanterie,43.6151,1.33201
202300005434,4,8,2023,2025-12-05 19:00:00,1,30,30189,2,1,1,1,Combe Des Oiseaux (Chemin),43.8388,4.321
202300005435,22,9,2023,2025-12-05 08:05:00,1,31,31555,2,1,1,1,Av Jean Rieux,43.58126,1.4812
202300005436,17,8,2023,2025-12-05 06:00:00,5,29,29232,2,9,1,6,Rue De La Fontaine,47.989604,-4.089309
202300005437,16,8,2023,2025-12-05 19:00:00,1,27,27562,2,9,1,3,Pres (Rue Des),49.10251,1.45352
202300005438,22,9,2023,2025-12-05 05:00:00,5,31,31555,2,2,8,3,Bd De La Gare,43.60647,1.45653
202300005439,19,8,2023,2025-12-05 09:47:00,1,27,27229,2,1,1,7,Bart (Rue Jean),49.02849,1.17111
202300005440,19,9,2023,2025-12-05 18:50:00,2,30,30189,2,3,1,1,Rue Galilee,43.8295,4.3265
202300005441,17,8,2023,2025-12-05 17:30:00,1,27,27229,2,1,1,2,Val Iton (Rue Du),49.033281,1.146076
202300005442,7,9,2023,2025-12-05 17:50:00,1,30,30189,1,3,1,3,Ancienne-Route D'Anduze,43.8719,4.3197
202300005443,18,6,2023,2025-12-05 16:45:00,1,25,25056,2,6,1,3,Rue Pierre Mesnage,47.24889,5.99648
202300005444,22,9,2023,2025-12-05 21:10:00,3,26,26362,2,1,1,3,Beauvallon Route,44.89948,4.88818
202300005445,16,8,2023,2025-12-05 11:36:00,1,22,22215,2,1,1,2,Juillet 1789 (Rue Du 14),48.50073,-2.78102
202300005446,15,8,2023,2025-12-05 09:10:00,1,22,22278,2,1,1,7,Armor (Av. D') Cote Impair,48.51219,-2.7543
202300005447,22,9,2023,2025-12-05 21:16:00,5,26,26362,2,1,2,3,Route De Romans,44.95311,4.92963
202300005448,15,6,2023,2025-12-05 08:05:00,1,22,22187,2,1,1,6,Pres Josse (Rue Des ),48.53247,-2.76305
202300005449,21,9,2023,2025-12-05 17:37:00,1,21,21231,2,3,8,3,Martyrs De La Resistance (Des) (Boulevar,47.33078,5.0645
202300005450,18,8,2023,2025-12-05 04:03:00,5,21,21231,2,3,1,3,Bossuet (Rue),47.32213726,5.03795812
202300005451,22,9,2023,2025-12-05 11:20:00,1,21,21054,2,1,1,6,Ferry (Boulevard Jules),47.0224,4.84198
202300005452,15,8,2023,2025-12-05 09:20:00,1,19,19031,2,6,1,3,Toulzac (Rue Jean Baptiste),45.15644,1.50403
202300005453,19,9,2023,2025-12-05 16:35:00,1,13,13071,2,1,1,3,Rd 543,43.41827,5.36707
202300005454,19,8,2023,2025-12-05 04:00:00,5,18,18213,2,1,1,6,Route De La Charite,47.097849,2.464698
202300005455,23,9,2023,2025-12-05 00:20:00,5,13,13203,2,1,1,2,National   1 A 51 (Boulevard),43.30594185,5.38362972
202300005456,18,8,2023,2025-12-05 16:18:00,1,17,17333,1,3,1,5,107 Regiment D'Infanterie,45.59619,-0.97443
202300005457,22,9,2023,2025-12-05 21:00:00,5,13,13214,2,1,1,6,Paul Coxe (Rue),43.34588,5.38029
202300005458,18,8,2023,2025-12-05 14:09:00,1,17,17306,2,1,1,2,Rochefort (De)  (Avenue),45.64681,-1.02439
202300005459,22,9,2023,2025-12-05 07:55:00,1,13,13204,2,1,2,3,Marechal Juin (Boulevard),43.3132,5.4051
202300005460,17,8,2023,2025-12-05 10:45:00,1,17,17028,2,1,1,6,Grasset   Avenue Edmond,46.133784,-1.115109
202300005461,23,8,2023,2025-12-05 12:41:00,1,11,11262,2,2,1,3,1 Rue Sidoine Apollinaire,43.19618,2.96162
202300005462,16,8,2023,2025-12-05 13:36:00,1,14,14487,1,1,1,1,D579,49.17788,0.226543
202300005463,22,9,2023,2025-12-05 16:09:00,1,10,10387,2,1,1,3,Lombards (Avenue),48.27119,4.07988
202300005464,22,9,2023,2025-12-05 16:30:00,1,6,6069,2,1,1,2,Chenes (Chemin Des),43.64115,6.91501
202300005465,22,9,2023,2025-12-05 13:25:00,1,6,6069,2,1,1,6,Capucins (Chemin Et Impasse Des),43.65059,6.93148
202300005466,22,9,2023,2025-12-05 06:15:00,5,4,4070,2,1,2,7,Chaffaut ( Route Du ),44.07034,6.19973
202300005467,21,9,2023,2025-12-05 18:30:00,1,75,75118,2,1,1,3,Porte De La Chapelle,48.900926,2.358867
202300005468,22,9,2023,2025-12-05 13:40:00,1,75,75120,2,3,2,3,Rue De Belleville,48.875335,2.393549
202300005469,22,9,2023,2025-12-05 12:00:00,1,75,75120,2,1,1,3,Boulevard Davout,48.857294,2.409818
202300005470,22,9,2023,2025-12-05 15:00:00,1,75,75119,2,3,1,3,Rue De La Gare,48.901899,2.37274
202300005471,22,9,2023,2025-12-05 18:45:00,2,75,75118,2,1,1,1,Boulevard Ney,48.89849,2.356093
202300005472,22,9,2023,2025-12-05 14:20:00,1,75,75118,2,3,1,6,Rue Marx Dormoy,48.889058,2.359898
202300005473,21,9,2023,2025-12-05 18:30:00,1,75,75118,2,1,1,6,Boulevard Ney,48.897848,2.336152
202300005474,21,9,2023,2025-12-05 09:45:00,1,75,75116,2,1,2,6,Boulevard Lannes,48.870522,2.274544
202300005475,22,9,2023,2025-12-05 18:45:00,1,75,75113,2,2,1,6,Quai D Austerlitz,48.841915,2.367878
202300005476,22,9,2023,2025-12-05 15:20:00,1,75,75112,2,3,1,3,Rue De Reuilly,48.844209,2.390275
202300005477,21,9,2023,2025-12-05 03:50:00,5,75,75112,2,1,2,6,Quai De La Rapee,48.843796,2.369704
202300005478,22,9,2023,2025-12-05 14:36:00,1,75,75110,2,2,1,7,Rue Du Faubourg Du Temple,48.868796,2.367629
202300005479,21,9,2023,2025-12-05 22:50:00,5,75,75108,2,4,1,3,Avenue George V,48.866145,2.301346
202300005480,21,9,2023,2025-12-05 11:20:00,1,75,75108,2,1,1,6,Avenue Montaigne,48.8655,2.303356
202300005481,22,9,2023,2025-12-05 22:50:00,5,75,75104,2,3,1,7,Boulevard Henri Iv,48.851078,2.362217
202300005482,22,9,2023,2025-12-05 13:45:00,1,75,75104,2,2,8,7,Rue De Rivoli,48.857897,2.3502
202300005483,22,9,2023,2025-12-05 09:45:00,1,75,75104,2,2,3,3,Boulevard De Sebastopol,48.861982,2.350163
202300005484,21,9,2023,2025-12-05 23:55:00,5,94,94042,2,1,1,4,Avenue Du General Gallieni,48.82012,2.46769
202300005485,21,9,2023,2025-12-05 12:55:00,1,94,94068,2,2,3,3,Avenue Louis Blanc,48.79329,2.49791
202300005486,22,9,2023,2025-12-05 19:50:00,2,94,94076,2,1,1,6,Boulevard Maxime Gorki,48.79133,2.36948
202300005487,22,9,2023,2025-12-05 20:45:00,5,94,94033,2,6,1,3,Rue Carnot,48.85266,2.49064
202300005488,22,9,2023,2025-12-05 16:13:00,1,94,94033,2,1,8,2,Avenue De Lattre De Tassigny,48.85486824,2.49281891
202300005489,22,9,2023,2025-12-05 23:00:00,3,94,94028,2,1,1,3,Avenue Pierre Brossolette,48.7909,2.46273
202300005490,22,8,2023,2025-12-05 19:56:00,2,94,94022,2,2,1,3,Victor Hugo (Av),48.7691894,2.42247677
202300005491,22,9,2023,2025-12-05 12:30:00,1,93,93078,1,1,3,2,Autoroute A 104,48.96496,2.51882
202300005492,22,9,2023,2025-12-05 14:20:00,1,93,93027,2,6,2,3,Avenue Jean Jaures / Avenue Paul Vaillant Couturier,48.92079086,2.4106729
202300005493,22,9,2023,2025-12-05 19:20:00,2,93,93031,2,1,1,1,Avenue De La Republique,48.948914,2.334256
202300005494,22,9,2023,2025-12-05 08:30:00,1,93,93079,2,1,2,3,Rue Roger Salengro,48.96410874,2.34407553
202300005495,22,9,2023,2025-12-05 21:30:00,5,93,93047,2,3,2,2,Rue Utrillo / Avenue Paul Cezanne,48.90328,2.55595
202300005496,21,9,2023,2025-12-05 15:20:00,1,93,93014,2,2,2,5,Allee De Gagny / Allee Du Chene Pointu,48.90149,2.54691
202300005497,22,9,2023,2025-12-05 15:45:00,1,93,93005,2,1,2,6,Avenue Du Marechal Juin,48.93674,2.504353
202300005498,21,9,2023,2025-12-05 08:05:00,1,92,92033,2,1,3,3,Gaudonnes,48.85385199,2.19280243
202300005499,22,9,2023,2025-12-05 22:00:00,5,92,92051,2,1,1,6,"General Leclerc (Boulevard Du, Ndeg 1 A 27",48.88839941,2.25818932
202300005500,22,9,2023,2025-12-05 17:30:00,1,92,92044,2,2,8,6,Danton(Rue) 1A73 Et 2A88,48.88805668,2.2861889
202300005501,21,9,2023,2025-12-05 20:25:00,5,92,92035,2,1,1,3,General De Gaulle  ( Avenue Du ),48.90999453,2.25496281
202300005502,22,9,2023,2025-12-05 00:00:00,5,92,92024,2,2,3,3,Martre (Rue) De (111 A 119)   (122 A 144,48.90622004,2.30320528
202300005503,22,9,2023,2025-12-05 12:25:00,1,92,92012,2,6,2,2,Sevres (Rue De) 1/55 - 2/40,48.84048577,2.2286135
202300005504,21,9,2023,2025-12-05 09:45:00,1,92,92012,2,1,2,6,Victor Hugo (Avenue) Debut/47 Bis- Debut,48.84036161,2.24755347
202300005505,22,9,2023,2025-12-05 17:10:00,1,92,92007,2,3,1,6,Mathurins (Rue Des),48.79506,2.30644
202300005506,11,9,2023,2025-12-05 19:14:00,2,51,51649,2,6,1,3,Avenue Jean Juif,48.725217,4.604993
202300005507,23,9,2023,2025-12-05 02:45:00,3,988,98810,1,1,8,6,Gamai (Tribu),-20.69153,164.45205
202300005508,22,9,2023,2025-12-05 19:30:00,1,31,31044,2,1,1,6,Avenue Des Arenes (Piste Cyclable),43.610951,1.489436
202300005509,22,9,2023,2025-12-05 10:15:00,1,974,97422,2,6,1,3,Rue De L'Europe,-21.274079,55.506459
202300005510,22,9,2023,2025-12-05 17:45:00,1,63,63091,1,1,1,4,"A75, Pk 45+100",45.42791733,3.27279423
202300005511,22,9,2023,2025-12-05 13:40:00,1,30,30209,1,1,1,1,Route D'Avignon,43.988905,4.782727
202300005512,22,9,2023,2025-12-05 09:35:00,1,35,35251,1,2,7,3,D106,48.259681,-1.61815
202300005513,22,9,2023,2025-12-05 09:37:00,1,57,57269,1,1,1,3,Departementale D60,49.297196,6.21926
202300005514,22,9,2023,2025-12-05 20:00:00,2,62,62440,2,1,1,1,Rue De Beaumetz,50.109183,3.026114
202300005515,22,9,2023,2025-12-05 20:20:00,3,56,56078,1,1,1,6,Coat Cant,47.760085,-3.463472
202300005516,23,9,2023,2025-12-05 02:20:00,4,79,79080,2,3,1,7,Adresse_Inconnue,46.65854,-0.239317
202300005517,22,9,2023,2025-12-05 20:32:00,2,82,82168,1,1,2,6,Route De Cahors,44.185901,1.005464
202300005518,23,9,2023,2025-12-05 14:30:00,1,65,65258,2,1,1,6,236 Rue Marechal Juin,43.12174333,0.38488242
202300005519,23,9,2023,2025-12-05 05:30:00,3,89,89216,1,1,1,6,D3,47.552505,3.27045
202300005520,22,9,2023,2025-12-05 08:00:00,1,63,63387,1,1,1,7,D906,46.041723,3.456488
202300005521,22,9,2023,2025-12-05 23:20:00,3,68,68273,1,4,1,1,D463,47.545858,7.295394
202300005522,8,9,2023,2025-12-05 01:56:00,3,39,39475,2,1,1,7,7 Avenue De Nice,46.434899,5.338932
202300005523,22,9,2023,2025-12-05 19:00:00,1,44,44099,1,1,1,1,Adresse_Inconnue,47.63505,-1.33272
202300005524,23,10,2023,2025-12-05 06:20:00,1,974,97407,1,1,1,3,Tamatave (Boulevard),-20.93029,55.30163
202300005525,14,9,2023,2025-12-05 18:25:00,1,29,29193,2,1,1,1,5 Rue De L'Etang,48.554389,-4.087133
202300005526,23,9,2023,2025-12-05 13:39:00,1,2,2197,2,9,1,6,Adresse_Inconnue,49.965591,3.973306
202300005527,23,9,2023,2025-12-05 13:25:00,1,3,3283,1,1,2,6,D12,46.529269,3.563213
202300005528,23,9,2023,2025-12-05 03:50:00,3,1,1237,2,1,8,6,371 Route D?Oyonnax,46.21386,5.611715
202300005529,23,10,2023,2025-12-05 09:20:00,1,973,97302,2,2,1,3,Raban (Route De),4.93356534,-52.31330842
202300005530,23,10,2023,2025-12-05 22:55:00,5,69,69389,2,1,3,7,31 Rue Roger Salengro,45.77826,4.80551
202300005531,23,9,2023,2025-12-05 07:45:00,2,66,66071,1,1,1,6,Adresse_Inconnue,42.785842,2.680149
202300005532,23,9,2023,2025-12-05 10:00:00,1,5,5092,1,1,1,1,Lieu Dit Pre Longet D46,44.51087779,6.03245704
202300005533,23,9,2023,2025-12-05 04:00:00,3,43,43114,1,1,1,6,La Chambertiere Basse,45.16876904,4.21293859
202300005534,23,10,2023,2025-12-05 18:40:00,4,69,69081,2,2,3,1,Boulevard Du Valvert,45.76632,4.76935
202300005535,22,9,2023,2025-12-05 16:30:00,1,43,43132,1,1,8,3,Rd56,45.11664,3.492038
202300005536,23,9,2023,2025-12-05 16:05:00,1,7,7292,1,1,1,7,Rue Des Claux,45.164104,4.660129
202300005537,24,10,2023,2025-12-05 00:16:00,5,2B,2B033,1,1,1,6,Danesi - Bld Benoite,42.69214,9.43577
202300005538,22,9,2023,2025-12-05 18:30:00,1,7,7129,2,1,1,6,Place Charles Seignobos,44.985159,4.580084
202300005539,23,10,2023,2025-12-05 19:20:00,4,95,95585,2,1,2,6,D316,48.98515756,2.3742485
202300005540,22,9,2023,2025-12-05 13:25:00,1,53,53161,2,3,1,1,88 Rue De Sable,48.133015,-0.553173
202300005541,6,8,2023,2025-12-05 13:25:00,1,21,21100,1,3,1,3,D905,47.461461,4.502335
202300005542,23,10,2023,2025-12-05 13:00:00,1,95,95280,2,1,2,2,Gare (Route De La),49.02032356,2.4654758
202300005543,22,9,2023,2025-12-05 21:15:00,3,21,21414,1,1,1,1,D981,47.153347,4.491026
202300005544,23,9,2023,2025-12-05 13:55:00,1,85,85172,1,1,1,1,D205,46.807748,-1.978511
202300005545,22,9,2023,2025-12-05 18:10:00,1,17,17124,2,2,1,3,Rue Saint Jean,46.03882,-0.572571
202300005546,21,10,2023,2025-12-05 21:15:00,5,95,95280,2,2,3,3,Albert Sarraut (Avenue),49.030935,2.459515
202300005547,23,9,2023,2025-12-05 07:55:00,1,30,30274,2,1,1,1,574 Avenue Des Rosiers,44.17182,4.10569
202300005548,16,9,2023,2025-12-05 12:30:00,1,88,88250,1,1,1,6,Route D'Archettes,48.114813,6.56682
202300005549,21,9,2023,2025-12-05 14:30:00,1,31,31502,1,1,2,3,D5 Pr 30+300,43.182806,0.734754
202300005550,19,9,2023,2025-12-05 01:50:00,3,73,73213,1,1,2,6,A43,45.553516,5.955757
202300005551,22,9,2023,2025-12-05 08:45:00,1,987,98738,2,9,1,3,Rt 1 Pk 13,-17.618,-149.549
202300005552,23,10,2023,2025-12-05 20:45:00,3,91,91692,1,9,2,3,Cd35,48.67443,2.17731
202300005553,22,9,2023,2025-12-05 13:45:00,1,3,3175,1,1,3,2,A 71 Pk 332+331,46.239969,3.09484
202300005554,21,10,2023,2025-12-05 14:26:00,1,90,90010,2,1,1,6,Vauban (Quai),47.638094,6.858677
202300005555,22,9,2023,2025-12-05 21:20:00,3,13,13009,1,1,1,6,D572,43.6216,5.214429
202300005556,19,10,2023,2025-12-05 07:54:00,2,87,87085,2,2,2,3,Armand (Ave Z.A.C,45.8693,1.26935
202300005557,22,9,2023,2025-12-05 21:00:00,3,1,1320,1,1,1,2,Autoroute A40 - Pk199.500,46.311147,4.892239
202300005558,22,9,2023,2025-12-05 20:35:00,3,69,69250,1,1,2,6,Autoroute 89,45.820041,4.70972
202300005559,21,10,2023,2025-12-05 15:42:00,1,87,87085,2,1,2,6,Autoroute A20,45.83924,1.28114
202300005560,16,9,2023,2025-12-05 16:30:00,1,66,66172,1,1,1,6,Adresse_Inconnue,42.700618,2.864787
202300005561,22,9,2023,2025-12-05 09:50:00,1,90,90035,1,9,1,5,Diffuseur 11 A,47.584993,6.85696
202300005562,21,10,2023,2025-12-05 10:14:00,1,87,87075,1,1,1,3,Perigueux (Route De),45.80223,1.23193
202300005563,22,9,2023,2025-12-05 08:00:00,1,63,63014,1,1,1,4,A75 - Sortie Ndeg02-Bretelle Montpellier-Aubiere,45.741266,3.147138
202300005564,23,9,2023,2025-12-05 00:40:00,5,27,27332,1,1,1,6,"A13, Pk 090+436 Vers Rouen",49.19143,1.232636
202300005565,22,9,2023,2025-12-05 17:45:00,1,2B,2B314,1,1,1,6,Route De Padula - Terre Rosse - D262,42.618384,9.281862
202300005566,23,9,2023,2025-12-05 17:40:00,1,83,83035,1,3,1,1,Rnd8,43.242706,5.799901
202300005567,22,10,2023,2025-12-05 20:00:00,5,83,83137,2,1,1,1,Barre (Chemin De La),43.12038,5.96237
202300005568,23,10,2023,2025-12-05 16:15:00,1,81,81004,2,1,1,6,Mendes France (Av),43.92016366,2.16588378
202300005569,22,9,2023,2025-12-05 15:50:00,1,31,31395,2,1,1,1,D19,43.4471467,1.29595622
202300005570,22,9,2023,2025-12-05 16:15:00,1,17,17086,1,1,1,1,Route De La Chapelle Des Pots,45.748951,-0.579985
202300005571,23,10,2023,2025-12-05 02:10:00,5,78,78440,2,3,1,6,Bosquets (Rue Des),48.98982,1.89613
202300005572,23,9,2023,2025-12-05 14:31:00,1,60,60682,1,3,2,2,D932A,49.23782752,2.63209702
202300005573,23,9,2023,2025-12-05 11:45:00,1,59,59452,1,1,1,3,Rue Emile Macquart,50.464703,3.040402
202300005574,20,9,2023,2025-12-05 08:20:00,1,1,1275,1,1,1,3,A42   4.353 A 5.760   Gen/Lyon,45.80769,4.92816
202300005575,21,9,2023,2025-12-05 13:48:00,1,33,33063,1,1,2,4,Rocade A 630,44.88011508,-0.53849638
202300005576,21,9,2023,2025-12-05 06:00:00,3,33,33075,1,1,1,6,Rocade A 630,44.88891026,-0.618276
202300005577,22,9,2023,2025-12-05 22:00:00,3,93,93066,1,1,1,4,Autoroute A86,48.92258,2.35269
202300005578,22,9,2023,2025-12-05 06:45:00,3,93,93005,1,1,1,3,Autoroute A3,48.92988,2.48135
202300005579,23,10,2023,2025-12-05 21:00:00,3,76,76157,1,1,2,1,Route De Sahurs,49.42908,1.01053
202300005580,22,9,2023,2025-12-05 08:00:00,1,93,93063,1,1,2,2,Autoroute A3,48.87391673,2.43718835
202300005581,21,9,2023,2025-12-05 08:30:00,1,95,95018,2,9,3,5,A15,48.96288121,2.26552784
202300005582,23,10,2023,2025-12-05 15:30:00,1,76,76540,2,2,2,6,Rue Francois Arago,49.43455,1.08776
202300005583,22,9,2023,2025-12-05 15:50:00,1,94,94017,1,1,1,3,A4,48.83027345,2.49234529
202300005584,22,9,2023,2025-12-05 12:10:00,1,77,77337,1,1,1,7,Rn104,48.828825,2.618534
202300005585,21,10,2023,2025-12-05 12:20:00,1,76,76447,1,1,2,7,Octeville (Route D'),49.54799696,0.1641798
202300005586,20,9,2023,2025-12-05 21:25:00,3,94,94081,1,1,1,3,A86,48.77355694,2.40191898
202300005587,13,7,2023,2025-12-05 20:20:00,2,40,40088,2,1,1,3,Blanc (Rue Louis),43.69472,-1.04465
202300005588,16,4,2023,2025-12-05 15:40:00,1,13,13028,2,1,1,6,Ferry (Avenue Jules ),43.183,5.601
202300005589,22,10,2023,2025-12-05 18:20:00,1,76,76351,2,3,1,3,Acacias (Des),49.5081,0.1384
202300005590,19,9,2023,2025-12-05 18:35:00,2,974,97411,2,1,1,6,Chaudron  (Bld 1 Du),-20.89931,55.49725
202300005591,21,9,2023,2025-12-05 08:00:00,1,973,97302,2,3,1,3,Montabo (Route De) 2,4.93572,-52.29537
202300005592,15,10,2023,2025-12-05 12:00:00,1,76,76217,2,2,1,6,Bld Du Marechal Joffre,49.92201,1.07685
202300005593,21,9,2023,2025-12-05 18:10:00,2,69,69387,2,2,3,6,Rue Montesquieu,45.75292,4.84221
202300005594,21,9,2023,2025-12-05 13:00:00,1,972,97213,1,1,1,6,Route Departementale 14,14.64233,-61.02426
202300005595,21,9,2023,2025-12-05 19:25:00,5,69,69389,2,3,3,5,Rue Joannes Carret,45.7892,4.81259
202300005596,21,9,2023,2025-12-05 11:45:00,1,69,69385,2,1,1,6,Chemin De Choulans,45.75147,4.8209
202300005597,23,10,2023,2025-12-05 14:15:00,1,69,69290,2,1,1,2,8 Rue Du Maconnais,45.69524254,4.9222826
202300005598,21,9,2023,2025-12-05 14:09:00,1,2B,2B033,2,1,1,3,Sampiero Corso - Av,42.67646,9.4444
202300005599,23,10,2023,2025-12-05 21:25:00,5,64,64125,2,1,3,7,Espagne (Avenue D'),43.42666,-1.60365
202300005600,21,9,2023,2025-12-05 15:10:00,1,971,97101,1,1,2,1,Caraque,16.25152163,-61.48895502
202300005601,20,10,2023,2025-12-05 20:10:00,5,64,64122,2,1,2,6,Salon (Rue De),43.46283,-1.55889
202300005602,21,9,2023,2025-12-05 13:10:00,1,95,95280,2,3,3,3,Sarraut Albert (Avenue),49.03771145,2.45500982
202300005603,10,9,2023,2025-12-05 21:45:00,4,91,91570,1,3,1,3,Rosieres (Rue),48.625331,2.311606
202300005604,21,9,2023,2025-12-05 05:10:00,3,91,91689,1,1,2,2,Rd 118,48.71454,2.33456
202300005605,21,9,2023,2025-12-05 12:00:00,1,91,91215,2,3,3,6,Av Charles Gounod,48.69563,2.5222
202300005606,23,10,2023,2025-12-05 22:50:00,5,59,59350,2,1,2,6,Cordonnier Denis Avenue,50.62451,3.0821
202300005607,20,9,2023,2025-12-05 17:00:00,1,91,91691,2,1,1,3,Rene Coty(Rue),48.7184,2.48879
202300005608,20,10,2023,2025-12-05 18:45:00,5,56,56098,2,1,2,7,Clement (Rue  Jean-Baptiste ),47.77312,-3.33998
202300005609,21,9,2023,2025-12-05 13:10:00,1,91,91027,2,3,3,3,Av Montesquieu,48.7056,2.35963
202300005610,21,9,2023,2025-12-05 08:00:00,1,88,88413,2,1,1,2,Rue Saint Charles,48.28826,6.9517
202300005611,20,9,2023,2025-12-05 15:49:00,1,87,87050,2,1,1,3,Bastie (Ave Maryse),45.8902,1.22892
202300005612,23,10,2023,2025-12-05 22:31:00,5,45,45286,2,1,2,6,61 Rue Du Moulin,47.87643486,1.92668876
202300005613,20,9,2023,2025-12-05 17:05:00,1,84,84035,2,1,3,3,Marseille-Rd938 (Route De),43.82763,5.03272
202300005614,21,9,2023,2025-12-05 03:40:00,5,82,82121,2,3,1,1,Allende (Rue Du President Salvador),44.02348677,1.36286795
202300005615,10,10,2023,2025-12-05 09:10:00,1,42,42187,2,2,7,6,Rue Benoit Malon,46.03447,4.06958
202300005616,20,9,2023,2025-12-05 20:40:00,5,81,81244,1,1,1,6,Blaye ( Avenue De ),44.04704,2.13398
202300005617,20,9,2023,2025-12-05 17:47:00,1,79,79329,2,1,1,7,Adresse_Inconnue,46.97558,-0.21557
202300005618,23,10,2023,2025-12-05 14:48:00,1,40,40192,2,1,1,2,Martyrs De La Resistance (Av Des),43.8875,-0.50992
202300005619,21,9,2023,2025-12-05 08:00:00,1,78,78650,2,2,3,6,Bocages (Rue Des),48.89565,2.13935
202300005620,23,10,2023,2025-12-05 19:55:00,5,38,38169,2,1,8,2,Langevin (Boulevard P.)       (1 A 61),45.18988,5.68254
202300005621,23,10,2023,2025-12-05 07:55:00,2,37,37261,2,1,1,1,Renault (Rue Du Gal),47.37971,0.68033
202300005622,23,10,2023,2025-12-05 11:20:00,1,34,34172,2,1,8,3,Abrivado (Rue De L'),43.589717,3.88753
202300005623,21,9,2023,2025-12-05 16:40:00,1,77,77307,2,6,3,6,Av De L Europe,48.85553,2.76928
202300005624,23,10,2023,2025-12-05 23:05:00,5,33,33063,2,2,2,3,Rue Ernest Renan,44.84969,-0.59198
202300005625,21,9,2023,2025-12-05 11:25:00,1,77,77014,2,1,2,6,Franklin Roosevelt (Avenue),48.41568,2.72084
202300005626,23,10,2023,2025-12-05 07:08:00,5,33,33192,2,6,3,3,Rue De Benedigues,44.77731,-0.59285
202300005627,21,9,2023,2025-12-05 07:15:00,2,77,77131,2,1,2,6,Flornoy Bertrand  (Rue),48.80953,3.08285
202300005628,16,6,2023,2025-12-05 07:10:00,2,76,76540,2,3,1,3,Quai De Boisguilbert,49.44410107,1.07201242
202300005629,21,9,2023,2025-12-05 09:40:00,1,74,74012,2,1,1,3,Europe (Avenue De L'),46.178579,6.236726
202300005630,23,10,2023,2025-12-05 08:49:00,2,27,27681,2,1,8,6,Bonnard (Rue Pierre),49.098,1.4892