num_acc,jour,mois,an,hrmn,lum,dep,com,agg,int,atm,col,adr,lat,long
202300005631,20,9,2023,2025-12-05 14:50:00,1,72,72181,2,9,1,6,Foucaudiere (Pont De La),47.97461,0.19346
202300005632,23,10,2023,2025-12-05 19:25:00,5,26,26362,2,1,1,6,Avenue Victor Hugo,44.92213,4.88659
202300005633,21,9,2023,2025-12-05 15:50:00,1,71,71153,2,1,3,6,Cretes (Promenade Des),46.80895,4.39689
202300005634,21,9,2023,2025-12-05 20:10:00,3,69,69266,2,1,3,1,Rue Jean Voillot,45.75176402,4.91211802
202300005635,21,9,2023,2025-12-05 16:20:00,1,69,69266,2,2,1,6,Rue Frederic Mistral,45.75561302,4.87621041
202300005636,23,10,2023,2025-12-05 22:45:00,3,25,25056,1,1,3,1,Ouest Boulevard,47.21723,5.98587
202300005637,20,9,2023,2025-12-05 18:00:00,1,67,67218,2,1,1,3,Lyon (Rte De),48.52877,7.710624
202300005638,20,9,2023,2025-12-05 10:45:00,1,67,67447,2,3,7,3,Europe (Avenue De L ),48.61323869,7.7163358
202300005639,23,10,2023,2025-12-05 21:10:00,3,18,18180,1,9,1,6,Adresse_Inconnue,47.040517,2.416402
202300005640,21,9,2023,2025-12-05 09:45:00,1,66,66136,2,5,1,6,Adresse_Inconnue,42.69324,2.90391
202300005641,21,9,2023,2025-12-05 07:00:00,1,66,66136,2,1,1,2,Adresse_Inconnue,42.73453746,2.88592279
202300005642,21,9,2023,2025-12-05 18:10:00,1,64,64445,2,9,2,6,Champetier De Ribes,43.30458,-0.37714
202300005643,23,10,2023,2025-12-05 19:20:00,5,17,17415,2,2,3,3,Doumer 2 A 143 /Roc.Ouest Cours Paul,45.746237,-0.664578
202300005644,21,9,2023,2025-12-05 13:00:00,1,64,64041,2,9,2,1,Matachot,43.28089,-0.33287
202300005645,19,9,2023,2025-12-05 17:08:00,1,64,64102,2,1,1,6,Maubec (Rue),43.49794,-1.46761
202300005646,13,10,2023,2025-12-05 15:45:00,1,15,15014,2,6,1,3,Avenue Du General Milhaud,44.92156,2.43567
202300005647,21,10,2023,2025-12-05 14:10:00,1,13,13204,2,3,1,3,Pierre Roche (Rue),43.3097,5.4015
202300005648,21,9,2023,2025-12-05 20:11:00,2,63,63032,2,1,1,3,Noellet (Avenue Jean),45.7576,3.1028
202300005649,23,10,2023,2025-12-05 20:30:00,5,6,6088,2,1,1,3,Anglais (A Partir Du Ndeg 351),43.67164,7.22438
202300005650,23,10,2023,2025-12-05 11:30:00,1,1,1053,2,1,2,6,Recamier ( Rue Juliette),46.21265,5.23958
202300005651,10,9,2023,2025-12-05 07:15:00,1,62,62133,2,1,1,7,D46,50.412762,2.909866
202300005652,23,10,2023,2025-12-05 08:00:00,2,75,75118,2,1,1,3,Porte De Saint Ouen,48.900847,2.334437
202300005653,22,10,2023,2025-12-05 21:45:00,5,75,75118,2,1,1,2,Porte De Clignancourt,48.901047,2.344
202300005654,22,10,2023,2025-12-05 19:15:00,4,75,75120,2,1,1,3,Porte De Bagnolet,48.866942,2.41322
202300005655,23,10,2023,2025-12-05 12:50:00,1,75,75119,2,2,2,2,Avenue De La Porte Des Lilas,48.878169,2.409362
202300005656,23,10,2023,2025-12-05 18:25:00,1,75,75119,2,1,2,2,Avenue De Flandre,48.88545,2.370203
202300005657,23,10,2023,2025-12-05 01:20:00,5,75,75119,2,7,1,1,Place De La Bataille De Stalingrad,48.88324994,2.36913085
202300005658,23,10,2023,2025-12-05 13:20:00,1,75,75118,2,2,3,6,Rue Joseph De Maistre,48.888748,2.331806
202300005659,23,10,2023,2025-12-05 22:55:00,5,75,75117,2,1,8,7,Rue Denis Poisson,48.877134,2.287668
202300005660,23,10,2023,2025-12-05 15:15:00,1,75,75116,2,2,2,6,Avenue Paul Doumer,48.860223,2.281057
202300005661,23,10,2023,2025-12-05 07:50:00,1,75,75116,2,1,8,7,Voie Georges Pompidou,48.843522,2.271174
202300005662,23,10,2023,2025-12-05 11:30:00,1,75,75113,2,2,2,3,Porte D Italie,48.815747,2.36070335
202300005663,23,10,2023,2025-12-05 15:20:00,1,75,75112,2,2,2,3,Rue De Charenton,48.838997,2.389257
202300005664,23,10,2023,2025-12-05 19:40:00,5,75,75107,2,3,2,7,Pont De La Concorde,48.862588,2.319064
202300005665,23,10,2023,2025-12-05 19:20:00,5,75,75107,2,2,2,6,Quai D Orsay,48.862835,2.313436
202300005666,23,10,2023,2025-12-05 08:50:00,1,75,75115,2,1,1,3,Avenue De Breteuil,48.846298,2.311916
202300005667,18,10,2023,2025-12-05 12:10:00,1,94,94080,2,2,2,6,Rue Raymond Du Temple,48.846075,2.438223
202300005668,23,10,2023,2025-12-05 06:35:00,5,94,94078,2,1,1,6,2 Rue Des Chataigniers,48.73426019,2.4624036
202300005669,23,10,2023,2025-12-05 22:00:00,5,94,94011,2,3,8,1,Avenue De Choisy,48.77072,2.476747
202300005670,23,10,2023,2025-12-05 10:15:00,1,94,94043,2,1,1,6,Rue Carnot,48.80918,2.36519
202300005671,23,10,2023,2025-12-05 17:15:00,1,94,94073,2,1,2,1,Avenue Du Luxembourg,48.7607901,2.37129606
202300005672,23,10,2023,2025-12-05 18:00:00,2,94,94028,2,9,2,1,Rue Du Chateau,48.79236,2.45792
202300005673,22,10,2023,2025-12-05 21:30:00,3,93,93005,2,9,1,3,Avenue Raoul Dufy,48.95938,2.503103
202300005674,23,10,2023,2025-12-05 08:55:00,1,93,93051,2,4,1,3,Avenue Victor Basch / Allee Du Clos D'Ambert,48.84320059,2.55955294
202300005675,23,10,2023,2025-12-05 11:50:00,1,93,93049,2,1,2,3,Boulevard Gallieni,48.853097,2.514014
202300005676,22,10,2023,2025-12-05 15:25:00,1,93,93032,2,3,8,6,19 Rue Du 19 Mars 1962 / Avenue Des Dahlias,48.895,2.54295
202300005677,23,10,2023,2025-12-05 08:38:00,1,93,93047,2,5,1,6,Rue Du General Leclerc / Place Jean Mermoz,48.901414,2.570414
202300005678,23,10,2023,2025-12-05 13:45:00,1,93,93008,2,8,2,3,Stalingrad (Impasse De),48.913653,2.432575
202300005679,23,10,2023,2025-12-05 15:50:00,1,93,93005,2,3,8,3,Boulevard De Gourgues / Avenue Du Clocher,48.931095,2.501498
202300005680,23,10,2023,2025-12-05 01:00:00,5,93,93001,2,9,1,1,Republique (Ave De La ) 43/106 =>,48.90789,2.38765
202300005681,23,10,2023,2025-12-05 08:00:00,2,92,92046,2,1,1,3,Pierre Brossolette (Avenue),48.81477488,2.30381727
202300005682,23,10,2023,2025-12-05 16:45:00,1,92,92051,2,1,2,3,"Charles De Gaulle (Avenue,Ndeg118 A 192 +",48.88447154,2.26213628
202300005683,23,10,2023,2025-12-05 14:54:00,1,92,92044,2,4,3,3,Vic. Hugo(Rue)115A149 Et 148A178,48.899266,2.29345898
202300005684,23,10,2023,2025-12-05 17:50:00,1,92,92019,2,2,2,3,Division Leclerc (Avenue De La),48.76387149,2.27182674
202300005685,23,10,2023,2025-12-05 20:00:00,5,92,92012,2,1,2,3,Anatole France (Boulevard) 1/4Bis,48.8510642,2.2344321
202300005686,23,10,2023,2025-12-05 09:40:00,1,92,92012,2,2,1,3,Jean Jaures (Boulevard) 217/Fin - 210/Fi,48.82786888,2.24671501
202300005687,23,10,2023,2025-12-05 10:50:00,1,92,92007,2,3,2,6,Adele (Rue),48.79815739,2.30349129
202300005688,20,10,2023,2025-12-05 19:40:00,2,92,92004,2,1,3,6,Parfumerie ( Rue De La ),48.91217979,2.30037224
202300005689,11,10,2023,2025-12-05 19:00:00,2,13,13078,2,1,1,6,71 Avenue De La Republique,43.390688,4.810742
202300005690,23,10,2023,2025-12-05 18:10:00,1,42,42307,1,1,1,7,Route De Givors,45.544869,4.665992
202300005691,11,10,2023,2025-12-05 09:40:00,1,68,68343,2,2,1,3,Rue D'Ensisheim,47.876922,7.314094
202300005692,24,10,2023,2025-12-05 07:59:00,2,48,48099,1,1,1,2,A75,44.524454,3.241181
202300005693,23,10,2023,2025-12-05 18:05:00,1,34,34114,1,1,8,6,Autoroute A750,43.625483,3.61403
202300005694,14,10,2023,2025-12-05 18:55:00,1,62,62232,1,1,1,6,Rue De La Gare,50.43728136,2.48803317
202300005695,24,10,2023,2025-12-05 21:40:00,3,77,77236,1,1,1,2,D2411,48.412945,3.261899
202300005696,24,10,2023,2025-12-05 15:45:00,1,76,76168,1,1,1,2,D100 - Route De La Voie Romaine,49.770667,1.147594
202300005697,20,10,2023,2025-12-05 15:30:00,1,79,79025,1,1,3,7,Adresse_Inconnue,46.609679,-0.33574
202300005698,22,10,2023,2025-12-05 16:10:00,1,2A,2A326,1,1,1,6,Route Departementale 3,41.971512,8.963599
202300005699,9,10,2023,2025-12-05 15:20:00,1,82,82042,1,1,1,1,Lieu Dit Saint Quintin,44.210049,1.184313
202300005700,24,10,2023,2025-12-05 05:45:00,3,71,71061,1,4,2,3,D975,46.562328,5.015146
202300005701,13,10,2023,2025-12-05 09:42:00,1,71,71116,1,3,7,3,D987,46.280292,4.37052
202300005702,24,10,2023,2025-12-05 07:55:00,1,71,71038,1,1,2,1,D980,46.761884,4.357839
202300005703,7,10,2023,2025-12-05 21:50:00,4,89,89200,1,6,1,1,Intersection D91 -D84,47.928601,3.605543
202300005704,23,10,2023,2025-12-05 19:55:00,3,61,61070,1,1,1,7,D300,48.80621,-0.59301
202300005705,23,10,2023,2025-12-05 15:02:00,1,46,46225,1,9,1,1,Route De Niaudon,44.52516569,1.203475
202300005706,24,10,2023,2025-12-05 15:12:00,1,68,68068,2,9,2,3,Rue De Belfort,47.631261,7.110171
202300005707,23,10,2023,2025-12-05 00:30:00,3,29,29150,1,1,1,6,Menhir,47.80281857,-3.61903678
202300005708,23,10,2023,2025-12-05 19:35:00,2,50,50435,1,1,1,7,"Rd 50, Le Haut Bonnet",49.517526,-1.59409
202300005709,20,10,2023,2025-12-05 19:00:00,2,60,60471,2,1,1,6,Boulevard Carnot,49.577767,3.00328
202300005710,24,10,2023,2025-12-05 17:10:00,1,60,60043,2,1,1,6,D40,49.495239,2.971008
202300005711,23,10,2023,2025-12-05 17:30:00,1,45,45255,1,1,2,1,4 Rue De Montargis,48.107291,2.691447
202300005712,22,10,2023,2025-12-05 09:45:00,1,43,43199,1,1,7,2,Route De Freycenet,45.078006,4.21434
202300005713,16,10,2023,2025-12-05 17:05:00,1,10,10323,2,9,1,6,Avenue Du Chateau,48.520548,3.727659
202300005714,9,9,2023,2025-12-05 12:40:00,1,53,53245,1,1,1,2,Le Bas Fousseau,48.281201,-1.078715
202300005715,23,10,2023,2025-12-05 14:30:00,1,24,24370,1,6,2,6,D936,44.84611,0.143176
202300005716,24,10,2023,2025-12-05 05:40:00,5,76,76489,1,1,1,2,"Rn 1029, Pk 004.800, Viaduc Du Grand Canal",49.455516,0.271955
202300005717,24,10,2023,2025-12-05 00:20:00,3,31,31399,1,1,1,4,A64,43.362622,1.271914
202300005718,14,10,2023,2025-12-05 19:30:00,3,73,73183,1,1,2,6,A43,45.51682829,5.990335
202300005719,21,10,2023,2025-12-05 19:20:00,3,33,33351,1,1,3,6,A10,45.198259,-0.495318
202300005720,24,10,2023,2025-12-05 10:35:00,1,6,6155,1,1,2,6,A8 Pk 170.200 Nord,43.601776,7.05848
202300005721,24,10,2023,2025-12-05 01:00:00,3,13,13068,2,1,1,7,Route Des Arcades,43.713441,4.777079
202300005722,14,10,2023,2025-12-05 07:00:00,3,38,38530,1,1,3,2,"A43, Pk 026.000",45.625203,5.175676
202300005723,23,10,2023,2025-12-05 11:00:00,1,77,77339,1,1,2,3,A6 Pk 55+300 Direction Paris,48.380132,2.560718
202300005724,22,10,2023,2025-12-05 06:00:00,1,986,98613,2,1,1,1,Mata'Utu,-13.277749,-176.172123
202300005725,24,10,2023,2025-12-05 10:00:00,1,44,44020,2,1,1,1,Rue Des Pontreaux,47.177881,-1.601123
202300005726,23,10,2023,2025-12-05 09:00:00,1,34,34026,1,1,3,6,D910,43.305662,2.76724
202300005727,23,10,2023,2025-12-05 15:52:00,1,21,21038,2,2,2,3,Rue Du Colonel Redoutey,47.192129,5.39057
202300005728,23,10,2023,2025-12-05 11:00:00,1,63,63383,1,1,2,6,D978,45.5360224,2.97722906
202300005729,24,10,2023,2025-12-05 18:06:00,1,38,38537,2,1,1,3,Avenue De La Gare,45.627974,5.150933
202300005730,24,10,2023,2025-12-05 05:34:00,3,19,19146,1,1,3,2,Route Departementale 1120,45.33308251,1.76110258
202300005731,11,10,2023,2025-12-05 09:05:00,1,33,33449,2,1,1,3,Avenue Paul Berniard,44.88340805,-0.70792347
202300005732,23,10,2023,2025-12-05 18:30:00,2,44,44026,1,3,2,3,Adresse_Inconnue,47.28444,-1.507884
202300005733,24,10,2023,2025-12-05 11:30:00,1,22,22035,1,1,1,5,D794,48.438312,-1.953635
202300005734,23,10,2023,2025-12-05 12:30:00,1,27,27016,2,1,1,6,30 Avenue De La Republique,49.245038,1.410155
202300005735,24,10,2023,2025-12-05 19:35:00,3,80,80561,1,1,1,1,D935,49.65578,2.569427
202300005736,22,10,2023,2025-12-05 20:30:00,3,13,13005,1,1,1,2,A52-Sens Pont De L'Etoile Vers Toulon,43.2939,5.58792
202300005737,21,10,2023,2025-12-05 17:05:00,1,62,62193,1,1,2,7,A16,50.93872,1.83788
202300005738,22,10,2023,2025-12-05 11:35:00,1,59,59560,1,1,1,5,Autoroute A1,50.53793,3.05096
202300005739,23,10,2023,2025-12-05 19:30:00,3,92,92002,1,1,2,4,Rn 385,48.76012157,2.28083073
202300005740,23,10,2023,2025-12-05 09:20:00,1,91,91377,1,1,1,2,Rn20,48.7225,2.29919
202300005741,23,10,2023,2025-12-05 08:24:00,1,78,78117,1,1,1,3,Rn12,48.787585,2.145424
202300005742,21,10,2023,2025-12-05 21:00:00,3,78,78640,1,1,2,4,A86 Ext,48.777753,2.217567
202300005743,23,10,2023,2025-12-05 18:25:00,3,93,93064,1,1,2,6,Autoroute A103,48.88676,2.47699
202300005744,23,10,2023,2025-12-05 16:30:00,1,95,95582,1,1,3,6,A115,48.97789,2.24081
202300005745,23,10,2023,2025-12-05 01:15:00,3,95,95252,1,1,1,2,A15,48.97622779,2.23643124
202300005746,22,10,2023,2025-12-05 02:20:00,3,94,94022,1,1,8,6,A86,48.77610897,2.41417148
202300005747,21,10,2023,2025-12-05 21:50:00,3,94,94073,1,1,2,4,A86,48.77000825,2.38147652
202300005748,21,10,2023,2025-12-05 02:15:00,3,94,94073,1,1,2,4,A86,48.75424833,2.38105273
202300005749,2,3,2023,2025-12-05 18:00:00,1,14,14712,1,1,1,2,Rue De Rouen,49.179361,-0.196767
202300005750,9,7,2023,2025-12-05 19:50:00,1,13,13081,2,1,1,2,D113,43.483621,5.22386
202300005751,31,7,2023,2025-12-05 10:00:00,1,13,13100,2,6,1,3,Av Du Gal Goislard De Monsabert,43.790418,4.847159
202300005752,22,10,2023,2025-12-05 23:35:00,5,974,97416,2,6,1,1,Rn2 (1),-21.32818,55.47059
202300005753,21,10,2023,2025-12-05 18:50:00,5,974,97411,1,1,1,6,Vinh-San (Bld 1 Du Prince),-20.88808,55.44318
202300005754,22,10,2023,2025-12-05 17:10:00,1,974,97407,1,1,1,3,Marine(Boulevard),-20.95113,55.28682
202300005755,21,10,2023,2025-12-05 19:15:00,5,974,97407,2,2,1,3,Mascareignes(Boulevard),-20.94651,55.30432
202300005756,7,10,2023,2025-12-05 22:50:00,5,973,97302,2,1,1,2,Boudinot (Auguste) Cite Themire,4.93416393,-52.31922269
202300005757,19,10,2023,2025-12-05 15:00:00,1,973,97302,2,1,1,2,Cabassou (Route De),4.91990455,-52.31946677
202300005758,22,10,2023,2025-12-05 19:05:00,5,69,69388,2,1,1,2,Rue General Gouraud,45.7347,4.8528
202300005759,22,10,2023,2025-12-05 14:00:00,1,69,69383,2,1,1,3,Cours Lafayette,45.76361197,4.85649066
202300005760,22,10,2023,2025-12-05 02:30:00,5,95,95450,2,6,2,7,Dagnaudes (Chemin Des),49.01468,2.05773
202300005761,22,10,2023,2025-12-05 20:00:00,5,91,91377,2,6,1,3,Rue De Paris,48.72453,2.26857
202300005762,20,10,2023,2025-12-05 07:30:00,5,89,89387,2,1,8,6,Emile Zola (Rue),48.19777,3.27311
202300005763,22,10,2023,2025-12-05 05:19:00,3,82,82033,1,1,1,6,3 Bis Chemin De Taillefer,44.07583,1.14152
202300005764,21,10,2023,2025-12-05 14:00:00,1,81,81021,1,1,1,6,Cd 612,43.516,2.372
202300005765,21,10,2023,2025-12-05 19:45:00,5,80,80001,2,1,3,6,Amiens (D'),50.10208,1.85509
202300005766,4,10,2023,2025-12-05 20:00:00,1,77,77373,2,1,1,1,Av Charles Rouxel,48.79143067,2.6040494
202300005767,21,10,2023,2025-12-05 22:00:00,3,77,77458,1,1,2,1,D207,48.18048,2.72155
202300005768,22,10,2023,2025-12-05 19:20:00,4,76,76599,2,6,1,1,Route De Lyons,49.43524,1.14633
202300005769,22,10,2023,2025-12-05 14:35:00,1,74,74118,1,1,1,1,18 Aout (Rue Du),46.16642,6.19424
202300005770,21,10,2023,2025-12-05 17:15:00,1,69,69115,2,1,1,3,Avenue Edouard Herriot,45.97866888,4.72618551
202300005771,10,10,2023,2025-12-05 10:30:00,1,68,68376,1,1,1,3,Rd 430,47.809,7.301
202300005772,22,10,2023,2025-12-05 09:30:00,1,64,64335,1,6,1,3,Novella,43.32302,-0.42073
202300005773,22,10,2023,2025-12-05 21:50:00,5,62,62498,2,9,8,3,D58E1,50.42986264,2.82247728
202300005774,22,10,2023,2025-12-05 10:15:00,1,59,59560,2,1,8,6,Lille Route De,50.56454,3.04134
202300005775,23,10,2023,2025-12-05 02:21:00,3,54,54382,2,1,5,6,Rue Jacques Prevert,49.54213,5.80765
202300005776,22,10,2023,2025-12-05 11:10:00,1,51,51454,2,1,1,6,Cerisaie (Rue),49.23051,4.05699
202300005777,21,10,2023,2025-12-05 23:00:00,3,51,51573,2,1,2,6,Soissons (Route De),49.253174,3.977506
202300005778,22,10,2023,2025-12-05 11:35:00,1,49,49328,2,6,1,3,Rond Point Du General Arnold,47.2629,-0.09041
202300005779,11,10,2023,2025-12-05 13:30:00,1,46,46042,2,6,1,6,Pont Neuf (Ou Pont  De Cabessut),44.448745,1.443475
202300005780,22,10,2023,2025-12-05 22:20:00,5,43,43089,2,1,1,6,84 Avenue De La Bernarde,45.04767,3.85468
202300005781,22,10,2023,2025-12-05 05:50:00,5,35,35238,2,5,1,6,Lesage,48.11724,-1.6776
202300005782,21,10,2023,2025-12-05 18:10:00,2,35,35238,2,3,8,3,Muller (Charles),48.09892439,-1.67130187
202300005783,21,10,2023,2025-12-05 18:10:00,1,31,31344,1,1,1,1,Pointis Inard (Route De),43.097,0.76
202300005784,21,10,2023,2025-12-05 15:00:00,1,27,27681,1,1,2,7,Route Departementale 313 Route De Magny,49.09832,1.50855
202300005785,22,10,2023,2025-12-05 00:35:00,3,27,27681,1,1,2,7,Religieuses (Chemin),49.07316,1.46875
202300005786,21,10,2023,2025-12-05 01:00:00,3,22,22113,1,1,2,6,Trebeurden (Route De),48.74617,-3.47977
202300005787,22,10,2023,2025-12-05 14:50:00,1,13,13071,2,1,1,3,Quick (Cd6),43.41438,5.34877
202300005788,22,10,2023,2025-12-05 18:45:00,2,13,13205,2,3,1,3,Sakakini (Boulevard),43.2957,5.4006
202300005789,22,10,2023,2025-12-05 18:25:00,2,13,13215,2,3,1,3,Lyon (Rue De),43.33552,5.36332
202300005790,22,10,2023,2025-12-05 19:20:00,2,13,13209,2,1,1,6,Schloesing (Boulevard),43.27089,5.40228
202300005791,22,10,2023,2025-12-05 01:52:00,5,13,13210,2,1,1,1,Capelette (Avenue De La),43.28177,5.40434
202300005792,8,2,2023,2025-12-05 15:50:00,1,13,13212,2,1,1,3,Saint Julien (Avenue De ),43.30614807,5.41991203
202300005793,10,2,2023,2025-12-05 09:15:00,1,13,13047,1,4,1,3,D.5,43.56042,4.96287
202300005794,10,2,2023,2025-12-05 15:30:00,1,11,11069,2,1,1,2,61 Avenue Georges Guille,43.22972668,2.3626399
202300005795,9,2,2023,2025-12-05 09:00:00,1,10,10191,2,6,1,3,Jean Jaures (Rue),48.3297,4.1
202300005796,10,2,2023,2025-12-05 23:15:00,5,7,7281,2,1,1,7,Avenue Du 8 Mai,44.94654,4.85138
202300005797,8,2,2023,2025-12-05 22:15:00,5,974,97416,2,6,1,1,Hubert De Lisle(Boulevard),-21.34059,55.46115
202300005798,9,2,2023,2025-12-05 08:20:00,1,974,97416,1,1,7,3,Recherchant(Rue Adrien),-21.28971,55.4861
202300005799,9,2,2023,2025-12-05 17:46:00,2,973,97302,2,9,8,6,Montabo (Route De) 2,4.94327,-52.307
202300005800,9,2,2023,2025-12-05 08:00:00,1,973,97302,2,3,2,3,Montabo (Route De) 1,4.92978,-52.29035
202300005801,9,2,2023,2025-12-05 07:30:00,1,973,97302,2,1,1,6,Baduel (Route De),4.93513,-52.31218
202300005802,9,2,2023,2025-12-05 09:03:00,1,69,69383,2,1,1,6,16 Rue Claudius Pionchon,45.76099,4.87086
202300005803,9,2,2023,2025-12-05 15:35:00,1,972,97209,1,1,1,6,Rn9,14.6048,-61.04217
202300005804,7,2,2023,2025-12-05 07:10:00,1,972,97209,2,1,1,7,Sainte Catherine (Boulevard),14.61606,-61.05878
202300005805,9,2,2023,2025-12-05 11:22:00,1,2A,2A004,2,1,8,2,Napoleon Cours Avant Beverini,41.92227,8.73746
202300005806,8,2,2023,2025-12-05 12:55:00,1,91,91228,2,1,1,7,Rue De L Ecole,48.61997,2.43096
202300005807,8,2,2023,2025-12-05 19:24:00,5,91,91228,2,6,1,6,Rue De Montespan,48.63624,2.43867
202300005808,8,2,2023,2025-12-05 17:22:00,1,87,87050,2,2,1,3,Garde (Rue De La),45.88063,1.22626
202300005809,8,2,2023,2025-12-05 14:45:00,1,87,87085,2,1,1,6,Buxerolles (Rue De),45.86414,1.26386
202300005810,9,2,2023,2025-12-05 13:45:00,1,82,82121,2,6,1,3,Avenue Henri Dunant,44.00279,1.3598
202300005811,9,2,2023,2025-12-05 08:30:00,1,81,81004,2,1,1,6,Teillet (Rte De),43.92066,2.17089
202300005812,3,2,2023,2025-12-05 08:15:00,5,80,80021,2,1,2,6,Jean Moulin (Rue),49.87971,2.27542
202300005813,9,2,2023,2025-12-05 20:15:00,5,77,77243,2,4,1,2,D10,48.87549,2.70167
202300005814,9,2,2023,2025-12-05 08:50:00,2,77,77186,1,1,1,2,D138,48.44005,2.72646
202300005815,9,2,2023,2025-12-05 19:40:00,5,76,76498,2,1,1,6,Avenue Jean Jaures,49.42716,1.06461
202300005816,8,2,2023,2025-12-05 14:50:00,1,73,73065,1,1,1,1,N201 - Voie Rapide Urbaine,45.59343,5.89579
202300005817,8,2,2023,2025-12-05 16:55:00,1,73,73011,1,1,7,6,N90,45.66298,6.38701
202300005818,9,2,2023,2025-12-05 19:05:00,5,72,72181,2,1,1,6,Wilbur Wright (Rue),48.009,0.1957
202300005819,8,2,2023,2025-12-05 16:00:00,1,69,69266,2,3,1,6,8 Rue Jules Kumer,45.76733,4.89072
202300005820,8,2,2023,2025-12-05 16:10:00,1,69,69256,2,3,1,3,Avenue Eugenie Cotton,45.77396,4.92296
202300005821,9,2,2023,2025-12-05 21:00:00,4,69,69199,1,3,1,3,Boulevard Pierre Semard,45.69453,4.84419
202300005822,9,2,2023,2025-12-05 13:20:00,1,67,67482,2,1,1,2,Jesuites (Rue Des),48.54031,7.76188
202300005823,8,2,2023,2025-12-05 09:00:00,1,63,63113,2,1,1,1,Vieillards (Rue Des),45.7794,3.0791
202300005824,9,2,2023,2025-12-05 18:50:00,5,62,62160,2,1,1,1,Rue Du Chemin Vert,50.73752,1.614847
202300005825,8,2,2023,2025-12-05 09:15:00,1,60,60175,2,1,1,3,Adresse_Inconnue,49.24522,2.48231
202300005826,8,2,2023,2025-12-05 15:38:00,1,57,57012,2,1,1,6,Clemenceau (Rue),49.35835,6.04792
202300005827,8,2,2023,2025-12-05 18:48:00,5,54,54304,2,2,1,3,Europe (Avenue De L'),48.680403,6.153521
202300005828,9,2,2023,2025-12-05 08:15:00,1,54,54099,2,1,1,6,Schuman (Rue Robert),49.260494,5.931543
202300005829,9,2,2023,2025-12-05 10:25:00,1,51,51454,2,2,9,6,Robespierre (Boulevard),49.27073,4.02642
202300005830,7,2,2023,2025-12-05 12:10:00,1,49,49099,2,2,1,6,Calins (Avenue Des),47.0594,-0.8741
202300005831,9,2,2023,2025-12-05 09:26:00,1,49,49007,2,1,1,7,Roi Rene Boulevard,47.46692,-0.55444
202300005832,8,2,2023,2025-12-05 22:45:00,5,49,49007,2,2,1,1,Gasnier Avenue,47.48756,-0.57355
202300005833,8,2,2023,2025-12-05 11:10:00,1,47,47323,2,6,1,3,Agen (Avenue D'),44.39163843,0.71045977
202300005834,9,2,2023,2025-12-05 17:00:00,1,45,45234,2,2,1,2,Avenue Roger Secretain,47.87967,1.90848
202300005835,9,2,2023,2025-12-05 08:10:00,1,45,45234,2,1,1,6,2 Quai Du Fort Des Tourelles,47.894826,1.905177
202300005836,9,2,2023,2025-12-05 01:10:00,3,45,45232,1,9,1,6,Avenue De Sologne,47.86239,1.91245
202300005837,9,2,2023,2025-12-05 12:20:00,1,37,37122,2,1,1,3,Rd 86 De Monts A Tours,47.32937,0.66403
202300005838,9,2,2023,2025-12-05 09:15:00,1,35,35051,2,1,1,3,Fougeres (Route De),48.13616763,-1.62371546
202300005839,4,2,2023,2025-12-05 18:30:00,5,35,35115,2,3,1,3,Recollets (Rue Des),48.35738,-1.19556
202300005840,5,2,2023,2025-12-05 01:10:00,5,35,35150,2,2,1,2,Butte (Rue De La),48.36167,-1.22392
202300005841,9,2,2023,2025-12-05 20:10:00,5,33,33069,2,1,1,3,Place Ravesies,44.86578,-0.57621
202300005842,3,5,2023,2025-12-05 04:30:00,3,19,19028,2,4,1,6,Avenue Du Cantal,45.3804711,2.48683446
202300005843,9,2,2023,2025-12-05 08:00:00,1,33,33281,2,1,1,1,Avenue Pierre Mendes-France,44.81841,-0.63449
202300005844,8,2,2023,2025-12-05 19:30:00,5,33,33032,2,6,1,6,Avenue De La Somme,44.90599818,-0.5171755
202300005845,9,2,2023,2025-12-05 08:53:00,1,33,33529,2,1,1,2,Aerodrome (Ave De L'),44.60443,-1.12634
202300005846,3,5,2023,2025-12-05 14:35:00,1,77,77467,1,1,1,2,D75,48.394446,3.092695
202300005847,9,2,2023,2025-12-05 22:35:00,5,31,31555,2,3,1,6,47 Rue De Metz,43.600463,1.451719
202300005848,4,5,2023,2025-12-05 15:45:00,1,76,76075,2,1,1,2,Route De Criquetot,49.769212,1.052842
202300005849,8,2,2023,2025-12-05 13:39:00,1,31,31069,1,1,1,1,Cornebarrieu (Route De),43.64538,1.35478
202300005850,3,5,2023,2025-12-05 23:20:00,3,69,69006,1,1,1,6,Route De Ronno,45.973807,4.359319
202300005851,8,2,2023,2025-12-05 18:05:00,2,29,29232,1,1,1,2,D100,48.001,-4.14553
202300005852,3,5,2023,2025-12-05 14:30:00,1,71,71310,2,1,1,6,Rue Du Cimetiere,46.747069,4.461227
202300005853,9,2,2023,2025-12-05 14:10:00,1,28,28134,2,1,1,3,Vieux Pre (Place Du),48.73164,1.36445
202300005854,9,2,2023,2025-12-05 08:10:00,1,28,28134,2,1,1,6,Lievre D'Or (Rue Du),48.72983,1.38308
202300005855,3,5,2023,2025-12-05 15:45:00,1,61,61394,1,1,7,6,D211,48.28301,0.580435