num_acc,jour,mois,an,hrmn,lum,dep,com,agg,int,atm,col,adr,lat,long
202300005856,9,2,2023,2025-12-05 10:39:00,1,26,26362,2,9,1,3,Gaumont Rue Leon,44.92131,4.92711
202300005857,3,5,2023,2025-12-05 21:00:00,3,42,42134,1,1,1,6,Route De Germanieux,45.669725,3.996148
202300005858,30,1,2023,2025-12-05 19:15:00,3,26,26064,1,3,1,1,Route De Montelier,44.94024815,4.95399714
202300005859,3,5,2023,2025-12-05 17:30:00,1,34,34216,1,9,1,7,D22E5,43.627743,3.090109
202300005860,7,2,2023,2025-12-05 12:30:00,1,25,25539,2,9,1,1,Pale (Rue De La),47.46268,6.85632
202300005861,3,5,2023,2025-12-05 10:20:00,1,22,22219,2,1,1,6,14 Rue D'Enfer,48.281561,-2.699391
202300005862,9,2,2023,2025-12-05 08:00:00,1,17,17415,2,1,1,3,Ormeau De Pied Rue De L',45.74318,-0.66639
202300005863,3,5,2023,2025-12-05 17:50:00,1,38,38108,1,1,1,1,Route Departementale 531,45.061321,5.406488
202300005864,9,2,2023,2025-12-05 19:40:00,5,13,13209,2,1,1,2,Catherine Blum (Boulevard),43.26347111,5.41799371
202300005865,3,5,2023,2025-12-05 01:20:00,3,14,14371,1,1,1,6,3906 Route De La Pierre Tournante,49.026928,0.200612
202300005866,8,2,2023,2025-12-05 14:30:00,1,13,13204,2,3,1,6,Chartreux (Avenue Des),43.30964,5.40065
202300005867,9,2,2023,2025-12-05 01:00:00,5,13,13208,2,3,1,2,Mazargues (Avenue De),43.25916347,5.39416278
202300005868,8,2,2023,2025-12-05 12:50:00,1,12,12089,1,1,1,7,Estaques (Les),44.58571,2.24793
202300005869,3,5,2023,2025-12-05 19:45:00,2,60,60579,1,9,1,3,D85,49.349143,2.843935
202300005870,9,2,2023,2025-12-05 08:25:00,1,9,9122,2,1,1,4,Barcelone (Avenue De),42.964048,1.611665
202300005871,8,2,2023,2025-12-05 11:55:00,1,4,4070,2,1,1,6,Saint Christophe (Avenue),44.07726,6.18844
202300005872,3,5,2023,2025-12-05 15:25:00,1,60,60354,1,1,1,7,Chemin Des Miselines,49.68604,1.993976
202300005873,6,2,2023,2025-12-05 11:15:00,1,2,2408,2,3,1,1,183 Boulevard Pierre Brossolette,49.56947,3.61282
202300005874,9,2,2023,2025-12-05 11:40:00,1,75,75120,2,1,1,6,Square Emmanuel Fleury,48.86990436,2.41220713
202300005875,4,5,2023,2025-12-05 12:00:00,1,36,36009,1,1,1,7,Les Baudets,46.656121,1.721733
202300005876,9,2,2023,2025-12-05 00:44:00,5,75,75111,2,2,1,1,Avenue Philippe Auguste,48.85355741,2.39269942
202300005877,3,5,2023,2025-12-05 17:05:00,1,21,21101,1,3,1,3,D970,47.408501,4.415367
202300005878,10,2,2023,2025-12-05 15:40:00,1,75,75118,2,2,8,3,Rue D Aubervilliers,48.89670713,2.3706007
202300005879,4,5,2023,2025-12-05 13:41:00,1,40,40001,2,2,1,3,Rd02 Pk52+16,43.689594,-0.280157
202300005880,10,2,2023,2025-12-05 11:25:00,1,75,75118,2,2,1,3,Boulevard Barbes,48.88656227,2.34956011
202300005881,4,5,2023,2025-12-05 10:50:00,1,4,4076,2,1,1,2,Avenue Vauban - Pk 50+210,43.949289,6.809903
202300005882,9,2,2023,2025-12-05 21:20:00,5,75,75117,2,2,1,3,Avenue De La Porte D Asnieres,48.892275,2.301108
202300005883,3,5,2023,2025-12-05 08:33:00,1,17,17253,1,1,1,7,D911,46.004515,-0.882232
202300005884,9,2,2023,2025-12-05 18:00:00,5,75,75117,2,3,1,3,Avenue Des Ternes,48.879738,2.289377
202300005885,4,5,2023,2025-12-05 09:00:00,1,30,30294,2,1,1,6,140 Route De Saint Privat,44.139337,4.127507
202300005886,10,2,2023,2025-12-05 08:50:00,1,75,75116,2,3,1,7,Rue De Passy,48.857943,2.281186
202300005887,10,2,2023,2025-12-05 10:15:00,1,75,75116,2,2,1,5,Avenue Foch,48.8736,2.292816
202300005888,10,2,2023,2025-12-05 06:30:00,3,75,75116,2,3,1,3,Allee De La Reine Marguerite,48.8634608,2.24812299
202300005889,10,2,2023,2025-12-05 06:35:00,5,75,75116,2,7,1,2,Place De Varsovie,48.86036576,2.29122072
202300005890,3,5,2023,2025-12-05 13:40:00,1,68,68072,1,1,1,6,A35,47.703683,7.439868
202300005891,10,2,2023,2025-12-05 08:04:00,1,75,75114,2,5,1,3,Avenue Reille,48.82649133,2.34159261
202300005892,3,5,2023,2025-12-05 08:45:00,1,76,76391,1,1,1,2,A13,49.340654,0.938864
202300005893,10,2,2023,2025-12-05 21:45:00,5,75,75112,2,2,1,3,Avenue Daumesnil,48.84111422,2.38895103
202300005894,3,5,2023,2025-12-05 19:05:00,1,77,77216,1,1,1,2,Autoroute A6 Pk 69+500 Direction Lyon,48.29149407,2.67922794
202300005895,8,2,2023,2025-12-05 11:55:00,1,75,75102,2,7,1,5,Place De L Opera,48.870628,2.332074
202300005896,10,2,2023,2025-12-05 17:48:00,1,94,94081,2,1,1,6,Rue Du Gal Malleret Joinville,48.77481935,2.40692116
202300005897,3,5,2023,2025-12-05 15:00:00,1,45,45082,1,1,1,1,D2060 Pr 69 + 1,47.884554,2.244462
202300005898,9,2,2023,2025-12-05 16:30:00,1,94,94080,2,1,1,4,Avenue De Paris,48.845,2.43384
202300005899,4,5,2023,2025-12-05 08:30:00,1,78,78601,1,1,1,2,N10,48.58222,1.83229
202300005900,9,2,2023,2025-12-05 07:20:00,5,94,94080,2,1,1,6,Rue Defrance,48.84890721,2.4549062
202300005901,9,2,2023,2025-12-05 08:55:00,1,94,94021,2,2,1,6,Rue Du Bearn,48.772853,2.360972
202300005902,16,4,2023,2025-12-05 16:08:00,1,78,78206,2,9,1,7,Rue Du Beauregard,48.952332,1.914738
202300005903,8,2,2023,2025-12-05 14:05:00,1,94,94028,2,6,1,3,Car De Pompadour,48.77413,2.43959
202300005904,10,2,2023,2025-12-05 08:26:00,1,94,94022,2,3,1,6,Avenue D'Alfortville / Avenue Du Docteur Charcot,48.76864252,2.41386339
202300005905,4,5,2023,2025-12-05 08:00:00,1,66,66069,1,1,1,3,Adresse_Inconnue,42.774434,2.830207
202300005906,10,2,2023,2025-12-05 15:25:00,1,94,94055,2,1,1,6,Route De Provins,48.79342,2.55471
202300005907,10,2,2023,2025-12-05 03:00:00,5,94,94017,2,1,2,6,Avenue Henri-Marie Le Boursicaud,48.81517,2.52325
202300005908,4,5,2023,2025-12-05 11:00:00,1,66,66065,1,3,1,3,Adresse_Inconnue,42.599621,2.963165
202300005909,9,2,2023,2025-12-05 11:15:00,1,94,94017,2,1,1,3,Avenue Du General De Gaulle,48.825339,2.50229
202300005910,10,2,2023,2025-12-05 08:20:00,2,94,94047,2,1,8,3,35 Rue Francois Coppee,48.71085,2.53929
202300005911,4,5,2023,2025-12-05 08:27:00,1,52,52449,2,1,1,3,Route De Dijon,47.835139,5.330574
202300005912,9,2,2023,2025-12-05 22:20:00,5,93,93064,2,2,1,3,Rue De Strasbourg / Rue Du Rhin,48.86686,2.49767
202300005913,10,2,2023,2025-12-05 18:15:00,5,93,93051,2,1,1,2,Chemin De Halage,48.85107,2.51666
202300005914,4,5,2023,2025-12-05 16:00:00,1,68,68063,2,3,1,3,Faubourg De Colmar,47.813493,7.19189
202300005915,10,2,2023,2025-12-05 15:10:00,1,93,93048,2,1,1,3,33 Boulevard Rouget De Lisle,48.85985106,2.43882403
202300005916,10,2,2023,2025-12-05 15:20:00,1,93,93029,2,1,1,6,Rue Sadi Carnot,48.92556,2.4406
202300005917,3,5,2023,2025-12-05 18:55:00,1,3,3242,2,1,1,2,58 Route Nationale 7,46.3499558,3.3791526
202300005918,10,2,2023,2025-12-05 09:10:00,1,93,93013,2,3,1,3,Avenue John Fitzgerald Kennedy / Rue Du Docteur Roux,48.93834,2.42749
202300005919,4,5,2023,2025-12-05 16:30:00,1,74,74018,2,1,1,1,25 Route De Bonneville,46.105249,6.33402
202300005920,10,2,2023,2025-12-05 19:25:00,5,93,93047,2,9,1,3,Avenue Des 7 Iles,48.900427,2.549713
202300005921,4,5,2023,2025-12-05 08:04:00,1,42,42010,2,4,1,1,Route De La Gimond,45.57422,4.376035
202300005922,10,2,2023,2025-12-05 20:05:00,5,93,93007,2,1,1,5,Avenue Paul Vaillant Couturier,48.92750772,2.47373405
202300005923,8,2,2023,2025-12-05 22:20:00,3,92,92046,2,1,1,3,Brossolette Avenue Pierre,48.82089,2.31217
202300005924,4,5,2023,2025-12-05 07:15:00,1,38,38067,1,4,1,3,"Departementale 75, Route De Vienne",45.676738,5.161552
202300005925,10,2,2023,2025-12-05 07:55:00,1,92,92025,2,2,1,3,Verdun (Rue De),48.923222,2.252337
202300005926,3,5,2023,2025-12-05 16:20:00,1,64,64430,2,1,7,6,1 Avenue De La Moutete,43.488833,-0.775545
202300005927,31,1,2023,2025-12-05 16:15:00,1,33,33187,2,3,1,3,Route De Beausejour.,44.58772,-0.082601
202300005928,17,4,2023,2025-12-05 10:30:00,1,64,64430,2,1,1,3,641 Avenue Adrien Plante,43.481643,-0.752181
202300005929,10,2,2023,2025-12-05 12:50:00,1,31,31044,2,1,1,3,31 Avenue Des Arenes,43.613593,1.488439
202300005930,11,2,2023,2025-12-05 07:35:00,1,62,62645,1,1,1,6,D940,50.98246745,2.07371664
202300005931,4,5,2023,2025-12-05 15:55:00,1,85,85092,2,1,1,7,162 Boulevard Du Marechal De Lattre De Tassigny,46.471942,-0.791858
202300005932,10,2,2023,2025-12-05 17:25:00,1,27,27360,1,1,1,7,D547,48.918565,1.205492
202300005933,4,5,2023,2025-12-05 15:20:00,1,59,59660,1,1,1,7,Chaussee De Verdun,50.636152,3.235994
202300005934,10,2,2023,2025-12-05 19:50:00,3,35,35085,1,2,1,3,La Galonniere,48.36994847,-1.76275045
202300005935,3,5,2023,2025-12-05 09:50:00,1,13,13055,1,1,1,1,A50 - Sens Aubagne Vers Marseille,43.286111,5.429922
202300005936,10,2,2023,2025-12-05 10:15:00,1,46,46201,2,1,1,1,2127 Avenue De Saint Jean,44.339772,1.201619
202300005937,11,2,2023,2025-12-05 11:08:00,1,44,44071,1,6,1,7,Rue De La Chataigneraie,47.190091,-1.4352359
202300005938,11,2,2023,2025-12-05 06:20:00,2,29,29278,1,1,5,6,D82,48.202858,-3.687755
202300005939,3,5,2023,2025-12-05 14:05:00,1,33,33122,1,1,1,2,Autoroute A 63,44.75007,-0.69555
202300005940,11,2,2023,2025-12-05 02:10:00,3,19,19237,2,1,1,6,Rue De Bellevue,45.138075,2.092482
202300005941,2,5,2023,2025-12-05 19:10:00,1,33,33039,1,1,1,3,Rocade A 630,44.78921,-0.54071
202300005942,10,2,2023,2025-12-05 16:35:00,1,71,71014,2,4,7,3,Place Du General Brosset,46.967531,4.314591
202300005943,10,2,2023,2025-12-05 15:20:00,1,89,89262,1,9,1,3,Adresse_Inconnue,47.920548,4.018872
202300005944,2,5,2023,2025-12-05 17:00:00,1,59,59646,1,1,1,4,Route Departementale 656,50.67439,3.11886
202300005945,11,2,2023,2025-12-05 16:00:00,1,49,49155,2,6,1,2,Rue Du Lionnais,47.61398,-0.708441
202300005946,3,5,2023,2025-12-05 18:10:00,1,91,91136,1,1,1,3,Autoroute A126,48.71262,2.28271
202300005947,11,2,2023,2025-12-05 00:35:00,3,49,49259,2,1,1,6,Rue Rene Gasnier,47.357408,-0.655409
202300005948,3,5,2023,2025-12-05 16:00:00,1,92,92002,1,1,1,2,Autoroute A10,48.7326,2.31148
202300005949,11,2,2023,2025-12-05 00:40:00,3,34,34114,1,1,1,6,D32 Pr 27+100,43.636638,3.534245
202300005950,10,2,2023,2025-12-05 12:25:00,1,25,25515,1,1,1,6,D47,46.878206,6.291368
202300005951,3,5,2023,2025-12-05 11:15:00,1,91,91471,1,1,1,3,Rn 118,48.71436,2.17609
202300005952,11,2,2023,2025-12-05 02:55:00,3,29,29030,1,1,1,6,Lieu Dit Kerfiat,48.6908391,-4.101269
202300005953,3,5,2023,2025-12-05 07:00:00,1,91,91363,1,1,1,2,Rn 104,48.64906,2.18649
202300005954,10,2,2023,2025-12-05 18:17:00,2,2,2648,2,1,1,1,3 Rue Condorcet,49.797143,3.461262
202300005955,11,2,2023,2025-12-05 16:30:00,1,2,2014,1,1,2,1,Adresse_Inconnue,49.599919,3.308666
202300005956,10,2,2023,2025-12-05 18:45:00,3,60,60660,1,4,1,1,D166,49.33589,1.87701
202300005957,2,5,2023,2025-12-05 09:00:00,1,974,97416,1,1,1,2,Entre Deux (Chemin) Cd26,-21.30346,55.43043
202300005958,10,2,2023,2025-12-05 22:30:00,3,7,7337,1,1,1,6,D370A,45.243342,4.711243
202300005959,14,1,2023,2025-12-05 01:30:00,3,17,17332,1,1,1,7,D142,45.504693,-0.454516
202300005960,9,2,2023,2025-12-05 06:50:00,5,69,69244,2,2,9,6,23Ter Avenue General Brosset,45.757389,4.778249
202300005961,2,5,2023,2025-12-05 20:15:00,3,974,97411,2,2,1,3,Victoire (Avenue De La),-20.87661,55.44789
202300005962,11,2,2023,2025-12-05 03:45:00,3,30,30123,1,1,1,4,Adresse_Inconnue,43.72507379,4.17372233
202300005963,2,5,2023,2025-12-05 10:00:00,1,69,69383,2,8,1,6,Avenue Felix Faure,45.75418,4.86358
202300005964,10,2,2023,2025-12-05 23:54:00,3,59,59244,1,1,1,1,A2 Pk 28.200,50.16914602,3.17810688
202300005965,31,1,2023,2025-12-05 02:45:00,2,973,97305,1,1,1,3,Route Departementale 5,4.95143191,-52.4311164
202300005966,2,5,2023,2025-12-05 19:45:00,1,69,69382,2,2,1,3,Quai Jean Moulin,45.7636,4.83819
202300005967,10,2,2023,2025-12-05 18:05:00,2,78,78380,2,9,1,6,Route De Mantes,48.917578,1.851148
202300005968,2,5,2023,2025-12-05 16:10:00,1,69,69149,2,1,1,6,Boulevard Emile Zola,45.71811,4.80831
202300005969,10,2,2023,2025-12-05 17:00:00,1,30,30027,1,1,1,5,2762A Route De Lezan,44.06040388,4.06594992
202300005970,2,5,2023,2025-12-05 08:00:00,1,69,69389,2,2,1,3,Rue De Bourgogne,45.78051042,4.8009058
202300005971,11,2,2023,2025-12-05 10:30:00,1,83,83071,1,1,1,3,D88,43.172795,6.215757
202300005972,10,2,2023,2025-12-05 16:15:00,1,5,5079,1,1,1,1,Rd1091,45.042937,6.421643
202300005973,2,5,2023,2025-12-05 18:45:00,1,2A,2A004,2,1,1,3,Recco Abbe Boulevard,41.9376,8.73898
202300005974,10,2,2023,2025-12-05 20:15:00,3,13,13076,1,1,1,7,Route Du Pas De Lanciers,43.814943,5.017705
202300005975,11,2,2023,2025-12-05 10:00:00,1,13,13079,2,1,7,2,Avenue Henri Froidfond,43.523176,5.677231
202300005976,2,5,2023,2025-12-05 16:39:00,1,2A,2A004,2,1,1,5,Napoleon Cours Avant Beverini,41.926485,8.738296
202300005977,8,2,2023,2025-12-05 13:40:00,1,57,57582,1,1,1,2,D60,49.29841,6.168979
202300005978,10,2,2023,2025-12-05 20:15:00,5,38,38455,1,1,1,2,130 Route Du Bugey,45.624022,5.283284
202300005979,2,5,2023,2025-12-05 14:00:00,1,2A,2A004,2,1,1,2,Campi Louis Bd,41.942701,8.750447
202300005980,11,2,2023,2025-12-05 01:45:00,5,1,1249,2,3,1,6,1687 Grande Rue,45.826486,4.96094
202300005981,2,5,2023,2025-12-05 16:45:00,1,91,91477,2,1,1,6,Gutemberg (Rue),48.70839,2.25629
202300005982,10,2,2023,2025-12-05 12:00:00,1,64,64376,2,1,1,6,27 Route De Pau,43.272038,-0.319553
202300005983,2,5,2023,2025-12-05 01:00:00,5,91,91027,2,9,1,6,Rue Du Vercors,48.6969,2.38407
202300005984,10,2,2023,2025-12-05 13:20:00,1,85,85088,1,4,1,7,Vc Route Des Brandes,46.706955,-1.887406
202300005985,28,4,2023,2025-12-05 18:15:00,1,87,87085,2,1,1,2,Carnot (Boulevard),45.83282,1.25934
202300005986,7,2,2023,2025-12-05 09:10:00,1,14,14166,2,2,7,6,40 Rue Des Petites Rues,49.27247,-0.299694
202300005987,7,2,2023,2025-12-05 16:20:00,1,14,14228,2,9,1,3,Rue De Bourgogne,49.294279,-0.369504
202300005988,2,5,2023,2025-12-05 17:15:00,1,85,85194,2,1,1,3,79 Avenue De Bretagne,46.5066,-1.77746
202300005989,6,2,2023,2025-12-05 10:20:00,1,35,35090,2,1,1,6,Rue De Chanteloup,47.93746,-1.657353
202300005990,2,5,2023,2025-12-05 17:45:00,1,84,84087,2,3,6,4,Route De Roquemaure,44.08813,4.7822
202300005991,11,2,2023,2025-12-05 15:15:00,1,27,27022,2,3,2,3,Rue De La Chartreuse,49.170018,1.347864
202300005992,2,5,2023,2025-12-05 08:55:00,1,83,83137,2,3,1,6,15Eme Corps (Ave Du),43.12827,5.90859
202300005993,10,2,2023,2025-12-05 16:10:00,1,60,60346,2,9,1,3,Chaussee De Bertinval,49.153127,2.429175
202300005994,10,2,2023,2025-12-05 00:00:00,3,69,69199,1,1,1,6,Autoroute 7,45.69363,4.84366
202300005995,10,2,2023,2025-12-05 16:20:00,1,33,33535,1,1,1,2,Route Nationale 230,44.8304431,-0.50163209
202300005996,29,4,2023,2025-12-05 22:00:00,2,76,76351,2,2,1,3,Concorde (De La),49.507921,0.158963
202300005997,10,2,2023,2025-12-05 02:05:00,5,33,33122,1,1,1,6,Autoroute A 63,44.74232,-0.70635
202300005998,1,5,2023,2025-12-05 00:50:00,3,76,76351,1,1,1,6,Rd 6382,49.50162,0.193413
202300005999,8,2,2023,2025-12-05 08:40:00,1,59,59179,1,1,1,4,Autoroute A2,50.30219,3.37256
202300006000,2,5,2023,2025-12-05 09:00:00,1,76,76114,2,1,1,4,Passas Jules (Boulevard),49.56877,0.4751
202300006001,10,2,2023,2025-12-05 08:50:00,1,78,78208,1,1,1,3,Rn12 Ext,48.800115,1.980437
202300006002,10,2,2023,2025-12-05 07:44:00,2,92,92036,1,1,1,3,A86,48.93650752,2.29084397
202300006003,2,5,2023,2025-12-05 21:15:00,3,73,73029,1,3,1,3,D5 / N201,45.55954,5.94952
202300006004,10,2,2023,2025-12-05 14:00:00,1,92,92036,1,1,1,2,Autoroute A15,48.94067835,2.29263081
202300006005,28,4,2023,2025-12-05 23:25:00,5,72,72181,2,8,1,6,Leclerc General (Av) Pairs De 2 A 68,48.00011,0.19621
202300006006,10,2,2023,2025-12-05 08:00:00,1,93,93064,1,1,1,2,Autoroute A86,48.87665786,2.47771427
202300006007,8,2,2023,2025-12-05 02:40:00,3,93,93066,1,1,1,2,Autoroute A1,48.9279,2.3577
202300006008,1,5,2023,2025-12-05 12:30:00,1,71,71497,2,2,1,3,General De Gaulle (Boulevard Du),46.33128,4.84288
202300006009,10,2,2023,2025-12-05 17:05:00,1,94,94046,1,1,1,2,A86,48.80856288,2.44905786
202300006010,2,5,2023,2025-12-05 18:35:00,1,69,69266,2,1,1,6,36 Avenue Antoine De Saint-Exupery,45.75861,4.87932
202300006011,8,2,2023,2025-12-05 18:10:00,2,75,75114,2,1,1,3,Bd Peripherique Exterieur,48.821922,2.316733
202300006012,2,5,2023,2025-12-05 09:35:00,1,69,69286,2,1,1,6,66 Avenue General Leclerc,45.81324291,4.89570634
202300006013,8,2,2023,2025-12-05 18:25:00,5,75,75113,2,1,1,3,Bd Peripherique Exterieur,48.826081,2.387937
202300006014,8,2,2023,2025-12-05 16:10:00,2,75,75120,2,1,1,3,Bd Peripherique Interieur,48.853568,2.41404
202300006015,27,4,2023,2025-12-05 15:18:00,1,67,67218,2,1,1,3,Lyon (Rte De),48.52125,7.70545
202300006016,7,2,2023,2025-12-05 21:20:00,2,75,75113,2,1,1,3,Bd Peripherique Interieur,48.824838,2.384286
202300006017,1,5,2023,2025-12-05 17:10:00,1,65,65417,2,9,1,7,Avenue Francois Mitterrand,43.22425181,0.10172412
202300006018,2,5,2023,2025-12-05 14:03:00,1,64,64445,2,1,1,2,Catherine De Bourbon,43.32465,-0.35734
202300006019,7,2,2023,2025-12-05 20:40:00,5,75,75116,2,4,1,2,Bd Peripherique Exterieur,48.835006,2.261347
202300006020,14,4,2023,2025-12-05 02:41:00,4,59,59650,2,1,8,6,Liberte (Boulevard De La),50.70840113,3.18805754
202300006021,1,5,2023,2025-12-05 12:00:00,1,59,59507,2,1,1,3,Carnot Sadi Rue,50.60763,3.10761
202300006022,8,2,2023,2025-12-05 12:25:00,1,75,75119,2,1,1,4,Bd Peripherique Exterieur Porte Des Lilas,48.881514,2.402691
202300006023,8,2,2023,2025-12-05 08:20:00,1,75,75113,2,1,1,3,Bd Peripherique Interieur,48.816467,2.34455
202300006024,2,5,2023,2025-12-05 07:05:00,1,56,56162,2,3,1,3,Douet Neuf (Rue Du),47.70854,-3.43857
202300006025,9,2,2023,2025-12-05 07:21:00,5,75,75110,2,2,1,3,Rue Du Faubourg Saint Martin,48.881108,2.365166
202300006026,9,2,2023,2025-12-05 13:36:00,1,75,75119,2,1,1,3,Quai De La Gironde,48.894957,2.384091
202300006027,2,5,2023,2025-12-05 19:05:00,1,51,51454,2,1,1,2,Avenue Henri Farman,49.23765,4.06669
202300006028,9,2,2023,2025-12-05 14:36:00,1,75,75117,2,7,1,6,Place De Clichy,48.88347395,2.32717976
202300006029,9,2,2023,2025-12-05 08:20:00,1,75,75116,2,1,1,7,Boulevard Suchet,48.858052,2.265126
202300006030,2,5,2023,2025-12-05 16:50:00,1,51,51454,2,3,1,2,Rue Des Moulins,49.24466373,4.03345495
202300006031,9,2,2023,2025-12-05 08:15:00,1,75,75116,2,2,1,7,Boulevard Suchet,48.85735877,2.26465613
202300006032,1,5,2023,2025-12-05 12:22:00,1,51,51454,2,2,1,6,Boulevard De La Paix,49.25506,4.04033
202300006033,9,2,2023,2025-12-05 16:50:00,1,75,75114,2,3,1,3,Rue De La Sante,48.831572,2.341254
202300006034,30,4,2023,2025-12-05 18:25:00,1,50,50129,2,2,1,3,Mendes France (Boulevard),49.63451,-1.6261
202300006035,7,2,2023,2025-12-05 12:55:00,1,75,75114,2,7,1,3,Place Du Vingt Cinq Aout 1944,48.822086,2.325317
202300006036,8,2,2023,2025-12-05 23:00:00,5,75,75113,2,1,1,6,Rue Eugene Oudine,48.825248,2.373169
202300006037,28,4,2023,2025-12-05 18:45:00,2,49,49007,2,9,1,3,Geoffray,47.45835,-0.54501
202300006038,9,2,2023,2025-12-05 08:55:00,1,75,75109,2,2,1,6,Rue De Londres,48.87654114,2.33095497
202300006039,2,5,2023,2025-12-05 07:35:00,2,47,47001,2,9,1,3,Paganel (Rue),44.19768,0.63299
202300006040,9,2,2023,2025-12-05 08:55:00,1,75,75109,2,1,1,3,Rue De Montholon,48.87659,2.345236
202300006041,2,5,2023,2025-12-05 16:30:00,1,45,45284,2,6,1,3,52 Avenue Charles Peguy,47.90512,1.94499
202300006042,9,2,2023,2025-12-05 08:00:00,1,93,93072,2,2,1,3,Rue D'Amiens / Rue Jean Durand,48.95246789,2.36920327
202300006043,2,5,2023,2025-12-05 13:24:00,1,45,45147,2,2,1,1,20 Rue Andre Dessaux,47.92734,1.89845
202300006044,8,2,2023,2025-12-05 14:15:00,1,93,93006,2,1,1,6,5 Rue De La Noue,48.86424,2.42834
202300006045,2,5,2023,2025-12-05 11:45:00,1,45,45232,2,1,1,6,Parking Leclerc,47.84297,1.91675
202300006046,1,5,2023,2025-12-05 10:05:00,1,45,45208,2,1,1,6,Parking Centre Commercial,47.99735,2.74196
202300006047,9,2,2023,2025-12-05 10:00:00,1,93,93014,2,1,1,3,Boulevard Du Temple,48.90278239,2.53132611
202300006048,9,2,2023,2025-12-05 09:20:00,1,93,93005,2,1,1,6,Rue Edgar Degas,48.956507,2.495537
202300006049,1,5,2023,2025-12-05 17:45:00,2,42,42218,2,3,1,1,Rue Docteur Poty,45.42048,4.38628
202300006050,9,2,2023,2025-12-05 19:30:00,3,93,93001,2,1,1,3,Avenue Jean Jaures,48.913361,2.402535
202300006051,9,2,2023,2025-12-05 11:20:00,1,93,93001,2,1,1,1,4Bis Rue Waldeck Rochet,48.91468,2.3682
202300006052,2,5,2023,2025-12-05 20:30:00,1,37,37261,2,2,1,5,Heurteloup (Boulevard),47.39242,0.70039
202300006053,9,2,2023,2025-12-05 07:50:00,1,93,93001,2,1,1,6,Rue Du Clos Benard,48.911598,2.386027
202300006054,9,2,2023,2025-12-05 19:20:00,5,92,92051,2,1,1,2,"Victor Hugo (Boulevard, Ndeg 51 A 75 Et 62",48.89131587,2.27518782
202300006055,1,5,2023,2025-12-05 21:33:00,5,37,37261,2,2,1,3,Giraudeau (Rue),47.37973,0.67738
202300006056,9,2,2023,2025-12-05 19:40:00,5,92,92044,2,1,1,6,Pdt Wilson(Rue)107A131 Et 110A130,48.8967631,2.28619024
202300006057,2,5,2023,2025-12-05 19:50:00,2,35,35238,2,2,1,6,Liberte (Bd De La),48.11019524,-1.67779416
202300006058,8,2,2023,2025-12-05 22:00:00,5,92,92036,2,2,1,3,Chandon (Avenue) (1/63),48.92412,2.29538
202300006059,2,2,2023,2025-12-05 13:15:00,1,92,92036,2,6,1,3,Marcel Paul (Avenue) (2/50),48.933539,2.302461
202300006060,2,5,2023,2025-12-05 18:10:00,1,35,35238,2,6,1,3,Bignon (Du),48.09684,-1.63522
202300006061,9,2,2023,2025-12-05 19:00:00,5,92,92026,2,1,1,2,President Paul Doumer (Quai Du),48.89132,2.25795
202300006062,1,5,2023,2025-12-05 17:55:00,1,34,34172,2,1,1,6,9 Rue Du Faubourg De La Saunerie,43.606119,3.875658
202300006063,9,2,2023,2025-12-05 18:20:00,5,92,92026,2,1,1,3,Marechal Joffre (Quai Du),48.90019391,2.27373449
202300006064,2,5,2023,2025-12-05 08:22:00,1,29,29019,2,1,1,3,Rue Mirabeau,48.407816,-4.487833
202300006065,9,2,2023,2025-12-05 12:15:00,1,92,92012,2,1,1,3,Bellevue (Rue De) 73/Fin - 80/Fin,48.83105877,2.23262116
202300006066,9,2,2023,2025-12-05 11:00:00,1,92,92004,2,1,1,3,Docteur Dervaux  ( Quai Du ),48.90779,2.29221
202300006067,9,2,2023,2025-12-05 17:30:00,1,35,35333,2,3,1,3,Rue Amand De Leon Des Ormeaux,47.919745,-1.429711
202300006068,10,2,2023,2025-12-05 07:10:00,5,37,37077,2,4,1,5,22 Route De Mazieres,47.3497,0.44949
202300006069,9,2,2023,2025-12-05 16:30:00,1,12,12300,1,1,7,1,Departementale 1,44.38306,2.03383
202300006070,10,2,2023,2025-12-05 10:45:00,1,44,44014,1,1,1,1,Land Jard,47.12154868,-1.49270833
202300006071,2,5,2023,2025-12-05 18:40:00,1,25,25056,2,7,1,6,Adresse_Inconnue,47.229323,5.996079
202300006072,10,2,2023,2025-12-05 07:25:00,2,28,28088,2,1,1,6,66 Boulevard Jean-Jaures,48.066518,1.34602
202300006073,9,2,2023,2025-12-05 19:30:00,3,51,51559,2,1,1,7,D79,49.11393684,4.53695118
202300006074,2,5,2023,2025-12-05 17:00:00,1,25,25056,2,1,1,6,Tremolieres Rue,47.254543,6.028496
202300006075,2,5,2023,2025-12-05 11:20:00,1,25,25056,2,8,1,6,Mitterand Avenue Francois,47.22318,5.98401
202300006076,10,2,2023,2025-12-05 12:15:00,1,26,26160,2,1,1,3,Avenue De La Croix Des Mailles,45.199114,4.814699
202300006077,10,2,2023,2025-12-05 17:41:00,2,68,68315,2,1,1,6,Route De Wuenheim,47.878876,7.221896
202300006078,4,4,2023,2025-12-05 17:55:00,1,19,19031,2,1,1,7,Rivet (Avenue Jean Charles),45.15052,1.49789
202300006079,9,2,2023,2025-12-05 22:10:00,5,85,85153,2,1,1,6,20 Rue Du Commandant Guilbaud,46.778742,-1.062884