num_acc,jour,mois,an,hrmn,lum,dep,com,agg,int,atm,col,adr,lat,long
202300006080,20,4,2023,2025-12-05 19:30:00,1,19,19031,2,1,1,3,Paris (Avenue De),45.16161,1.53273
202300006081,9,2,2023,2025-12-05 18:40:00,3,34,34095,1,1,8,5,M613,43.553416,3.787365
202300006082,10,2,2023,2025-12-05 07:20:00,5,91,91573,2,1,1,6,Avenue Louis Lachenal,48.610817,2.510789
202300006083,2,5,2023,2025-12-05 19:01:00,1,17,17028,1,3,1,3,Grasset   Avenue Edmond,46.13045,-1.08605
202300006084,10,2,2023,2025-12-05 08:00:00,1,79,79079,1,3,1,3,Adresse_Inconnue,46.934005,-0.832674
202300006085,1,5,2023,2025-12-05 18:30:00,1,16,16015,2,1,1,1,Lattre De Tassigny (Avenue De),45.656789,0.170585
202300006086,8,2,2023,2025-12-05 13:55:00,1,11,11270,1,1,1,6,Adresse_Inconnue,42.86621,2.684467
202300006087,2,5,2023,2025-12-05 20:20:00,2,13,13103,2,2,1,3,Boulevard Du Roy Rene,43.63187,5.10002
202300006088,2,5,2023,2025-12-05 18:30:00,1,13,13103,2,1,1,4,Boulevard Danton,43.63586,5.08908
202300006089,1,5,2023,2025-12-05 17:45:00,1,13,13103,1,1,1,4,Avenue Du 18 Juin 1940,43.62817376,5.11103986
202300006090,3,5,2023,2025-12-05 00:35:00,5,13,13208,2,1,1,3,Prado (Avenue Du),43.27075,5.38875
202300006091,2,5,2023,2025-12-05 12:55:00,1,13,13215,2,1,1,3,Henri Barnier (Boulevard),43.37319,5.35352
202300006092,2,5,2023,2025-12-05 23:53:00,5,13,13001,2,1,1,3,Roi Rene (Bd Du),43.52401564,5.44998748
202300006093,2,5,2023,2025-12-05 08:25:00,2,7,7186,2,1,1,6,Saint Louis (Cours),44.73513,4.59575
202300006094,2,5,2023,2025-12-05 13:30:00,1,6,6029,2,1,1,1,Coteaux (Avenue Des),43.56582,7.02154
202300006095,2,5,2023,2025-12-05 08:45:00,1,75,75112,2,1,1,2,Bd Peripherique Interieur,48.835203,2.411409
202300006096,2,5,2023,2025-12-05 07:05:00,1,75,75120,2,1,1,2,Bd Peripherique Exterieur,48.877377,2.409157
202300006097,2,5,2023,2025-12-05 22:10:00,5,75,75118,2,2,1,3,Avenue De Saint Ouen,48.890426,2.326589
202300006098,2,5,2023,2025-12-05 19:45:00,1,75,75118,2,2,1,6,Rue Jacques Cartier,48.894334,2.32988
202300006099,2,5,2023,2025-12-05 18:30:00,1,75,75111,2,3,1,3,Place De La Republique,48.866718,2.365162
202300006100,2,5,2023,2025-12-05 13:20:00,1,75,75111,2,3,1,6,Rue De Charonne,48.855563,2.390129
202300006101,2,5,2023,2025-12-05 00:50:00,5,75,75111,2,3,1,3,Boulevard Voltaire,48.851645,2.390499
202300006102,1,5,2023,2025-12-05 19:40:00,1,75,75109,2,2,1,3,Rue La Fayette,48.87504164,2.340855
202300006103,2,5,2023,2025-12-05 16:55:00,1,75,75108,2,2,1,2,Cours La Reine,48.865005,2.313712
202300006104,1,5,2023,2025-12-05 18:35:00,1,75,75107,2,2,1,3,Quai Branly,48.860632,2.295487
202300006105,2,5,2023,2025-12-05 17:55:00,1,75,75101,2,7,1,3,Quai De La Megisserie,48.857308,2.34692
202300006106,2,5,2023,2025-12-05 01:10:00,5,94,94081,2,1,1,2,Rue Camille Blanc,48.78473027,2.39559594
202300006107,2,5,2023,2025-12-05 19:15:00,1,75,75112,2,2,1,3,Avenue Gallieni,48.846575,2.415859
202300006108,1,5,2023,2025-12-05 12:35:00,1,94,94068,2,2,1,3,Avenue De L'Alma,48.78904808,2.49527004
202300006109,2,5,2023,2025-12-05 00:30:00,5,94,94016,2,1,1,6,Avenue Aristide Briand,48.791289,2.320031
202300006110,2,5,2023,2025-12-05 19:00:00,1,94,94041,2,2,1,6,Rue Lenine / Rue Moliere,48.81570165,2.39351347
202300006111,29,4,2023,2025-12-05 21:20:00,5,94,94073,2,1,1,2,Rue Du Bas Marin,48.75494376,2.38590565
202300006112,1,5,2023,2025-12-05 12:00:00,1,94,94060,2,3,8,3,Rue Du General De Gaulle,48.78086,2.57342
202300006113,2,5,2023,2025-12-05 14:56:00,1,93,93059,2,2,1,1,Boulevard Pasteur / Boulevard Jean Mermoz,48.96572,2.36313
202300006114,2,5,2023,2025-12-05 18:45:00,1,93,93066,2,1,1,3,Rue Du Landy,48.91484855,2.34915644
202300006115,1,5,2023,2025-12-05 23:17:00,5,93,93051,2,6,1,3,Boulevard Du Ru De Nesles / Boulevard Du Champy Richardets,48.8378,2.5819
202300006116,2,5,2023,2025-12-05 18:47:00,1,93,93031,2,3,1,3,Route De Saint-Leu / Rue Pierre Curie,48.94964142,2.34137937
202300006117,2,5,2023,2025-12-05 08:10:00,1,93,93005,2,1,1,4,Rue Charles Gouppy,48.94161651,2.49845048
202300006118,2,5,2023,2025-12-05 10:30:00,1,92,92078,2,3,1,3,Verdun (Avenue) (Ndeg Pairs 40 A 90),48.934888,2.32485
202300006119,2,5,2023,2025-12-05 19:20:00,1,92,92064,2,1,1,6,Val D' Or,48.85964026,2.21530616
202300006120,2,5,2023,2025-12-05 17:59:00,1,92,92049,2,7,1,3,Briand Avenue Aristide Ndeg1 A 129,48.81114563,2.32640326
202300006121,2,5,2023,2025-12-05 13:04:00,1,92,92049,2,2,1,1,Brossolette Avenue Pierre,48.8175,2.3079
202300006122,2,5,2023,2025-12-05 08:32:00,1,92,92049,2,1,1,6,Brossolette Avenue Pierre,48.81955258,2.31041998
202300006123,1,5,2023,2025-12-05 14:40:00,1,92,92036,2,1,3,6,Gabriel Peri (Avenue) (101/129),48.92097,2.29498
202300006124,28,4,2023,2025-12-05 14:45:00,1,92,92036,2,6,1,3,Marcel Paul (Avenue) (1/103),48.93350633,2.30243236
202300006125,2,5,2023,2025-12-05 20:05:00,2,92,92024,2,2,1,3,Victor Hugo (Bd),48.89794989,2.31125683
202300006126,2,5,2023,2025-12-05 10:25:00,1,92,92002,2,1,1,6,Onze Novembre (Avenue Du),48.75066438,2.30676614
202300006127,2,5,2023,2025-12-05 12:30:00,1,39,39130,1,1,1,6,Adresse_Inconnue,46.491538,5.83293
202300006128,12,7,2023,2025-12-05 16:35:00,1,83,83001,1,1,1,6,A8 Pk 148.400 Nord,43.5386027,6.83902845
202300006129,2,5,2023,2025-12-05 17:00:00,1,22,22172,1,3,1,3,La Ville Martin,48.53748,-2.224174
202300006130,9,7,2023,2025-12-05 19:55:00,1,38,38170,1,1,1,6,A48,45.25318943,5.64832408
202300006131,30,4,2023,2025-12-05 19:55:00,1,33,33138,1,2,1,3,3 Lieu Dit Les Mougneaux,45.059468,-0.103673
202300006132,2,5,2023,2025-12-05 15:00:00,1,11,11067,1,2,1,3,Adresse_Inconnue,43.21902,2.845894
202300006133,13,7,2023,2025-12-05 21:10:00,5,988,98821,2,3,1,3,Route Du Mont Mou/Rue Du Bougainvillier,-22.122951,166.374646
202300006134,2,5,2023,2025-12-05 20:30:00,2,54,54138,1,1,1,6,Rue Cote Du Val,49.52703293,5.71932793
202300006135,12,7,2023,2025-12-05 18:20:00,1,971,97117,1,1,1,6,Route De L'Ecluse,16.312087,-61.383963
202300006136,2,5,2023,2025-12-05 16:20:00,1,974,97410,1,1,1,2,Rn2,-21.052523,55.720274
202300006137,9,7,2023,2025-12-05 20:20:00,1,33,33527,1,1,1,7,D216,44.527407,-1.017928
202300006138,25,11,2023,2025-12-05 08:25:00,1,91,91027,2,1,1,6,Av Jules Valles,48.69991,2.37579
202300006139,3,5,2023,2025-12-05 19:00:00,1,59,59487,1,2,1,3,103 Rue Du Bas,50.635435,2.890939
202300006140,25,11,2023,2025-12-05 17:03:00,1,86,86041,2,3,1,6,Rue Maurice Ravel,46.597808,0.353185
202300006141,22,4,2023,2025-12-05 22:25:00,3,34,34325,1,1,1,2,A75 Pk 320+9691,43.411567,3.372245
202300006142,13,7,2023,2025-12-05 05:00:00,2,91,91200,2,1,1,3,22 Rue De Bonniveau,48.532303,2.006853
202300006143,25,11,2023,2025-12-05 17:44:00,1,84,84007,2,3,1,3,Soulier (Bd Denis),43.94235,4.81668
202300006144,3,5,2023,2025-12-05 15:30:00,1,62,62281,2,1,7,6,Route De Tournes,50.693909,1.671617
202300006145,13,7,2023,2025-12-05 13:00:00,1,83,83016,1,3,1,3,Dn8,43.186514,5.818226
202300006146,10,3,2023,2025-12-05 17:05:00,1,51,51029,2,1,1,6,Avenue De Sulzfeld,48.975098,4.031188
202300006147,25,11,2023,2025-12-05 06:45:00,2,84,84007,2,3,1,1,Charles De Gaulle,43.94087,4.79036
202300006148,2,5,2023,2025-12-05 11:33:00,1,74,74208,2,3,1,3,Avenue Rene Raffort Deruttet,45.923308,6.685599
202300006149,13,7,2023,2025-12-05 14:58:00,1,83,83053,2,1,1,1,Dn8,43.17508,5.827995
202300006150,25,11,2023,2025-12-05 02:05:00,3,78,78372,2,1,1,6,Georges Tattevin,48.8651,2.08805
202300006151,2,5,2023,2025-12-05 21:00:00,2,76,76315,1,6,1,6,D50,49.762138,0.621009
202300006152,24,11,2023,2025-12-05 17:35:00,3,71,71153,2,9,8,6,Abattoirs (Boulevard Des),46.78777,4.44393
202300006153,11,7,2023,2025-12-05 16:55:00,1,83,83068,2,2,1,3,Route Du Littoral,43.287652,6.602397
202300006154,3,5,2023,2025-12-05 08:30:00,1,2B,2B343,2,1,1,2,Diceppo,42.492811,9.473648
202300006155,25,11,2023,2025-12-05 06:00:00,3,71,71445,1,1,1,1,Rd673,46.78017,4.88327
202300006156,13,7,2023,2025-12-05 16:00:00,1,6,6146,2,1,1,1,La Courbaisse (Arret De Bus),43.925385,7.185724
202300006157,2,5,2023,2025-12-05 17:40:00,1,80,80130,1,2,1,3,D211,49.890017,2.136347
202300006158,2,5,2023,2025-12-05 09:53:00,1,82,82087,1,1,1,6,D68,44.158363,1.243987
202300006159,25,11,2023,2025-12-05 16:00:00,1,69,69290,2,2,1,2,126 Route De Grenoble,45.71030411,4.97778611
202300006160,13,7,2023,2025-12-05 15:30:00,1,3,3179,2,3,1,1,16 Rue Du Docteur Chirol,46.297233,3.507412
202300006161,1,5,2023,2025-12-05 21:15:00,3,69,69267,1,1,1,7,Route De Lancie,46.165506,4.700233
202300006162,20,11,2023,2025-12-05 17:45:00,3,67,67462,2,1,8,6,Ebermunster (Rue D),48.26956,7.45837
202300006163,12,7,2023,2025-12-05 23:00:00,5,44,44035,2,1,1,7,5 Boulevard Jacques Demy,47.268146,-1.549437
202300006164,2,5,2023,2025-12-05 17:40:00,1,42,42047,1,1,1,1,D53,45.861011,3.828456
202300006165,6,7,2023,2025-12-05 20:30:00,1,44,44045,1,1,1,6,34 La Peille,47.276678,-1.855633
202300006166,24,11,2023,2025-12-05 17:52:00,3,63,63300,1,1,2,2,Chatelguyon-Guyon (Route De),45.90568679,3.09814185
202300006167,2,5,2023,2025-12-05 18:45:00,1,41,41126,1,1,1,1,Route D'Orbigny,47.259038,1.325666
202300006168,13,7,2023,2025-12-05 08:20:00,1,17,17304,1,2,1,3,Rue Du Petit Loubet,45.67896,-0.493178
202300006169,1,5,2023,2025-12-05 14:40:00,1,41,41132,1,9,1,6,Route De Saint-Clair,47.342567,1.449155
202300006170,24,4,2023,2025-12-05 08:20:00,1,33,33449,2,1,1,6,Avenue Blaise Pascal,44.8945975,-0.76823696
202300006171,25,11,2023,2025-12-05 01:43:00,3,62,62573,1,1,3,1,D165,50.49528,2.91205
202300006172,2,5,2023,2025-12-05 18:14:00,1,39,39526,2,3,1,3,65 Rue De L'Abergement,47.039017,5.401698
202300006173,25,11,2023,2025-12-05 02:50:00,5,62,62119,2,9,3,6,Avenue Du President Kennedy,50.53704,2.64915
202300006174,11,7,2023,2025-12-05 13:50:00,1,14,14228,2,2,1,3,1 Rue Du General De Gaulle,49.296973,-0.375221
202300006175,2,5,2023,2025-12-05 14:30:00,1,25,25527,1,1,1,6,D13,47.191927,5.807907
202300006176,12,7,2023,2025-12-05 17:00:00,1,76,76610,2,1,1,1,Rue Jean Mermoz,49.628045,0.762423
202300006177,3,5,2023,2025-12-05 17:00:00,1,29,29171,1,3,1,3,D785 - Ti Boutig,47.849174,-4.250014
202300006178,11,7,2023,2025-12-05 21:20:00,2,69,69256,1,1,1,2,Autoroute 42,45.80086163,4.9276402
202300006179,16,11,2023,2025-12-05 18:50:00,5,62,62041,2,4,2,6,Rue Abel Bergaigne,50.28663954,2.77731049
202300006180,3,5,2023,2025-12-05 15:30:00,1,31,31275,1,1,1,6,D29,43.740057,1.025398
202300006181,25,11,2023,2025-12-05 16:35:00,2,57,57487,1,1,2,1,Frescaty (Rue De ),49.08904472,6.14320278
202300006182,12,7,2023,2025-12-05 11:50:00,1,33,33122,1,1,2,4,Autoroute A 63,44.7425,-0.708
202300006183,2,5,2023,2025-12-05 19:15:00,1,2,2352,1,9,1,3,Adresse_Inconnue,50.00266,3.270165
202300006184,12,7,2023,2025-12-05 10:00:00,1,94,94043,1,1,1,1,A6B,48.81449566,2.35556902
202300006185,25,11,2023,2025-12-05 22:20:00,5,54,54578,2,6,8,3,Boulevard Du Marechal Foch,48.6773,6.15645
202300006186,3,5,2023,2025-12-05 12:35:00,1,58,58020,1,1,1,7,Beaugy,46.81783,3.394346
202300006187,2,5,2023,2025-12-05 08:10:00,1,6,6023,1,9,1,7,"Route Du Col De Brouis,",43.954429,7.514064
202300006188,25,11,2023,2025-12-05 18:54:00,5,54,54395,2,1,2,2,Rue Des Carmes,48.69132624,6.18066251
202300006189,12,7,2023,2025-12-05 10:35:00,1,92,92064,1,1,1,2,A13,48.83963957,2.19735978
202300006190,2,5,2023,2025-12-05 18:35:00,1,64,64133,1,6,1,2,D938,43.225709,-0.250454
202300006191,22,11,2023,2025-12-05 17:17:00,2,54,54099,2,1,2,3,Rue Raymond Mondon,49.25005,5.941214
202300006192,2,5,2023,2025-12-05 21:40:00,3,16,16128,1,1,1,6,Route De Pressac,46.078135,0.551698
202300006193,12,7,2023,2025-12-05 15:40:00,1,93,93048,1,1,1,2,Autoroute A3,48.87275,2.43539
202300006194,1,5,2023,2025-12-05 14:45:00,1,7,7165,1,1,1,1,D578,44.93137727,4.48134899
202300006195,25,11,2023,2025-12-05 12:35:00,1,49,49007,2,6,1,3,Montaigne Avenue,47.4665,-0.52504
202300006196,3,5,2023,2025-12-05 07:20:00,1,53,53007,1,1,1,3,D32 - Pk/Pr 032.400,48.099805,-0.625985
202300006197,24,11,2023,2025-12-05 14:25:00,1,46,46042,2,1,1,2,Zola (Rue Emile),44.45176,1.437
202300006198,21,4,2023,2025-12-05 15:10:00,1,21,21016,1,1,1,7,D28D,47.358311,5.163295
202300006199,11,7,2023,2025-12-05 01:25:00,3,93,93005,1,1,1,5,Autoroute A1,48.95961163,2.46644694
202300006200,25,11,2023,2025-12-05 18:55:00,5,45,45147,2,4,1,3,294 Rue Marcellin Berthelot,47.93985,1.91939
202300006201,12,7,2023,2025-12-05 20:00:00,2,77,77450,1,1,1,2,Rn104,48.717276,2.599117
202300006202,1,5,2023,2025-12-05 09:05:00,1,24,24547,2,1,1,1,Route Des Fours A Chaux,45.116573,1.307367
202300006203,11,7,2023,2025-12-05 20:30:00,2,77,77373,1,1,1,3,Rn104,48.787242,2.617241
202300006204,25,11,2023,2025-12-05 12:35:00,1,45,45232,2,2,1,3,Rue De Chateauroux-Boulevard Duhamel Du Monceau,47.8462,1.9276
202300006205,26,4,2023,2025-12-05 17:15:00,1,4,4209,2,1,1,1,D4085,44.200836,5.940063
202300006206,23,3,2023,2025-12-05 16:23:00,1,75,75120,2,1,1,3,Boulevard De Belleville,48.868091,2.381969
202300006207,3,5,2023,2025-12-05 14:25:00,1,28,28120,1,1,1,7,D4,48.702985,1.160318
202300006208,25,11,2023,2025-12-05 10:32:00,1,41,41269,2,1,1,6,Poterie (Rue),47.794,1.06489
202300006209,29,4,2023,2025-12-05 23:00:00,5,74,74012,2,2,1,1,Mole (Rue Du),46.19742,6.23706
202300006210,3,5,2023,2025-12-05 11:00:00,1,87,87117,1,1,1,7,Tramonteil,45.848517,1.754766
202300006211,26,4,2023,2025-12-05 02:00:00,3,74,74012,2,1,1,1,Arve (Quai D'),46.18531,6.22602
202300006212,22,11,2023,2025-12-05 02:20:00,5,37,37195,2,3,1,1,Mairie (Rue De La),47.38957196,0.66168487
202300006213,2,5,2023,2025-12-05 20:45:00,2,49,49301,1,9,1,1,N249,47.122023,-1.099598
202300006214,23,3,2023,2025-12-05 08:20:00,1,75,75117,2,2,8,7,Boulevard Pereire,48.882154,2.29168
202300006215,25,4,2023,2025-12-05 07:30:00,1,74,74123,1,1,2,1,Adresse_Inconnue,45.755367,6.299372
202300006216,3,5,2023,2025-12-05 14:35:00,1,38,38249,1,1,1,6,A41,45.218982,5.818167
202300006217,23,3,2023,2025-12-05 08:00:00,1,75,75117,2,2,1,6,Avenue Niel,48.879643,2.294708
202300006218,16,3,2023,2025-12-05 07:10:00,1,74,74224,2,3,1,6,Rue Du Champ Laitier,46.069249,6.29897
202300006219,24,11,2023,2025-12-05 15:40:00,1,37,37233,2,1,1,4,Duclos (Avenue Jacques),47.38116,0.73898
202300006220,1,5,2023,2025-12-05 04:00:00,3,30,30123,1,1,1,2,A9 Pk 73+000,43.725285,4.175068
202300006221,23,3,2023,2025-12-05 15:05:00,1,75,75116,2,2,1,2,Rue De La Pompe,48.86411955,2.27759778
202300006222,10,3,2023,2025-12-05 13:05:00,1,74,74081,1,2,2,3,D1205,46.051068,6.588299
202300006223,25,11,2023,2025-12-05 12:35:00,1,35,35238,2,2,1,3,Chateaubriand (Quai),48.11021911,-1.67777941
202300006224,22,3,2023,2025-12-05 21:30:00,5,75,75116,2,2,1,3,Avenue Du President Wilson,48.863791,2.290652
202300006225,7,11,2023,2025-12-05 20:14:00,5,35,35115,2,1,8,3,Verrerie (Avenue De La),48.36517,-1.18641
202300006226,1,5,2023,2025-12-05 04:00:00,3,987,98740,2,1,1,7,Tiputa,-14.975601,-147.623999
202300006227,28,4,2023,2025-12-05 22:30:00,5,13,13026,2,5,1,3,Cd 48 A,43.38354,5.16053
202300006228,22,3,2023,2025-12-05 19:10:00,5,75,75114,2,3,1,6,Rue Du Depart,48.841962,2.322659
202300006229,25,11,2023,2025-12-05 11:20:00,1,34,34172,2,1,1,6,Villeneuve-Angouleme (Avenue De,43.59519,3.86774
202300006230,29,4,2023,2025-12-05 14:15:00,1,987,98747,1,1,1,6,Taravao Route De La Dorsale,-17.756,-148.736
202300006231,22,3,2023,2025-12-05 11:38:00,1,75,75114,2,2,2,6,Boulevard Jourdan,48.82326,2.32554
202300006232,2,5,2023,2025-12-05 16:40:00,1,77,77196,2,1,1,7,Rue Henri De Guenegaud,48.939419,2.744286
202300006233,25,11,2023,2025-12-05 16:46:00,2,33,33162,2,2,1,3,Avenue Du Taillan-Medoc,44.87712,-0.64236
202300006234,22,3,2023,2025-12-05 19:49:00,5,75,75107,2,1,1,3,Rue De Bellechasse,48.859773,2.324335
202300006235,3,5,2023,2025-12-05 08:30:00,1,83,83071,1,1,1,2,D98,43.150018,6.282624
202300006236,10,7,2023,2025-12-05 08:00:00,1,974,97411,2,1,1,2,Eucalyptus (Route Des),-20.88517,55.43902
202300006237,25,11,2023,2025-12-05 07:00:00,5,33,33063,2,1,1,3,Quai Richelieu,44.83903408,-0.56775659
202300006238,23,3,2023,2025-12-05 11:45:00,1,75,75104,2,3,1,6,Rue De Rivoli,48.855083,2.361663
202300006239,9,7,2023,2025-12-05 09:45:00,1,974,97411,2,4,1,3,Bougainvillees (Route Des),-20.89107,55.42121
202300006240,25,11,2023,2025-12-05 05:10:00,3,30,30243,1,1,6,6,Moulin (Avenue J.),44.05901,4.09149
202300006241,2,5,2023,2025-12-05 18:47:00,1,89,89350,1,1,1,2,Autoroute A6 Sens Lyon Vers Paris,48.016238,3.144107
202300006242,23,3,2023,2025-12-05 10:00:00,1,75,75109,2,2,1,3,Rue De Rochechouart,48.878424,2.345115
202300006243,2,5,2023,2025-12-05 12:45:00,1,3,3104,1,1,1,6,D156,46.330187,2.802882
202300006244,11,7,2023,2025-12-05 06:55:00,1,973,97302,2,9,1,2,Flamboyants (Rue Des),4.92460159,-52.31781185
202300006245,2,5,2023,2025-12-05 13:15:00,1,38,38468,2,2,1,7,Route De Chanas,45.336498,4.815059
202300006246,25,11,2023,2025-12-05 19:35:00,5,27,27375,2,3,1,3,Paris (Chaussee De),49.20691,1.18803
202300006247,22,3,2023,2025-12-05 17:00:00,1,94,94081,2,1,8,2,Avenue Rouget De Lisle,48.78390329,2.39337373
202300006248,11,7,2023,2025-12-05 00:15:00,3,973,97302,2,1,2,1,Troubiran (Chemin De),4.93277168,-52.29674846
202300006249,3,5,2023,2025-12-05 14:50:00,1,7,7268,1,1,1,7,Rd290,44.301862,4.594517
202300006250,22,3,2023,2025-12-05 13:45:00,1,94,94068,2,2,1,3,28 Avenue Des Falonnieres,48.78627,2.50367
202300006251,25,11,2023,2025-12-05 09:30:00,1,22,22278,2,1,7,2,Tregueux (De),48.50019,-2.75691
202300006252,11,7,2023,2025-12-05 04:00:00,5,69,69387,2,3,1,1,Avenue Tony Garnier,45.72983,4.82379
202300006253,22,3,2023,2025-12-05 00:40:00,5,94,94052,2,2,1,3,Boulevard Albert 1Er,48.83554,2.49386
202300006254,25,4,2023,2025-12-05 19:40:00,1,33,33312,2,3,8,3,Rue De Landegrand,44.960304,-0.620974
202300006255,11,7,2023,2025-12-05 01:35:00,5,972,97209,2,1,2,6,Soleil Levant (Boulevard Du),14.62378,-61.03898
202300006256,25,11,2023,2025-12-05 19:30:00,5,14,14715,2,1,1,2,Route D'Aguesseau,49.37249,0.12358
202300006257,11,7,2023,2025-12-05 21:45:00,4,2B,2B033,1,1,1,6,11 - Rt,42.66295,9.44204
202300006258,25,11,2023,2025-12-05 02:40:00,5,13,13071,2,1,1,7,Rd 543,43.41951,5.36686
202300006259,5,6,2023,2025-12-05 18:00:00,1,91,91201,2,3,1,6,Bd Henri Barbusse,48.66478,2.41955
202300006260,22,3,2023,2025-12-05 19:08:00,5,94,94046,2,1,2,6,18 Avenue De La Liberte,48.796121,2.431231
202300006261,6,6,2023,2025-12-05 11:40:00,1,91,91421,2,1,1,7,Garenne (Rue De La),48.70047,2.4476
202300006262,23,3,2023,2025-12-05 13:30:00,1,94,94011,2,1,1,6,Chemin De La Pompadour,48.76574,2.47619
202300006263,19,10,2023,2025-12-05 19:40:00,5,13,13056,2,1,2,3,Rayettes,43.41218,5.04337
202300006264,10,7,2023,2025-12-05 16:50:00,1,971,97113,1,1,1,4,Grand Baie ( Rn4),16.21921,-61.51526
202300006265,4,6,2023,2025-12-05 22:00:00,2,91,91027,2,1,1,3,Av Francois Mitterrand,48.70194,2.37183
202300006266,23,3,2023,2025-12-05 12:20:00,1,94,94022,2,3,1,3,Avenue Leon Gourdault,48.7624,2.4067
202300006267,11,7,2023,2025-12-05 18:45:00,1,2A,2A004,2,1,1,6,Grandval Cours Pair,41.91810263,8.73362929
202300006268,25,11,2023,2025-12-05 23:30:00,5,13,13208,2,1,1,2,Paradis (Rue),43.27133,5.38613
202300006269,4,6,2023,2025-12-05 12:00:00,1,91,91479,2,1,7,6,Pl Henri Barbusse,48.71358,2.36314
202300006270,10,7,2023,2025-12-05 18:45:00,1,2A,2A004,2,1,1,3,Mezzavia Route De,41.95199,8.77819
202300006271,25,11,2023,2025-12-05 09:30:00,1,13,13005,2,1,1,1,Goums (Avenue Des),43.29281,5.5634
202300006272,23,3,2023,2025-12-05 13:15:00,1,94,94069,2,6,1,2,Rue Du Marechal Leclerc,48.81499,2.4615
202300006273,29,5,2023,2025-12-05 00:15:00,5,91,91174,2,3,1,7,Av Du 8 Mai 1945,48.61091,2.45329
202300006274,11,7,2023,2025-12-05 17:00:00,1,91,91692,2,1,1,6,Champs Lasniers (Avenue),48.68683,2.16853
202300006275,24,11,2023,2025-12-05 15:15:00,1,6,6159,1,1,1,1,Condamine (Avenue De La),43.7215977,7.3342304
202300006276,23,3,2023,2025-12-05 19:00:00,4,93,93071,2,1,2,3,Boulevard Westinghouse,48.926927,2.520054
202300006277,5,6,2023,2025-12-05 07:50:00,1,91,91223,2,1,7,1,Pasteur (Boulevard),48.42881,2.1418
202300006278,23,3,2023,2025-12-05 12:30:00,1,93,93070,2,9,1,2,Rue Du Landy Prolongee,48.91791438,2.33060762
202300006279,10,7,2023,2025-12-05 19:50:00,1,91,91477,2,2,1,6,Pasteur (Rue),48.71535,2.24841
202300006280,1,11,2023,2025-12-05 18:30:00,5,5,5061,2,5,2,3,Traunstein (Avenue De),44.54249,6.05951
202300006281,21,3,2023,2025-12-05 12:20:00,1,93,93053,2,9,1,1,Rue De Brement,48.88750224,2.46488422
202300006282,25,11,2023,2025-12-05 15:00:00,1,4,4070,2,1,7,6,Tampinet (Pl. Du),44.091521,6.231373
202300006283,10,7,2023,2025-12-05 12:45:00,1,91,91657,2,3,1,3,Rue De La Longueraie,48.715859,2.436731
202300006284,2,6,2023,2025-12-05 19:10:00,1,89,89024,2,2,1,3,Joffre (Avenue),47.79838,3.55651
202300006285,23,3,2023,2025-12-05 23:05:00,5,93,93048,2,3,2,1,Rue De Rosny / Rue Saint Antoine,48.865013,2.453648
202300006286,6,7,2023,2025-12-05 14:11:00,1,87,87085,2,3,1,3,Perrin (Rue Francois),45.82674,1.23806
202300006287,24,11,2023,2025-12-05 23:00:00,5,75,75112,2,1,1,2,Bd Peripherique Exterieur,48.831344,2.404078
202300006288,4,6,2023,2025-12-05 01:00:00,5,88,88209,2,2,1,3,Moselle (Rue De La),48.19338,6.44157
202300006289,17,3,2023,2025-12-05 19:30:00,5,93,93032,2,1,2,6,Avenue Jean Jaures,48.88329579,2.52826765
202300006290,10,7,2023,2025-12-05 10:35:00,1,84,84007,2,2,1,6,C.De Gaulle (Rocade),43.93102,4.82563
202300006291,3,6,2023,2025-12-05 13:54:00,1,87,87085,2,1,1,2,Beaubreuil (Place De),45.88029,1.29437
202300006292,23,3,2023,2025-12-05 07:50:00,1,93,93031,2,1,1,1,Avenue Jean Jaures,48.95411,2.31717
202300006293,11,7,2023,2025-12-05 08:25:00,1,83,83137,2,1,1,6,Infanterie De Marine (Ave D'),43.11752,5.9359
202300006294,23,11,2023,2025-12-05 18:50:00,5,75,75117,2,1,1,5,Porte De Clichy,48.895031,2.306589
202300006295,22,3,2023,2025-12-05 16:05:00,1,93,93010,2,1,1,2,Avenue Gallieni,48.906622,2.485638
202300006296,11,7,2023,2025-12-05 18:50:00,1,83,83126,2,1,1,1,Pacha (Corniche Michel),43.09313,5.90691
202300006297,3,6,2023,2025-12-05 01:57:00,5,87,87085,2,2,1,3,Dumas (Avenue Georges),45.82603,1.26801
202300006298,11,7,2023,2025-12-05 09:30:00,1,83,83009,2,1,1,1,Liberation (Avenue De La),43.138735,5.765282
202300006299,23,3,2023,2025-12-05 07:00:00,2,93,93008,2,3,2,6,Chemin Des Vignes / Rue Benoit Frachon,48.90056188,2.42881932
202300006300,2,6,2023,2025-12-05 15:46:00,1,87,87085,1,1,1,4,Autoroute A20,45.85079,1.27624
202300006301,23,11,2023,2025-12-05 10:24:00,1,75,75114,2,7,1,6,Avenue Du General Leclerc,48.82802,2.326949
202300006302,23,3,2023,2025-12-05 19:00:00,2,93,93005,2,1,2,2,Boulevard Marc Chagall,48.952608,2.497517
202300006303,7,7,2023,2025-12-05 11:20:00,1,83,83123,2,1,1,6,Huide (Chemin De) Ndeg Impairs,43.125405,5.801215
202300006304,3,6,2023,2025-12-05 06:25:00,2,86,86194,2,1,1,2,Boulevard Chasseigne,46.589393,0.346798
202300006305,25,11,2023,2025-12-05 16:00:00,1,75,75105,2,2,8,6,Boulevard Saint Michel,48.850621,2.342812