num_acc,jour,mois,an,hrmn,lum,dep,com,agg,int,atm,col,adr,lat,long
202300006306,23,3,2023,2025-12-05 09:55:00,1,92,92040,2,1,1,3,Pdt Roosevelt (Quai Du),48.83165,2.26239
202300006307,11,7,2023,2025-12-05 11:00:00,1,83,83061,2,1,1,1,Rue Du Docteur Louis Turcan,43.43358309,6.73921466
202300006308,6,6,2023,2025-12-05 15:20:00,1,83,83137,2,3,1,3,Brunet (Ave De),43.13003,5.96245
202300006309,23,3,2023,2025-12-05 08:02:00,1,92,92026,2,1,2,6,Saint Denis Bd (120 A 174 / 199 A 315),48.89791657,2.26342571
202300006310,6,6,2023,2025-12-05 08:30:00,1,83,83069,2,1,1,6,Strasbourg (Cours De),43.12183006,6.13105729
202300006311,25,11,2023,2025-12-05 07:48:00,2,75,75120,2,2,1,3,Avenue De La Porte De Montreuil,48.853529,2.410791
202300006312,11,7,2023,2025-12-05 17:45:00,1,81,81018,1,1,1,1,Rd 100,43.96477,2.24111
202300006313,23,3,2023,2025-12-05 07:50:00,1,92,92012,2,1,8,6,Jean Baptiste Clement (Avenue) 49/Fin -,48.84237,2.23067
202300006314,25,11,2023,2025-12-05 14:15:00,1,75,75115,2,1,1,6,Boulevard De Grenelle,48.853635,2.289881
202300006315,5,6,2023,2025-12-05 17:30:00,1,83,83061,1,1,2,1,D8,43.4222,6.70532
202300006316,20,1,2023,2025-12-05 13:00:00,1,51,51531,1,1,4,7,D216,48.7715045,4.90179598
202300006317,11,7,2023,2025-12-05 14:00:00,1,79,79329,2,2,1,3,Adresse_Inconnue,46.98083,-0.2142
202300006318,25,11,2023,2025-12-05 07:00:00,5,75,75115,2,7,1,6,Place D Alleray,48.836278,2.306511
202300006319,6,6,2023,2025-12-05 18:20:00,1,78,78502,2,1,1,3,Saint Germain (Avenue De),48.88032,2.10862
202300006320,15,3,2023,2025-12-05 13:00:00,1,91,91235,2,2,1,3,Av Du Dr Louis Francois Fichez,48.639291,2.361892
202300006321,5,6,2023,2025-12-05 15:49:00,1,78,78029,2,4,1,3,Plateau (Rue Du),48.96007,1.85959
202300006322,24,11,2023,2025-12-05 02:15:00,5,75,75115,2,2,1,3,Rue De La Convention,48.83724,2.296414
202300006323,20,3,2023,2025-12-05 15:39:00,1,6,6161,2,1,1,3,2040 Route Departementale 6007,43.631486,7.1346
202300006324,11,7,2023,2025-12-05 16:25:00,1,77,77143,2,2,7,7,D330,48.97549,2.86545
202300006325,11,7,2023,2025-12-05 19:30:00,1,76,76484,2,3,1,6,Rue Emile Zola,49.346607,1.096
202300006326,24,11,2023,2025-12-05 23:10:00,5,75,75114,2,2,1,2,Boulevard Brune,48.824651,2.319576
202300006327,20,1,2023,2025-12-05 15:00:00,1,974,97412,1,1,1,6,Rue De La Passerelle,-21.375191,55.649657
202300006328,6,6,2023,2025-12-05 09:35:00,1,77,77468,2,1,7,6,Eglise (Place De L'),48.85027,2.65322
202300006329,11,7,2023,2025-12-05 10:15:00,1,69,69029,2,3,1,3,Boulevard Pinel,45.73512,4.88987
202300006330,17,1,2023,2025-12-05 19:00:00,3,972,97210,1,1,1,1,Croix Mission,14.606456,-60.894781
202300006331,25,11,2023,2025-12-05 18:10:00,5,75,75113,2,3,1,3,Boulevard Kellermann,48.820006,2.34709
202300006332,6,6,2023,2025-12-05 08:05:00,1,77,77482,2,2,1,3,Vc,48.37598,2.94481
202300006333,24,2,2023,2025-12-05 08:30:00,1,86,86254,1,1,1,7,D729,46.391086,0.85134697
202300006334,10,7,2023,2025-12-05 16:15:00,1,69,69091,2,1,1,3,Place Port Du Bief,45.58073,4.77872
202300006335,11,7,2023,2025-12-05 18:50:00,1,67,67482,2,8,1,6,Colmar (Avenue De),48.5533,7.74434
202300006336,25,11,2023,2025-12-05 15:07:00,1,75,75113,2,2,1,3,Rue De Tolbiac,48.825989,2.35365
202300006337,23,3,2023,2025-12-05 22:20:00,3,14,14475,1,1,3,6,A84,49.11841019,-0.5780297
202300006338,5,6,2023,2025-12-05 09:55:00,1,77,77255,1,8,1,3,Vc Gare  (Avenue De La ),48.50945,2.67944
202300006339,8,4,2023,2025-12-05 10:00:00,1,74,74210,1,2,1,3,D35_,46.297122,6.453186
202300006340,11,7,2023,2025-12-05 07:30:00,1,67,67204,2,6,7,3,Stade (Rue Du),48.6264,7.7697
202300006341,23,3,2023,2025-12-05 15:30:00,1,80,80792,1,4,1,1,6 Rue Du Chateau D?Eau,50.071321,2.331352
202300006342,7,12,2023,2025-12-05 14:40:00,1,74,74012,2,7,1,6,Marches (Place Des),46.1913,6.2356
202300006343,6,6,2023,2025-12-05 07:30:00,1,77,77014,2,1,1,3,Gare (Place De La),48.4159,2.72571
202300006344,25,11,2023,2025-12-05 11:36:00,1,75,75113,2,5,1,3,Rue Bobillot,48.825811,2.350362
202300006345,24,3,2023,2025-12-05 13:26:00,1,71,71585,1,1,2,6,D19,46.842864,4.852653
202300006346,10,7,2023,2025-12-05 18:55:00,1,67,67482,2,1,1,3,Londres (Rue De),48.5785,7.77308
202300006347,6,6,2023,2025-12-05 23:02:00,5,76,76540,2,2,1,1,Rue Henri Dunant,49.46076,1.13549
202300006348,8,7,2023,2025-12-05 07:42:00,1,66,66136,2,1,1,2,Adresse_Inconnue,42.66218,2.92157
202300006349,14,3,2023,2025-12-05 21:15:00,3,89,89074,2,1,1,3,10 Rue Du Vau,48.31733,3.13192
202300006350,25,11,2023,2025-12-05 02:00:00,5,75,75112,2,4,1,1,Avenue Du Tremblay,48.834062,2.454936
202300006351,26,10,2023,2025-12-05 19:15:00,5,50,50341,2,3,1,3,D974,49.487712,-1.381413
202300006352,4,6,2023,2025-12-05 11:45:00,1,76,76540,2,1,1,2,Route De Neufchatel,49.4526,1.09977
202300006353,7,7,2023,2025-12-05 09:28:00,1,66,66136,2,3,1,3,Adresse_Inconnue,42.69116,2.88189
202300006354,24,11,2023,2025-12-05 17:50:00,5,75,75110,2,2,1,6,Rue Du Faubourg Saint Martin,48.871763,2.357184
202300006355,10,7,2023,2025-12-05 06:10:00,2,64,64483,2,3,1,2,Rd810,43.4017,-1.63696
202300006356,29,11,2023,2025-12-05 11:40:00,1,971,97118,1,1,1,2,N1,16.178037,-61.594934
202300006357,5,6,2023,2025-12-05 18:05:00,1,76,76351,2,4,1,2,Auguste Blanqui (Pont),49.50047,0.16248
202300006358,24,3,2023,2025-12-05 05:15:00,3,68,68291,1,1,2,6,D8,47.843579,7.477398
202300006359,11,7,2023,2025-12-05 22:25:00,5,64,64102,2,6,2,3,Compagnet (Giratoire De),43.46041,-1.49551
202300006360,24,11,2023,2025-12-05 22:10:00,5,75,75110,2,3,1,4,Rue La Fayette,48.880616,2.361999
202300006361,23,3,2023,2025-12-05 15:17:00,1,25,25532,1,1,8,6,Rn57,47.206392,6.123376
202300006362,5,6,2023,2025-12-05 18:30:00,1,76,76351,2,3,1,6,Pierre Farcis,49.51712,0.09783
202300006363,31,1,2023,2025-12-05 13:50:00,1,64,64284,2,2,1,3,Vallees Des,43.29298,-0.38668
202300006364,24,3,2023,2025-12-05 00:59:00,3,29,29170,1,1,2,6,Route De Pont L'Abbe,47.945611,-4.171841
202300006365,11,7,2023,2025-12-05 20:43:00,1,64,64102,2,1,1,6,Sala (Quai Amiral Antoine),43.49559,-1.47149
202300006366,24,11,2023,2025-12-05 21:50:00,5,75,75104,2,1,1,2,Quai Henri Iv,48.847725,2.36432
202300006367,3,6,2023,2025-12-05 02:50:00,5,76,76351,2,1,1,2,Republique (Cours De La),49.49123,0.12111
202300006368,22,3,2023,2025-12-05 17:30:00,2,38,38547,1,1,1,7,Avenue Des Papeteries,45.241045,5.895587
202300006369,10,7,2023,2025-12-05 19:30:00,1,63,63300,1,3,1,3,Rd224 /Chemin De Mariol,45.88876,3.16372
202300006370,2,6,2023,2025-12-05 15:35:00,1,76,76351,2,1,1,7,Jules Lecesne (Rue),49.49265133,0.11739492
202300006371,25,11,2023,2025-12-05 12:40:00,1,75,75103,2,4,1,6,Rue Saint Martin,48.869004,2.35562
202300006372,24,3,2023,2025-12-05 08:00:00,1,3,3103,2,1,2,6,21 Place De La Republique,46.350534,3.793888
202300006373,20,10,2023,2025-12-05 11:35:00,1,38,38318,1,1,1,5,Laverlochere(Rue),45.52083,4.92007
202300006374,24,3,2023,2025-12-05 03:30:00,3,1,1230,1,1,1,6,D975,46.436633,5.093172
202300006375,4,7,2023,2025-12-05 22:30:00,3,59,59369,1,1,2,6,Rd 40,50.307549,3.470316
202300006376,2,6,2023,2025-12-05 20:20:00,2,76,76351,2,2,1,4,Leningrad (Bd De),49.49707,0.15077
202300006377,25,11,2023,2025-12-05 19:45:00,5,94,94080,2,2,1,3,Rue De Fontenay,48.84822,2.4371
202300006378,20,1,2023,2025-12-05 02:00:00,3,58,58278,1,1,1,6,D13,46.967331,3.17507
202300006379,3,10,2023,2025-12-05 10:22:00,1,38,38544,2,1,7,6,Jean Moulin(Rue),45.51032,4.8564
202300006380,10,7,2023,2025-12-05 17:10:00,1,59,59279,2,1,1,1,Lemire (Rue De L'Abbe),50.78547,3.1399
202300006381,25,11,2023,2025-12-05 14:45:00,1,94,94042,2,1,1,3,Rue Charles Pathe,48.820013,2.471466
202300006382,24,3,2023,2025-12-05 07:45:00,2,66,66098,2,1,1,1,20 Rue De La Quillane,42.527784,2.122679
202300006383,3,6,2023,2025-12-05 23:30:00,5,76,76447,2,1,1,2,Marechal Foch,49.5327,0.18912
202300006384,23,9,2023,2025-12-05 10:20:00,1,38,38544,1,1,1,5,Cd 41,45.52173,4.90531
202300006385,24,11,2023,2025-12-05 18:20:00,5,94,94046,2,1,1,6,Rue De Mesly,48.797144,2.440909
202300006386,10,7,2023,2025-12-05 07:04:00,1,59,59512,2,2,1,3,Armentieres (Boulevard D'),50.70015,3.16132
202300006387,23,3,2023,2025-12-05 15:30:00,1,54,54135,1,1,2,6,D4,48.529968,5.884976
202300006388,30,5,2023,2025-12-05 14:30:00,1,76,76351,2,2,1,6,Gustave Brindeau (Rue),49.49354,0.13901
202300006389,20,9,2023,2025-12-05 18:03:00,2,38,38544,2,3,1,3,Jean Moulin(Rue),45.50818,4.85966
202300006390,11,7,2023,2025-12-05 08:00:00,1,59,59328,2,6,1,3,Alliance Nord Ouest Bvd De L,50.65650308,3.014642
202300006391,3,6,2023,2025-12-05 20:30:00,1,76,76351,2,9,1,3,Verdun (Rue De),49.50223,0.15802
202300006392,24,3,2023,2025-12-05 15:50:00,1,54,54312,1,1,1,6,Rd 910,48.924188,6.096158
202300006393,25,11,2023,2025-12-05 09:55:00,1,94,94041,2,5,1,3,Boulevard Paul Vaillant Couturier,48.81662938,2.39962703
202300006394,16,9,2023,2025-12-05 15:53:00,1,38,38544,2,1,8,6,Brillier(Cour),45.52165,4.87314
202300006395,6,7,2023,2025-12-05 16:00:00,1,59,59350,2,7,1,2,Avenue Le Corbusier,50.63761,3.0715
202300006396,5,6,2023,2025-12-05 20:30:00,1,74,74298,2,1,1,6,Mairie (Place De La ),46.174487,6.257501
202300006397,4,8,2023,2025-12-05 18:05:00,2,38,38544,2,1,1,6,St Marcel(Montee),45.5188,4.88
202300006398,24,3,2023,2025-12-05 14:00:00,1,50,50453,1,2,8,3,Rue Des Etangs,48.817262,-1.196651
202300006399,10,7,2023,2025-12-05 16:05:00,1,59,59476,2,1,7,3,Paris (Route De),50.15662221,3.22314084
202300006400,4,12,2023,2025-12-05 08:38:00,1,74,74305,2,1,1,6,Voirons (Rue Des),46.20104,6.26195
202300006401,25,11,2023,2025-12-05 00:10:00,5,94,94038,2,3,1,3,Avenue Henri Barbusse,48.78334,2.32805
202300006402,21,3,2023,2025-12-05 08:30:00,1,60,60686,1,1,1,2,D92,49.20502227,2.38538303
202300006403,5,6,2023,2025-12-05 22:12:00,5,72,72181,2,1,1,7,Negrier General (Bd) Ndeg Imp,48.0102,0.20691
202300006404,11,7,2023,2025-12-05 07:30:00,1,51,51454,2,1,7,6,Witry (Route De),49.2651,4.06036
202300006405,25,11,2023,2025-12-05 03:55:00,5,94,94077,2,1,1,6,Avenue De La Republique,48.73111364,2.42209241
202300006406,3,12,2023,2025-12-05 10:10:00,1,74,74010,2,1,1,6,Fins (Secteur 410),45.91936,6.12117
202300006407,25,11,2023,2025-12-05 03:30:00,5,94,94018,2,1,1,6,Av Du Mal De Lattre De Tassigny,48.822919,2.419804
202300006408,5,6,2023,2025-12-05 15:10:00,1,72,72181,2,9,1,3,Angeviniere (Rue De L'),47.98306,0.17338
202300006409,10,7,2023,2025-12-05 19:52:00,1,51,51454,2,1,1,2,Chalons (Route De) Rn 44,49.236193,4.071901
202300006410,3,6,2023,2025-12-05 16:35:00,1,72,72181,1,1,1,2,Patton General Rte St-Aubin A Av Rubilla,48.03102741,0.17897844
202300006411,24,3,2023,2025-12-05 06:20:00,3,64,64211,1,2,1,6,42,43.289741,-0.129679
202300006412,25,11,2023,2025-12-05 06:40:00,5,93,93059,2,1,1,1,Avenue Laennec,48.962202,2.371651
202300006413,8,7,2023,2025-12-05 18:33:00,1,49,49007,2,3,1,3,Aragon Avenue,47.47255,-0.56585
202300006414,5,6,2023,2025-12-05 12:40:00,1,71,71076,2,1,1,3,Richard (Rue Antonin),46.7937,4.8375
202300006415,30,11,2023,2025-12-05 18:20:00,5,56,56260,2,2,1,3,Resistance(Bld De La) 4 A Ddass,47.64623,-2.78005
202300006416,6,7,2023,2025-12-05 19:50:00,1,48,48095,2,1,1,7,Gorges Du Tarn (Avenue Des),44.511676,3.471113
202300006417,24,11,2023,2025-12-05 21:40:00,5,93,93051,2,3,1,6,Rue De La Republique / Rue De La Comedie,48.8462,2.55217
202300006418,14,3,2023,2025-12-05 15:15:00,1,36,36064,1,2,1,3,Adresse_Inconnue,46.829616,1.811795
202300006419,6,6,2023,2025-12-05 19:50:00,1,69,69282,2,1,1,6,8 Rue Du 8 Mai 1945,45.76986,5.00171
202300006420,24,3,2023,2025-12-05 02:58:00,3,7,7204,2,1,1,6,Lotissement Lichessol,44.983621,4.428874
202300006421,11,7,2023,2025-12-05 19:00:00,1,44,44109,2,1,1,1,14 Rue De La Bottiere,47.237981,-1.5223467
202300006422,24,11,2023,2025-12-05 16:45:00,2,93,93033,2,7,1,3,Place Churchill / Rue Henri Guerin,48.85908,2.58139
202300006423,23,3,2023,2025-12-05 22:30:00,3,24,24526,1,1,2,7,Bois Quatre Routes Du Breu,45.377924,1.181647
202300006424,6,6,2023,2025-12-05 16:24:00,1,69,69266,2,6,1,3,Cours Andre Philip,45.77237035,4.86590666
202300006425,20,10,2023,2025-12-05 06:35:00,5,94,94028,2,1,2,6,Place Des Alizes,48.77024,2.46137
202300006426,10,7,2023,2025-12-05 15:20:00,1,42,42207,2,2,1,3,Rue Victor Hugo,45.47435,4.51421
202300006427,25,11,2023,2025-12-05 18:30:00,5,93,93032,2,1,8,2,Rue Contant,48.88668,2.53306
202300006428,18,1,2023,2025-12-05 01:10:00,3,85,85273,1,9,8,6,Rd948,46.88887,-1.97546
202300006429,6,7,2023,2025-12-05 11:16:00,1,83,83019,1,1,1,7,Adresse_Inconnue,43.15038105,6.30673447
202300006430,27,12,2023,2025-12-05 15:55:00,1,65,65083,2,1,1,7,Adresse_Inconnue,43.1651224,0.1101704
202300006431,25,11,2023,2025-12-05 19:35:00,5,93,93031,2,3,1,3,Avenue De La Republique / Rue Henri Dunant,48.95163,2.32086
202300006432,19,3,2023,2025-12-05 15:30:00,1,17,17466,1,9,1,3,N11,46.213887,-0.990309
202300006433,5,6,2023,2025-12-05 08:15:00,1,67,67482,2,3,1,3,Leblois (Boulevard),48.5822,7.7714
202300006434,10,7,2023,2025-12-05 16:45:00,1,37,37208,2,1,1,1,Grand Cour (Rue De),47.36296,0.71552
202300006435,16,9,2023,2025-12-05 14:15:00,-1,65,65239,1,1,-1,7,Rd 26 Route Du Col De Coupe,43.03030481,0.34006161
202300006436,22,3,2023,2025-12-05 12:10:00,1,87,87041,1,1,1,1,D44,46.147298,1.290572
202300006437,4,6,2023,2025-12-05 14:30:00,1,67,67482,2,1,1,3,Chemin De Fer (Rue Du),48.58693,7.71064
202300006438,25,11,2023,2025-12-05 14:25:00,1,93,93029,2,1,1,2,Avenue Henri Barbusse,48.919543,2.450845
202300006439,18,1,2023,2025-12-05 06:35:00,3,35,35210,1,1,8,6,Adresse_Inconnue,48.143454,-1.778883
202300006440,10,10,2023,2025-12-05 08:00:00,1,69,69264,2,2,1,5,Rue Loyson De Chastelus,45.98661,4.72497
202300006441,4,6,2023,2025-12-05 00:45:00,5,67,67482,2,1,1,2,Doubs (Rue Du),48.55534,7.73354
202300006442,25,11,2023,2025-12-05 08:20:00,1,93,93029,2,1,1,3,Avenue Henri Barbusse,48.9228,2.45761
202300006443,11,7,2023,2025-12-05 17:10:00,1,35,35238,1,1,1,4,Rn136,48.14214,-1.65598
202300006444,24,3,2023,2025-12-05 17:40:00,2,6,6067,1,1,1,1,Tunnel De La Coupiere - A8 - Pk 216.300,43.77757,7.449052
202300006445,24,10,2023,2025-12-05 09:30:00,1,75,75107,2,4,8,3,Rue Du Bac,48.856615,2.326864
202300006446,4,6,2023,2025-12-05 19:20:00,1,67,67482,2,3,1,3,La Fontaine (Boulevard),48.58882,7.70648
202300006447,25,11,2023,2025-12-05 19:50:00,5,93,93030,2,1,1,2,Avenue Du General De Gaulle,48.94796,2.414
202300006448,24,3,2023,2025-12-05 13:00:00,1,69,69026,1,1,8,1,14 Route De Fontmartin,45.894728,4.595525
202300006449,11,7,2023,2025-12-05 19:35:00,2,33,33192,2,2,1,1,Rue Du Marais,44.77469,-0.5972
202300006450,30,12,2023,2025-12-05 23:25:00,3,49,49301,1,1,1,1,D158,47.09133959,-1.03498469
202300006451,2,6,2023,2025-12-05 08:21:00,1,66,66172,1,1,1,2,Adresse_Inconnue,42.70068,2.86473
202300006452,25,11,2023,2025-12-05 10:45:00,1,93,93008,2,2,1,6,Avenue Louis Aragon / Rue De La Paix,48.91491,2.4409
202300006453,28,2,2023,2025-12-05 08:27:00,1,76,76484,1,1,1,2,A13,49.341237,1.065985
202300006454,11,7,2023,2025-12-05 10:35:00,1,33,33550,2,2,1,2,Avenue Des Pyrenees,44.76222,-0.55885
202300006455,29,10,2023,2025-12-05 14:00:00,1,14,14715,2,1,1,6,19 Route De Honfleur,49.377788,0.097028
202300006456,21,3,2023,2025-12-05 17:50:00,1,971,97125,2,1,1,6,Avenue De L'Europe,16.274237,-61.267898
202300006457,1,6,2023,2025-12-05 17:07:00,1,66,66136,2,1,1,2,Adresse_Inconnue,42.70192,2.89572
202300006458,24,11,2023,2025-12-05 17:45:00,5,93,93005,2,2,1,3,Route De Mitry / Allee Du Docteur Claude Bernard,48.950341,2.523214
202300006459,25,11,2023,2025-12-05 05:55:00,5,84,84035,1,1,1,2,Dunant (Avenue Henry),43.81511,5.04447
202300006460,10,7,2023,2025-12-05 20:27:00,2,33,33522,2,3,7,3,Rue Francois Rabelais,44.79711424,-0.59859931
202300006461,1,6,2023,2025-12-05 10:33:00,1,66,66136,2,1,1,6,Adresse_Inconnue,42.69424,2.88971
202300006462,19,3,2023,2025-12-05 16:10:00,1,978,97801,2,1,1,3,Rue Low Town Saint James,18.063154,-63.086763
202300006463,25,11,2023,2025-12-05 03:56:00,5,92,92040,2,1,1,7,Victor Cresson (Avenue) Du 02 Au 40,48.82245159,2.26729095
202300006464,27,12,2023,2025-12-05 13:40:00,1,38,38301,1,2,7,3,D1075,44.797229,5.63574
202300006465,6,6,2023,2025-12-05 18:25:00,1,64,64189,2,1,7,3,General De Gaulle (Pont Du),43.38499,-1.66395
202300006466,11,7,2023,2025-12-05 10:25:00,1,31,31555,2,1,1,6,Bd Gabriel Koenigs,43.595574,1.419573
202300006467,25,11,2023,2025-12-05 12:25:00,1,92,92012,2,1,1,1,Pierre Grenier (Avenue),48.83153,2.25272
202300006468,19,1,2023,2025-12-05 18:10:00,5,77,77440,2,2,1,6,D603,48.947689,3.080771
202300006469,11,6,2023,2025-12-05 23:10:00,3,14,14701,1,1,1,6,488 Chemin Du Solier,49.33852,0.06075
202300006470,10,7,2023,2025-12-05 11:15:00,1,30,30007,2,1,1,6,Avenue Du Docteur Jean Goubert,44.14098,4.08987
202300006471,14,3,2023,2025-12-05 17:00:00,1,34,34299,1,1,2,2,D37E11,43.284204,3.283088
202300006472,26,11,2023,2025-12-05 15:30:00,1,9,9214,2,1,8,6,Chemin Du Bord Du Lez,42.964519,1.102758
202300006473,3,6,2023,2025-12-05 12:55:00,1,64,64102,2,1,1,1,Plantoun (Avenue),43.49563,-1.4566
202300006474,3,6,2023,2025-12-05 05:30:00,2,14,14079,1,1,1,6,840 Route De Beaumont,49.315304,0.0206
202300006475,23,3,2023,2025-12-05 07:45:00,1,25,25505,1,1,2,3,D25 Pr20,47.487571,6.345763
202300006476,5,6,2023,2025-12-05 07:34:00,1,60,60057,2,9,1,6,Boulevard Saint - Andre,49.43210046,2.08998692
202300006477,26,11,2023,2025-12-05 18:53:00,5,30,30334,2,1,1,6,8 Avenue Des Cevennes,44.015494,4.412672
202300006478,7,7,2023,2025-12-05 19:25:00,1,30,30007,1,3,1,3,Montee Des Cypres,44.099855,4.081161
202300006479,28,5,2023,2025-12-05 04:15:00,5,14,14220,2,1,1,3,84 Avenue De La Republique,49.35908,0.07884
202300006480,20,1,2023,2025-12-05 16:35:00,1,68,68323,1,1,1,2,Lieu Dit Les Sources D'Appoline,47.681382,7.370206
202300006481,5,6,2023,2025-12-05 16:25:00,1,59,59508,2,1,1,6,Latte (Rue De La),50.75207442,3.12725723
202300006482,26,11,2023,2025-12-05 06:19:00,3,30,30030,1,1,1,1,D981,44.060453,4.262213
202300006483,11,7,2023,2025-12-05 08:45:00,1,29,29232,1,1,2,5,Avenue De Ty Bos,47.969308,-4.06323
202300006484,24,3,2023,2025-12-05 17:10:00,1,73,73303,1,1,2,1,D1508,45.766434,6.365107
202300006485,28,11,2023,2025-12-05 17:40:00,5,74,74298,2,6,1,3,Europe (Avenue De L'),46.17716,6.24429
202300006486,6,6,2023,2025-12-05 23:15:00,3,59,59527,2,1,1,1,Faure Felix Rue,50.66761,3.05703
202300006487,11,7,2023,2025-12-05 13:00:00,1,28,28110,2,1,1,1,Du Gord,48.4206,1.48874
202300006488,25,11,2023,2025-12-05 23:10:00,3,62,62583,1,9,1,7,Rue De Grincourt,50.168522,2.471173
202300006489,24,3,2023,2025-12-05 05:00:00,5,73,73213,2,3,2,6,D1006 Route De Challes,45.571027,5.952466
202300006490,7,9,2023,2025-12-05 10:59:00,1,93,93013,2,2,1,6,Avenue De La Division Leclerc / Avenue John Fitzgerald Kennedy,48.93771745,2.42860469
202300006491,11,7,2023,2025-12-05 13:40:00,1,27,27701,1,1,1,2,Rd6015,49.25224494,1.18420601
202300006492,5,6,2023,2025-12-05 18:00:00,1,59,59350,2,2,1,1,Canonniers Rue Des 1:17-26:44,50.64002638,3.06931615
202300006493,23,3,2023,2025-12-05 21:40:00,5,69,69121,2,9,1,6,Route Du Pont De Dorieux,45.855758,4.678293
202300006494,25,11,2023,2025-12-05 19:50:00,3,77,77162,1,1,1,1,D204,48.874641,3.194538
202300006495,22,3,2023,2025-12-05 17:50:00,1,9,9066,1,1,1,6,Hameau De Cazals,42.938429,1.521851
202300006496,11,7,2023,2025-12-05 17:25:00,1,25,25462,2,1,1,6,Salengro Roger Place,46.90371,6.35231
202300006497,5,6,2023,2025-12-05 13:00:00,1,59,59350,2,1,1,3,Turenne Rue,50.628316,3.037495
202300006498,18,9,2023,2025-12-05 12:00:00,1,29,29011,1,2,1,3,D26,48.43454417,-4.5011574
202300006499,25,11,2023,2025-12-05 16:10:00,1,56,56205,1,3,1,2,"D20, La Vache Enragee",47.557979,-2.695481
202300006500,10,7,2023,2025-12-05 13:00:00,1,18,18033,1,1,1,3,Rue Nicephore Niepce,47.044514,2.345266
202300006501,22,3,2023,2025-12-05 16:30:00,1,17,17095,1,3,8,3,D156E1,45.29940447,-0.26218995
202300006502,2,6,2023,2025-12-05 09:30:00,1,59,59008,2,1,1,1,Gaspard (Rue),50.337111,3.246365
202300006503,18,12,2023,2025-12-05 16:30:00,1,60,60612,2,1,2,6,Avenue De Compiegne,49.212058,2.593635
202300006504,5,6,2023,2025-12-05 06:24:00,1,57,57757,2,1,1,2,Nations (Avenue),49.362564,6.198339
202300006505,23,3,2023,2025-12-05 10:10:00,1,49,49021,2,7,1,6,Place Jeanne De Laval (Beaufort-En-Vallee),47.440131,-0.215982
202300006506,11,7,2023,2025-12-05 05:25:00,5,17,17461,2,6,1,7,Rond-Point De Beaulieu,45.661773,-1.060238
202300006507,24,3,2023,2025-12-05 05:15:00,3,56,56041,1,1,9,6,Pontic Mein,48.142301,-3.1114804
202300006508,5,6,2023,2025-12-05 23:20:00,5,57,57480,2,1,1,7,Canal (Rue Du ),49.10746,6.15998
202300006509,25,11,2023,2025-12-05 19:55:00,3,65,65033,1,1,5,6,Chemin De Lassere Lieu Dit Ball Trapp,43.07406942,0.0456487
202300006510,11,7,2023,2025-12-05 23:45:00,5,13,13214,2,1,1,6,Capitaine Geze (Boulevard),43.33146,5.37495
202300006511,23,3,2023,2025-12-05 18:00:00,1,62,62560,1,1,3,1,D231,50.822496,1.723834
202300006512,25,11,2023,2025-12-05 09:15:00,1,71,71263,2,1,8,7,Rue Des Cours Bethy,46.65848,5.158688
202300006513,7,11,2023,2025-12-05 08:20:00,1,13,13216,1,1,1,3,A55-Sens Martigues Vers Marseille,43.36923768,5.32375514
202300006514,1,6,2023,2025-12-05 14:27:00,1,57,57591,2,2,1,3,Gare (Rue De La),49.25632,6.09806
202300006515,23,3,2023,2025-12-05 09:35:00,1,59,59256,1,1,1,5,M145,50.575375,3.116899
202300006516,26,12,2023,2025-12-05 07:30:00,4,59,59507,1,1,2,7,Autoroute A1,50.61256598,3.08782339
202300006517,10,7,2023,2025-12-05 15:15:00,1,13,13047,2,1,1,3,Jean Jacques Prat Boulevard,43.50842,4.98756
202300006518,26,11,2023,2025-12-05 15:10:00,1,71,71359,1,1,1,3,D37 Route De Cuisery,46.541491,4.966625
202300006519,4,6,2023,2025-12-05 10:43:00,1,57,57019,2,1,1,6,Ferme (Rue De La Vieille),49.25929,6.13353
202300006520,26,9,2023,2025-12-05 18:30:00,1,14,14110,1,6,1,6,Route De Varaville,49.257764,-0.10348
202300006521,23,3,2023,2025-12-05 08:09:00,1,59,59071,2,2,2,5,Rue Nestor Longue Epee,50.48034,3.134639
202300006522,26,11,2023,2025-12-05 12:30:00,1,63,63368,1,1,1,7,Route De Billom,45.69819353,3.31012918
202300006523,11,7,2023,2025-12-05 23:00:00,3,13,13004,1,1,1,2,Vc 113 Dite De Palun Longue,43.66502593,4.57061023
202300006524,22,11,2023,2025-12-05 14:00:00,1,74,74256,2,1,1,6,Rue De Savoie,45.944883,6.630769
202300006525,25,11,2023,2025-12-05 16:40:00,1,63,63155,2,1,2,6,D997- Lieu Dit Le Pialoux,45.697604,3.435357
202300006526,5,6,2023,2025-12-05 15:35:00,1,57,57660,2,1,1,2,Nationale(Rue)Limite Forbach/Rue St Alic,49.197641,6.924769
202300006527,23,3,2023,2025-12-05 10:00:00,1,13,13211,1,1,1,2,A50-Sens Marseille Vers Aubagne,43.290203,5.448072
202300006528,10,7,2023,2025-12-05 22:05:00,5,9,9225,2,3,1,3,Toulouse Route De,43.12334,1.61082
202300006529,26,11,2023,2025-12-05 04:30:00,3,61,61081,1,1,1,6,D438,48.679152,0.207527
202300006530,6,6,2023,2025-12-05 10:15:00,1,56,56121,2,1,1,6,Scorff ( Bd Du ),47.76177,-3.36642
202300006531,17,11,2023,2025-12-05 15:45:00,1,74,74058,2,1,8,1,Route Des Frasses,46.288611,6.807618