num_acc,jour,mois,an,hrmn,lum,dep,com,agg,int,atm,col,adr,lat,long
202300006532,6,6,2023,2025-12-05 11:00:00,1,56,56121,2,1,1,6,Parking Du Supermarche Geant,47.73402,-3.38381
202300006533,14,11,2023,2025-12-05 00:26:00,5,74,74096,1,1,3,7,A41,46.016665,6.104279
202300006534,10,7,2023,2025-12-05 12:40:00,1,7,7316,2,1,1,2,Olivier De Serres (Avenue),44.88694,4.85134
202300006535,23,3,2023,2025-12-05 06:15:00,2,13,13026,1,1,1,2,A55-Sens Marseille Vers Martigues,43.392357,5.13105
202300006536,6,6,2023,2025-12-05 08:14:00,1,56,56121,2,1,1,6,Mareschal ( Rue Georges ),47.76386,-3.40093
202300006537,9,11,2023,2025-12-05 19:00:00,5,74,74242,2,1,2,2,22 Route D?Annecy,45.833884,6.163778
202300006538,26,11,2023,2025-12-05 12:09:00,1,42,42289,1,1,1,6,Route De Croizet-Sur-Gand,45.93862945,4.2139712
202300006539,11,7,2023,2025-12-05 16:35:00,1,6,6088,2,1,1,3,Voie Rapide,43.692004,7.242551
202300006540,2,11,2023,2025-12-05 19:00:00,3,74,74042,1,1,2,1,Route De Geneve,46.087091,6.389751
202300006541,5,6,2023,2025-12-05 08:20:00,2,56,56121,2,2,7,3,Guemene (Rue  De ),47.74603,-3.35633
202300006542,2,6,2023,2025-12-05 18:34:00,1,56,56121,2,1,1,7,Bois-Du-Chateau (Rue  Du ),47.76409,-3.37916
202300006543,27,10,2023,2025-12-05 20:00:00,3,74,74094,1,9,2,2,Route Des Chasseurs,46.20477,6.287098
202300006544,10,7,2023,2025-12-05 16:45:00,1,6,6149,2,1,1,4,Penetrante Du Paillon,43.73378,7.29686
202300006545,5,6,2023,2025-12-05 22:39:00,5,54,54265,2,6,1,3,Allee De La Geneliere,48.637951,6.184706
202300006546,16,6,2023,2025-12-05 09:40:00,1,5,5061,2,1,1,3,Emile Fabre (Cours  ),44.56187,6.07764
202300006547,22,3,2023,2025-12-05 15:40:00,1,13,13071,1,1,1,2,A55 - Sens Marseille Vers Martigues,43.38036978,5.31581691
202300006548,18,10,2023,2025-12-05 16:00:00,1,74,74269,1,3,1,3,D992,45.976446,5.838595
202300006549,5,6,2023,2025-12-05 15:30:00,1,54,54274,2,2,1,3,Malgrange (Avenue De La),48.66536779,6.19746655
202300006550,5,7,2023,2025-12-05 12:15:00,1,5,5061,1,1,1,3,Veynes ( Route De ),44.54813116,6.03806686
202300006551,25,11,2023,2025-12-05 21:10:00,3,47,47208,1,1,1,1,D933,44.225766,0.043795
202300006552,5,6,2023,2025-12-05 12:05:00,1,54,54339,2,1,1,6,Pasteur (Rue,48.709119,6.193446
202300006553,12,6,2023,2025-12-05 08:00:00,1,5,5061,1,1,1,2,Rn85,44.50913,6.04574
202300006554,15,10,2023,2025-12-05 03:40:00,3,74,74233,1,1,1,6,A41,45.807657,5.982368
202300006555,6,6,2023,2025-12-05 09:10:00,1,54,54261,2,3,1,3,Avenue De La Concorde,49.52343,5.79648
202300006556,12,10,2023,2025-12-05 22:15:00,3,74,74212,2,1,1,7,749 Route De Termine,46.026522,6.394486
202300006557,11,7,2023,2025-12-05 17:30:00,1,3,3185,2,9,1,1,Semard ( Rue Pierre ),46.33171,2.60067
202300006558,23,3,2023,2025-12-05 17:36:00,1,69,69382,1,1,1,3,Route De Metropole 7,45.74736,4.82965
202300006559,2,6,2023,2025-12-05 13:15:00,1,52,52534,1,1,1,1,Clos Saint Jean (Chemin Du),48.6562,4.91748
202300006560,3,12,2023,2025-12-05 17:16:00,5,2,2691,2,1,2,6,58 Rue D'Isle,49.84369,3.29216
202300006561,10,7,2023,2025-12-05 13:10:00,1,75,75106,2,2,1,6,Rue De Sevres,48.850235,2.324156
202300006562,15,10,2023,2025-12-05 18:20:00,1,51,51660,2,2,1,3,Rue Du 08 Mai 1918 Et Rue Des Marais,49.348056,4.219592
202300006563,5,6,2023,2025-12-05 20:45:00,1,51,51454,2,1,1,6,Barthou (Boulevard Louis) Impair,49.2341,4.03013
202300006564,21,3,2023,2025-12-05 22:10:00,3,33,33162,1,1,1,6,Rocade A 630,44.86419369,-0.65452337
202300006565,25,11,2023,2025-12-05 14:59:00,1,86,86235,1,1,1,5,D741,46.39843,0.395881
202300006566,4,6,2023,2025-12-05 17:20:00,1,51,51454,2,1,1,1,Adriatique  (Rue De L'),49.24998,4.06341
202300006567,20,10,2023,2025-12-05 15:49:00,1,45,45208,2,1,1,3,95 Rue Andre Coquillet,47.9891104,2.73239994
202300006568,11,7,2023,2025-12-05 16:21:00,1,75,75118,2,7,1,3,Place Albert Kahn,48.895643,2.346335
202300006569,26,11,2023,2025-12-05 09:00:00,2,31,31430,1,1,5,6,Route De Gariouere,43.105092,0.594544
202300006570,19,3,2023,2025-12-05 04:10:00,3,59,59143,1,1,1,6,Autoroute A25,50.65298,2.91571
202300006571,25,11,2023,2025-12-05 21:30:00,3,1,1245,1,1,2,6,Rd 979,46.164332,5.370142
202300006572,4,6,2023,2025-12-05 13:45:00,1,51,51454,2,2,1,3,Sfax (Rue De),49.26795,4.05403
202300006573,11,7,2023,2025-12-05 19:00:00,1,75,75118,2,1,1,6,Rue Jean Henri Fabre,48.901229,2.342683
202300006574,29,7,2023,2025-12-05 08:15:00,1,35,35196,1,2,1,3,Adresse_Inconnue,48.088168,-1.799312
202300006575,3,6,2023,2025-12-05 20:10:00,1,51,51454,2,1,1,2,Oseille (Rue),49.24541,4.04141
202300006576,23,3,2023,2025-12-05 17:45:00,1,91,91689,1,1,1,4,Autoroute A6B,48.74166,2.32203
202300006577,11,7,2023,2025-12-05 11:00:00,1,75,75118,2,1,1,2,Rue De La Barriere Blanche,48.889466,2.330392
202300006578,28,9,2023,2025-12-05 09:40:00,1,22,22113,2,1,1,2,Viarmes (Quai De),48.73198,-3.46494
202300006579,24,11,2023,2025-12-05 17:30:00,2,26,26345,1,1,1,3,Route De Ste-Cecile,44.278392,4.861622
202300006580,3,6,2023,2025-12-05 18:20:00,1,51,51454,2,2,1,3,Danton (Rue),49.27109,4.02485
202300006581,10,7,2023,2025-12-05 21:45:00,5,75,75118,2,3,1,6,Rue Marx Dormoy,48.886835,2.359629
202300006582,23,3,2023,2025-12-05 13:30:00,1,91,91340,1,1,1,4,Autoroute A6,48.60277,2.438
202300006583,10,7,2023,2025-12-05 13:00:00,1,75,75116,2,1,1,6,Avenue De La Grande Armee,48.874458,2.292283
202300006584,23,3,2023,2025-12-05 09:15:00,1,94,94076,1,1,1,3,A6B,48.79309594,2.34508279
202300006585,23,3,2023,2025-12-05 07:55:00,2,91,91064,1,1,8,7,Rn 118,48.75018,2.22139
202300006586,5,6,2023,2025-12-05 10:35:00,1,49,49007,2,1,1,5,Atlantique  Avenue De L',47.4679,-0.56558
202300006587,25,11,2023,2025-12-05 21:30:00,3,58,58245,1,1,1,6,Rd979,46.757769,3.638062
202300006588,27,11,2023,2025-12-05 21:52:00,5,74,74012,2,2,2,6,Amoureux (Rue Des),46.1904,6.2345
202300006589,23,3,2023,2025-12-05 06:25:00,3,91,91286,1,1,2,2,Autoroute A6,48.64795,2.38654
202300006590,25,11,2023,2025-12-05 22:50:00,4,14,14174,2,1,1,6,31 Rue Du Pont Cel,48.85681,-0.55726
202300006591,26,1,2023,2025-12-05 17:15:00,2,91,91479,1,1,1,2,Rte De Fontainebleau,48.72093,2.37066
202300006592,11,7,2023,2025-12-05 10:50:00,1,75,75115,2,3,1,3,Rue De La Convention,48.845659,2.277874
202300006593,23,3,2023,2025-12-05 05:00:00,3,78,78423,1,1,1,6,A12 Y,48.784506,2.034096
202300006594,25,11,2023,2025-12-05 18:35:00,3,18,18103,1,1,1,7,La Plaisance,47.104777,1.881602
202300006595,30,7,2023,2025-12-05 06:00:00,2,75,75116,2,5,1,2,Allee De Longchamp,48.86369,2.240058
202300006596,26,11,2023,2025-12-05 18:15:00,3,18,18224,1,1,1,7,Le Grand Briou,47.168738,2.929182
202300006597,22,3,2023,2025-12-05 17:50:00,1,92,92025,1,1,1,5,A86,48.92648547,2.23549596
202300006598,5,6,2023,2025-12-05 12:45:00,1,49,49007,1,1,1,2,Atlantique  Avenue De L',47.4693,-0.6004
202300006599,25,11,2023,2025-12-05 10:30:00,1,7,7143,2,1,1,1,Rue D?Arcoules,45.36331,4.754559
202300006600,27,1,2023,2025-12-05 01:40:00,5,59,59512,2,9,1,2,Fourmies (Boulevard De),50.67291,3.18662
202300006601,21,3,2023,2025-12-05 09:45:00,1,78,78007,1,1,1,4,A13W,48.89827,2.00576
202300006602,7,12,2023,2025-12-05 18:35:00,5,40,40279,2,1,2,6,Saint-Vincent De Paul (Bd),43.7291,-1.0389
202300006603,26,11,2023,2025-12-05 02:05:00,3,63,63035,1,1,1,6,Autoroute A 71 Pr 365+300,45.968013,3.099968
202300006604,23,3,2023,2025-12-05 17:20:00,1,93,93066,1,1,1,4,Autoroute A1,48.90719,2.35851
202300006605,11,7,2023,2025-12-05 13:50:00,1,75,75109,2,2,1,6,Rue Le Peletier,48.875887,2.339857
202300006606,23,3,2023,2025-12-05 20:50:00,5,94,94028,2,3,2,3,Avenue Pierre Brossolette,48.78937,2.46545
202300006607,25,11,2023,2025-12-05 23:10:00,3,63,63072,1,1,2,7,A89 - Pk 447+500 - Sens Lyon/Clermont-Ferrand,45.86955721,3.70821287
202300006608,23,3,2023,2025-12-05 08:30:00,1,93,93008,1,1,1,3,Autoroute A86,48.91000889,2.44512121
202300006609,24,10,2023,2025-12-05 18:20:00,1,73,73225,2,1,1,1,D12 Route Des Goulettes,45.537571,5.950183
202300006610,26,11,2023,2025-12-05 04:15:00,3,971,97112,1,1,1,6,Ducos,15.88977,-61.304129
202300006611,5,6,2023,2025-12-05 06:55:00,1,49,49007,2,6,1,3,De Lattre De Tassigny,47.44824,-0.5386
202300006612,22,3,2023,2025-12-05 09:00:00,1,93,93007,1,1,2,3,Autoroute A1,48.95422,2.45588
202300006613,20,2,2023,2025-12-05 15:25:00,1,81,81311,2,1,1,7,Adresse_Inconnue,43.74950504,2.19757944
202300006614,11,7,2023,2025-12-05 00:15:00,5,75,75109,2,2,1,6,Boulevard Des Capucines,48.869926,2.328001
202300006615,21,3,2023,2025-12-05 22:00:00,3,95,95527,1,1,1,4,A1,48.99732912,2.5185583
202300006616,25,11,2023,2025-12-05 18:00:00,5,971,97115,1,2,1,3,Route Nationale 2,16.267666,-61.649641
202300006617,4,6,2023,2025-12-05 18:10:00,1,49,49246,2,6,1,3,Chauvin Avenue,47.43347,-0.52971
202300006618,11,7,2023,2025-12-05 00:51:00,5,75,75107,2,3,1,6,Avenue De La Bourdonnais,48.855791,2.302996
202300006619,25,11,2023,2025-12-05 22:32:00,3,977,97701,2,6,1,1,"Rt 209, Lieu Dit Saint Jean",17.91723412,-62.85441399
202300006620,22,3,2023,2025-12-05 07:00:00,1,94,94015,1,1,1,2,A4,48.82945356,2.52827231
202300006621,5,6,2023,2025-12-05 10:36:00,1,47,47201,2,3,1,2,Benazie (Rue De La),44.19396,0.60707
202300006622,11,7,2023,2025-12-05 15:10:00,1,75,75104,2,2,1,6,Rue Saint Antoine,48.853742,2.365679
202300006623,5,6,2023,2025-12-05 07:15:00,1,44,44109,2,1,7,6,Route De Paris,47.26023,-1.49927
202300006624,25,11,2023,2025-12-05 10:35:00,1,977,97701,2,1,1,7,Route De Colombier,17.911255,-62.85244
202300006625,22,3,2023,2025-12-05 10:20:00,1,54,54528,2,3,1,3,Rue De Verdun,48.6894,5.9006
202300006626,11,7,2023,2025-12-05 09:45:00,1,75,75101,2,2,1,2,Rue De Rivoli,48.862747,2.33538
202300006627,5,6,2023,2025-12-05 19:10:00,1,43,43157,2,1,8,7,Rue De La Ronzade,45.040549,3.879175
202300006628,21,11,2023,2025-12-05 17:30:00,1,977,97701,2,1,1,1,Rt209,17.904109,-62.84773
202300006629,22,3,2023,2025-12-05 15:30:00,1,6,6029,2,1,1,6,Hibert (Boulevard Jean),43.54827,7.01008
202300006630,11,7,2023,2025-12-05 18:30:00,1,94,94081,2,1,1,6,Impasse Andre Kommer,48.78288723,2.37676187
202300006631,8,5,2023,2025-12-05 19:50:00,1,42,42218,2,2,2,3,Rue De La Chance,45.44039,4.40357
202300006632,11,7,2023,2025-12-05 15:40:00,1,94,94081,2,1,1,6,Gabriel Peri (R),48.78972796,2.40270406
202300006633,26,11,2023,2025-12-05 01:05:00,3,33,33199,2,1,1,6,Domaine De La Forge,44.604661,-1.1058
202300006634,11,7,2023,2025-12-05 09:40:00,1,94,94041,2,1,1,6,Bd Paul Vaillant Couturier,48.81797813,2.39818635
202300006635,5,6,2023,2025-12-05 19:37:00,1,42,42187,2,6,1,3,Boulevard Baron Du Marais,46.04354,4.06772
202300006636,13,10,2023,2025-12-05 16:40:00,1,32,32013,2,3,1,6,Guynemer,43.64657,0.58062
202300006637,11,7,2023,2025-12-05 08:10:00,1,94,94065,2,1,1,5,N186B,48.75378107,2.36232126
202300006638,5,6,2023,2025-12-05 08:30:00,1,41,41018,2,3,1,1,Bart (Rue Jean),47.58934,1.30808
202300006639,22,3,2023,2025-12-05 12:50:00,1,976,97611,2,1,1,6,Doujani-Mouhindi Hassani (Rue ),-12.79529,45.21617
202300006640,11,10,2023,2025-12-05 14:20:00,1,17,17449,2,1,1,6,Alsace Lorraine Rue,45.943068,-0.8895874
202300006641,11,7,2023,2025-12-05 08:30:00,1,94,94011,2,9,1,1,Av. Du Marechal Leclerc,48.77315,2.49084
202300006642,26,11,2023,2025-12-05 03:30:00,3,37,37091,1,1,5,6,135 Rue De Chenonceaux,47.33680606,1.0088625
202300006643,5,6,2023,2025-12-05 19:20:00,1,37,37233,2,1,7,3,Farges (Avenue Yves),47.38673,0.74512
202300006644,19,8,2023,2025-12-05 01:10:00,4,14,14118,2,1,2,6,N814,49.1967,-0.39616
202300006645,22,12,2023,2025-12-05 14:41:00,1,5,5061,2,1,7,2,Francois Mitterand (Avenue),44.54408,6.06138
202300006646,8,7,2023,2025-12-05 03:55:00,5,94,94017,2,1,1,6,Boulevard De Stalingrad,48.82435,2.49603
202300006647,22,3,2023,2025-12-05 13:15:00,1,974,97416,2,1,1,2,Leblond 2 (Rue Marius Et Ary),-21.33482,55.4639
202300006648,6,6,2023,2025-12-05 19:30:00,1,35,35238,2,6,1,2,Gayeulles (Avenue Des),48.12714879,-1.65222734
202300006649,18,8,2023,2025-12-05 03:10:00,3,13,13117,2,1,1,6,Boulevard Des Tamaris,43.45033217,5.2308549
202300006650,27,12,2023,2025-12-05 19:00:00,5,44,44172,1,6,3,3,Adresse_Inconnue,47.235783,-1.482908
202300006651,11,7,2023,2025-12-05 17:45:00,1,93,93078,2,6,7,2,Avenue Georges Clemenceau / Boulevard Robert Ballanger,48.9615,2.5551
202300006652,19,8,2023,2025-12-05 16:30:00,1,13,13208,2,9,1,3,Mazargues (Avenue De),43.26306988,5.39291533
202300006653,6,6,2023,2025-12-05 12:05:00,1,35,35238,2,2,1,3,Doneliere (Rue De La),48.13062,-1.68455
202300006654,25,11,2023,2025-12-05 16:19:00,2,37,37042,1,1,7,2,Crissay,47.20431159,0.08477859
202300006655,26,9,2023,2025-12-05 16:55:00,1,25,25200,2,2,1,2,Route De Vesoul,47.331123,6.011667
202300006656,11,7,2023,2025-12-05 17:50:00,1,93,93072,2,1,1,2,Avenue De Stalingrad,48.95179174,2.38825265
202300006657,22,11,2023,2025-12-05 09:00:00,2,45,45234,2,1,1,6,Place Du Martroi,47.90265,1.90356
202300006658,6,6,2023,2025-12-05 08:50:00,1,35,35238,2,2,1,3,Vitre (Bld De),48.11571,-1.64838
202300006659,11,7,2023,2025-12-05 16:52:00,1,93,93070,2,1,1,2,Rue Du Docteur Bauer,48.90799,2.34051
202300006660,25,11,2023,2025-12-05 01:20:00,3,45,45137,1,1,1,6,D2152 Pr 29 + 470,48.128594,2.19742
202300006661,19,8,2023,2025-12-05 10:05:00,1,13,13213,2,3,1,3,Albert Einstein (Rue),43.33710584,5.43532788
202300006662,5,6,2023,2025-12-05 17:20:00,1,35,35238,2,1,1,6,Nantes (De),48.09122,-1.69223
202300006663,1,10,2023,2025-12-05 13:15:00,1,38,38185,2,3,1,3,Liberation Et Du General De Gaulle (Cour,45.17773,5.71545
202300006664,20,3,2023,2025-12-05 08:10:00,1,974,97411,2,1,1,3,Rambaud (Leopold),-20.88641,55.4925
202300006665,11,7,2023,2025-12-05 08:00:00,1,93,93070,2,1,1,3,Rue Du Landy,48.91659223,2.33424484
202300006666,18,8,2023,2025-12-05 10:00:00,1,13,13210,2,1,1,3,L Armee D Afrique (Chemin De L'),43.28594713,5.41866879
202300006667,22,3,2023,2025-12-05 12:45:00,1,974,97407,2,1,1,6,20 Decembre 1948(Avenue Du),-20.93781,55.29865
202300006668,5,6,2023,2025-12-05 09:00:00,1,34,34301,2,1,1,3,21 Rue Montmorency,43.4065,3.69288
202300006669,11,7,2023,2025-12-05 14:45:00,1,93,93053,2,3,1,6,Boulevard Michelet / Rue Condorcet,48.8887,2.45749
202300006670,24,11,2023,2025-12-05 19:45:00,5,74,74305,2,3,2,6,Cotes (Chemin Des),46.2052,6.2653
202300006671,28,6,2023,2025-12-05 06:40:00,2,13,13215,2,1,1,3,Padouane (Bd De La ),43.3533,5.3659
202300006672,5,6,2023,2025-12-05 15:40:00,1,34,34172,2,1,1,6,Rm66,43.60743,3.9164
202300006673,22,3,2023,2025-12-05 08:32:00,1,973,97302,2,1,1,6,Voltaire(Avenue),4.94170343,-52.32515359
202300006674,11,7,2023,2025-12-05 13:17:00,1,93,93053,2,9,1,3,Boulevard Michelet,48.88993068,2.45867848
202300006675,21,3,2023,2025-12-05 09:24:00,1,973,97302,2,6,1,6,Montabo (Route De) 2,4.92722,-52.28985
202300006676,25,11,2023,2025-12-05 23:20:00,3,13,13105,1,1,6,6,Chemin Des Brayettes,43.747731,5.085994
202300006677,4,6,2023,2025-12-05 16:55:00,1,34,34336,2,3,1,3,49 Rue Jean Laures,43.31751,3.28035
202300006678,24,10,2023,2025-12-05 14:30:00,1,13,13028,2,3,1,3,Cardinal Maurin (Avenue ),43.17128,5.60281
202300006679,17,8,2023,2025-12-05 19:24:00,1,13,13211,2,6,1,2,Valentine (Route De La),43.29004,5.47624
202300006680,11,7,2023,2025-12-05 18:30:00,1,93,93048,2,2,1,6,Rue De Stalingrad / Rue Desire Chevalier,48.85692108,2.44480401
202300006681,22,3,2023,2025-12-05 18:20:00,1,69,69383,2,2,1,6,Rue De La Banniere,45.7533,4.8564
202300006682,15,10,2023,2025-12-05 19:24:00,3,13,13033,1,1,6,7,D5,43.347355,5.183144
202300006683,24,11,2023,2025-12-05 17:30:00,3,89,89257,2,7,2,6,Place Henri Dunant,47.963316,3.510849
202300006684,17,8,2023,2025-12-05 15:45:00,1,13,13208,2,9,1,3,Pierre Guerre (Rond-Point),43.2501,5.38886
202300006685,10,7,2023,2025-12-05 22:35:00,5,93,93046,2,9,1,1,Av Du Consul General Nordling,48.917212,2.53317905
202300006686,26,11,2023,2025-12-05 04:40:00,3,89,89050,2,1,1,6,Rue Du Seche Bouteille,47.927106,3.540906
202300006687,22,3,2023,2025-12-05 17:30:00,1,69,69388,2,1,1,6,Avenue Berthelot,45.73948,4.8603
202300006688,5,6,2023,2025-12-05 02:15:00,3,34,34003,2,6,1,3,1 Rond Point Des Vignerons,43.30879,3.47679
202300006689,25,6,2023,2025-12-05 11:45:00,1,22,22077,1,1,1,7,Le Maupas,48.534333,-2.47304
202300006690,17,8,2023,2025-12-05 01:37:00,5,13,13215,2,2,1,3,Madrague Ville (Rue),43.3411,5.35189
202300006691,25,11,2023,2025-12-05 23:15:00,3,38,38529,1,1,1,6,Route De Premol,45.101884,5.847006
202300006692,22,3,2023,2025-12-05 18:10:00,1,69,69388,2,1,1,1,27 Avenue Jean Mermoz,45.73541,4.87243
202300006693,23,11,2023,2025-12-05 07:30:00,2,74,74118,2,1,8,3,De Gaulle (Rue Charles),46.16563,6.18789
202300006694,10,7,2023,2025-12-05 23:45:00,5,93,93007,2,2,1,3,Avenue Henri Barbusse / Rue Joseph Darriet,48.94198,2.46452
202300006695,6,6,2023,2025-12-05 08:15:00,1,33,33249,2,1,1,3,Avenue De Paris,44.88515,-0.50821
202300006696,16,8,2023,2025-12-05 20:40:00,2,13,13214,2,1,1,6,Simon Bolivar (Boulevard),43.34443089,5.37820676
202300006697,22,3,2023,2025-12-05 12:05:00,1,69,69387,2,7,1,6,8 Place Jean Mace,45.74565,4.84272
202300006698,23,11,2023,2025-12-05 08:53:00,1,47,47001,2,6,1,6,1019 Avenue De Cahors,44.21393666,0.65104937
202300006699,25,11,2023,2025-12-05 10:15:00,1,69,69206,1,1,1,1,Route Departementale 306,46.042616,4.71689
202300006700,5,6,2023,2025-12-05 12:45:00,1,33,33318,2,1,1,6,Avenue Du Marechal Juin,44.79408,-0.62895
202300006701,16,8,2023,2025-12-05 13:50:00,1,13,13210,2,9,1,1,Capelette (Avenue De La),43.27959,5.41061
202300006702,11,7,2023,2025-12-05 19:00:00,1,93,93001,2,2,1,3,Avenue Du President Roosevelt / Rue Schaeffer,48.91705,2.37972
202300006703,22,3,2023,2025-12-05 11:30:00,1,972,97209,2,1,1,2,Bishop (Avenue Maurice),14.60903,-61.0557
202300006704,25,11,2023,2025-12-05 23:02:00,3,31,31318,1,1,1,6,D10,43.224153,0.973932
202300006705,16,8,2023,2025-12-05 12:20:00,1,13,13203,2,1,1,6,Camille Pelletan (Avenue),43.30629,5.37327
202300006706,6,10,2023,2025-12-05 10:20:00,1,13,13051,1,1,1,2,"A7, Pk 242+900 Sens Nord-Sud",43.58653,5.201039
202300006707,22,3,2023,2025-12-05 12:00:00,1,95,95019,2,1,2,6,Rue Jean Jaures,48.98727,2.41956
202300006708,26,11,2023,2025-12-05 14:00:00,1,40,40301,2,1,1,7,D72,43.65016,-1.134216
202300006709,10,7,2023,2025-12-05 17:05:00,1,92,92050,2,1,1,2,Joffre Marechal Avenue Du,48.88556036,2.19624585
202300006710,16,8,2023,2025-12-05 12:15:00,1,13,13206,2,1,1,6,Breteuil (Rue),43.28598398,5.37756868
202300006711,5,6,2023,2025-12-05 09:30:00,1,33,33039,2,2,1,3,Boulevard Jean-Jacques Bosc,44.8169523,-0.5485037
202300006712,16,8,2023,2025-12-05 12:15:00,1,13,13214,2,1,1,2,Lavoisier (Boulevard),43.33859018,5.368531
202300006713,25,10,2023,2025-12-05 19:30:00,5,33,33449,2,1,2,6,Avenue Descartes,44.884907,-0.691763
202300006714,16,6,2023,2025-12-05 00:59:00,5,92,92007,2,1,1,6,Republique Av. Autres Ndeg Et Metro,48.81029,2.30207
202300006715,5,6,2023,2025-12-05 11:40:00,1,33,33529,2,1,1,3,Rd 1250 (Camicas - Sortie Dune),44.64744,-1.15803
202300006716,21,3,2023,2025-12-05 17:50:00,1,91,91471,2,1,1,7,Dubreuil (Boulevard),48.69839,2.18716
202300006717,29,12,2023,2025-12-05 09:15:00,1,69,69286,1,1,2,3,Autoroute 46,45.84937,4.91135
202300006718,17,8,2023,2025-12-05 14:25:00,1,13,13063,1,2,1,3,Belval Chemin De,43.58263,5.03559
202300006719,11,7,2023,2025-12-05 19:10:00,1,92,92026,2,2,1,3,Colombes,48.89883888,2.25665385
202300006720,21,3,2023,2025-12-05 17:14:00,1,87,87085,2,2,1,7,Lattre-De-Tassigny (Avenue Du Marechal),45.8256,1.27881
202300006721,25,11,2023,2025-12-05 18:55:00,2,44,44026,1,1,1,5,Chemin De La Pintiniere,47.301545,-1.47654
202300006722,6,6,2023,2025-12-05 07:19:00,1,31,31555,2,1,1,1,Rostand (Rue Edmond) Du 2Au 187,43.6440789,1.463947
202300006723,7,8,2023,2025-12-05 09:00:00,1,10,10238,1,1,1,7,14 Rue Du Lac,48.25684,4.338576
202300006724,16,8,2023,2025-12-05 17:05:00,1,13,13047,2,2,1,3,Aspic Rue De L',43.50986069,4.99739332
202300006725,20,8,2023,2025-12-05 09:00:00,1,44,44128,1,1,1,7,Adresse_Inconnue,47.55680298,-1.94260729
202300006726,21,3,2023,2025-12-05 15:08:00,1,87,87085,2,1,1,7,Vanteaux (Boulevard De),45.82139,1.24095
202300006727,11,7,2023,2025-12-05 10:25:00,1,92,92026,2,1,1,3,Verdun (De 62 A Fin),48.90142398,2.25981966
202300006728,26,11,2023,2025-12-05 11:20:00,1,35,35107,1,1,1,6,D26,48.25551152,-1.53031021
202300006729,6,6,2023,2025-12-05 19:00:00,1,29,29232,1,1,1,3,Route De Rosporden,47.985934,-4.04400587
202300006730,21,12,2023,2025-12-05 15:25:00,1,44,44069,2,1,-1,7,Route Des Paludiers,47.333217,-2.46855
202300006731,11,7,2023,2025-12-05 13:15:00,1,92,92012,2,1,1,7,Victor Hugo (Avenue) Debut/47 Bis- Debut,48.83425105,2.24393874
202300006732,14,8,2023,2025-12-05 17:00:00,1,13,13028,2,3,1,3,Dulac (Avenue Guillaume),43.18678,5.60769
202300006733,6,6,2023,2025-12-05 15:35:00,1,29,29232,2,6,1,6,Boulevard Louis Le Guennec,47.9794,-4.09536
202300006734,25,11,2023,2025-12-05 23:50:00,3,62,62235,1,1,1,6,D940,50.63746854,1.64443162
202300006735,21,3,2023,2025-12-05 13:31:00,1,87,87085,2,2,1,3,Sablard (Avenue De),45.82817,1.28218
202300006736,10,6,2023,2025-12-05 13:15:00,1,92,92002,2,4,1,3,Raymon Aron (Avenue),48.7704888,2.31201857
202300006737,16,8,2023,2025-12-05 11:15:00,1,13,13005,2,4,1,3,Goums (Avenue Des),43.29305,5.56313
202300006738,24,11,2023,2025-12-05 18:40:00,5,13,13213,1,1,1,3,A507 Sens Marseille - Aubagne,43.32982403,5.40543437
202300006739,5,6,2023,2025-12-05 20:20:00,1,28,28134,2,1,1,2,Rond Point Des Livraindieres,48.74808,1.3511
202300006740,12,7,2023,2025-12-05 11:02:00,1,2A,2A174,1,1,1,6,Bocca Di Sorru (Col De Montagne),42.175653,8.860329
202300006741,18,8,2023,2025-12-05 17:35:00,1,13,13001,2,9,1,3,Roi Rene (Bd Du),43.52401114,5.45008597
202300006742,25,11,2023,2025-12-05 17:00:00,2,91,91689,1,1,1,6,Autoroute A6B,48.74112,2.32109
202300006743,21,12,2023,2025-12-05 20:00:00,3,61,61348,1,3,1,3,D938,48.473234,0.546913
202300006744,11,7,2023,2025-12-05 11:00:00,1,91,91340,1,1,1,3,9 Rue Des Pyrenees,48.60711,2.431487
202300006745,5,6,2023,2025-12-05 19:15:00,1,27,27229,2,3,1,1,Place De La Republique,49.025968,1.157093
202300006746,16,8,2023,2025-12-05 19:42:00,1,10,10387,2,3,1,6,Blanqui (Rue),48.306,4.05
202300006747,31,12,2023,2025-12-05 16:00:00,1,59,59357,1,1,1,2,D649,50.289644,3.868873
202300006748,25,11,2023,2025-12-05 11:25:00,1,91,91589,1,1,1,4,Autoroute A6,48.6744,2.34235
202300006749,21,4,2023,2025-12-05 15:00:00,1,41,41147,2,1,1,1,D764,47.504428,1.299074
202300006750,17,8,2023,2025-12-05 21:50:00,5,9,9122,1,1,1,6,Rd 919,42.985748,1.615567
202300006751,5,6,2023,2025-12-05 17:15:00,1,27,27229,2,1,1,3,Becquerel (Rue Henri),48.9962,1.14514
202300006752,12,7,2023,2025-12-05 11:00:00,1,28,28073,1,9,1,6,Autoroute A11 Dans Le Sens Paris Vers Province Au Pk 047+000,48.485353,1.654998
202300006753,20,8,2023,2025-12-05 05:30:00,5,7,7186,2,1,1,6,Aubenas (Route D'),44.73205,4.58709
202300006754,11,8,2023,2025-12-05 02:45:00,3,60,60480,1,1,1,2,A16 - Pk 079.000,49.48864268,2.16607046