num_acc,jour,mois,an,hrmn,lum,dep,com,agg,int,atm,col,adr,lat,long
202300006755,22,3,2023,2025-12-05 04:20:00,5,71,71076,2,1,1,6,Paris (Avenue De),46.80248,4.84579
202300006756,16,8,2023,2025-12-05 09:50:00,1,7,7281,1,1,1,7,Tassini (Avenue Victor),44.949,4.82806
202300006757,24,11,2023,2025-12-05 20:30:00,3,91,91174,1,1,1,2,Rn 104,48.62,2.46
202300006758,12,7,2023,2025-12-05 16:15:00,1,83,83036,1,1,1,1,D559,43.1634463,6.50609084
202300006759,5,6,2023,2025-12-05 16:00:00,1,27,27229,2,3,7,3,Marniere Riga (Rue De La),49.01357,1.1655
202300006760,25,7,2023,2025-12-05 09:35:00,1,60,60139,1,1,2,2,D1001,49.1647308,2.23180926
202300006761,22,3,2023,2025-12-05 14:45:00,1,69,69290,2,9,1,3,261 Route De Grenoble,45.71815888,4.95117362
202300006762,19,8,2023,2025-12-05 11:00:00,1,6,6088,2,1,1,6,Penetrante Du Paillon,43.743687,7.306521
202300006763,11,7,2023,2025-12-05 20:40:00,1,51,51147,1,1,1,7,D66,49.045594,4.506327
202300006764,24,11,2023,2025-12-05 19:05:00,3,92,92036,1,1,1,3,A86,48.93512928,2.28395155
202300006765,5,8,2023,2025-12-05 19:15:00,1,5,5061,2,3,1,3,Jean Jaures ( Avenue ),44.54998792,6.06866688
202300006766,5,6,2023,2025-12-05 16:20:00,1,26,26362,2,1,1,1,Rue De La Foret,44.9214,4.90903
202300006767,19,8,2023,2025-12-05 11:30:00,1,6,6088,2,1,1,6,Dabray (Rue Et Imp.),43.7072,7.25688
202300006768,21,3,2023,2025-12-05 15:50:00,1,67,67447,2,1,2,3,Noyer (Rue Du),48.60403,7.72365
202300006769,11,7,2023,2025-12-05 13:00:00,1,72,72124,1,1,1,6,Departementale 110,47.813587,0.272212
202300006770,25,11,2023,2025-12-05 02:40:00,3,92,92036,1,1,1,2,A86,48.93480505,2.28150149
202300006771,18,8,2023,2025-12-05 19:20:00,1,6,6088,1,1,1,1,Mercantour (Bd),43.71885,7.18635
202300006772,1,12,2023,2025-12-05 10:35:00,1,93,93001,2,3,1,3,Rue Du Landy,48.91537288,2.36805677
202300006773,5,6,2023,2025-12-05 17:25:00,1,26,26198,2,1,1,2,Gournier (Avenue De),44.5329723,4.73633051
202300006774,22,3,2023,2025-12-05 17:32:00,1,64,64348,2,3,1,3,Martyrs Du Pont Long Des,43.34475,-0.37985
202300006775,11,7,2023,2025-12-05 13:15:00,1,72,72200,1,1,1,3,7 Route De Mulsanne,47.89893,0.21036
202300006776,18,8,2023,2025-12-05 03:10:00,5,6,6088,2,1,1,6,Anglais (Du Ndeg 45 Au Ndeg 112),43.69382,7.25607
202300006777,8,10,2023,2025-12-05 09:10:00,1,93,93051,2,1,1,1,Route De Neuilly,48.85127305,2.53429592
202300006778,5,6,2023,2025-12-05 07:23:00,1,24,24138,1,3,1,3,La Rampinsolle Rd6021,45.16867,0.71631
202300006779,24,11,2023,2025-12-05 22:00:00,3,92,92048,1,1,1,5,N118,48.8086465,2.21195337
202300006780,17,8,2023,2025-12-05 01:30:00,5,6,6088,2,1,1,1,Monzie (R. Anatole De),43.73844,7.3047
202300006781,2,10,2023,2025-12-05 10:20:00,1,93,93066,1,1,1,2,Autoroute A1,48.92863623,2.35847443
202300006782,22,3,2023,2025-12-05 14:40:00,1,64,64445,2,1,1,7,Paix,43.3212,-0.35851
202300006783,12,7,2023,2025-12-05 13:45:00,1,51,51312,2,1,1,6,Allee Du Lac,49.013829,4.269819
202300006784,6,6,2023,2025-12-05 22:55:00,3,22,22278,2,1,1,7,Courses (Chem. Des),48.51813,-2.72046
202300006785,5,8,2023,2025-12-05 22:50:00,5,6,6088,2,1,1,2,Napoleon Iii (Pont),43.66387,7.198914
202300006786,25,11,2023,2025-12-05 11:45:00,1,77,77294,1,1,1,2,A104,48.96826485,2.60209057
202300006787,12,7,2023,2025-12-05 08:30:00,1,59,59164,2,9,1,6,11 Chaussee Brunehaut,50.146364,3.579204
202300006788,11,2,2023,2025-12-05 20:00:00,3,22,22113,2,1,8,6,Trebeurden (Route De),48.74796,-3.48392
202300006789,21,3,2023,2025-12-05 15:20:00,1,64,64102,2,1,1,6,Bab (Boulevard),43.49803,-1.49048
202300006790,25,11,2023,2025-12-05 04:35:00,5,77,77517,1,9,2,6,A104.Int,48.90676269,2.64007446
202300006791,16,8,2023,2025-12-05 10:45:00,1,6,6104,2,1,1,6,Grottes (Chemin Des),43.75366,7.44037
202300006792,22,4,2023,2025-12-05 18:20:00,1,62,62108,2,2,1,6,Rue Du Docteur Victor Menard,50.4046604,1.56316665
202300006793,6,6,2023,2025-12-05 08:33:00,1,18,18279,2,1,1,1,62 Avenue Marechal Philippe Leclerc De Hauteclocque,47.20836,2.05175
202300006794,25,11,2023,2025-12-05 02:45:00,3,94,94017,1,1,1,6,A4,48.83020089,2.495767
202300006795,21,3,2023,2025-12-05 18:10:00,1,63,63113,2,6,1,3,Rd-Pt Brezet (Brezet/Bleriot),45.78829375,3.13949883
202300006796,18,8,2023,2025-12-05 10:05:00,1,6,6030,2,1,1,3,Valbonne (Route  De),43.57827,7.01718
202300006797,11,7,2023,2025-12-05 15:50:00,1,56,56232,1,2,1,5,La Grae,47.677391,-2.126477
202300006798,14,11,2023,2025-12-05 17:53:00,2,74,74118,2,1,2,2,Deportes (Route Des ),46.1821,6.23003
202300006799,5,6,2023,2025-12-05 17:52:00,1,18,18033,2,1,1,6,36 Rue Pasteur John Bost,47.11966,2.41265
202300006800,19,8,2023,2025-12-05 01:30:00,5,6,6027,2,9,1,6,Plage Boulevard De La,43.650273,7.151256
202300006801,11,3,2023,2025-12-05 18:10:00,1,59,59350,2,1,1,2,Avenue Beethoven,50.62052,3.03486
202300006802,20,10,2023,2025-12-05 20:15:00,3,74,74208,1,1,2,6,Rn 205,45.9140441,6.71776573
202300006803,24,11,2023,2025-12-05 20:00:00,3,94,94065,1,1,1,5,N186,48.75372695,2.35565731
202300006804,11,7,2023,2025-12-05 18:30:00,1,80,80019,1,1,1,6,D936,49.959953,1.909858
202300006805,20,3,2023,2025-12-05 22:11:00,5,52,52121,2,1,1,1,Republique (Avenue),48.10079157,5.14476849
202300006806,17,8,2023,2025-12-05 22:40:00,5,6,6123,2,1,1,5,Mer Avenue De La,43.65664,7.17858
202300006807,23,5,2023,2025-12-05 19:30:00,1,15,15014,2,6,1,2,Carmes (Rue Des),44.923319,2.44036
202300006808,17,11,2023,2025-12-05 15:55:00,1,74,74012,2,6,1,2,Amoureux (Rue Des),46.19022,6.233
202300006809,10,7,2023,2025-12-05 20:20:00,2,65,65467,1,1,1,6,Route Du Hautacam,42.982714,-0.037036
202300006810,24,11,2023,2025-12-05 12:36:00,1,987,98735,2,1,1,6,Destremeau (Rue Uranie),17.54629,149.5
202300006811,11,7,2023,2025-12-05 22:30:00,4,33,33193,1,1,1,6,Route De L?Ocean,45.434313,-1.150882
202300006812,22,3,2023,2025-12-05 16:00:00,1,51,51454,2,3,1,6,Rue Des Crayeres,49.24307,4.05831
202300006813,16,8,2023,2025-12-05 09:31:00,1,6,6027,2,3,1,6,Juin Boulevard Marechal,43.661299,7.150676
202300006814,17,11,2023,2025-12-05 16:45:00,2,74,74012,2,1,1,2,Thonon (Route De),46.19745,6.26719
202300006815,10,7,2023,2025-12-05 20:30:00,1,11,11116,1,1,1,7,D1118,43.244492,3.022517
202300006816,24,11,2023,2025-12-05 08:45:00,1,976,97611,1,1,1,3,Tsoundzou-Mangadzia  Tsoundzou 2 (Rue ),-12.815123,45.198113
202300006817,13,8,2023,2025-12-05 14:06:00,1,4,4070,1,4,1,6,Chaffaut ( Route Du ),44.06244,6.1795
202300006818,6,11,2023,2025-12-05 07:30:00,1,54,54149,1,3,8,2,D27,49.44739,5.91872
202300006819,10,7,2023,2025-12-05 09:48:00,1,11,11014,1,1,1,3,D31,43.194962,3.06952
202300006820,28,10,2023,2025-12-05 20:51:00,3,54,54096,1,1,2,7,D27,49.44664,5.90054
202300006821,19,8,2023,2025-12-05 10:28:00,1,3,3185,2,1,1,6,Rue Stephane Servant,46.33722,2.59996
202300006822,12,7,2023,2025-12-05 07:10:00,1,12,12203,1,1,1,6,Rd 999,43.978784,2.965053
202300006823,24,11,2023,2025-12-05 06:30:00,1,974,97416,2,3,1,3,L'Entre Deux(Route De),-21.30313,55.43065
202300006824,6,6,2023,2025-12-05 12:55:00,1,13,13203,2,1,1,3,Plombieres (Boulevard Des),43.3162,5.38359
202300006825,8,12,2023,2025-12-05 17:30:00,1,971,97106,1,1,1,1,"Section Thomas, Rn2",16.111081,-61.772577
202300006826,17,8,2023,2025-12-05 17:40:00,1,75,75112,2,1,1,2,Porte De Charenton,48.828353,2.397596
202300006827,11,7,2023,2025-12-05 14:15:00,1,42,42224,2,1,1,6,Rue Du Feuillage,45.34304,4.424913
202300006828,31,5,2023,2025-12-05 08:15:00,1,11,11262,2,1,1,6,18 Boulevard De 1830,43.19032,3.01784
202300006829,21,3,2023,2025-12-05 07:20:00,1,51,51454,2,1,1,4,Boulevard Joffre,49.2616,4.02929
202300006830,16,8,2023,2025-12-05 16:50:00,1,75,75115,2,1,1,2,Boulevard Peripherique Exterieur,48.827973,2.290836
202300006831,13,12,2023,2025-12-05 20:35:00,3,13,13026,1,1,1,2,A55-Sens Marseille Vers Martigues,43.38346,5.15308
202300006832,24,11,2023,2025-12-05 08:00:00,1,974,97411,2,1,1,3,Jaures (Bld 2 Jean),-20.89191,55.46759
202300006833,10,7,2023,2025-12-05 19:00:00,1,47,47052,2,2,1,3,Rue De Veyries,44.314691,0.088202
202300006834,20,11,2023,2025-12-05 08:30:00,1,91,91114,1,9,1,7,Rte Nationale 6,48.684131,2.489325
202300006835,23,5,2023,2025-12-05 16:15:00,1,11,11262,2,2,8,3,6 Rue D 'Alger,43.18584,3.01001
202300006836,22,3,2023,2025-12-05 22:55:00,3,49,49099,1,1,2,2,Rn 249,47.05966,-0.92413
202300006837,16,8,2023,2025-12-05 18:22:00,1,75,75106,2,3,1,2,Boulevard Saint Germain,48.852285,2.338753
202300006838,24,11,2023,2025-12-05 16:00:00,1,973,97302,2,1,1,7,Boulevard Des Cites,4.92071,-52.31717
202300006839,11,7,2023,2025-12-05 16:00:00,1,34,34028,1,1,1,1,D908,43.59819,3.149772
202300006840,22,3,2023,2025-12-05 01:54:00,5,49,49007,2,1,1,7,Beaussier Boulevard,47.47745,-0.59871
202300006841,24,11,2023,2025-12-05 17:00:00,1,973,97302,2,1,1,7,Maringouins (Rond-Point),4.90768834,-52.3220678
202300006842,6,6,2023,2025-12-05 02:01:00,5,10,10081,2,6,1,6,Jean Baptiste Colbert (Rue),48.31794,4.02224
202300006843,18,8,2023,2025-12-05 14:40:00,1,75,75120,2,4,1,3,Rue Sorbier,48.865535,2.393295
202300006844,18,12,2023,2025-12-05 17:45:00,3,59,59009,2,9,1,1,Rue Jean Jaures,50.65574,3.13275
202300006845,11,7,2023,2025-12-05 17:50:00,1,31,31017,1,1,1,6,Coumanios,42.897908,0.698942
202300006846,6,6,2023,2025-12-05 15:00:00,1,9,9122,1,1,1,6,20 (R.N.) Cote Nord Du Tunnel,42.977849,1.62242
202300006847,24,11,2023,2025-12-05 10:30:00,1,973,97302,2,1,2,7,14 Et 22 Juin 1962,4.93341231,-52.32696962
202300006848,18,8,2023,2025-12-05 16:40:00,1,75,75119,2,1,1,6,Boulevard Macdonald,48.896704,2.392254
202300006849,22,3,2023,2025-12-05 00:06:00,5,49,49007,2,2,1,3,Desjardin,47.46796,-0.54651
202300006850,19,1,2023,2025-12-05 14:45:00,1,92,92048,2,1,1,2,Banes (Rue) Ndeg 3 A 19,48.8082154,2.2400672
202300006851,10,7,2023,2025-12-05 11:00:00,1,2,2575,2,1,1,6,50 Rue Pasteur,49.840044,3.488588
202300006852,6,6,2023,2025-12-05 09:00:00,1,6,6069,2,1,1,6,Carnot (Boulevard Et Traverse),43.656689,6.922942
202300006853,17,8,2023,2025-12-05 21:50:00,5,75,75119,2,1,1,6,Avenue De Flandre,48.889587,2.375267
202300006854,21,12,2023,2025-12-05 14:50:00,1,26,26369,1,1,1,1,Rd 94,44.37683576,5.43228865
202300006855,24,11,2023,2025-12-05 08:00:00,1,973,97302,2,2,1,3,Rouget De L ' Isle,4.93989646,-52.32733369
202300006856,22,3,2023,2025-12-05 20:28:00,3,35,35238,2,4,2,3,Porte Alma,48.08176,-1.67616
202300006857,18,8,2023,2025-12-05 14:35:00,1,75,75117,2,3,1,6,Boulevard Malesherbes,48.889012,2.304211
202300006858,12,7,2023,2025-12-05 18:00:00,1,14,14685,1,3,1,3,Route De Creully,49.244426,-0.460367
202300006859,6,6,2023,2025-12-05 22:25:00,5,6,6029,2,2,1,1,Republique (Boulevard De La),43.55778,7.02229
202300006860,22,3,2023,2025-12-05 12:15:00,1,35,35238,2,1,2,2,Verdun (Bd De),48.11649886,-1.69082433
202300006861,24,11,2023,2025-12-05 18:35:00,5,69,69387,2,3,2,3,Avenue Felix Faure,45.75211,4.84679
202300006862,11,12,2023,2025-12-05 09:50:00,1,94,94052,2,1,1,4,8Bis Avenue De Joinville,48.83384,2.471967
202300006863,5,6,2023,2025-12-05 16:30:00,1,6,6030,2,1,2,3,Borde (Avenue De La),43.5669648,6.9662707
202300006864,16,8,2023,2025-12-05 12:10:00,1,75,75117,2,3,1,5,Boulevard Des Batignolles,48.881985,2.319191
202300006865,12,7,2023,2025-12-05 17:10:00,1,5,5132,1,1,1,7,Route Des Combes,44.688793,6.136379
202300006866,21,3,2023,2025-12-05 21:54:00,5,33,33522,2,6,1,3,Cours Marechal Gallieni,44.81849,-0.60219
202300006867,6,11,2023,2025-12-05 19:20:00,5,62,62239,2,6,2,6,Avenue Charles De Gaulle,50.92955,1.79793
202300006868,24,11,2023,2025-12-05 16:10:00,1,69,69388,2,4,1,6,Rue De L'Eternite,45.741,4.8586
202300006869,5,6,2023,2025-12-05 16:00:00,1,6,6027,2,1,2,7,Cannes Avenue De (Rn7),43.65078,7.14139
202300006870,18,8,2023,2025-12-05 17:40:00,1,75,75115,2,2,1,3,Rue Lecourbe,48.838605,2.289425
202300006871,22,3,2023,2025-12-05 08:05:00,1,28,28134,2,1,2,6,Saint Jean (Rue),48.73944,1.37083
202300006872,12,7,2023,2025-12-05 07:45:00,1,50,50589,1,2,1,3,Rue De La Carriere,48.600523,-1.436462
202300006873,24,11,2023,2025-12-05 08:00:00,1,972,97213,2,1,1,2,Route Departementale 14,14.61981,-61.00266
202300006874,16,8,2023,2025-12-05 23:50:00,5,75,75114,2,2,1,3,Rue D Alesia,48.832741,2.311509
202300006875,6,6,2023,2025-12-05 10:40:00,1,6,6004,2,1,1,6,Mas Ensoleille Av.Du,43.58623,7.11793
202300006876,11,7,2023,2025-12-05 22:35:00,3,18,18035,1,1,1,1,Adresse_Inconnue,47.112006,2.596743
202300006877,7,10,2023,2025-12-05 19:30:00,5,42,42218,2,3,1,6,Rue Paul Bert,45.44076,4.38387
202300006878,24,11,2023,2025-12-05 22:40:00,5,69,69389,2,1,8,6,31 Rue Marietton,45.77539,4.80482
202300006879,19,8,2023,2025-12-05 04:10:00,5,75,75113,2,1,1,6,Boulevard Arago,48.834855,2.342662
202300006880,19,3,2023,2025-12-05 12:50:00,1,22,22113,1,3,1,1,Trebeurden (Route De),48.74876,-3.48678
202300006881,7,9,2023,2025-12-05 16:30:00,1,1,1354,2,1,1,3,Rue De Geneve,46.240043,6.032047
202300006882,24,11,2023,2025-12-05 08:50:00,1,69,69034,2,1,8,3,95 Quai Clemenceau,45.80928,4.84438
202300006883,2,6,2023,2025-12-05 18:00:00,1,3,3095,2,2,1,2,Rue Antoinette Mizon,46.13638,3.45052
202300006884,11,7,2023,2025-12-05 19:34:00,1,43,43257,1,3,1,3,N102,45.037601,3.757957
202300006885,16,8,2023,2025-12-05 18:10:00,1,75,75113,2,3,1,1,Rue Neuve Tolbiac,48.831817,2.379132
202300006886,24,11,2023,2025-12-05 14:50:00,1,2A,2A004,2,1,1,3,Mezzavia Route De,41.949,8.76681
202300006887,8,12,2023,2025-12-05 09:20:00,1,91,91228,2,2,1,2,Bd Des Coquibus,48.62483,2.43696
202300006888,22,3,2023,2025-12-05 13:25:00,1,15,15012,1,3,1,2,Rd 990,44.89341,2.45887
202300006889,2,6,2023,2025-12-05 13:50:00,1,1,1053,2,3,1,3,Verne (Avenue Jean Marie ),46.19938,5.22599
202300006890,18,8,2023,2025-12-05 20:15:00,1,75,75112,2,1,1,4,Avenue De La Porte De Vincennes,48.846806,2.413151
202300006891,8,10,2023,2025-12-05 17:50:00,3,84,84022,1,6,1,2,D20,44.27824,4.998562
202300006892,11,7,2023,2025-12-05 16:00:00,1,27,27377,1,1,1,5,D6,49.378964,1.521521
202300006893,24,11,2023,2025-12-05 07:45:00,1,2A,2A004,2,1,1,5,Calvi  Route,41.95305,8.78341
202300006894,22,3,2023,2025-12-05 14:45:00,1,13,13103,2,6,1,3,Allee  De Szentendre,43.63360438,5.07646572
202300006895,18,8,2023,2025-12-05 18:13:00,1,75,75120,2,3,1,3,Rue Des Orteaux,48.856934,2.3988
202300006896,6,6,2023,2025-12-05 15:00:00,1,75,75117,2,1,1,3,Boulevard Berthier,48.89206,2.307842
202300006897,12,7,2023,2025-12-05 01:30:00,3,27,27502,1,1,1,6,D54,48.830077,0.687525
202300006898,24,11,2023,2025-12-05 07:05:00,1,2A,2A004,2,1,1,6,Georges Pompidou Avenue,41.93082,8.75706
202300006899,16,12,2023,2025-12-05 18:15:00,3,35,35225,1,2,1,3,Pilleverte,48.433717,-1.931394
202300006900,22,3,2023,2025-12-05 13:30:00,1,13,13212,2,2,1,3,Rampal (Avenue),43.31788395,5.44555288
202300006901,17,8,2023,2025-12-05 21:40:00,5,75,75112,2,3,1,3,Boulevard Soult,48.842541,2.409859
202300006902,24,11,2023,2025-12-05 18:30:00,5,95,95427,2,3,1,3,Jules Ferry (Rue),48.95705,2.3346
202300006903,30,12,2023,2025-12-05 12:35:00,1,40,40313,1,2,1,1,Route De Pomiro,43.832453,-0.789707
202300006904,19,12,2023,2025-12-05 16:55:00,2,6,6018,2,1,1,6,Avenue Roumanille,43.617522,7.074476
202300006905,6,6,2023,2025-12-05 00:15:00,5,75,75105,2,3,1,3,Quai De Montebello,48.851432,2.350422
202300006906,22,3,2023,2025-12-05 11:40:00,1,13,13203,2,1,1,6,Guigou (Boulevard),43.31,5.39
202300006907,11,7,2023,2025-12-05 09:55:00,1,23,23168,1,1,1,6,Rd 940 / Pk 17,46.013446,1.851497
202300006908,16,8,2023,2025-12-05 19:05:00,1,75,75112,2,3,1,2,Boulevard Diderot,48.84581,2.372451
202300006909,24,11,2023,2025-12-05 14:05:00,1,95,95018,2,3,2,3,Resistance (Boulevard De La),48.95045523,2.2243318
202300006910,10,12,2023,2025-12-05 22:30:00,3,988,98830,1,4,1,6,Pont De La Tiwaka,-20.86668,165.24988
202300006911,22,3,2023,2025-12-05 03:50:00,5,13,13211,2,1,1,7,Jean Mondet (Rond Point ),43.29,5.48118
202300006912,11,7,2023,2025-12-05 13:00:00,1,987,98733,1,1,1,7,Pk 10.500 C/Mt Route Du Lotissement Taapuna Social,-17.618,-149.549
202300006913,5,6,2023,2025-12-05 12:15:00,1,75,75106,2,1,1,3,Boulevard Saint Michel,48.849222,2.342007
202300006914,13,11,2023,2025-12-05 10:00:00,1,74,74010,2,1,1,6,Alery (Grande Rue D'),45.8988,6.1101
202300006915,16,8,2023,2025-12-05 17:50:00,1,75,75111,2,4,1,6,Boulevard Richard Lenoir,48.854776,2.369541
202300006916,17,11,2023,2025-12-05 20:40:00,4,91,91552,2,6,2,6,Rte De Corbeil,48.59458,2.26426
202300006917,22,3,2023,2025-12-05 00:00:00,4,13,13214,2,1,1,6,Claude Monet (Avenue),43.32545,5.39358
202300006918,6,6,2023,2025-12-05 16:10:00,1,75,75119,2,1,1,1,Avenue Simon Bolivar,48.874413,2.383375
202300006919,13,11,2023,2025-12-05 07:00:00,5,74,74010,2,9,2,2,Anjot (Avenue Du Capitaine),45.8957,6.0901
202300006920,23,11,2023,2025-12-05 10:39:00,1,91,91667,2,1,2,6,Corbeil (Route),48.66572,2.33761
202300006921,18,8,2023,2025-12-05 06:30:00,1,75,75110,2,2,1,3,Boulevard De La Chapelle,48.884271,2.364651
202300006922,22,3,2023,2025-12-05 08:00:00,1,13,13001,1,1,1,2,Rd9,43.50611,5.40272
202300006923,6,6,2023,2025-12-05 14:30:00,1,75,75119,2,2,1,6,Rue De Crimee,48.879578,2.389505
202300006924,11,7,2023,2025-12-05 15:15:00,1,47,47238,1,1,1,4,"Autoroute A.62, Pk 117.400",44.18820409,0.53054579
202300006925,23,11,2023,2025-12-05 06:22:00,5,91,91685,2,1,1,7,Peri (Rue Gabriel),48.65757,2.30837
202300006926,16,8,2023,2025-12-05 17:39:00,1,75,75109,2,3,1,6,Rue Auber,48.871757,2.330566
202300006927,27,10,2023,2025-12-05 05:50:00,5,74,74010,2,2,2,3,France (Avenue)(Secteur 310),45.91039,6.1378
202300006928,22,3,2023,2025-12-05 10:07:00,1,6,6088,2,1,1,3,Voie Rapide,43.69,7.24
202300006929,6,6,2023,2025-12-05 20:00:00,1,75,75118,2,1,1,3,Boulevard Peripherique Interieur Nord,48.901036,2.353295
202300006930,12,7,2023,2025-12-05 07:00:00,1,77,77534,2,6,1,6,N36,48.635709,2.787462
202300006931,5,11,2023,2025-12-05 02:30:00,3,11,11262,1,1,2,7,Adresse_Inconnue,43.1779,2.96955
202300006932,6,6,2023,2025-12-05 09:40:00,1,75,75118,2,1,1,6,Boulevard Ornano,48.896964,2.345183
202300006933,24,11,2023,2025-12-05 19:30:00,5,91,91589,2,9,1,2,Rue Des Rossays,48.673373,2.352631
202300006934,15,8,2023,2025-12-05 23:15:00,5,75,75109,2,2,1,3,Boulevard Poissonniere,48.871492,2.343066
202300006935,11,7,2023,2025-12-05 21:25:00,2,66,66217,2,1,1,1,Adresse_Inconnue,42.608737,2.81301
202300006936,21,3,2023,2025-12-05 21:30:00,5,75,75118,2,1,1,3,Porte De La Chapelle,48.900899,2.361608
202300006937,24,11,2023,2025-12-05 12:30:00,1,91,91432,2,1,1,7,Av Aristide Briand,48.70065,2.32467
202300006938,6,6,2023,2025-12-05 00:15:00,5,75,75118,2,2,1,3,Boulevard Ney,48.897733,2.337513
202300006939,27,8,2023,2025-12-05 17:45:00,1,73,73257,1,1,3,3,D117 - Pk 15+600 - Pont De La Combe,45.4080193,6.49030223
202300006940,20,8,2023,2025-12-05 21:40:00,5,75,75108,2,2,1,3,Rue Des Mathurins,48.873307,2.324304
202300006941,12,7,2023,2025-12-05 12:35:00,1,83,83071,2,3,1,1,Route De Collobrieres,43.14759366,6.228493
202300006942,20,3,2023,2025-12-05 12:30:00,1,75,75114,2,1,1,2,Porte De Chatillon,48.822847,2.312865
202300006943,22,8,2023,2025-12-05 13:20:00,1,32,32207,1,1,1,3,D175,43.665078,0.662549
202300006944,6,6,2023,2025-12-05 14:50:00,1,75,75117,2,3,1,3,Rue De Courcelles,48.88009,2.302246
202300006945,12,7,2023,2025-12-05 13:30:00,1,6,6099,2,1,1,6,Avenue Alexandre Bottin,43.954904,6.899001
202300006946,16,8,2023,2025-12-05 00:08:00,5,75,75108,2,7,1,3,Place Saint Augustin,48.87488603,2.3198787
202300006947,23,11,2023,2025-12-05 13:19:00,1,87,87085,1,2,1,2,Rn520,45.89093,1.2802
202300006948,5,6,2023,2025-12-05 16:00:00,1,75,75117,2,7,1,3,Avenue Mac Mahon,48.87438,2.294949
202300006949,27,12,2023,2025-12-05 19:40:00,5,40,40279,2,1,1,3,Resistance (Ave De La),43.7333,-1.05
202300006950,21,3,2023,2025-12-05 23:40:00,5,75,75113,2,2,1,3,Boulevard Auguste Blanqui,48.831961,2.341067
202300006951,12,7,2023,2025-12-05 08:33:00,1,26,26124,1,1,1,2,Autoroute A7 Pk 83.983 Sens Nord-Sud,44.840899,4.863682
202300006952,23,11,2023,2025-12-05 08:52:00,1,87,87085,2,1,1,2,Leclerc (Avenue Du General),45.84665,1.26099
202300006953,14,8,2023,2025-12-05 21:50:00,5,75,75108,2,2,8,3,Place De La Concorde,48.866662,2.322014
202300006954,25,11,2023,2025-12-05 19:00:00,5,11,11262,2,3,1,6,35 Avenue D'Espagne,43.17088,2.99005
202300006955,5,6,2023,2025-12-05 15:14:00,1,75,75117,2,3,1,2,Rue Cardinet,48.883263,2.30719
202300006956,21,3,2023,2025-12-05 08:40:00,1,75,75112,2,2,1,3,Quai De Bercy,48.833511,2.382103
202300006957,20,8,2023,2025-12-05 08:53:00,1,75,75109,2,2,7,6,Rue De Provence,48.874197,2.328399
202300006958,24,11,2023,2025-12-05 10:45:00,1,84,84007,2,1,1,3,C.De Gaulle (Rocade),43.9364,4.83222
202300006959,27,12,2023,2025-12-05 18:15:00,5,5,5061,2,1,1,7,Emile Didier ( Av ),44.5642,6.0894
202300006960,6,6,2023,2025-12-05 14:50:00,1,75,75115,2,2,1,3,Rue De Vaugirard,48.8404,2.30425
202300006961,18,8,2023,2025-12-05 00:30:00,5,75,75101,2,4,1,3,Rue De Turbigo,48.863705,2.348202
202300006962,21,3,2023,2025-12-05 02:50:00,5,75,75115,2,2,1,3,Rue Castagnary,48.833564,2.309216
202300006963,9,7,2023,2025-12-05 19:40:00,1,73,73099,1,1,1,6,D925 - Pont De Detrier,45.44044346,6.09604731
202300006964,19,12,2023,2025-12-05 20:30:00,5,92,92060,2,2,2,3,Edouard Herriot (Avenue) Rd60,48.78236494,2.25911826
202300006965,23,11,2023,2025-12-05 16:11:00,1,84,84007,1,4,1,3,Bonpas ( Pont)-Montfavet,43.89102,4.91632
202300006966,21,3,2023,2025-12-05 16:00:00,1,75,75116,2,1,1,6,Rue De L Annonciation,48.856724,2.279208
202300006967,13,7,2023,2025-12-05 08:55:00,1,84,84019,2,1,1,6,Avenue Salvador Allende,44.288104,4.755728
202300006968,6,6,2023,2025-12-05 07:55:00,1,75,75115,2,2,1,2,Boulevard Pasteur,48.845123,2.311121
202300006969,12,7,2023,2025-12-05 13:15:00,1,38,38349,1,2,1,3,Rue Des Granges,45.328239,4.781606
202300006970,16,8,2023,2025-12-05 17:30:00,1,75,75103,2,2,1,3,Rue Des Archives,48.861253,2.358206
202300006971,23,11,2023,2025-12-05 17:30:00,5,83,83144,2,9,1,3,Rond Point De L'Universite,43.13660694,6.00025946
202300006972,21,3,2023,2025-12-05 13:39:00,1,75,75114,2,2,1,6,Rue De La Legion Etrangere,48.821782,2.325023
202300006973,22,9,2023,2025-12-05 07:45:00,1,19,19130,1,1,2,1,D1089,45.45651673,2.11570583
202300006974,6,6,2023,2025-12-05 01:50:00,5,75,75115,2,3,1,6,Quai De Grenelle,48.851697,2.285357
202300006975,16,8,2023,2025-12-05 10:08:00,1,75,75103,2,2,1,6,Rue Beaubourg,48.861222,2.353493
202300006976,24,11,2023,2025-12-05 18:50:00,5,83,83069,2,2,1,3,Avenue Ritondale Leopold,43.11553492,6.1395101
202300006977,22,3,2023,2025-12-05 11:15:00,1,75,75110,2,4,2,3,Rue Du Faubourg Saint Martin,48.874896,2.359003
202300006978,6,6,2023,2025-12-05 07:50:00,1,75,75114,2,1,1,3,Boulevard Brune,48.826531,2.310956
202300006979,27,6,2023,2025-12-05 18:20:00,1,26,26235,1,1,1,4,Route Departementale 59,44.367981,4.654341
202300006980,31,10,2023,2025-12-05 19:00:00,5,30,30269,2,1,1,1,Departementale 983,44.106628,3.886081
202300006981,16,8,2023,2025-12-05 19:17:00,1,94,94081,1,1,1,2,A86,48.77433,2.40512