num_acc,jour,mois,an,hrmn,lum,dep,com,agg,int,atm,col,adr,lat,long
202300006982,30,9,2023,2025-12-05 13:00:00,1,976,97611,2,1,1,6,M'Tsapere-Maeventana (Rue),-12.78901,45.219269
202300006983,22,3,2023,2025-12-05 02:50:00,5,75,75104,2,-1,1,7,Rue De La Cite,48.85359506,2.34711528
202300006984,5,6,2023,2025-12-05 12:15:00,1,75,75114,2,7,1,2,Avenue Du Colonel Henri Rol Tanguy,48.83405,2.332146
202300006985,12,7,2023,2025-12-05 12:35:00,1,1,1187,2,3,2,1,Route Des Lesines,45.973277,5.701459
202300006986,24,11,2023,2025-12-05 09:59:00,1,77,77186,2,2,8,3,D210,48.41296,2.70692
202300006987,20,6,2023,2025-12-05 19:45:00,1,94,94080,2,2,1,3,Rue De Fontenay,48.848412,2.434538
202300006988,6,9,2023,2025-12-05 16:45:00,1,976,97611,2,7,1,3,Kaweni-Kaweni Sud  (Z I),-12.76513,45.22595
202300006989,11,7,2023,2025-12-05 14:40:00,1,17,17089,1,1,1,1,D131,45.76661,-0.514673
202300006990,22,3,2023,2025-12-05 08:38:00,1,94,94041,2,5,1,3,Rue Hoche / Avenue Du General Leclerc,48.81073,2.38007
202300006991,24,11,2023,2025-12-05 17:45:00,5,76,76366,2,2,1,6,Rue Du General De Gaulle,49.50857,1.03934
202300006992,6,6,2023,2025-12-05 04:20:00,5,75,75113,2,2,1,2,Rue De Tolbiac,48.826169,2.359957
202300006993,16,8,2023,2025-12-05 18:30:00,1,94,94078,2,1,1,6,Rue De Verdun,48.73024,2.4478
202300006994,6,6,2023,2025-12-05 18:45:00,1,75,75112,2,1,1,6,Rue Eugenie Eboue,48.845696,2.386549
202300006995,14,12,2023,2025-12-05 08:10:00,5,89,89387,2,6,1,3,Barbier (Rond Point),48.20546,3.27762
202300006996,12,7,2023,2025-12-05 15:00:00,1,17,17121,1,9,1,4,Pk019+550 Rd735,46.198332,-1.426257
202300006997,16,8,2023,2025-12-05 11:00:00,1,94,94076,2,1,7,6,Rue De Chevilly,48.787272,2.354228
202300006998,22,3,2023,2025-12-05 19:45:00,5,94,94043,2,6,2,3,Avenue De Fontainebleau,48.80969,2.36264
202300006999,24,11,2023,2025-12-05 08:20:00,1,74,74012,2,1,1,6,Curioz (Rue Albert),46.18578,6.24607
202300007000,6,6,2023,2025-12-05 19:05:00,1,75,75111,2,1,1,6,Rue De Charonne,48.855275,2.388114
202300007001,22,12,2023,2025-12-05 18:00:00,5,62,62041,2,1,1,6,Rue Des Hirondelles,50.2895,2.74243
202300007002,19,8,2023,2025-12-05 11:00:00,1,94,94041,2,9,2,3,Boulevard De Stalingrad,48.80531133,2.37644564
202300007003,24,11,2023,2025-12-05 07:45:00,1,71,71270,2,1,8,6,Lyon (Route De),46.28724,4.80986
202300007004,11,7,2023,2025-12-05 18:15:00,1,60,60589,2,2,7,2,Route De Gouvieux,49.213694,2.447323
202300007005,6,6,2023,2025-12-05 15:25:00,1,75,75110,2,3,1,6,Rue Du Faubourg Saint Denis,48.881276,2.358117
202300007006,22,3,2023,2025-12-05 13:40:00,1,94,94076,2,2,1,3,Rue Francois Billoux,48.80221,2.35495
202300007007,18,8,2023,2025-12-05 06:35:00,1,94,94041,2,1,1,2,Avenue De Verdun,48.81297,2.37032
202300007008,26,12,2023,2025-12-05 05:04:00,4,59,59179,2,1,1,6,Rue De Denain,50.30914,3.38319
202300007009,12,7,2023,2025-12-05 13:00:00,1,60,60088,2,1,1,1,29 Rue Pasteur,49.19533,2.207801
202300007010,6,6,2023,2025-12-05 18:15:00,1,75,75108,2,1,1,6,Avenue De Marigny,48.869995,2.31551
202300007011,23,11,2023,2025-12-05 08:20:00,2,71,71270,2,3,1,6,Jaures (Quai),46.30769,4.83704
202300007012,22,3,2023,2025-12-05 17:50:00,1,94,94073,2,1,1,3,Avenue De Versailles,48.75756,2.38976
202300007013,11,7,2023,2025-12-05 18:30:00,1,60,60461,1,1,1,7,D513,49.446575,2.171967
202300007014,16,8,2023,2025-12-05 19:50:00,1,94,94041,2,1,1,3,Avenue Maurice Thorez,48.81857,2.37369
202300007015,6,6,2023,2025-12-05 11:10:00,1,75,75115,2,2,1,3,Rue De L Abbe Groult,48.840461,2.295719
202300007016,10,7,2023,2025-12-05 16:26:00,1,13,13106,1,1,1,3,A7-Sens Lyon Vers Marseille,43.38871837,5.35090093
202300007017,31,3,2023,2025-12-05 22:10:00,3,972,97210,2,1,1,5,N6,14.612654,-60.916572
202300007018,22,3,2023,2025-12-05 21:40:00,4,94,94022,2,1,1,3,7 Rue Alphonse Brault,48.76122,2.41045
202300007019,24,11,2023,2025-12-05 12:12:00,1,71,71153,2,2,2,4,Europe (Avenue De L'),46.80672,4.41712
202300007020,6,6,2023,2025-12-05 09:40:00,1,75,75107,2,1,1,6,Rue Vaneau,48.851216,2.319249
202300007021,25,3,2023,2025-12-05 22:55:00,5,972,97221,2,1,1,7,Medecin,14.505114,-60.98338
202300007022,11,7,2023,2025-12-05 11:45:00,1,13,13071,1,1,1,3,A7-Sens Lyon Vers Marseille,43.40656,5.3333
202300007023,19,8,2023,2025-12-05 16:00:00,1,94,94021,1,1,1,4,Avenue De Stalingrad,48.75892,2.36848
202300007024,22,3,2023,2025-12-05 17:30:00,1,94,94017,2,1,8,3,Avenue Du General De Gaulle,48.82114506,2.48801789
202300007025,24,11,2023,2025-12-05 10:40:00,1,71,71153,2,3,9,7,President Wilson (Rue Du),46.79688,4.43107
202300007026,6,6,2023,2025-12-05 12:00:00,1,75,75104,2,2,1,2,Boulevard Henri Iv,48.851051,2.362292
202300007027,23,6,2023,2025-12-05 22:30:00,5,972,97216,1,9,1,3,Route Nationale 1,14.827628,-61.03357
202300007028,17,8,2023,2025-12-05 16:25:00,1,94,94028,2,9,1,2,Route De Choisy,48.77966,2.443606
202300007029,5,6,2023,2025-12-05 22:50:00,5,94,94080,2,1,1,3,Avenue De Nogent,48.84456034,2.4396476
202300007030,10,7,2023,2025-12-05 11:00:00,1,13,13015,1,1,1,4,A515Cd-Gardanne Vers A51-Marseille,43.43001,5.39673
202300007031,5,6,2023,2025-12-05 06:30:00,1,972,97213,1,9,1,7,Autoroute A1,14.6181,-61.03027
202300007032,22,3,2023,2025-12-05 09:40:00,1,94,94017,2,2,2,3,Avenue Charles Baudin,48.81752,2.55521
202300007033,24,11,2023,2025-12-05 13:50:00,1,67,67365,2,3,1,3,Alfred Kastler (Rue),48.537767,7.695184
202300007034,11,8,2023,2025-12-05 19:00:00,2,94,94079,2,6,2,3,Boulevard Jean Monnet,48.83168764,2.53342983
202300007035,6,6,2023,2025-12-05 13:25:00,1,94,94046,2,1,1,3,279 Avenue Du General Leclerc,48.802568,2.447094
202300007036,11,7,2023,2025-12-05 00:50:00,5,13,13213,1,1,1,2,A507 Sens Aubagne- Marseille,43.32994,5.40539
202300007037,4,6,2023,2025-12-05 04:40:00,4,972,97213,1,1,1,6,Route Departementale 3_,14.600575,-60.997377
202300007038,24,11,2023,2025-12-05 14:30:00,1,67,67482,2,1,1,3,Colmar (Avenue De),48.55681,7.74766
202300007039,22,3,2023,2025-12-05 09:20:00,1,93,93066,2,5,2,3,Boulevard Anatole France / Rue Jules Saulnier,48.92553638,2.35066384
202300007040,3,6,2023,2025-12-05 20:30:00,5,972,97213,1,1,1,6,Route Nationale 1_,14.620511,-60.992706
202300007041,6,6,2023,2025-12-05 18:50:00,1,94,94034,2,2,1,3,Boulevard Pasteur,48.75756995,2.31638711
202300007042,18,8,2023,2025-12-05 16:40:00,1,93,93078,2,2,9,3,Avenue Georges Clemenceau / Avenue Charles De Gaulle,48.95812,2.55828
202300007043,24,11,2023,2025-12-05 06:11:00,5,64,64129,1,9,1,6,Bayonne De,43.30456,-0.40121
202300007044,6,6,2023,2025-12-05 19:00:00,1,94,94034,2,9,1,7,Avenue De Stalingrad,48.75772,2.32945
202300007045,5,11,2023,2025-12-05 17:55:00,3,74,74179,1,1,2,1,Rd 1508,45.997923,6.01024
202300007046,10,7,2023,2025-12-05 06:58:00,1,13,13026,1,1,1,2,A55-Sens Marseille Vers Martigues,43.37458,5.17922
202300007047,22,3,2023,2025-12-05 12:30:00,1,93,93031,2,1,2,4,Route De Saint-Leu,48.95668563,2.33153164
202300007048,20,8,2023,2025-12-05 08:20:00,1,93,93005,2,3,1,3,Avenue Raoul Dufy / Route Camille Pissaro,48.96012033,2.50218234
202300007049,24,11,2023,2025-12-05 21:45:00,5,64,64102,2,1,1,6,Aritxague (Bd D'),43.48675,-1.49057
202300007050,5,6,2023,2025-12-05 11:10:00,1,94,94011,2,3,1,3,Chemin De La Pompadour,48.76559422,2.47689195
202300007051,6,11,2023,2025-12-05 16:30:00,1,74,74003,1,1,2,5,D909,45.891726,6.255341
202300007052,11,7,2023,2025-12-05 18:10:00,1,33,33192,1,1,1,3,Rocade A 630,44.7872,-0.59805
202300007053,6,6,2023,2025-12-05 05:00:00,2,94,94022,2,1,1,6,Rue De La Remise Aux Faisans,48.75135,2.40737
202300007054,20,8,2023,2025-12-05 01:00:00,5,93,93007,2,3,1,1,Avenue Aristide Briand / Avenue Des Champs,48.94313,2.44165
202300007055,22,3,2023,2025-12-05 18:45:00,5,93,93005,2,1,2,5,Avenue Raoul Dufy,48.96258,2.49863
202300007056,6,7,2023,2025-12-05 01:25:00,4,59,59350,1,1,1,6,Route Nationale 356,50.63437307,3.08554162
202300007057,9,11,2023,2025-12-05 14:05:00,1,74,74010,2,1,3,6,Route De Thones,45.921366,6.177833
202300007058,24,11,2023,2025-12-05 19:00:00,5,64,64102,2,3,2,2,Louis De Foix (Avenue),43.50883,-1.46785
202300007059,6,6,2023,2025-12-05 13:40:00,1,75,75112,2,2,1,3,Avenue De Nogent,48.844494,2.4395
202300007060,11,7,2023,2025-12-05 18:49:00,1,91,91573,1,1,1,3,Rn 104,48.63133,2.519874
202300007061,16,8,2023,2025-12-05 18:00:00,1,93,93066,2,1,1,2,Rue Paul Eluard,48.93904364,2.34785682
202300007062,16,11,2023,2025-12-05 19:00:00,3,74,74150,1,1,2,1,Route Des Penets,46.27748,6.311606
202300007063,24,11,2023,2025-12-05 16:40:00,1,64,64102,2,1,1,3,Quatorze Avril (Avenue Du),43.50346,-1.46632
202300007064,19,3,2023,2025-12-05 12:00:00,1,93,93001,2,2,2,3,Rue Des Cites / Rue Sadi Carnot,48.90679,2.38766
202300007065,6,6,2023,2025-12-05 07:25:00,1,75,75112,2,5,1,3,Avenue Des Canadiens,48.817223,2.459069
202300007066,14,11,2023,2025-12-05 18:10:00,3,74,74282,1,1,3,1,Route Imperiale,45.958691,6.132721
202300007067,19,8,2023,2025-12-05 14:20:00,1,93,93064,2,2,1,3,Rue De Strasbourg / Rue Du Rhin,48.86688,2.49764
202300007068,11,7,2023,2025-12-05 13:09:00,1,91,91553,1,1,1,5,Rn 104,48.62811,2.47993
202300007069,24,11,2023,2025-12-05 11:10:00,1,63,63300,1,1,1,3,Rd 2009,45.87717877,3.12490163
202300007070,6,6,2023,2025-12-05 18:10:00,1,94,94002,2,1,1,3,Rue Paul Vaillant Couturier,48.80005,2.4226
202300007071,19,8,2023,2025-12-05 17:52:00,1,93,93055,2,3,7,1,Rue Davoust / Avenue Edouard Vaillant,48.89975,2.39611
202300007072,14,11,2023,2025-12-05 08:20:00,1,74,74256,1,1,3,5,Route De Passy,45.934442,6.649216
202300007073,22,3,2023,2025-12-05 08:40:00,1,92,92062,2,1,2,5,De Dion Bouton (Quai) Du 29 Au 65,48.88486,2.25046
202300007074,18,8,2023,2025-12-05 20:00:00,2,93,93048,2,1,1,6,Boulevard Aristide Briand,48.8686094,2.44755811
202300007075,24,11,2023,2025-12-05 22:49:00,5,63,63113,2,6,2,3,Giratoire Gordon Benett,45.78893,3.08042
202300007076,4,11,2023,2025-12-05 18:08:00,3,74,74177,2,1,3,1,D27,46.048648,6.181183
202300007077,5,6,2023,2025-12-05 19:30:00,1,95,95527,1,2,1,3,Arpenteur (Route De L'),49.0123935,2.52888322
202300007078,21,3,2023,2025-12-05 17:15:00,1,92,92036,2,3,1,3,General De Gaulle (Avenue) (Pairs),48.93378,2.31347
202300007079,20,8,2023,2025-12-05 19:40:00,1,93,93046,2,8,1,3,Avenue Gambetta,48.92083786,2.51538903
202300007080,24,11,2023,2025-12-05 19:36:00,5,63,63075,2,1,2,6,Gambetta (Boulevard),45.76782852,3.06260794
202300007081,6,6,2023,2025-12-05 16:00:00,1,93,93070,2,9,7,3,Rue Charles Schmidt,48.90379057,2.33360589
202300007082,4,11,2023,2025-12-05 01:30:00,3,74,74112,1,1,1,3,Route De Bellegarde,45.93458,6.077757
202300007083,21,3,2023,2025-12-05 14:40:00,1,92,92036,1,3,1,4,Laurent Cely (Avenue) (1/143),48.91760319,2.30815619
202300007084,16,8,2023,2025-12-05 19:22:00,1,93,93046,2,1,1,6,Allee Jean Coulon,48.92952,2.55304
202300007085,23,11,2023,2025-12-05 18:10:00,4,62,62386,2,1,1,6,D165,50.44776,2.74898
202300007086,6,6,2023,2025-12-05 14:00:00,1,93,93049,2,2,1,3,Rue Du Bois D'Avron / Avenue Carnot,48.86685179,2.50456212
202300007087,8,10,2023,2025-12-05 18:45:00,1,14,14076,2,1,1,7,Rue Des Blanchisseuses,49.234011,-0.298787
202300007088,18,8,2023,2025-12-05 18:18:00,1,93,93006,2,3,1,6,Rue De La Capsulerie / Rue Des Blancs Champs,48.86362178,2.41984407
202300007089,18,3,2023,2025-12-05 17:35:00,1,92,92036,2,1,1,2,Louis Calmel (Rue) (60/106),48.92365,2.28762
202300007090,6,6,2023,2025-12-05 12:10:00,1,93,93048,2,3,1,1,Rue De Rosny / Rue Nungesser,48.87079704,2.46842355
202300007091,28,10,2023,2025-12-05 16:35:00,1,14,14488,1,1,3,2,D515,49.260523,-0.264305
202300007092,21,11,2023,2025-12-05 17:15:00,5,62,62276,2,2,1,6,D947,50.50884322,2.80788356
202300007093,22,3,2023,2025-12-05 19:50:00,5,92,92062,2,1,1,6,France (Rue Anatole) Du 11 Au 33,48.88476571,2.2392945
202300007094,6,6,2023,2025-12-05 12:50:00,1,93,93031,2,1,1,6,Avenue Gallieni,48.96367238,2.29793139
202300007095,18,8,2023,2025-12-05 10:15:00,1,93,93029,2,3,1,3,Avenue Marceau,48.92917348,2.43414444
202300007096,15,11,2023,2025-12-05 17:50:00,5,62,62041,2,1,1,3,Rue Leon Gambetta,50.28794,2.77848
202300007097,29,10,2023,2025-12-05 11:05:00,1,14,14228,2,6,7,3,1 Voie Des Allies,49.294694,-0.377735
202300007098,20,3,2023,2025-12-05 08:40:00,1,92,92025,2,9,1,6,Charles De Gaulle (Bd),48.91339,2.23052
202300007099,6,6,2023,2025-12-05 07:42:00,1,93,93031,2,1,1,3,Boulevard Foch,48.94918111,2.32990891
202300007100,17,8,2023,2025-12-05 13:05:00,1,93,93047,2,2,1,3,Avenue Des Myosotis / Avenue Des Charmilles,48.89241,2.54886
202300007101,22,11,2023,2025-12-05 18:45:00,2,60,60159,2,1,1,6,Avenue De Bury Saint-Edmunds,49.40497,2.79883
202300007102,22,3,2023,2025-12-05 09:25:00,1,92,92024,2,1,2,6,General Leclerc (Rue Du) De (81 A 109),48.90966382,2.30673462
202300007103,6,6,2023,2025-12-05 18:35:00,1,93,93047,2,2,1,6,Rue De La Halle / Rue Des Perriers,48.9001,2.56897
202300007104,15,12,2023,2025-12-05 13:20:00,1,69,69092,2,4,1,3,Boulevard Roger Salengro,46.002378,4.719068
202300007105,6,6,2023,2025-12-05 09:10:00,1,93,93008,2,1,1,7,Chemin Lateral,48.90426,2.45486
202300007106,16,8,2023,2025-12-05 09:25:00,1,93,93010,2,2,1,3,Avenue Gallieni / Rue Auguste Polissard,48.90576398,2.4802797
202300007107,26,12,2023,2025-12-05 16:25:00,1,41,41061,1,3,1,3,D52,47.468913,1.404362
202300007108,24,11,2023,2025-12-05 15:50:00,1,60,60057,2,1,1,6,Rue Desgroux,49.42926054,2.0804404
202300007109,22,3,2023,2025-12-05 13:35:00,1,92,92012,2,1,8,7,Point Du Jour (Quai Du),48.83226,2.25954
202300007110,16,8,2023,2025-12-05 06:30:00,2,93,93008,2,1,1,6,Rue Hector Berlioz,48.90475563,2.45293086
202300007111,6,6,2023,2025-12-05 18:45:00,1,93,93001,2,1,1,3,Rue De La Nouvelle France,48.91332179,2.38698842
202300007112,8,12,2023,2025-12-05 19:06:00,5,44,44179,1,1,2,6,12 Le Grand Patis,47.375188,-1.450362
202300007113,24,11,2023,2025-12-05 18:05:00,3,59,59350,2,1,1,6,Jacquet Eugene Rue NdegPairs,50.63734,3.08576
202300007114,4,3,2023,2025-12-05 01:50:00,5,92,92009,1,1,1,6,Chevreuil ( Avenue ),48.90758358,2.26584703
202300007115,17,8,2023,2025-12-05 10:20:00,1,93,93005,2,2,1,3,Rue Jean Charcot / Avenue Boileau,48.93374,2.49056
202300007116,15,9,2023,2025-12-05 23:30:00,3,42,42183,1,1,1,2,N88,45.39732,4.35577
202300007117,4,6,2023,2025-12-05 18:40:00,1,92,92046,2,2,1,7,Fabien (Boulevard Du Colonel),48.81179547,2.28074402
202300007118,20,11,2023,2025-12-05 11:40:00,1,59,59183,2,2,3,6,Vangheluwe Robert,51.04262,2.40438
202300007119,22,3,2023,2025-12-05 19:18:00,2,34,34314,1,3,1,3,D17,43.746462,3.860038
202300007120,10,8,2023,2025-12-05 23:03:00,5,92,92078,2,3,1,6,8 Mai 1945 (Rue),48.93739328,2.32436299
202300007121,9,11,2023,2025-12-05 18:35:00,5,74,74012,2,2,2,6,Ferry (Avenue Jules),46.19299,6.23739
202300007122,23,3,2023,2025-12-05 18:18:00,2,974,97415,2,1,1,6,Boulevard Du Front De Mer,-21.004014,55.275157
202300007123,19,8,2023,2025-12-05 15:39:00,1,92,92075,2,1,1,6,Chatillon (Rue De),48.81639754,2.2831285
202300007124,24,11,2023,2025-12-05 08:35:00,1,59,59183,2,3,1,3,Peres Achille,51.01459812,2.33037304
202300007125,5,6,2023,2025-12-05 17:15:00,1,92,92022,2,3,1,3,Pave Des Gardes (Rue Du),48.80741999,2.18816891
202300007126,7,11,2023,2025-12-05 11:40:00,1,74,74012,2,1,2,6,Dupraz (Rue Du Cp Charles),46.19065,6.23525
202300007127,18,8,2023,2025-12-05 12:20:00,1,92,92063,2,1,1,6,Bonaparte (Avenue Napoleon) Nord,48.87064,2.15935
202300007128,23,3,2023,2025-12-05 00:35:00,3,51,51277,1,1,3,7,D57,48.618499,4.78286
202300007129,6,6,2023,2025-12-05 13:30:00,1,92,92063,2,1,1,6,Brossolette (Rue Pierre),48.88155666,2.18312949
202300007130,29,12,2023,2025-12-05 16:00:00,1,42,42095,2,1,1,6,Impasse Des Artisans,45.38816,4.299
202300007131,20,8,2023,2025-12-05 20:00:00,1,92,92050,2,1,1,6,Normandie Allee De,48.9006597,2.21694982
202300007132,23,11,2023,2025-12-05 13:40:00,1,56,56121,2,1,8,7,Blum ( Bd Leon ),47.748753,-3.3738803
202300007133,5,6,2023,2025-12-05 11:30:00,1,92,92050,2,1,1,6,Vaillant Couturier Paul Rue,48.88663,2.20115
202300007134,21,3,2023,2025-12-05 11:05:00,1,1,1248,2,3,1,7,D1083,45.896791,4.930905
202300007135,21,12,2023,2025-12-05 11:35:00,1,11,11262,2,3,1,6,Pyrenees (Place Et Avenue),43.18439,2.99883
202300007136,20,11,2023,2025-12-05 17:15:00,3,55,55029,2,1,3,6,Avenue Robert Schumann,48.7748,5.16838
202300007137,19,8,2023,2025-12-05 22:45:00,5,92,92050,2,2,1,6,Clemenceau Georges Avenue Ndeg Pair,48.8856014,2.21976149
202300007138,6,6,2023,2025-12-05 17:45:00,1,92,92026,2,1,1,2,Bezons  (De 01 A 22),48.89326,2.25231
202300007139,20,12,2023,2025-12-05 18:10:00,5,6,6083,2,1,8,6,Gorbio (Route De),43.77171,7.47849
202300007140,24,11,2023,2025-12-05 08:40:00,1,54,54395,2,1,1,6,Place Des Vosges,48.68504,6.18712
202300007141,19,8,2023,2025-12-05 18:35:00,1,92,92050,2,1,1,3,Republique Avenue De La,48.9057,2.21028
202300007142,22,3,2023,2025-12-05 20:10:00,3,66,66164,1,1,1,4,Adresse_Inconnue,42.78013632,2.89451122
202300007143,5,6,2023,2025-12-05 14:00:00,1,92,92025,2,2,1,3,Charles De Gaulle (Bd),48.910406,2.234649
202300007144,21,12,2023,2025-12-05 21:40:00,5,69,69034,1,1,1,2,Boulevard Peripherique Nord,45.79396787,4.82560649
202300007145,18,8,2023,2025-12-05 20:00:00,2,92,92049,2,2,1,7,Rolland Bld Romain Ndeg23 A 69,48.81973018,2.32552439
202300007146,23,11,2023,2025-12-05 18:40:00,5,54,54395,2,3,1,6,Rue Saint-Nicolas,48.68764808,6.18785888
202300007147,22,3,2023,2025-12-05 07:58:00,1,38,38337,1,1,1,3,D1085,45.346004,5.49741
202300007148,13,1,2023,2025-12-05 08:05:00,2,91,91086,1,1,2,7,Rn 104,48.62441,2.37737
202300007149,6,6,2023,2025-12-05 16:00:00,1,92,92024,2,3,1,3,Georges Boisseau (Rue),48.90274,2.31883
202300007150,23,11,2023,2025-12-05 13:27:00,1,54,54304,2,1,8,6,Boulevard Emile Zola,48.68143,6.15674
202300007151,12,8,2023,2025-12-05 12:10:00,1,92,92036,2,3,1,3,Laurent Cely (Avenue) (1/143),48.9218,2.30583
202300007152,23,3,2023,2025-12-05 11:10:00,1,66,66028,2,6,8,3,Adresse_Inconnue,42.685704,2.939995
202300007153,14,12,2023,2025-12-05 21:30:00,5,971,97101,2,1,1,7,Rn05,16.27119048,-61.51154995
202300007154,18,8,2023,2025-12-05 21:52:00,5,92,92035,2,1,1,6,National ( Boulevard ),48.90759868,2.23818719
202300007155,6,6,2023,2025-12-05 20:30:00,1,92,92023,2,1,1,6,Jean Baptiste Clement (Avenue),48.79075,2.26278
202300007156,23,3,2023,2025-12-05 06:45:00,2,80,80024,2,1,2,3,Rue Du Bois 14,49.93653681,2.26142943
202300007157,24,11,2023,2025-12-05 22:50:00,3,54,54159,1,1,2,6,Chemin De La Rigole,48.60811,6.3472
202300007158,30,12,2023,2025-12-05 14:40:00,1,40,40088,2,1,1,1,Perle (Rue De La),43.6988,-1.0632
202300007159,22,3,2023,2025-12-05 19:30:00,5,89,89074,2,1,8,6,Avenue Du Chateau,48.320327,3.128921
202300007160,6,6,2023,2025-12-05 08:27:00,1,92,92002,2,1,1,6,Rene Morin (Avenue),48.74691334,2.30713025
202300007161,16,8,2023,2025-12-05 17:20:00,1,92,92026,2,2,1,1,Verdun (De 01 A 61),48.89949704,2.26171035
202300007162,24,11,2023,2025-12-05 16:05:00,3,54,54099,1,1,3,2,Rd 906,49.2707,5.955
202300007163,6,6,2023,2025-12-05 23:15:00,3,2B,2B121,1,1,1,6,D 81,42.411273,8.683198
202300007164,11,4,2023,2025-12-05 12:00:00,1,11,11262,2,1,1,3,Adresse_Inconnue,43.192068,3.014093
202300007165,19,8,2023,2025-12-05 11:54:00,1,92,92024,2,3,1,3,Mederic (Rue) De (19 A 57)   (36   56),48.90663,2.29889
202300007166,21,3,2023,2025-12-05 18:24:00,1,63,63287,1,1,1,1,Rd 999,45.52272604,3.30135942
202300007167,27,12,2023,2025-12-05 16:45:00,1,68,68300,1,1,1,7,A35,47.780405,7.402468
202300007168,21,11,2023,2025-12-05 16:20:00,1,50,50129,2,1,1,6,Thomas (Rue Albert),49.65633,-1.68798
202300007169,20,5,2023,2025-12-05 15:00:00,1,33,33373,2,2,1,6,D10,45.027883,0.038892
202300007170,18,8,2023,2025-12-05 19:15:00,1,92,92023,2,2,1,3,General De Gaulle (Avenue Du),48.78638553,2.25398988
202300007171,22,3,2023,2025-12-05 16:35:00,1,12,12105,1,1,1,3,D 39,44.243593,2.080536
202300007172,28,12,2023,2025-12-05 12:52:00,1,17,17299,1,1,1,2,A837,45.962919,-0.962051
202300007173,6,6,2023,2025-12-05 18:00:00,1,85,85014,1,1,1,7,Le Loing (Riviere),46.662515,-0.937743
202300007174,23,11,2023,2025-12-05 18:05:00,5,49,49099,2,3,1,2,Boulevard Pierre De Coubertin,47.0484,-0.87439
202300007175,11,10,2023,2025-12-05 22:37:00,3,59,59316,1,1,1,7,Cd 952,50.57544,3.0037
202300007176,22,3,2023,2025-12-05 12:00:00,1,12,12056,1,1,1,1,N2088,44.286776,2.492051
202300007177,19,8,2023,2025-12-05 05:00:00,5,92,92012,2,2,1,3,Republique (Boulevard De La) 5/77Bis - 6,48.83208,2.25306
202300007178,7,6,2023,2025-12-05 22:00:00,5,974,97412,2,1,1,3,Rue Raphael Babet,-21.380581,55.609725
202300007179,23,11,2023,2025-12-05 17:41:00,5,49,49007,2,1,1,6,Blanchoin Boulevard,47.44645,-0.54383
202300007180,15,9,2023,2025-12-05 16:35:00,1,14,14055,1,3,1,3,Rd 675,49.259879,0.101291
202300007181,18,8,2023,2025-12-05 09:00:00,1,92,92007,2,2,1,6,Mathurins (Rue Des),48.79502562,2.30646041
202300007182,22,3,2023,2025-12-05 11:45:00,1,41,41232,2,2,1,6,Boulevard De La Republique,47.426668,2.052196
202300007183,6,6,2023,2025-12-05 10:50:00,1,1,1427,2,2,1,6,Rue De L'Hopital,45.941309,4.772089
202300007184,18,3,2023,2025-12-05 11:00:00,1,86,86161,1,1,1,6,D15,46.879191,0.033128
202300007185,6,6,2023,2025-12-05 10:20:00,1,68,68300,2,1,1,1,7 Rue De Mulhouse,47.78428,7.367465
202300007186,12,8,2023,2025-12-05 02:00:00,3,92,92004,2,2,1,1,Aulagnier ( Quai ),48.91395,2.30956
202300007187,18,12,2023,2025-12-05 19:50:00,1,92,92047,1,8,1,6,Gare,48.83704616,2.18468584
202300007188,16,8,2023,2025-12-05 17:00:00,1,60,60186,1,1,1,7,D127,49.441343,2.472653
202300007189,23,3,2023,2025-12-05 05:45:00,2,68,68004,2,4,1,3,Route De Thann,47.630741,7.236672
202300007190,7,6,2023,2025-12-05 08:15:00,1,1,1354,2,3,1,3,40 Rue De Lyon,46.240133,6.015497
202300007191,18,8,2023,2025-12-05 07:30:00,1,974,97415,2,1,7,6,Rue Gabriel Martin,-20.979257,55.318013
202300007192,4,6,2023,2025-12-05 11:40:00,1,6,6025,1,1,1,1,1368 Route De Nice,43.80398,7.172678
202300007193,16,12,2023,2025-12-05 07:45:00,1,988,98823,1,3,1,6,Moneo (Tribu) - Rt3/Voie Privee,-21.149865,165.479722
202300007194,20,8,2023,2025-12-05 14:05:00,1,974,97415,1,1,1,7,N1,-21.009162,55.277196
202300007195,23,3,2023,2025-12-05 10:57:00,1,25,25424,1,1,8,3,N57,47.084267,6.3516
202300007196,7,6,2023,2025-12-05 15:48:00,1,83,83070,2,9,1,6,Quai Baptistin Pins,43.137998,6.37265
202300007197,22,12,2023,2025-12-05 11:40:00,1,56,56151,1,2,1,3,Quistinidan,48.051321,-2.922953
202300007198,16,8,2023,2025-12-05 15:00:00,1,51,51224,1,5,2,3,N4,48.696336,4.693748
202300007199,7,6,2023,2025-12-05 16:58:00,1,72,72287,1,1,1,6,Route De La Noirie,47.860801,0.188935
202300007200,21,12,2023,2025-12-05 11:51:00,1,44,44195,2,3,1,6,4 Place  Guepin,47.35994,-1.94312
202300007201,19,8,2023,2025-12-05 16:55:00,1,1,1443,2,3,1,2,Rue De Dombes,46.000841,5.025414
202300007202,6,6,2023,2025-12-05 13:25:00,1,85,85109,2,2,1,1,Avenue De L'Aurore,46.865293,-0.987026
202300007203,23,10,2023,2025-12-05 12:18:00,1,88,88292,2,1,2,6,Rue Du General Leclerc,48.279366,6.133123