num_acc,jour,mois,an,hrmn,lum,dep,com,agg,int,atm,col,adr,lat,long
202300007204,6,6,2023,2025-12-05 15:00:00,1,4,4033,1,1,1,7,D900,44.443572,6.390055
202300007205,29,10,2023,2025-12-05 00:40:00,3,88,88306,1,1,2,6,Les Chacheux,48.402622,7.019121
202300007206,19,8,2023,2025-12-05 10:30:00,1,1,1105,1,1,1,1,D43,45.904255,4.875333
202300007207,5,6,2023,2025-12-05 21:30:00,1,91,91577,2,1,1,7,Route De Melun,48.599072,2.496997
202300007208,28,10,2023,2025-12-05 19:00:00,3,88,88470,1,1,2,1,11 Route Du Col De Bonnefontaine,48.09481,6.722174
202300007209,17,8,2023,2025-12-05 16:50:00,1,1,1244,2,3,7,2,8 Rue Des Maisons Neuves,45.904848,5.200564
202300007210,7,6,2023,2025-12-05 14:00:00,1,51,51488,1,1,1,6,D951,49.094704,3.977064
202300007211,6,6,2023,2025-12-05 19:35:00,1,24,24026,1,1,2,7,A89 - Pk 128.300,45.163412,0.839269
202300007212,20,8,2023,2025-12-05 03:00:00,3,62,62803,1,2,1,3,N42,50.7283342,1.90745008
202300007213,24,10,2023,2025-12-05 05:40:00,3,88,88054,1,1,1,1,Adresse_Inconnue,48.27398797,7.05404739
202300007214,23,10,2023,2025-12-05 11:45:00,1,88,88508,2,1,2,6,Rue De L'Etang,48.175614,6.208104
202300007215,7,6,2023,2025-12-05 06:20:00,1,32,32051,1,1,1,1,D4,43.539628,0.884303
202300007216,20,8,2023,2025-12-05 11:15:00,1,24,24309,2,2,1,3,Route De Mauriac,45.10065,0.444469
202300007217,6,6,2023,2025-12-05 20:15:00,1,71,71035,1,1,1,7,D187,46.483697,4.775689
202300007218,21,9,2023,2025-12-05 07:55:00,1,62,62757,2,1,3,3,D928,50.75605059,2.23419034
202300007219,14,8,2023,2025-12-05 12:25:00,1,24,24509,2,1,1,7,83 Route Des Landes,45.157416,0.382129
202300007220,4,6,2023,2025-12-05 03:56:00,3,61,61153,1,1,1,6,D924,48.712271,-0.173252
202300007221,18,8,2023,2025-12-05 13:00:00,1,83,83072,1,1,1,6,Chemin De Berne,43.51252426,6.36232263
202300007222,13,12,2023,2025-12-05 16:15:00,1,83,83126,2,3,1,3,Quatre Septembre (Bd Du),43.10375763,5.8717618
202300007223,6,6,2023,2025-12-05 16:00:00,1,42,42313,1,1,1,2,Route De Montbrison,45.732816,4.010171
202300007224,10,12,2023,2025-12-05 14:00:00,1,59,59279,2,1,1,3,Liberation (Rue De La),50.78143784,3.126868
202300007225,19,8,2023,2025-12-05 20:10:00,1,38,38199,1,1,1,3,Route De Chalon,45.496722,4.892156
202300007226,7,6,2023,2025-12-05 17:45:00,1,46,46034,1,3,1,3,Intersection Rd 840 Et Rd 653,44.700012,1.915929
202300007227,14,12,2023,2025-12-05 16:20:00,1,11,11262,2,1,1,5,Hugo (Quai Et Passerelle Victor),43.18088,3.00964
202300007228,7,6,2023,2025-12-05 12:25:00,1,47,47283,2,2,1,3,Rue Du Pont,44.478928,0.948746
202300007229,21,8,2023,2025-12-05 01:40:00,3,66,66136,1,1,1,2,Adresse_Inconnue,42.72767982,2.87861109
202300007230,16,7,2023,2025-12-05 16:00:00,1,43,43262,1,1,1,7,Rd 585,45.261355,3.400354
202300007231,29,12,2023,2025-12-05 10:05:00,1,44,44154,2,1,1,3,Avenue Guy Lafontaine,47.244593,-2.158036
202300007232,21,8,2023,2025-12-05 11:55:00,1,71,71047,1,1,1,3,Avenue Du Fourneau,46.63128,3.718869
202300007233,4,12,2023,2025-12-05 11:00:00,1,67,67550,1,1,4,7,Rd927,48.927102,7.746134
202300007234,21,5,2023,2025-12-05 12:15:00,1,47,47043,1,1,1,7,D108,44.23118908,0.27622318
202300007235,19,8,2023,2025-12-05 18:50:00,1,40,40296,2,3,7,6,2 Avenue Du Penon,43.687875,-1.42896
202300007236,20,8,2023,2025-12-05 15:15:00,1,40,40296,1,1,1,6,Avenue Des Lacs,43.707416,-1.420888
202300007237,23,8,2023,2025-12-05 13:35:00,1,9,9207,2,9,1,3,Pyrenees (Av Des),42.927008,1.635535
202300007238,19,8,2023,2025-12-05 05:45:00,3,76,76049,1,1,1,6,D1314,49.910777,1.424296
202300007239,10,10,2023,2025-12-05 08:54:00,1,26,26362,2,2,1,3,Chabeuil Avenue De (102),44.92732,4.91495
202300007240,18,10,2023,2025-12-05 16:30:00,1,13,13108,1,1,1,3,Arles (Petite Route D Arles Cd 35),43.75896,4.66677
202300007241,20,8,2023,2025-12-05 04:55:00,2,84,84137,1,1,1,2,Route D'Orange,44.251036,5.061098
202300007242,17,12,2023,2025-12-05 07:45:00,5,69,69387,2,1,1,6,20 Quai Claude Bernard,45.74988,4.83535
202300007243,19,8,2023,2025-12-05 17:40:00,1,21,21171,2,3,1,3,Rue De La Toison D'Or,47.302825,5.124682
202300007244,18,8,2023,2025-12-05 08:20:00,1,21,21261,1,1,7,6,A31 Pk: 038.200,47.270628,5.137696
202300007245,17,8,2023,2025-12-05 22:30:00,3,83,83023,1,1,1,1,A8,43.421706,6.074308
202300007246,18,8,2023,2025-12-05 07:35:00,1,68,68026,1,2,1,6,Croisement Entre 2 Chemins De Vigne,48.141209,7.339436
202300007247,16,8,2023,2025-12-05 18:45:00,1,68,68076,1,1,1,7,Canal De Colmar,48.10751,7.508163
202300007248,18,8,2023,2025-12-05 17:35:00,2,974,97422,2,6,1,2,Rue Paul Hermann,-21.269816,55.517848
202300007249,17,8,2023,2025-12-05 11:20:00,1,974,97422,2,1,1,6,Avenue De L'Europe,-21.277153,55.503252
202300007250,15,8,2023,2025-12-05 19:50:00,5,972,97225,2,1,1,2,135 Rue Bouille,14.742357,-61.176274
202300007251,19,8,2023,2025-12-05 23:20:00,3,83,83086,1,1,1,6,D1555,43.47376808,6.53657476
202300007252,10,8,2023,2025-12-05 17:15:00,1,11,11360,1,9,1,6,Route De Saint Pons,43.263741,2.902923
202300007253,13,8,2023,2025-12-05 02:50:00,3,63,63206,1,1,1,6,Lieu Dit Les Noyers,45.969504,2.978577
202300007254,18,8,2023,2025-12-05 14:30:00,1,28,28048,1,1,1,3,Route Nationale 10,48.322695,1.430814
202300007255,19,8,2023,2025-12-05 11:55:00,1,12,12057,1,1,1,6,D902,44.174648,2.53458
202300007256,15,8,2023,2025-12-05 14:50:00,1,86,86191,1,2,1,3,D54,46.486894,0.787234
202300007257,19,8,2023,2025-12-05 00:15:00,3,21,21247,1,1,1,6,A6,47.481872,4.177401
202300007258,17,8,2023,2025-12-05 14:57:00,1,21,21676,1,1,1,2,Auroute A6,47.453305,4.266858
202300007259,17,8,2023,2025-12-05 16:40:00,1,67,67302,2,3,1,2,Rue Du Marechal Joffre,48.746031,7.37836
202300007260,25,7,2023,2025-12-05 17:00:00,1,54,54314,1,3,8,6,D171,49.495511,5.713078
202300007261,19,8,2023,2025-12-05 23:00:00,5,1,1419,1,1,1,6,D89K,46.234231,6.006901
202300007262,17,8,2023,2025-12-05 19:00:00,1,29,29189,2,1,1,3,Rn165,48.386069,-4.395953
202300007263,19,8,2023,2025-12-05 12:55:00,1,91,91363,1,1,1,3,D446,48.663559,2.199411
202300007264,10,8,2023,2025-12-05 22:45:00,3,84,84037,1,1,1,1,D17,44.059932,4.801801
202300007265,16,8,2023,2025-12-05 15:40:00,1,62,62261,2,6,1,3,D940,50.48813048,1.62338207
202300007266,19,8,2023,2025-12-05 11:20:00,1,65,65153,1,1,1,7,D21,43.237629,0.20153
202300007267,20,8,2023,2025-12-05 23:50:00,3,50,50535,1,1,1,6,A84 Pr 180.080,48.755439,-1.278727
202300007268,20,8,2023,2025-12-05 03:20:00,3,44,44209,1,1,1,5,Adresse_Inconnue,47.338132,-1.654226
202300007269,16,8,2023,2025-12-05 18:18:00,1,48,48099,1,1,1,2,Adresse_Inconnue,44.56949,3.251191
202300007270,20,8,2023,2025-12-05 03:30:00,3,30,30315,1,1,1,6,Adresse_Inconnue,43.95053,4.708972
202300007271,20,8,2023,2025-12-05 15:35:00,1,50,50295,1,2,7,3,La Croix Mariee,48.956742,-1.200621
202300007272,22,7,2023,2025-12-05 06:00:00,2,47,47121,1,1,1,1,D933,44.35586571,0.10721139
202300007273,18,8,2023,2025-12-05 09:25:00,1,34,34270,2,9,1,1,26 Route De Montpellier,43.577173,3.834395
202300007274,24,6,2023,2025-12-05 15:00:00,1,35,35197,1,1,1,7,La Bourjauderie,48.2177163,-1.6231361
202300007275,19,8,2023,2025-12-05 14:50:00,1,57,57067,2,1,1,7,8 Route De Thionville,49.311463,6.185501
202300007276,18,8,2023,2025-12-05 16:50:00,1,57,57302,1,1,1,1,D90,48.63449683,6.95898056
202300007277,18,8,2023,2025-12-05 10:40:00,1,57,57253,1,1,1,6,D89,48.681384,6.895423
202300007278,20,8,2023,2025-12-05 08:00:00,1,57,57695,1,1,1,7,D19,49.130664,6.463778
202300007279,17,8,2023,2025-12-05 00:45:00,3,51,51412,1,1,1,7,Route Departementale 05 Ognes,48.700648,3.915006
202300007280,10,8,2023,2025-12-05 19:40:00,1,51,51069,1,1,1,7,D980,49.185967,3.855493
202300007281,16,8,2023,2025-12-05 17:50:00,1,59,59464,1,3,1,2,Chaussee Brunehaut,50.172724,3.615661
202300007282,19,8,2023,2025-12-05 15:20:00,1,95,95527,1,1,1,2,D317,49.02242,2.497587
202300007283,10,8,2023,2025-12-05 11:15:00,1,56,56102,1,2,1,3,Bocneuf La Riviere,47.965151,-2.617879
202300007284,18,8,2023,2025-12-05 12:00:00,1,56,56249,1,1,1,4,Les Alleux D8,47.995849,-2.460798
202300007285,15,8,2023,2025-12-05 11:00:00,1,56,56078,1,1,1,6,Kergaher,47.755613,-3.500741
202300007286,12,8,2023,2025-12-05 09:15:00,1,56,56243,2,1,1,6,Le Poulfanc,47.651686,-2.724009
202300007287,19,8,2023,2025-12-05 16:15:00,1,56,56155,2,3,1,5,Bilaire,47.4715424,-2.4673462
202300007288,17,8,2023,2025-12-05 16:55:00,1,56,56221,1,3,1,1,Le Bois Guy,47.650631,-2.218541
202300007289,19,8,2023,2025-12-05 00:00:00,4,59,59663,2,1,1,6,Route De Steenvoorde,50.876814,2.473297
202300007290,16,8,2023,2025-12-05 18:40:00,1,78,78346,1,2,1,3,D928,48.928445,1.609618
202300007291,21,8,2023,2025-12-05 16:10:00,1,67,67277,1,1,1,1,Route Du Rhin,48.187978,7.562628
202300007292,19,8,2023,2025-12-05 12:45:00,1,76,76260,2,3,1,3,Promenade En Pays De Bray,49.478665,1.740174
202300007293,17,8,2023,2025-12-05 22:16:00,3,76,76146,1,1,1,6,D919,49.588069,1.387689
202300007294,18,8,2023,2025-12-05 02:00:00,3,76,76123,2,3,1,3,D47,49.543063,1.110276
202300007295,20,9,2023,2025-12-05 15:20:00,1,62,62178,2,3,1,2,Rue De La Republique,50.47936186,2.54099572
202300007296,13,8,2023,2025-12-05 19:40:00,1,79,79007,1,1,1,7,Adresse_Inconnue,46.564172,-0.414305
202300007297,20,9,2023,2025-12-05 11:25:00,1,59,59476,1,1,1,1,Rd 643,50.14377,3.20966
202300007298,19,8,2023,2025-12-05 12:45:00,1,2A,2A271,1,9,1,1,Gare De Mezzana,41.979592,8.833974
202300007299,21,9,2023,2025-12-05 14:30:00,1,58,58194,2,2,2,3,Pere De Foucauld,46.99494,3.127011
202300007300,18,8,2023,2025-12-05 15:45:00,1,2B,2B283,1,1,1,5,Rt 10,41.869229,9.397339
202300007301,21,8,2023,2025-12-05 17:46:00,1,80,80240,2,4,7,1,Rue De Peronne,49.933133,2.952294
202300007302,20,9,2023,2025-12-05 21:42:00,5,55,55029,2,3,1,3,Verdun ( Rue De ),48.77048626,5.16799986
202300007303,20,9,2023,2025-12-05 12:10:00,1,54,54304,2,1,1,6,Moselle (Rue De La),48.699144,6.135551
202300007304,18,8,2023,2025-12-05 00:20:00,3,80,80167,1,1,1,1,D928,50.195427,1.879577
202300007305,21,9,2023,2025-12-05 17:45:00,1,54,54382,2,1,3,6,Route De Longwy,49.53551,5.76699
202300007306,17,8,2023,2025-12-05 22:20:00,3,80,80008,2,1,1,6,Grand Rue,50.033314,1.618364
202300007307,21,9,2023,2025-12-05 13:00:00,1,54,54036,1,1,1,7,Rd139,49.292782,5.980179
202300007308,17,8,2023,2025-12-05 13:54:00,1,82,82186,2,1,1,1,Avenue Du Quercy,44.114535,0.895418
202300007309,21,9,2023,2025-12-05 12:50:00,1,51,51454,2,1,2,7,Champagne   (  Avenue De),49.2248,4.02606
202300007310,17,8,2023,2025-12-05 13:24:00,1,82,82112,1,9,1,6,1638 Cote De Saint-Julien,44.154218,1.097855
202300007311,21,9,2023,2025-12-05 08:30:00,1,50,50502,1,1,1,6,Fumichon (Lieu Dit),49.09732,-1.05828
202300007312,21,8,2023,2025-12-05 08:40:00,1,82,82002,1,1,1,1,Route De Daynes,44.065687,1.451649
202300007313,20,9,2023,2025-12-05 13:00:00,1,50,50129,2,3,1,3,Maritime (Boulevard),49.64721,-1.59376
202300007314,19,8,2023,2025-12-05 03:45:00,3,82,82087,1,1,1,7,Route De Vazerac,44.153972,1.223736
202300007315,29,7,2023,2025-12-05 19:15:00,1,82,82087,2,1,1,3,Lieu Dit Camparnaud,44.134706,1.195756
202300007316,19,9,2023,2025-12-05 12:10:00,1,49,49099,2,2,1,3,Marcel Doutreligne,47.0474,-0.84767
202300007317,18,8,2023,2025-12-05 15:45:00,1,65,65195,1,1,1,7,Route De Val Louron,42.8084,0.401223
202300007318,20,9,2023,2025-12-05 16:13:00,1,49,49007,2,1,1,7,Barange Boulevard,47.45508,-0.56879
202300007319,17,8,2023,2025-12-05 09:30:00,1,65,65039,1,1,1,3,Route Du Col D918,42.925593,0.34785
202300007320,21,9,2023,2025-12-05 20:10:00,4,45,45298,2,1,2,2,Rue Des Hautes Levees,47.88866,1.86156
202300007321,20,8,2023,2025-12-05 08:20:00,1,65,65452,1,1,1,6,Route De Bonnefont,43.3012767,0.36253582
202300007322,21,9,2023,2025-12-05 12:15:00,1,45,45302,2,1,3,6,D2701 Pr 2 + 1,47.94224,1.88433
202300007323,21,8,2023,2025-12-05 12:15:00,1,33,33316,1,2,1,3,Saint Laurent,44.755842,0.123473
202300007324,21,9,2023,2025-12-05 09:40:00,1,45,45298,1,1,3,1,D951 Pr 96 + 730,47.87569797,1.84913939
202300007325,19,8,2023,2025-12-05 15:10:00,1,33,33400,1,1,1,6,D16,44.672201,0.063112
202300007326,21,9,2023,2025-12-05 09:05:00,1,45,45234,2,1,3,2,206 Rue Du Faubourg Bannier,47.92053,1.8982
202300007327,18,8,2023,2025-12-05 02:00:00,3,32,32079,1,1,1,7,D264,43.921591,0.131943
202300007328,21,9,2023,2025-12-05 19:35:00,1,44,44109,2,1,3,3,Quai De La Fosse,47.20863,-1.56795
202300007329,17,8,2023,2025-12-05 13:30:00,1,32,32127,2,1,1,6,4 Rue De L'Armagnac,43.866604,-0.108311
202300007330,20,8,2023,2025-12-05 17:45:00,1,71,71314,1,1,1,6,Route De Saint Germain Du Bois,46.804815,5.306847
202300007331,21,9,2023,2025-12-05 15:40:00,1,38,38169,2,9,1,3,Boulevard Paul Langevin,45.197245,5.671739
202300007332,19,8,2023,2025-12-05 01:45:00,3,89,89428,2,1,8,6,1 Route De Courtenay,48.225339,3.031385
202300007333,21,9,2023,2025-12-05 18:00:00,1,37,37261,2,3,2,6,Saint Vincent De Paul (Avenue),47.35901,0.7048
202300007334,20,8,2023,2025-12-05 04:45:00,3,89,89436,1,1,1,7,24 Rue Des Roches,48.016338,3.719018
202300007335,20,9,2023,2025-12-05 14:00:00,1,37,37261,2,1,1,6,Victoire (Rue De La),47.39275,0.67867
202300007336,18,8,2023,2025-12-05 16:45:00,1,89,89158,1,1,1,6,D6,47.518534,3.299975
202300007337,20,9,2023,2025-12-05 10:20:00,1,35,35238,2,2,1,3,Tour D'Auvergne (Bd De La),48.10544,-1.68464
202300007338,20,8,2023,2025-12-05 10:40:00,1,63,63097,1,1,1,7,D23 Pk 18+500,45.49128896,3.06965785
202300007339,19,9,2023,2025-12-05 04:45:00,3,35,35238,1,1,1,2,Rn136,48.08412,-1.6987
202300007340,20,8,2023,2025-12-05 14:15:00,1,63,63010,2,1,1,6,Route De Dore L'Eglise,45.407218,3.727895
202300007341,20,9,2023,2025-12-05 12:10:00,1,34,34003,2,6,1,3,Soleil (G15 A J18,43.303261,3.485677
202300007342,20,9,2023,2025-12-05 18:20:00,2,31,31555,2,1,1,1,Launaguet (Rte De) Du 1Au 109,43.647,1.439
202300007343,19,9,2023,2025-12-05 18:15:00,1,30,30007,2,3,1,3,Quai Boissier De Sauvages,44.12728,4.07709
202300007344,21,9,2023,2025-12-05 17:05:00,1,26,26198,1,3,1,3,Route Du Teil,44.55392,4.71145
202300007345,21,9,2023,2025-12-05 02:00:00,5,13,13208,2,2,2,3,Liandier (Rue),43.27844,5.3923
202300007346,20,9,2023,2025-12-05 17:20:00,1,13,13209,2,1,2,2,Lancier (Chemin Du),43.24652133,5.3956803
202300007347,20,9,2023,2025-12-05 17:50:00,1,11,11069,2,9,8,3,3 Route De Montreal,43.21193,2.33005
202300007348,20,9,2023,2025-12-05 14:05:00,1,11,11069,2,1,2,7,690 Boulevard Denis Papin,43.209215,2.32315
202300007349,20,9,2023,2025-12-05 17:28:00,1,10,10387,2,1,1,-1,Edouard Herriot (Rue),48.27415,4.0835
202300007350,21,9,2023,2025-12-05 15:15:00,1,7,7281,1,1,3,6,C.D.533,44.93268,4.81451
202300007351,19,9,2023,2025-12-05 12:35:00,1,6,6069,2,1,2,2,Sidi Brahim (Avenue),43.64965,6.93231
202300007352,20,9,2023,2025-12-05 18:50:00,2,5,5023,2,6,2,7,Maisons Blanches (Rue Des),44.882057,6.622711
202300007353,20,9,2023,2025-12-05 14:29:00,1,2,2722,2,1,1,6,39 Rue Saint Christophe,49.38196,3.32173
202300007354,21,9,2023,2025-12-05 16:19:00,1,75,75113,2,1,1,3,Porte D Italie,48.817884,2.35351
202300007355,20,9,2023,2025-12-05 22:20:00,5,75,75118,2,1,1,2,Bd Peripherique Exterieur,48.901208,2.353476
202300007356,20,9,2023,2025-12-05 22:20:00,3,75,75114,2,1,1,7,Bd Peripherique Interieur,48.817212,2.334982
202300007357,20,9,2023,2025-12-05 20:15:00,5,75,75120,2,1,1,2,Bd Peripherique Interieur,48.847428,2.41456
202300007358,20,9,2023,2025-12-05 18:30:00,1,75,75116,2,1,1,2,Bd Peripherique Intereiur,48.861934,2.2646
202300007359,20,9,2023,2025-12-05 14:03:00,1,75,75116,2,1,1,2,Echangeur Maillot,48.87827311,2.28020364
202300007360,21,9,2023,2025-12-05 05:51:00,5,75,75108,2,5,2,6,Boulevard Haussmann,48.87378,2.327025
202300007361,21,9,2023,2025-12-05 18:25:00,2,75,75105,2,1,1,3,Boulevard De Port Royal,48.838706,2.340566
202300007362,21,9,2023,2025-12-05 17:05:00,1,75,75106,2,2,1,6,Boulevard Du Montparnasse,48.843125,2.326434
202300007363,21,9,2023,2025-12-05 12:00:00,1,75,75105,2,2,2,6,Avenue De L Observatoire,48.83968373,2.33668149
202300007364,21,9,2023,2025-12-05 07:45:00,2,75,75105,2,7,2,3,Place Valhubert,48.844413,2.365025
202300007365,21,9,2023,2025-12-05 02:15:00,5,75,75117,2,3,2,3,Avenue De Clichy,48.889985,2.321249
202300007366,21,9,2023,2025-12-05 18:40:00,1,75,75116,2,1,1,3,Avenue Victor Hugo,48.87002,2.286183
202300007367,21,9,2023,2025-12-05 15:30:00,1,75,75115,2,2,2,3,Quai De Grenelle,48.84933,2.281625
202300007368,21,9,2023,2025-12-05 15:00:00,1,75,75115,2,2,2,3,Rue Lecourbe,48.836861,2.283584
202300007369,21,9,2023,2025-12-05 09:15:00,1,75,75115,2,1,2,2,Boulevard De Vaugirard,48.840797,2.316274
202300007370,21,9,2023,2025-12-05 08:10:00,1,75,75115,2,1,2,3,Rue Balard,48.839032,2.278283
202300007371,21,9,2023,2025-12-05 09:45:00,1,75,75115,2,1,2,7,Boulevard Lefebvre,48.82787806,2.30417848
202300007372,20,9,2023,2025-12-05 11:50:00,1,75,75114,2,2,1,6,Rue D Alesia,48.826531,2.34159
202300007373,21,9,2023,2025-12-05 08:05:00,1,75,75113,2,2,2,3,Avenue Des Gobelins,48.833414,2.35421
202300007374,21,9,2023,2025-12-05 17:38:00,1,75,75107,2,1,1,3,Rue Saint Dominique,48.859949,2.316205
202300007375,21,9,2023,2025-12-05 14:55:00,1,75,75107,2,7,2,3,Place Vauban,48.853276,2.313018
202300007376,21,9,2023,2025-12-05 08:40:00,1,75,75102,2,1,2,7,Boulevard Des Italiens,48.871808,2.339045
202300007377,21,9,2023,2025-12-05 07:50:00,1,75,75101,2,2,2,7,Boulevard De Sebastopol,48.861985,2.350163
202300007378,19,9,2023,2025-12-05 17:45:00,1,75,75104,2,2,1,3,Pont De Sully,48.850802,2.361437
202300007379,21,9,2023,2025-12-05 11:25:00,1,94,94068,2,1,2,2,Avenue Du Bac,48.79555,2.50881
202300007380,21,9,2023,2025-12-05 20:40:00,3,94,94041,2,9,1,6,Avenue De Verdun,48.80785069,2.37493944
202300007381,21,9,2023,2025-12-05 01:15:00,3,94,94073,2,9,1,3,Avenue De Fontainebleau,48.748086,2.36933
202300007382,20,9,2023,2025-12-05 21:20:00,5,94,94028,2,1,1,6,Rue Du Docteur Ramon,48.77289781,2.46571465
202300007383,21,9,2023,2025-12-05 19:45:00,2,94,94077,2,1,2,6,Route D'Orly,48.7396272,2.4068071
202300007384,21,9,2023,2025-12-05 18:50:00,1,94,94069,2,1,1,2,Avenue Saint Maurice Du Valais,48.81679,2.45947
202300007385,21,9,2023,2025-12-05 11:20:00,1,94,94017,2,1,2,6,Avenue Du General De Gaulle,48.82492,2.50092
202300007386,21,9,2023,2025-12-05 11:35:00,1,94,94070,2,1,3,2,Rte De Paris,48.720016,2.566071
202300007387,21,9,2023,2025-12-05 16:50:00,1,94,94002,2,1,2,2,43 Rue Emile Zola,48.79966592,2.42591147
202300007388,21,9,2023,2025-12-05 17:48:00,1,93,93073,2,2,1,3,Avenue Diderot / Avenue Jacques Debris,48.95619243,2.57665034
202300007389,21,9,2023,2025-12-05 13:45:00,1,93,93073,1,9,3,6,Rue Du Chapitre,49.00207,2.53705
202300007390,21,9,2023,2025-12-05 16:35:00,1,93,93079,2,1,1,2,Avenue Jean-Baptiste Clement,48.957502,2.33789
202300007391,21,9,2023,2025-12-05 13:40:00,1,93,93079,2,1,2,7,Route De Saint-Leu,48.95048673,2.34042853
202300007392,21,9,2023,2025-12-05 20:15:00,5,93,93027,2,3,8,5,Avenue Paul Vaillant Couturier / Rue Jean Vernet,48.92354884,2.41391985
202300007393,21,9,2023,2025-12-05 14:56:00,1,93,93008,2,1,2,2,Rue De Paris,48.9010677,2.45520696
202300007394,20,9,2023,2025-12-05 14:10:00,1,93,93008,2,1,2,6,Avenue Jean Jaures,48.905009,2.439478
202300007395,21,9,2023,2025-12-05 10:20:00,1,93,93008,2,2,2,3,Rue De Paris,48.89854,2.44187
202300007396,20,9,2023,2025-12-05 20:40:00,5,92,92051,2,1,1,6,"Charles De Gaulle (Avenue, Ndeg 18 A 116)",48.88127679,2.27171302
202300007397,21,9,2023,2025-12-05 09:15:00,1,92,92050,2,3,3,6,Fontanot Rue Des Trois,48.8946017,2.22532332
202300007398,21,9,2023,2025-12-05 13:40:00,1,92,92049,2,1,3,6,Barbes Rue,48.81746,2.32664
202300007399,21,9,2023,2025-12-05 13:00:00,1,92,92020,2,2,2,3,Peri Rue Gabriel,48.80189,2.28738
202300007400,21,9,2023,2025-12-05 13:33:00,1,92,92040,2,1,3,6,Gambetta (Boulevard),48.82745264,2.2770282
202300007401,21,9,2023,2025-12-05 16:00:00,1,92,92004,2,2,1,3,Emile Zola ( Rue ),48.92460758,2.28409876
202300007402,20,9,2023,2025-12-05 18:00:00,1,92,92036,2,1,1,3,Bas ( Rue Des ),48.91434,2.29697
202300007403,21,9,2023,2025-12-05 18:15:00,1,92,92002,2,2,1,6,Mirabeau (Rue),48.74771059,2.29932368
202300007404,21,9,2023,2025-12-05 12:00:00,1,92,92002,2,3,2,3,Bois De Verrieres (Avenue Du),48.75657189,2.2816658
202300007405,22,9,2023,2025-12-05 07:15:00,1,2A,2A065,1,1,2,6,"Pont De Chiuni, D81",42.1802579,8.61484382
202300007406,20,9,2023,2025-12-05 20:20:00,5,6,6161,2,1,1,3,Route Departementale 6007,43.633353,7.134181
202300007407,22,9,2023,2025-12-05 07:55:00,1,974,97412,2,1,1,3,Rue Juliette Dodu,-21.378789,55.613293
202300007408,22,9,2023,2025-12-05 10:15:00,1,972,97212,2,1,1,6,Les Deux Terres,14.701453,-61.013839
202300007409,21,9,2023,2025-12-05 17:30:00,1,44,44051,1,1,1,3,Le Tertre,47.665449,-1.68932
202300007410,21,9,2023,2025-12-05 10:00:00,1,30,30334,2,3,2,7,Adresse_Inconnue,43.990703,4.42874
202300007411,22,8,2023,2025-12-05 19:40:00,1,91,91560,1,6,1,3,D35,48.675012,2.168072
202300007412,22,9,2023,2025-12-05 09:45:00,1,56,56204,1,1,1,6,La Ville Bretonne,47.918323,-2.73029
202300007413,14,9,2023,2025-12-05 14:30:00,1,67,67088,2,1,1,7,Dehlingen,48.98673,7.191389
202300007414,19,9,2023,2025-12-05 16:30:00,1,2B,2B123,2,6,1,3,Intersection D 344 Et Rue Du Renosu,42.017042,9.4042
202300007415,15,9,2023,2025-12-05 21:20:00,3,80,80649,1,2,1,3,D32D,50.316655,1.630247
202300007416,21,9,2023,2025-12-05 20:50:00,3,65,65161,1,1,9,2,N21,43.34513915,0.13458095
202300007417,22,9,2023,2025-12-05 14:30:00,1,63,63132,1,1,2,3,Adresse_Inconnue,45.617504,3.550301
202300007418,21,9,2023,2025-12-05 12:20:00,1,49,49345,1,9,1,3,D120,47.286158,-0.520949
202300007419,21,9,2023,2025-12-05 17:40:00,1,34,34140,2,9,1,6,Avenue Ingarrigues,43.376462,3.177677
202300007420,21,9,2023,2025-12-05 09:56:00,1,68,68138,2,1,1,6,16 Rue De Bettendorf,47.585586,7.259113
202300007421,22,9,2023,2025-12-05 09:20:00,1,39,39470,1,1,8,1,Adresse_Inconnue,46.499017,6.099292
202300007422,20,9,2023,2025-12-05 13:45:00,1,44,44129,1,1,1,6,L'Ile Bayon,47.3817909,-2.0516574
202300007423,21,9,2023,2025-12-05 20:05:00,2,44,44146,1,1,2,6,12 Arche,47.77435576,-1.41385674
202300007424,19,9,2023,2025-12-05 19:55:00,5,29,29235,2,4,2,3,Rue Brizeux,48.406172,-4.391079
202300007425,22,9,2023,2025-12-05 09:50:00,1,29,29174,1,1,1,7,Route De Quelordan,47.872401,-4.240382
202300007426,21,9,2023,2025-12-05 15:00:00,1,3,3062,2,1,2,1,D35,46.183099,3.164964
202300007427,22,9,2023,2025-12-05 11:45:00,1,15,15074,1,1,2,1,N 122,44.931949,2.492545
202300007428,20,9,2023,2025-12-05 23:45:00,3,26,26113,1,1,1,7,D93,44.766481,5.330815
202300007429,22,9,2023,2025-12-05 03:40:00,3,50,50273,1,1,3,2,Route De La Haye Du Puits,49.292497,-1.521649
202300007430,22,9,2023,2025-12-05 00:35:00,3,18,18008,1,1,2,7,Adresse_Inconnue,46.952826,2.349079
202300007431,18,9,2023,2025-12-05 15:00:00,1,43,43051,2,2,1,3,Route De Saint-Agreve,45.055667,4.313464
202300007432,19,9,2023,2025-12-05 18:35:00,1,36,36088,2,3,1,6,Chemin Du Postillon,46.95174652,1.99873388