num_acc,jour,mois,an,hrmn,lum,dep,com,agg,int,atm,col,adr,lat,long
202300007433,20,9,2023,2025-12-05 22:42:00,5,30,30307,1,1,3,6,Adresse_Inconnue,44.19419,4.043602
202300007434,22,9,2023,2025-12-05 16:45:00,1,30,30061,1,9,1,6,Adresse_Inconnue,43.934951,4.254504
202300007435,21,9,2023,2025-12-05 18:56:00,1,48,48074,1,1,8,6,Pk 13 D996,44.204374,3.336695
202300007436,21,9,2023,2025-12-05 18:20:00,1,63,63370,1,9,2,7,Autoroute A89,45.666321,2.682445
202300007437,22,9,2023,2025-12-05 15:45:00,1,6,6018,2,1,1,6,Chemin Neuf,43.6278,7.095461
202300007438,20,9,2023,2025-12-05 13:40:00,1,68,68297,1,1,1,2,A35,47.605496,7.52944
202300007439,22,9,2023,2025-12-05 14:00:00,1,30,30189,1,1,1,5,Adresse_Inconnue,43.806524,4.363106
202300007440,21,9,2023,2025-12-05 13:40:00,1,974,97422,2,1,1,6,112 Rue Raphael Douyere,-21.21323,55.552524
202300007441,25,8,2023,2025-12-05 06:45:00,2,83,83079,1,3,1,3,D98,43.212081,6.493499
202300007442,22,9,2023,2025-12-05 16:00:00,1,13,13035,1,1,7,1,Route D?Orgon,43.708625,5.02794
202300007443,4,9,2023,2025-12-05 08:00:00,2,13,13027,2,1,1,3,D28,43.885295,4.864503
202300007444,22,9,2023,2025-12-05 09:30:00,2,63,63284,2,6,1,3,Avenue Roger Prat /Chemin De La Quarte,45.8006,3.243005
202300007445,22,9,2023,2025-12-05 17:00:00,1,38,38087,2,1,2,6,Avenue Leon Blum,45.581236,4.796814
202300007446,16,9,2023,2025-12-05 18:00:00,1,7,7235,2,1,2,1,D116,44.808787,4.188956
202300007447,7,9,2023,2025-12-05 16:20:00,1,1,1249,2,3,7,3,Rue Des Brotteaux,45.823231,4.966727
202300007448,9,9,2023,2025-12-05 11:49:00,1,69,69107,1,1,1,6,Route Du Col,46.03609394,4.51972483
202300007449,20,9,2023,2025-12-05 19:15:00,1,33,33243,2,6,1,3,Avenue Du General De Gaulle,44.90319,-0.221947
202300007450,21,9,2023,2025-12-05 09:00:00,1,50,50294,1,1,1,3,D352 Pr 01.500,49.602742,-1.640825
202300007451,22,9,2023,2025-12-05 19:00:00,2,27,27412,1,1,1,6,D79,49.272019,1.123996
202300007452,22,9,2023,2025-12-05 11:30:00,1,60,60106,1,9,2,6,D37,49.38691161,2.45605803
202300007453,21,9,2023,2025-12-05 22:15:00,3,2,2495,1,1,1,6,33 Avenue De Verdun,49.965963,4.053741
202300007454,21,9,2023,2025-12-05 13:40:00,1,59,59531,2,1,3,6,2 Rue Du Cateau,50.075547,3.530796
202300007455,22,9,2023,2025-12-05 08:30:00,1,59,59250,1,6,1,3,Fournes-En-Weppes,50.58434,2.907665
202300007456,21,9,2023,2025-12-05 11:00:00,1,13,13005,1,1,1,2,A52-Sens Toulon Vers Pont De L'Etoile,43.3236,5.5981
202300007457,20,9,2023,2025-12-05 18:00:00,1,13,13019,1,1,2,3,A51-Sens Marseille Vers Aix En Provence,43.4213827,5.36970087
202300007458,21,9,2023,2025-12-05 07:10:00,2,13,13028,1,1,3,6,A50,43.195996,5.645306
202300007459,6,9,2023,2025-12-05 18:00:00,1,69,69256,1,1,1,2,Autoroute 42,45.80420156,4.92603372
202300007460,21,9,2023,2025-12-05 06:49:00,2,67,67482,2,1,1,2,M350,48.59696,7.74994
202300007461,21,9,2023,2025-12-05 17:30:00,1,91,91339,1,1,1,5,Rn 104,48.62387,2.2661
202300007462,21,9,2023,2025-12-05 15:40:00,1,91,91136,1,1,2,6,Autoroute A10,48.71073,2.28843
202300007463,21,9,2023,2025-12-05 09:20:00,1,91,91235,1,1,3,7,Rn 104,48.626,2.353
202300007464,21,9,2023,2025-12-05 07:45:00,1,91,91286,1,1,2,3,Autoroute A6,48.65409,2.38047
202300007465,21,9,2023,2025-12-05 15:25:00,1,78,78640,1,1,2,5,A86 Ext,48.777254,2.223418
202300007466,21,9,2023,2025-12-05 09:00:00,1,78,78217,1,1,3,6,A13,48.963053,1.833688
202300007467,19,9,2023,2025-12-05 08:28:00,1,78,78640,1,1,1,3,N118,48.784529,2.223155
202300007468,21,9,2023,2025-12-05 19:00:00,1,93,93029,1,1,8,3,Autoroute A86,48.91636,2.42967
202300007469,21,9,2023,2025-12-05 16:45:00,1,92,92036,1,1,1,7,Autoroute A86,48.93897699,2.3024278
202300007470,21,9,2023,2025-12-05 11:30:00,1,93,93027,1,1,3,4,Autoroute A1,48.93557,2.40278
202300007471,21,9,2023,2025-12-05 10:00:00,1,92,92036,1,1,3,3,Autoroute A15,48.94364712,2.28775617
202300007472,21,9,2023,2025-12-05 08:45:00,1,93,93010,1,1,3,6,Autoroute A3,48.90759,2.47309
202300007473,21,9,2023,2025-12-05 21:25:00,5,94,94069,1,1,2,6,A4,48.81720461,2.42851783
202300007474,21,9,2023,2025-12-05 09:40:00,1,77,77337,1,1,3,3,A4,48.82994857,2.61980264
202300007475,21,9,2023,2025-12-05 09:00:00,1,77,77294,1,1,3,6,N1104,48.97156364,2.57335321
202300007476,21,9,2023,2025-12-05 07:40:00,1,94,94042,1,1,3,4,A4,48.82800728,2.4730466
202300007477,19,6,2023,2025-12-05 07:50:00,1,62,62826,2,6,1,3,D939,50.50823,1.61152
202300007478,19,9,2023,2025-12-05 19:50:00,1,92,92049,2,1,1,2,Ginoux Av. Henri Ndeg1 A 95 Et 2 A 104,48.81915,2.32324
202300007479,20,9,2023,2025-12-05 06:00:00,1,974,97416,2,1,1,7,Aerodrome (Chemin De L'),-21.30236,55.4237
202300007480,20,9,2023,2025-12-05 19:45:00,5,974,97407,2,1,1,6,Dayot(Rue),-20.94623,55.29195
202300007481,20,9,2023,2025-12-05 12:20:00,1,974,97407,2,1,1,3,Jacques Prevert (Rue) Riviere Des Galets,-20.94308,55.32896
202300007482,20,9,2023,2025-12-05 14:33:00,1,69,69387,2,8,1,3,Quai Charles De Gaulle,45.74781,4.8336
202300007483,20,9,2023,2025-12-05 07:00:00,2,69,69386,2,2,1,3,20 Rue Massena,45.7711,4.8539
202300007484,20,9,2023,2025-12-05 19:55:00,5,69,69389,2,1,1,6,7 Rue Marietton,45.77486,4.80752
202300007485,20,9,2023,2025-12-05 14:45:00,1,2B,2B033,2,1,1,3,Toutes Rues,42.67893,9.43872
202300007486,20,9,2023,2025-12-05 08:25:00,1,91,91421,2,1,1,5,Nationale 6 (Ces Pompidou),48.69095,2.45396
202300007487,20,9,2023,2025-12-05 15:53:00,1,91,91434,2,1,1,6,Jean-Pierre Timbaud (Rue),48.661255,2.359245
202300007488,20,9,2023,2025-12-05 07:55:00,1,89,89387,2,1,1,2,Verdun (Boulevard De),48.20445,3.28981
202300007489,19,9,2023,2025-12-05 18:14:00,1,30,30011,1,3,1,3,Route D'Aramon,43.94925,4.78793
202300007490,16,9,2023,2025-12-05 23:15:00,5,83,83126,2,3,1,3,Orves (Av Estienne D'),43.11207,5.87781
202300007491,17,9,2023,2025-12-05 22:55:00,5,83,83061,2,6,1,3,Avenue De Provence,43.42648,6.75596
202300007492,20,9,2023,2025-12-05 14:35:00,1,78,78551,2,1,1,3,Lyautey (Du Marechal),48.89477,2.09718
202300007493,20,9,2023,2025-12-05 12:30:00,1,77,77330,2,1,1,2,Crecy (Chemin De),48.927133,2.884128
202300007494,20,9,2023,2025-12-05 14:17:00,1,77,77058,2,1,1,6,General De Gaulle  (Avenue Du),48.83784,2.70993
202300007495,20,9,2023,2025-12-05 20:40:00,3,76,76540,2,3,1,3,Avenue De La Liberation,49.42573,1.06861
202300007496,20,9,2023,2025-12-05 18:00:00,1,76,76497,1,1,1,2,D418 (Bretelle),49.38409,1.04945
202300007497,20,9,2023,2025-12-05 08:15:00,1,73,73008,2,3,1,3,D991 Grand Port (Rondeau) Avenue Du,45.700796,5.902385
202300007498,19,9,2023,2025-12-05 18:15:00,1,72,72181,2,6,1,3,Demorieux (Bd) Entre Huisne Et Rd-Point,47.99296,0.18452
202300007499,20,9,2023,2025-12-05 08:30:00,1,71,71076,2,1,1,6,Verdun (Avenue),46.77655341,4.86013766
202300007500,20,9,2023,2025-12-05 16:30:00,1,69,69256,2,2,1,3,Avenue Gaston Monmousseau,45.77994,4.91018
202300007501,20,9,2023,2025-12-05 16:10:00,1,69,69275,2,2,1,3,Avenue Franklin Roosevelt,45.76771,4.93663
202300007502,20,9,2023,2025-12-05 18:15:00,1,69,69259,2,1,1,3,Route De Vienne,45.723567,4.85412093
202300007503,19,9,2023,2025-12-05 20:00:00,1,69,69259,2,2,1,3,Route De Vienne,45.71687668,4.85628833
202300007504,20,9,2023,2025-12-05 10:10:00,1,64,64260,2,3,1,2,Caneta (Rue De),43.357354,-1.77631
202300007505,20,9,2023,2025-12-05 17:50:00,1,64,64445,2,1,1,6,Orleans D',43.29899,-0.37286
202300007506,20,9,2023,2025-12-05 14:50:00,1,64,64284,2,1,1,2,8 Mai 1945 Du,43.29291,-0.41055
202300007507,20,9,2023,2025-12-05 10:00:00,1,64,64284,1,1,1,6,18 Juin 1940 Du,43.29335129,-0.41141063
202300007508,20,9,2023,2025-12-05 08:30:00,1,64,64445,2,1,7,3,Universite De L',43.31125,-0.3634
202300007509,20,9,2023,2025-12-05 09:45:00,1,63,63300,2,1,1,6,Virlogeux (Avenue),45.8902,3.1184
202300007510,20,9,2023,2025-12-05 07:50:00,1,63,63113,2,2,1,3,Lafayette / Paulines,45.7734,3.0924
202300007511,20,9,2023,2025-12-05 07:50:00,2,63,63113,2,2,1,6,Rue Abbe Prevost,45.79349,3.07842
202300007512,20,9,2023,2025-12-05 08:50:00,1,62,62193,2,1,2,6,Rue Descartes,50.95385,1.860194
202300007513,20,9,2023,2025-12-05 13:35:00,1,61,61001,2,6,1,3,D27 Pr1+350,48.43477,0.11293
202300007514,20,9,2023,2025-12-05 07:50:00,1,61,61001,2,3,1,3,D2,48.43908,0.07471
202300007515,22,10,2023,2025-12-05 05:57:00,5,6,6083,2,1,1,7,"Soleil (Promenade Du, Ndeg 850 A 960)",43.772985,7.499787
202300007516,22,10,2023,2025-12-05 16:45:00,1,6,6004,1,1,1,1,R.N.98 Bord De Mer Siesta,43.604639,7.125518
202300007517,6,10,2023,2025-12-05 16:07:00,1,4,4112,2,1,1,3,Savels (Av. Des),43.82693,5.78119
202300007518,22,10,2023,2025-12-05 04:37:00,5,1,1053,2,1,1,6,Poincare ( Rue Raymond),46.21033,5.22212
202300007519,22,10,2023,2025-12-05 12:50:00,1,75,75120,2,1,1,5,Porte Des Lilas,48.872376,2.412504
202300007520,22,10,2023,2025-12-05 13:15:00,1,75,75116,2,1,1,3,Porte D Auteuil,48.844967,2.255002
202300007521,21,10,2023,2025-12-05 18:40:00,5,75,75113,2,1,2,2,Porte D Italie,48.817318,2.366127
202300007522,20,10,2023,2025-12-05 17:30:00,1,75,75113,2,1,1,3,Porte D Ivry,48.820273,2.37556
202300007523,20,10,2023,2025-12-05 13:40:00,1,75,75117,2,1,2,2,Porte De Clichy,48.896462,2.310057
202300007524,21,10,2023,2025-12-05 05:52:00,3,75,75118,2,1,1,6,Rue De La Chapelle,48.897854,2.359105
202300007525,22,10,2023,2025-12-05 12:15:00,1,75,75117,2,3,1,6,Boulevard Gouvion Saint Cyr,48.882262,2.286022
202300007526,21,10,2023,2025-12-05 17:00:00,1,75,75117,2,5,6,5,Boulevard De Douaumont,48.896248,2.310003
202300007527,22,10,2023,2025-12-05 20:10:00,5,75,75116,2,2,1,3,Allee De Longchamp,48.874949,2.27113
202300007528,22,10,2023,2025-12-05 16:55:00,1,75,75116,2,3,1,6,Rue De L Assomption,48.855853,2.264758
202300007529,21,10,2023,2025-12-05 20:20:00,5,75,75116,2,2,2,6,Chaussee La Muette,48.85817,2.274299
202300007530,21,10,2023,2025-12-05 15:30:00,1,75,75116,2,2,2,3,Allee De Longchamp,48.874922,2.271112
202300007531,22,10,2023,2025-12-05 03:20:00,5,75,75113,2,1,8,6,Boulevard Du General Jean Simon,48.825217,2.380391
202300007532,22,10,2023,2025-12-05 00:20:00,5,75,75107,2,2,1,3,Quai D Orsay,48.862588,2.310411
202300007533,22,10,2023,2025-12-05 16:35:00,1,75,75110,2,1,1,3,Boulevard De La Villette,48.880981,2.370073
202300007534,22,10,2023,2025-12-05 15:55:00,1,75,75110,2,1,1,6,Rue Des Petites Ecuries,48.873908,2.349562
202300007535,20,10,2023,2025-12-05 18:30:00,1,75,75108,2,2,1,6,Avenue De Friedland,48.874154,2.298921
202300007536,21,10,2023,2025-12-05 23:23:00,5,75,75107,2,3,2,6,Pont D Iena,48.85906346,2.29326189
202300007537,22,10,2023,2025-12-05 17:20:00,1,75,75102,2,2,1,3,Boulevard De Sebastopol,48.864411,2.351528
202300007538,22,10,2023,2025-12-05 13:10:00,1,94,94073,2,1,1,6,Rue De La Resistance,48.757281,2.38808
202300007539,22,10,2023,2025-12-05 04:40:00,5,94,94033,2,1,2,6,Rue Gambetta,48.85024,2.46472
202300007540,21,10,2023,2025-12-05 22:20:00,5,94,94033,2,1,3,3,Avenue De Lattre De Tassigny,48.85711,2.49183
202300007541,22,10,2023,2025-12-05 18:50:00,5,93,93077,2,6,1,6,Rue Saint Louis / Avenue Massena,48.88963,2.50139
202300007542,22,10,2023,2025-12-05 11:55:00,1,93,93055,2,1,1,3,Avenue Du General Leclerc,48.899037,2.407865
202300007543,22,10,2023,2025-12-05 20:10:00,5,93,93048,2,1,1,3,Rue Franklin,48.86310703,2.4440271
202300007544,22,10,2023,2025-12-05 17:15:00,1,93,93048,2,1,1,1,Rue Jean Lolive,48.86713,2.42917
202300007545,22,10,2023,2025-12-05 22:20:00,5,93,93029,2,3,1,3,Rue De La Station / Rue De La Republique,48.9262,2.42579
202300007546,22,10,2023,2025-12-05 20:40:00,5,93,93010,2,1,1,2,Gallieni (Av.) De 111 A 175,48.906412,2.483173
202300007547,22,10,2023,2025-12-05 11:30:00,1,93,93008,2,6,8,3,Avenue Paul Vaillant - Couturier,48.90955,2.44572
202300007548,22,10,2023,2025-12-05 20:30:00,5,92,92036,2,1,1,3,Marcel Paul (Avenue) (1/103),48.93362127,2.30274975
202300007549,22,10,2023,2025-12-05 14:35:00,1,92,92012,2,1,1,7,Georges Sorel (Rue),48.83493049,2.24090838
202300007550,23,10,2023,2025-12-05 04:49:00,3,83,83061,1,1,1,7,Gare De Peage Du Capitou,43.469405,6.7308
202300007551,11,10,2023,2025-12-05 18:53:00,5,974,97422,2,3,1,3,101 Rue Hubert Delisle,-21.282544,55.51947
202300007552,23,10,2023,2025-12-05 10:00:00,1,6,6095,2,1,8,2,23 Avenue De Peygros,43.635131,6.865549
202300007553,23,10,2023,2025-12-05 17:50:00,1,58,58044,1,1,2,1,La Giraffe,47.491232,2.921001
202300007554,23,10,2023,2025-12-05 08:50:00,2,50,50095,2,1,8,6,Rue De Carbonnel,49.07648,-1.173531
202300007555,22,10,2023,2025-12-05 10:15:00,1,51,51002,1,1,2,1,D11,48.990778,3.82174
202300007556,22,3,2023,2025-12-05 18:30:00,2,19,19063,2,1,1,1,Adresse_Inconnue,45.13837056,1.58181667
202300007557,22,10,2023,2025-12-05 19:35:00,3,56,56140,1,1,2,6,Le Petit Resto,47.949983,-2.792459
202300007558,22,10,2023,2025-12-05 20:00:00,3,32,32160,1,1,1,2,N124,43.605575,1.07607
202300007559,22,10,2023,2025-12-05 10:42:00,1,11,11397,2,4,1,3,D3,43.206071,2.430612
202300007560,22,10,2023,2025-12-05 21:00:00,3,63,63397,1,1,8,6,D82,45.629045,2.690685
202300007561,23,10,2023,2025-12-05 10:40:00,1,63,63409,1,1,1,6,D26,45.536501,3.044507
202300007562,23,10,2023,2025-12-05 19:52:00,3,68,68011,1,1,2,6,D34,47.783202,7.146327
202300007563,22,10,2023,2025-12-05 13:15:00,1,68,68126,2,1,1,1,45 Rue De Hesingue,47.565429,7.527024
202300007564,22,10,2023,2025-12-05 13:05:00,1,22,22085,1,1,1,7,D20,48.821047,-3.188613
202300007565,7,10,2023,2025-12-05 17:25:00,1,29,29177,1,3,1,1,Langue,48.43227565,-4.69461896
202300007566,20,10,2023,2025-12-05 10:25:00,2,29,29174,1,1,2,2,Trelluant,47.89751099,-4.3090853
202300007567,22,10,2023,2025-12-05 11:54:00,1,3,3038,1,3,1,3,D1,46.327391,3.242667
202300007568,23,10,2023,2025-12-05 13:30:00,1,3,3257,1,1,8,6,N7,46.220786,3.665062
202300007569,23,10,2023,2025-12-05 08:00:00,2,3,3170,1,1,3,6,Meillers,46.516366,3.094604
202300007570,22,10,2023,2025-12-05 17:30:00,1,1,1183,2,1,1,6,Rue Des Charmes,46.110561,4.791085
202300007571,23,10,2023,2025-12-05 13:40:00,1,58,58232,1,1,2,2,D978,47.003831,3.416448
202300007572,22,10,2023,2025-12-05 09:45:00,1,72,72198,1,2,1,3,Les Biards,48.07055665,0.14041901
202300007573,22,10,2023,2025-12-05 23:30:00,3,72,72109,1,1,1,6,D310,48.20457,-0.09896
202300007574,22,10,2023,2025-12-05 14:00:00,1,14,14057,1,3,1,3,3845 Route De Bourguebus,49.115755,-0.259776
202300007575,22,10,2023,2025-12-05 14:45:00,1,43,43211,1,1,1,7,Route De Confolent,45.251447,4.148412
202300007576,21,10,2023,2025-12-05 10:28:00,1,43,43186,1,1,1,2,6 Route De La Teyssonneyre,44.980638,4.09569
202300007577,21,10,2023,2025-12-05 19:35:00,3,36,36215,1,1,1,7,Adresse_Inconnue,46.87670087,2.08023806
202300007578,22,10,2023,2025-12-05 21:55:00,3,36,36064,1,1,1,7,Fourches,46.826616,1.814246
202300007579,21,10,2023,2025-12-05 17:50:00,2,23,23130,1,1,1,1,Montepinaud,46.435018,1.765537
202300007580,23,10,2023,2025-12-05 14:20:00,1,10,10162,1,1,1,7,A5,48.212227,4.243426
202300007581,23,10,2023,2025-12-05 08:30:00,1,10,10045,1,1,1,2,A5,48.170895,4.468522
202300007582,10,10,2023,2025-12-05 08:30:00,2,35,35208,2,1,8,6,Rue De Rennes,48.00007614,-1.6671887
202300007583,23,10,2023,2025-12-05 19:30:00,5,95,95250,2,1,2,6,Beaumont (Avenue De),49.103434,2.509172
202300007584,20,10,2023,2025-12-05 15:40:00,1,68,68386,2,1,8,7,1 Rue De Mulhouse,47.72077,7.388574
202300007585,22,10,2023,2025-12-05 17:22:00,1,987,98729,1,1,1,3,Temae,-17.577,-150.202
202300007586,12,10,2023,2025-12-05 07:00:00,2,974,97415,2,3,7,3,Route Du Theatre,-21.04478126,55.22984147
202300007587,19,10,2023,2025-12-05 07:50:00,3,29,29234,1,1,2,2,Rn165,47.84313849,-3.49936854
202300007588,21,10,2023,2025-12-05 15:51:00,1,28,28113,1,1,8,1,Route De Prouais,48.678076,1.541278
202300007589,22,10,2023,2025-12-05 10:50:00,1,77,77453,2,9,8,3,6 Route Departementale 605,48.527264,2.756518
202300007590,22,10,2023,2025-12-05 05:26:00,3,13,13076,1,2,1,1,D73E,43.800711,5.003953
202300007591,18,10,2023,2025-12-05 19:00:00,5,67,67506,2,3,3,3,Route De Strasbourg,48.667484,7.71944
202300007592,22,10,2023,2025-12-05 17:39:00,1,54,54335,1,1,1,6,D70,48.638893,6.45074
202300007593,22,10,2023,2025-12-05 11:40:00,1,63,63247,1,1,1,2,Route Departementale 5,45.566513,2.948649
202300007594,20,10,2023,2025-12-05 16:00:00,1,47,47157,1,9,2,6,Route De Bordeaux - Parking Leclerc,44.51301,0.134164
202300007595,22,10,2023,2025-12-05 17:45:00,1,33,33539,1,1,1,6,D20,44.869466,-0.310664
202300007596,22,10,2023,2025-12-05 10:00:00,1,60,60213,1,9,2,4,N330,49.111026,2.722701
202300007597,22,10,2023,2025-12-05 11:45:00,1,59,59465,1,1,1,7,Route Ers L'Etang Du Flaquet,50.124007,3.592637
202300007598,22,10,2023,2025-12-05 19:25:00,3,69,69277,1,1,1,6,Rocade Est,45.7317,4.97908
202300007599,22,10,2023,2025-12-05 01:00:00,3,69,69296,1,1,1,4,Autoroute 7,45.65133,4.83613
202300007600,22,10,2023,2025-12-05 02:52:00,5,94,94037,1,1,2,6,A6A,48.81658529,2.33656859
202300007601,21,10,2023,2025-12-05 05:40:00,3,91,91661,1,1,1,1,Autoroute A10,48.69581,2.23516
202300007602,22,10,2023,2025-12-05 06:00:00,3,92,92036,1,1,2,2,Autoroute A15,48.94364712,2.28775617
202300007603,22,10,2023,2025-12-05 04:30:00,3,95,95060,1,1,2,6,A115,49.04211,2.18871
202300007604,22,10,2023,2025-12-05 02:35:00,3,92,92036,1,1,2,5,Autoroute A15,48.94920532,2.28069842
202300007605,21,10,2023,2025-12-05 23:00:00,3,95,95582,1,1,3,6,A15,48.96296926,2.265324
202300007606,22,10,2023,2025-12-05 06:45:00,3,77,77122,1,1,1,4,Rn104,48.64574262,2.55287143
202300007607,16,6,2023,2025-12-05 07:24:00,1,972,97209,1,1,1,4,Rd 41 (Rocade),14.61486,-61.07584
202300007608,10,6,2023,2025-12-05 17:50:00,1,972,97203,2,1,1,7,11 Rue Du Docteur Morestin_,14.869051,-61.118837
202300007609,9,6,2023,2025-12-05 15:10:00,1,972,97210,2,1,1,6,Boulevard Des Fusilles,14.616361,-60.901975
202300007610,25,7,2023,2025-12-05 12:20:00,1,13,13112,1,1,1,3,A7 Pk 248.500,43.542953,5.225378
202300007611,8,7,2023,2025-12-05 19:10:00,1,13,13028,2,1,1,6,Wilson (Avenue President),43.18214,5.61441
202300007612,28,6,2023,2025-12-05 18:50:00,1,14,14700,1,2,1,3,2 Route D'Etreham,49.302079,-0.800486
202300007613,27,6,2023,2025-12-05 13:00:00,1,14,14180,1,1,1,4,Route De Putange,48.856636,-0.229477
202300007614,28,7,2023,2025-12-05 19:10:00,1,14,14366,2,1,1,2,14 Boulevard Sainte Anne,49.143408,0.227966
202300007615,18,7,2023,2025-12-05 15:30:00,1,14,14712,2,1,1,6,2 Rue Du Marechal Leclerc,49.177934,-0.221819
202300007616,11,7,2023,2025-12-05 17:30:00,1,14,14473,1,1,1,6,1200 Route De Lisieux,49.11451,0.042033
202300007617,21,10,2023,2025-12-05 04:00:00,3,974,97416,1,1,1,7,Thorez (Chemin Maurice),-21.27151,55.47413
202300007618,21,10,2023,2025-12-05 11:45:00,1,974,97411,2,2,8,3,Dodu 2 (Rue Juliette),-20.88049,55.45194
202300007619,6,10,2023,2025-12-05 08:55:00,1,973,97302,2,1,1,3,Barthelemy (Rene),4.93616011,-52.33242989
202300007620,21,10,2023,2025-12-05 00:40:00,5,973,97302,1,1,1,2,Route Nationale 1,4.90444,-52.32388
202300007621,20,10,2023,2025-12-05 08:45:00,1,973,97302,2,1,1,3,Zephir (Rocade),4.93477,-52.30857
202300007622,22,10,2023,2025-12-05 01:15:00,5,69,69386,2,3,1,6,Cours Lafayette,45.76371099,4.8580645
202300007623,21,10,2023,2025-12-05 05:40:00,5,69,69387,2,3,1,3,Avenue Jean Jaures,45.7267,4.83085
202300007624,21,10,2023,2025-12-05 06:35:00,2,2B,2B033,2,9,1,1,Francois Vittori,42.67713,9.43892
202300007625,20,10,2023,2025-12-05 22:15:00,5,971,97101,2,1,8,6,Patrick Saint Eloi ( Avenue ),16.25313,-61.52429
202300007626,21,10,2023,2025-12-05 11:40:00,1,91,91549,2,3,1,3,Regiment Normandie-Niemen (Avenue Du),48.637491,2.330457
202300007627,21,10,2023,2025-12-05 20:15:00,5,91,91421,2,1,3,6,Charles De Gaulle (Avenue),48.6963,2.45635
202300007628,20,10,2023,2025-12-05 15:50:00,1,91,91223,2,2,2,3,Saint Michel (Boulevard),48.44931,2.17147
202300007629,20,10,2023,2025-12-05 08:25:00,1,91,91223,2,3,8,3,Coquerive (Rue De),48.43517,2.16771
202300007630,16,10,2023,2025-12-05 12:45:00,1,89,89338,2,1,1,1,Fontaine D'Azon (Rue De La),48.21747,3.2826
202300007631,21,10,2023,2025-12-05 15:26:00,1,85,85191,2,1,1,6,29 Rue Du President De Gaulle,46.67142,-1.42361
202300007632,21,10,2023,2025-12-05 12:30:00,1,83,83137,2,1,1,3,Saint Roch (Ave),43.1292735,5.92107508
202300007633,20,10,2023,2025-12-05 18:33:00,5,78,78418,2,1,8,6,Jules Verne (Allee),48.93049,2.14242
202300007634,20,10,2023,2025-12-05 19:50:00,4,77,77305,2,1,3,6,D605,48.38898,2.959746
202300007635,21,10,2023,2025-12-05 03:30:00,3,77,77389,1,1,2,2,D606,48.50942,2.65797
202300007636,21,10,2023,2025-12-05 06:00:00,5,76,76498,2,2,2,3,Rue Leon Maletra,49.429874,1.067594
202300007637,21,10,2023,2025-12-05 06:10:00,3,76,76565,1,1,8,6,Rouen (Route De),49.8823,1.06783
202300007638,22,10,2023,2025-12-05 00:00:00,5,73,73008,2,3,1,3,D991 Marlioz Avenue De,45.67519,5.90855
202300007639,20,10,2023,2025-12-05 07:50:00,1,69,69264,2,1,8,6,Rue Ampere,45.98858,4.72174
202300007640,21,10,2023,2025-12-05 22:30:00,3,69,69199,2,2,1,3,Rue Pasteur,45.70635,4.8564
202300007641,21,10,2023,2025-12-05 00:55:00,5,68,68166,1,2,2,2,Rd 430,47.781402,7.329725
202300007642,21,10,2023,2025-12-05 17:30:00,1,67,67482,2,1,1,2,Canonniers (Rue Des),48.55445,7.76593
202300007643,21,10,2023,2025-12-05 18:45:00,1,64,64284,2,1,1,7,Corps Franc Pommies,43.2924,-0.39841
202300007644,20,10,2023,2025-12-05 17:35:00,1,62,62215,2,1,1,6,Rue Cyprien Quinet,50.49133,2.96987
202300007645,21,10,2023,2025-12-05 12:20:00,1,54,54547,2,1,1,3,Route De Mirecourt,48.66216,6.18852
202300007646,21,10,2023,2025-12-05 08:30:00,1,54,54547,1,9,8,6,Rd 674,48.67037,6.19251
202300007647,21,10,2023,2025-12-05 12:03:00,1,51,51454,2,2,1,3,Ponsardin (Rue),49.25097,4.04067
202300007648,20,10,2023,2025-12-05 19:20:00,5,51,51454,2,2,1,1,Epernay (Avenue D') Cote Impair,49.23191,4.01416
202300007649,21,10,2023,2025-12-05 18:44:00,2,51,51242,2,1,1,7,General Leclerc (Rue Du),48.96563,4.31656
202300007650,21,10,2023,2025-12-05 16:14:00,1,49,49007,2,1,2,6,Saint Aubin,47.46864,-0.55229
202300007651,21,10,2023,2025-12-05 07:22:00,3,49,49007,1,1,1,6,Rd 323,47.46974,-0.5921
202300007652,21,10,2023,2025-12-05 05:22:00,4,49,49246,2,1,1,6,Adresse_Inconnue,47.43115,-0.50737
202300007653,21,10,2023,2025-12-05 18:26:00,2,45,45234,2,3,3,3,Pont Rene Thinat,47.90037495,1.91987953
202300007654,21,10,2023,2025-12-05 12:10:00,1,45,45234,2,1,1,6,11 Rue Du Faubourg Bannier,47.90834,1.90105
202300007655,20,10,2023,2025-12-05 11:40:00,1,45,45004,2,9,1,3,D163 Pr 1 + 830,47.990436,2.766386
202300007656,17,10,2023,2025-12-05 07:50:00,2,44,44132,2,1,1,4,96 Boulevard De Saint-Nazaire,47.25554,-2.31292
202300007657,21,10,2023,2025-12-05 09:10:00,1,35,35238,1,1,3,4,Adresse_Inconnue,48.081,-1.69662
202300007658,21,10,2023,2025-12-05 12:00:00,1,35,35238,1,1,3,2,Rn136,48.08200453,-1.69726431
202300007659,21,10,2023,2025-12-05 04:38:00,3,28,28085,1,1,2,6,Arago (Rue Francois),48.43787,1.52113
202300007660,21,10,2023,2025-12-05 10:00:00,1,22,22113,2,9,2,3,Armor (Boulevard D'),48.74663,-3.46182
202300007661,21,10,2023,2025-12-05 11:40:00,1,17,17415,2,9,2,6,Recouvrance Boulevard De,45.75385,-0.65643