num_acc,jour,mois,an,hrmn,lum,dep,com,agg,int,atm,col,adr,lat,long
202300007662,21,10,2023,2025-12-05 22:00:00,5,13,13206,2,2,1,3,Lieutaud (Cours),43.29113465,5.38317372
202300007663,20,10,2023,2025-12-05 22:50:00,5,13,13215,2,1,1,6,Saint Antoine (Avenue De),43.38314,5.35827
202300007664,21,10,2023,2025-12-05 07:30:00,2,13,13216,2,2,1,3,Rabelais (Rue),43.35922,5.33282
202300007665,21,10,2023,2025-12-05 14:40:00,1,13,13005,1,1,1,1,Ciotat (Route De La Rn559),43.28365,5.58319
202300007666,21,10,2023,2025-12-05 15:10:00,1,13,13001,2,1,1,7,Allumettes (Rue Des),43.52466,5.4399
202300007667,21,10,2023,2025-12-05 15:49:00,1,11,11069,2,1,1,6,Adresse_Inconnue,43.20646,2.3667
202300007668,20,10,2023,2025-12-05 13:20:00,1,7,7102,2,1,1,3,Malraux (Rue Andre),44.92743,4.86407
202300007669,21,10,2023,2025-12-05 17:24:00,1,6,6088,2,1,1,1,Delvalle (Rue Prof.),43.72082,7.28372
202300007670,21,10,2023,2025-12-05 15:15:00,1,75,75120,2,1,8,5,Porte De Montreuil,48.855447,2.413826
202300007671,20,10,2023,2025-12-05 20:45:00,5,75,75120,2,3,2,6,Avenue Gambetta,48.864974,2.395557
202300007672,21,10,2023,2025-12-05 13:48:00,1,75,75119,2,2,2,2,Avenue Jean Jaures,48.886629,2.384844
202300007673,20,10,2023,2025-12-05 23:35:00,5,75,75119,2,4,2,1,Rue De La Cloture,48.897327,2.392608
202300007674,20,10,2023,2025-12-05 19:30:00,4,75,75115,2,2,3,3,Quai De Grenelle,48.850653,2.284024
202300007675,21,10,2023,2025-12-05 14:40:00,1,75,75114,2,1,1,3,Boulevard Arago,48.834525,2.334987
202300007676,20,10,2023,2025-12-05 16:30:00,1,75,75114,2,4,2,6,Boulevard Arago,48.83445,2.333449
202300007677,21,10,2023,2025-12-05 19:45:00,5,75,75113,2,1,3,6,Boulevard Auguste Blanqui,48.831269,2.342498
202300007678,21,10,2023,2025-12-05 12:10:00,1,75,75113,2,2,8,6,Rue Charcot,48.830347,2.37043
202300007679,21,10,2023,2025-12-05 05:50:00,5,75,75114,2,2,1,2,Boulevard Jourdan,48.822235,2.330387
202300007680,21,10,2023,2025-12-05 09:55:00,1,75,75110,2,1,2,6,Impasse Martini,48.870075,2.355647
202300007681,21,10,2023,2025-12-05 03:30:00,5,75,75108,2,5,2,7,Rue De Courcelles,48.879134,2.303156
202300007682,21,10,2023,2025-12-05 00:25:00,5,75,75108,2,3,2,2,Avenue De Wagram,48.876342,2.296922
202300007683,20,10,2023,2025-12-05 21:04:00,5,75,75107,2,1,2,2,Quai D Orsay,48.862898,2.317681
202300007684,21,10,2023,2025-12-05 19:45:00,5,75,75102,2,4,2,3,Rue Montmartre,48.869125,2.343204
202300007685,21,10,2023,2025-12-05 09:30:00,1,75,75102,2,2,1,7,Rue Saint Marc,48.870399,2.340925
202300007686,21,10,2023,2025-12-05 16:50:00,1,94,94042,2,9,8,3,Avenue Du General Gallieni,48.820154,2.476024
202300007687,21,10,2023,2025-12-05 19:10:00,5,94,94065,1,1,2,3,N186B,48.75379,2.36348
202300007688,21,10,2023,2025-12-05 08:51:00,1,94,94073,2,1,1,6,8 Rue Louis Duperrey,48.76836,2.39152
202300007689,21,10,2023,2025-12-05 03:10:00,3,94,94017,2,1,8,6,Av. Henri-Marie Le Boursicaud,48.81525,2.52278
202300007690,21,10,2023,2025-12-05 16:30:00,1,93,93066,2,2,1,2,Rue Danielle Casanova / Rue Taittinger,48.92881778,2.36242674
202300007691,21,10,2023,2025-12-05 14:20:00,1,93,93077,2,1,1,2,Rue De Neuilly,48.877789,2.520341
202300007692,20,10,2023,2025-12-05 20:40:00,5,93,93032,2,3,2,3,Avenue Jean Jaures / Rue Parmentier,48.88384642,2.53071931
202300007693,21,10,2023,2025-12-05 01:55:00,5,92,92046,2,1,1,1,Gabriel Peri,48.81933718,2.30435157
202300007694,21,10,2023,2025-12-05 19:20:00,5,92,92073,2,2,2,6,Gaulle (Avenue General Charles De),48.86998387,2.22428834
202300007695,21,10,2023,2025-12-05 14:05:00,1,92,92063,2,1,2,2,Liberation (Rue De La),48.87703301,2.18453608
202300007696,21,10,2023,2025-12-05 21:20:00,5,92,92050,2,2,2,3,Joffre Marechal Avenue Du,48.88459689,2.19385497
202300007697,20,10,2023,2025-12-05 22:43:00,3,95,95313,1,1,8,2,A16,49.10523,2.260587
202300007698,22,10,2023,2025-12-05 13:00:00,1,95,95052,2,9,2,4,Isle Adam (Rue De L'),49.137291,2.273237
202300007699,9,10,2023,2025-12-05 15:00:00,1,972,97217,2,2,1,1,N6,14.4740641,-60.8625167
202300007700,21,10,2023,2025-12-05 18:50:00,3,972,97234,1,1,3,6,Rn2,14.669311,-61.162879
202300007701,22,10,2023,2025-12-05 16:14:00,1,1,1075,2,1,1,1,Route De Saint Trivier,46.030826,4.806878
202300007702,22,10,2023,2025-12-05 02:15:00,3,50,50592,1,1,2,6,A84,48.9471786,-1.0280448
202300007703,22,10,2023,2025-12-05 15:20:00,1,41,41278,1,1,1,3,La Duperrerie,47.638242,0.944685
202300007704,22,10,2023,2025-12-05 05:20:00,3,51,51234,1,1,2,7,D48,48.562257,3.662881
202300007705,22,10,2023,2025-12-05 11:50:00,1,59,59539,1,1,1,6,1830 Route De Bourbourg,50.910931,2.185898
202300007706,22,10,2023,2025-12-05 19:20:00,2,71,71522,2,3,1,3,Rue Saint Jean,46.624401,4.987257
202300007707,20,10,2023,2025-12-05 07:45:00,2,71,71120,2,2,2,6,Avenue Van De Walle,46.204651,4.335598
202300007708,14,10,2023,2025-12-05 08:45:00,1,63,63080,2,9,1,6,Chemin De Tourouze,45.584081,3.120834
202300007709,22,10,2023,2025-12-05 01:30:00,3,49,49240,1,1,1,1,Bagatelle,47.084771,-0.610505
202300007710,9,2,2023,2025-12-05 19:20:00,3,89,89428,1,1,1,6,Adresse_Inconnue,48.228718,3.034458
202300007711,9,2,2023,2025-12-05 18:20:00,3,89,89419,1,9,1,1,Adresse_Inconnue,47.731718,3.308076
202300007712,7,2,2023,2025-12-05 11:00:00,1,63,63382,1,2,1,3,D2144/Rd99,46.06797678,2.99682677
202300007713,10,2,2023,2025-12-05 16:10:00,1,44,44031,1,1,1,3,Adresse_Inconnue,47.614181,-1.199307
202300007714,9,2,2023,2025-12-05 07:35:00,2,31,31224,2,2,1,3,D825,43.082254,0.575259
202300007715,9,2,2023,2025-12-05 16:00:00,1,31,31474,1,1,1,7,760 Route Du Plan,43.193382,1.104662
202300007716,9,2,2023,2025-12-05 17:45:00,2,66,66063,1,1,1,6,Adresse_Inconnue,42.47876,2.845824
202300007717,10,2,2023,2025-12-05 07:30:00,1,6,6032,2,1,1,6,120 Avenue Du Trois Septembre,43.723126,7.396309
202300007718,8,2,2023,2025-12-05 13:00:00,1,6,6079,1,4,1,6,La Bocca (Embranchement D'Autoroute) Sortie 41,43.561066,6.951486
202300007719,10,2,2023,2025-12-05 13:30:00,1,14,14194,1,1,1,6,Route De Saint Germain,49.079404,0.376271
202300007720,10,2,2023,2025-12-05 16:45:00,1,50,50390,1,1,1,5,D42,49.504114,-1.350561
202300007721,10,2,2023,2025-12-05 07:45:00,1,73,73184,1,1,1,1,D921,45.58664234,5.78556758
202300007722,21,1,2023,2025-12-05 10:50:00,1,7,7010,2,1,1,6,5 Rue Leon Blum,45.246434,4.680407
202300007723,20,1,2023,2025-12-05 11:35:00,1,7,7288,1,1,4,3,Route Departementale 104,44.720972,4.535336
202300007724,9,2,2023,2025-12-05 14:40:00,1,7,7076,1,1,1,6,D86,44.638075,4.748046
202300007725,8,2,2023,2025-12-05 17:45:00,1,27,27102,1,3,7,3,D675,49.3579,0.746679
202300007726,9,2,2023,2025-12-05 16:15:00,1,42,42279,2,6,7,2,Avenue Mellet Mandard,45.503215,4.259938
202300007727,9,2,2023,2025-12-05 08:28:00,1,6,6088,1,1,1,7,A8 Pk 197.600 En Chaussee Nord,43.730771,7.256271
202300007728,10,2,2023,2025-12-05 08:45:00,1,59,59312,1,1,8,2,A.26,50.01417415,3.17207909
202300007729,9,2,2023,2025-12-05 20:57:00,3,974,97422,2,1,1,1,Rue Raphael Douyere,-21.21289,55.551145
202300007730,10,2,2023,2025-12-05 08:20:00,1,77,77437,2,1,1,6,Rue De L'Inte,49.031231,2.799502
202300007731,9,2,2023,2025-12-05 09:50:00,1,66,66065,1,1,1,1,Adresse_Inconnue,42.5915581,2.979333
202300007732,9,2,2023,2025-12-05 02:00:00,3,13,13014,1,1,1,1,D113,43.51479,5.202498
202300007733,9,2,2023,2025-12-05 11:45:00,1,26,26116,2,2,1,3,Basse Bourgade,44.441996,4.712223
202300007734,10,2,2023,2025-12-05 16:55:00,1,1,1262,2,3,1,3,9 Rue Pied Des Vignes,45.850178,5.05335
202300007735,9,2,2023,2025-12-05 17:20:00,2,81,81210,2,1,7,3,Route Departementale 51,43.53234,1.986101
202300007736,9,2,2023,2025-12-05 20:15:00,3,17,17421,1,1,1,7,196 Route De Royan,45.682416,-0.900654
202300007737,10,2,2023,2025-12-05 04:30:00,3,60,60079,1,2,1,7,D922,49.147671,2.871847
202300007738,9,2,2023,2025-12-05 09:10:00,1,13,13211,1,1,1,2,A50-Sens Marseille Vers Aubagne,43.2874,5.437
202300007739,8,2,2023,2025-12-05 05:55:00,3,13,13005,1,1,1,6,A50-Sens Marseille Vers Aubagne,43.2692,5.5879
202300007740,9,2,2023,2025-12-05 07:50:00,4,33,33039,1,1,1,2,Rocade A 630,44.79811926,-0.53689241
202300007741,8,2,2023,2025-12-05 18:15:00,4,33,33063,1,1,1,2,A 630,44.882976,-0.553285
202300007742,9,2,2023,2025-12-05 19:00:00,3,91,91689,1,1,1,4,Autoroute A6,48.73318,2.31594
202300007743,9,2,2023,2025-12-05 09:40:00,1,91,91645,1,1,1,3,Rn 385 Exterieure,48.75988,2.25941
202300007744,9,2,2023,2025-12-05 09:00:00,1,91,91687,1,1,1,2,Autoroute A6,48.66279,2.36874
202300007745,9,2,2023,2025-12-05 19:25:00,5,92,92050,1,1,1,2,A86,48.901756,2.20302
202300007746,8,2,2023,2025-12-05 17:53:00,2,78,78455,1,1,1,2,A13,48.858324,2.051896
202300007747,8,2,2023,2025-12-05 08:32:00,1,78,78126,1,1,1,5,A13,48.83643,2.12776
202300007748,7,2,2023,2025-12-05 20:50:00,5,78,78090,1,1,1,3,A13,48.969917,1.911523
202300007749,9,2,2023,2025-12-05 17:30:00,2,93,93053,1,1,1,4,Autoroute A3,48.89912191,2.46932995
202300007750,9,2,2023,2025-12-05 07:00:00,2,93,93053,1,1,1,4,Autoroute A3,48.89279,2.4729
202300007751,8,2,2023,2025-12-05 16:10:00,1,95,95277,1,1,1,6,A3,48.97463,2.49117
202300007752,8,2,2023,2025-12-05 10:30:00,1,93,93027,1,1,1,2,Autoroute A1,48.93403539,2.38575811
202300007753,8,2,2023,2025-12-05 08:30:00,1,95,95277,1,1,1,3,Rd 170,48.97587,2.48265
202300007754,7,2,2023,2025-12-05 08:15:00,1,93,93005,1,1,1,4,Autoroute A3,48.92699031,2.48157263
202300007755,6,2,2023,2025-12-05 08:30:00,1,95,95256,1,1,1,3,Rn 184,49.05805321,2.20880281
202300007756,5,2,2023,2025-12-05 21:45:00,3,93,93048,1,1,1,2,Autoroute A3,48.87205909,2.43354142
202300007757,5,2,2023,2025-12-05 20:55:00,5,93,93029,1,1,1,3,Autoroute A86,48.92316604,2.4273026
202300007758,4,2,2023,2025-12-05 23:50:00,3,93,93005,1,1,1,4,Autoroute A3,48.96600043,2.47713089
202300007759,8,2,2023,2025-12-05 20:30:00,4,77,77258,1,1,1,6,A4.W,48.83170164,2.64572401
202300007760,8,2,2023,2025-12-05 17:40:00,2,94,94017,1,1,1,4,A4,48.82909738,2.47958054
202300007761,7,2,2023,2025-12-05 13:35:00,1,29,29019,2,4,1,6,Rue Auguste Rodin,48.39766175,-4.46494123
202300007762,8,2,2023,2025-12-05 07:30:00,1,974,97416,2,9,1,6,Bank (Boulevard),-21.33069,55.47751
202300007763,8,2,2023,2025-12-05 11:30:00,1,974,97411,1,1,1,3,Littoral (Route 2 Du),-20.89589653,55.37575597
202300007764,8,2,2023,2025-12-05 21:15:00,5,974,97409,2,6,1,3,Rocade Sud(Rue),-20.97263,55.65183
202300007765,8,2,2023,2025-12-05 15:45:00,1,973,97302,2,6,1,3,Catayee (Justin),4.92433,-52.32421
202300007766,7,2,2023,2025-12-05 21:55:00,5,972,97209,1,1,3,4,Autoroute A1,14.617754,-61.040412
202300007767,8,2,2023,2025-12-05 12:12:00,1,2A,2A004,2,3,1,3,Napoleon Cours Apres Beverini,41.92815,8.73866
202300007768,8,2,2023,2025-12-05 22:35:00,5,91,91687,2,1,1,6,General De Gaulle (Avenue Du),48.67576,2.38546
202300007769,8,2,2023,2025-12-05 14:00:00,1,91,91434,2,1,1,6,Rene Cassin (Avenue),48.656923,2.339715
202300007770,8,2,2023,2025-12-05 04:15:00,5,91,91027,2,2,1,2,Rte Nationale 7,48.71662,2.37106
202300007771,7,2,2023,2025-12-05 18:20:00,5,87,87085,2,1,1,6,Perrin (Rue Francois),45.82206,1.21523
202300007772,7,2,2023,2025-12-05 08:23:00,1,87,87085,1,3,1,2,Rn520,45.86585,1.16549
202300007773,8,2,2023,2025-12-05 15:55:00,1,83,83137,2,1,1,6,Gasquet (Ave Joseph De 1408 A Fin,43.11870333,5.97995165
202300007774,8,2,2023,2025-12-05 15:00:00,1,78,78015,2,1,1,2,Marc (Bd Noel),48.979154,2.058439
202300007775,8,2,2023,2025-12-05 09:30:00,1,76,76108,2,6,7,6,Chemin De La Breteque,49.47877,1.11294
202300007776,7,2,2023,2025-12-05 13:25:00,1,76,76351,2,1,1,6,Verdun (Rue De),49.50254,0.17239
202300007777,8,2,2023,2025-12-05 09:50:00,1,76,76026,2,7,1,6,Leon Baudelot (Place),49.88,1.12
202300007778,8,2,2023,2025-12-05 18:50:00,5,69,69266,2,1,1,2,56 Rue Nicolas Garnier,45.75414329,4.91494909
202300007779,8,2,2023,2025-12-05 19:00:00,5,69,69290,2,1,1,6,Route De Grenoble,45.70695,4.98695
202300007780,7,2,2023,2025-12-05 13:50:00,1,69,69290,2,3,1,3,Avenue Pierre Cot,45.70614709,4.89729064
202300007781,7,2,2023,2025-12-05 13:50:00,1,66,66136,2,1,2,3,Adresse_Inconnue,42.694241,2.90199
202300007782,8,2,2023,2025-12-05 01:24:00,4,63,63113,2,1,1,6,Bergougnan (Avenue Raymond),45.78463,3.06612
202300007783,3,2,2023,2025-12-05 08:40:00,1,62,62041,2,6,1,6,Rue Hans Geiger,50.28882,2.80777
202300007784,8,2,2023,2025-12-05 21:30:00,5,59,59279,2,1,1,3,Lille (Rue De),50.77791,3.12449
202300007785,8,2,2023,2025-12-05 14:35:00,1,59,59599,2,1,7,6,Chanzy (Rue),50.720419,3.15895
202300007786,8,2,2023,2025-12-05 14:35:00,1,59,59512,2,2,1,6,Lebas (Avenue Jean),50.69253,3.1709
202300007787,4,2,2023,2025-12-05 19:25:00,5,58,58194,2,1,1,6,Marechal Leclerc,47.00004,3.16015
202300007788,7,2,2023,2025-12-05 16:22:00,1,57,57491,2,1,7,3,Poincare (Rue),49.2455,6.03574
202300007789,7,2,2023,2025-12-05 17:40:00,1,54,54328,2,6,1,6,Technologies (Boulevard Des),48.61882,6.17633
202300007790,4,2,2023,2025-12-05 21:20:00,5,52,52448,2,2,1,3,Camus (Rue Jean),48.64007,4.97325
202300007791,8,2,2023,2025-12-05 08:40:00,1,49,49328,2,6,1,6,Tours (Route De),47.2671,-0.06974
202300007792,7,2,2023,2025-12-05 07:42:00,5,49,49007,2,1,1,7,Chatenay Avenue Victor,47.48646,-0.51379
202300007793,7,2,2023,2025-12-05 08:10:00,1,44,44184,2,6,1,6,Boulevard De Sarrelouis,47.27114,-2.245
202300007794,8,2,2023,2025-12-05 16:30:00,1,37,37122,2,1,1,6,Chantepie (Rue De),47.35249,0.65879
202300007795,9,2,2023,2025-12-05 00:40:00,5,35,35238,2,2,1,6,Nantes (De),48.10169,-1.68446
202300007796,8,2,2023,2025-12-05 19:50:00,5,34,34172,2,9,1,3,Brusses (Rue Des),43.63855,3.8569
202300007797,8,2,2023,2025-12-05 02:50:00,5,31,31555,2,1,1,6,Agde (Rte D) Du 1Au 67,43.62265,1.47227
202300007798,8,2,2023,2025-12-05 17:35:00,2,25,25056,2,1,1,2,Rn 1057 (Route De Gray-Ch.Epitaphe),47.232224,5.982679
202300007799,8,2,2023,2025-12-05 11:30:00,1,25,25056,2,9,1,2,Allende  Boulevard Salvador,47.223893,5.97885
202300007800,8,2,2023,2025-12-05 19:55:00,3,17,17291,1,9,1,4,N11,46.173,-1.1174
202300007801,8,2,2023,2025-12-05 07:45:00,1,13,13103,2,3,1,6,Boulevard Schuman -Robert,43.65162,5.10037
202300007802,7,2,2023,2025-12-05 10:56:00,1,10,10387,2,1,1,6,Avenue Du 1Er Mai,48.30452,4.08926
202300007803,7,2,2023,2025-12-05 07:51:00,1,10,10387,2,1,1,3,Anatole France (Rue),48.2842,4.07288
202300007804,8,2,2023,2025-12-05 10:50:00,1,6,6123,2,3,1,6,Jeanne D'Arc Avenue,43.66263,7.18323
202300007805,2,2,2023,2025-12-05 07:00:00,2,3,3095,2,1,1,6,Rue Fernand Lafaye,46.127953,3.450547
202300007806,8,2,2023,2025-12-05 22:25:00,5,93,93001,2,9,1,6,Avenue Victor Hugo,48.91005335,2.37879733
202300007807,8,2,2023,2025-12-05 15:35:00,1,75,75118,2,2,1,2,Rue Damremont,48.89531,2.337563
202300007808,8,2,2023,2025-12-05 15:00:00,1,75,75116,2,5,1,2,Route De La Pte Des Sablons A La Pte Mai,48.877347,2.279256
202300007809,7,2,2023,2025-12-05 13:00:00,1,75,75116,2,3,1,6,Avenue Marceau,48.872342,2.296388
202300007810,7,2,2023,2025-12-05 18:40:00,5,75,75116,2,1,1,3,Route De La Pte Dauphine A La Pte Des Sa,48.872953,2.272885
202300007811,8,2,2023,2025-12-05 13:20:00,1,75,75113,2,3,1,3,Avenue D Ivry,48.8237154,2.36490101
202300007812,8,2,2023,2025-12-05 15:20:00,1,75,75112,2,1,1,6,Avenue Courteline,48.84422,2.411025
202300007813,8,2,2023,2025-12-05 13:30:00,1,75,75112,2,3,1,3,Rue De Charenton,48.85078298,2.37294763
202300007814,8,2,2023,2025-12-05 11:15:00,1,75,75111,2,2,1,3,Boulevard Des Filles Du Calvaire,48.86247,2.366892
202300007815,8,2,2023,2025-12-05 08:00:00,2,75,75111,2,3,1,6,Boulevard Voltaire,48.853266,2.387717
202300007816,8,2,2023,2025-12-05 13:00:00,1,75,75110,2,1,1,6,Rue De Maubeuge,48.881112,2.353331
202300007817,7,2,2023,2025-12-05 12:20:00,1,75,75108,2,2,1,3,Boulevard Malesherbes,48.8777889,2.31628597
202300007818,8,2,2023,2025-12-05 19:28:00,5,75,75101,2,3,1,3,Boulevard De Sebastopol,48.8624762,2.35042781
202300007819,8,2,2023,2025-12-05 15:40:00,1,75,75102,2,2,1,3,Rue Du Quatre Septembre,48.870126,2.333646
202300007820,7,2,2023,2025-12-05 09:49:00,1,94,94081,2,2,1,3,Avenue Rouget De Lisle /  Rue Watteau,48.77817,2.3965
202300007821,8,2,2023,2025-12-05 20:00:00,5,94,94046,2,1,1,3,Avenue Gambetta,48.809933,2.445028
202300007822,8,2,2023,2025-12-05 12:10:00,1,94,94043,2,1,1,4,Avenue Eugene Thomas,48.80981773,2.35934454
202300007823,8,2,2023,2025-12-05 15:40:00,1,94,94022,2,8,1,3,Avenue Du General Leclerc / Avenue De La Republique,48.76235298,2.40680659
202300007824,8,2,2023,2025-12-05 08:15:00,1,94,94079,2,3,1,6,Rue Du General Gallieni,48.82603522,2.54027697
202300007825,8,2,2023,2025-12-05 21:50:00,5,95,95527,2,3,1,6,Rue Des 2 Soeurs,49.01220698,2.52115465
202300007826,8,2,2023,2025-12-05 09:10:00,1,93,93070,2,2,1,3,Rue Des Bateliers / Rue La Clef Des Champs,48.91314,2.32668
202300007827,8,2,2023,2025-12-05 15:05:00,1,93,93055,2,1,1,3,Avenue Jean Lolive,48.892782,2.410964
202300007828,7,2,2023,2025-12-05 21:00:00,5,93,93053,2,3,1,1,Rue De Brement / Rue Du Progres,48.88805196,2.45848084
202300007829,8,2,2023,2025-12-05 15:10:00,1,93,93006,2,2,1,3,Avenue Gambetta / Rue Marie-Anne Colombier,48.87085,2.41753
202300007830,8,2,2023,2025-12-05 16:10:00,1,93,93063,2,2,1,3,Avenue Du President Wilson / Rue De La Liberte,48.88343,2.4298
202300007831,8,2,2023,2025-12-05 10:33:00,1,93,93029,2,1,1,6,Avenue Jean Jaures,48.917472,2.456088
202300007832,8,2,2023,2025-12-05 12:52:00,1,93,93014,2,9,1,3,3 Boulevard Gagarine,48.907253,2.535408
202300007833,8,2,2023,2025-12-05 17:30:00,1,93,93010,2,1,1,3,Chemin Du Pont,48.90823062,2.48985512
202300007834,8,2,2023,2025-12-05 17:30:00,1,93,93001,2,2,1,6,Avenue Victor Hugo / Boulevard Felix Faure,48.90850663,2.37785795
202300007835,7,2,2023,2025-12-05 16:30:00,1,93,93001,2,1,1,6,Rue Madeleine Vionnet,48.90312,2.3741
202300007836,7,2,2023,2025-12-05 12:00:00,1,93,93001,2,2,1,6,Rue Trevet / Rue Lecuyer,48.90592936,2.39245125
202300007837,8,2,2023,2025-12-05 12:54:00,1,92,92078,2,1,1,3,Gallieni (Bd) (154 Et 214),48.92795,2.33113
202300007838,8,2,2023,2025-12-05 03:25:00,5,92,92046,2,1,1,6,Douze Fevrier 1934 (Avenue Du),48.81864,2.30702
202300007839,8,2,2023,2025-12-05 17:31:00,1,92,92051,2,2,1,6,"Chezy (Rue De, Ndeg 21 A 99)",48.89002522,2.27379978
202300007840,8,2,2023,2025-12-05 15:50:00,1,92,92020,2,2,1,6,Verdun Avenue De Ndeg2 A 28,48.80253199,2.28615135
202300007841,8,2,2023,2025-12-05 14:40:00,1,92,92044,2,9,1,3,Vic. Hugo(Rue)091A113 Et 112A146,48.89699418,2.29552835
202300007842,8,2,2023,2025-12-05 20:25:00,5,92,92026,2,1,8,6,Bezons  (De 01 A 22),48.89298663,2.25264108
202300007843,8,2,2023,2025-12-05 21:30:00,5,92,92024,2,1,1,6,General Roguet (Rue Du) De (1 A 57)   (2,48.90463,2.31291
202300007844,8,2,2023,2025-12-05 11:15:00,1,92,92024,2,9,1,6,Huntzinger (Rue),48.90025,2.30218
202300007845,8,2,2023,2025-12-05 15:30:00,1,92,92012,2,3,1,7,Vieux Pont De Sevres (Rue Du) 100/170 -,48.83169,2.2425
202300007846,8,2,2023,2025-12-05 12:30:00,1,92,92012,2,1,1,3,Jean Jaures (Boulevard) 217/Fin - 210/Fi,48.83036319,2.24536031
202300007847,9,2,2023,2025-12-05 16:25:00,1,73,73330,2,2,1,3,D921A - Rue Capitaine Simon,45.703917,5.770199
202300007848,9,2,2023,2025-12-05 09:00:00,1,57,57650,2,1,1,6,Quai Des Ducs De Lorraine,49.441533,6.356189
202300007849,7,2,2023,2025-12-05 17:00:00,1,6,6044,2,1,1,7,1463 Route De Cagnes,43.673266,7.120558
202300007850,8,2,2023,2025-12-05 20:40:00,3,10,10263,1,1,1,1,Adresse_Inconnue,48.241424,3.753591
202300007851,9,2,2023,2025-12-05 12:15:00,1,38,38239,1,1,1,1,D1085,45.316607,5.603006
202300007852,8,2,2023,2025-12-05 13:10:00,1,59,59278,2,1,1,6,119 Rue Du General De Gaulle,50.610233,2.965413
202300007853,9,2,2023,2025-12-05 18:10:00,3,71,71355,1,1,1,6,D73,46.912428,5.122139
202300007854,9,2,2023,2025-12-05 17:54:00,2,76,76136,2,1,1,6,Route De La Mer,49.814678,0.950764
202300007855,9,2,2023,2025-12-05 17:40:00,1,63,63178,2,1,1,2,Avenue Pierre Mendes-France,45.5514928,3.25338274
202300007856,7,2,2023,2025-12-05 09:26:00,1,34,34119,1,1,4,1,D160,43.585598,3.116148
202300007857,8,2,2023,2025-12-05 22:10:00,5,44,44152,1,1,1,1,Adresse_Inconnue,47.43642,-2.079112
202300007858,8,2,2023,2025-12-05 16:40:00,2,34,34344,1,1,7,3,Avenue De Carnon,43.55728788,4.03968573
202300007859,8,2,2023,2025-12-05 07:50:00,2,29,29105,2,1,1,6,Rue Du Ponant,48.519353,-4.080667
202300007860,9,2,2023,2025-12-05 18:42:00,2,29,29020,1,1,1,6,D72 - Rue Amiral De La Grandiere,48.099493,-3.991438
202300007861,3,2,2023,2025-12-05 02:45:00,4,29,29176,1,1,1,6,Lanzent,48.142604,-4.231443
202300007862,18,1,2023,2025-12-05 21:15:00,3,26,26305,1,1,1,1,Rd134 Pk 7+195,44.574913,4.876546
202300007863,9,2,2023,2025-12-05 07:45:00,1,54,54433,1,1,7,1,Rd 120,48.885587,6.155283
202300007864,8,2,2023,2025-12-05 20:20:00,3,36,36018,2,6,1,1,Place Andre Gasnier,46.633323,1.063265
202300007865,7,2,2023,2025-12-05 07:55:00,2,53,53276,1,1,1,1,La Piarderie,48.152285,-0.238025
202300007866,8,2,2023,2025-12-05 13:48:00,1,4,4122,1,1,1,7,N85,44.040226,6.074066
202300007867,8,2,2023,2025-12-05 16:16:00,1,27,27045,2,1,1,7,Chemin Du Buisson De Bleu,49.319221,1.765982
202300007868,8,2,2023,2025-12-05 18:10:00,3,28,28033,1,1,1,6,Rd 349.2,48.495542,1.062568
202300007869,9,2,2023,2025-12-05 09:45:00,1,52,52492,1,1,7,1,N19,47.82055,5.48324
202300007870,7,2,2023,2025-12-05 20:30:00,5,35,35210,2,1,1,6,Le Pont Amelin,48.15470576,-1.7843248
202300007871,8,2,2023,2025-12-05 15:00:00,1,35,35210,2,1,1,6,Rue Charles Tillon,48.148572,-1.772224
202300007872,9,2,2023,2025-12-05 15:55:00,1,13,13037,2,6,1,3,Les Guigues,43.550239,5.181588
202300007873,9,2,2023,2025-12-05 13:30:00,1,74,74010,2,1,1,7,Avenue Jean Clerc,45.885071,6.095133
202300007874,7,2,2023,2025-12-05 18:55:00,3,34,34129,1,1,1,7,A709 - Pk016.500 - Bretelle Acces Sens 1,43.573019,3.876007
202300007875,8,2,2023,2025-12-05 21:35:00,3,28,28363,1,1,1,2,A10,48.390914,1.891537
202300007876,8,2,2023,2025-12-05 20:45:00,3,77,77257,1,1,1,7,D147,49.049008,3.016434
202300007877,3,2,2023,2025-12-05 16:30:00,1,66,66088,1,1,1,6,Adresse_Inconnue,42.678216,2.6280391
202300007878,8,2,2023,2025-12-05 13:15:00,1,66,66212,1,1,1,1,Rd 11 E,42.760956,3.014696
202300007879,26,1,2023,2025-12-05 16:50:00,1,13,13066,1,1,1,2,D7N - Route De St Andiol,43.866175,4.913625
202300007880,31,1,2023,2025-12-05 04:55:00,5,69,69190,1,1,1,7,72 Rue Marcel Merieux,45.76487296,4.69884293
202300007881,8,2,2023,2025-12-05 11:20:00,1,33,33445,1,2,1,3,D120,45.034044,-0.264208
202300007882,5,2,2023,2025-12-05 05:15:00,3,13,13106,1,1,1,3,A7-Sens Marseille Vers Lyon,43.38974,5.35119
202300007883,8,2,2023,2025-12-05 08:06:00,1,83,83137,1,1,1,2,A57,43.12267,5.9571
202300007884,8,2,2023,2025-12-05 19:10:00,3,91,91589,1,1,1,4,Autoroute A6,48.67112,2.34679
202300007885,8,2,2023,2025-12-05 13:15:00,1,91,91345,1,1,1,2,Autoroute A6,48.68943,2.32435
202300007886,8,2,2023,2025-12-05 11:00:00,1,91,91589,1,1,1,4,Autoroute A6,48.68558,2.32726
202300007887,8,2,2023,2025-12-05 18:10:00,2,92,92050,1,1,1,6,A86,48.89355695,2.18863069