num_acc,jour,mois,an,hrmn,lum,dep,com,agg,int,atm,col,adr,lat,long
202300007888,7,2,2023,2025-12-05 12:03:00,1,92,92048,1,1,1,2,N118,48.80359917,2.21419888
202300007889,7,2,2023,2025-12-05 08:02:00,1,78,78297,1,1,1,3,Rn12,48.788591,2.068377
202300007890,7,2,2023,2025-12-05 10:10:00,1,93,93066,1,1,1,3,Autoroute A1,48.9261,2.35695
202300007891,7,2,2023,2025-12-05 09:10:00,1,95,95582,1,1,1,2,A15,48.96526067,2.25973884
202300007892,7,2,2023,2025-12-05 07:45:00,1,93,93066,1,1,1,3,Autoroute A1,48.93114,2.36801
202300007893,7,2,2023,2025-12-05 06:30:00,2,95,95252,1,1,1,5,A15,48.97685891,2.23427744
202300007894,7,2,2023,2025-12-05 11:05:00,1,77,77379,2,1,1,6,D1E,48.54850735,3.29338227
202300007895,7,2,2023,2025-12-05 09:58:00,1,27,27229,2,3,7,6,Foret (Rue De La),49.01163299,1.15983576
202300007896,6,2,2023,2025-12-05 11:30:00,1,17,17415,2,3,1,3,Guillet Maillet 1-65,45.748147,-0.622618
202300007897,4,2,2023,2025-12-05 10:10:00,1,83,83126,2,9,1,6,Europe (Bd De L'),43.11076,5.85914
202300007898,2,2,2023,2025-12-05 18:07:00,1,63,63113,2,1,1,6,Limousin (Avenue Du),45.79128101,3.0594644
202300007899,2,5,2023,2025-12-05 15:00:00,1,85,85160,1,2,1,3,Rd36,46.593541,-1.443171
202300007900,2,5,2023,2025-12-05 15:05:00,1,50,50288,1,1,1,6,D973,48.71138,-1.39873
202300007901,30,4,2023,2025-12-05 12:30:00,1,22,22040,1,1,7,7,D8,48.52294,-3.168762
202300007902,3,5,2023,2025-12-05 13:50:00,1,59,59126,2,1,7,3,Rue De Cambrai,50.309155,3.127912
202300007903,3,5,2023,2025-12-05 12:15:00,1,59,59129,1,3,1,3,D549,50.503137,3.177667
202300007904,2,5,2023,2025-12-05 09:45:00,1,33,33448,1,1,1,4,Autoroute A 62,44.72223263,-0.52385688
202300007905,2,5,2023,2025-12-05 17:50:00,1,92,92050,1,1,1,2,A86,48.90425,2.20717
202300007906,2,5,2023,2025-12-05 16:55:00,1,78,78640,1,1,1,2,A86 Int,48.780473,2.181529
202300007907,2,5,2023,2025-12-05 10:40:00,1,92,92064,1,1,1,1,A13,48.8382291,2.19103797
202300007908,1,5,2023,2025-12-05 18:55:00,1,78,78140,1,1,1,6,A13,48.96087,1.93015
202300007909,1,5,2023,2025-12-05 14:30:00,1,78,78466,1,1,8,2,A13,48.91975,2.00348
202300007910,2,5,2023,2025-12-05 09:50:00,1,95,95218,1,1,1,5,A15,49.03546598,2.09715486
202300007911,2,5,2023,2025-12-05 06:30:00,2,93,93010,1,1,1,2,Autoroute A3,48.91557,2.47787
202300007912,28,2,2023,2025-12-05 10:30:00,1,43,43040,2,3,1,3,Rue Andocede Carrot,45.297992,3.380769
202300007913,1,5,2023,2025-12-05 22:25:00,4,974,97411,1,1,1,2,Boulevard Lancastel,-20.88128767,55.46216011
202300007914,1,5,2023,2025-12-05 15:45:00,1,972,97213,2,6,1,6,Route Departementale 3,14.61944,-60.99433
202300007915,1,5,2023,2025-12-05 08:20:00,1,972,97213,1,1,1,6,Route Departementale 14,14.632868,-61.016678
202300007916,30,4,2023,2025-12-05 20:15:00,5,972,97213,1,6,1,3,Route Nationale 1,14.61843,-61.00521
202300007917,1,5,2023,2025-12-05 19:27:00,2,2B,2B120,2,1,2,1,Lagune (Route De La) D107,42.65,9.45
202300007918,1,5,2023,2025-12-05 12:20:00,1,2A,2A004,2,1,1,2,Pietri Nicolas Avenue,41.91658,8.72308
202300007919,1,5,2023,2025-12-05 19:35:00,2,95,95280,2,1,1,6,Georges Pitard (Rue),49.034173,2.453529
202300007920,29,4,2023,2025-12-05 11:40:00,1,91,91421,2,1,1,2,Republique (Avenue De La),48.70027,2.46783
202300007921,1,5,2023,2025-12-05 18:30:00,1,91,91027,2,2,7,3,Av Leon Blum,48.71012,2.38545
202300007922,1,5,2023,2025-12-05 09:20:00,1,83,83126,2,6,1,3,Renoir (Av Auguste),43.08415,5.86618
202300007923,1,5,2023,2025-12-05 10:45:00,1,78,78481,2,9,8,3,Charles De Gaulle (Avenue),48.88941,2.10373
202300007924,1,5,2023,2025-12-05 19:35:00,1,73,73008,2,1,1,2,D1201 Charcot  Boulevard Jean,45.69104,5.89592
202300007925,27,4,2023,2025-12-05 16:45:00,1,69,69271,1,1,1,1,Chemin De Meyzieu,45.75179,4.98278
202300007926,1,5,2023,2025-12-05 13:20:00,1,69,69290,2,1,1,6,45 Rue Anatole France,45.69353025,4.93188636
202300007927,1,5,2023,2025-12-05 02:30:00,3,62,62065,1,9,1,6,N17,50.412631,2.822949
202300007928,1,5,2023,2025-12-05 20:36:00,1,59,59599,2,2,7,3,Dunkerque (Rue De),50.71727,3.14781
202300007929,1,5,2023,2025-12-05 10:50:00,1,54,54099,2,3,1,3,Rue Louis Bertrand,49.242447,5.938245
202300007930,1,5,2023,2025-12-05 16:50:00,1,51,51454,2,6,1,6,Avenue Paul Marchandeau,49.2421,4.02432
202300007931,1,5,2023,2025-12-05 11:46:00,1,49,49267,2,2,1,3,Gemmetrie,47.46129,-0.49252
202300007932,1,5,2023,2025-12-05 20:25:00,1,44,44184,2,1,1,6,34 Avenue Albert De Mun,47.27832,-2.20905
202300007933,1,5,2023,2025-12-05 06:30:00,2,38,38516,2,3,2,3,Verdun (Av. De)Ouest Passage Ricou,45.19227,5.74619
202300007934,1,5,2023,2025-12-05 07:15:00,1,38,38185,1,9,8,6,A480,45.17129,5.702
202300007935,1,5,2023,2025-12-05 14:00:00,1,31,31483,1,1,1,3,3875 Route De La Serre De Cazaux,43.14636,0.74155
202300007936,1,5,2023,2025-12-05 16:20:00,1,29,29051,1,1,1,6,Rn 165,48.00591002,-4.06221804
202300007937,1,5,2023,2025-12-05 02:59:00,5,17,17300,2,2,1,3,Denfert-Rochereau   Avenue (59),46.16428,-1.2018
202300007938,1,5,2023,2025-12-05 10:00:00,1,13,13205,2,2,1,6,Sakakini (Boulevard),43.29573,5.40017
202300007939,27,4,2023,2025-12-05 17:30:00,1,13,13001,2,9,1,3,Ancienne Route Des Alpes (Rte),43.5484,5.45559
202300007940,1,5,2023,2025-12-05 18:30:00,1,6,6027,2,2,3,3,Val Fleuri Chemin Du,43.66456,7.17165
202300007941,30,4,2023,2025-12-05 14:00:00,1,75,75116,2,2,1,3,Avenue Kleber,48.868997,2.291569
202300007942,29,4,2023,2025-12-05 21:28:00,5,75,75101,2,3,1,6,Quai Francois Mitterrand,48.860075,2.333394
202300007943,29,4,2023,2025-12-05 03:30:00,5,75,75101,2,1,1,3,Quai Des Tuileries,48.863672,2.321585
202300007944,1,5,2023,2025-12-05 18:10:00,1,75,75120,2,1,1,2,Boulevard Davout,48.859454,2.409439
202300007945,1,5,2023,2025-12-05 01:00:00,5,75,75119,2,3,1,3,Quai De L Oise,48.89051,2.383123
202300007946,30,4,2023,2025-12-05 01:00:00,5,75,75116,2,3,1,6,Rue De L Assomption,48.85555,2.266102
202300007947,1,5,2023,2025-12-05 15:55:00,1,75,75115,2,2,1,3,Avenue De La Porte Brancion,48.825865,2.300224
202300007948,1,5,2023,2025-12-05 16:45:00,1,75,75113,2,1,2,1,Rue Regnault,48.823055,2.369392
202300007949,1,5,2023,2025-12-05 13:15:00,1,94,94074,2,6,1,3,Rue Theodule Jourdain / Avenue Julien Duranton,48.770444,2.446882
202300007950,1,5,2023,2025-12-05 20:04:00,1,94,94028,2,1,1,3,Rue Du General Leclerc,48.788862,2.466626
202300007951,1,5,2023,2025-12-05 08:13:00,1,94,94017,2,1,1,5,Pont De Nogent,48.83103,2.49304
202300007952,1,5,2023,2025-12-05 13:00:00,1,94,94021,2,1,1,2,Avenue Du General De Gaulle,48.77306769,2.33827485
202300007953,1,5,2023,2025-12-05 20:30:00,1,94,94002,2,3,1,2,Quai Blanqui / Rue Des Essertes,48.80156602,2.41639875
202300007954,1,5,2023,2025-12-05 18:45:00,1,93,93066,2,2,1,3,Rue De Villiers / Rue D'Andilly,48.94212782,2.37708566
202300007955,1,5,2023,2025-12-05 01:30:00,5,93,93066,2,2,1,3,Rue Du Fort De La Briche / Quai De Seine,48.94190858,2.3416481
202300007956,1,5,2023,2025-12-05 08:20:00,1,93,93048,2,2,1,3,Rue Galilee / Rue De Rosny,48.86185,2.44665
202300007957,1,5,2023,2025-12-05 17:50:00,1,93,93057,2,3,1,3,Allee Des Platanes / Allee De Bougainville,48.91638538,2.49564326
202300007958,1,5,2023,2025-12-05 19:15:00,1,93,93008,2,2,1,6,Promenade Jean Rostand / Rue Marguerite Yourcenar,48.90876,2.45371
202300007959,1,5,2023,2025-12-05 17:10:00,1,92,92012,2,1,1,3,Jean Jaures (Boulevard) 63/215 - 70/208,48.835751,2.242292
202300007960,1,5,2023,2025-12-05 16:00:00,1,92,92012,2,1,1,6,Charles De Gaulle (Avenue) Cote Impair,48.84951,2.2375
202300007961,1,5,2023,2025-12-05 02:00:00,5,92,92014,2,3,1,1,Galois (Avenue),48.77678171,2.3191908
202300007962,30,4,2023,2025-12-05 17:30:00,1,40,40304,2,1,1,6,124 Avenue De Paris,43.667467,-1.413004
202300007963,2,5,2023,2025-12-05 04:30:00,3,21,21016,1,1,1,5,Autoroute A 31- Pk 52.200,47.38734293,5.17240043
202300007964,1,5,2023,2025-12-05 13:15:00,1,62,62390,2,1,1,7,D940,50.391301,1.604884
202300007965,1,5,2023,2025-12-05 18:15:00,2,974,97413,1,1,1,7,Rue Du Musee,-21.187903,55.287543
202300007966,30,4,2023,2025-12-05 16:40:00,1,87,87201,1,3,1,7,Rue De Limoges,45.855654,1.151285
202300007967,1,5,2023,2025-12-05 15:45:00,1,34,34095,1,1,6,7,M114 Pr 21+833,43.516269,3.767723
202300007968,1,5,2023,2025-12-05 19:10:00,1,57,57106,2,6,1,7,Rue Du Luxembourg,49.298074,6.530911
202300007969,29,4,2023,2025-12-05 15:40:00,1,19,19095,1,1,1,6,D940,45.635464,1.842264
202300007970,1,5,2023,2025-12-05 11:50:00,1,59,59536,1,3,1,3,D53,50.773859,2.508305
202300007971,2,5,2023,2025-12-05 14:00:00,1,79,79174,1,1,1,2,Adresse_Inconnue,46.22814,-0.087816
202300007972,2,5,2023,2025-12-05 16:35:00,1,2B,2B286,2,1,1,2,Rt 10,42.485715,9.479828
202300007973,1,5,2023,2025-12-05 15:05:00,1,2B,2B281,1,1,2,7,Sagro,42.796082,9.489822
202300007974,2,5,2023,2025-12-05 15:00:00,1,82,82079,1,1,1,1,1025 Route De Montauban,43.93767,1.35823
202300007975,2,5,2023,2025-12-05 11:00:00,1,41,41229,1,1,1,2,A85 Pk 153.200 Sens 2,47.306895,1.367433
202300007976,1,5,2023,2025-12-05 15:35:00,1,69,69012,1,1,2,1,207 Chemin Des Valettes,46.17297963,4.54660199
202300007977,2,5,2023,2025-12-05 17:00:00,1,12,12012,2,2,1,3,Avenue De Rodez,44.544744,2.142034
202300007978,30,4,2023,2025-12-05 06:30:00,2,41,41097,1,1,1,6,D724,47.31065,1.666907
202300007979,1,5,2023,2025-12-05 13:00:00,1,34,34101,1,1,1,1,D32 Pr 53+276,43.415967,3.433496
202300007980,1,5,2023,2025-12-05 19:00:00,1,34,34267,1,1,1,7,251 Chemin Des Plos,43.700093,3.541423
202300007981,30,4,2023,2025-12-05 20:40:00,2,68,68273,1,1,1,7,D463,47.53934,7.277241
202300007982,2,5,2023,2025-12-05 13:45:00,1,68,68374,1,1,1,4,D83,48.082803,7.312109
202300007983,1,5,2023,2025-12-05 16:20:00,1,44,44155,1,1,1,7,Adresse_Inconnue,47.04858274,-1.56493705
202300007984,2,5,2023,2025-12-05 11:30:00,1,35,35179,1,1,1,4,Route Departementale 137,48.546238,-1.922908
202300007985,30,4,2023,2025-12-05 23:00:00,3,29,29076,1,1,1,6,Lieu Dit Les 3 Cures,48.472679,-4.525031
202300007986,2,5,2023,2025-12-05 09:00:00,1,29,29160,2,1,1,2,D788,48.49358414,-4.43165312
202300007987,2,5,2023,2025-12-05 14:58:00,1,2,2502,2,3,1,6,6 Place De L'Hotel De Ville,49.695309,4.014403
202300007988,1,5,2023,2025-12-05 11:16:00,1,70,70120,2,1,1,7,29 Avenue De France,47.69297,6.658997
202300007989,2,5,2023,2025-12-05 17:50:00,1,26,26327,1,3,1,1,Route Deprtementale 539 - Route De Chatillon,44.68385,5.44409
202300007990,2,5,2023,2025-12-05 09:25:00,1,58,58095,2,1,1,6,Route De Champvert,46.835438,3.469257
202300007991,1,5,2023,2025-12-05 19:45:00,1,18,18230,1,2,1,3,Route Des Brulis,46.663737,2.303234
202300007992,2,5,2023,2025-12-05 16:00:00,1,40,40224,2,8,1,3,Route De Bayonne,43.546452,-1.112076
202300007993,1,5,2023,2025-12-05 07:00:00,2,85,85146,1,3,1,3,Vc La Bruneliere,46.991608,-1.319883
202300007994,21,3,2023,2025-12-05 19:20:00,4,27,27547,2,9,1,1,Route D'Orbec,49.046532,0.404971
202300007995,2,5,2023,2025-12-05 00:10:00,3,88,88116,1,1,2,6,Le Rond Champ,47.96596471,6.84802026
202300007996,1,5,2023,2025-12-05 03:17:00,3,6,6029,1,1,1,4,"A8, Pk 160.800 Voie Nord",43.560926,6.968679
202300007997,2,5,2023,2025-12-05 07:45:00,1,45,45155,1,1,1,1,D952 Pr 7 + 150,47.677973,2.663755
202300007998,2,5,2023,2025-12-05 13:05:00,1,67,67300,2,1,1,6,11 Avenue Du General De Gaulle,48.54276,7.488864
202300007999,1,5,2023,2025-12-05 05:28:00,2,67,67098,1,1,2,6,D392,48.539537,7.403922
202300008000,1,5,2023,2025-12-05 15:00:00,1,42,42168,1,1,2,6,5 Route Du Col De L'Oeillon,45.426178,4.659423
202300008001,2,5,2023,2025-12-05 14:15:00,1,81,81105,1,1,1,7,La Plaine,43.77831,1.985779
202300008002,1,5,2023,2025-12-05 16:30:00,1,17,17452,1,1,1,7,D25,45.720166,-1.229782
202300008003,1,5,2023,2025-12-05 19:30:00,2,16,16355,1,1,1,6,Rd 55,45.77551557,-0.36462189
202300008004,1,5,2023,2025-12-05 17:40:00,1,33,33463,2,1,1,6,85 Avenue De La Liberation,44.571727,-0.190726
202300008005,1,5,2023,2025-12-05 16:20:00,1,33,33019,2,1,1,3,Allee Des Chevres,44.69178931,-1.01953179
202300008006,1,5,2023,2025-12-05 08:55:00,1,53,53157,1,9,1,7,Rond Point Du Port Sec,48.031149,-0.80846071
202300008007,30,4,2023,2025-12-05 21:05:00,3,61,61213,1,3,2,3,Rn12,48.473074,-0.130867
202300008008,9,4,2023,2025-12-05 16:45:00,1,50,50239,1,1,1,6,D900,49.129659,-1.170345
202300008009,30,4,2023,2025-12-05 20:25:00,1,29,29058,1,1,1,6,Route Du Grand Large,47.847788,-4.036193
202300008010,2,5,2023,2025-12-05 17:20:00,1,27,27015,2,1,1,6,Route Nationale,49.231331,1.239288
202300008011,30,4,2023,2025-12-05 17:10:00,1,76,76001,2,1,1,6,9 Rue Du Docteur Patenotre,49.596306,0.676335
202300008012,30,4,2023,2025-12-05 16:30:00,1,62,62609,1,1,1,6,D55,50.37508544,2.76883976
202300008013,30,4,2023,2025-12-05 16:00:00,1,59,59136,1,6,1,3,Cd932,50.108043,3.523146
202300008014,1,5,2023,2025-12-05 18:25:00,1,78,78165,1,1,1,5,Rn12 Int,48.79924,1.99066
202300008015,1,5,2023,2025-12-05 13:45:00,1,93,93005,1,1,2,6,Autoroute A104,48.97269957,2.49253392
202300008016,1,5,2023,2025-12-05 05:44:00,3,77,77373,1,1,1,6,Rn104,48.782248,2.616277
202300008017,30,4,2023,2025-12-05 15:05:00,1,974,97416,2,1,1,7,Rubel (Chemin Laurent),-21.2845,55.46764
202300008018,30,4,2023,2025-12-05 19:30:00,5,974,97409,1,1,1,6,Rn2 Sens St Benoit St Denis,-20.94382,55.64946
202300008019,30,4,2023,2025-12-05 13:20:00,1,974,97407,2,1,1,1,Londres(Rue),-20.9419,55.29444
202300008020,30,4,2023,2025-12-05 04:53:00,5,69,69386,2,2,1,3,45 Rue Duquesne,45.77284,4.84653
202300008021,30,4,2023,2025-12-05 04:45:00,5,69,69387,2,3,1,6,Boulevard Chambaud De La Bruyere,45.72285,4.84236
202300008022,6,6,2023,2025-12-05 18:50:00,1,34,34047,1,1,1,6,Rd32,43.541308,3.485527
202300008023,29,4,2023,2025-12-05 12:35:00,1,972,97213,1,9,1,3,Route Departementale 3,14.65055,-60.98756
202300008024,1,6,2023,2025-12-05 02:45:00,3,22,22258,1,1,1,6,Le Beau Frero,48.422113,-2.69982
202300008025,7,6,2023,2025-12-05 16:40:00,1,44,44067,2,1,1,7,2 Rue De L'Hotel De Ville,47.628522,-1.834241
202300008026,30,4,2023,2025-12-05 16:10:00,1,972,97209,1,9,1,1,Balata (Route De),14.61725,-61.07122
202300008027,7,6,2023,2025-12-05 04:58:00,2,29,29236,1,1,1,6,Moulin Helou,47.83305615,-3.6830121
202300008028,7,6,2023,2025-12-05 16:45:00,1,2,2067,2,1,1,6,Rue Du General De Gaulle,50.032035,3.710546
202300008029,30,4,2023,2025-12-05 03:30:00,5,972,97209,2,3,1,6,Bishop (Avenue Maurice),14.60873,-61.05628
202300008030,7,6,2023,2025-12-05 08:05:00,1,2,2360,1,1,7,6,D62,49.428093,3.960421
202300008031,29,4,2023,2025-12-05 01:15:00,4,972,97209,1,1,1,2,Rd 41 (Rocade),14.61001,-61.0847
202300008032,30,4,2023,2025-12-05 21:50:00,5,69,69081,2,1,1,6,1 Chemin De Chalin,45.77736,4.79196
202300008033,7,6,2023,2025-12-05 15:25:00,1,3,3298,1,1,1,1,74 Route De Moulins,46.33718448,3.3831559
202300008034,30,4,2023,2025-12-05 20:58:00,5,2B,2B033,2,9,2,6,Vezzani - Rue Cesar,42.689333,9.447233
202300008035,7,6,2023,2025-12-05 06:39:00,1,3,3306,1,1,1,6,Village Des Baillons,46.090801,3.496034
202300008036,6,6,2023,2025-12-05 18:50:00,1,14,14682,1,1,1,1,Route De Rouen,49.299858,0.228578
202300008037,28,4,2023,2025-12-05 15:00:00,1,971,97113,1,3,1,5,Morne Salines,16.20805712,-61.44964457
202300008038,7,6,2023,2025-12-05 18:40:00,1,50,50111,1,1,1,3,Les Nouettes,49.035283,-1.278464
202300008039,30,4,2023,2025-12-05 23:10:00,5,91,91657,2,3,1,6,Av Henri Barbusse,48.7043,2.4354
202300008040,30,4,2023,2025-12-05 22:00:00,5,91,91286,2,1,1,2,De La 1Ere Armee Rhin Et Danube (Avenue),48.65385,2.39644
202300008041,7,6,2023,2025-12-05 17:15:00,1,50,50615,2,3,1,3,Route De Sottevast,49.513605,-1.499934
202300008042,6,6,2023,2025-12-05 00:30:00,3,45,45053,2,1,1,6,Boulevard Loreau,47.64736,2.729947
202300008043,29,4,2023,2025-12-05 20:20:00,1,85,85191,2,1,1,6,Place De La Vendee,46.66992,-1.43208
202300008044,24,11,2023,2025-12-05 20:20:00,5,47,47001,2,3,2,6,8 Mai 1945 (Allee Du),44.20061,0.61752
202300008045,11,7,2023,2025-12-05 12:00:00,1,91,91136,1,1,1,4,A10 Province / Rd188 Province,48.71308,2.28234
202300008046,28,4,2023,2025-12-05 18:30:00,1,83,83137,2,1,1,2,Bonaparte (Rond Point Du General),43.126183,5.92587
202300008047,6,6,2023,2025-12-05 19:55:00,1,73,73204,2,2,1,1,D1006,45.52955086,5.68484301
202300008048,24,11,2023,2025-12-05 18:05:00,5,47,47001,2,1,2,6,Liberte (Boulevard De La),44.19625,0.61899
202300008049,1,5,2023,2025-12-05 00:25:00,3,77,77251,1,1,1,6,All Du Points De Vue,48.618404,2.540559
202300008050,11,7,2023,2025-12-05 01:44:00,3,91,91617,1,1,1,7,Rn6 Province / Rn 104 Ext,48.6419,2.53538
202300008051,24,11,2023,2025-12-05 14:00:00,1,45,45285,2,3,1,6,18 Rue Charles Beauhaire,47.90987,1.88166
202300008052,7,6,2023,2025-12-05 07:40:00,1,24,24551,1,3,1,3,Les Bouilloux,45.422601,0.935458
202300008053,7,6,2023,2025-12-05 08:50:00,1,85,85254,1,1,1,1,Rd 960B,46.78772,-0.78069
202300008054,29,4,2023,2025-12-05 17:15:00,1,64,64445,2,1,2,7,14 Juillet Du,43.28734,-0.38022
202300008055,6,6,2023,2025-12-05 18:40:00,1,17,17337,2,1,1,7,D126,45.970675,-1.289102
202300008056,24,11,2023,2025-12-05 08:59:00,1,45,45068,1,1,2,4,D2007 Pr 17 + 385,48.013263,2.739327
202300008057,11,7,2023,2025-12-05 00:20:00,3,91,91161,1,1,1,2,Autoroute A6,48.71331,2.30857
202300008058,29,4,2023,2025-12-05 15:48:00,1,64,64335,2,9,2,1,Jean Jaures,43.31711,-0.42968
202300008059,24,11,2023,2025-12-05 19:10:00,5,44,44109,2,1,1,6,11 Rue De Brea,47.21092,-1.56597
202300008060,6,6,2023,2025-12-05 20:15:00,1,87,87153,1,1,1,1,Lieu Dit Ladrat,45.834768,1.747089
202300008061,29,4,2023,2025-12-05 11:43:00,1,64,64445,2,3,2,6,Mourot,43.2991,-0.37183
202300008062,24,11,2023,2025-12-05 20:20:00,5,37,37214,1,1,1,3,Motte (Pont De La),47.39405893,0.64713907
202300008063,30,4,2023,2025-12-05 19:10:00,1,64,64122,2,1,1,7,Guynemer (Rue),43.47332,-1.56383
202300008064,24,11,2023,2025-12-05 11:15:00,1,37,37122,2,1,1,7,Gamard (Rue),47.35031,0.66263
202300008065,30,4,2023,2025-12-05 02:55:00,4,64,64102,2,1,1,7,Lesseps (Quai De),43.49736,-1.47774
202300008066,6,6,2023,2025-12-05 15:20:00,1,95,95394,2,1,1,3,103 Therese Lethias (Rue),49.05534638,2.17159688
202300008067,11,7,2023,2025-12-05 16:45:00,1,92,92036,1,1,1,2,A86,48.93452516,2.26967584
202300008068,24,11,2023,2025-12-05 12:15:00,1,37,37208,2,1,1,2,Grandmont (Rue De),47.36554,0.71535
202300008069,31,5,2023,2025-12-05 06:45:00,2,973,97307,2,1,7,6,115 Rue Leon Gontran Damas,4.850723,-52.32724
202300008070,30,4,2023,2025-12-05 20:55:00,1,62,62400,2,1,1,5,D86,50.47361,2.58016
202300008071,24,11,2023,2025-12-05 07:10:00,5,37,37214,2,4,2,3,De Gaulle (Bd Charles),47.41814,0.66528
202300008072,7,6,2023,2025-12-05 18:00:00,1,34,34337,1,1,1,3,5 Chemin Du Boulidou,43.525729,3.83985
202300008073,6,6,2023,2025-12-05 17:00:00,1,78,78455,2,1,1,7,Rue De Chevreloup,48.837451,2.068692
202300008074,24,11,2023,2025-12-05 17:40:00,2,35,35238,2,2,1,3,Roosevelt (Bd Franklin),48.0959,-1.6615
202300008075,29,4,2023,2025-12-05 18:05:00,1,54,54274,1,1,1,4,Rd 674,48.67357,6.19616
202300008076,11,7,2023,2025-12-05 20:15:00,1,95,95018,1,1,1,2,A15,48.96209,2.26724
202300008077,24,11,2023,2025-12-05 07:55:00,3,35,35238,1,1,1,5,Rn136,48.08089355,-1.67097867
202300008078,28,4,2023,2025-12-05 21:55:00,5,45,45068,2,1,1,3,7 Rue Roger Salengro,48.012929,2.718023
202300008079,29,5,2023,2025-12-05 16:15:00,1,82,82025,1,1,1,4,A20 Pk 427+000,43.939501,1.321449
202300008080,24,11,2023,2025-12-05 07:45:00,2,33,33192,2,6,1,3,Rue D'Ornon,44.76581,-0.63922
202300008081,11,7,2023,2025-12-05 18:00:00,1,93,93066,1,1,1,2,Autoroute A1,48.91934,2.35742
202300008082,30,4,2023,2025-12-05 04:30:00,5,38,38185,2,5,1,3,Place Hubert Dubedout,45.19232,5.72043
202300008083,7,6,2023,2025-12-05 03:03:00,3,17,17219,1,1,1,1,"Rd 123, Pr 03.000",45.824523,-1.044881
202300008084,23,11,2023,2025-12-05 13:00:00,1,33,33032,2,1,1,6,Ave Saint-Exupery,44.90302,-0.5132
202300008085,30,4,2023,2025-12-05 17:10:00,1,37,37261,2,1,1,6,Meffre (Place),47.38043,0.69928
202300008086,6,6,2023,2025-12-05 20:17:00,2,42,42009,2,1,1,1,Route De Biterne - Les Grands Pres,45.771164,4.043323
202300008087,24,11,2023,2025-12-05 17:15:00,5,31,31555,2,1,2,6,Rue Henri Desbals,43.5903,1.420204
202300008088,30,4,2023,2025-12-05 15:45:00,1,35,35238,2,2,1,3,Freville (Avenue Henri),48.08669,-1.675
202300008089,6,6,2023,2025-12-05 23:50:00,3,77,77192,1,1,1,1,N36,48.701498,2.828465
202300008090,10,7,2023,2025-12-05 20:20:00,1,95,95018,1,1,1,5,Autoroute A15,48.96209,2.26724
202300008091,30,4,2023,2025-12-05 18:10:00,1,33,33249,2,1,1,3,Quai Elisabeth Dupeyron,44.86863,-0.53773
202300008092,6,6,2023,2025-12-05 17:45:00,1,91,91661,1,1,7,1,Avenue De La Plesse,48.693874,2.237616
202300008093,24,11,2023,2025-12-05 19:40:00,3,29,29232,2,1,1,5,Boulevard Louis Le Guennec,47.98306669,-4.11074257
202300008094,30,4,2023,2025-12-05 17:53:00,1,33,33063,2,3,1,6,Cours De Verdun,44.84721,-0.57669
202300008095,6,6,2023,2025-12-05 23:26:00,3,5,5052,1,1,1,6,D902,44.6862397,6.6983076
202300008096,24,11,2023,2025-12-05 18:45:00,5,29,29019,1,1,1,2,Rue General Paulet,48.42257538,-4.47700816
202300008097,11,7,2023,2025-12-05 09:40:00,1,93,93064,1,1,1,3,Autoroute A86,48.88339239,2.46986931
202300008098,30,4,2023,2025-12-05 10:00:00,1,33,33063,2,2,1,3,Passage Bernard Jabouin,44.85802,-0.58779
202300008099,7,6,2023,2025-12-05 17:00:00,1,5,5178,1,1,1,3,Route De Gap,44.373717,5.928497
202300008100,22,11,2023,2025-12-05 17:15:00,1,29,29019,2,1,1,3,30 Quai Commandant Malbert,48.380677,-4.48772
202300008101,30,4,2023,2025-12-05 07:55:00,1,31,31555,2,1,8,6,Va007644 Empalot A620 Sortie 24,43.57538,1.44057
202300008102,6,6,2023,2025-12-05 18:00:00,1,89,89387,2,1,1,2,Adresse_Inconnue,48.21243,3.26448
202300008103,20,11,2023,2025-12-05 17:33:00,1,29,29019,1,3,2,2,Chemin De Kerlossouarn,48.449407,-4.494245
202300008104,30,4,2023,2025-12-05 03:15:00,3,28,28134,2,1,1,6,Paris (Route De),48.74774,1.4012
202300008105,11,7,2023,2025-12-05 09:20:00,1,93,93010,1,1,1,5,Autoroute A3,48.90722835,2.47254249
202300008106,5,6,2023,2025-12-05 04:55:00,2,67,67400,1,1,1,7,D264,48.975485,7.937686
202300008107,24,11,2023,2025-12-05 17:40:00,5,27,27229,2,1,1,6,Saint Sauveur (Rue),49.028027,1.143645
202300008108,29,4,2023,2025-12-05 16:45:00,1,27,27681,2,1,1,3,Hugo (Avenue Victor),49.09246,1.48176
202300008109,24,11,2023,2025-12-05 13:13:00,1,27,27229,2,1,1,6,Duc De Bouillon (Rue Du),49.02675,1.14821
202300008110,10,7,2023,2025-12-05 18:00:00,1,93,93078,1,1,1,3,Autoroute A104,48.95789816,2.53055763
202300008111,7,6,2023,2025-12-05 13:00:00,1,69,69009,2,3,1,3,Route De Saint Bernard,45.94395906,4.72602745
202300008112,30,4,2023,2025-12-05 14:10:00,1,27,27229,2,1,1,2,Foret (Rue De La),49.00945,1.15611
202300008113,5,6,2023,2025-12-05 13:45:00,1,69,69295,2,1,1,7,670 Route De Chuzelles,45.605752,4.879861
202300008114,1,5,2023,2025-12-05 00:15:00,3,26,26198,1,6,1,6,Route De Chateauneuf,44.53251,4.73765
202300008115,24,11,2023,2025-12-05 09:15:00,1,27,27229,2,1,2,4,Foch (Avenue Du Marechal),49.02344,1.13728