num_acc,jour,mois,an,hrmn,lum,dep,com,agg,int,atm,col,adr,lat,long
202300008116,11,7,2023,2025-12-05 07:25:00,1,93,93051,1,1,1,2,A4,48.83515238,2.57609455
202300008117,5,6,2023,2025-12-05 08:30:00,1,79,79049,1,1,1,7,Adresse_Inconnue,46.790746,-0.430334
202300008118,30,4,2023,2025-12-05 11:20:00,1,26,26198,2,1,1,6,Avenue D'Espoulette,44.55392,4.76085
202300008119,24,11,2023,2025-12-05 08:50:00,2,27,27229,2,1,2,2,Vernon (Rue De),49.03118,1.15991
202300008120,29,4,2023,2025-12-05 11:40:00,1,22,22113,2,1,1,2,Saint Marc (Rue De),48.73455,-3.4443
202300008121,6,6,2023,2025-12-05 11:45:00,1,86,86078,2,1,1,7,Rue Duplessis,46.147971,0.293874
202300008122,11,7,2023,2025-12-05 05:25:00,3,77,77372,1,1,1,2,A104,48.888994,2.667469
202300008123,24,11,2023,2025-12-05 07:50:00,5,27,27229,2,1,2,3,Saint Leger (Rue Du Faubourg),49.03288,1.15547
202300008124,26,3,2023,2025-12-05 06:26:00,3,38,38544,1,1,2,6,D46A,45.50169,4.89334
202300008125,30,4,2023,2025-12-05 01:51:00,5,18,18033,2,2,1,3,Boulevard De L'Avenir,47.07977,2.38216
202300008126,24,11,2023,2025-12-05 08:50:00,1,25,25056,2,1,2,6,Vesoul Rue De (Inf 52),47.25417,6.0152
202300008127,6,6,2023,2025-12-05 19:15:00,1,85,85071,2,3,1,1,577 Rue De Saint-Gilles,46.75719,-1.85279
202300008128,30,4,2023,2025-12-05 05:50:00,5,15,15014,2,1,2,6,Rd 920,44.910299,2.451631
202300008129,5,7,2023,2025-12-05 07:56:00,1,49,49099,2,1,7,6,Carnot (Rue Sadi),47.06317,-0.86567
202300008130,7,6,2023,2025-12-05 08:45:00,1,49,49035,1,1,1,7,D126,47.415144,-0.645919
202300008131,30,4,2023,2025-12-05 02:16:00,5,11,11069,2,9,2,3,1 Boulevard Jules Guesde,43.20847,2.33194
202300008132,6,6,2023,2025-12-05 07:00:00,1,61,61141,1,1,1,3,D2,48.460838,0.029037
202300008133,30,4,2023,2025-12-05 11:48:00,1,10,10387,2,1,1,7,Lombards (Avenue),48.272899,4.076847
202300008134,25,11,2023,2025-12-05 01:55:00,5,13,13206,2,2,6,2,Breteuil (Rue),43.28943,5.37616
202300008135,5,6,2023,2025-12-05 00:05:00,3,22,22149,2,1,1,6,20 Rue Des Camelias,48.278192,-2.894174
202300008136,8,5,2023,2025-12-05 20:00:00,1,85,85194,2,1,1,7,Gabaret (Avenue Alcide),46.4961,-1.7741
202300008137,30,4,2023,2025-12-05 09:50:00,1,7,7102,2,2,1,3,Montgolfier (Rue),44.93306,4.87367
202300008138,24,11,2023,2025-12-05 21:30:00,5,13,13211,2,1,1,3,Raoul Follereau (Av),43.29391976,5.44493745
202300008139,7,6,2023,2025-12-05 12:00:00,1,27,27343,1,1,7,1,Rd57 Pr 18.500 Vers Evreux,49.062704,1.365416
202300008140,30,4,2023,2025-12-05 12:40:00,1,6,6029,2,3,2,3,Oxford (Boulevard D'),43.56491,7.02636
202300008141,10,7,2023,2025-12-05 14:45:00,1,974,97416,1,1,1,2,Rn1,-21.31088,55.43498
202300008142,24,11,2023,2025-12-05 15:35:00,1,13,13213,2,1,1,1,Poilus (Avenue Des),43.32262,5.45707
202300008143,30,4,2023,2025-12-05 20:05:00,2,75,75120,2,1,1,3,Porte Des Lilas,48.872376,2.412504
202300008144,7,6,2023,2025-12-05 05:15:00,1,27,27599,1,1,1,7,Rd 6015 Pr 14. 200,49.150093,1.381059
202300008145,24,11,2023,2025-12-05 10:15:00,1,13,13206,2,2,1,3,Gouffe (Cours),43.28591,5.38796
202300008146,29,4,2023,2025-12-05 19:20:00,1,75,75115,2,1,1,3,Bd Peripherique Interieur,48.834927,2.266773
202300008147,24,11,2023,2025-12-05 10:40:00,1,13,13202,2,1,1,1,Robert Schumann (Avenue),43.30127,5.36614
202300008148,30,4,2023,2025-12-05 07:35:00,1,75,75120,2,1,1,3,Rue Des Maraichers,48.855152,2.406141
202300008149,4,6,2023,2025-12-05 19:00:00,1,76,76610,1,6,1,4,D131E,49.62521438,0.78907907
202300008150,30,4,2023,2025-12-05 15:40:00,1,75,75119,2,1,1,6,Avenue Simon Bolivar,48.874661,2.383008
202300008151,23,11,2023,2025-12-05 00:50:00,5,13,13207,2,1,1,2,Sainte (Rue),43.29167,5.37202
202300008152,10,7,2023,2025-12-05 17:25:00,1,973,97302,1,1,1,3,Route Nationale 3,4.92882,-52.3292
202300008153,30,4,2023,2025-12-05 05:43:00,5,75,75119,2,3,1,6,Avenue Jean Jaures,48.882956,2.370613
202300008154,6,6,2023,2025-12-05 16:30:00,1,60,60589,2,1,1,4,Rue Louis Saint Just,49.242834,2.470894
202300008155,24,11,2023,2025-12-05 09:30:00,1,13,13001,2,1,1,3,Bonaparte Napoleon(Av),43.52749765,5.44275557
202300008156,30,4,2023,2025-12-05 19:10:00,1,75,75118,2,2,8,6,Rue Riquet,48.889926,2.363085
202300008157,7,6,2023,2025-12-05 08:30:00,1,2,2495,1,2,1,3,Route Departementale 1043,49.959928,4.013392
202300008158,22,11,2023,2025-12-05 20:40:00,3,12,12202,2,1,2,6,Salabru (Chemin De),44.36029,2.56358
202300008159,30,4,2023,2025-12-05 01:50:00,5,75,75117,2,2,1,3,Avenue De Wagram,48.881552,2.300695
202300008160,16,6,2023,2025-12-05 07:55:00,1,973,97302,2,6,1,3,Maringouins (Rond-Point),4.90699,-52.32227
202300008161,24,11,2023,2025-12-05 12:30:00,1,10,10387,2,1,8,6,Colonel Driant (Rue Du),48.29478,4.068
202300008162,30,4,2023,2025-12-05 22:12:00,5,75,75115,2,2,1,3,Avenue Emile Zola,48.846397,2.283171
202300008163,6,6,2023,2025-12-05 18:15:00,1,13,13211,1,1,1,2,A50-Sens Aubagne Vers Marseille,43.2929,5.4696
202300008164,22,11,2023,2025-12-05 14:35:00,1,10,10387,2,1,1,7,Lieutenant Pierre Murard (Rue),48.30349,4.05814
202300008165,30,4,2023,2025-12-05 16:05:00,1,75,75113,2,1,1,2,Avenue D Italie,48.829388,2.35632
202300008166,24,11,2023,2025-12-05 03:50:00,3,9,9122,2,1,1,6,Labarre,42.98637,1.61558
202300008167,5,6,2023,2025-12-05 22:10:00,3,13,13211,1,1,1,2,A50-Sens Marseille Vers Aubagne,43.29344,5.45678
202300008168,30,4,2023,2025-12-05 18:45:00,1,75,75112,2,1,1,3,Quai De Bercy,48.841276,2.373387
202300008169,24,11,2023,2025-12-05 16:20:00,1,6,6069,2,1,1,3,Semard (Avenue Pierre),43.6565,6.92808
202300008170,30,4,2023,2025-12-05 00:20:00,5,75,75112,2,3,1,3,Avenue Ledru Rollin,48.849615,2.374283
202300008171,5,6,2023,2025-12-05 07:25:00,1,13,13213,1,1,1,2,A507 Sens Marseille - Aubagne,43.32673,5.42048
202300008172,24,11,2023,2025-12-05 19:55:00,5,75,75115,2,1,1,2,Porte De Versailles,48.828061,2.290946
202300008173,30,4,2023,2025-12-05 14:50:00,1,75,75103,2,2,1,3,Rue Roger Verlomme,48.856826,2.365998
202300008174,10,7,2023,2025-12-05 15:00:00,1,69,69387,2,1,1,1,Cours Gambetta,45.75556,4.84186
202300008175,23,11,2023,2025-12-05 20:00:00,5,75,75116,2,1,1,4,Porte De Passy,48.859377,2.262867
202300008176,30,4,2023,2025-12-05 04:40:00,5,75,75101,2,1,1,6,Quai Francois Mitterrand,48.859066,2.339087
202300008177,5,6,2023,2025-12-05 08:00:00,1,67,67152,1,1,1,4,M35,48.52485,7.66392
202300008178,23,11,2023,2025-12-05 20:19:00,5,75,75118,2,1,1,2,Porte De La Chapelle,48.900802,2.369807
202300008179,30,4,2023,2025-12-05 07:11:00,2,94,94060,1,1,1,2,Rue Du General De Gaulle,48.78722,2.56254
202300008180,6,6,2023,2025-12-05 09:30:00,1,91,91471,1,1,1,2,Rn 118,48.71209,2.18333
202300008181,24,11,2023,2025-12-05 08:30:00,1,75,75112,2,3,1,6,Avenue Daumesnil,48.835932,2.405657
202300008182,29,4,2023,2025-12-05 20:20:00,2,94,94034,2,1,1,1,Avenue De La Paix,48.75912,2.32946
202300008183,6,6,2023,2025-12-05 09:30:00,1,92,92002,1,1,1,2,Autoroute A10,48.73068,2.30871
202300008184,10,7,2023,2025-12-05 07:45:00,1,972,97209,2,1,1,3,Louis Domergue (Avenue),14.62002,-61.04891
202300008185,23,11,2023,2025-12-05 22:43:00,5,75,75116,2,7,1,1,Place De Varsovie,48.860414,2.291153
202300008186,30,4,2023,2025-12-05 17:45:00,1,93,93073,1,1,1,5,Rue Des Buissons,48.99092,2.52421
202300008187,24,11,2023,2025-12-05 18:30:00,5,75,75120,2,3,1,3,Avenue Du Professeur Andre Lemiere,48.858724,2.414744
202300008188,6,6,2023,2025-12-05 08:15:00,1,91,91228,1,1,1,3,Autoroute A6,48.6302,2.40974
202300008189,30,4,2023,2025-12-05 22:45:00,5,93,93066,2,1,1,3,Avenue Romain Rolland,48.93912,2.3797752
202300008190,10,7,2023,2025-12-05 13:31:00,1,2B,2B033,2,2,1,3,Toutes Rues,42.67,9.44
202300008191,24,11,2023,2025-12-05 18:05:00,5,75,75120,2,3,1,3,Boulevard Mortier,48.870558,2.408813
202300008192,30,4,2023,2025-12-05 20:45:00,5,93,93055,2,3,1,3,Avenue Jean Lolive / Rue Honore D'Estienne D'Orves,48.89176,2.40643
202300008193,5,6,2023,2025-12-05 01:10:00,3,91,91553,1,9,1,2,Rn 104,48.62933,2.48327
202300008194,30,4,2023,2025-12-05 18:35:00,1,93,93006,2,1,1,6,16 Rue Descartes,48.86978083,2.42619485
202300008195,24,11,2023,2025-12-05 15:00:00,1,75,75119,2,2,1,1,Avenue De La Porte Chaumont,48.886075,2.398245
202300008196,6,6,2023,2025-12-05 08:40:00,1,92,92036,1,1,1,3,Rn315 W,48.93557975,2.30154336
202300008197,30,4,2023,2025-12-05 19:00:00,1,93,93001,2,3,1,3,Rue De La Nouvelle France / Rue Mendel Kalmenson,48.91346,2.38631
202300008198,24,11,2023,2025-12-05 19:30:00,3,75,75116,2,3,1,3,Place De Colombie,48.86321,2.268552
202300008199,6,6,2023,2025-12-05 07:10:00,1,92,92064,1,1,1,5,A13,48.83958871,2.2007699
202300008200,30,4,2023,2025-12-05 15:44:00,1,92,92078,2,1,1,1,Marechal Leclerc (Avenue) (Ndeg Impairs),48.938244,2.32415
202300008201,24,11,2023,2025-12-05 12:20:00,1,75,75116,2,7,1,3,Place De La Porte De Saint Cloud,48.83840342,2.25696078
202300008202,30,4,2023,2025-12-05 09:30:00,1,92,92044,2,2,1,7,Ana. France(Rue)1A75 Et 2A72,48.89129479,2.28579193
202300008203,10,7,2023,2025-12-05 09:03:00,1,971,97101,1,1,1,2,Grand Camp(Section),16.25063,-61.53247
202300008204,24,11,2023,2025-12-05 11:30:00,1,75,75115,2,1,1,6,Rue De Vaugirard,48.844665,2.318606
202300008205,30,4,2023,2025-12-05 20:50:00,2,92,92026,2,1,1,3,Saint-Denis Bd De (01 A 197 / 02 A 118),48.89814,2.26402
202300008206,5,6,2023,2025-12-05 13:30:00,1,78,78007,1,1,1,4,A13 Y,48.898719,2.005721
202300008207,8,7,2023,2025-12-05 23:00:00,5,971,97107,2,1,1,6,Germain St Ruf (Avenue ),16.05068355,-61.56260043
202300008208,28,4,2023,2025-12-05 17:36:00,1,13,13001,1,1,1,4,A5116Cd-Aix-Centre Vers A51-Marseille,43.51837,5.433
202300008209,5,6,2023,2025-12-05 18:30:00,1,95,95218,1,1,1,2,A15,49.03544363,2.09728717
202300008210,22,11,2023,2025-12-05 17:40:00,3,75,75114,2,2,1,3,Place Denfert Rochereau,48.833695,2.33192
202300008211,9,7,2023,2025-12-05 19:15:00,1,95,95428,2,1,1,2,D124,48.99851,2.32208
202300008212,6,4,2023,2025-12-05 21:45:00,3,69,69259,1,1,1,6,Boulevard Urbain Sud,45.68527591,4.87794394
202300008213,5,6,2023,2025-12-05 16:30:00,1,93,93010,1,1,1,3,Autoroute A3,48.90625339,2.47214056
202300008214,30,4,2023,2025-12-05 08:15:00,1,91,91468,1,1,1,7,Autoroute A6,48.57519,2.46595
202300008215,24,11,2023,2025-12-05 18:15:00,5,75,75113,2,2,1,6,Avenue Claude Regaud,48.821574,2.372481
202300008216,4,6,2023,2025-12-05 21:30:00,1,95,95527,1,9,1,3,A1,48.99732912,2.5185583
202300008217,30,4,2023,2025-12-05 05:15:00,3,94,94034,1,1,1,2,A6A,48.75769527,2.33590151
202300008218,24,11,2023,2025-12-05 00:40:00,5,75,75113,2,3,1,6,Avenue D Italie,48.819137,2.359575
202300008219,30,4,2023,2025-12-05 03:40:00,3,91,91477,1,1,1,6,Autoroute A10,48.71839,2.25622
202300008220,10,7,2023,2025-12-05 13:20:00,1,95,95555,2,2,1,2,D14,48.96415792,2.28866994
202300008221,23,11,2023,2025-12-05 22:00:00,5,75,75113,2,3,1,2,Avenue Des Gobelins,48.83434,2.35354
202300008222,3,6,2023,2025-12-05 23:50:00,3,95,95277,1,1,1,6,A3,48.96973,2.48227
202300008223,29,4,2023,2025-12-05 23:55:00,3,77,77384,1,1,1,2,Autoroute A5A,48.5967,2.61
202300008224,9,7,2023,2025-12-05 16:10:00,1,95,95197,2,1,1,6,Concorde (Rue De La),48.96573,2.317772
202300008225,3,6,2023,2025-12-05 20:00:00,1,93,93027,1,1,1,6,Autoroute A1,48.93720852,2.40978107
202300008226,24,11,2023,2025-12-05 08:50:00,1,75,75111,2,3,1,6,Rue De Charonne,48.853591,2.380406
202300008227,29,4,2023,2025-12-05 22:44:00,4,94,94038,1,1,1,4,A6A,48.78809908,2.34493544
202300008228,6,6,2023,2025-12-05 20:05:00,1,94,94022,1,1,1,4,A86,48.77568996,2.41313841
202300008229,24,11,2023,2025-12-05 01:30:00,5,75,75111,2,3,2,2,Rue Sedaine,48.855469,2.370525
202300008230,9,7,2023,2025-12-05 15:30:00,1,95,95555,2,1,1,1,D15,48.97108326,2.29290247
202300008231,6,6,2023,2025-12-05 12:10:00,1,94,94002,1,1,1,2,A86,48.7761544,2.42762751
202300008232,30,4,2023,2025-12-05 02:40:00,5,93,93066,1,1,1,2,Autoroute A1,48.91598,2.35784
202300008233,24,11,2023,2025-12-05 17:20:00,2,75,75110,2,3,1,1,Rue La Fayette,48.88064,2.362017
202300008234,10,7,2023,2025-12-05 18:45:00,1,95,95582,2,3,1,3,Jean Moulin (Rue),48.980028,2.243219
202300008235,6,6,2023,2025-12-05 10:15:00,1,77,77294,1,1,1,6,A104,48.96069827,2.61897152
202300008236,24,11,2023,2025-12-05 01:00:00,5,75,75108,2,3,1,6,Boulevard Malesherbes,48.87378269,2.32057983
202300008237,6,6,2023,2025-12-05 09:00:00,1,94,94022,1,1,1,2,A86,48.77323814,2.39995477
202300008238,30,4,2023,2025-12-05 01:40:00,3,93,93078,1,1,1,2,Autoroute A104,48.96569101,2.55693444
202300008239,10,7,2023,2025-12-05 08:38:00,1,87,87085,1,1,1,6,Aeroport Limoges Bellegarde (Avenue De),45.861092,1.172945
202300008240,24,11,2023,2025-12-05 01:30:00,5,75,75108,2,2,2,3,Rue De Lisbonne,48.877744,2.315594
202300008241,6,6,2023,2025-12-05 07:00:00,1,93,93051,1,1,1,3,A4,48.83642302,2.55202737
202300008242,8,7,2023,2025-12-05 23:10:00,5,87,87085,2,2,1,3,Liaison Sud ( Voie De),45.81742,1.2528
202300008243,23,11,2023,2025-12-05 07:30:00,1,94,94052,2,1,1,4,Boulevard De Strasbourg,48.84335,2.48598
202300008244,27,2,2023,2025-12-05 17:45:00,2,74,74010,2,1,1,6,Rue De Malaz,45.882305,6.099515
202300008245,24,2,2023,2025-12-05 01:10:00,4,74,74250,2,6,1,6,Avenue Du Mont Blanc,46.0731,6.394797
202300008246,8,7,2023,2025-12-05 15:40:00,1,87,87085,2,2,1,3,Leclerc (Avenue Du General),45.8518,1.26472
202300008247,24,11,2023,2025-12-05 20:00:00,5,94,94073,2,9,1,3,Avenue De Fontainebleau,48.76292775,2.36845232
202300008248,7,7,2023,2025-12-05 12:17:00,1,87,87065,2,1,1,2,Eymoutiers (Rue D'),45.81848,1.29536
202300008249,30,3,2023,2025-12-05 18:10:00,1,74,74225,2,1,1,6,Rue De Verdun,45.85652,5.94412
202300008250,24,11,2023,2025-12-05 20:00:00,5,94,94028,2,9,1,3,Avenue De Verdun,48.79928,2.46628
202300008251,26,3,2023,2025-12-05 06:30:00,2,74,74282,1,1,1,6,462 Chemin De L?Etang,46.040457,6.245105
202300008252,24,11,2023,2025-12-05 16:07:00,1,94,94077,1,9,2,3,Cours De Verdun,48.74036,2.40914
202300008253,9,7,2023,2025-12-05 01:22:00,5,84,84007,2,7,1,2,Lyon (Route De ),43.95013,4.82015
202300008254,13,3,2023,2025-12-05 14:00:00,1,74,74010,2,1,1,3,Avenue Des Vieux Moulins (Seynod),45.889762,6.114927
202300008255,5,3,2023,2025-12-05 20:25:00,3,74,74188,1,1,1,6,Route Du Lac,46.209678,6.720731
202300008256,24,11,2023,2025-12-05 19:42:00,5,94,94071,2,6,1,3,Rue De Champigny,48.77444,2.51095
202300008257,1,3,2023,2025-12-05 17:00:00,1,74,74263,2,9,1,1,Sciez,46.329306,6.381308
202300008258,24,11,2023,2025-12-05 19:05:00,5,94,94002,2,9,1,3,Quai Blanqui,48.81452962,2.41119843
202300008259,5,6,2023,2025-12-05 19:25:00,1,75,75112,2,1,1,3,Bd Peripherique Exterieur,48.832542,2.406109
202300008260,24,11,2023,2025-12-05 08:25:00,1,93,93073,2,2,1,3,Avenue Henri Barbusse / Dixieme Avenue,48.96159,2.57065
202300008261,5,6,2023,2025-12-05 08:10:00,1,75,75112,2,1,1,2,Bd Peripherique Interieur,48.830927,2.402991
202300008262,7,7,2023,2025-12-05 00:30:00,5,83,83118,2,1,1,3,Route De La Corniche,43.41791864,6.82560052
202300008263,22,11,2023,2025-12-05 20:45:00,5,93,93078,2,2,1,3,Avenue Du General Leclerc / Rue De Touraine,48.94809406,2.56120727
202300008264,24,11,2023,2025-12-05 21:10:00,5,93,93072,2,3,1,3,Avenue De Stalingrad / Rue Pierre Curie,48.95946,2.39877
202300008265,5,6,2023,2025-12-05 16:36:00,1,75,75109,2,2,1,3,Rue De Chateaudun,48.876058,2.33713
202300008266,6,7,2023,2025-12-05 15:40:00,1,80,80021,2,1,1,6,Francs Muriers (Rue Des),49.89668,2.30038
202300008267,24,11,2023,2025-12-05 15:05:00,1,93,93064,2,2,1,3,Avenue Du General De Gaulle / A3,48.88591087,2.47265875
202300008268,5,6,2023,2025-12-05 14:30:00,1,75,75118,2,3,1,6,Rue Marx Dormoy,48.886105,2.359525
202300008269,24,11,2023,2025-12-05 15:10:00,1,93,93055,2,1,8,6,Avenue Du General Leclerc,48.90171,2.41359
202300008270,24,11,2023,2025-12-05 11:10:00,1,93,93051,2,1,1,6,Rue Des 4 Saisons,48.84727777,2.54884066
202300008271,5,6,2023,2025-12-05 10:00:00,1,75,75118,2,2,1,1,Rue Ordener,48.892524,2.34431
202300008272,24,11,2023,2025-12-05 12:05:00,1,93,93010,2,1,8,6,Rue Roger Salengro,48.89601606,2.47716781
202300008273,5,6,2023,2025-12-05 09:20:00,1,75,75116,2,2,1,2,Avenue De L Hippodrome,48.858548,2.244879
202300008274,22,11,2023,2025-12-05 10:05:00,1,93,93007,2,1,1,3,Avenue Paul Vaillant Couturier,48.929138,2.478983
202300008275,10,7,2023,2025-12-05 16:20:00,1,78,78638,1,3,1,2,D 922,49.01989,1.95909
202300008276,26,12,2023,2025-12-05 17:45:00,5,50,50218,2,9,2,6,Marechal Leclerc (Av Du),48.83794,-1.58646
202300008277,22,11,2023,2025-12-05 10:05:00,1,93,93007,2,2,1,6,Avenue Paul Vaillant Couturier / Avenue De Bel-Abbes,48.929013,2.478158
202300008278,30,12,2023,2025-12-05 15:45:00,1,13,13210,2,2,1,6,Romain Rolland (Boulevard),43.27753,5.420408
202300008279,4,6,2023,2025-12-05 16:15:00,1,75,75116,2,1,1,3,Route D Auteuil Aux Lacs,48.851203,2.253295
202300008280,24,11,2023,2025-12-05 15:11:00,1,92,92046,2,1,2,6,De Stalingrad,48.81394486,2.28851885
202300008281,10,7,2023,2025-12-05 20:45:00,1,69,69264,2,9,1,6,Boulevard Burdeau,45.99706,4.73013
202300008282,5,6,2023,2025-12-05 11:40:00,1,75,75115,2,2,1,3,Rue Du Theatre,48.84811,2.290123
202300008283,6,12,2023,2025-12-05 16:00:00,1,92,92063,2,1,1,3,Pompidou (Avenue Du President),48.87038834,2.1964716
202300008284,9,12,2023,2025-12-05 20:25:00,5,92,92004,2,1,2,3,Victoires  ( Place Des  ),48.91066274,2.29088567
202300008285,22,3,2023,2025-12-05 14:45:00,1,54,54206,1,1,1,3,Rd 148 Pk 6,48.52360407,6.53742313
202300008286,10,7,2023,2025-12-05 17:30:00,1,67,67482,2,1,1,6,Gare (Place De La),48.5843,7.7361
202300008287,5,6,2023,2025-12-05 09:50:00,1,75,75112,2,1,1,3,Rue De Bercy,48.837375,2.38271
202300008288,23,11,2023,2025-12-05 17:00:00,2,92,92063,2,9,1,3,Colmar (Avenue De),48.88687591,2.17031658
202300008289,22,3,2023,2025-12-05 16:30:00,1,72,72310,1,1,2,1,D313,48.030827,0.187529
202300008290,14,12,2023,2025-12-05 18:55:00,5,92,92004,2,1,1,2,Laurent-Cely  ( Avenue ),48.91637682,2.30807863
202300008291,10,7,2023,2025-12-05 14:40:00,1,67,67482,2,1,1,6,Rhin (Avenue Du),48.57291,7.75935
202300008292,6,7,2023,2025-12-05 17:36:00,1,66,66136,2,1,1,6,Adresse_Inconnue,42.69016156,2.90819049
202300008293,22,12,2023,2025-12-05 18:30:00,4,92,92009,2,6,1,1,Jean Jaures ( Rue ),48.91247506,2.26162076
202300008294,5,6,2023,2025-12-05 18:05:00,1,75,75111,2,3,1,3,Rue Du Chemin Vert,48.858127,2.371947
202300008295,21,3,2023,2025-12-05 18:05:00,1,36,36123,2,2,1,3,Adresse_Inconnue,46.82118999,1.20929539
202300008296,24,11,2023,2025-12-05 19:30:00,5,92,92051,2,3,1,4,"Charles De Gaulle (Avenue,Ndeg118 A 192 +",48.88241036,2.26756167
202300008297,26,12,2023,2025-12-05 08:00:00,1,42,42323,2,3,1,6,Rue Du 19 Mars 1962,45.561506,4.286406
202300008298,10,7,2023,2025-12-05 14:00:00,1,64,64373,2,3,1,3,Louis Barthou,43.2768,-0.35693
202300008299,5,6,2023,2025-12-05 12:17:00,1,75,75111,2,2,1,1,Avenue Ledru Rollin,48.853269,2.377276
202300008300,22,3,2023,2025-12-05 17:40:00,1,40,40194,1,3,1,3,Route De Tartas,43.716694,-0.842503
202300008301,24,11,2023,2025-12-05 07:40:00,2,92,92035,2,1,1,2,General De Gaulle  ( Avenue Du ),48.90676468,2.25565624
202300008302,3,11,2023,2025-12-05 23:55:00,3,58,58024,1,1,2,6,D958,47.137717,3.606815
202300008303,10,7,2023,2025-12-05 20:16:00,1,63,63113,2,6,1,3,Palissy/Bleriot,45.78808,3.13919
202300008304,23,3,2023,2025-12-05 07:55:00,1,17,17223,1,1,2,7,D739,45.869588,-0.204626
202300008305,5,6,2023,2025-12-05 12:15:00,1,75,75111,2,3,1,3,Avenue Parmentier,48.868641,2.372086
202300008306,21,12,2023,2025-12-05 07:10:00,2,54,54458,1,1,3,2,Rd7,48.612172,6.828561
202300008307,24,11,2023,2025-12-05 16:15:00,1,92,92024,2,3,1,3,Victor Hugo (Bd),48.89992074,2.31444485
202300008308,10,7,2023,2025-12-05 07:40:00,1,63,63075,2,1,1,3,Villars (Avenue De),45.77543,3.05692
202300008309,28,12,2023,2025-12-05 19:05:00,5,30,30011,1,1,1,7,6580 (Rd),43.95596907,4.75553298
202300008310,19,3,2023,2025-12-05 18:00:00,2,37,37083,2,6,1,3,D82,47.2554732,0.84147334
202300008311,10,7,2023,2025-12-05 14:15:00,1,59,59220,2,1,1,6,Flandre Rue De,50.588712,3.077832
202300008312,5,6,2023,2025-12-05 18:20:00,1,75,75108,2,5,1,3,Place De La Concorde,48.865906,2.319907
202300008313,24,11,2023,2025-12-05 21:32:00,5,92,92012,2,1,1,3,Jean Jaures (Boulevard) 217/Fin - 210/Fi,48.83087106,2.24509925
202300008314,22,12,2023,2025-12-05 18:55:00,5,30,30189,2,1,1,3,Allende Salvador (Rue),43.8198,4.3555
202300008315,10,7,2023,2025-12-05 06:50:00,2,59,59295,1,1,1,1,Rd642,50.73863023,2.5334851
202300008316,23,3,2023,2025-12-05 17:00:00,1,72,72386,1,1,2,2,"A11, Pk 162+100, Sens Paris-Province",48.050478,0.299351
202300008317,24,11,2023,2025-12-05 08:05:00,1,92,92012,2,9,1,6,Escudier (Rue) 1/47 - 2/38,48.84333903,2.2363565
202300008318,5,6,2023,2025-12-05 17:30:00,1,75,75104,2,5,1,7,Quai De La Corse,48.855674,2.348322
202300008319,10,7,2023,2025-12-05 10:20:00,1,58,58194,2,1,1,2,Marechal Leclerc,47.00085,3.15658
202300008320,24,11,2023,2025-12-05 11:20:00,1,57,57592,1,3,1,6,D43B,48.829346,7.018751
202300008321,5,6,2023,2025-12-05 09:55:00,1,75,75104,2,5,1,7,Rue De Rivoli,48.855545,2.359691
202300008322,29,12,2023,2025-12-05 09:18:00,1,5,5061,2,3,1,6,Forest ( Rue Du ),44.56993,6.09099
202300008323,10,7,2023,2025-12-05 09:00:00,1,56,56121,2,2,1,3,Rue Louis Guiguen,47.75573,-3.35479
202300008324,23,3,2023,2025-12-05 08:30:00,1,13,13044,1,9,1,3,Route Departementale 69,43.6204,5.040616
202300008325,25,11,2023,2025-12-05 10:35:00,1,28,28398,1,1,1,7,Autoroute A11 Pk 101+400,48.236729,1.05237
202300008326,7,12,2023,2025-12-05 12:54:00,1,63,63419,1,1,1,1,Lieu Dit La Prade,46.13975,2.942324
202300008327,5,6,2023,2025-12-05 07:50:00,1,75,75101,2,2,1,3,Rue De Rivoli,48.86011,2.34361
202300008328,8,7,2023,2025-12-05 17:27:00,1,56,56121,2,3,1,1,Lanveur ( Et Pl. De ),47.744045,-3.39182
202300008329,8,7,2023,2025-12-05 15:25:00,1,52,52121,1,1,1,7,Rd 674,48.12806,5.19138
202300008330,10,7,2023,2025-12-05 23:15:00,5,51,51058,2,1,1,6,Jacob (Rue Francois),49.220073,4.00545
202300008331,15,9,2023,2025-12-05 10:20:00,1,62,62108,2,3,1,6,Rue De La Division Leclerc,50.40526,1.56351
202300008332,25,11,2023,2025-12-05 16:30:00,1,974,97412,2,6,1,6,Rond Point Goyave,-21.372833,55.620732
202300008333,20,3,2023,2025-12-05 20:10:00,3,79,79003,1,1,1,2,Adresse_Inconnue,46.262909,-0.415764
202300008334,10,7,2023,2025-12-05 14:30:00,1,51,51454,2,2,1,1,De Gaulle (Avenue Du General),49.245529,4.017895
202300008335,23,12,2023,2025-12-05 05:20:00,3,39,39431,1,1,2,7,Adresse_Inconnue,46.585068,5.629
202300008336,5,6,2023,2025-12-05 01:10:00,5,94,94003,2,1,1,6,Avenue Paul Vaillant-Couturier,48.79915816,2.34484291
202300008337,23,3,2023,2025-12-05 02:35:00,3,6,6149,1,1,1,6,A8 Pk 202.600 - Chaussee Nord,43.734081,7.316498
202300008338,9,7,2023,2025-12-05 21:38:00,1,49,49007,2,2,1,3,Saint Jacques,47.47383,-0.57551
202300008339,25,11,2023,2025-12-05 07:45:00,2,1,1153,1,1,1,1,D984C,46.306267,6.047359
202300008340,9,7,2023,2025-12-05 20:22:00,1,49,49015,2,1,1,6,Mendes France Avenue Pierre,47.500048,-0.583577