num_acc,jour,mois,an,hrmn,lum,dep,com,agg,int,atm,col,adr,lat,long
202300008341,4,6,2023,2025-12-05 17:30:00,1,94,94038,2,1,1,6,Avenue Du General Leclerc,48.77362,2.33455
202300008342,30,12,2023,2025-12-05 10:20:00,1,87,87206,1,1,1,7,Route Nationale 145,46.183878,1.210363
202300008343,10,7,2023,2025-12-05 00:35:00,3,44,44184,2,1,1,7,Route De La Cote D'Amour,47.25725,-2.26969
202300008344,15,3,2023,2025-12-05 06:30:00,2,45,45316,1,1,8,1,D948 Pr 14 + 725,47.937748,2.387665
202300008345,23,11,2023,2025-12-05 18:45:00,3,2B,2B009,1,1,1,3,T50,42.120298,9.485997
202300008346,23,3,2023,2025-12-05 13:30:00,1,6,6070,1,1,1,7,Rd 2,43.807353,6.891253
202300008347,16,12,2023,2025-12-05 11:30:00,1,1,1249,2,3,1,3,Rue Joseph Carre,45.825039,4.954067
202300008348,4,6,2023,2025-12-05 12:10:00,1,94,94033,2,9,1,1,Boulevard De Verdun,48.85272207,2.47140911
202300008349,10,7,2023,2025-12-05 13:55:00,1,37,37214,2,2,1,3,Menardiere (Rue De La),47.41891,0.66879
202300008350,24,11,2023,2025-12-05 13:15:00,1,19,19186,1,1,1,6,Le Don,45.16348654,1.90990019
202300008351,10,7,2023,2025-12-05 09:00:00,1,37,37261,2,2,1,3,Entraigues (Rue D'),47.38665,0.68008
202300008352,27,10,2023,2025-12-05 20:00:00,5,74,74118,2,1,2,6,Europe (Avenue De L'),46.17,6.24
202300008353,22,3,2023,2025-12-05 11:28:00,1,6,6075,1,1,1,3,2722 Avenue Felix Faure,43.82703,7.25945
202300008354,4,6,2023,2025-12-05 20:50:00,2,94,94028,2,1,1,1,Rue Dominique Duvauchelle,48.76882667,2.46000939
202300008355,8,7,2023,2025-12-05 05:00:00,2,35,35288,1,1,1,7,Pont Robert (Lieu Dit Le),48.65083,-1.96316
202300008356,22,11,2023,2025-12-05 16:45:00,2,56,56053,1,1,1,2,Kerzio,47.742606,-2.572437
202300008357,25,11,2023,2025-12-05 15:30:00,1,76,76304,2,1,1,7,Route De Goderville,49.652066,0.432632
202300008358,4,6,2023,2025-12-05 07:20:00,1,94,94054,2,1,1,6,Avenue Guy Moquet,48.742107,2.393732
202300008359,10,7,2023,2025-12-05 15:55:00,1,35,35055,2,3,1,3,Loges (Rue Des),48.08762,-1.62558
202300008360,29,10,2023,2025-12-05 20:20:00,3,74,74070,1,1,8,5,D1005,46.285853,6.264267
202300008361,22,3,2023,2025-12-05 18:50:00,5,67,67268,2,2,1,3,M83,48.490366,7.675517
202300008362,24,11,2023,2025-12-05 23:40:00,3,2A,2A085,1,1,1,6,T40,41.913128,8.883235
202300008363,9,7,2023,2025-12-05 22:04:00,1,35,35238,2,2,1,1,Trois Croix (Bd Des),48.12787,-1.68337
202300008364,5,6,2023,2025-12-05 19:10:00,1,94,94055,2,3,1,3,Route De Provins,48.7955099,2.55022884
202300008365,22,3,2023,2025-12-05 15:50:00,1,38,38059,2,7,1,6,Route Des Angonnes,45.139296,5.7772
202300008366,24,10,2023,2025-12-05 10:40:00,1,74,74012,2,1,3,2,Charcot (Rue J.B.),46.1864,6.2476
202300008367,8,7,2023,2025-12-05 18:00:00,1,34,34032,2,2,1,3,Route De Bedarieux (Rd.909),43.35547,3.22194
202300008368,25,11,2023,2025-12-05 07:40:00,2,89,89255,1,1,1,6,D976,48.305053,3.216258
202300008369,10,10,2023,2025-12-05 10:20:00,1,74,74010,2,1,1,6,Creuses (Route Des)     (Secteur 630),45.8924,6.0913
202300008370,7,7,2023,2025-12-05 21:57:00,5,34,34032,2,2,1,3,48 Avenue Camille Saint Saens,43.34251,3.22139
202300008371,22,3,2023,2025-12-05 19:40:00,5,38,38158,2,6,1,3,Rue Du Vercors,45.161736,5.74439
202300008372,4,6,2023,2025-12-05 20:45:00,1,94,94053,2,1,1,3,Cuvette De Champlain,48.78694,2.56257
202300008373,7,7,2023,2025-12-05 12:40:00,1,34,34032,2,1,1,7,Avenue Pierre Mendes-France,43.34178,3.2438
202300008374,10,10,2023,2025-12-05 09:30:00,1,74,74010,2,6,1,6,Rhone (Avenue Du),45.90019,6.11595
202300008375,24,11,2023,2025-12-05 11:15:00,1,89,89189,1,1,1,1,D23,48.292402,3.253713
202300008376,7,7,2023,2025-12-05 16:30:00,1,33,33318,2,1,1,1,Avenue De Saige,44.78782,-0.63593
202300008377,22,3,2023,2025-12-05 16:50:00,1,1,1213,1,2,1,6,Adresse_Inconnue,45.942802,5.309827
202300008378,9,10,2023,2025-12-05 00:05:00,3,74,74010,2,2,1,3,France (Avenue)(Secteur 310),45.9105,6.13779
202300008379,5,6,2023,2025-12-05 18:30:00,1,93,93071,2,9,1,1,Avenue John Fitzgerald Kennedy,48.9383,2.51334
202300008380,10,7,2023,2025-12-05 15:45:00,1,33,33529,1,1,1,2,Cazaux (Bd De),44.608533,-1.131796
202300008381,22,3,2023,2025-12-05 12:45:00,1,69,69040,2,1,1,3,29 Avenue De Lanessan,45.79401,4.793708
202300008382,13,6,2023,2025-12-05 08:45:00,1,28,28218,2,1,1,6,Tassigny (Rue De Lattre De),48.4359,1.45349
202300008383,20,10,2023,2025-12-05 00:15:00,5,9,9122,2,1,3,6,Prefecture (Rue De La),42.96691,1.60596
202300008384,24,11,2023,2025-12-05 16:25:00,2,68,68062,2,3,2,3,D419,47.628582,7.221472
202300008385,10,7,2023,2025-12-05 09:00:00,1,27,27229,2,4,1,3,Conches (Route De),49.01889,1.1183
202300008386,2,6,2023,2025-12-05 19:30:00,1,93,93070,2,3,1,1,Rue Charles Schmidt / Rue Mathieu,48.90299,2.334
202300008387,4,9,2023,2025-12-05 18:45:00,1,70,70550,2,1,7,6,Briand (Rue Aristide),47.622926,6.160628
202300008388,25,11,2023,2025-12-05 17:36:00,3,25,25012,1,1,4,6,D47,46.953573,6.453996
202300008389,22,3,2023,2025-12-05 11:15:00,1,22,22174,1,2,1,3,Intersection D16 D14,48.595828,-2.32865
202300008390,5,6,2023,2025-12-05 15:50:00,1,93,93048,2,1,1,3,Rue De Paris,48.85608425,2.42505742
202300008391,23,11,2023,2025-12-05 16:50:00,1,29,29239,1,1,1,1,D58,48.70231445,-3.98912757
202300008392,10,7,2023,2025-12-05 18:30:00,1,25,25056,2,1,1,3,Chemin Des Journaux,47.219574,6.013228
202300008393,13,3,2023,2025-12-05 18:10:00,1,69,69290,1,1,1,6,Autoroute 46,45.69327754,4.96905355
202300008394,22,9,2023,2025-12-05 09:25:00,1,14,14258,2,6,2,3,79 Avenue D'Hastings,48.902908,-0.204062
202300008395,10,7,2023,2025-12-05 18:15:00,1,25,25056,2,1,1,2,Plancon Rue Gabriel,47.232312,6.0140073
202300008396,24,11,2023,2025-12-05 12:30:00,1,1,1263,2,3,1,1,1089 Rue De Macon,46.08913,4.75484
202300008397,5,6,2023,2025-12-05 09:00:00,1,93,93029,2,3,1,3,Rue Auguste Blanqui,48.92063773,2.45667482
202300008398,10,7,2023,2025-12-05 11:00:00,1,17,17415,2,6,1,7,Jourdan Avenue,45.74609,-0.60111
202300008399,29,11,2023,2025-12-05 19:50:00,5,92,92035,2,3,1,3,Moulin Bailly ( Rue Du ),48.90608373,2.25819813
202300008400,22,11,2023,2025-12-05 12:35:00,1,14,14362,1,1,1,7,D47,49.058964,0.121021
202300008401,20,3,2023,2025-12-05 07:10:00,1,33,33063,1,1,1,5,Rocade A 630,44.88084997,-0.54203153
202300008402,10,7,2023,2025-12-05 21:30:00,1,14,14699,2,1,1,1,2 Avenue Charles De Gaulle,49.34673,0.10189
202300008403,5,6,2023,2025-12-05 10:15:00,1,93,93013,2,1,1,3,Avenue Jean Jaures,48.93203506,2.4269556
202300008404,25,11,2023,2025-12-05 11:25:00,1,14,14312,1,1,1,6,Rue Du Chateau D'Eau,49.373075,-1.039828
202300008405,5,6,2023,2025-12-05 00:00:00,5,93,93014,2,1,1,6,Allee Du Chene Pointu,48.901,2.54763
202300008406,10,7,2023,2025-12-05 14:55:00,1,14,14118,2,3,1,3,9 Cours Caffarelli,49.18038,-0.34668
202300008407,21,3,2023,2025-12-05 08:40:00,1,59,59646,1,1,1,2,Route Departementale 656,50.67921,3.12479
202300008408,23,12,2023,2025-12-05 05:50:00,2,971,97129,1,3,1,2,N2,16.297898,-61.671002
202300008409,5,6,2023,2025-12-05 03:45:00,5,93,93001,2,1,1,6,Rue Waldeck Rochet,48.90986961,2.36735697
202300008410,10,7,2023,2025-12-05 11:40:00,1,14,14437,1,3,1,3,Cours Montalivet,49.18055,-0.32688
202300008411,21,3,2023,2025-12-05 23:13:00,3,91,91161,1,1,1,2,Autoroute A6,48.701748,2.3086
202300008412,22,12,2023,2025-12-05 17:10:00,5,78,78401,2,1,2,3,Annonciades (Rue Des),49.00634,1.91194
202300008413,10,7,2023,2025-12-05 19:10:00,1,13,13208,2,1,1,6,Rouet (Rue Du),43.28028,5.39013
202300008414,24,11,2023,2025-12-05 21:47:00,3,27,27601,1,1,1,7,Route De La Vallee,49.409465,0.436535
202300008415,4,6,2023,2025-12-05 03:00:00,5,93,93001,2,2,1,3,Rue Des Cites / Rue Sadi Carnot,48.90676,2.38765
202300008416,24,12,2023,2025-12-05 15:30:00,1,49,49328,2,1,1,2,Fouchard (Rue Du Pont),47.24734798,-0.09274811
202300008417,10,7,2023,2025-12-05 10:55:00,1,13,13201,2,2,1,3,Garibaldi (Boulevard) Ndeg Impairs,43.29612569,5.38147102
202300008418,5,6,2023,2025-12-05 12:40:00,1,92,92064,2,1,1,7,Palais,48.83978,2.21936
202300008419,24,11,2023,2025-12-05 08:55:00,1,27,27377,1,1,1,1,Rd 169 Pk 005.000,49.390851,1.437428
202300008420,9,7,2023,2025-12-05 04:15:00,5,13,13209,2,1,1,1,Schloesing (Boulevard),43.272,5.401
202300008421,21,3,2023,2025-12-05 07:10:00,1,78,78646,1,1,1,5,Rn12,48.791799,2.097257
202300008422,5,1,2023,2025-12-05 10:20:00,1,93,93055,2,1,1,2,Avenue Jean Lolive,48.89403462,2.41746157
202300008423,4,6,2023,2025-12-05 19:00:00,1,92,92064,2,1,1,2,Dailly,48.8419,2.22138
202300008424,20,8,2023,2025-12-05 14:00:00,1,61,61463,1,1,1,1,Voie Communale,48.593697,-0.385444
202300008425,21,3,2023,2025-12-05 07:55:00,1,92,92064,1,1,1,3,A13,48.83681424,2.18677838
202300008426,9,7,2023,2025-12-05 20:50:00,2,13,13047,1,3,1,3,Fos (Route De) - Rn 569,43.48903,4.96522
202300008427,25,11,2023,2025-12-05 10:40:00,1,23,23030,2,3,1,3,Intersection Avenue De La Gare Et Avenue Du Docteur Butaud,45.956692,1.760554
202300008428,31,12,2023,2025-12-05 23:50:00,3,5,5161,1,1,1,6,Rd1091 Pk 040+500,44.93785,6.578576
202300008429,20,8,2023,2025-12-05 15:30:00,1,61,61018,1,1,1,1,Voie Communale,48.931789,0.295
202300008430,5,6,2023,2025-12-05 20:00:00,1,92,92051,2,1,1,3,"Achille Peretti (Avenue,  Ndeg 98 A 166 Et",48.88435308,2.26939827
202300008431,25,12,2023,2025-12-05 18:00:00,3,84,84017,1,1,1,1,D19,44.10392,5.227432
202300008432,9,7,2023,2025-12-05 20:30:00,1,10,10387,2,2,1,3,Edouard Herriot (Rue),48.276,4.07787
202300008433,24,11,2023,2025-12-05 13:30:00,1,30,30227,1,3,1,1,La Croisee,44.269258,4.195844
202300008434,20,8,2023,2025-12-05 03:40:00,3,55,55365,1,1,5,7,D102,49.39391,5.249491
202300008435,22,3,2023,2025-12-05 13:45:00,1,93,93007,1,1,1,4,Autoroute A3,48.94263,2.47816
202300008436,5,6,2023,2025-12-05 17:50:00,1,92,92049,2,1,1,3,Brossolette Avenue Pierre,48.81276,2.30156
202300008437,8,7,2023,2025-12-05 16:27:00,1,10,10060,2,2,1,6,General Leclerc (Rue Du),48.25858,4.09502
202300008438,5,1,2023,2025-12-05 00:00:00,3,92,92036,1,1,1,2,Rn315 Y,48.9299797,2.30228269
202300008439,18,8,2023,2025-12-05 11:20:00,1,55,55010,2,3,1,3,Rue Emile Debraux,48.634784,5.020602
202300008440,24,11,2023,2025-12-05 19:15:00,5,95,95678,2,1,1,6,17 Rue Des Echelettes,49.067593,2.2286
202300008441,10,7,2023,2025-12-05 07:55:00,1,6,6088,2,1,1,3,Saint-Augustin (Av. De),43.6722,7.22038
202300008442,21,3,2023,2025-12-05 22:30:00,4,93,93006,1,1,1,2,Autoroute A3,48.86612,2.42228
202300008443,5,6,2023,2025-12-05 18:00:00,1,92,92040,2,3,1,3,General De Gaulle (Ave Du) 78 A 158,48.81954298,2.27892458
202300008444,31,12,2023,2025-12-05 16:50:00,2,73,73008,2,1,2,3,Anglais Boulevard Des,45.69886,5.91462
202300008445,10,7,2023,2025-12-05 10:50:00,1,6,6069,2,1,1,2,Pompidou (Avenue Georges) -Rd 6085,43.646028,6.939231
202300008446,17,8,2023,2025-12-05 13:00:00,1,49,49311,1,2,1,3,D53,47.383823,-0.081357
202300008447,24,11,2023,2025-12-05 20:30:00,3,82,82119,1,1,2,2,A20,44.233293,1.529428
202300008448,31,12,2023,2025-12-05 14:15:00,1,71,71486,1,1,1,7,Rn 70 (Route Express),46.63287,4.31928
202300008449,9,7,2023,2025-12-05 19:45:00,1,6,6029,2,1,1,6,Tonner (Avenue Francis),43.5495,6.97652
202300008450,21,3,2023,2025-12-05 08:50:00,1,93,93053,1,1,1,4,Autoroute A3,48.89636832,2.47001756
202300008451,5,6,2023,2025-12-05 12:40:00,1,92,92026,2,1,1,3,Colombes,48.90334368,2.25606501
202300008452,20,12,2023,2025-12-05 08:30:00,2,27,27229,2,1,1,6,Lavoisier (Rue),49.00069,1.15011
202300008453,30,6,2023,2025-12-05 14:15:00,1,5,5061,1,1,2,1,Route De Rabou,44.55829,6.02065
202300008454,17,8,2023,2025-12-05 19:20:00,1,49,49182,1,1,1,2,D761,47.22802,-0.308604
202300008455,25,11,2023,2025-12-05 20:30:00,5,974,97418,2,4,1,1,Rue Noel Tessier,-20.897025,55.557523
202300008456,20,3,2023,2025-12-05 18:30:00,1,95,95527,1,1,1,4,A1,48.99381,2.514908
202300008457,16,6,2023,2025-12-05 18:20:00,1,1,1451,2,9,1,3,Source (Rue De La),46.21483,5.21692
202300008458,17,8,2023,2025-12-05 13:20:00,1,49,49369,1,1,1,7,Route De La Combauderie,47.383636,0.101191
202300008459,4,6,2023,2025-12-05 23:50:00,5,92,92012,2,3,1,3,Gallieni (Rue) 159/Fin,48.83466,2.22607
202300008460,31,12,2023,2025-12-05 17:50:00,2,75,75120,2,3,8,3,Avenue De La Porte De Montreuil,48.85354418,2.41079852
202300008461,24,11,2023,2025-12-05 11:10:00,1,77,77010,1,1,1,1,D227,48.62554,2.886973
202300008462,16,8,2023,2025-12-05 13:15:00,1,12,12299,2,1,1,6,24 Route De Granouillac,44.0938,2.705566
202300008463,10,7,2023,2025-12-05 17:30:00,1,75,75120,2,4,1,2,Avenue Cartellier,48.864759,2.412075
202300008464,3,6,2023,2025-12-05 18:25:00,1,92,92004,2,1,1,6,Dix Huit Juin 40 ( Rue Du ),48.93101113,2.27704391
202300008465,20,3,2023,2025-12-05 07:30:00,1,95,95582,1,1,1,3,A15,48.97538183,2.2414242
202300008466,28,11,2023,2025-12-05 11:30:00,1,75,75116,2,7,1,2,Place Charles De Gaulle,48.873555,2.294149
202300008467,25,11,2023,2025-12-05 16:40:00,1,2B,2B303,1,1,1,5,Route Territoriale 10,42.293961,9.54687
202300008468,3,6,2023,2025-12-05 05:10:00,2,75,75118,2,1,2,7,Boulevard De La Chapelle,48.884527,2.362667
202300008469,19,8,2023,2025-12-05 20:00:00,2,12,12220,1,1,7,1,D77,43.981884,3.148398
202300008470,20,3,2023,2025-12-05 01:00:00,3,93,93078,1,1,1,6,Autoroute A104,48.96300436,2.52239723
202300008471,10,7,2023,2025-12-05 14:10:00,1,75,75116,2,1,1,6,Rue Jean De La Fontaine,48.848537,2.265356
202300008472,2,10,2023,2025-12-05 15:20:00,1,44,44092,1,3,1,3,Le Petit Marais,47.68872,-1.874907
202300008473,2,6,2023,2025-12-05 11:32:00,1,60,60024,1,2,1,3,N31,49.403266,2.675986
202300008474,16,8,2023,2025-12-05 11:30:00,1,12,12043,1,3,1,2,D888,44.28453671,2.54443377
202300008475,10,7,2023,2025-12-05 20:15:00,1,75,75115,2,5,1,2,Rue Pegoud,48.835406,2.266885
202300008476,28,12,2023,2025-12-05 18:35:00,3,59,59244,1,1,1,3,A2,50.165995,3.174468
202300008477,5,6,2023,2025-12-05 19:10:00,1,1,1434,1,1,1,6,D61,45.99085,5.0969
202300008478,22,3,2023,2025-12-05 16:00:00,1,94,94028,1,1,1,4,A86,48.77702802,2.43912685
202300008479,10,7,2023,2025-12-05 19:45:00,1,75,75114,2,1,1,6,Rue Pernety,48.833405,2.319037
202300008480,23,11,2023,2025-12-05 19:50:00,3,11,11426,1,1,1,1,Cd 620 - Pr 29 + 700,43.277237,2.428375
202300008481,28,12,2023,2025-12-05 22:29:00,5,13,13014,2,1,1,1,Boulevard Denis Padovani,43.472885,5.165232
202300008482,16,8,2023,2025-12-05 19:40:00,1,12,12133,1,2,1,3,Route Departementale 911 Les Caumettes,44.290758,2.571037
202300008483,3,1,2023,2025-12-05 14:55:00,1,45,45187,1,1,1,6,D961 Pr 21 + 950,47.866563,2.478269
202300008484,6,6,2023,2025-12-05 11:45:00,1,71,71477,1,1,1,6,Route De La Croix Racot,46.636251,4.408693
202300008485,9,7,2023,2025-12-05 10:20:00,1,75,75114,2,3,1,1,Rue D Alesia,48.830104,2.320417
202300008486,19,8,2023,2025-12-05 10:00:00,1,46,46045,1,1,1,6,D19,44.453557,1.819439
202300008487,6,6,2023,2025-12-05 05:15:00,5,40,40304,2,1,1,7,Avenue De Bordeaux,43.664631,-1.403375
202300008488,30,12,2023,2025-12-05 17:46:00,3,13,13106,1,1,1,2,A7-Sens Lyon Vers Marseille,43.3897,5.351
202300008489,25,11,2023,2025-12-05 10:30:00,1,63,63284,2,1,2,1,Chemin De La Banche,45.788931,3.225469
202300008490,21,3,2023,2025-12-05 17:13:00,1,38,38185,2,1,1,1,Cours La Fontaine,45.18786,5.72508
202300008491,10,7,2023,2025-12-05 08:25:00,1,75,75113,2,2,1,3,Boulevard Massena,48.818883,2.359539
202300008492,6,6,2023,2025-12-05 15:45:00,1,42,42166,2,1,1,7,188 Rue De La Prevote,45.991308,4.098415
202300008493,24,11,2023,2025-12-05 19:40:00,3,86,86074,1,1,1,6,Rn149,46.654316,0.113962
202300008494,18,8,2023,2025-12-05 17:50:00,1,46,46247,2,2,1,3,Route De Saint-Projet,44.333027,1.76425
202300008495,21,3,2023,2025-12-05 09:05:00,1,27,27299,2,1,8,6,Briand (Avenue Aristide),49.04397,1.16053
202300008496,10,7,2023,2025-12-05 21:35:00,5,75,75112,2,2,1,3,Avenue Ledru Rollin,48.851303,2.376148
202300008497,20,11,2023,2025-12-05 14:35:00,1,64,64430,2,1,1,6,Rue Du Moulin,43.48664,-0.77034
202300008498,6,6,2023,2025-12-05 12:15:00,1,31,31065,2,1,1,6,Place Edmond Lassalle,43.378973,1.177689
202300008499,20,3,2023,2025-12-05 07:40:00,2,68,68224,2,1,1,6,Rue Leon Jouhaux,47.74808,7.30393
202300008500,16,8,2023,2025-12-05 19:58:00,2,46,46268,1,4,1,3,D653,44.467923,1.544872
202300008501,10,7,2023,2025-12-05 17:30:00,1,75,75112,2,1,1,6,Avenue Du General Michel Bizot,48.83911,2.40414
202300008502,19,8,2023,2025-12-05 05:10:00,3,41,41059,1,1,1,6,Les Colleries,47.439749,1.371201
202300008503,22,11,2023,2025-12-05 12:15:00,1,29,29181,1,6,1,3,Za De Saint-Eloy (Zone Industrielle),48.47846789,-4.28707768
202300008504,10,7,2023,2025-12-05 15:00:00,1,75,75112,2,1,1,2,Cours De Vincennes,48.847522,2.402182
202300008505,5,6,2023,2025-12-05 18:10:00,1,1,1143,1,1,1,5,D1005,46.414577,6.061122
202300008506,30,12,2023,2025-12-05 20:50:00,5,50,50129,2,3,1,3,Atlantique (Boulevard De L'),49.62093,-1.64228
202300008507,21,3,2023,2025-12-05 23:20:00,5,69,69387,2,4,1,3,Rue De L'Epargne,45.74543051,4.85094589
202300008508,20,8,2023,2025-12-05 16:00:00,1,22,22349,1,1,1,3,7 Route De Morlaix,48.691768,-3.554
202300008509,4,6,2023,2025-12-05 19:10:00,1,17,17222,1,1,1,7,D105,46.242596,-1.121635
202300008510,10,7,2023,2025-12-05 08:50:00,1,75,75110,2,2,1,3,Rue La Fayette,48.880616,2.362031
202300008511,25,11,2023,2025-12-05 01:00:00,3,22,22008,1,1,1,3,D793,48.418386,-2.107852
202300008512,11,8,2023,2025-12-05 13:20:00,1,22,22046,1,1,1,6,Rd792,48.22999,-2.563677
202300008513,31,12,2023,2025-12-05 22:50:00,5,94,94002,2,2,2,3,Rue Etienne Dolet,48.798789,2.42342
202300008514,10,7,2023,2025-12-05 09:20:00,1,75,75108,2,1,1,3,Avenue Hoche,48.875789,2.299586
202300008515,21,3,2023,2025-12-05 20:15:00,5,69,69383,2,2,1,3,Rue Duguesclin,45.76357133,4.84830739
202300008516,5,6,2023,2025-12-05 13:00:00,1,14,14120,1,1,1,2,Autoroute Des Estuaires,49.050605,-0.741982
202300008517,19,8,2023,2025-12-05 18:10:00,1,39,39160,1,1,1,6,Adresse_Inconnue,46.782125,5.446759
202300008518,10,7,2023,2025-12-05 18:30:00,1,75,75101,2,2,1,6,Rue De Turbigo,48.864441,2.351535
202300008519,26,12,2023,2025-12-05 18:15:00,5,92,92024,1,1,1,3,Jean Jaures (Bd) De (111 A 159),48.90746,2.30019
202300008520,16,8,2023,2025-12-05 19:50:00,1,39,39535,1,1,7,7,Adresse_Inconnue,46.861494,5.669708
202300008521,21,3,2023,2025-12-05 11:05:00,1,69,69383,2,1,1,2,Rue Feuillat,45.75433,4.87716
202300008522,10,7,2023,2025-12-05 17:00:00,1,94,94081,2,1,1,6,Avenue Eugene Pelletan,48.79266332,2.38662395
202300008523,24,11,2023,2025-12-05 07:10:00,2,13,13215,1,1,1,2,A7-Sens Lyon Vers Marseille,43.3493,5.3693
202300008524,2,6,2023,2025-12-05 11:24:00,1,71,71215,2,3,1,3,20 Route De Virey,46.87338,4.935141
202300008525,19,8,2023,2025-12-05 06:38:00,2,25,25351,1,1,1,6,D41,47.179942,6.692433
202300008526,10,7,2023,2025-12-05 14:00:00,1,94,94043,2,1,1,3,19 Avenue De Fontainebleau,48.814674,2.360912
202300008527,3,6,2023,2025-12-05 15:50:00,1,57,57623,1,1,1,7,Departementale 96,48.619261,7.088504
202300008528,21,3,2023,2025-12-05 08:00:00,2,69,69383,2,3,1,1,Avenue Lacassagne,45.74936,4.8767
202300008529,23,11,2023,2025-12-05 13:50:00,1,13,13071,1,1,1,2,A55-Sens Martigues Vers Marseille,43.39251174,5.27676698
202300008530,31,12,2023,2025-12-05 19:17:00,3,38,38434,1,1,1,5,Route De La Vallee,45.519774,5.537592
202300008531,19,8,2023,2025-12-05 05:45:00,2,25,25470,1,1,1,3,Route Departementale 663,47.446977,6.613544
202300008532,10,7,2023,2025-12-05 19:45:00,1,94,94041,2,3,1,6,Henri Pourchasse (Qu),48.808446,2.407745
202300008533,30,12,2023,2025-12-05 19:00:00,3,64,64123,1,1,1,7,Avenue Des Chaisiers,43.47392151,-1.11543855
202300008534,21,11,2023,2025-12-05 21:50:00,5,83,83090,1,1,1,6,A50,43.12514105,5.87488639
202300008535,20,8,2023,2025-12-05 19:15:00,1,44,44220,1,1,1,6,Adresse_Inconnue,47.191594,-1.914475
202300008536,21,3,2023,2025-12-05 18:30:00,1,2B,2B033,2,3,1,2,Cite Aurore,42.68135,9.4405
202300008537,10,7,2023,2025-12-05 19:20:00,1,94,94073,1,1,1,6,Rdpt Des Halles,48.75949598,2.37090064
202300008538,6,6,2023,2025-12-05 11:55:00,1,59,59384,1,2,1,3,Route De Landrecies,50.128846,3.749417
202300008539,18,8,2023,2025-12-05 11:20:00,1,35,35010,1,1,1,7,N176,48.558972,-1.696916
202300008540,10,7,2023,2025-12-05 20:20:00,1,94,94011,2,9,1,3,Avenue Du 19 Mars 1962,48.774851,2.489868
202300008541,24,11,2023,2025-12-05 18:30:00,3,33,33080,1,1,2,2,Autoroute A 62,44.75170374,-0.54212004
202300008542,27,12,2023,2025-12-05 20:58:00,5,60,60505,2,9,2,3,D1017,49.152226,2.54812
202300008543,6,6,2023,2025-12-05 17:55:00,1,56,56061,1,1,1,6,Pr 29 - Rd773,47.744151,-2.118668
202300008544,21,3,2023,2025-12-05 09:55:00,1,971,97101,1,9,1,2,Secteur Pont De La Gabarre,16.25326,-61.5469
202300008545,19,8,2023,2025-12-05 03:00:00,3,29,29204,1,1,2,7,Ker Eol,48.514723,-4.231081
202300008546,9,7,2023,2025-12-05 02:55:00,5,94,94041,2,9,1,1,Avenue Georges Gosnat,48.81482,2.39087
202300008547,19,8,2023,2025-12-05 17:00:00,1,29,29024,1,1,1,6,53 Route De Lannouennec,48.262998,-3.592111
202300008548,6,6,2023,2025-12-05 08:30:00,1,56,56061,2,1,1,6,Avenue Des Archers,47.767678,-2.130408
202300008549,21,3,2023,2025-12-05 12:35:00,1,91,91161,2,1,1,3,Rte De Longjumeau,48.712885,2.297977
202300008550,31,12,2023,2025-12-05 23:10:00,3,78,78073,1,1,1,3,N12Y,48.797566,2.015271
202300008551,23,11,2023,2025-12-05 18:50:00,3,59,59646,1,1,1,4,Route Nationale 356,50.66838,3.11448
202300008552,16,8,2023,2025-12-05 20:45:00,2,29,29117,2,6,1,1,La Gare,48.570183,-4.512094
202300008553,10,7,2023,2025-12-05 20:25:00,1,93,93055,2,2,1,6,Avenue Jean Lolive / Rue Etienne Marcel,48.89175,2.40497
202300008554,5,6,2023,2025-12-05 16:00:00,1,82,82026,1,4,1,1,Route Departementale 115,44.056401,1.6707
202300008555,2,8,2023,2025-12-05 22:40:00,3,73,73099,1,1,2,6,D925,45.440486,6.096033
202300008556,20,3,2023,2025-12-05 18:00:00,1,91,91345,2,1,1,3,Rue Michel De Gaillard,48.697695,2.29013
202300008557,10,7,2023,2025-12-05 21:15:00,1,93,93007,2,1,1,1,Rue D'Altrincham Sandwell,48.94772882,2.4484019
202300008558,16,8,2023,2025-12-05 11:20:00,1,29,29171,1,1,1,5,D53,47.82124265,-4.27988291
202300008559,5,6,2023,2025-12-05 10:20:00,1,11,11358,1,1,1,3,Adresse_Inconnue,42.829858,2.211825
202300008560,24,11,2023,2025-12-05 08:50:00,1,91,91216,1,1,1,4,Autoroute A6,48.6852,2.32742
202300008561,10,7,2023,2025-12-05 02:00:00,5,93,93066,2,1,1,6,Avenue Du President Wilson,48.92726011,2.35679933
202300008562,18,6,2023,2025-12-05 06:30:00,1,91,91216,1,1,1,2,Autoroute A6,48.683433,2.328926
202300008563,17,8,2023,2025-12-05 10:55:00,1,31,31107,2,6,1,3,Route De L'Arize,43.29469,1.215971
202300008564,10,7,2023,2025-12-05 18:54:00,1,92,92051,2,1,1,6,"Bineau (Boulevard, Ndeg53 A 131 Et 52 A 13",48.88919986,2.27313459
202300008565,3,6,2023,2025-12-05 03:10:00,3,71,71187,1,1,1,6,Rue Des Pinsons,46.746948,4.517999
202300008566,21,3,2023,2025-12-05 11:20:00,1,91,91434,2,2,1,3,Henri Barbusse (Avenue),48.65419,2.34942
202300008567,19,8,2023,2025-12-05 15:45:00,1,31,31145,2,1,1,6,Avenue De La Gare,43.306835,1.531261
202300008568,24,11,2023,2025-12-05 18:40:00,3,92,92025,1,1,1,3,A86,48.9244141,2.23084474