num_acc,jour,mois,an,hrmn,lum,dep,com,agg,int,atm,col,adr,lat,long
202300008569,9,7,2023,2025-12-05 18:19:00,1,92,92025,2,1,1,1,President Salvador Allende (Rue Du),48.92221322,2.23554906
202300008570,4,6,2023,2025-12-05 14:50:00,1,63,63430,2,1,1,6,Route De Baruptel (Pont),45.846234,3.512841
202300008571,18,8,2023,2025-12-05 20:00:00,2,31,31574,1,6,7,6,D820,43.442098,1.415657
202300008572,20,8,2023,2025-12-05 18:35:00,1,18,18096,2,1,1,6,45 Les Tournis,47.194426,2.142034
202300008573,17,3,2023,2025-12-05 18:20:00,2,91,91228,2,1,2,3,Montespan (Rue De),48.63267,2.43517
202300008574,10,7,2023,2025-12-05 03:29:00,5,92,92024,2,1,1,7,Republique (Place De La),48.90338406,2.31280178
202300008575,24,11,2023,2025-12-05 17:35:00,3,93,93010,1,1,1,2,Autoroute A3,48.89213,2.47323
202300008576,5,6,2023,2025-12-05 19:30:00,1,12,12288,1,1,1,6,Rd840 Virage Du Prefet,44.44941048,2.4262113
202300008577,19,8,2023,2025-12-05 14:35:00,1,38,38189,1,2,7,3,D53A,45.636074,5.061334
202300008578,10,7,2023,2025-12-05 10:10:00,1,92,92007,2,1,1,3,Hugo (Avenue Victor),48.80480311,2.32221127
202300008579,20,3,2023,2025-12-05 17:30:00,1,91,91223,2,1,1,6,Republique (Rue De La),48.4332,2.16719
202300008580,24,11,2023,2025-12-05 06:35:00,3,95,95277,1,1,1,2,D170,48.97697542,2.47517467
202300008581,6,6,2023,2025-12-05 06:50:00,1,68,68025,1,2,1,3,D432,47.480959,7.291038
202300008582,23,11,2023,2025-12-05 05:00:00,3,95,95241,1,1,1,6,N104,49.04997,2.431
202300008583,6,6,2023,2025-12-05 14:45:00,1,68,68155,2,1,1,6,50 Rue De La Promenade,48.091879,7.296848
202300008584,11,7,2023,2025-12-05 10:00:00,1,60,60180,2,2,1,3,D133,49.520883,1.930032
202300008585,19,8,2023,2025-12-05 22:05:00,3,38,38012,1,1,1,6,D592,45.60967,5.609679
202300008586,18,3,2023,2025-12-05 16:00:00,1,77,77296,2,2,2,2,Av Jean Jaures,48.62738,2.58036
202300008587,6,8,2023,2025-12-05 11:50:00,1,22,22266,1,3,1,3,D790,48.251062,-3.304642
202300008588,5,6,2023,2025-12-05 11:35:00,1,38,38439,1,3,7,1,D525,45.366635,6.026444
202300008589,19,8,2023,2025-12-05 10:00:00,1,38,38043,2,3,1,3,Route De Charavines,45.444969,5.534068
202300008590,11,7,2023,2025-12-05 13:55:00,1,85,85137,1,4,1,3,Coq Joyeux,46.537152,-0.862851
202300008591,24,11,2023,2025-12-05 17:40:00,2,94,94069,1,1,1,3,A4,48.81739242,2.43622472
202300008592,21,3,2023,2025-12-05 14:50:00,1,77,77296,1,3,1,1,D402,48.63014,2.61773
202300008593,5,6,2023,2025-12-05 18:45:00,1,38,38422,1,1,1,6,D111,45.149319,5.864235
202300008594,10,7,2023,2025-12-05 16:00:00,1,40,40065,2,3,7,3,Boulevard Du Docteur Junqua,43.642722,-1.428067
202300008595,17,8,2023,2025-12-05 17:55:00,1,38,38082,1,1,1,5,Route De Vers Ars,45.443648,5.513227
202300008596,29,12,2023,2025-12-05 19:03:00,5,973,97302,2,3,1,3,Zephir (Rocade),4.93797,-52.30633
202300008597,5,6,2023,2025-12-05 17:20:00,1,38,38543,1,1,1,1,D1075,45.647071,5.491083
202300008598,22,11,2023,2025-12-05 08:30:00,1,976,97611,1,1,1,5,Passamanty-Vahibe ( Route ),-12.79870638,45.20204544
202300008599,18,8,2023,2025-12-05 19:45:00,2,15,15130,1,2,1,3,D990,45.063518,3.239207
202300008600,10,7,2023,2025-12-05 15:30:00,1,68,68331,1,3,1,3,Carrefour D415/D208,48.043013,7.470533
202300008601,20,3,2023,2025-12-05 15:00:00,1,77,77288,2,2,1,6,D606,48.5340628,2.6546029
202300008602,4,6,2023,2025-12-05 17:15:00,1,2,2003,2,1,1,6,1 Rue Du Jury,49.353014,3.420131
202300008603,22,11,2023,2025-12-05 10:45:00,1,974,97416,2,1,1,6,Lorion(Rue Luc),-21.33731,55.47007
202300008604,18,8,2023,2025-12-05 21:40:00,3,15,15092,1,1,1,6,Rd922,45.41912,2.50056
202300008605,28,12,2023,2025-12-05 04:10:00,5,972,97209,1,1,1,6,Beausejour Jambette (Route De ),14.63963,-61.04151
202300008606,10,7,2023,2025-12-05 23:45:00,3,10,10363,1,1,1,1,Route Departementale 671,48.22386134,4.1361781
202300008607,6,6,2023,2025-12-05 10:10:00,1,3,3112,1,1,1,1,D223,46.215246,3.211543
202300008608,20,3,2023,2025-12-05 11:40:00,1,74,74281,1,1,1,1,Thonon (Avenue De),46.38,6.508
202300008609,23,11,2023,2025-12-05 17:50:00,1,974,97411,2,1,1,6,Digue (Route),-20.89223,55.46989
202300008610,8,7,2023,2025-12-05 04:45:00,5,972,97221,1,6,2,6,D7,14.526237,-60.988899
202300008611,15,8,2023,2025-12-05 12:10:00,1,1,1314,2,6,8,7,Grande Rue De La Cotiere,45.99707,5.281366
202300008612,5,6,2023,2025-12-05 15:20:00,1,15,15104,1,1,1,6,D151,44.720782,2.246747
202300008613,30,12,2023,2025-12-05 08:35:00,2,87,87050,1,1,5,1,Campanelle (Rue),45.89242,1.249
202300008614,5,7,2023,2025-12-05 06:50:00,1,84,84056,1,1,1,1,Route De Courthezon,44.110792,4.895112
202300008615,5,6,2023,2025-12-05 13:30:00,1,6,6090,1,1,1,6,Route De Tanneron,43.563828,6.908287
202300008616,19,8,2023,2025-12-05 11:15:00,1,70,70507,1,1,1,3,Grande Rue,47.447561,6.032985
202300008617,22,11,2023,2025-12-05 18:10:00,1,974,97411,2,4,1,3,Saint-Francois (Boulevard De),-20.89766,55.46254
202300008618,5,6,2023,2025-12-05 20:30:00,2,9,9324,1,1,3,7,Laborie,43.053712,1.650181
202300008619,10,7,2023,2025-12-05 16:00:00,1,26,26116,1,1,1,2,A7,44.434343,4.746324
202300008620,30,12,2023,2025-12-05 17:30:00,5,76,76351,2,6,3,7,Michel Fere (Quai),49.48928,0.11114
202300008621,20,3,2023,2025-12-05 19:10:00,5,72,72181,2,1,1,4,Brossolette Pierre (Bd) Ndeg Imp,47.97883,0.20531
202300008622,16,8,2023,2025-12-05 12:30:00,1,26,26162,1,9,1,7,Rd 538,45.299037,5.039753
202300008623,5,6,2023,2025-12-05 16:05:00,1,24,24159,1,1,1,1,Route Du Docteur Piotay,45.128804,0.230799
202300008624,11,7,2023,2025-12-05 07:30:00,1,12,12169,1,1,1,2,Naucelle (Gare),44.192198,2.364362
202300008625,20,3,2023,2025-12-05 16:05:00,1,72,72181,2,6,1,6,Messiaen Olivier (Av) Pairs,48.0144,0.16211
202300008626,31,12,2023,2025-12-05 06:43:00,5,76,76341,2,6,3,7,Bellevue,49.51192,0.19938
202300008627,23,11,2023,2025-12-05 21:35:00,5,69,69387,2,8,1,3,Avenue Tony Garnier,45.7315,4.8239
202300008628,12,8,2023,2025-12-05 15:00:00,1,26,26148,1,2,1,3,Route De Beaurepaire,45.274009,5.034986
202300008629,8,7,2023,2025-12-05 14:20:00,1,65,65270,2,1,1,6,Route Departementale 5,43.214861,0.171554
202300008630,20,3,2023,2025-12-05 12:05:00,1,72,72181,1,9,1,6,Patton General Rte Bauge A Chemin Ronde,48.028,0.175
202300008631,6,6,2023,2025-12-05 16:30:00,1,85,85280,1,1,1,1,D205,46.85163,-1.90707
202300008632,17,8,2023,2025-12-05 19:30:00,2,58,58079,2,1,1,6,Route De Surgy,47.468708,3.520573
202300008633,10,7,2023,2025-12-05 13:34:00,1,57,57721,2,1,1,1,Haut Pont,48.781039,7.245363
202300008634,30,12,2023,2025-12-05 08:00:00,2,76,76447,2,6,1,3,Rd 31,49.54715,0.18896
202300008635,20,8,2023,2025-12-05 11:44:00,1,58,58223,1,1,1,6,Chatenay,47.037462,3.553734
202300008636,23,11,2023,2025-12-05 06:50:00,5,69,69387,2,2,1,6,Rue Pre Gaudry,45.73823,4.8376
202300008637,21,3,2023,2025-12-05 20:55:00,5,69,69264,2,1,1,6,Rue D'Anse,45.98506,4.71808
202300008638,4,6,2023,2025-12-05 18:00:00,1,28,28098,1,1,1,3,Route Nationale 12,48.752857,1.460254
202300008639,10,7,2023,2025-12-05 18:25:00,1,19,19063,1,3,1,3,Rd 921 / Rd162,45.157802,1.601129
202300008640,17,8,2023,2025-12-05 11:30:00,1,58,58177,1,1,1,6,D161,47.143741,3.871232
202300008641,30,12,2023,2025-12-05 17:30:00,5,76,76351,2,3,1,6,Voltaire,49.48999,0.10355
202300008642,23,11,2023,2025-12-05 10:15:00,1,972,97209,2,1,1,2,Bishop (Avenue Maurice),14.60607,-61.05889
202300008643,20,3,2023,2025-12-05 17:25:00,1,69,69264,2,1,1,6,173 Rue Thimonnier,45.99865,4.71405
202300008644,4,7,2023,2025-12-05 09:20:00,1,19,19123,2,6,1,3,Rond Point Simone Veil,45.168996,1.560152
202300008645,6,6,2023,2025-12-05 12:15:00,1,30,30161,1,1,1,6,Adresse_Inconnue,44.02066,4.10464
202300008646,30,12,2023,2025-12-05 00:05:00,5,14,14366,2,1,1,6,Route D'Orbec,49.13634,0.24041
202300008647,17,8,2023,2025-12-05 18:10:00,1,58,58088,1,1,1,3,D977,47.012486,3.202874
202300008648,10,7,2023,2025-12-05 21:39:00,2,77,77325,2,1,1,7,Rue D'Henrien,48.423183,3.248946
202300008649,21,3,2023,2025-12-05 14:00:00,1,69,69259,2,1,1,1,34 Boulevard Marcel Sembat,45.71385,4.8783
202300008650,29,12,2023,2025-12-05 18:45:00,5,92,92026,2,1,1,7,Gambetta,48.89435,2.24903
202300008651,5,6,2023,2025-12-05 12:00:00,1,988,98825,1,3,1,3,"Rt1, En Face Du Motel De Tia",-21.14951,164.87821
202300008652,23,11,2023,2025-12-05 17:00:00,5,69,69389,2,2,1,3,Quai Du Commerce,45.78054,4.80905
202300008653,11,7,2023,2025-12-05 02:45:00,3,76,76360,1,1,1,6,Rue Du Pont Rouge,49.75136,1.09905
202300008654,17,8,2023,2025-12-05 11:50:00,1,58,58303,2,1,1,3,Boulevard Camille Dagonneau,47.019099,3.14798
202300008655,20,3,2023,2025-12-05 19:30:00,2,67,67447,2,3,1,3,Carrefour Des Quatre Vents,48.60449,7.7474
202300008656,11,7,2023,2025-12-05 10:00:00,1,2B,2B305,2,1,1,3,D 131,42.721267,9.451729
202300008657,5,6,2023,2025-12-05 22:30:00,3,988,98832,1,1,2,7,Touaourou (Tribu),-22.23256,167.004611
202300008658,22,11,2023,2025-12-05 09:45:00,1,69,69389,2,4,8,6,Avenue Joannes Masset,45.77354,4.80042
202300008659,6,12,2023,2025-12-05 11:55:00,1,57,57269,2,1,1,3,Rue Galla,49.302398,6.214882
202300008660,20,8,2023,2025-12-05 11:30:00,1,58,58095,2,1,1,3,2 Rue Marechal Foch,46.828094,3.460095
202300008661,11,7,2023,2025-12-05 09:11:00,1,19,19274,1,1,1,7,Autoroute A89 - Pk 182+800,45.1694029,1.46646792
202300008662,17,3,2023,2025-12-05 22:30:00,5,67,67482,2,1,1,6,Melanie (Rue),48.60298,7.79258
202300008663,3,6,2023,2025-12-05 19:50:00,5,974,97422,2,1,1,7,Chemin Notre Dame De La Salette,-21.238322,55.520541
202300008664,23,11,2023,2025-12-05 06:50:00,5,69,69382,2,1,1,7,16 Quai Perrache,45.74498492,4.82721716
202300008665,10,7,2023,2025-12-05 19:10:00,1,41,41002,1,1,1,3,A85,47.295487,1.243794
202300008666,30,12,2023,2025-12-05 10:10:00,1,34,34237,1,1,1,3,Departementale 15,43.50076,3.30269
202300008667,17,8,2023,2025-12-05 14:50:00,1,58,58151,2,1,1,1,11 Rue Clemence Bonde,46.895804,3.466771
202300008668,5,6,2023,2025-12-05 01:30:00,5,978,97801,1,1,1,6,"Rd 208, Les Terres Basses",18.068759,-63.12139
202300008669,23,11,2023,2025-12-05 13:00:00,1,971,97105,2,1,1,6,Maurice Marie-Claire(Rue),15.99609521,-61.73097074
202300008670,20,3,2023,2025-12-05 09:45:00,1,66,66136,2,1,1,3,Adresse_Inconnue,42.69696,2.90556
202300008671,10,7,2023,2025-12-05 18:30:00,1,11,11165,1,1,1,7,Adresse_Inconnue,42.872286,2.153977
202300008672,21,8,2023,2025-12-05 02:50:00,3,66,66024,2,1,1,6,Bretelle D'Acces D618/D900,42.516935,2.830374
202300008673,30,12,2023,2025-12-05 18:30:00,2,988,98805,1,1,1,1,Col De Tonghoue (Arret De Bus),-22.18969,166.481444
202300008674,11,7,2023,2025-12-05 12:30:00,1,42,42262,1,1,1,6,Route De Rozier,45.393334,4.178525
202300008675,16,3,2023,2025-12-05 06:15:00,3,63,63103,1,1,1,7,Rd 227,45.91289339,3.08069676
202300008676,22,11,2023,2025-12-05 09:00:00,1,95,95539,2,1,1,6,Jean Moulin (Avenue),48.9948941,2.36513972
202300008677,4,6,2023,2025-12-05 20:45:00,3,971,97121,1,1,1,1,Rn2,16.205964,-61.780586
202300008678,21,8,2023,2025-12-05 14:45:00,1,54,54206,1,1,1,6,Rue Du Haut Meix,48.5242507,6.55021191
202300008679,30,12,2023,2025-12-05 08:00:00,1,986,98613,2,1,1,3,Rt1 Mata'Utu,-13.281824,-176.176299
202300008680,17,7,2023,2025-12-05 09:50:00,1,72,72180,2,1,1,7,20 Rue Chatelaine,48.351671,0.370203
202300008681,23,11,2023,2025-12-05 17:15:00,5,91,91689,2,6,1,2,Rue Des Avernaises,48.73654,2.34798
202300008682,19,3,2023,2025-12-05 14:27:00,1,63,63113,2,5,1,3,Flaubert/ Oradou/Schuman,45.76452,3.12553
202300008683,6,6,2023,2025-12-05 08:30:00,1,91,91318,2,1,1,3,D17,48.516617,2.268079
202300008684,10,7,2023,2025-12-05 21:30:00,1,39,39432,2,3,1,3,Place De La Liberte,47.223528,5.501779
202300008685,30,12,2023,2025-12-05 17:40:00,3,77,77029,1,1,1,6,D211,48.637659,2.862754
202300008686,5,6,2023,2025-12-05 18:55:00,1,11,11433,1,1,1,6,D620,43.304106,2.475105
202300008687,11,7,2023,2025-12-05 09:25:00,1,44,44007,1,1,1,7,Adresse_Inconnue,47.637114,-1.970201
202300008688,17,8,2023,2025-12-05 18:38:00,1,72,72111,1,2,1,3,Lieu Dit La Grande Grouas,48.081082,0.017654
202300008689,22,11,2023,2025-12-05 20:30:00,3,91,91433,2,6,8,2,R.D.20,48.45802,2.17706
202300008690,9,7,2023,2025-12-05 17:15:00,1,29,29163,1,1,1,7,D785,48.5241384,-3.86919123
202300008691,6,6,2023,2025-12-05 13:15:00,1,84,84078,1,1,1,3,N7,44.229895,4.712663
202300008692,20,8,2023,2025-12-05 11:30:00,1,6,6086,1,1,1,7,Route De Turini,43.976857,7.392486
202300008693,18,3,2023,2025-12-05 09:35:00,1,60,60159,2,1,1,2,Place Du General De Gaulle,49.418,2.82955
202300008694,22,11,2023,2025-12-05 18:00:00,4,88,88484,2,1,1,6,Cd417,48.1174,6.3658
202300008695,19,8,2023,2025-12-05 07:25:00,1,14,14005,1,1,1,6,Route De Paris,49.122141,-0.126868
202300008696,21,3,2023,2025-12-05 14:15:00,1,56,56121,2,1,1,6,4 Rue Colonel Le Barillec,47.76261,-3.39717
202300008697,9,7,2023,2025-12-05 16:45:00,1,1,1098,1,4,1,3,D1504,45.820723,5.642806
202300008698,6,6,2023,2025-12-05 06:45:00,1,83,83065,1,3,1,3,"D 559, Face Mas St-Martin",43.25149,6.573429
202300008699,22,11,2023,2025-12-05 18:50:00,5,87,87085,2,1,1,6,Perrin (Rue Francois),45.82815,1.2414
202300008700,31,12,2023,2025-12-05 15:30:00,1,84,84150,1,1,1,1,D976,44.348343,4.955918
202300008701,16,8,2023,2025-12-05 16:50:00,1,14,14145,1,3,7,3,Adresse_Inconnue,49.041313,-0.279216
202300008702,10,7,2023,2025-12-05 21:00:00,2,1,1451,1,6,1,3,Route De Paris,46.259385,5.176537
202300008703,21,3,2023,2025-12-05 08:50:00,1,56,56121,2,1,1,2,40Bis Rue De Lanveur,47.74297,-3.38874
202300008704,6,6,2023,2025-12-05 08:45:00,1,5,5079,1,1,1,1,Rd 1091,45.042755,6.417142
202300008705,23,11,2023,2025-12-05 21:55:00,3,84,84080,1,1,1,2,Beauchamp Chemin De,44.02962,4.96762
202300008706,10,7,2023,2025-12-05 17:10:00,1,70,70134,1,1,1,1,Cd 13,47.631706,6.077328
202300008707,30,12,2023,2025-12-05 14:30:00,1,62,62476,2,2,1,3,D40,50.360557,2.947557
202300008708,20,3,2023,2025-12-05 15:15:00,1,54,54265,2,1,1,2,Rd 570,48.64473,6.18187
202300008709,5,6,2023,2025-12-05 18:15:00,1,7,7245,1,1,1,3,D86,45.092732,4.818953
202300008710,16,8,2023,2025-12-05 16:45:00,1,14,14041,1,1,1,5,Route Du Bois Du Breuil,49.394133,0.1899
202300008711,9,7,2023,2025-12-05 00:20:00,3,70,70163,1,1,1,6,D119,47.656615,6.219571
202300008712,19,8,2023,2025-12-05 02:05:00,3,50,50003,2,1,1,7,72 Avenue De La Mer,49.045238,-1.590917
202300008713,19,12,2023,2025-12-05 20:37:00,3,13,13005,1,1,1,2,A50-Sens Aubagne Vers Marseille,43.28252,5.57942
202300008714,5,6,2023,2025-12-05 16:10:00,1,17,17027,1,1,1,1,D142,45.537749,-0.488586
202300008715,8,7,2023,2025-12-05 09:15:00,1,26,26146,1,3,1,3,Route De Montelimar,44.419053,4.898003
202300008716,24,11,2023,2025-12-05 01:30:00,3,82,82121,2,1,1,6,Avenue D'Ardus,44.03796,1.35657
202300008717,20,3,2023,2025-12-05 12:30:00,1,54,54395,2,1,1,4,Kennedy (Viaduc),48.68782039,6.17381752
202300008718,17,12,2023,2025-12-05 03:45:00,3,54,54232,1,1,1,2,Autoroute A 31,48.689157,5.987492
202300008719,10,7,2023,2025-12-05 00:30:00,3,58,58151,1,1,1,7,Rue De Decize,46.875045,3.460865
202300008720,2,6,2023,2025-12-05 12:10:00,1,33,33273,1,3,1,3,2 Chemin De Monfaucon,44.84763,-0.756834
202300008721,21,8,2023,2025-12-05 12:30:00,1,50,50471,1,2,1,1,D650,49.368479,-1.723266
202300008722,11,7,2023,2025-12-05 20:00:00,1,66,66052,1,1,1,6,Adresse_Inconnue,42.592102,2.418703
202300008723,30,12,2023,2025-12-05 22:43:00,5,67,67482,1,1,1,6,Adresse_Inconnue,48.5953,7.74207
202300008724,20,3,2023,2025-12-05 17:10:00,1,54,54329,2,1,1,3,Rue Sainte Anne,48.588,6.48453
202300008725,5,6,2023,2025-12-05 22:05:00,5,33,33029,2,4,1,7,Rue Hector Berlioz,44.609836,-0.765717
202300008726,17,8,2023,2025-12-05 19:02:00,1,50,50031,2,3,1,3,Avenue De La Mer,49.374186,-1.758832
202300008727,22,11,2023,2025-12-05 16:30:00,1,77,77350,2,1,1,5,Av Maurice Chevalier,48.76597,2.68237
202300008728,18,3,2023,2025-12-05 15:45:00,1,52,52448,2,1,1,6,Loubert (Avenue De La) Cora,48.64769,4.96312
202300008729,10,7,2023,2025-12-05 22:25:00,2,50,50058,1,4,1,3,D651,49.066668,-1.595335
202300008730,30,10,2023,2025-12-05 18:00:00,5,5,5061,2,1,3,4,Provence (Avenue De),44.54209312,6.05898142
202300008731,17,8,2023,2025-12-05 16:20:00,1,50,50452,1,1,1,1,La Fosse,48.550858,-1.13966
202300008732,6,6,2023,2025-12-05 07:40:00,1,50,50535,2,9,1,2,Route Nationale,48.758431,-1.292363
202300008733,11,7,2023,2025-12-05 18:15:00,1,60,60029,2,1,1,7,Avenue Du Marechal Foch,49.371063,1.993842
202300008734,26,7,2023,2025-12-05 17:50:00,1,14,14520,2,1,1,6,Chemin Des Vatines,49.143566,0.150772
202300008735,21,11,2023,2025-12-05 11:30:00,1,76,76447,2,2,2,3,Faubourg Assiquet,49.547029,0.195705
202300008736,13,3,2023,2025-12-05 21:20:00,5,50,50129,2,4,2,1,Fontaine (Place De La),49.6398,-1.62569
202300008737,30,5,2023,2025-12-05 08:10:00,1,35,35273,1,1,1,1,D19,48.400645,-1.293125
202300008738,10,7,2023,2025-12-05 23:10:00,3,10,10259,1,1,1,7,D951,48.469638,3.451411
202300008739,28,9,2023,2025-12-05 15:50:00,1,14,14054,1,1,8,6,2 La Lande,48.897153,-0.961084
202300008740,9,7,2023,2025-12-05 10:45:00,1,36,36022,1,1,2,6,Les Patras,46.62604611,1.7119935
202300008741,23,11,2023,2025-12-05 00:01:00,5,72,72181,2,9,1,3,Chanzy (Rue)  Ndeg Imp 1 A 71 Bis,47.99835,0.2031
202300008742,21,3,2023,2025-12-05 15:10:00,1,45,45234,2,1,1,6,67 Rue De La Becasse,47.82945,1.9283
202300008743,9,7,2023,2025-12-05 11:46:00,1,40,40243,1,1,1,7,D380,43.881385,-0.914934
202300008744,30,12,2023,2025-12-05 16:25:00,1,84,84007,2,1,1,3,Saint Roch (Boulevard),43.94263,4.80457
202300008745,10,7,2023,2025-12-05 21:40:00,5,24,24296,1,1,1,6,Avenue De La Graviere - D660,44.851887,0.614778
202300008746,21,3,2023,2025-12-05 11:55:00,1,37,37261,2,1,1,6,Prefecture (Rue De La),47.39235,0.68911
202300008747,23,11,2023,2025-12-05 05:50:00,5,71,71486,2,1,2,3,Maurice Thorez (Rue),46.64603989,4.37018333
202300008748,31,12,2023,2025-12-05 07:05:00,1,971,97105,2,1,1,6,Paul Lacave (Avenue ),15.9917429,-61.72140598
202300008749,19,8,2023,2025-12-05 16:45:00,1,50,50413,1,1,1,5,Precey,48.611406,-1.373742
202300008750,6,6,2023,2025-12-05 19:55:00,2,80,80176,1,3,1,3,D930,49.709516,2.827139
202300008751,10,7,2023,2025-12-05 18:50:00,1,85,85025,1,1,1,7,La Basse Grange,46.948584,-1.175503
202300008752,29,12,2023,2025-12-05 06:20:00,5,74,74012,2,2,1,2,Amoureux (Rue Des),46.19043,6.23456
202300008753,21,8,2023,2025-12-05 09:30:00,1,83,83074,1,4,1,2,D6085,43.775596,6.644006
202300008754,8,7,2023,2025-12-05 16:00:00,1,27,27679,1,5,1,3,Route National 12,48.732474,0.92813
202300008755,22,11,2023,2025-12-05 14:50:00,1,69,69264,2,3,1,3,Rue Ernest Renan,45.99292,4.70724
202300008756,21,3,2023,2025-12-05 11:35:00,1,37,37261,2,2,8,4,Jolivet (Rue),47.38979,0.70566
202300008757,6,6,2023,2025-12-05 06:48:00,1,80,80670,1,2,1,3,D1029,49.84499,2.14985
202300008758,8,7,2023,2025-12-05 15:27:00,1,23,23061,2,1,1,6,17 Rue Alcide Sarre,46.113574,2.173306
202300008759,9,12,2023,2025-12-05 19:15:00,5,42,42218,2,3,2,3,Boulevard Alexandre De Fraissinette,45.4178,4.41554
202300008760,5,6,2023,2025-12-05 11:00:00,1,83,83137,1,1,1,3,A50,43.1266,5.91139
202300008761,23,11,2023,2025-12-05 11:50:00,1,69,69290,2,2,1,3,Boulevard De La Porte Des Alpes,45.71486,4.92552
202300008762,19,8,2023,2025-12-05 17:30:00,1,83,83044,2,4,1,3,D955,43.710238,6.507302
202300008763,11,7,2023,2025-12-05 19:40:00,1,37,37014,1,3,1,3,"Pr4, D39",47.28469261,0.46943665
202300008764,20,3,2023,2025-12-05 16:50:00,1,37,37261,2,3,1,3,Maine (Rue Du),47.42618,0.68447
202300008765,4,6,2023,2025-12-05 16:52:00,1,57,57445,1,1,1,7,Adresse_Inconnue,48.9994977,6.10537291
202300008766,19,8,2023,2025-12-05 10:35:00,1,83,83121,2,1,1,6,Boulevard De La Liberation,43.560903,6.240031
202300008767,23,11,2023,2025-12-05 17:30:00,5,67,67482,2,8,1,6,Romains (Route Des),48.57957654,7.71509796
202300008768,10,7,2023,2025-12-05 08:49:00,1,37,37050,1,1,1,3,Route De Loches,47.335936,0.736685
202300008769,21,3,2023,2025-12-05 16:43:00,1,35,35278,2,1,1,6,Chesnais Beauregard (Rue Du),48.13684,-1.69067
202300008770,31,12,2023,2025-12-05 20:00:00,3,31,31555,1,1,1,5,Va007500 Croix Daurade A62 Sortie 14,43.6476,1.44037
202300008771,23,11,2023,2025-12-05 08:45:00,1,67,67482,2,1,8,3,Ban De La Roche (Rue Du),48.57754,7.72771
202300008772,20,8,2023,2025-12-05 05:55:00,2,83,83046,1,1,1,6,D13,43.51062,6.159747
202300008773,21,3,2023,2025-12-05 12:20:00,1,35,35238,2,6,1,3,Albert 1Er (Bd),48.09010445,-1.69091552
202300008774,5,6,2023,2025-12-05 13:20:00,1,33,33013,1,1,1,4,Route Nationale 89,44.86853563,-0.5026406
202300008775,10,7,2023,2025-12-05 12:00:00,1,31,31216,1,1,1,2,A68 Pk  17+500,43.743073,1.599069
202300008776,19,8,2023,2025-12-05 04:00:00,5,9,9285,2,1,1,6,Avenue De La Baraque,42.865486,1.204893
202300008777,19,12,2023,2025-12-05 20:45:00,5,27,27229,2,3,1,2,Rue Jacquard,49.001953,1.138697
202300008778,22,11,2023,2025-12-05 13:55:00,1,67,67482,2,4,1,3,Rhin (Avenue Du),48.57089,7.78656
202300008779,5,6,2023,2025-12-05 20:45:00,2,91,91377,1,1,1,7,Autoroute A10,48.72719,2.30306
202300008780,11,7,2023,2025-12-05 07:50:00,2,33,33380,1,9,1,2,A10,45.28049326,-0.55079699
202300008781,21,3,2023,2025-12-05 17:20:00,1,34,34301,2,1,1,3,1026 Boulevard De Verdun,43.41144,3.68019
202300008782,23,11,2023,2025-12-05 18:30:00,5,64,64125,2,1,1,3,Avenue Cumba,43.44693,-1.57763
202300008783,5,6,2023,2025-12-05 08:10:00,1,91,91477,1,1,1,2,Autoroute A10,48.70834,2.25078
202300008784,31,12,2023,2025-12-05 18:50:00,5,75,75114,2,1,1,4,Bd Peripherique Interieur,48.821152,2.317932
202300008785,17,8,2023,2025-12-05 13:50:00,1,9,9032,1,1,1,1,N20,42.689308,1.824707
202300008786,10,7,2023,2025-12-05 17:10:00,1,38,38027,2,6,1,3,D1090,45.434915,6.0014
202300008787,21,3,2023,2025-12-05 18:09:00,1,33,33529,2,1,1,3,Industrie (Bd De L') Du 01 Et +,44.61012,-1.12968
202300008788,5,6,2023,2025-12-05 09:00:00,1,92,92050,1,1,1,3,A86,48.9154303,2.2202268
202300008789,21,8,2023,2025-12-05 08:37:00,1,60,60513,2,1,1,1,30 Rue Saint-Germer,49.20645,2.377362
202300008790,23,11,2023,2025-12-05 08:00:00,1,63,63300,2,3,1,1,Rue Virlogeux/ Rue Gregoire De Tours,45.89004795,3.11985165
202300008791,31,12,2023,2025-12-05 22:19:00,5,75,75101,2,3,1,3,Quai De La Megisserie,48.857737,2.345455
202300008792,21,3,2023,2025-12-05 10:00:00,1,31,31555,2,3,1,1,Rue Maria Monbiola,43.57899057,1.43694252
202300008793,31,7,2023,2025-12-05 14:40:00,1,64,64188,2,1,1,6,Route De Barragary,43.233362,-0.873499
202300008794,5,6,2023,2025-12-05 10:30:00,1,78,78640,1,1,1,4,N118,48.78593647,2.22286766
202300008795,31,12,2023,2025-12-05 21:45:00,5,75,75101,2,3,1,6,Boulevard Du Palais,48.85534,2.345989
202300008796,23,11,2023,2025-12-05 14:06:00,1,63,63113,2,2,1,3,Clementel (Bd Etienne),45.80984,3.10943
202300008797,19,8,2023,2025-12-05 10:30:00,1,64,64371,2,1,1,1,Avenue De Belzunce,43.225755,-0.878611
202300008798,22,11,2023,2025-12-05 17:15:00,2,62,62083,2,1,8,6,Boulevard Marcel Wacheux,50.45198,2.61189
202300008799,3,6,2023,2025-12-05 18:30:00,1,95,95218,1,1,1,3,A15,49.03513188,2.09841549