num_acc,jour,mois,an,hrmn,lum,dep,com,agg,int,atm,col,adr,lat,long
202300008800,31,12,2023,2025-12-05 20:10:00,5,75,75101,2,4,1,6,Avenue De L Opera,48.86495943,2.33476639
202300008801,21,3,2023,2025-12-05 08:15:00,1,25,25056,2,1,1,6,Schumann Rue Robert,47.223195,5.977027
202300008802,16,8,2023,2025-12-05 19:00:00,1,64,64495,2,3,1,3,D3- Route De Bayonne,43.364756,-1.544915
202300008803,4,6,2023,2025-12-05 01:00:00,3,93,93053,1,1,1,2,Autoroute A3,48.89544,2.47107
202300008804,3,11,2023,2025-12-05 19:45:00,5,62,62498,2,2,1,6,D947,50.43780161,2.82133077
202300008805,21,3,2023,2025-12-05 16:00:00,1,24,24037,1,1,1,6,Gauffre (Impasse Jean-Louis),44.840243,0.466523
202300008806,31,12,2023,2025-12-05 22:45:00,5,92,92004,2,2,1,3,Aulagnier ( Quai ),48.91432506,2.31078565
202300008807,3,6,2023,2025-12-05 01:40:00,3,95,95277,1,1,1,6,A3,48.97462627,2.48970687
202300008808,23,11,2023,2025-12-05 07:20:00,3,62,62193,2,1,1,6,Rue Costes Et Bellonte,50.95439,1.91057
202300008809,21,3,2023,2025-12-05 10:50:00,1,13,13215,2,1,1,6,Millie Mathys (Avenue),43.36563457,5.35026225
202300008810,17,8,2023,2025-12-05 09:05:00,1,64,64516,1,1,1,4,Route De Montaner,43.32915,-0.173668
202300008811,23,11,2023,2025-12-05 11:40:00,1,62,62764,2,9,1,2,D63,50.30153248,2.78227879
202300008812,5,6,2023,2025-12-05 17:15:00,1,94,94028,1,1,1,5,A86,48.79983715,2.44627859
202300008813,19,8,2023,2025-12-05 16:45:00,1,73,73059,1,4,7,3,D991 - Boulevard Gaston Mollex,45.728015,5.881419
202300008814,10,7,2023,2025-12-05 10:50:00,1,18,18029,1,4,1,1,Adresse_Inconnue,46.734941,2.791761
202300008815,11,7,2023,2025-12-05 03:02:00,3,60,60682,1,1,1,6,Autoroute A1 - Pk 47+000 Sens Lille/Paris,49.23301909,2.65677107
202300008816,17,8,2023,2025-12-05 07:55:00,1,73,73010,2,2,1,3,D991C Rue De La Chambotte,45.7851,5.94075
202300008817,21,1,2023,2025-12-05 20:00:00,3,5,5061,1,1,1,1,Col De Manse ( Route Du ),44.61172,6.1333
202300008818,23,11,2023,2025-12-05 13:55:00,1,61,61006,2,6,1,3,D158,48.73899,-0.02416
202300008819,13,12,2023,2025-12-05 12:15:00,1,31,31157,2,1,1,6,Avenue Du General Joseph Bares,43.536478,1.365062
202300008820,20,3,2023,2025-12-05 17:19:00,1,3,3101,1,3,1,3,Cd943,46.39085,2.54612
202300008821,18,8,2023,2025-12-05 15:50:00,1,18,18148,1,1,1,7,42Bis Avenue De Vierzon,47.201355,2.05896
202300008822,22,11,2023,2025-12-05 21:35:00,5,59,59041,2,3,1,3,Maubeuge (Rue De),50.21349735,3.86531746
202300008823,30,12,2023,2025-12-05 19:40:00,5,62,62908,2,3,8,6,D237,50.731488,1.707634
202300008824,21,8,2023,2025-12-05 15:15:00,1,18,18031,2,9,7,1,Route De Sancoins,46.895655,2.734756
202300008825,21,3,2023,2025-12-05 17:25:00,1,75,75113,2,1,1,2,Porte D Ivry,48.819197,2.371793
202300008826,9,7,2023,2025-12-05 21:00:00,3,973,97313,2,1,1,3,Avenue Des 2 Fromagers,4.889344,-52.49892
202300008827,3,6,2023,2025-12-05 09:20:00,1,988,98818,2,9,1,3,Rue Georges Leques,-22.22373,166.4855
202300008828,30,12,2023,2025-12-05 15:30:00,1,51,51432,2,1,1,6,12 Rue Du General Leclerc,48.690346,3.871173
202300008829,23,11,2023,2025-12-05 08:00:00,2,59,59507,2,9,1,6,Margueritois Chemin Des,50.60506918,3.07414658
202300008830,19,8,2023,2025-12-05 12:15:00,1,43,43032,1,1,1,6,D988A,45.05907,3.990821
202300008831,9,7,2023,2025-12-05 17:00:00,1,971,97129,2,1,1,1,Desbonnes,16.329797,-61.753324
202300008832,23,11,2023,2025-12-05 21:43:00,3,57,57463,1,1,8,7,Pouilly (Rue De ),49.0674135,6.18515253
202300008833,19,8,2023,2025-12-05 09:30:00,1,43,43215,1,1,1,7,Route Nationale 88,44.810644,3.879719
202300008834,4,6,2023,2025-12-05 11:30:00,1,974,97416,2,1,1,2,Boeuf(Chemin),-21.29778799,55.45526147
202300008835,21,3,2023,2025-12-05 15:40:00,1,75,75113,2,1,1,5,Porte D Italie,48.817787,2.353378
202300008836,31,12,2023,2025-12-05 13:00:00,1,22,22232,1,1,2,1,D21,48.626112,-2.862668
202300008837,14,8,2023,2025-12-05 22:00:00,2,36,36178,1,1,1,7,Rue De Saint-Aigny,46.65079973,1.01646603
202300008838,11,7,2023,2025-12-05 13:30:00,1,978,97801,2,2,1,3,R Louis Constant Fleming,18.068708,-63.081104
202300008839,22,11,2023,2025-12-05 17:24:00,5,57,57283,2,1,1,6,De Gaulle (Rue Du General),49.25014,6.15527
202300008840,30,12,2023,2025-12-05 16:30:00,1,29,29199,1,1,2,2,D64,48.59747424,-3.69031742
202300008841,20,3,2023,2025-12-05 19:30:00,4,75,75119,2,1,1,2,Porte Des Lilas,48.881438,2.402473
202300008842,21,8,2023,2025-12-05 11:40:00,1,36,36003,2,1,1,7,Rue Du Pare,46.77960451,1.95981368
202300008843,3,6,2023,2025-12-05 20:20:00,5,974,97416,2,3,1,1,Cayenne (Rue De La),-21.33785,55.46752
202300008844,10,7,2023,2025-12-05 07:15:00,1,13,13087,1,1,1,3,D7N,43.487747,5.617275
202300008845,31,12,2023,2025-12-05 15:55:00,1,84,84050,1,1,8,7,D156,43.901773,5.230286
202300008846,19,8,2023,2025-12-05 16:57:00,1,36,36021,1,1,7,6,Adresse_Inconnue,46.96843345,1.96498716
202300008847,11,7,2023,2025-12-05 10:20:00,1,77,77318,1,1,1,1,D231,48.774462,2.902107
202300008848,4,6,2023,2025-12-05 05:08:00,5,973,97302,2,1,2,1,Baduel (Route De),4.93222992,-52.30788267
202300008849,22,11,2023,2025-12-05 20:50:00,5,54,54304,2,4,1,1,Rue De Mareville,48.6846,6.15398
202300008850,20,3,2023,2025-12-05 18:00:00,2,75,75116,2,1,1,3,Echangeur Muette,48.866593,2.268615
202300008851,15,8,2023,2025-12-05 18:20:00,1,36,36171,2,1,1,3,Adresse_Inconnue,47.06424382,2.03303935
202300008852,9,7,2023,2025-12-05 17:35:00,1,2B,2B350,1,1,1,2,Funtanone,42.523989,9.417064
202300008853,22,11,2023,2025-12-05 08:25:00,1,54,54304,2,4,1,3,Rue Ernest Renan,48.68402,6.15008
202300008854,29,12,2023,2025-12-05 20:15:00,5,1,1093,2,3,1,1,Route De Relevant,46.113553,4.951701
202300008855,21,3,2023,2025-12-05 05:15:00,5,75,75118,2,3,2,3,Rue Joseph De Maistre,48.886176,2.333804
202300008856,3,6,2023,2025-12-05 10:35:00,1,973,97302,2,1,1,4,Cabassou (Route De),4.91957478,-52.31861186
202300008857,10,7,2023,2025-12-05 11:23:00,1,66,66065,2,1,7,6,Adresse_Inconnue,42.60312699,2.97929317
202300008858,20,8,2023,2025-12-05 06:35:00,2,16,16205,1,1,1,1,D16,45.937107,0.633937
202300008859,29,12,2023,2025-12-05 16:00:00,1,66,66205,1,1,1,1,Rd 117,42.787685,2.681823
202300008860,23,11,2023,2025-12-05 21:00:00,5,51,51454,2,1,1,1,Marin La Meslee (Rue),49.24705,4.04988
202300008861,4,6,2023,2025-12-05 02:15:00,5,69,69383,2,2,2,3,Rue Paul Bert,45.7571,4.86161
202300008862,11,7,2023,2025-12-05 10:10:00,1,11,11433,1,3,1,3,D620,43.300298,2.464521
202300008863,21,3,2023,2025-12-05 19:50:00,5,75,75117,2,1,1,4,Boulevard Berthier,48.88995,2.303469
202300008864,31,12,2023,2025-12-05 17:35:00,3,54,54455,1,1,2,6,Chemin De Retimont,48.45640945,6.45887732
202300008865,20,8,2023,2025-12-05 16:15:00,1,53,53147,2,3,1,6,Impasse Yvette Cauchois,48.284051,-0.624365
202300008866,6,7,2023,2025-12-05 15:00:00,1,84,84129,2,6,7,3,Route De Chateauneuf-Du-Pape,44.018392,4.868993
202300008867,31,12,2023,2025-12-05 00:43:00,3,7,7334,1,1,1,6,D104A,44.414387,4.152473
202300008868,22,11,2023,2025-12-05 15:50:00,1,51,51454,1,1,1,3,Pompidou (Avenue Georges),49.21912,4.02405
202300008869,4,6,2023,2025-12-05 14:25:00,1,972,97209,1,2,1,3,Raymond Roy-Camille (Rue Du Professeur),14.61224,-61.04686
202300008870,21,3,2023,2025-12-05 18:30:00,5,75,75116,2,2,1,3,Porte Dauphine,48.872561,2.273662
202300008871,10,7,2023,2025-12-05 16:50:00,1,6,6099,1,1,1,3,Route Du Col De Saint Raphael,43.947049,6.909188
202300008872,31,12,2023,2025-12-05 13:40:00,1,7,7199,1,1,2,7,Rd212,44.494539,4.270592
202300008873,19,8,2023,2025-12-05 12:10:00,1,53,53086,1,2,1,3,Belle Fontaine,48.206484,-1.071855
202300008874,10,7,2023,2025-12-05 18:15:00,1,5,5081,1,1,1,6,D994,44.418835,5.693917
202300008875,4,6,2023,2025-12-05 20:25:00,2,91,91477,1,1,1,3,Cd 36,48.71966,2.22301
202300008876,11,12,2023,2025-12-05 05:20:00,4,78,78356,1,1,1,6,D36,48.748351,2.074184
202300008877,18,8,2023,2025-12-05 14:16:00,1,53,53015,1,1,1,7,Route De La Croix Verte,48.163445,-0.882136
202300008878,22,11,2023,2025-12-05 07:55:00,1,51,51454,2,2,1,3,Vinci (Rue Leonard),49.27009,4.01152
202300008879,9,7,2023,2025-12-05 09:30:00,1,5,5126,1,1,1,7,Route De Nyons,44.377413,5.443983
202300008880,21,3,2023,2025-12-05 18:30:00,1,75,75112,2,1,1,5,Route De La Pyramide,48.83674611,2.44132787
202300008881,20,8,2023,2025-12-05 10:30:00,1,21,21695,2,1,1,7,Rue De La Corvee,47.570612,4.580253
202300008882,29,12,2023,2025-12-05 11:50:00,1,71,71176,2,3,8,6,Lotissement Les Peupliers,46.483486,3.9827
202300008883,4,6,2023,2025-12-05 23:00:00,4,91,91687,2,1,1,1,Victor Schoelcher (Avenue),48.64999,2.36865
202300008884,11,7,2023,2025-12-05 14:55:00,1,4,4195,1,1,1,2,Rd 900,44.3863,6.617289
202300008885,21,8,2023,2025-12-05 06:46:00,1,21,21247,1,1,1,6,Rd 954 Pk 3,47.502881,4.152875
202300008886,21,3,2023,2025-12-05 11:30:00,1,75,75112,2,1,1,6,Boulevard De La Guyane,48.83760058,2.41325051
202300008887,23,11,2023,2025-12-05 09:55:00,1,37,37261,2,1,8,3,Douets (Rue Des),47.43456,0.6854
202300008888,30,12,2023,2025-12-05 01:15:00,5,68,68154,2,2,1,3,Rue De Sausheim,47.772113,7.360958
202300008889,11,7,2023,2025-12-05 16:25:00,1,21,21106,2,2,1,1,Rue Du Canal,47.235291,5.113857
202300008890,4,6,2023,2025-12-05 17:15:00,1,84,84087,2,9,2,6,Delsuc (Rue Albert),44.14333,4.81093
202300008891,20,3,2023,2025-12-05 17:30:00,1,75,75104,2,3,1,6,Rue Saint Antoine,48.85430923,2.36373693
202300008892,20,8,2023,2025-12-05 18:00:00,1,21,21284,1,1,1,1,Francheville,47.423934,4.861044
202300008893,23,11,2023,2025-12-05 16:15:00,1,35,35238,2,1,8,6,Lorraine (De),48.12261,-1.70591
202300008894,11,7,2023,2025-12-05 10:30:00,1,54,54429,1,1,1,7,D50B,48.554408,6.120189
202300008895,12,12,2023,2025-12-05 12:00:00,1,67,67098,2,3,1,1,70 Rue Du General De Gaulle,48.54258,7.427399
202300008896,3,6,2023,2025-12-05 18:00:00,1,83,83129,2,1,1,3,Cabry (Bd De),43.11668,5.81171
202300008897,21,8,2023,2025-12-05 11:30:00,1,40,40022,1,1,1,1,D2,43.668399,-0.343532
202300008898,11,7,2023,2025-12-05 07:15:00,1,63,63204,1,1,1,3,D2,45.80429106,3.20082178
202300008899,23,11,2023,2025-12-05 16:30:00,2,34,34172,2,3,1,1,Vieille Poste (Rue De La,43.61616,3.91036
202300008900,21,3,2023,2025-12-05 17:00:00,1,94,94081,2,2,1,2,Avenue Maximilien De Robespierre / Avenue De L'Abbe Roger Derry,48.78943537,2.38922918
202300008901,17,11,2023,2025-12-05 12:00:00,1,67,67348,2,1,2,6,Rue Du General Gouraud,48.462191,7.483822
202300008902,10,8,2023,2025-12-05 09:37:00,1,40,40326,2,1,1,6,Route De L'Etang,43.904923,-1.309884
202300008903,10,7,2023,2025-12-05 14:00:00,1,73,73232,2,1,1,6,Sainte-Foy-Tarentaise,45.597142,6.879635
202300008904,4,6,2023,2025-12-05 08:50:00,1,83,83123,1,6,1,3,Toulon (Ancien Chemin De),43.128996,5.802316
202300008905,28,12,2023,2025-12-05 17:40:00,5,27,27016,2,2,8,6,Avenue De La Republique,49.243432,1.403198
202300008906,20,3,2023,2025-12-05 23:45:00,5,94,94081,2,1,2,2,Rue Edouard Til,48.78793,2.385544
202300008907,23,11,2023,2025-12-05 13:40:00,1,31,31555,2,1,1,3,Che De La Flambere,43.61709,1.39575
202300008908,20,8,2023,2025-12-05 15:05:00,1,4,4178,1,1,1,2,Rd 113,44.090868,5.792692
202300008909,11,7,2023,2025-12-05 12:36:00,1,73,73179,2,2,1,3,Rue Des Allobroges,45.597221,5.876511
202300008910,24,12,2023,2025-12-05 19:40:00,5,13,13210,1,1,1,6,A50-Sens Aubagne Vers Marseille,43.28432,5.4047
202300008911,3,6,2023,2025-12-05 11:35:00,1,83,83009,2,1,1,6,Chemin Des Roumpinas,43.145681,5.76507
202300008912,19,11,2023,2025-12-05 13:30:00,1,31,31555,2,1,1,6,Saint Simon (Rte De) Du 276 Au 389,43.5901427,1.4160642
202300008913,21,3,2023,2025-12-05 17:25:00,1,94,94078,2,2,1,6,Rue Fernand Pelloutier / Avenue De Valenton,48.74013167,2.45704174
202300008914,8,7,2023,2025-12-05 05:50:00,2,1,1249,2,1,1,3,343 Route De Strasbourg,45.867329,4.912839
202300008915,18,8,2023,2025-12-05 20:37:00,2,4,4045,2,3,1,6,Route Des Pres,43.859179,5.598639
202300008916,14,8,2023,2025-12-05 15:50:00,1,38,38563,2,3,1,3,Leprince-Ringuet (Rue L.),45.38270745,5.5777479
202300008917,22,11,2023,2025-12-05 08:20:00,1,29,29019,2,2,1,6,98 Boulevard De L'Europe,48.413063,-4.495891
202300008918,21,3,2023,2025-12-05 15:00:00,1,94,94078,2,1,1,2,Avenue Du Champ Saint-Julien,48.74776,2.46068
202300008919,16,8,2023,2025-12-05 12:30:00,1,85,85234,2,6,7,3,16 Rue Des Moulins,46.789615,-2.074957
202300008920,10,7,2023,2025-12-05 13:45:00,1,81,81271,2,3,1,3,758 Route De Saint Lieux,43.771965,1.697677
202300008921,3,6,2023,2025-12-05 02:10:00,5,81,81065,2,4,1,3,Vittoz (Bd.Raymond),43.60222,2.2436
202300008922,22,11,2023,2025-12-05 18:20:00,3,27,27681,1,1,1,6,Gisors (Route De),49.110236,1.489851
202300008923,17,9,2023,2025-12-05 19:30:00,3,38,38225,1,1,1,1,Departement  106 Meaudre,45.105879,5.529728
202300008924,3,7,2023,2025-12-05 16:45:00,1,81,81099,2,1,1,7,Chemin Des Perdrix,43.912425,1.923047
202300008925,16,8,2023,2025-12-05 22:34:00,3,27,27156,1,1,1,6,D54,48.80167,0.764827
202300008926,21,3,2023,2025-12-05 00:10:00,5,94,94065,1,1,1,2,N186B,48.75325273,2.35606366
202300008927,3,6,2023,2025-12-05 19:40:00,1,78,78517,2,1,1,6,Pompidou (Avenue Georges),48.637945,1.83405
202300008928,9,7,2023,2025-12-05 06:50:00,1,17,17460,1,1,1,1,Rd 142,45.69449,-0.764623
202300008929,23,11,2023,2025-12-05 19:35:00,5,27,27229,2,6,1,6,Septieme Chasseur (Rue Du),49.02701,1.15136
202300008930,14,8,2023,2025-12-05 13:51:00,1,27,27198,1,1,1,6,D833 Route Fleurie,48.853647,1.024175
202300008931,6,9,2023,2025-12-05 07:50:00,1,38,38563,2,2,1,6,Prairies (Rue Des),45.36344,5.59134
202300008932,10,7,2023,2025-12-05 14:45:00,1,17,17225,1,1,1,3,D268,45.740005,-1.168499
202300008933,23,11,2023,2025-12-05 16:15:00,1,26,26198,1,1,1,6,Boulevard Charles Andre,44.52559914,4.74426985
202300008934,21,3,2023,2025-12-05 07:52:00,1,94,94073,2,1,2,5,Boulevard De Stalingrad,48.769228,2.402291
202300008935,11,7,2023,2025-12-05 08:20:00,1,17,17207,1,3,1,1,D 102,46.21659,-1.460495
202300008936,4,6,2023,2025-12-05 15:30:00,1,77,77373,2,1,7,6,Che Des Quatre Chenes,48.77574,2.58651
202300008937,18,8,2023,2025-12-05 16:00:00,1,28,28008,1,1,1,2,Rd 928,48.55595,1.195933
202300008938,2,9,2023,2025-12-05 11:00:00,1,38,38563,2,3,1,3,Brunerie (Avenue De La),45.38278996,5.577698
202300008939,23,11,2023,2025-12-05 10:00:00,1,25,25056,2,3,1,6,Duchaillut Rue Lieutenant,47.253473,6.029478
202300008940,10,7,2023,2025-12-05 17:50:00,1,86,86115,2,3,1,3,D20,46.692968,0.375026
202300008941,20,8,2023,2025-12-05 11:20:00,1,17,17466,1,1,1,3,D107 - Rue Des Gues,46.178404,-0.938194
202300008942,4,6,2023,2025-12-05 16:30:00,1,77,77371,2,1,7,6,Ecluses (Rue Des),48.813809,2.99552
202300008943,21,3,2023,2025-12-05 09:20:00,1,94,94002,2,2,2,3,Rue Louis Blanc / Rue Paul Vaillant Couturier,48.80629,2.4185
202300008944,23,9,2023,2025-12-05 03:15:00,3,29,29165,1,2,1,3,Lieu Dit Quelarn,47.821461,-4.252304
202300008945,23,11,2023,2025-12-05 08:30:00,1,25,25056,2,5,1,6,Place De La Liberte,47.24757,6.02833
202300008946,8,7,2023,2025-12-05 10:40:00,1,85,85035,2,1,1,1,Avenue De La Corniche,46.630478,-1.879476
202300008947,17,8,2023,2025-12-05 16:50:00,1,87,87117,2,1,1,7,D222,45.80182,1.84345
202300008948,21,3,2023,2025-12-05 20:30:00,5,93,93039,2,1,1,6,Quai Du Chatelier,48.92446118,2.33343216
202300008949,4,6,2023,2025-12-05 10:00:00,1,72,72003,2,1,1,1,Beau Soleil (Rue De),47.95596,0.16667
202300008950,17,8,2023,2025-12-05 10:25:00,1,37,37050,2,1,1,3,7 Rue Rolland Pilain,47.340527,0.706286
202300008951,9,6,2023,2025-12-05 07:40:00,1,22,22136,1,1,2,1,D778,48.160775,-2.727023
202300008952,23,11,2023,2025-12-05 08:39:00,1,14,14536,1,1,8,3,D580,49.41243,0.28287
202300008953,11,7,2023,2025-12-05 15:15:00,1,29,29001,1,1,2,5,D791,48.2629959,-4.30747665
202300008954,3,6,2023,2025-12-05 15:12:00,1,69,69256,2,2,1,3,Rue Emile Zola,45.77733,4.9197
202300008955,21,3,2023,2025-12-05 19:00:00,5,93,93066,2,2,1,3,Rue Des Fillettes / Avenue De La Metallurgie,48.9090284,2.36563727
202300008956,20,8,2023,2025-12-05 02:30:00,5,30,30033,2,1,1,6,Chemin De L?Esquillon,43.717582,4.316007
202300008957,7,7,2023,2025-12-05 14:00:00,1,22,22162,2,1,1,7,48 Rue Des 8 Patriotes,48.781741,-3.047671
202300008958,23,11,2023,2025-12-05 07:50:00,1,13,13208,2,1,1,2,Clot Bey (Avenue),43.25594,5.38167
202300008959,31,12,2023,2025-12-05 13:15:00,1,974,97407,2,9,1,1,Londres (Rue),-20.9429,55.2953
202300008960,3,6,2023,2025-12-05 16:20:00,1,64,64483,2,1,1,3,Thiers Adolphe (Boulevard),43.3904,-1.65906
202300008961,16,8,2023,2025-12-05 03:20:00,5,30,30037,2,1,1,6,Route De Revety,44.277105,4.132945
202300008962,22,11,2023,2025-12-05 17:15:00,5,13,13204,2,1,1,6,Henri Barbusse (Rue),43.3,5.4
202300008963,21,3,2023,2025-12-05 15:00:00,1,93,93048,2,3,1,1,Boulevard De La Boissiere / Rue Edouard Branly,48.87686,2.46511
202300008964,31,12,2023,2025-12-05 21:57:00,3,973,97302,1,1,1,2,Collery (Zone Industrielle),4.90349,-52.31629
202300008965,4,6,2023,2025-12-05 12:00:00,1,59,59332,2,1,1,6,Tournai (Rue De),50.66728,3.21126
202300008966,8,7,2023,2025-12-05 11:50:00,1,59,59557,1,1,1,5,Autoroute A2,50.3506317,3.577251
202300008967,19,8,2023,2025-12-05 01:20:00,3,30,30248,1,2,1,3,D982,43.985806,4.272137
202300008968,31,12,2023,2025-12-05 01:39:00,3,2B,2B033,1,1,1,7,St Florent-Ancienne Rt De,42.68127,9.39946
202300008969,21,3,2023,2025-12-05 18:20:00,1,93,93006,2,1,1,3,Rue Des Loriettes,48.87188,2.419421
202300008970,10,7,2023,2025-12-05 21:15:00,2,75,75114,1,1,1,6,A6A,48.818994,2.33117
202300008971,22,11,2023,2025-12-05 11:50:00,1,10,10357,2,9,7,2,Rocade Est (Rd 610),48.295647,4.137345
202300008972,31,12,2023,2025-12-05 17:00:00,1,971,97101,1,1,1,7,Rn1 Rocade De Chauvel,16.2390203,-61.52378082
202300008973,4,6,2023,2025-12-05 17:35:00,1,59,59636,2,1,1,7,Bondues Rue De,50.69635,3.06628
202300008974,21,3,2023,2025-12-05 20:00:00,5,93,93079,2,1,1,6,Rue Pasteur,48.960854,2.351653
202300008975,17,8,2023,2025-12-05 16:20:00,1,48,48065,1,1,7,1,Adresse_Inconnue,44.21577,3.528977
202300008976,13,10,2023,2025-12-05 16:17:00,1,6,6069,2,1,1,6,Capucins (Chemin Et Impasse Des),43.65212,6.92987
202300008977,31,12,2023,2025-12-05 05:50:00,2,971,97101,1,1,1,2,Rn1 Rocade De Chauvel,16.23599,-61.5232
202300008978,10,7,2023,2025-12-05 17:05:00,1,91,91228,1,1,1,4,Autoroute A6,48.62418,2.41915
202300008979,20,3,2023,2025-12-05 17:05:00,1,93,93057,2,1,1,6,Avenue Aristide Briand,48.9076692,2.4933292
202300008980,4,6,2023,2025-12-05 12:00:00,1,54,54431,1,9,1,3,Rue Du Bois Le Pretre,48.92157,6.04018
202300008981,19,8,2023,2025-12-05 03:50:00,3,48,48070,1,1,1,6,D985,44.798341,3.626063
202300008982,31,12,2023,2025-12-05 02:50:00,5,971,97113,1,1,1,7,Grand Baie ( Rn4),16.21822,-61.51276
202300008983,21,11,2023,2025-12-05 10:20:00,1,6,6069,2,1,1,6,Grand Chene (Chemin Du),43.66667,6.91667
202300008984,10,7,2023,2025-12-05 19:00:00,1,91,91161,1,1,1,2,Autoroute A6,48.69896,2.31265
202300008985,31,12,2023,2025-12-05 14:57:00,1,2A,2A004,2,1,1,3,Diamant I Rce Av Pascal Rossini,41.91695202,8.73679563
202300008986,16,8,2023,2025-12-05 11:30:00,1,8,8218,1,1,1,3,Adresse_Inconnue,49.8692,4.843415
202300008987,22,11,2023,2025-12-05 09:35:00,1,6,6027,2,1,1,6,Alpes Avenue Des,43.6622,7.13222
202300008988,21,3,2023,2025-12-05 16:25:00,1,92,92033,2,3,1,3,Dix Neuf Janvier,48.849986,2.197777
202300008989,10,7,2023,2025-12-05 16:40:00,1,91,91377,2,2,1,2,Rn20,48.72988,2.30042
202300008990,20,8,2023,2025-12-05 17:30:00,1,88,88426,2,1,1,7,Rue Du Ballon D'Alsace,47.836645,6.834548
202300008991,30,12,2023,2025-12-05 17:55:00,2,95,95280,2,7,1,3,D47A,49.01118077,2.48385832
202300008992,21,3,2023,2025-12-05 02:40:00,3,92,92051,2,1,1,6,"Charles De Gaulle (Avenue,Ndeg118 A 192 +",48.88263572,2.26741299
202300008993,23,11,2023,2025-12-05 11:30:00,1,6,6004,1,1,1,6,Vautrin Bd Du General,43.583953,7.11819
202300008994,10,7,2023,2025-12-05 18:30:00,1,91,91286,1,1,1,3,Autoroute A6,48.65744,2.37643
202300008995,16,8,2023,2025-12-05 12:15:00,1,68,68252,1,1,1,2,Rd83,48.153382,7.374594
202300008996,31,12,2023,2025-12-05 18:20:00,5,95,95428,2,1,1,6,Charles De Gaulle (Avenue De),48.973495,2.310835
202300008997,21,3,2023,2025-12-05 07:06:00,1,92,92050,2,3,2,6,Fontanot Rue Des Trois,48.89567167,2.22208411
202300008998,22,11,2023,2025-12-05 18:30:00,5,5,5061,2,1,1,4,Commandant Dumont ( Avenue),44.56902,6.08331
202300008999,9,7,2023,2025-12-05 12:03:00,1,78,78498,1,1,2,5,A13,48.905727,2.005148
202300009000,20,8,2023,2025-12-05 13:38:00,1,10,10240,1,1,1,6,A5,48.271354,3.936056
202300009001,30,12,2023,2025-12-05 11:35:00,1,84,84087,2,9,7,6,Gaulle (Avenue Charles De),44.136,4.804
202300009002,8,7,2023,2025-12-05 19:17:00,1,78,78498,1,1,1,3,A13,48.91444,2.00557
202300009003,22,11,2023,2025-12-05 07:44:00,1,5,5061,2,1,1,6,Georges Pompidou ( Bd),44.55636,6.07923
202300009004,18,8,2023,2025-12-05 17:10:00,1,24,24086,1,1,1,7,Combe Longue,44.794544,1.135175
202300009005,21,3,2023,2025-12-05 17:15:00,1,92,92026,2,1,1,3,Georges Clemenceau,48.90282815,2.27320218
202300009006,8,7,2023,2025-12-05 01:50:00,3,78,78322,1,1,1,6,Rn12,48.78705,2.14857
202300009007,31,12,2023,2025-12-05 18:40:00,5,83,83034,2,9,1,1,Avenue De Font Brun,43.08537,6.09948
202300009008,20,11,2023,2025-12-05 18:30:00,5,3,3310,2,1,2,6,Avenue Des Celestins,46.1225,3.42797
202300009009,10,7,2023,2025-12-05 02:43:00,3,95,95572,1,1,1,1,A15,49.03327,2.11153
202300009010,21,8,2023,2025-12-05 04:51:00,3,45,45036,1,1,1,7,A77 Pr 54 + 511,47.766618,2.715769
202300009011,20,3,2023,2025-12-05 07:40:00,1,92,92025,2,1,1,6,Gabriel Peri (Rue),48.92314448,2.25123435
202300009012,30,12,2023,2025-12-05 09:45:00,1,83,83069,2,1,1,3,Sere De Riviere (Rue),43.11836,6.12234
202300009013,10,7,2023,2025-12-05 09:15:00,1,94,94069,1,1,1,2,A4,48.81743988,2.42118259
202300009014,19,8,2023,2025-12-05 11:30:00,1,3,3104,1,1,1,2,"Autoroute A71, Pk307+200, Sens 1",46.348949,2.840331
202300009015,23,11,2023,2025-12-05 17:45:00,2,75,75117,2,1,1,3,Porte D Asnieres,48.89261,2.302462
202300009016,21,3,2023,2025-12-05 11:05:00,1,92,92019,2,1,1,6,Renoir Auguste (Allee),48.76505788,2.26496726
202300009017,20,8,2023,2025-12-05 13:45:00,1,65,65389,1,1,1,6,A64,43.10667,0.466034
202300009018,31,12,2023,2025-12-05 07:55:00,2,78,78502,2,3,2,3,Bellevue (Rue De),48.8774,2.10648
202300009019,21,3,2023,2025-12-05 06:35:00,2,92,92019,2,1,2,1,Sully Pru'Dhomme (Avenue),48.77357,2.28669
202300009020,23,11,2023,2025-12-05 08:20:00,1,75,75115,2,1,2,4,Porte D Issy,48.835142,2.269365
202300009021,31,12,2023,2025-12-05 19:45:00,3,78,78015,1,1,1,1,Rd Point Rd55/Triel/Andresy,48.980332,2.049466
202300009022,21,3,2023,2025-12-05 07:05:00,2,92,92004,2,2,1,3,Docteur Dervaux  ( Quai Du ),48.9110459,2.2985217
202300009023,20,8,2023,2025-12-05 18:55:00,1,18,18148,1,1,1,4,Adresse_Inconnue,47.204048,2.03519
202300009024,21,3,2023,2025-12-05 05:10:00,5,92,92014,2,1,2,6,General Leclerc (Av.) (1 A 55Bis - 2 A 4,48.77888,2.31781
202300009025,29,12,2023,2025-12-05 09:27:00,1,77,77132,2,1,1,2,Av Robert Schuman,48.87183649,2.79765769
202300009026,22,11,2023,2025-12-05 22:40:00,5,75,75113,2,1,1,6,Porte D Ivry,48.818263,2.369457