num_acc,jour,mois,an,hrmn,lum,dep,com,agg,int,atm,col,adr,lat,long
202300009027,20,8,2023,2025-12-05 06:07:00,2,35,35353,1,6,5,6,Les Petites Hayes,48.12117235,-1.774638
202300009028,31,12,2023,2025-12-05 23:15:00,5,77,77464,2,1,1,1,Claye  (Rue De  ),48.89318817,2.70829866
202300009029,22,3,2023,2025-12-05 06:10:00,2,6,6114,2,1,1,1,Quai De La Banquiere,43.739782,7.287611
202300009030,16,8,2023,2025-12-05 04:00:00,5,78,78455,2,1,1,7,D307,48.842574,2.057538
202300009031,22,3,2023,2025-12-05 15:50:00,1,83,83148,1,1,7,2,Autoroute A 8,43.40549979,6.41098891
202300009032,30,12,2023,2025-12-05 20:15:00,5,76,76259,2,3,1,1,Leborgne ( Rue Charles),49.756,0.376
202300009033,22,3,2023,2025-12-05 11:30:00,1,28,28103,2,9,8,6,Rue Saint Michel,47.994556,1.229042
202300009034,17,8,2023,2025-12-05 20:15:00,1,34,34153,1,1,1,5,D986,43.732647,3.793298
202300009035,31,12,2023,2025-12-05 17:00:00,1,72,72181,2,3,1,3,Premartine (Rue) Ndeg Imp 185 Et >,48.00892,0.21976
202300009036,21,3,2023,2025-12-05 22:00:00,3,972,97222,1,1,1,1,D1,14.691267,-60.950968
202300009037,18,8,2023,2025-12-05 21:00:00,3,6,6152,1,1,1,2,Route Du Parc,43.613246,7.045609
202300009038,31,12,2023,2025-12-05 18:30:00,5,66,66136,2,2,1,3,Avenue De Grande-Bretagne,42.69881,2.87777
202300009039,19,8,2023,2025-12-05 11:30:00,1,6,6152,1,1,1,3,Route De Biot,43.643055,7.050176
202300009040,14,3,2023,2025-12-05 14:55:00,1,974,97414,1,1,1,6,Rn5,-21.284636,55.42256
202300009041,26,12,2023,2025-12-05 17:40:00,5,62,62197,2,9,1,2,D341,50.48819,2.46441
202300009042,22,3,2023,2025-12-05 06:00:00,3,44,44051,1,1,8,7,Adresse_Inconnue,47.6395608,-1.6535067
202300009043,19,8,2023,2025-12-05 16:15:00,1,66,66195,1,1,1,7,Adresse_Inconnue,42.67872314,2.79681176
202300009044,31,12,2023,2025-12-05 15:15:00,1,62,62510,2,1,2,6,D58,50.42157818,2.80032382
202300009045,21,3,2023,2025-12-05 13:23:00,1,47,47233,2,1,1,6,Avenue De Graveyron,44.53109,0.09454
202300009046,12,8,2023,2025-12-05 19:20:00,1,90,90076,1,1,1,7,A36,47.645297,6.907868
202300009047,30,12,2023,2025-12-05 11:40:00,1,59,59220,2,9,1,3,Egalite Rue De L,50.584212,3.08302
202300009048,21,3,2023,2025-12-05 11:15:00,1,95,95026,1,1,2,5,Rd 909,49.14950377,2.37959152
202300009049,20,8,2023,2025-12-05 21:20:00,3,6,6088,1,1,1,3,"A8, Pk192+450, Sens Cannes-Nice",43.711506,7.212669
202300009050,31,12,2023,2025-12-05 14:40:00,1,56,56260,2,1,1,3,De Lattre De Tassigny(Avenue Du Marechal,47.64625,-2.75907
202300009051,22,3,2023,2025-12-05 13:00:00,1,76,76315,1,2,2,3,Departementale 71,49.73882259,0.68840504
202300009052,19,8,2023,2025-12-05 15:20:00,1,6,6088,1,1,1,2,"A8, Pk 186+500 Sens Cannes-Nice",43.67519,7.19715
202300009053,31,12,2023,2025-12-05 20:10:00,5,47,47001,2,1,2,3,Riquet (Rue Pierre-Paul De),44.21102,0.64289
202300009054,22,3,2023,2025-12-05 13:00:00,1,2A,2A139,2,1,1,6,Capo Di Lecci,41.68397,9.30763
202300009055,20,8,2023,2025-12-05 21:00:00,2,86,86066,1,1,1,2,A10,46.808015,0.513708
202300009056,22,3,2023,2025-12-05 15:30:00,1,2B,2B123,2,3,1,3,Intersection Rue Des Ecoles - Route De Ghisoni,42.01703,9.40419
202300009057,31,12,2023,2025-12-05 18:45:00,5,47,47001,2,2,1,1,Lacour (Bd Edouard),44.18801,0.63086
202300009058,17,8,2023,2025-12-05 20:00:00,2,38,38375,2,1,1,7,La Berarde,44.935489,6.282592
202300009059,31,12,2023,2025-12-05 18:30:00,5,45,45234,2,2,1,3,58 Rue Porte Madeleine,47.90144,1.89373
202300009060,21,3,2023,2025-12-05 17:50:00,1,65,65375,1,2,7,3,D5,43.372886,0.153819
202300009061,19,8,2023,2025-12-05 02:45:00,3,64,64545,1,1,1,3,"Autoroute A 63, Pk 197.400, Sens Espagne/France",43.349399,-1.718373
202300009062,21,3,2023,2025-12-05 15:10:00,1,12,12154,1,4,1,3,Moulin Neuf,43.886987,2.812913
202300009063,21,8,2023,2025-12-05 14:45:00,1,14,14218,1,1,1,3,A13,49.249375,0.017681
202300009064,31,12,2023,2025-12-05 17:25:00,2,37,37233,2,2,2,5,Colombier (Rue Du),47.38108965,0.73812094
202300009065,21,3,2023,2025-12-05 18:45:00,2,41,41059,2,1,8,7,Avenue Du General De Gaulle,47.426824,1.428089
202300009066,31,12,2023,2025-12-05 03:15:00,5,35,35238,2,2,2,6,Saint-Malo (Rue De),48.12721,-1.68654
202300009067,19,3,2023,2025-12-05 10:00:00,1,86,86023,1,1,1,6,D14,46.89977,0.257442
202300009068,17,8,2023,2025-12-05 17:45:00,1,13,13032,1,9,1,1,D 17 Lieu Dit Les 4 Termes,43.566485,5.346898
202300009069,21,3,2023,2025-12-05 13:00:00,1,86,86160,2,1,1,1,1 Rue Gambetta,46.7847,0.182413
202300009070,29,12,2023,2025-12-05 13:30:00,1,22,22113,2,6,8,3,Buzulzo (Rue De),48.7278,-3.459
202300009071,20,8,2023,2025-12-05 06:10:00,2,38,38193,1,1,1,2,"Autoroute A43, Pk 029.400",45.612476,5.213538
202300009072,31,12,2023,2025-12-05 13:11:00,1,6,6088,2,6,2,3,Mercantour (Bd),43.70239,7.18889
202300009073,31,12,2023,2025-12-05 15:00:00,1,75,75106,2,2,1,2,Rue Du Vieux Colombier,48.851609,2.331126
202300009074,14,3,2023,2025-12-05 17:50:00,1,68,68126,1,1,1,3,Rue De Bale,47.561639,7.545767
202300009075,20,8,2023,2025-12-05 08:30:00,1,13,13105,1,1,1,1,Autoroute A7 - Pk 223.107 - Sens Avignon / Marseille,43.726111,5.089567
202300009076,30,12,2023,2025-12-05 23:30:00,5,75,75120,2,1,1,6,Rue De Menilmontant,48.868846,2.390389
202300009077,20,1,2023,2025-12-05 23:00:00,3,68,68107,1,1,4,7,D103,47.645727,7.1379
202300009078,8,8,2023,2025-12-05 21:35:00,5,13,13051,1,1,1,2,A7,43.595327,5.169089
202300009079,31,12,2023,2025-12-05 16:00:00,1,75,75118,2,9,1,6,Boulevard De Rochechouart,48.882556,2.341915
202300009080,22,3,2023,2025-12-05 08:10:00,1,44,44064,1,1,2,1,1Ter Le Haut Fief,47.0925509,-1.3091325
202300009081,20,8,2023,2025-12-05 07:40:00,1,78,78564,1,1,1,6,A10 Pk31+000 Direction Paris,48.501156,1.90795
202300009082,31,12,2023,2025-12-05 11:30:00,1,75,75118,2,3,1,3,Rue De Clignancourt,48.888418,2.348001
202300009083,18,3,2023,2025-12-05 19:40:00,3,29,29212,2,7,1,6,Rue De Brest,48.37375316,-4.57668275
202300009084,18,8,2023,2025-12-05 08:45:00,1,91,91017,1,1,1,6,Autoroute A10 Pk 013+850 Sens Paris/Province,48.596507,2.05174
202300009085,31,12,2023,2025-12-05 04:45:00,5,75,75111,2,7,3,6,Place De La Bastille,48.85350094,2.36963511
202300009086,22,3,2023,2025-12-05 16:25:00,1,6,6079,2,1,1,6,16 Chemin Jean Aicard,43.558597,6.931695
202300009087,18,8,2023,2025-12-05 21:30:00,3,988,98815,1,1,1,7,Tribu De Nece,-21.47418,167.83582
202300009088,31,12,2023,2025-12-05 14:00:00,1,75,75111,2,3,1,3,Boulevard Richard Lenoir,48.866197,2.369659
202300009089,21,3,2023,2025-12-05 15:15:00,1,60,60560,1,2,1,2,D1324,49.223235,2.739694
202300009090,19,8,2023,2025-12-05 08:30:00,1,988,98809,2,1,1,6,Ouatchia (Tribu),-22.61521,167.49421
202300009091,31,12,2023,2025-12-05 17:10:00,2,75,75110,2,4,1,2,Rue De L Aqueduc,48.880699,2.360246
202300009092,17,8,2023,2025-12-05 17:30:00,2,986,98613,2,1,1,7,Rt 1,-13.29773731,-176.1843485
202300009093,3,3,2023,2025-12-05 13:45:00,1,45,45322,1,1,1,1,D2060 Pr 15 + 285,48.02036115,2.89871156
202300009094,14,8,2023,2025-12-05 18:30:00,2,971,97117,2,1,1,6,Route De La Plage,16.329833,-61.340031
202300009095,18,3,2023,2025-12-05 05:50:00,3,64,64317,1,1,1,7,D88,43.379136,-1.458709
202300009096,31,12,2023,2025-12-05 14:30:00,1,75,75107,2,3,1,3,Rue Du Bac,48.85881,2.328732
202300009097,6,8,2023,2025-12-05 04:25:00,3,971,97126,1,1,1,6,Route De Baliziers,15.953335,-61.24658
202300009098,22,3,2023,2025-12-05 15:00:00,1,16,16070,2,1,1,6,65 Route De Bellevue,45.868115,0.730036
202300009099,31,12,2023,2025-12-05 13:30:00,1,94,94074,2,1,1,6,Rue Du Colonel Fabien,48.74602086,2.46849811
202300009100,22,3,2023,2025-12-05 06:45:00,2,30,30336,1,1,1,7,D126,43.881191,4.631209
202300009101,16,8,2023,2025-12-05 14:40:00,1,971,97115,1,1,1,6,Jaula,16.275165,-61.65933
202300009102,31,12,2023,2025-12-05 13:35:00,1,94,94028,2,1,1,6,Rue Paul Francois Avet,48.793871,2.464228
202300009103,20,8,2023,2025-12-05 12:45:00,1,33,33527,1,1,1,1,20 Rue De Boulange,44.62768,-1.022704
202300009104,22,3,2023,2025-12-05 11:00:00,1,68,68321,2,1,1,3,26 Rue De La Republique,47.827377,7.250676
202300009105,31,12,2023,2025-12-05 12:08:00,1,93,93078,2,9,1,2,Boulevard Robert Ballanger,48.95123018,2.52628148
202300009106,22,3,2023,2025-12-05 07:15:00,1,13,13069,2,1,7,6,47 Av Jean Moulin,43.63296159,5.14211756
202300009107,19,8,2023,2025-12-05 09:00:00,1,33,33527,2,2,1,3,12 Rue De L?Industrie,44.629959,-1.021562
202300009108,31,12,2023,2025-12-05 18:15:00,4,92,92050,2,3,1,3,National Boulevard,48.88498499,2.19069276
202300009109,21,3,2023,2025-12-05 16:30:00,1,6,6085,2,1,1,2,Route De Vallauris,43.593004,7.041324
202300009110,18,8,2023,2025-12-05 19:40:00,1,33,33199,2,2,1,3,Rue Du Marechal Foch,44.633364,-1.079932
202300009111,21,3,2023,2025-12-05 16:45:00,1,21,21684,1,1,1,6,Bifurcation A6/A31,47.03243,4.873418
202300009112,31,12,2023,2025-12-05 20:42:00,5,92,92012,2,2,1,6,Jean Baptiste Clement (Avenue) 49/Fin -,48.84549667,2.23613799
202300009113,20,8,2023,2025-12-05 06:45:00,2,13,13033,1,1,1,1,Departementale 9,43.380864,5.191748
202300009114,22,3,2023,2025-12-05 20:30:00,4,13,13114,1,4,1,6,Route De Roquefavour,43.538193,5.274221
202300009115,20,8,2023,2025-12-05 18:15:00,1,77,77453,1,1,1,7,D408,48.547481,2.76628
202300009116,31,12,2023,2025-12-05 17:00:00,1,63,63189,1,1,4,7,Route Departementale D922,45.656663,2.746818
202300009117,31,12,2023,2025-12-05 18:45:00,3,67,67478,1,1,1,7,D283,48.744326,7.429537
202300009118,17,8,2023,2025-12-05 19:37:00,1,77,77252,1,2,1,3,D619 - Chemin De Soignolles,48.631955,2.685492
202300009119,22,3,2023,2025-12-05 10:45:00,1,69,69118,2,3,1,1,166 Route De Beaucaire,45.567493,4.799969
202300009120,31,12,2023,2025-12-05 23:25:00,3,54,54476,1,1,6,6,D176,49.45253139,5.46625614
202300009121,20,3,2023,2025-12-05 15:20:00,1,33,33496,2,6,1,3,Avenue Du Perigord,44.831526,-0.399671
202300009122,17,8,2023,2025-12-05 11:30:00,1,77,77175,1,3,1,3,D48 - D35,48.647392,2.671724
202300009123,31,12,2023,2025-12-05 15:50:00,1,87,87201,1,1,2,6,N141,45.865315,1.127343
202300009124,19,8,2023,2025-12-05 02:59:00,5,2B,2B079,2,1,1,1,Route Territoriale 20,42.48001,9.279295
202300009125,31,12,2023,2025-12-05 17:55:00,5,66,66017,1,1,1,2,D83,42.82482688,3.032763
202300009126,20,8,2023,2025-12-05 15:30:00,1,2B,2B042,1,1,1,7,Rt11,42.564832,9.454315
202300009127,21,3,2023,2025-12-05 22:00:00,3,77,77344,1,2,1,6,N330,49.052678,2.786307
202300009128,31,12,2023,2025-12-05 20:12:00,5,44,44015,2,1,2,6,33 Route De Nozay,47.47891,-1.757694
202300009129,22,3,2023,2025-12-05 11:16:00,1,95,95141,2,1,2,3,D983,49.13264488,1.78906775
202300009130,31,12,2023,2025-12-05 18:00:00,3,24,24538,1,1,2,3,Tute Basse,44.809753,0.999509
202300009131,16,8,2023,2025-12-05 06:55:00,2,2B,2B355,1,1,1,2,T20,42.514116,9.393144
202300009132,21,3,2023,2025-12-05 07:25:00,1,83,83065,2,1,1,1,D98A,43.259569,6.591502
202300009133,29,6,2023,2025-12-05 13:00:00,1,26,26220,1,9,1,3,D538,44.354998,5.137101
202300009134,17,8,2023,2025-12-05 10:40:00,1,2A,2A041,2,1,1,3,Avenue Sylver Bohn,41.394353,9.163472
202300009135,21,8,2023,2025-12-05 15:00:00,1,66,66008,1,1,1,6,Adresse_Inconnue,42.547485,2.996725
202300009136,22,3,2023,2025-12-05 03:15:00,3,54,54318,1,1,1,6,D90,48.74255,6.049851
202300009137,30,12,2023,2025-12-05 15:15:00,1,13,13212,1,1,1,5,A507 Sens Aubagne- Marseille,43.3091,5.425
202300009138,19,8,2023,2025-12-05 23:15:00,3,66,66037,2,3,1,6,Adresse_Inconnue,42.697795,3.032127
202300009139,31,12,2023,2025-12-05 17:10:00,1,33,33249,1,1,2,7,Route Nationale 230,44.88139406,-0.51122599
202300009140,19,8,2023,2025-12-05 05:15:00,2,34,34151,1,6,1,6,Rd 61,43.596566,4.10547
202300009141,20,1,2023,2025-12-05 14:00:00,1,73,73094,1,1,1,6,D71A,45.793442,6.487598
202300009142,31,12,2023,2025-12-05 15:10:00,1,75,75114,1,1,1,6,A6A,48.81710442,2.33469325
202300009143,18,8,2023,2025-12-05 11:50:00,1,34,34344,2,1,1,6,Allee Andre Malraux,43.561743,4.087531
202300009144,22,3,2023,2025-12-05 17:45:00,1,1,1249,1,3,1,6,Route De Tramoyes,45.85232717,4.95871916
202300009145,20,8,2023,2025-12-05 17:30:00,1,34,34256,1,1,1,7,Adresse_Inconnue,43.702754,4.022788
202300009146,30,12,2023,2025-12-05 18:25:00,3,91,91340,1,1,1,5,Autoroute A6,48.60044,2.43915
202300009147,16,8,2023,2025-12-05 19:05:00,1,84,84016,2,1,1,6,Avenue De La Gare,44.040743,4.894291
202300009148,31,12,2023,2025-12-05 14:15:00,1,95,95252,1,1,1,3,Autoroute A115,48.98492453,2.24170914
202300009149,22,3,2023,2025-12-05 08:15:00,1,69,69188,1,1,1,1,Route Departementale 313,45.933796,4.440376
202300009150,16,8,2023,2025-12-05 10:15:00,1,83,83127,1,1,1,7,D2,43.287296,5.849082
202300009151,21,3,2023,2025-12-05 18:15:00,1,40,40244,2,3,1,3,Route De La Foret,43.679133,-1.153393
202300009152,16,8,2023,2025-12-05 18:35:00,1,83,83068,1,1,1,3,D558,43.276588,6.509888
202300009153,30,12,2023,2025-12-05 10:15:00,1,976,97611,1,1,1,6,Vahibe-Departementale 3 ( Route ),-12.7861,45.17439
202300009154,19,8,2023,2025-12-05 19:10:00,1,6,6070,2,1,1,6,2421 Boulevard Du Grand Pre,43.83348,6.964756
202300009155,30,12,2023,2025-12-05 06:15:00,1,974,97411,2,1,1,6,Gare Routiere (De La),-20.87705,55.45647
202300009156,19,8,2023,2025-12-05 11:50:00,1,5,5177,1,1,1,1,D902,44.583239,6.682885
202300009157,30,12,2023,2025-12-05 11:40:00,1,973,97302,2,1,1,2,Mandela  (Boulevard),4.93670258,-52.32594162
202300009158,21,3,2023,2025-12-05 16:45:00,1,33,33535,2,1,1,5,60 Avenue De Branne,44.837734,-0.486885
202300009159,18,8,2023,2025-12-05 21:40:00,5,5,5006,2,6,1,3,Avenue Charles De Gaulle,44.7906,6.557599
202300009160,2,3,2023,2025-12-05 17:50:00,1,27,27397,2,1,1,6,Rue Aristide Briand,49.033233,1.367709
202300009161,30,12,2023,2025-12-05 11:10:00,1,69,69383,2,3,1,5,Rue Desaix,45.75744,4.85465
202300009162,9,8,2023,2025-12-05 12:15:00,1,13,13053,1,2,1,3,D7N,43.72936,5.150818
202300009163,29,12,2023,2025-12-05 04:20:00,5,972,97209,1,1,1,6,Ravine Vilaine (Chemin Departemental De),14.64761,-61.05961
202300009164,9,8,2023,2025-12-05 15:59:00,1,13,13086,2,9,1,1,Avenue Du Repos,43.342115,5.603399
202300009165,30,12,2023,2025-12-05 20:30:00,5,95,95203,2,3,1,3,D909,48.98802,2.27384
202300009166,16,8,2023,2025-12-05 18:50:00,1,13,13085,1,4,1,7,Route De La Ciotat,43.241615,5.594031
202300009167,18,8,2023,2025-12-05 21:30:00,3,13,13052,1,1,1,2,D5,43.824616,4.796087
202300009168,21,3,2023,2025-12-05 01:55:00,5,13,13015,1,1,1,3,A51-Sens Aix En Provence Vers Marseille,43.44167517,5.39607474
202300009169,14,12,2023,2025-12-05 09:30:00,1,83,83123,2,3,1,5,Gare (Route),43.12154,5.82032
202300009170,20,9,2023,2025-12-05 17:00:00,1,60,60057,2,3,1,3,Rue Du Docteur Schweitzer,49.41412,2.1061
202300009171,19,8,2023,2025-12-05 12:20:00,1,13,13074,1,6,1,3,Rd96,43.64625,5.590389
202300009172,16,1,2023,2025-12-05 23:00:00,5,83,83144,1,1,1,2,A57,43.13378696,5.98583722
202300009173,30,12,2023,2025-12-05 16:00:00,1,74,74119,1,3,1,3,Corniche (Route De La)  Cd21,46.386,6.58
202300009174,20,9,2023,2025-12-05 18:25:00,1,59,59386,2,6,1,6,Cassel Rue De,50.67198,3.04605
202300009175,20,3,2023,2025-12-05 23:24:00,3,38,38087,1,1,1,6,A7,45.57382,4.80877
202300009176,16,8,2023,2025-12-05 16:30:00,1,13,13041,2,3,1,3,Chemin De La Garde,43.462794,5.483358
202300009177,30,12,2023,2025-12-05 14:01:00,1,73,73011,2,1,1,2,Pierre Du Roy (Chemin De La),45.66678247,6.3938427
202300009178,21,3,2023,2025-12-05 16:15:00,1,33,33013,1,1,1,6,Route Nationale 89,44.86784368,-0.47372103
202300009179,20,9,2023,2025-12-05 13:45:00,1,58,58194,2,1,1,2,Georges Pompidou (Rond Point),47.00091,3.15599
202300009180,18,8,2023,2025-12-05 11:55:00,1,89,89263,1,1,1,2,A6 Pk 158+600,47.843803,3.610586
202300009181,29,12,2023,2025-12-05 18:15:00,5,72,72181,2,6,8,2,Demorieux (Bd) Entre Huisne Et Rd-Point,47.9803,0.17667
202300009182,20,3,2023,2025-12-05 06:48:00,2,33,33065,1,1,1,6,Route Nationale 230,44.8126,-0.52115
202300009183,20,8,2023,2025-12-05 11:00:00,1,68,68269,1,1,1,6,Rd 11.V,48.193614,7.22497
202300009184,19,9,2023,2025-12-05 15:30:00,1,56,56098,2,6,1,3,Sembat (Rue Marcel),47.76172,-3.34695
202300009185,30,12,2023,2025-12-05 20:55:00,5,71,71076,2,1,1,3,Sabatier (Rue Paul),46.81235,4.85529
202300009186,21,3,2023,2025-12-05 16:40:00,1,78,78571,1,1,1,2,A13,48.874209,2.023938
202300009187,18,8,2023,2025-12-05 20:50:00,2,67,67074,2,1,1,6,3 Rue Des Vignes,49.00605581,7.88294001
202300009188,18,9,2023,2025-12-05 15:50:00,1,54,54395,2,2,3,3,Rue De Graffigny,48.68312,6.171458
202300009189,29,12,2023,2025-12-05 19:55:00,5,70,70550,1,6,1,2,Vaugine (Rond Point De La),47.64052,6.14407
202300009190,17,8,2023,2025-12-05 21:50:00,5,88,88076,2,1,1,1,4 Rue De L'Hotel De Ville,48.234247,6.732012
202300009191,21,3,2023,2025-12-05 17:30:00,1,78,78431,1,1,1,2,A13,48.943088,1.9517
202300009192,19,9,2023,2025-12-05 15:50:00,1,51,51454,2,1,1,6,Paix (Boulevard De La),49.25386,4.04082
202300009193,21,8,2023,2025-12-05 19:20:00,1,55,55258,1,1,7,6,D908,48.772087,5.738297
202300009194,30,12,2023,2025-12-05 11:15:00,1,66,66136,2,1,1,6,Julien Panchot (Avenue),42.69248526,2.88526565
202300009195,20,3,2023,2025-12-05 16:15:00,1,95,95042,1,1,1,6,Rn 104,49.058399,2.284542
202300009196,17,8,2023,2025-12-05 18:00:00,1,54,54584,1,1,1,6,D10A,48.73946,5.963785
202300009197,20,3,2023,2025-12-05 00:20:00,3,92,92078,1,1,1,6,Autoroute A86,48.9311293,2.32352796
202300009198,19,9,2023,2025-12-05 21:20:00,5,49,49007,2,2,1,3,Bressigny,47.46638,-0.54767
202300009199,30,12,2023,2025-12-05 23:00:00,5,64,64122,2,2,1,3,De Lattre De Tassigny Mal (Av),43.48099831,-1.53528236
202300009200,17,8,2023,2025-12-05 16:35:00,1,57,57561,1,1,1,7,D83,48.991419,7.266279
202300009201,19,3,2023,2025-12-05 02:15:00,3,93,93064,1,1,9,2,Autoroute A86,48.86737315,2.48181211
202300009202,30,12,2023,2025-12-05 17:30:00,2,64,64102,2,6,1,6,Frais (Chemin De ),43.48304,-1.44994
202300009203,19,9,2023,2025-12-05 18:20:00,1,49,49246,2,1,1,2,A87N,47.43323067,-0.50748467
202300009204,14,8,2023,2025-12-05 19:00:00,1,57,57159,1,3,1,5,D19,49.04832,6.581519
202300009205,20,9,2023,2025-12-05 08:55:00,1,45,45232,2,6,1,6,Rue De Bourges,47.8452791,1.91617441
202300009206,18,3,2023,2025-12-05 22:10:00,3,93,93073,1,1,1,2,Autoroute A104,48.96795,2.56422
202300009207,30,12,2023,2025-12-05 15:00:00,1,64,64102,2,1,1,4,Rond-Point Des Allees Marines,43.4971,-1.48319
202300009208,19,8,2023,2025-12-05 18:48:00,1,3,3006,1,1,1,3,Rd207,46.125694,3.705128
202300009209,19,9,2023,2025-12-05 19:25:00,1,45,45208,2,1,1,7,8 Rue De La Sirene,48.000861,2.727462
202300009210,21,3,2023,2025-12-05 17:15:00,1,93,93051,1,1,1,2,A4,48.83584948,2.56275053
202300009211,17,8,2023,2025-12-05 14:45:00,1,73,73232,1,1,1,6,D902,45.56304462,6.89274203
202300009212,30,12,2023,2025-12-05 04:45:00,5,59,59599,2,1,1,6,Piats (Rue Des),50.72312,3.17173
202300009213,14,9,2023,2025-12-05 18:00:00,1,45,45338,2,2,1,3,1 Rue Frederic Mistral,47.98588,2.71432
202300009214,18,8,2023,2025-12-05 05:00:00,5,42,42147,2,3,1,6,Montee De Rigaud,45.603717,4.068887
202300009215,21,3,2023,2025-12-05 16:15:00,1,94,94069,1,1,1,5,A4,48.81731613,2.44009667
202300009216,30,12,2023,2025-12-05 03:25:00,5,59,59508,2,9,1,-1,Tourcoing (Rue De),50.73645,3.12647
202300009217,11,9,2023,2025-12-05 16:00:00,1,42,42095,2,1,7,6,Rue Verdie,45.38972489,4.28416014
202300009218,11,7,2023,2025-12-05 11:50:00,1,26,26116,2,1,1,1,Avenue Des Dolia,44.438851,4.712861
202300009219,21,3,2023,2025-12-05 09:40:00,1,94,94073,1,1,1,2,A86,48.77122081,2.38978389
202300009220,30,12,2023,2025-12-05 13:50:00,1,54,54274,2,1,1,1,Rue De La Republique,48.66879958,6.20775282
202300009221,15,8,2023,2025-12-05 21:30:00,3,7,7156,1,1,1,6,Departementale 536,44.67107414,4.28713091
202300009222,29,12,2023,2025-12-05 20:00:00,5,52,52121,2,1,1,6,Republique (Avenue),48.10395,5.14376
202300009223,21,3,2023,2025-12-05 09:25:00,1,94,94018,1,1,1,4,A4,48.81980862,2.40430844
202300009224,20,9,2023,2025-12-05 20:20:00,5,38,38421,2,3,1,3,Avenue Gabriel Peri,45.1821266,5.77808709
202300009225,30,12,2023,2025-12-05 19:40:00,5,33,33069,2,1,1,6,Avenue D'Eysines,44.85962,-0.60803
202300009226,18,8,2023,2025-12-05 08:40:00,1,69,69206,1,3,1,3,Route Departementale 306,46.04970899,4.72207808
202300009227,7,9,2023,2025-12-05 10:15:00,1,38,38053,2,1,1,6,Republique,45.585,5.273
202300009228,20,3,2023,2025-12-05 11:10:00,1,93,93073,2,3,1,1,Rue De L'Orme Benoit / Rue De L'Estrelle,48.97796,2.56298
202300009229,17,8,2023,2025-12-05 14:30:00,1,69,69032,1,1,1,1,Route De Paris,45.84383395,4.57947313
202300009230,14,9,2023,2025-12-05 20:30:00,5,35,35288,2,6,1,6,Juin Marechal  (Avenue),48.64903,-1.97716
202300009231,30,12,2023,2025-12-05 20:20:00,5,31,31555,2,3,1,3,Av De Muret,43.59083,1.43303
202300009232,18,3,2023,2025-12-05 07:40:00,2,76,76351,2,1,2,6,Huit Mai 1945 (Avenue Du),49.51576,0.17093
202300009233,16,8,2023,2025-12-05 08:35:00,1,65,65006,1,1,1,7,Hourquette D'Ancizan,42.91018,0.286873
202300009234,20,9,2023,2025-12-05 12:10:00,1,33,33249,2,6,1,3,Rue Francois Villon,44.87135,-0.5164
202300009235,13,8,2023,2025-12-05 12:20:00,1,65,65059,1,1,1,3,Rd 918 - Lieu-Dit La Mongie - Pr 045.100,42.910533,0.175738
202300009236,18,3,2023,2025-12-05 11:30:00,1,973,97302,2,1,1,2,14 Et 22 Juin 1962,4.93451124,-52.3272475
202300009237,20,9,2023,2025-12-05 19:45:00,1,31,31555,2,1,1,6,Avenue Jacques Chirac,43.60692,1.47317
202300009238,17,3,2023,2025-12-05 22:00:00,5,973,97302,2,1,1,3,Cabassou (Route De),4.9203,-52.32047
202300009239,18,8,2023,2025-12-05 14:50:00,1,46,46070,1,1,1,6,Autorouroute A20 Pk 370+000 Sens Paris - Toute,44.37656738,1.50748602
202300009240,30,12,2023,2025-12-05 18:30:00,5,22,22360,2,1,2,1,Seguin (Rue Marc),48.48582,-2.71617
202300009241,20,9,2023,2025-12-05 11:57:00,1,31,31483,1,1,1,6,Gaulle (Boulevard Charles De),43.10923,0.72371
202300009242,20,3,2023,2025-12-05 17:30:00,1,69,69383,1,3,1,1,80 Rue Du Dauphine,45.75263552,4.8688282
202300009243,20,9,2023,2025-12-05 13:45:00,1,30,30007,2,1,1,7,Chemin Des Sports,44.11209,4.09291
202300009244,20,8,2023,2025-12-05 13:30:00,1,31,31324,2,1,1,3,La Riviere,43.183001,0.974028
202300009245,20,3,2023,2025-12-05 18:10:00,1,69,69383,2,1,1,4,Pont Lafayette,45.76355,4.84031
202300009246,17,8,2023,2025-12-05 18:40:00,1,17,17452,2,1,7,4,D25,45.792529,-1.178445
202300009247,11,8,2023,2025-12-05 21:30:00,5,17,17452,2,1,1,7,74 Rue Bouffard,45.762417,-1.150962
202300009248,20,8,2023,2025-12-05 12:54:00,1,27,27681,1,1,1,7,Evreux (Route D'),49.07691,1.46337
202300009249,20,3,2023,2025-12-05 08:30:00,1,972,97213,1,1,3,2,Route Nationale 1,14.614222,-61.010325
202300009250,20,8,2023,2025-12-05 08:00:00,1,17,17240,1,1,7,2,Allee Du Lac,45.273471,-0.402278
202300009251,19,3,2023,2025-12-05 11:50:00,1,972,97213,1,1,1,6,Vieux Chemin Californie (Rue Du),14.62158,-61.03284
202300009252,20,9,2023,2025-12-05 19:47:00,1,27,27229,2,1,1,3,Bart (Rue Jean),49.0276,1.17131
202300009253,17,8,2023,2025-12-05 21:40:00,3,86,86079,1,2,1,6,Voie Communale 5,46.967712,0.148766
202300009254,17,3,2023,2025-12-05 23:30:00,5,972,97213,1,1,1,7,Autoroute A1,14.61795,-61.03119