num_acc,jour,mois,an,hrmn,lum,dep,com,agg,int,atm,col,adr,lat,long
202300009255,20,9,2023,2025-12-05 20:25:00,5,25,25056,2,1,1,6,Mirabeau Rue,47.249596,6.058461
202300009256,19,8,2023,2025-12-05 11:38:00,1,33,33293,1,1,1,6,5 Route De La Poste,44.877806,-0.411429
202300009257,21,3,2023,2025-12-05 00:30:00,5,69,69382,2,1,1,4,Quai Docteur Gailleton,45.7511,4.83249
202300009258,24,7,2023,2025-12-05 13:30:00,1,33,33492,2,2,1,3,D250,45.142412,-0.386732
202300009259,20,9,2023,2025-12-05 12:00:00,1,25,25056,2,4,1,3,Pontarlier Rue De,47.23606,6.02997
202300009260,18,3,2023,2025-12-05 16:30:00,1,69,69034,2,1,1,6,47 Quai Clemenceau,45.79587,4.83081
202300009261,17,8,2023,2025-12-05 10:50:00,1,33,33284,1,1,1,6,Route De Villemore,44.549512,-0.987288
202300009262,19,8,2023,2025-12-05 19:15:00,1,33,33436,1,1,7,3,24 Route De Bordeaux,44.543088,-0.645125
202300009263,20,3,2023,2025-12-05 14:58:00,1,2A,2A004,2,1,2,4,Route Du Stiletto,41.94608,8.76844
202300009264,16,8,2023,2025-12-05 18:00:00,1,85,85226,2,1,1,6,159 Avenue De La Foret,46.715463,-1.973768
202300009265,20,9,2023,2025-12-05 17:30:00,2,22,22106,2,1,3,4,Rn12,48.50132,-2.72846
202300009266,20,3,2023,2025-12-05 14:00:00,1,2A,2A004,2,1,1,3,Bonaparte Lucien  Cours,41.91163,8.72227
202300009267,19,8,2023,2025-12-05 20:30:00,1,85,85003,1,1,1,7,La Grelerie,46.738125,-1.532743
202300009268,20,9,2023,2025-12-05 16:14:00,1,22,22278,2,9,2,6,Saint-Benoit (Et Espace),48.51484,-2.7572
202300009269,20,3,2023,2025-12-05 10:49:00,1,2A,2A004,2,3,1,1,Mont Thabor Rue Du,41.93681,8.75728
202300009270,17,3,2023,2025-12-05 19:30:00,2,88,88160,2,1,1,6,5 Route De Jeuxey,48.19317,6.45322
202300009271,19,8,2023,2025-12-05 00:00:00,3,49,49301,1,1,1,6,D158,47.08904903,-1.03638321
202300009272,19,9,2023,2025-12-05 18:00:00,1,19,19031,2,1,1,5,Roche (Rue Marcelin),45.16492,1.531
202300009273,18,3,2023,2025-12-05 20:23:00,5,87,87085,2,6,1,7,Foch (Rue Du Marechal),45.84464,1.23082
202300009274,20,3,2023,2025-12-05 12:15:00,1,85,85191,2,3,1,6,Rd37 Rue Abbe Pierre Arnaud,46.67961,-1.42161
202300009275,20,9,2023,2025-12-05 12:00:00,1,13,13103,2,2,1,3,Chemin Du Quintin,43.63489,5.09029
202300009276,20,3,2023,2025-12-05 19:32:00,5,79,79191,2,3,1,2,Adresse_Inconnue,46.32942,-0.45392
202300009277,20,9,2023,2025-12-05 21:07:00,5,13,13211,2,3,2,2,Emmanuel Allard (Rue),43.29005188,5.44103025
202300009278,16,3,2023,2025-12-05 08:10:00,1,73,73011,2,3,1,3,Camping (Avenue Du),45.6772713,6.39516771
202300009279,20,9,2023,2025-12-05 11:50:00,1,13,13203,2,2,8,1,Docteur Leon Perrin (Rue),43.315,5.389
202300009280,20,3,2023,2025-12-05 17:03:00,1,64,64445,2,6,1,3,Leon Berard,43.31322,-0.36887
202300009281,20,3,2023,2025-12-05 00:10:00,5,64,64102,2,9,1,6,Saint Leon (Rond Point),43.48783,-1.48233
202300009282,20,9,2023,2025-12-05 07:30:00,1,13,13216,2,1,1,2,Ruisseau Mi (Rue),43.35016,5.34874
202300009283,19,9,2023,2025-12-05 21:58:00,5,13,13206,2,9,1,3,Rome (Rue De),43.29087,5.38093
202300009284,20,9,2023,2025-12-05 18:50:00,1,12,12145,2,2,1,3,Tarral Jean (Boulevard),44.09636568,3.06255296
202300009285,19,9,2023,2025-12-05 18:45:00,1,10,10340,2,1,1,4,Auxerre (Route ),48.26146469,4.03488708
202300009286,15,9,2023,2025-12-05 09:00:00,1,6,6088,2,9,1,3,Napoleon Iii (Bd),43.674526,7.221089
202300009287,19,9,2023,2025-12-05 08:08:00,1,6,6012,2,1,1,3,Guynemer (Boulevard),43.750462,7.430422
202300009288,20,9,2023,2025-12-05 12:15:00,1,6,6069,2,1,8,1,Saint Laurent (Avenue),43.67992,6.95438
202300009289,20,9,2023,2025-12-05 07:40:00,2,6,6029,2,9,1,3,Broussailles (Avenue Des),43.56576,7.00653
202300009290,18,9,2023,2025-12-05 11:30:00,1,3,3094,1,1,1,3,Rue De Boutiron,46.14695,3.42661
202300009291,19,9,2023,2025-12-05 17:45:00,1,75,75112,2,1,1,3,Porte De Vincennes,48.843158,2.413707
202300009292,20,9,2023,2025-12-05 16:39:00,1,75,75113,2,1,1,5,Bd Peripherique Interieur,48.817045,2.348402
202300009293,19,9,2023,2025-12-05 13:50:00,1,75,75114,2,4,1,3,Boulevard Peripherique Interieur Sud,48.819228,2.329614
202300009294,19,9,2023,2025-12-05 17:50:00,1,75,75120,2,1,1,6,Boulevard Mortier,48.872067,2.408485
202300009295,19,9,2023,2025-12-05 14:40:00,1,75,75120,2,3,1,6,Avenue Gambetta,48.869693,2.402636
202300009296,20,9,2023,2025-12-05 06:05:00,3,75,75118,2,3,1,6,Rue Du Mont Cenis,48.891215,2.343662
202300009297,20,9,2023,2025-12-05 13:20:00,1,75,75117,2,1,1,3,Boulevard Du Fort De Vaux,48.893217,2.302572
202300009298,19,9,2023,2025-12-05 17:15:00,1,75,75116,2,1,1,1,Allee De La Reine Marguerite,48.86629,2.247151
202300009299,20,9,2023,2025-12-05 14:45:00,1,75,75113,2,3,1,3,Boulevard Vincent Auriol,48.832705,2.362211
202300009300,20,9,2023,2025-12-05 01:45:00,3,75,75113,2,3,1,6,Boulevard Vincent Auriol,48.834015,2.364705
202300009301,20,9,2023,2025-12-05 14:55:00,1,75,75112,2,4,1,3,Avenue De La Porte De Charenton,48.830798,2.399482
202300009302,20,9,2023,2025-12-05 15:10:00,1,75,75112,2,7,1,1,Avenue Du Polygone,48.835115,2.431382
202300009303,19,9,2023,2025-12-05 20:50:00,5,75,75112,2,2,1,1,Quai De La Rapee,48.843396,2.370712
202300009304,19,9,2023,2025-12-05 15:20:00,1,75,75112,2,2,1,6,Avenue Ledru Rollin,48.849613,2.374287
202300009305,20,9,2023,2025-12-05 16:00:00,1,75,75111,2,3,1,3,Boulevard Richard Lenoir,48.864008,2.370676
202300009306,20,9,2023,2025-12-05 12:55:00,1,75,75112,2,3,1,6,Rue Du Faubourg Saint Antoine,48.850357,2.381348
202300009307,20,9,2023,2025-12-05 10:25:00,1,75,75111,2,3,8,6,Boulevard Voltaire,48.852166,2.389745
202300009308,20,9,2023,2025-12-05 13:32:00,1,75,75110,2,7,1,1,Place Du Colonel Fabien,48.87765983,2.37001115
202300009309,20,9,2023,2025-12-05 12:50:00,1,94,94068,2,1,1,6,4 Boulevard Du General Giraud,48.79872,2.47368
202300009310,10,10,2023,2025-12-05 09:15:00,1,94,94046,2,1,1,3,Avenue Du Professeur Cadiot,48.80383,2.4331
202300009311,18,9,2023,2025-12-05 17:50:00,1,94,94011,2,6,2,3,Avenue Du Bicentenaire 1789 1989,48.76578,2.48876
202300009312,20,9,2023,2025-12-05 11:05:00,1,94,94022,2,1,1,3,Avenue Leon Gourdault,48.76304,2.40618
202300009313,20,9,2023,2025-12-05 10:00:00,1,94,94002,2,9,1,6,63 Rue Victor Hugo,48.804139,2.422153
202300009314,20,9,2023,2025-12-05 22:20:00,5,93,93071,2,5,1,3,Avenue Du Commandant Charcot / Avenue John Fitzgerald Kennedy,48.93635,2.51532
202300009315,20,9,2023,2025-12-05 18:00:00,1,93,93053,2,1,1,3,Avenue Du 18 Avril 1944,48.88627,2.456891
202300009316,20,9,2023,2025-12-05 09:00:00,1,93,93051,2,3,1,3,Route De Neuilly / Rue De La Plaine,48.8516,2.53393
202300009317,20,9,2023,2025-12-05 10:00:00,1,93,93048,2,5,1,3,Rue De Stalingrad / Rue Moliere,48.85765,2.44408
202300009318,20,9,2023,2025-12-05 18:10:00,1,93,93029,2,1,1,1,Avenue Henri Barbusse,48.91800537,2.44756159
202300009319,20,9,2023,2025-12-05 18:28:00,1,92,92075,2,1,1,6,Victor Hugo (Avenue),48.82405063,2.28994846
202300009320,20,9,2023,2025-12-05 12:50:00,1,92,92064,2,1,1,3,Republique,48.85039,2.21344
202300009321,20,9,2023,2025-12-05 12:26:00,1,92,92064,2,1,1,7,Alphonse Moguez,48.85331907,2.21760454
202300009322,20,9,2023,2025-12-05 13:10:00,1,92,92063,2,1,1,2,Richelieu (Boulevard),48.86974,2.1853
202300009323,20,9,2023,2025-12-05 11:25:00,1,92,92063,2,9,1,2,Montbrison (Rue Du Lieutenant Colonel De,48.86120701,2.19570833
202300009324,20,9,2023,2025-12-05 14:45:00,1,92,92050,2,1,1,6,Joiliot Curie F. Et Irene Avenue NdegImpai,48.89144158,2.2078684
202300009325,20,9,2023,2025-12-05 16:20:00,1,92,92040,2,1,1,7,Hoche (Allee),48.82349949,2.2696774
202300009326,2,10,2023,2025-12-05 15:30:00,1,92,92036,2,3,1,7,Marcel Paul (Avenue) (1/103),48.94263,2.30295
202300009327,18,9,2023,2025-12-05 20:00:00,1,92,92036,2,1,1,2,Bas (Rue Des) (78   +),48.91937762,2.2900182
202300009328,20,9,2023,2025-12-05 12:30:00,1,92,92026,2,3,1,2,Colombes,48.90190039,2.2561976
202300009329,17,9,2023,2025-12-05 20:03:00,2,92,92025,2,1,1,3,Henri Barbusse (Av),48.91937483,2.25266978
202300009330,19,9,2023,2025-12-05 23:19:00,5,92,92046,2,2,1,1,Camelinat,48.8169421,2.29406744
202300009331,20,9,2023,2025-12-05 17:45:00,1,91,91086,2,1,1,3,Rue Des Trois Parts,48.614328,2.368997
202300009332,17,9,2023,2025-12-05 18:00:00,1,21,21485,1,1,1,4,A38,47.336474,4.969404
202300009333,21,9,2023,2025-12-05 14:10:00,1,87,87122,1,1,3,6,A20,46.050905,1.357691
202300009334,20,9,2023,2025-12-05 21:30:00,3,24,24139,1,1,1,1,A89,45.147845,0.631456
202300009335,1,9,2023,2025-12-05 03:45:00,3,95,95352,1,1,2,6,D316,49.106691,2.426444
202300009336,15,9,2023,2025-12-05 17:09:00,1,56,56028,1,2,1,1,Le Huet,47.667803,-2.31253
202300009337,14,9,2023,2025-12-05 17:05:00,1,76,76034,1,3,1,1,Rue De Chamacourt,49.723075,1.150389
202300009338,17,9,2023,2025-12-05 19:00:00,2,69,69209,1,1,1,5,Route De La Clayette,46.260809,4.400625
202300009339,16,6,2023,2025-12-05 08:35:00,1,61,61369,2,1,1,6,D962,48.646528,-0.621577
202300009340,20,9,2023,2025-12-05 23:50:00,3,61,61153,1,1,2,6,D924,48.718135,-0.076797
202300009341,19,9,2023,2025-12-05 18:00:00,1,55,55533,2,1,1,3,Rue De Tusey,48.612711,5.669299
202300009342,21,9,2023,2025-12-05 10:25:00,1,12,12026,1,3,1,5,Avenue Claude Salles,44.395489,2.765003
202300009343,20,9,2023,2025-12-05 14:15:00,1,46,46253,1,1,1,7,Lieu Dit L?Estampe,44.684842,1.485697
202300009344,21,9,2023,2025-12-05 06:50:00,3,29,29079,1,1,2,6,Kerveguen Huella,48.63858,-3.925644
202300009345,21,9,2023,2025-12-05 17:00:00,1,15,15268,1,1,2,6,Rd 20,44.857044,2.246146
202300009346,8,9,2023,2025-12-05 00:10:00,5,6,6079,2,1,1,6,Av De La Mer,43.533346,6.946239
202300009347,21,9,2023,2025-12-05 08:00:00,1,50,50093,1,1,2,7,Lieu Dit Hotel Caudel,49.088137,-1.26305
202300009348,20,9,2023,2025-12-05 08:30:00,1,43,43163,1,1,1,1,D 503,45.243878,4.430537
202300009349,20,9,2023,2025-12-05 18:27:00,1,40,40273,1,3,1,2,1110 Route De L'Adour,43.521189,-1.382056
202300009350,19,9,2023,2025-12-05 19:35:00,1,85,85006,1,1,1,6,16 Route De Saint-Paul,46.778909,-1.7649763
202300009351,13,9,2023,2025-12-05 09:30:00,1,37,37280,1,1,1,1,La Henauderie,47.103594,0.856998
202300009352,24,8,2023,2025-12-05 16:15:00,1,8,8283,1,1,1,6,D987,49.621776,4.611983
202300009353,21,9,2023,2025-12-05 08:59:00,1,974,97415,2,1,1,1,27 Rue Joseph Hubert - Saint Gilles Les Hauts,-21.047239,55.267236
202300009354,20,9,2023,2025-12-05 14:40:00,1,68,68242,1,1,1,2,A 35 Pk 77.700,47.97891893,7.37421155
202300009355,20,9,2023,2025-12-05 12:55:00,1,31,31424,1,1,1,1,Route De Lamasquere,43.536874,1.280427
202300009356,21,9,2023,2025-12-05 07:20:00,1,55,55122,2,2,1,3,Avenue De Verdun,48.758947,5.583329
202300009357,20,9,2023,2025-12-05 21:00:00,3,6,6104,1,4,2,2,"A8, Pk 214+300 , Sens France-Italie",43.76106,7.44666
202300009358,21,9,2023,2025-12-05 00:00:00,3,34,34135,1,1,1,2,A9 Point Kilometrique 170+314,43.277924,3.184276
202300009359,21,9,2023,2025-12-05 17:40:00,1,976,97617,1,1,1,1,Route De Coconi,-12.798499,45.128961
202300009360,21,9,2023,2025-12-05 09:10:00,1,91,91111,1,9,3,3,A10 Pk 008.200 Direction Paris,48.623107,2.135427
202300009361,19,9,2023,2025-12-05 12:15:00,1,988,98817,2,2,3,3,Rue De La Tribu De Saint Louis/Rps1,-22.231775,166.545938
202300009362,20,9,2023,2025-12-05 17:55:00,2,971,97117,1,1,1,3,Route D?Angerville,16.305468,-61.429261
202300009363,16,9,2023,2025-12-05 21:45:00,3,91,91482,1,7,1,6,D24,48.651255,2.032827
202300009364,20,9,2023,2025-12-05 09:25:00,1,78,78575,2,1,1,2,74 Avenue Du General Leclerc,48.706642,2.062608
202300009365,16,9,2023,2025-12-05 16:20:00,1,67,67104,1,1,1,7,Fort De Schoenenbourg,48.968717,7.909083
202300009366,21,9,2023,2025-12-05 02:50:00,4,54,54053,2,1,1,6,Route D'Einville,48.673379,6.525187
202300009367,20,9,2023,2025-12-05 18:50:00,1,57,57032,2,1,1,4,Rue Du Bois Le Pretre,49.074903,6.07478
202300009368,14,9,2023,2025-12-05 18:00:00,2,69,69040,2,6,1,6,Chemin Du Tronchon,45.80151302,4.78500085
202300009369,21,9,2023,2025-12-05 17:52:00,1,64,64422,2,6,3,3,Boulevard Francois Mitterrand,43.184538,-0.622128
202300009370,13,9,2023,2025-12-05 10:00:00,1,33,33243,2,1,1,6,Cours Tourny,44.913045,-0.240632
202300009371,21,9,2023,2025-12-05 07:30:00,2,14,14258,2,6,8,6,D658,48.902894,-0.204079
202300009372,20,9,2023,2025-12-05 08:24:00,2,59,59256,1,1,8,3,M145,50.56426,3.126941
202300009373,19,9,2023,2025-12-05 19:17:00,1,59,59256,2,1,1,3,Rue Du Mont De Sainghin,50.582169,3.131869
202300009374,20,9,2023,2025-12-05 01:10:00,3,69,69290,1,1,1,6,Autoroute 43,45.71444528,4.94418
202300009375,15,9,2023,2025-12-05 22:30:00,5,59,59599,1,1,1,4,Route Departementale 656,50.69555,3.14783
202300009376,19,9,2023,2025-12-05 08:10:00,1,59,59350,1,1,1,5,Route Nationale 356,50.62184,3.08303
202300009377,20,9,2023,2025-12-05 17:50:00,1,75,75113,1,1,1,3,A6B,48.81630481,2.36078148
202300009378,20,9,2023,2025-12-05 16:10:00,1,78,78321,1,1,1,6,Rn12 Int,48.798681,1.915179
202300009379,20,9,2023,2025-12-05 08:54:00,1,92,92012,1,1,1,2,A13,48.84817532,2.23384674
202300009380,20,9,2023,2025-12-05 17:50:00,1,93,93053,1,1,1,2,Autoroute A86,48.90368296,2.4666784
202300009381,29,4,2023,2025-12-05 23:59:00,3,82,82033,1,1,2,6,Saint Aignan (Route De),44.0235,1.08078
202300009382,18,4,2023,2025-12-05 19:35:00,1,82,82033,1,1,1,6,Route De Lafrancaise D45,44.05771,1.13074
202300009383,15,4,2023,2025-12-05 04:42:00,3,82,82115,1,1,2,6,Route De Vaissac,44.01916,1.583737
202300009384,19,9,2023,2025-12-05 11:00:00,1,974,97416,2,1,1,6,Lorion(Rue Luc),-21.33052,55.47241
202300009385,18,9,2023,2025-12-05 20:35:00,5,974,97416,2,1,1,6,Bank (Boulevard),-21.33031,55.47375
202300009386,19,9,2023,2025-12-05 06:15:00,1,974,97411,2,9,1,3,Jaures (Bld 1 Jean),-20.88988,55.45285
202300009387,19,9,2023,2025-12-05 08:15:00,1,973,97302,2,2,1,3,Felix Eboue(Rocade),4.92958409,-52.31511086
202300009388,19,9,2023,2025-12-05 06:57:00,1,973,97302,2,3,1,3,Eau-Lisette (Cite),4.92912,-52.32115
202300009389,18,9,2023,2025-12-05 22:10:00,5,973,97302,2,3,1,5,Liberte (Avenue De La),4.93670793,-52.32780308
202300009390,18,9,2023,2025-12-05 20:33:00,5,973,97302,2,1,1,6,Mont Lucas  2 (Cite),4.92458,-52.30016
202300009391,19,9,2023,2025-12-05 14:40:00,1,69,69387,2,1,1,4,Boulevard Des Tchecoslovaques,45.74177,4.857
202300009392,19,9,2023,2025-12-05 09:40:00,1,69,69383,2,9,1,6,Boulevard Marius Vivier-Merle,45.76093,4.85788
202300009393,19,9,2023,2025-12-05 07:48:00,1,972,97209,1,6,1,3,Bishop (Avenue Maurice),14.6139,-61.0516
202300009394,19,9,2023,2025-12-05 14:25:00,1,2B,2B033,2,3,1,2,Route Royale,42.67736,9.43394
202300009395,19,9,2023,2025-12-05 06:15:00,1,971,97113,1,1,1,3,Section Port Blanc,16.23193666,-61.45603895
202300009396,19,9,2023,2025-12-05 00:30:00,5,971,97101,1,9,1,2,Rn1-  Hauteur De Sortie Lauricisque,16.25289,-61.53329
202300009397,19,9,2023,2025-12-05 13:25:00,1,91,91201,2,1,1,6,Bd Henri Barbusse,48.665039,2.419089
202300009398,19,9,2023,2025-12-05 07:25:00,1,91,91223,2,1,1,6,Mai 1945 (Avenue Du 8),48.4374,2.16303
202300009399,18,9,2023,2025-12-05 12:31:00,1,87,87085,2,1,1,7,Frachon ( Ave Benoit),45.85064,1.2983
202300009400,19,9,2023,2025-12-05 10:52:00,1,85,85194,2,6,8,3,Boulevard Du Vendee Globe,46.50202,-1.75908
202300009401,13,9,2023,2025-12-05 17:00:00,1,84,84035,2,9,1,2,Verdun (Avenue De),43.83156,5.03928
202300009402,19,9,2023,2025-12-05 14:42:00,1,83,83090,2,3,1,2,Resistance (Ave De La),43.1332,5.84608
202300009403,19,9,2023,2025-12-05 20:20:00,5,77,77243,2,6,1,3,Jacques Lepaire  (Rue   ),48.87818,2.70148
202300009404,18,9,2023,2025-12-05 14:00:00,1,76,76329,1,1,2,1,Rd 487,49.54495,0.49486
202300009405,18,9,2023,2025-12-05 17:40:00,1,71,71306,2,6,1,3,Marechal Leclerc (Avenue Du),46.68117,4.37015
202300009406,13,9,2023,2025-12-05 17:00:00,1,69,69264,2,6,1,3,Avenue De L'Europe,45.9981,4.73899
202300009407,17,9,2023,2025-12-05 01:34:00,3,67,67180,1,9,1,7,Marienthal (Route De),48.79907,7.81926
202300009408,18,9,2023,2025-12-05 11:01:00,1,66,66136,2,1,1,6,Adresse_Inconnue,42.68669949,2.9073751
202300009409,16,9,2023,2025-12-05 17:47:00,1,66,66136,2,3,1,3,Adresse_Inconnue,42.72472,2.88193
202300009410,15,9,2023,2025-12-05 12:06:00,1,66,66136,2,1,1,6,Adresse_Inconnue,42.69067,2.90118
202300009411,19,9,2023,2025-12-05 12:15:00,1,64,64260,2,5,1,3,Behobie (Rue De),43.34963,-1.77493
202300009412,19,9,2023,2025-12-05 12:40:00,1,64,64445,2,3,1,3,Tourasse,43.3113,-0.35418
202300009413,18,9,2023,2025-12-05 10:15:00,1,64,64122,2,6,1,3,Rond Point De L Europe,43.48073,-1.54088
202300009414,18,9,2023,2025-12-05 06:50:00,5,64,64102,2,6,1,3,Legion Tcheque (Avenue De La),43.49383,-1.49187
202300009415,18,9,2023,2025-12-05 21:35:00,5,62,62178,2,2,1,3,Avenue Augustin Flament,50.47070762,2.5563072
202300009416,15,9,2023,2025-12-05 16:35:00,1,57,57672,2,2,1,3,Foch (Boulevard),49.35844,6.16122
202300009417,18,9,2023,2025-12-05 13:17:00,1,54,54339,2,2,1,3,Rue De La Republique,48.70898,6.18468
202300009418,17,9,2023,2025-12-05 13:20:00,1,49,49099,2,2,1,6,Turbaudieres (Boulevard Des ),47.04641,-0.89591
202300009419,19,9,2023,2025-12-05 11:50:00,1,49,49007,2,2,1,6,Ayrault,47.47594,-0.55001
202300009420,18,9,2023,2025-12-05 13:02:00,1,49,49007,2,6,1,3,Visitation Place,47.46641,-0.55724
202300009421,19,9,2023,2025-12-05 13:45:00,1,47,47031,2,6,1,2,Avenue De Bigorre,44.17595,0.63543
202300009422,19,9,2023,2025-12-05 07:45:00,1,47,47001,2,6,1,2,Stalingrad (Avenue De ),44.20875042,0.62855981
202300009423,19,9,2023,2025-12-05 15:45:00,1,37,37261,2,1,1,6,Bunel (Rue Jacob),47.37606,0.68929
202300009424,19,9,2023,2025-12-05 17:55:00,1,35,35238,2,1,1,6,Janvier (Avenue Jean),48.1095,-1.6739
202300009425,14,9,2023,2025-12-05 17:00:00,1,34,34172,2,2,1,3,Henri (Rue),43.6172,3.88074
202300009426,19,9,2023,2025-12-05 21:50:00,5,33,33063,2,1,1,3,Cours Georges Clemenceau,44.84453,-0.57851
202300009427,19,9,2023,2025-12-05 08:50:00,1,31,31069,2,1,1,1,Bd De L'Europe,43.652438,1.374245
202300009428,19,9,2023,2025-12-05 04:40:00,3,29,29232,1,6,1,6,Rond-Point Gutenberg,47.97994,-4.0793
202300009429,18,9,2023,2025-12-05 18:25:00,1,29,29019,2,3,1,3,83 Rue Anatole France,48.38205,-4.52457
202300009430,18,9,2023,2025-12-05 17:10:00,1,27,27285,2,1,1,6,Croquet (Rue Du),49.07559,1.52877
202300009431,18,9,2023,2025-12-05 17:40:00,1,26,26004,1,1,1,2,Lacra Rn532,44.98749,4.98221
202300009432,19,9,2023,2025-12-05 08:00:00,1,26,26198,2,3,1,3,Chemin De La Resse,44.55299,4.76304
202300009433,19,9,2023,2025-12-05 22:50:00,3,25,25056,1,1,1,6,Chailluz  Chemin Des Bas,47.273689,6.02696
202300009434,19,9,2023,2025-12-05 10:05:00,1,25,25056,2,3,1,3,Marceau  Av. Commandant,47.24659,6.01714
202300009435,12,9,2023,2025-12-05 18:30:00,1,22,22278,1,1,1,4,Rn12,48.52104141,-2.74826628
202300009436,26,8,2023,2025-12-05 21:15:00,5,15,15014,2,1,2,7,Egalite (Rue De L'),44.931539,2.443015
202300009437,19,9,2023,2025-12-05 16:55:00,1,14,14333,2,1,1,7,1 Cours Jean De Vienne,49.41511466,0.24564034
202300009438,19,9,2023,2025-12-05 20:05:00,2,13,13212,2,1,1,3,General Nollet (Boulevard Du),43.30373,5.4305
202300009439,19,9,2023,2025-12-05 07:35:00,1,13,13211,2,1,1,3,Jean Lombard (Avenue),43.28902541,5.43304127
202300009440,19,9,2023,2025-12-05 12:20:00,1,13,13206,2,2,1,6,Auguste Blanqui (Rue),43.29231,5.386
202300009441,18,9,2023,2025-12-05 16:09:00,1,13,13208,2,1,1,3,Prado (Avenue Du),43.27060981,5.38832144
202300009442,19,9,2023,2025-12-05 20:00:00,5,13,13063,2,3,1,3,Aristide Briand Boulevard,43.58296,5.00381
202300009443,18,9,2023,2025-12-05 08:04:00,2,11,11069,1,1,8,7,Montquier -Chemin De-,43.20397,2.30105
202300009444,18,9,2023,2025-12-05 12:06:00,1,10,10387,2,1,1,3,Jean Moulin (Rue),48.30522,4.07419
202300009445,18,9,2023,2025-12-05 14:00:00,1,3,3185,2,9,1,6,Einstein ( Rue Albert ),46.348,2.599
202300009446,19,9,2023,2025-12-05 16:25:00,1,75,75116,2,1,1,3,Porte Maillot,48.874364,2.275955
202300009447,19,9,2023,2025-12-05 15:30:00,1,75,75116,2,2,1,1,Allee De Longchamp,48.872518,2.264424
202300009448,22,10,2023,2025-12-05 14:45:00,1,49,49069,1,1,1,1,Rd751 Oree D'Anjou,47.334984,-1.280315
202300009449,22,10,2023,2025-12-05 06:00:00,3,47,47310,1,1,8,7,Route Des Roches Recule,44.382851,0.307028
202300009450,22,10,2023,2025-12-05 12:58:00,1,39,39101,1,1,1,1,Adresse_Inconnue,47.10872,5.429649
202300009451,22,10,2023,2025-12-05 15:30:00,1,84,84017,1,1,1,7,Cd 164 Bedoin,44.149095,5.317769
202300009452,21,10,2023,2025-12-05 01:50:00,3,72,72126,1,1,2,6,L'Etang,48.037774,-0.119528
202300009453,21,10,2023,2025-12-05 19:30:00,5,14,14431,2,1,3,6,52 Avenue Jean Jaures,49.075488,-0.066218
202300009454,16,10,2023,2025-12-05 16:15:00,1,14,14475,2,2,1,3,1756 Route De Bretagne (Noyers-Bocage),49.121088,-0.566122
202300009455,22,10,2023,2025-12-05 20:14:00,3,50,50277,1,1,1,7,D114,48.85311,-1.526155
202300009456,22,10,2023,2025-12-05 08:20:00,2,50,50292,1,1,2,6,11 Rue De Saint Sauveur Lendelin,49.099267,-1.256733
202300009457,21,10,2023,2025-12-05 16:00:00,1,7,7227,1,1,1,6,D82,45.25585,4.720699
202300009458,22,10,2023,2025-12-05 07:15:00,3,53,53219,1,1,1,6,Rn12,48.30975,-0.68029
202300009459,22,10,2023,2025-12-05 11:30:00,1,17,17267,1,2,1,3,D109,46.229119,-0.923538
202300009460,21,10,2023,2025-12-05 13:30:00,1,30,30344,1,1,1,1,Route Nationale 113,43.733658,4.233143
202300009461,20,10,2023,2025-12-05 20:30:00,3,67,67429,1,1,2,6,Pk426.700,48.383746,7.478342
202300009462,22,10,2023,2025-12-05 19:00:00,3,38,38239,1,1,1,4,A48 Pk075.550 Direction Lyon,45.34505,5.564334
202300009463,22,10,2023,2025-12-05 07:35:00,1,973,97305,1,2,1,1,Route Nationale 1,4.974109,-52.44181
202300009464,21,10,2023,2025-12-05 14:20:00,1,45,45268,1,1,8,6,Route Departementale 951,47.755346,2.417572
202300009465,13,10,2023,2025-12-05 15:20:00,1,2B,2B134,2,1,1,3,Allee Charles De Gaulle,42.631137,8.937271
202300009466,21,10,2023,2025-12-05 18:30:00,1,34,34299,1,6,1,6,Route De La Maire,43.281361,3.288088
202300009467,22,10,2023,2025-12-05 14:00:00,1,4,4092,1,1,1,1,D4085,43.823583,6.581524
202300009468,21,10,2023,2025-12-05 17:50:00,1,13,13014,1,1,1,7,Route De Saint Chamas,43.504021,5.14967
202300009469,19,10,2023,2025-12-05 07:25:00,2,13,13092,2,3,1,3,D16B,43.551705,5.039847
202300009470,21,10,2023,2025-12-05 19:12:00,2,13,13097,1,3,1,3,Route Nationale 568,43.58465,4.765105
202300009471,22,10,2023,2025-12-05 16:30:00,1,71,71342,2,4,1,3,Route De Poisson,46.445368,4.116923
202300009472,22,10,2023,2025-12-05 15:00:00,1,55,55496,1,1,1,1,Pk 30 D964,48.714978,5.610516
202300009473,21,10,2023,2025-12-05 13:15:00,1,1,1386,1,3,1,2,D20A,45.885778,5.347681
202300009474,21,10,2023,2025-12-05 21:50:00,5,69,69140,1,1,1,5,Route De Chazay,45.893555,4.699981
202300009475,22,10,2023,2025-12-05 11:45:00,1,31,31291,2,3,1,3,62 Avenue De Bouconne,43.604619,1.223109
202300009476,22,10,2023,2025-12-05 14:50:00,1,64,64315,1,1,1,6,D802,43.300931,-0.427807
202300009477,21,10,2023,2025-12-05 11:25:00,1,14,14040,1,2,2,3,2 Route Du Pont Roch,49.266873,-0.743954