num_acc,jour,mois,an,hrmn,lum,dep,com,agg,int,atm,col,adr,lat,long
202300009478,21,10,2023,2025-12-05 21:30:00,3,22,22136,1,9,2,1,Belle Joie,48.20527,-2.755508
202300009479,20,10,2023,2025-12-05 18:32:00,2,13,13215,1,1,1,2,A7-Sens Marseille Vers Lyon,43.34994821,5.36891233
202300009480,20,10,2023,2025-12-05 04:00:00,3,13,13210,1,1,2,6,A507 Sens Marseille - Aubagne,43.28425,5.403
202300009481,18,9,2023,2025-12-05 08:00:00,1,69,69382,1,1,1,7,Route De Metropole 6,45.75087618,4.82290372
202300009482,21,10,2023,2025-12-05 16:40:00,1,33,33318,1,1,1,6,Autoroute A 63,44.78742,-0.62397
202300009483,21,10,2023,2025-12-05 11:50:00,1,91,91689,1,1,1,2,Autoroute A6B,48.74468,2.32288
202300009484,20,10,2023,2025-12-05 12:00:00,1,91,91661,1,1,8,3,Rd 188 Chevreuse,48.69671,2.21463
202300009485,21,10,2023,2025-12-05 07:10:00,3,92,92050,1,1,1,2,A14,48.90183264,2.20286349
202300009486,21,10,2023,2025-12-05 17:08:00,1,95,95572,1,1,1,3,N184,49.03385054,2.11133838
202300009487,21,10,2023,2025-12-05 17:15:00,1,93,93013,1,1,8,4,Autoroute A1,48.94036,2.42343
202300009488,21,10,2023,2025-12-05 01:25:00,3,93,93051,1,1,2,6,A4,48.836465,2.547832
202300009489,20,10,2023,2025-12-05 22:45:00,3,94,94073,1,1,2,6,A86,48.76906913,2.37939164
202300009490,21,8,2023,2025-12-05 08:38:00,1,87,87075,2,1,1,6,Mars 1962 (Rue Du 19),45.80841,1.2253
202300009491,20,8,2023,2025-12-05 11:10:00,1,78,78138,1,1,1,6,Poissy (Avenue De),48.969307,2.032331
202300009492,21,8,2023,2025-12-05 09:20:00,1,45,45234,2,1,1,3,Avenue Roger Secretain,47.88621,1.89647
202300009493,21,8,2023,2025-12-05 01:41:00,5,13,13203,2,3,1,1,National (Boulevard),43.31281,5.37573
202300009494,20,10,2023,2025-12-05 11:00:00,1,988,98818,2,1,1,4,Rue Lucien Hervouet,-22.2363,166.44951
202300009495,20,10,2023,2025-12-05 17:00:00,1,69,69388,2,2,2,6,Rue Professeur Joseph Nicolas,45.73213,4.88077
202300009496,20,10,2023,2025-12-05 18:00:00,3,972,97213,1,1,1,2,Autoroute A1,14.618,-61.03215
202300009497,20,10,2023,2025-12-05 06:50:00,1,972,97209,2,1,2,2,Arawaks (Avenue Des),14.6165,-61.0448
202300009498,20,10,2023,2025-12-05 17:35:00,2,69,69384,2,2,1,3,Place Marcel Bertone,45.77758,4.83485
202300009499,18,10,2023,2025-12-05 07:35:00,2,69,69034,2,1,1,2,Montee De La Boucle,45.78273149,4.83672432
202300009500,20,10,2023,2025-12-05 19:50:00,3,95,95539,2,1,8,2,D301,48.99732,2.36062
202300009501,19,10,2023,2025-12-05 12:06:00,1,95,95555,2,1,1,1,Parmentier (Rue),48.96790978,2.28082216
202300009502,19,10,2023,2025-12-05 20:05:00,5,89,89387,2,2,2,3,Liberte (Boulevard De La ),48.19142,3.27654
202300009503,19,10,2023,2025-12-05 14:06:00,1,87,87085,2,1,2,1,Puy Imbert (Rue Du),45.83887,1.27864
202300009504,19,10,2023,2025-12-05 19:55:00,1,84,84007,2,1,8,7,Neuf Peyres (Chemin Des),43.9419,4.83121
202300009505,19,10,2023,2025-12-05 08:30:00,1,83,83126,2,3,8,3,Carmille ( Av Du General),43.09713525,5.88828027
202300009506,20,10,2023,2025-12-05 07:45:00,2,82,82121,2,2,1,3,Gasseras (Avenue De),44.01757,1.32032
202300009507,18,10,2023,2025-12-05 19:10:00,2,80,80131,2,1,2,2,Commandant Jan (Rue Du),49.84451,2.39706
202300009508,20,10,2023,2025-12-05 08:25:00,2,78,78401,2,1,2,2,General Leclerc (Avenue Du ),49.011572,1.906922
202300009509,20,10,2023,2025-12-05 23:20:00,5,77,77479,2,1,2,1,Rue De Torcy,48.86911,2.64598
202300009510,6,10,2023,2025-12-05 15:30:00,1,77,77249,2,1,1,6,Av Des Hyverneaux,48.7394,2.60738
202300009511,19,10,2023,2025-12-05 14:00:00,1,76,76351,2,2,1,6,Ingouville (Rue),49.49742,0.10949
202300009512,19,10,2023,2025-12-05 17:05:00,1,72,72181,2,1,1,6,Jacobins (Quinconce Des),48.00871,0.20298
202300009513,19,10,2023,2025-12-05 09:00:00,1,72,72181,2,1,1,6,Oyon Alexandre (Bd),47.99505,0.1878
202300009514,19,10,2023,2025-12-05 07:00:00,5,72,72181,2,9,2,3,Bonnetable (Rte) Ndeg Imp,48.02078,0.22614
202300009515,20,10,2023,2025-12-05 11:15:00,1,71,71040,2,3,1,3,Macon (Route De),46.68650815,4.39066647
202300009516,20,10,2023,2025-12-05 17:30:00,1,71,71076,2,9,2,6,Paris (Avenue De),46.80697,4.84404
202300009517,19,10,2023,2025-12-05 15:45:00,1,69,69029,2,1,1,6,Avenue Du 8 Mai 1945,45.72755,4.91559
202300009518,19,10,2023,2025-12-05 12:15:00,1,69,69029,2,2,3,1,Avenue Franklin Roosvelt,45.73066,4.91737
202300009519,28,7,2023,2025-12-05 10:05:00,1,69,69091,2,2,1,3,Avenue Youri Gagarine,45.60195,4.77039
202300009520,20,10,2023,2025-12-05 10:50:00,1,67,67043,2,1,3,6,Perigueux (Avenue De),48.614841,7.742139
202300009521,20,10,2023,2025-12-05 11:30:00,1,66,66136,1,6,1,3,Adresse_Inconnue,42.69416,2.85022
202300009522,19,10,2023,2025-12-05 18:25:00,2,64,64129,2,1,2,3,Gaston Phoebus,43.29841,-0.38672
202300009523,10,10,2023,2025-12-05 08:50:00,1,64,64445,2,2,1,3,Paix,43.31644,-0.33955
202300009524,17,10,2023,2025-12-05 21:45:00,5,62,62510,2,1,1,3,Rue Hoche,50.41706,2.77183
202300009525,20,10,2023,2025-12-05 07:50:00,2,62,62263,2,1,3,6,Avenue De L'Hippodrome,50.29224696,2.72809607
202300009526,20,10,2023,2025-12-05 21:10:00,5,60,60057,2,1,1,2,Rue D'Amiens,49.43725,2.08774
202300009527,20,10,2023,2025-12-05 19:30:00,5,59,59378,2,3,8,3,Clemenceau Blvd (Ndeg168-294),50.66207,3.09644
202300009528,20,10,2023,2025-12-05 07:00:00,5,59,59350,2,1,2,6,Dunkerque Avenue De,50.63426,3.03057
202300009529,20,10,2023,2025-12-05 08:00:00,2,59,59509,2,1,2,6,Ferrer (Rue Francisco),50.40504,3.10687
202300009530,19,10,2023,2025-12-05 11:35:00,1,59,59390,2,3,1,3,Compiegne (Rue),50.33756,3.19095
202300009531,19,10,2023,2025-12-05 19:00:00,5,58,58194,2,1,2,5,Gustave Mathieu,46.98623,3.14496
202300009532,18,10,2023,2025-12-05 19:05:00,5,57,57757,2,1,3,6,Nations (Avenue),49.35513,6.18241
202300009533,16,10,2023,2025-12-05 12:40:00,1,56,56260,2,6,1,3,Keranguen(Giratoire De),47.659373,-2.794118
202300009534,20,10,2023,2025-12-05 14:20:00,1,56,56162,2,1,2,6,Sainte  Anne (Rue),47.73749,-3.42306
202300009535,20,10,2023,2025-12-05 08:10:00,2,56,56098,2,1,2,1,Stosskopf ( Av. Ingen.-Gal ),47.7504,-3.3398
202300009536,18,10,2023,2025-12-05 07:30:00,2,55,55029,2,6,1,3,Republique ( Place De La ),48.77326297,5.16618449
202300009537,19,10,2023,2025-12-05 16:10:00,1,54,54395,2,1,3,6,Place De La Republique,48.68873406,6.17561996
202300009538,20,10,2023,2025-12-05 08:50:00,1,51,51454,2,3,3,6,Rue Raoul Dufy,49.225503,4.014265
202300009539,20,10,2023,2025-12-05 08:25:00,2,51,51573,2,1,3,6,Peri (Rue Gabriel),49.245678,3.997428
202300009540,20,10,2023,2025-12-05 08:00:00,5,51,51454,2,4,3,3,Boulevard Dieu Lumiere,49.2393,4.03873
202300009541,20,10,2023,2025-12-05 07:30:00,5,51,51573,2,1,3,6,Vingt Neuf Aout 44 (Avenue Du),49.24795,3.99706
202300009542,19,10,2023,2025-12-05 17:15:00,1,51,51454,2,1,1,6,Leclerc (Boulevard Du General),49.25312,4.02192
202300009543,19,10,2023,2025-12-05 08:09:00,2,51,51454,2,1,1,4,Arnould (Boulevard Charles),49.26024,4.00893
202300009544,20,10,2023,2025-12-05 09:47:00,1,49,49328,2,1,2,6,Pressoir (Rue Du),47.25155686,-0.07744811
202300009545,19,10,2023,2025-12-05 10:45:00,1,49,49099,2,6,8,3,Dorohoi (Place De),47.0508,-0.87165
202300009546,20,10,2023,2025-12-05 05:14:00,5,49,49267,2,1,1,6,A87N,47.46628,-0.51612
202300009547,8,2,2023,2025-12-05 11:49:00,1,988,98818,2,2,1,3,Rue Charles De Verneilh/Rue Auguste Brun,-22.27613,166.4466
202300009548,20,10,2023,2025-12-05 04:10:00,5,47,47001,2,1,1,6,Gravier (Espl. Et Peryst. Du ),44.20239,0.6111
202300009549,12,10,2023,2025-12-05 18:25:00,1,46,46042,2,1,1,2,Departementale 820,44.4665,1.42617
202300009550,6,2,2023,2025-12-05 13:10:00,1,988,98818,2,3,1,3,Rue Auer,-22.24128,166.45409
202300009551,20,10,2023,2025-12-05 20:20:00,3,45,45302,1,1,2,4,D2701 Pr 2 + 130,47.94148,1.88579
202300009552,7,2,2023,2025-12-05 17:20:00,1,974,97416,2,1,1,3,Ancienne Rn 1,-21.30807,55.43129
202300009553,20,10,2023,2025-12-05 08:30:00,1,41,41047,2,1,1,1,Rd 50,47.62196,1.35239
202300009554,6,2,2023,2025-12-05 15:55:00,1,974,97416,1,1,1,3,Cd 26,-21.2987,55.4378
202300009555,20,10,2023,2025-12-05 00:40:00,5,41,41018,2,1,3,2,Saussaye (Quai De La),47.58546,1.335238
202300009556,7,2,2023,2025-12-05 23:00:00,5,974,97411,2,1,3,6,Leconte De Lisle (Avenue),-20.89555,55.48945
202300009557,20,10,2023,2025-12-05 16:05:00,1,38,38185,2,1,1,3,Avenue Jules Valles,45.18583,5.7469
202300009558,7,2,2023,2025-12-05 17:01:00,1,973,97302,1,6,1,7,Route Nationale 1,4.92065725,-52.33026803
202300009559,7,2,2023,2025-12-05 07:00:00,1,973,97302,2,1,2,6,Tigre (Route Du),4.91557,-52.31132
202300009560,7,2,2023,2025-12-05 20:20:00,5,69,69387,2,1,1,6,Boulevard Yves Farge,45.7374,4.8288
202300009561,20,10,2023,2025-12-05 18:00:00,1,37,37261,2,9,3,3,Grandiere (Rue De La),47.39096,0.68386
202300009562,7,2,2023,2025-12-05 18:55:00,5,69,69387,2,1,1,6,Grande Rue De La Guillotiere,45.74733566,4.85858387
202300009563,20,10,2023,2025-12-05 12:20:00,1,37,37122,2,1,1,3,Jean Jaures,47.34862,0.66215
202300009564,20,10,2023,2025-12-05 11:10:00,1,35,35238,2,7,8,6,Souvenir (Place Du),48.094096,-1.663025
202300009565,7,2,2023,2025-12-05 13:30:00,1,69,69383,2,1,1,5,Boulevard Marius Vivier-Merle,45.75862,4.85844
202300009566,7,2,2023,2025-12-05 14:00:00,1,2A,2A004,2,1,1,6,Mezzavia Route De,41.95012572,8.7717998
202300009567,20,10,2023,2025-12-05 23:55:00,5,34,34172,2,1,1,2,Fontaine De Celleneuve (Rue De La),43.61173,3.82765
202300009568,7,2,2023,2025-12-05 11:00:00,1,2A,2A004,2,3,1,3,Avenue Du Docteur Noel Franchini,41.93650356,8.7535429
202300009569,20,10,2023,2025-12-05 21:22:00,5,33,33192,2,3,2,3,Cours Du General De Gaulle,44.78641,-0.60497
202300009570,6,2,2023,2025-12-05 12:20:00,1,2A,2A004,2,3,1,3,Route De Mezzavia,41.94895,8.76671
202300009571,6,2,2023,2025-12-05 15:30:00,1,95,95277,2,1,1,4,Avenue Georges Kerdavid,48.99421,2.44111
202300009572,20,10,2023,2025-12-05 17:45:00,1,33,33063,2,3,3,5,Cours De L'Yser,44.82165,-0.57143
202300009573,7,2,2023,2025-12-05 09:21:00,1,91,91432,2,6,7,3,Av Ferdinand De Lesseps,48.701666,2.339293
202300009574,20,10,2023,2025-12-05 10:00:00,1,33,33063,2,3,6,3,Avenue Charles De Gaulle,44.84886,-0.59905
202300009575,7,2,2023,2025-12-05 08:55:00,1,91,91027,2,1,1,3,Av Aristide Briand,48.70603,2.39147
202300009576,4,2,2023,2025-12-05 11:03:00,1,87,87085,2,2,1,3,Borie (Boulevard De La),45.83982,1.23636
202300009577,20,10,2023,2025-12-05 11:13:00,1,31,31555,2,1,2,1,Rte D Albi,43.64307606,1.46778524
202300009578,4,2,2023,2025-12-05 07:45:00,5,87,87085,2,2,1,3,Baudin (Avenue) ( Rn21),45.81737,1.25259
202300009579,19,10,2023,2025-12-05 11:30:00,1,29,29019,2,1,1,4,20 Avenue Victor Le Gorgeu,48.40017079,-4.49808732
202300009580,7,2,2023,2025-12-05 19:00:00,3,84,84087,1,3,1,3,Lyon (Route De),44.15907,4.79715
202300009581,20,10,2023,2025-12-05 06:50:00,5,27,27229,2,1,8,6,Saint Germain (Rue),49.01719,1.1272
202300009582,7,2,2023,2025-12-05 16:00:00,1,83,83137,2,1,1,6,Besagne (Ave De),43.12134,5.93648
202300009583,2,2,2023,2025-12-05 07:45:00,1,83,83050,2,9,1,6,Verdun( Avenue De),43.53371,6.47743
202300009584,7,2,2023,2025-12-05 19:00:00,5,79,79191,2,2,1,3,Adresse_Inconnue,46.30977,-0.48204
202300009585,20,10,2023,2025-12-05 09:55:00,1,25,25388,2,1,2,6,Rue Charles Contejean,47.50888,6.79404
202300009586,7,2,2023,2025-12-05 12:40:00,1,77,77464,1,1,1,7,D105B,48.89578,2.72412
202300009587,6,2,2023,2025-12-05 18:35:00,5,77,77243,2,1,1,1,Mal De Lattre De Tassigny (Avenue Du),48.87654,2.68286
202300009588,20,10,2023,2025-12-05 08:15:00,2,25,25056,2,1,3,6,121A Rue De Dole,47.228417,5.986027
202300009589,7,2,2023,2025-12-05 05:50:00,5,76,76540,2,2,1,3,Route De Neufchatel,49.451103,1.098458
202300009590,20,10,2023,2025-12-05 04:00:00,5,25,25056,2,9,3,6,Kennedy  Boulevard J.F.,47.229546,5.981101
202300009591,6,2,2023,2025-12-05 10:45:00,1,72,72181,2,1,1,6,Geneslay Felix (Av) Ndeg Imp 265 A 383,47.97429,0.20651
202300009592,6,2,2023,2025-12-05 07:45:00,5,72,72181,2,1,1,6,Allegret Marc (Rue),48.01345,0.16442
202300009593,19,10,2023,2025-12-05 07:55:00,2,19,19031,2,3,1,3,Royer (Boulevard Gontran),45.16717,1.52518
202300009594,7,2,2023,2025-12-05 11:15:00,1,69,69266,2,1,1,6,4 Rue Leon Blum,45.75944775,4.89096062
202300009595,13,1,2023,2025-12-05 12:37:00,1,67,67482,2,4,1,3,Meinau (Route De La),48.5528,7.74869
202300009596,15,10,2023,2025-12-05 19:01:00,3,15,15014,2,1,1,3,Rd 117,44.914061,2.451147
202300009597,7,2,2023,2025-12-05 17:45:00,1,65,65440,2,2,1,3,Rue Saint-Jean,43.23702,0.081891
202300009598,20,10,2023,2025-12-05 00:26:00,5,13,13071,1,6,3,3,Versailles (Rond Point Dit De),43.4098,5.32494
202300009599,1,2,2023,2025-12-05 12:25:00,1,65,65440,2,1,1,3,Rond-Point De La Sede,43.232673,0.06128
202300009600,7,2,2023,2025-12-05 11:00:00,1,65,65286,2,1,1,2,Avenue Antoine Beguere,43.10432,-0.0608
202300009601,20,10,2023,2025-12-05 13:40:00,1,13,13005,1,1,1,2,Gemenos (Route De Cd2),43.2982,5.60364
202300009602,7,2,2023,2025-12-05 09:10:00,1,64,64483,2,1,8,6,Chantaco (Avenue De ),43.38907,-1.65367
202300009603,12,10,2023,2025-12-05 19:10:00,2,10,10387,2,1,1,2,Pasteur (Rue),48.30267,4.06306
202300009604,7,2,2023,2025-12-05 15:00:00,1,64,64445,2,1,1,3,Saragosse De,43.30702,-0.35387
202300009605,6,2,2023,2025-12-05 14:03:00,1,64,64445,2,1,1,3,Pierre Masse,43.315,-0.35715
202300009606,17,10,2023,2025-12-05 15:00:00,1,6,6088,2,1,8,1,Turin (Rte De),43.7324174,7.2910104
202300009607,6,2,2023,2025-12-05 13:45:00,1,63,63113,2,2,1,3,Pourchon (Bd Maurice)/ Beaupeyras,45.79023,3.08345
202300009608,20,10,2023,2025-12-05 20:00:00,5,6,6104,2,1,8,2,Monleon (Avenue Sylvio De),43.753532,7.48376
202300009609,6,2,2023,2025-12-05 08:05:00,2,63,63113,2,3,1,3,Niel (Rue) / Rue De La Lieve,45.78326,3.10239
202300009610,20,10,2023,2025-12-05 15:20:00,1,75,75114,2,1,1,4,Porte De Gentilly,48.817844,2.334024
202300009611,22,1,2023,2025-12-05 18:50:00,5,62,62628,2,2,1,3,Rue D'Artois,50.421106,2.891195
202300009612,7,2,2023,2025-12-05 04:50:00,5,60,60057,2,1,1,6,Rue Veuve Senechal,49.42023,2.10077
202300009613,19,10,2023,2025-12-05 18:45:00,2,75,75119,2,1,8,3,Bd Peripherique Exterieur,48.90073,2.372563
202300009614,7,2,2023,2025-12-05 14:15:00,1,59,59183,2,1,1,6,Rd 601,51.022159,2.337535
202300009615,5,2,2023,2025-12-05 18:15:00,3,59,59375,1,1,1,6,Flines(Route De),50.4078,3.24502
202300009616,19,10,2023,2025-12-05 14:57:00,1,75,75109,2,1,1,5,Rue De Chateaudun,48.876247,2.334227
202300009617,6,2,2023,2025-12-05 14:15:00,1,59,59017,2,2,1,3,Rue Des Resistants,50.69082,2.87458
202300009618,20,10,2023,2025-12-05 17:20:00,1,75,75106,2,2,2,6,Rue Dauphine,48.854708,2.339314
202300009619,7,2,2023,2025-12-05 09:40:00,1,57,57672,2,2,1,6,Albert 1Er (Avenue) - Impair,49.36309,6.16946
202300009620,19,10,2023,2025-12-05 20:35:00,5,75,75106,2,1,2,3,Boulevard Du Montparnasse,48.843491,2.325321
202300009621,6,2,2023,2025-12-05 13:00:00,1,57,57757,2,1,1,6,Nations (Avenue),49.35649,6.18536
202300009622,18,10,2023,2025-12-05 13:15:00,1,75,75120,2,4,2,3,Rue Du Japon,48.86589,2.399332
202300009623,19,10,2023,2025-12-05 21:35:00,5,75,75119,2,3,2,3,Avenue De Flandre,48.888378,2.374116
202300009624,20,10,2023,2025-12-05 09:40:00,1,75,75119,2,3,2,6,Boulevard Macdonald,48.898893,2.380948
202300009625,7,2,2023,2025-12-05 07:45:00,2,56,56098,2,2,1,3,78 Rue Emile Combes,47.77192,-3.33878
202300009626,20,10,2023,2025-12-05 06:30:00,5,75,75118,2,7,2,1,Place Hebert,48.89312,2.363414
202300009627,19,10,2023,2025-12-05 21:50:00,5,75,75117,2,7,2,7,Boulevard Pershing,48.880887,2.284047
202300009628,20,10,2023,2025-12-05 10:15:00,1,75,75116,2,3,8,3,Rue Jean De La Fontaine,48.850906,2.271787
202300009629,6,2,2023,2025-12-05 16:22:00,1,56,56107,2,1,1,3,Le Port (Roger Boulevard),47.71846,-3.37396
202300009630,6,2,2023,2025-12-05 18:49:00,5,51,51454,2,1,1,6,Rue De La Maison Blanche,49.23565562,4.02553707
202300009631,19,10,2023,2025-12-05 21:10:00,5,75,75116,2,2,2,3,Avenue Ingres,48.857357,2.264662
202300009632,7,2,2023,2025-12-05 09:26:00,1,51,51454,2,1,1,3,Avenue D'Epernay,49.23921657,4.0137367
202300009633,18,10,2023,2025-12-05 22:40:00,5,75,75116,2,2,2,3,Avenue Foch,48.872685,2.284576
202300009634,7,2,2023,2025-12-05 08:25:00,1,51,51454,2,2,1,6,Avenue Georges Clemenceau,49.25113,4.04909
202300009635,20,10,2023,2025-12-05 07:45:00,2,75,75115,2,2,2,6,Boulevard Lefebvre,48.829013,2.298941
202300009636,7,2,2023,2025-12-05 09:40:00,1,50,50129,2,2,1,3,Gambetta (Rue),49.63818,-1.62529
202300009637,6,2,2023,2025-12-05 20:30:00,5,49,49353,2,1,1,6,Quantiniere Lieu Dit,47.45626,-0.47248
202300009638,20,10,2023,2025-12-05 15:50:00,1,75,75113,2,1,1,2,Boulevard Massena,48.823692,2.375921
202300009639,6,2,2023,2025-12-05 18:48:00,4,49,49007,2,1,1,6,Estienne D'Orves Boulevard,47.45445,-0.53385
202300009640,20,10,2023,2025-12-05 12:30:00,1,75,75113,2,2,1,6,Boulevard Du General Jean Simon,48.825668,2.382084
202300009641,7,2,2023,2025-12-05 19:29:00,5,45,45234,2,2,1,3,14 Rue Maurice Dubois,47.9226857,1.89565954
202300009642,20,10,2023,2025-12-05 01:40:00,5,75,75114,2,1,2,3,Avenue Pierre De Coubertin,48.816999,2.343695
202300009643,7,2,2023,2025-12-05 16:00:00,1,45,45232,2,1,7,3,476 Boulevard Victor Hugo,47.85756,1.90445
202300009644,19,10,2023,2025-12-05 12:40:00,1,75,75112,2,3,1,6,Rue Du Faubourg Saint Antoine,48.850514,2.379363
202300009645,4,2,2023,2025-12-05 16:00:00,1,42,42127,2,1,1,1,Route De Paris,46.06798,4.05149
202300009646,19,10,2023,2025-12-05 20:50:00,5,75,75110,2,3,2,3,Place Napoleon Iii,48.880247,2.353655
202300009647,20,10,2023,2025-12-05 16:00:00,1,75,75109,2,2,1,6,Rue Saint Lazare,48.875543,2.326669
202300009648,7,2,2023,2025-12-05 07:59:00,1,41,41018,2,9,1,3,Vendome (Avenue De),47.5965,1.327
202300009649,20,10,2023,2025-12-05 16:00:00,1,75,75108,2,2,8,7,Avenue De Friedland,48.874152,2.298927
202300009650,7,2,2023,2025-12-05 16:10:00,1,35,35238,2,1,1,6,Paris (Rue De),48.11271,-1.6645
202300009651,19,10,2023,2025-12-05 18:52:00,2,75,75108,2,2,1,6,Place De La Concorde,48.86666822,2.32201087
202300009652,20,10,2023,2025-12-05 20:30:00,5,94,94068,2,1,3,6,Place De La Louviere,48.80521,2.487386
202300009653,6,2,2023,2025-12-05 01:40:00,5,33,33063,2,1,1,5,Boulevard Alienor D'Aquitaine,44.87914261,-0.5632755
202300009654,20,10,2023,2025-12-05 12:55:00,1,94,94068,2,1,1,1,Rue Benjamin Franklin,48.79674,2.51385
202300009655,7,2,2023,2025-12-05 11:15:00,1,31,31555,2,1,2,4,Saint Pierre (Pl) Du 8Au 17,43.60393,1.43494
202300009656,7,2,2023,2025-12-05 08:15:00,1,31,31555,2,3,1,3,Rue Du Pont Guilhemery,43.60173,1.45827
202300009657,20,10,2023,2025-12-05 16:30:00,1,94,94043,2,1,2,6,Rue De La Convention,48.81211931,2.35699978
202300009658,6,2,2023,2025-12-05 15:30:00,1,31,31069,2,1,1,3,Zola (All Emile),43.64667,1.36918
202300009659,19,10,2023,2025-12-05 11:50:00,1,94,94021,2,6,1,2,Boulevard Jean Mermoz,48.772746,2.339464
202300009660,6,2,2023,2025-12-05 10:00:00,1,31,31555,2,2,1,3,Rue Roger Camboulives,43.57048,1.3861
202300009661,20,10,2023,2025-12-05 13:55:00,1,93,93066,2,9,2,3,Boulevard De La Liberation,48.929669,2.341
202300009662,7,2,2023,2025-12-05 19:05:00,5,30,30007,2,1,1,6,Rue Rene Cassin,44.10761,4.09818
202300009663,7,2,2023,2025-12-05 16:45:00,1,27,27229,2,6,1,3,Allende (Boulevard Du President),49.00358,1.15162
202300009664,20,10,2023,2025-12-05 12:15:00,1,93,93051,2,3,1,6,Avenue Mederic / Rue Du Richardet,48.8300594,2.56152229
202300009665,20,10,2023,2025-12-05 20:25:00,5,93,93048,2,2,3,3,Rue De Vincennes / Rue Marcellin Berthelot,48.85647,2.43735
202300009666,6,2,2023,2025-12-05 17:41:00,1,27,27229,1,2,1,3,Allende (Boulevard Du President),49.00344,1.14806
202300009667,7,2,2023,2025-12-05 21:05:00,5,25,25388,2,1,1,1,Helvetie (Avenue D'),47.50848,6.80369
202300009668,20,10,2023,2025-12-05 12:46:00,1,93,93031,2,9,2,6,Avenue De La Republique / Rue Du Vert Galant,48.946909,2.344367
202300009669,7,2,2023,2025-12-05 08:35:00,1,22,22278,2,2,1,3,94 Rue De Paris,48.50135676,-2.73446113
202300009670,20,10,2023,2025-12-05 11:45:00,1,93,93029,2,3,2,2,Avenue Henri Barbusse / 8 Rue Du 8 Mai 1945,48.91850681,2.44865493
202300009671,2,2,2023,2025-12-05 16:40:00,1,22,22113,2,1,1,2,Rusquet (Rond Point Du),48.75095,-3.44905
202300009672,20,10,2023,2025-12-05 17:20:00,1,93,93014,2,1,2,6,Parking Allee De La Fosse Maussoin,48.90745,2.53252
202300009673,5,2,2023,2025-12-05 11:30:00,1,18,18033,2,2,1,3,197 Avenue Du General De Gaulle,47.10616,2.41136
202300009674,20,10,2023,2025-12-05 06:50:00,5,93,93001,2,1,2,3,Saint Denis (Rue De),48.9224,2.37211
202300009675,20,10,2023,2025-12-05 18:00:00,2,92,92020,2,3,8,3,Pierre Brossolette,48.81097154,2.29955221
202300009676,6,2,2023,2025-12-05 14:00:00,1,13,13043,2,9,1,2,Pousaraque (Av De La ),43.38673,5.22283
202300009677,20,10,2023,2025-12-05 10:25:00,1,92,92073,2,2,2,6,Syndicat Des Cultivateurs (Rue Du),48.86424977,2.20820582
202300009678,6,2,2023,2025-12-05 09:50:00,1,13,13043,1,1,1,4,Lino Ventura (Av ),43.39373,5.19805
202300009679,7,2,2023,2025-12-05 15:55:00,1,13,13103,2,2,1,3,Chemin Du Quintin,43.63227,5.08976
202300009680,20,10,2023,2025-12-05 08:45:00,1,92,92073,2,4,1,3,Roosvelt (Avenue Franklin),48.872761,2.22109312
202300009681,13,11,2023,2025-12-05 08:05:00,2,92,92077,2,1,2,3,Desvallieres (Chemin),48.82545044,2.19803953
202300009682,7,2,2023,2025-12-05 20:23:00,5,13,13214,2,1,1,3,Arnavon (Avenue),43.33072,5.37992
202300009683,20,10,2023,2025-12-05 20:40:00,5,92,92047,1,1,3,2,Haras De Jardy,48.83,2.15191
202300009684,7,2,2023,2025-12-05 21:30:00,5,13,13213,2,1,1,1,Party (Chemin De),43.34826,5.41611
202300009685,7,2,2023,2025-12-05 12:51:00,1,13,13213,2,1,1,6,Saint Jerome (Avenue De),43.33044,5.41904
202300009686,20,10,2023,2025-12-05 07:59:00,2,92,92048,2,2,3,1,Onze Novembre 1918 (Avenue Du),48.82082659,2.22617269
202300009687,2,2,2023,2025-12-05 16:09:00,1,12,12145,2,3,1,3,Bad Salzuflen (Boulevard De),44.09225,3.06034
202300009688,20,10,2023,2025-12-05 20:35:00,5,92,92040,2,7,2,6,Auguste Gervais,48.82281272,2.27355659
202300009689,6,2,2023,2025-12-05 18:00:00,5,10,10343,2,2,1,3,Dijon (Rue De),48.2771,4.0828
202300009690,20,10,2023,2025-12-05 06:13:00,5,92,92040,2,1,3,3,Pasteur (Avenue),48.82106059,2.26251215
202300009691,6,2,2023,2025-12-05 09:50:00,1,8,8105,2,7,1,6,Mohon Place,49.75244959,4.7315307
202300009692,20,10,2023,2025-12-05 12:10:00,1,92,92035,2,1,2,6,National ( Boulevard ),48.90486,2.23898
202300009693,7,2,2023,2025-12-05 12:00:00,1,6,6088,2,1,1,6,Matisse (Av. Henri),43.6744,7.220604
202300009694,7,2,2023,2025-12-05 08:45:00,1,6,6012,2,1,1,3,Bretelle Vistaero,43.752353,7.429517
202300009695,20,10,2023,2025-12-05 18:40:00,2,92,92025,2,2,2,3,Charles De Gaulle (Bd),48.91454643,2.22896531
202300009696,7,2,2023,2025-12-05 08:25:00,1,6,6030,2,1,1,3,Jourdan (Avenue Michel (Le Cannet),43.561021,6.967372
202300009697,20,10,2023,2025-12-05 06:28:00,5,92,92023,2,2,2,6,Claude Trebignaud (Avenue) Bois S102,48.78958293,2.25271153
202300009698,7,2,2023,2025-12-05 18:20:00,5,6,6004,1,1,1,2,Grasse Rte De,43.60235,7.071913