num_acc,jour,mois,an,hrmn,lum,dep,com,agg,int,atm,col,adr,lat,long
202300009699,6,2,2023,2025-12-05 13:20:00,1,3,3013,1,1,1,6,Route De Decize,46.59571,3.3525
202300009700,20,10,2023,2025-12-05 18:40:00,2,92,92012,2,1,2,2,Victor Hugo (Avenue) 49/Fin - 60/Fin,48.83769,2.24599
202300009701,6,2,2023,2025-12-05 13:00:00,1,988,98818,2,1,1,3,Ndeg44 Rue Auer,-22.2377,166.45134
202300009702,21,10,2023,2025-12-05 01:30:00,5,54,54571,2,1,6,7,54 Grande Rue,48.616373,6.254178
202300009703,6,2,2023,2025-12-05 15:35:00,1,974,97416,1,1,1,3,Ancienne Rn 1,-21.32111,55.4444
202300009704,6,2,2023,2025-12-05 14:10:00,1,973,97302,2,1,1,2,Pasteur (Avenue Louis),4.94382411,-52.32227772
202300009705,20,10,2023,2025-12-05 09:30:00,1,69,69136,1,1,3,1,Route Des Esses,45.64721175,4.74600181
202300009706,3,2,2023,2025-12-05 10:10:00,1,973,97302,2,6,9,1,Eau-Lisette (Cite),4.92850012,-52.32226914
202300009707,14,10,2023,2025-12-05 17:10:00,1,6,6130,2,2,1,3,D6085,43.694231,6.85598
202300009708,6,2,2023,2025-12-05 22:20:00,5,69,69383,2,2,1,3,68 Rue Paul Bert,45.75706,4.85876
202300009709,6,2,2023,2025-12-05 18:45:00,5,69,69387,2,1,1,6,Allee Pierre De Coubertin,45.72267806,4.82999325
202300009710,21,10,2023,2025-12-05 06:20:00,3,60,60069,1,1,1,1,D922,49.1509674,2.92841864
202300009711,6,2,2023,2025-12-05 13:40:00,1,972,97213,1,1,1,1,Z I La Jambette,14.61692,-61.03496
202300009712,20,10,2023,2025-12-05 07:20:00,3,56,56148,1,1,2,2,Adresse_Inconnue,47.77005,-3.17263
202300009713,5,2,2023,2025-12-05 08:45:00,1,971,97101,2,3,2,3,Rue Frederic Jalton,16.248719,-61.531521
202300009714,20,10,2023,2025-12-05 12:30:00,1,67,67436,1,3,2,1,D 424,48.399744,7.139719
202300009715,4,2,2023,2025-12-05 12:45:00,1,971,97113,1,1,1,4,Marina (Zone Commerciale),16.22185,-61.523
202300009716,21,10,2023,2025-12-05 12:46:00,1,82,82180,1,1,1,6,D928,43.91768,1.057456
202300009717,4,2,2023,2025-12-05 08:02:00,1,971,97120,2,9,2,4,Amitie Des Peuples,16.24474,-61.54141
202300009718,6,2,2023,2025-12-05 15:25:00,1,95,95277,2,1,1,6,Rue Claret,48.98712309,2.44085044
202300009719,21,10,2023,2025-12-05 10:30:00,1,81,81217,2,3,1,3,Route Des Barrieres,43.94174489,1.71971353
202300009720,5,2,2023,2025-12-05 06:55:00,5,87,87085,2,2,1,1,Briand (Rue Aristide),45.84335,1.27462
202300009721,16,10,2023,2025-12-05 15:40:00,1,89,89393,1,1,1,5,D965,47.814567,3.894396
202300009722,4,2,2023,2025-12-05 18:39:00,5,87,87085,2,2,1,3,Leclerc (Avenue Du General),45.85174,1.26647
202300009723,4,2,2023,2025-12-05 10:21:00,1,87,87085,2,1,1,6,Blum (Rue Leon),45.82603,1.28389
202300009724,16,10,2023,2025-12-05 16:30:00,1,63,63283,1,2,1,1,D941,45.85016619,2.69805014
202300009725,1,2,2023,2025-12-05 17:40:00,1,87,87085,2,3,1,6,Feuillants (Rue Des),45.83248,1.262354
202300009726,21,10,2023,2025-12-05 12:35:00,1,63,63282,2,3,1,6,Intersection Chemin Du Coin Et D3,45.626055,3.148071
202300009727,5,2,2023,2025-12-05 14:25:00,1,84,84007,2,6,1,3,Lavarin (Chemin Du ),43.92133,4.80274
202300009728,4,2,2023,2025-12-05 07:10:00,4,84,84007,1,1,6,7,Cardinal Bertrand (Cours)-Montfavet,43.93062,4.87443
202300009729,20,10,2023,2025-12-05 13:20:00,1,61,61483,2,1,1,6,D235,48.556489,-0.408926
202300009730,3,2,2023,2025-12-05 09:00:00,1,84,84007,2,1,1,5,Morieres (Route De ),43.95088,4.85422
202300009731,13,10,2023,2025-12-05 07:53:00,2,61,61412,1,6,1,3,Intersection D4/D7,48.504208,0.359265
202300009732,7,2,2023,2025-12-05 00:05:00,5,83,83069,2,1,1,7,Toulon Rd 554 (Avenue De),43.12296,6.1158
202300009733,6,2,2023,2025-12-05 11:50:00,1,83,83069,2,3,1,6,Gambetta (Avenue),43.11975,6.12855
202300009734,20,10,2023,2025-12-05 22:10:00,5,49,49050,2,2,2,3,Grande Rue,47.320391,-0.41034
202300009735,21,10,2023,2025-12-05 13:45:00,1,12,12105,2,2,1,6,D922,44.23679,2.033715
202300009736,21,10,2023,2025-12-05 02:10:00,3,47,47100,1,1,1,6,D13,44.267161,0.632615
202300009737,6,2,2023,2025-12-05 17:00:00,1,77,77378,1,9,1,6,Vieux Moulin(Rue Du),48.528645,2.549964
202300009738,2,8,2023,2025-12-05 07:30:00,1,34,34150,1,1,1,2,D51,43.346357,3.506441
202300009739,5,2,2023,2025-12-05 02:10:00,5,77,77495,1,1,1,1,D346,48.5575,2.61132
202300009740,21,10,2023,2025-12-05 10:00:00,1,25,25320,1,1,1,1,D9,46.778345,6.303341
202300009741,6,2,2023,2025-12-05 10:50:00,1,77,77048,1,2,1,3,D40D / D104,48.32073,2.6953
202300009742,3,2,2023,2025-12-05 14:00:00,1,76,76351,2,2,1,3,Mont Gaillard (Avenue Du),49.52558,0.11537
202300009743,20,10,2023,2025-12-05 14:20:00,1,44,44154,1,1,2,5,Adresse_Inconnue,47.277482,-2.164993
202300009744,6,2,2023,2025-12-05 11:50:00,1,76,76114,2,1,1,2,Gambetta Leon (Rue),49.57081,0.47046
202300009745,20,10,2023,2025-12-05 18:15:00,1,29,29139,1,2,3,3,Tourquelennec,48.307333,-4.024569
202300009746,21,10,2023,2025-12-05 04:10:00,3,70,70408,1,1,8,1,D475,47.27872919,5.58338284
202300009747,6,2,2023,2025-12-05 19:40:00,5,69,69290,2,3,1,5,17 Rue De Provence,45.69423297,4.92367165
202300009748,6,2,2023,2025-12-05 13:45:00,1,69,69259,2,1,1,7,Boulevard Irene Joliot Curie,45.71745,4.87653
202300009749,21,10,2023,2025-12-05 13:40:00,1,58,58295,2,1,2,6,Hameau Le Bouchat,47.323851,2.945296
202300009750,4,2,2023,2025-12-05 18:00:00,2,67,67519,1,1,1,5,La Wantzenau (Route De),48.65090575,7.80647278
202300009751,4,2,2023,2025-12-05 10:30:00,1,67,67482,2,1,1,3,Paul Eluard (Rue),48.59125,7.69326
202300009752,5,2,2023,2025-12-05 10:30:00,1,66,66136,2,2,1,6,Adresse_Inconnue,42.68721,2.901811
202300009753,5,2,2023,2025-12-05 19:34:00,5,65,65440,2,6,1,2,Pau (Rond Point De),43.237647,0.042139
202300009754,6,2,2023,2025-12-05 19:00:00,5,64,64102,2,1,1,5,Avenue Du 14 Avril 1814,43.5019,-1.4574
202300009755,6,2,2023,2025-12-05 09:45:00,1,64,64102,2,1,1,6,Pont Henri Grenet,43.49718,-1.48312
202300009756,5,2,2023,2025-12-05 07:06:00,1,63,63113,2,1,1,6,Menat (Rue Antoine),45.779,3.07603
202300009757,27,1,2023,2025-12-05 12:15:00,1,62,62193,2,1,8,6,Avenue Roger Salengro,50.94477,1.82693
202300009758,5,2,2023,2025-12-05 11:10:00,1,62,62108,2,1,1,2,D317,50.40832,1.59183
202300009759,6,2,2023,2025-12-05 18:55:00,5,59,59616,2,9,1,6,Ferdinand Dervaux (Rue),50.45901,3.56927
202300009760,6,2,2023,2025-12-05 07:35:00,5,59,59512,2,1,1,6,Lannoy (Rue De),50.68345,3.19234
202300009761,6,2,2023,2025-12-05 19:05:00,5,59,59378,2,3,1,6,Chateau D'Eau Chemin Du,50.65513,3.102
202300009762,19,1,2023,2025-12-05 16:20:00,1,59,59271,2,9,7,6,Petite-Synthe - Avenue,51.01595956,2.31440306
202300009763,5,2,2023,2025-12-05 16:10:00,1,58,58194,2,1,1,1,Amiral Jacquinot,46.98306,3.18322
202300009764,4,2,2023,2025-12-05 02:40:00,3,57,57757,1,1,1,6,Kuntzig (Rue De),49.35202,6.21937
202300009765,4,2,2023,2025-12-05 01:25:00,3,57,57019,1,1,2,7,Usine (Rue De L'),49.26253,6.12213
202300009766,5,2,2023,2025-12-05 17:45:00,5,54,54395,2,3,2,3,Adam  (Rue Sigisbert),48.6998,6.1828
202300009767,4,2,2023,2025-12-05 17:50:00,5,54,54526,2,2,1,6,Boulevard Du Millenaire,48.68162,6.21587
202300009768,6,2,2023,2025-12-05 21:44:00,5,54,54580,2,4,1,3,D26,49.469416,5.916561
202300009769,6,2,2023,2025-12-05 13:50:00,1,51,51454,2,1,1,2,Avenue De Champagne,49.23419381,4.04005587
202300009770,6,2,2023,2025-12-05 10:40:00,1,51,51172,2,6,1,2,Place De La Fraternite,49.21477,4.05082
202300009771,4,2,2023,2025-12-05 17:45:00,1,49,49099,2,1,1,7,Ferrie (Avenue Gustave),47.06554,-0.85371
202300009772,6,2,2023,2025-12-05 19:45:00,5,45,45285,2,3,1,2,61 Rue Charles Beauhaire,47.91158,1.87765
202300009773,5,2,2023,2025-12-05 22:24:00,5,45,45068,2,2,1,1,63Bis Rue Du Gatinais,48.01111,2.70798
202300009774,5,2,2023,2025-12-05 18:55:00,5,45,45208,2,2,1,3,134 Rue La Liberation 23 Aout 1944,47.99287751,2.71977416
202300009775,6,2,2023,2025-12-05 08:15:00,1,44,44190,2,1,1,6,130 Boulevard Des Pas Enchantes,47.21085,-1.49883
202300009776,6,2,2023,2025-12-05 21:30:00,5,37,37261,2,1,1,2,Marechal Juin (Bd),47.40995,0.70328
202300009777,6,2,2023,2025-12-05 07:48:00,2,37,37233,2,3,1,6,Loire (Levee De La),47.39698,0.70679
202300009778,6,2,2023,2025-12-05 13:25:00,1,35,35051,2,1,1,6,Allies (Boulevard Des),48.13074004,-1.62101179
202300009779,5,2,2023,2025-12-05 22:30:00,5,34,34032,2,1,1,6,7 Avenue Colonel D'Ornano,43.33895,3.2101
202300009780,5,2,2023,2025-12-05 06:45:00,3,33,33200,2,6,1,3,Avenue De Magudas,44.85871,-0.67286
202300009781,6,2,2023,2025-12-05 16:20:00,1,30,30007,2,3,8,7,Moulin (Grand' Rue Jean),44.12452,4.0736
202300009782,6,2,2023,2025-12-05 16:30:00,1,27,27681,2,1,1,2,Clemenceau (Pont),49.09490887,1.48602963
202300009783,6,2,2023,2025-12-05 06:10:00,5,25,25462,2,9,1,6,Rocade G.Pompidou (Du 25 A La Fin),46.90004,6.33593
202300009784,5,2,2023,2025-12-05 19:20:00,5,25,25462,2,5,4,3,Besancon (Rue De),46.91837,6.34396
202300009785,3,2,2023,2025-12-05 20:22:00,5,21,21540,2,1,1,6,Rue Docteur Schmitt,47.324073,5.073706
202300009786,3,2,2023,2025-12-05 19:45:00,5,19,19031,2,2,1,3,Estienne D'Orves (Boulevard D'),45.16604,1.51986
202300009787,6,2,2023,2025-12-05 08:27:00,1,17,17306,2,1,1,2,Rochefort (De)  (Avenue),45.63998,-1.02494
202300009788,6,2,2023,2025-12-05 21:40:00,5,14,14118,2,1,1,6,Boulevard Henri Becquerel,49.2118,-0.358
202300009789,3,2,2023,2025-12-05 18:05:00,2,30,30032,1,1,1,1,Adresse_Inconnue,43.79280001,4.58557159
202300009790,16,1,2023,2025-12-05 00:15:00,5,30,30032,2,1,1,3,Quai De La Paix,43.8064,4.6362
202300009791,6,2,2023,2025-12-05 19:30:00,5,13,13002,2,1,1,7,Canton Vert (Avenue Du),43.34062035,5.47308258
202300009792,6,2,2023,2025-12-05 15:00:00,1,13,13201,2,3,1,3,Consolat (Rue)     47 A 155,43.30065,5.38837
202300009793,6,2,2023,2025-12-05 11:10:00,1,13,13002,2,6,1,3,Adresse_Inconnue,43.33938329,5.48415861
202300009794,6,2,2023,2025-12-05 07:57:00,2,13,13213,2,1,1,3,Leprince Ringuiet (Rue),43.344,5.44218
202300009795,6,2,2023,2025-12-05 17:00:00,1,13,13001,2,1,1,3,Gambetta (Cours),43.52162,5.45848
202300009796,6,2,2023,2025-12-05 08:30:00,1,4,4112,2,1,8,6,Adresse_Inconnue,43.83358123,5.78648439
202300009797,6,2,2023,2025-12-05 08:50:00,1,1,1053,2,6,1,6,Pignier ( Rue Francois ),46.22022,5.24465
202300009798,6,2,2023,2025-12-05 16:10:00,1,75,75119,2,1,1,2,Porte De Pantin,48.886514,2.397054
202300009799,6,2,2023,2025-12-05 07:40:00,1,75,75116,2,1,1,2,Porte De Saint Cloud,48.835112,2.25999
202300009800,6,2,2023,2025-12-05 08:00:00,1,75,75116,2,1,1,2,Echangeur Muette,48.864239,2.266641
202300009801,7,2,2023,2025-12-05 09:05:00,1,75,75120,2,3,1,6,Avenue Gambetta,48.864126,2.392272
202300009802,7,2,2023,2025-12-05 22:05:00,5,75,75119,2,2,1,6,Avenue De Flandre,48.88438,2.369209
202300009803,7,2,2023,2025-12-05 22:30:00,5,75,75118,2,2,1,3,Rue Ordener,48.893372,2.338261
202300009804,7,2,2023,2025-12-05 08:35:00,1,75,75117,2,4,1,6,Boulevard Pereire,48.887736,2.312558
202300009805,7,2,2023,2025-12-05 13:45:00,1,75,75115,2,3,1,3,Rue De Vaugirard,48.842312,2.310553
202300009806,6,2,2023,2025-12-05 14:00:00,1,75,75114,2,2,1,3,Rue Ferrus,48.831686,2.340878
202300009807,7,2,2023,2025-12-05 11:10:00,1,75,75113,2,1,1,6,Rue Pinel,48.833693,2.360575
202300009808,7,2,2023,2025-12-05 10:20:00,1,75,75112,2,1,1,6,Rue De Charenton,48.837662,2.390776
202300009809,7,2,2023,2025-12-05 15:50:00,1,75,75103,2,2,1,3,Rue De Turenne,48.858156,2.364496
202300009810,7,2,2023,2025-12-05 18:44:00,5,94,94077,2,6,1,6,Place Amedee Soupault /  Avenue Sadi Carnot,48.7349,2.41773
202300009811,7,2,2023,2025-12-05 18:40:00,5,94,94076,2,2,1,3,Avenue Paul Vaillant-Couturier,48.79457,2.36024
202300009812,7,2,2023,2025-12-05 10:30:00,1,94,94003,2,2,1,1,Rue Emile Bougard,48.810119,2.340704
202300009813,7,2,2023,2025-12-05 08:20:00,1,94,94041,2,1,1,3,Avenue Maurice Thorez,48.81143,2.382939
202300009814,7,2,2023,2025-12-05 19:30:00,5,94,94034,2,9,1,2,Rond-Point Roosevelt,48.757671,2.329453
202300009815,7,2,2023,2025-12-05 14:15:00,1,93,93066,2,9,1,6,Rue Du Pont Saint-Lazare,48.944632,2.34838
202300009816,7,2,2023,2025-12-05 10:30:00,1,93,93039,2,1,1,6,29 Quai De Seine,48.940672,2.338696
202300009817,7,2,2023,2025-12-05 08:20:00,1,93,93048,2,9,1,3,13 Avenue Jean Moulin,48.858678,2.449008
202300009818,7,2,2023,2025-12-05 13:10:00,1,93,93046,2,1,1,3,Boulevard Robert Schuman,48.92736,2.54753
202300009819,7,2,2023,2025-12-05 09:30:00,1,93,93010,2,2,1,3,Avenue Gallieni / Route D'Aulnay,48.906032,2.480382
202300009820,7,2,2023,2025-12-05 22:15:00,5,92,92063,2,9,1,3,Jonchere (Chemin De La),48.86817316,2.15723366
202300009821,7,2,2023,2025-12-05 17:00:00,1,92,92062,2,1,1,6,General De Gaulle (Av) Du 63 Au 107,48.88749,2.23324
202300009822,6,2,2023,2025-12-05 10:21:00,1,92,92049,2,1,1,3,Marne Avenue De La,48.81452605,2.30564699
202300009823,7,2,2023,2025-12-05 18:20:00,5,92,92026,2,1,1,4,Jean-Pierre Timbaud,48.89837,2.25286
202300009824,7,2,2023,2025-12-05 16:00:00,1,92,92024,2,1,1,3,Jean Jaures (Bd) De (1 A 45)   (2 A 54),48.898637,2.307394
202300009825,7,2,2023,2025-12-05 08:30:00,1,92,92014,2,3,1,3,Lycee Lakanal (Avenue Du),48.77702,2.31018
202300009826,8,2,2023,2025-12-05 11:15:00,1,8,8362,2,1,1,6,28 Rue Pierre Curie,49.50973,4.364853
202300009827,7,2,2023,2025-12-05 12:55:00,1,95,95313,2,1,1,3,Rd 64,49.1120013,2.21980065
202300009828,7,2,2023,2025-12-05 18:20:00,3,95,95313,2,1,1,6,Avenue Du Chemin Vert,49.11918949,2.22598135
202300009829,8,2,2023,2025-12-05 12:20:00,1,62,62852,2,8,1,3,D219,50.96039629,2.046634
202300009830,8,2,2023,2025-12-05 07:24:00,2,11,11172,1,3,1,3,Adresse_Inconnue,43.266113,2.735628
202300009831,8,2,2023,2025-12-05 12:35:00,1,29,29020,1,1,7,2,Impasse De Kerhoantien,48.1323725,-4.02506687
202300009832,29,4,2023,2025-12-05 20:30:00,1,95,95582,1,1,1,1,D170,48.964095,2.267892
202300009833,28,4,2023,2025-12-05 23:20:00,3,95,95151,1,1,1,6,N104,49.06442,2.26269
202300009834,29,4,2023,2025-12-05 17:45:00,1,94,94042,1,1,1,2,A4,48.82728643,2.46925563
202300009835,28,4,2023,2025-12-05 13:20:00,1,94,94017,1,1,1,3,A4,48.82678408,2.51416833
202300009836,29,4,2023,2025-12-05 18:50:00,5,988,98818,2,3,1,6,Rue Du 18 Juin/Rue Des Tours,-22.2704,166.46408
202300009837,29,4,2023,2025-12-05 19:50:00,5,976,97611,2,1,1,3,Vahibe-Departementale 3 ( Route ),-12.78981,45.17889
202300009838,11,4,2023,2025-12-05 07:30:00,1,973,97302,2,2,1,3,Eboue (Rocade Felix),4.92957207,-52.31509227
202300009839,29,4,2023,2025-12-05 00:30:00,5,69,69266,2,9,2,3,Quai Charles De Gaulle,45.78567,4.86228
202300009840,28,4,2023,2025-12-05 04:00:00,3,972,97209,1,1,1,6,Bretelle Sortie A1,14.61838,-61.03637
202300009841,25,4,2023,2025-12-05 19:40:00,2,972,97209,2,1,3,2,Rd 41 (Rocade),14.61283,-61.07055
202300009842,29,4,2023,2025-12-05 09:50:00,1,69,69385,2,1,8,7,29 Montee De Choulans,45.7525,4.82051
202300009843,29,4,2023,2025-12-05 22:24:00,3,2B,2B120,1,1,1,3,11 - Rt,42.636,9.438
202300009844,29,4,2023,2025-12-05 00:05:00,5,95,95268,2,1,1,6,D84,48.965078,2.407309
202300009845,29,4,2023,2025-12-05 14:50:00,1,91,91657,2,1,8,6,Av Henri Barbusse,48.7051,2.43739
202300009846,29,4,2023,2025-12-05 01:15:00,3,85,85194,2,9,1,2,28 Avenue Charles De Gaulle,46.50554,-1.77182
202300009847,29,4,2023,2025-12-05 10:20:00,1,83,83098,2,1,1,3,Le Leap (Avenue Alain),43.11019,6.021243
202300009848,29,4,2023,2025-12-05 15:29:00,1,83,83129,2,1,1,2,Kennedy (Avenue J.)NdegPairs 2A2560,43.1076,5.81933
202300009849,29,4,2023,2025-12-05 04:40:00,5,83,83069,1,1,1,6,Almanarre (Route De L'),43.08492,6.12872
202300009850,29,4,2023,2025-12-05 09:10:00,1,77,77122,2,6,1,3,Rue De Varennes,48.665846,2.551929
202300009851,29,4,2023,2025-12-05 23:45:00,4,76,76108,2,3,1,1,Route De Neufchatel,49.4641,1.11404
202300009852,29,4,2023,2025-12-05 19:00:00,1,76,76540,2,1,1,4,Quai Du Havre,49.4403,1.08408
202300009853,29,4,2023,2025-12-05 18:15:00,1,76,76540,2,1,1,3,Rue Des Faulx,49.44173,1.10095
202300009854,29,4,2023,2025-12-05 10:40:00,1,76,76540,2,1,1,3,Quai De Boisguilbert,49.443154,1.074878
202300009855,29,4,2023,2025-12-05 13:40:00,1,72,72003,2,6,1,6,19 Mars 1962 (Av),47.96396,0.16318
202300009856,29,4,2023,2025-12-05 21:25:00,5,71,71076,2,3,1,3,Kennedy (Avenue John Fitzgerald),46.79649,4.86276
202300009857,29,4,2023,2025-12-05 12:52:00,1,64,64129,2,9,2,2,Bayonne De,43.30161266,-0.39534688
202300009858,29,4,2023,2025-12-05 11:27:00,1,64,64024,2,1,2,3,Adour (Avenue De L'),43.51193,-1.50026
202300009859,29,4,2023,2025-12-05 19:15:00,1,61,61001,2,2,1,2,Avenue De Quakenbruck,48.438389,0.102616
202300009860,29,4,2023,2025-12-05 07:10:00,1,59,59512,2,1,8,6,Nations Unies (Avenue Des),50.694438,3.172882
202300009861,29,4,2023,2025-12-05 21:45:00,5,59,59350,2,3,1,3,Ferrer Francisco Rue,50.62953324,3.09100986
202300009862,29,4,2023,2025-12-05 03:50:00,5,59,59350,2,2,1,3,Royale Rue,50.64291,3.0558
202300009863,29,4,2023,2025-12-05 16:08:00,1,57,57660,2,1,8,6,Saint Francois (Rue),49.20114,6.9283
202300009864,29,4,2023,2025-12-05 17:20:00,1,51,51454,2,1,1,3,Rue Des Thiolettes,49.25044,4.05512
202300009865,29,4,2023,2025-12-05 16:18:00,1,49,49007,2,2,1,3,Strasbourg Boulevard,47.4571,-0.55407
202300009866,28,4,2023,2025-12-05 19:00:00,1,46,46042,2,1,1,1,Beyne (Avenue De La) NdegPair,44.42959,1.44213
202300009867,29,4,2023,2025-12-05 04:10:00,5,38,38185,2,2,2,3,Edmond Esmonin (Avenue),45.15946297,5.72414745
202300009868,29,4,2023,2025-12-05 04:15:00,5,37,37261,2,9,1,6,Grammont (Avenue De),47.38648,0.69026
202300009869,29,4,2023,2025-12-05 12:30:00,1,33,33281,2,1,1,3,Rue Rouget De Lisle,44.84508,-0.68737
202300009870,29,4,2023,2025-12-05 13:45:00,1,33,33063,2,2,2,2,Boulevard Antoine Gautier,44.83663638,-0.59887826
202300009871,28,4,2023,2025-12-05 16:00:00,1,33,33119,2,1,1,3,Boulevard Joliot-Curie,44.85081,-0.53782
202300009872,28,4,2023,2025-12-05 19:35:00,1,33,33009,2,1,1,6,Tartas (Crs) Du 02 Au 92,44.66024,-1.16927
202300009873,28,3,2023,2025-12-05 18:05:00,1,29,29232,2,6,1,3,Rond-Point Philippe Lebon,47.99463,-4.0731
202300009874,28,4,2023,2025-12-05 07:30:00,2,29,29019,2,6,1,2,Place Des Formes,48.386152,-4.475191
202300009875,29,4,2023,2025-12-05 21:40:00,3,28,28085,2,1,1,6,Mermoz (Rue Jean),48.45153,1.51521
202300009876,29,4,2023,2025-12-05 18:00:00,1,26,26198,1,1,1,7,Rue Marceau Bres,44.54938,4.71379
202300009877,29,4,2023,2025-12-05 05:40:00,5,25,25056,2,6,1,2,Churchill Bd Winston,47.246333,5.997974
202300009878,28,4,2023,2025-12-05 17:13:00,1,10,10387,2,3,1,3,Dampierre (Quai),48.30316,4.07571
202300009879,29,4,2023,2025-12-05 13:10:00,1,3,3190,2,6,1,3,Pont Regemortes,46.56254,3.32507
202300009880,28,4,2023,2025-12-05 18:30:00,1,3,3101,2,2,7,3,Rue Du Chat-Huant,46.37061,2.56788
202300009881,29,4,2023,2025-12-05 08:05:00,1,75,75112,2,1,1,2,Porte Doree,48.833569,2.408341
202300009882,29,4,2023,2025-12-05 18:30:00,1,75,75118,2,3,1,3,Place De La Chapelle,48.884787,2.359249
202300009883,29,4,2023,2025-12-05 16:30:00,1,75,75117,2,1,1,3,Boulevard Du Fort De Vaux,48.893115,2.302399
202300009884,29,4,2023,2025-12-05 14:20:00,1,75,75116,2,1,1,2,Avenue De New York,48.860204,2.290907
202300009885,29,4,2023,2025-12-05 10:30:00,1,75,75115,2,4,1,3,Quai D Issy Les Moulineaux,48.835403,2.266885
202300009886,29,4,2023,2025-12-05 16:45:00,1,75,75104,2,2,1,6,Rue Saint Martin,48.858069,2.349685
202300009887,29,4,2023,2025-12-05 11:50:00,1,75,75102,2,2,1,6,Boulevard Saint Denis,48.869327,2.354265
202300009888,28,4,2023,2025-12-05 17:55:00,1,75,75112,2,2,1,3,Avenue De Paris,48.84457231,2.43877172
202300009889,29,4,2023,2025-12-05 12:10:00,1,94,94068,2,2,1,3,Avenue Gambetta,48.79800638,2.49129742
202300009890,29,4,2023,2025-12-05 08:40:00,1,94,94002,2,1,2,6,40 Quai Blanqui,48.80466,2.41149
202300009891,28,4,2023,2025-12-05 21:40:00,5,94,94002,2,6,1,2,Place D'Ochagan,48.78706,2.42287
202300009892,29,4,2023,2025-12-05 05:00:00,3,93,93073,2,1,1,2,Aeroport Charles De Gaulle,48.99478616,2.54284859
202300009893,29,4,2023,2025-12-05 19:50:00,1,93,93048,2,2,1,3,Bd Paul Vaillant Couturier / Rue Des Epernons,48.86806483,2.44662416
202300009894,29,4,2023,2025-12-05 19:10:00,1,93,93031,2,1,1,4,Avenue De Lattre De Tassigny,48.955353,2.312221
202300009895,28,4,2023,2025-12-05 18:30:00,1,93,93047,2,3,1,3,Avenue Jean Jaures / Avenue Des Rosiers,48.89865,2.54887
202300009896,29,4,2023,2025-12-05 21:00:00,2,93,93005,2,1,1,6,Rue Du Prefet Chaleil,48.9398718,2.5060564
202300009897,29,4,2023,2025-12-05 20:00:00,1,93,93001,2,1,1,1,Quai Adrien Agnes,48.918795,2.369055
202300009898,29,4,2023,2025-12-05 18:50:00,1,92,92063,2,1,1,2,Dix-Huit Juin 1940 (Avenue Du) Est,48.867909,2.194344
202300009899,29,4,2023,2025-12-05 17:30:00,1,92,92051,2,9,1,3,General Koenig (Boulevard Du),48.88489,2.25507
202300009900,1,5,2023,2025-12-05 15:25:00,1,60,60223,2,1,1,6,Rue De La Ganterie,49.42754581,2.63555199
202300009901,29,4,2023,2025-12-05 14:40:00,1,45,45334,1,1,8,7,D88 Pr 9 + 590,47.873051,2.438096
202300009902,30,4,2023,2025-12-05 16:50:00,1,6,6044,2,6,2,4,Boulevard Pierre Sauvaigo,43.6837,7.11509
202300009903,23,4,2023,2025-12-05 19:20:00,2,28,28021,1,3,2,3,D921,48.353267,1.308615
202300009904,1,5,2023,2025-12-05 02:30:00,3,972,97221,1,1,1,1,Rn5,14.526697,-60.982275
202300009905,1,5,2023,2025-12-05 02:08:00,5,974,97413,1,1,1,1,4 Rue Rolland Garros,-21.150555,55.302558
202300009906,30,4,2023,2025-12-05 16:30:00,1,19,19148,1,1,1,6,"Vent-Bas, Neuvic",45.31125,2.293568
202300009907,29,4,2023,2025-12-05 20:30:00,2,59,59135,1,1,1,7,Route D'Oudezeele,50.81524511,2.49839187
202300009908,29,4,2023,2025-12-05 11:30:00,1,76,76208,1,1,1,3,Route Du Mont Louvet,49.50661,1.668688
202300009909,30,4,2023,2025-12-05 05:30:00,3,76,76067,2,1,1,7,Route Du Camp Caillot,49.484841,1.617157
202300009910,29,4,2023,2025-12-05 17:10:00,1,63,63234,1,1,1,6,Rd 978 Pk21+200,45.56402592,3.06059341
202300009911,30,4,2023,2025-12-05 16:30:00,1,49,49125,2,2,1,1,"D69 - Intersection Boulevard Dr Lionet, Rue D'Argenton Et Boulevard Jacques Savary",47.187456,-0.279478
202300009912,28,4,2023,2025-12-05 15:30:00,1,12,12171,1,1,1,7,D901,44.506254,2.430575
202300009913,29,4,2023,2025-12-05 23:00:00,3,46,46183,1,1,3,7,Montredon,44.54846,1.800385
202300009914,1,5,2023,2025-12-05 00:10:00,3,47,47195,1,1,1,5,"Pr 9+210, Rd 930",44.09178289,0.36100287
202300009915,30,4,2023,2025-12-05 11:11:00,1,86,86290,2,3,1,3,Route De Gizay,46.456656,0.37476
202300009916,30,4,2023,2025-12-05 11:28:00,1,68,68302,1,1,1,3,D83,47.745052,7.150791
202300009917,1,5,2023,2025-12-05 07:20:00,1,2,2447,1,1,1,7,D6,49.307861,3.455672
202300009918,30,4,2023,2025-12-05 15:15:00,1,2,2280,1,1,1,6,Adresse_Inconnue,49.100988,3.452239
202300009919,30,4,2023,2025-12-05 18:10:00,1,1,1236,1,1,1,6,Route De Bage,46.328795,5.060974
202300009920,1,5,2023,2025-12-05 15:00:00,1,58,58210,1,1,1,7,Ruisseau Morin,47.128885,4.046504
202300009921,30,4,2023,2025-12-05 17:30:00,1,66,66146,1,1,5,2,Adresse_Inconnue,42.555735,1.744423
202300009922,30,4,2023,2025-12-05 16:10:00,1,72,72080,1,9,1,1,"Route Du Mans, Rd323",48.153978,0.631258
202300009923,29,4,2023,2025-12-05 18:55:00,1,50,50579,2,1,1,7,D62 Route De Valognes,49.52572,-1.589536