num_acc,jour,mois,an,hrmn,lum,dep,com,agg,int,atm,col,adr,lat,long
202300009924,30,4,2023,2025-12-05 17:20:00,1,43,43113,2,3,1,6,57-59 Rue Du Puy,45.003884,3.999166
202300009925,30,4,2023,2025-12-05 16:30:00,1,16,16347,2,1,1,1,D2,45.267294,0.168282
202300009926,1,5,2023,2025-12-05 08:30:00,1,24,24443,1,1,1,7,1445 Route Des Lacets,45.021885,1.091219
202300009927,1,5,2023,2025-12-05 10:57:00,1,85,85020,2,1,1,3,Rd148,46.37308,-0.58383
202300009928,30,4,2023,2025-12-05 20:05:00,2,37,37257,1,1,1,1,La Pinardiere,47.242608,0.582334
202300009929,30,4,2023,2025-12-05 17:05:00,1,8,8311,1,1,1,1,D 19,49.608961,5.109753
202300009930,29,4,2023,2025-12-05 17:50:00,2,987,98745,1,1,1,3,Pk 8+800 A Tapuamu,-16.62,-151.496
202300009931,30,4,2023,2025-12-05 20:48:00,2,37,37072,1,2,1,2,Les Pussinieres,47.18658209,0.22459745
202300009932,30,4,2023,2025-12-05 18:45:00,1,77,77455,1,1,1,7,D619,48.63479,2.736858
202300009933,1,5,2023,2025-12-05 12:35:00,1,83,83127,1,1,1,7,D402,43.24975312,5.80656228
202300009934,1,5,2023,2025-12-05 11:30:00,1,83,83030,1,2,1,5,Rd43 Intersection D12,43.363293,6.093915
202300009935,30,4,2023,2025-12-05 23:30:00,3,67,67345,1,1,1,7,Rue Des Champs,48.773222,7.874644
202300009936,1,5,2023,2025-12-05 10:55:00,1,88,88196,1,1,1,7,Departementale 486 Pk 029.695,48.030884,6.868837
202300009937,1,5,2023,2025-12-05 15:50:00,1,38,38467,1,4,1,1,Route Du Bugey,45.673083,5.359869
202300009938,30,4,2023,2025-12-05 20:10:00,2,7,7245,1,1,1,6,Rd86,45.092156,4.81876
202300009939,19,4,2023,2025-12-05 21:00:00,5,69,69157,1,6,1,3,Route Nationale 7,45.879108,4.475089
202300009940,1,5,2023,2025-12-05 12:50:00,1,33,33207,2,1,1,6,268 Avenue D'Uchamp,44.905988,-0.360695
202300009941,30,4,2023,2025-12-05 23:45:00,5,76,76533,1,9,1,7,Parc Logistique Du Pont De Normandie,49.476058,0.260367
202300009942,30,4,2023,2025-12-05 19:40:00,1,80,80176,1,2,1,3,D1017,49.702238,2.808487
202300009943,30,4,2023,2025-12-05 20:00:00,1,80,80561,1,1,1,7,822 Rue Pasteur Prolongee,49.654332,2.597832
202300009944,30,4,2023,2025-12-05 17:45:00,1,62,62693,1,1,1,6,D72,50.444516,2.561952
202300009945,29,4,2023,2025-12-05 17:09:00,1,13,13071,1,1,1,3,A7-Sens Marseille Vers Lyon,43.40572,5.29322
202300009946,29,4,2023,2025-12-05 06:00:00,2,13,13211,1,1,1,6,Adresse_Inconnue,43.29046,5.44828
202300009947,28,4,2023,2025-12-05 02:20:00,3,13,13005,1,1,1,7,A50-Sens Marseille Vers Aubagne,43.28858,5.56053
202300009948,28,4,2023,2025-12-05 10:45:00,1,13,13022,1,1,1,6,A50-Sens Aubagne Vers Toulon,43.232189,5.586662
202300009949,28,4,2023,2025-12-05 22:10:00,5,83,83137,1,1,1,5,A50,43.125395,5.899183
202300009950,26,4,2023,2025-12-05 22:00:00,3,91,91659,1,1,1,2,Autoroute A6,48.58137,2.45951
202300009951,29,4,2023,2025-12-05 13:58:00,1,92,92036,1,1,1,2,A86,48.93554103,2.28513973
202300009952,29,4,2023,2025-12-05 01:52:00,3,78,78466,1,1,1,6,A13,48.92435,2.0
202300009953,28,4,2023,2025-12-05 22:33:00,5,92,92064,1,1,1,6,A13,48.83978493,2.20977193
202300009954,28,4,2023,2025-12-05 20:30:00,1,93,93007,1,1,1,4,Autoroute A3,48.93338,2.48078
202300009955,29,4,2023,2025-12-05 04:20:00,3,92,92036,1,1,1,1,Autoroute A15,48.94920532,2.28069842
202300009956,28,4,2023,2025-12-05 12:10:00,1,93,93027,1,1,1,3,Autoroute A86,48.9259159,2.39833117
202300009957,28,4,2023,2025-12-05 08:30:00,1,93,93029,1,1,2,3,Autoroute A86,48.92634273,2.42216545
202300009958,27,4,2023,2025-12-05 10:56:00,1,973,97302,2,1,2,3,Cabassou (Route De),4.91758345,-52.31308195
202300009959,27,4,2023,2025-12-05 08:01:00,1,973,97302,2,1,1,3,Baduel (Route De),4.92872,-52.29798
202300009960,28,4,2023,2025-12-05 19:00:00,1,69,69382,2,3,2,3,27 Quai Tilsitt,45.75506,4.82588
202300009961,28,4,2023,2025-12-05 17:40:00,1,69,69381,2,3,1,3,Boulevard De La Croix-Rousse,45.7723,4.81907
202300009962,28,4,2023,2025-12-05 12:25:00,1,69,69385,2,2,1,3,Pont Kitchener-Marchand,45.75175289,4.82148937
202300009963,28,4,2023,2025-12-05 10:15:00,1,69,69385,2,1,1,2,143 Avenue Barthelemy Buyer,45.76362608,4.79811802
202300009964,4,6,2023,2025-12-05 18:45:00,1,54,54300,2,1,1,6,Rue Raoul Cezard,48.64972203,6.23847887
202300009965,4,6,2023,2025-12-05 19:27:00,2,54,54575,1,1,1,6,D26B,49.4768,5.85592
202300009966,28,4,2023,2025-12-05 04:30:00,5,69,69382,2,2,1,3,Rue De La Bourse,45.76499,4.83688
202300009967,4,6,2023,2025-12-05 17:05:00,1,53,53130,2,1,7,6,11 Novembre ( Place Du ),48.071105,-0.773318
202300009968,26,4,2023,2025-12-05 18:08:00,1,69,69034,2,5,1,3,Grande Rue De Saint Clair,45.79104803,4.8600472
202300009969,4,6,2023,2025-12-05 20:00:00,1,44,44109,2,1,1,3,12 Boulevard Emile Gabory,47.196625,-1.531222
202300009970,28,4,2023,2025-12-05 22:02:00,5,2B,2B037,2,1,1,6,Toutes Rues,42.61906,9.43697
202300009971,4,6,2023,2025-12-05 13:00:00,1,44,44109,2,1,1,1,22 Rue Paul Bellamy,47.22199,-1.55633
202300009972,28,4,2023,2025-12-05 20:45:00,2,95,95476,1,9,1,6,D915,49.06994601,2.08295579
202300009973,3,6,2023,2025-12-05 16:26:00,1,42,42053,1,1,1,6,Route De Sainte Croix,45.50749,4.62951
202300009974,28,4,2023,2025-12-05 05:15:00,3,95,95218,2,2,2,3,N184,49.0183652,2.09600687
202300009975,2,6,2023,2025-12-05 08:00:00,1,42,42207,2,2,1,3,Chemin De Grange Badet,45.45847,4.502139
202300009976,3,6,2023,2025-12-05 14:30:00,1,38,38053,2,3,1,3,Barbusse,45.59077,5.27207
202300009977,28,4,2023,2025-12-05 10:54:00,1,87,87085,2,3,1,2,Ruben (Avenue Ernest),45.82135,1.25158
202300009978,4,6,2023,2025-12-05 15:45:00,1,35,35051,1,9,1,2,Beaulieu (Porte De),48.10129005,-1.61023468
202300009979,27,4,2023,2025-12-05 17:27:00,1,87,87065,2,6,1,3,Plaisance ( Rond Point De ),45.8183,1.29539
202300009980,4,6,2023,2025-12-05 03:45:00,5,35,35238,2,1,1,6,Guilloux (Louis),48.11065,-1.69997
202300009981,27,4,2023,2025-12-05 14:26:00,1,87,87050,1,3,1,3,Poitiers (Rue De),45.89753,1.22866
202300009982,4,6,2023,2025-12-05 11:30:00,1,30,30028,2,2,1,3,Route De Saint-Gervais,44.1782,4.6143
202300009983,28,4,2023,2025-12-05 08:10:00,1,83,83137,2,3,1,1,Clovis (Ave Hugues),43.13894486,5.90443897
202300009984,3,6,2023,2025-12-05 06:50:00,1,29,29232,2,1,1,6,Rue President Sadate,47.97765,-4.09777
202300009985,21,4,2023,2025-12-05 18:55:00,1,80,80021,2,9,1,6,Paix (Avenue De La),49.91164,2.30868
202300009986,4,6,2023,2025-12-05 05:45:00,2,29,29019,2,1,1,6,Rue De Maissin,48.38633,-4.503
202300009987,4,6,2023,2025-12-05 10:00:00,1,28,28134,1,1,1,2,Rn 12 (Cite Americaine),48.74618,1.37952
202300009988,28,4,2023,2025-12-05 18:05:00,1,72,72181,2,1,1,6,Champfleury (Chemin De),48.0239,0.14403
202300009989,3,6,2023,2025-12-05 20:00:00,1,25,25056,2,6,1,3,Rue Boissy D'Anglas,47.243893,6.052573
202300009990,28,4,2023,2025-12-05 18:15:00,1,69,69275,2,2,1,3,Avenue Jean Jaures,45.77077,4.9825
202300009991,28,4,2023,2025-12-05 13:00:00,1,69,69266,2,2,1,1,Rue De La Doua,45.77664,4.87415
202300009992,2,6,2023,2025-12-05 17:30:00,1,15,15014,2,3,1,3,Firminy (Rue De),44.91564,2.43192
202300009993,4,6,2023,2025-12-05 18:40:00,1,13,13208,2,1,2,7,Pointe Rouge (Ave),43.24813465,5.37497163
202300009994,26,4,2023,2025-12-05 21:12:00,5,68,68066,2,2,1,2,Route De Selestat,48.08479,7.36191
202300009995,26,4,2023,2025-12-05 19:35:00,1,66,66136,2,2,1,1,Adresse_Inconnue,42.6932,2.9038
202300009996,4,6,2023,2025-12-05 16:30:00,1,13,13209,2,6,1,1,Leon Lachamp (Route),43.24496,5.42791
202300009997,28,4,2023,2025-12-05 12:22:00,1,65,65047,2,2,1,3,Avenue Jean Jaures,43.255406,0.10037
202300009998,4,6,2023,2025-12-05 11:10:00,1,6,6029,2,1,1,3,Hibert (Boulevard Jean),43.54809,7.01251
202300009999,28,4,2023,2025-12-05 12:10:00,1,64,64445,1,9,1,4,Europe De L',43.321161,-0.311534
202300010000,27,4,2023,2025-12-05 19:54:00,1,63,63113,2,2,1,2,Oradou / Medicis,45.76953,3.1121
202300010001,4,6,2023,2025-12-05 15:50:00,1,75,75118,2,1,1,3,Porte De Saint Ouen,48.900701,2.334452
202300010002,27,4,2023,2025-12-05 21:25:00,3,56,56083,2,6,2,7,Liberation ( Av. De La ),47.80441,-3.27325
202300010003,27,4,2023,2025-12-05 16:50:00,1,54,54395,2,2,1,6,Lobau (Boulevard),48.679622,6.198697
202300010004,4,6,2023,2025-12-05 13:30:00,1,75,75116,2,1,1,2,Porte De Passy,48.853921,2.253668
202300010005,26,4,2023,2025-12-05 10:06:00,1,51,51108,2,5,1,3,Metz (Ave De),48.95923,4.38372
202300010006,4,6,2023,2025-12-05 12:04:00,1,75,75120,2,2,1,3,Rue Des Pyrenees,48.852707,2.406128
202300010007,28,4,2023,2025-12-05 10:25:00,1,49,49099,2,6,1,3,D160,47.05813,-0.85646
202300010008,27,4,2023,2025-12-05 17:11:00,1,49,49007,2,9,2,7,Daviers Boulevard,47.47858,-0.55621
202300010009,4,6,2023,2025-12-05 05:55:00,4,75,75120,2,2,1,3,Rue De Bagnolet,48.859149,2.402129
202300010010,27,4,2023,2025-12-05 13:51:00,1,49,49015,2,1,2,1,Copernic Rue,47.51628,-0.61165
202300010011,4,6,2023,2025-12-05 20:10:00,1,75,75118,2,2,1,3,Rue Boucry,48.894062,2.361758
202300010012,27,4,2023,2025-12-05 14:03:00,1,49,49007,2,2,1,3,Copernic,47.48287,-0.52237
202300010013,28,4,2023,2025-12-05 22:19:00,5,45,45234,2,1,1,3,Avenue Roger Secretain,47.87219,1.91259
202300010014,3,6,2023,2025-12-05 18:17:00,1,75,75117,2,3,1,3,Avenue De Villiers,48.885154,2.295659
202300010015,4,6,2023,2025-12-05 12:35:00,1,75,75114,2,1,1,6,Boulevard Brune,48.824644,2.319529
202300010016,28,4,2023,2025-12-05 20:10:00,1,44,44162,2,1,1,3,57 Boulevard Du Massacre,47.2335,-1.59
202300010017,28,4,2023,2025-12-05 13:45:00,1,38,38151,2,1,1,6,Avenue Paul Vaillant-Couturier,45.14896,5.70265
202300010018,4,6,2023,2025-12-05 20:30:00,2,75,75112,2,2,7,3,Boulevard Poniatowski,48.831825,2.39767
202300010019,4,6,2023,2025-12-05 06:30:00,1,75,75103,2,7,1,2,Place De La Republique,48.867955,2.36239
202300010020,27,4,2023,2025-12-05 08:10:00,1,38,38421,2,3,7,3,Rue Henri Wallon,45.17284,5.75864
202300010021,4,6,2023,2025-12-05 06:20:00,2,75,75111,2,1,1,6,Boulevard De Belleville,48.870021,2.379098
202300010022,28,4,2023,2025-12-05 18:30:00,1,37,37261,2,1,1,6,Vaillant (Rue Edouard),47.38025,0.70814
202300010023,4,6,2023,2025-12-05 01:00:00,5,75,75108,2,2,1,3,Rue De Miromesnil,48.876544,2.31568
202300010024,28,4,2023,2025-12-05 18:25:00,1,37,37261,2,6,1,3,Pompidou (Avenue Georges),47.39484,0.70463
202300010025,28,4,2023,2025-12-05 14:05:00,1,33,33063,2,2,1,6,Cours De L'Yser,44.82977479,-0.568057
202300010026,3,6,2023,2025-12-05 16:30:00,1,75,75116,2,2,1,3,Avenue Du Mahatma Gandhi,48.875844,2.262196
202300010027,22,3,2023,2025-12-05 13:40:00,1,30,30189,2,2,1,1,Avenue Kenndy,43.82618,4.332368
202300010028,27,4,2023,2025-12-05 17:50:00,1,29,29019,2,3,2,2,Rue De Kervao,48.42217949,-4.50025499
202300010029,4,6,2023,2025-12-05 18:40:00,1,94,94074,2,1,1,6,Avenue Julien Duranton,48.760877,2.449482
202300010030,28,4,2023,2025-12-05 15:20:00,1,28,28134,1,1,1,2,Rn 12 (Les Chatelets),48.7447,1.39165
202300010031,4,6,2023,2025-12-05 14:00:00,1,94,94078,2,3,7,3,Avenue Du 8 Mai 1945,48.72761782,2.44548033
202300010032,27,4,2023,2025-12-05 18:00:00,1,27,27681,2,1,2,3,Bonnard (Rue Pierre),49.1013,1.48597
202300010033,28,4,2023,2025-12-05 18:20:00,1,25,25580,2,1,1,6,Gerome (Allee Jean-Leon),47.478545,6.829444
202300010034,4,6,2023,2025-12-05 09:15:00,1,94,94081,2,3,1,3,Avenue De La Republique,48.80242,2.39725
202300010035,28,4,2023,2025-12-05 01:30:00,5,25,25056,2,1,9,6,Malcombe  Chemin De La,47.22446,5.98344
202300010036,3,4,2023,2025-12-05 23:33:00,5,94,94077,2,9,1,6,D136,48.730822,2.425458
202300010037,28,4,2023,2025-12-05 10:35:00,1,13,13103,2,9,1,6,Boulevard Joly - Victor,43.63839616,5.09529997
202300010038,4,6,2023,2025-12-05 00:40:00,5,94,94073,2,1,1,6,Avenue Du Luxembourg,48.756482,2.374005
202300010039,27,4,2023,2025-12-05 19:58:00,1,10,10333,2,1,1,6,Croix Blanche (Rue De La ),48.27769,4.0544
202300010040,28,4,2023,2025-12-05 14:00:00,1,7,7281,1,1,1,7,C.D.533,44.93862,4.8309
202300010041,4,6,2023,2025-12-05 12:40:00,1,94,94019,2,1,1,4,40 Rue De Sucy,48.78771096,2.52068156
202300010042,28,4,2023,2025-12-05 12:00:00,1,7,7102,2,1,1,7,Chemin Des Mulets,44.93876,4.85839
202300010043,28,4,2023,2025-12-05 03:20:00,5,6,6069,2,9,1,6,Baudoin (Avenue Yves Emmauel)  -D2085-,43.65777,6.91879
202300010044,4,6,2023,2025-12-05 03:00:00,5,93,93073,2,1,1,6,Onzieme Avenue,48.96540053,2.57298276
202300010045,27,4,2023,2025-12-05 23:30:00,5,75,75116,2,1,2,2,Bd Peripherique Interieur,48.873578,2.275295
202300010046,27,4,2023,2025-12-05 16:55:00,1,75,75114,2,1,1,2,Bd Peripherique Interieur,48.819228,2.329614
202300010047,4,6,2023,2025-12-05 15:30:00,1,93,93072,2,1,1,3,Avenue Gaston Monmousseau,48.94889777,2.39011497
202300010048,27,4,2023,2025-12-05 08:20:00,1,75,75118,2,1,1,3,Bd Peripherique Exterieur Porte De Clignancourt,48.901194,2.350747
202300010049,26,4,2023,2025-12-05 13:20:00,1,75,75116,2,1,1,5,Porte Maillot,48.869784,2.271684
202300010050,3,6,2023,2025-12-05 23:15:00,5,93,93064,2,1,1,2,Avenue De La Republique,48.86824977,2.48504812
202300010051,26,4,2023,2025-12-05 23:20:00,5,75,75120,2,1,1,4,Porte De Bagnolet,48.851873,2.414958
202300010052,28,4,2023,2025-12-05 00:05:00,5,75,75119,2,9,2,7,Place Skanderbeg,48.901223,2.370703
202300010053,3,6,2023,2025-12-05 23:45:00,5,93,93055,2,3,1,3,Avenue Jean Lolive / Rue Lepine,48.89445,2.41976
202300010054,28,4,2023,2025-12-05 09:30:00,1,75,75117,2,1,1,7,Boulevard De Douaumont,48.895368,2.307319
202300010055,28,4,2023,2025-12-05 02:20:00,5,75,75116,2,1,3,7,Avenue De Versailles,48.843235,2.269542
202300010056,4,6,2023,2025-12-05 18:40:00,1,93,93053,2,4,7,1,Rue De La Chasse / Boulevard Gabriel Peri,48.88007,2.46079
202300010057,26,4,2023,2025-12-05 23:50:00,5,75,75116,2,2,8,6,Avenue Des Nations Unies,48.860838,2.291329
202300010058,4,6,2023,2025-12-05 17:45:00,1,93,93051,2,3,1,3,Quai De La Rive Charmante / Rue Suzanne,48.85384,2.54485
202300010059,27,4,2023,2025-12-05 21:10:00,5,75,75114,2,7,2,3,Place Denfert Rochereau,48.833696,2.331799
202300010060,28,4,2023,2025-12-05 16:00:00,1,75,75113,2,3,1,3,Pont D Austerlitz,48.84442397,2.36503243
202300010061,4,6,2023,2025-12-05 14:30:00,1,93,93051,2,2,1,3,Avenue Du Marechal Joffre / Rue De La Republique,48.84663,2.5564
202300010062,28,4,2023,2025-12-05 14:40:00,1,75,75112,2,1,1,5,Boulevard De Picpus,48.842108,2.401365
202300010063,28,4,2023,2025-12-05 12:05:00,1,75,75111,2,2,1,3,Avenue De La Republique,48.866166,2.369632
202300010064,27,4,2023,2025-12-05 23:20:00,5,75,75110,2,2,2,3,Rue D Enghien,48.872118,2.35004
202300010065,4,6,2023,2025-12-05 18:50:00,1,93,93050,2,2,1,6,Rue D'Avron / Rue Des Glycines,48.85918124,2.52420041
202300010066,28,4,2023,2025-12-05 02:55:00,5,75,75116,2,3,3,2,Boulevard De Beausejour,48.856615,2.266321
202300010067,4,6,2023,2025-12-05 22:00:00,2,93,93046,2,1,1,3,Boulevard De L'Europe,48.92818913,2.55199513
202300010068,4,6,2023,2025-12-05 20:30:00,1,93,93029,2,1,1,3,Avenue Henri Barbusse,48.91558535,2.44241148
202300010069,4,6,2023,2025-12-05 18:30:00,1,93,93057,2,1,1,4,Avenue Aristide Briand,48.91000623,2.50878553
202300010070,4,6,2023,2025-12-05 21:00:00,1,93,93007,2,1,1,2,Avenue Du Marechal Foch,48.92775,2.46653
202300010071,22,11,2023,2025-12-05 08:50:00,1,75,75120,2,1,1,2,Bd Peripherique Interieur Porte De Montreuil,48.855447,2.413826
202300010072,4,6,2023,2025-12-05 16:19:00,1,92,92050,2,9,1,2,Usine Electrique Chemin D'Acces,48.90755226,2.21192658
202300010073,21,11,2023,2025-12-05 21:00:00,5,75,75112,2,1,1,5,Porte Doree,48.834102,2.40929
202300010074,3,6,2023,2025-12-05 12:20:00,1,59,59594,2,1,1,2,Rue Alphonse Dussart,50.493633,3.447545
202300010075,21,11,2023,2025-12-05 19:20:00,5,75,75112,2,1,8,2,Porte De Vincennes,48.846538,2.414356
202300010076,3,6,2023,2025-12-05 15:25:00,1,39,39085,1,1,8,7,Adresse_Inconnue,46.733566,6.10636
202300010077,23,11,2023,2025-12-05 16:55:00,2,75,75119,2,2,1,2,Rue De Meaux,48.882815,2.375692
202300010078,3,6,2023,2025-12-05 15:15:00,1,35,35328,1,1,1,3,Metairie Neuve,47.783744,-2.071287
202300010079,23,11,2023,2025-12-05 10:00:00,1,75,75119,2,5,2,2,Place De La Bataille De Stalingrad,48.882806,2.370305
202300010080,30,5,2023,2025-12-05 14:30:00,1,50,50493,2,4,1,7,Route Du Village Pestour,48.798203,-1.478251
202300010081,23,11,2023,2025-12-05 16:03:00,1,75,75117,2,3,8,3,Boulevard Pereire,48.8863,2.300582
202300010082,4,6,2023,2025-12-05 23:00:00,3,37,37123,1,1,1,6,L'Aurore,47.36655002,0.37259102
202300010083,23,11,2023,2025-12-05 10:20:00,1,75,75117,2,1,8,2,Rue Jouffroy D Abbans,48.882336,2.302088
202300010084,3,6,2023,2025-12-05 17:00:00,1,86,86153,2,1,1,7,Route De Poitiers,46.406333,0.694668
202300010085,22,11,2023,2025-12-05 16:55:00,2,75,75116,2,1,1,3,Avenue Foch,48.872619,2.279397
202300010086,4,6,2023,2025-12-05 07:30:00,1,2A,2A211,1,1,1,6,T40,41.764934,8.950821
202300010087,23,11,2023,2025-12-05 22:00:00,5,75,75115,2,1,1,6,Villa Saint Charles,48.845844,2.283688
202300010088,22,11,2023,2025-12-05 11:30:00,1,75,75115,2,1,1,3,Quai Branly,48.855888,2.289786
202300010089,3,6,2023,2025-12-05 17:10:00,1,38,38336,1,3,1,3,D4G,45.492623,4.828566
202300010090,22,11,2023,2025-12-05 19:30:00,2,75,75115,2,5,1,6,Boulevard Du Montparnasse,48.845075,2.320046
202300010091,22,11,2023,2025-12-05 19:00:00,2,75,75115,2,1,1,7,Villa Thoreton,48.838233,2.283693
202300010092,5,6,2023,2025-12-05 13:20:00,1,86,86128,2,2,1,3,Rue Du Stade,46.81863,0.331757
202300010093,23,11,2023,2025-12-05 13:50:00,1,75,75114,2,2,1,5,Boulevard Brune,48.823681,2.323172
202300010094,23,11,2023,2025-12-05 17:35:00,5,75,75111,2,1,8,6,Rue Des Taillandiers,48.853669,2.375565
202300010095,4,6,2023,2025-12-05 18:45:00,1,66,66190,1,1,1,5,Adresse_Inconnue,42.86007,2.966223
202300010096,23,11,2023,2025-12-05 15:35:00,1,75,75111,2,1,1,3,Rue Du Faubourg Saint Antoine,48.852825,2.371052
202300010097,3,6,2023,2025-12-05 14:35:00,1,66,66144,1,1,1,3,Adresse_Inconnue,42.643918,2.861145
202300010098,23,11,2023,2025-12-05 06:40:00,5,75,75111,2,3,1,3,Avenue Parmentier,48.868618,2.372085
202300010099,23,11,2023,2025-12-05 20:00:00,5,75,75108,2,3,1,6,Avenue Des Champs Elysees,48.867089,2.31604
202300010100,4,6,2023,2025-12-05 11:55:00,1,52,52114,1,2,1,3,D65,47.98106,4.893873
202300010101,23,11,2023,2025-12-05 09:40:00,1,75,75108,2,2,2,3,Rue Marbeuf,48.867234,2.301927
202300010102,4,6,2023,2025-12-05 19:40:00,1,95,95052,1,1,7,1,D922,49.146749,2.299506
202300010103,22,11,2023,2025-12-05 13:30:00,1,94,94028,2,2,1,3,Rue Emmanuel Chabrier,48.7778,2.46259
202300010104,30,12,2023,2025-12-05 04:00:00,3,13,13206,2,1,1,2,Breteuil (Rue),43.28634,5.37743
202300010105,22,11,2023,2025-12-05 09:35:00,1,94,94028,2,1,1,3,Avenue Francois Mitterrand,48.76959,2.46441
202300010106,29,12,2023,2025-12-05 23:30:00,3,13,13047,1,4,1,1,Lavalduc Chemin De,43.47461,4.97766
202300010107,5,6,2023,2025-12-05 09:03:00,1,57,57469,1,1,1,6,D38,48.856887,6.959141
202300010108,22,11,2023,2025-12-05 22:30:00,5,94,94022,2,9,1,3,Avenue Leon Gourdault,48.76418974,2.40546727
202300010109,30,12,2023,2025-12-05 23:36:00,5,6,6155,2,3,1,3,Liberte Av.De La,43.566078,7.070203
202300010110,23,11,2023,2025-12-05 11:25:00,1,94,94079,2,9,2,6,Rue Jean Jaures,48.82793,2.53012
202300010111,30,12,2023,2025-12-05 22:46:00,5,75,75106,2,3,1,6,Carrefour Odeon,48.85227964,2.33873069
202300010112,30,5,2023,2025-12-05 12:40:00,1,71,71195,1,1,1,6,"A6, Pk 364+400 Sens L/P",46.506761,4.907726
202300010113,30,12,2023,2025-12-05 05:15:00,5,75,75120,2,2,1,3,Avenue Du Docteur Gley,48.877994,2.40951
202300010114,23,11,2023,2025-12-05 07:45:00,2,94,94004,1,1,1,4,Av Du Mal De Lattre De Tassigny,48.7328,2.52205
202300010115,23,11,2023,2025-12-05 10:50:00,2,94,94002,1,6,1,6,Allee Jean-Baptiste Preux,48.77903,2.42554
202300010116,30,12,2023,2025-12-05 16:15:00,1,75,75119,2,1,1,3,Avenue De Flandre,48.886643,2.372011
202300010117,23,11,2023,2025-12-05 18:15:00,5,93,93046,2,1,1,6,Chemin De La Mare Au Chanvre,48.92961177,2.54050586
202300010118,2,6,2023,2025-12-05 17:20:00,1,85,85209,2,1,1,5,Route De Fontenay Le Comte,46.52595,-0.997588
202300010119,30,12,2023,2025-12-05 15:40:00,1,75,75111,2,2,1,3,Rue Rampon,48.866277,2.367427
202300010120,22,4,2023,2025-12-05 11:15:00,1,88,88075,2,3,1,1,Rue Mougel Bey,48.006244,6.874303
202300010121,23,11,2023,2025-12-05 09:45:00,1,92,92064,2,1,2,3,Marcel Dassault,48.85953344,2.22421771
202300010122,4,6,2023,2025-12-05 16:14:00,1,974,97404,2,1,1,6,Rue Lambert,-21.256557,55.374275
202300010123,30,12,2023,2025-12-05 16:10:00,1,75,75110,2,5,1,3,Rue La Fayette,48.878524,2.354048
202300010124,9,7,2023,2025-12-05 13:05:00,1,976,97611,2,3,1,3,Kaweni-Poste ( Rue De La ),-12.77166,45.22306
202300010125,23,11,2023,2025-12-05 18:45:00,5,92,92051,2,2,1,3,"Bineau (Boulevard, Ndeg133 A 217 Et 134 A",48.89234567,2.26893461
202300010126,4,6,2023,2025-12-05 17:20:00,1,26,26337,1,1,8,3,Autoroute A7,44.717286,4.785517
202300010127,30,12,2023,2025-12-05 14:45:00,1,75,75108,2,2,1,6,Rue Marbeuf,48.867963,2.302797
202300010128,9,7,2023,2025-12-05 13:00:00,1,974,97411,1,1,1,5,Montagne (Route De La),-20.88784,55.44097
202300010129,23,11,2023,2025-12-05 13:50:00,1,92,92026,2,2,1,3,Verdun (De 62 A Fin),48.90042737,2.26079598
202300010130,30,12,2023,2025-12-05 17:15:00,2,94,94028,2,1,1,2,Avenue Du Chemin-De-Mesly,48.78410529,2.45985147
202300010131,9,7,2023,2025-12-05 12:10:00,1,974,97407,2,1,1,2,Verges(Avenue),-20.93956,55.30443
202300010132,27,5,2023,2025-12-05 11:50:00,1,26,26106,1,1,1,4,A7,44.646292,4.792571
202300010133,22,11,2023,2025-12-05 07:50:00,5,35,35088,2,2,1,3,37 Boulevard De La Gare,47.981427,-1.582353
202300010134,30,12,2023,2025-12-05 13:35:00,1,94,94019,2,1,8,2,Rue De Sucy,48.78993,2.52225
202300010135,4,6,2023,2025-12-05 19:45:00,1,86,86268,1,1,1,7,La Nivardiere,46.518272,0.538766
202300010136,8,7,2023,2025-12-05 16:15:00,1,974,97407,2,1,1,3,19 Mars 1946(Avenue Du),-20.94976,55.2979
202300010137,23,11,2023,2025-12-05 15:25:00,1,17,17373,1,1,8,7,Adresse_Inconnue,46.156289,-0.959745
202300010138,4,6,2023,2025-12-05 09:20:00,1,21,21463,1,1,1,6,Autoroute A6 Pk 248.700 Sens Paris - Lyon,47.355919,4.435798
202300010139,30,12,2023,2025-12-05 13:50:00,1,93,93053,2,3,1,6,Rue Condorcet / Rue Marcellin Berthelot,48.88902,2.45677
202300010140,8,7,2023,2025-12-05 11:20:00,1,973,97302,2,2,1,3,Montabo (Route De) 1,4.94437459,-52.309843
202300010141,23,11,2023,2025-12-05 21:00:00,5,57,57592,2,1,2,2,D43,48.83091,7.019877
202300010142,4,6,2023,2025-12-05 13:45:00,1,42,42182,1,2,1,3,D8,46.045361,3.933658
202300010143,9,7,2023,2025-12-05 19:00:00,1,69,69387,2,3,1,6,Rue De Marseille,45.75259,4.8407
202300010144,30,12,2023,2025-12-05 01:00:00,5,93,93049,2,3,1,7,Boulevard Gallieni / Boulevard Ferdinand Buisson,48.85345085,2.51619588
202300010145,4,6,2023,2025-12-05 20:02:00,1,91,91458,1,6,7,7,D35,48.660795,2.224458
202300010146,24,11,2023,2025-12-05 07:45:00,1,974,97404,2,3,1,3,Route Des Canots,-21.258416,55.360934
202300010147,8,7,2023,2025-12-05 23:35:00,3,972,97213,1,1,2,3,Route Departementale 15,14.6389644,-61.0103097
202300010148,23,11,2023,2025-12-05 16:30:00,2,83,83086,1,1,1,6,D47,43.514374,6.625732