num_acc,jour,mois,an,hrmn,lum,dep,com,agg,int,atm,col,adr,lat,long
202300010149,30,12,2023,2025-12-05 22:15:00,5,93,93046,2,9,1,3,Avenue Aristide Briand,48.91127,2.516693
202300010150,3,6,2023,2025-12-05 18:55:00,3,974,97414,1,1,1,4,Rn1,-21.284711,55.394657
202300010151,24,11,2023,2025-12-05 10:30:00,1,59,59653,2,1,1,6,Rue Roger Salengro,50.567487,2.94109
202300010152,9,7,2023,2025-12-05 19:15:00,4,972,97209,2,2,1,3,Leopold Sedar Sengor (Avenue),14.61361,-61.04673
202300010153,3,6,2023,2025-12-05 09:00:00,1,58,58086,2,1,1,2,61 Rue Fontaine Saint Laurent,47.418952,2.937162
202300010154,30,12,2023,2025-12-05 07:30:00,2,93,93046,2,3,1,2,Place De La Liberation / Rue De L'Eglise,48.92255,2.54411
202300010155,4,6,2023,2025-12-05 19:24:00,1,59,59257,1,1,1,7,Rue Du Vert Touquet,50.618225,2.851789
202300010156,30,12,2023,2025-12-05 00:30:00,5,93,93074,2,9,2,7,Rue De Sevran / Rue De Meaux,48.93377,2.56049
202300010157,8,7,2023,2025-12-05 04:30:00,3,971,97101,1,9,1,4,Perrin,16.2941,-61.5014
202300010158,23,11,2023,2025-12-05 20:35:00,3,60,60101,2,1,1,3,Rue De La Croix Blanche,49.088609,2.865608
202300010159,3,6,2023,2025-12-05 16:10:00,1,72,72260,1,1,1,3,Route De Brette Les Pins,47.93164,0.28393
202300010160,8,7,2023,2025-12-05 23:30:00,5,971,97107,2,3,1,7,Dumanoir ( Allee ),16.034376,-61.5783919
202300010161,30,12,2023,2025-12-05 17:45:00,2,93,93032,2,1,2,3,Rue Paul Vaillant Couturier,48.87260838,2.55373518
202300010162,23,11,2023,2025-12-05 18:35:00,5,30,30047,2,1,1,3,Route De Nimes,43.800789,4.421025
202300010163,4,6,2023,2025-12-05 17:50:00,1,44,44113,1,1,1,1,Adresse_Inconnue,47.602843,-1.562789
202300010164,8,7,2023,2025-12-05 21:16:00,2,91,91347,2,1,1,3,Rue De Lormoy,48.63763,2.28992
202300010165,23,11,2023,2025-12-05 10:00:00,1,51,51169,1,1,1,6,D55,48.572532,4.435612
202300010166,5,6,2023,2025-12-05 01:50:00,3,14,14120,1,1,1,6,A84,49.05059,-0.741674
202300010167,30,12,2023,2025-12-05 18:15:00,5,93,93031,2,1,1,4,Avenue D'Enghien,48.95927,2.30823
202300010168,8,7,2023,2025-12-05 15:55:00,1,91,91201,2,2,1,3,Av De L Europe,48.68353,2.43204
202300010169,23,11,2023,2025-12-05 18:30:00,5,56,56186,2,1,1,3,Avenue Du General De Gaulle,47.491024,-3.121513
202300010170,30,12,2023,2025-12-05 13:15:00,1,93,93014,2,1,2,3,Allee De Montfermeil,48.899315,2.540638
202300010171,3,6,2023,2025-12-05 11:05:00,1,44,44089,1,1,1,5,Adresse_Inconnue,47.344257,-1.851513
202300010172,30,12,2023,2025-12-05 20:45:00,5,92,92078,2,1,1,6,Promenade (Voie) (90 A 114),48.93417924,2.32900947
202300010173,7,7,2023,2025-12-05 18:45:00,1,91,91433,1,1,1,4,R.D. 20,48.45897,2.17764
202300010174,23,11,2023,2025-12-05 16:45:00,1,76,76673,1,1,8,5,Rn31,49.46134368,1.27359366
202300010175,3,6,2023,2025-12-05 12:45:00,1,50,50592,1,4,1,3,La Hoguette - Pont Farcy,48.934729,-1.042945
202300010176,9,7,2023,2025-12-05 19:15:00,1,81,81060,2,1,1,2,Jaures ( Avenue Jean ),44.04971,2.15599
202300010177,24,11,2023,2025-12-05 01:45:00,3,2A,2A271,1,1,1,6,D1,42.00074,8.840303
202300010178,29,12,2023,2025-12-05 17:45:00,3,92,92078,2,3,2,3,Vieux Chemin De St Denis (Avenue),48.9297517,2.32603356
202300010179,3,6,2023,2025-12-05 20:55:00,2,63,63116,1,1,3,6,A89 Pk357+150 Vers Clermont-Ferrand,45.97316391,3.07937367
202300010180,9,7,2023,2025-12-05 18:20:00,1,71,71475,1,1,1,1,Buxy (Route De ),46.76456,4.84151
202300010181,24,11,2023,2025-12-05 11:15:00,1,80,80360,1,1,1,2,D925,50.074108,1.569157
202300010182,30,12,2023,2025-12-05 11:53:00,1,92,92049,2,1,1,6,Barbes Rue,48.81729,2.32882
202300010183,4,6,2023,2025-12-05 16:10:00,1,62,62306,1,1,1,6,D9E2,50.162227,2.817519
202300010184,9,7,2023,2025-12-05 01:20:00,3,67,67482,2,1,1,6,Rhin Tortu (Rue Du),48.55245,7.75795
202300010185,23,11,2023,2025-12-05 22:01:00,4,82,82149,1,1,1,4,Realville,44.136515,1.507101
202300010186,3,6,2023,2025-12-05 17:25:00,1,34,34088,1,3,1,3,Rm5,43.560165,3.728743
202300010187,30,12,2023,2025-12-05 16:05:00,1,92,92012,2,5,8,1,Thiers (Rue) 2/82 Bis - Cote Pair,48.8375991,2.2478874
202300010188,9,7,2023,2025-12-05 10:30:00,1,63,63113,2,3,1,3,Saint Jean (Bd),45.7857,3.1194
202300010189,24,11,2023,2025-12-05 03:00:00,3,65,65006,1,1,9,6,Route De Saint Lary,42.868518,0.340038
202300010190,19,11,2023,2025-12-05 14:30:00,1,65,65061,2,1,1,7,D5,43.432658,0.129371
202300010191,8,7,2023,2025-12-05 17:20:00,1,59,59431,1,1,1,1,Croix Du Bac (Rue De La ),50.68591,2.82665
202300010192,23,11,2023,2025-12-05 09:35:00,1,61,61402,1,1,1,6,D924,48.708217,-0.327583
202300010193,3,6,2023,2025-12-05 17:05:00,1,57,57331,1,9,1,3,D918,49.300267,6.335759
202300010194,22,11,2023,2025-12-05 21:30:00,4,55,55274,1,1,1,1,D162,48.960423,5.560586
202300010195,9,7,2023,2025-12-05 15:00:00,1,54,54028,2,1,1,1,Place Du General De Gaulle,49.21044,5.97679
202300010196,5,6,2023,2025-12-05 10:45:00,1,57,57454,1,1,7,7,D955,49.04578223,6.25855923
202300010197,23,11,2023,2025-12-05 21:45:00,3,42,42172,1,1,5,1,Route De Saint-Etienne,45.393146,4.422791
202300010198,29,12,2023,2025-12-05 18:05:00,5,92,92012,2,1,2,5,Edouard Vaillant (Avenue) Debut/56 - Cot,48.83633946,2.25215703
202300010199,8,7,2023,2025-12-05 20:05:00,1,45,45004,2,1,1,6,Rue Des Petits Louis,47.98858,2.76926
202300010200,4,6,2023,2025-12-05 05:00:00,2,51,51236,1,1,1,6,D48,48.647527,3.564173
202300010201,24,11,2023,2025-12-05 17:25:00,3,68,68107,1,1,1,1,D103,47.645788,7.137873
202300010202,7,7,2023,2025-12-05 17:35:00,1,42,42186,2,1,1,6,Boulevard Des Provinces,45.52058156,4.59783599
202300010203,30,12,2023,2025-12-05 06:56:00,3,92,92002,2,1,2,6,General De Gaulle (Avenue Du),48.76186287,2.29803085
202300010204,24,11,2023,2025-12-05 17:00:00,1,29,29207,2,1,1,6,Rue Tanguy Prigent,48.534917,-3.790469
202300010205,4,6,2023,2025-12-05 07:40:00,1,51,51142,2,1,1,1,Chemin De La Grange Aux Bois,48.996748,3.91551
202300010206,7,7,2023,2025-12-05 09:20:00,1,42,42218,2,2,1,6,Rue Saint Joseph,45.44167473,4.3789342
202300010207,31,12,2023,2025-12-05 13:28:00,1,972,97207,2,1,1,3,Morne-Vert,14.588567,-60.954203
202300010208,14,6,2023,2025-12-05 17:48:00,1,38,38185,2,1,1,3,Joseph Vallier (Boulevard),45.18018,5.7076
202300010209,3,6,2023,2025-12-05 18:00:00,1,51,51146,1,2,1,3,D5,48.893672,4.236324
202300010210,23,11,2023,2025-12-05 07:30:00,2,31,31145,1,1,1,5,Chemin De Roques Rd820,43.327379,1.492832
202300010211,30,12,2023,2025-12-05 18:00:00,3,51,51117,1,1,8,7,Rd 37,48.962723,4.155664
202300010212,30,12,2023,2025-12-05 17:50:00,5,19,19274,2,1,8,1,Route De Saint Antoine,45.193005,1.529197
202300010213,23,11,2023,2025-12-05 17:40:00,2,38,38229,2,1,1,1,25 Avenue Des 7 Laux,45.217603,5.785455
202300010214,9,7,2023,2025-12-05 20:30:00,1,33,33063,2,3,1,3,Rue Georges Mandel,44.84198584,-0.59499711
202300010215,14,11,2023,2025-12-05 09:30:00,1,76,76312,2,1,2,1,Route De Dieppe,49.492166,1.689094
202300010216,24,11,2023,2025-12-05 07:40:00,2,3,3194,1,1,5,1,D43,46.170971,3.086316
202300010217,31,12,2023,2025-12-05 05:30:00,3,79,79195,1,1,1,7,Adresse_Inconnue,46.889413,-0.60758
202300010218,4,6,2023,2025-12-05 09:25:00,1,56,56141,1,3,1,3,Ty Planche,47.81747,-2.87709
202300010219,9,7,2023,2025-12-05 09:25:00,1,33,33529,2,3,1,3,Hugo (Rue Victor),44.63301,-1.14902
202300010220,5,6,2023,2025-12-05 17:40:00,1,56,56034,2,1,1,7,48 Rue Saint Cornely,47.58601,-3.085629
202300010221,7,11,2023,2025-12-05 06:30:00,3,37,37223,1,1,1,6,Cd 749,47.5146694,0.28643847
202300010222,30,12,2023,2025-12-05 19:30:00,5,2A,2A362,1,9,1,1,D 168A,41.692347,9.358109
202300010223,9,7,2023,2025-12-05 10:20:00,1,32,32013,2,1,1,3,Route De Pessan,43.63987,0.59836
202300010224,24,11,2023,2025-12-05 20:00:00,3,37,37050,2,1,2,7,Rue De La Turpetiere,47.325203,0.703645
202300010225,4,6,2023,2025-12-05 17:15:00,1,56,56022,1,1,1,6,Kernabessec,47.779396,-2.916843
202300010226,30,12,2023,2025-12-05 09:30:00,1,63,63131,1,1,1,6,D20,45.847673,3.34523
202300010227,4,6,2023,2025-12-05 18:10:00,1,59,59262,1,1,1,7,D139,50.805521,2.661612
202300010228,8,7,2023,2025-12-05 17:45:00,1,30,30007,2,1,1,1,Saint Jean Du Pin,44.12151,4.06054
202300010229,7,11,2023,2025-12-05 13:55:00,1,49,49378,1,1,3,2,Le Perray,47.30555,-0.035384
202300010230,9,7,2023,2025-12-05 19:05:00,1,29,29232,1,1,1,7,Route De Rosporden,47.990352,-4.06497696
202300010231,24,11,2023,2025-12-05 09:57:00,1,30,30145,2,1,1,1,2 Rue De L'Hotel De Ville,43.915663,4.507082
202300010232,3,6,2023,2025-12-05 18:32:00,1,59,59110,1,2,1,3,Route De La Colme,50.94900748,2.31299758
202300010233,31,12,2023,2025-12-05 12:05:00,1,46,46128,2,1,2,6,Rue Robertie,44.778994,1.725949
202300010234,4,6,2023,2025-12-05 18:00:00,1,74,74241,1,1,1,7,126 Route Des Salles,46.120719,6.488532
202300010235,30,12,2023,2025-12-05 13:35:00,1,41,41106,2,1,1,1,7 Rue Francois Blache,47.606695,2.025036
202300010236,9,7,2023,2025-12-05 19:40:00,1,26,26198,2,1,1,3,Rue Andre Ducatez,44.55817,4.74349
202300010237,29,5,2023,2025-12-05 19:30:00,1,67,67308,2,1,1,7,Rue Du Loh,48.926348,8.151898
202300010238,31,12,2023,2025-12-05 01:45:00,5,15,15119,1,1,1,6,Rn122,45.246796,3.185682
202300010239,24,11,2023,2025-12-05 07:10:00,2,48,48050,1,1,1,6,D998,44.335755,3.592288
202300010240,8,7,2023,2025-12-05 10:45:00,1,16,16102,2,1,1,6,Basse Saint Martin (Rue),45.68718,-0.34012
202300010241,4,6,2023,2025-12-05 12:30:00,1,76,76560,1,1,1,7,D7,49.41238,1.173456
202300010242,4,6,2023,2025-12-05 16:15:00,1,76,76367,1,1,1,6,D90,49.5084623,1.04616612
202300010243,23,11,2023,2025-12-05 07:18:00,5,8,8302,2,2,8,3,3 Rue Jean Mermoz,49.885395,4.740493
202300010244,31,12,2023,2025-12-05 15:40:00,1,66,66167,2,1,1,1,Adresse_Inconnue,42.465021,2.034037
202300010245,9,7,2023,2025-12-05 19:00:00,1,13,13211,2,1,1,4,Barasse,43.2847,5.48691
202300010246,3,6,2023,2025-12-05 19:10:00,1,76,76377,2,1,1,3,509 Route De Neufchatel,49.490863,1.14319
202300010247,30,12,2023,2025-12-05 10:45:00,1,83,83095,1,1,1,6,Route Departementale 60 Pk 41.750 Sens Croissant,43.56039,6.02879
202300010248,4,6,2023,2025-12-05 14:25:00,1,2A,2A269,1,1,2,6,Favona,41.777925,9.394282
202300010249,24,11,2023,2025-12-05 08:05:00,1,69,69111,1,1,1,5,Route Du Pont De Nizy,45.90455,4.58021
202300010250,8,7,2023,2025-12-05 15:58:00,1,13,13207,2,3,1,6,Corniche John Fitzgerald Kennedy,43.28605,5.35116
202300010251,30,12,2023,2025-12-05 23:10:00,3,60,60604,1,1,6,7,D315 Pr 04,49.680347,1.888447
202300010252,5,6,2023,2025-12-05 16:35:00,1,2B,2B077,1,1,8,1,Route Du Village,42.468908,9.478701
202300010253,31,12,2023,2025-12-05 04:12:00,3,23,23008,2,1,3,6,Avenue D'Auvergne,45.956707,2.181693
202300010254,22,11,2023,2025-12-05 18:15:00,5,34,34123,2,9,1,6,Rue Romaine,43.620654,3.801334
202300010255,9,7,2023,2025-12-05 02:25:00,5,13,13204,2,3,1,3,Francoise Duparc (Boulevard),43.30169,5.40067
202300010256,3,6,2023,2025-12-05 12:20:00,1,80,80127,1,1,1,3,D1015,50.03567,1.479249
202300010257,10,12,2023,2025-12-05 16:15:00,1,33,33159,1,1,2,7,Rd 137,45.206473,-0.582533
202300010258,4,6,2023,2025-12-05 21:15:00,1,80,80703,1,1,1,7,Hameau De Guemicourt,49.808839,1.739987
202300010259,23,11,2023,2025-12-05 16:20:00,1,978,97801,2,1,1,2,R Charles Tondu,18.063585,-63.090936
202300010260,8,7,2023,2025-12-05 22:32:00,5,13,13212,2,1,1,3,Gillet (Boulevard),43.31258376,5.41456703
202300010261,30,12,2023,2025-12-05 03:00:00,3,973,97311,1,1,2,7,Pk 244 + 700,5.48764975,-53.99195552
202300010262,4,6,2023,2025-12-05 00:08:00,3,82,82127,1,1,1,1,Route De Cartou,44.18648006,1.10058162
202300010263,9,7,2023,2025-12-05 11:20:00,1,6,6069,2,1,1,6,Goby (Rue Paul),43.6603947,6.9234133
202300010264,31,12,2023,2025-12-05 13:10:00,1,95,95177,1,1,1,6,Dieppe (Route De),49.12043703,2.01078773
202300010265,2,6,2023,2025-12-05 02:30:00,3,32,32365,1,1,1,6,D12,43.342401,0.6823
202300010266,11,11,2023,2025-12-05 10:30:00,1,33,33099,2,1,1,3,9 Route De Latresne,44.812202,-0.478013
202300010267,31,12,2023,2025-12-05 13:46:00,1,66,66190,1,1,1,7,D11 Pk 2+800,42.811679,2.934551
202300010268,8,7,2023,2025-12-05 17:00:00,1,6,6069,2,1,1,5,Chemin Du Collet De Saint Marc,43.640727,6.961997
202300010269,30,12,2023,2025-12-05 22:30:00,3,83,83065,1,1,1,3,D 559,43.23365807,6.57452631
202300010270,24,11,2023,2025-12-05 14:05:00,1,77,77148,2,1,1,3,Place Du Champivert,49.090682,3.069225
202300010271,30,12,2023,2025-12-05 15:00:00,1,13,13027,2,1,1,7,Avenue Jean Bouin,43.877441,4.868998
202300010272,3,6,2023,2025-12-05 14:45:00,1,11,11259,2,4,1,1,Avenue De La Republique,43.279674,2.230418
202300010273,4,6,2023,2025-12-05 21:30:00,5,71,71419,2,1,1,6,Juste Avant Le 116 Route De Louhans,46.745511,5.246007
202300010274,30,12,2023,2025-12-05 16:30:00,1,69,69051,2,4,1,7,Route De Mornant,45.634008,4.642764
202300010275,8,7,2023,2025-12-05 13:15:00,1,5,5023,2,1,1,3,Route De Gap,44.888444,6.626279
202300010276,24,11,2023,2025-12-05 08:39:00,1,77,77318,1,1,1,1,D231 Pk 037+400,48.779822,2.891743
202300010277,30,12,2023,2025-12-05 18:45:00,3,69,69296,1,1,1,1,Route De Chasses Sur Rhone,45.64812821,4.83397235
202300010278,4,6,2023,2025-12-05 18:00:00,1,71,71383,2,3,1,6,Route Nationale 6,46.426359,4.877372
202300010279,9,7,2023,2025-12-05 11:55:00,1,75,75116,2,1,2,3,Porte Maillot,48.877655,2.280344
202300010280,30,12,2023,2025-12-05 15:15:00,1,65,65210,1,1,1,6,Station De Ski De Luz Ardiden (Centre Sportif),42.885048,-0.061541
202300010281,21,11,2023,2025-12-05 18:25:00,5,91,91200,2,6,2,6,Rue De Rambouillet,48.534738,2.00169
202300010282,8,7,2023,2025-12-05 08:40:00,1,75,75119,2,1,1,3,Porte De La Villette,48.898624,2.393336
202300010283,18,8,2023,2025-12-05 20:00:00,1,50,50041,1,1,8,7,1 Le Pont Des Sablons,49.595399,-1.817674
202300010284,4,6,2023,2025-12-05 17:00:00,1,71,71494,2,2,1,1,D906,46.408977,4.875741
202300010285,30,12,2023,2025-12-05 17:48:00,3,85,85035,1,1,1,3,Rd 38,46.645801,-1.889288
202300010286,23,11,2023,2025-12-05 14:00:00,1,4,4245,2,3,7,6,Avenue Des Farigoules,43.876033,5.843866
202300010287,7,7,2023,2025-12-05 09:20:00,1,75,75117,2,1,1,4,Porte De Saint Ouen,48.900488,2.322065
202300010288,30,12,2023,2025-12-05 10:50:00,1,49,49294,1,1,2,1,D963,47.47159,-0.693512
202300010289,4,6,2023,2025-12-05 11:30:00,1,71,71397,1,3,1,2,Route De Pont Sur Grosne,46.392001,4.634546
202300010290,19,8,2023,2025-12-05 08:20:00,1,14,14465,1,3,1,2,9 Rue De L'Auberge,49.252306,-0.63542
202300010291,2,6,2023,2025-12-05 15:05:00,1,63,63430,2,1,1,7,Avenue Joseph Claussat,45.85349,3.550676
202300010292,24,11,2023,2025-12-05 17:40:00,4,21,21292,2,1,2,6,Avenue Du General De Gaulle,47.239582,5.222953
202300010293,20,8,2023,2025-12-05 19:00:00,1,14,14409,2,3,1,6,41 Boulevard Kennedy,49.281902,-0.209089
202300010294,7,7,2023,2025-12-05 09:15:00,1,75,75120,2,1,1,5,Porte De Montreuil,48.861712,2.413697
202300010295,29,12,2023,2025-12-05 16:47:00,1,22,22090,2,3,7,3,D31,48.769783,-3.370123
202300010296,24,11,2023,2025-12-05 17:00:00,3,54,54225,1,1,8,6,D106,48.8343682,5.96965025
202300010297,5,6,2023,2025-12-05 11:45:00,1,63,63352,1,3,1,6,D 214,45.46135,3.255547
202300010298,14,6,2023,2025-12-05 09:15:00,1,75,75114,2,1,1,2,Porte De Chatillon,48.821355,2.31918
202300010299,19,8,2023,2025-12-05 07:00:00,2,29,29280,1,1,1,1,Hent Kastellin,48.227417,-4.322648
202300010300,30,12,2023,2025-12-05 17:10:00,2,60,60133,1,1,1,1,D916,49.528217,2.39502
202300010301,24,11,2023,2025-12-05 08:44:00,1,57,57517,1,1,1,1,D34A,49.110175,7.216172
202300010302,17,8,2023,2025-12-05 20:00:00,1,29,29006,2,1,1,6,3 Avenue De La Mer,47.87217,-4.104282
202300010303,9,7,2023,2025-12-05 15:05:00,1,75,75120,2,3,1,3,Rue Des Partants,48.865076,2.391887
202300010304,30,12,2023,2025-12-05 00:00:00,3,91,91064,1,1,1,7,Rn 118,48.74981,2.21046
202300010305,23,11,2023,2025-12-05 06:50:00,4,63,63284,2,1,9,7,Avenue De Lyon,45.787809,3.2688
202300010306,3,6,2023,2025-12-05 19:45:00,1,61,61309,1,3,1,3,D9,48.397339,0.667355
202300010307,16,8,2023,2025-12-05 19:20:00,1,22,22176,1,2,1,3,Bel Air,48.45002,-2.700148
202300010308,29,12,2023,2025-12-05 19:55:00,3,91,91228,1,1,2,2,Rn 104,48.61185,2.43282
202300010309,23,11,2023,2025-12-05 09:20:00,1,69,69288,2,2,7,6,Chemin De La Vareille,45.692422,5.048116
202300010310,17,8,2023,2025-12-05 13:45:00,1,22,22261,1,1,1,6,La Vieux Ville,48.508594,-2.424679
202300010311,3,6,2023,2025-12-05 14:30:00,1,61,61483,2,1,1,7,Rue Du Professeur Louvel,48.554181,-0.417228
202300010312,30,12,2023,2025-12-05 08:35:00,1,78,78118,1,1,1,6,A13,48.9832,1.6849
202300010313,9,7,2023,2025-12-05 16:35:00,1,75,75119,2,2,1,3,Place De La Porte De Pantin,48.889864,2.396625
202300010314,24,11,2023,2025-12-05 05:20:00,3,17,17079,1,1,1,6,D14,45.714825,-1.067927
202300010315,17,8,2023,2025-12-05 19:50:00,1,35,35105,1,6,1,3,D29,48.08787,-1.105049
202300010316,29,12,2023,2025-12-05 22:55:00,3,77,77372,1,1,1,2,A104,48.89249218,2.66675279
202300010317,19,8,2023,2025-12-05 19:55:00,1,27,27016,2,6,1,7,D313,49.236839,1.401492
202300010318,3,6,2023,2025-12-05 15:45:00,1,42,42221,1,2,1,1,Route D'Arthun,45.7714717,4.09581417
202300010319,9,7,2023,2025-12-05 16:05:00,1,75,75119,2,3,1,3,Avenue Jean Jaures,48.888974,2.393767
202300010320,23,11,2023,2025-12-05 17:00:00,1,14,14649,1,2,1,1,Route De Putanges,48.86854871,-0.21929224
202300010321,17,9,2023,2025-12-05 18:45:00,1,19,19123,1,1,1,6,2 Chemin Du Puy Laborie,45.186749,1.619875
202300010322,4,6,2023,2025-12-05 19:00:00,1,47,47138,1,1,8,7,D656,44.25929584,0.73226753
202300010323,9,7,2023,2025-12-05 07:43:00,1,75,75119,2,3,1,6,Rue D Aubervilliers,48.885561,2.365795
202300010324,18,8,2023,2025-12-05 10:10:00,1,27,27271,1,2,1,3,Intersection Cd 141/C25 Pk 22+400,48.958602,1.317029
202300010325,4,6,2023,2025-12-05 07:00:00,1,47,47004,2,1,1,7,Avenue Jean Francois-Poncet,44.295606,0.339221
202300010326,22,11,2023,2025-12-05 16:30:00,1,56,56007,2,1,1,6,5 Rue Abraham Duquesne,47.662895,-3.007389
202300010327,29,12,2023,2025-12-05 09:50:00,1,973,97302,2,1,1,3,Baduel (Route De),4.92801,-52.29221
202300010328,16,8,2023,2025-12-05 21:45:00,5,76,76057,2,2,1,1,4 Rue Jules Ferry,49.5506,0.957758
202300010329,9,6,2023,2025-12-05 01:35:00,5,75,75119,2,3,1,3,Avenue Jean Jaures,48.88879,2.393106
202300010330,4,6,2023,2025-12-05 11:10:00,1,41,41051,1,1,7,7,D115 Route D'Amboise,47.349248,1.157062
202300010331,22,11,2023,2025-12-05 13:55:00,1,22,22379,1,1,1,7,Rue Du Stade,48.807704,-3.352354
202300010332,29,12,2023,2025-12-05 17:00:00,1,972,97213,2,6,1,3,Route Nationale 1,14.636701,-60.991043
202300010333,3,6,2023,2025-12-05 17:30:00,1,34,34051,2,1,1,6,410 Chemin De La Sabliere,43.609496,3.493291
202300010334,18,8,2023,2025-12-05 20:15:00,1,76,76758,2,2,1,1,Rue Du Colonel Trupel,49.619531,0.759119
202300010335,8,7,2023,2025-12-05 16:00:00,1,75,75118,2,1,1,2,Boulevard Ney,48.897823,2.343134
202300010336,29,12,2023,2025-12-05 12:15:00,1,2A,2A004,2,1,1,6,Avenue Noel Franchini Rce La Chenaie,41.94147222,8.75618935
202300010337,3,6,2023,2025-12-05 17:49:00,1,44,44069,1,1,1,3,Route De Cogea,47.348593,-2.356642
202300010338,21,8,2023,2025-12-05 07:05:00,2,76,76448,2,6,5,3,Rue De Bois L'Eveque,49.403434,1.248799
202300010339,21,8,2023,2025-12-05 08:30:00,1,60,60446,1,1,1,7,D136,49.155257,2.814496
202300010340,9,7,2023,2025-12-05 01:45:00,5,75,75118,2,2,1,3,Rue Ordener,48.890249,2.359918
202300010341,29,12,2023,2025-12-05 16:30:00,2,95,95210,2,1,1,3,Ceinture ( Avenue De),48.97164082,2.30304793
202300010342,15,9,2023,2025-12-05 20:50:00,3,13,13015,1,1,1,3,A51-Sens Marseille Vers Aix En Provence,43.45214,5.39666
202300010343,3,6,2023,2025-12-05 06:45:00,2,44,44069,1,1,7,1,Adresse_Inconnue,47.36108,-2.413162
202300010344,16,8,2023,2025-12-05 18:42:00,1,60,60079,1,1,1,7,Rue Du Gue,49.16818415,2.86958814
202300010345,3,6,2023,2025-12-05 20:30:00,1,44,44199,1,1,1,6,2 La Planche Des Roches,47.71698,-1.286892
202300010346,9,7,2023,2025-12-05 19:05:00,1,75,75117,2,4,8,6,Avenue Mac Mahon,48.877299,2.294478
202300010347,21,8,2023,2025-12-05 16:37:00,1,60,60028,2,1,1,6,8 Route D'Apremont,49.230045,2.546902
202300010348,29,12,2023,2025-12-05 14:58:00,1,87,87065,1,3,2,1,Rd 704A,45.794136,1.295406
202300010349,22,11,2023,2025-12-05 12:36:00,1,33,33192,1,1,1,5,Rocade A 630,44.78922645,-0.61981022
202300010350,4,6,2023,2025-12-05 15:35:00,1,29,29024,1,6,1,6,D264,48.266384,-3.602378
202300010351,12,8,2023,2025-12-05 18:50:00,1,2,2279,2,3,1,6,Adresse_Inconnue,49.106923,3.330201
202300010352,9,7,2023,2025-12-05 14:15:00,1,75,75117,2,3,1,3,Rue Pouchet,48.895071,2.321283
202300010353,20,3,2023,2025-12-05 20:20:00,5,59,59512,2,2,1,1,Tourcoing (Rue De),50.70567,3.1703
202300010354,29,12,2023,2025-12-05 12:11:00,1,87,87085,2,2,1,3,Beaupeyrat (Carrefour),45.82551,1.24971
202300010355,4,6,2023,2025-12-05 10:25:00,1,38,38249,2,1,1,6,300 Rue General De Gaulle,45.225144,5.799124
202300010356,21,11,2023,2025-12-05 17:45:00,3,33,33318,1,1,1,3,Rocade A 630,44.80897454,-0.66964567
202300010357,20,8,2023,2025-12-05 17:20:00,1,62,62014,2,1,1,6,Avenue Vauban,50.64047261,2.40311676
202300010358,8,7,2023,2025-12-05 19:50:00,1,75,75117,2,3,1,6,Rue De Levis,48.882681,2.314938
202300010359,17,3,2023,2025-12-05 16:10:00,1,57,57283,2,1,5,1,Boussange (Rue De),49.25440782,6.16262197
202300010360,17,8,2023,2025-12-05 13:00:00,1,62,62014,2,1,1,6,D192,50.64524,2.394385
202300010361,29,12,2023,2025-12-05 09:54:00,1,87,87085,2,1,2,2,Schuman (Boulevard Robert),45.86617,1.27642
202300010362,23,11,2023,2025-12-05 08:45:00,1,91,91570,1,1,2,2,Rn 104,48.625,2.3236
202300010363,9,7,2023,2025-12-05 07:00:00,2,75,75116,2,7,1,1,Place Charles De Gaulle,48.87401,2.294192
202300010364,11,8,2023,2025-12-05 09:30:00,1,62,62589,1,1,1,2,D341,50.36071648,2.66888022
202300010365,3,6,2023,2025-12-05 14:00:00,1,38,38065,1,4,1,5,D73,45.457286,5.451118
202300010366,19,3,2023,2025-12-05 19:30:00,3,55,55236,1,1,2,7,Adresse_Inconnue,49.11646633,5.41642928
202300010367,22,11,2023,2025-12-05 22:40:00,3,92,92002,1,1,1,3,N385,48.76010678,2.28064495
202300010368,28,12,2023,2025-12-05 05:35:00,3,84,84031,1,3,1,7,Chemin De Carpentras A Malemort,44.04194,5.0976
202300010369,8,7,2023,2025-12-05 16:00:00,1,75,75108,2,2,1,6,Rue Francois 1Er,48.866853,2.306434
202300010370,4,6,2023,2025-12-05 11:20:00,1,2,2226,1,1,1,6,D1,49.342279,3.3233
202300010371,21,8,2023,2025-12-05 09:15:00,1,59,59336,2,3,1,1,Grand Rue,50.278151,3.038605
202300010372,22,11,2023,2025-12-05 20:10:00,3,94,94076,1,1,1,3,A6B,48.7908173,2.34457243
202300010373,16,3,2023,2025-12-05 08:20:00,2,52,52448,2,1,1,6,Pont Victor Hugo,48.63884,4.95949
202300010374,27,12,2023,2025-12-05 06:10:00,5,84,84007,2,3,1,2,C.De Gaulle (Rocade),43.93612,4.7818
202300010375,16,8,2023,2025-12-05 10:55:00,1,59,59523,2,6,1,6,Rue Des Sapins,50.585828,3.13438
202300010376,9,7,2023,2025-12-05 19:30:00,1,94,94081,2,1,1,1,Quai Jules Guesde,48.78885,2.42114
202300010377,22,11,2023,2025-12-05 18:27:00,3,94,94038,1,1,1,2,A6A,48.77342126,2.34590575