num_acc,jour,mois,an,hrmn,lum,dep,com,agg,int,atm,col,adr,lat,long
202300010378,3,6,2023,2025-12-05 19:45:00,1,3,3257,1,1,1,3,34 Route Du Breuil,46.226692,3.645294
202300010379,28,12,2023,2025-12-05 14:45:00,1,83,83062,2,6,1,2,Salengro (Avenue Roger),43.12798844,6.0136081
202300010380,19,8,2023,2025-12-05 22:00:00,3,13,13071,1,1,1,2,A55-Sens Martigues Vers Marseille,43.38953,5.30359
202300010381,20,3,2023,2025-12-05 19:15:00,1,51,51230,2,2,1,3,Rue Maurice Cerveaux,49.04053588,3.95682961
202300010382,9,7,2023,2025-12-05 22:05:00,5,94,94078,2,3,1,3,Rue Du Chemin De Fer,48.72308169,2.44462189
202300010383,23,11,2023,2025-12-05 17:54:00,3,92,92064,1,1,1,2,A13,48.83784916,2.18980923
202300010384,19,3,2023,2025-12-05 12:35:00,1,50,50129,1,1,1,7,Houlet (Chemin),49.634,-1.558
202300010385,17,8,2023,2025-12-05 01:20:00,3,13,13117,1,1,1,2,A7-Sens Marseille Vers Lyon,43.47175,5.23461
202300010386,28,11,2023,2025-12-05 19:00:00,5,78,78640,2,1,1,3,Marcel Dassault (Rue),48.78604,2.21031
202300010387,2,6,2023,2025-12-05 09:45:00,1,3,3275,1,1,1,2,D945,46.537964,3.209714
202300010388,23,11,2023,2025-12-05 13:15:00,1,92,92036,1,1,1,2,A86,48.935952,2.28705609
202300010389,9,7,2023,2025-12-05 16:15:00,1,94,94041,2,9,1,1,Rue Jean Le Galleu,48.81058,2.38
202300010390,27,12,2023,2025-12-05 19:00:00,5,77,77288,2,1,1,3,Almont (Boulevard De L'),48.54438,2.67797
202300010391,16,8,2023,2025-12-05 05:59:00,2,13,13005,1,1,1,2,A50-Sens Marseille Vers Aubagne,43.28550061,5.52777093
202300010392,20,3,2023,2025-12-05 12:00:00,1,37,37122,2,1,1,4,Rd 86 De Monts A Tours,47.3345,0.66476
202300010393,9,7,2023,2025-12-05 17:20:00,1,93,93070,2,1,1,3,Rue Albert Dhalenne,48.91403882,2.33292403
202300010394,23,11,2023,2025-12-05 07:20:00,3,78,78646,1,1,2,4,Rn12,48.791272,2.072068
202300010395,20,3,2023,2025-12-05 07:20:00,1,37,37122,2,1,1,6,Papin (Rue Denis),47.35639,0.65446
202300010396,9,7,2023,2025-12-05 17:00:00,1,93,93066,2,1,1,6,Avenue Du Colonel Fabien,48.94522484,2.35195234
202300010397,29,12,2023,2025-12-05 21:30:00,3,77,77335,1,1,2,7,Rn3 (Route Nationale),48.95894229,2.83335686
202300010398,12,8,2023,2025-12-05 13:47:00,1,13,13212,1,1,1,4,A507 Sens Marseille - Aubagne,43.29657,5.42481
202300010399,3,6,2023,2025-12-05 18:00:00,1,1,1454,1,3,8,5,D1504,45.709772,5.719591
202300010400,23,11,2023,2025-12-05 07:20:00,2,78,78090,1,1,2,4,A13,48.970419,1.894521
202300010401,19,3,2023,2025-12-05 16:05:00,1,37,37261,2,1,2,5,Rn 76 - Route De St Avertin,47.3646,0.70775
202300010402,9,7,2023,2025-12-05 19:00:00,1,93,93031,2,3,1,3,Avenue De La Republique / Rue Gounod,48.94793248,2.33856417
202300010403,19,8,2023,2025-12-05 13:40:00,1,33,33075,1,1,1,3,Rocade A 630,44.88827683,-0.58809847
202300010404,28,12,2023,2025-12-05 22:35:00,5,72,72181,2,6,1,3,Chanzy (Rue)  Ndeg Imp 1 A 71 Bis,48.00389,0.20262
202300010405,20,3,2023,2025-12-05 20:50:00,3,36,36063,1,1,1,2,Adresse_Inconnue,46.81656465,1.740008
202300010406,9,7,2023,2025-12-05 02:14:00,5,92,92023,2,1,1,1,General De Gaulle (Avenue Du),48.7933,2.27083
202300010407,23,11,2023,2025-12-05 14:50:00,1,93,93027,1,1,1,5,Autoroute A1,48.93559831,2.40348051
202300010408,2,6,2023,2025-12-05 17:50:00,1,1,1115,2,3,1,3,Route Du Logis Neuf,46.255671,5.061428
202300010409,16,8,2023,2025-12-05 14:45:00,1,33,33013,1,1,1,4,Route Nationale 89,44.86874,-0.50193
202300010410,20,3,2023,2025-12-05 08:40:00,1,33,33063,2,4,1,6,Rue De Cauderan,44.84555845,-0.59453738
202300010411,23,11,2023,2025-12-05 07:00:00,3,93,93063,1,1,1,3,Autoroute A3,48.87661,2.44332
202300010412,9,7,2023,2025-12-05 05:40:00,2,35,35002,1,1,1,1,Lieu Dit Le Gripail,48.005874,-1.512921
202300010413,3,6,2023,2025-12-05 23:45:00,3,70,70256,1,1,1,1,La Grande Croix,47.761022,6.637105
202300010414,13,8,2023,2025-12-05 06:56:00,2,59,59350,1,1,1,2,Route Nationale 356,50.64121298,3.09214746
202300010415,29,12,2023,2025-12-05 01:15:00,5,69,69290,2,3,8,3,Rue De L'Egalite,45.68965,4.94677
202300010416,9,7,2023,2025-12-05 13:40:00,1,974,97415,1,1,1,6,Rn1,-20.978791,55.295509
202300010417,20,3,2023,2025-12-05 11:00:00,1,31,31555,2,1,1,2,Che De Fenouillet,43.64156984,1.41694129
202300010418,22,11,2023,2025-12-05 09:10:00,1,95,95607,1,1,1,2,A115,49.01246621,2.22204119
202300010419,12,8,2023,2025-12-05 23:10:00,3,59,59360,1,1,1,2,Autoroute A25,50.61936479,3.00541766
202300010420,28,12,2023,2025-12-05 17:45:00,5,68,68066,2,6,1,6,Rue D'Altkirch,48.070331,7.341011
202300010421,4,6,2023,2025-12-05 09:10:00,1,66,66045,1,3,1,3,Rd 619 Catllar,42.63478,2.417491
202300010422,26,6,2023,2025-12-05 16:40:00,1,43,43108,1,1,1,1,Route De,45.30046096,3.7618534
202300010423,20,3,2023,2025-12-05 08:15:00,1,30,30007,2,6,1,3,Quai Boissier De Sauvages,44.12687,4.07354
202300010424,20,8,2023,2025-12-05 04:30:00,3,91,91689,1,1,1,2,A6,48.74373,2.32256
202300010425,22,11,2023,2025-12-05 06:18:00,3,95,95424,1,1,1,4,A15,48.99026895,2.19614983
202300010426,9,7,2023,2025-12-05 10:30:00,1,68,68250,1,1,1,7,Orschwihr,47.934731,7.233918
202300010427,5,6,2023,2025-12-05 06:45:00,1,54,54193,1,1,1,6,D3,48.90041334,5.96082153
202300010428,29,12,2023,2025-12-05 19:25:00,3,62,62525,1,1,2,3,D928,50.73265,2.2515
202300010429,10,7,2023,2025-12-05 08:00:00,1,974,97412,1,6,1,6,Naationale 1002,-21.372833,55.620786
202300010430,19,3,2023,2025-12-05 17:55:00,1,28,28404,2,9,1,3,Duc De Guise (Rue Du),48.71754,1.38733
202300010431,19,8,2023,2025-12-05 18:20:00,1,91,91086,1,1,1,4,Rn 104,48.62363,2.38918
202300010432,23,11,2023,2025-12-05 17:45:00,3,77,77121,1,1,1,3,A4,48.83231629,2.66676002
202300010433,30,12,2023,2025-12-05 00:15:00,4,62,62032,2,9,1,6,D51,50.40637,2.76656
202300010434,19,8,2023,2025-12-05 12:50:00,1,91,91136,1,1,2,7,Autoroute A10,48.711879,2.284928
202300010435,3,6,2023,2025-12-05 16:56:00,1,54,54126,1,4,1,2,D913,48.867949,6.291754
202300010436,9,7,2023,2025-12-05 17:35:00,1,11,11098,1,1,7,3,D6113,43.185778,2.702352
202300010437,20,3,2023,2025-12-05 09:45:00,1,27,27562,1,3,7,1,Hermand (Rue Georges),49.09499,1.43
202300010438,16,7,2023,2025-12-05 19:15:00,1,38,38185,1,1,1,2,A480,45.1762,5.7021
202300010439,29,12,2023,2025-12-05 19:30:00,5,62,62386,2,2,2,1,Boulevard De Tahiti,50.44711,2.74964
202300010440,8,7,2023,2025-12-05 21:45:00,2,22,22034,1,1,1,6,Rd767,48.679238,-3.355529
202300010441,17,8,2023,2025-12-05 19:30:00,2,77,77495,1,1,1,2,Autoroute A5A,48.594573,2.614917
202300010442,3,6,2023,2025-12-05 23:59:00,3,72,72308,2,6,1,7,D311 - Rue De Perseigne,48.41678339,0.10884762
202300010443,8,7,2023,2025-12-05 23:40:00,3,58,58236,1,1,1,6,Le Bourg,47.321432,3.140518
202300010444,23,9,2023,2025-12-05 10:00:00,1,74,74118,2,6,1,2,Saint-Julien (Route De),46.18053,6.22967
202300010445,21,12,2023,2025-12-05 13:10:00,1,62,62193,2,3,2,6,Avenue Georges Guynemer,50.95130333,1.89250195
202300010446,16,8,2023,2025-12-05 16:45:00,1,91,91560,1,1,1,2,Rn 104,48.6659,2.19086
202300010447,5,6,2023,2025-12-05 08:20:00,1,72,72100,1,1,1,1,Lieu Dit Giraudeau,47.780924,-0.011469
202300010448,7,6,2023,2025-12-05 23:40:00,5,62,62197,1,1,1,1,D70,50.48261078,2.42785453
202300010449,20,3,2023,2025-12-05 07:50:00,1,25,25056,2,1,8,1,Grette  Rue,47.228141,6.00878
202300010450,22,11,2023,2025-12-05 22:20:00,5,988,98818,2,1,1,6,Avenue Koenig,-22.23424,166.47281
202300010451,16,8,2023,2025-12-05 14:57:00,1,91,91174,1,1,1,3,Rn 104,48.62106,2.46107
202300010452,26,12,2023,2025-12-05 14:10:00,1,62,62178,2,9,1,6,Rue Du Conseil De L'Europe,50.48057,2.5476
202300010453,9,7,2023,2025-12-05 15:00:00,1,62,62285,1,1,1,6,D5,50.187094,2.900262
202300010454,18,3,2023,2025-12-05 02:12:00,5,21,21231,2,3,1,6,Charles Dumont (Rue),47.311989,5.039453
202300010455,22,11,2023,2025-12-05 16:15:00,1,974,97411,2,1,1,7,Paris (Rue De),-20.88074,55.44929
202300010456,16,8,2023,2025-12-05 09:53:00,1,94,94003,1,1,1,3,A6A,48.80193886,2.34201599
202300010457,21,5,2023,2025-12-05 13:00:00,1,72,72363,1,2,1,3,La Beguiniere,48.094971,0.540411
202300010458,29,12,2023,2025-12-05 22:30:00,5,54,54395,2,9,1,3,Rue Mansuy Gauvain,48.67894,6.19754
202300010459,3,6,2023,2025-12-05 13:35:00,1,6,6068,1,1,1,7,D3,43.75217,6.990465
202300010460,16,6,2023,2025-12-05 09:15:00,1,94,94038,1,1,1,3,A6B,48.77278861,2.34604004
202300010461,10,7,2023,2025-12-05 06:10:00,2,66,66050,1,1,1,3,D83,42.7774379,2.93101072
202300010462,20,3,2023,2025-12-05 17:55:00,5,13,13209,2,3,1,3,Luminy (Avenue De),43.23358645,5.43592507
202300010463,26,12,2023,2025-12-05 11:55:00,1,50,50502,1,1,1,6,Popielujko,49.10503,-1.086624
202300010464,22,11,2023,2025-12-05 13:10:00,1,972,97213,1,4,1,3,Route Departementale 13,14.63606,-61.02086
202300010465,19,8,2023,2025-12-05 18:15:00,1,92,92064,1,1,1,2,A13,48.83920007,2.21186215
202300010466,28,12,2023,2025-12-05 22:50:00,5,50,50129,2,1,2,6,Lavieille (Rue Francois),49.6418,-1.62542
202300010467,5,6,2023,2025-12-05 12:55:00,1,83,83025,1,1,1,6,Route Departementale 560,43.52765,5.981149
202300010468,8,7,2023,2025-12-05 10:00:00,1,91,91573,2,1,1,3,Rue Du Grand Maury,48.616236,2.508767
202300010469,21,11,2023,2025-12-05 11:40:00,1,972,97209,2,3,1,3,Moutte (Route De),14.61797,-61.0569
202300010470,19,3,2023,2025-12-05 14:35:00,1,6,6069,2,1,1,3,Sidi Brahim (Avenue),43.65133,6.92608
202300010471,18,8,2023,2025-12-05 15:00:00,1,92,92026,1,1,1,3,Rn1014 Y,48.88849622,2.24910695
202300010472,28,12,2023,2025-12-05 14:05:00,1,46,46042,2,1,1,3,Ormeaux (Cote Des),44.4654,1.42836
202300010473,9,7,2023,2025-12-05 17:50:00,1,19,19105,1,1,1,6,Route De La Bitarelle,45.1243,1.669471
202300010474,3,6,2023,2025-12-05 17:40:00,1,60,60188,2,3,1,3,Rue Du Pont Chevalier,49.396211,3.004573
202300010475,16,3,2023,2025-12-05 17:29:00,1,4,4070,2,1,1,6,Gassendi (Bd),44.09261,6.23506
202300010476,22,11,2023,2025-12-05 15:45:00,1,69,69081,2,2,8,3,Avenue Du Docteur Terver,45.77175,4.77713
202300010477,29,12,2023,2025-12-05 12:35:00,1,45,45068,2,1,1,2,D740 Pk 4 + 434,48.02316,2.73825
202300010478,9,7,2023,2025-12-05 17:30:00,1,19,19229,1,1,1,1,Rd 152,45.16388444,1.45502329
202300010479,18,8,2023,2025-12-05 10:38:00,1,78,78140,1,1,1,4,A13,48.966715,1.92224
202300010480,22,11,2023,2025-12-05 07:15:00,1,971,97113,2,1,1,7,Section Cocoyer,16.23239,-61.47916
202300010481,4,3,2023,2025-12-05 20:20:00,5,2,2408,2,1,1,2,69 Boulevard Pierre Brossolette,49.56942,3.62125
202300010482,29,12,2023,2025-12-05 18:40:00,2,44,44109,2,1,1,6,31 Rue Frere Louis,47.19373088,-1.53747305
202300010483,18,8,2023,2025-12-05 08:10:00,1,78,78206,1,1,1,5,A13,48.94747,1.9471
202300010484,3,6,2023,2025-12-05 17:25:00,1,64,64147,1,3,1,3,D936,43.466364,-1.292701
202300010485,9,7,2023,2025-12-05 06:30:00,2,76,76240,2,1,1,7,16 Route Du Havre,49.70714,0.364756
202300010486,17,10,2023,2025-12-05 16:45:00,1,971,97113,2,9,1,3,Section Leroux,16.24253627,-61.47385418
202300010487,29,12,2023,2025-12-05 10:15:00,1,41,41269,2,9,1,3,Saint Lubin (Faubourg),47.79035,1.06368
202300010488,17,1,2023,2025-12-05 07:45:00,3,69,69162,1,1,4,3,Route De Saint-Vincent,46.135947,4.614934
202300010489,16,8,2023,2025-12-05 17:50:00,1,92,92025,1,1,1,2,A86,48.92201331,2.22672771
202300010490,28,6,2023,2025-12-05 19:55:00,1,79,79170,2,3,1,7,Adresse_Inconnue,46.196282,-0.665397
202300010491,29,12,2023,2025-12-05 04:35:00,5,38,38185,2,7,1,6,Place De La Resistance,45.20551,5.70006
202300010492,17,8,2023,2025-12-05 09:00:00,2,78,78321,1,1,1,2,Rn12 Ext,48.797652,1.911572
202300010493,20,11,2023,2025-12-05 18:00:00,2,95,95197,2,3,2,7,Abel Fauveau (Rue),48.96093703,2.32601702
202300010494,10,7,2023,2025-12-05 12:10:00,1,2A,2A139,2,1,1,3,T10,41.671966,9.312758
202300010495,15,8,2023,2025-12-05 03:20:00,5,92,92063,1,1,1,6,A86 Duplex,48.87079506,2.15722482
202300010496,18,3,2023,2025-12-05 20:30:00,5,75,75116,2,1,1,5,Porte Dauphine,48.873692,2.275113
202300010497,3,6,2023,2025-12-05 18:20:00,1,53,53161,1,1,1,1,D32,48.115569,-0.596341
202300010498,29,12,2023,2025-12-05 19:35:00,5,37,37122,2,3,8,3,Jaures (Boulevard Jean),47.34806,0.65834
202300010499,9,7,2023,2025-12-05 12:30:00,1,2B,2B043,1,1,1,1,D80,42.788319,9.485235
202300010500,17,11,2023,2025-12-05 20:25:00,5,95,95598,2,1,8,3,D109,48.985091,2.295405
202300010501,20,8,2023,2025-12-05 07:50:00,1,93,93005,1,1,1,3,Autoroute A3,48.96024199,2.47332287
202300010502,3,6,2023,2025-12-05 22:15:00,3,21,21576,1,1,1,6,D70,47.392527,4.459216
202300010503,29,12,2023,2025-12-05 11:10:00,1,37,37261,2,9,1,6,Europe (Avenue De L'),47.4228,0.68372
202300010504,20,3,2023,2025-12-05 18:05:00,1,75,75119,2,2,1,2,Avenue Simon Bolivar,48.875592,2.381883
202300010505,9,7,2023,2025-12-05 02:00:00,3,2B,2B152,1,1,1,6,D 180,42.893939,9.445817
202300010506,19,8,2023,2025-12-05 18:50:00,1,95,95424,1,1,1,6,A15,48.9939,2.18536
202300010507,17,11,2023,2025-12-05 18:00:00,5,95,95637,2,2,2,6,Georges Brassens (Mail),49.02003,2.0262
202300010508,2,6,2023,2025-12-05 20:45:00,2,21,21163,1,1,1,6,D28,47.566986,5.287085
202300010509,28,6,2023,2025-12-05 22:02:00,3,82,82155,2,9,1,6,Route De Caussade,44.153441,1.737438
202300010510,30,12,2023,2025-12-05 00:38:00,5,35,35238,2,3,1,3,Liberte (Bd De La),48.10743,-1.67452
202300010511,18,8,2023,2025-12-05 20:30:00,1,93,93066,1,1,1,2,Autoroute A1,48.92963775,2.36322463
202300010512,20,3,2023,2025-12-05 08:55:00,1,75,75119,2,3,1,2,Avenue Jean Jaures,48.88655992,2.38461524
202300010513,21,11,2023,2025-12-05 09:30:00,1,84,84007,2,2,1,6,Amandier (Avenue De L'),43.9378,4.84944
202300010514,4,6,2023,2025-12-05 18:45:00,1,40,40217,1,1,1,6,3598 Route De Lue,44.321768,-1.037846
202300010515,18,8,2023,2025-12-05 19:35:00,1,92,92036,1,1,1,2,Autoroute A86,48.93594318,2.31910014
202300010516,29,12,2023,2025-12-05 06:20:00,5,35,35238,2,3,2,6,Verdun (Bd De),48.1187,-1.6889
202300010517,10,7,2023,2025-12-05 08:20:00,1,82,82126,1,9,7,5,Route Du Causse,44.169727,1.584762
202300010518,21,11,2023,2025-12-05 16:00:00,1,84,84007,2,1,1,1,Morieres (Route De ),43.95246,4.84239
202300010519,18,8,2023,2025-12-05 19:00:00,1,93,93027,1,1,1,2,Autoroute A1,48.93726,2.41041
202300010520,2,6,2023,2025-12-05 07:50:00,2,40,40284,2,9,1,3,Avenue De Terreblanque,43.661725,-1.287525
202300010521,19,3,2023,2025-12-05 20:30:00,5,75,75117,2,2,1,1,Avenue De Wagram,48.88155431,2.30070502
202300010522,29,12,2023,2025-12-05 18:30:00,3,34,34129,1,1,1,1,Perols D132 (Avenue De),43.56325,3.92155
202300010523,22,11,2023,2025-12-05 19:00:00,5,78,78481,2,1,1,6,Charles De Gaulle (Avenue),48.89022,2.10368
202300010524,8,7,2023,2025-12-05 20:45:00,2,65,65045,1,1,1,6,Aucun,43.004569,-0.212667
202300010525,18,8,2023,2025-12-05 16:45:00,1,93,93007,1,1,1,4,Autoroute A3,48.93389,2.48076
202300010526,29,12,2023,2025-12-05 21:07:00,5,33,33281,2,2,5,3,Avenue Marcel Dassault,44.84353,-0.6729
202300010527,18,3,2023,2025-12-05 21:30:00,5,75,75117,2,1,1,2,Avenue Des Ternes,48.881216,2.288644
202300010528,3,6,2023,2025-12-05 14:50:00,1,40,40233,1,1,1,3,Route De Dax,43.628613,-1.023515
202300010529,9,7,2023,2025-12-05 12:15:00,1,11,11302,1,1,1,7,Route Departementale 117,42.813403,2.32393
202300010530,22,11,2023,2025-12-05 10:46:00,1,78,78642,2,3,1,3,Malraux Bd Andre,48.982482,1.969681
202300010531,18,8,2023,2025-12-05 00:50:00,3,93,93013,1,1,1,2,Autoroute A1,48.94234,2.4322
202300010532,30,12,2023,2025-12-05 00:04:00,5,29,29232,2,1,1,6,2Bis Rue Haute,47.99005526,-4.11050243
202300010533,7,7,2023,2025-12-05 11:00:00,1,71,71379,1,1,1,7,Route Du Moulin,46.59458,5.324995
202300010534,19,3,2023,2025-12-05 21:58:00,5,75,75116,2,3,1,6,Rue De La Pompe,48.864115,2.277584
202300010535,5,6,2023,2025-12-05 16:04:00,1,85,85006,1,2,1,3,L'Hommelet,46.784777,-1.733029
202300010536,17,8,2023,2025-12-05 11:50:00,1,95,95277,1,9,1,1,A3,48.973777,2.486815
202300010537,7,7,2023,2025-12-05 05:00:00,2,76,76252,1,1,1,7,D22,50.022692,1.384964
202300010538,22,11,2023,2025-12-05 10:05:00,1,77,77251,2,6,1,3,All Du Trait D'Union,48.617286,2.543415
202300010539,20,3,2023,2025-12-05 18:30:00,2,75,75115,2,7,1,2,Boulevard De Grenelle,48.848024,2.301549
202300010540,22,11,2023,2025-12-05 03:50:00,5,72,72181,2,1,1,6,Miroir (Rue Du),47.99257,0.19759
202300010541,9,7,2023,2025-12-05 06:35:00,1,49,49167,1,1,1,7,Ld  Le Pave,47.365223,-0.453143
202300010542,15,8,2023,2025-12-05 21:30:00,3,93,93005,1,1,1,5,Autoroute A1,48.96199218,2.46989183
202300010543,3,6,2023,2025-12-05 14:00:00,1,27,27323,1,2,1,3,Route De La Daviere,48.907523,0.540229
202300010544,29,12,2023,2025-12-05 11:50:00,1,25,25462,2,6,8,2,Rocade G.Pompidou (Du 25 A La Fin),46.90135,6.34846
202300010545,17,11,2023,2025-12-05 18:30:00,5,69,69266,2,1,1,6,Avenue Roger Salengro,45.77878,4.88002
202300010546,9,7,2023,2025-12-05 16:45:00,1,12,12270,1,3,1,3,Le Merdans,44.335688,3.064464
202300010547,20,3,2023,2025-12-05 07:45:00,1,75,75115,2,2,1,3,Rue Des Quatre Freres Peignot,48.846408,2.283175
202300010548,4,6,2023,2025-12-05 08:00:00,1,28,28124,1,1,1,6,D313.16,48.766276,1.158643
202300010549,29,12,2023,2025-12-05 19:35:00,5,13,13214,2,1,1,4,Roland Dorgeles (Boulevard),43.34706,5.37869
202300010550,9,7,2023,2025-12-05 17:19:00,1,42,42334,1,1,1,6,Route Du Chene,45.848652,4.331145
202300010551,20,8,2023,2025-12-05 08:45:00,1,77,77363,1,1,1,2,A104,48.92468643,2.62950739
202300010552,22,11,2023,2025-12-05 18:30:00,5,69,69266,2,2,1,6,Rue Henri Legay,45.75213,4.9161
202300010553,20,3,2023,2025-12-05 13:45:00,1,75,75113,2,4,1,3,Boulevard De L Hopital,48.839898,2.361761
202300010554,21,11,2023,2025-12-05 18:10:00,5,69,69029,2,1,1,6,Avenue Louis Mouillard,45.72583117,4.93594398
202300010555,29,12,2023,2025-12-05 23:30:00,5,13,13208,2,1,1,2,Pointe Rouge (Ave),43.24543,5.37323
202300010556,19,8,2023,2025-12-05 20:40:00,2,94,94046,1,1,1,3,A86,48.81070243,2.44917546
202300010557,14,5,2023,2025-12-05 14:50:00,1,17,17236,1,1,1,1,La Basquette,45.343308,-0.563017
202300010558,10,7,2023,2025-12-05 14:00:00,1,42,42252,1,1,1,1,D1089,45.790158,3.909638
202300010559,21,11,2023,2025-12-05 08:00:00,1,69,69290,2,1,2,3,73 Rue Aristide Briand,45.69617,4.92664
202300010560,18,8,2023,2025-12-05 19:40:00,1,94,94011,1,1,1,3,N406,48.76122778,2.49120678
202300010561,19,3,2023,2025-12-05 22:30:00,5,75,75111,2,2,1,3,Avenue De La Republique,48.86674503,2.36679733
202300010562,9,7,2023,2025-12-05 17:30:00,1,44,44088,1,1,1,2,Adresse_Inconnue,47.114595,-1.396058
202300010563,18,8,2023,2025-12-05 19:30:00,1,93,93051,1,1,1,2,A4,48.83522527,2.57472356
202300010564,3,6,2023,2025-12-05 21:35:00,2,17,17091,2,1,1,1,73 Rue Pierre Loti,46.305049,-1.093976
202300010565,22,11,2023,2025-12-05 18:50:00,5,64,64189,2,2,1,3,Petit Bois (Allee Du),43.37783,-1.66368
202300010566,20,3,2023,2025-12-05 08:40:00,1,75,75108,2,2,1,6,Rue Des Mathurins,48.873427,2.322416
202300010567,28,12,2023,2025-12-05 15:30:00,1,13,13206,2,1,8,6,Breteuil (Rue),43.29228,5.37501
202300010568,7,7,2023,2025-12-05 19:13:00,1,29,29105,2,1,1,3,Rue Du General Weygand,48.513633,-4.067235
202300010569,18,8,2023,2025-12-05 18:40:00,1,93,93051,1,1,1,3,A4,48.83620546,2.5559632
202300010570,28,5,2023,2025-12-05 15:20:00,1,87,87199,1,1,1,7,La Roudarie,45.77107,0.845894
202300010571,27,12,2023,2025-12-05 19:30:00,3,12,12013,1,1,1,6,Ruau Bas Lieu-Dit,44.54884,2.29578
202300010572,22,11,2023,2025-12-05 20:40:00,5,64,64024,2,6,1,2,Hausquette (Rue De),43.49671976,-1.50929779
202300010573,19,3,2023,2025-12-05 20:10:00,5,75,75108,2,4,1,3,Rue De Constantinople,48.880659,2.318324
202300010574,9,7,2023,2025-12-05 20:00:00,1,2,2135,1,1,1,1,Rue Du 8 Mai 1945,49.957992,3.838284
202300010575,18,8,2023,2025-12-05 14:00:00,1,94,94028,1,1,1,5,A86,48.78269366,2.44086088
202300010576,22,11,2023,2025-12-05 13:10:00,1,64,64024,2,1,1,7,Bayonne (Avenue De),43.48289,-1.50417
202300010577,3,6,2023,2025-12-05 12:25:00,1,30,30259,1,3,1,3,D981,44.103308,4.12903
202300010578,28,12,2023,2025-12-05 23:45:00,3,75,75112,2,1,1,3,Avenue Ledru Rollin,48.848855,2.37297
202300010579,20,3,2023,2025-12-05 10:25:00,1,75,75102,2,2,1,6,Boulevard Saint Denis,48.869337,2.354244
202300010580,17,8,2023,2025-12-05 16:00:00,1,77,77517,1,1,1,3,Rn104,48.9066654,2.63983324
202300010581,10,7,2023,2025-12-05 11:30:00,1,2,2610,1,1,1,5,D6,49.386556,3.277262
202300010582,3,6,2023,2025-12-05 12:00:00,1,48,48094,1,1,1,6,Le Villaret,44.271987,3.225655
202300010583,22,11,2023,2025-12-05 08:55:00,1,63,63113,2,2,2,3,Parlette / Rm2009-Jean Moulin,45.77686,3.11753
202300010584,20,3,2023,2025-12-05 10:15:00,1,94,94068,2,1,1,2,Quai Du Port Au Fouarre,48.7892202,2.4785623
202300010585,29,12,2023,2025-12-05 10:25:00,1,75,75118,2,3,1,3,Boulevard Ney,48.897923,2.338361
202300010586,9,7,2023,2025-12-05 15:10:00,1,2,2095,2,1,1,3,6 Route De Seboncourt,49.980677,3.458249
202300010587,22,5,2023,2025-12-05 14:30:00,1,88,88089,1,1,3,3,2016 Chemin Departemental 60,48.18238,6.799555
202300010588,8,7,2023,2025-12-05 18:30:00,1,2,2305,1,1,1,7,D967,49.186977,3.51202
202300010589,29,12,2023,2025-12-05 00:00:00,5,75,75117,2,1,1,7,Avenue De La Porte De Champerret,48.886158,2.287435
202300010590,22,11,2023,2025-12-05 07:20:00,2,63,63113,2,1,2,1,Meuniers (Rue Des),45.7661,3.10468
202300010591,4,6,2023,2025-12-05 18:30:00,1,52,52197,1,1,1,1,Grande Rue  (Broncourt),47.758876,5.658222
202300010592,20,3,2023,2025-12-05 16:50:00,1,94,94073,2,1,1,6,Rue De La Couture Du Moulin,48.76414,2.38354
202300010593,27,4,2023,2025-12-05 11:59:00,1,88,88409,1,4,1,7,Rue De Laforet,48.02699,6.65708
202300010594,29,12,2023,2025-12-05 04:41:00,5,75,75116,2,1,1,6,Rue De La Pompe,48.866968,2.280415
202300010595,10,7,2023,2025-12-05 08:10:00,1,15,15012,1,1,1,4,D920,44.841493,2.479756
202300010596,17,11,2023,2025-12-05 11:15:00,1,62,62587,2,4,1,7,Rue Victor Hugo,50.428253,2.934708
202300010597,29,12,2023,2025-12-05 03:42:00,5,75,75115,2,1,1,6,Rue Saint Charles,48.837595,2.277677
202300010598,3,6,2023,2025-12-05 16:35:00,1,88,88437,2,1,1,1,Grande Rue,48.280423,6.316591
202300010599,20,3,2023,2025-12-05 12:00:00,1,94,94055,2,1,1,2,Avenue Wladimir D'Ormesson,48.78683,2.54288
202300010600,17,4,2023,2025-12-05 17:00:00,1,88,88415,2,1,1,3,Rue De La Moselotte,48.01996526,6.6143167
202300010601,9,7,2023,2025-12-05 19:50:00,1,1,1454,1,4,1,1,D1504,45.708745,5.72083
202300010602,22,11,2023,2025-12-05 03:20:00,5,62,62457,2,1,8,6,Chemin Du Souvenir Francais,50.45204,2.54143
202300010603,3,3,2023,2025-12-05 07:50:00,1,14,14728,1,1,1,2,Rue Saint Julien,49.27420647,-0.73973199
202300010604,29,12,2023,2025-12-05 20:00:00,5,75,75114,2,2,2,3,Rue Raymond Losserand,48.828768,2.307671
202300010605,19,3,2023,2025-12-05 11:30:00,1,94,94018,2,3,8,3,Avenue De Gravelle / Rue De Valmy,48.82835949,2.40497321
202300010606,10,7,2023,2025-12-05 08:30:00,1,85,85151,1,9,8,2,Rd149,46.98365,-0.933639
202300010607,3,6,2023,2025-12-05 19:45:00,1,18,18103,1,1,1,6,Adresse_Inconnue,47.110283,1.886773
202300010608,22,11,2023,2025-12-05 21:20:00,5,59,59599,2,1,1,6,Calais (Rue De),50.71641,3.15135
202300010609,13,8,2023,2025-12-05 17:25:00,1,65,65286,2,1,1,6,Chateau Fort,43.09778,-0.04851