num_acc,jour,mois,an,hrmn,lum,dep,com,agg,int,atm,col,adr,lat,long
202300010610,9,7,2023,2025-12-05 18:35:00,1,58,58003,1,1,1,3,Pierre-Ecrite,47.188845,4.217573
202300010611,28,12,2023,2025-12-05 23:13:00,5,75,75108,2,2,1,3,Avenue De Marigny,48.867788,2.313853
202300010612,20,3,2023,2025-12-05 13:35:00,1,93,93046,2,1,1,2,Avenue Du Marechal Leclerc,48.920525,2.540092
202300010613,3,6,2023,2025-12-05 03:40:00,3,17,17016,1,1,1,1,D700,45.531542,-0.310729
202300010614,22,11,2023,2025-12-05 18:00:00,2,59,59279,2,1,1,1,Loisel (Chemin De),50.773742,3.14536071
202300010615,26,5,2023,2025-12-05 13:34:00,1,74,74010,2,3,1,2,Alery (Grande Rue D'),45.89872232,6.11062802
202300010616,9,7,2023,2025-12-05 16:10:00,1,66,66024,1,1,1,1,Adresse_Inconnue,42.53849,2.845716
202300010617,29,12,2023,2025-12-05 17:35:00,5,75,75101,2,1,1,3,Rue Cambon,48.867984,2.326659
202300010618,20,3,2023,2025-12-05 13:00:00,1,93,93066,2,1,1,6,Rue Andre Campra,48.919256,2.353884
202300010619,22,11,2023,2025-12-05 14:00:00,1,59,59512,2,1,1,6,Epeule (Rue De L'),50.6906,3.16222
202300010620,5,6,2023,2025-12-05 09:05:00,1,69,69033,2,3,1,6,Montee De La Vigourette,45.852239,4.87256
202300010621,9,7,2023,2025-12-05 13:30:00,1,72,72376,1,1,1,1,Lieu Dit La Vetiere Axe D33,47.896823,0.47601342
202300010622,25,5,2023,2025-12-05 00:51:00,3,74,74010,1,1,1,1,Ouest (Boulevard),45.9046,6.0895
202300010623,20,3,2023,2025-12-05 10:15:00,1,93,93048,2,1,1,3,Rue De Rosny,48.86714492,2.45668083
202300010624,29,12,2023,2025-12-05 00:20:00,5,94,94068,2,1,1,2,Rue Du Chemin Vert,48.80082,2.47078
202300010625,22,11,2023,2025-12-05 07:50:00,1,59,59328,2,9,1,6,Hippodrome Av De L Ndeg237 Au389,50.65154,3.02269
202300010626,15,1,2023,2025-12-05 17:50:00,5,60,60107,2,6,1,7,Rue Du Grand Air,49.360912,2.42506
202300010627,9,7,2023,2025-12-05 05:20:00,2,72,72300,1,1,1,2,Route De Saint Etienne Du Narais,48.002385,0.40393
202300010628,20,3,2023,2025-12-05 13:00:00,1,93,93007,2,1,1,6,212 Avenue Du 8 Mai 1945,48.952838,2.442308
202300010629,5,6,2023,2025-12-05 14:00:00,1,21,21054,1,1,1,2,Autoroute A31 Pk 000+100 (Sens Sud/Nord),47.018701,4.869583
202300010630,29,12,2023,2025-12-05 20:25:00,5,94,94041,2,1,2,6,Avenue Pierre Semard,48.8211,2.37914
202300010631,10,7,2023,2025-12-05 13:50:00,1,14,14431,2,1,1,6,1 Rue Henri Dunant,49.07302,-0.069103
202300010632,19,11,2023,2025-12-05 10:35:00,1,59,59017,2,9,2,6,De Mun  (Rue Albert ),50.68,2.8866
202300010633,27,5,2023,2025-12-05 12:45:00,1,50,50603,1,9,1,3,Rue Du Pont,49.042464,-1.554866
202300010634,23,3,2023,2025-12-05 21:25:00,5,92,92075,2,6,1,7,Jacques Jezequel (Avenue),48.8199,2.2906
202300010635,3,6,2023,2025-12-05 20:45:00,1,21,21606,1,1,1,6,A31 Aire De Serrigny Vers Beaune,47.073806,4.923002
202300010636,22,11,2023,2025-12-05 14:25:00,1,57,57463,2,1,1,1,Andre Maginot (Boulevard),49.116918,6.184973
202300010637,19,4,2023,2025-12-05 20:20:00,1,73,73008,2,9,1,2,Forestier Generaux Boulevard,45.70315754,5.90649846
202300010638,28,12,2023,2025-12-05 20:10:00,5,94,94028,2,1,1,3,Avenue Du Marechal Foch,48.78561,2.43641
202300010639,20,3,2023,2025-12-05 18:20:00,1,92,92063,2,1,1,2,Crevel Duval (Rue),48.88237,2.19157
202300010640,9,7,2023,2025-12-05 19:10:00,1,50,50389,1,2,1,3,Route De L?Abbaye,49.012788,-1.36152
202300010641,4,6,2023,2025-12-05 00:10:00,3,11,11262,1,1,1,6,"Autoroute A9, Pk 192.000 Snes Espagne / France",43.163651,2.994976
202300010642,4,4,2023,2025-12-05 17:15:00,1,73,73225,2,1,1,2,D201,45.52583302,5.95517635
202300010643,22,11,2023,2025-12-05 09:30:00,1,51,51454,2,1,1,3,Intermarche (Boulevard Wilson),49.241722,4.017348
202300010644,29,12,2023,2025-12-05 17:35:00,5,94,94017,2,1,2,5,Avenue Du General De Gaulle,48.82389,2.49721
202300010645,20,3,2023,2025-12-05 17:50:00,1,92,92050,2,1,1,6,Joffre Marechal Avenue Du,48.88543,2.1945
202300010646,10,7,2023,2025-12-05 09:37:00,1,60,60667,1,2,1,1,Adresse_Inconnue,49.276754,2.718394
202300010647,18,11,2023,2025-12-05 00:59:00,4,47,47323,2,6,8,7,Rol Tanguy,44.40903182,0.73558291
202300010648,4,4,2023,2025-12-05 15:26:00,1,73,73084,1,2,1,3,D1006,45.5073482,6.0236147
202300010649,4,6,2023,2025-12-05 18:00:00,1,83,83097,1,1,2,3,Autoroute A8 Pk44+300 Direction Aix-En-Provence,43.47974484,5.72693735
202300010650,20,3,2023,2025-12-05 16:30:00,1,92,92044,2,2,1,6,Alsace (Rue) Ndeg1 A 17 Et 2 A 18,48.889918,2.292477
202300010651,29,12,2023,2025-12-05 13:50:00,1,93,93070,2,5,1,3,Avenue Gabriel Peri /  Rue Louis Blanc,48.90683,2.33208
202300010652,21,11,2023,2025-12-05 17:41:00,2,41,41018,2,1,2,2,Moulin (Rue Jean),47.58738,1.32817
202300010653,10,7,2023,2025-12-05 11:50:00,1,64,64321,2,2,1,3,Chemin De Passabet,43.439062,-0.298004
202300010654,15,8,2023,2025-12-05 07:45:00,1,976,97611,2,3,1,3,Doujani-Mosquee De Doujani ( Rue De La ),-12.79519,45.21389
202300010655,3,6,2023,2025-12-05 13:50:00,1,83,83089,1,1,1,2,Autoroute A8 51+000,43.47212122,5.81924772
202300010656,20,3,2023,2025-12-05 19:10:00,5,92,92036,2,1,1,3,Avenue D'Argenteuil,48.93885223,2.25653708
202300010657,29,12,2023,2025-12-05 20:10:00,5,93,93014,2,2,2,3,Chemin Des Postes / Avenue De Sevigne,48.91275519,2.5400612
202300010658,8,7,2023,2025-12-05 12:30:00,1,43,43020,1,1,1,1,Route De Lamure,45.321073,4.130945
202300010659,11,8,2023,2025-12-05 19:32:00,3,972,97209,2,1,1,6,Paul Nardal  (Place),14.61389,-61.07311
202300010660,22,11,2023,2025-12-05 18:00:00,5,38,38185,2,9,1,3,Berriat (Cours)            100-93 A 148-,45.18857,5.71068
202300010661,20,3,2023,2025-12-05 20:20:00,5,92,92024,2,1,1,5,Martre (Rue) De (59 A 109)   (58 A 120),48.90321,2.30601
202300010662,29,12,2023,2025-12-05 12:15:00,1,93,93005,2,9,1,3,Rue Calmette Et Guerin,48.95203,2.516178
202300010663,3,6,2023,2025-12-05 12:15:00,1,69,69115,1,1,1,2,Autoroute 6,45.974553,4.733723
202300010664,22,11,2023,2025-12-05 15:50:00,1,37,37261,2,2,1,3,Europe (Avenue De L'),47.42281,0.68569
202300010665,9,7,2023,2025-12-05 06:25:00,2,10,10332,2,1,1,6,Rue Des Charmottes,48.275258,4.183056
202300010666,15,8,2023,2025-12-05 12:45:00,1,2B,2B033,2,2,1,3,Toutes Rues,42.70262,9.45213
202300010667,29,12,2023,2025-12-05 13:36:00,1,93,93001,2,1,1,7,Avenue Victor Hugo,48.90660199,2.37577297
202300010668,5,6,2023,2025-12-05 08:15:00,2,60,60482,2,1,1,6,D118,49.13942356,2.48860376
202300010669,22,11,2023,2025-12-05 12:15:00,1,37,37261,2,1,1,6,Palissy (Rue Bernard),47.39355,0.693
202300010670,20,3,2023,2025-12-05 16:40:00,1,92,92024,2,2,1,3,General Leclerc (Bd Du) (9 A 59)   (4 A,48.9013,2.31524
202300010671,15,8,2023,2025-12-05 02:35:00,3,971,97113,1,1,1,1,Rn4 - Section Riviera,16.21893,-61.50346
202300010672,9,7,2023,2025-12-05 17:35:00,1,53,53188,2,1,1,1,44 Rue De L'Aubiniere,47.796289,-1.057675
202300010673,29,12,2023,2025-12-05 18:20:00,5,92,92046,2,3,8,3,Gabriel Peri,48.81931737,2.30448537
202300010674,20,3,2023,2025-12-05 05:10:00,5,92,92023,2,1,1,6,General De Gaulle (Avenue Du),48.78919,2.26089
202300010675,9,7,2023,2025-12-05 15:50:00,1,53,53267,1,1,1,7,La Couture,48.025122,-0.44574
202300010676,22,11,2023,2025-12-05 19:15:00,3,35,35334,1,1,1,2,Rn136,48.1432,-1.58703
202300010677,14,8,2023,2025-12-05 16:25:00,1,971,97101,1,1,1,1,Aeroport Pole Caraibe,16.27577,-61.51947
202300010678,3,6,2023,2025-12-05 12:45:00,1,987,98724,1,1,1,1,District De Fare - Marina De Fare,-16.752,-150.997
202300010679,29,12,2023,2025-12-05 10:27:00,1,92,92073,2,1,1,3,Sellier (Boulevard Henri),48.86502119,2.21922129
202300010680,20,3,2023,2025-12-05 20:40:00,5,92,92012,2,1,2,7,Republique (Boulevard De La) 79/Fin - 76,48.8332235,2.24526376
202300010681,20,11,2023,2025-12-05 11:50:00,1,34,34301,2,1,1,6,Bosc (Quai De),43.40907,3.69463
202300010682,15,8,2023,2025-12-05 21:40:00,5,95,95197,2,9,1,3,D928,48.96019,2.32695
202300010683,29,12,2023,2025-12-05 12:55:00,1,92,92051,2,1,1,3,"Roule (Avenue Du, Ndeg 29 A 91 Et 30 A 86)",48.8827161,2.27651596
202300010684,26,5,2023,2025-12-05 19:58:00,5,987,98733,2,1,1,1,Pk19,-17.668476,-149.592977
202300010685,9,7,2023,2025-12-05 08:45:00,1,40,40175,1,1,1,5,D 30,43.835719,-0.370231
202300010686,16,8,2023,2025-12-05 01:00:00,3,95,95476,1,1,1,6,D915,49.07529,2.07681
202300010687,20,3,2023,2025-12-05 13:40:00,1,92,92012,2,2,1,1,Edouard Vaillant (Avenue) 57/Fin - 58/Fi,48.83554,2.24946
202300010688,22,11,2023,2025-12-05 18:05:00,5,34,34172,2,1,1,2,Moulares (Chemin De,43.5983,3.89331
202300010689,9,7,2023,2025-12-05 15:15:00,1,24,24484,1,1,1,7,Route De Fayard,45.118298,0.87612
202300010690,29,12,2023,2025-12-05 15:15:00,1,92,92044,2,3,8,3,Ed.Vaillant(Rue) 47A73 Et 50A78,48.89452823,2.29033493
202300010691,7,7,2023,2025-12-05 16:00:00,1,28,28203,1,1,1,6,D920,48.462365,1.208861
202300010692,22,11,2023,2025-12-05 17:30:00,1,33,33318,2,1,1,3,11Bis Avenue Pierre Wiehn,44.80152,-0.63122
202300010693,26,5,2023,2025-12-05 13:20:00,1,987,98733,2,1,1,6,Pk 23.500,-17.706399,-149.583921
202300010694,14,8,2023,2025-12-05 17:15:00,1,91,91421,1,1,2,7,Nationale 6 (Glaciere),48.70307,2.44369
202300010695,14,3,2023,2025-12-05 23:37:00,5,92,92004,2,3,1,6,Aulagnier ( Quai ),48.91407,2.30991
202300010696,28,12,2023,2025-12-05 12:57:00,1,92,92025,2,1,8,3,Estienne D'Orves (Rue),48.90938305,2.2318992
202300010697,15,8,2023,2025-12-05 14:15:00,1,83,83061,2,1,1,7,Avenue General Norbert Riera,43.448082,6.748624
202300010698,19,3,2023,2025-12-05 19:45:00,3,83,83049,2,1,1,6,D97,43.244634,6.084864
202300010699,9,7,2023,2025-12-05 12:20:00,1,30,30307,1,3,1,3,N106,44.169777,4.051176
202300010700,6,5,2023,2025-12-05 08:40:00,1,987,98733,2,1,1,3,Grottes De Maraa,-17.74649,-149.564781
202300010701,22,11,2023,2025-12-05 08:20:00,1,33,33529,2,1,1,4,Cazaux (Bd De) Du 02 Et +,44.60921,-1.13223
202300010702,29,12,2023,2025-12-05 14:15:00,1,92,92023,2,1,1,3,General De Gaulle (Avenue Du) Ndeg2 A 132,48.79284049,2.26980105
202300010703,14,8,2023,2025-12-05 21:25:00,5,77,77501,1,1,1,6,Rte De Moret,48.34001,2.8463
202300010704,8,7,2023,2025-12-05 15:45:00,1,88,88454,1,1,1,7,Route De Vaudeville,48.240724,6.537552
202300010705,21,11,2023,2025-12-05 15:50:00,1,31,31555,2,1,1,6,Bd De Marengo,43.61066,1.45701
202300010706,26,12,2023,2025-12-05 11:30:00,1,86,86190,1,1,1,7,Lieu Dit La Baudiere,46.345632,0.721056
202300010707,5,6,2023,2025-12-05 08:54:00,1,971,97108,2,1,1,7,Lieu Dit Girard,15.912109,-61.21346
202300010708,20,3,2023,2025-12-05 18:40:00,1,62,62647,2,1,2,1,D123,50.380591,2.105159
202300010709,15,8,2023,2025-12-05 06:45:00,1,74,74298,2,6,1,3,Colline (Route De La ),46.186784,6.257519
202300010710,9,7,2023,2025-12-05 21:15:00,2,39,39159,1,1,1,2,Adresse_Inconnue,46.88272,5.586265
202300010711,29,12,2023,2025-12-05 04:10:00,3,2A,2A348,1,1,1,6,Rd 70,42.151975,8.753872
202300010712,21,3,2023,2025-12-05 15:15:00,1,62,62196,2,1,9,6,D139,50.47578391,1.72789322
202300010713,21,11,2023,2025-12-05 13:35:00,1,29,29019,2,2,1,6,Rue Edouard Corbiere,48.39178,-4.47419
202300010714,30,12,2023,2025-12-05 17:40:00,3,28,28022,1,1,2,7,Route Departementale 939,48.487487,1.391435
202300010715,15,8,2023,2025-12-05 16:00:00,1,64,64335,1,1,1,2,D817,43.34286,-0.41273
202300010716,9,7,2023,2025-12-05 19:00:00,2,69,69385,2,1,1,1,60 Avenue General Eisenhower,45.7511906,4.78148847
202300010717,21,3,2023,2025-12-05 17:50:00,1,40,40167,1,1,1,7,D315 Pk 19 +275,44.247293,-0.557325
202300010718,3,6,2023,2025-12-05 19:30:00,3,972,97224,2,1,1,1,Route De Jambette Beausejour,14.649585,-61.043043
202300010719,22,11,2023,2025-12-05 19:00:00,5,28,28332,2,4,1,1,Kennedy (Avenue Du President),48.72787,1.38923
202300010720,29,12,2023,2025-12-05 14:45:00,1,86,86170,2,2,1,3,Route Nationale Ndeg147,46.331001,0.811376
202300010721,15,8,2023,2025-12-05 08:45:00,1,64,64445,2,2,8,3,Didier Daurat,43.33113,-0.3796
202300010722,22,11,2023,2025-12-05 18:00:00,2,28,28134,2,1,1,6,Vieux Pre (Rue Du),48.73206,1.36477
202300010723,21,5,2023,2025-12-05 08:58:00,1,6,6004,1,1,1,4,"A8, Pk 172.000 Voie Nord",43.603299,7.083306
202300010724,20,3,2023,2025-12-05 18:20:00,1,35,35193,1,3,1,2,Adresse_Inconnue,48.238062,-1.709978
202300010725,15,8,2023,2025-12-05 09:16:00,1,64,64445,2,1,1,2,Bosquet,43.2972,-0.36643
202300010726,22,11,2023,2025-12-05 09:45:00,2,28,28134,2,1,1,6,Bois Sabot (Rue Du),48.73682,1.36194
202300010727,20,3,2023,2025-12-05 21:15:00,3,89,89239,2,4,1,6,Rue De L'Industrie,48.186093,3.318143
202300010728,9,7,2023,2025-12-05 17:45:00,1,90,90080,1,1,1,2,A36,47.65643,6.939235
202300010729,5,6,2023,2025-12-05 08:01:00,1,33,33199,2,2,1,3,Cours De Verdun,44.63625,-1.080726
202300010730,14,12,2023,2025-12-05 17:10:00,2,22,22225,1,1,1,4,N12 Pr82+0500,48.5407,-3.07137
202300010731,21,3,2023,2025-12-05 00:55:00,3,62,62129,1,1,1,7,D7,50.11772214,2.81561953
202300010732,9,7,2023,2025-12-05 21:50:00,2,27,27518,1,1,1,6,A 131,49.451361,0.544553
202300010733,15,8,2023,2025-12-05 23:15:00,5,64,64125,2,3,1,3,Cumba (Avenue),43.44668,-1.58
202300010734,21,11,2023,2025-12-05 17:35:00,5,27,27229,2,1,2,5,Gambetta (Boulevard),49.01875,1.1442
202300010735,4,6,2023,2025-12-05 17:25:00,1,77,77322,1,1,1,3,D26E,49.070881,2.618185
202300010736,20,3,2023,2025-12-05 17:50:00,1,56,56123,1,1,1,1,Ville Es Braies,47.687146,-2.338564
202300010737,9,7,2023,2025-12-05 00:45:00,3,84,84087,1,1,1,2,A9,44.098434,4.78858
202300010738,10,8,2023,2025-12-05 07:35:00,1,62,62193,2,2,7,1,Boulevard Leon Gambetta,50.94707,1.84826
202300010739,20,3,2023,2025-12-05 19:15:00,3,79,79063,1,1,1,7,Adresse_Inconnue,47.002668,-0.367291
202300010740,4,6,2023,2025-12-05 09:00:00,1,77,77264,1,1,1,7,D201,48.697996,2.963471
202300010741,10,7,2023,2025-12-05 04:30:00,3,13,13001,1,1,1,2,A8,43.523496,5.408431
202300010742,15,8,2023,2025-12-05 18:50:00,1,62,62160,2,3,7,3,D236,50.71697,1.59291
202300010743,21,11,2023,2025-12-05 17:35:00,3,22,22187,2,7,8,6,Chanoine Guinard (Quai Du),48.52415,-2.74781
202300010744,20,3,2023,2025-12-05 21:00:00,5,11,11397,2,1,1,1,D3,43.203186,2.430752
202300010745,4,6,2023,2025-12-05 16:10:00,1,77,77480,1,1,1,1,D107,48.445493,2.883106
202300010746,15,8,2023,2025-12-05 08:00:00,1,62,62035,2,1,1,6,Rue Frederic Joliot Curie,50.53104537,2.60472679
202300010747,30,12,2023,2025-12-05 10:05:00,1,71,71052,1,1,1,4,Autroute A6,46.592888,4.896571
202300010748,9,7,2023,2025-12-05 17:40:00,1,13,13112,1,1,1,2,A7 - Pk 252.000 - Sens Sud Nord,43.512985,5.233183
202300010749,21,3,2023,2025-12-05 14:50:00,1,34,34284,2,1,8,3,84 Grand'Rue,43.488015,2.763024
202300010750,30,12,2023,2025-12-05 19:20:00,5,30,30334,2,1,1,6,Avenue Des Cevennes,44.014727,4.414455
202300010751,27,5,2023,2025-12-05 13:50:00,1,2B,2B313,2,1,1,1,Moriani Plage,42.369178,9.529706
202300010752,14,8,2023,2025-12-05 11:50:00,1,61,61169,2,2,1,3,Vc,48.731924,-0.58335
202300010753,21,3,2023,2025-12-05 07:55:00,2,29,29212,1,2,1,3,Route De Guilers,48.38101,-4.576117
202300010754,22,11,2023,2025-12-05 15:30:00,1,13,13117,2,3,1,1,Salyens ( Avenue Des ),43.44398,5.25176
202300010755,9,7,2023,2025-12-05 23:55:00,3,33,33229,1,6,1,6,D106,44.778092,-1.018354
202300010756,4,6,2023,2025-12-05 23:30:00,5,2B,2B042,1,1,1,6,Route Des Marines De Borgo,42.578702,9.509976
202300010757,29,12,2023,2025-12-05 09:00:00,1,30,30331,1,1,1,3,Route Departementale 6086,44.125037,4.614547
202300010758,10,8,2023,2025-12-05 13:45:00,1,61,61466,2,1,1,1,C11,48.7369,-0.5413
202300010759,4,7,2023,2025-12-05 19:27:00,1,78,78009,1,1,2,6,A10,48.47696,1.912984
202300010760,29,12,2023,2025-12-05 23:38:00,5,37,37153,1,1,1,6,A10,47.49031628,0.82009077
202300010761,5,6,2023,2025-12-05 12:40:00,5,2A,2A247,2,1,1,6,Rue Marechal Leclerc,41.591439,9.278158
202300010762,6,8,2023,2025-12-05 18:38:00,1,59,59392,2,1,1,7,Dix-Neuf Mars 1962 (Avenue Du),50.275462,3.982227
202300010763,22,11,2023,2025-12-05 15:00:00,1,13,13210,2,2,1,3,Elie Wiesel (Bd),43.27146324,5.42199915
202300010764,21,3,2023,2025-12-05 16:20:00,1,38,38434,1,3,1,3,D73,45.514625,5.525179
202300010765,3,6,2023,2025-12-05 13:45:00,1,48,48135,1,1,1,6,Chemin Departemental 906,44.420149,3.93222
202300010766,8,7,2023,2025-12-05 16:00:00,1,987,98733,2,1,1,1,"Pk 29.00, Rt1, Hauteur Du Panneau Fin Agglomeration Paea",-17.746561,-149.56461
202300010767,22,11,2023,2025-12-05 12:50:00,1,13,13210,2,1,1,2,Elie Wiesel (Bd),43.27495721,5.42487596
202300010768,30,12,2023,2025-12-05 13:50:00,1,89,89076,1,1,1,3,"Rd 129, Pk 1+130",48.013446,3.681396
202300010769,21,3,2023,2025-12-05 15:00:00,1,50,50639,2,1,1,6,Rue Du General De Gaulle,48.836253,-1.221054
202300010770,15,8,2023,2025-12-05 21:45:00,5,38,38185,2,1,1,3,Avenue Paul Verlaine,45.16236,5.71499
202300010771,21,11,2023,2025-12-05 16:04:00,1,13,13205,2,2,1,3,Eugene Pierre (Boulevard),43.29765,5.39055
202300010772,3,6,2023,2025-12-05 17:45:00,1,34,34143,1,3,1,6,Allee Raimond Roger Trencavel,43.448771,3.606552
202300010773,9,7,2023,2025-12-05 17:50:00,1,2A,2A288,1,1,1,1,Cd 859,41.538121,9.176309
202300010774,30,12,2023,2025-12-05 13:39:00,1,61,61479,1,1,1,1,D2,48.664006,-0.077579
202300010775,20,3,2023,2025-12-05 22:40:00,3,18,18126,1,1,1,1,Adresse_Inconnue,46.917265,2.411284
202300010776,10,7,2023,2025-12-05 09:23:00,1,66,66011,2,1,7,6,85 Avenue Jean Jaures,42.60584813,2.89349869
202300010777,30,12,2023,2025-12-05 07:45:00,2,55,55462,1,1,1,7,D331,48.99915253,5.65364252
202300010778,20,11,2023,2025-12-05 17:00:00,1,13,13206,2,3,1,3,Breteuil (Rue),43.29177,5.3753
202300010779,14,8,2023,2025-12-05 23:30:00,5,34,34172,2,3,1,1,Eucalyptus (Rue Des),43.62267661,3.85458648
202300010780,3,6,2023,2025-12-05 18:40:00,1,34,34213,1,3,1,1,Rd2E5,43.471063,3.681182
202300010781,20,3,2023,2025-12-05 14:15:00,1,10,10295,1,1,1,1,D671,48.08138,4.384537
202300010782,23,11,2023,2025-12-05 01:35:00,5,11,11069,2,1,1,7,3 Place Du General De Gaulle,43.21026,2.35277
202300010783,15,8,2023,2025-12-05 12:40:00,1,34,34003,2,1,1,2,Avenue De La Butte,43.29133,3.51469
202300010784,29,12,2023,2025-12-05 17:20:00,5,12,12026,2,1,1,4,Avenue Claude Salles,44.393756,2.777613
202300010785,9,7,2023,2025-12-05 13:00:00,1,34,34143,1,1,1,5,Rd 613,43.43909273,3.62463559
202300010786,4,6,2023,2025-12-05 15:40:00,1,34,34327,2,3,1,1,8 Chemin Des 4 Coins,43.656159,3.96217
202300010787,21,3,2023,2025-12-05 12:30:00,1,53,53121,2,1,1,1,Route Des Rabelais,48.415359,-0.340126
202300010788,12,12,2023,2025-12-05 09:00:00,1,34,34332,2,3,1,3,Boulevard De La Liberte,43.310924,3.418685
202300010789,9,7,2023,2025-12-05 17:50:00,1,83,83035,1,3,7,1,5471Route Des Hauts Du Camp,43.255135,5.758746
202300010790,15,8,2023,2025-12-05 19:45:00,1,33,33529,1,1,1,4,Rd 1250 (Oustalet - Bonneval),44.61483,-1.14306
202300010791,21,11,2023,2025-12-05 19:30:00,5,10,10387,2,4,2,3,Gambetta (Rue),48.29771,4.06709
202300010792,30,12,2023,2025-12-05 16:35:00,1,68,68216,2,1,1,7,29 Rue Principale,47.511378,7.215984
202300010793,4,6,2023,2025-12-05 17:45:00,1,13,13015,2,1,3,1,D6B,43.423565,5.388772
202300010794,14,8,2023,2025-12-05 16:55:00,1,17,17415,2,9,1,7,Fenetre Rue De La,45.755354,-0.634508
202300010795,9,7,2023,2025-12-05 21:10:00,2,83,83042,2,6,1,1,D558,43.256584,6.532118
202300010796,20,3,2023,2025-12-05 20:15:00,3,27,27019,1,2,1,3,Pk 37 N12,48.678519,0.799076
202300010797,21,11,2023,2025-12-05 17:45:00,5,10,10387,2,3,1,3,St Dominique (Mail),48.29474,4.08261
202300010798,14,12,2023,2025-12-05 17:00:00,3,70,70405,1,1,2,1,N57,47.496995,6.109557
202300010799,3,6,2023,2025-12-05 22:00:00,5,13,13041,2,9,1,6,Rue Franklin,43.456233,5.469128
202300010800,15,8,2023,2025-12-05 23:52:00,5,17,17306,2,2,1,3,Clemenceau  Georges (Bd),45.63143,-1.02969
202300010801,9,7,2023,2025-12-05 11:30:00,1,4,4039,1,1,1,1,Rd 952,43.834836,6.493263
202300010802,21,3,2023,2025-12-05 01:50:00,3,87,87028,1,1,1,6,D4,46.174716,0.853275
202300010803,29,12,2023,2025-12-05 16:53:00,1,14,14406,1,1,1,6,D93,49.255727,-0.520264
202300010804,21,11,2023,2025-12-05 16:53:00,2,10,10387,2,1,8,2,Faubourg Croncels (Rue Du),48.28181,4.07966
202300010805,15,8,2023,2025-12-05 22:30:00,3,14,14715,1,1,1,6,47 Route De Honfleur,49.38106,0.10093
202300010806,8,7,2023,2025-12-05 07:42:00,1,13,13007,2,1,1,2,D560,43.369392,5.657305
202300010807,3,6,2023,2025-12-05 21:20:00,2,70,70081,1,1,1,1,D143,47.69293,6.425313
202300010808,29,12,2023,2025-12-05 11:30:00,1,64,64294,1,1,1,7,Lieu-Dit Le Chateau,43.384866,-1.057845
202300010809,20,3,2023,2025-12-05 14:30:00,1,30,30018,1,1,1,1,Adresse_Inconnue,43.8195,4.0524
202300010810,21,11,2023,2025-12-05 13:17:00,1,10,10387,2,3,1,1,Marguerite Bourgeoys (Rue),48.29699,4.08441
202300010811,15,8,2023,2025-12-05 00:55:00,5,13,13213,2,3,1,3,Bara (Boulevard),43.34763,5.44881
202300010812,5,6,2023,2025-12-05 00:55:00,3,89,89067,2,1,1,6,Rue Du Moulin D'En Haut,47.992072,3.339994
202300010813,29,12,2023,2025-12-05 19:00:00,3,4,4121,1,1,1,6,D907,44.011257,6.207297
202300010814,9,7,2023,2025-12-05 11:15:00,1,13,13022,1,1,1,1,Cd559,43.23486875,5.51200505
202300010815,16,3,2023,2025-12-05 14:15:00,1,67,67324,2,1,7,6,Rue Clemenceau,48.950711,7.642064
202300010816,22,11,2023,2025-12-05 14:50:00,1,6,6088,2,1,1,6,Klein (Pl. Yves),43.70172,7.27848
202300010817,29,5,2023,2025-12-05 18:27:00,1,67,67160,1,1,7,6,D28,48.939585,7.763697
202300010818,8,7,2023,2025-12-05 17:00:00,1,71,71193,1,1,1,6,D67,46.602457,4.802077
202300010819,7,10,2023,2025-12-05 02:00:00,3,35,35275,1,1,1,1,La Croix Denieul,48.16853743,-1.84158862
202300010820,15,8,2023,2025-12-05 15:20:00,1,13,13209,2,1,1,3,Col De La Gineste D559,43.23782304,5.49341257
202300010821,5,6,2023,2025-12-05 09:30:00,1,55,55178,1,1,1,6,D6,48.800928,5.29335
202300010822,22,11,2023,2025-12-05 09:27:00,1,6,6088,2,3,1,3,Anglais (Du Ndeg 114 Au Ndeg 263),43.67832,7.22948
202300010823,7,7,2023,2025-12-05 17:10:00,1,21,21352,2,1,1,6,Adresse_Inconnue,47.21034992,5.25269788
202300010824,30,12,2023,2025-12-05 03:10:00,3,6,6085,2,1,1,7,333 Boulevard Georges Courteline,43.598374,6.996703
202300010825,29,12,2023,2025-12-05 22:00:00,3,987,98715,1,1,1,7,Sortie Rdo Puurai Dans Le Sens Faaa - Papeete,-17.584,-149.56
202300010826,8,7,2023,2025-12-05 11:55:00,1,68,68199,2,1,1,6,12 Allee De La Filature,47.86438,7.03825
202300010827,20,11,2023,2025-12-05 08:00:00,1,6,6027,2,6,1,6,Alpes Avenue Des,43.6627791,7.1317666
202300010828,14,8,2023,2025-12-05 09:57:00,1,13,13202,2,1,1,1,Republique (Rue De La),43.2978,5.3727
202300010829,2,6,2023,2025-12-05 10:55:00,1,54,54176,1,3,7,3,D914,48.64799134,6.4826256
202300010830,21,3,2023,2025-12-05 14:25:00,1,33,33042,1,1,1,2,A63 - Pk043.500,44.471055,-0.822872
202300010831,30,12,2023,2025-12-05 03:05:00,5,38,38382,1,1,8,6,A.48 Pk 090.500 Direction Lyon,45.242004,5.659032
202300010832,22,11,2023,2025-12-05 14:30:00,1,4,4070,2,1,7,6,Soustre (Bd),44.09155,6.23689
202300010833,27,7,2023,2025-12-05 11:11:00,1,11,11262,2,6,1,2,Adresse_Inconnue,43.175832,3.0262
202300010834,29,6,2023,2025-12-05 13:30:00,1,67,67046,1,2,1,1,Rue De Rohrwiller,48.760694,7.86944