num_acc,jour,mois,an,hrmn,lum,dep,com,agg,int,atm,col,adr,lat,long
202300010835,15,8,2023,2025-12-05 08:00:00,1,3,3321,1,1,2,6,Rd 779,46.57996,3.38602
202300010836,17,11,2023,2025-12-05 16:20:00,2,3,3023,1,1,1,1,Avenue Fernand Auberger,46.102863,3.401621
202300010837,4,6,2023,2025-12-05 12:00:00,1,54,54111,1,1,1,2,Chemin Du Charbonnier,48.64390119,6.07972026
202300010838,6,7,2023,2025-12-05 18:20:00,1,88,88078,2,4,1,3,20Bis Avenue De Lattre De Tassigny,48.206171,6.715511
202300010839,15,8,2023,2025-12-05 03:20:00,5,75,75120,2,4,1,6,Boulevard Peripherique Exterieur,48.875701,2.410144
202300010840,29,12,2023,2025-12-05 20:11:00,3,83,83097,1,1,1,4,Autoroute A8 Point Routier 46+700 Sens Est-Ouest,43.479425,5.760741
202300010841,20,3,2023,2025-12-05 13:50:00,1,69,69024,1,1,1,5,L'Azergues,45.939706,4.543866
202300010842,22,11,2023,2025-12-05 08:22:00,1,75,75119,2,7,1,3,Avenue De La Porte Chaumont,48.88646,2.394401
202300010843,4,6,2023,2025-12-05 00:40:00,3,42,42065,1,1,3,6,Route De Rozier En Donzy,45.781416,4.253731
202300010844,7,7,2023,2025-12-05 09:40:00,1,38,38474,2,2,1,3,Rue Des Grands Champs,45.219683,5.66107
202300010845,29,12,2023,2025-12-05 22:05:00,3,38,38053,1,1,1,2,A43,45.602089,5.26228
202300010846,21,3,2023,2025-12-05 07:25:00,1,13,13118,1,1,7,2,A8 Sens Nord Sud Pk 005+000,43.55509138,5.27911986
202300010847,7,7,2023,2025-12-05 17:50:00,1,1,1276,1,1,1,1,Rue Du Pont De Jons,45.81432,5.085683
202300010848,15,8,2023,2025-12-05 15:00:00,1,75,75105,2,3,1,1,Quai Saint Michel,48.853317,2.345905
202300010849,22,11,2023,2025-12-05 16:00:00,1,75,75116,2,3,1,3,Avenue Victor Hugo,48.87196,2.290742
202300010850,30,12,2023,2025-12-05 11:15:00,1,973,97305,1,1,1,3,Route Nationale 1,4.991595,-52.4499
202300010851,9,7,2023,2025-12-05 05:40:00,2,81,81099,1,1,1,7,12 Chemin De La Mousse,43.914106,1.918976
202300010852,15,8,2023,2025-12-05 15:00:00,1,75,75118,2,1,1,3,Boulevard Ornano,48.893097,2.348407
202300010853,10,7,2023,2025-12-05 13:40:00,1,65,65006,1,1,1,7,D113 Pk 19+500,42.9389426,0.28476415
202300010854,12,3,2023,2025-12-05 11:56:00,1,988,98821,2,3,1,3,Rt1/Entree Parking Du Magasin Korail,-22.1296,166.364374
202300010855,22,11,2023,2025-12-05 09:40:00,1,75,75116,2,3,1,3,Boulevard Suchet,48.862634,2.268082
202300010856,9,7,2023,2025-12-05 11:50:00,1,29,29057,1,1,1,7,Za La Grande Halte,47.92545585,-3.97493117
202300010857,15,8,2023,2025-12-05 20:10:00,2,75,75108,2,3,1,3,Boulevard Haussmann,48.874082,2.324593
202300010858,29,12,2023,2025-12-05 16:40:00,1,44,44020,2,1,2,7,8 Rue Eugene Pottier,47.17616,-1.625006
202300010859,15,3,2023,2025-12-05 16:30:00,1,6,6147,2,1,1,1,645 Boulevard Leon Sauvan,43.785554,7.271624
202300010860,22,11,2023,2025-12-05 11:15:00,1,75,75113,2,1,1,6,Rue Du Chateau Des Rentiers,48.827086,2.368696
202300010861,15,8,2023,2025-12-05 12:00:00,1,93,93046,2,2,1,3,Boulevard Roger Salengro / Rue De Simiane,48.91337,2.53023
202300010862,21,3,2023,2025-12-05 08:00:00,1,57,57482,1,1,8,5,D603,49.117006,6.264908
202300010863,10,7,2023,2025-12-05 08:00:00,1,60,60313,2,3,1,3,D12,49.36786,2.246232
202300010864,22,11,2023,2025-12-05 12:08:00,1,75,75110,2,3,1,6,Quai De Jemmapes,48.871055,2.365944
202300010865,15,8,2023,2025-12-05 15:30:00,1,93,93001,2,2,1,3,Avenue Victor Hugo / Rue Des Gardinoux,48.90604433,2.37514222
202300010866,30,12,2023,2025-12-05 03:15:00,3,77,77153,1,1,2,5,N2,49.05439,2.699531
202300010867,21,11,2023,2025-12-05 23:20:00,4,75,75117,2,9,1,2,Avenue De La Grande Armee,48.877187,2.28372
202300010868,7,7,2023,2025-12-05 17:00:00,1,59,59416,2,2,1,3,Avenue Des Flandres,50.703807,2.524098
202300010869,15,8,2023,2025-12-05 18:30:00,1,92,92033,2,2,1,3,Georges Clemenceau,48.84268649,2.1864152
202300010870,18,3,2023,2025-12-05 13:00:00,1,38,38562,1,1,1,4,N85,45.080641,5.766256
202300010871,22,11,2023,2025-12-05 18:30:00,5,75,75107,2,1,9,7,Port De La Bourdonnais,48.86276,2.2999
202300010872,12,8,2023,2025-12-05 21:30:00,5,13,13028,1,1,1,3,A50-Sens Aubagne Vers Toulon,43.20577,5.58847
202300010873,8,7,2023,2025-12-05 19:00:00,1,13,13215,1,9,1,2,A7-Sens Lyon Vers Marseille,43.37555188,5.35995209
202300010874,30,12,2023,2025-12-05 05:40:00,3,4,4106,1,3,1,3,D4096,43.961162,5.89991
202300010875,22,11,2023,2025-12-05 14:30:00,1,75,75107,2,2,1,7,Avenue De La Motte Picquet,48.85722,2.309939
202300010876,9,3,2023,2025-12-05 11:30:00,1,69,69238,2,1,1,6,Rue Andre Loste,45.631314,4.458277
202300010877,15,8,2023,2025-12-05 19:40:00,1,83,83144,1,1,1,2,A57,43.13372646,5.98554601
202300010878,22,11,2023,2025-12-05 13:25:00,1,75,75107,2,1,1,6,Avenue De La Motte Picquet,48.854964,2.306547
202300010879,8,7,2023,2025-12-05 04:50:00,2,13,13023,1,1,1,2,A50,43.20918,5.62056
202300010880,11,12,2023,2025-12-05 07:40:00,2,67,67046,2,3,1,6,Rue Des Violettes,48.774625,7.851872
202300010881,22,11,2023,2025-12-05 23:15:00,5,75,75102,2,3,1,6,Rue Montmartre,48.870858,2.342849
202300010882,30,12,2023,2025-12-05 02:20:00,3,7,7247,2,9,1,6,920 Route De La Gare,44.587092,4.533303
202300010883,10,8,2023,2025-12-05 15:15:00,1,69,69142,1,1,1,3,Route De Metropole 7,45.72926,4.816
202300010884,18,3,2023,2025-12-05 18:40:00,2,69,69250,2,1,1,3,41 Avenue De La Poterie,45.822144,4.716167
202300010885,8,7,2023,2025-12-05 18:00:00,1,83,83137,1,1,1,4,A57,43.12665296,5.97393251
202300010886,29,12,2023,2025-12-05 19:15:00,3,85,85302,1,1,2,3,La Maucariere,46.915529,-0.979038
202300010887,14,8,2023,2025-12-05 22:30:00,3,91,91136,1,1,2,6,Autoroute A10,48.71057,2.28708
202300010888,20,11,2023,2025-12-05 21:34:00,5,75,75103,2,3,2,6,Boulevard Beaumarchais,48.860084,2.367404
202300010889,9,7,2023,2025-12-05 00:20:00,3,69,69266,1,1,1,6,Boulevard Peripherique Nord,45.79161,4.88266
202300010890,19,3,2023,2025-12-05 11:00:00,1,17,17219,2,2,1,3,Avenue De Lattre De Tassigny,45.828601,-1.115842
202300010891,14,8,2023,2025-12-05 04:45:00,3,95,95424,1,1,1,6,A15,48.99077818,2.19376802
202300010892,8,7,2023,2025-12-05 10:55:00,1,69,69276,1,1,1,6,Autoroute 7,45.66338,4.8427
202300010893,29,12,2023,2025-12-05 01:10:00,5,59,59400,1,1,6,7,168 Rue Barra,50.646178,2.658778
202300010894,22,11,2023,2025-12-05 17:15:00,5,94,94041,2,1,1,3,Avenue De L'Industrie,48.81015582,2.40687838
202300010895,15,8,2023,2025-12-05 13:15:00,1,77,77438,1,1,1,6,A104,48.85991343,2.6666107
202300010896,8,7,2023,2025-12-05 08:50:00,1,67,67482,1,1,1,4,M35,48.56597,7.73276
202300010897,22,12,2023,2025-12-05 17:40:00,3,59,59603,1,1,1,2,Autoroute A2,50.341,3.487052
202300010898,22,11,2023,2025-12-05 21:15:00,5,94,94016,2,9,1,1,Avenue Cousin De Mericourt,48.79587,2.33535
202300010899,14,8,2023,2025-12-05 21:48:00,3,94,94073,1,1,1,2,A86,48.76965562,2.38000814
202300010900,9,7,2023,2025-12-05 13:00:00,1,91,91689,1,1,1,2,A6,48.739299,2.318744
202300010901,19,3,2023,2025-12-05 01:00:00,3,85,85003,1,1,1,4,Rd948,46.72371,-1.55666
202300010902,22,11,2023,2025-12-05 14:10:00,1,94,94038,2,1,1,6,Avenue Du General De Gaulle,48.78322,2.34537
202300010903,14,8,2023,2025-12-05 05:05:00,5,94,94004,1,1,1,6,N19,48.76092035,2.49734715
202300010904,29,12,2023,2025-12-05 17:45:00,3,91,91136,1,1,2,4,Autoroute A10,48.71328,2.27794
202300010905,22,11,2023,2025-12-05 10:20:00,1,94,94077,2,1,1,6,Avenue Paul Painleve,48.73933499,2.41697107
202300010906,8,7,2023,2025-12-05 13:30:00,1,94,94034,1,1,1,5,A86,48.7584371,2.32563827
202300010907,21,3,2023,2025-12-05 17:50:00,1,49,49301,2,6,1,3,Rue Du Carrefour Rouge (St Andre-De-La-Marche),47.10833,-0.992063
202300010908,29,12,2023,2025-12-05 15:05:00,1,91,91570,1,1,1,2,Rn 104,48.62504,2.30934
202300010909,15,6,2023,2025-12-05 19:20:00,1,94,94017,2,1,1,6,Voie Sonia Delaunay,48.81258992,2.53187596
202300010910,29,12,2023,2025-12-05 18:00:00,3,78,78217,1,1,2,7,A13,48.964617,1.822725
202300010911,20,3,2023,2025-12-05 17:00:00,1,35,35240,2,6,1,6,Rue Jean Chatel,48.09876437,-1.78834409
202300010912,22,11,2023,2025-12-05 07:15:00,3,94,94022,2,2,1,6,Voie De L'Epinette,48.77215045,2.40688774
202300010913,9,7,2023,2025-12-05 15:05:00,1,93,93006,1,1,1,3,Autoroute A3,48.86919,2.42968
202300010914,14,6,2023,2025-12-05 22:49:00,5,92,92049,2,3,1,7,Guesde Rue Jules Autres Ndeg,48.81415169,2.30533451
202300010915,22,11,2023,2025-12-05 00:30:00,5,94,94071,2,1,1,6,Boulevard Louis Boon,48.776998,2.513523
202300010916,29,12,2023,2025-12-05 04:00:00,5,92,92026,1,1,1,2,Rn192,48.89400206,2.24078538
202300010917,8,7,2023,2025-12-05 04:40:00,3,75,75112,1,1,1,2,A4,48.819807,2.459598
202300010918,15,6,2023,2025-12-05 16:30:00,1,91,91689,1,1,1,3,Autoroute A6B,48.744,2.324
202300010919,20,3,2023,2025-12-05 09:15:00,1,33,33143,1,1,1,4,Autoroute A 10,44.95552593,-0.45241356
202300010920,22,11,2023,2025-12-05 08:35:00,1,93,93066,2,2,1,6,Avenue Marcel Cachin / Avenue Romain Rolland,48.93736,2.37194
202300010921,28,12,2023,2025-12-05 21:40:00,3,92,92036,1,1,1,5,Autoroute A86,48.93851705,2.30001759
202300010922,15,6,2023,2025-12-05 05:15:00,2,91,91312,1,1,1,2,Rd 444,48.73636,2.22862
202300010923,7,7,2023,2025-12-05 17:00:00,1,77,77373,1,1,1,2,Rn104,48.797104,2.622287
202300010924,22,11,2023,2025-12-05 08:50:00,1,93,93079,2,9,8,6,Route De Saint-Leu,48.95346271,2.33626097
202300010925,29,12,2023,2025-12-05 18:30:00,3,77,77373,1,1,1,3,Rn104,48.76322073,2.6158798
202300010926,27,4,2023,2025-12-05 17:20:00,1,43,43046,2,1,1,6,12 Rue De L'Aubette,45.06681,3.90344
202300010927,22,11,2023,2025-12-05 08:35:00,1,92,92064,1,1,1,3,Marcel Dassault,48.85303,2.22279
202300010928,20,3,2023,2025-12-05 19:40:00,3,91,91161,1,1,1,5,Autoroute A6,48.69407,2.31969
202300010929,14,8,2023,2025-12-05 18:30:00,5,974,97411,2,2,8,3,Gimart (Avenue Stanislas),-20.89442,55.47496
202300010930,28,4,2023,2025-12-05 14:30:00,1,62,62160,2,1,1,6,Rue Nationale,50.722045,1.607606
202300010931,28,12,2023,2025-12-05 21:25:00,3,77,77337,1,1,1,2,Rn104,48.82814833,2.61805928
202300010932,22,11,2023,2025-12-05 15:05:00,1,92,92051,2,3,1,6,"General Leclerc (Boulevard Du, Ndeg 1 A 27",48.88915483,2.25919783
202300010933,11,8,2023,2025-12-05 17:50:00,1,974,97409,1,1,1,2,Patelin (Chemin),-20.9725,55.67892
202300010934,20,3,2023,2025-12-05 14:55:00,1,94,94003,1,1,1,4,A6B,48.8019795,2.34359623
202300010935,8,9,2023,2025-12-05 19:30:00,1,47,47086,1,1,1,1,Taminage,44.69045414,0.20585217
202300010936,16,4,2023,2025-12-05 19:40:00,1,62,62667,2,1,1,3,Boulevard D'Arras,50.71287797,1.58141667
202300010937,22,11,2023,2025-12-05 21:30:00,5,92,92050,2,3,1,3,Sartrouville Rue De,48.90987,2.21565
202300010938,14,8,2023,2025-12-05 07:15:00,1,973,97302,2,6,1,3,Suzini (Carrefour),4.92698,-52.28996
202300010939,20,3,2023,2025-12-05 12:20:00,1,94,94038,1,1,1,4,A6A,48.77662426,2.34629943
202300010940,28,12,2023,2025-12-05 13:55:00,1,988,98818,2,2,1,3,Route Du Port Despointes/Rue De Metz,-22.27752,166.45048
202300010941,8,7,2023,2025-12-05 01:25:00,5,75,75107,2,2,1,3,Avenue De Breteuil,48.851647,2.312532
202300010942,5,8,2023,2025-12-05 14:23:00,1,973,97302,2,1,1,7,Madeleine (Route De La),4.90792,-52.32201
202300010943,22,11,2023,2025-12-05 14:30:00,1,92,92050,2,3,1,4,Clemenceau Georges Avenue Ndeg Pair,48.88661694,2.20676243
202300010944,14,8,2023,2025-12-05 09:28:00,1,972,97213,1,1,1,6,Route Departementale 3,14.61223,-60.99944
202300010945,28,12,2023,2025-12-05 07:15:00,1,976,97611,2,1,1,6,Tsoundzou-Maternelle ( Rue De La ),-12.80746,45.2052
202300010946,20,3,2023,2025-12-05 07:35:00,1,95,95252,1,1,1,3,A15,48.97685891,2.23427744
202300010947,8,7,2023,2025-12-05 09:00:00,1,976,97611,2,6,1,2,Mgombani-Mahabou (Rond Point),-12.78312,45.23434
202300010948,22,11,2023,2025-12-05 09:50:00,1,92,92020,2,1,1,7,Paris Avenue De Ndeg Impairs,48.80768217,2.29479736
202300010949,14,8,2023,2025-12-05 12:15:00,1,69,69149,2,3,1,3,Grande Rue,45.71508,4.80803
202300010950,27,12,2023,2025-12-05 16:40:00,1,974,97416,1,1,1,3,Bois Noirs(Allee Des),-21.29541,55.45006
202300010951,20,3,2023,2025-12-05 06:45:00,2,77,77337,1,1,1,6,A4,48.83006,2.61699
202300010952,22,11,2023,2025-12-05 11:15:00,1,92,92044,2,1,1,6,Baudin (Rue) 27A83 Et 36 A84,48.8979938,2.28483617
202300010953,19,9,2023,2025-12-05 00:05:00,5,75,75116,2,3,1,3,Avenue Paul Doumer,48.860672,2.282359
202300010954,8,7,2023,2025-12-05 14:15:00,1,974,97416,1,1,1,4,Rn02,-21.32977,55.47241
202300010955,28,12,2023,2025-12-05 17:45:00,5,69,69383,2,9,1,6,Rue De Bonnel,45.76171,4.8463
202300010956,13,8,2023,2025-12-05 23:45:00,5,971,97113,1,1,1,6,Bas Du Fort,16.2194,-61.51708
202300010957,21,11,2023,2025-12-05 21:10:00,5,92,92044,2,1,1,6,Camille Pelletan(Rue)17 + Et 14+,48.89645971,2.29172677
202300010958,18,3,2023,2025-12-05 21:45:00,3,77,77122,1,1,1,6,Rn104,48.65222063,2.61326769
202300010959,8,7,2023,2025-12-05 22:20:00,5,974,97411,2,3,1,3,Plessis (Rue Du),-20.89711,55.48682
202300010960,22,11,2023,2025-12-05 09:11:00,1,92,92026,2,1,1,6,Alma,48.89651555,2.25139618
202300010961,13,8,2023,2025-12-05 20:30:00,4,971,97113,2,1,1,3,Section Mare-Gaillard,16.21359,-61.43942
202300010962,19,9,2023,2025-12-05 21:50:00,3,75,75112,2,2,1,3,Cours De Vincennes,48.847155,2.406238
202300010963,22,11,2023,2025-12-05 19:30:00,5,92,92025,2,9,1,3,Edgard Quinet (Bd),48.92400523,2.24811388
202300010964,14,8,2023,2025-12-05 10:40:00,1,95,95268,2,3,1,6,D84,48.96215508,2.40214348
202300010965,28,12,2023,2025-12-05 08:35:00,1,69,69387,2,4,1,3,Avenue Felix Faure,45.75215549,4.84695821
202300010966,7,7,2023,2025-12-05 18:10:00,3,974,97411,2,2,1,3,Boyer De La Giroday (Rue),-20.90614,55.50215
202300010967,19,3,2023,2025-12-05 17:00:00,1,988,98818,2,9,1,3,Rue Jacques Iekawe,-22.22986,166.48132
202300010968,19,9,2023,2025-12-05 18:30:00,1,75,75110,2,2,1,6,Boulevard De Strasbourg,48.872271,2.355908
202300010969,7,7,2023,2025-12-05 16:50:00,1,974,97409,2,1,1,6,Grand Canal ( Chemin),-20.95876,55.68835
202300010970,23,11,2023,2025-12-05 17:40:00,2,35,35136,1,2,2,3,Les Landes De Bellevue,47.919301,-1.534095
202300010971,10,8,2023,2025-12-05 21:03:00,1,91,91228,2,1,1,3,Av Du Lac,48.62152,2.42459
202300010972,28,12,2023,2025-12-05 12:20:00,1,972,97209,2,3,1,3,Balata (Route De),14.63433,-61.07303
202300010973,22,11,2023,2025-12-05 17:15:00,2,39,39427,1,1,1,6,Adresse_Inconnue,46.811968,6.035706
202300010974,19,9,2023,2025-12-05 07:50:00,2,75,75109,2,2,1,6,Rue De Chateaudun,48.875889,2.339872
202300010975,19,3,2023,2025-12-05 11:30:00,1,974,97416,1,2,1,3,D'Equerre (Ligne),-21.29538,55.46146
202300010976,8,7,2023,2025-12-05 14:30:00,1,973,97302,2,2,1,3,Baduel (Route De),4.93924968,-52.31833085
202300010977,9,8,2023,2025-12-05 15:30:00,1,91,91228,2,2,1,3,Bd Mal De Lattre De Tassigny,48.62493,2.45198
202300010978,17,11,2023,2025-12-05 07:58:00,2,83,83072,2,6,7,6,Rond-Point 19 Mars 1962 (Arret De Bus),43.490129,6.363541
202300010979,28,12,2023,2025-12-05 08:35:00,1,972,97209,2,1,1,1,Victor Severe (Rue),14.60635,-61.07041
202300010980,19,9,2023,2025-12-05 11:45:00,1,75,75108,2,2,1,7,Place De La Concorde,48.866803,2.322099
202300010981,19,3,2023,2025-12-05 08:50:00,1,974,97416,1,1,1,1,Badamier(Chemin),-21.30828,55.457
202300010982,8,7,2023,2025-12-05 09:20:00,1,69,69383,2,2,1,3,Rue Docteur Rebatel,45.75061631,4.87392141
202300010983,13,8,2023,2025-12-05 20:35:00,2,83,83137,1,1,1,3,Favieres (Chemin Des),43.1490469,5.97393948
202300010984,23,11,2023,2025-12-05 11:30:00,1,84,84088,1,3,1,3,D938,44.026261,5.052222
202300010985,28,12,2023,2025-12-05 16:40:00,1,69,69081,2,3,1,6,Rue Benoit Tabard,45.77385,4.77671
202300010986,18,3,2023,2025-12-05 09:40:00,1,974,97416,2,1,1,6,Augustin Archambaud(Rue),-21.32986,55.47998
202300010987,19,9,2023,2025-12-05 08:05:00,1,75,75107,2,3,1,6,Rue Saint Dominique,48.859032,2.304255
202300010988,8,7,2023,2025-12-05 03:48:00,5,69,69383,2,2,2,3,Rue De Bonnel,45.76297836,4.86184172
202300010989,27,10,2023,2025-12-05 17:40:00,1,43,43040,2,1,7,6,Rue Emile Barbet,45.301309,3.380378
202300010990,10,8,2023,2025-12-05 16:50:00,1,83,83118,2,1,1,6,Boulevard De La Plage,43.43286498,6.8577801
202300010991,8,7,2023,2025-12-05 13:50:00,1,972,97213,1,1,1,2,Autoroute A1,14.6183,-61.0204
202300010992,28,12,2023,2025-12-05 13:35:00,1,2B,2B304,2,9,1,3,Toutes Rues,42.3957,9.2622
202300010993,19,9,2023,2025-12-05 20:00:00,5,75,75102,2,3,1,7,Boulevard De Bonne Nouvelle,48.86977734,2.35227048
202300010994,19,3,2023,2025-12-05 05:55:00,1,974,97411,2,6,1,3,Jaures (Boulevard Jean),-20.88977,55.46126
202300010995,20,11,2023,2025-12-05 07:00:00,3,68,68253,1,1,1,6,Route De Service Edf,47.77437,7.521137
202300010996,10,8,2023,2025-12-05 16:15:00,1,77,77186,2,1,1,3,Rond Point Obelisque,48.39679,2.69194
202300010997,8,7,2023,2025-12-05 23:00:00,5,69,69382,2,1,1,6,13 Quai Jean Moulin,45.76544,4.83834
202300010998,19,3,2023,2025-12-05 07:05:00,1,973,97302,2,1,1,7,Republique (Bd De La),4.93793,-52.32292
202300010999,23,11,2023,2025-12-05 08:30:00,1,35,35066,1,1,8,3,Adresse_Inconnue,48.034333,-1.68785
202300011000,19,9,2023,2025-12-05 17:55:00,1,94,94081,2,1,1,5,Pont Du Port A L'Anglais,48.796992,2.418235
202300011001,25,12,2023,2025-12-05 03:40:00,5,971,97101,2,2,1,6,Rn5-Boisripeaux,16.27586,-61.50742
202300011002,13,8,2023,2025-12-05 23:50:00,5,76,76351,2,2,1,7,Winston Churchill,49.49401,0.13839
202300011003,8,7,2023,2025-12-05 10:30:00,1,69,69382,2,3,1,6,Rue Childebert,45.76024,4.83553
202300011004,27,12,2023,2025-12-05 17:50:00,5,95,95306,2,1,1,6,D392,48.997502,2.182144
202300011005,19,3,2023,2025-12-05 20:00:00,5,972,97213,1,1,1,5,Autoroute A1,14.609,-61.00558
202300011006,6,7,2023,2025-12-05 11:30:00,1,971,97107,2,3,1,7,Marquisat ( Route De ),16.04107041,-61.56641722
202300011007,18,9,2023,2025-12-05 22:00:00,5,94,94081,2,1,1,3,D155,48.80107,2.40187
202300011008,23,11,2023,2025-12-05 11:30:00,1,25,25246,1,1,1,6,Autoroute A36 Pk 084+745 Vers Mulhouse,47.407179,6.459188
202300011009,8,7,2023,2025-12-05 07:30:00,1,95,95428,2,1,1,6,D124,49.00366685,2.31856585
202300011010,24,12,2023,2025-12-05 20:20:00,3,91,91425,1,1,1,6,Rte D Orleans Rn 20,48.65154,2.27256
202300011011,18,3,2023,2025-12-05 08:50:00,1,972,97213,1,1,1,2,Emmanuel Courant (Rue),14.61036,-61.00438
202300011012,19,9,2023,2025-12-05 07:25:00,1,94,94080,2,3,1,3,Rue De Fontenay,48.84819933,2.4377203
202300011013,8,7,2023,2025-12-05 09:10:00,1,83,83137,2,1,1,6,Bartolini (Rue Jean),43.12018,5.94272
202300011014,19,3,2023,2025-12-05 21:40:00,5,76,76366,2,3,1,6,Rue Du General De Gaulle,49.505,1.04105
202300011015,14,8,2023,2025-12-05 20:40:00,2,74,74012,2,1,1,3,Tournelles (Rue Des),46.19,6.24
202300011016,28,12,2023,2025-12-05 15:20:00,1,91,91027,2,2,1,3,Rue Georges Fournier,48.7049,2.36765
202300011017,8,7,2023,2025-12-05 00:53:00,3,81,81021,2,1,2,6,Thore,43.50811536,2.3524189
202300011018,19,9,2023,2025-12-05 18:10:00,1,94,94044,2,1,1,6,Avenue Descartes,48.741034,2.479682
202300011019,8,7,2023,2025-12-05 08:50:00,1,78,78642,2,1,7,6,Malraux Bd Andre,48.983879,1.967279
202300011020,14,8,2023,2025-12-05 22:40:00,5,69,69275,2,1,1,2,Rocade Est,45.77356567,4.98435455
202300011021,19,3,2023,2025-12-05 03:10:00,5,69,69256,2,2,1,3,Avenue Pablo Picasso,45.77558,4.91753
202300011022,19,9,2023,2025-12-05 17:58:00,1,94,94043,2,1,1,6,Rue De La Convention,48.812845,2.361183
202300011023,26,12,2023,2025-12-05 20:15:00,5,87,87085,2,9,1,3,Garibaldi (Avenue),45.83519,1.26041
202300011024,14,8,2023,2025-12-05 20:40:00,1,69,69266,2,1,1,2,Boulevard Stalingrad,45.78424123,4.86009508
202300011025,19,3,2023,2025-12-05 16:50:00,1,69,69199,2,3,3,3,Boulevard Yves Farge,45.69879727,4.85727988
202300011026,19,9,2023,2025-12-05 12:50:00,1,94,94041,2,2,1,3,Lenine (R),48.81669,2.39532
202300011027,8,7,2023,2025-12-05 20:30:00,1,77,77039,2,1,1,1,D39,48.52922,2.58078
202300011028,14,8,2023,2025-12-05 14:12:00,1,69,69290,2,1,1,3,Rue De La Cordiere,45.69403,4.9492
202300011029,11,8,2023,2025-12-05 19:30:00,2,94,94028,2,1,2,6,Avenue Bernard Halpern,48.79216802,2.44615442
202300011030,8,7,2023,2025-12-05 20:00:00,1,76,76498,2,6,1,2,Rue Pablo Neruda,49.4259,1.059
202300011031,18,3,2023,2025-12-05 20:00:00,3,59,59009,1,1,1,4,Breucq Boulevard Du,50.63859295,3.14282477
202300011032,18,9,2023,2025-12-05 15:35:00,1,94,94079,2,9,1,6,Chemin Des Prunais,48.833894,2.547866
202300011033,14,8,2023,2025-12-05 13:05:00,1,67,67218,2,3,1,1,Burkel (Route),48.52595,7.71752
202300011034,7,7,2023,2025-12-05 23:14:00,5,73,73008,2,1,9,3,D991 Grand Port (Rondeau) Avenue Du,45.70007479,5.9033877
202300011035,19,3,2023,2025-12-05 13:55:00,1,54,54270,2,1,1,1,D26,49.49182,5.87504
202300011036,12,8,2023,2025-12-05 14:44:00,1,66,66136,2,3,1,3,Adresse_Inconnue,42.70922,2.89146
202300011037,19,9,2023,2025-12-05 16:45:00,1,94,94017,2,1,1,6,Rue De Musselburgh,48.81158,2.51453
202300011038,29,6,2023,2025-12-05 13:20:00,1,73,73008,2,9,1,4,D991 Wilson Boulevard,45.68724627,5.90986394
202300011039,12,8,2023,2025-12-05 08:09:00,1,66,66136,2,1,1,6,Adresse_Inconnue,42.69518,2.87911
202300011040,17,3,2023,2025-12-05 18:25:00,1,47,47323,2,3,1,3,Pujols (Avenue),44.3997,0.69844
202300011041,19,9,2023,2025-12-05 15:45:00,1,94,94002,2,1,1,6,Rue Du President Kennedy,48.8026,2.4215
202300011042,11,8,2023,2025-12-05 20:25:00,1,66,66136,2,1,2,6,Adresse_Inconnue,42.7298,2.89745
202300011043,19,3,2023,2025-12-05 01:57:00,4,38,38151,2,1,1,1,Avenue Victor Hugo,45.15605,5.71268
202300011044,19,9,2023,2025-12-05 12:01:00,1,93,93072,2,1,1,3,Resistance (Avenue De La),48.95715,2.39414
202300011045,8,7,2023,2025-12-05 12:15:00,1,71,71059,1,1,1,7,R.D 290,46.79023,4.4806
202300011046,23,12,2023,2025-12-05 14:40:00,1,87,87050,2,1,2,4,Rn 147,45.91127,1.21915
202300011047,14,8,2023,2025-12-05 22:05:00,5,63,63113,2,2,1,3,Flaubert (Bd Gustave),45.76441,3.12594
202300011048,8,7,2023,2025-12-05 07:55:00,1,71,71540,1,1,1,7,R.D 28,46.78498,4.4371
202300011049,19,9,2023,2025-12-05 18:40:00,1,93,93071,2,1,1,6,Avenue Jean Moulin,48.93373427,2.51866044
202300011050,19,3,2023,2025-12-05 17:50:00,1,37,37261,2,2,1,3,Fouquet (Rue Jehan),47.3863,0.68408
202300011051,19,3,2023,2025-12-05 14:40:00,1,35,35115,2,1,1,6,Motelle (Bd De La),48.36264597,-1.21150821
202300011052,15,8,2023,2025-12-05 00:55:00,3,62,62239,1,6,1,7,D246E1,50.92099,1.83955
202300011053,7,7,2023,2025-12-05 18:15:00,1,71,71076,2,6,1,6,Nugue (Avenue Pierre),46.78838,4.86582
202300011054,14,8,2023,2025-12-05 18:50:00,1,54,54547,2,1,1,6,Boulevard De L'Europe,48.663792,6.170563
202300011055,27,12,2023,2025-12-05 19:40:00,5,85,85194,2,1,2,1,Avenue Du Pas Du Bois,46.49892,-1.741
202300011056,7,7,2023,2025-12-05 17:20:00,1,69,69091,2,1,1,5,Rue De La Paix,45.58709,4.75732
202300011057,19,3,2023,2025-12-05 20:20:00,3,34,34129,1,1,1,2,Avenue De L'Europe,43.570789,3.897833
202300011058,19,9,2023,2025-12-05 22:30:00,5,93,93064,2,2,1,3,Rue De Brement / Avenue Du General De Gaulle,48.88658,2.471883
202300011059,14,8,2023,2025-12-05 18:50:00,1,51,51454,2,6,1,3,Rousseau (Place Max),49.26456,4.00996