num_acc,jour,mois,an,hrmn,lum,dep,com,agg,int,atm,col,adr,lat,long
202300011060,8,7,2023,2025-12-05 11:25:00,1,67,67482,2,3,1,6,Jules Rathgeber (Rue),48.56511,7.75458
202300011061,19,9,2023,2025-12-05 11:20:00,1,93,93062,2,1,1,6,Allee Des Brulis,48.89864987,2.52871236
202300011062,14,8,2023,2025-12-05 18:22:00,1,49,49007,2,1,1,6,Patton Avenue,47.47365,-0.584
202300011063,28,12,2023,2025-12-05 19:15:00,5,84,84087,2,1,1,3,Foch (Avenue Marechal),44.12993,4.81871
202300011064,19,3,2023,2025-12-05 04:10:00,4,34,34198,1,1,2,5,M66,43.56704,3.95626
202300011065,7,7,2023,2025-12-05 14:02:00,1,67,67180,2,1,1,3,Nessel (Bld),48.81262,7.78421
202300011066,14,8,2023,2025-12-05 20:30:00,1,37,37261,2,1,1,1,Presle (Rue De La),47.42,0.70854
202300011067,19,9,2023,2025-12-05 18:45:00,1,93,93050,2,5,1,2,Rue Paul Et Camille Thomoux / Avenue Leon Blum,48.866445,2.529065
202300011068,27,12,2023,2025-12-05 15:50:00,1,76,76351,2,3,1,6,Romain Rolland (Rue),49.50647,0.11165
202300011069,14,8,2023,2025-12-05 13:45:00,1,37,37208,2,1,1,2,Granges Galant (Rue Des),47.36938,0.71877
202300011070,8,7,2023,2025-12-05 12:59:00,1,64,64445,2,1,1,4,Gaston Lacoste,43.29244,-0.36356
202300011071,19,3,2023,2025-12-05 13:30:00,1,31,31555,2,1,1,6,Bd Matabiau,43.61501,1.44234
202300011072,28,12,2023,2025-12-05 13:55:00,1,74,74012,2,1,1,3,Etoile (Place De L'),46.19351,6.24004
202300011073,19,9,2023,2025-12-05 09:10:00,1,93,93048,2,3,1,3,Boulevard De Chanzy / Rue Desire Preaux,48.85852826,2.43164485
202300011074,14,8,2023,2025-12-05 13:40:00,1,35,35238,2,9,1,3,Churchill (Avenue Sir Winston),48.1165,-1.70767
202300011075,18,3,2023,2025-12-05 13:00:00,1,13,13054,2,1,1,3,Marechal Juin (Av Du ),43.41944,5.22367
202300011076,8,7,2023,2025-12-05 10:40:00,1,64,64445,2,2,1,6,Lilas Des,43.30401,-0.35101
202300011077,8,7,2023,2025-12-05 09:20:00,1,64,64445,2,1,1,2,Gaston Lacoste,43.29249,-0.363556
202300011078,14,8,2023,2025-12-05 23:20:00,5,33,33522,2,2,1,3,Avenue De La Vieille Tour,44.81477,-0.60058
202300011079,19,3,2023,2025-12-05 07:50:00,1,13,13204,2,2,2,3,Marechal Juin (Boulevard),43.30940937,5.40293947
202300011080,19,9,2023,2025-12-05 07:54:00,1,93,93029,2,2,1,3,Rue Mirabeau / Rue Andre Laillie,48.92675,2.43821
202300011081,14,8,2023,2025-12-05 19:30:00,1,29,29232,1,6,2,7,Route De Brest,48.01241,-4.07793
202300011082,9,7,2023,2025-12-05 01:35:00,5,64,64102,2,1,1,3,Pont Mayou,43.4923,-1.47431
202300011083,27,12,2023,2025-12-05 18:10:00,3,74,74118,1,9,1,2,18 Aout (Rue Du),46.16919,6.20558
202300011084,14,8,2023,2025-12-05 12:10:00,1,29,29232,1,1,2,6,Rn165,48.0159,-4.07813
202300011085,19,3,2023,2025-12-05 03:15:00,5,13,13215,2,1,2,3,Saint Antoine (Avenue De),43.3789,5.35701
202300011086,19,9,2023,2025-12-05 22:10:00,5,93,93070,2,1,1,6,Pont De Saint-Ouen,48.91863,2.32884
202300011087,9,8,2023,2025-12-05 17:00:00,1,22,22113,2,6,1,7,Boutil (Lieu-Dit),48.72405818,-3.43054265
202300011088,13,3,2023,2025-12-05 19:50:00,5,13,13004,2,9,1,6,Che De Bigot,43.67239,4.62349
202300011089,8,7,2023,2025-12-05 22:20:00,5,64,64024,2,1,1,3,Adour (Avenue De L'),43.52449,-1.50565
202300011090,19,9,2023,2025-12-05 17:15:00,1,93,93010,2,9,1,6,Avenue Gallieni,48.905373,2.474949
202300011091,27,12,2023,2025-12-05 16:40:00,1,73,73008,2,3,1,6,Grand Port (Jusqu'A L'Hopital) Avenue Du,45.69505,5.90974
202300011092,14,8,2023,2025-12-05 21:50:00,1,17,17306,2,3,1,3,Rochefort (De)  (Avenue),45.6414,-1.02477
202300011093,19,3,2023,2025-12-05 18:40:00,1,9,9225,1,1,1,6,Adresse_Inconnue,43.118536,1.629928
202300011094,19,9,2023,2025-12-05 13:40:00,1,93,93057,2,2,1,3,Allee Monthyon / Allee Du Clocher D'Aulnay,48.911708,2.509542
202300011095,28,12,2023,2025-12-05 15:05:00,1,71,71153,2,1,2,7,Abattoirs (Rue Des),46.7893,4.44681
202300011096,14,8,2023,2025-12-05 19:20:00,1,16,16374,2,3,1,2,De Gaulle (Avenue Du General),45.64401,0.1828
202300011097,19,3,2023,2025-12-05 21:00:00,2,3,3190,2,6,1,3,Cours De Bercy,46.56934,3.32536
202300011098,13,8,2023,2025-12-05 01:49:00,3,15,15014,2,1,1,6,Pesteil (Rue De),44.919774,2.414161
202300011099,19,9,2023,2025-12-05 06:50:00,2,93,93010,2,3,1,1,Route De Villemomble / Rue Rene Char,48.892008,2.488983
202300011100,14,8,2023,2025-12-05 18:27:00,1,6,6088,2,5,1,3,Napoleon Iii (Bd),43.67833,7.21864
202300011101,30,5,2023,2025-12-05 22:15:00,3,93,93007,2,1,1,6,Maurice Audin (Rue),48.94767342,2.45166091
202300011102,28,12,2023,2025-12-05 02:50:00,5,69,69271,1,3,1,6,Boulevard Charles De Gaulle,45.74496,4.93714
202300011103,14,8,2023,2025-12-05 09:19:00,1,6,6159,2,1,1,6,Napoleon Iii (Boulevard),43.7036001,7.3228387
202300011104,19,3,2023,2025-12-05 14:30:00,1,75,75112,2,1,1,2,Porte De Charenton,48.830807,2.403154
202300011105,14,9,2023,2025-12-05 16:20:00,1,92,92064,2,4,1,6,Republique,48.84974355,2.22111353
202300011106,19,3,2023,2025-12-05 09:50:00,1,75,75105,2,1,1,6,Boulevard Saint Michel,48.852294,2.34364
202300011107,14,8,2023,2025-12-05 13:01:00,1,75,75111,2,4,1,6,Boulevard Richard Lenoir,48.856333,2.370893
202300011108,19,9,2023,2025-12-05 09:00:00,1,92,92062,2,1,1,6,Republique (Rue De La) Du 102 Au 200,48.88454339,2.2384944
202300011109,27,12,2023,2025-12-05 16:30:00,1,64,64545,1,1,1,5,Corniche (Route De La),43.385,-1.7193
202300011110,19,3,2023,2025-12-05 05:55:00,4,75,75120,2,7,2,3,Place De La Porte De Bagnolet,48.864446,2.408505
202300011111,14,8,2023,2025-12-05 07:20:00,1,75,75105,2,3,1,1,Quai Saint Bernard,48.846846,2.360984
202300011112,19,9,2023,2025-12-05 16:00:00,1,92,92051,2,2,1,6,"Argenson (Boulevard, Ndeg 17 Au 43)",48.88811341,2.26481527
202300011113,14,8,2023,2025-12-05 13:40:00,1,75,75119,2,2,7,7,Rue Riquet,48.889254,2.371299
202300011114,27,12,2023,2025-12-05 17:30:00,5,62,62771,2,1,1,3,Rue Casimir Beugnet,50.41967,2.87795
202300011115,19,3,2023,2025-12-05 05:30:00,5,75,75118,2,3,2,3,Rue Championnet,48.895776,2.341359
202300011116,14,8,2023,2025-12-05 02:50:00,5,75,75118,2,1,1,3,Boulevard Ney,48.898332,2.36167
202300011117,19,9,2023,2025-12-05 09:30:00,1,92,92051,2,1,1,4,"Charles De Gaulle (Avenue, Ndeg27 A 129)",48.88042,2.27377
202300011118,18,3,2023,2025-12-05 22:30:00,5,75,75108,2,7,1,6,Place Charles De Gaulle,48.87352689,2.29584754
202300011119,28,12,2023,2025-12-05 07:54:00,2,54,54528,1,1,8,1,Rd960,48.648,5.869
202300011120,14,8,2023,2025-12-05 06:10:00,2,75,75117,2,7,1,7,Place Du Marechal Juin,48.88485851,2.29792356
202300011121,19,9,2023,2025-12-05 09:05:00,1,92,92020,2,3,1,6,Lassegue Rue Ndeg Impairs,48.80333092,2.27741227
202300011122,19,3,2023,2025-12-05 20:20:00,5,75,75115,2,3,1,6,Quai Andre Citroen,48.84738239,2.27891743
202300011123,13,8,2023,2025-12-05 21:10:00,5,75,75107,2,2,1,6,Avenue De Suffren,48.84945,2.303742
202300011124,18,3,2023,2025-12-05 19:45:00,5,75,75115,2,1,1,3,Pont De Grenelle,48.85005111,2.28045702
202300011125,19,9,2023,2025-12-05 12:37:00,1,92,92040,2,3,1,1,Gallieni (Boulevard),48.82392,2.26788
202300011126,14,8,2023,2025-12-05 12:40:00,1,75,75114,2,3,1,3,Avenue Paul Appell,48.821787,2.326724
202300011127,28,12,2023,2025-12-05 11:10:00,1,51,51454,2,1,1,2,Pommery (Boulevard),49.251421,4.053147
202300011128,19,3,2023,2025-12-05 15:36:00,1,75,75112,2,1,1,6,Avenue De Saint Maurice,48.834457,2.42018
202300011129,18,9,2023,2025-12-05 20:35:00,1,92,92036,2,1,1,6,Gallieni (Boulevard) (2/20),48.92471,2.32492
202300011130,20,7,2023,2025-12-05 21:00:00,2,94,94058,2,2,1,3,Boulevard D'Alsace-Lorraine,48.84924,2.49631
202300011131,17,3,2023,2025-12-05 23:00:00,5,75,75104,2,3,9,2,Boulevard Henri Iv,48.850087,2.358933
202300011132,28,12,2023,2025-12-05 14:40:00,1,50,50218,2,1,1,6,Saint Nicolas (Rue),48.83335,-1.56783
202300011133,13,8,2023,2025-12-05 22:14:00,5,93,93078,2,2,1,3,Avenue Du General Leclerc / Rue De Touraine,48.94809063,2.5612188
202300011134,19,9,2023,2025-12-05 08:40:00,1,92,92026,2,1,1,2,Republique ( De 01 A 31 Et De 02 A 52 ),48.9,2.24
202300011135,19,3,2023,2025-12-05 13:00:00,1,94,94058,2,2,2,1,Avenue Du 11 Novembre,48.84442316,2.49762851
202300011136,13,8,2023,2025-12-05 23:20:00,5,93,93064,2,1,1,3,Avenue Du President John Kennedy,48.879397,2.491299
202300011137,17,9,2023,2025-12-05 21:00:00,5,92,92024,2,1,1,6,Clichy (Pont De),48.91004442,2.2992897
202300011138,27,12,2023,2025-12-05 16:40:00,1,49,49246,2,1,1,6,Gallieni Avenue,47.4366,-0.516
202300011139,19,3,2023,2025-12-05 11:20:00,1,94,94076,2,1,2,3,Boulevard Maxime Gorki,48.79180835,2.36957408
202300011140,14,8,2023,2025-12-05 06:45:00,2,93,93047,2,4,1,1,Boulevard Bargue / Rue Du General De Gaulle,48.89920368,2.55428654
202300011141,18,9,2023,2025-12-05 23:20:00,5,92,92019,2,6,1,3,Petit Clamart (Rond Point Du),48.77669,2.23054
202300011142,27,12,2023,2025-12-05 11:00:00,1,49,49007,2,1,1,6,Haute Des Banchais,47.48485,-0.51177
202300011143,18,3,2023,2025-12-05 23:15:00,5,94,94003,2,1,1,3,Avenue Aristide Briand,48.80156,2.32402
202300011144,14,8,2023,2025-12-05 07:20:00,1,93,93001,2,2,1,1,Avenue De La Republique / Avenue Jean Jaures,48.90384184,2.39176333
202300011145,18,9,2023,2025-12-05 07:35:00,2,92,92004,2,2,1,6,Redoute ( Avenue De La  ),48.92816044,2.27709621
202300011146,19,3,2023,2025-12-05 18:30:00,2,94,94017,2,1,1,2,Avenue Du General De Gaulle,48.82723,2.52077
202300011147,13,8,2023,2025-12-05 18:45:00,1,93,93001,2,9,1,3,Avenue Victor Hugo,48.91185545,2.37966324
202300011148,20,9,2023,2025-12-05 08:20:00,1,974,97415,1,1,1,5,D2,-20.971553,55.308593
202300011149,13,8,2023,2025-12-05 09:35:00,1,92,92075,2,1,1,6,Ernest Laval (Rue),48.82053608,2.29018718
202300011150,19,3,2023,2025-12-05 16:30:00,1,93,93055,2,1,1,3,Avenue Du General Leclerc,48.89864,2.40711
202300011151,10,9,2023,2025-12-05 06:40:00,3,16,16150,1,1,1,6,Rn 141 Pk 102,45.672663,-0.262363
202300011152,14,8,2023,2025-12-05 04:07:00,5,92,92063,2,1,1,6,Albert 1Er (Avenue),48.88144154,2.1785506
202300011153,19,3,2023,2025-12-05 17:00:00,1,93,93053,2,1,1,6,Rue De Brement,48.88750576,2.46492177
202300011154,14,8,2023,2025-12-05 10:00:00,1,92,92040,2,1,1,2,Pdt Roosevelt (Quai Du),48.83410422,2.2648555
202300011155,19,9,2023,2025-12-05 12:50:00,1,22,22311,1,1,1,7,Rd 768,48.530162,-2.227135
202300011156,19,3,2023,2025-12-05 14:40:00,1,93,93050,2,1,1,2,8 Rue Du Raincy,48.874278,2.52694
202300011157,20,9,2023,2025-12-05 10:15:00,1,21,21452,1,1,1,7,Pk 37 A31,47.262526,5.125698
202300011158,15,8,2023,2025-12-05 19:30:00,1,62,62271,1,1,1,3,D190,50.628973,2.175626
202300011159,18,3,2023,2025-12-05 23:35:00,5,93,93046,2,1,1,4,Avenue Aristide Briand,48.912985,2.523465
202300011160,15,8,2023,2025-12-05 20:20:00,1,86,86272,1,1,1,3,Route De Rettel,46.827346,0.471491
202300011161,20,9,2023,2025-12-05 08:15:00,1,83,83130,1,1,1,3,A57,43.195619,6.040614
202300011162,18,3,2023,2025-12-05 22:35:00,5,93,93063,2,1,1,6,Rue Des Noyers,48.87802,2.43528
202300011163,14,8,2023,2025-12-05 09:30:00,1,95,95052,2,1,1,6,42 Edouard Bourchy (Rue),49.142237,2.289803
202300011164,19,9,2023,2025-12-05 20:00:00,3,974,97412,1,1,1,7,Route De La Grande Corniche,-21.371884,55.591523
202300011165,19,3,2023,2025-12-05 10:45:00,1,92,92024,2,1,2,3,Victor Hugo (Bd),48.89710016,2.31014907
202300011166,15,8,2023,2025-12-05 18:24:00,1,95,95529,1,6,1,3,Grateleux (Rue Du),49.16799802,2.21885741
202300011167,16,8,2023,2025-12-05 13:50:00,1,6,6161,2,1,1,7,200 Avenue Lattre De Tassigny,43.640594,7.138259
202300011168,19,9,2023,2025-12-05 05:40:00,4,972,97222,1,2,1,6,Augrain,14.669749,-60.958044
202300011169,19,3,2023,2025-12-05 15:50:00,1,92,92014,2,1,1,6,Galois (Avenue),48.77678339,2.31626585
202300011170,16,8,2023,2025-12-05 07:15:00,1,35,35286,2,1,1,6,Rue Des Marais,48.39500093,-1.65214956
202300011171,19,3,2023,2025-12-05 16:50:00,1,35,35123,2,1,1,6,17 Rue Des Croix De Roche,48.004015,-1.841186
202300011172,15,8,2023,2025-12-05 20:30:00,1,88,88115,1,1,1,6,Route Du Plafond - Rd 60 - Pk 14.000,48.16399,6.909113
202300011173,6,9,2023,2025-12-05 08:20:00,1,67,67117,1,4,7,2,D1004,48.766995,7.316809
202300011174,19,3,2023,2025-12-05 15:30:00,1,35,35126,1,1,1,6,23 Chauvignac,47.9528,-1.784055
202300011175,16,8,2023,2025-12-05 09:30:00,1,35,35338,1,1,1,1,Lieu Dit La Favrie,48.058678,-1.278845
202300011176,20,9,2023,2025-12-05 02:30:00,3,51,51422,2,3,1,6,Rue De La Gare,49.218378,3.931255
202300011177,20,3,2023,2025-12-05 12:15:00,1,95,95116,1,1,8,3,Rd 924,49.161211,2.338602
202300011178,15,8,2023,2025-12-05 02:40:00,5,83,83036,2,1,1,6,Boulevard De L'Eau Blanche,43.181875,6.536388
202300011179,19,3,2023,2025-12-05 15:43:00,1,21,21638,1,9,3,6,A31 Pk 071.500,47.53123895,5.19905176
202300011180,14,8,2023,2025-12-05 15:15:00,1,35,35098,1,1,1,6,Rn137,47.77338,-1.7053
202300011181,20,9,2023,2025-12-05 10:40:00,1,33,33314,2,2,1,1,Rue Jeanne D'Arc,45.202255,-0.748315
202300011182,20,3,2023,2025-12-05 08:40:00,1,52,52282,1,1,5,7,A5,47.979415,5.134043
202300011183,15,8,2023,2025-12-05 01:10:00,4,91,91665,2,6,1,7,Route De Nozay,48.66246,2.255931
202300011184,16,9,2023,2025-12-05 19:00:00,2,11,11436,1,4,1,6,Lieu Dit Ripaud,43.040979,2.833958
202300011185,20,3,2023,2025-12-05 09:30:00,1,52,52432,1,1,1,7,"Pk127.000, Autoroute A31, Sens Dijon/Nancy",47.95399,5.368994
202300011186,16,8,2023,2025-12-05 15:15:00,1,62,62677,1,1,1,1,D124,50.337552,2.049884
202300011187,20,9,2023,2025-12-05 12:40:00,1,49,49140,1,1,1,3,D145,47.19103536,0.01700161
202300011188,19,3,2023,2025-12-05 18:25:00,1,14,14061,1,1,1,1,Le Bourg Bures Les Monts (Bures-Les-Monts),48.94846361,-0.96747165
202300011189,15,8,2023,2025-12-05 19:10:00,1,51,51416,1,1,1,1,Chemin Du Moulin De La Ville,48.956323,3.692817
202300011190,19,9,2023,2025-12-05 11:37:00,1,12,12208,1,1,1,1,D999,43.946856,2.908223
202300011191,16,3,2023,2025-12-05 14:30:00,1,87,87020,1,1,1,2,Autoroute A20 Pr171+295 Sud/Nord,45.928468,1.303639
202300011192,15,8,2023,2025-12-05 08:06:00,1,59,59528,2,4,7,3,30 Rue Camille Desmoulins,50.205545,3.407425
202300011193,16,3,2023,2025-12-05 17:10:00,1,34,34270,1,1,1,3,2260 Route De Sete,43.563278,3.850145
202300011194,16,9,2023,2025-12-05 14:50:00,1,34,34031,1,1,1,1,D612A,43.333388,3.424129
202300011195,15,8,2023,2025-12-05 22:40:00,3,56,56214,1,1,1,2,La Saline,47.525359,-2.844923
202300011196,19,3,2023,2025-12-05 16:00:00,1,62,62440,2,1,1,6,Rue Du Cimetiere,50.108992,3.04126
202300011197,20,9,2023,2025-12-05 17:55:00,1,34,34018,1,1,8,7,D909,43.496145,3.187988
202300011198,30,7,2023,2025-12-05 04:45:00,3,2B,2B150,1,1,1,7,Route Territoriale 30,42.584567,8.831221
202300011199,19,3,2023,2025-12-05 18:25:00,1,56,56177,1,1,1,1,Lann Misericorde,47.761772,-2.966148
202300011200,19,9,2023,2025-12-05 16:00:00,1,68,68082,2,3,1,1,Rue Des Platanes,47.867451,7.342526
202300011201,19,3,2023,2025-12-05 16:15:00,1,78,78192,1,1,1,5,D928,48.929274,1.613338
202300011202,19,9,2023,2025-12-05 17:01:00,1,25,25245,1,2,1,2,D104,47.208709,6.053617
202300011203,19,3,2023,2025-12-05 23:35:00,3,79,79185,1,1,1,7,Adresse_Inconnue,46.275183,-0.241334
202300011204,20,3,2023,2025-12-05 10:30:00,1,89,89005,2,1,1,6,Place De Clermont Tonnerre,47.775304,4.163577
202300011205,18,9,2023,2025-12-05 19:20:00,1,35,35299,1,3,1,1,Les Champs Elus,48.641828,-1.93921
202300011206,17,9,2023,2025-12-05 05:32:00,3,31,31109,1,1,1,6,D81,43.240232,0.8002
202300011207,18,3,2023,2025-12-05 15:00:00,1,34,34085,1,1,8,1,D15,43.456299,3.268991
202300011208,19,9,2023,2025-12-05 16:27:00,1,1,1269,2,2,1,2,Rue Du Docteur Mercier,46.153772,5.604744
202300011209,16,3,2023,2025-12-05 09:50:00,1,34,34130,1,1,1,7,2 Rue Des Granges,43.522678,3.198674
202300011210,19,3,2023,2025-12-05 19:10:00,3,25,25321,1,1,3,6,Rue Du Bois De Ban,47.074795,6.688002
202300011211,20,9,2023,2025-12-05 07:45:00,1,1,1134,1,1,7,1,D51C,46.282902,4.875242
202300011212,19,3,2023,2025-12-05 10:15:00,1,29,29074,2,6,1,3,Route De Kermat,48.486718,-3.995665
202300011213,19,9,2023,2025-12-05 15:00:00,1,1,1108,1,1,1,6,Rte Du Suran,46.37290048,5.36460042
202300011214,20,3,2023,2025-12-05 16:30:00,1,38,38517,2,1,1,6,Avenue De La Gare,45.298619,5.485182
202300011215,20,9,2023,2025-12-05 11:00:00,1,70,70467,2,4,1,6,16 Avenue Michel Leroy,47.889045,6.271989
202300011216,20,3,2023,2025-12-05 14:00:00,1,58,58180,1,1,1,1,Nataloup,47.23524,4.033957
202300011217,20,9,2023,2025-12-05 18:50:00,2,54,54359,1,1,1,6,Rd 9,48.50506868,6.36478543
202300011218,3,3,2023,2025-12-05 07:50:00,1,14,14582,1,1,1,6,D103,49.06824294,0.17406464
202300011219,20,3,2023,2025-12-05 07:20:00,2,14,14455,1,1,1,6,Route De La Balliere,48.995009,-0.360221
202300011220,20,9,2023,2025-12-05 07:30:00,1,6,6079,2,1,1,6,99 Avenue Auguste Renoir,43.52724,6.925424
202300011221,18,9,2023,2025-12-05 16:30:00,1,7,7005,1,1,1,1,D107,44.56125,4.597467
202300011222,17,3,2023,2025-12-05 18:45:00,2,50,50378,1,2,1,3,Le Clos Dumont,48.976217,-1.241176
202300011223,19,3,2023,2025-12-05 13:30:00,1,50,50442,1,1,1,7,Vge De Cleville,49.480394,-1.81651
202300011224,18,9,2023,2025-12-05 17:25:00,1,53,53185,1,2,8,3,D144,48.442837,-0.172965
202300011225,20,3,2023,2025-12-05 09:30:00,1,85,85102,1,1,1,6,Rd81 Les Boisselieres,46.855261,-1.630569
202300011226,5,9,2023,2025-12-05 17:15:00,1,21,21580,1,1,1,7,D26,47.437232,4.641123
202300011227,16,9,2023,2025-12-05 10:45:00,1,24,24087,1,1,7,7,La Couture,44.849419,1.077003
202300011228,19,3,2023,2025-12-05 18:00:00,1,30,30006,1,2,1,5,Adresse_Inconnue,43.687101,4.199142
202300011229,15,9,2023,2025-12-05 10:59:00,1,27,27565,1,5,1,3,Rue Du Bois,48.900592,0.806691
202300011230,20,3,2023,2025-12-05 08:00:00,1,73,73213,1,1,1,4,A43 Pk 98+700,45.53959346,5.96537363
202300011231,19,9,2023,2025-12-05 19:40:00,2,30,30103,2,3,1,6,8 Rue De L?Alambic,43.9299,4.650698
202300011232,18,3,2023,2025-12-05 14:30:00,1,13,13112,1,1,1,7,D55,43.512884,5.244008
202300011233,20,3,2023,2025-12-05 04:45:00,3,1,1029,1,1,1,6,A39,46.44242353,5.27382374
202300011234,19,9,2023,2025-12-05 18:15:00,1,6,6085,1,1,1,5,"A8, Pk 167.000 Voie Nord",43.5845824,7.0251696
202300011235,6,3,2023,2025-12-05 19:50:00,3,91,91037,1,1,1,7,Ferme De Portes,48.519788,2.483082
202300011236,20,9,2023,2025-12-05 12:45:00,1,45,45317,1,1,1,7,A10 Pr 123 + 210,47.78007336,1.5909512
202300011237,19,3,2023,2025-12-05 17:11:00,1,72,72105,1,1,1,2,"A11, Pk 125+700",48.171094,0.747006
202300011238,15,9,2023,2025-12-05 18:45:00,5,987,98725,1,9,2,5,Pk 9 + 400,-17.507529,-149.496835
202300011239,19,3,2023,2025-12-05 13:30:00,1,976,97604,1,1,1,1,Ccd6,-12.923916,45.095057
202300011240,18,9,2023,2025-12-05 15:40:00,1,91,91200,1,1,1,7,"Autoroute A10, Pk 22+000, Direction Province",48.557899,1.94144
202300011241,20,3,2023,2025-12-05 08:50:00,1,971,97103,1,1,1,6,Nationale 1 Pk 55 Vers Pointe A Pitre,16.254406,-61.554894
202300011242,20,3,2023,2025-12-05 08:00:00,1,68,68278,2,1,1,3,37 Rue De Mulhouse,47.752984,7.396486
202300011243,20,9,2023,2025-12-05 18:00:00,1,33,33234,1,1,1,4,D113,44.78657531,-0.50656333
202300011244,20,9,2023,2025-12-05 17:15:00,1,77,77266,1,1,1,6,D40,48.435095,2.849793
202300011245,19,3,2023,2025-12-05 09:52:00,1,971,97121,2,1,2,6,Lieu Dit Baillargent,16.256182,-61.789808
202300011246,19,3,2023,2025-12-05 07:00:00,2,45,45217,1,1,1,6,5 Rue Du Parc,48.25103392,2.17254236
202300011247,20,9,2023,2025-12-05 06:45:00,2,84,84016,2,4,1,3,Route De Sarrians,44.03883,4.909687
202300011248,19,3,2023,2025-12-05 16:30:00,1,34,34060,1,1,1,1,D122,43.816395,3.641014
202300011249,20,9,2023,2025-12-05 14:00:00,1,6,6134,2,1,3,6,Villaute,43.763958,6.656379
202300011250,20,3,2023,2025-12-05 09:15:00,1,84,84141,2,1,1,3,Route De Morieres,43.956207,4.90107
202300011251,19,9,2023,2025-12-05 16:45:00,1,13,13030,1,1,1,1,D8N,43.268206,5.735142
202300011252,18,3,2023,2025-12-05 12:15:00,1,13,13064,1,6,1,7,Cd99,43.803556,4.950201
202300011253,20,9,2023,2025-12-05 12:00:00,1,3,3031,1,1,7,1,D 33,46.369113,2.722871
202300011254,19,3,2023,2025-12-05 06:38:00,2,38,38388,1,1,2,1,Za Des Isles,45.052749,5.712043
202300011255,19,9,2023,2025-12-05 17:05:00,1,86,86222,2,1,1,7,62 Route De La Moussie,46.659727,0.423318
202300011256,19,3,2023,2025-12-05 21:37:00,3,33,33196,1,1,1,2,D128    Pk 31+300,44.800212,-0.210344
202300011257,19,9,2023,2025-12-05 15:45:00,1,85,85071,1,2,1,3,Rd 21,46.799525,-1.7917203
202300011258,20,3,2023,2025-12-05 08:55:00,1,60,60559,1,1,1,2,N31,49.41379705,2.27984692
202300011259,18,9,2023,2025-12-05 13:50:00,1,27,27602,2,3,1,3,D830,49.008808,1.09211
202300011260,19,3,2023,2025-12-05 12:23:00,1,83,83137,2,1,2,2,A50 Sortie Tunnel Tube Sud,43.12093276,5.95201534
202300011261,20,9,2023,2025-12-05 09:00:00,1,60,60107,2,1,1,3,Rue Andre Oudin,49.374878,2.427367
202300011262,19,3,2023,2025-12-05 03:20:00,3,33,33162,1,1,2,2,Rocade A 630,44.8676,-0.648
202300011263,16,7,2023,2025-12-05 05:20:00,3,69,69259,1,1,2,2,Route Departementale 383,45.7167529,4.85246166
202300011264,19,3,2023,2025-12-05 19:25:00,3,92,92048,1,1,1,2,N118,48.79819142,2.21667127
202300011265,16,9,2023,2025-12-05 00:50:00,3,59,59378,1,1,1,6,Autoroute A22,50.67923,3.11304
202300011266,18,3,2023,2025-12-05 19:05:00,3,77,77122,1,1,1,6,Adresse_Inconnue,48.65870955,2.61286308
202300011267,19,9,2023,2025-12-05 19:43:00,1,91,91689,1,1,1,3,Autoroute A6B,48.7388,2.3181
202300011268,18,3,2023,2025-12-05 16:40:00,1,77,77294,1,1,1,2,A104,48.972158,2.59268
202300011269,17,3,2023,2025-12-05 12:30:00,1,77,77294,1,1,1,2,A104,48.95655271,2.62589792
202300011270,19,9,2023,2025-12-05 18:00:00,1,91,91216,1,1,1,6,Autoroute A6,48.68634,2.3265
202300011271,10,1,2023,2025-12-05 22:40:00,3,74,74137,2,1,1,6,Chemin Des Crets Blancs,46.00112,6.170177
202300011272,9,1,2023,2025-12-05 20:28:00,3,74,74281,1,1,3,6,Contournement,46.34711,6.44756
202300011273,19,9,2023,2025-12-05 11:08:00,1,91,91687,1,1,1,5,Autoroute A6,48.66245,2.36852
202300011274,7,1,2023,2025-12-05 13:20:00,1,74,74010,2,1,1,1,Nanfray (Route De),45.8941,6.08803
202300011275,19,9,2023,2025-12-05 08:35:00,1,94,94034,1,1,1,3,A86,48.76020129,2.32061692
202300011276,19,9,2023,2025-12-05 08:10:00,1,91,91432,1,1,1,3,Autoroute A6,48.6917,2.32209
202300011277,19,9,2023,2025-12-05 18:00:00,1,93,93066,1,1,1,5,Autoroute A1,48.92812889,2.3579759
202300011278,19,9,2023,2025-12-05 11:35:00,1,93,93001,1,1,1,6,Autoroute A86,48.92126,2.37568
202300011279,19,9,2023,2025-12-05 08:30:00,1,95,95582,1,1,1,5,A15,48.968865,2.251202
202300011280,19,9,2023,2025-12-05 07:10:00,1,93,93066,1,1,1,3,Autoroute A1,48.92902,2.35988
202300011281,19,9,2023,2025-12-05 04:00:00,3,95,95018,1,1,1,6,A15,48.95727,2.276
202300011282,19,9,2023,2025-12-05 00:56:00,3,93,93027,1,1,1,6,Autoroute A86,48.92736,2.40711
202300011283,18,9,2023,2025-12-05 20:30:00,3,95,95042,1,1,3,6,N104,49.05741,2.29748
202300011284,18,9,2023,2025-12-05 17:45:00,5,93,93066,1,1,1,4,Autoroute A1,48.9084409,2.35836017
202300011285,18,9,2023,2025-12-05 08:10:00,1,92,92024,2,3,1,3,Victor Hugo (Bd),48.89992162,2.31448352
202300011286,30,4,2023,2025-12-05 12:00:00,1,14,14143,1,2,1,3,2113 Route De Saint Germain,49.104985,-0.763389