num_acc,jour,mois,an,hrmn,lum,dep,com,agg,int,atm,col,adr,lat,long
202300011287,16,6,2023,2025-12-05 11:20:00,1,13,13047,1,1,1,1,D.5,43.59069,4.94554
202300011288,18,6,2023,2025-12-05 15:00:00,1,75,75119,2,3,1,1,Rue D Aubervilliers,48.894498,2.370603
202300011289,17,6,2023,2025-12-05 13:50:00,1,75,75119,2,9,1,2,Boulevard Serurier,48.878535,2.402512
202300011290,16,6,2023,2025-12-05 19:45:00,1,75,75119,2,4,1,6,Rue De Crimee,48.884211,2.384278
202300011291,16,6,2023,2025-12-05 12:49:00,1,75,75119,2,7,1,7,Boulevard De La Villette,48.878469,2.370436
202300011292,16,6,2023,2025-12-05 12:45:00,1,75,75119,2,2,1,2,Rue De Crimee,48.882988,2.385609
202300011293,15,6,2023,2025-12-05 19:00:00,1,75,75119,2,2,1,3,Avenue Corentin Cariou,48.898182,2.386022
202300011294,15,6,2023,2025-12-05 17:35:00,1,75,75119,2,2,1,3,Avenue Jean Jaures,48.886079,2.383089
202300011295,15,6,2023,2025-12-05 15:55:00,1,75,75119,2,3,1,6,Boulevard De La Villette,48.881487,2.370407
202300011296,18,6,2023,2025-12-05 01:20:00,5,75,75118,2,2,1,3,Rue Ordener,48.892392,2.345061
202300011297,17,6,2023,2025-12-05 20:43:00,1,75,75110,2,2,1,6,Rue De La Grange Aux Belles,48.876003,2.368358
202300011298,16,6,2023,2025-12-05 19:30:00,1,75,75118,2,1,1,2,Boulevard De Rochechouart,48.882987,2.344095
202300011299,16,6,2023,2025-12-05 11:02:00,1,75,75118,2,9,1,6,Rue De La Chapelle,48.890837,2.359964
202300011300,15,6,2023,2025-12-05 15:45:00,1,75,75117,2,3,1,6,Boulevard Malesherbes,48.884709,2.307827
202300011301,15,6,2023,2025-12-05 01:00:00,5,75,75117,2,2,1,6,Avenue De Clichy,48.889124,2.322747
202300011302,17,6,2023,2025-12-05 16:45:00,1,75,75116,2,1,3,6,Rue Chanez,48.84691,2.259672
202300011303,16,6,2023,2025-12-05 02:07:00,5,75,75116,2,2,1,3,Avenue De New York,48.86024324,2.29048052
202300011304,13,6,2023,2025-12-05 21:00:00,1,75,75116,2,2,1,2,Avenue De La Porte De Saint Cloud,48.83869,2.25395
202300011305,13,6,2023,2025-12-05 20:35:00,1,75,75116,2,3,1,6,Rue D Auteuil,48.847528,2.269105
202300011306,17,6,2023,2025-12-05 18:20:00,1,75,75115,2,1,1,2,Rue Linois,48.84732,2.284732
202300011307,17,6,2023,2025-12-05 02:12:00,5,75,75115,2,3,1,6,Boulevard Lefebvre,48.831178,2.291885
202300011308,16,6,2023,2025-12-05 16:50:00,1,75,75115,2,3,1,6,Rue De Vouille,48.835119,2.30379
202300011309,16,6,2023,2025-12-05 00:30:00,5,75,75115,2,3,1,1,Quai De Grenelle,48.853702,2.28768
202300011310,15,6,2023,2025-12-05 09:15:00,1,75,75115,2,2,1,6,Boulevard Victor,48.834291,2.283909
202300011311,17,6,2023,2025-12-05 19:30:00,1,75,75113,2,1,1,2,Boulevard Du General Jean Simon,48.826199,2.383317
202300011312,16,6,2023,2025-12-05 00:35:00,5,75,75113,2,3,1,1,Avenue De France,48.833646,2.373606
202300011313,17,6,2023,2025-12-05 20:43:00,1,75,75110,2,2,1,6,Rue De La Grange Aux Belles,48.87601,2.368323
202300011314,15,6,2023,2025-12-05 15:10:00,1,75,75110,2,2,1,6,Quai De Jemmapes,48.873252,2.364217
202300011315,14,6,2023,2025-12-05 23:09:00,5,75,75110,2,2,1,7,Quai De Jemmapes,48.86883,2.367648
202300011316,18,6,2023,2025-12-05 10:15:00,1,75,75109,2,2,1,3,Rue De La Chaussee D Antin,48.875263,2.332308
202300011317,14,6,2023,2025-12-05 19:30:00,1,75,75109,2,2,1,2,Rue Scribe,48.87021,2.32989
202300011318,16,6,2023,2025-12-05 13:50:00,1,75,75108,2,7,1,3,Place De La Concorde,48.865864,2.319853
202300011319,16,6,2023,2025-12-05 11:33:00,1,75,75108,2,2,1,3,Place De La Concorde,48.865869,2.319902
202300011320,17,6,2023,2025-12-05 13:03:00,1,75,75107,2,2,1,7,Boulevard Des Invalides,48.847974,2.316146
202300011321,16,6,2023,2025-12-05 08:50:00,1,75,75114,2,1,1,6,Rue Pierre Larousse,48.828663,2.3147
202300011322,16,6,2023,2025-12-05 09:00:00,1,75,75107,2,2,1,3,Rue De L Universite,48.86113948,2.30547819
202300011323,16,6,2023,2025-12-05 10:15:00,1,75,75104,2,3,1,7,Quai Des Celestins,48.851357,2.362285
202300011324,15,6,2023,2025-12-05 09:20:00,1,75,75109,2,3,1,7,Boulevard De Clichy,48.884097,2.330821
202300011325,14,6,2023,2025-12-05 17:40:00,1,75,75101,2,2,1,3,Rue De Richelieu,48.865612,2.336622
202300011326,14,6,2023,2025-12-05 11:22:00,1,75,75104,2,2,1,3,Boulevard De Sebastopol,48.860581,2.349376
202300011327,14,6,2023,2025-12-05 04:50:00,5,75,75104,2,2,1,7,Boulevard Du Palais,48.854338,2.344919
202300011328,26,4,2023,2025-12-05 15:20:00,1,32,32156,1,3,1,3,D2,43.525729,0.458143
202300011329,14,6,2023,2025-12-05 16:00:00,1,60,60676,2,1,1,7,15 Rue De Dives Le Franc,49.560595,2.947379
202300011330,9,9,2023,2025-12-05 23:45:00,4,976,97611,2,1,1,7,Kaweni-Kaweni Nord ( Z I ),-12.76926,45.22404
202300011331,18,9,2023,2025-12-05 10:20:00,1,69,69386,2,2,3,3,Rue Vendome,45.76803,4.8454
202300011332,18,9,2023,2025-12-05 12:00:00,1,69,69383,2,2,2,6,Cours Lafayette,45.7636,4.85526
202300011333,18,9,2023,2025-12-05 09:50:00,1,69,69381,2,1,2,6,2 Place Rouville,45.76962,4.82506
202300011334,17,9,2023,2025-12-05 23:40:00,3,971,97101,1,1,1,7,Rn5-Boisripeaux,16.28952,-61.50406
202300011335,18,9,2023,2025-12-05 18:30:00,1,95,95197,2,2,1,6,Paul Fleury (Avenue),48.96986014,2.31668293
202300011336,18,9,2023,2025-12-05 08:30:00,1,95,95210,2,1,1,6,Coussaye (Rue De La),48.96441,2.30466
202300011337,18,9,2023,2025-12-05 23:30:00,5,91,91097,2,1,1,7,Rue Du Vieux Pont,48.68806,2.53348
202300011338,14,9,2023,2025-12-05 17:20:00,1,91,91027,2,1,1,3,Rte De Fontainebleau,48.699643,2.371832
202300011339,18,9,2023,2025-12-05 20:30:00,2,91,91223,2,1,2,2,Portereaux (Sente Des),48.428018,2.151903
202300011340,16,9,2023,2025-12-05 15:00:00,1,89,89387,2,2,1,3,Pierre De Coubertin (Avenue),48.19544,3.30166
202300011341,8,9,2023,2025-12-05 13:25:00,1,89,89346,2,6,1,3,General De Billy ( Rue ),47.80338,3.53564
202300011342,16,9,2023,2025-12-05 23:21:00,5,87,87085,2,1,1,6,Nexon (Rue De),45.81693,1.26132
202300011343,18,9,2023,2025-12-05 12:20:00,1,81,81004,2,1,1,3,Centre Ville,43.91898,2.10925
202300011344,12,9,2023,2025-12-05 09:30:00,1,80,80021,2,1,1,6,Vallee (Rue De La ),49.89183,2.30944
202300011345,7,9,2023,2025-12-05 00:30:00,5,80,80021,2,1,1,6,Jules Ferry (Chaussee),49.87723,2.34202
202300011346,17,9,2023,2025-12-05 11:35:00,1,76,76351,2,3,1,7,Frissard (Quai),49.48967,0.12468
202300011347,15,9,2023,2025-12-05 17:40:00,1,76,76447,2,1,1,6,Ancienne Huilerie (Place),49.544512,0.187861
202300011348,15,9,2023,2025-12-05 16:45:00,1,76,76447,1,1,1,2,Rd 489,49.53966202,0.20851065
202300011349,18,9,2023,2025-12-05 11:40:00,1,72,72181,2,9,2,6,Fresnellerie Bd De La Ndeg Imp,47.96981,0.20614
202300011350,18,9,2023,2025-12-05 15:10:00,1,69,69266,2,2,1,3,Rue Alexis Perroncel,45.77480246,4.87406835
202300011351,18,9,2023,2025-12-05 22:30:00,5,69,69264,2,1,2,6,Avenue Theodore Braun,45.97911,4.73903
202300011352,17,9,2023,2025-12-05 16:20:00,1,69,69029,2,1,1,3,Avenue Franklin Roosevelt,45.73777,4.89581
202300011353,15,9,2023,2025-12-05 09:34:00,1,67,67462,2,1,7,3,General Castelnau (Boulevard Du),48.26098,7.45713
202300011354,17,9,2023,2025-12-05 06:35:00,2,62,62033,2,1,1,6,D917,50.45285,2.87563
202300011355,14,9,2023,2025-12-05 13:10:00,1,62,62193,2,2,1,3,Rue Du General Chanzy,50.94850312,1.8586868
202300011356,18,9,2023,2025-12-05 16:45:00,1,59,59512,2,2,1,6,Montgolfier (Rue),50.68116,3.18539
202300011357,18,9,2023,2025-12-05 12:15:00,1,59,59350,2,1,1,3,Salengro Roger Rue,50.629,3.10219
202300011358,16,9,2023,2025-12-05 08:20:00,1,57,57672,2,1,1,6,Bruyeres (Rue Des),49.35602,6.11201
202300011359,17,9,2023,2025-12-05 01:30:00,3,56,56121,2,1,1,7,Saint-Christophe ( Pont ),47.76144,-3.36417
202300011360,18,9,2023,2025-12-05 07:25:00,1,51,51454,2,1,1,6,Cernay (Rue De ) Du Ndeg 39 A Fin Et Du Ndeg,49.25729,4.06272
202300011361,17,9,2023,2025-12-05 21:05:00,5,51,51454,2,1,1,7,Thiolettes (Rue Des),49.250411,4.055403
202300011362,15,9,2023,2025-12-05 23:20:00,5,50,50129,2,1,1,6,Belgique (Rue De),49.64675,-1.65264
202300011363,18,9,2023,2025-12-05 22:30:00,5,41,41047,2,1,1,2,N152,47.602891,1.349257
202300011364,3,8,2023,2025-12-05 18:50:00,1,40,40088,2,2,8,3,Saint-Vincent De Paul (Avenue),43.71584,-1.05383
202300011365,18,9,2023,2025-12-05 14:17:00,1,37,37261,2,2,1,3,Mirabeau (Rue),47.39759,0.69947
202300011366,17,9,2023,2025-12-05 18:30:00,2,37,37122,2,1,3,7,Rd 37,47.34097,0.65374
202300011367,18,9,2023,2025-12-05 18:10:00,1,35,35238,2,1,1,2,Rn24,48.10727955,-1.71871394
202300011368,18,9,2023,2025-12-05 09:55:00,1,35,35238,2,6,1,3,Langevin (Paul),48.09153055,-1.65824085
202300011369,18,9,2023,2025-12-05 17:50:00,1,33,33249,2,1,7,6,Rue Des Gravieres,44.87178,-0.51806
202300011370,18,9,2023,2025-12-05 11:55:00,1,31,31555,2,1,1,1,Che De La Saudrune,43.54036,1.391532
202300011371,17,9,2023,2025-12-05 12:25:00,1,27,27229,2,1,1,2,Saint Leger (Rue Du Faubourg),49.0345,1.15609
202300011372,18,9,2023,2025-12-05 21:45:00,5,25,25056,2,2,2,3,Blum Boulevard Leon (Sup 90),47.26257,6.04007
202300011373,16,9,2023,2025-12-05 12:55:00,1,19,19031,2,2,1,3,De Jouvenel (Boulevard Henri),45.16065,1.52319
202300011374,17,9,2023,2025-12-05 11:00:00,1,13,13202,2,9,1,3,Lazaret (Quai Du),43.31095,5.36725
202300011375,17,9,2023,2025-12-05 06:00:00,5,13,13206,2,1,1,2,Lieutaud (Cours),43.28856,5.38426
202300011376,18,9,2023,2025-12-05 13:35:00,1,2,2304,2,1,1,6,1 Rue De La Republique,49.66228,3.36591
202300011377,18,9,2023,2025-12-05 09:20:00,1,75,75117,2,1,1,2,Porte D Asnieres,48.89261,2.302462
202300011378,18,9,2023,2025-12-05 07:10:00,2,75,75120,2,1,1,5,Porte De Bagnolet,48.862587,2.413767
202300011379,18,9,2023,2025-12-05 00:25:00,5,75,75120,2,1,1,3,Porte De Bagnolet,48.864274,2.413499
202300011380,15,9,2023,2025-12-05 23:35:00,5,75,75116,2,1,1,5,Boulevard Peripherique Interieur Ouest,48.841434,2.254139
202300011381,17,9,2023,2025-12-05 22:50:00,5,75,75107,2,3,1,6,Quai Branly,48.860643,2.295479
202300011382,20,10,2023,2025-12-05 16:30:00,1,54,54102,1,1,2,7,D904,48.72589,5.867839
202300011383,20,10,2023,2025-12-05 22:30:00,4,14,14288,1,1,3,6,Route De Creully,49.264257,-0.482924
202300011384,7,9,2023,2025-12-05 18:00:00,1,83,83046,2,1,1,3,D13,43.53056874,6.15225918
202300011385,20,10,2023,2025-12-05 20:05:00,3,73,73128,1,1,1,1,D911 Route Des Bauges,45.727124,5.945749
202300011386,20,10,2023,2025-12-05 20:30:00,3,10,10034,1,1,3,3,D671,48.0943983,4.38012258
202300011387,21,10,2023,2025-12-05 19:50:00,5,7,7010,2,1,1,6,Montee Du Quebec,45.252157,4.682118
202300011388,21,10,2023,2025-12-05 12:20:00,1,7,7234,1,1,1,3,Departementale 82,45.2494,4.774214
202300011389,20,10,2023,2025-12-05 16:40:00,1,53,53096,2,4,8,1,Milieu Pannard,48.306145,-0.942695
202300011390,20,10,2023,2025-12-05 20:00:00,3,21,21044,1,1,3,6,Cd21,47.82478997,4.41408189
202300011391,21,10,2023,2025-12-05 15:06:00,1,24,24496,1,1,8,6,D707,45.414166,0.86314
202300011392,21,10,2023,2025-12-05 18:10:00,1,85,85047,1,1,2,2,Rd 948,46.832848,-1.8228252
202300011393,21,10,2023,2025-12-05 12:50:00,1,85,85182,1,1,2,6,Rd 43,46.79006,-0.832406
202300011394,21,10,2023,2025-12-05 15:00:00,1,48,48002,1,1,1,6,D809,44.872401,3.25044
202300011395,20,10,2023,2025-12-05 21:45:00,3,24,24331,1,1,2,6,Route Henri De Navarre,44.785125,0.393705
202300011396,9,10,2023,2025-12-05 09:45:00,1,6,6152,2,1,1,6,18 Boulevard Carnot,43.64242,7.009166
202300011397,20,10,2023,2025-12-05 16:05:00,1,72,72105,1,1,3,2,A11,48.17374399,0.75320005
202300011398,20,10,2023,2025-12-05 20:30:00,3,51,51569,1,1,3,5,A4 - Pk130+950 Sens Paris Vers Metz,49.24654388,3.93545998
202300011399,21,10,2023,2025-12-05 08:15:00,2,62,62476,1,1,1,3,A1,50.355866,2.955494
202300011400,26,8,2023,2025-12-05 08:05:00,1,988,98822,1,3,1,6,Tribu D'Ina - Cr13/Rt3,-20.938815,165.357971
202300011401,20,10,2023,2025-12-05 15:00:00,1,976,97607,2,9,1,2,"Route De L'Est , Hajangoua",-12.862996,45.198033
202300011402,21,10,2023,2025-12-05 01:15:00,3,974,97422,1,1,5,6,Route Nat 3 Pr 32 + 800,-21.185507,55.579845
202300011403,19,10,2023,2025-12-05 17:30:00,2,974,97420,2,1,8,2,Rue Raymond Verges,-20.937232,55.63814
202300011404,20,10,2023,2025-12-05 10:35:00,1,33,33535,2,1,3,6,Avenue Des Bons Enfants,44.841751,-0.44765
202300011405,21,10,2023,2025-12-05 09:00:00,1,45,45155,2,1,1,6,Parking Auchan,47.689081,2.621194
202300011406,19,10,2023,2025-12-05 09:12:00,1,77,77466,1,1,1,1,Rue De La Foret,48.820909,2.891142
202300011407,20,10,2023,2025-12-05 16:15:00,1,30,30128,1,1,2,1,D14,43.711525,4.368031
202300011408,20,10,2023,2025-12-05 23:15:00,5,13,13086,2,1,1,7,D96,43.352064,5.605195
202300011409,14,10,2023,2025-12-05 14:30:00,1,21,21699,1,1,1,7,Route Departementale 905,47.202999,5.343797
202300011410,20,10,2023,2025-12-05 13:40:00,1,38,38317,2,1,8,6,Place Du 8 Mai 1945,45.123263,5.697763
202300011411,20,10,2023,2025-12-05 11:55:00,1,33,33449,2,6,3,6,Avenue Anatole France,44.893804,-0.74721
202300011412,20,10,2023,2025-12-05 07:15:00,3,85,85119,2,1,2,6,Rue Du Stade,46.966542,-1.120939
202300011413,20,10,2023,2025-12-05 18:50:00,3,60,60065,1,1,2,2,Rue Du Moulin De Conflans,49.340894,2.209128
202300011414,21,10,2023,2025-12-05 01:30:00,3,60,60542,1,1,1,6,D513,49.414387,2.191687
202300011415,20,10,2023,2025-12-05 09:55:00,1,2,2596,1,9,2,6,Route De Nogent,48.963441,3.291682
202300011416,20,10,2023,2025-12-05 19:00:00,3,59,59619,1,9,2,3,D951,50.258301,3.661736
202300011417,20,10,2023,2025-12-05 05:50:00,3,13,13085,1,1,3,7,A50-Sens Toulon Vers Aubagne,43.2438,5.5951
202300011418,20,10,2023,2025-12-05 00:55:00,3,33,33013,1,1,2,6,Route Nationale 89,44.86862814,-0.49783677
202300011419,18,10,2023,2025-12-05 17:51:00,1,33,33192,1,1,1,3,Rocade A 630,44.78946,-0.61969
202300011420,14,10,2023,2025-12-05 10:03:00,1,59,59606,1,1,1,6,Autoroute A23,50.36328,3.48473
202300011421,20,10,2023,2025-12-05 18:00:00,1,91,91286,1,1,1,2,Autoroute A6,48.65571,2.37873
202300011422,3,2,2023,2025-12-05 11:25:00,1,59,59123,1,1,1,5,D41,50.496149,3.007894
202300011423,20,10,2023,2025-12-05 18:45:00,3,91,91347,1,1,3,2,Rn 104,48.622681,2.289647
202300011424,8,2,2023,2025-12-05 08:05:00,1,6,6033,2,1,1,6,13 Rue De La Beilouno,43.776621,7.189925
202300011425,8,2,2023,2025-12-05 09:00:00,1,83,83054,2,3,1,6,Avenue Gaspard Monge,43.164716,6.041145
202300011426,8,2,2023,2025-12-05 15:40:00,1,57,57329,2,1,1,6,Rue Du Marechal Foch,49.261486,6.495763
202300011427,20,10,2023,2025-12-05 07:52:00,2,94,94038,1,1,2,4,A6A,48.77222023,2.34575745
202300011428,8,2,2023,2025-12-05 07:37:00,1,59,59159,1,1,9,1,D300,50.968275,2.228975
202300011429,20,10,2023,2025-12-05 08:11:00,2,91,91645,1,1,2,2,Rn 385,48.75976855,2.2622524
202300011430,7,2,2023,2025-12-05 13:20:00,1,67,67434,2,1,1,7,30 Rue Du Marechal Foch,48.941503,7.084435
202300011431,20,10,2023,2025-12-05 08:10:00,1,92,92063,1,1,2,6,A86,48.89000239,2.17016741
202300011432,7,2,2023,2025-12-05 18:45:00,2,80,80196,1,1,1,3,D53,49.981006,1.83594
202300011433,8,2,2023,2025-12-05 13:25:00,1,55,55065,2,1,1,6,21 Route De Varennes,49.197756,5.041702
202300011434,19,10,2023,2025-12-05 22:15:00,5,92,92050,1,1,1,3,A14,48.89453775,2.22945678
202300011435,7,2,2023,2025-12-05 16:30:00,1,49,49160,1,3,7,3,D723,47.408868,-0.942646
202300011436,19,10,2023,2025-12-05 14:10:00,1,78,78640,1,9,1,6,A86 Int,48.780536,2.180044
202300011437,7,2,2023,2025-12-05 18:00:00,3,12,12208,1,1,1,1,D50,43.98208466,2.90252388
202300011438,8,2,2023,2025-12-05 14:30:00,1,46,46028,1,1,1,6,D 803,44.931874,1.757469
202300011439,19,10,2023,2025-12-05 08:25:00,1,78,78545,1,1,2,4,A12 Y,48.810346,2.055613
202300011440,1,2,2023,2025-12-05 21:40:00,5,47,47179,2,1,1,7,Avenue De La Gare,44.484761,0.943483
202300011441,6,2,2023,2025-12-05 20:10:00,5,34,34079,2,1,1,7,4 Rue Descartes,43.634938,3.433995
202300011442,19,10,2023,2025-12-05 08:00:00,1,78,78090,1,1,2,5,A13,48.970326,1.902646
202300011443,7,2,2023,2025-12-05 15:30:00,1,22,22250,2,1,1,6,Pont Neuf,48.701253,-3.160374
202300011444,7,2,2023,2025-12-05 17:00:00,1,29,29259,2,1,1,7,Lieu Dit Penarth,48.683538,-3.959091
202300011445,18,10,2023,2025-12-05 20:45:00,3,78,78466,1,1,2,4,A13,48.91954,2.004711
202300011446,7,2,2023,2025-12-05 08:00:00,2,29,29044,1,1,9,7,D60 Pr 4+400,48.22265,-4.171548
202300011447,5,2,2023,2025-12-05 17:50:00,1,84,84123,1,1,1,7,Cd 30 Route De St Christol,44.064705,5.469668
202300011448,18,10,2023,2025-12-05 17:18:00,2,78,78640,1,1,2,3,N118,48.778668,2.222551
202300011449,20,10,2023,2025-12-05 14:15:00,1,93,93053,1,1,1,4,Autoroute A3,48.88065,2.45189
202300011450,6,2,2023,2025-12-05 06:32:00,3,66,66125,1,1,1,6,Adresse_Inconnue,42.561163,2.2879111
202300011451,7,2,2023,2025-12-05 11:15:00,1,6,6103,2,2,1,6,14 Avenue Philippe Corniglion,44.011691,7.307552
202300011452,20,10,2023,2025-12-05 09:45:00,1,92,92036,1,1,2,2,Autoroute A15,48.94920532,2.28069842
202300011453,14,1,2023,2025-12-05 16:00:00,1,14,14098,1,1,2,1,D83,49.20497674,-0.51028369
202300011454,5,2,2023,2025-12-05 16:30:00,1,7,7193,1,1,1,1,Route De Prunet,44.579407,4.279926
202300011455,8,2,2023,2025-12-05 06:00:00,5,27,27125,2,1,8,6,Rue Jules Quatrenoix,49.190181,0.752349
202300011456,20,10,2023,2025-12-05 06:55:00,3,93,93027,1,1,3,4,Autoroute A86,48.92739,2.40738
202300011457,15,1,2023,2025-12-05 20:15:00,3,87,87028,1,1,9,6,Rd 942,46.23093,0.919794
202300011458,19,10,2023,2025-12-05 22:10:00,3,92,92036,1,1,2,5,Autoroute A15,48.94815749,2.28119607
202300011459,8,2,2023,2025-12-05 11:20:00,1,68,68266,1,9,1,3,Rue De Munchhouse,47.892305,7.376032
202300011460,6,2,2023,2025-12-05 18:57:00,3,73,73151,1,1,1,2,A41,45.471813,6.017224
202300011461,6,2,2023,2025-12-05 02:40:00,3,1,1274,1,1,1,6,Autoroute A40 - Pk 115+200 - Sens Geneve-Macon,46.160847,5.652444
202300011462,19,10,2023,2025-12-05 04:25:00,3,93,93063,1,1,1,5,Autoroute A3,48.87973,2.44963
202300011463,4,2,2023,2025-12-05 05:02:00,3,1,1373,1,1,1,3,A40 Pk 123+300 Direction Geneve,46.127395,5.565844
202300011464,20,10,2023,2025-12-05 06:10:00,3,77,77146,1,1,2,6,A4,48.83225661,2.66501136
202300011465,8,2,2023,2025-12-05 16:40:00,1,37,37003,1,2,1,3,Grande Allee De Jumeaux (Chemin),47.376471,1.041105
202300011466,5,2,2023,2025-12-05 06:15:00,3,59,59010,1,1,3,5,Autoroute A26,50.163484,3.103981
202300011467,20,8,2023,2025-12-05 22:58:00,5,69,69386,2,1,1,1,Quai Charles De Gaulle,45.77678961,4.84378919
202300011468,8,2,2023,2025-12-05 06:45:00,1,973,97305,1,1,1,3,Route Nationale 1,4.989607,-52.448859
202300011469,7,2,2023,2025-12-05 22:10:00,3,37,37088,1,1,1,6,Rd 751 - Lieu Dit Les Vauclous,47.198208,0.092067
202300011470,20,8,2023,2025-12-05 05:20:00,5,69,69387,2,2,1,3,Avenue Jean Jaures,45.7451,4.84185
202300011471,7,2,2023,2025-12-05 15:50:00,1,2B,2B029,2,1,1,1,Lieu Dit Piazze,42.689291,9.378411
202300011472,8,2,2023,2025-12-05 16:40:00,1,2A,2A247,1,1,2,5,Rt10,41.637569,9.293956
202300011473,20,8,2023,2025-12-05 01:10:00,5,77,77379,1,3,1,1,29 Eme Dragons (Place Du),48.565509,3.300588
202300011474,5,2,2023,2025-12-05 13:00:00,1,34,34299,2,6,1,7,30 Avenue Georges Pompidou,43.26906824,3.27500671
202300011475,5,2,2023,2025-12-05 08:30:00,2,83,83104,1,1,1,7,D3,43.58995,5.748103
202300011476,20,8,2023,2025-12-05 21:27:00,5,74,74008,2,3,1,1,Martiniere (Rue De La),46.19937,6.22544
202300011477,8,2,2023,2025-12-05 16:45:00,1,73,73284,1,1,1,1,D117,45.47027,6.522581
202300011478,20,8,2023,2025-12-05 02:20:00,5,69,69259,2,2,1,3,Rue Francisco Ferrer,45.72123,4.89078
202300011479,7,2,2023,2025-12-05 16:55:00,2,73,73006,1,1,1,5,N90,45.550119,6.625599
202300011480,19,8,2023,2025-12-05 19:55:00,1,65,65440,2,1,1,6,Marcadieu (Place),43.23141312,0.0841763
202300011481,7,2,2023,2025-12-05 16:55:00,1,33,33366,1,1,1,1,D10E1,45.008952,-0.420189
202300011482,19,8,2023,2025-12-05 14:05:00,1,35,35238,2,2,1,3,Toullier,48.10939,-1.67396
202300011483,8,2,2023,2025-12-05 01:00:00,5,44,44172,2,1,1,2,146 Route De Paris,47.2660638,-1.4872473
202300011484,7,2,2023,2025-12-05 17:10:00,2,29,29124,2,6,1,3,Rue De La Liberation,48.572738,-4.316554
202300011485,3,6,2023,2025-12-05 11:10:00,1,19,19275,2,4,1,2,R.D. 45,45.53843901,2.32655883
202300011486,8,2,2023,2025-12-05 15:20:00,1,59,59482,2,1,1,6,Rue De Warneton,50.713504,2.99919
202300011487,7,2,2023,2025-12-05 18:20:00,2,13,13081,1,1,1,3,A7-Sens Lyon Vers Marseille,43.48881066,5.24058515
202300011488,2,2,2023,2025-12-05 20:10:00,5,69,69297,1,9,1,3,Autoroute 47,45.58805,4.7874
202300011489,24,7,2023,2025-12-05 01:25:00,3,13,13040,1,1,1,1,D96 - Pk.23.100,43.466189,5.544995
202300011490,5,2,2023,2025-12-05 12:15:00,1,57,57672,1,1,1,2,Autoroute A31,49.39335,6.11054
202300011491,7,2,2023,2025-12-05 14:50:00,1,91,91589,1,1,1,2,Autoroute A6,48.67395,2.3426
202300011492,19,10,2023,2025-12-05 05:50:00,2,974,97416,1,1,1,7,Entre Deux (Chemin) Cd26,-21.29732,55.43975
202300011493,7,2,2023,2025-12-05 18:59:00,3,78,78466,1,1,1,4,A13,48.928364,1.989032
202300011494,19,10,2023,2025-12-05 07:15:00,5,69,69386,2,2,3,1,Rue Louis Blanc,45.76458,4.84689
202300011495,7,2,2023,2025-12-05 18:30:00,3,78,78640,1,1,1,3,Rn12 Int,48.781593,2.167368
202300011496,7,2,2023,2025-12-05 09:05:00,1,92,92023,1,1,1,6,Rn385,48.77653794,2.23443726
202300011497,7,2,2023,2025-12-05 08:05:00,2,92,92064,1,1,1,7,A13,48.83978058,2.20456477
202300011498,19,10,2023,2025-12-05 06:20:00,4,69,69388,2,1,2,1,Rue Feuillat,45.74378,4.87436
202300011499,19,10,2023,2025-12-05 20:20:00,5,69,69384,2,1,2,6,47 Rue Philippe De Lassalle,45.78046,4.82053
202300011500,6,2,2023,2025-12-05 17:00:00,5,92,92050,1,1,1,4,A86,48.90687,2.21143
202300011501,18,10,2023,2025-12-05 13:10:00,1,69,69389,2,2,2,3,Rue Gorge De Loup,45.76942,4.80096
202300011502,6,2,2023,2025-12-05 20:30:00,5,75,75105,2,2,1,6,Rue Des Ecoles,48.849918,2.343608
202300011503,6,2,2023,2025-12-05 19:00:00,5,75,75120,2,1,1,6,Rue Des Pyrenees,48.859622,2.401553
202300011504,19,10,2023,2025-12-05 21:54:00,5,2B,2B033,2,9,1,3,Av De La Liberation,42.68394,9.44472
202300011505,6,2,2023,2025-12-05 09:40:00,1,75,75117,2,1,1,3,Avenue De Wagram,48.876949,2.297244
202300011506,19,10,2023,2025-12-05 16:25:00,1,971,97113,2,1,1,6,Montauban (Secteur),16.21335592,-61.5007782
202300011507,6,2,2023,2025-12-05 10:20:00,1,75,75116,2,1,1,3,Avenue Georges Mandel,48.863307,2.283416
202300011508,19,10,2023,2025-12-05 15:35:00,1,971,97101,1,1,3,6,Rn11,16.27675,-61.52171
202300011509,6,2,2023,2025-12-05 13:45:00,1,75,75115,2,3,1,6,Rue De Sevres,48.84611,2.314235
202300011510,19,10,2023,2025-12-05 08:10:00,1,971,97113,1,1,1,3,Rn4 - Section Riviera,16.20911,-61.47114
202300011511,14,10,2023,2025-12-05 13:30:00,1,971,97101,2,9,9,6,Providence,16.2716,-61.51673
202300011512,6,2,2023,2025-12-05 09:50:00,1,75,75115,2,2,1,6,Avenue De La Porte De Sevres,48.836045,2.278178
202300011513,19,10,2023,2025-12-05 18:15:00,1,95,95585,2,3,1,3,Fernand Leger (Rue),48.99323,2.38297
202300011514,5,2,2023,2025-12-05 17:45:00,1,75,75115,2,2,1,3,Rue De Lourmel,48.843764,2.286359
202300011515,19,10,2023,2025-12-05 07:50:00,2,91,91339,2,1,8,6,Av Georges Boillot,48.62584,2.25957