num_acc,jour,mois,an,hrmn,lum,dep,com,agg,int,atm,col,adr,lat,long
202300011516,5,2,2023,2025-12-05 14:55:00,1,75,75114,2,2,1,3,Avenue Paul Vaillant Couturier,48.816778,2.334941
202300011517,18,10,2023,2025-12-05 22:47:00,5,91,91425,2,1,2,2,Rte Departementale 133,48.64701,2.27664
202300011518,6,2,2023,2025-12-05 16:30:00,1,75,75113,2,3,1,3,Avenue De France,48.832663,2.374604
202300011519,6,2,2023,2025-12-05 09:10:00,1,75,75113,2,3,1,2,Quai Francois Mauriac,48.832948,2.378733
202300011520,18,10,2023,2025-12-05 15:00:00,1,89,89387,2,9,2,6,Senigallia (Avenue De),48.187,3.285
202300011521,6,2,2023,2025-12-05 07:50:00,5,75,75112,2,5,1,5,Avenue Du General Michel Bizot,48.834653,2.400763
202300011522,18,10,2023,2025-12-05 12:15:00,1,89,89387,2,3,1,6,Pont Neuf (Boulevard Du),48.204,3.271
202300011523,6,2,2023,2025-12-05 16:50:00,1,75,75111,2,3,1,3,Avenue Parmentier,48.861148,2.377883
202300011524,6,2,2023,2025-12-05 08:03:00,2,75,75110,2,2,1,3,Rue La Fayette,48.87852,2.354044
202300011525,18,10,2023,2025-12-05 19:00:00,2,87,87085,2,3,1,3,Briand (Rue Aristide),45.83733,1.2664
202300011526,6,2,2023,2025-12-05 12:30:00,1,75,75107,2,3,1,7,Quai D Orsay,48.862371,2.309654
202300011527,18,10,2023,2025-12-05 18:23:00,1,87,87085,2,1,1,2,Armand (Ave Z.A.C,45.86743,1.26903
202300011528,6,2,2023,2025-12-05 01:45:00,5,75,75102,2,2,1,6,Boulevard Des Italiens,48.871978,2.339998
202300011529,18,10,2023,2025-12-05 17:24:00,1,87,87065,1,1,1,7,Boisseuil (Rue De),45.79577,1.3267
202300011530,6,2,2023,2025-12-05 16:58:00,1,94,94078,2,2,1,3,Rue Thimonnier / Rue Guynemer,48.750826,2.446788
202300011531,6,2,2023,2025-12-05 08:10:00,2,94,94077,2,2,1,3,Avenue Victor Hugo,48.7325,2.41824
202300011532,18,10,2023,2025-12-05 11:07:00,1,87,87085,2,1,2,6,Baudin ( Avenue) (Vc),45.81198739,1.24345027
202300011533,6,2,2023,2025-12-05 15:35:00,1,94,94070,2,9,1,3,Route De Paris,48.719882,2.566347
202300011534,18,10,2023,2025-12-05 13:39:00,1,87,87085,2,6,1,7,Rouget De Lisle (Rue),45.8162,1.27928
202300011535,6,2,2023,2025-12-05 11:30:00,1,93,93078,2,6,1,2,Avenue Georges Clemenceau,48.96084017,2.5562489
202300011536,18,10,2023,2025-12-05 12:19:00,1,87,87075,1,3,1,6,Bouleaux (Rue Des),45.80365,1.18883
202300011537,6,2,2023,2025-12-05 12:35:00,1,93,93077,2,2,7,3,Avenue Gustave Rodet / Avenue Du General Leclerc,48.88569,2.51182
202300011538,6,2,2023,2025-12-05 09:30:00,1,93,93053,2,3,1,6,Rue De Brement / Rue Pierre Brossolette,48.8891,2.45484
202300011539,6,2,2023,2025-12-05 20:45:00,5,93,93074,2,1,1,3,Rue De Meaux,48.93493,2.56887
202300011540,6,2,2023,2025-12-05 09:45:00,1,92,92075,2,2,1,3,Jacques Jezequel (Avenue),48.81871,2.29169
202300011541,6,2,2023,2025-12-05 11:50:00,1,92,92064,2,1,1,6,Francis Chaveton,48.85943,2.20961
202300011542,18,10,2023,2025-12-05 16:54:00,1,84,84035,1,1,8,2,Vigneres-Rd98 (Route Des),43.86317,5.02108
202300011543,6,2,2023,2025-12-05 20:37:00,5,92,92049,2,1,1,3,Jaures Avenue Jean Ndeg53 A Fin,48.81186965,2.30385929
202300011544,6,2,2023,2025-12-05 16:50:00,1,92,92040,2,2,1,3,Pont D Issy,48.82985459,2.26079777
202300011545,19,10,2023,2025-12-05 06:50:00,5,83,83137,2,6,1,3,Pont De Bois (Chemin Du),43.13196,5.90431
202300011546,6,2,2023,2025-12-05 20:05:00,3,92,92025,2,3,1,1,Stalingrad (Av De),48.931725,2.266606
202300011547,6,2,2023,2025-12-05 12:25:00,1,92,92025,2,3,1,3,Stalingrad (Av De),48.928282,2.270236
202300011548,18,10,2023,2025-12-05 22:21:00,5,83,83137,2,2,1,3,Joffre (Bd Marechal),43.12346,5.94811
202300011549,6,2,2023,2025-12-05 10:30:00,1,92,92023,2,2,1,3,Coquelicots (Rue Des),48.79213,2.25944
202300011550,17,10,2023,2025-12-05 18:10:00,1,83,83137,2,2,1,3,Juin (Ave Alphonse),43.12033726,5.94728708
202300011551,6,2,2023,2025-12-05 19:20:00,2,92,92012,2,1,1,7,Yves Kermen (Rue) 51/Fin - 40/Fin,48.82970989,2.2357741
202300011552,17,10,2023,2025-12-05 20:30:00,5,78,78133,2,9,1,3,Mantes (Route De),48.90964,2.03433
202300011553,4,2,2023,2025-12-05 15:50:00,1,62,62812,2,1,1,6,Rue De Cloquant,50.624665,2.065467
202300011554,4,2,2023,2025-12-05 21:00:00,3,988,98812,2,1,1,6,Rt1,-20.56283,164.28656
202300011555,7,2,2023,2025-12-05 06:00:00,3,77,77235,1,1,1,2,Pk 58.700 - Autoroute A4,48.982414,3.079433
202300011556,21,1,2023,2025-12-05 04:45:00,3,51,51592,1,1,1,7,D1,49.101114,3.740394
202300011557,6,2,2023,2025-12-05 16:05:00,1,59,59067,2,1,1,6,Rue Du 16 Septembre 1944,50.969103,2.435843
202300011558,19,10,2023,2025-12-05 13:30:00,1,77,77284,2,1,7,6,D603,48.9574,2.89691
202300011559,3,2,2023,2025-12-05 19:10:00,5,71,71578,2,1,1,5,Route Nationale (Clux),46.963627,5.173863
202300011560,18,10,2023,2025-12-05 14:50:00,1,76,76351,2,3,2,6,Frere Constance,49.49022105,0.10063836
202300011561,5,2,2023,2025-12-05 06:00:00,3,62,62717,1,1,1,2,D939,50.366841,2.371062
202300011562,6,2,2023,2025-12-05 16:15:00,1,91,91600,1,1,1,7,Route Forestiere De Soisy (Chemin),48.659427,2.456077
202300011563,13,10,2023,2025-12-05 15:10:00,1,71,71270,2,2,1,3,Carf Rue Des Lilas-Rue Des Anemones,46.30976,4.82687
202300011564,7,2,2023,2025-12-05 08:45:00,1,2B,2B319,1,1,1,4,Penticchie,42.430946,9.523392
202300011565,6,2,2023,2025-12-05 21:35:00,2,11,11255,1,1,1,2,Adresse_Inconnue,43.18517272,2.92986638
202300011566,19,10,2023,2025-12-05 08:10:00,1,71,71059,1,1,8,7,R.D 290,46.79074,4.4811
202300011567,7,2,2023,2025-12-05 10:15:00,1,89,89419,2,9,7,6,Avenue Du General De Gaulle,47.721666,3.313205
202300011568,18,10,2023,2025-12-05 14:00:00,1,71,71076,2,1,1,3,134 Eme Ri  (Rue),46.78974,4.84317
202300011569,6,2,2023,2025-12-05 17:15:00,1,35,35039,2,1,1,3,Clos De La Hache,48.107352,-1.484656
202300011570,4,2,2023,2025-12-05 14:45:00,1,35,35096,1,3,1,1,L?Epine,48.0634,-1.36489
202300011571,6,2,2023,2025-12-05 22:45:00,3,35,35116,1,1,1,6,Zone Artisanale De La Folleville,48.583957,-1.832351
202300011572,20,10,2023,2025-12-05 01:15:00,5,69,69264,2,6,3,6,Avenue De L'Europe,45.99506,4.74152
202300011573,5,2,2023,2025-12-05 05:45:00,3,29,29017,2,1,1,6,Rue De Plourin,48.47827,-4.716053
202300011574,6,2,2023,2025-12-05 14:18:00,1,29,29190,1,3,1,2,Route De Brest,48.358238,-4.70776
202300011575,18,10,2023,2025-12-05 10:20:00,1,69,69290,2,9,2,2,Route De Lyon,45.7047,4.91286
202300011576,6,2,2023,2025-12-05 17:50:00,1,2,2173,2,6,1,3,22 Place Du Brouage,49.614846,3.21393
202300011577,18,10,2023,2025-12-05 11:15:00,1,69,69388,2,1,2,2,Avenue Jean Mermoz,45.73068,4.88673
202300011578,6,2,2023,2025-12-05 14:36:00,1,83,83011,1,9,1,3,Route De Claviers,43.61819,6.557497
202300011579,18,10,2023,2025-12-05 18:50:00,2,67,67482,2,3,3,3,Charles Peguy (Rue),48.58657,7.70368
202300011580,7,2,2023,2025-12-05 02:20:00,3,45,45148,2,1,1,6,D2007 Pr 8 + 944,48.084229,2.769172
202300011581,18,10,2023,2025-12-05 17:15:00,1,67,67482,2,1,2,6,Ancienne Ecole (Rue De L ),48.561578,7.763755
202300011582,11,1,2023,2025-12-05 19:15:00,3,64,64282,1,1,2,1,Route Des Cimes,43.419419,-1.414146
202300011583,6,2,2023,2025-12-05 20:50:00,3,18,18204,1,1,1,7,Adresse_Inconnue,46.935287,2.551768
202300011584,17,10,2023,2025-12-05 20:10:00,5,67,67043,2,9,1,3,Maires Schaub (Rue Des),48.61443,7.76393
202300011585,7,2,2023,2025-12-05 11:45:00,1,7,7295,1,1,1,7,Rd120,44.816748,4.602585
202300011586,7,2,2023,2025-12-05 09:50:00,1,4,4001,1,1,9,6,Rn 85,44.052546,6.15185
202300011587,19,10,2023,2025-12-05 20:50:00,5,62,62771,2,2,1,6,Avenue De La Fosse 4,50.41797,2.86679
202300011588,6,2,2023,2025-12-05 16:40:00,1,85,85095,2,1,1,3,58 Rue De L'Ocean,46.869177,-1.759272
202300011589,19,10,2023,2025-12-05 20:41:00,5,62,62637,2,1,1,3,Rue Des 80 Fusilles,50.47065,2.98432
202300011590,6,2,2023,2025-12-05 16:50:00,1,87,87151,1,1,1,6,D15,45.680355,1.292996
202300011591,7,2,2023,2025-12-05 08:15:00,1,30,30083,1,1,1,6,Route Du Grau Du Roi,43.719753,4.223417
202300011592,18,10,2023,2025-12-05 10:05:00,1,62,62193,2,1,1,2,Rue De Toul,50.94069472,1.84536213
202300011593,7,2,2023,2025-12-05 06:30:00,3,34,34240,1,1,3,4,A709 Pk 005+300,43.642224,3.974008
202300011594,19,10,2023,2025-12-05 22:35:00,3,62,62400,2,1,8,7,D86,50.46967785,2.57193768
202300011595,19,10,2023,2025-12-05 15:30:00,1,59,59346,2,1,1,6,Couturier Paul-Vaillant Rue,50.61418,3.11302
202300011596,7,2,2023,2025-12-05 10:15:00,1,988,98821,2,1,1,6,Rue Du Notou,-22.119582,166.367538
202300011597,6,2,2023,2025-12-05 18:00:00,2,45,45229,1,2,1,3,1 Rue De Montbouy,47.850132,2.747827
202300011598,18,10,2023,2025-12-05 21:10:00,5,56,56098,2,3,2,7,73 Avenue Ambroise Croizat,47.77522,-3.34622
202300011599,6,2,2023,2025-12-05 16:30:00,1,68,68309,2,1,1,2,60 Rue Poincare,47.66348,7.44578
202300011600,18,10,2023,2025-12-05 20:25:00,3,56,56121,2,1,2,7,Rue Amiral De Spitz,47.76334,-3.37016
202300011601,31,1,2023,2025-12-05 17:30:00,5,69,69121,2,9,1,6,73 Route De Lyon,45.85498885,4.68118503
202300011602,6,2,2023,2025-12-05 09:10:00,1,69,69204,2,6,1,3,Chemin Du Grand Revoyet,45.695985,4.807227
202300011603,18,10,2023,2025-12-05 18:16:00,1,56,56121,2,1,1,2,Rue Rene Lote,47.77234,-3.40456
202300011604,5,2,2023,2025-12-05 08:45:00,1,69,69204,2,1,1,1,16 Route Du Millenaire,45.67300376,4.78897461
202300011605,4,2,2023,2025-12-05 11:37:00,1,9,9108,1,1,1,6,1 La Materette,43.021714,1.366392
202300011606,19,10,2023,2025-12-05 22:20:00,5,54,54395,2,1,2,6,Rue Alfred Krug,48.68213,6.20309
202300011607,5,2,2023,2025-12-05 18:30:00,5,44,44094,1,1,1,7,Quai Des Mariniers,47.29434565,-1.38331309
202300011608,5,2,2023,2025-12-05 15:30:00,1,60,60024,1,1,1,7,D60,49.408404,2.681694
202300011609,18,10,2023,2025-12-05 13:40:00,1,54,54395,2,1,1,6,Rue Jeanne D'Arc,48.68894,6.17018
202300011610,6,2,2023,2025-12-05 09:00:00,1,59,59636,1,1,1,6,Route Departementale 652,50.68203,3.06081
202300011611,6,2,2023,2025-12-05 08:30:00,1,91,91340,1,1,1,3,Rn 104,48.60835,2.4352
202300011612,19,10,2023,2025-12-05 06:50:00,3,54,54580,2,4,1,3,Rue De Verdun,49.46501,5.93347
202300011613,6,2,2023,2025-12-05 10:45:00,1,78,78571,1,1,1,6,A13,48.873995,2.02405
202300011614,18,10,2023,2025-12-05 21:20:00,5,51,51454,2,2,2,6,Buirette (Rue),49.25452,4.02538
202300011615,6,2,2023,2025-12-05 07:50:00,2,78,78206,1,1,1,2,A13,48.945517,1.948973
202300011616,18,10,2023,2025-12-05 11:40:00,1,50,50129,2,1,3,1,Lansonneur (Rue Louis),49.61981,-1.62029
202300011617,5,2,2023,2025-12-05 13:47:00,1,92,92036,1,1,1,4,A86,48.93408555,2.27788505
202300011618,16,10,2023,2025-12-05 08:20:00,1,50,50129,2,2,1,3,Leclerc (Rue Du General),49.64748,-1.65086
202300011619,4,2,2023,2025-12-05 11:50:00,1,93,93027,1,1,2,2,Autoroute A86,48.9247,2.39135
202300011620,18,10,2023,2025-12-05 16:35:00,1,49,49007,2,1,2,6,Romanerie Boulevard,47.48599,-0.51193
202300011621,27,10,2023,2025-12-05 07:45:00,5,47,47001,2,2,3,3,Gambetta (Cours),44.20025,0.61188
202300011622,20,10,2023,2025-12-05 16:50:00,1,47,47001,2,3,2,6,Barbusse (Av. Henri),44.20546098,0.62859071
202300011623,4,2,2023,2025-12-05 20:45:00,5,94,94017,1,1,1,4,A4,48.82664869,2.5137924
202300011624,19,10,2023,2025-12-05 14:50:00,1,45,45147,2,1,1,6,Rue Louis Labonne,47.9266,1.9077
202300011625,4,2,2023,2025-12-05 18:40:00,3,94,94028,1,1,2,4,N406,48.78200276,2.44056815
202300011626,10,10,2023,2025-12-05 10:40:00,1,42,42187,2,6,1,3,Boulevard Baron Du Marais,46.04356,4.06763
202300011627,5,2,2023,2025-12-05 06:00:00,3,73,73011,1,1,1,6,N90,45.66123,6.38316
202300011628,5,2,2023,2025-12-05 22:15:00,3,974,97411,1,9,1,7,Doro (Chemin),-20.92239,55.40272
202300011629,5,2,2023,2025-12-05 16:30:00,1,974,97411,2,1,1,3,Digue (Route),-20.89186,55.4706
202300011630,19,10,2023,2025-12-05 12:00:00,1,37,37261,2,6,1,7,Maginot (Av. Andre),47.4186,0.69269
202300011631,5,2,2023,2025-12-05 14:45:00,1,974,97411,2,1,1,3,Notre Dame De La Trinite (Boulevard),-20.89647,55.46698
202300011632,19,10,2023,2025-12-05 08:45:00,1,37,37261,2,1,1,6,Alouette (Avenue),47.3638,0.69952
202300011633,19,10,2023,2025-12-05 07:50:00,1,37,37261,2,1,2,2,Portillon (Quai De),47.40095,0.68492
202300011634,5,2,2023,2025-12-05 10:30:00,1,974,97411,2,1,1,6,Doret 1 (Boulevard),-20.8901,55.46148
202300011635,4,2,2023,2025-12-05 23:20:00,3,973,97309,1,1,3,1,Tigre (Route Du),4.91356487,-52.30847239
202300011636,19,10,2023,2025-12-05 13:00:00,1,35,35238,2,6,3,7,Fougeres (Rue De),48.12755,-1.65134
202300011637,5,2,2023,2025-12-05 15:30:00,1,972,97209,2,1,1,1,Chateauboeuf (Route De),14.62045,-61.04345
202300011638,4,2,2023,2025-12-05 13:20:00,1,972,97209,2,1,1,6,Abbe Lavigne (Avenue),14.612398,-61.07171
202300011639,19,10,2023,2025-12-05 10:35:00,1,35,35051,1,1,2,6,Longchamps (Porte Des),48.14168294,-1.62781656
202300011640,25,1,2023,2025-12-05 08:45:00,1,69,69149,2,1,1,7,34 Rue Narcisse Bertholey,45.71555552,4.80471163
202300011641,4,2,2023,2025-12-05 18:10:00,2,69,69389,2,1,1,3,10Bis Rue Saint Simon,45.7794,4.79914
202300011642,19,10,2023,2025-12-05 07:45:00,2,35,35238,2,6,8,2,Pays-Bas (Avenue Des),48.08661,-1.66107
202300011643,5,2,2023,2025-12-05 04:51:00,4,90,90010,2,1,2,7,France Boulevard Anatole ),47.639473,6.839239
202300011644,18,10,2023,2025-12-05 20:15:00,5,35,35238,2,9,2,6,Vern (De),48.09294,-1.64758
202300011645,5,2,2023,2025-12-05 04:20:00,5,76,76484,1,6,1,6,D18 E,49.34553641,1.07718945
202300011646,18,10,2023,2025-12-05 08:15:00,2,34,34108,1,1,1,5,Rd 612,43.42068,3.73614
202300011647,5,2,2023,2025-12-05 02:15:00,5,76,76540,2,2,1,3,Avenue De Bretagne,49.43329,1.08529
202300011648,5,2,2023,2025-12-05 12:30:00,1,69,69259,2,1,1,2,16 Allee Picard,45.70700984,4.86515327
202300011649,5,2,2023,2025-12-05 08:37:00,1,59,59367,2,1,8,7,Catinat (Rue),50.67363581,3.20262194
202300011650,19,10,2023,2025-12-05 19:35:00,5,33,33063,2,2,2,3,Rue Lucien Faure,44.86593,-0.5611
202300011651,5,2,2023,2025-12-05 14:30:00,1,59,59009,2,2,1,3,Fusilles Rue Des Du Ndeg 2-110,50.61906,3.14224
202300011652,19,10,2023,2025-12-05 17:35:00,2,33,33063,2,3,1,3,Boulevard Du President Wilson,44.83771,-0.59909
202300011653,5,2,2023,2025-12-05 13:05:00,1,51,51230,2,1,1,3,Rue Gallice,49.04121104,3.95319253
202300011654,10,10,2023,2025-12-05 14:45:00,1,29,29254,1,1,1,6,Rn12,48.58699116,-3.8478934
202300011655,3,2,2023,2025-12-05 18:20:00,2,50,50129,2,9,1,3,Salengro (Rue Roger),49.62902,-1.64118
202300011656,5,2,2023,2025-12-05 02:15:00,3,45,45169,2,4,1,3,10 Rue Pierre Et Marie Curie,47.90067,1.85099
202300011657,19,10,2023,2025-12-05 12:03:00,1,29,29019,2,2,1,3,Avenue Victor Le Gorgeu,48.410203,-4.514802
202300011658,5,2,2023,2025-12-05 03:50:00,3,37,37195,1,1,1,1,Peripherique Ouest,47.3769,0.65231
202300011659,19,10,2023,2025-12-05 07:25:00,3,29,29019,2,3,2,3,Avenue De L'Ecole Navale,48.373521,-4.525603
202300011660,4,2,2023,2025-12-05 16:40:00,1,34,34172,2,3,1,3,527 Avenue Saint Clement,43.61805,3.84405
202300011661,4,2,2023,2025-12-05 16:45:00,1,31,31483,2,1,1,6,14Bis Av Du Pdt Francois Mitterrand,43.10964,0.72945
202300011662,18,10,2023,2025-12-05 16:35:00,1,28,28070,1,1,3,3,D823,48.46879,1.51855
202300011663,19,10,2023,2025-12-05 18:10:00,1,27,27701,1,9,2,6,Rd6015,49.2515,1.1851
202300011664,4,2,2023,2025-12-05 20:50:00,5,25,25462,1,1,2,1,Rocade G.Pompidou ( De 0 A 6),46.904964,6.33033
202300011665,19,10,2023,2025-12-05 08:15:00,1,27,27701,2,1,3,6,Village (Chaussee Du),49.261556,1.207388
202300011666,2,2,2023,2025-12-05 23:30:00,3,22,22187,2,1,1,6,Vieux Moulin (Rue Du),48.52352,-2.7528
202300011667,19,10,2023,2025-12-05 05:40:00,5,26,26362,2,1,2,3,Avenue De La Liberation,44.905,4.884
202300011668,3,2,2023,2025-12-05 19:45:00,5,13,13202,2,2,1,3,Anthoine (Rue D'),43.3165,5.36842
202300011669,19,10,2023,2025-12-05 13:15:00,1,25,25056,2,1,2,2,Ouest Boulevard,47.25391,5.99002
202300011670,5,2,2023,2025-12-05 15:50:00,1,13,13213,2,1,1,5,Saint Just (Avenue De),43.31522866,5.4036259
202300011671,19,10,2023,2025-12-05 10:40:00,1,25,25056,2,1,2,3,Char  Rue Rene,47.217484,5.949541
202300011672,5,2,2023,2025-12-05 13:30:00,1,13,13212,2,1,1,6,Poilus (Avenue Des),43.31392389,5.46293117
202300011673,18,10,2023,2025-12-05 14:03:00,1,19,19272,2,1,2,7,Chammard (Quai),45.26786606,1.77233827
202300011674,5,2,2023,2025-12-05 11:50:00,1,13,13208,2,6,1,3,Alain Savary (Rond-Point),43.246161,5.39458622
202300011675,5,2,2023,2025-12-05 14:30:00,1,7,7019,2,1,1,6,Lazuel ( Route De ),44.62603,4.37883
202300011676,5,2,2023,2025-12-05 19:00:00,5,6,6069,2,4,2,6,Rothschild (Boulevard Alice De),43.663709,6.927576
202300011677,20,10,2023,2025-12-05 00:35:00,5,13,13205,2,9,2,6,Jean Moulin (Boulevard),43.28678478,5.39988935
202300011678,5,2,2023,2025-12-05 05:25:00,5,1,1053,2,1,1,1,Leclerc (Bvd  Marechal Cote Pair),46.20656,5.21972
202300011679,3,2,2023,2025-12-05 22:20:00,5,91,91687,2,1,1,3,General De Gaulle (Avenue Du),48.67953,2.38124
202300011680,3,2,2023,2025-12-05 09:45:00,1,13,13028,2,1,1,6,Quinet (Rue Edgard),43.17514,5.61004
202300011681,19,10,2023,2025-12-05 23:30:00,5,13,13205,2,9,3,1,Verdun (Rue De),43.2965,5.39758
202300011682,4,2,2023,2025-12-05 16:15:00,1,988,98818,2,2,1,3,Rue Jules Ferry/Avenue James Cook,-22.26752,166.43739
202300011683,4,2,2023,2025-12-05 13:00:00,1,976,97611,2,9,3,6,Convalescence/Vetivers-Seize Villas ( Ru,-12.77814,45.21931
202300011684,19,10,2023,2025-12-05 11:30:00,1,13,13209,2,1,1,1,Raymond Teissere (Rue),43.27342998,5.39885805
202300011685,4,2,2023,2025-12-05 07:20:00,1,973,97309,2,3,1,3,Tigre (Route Du),4.91520569,-52.31077239
202300011686,18,10,2023,2025-12-05 20:00:00,5,10,10343,2,1,2,7,Dijon (Rue De),48.2674,4.089
202300011687,4,2,2023,2025-12-05 12:30:00,1,972,97209,2,3,1,3,Chateauboeuf (Route De),14.61451,-61.05131
202300011688,17,10,2023,2025-12-05 17:40:00,1,9,9122,2,1,1,6,Espagne (Route D'),42.94786,1.62633
202300011689,3,2,2023,2025-12-05 16:50:00,1,2A,2A004,2,1,1,2,Route Du Stiletto,41.94567,8.77024
202300011690,19,10,2023,2025-12-05 17:20:00,1,6,6069,1,1,2,3,Route De Plascassier,43.652355,6.951565
202300011691,4,2,2023,2025-12-05 18:15:00,2,81,81004,2,1,1,3,Teyssier (Av Du Colonel),43.92492,2.15064
202300011692,16,10,2023,2025-12-05 10:05:00,1,6,6069,2,1,1,4,Pagnol (Boulevard Marcel),43.645307,6.943649
202300011693,3,2,2023,2025-12-05 16:20:00,1,74,74133,2,3,1,3,Chatelet (Rue Du),46.19054445,6.21144294
202300011694,4,2,2023,2025-12-05 20:15:00,5,71,71306,2,2,1,1,Cluny (Rue De),46.6738,4.37389
202300011695,19,10,2023,2025-12-05 11:50:00,1,4,4070,1,1,1,1,Marcoux ( Rte De ),44.10705,6.25766
202300011696,3,2,2023,2025-12-05 17:55:00,2,71,71486,2,3,1,3,8 Mai 1945 (Rue),46.64878,4.36598
202300011697,19,10,2023,2025-12-05 17:47:00,5,75,75120,2,1,2,3,Bd Peripherique Interieur,48.871428,2.413002
202300011698,30,1,2023,2025-12-05 14:00:00,1,69,69266,2,6,8,6,92 Cours Andre Philip,45.77235382,4.86639037
202300011699,3,2,2023,2025-12-05 18:16:00,5,68,68166,2,1,1,6,Rue D'Illzach,47.79055,7.34325
202300011700,19,10,2023,2025-12-05 14:05:00,1,75,75112,2,1,1,5,Bd Peripherique Exterieur,48.828642,2.398889
202300011701,4,2,2023,2025-12-05 18:40:00,1,65,65440,2,2,1,2,Rue Saint-Jean,43.238439,0.081873
202300011702,19,10,2023,2025-12-05 07:50:00,5,75,75120,2,1,2,2,Porte De Bagnolet,48.863502,2.413408
202300011703,3,2,2023,2025-12-05 16:39:00,1,65,65286,2,6,1,6,Boulevard De La Grotte,43.09945,-0.0455
202300011704,4,2,2023,2025-12-05 12:30:00,1,64,64445,2,9,1,6,20 Rue Monseigneur Campo,43.32076,-0.345
202300011705,4,2,2023,2025-12-05 21:30:00,5,62,62826,2,2,1,3,Boulevard Daloz,50.51869,1.58587
202300011706,18,10,2023,2025-12-05 07:45:00,2,75,75120,2,1,2,3,Porte De Vincennes,48.847428,2.41456
202300011707,4,2,2023,2025-12-05 19:25:00,5,59,59599,2,2,1,7,Gand (Rue De),50.73695,3.16218
202300011708,4,2,2023,2025-12-05 05:15:00,3,59,59271,1,1,8,6,Rd 601,51.02326988,2.30754465
202300011709,19,10,2023,2025-12-05 15:05:00,1,75,75117,2,1,1,5,Bd Peripherique Interieur,48.882612,2.283497
202300011710,4,2,2023,2025-12-05 22:10:00,5,51,51454,2,2,1,3,Rue Chanzy,49.252137,4.032208
202300011711,17,10,2023,2025-12-05 09:00:00,1,75,75116,2,3,1,3,Rue De Boulainvilliers,48.855157,2.275296
202300011712,30,1,2023,2025-12-05 16:40:00,1,38,38179,1,9,1,7,Rue Du Moiron,45.18518,5.79873
202300011713,4,2,2023,2025-12-05 19:15:00,5,33,33063,2,1,1,2,Boulevard Alienor D'Aquitaine,44.87528,-0.56466
202300011714,19,10,2023,2025-12-05 10:30:00,1,75,75119,2,3,1,6,Rue Manin,48.8843315,2.39129609
202300011715,4,2,2023,2025-12-05 18:00:00,5,33,33063,2,1,1,2,Cours Aristide Briand,44.8321,-0.57843
202300011716,3,2,2023,2025-12-05 15:05:00,1,33,33522,2,1,1,2,Cours De La Liberation,44.80952,-0.59129
202300011717,19,10,2023,2025-12-05 21:17:00,5,75,75118,2,3,2,6,Rue Caulaincourt,48.886617,2.33263466
202300011718,4,2,2023,2025-12-05 03:39:00,5,33,33529,2,6,1,6,Leclerc (Ave Du Gal) Du 02 Et +,44.64811515,-1.15267128
202300011719,4,2,2023,2025-12-05 15:35:00,1,31,31557,2,9,1,7,Belbeze (Rue De),43.580686,1.336783
202300011720,3,2,2023,2025-12-05 16:20:00,1,31,31555,2,1,1,6,All Henri Sellier,43.57713,1.44054
202300011721,18,10,2023,2025-12-05 16:40:00,1,75,75117,2,1,2,4,Boulevard De Douaumont,48.894601,2.305127
202300011722,3,2,2023,2025-12-05 20:25:00,3,29,29019,2,1,1,2,Rue De La Porte,48.384237,-4.500853
202300011723,3,2,2023,2025-12-05 09:15:00,1,29,29019,2,3,1,3,Rue Inkermann,48.39943238,-4.46795063
202300011724,18,10,2023,2025-12-05 12:40:00,1,75,75115,2,2,1,6,Rue Saint Charles,48.844764,2.283905
202300011725,19,10,2023,2025-12-05 11:10:00,1,75,75111,2,3,1,3,Avenue Parmentier,48.85914,2.379469
202300011726,4,2,2023,2025-12-05 09:52:00,1,22,22187,1,1,1,7,Rn12,48.54499,-2.78762
202300011727,19,10,2023,2025-12-05 14:30:00,1,75,75110,2,3,1,2,Rue Robert Blache,48.877054,2.363836
202300011728,31,1,2023,2025-12-05 16:50:00,1,16,16089,2,1,1,6,Angouleme (Avenue D'),45.686866,-0.309052
202300011729,19,10,2023,2025-12-05 15:30:00,1,75,75108,2,3,1,6,Avenue Bertie Albrecht,48.874954,2.301047
202300011730,19,10,2023,2025-12-05 11:00:00,1,75,75108,2,3,8,3,Place De La Concorde,48.86439,2.320311
202300011731,18,10,2023,2025-12-05 23:00:00,5,75,75108,2,1,2,7,Avenue Montaigne,48.867212,2.306804
202300011732,19,10,2023,2025-12-05 15:00:00,1,75,75101,2,3,1,7,Rue De Rivoli,48.86631,2.324165
202300011733,19,10,2023,2025-12-05 13:40:00,1,75,75101,2,3,1,6,Rue Des Lavandieres Sainte Opportune,48.859089,2.346392
202300011734,18,10,2023,2025-12-05 13:50:00,1,75,75103,2,2,2,3,Rue De Turbigo,48.865463,2.356088
202300011735,19,10,2023,2025-12-05 20:10:00,5,94,94078,2,1,3,3,Avenue Du 8 Mai 1945,48.72735,2.44539
202300011736,18,10,2023,2025-12-05 21:20:00,5,94,94068,2,3,2,3,Boulevard De Champigny,48.80776,2.50911
202300011737,19,10,2023,2025-12-05 20:00:00,5,94,94046,2,9,2,3,Avenue Du General Leclerc,48.80747349,2.43754399
202300011738,19,10,2023,2025-12-05 14:40:00,1,94,94043,2,9,1,1,Rue Gabriel Peri,48.806089,2.345914
202300011739,17,10,2023,2025-12-05 18:00:00,1,94,94016,2,1,1,2,Avenue Louis Georgeon,48.7929349,2.33603185
202300011740,17,10,2023,2025-12-05 10:40:00,1,94,94033,2,6,1,3,Pl. De L'Amitie Entre Les Peuples,48.8527,2.4816