num_acc,jour,mois,an,hrmn,lum,dep,com,agg,int,atm,col,adr,lat,long
202300011741,18,10,2023,2025-12-05 22:15:00,3,94,94028,1,7,2,3,Place Des Jonquilles,48.804184,2.457361
202300011742,19,10,2023,2025-12-05 19:52:00,5,94,94079,2,1,2,6,Rue De Noisy,48.83298,2.54589
202300011743,19,10,2023,2025-12-05 03:45:00,5,94,94069,2,1,2,7,A4,48.81693343,2.45226055
202300011744,18,10,2023,2025-12-05 13:05:00,1,93,93032,2,1,2,6,Chemin De Montguichet,48.879331,2.546716
202300011745,19,10,2023,2025-12-05 20:15:00,5,93,93031,2,3,2,1,Boulevard Foch / Rue De L'Yser,48.9444,2.3377
202300011746,19,10,2023,2025-12-05 07:51:00,3,93,93031,2,2,3,6,Avenue Du 18 Juin 1940 /Avenue Salvador Allende,48.95467,2.307986
202300011747,19,10,2023,2025-12-05 20:15:00,5,93,93001,2,2,2,3,Rue Nicolas Rayer / Rue Du Port,48.917767,2.374813
202300011748,18,10,2023,2025-12-05 17:00:00,1,92,92078,2,1,2,2,Henri Barbusse (Rue) (Pairs),48.93621918,2.33317089
202300011749,18,10,2023,2025-12-05 21:50:00,5,92,92078,2,9,2,4,Moulin Cage (Quai),48.92423478,2.32904471
202300011750,19,10,2023,2025-12-05 11:40:00,1,92,92076,2,6,1,3,Robert Chevalier,48.8433122,2.17444217
202300011751,19,10,2023,2025-12-05 08:05:00,2,92,92063,2,2,2,6,Dix-Huit Juin 1940 (Avenue Du) Est,48.8680164,2.19307914
202300011752,19,10,2023,2025-12-05 18:00:00,1,92,92051,2,3,1,2,General Koenig (Boulevard Du),48.88155,2.25238
202300011753,17,10,2023,2025-12-05 11:39:00,1,92,92050,2,1,1,3,Commune De Paris Avenue De La,48.90419,2.20635
202300011754,19,10,2023,2025-12-05 06:55:00,5,92,92040,2,1,1,3,Gambetta (Boulevard),48.82750204,2.27680291
202300011755,28,4,2023,2025-12-05 16:10:00,1,75,75107,2,3,1,6,Quai D Orsay,48.862628,2.319032
202300011756,27,4,2023,2025-12-05 20:18:00,5,75,75104,2,3,2,1,Rue Saint Antoine,48.854303,2.363748
202300011757,28,4,2023,2025-12-05 05:15:00,5,94,94081,2,3,3,3,Boulevard De Stalingrad / Rue Germain Tailleferre,48.803653,2.377435
202300011758,28,4,2023,2025-12-05 15:00:00,1,94,94068,2,3,1,2,Boulevard De La Marne,48.78762,2.51791
202300011759,28,4,2023,2025-12-05 03:35:00,5,94,94003,2,1,3,2,Avenue De La Convention,48.800718,2.333388
202300011760,28,4,2023,2025-12-05 15:50:00,1,94,94021,2,1,1,2,78 Avenue De Stalingrad,48.77323,2.367453
202300011761,28,4,2023,2025-12-05 09:00:00,1,94,94034,2,9,2,3,Carrefour De La Deportation,48.760557,2.31830809
202300011762,27,4,2023,2025-12-05 22:45:00,5,94,94073,2,1,2,5,116 Avenue De Versailles,48.75913511,2.39506607
202300011763,28,4,2023,2025-12-05 12:15:00,1,94,94017,2,2,1,1,Rue De Dunkerque / Avenue Marx Dormoy,48.80632,2.530083
202300011764,27,4,2023,2025-12-05 12:35:00,1,94,94017,2,1,1,3,Avenue Du General De Gaulle,48.82152251,2.48903538
202300011765,28,4,2023,2025-12-05 15:15:00,1,93,93078,2,9,1,3,Route De Tremblay,48.965134,2.539195
202300011766,28,4,2023,2025-12-05 18:13:00,1,93,93031,2,3,1,3,Rue Des Carrieres / Rue De Rennes,48.95824,2.29524
202300011767,28,4,2023,2025-12-05 09:25:00,1,93,93066,2,1,2,7,Avenue Lenine,48.938919,2.370017
202300011768,27,4,2023,2025-12-05 01:00:00,5,93,93005,2,2,1,1,Boulevard Lefevre / Rue Ordener,48.94326,2.49322
202300011769,28,4,2023,2025-12-05 16:30:00,1,92,92075,2,6,1,6,Victor Hugo (Avenue),48.82554,2.29261
202300011770,28,4,2023,2025-12-05 14:30:00,1,92,92063,2,1,1,3,Montbrison (Rue Du Lieutenant Colonel De,48.86174,2.196041
202300011771,28,4,2023,2025-12-05 09:00:00,1,92,92050,2,1,8,3,Pons Noel Rue,48.90643783,2.22437203
202300011772,28,4,2023,2025-12-05 08:20:00,1,92,92040,2,9,2,6,Hoche,48.82456606,2.27094457
202300011773,27,4,2023,2025-12-05 18:15:00,1,92,92036,2,3,2,6,General De Gaulle (Avenue) (Pairs),48.9336983,2.31342539
202300011774,28,4,2023,2025-12-05 20:13:00,1,92,92025,2,2,1,2,Felix Faure (Rue),48.914922,2.252883
202300011775,27,4,2023,2025-12-05 00:35:00,3,92,92025,2,1,1,4,Kleber (Av),48.933581,2.252309
202300011776,28,4,2023,2025-12-05 12:26:00,1,92,92012,2,2,2,3,Marechal De Lattre De Tassigny (Avenue),48.84108692,2.22511232
202300011777,28,4,2023,2025-12-05 19:45:00,1,92,92007,2,3,1,3,Egalite (Rue De L') Ndeg Impairs,48.801237,2.30743
202300011778,27,4,2023,2025-12-05 18:00:00,1,92,92004,2,2,1,5,Pont De Clichy,48.91101,2.29858
202300011779,30,4,2023,2025-12-05 12:25:00,1,39,39097,1,1,1,1,Adresse_Inconnue,46.742091,5.928393
202300011780,30,4,2023,2025-12-05 03:10:00,3,50,50237,2,3,1,6,133 Rue De La Liberation,48.801829,-1.396181
202300011781,30,4,2023,2025-12-05 20:35:00,3,51,51141,1,1,1,7,N44,48.842442,4.509351
202300011782,29,4,2023,2025-12-05 22:50:00,3,83,83023,1,1,1,3,Autoroute A 8,43.42114466,6.07659089
202300011783,28,4,2023,2025-12-05 19:00:00,5,974,97422,2,1,1,2,114 Chemin Neuf,-21.245192,55.514281
202300011784,29,4,2023,2025-12-05 12:55:00,1,51,51217,2,1,1,7,Le Gault,49.066661,3.645819
202300011785,30,4,2023,2025-12-05 01:00:00,3,30,30331,1,1,1,6,Rd6086,44.12515,4.614521
202300011786,29,4,2023,2025-12-05 15:00:00,1,66,66028,2,1,1,1,Adresse_Inconnue,42.675024,2.938848
202300011787,30,4,2023,2025-12-05 05:30:00,2,51,51009,1,1,1,7,D5,48.591235,3.824589
202300011788,30,4,2023,2025-12-05 01:25:00,5,51,51117,2,1,1,7,Rue De Jalons,48.97210329,4.16700214
202300011789,28,4,2023,2025-12-05 16:45:00,1,19,19013,1,1,1,3,Route Du Lac,45.17615674,1.67319037
202300011790,30,4,2023,2025-12-05 07:15:00,2,56,56177,1,4,1,6,Kerleano,47.782431,-3.02189
202300011791,29,4,2023,2025-12-05 20:25:00,1,80,80677,1,1,1,6,D24,49.947229,3.101314
202300011792,30,4,2023,2025-12-05 18:15:00,1,32,32462,1,1,1,6,Route De Mouchan,43.794446,0.305155
202300011793,30,4,2023,2025-12-05 12:40:00,1,55,55520,1,1,1,4,D36,48.694215,5.676085
202300011794,30,4,2023,2025-12-05 12:30:00,1,12,12101,1,4,1,2,Departementale 963 - Le Crucifix,44.598802,2.248152
202300011795,30,4,2023,2025-12-05 18:48:00,1,12,12094,1,1,1,7,La Montade,44.655993,2.545084
202300011796,29,4,2023,2025-12-05 17:40:00,1,41,41059,1,1,1,3,Route Departementale 675,47.400237,1.413589
202300011797,30,4,2023,2025-12-05 08:50:00,2,44,44211,2,1,2,6,47 Rue Du Fan,47.350269,-2.480772
202300011798,30,4,2023,2025-12-05 19:30:00,1,31,31107,1,1,1,1,Route De Lancon,43.32364,1.218549
202300011799,30,4,2023,2025-12-05 11:15:00,1,3,3045,1,1,8,6,D995,46.100443,3.513104
202300011800,29,4,2023,2025-12-05 16:35:00,1,70,70490,1,1,1,1,Le Pont Joly,47.719268,6.303674
202300011801,30,4,2023,2025-12-05 02:15:00,3,50,50452,1,1,1,6,Le Bas Cerisier,48.565678,-1.101728
202300011802,30,4,2023,2025-12-05 02:00:00,3,10,10103,1,1,1,7,D74,48.248337,4.800843
202300011803,29,4,2023,2025-12-05 15:10:00,1,24,24547,2,3,1,3,Route Du Perigord,45.127068,1.295097
202300011804,30,4,2023,2025-12-05 02:40:00,3,30,30341,1,1,9,6,Route De Franquevaux,43.64455,4.311616
202300011805,28,4,2023,2025-12-05 13:40:00,1,77,77354,1,1,1,2,Pk 023+600 Sens 1,48.471144,2.874088
202300011806,29,4,2023,2025-12-05 13:10:00,1,1,1077,1,1,2,6,"A40, Pk 132+300, Sens Macon/Geneve",46.11471,5.471964
202300011807,25,4,2023,2025-12-05 14:00:00,1,34,34255,2,1,1,3,60 Avenue Du Clapas,43.689956,3.807431
202300011808,30,4,2023,2025-12-05 14:28:00,1,69,69288,1,1,1,6,Autoroute 432,45.690394,5.06201
202300011809,28,4,2023,2025-12-05 21:20:00,3,987,98745,1,1,1,6,Pk 9 Ouest District De Tapuamu,-16.62,-151.496
202300011810,14,4,2023,2025-12-05 01:40:00,3,34,34146,1,1,1,4,Aire De Nabrigas (Embranchement D'Autoroute),43.689578,4.06352
202300011811,30,4,2023,2025-12-05 03:50:00,3,78,78003,1,1,1,6,A11,48.53056,1.850123
202300011812,29,4,2023,2025-12-05 05:40:00,2,987,98733,2,1,1,6,"Pk 21.900 Cote Montagne, Vallee Orofero, Route Principale",-17.690413,-149.579716
202300011813,30,4,2023,2025-12-05 09:30:00,1,988,98802,2,3,1,3,Rt1 Intersection Route De Bourake (Rm1),-21.86179,166.04642
202300011814,29,4,2023,2025-12-05 12:15:00,1,973,97305,1,3,1,2,Route Nationale 1,4.937649,-52.409313
202300011815,29,4,2023,2025-12-05 20:15:00,3,84,84136,1,1,1,7,Route De Beaumes De Venise D 7,44.129076,4.995711
202300011816,21,4,2023,2025-12-05 19:30:00,1,13,13110,1,1,1,1,D7N,43.488478,5.669589
202300011817,29,4,2023,2025-12-05 21:25:00,3,21,21183,1,1,1,6,Rue Des Meix,47.224028,5.259506
202300011818,29,4,2023,2025-12-05 13:30:00,1,67,67544,2,3,1,3,Rue De L'Industrie,49.029526,7.948147
202300011819,29,4,2023,2025-12-05 11:20:00,1,67,67101,1,3,1,3,Rd 392,48.522826,7.505931
202300011820,30,4,2023,2025-12-05 14:30:00,1,63,63203,1,1,1,3,D796,45.84387466,3.05945544
202300011821,29,4,2023,2025-12-05 10:30:00,1,38,38087,2,2,1,3,Avenue De Nor-Hadjin,45.581735,4.79771
202300011822,30,4,2023,2025-12-05 05:30:00,2,33,33417,1,1,1,6,Chemin De Cordes,45.005168,-0.900965
202300011823,30,4,2023,2025-12-05 06:05:00,5,29,29087,1,1,2,1,La Croix Neuve,48.03478234,-4.2442065
202300011824,30,4,2023,2025-12-05 11:00:00,1,27,27448,1,1,1,6,Route De Paris,49.008199,1.405204
202300011825,28,4,2023,2025-12-05 15:00:00,1,33,33122,1,1,1,4,Autoroute A 63,44.74832,-0.69827
202300011826,27,4,2023,2025-12-05 13:03:00,1,33,33550,1,1,1,3,Rocade A 630,44.78215996,-0.58431387
202300011827,28,4,2023,2025-12-05 18:15:00,1,91,91521,1,1,1,4,Rn 104,48.638106,2.396659
202300011828,28,4,2023,2025-12-05 15:45:00,1,91,91689,1,1,1,4,Autoroute A6A,48.7481,2.32704
202300011829,28,4,2023,2025-12-05 15:00:00,1,78,78545,1,1,1,2,A12 W,48.819548,2.0675
202300011830,27,4,2023,2025-12-05 22:00:00,3,78,78466,1,1,2,3,A13,48.92757,1.99156
202300011831,28,4,2023,2025-12-05 17:25:00,1,93,93053,1,1,1,3,Autoroute A3,48.89605238,2.47019827
202300011832,28,4,2023,2025-12-05 00:10:00,3,77,77384,1,1,2,2,A5B,48.603902,2.633665
202300011833,28,4,2023,2025-12-05 00:35:00,3,93,93051,1,1,2,6,A4,48.8366,2.54514
202300011834,27,4,2023,2025-12-05 17:05:00,1,974,97416,1,4,1,3,Ligne Paradis(Route De La),-21.32255,55.48497
202300011835,27,4,2023,2025-12-05 07:20:00,1,974,97416,2,3,1,1,Babet (Rue Auguste),-21.33707,55.48016
202300011836,27,4,2023,2025-12-05 04:50:00,5,974,97407,2,1,1,7,Rue Theodore Drouet,-20.945482,55.317518
202300011837,27,4,2023,2025-12-05 18:20:00,1,69,69388,2,2,1,6,Avenue Jean Mermoz,45.73256895,4.88162773
202300011838,26,4,2023,2025-12-05 10:25:00,1,972,97209,1,1,3,6,Pasteur (Avenue),14.61324,-61.067
202300011839,27,4,2023,2025-12-05 15:55:00,1,69,69385,2,1,1,3,92 Rue Joliot Curie,45.75446,4.78457
202300011840,26,4,2023,2025-12-05 09:15:00,1,2B,2B033,2,6,1,3,Toutes Rues,42.70296,9.44659
202300011841,26,4,2023,2025-12-05 17:10:00,1,971,97101,2,1,1,3,De L'Ouest (Avenue),16.25748,-61.53064
202300011842,25,4,2023,2025-12-05 10:10:00,2,95,95598,2,6,1,3,D109E,48.99024,2.29648
202300011843,27,4,2023,2025-12-05 18:15:00,1,91,91103,2,2,2,3,Rue Du Petit Paris,48.612532,2.278243
202300011844,21,4,2023,2025-12-05 16:40:00,1,83,83126,2,6,1,6,Renoir (Av Auguste),43.08513182,5.85822657
202300011845,27,4,2023,2025-12-05 20:15:00,2,83,83069,2,1,1,6,Renaudel (Avenue Pierre),43.10786,6.1267
202300011846,27,4,2023,2025-12-05 16:50:00,1,83,83141,1,1,1,3,Rd 54,43.494936,6.510234
202300011847,27,4,2023,2025-12-05 10:20:00,1,82,82121,2,3,2,6,Albert (Rue D'),44.02097,1.35464
202300011848,23,4,2023,2025-12-05 23:54:00,5,80,80021,2,1,1,6,Cambresis (Rue),49.91244,2.30986
202300011849,15,4,2023,2025-12-05 18:24:00,1,80,80021,2,2,1,3,Jules Ferry (Chaussee),49.87911,2.33533
202300011850,26,4,2023,2025-12-05 14:46:00,1,78,78146,2,2,8,3,Marechal Foch (Avenue Du),48.889788,2.15638
202300011851,14,4,2023,2025-12-05 07:35:00,1,78,78498,2,1,1,6,Maladrerie Av De La,48.92228,2.03815
202300011852,27,4,2023,2025-12-05 14:00:00,1,77,77083,2,1,1,3,Ampere (Avenue),48.84421807,2.58319509
202300011853,25,4,2023,2025-12-05 23:10:00,5,76,76351,2,1,1,7,Claude Monet,49.5014,0.08878
202300011854,27,4,2023,2025-12-05 15:40:00,1,76,76349,1,3,1,3,Ouville (Route D'),49.892462,1.03999
202300011855,25,3,2023,2025-12-05 17:15:00,1,76,76114,2,1,1,6,Passas Jules (Boulevard),49.56755,0.4726
202300011856,26,4,2023,2025-12-05 19:25:00,2,71,71040,2,3,1,1,Bois Clair (Rue Du ),46.69876,4.37861
202300011857,27,4,2023,2025-12-05 23:17:00,5,69,69266,2,1,1,4,Cours Emile Zola,45.7708,4.87238
202300011858,27,4,2023,2025-12-05 15:40:00,1,69,69266,2,2,1,3,Rue Francis De Pressense,45.77108,4.887
202300011859,27,4,2023,2025-12-05 07:45:00,1,69,69286,2,1,1,4,Route Du Mas-Rillier,45.82321186,4.90805676
202300011860,27,4,2023,2025-12-05 12:30:00,1,69,69013,1,1,1,2,Avenue De Joux,46.00975,4.72557
202300011861,27,4,2023,2025-12-05 11:50:00,1,69,69029,2,1,1,2,20 Avenue Jules Mas,45.73685002,4.91117209
202300011862,27,4,2023,2025-12-05 07:23:00,1,69,69259,2,2,1,6,Avenue Jules Guesde,45.70837,4.88704
202300011863,26,4,2023,2025-12-05 18:45:00,2,67,67482,2,1,1,3,Vienne (Route De),48.57338,7.7554
202300011864,26,4,2023,2025-12-05 15:30:00,1,67,67043,2,1,1,3,General Leclerc (Rue Du),48.613798,7.753669
202300011865,26,4,2023,2025-12-05 17:00:00,1,67,67462,2,1,1,6,Marechal Foch (Boulevard Du),48.2595,7.45069
202300011866,27,4,2023,2025-12-05 21:20:00,5,64,64445,2,1,1,6,Jean Mermoz,43.306,-0.376
202300011867,27,4,2023,2025-12-05 10:55:00,1,64,64335,1,2,1,3,Sault De Navailles De,43.34702,-0.43595
202300011868,27,4,2023,2025-12-05 20:20:00,1,64,64024,2,1,1,7,Bayonne (Avenue De),43.48133,-1.5111
202300011869,26,4,2023,2025-12-05 14:45:00,1,64,64102,2,1,1,2,Mai 1945 (Avenue Du 8),43.46378,-1.49554
202300011870,27,4,2023,2025-12-05 09:00:00,1,63,63113,2,1,1,2,Quinet (Bd Edgar),45.80334,3.1174
202300011871,26,4,2023,2025-12-05 16:56:00,1,63,63113,2,1,1,6,Blatin (Rue),45.77639,3.07549
202300011872,22,4,2023,2025-12-05 16:30:00,1,62,62587,2,1,1,3,D46,50.431007,2.922197
202300011873,27,4,2023,2025-12-05 22:20:00,5,59,59350,2,3,1,3,Adresse_Inconnue,50.63333,3.06666
202300011874,13,4,2023,2025-12-05 16:00:00,1,59,59328,2,3,1,3,Dunkerque Avenue De,50.6369,3.02521
202300011875,26,4,2023,2025-12-05 16:20:00,1,57,57566,2,9,1,7,Rue De Nancy,48.74280931,7.08814859
202300011876,17,4,2023,2025-12-05 17:28:00,1,56,56260,2,1,1,2,Boulevard De La Resistance,47.64774,-2.78178
202300011877,26,4,2023,2025-12-05 20:30:00,2,56,56083,2,6,1,6,Allende ( Av. Pres. Salvador ),47.8086,-3.25573
202300011878,26,4,2023,2025-12-05 10:30:00,1,56,56121,2,1,2,1,50 Rue De Kervenanec,47.73751,-3.3919
202300011879,26,4,2023,2025-12-05 15:45:00,1,54,54323,1,1,1,6,Rn52,49.516966,5.750128
202300011880,27,4,2023,2025-12-05 10:40:00,1,51,51454,2,1,1,3,Rue Libergier,49.25168,4.02834
202300011881,28,4,2023,2025-12-05 02:25:00,4,47,47201,2,9,1,6,Benazie (Rue De La),44.1937,0.60723
202300011882,26,4,2023,2025-12-05 01:20:00,5,44,44190,2,1,1,4,87 Rue De La Jaunaie,47.19717,-1.49879
202300011883,26,4,2023,2025-12-05 13:00:00,1,43,43041,2,1,1,4,Avenue Charles Dupuy,45.05034,3.91338
202300011884,27,4,2023,2025-12-05 22:53:00,5,37,37261,2,6,8,3,Heurteloup (Boulevard),47.39465,0.70473
202300011885,27,4,2023,2025-12-05 19:35:00,1,35,35278,2,9,1,3,Route De St Malo,48.136703,-1.692329
202300011886,27,4,2023,2025-12-05 12:30:00,1,35,35238,2,2,2,3,Cartier (Bd Jacques),48.097165,-1.676994
202300011887,26,4,2023,2025-12-05 08:20:00,1,33,33281,2,1,2,6,Allee De Pagneau,44.81634,-0.69953
202300011888,24,4,2023,2025-12-05 23:20:00,5,33,33522,2,3,2,1,Cours De La Liberation,44.7983,-0.59987
202300011889,27,4,2023,2025-12-05 21:00:00,5,31,31555,2,3,1,3,Albi (Rte D) Du 1Au 243,43.64386,1.46848
202300011890,27,4,2023,2025-12-05 22:44:00,2,31,31555,1,1,1,2,Echangeur Sesquieres (A62-A620),43.653599,1.426946
202300011891,26,4,2023,2025-12-05 12:05:00,2,31,31555,2,1,2,1,Av De Lattre De Tassigny,43.575149,1.436137
202300011892,27,4,2023,2025-12-05 10:25:00,1,30,30007,2,1,1,1,Gagarine (Ave Youri),44.1312,4.0964
202300011893,27,4,2023,2025-12-05 18:10:00,1,25,25031,2,1,1,1,Jaures (Avenue Jean),47.48882,6.82785
202300011894,27,4,2023,2025-12-05 09:00:00,1,22,22113,2,2,2,3,Saint Elivet (Rue De),48.7273,-3.44692
202300011895,26,4,2023,2025-12-05 15:45:00,1,17,17306,2,6,2,6,D25,45.63945,-1.0256
202300011896,27,4,2023,2025-12-05 10:45:00,1,15,15014,2,1,1,6,Berthou (Chemin De),44.91659,2.43661
202300011897,26,4,2023,2025-12-05 18:40:00,1,14,14118,2,9,1,6,144 Rue De Falaise,49.166638,-0.350965
202300011898,27,4,2023,2025-12-05 00:30:00,5,14,14118,2,2,1,1,64 Rue Saint-Jean,49.181518,-0.358897
202300011899,26,4,2023,2025-12-05 19:40:00,1,14,14118,2,6,1,3,28 Avenue Jean Monnet,49.201425,-0.383739
202300011900,23,4,2023,2025-12-05 22:45:00,3,13,13039,2,1,1,2,Route Nationale 569,43.47146,4.95009
202300011901,27,4,2023,2025-12-05 22:15:00,5,13,13208,2,1,1,1,Rabatau (Boulevard),43.27616415,5.39709346
202300011902,27,4,2023,2025-12-05 23:50:00,5,13,13211,2,1,1,1,Mazenode (Avenue),43.28917755,5.42664105
202300011903,27,4,2023,2025-12-05 14:50:00,1,13,13204,2,8,1,6,Marechal Foch (Avenue),43.29892,5.40214
202300011904,27,4,2023,2025-12-05 06:20:00,2,13,13047,1,1,1,1,R.N 569,43.54411,4.95543
202300011905,27,4,2023,2025-12-05 15:20:00,1,13,13005,2,1,8,6,Brossolette (Avenue Pierre),43.28687534,5.55329029
202300011906,13,4,2023,2025-12-05 11:00:00,1,11,11262,2,3,1,3,26 Avenue Pompidor,43.18279,2.97916
202300011907,26,4,2023,2025-12-05 12:15:00,1,11,11069,1,3,1,4,295 Rue Andre Ampere,43.21186,2.31741
202300011908,27,4,2023,2025-12-05 13:00:00,1,6,6069,2,4,1,1,Victoria (Avenue Et Traverse),43.666623,6.9364
202300011909,26,4,2023,2025-12-05 17:00:00,1,6,6029,2,1,1,3,Jourdan (Avenue Michel),43.552628,6.976793
202300011910,27,4,2023,2025-12-05 17:30:00,1,1,1344,2,3,1,3,Trevoux (Avenue De),46.20121,5.20335
202300011911,25,4,2023,2025-12-05 12:50:00,1,75,75114,2,1,1,2,Porte D Orleans,48.820678,2.323145
202300011912,25,4,2023,2025-12-05 08:40:00,1,75,75120,2,1,1,4,Porte Des Lilas,48.877377,2.409157
202300011913,26,4,2023,2025-12-05 17:46:00,1,75,75119,2,2,1,5,Rue Henri Ribiere,48.87677,2.3956
202300011914,26,4,2023,2025-12-05 22:55:00,5,75,75120,2,3,1,6,Rue Des Pyrenees,48.863292,2.399719
202300011915,27,4,2023,2025-12-05 16:25:00,1,75,75119,2,1,2,2,Rue Riquet,48.889508,2.369555
202300011916,27,4,2023,2025-12-05 12:30:00,1,75,75119,2,1,1,3,Porte De Pantin,48.888881,2.396854
202300011917,27,4,2023,2025-12-05 20:34:00,5,75,75118,2,1,2,2,Boulevard Ney,48.898612,2.363193
202300011918,27,4,2023,2025-12-05 09:25:00,1,75,75118,2,2,1,3,Rue Du Poteau,48.894796,2.34076
202300011919,26,4,2023,2025-12-05 13:35:00,1,75,75117,2,1,1,7,Boulevard Berthier,48.892065,2.307827
202300011920,27,4,2023,2025-12-05 09:35:00,1,75,75110,2,2,1,3,Rue La Fayette,48.879739,2.358696
202300011921,27,4,2023,2025-12-05 05:15:00,3,75,75109,2,3,1,2,Rue Drouot,48.872011,2.340063
202300011922,27,4,2023,2025-12-05 09:30:00,1,75,75107,2,3,1,3,Quai D Orsay,48.862608,2.319075
202300011923,27,4,2023,2025-12-05 11:15:00,1,75,75101,2,3,1,6,Boulevard De Sebastopol,48.861981,2.350191
202300011924,26,4,2023,2025-12-05 20:46:00,5,75,75104,2,2,1,3,Quai Des Celestins,48.85333,2.357812
202300011925,26,4,2023,2025-12-05 13:57:00,1,75,75104,2,1,1,6,Souterrain Henri Iv,48.847732,2.364261
202300011926,27,4,2023,2025-12-05 09:45:00,1,94,94080,2,1,1,3,Avenue Du General De Gaulle,48.84226906,2.43324798
202300011927,27,4,2023,2025-12-05 00:10:00,4,93,93066,2,1,1,2,Rue Paul Eluard,48.941816,2.346168
202300011928,27,4,2023,2025-12-05 08:30:00,1,93,93053,2,1,1,3,Rue De Brement,48.8899953,2.45350608
202300011929,26,4,2023,2025-12-05 19:10:00,1,93,93032,2,2,1,3,Avenue Centrale / Avenue Charles Infroit,48.867722,2.559289
202300011930,27,4,2023,2025-12-05 08:45:00,1,93,93014,2,8,1,6,Allee Romain Rolland / Allee Francoise Nguyen,48.90449,2.5528
202300011931,27,4,2023,2025-12-05 21:15:00,5,93,93070,2,2,2,3,Quai De Seine / Rue Albert Dhalenne,48.91792,2.32953
202300011932,27,4,2023,2025-12-05 20:27:00,2,92,92022,2,2,2,3,Pave Des Gardes (Route Du),48.80731233,2.18786448
202300011933,27,4,2023,2025-12-05 20:45:00,5,92,92072,2,1,2,7,Grande Rue,48.82442833,2.21219346
202300011934,27,4,2023,2025-12-05 12:25:00,1,92,92064,2,1,1,6,Marechal Foch,48.84851,2.20302
202300011935,27,4,2023,2025-12-05 19:42:00,2,92,92044,2,1,2,6,Marie-Jeanne Bassot (Place),48.89763065,2.28282407
202300011936,26,4,2023,2025-12-05 19:50:00,1,92,92036,2,2,1,3,Square (Rue Du),48.91710688,2.30314784
202300011937,27,4,2023,2025-12-05 08:47:00,1,92,92026,2,9,1,2,President Paul Doumer (Quai Du),48.89199,2.25863
202300011938,26,4,2023,2025-12-05 17:00:00,1,92,92025,2,1,1,6,Paul Langevin (Allee),48.933226,2.266771
202300011939,27,4,2023,2025-12-05 17:00:00,1,92,92002,2,4,1,3,Leon Jouhaux (Avenue),48.734106,2.313146
202300011940,28,4,2023,2025-12-05 16:30:00,1,24,24202,1,4,1,1,232 Avenue De L'Europe,45.20051,1.13833
202300011941,19,4,2023,2025-12-05 17:54:00,1,38,38536,1,1,1,7,D37,45.424419,4.883755
202300011942,28,4,2023,2025-12-05 17:45:00,1,973,97353,2,3,1,3,Rue Simon Sacapou,3.641675,-54.032446
202300011943,29,4,2023,2025-12-05 19:30:00,1,41,41194,2,2,1,3,Avenue Saint Exupery,47.353329,1.749959
202300011944,28,4,2023,2025-12-05 20:10:00,1,28,28088,2,1,1,7,Carrefour Saint-Medard,48.070573,1.322426
202300011945,28,4,2023,2025-12-05 23:30:00,4,974,97405,1,1,1,3,N1002,-21.369501,55.581636
202300011946,29,4,2023,2025-12-05 02:30:00,5,972,97223,2,1,1,6,29 Rue Gueydon,14.55967,-60.941516
202300011947,29,4,2023,2025-12-05 04:35:00,3,52,52312,1,1,1,2,A31 Pk 110.700 Sens Nancy Vers Dijon,47.88281385,5.22155151
202300011948,16,8,2023,2025-12-05 17:50:00,1,71,71391,2,1,1,3,Rue Du Pont,46.824621,4.60019
202300011949,15,8,2023,2025-12-05 20:00:00,2,63,63003,1,1,1,7,Lieu Dit Cleurette,45.57912782,3.73799505
202300011950,15,8,2023,2025-12-05 17:40:00,1,61,61241,1,4,1,1,Intersection D36/D918,48.461254,0.892779
202300011951,15,8,2023,2025-12-05 21:05:00,2,49,49055,2,4,1,6,2 Rue Rene Marion,47.53559,-0.568475
202300011952,16,8,2023,2025-12-05 08:30:00,1,46,46297,1,9,2,3,Route De Cazals D 673-,44.68179,1.243407
202300011953,15,8,2023,2025-12-05 15:11:00,1,22,22189,1,1,1,6,Le Pont Du Trieux,48.442768,-3.095913
202300011954,8,7,2023,2025-12-05 15:10:00,1,62,62224,1,3,1,3,D943,50.54304,2.55081
202300011955,15,8,2023,2025-12-05 16:40:00,1,39,39404,1,1,1,6,Adresse_Inconnue,46.69193,5.610044
202300011956,13,7,2023,2025-12-05 21:00:00,3,35,35018,1,1,1,6,Belle Etoile,48.44357666,-1.08425081
202300011957,8,7,2023,2025-12-05 18:00:00,1,59,59426,2,2,1,3,Tourcoing (Rue De),50.74932298,3.1549108
202300011958,3,7,2023,2025-12-05 16:05:00,1,59,59350,2,1,1,7,Molinel Rue NdegImpairs,50.63268,3.06412
202300011959,13,8,2023,2025-12-05 18:25:00,1,35,35211,1,1,1,1,D773,47.987681,-2.143493
202300011960,15,8,2023,2025-12-05 21:20:00,3,15,15003,1,1,1,7,D 680,45.157918,2.34445
202300011961,8,7,2023,2025-12-05 20:55:00,1,54,54304,2,4,1,3,Quatre Vents (Avenue Des),48.69317,6.13
202300011962,14,8,2023,2025-12-05 14:15:00,1,14,14644,1,3,1,3,Route De Norolles,49.18765431,0.29984686
202300011963,8,7,2023,2025-12-05 16:30:00,1,54,54395,2,1,1,6,Rue Raymond Poincare,48.69018598,6.17234766
202300011964,16,8,2023,2025-12-05 17:00:00,1,43,43224,1,3,1,1,41 Chemin De Fey,45.243734,4.214791