num_acc,jour,mois,an,hrmn,lum,dep,com,agg,int,atm,col,adr,lat,long
202300011965,7,7,2023,2025-12-05 11:50:00,1,51,51454,2,9,1,3,Dieu Lumiere (Boulevard) Cote Pair,49.24016,4.04171
202300011966,7,7,2023,2025-12-05 20:00:00,1,49,49328,2,1,2,7,Renault (Boulevard Louis),47.25253,-0.08296
202300011967,2,6,2023,2025-12-05 21:20:00,2,1,1160,2,2,1,3,Chemin Du Cache Malet,46.255513,6.102063
202300011968,8,7,2023,2025-12-05 22:50:00,3,49,49015,2,1,1,7,Terniere Rue De La,47.49557,-0.59829
202300011969,4,6,2023,2025-12-05 06:10:00,2,69,69204,2,1,1,6,23 Rue Des Martyrs,45.69551617,4.79106225
202300011970,15,8,2023,2025-12-05 23:25:00,3,40,40206,1,3,1,3,D19,43.519075,-1.106666
202300011971,4,6,2023,2025-12-05 18:20:00,1,69,69049,2,1,1,1,167 Route De Saint-Germain,45.874919,4.773864
202300011972,8,7,2023,2025-12-05 18:46:00,1,49,49007,2,2,1,2,Chaumin Boulevard,47.45063,-0.55279
202300011973,3,6,2023,2025-12-05 03:00:00,3,81,81142,1,3,1,6,Chemin D'En Besset,43.51453855,2.06670642
202300011974,8,7,2023,2025-12-05 03:15:00,5,47,47001,2,3,1,3,Gambetta (Cours),44.20136,0.61206
202300011975,16,8,2023,2025-12-05 15:30:00,1,87,87012,1,1,1,1,Rn 147 Pk,46.076156,1.09638
202300011976,21,11,2023,2025-12-05 13:20:00,1,65,65426,1,2,2,3,D14,43.217982,0.222602
202300011977,4,6,2023,2025-12-05 12:40:00,1,81,81105,1,1,7,1,La Fregere,43.785461,2.035709
202300011978,8,7,2023,2025-12-05 13:20:00,1,45,45068,2,1,1,2,3 Avenue Du General Leclerc,48.00666662,2.73939988
202300011979,21,11,2023,2025-12-05 08:10:00,1,66,66141,2,1,1,6,Chemin De La Poudriere,42.731505,2.909548
202300011980,5,6,2023,2025-12-05 18:55:00,1,87,87129,1,1,1,1,Vc1,45.830186,1.423008
202300011981,7,7,2023,2025-12-05 18:05:00,1,44,44184,2,1,1,1,387 Route De La Cote D'Amour,47.25883,-2.27763
202300011982,16,9,2023,2025-12-05 14:31:00,1,57,57235,1,3,1,1,D918,49.290255,6.482309
202300011983,4,6,2023,2025-12-05 11:10:00,1,79,79184,1,2,7,3,Adresse_Inconnue,46.353496,-0.118484
202300011984,3,6,2023,2025-12-05 17:35:00,1,17,17308,1,1,1,7,Rd 123,45.859591,-0.977011
202300011985,22,11,2023,2025-12-05 19:40:00,5,76,76655,2,7,1,3,Place De L'Hotel De Ville,49.868879,0.713167
202300011986,15,8,2023,2025-12-05 18:50:00,2,978,97801,2,3,1,2,Rn7,18.086796,-63.066078
202300011987,8,7,2023,2025-12-05 04:30:00,5,44,44109,2,3,1,3,58Bis Rue De Coulmiers,47.22371,-1.53813
202300011988,22,11,2023,2025-12-05 11:45:00,1,80,80318,2,1,1,6,Rue Roger Godard,50.015075,2.080855
202300011989,8,7,2023,2025-12-05 18:44:00,1,43,43002,2,1,1,3,Avenue De Bonneville,45.05071192,3.8825891
202300011990,4,6,2023,2025-12-05 17:40:00,1,33,33553,2,1,1,6,Rue De L'Ancienne Commanderie,45.02799,-0.441722
202300011991,23,5,2023,2025-12-05 12:40:00,1,42,42218,2,1,1,6,Rue De Chavassieux,45.44405815,4.36975569
202300011992,23,11,2023,2025-12-05 18:55:00,3,63,63227,1,1,1,1,Adresse_Inconnue,45.681194,3.216183
202300011993,16,8,2023,2025-12-05 04:45:00,3,13,13044,1,1,1,1,D19,43.607486,5.056586
202300011994,4,6,2023,2025-12-05 04:20:00,3,33,33085,1,1,1,6,41 Route De La Lande,44.768469,-0.460023
202300011995,8,7,2023,2025-12-05 10:40:00,1,41,41018,2,2,1,1,Brosselette (Avenue Pierre),47.56926,1.33876
202300011996,23,11,2023,2025-12-05 07:00:00,5,61,61167,2,1,2,6,D12 Pr12+940,48.841926,0.50845
202300011997,26,5,2023,2025-12-05 21:25:00,1,33,33233,1,1,1,7,La Maillerie,45.108324,-0.359675
202300011998,7,7,2023,2025-12-05 18:50:00,1,41,41018,2,9,1,6,Gambetta (Avenue),47.584,1.322
202300011999,8,7,2023,2025-12-05 15:10:00,1,38,38185,2,2,1,3,Allee Des Deux Mondes,45.16727,5.72673
202300012000,23,11,2023,2025-12-05 08:00:00,1,61,61457,1,2,2,3,D12 Pr 3+679,48.790619,0.596791
202300012001,8,7,2023,2025-12-05 22:30:00,5,35,35238,2,3,1,6,Pays-Bas (Avenue Des),48.08347,-1.66092
202300012002,16,8,2023,2025-12-05 05:30:00,2,30,30344,1,1,1,5,A9,43.75116,4.217382
202300012003,4,6,2023,2025-12-05 16:15:00,1,61,61433,1,1,1,3,D2,48.499033,-0.026865
202300012004,23,11,2023,2025-12-05 12:10:00,1,22,22029,1,1,8,3,Canac'H Bernard,48.344898,-3.08343
202300012005,4,6,2023,2025-12-05 16:40:00,1,56,56176,1,1,1,3,Lieu Dit Kerispert,47.64041,-2.958916
202300012006,15,8,2023,2025-12-05 15:30:00,1,971,97116,1,1,1,1,Boulevard Toussaint Louverture,16.355556,-61.455953
202300012007,22,11,2023,2025-12-05 17:00:00,2,22,22251,2,1,7,6,Rue Alexandre Ruellan,48.572651,-2.819184
202300012008,4,6,2023,2025-12-05 12:15:00,1,29,29066,1,1,7,1,D56,48.063949,-4.201162
202300012009,22,11,2023,2025-12-05 17:45:00,2,29,29004,1,1,8,6,Coator,47.939803,-3.671231
202300012010,8,7,2023,2025-12-05 10:20:00,1,35,35238,2,1,1,4,Rn136,48.1069894,-1.7172119
202300012011,2,6,2023,2025-12-05 14:57:00,1,22,22259,2,1,7,6,Zone Commerciale Les 4 Routes,48.447269,-2.075939
202300012012,15,8,2023,2025-12-05 08:40:00,1,971,97107,2,3,8,6,Rn 1 - Boulevard De Bananier,16.001505,-61.600672
202300012013,22,11,2023,2025-12-05 09:15:00,1,29,29105,2,6,1,3,Moulin Aux Pretres,48.51581803,-4.05374394
202300012014,8,7,2023,2025-12-05 09:45:00,1,34,34172,2,1,1,3,Passage Soixante Quinze,43.599849,3.866673
202300012015,3,6,2023,2025-12-05 15:30:00,1,22,22178,1,3,1,1,D2.7,48.688588,-3.023118
202300012016,16,8,2023,2025-12-05 10:30:00,1,2B,2B332,1,1,1,1,T30,42.609209,9.139885
202300012017,15,4,2023,2025-12-05 16:45:00,1,84,84133,1,1,1,3,Route De Mirabeau,43.726413,5.558524
202300012018,8,7,2023,2025-12-05 14:40:00,1,33,33039,2,2,1,3,Avenue Lucien Lerousseau,44.80777,-0.55651
202300012019,16,8,2023,2025-12-05 08:30:00,1,2B,2B169,2,1,1,2,T30,42.462252,9.2062
202300012020,22,11,2023,2025-12-05 07:00:00,2,72,72115,1,1,1,3,Zone Artisanale Epinettes Loir,47.679677,0.470256
202300012021,3,6,2023,2025-12-05 18:55:00,1,22,22210,1,3,7,2,Route De Ploubazlanec,48.791493,-3.045992
202300012022,8,7,2023,2025-12-05 11:20:00,1,29,29039,2,1,1,3,64 Avenue De La Gare,47.877173,-3.919388
202300012023,15,8,2023,2025-12-05 17:40:00,1,2B,2B182,1,1,1,3,Rt30 - San Vincensu,42.638347,8.982707
202300012024,22,11,2023,2025-12-05 14:45:00,1,72,72346,2,1,1,6,13 Place Du Marche,47.889395,0.027297
202300012025,8,7,2023,2025-12-05 05:25:00,2,25,25056,2,1,1,6,Franck Rue Anne,47.25459,6.04718
202300012026,2,6,2023,2025-12-05 10:00:00,1,62,62366,1,1,1,1,Rue Du Calvaire,50.40908755,2.5688653
202300012027,31,5,2023,2025-12-05 02:40:00,3,62,62867,1,1,1,6,A16,50.785644,1.666778
202300012028,16,8,2023,2025-12-05 19:30:00,1,34,34033,1,1,1,1,D34,43.746599,4.091549
202300012029,8,7,2023,2025-12-05 10:00:00,1,13,13117,2,3,1,6,Craponne ( Rue Adam De ),43.43886,5.26139
202300012030,22,11,2023,2025-12-05 17:55:00,2,18,18054,1,1,1,4,Adresse_Inconnue,46.883794,2.766066
202300012031,4,6,2023,2025-12-05 07:10:00,1,59,59563,1,1,1,2,N2,50.1687,3.95349
202300012032,12,8,2023,2025-12-05 16:00:00,1,83,83071,1,3,1,3,D559 A,43.128536,6.21279
202300012033,4,6,2023,2025-12-05 20:20:00,2,13,13071,1,1,3,2,A7-Sens Marseille Vers Lyon,43.40428488,5.31541488
202300012034,8,7,2023,2025-12-05 10:50:00,1,13,13103,1,1,1,2,Rte De Pelissanne-Rd 572,43.62914023,5.12994491
202300012035,22,11,2023,2025-12-05 23:10:00,3,43,43018,1,1,1,6,D589,45.00535,3.766336
202300012036,4,6,2023,2025-12-05 13:38:00,1,92,92002,1,1,1,2,A10,48.73209658,2.31101274
202300012037,8,7,2023,2025-12-05 01:20:00,4,13,13210,2,1,1,3,Saint Jean (Boulevard),43.27998058,5.40960108
202300012038,22,11,2023,2025-12-05 09:30:00,1,21,21416,2,2,1,6,19 Grande Rue,47.399166,5.317254
202300012039,4,6,2023,2025-12-05 06:17:00,1,91,91645,1,1,1,7,Rn 385,48.75992,2.25677
202300012040,16,8,2023,2025-12-05 04:05:00,3,83,83101,1,1,1,3,Route Des Plages Rd93,43.247438,6.647726
202300012041,8,7,2023,2025-12-05 17:27:00,1,10,10357,2,1,7,1,General De Gaulle (Rue Du),48.2987,4.115
202300012042,22,11,2023,2025-12-05 19:30:00,3,4,4094,1,1,1,1,D4,43.800023,5.832775
202300012043,3,7,2023,2025-12-05 08:12:00,1,5,5061,2,1,1,1,Provence (Avenue De),44.54276221,6.05954736
202300012044,16,8,2023,2025-12-05 06:45:00,1,68,68352,2,1,1,3,Voie Romaine,48.014401,7.537994
202300012045,22,11,2023,2025-12-05 17:45:00,3,27,27198,1,9,1,2,Rd 140,48.880652,1.057901
202300012046,7,7,2023,2025-12-05 15:00:00,1,4,4112,2,1,1,7,Departementale 4096,43.83791,5.80485
202300012047,4,6,2023,2025-12-05 12:01:00,1,78,78455,1,1,1,5,A13,48.858979,2.050774
202300012048,16,8,2023,2025-12-05 07:54:00,1,54,54303,1,6,5,2,D590,48.53950443,6.57824635
202300012049,23,11,2023,2025-12-05 13:50:00,1,28,28280,2,5,1,3,Rue De La Fuye,48.324007,0.812141
202300012050,8,7,2023,2025-12-05 13:45:00,1,75,75118,2,1,1,3,Avenue De La Porte De Saint Ouen,48.900468,2.330182
202300012051,8,7,2023,2025-12-05 08:45:00,1,75,75117,2,1,1,7,Avenue De La Grande Armee,48.877099,2.285174
202300012052,4,6,2023,2025-12-05 20:00:00,1,92,92078,1,1,1,4,Autoroute A86,48.93020885,2.32579343
202300012053,15,8,2023,2025-12-05 18:07:00,1,54,54176,1,1,1,1,Chemin De Remonville,48.63981424,6.46867275
202300012054,8,11,2023,2025-12-05 17:15:00,5,6,6152,1,6,1,2,Rond Point Des Bouillides,43.616604,7.038136
202300012055,14,8,2023,2025-12-05 17:50:00,1,73,73114,1,1,1,7,D909,45.839874,6.507079
202300012056,8,7,2023,2025-12-05 15:00:00,1,75,75116,2,2,1,3,Place De La Porte De Passy,48.857358,2.264689
202300012057,21,11,2023,2025-12-05 19:55:00,3,33,33527,1,1,1,2,A660 Pk017+800,44.61398486,-1.04812682
202300012058,4,6,2023,2025-12-05 19:00:00,1,94,94073,1,1,1,5,A86,48.77093879,2.38756083
202300012059,11,8,2023,2025-12-05 16:29:00,1,1,1160,2,1,1,2,Route De Meyrin,46.2447,6.093695
202300012060,8,7,2023,2025-12-05 08:10:00,1,75,75116,2,3,1,6,Rue Jean De La Fontaine,48.8487678,2.265691
202300012061,23,11,2023,2025-12-05 11:22:00,1,69,69019,1,1,1,2,Autoroute 6,46.10146995,4.75160136
202300012062,3,6,2023,2025-12-05 15:10:00,1,94,94018,1,1,1,2,A4,48.82535841,2.39214184
202300012063,8,7,2023,2025-12-05 20:38:00,1,75,75113,2,1,1,6,Quai D Austerlitz,48.843076,2.366609
202300012064,16,8,2023,2025-12-05 11:50:00,1,60,60695,2,1,1,7,1 Rue De La Duchesse De Chartres,49.199949,2.491441
202300012065,22,11,2023,2025-12-05 17:20:00,1,973,97305,1,1,1,3,877 Route Nationale 1,4.959644,-52.431689
202300012066,8,7,2023,2025-12-05 17:00:00,1,75,75113,2,3,1,3,Quai D Austerlitz,48.838179,2.372994
202300012067,3,6,2023,2025-12-05 18:30:00,1,93,93048,2,7,1,6,Bd Paul Vaillant Couturier / Boulevard Henri Barbusse,48.86560697,2.44378075
202300012068,17,11,2023,2025-12-05 08:05:00,2,33,33535,1,1,1,5,Avenue De Branne,44.826348,-0.454573
202300012069,3,6,2023,2025-12-05 04:30:00,2,93,93032,2,1,1,6,Rue De La Mare,48.87580721,2.55353554
202300012070,8,7,2023,2025-12-05 05:40:00,3,75,75111,2,2,1,6,Avenue Philippe Auguste,48.85356,2.392712
202300012071,15,8,2023,2025-12-05 18:30:00,1,59,59396,1,1,1,6,D961,50.27457636,3.81622553
202300012072,3,6,2023,2025-12-05 21:30:00,5,6,6012,2,1,1,3,Prince Rainier Iii (Avenue),43.751541,7.430152
202300012073,8,7,2023,2025-12-05 10:34:00,1,75,75107,2,3,1,6,Boulevard Des Invalides,48.848273,2.315705
202300012074,21,11,2023,2025-12-05 15:00:00,1,84,84119,2,1,9,2,Route D'Avignon,43.955228,4.923543
202300012075,3,6,2023,2025-12-05 20:50:00,5,974,97407,2,1,1,6,Jacques Duclos (Rue) - Riviere Des Gal,-20.96304,55.32012
202300012076,14,8,2023,2025-12-05 17:20:00,1,13,13071,1,1,1,3,A55-Sens Martigues Vers Marseille,43.38073534,5.31560451
202300012077,30,10,2023,2025-12-05 22:40:00,3,13,13081,1,9,3,7,D55,43.499873,5.232748
202300012078,7,7,2023,2025-12-05 12:39:00,1,75,75101,2,2,1,3,Boulevard De La Madeleine,48.86985,2.32806
202300012079,3,6,2023,2025-12-05 15:15:00,1,69,69388,2,2,1,3,Rue Professeur Beauvisage,45.73158,4.87392
202300012080,7,7,2023,2025-12-05 05:55:00,1,75,75104,2,3,1,3,Place Du Chatelet,48.857184,2.347337
202300012081,7,11,2023,2025-12-05 17:15:00,1,86,86294,1,2,1,3,D40,46.618259,0.167658
202300012082,3,6,2023,2025-12-05 09:35:00,1,69,69386,2,2,7,3,Rue Michel Rambaud,45.76907,4.8605
202300012083,23,11,2023,2025-12-05 04:20:00,5,72,72264,2,1,2,6,13 Avenue Joel Le Theule,47.839018,-0.325327
202300012084,11,8,2023,2025-12-05 17:10:00,1,59,59462,1,1,1,2,Autoroute A1,50.51276968,3.03211786
202300012085,7,7,2023,2025-12-05 02:10:00,5,75,75104,2,2,1,3,Quai De La Corse,48.85618,2.346474
202300012086,3,6,2023,2025-12-05 00:25:00,3,95,95680,1,1,1,1,D970,49.01377977,2.41339803
202300012087,22,11,2023,2025-12-05 05:30:00,3,72,72336,1,6,1,1,Avenue Jean Monnet,47.838301,-0.296127
202300012088,8,7,2023,2025-12-05 12:55:00,1,94,94068,2,2,1,3,Chevalier (R),48.789196,2.503619
202300012089,3,6,2023,2025-12-05 14:20:00,1,91,91377,2,6,1,3,Rue Ampere,48.72096,2.27268
202300012090,8,7,2023,2025-12-05 18:30:00,1,94,94046,2,2,1,3,Rue De La Convention,48.813378,2.446783
202300012091,14,8,2023,2025-12-05 18:15:00,1,94,94038,1,1,1,4,A6B,48.7772797,2.34594496
202300012092,20,11,2023,2025-12-05 16:50:00,1,80,80685,2,6,2,1,Cd 34 (Route D'Amiens),49.706623,2.776709
202300012093,3,6,2023,2025-12-05 15:40:00,1,91,91421,2,3,1,3,Corbeil (Route De),48.71012,2.44175
202300012094,8,7,2023,2025-12-05 14:40:00,1,94,94037,2,1,1,1,Rue Albert Guilpin,48.81644,2.34935
202300012095,26,10,2023,2025-12-05 07:00:00,2,67,67218,1,1,2,3,M35,48.53262,7.69756
202300012096,1,6,2023,2025-12-05 13:40:00,1,86,86066,2,6,1,3,Avenue Robert Schuman,46.81303,0.5442
202300012097,8,7,2023,2025-12-05 13:00:00,1,94,94076,2,1,1,3,Paris (Av De),48.80560546,2.36377998
202300012098,14,8,2023,2025-12-05 15:03:00,1,94,94003,1,1,1,5,A6A,48.80488154,2.34201558
202300012099,22,11,2023,2025-12-05 18:30:00,3,91,91617,1,1,1,2,Rn 104,48.6347,2.5353
202300012100,8,7,2023,2025-12-05 02:00:00,5,94,94022,2,1,1,3,2 Avenue Victor Hugo,48.76695,2.41485
202300012101,31,5,2023,2025-12-05 16:20:00,1,83,83009,1,1,1,2,Beausset (Route Du),43.152474,5.76377
202300012102,22,11,2023,2025-12-05 08:30:00,1,91,91659,1,1,1,3,Autoroute A6,48.58408,2.4552
202300012103,7,7,2023,2025-12-05 20:45:00,2,94,94002,2,1,7,6,Rue Nelson Mandela,48.78418,2.42362
202300012104,13,8,2023,2025-12-05 23:43:00,3,77,77251,1,1,1,2,Autoroute A5A,48.6086,2.57868
202300012105,2,6,2023,2025-12-05 20:56:00,1,83,83129,2,9,1,1,Pertuade (Chemin De La),43.11019,5.83786
202300012106,22,11,2023,2025-12-05 07:52:00,1,78,78646,1,1,1,5,Rn12,48.7912,2.071901
202300012107,8,7,2023,2025-12-05 18:15:00,1,93,93064,2,1,1,2,Rue Du General Leclerc,48.86826562,2.49189792
202300012108,3,6,2023,2025-12-05 18:25:00,1,78,78650,2,2,1,1,Montesson (Route De),48.90268,2.13688
202300012109,21,11,2023,2025-12-05 18:05:00,3,78,78291,1,1,2,2,A13,48.965153,1.759841
202300012110,21,11,2023,2025-12-05 14:00:00,1,78,78640,1,1,2,6,Rn12 Ext,48.781214,2.170323
202300012111,8,7,2023,2025-12-05 12:00:00,1,93,93046,2,2,1,3,Avenue Leon Blum / Boulevard Marx Dormoy,48.91025,2.52762
202300012112,3,6,2023,2025-12-05 19:55:00,1,78,78638,2,2,1,3,Clos (Rue Du),49.003925,1.9666547
202300012113,8,7,2023,2025-12-05 19:30:00,1,93,93029,2,1,1,3,Avenue Henri Barbusse,48.92072962,2.45324136
202300012114,13,8,2023,2025-12-05 02:07:00,5,94,94043,1,1,1,2,A6B,48.81308429,2.35419577
202300012115,21,11,2023,2025-12-05 07:30:00,5,78,78238,1,1,3,4,A13,48.970015,1.869791
202300012116,7,7,2023,2025-12-05 22:00:00,4,93,93027,2,1,1,6,Avenue Paul Vaillant Couturier,48.92029,2.41025
202300012117,21,11,2023,2025-12-05 11:05:00,1,92,92047,1,1,2,6,A13,48.83462607,2.17191184
202300012118,13,8,2023,2025-12-05 01:40:00,3,94,94038,1,1,1,2,A6A,48.77633175,2.34605055
202300012119,8,7,2023,2025-12-05 12:38:00,1,92,92075,2,9,1,7,Raymond Marcheron (Rue),48.8181927,2.28459567
202300012120,22,11,2023,2025-12-05 09:15:00,1,93,93010,1,1,1,3,Autoroute A3,48.90138002,2.47016001
202300012121,3,6,2023,2025-12-05 12:30:00,1,77,77186,1,1,1,4,D138,48.43968,2.72727
202300012122,8,7,2023,2025-12-05 17:32:00,1,92,92064,2,3,1,3,Marcel Dassault,48.85411804,2.22257406
202300012123,28,12,2023,2025-12-05 17:18:00,2,43,43041,2,9,1,3,Rue De Genebret,45.0508,3.90863
202300012124,3,6,2023,2025-12-05 23:00:00,5,76,76681,2,3,1,1,Rue Pierre Corneille,49.423341,1.089779
202300012125,8,7,2023,2025-12-05 05:45:00,2,92,92048,2,1,2,7,Croix Du Val (Rue De La),48.81258763,2.24003948
202300012126,14,6,2023,2025-12-05 20:10:00,1,94,94034,1,1,1,4,A86,48.75842,2.32572
202300012127,22,11,2023,2025-12-05 07:00:00,3,93,93005,1,1,1,4,Autoroute A3,48.94684,2.47625
202300012128,23,12,2023,2025-12-05 07:06:00,5,37,37233,2,1,1,6,Duclos (Avenue Jacques),47.377524,0.716063
202300012129,14,8,2023,2025-12-05 19:00:00,1,93,93013,1,1,3,6,Autoroute A1,48.94239,2.43039
202300012130,3,6,2023,2025-12-05 18:55:00,1,72,72181,2,1,1,3,Beethoven (Allee),47.96992,0.2086
202300012131,8,7,2023,2025-12-05 10:15:00,1,92,92040,2,2,1,1,Rouget De L'Isle,48.82896352,2.26428616
202300012132,22,11,2023,2025-12-05 18:13:00,3,77,77337,1,1,1,2,A4.Y,48.8302764,2.61245605
202300012133,14,8,2023,2025-12-05 06:55:00,2,93,93064,1,1,1,3,Autoroute A86,48.86256315,2.48291334
202300012134,27,12,2023,2025-12-05 19:50:00,5,35,35238,2,2,2,2,Patton (Avenue Du General Sir Georges),48.135031,-1.659642
202300012135,22,9,2023,2025-12-05 19:00:00,2,74,74012,2,1,3,3,Dupraz (Rue Du Cp Charles),46.19155,6.23536
202300012136,9,7,2023,2025-12-05 10:45:00,1,40,40296,2,3,1,3,Avenue Des Tucs,43.695927,-1.430566
202300012137,3,6,2023,2025-12-05 13:45:00,1,72,72095,1,2,1,3,Ballon (Rte De),48.04189,0.21417
202300012138,13,8,2023,2025-12-05 23:40:00,3,93,93007,1,1,1,2,Autoroute A3,48.93750165,2.47995195
202300012139,28,12,2023,2025-12-05 12:50:00,1,33,33281,2,2,1,6,Rue Raoul Amat,44.8442,-0.64491
202300012140,8,7,2023,2025-12-05 20:50:00,1,62,62265,1,1,1,7,D341,50.64770761,2.21944781
202300012141,13,8,2023,2025-12-05 22:00:00,3,93,93006,1,1,1,2,Autoroute A3,48.86611228,2.41541368
202300012142,27,8,2023,2025-12-05 12:09:00,1,74,74309,1,5,8,6,2360 Route De Bellegarde,46.11349,6.007612
202300012143,3,6,2023,2025-12-05 16:46:00,1,69,69029,2,9,1,3,Boulevard De L'Universite,45.72338,4.91878
202300012144,8,7,2023,2025-12-05 22:20:00,4,62,62644,2,1,1,7,D193E1,50.648974,2.141867
202300012145,28,12,2023,2025-12-05 20:50:00,4,31,31555,2,2,1,3,Bd Silvio Trentin,43.625638,1.431044
202300012146,9,7,2023,2025-12-05 06:50:00,1,22,22065,2,1,1,7,23 Rue D'Armor,48.606486,-3.014749
202300012147,3,6,2023,2025-12-05 12:00:00,1,69,69029,2,1,1,6,Route De Genas,45.74684862,4.92440663
202300012148,27,8,2023,2025-12-05 06:40:00,2,74,74309,1,1,3,1,2461 Route De Bellegarde,46.112938,6.003113
202300012149,11,8,2023,2025-12-05 14:55:00,1,988,98818,2,2,1,3,Rue Taragnat/Rue De La Seine,-22.27687,166.45763
202300012150,21,12,2023,2025-12-05 19:20:00,5,18,18033,2,1,1,6,Boulevard De Strasbourg,47.081617,2.40211
202300012151,12,8,2023,2025-12-05 01:30:00,5,987,98735,2,7,1,6,Destremeau (Rue Bloc Station Tipaerui),-17.54634,-149.58053
202300012152,13,8,2023,2025-12-05 08:00:00,1,14,14047,2,1,1,3,19 Rue Royale,49.277446,-0.708569
202300012153,8,7,2023,2025-12-05 18:10:00,1,22,22004,1,1,1,7,"Rd767, Pr 40+474, Sens Guingamp Lannion",48.646478,-3.32786
202300012154,2,6,2023,2025-12-05 20:10:00,1,67,67482,2,3,1,3,Francois Mitterrand (Avenue),48.58497,7.69438
202300012155,28,12,2023,2025-12-05 17:00:00,1,17,17415,2,1,1,6,Guillet Maillet 1-65,45.746994,-0.628381
202300012156,13,8,2023,2025-12-05 07:00:00,1,976,97611,2,1,1,6,Mamoudzou Centre-Commandant Passot (Plac,-12.782265,45.2337882
202300012157,28,12,2023,2025-12-05 18:30:00,5,15,15012,2,1,1,6,Rd 320,44.902558,2.457336
202300012158,2,6,2023,2025-12-05 20:15:00,2,67,67180,1,1,7,2,Haguenau (Route De),48.78649981,7.8116709
202300012159,13,8,2023,2025-12-05 20:30:00,3,974,97416,1,1,1,6,Rn3 (Ancienne Route),-21.30013,55.50227
202300012160,8,7,2023,2025-12-05 17:40:00,1,62,62397,2,1,1,6,D215E4,50.869763,1.873915
202300012161,9,8,2023,2025-12-05 07:25:00,1,14,14474,1,1,2,6,D613,49.138126,-0.006877
202300012162,9,7,2023,2025-12-05 14:10:00,1,30,30288,2,1,1,6,1434 Route Nationale,44.201201,4.626623
202300012163,28,12,2023,2025-12-05 10:25:00,1,15,15012,2,3,1,3,Rd 990,44.89744,2.468352
202300012164,13,8,2023,2025-12-05 16:30:00,1,974,97411,2,1,1,4,Jaures (Boulevard Jean),-20.8932,55.46972
202300012165,13,8,2023,2025-12-05 09:50:00,1,974,97411,2,1,1,6,Nonge (Avenue Eudoxie),-20.89863,55.49591
202300012166,21,11,2023,2025-12-05 11:15:00,1,974,97416,1,1,1,5,Rn03,-21.33061,55.4687
202300012167,8,7,2023,2025-12-05 16:15:00,1,19,19234,1,3,1,3,Adresse_Inconnue,45.32126266,1.5689131
202300012168,27,12,2023,2025-12-05 16:35:00,1,14,14333,1,6,1,3,Cd 580,49.41289,0.26936
202300012169,3,6,2023,2025-12-05 06:50:00,1,59,59360,2,1,1,2,Doumer Paul Rue,50.5991,3.03863
202300012170,13,8,2023,2025-12-05 01:25:00,5,973,97302,2,1,1,3,Voltaire(Avenue),4.94153,-52.3258
202300012171,28,12,2023,2025-12-05 17:15:00,4,13,13054,2,1,1,6,8 Mai 1945 (Av Du ),43.41756,5.22797
202300012172,21,11,2023,2025-12-05 07:00:00,1,974,97416,1,1,1,2,Rn3 (2),-21.31433,55.49343
202300012173,13,8,2023,2025-12-05 14:45:00,1,972,97209,1,9,1,6,Rd 13,14.63188,-61.03947
202300012174,9,7,2023,2025-12-05 12:15:00,1,65,65002,2,3,1,3,Rn 21,43.14401,-0.025717
202300012175,28,12,2023,2025-12-05 10:40:00,1,13,13201,2,9,1,6,Canebiere     70 A Fin,43.2974,5.38137
202300012176,2,6,2023,2025-12-05 16:20:00,1,59,59527,2,3,1,3,Carnot Sadi Rue,50.66523,3.05966
202300012177,13,8,2023,2025-12-05 04:50:00,5,2B,2B120,1,1,1,7,Route Du Village,42.654331,9.441167
202300012178,21,11,2023,2025-12-05 08:30:00,1,974,97411,2,6,1,2,Riviere Des Pluies (Route De La),-20.90222,55.50307
202300012179,28,12,2023,2025-12-05 05:00:00,5,13,13215,2,3,1,3,Commanderie (Chemin),43.34206643,5.36207707
202300012180,2,6,2023,2025-12-05 20:00:00,1,59,59350,1,1,1,2,Pasteur Louis Boulevard,50.62985,3.08233
202300012181,8,7,2023,2025-12-05 15:50:00,1,89,89380,1,2,1,3,Adresse_Inconnue,48.078918,3.089816
202300012182,12,8,2023,2025-12-05 12:15:00,1,86,86066,1,1,2,7,D725,46.824567,0.620234
202300012183,20,11,2023,2025-12-05 09:30:00,1,974,97409,2,1,1,3,Bras Des Chevrettes (Chemin),-20.95701,55.62527
202300012184,28,12,2023,2025-12-05 09:20:00,1,13,13204,2,1,8,4,Chartreux (Avenue Des),43.30473,5.39881
202300012185,9,7,2023,2025-12-05 06:05:00,2,46,46231,1,1,1,6,D 811,44.505665,1.151086
202300012186,13,8,2023,2025-12-05 08:05:00,1,85,85194,2,1,1,7,17 Rue Roland Moreno,46.488156,-1.7414765
202300012187,3,6,2023,2025-12-05 19:00:00,1,59,59043,1,3,1,3,Lille (Route De),50.72837,2.77167
202300012188,28,12,2023,2025-12-05 08:20:00,1,13,13208,2,1,1,1,Benedetti (Rue De),43.277303,5.394606
202300012189,8,7,2023,2025-12-05 19:20:00,1,29,29208,1,1,1,2,Langonery,48.495386,-4.688249
202300012190,3,6,2023,2025-12-05 21:40:00,2,54,54395,2,9,1,6,Rond Point Marcel Brot,48.67717509,6.20538443
202300012191,12,8,2023,2025-12-05 11:40:00,1,83,83141,1,1,1,6,D 1555(Sortie Village Vers Draguignan),43.51476629,6.47644629
202300012192,21,11,2023,2025-12-05 13:34:00,1,973,97302,2,3,1,3,Estrees (Avenue D'),4.94077,-52.32368