num_acc,jour,mois,an,hrmn,lum,dep,com,agg,int,atm,col,adr,lat,long
202300012193,9,7,2023,2025-12-05 09:40:00,1,2,2543,1,1,1,6,D973,49.161684,3.281039
202300012194,12,8,2023,2025-12-05 12:15:00,1,83,83050,1,6,1,3,Koenig(Avenue Du Marechal),43.52492261,6.50832412
202300012195,27,12,2023,2025-12-05 17:00:00,2,13,13215,2,1,1,2,Henri Barnier (Boulevard),43.36977,5.34567
202300012196,2,6,2023,2025-12-05 17:20:00,1,54,54149,1,3,1,3,D27,49.44725,5.91864
202300012197,20,11,2023,2025-12-05 22:55:00,3,973,97302,2,2,1,7,Felix Eboue(Rocade),4.93102508,-52.31328017
202300012198,8,7,2023,2025-12-05 22:25:00,3,54,54325,1,1,1,7,D133,48.43787339,6.38089265
202300012199,13,8,2023,2025-12-05 06:40:00,2,82,82121,2,1,1,6,1270 Route De Molieres,44.05022,1.35889
202300012200,3,6,2023,2025-12-05 06:14:00,1,51,51454,2,2,1,6,Pommery (Boulevard),49.253345,4.054149
202300012201,24,12,2023,2025-12-05 21:15:00,5,12,12305,1,6,1,3,Pimpeu Lieu-Dit,44.55917,2.21937
202300012202,8,7,2023,2025-12-05 18:05:00,1,72,72072,1,1,1,7,Chemin De La Poupetterie,47.808781,0.198779
202300012203,13,8,2023,2025-12-05 14:10:00,1,79,79329,2,1,1,7,Adresse_Inconnue,46.99196,-0.2171
202300012204,21,11,2023,2025-12-05 20:22:00,5,69,69386,2,3,1,3,Rue Garibaldi,45.77125,4.84988
202300012205,25,6,2023,2025-12-05 03:15:00,3,6,6105,2,1,1,6,Chemin Du Romanil,43.688849,7.042987
202300012206,2,6,2023,2025-12-05 17:45:00,1,50,50129,2,1,1,1,Eaux (Chasse A),49.63638,-1.57188
202300012207,13,8,2023,2025-12-05 16:45:00,1,79,79081,2,1,1,6,Adresse_Inconnue,46.34221,-0.38233
202300012208,9,7,2023,2025-12-05 00:05:00,3,50,50086,1,1,1,6,Route Du Hameau Valognes,49.611739,-1.403031
202300012209,21,11,2023,2025-12-05 12:15:00,1,972,97213,2,7,1,3,Route Nationale 1,14.62279,-60.98974
202300012210,13,8,2023,2025-12-05 08:38:00,1,77,77237,1,1,1,2,D10,48.843955,2.749072
202300012211,9,7,2023,2025-12-05 04:17:00,5,60,60129,2,1,1,7,Hameau Belle Hourde,49.522314,3.027274
202300012212,3,6,2023,2025-12-05 19:05:00,1,49,49007,2,2,1,3,Bichon Place,47.4784,-0.5646
202300012213,28,12,2023,2025-12-05 17:05:00,5,6,6088,2,2,1,3,Arson (Rue),43.7004573,7.2865733
202300012214,12,8,2023,2025-12-05 18:47:00,1,76,76114,2,1,1,6,Martyrs De La Resistance (Rue Des),49.57349,0.47737
202300012215,8,7,2023,2025-12-05 05:35:00,2,60,60030,1,1,1,1,D927,49.35804846,2.10045146
202300012216,3,6,2023,2025-12-05 07:50:00,1,49,49246,2,6,7,3,Gallieni Avenue,47.4337,-0.52967
202300012217,19,11,2023,2025-12-05 18:10:00,5,972,97209,2,1,1,5,Bouille (Rue),14.60418,-61.06518
202300012218,27,12,2023,2025-12-05 18:30:00,5,75,75114,2,1,1,3,Porte De Chatillon,48.822561,2.314169
202300012219,9,7,2023,2025-12-05 13:40:00,1,53,53255,1,1,1,7,Rd 143,48.11001,-0.337121
202300012220,13,8,2023,2025-12-05 19:30:00,1,71,71270,2,1,3,1,Liberte (Rue De La),46.32299302,4.81172175
202300012221,2,6,2023,2025-12-05 12:30:00,1,47,47215,1,1,1,2,Av De Saint Antoine,44.36227,0.70399
202300012222,22,11,2023,2025-12-05 00:05:00,5,95,95203,2,6,2,6,Roger Salengro (Place),48.9899,2.27641
202300012223,28,12,2023,2025-12-05 11:40:00,1,75,75117,2,1,8,3,Rue Ampere,48.885204,2.305584
202300012224,9,7,2023,2025-12-05 10:00:00,1,40,40309,2,2,1,3,Avenue Du 11 Novembre 1918,43.789526,-0.714801
202300012225,3,6,2023,2025-12-05 10:00:00,1,45,45285,2,1,1,3,124 Rue Charles Beauhaire,47.91424,1.87088
202300012226,13,8,2023,2025-12-05 04:00:00,3,69,69266,2,1,1,6,Boulevard Laurent Bonnevay,45.78765,4.8819
202300012227,28,12,2023,2025-12-05 20:30:00,5,75,75115,2,1,1,3,Boulevard De Vaugirard,48.840892,2.316595
202300012228,8,7,2023,2025-12-05 19:50:00,1,24,24002,1,1,1,6,D69 - Pk 9+600,45.307493,0.734711
202300012229,5,11,2023,2025-12-05 23:40:00,5,95,95598,2,2,1,3,D928,48.990937,2.289383
202300012230,13,8,2023,2025-12-05 22:00:00,5,69,69264,2,2,1,3,Boulevard Louis Blanc,45.98864,4.72163
202300012231,28,12,2023,2025-12-05 18:50:00,5,75,75115,2,7,1,6,Rue Cambronne,48.847782,2.301582
202300012232,3,6,2023,2025-12-05 19:30:00,1,44,44162,2,6,1,2,Route De Vannes,47.25167,-1.62159
202300012233,5,7,2023,2025-12-05 05:45:00,2,24,24311,2,9,1,3,Rue Du Pave,45.53306,0.662667
202300012234,20,11,2023,2025-12-05 12:45:00,1,91,91552,2,4,1,6,Rte Nationale 20,48.60151,2.24697
202300012235,8,7,2023,2025-12-05 16:08:00,1,24,24026,1,1,7,6,Pr 39+150 Metres (Sens Croissant),45.195466,0.87985
202300012236,13,8,2023,2025-12-05 20:10:00,1,69,69199,2,1,2,6,Avenue Jean Jaures,45.71079,4.85511
202300012237,3,6,2023,2025-12-05 15:45:00,1,38,38421,2,3,1,3,Jules Valles (Avenue),45.17657,5.75234
202300012238,28,12,2023,2025-12-05 06:00:00,5,75,75115,2,2,1,3,Rue De La Croix Nivert,48.843614,2.295743
202300012239,13,8,2023,2025-12-05 18:00:00,1,65,65440,2,1,1,6,Boulevard Henri Iv,43.23553,0.0563
202300012240,21,11,2023,2025-12-05 08:40:00,1,91,91191,2,9,2,3,Francois Mitterrand (Avenue),48.722664,2.466076
202300012241,9,7,2023,2025-12-05 01:35:00,4,4,4149,1,9,1,1,D4096,44.016336,5.92707
202300012242,28,12,2023,2025-12-05 15:15:00,1,75,75107,2,2,1,3,Rue De Constantine,48.859945,2.314836
202300012243,2,6,2023,2025-12-05 16:50:00,1,37,37261,2,1,7,3,Marmoutier (Quai De),47.40272,0.72189
202300012244,13,8,2023,2025-12-05 17:57:00,1,59,59122,2,6,1,3,Ile De France (Rue D'),50.16162,3.25757
202300012245,8,7,2023,2025-12-05 14:20:00,1,85,85047,1,2,1,3,Chemin De La Poiliere,46.7947259,-1.83546245
202300012246,21,11,2023,2025-12-05 19:20:00,5,91,91479,2,4,1,3,Rte De Fontainebleau,48.711622,2.371114
202300012247,27,12,2023,2025-12-05 20:40:00,5,94,94081,2,2,2,3,Avenue Ernest Havet,48.78781,2.40256
202300012248,13,8,2023,2025-12-05 17:55:00,1,51,51454,2,1,1,3,Mathieu (Rue Leon) Du Ndeg1 A 49 Et Du Ndeg2,49.24042,4.00994
202300012249,3,6,2023,2025-12-05 22:45:00,5,35,35238,2,2,1,3,Sergent Maginot (Avenue),48.10993018,-1.655505
202300012250,8,7,2023,2025-12-05 05:45:00,2,27,27251,1,1,1,3,1309 Route De Bernay,49.091572,0.669599
202300012251,28,12,2023,2025-12-05 18:37:00,5,94,94041,2,1,1,6,Danielle Casanova (Av),48.813907,2.384566
202300012252,13,8,2023,2025-12-05 08:50:00,1,45,45234,2,1,1,3,24 Rue Royale,47.89921,1.90417
202300012253,20,11,2023,2025-12-05 18:20:00,5,91,91479,2,2,2,3,Rue Du Docteur Charcot,48.70376,2.35354
202300012254,3,6,2023,2025-12-05 01:20:00,5,34,34301,2,1,1,1,12 Avenue Antoine De Saint Exupery,43.4129,3.66457
202300012255,8,7,2023,2025-12-05 19:10:00,1,30,30062,2,2,1,3,Rue Andre Hebrard,43.7861,4.2022
202300012256,13,8,2023,2025-12-05 18:30:00,1,44,44215,1,1,1,7,Adresse_Inconnue,47.1815,-1.50213
202300012257,28,12,2023,2025-12-05 09:55:00,1,93,93078,2,1,1,6,Avenue Roger Salengro,48.95464,2.53785
202300012258,21,11,2023,2025-12-05 05:42:00,5,87,87085,2,1,2,6,Giffard (Rue Henri),45.87009,1.2698
202300012259,3,6,2023,2025-12-05 20:00:00,1,34,34172,2,3,1,3,37 Rue De La Figairasse,43.6054149,3.85372147
202300012260,8,7,2023,2025-12-05 19:30:00,1,38,38449,1,1,1,3,Autoroute A43 De Chambery A Lyon,45.647318,5.125079
202300012261,13,8,2023,2025-12-05 18:25:00,1,43,43157,2,3,1,1,Rue Charles Rocher,45.03955,3.88046
202300012262,27,12,2023,2025-12-05 18:20:00,5,93,93073,2,2,1,3,Avenue Du General Pouderoux / Rue Charles Cros,48.96704,2.56797
202300012263,3,6,2023,2025-12-05 21:40:00,5,33,33039,2,2,8,3,Boulevard Jean-Jacques Bosc,44.81699,-0.54849
202300012264,30,7,2023,2025-12-05 11:30:00,1,38,38053,2,1,1,6,Tribunal,45.5866,5.2776
202300012265,8,7,2023,2025-12-05 18:00:00,2,988,98817,2,6,2,6,Avenue Des Deux Baies/Rue Des Moratia,-22.21992,166.48994
202300012266,3,6,2023,2025-12-05 12:15:00,1,33,33063,2,1,1,3,Boulevard Alfred Daney,44.86725,-0.57251
202300012267,20,11,2023,2025-12-05 18:05:00,2,84,84007,1,1,1,4,Marseille (Route)-Montfavet,43.90223,4.89443
202300012268,8,7,2023,2025-12-05 19:50:00,1,77,77005,1,1,1,2,D418,48.908821,2.710233
202300012269,28,12,2023,2025-12-05 14:40:00,1,92,92050,2,2,1,3,Bouvets Boulevard Des,48.89686,2.22403
202300012270,12,8,2023,2025-12-05 14:10:00,1,33,33529,1,1,1,1,Biscarosse (Ave) Dune Vers Bisca,44.5867,-1.2051
202300012271,7,7,2023,2025-12-05 22:10:00,4,91,91249,1,1,1,1,Rue Du Ruisseau,48.619612,2.080075
202300012272,12,8,2023,2025-12-05 17:44:00,1,31,31555,2,1,1,3,Av Maurice Magre,43.576307,1.383149
202300012273,3,6,2023,2025-12-05 01:30:00,3,33,33318,2,1,1,1,Avenue Du Haut Leveque,44.794,-0.65785
202300012274,19,11,2023,2025-12-05 16:16:00,1,84,84007,2,1,1,2,Marseille (Route De ),43.90592,4.89098
202300012275,28,12,2023,2025-12-05 20:20:00,5,92,92012,2,2,1,3,Andre Morizet (Avenue) 1/47 - 2/52,48.8350074,2.24128246
202300012276,6,7,2023,2025-12-05 21:10:00,2,66,66008,2,3,1,6,Adresse_Inconnue,42.54481,3.036593
202300012277,13,8,2023,2025-12-05 05:25:00,4,29,29039,2,6,1,6,Place De L'Eglise,47.888716,-3.90178
202300012278,3,6,2023,2025-12-05 10:59:00,1,27,27229,2,1,1,3,Cocherel (Rue De),49.020658,1.181701
202300012279,7,7,2023,2025-12-05 19:10:00,1,66,66008,1,6,1,3,Adresse_Inconnue,42.551382,2.997293
202300012280,29,12,2023,2025-12-05 20:10:00,3,66,66172,1,1,1,6,Adresse_Inconnue,42.70289619,2.86487818
202300012281,5,7,2023,2025-12-05 18:00:00,1,34,34127,2,1,1,7,201 Route De Mauguio,43.648117,4.068943
202300012282,19,11,2023,2025-12-05 01:11:00,5,84,84007,2,6,1,3,Folie (Avenue De La),43.9469,4.82858
202300012283,29,12,2023,2025-12-05 11:15:00,1,22,22311,2,1,1,3,14 Rue Des Tilleuls,48.545489,-2.229635
202300012284,2,6,2023,2025-12-05 14:35:00,1,26,26198,1,1,1,4,Teil (Route Du),44.55537,4.719969
202300012285,7,7,2023,2025-12-05 19:10:00,1,84,84054,1,1,1,6,Route D'Apt,43.912601,5.073713
202300012286,20,11,2023,2025-12-05 07:55:00,1,83,83144,2,1,1,6,Farnous (Imp /  Rue J.),43.13698,5.98229
202300012287,29,12,2023,2025-12-05 12:40:00,1,17,17015,1,1,3,6,D114,45.560627,-0.859492
202300012288,12,8,2023,2025-12-05 12:20:00,1,18,18279,1,1,2,6,Adresse_Inconnue,47.249876,2.060307
202300012289,3,6,2023,2025-12-05 23:50:00,3,22,22187,2,1,1,6,Surcouf (Rue),48.53727,-2.72104
202300012290,30,6,2023,2025-12-05 20:50:00,1,84,84036,2,2,7,3,Route Du Thor,43.926749,4.94845
202300012291,18,11,2023,2025-12-05 16:25:00,1,83,83137,2,1,1,1,Ollivier (Rue Emile),43.11988,5.94376
202300012292,29,12,2023,2025-12-05 15:00:00,1,41,41040,1,1,1,3,D957,47.679316,1.218066
202300012293,3,6,2023,2025-12-05 02:10:00,3,18,18279,1,1,1,6,Route Du Village D'En Haut,47.236643,2.116123
202300012294,13,8,2023,2025-12-05 20:36:00,1,17,17300,2,1,1,7,Bel Air Rue,46.167794,-1.167352
202300012295,9,7,2023,2025-12-05 13:34:00,1,6,6146,1,1,1,6,M2205,43.918608,7.189457
202300012296,15,11,2023,2025-12-05 13:30:00,1,83,83123,2,1,1,3,Deuxieme Spahis (Avenue Du),43.12015367,5.80287832
202300012297,3,6,2023,2025-12-05 21:50:00,2,17,17306,2,1,1,3,Hedde (Avenue Daniel),45.63699,-1.028429
202300012298,8,7,2023,2025-12-05 02:10:00,3,13,13066,1,9,1,7,D26,43.872921,4.915514
202300012299,12,8,2023,2025-12-05 15:15:00,1,14,14302,1,2,1,7,Route De Villers,49.289812,0.078699
202300012300,13,8,2023,2025-12-05 18:25:00,1,13,13216,2,1,1,7,Andre Roussin (Avenue),43.36177,5.3395
202300012301,3,6,2023,2025-12-05 11:25:00,1,14,14118,2,1,1,3,Boulevard Des Baladas,49.17177,-0.37687
202300012302,28,12,2023,2025-12-05 21:14:00,5,37,37266,1,1,8,2,"Autoroute 85, Peage De Veigne, Sens Angers-Vierzon",47.31187612,0.7346034
202300012303,21,11,2023,2025-12-05 17:45:00,5,77,77284,2,2,2,6,D360,48.957564,2.875926
202300012304,7,7,2023,2025-12-05 18:55:00,2,21,21138,1,3,7,3,D905,47.204788,5.324681
202300012305,29,12,2023,2025-12-05 09:50:00,1,62,62207,2,1,3,6,D901E1,50.45419771,1.75529373
202300012306,2,6,2023,2025-12-05 17:00:00,1,13,13043,2,1,1,1,Gal Raoul Salan (Av Du ),43.3965,5.21961
202300012307,12,8,2023,2025-12-05 16:40:00,1,13,13028,2,2,1,3,Cd 559 (Chemin Departementaldeg,43.18536075,5.66173972
202300012308,29,12,2023,2025-12-05 05:00:00,3,89,89367,1,1,2,6,D9 Lieu Dit  Le Deffand,47.625488,3.295341
202300012309,8,7,2023,2025-12-05 15:00:00,1,68,68296,1,2,1,3,Rue De La Gare,48.22746,7.380672
202300012310,13,8,2023,2025-12-05 18:17:00,1,6,6004,2,1,1,2,Nice(Rn.7) Av.Et Rte De,43.606144,7.123598
202300012311,3,6,2023,2025-12-05 08:00:00,1,13,13004,2,1,1,6,Av Des Alyscamps,43.67423046,4.63227691
202300012312,21,11,2023,2025-12-05 19:30:00,5,77,77438,2,2,2,1,D217B,48.8496,2.67774
202300012313,7,7,2023,2025-12-05 08:50:00,1,67,67028,1,1,1,6,D212,48.355893,7.606251
202300012314,19,12,2023,2025-12-05 17:50:00,5,22,22207,2,1,2,1,Rue De La Gare,48.610796,-3.471884
202300012315,13,8,2023,2025-12-05 18:05:00,1,4,4070,2,1,1,3,Verdun ( Avenue De ),44.08805,6.22166
202300012316,8,7,2023,2025-12-05 19:30:00,1,3,3165,2,1,1,6,22-24 Place De L'Eglise,46.072836,3.66835
202300012317,21,11,2023,2025-12-05 09:37:00,1,77,77131,2,9,2,6,D402,48.81499,3.08226
202300012318,29,12,2023,2025-12-05 04:47:00,3,25,25139,1,1,2,6,D48,47.014048,6.380026
202300012319,3,6,2023,2025-12-05 06:45:00,1,13,13001,1,6,1,2,St Hilaire (Ch),43.47908,5.39396
202300012320,3,8,2023,2025-12-05 21:15:00,2,3,3185,2,6,1,3,Avenue Des Guineberts,46.33695,2.58729
202300012321,20,11,2023,2025-12-05 12:00:00,1,76,76351,2,6,2,6,Louis Blanc,49.507101,0.128483
202300012322,3,6,2023,2025-12-05 12:30:00,1,6,6088,2,1,1,3,Veil (Av. Simone),43.689242,7.201129
202300012323,28,12,2023,2025-12-05 15:30:00,1,44,44005,2,3,1,3,42 Rue De Pornic,47.116602,-1.946753
202300012324,9,7,2023,2025-12-05 11:45:00,1,38,38548,2,1,1,6,351 Avenue Des Bains,45.067526,5.547938
202300012325,13,8,2023,2025-12-05 11:20:00,1,75,75119,2,2,1,6,Rue De L Ourcq,48.890279,2.382684
202300012326,3,6,2023,2025-12-05 04:20:00,5,5,5023,2,1,1,6,Sylvestre (Rue Joseph),44.88541,6.633904
202300012327,21,11,2023,2025-12-05 08:35:00,4,76,76217,2,9,3,6,Berigny (Boulevard),49.92,1.08
202300012328,27,12,2023,2025-12-05 22:28:00,4,44,44126,2,6,1,6,6 Rue De La Croix Mouraud,47.137899,-2.19196
202300012329,8,7,2023,2025-12-05 17:45:00,1,7,7127,2,1,1,6,Route Du Puy,44.658275,4.307606
202300012330,13,8,2023,2025-12-05 11:40:00,1,75,75116,2,1,1,6,Porte Dauphine,48.87329,2.272378
202300012331,21,11,2023,2025-12-05 09:30:00,1,72,72181,2,9,8,3,Nations Unies (Bd Des),47.99538,0.22742
202300012332,3,6,2023,2025-12-05 13:35:00,1,75,75119,2,1,1,3,Bd Peripherique Exterieur,48.879766,2.407328
202300012333,9,7,2023,2025-12-05 06:30:00,2,86,86074,1,1,1,6,D21,46.586168,0.112975
202300012334,13,8,2023,2025-12-05 15:40:00,1,75,75115,2,1,1,6,Rue Gaston De Caillavet,48.848975,2.284572
202300012335,26,12,2023,2025-12-05 08:12:00,2,14,14057,1,1,1,6,Route De Bourguebus,49.11936,-0.225606
202300012336,21,11,2023,2025-12-05 07:45:00,2,72,72181,2,9,8,2,Klotz Henri-Pierre (Av),48.02028,0.16202
202300012337,12,8,2023,2025-12-05 13:20:00,1,75,75112,2,1,1,6,Avenue De Gravelle,48.824787,2.415596
202300012338,2,6,2023,2025-12-05 21:45:00,5,75,75112,2,1,1,3,Bd Peripherique Exterieur,48.827141,2.39103
202300012339,7,7,2023,2025-12-05 19:50:00,1,85,85113,2,1,1,1,50 Chemin Du Grand Pas,46.725565,-2.368192
202300012340,8,7,2023,2025-12-05 19:15:00,1,22,22208,1,1,1,7,Rue De La Liberation,48.307733,-1.999276
202300012341,21,11,2023,2025-12-05 17:50:00,2,71,71306,2,1,1,6,General De Gaulle (Quai Du),46.67546,4.36339
202300012342,13,8,2023,2025-12-05 03:30:00,5,75,75111,2,2,1,3,Rue Saint Maur,48.863062,2.379321
202300012343,27,12,2023,2025-12-05 15:40:00,1,21,21685,2,2,1,1,Rue De Montbard,47.679276,4.524034
202300012344,2,6,2023,2025-12-05 14:20:00,1,75,75118,2,1,1,4,Porte De Clignancourt,48.900954,2.346667
202300012345,8,7,2023,2025-12-05 23:45:00,3,27,27458,1,1,1,2,D321,49.328639,1.231488
202300012346,20,11,2023,2025-12-05 16:00:00,1,71,71270,2,1,1,6,Heritan (Rue De L'),46.30687,4.82933
202300012347,12,8,2023,2025-12-05 23:45:00,5,75,75119,2,1,1,3,Avenue Corentin Cariou,48.895471,2.383141
202300012348,28,12,2023,2025-12-05 23:00:00,5,21,21114,2,1,2,6,Rue Des Forges,47.648443,4.275476
202300012349,8,7,2023,2025-12-05 23:50:00,3,60,60342,2,9,1,6,D62F,49.296038,2.451748
202300012350,2,6,2023,2025-12-05 09:30:00,1,75,75113,2,1,1,2,Porte D Italie,48.816224,2.363941
202300012351,28,12,2023,2025-12-05 18:50:00,3,85,85127,2,1,2,6,Chemin Des Grandes Plantes,46.403554,-1.499773
202300012352,20,11,2023,2025-12-05 17:40:00,5,71,71076,2,3,1,3,Hugo (Avenue Victor Hugo),46.78219,4.8448
202300012353,13,8,2023,2025-12-05 18:45:00,1,75,75116,2,1,1,3,Pont D Iena,48.86017401,2.29151845
202300012354,28,6,2023,2025-12-05 15:05:00,1,59,59249,2,1,1,6,Rue Xavier Clavon,50.016133,4.039113
202300012355,31,5,2023,2025-12-05 12:50:00,1,75,75117,2,1,1,2,Bd Peripherique Exterieur,48.881911,2.282727
202300012356,13,8,2023,2025-12-05 20:05:00,2,94,94054,2,1,1,3,Route Charles Tillon,48.74478,2.38632
202300012357,8,7,2023,2025-12-05 13:55:00,1,59,59400,2,1,1,3,Rue Du Rinchon,50.644616,2.652588
202300012358,15,12,2023,2025-12-05 17:58:00,3,37,37139,1,2,1,5,D3,47.42730609,0.55045228
202300012359,21,11,2023,2025-12-05 17:45:00,5,69,69266,2,8,8,3,Rue Frederic Fays,45.7579556,4.90766754
202300012360,28,12,2023,2025-12-05 00:45:00,3,30,30249,1,6,1,7,D40,43.808692,4.231705
202300012361,3,6,2023,2025-12-05 19:50:00,1,75,75115,2,1,1,3,Quai De Grenelle,48.849971,2.282455
202300012362,12,8,2023,2025-12-05 23:30:00,4,93,93077,2,2,1,4,Grande Rue / Rue De Neuilly,48.88288,2.51378
202300012363,28,12,2023,2025-12-05 00:45:00,3,30,30085,1,1,1,6,D3,43.968272,4.479235
202300012364,20,11,2023,2025-12-05 12:55:00,1,69,69290,2,2,1,3,99 Route De Lyon,45.71110479,4.9021711
202300012365,8,7,2023,2025-12-05 15:15:00,1,91,91432,1,1,1,4,Autoroute A6,48.691,2.322
202300012366,3,6,2023,2025-12-05 10:23:00,1,75,75114,2,1,1,6,Rue Vercingetorix,48.832418,2.311017
202300012367,29,12,2023,2025-12-05 05:20:00,3,8,8015,1,1,2,6,Rue Du Marais,49.849695,4.311185
202300012368,21,11,2023,2025-12-05 23:00:00,5,67,67482,2,1,1,6,Rhin Tortu (Rue Du),48.55324,7.75774
202300012369,13,8,2023,2025-12-05 15:30:00,1,92,92025,2,2,1,3,Edgard Quinet (Bd),48.92565332,2.24724931
202300012370,29,12,2023,2025-12-05 09:00:00,1,13,13051,1,1,1,6,D15,43.582155,5.099469
202300012371,8,7,2023,2025-12-05 13:05:00,1,92,92036,1,1,1,4,A86,48.93513721,2.26665421
202300012372,3,6,2023,2025-12-05 18:15:00,1,75,75112,2,1,1,7,Rue Du Faubourg Saint Antoine,48.849803,2.386567
202300012373,15,8,2023,2025-12-05 12:30:00,1,2A,2A065,1,1,1,3,Route Departementale 81,42.133877,8.598347
202300012374,21,11,2023,2025-12-05 18:15:00,5,67,67482,2,2,2,6,Oberhausbergen (Route D ),48.59178,7.72091
202300012375,7,7,2023,2025-12-05 21:25:00,1,78,78043,1,1,1,2,A12 W,48.82734,2.078
202300012376,28,12,2023,2025-12-05 06:30:00,5,69,69019,1,1,1,2,Autoroute 6,46.095332,4.746673
202300012377,15,8,2023,2025-12-05 15:30:00,1,974,97404,1,1,1,3,183 Chemin Le Cap,-21.246525,55.385538
202300012378,2,6,2023,2025-12-05 21:15:00,2,75,75108,2,7,1,3,Place Du General Brocard,48.878014,2.305161
202300012379,21,11,2023,2025-12-05 10:10:00,1,67,67482,2,1,1,3,Eglise Rouge (Rue De L ),48.59608,7.74629
202300012380,8,7,2023,2025-12-05 07:30:00,1,93,93053,1,1,1,2,Autoroute A3,48.89707199,2.46965129
202300012381,14,8,2023,2025-12-05 17:13:00,1,28,28380,1,1,1,7,D939,48.41516,1.580186
202300012382,31,8,2023,2025-12-05 17:45:00,1,78,78537,1,1,1,2,A10,48.556714,1.938346
202300012383,3,6,2023,2025-12-05 04:07:00,5,75,75108,2,7,1,7,Place De La Concorde,48.864089,2.320196
202300012384,21,11,2023,2025-12-05 10:21:00,1,66,66136,2,3,1,3,Pia (Traverse De),42.70835,2.89463
202300012385,15,8,2023,2025-12-05 16:05:00,1,6,6046,1,9,1,1,98 Route D'Aspremont,43.764005,7.228966
202300012386,28,12,2023,2025-12-05 22:35:00,5,974,97421,2,1,1,6,103 Rd52,-21.033883,55.533121
202300012387,8,7,2023,2025-12-05 05:10:00,2,95,95527,1,1,1,5,A3,48.98424459,2.50466824
202300012388,3,6,2023,2025-12-05 19:15:00,1,75,75107,2,4,1,6,Rue De Grenelle,48.854448,2.325841
202300012389,13,8,2023,2025-12-05 17:30:00,1,84,84071,2,1,1,1,D29,43.845361,5.145679
202300012390,18,11,2023,2025-12-05 12:05:00,1,66,66136,2,3,1,3,Adresse_Inconnue,42.70142,2.89377
202300012391,26,12,2023,2025-12-05 13:25:00,1,28,28064,1,1,2,7,D21,48.805125,1.492724
202300012392,8,7,2023,2025-12-05 00:55:00,3,93,93053,1,1,1,6,Autoroute A103,48.88865176,2.47259966
202300012393,3,6,2023,2025-12-05 19:20:00,1,75,75104,2,3,1,3,Quai De L Hotel De Ville,48.854071,2.355744
202300012394,14,8,2023,2025-12-05 08:50:00,1,44,44224,1,1,1,3,Adresse_Inconnue,47.50093,-1.71651
202300012395,21,11,2023,2025-12-05 08:20:00,1,64,64445,2,6,2,2,Tourasse,43.30833,-0.33915
202300012396,7,7,2023,2025-12-05 07:00:00,1,95,95277,1,1,1,2,A3,48.97380877,2.48839259
202300012397,25,12,2023,2025-12-05 19:10:00,3,77,77376,1,1,1,3,D54A,48.933024,2.762135
202300012398,15,8,2023,2025-12-05 00:50:00,3,30,30326,1,6,1,7,D6580,44.007879,4.734802
202300012399,3,6,2023,2025-12-05 02:10:00,5,75,75104,2,4,1,6,Avenue Victoria,48.857298,2.349615
202300012400,21,11,2023,2025-12-05 06:05:00,5,64,64445,2,6,3,2,Combattants D' Indochine Des,43.31826733,-0.37837923
202300012401,7,7,2023,2025-12-05 16:30:00,1,94,94033,1,1,1,1,A86,48.8552845,2.48933585
202300012402,13,8,2023,2025-12-05 23:45:00,3,83,83092,1,1,1,6,Route De Pignans,43.307165,6.25011
202300012403,29,12,2023,2025-12-05 10:30:00,1,83,83030,1,3,1,3,D12,43.365001,6.095406
202300012404,2,6,2023,2025-12-05 19:30:00,2,75,75101,2,2,1,6,Rue De Rivoli,48.860964,2.340841
202300012405,21,11,2023,2025-12-05 18:48:00,5,64,64125,2,1,2,4,Bayonne (Avenue De),43.44866,-1.57147
202300012406,15,8,2023,2025-12-05 14:40:00,1,56,56165,1,1,1,6,Adresse_Inconnue,47.91892,-2.40461
202300012407,3,6,2023,2025-12-05 17:43:00,1,94,94069,2,1,1,6,Avenue Saint Maurice Du Valais,48.81561665,2.46172848
202300012408,6,7,2023,2025-12-05 11:50:00,1,76,76540,2,2,1,6,Rue De La Roche,49.44514,1.10337
202300012409,27,12,2023,2025-12-05 22:01:00,3,26,26362,1,1,1,2,Autoroute A 7 Pk 074.300 Sens Sud Nord,44.901856,4.875518
202300012410,28,12,2023,2025-12-05 19:30:00,5,71,71150,1,1,1,6,D906,46.228719,4.786016
202300012411,7,7,2023,2025-12-05 21:20:00,2,54,54395,2,1,1,6,Place Henri Mengin,48.68931,6.18335
202300012412,14,8,2023,2025-12-05 12:15:00,1,56,56032,1,1,1,1,La Motte,47.96214,-2.270694
202300012413,3,6,2023,2025-12-05 15:25:00,1,94,94044,2,1,7,3,20 Avenue Descartes,48.740296,2.486343
202300012414,21,11,2023,2025-12-05 18:00:00,5,64,64122,2,1,3,4,Marcel Dassault (Bd),43.45377,-1.55391
202300012415,7,7,2023,2025-12-05 18:40:00,1,25,25388,2,1,1,6,Rue Jacques Foillet,47.50025,6.81119
202300012416,29,12,2023,2025-12-05 02:30:00,4,73,73081,2,1,1,6,23 Rue Amedee V,45.68236,6.137393
202300012417,3,6,2023,2025-12-05 20:42:00,1,94,94068,2,1,1,3,121 Boulevard De Champigny,48.80696244,2.5089477
202300012418,20,11,2023,2025-12-05 17:30:00,2,64,64122,2,1,2,7,Voltaire (Impasse - Avenue),43.47641,-1.55098
202300012419,14,8,2023,2025-12-05 17:00:00,1,80,80228,2,3,1,3,Rue Georges Doudoux,50.252875,1.621014
202300012420,29,12,2023,2025-12-05 11:40:00,1,38,38344,2,1,1,6,Rue Claude Bernard,45.360702,4.802651