num_acc,jour,mois,an,hrmn,lum,dep,com,agg,int,atm,col,adr,lat,long
202300012421,7,7,2023,2025-12-05 13:45:00,1,93,93071,2,2,1,1,Avenue John Fitzgerald Kennedy / Allee Des Peupliers,48.9333,2.51616
202300012422,14,8,2023,2025-12-05 14:30:00,1,65,65039,1,1,1,7,D918,42.937983,0.340362
202300012423,21,11,2023,2025-12-05 08:43:00,1,63,63113,2,1,2,2,Jouhaux (Bd Leon),45.7935,3.1177
202300012424,28,12,2023,2025-12-05 18:20:00,5,69,69009,2,1,1,6,633 Route De Villefranche,45.94278,4.715468
202300012425,14,8,2023,2025-12-05 14:01:00,1,11,11165,1,1,1,6,Route Departementale 117,42.875913,2.157695
202300012426,5,7,2023,2025-12-05 10:10:00,1,63,63113,2,2,1,3,Clementel /Quinet,45.80004,3.1113
202300012427,3,6,2023,2025-12-05 16:00:00,1,94,94033,2,1,1,6,Avenue Parmentier,48.85506278,2.45628226
202300012428,24,12,2023,2025-12-05 05:55:00,2,85,85092,2,1,1,6,Avenue Du Marechal Juin,46.467795,-0.829853
202300012429,4,7,2023,2025-12-05 10:14:00,1,66,66136,2,1,1,6,Rue Paul Rubens,42.69587,2.917
202300012430,17,11,2023,2025-12-05 00:27:00,5,62,62193,1,1,1,6,N216,50.97276167,1.89313531
202300012431,29,12,2023,2025-12-05 18:40:00,5,60,60500,2,1,2,1,Centre Commercial Les Portes Du Valois (Galerie Marchande),49.097096,2.749892
202300012432,3,6,2023,2025-12-05 19:30:00,1,94,94028,2,9,1,2,Av Du Mal De Lattre De Tassigny,48.798002,2.455888
202300012433,21,6,2023,2025-12-05 22:20:00,5,13,13056,2,1,1,6,Republique,43.40553,5.05492
202300012434,14,8,2023,2025-12-05 18:30:00,1,63,63045,1,2,8,3,Lieu-Dit Chez Barrioux,45.789911,3.460178
202300012435,28,12,2023,2025-12-05 10:40:00,1,59,59092,2,1,1,6,Rue Henri Bocquet,50.281132,3.320644
202300012436,21,11,2023,2025-12-05 08:10:00,1,61,61001,2,1,2,2,D438,48.44297,0.09916
202300012437,3,6,2023,2025-12-05 12:00:00,1,94,94028,2,1,1,6,Avenue De La France Libre,48.7783,2.45521
202300012438,7,7,2023,2025-12-05 12:45:00,1,973,97302,2,1,1,6,Matoury (Rue),4.92666,-52.32054
202300012439,14,8,2023,2025-12-05 16:45:00,1,63,63146,1,1,1,6,Route De La Forestille,45.705471,3.419623
202300012440,27,12,2023,2025-12-05 12:30:00,1,13,13005,1,1,1,7,A52-Sens Pont De L'Etoile Vers Toulon,43.28555079,5.58582502
202300012441,21,11,2023,2025-12-05 10:00:00,1,59,59512,2,1,1,6,Jouffroy (Rue),50.68354,3.1851
202300012442,7,7,2023,2025-12-05 08:00:00,1,973,97302,2,1,2,3,Baduel (Route De),4.92838,-52.29354
202300012443,3,6,2023,2025-12-05 17:45:00,1,94,94017,2,5,1,6,Boulevard Gabriel Peri,48.8193,2.5022
202300012444,15,8,2023,2025-12-05 09:10:00,1,61,61159,1,1,1,1,D31 Pr28+800,48.662442,0.392707
202300012445,20,11,2023,2025-12-05 12:20:00,1,54,54099,1,1,3,7,Rd 138,49.25542456,5.99783062
202300012446,28,12,2023,2025-12-05 15:25:00,1,92,92002,1,1,1,4,Autoroute A86,48.76298539,2.30430529
202300012447,7,7,2023,2025-12-05 02:15:00,5,973,97302,2,1,1,1,Zephir (Rocade),4.93592763,-52.30779111
202300012448,3,6,2023,2025-12-05 10:48:00,1,94,94017,2,3,1,1,1 Rue Du Panorama,48.81747,2.51595
202300012449,14,8,2023,2025-12-05 23:25:00,3,49,49123,1,1,1,7,D347,47.23677431,-0.11212893
202300012450,21,11,2023,2025-12-05 08:33:00,1,53,53130,2,3,1,3,Gue D'Orger ( Rue Du ),48.06185,-0.78097
202300012451,28,12,2023,2025-12-05 15:35:00,1,91,91286,1,1,8,3,Autoroute A6,48.65198,2.38268
202300012452,7,7,2023,2025-12-05 09:45:00,1,69,69383,2,2,1,3,69 Boulevard Marius Vivier-Merle,45.75618,4.85895
202300012453,14,8,2023,2025-12-05 14:30:00,1,12,12006,1,2,1,2,D 25 Intersection D56 - Lieu-Dit La Capelle Farcel,44.14147,2.651101
202300012454,2,6,2023,2025-12-05 23:50:00,5,93,93027,2,2,1,2,Rue De Crevecoeur / Boulevard Pasteur,48.91956766,2.38265052
202300012455,16,11,2023,2025-12-05 15:05:00,1,50,50218,2,6,1,3,Vendeens (Av Des),48.82971,-1.56726
202300012456,28,12,2023,2025-12-05 02:50:00,3,78,78238,1,1,1,2,A13,48.96964,1.86721
202300012457,15,8,2023,2025-12-05 15:20:00,1,46,46068,1,1,1,1,Rd 8,44.464324,1.748478
202300012458,17,11,2023,2025-12-05 15:00:00,1,49,49099,2,2,1,6,Richard (Boulevard Gustave),47.06224,-0.88056
202300012459,3,6,2023,2025-12-05 16:30:00,1,93,93030,2,2,1,3,Avenue Louis Lariviere / Rue Emile Zola,48.95369,2.41637
202300012460,28,12,2023,2025-12-05 19:40:00,4,93,93010,1,1,1,2,Autoroute A3,48.88983,2.47343
202300012461,7,7,2023,2025-12-05 16:25:00,1,972,97209,1,1,1,4,Rd 41 (Rocade),14.61631,-61.05659
202300012462,28,12,2023,2025-12-05 16:15:00,1,92,92036,1,1,1,6,Autoroute A86,48.93837004,2.30014011
202300012463,6,7,2023,2025-12-05 21:00:00,5,972,97209,2,1,1,6,Chateauboeuf (Route De),14.62045,-61.04345
202300012464,21,11,2023,2025-12-05 07:45:00,2,49,49007,2,2,1,6,Haute Des Banchais,47.48375,-0.51352
202300012465,3,6,2023,2025-12-05 21:50:00,5,93,93057,2,1,1,2,Avenue Aristide Briand,48.90995507,2.50798613
202300012466,14,8,2023,2025-12-05 19:15:00,1,29,29228,1,3,1,3,Route De La Pointe Du Raz,48.02896148,-4.62804083
202300012467,7,7,2023,2025-12-05 12:30:00,1,69,69382,2,1,1,2,13 Quai Jean Moulin,45.76568,4.83798
202300012468,28,12,2023,2025-12-05 18:10:00,4,95,95212,1,1,1,6,Autoroute A1,49.03336862,2.5402969
202300012469,14,8,2023,2025-12-05 19:35:00,1,2,2474,1,1,1,7,D3090,49.692342,3.281372
202300012470,21,11,2023,2025-12-05 14:05:00,1,45,45234,2,3,2,3,42 Boulevard Alexandre Martin,47.90577517,1.9098241
202300012471,3,6,2023,2025-12-05 09:20:00,1,93,93008,2,2,1,3,Avenue Henri Barbusse / Rue De La Republique,48.90761014,2.42582299
202300012472,7,7,2023,2025-12-05 12:55:00,1,69,69384,2,2,1,1,Place Marcel Bertone,45.77762,4.8348
202300012473,15,8,2023,2025-12-05 11:20:00,1,15,15267,1,2,1,3,D120,44.932686,2.34983
202300012474,21,11,2023,2025-12-05 08:17:00,2,45,45232,1,9,2,2,D2271,47.840339,1.877389
202300012475,3,6,2023,2025-12-05 18:19:00,1,92,92078,2,1,1,2,Jean Jaures (Rue) (NdegPairs),48.93277,2.32536
202300012476,28,12,2023,2025-12-05 12:10:00,1,92,92036,1,1,1,5,Autoroute A15,48.93788866,2.29766722
202300012477,7,7,2023,2025-12-05 10:50:00,1,69,69149,2,3,1,3,Rue Fleury,45.71553,4.8074
202300012478,20,11,2023,2025-12-05 16:15:00,1,45,45286,2,1,1,3,35 Rue Du General De Gaulle,47.892334,1.918015
202300012479,3,6,2023,2025-12-05 01:11:00,5,92,92046,2,1,1,7,Vincent Moris (Rue),48.82115613,2.30839759
202300012480,13,8,2023,2025-12-05 11:20:00,1,1,1388,1,3,1,2,Route Departementale 975,46.468931,5.076338
202300012481,9,7,2023,2025-12-05 21:00:00,5,11,11262,2,1,1,6,106 Avenue De Bordeaux,43.18176,2.98142
202300012482,7,7,2023,2025-12-05 15:40:00,1,2A,2A004,2,1,1,3,Mezzavia Route De,41.94623,8.76081
202300012483,21,11,2023,2025-12-05 07:40:00,1,45,45004,1,1,1,7,D163 Pr 5 + 962,47.98521,2.8185
202300012484,11,8,2023,2025-12-05 19:25:00,1,26,26099,1,1,1,6,Route Departementale 231,44.369307,4.891094
202300012485,3,6,2023,2025-12-05 12:40:00,1,92,92073,2,3,1,3,Briand (Boulevard Aristide),48.86751,2.22694
202300012486,27,12,2023,2025-12-05 15:50:00,1,976,97611,2,1,1,3,M'Tsapere-Stade (Boulevard Du),-12.78434,45.22387
202300012487,14,8,2023,2025-12-05 17:50:00,1,54,54400,1,1,1,6,D 913,48.896464,6.226093
202300012488,6,7,2023,2025-12-05 09:00:00,1,95,95598,2,1,1,2,D928,48.98104436,2.30220973
202300012489,21,11,2023,2025-12-05 12:10:00,1,44,44184,2,1,1,6,31 Route De Saint-Marc,47.25464,-2.25994
202300012490,27,12,2023,2025-12-05 12:50:00,1,976,97611,2,1,1,6,Kaweni-Centrale Edm (Rue De La ),-12.76161,45.22624
202300012491,3,6,2023,2025-12-05 13:30:00,1,92,92050,2,1,1,2,Picasso Pablo Avenue,48.89017265,2.21906018
202300012492,30,7,2023,2025-12-05 15:45:00,1,6,6138,2,3,1,3,Avenue De Lerins,43.516335,6.93741
202300012493,27,12,2023,2025-12-05 00:50:00,5,974,97411,2,9,1,6,Canal (Chemin Du Grand),-20.9058,55.4981
202300012494,21,11,2023,2025-12-05 18:15:00,5,41,41018,2,1,2,6,Industrie (Boulevard De L'),47.60154,1.32142
202300012495,14,8,2023,2025-12-05 11:00:00,1,50,50200,1,1,1,3,Le Nomen,48.670545,-0.794481
202300012496,3,6,2023,2025-12-05 19:20:00,1,92,92012,2,2,1,1,Silly (Rue De) 89/Fin - 90/Fin,48.84136,2.23131
202300012497,25,12,2023,2025-12-05 03:30:00,5,974,97407,2,9,1,1,Commune De Paris (Avenue),-20.94453,55.29259
202300012498,7,7,2023,2025-12-05 08:20:00,1,91,91657,2,3,1,3,Rue De La Longueraie,48.72059,2.44055
202300012499,15,8,2023,2025-12-05 09:20:00,1,60,60511,1,3,7,1,D934,49.59978786,2.96953878
202300012500,2,6,2023,2025-12-05 22:40:00,5,92,92012,2,1,1,2,Danjou (Rue) 17/Fin - 20/Fin,48.83344,2.24807
202300012501,25,12,2023,2025-12-05 02:40:00,5,974,97407,2,9,1,1,19 Mars 1946(Avenue Du),-20.94979,55.29571
202300012502,14,8,2023,2025-12-05 14:30:00,1,45,45265,1,9,1,6,2153 Route De Merinville,48.10555597,2.94861674
202300012503,7,7,2023,2025-12-05 12:45:00,1,91,91286,2,6,1,2,R.N. 7,48.66315,2.400347
202300012504,27,12,2023,2025-12-05 19:20:00,3,973,97302,2,1,1,6,Zephir (Rocade),4.93765,-52.30668
202300012505,14,8,2023,2025-12-05 14:20:00,1,18,18203,1,1,1,6,Adresse_Inconnue,46.569977,2.361326
202300012506,21,11,2023,2025-12-05 18:00:00,2,38,38185,2,9,2,6,Rue De Bretagne,45.15872,5.71382
202300012507,13,4,2023,2025-12-05 08:10:00,1,13,13088,1,1,1,2,A55-Sens Martigues Vers Marseille,43.38,5.22
202300012508,7,7,2023,2025-12-05 15:20:00,1,86,86194,2,2,1,3,D162,46.55318,0.30971
202300012509,14,8,2023,2025-12-05 11:45:00,1,16,16362,1,1,1,6,Nougerede,45.392212,0.229812
202300012510,27,12,2023,2025-12-05 20:00:00,5,69,69383,2,1,1,7,Rue Feuillat,45.75266,4.87689
202300012511,7,7,2023,2025-12-05 20:40:00,1,85,85191,1,1,7,6,Rd 948,46.69217,-1.47119
202300012512,21,11,2023,2025-12-05 17:44:00,5,38,38421,2,3,2,6,Avenue Du Doyen Louis Weil,45.18734,5.7581
202300012513,1,6,2023,2025-12-05 22:40:00,3,13,13056,1,1,1,6,A55-Sens Martigues Vers Marseille,43.40796,5.03716
202300012514,14,8,2023,2025-12-05 17:00:00,1,7,7096,1,1,1,3,La Pleine Du Coulet,44.860103,4.560147
202300012515,27,12,2023,2025-12-05 15:10:00,1,69,69149,2,1,1,6,Avenue Edmond,45.71586,4.81551
202300012516,7,7,2023,2025-12-05 13:55:00,1,83,83137,2,1,1,6,De Lattre De Tassigny (Ave Marechal),43.11379,5.93974
202300012517,15,8,2023,2025-12-05 12:15:00,1,85,85021,2,4,1,6,Rd86,47.049253,-1.266622
202300012518,24,5,2023,2025-12-05 11:40:00,1,69,69256,1,1,1,3,Autoroute 42,45.80222,4.92677
202300012519,27,12,2023,2025-12-05 05:45:00,5,971,97101,2,3,1,3,Achille Rene Boisneuf (Rue),16.26976,-61.50615
202300012520,21,11,2023,2025-12-05 08:30:00,1,38,38053,2,3,2,3,Alpes,45.58536,5.2709
202300012521,6,7,2023,2025-12-05 17:55:00,1,83,83069,1,1,1,4,Avenue Ritondale Leopold,43.11778,6.14618
202300012522,21,11,2023,2025-12-05 10:15:00,1,37,37208,2,1,1,6,Grandmont (Rue De),47.36522,0.71521
202300012523,3,6,2023,2025-12-05 20:00:00,1,92,92019,1,1,1,3,Rn 385 Int,48.7652226,2.24538423
202300012524,15,8,2023,2025-12-05 15:47:00,1,85,85135,1,2,1,3,Rue Des Flandres Dunkerque,46.523523,-1.204374
202300012525,24,12,2023,2025-12-05 02:50:00,5,971,97113,1,1,1,1,Grand Baie ( Rn4),16.21808,-61.50896
202300012526,7,7,2023,2025-12-05 17:03:00,1,78,78650,2,2,1,3,Prise D'Eau (Avenue De La),48.89649,2.12174
202300012527,15,8,2023,2025-12-05 12:10:00,1,27,27056,2,3,1,6,Rue De Lisieux,49.090689,0.594131
202300012528,26,12,2023,2025-12-05 12:50:00,1,95,95598,2,1,2,2,D109,48.98344,2.29387
202300012529,21,11,2023,2025-12-05 09:05:00,1,35,35051,1,1,1,4,Roch (Lieu-Dit La Pree Saint),48.12687308,-1.61540598
202300012530,3,6,2023,2025-12-05 16:05:00,1,91,91645,1,1,1,6,N385,48.75987838,2.26783991
202300012531,6,7,2023,2025-12-05 21:12:00,2,78,78551,2,2,1,3,Republique (De La),48.89877,2.09109
202300012532,15,8,2023,2025-12-05 03:51:00,3,27,27376,2,4,1,6,38 Route De Saint Georges Motel,48.801875,1.328359
202300012533,20,11,2023,2025-12-05 18:15:00,5,35,35238,2,1,2,6,Maniez (Avenue Jules),48.09816,-1.69989
202300012534,7,7,2023,2025-12-05 19:40:00,1,77,77307,2,2,1,3,D934,48.87812,2.74483
202300012535,27,12,2023,2025-12-05 19:45:00,3,91,91228,2,1,8,4,Rte Nationale 7,48.63067,2.43915
202300012536,3,6,2023,2025-12-05 15:45:00,1,94,94034,1,1,1,4,A86,48.76101392,2.31812717
202300012537,14,8,2023,2025-12-05 16:10:00,1,30,30061,1,1,1,3,D936,43.907818,4.272995
202300012538,26,12,2023,2025-12-05 17:10:00,1,87,87085,2,1,1,3,Beaubreuil (Place De),45.88061,1.29156
202300012539,7,7,2023,2025-12-05 09:00:00,1,77,77058,1,1,1,2,Marie Curie  (Avenue),48.831967,2.698871
202300012540,21,11,2023,2025-12-05 17:00:00,2,34,34172,2,2,1,3,Rabelais (Boulevard),43.6006,3.87936
202300012541,3,6,2023,2025-12-05 13:33:00,1,91,91589,1,1,1,4,Autoroute A6,48.6784,2.3359
202300012542,15,8,2023,2025-12-05 12:00:00,1,33,33527,1,1,1,2,A660,44.615144,-0.988405
202300012543,7,7,2023,2025-12-05 21:45:00,2,76,76484,1,1,1,6,Route Des Essarts,49.34318313,1.07347369
202300012544,27,12,2023,2025-12-05 09:00:00,1,86,86194,2,9,1,1,Rue De Vouneuil,46.55988,0.306102
202300012545,21,11,2023,2025-12-05 16:00:00,1,34,34172,2,1,1,6,Chasseurs (Rue Des),43.59736,3.86417
202300012546,12,8,2023,2025-12-05 18:00:00,2,987,98715,1,1,1,7,Route Puurai En Sortant De La Rdo,-17.584,-149.56
202300012547,3,6,2023,2025-12-05 10:35:00,1,91,91534,1,1,1,7,Rn 118,48.73964,2.18078
202300012548,7,7,2023,2025-12-05 03:36:00,5,76,76540,2,2,1,3,Boulevard De L'Europe,49.43456065,1.07646865
202300012549,23,12,2023,2025-12-05 07:15:00,3,77,77305,2,1,2,2,Bray (Route De),48.38271,2.97234
202300012550,15,8,2023,2025-12-05 13:10:00,1,38,38285,1,1,1,6,Rd526,45.034988,5.974631
202300012551,21,11,2023,2025-12-05 12:50:00,1,34,34129,2,6,1,2,Gare (Rond Point De La),43.56816,3.90339
202300012552,3,6,2023,2025-12-05 07:35:00,1,77,77251,1,1,1,2,Autoroute A5A,48.61843,2.55341
202300012553,6,7,2023,2025-12-05 18:00:00,1,73,73087,2,1,1,6,D1006 Lyon (Route De),45.55996,5.89709
202300012554,14,8,2023,2025-12-05 20:45:00,5,11,11262,2,1,1,6,51 Residence Le Hameau De La Plage (Np),43.156111,3.160125
202300012555,27,12,2023,2025-12-05 01:00:00,5,77,77445,1,1,1,1,Routoires (Avenue Des),48.59197,2.59147
202300012556,20,11,2023,2025-12-05 15:22:00,1,34,34172,2,1,1,1,Toulouse (Avenue De,43.58878,3.85312
202300012557,6,7,2023,2025-12-05 19:55:00,1,73,73065,2,1,1,5,Croix Rouge (Rue De La),45.5979,5.91754
202300012558,3,6,2023,2025-12-05 11:27:00,1,78,78140,1,1,1,2,A13,48.957784,1.934499
202300012559,14,8,2023,2025-12-05 23:30:00,5,60,60138,1,9,1,6,Aire Du Peage De Chamant (Aire De Repos),49.215516,2.627897
202300012560,26,12,2023,2025-12-05 21:30:00,5,76,76351,2,3,1,3,Andrei Sakharov (Rue),49.50484,0.17179
202300012561,3,6,2023,2025-12-05 07:33:00,1,78,78043,1,1,1,6,A12 W,48.840057,2.092784
202300012562,7,7,2023,2025-12-05 13:45:00,1,71,71153,2,2,1,3,Cavell (Rue Edith),46.80043,4.42097
202300012563,21,11,2023,2025-12-05 18:10:00,5,33,33249,2,1,1,3,Avenue Carnot,44.86449,-0.51848
202300012564,22,12,2023,2025-12-05 17:10:00,2,72,72181,2,1,1,2,Premartine (Rue) Ndeg Imp 43 A 181,48.00832,0.20962
202300012565,14,8,2023,2025-12-05 12:40:00,1,37,37141,1,2,1,3,1 Les Petits Gars,47.296775,1.053041
202300012566,20,11,2023,2025-12-05 17:40:00,3,33,33249,2,1,2,6,Rue Edouard Herriot - Arret De Bus,44.87014,-0.51751
202300012567,7,7,2023,2025-12-05 12:15:00,1,71,71076,2,1,1,3,Sabatier (Rue Paul),46.8124,4.85542
202300012568,27,12,2023,2025-12-05 08:05:00,5,72,72181,2,6,1,3,Louis Blanc (Quai),48.0093,0.1955
202300012569,27,12,2023,2025-12-05 14:27:00,1,71,71076,2,1,1,6,Rue Philibert Leon Couturier,46.78067752,4.85178259
202300012570,14,8,2023,2025-12-05 14:20:00,1,37,37079,1,2,1,3,Le Fosse Fourrier,47.340789,1.036754
202300012571,3,6,2023,2025-12-05 05:00:00,3,93,93048,1,1,1,2,Autoroute A3,48.87013196,2.43074208
202300012572,21,11,2023,2025-12-05 16:30:00,1,29,29232,2,1,1,3,Bali Frans Dieub,48.01012,-4.09587
202300012573,7,7,2023,2025-12-05 19:20:00,1,69,69264,2,6,8,1,Avenue De L'Europe,45.99797,4.7343
202300012574,26,12,2023,2025-12-05 18:25:00,5,69,69290,2,6,1,3,Boulevard Francois Reymond,45.69682,4.94176
202300012575,2,6,2023,2025-12-05 21:40:00,2,91,91223,2,1,1,6,Guettard (Rue J.E.),48.44479,2.16639
202300012576,15,8,2023,2025-12-05 05:00:00,3,2B,2B289,1,1,1,1,Route Territoriale 20,42.357581,9.17169
202300012577,7,7,2023,2025-12-05 07:30:00,1,69,69199,2,2,1,3,Rue Parmentier,45.70553,4.85993
202300012578,27,12,2023,2025-12-05 19:15:00,5,67,67482,2,2,1,6,Ill (Rue De L ),48.61142,7.78105
202300012579,21,11,2023,2025-12-05 07:45:00,5,28,28134,2,6,2,6,Rond Point Du General Leclerc,48.74218,1.387467
202300012580,1,6,2023,2025-12-05 20:50:00,1,75,75120,2,3,1,1,Rue De Guebriant,48.873123,2.409459
202300012581,26,12,2023,2025-12-05 15:00:00,1,64,64102,2,1,1,2,Adresse_Inconnue,43.498143,-1.482268
202300012582,15,8,2023,2025-12-05 12:15:00,1,5,5116,1,3,1,3,Rd38,44.679334,6.602762
202300012583,1,6,2023,2025-12-05 15:30:00,1,13,13108,2,1,1,6,Gambetta (Boulevard),43.80481,4.6626
202300012584,6,7,2023,2025-12-05 18:50:00,1,69,69029,2,2,1,1,15 Rue Des Paquerettes,45.75048,4.90114
202300012585,20,11,2023,2025-12-05 18:05:00,5,28,28404,2,9,8,5,Bruxelles (Rue De),48.71621,1.3684
202300012586,27,12,2023,2025-12-05 19:00:00,5,63,63113,2,1,1,3,Jaures (Bd Jean),45.7679,3.08418
202300012587,8,7,2023,2025-12-05 00:50:00,3,67,67218,2,1,1,6,Denis Papin (Rue),48.511725,7.707165
202300012588,2,6,2023,2025-12-05 16:45:00,1,976,97611,2,1,1,1,M'Tsapere-Nationale 2 (Route),-12.7919093,45.22137344
202300012589,15,8,2023,2025-12-05 13:02:00,1,5,5139,1,1,1,1,"D937 Defile De La Souloise, Tunnel",44.747175,5.885949
202300012590,19,8,2023,2025-12-05 12:20:00,1,13,13074,2,6,1,6,Rd96,43.646258,5.590373
202300012591,28,12,2023,2025-12-05 23:38:00,5,59,59378,2,1,1,2,Baroeul Avenue Du,50.65297,3.10954
202300012592,7,7,2023,2025-12-05 11:00:00,1,67,67482,2,3,1,3,Anvers (Boulevard D ),48.58401,7.77486
202300012593,21,11,2023,2025-12-05 14:00:00,1,27,27681,2,3,1,3,Saint Lazare (Rue),49.096537,1.475788
202300012594,15,8,2023,2025-12-05 11:45:00,1,3,3187,1,1,1,7,D21,46.350949,3.456981
202300012595,7,7,2023,2025-12-05 18:30:00,1,64,64445,2,1,6,1,Lilas Des,43.312,-0.342
202300012596,15,8,2023,2025-12-05 17:50:00,1,7,7324,1,1,1,7,Voie Sud,45.054187,4.815412
202300012597,21,11,2023,2025-12-05 08:30:00,1,26,26362,2,6,1,3,Faventines Rond Point,44.92444564,4.90370315
202300012598,26,12,2023,2025-12-05 18:20:00,5,59,59527,2,2,1,4,Leclerc Rue Du General,50.65609,3.04894
202300012599,2,6,2023,2025-12-05 16:25:00,1,973,97302,2,9,1,2,Montabo (Route De) 1,4.9439212,-52.30821759
202300012600,15,6,2023,2025-12-05 07:40:00,1,64,64445,2,1,1,6,Royale,43.2945,-0.37091
202300012601,14,8,2023,2025-12-05 15:20:00,1,86,86050,1,1,1,1,Rn 149,46.659345,-0.03003
202300012602,2,6,2023,2025-12-05 19:50:00,1,69,69383,2,2,1,3,24 Rue Julien,45.75254,4.88826
202300012603,21,11,2023,2025-12-05 07:40:00,3,22,22113,2,9,1,3,Park Nevez (Avenue De),48.72977012,-3.44297871
202300012604,23,12,2023,2025-12-05 02:40:00,3,59,59569,1,1,1,1,Rd 500,50.37255,3.12137
202300012605,6,7,2023,2025-12-05 15:50:00,1,64,64102,2,1,1,2,Castera (Rue Du Moulin),43.48837,-1.45964
202300012606,2,6,2023,2025-12-05 13:35:00,1,69,69381,2,1,1,3,3 Rue De La Martiniere,45.76823432,4.82848686
202300012607,7,7,2023,2025-12-05 15:30:00,1,63,63113,2,1,3,7,Agriculture (Avenue De L'),45.7791,3.1217
202300012608,20,11,2023,2025-12-05 07:50:00,1,19,19031,2,1,1,6,Margerit (Rue Robert),45.14669,1.47233
202300012609,14,8,2023,2025-12-05 19:45:00,1,33,33417,1,1,1,1,D6,44.971736,-0.8797
202300012610,27,12,2023,2025-12-05 18:20:00,5,51,51454,2,2,1,1,Courcelles (Rue De) Du 1 Au 97 Et 2 A 22,49.25933,4.02042
202300012611,2,6,2023,2025-12-05 06:15:00,2,69,69152,2,1,1,6,15 Rue Emile Zola,45.70512,4.81945
202300012612,19,11,2023,2025-12-05 01:35:00,4,19,19031,2,1,1,6,Gallieni (Avenue),45.16167,1.51899
202300012613,7,7,2023,2025-12-05 14:30:00,1,63,63113,1,1,1,3,Brezet (Avenue),45.77917,3.14836
202300012614,15,8,2023,2025-12-05 14:00:00,1,33,33128,1,1,1,6,Route De Goulee,45.33416,-0.919461
202300012615,27,12,2023,2025-12-05 15:05:00,1,46,46191,1,1,1,6,Grande Rue,44.49546,1.39417
202300012616,2,6,2023,2025-12-05 11:35:00,1,971,97120,2,1,1,6,Dugommier,16.23728,-61.53228
202300012617,21,11,2023,2025-12-05 18:22:00,3,17,17415,1,4,1,1,Departementale  137,45.71878,-0.63621
202300012618,15,8,2023,2025-12-05 14:10:00,1,85,85189,1,1,1,3,465 Chemin Des Essarts,46.764512,-1.880636
202300012619,7,7,2023,2025-12-05 10:40:00,1,63,63113,2,2,1,3,Italie (Avenue De L'),45.77920435,3.09592634
202300012620,2,6,2023,2025-12-05 12:50:00,1,971,97105,2,3,1,3,Gouverneur Du Lyon (Ave),16.0022316,-61.73790693
202300012621,15,8,2023,2025-12-05 16:30:00,1,85,85019,2,1,1,6,Rue Du Pont Caillaud (Saligny),46.807874,-1.4236266
202300012622,27,12,2023,2025-12-05 07:20:00,5,45,45208,2,3,1,2,1 Place Mirabeau,47.99827,2.73298
202300012623,21,11,2023,2025-12-05 17:50:00,5,14,14079,2,1,1,6,45 Avenue Michel D'Ornano,49.33861,0.028205
202300012624,4,7,2023,2025-12-05 17:40:00,1,63,63113,2,2,1,3,Rue Du Ressort /Allee Des Tilleuls,45.78767081,3.11248899
202300012625,15,8,2023,2025-12-05 12:45:00,1,22,22176,2,3,1,6,Rue Du Centre,48.446511,-2.746732
202300012626,27,12,2023,2025-12-05 16:15:00,1,37,37261,2,1,1,3,Daniel Mayer,47.41859,0.69274
202300012627,21,11,2023,2025-12-05 18:00:00,5,14,14118,2,1,2,6,19 Rue De La Pigaciere,49.188011,-0.358513
202300012628,2,6,2023,2025-12-05 16:30:00,1,95,95428,2,3,1,3,Chesneaux (Rue Des),48.98219562,2.3154223
202300012629,9,6,2023,2025-12-05 12:30:00,1,59,59009,2,1,1,3,De Vigny Alfred Rue,50.65554,3.14671
202300012630,13,8,2023,2025-12-05 17:30:00,1,27,27016,2,1,1,2,Rue De Penthievre,49.244837,1.396927
202300012631,26,12,2023,2025-12-05 19:30:00,3,34,34032,2,1,1,3,Hemingway Ernest (Bld),43.36419,3.22512
202300012632,20,11,2023,2025-12-05 17:02:00,2,14,14327,2,1,1,1,D515,49.202541,-0.323816
202300012633,6,7,2023,2025-12-05 20:50:00,1,59,59350,2,2,1,3,Marceau Rue,50.62654,3.11012
202300012634,25,12,2023,2025-12-05 04:10:00,5,31,31555,2,1,1,7,Rond-Point Joseph Sauveur,43.57867,1.39385
202300012635,14,8,2023,2025-12-05 18:45:00,1,76,76057,2,1,1,3,Avenue Du President Kennedy,49.549597,0.942403
202300012636,2,6,2023,2025-12-05 16:40:00,1,91,91421,2,1,1,3,Nouzet (Rue Du),48.70716,2.44189
202300012637,21,11,2023,2025-12-05 07:50:00,1,13,13054,2,1,1,6,Saint Pierre (Che ),43.41219,5.20709
202300012638,7,7,2023,2025-12-05 12:20:00,1,57,57306,2,1,1,6,Liberte (Esplanade De La),49.32918,6.06601
202300012639,12,8,2023,2025-12-05 05:23:00,3,13,13043,1,1,1,7,A55-Sens Martigues Vers Marseille,43.39145,5.25972
202300012640,7,7,2023,2025-12-05 19:30:00,1,57,57660,2,9,1,3,Schoeneck(Rue De)Du Pont Autoroute Au Po,49.2107,6.93272
202300012641,3,6,2023,2025-12-05 00:20:00,5,91,91326,2,9,1,3,Cour De France (Avenue De La),48.68858,2.3713
202300012642,21,11,2023,2025-12-05 22:00:00,5,13,13211,2,3,1,3,Pomme (Boulevard De La ),43.29276202,5.45725133
202300012643,27,12,2023,2025-12-05 15:20:00,1,25,25462,2,1,1,4,Rocade G.Pompidou (Du 25 A La Fin),46.90012,6.33858
202300012644,13,8,2023,2025-12-05 01:10:00,3,95,95018,1,1,1,4,A15,48.95956,2.27285