num_acc,jour,mois,an,hrmn,lum,dep,com,agg,int,atm,col,adr,lat,long
202300012645,1,6,2023,2025-12-05 17:40:00,1,91,91223,2,1,1,6,Paris (Avenue De),48.437396,2.163841
202300012646,21,11,2023,2025-12-05 11:50:00,1,13,13214,2,1,1,6,Gibbes (Chemin De),43.32592,5.38349
202300012647,27,12,2023,2025-12-05 10:00:00,1,13,13201,2,1,1,3,Athenes (Boulevard D'),43.30264,5.37983
202300012648,6,7,2023,2025-12-05 12:45:00,1,54,54395,2,1,1,3,Rue Des Tiercelins,48.6915,6.1921
202300012649,13,8,2023,2025-12-05 20:00:00,1,94,94028,1,1,1,2,A86,48.79871719,2.44499982
202300012650,20,11,2023,2025-12-05 15:26:00,1,13,13215,2,1,1,1,Madrague Ville (Chemin De La),43.34031,5.35373
202300012651,2,6,2023,2025-12-05 07:51:00,1,87,87075,2,1,1,2,Courrieres (Avenue Des),45.82059,1.20862
202300012652,26,12,2023,2025-12-05 12:20:00,1,13,13202,2,1,1,3,Dames (Boulevard Des),43.30177,5.37258
202300012653,1,6,2023,2025-12-05 16:19:00,1,87,87085,2,6,3,7,Europe (Carrefour De L'),45.86175,1.27492
202300012654,12,8,2023,2025-12-05 10:13:00,1,988,98818,2,3,1,7,Rue Varin/Route De La Baie Des Dames,-22.23523,166.43766
202300012655,6,7,2023,2025-12-05 10:30:00,1,54,54395,2,3,1,6,Rue Raymond Poincare,48.69039137,6.17299139
202300012656,11,11,2023,2025-12-05 00:35:00,5,13,13028,2,6,1,3,Rond Point Dulac/Rovarch,43.19185,5.60509
202300012657,27,12,2023,2025-12-05 16:35:00,1,75,75119,2,1,1,6,Avenue De Flandre,48.89195,2.378654
202300012658,29,5,2023,2025-12-05 22:43:00,5,86,86194,2,5,1,3,Place Charles Martel,46.59056,0.33922
202300012659,12,8,2023,2025-12-05 03:55:00,3,988,98818,2,3,1,6,Avenue James Cook,-22.25846,166.39346
202300012660,20,11,2023,2025-12-05 15:15:00,1,13,13001,1,1,1,6,Petit Moulin (Rte Du),43.50896988,5.32965201
202300012661,6,7,2023,2025-12-05 08:20:00,1,54,54395,2,1,1,3,Boulevard Jean Jaures,48.68279846,6.17750823
202300012662,27,12,2023,2025-12-05 21:18:00,5,75,75117,2,2,2,1,Avenue De Wagram,48.884244,2.302669
202300012663,20,11,2023,2025-12-05 13:50:00,1,11,11069,2,1,1,3,6 Rue Jean Francois Champollion,43.21217,2.32697
202300012664,12,8,2023,2025-12-05 10:15:00,1,69,69388,2,2,1,3,80 Avenue General Frere,45.7317239,4.87618403
202300012665,31,5,2023,2025-12-05 04:40:00,5,86,86194,2,5,1,6,D910,46.602793,0.327141
202300012666,26,12,2023,2025-12-05 19:15:00,5,75,75114,2,4,2,7,Avenue Du Maine,48.83234642,2.32503533
202300012667,6,7,2023,2025-12-05 12:00:00,1,51,51454,2,6,1,3,Briand (Place Aristide),49.25768,4.03886
202300012668,20,11,2023,2025-12-05 08:50:00,1,11,11069,2,1,1,6,Joliot Curie -Bd Irene Frederic- Pairs,43.21328,2.37051
202300012669,12,8,2023,2025-12-05 20:10:00,5,972,97213,1,1,2,7,Autoroute A1,14.61806,-61.03047
202300012670,7,7,2023,2025-12-05 22:24:00,3,49,49353,2,1,1,7,Perreyeux,47.45537,-0.5119
202300012671,2,6,2023,2025-12-05 12:30:00,1,83,83062,2,3,1,3,Fabri De Peiresc (Avenue),43.13884,6.02771
202300012672,27,12,2023,2025-12-05 00:05:00,5,75,75107,2,1,1,1,Quai Branly,48.862201,2.299324
202300012673,2,6,2023,2025-12-05 10:40:00,1,83,83137,2,1,1,6,Victoire Du 8 Mai 1945 (Ave De La),43.13097351,5.9363308
202300012674,12,8,2023,2025-12-05 21:53:00,5,2B,2B033,2,1,1,2,Avenue Sampiero Corso,42.676059,9.444297
202300012675,20,11,2023,2025-12-05 17:24:00,3,10,10060,1,1,2,4,Rocade Ouest,48.25267,4.10866
202300012676,6,7,2023,2025-12-05 19:38:00,1,49,49246,2,6,1,3,Chauvin Avenue,47.43347,-0.52957
202300012677,27,12,2023,2025-12-05 06:00:00,5,75,75104,2,2,1,3,Rue De Rivoli,48.857538,2.351296
202300012678,27,5,2023,2025-12-05 17:30:00,1,83,83061,2,1,1,6,Avenue Du Huit Mai 1945,43.42404475,6.73008531
202300012679,20,11,2023,2025-12-05 18:10:00,5,10,10387,2,1,2,6,Major General Vanier (Avenue),48.30679,4.07022
202300012680,6,7,2023,2025-12-05 14:35:00,1,49,49007,1,1,1,3,Rd 323,47.46957,-0.59457
202300012681,2,6,2023,2025-12-05 13:05:00,1,78,78418,2,6,1,3,Huit Mai 1945 (Rue Du),48.91198,2.14649
202300012682,12,8,2023,2025-12-05 14:20:00,1,971,97113,1,4,2,3,Rn4 - Section Riviera,16.20899,-61.47082
202300012683,27,12,2023,2025-12-05 21:05:00,5,94,94081,2,8,2,1,Avenue Youri Gagarine,48.78608,2.39186
202300012684,7,7,2023,2025-12-05 23:20:00,5,47,47031,1,1,2,1,Rn21,44.17193,0.61546
202300012685,20,11,2023,2025-12-05 12:55:00,1,6,6155,2,1,1,3,Clemenceau Av.Georges,43.575295,7.056471
202300012686,2,6,2023,2025-12-05 18:15:00,1,78,78015,2,1,1,3,Verdun (Rue De),48.98929,2.05979
202300012687,7,7,2023,2025-12-05 22:25:00,4,45,45298,2,1,1,1,Pont De L'Europe,47.89522605,1.87625885
202300012688,21,11,2023,2025-12-05 08:40:00,1,75,75118,2,1,2,2,Porte De Clignancourt,48.900935,2.338542
202300012689,2,6,2023,2025-12-05 19:01:00,1,77,77018,2,1,1,7,Rue De Paris,48.84575,2.81312
202300012690,27,12,2023,2025-12-05 16:30:00,1,93,93005,2,1,1,6,Boulevard Marc Chagall,48.953044,2.500448
202300012691,7,7,2023,2025-12-05 05:50:00,2,45,45286,2,1,1,1,Pont Rene Thinat,47.89623,1.92108
202300012692,12,8,2023,2025-12-05 11:00:00,1,971,97120,1,1,2,2,Secteur Pont De La Gabarre,16.25368,-61.54917
202300012693,21,11,2023,2025-12-05 08:40:00,1,75,75116,2,1,2,2,Porte Dauphine,48.871218,2.27332
202300012694,2,6,2023,2025-12-05 15:45:00,1,77,77070,1,3,7,2,D 934,48.794338,3.107329
202300012695,21,11,2023,2025-12-05 12:20:00,1,75,75106,2,7,2,7,Place De L Odeon,48.850008,2.338712
202300012696,27,12,2023,2025-12-05 12:50:00,1,93,93070,2,2,1,3,Avenue Du Cimetiere / Avenue Michelet,48.90731,2.34431
202300012697,12,8,2023,2025-12-05 00:18:00,5,971,97101,2,1,1,6,Vieux Bourg,16.24831,-61.53212
202300012698,7,7,2023,2025-12-05 11:00:00,1,44,44184,2,2,1,3,44Bis Rue Du Commandant Gate,47.27571,-2.22147
202300012699,22,12,2023,2025-12-05 18:00:00,5,93,93077,2,1,9,3,Avenue Du General Gallieni,48.89103824,2.50803173
202300012700,20,11,2023,2025-12-05 22:33:00,3,75,75105,2,2,2,6,Avenue Des Gobelins,48.83680548,2.35185805
202300012701,2,6,2023,2025-12-05 13:20:00,1,76,76540,2,3,1,3,Boulevard De L'Yser,49.44769,1.10206
202300012702,8,7,2023,2025-12-05 01:30:00,5,44,44109,2,1,1,6,74 Rue Des Alouettes,47.20217,-1.60737
202300012703,9,8,2023,2025-12-05 00:12:00,4,971,97101,1,1,1,6,Rn05,16.26087,-61.51683
202300012704,21,11,2023,2025-12-05 18:50:00,5,75,75120,2,1,2,6,Rue Pelleport,48.874818,2.397918
202300012705,27,12,2023,2025-12-05 19:20:00,5,93,93048,2,2,1,3,Boulevard Jeanne D'Arc / Rue Des 3 Territoires,48.85182,2.4445
202300012706,1,6,2023,2025-12-05 12:50:00,1,76,76351,2,3,1,2,Rue Socrate,49.516561,0.156034
202300012707,12,8,2023,2025-12-05 18:20:00,1,91,91377,2,1,1,6,Av Carnot,48.72498,2.26227
202300012708,7,7,2023,2025-12-05 18:00:00,1,44,44109,2,1,1,6,19 Rue Chateaubriand,47.22211,-1.55429
202300012709,21,11,2023,2025-12-05 13:50:00,1,75,75120,2,1,1,3,Rue Des Pyrenees,48.856962,2.404452
202300012710,13,8,2023,2025-12-05 01:15:00,5,85,85194,2,1,1,7,19 Rue De La Bonne Vierge,46.5017154,-1.8018131
202300012711,27,12,2023,2025-12-05 17:32:00,5,93,93074,2,1,1,6,Rue De Meaux,48.93474,2.56719
202300012712,2,6,2023,2025-12-05 23:47:00,5,72,72181,2,1,1,6,Michel Ange (Rue),47.97874,0.21552
202300012713,21,11,2023,2025-12-05 00:15:00,5,75,75119,2,1,2,6,Boulevard De La Villette,48.875973,2.372665
202300012714,11,8,2023,2025-12-05 19:25:00,1,83,83129,2,1,1,6,Mer (Avenue De La) Ndeg Pairs,43.103771,5.819115
202300012715,27,12,2023,2025-12-05 14:35:00,1,93,93046,2,1,1,2,Boulevard Gutenberg,48.91261,2.51928
202300012716,7,7,2023,2025-12-05 18:39:00,1,38,38421,1,4,1,2,Rn87,45.16676,5.75787
202300012717,31,5,2023,2025-12-05 17:30:00,1,72,72181,1,1,1,2,Lattre De Tassigny Marechal De (Bd),48.02949,0.18336
202300012718,21,11,2023,2025-12-05 17:30:00,2,75,75117,2,3,1,3,Porte D Asnieres,48.88929,2.297413
202300012719,12,8,2023,2025-12-05 20:15:00,1,79,79259,1,2,1,3,Adresse_Inconnue,46.953845,-0.21521
202300012720,27,12,2023,2025-12-05 07:25:00,5,93,93078,2,5,1,3,Avenue Du Pasteur Martin Luther King / Boulevard Robert Ballanger,48.95191,2.52846
202300012721,7,7,2023,2025-12-05 21:00:00,1,37,37214,2,1,1,2,Portillon (Rue De),47.40733555,0.67919433
202300012722,1,6,2023,2025-12-05 08:57:00,1,72,72181,2,9,1,3,Paderborn (Av) Ndeg 3,48.00794,0.19877
202300012723,21,11,2023,2025-12-05 09:00:00,1,75,75117,2,1,2,6,Boulevard Berthier,48.89338,2.310862
202300012724,12,8,2023,2025-12-05 06:25:00,3,78,78005,1,1,2,3,Rn 184,48.985386,2.084538
202300012725,26,12,2023,2025-12-05 19:20:00,5,92,92072,2,1,2,2,Sevres (Pont De),48.82796,2.22517
202300012726,7,7,2023,2025-12-05 11:00:00,1,35,35281,2,1,1,6,Pottier (Rue Eugene),48.06747,-1.7151
202300012727,1,6,2023,2025-12-05 17:15:00,1,71,71499,1,1,1,1,Jean Bouveri (Rue),46.65821,4.32398
202300012728,30,11,2023,2025-12-05 16:25:00,1,92,92026,2,1,1,6,Edith Cavell (De 47 A Fin),48.90307828,2.26825297
202300012729,13,8,2023,2025-12-05 01:40:00,5,76,76540,2,1,1,6,Avenue De Bretagne,49.433832,1.085483
202300012730,21,11,2023,2025-12-05 07:40:00,2,75,75117,2,2,2,3,Avenue Niel,48.881264,2.295544
202300012731,6,7,2023,2025-12-05 17:45:00,1,33,33162,2,3,1,3,Rue Du Lieutenant Villemeur,44.88335,-0.64815
202300012732,4,1,2023,2025-12-05 18:05:00,3,74,74250,1,1,1,6,A40,46.083687,6.37074
202300012733,2,6,2023,2025-12-05 16:10:00,1,69,69290,2,1,1,6,Route De Grenoble,45.71489,4.96412
202300012734,12,8,2023,2025-12-05 13:30:00,1,76,76410,1,1,1,7,A150,49.46838669,1.03542253
202300012735,26,12,2023,2025-12-05 21:33:00,5,92,92007,2,1,8,3,Foch (Avenue Du Marechal) Autres Numeros,48.78972282,2.30045311
202300012736,21,11,2023,2025-12-05 09:50:00,1,75,75116,2,3,2,6,Rue Boileau,48.845934,2.264789
202300012737,7,7,2023,2025-12-05 02:50:00,5,33,33529,2,1,1,6,Curepipe (Bd De) Du 02 Et +,44.63709,-1.13122
202300012738,2,1,2023,2025-12-05 10:45:00,1,74,74010,2,1,1,1,Route Du Pont De Brogny,45.932673,6.127844
202300012739,27,12,2023,2025-12-05 14:30:00,1,92,92004,2,9,1,3,Aulagnier ( Quai ),48.91197178,2.301566
202300012740,2,6,2023,2025-12-05 11:08:00,1,69,69029,2,1,1,3,Avenue Franklin Roosevelt,45.73903925,4.8919637
202300012741,11,8,2023,2025-12-05 18:05:00,1,71,71270,2,4,1,6,Deserte (Rue De La),46.3221,4.83545
202300012742,21,11,2023,2025-12-05 09:35:00,1,75,75116,2,7,2,2,Carrefour Des Anciens Combattants   Boul,48.84783,2.242226
202300012743,11,8,2023,2025-12-05 16:20:00,1,69,69091,1,1,1,3,3971 Route De Rive-De-Gier,45.57948673,4.7337288
202300012744,21,12,2023,2025-12-05 08:15:00,1,1,1074,2,2,8,6,Place Du Marche,45.996977,5.170816
202300012745,17,3,2023,2025-12-05 16:20:00,1,29,29019,2,2,1,6,Rue Marcellin Duval,48.413285,-4.486732
202300012746,7,7,2023,2025-12-05 10:09:00,1,15,15014,2,6,1,3,Volontaire (Avenue Des),44.91492,2.44049
202300012747,21,11,2023,2025-12-05 09:05:00,1,75,75116,2,2,2,3,Avenue De La Porte D Auteuil,48.848008,2.24897
202300012748,2,6,2023,2025-12-05 03:00:00,5,69,69276,2,3,1,3,Avenue Des Freres Perret,45.68076762,4.84868258
202300012749,11,8,2023,2025-12-05 17:14:00,1,65,65440,2,1,1,3,Jubinal (Rue Achille),43.23927,0.07769
202300012750,7,7,2023,2025-12-05 14:20:00,1,13,13117,1,1,1,2,Chemin Departemental 9 (Est),43.44491,5.29878
202300012751,27,12,2023,2025-12-05 10:30:00,1,11,11076,1,1,1,2,A61,43.284787,1.968406
202300012752,21,11,2023,2025-12-05 14:20:00,1,75,75115,2,1,1,3,Avenue Felix Faure,48.841918,2.28997
202300012753,19,3,2023,2025-12-05 10:20:00,1,988,98818,2,3,2,3,Marcellin Lacabanne/Route De L'Anse Vata,-22.29368,166.44642
202300012754,2,6,2023,2025-12-05 14:00:00,1,64,64445,2,1,1,2,Honore Baradat,43.3048,-0.36523
202300012755,26,12,2023,2025-12-05 13:00:00,1,972,97226,2,3,1,1,Avenue Nelson Mandela,14.432818,-60.879656
202300012756,7,7,2023,2025-12-05 13:25:00,1,13,13103,2,1,1,3,Avenue Cabrier - Gaston,43.64103882,5.10140569
202300012757,11,8,2023,2025-12-05 08:08:00,1,65,65440,2,5,1,3,Pradeau (Promenade Du),43.23237,0.06521
202300012758,17,3,2023,2025-12-05 16:40:00,1,976,97611,2,1,2,1,M'Tsapere-M'Tsapere- M'Tsangani ( Rue ),-12.7942,45.2184
202300012759,21,11,2023,2025-12-05 13:25:00,1,75,75115,2,2,2,3,Rue De Javel,48.843768,2.28639
202300012760,2,6,2023,2025-12-05 19:50:00,1,64,64024,2,1,1,3,Bayonne (Avenue De),43.48224,-1.50623
202300012761,11,8,2023,2025-12-05 17:20:00,1,64,64445,2,1,1,6,Champetier De Ribes,43.30447,-0.377243
202300012762,28,5,2023,2025-12-05 15:45:00,1,12,12202,2,3,1,6,Francois Mahoux (Rue),44.35039,2.57947
202300012763,19,3,2023,2025-12-05 04:30:00,5,974,97411,1,9,1,6,Rn2/043,-20.89396,55.50199
202300012764,27,12,2023,2025-12-05 23:50:00,3,76,76584,1,1,1,7,A28,49.747348,1.478026
202300012765,21,11,2023,2025-12-05 19:30:00,5,75,75114,2,3,1,2,Avenue Ernest Reyer,48.822406,2.323901
202300012766,1,6,2023,2025-12-05 16:45:00,1,64,64102,2,1,1,2,Sabalce (Chemin De),43.49265,-1.49123
202300012767,12,8,2023,2025-12-05 14:20:00,1,64,64122,2,1,1,3,"""Kennedy (Avenue Du President J,F)""",43.46102,-1.54886
202300012768,6,7,2023,2025-12-05 20:45:00,2,11,11069,2,2,1,3,Adresse_Inconnue,43.21277,2.32674
202300012769,18,3,2023,2025-12-05 17:10:00,1,973,97302,2,1,1,3,Cabassou (Route De),4.91719,-52.31248
202300012770,21,11,2023,2025-12-05 09:39:00,1,75,75113,2,2,2,3,Boulevard Du General Jean Simon,48.825717,2.38193
202300012771,12,8,2023,2025-12-05 18:00:00,1,62,62160,2,6,1,6,Rue De Solferino,50.71946,1.597316
202300012772,26,12,2023,2025-12-05 16:06:00,1,14,14389,1,1,8,5,A84,49.0638,-0.684628
202300012773,7,7,2023,2025-12-05 03:45:00,5,10,10387,2,2,1,3,Pierre Brossolette (Rue),48.287724,4.077193
202300012774,21,11,2023,2025-12-05 09:40:00,1,75,75113,2,1,2,3,Quai D Austerlitz,48.83936,2.371432
202300012775,18,3,2023,2025-12-05 19:27:00,2,972,97209,1,1,2,4,Rd 41 (Rocade),14.61358,-61.05417
202300012776,6,7,2023,2025-12-05 22:00:00,3,7,7281,1,1,2,7,C.D.533,44.93732,4.78978
202300012777,24,12,2023,2025-12-05 13:20:00,1,56,56198,1,3,1,6,Rue Saint Eutrope,48.078566,-2.769853
202300012778,2,6,2023,2025-12-05 16:50:00,1,60,60057,2,3,1,3,Rue D'Amiens,49.440014,2.089459
202300012779,20,11,2023,2025-12-05 18:15:00,5,75,75112,2,3,2,6,Avenue Daumesnil,48.834419,2.409877
202300012780,7,7,2023,2025-12-05 06:32:00,1,6,6088,2,9,1,6,Turin (Rte De),43.7326,7.2903
202300012781,26,12,2023,2025-12-05 18:05:00,5,2B,2B043,1,9,1,1,Lavasina,42.755485,9.466969
202300012782,2,6,2023,2025-12-05 22:45:00,5,59,59378,2,3,1,3,Fort Rue Du,50.688274,3.112669
202300012783,12,8,2023,2025-12-05 14:15:00,1,59,59350,2,1,1,6,Montaigne Rue De,50.62038,3.06304
202300012784,21,11,2023,2025-12-05 07:45:00,2,75,75110,2,2,2,3,Boulevard De La Villette,48.881492,2.370055
202300012785,28,12,2023,2025-12-05 18:25:00,3,47,47209,1,1,1,1,Route De Saint Arnaud,44.243347,0.678577
202300012786,17,3,2023,2025-12-05 22:30:00,5,972,97209,2,3,1,1,Religieuses (Route Des),14.6157,-61.0583
202300012787,1,6,2023,2025-12-05 18:20:00,1,56,56162,1,1,1,6,Larmor (Route De),47.72945,-3.41682
202300012788,12,8,2023,2025-12-05 13:51:00,1,56,56121,2,6,1,7,Rue Monistrol,47.7333,-3.3854
202300012789,26,12,2023,2025-12-05 11:00:00,1,38,38075,1,5,1,3,Route Du Gresivaudan,45.470535,5.990507
202300012790,21,11,2023,2025-12-05 10:10:00,1,75,75108,2,2,2,2,Avenue George V,48.870074,2.300994
202300012791,18,3,2023,2025-12-05 20:45:00,5,69,69385,2,1,1,6,Place Docteur Schweitzer,45.75614,4.78687
202300012792,1,6,2023,2025-12-05 14:12:00,1,56,56098,2,9,1,3,Djibaou (Rue  Jean-Marie ),47.77804,-3.35285
202300012793,11,8,2023,2025-12-05 17:25:00,1,54,54167,1,1,7,2,Rd909,48.671,5.93301
202300012794,20,11,2023,2025-12-05 16:15:00,2,75,75104,2,1,1,6,Voie Georges Pompidou,48.856685,2.348897
202300012795,19,3,2023,2025-12-05 01:00:00,5,95,95572,2,1,2,6,Rue De Paris,49.04127,2.11293
202300012796,28,12,2023,2025-12-05 08:30:00,1,84,84020,1,1,8,3,D900,43.866419,5.31381
202300012797,2,6,2023,2025-12-05 18:40:00,1,54,54395,2,1,1,2,Boulevard Lobau,48.68174,6.19769
202300012798,12,8,2023,2025-12-05 16:00:00,1,51,51454,2,1,1,3,Bonaparte (Avenue Du General),49.23123,4.00684
202300012799,21,11,2023,2025-12-05 08:12:00,1,94,94028,2,9,2,3,Avenue De Verdun,48.79374,2.46127
202300012800,1,6,2023,2025-12-05 14:15:00,1,54,54547,1,1,1,2,Route De Mirecourt,48.66054902,6.18743777
202300012801,18,3,2023,2025-12-05 18:15:00,1,91,91687,2,1,1,2,Commandant Barre (Avenue Du),48.661397,2.364201
202300012802,28,12,2023,2025-12-05 09:30:00,1,3,3138,2,2,2,6,Place De La Republique,46.246404,3.63553
202300012803,12,8,2023,2025-12-05 15:50:00,1,50,50147,2,1,1,3,Ecluse Chette,49.05522,-1.44548
202300012804,21,11,2023,2025-12-05 07:20:00,2,94,94028,2,1,2,2,Av Du Mal De Lattre De Tassigny,48.80181555,2.44847354
202300012805,26,12,2023,2025-12-05 17:30:00,5,3,3060,2,6,1,6,Route De Saint-Pourcain,46.157035,3.393402
202300012806,17,3,2023,2025-12-05 17:00:00,1,91,91027,2,1,1,2,Rue Henri Gourmelin,48.7164,2.39321
202300012807,31,5,2023,2025-12-05 18:30:00,1,54,54439,2,1,7,4,Avenue Charles De Gaulle,48.70471824,6.24936193
202300012808,12,8,2023,2025-12-05 13:28:00,1,49,49007,2,2,1,3,Onze Novembre 1918 Avenue,47.47129,-0.5468
202300012809,21,11,2023,2025-12-05 13:00:00,1,94,94018,2,1,2,6,Rue De Paris,48.82148,2.41377
202300012810,17,3,2023,2025-12-05 10:40:00,1,83,83062,1,9,1,2,Draguignan (Avenue De),43.14203,6.03634
202300012811,27,12,2023,2025-12-05 15:20:00,1,15,15163,2,3,7,1,Rd 45,44.869565,2.376325
202300012812,31,5,2023,2025-12-05 15:55:00,1,54,54547,2,1,1,2,Rm 674,48.664665,6.189884
202300012813,12,8,2023,2025-12-05 19:15:00,1,44,44109,2,1,1,3,123 Route De Sainte Luce,47.23459,-1.52045
202300012814,17,3,2023,2025-12-05 17:50:00,1,78,78609,1,5,1,3,Cd 28,49.016016,1.910404
202300012815,31,5,2023,2025-12-05 08:45:00,1,54,54498,2,1,1,2,Rd 674,48.71461,6.25291
202300012816,21,11,2023,2025-12-05 19:00:00,2,93,93066,2,7,1,5,Rue Ambroise Croizat,48.9308038,2.35010626
202300012817,28,12,2023,2025-12-05 11:54:00,1,1,1232,1,1,1,1,960 Route De Bourg-En-Bresse,46.331369,5.251272
202300012818,2,6,2023,2025-12-05 17:15:00,1,54,54323,2,1,1,6,De Lattre De Tassigny (Place),49.51468,5.77038
202300012819,18,3,2023,2025-12-05 17:55:00,1,76,76540,2,3,2,3,Quai Cavelier De La Salle,49.43804,1.08293
202300012820,12,8,2023,2025-12-05 15:40:00,1,35,35238,2,3,1,1,Lorient (De),48.10578,-1.73313
202300012821,28,12,2023,2025-12-05 18:14:00,3,73,73128,1,1,1,6,Route De Mognard,45.73667484,5.93950778
202300012822,31,5,2023,2025-12-05 08:05:00,1,52,52125,2,1,1,3,Rd 619,48.0904,5.14565
202300012823,21,11,2023,2025-12-05 17:45:00,5,93,93050,2,3,2,3,Boulevard Du Marechal Foch / Rue Villebois Mareuil,48.85521,2.52459
202300012824,18,3,2023,2025-12-05 11:30:00,1,69,69199,2,2,1,3,Rue Emile Zola,45.71074,4.86261
202300012825,7,7,2023,2025-12-05 03:40:00,3,34,34108,1,1,1,7,Rd 600,43.4413,3.71684
202300012826,2,6,2023,2025-12-05 18:00:00,1,51,51454,2,1,1,6,De Gaulle (Avenue Du General),49.24563,4.01771
202300012827,28,12,2023,2025-12-05 07:10:00,3,8,8311,1,1,1,1,D19,49.574017,5.043583
202300012828,17,3,2023,2025-12-05 15:50:00,1,67,67180,2,9,1,3,Kleber (Rue),48.80459,7.78223
202300012829,21,11,2023,2025-12-05 07:40:00,2,93,93031,2,3,2,6,Rue De Paris / Rue Du General Julien,48.95322578,2.31201712
202300012830,2,6,2023,2025-12-05 16:20:00,1,51,51454,2,1,1,2,Nationale (Avenue) La Neuvillette,49.28738,4.00719
202300012831,12,8,2023,2025-12-05 20:50:00,1,33,33522,2,2,1,3,Rue Jean Mette,44.816,-0.58983
202300012832,18,3,2023,2025-12-05 15:40:00,1,64,64348,2,1,1,3,Didier Daurat,43.33358,-0.37969
202300012833,28,12,2023,2025-12-05 16:00:00,1,8,8457,2,1,1,3,Rue De La Suine,49.795187,4.638178
202300012834,2,6,2023,2025-12-05 17:25:00,1,51,51454,2,1,1,3,Chenier (Rue Andre),49.21456,4.02507
202300012835,12,8,2023,2025-12-05 18:00:00,1,32,32013,1,1,1,3,Rocade (Rn 124 Est),43.663,0.599
202300012836,21,11,2023,2025-12-05 14:37:00,1,93,93027,2,2,2,2,Avenue Paul Vaillant Couturier / Rue Rateau,48.92481204,2.41489358
202300012837,18,3,2023,2025-12-05 12:00:00,1,64,64237,2,3,1,3,Gelos De,43.28482,-0.37794
202300012838,26,12,2023,2025-12-05 17:40:00,5,35,35189,2,1,1,1,Rue De Coupigne,48.151746,-1.719863
202300012839,12,8,2023,2025-12-05 23:10:00,5,31,31555,2,1,1,1,Seysses (Rte De) Du 296 Au 403,43.57919,1.42345
202300012840,2,6,2023,2025-12-05 13:50:00,1,51,51454,2,1,1,4,Champagne   (  Avenue De),49.2301,4.03488
202300012841,18,3,2023,2025-12-05 18:55:00,1,64,64102,2,1,2,1,Navarre (Avenue Henri De),43.51107,-1.44169
202300012842,25,12,2023,2025-12-05 16:00:00,2,1,1032,1,1,1,6,Autoroute A42 Pk 023+000,45.863607,5.151531
202300012843,21,11,2023,2025-12-05 08:52:00,1,93,93072,2,3,2,3,Boulevard Maxime Gorki / Rue Pelletier,48.95393,2.38405
202300012844,12,8,2023,2025-12-05 19:30:00,1,31,31555,2,9,1,3,Rte De Launaguet,43.64293,1.43906
202300012845,27,12,2023,2025-12-05 19:30:00,5,987,98724,2,1,1,6,District De Fare,-16.711296,-151.035345
202300012846,17,3,2023,2025-12-05 16:50:00,1,64,64140,2,2,1,3,Douane (Quai De La),43.52236,-1.48967
202300012847,21,11,2023,2025-12-05 07:30:00,3,93,93047,2,3,2,6,Rue Du General De Gaulle / Avenue Victor Hugo,48.89929,2.56345
202300012848,12,8,2023,2025-12-05 02:25:00,5,31,31555,2,1,1,3,Minimes (Av Des) Du 1Au 178,43.61847,1.4365
202300012849,2,6,2023,2025-12-05 07:40:00,1,49,49099,2,6,1,2,Rontardiere (Boulevard De La),47.05826,-0.85616
202300012850,18,3,2023,2025-12-05 14:10:00,1,54,54395,2,2,1,3,Saint Dizier (Rue 82 Et 113 A Fin),48.68684,6.18538
202300012851,25,12,2023,2025-12-05 21:10:00,3,987,98747,1,1,2,6,Pk48+300 Rt2 Faaone,-17.756,-148.736
202300012852,21,11,2023,2025-12-05 18:00:00,5,93,93007,2,1,2,6,Avenue De La Republique,48.936011,2.466684
202300012853,11,8,2023,2025-12-05 03:00:00,5,28,28134,2,1,1,7,De Gaulle (Rue Du General),48.73652,1.37001
202300012854,1,6,2023,2025-12-05 14:00:00,1,49,49007,1,1,1,2,Atlantique  Avenue De L',47.46906,-0.60798
202300012855,21,11,2023,2025-12-05 19:00:00,3,93,93055,2,1,2,7,Avenue Jean Jaures,48.909798,2.398825
202300012856,18,3,2023,2025-12-05 22:30:00,5,37,37195,2,1,1,1,Cher (Levee Du),47.37484,0.64588
202300012857,27,12,2023,2025-12-05 21:30:00,3,988,98802,1,1,1,7,Rps4,-21.85655,166.04415
202300012858,11,8,2023,2025-12-05 20:10:00,1,27,27681,2,3,2,3,Croquet (Sente Du),49.08223,1.4983
202300012859,2,6,2023,2025-12-05 10:40:00,1,49,49007,2,6,1,3,Pajotin,47.46433,-0.53137
202300012860,18,3,2023,2025-12-05 16:25:00,1,29,29019,2,1,8,2,Rue Auguste Kervern,48.40312,-4.48881
202300012861,2,8,2023,2025-12-05 13:10:00,1,18,18279,2,1,1,7,Place Salvador Allende,47.2262,2.08476
202300012862,23,12,2023,2025-12-05 15:40:00,1,973,97304,2,6,1,6,Avenue Gaston Monnerville,5.17213,-52.650261
202300012863,1,6,2023,2025-12-05 21:47:00,2,49,49007,2,1,1,7,Adresse_Inconnue,47.47961,-0.55168
202300012864,21,11,2023,2025-12-05 15:15:00,5,92,92078,2,3,1,3,Gallieni (Bd) (1 A 79 Et 22 A 102),48.93389791,2.33273931
202300012865,18,3,2023,2025-12-05 16:30:00,1,25,25462,2,1,1,6,Remparts,46.90257,6.35432
202300012866,12,8,2023,2025-12-05 15:40:00,1,18,18033,2,7,8,6,Place De Juranville,47.08307,2.38886