num_acc,jour,mois,an,hrmn,lum,dep,com,agg,int,atm,col,adr,lat,long
202300012867,1,6,2023,2025-12-05 16:34:00,1,49,49246,1,1,1,6,D952,47.43361,-0.47719
202300012868,22,12,2023,2025-12-05 21:15:00,5,971,97128,1,1,1,1,Marly,16.278036,-61.340045
202300012869,21,11,2023,2025-12-05 08:00:00,1,92,92075,2,6,2,3,Carrefour De L'Insurrection,48.82028378,2.29062492
202300012870,17,3,2023,2025-12-05 13:15:00,1,21,21054,2,3,1,6,Foch (Boulevard Marechal),47.027654,4.838566
202300012871,10,8,2023,2025-12-05 15:10:00,1,18,18033,2,3,1,3,Rue Jean Jacques Rousseau,47.07939,2.38957
202300012872,2,6,2023,2025-12-05 12:10:00,1,44,44184,2,1,1,2,113Bis Boulevard Pierre De Maupertuis,47.28226,-2.2276
202300012873,19,12,2023,2025-12-05 11:30:00,1,30,30211,2,4,1,7,Rue Du Parc,43.834113,4.499819
202300012874,18,3,2023,2025-12-05 07:17:00,1,18,18279,1,1,1,1,Adresse_Inconnue,47.197914,2.09173
202300012875,21,11,2023,2025-12-05 12:30:00,1,92,92063,2,3,2,3,Richelieu (Boulevard),48.87057,2.18423
202300012876,12,8,2023,2025-12-05 10:50:00,1,17,17415,2,6,2,3,Gautier Rue,45.74092,-0.62245
202300012877,17,3,2023,2025-12-05 17:55:00,1,17,17415,2,1,1,4,Dufaure Avenue Jules,45.748622,-0.609956
202300012878,21,11,2023,2025-12-05 08:55:00,1,92,92048,2,1,2,6,Gardes (Route Des) Ndeg 2 A 12,48.81877297,2.24018276
202300012879,27,12,2023,2025-12-05 16:05:00,1,84,84003,1,1,7,1,D3 - Le Jonquier,43.855218,5.352831
202300012880,20,11,2023,2025-12-05 00:35:00,5,92,92036,2,1,1,6,General De Gaulle (Avenue) (Pairs),48.93426476,2.3175289
202300012881,2,6,2023,2025-12-05 15:20:00,1,43,43157,1,3,1,2,88 (Route Nationale),45.00415,3.87869
202300012882,18,3,2023,2025-12-05 01:35:00,5,13,13212,2,3,1,2,Charles Kaddouz (Rue),43.31497969,5.43345659
202300012883,28,12,2023,2025-12-05 12:05:00,1,13,13022,2,1,1,1,D559,43.226037,5.538096
202300012884,21,11,2023,2025-12-05 19:27:00,5,92,92012,2,1,2,6,Edouard Vaillant (Avenue) - Debut/55 - C,48.8341154,2.24482995
202300012885,18,3,2023,2025-12-05 23:12:00,5,10,10081,2,1,8,7,Jean Mermoz (Rue),48.31209,4.03666
202300012886,2,6,2023,2025-12-05 11:10:00,1,38,38516,2,9,1,2,Randon (Av. Mal),45.20106,5.74195
202300012887,21,11,2023,2025-12-05 14:00:00,1,92,92012,2,1,1,6,Andre Morizet (Avenue) 1/47 - 2/52,48.83551969,2.24000931
202300012888,18,3,2023,2025-12-05 18:10:00,1,5,5061,1,1,1,6,Patac (Barreau De),44.53917196,6.0710299
202300012889,21,11,2023,2025-12-05 14:10:00,1,92,92004,2,1,2,1,Marne   ( Avenue De La ),48.90970454,2.28676665
202300012890,15,3,2023,2025-12-05 17:10:00,1,75,75113,2,3,1,6,Avenue Des Gobelins,48.83320096,2.35435456
202300012891,2,6,2023,2025-12-05 14:24:00,1,37,37261,2,2,1,3,Fouquet (Rue Jehan),47.38634,0.68403
202300012892,27,12,2023,2025-12-05 21:30:00,3,14,14658,1,1,6,6,Rue Du Vieux Chateau,48.81291647,-1.02104314
202300012893,21,11,2023,2025-12-05 08:52:00,1,92,92009,2,2,2,3,Raoul Norrling ( Rue ),48.90531996,2.26426435
202300012894,18,3,2023,2025-12-05 11:06:00,1,75,75120,2,3,1,6,Rue De Belleville,48.872553,2.378521
202300012895,1,6,2023,2025-12-05 16:30:00,1,37,37233,2,1,1,3,Duclos (Avenue Jacques),47.3804,0.73014
202300012896,19,12,2023,2025-12-05 14:45:00,1,56,56178,2,1,2,6,Quai Des Recollets,48.071326,-2.9653
202300012897,18,3,2023,2025-12-05 07:01:00,1,75,75104,2,2,1,3,Quai Henri Iv,48.850825,2.361459
202300012898,24,12,2023,2025-12-05 13:15:00,1,22,22067,1,1,8,2,D54,48.5542,-3.17639
202300012899,2,6,2023,2025-12-05 11:30:00,1,35,35238,2,3,1,3,Malakoff (Pont),48.10672,-1.6931
202300012900,21,11,2023,2025-12-05 15:15:00,1,63,63345,1,2,2,3,D778/D5,45.715993,2.994236
202300012901,18,3,2023,2025-12-05 17:15:00,1,75,75117,2,2,1,3,Avenue De Wagram,48.881559,2.300701
202300012902,28,12,2023,2025-12-05 12:25:00,1,59,59029,2,7,1,3,Place Du General De Gaulle,50.4793,3.204517
202300012903,1,6,2023,2025-12-05 08:23:00,1,34,34301,2,9,1,1,695 Avenue Des Eaux Blanches,43.419443,3.713282
202300012904,22,11,2023,2025-12-05 03:00:00,5,976,97610,2,1,1,1,Route Nationale 1 - Koungou,-12.744796,45.222859
202300012905,18,3,2023,2025-12-05 11:45:00,1,75,75116,2,1,1,6,Allee Des Fortifications,48.852707,2.259855
202300012906,27,12,2023,2025-12-05 13:25:00,1,33,33249,1,1,7,2,Autoroute A 10,44.88788887,-0.50517155
202300012907,18,3,2023,2025-12-05 01:25:00,5,75,75116,2,3,1,3,Avenue De New York,48.864096,2.299466
202300012908,1,8,2023,2025-12-05 16:10:00,1,1,1325,1,2,1,3,D22,45.960011,5.148854
202300012909,2,6,2023,2025-12-05 21:10:00,2,33,33281,2,1,1,1,Avenue Bon Air,44.81936,-0.64922
202300012910,21,11,2023,2025-12-05 19:40:00,3,67,67535,1,1,1,7,D712,48.939606,7.390527
202300012911,17,3,2023,2025-12-05 22:00:00,5,75,75116,2,2,2,2,Quai Louis Bleriot,48.847151,2.274479
202300012912,26,12,2023,2025-12-05 09:49:00,1,59,59560,1,1,1,4,Autoroute A1,50.53404,3.04827
202300012913,23,10,2023,2025-12-05 18:35:00,2,6,6149,2,1,1,1,36 Boulevard General De Gaulle,43.737472,7.309034
202300012914,18,3,2023,2025-12-05 19:20:00,5,75,75112,2,1,1,3,Route De La Pyramide,48.829582,2.451057
202300012915,26,12,2023,2025-12-05 12:50:00,1,78,78402,1,1,1,2,A13,48.965169,1.763263
202300012916,18,3,2023,2025-12-05 13:30:00,1,75,75112,2,1,1,3,Boulevard Diderot,48.847291,2.385978
202300012917,22,11,2023,2025-12-05 09:40:00,1,31,31022,2,1,1,3,42 Route De Fronton,43.670417,1.427777
202300012918,26,12,2023,2025-12-05 04:40:00,3,93,93064,1,9,1,6,Autoroute A86,48.87859,2.47631
202300012919,18,3,2023,2025-12-05 03:20:00,5,75,75111,2,2,1,3,Rue Du Faubourg Saint Antoine,48.850102,2.384715
202300012920,20,11,2023,2025-12-05 18:30:00,3,68,68295,2,9,2,3,D201,48.020207,7.380715
202300012921,18,3,2023,2025-12-05 10:20:00,1,75,75109,2,1,1,6,Boulevard De Rochechouart,48.882652,2.343686
202300012922,27,12,2023,2025-12-05 03:45:00,3,77,77175,1,1,1,5,A5B,48.64598426,2.62308483
202300012923,22,11,2023,2025-12-05 15:30:00,1,83,83086,1,1,1,3,D1555,43.473609,6.537187
202300012924,17,3,2023,2025-12-05 21:55:00,5,75,75108,2,1,2,3,Avenue Hoche,48.875967,2.300241
202300012925,28,6,2023,2025-12-05 07:10:00,1,32,32382,1,1,1,6,Rd 939 - Pk 18+330,43.730887,0.376968
202300012926,22,11,2023,2025-12-05 07:30:00,2,58,58261,1,1,9,2,D33,47.392929,2.980894
202300012927,18,3,2023,2025-12-05 15:45:00,1,94,94044,2,1,2,1,Avenue Descartes,48.740528,2.484288
202300012928,25,12,2023,2025-12-05 12:00:00,1,974,97407,2,1,1,6,14 Juillet 1789(Avenue Du),-20.93258,55.29453
202300012929,18,3,2023,2025-12-05 10:15:00,1,94,94052,2,9,1,6,168 Grande Rue Charles De Gaulle,48.8382135,2.49124525
202300012930,17,9,2023,2025-12-05 19:05:00,2,75,75120,2,1,1,3,Boulevard Peripherique,48.848263,2.414947
202300012931,17,3,2023,2025-12-05 14:20:00,1,94,94079,2,1,1,3,Boulevard Jean Monnet,48.832264,2.533758
202300012932,18,9,2023,2025-12-05 20:20:00,5,75,75119,2,2,2,3,Rue De Crimee,48.89525,2.37196
202300012933,26,12,2023,2025-12-05 11:10:00,1,973,97302,2,1,1,1,Grant (Cite),4.94848,-52.30453
202300012934,18,3,2023,2025-12-05 12:42:00,1,94,94076,2,1,1,6,99 Rue De Chevilly,48.78230686,2.35532874
202300012935,17,9,2023,2025-12-05 22:30:00,5,75,75119,2,2,2,2,Avenue De La Porte De Pantin,48.889879,2.396631
202300012936,18,3,2023,2025-12-05 13:50:00,1,94,94028,2,1,1,3,Rue Rene Arcos,48.777823,2.464735
202300012937,26,12,2023,2025-12-05 00:20:00,5,973,97302,1,1,1,3,Leblond (Rond Point),4.92162285,-52.32992738
202300012938,18,9,2023,2025-12-05 08:40:00,1,75,75118,2,1,8,6,Rue De La Chapelle,48.896612,2.3597574
202300012939,18,3,2023,2025-12-05 19:32:00,5,92,92073,2,1,2,7,Washington (Boulevard),48.87383,2.21762
202300012940,18,9,2023,2025-12-05 08:00:00,1,75,75118,2,2,1,3,Boulevard Barbes,48.883853,2.349473
202300012941,18,3,2023,2025-12-05 20:35:00,5,92,92049,2,3,1,3,Dormoy Avenue Marx Ndeg102 A Fin,48.81061192,2.30895415
202300012942,25,12,2023,2025-12-05 21:23:00,5,973,97302,2,9,1,3,Baduel (Route De),4.92879,-52.29928
202300012943,18,9,2023,2025-12-05 17:05:00,1,75,75117,2,3,2,6,Avenue Des Ternes,48.878982,2.292772
202300012944,18,3,2023,2025-12-05 14:00:00,1,92,92044,2,2,1,6,Louis Rouquier(Rue)47A111 Et 50A104,48.891011,2.287358
202300012945,25,12,2023,2025-12-05 19:57:00,5,973,97302,2,9,1,6,Flamboyants (Rue Des),4.92579745,-52.31563926
202300012946,17,9,2023,2025-12-05 13:30:00,1,75,75116,2,1,1,3,Quai Saint Exupery,48.837837,2.265288
202300012947,19,3,2023,2025-12-05 06:05:00,3,80,80047,1,1,5,6,D20,50.025732,2.667103
202300012948,18,9,2023,2025-12-05 10:30:00,1,75,75115,2,2,1,6,Boulevard Lefebvre,48.829718,2.295714
202300012949,18,3,2023,2025-12-05 11:45:00,1,2A,2A064,1,1,1,2,Route Territoriale 40,41.843894,8.964565
202300012950,26,12,2023,2025-12-05 12:40:00,1,972,97209,1,2,1,6,Eaux Decoupees (Chemin Des),14.60806,-61.05515
202300012951,18,9,2023,2025-12-05 09:20:00,1,75,75115,2,2,1,5,Esplanade Henri De France,48.838183,2.270645
202300012952,19,3,2023,2025-12-05 11:30:00,1,42,42120,1,2,1,3,Route De Saint Jean,45.992167,3.996929
202300012953,25,12,2023,2025-12-05 21:30:00,5,972,97209,2,1,1,1,Bishop (Avenue Maurice),14.61322433,-61.05248551
202300012954,18,3,2023,2025-12-05 22:50:00,3,31,31480,1,1,2,6,D18,43.545064,1.628879
202300012955,18,9,2023,2025-12-05 13:30:00,1,75,75111,2,2,1,3,Boulevard De Menilmontant,48.858437,2.389436
202300012956,26,12,2023,2025-12-05 20:10:00,5,69,69202,2,2,1,6,Route De La Liberation,45.72814,4.77894
202300012957,18,3,2023,2025-12-05 19:30:00,5,974,97422,2,1,1,7,10 Rue Montaigne,-21.26509374,55.4909724
202300012958,18,9,2023,2025-12-05 17:53:00,1,75,75110,2,3,1,6,Rue Du Faubourg Saint Denis,48.882861,2.359048
202300012959,16,3,2023,2025-12-05 20:15:00,3,972,97207,1,9,1,6,N5,14.582587,-60.980086
202300012960,9,9,2023,2025-12-05 21:55:00,5,94,94081,2,1,1,6,Boulevard De Stalingrad,48.80157,2.37894
202300012961,26,12,2023,2025-12-05 04:31:00,5,971,97120,2,6,1,7,Blanchard,16.22948497,-61.53143048
202300012962,18,9,2023,2025-12-05 14:45:00,1,94,94078,2,1,1,2,132 Rue De Paris,48.733766,2.446732
202300012963,19,3,2023,2025-12-05 15:30:00,1,58,58270,1,1,1,1,Le Gue Des Saules,47.482391,2.988989
202300012964,25,12,2023,2025-12-05 19:45:00,5,971,97105,2,1,1,1,Paul Lacave (Avenue ),15.9936,-61.71903
202300012965,19,3,2023,2025-12-05 10:08:00,1,87,87014,1,1,2,6,"A20 - Sortie 24 - En Direction Du Nord , Pk 148+290",46.110024,1.375662
202300012966,17,9,2023,2025-12-05 22:05:00,5,94,94074,2,1,2,2,Avenue Henri Barbusse,48.77021,2.44044
202300012967,18,3,2023,2025-12-05 15:30:00,1,34,34095,1,1,3,1,M185,43.547708,3.812943
202300012968,17,9,2023,2025-12-05 10:10:00,1,94,94011,2,9,1,3,Rue Pierre Semard,48.76271,2.4786
202300012969,18,3,2023,2025-12-05 00:30:00,3,19,19110,1,1,1,6,Le Braud,45.302247,2.245617
202300012970,25,12,2023,2025-12-05 15:00:00,1,971,97105,2,3,1,3,Schoecher (Rue),15.99604708,-61.73111558
202300012971,18,9,2023,2025-12-05 00:00:00,5,94,94081,2,1,2,6,Rue Leon Geffroy,48.781557,2.407816
202300012972,19,3,2023,2025-12-05 13:50:00,1,56,56090,2,1,1,6,Lieu-Dit Le Pontoir,47.861391,-3.233564
202300012973,26,12,2023,2025-12-05 21:35:00,3,91,91223,1,1,1,6,Rd 191,48.44363,2.12523
202300012974,18,9,2023,2025-12-05 02:09:00,5,93,93066,2,1,1,3,Rue Ambroise Croizat,48.93314,2.34799
202300012975,29,1,2023,2025-12-05 04:00:00,3,56,56123,2,7,1,6,Place De L'Eglise,47.677525,-2.296641
202300012976,26,12,2023,2025-12-05 04:45:00,5,87,87085,2,3,1,2,Baudin ( Avenue) (Vc),45.82724,1.25983
202300012977,18,9,2023,2025-12-05 12:20:00,1,93,93066,2,6,1,3,Avenue Lenine / Rue De Strasbourg,48.93582661,2.36789864
202300012978,18,3,2023,2025-12-05 16:20:00,1,76,76302,2,1,1,1,Rue De La Voie Romaine,49.644402,0.373911
202300012979,24,12,2023,2025-12-05 19:30:00,5,78,78172,2,1,1,6,Bourseul (Rue Charles),48.99854,2.10378
202300012980,17,9,2023,2025-12-05 17:30:00,1,93,93051,2,1,1,3,Rue Du Reseau Robert Keller,48.85238029,2.56809925
202300012981,18,3,2023,2025-12-05 16:45:00,1,2B,2B219,2,1,1,1,Le Village,42.377426,9.366531
202300012982,19,3,2023,2025-12-05 11:10:00,1,65,65442,1,1,2,6,Route De Boulogne,43.293825,0.62798
202300012983,18,9,2023,2025-12-05 18:00:00,1,93,93029,2,1,8,3,Avenue Henri Barbusse,48.91966792,2.45100407
202300012984,26,12,2023,2025-12-05 12:15:00,1,76,76351,2,3,1,3,Cavee Verte (Rue De La),49.50588,0.1168
202300012985,19,3,2023,2025-12-05 12:40:00,1,25,25212,2,1,2,3,Rue Du Vallon,47.273045,5.992162
202300012986,17,9,2023,2025-12-05 13:30:00,1,93,93027,2,1,1,6,Avenue Paul Vaillant Couturier,48.92536092,2.41561192
202300012987,26,12,2023,2025-12-05 02:20:00,5,76,76351,2,1,1,7,Gobelins (Des),49.49783,0.10456
202300012988,18,9,2023,2025-12-05 11:05:00,1,92,92051,2,1,1,6,"Bineau (Boulevard, Ndeg133 A 217 Et 134 A",48.89105384,2.27024263
202300012989,22,12,2023,2025-12-05 20:40:00,3,76,76270,1,1,1,6,Rd 6382,49.53031,0.12958
202300012990,15,3,2023,2025-12-05 13:05:00,1,35,35230,1,2,1,5,D15,48.45977427,-1.23937503
202300012991,18,9,2023,2025-12-05 15:10:00,1,92,92044,2,1,1,2,Charles Pasqua (Quai) 58 A90,48.90231778,2.28715897
202300012992,18,3,2023,2025-12-05 20:20:00,3,29,29300,1,1,1,6,La Croix Logan,47.89842,-3.67439
202300012993,22,12,2023,2025-12-05 20:15:00,5,76,76305,2,6,2,3,Jacques Eberhard (Avenue),49.51098,0.22932
202300012994,18,9,2023,2025-12-05 07:55:00,1,92,92044,2,2,1,3,P.V.Couturier(Rue)65A79 Et50A58,48.89706459,2.28933279
202300012995,18,3,2023,2025-12-05 20:53:00,5,38,38022,1,1,1,1,Route Des Alpes,45.617775,5.540414
202300012996,18,9,2023,2025-12-05 09:20:00,1,92,92062,2,1,1,6,Boulevard Circulaire,48.88731,2.24958
202300012997,25,12,2023,2025-12-05 18:05:00,5,74,74298,2,3,1,3,Chenes (Allee Des ),46.18536,6.273
202300012998,18,9,2023,2025-12-05 12:40:00,1,92,92026,2,1,1,3,Colombes,48.89836891,2.25658572
202300012999,18,3,2023,2025-12-05 20:55:00,3,1,1319,1,1,1,6,Route De Chatillon,46.102362,4.950816
202300013000,25,12,2023,2025-12-05 18:40:00,3,74,74010,2,4,1,6,Corniche (Boulevard De La),45.88408,6.14238
202300013001,18,9,2023,2025-12-05 15:15:00,1,92,92014,2,3,8,4,Fontenay (Rue),48.78481,2.31104
202300013002,26,12,2023,2025-12-05 11:05:00,1,73,73011,2,9,1,6,Curie (Rue Pierre Et Marie),45.66826,6.38095
202300013003,18,3,2023,2025-12-05 17:35:00,1,45,45040,2,3,1,6,Chemin De La Cheuille,47.574343,2.817795
202300013004,18,9,2023,2025-12-05 06:35:00,3,35,35136,1,1,1,2,Janze,47.96303845,-1.51493847
202300013005,25,12,2023,2025-12-05 20:05:00,5,69,69290,2,1,1,1,Route D'Heyrieux,45.68375639,4.95152861
202300013006,18,3,2023,2025-12-05 11:30:00,1,10,10287,1,1,1,2,D960,48.363118,4.31856
202300013007,19,9,2023,2025-12-05 07:10:00,2,47,47272,1,1,1,1,Route De Paris,44.681257,0.575173
202300013008,26,12,2023,2025-12-05 17:45:00,5,66,66136,2,1,1,6,Boulevard Aristide Briand,42.69442,2.90147
202300013009,19,9,2023,2025-12-05 07:00:00,2,45,45247,1,1,1,1,Rue De La Varenne,48.013281,2.67913
202300013010,19,3,2023,2025-12-05 00:45:00,3,16,16380,1,1,2,7,Au Rochet,45.399535,-0.203226
202300013011,18,3,2023,2025-12-05 15:15:00,1,24,24038,1,1,3,6,D708,45.322895,0.365751
202300013012,15,9,2023,2025-12-05 18:00:00,1,68,68295,1,2,1,3,Route De Herrlisheim,48.014279,7.369283
202300013013,17,9,2023,2025-12-05 18:40:00,1,14,14061,1,1,1,6,5 Route De Caen,48.890794,-0.84776
202300013014,26,12,2023,2025-12-05 10:30:00,1,66,66136,2,1,1,4,Adresse_Inconnue,42.70718,2.90733
202300013015,19,9,2023,2025-12-05 17:45:00,1,42,42322,1,1,1,6,1689 Route De La Croix De Chaubouret,45.412088,4.523696
202300013016,19,3,2023,2025-12-05 15:15:00,1,21,21423,1,1,2,3,"Autoroute A6, Pk 307.600 Sens Lyon Vers Paris",46.99304383,4.85559746
202300013017,26,12,2023,2025-12-05 10:30:00,1,66,66136,2,9,1,6,Boulevard Docteur Joseph Denoyes,42.70991291,2.8846246
202300013018,19,9,2023,2025-12-05 06:10:00,3,8,8027,1,1,1,2,A34,49.564502,4.468431
202300013019,18,3,2023,2025-12-05 01:30:00,3,988,98819,1,9,1,7,Col Amos,-20.333682,164.426376
202300013020,17,9,2023,2025-12-05 20:51:00,5,51,51629,2,1,1,7,D951,49.164082,4.01734
202300013021,26,12,2023,2025-12-05 11:53:00,1,64,64483,2,1,1,2,Rd810,43.39970532,-1.64011717
202300013022,18,9,2023,2025-12-05 09:25:00,1,56,56261,1,3,1,3,Lieu Dit Hutte Saint Pierre,47.696556,-2.540841
202300013023,19,3,2023,2025-12-05 15:30:00,1,973,97305,1,3,1,3,Hotel Maillard (Patrimoine National),4.974173,-52.441714
202300013024,26,12,2023,2025-12-05 18:15:00,3,64,64284,1,1,1,2,Rauski,43.26611,-0.38957
202300013025,18,9,2023,2025-12-05 17:30:00,1,56,56212,1,1,1,1,La Mine,47.54383,-2.186805
202300013026,18,3,2023,2025-12-05 17:25:00,1,33,33245,1,1,2,6,D115,44.801274,-0.433853
202300013027,19,3,2023,2025-12-05 03:00:00,3,33,33214,1,1,1,6,D6,45.003477,-1.154197
202300013028,18,9,2023,2025-12-05 17:40:00,1,79,79293,1,5,1,3,Adresse_Inconnue,46.374736,-0.492537
202300013029,26,12,2023,2025-12-05 00:45:00,5,64,64024,2,6,1,3,Adresse_Inconnue,43.49655,-1.50888
202300013030,19,3,2023,2025-12-05 06:15:00,3,28,28363,1,1,2,1,Rd24,48.42206,1.862692
202300013031,18,9,2023,2025-12-05 16:25:00,1,82,82182,1,1,1,1,D41 Pk 10+953,44.264646,1.053518
202300013032,17,3,2023,2025-12-05 13:45:00,1,45,45155,2,2,1,1,75 Avenue President Wilson,47.693989,2.631086
202300013033,26,12,2023,2025-12-05 13:00:00,1,56,56162,2,1,2,1,Chemin De Lorient Au Passage Saint-Maurice,47.73872,-3.4088
202300013034,19,9,2023,2025-12-05 17:10:00,1,65,65363,1,2,1,3,D817,43.10940038,0.44425216
202300013035,19,3,2023,2025-12-05 01:30:00,3,30,30211,2,1,1,6,Adresse_Inconnue,43.82617176,4.50152993
202300013036,18,9,2023,2025-12-05 19:26:00,1,65,65069,2,1,1,6,Chemin Du Haut-Mour,43.072611,0.383427
202300013037,18,3,2023,2025-12-05 17:15:00,1,70,70046,1,2,1,3,D486,47.619954,6.436838
202300013038,19,9,2023,2025-12-05 11:55:00,1,71,71154,1,1,1,7,123 Rue Principale,46.826553,4.897742
202300013039,24,12,2023,2025-12-05 15:05:00,1,56,56121,2,1,1,7,Toullec (Rue  Francois ),47.73234,-3.37919
202300013040,18,3,2023,2025-12-05 18:22:00,2,67,67529,1,1,1,6,Rue Creuse,48.720878,7.82041
202300013041,19,9,2023,2025-12-05 17:44:00,2,71,71014,2,1,7,6,Rue De L?Arquebuse,46.950691,4.303191
202300013042,18,3,2023,2025-12-05 22:30:00,3,1,1211,1,1,1,7,Route Departementale 64A,46.116123,5.180864
202300013043,19,9,2023,2025-12-05 11:15:00,1,42,42034,1,1,1,6,Les Chassagnes,45.83611,3.763719
202300013044,17,3,2023,2025-12-05 23:36:00,3,17,17058,2,3,1,7,Rue De La Sainceaudiere,45.847998,-1.134912
202300013045,18,9,2023,2025-12-05 13:45:00,1,41,41164,2,2,1,3,Avenue De La Gare,47.280674,1.381048
202300013046,18,3,2023,2025-12-05 06:15:00,3,33,33175,1,1,1,6,5 Route De Rauzan,44.74179026,-0.1535967
202300013047,17,9,2023,2025-12-05 01:17:00,5,31,31033,2,1,1,6,Avenue De Nailloux,43.35638674,1.48534834
202300013048,18,3,2023,2025-12-05 10:00:00,1,72,72264,2,6,2,3,7 Rue De La Petite Vitesse,47.84262,-0.342583
202300013049,19,3,2023,2025-12-05 11:30:00,1,35,35360,1,1,1,7,Rd 178,48.120883,-1.233076
202300013050,15,9,2023,2025-12-05 22:00:00,5,2,2328,2,1,1,6,1 Rue Des Dimes,49.049075,3.482005
202300013051,28,2,2023,2025-12-05 14:30:00,1,60,60141,2,6,1,3,Rond Point De Sylvie,49.186107,2.460744
202300013052,19,9,2023,2025-12-05 17:05:00,1,2,2215,2,3,1,3,10 Rue De Reims,49.461371,3.825498
202300013053,19,3,2023,2025-12-05 16:50:00,1,59,59660,1,1,1,7,Chaussee De Verdun,50.64063,3.235281
202300013054,18,3,2023,2025-12-05 19:20:00,2,13,13026,1,1,1,6,A55-Sens Marseille Vers Martigues,43.40309,5.10987
202300013055,18,9,2023,2025-12-05 16:45:00,1,14,14578,1,3,1,4,31Bis Route De Honfleur,49.363676,0.201145
202300013056,18,9,2023,2025-12-05 05:45:00,3,90,90033,2,1,2,7,Boulevard De La Liberte,47.51323,6.995056
202300013057,18,3,2023,2025-12-05 13:30:00,1,33,33249,1,1,1,5,Rocade A 630,44.87964,-0.53601
202300013058,19,9,2023,2025-12-05 12:55:00,1,9,9189,1,1,1,6,N20,42.664176,1.833959
202300013059,18,3,2023,2025-12-05 16:10:00,1,91,91286,1,1,1,3,Autoroute A6,48.654,2.38
202300013060,16,9,2023,2025-12-05 14:15:00,1,45,45296,1,1,1,2,D955 Pr 17 + 800,47.995163,1.713374
202300013061,18,3,2023,2025-12-05 13:20:00,1,91,91689,1,1,1,2,Autoroute A6B,48.74928726,2.32841223
202300013062,16,9,2023,2025-12-05 12:00:00,1,73,73229,1,3,1,7,D1006 Route De Chambery,45.455647,5.781098
202300013063,18,3,2023,2025-12-05 10:20:00,1,91,91319,1,1,1,7,Autoroute A10,48.645681,2.162932
202300013064,19,9,2023,2025-12-05 13:30:00,1,10,10054,1,1,1,6,D440,48.364917,3.635745
202300013065,18,3,2023,2025-12-05 09:05:00,1,91,91037,1,1,1,7,Autoroute A6,48.53249,2.50083
202300013066,18,9,2023,2025-12-05 12:20:00,1,16,16208,1,2,1,3,Carrefour D119 - D75,45.761191,-0.152156
202300013067,17,3,2023,2025-12-05 23:45:00,3,91,91103,1,1,1,7,Rn 104,48.62405,2.29921
202300013068,19,9,2023,2025-12-05 13:30:00,1,85,85018,1,1,1,2,Rd 948,46.915677,-2.0566968
202300013069,18,3,2023,2025-12-05 00:01:00,3,91,91136,1,1,1,7,A10 Ext,48.713638,2.276318
202300013070,18,3,2023,2025-12-05 16:05:00,1,92,92025,1,1,1,3,A86,48.92431667,2.23108042
202300013071,18,9,2023,2025-12-05 17:29:00,1,27,27665,1,3,1,1,D89,49.423648,0.569358
202300013072,18,3,2023,2025-12-05 09:30:00,1,92,92072,1,1,1,6,N118,48.82725286,2.22440344
202300013073,19,9,2023,2025-12-05 08:10:00,1,30,30184,1,1,1,5,Adresse_Inconnue,43.98376,4.246516
202300013074,19,9,2023,2025-12-05 11:30:00,1,6,6152,1,1,1,3,Route Du Parc,43.616593,7.039449
202300013075,18,3,2023,2025-12-05 09:00:00,5,92,92063,1,1,1,2,A86,48.88652814,2.16549995
202300013076,19,9,2023,2025-12-05 10:34:00,1,33,33227,1,1,1,2,A62 Pk 038.345,44.53122597,-0.23156852
202300013077,18,2,2023,2025-12-05 05:15:00,3,78,78423,1,1,1,6,A12 Y,48.796372,2.039832
202300013078,18,3,2023,2025-12-05 22:23:00,3,78,78238,1,1,1,2,A13,48.969816,1.867271
202300013079,19,9,2023,2025-12-05 10:10:00,1,69,69003,2,1,1,4,31 Avenue Henri Barbusse,45.86067026,4.83511144
202300013080,17,3,2023,2025-12-05 20:55:00,3,78,78238,1,1,8,4,A13,48.968989,1.862377
202300013081,3,9,2023,2025-12-05 04:50:00,3,13,13018,1,1,1,2,Autoroute A7 Pk 203.000,43.866713,4.966679
202300013082,18,9,2023,2025-12-05 17:30:00,1,34,34202,1,1,1,3,M5E5,43.598489,3.782451
202300013083,18,3,2023,2025-12-05 12:10:00,1,93,93007,1,1,1,2,Autoroute A1,48.94925302,2.44676549
202300013084,18,9,2023,2025-12-05 18:20:00,1,77,77171,2,1,1,3,Avenue Charles De Gaulle,48.900179,2.811486
202300013085,18,3,2023,2025-12-05 07:45:00,1,93,93078,1,1,8,6,Autoroute A104,48.95805467,2.52849698
202300013086,15,9,2023,2025-12-05 07:30:00,2,66,66230,2,3,1,6,Rue Du 19 Mars 1962,42.644704,2.529044
202300013087,18,3,2023,2025-12-05 04:45:00,3,93,93005,1,1,2,6,A104,48.97312,2.49099
202300013088,18,3,2023,2025-12-05 02:00:00,3,95,95277,1,1,8,6,A3,48.97566099,2.49022422
202300013089,19,9,2023,2025-12-05 16:03:00,1,11,11076,2,1,1,6,13 Avenue Monseigneur De Langle,43.315179,1.960534
202300013090,9,9,2023,2025-12-05 14:40:00,1,4,4152,1,1,1,6,Chemin Des Plaines,43.809029,5.770204
202300013091,18,3,2023,2025-12-05 01:30:00,3,93,93005,1,1,9,6,Autoroute A104,48.97265,2.49233