num_acc,jour,mois,an,hrmn,lum,dep,com,agg,int,atm,col,adr,lat,long
202300013092,18,3,2023,2025-12-05 06:50:00,2,94,94028,1,1,2,2,A86,48.79510362,2.44232708
202300013093,14,9,2023,2025-12-05 19:00:00,2,13,13051,1,2,1,1,Route Des Baisses,43.531951,5.148801
202300013094,16,3,2023,2025-12-05 14:35:00,1,45,45004,2,1,7,6,302 Rue Briselance,47.97973,2.73444
202300013095,18,9,2023,2025-12-05 06:15:00,3,52,52227,1,1,1,6,D16,48.17808933,5.61901376
202300013096,15,3,2023,2025-12-05 18:00:00,2,6,6027,2,1,1,6,Soutine Rue,43.666,7.1512
202300013097,17,9,2023,2025-12-05 13:45:00,1,38,38298,2,2,1,3,Rue De Bregnieux,45.377759,4.801662
202300013098,17,3,2023,2025-12-05 18:30:00,1,974,97411,2,1,1,7,Foucque (Avenue Hippolyte),-20.89864,55.4867
202300013099,19,9,2023,2025-12-05 16:30:00,1,69,69014,1,4,1,1,Route Departementale 4E,45.66808473,4.48505468
202300013100,19,9,2023,2025-12-05 09:25:00,1,31,31395,2,6,7,6,Avenue Des Pyrenees,43.458949,1.326229
202300013101,17,3,2023,2025-12-05 14:55:00,1,974,97411,2,1,1,1,Avenir (Rue De L'),-20.902485,55.39918
202300013102,18,9,2023,2025-12-05 11:10:00,1,79,79081,1,1,1,2,Adresse_Inconnue,46.34792,-0.35388
202300013103,17,3,2023,2025-12-05 11:51:00,1,972,97213,2,1,1,3,Basse Gondeau (Chemin Rural Ndeg3 De),14.62161,-61.02018
202300013104,18,9,2023,2025-12-05 07:35:00,1,33,33438,2,1,1,3,Route De Gascogne,44.568825,-0.242922
202300013105,17,3,2023,2025-12-05 11:05:00,1,69,69382,2,4,1,3,4 Quai Marechal Joffre,45.75349,4.82501
202300013106,18,9,2023,2025-12-05 21:15:00,3,44,44052,1,1,1,7,12 Route De Montoir-De-Bretagne,47.329483,-2.088577
202300013107,16,3,2023,2025-12-05 07:35:00,1,69,69034,2,9,1,2,Avenue Louis Dufour,45.80018749,4.85134019
202300013108,16,9,2023,2025-12-05 21:45:00,5,22,22093,2,6,1,7,Rue De Penthievre,48.46314,-2.519941
202300013109,25,8,2023,2025-12-05 17:00:00,1,59,59053,1,1,1,7,D649,50.298072,3.813041
202300013110,16,3,2023,2025-12-05 06:50:00,1,971,97113,1,1,1,3,Rn4 - Section Riviera,16.21768,-61.49367
202300013111,17,3,2023,2025-12-05 17:35:00,1,95,95680,2,1,1,6,Boulevard Salvador Allende,49.004034,2.392614
202300013112,15,9,2023,2025-12-05 17:50:00,1,54,54197,1,1,1,4,Autoroute A 33,48.621356,6.189576
202300013113,17,3,2023,2025-12-05 09:00:00,1,91,91421,2,1,1,6,Republique (Avenue De La),48.699,2.469
202300013114,18,9,2023,2025-12-05 19:39:00,1,33,33192,1,1,1,6,Rocade A 630,44.78926,-0.61985
202300013115,17,3,2023,2025-12-05 20:35:00,5,91,91687,2,3,3,3,Commandant Barre (Avenue Du),48.6603,2.3683
202300013116,14,9,2023,2025-12-05 22:10:00,3,59,59082,1,1,1,6,Route Nationale 225,50.95953,2.40478
202300013117,16,3,2023,2025-12-05 16:35:00,1,91,91433,2,1,1,6,Maladrerie (Rue De La)     Cd17,48.44925,2.18784
202300013118,15,9,2023,2025-12-05 18:05:00,1,59,59124,1,1,1,7,Autoroute A27,50.60408,3.27445
202300013119,17,3,2023,2025-12-05 19:00:00,5,84,84035,2,2,1,1,Verdun (Avenue De),43.83277,5.04035
202300013120,18,9,2023,2025-12-05 08:49:00,1,91,91345,1,1,1,3,Autoroute A6,48.68994,2.32358
202300013121,16,3,2023,2025-12-05 11:10:00,1,78,78551,1,2,1,3,Rn 184,48.93958,2.09586
202300013122,18,9,2023,2025-12-05 17:10:00,1,92,92050,1,1,2,5,A86,48.91244562,2.21780957
202300013123,15,3,2023,2025-12-05 06:00:00,3,77,77373,1,1,1,3,Rn 4,48.7731,2.61672
202300013124,17,9,2023,2025-12-05 18:00:00,1,92,92036,1,1,1,2,A86,48.93615747,2.28919347
202300013125,17,3,2023,2025-12-05 11:55:00,1,77,77384,1,1,1,1,D57,48.60471,2.64618
202300013126,17,9,2023,2025-12-05 00:38:00,3,92,92048,1,1,1,3,N118,48.80962829,2.21206164
202300013127,16,9,2023,2025-12-05 17:00:00,1,78,78321,1,1,1,2,Rn12 Int,48.79855,1.915058
202300013128,18,9,2023,2025-12-05 18:00:00,1,93,93063,1,1,1,4,Autoroute A3,48.87391673,2.43718835
202300013129,17,3,2023,2025-12-05 19:00:00,2,76,76157,2,3,1,3,Cote De Canteleu,49.44515,1.04208
202300013130,18,9,2023,2025-12-05 08:00:00,1,95,95582,1,1,1,2,A15,48.969467,2.250208
202300013131,16,3,2023,2025-12-05 16:25:00,1,76,76351,2,2,1,3,Gabriel Peri,49.4939,0.11834
202300013132,18,9,2023,2025-12-05 08:30:00,1,93,93008,1,1,1,3,Autoroute A86,48.90844,2.45082
202300013133,17,3,2023,2025-12-05 07:25:00,2,72,72181,2,6,1,1,Louis Blanc (Quai),48.0094,0.19557
202300013134,18,9,2023,2025-12-05 07:30:00,1,93,93064,1,1,1,3,Autoroute A86,48.88318367,2.47202095
202300013135,17,3,2023,2025-12-05 09:45:00,1,71,71306,2,1,1,2,Alouettes (Avenue Des),46.68313,4.36138
202300013136,17,9,2023,2025-12-05 03:30:00,5,93,93027,1,9,1,2,Autoroute A1,48.93399243,2.38993411
202300013137,17,3,2023,2025-12-05 16:00:00,1,69,69264,2,1,1,6,Avenue Saint-Exupery,45.99114,4.71345
202300013138,18,9,2023,2025-12-05 14:20:00,1,77,77468,1,1,1,2,A104,48.85191141,2.66193581
202300013139,16,3,2023,2025-12-05 12:30:00,1,67,67482,2,7,1,3,Haguenau (Place De),48.59167,7.74142
202300013140,18,9,2023,2025-12-05 10:00:00,1,94,94017,1,1,1,3,A4,48.82953894,2.49806034
202300013141,16,3,2023,2025-12-05 18:42:00,2,66,66136,2,2,1,1,Adresse_Inconnue,42.70775,2.88633
202300013142,17,9,2023,2025-12-05 22:20:00,3,94,94028,1,1,2,2,A86 Int,48.78839103,2.44007985
202300013143,16,3,2023,2025-12-05 13:20:00,1,66,66136,1,1,1,2,Adresse_Inconnue,42.68242,2.85621
202300013144,22,6,2023,2025-12-05 19:15:00,1,33,33318,2,6,7,3,Avenue Marc Desbats,44.80426,-0.62547
202300013145,16,3,2023,2025-12-05 07:51:00,2,66,66136,1,1,1,4,Adresse_Inconnue,42.66252,2.92135
202300013146,30,5,2023,2025-12-05 17:45:00,1,14,14011,1,1,1,6,2208 Route D'Anctoville,49.09436,-0.699164
202300013147,17,3,2023,2025-12-05 15:15:00,1,64,64024,2,3,1,6,Bayonne (Avenue De),43.4824,-1.50517
202300013148,16,9,2023,2025-12-05 16:05:00,1,976,97611,2,1,2,3,M'Tsapere-Mosquee Maevantana (Ruelle ),-12.78767,45.2186
202300013149,17,3,2023,2025-12-05 10:58:00,1,64,64140,2,1,1,7,Foix (Av Louis De),43.52574,-1.49385
202300013150,16,3,2023,2025-12-05 10:12:00,1,63,63113,2,1,1,3,Fontgieve (Rue),45.78126336,3.07485491
202300013151,17,9,2023,2025-12-05 02:30:00,5,973,97302,2,2,1,3,Brasse (Lieutenant),4.93585,-52.33455
202300013152,17,3,2023,2025-12-05 16:00:00,1,59,59599,2,1,1,6,Gramme (Chaussee),50.736983,3.168552
202300013153,16,9,2023,2025-12-05 18:50:00,3,972,97213,1,1,1,2,Route Nationale 1,14.63844,-60.97718
202300013154,17,3,2023,2025-12-05 16:45:00,1,58,58194,2,3,1,3,Colbert,46.99357,3.15949
202300013155,17,9,2023,2025-12-05 15:45:00,1,972,97209,1,1,1,6,Soleil Levant (Boulevard Du),14.61903,-61.03899
202300013156,16,3,2023,2025-12-05 21:45:00,5,57,57672,2,1,1,6,Vingtieme Corps (Boulevard Du),49.3621,6.16304
202300013157,17,9,2023,2025-12-05 17:10:00,1,69,69385,2,9,1,3,23 Quai De Bondy,45.76533439,4.82906325
202300013158,17,3,2023,2025-12-05 22:11:00,5,54,54304,2,1,2,1,Quatre Vents (Avenue Des),48.6991,6.1366
202300013159,17,9,2023,2025-12-05 17:13:00,1,2B,2B033,2,3,1,3,Av De La Liberation,42.68489,9.445
202300013160,17,3,2023,2025-12-05 19:40:00,5,54,54395,2,2,1,3,Strasbourg (Avenue De),48.67868,6.19733
202300013161,17,9,2023,2025-12-05 12:20:00,1,971,97120,2,2,1,3,Hanne (Boulevard),16.23994,-61.53206
202300013162,16,3,2023,2025-12-05 16:55:00,1,54,54578,2,3,1,2,Malraux (Avenue Andre),48.66965459,6.14806563
202300013163,17,9,2023,2025-12-05 11:00:00,1,971,97113,1,1,1,3,Section Port Blanc,16.22382,-61.4646
202300013164,15,3,2023,2025-12-05 07:51:00,1,52,52121,2,1,1,2,Ashton Under Lyne (Avenue D'),48.09291,5.13704
202300013165,8,9,2023,2025-12-05 00:10:00,5,971,97113,1,3,1,3,Rn4 - Section Riviera,16.21844167,-61.50571883
202300013166,17,3,2023,2025-12-05 23:40:00,3,51,51431,1,1,1,7,D40,49.01792,3.95019
202300013167,17,9,2023,2025-12-05 21:00:00,5,77,77111,2,1,1,6,Bd Du Grand Fosse,48.865931,2.764445
202300013168,16,3,2023,2025-12-05 08:35:00,1,50,50129,2,1,1,5,Northeim (Avenue De),49.64348,-1.58077
202300013169,16,9,2023,2025-12-05 17:20:00,1,77,77186,2,1,1,3,Andre Maginot (Boulevard),48.4076,2.6875
202300013170,16,3,2023,2025-12-05 08:30:00,1,50,50129,2,2,2,2,Normandie (Avenue De),49.626973,-1.63658
202300013171,15,9,2023,2025-12-05 11:00:00,1,68,68376,2,1,1,6,Saint Cloud (Rue Du),47.81126,7.3372
202300013172,16,3,2023,2025-12-05 18:33:00,1,49,49007,2,1,1,6,Bedier Boulevard,47.45119,-0.54775
202300013173,17,3,2023,2025-12-05 08:40:00,1,45,45075,2,1,1,6,8 Rue D'Ingre,47.891646,1.840047
202300013174,17,9,2023,2025-12-05 20:28:00,5,63,63164,2,3,1,3,Pont (Rue Du),45.8269,3.1411
202300013175,17,3,2023,2025-12-05 11:00:00,1,45,45004,2,1,1,6,69 Rue Marchais Muraille,47.99117,2.76907
202300013176,16,9,2023,2025-12-05 10:25:00,1,62,62765,2,1,1,6,Avenue Charles De Gaulle,50.74421,2.25448
202300013177,17,3,2023,2025-12-05 12:30:00,1,38,38151,2,1,1,1,Cours Jean Jaures,45.15012,5.70609
202300013178,17,9,2023,2025-12-05 21:35:00,5,62,62083,2,2,1,3,Rue De Versailles,50.45384,2.6189
202300013179,17,3,2023,2025-12-05 10:00:00,1,37,37214,2,1,1,4,De Gaulle (Bd Charles),47.42919,0.64879
202300013180,17,9,2023,2025-12-05 18:50:00,1,62,62186,2,3,8,6,D166,50.4542,2.72103
202300013181,17,3,2023,2025-12-05 17:05:00,1,35,35238,2,2,1,3,Liberte (Bd De La),48.10741,-1.67785
202300013182,17,9,2023,2025-12-05 10:55:00,1,62,62457,2,6,1,3,D86,50.44757,2.52965
202300013183,16,9,2023,2025-12-05 21:30:00,5,62,62643,2,1,1,1,Rue Des Peupliers,50.70007,1.5868
202300013184,18,3,2023,2025-12-05 01:50:00,5,33,33063,2,1,2,6,Rue Yves Glotin,44.89243454,-0.54691046
202300013185,17,3,2023,2025-12-05 23:25:00,5,33,33063,2,1,2,6,Rue Du Tondu,44.8292,-0.58727
202300013186,15,9,2023,2025-12-05 15:30:00,1,60,60057,2,1,1,3,Rue Des Deportes,49.42506,2.07185
202300013187,17,3,2023,2025-12-05 08:40:00,1,33,33522,2,1,1,3,Chemin De Leysotte,44.80081,-0.57595
202300013188,17,9,2023,2025-12-05 19:20:00,1,59,59350,2,1,1,3,Dorez Barthelemy Place,50.61813,3.04948
202300013189,17,3,2023,2025-12-05 03:45:00,3,33,33550,2,1,1,6,Avenue Marechal De Lattre De Tassigny,44.77693,-0.55346
202300013190,17,9,2023,2025-12-05 17:15:00,1,58,58194,2,9,1,2,Docks,46.99315,3.14885
202300013191,17,9,2023,2025-12-05 12:05:00,1,42,42207,2,9,1,3,Boulevard De La Grande Terre,45.47721,4.53669
202300013192,17,3,2023,2025-12-05 11:30:00,1,31,31555,2,1,1,3,Bd Silvio Trentin,43.62689,1.43355
202300013193,17,9,2023,2025-12-05 22:45:00,5,35,35238,2,6,1,3,Valles (Jules),48.10501447,-1.70815408
202300013194,16,3,2023,2025-12-05 10:40:00,1,31,31555,2,1,1,2,Chemin Des Etroits,43.54742315,1.43928409
202300013195,17,9,2023,2025-12-05 11:15:00,1,35,35238,1,1,1,7,Adresse_Inconnue,48.08261855,-1.69690222
202300013196,16,3,2023,2025-12-05 07:55:00,2,31,31555,2,1,1,6,Av De Rangueil,43.5696,1.46486
202300013197,17,9,2023,2025-12-05 02:10:00,5,33,33529,2,1,1,6,Chenes Verts (Ave Des),44.63423,-1.19372
202300013198,17,3,2023,2025-12-05 13:30:00,1,26,26198,2,1,1,6,Rue Roland Barthes,44.54618,4.73202
202300013199,17,9,2023,2025-12-05 10:30:00,1,31,31555,2,1,1,3,Lardenne (Av De) Du 1Au 84,43.59215,1.39964
202300013200,16,3,2023,2025-12-05 13:30:00,1,19,19031,2,2,1,2,Pasteur (Avenue),45.16769693,1.53144479
202300013201,17,9,2023,2025-12-05 04:50:00,3,29,29232,1,9,1,6,Rond-Point De Koad Bili,48.03159,-4.08393
202300013202,17,3,2023,2025-12-05 16:40:00,1,17,17415,2,1,1,3,Jean Rue Du Docteur,45.73714,-0.615243
202300013203,17,9,2023,2025-12-05 19:38:00,2,28,28404,2,6,1,3,Nuisement (Rue De),48.71866,1.37556
202300013204,15,3,2023,2025-12-05 13:50:00,1,14,14366,2,6,1,3,2 Boulevard Sainte Anne,49.143703,0.22903
202300013205,17,9,2023,2025-12-05 20:35:00,5,25,25388,2,1,1,6,Bois Bourgeois (Rue Du),47.5129,6.78897
202300013206,17,3,2023,2025-12-05 17:21:00,1,14,14327,2,6,1,3,Le Grand Parc,49.19798,-0.33333
202300013207,17,9,2023,2025-12-05 09:30:00,1,16,16015,2,6,1,2,Bordeaux (Route De Ndeg Impairs),45.64316,0.13622
202300013208,17,3,2023,2025-12-05 20:30:00,5,13,13106,2,3,1,3,8 Mai 1945 (Avenue Du),43.39025,5.36273
202300013209,17,9,2023,2025-12-05 13:50:00,1,13,13212,2,1,1,1,Campanules (Chemin Des),43.30041988,5.44842219
202300013210,13,2,2023,2025-12-05 13:40:00,1,13,13039,1,1,1,2,Ventillon (Zone Du),43.47797003,4.90643779
202300013211,15,9,2023,2025-12-05 08:00:00,1,13,13028,2,1,1,2,Dulac (Avenue Guillaume),43.20145,5.62255
202300013212,17,3,2023,2025-12-05 19:10:00,2,13,13208,2,1,1,3,Mendes France (Avenue),43.25569928,5.37651984
202300013213,17,9,2023,2025-12-05 12:30:00,1,7,7281,1,1,1,7,C.D.533,44.93669,4.81979
202300013214,17,3,2023,2025-12-05 15:15:00,1,13,13201,2,1,1,3,Canebiere    81 A Fin,43.29891,5.38499
202300013215,17,9,2023,2025-12-05 12:00:00,1,75,75120,2,1,1,2,Porte Des Lilas,48.874745,2.410543
202300013216,17,3,2023,2025-12-05 13:30:00,1,13,13211,2,1,1,4,Jean Lombard (Avenue),43.289,5.432
202300013217,16,9,2023,2025-12-05 13:25:00,1,75,75120,2,1,1,2,Porte Des Lilas,48.873182,2.411905
202300013218,17,3,2023,2025-12-05 08:00:00,1,11,11069,2,9,6,3,500 Boulevard Denis Papin,43.207735,2.318123
202300013219,17,9,2023,2025-12-05 17:20:00,1,75,75120,2,1,1,6,Rue Des Pyrenees,48.855745,2.405169
202300013220,17,3,2023,2025-12-05 04:20:00,5,11,11069,2,2,1,6,2 Chemin De Saint Salvy,43.22444,2.34562
202300013221,17,9,2023,2025-12-05 01:20:00,5,75,75120,2,1,1,3,Avenue Gambetta,48.863478,2.389827
202300013222,16,3,2023,2025-12-05 22:35:00,5,11,11069,2,1,1,6,4 Boulevard Barbes,43.21023536,2.35238314
202300013223,17,9,2023,2025-12-05 16:45:00,1,75,75114,2,2,1,6,Rue De L Ouest,48.833715,2.31498
202300013224,17,3,2023,2025-12-05 19:30:00,5,10,10387,2,1,1,2,Cours Jacquin,48.30396,4.07939
202300013225,16,9,2023,2025-12-05 22:35:00,5,75,75113,2,3,1,3,Avenue D Italie,48.827386,2.356889
202300013226,17,3,2023,2025-12-05 13:58:00,1,10,10325,2,2,1,3,Berthelin De Rosieres (Rue),48.26076,4.06373
202300013227,17,9,2023,2025-12-05 09:30:00,1,75,75112,2,1,1,3,Route De La Pyramide,48.831044,2.448881
202300013228,16,3,2023,2025-12-05 14:15:00,1,10,10333,1,9,1,3,Adresse_Inconnue,48.28393,4.0398
202300013229,16,9,2023,2025-12-05 21:55:00,5,75,75110,2,2,1,1,Rue De Saint Quentin,48.878984,2.355784
202300013230,16,3,2023,2025-12-05 12:41:00,1,10,10357,2,2,1,3,Henri Barbusse (Rue),48.29958017,4.11137044
202300013231,17,9,2023,2025-12-05 01:30:00,5,75,75107,2,2,1,6,Quai D Orsay,48.862826,2.313466
202300013232,17,3,2023,2025-12-05 17:16:00,1,6,6088,2,1,1,6,Vauban (R. Marechal),43.70041,7.28643
202300013233,17,9,2023,2025-12-05 16:45:00,1,75,75107,2,1,1,7,Port De La Bourdonnais,48.861022,2.29487
202300013234,17,3,2023,2025-12-05 16:00:00,1,6,6159,2,9,1,6,Albert 1Er (Avenue),43.7058,7.3107
202300013235,16,9,2023,2025-12-05 02:15:00,5,75,75104,2,7,1,6,Place De La Bastille,48.85293,2.368507
202300013236,17,3,2023,2025-12-05 07:48:00,1,6,6069,2,1,1,3,Semard - La Gare (Avenue Pierre),43.654958,6.9274
202300013237,17,3,2023,2025-12-05 09:30:00,1,6,6004,2,4,1,6,Esterel Av.De L',43.5702,7.10972
202300013238,17,9,2023,2025-12-05 00:50:00,5,94,94074,2,3,1,5,Avenue Henri Barbusse,48.7646,2.44185
202300013239,16,3,2023,2025-12-05 18:10:00,5,75,75116,2,1,1,3,Porte D Auteuil,48.850649,2.252218
202300013240,17,9,2023,2025-12-05 18:30:00,1,94,94043,2,1,1,3,Avenue De Fontainebleau,48.81133104,2.36197861
202300013241,15,3,2023,2025-12-05 18:50:00,5,75,75114,2,1,1,5,Porte De Vanves,48.824292,2.30637
202300013242,16,9,2023,2025-12-05 03:10:00,5,94,94022,2,9,1,4,D5,48.77315778,2.40174678
202300013243,15,3,2023,2025-12-05 13:50:00,1,75,75114,2,1,1,2,Porte De Vanves,48.825225,2.30219
202300013244,17,9,2023,2025-12-05 16:40:00,1,93,93070,2,1,1,6,Rue Charles Schmidt,48.90580736,2.33239272
202300013245,16,3,2023,2025-12-05 20:50:00,5,75,75117,2,2,1,7,Boulevard Peripherique Exterieur Ouest,48.886122,2.288028
202300013246,17,9,2023,2025-12-05 15:30:00,1,93,93031,2,3,1,3,Avenue De La Republique / Villa Magnier,48.95,2.328
202300013247,17,3,2023,2025-12-05 11:35:00,1,75,75120,2,2,1,3,Rue De Lagny,48.848927,2.406566
202300013248,16,9,2023,2025-12-05 16:40:00,1,93,93007,2,2,1,3,Rue De La Victoire / Avenue Charles Floquet,48.94052587,2.4463436
202300013249,17,3,2023,2025-12-05 19:55:00,5,75,75117,2,2,2,3,Avenue De Wagram,48.883275,2.301943
202300013250,17,9,2023,2025-12-05 21:50:00,3,93,93005,2,2,3,3,Boulevard Marc Chagall / Chemin Du Moulin De La Ville,48.95304,2.50263
202300013251,17,9,2023,2025-12-05 16:05:00,1,92,92076,2,1,1,6,La Celle Saint Cloud,48.84684933,2.161915
202300013252,17,3,2023,2025-12-05 13:45:00,1,75,75115,2,2,1,6,Rue Lecourbe,48.840502,2.295767
202300013253,16,9,2023,2025-12-05 22:35:00,5,92,92033,2,1,1,6,Dix Neuf Janvier,48.84984625,2.18446174
202300013254,17,9,2023,2025-12-05 09:50:00,1,92,92073,2,1,1,3,Verdun (Rue De) Ndeg 78 A 164,48.87786,2.2343
202300013255,17,9,2023,2025-12-05 07:20:00,2,92,92026,2,1,1,3,Colombes,48.90088604,2.25634371
202300013256,16,9,2023,2025-12-05 22:30:00,3,974,97415,1,1,1,6,Route Nationale 1,-20.96640553,55.2991848
202300013257,17,9,2023,2025-12-05 20:00:00,3,51,51094,1,1,1,7,Rd 15,48.739663,4.713564
202300013258,16,9,2023,2025-12-05 17:45:00,1,1,1450,1,1,1,1,Chemin De Chatillon La Palud,45.940661,5.227035
202300013259,17,9,2023,2025-12-05 01:30:00,5,988,98810,2,1,1,7,Rt1,-20.66792,164.39285
202300013260,14,9,2023,2025-12-05 11:50:00,1,974,97422,2,2,1,1,Rue Du General De Gaulle,-21.276453,55.520841
202300013261,16,9,2023,2025-12-05 15:30:00,1,974,97412,2,1,1,6,13 Rue Des Bosquets,-21.380051,55.649373
202300013262,18,9,2023,2025-12-05 10:35:00,1,52,52147,1,1,1,2,A31 Pk105.480,47.83699651,5.23052044
202300013263,14,9,2023,2025-12-05 22:50:00,3,62,62338,1,2,1,3,D169,50.63346456,2.80435691
202300013264,15,9,2023,2025-12-05 16:20:00,1,74,74026,2,1,1,2,Route De Choisy,45.970407,6.052147
202300013265,17,9,2023,2025-12-05 17:35:00,1,4,4033,1,1,1,7,D900,44.43946,6.36968
202300013266,17,9,2023,2025-12-05 08:00:00,2,56,56070,1,1,2,6,La Ville Conan,47.9119423,-2.5812864
202300013267,12,9,2023,2025-12-05 14:25:00,1,76,76272,2,9,1,6,Rue Edouard Loisel,49.813086,0.850287
202300013268,18,9,2023,2025-12-05 12:50:00,1,80,80133,1,2,2,2,Cabane Bambou (Restaurant),50.242762,1.953673
202300013269,16,9,2023,2025-12-05 21:39:00,5,33,33207,2,1,1,7,29 Avenue Du Lac,44.922527,-0.376899
202300013270,18,9,2023,2025-12-05 06:45:00,2,33,33046,1,1,1,6,N524,44.3379,-0.234597
202300013271,18,9,2023,2025-12-05 02:00:00,3,81,81051,1,1,2,6,Route De Salettes,43.964511,1.928562
202300013272,18,9,2023,2025-12-05 00:00:00,3,11,11006,1,1,1,6,Route Departementale 40 Pk 9+ 800,43.008331,2.73559
202300013273,11,9,2023,2025-12-05 16:45:00,1,49,49358,1,1,1,7,D145,47.194583,0.004077
202300013274,17,9,2023,2025-12-05 17:30:00,1,42,42138,1,1,1,6,Route De Bellegarde,45.646957,4.359285
202300013275,18,9,2023,2025-12-05 11:00:00,1,46,46316,1,2,1,3,D6,44.606877,1.327457
202300013276,14,9,2023,2025-12-05 20:10:00,3,47,47070,1,1,1,7,La Courtine,44.49266934,0.89250209
202300013277,16,9,2023,2025-12-05 21:00:00,3,86,86281,2,1,1,6,Rue Du Gue,46.700252,0.287543
202300013278,18,9,2023,2025-12-05 07:15:00,5,68,68365,1,6,3,2,D83,48.054227,7.311286
202300013279,17,9,2023,2025-12-05 23:50:00,3,44,44199,2,6,1,6,Adresse_Inconnue,47.739515,-1.297465
202300013280,13,9,2023,2025-12-05 14:15:00,1,38,38184,2,1,2,1,Rue Vers Vaulx,45.660697,5.080383
202300013281,17,9,2023,2025-12-05 17:50:00,1,15,15101,1,1,1,6,N122,45.114238,2.81913
202300013282,18,9,2023,2025-12-05 14:15:00,1,70,70245,1,2,1,3,N57,47.926744,6.429416
202300013283,18,9,2023,2025-12-05 13:45:00,1,66,66034,1,1,1,6,Adresse_Inconnue,42.6406465,2.40395665
202300013284,17,9,2023,2025-12-05 19:15:00,2,64,64062,1,1,2,1,Rd920,43.117275,-0.438402
202300013285,16,9,2023,2025-12-05 09:09:00,1,73,73270,2,2,7,6,Rue Hortense Mancini,45.567812,6.153325
202300013286,14,9,2023,2025-12-05 21:24:00,3,10,10033,1,1,1,6,D4,48.21491209,4.69531721
202300013287,16,9,2023,2025-12-05 14:00:00,1,40,40062,1,3,1,1,Piste De La Sabliere,43.910677,-0.561915
202300013288,17,9,2023,2025-12-05 18:10:00,1,17,17241,2,3,2,3,D158E1,45.206678,-0.157777
202300013289,17,9,2023,2025-12-05 05:20:00,1,987,98734,1,1,1,6,Pk 36+300,-17.712127,-149.506143
202300013290,18,9,2023,2025-12-05 04:15:00,3,77,77165,1,1,1,2,Autoroute A5 Pk20+150 Direction Paris,48.486804,2.851467
202300013291,5,9,2023,2025-12-05 19:00:00,1,95,95430,1,1,1,3,D9,49.07553158,2.27643371
202300013292,16,9,2023,2025-12-05 18:30:00,1,40,40209,1,9,1,3,A 63 Plate Forme Peage Ondres,43.54145227,-1.43485032
202300013293,17,9,2023,2025-12-05 21:00:00,3,988,98808,1,1,1,6,Tribu De Ho,-21.16849,165.5292
202300013294,15,9,2023,2025-12-05 19:25:00,5,77,77077,2,1,1,6,4 Ruelle A La Jacquenne,48.995092,2.892973
202300013295,18,9,2023,2025-12-05 19:05:00,2,77,77315,2,3,1,3,Avenue Du Marechal Foch,48.88979,2.827939
202300013296,18,9,2023,2025-12-05 08:50:00,1,95,95139,2,1,9,3,D14,49.1842777,1.73182598
202300013297,17,9,2023,2025-12-05 13:45:00,1,2B,2B257,1,1,1,1,"Route De Calvi, D81",42.66277,9.27896
202300013298,3,2,2023,2025-12-05 17:00:00,1,15,15014,2,1,1,6,Avenue Du General Milhaud,44.92279,2.43782
202300013299,4,2,2023,2025-12-05 09:10:00,1,13,13204,2,1,1,6,Marechal Juin (Boulevard),43.3117634,5.40367751
202300013300,3,2,2023,2025-12-05 13:00:00,1,13,13205,2,4,1,3,Sakakini (Boulevard),43.2924,5.4
202300013301,4,2,2023,2025-12-05 03:00:00,5,11,11069,2,1,1,6,19 Boulevard Omer Sarraut,43.21644,2.35151
202300013302,4,2,2023,2025-12-05 04:00:00,5,10,10081,2,1,8,7,Jean Jaures (Avenue),48.31079,4.03969
202300013303,4,2,2023,2025-12-05 00:10:00,5,10,10362,2,1,1,6,Noes (Rue Des),48.29704,4.05998
202300013304,20,1,2023,2025-12-05 18:50:00,5,5,5061,2,1,1,2,Valserres ( Rue De ),44.5548772,6.07899338
202300013305,3,2,2023,2025-12-05 13:15:00,1,5,5061,2,1,1,6,Stade ( Rue  Du ),44.54817,6.0673
202300013306,3,2,2023,2025-12-05 07:20:00,5,5,5061,2,2,1,3,Jean Mace ( Rue ),44.56294,6.07698
202300013307,5,2,2023,2025-12-05 19:00:00,5,75,75112,2,1,1,5,Porte De Charenton,48.828471,2.397418
202300013308,5,2,2023,2025-12-05 15:00:00,1,75,75118,2,4,1,2,Porte De La Chapelle,48.900869,2.364336
202300013309,4,2,2023,2025-12-05 14:00:00,1,75,75114,2,1,1,3,Porte D Orleans,48.819228,2.329614
202300013310,5,2,2023,2025-12-05 01:22:00,5,75,75114,2,2,1,3,Rue D Alesia,48.831821,2.314114
202300013311,5,2,2023,2025-12-05 19:15:00,5,75,75117,2,3,1,3,Rue Legendre,48.88434,2.314575
202300013312,4,2,2023,2025-12-05 11:20:00,1,75,75117,2,2,2,6,Avenue De Villiers,48.883813,2.304682
202300013313,5,2,2023,2025-12-05 00:00:00,5,75,75112,2,1,1,2,Quai De Bercy,48.828947,2.387717
202300013314,5,2,2023,2025-12-05 01:20:00,5,75,75110,2,2,1,6,Boulevard De Magenta,48.87497,2.357338
202300013315,4,2,2023,2025-12-05 22:50:00,5,75,75109,2,2,1,3,Rue Le Peletier,48.875066,2.339505
202300013316,4,2,2023,2025-12-05 14:00:00,1,75,75117,2,2,1,5,Rue De Rome,48.885662,2.316816
202300013317,5,2,2023,2025-12-05 16:05:00,1,93,93077,2,2,1,3,Rue Du Parc / Rue De La Prevoyance,48.88107,2.52627
202300013318,5,2,2023,2025-12-05 15:30:00,1,93,93029,2,3,1,3,Avenue Henri Barbusse / Avenue Cappechi,48.91640382,2.44415358