num_acc,jour,mois,an,hrmn,lum,dep,com,agg,int,atm,col,adr,lat,long
202300013319,5,2,2023,2025-12-05 20:35:00,5,92,92020,2,1,1,6,Perriere Avenue Clement,48.808101,2.288136
202300013320,3,2,2023,2025-12-05 12:30:00,1,39,39406,2,1,1,6,2 Grande Rue,46.801022,5.906222
202300013321,5,2,2023,2025-12-05 03:50:00,3,50,50027,1,1,1,7,La Poliniere,48.685408,-1.429167
202300013322,5,2,2023,2025-12-05 18:20:00,2,2A,2A070,2,1,1,3,Tiuccia - Murtone - Rd 81,42.066395,8.734517
202300013323,28,1,2023,2025-12-05 12:15:00,1,17,17136,2,1,1,7,7 Rue Des Vallees,46.106407,-1.005057
202300013324,5,2,2023,2025-12-05 23:40:00,3,6,6161,1,1,2,6,2809 Route De Grasse,43.6579,7.090702
202300013325,28,1,2023,2025-12-05 17:30:00,1,26,26339,1,1,1,7,A7 - Pk 111.600,44.593321,4.798794
202300013326,5,2,2023,2025-12-05 09:00:00,2,1,1143,2,6,7,6,Avenue De Geneve,46.353952,6.139416
202300013327,4,2,2023,2025-12-05 18:35:00,5,62,62261,2,2,1,6,Rue De La Canche,50.50961323,1.62714373
202300013328,5,2,2023,2025-12-05 18:30:00,3,62,62086,1,2,1,3,N25,50.218151,2.578354
202300013329,5,2,2023,2025-12-05 20:00:00,3,3,3063,1,1,1,2,A79 Pk 90+100,46.46080007,3.962147
202300013330,27,1,2023,2025-12-05 18:00:00,3,56,56135,1,2,1,3,La Mare Varion,47.71562,-2.44072
202300013331,5,2,2023,2025-12-05 15:35:00,1,80,80109,1,1,1,6,Cd 928,50.265822,1.979331
202300013332,5,2,2023,2025-12-05 21:18:00,5,32,32162,2,3,1,7,Boulevard Du Midi,43.75718,0.457335
202300013333,3,2,2023,2025-12-05 14:30:00,1,11,11357,1,1,1,7,D4,43.271769,2.13595
202300013334,4,2,2023,2025-12-05 12:40:00,1,61,61116,1,1,1,6,D928,48.40364,0.922186
202300013335,6,2,2023,2025-12-05 16:30:00,1,12,12107,1,1,1,1,N88,44.353928,2.916999
202300013336,3,2,2023,2025-12-05 01:45:00,3,47,47203,1,1,5,7,D243,44.3944184,0.81778136
202300013337,5,2,2023,2025-12-05 16:45:00,1,34,34232,1,1,1,1,"Departementale 19, Pk 3+400",43.485046,3.04553
202300013338,2,2,2023,2025-12-05 08:28:00,1,39,39269,1,1,1,7,Adresse_Inconnue,46.373296,5.706979
202300013339,3,2,2023,2025-12-05 09:30:00,1,29,29217,2,1,1,6,62 Rue Emile Bernard,47.858362,-3.751972
202300013340,6,2,2023,2025-12-05 10:20:00,1,29,29235,2,3,1,3,Route De Kerscao,48.402946,-4.406725
202300013341,5,2,2023,2025-12-05 21:20:00,5,26,26165,1,1,6,1,N7,44.77686601,4.84763618
202300013342,5,2,2023,2025-12-05 06:40:00,3,54,54546,1,1,1,6,Rd 952,48.94472906,6.04048491
202300013343,5,2,2023,2025-12-05 16:45:00,1,36,36062,1,1,1,3,Les Tuleu,46.46390363,1.59934718
202300013344,5,2,2023,2025-12-05 15:00:00,1,7,7069,1,4,1,1,Route De La Combe De Beaune,45.054651,4.707886
202300013345,5,2,2023,2025-12-05 06:04:00,3,17,17327,1,2,1,7,D115,46.086894,-0.591588
202300013346,1,2,2023,2025-12-05 15:55:00,1,8,8490,2,1,1,6,13 Rue Chanzy,49.39751,4.701795
202300013347,6,2,2023,2025-12-05 07:55:00,1,66,66213,2,9,2,3,38 Avenue Aristide Maillol,42.669121,2.831571
202300013348,5,2,2023,2025-12-05 21:10:00,3,68,68278,1,1,2,6,A35 Pk 103.900,47.748801,7.420398
202300013349,28,1,2023,2025-12-05 07:25:00,3,45,45154,1,1,1,5,A10 Pr 86 + 760,48.00629,1.847763
202300013350,4,2,2023,2025-12-05 14:20:00,1,987,98757,2,1,1,7,Hakahau,-9.36438,-140.046878
202300013351,5,2,2023,2025-12-05 10:30:00,1,988,98802,1,1,1,6,Lieu Dit Haute Ouamenie - Pr 88+308,-21.857117,165.962949
202300013352,5,2,2023,2025-12-05 12:15:00,1,978,97801,2,3,1,6,R De Concordia,18.066907,-63.081436
202300013353,6,2,2023,2025-12-05 08:00:00,1,29,29233,2,3,1,3,Rue Du Couedic,47.87788307,-3.55273783
202300013354,6,2,2023,2025-12-05 07:30:00,5,95,95355,2,1,1,6,Rue De Crosne,49.150916,1.787688
202300013355,20,1,2023,2025-12-05 22:35:00,3,34,34341,1,1,1,6,D158E3,43.48489,3.609803
202300013356,5,2,2023,2025-12-05 22:40:00,5,84,84078,2,1,1,7,Rn7,44.234058,4.711649
202300013357,5,2,2023,2025-12-05 16:25:00,1,67,67520,1,1,2,7,Rue De La Papeterie,48.625867,7.423872
202300013358,5,2,2023,2025-12-05 21:40:00,3,38,38377,1,4,1,3,Impasse De La Ferme,45.576685,5.514134
202300013359,1,2,2023,2025-12-05 17:20:00,1,79,79049,2,6,1,6,Adresse_Inconnue,46.83976,-0.48885
202300013360,6,2,2023,2025-12-05 09:40:00,1,50,50041,2,1,1,6,D37,49.595976,-1.774737
202300013361,4,2,2023,2025-12-05 19:00:00,5,80,80485,2,1,1,3,21 Rue D'Amiens,49.77589,2.17599
202300013362,4,2,2023,2025-12-05 15:10:00,1,13,13106,1,1,1,3,A517 G- Liaison A7 Vers A51,43.40248,5.35641
202300013363,5,2,2023,2025-12-05 16:30:00,1,13,13213,1,1,1,3,A507 Sens Aubagne- Marseille,43.32286571,5.42302103
202300013364,4,2,2023,2025-12-05 22:00:00,3,1,1275,1,1,1,7,A42  4.020 A 4.353   Gen/Lyon,45.80777,4.92867
202300013365,4,2,2023,2025-12-05 11:40:00,1,69,69273,1,1,1,4,Boulevard Urbain Sud,45.6809754,4.89141479
202300013366,4,2,2023,2025-12-05 13:55:00,1,67,67482,1,9,1,4,M35,48.59003,7.73188
202300013367,17,10,2023,2025-12-05 08:45:00,1,92,92035,2,1,1,3,Republique ( Boulevard De La ),48.90665091,2.24627137
202300013368,5,2,2023,2025-12-05 17:50:00,2,94,94034,1,1,1,2,A86,48.76020129,2.32061692
202300013369,5,2,2023,2025-12-05 07:50:00,2,78,78090,1,1,1,6,A13Y,48.97037,1.90638
202300013370,17,10,2023,2025-12-05 18:40:00,1,92,92025,2,1,1,6,Progres (Rue Du),48.9288887,2.26194799
202300013371,4,2,2023,2025-12-05 20:10:00,3,92,92064,1,1,1,2,A13,48.8382291,2.19103797
202300013372,4,2,2023,2025-12-05 18:35:00,5,92,92025,1,1,1,2,A86,48.9324074,2.24852678
202300013373,19,10,2023,2025-12-05 20:20:00,5,92,92060,2,2,2,7,Fosse Bazin (Rue De La),48.78577808,2.27480534
202300013374,5,2,2023,2025-12-05 12:00:00,1,92,92078,1,1,1,7,Autoroute A86,48.92763153,2.33315814
202300013375,19,10,2023,2025-12-05 13:45:00,1,92,92004,2,1,1,3,Argenteuil Av D',48.91955894,2.28017978
202300013376,4,2,2023,2025-12-05 13:00:00,1,93,93005,1,1,8,2,Autoroute A3,48.941457,2.47843623
202300013377,4,2,2023,2025-12-05 18:15:00,1,75,75120,2,1,8,2,Porte De Montreuil,48.854377,2.414079
202300013378,20,10,2023,2025-12-05 09:05:00,1,81,81131,1,2,8,3,Chemin De La Bouissounade,43.895554,1.968817
202300013379,4,2,2023,2025-12-05 16:20:00,1,75,75113,2,1,8,2,Porte De Gentilly,48.81641,2.345917
202300013380,19,10,2023,2025-12-05 20:45:00,3,51,51270,1,1,2,5,D396,48.613324,4.563779
202300013381,4,2,2023,2025-12-05 00:40:00,5,75,75119,2,7,1,3,Place Rhin Et Danube,48.881999,2.393293
202300013382,4,2,2023,2025-12-05 18:15:00,5,75,75117,2,3,1,3,Boulevard Des Batignolles,48.882355,2.320981
202300013383,20,10,2023,2025-12-05 08:15:00,2,91,91340,2,1,2,2,Rue Du Bois Chaland,48.605589,2.430747
202300013384,4,2,2023,2025-12-05 10:45:00,1,75,75117,2,2,2,7,Avenue De Wagram,48.875124,2.295984
202300013385,20,10,2023,2025-12-05 08:45:00,1,43,43185,1,1,2,1,La Fumade,45.415669,3.296038
202300013386,4,2,2023,2025-12-05 19:10:00,5,75,75104,2,2,1,3,Rue Mornay,48.849507,2.365647
202300013387,4,2,2023,2025-12-05 08:16:00,1,94,94078,2,3,1,1,Av De L'Appel Du 18 Juin 1940 / Rue Louis Armand,48.760461,2.443019
202300013388,20,10,2023,2025-12-05 08:25:00,1,57,57629,1,1,2,1,Route Departementale 43,48.767321,7.067031
202300013389,4,2,2023,2025-12-05 17:55:00,3,94,94079,2,1,2,2,Avenue Auguste Rodin,48.83466,2.54944
202300013390,20,10,2023,2025-12-05 00:05:00,3,71,71543,1,1,3,2,A6 Pk 356+800 Sens Paris-Lyon,46.56462,4.895871
202300013391,4,2,2023,2025-12-05 09:35:00,1,93,93070,2,3,2,3,Boulevard Jean Jaures / Rue Du Docteur Bauer,48.91256404,2.33464032
202300013392,4,2,2023,2025-12-05 14:30:00,1,93,93048,2,2,2,3,Avenue Ferdinand Buisson / Rue Des Rigondes,48.87358,2.43369
202300013393,18,10,2023,2025-12-05 21:00:00,5,85,85233,2,1,1,3,91 Avenue Des Erables,46.525741,-1.068506
202300013394,4,2,2023,2025-12-05 09:55:00,1,93,93029,2,3,2,6,Rue Anatole France / Rue Sedaine,48.92842,2.45223
202300013395,4,2,2023,2025-12-05 11:15:00,1,92,92064,2,1,2,6,Republique,48.8443594,2.20842227
202300013396,20,10,2023,2025-12-05 07:00:00,2,83,83130,2,9,2,1,Route Departementale 554,43.196289,6.039774
202300013397,4,2,2023,2025-12-05 13:30:00,1,92,92062,2,9,2,6,Republique (Rue De La) Du 102 Au 200,48.88474,2.23964
202300013398,4,2,2023,2025-12-05 19:45:00,5,92,92012,2,1,1,6,Rhin Et Danube (Rond Point),48.84048654,2.22860831
202300013399,3,2,2023,2025-12-05 14:30:00,1,31,31282,2,1,1,1,74 Route De Bessieres,43.677073,1.447103
202300013400,17,1,2023,2025-12-05 17:15:00,5,62,62851,2,1,1,6,D182,50.591004,2.70276
202300013401,20,10,2023,2025-12-05 13:00:00,1,83,83140,1,3,1,6,D1,43.407285,5.899411
202300013402,3,2,2023,2025-12-05 22:15:00,5,971,97132,1,1,2,5,Route Nationale 1,15.986765,-61.617497
202300013403,19,10,2023,2025-12-05 17:05:00,1,31,31157,2,1,1,6,32 Rue Alfred Sauvy,43.534561,1.355529
202300013404,4,2,2023,2025-12-05 12:30:00,1,42,42032,2,1,1,2,166 Rue Du Grand Chemin,45.521355,4.54011
202300013405,19,10,2023,2025-12-05 17:55:00,1,59,59631,1,1,1,7,D960,50.070415,3.334557
202300013406,4,2,2023,2025-12-05 14:25:00,1,95,95527,2,1,1,3,Rd 317,49.02477584,2.49922924
202300013407,5,2,2023,2025-12-05 10:45:00,1,56,56231,1,1,1,6,Adresse_Inconnue,47.67218,-2.70492
202300013408,20,10,2023,2025-12-05 07:15:00,3,82,82134,2,1,1,1,D115,44.071824,1.521049
202300013409,4,2,2023,2025-12-05 15:00:00,1,56,56008,2,1,1,6,17Bis Rue Du Greo,47.618868,-2.91581
202300013410,5,2,2023,2025-12-05 16:30:00,1,82,82192,1,4,1,6,Route Departementale 87 / Chemin De La Riviere,43.924991,1.525962
202300013411,12,10,2023,2025-12-05 20:10:00,3,33,33026,1,1,1,1,Route Du Moulias,44.490827,-0.451748
202300013412,5,2,2023,2025-12-05 14:15:00,1,32,32464,1,1,1,6,Nationale 21 Pk 95+500,43.415632,0.224082
202300013413,4,2,2023,2025-12-05 14:55:00,1,63,63418,1,1,1,6,Lieu Dit Goutte Mercier,45.77851162,3.47935081
202300013414,4,2,2023,2025-12-05 18:45:00,5,42,42302,2,1,1,6,Avenue Antony Barrallon,45.484801,4.449334
202300013415,4,2,2023,2025-12-05 10:25:00,1,47,47100,1,3,1,3,D13,44.259462,0.640512
202300013416,19,10,2023,2025-12-05 07:45:00,4,71,71263,2,3,2,6,3 Rue D'Alsace,46.629967,5.226166
202300013417,4,2,2023,2025-12-05 19:45:00,3,35,35095,1,1,1,6,Adresse_Inconnue,48.553461,-1.758413
202300013418,5,2,2023,2025-12-05 14:25:00,1,13,13010,1,1,6,1,Route De La Gare,43.896957,4.778656
202300013419,4,2,2023,2025-12-05 20:00:00,3,26,26229,1,1,1,6,"D5, Pk 5 + 200",44.245829,5.229578
202300013420,4,2,2023,2025-12-05 08:30:00,1,14,14326,1,1,1,1,4495 Route De Cormeilles,49.173343,0.301073
202300013421,6,10,2023,2025-12-05 14:56:00,1,63,63003,1,9,1,3,D906,45.549591,3.745486
202300013422,4,2,2023,2025-12-05 08:10:00,2,64,64411,1,1,1,1,Route Departementale 918 Point Repere 074+000,43.201258,-1.013392
202300013423,5,2,2023,2025-12-05 16:00:00,1,18,18176,1,1,1,7,Adresse_Inconnue,47.275907,2.545724
202300013424,4,2,2023,2025-12-05 06:00:00,3,40,40117,1,9,5,6,D824,43.792302,-0.445311
202300013425,3,2,2023,2025-12-05 18:10:00,1,17,17365,1,1,1,1,D910Bis,45.233863,-0.195105
202300013426,19,10,2023,2025-12-05 08:40:00,1,35,35207,1,2,1,3,Les Patissiaux,48.079439,-1.478715
202300013427,4,2,2023,2025-12-05 09:40:00,1,87,87051,1,1,8,6,Puy Guillaume,45.646306,1.57392
202300013428,4,2,2023,2025-12-05 00:50:00,3,30,30008,1,1,1,6,D16,44.196889,4.227992
202300013429,18,10,2023,2025-12-05 08:30:00,2,35,35207,1,1,2,7,Les Hautes Babinais,48.089011,-1.514785
202300013430,4,2,2023,2025-12-05 23:45:00,3,8,8363,1,1,2,6,Adresse_Inconnue,49.94509256,4.6412226
202300013431,4,2,2023,2025-12-05 11:15:00,1,987,98734,1,1,1,6,Pk 39+500 Cote Mer,-17.774823,-149.472857
202300013432,15,1,2023,2025-12-05 22:00:00,5,971,97103,1,1,1,1,Rue Thomas Edison,16.253355,-61.566846
202300013433,4,2,2023,2025-12-05 16:21:00,1,13,13018,1,1,1,1,"Autoroute A7, Pk 201+500, Sens Marseille-Lyon",43.876688,4.941155
202300013434,18,10,2023,2025-12-05 16:50:00,1,35,35010,1,3,9,2,Pont Galou,48.544796,-1.709946
202300013435,4,2,2023,2025-12-05 13:55:00,1,988,98831,1,9,1,1,Rt1,-20.843371,164.569791
202300013436,4,2,2023,2025-12-05 17:55:00,1,988,98825,1,1,2,7,Rt1,-21.285336,165.0051
202300013437,20,10,2023,2025-12-05 11:25:00,1,31,31202,1,1,2,1,1875 Route De Grisolles,43.841852,1.362561
202300013438,4,2,2023,2025-12-05 19:38:00,3,95,95658,1,1,8,6,Rd 14,49.07726512,1.94468614
202300013439,4,2,2023,2025-12-05 18:30:00,3,95,95177,1,1,8,5,Rd 915,49.12090436,2.02695558
202300013440,5,2,2023,2025-12-05 02:10:00,3,2B,2B193,1,1,9,7,Caporalino,42.369107,9.182741
202300013441,4,2,2023,2025-12-05 14:00:00,1,11,11429,1,1,1,6,Rd 620 La Mijeanne,43.245855,2.391409
202300013442,19,10,2023,2025-12-05 21:00:00,3,38,38184,1,3,1,3,Route Departementale 1006,45.665897,5.091621
202300013443,4,2,2023,2025-12-05 22:30:00,3,68,68147,1,1,1,2,D1B,48.175416,7.32316
202300013444,19,10,2023,2025-12-05 17:40:00,1,3,3254,1,1,8,6,D35,46.281104,3.268481
202300013445,31,1,2023,2025-12-05 20:15:00,3,67,67192,1,1,1,1,D 82,48.345853,7.61665
202300013446,20,10,2023,2025-12-05 15:20:00,1,66,66049,2,1,1,1,Adresse_Inconnue,42.501475,2.761306
202300013447,4,2,2023,2025-12-05 16:45:00,1,73,73213,1,1,1,3,D1006,45.57177,5.958261
202300013448,4,2,2023,2025-12-05 19:30:00,3,42,42168,1,1,1,6,Vaubertrand,45.427646,4.661717
202300013449,4,2,2023,2025-12-05 21:25:00,3,1,1027,1,1,1,2,Rd1084 Pk15,45.850064,5.096717
202300013450,5,2,2023,2025-12-05 13:50:00,1,69,69243,2,1,1,6,5 Avenue Jean Jaures,45.893275,4.437833
202300013451,5,2,2023,2025-12-05 01:20:00,3,69,69159,1,1,1,7,Route De La Maladiere,45.974165,4.624332
202300013452,19,10,2023,2025-12-05 15:25:00,1,14,14761,2,3,3,1,12 Route De Saint Pierre Sur Dives,49.119627,-0.195597
202300013453,5,2,2023,2025-12-05 13:05:00,1,33,33073,1,3,1,5,Rd 136E3,45.245442,-0.642539
202300013454,20,10,2023,2025-12-05 09:17:00,1,36,36052,1,2,8,3,Adresse_Inconnue,46.95397287,2.06190392
202300013455,5,2,2023,2025-12-05 17:30:00,1,50,50564,1,1,1,6,D297,49.230945,-1.304911
202300013456,5,2,2023,2025-12-05 06:15:00,3,50,50298,1,1,2,6,D903,49.287151,-1.298093
202300013457,5,2,2023,2025-12-05 17:20:00,1,22,22136,1,1,1,1,La Besliere,48.180824,-2.723215
202300013458,20,10,2023,2025-12-05 17:50:00,1,17,17292,1,2,3,2,D739,45.963292,-0.749956
202300013459,5,2,2023,2025-12-05 09:30:00,1,60,60342,1,1,2,2,D1016,49.29652761,2.4523762
202300013460,19,10,2023,2025-12-05 08:10:00,1,17,17466,1,1,1,7,N11,46.214741,-0.991194
202300013461,4,2,2023,2025-12-05 17:10:00,1,59,59084,1,2,1,1,2515 Rue Du Mont Du Pil,50.687459,2.36912
202300013462,18,10,2023,2025-12-05 12:30:00,1,37,37050,2,1,3,6,14 Rue Charles Coulomb,47.336065,0.700917
202300013463,3,2,2023,2025-12-05 12:30:00,1,13,13211,1,1,1,4,A50-Sens Marseille Vers Aubagne,43.29468737,5.46455936
202300013464,31,1,2023,2025-12-05 15:20:00,1,69,69271,1,1,1,4,Rocade Est,45.75274124,4.98558693
202300013465,4,2,2023,2025-12-05 18:00:00,3,91,91589,1,1,1,2,Autoroute A6,48.67261,2.34418
202300013466,20,10,2023,2025-12-05 22:45:00,3,988,98805,2,1,1,6,Ve2,-22.195233,166.446347
202300013467,4,2,2023,2025-12-05 18:15:00,3,91,91434,1,1,1,3,Autoroute A6,48.6698,2.34955
202300013468,4,2,2023,2025-12-05 10:00:00,1,94,94037,1,1,2,4,A6A,48.81567897,2.33682579
202300013469,20,10,2023,2025-12-05 14:15:00,1,31,31571,1,2,8,1,D20,43.597266,1.77029
202300013470,4,2,2023,2025-12-05 00:33:00,3,78,78646,1,1,1,6,Rn12,48.792408,2.073354
202300013471,10,10,2023,2025-12-05 22:20:00,3,84,84081,1,1,1,6,Autoroute A7,43.925655,4.913313
202300013472,3,2,2023,2025-12-05 21:50:00,5,92,92062,1,1,1,4,Rn1014 W,48.88818802,2.24926628
202300013473,4,2,2023,2025-12-05 15:00:00,1,93,93066,1,1,2,5,Autoroute A1,48.92207,2.35707
202300013474,20,10,2023,2025-12-05 04:00:00,4,62,62426,1,1,2,4,A1,50.23576564,2.85470444
202300013475,4,2,2023,2025-12-05 14:50:00,1,95,95127,1,1,1,4,A15,49.04122122,2.08079948
202300013476,4,2,2023,2025-12-05 14:00:00,1,93,93027,1,1,2,6,Bdl,48.92684,2.40341
202300013477,20,10,2023,2025-12-05 18:10:00,3,988,98803,1,1,1,1,Rt3,-21.461177,165.488091
202300013478,4,2,2023,2025-12-05 04:40:00,3,95,95018,1,1,1,2,A15,48.95967623,2.27188361
202300013479,19,10,2023,2025-12-05 15:30:00,1,973,97311,2,1,1,1,2200 Avenue Gaston Monnerville,5.493087,-54.009508
202300013480,3,2,2023,2025-12-05 19:50:00,3,95,95277,1,1,1,4,A3,48.97369139,2.48648286
202300013481,3,2,2023,2025-12-05 23:20:00,5,6,6030,2,1,1,6,Sadi Carnot (Boulevard),43.57283,7.01639
202300013482,20,10,2023,2025-12-05 08:48:00,1,971,97106,2,1,1,3,N2,16.16105,-61.774294
202300013483,2,2,2023,2025-12-05 13:24:00,1,51,51108,2,1,8,6,Rue Emile Schmit,48.96771902,4.35806125
202300013484,3,2,2023,2025-12-05 09:20:00,1,988,98818,2,6,1,2,Rond Point Papeete,-22.24653,166.4479
202300013485,19,10,2023,2025-12-05 10:30:00,1,972,97228,1,1,1,1,N1,14.804934,-61.009564
202300013486,3,2,2023,2025-12-05 11:30:00,1,974,97411,2,6,1,3,Doret 1 (Boulevard),-20.89016,55.46145
202300013487,2,2,2023,2025-12-05 07:20:00,1,974,97411,2,9,1,3,Paris (Rue De),-20.88551,55.45099
202300013488,19,10,2023,2025-12-05 14:27:00,1,91,91111,2,2,1,3,D97,48.62108,2.116992
202300013489,2,2,2023,2025-12-05 17:25:00,1,974,97407,1,9,2,2,Route Du Sacre Coeur,-20.95301,55.30693
202300013490,23,9,2023,2025-12-05 10:45:00,1,66,66180,2,1,1,6,Adresse_Inconnue,42.7736,3.012732
202300013491,3,2,2023,2025-12-05 18:20:00,2,973,97302,2,9,2,3,Felix Eboue(Rocade),4.93041,-52.31408
202300013492,3,2,2023,2025-12-05 09:45:00,1,973,97302,2,1,1,6,Heder (Place),4.94144761,-52.33238161
202300013493,19,10,2023,2025-12-05 19:40:00,3,13,13081,1,1,2,5,D21,43.493402,5.214354
202300013494,3,2,2023,2025-12-05 17:15:00,1,69,69386,2,2,1,4,Avenue Marechal Foch,45.77247,4.84311
202300013495,3,2,2023,2025-12-05 10:15:00,1,69,69387,2,1,1,3,64 Rue De Marseille,45.75022,4.83911
202300013496,3,2,2023,2025-12-05 20:30:00,5,69,69034,2,1,1,6,Chemin  Petit,45.80413,4.86027
202300013497,17,10,2023,2025-12-05 08:22:00,1,13,13041,1,1,1,4,D6,43.457712,5.463556
202300013498,3,2,2023,2025-12-05 05:45:00,5,69,69202,2,1,1,6,33 Boulevard De L'Europe,45.74744,4.79659
202300013499,3,2,2023,2025-12-05 10:20:00,1,971,97120,2,1,1,6,Mortenol,16.24095,-61.53018
202300013500,20,10,2023,2025-12-05 17:25:00,1,25,25032,2,1,8,4,Route De Rougemont,47.377811,6.377939
202300013501,3,2,2023,2025-12-05 19:15:00,5,95,95585,2,3,1,6,Boulevard Du Docteur Galvani,48.99616119,2.37127125
202300013502,18,10,2023,2025-12-05 13:00:00,1,68,68265,2,4,2,7,Rue De Mulhouse,47.650242,7.37795
202300013503,3,2,2023,2025-12-05 09:00:00,1,91,91645,2,9,8,3,Paron (Rue De),48.74614,2.26683
202300013504,3,2,2023,2025-12-05 00:05:00,5,91,91174,2,1,1,3,Rue De Paris,48.6044,2.46828
202300013505,18,10,2023,2025-12-05 09:30:00,1,67,67300,2,3,1,2,2 Route Industrielle De La Hardt,48.537309,7.501334
202300013506,2,2,2023,2025-12-05 07:52:00,1,87,87065,2,3,1,2,Autoroute A20,45.80815,1.29909
202300013507,1,2,2023,2025-12-05 11:21:00,1,87,87085,2,3,2,3,Saint Martial (Quai),45.82188,1.2641
202300013508,19,10,2023,2025-12-05 10:15:00,1,57,57645,1,7,1,6,Voie Romaine,49.19835654,6.14952207
202300013509,2,2,2023,2025-12-05 13:30:00,1,84,84007,2,1,1,1,Colchester (Avenue De),43.94183,4.82742
202300013510,20,10,2023,2025-12-05 14:20:00,1,57,57155,1,1,8,1,D603,49.111938,6.373599
202300013511,20,10,2023,2025-12-05 07:30:00,5,57,57620,2,1,3,6,Rue De Briey,49.195229,5.998245
202300013512,3,2,2023,2025-12-05 19:23:00,5,83,83126,2,1,1,1,Rabin(Rond Point Yitzhak,43.11161,5.8632
202300013513,3,2,2023,2025-12-05 21:30:00,5,83,83061,2,1,1,6,Avenue Marechal De Lattre De Tassigny,43.431799,6.751452
202300013514,22,1,2023,2025-12-05 02:40:00,5,80,80001,2,1,9,6,Port (Du),50.112752,1.824151
202300013515,20,10,2023,2025-12-05 16:40:00,1,26,26235,1,2,3,3,Chemin De Serignan,44.361595,4.679806
202300013516,3,2,2023,2025-12-05 14:15:00,1,78,78440,2,6,1,3,Gymnase Pierre De Coubertin,48.996869,1.913191
202300013517,3,2,2023,2025-12-05 17:40:00,5,77,77139,2,1,1,3,Rue Aime Fluttaz,48.91247,2.59513
202300013518,19,10,2023,2025-12-05 08:30:00,1,69,69175,1,3,2,3,Route Departementale 389,45.79814594,4.58848475
202300013519,3,2,2023,2025-12-05 07:50:00,2,77,77350,1,3,1,3,D471 / D350,48.75637611,2.70515746
202300013520,3,2,2023,2025-12-05 05:40:00,2,77,77210,1,1,1,1,D605,48.425113,2.908064
202300013521,4,2,2023,2025-12-05 00:30:00,3,77,77209,2,1,1,7,D35A,48.86079,2.69399
202300013522,19,10,2023,2025-12-05 10:02:00,1,81,81039,2,3,1,6,Place De La Mairie,43.751428,1.907989
202300013523,3,2,2023,2025-12-05 06:25:00,3,73,73065,1,1,1,6,D211 Rue De Montagny,45.59903,5.92487
202300013524,3,2,2023,2025-12-05 13:25:00,1,72,72181,2,1,1,6,Oyon Alexandre (Bd),47.99419,0.19238
202300013525,3,2,2023,2025-12-05 20:20:00,5,69,69029,2,3,1,1,36 Avenue Franklin Roosevelt,45.73752227,4.89632204
202300013526,20,10,2023,2025-12-05 15:21:00,1,81,81031,1,1,2,5,D622,43.6287971,2.4171976
202300013527,3,2,2023,2025-12-05 12:45:00,1,69,69259,2,3,1,2,11 Avenue Marcel Paul,45.70063,4.88132
202300013528,19,10,2023,2025-12-05 20:00:00,3,19,19098,1,1,3,1,D1120,45.17611058,1.85624602
202300013529,2,2,2023,2025-12-05 11:10:00,1,66,66136,2,1,1,6,Adresse_Inconnue,42.69785916,2.93596208
202300013530,19,10,2023,2025-12-05 21:00:00,5,19,19101,1,1,2,7,Avenue Du Mas,45.249679,1.784356
202300013531,2,2,2023,2025-12-05 08:50:00,1,66,66141,1,6,1,3,Adresse_Inconnue,42.729331,2.91641
202300013532,3,2,2023,2025-12-05 19:10:00,5,64,64545,2,9,1,3,Rd810,43.37449,-1.679
202300013533,2,2,2023,2025-12-05 07:45:00,2,64,64122,2,1,1,6,22 Avenue De Verdun,43.481768,-1.556359
202300013534,19,10,2023,2025-12-05 11:28:00,1,19,19098,1,1,2,1,D1120,45.17611058,1.85624602
202300013535,3,2,2023,2025-12-05 18:20:00,5,62,62133,2,1,1,7,D46,50.413627,2.908149
202300013536,3,2,2023,2025-12-05 09:30:00,1,61,61001,2,1,1,7,Planches (Chemin Des),48.438,0.06627
202300013537,19,10,2023,2025-12-05 19:05:00,3,33,33104,1,1,3,6,D1215,44.974453,-0.823889
202300013538,3,2,2023,2025-12-05 07:29:00,5,60,60057,2,1,2,3,Boulevard De L'Assaut,49.43486393,2.08885074
202300013539,3,2,2023,2025-12-05 08:45:00,1,59,59512,2,8,1,3,Douai (Boulevard De),50.68126,3.16792
202300013540,30,1,2023,2025-12-05 07:30:00,5,59,59009,2,1,1,6,Recherche Rue De La,50.64925,3.15834
202300013541,4,2,2023,2025-12-05 22:45:00,5,59,59122,2,1,8,6,Hugo (Avenue Victor),50.17615,3.25315
202300013542,19,10,2023,2025-12-05 09:15:00,1,33,33380,1,2,8,3,D23 Pr 19+700,45.28064046,-0.46147272
202300013543,3,2,2023,2025-12-05 18:47:00,5,54,54357,2,1,2,6,Avenue De Metz,48.70852,6.16688
202300013544,20,10,2023,2025-12-05 11:15:00,1,14,14762,2,3,8,6,3 Avenue Du General De Gaulle,48.842398,-0.889125
202300013545,3,2,2023,2025-12-05 16:30:00,1,54,54395,2,2,1,3,Saint Dizier (Rue 82 Et 113 A Fin),48.6868,6.1854
202300013546,2,2,2023,2025-12-05 22:30:00,5,54,54395,2,2,2,2,Lobau (Boulevard),48.68955,6.19382
202300013547,18,10,2023,2025-12-05 18:10:00,2,27,27501,1,1,2,1,D57,49.06127,1.361017
202300013548,2,2,2023,2025-12-05 18:09:00,5,54,54395,2,2,8,3,Lobau (Boulevard),48.691782,6.192998
202300013549,19,10,2023,2025-12-05 19:30:00,3,13,13043,1,1,2,5,A55-Sens Martigues Vers Marseille,43.38348165,5.23054559