num_acc,jour,mois,an,hrmn,lum,dep,com,agg,int,atm,col,adr,lat,long
202300013550,3,2,2023,2025-12-05 12:10:00,1,51,51454,2,2,2,6,Rue Colbert,49.25612462,4.03349787
202300013551,2,2,2023,2025-12-05 21:50:00,3,49,49015,2,1,1,6,D775,47.51248,-0.6183
202300013552,15,10,2023,2025-12-05 13:00:00,1,69,69290,1,1,1,3,Autoroute 43,45.71854,4.9378
202300013553,3,2,2023,2025-12-05 15:35:00,1,48,48095,2,3,1,1,Huit Mai 1945 (Avenue Du),44.52308,3.49547
202300013554,3,2,2023,2025-12-05 13:15:00,1,43,43157,2,1,1,2,Aiguilhe (Avenue D'),45.04733,3.88022
202300013555,18,10,2023,2025-12-05 07:45:00,4,33,33448,1,1,2,4,Autoroute A 62,44.72173713,-0.5232802
202300013556,19,10,2023,2025-12-05 09:50:00,1,91,91521,1,1,8,3,Autoroute A6,48.63875,2.39591
202300013557,2,2,2023,2025-12-05 16:00:00,1,41,41018,2,6,1,7,Cap Cine (Rond Point),47.61091,1.33886
202300013558,18,10,2023,2025-12-05 20:30:00,3,95,95500,1,1,2,3,A15,49.03717,2.09074
202300013559,2,2,2023,2025-12-05 19:40:00,5,39,39198,2,1,1,6,1 Rue Maurice Pagnon,47.086685,5.484147
202300013560,18,10,2023,2025-12-05 20:55:00,5,93,93066,1,1,2,3,Autoroute A1,48.91913,2.3572
202300013561,19,10,2023,2025-12-05 08:35:00,1,92,92036,1,1,1,3,Autoroute A86,48.93837004,2.30014011
202300013562,19,10,2023,2025-12-05 09:30:00,1,95,95582,1,1,1,6,A15,48.963424,2.264711
202300013563,19,10,2023,2025-12-05 05:20:00,3,95,95582,1,1,2,6,A15,48.970308,2.249598
202300013564,18,10,2023,2025-12-05 17:00:00,1,95,95572,1,1,2,4,A15,49.03189623,2.11539388
202300013565,18,10,2023,2025-12-05 10:00:00,1,93,93078,1,1,1,3,Autoroute A104,48.96300436,2.52239723
202300013566,19,10,2023,2025-12-05 09:00:00,1,77,77373,1,1,1,6,Rn104,48.79932574,2.62419184
202300013567,19,10,2023,2025-12-05 06:20:00,2,77,77373,1,1,2,6,Rn104,48.764234,2.61541914
202300013568,18,10,2023,2025-12-05 23:30:00,3,77,77337,1,1,2,6,Rn104,48.82902097,2.61865052
202300013569,18,10,2023,2025-12-05 16:50:00,1,94,94052,1,1,2,2,A86,48.83736648,2.49419421
202300013570,19,8,2023,2025-12-05 16:25:00,1,69,69387,2,2,1,3,Rue Saint Michel,45.75239,4.84434
202300013571,19,8,2023,2025-12-05 18:50:00,1,6,6069,2,1,1,1,Madeleine,43.65779,6.93114
202300013572,2,8,2023,2025-12-05 22:13:00,3,32,32365,1,1,2,7,D 139,43.345686,0.636263
202300013573,18,10,2023,2025-12-05 07:15:00,1,974,97416,1,1,1,3,Ancienne Rn 1,-21.32384,55.4453
202300013574,18,10,2023,2025-12-05 06:00:00,2,974,97407,2,6,1,6,Compagnie Des Indes (Bd De La),-20.94534,55.32575
202300013575,17,10,2023,2025-12-05 15:37:00,1,973,97302,2,3,1,3,Mandarines(Rue Des),4.93142797,-52.32467562
202300013576,20,8,2023,2025-12-05 21:23:00,5,973,97302,2,1,1,6,Felix Eboue (Rue),4.93698896,-52.3278527
202300013577,20,8,2023,2025-12-05 10:20:00,1,973,97302,2,4,1,7,Cabassou (Route De),4.91755,-52.31286
202300013578,18,10,2023,2025-12-05 11:25:00,1,69,69383,2,3,2,6,Rue D'Aubigny,45.76133,4.86409
202300013579,18,10,2023,2025-12-05 19:01:00,5,2B,2B033,2,2,1,3,Miot - Rue,42.69918,9.45118
202300013580,18,10,2023,2025-12-05 08:50:00,1,971,97113,2,1,1,6,General De Gaulle (Avenue),16.20618,-61.49213
202300013581,15,10,2023,2025-12-05 04:20:00,3,971,97101,1,1,1,2,Rn5-Boisripeaux,16.30518,-61.49221
202300013582,13,10,2023,2025-12-05 13:11:00,1,971,97101,2,4,1,3,Achille Rene Boisneuf (Rue),16.27060343,-61.50547206
202300013583,8,10,2023,2025-12-05 00:10:00,3,971,97113,1,1,1,2,Rn4 - Section Riviera,16.21854,-61.50663
202300013584,17,10,2023,2025-12-05 17:43:00,1,87,87085,2,6,1,7,Etoile De Fontaury (Rue De L'),45.84349,1.263
202300013585,18,10,2023,2025-12-05 23:16:00,5,81,81004,1,6,1,7,Teillet (Rte De),43.91866,2.18053
202300013586,17,10,2023,2025-12-05 19:45:00,5,80,80021,1,1,1,2,Franklin Roosevelt (Rue),49.91802,2.29288
202300013587,17,10,2023,2025-12-05 06:04:00,3,77,77450,1,1,1,1,Rd 316,48.70692,2.59631
202300013588,18,10,2023,2025-12-05 12:45:00,1,77,77449,2,3,1,7,Bd La Meridienne,48.85099,2.7869
202300013589,18,10,2023,2025-12-05 18:45:00,2,76,76498,2,1,6,3,Boulevard Charles De Gaulle,49.4225,1.06638
202300013590,18,10,2023,2025-12-05 09:15:00,1,76,76351,2,2,2,7,Jean Charcot,49.49853,0.10079
202300013591,18,10,2023,2025-12-05 07:50:00,2,74,74012,2,1,1,3,Europe (Avenue De L'),46.178743,6.236536
202300013592,18,10,2023,2025-12-05 14:15:00,1,74,74010,2,3,1,6,Brogny (Avenue De) (Secteur 110),45.9054,6.12613
202300013593,18,10,2023,2025-12-05 11:15:00,1,72,72181,2,9,2,3,Gaulle General De (Av Du),48.00391,0.20259
202300013594,18,10,2023,2025-12-05 07:50:00,4,72,72181,2,9,2,3,Jaures Jean (Av) Ndeg Imp 35 A 179,47.99146,0.20573
202300013595,17,10,2023,2025-12-05 07:40:00,2,71,71486,1,1,1,3,Rd 974,46.65078,4.33937
202300013596,13,10,2023,2025-12-05 22:51:00,3,70,70550,2,1,6,7,Kennedy (Boulevard),47.63223,6.16181
202300013597,18,10,2023,2025-12-05 22:41:00,5,69,69256,2,1,2,3,155 Avenue Gabriel Peri,45.77199487,4.91095329
202300013598,18,10,2023,2025-12-05 20:20:00,5,69,69266,2,3,3,2,Rue Des Antonins,45.77915134,4.87902508
202300013599,18,10,2023,2025-12-05 14:50:00,1,68,68224,2,3,8,3,Brunstatt (Rue De),47.73781,7.31784
202300013600,18,10,2023,2025-12-05 15:35:00,1,64,64189,2,1,1,2,Jaures Jean  (Avenue),43.38097,-1.66824
202300013601,18,10,2023,2025-12-05 07:20:00,5,64,64102,2,6,2,2,Saint Bernard (Chemin De),43.50052,-1.4812
202300013602,18,10,2023,2025-12-05 09:03:00,1,63,63300,2,1,2,6,Stade (Avenue Du),45.88600406,3.12030762
202300013603,18,10,2023,2025-12-05 18:22:00,1,61,61001,2,1,1,6,Voie Communale,48.4384,0.10452
202300013604,17,10,2023,2025-12-05 16:35:00,1,59,59339,1,1,1,6,Europe (Avenue De L'),50.68039,3.22394
202300013605,18,10,2023,2025-12-05 18:57:00,3,59,59368,2,1,2,6,Doumer Paul Rue,50.6489,3.07207
202300013606,17,10,2023,2025-12-05 07:05:00,5,56,56098,2,6,2,3,Avenue Du President Salvador Allende,47.76301,-3.32863
202300013607,17,10,2023,2025-12-05 15:40:00,1,54,54273,2,2,7,6,Rue De Verdun,49.16478,5.86541
202300013608,18,10,2023,2025-12-05 18:50:00,5,51,51454,2,1,2,1,Val De Vesle (Boulevard),49.22993,4.06638
202300013609,17,10,2023,2025-12-05 08:14:00,1,49,49246,2,2,1,3,Pasteur,47.42868,-0.52771
202300013610,17,10,2023,2025-12-05 14:05:00,1,49,49007,2,2,1,6,De Lattre De Tassigny,47.45257,-0.54055
202300013611,17,10,2023,2025-12-05 07:35:00,1,49,49015,2,3,1,1,Etang Route,47.51389,-0.61568
202300013612,18,10,2023,2025-12-05 12:20:00,1,47,47001,2,1,2,2,Barbusse (Av. Henri),44.20655,0.63626
202300013613,17,10,2023,2025-12-05 13:10:00,1,46,46042,1,1,1,3,Cote De La Marchande,44.41217,1.46776
202300013614,18,10,2023,2025-12-05 09:10:00,1,45,45004,2,6,1,3,Rue De Couleuvreux,47.98660637,2.7691108
202300013615,18,10,2023,2025-12-05 12:20:00,1,37,37261,2,2,2,3,Mirabeau (Pont),47.39778,0.6995
202300013616,18,10,2023,2025-12-05 18:05:00,1,35,35055,2,1,1,6,Bonnin Andre (Avenue),48.08681853,-1.61594778
202300013617,18,10,2023,2025-12-05 09:00:00,1,35,35281,2,3,3,3,Tillion (Avenue Germaine),48.09441,-1.70568
202300013618,18,10,2023,2025-12-05 08:05:00,2,35,35238,2,5,3,3,Roosevelt (Bd Franklin),48.09725,-1.6578
202300013619,18,10,2023,2025-12-05 21:07:00,5,33,33522,2,6,1,2,Rue Pacaris,44.79659,-0.57948
202300013620,18,10,2023,2025-12-05 06:43:00,5,33,33249,2,1,2,3,Chemin De Lissandre,44.86356005,-0.53715698
202300013621,18,10,2023,2025-12-05 07:45:00,2,25,25462,2,3,8,1,Armee De L'Est (Avenue De L'),46.89416,6.3645
202300013622,18,10,2023,2025-12-05 15:00:00,1,13,13103,2,3,1,6,Crs Hugo - Victor,43.64149,5.09704
202300013623,18,10,2023,2025-12-05 21:40:00,5,13,13211,2,2,1,3,Mazenode (Avenue),43.28994,5.42612
202300013624,18,10,2023,2025-12-05 19:30:00,2,13,13075,2,1,1,2,Frederic Mistral (Ave),43.35051137,5.47091228
202300013625,18,10,2023,2025-12-05 11:00:00,1,13,13215,2,4,1,6,Madrague Ville (Chemin De La),43.32605,5.36119
202300013626,18,10,2023,2025-12-05 23:40:00,5,11,11069,2,3,1,3,Adresse_Inconnue,43.22308,2.36002
202300013627,18,10,2023,2025-12-05 14:40:00,1,6,6069,2,3,2,4,Santon (Chemin Du),43.639496,6.9494787
202300013628,18,10,2023,2025-12-05 11:50:00,1,6,6004,2,1,8,6,Boulevard Albert 1Er,43.5792418,7.1220162
202300013629,18,10,2023,2025-12-05 11:10:00,1,4,4070,2,1,1,6,Gambetta (Bd),44.087,6.22831
202300013630,18,10,2023,2025-12-05 17:45:00,1,1,1053,2,1,2,2,Avenue De Bad Kreuznach,46.2145,5.2429
202300013631,18,10,2023,2025-12-05 09:50:00,1,75,75119,2,1,1,6,Avenue De Flandre,48.886466,2.371428
202300013632,18,10,2023,2025-12-05 18:50:00,5,75,75116,2,3,2,3,Rue Le Marois,48.83879398,2.26132751
202300013633,18,10,2023,2025-12-05 10:20:00,1,75,75115,2,2,1,3,Rue De La Croix Nivert,48.84119,2.291805
202300013634,18,10,2023,2025-12-05 15:00:00,1,75,75113,2,2,3,6,Boulevard Kellermann,48.821013,2.350756
202300013635,18,10,2023,2025-12-05 20:25:00,5,75,75111,2,2,1,6,Rue Du Chemin Vert,48.857792,2.370931
202300013636,18,10,2023,2025-12-05 12:00:00,1,75,75120,2,1,1,6,Boulevard De Charonne,48.857702,2.392276
202300013637,18,10,2023,2025-12-05 17:30:00,1,75,75110,2,3,2,6,Boulevard De Strasbourg,48.870612,2.355016
202300013638,18,10,2023,2025-12-05 17:10:00,2,75,75110,2,7,2,2,Boulevard De Magenta,48.868495,2.362983
202300013639,18,10,2023,2025-12-05 13:10:00,1,75,75110,2,3,2,3,Boulevard De Strasbourg,48.870605,2.355001
202300013640,18,10,2023,2025-12-05 09:10:00,1,75,75110,2,1,1,6,Rue Du Faubourg Saint Martin,48.876804,2.361025
202300013641,18,10,2023,2025-12-05 19:50:00,5,75,75109,2,2,2,6,Rue La Fayette,48.873624,2.335346
202300013642,18,10,2023,2025-12-05 14:20:00,1,75,75109,2,2,3,6,Rue De La Chaussee D Antin,48.875261,2.332291
202300013643,17,10,2023,2025-12-05 10:20:00,1,75,75107,2,2,1,4,Avenue De Villars,48.85177393,2.313844
202300013644,18,10,2023,2025-12-05 18:50:00,1,94,94074,2,1,2,2,Avenue Henri Barbusse,48.77125,2.44026
202300013645,18,10,2023,2025-12-05 09:40:00,1,94,94078,2,1,1,3,Place Pierre Semard,48.729242,2.44713
202300013646,18,10,2023,2025-12-05 07:35:00,5,94,94074,2,1,1,2,Rue Salvador Allende,48.751357,2.461364
202300013647,18,10,2023,2025-12-05 19:00:00,5,94,94033,2,1,2,6,Avenue Du Marechal Joffre,48.85333,2.47588
202300013648,18,10,2023,2025-12-05 12:35:00,1,94,94028,2,1,1,2,Route De Choisy,48.77701508,2.44166724
202300013649,18,10,2023,2025-12-05 05:05:00,3,94,94028,2,1,1,6,Rue Monfray,48.79126,2.46526
202300013650,18,10,2023,2025-12-05 08:40:00,1,94,94071,2,1,1,3,Rue De Villeneuve,48.7667,2.50886
202300013651,28,4,2023,2025-12-05 14:47:00,1,37,37228,1,1,1,2,A85,47.256893,0.162553
202300013652,18,10,2023,2025-12-05 12:40:00,1,93,93078,2,1,8,4,Boulevard Robert Ballanger,48.95629216,2.54134427
202300013653,16,4,2023,2025-12-05 19:20:00,1,56,56033,1,2,1,3,D773,47.820633,-2.124041
202300013654,18,10,2023,2025-12-05 12:40:00,1,93,93066,2,1,2,5,Rue Paul Eluard,48.94145,2.34243
202300013655,29,4,2023,2025-12-05 03:30:00,3,56,56002,1,1,1,6,Adresse_Inconnue,47.5558,-2.49632
202300013656,18,10,2023,2025-12-05 20:00:00,5,93,93064,2,1,2,6,Rue Laennec,48.877417,2.499015
202300013657,28,4,2023,2025-12-05 13:00:00,1,76,76232,2,1,8,7,Rue Des Wagands,49.797292,0.471425
202300013658,18,10,2023,2025-12-05 19:18:00,5,93,93031,2,1,2,3,Avenue Joffre,48.96007,2.29869
202300013659,29,4,2023,2025-12-05 16:10:00,1,76,76524,2,2,1,3,D50,49.751402,0.866324
202300013660,18,10,2023,2025-12-05 07:10:00,5,93,93029,2,1,2,1,Stalingrad (De),48.91722,2.419676
202300013661,29,4,2023,2025-12-05 02:17:00,3,80,80271,2,1,1,7,Rue D'Ecosse,50.012259,3.119039
202300013662,17,10,2023,2025-12-05 16:40:00,1,93,93029,2,1,1,3,Avenue Henri Barbusse,48.92298,2.45779
202300013663,29,4,2023,2025-12-05 09:40:00,1,65,65129,2,1,1,2,Route Du Comminges,43.293153,0.518289
202300013664,17,10,2023,2025-12-05 10:30:00,1,93,93029,2,3,1,2,Avenue Henri Barbusse / Rue Du Docteur Albert Schweitzer,48.9234,2.45931
202300013665,28,4,2023,2025-12-05 18:30:00,1,81,81128,1,4,1,1,Lacrouzette,43.65604435,2.36735031
202300013666,18,10,2023,2025-12-05 11:20:00,1,92,92063,2,1,1,6,Richelieu (Boulevard),48.86959032,2.1854724
202300013667,28,4,2023,2025-12-05 17:00:00,1,11,11262,1,1,1,7,Adresse_Inconnue,43.163507,3.051517
202300013668,29,4,2023,2025-12-05 01:15:00,3,63,63003,1,1,3,6,D65,45.5675852,3.71462591
202300013669,18,10,2023,2025-12-05 10:30:00,1,92,92051,2,1,1,5,"Charles De Gaulle (Avenue,Ndeg118 A 192 +",48.88330756,2.26485443
202300013670,28,4,2023,2025-12-05 21:45:00,5,63,63453,2,1,1,6,80 Avenue Jacques Duclos,45.786164,3.283961
202300013671,18,10,2023,2025-12-05 03:00:00,5,92,92051,2,1,1,2,"Charles De Gaulle (Avenue, Ndeg 18 A 116)",48.87955016,2.27702683
202300013672,29,4,2023,2025-12-05 13:25:00,1,46,46317,1,1,2,7,Combarele,44.81034293,1.74710408
202300013673,18,10,2023,2025-12-05 18:55:00,2,92,92048,2,1,2,3,Rue Du Petit Clamart,48.78203474,2.22628579
202300013674,29,4,2023,2025-12-05 13:40:00,1,29,29273,1,9,1,3,Rue De La Plaine,48.694374,-4.0346
202300013675,18,10,2023,2025-12-05 08:50:00,1,92,92035,2,2,8,3,Raymond Ridel ( Rue ),48.90493509,2.2536571
202300013676,29,4,2023,2025-12-05 10:40:00,1,31,31143,1,1,2,7,D33L,43.05789,0.635329
202300013677,18,10,2023,2025-12-05 17:05:00,2,92,92012,2,1,2,2,General Leclerc (Avenue Du) 35/Fin - 60/,48.83070344,2.23440921
202300013678,28,4,2023,2025-12-05 20:00:00,2,38,38343,1,2,1,1,Route Du Bugey,45.54304,5.66227
202300013679,18,10,2023,2025-12-05 13:55:00,1,92,92012,2,1,2,3,Edouard Vaillant (Avenue) 57/Fin - 58/Fi,48.83368543,2.24398792
202300013680,28,4,2023,2025-12-05 13:30:00,1,15,15187,2,1,1,1,4 Rue Baptiste Rozieres,45.040141,3.070139
202300013681,18,10,2023,2025-12-05 12:30:00,1,92,92012,2,2,8,4,Georges Gorse (Quai),48.82607,2.23311
202300013682,28,4,2023,2025-12-05 14:45:00,1,1,1374,1,2,1,3,Intersection Chemin Des Bordes - Rd 1075,46.118611,5.29732
202300013683,17,10,2023,2025-12-05 22:00:00,3,92,92004,2,1,1,2,Aulagnier ( Quai ),48.91309373,2.30692363
202300013684,28,4,2023,2025-12-05 11:35:00,1,70,70567,1,3,2,3,D96,47.545879,6.649298
202300013685,18,10,2023,2025-12-05 06:30:00,5,92,92002,2,1,2,3,Adolphe Pajeaud (Rue),48.74022403,2.28017235
202300013686,29,4,2023,2025-12-05 16:35:00,1,54,54018,1,1,1,5,D643,49.278082,5.875211
202300013687,28,4,2023,2025-12-05 15:40:00,1,72,72071,1,1,1,1,Rue Oscar Moneris,47.687919,0.450273
202300013688,19,10,2023,2025-12-05 08:00:00,2,60,60590,1,3,8,4,D901,49.537554,1.997795
202300013689,24,4,2023,2025-12-05 16:15:00,1,14,14716,1,2,1,1,720 Route Des Vallees,49.18206924,-0.72347546
202300013690,10,9,2023,2025-12-05 19:20:00,2,60,60387,2,1,1,3,Rue Du Chauffour,49.577572,1.963227
202300013691,19,10,2023,2025-12-05 10:40:00,1,63,63116,2,1,3,6,117 Avenue Etienne Clementel,45.982263,3.08808
202300013692,28,4,2023,2025-12-05 18:25:00,1,50,50378,1,2,1,3,D51,48.976471,-1.241241
202300013693,8,3,2023,2025-12-05 22:30:00,3,40,40185,1,4,3,7,Rd 111,43.595708,-0.367248
202300013694,18,10,2023,2025-12-05 16:25:00,1,64,64410,2,3,1,5,Avenue Du Lac,43.378458,-0.602692
202300013695,29,4,2023,2025-12-05 06:15:00,3,40,40197,1,1,1,6,D 38 - Route Des Plages,44.036887,-0.962934
202300013696,29,4,2023,2025-12-05 02:25:00,3,40,40062,2,1,1,6,Cd 38,43.917537,-0.601555
202300013697,18,10,2023,2025-12-05 07:08:00,3,1,1288,1,3,8,1,D984,46.199958,5.94988
202300013698,29,4,2023,2025-12-05 15:10:00,1,85,85280,1,1,1,5,Rd948,46.874854,-1.947879
202300013699,18,10,2023,2025-12-05 17:15:00,1,22,22020,1,1,2,6,N12 Pk 06.000,48.29252,-2.21602
202300013700,28,4,2023,2025-12-05 15:20:00,1,30,30106,1,1,1,3,Rd 982,43.979406,3.927999
202300013701,18,10,2023,2025-12-05 18:45:00,5,974,97413,2,1,1,3,N1A,-21.231689,55.296487
202300013702,29,4,2023,2025-12-05 19:30:00,1,8,8095,2,1,1,6,10 Route D?Omont,49.574539,4.710458
202300013703,11,10,2023,2025-12-05 10:10:00,1,85,85109,2,1,2,7,15 Avenue Des Sables,46.867644,-1.024958
202300013704,29,4,2023,2025-12-05 15:45:00,1,8,8203,1,1,1,7,Rd 28,49.68385,4.654952
202300013705,28,4,2023,2025-12-05 09:54:00,1,57,57119,1,1,2,2,Route Nationale 4 - Pk 020+050,48.730266,7.07056
202300013706,26,4,2023,2025-12-05 07:15:00,2,13,13114,1,1,7,1,Route De Berre,43.545908,5.333852
202300013707,29,4,2023,2025-12-05 17:30:00,1,988,98825,1,1,1,6,Rt1,-21.209409,164.89205
202300013708,19,10,2023,2025-12-05 08:10:00,2,62,62870,1,1,2,1,D901,50.393418,1.727257
202300013709,29,4,2023,2025-12-05 05:15:00,5,973,97305,2,3,1,2,Chemin Departemental 5,5.004356,-52.46226
202300013710,18,10,2023,2025-12-05 11:00:00,1,77,77182,2,1,1,6,7 Avenue De La Maison Blanche,48.78178,3.296
202300013711,29,4,2023,2025-12-05 03:40:00,4,971,97107,1,1,2,6,Poirier,16.087898,-61.563123
202300013712,19,10,2023,2025-12-05 04:10:00,4,95,95056,2,2,1,3,D85,49.090281,2.368683
202300013713,29,4,2023,2025-12-05 17:35:00,1,45,45082,1,2,1,3,D11 Pr 10 + 471,47.883247,2.198553
202300013714,28,4,2023,2025-12-05 22:55:00,3,77,77504,1,1,1,7,D218,48.287219,2.86534
202300013715,18,10,2023,2025-12-05 17:00:00,1,56,56061,2,1,2,6,Rue Du Relais Postal,47.763287,-2.129867
202300013716,19,10,2023,2025-12-05 07:55:00,2,82,82165,1,1,1,3,Route Du Gers,44.067985,0.869272
202300013717,18,10,2023,2025-12-05 20:15:00,5,33,33490,2,3,1,3,Cours Georges Mandel,45.430639,-1.035086
202300013718,28,4,2023,2025-12-05 16:33:00,1,30,30156,2,1,1,1,D135,43.875018,4.443307
202300013719,27,7,2023,2025-12-05 18:50:00,1,81,81288,1,3,1,3,Route De Carcassonne,43.439305,2.034918
202300013720,29,4,2023,2025-12-05 13:10:00,1,83,83101,1,1,1,3,Route Des Plages,43.248551,6.646656
202300013721,19,10,2023,2025-12-05 06:30:00,3,11,11195,1,2,2,2,Adresse_Inconnue,43.277947,1.979749
202300013722,29,4,2023,2025-12-05 00:20:00,3,38,38468,1,1,1,5,Autoroute A7 Pk021.000 Sens Nord / Sud,45.343308,4.807806
202300013723,18,10,2023,2025-12-05 10:10:00,1,63,63258,2,1,8,1,Lieu Dit Giroux Gare,45.692425,3.594595
202300013724,28,4,2023,2025-12-05 22:00:00,3,89,89067,1,1,1,1,Adresse_Inconnue,47.983384,3.335558
202300013725,10,10,2023,2025-12-05 22:15:00,3,49,49125,1,1,1,6,D69,47.214423,-0.277834
202300013726,29,4,2023,2025-12-05 05:00:00,2,68,68063,2,3,1,1,Faubourg De Belfort,47.796139,7.172856
202300013727,29,4,2023,2025-12-05 15:00:00,1,26,26173,1,1,1,6,Route De La Barberolle,44.970389,5.110896
202300013728,28,4,2023,2025-12-05 22:05:00,3,26,26367,1,1,1,6,D538,44.376447,5.104566
202300013729,18,10,2023,2025-12-05 14:47:00,1,22,22152,1,1,2,3,D786,48.770182,-3.268616
202300013730,29,4,2023,2025-12-05 15:40:00,1,1,1043,2,1,1,7,277 Chemin De Grange Debout,45.832567,5.003495
202300013731,18,10,2023,2025-12-05 16:15:00,1,25,25127,1,1,1,6,D464,47.20236,6.82214
202300013732,29,4,2023,2025-12-05 12:35:00,1,1,1187,1,3,2,1,D55,46.108667,5.69514
202300013733,28,4,2023,2025-12-05 15:30:00,1,69,69206,2,1,1,3,110 Rue De L'Industrie,46.053539,4.720688
202300013734,16,10,2023,2025-12-05 07:45:00,2,38,38094,1,1,1,1,D502,45.485378,5.206041
202300013735,28,4,2023,2025-12-05 18:55:00,1,31,31451,2,1,1,6,38 Avenue De Castelnaudary,43.455283,1.997259
202300013736,19,10,2023,2025-12-05 09:26:00,1,26,26238,1,1,8,6,226 Route De Gap,44.389296,5.200819
202300013737,28,4,2023,2025-12-05 19:42:00,1,33,33393,2,4,1,6,206 Avenue De Paris,44.97352,-0.21558
202300013738,28,4,2023,2025-12-05 17:00:00,1,14,14488,2,3,1,2,38 Rue De L'Yser,49.274679,-0.25319
202300013739,29,4,2023,2025-12-05 06:00:00,2,35,35287,2,9,8,6,Pointe Du Decolle,48.641962,-2.114262
202300013740,28,4,2023,2025-12-05 22:45:00,3,27,27188,1,9,1,6,D321,49.29906,1.07864
202300013741,27,4,2023,2025-12-05 13:35:00,1,83,83126,1,1,1,3,A50,43.11976,5.864349
202300013742,27,4,2023,2025-12-05 07:15:00,1,33,33318,1,1,1,6,Rocade A 630,44.7882,-0.63334
202300013743,27,4,2023,2025-12-05 19:29:00,1,94,94034,1,1,1,3,A6B,48.75247446,2.33047185
202300013744,27,4,2023,2025-12-05 20:30:00,2,91,91521,1,1,2,2,Rn 104,48.634653,2.400793
202300013745,27,4,2023,2025-12-05 17:30:00,1,91,91553,1,1,2,3,Rn 104,48.62849,2.4806
202300013746,27,4,2023,2025-12-05 14:17:00,1,91,91692,1,1,1,2,Rn 118,48.68628,2.18985
202300013747,27,4,2023,2025-12-05 20:20:00,1,78,78640,1,1,2,2,N118,48.772875,2.225378
202300013748,27,4,2023,2025-12-05 20:25:00,2,78,78007,1,1,2,7,A13,48.90101,2.005071
202300013749,27,4,2023,2025-12-05 22:15:00,3,93,93064,1,1,2,2,Autoroute A3,48.88398,2.46943
202300013750,27,4,2023,2025-12-05 19:00:00,1,95,95042,1,1,2,7,N104,49.06299,2.3258
202300013751,27,4,2023,2025-12-05 13:35:00,1,93,93010,1,1,1,7,Autoroute A3,48.88897465,2.47422427
202300013752,26,4,2023,2025-12-05 22:00:00,3,93,93007,1,1,2,3,Autoroute A1,48.94925302,2.44676549
202300013753,26,4,2023,2025-12-05 17:40:00,1,93,93053,1,1,1,3,Autoroute A86,48.90443,2.46555
202300013754,27,4,2023,2025-12-05 16:15:00,1,77,77018,1,1,1,5,A4,48.835672,2.808302
202300013755,27,4,2023,2025-12-05 13:50:00,1,94,94073,1,1,1,3,A86,48.75710948,2.38389571
202300013756,27,4,2023,2025-12-05 10:00:00,1,75,75112,1,1,1,2,A86 Ext,48.81771331,2.45475769
202300013757,27,4,2023,2025-12-05 22:00:00,3,47,47146,2,2,1,2,D242,44.430928,0.654293
202300013758,27,4,2023,2025-12-05 18:12:00,1,86,86092,2,1,1,6,Les Varennes Du Moulin A Vent,46.924678,0.600736
202300013759,27,4,2023,2025-12-05 14:00:00,1,13,13078,1,4,1,3,Route De Carteau,43.378663,4.840914
202300013760,28,4,2023,2025-12-05 14:30:00,1,67,67430,1,4,2,1,Carrefour D203-D253,48.344613,7.38277
202300013761,28,4,2023,2025-12-05 08:30:00,1,972,97207,2,1,1,5,Quartier Syndic,14.582448,-60.95719
202300013762,27,4,2023,2025-12-05 22:30:00,4,63,63225,2,1,1,6,37 Rue Des Noisetiers,45.614385,2.546076
202300013763,26,4,2023,2025-12-05 19:10:00,1,29,29068,1,1,1,6,N12,48.524136,-3.990109
202300013764,26,4,2023,2025-12-05 18:45:00,1,30,30273,1,4,1,3,Adresse_Inconnue,44.2859,4.581234
202300013765,28,4,2023,2025-12-05 14:50:00,1,79,79166,1,1,1,7,Adresse_Inconnue,46.202869,-0.437586
202300013766,26,4,2023,2025-12-05 22:45:00,3,31,31056,2,1,1,6,M924,43.670495,1.359408
202300013767,27,4,2023,2025-12-05 22:45:00,5,69,69168,2,3,1,1,596 Quai Pierre Dupont,45.84481,4.835197
202300013768,27,4,2023,2025-12-05 15:40:00,1,32,32125,1,1,1,6,Rn 124,43.791334,0.102562
202300013769,27,4,2023,2025-12-05 12:00:00,1,32,32160,2,4,1,3,Avenue Charles De Gaulle,43.613347,1.085935
202300013770,28,4,2023,2025-12-05 18:35:00,1,12,12244,2,1,1,6,Avenue Du Pont Du Tarn,44.053733,2.900224
202300013771,27,4,2023,2025-12-05 15:24:00,1,22,22220,1,1,1,7,Laizot Uhellan,48.255477,-3.266695
202300013772,27,4,2023,2025-12-05 10:30:00,1,31,31584,1,1,1,6,D32,43.879815,1.484227
202300013773,27,4,2023,2025-12-05 18:15:00,1,84,84030,2,1,1,5,Route De Modene,44.108427,5.114087
202300013774,26,4,2023,2025-12-05 09:30:00,1,15,15138,1,1,8,3,Rd 3,45.13358,2.832853
202300013775,28,4,2023,2025-12-05 11:55:00,1,58,58283,1,1,1,7,D180,47.309434,3.503437
202300013776,27,4,2023,2025-12-05 19:05:00,1,66,66096,1,1,7,7,Adresse_Inconnue,42.771663,2.668752
202300013777,22,4,2023,2025-12-05 22:00:00,3,72,72300,2,9,1,3,Impasse De Paris,48.029571,0.371501
202300013778,28,4,2023,2025-12-05 13:35:00,1,6,6067,1,1,1,3,1225 Route De Menton,43.785694,7.45119