num_acc,jour,mois,an,hrmn,lum,dep,com,agg,int,atm,col,adr,lat,long
202300013779,28,4,2023,2025-12-05 10:30:00,1,5,5045,1,1,1,5,Route De Gap,44.532566,6.45318
202300013780,28,4,2023,2025-12-05 17:40:00,1,9,9323,1,9,1,1,Chemin Des Oiseaux,43.09888,1.759331
202300013781,28,4,2023,2025-12-05 12:15:00,1,60,60651,2,1,1,7,Rue De La Fosse,49.2566295,2.2600674
202300013782,28,4,2023,2025-12-05 15:50:00,1,64,64495,1,1,1,3,D255,43.38063,-1.539502
202300013783,28,4,2023,2025-12-05 07:30:00,2,40,40197,2,2,1,3,5 Rue Victor Duruy,44.034781,-0.914279
202300013784,7,4,2023,2025-12-05 14:00:00,1,27,27398,1,1,1,6,D133,49.098332,0.633559
202300013785,15,3,2023,2025-12-05 18:00:00,2,978,97801,2,1,1,2,Rn7 - La Savane,18.086159,-63.06618
202300013786,28,4,2023,2025-12-05 16:15:00,1,13,13037,1,1,1,7,Route Departementale 19,43.56630398,5.22430614
202300013787,28,4,2023,2025-12-05 06:00:00,2,13,13086,1,1,1,6,Autoroute A52 Pk 18 Sens Nord,43.3462,5.615001
202300013788,28,4,2023,2025-12-05 13:30:00,1,21,21684,1,1,1,2,Autoroute A31 Pk 002+000,47.035086,4.880623
202300013789,27,4,2023,2025-12-05 14:15:00,1,988,98821,1,4,1,1,Ve2,-22.129018,166.33584
202300013790,28,4,2023,2025-12-05 16:45:00,1,95,95409,1,1,1,3,D301,49.04892,2.331371
202300013791,22,4,2023,2025-12-05 03:00:00,3,34,34017,1,3,1,7,D613,43.476969,3.456531
202300013792,28,4,2023,2025-12-05 04:30:00,3,83,83104,1,3,1,7,Route De Jouques,43.612683,5.750892
202300013793,24,4,2023,2025-12-05 17:10:00,1,4,4197,2,2,1,5,D4096 Av Marcel Paul,43.784261,5.769142
202300013794,27,4,2023,2025-12-05 09:00:00,1,13,13081,2,1,1,6,Avenue Joseph Cugnot,43.478304,5.233998
202300013795,28,4,2023,2025-12-05 10:30:00,1,68,68012,1,1,2,1,Route De Thann,47.781977,7.131178
202300013796,26,4,2023,2025-12-05 17:40:00,1,67,67046,2,3,1,3,Rue Des Macons,48.761677,7.861302
202300013797,22,4,2023,2025-12-05 13:04:00,1,67,67046,2,2,1,3,Rue Du Moulin,48.771525,7.855933
202300013798,27,4,2023,2025-12-05 21:40:00,3,42,42175,1,1,1,6,Route De Balbigny,45.810645,4.217334
202300013799,27,4,2023,2025-12-05 20:25:00,2,26,26004,2,6,1,3,Rue Marc Seguin,44.9885,4.978255
202300013800,26,4,2023,2025-12-05 18:30:00,1,69,69019,2,1,1,3,Route Departementale 337,46.120618,4.738272
202300013801,26,4,2023,2025-12-05 08:43:00,1,81,81037,1,1,2,6,Voie De Jaladieu,43.618804,2.531855
202300013802,24,4,2023,2025-12-05 17:18:00,1,86,86062,2,1,1,3,12 Rue Des Frenes,46.643004,0.356282
202300013803,28,4,2023,2025-12-05 10:40:00,1,33,33243,2,1,1,6,216 Avenue Du Marechal Foch,44.926879,-0.239561
202300013804,28,4,2023,2025-12-05 10:45:00,1,60,60370,2,3,2,4,Rue De Gournay,49.256658,2.108989
202300013805,27,4,2023,2025-12-05 18:55:00,1,59,59435,1,1,1,5,Rue D'Ouvignies,50.516877,3.228243
202300013806,17,2,2023,2025-12-05 23:20:00,3,74,74128,1,1,1,1,Adresse_Inconnue,46.151156,6.320153
202300013807,16,2,2023,2025-12-05 22:30:00,5,74,74208,2,7,1,7,Avenue Du Docteur Jacques Arnaud,45.939501,6.70747
202300013808,14,2,2023,2025-12-05 16:08:00,1,74,74002,1,1,1,2,A41,45.81911,6.013105
202300013809,12,2,2023,2025-12-05 04:30:00,3,74,74112,1,1,1,6,D3508,45.935867,6.10217
202300013810,5,2,2023,2025-12-05 11:40:00,1,74,74155,1,1,1,3,D26,46.293193,6.538163
202300013811,2,2,2023,2025-12-05 07:55:00,1,74,74012,2,1,1,2,Ferry (Avenue Jules),46.19246,6.23704
202300013812,26,4,2023,2025-12-05 16:55:00,1,78,78517,2,1,1,6,Muguet (Rue Du),48.64463,1.84026
202300013813,26,4,2023,2025-12-05 17:37:00,1,72,72181,2,1,1,6,Fresnaye Roger De La (Rue),47.97532,0.21667
202300013814,20,4,2023,2025-12-05 20:19:00,1,29,29019,2,1,1,6,Rue Claude Farrere,48.416173,-4.491866
202300013815,31,1,2023,2025-12-05 19:05:00,3,40,40281,1,1,1,7,Rocade Sud Rd 824,43.86855,-0.51536
202300013816,26,4,2023,2025-12-05 18:50:00,4,974,97411,2,1,1,6,Jaures (Boulevard Jean),-20.88995,55.46224
202300013817,26,4,2023,2025-12-05 20:25:00,1,69,69387,2,1,1,6,Avenue Berthelot,45.74071738,4.85580699
202300013818,26,4,2023,2025-12-05 17:15:00,1,69,69383,2,3,1,2,Rue Feuillat,45.75494,4.87732
202300013819,26,4,2023,2025-12-05 16:55:00,2,972,97213,1,1,2,2,Autoroute A1,14.61799,-61.03117
202300013820,26,4,2023,2025-12-05 16:45:00,1,972,97213,1,1,2,3,Acajou Prolongee,14.6295863,-61.0212811
202300013821,25,4,2023,2025-12-05 19:00:00,3,972,97209,2,1,3,6,Rd 41 (Rocade),14.61357,-61.07012
202300013822,25,4,2023,2025-12-05 20:40:00,1,69,69385,2,1,1,3,107 Avenue Barthelemy Buyer,45.76254,4.80227
202300013823,26,4,2023,2025-12-05 09:21:00,1,2A,2A004,2,2,1,3,Cannes Cite Rue Des Cannes,41.93419,8.742
202300013824,25,4,2023,2025-12-05 15:00:00,1,91,91549,2,1,1,3,Liers (Rue De),48.630049,2.332354
202300013825,26,4,2023,2025-12-05 23:55:00,3,91,91432,2,1,1,7,Rue Pierre Bourdan,48.69419,2.33098
202300013826,26,4,2023,2025-12-05 13:55:00,1,91,91479,2,3,1,3,Av De Verdun,48.705613,2.360386
202300013827,26,4,2023,2025-12-05 09:30:00,1,87,87085,2,1,2,7,Lattre-De-Tassigny (Avenue Du Marechal),45.82528,1.27249
202300013828,25,4,2023,2025-12-05 23:19:00,5,87,87085,2,3,2,3,Sablard (Avenue De),45.82846,1.28288
202300013829,26,4,2023,2025-12-05 07:41:00,2,87,87085,2,3,2,3,Toulouse (Rue De),45.8105,1.28447
202300013830,31,3,2023,2025-12-05 04:30:00,5,84,84007,2,6,1,3,C.De Gaulle (Rocade),43.93016,4.78411
202300013831,26,4,2023,2025-12-05 07:30:00,1,83,83137,2,6,1,2,Rameau (Rue Jp),43.11845,5.94281
202300013832,26,4,2023,2025-12-05 08:20:00,1,77,77306,1,2,1,3,D.471,48.59127,2.68917
202300013833,26,4,2023,2025-12-05 13:00:00,1,76,76575,2,1,1,5,Rue De L'Industrie,49.37963,1.10936
202300013834,25,4,2023,2025-12-05 17:00:00,1,76,76351,2,2,1,6,Gustave Flaubert,49.497924,0.111588
202300013835,26,4,2023,2025-12-05 20:06:00,1,72,72181,2,1,1,7,Parc Des Expositions (Av Du),47.95687,0.20253
202300013836,25,4,2023,2025-12-05 14:55:00,1,72,72181,2,3,1,3,Jaures Jean (Av) Ndeg Imp 35 A 179,47.9915,0.20567
202300013837,26,4,2023,2025-12-05 06:10:00,2,69,69266,2,1,1,2,Boulevard De La Bataille De Stalingrad,45.77935,4.85949
202300013838,26,4,2023,2025-12-05 08:30:00,1,69,69276,1,4,1,3,Route Departementale 312,45.66889,4.84659
202300013839,20,4,2023,2025-12-05 17:56:00,1,68,68066,2,3,1,3,Rue De Riquewihr,48.08965,7.33274
202300013840,26,4,2023,2025-12-05 12:15:00,1,67,67482,2,1,1,3,Toreau (Rue),48.59344,7.779114
202300013841,24,4,2023,2025-12-05 23:57:00,3,66,66136,1,1,1,6,Adresse_Inconnue,42.697565,2.8615
202300013842,23,4,2023,2025-12-05 07:40:00,1,64,64122,2,1,1,6,Golf (Avenue - Impasse),43.4901,-1.54662
202300013843,25,4,2023,2025-12-05 19:00:00,1,64,64024,2,6,1,2,Cinq Cantons (Rue Des),43.49342,-1.52814
202300013844,26,4,2023,2025-12-05 08:00:00,1,59,59426,2,1,1,6,Tourcoing (Rue De),50.74532,3.15992
202300013845,26,4,2023,2025-12-05 10:00:00,1,59,59512,2,3,1,3,Coq Francais (Rue Du),50.68555,3.18167
202300013846,23,4,2023,2025-12-05 15:50:00,1,57,57019,2,1,3,6,Vieil Amneville (Rue Du),49.26137,6.13031
202300013847,25,4,2023,2025-12-05 14:55:00,1,54,54547,2,6,2,6,Rue Du Morvan,48.649227,6.15075
202300013848,25,4,2023,2025-12-05 08:15:00,1,38,38185,2,3,8,1,Rue Raymond Pitet,45.15991,5.71376
202300013849,26,4,2023,2025-12-05 06:05:00,5,35,35238,2,2,1,1,Saint-Brieuc (De),48.1165,-1.70983
202300013850,26,4,2023,2025-12-05 14:00:00,1,35,35150,2,2,8,3,Martray (Rue Du),48.36775,-1.2188
202300013851,26,4,2023,2025-12-05 08:35:00,1,34,34108,2,3,1,1,14C Avenue Des Vignerons,43.44487,3.75111
202300013852,24,4,2023,2025-12-05 09:45:00,1,34,34032,2,3,1,1,49 Avenue Jean Moulin,43.34751,3.22108
202300013853,26,4,2023,2025-12-05 19:30:00,1,33,33063,2,1,2,2,Rue Lucien Faure,44.86747,-0.56336
202300013854,26,4,2023,2025-12-05 17:30:00,1,13,13209,1,1,1,1,Col De La Gineste D559,43.24623,5.44583
202300013855,26,4,2023,2025-12-05 15:45:00,1,13,13206,2,2,1,3,Bel Air (Rue),43.2896,5.38221
202300013856,26,4,2023,2025-12-05 15:15:00,1,13,13214,2,1,1,6,Daniel Casanova (Boulevard),43.326,5.374
202300013857,26,4,2023,2025-12-05 11:50:00,1,13,13206,2,2,1,3,Bel Air (Rue),43.2896,5.38221
202300013858,26,4,2023,2025-12-05 11:55:00,1,9,9225,2,2,1,3,Loumet Rue De,43.11163,1.61182
202300013859,26,4,2023,2025-12-05 17:35:00,1,6,6088,2,9,1,6,Corniche Fleurie (Av. De La),43.68326,7.211185
202300013860,26,4,2023,2025-12-05 15:15:00,1,75,75114,2,4,1,2,Porte D Orleans,48.817721,2.333999
202300013861,26,4,2023,2025-12-05 12:10:00,1,75,75112,2,4,1,3,Echangeur Bercy,48.82678093,2.39018887
202300013862,26,4,2023,2025-12-05 11:41:00,1,75,75112,2,2,1,5,Boulevard Poniatowski,48.831843,2.397727
202300013863,26,4,2023,2025-12-05 07:10:00,1,75,75120,2,3,1,6,Rue Charles Cros,48.876972,2.408671
202300013864,26,4,2023,2025-12-05 19:15:00,1,75,75120,2,1,1,7,Avenue Gambetta,48.863474,2.389843
202300013865,26,4,2023,2025-12-05 08:20:00,1,75,75119,2,3,1,3,Boulevard Serurier,48.878353,2.403427
202300013866,26,4,2023,2025-12-05 12:30:00,1,75,75118,2,1,1,3,Boulevard De La Chapelle,48.884516,2.363692
202300013867,26,4,2023,2025-12-05 18:30:00,1,75,75117,2,2,1,3,Rue De Courcelles,48.886466,2.295772
202300013868,26,4,2023,2025-12-05 18:05:00,1,75,75115,2,3,1,6,Rue De Casablanca,48.838728,2.289491
202300013869,25,4,2023,2025-12-05 03:05:00,5,75,75115,2,1,2,6,Place Des Martyrs De La Resistance,48.83514,2.277844
202300013870,26,4,2023,2025-12-05 08:55:00,1,75,75114,2,3,1,3,Boulevard De Port Royal,48.838389,2.342093
202300013871,26,4,2023,2025-12-05 16:30:00,1,75,75111,2,3,1,3,Avenue De La Republique,48.865826,2.371559
202300013872,26,4,2023,2025-12-05 14:30:00,1,75,75110,2,1,1,6,Boulevard De La Villette,48.884215,2.365352
202300013873,26,4,2023,2025-12-05 14:05:00,1,75,75109,2,1,1,2,Boulevard Haussmann,48.873074,2.332287
202300013874,26,4,2023,2025-12-05 20:00:00,1,75,75107,2,2,1,7,Avenue De La Bourdonnais,48.858645,2.298595
202300013875,25,4,2023,2025-12-05 18:35:00,1,94,94078,2,3,1,6,Rue De Paris / Rue De L'Orme Sainte Marie,48.738828,2.446656
202300013876,25,4,2023,2025-12-05 15:30:00,1,94,94019,2,1,1,5,Square Auguste Comte,48.80184894,2.5474543
202300013877,26,4,2023,2025-12-05 21:21:00,5,94,94004,2,1,2,3,Avenue Charles De Gaulle,48.75666,2.498
202300013878,26,4,2023,2025-12-05 15:35:00,1,93,93071,2,3,1,3,Avenue Salvador Allende / Rue Frederic Joliot Curie,48.947555,2.527106
202300013879,7,4,2023,2025-12-05 11:55:00,1,93,93066,2,1,1,5,Avenue Du President Wilson,48.91021,2.3577
202300013880,26,4,2023,2025-12-05 18:15:00,1,93,93055,2,1,1,6,Rue Jules Auffret,48.88626463,2.41056078
202300013881,26,4,2023,2025-12-05 14:30:00,1,93,93048,2,2,2,6,Avenue Du President Wilson / Rue De La Solidarite,48.85307817,2.43884171
202300013882,26,4,2023,2025-12-05 07:40:00,2,93,93048,2,5,1,3,Avenue Du Colonel Fabien / Boulevard De La Boissiere,48.878,2.45714
202300013883,12,8,2023,2025-12-05 08:20:00,1,17,17333,2,6,8,3,Mocqueries (Avenue),45.60214,-0.99342
202300013884,12,8,2023,2025-12-05 22:00:00,5,13,13054,2,2,1,3,Figueres (Rue Des ),43.42114481,5.20776728
202300013885,12,8,2023,2025-12-05 03:20:00,5,13,13208,2,1,1,6,Mendes France (Avenue),43.24998,5.37533
202300013886,12,8,2023,2025-12-05 00:57:00,5,13,13213,2,1,1,3,Notre Dame De Consolation,43.33543,5.43296
202300013887,12,8,2023,2025-12-05 14:00:00,1,13,13005,2,1,1,3,Boyer (Avenue Antide),43.29492,5.56204
202300013888,13,8,2023,2025-12-05 01:25:00,5,11,11262,2,1,1,2,14 Avenue De Bordeaux,43.18209,2.99055
202300013889,8,8,2023,2025-12-05 08:00:00,1,5,5061,2,1,1,3,Pierre Et Marie Curie ( Bd),44.561203,6.084397
202300013890,10,8,2023,2025-12-05 21:05:00,1,75,75118,2,4,1,3,Porte De La Chapelle,48.90088492,2.36386299
202300013891,12,8,2023,2025-12-05 17:40:00,1,75,75113,2,1,1,6,Avenue D Italie,48.819915,2.359218
202300013892,12,8,2023,2025-12-05 06:20:00,2,75,75118,2,7,2,2,Avenue De La Porte D Aubervilliers,48.90038888,2.37039685
202300013893,12,8,2023,2025-12-05 00:03:00,5,75,75114,2,3,2,7,Rue D Alesia,48.827846,2.329133
202300013894,12,8,2023,2025-12-05 17:40:00,1,75,75111,2,1,1,6,Avenue De La Republique,48.865917,2.371111
202300013895,12,8,2023,2025-12-05 08:50:00,1,75,75110,2,7,2,4,Boulevard De La Villette,48.878435,2.370104
202300013896,2,8,2023,2025-12-05 21:20:00,2,75,75108,2,1,1,2,Avenue Franklin D Roosevelt,48.870101,2.310055
202300013897,12,8,2023,2025-12-05 04:10:00,5,75,75104,2,3,3,6,Rue Du Renard,48.85985,2.352738
202300013898,11,8,2023,2025-12-05 09:43:00,1,75,75101,2,3,1,3,Rue De Rivoli,48.862464,2.336255
202300013899,7,7,2023,2025-12-05 09:00:00,1,6,6069,1,1,1,6,Penetrante,43.641067,6.935652
202300013900,5,7,2023,2025-12-05 22:50:00,5,75,75113,2,4,1,7,Bd Peripherique Interieur,48.820798,2.376664
202300013901,12,8,2023,2025-12-05 18:45:00,1,93,93066,2,3,1,2,Rue Ambroise Croizat / Rue Charles Christofle,48.93014,2.35066
202300013902,7,7,2023,2025-12-05 13:10:00,5,75,75101,2,1,1,6,Souterrain Halles,48.860567,2.348132
202300013903,12,8,2023,2025-12-05 20:15:00,1,93,93071,2,6,1,7,Avenue Lucie Aubrac / Avenue Henri Barbusse,48.93346,2.54304
202300013904,7,7,2023,2025-12-05 11:55:00,1,75,75106,2,2,1,6,Rue Du Cherche Midi,48.85023,2.32718
202300013905,11,8,2023,2025-12-05 23:40:00,5,93,93047,2,1,1,1,Rue Du General De Gaulle,48.89937,2.5603
202300013906,7,7,2023,2025-12-05 18:30:00,1,75,75116,2,1,1,2,Avenue Des Nations Unies,48.861711,2.291615
202300013907,6,7,2023,2025-12-05 16:30:00,1,75,75116,2,7,1,6,Place Du General Stefanik,48.839755,2.255753
202300013908,12,8,2023,2025-12-05 21:20:00,2,92,92022,2,1,8,7,Salengro (Avenue Roger),48.81737186,2.19610155
202300013909,7,7,2023,2025-12-05 20:00:00,1,75,75114,2,1,1,3,Boulevard Jourdan,48.820004,2.339803
202300013910,7,7,2023,2025-12-05 20:40:00,1,75,75112,2,1,1,2,Route Dauphine,48.830033,2.439532
202300013911,13,8,2023,2025-12-05 17:23:00,1,84,84088,2,1,1,1,Avenue Rene Char,43.997649,5.069252
202300013912,7,7,2023,2025-12-05 17:05:00,1,75,75111,2,9,1,2,Avenue Philippe Auguste,48.8523658,2.393442
202300013913,13,8,2023,2025-12-05 22:00:00,3,27,27256,1,3,1,3,Pk 6 D554,48.938944,1.232373
202300013914,14,8,2023,2025-12-05 02:20:00,3,12,12073,1,1,1,6,D641,44.221265,2.588128
202300013915,7,7,2023,2025-12-05 04:30:00,4,75,75111,2,3,1,1,Boulevard Voltaire,48.851623,2.390508
202300013916,13,8,2023,2025-12-05 05:00:00,3,63,63178,1,1,1,2,A75 Pk 29+110,45.5632013,3.25726455
202300013917,7,7,2023,2025-12-05 08:45:00,1,75,75110,2,9,7,3,Place Dulcie September,48.880617,2.362027
202300013918,13,8,2023,2025-12-05 05:58:00,1,51,51518,1,3,1,7,D944,49.309925,3.984738
202300013919,7,7,2023,2025-12-05 08:20:00,1,75,75108,2,1,1,5,Boulevard Malesherbes,48.880094,2.31346
202300013920,14,8,2023,2025-12-05 14:40:00,1,56,56219,1,3,1,1,La Ville Au Vent,47.772687,-2.530042
202300013921,6,7,2023,2025-12-05 09:38:00,1,75,75107,2,3,1,3,Boulevard Des Invalides,48.848259,2.315773
202300013922,14,8,2023,2025-12-05 08:20:00,1,65,65388,1,1,1,6,Route Du Pla D?Adet,42.82789043,0.28753281
202300013923,13,8,2023,2025-12-05 18:48:00,1,65,65258,2,4,1,6,15 Rue Bellevue,43.122138,0.38995
202300013924,7,7,2023,2025-12-05 17:21:00,1,75,75102,2,2,1,1,Boulevard De Sebastopol,48.864447,2.351547
202300013925,13,8,2023,2025-12-05 18:00:00,1,32,32148,1,1,1,1,N124,43.616209,0.933559
202300013926,7,7,2023,2025-12-05 11:40:00,1,75,75101,2,3,1,3,Boulevard De La Madeleine,48.869685,2.326639
202300013927,12,8,2023,2025-12-05 06:00:00,2,11,11008,1,1,1,6,Adresse_Inconnue,42.977368,2.26328
202300013928,6,7,2023,2025-12-05 20:00:00,1,75,75104,2,2,1,6,Rue Saint Antoine,48.853447,2.367167
202300013929,13,8,2023,2025-12-05 17:50:00,1,61,61063,1,3,1,3,D924,48.704046,-0.378513
202300013930,27,6,2023,2025-12-05 12:55:00,1,94,94081,2,1,1,2,Rue Anselme Rondenay,48.77867509,2.39766216
202300013931,7,7,2023,2025-12-05 22:25:00,5,94,94076,2,1,1,3,Avenue De Paris,48.806709,2.363273
202300013932,14,8,2023,2025-12-05 08:50:00,1,12,12160,1,3,2,3,D907,44.197909,3.189356
202300013933,14,8,2023,2025-12-05 02:54:00,3,12,12066,1,1,1,6,D57,44.390276,2.41726
202300013934,6,7,2023,2025-12-05 19:00:00,1,94,94043,2,3,1,3,Charles Gide (Av),48.80664,2.35142
202300013935,12,8,2023,2025-12-05 11:25:00,1,39,39500,2,1,1,6,55 Rue De La Republique,46.935646,5.87745
202300013936,15,6,2023,2025-12-05 20:00:00,1,94,94076,2,1,1,4,Boulevard Maxime Gorki,48.794354,2.369051
202300013937,13,8,2023,2025-12-05 16:25:00,1,29,29015,1,1,1,5,D13,48.50118,-4.496434
202300013938,7,7,2023,2025-12-05 13:45:00,1,94,94081,2,5,1,3,Avenue Rouget De Lisle,48.78268,2.39398
202300013939,14,8,2023,2025-12-05 08:30:00,1,29,29135,2,1,2,6,Route Deportamentale 2,47.83512104,-4.18996564
202300013940,14,8,2023,2025-12-05 13:05:00,1,2,2455,1,1,1,7,Malzy,49.928585,3.718443
202300013941,7,7,2023,2025-12-05 07:20:00,1,94,94065,1,1,1,5,N186,48.7537,2.36558
202300013942,7,7,2023,2025-12-05 13:35:00,1,94,94011,2,1,1,1,Rue Alfred Gillet,48.77569,2.4899
202300013943,14,8,2023,2025-12-05 12:25:00,1,66,66036,1,4,1,3,Adresse_Inconnue,42.53402,2.254171
202300013944,5,7,2023,2025-12-05 10:00:00,1,94,94011,2,6,1,3,Avenue Rhin Et Danube,48.768531,2.487948
202300013945,14,8,2023,2025-12-05 10:40:00,1,66,66009,2,1,1,2,9 Baills Jean Baptiste Barjau,42.455549,2.634693
202300013946,7,7,2023,2025-12-05 19:00:00,1,94,94017,2,1,1,6,Avenue Salvador Allende,48.80955582,2.54506371
202300013947,14,8,2023,2025-12-05 17:22:00,1,6,6059,1,1,1,6,M6007,43.727956,7.356302
202300013948,6,7,2023,2025-12-05 09:20:00,1,94,94017,2,2,1,3,Voie Sonia Delaunay,48.81222,2.53401
202300013949,14,8,2023,2025-12-05 13:45:00,1,5,5046,2,1,1,3,Avenue De La Clapiere - D994H,44.553548,6.483728
202300013950,13,8,2023,2025-12-05 11:15:00,1,43,43102,1,1,1,7,Route De La Chapelette,45.182218,4.179831
202300013951,6,7,2023,2025-12-05 15:00:00,1,93,93078,2,2,1,3,Boulevard Robert Ballanger / Avenue Barbes,48.95604,2.54082
202300013952,14,8,2023,2025-12-05 10:43:00,1,16,16286,1,3,1,7,Route Des Vignes,45.817943,-0.021468
202300013953,7,7,2023,2025-12-05 19:00:00,1,93,93051,2,1,1,6,Rue De La Butte Verte,48.84122043,2.5784263
202300013954,14,8,2023,2025-12-05 12:30:00,1,7,7337,1,1,1,7,D270,45.20647654,4.75880496
202300013955,7,7,2023,2025-12-05 19:40:00,1,93,93048,2,1,1,3,Avenue Ferdinand Buisson,48.87268364,2.43594231
202300013956,8,8,2023,2025-12-05 16:40:00,1,40,40128,1,2,1,3,Route De Doazit,43.671713,-0.615546
202300013957,6,7,2023,2025-12-05 22:30:00,5,93,93074,2,1,1,3,Avenue Du General De Gaulle,48.94265,2.56922
202300013958,14,8,2023,2025-12-05 13:26:00,1,28,28214,2,1,1,3,Rue De Verneuil,48.476289,1.01859
202300013959,7,7,2023,2025-12-05 18:15:00,1,93,93029,2,1,1,6,Rue Charlot,48.91530794,2.45908008
202300013960,14,8,2023,2025-12-05 08:17:00,1,67,67388,1,1,1,3,D53,48.951268,7.677759
202300013961,7,7,2023,2025-12-05 09:00:00,1,93,93010,2,1,1,2,Avenue Jean Moulin,48.91249152,2.47877103
202300013962,13,8,2023,2025-12-05 16:30:00,1,38,38495,1,1,1,6,A 49 - Pk 36+400,45.12434802,5.29200456
202300013963,7,7,2023,2025-12-05 13:42:00,1,92,92075,2,1,1,7,Jean Bleuzen (Rue),48.82323,2.29625
202300013964,7,7,2023,2025-12-05 02:35:00,5,92,92046,2,1,1,7,Pierre Brossolette (Avenue),48.81735,2.30733
202300013965,14,8,2023,2025-12-05 09:10:00,1,47,47186,1,1,1,7,A 62  Pk 111.300,44.21177088,0.46268285
202300013966,14,8,2023,2025-12-05 16:30:00,1,72,72198,1,1,1,6,A81 Pk 174.000,48.063176,0.132071
202300013967,15,6,2023,2025-12-05 20:50:00,1,92,92075,2,3,1,3,Lycee (Boulevard Du),48.82261129,2.2845313
202300013968,12,8,2023,2025-12-05 05:00:00,2,987,98715,1,1,1,2,Pk 3.6 C/Mont Rt1 Faa'A,-17.584,-149.56
202300013969,7,7,2023,2025-12-05 08:08:00,1,92,92076,2,1,1,3,Republique,48.83752196,2.15485883
202300013970,13,8,2023,2025-12-05 19:00:00,3,987,98724,1,1,1,6,Rt 111,-16.767822,-151.009227
202300013971,6,7,2023,2025-12-05 14:30:00,1,92,92064,2,8,1,6,Dantan,48.84312191,2.22186202
202300013972,18,6,2023,2025-12-05 16:55:00,1,92,92050,2,1,1,6,Hetres Rue Des,48.91174644,2.22055927
202300013973,13,8,2023,2025-12-05 10:15:00,1,988,98822,1,1,1,7,Tibarama (Tribu),-20.93738,165.38505
202300013974,7,7,2023,2025-12-05 10:00:00,1,92,92049,2,7,1,3,Jaures Place Jean,48.81609,2.31124
202300013975,6,8,2023,2025-12-05 10:30:00,1,971,97115,2,1,1,6,Route Du Pont,16.269688,-61.631477
202300013976,14,6,2023,2025-12-05 19:13:00,1,92,92044,2,2,1,6,Camille Pelletan(Rue)1A15 Et 2A12,48.89597497,2.2902444
202300013977,13,8,2023,2025-12-05 22:50:00,3,66,66182,1,1,1,3,Adresse_Inconnue,42.739573,3.024244
202300013978,7,7,2023,2025-12-05 17:00:00,1,92,92040,2,1,1,6,Manufacture (Esplanade De La),48.8286,2.28248
202300013979,9,8,2023,2025-12-05 18:40:00,1,8,8487,1,1,1,3,Voie Verte,50.044284,4.726009
202300013980,6,7,2023,2025-12-05 16:20:00,1,92,92026,2,1,1,2,Marechal Joffre (Quai Du),48.89964,2.27224
202300013981,14,8,2023,2025-12-05 00:30:00,3,3,3298,1,1,8,3,Lieu Dit Les Beurriers,46.324023,3.377051
202300013982,7,7,2023,2025-12-05 01:55:00,5,92,92012,2,1,1,6,Rene Clair (Place),48.83366,2.25653
202300013983,13,8,2023,2025-12-05 11:55:00,1,3,3315,1,1,1,7,D33,46.392789,2.818733
202300013984,7,7,2023,2025-12-05 19:00:00,1,92,92002,2,1,1,3,President Kennedy (2 A 48),48.74044,2.30184
202300013985,13,8,2023,2025-12-05 23:00:00,3,38,38054,1,1,1,6,D52,45.782871,5.436988
202300013986,13,8,2023,2025-12-05 07:12:00,5,81,81105,2,1,1,7,4 Rue Carlac,43.762273,1.983853
202300013987,1,7,2023,2025-12-05 22:00:00,3,47,47049,1,2,1,3,Avenue De Casseneuil,44.43097487,0.65387787
202300013988,13,8,2023,2025-12-05 10:15:00,1,65,65123,1,1,1,6,Rd 918 - Pr 051.900,42.936222,0.208719
202300013989,7,7,2023,2025-12-05 19:45:00,1,85,85174,1,1,1,1,D949,46.46612,-0.90577
202300013990,4,6,2023,2025-12-05 12:00:00,1,64,64422,1,3,1,3,Rd 919,43.172822,-0.646026
202300013991,13,8,2023,2025-12-05 16:20:00,1,40,40229,1,1,1,3,Cd 626,44.238527,-1.085072
202300013992,7,7,2023,2025-12-05 21:10:00,5,6,6161,2,2,1,3,Boulevard Des Italiens,43.641474,7.14222
202300013993,14,8,2023,2025-12-05 00:50:00,3,60,60619,1,1,1,7,D84,49.109089,2.766518
202300013994,13,8,2023,2025-12-05 03:35:00,3,60,60259,1,1,1,7,D49,49.201266,2.263321
202300013995,7,7,2023,2025-12-05 18:20:00,1,18,18241,1,4,1,3,Adresse_Inconnue,47.328752,2.842672
202300013996,7,7,2023,2025-12-05 09:35:00,1,28,28410,1,1,1,6,955,48.035282,1.520276
202300013997,14,8,2023,2025-12-05 15:40:00,1,60,60612,2,1,1,3,Rue Du Faubourg Saint-Martin,49.198553,2.579041
202300013998,13,8,2023,2025-12-05 22:23:00,5,60,60103,2,1,1,7,16 Rue Du Petit Chantilly,49.410633,2.246508
202300013999,8,7,2023,2025-12-05 00:36:00,3,51,51410,1,1,1,6,Ruelle Des Gains,49.074411,3.782167
202300014000,2,6,2023,2025-12-05 21:00:00,2,33,33063,2,1,1,1,Rue Yves Glotin,44.89273,-0.54611
202300014001,12,8,2023,2025-12-05 15:53:00,1,62,62148,2,1,1,6,Route De Neuvireuil,50.383985,2.911881
202300014002,14,8,2023,2025-12-05 08:30:00,1,59,59582,1,6,7,7,Route D'Hazebrouck,50.728683,2.625782
202300014003,5,7,2023,2025-12-05 13:33:00,1,57,57428,1,1,1,6,D603,49.115484,6.762815
202300014004,2,6,2023,2025-12-05 07:50:00,1,33,33069,2,2,1,3,Avenue Victor Hugo,44.86509,-0.59057