num_acc,jour,mois,an,hrmn,lum,dep,com,agg,int,atm,col,adr,lat,long
202300014005,8,7,2023,2025-12-05 10:20:00,1,42,42233,1,1,1,7,Route De Renaison,46.070494,3.921889
202300014006,2,6,2023,2025-12-05 15:10:00,1,33,33529,2,1,1,1,Rd1250 (Bonneval - La Hume) - Z.A.,44.63251,-1.15987
202300014007,12,8,2023,2025-12-05 06:50:00,2,33,33281,1,1,1,6,Rocade A 630,44.83210308,-0.67642361
202300014008,8,7,2023,2025-12-05 08:50:00,1,83,83049,1,1,1,1,D40,43.25533426,6.07224255
202300014009,11,8,2023,2025-12-05 23:05:00,3,91,91136,1,1,2,7,Autoroute A10,48.71264,2.28954
202300014010,2,6,2023,2025-12-05 23:20:00,5,31,31555,2,1,1,1,Rte D Agde,43.62443709,1.47462219
202300014011,8,7,2023,2025-12-05 13:00:00,1,50,50535,1,1,1,3,A84,48.738531,-1.293468
202300014012,12,8,2023,2025-12-05 11:20:00,1,78,78118,1,1,1,2,A13,48.98257,1.68673
202300014013,27,5,2023,2025-12-05 14:30:00,1,30,30189,1,3,1,3,Anduze (Route Ou Ancienne Route),43.8674,4.30108
202300014014,8,7,2023,2025-12-05 10:55:00,1,30,30278,1,1,1,1,D121,44.071122,4.688512
202300014015,22,11,2023,2025-12-05 16:54:00,1,66,66141,1,3,6,1,D900B,42.771085,2.898588
202300014016,8,7,2023,2025-12-05 12:00:00,1,62,62113,2,1,1,6,D82,50.3440235,2.53683576
202300014017,12,8,2023,2025-12-05 03:45:00,3,75,75116,1,1,3,6,A13W,48.848237,2.247354
202300014018,2,6,2023,2025-12-05 15:10:00,1,29,29232,2,1,1,2,Route De Benodet,47.97272,-4.08733
202300014019,22,11,2023,2025-12-05 15:50:00,1,56,56251,2,1,7,3,Rue De Ker Anna,47.629219,-2.637298
202300014020,12,8,2023,2025-12-05 09:45:00,1,95,95582,1,1,8,2,A15,48.97107622,2.24907517
202300014021,2,6,2023,2025-12-05 17:45:00,1,29,29039,1,1,1,2,Rue Du Poteau Vert,47.89502,-3.91287
202300014022,8,7,2023,2025-12-05 00:50:00,3,2A,2A269,1,1,1,1,Cala D'Oru,41.826371,9.404181
202300014023,12,8,2023,2025-12-05 08:50:00,1,93,93078,1,1,8,6,Autoroute A104,48.96317823,2.52207041
202300014024,2,6,2023,2025-12-05 09:40:00,1,29,29019,2,6,1,3,Rond Point Herman Melville,48.38669,-4.47086756
202300014025,21,11,2023,2025-12-05 19:45:00,3,77,77239,1,3,1,3,D209,48.657599,3.103402
202300014026,8,7,2023,2025-12-05 05:50:00,2,82,82125,1,1,1,1,Route De Toulouse,43.931883,1.221092
202300014027,12,8,2023,2025-12-05 08:00:00,1,93,93064,1,1,2,6,Autoroute A86,48.88515,2.47212
202300014028,30,5,2023,2025-12-05 20:00:00,1,29,29019,2,1,1,6,Rue Albert Louppe,48.40238,-4.46727
202300014029,22,11,2023,2025-12-05 04:00:00,5,11,11351,2,3,6,6,11 Quartier Le Cabirou,43.086834,2.695888
202300014030,12,8,2023,2025-12-05 02:30:00,3,93,93064,1,1,2,6,Autoroute A103,48.8867163,2.47692347
202300014031,8,7,2023,2025-12-05 11:07:00,1,61,61345,1,1,1,1,D920,48.424825,0.784001
202300014032,12,8,2023,2025-12-05 00:00:00,3,93,93078,1,1,2,6,Autoroute A104,48.96300436,2.52239723
202300014033,22,11,2023,2025-12-05 07:45:00,2,71,71230,2,1,2,3,43 Route De Bourbon-Lancy,46.5955,4.034557
202300014034,11,8,2023,2025-12-05 23:10:00,3,93,93078,1,1,2,6,Autoroute A104,48.95844,2.52713
202300014035,7,7,2023,2025-12-05 08:25:00,1,49,49041,1,3,1,2,Route D?Allonnes,47.290066,0.03915
202300014036,1,6,2023,2025-12-05 20:55:00,1,27,27229,2,6,1,6,Moulin (Rue Jean),49.00389,1.15178
202300014037,21,11,2023,2025-12-05 19:30:00,3,71,71576,1,1,1,1,D906,46.544713,4.919305
202300014038,13,8,2023,2025-12-05 11:20:00,1,15,15066,1,1,8,3,D680,45.119016,2.646224
202300014039,22,11,2023,2025-12-05 16:50:00,1,46,46231,1,1,1,1,D811,44.50748705,1.15518465
202300014040,1,6,2023,2025-12-05 16:30:00,1,27,27229,2,3,7,3,Saint (Rue),49.02116,1.1555
202300014041,7,7,2023,2025-12-05 18:35:00,1,49,49114,1,1,1,1,D206,47.390476,0.124068
202300014042,12,8,2023,2025-12-05 16:50:00,1,37,37123,1,1,1,6,D57,47.351821,0.38877
202300014043,21,11,2023,2025-12-05 21:20:00,3,68,68092,1,1,1,7,D9B,47.507606,7.387635
202300014044,1,6,2023,2025-12-05 18:30:00,1,18,18279,2,1,1,1,Boulevard De La Nation,47.216045,2.060002
202300014045,5,7,2023,2025-12-05 16:30:00,1,46,46328,2,3,1,6,Le Bourg,44.359133,1.718926
202300014046,12,8,2023,2025-12-05 21:35:00,3,26,26231,1,1,1,6,Route De La Feyta,45.113402,5.069815
202300014047,2,6,2023,2025-12-05 05:08:00,5,17,17028,2,9,1,7,Salengro   Avenue Roger,46.1389,-1.1315
202300014048,18,11,2023,2025-12-05 19:09:00,3,44,44117,1,2,3,3,Rue Des Sports,47.144449,-1.334479
202300014049,7,7,2023,2025-12-05 22:00:00,5,47,47021,2,1,1,6,Rue De La Republique,44.17105076,0.27772038
202300014050,12,8,2023,2025-12-05 14:40:00,1,38,38199,2,9,1,3,241 Route Du Tonkin,45.509794,4.920695
202300014051,2,6,2023,2025-12-05 19:05:00,1,14,14327,2,1,1,6,901 Le Val,49.20906,-0.33387
202300014052,7,7,2023,2025-12-05 20:00:00,1,41,41053,1,1,1,6,D151A,47.968225,0.913872
202300014053,13,8,2023,2025-12-05 16:59:00,3,25,25007,1,1,1,6,D32,47.161824,6.385868
202300014054,7,7,2023,2025-12-05 21:35:00,3,34,34047,1,1,1,6,Rd32,43.541004,3.485527
202300014055,22,11,2023,2025-12-05 16:39:00,1,44,44200,2,2,1,1,1 Rue De La Brutz,47.829097,-1.473863
202300014056,13,8,2023,2025-12-05 01:30:00,5,973,97362,2,1,1,1,Loka,3.82823161,-54.19209659
202300014057,8,7,2023,2025-12-05 12:30:00,1,68,68288,1,1,1,7,D432,47.549073,7.252264
202300014058,2,6,2023,2025-12-05 22:35:00,5,13,13002,2,3,1,1,Canton Vert (Avenue Du),43.34132,5.47259
202300014059,13,8,2023,2025-12-05 02:58:00,3,91,91016,1,1,1,7,N20,48.334272,2.032621
202300014060,21,11,2023,2025-12-05 17:41:00,3,2,2468,2,1,1,6,Adresse_Inconnue,49.741261,3.756337
202300014061,7,7,2023,2025-12-05 01:40:00,3,22,22294,1,1,1,7,D767,48.371432,-3.086944
202300014062,2,6,2023,2025-12-05 16:00:00,1,13,13201,2,1,1,6,Marseillaises (Place Des)    Impairs,43.30141,5.38029
202300014063,12,8,2023,2025-12-05 08:00:00,2,91,91022,2,1,2,6,Montelimas,48.337788,2.167525
202300014064,7,7,2023,2025-12-05 16:50:00,1,39,39434,2,3,1,3,Route De Dole,46.848144,5.697854
202300014065,20,10,2023,2025-12-05 07:45:00,2,45,45104,1,2,1,3,D40 Pr 3 + 965,48.046042,2.706907
202300014066,3,6,2023,2025-12-05 00:35:00,5,13,13005,2,1,1,1,Goums (Avenue Des),43.29132,5.56114
202300014067,8,7,2023,2025-12-05 03:13:00,3,38,38543,1,1,1,7,Route De Bourgoin,45.653727,5.453205
202300014068,13,8,2023,2025-12-05 07:00:00,1,41,41161,1,1,1,6,A71,47.52491,2.003932
202300014069,21,11,2023,2025-12-05 20:20:00,3,18,18275,1,1,1,7,Adresse_Inconnue,46.892519,2.891636
202300014070,2,6,2023,2025-12-05 12:20:00,1,13,13001,2,1,8,3,Beauvalle (Ch De La),43.51433,5.43489
202300014071,29,6,2023,2025-12-05 18:15:00,1,13,13010,2,1,1,3,Route D'Avignon,43.904865,4.764805
202300014072,12,8,2023,2025-12-05 16:35:00,1,42,42231,1,1,1,1,N7,46.110857,3.957717
202300014073,19,11,2023,2025-12-05 22:00:00,3,36,36240,1,1,8,6,Adresse_Inconnue,46.43924614,2.11644355
202300014074,1,6,2023,2025-12-05 08:05:00,1,11,11069,1,1,2,6,Chemin De La Madeleine,43.22023,2.38495
202300014075,12,8,2023,2025-12-05 21:00:00,2,60,60479,1,1,1,3,D136,49.20103502,2.85014105
202300014076,21,11,2023,2025-12-05 13:40:00,1,16,16030,1,1,1,7,Rd 38,45.477948,-0.209706
202300014077,8,7,2023,2025-12-05 15:10:00,1,2,2792,1,2,1,3,Route De Chateau Thierry,49.088795,3.21389
202300014078,2,6,2023,2025-12-05 09:50:00,1,10,10297,2,9,1,3,Tirverts (Rue),48.313664,4.085039
202300014079,13,8,2023,2025-12-05 02:30:00,4,47,47068,2,1,1,6,Rue Du Cahors,44.447683,0.025948
202300014080,21,11,2023,2025-12-05 18:50:00,5,7,7090,2,3,1,3,Rue Du 11 Novembre 1918,44.743579,4.667457
202300014081,1,6,2023,2025-12-05 17:31:00,1,10,10387,2,1,1,2,Jules Guesde (Rue),48.29488,4.08184
202300014082,23,7,2023,2025-12-05 07:55:00,1,87,87038,1,1,1,1,Rue Du Gros Hetre,45.931242,1.230015
202300014083,21,11,2023,2025-12-05 18:00:00,3,53,53096,1,1,1,6,Rn12,48.2982,-0.90233
202300014084,1,6,2023,2025-12-05 15:12:00,1,10,10387,2,1,1,6,Nicolas Siret (Rue),48.293896,4.080331
202300014085,7,7,2023,2025-12-05 23:55:00,4,2,2468,2,1,1,3,Adresse_Inconnue,49.749506,3.770918
202300014086,21,11,2023,2025-12-05 08:45:00,1,24,24291,1,1,8,6,Chemin De La Requeyrie,45.04045,1.12877
202300014087,13,8,2023,2025-12-05 10:00:00,1,41,41278,1,1,1,1,N10,47.645252,0.94993
202300014088,12,8,2023,2025-12-05 20:00:00,1,19,19269,2,1,1,6,Avenue Paul Plazanet,45.53339137,1.79990378
202300014089,7,7,2023,2025-12-05 19:42:00,1,3,3285,1,3,1,3,D22,46.467813,2.882884
202300014090,21,11,2023,2025-12-05 19:25:00,3,27,27638,2,1,2,7,D840,49.264202,0.980401
202300014091,1,6,2023,2025-12-05 14:10:00,1,6,6027,2,1,1,6,Nice Avenue De (Rn7),43.657918,7.159409
202300014092,12,8,2023,2025-12-05 14:15:00,1,56,56013,1,9,1,3,Les Quatre Chemins,47.665486,-3.178588
202300014093,2,6,2023,2025-12-05 22:10:00,5,6,6004,1,9,1,6,Chataigniers Av.Du,43.58009,7.11557
202300014094,8,7,2023,2025-12-05 15:00:00,1,58,58180,1,1,1,3,Route De Saulieu,47.217021,4.034616
202300014095,29,7,2023,2025-12-05 07:20:00,1,79,79185,1,1,3,7,Adresse_Inconnue,46.318032,-0.252148
202300014096,27,10,2023,2025-12-05 06:50:00,2,27,27578,2,2,1,3,D840,48.806581,0.921392
202300014097,8,7,2023,2025-12-05 18:00:00,1,58,58179,1,1,1,7,D126,47.179672,3.757555
202300014098,1,6,2023,2025-12-05 21:10:00,1,2,2408,2,1,7,6,Adresse_Inconnue,49.56978,3.60806
202300014099,13,8,2023,2025-12-05 05:07:00,2,2A,2A139,1,1,1,1,Pont De L'Oso,41.66602915,9.30652231
202300014100,30,5,2023,2025-12-05 04:05:00,3,1,1289,1,1,1,6,Dombes (Allee Des),46.18341,5.19503
202300014101,7,7,2023,2025-12-05 16:05:00,1,72,72090,1,1,7,1,La Maison Dieu,48.054842,0.481811
202300014102,22,11,2023,2025-12-05 09:15:00,1,28,28405,1,2,7,3,Route Nationale 12,48.74873,1.269122
202300014103,13,8,2023,2025-12-05 18:50:00,1,2B,2B283,1,1,1,5,Rt 10,41.885909,9.394153
202300014104,8,7,2023,2025-12-05 13:25:00,1,50,50109,2,1,1,3,Rue De La Gare,48.918971,-1.430925
202300014105,1,6,2023,2025-12-05 08:50:00,1,75,75117,2,1,1,2,Porte De Champerret,48.885809,2.288302
202300014106,8,11,2023,2025-12-05 11:07:00,1,67,67506,2,1,1,2,Rue Du General Leclerc,48.669278,7.710353
202300014107,8,7,2023,2025-12-05 13:35:00,1,64,64185,1,1,1,7,N134 Pr 99+910,42.938812,-0.600053
202300014108,13,8,2023,2025-12-05 03:00:00,5,2B,2B318,1,9,1,3,Parc Galea (Attraction),42.432354,9.522566
202300014109,2,6,2023,2025-12-05 03:27:00,5,75,75107,2,2,1,6,Quai Voltaire,48.859533,2.329291
202300014110,22,11,2023,2025-12-05 09:25:00,1,51,51507,1,1,1,3,A4,49.090225,4.977107
202300014111,13,8,2023,2025-12-05 14:35:00,1,80,80205,1,1,1,1,D3,49.996609,2.039874
202300014112,7,7,2023,2025-12-05 21:20:00,2,10,10375,1,1,1,6,D619,48.280337,4.190319
202300014113,1,6,2023,2025-12-05 07:40:00,1,75,75110,2,3,1,3,Boulevard De Strasbourg,48.8706,2.354953
202300014114,12,8,2023,2025-12-05 15:55:00,1,65,65116,1,1,1,6,Rd 113,42.894045,0.324397
202300014115,21,11,2023,2025-12-05 09:30:00,1,60,60138,1,1,1,7,Autoroute A1 Pk 46+400,49.2280612,2.65154171
202300014116,6,7,2023,2025-12-05 08:25:00,1,36,36154,2,2,7,3,Avenue De La Font Pie Vii,46.58251643,1.53226286
202300014117,2,6,2023,2025-12-05 13:02:00,1,75,75113,2,3,1,6,Rue De La Glaciere,48.831692,2.344386
202300014118,11,8,2023,2025-12-05 19:10:00,1,65,65464,2,3,7,6,Rue Du Moulin,43.145564,0.115072
202300014119,22,11,2023,2025-12-05 12:30:00,1,974,97424,1,1,1,7,Rn5,-21.151541,55.473758
202300014120,12,8,2023,2025-12-05 15:00:00,1,63,63319,1,1,1,7,D996,45.54568485,3.93462834
202300014121,4,7,2023,2025-12-05 13:57:00,1,21,21317,1,4,1,3,D959,47.54652443,5.12240291
202300014122,2,6,2023,2025-12-05 10:20:00,1,75,75106,2,3,1,2,Quai De Conti,48.857159,2.338609
202300014123,12,8,2023,2025-12-05 11:00:00,1,61,61207,1,1,1,6,D277,48.301881,0.551977
202300014124,21,11,2023,2025-12-05 17:12:00,1,973,97305,1,1,1,3,"Rn1, Pk14",4.933481,-52.402532
202300014125,26,6,2023,2025-12-05 16:30:00,1,40,40217,1,3,1,3,D43,44.343239,-1.016876
202300014126,13,8,2023,2025-12-05 18:30:00,1,39,39306,1,1,1,6,Adresse_Inconnue,46.632966,5.547629
202300014127,2,6,2023,2025-12-05 07:40:00,2,75,75106,2,2,1,2,Rue D Assas,48.848968,2.328742
202300014128,11,11,2023,2025-12-05 16:10:00,1,978,97801,2,1,1,6,R Charles Tondu,18.063585,-63.090936
202300014129,12,8,2023,2025-12-05 10:44:00,1,25,25287,1,1,1,6,D673,47.20631,5.896504
202300014130,8,7,2023,2025-12-05 11:40:00,1,24,24484,1,3,1,3,Rd6089,45.122566,0.873199
202300014131,1,6,2023,2025-12-05 08:30:00,1,75,75120,2,2,1,1,Rue Evariste Galois,48.874086,2.413048
202300014132,10,8,2023,2025-12-05 12:00:00,1,35,35284,1,1,1,2,D137,48.612413,-1.981857
202300014133,22,11,2023,2025-12-05 09:15:00,1,95,95177,2,1,1,1,Pierre Et Marie Curie (Rue),49.115312,2.019269
202300014134,7,7,2023,2025-12-05 19:15:00,1,85,85154,1,1,1,3,Rd 89,46.679182,-0.856258
202300014135,2,6,2023,2025-12-05 14:10:00,1,75,75119,2,1,1,6,Place Marcel Achard,48.873687,2.3765
202300014136,9,8,2023,2025-12-05 23:35:00,3,35,35132,1,1,1,6,Route De La Fresnais,48.611775,-1.842817
202300014137,21,11,2023,2025-12-05 15:00:00,1,34,34057,2,1,1,3,720 Route De Nimes,43.637566,3.929586
202300014138,2,6,2023,2025-12-05 11:00:00,1,75,75117,2,3,1,3,Avenue Des Ternes,48.879736,2.289492
202300014139,6,7,2023,2025-12-05 16:15:00,1,87,87199,1,2,1,5,D901,45.75905,0.851226
202300014140,21,11,2023,2025-12-05 21:50:00,3,81,81143,1,1,1,2,Route De La Bouriette,43.532041,2.100599
202300014141,1,6,2023,2025-12-05 22:20:00,5,75,75116,2,1,1,6,Avenue Prudhon,48.859214,2.268998
202300014142,12,8,2023,2025-12-05 18:15:00,1,29,29176,1,1,8,6,D107,48.10657384,-4.24542335
202300014143,21,11,2023,2025-12-05 12:20:00,1,81,81138,1,1,2,6,Rd 30,43.8221195,2.0417364
202300014144,7,7,2023,2025-12-05 10:30:00,1,30,30003,2,2,1,3,D979,43.558325,4.182933
202300014145,8,7,2023,2025-12-05 06:50:00,2,48,48037,2,1,1,6,Chemin De L'Eglise,44.513986,3.64634
202300014146,2,6,2023,2025-12-05 16:00:00,1,75,75116,2,2,1,3,Rue Spontini,48.86826,2.277377
202300014147,12,8,2023,2025-12-05 16:00:00,1,31,31391,2,6,1,3,Place Du Pre Commun,43.112658,0.934069
202300014148,22,11,2023,2025-12-05 17:00:00,1,31,31188,1,1,1,1,Route De Fonsorbes,43.54613,1.204344
202300014149,2,6,2023,2025-12-05 16:10:00,1,75,75116,2,1,1,3,Avenue Foch,48.872494,2.282906
202300014150,3,7,2023,2025-12-05 17:00:00,1,52,52119,1,3,1,3,Chaudenay,47.81746546,5.49101035
202300014151,11,8,2023,2025-12-05 18:30:00,1,31,31071,1,3,1,3,Route Du Chateau  92 Lieu Dit Bonet,43.342805,1.159343
202300014152,22,11,2023,2025-12-05 08:30:00,1,33,33535,2,6,1,3,D936,44.839195,-0.4899
202300014153,12,8,2023,2025-12-05 15:50:00,1,1,1229,1,1,1,7,Route De Guelin,46.329438,5.162233
202300014154,7,7,2023,2025-12-05 07:59:00,1,30,30020,1,1,1,3,D135,43.749801,4.304789
202300014155,2,6,2023,2025-12-05 13:24:00,1,75,75116,2,2,1,3,Avenue Theophile Gautier,48.849936,2.272229
202300014156,12,8,2023,2025-12-05 18:00:00,1,26,26063,1,1,1,7,Route De Sederon,44.301002,5.29541
202300014157,2,7,2023,2025-12-05 01:20:00,4,988,98805,1,1,1,6,Ve2,-22.224316,166.467816
202300014158,21,11,2023,2025-12-05 07:59:00,2,22,22070,2,1,2,6,Rue De Cadolan,48.555712,-3.149595
202300014159,31,5,2023,2025-12-05 07:35:00,1,75,75116,2,1,1,2,Route Des Tribunes,48.861806,2.230303
202300014160,13,8,2023,2025-12-05 12:00:00,1,26,26165,2,1,1,3,26 Avenue Joseph Combier,44.770765,4.841752
202300014161,4,7,2023,2025-12-05 17:00:00,1,973,97309,2,3,1,7,Rue Des Pionniers,4.915731,-52.281913
202300014162,21,11,2023,2025-12-05 15:09:00,1,62,62609,1,1,8,3,D937,50.37220297,2.74194981
202300014163,2,6,2023,2025-12-05 16:45:00,1,75,75115,2,1,1,2,Rue De La Convention,48.838779,2.293014
202300014164,7,7,2023,2025-12-05 16:40:00,1,91,91045,1,1,1,3,Departementale 191,48.51659,2.381995
202300014165,13,8,2023,2025-12-05 18:15:00,1,5,5045,1,3,1,1,N94,44.529923,6.42877
202300014166,21,11,2023,2025-12-05 14:50:00,1,13,13215,1,1,1,2,A55-Sens Marseille Vers Martigues,43.34591,5.34576
202300014167,2,6,2023,2025-12-05 15:30:00,1,75,75115,2,2,1,7,Rue Saint Charles,48.844754,2.283894
202300014168,12,8,2023,2025-12-05 20:00:00,1,60,60123,1,1,1,7,D61,49.55951645,2.31877891
202300014169,7,7,2023,2025-12-05 06:35:00,2,973,97360,1,1,7,3,Route De Maiman,5.176473,-54.324753
202300014170,20,11,2023,2025-12-05 11:50:00,1,67,67482,1,1,2,7,Bretelle Sortie Autoroute,48.57045,7.73167
202300014171,2,6,2023,2025-12-05 14:15:00,1,75,75115,2,7,1,3,Place Des Insurges De Varsovie,48.827499,2.292124
202300014172,8,7,2023,2025-12-05 02:50:00,3,38,38530,1,1,1,6,A43,45.628054,5.170033
202300014173,21,11,2023,2025-12-05 00:40:00,4,33,33063,1,1,2,1,Rocade A 630,44.88489799,-0.5600962
202300014174,2,6,2023,2025-12-05 13:50:00,1,75,75115,2,1,1,7,Avenue De La Porte De Sevres,48.834973,2.277581
202300014175,13,8,2023,2025-12-05 11:30:00,1,7,7039,1,1,1,6,D578,45.060775,4.661894
202300014176,8,7,2023,2025-12-05 18:15:00,3,988,98808,1,1,1,6,Paraouye (Tribu),-21.27844,165.65406
202300014177,1,6,2023,2025-12-05 18:30:00,1,75,75114,2,1,1,7,Avenue Paul Appell,48.821542,2.327935
202300014178,13,8,2023,2025-12-05 02:15:00,5,24,24253,2,1,1,6,Rue Pierre Degail,45.450351,0.451679
202300014179,21,11,2023,2025-12-05 09:00:00,1,91,91689,1,1,2,3,Autoroute A6,48.7271,2.31367
202300014180,8,7,2023,2025-12-05 11:00:00,1,988,98811,1,1,1,1,Rpn2,-21.026758,164.985552
202300014181,11,8,2023,2025-12-05 09:20:00,1,87,87176,1,1,1,7,D19A1,45.656738,1.314733
202300014182,2,6,2023,2025-12-05 21:10:00,2,75,75112,2,7,1,1,Boulevard De Picpus,48.844815,2.402028
202300014183,20,11,2023,2025-12-05 22:55:00,3,91,91434,1,1,1,2,Autoroute A6,48.66761,2.35698
202300014184,3,7,2023,2025-12-05 08:10:00,1,29,29005,2,1,1,3,450 Route De Quimperle,47.86044218,-3.59990651
202300014185,13,8,2023,2025-12-05 11:50:00,1,30,30140,1,1,1,1,Adresse_Inconnue,44.03479,3.823199
202300014186,13,8,2023,2025-12-05 17:15:00,1,8,8102,1,1,1,7,Adresse_Inconnue,49.603257,4.314741
202300014187,2,6,2023,2025-12-05 14:25:00,1,75,75108,2,2,1,3,Rue De Rome,48.88198,2.320514
202300014188,20,11,2023,2025-12-05 21:15:00,3,91,91161,1,1,2,2,Autoroute A6,48.69803,2.31396
202300014189,7,7,2023,2025-12-05 17:15:00,1,45,45253,1,9,1,4,D927 Pr 7 + 5,48.1688569,2.16728239
202300014190,2,6,2023,2025-12-05 03:51:00,5,75,75108,2,2,1,3,Place De La Concorde,48.866781,2.322095
202300014191,13,8,2023,2025-12-05 17:44:00,1,13,13069,1,1,1,1,Route De Salon,43.629296,5.133362
202300014192,20,11,2023,2025-12-05 13:50:00,1,92,92004,1,1,1,2,Rn315 W,48.91719011,2.30784188
202300014193,1,7,2023,2025-12-05 14:45:00,1,77,77344,1,2,1,5,N330,49.052741,2.786255
202300014194,1,6,2023,2025-12-05 11:20:00,1,75,75108,2,2,1,6,Rue D Artois,48.873703,2.306497
202300014195,21,11,2023,2025-12-05 20:15:00,3,95,95218,1,1,2,2,A15,49.03589387,2.09570646
202300014196,7,7,2023,2025-12-05 18:00:00,1,77,77095,1,1,1,1,D54,48.962525,2.75068
202300014197,2,6,2023,2025-12-05 16:10:00,1,75,75101,2,2,1,6,Rue Moliere,48.864483,2.334966
202300014198,21,11,2023,2025-12-05 18:45:00,3,95,95604,1,1,2,4,A1,49.10594,2.55131
202300014199,7,7,2023,2025-12-05 16:30:00,1,34,34090,1,1,1,3,Rm65,43.659675,3.938731
202300014200,12,8,2023,2025-12-05 00:07:00,3,86,86007,1,1,1,2,A10,46.912175,0.526537
202300014201,1,6,2023,2025-12-05 16:55:00,1,75,75101,2,2,1,3,Rue De Rivoli,48.858537,2.34823
202300014202,21,11,2023,2025-12-05 19:40:00,3,93,93027,1,1,2,2,Autoroute A1,48.93412,2.38391
202300014203,8,7,2023,2025-12-05 17:20:00,1,84,84054,1,1,1,1,Route De Petit Palais,43.876296,5.078084
202300014204,21,11,2023,2025-12-05 09:15:00,1,93,93010,1,1,2,7,Autoroute A3,48.90389,2.47134
202300014205,1,6,2023,2025-12-05 09:13:00,1,75,75104,2,2,1,6,Rue Des Deux Ponts,48.851832,2.356547
202300014206,13,8,2023,2025-12-05 02:40:00,3,17,17226,1,1,1,2,A10 Pk 416.600,45.94012,-0.559186
202300014207,8,7,2023,2025-12-05 08:50:00,1,83,83068,1,1,1,2,D 14,43.26905,6.53753
202300014208,12,8,2023,2025-12-05 10:50:00,1,59,59244,1,1,1,7,Autoroute A2 Pk 026.200 Sens Bruxelles - Paris,50.1564198,3.15777822
202300014209,31,5,2023,2025-12-05 09:58:00,1,75,75104,2,2,1,7,Quai De L Hotel De Ville,48.853322,2.3578
202300014210,21,11,2023,2025-12-05 09:05:00,1,93,93066,1,1,2,5,Autoroute A1,48.93376,2.3809
202300014211,7,7,2023,2025-12-05 12:45:00,1,71,71399,2,3,1,6,Place Des Halles,46.289998,4.17717
202300014212,21,11,2023,2025-12-05 05:15:00,3,95,95212,1,1,2,6,A1,49.02389297,2.53550291
202300014213,7,7,2023,2025-12-05 22:19:00,3,67,67205,1,1,1,6,D37,48.674031,7.77423
202300014214,13,8,2023,2025-12-05 06:30:00,1,988,98823,2,3,1,6,Rt3/Vu2,-21.07449,165.40245
202300014215,13,8,2023,2025-12-05 04:00:00,2,988,98819,1,1,1,6,Fernhill - Rpn7,-20.36195,164.42373
202300014216,30,5,2023,2025-12-05 12:00:00,1,75,75104,2,2,1,3,Boulevard Henri Iv,48.851054,2.362285
202300014217,21,11,2023,2025-12-05 00:40:00,3,93,93078,1,1,2,7,Autoroute A104,48.96346,2.52181
202300014218,13,8,2023,2025-12-05 08:15:00,1,971,97111,1,1,1,6,Cafeiere,16.325813,-61.766424
202300014219,21,11,2023,2025-12-05 14:10:00,1,77,77121,1,1,2,6,A104,48.83562025,2.66525863
202300014220,8,7,2023,2025-12-05 10:45:00,1,57,57663,2,3,1,3,Rue Lucie Aubrac,49.237461,6.164516
202300014221,2,6,2023,2025-12-05 18:55:00,1,94,94081,2,1,1,1,Avenue Paul Vaillant Couturier,48.79475,2.39707
202300014222,21,11,2023,2025-12-05 07:40:00,1,77,77372,1,1,2,2,A104,48.87593751,2.66912639
202300014223,7,7,2023,2025-12-05 08:45:00,1,26,26179,1,1,1,3,D532,45.060915,4.905629
202300014224,11,8,2023,2025-12-05 19:40:00,1,77,77023,2,2,2,3,D38,49.016429,2.882629
202300014225,2,6,2023,2025-12-05 14:05:00,1,94,94058,1,3,1,3,98 Boulevard D'Alsace-Lorraine,48.85078,2.50384
202300014226,7,7,2023,2025-12-05 18:25:00,1,1,1276,1,1,1,4,Rue Du Pont De Jons,45.81432,5.085683
202300014227,1,6,2023,2025-12-05 23:40:00,5,94,94041,2,3,1,6,Quai Marcel Boyer,48.82217919,2.39282615
202300014228,20,11,2023,2025-12-05 17:40:00,3,77,77121,1,1,2,6,A4,48.83189783,2.67415376
202300014229,13,8,2023,2025-12-05 10:29:00,1,77,77470,2,1,1,5,29 Rue De Provins,48.739018,2.767493
202300014230,3,7,2023,2025-12-05 14:45:00,1,81,81271,2,1,1,6,Route De Montauban,43.777102,1.675227
202300014231,2,6,2023,2025-12-05 19:30:00,1,94,94065,2,1,1,6,Rue Mondetour,48.75625946,2.34657562
202300014232,20,11,2023,2025-12-05 08:10:00,1,94,94004,1,1,1,2,N19,48.75940121,2.50031751
202300014233,8,7,2023,2025-12-05 11:30:00,1,31,31318,1,1,1,7,D10F,43.217926,0.96618
202300014234,12,8,2023,2025-12-05 22:45:00,3,83,83035,1,1,1,1,Route Des Sources,43.19723,5.763273
202300014235,2,6,2023,2025-12-05 13:05:00,1,94,94033,2,1,1,7,Marechal De Lattre De Tas,48.8583,2.49131
202300014236,20,11,2023,2025-12-05 06:50:00,4,77,77083,1,1,2,2,A4.W,48.83100751,2.60627873
202300014237,7,7,2023,2025-12-05 16:35:00,1,44,44210,2,9,1,6,Boulevard De L'Atlantique,47.289557,-2.209368
202300014238,13,8,2023,2025-12-05 10:29:00,1,5,5122,1,1,1,3,Rn 94,44.755404,6.575038
202300014239,2,6,2023,2025-12-05 15:00:00,1,94,94028,1,1,1,2,D1,48.78279,2.45952
202300014240,8,7,2023,2025-12-05 08:30:00,1,29,29021,1,1,1,6,Lieu-Dit Lanveur,48.64461555,-4.34379928