num_acc,jour,mois,an,hrmn,lum,dep,com,agg,int,atm,col,adr,lat,long
202300014241,19,11,2023,2025-12-05 03:49:00,3,94,94022,1,1,2,4,A86,48.77610897,2.41417148
202300014242,13,8,2023,2025-12-05 14:20:00,1,73,73296,1,4,1,3,D902,45.5210257,6.91343844
202300014243,2,6,2023,2025-12-05 17:05:00,1,94,94004,2,4,1,2,Avenue Du General Leclerc,48.74840561,2.50904278
202300014244,8,7,2023,2025-12-05 16:50:00,1,59,59619,1,1,1,1,D932,50.24027402,3.7111729
202300014245,21,9,2023,2025-12-05 23:50:00,5,74,74133,2,1,3,3,Geneve (Rue De),46.191467,6.213514
202300014246,7,7,2023,2025-12-05 09:46:00,1,13,13211,1,1,1,6,Adresse_Inconnue,43.29148,5.45135
202300014247,12,8,2023,2025-12-05 22:40:00,3,26,26271,1,1,1,3,Route Du Dauphine,45.02492296,4.86823729
202300014248,2,6,2023,2025-12-05 19:36:00,1,93,93078,2,1,1,3,46 Boulevard Robert Ballanger,48.95223891,2.52908975
202300014249,19,9,2023,2025-12-05 18:00:00,1,74,74012,2,1,1,6,Ile De France (Rue De L'),46.19028,6.24971
202300014250,4,7,2023,2025-12-05 20:04:00,1,13,13106,1,1,1,2,A7-Sens Lyon Vers Marseille,43.3887,5.3509
202300014251,25,8,2023,2025-12-05 12:00:00,1,74,74186,1,1,1,6,Route D'Annecy,45.863921,6.057882
202300014252,12,8,2023,2025-12-05 12:39:00,1,69,69131,2,1,2,3,Route Des Monts Du Lyonnais,45.688375,4.674232
202300014253,1,6,2023,2025-12-05 18:24:00,1,93,93005,2,3,1,6,Boulebard Kennedy / Chemin De Savigny,48.946136,2.51510739
202300014254,14,6,2023,2025-12-05 20:15:00,2,13,13005,1,1,2,6,A50-Sens Marseille Vers Aubagne,43.26866461,5.58800697
202300014255,11,8,2023,2025-12-05 14:25:00,1,65,65295,2,1,1,3,1 Avenue De Saint Sauveur,42.873149,-0.003508
202300014256,23,8,2023,2025-12-05 16:00:00,1,74,74225,1,1,1,1,D910,45.884325,5.934827
202300014257,6,7,2023,2025-12-05 22:20:00,3,69,69296,1,1,1,2,Autoroute 7,45.64494,4.83059
202300014258,17,8,2023,2025-12-05 18:45:00,1,74,74105,2,3,1,3,Avenue Des Voirons,46.303489,6.30259
202300014259,26,5,2023,2025-12-05 20:45:00,1,93,93053,2,2,1,3,Place Jeanne D'Arc / Rue De Brement,48.89006105,2.45297012
202300014260,7,7,2023,2025-12-05 16:35:00,1,33,33550,1,1,1,2,Rocade A 630,44.78161,-0.5826
202300014261,12,8,2023,2025-12-05 15:50:00,1,85,85113,2,1,1,3,9 Rue Jean Yole,46.719887,-2.349257
202300014262,2,6,2023,2025-12-05 19:10:00,1,93,93057,2,1,1,1,Chemin De Halage,48.91287706,2.50048726
202300014263,7,7,2023,2025-12-05 16:05:00,1,33,33063,1,1,1,2,Rocade A 630,44.88070806,-0.54144144
202300014264,20,7,2023,2025-12-05 18:05:00,1,74,74002,1,1,1,3,Pont Du Chene,45.825226,6.043103
202300014265,12,8,2023,2025-12-05 13:19:00,1,35,35343,1,2,1,3,La Richardais,47.851834,-1.559002
202300014266,7,7,2023,2025-12-05 08:00:00,1,59,59508,1,1,1,6,Autoroute A22,50.74601,3.14149
202300014267,1,6,2023,2025-12-05 20:30:00,1,93,93005,2,1,1,6,Boulevard Marc Chagall,48.95249,2.49688
202300014268,16,6,2023,2025-12-05 18:00:00,1,74,74042,2,1,7,3,1676 Route De Bouverat,46.064527,6.437379
202300014269,4,7,2023,2025-12-05 15:35:00,1,62,62193,1,1,1,6,A16,50.93473655,1.89503283
202300014270,28,7,2023,2025-12-05 18:35:00,1,76,76057,1,4,1,1,Route De Fresquiennes,49.544899,0.972086
202300014271,31,5,2023,2025-12-05 18:50:00,1,92,92063,2,1,1,6,Bonaparte (Avenue Napoleon) Sud,48.87266303,2.16338038
202300014272,7,7,2023,2025-12-05 03:37:00,3,94,94034,1,1,1,6,A6A,48.75331485,2.33176301
202300014273,12,8,2023,2025-12-05 17:25:00,1,62,62318,1,1,1,6,D940,50.53783161,1.62363068
202300014274,1,6,2023,2025-12-05 12:00:00,1,74,74042,2,1,1,4,Route Departementale 1205,46.072293,6.426256
202300014275,2,6,2023,2025-12-05 05:30:00,2,92,92050,2,9,1,6,Grands Pres Rue Des,48.91046304,2.21421719
202300014276,7,7,2023,2025-12-05 00:05:00,3,91,91534,1,1,1,2,Rn 118,48.73849,2.17867
202300014277,2,6,2023,2025-12-05 19:20:00,1,92,92020,2,6,1,6,Division Leclerc Avenue De La,48.798125,2.28296
202300014278,11,8,2023,2025-12-05 00:45:00,5,67,67447,2,3,1,3,Donon (Rue Du),48.60974,7.74463
202300014279,17,7,2023,2025-12-05 18:20:00,1,14,14258,2,2,1,3,3 Rue De Rugles,48.894333,-0.18791
202300014280,6,7,2023,2025-12-05 22:55:00,3,91,91345,1,1,1,2,Autoroute A6,48.68702,2.32608
202300014281,7,7,2023,2025-12-05 11:13:00,1,78,78133,1,1,1,6,A14,48.908182,2.051426
202300014282,27,2,2023,2025-12-05 13:30:00,1,38,38421,2,2,1,3,Avenue Ambroise Croizat,45.18381,5.75435
202300014283,2,6,2023,2025-12-05 12:00:00,1,92,92044,2,4,1,2,Pdt Wilson(Rue) 2A24 Et 1A21,48.89061272,2.29173392
202300014284,12,6,2023,2025-12-05 23:30:00,3,69,69271,1,1,1,2,Rocade Est,45.72836,4.97676
202300014285,7,7,2023,2025-12-05 10:28:00,1,92,92047,1,1,1,6,A13,48.83488984,2.17313111
202300014286,12,8,2023,2025-12-05 09:10:00,1,988,98818,2,3,1,3,Rue De Metz/Route De L'Anse Vata,-22.2771,166.44781
202300014287,1,6,2023,2025-12-05 16:45:00,1,92,92036,1,1,1,1,Gabriel Peri (Avenue) (147/177),48.92422,2.29457
202300014288,2,6,2023,2025-12-05 10:11:00,1,92,92012,2,1,1,7,Andre Morizet (Avenue) - 49/Fin - 54/Fin,48.83699462,2.23630518
202300014289,11,8,2023,2025-12-05 18:07:00,2,974,97411,2,9,8,7,Riviere Des Pluies (Route De La),-20.90249,55.50279
202300014290,19,11,2023,2025-12-05 20:15:00,5,30,30351,2,9,1,3,Jacob,43.975125,4.782559
202300014291,6,7,2023,2025-12-05 23:55:00,5,92,92076,1,1,1,3,A13,48.83169441,2.14920613
202300014292,3,6,2023,2025-12-05 01:10:00,3,14,14710,1,1,1,6,Route Des Veines,48.897972,-0.344537
202300014293,15,11,2023,2025-12-05 07:15:00,1,973,97302,2,1,1,6,Mere Theresa (Rue),4.92553476,-52.31280541
202300014294,11,8,2023,2025-12-05 08:00:00,1,974,97407,1,9,1,3,Route Du Sacre Coeur,-20.95364,55.30819
202300014295,7,7,2023,2025-12-05 18:45:00,1,92,92078,1,1,1,3,Autoroute A86,48.9311293,2.32352796
202300014296,15,11,2023,2025-12-05 09:28:00,1,973,97302,2,1,2,2,Eboue (Rocade Felix),4.92733,-52.3195
202300014297,1,6,2023,2025-12-05 15:15:00,1,62,62492,1,1,1,7,D108,50.46384,1.984096
202300014298,15,11,2023,2025-12-05 08:10:00,1,973,97302,2,1,1,7,Baduel (Rond Point De),4.93334176,-52.30968547
202300014299,7,7,2023,2025-12-05 18:30:00,1,93,93027,1,1,1,3,Autoroute A1,48.93386,2.38603
202300014300,10,8,2023,2025-12-05 21:50:00,3,972,97213,1,1,1,6,Route Nationale 1,14.62498,-60.9841
202300014301,20,11,2023,2025-12-05 16:55:00,2,69,69388,2,2,1,3,Rue Des Serpollieres,45.732,4.864
202300014302,11,8,2023,2025-12-05 22:25:00,5,69,69389,2,4,1,3,107 Rue Marietton,45.77589,4.79544
202300014303,20,11,2023,2025-12-05 00:30:00,5,69,69388,2,3,1,6,Rue De Narvik,45.72928,4.88517
202300014304,7,7,2023,2025-12-05 07:20:00,1,95,95018,1,1,1,4,A15,48.95758,2.27564
202300014305,3,6,2023,2025-12-05 01:50:00,3,66,66137,1,1,1,5,Adresse_Inconnue,42.471653,2.863183
202300014306,20,11,2023,2025-12-05 14:15:00,1,69,69034,2,1,1,6,74 Avenue General De Gaulle,45.808,4.85613
202300014307,11,8,2023,2025-12-05 12:00:00,1,69,69202,1,3,1,2,112 Route De La Liberation,45.72293885,4.78023247
202300014308,6,7,2023,2025-12-05 22:35:00,3,93,93006,1,1,1,3,Autoroute A3,48.86575,2.42124
202300014309,6,7,2023,2025-12-05 14:30:00,1,95,95500,1,1,1,7,A15,49.03831,2.087934
202300014310,2,6,2023,2025-12-05 18:15:00,1,67,67317,2,3,1,6,31 Rue Principale,48.305995,7.339709
202300014311,20,11,2023,2025-12-05 16:40:00,1,2A,2A004,2,2,1,3,Napoleon Cours Avant Beverini,41.92108,8.73734
202300014312,11,8,2023,2025-12-05 08:40:00,1,69,69149,2,2,1,3,133 Avenue De L'Aqueduc De Beaunant,45.72437,4.78063
202300014313,2,6,2023,2025-12-05 12:10:00,1,974,97412,1,1,2,6,Rue Jean De Cambiaire,-21.35956763,55.5965656
202300014314,6,7,2023,2025-12-05 05:15:00,1,93,93066,1,1,1,6,Autoroute A1,48.92705786,2.35713065
202300014315,17,3,2023,2025-12-05 12:23:00,1,75,75107,2,2,1,2,Rue De Grenelle,48.852722,2.329378
202300014316,2,6,2023,2025-12-05 16:35:00,1,57,57428,1,1,1,6,D603,49.11205,6.752048
202300014317,20,11,2023,2025-12-05 18:30:00,5,95,95369,2,9,2,6,18 Juin (Avenue Du),49.00361,2.28831
202300014318,5,7,2023,2025-12-05 02:00:00,3,93,93064,1,1,2,2,Autoroute A86,48.88086587,2.4751941
202300014319,10,8,2023,2025-12-05 20:45:00,5,971,97107,2,1,1,6,Germain St Ruf (Avenue ),16.0517421,-61.56226516
202300014320,17,3,2023,2025-12-05 15:45:00,1,94,94068,2,2,1,3,Boulevard De Champigny,48.809513,2.509715
202300014321,2,6,2023,2025-12-05 18:10:00,1,83,83116,1,1,1,1,D560,43.434621,5.853395
202300014322,7,7,2023,2025-12-05 17:55:00,1,77,77169,1,1,1,3,Rn104,48.815808,2.623204
202300014323,11,8,2023,2025-12-05 11:16:00,1,2A,2A004,1,1,1,2,T20,41.94141,8.80752
202300014324,20,11,2023,2025-12-05 18:20:00,5,91,91477,2,4,2,6,Jean Jacques Rousseau (Rue),48.71567,2.25563
202300014325,3,6,2023,2025-12-05 00:50:00,3,35,35173,1,1,1,6,Lieu Dit La Garbotais,48.216645,-1.731538
202300014326,16,3,2023,2025-12-05 16:55:00,1,94,94068,2,1,1,6,Avenue Foch,48.79807,2.50244
202300014327,11,8,2023,2025-12-05 10:50:00,1,91,91223,1,1,1,3,R.D.721,48.42991,2.1842
202300014328,14,6,2023,2025-12-05 10:30:00,1,77,77363,1,1,1,6,Rn104,48.91469805,2.63429878
202300014329,19,11,2023,2025-12-05 21:50:00,5,88,88209,2,2,3,3,Moselle (Rue De La),48.19374,6.44322
202300014330,2,6,2023,2025-12-05 13:50:00,1,56,56186,2,1,1,7,64 Avenue Des Druides,47.489157,-3.113591
202300014331,11,3,2023,2025-12-05 09:05:00,1,94,94015,2,9,1,6,Rue Leon Menu,48.839703,2.538924
202300014332,10,8,2023,2025-12-05 19:40:00,1,87,87085,2,1,1,7,Broglie (Avenue Louis De),45.88195,1.28927
202300014333,7,7,2023,2025-12-05 00:20:00,5,974,97411,2,1,1,6,Mace (Route Gabriel),-20.91337,55.49711
202300014334,17,11,2023,2025-12-05 18:20:00,5,87,87114,2,1,2,7,Puy-La-Rue (Allee De),45.84298,1.3201
202300014335,19,11,2023,2025-12-05 12:17:00,1,87,87085,2,3,2,6,Fontainebleau (Rue De),45.84346,1.25646
202300014336,6,7,2023,2025-12-05 22:00:00,5,974,97411,2,9,1,2,Jaures (Bld 2 Jean),-20.8955,55.4731
202300014337,10,8,2023,2025-12-05 11:20:00,1,87,87085,1,1,1,7,Gordini ( Rue Amedee),45.89314,1.28018
202300014338,16,3,2023,2025-12-05 07:50:00,1,94,94028,2,3,1,3,Route De Choisy,48.78852,2.45135
202300014339,2,6,2023,2025-12-05 19:00:00,1,76,76046,1,2,1,2,Rd13,49.440017,1.294456
202300014340,6,7,2023,2025-12-05 07:45:00,1,974,97411,2,1,1,2,Mazagran (Rue),-20.8894,55.45508
202300014341,11,8,2023,2025-12-05 01:38:00,3,86,86066,2,1,1,2,Chemin Du Roc,46.82339,0.54959
202300014342,18,11,2023,2025-12-05 16:19:00,1,87,87085,2,1,1,3,Valin (Avenue Du General Martial),45.809609,1.27578
202300014343,30,5,2023,2025-12-05 19:20:00,1,2A,2A362,2,9,7,2,T10,41.698908,9.345798
202300014344,17,3,2023,2025-12-05 07:11:00,1,94,94022,2,3,1,6,Rue Christophe Colomb / Rue Vasco De Gama,48.75259807,2.41638078
202300014345,2,7,2023,2025-12-05 00:50:00,4,974,97411,1,1,1,6,Saint-Francois (Boulevard),-20.89928333,55.46033621
202300014346,19,11,2023,2025-12-05 12:15:00,1,87,87114,2,1,2,1,Liberation (Avenue De La),45.8251,1.29036
202300014347,2,6,2023,2025-12-05 14:05:00,1,12,12128,1,4,3,3,D39,44.251377,2.15385926
202300014348,17,3,2023,2025-12-05 08:40:00,1,94,94068,2,1,1,6,Avenue De La Republique,48.80003694,2.48593917
202300014349,11,8,2023,2025-12-05 09:20:00,1,78,78372,2,3,1,6,Amiral Lemonnier (Avenue De L'),48.8786,2.09969
202300014350,17,11,2023,2025-12-05 12:08:00,1,87,87085,2,1,2,3,Toulouse (Rue De),45.81471,1.27808
202300014351,5,7,2023,2025-12-05 22:10:00,5,974,97407,2,2,1,3,Lille (Rue),-20.93796,55.29495
202300014352,2,6,2023,2025-12-05 23:30:00,4,47,47280,2,1,1,3,Rue Du Pont,44.395328,0.807109
202300014353,6,7,2023,2025-12-05 04:10:00,3,973,97302,1,1,8,6,Route Nationale 1,4.90321,-52.32417
202300014354,17,3,2023,2025-12-05 08:00:00,1,94,94070,2,2,1,3,Route De Paris,48.71994695,2.56636092
202300014355,2,6,2023,2025-12-05 18:20:00,1,25,25299,1,1,1,6,Rd 21,47.320287,6.388164
202300014356,10,8,2023,2025-12-05 19:34:00,1,77,77487,1,3,1,3,D 605,48.53637,2.7034
202300014357,18,11,2023,2025-12-05 19:13:00,5,84,84007,2,6,1,2,Pierre Semard (Avenue),43.93938,4.82119
202300014358,17,3,2023,2025-12-05 16:18:00,1,93,93073,2,3,1,6,Route De Roissy / Rue Des Fosses,48.97795,2.55645
202300014359,6,7,2023,2025-12-05 10:35:00,1,69,69386,2,4,1,6,Boulevard Des Belges,45.76976,4.85726
202300014360,2,6,2023,2025-12-05 19:00:00,1,44,44188,1,3,1,3,1Bis Le Maupas,47.009816,-1.65363
202300014361,18,11,2023,2025-12-05 18:09:00,2,30,30351,2,2,1,6,Verdun Avenue De,43.96793,4.79865
202300014362,6,7,2023,2025-12-05 08:40:00,1,972,97209,1,1,1,6,Soleil Levant (Boulevard Du),14.620014,-61.0390265
202300014363,11,8,2023,2025-12-05 14:45:00,1,77,77243,2,3,1,3,General Leclerc  (Avenue Du),48.87657,2.69953
202300014364,25,5,2023,2025-12-05 15:45:00,1,29,29106,1,1,1,6,D770,48.08849436,-4.07566488
202300014365,17,3,2023,2025-12-05 11:15:00,1,93,93070,2,1,1,6,Rue Ardoin,48.911708,2.325141
202300014366,6,7,2023,2025-12-05 19:45:00,1,69,69389,2,3,1,6,Montee De Balmont,45.78245,4.79697
202300014367,2,11,2023,2025-12-05 19:50:00,5,80,80001,2,6,3,6,General Leclerc (Du),50.106597,1.84544
202300014368,10,8,2023,2025-12-05 17:30:00,1,76,76351,2,2,1,6,Louis Brindeau,49.49134,0.10528
202300014369,17,3,2023,2025-12-05 09:30:00,1,93,93066,2,1,1,2,Avenue Lenine,48.942498,2.364629
202300014370,3,6,2023,2025-12-05 11:45:00,1,38,38559,1,4,1,6,Route De Varacieux,45.226657,5.371849
202300014371,11,8,2023,2025-12-05 10:00:00,1,71,71270,2,1,1,6,Lyon (Route De),46.28492,4.80731
202300014372,17,3,2023,2025-12-05 09:20:00,1,93,93077,2,1,1,3,30 Allee De La Tour,48.89672,2.50447
202300014373,9,8,2023,2025-12-05 14:25:00,1,71,71270,2,1,1,7,Liberte (Boulevard De La),46.30377,4.81994
202300014374,20,11,2023,2025-12-05 12:50:00,1,76,76575,2,1,8,6,Avenue Des Canadiens,49.401379,1.064717
202300014375,2,6,2023,2025-12-05 17:45:00,1,1,1323,1,2,1,3,Chemin Des Chapelles,46.41839,4.91738
202300014376,6,7,2023,2025-12-05 12:25:00,1,2B,2B120,2,1,1,6,11 - Rt,42.65491,9.44115
202300014377,17,3,2023,2025-12-05 18:35:00,1,93,93032,2,1,2,1,Avenue Des Marronniers,48.87215197,2.55930215
202300014378,11,8,2023,2025-12-05 17:30:00,1,69,69266,2,3,1,3,Rue Dedieu,45.76959,4.8699
202300014379,2,6,2023,2025-12-05 14:45:00,1,1,1130,2,1,1,7,260 Chemin De Balvay,46.313148,5.195361
202300014380,19,11,2023,2025-12-05 19:15:00,5,76,76540,2,3,1,3,Boulevard De L'Yser,49.44774,1.10208
202300014381,5,7,2023,2025-12-05 16:50:00,1,971,97101,1,3,1,3,Perrin,16.29367,-61.51119
202300014382,17,3,2023,2025-12-05 21:45:00,5,93,93029,2,1,1,6,Rue Fernand Pena,48.91526101,2.43200451
202300014383,11,8,2023,2025-12-05 00:45:00,3,69,69275,2,6,1,6,Chemin Des Pepinieres,45.78295,4.95388
202300014384,6,7,2023,2025-12-05 08:00:00,1,2A,2A004,2,1,1,6,Sebastianu Costa Bd,41.941765,8.748614
202300014385,17,3,2023,2025-12-05 22:15:00,5,93,93008,2,9,2,3,Rue De Paris,48.90196515,2.46003896
202300014386,19,11,2023,2025-12-05 07:10:00,5,76,76351,2,1,1,2,Graville (Bd De),49.49048,0.14934
202300014387,5,7,2023,2025-12-05 12:00:00,1,95,95427,2,1,1,6,Jean Mermoz (Rue),48.97411,2.34014
202300014388,3,6,2023,2025-12-05 01:40:00,3,58,58223,1,1,1,3,Grandchamp,47.041612,3.571281
202300014389,11,8,2023,2025-12-05 03:00:00,5,69,69199,2,1,1,1,Place Georges Girardet,45.70562807,4.85322862
202300014390,16,3,2023,2025-12-05 18:00:00,1,92,92050,2,1,1,6,Clemenceau Georges Avenue Ndeg Pair,48.8853339,2.22361028
202300014391,6,7,2023,2025-12-05 11:30:00,1,95,95510,1,1,1,6,N14,49.05835025,2.00296909
202300014392,17,3,2023,2025-12-05 15:45:00,1,92,92049,2,1,1,7,Gambetta Avenue Leon Ndeg Impairs,48.81434236,2.3210831
202300014393,10,8,2023,2025-12-05 14:58:00,1,68,68224,2,1,1,3,Wallach (Boulevard Alfred),47.74007,7.34143
202300014394,20,11,2023,2025-12-05 08:48:00,1,74,74281,1,1,1,4,Contournement,46.36166,6.49074
202300014395,17,3,2023,2025-12-05 15:55:00,1,92,92040,2,1,1,2,Gambetta (Boulevard),48.82731,2.27786
202300014396,3,6,2023,2025-12-05 07:40:00,1,14,14371,1,1,1,7,2780 Route De Saint-Pierre-En-Auge,48.993777,0.11838
202300014397,7,8,2023,2025-12-05 19:42:00,1,68,68066,2,9,1,1,Mulhouse (Rue De),48.07066,7.3411
202300014398,16,3,2023,2025-12-05 12:08:00,1,92,92036,2,1,1,6,Industrie (Rue Del'),48.932049,2.310725
202300014399,19,11,2023,2025-12-05 16:04:00,1,72,72181,2,9,1,3,Robert Jarry (Bd),47.998,0.189
202300014400,5,7,2023,2025-12-05 19:10:00,1,87,87050,2,1,1,2,Buxerolles (Route De),45.87684,1.24366
202300014401,11,8,2023,2025-12-05 13:30:00,1,67,67482,2,1,1,2,Rhin (Avenue Du),48.57271,7.75994
202300014402,1,6,2023,2025-12-05 16:40:00,1,14,14456,1,3,1,1,Route Des Pedouze,49.122192,-0.131487
202300014403,6,7,2023,2025-12-05 17:10:00,1,85,85191,2,1,1,2,Aquitaine Avenue Alienor D' (Secteur 310,46.68675,-1.42996
202300014404,15,3,2023,2025-12-05 21:10:00,5,92,92025,2,3,1,3,General Leclerc (Place Du),48.922682,2.252581
202300014405,20,11,2023,2025-12-05 09:35:00,2,69,69271,2,1,5,3,72 Avenue Du Progres,45.72996423,4.96370385
202300014406,11,8,2023,2025-12-05 14:55:00,1,67,67180,2,9,1,3,Depute Hallez (Chemin Du),48.79633,7.77023
202300014407,17,3,2023,2025-12-05 23:25:00,5,92,92024,2,3,2,7,Georges Courteline (Rue),48.904657,2.30963141
202300014408,9,8,2023,2025-12-05 08:40:00,1,64,64445,2,1,1,3,Catherine De Bourbon,43.32499,-0.35727
202300014409,6,7,2023,2025-12-05 22:30:00,5,83,83137,2,1,8,5,Leclerc (Ave General),43.1257,5.92832
202300014410,2,6,2023,2025-12-05 17:10:00,1,50,50074,1,4,1,3,Rue Des Pelerins,48.726345,-1.192167
202300014411,17,3,2023,2025-12-05 10:25:00,1,92,92012,2,1,1,1,Point Du Jour (Quai Du),48.8316,2.25824
202300014412,20,11,2023,2025-12-05 10:15:00,1,64,64445,2,2,1,3,Alsace Lorraine D',43.3055,-0.37455
202300014413,11,8,2023,2025-12-05 15:15:00,1,64,64102,2,1,1,2,Plantoun (Avenue),43.49502,-1.45746
202300014414,17,3,2023,2025-12-05 19:40:00,5,92,92002,2,6,3,3,Adolphe Pajeaud (Rue),48.741586,2.28433415
202300014415,1,7,2023,2025-12-05 02:38:00,3,83,83098,1,1,1,6,Plaines (Chemin Des),43.113991,6.036872
202300014416,2,6,2023,2025-12-05 19:00:00,1,90,90065,1,1,1,7,Route Du Ballon D?Alsace,47.798368,6.839397
202300014417,19,11,2023,2025-12-05 14:55:00,1,64,64269,2,6,7,7,D817,43.30786,-0.30769
202300014418,17,3,2023,2025-12-05 12:45:00,1,24,24463,1,1,1,1,Lieu Dit Les  Fourches,45.347093,1.085908
202300014419,31,7,2023,2025-12-05 22:33:00,5,63,63014,2,2,1,4,Margeride (Avenue De La),45.75973,3.12294
202300014420,1,6,2023,2025-12-05 07:40:00,1,60,60044,2,1,1,6,Rue Du General Leclerc,49.300669,2.332385
202300014421,3,6,2023,2025-12-05 23:25:00,5,83,83069,2,1,1,7,Gambetta (Avenue),43.11803021,6.12859172
202300014422,18,11,2023,2025-12-05 18:15:00,3,64,64125,2,9,1,2,Biarritz (Avenue De),43.4539,-1.57371
202300014423,22,2,2023,2025-12-05 19:00:00,3,95,95313,1,1,2,3,A16,49.11835546,2.25256335
202300014424,11,8,2023,2025-12-05 08:35:00,1,63,63113,2,2,1,6,Jean Bapt Dumas / Blanzat,45.78714535,3.08465034
202300014425,11,8,2023,2025-12-05 09:10:00,1,60,60057,2,9,1,3,Adresse_Inconnue,49.4421777,2.09380209
202300014426,20,11,2023,2025-12-05 12:25:00,1,64,64024,2,1,2,3,Plages (Boulevard Des),43.5088,-1.53137
202300014427,16,3,2023,2025-12-05 07:40:00,2,37,37188,1,6,1,3,D109,47.062025,0.559831
202300014428,3,6,2023,2025-12-05 07:14:00,1,45,45195,2,4,1,3,1 Route D'Athouas,48.104537,2.188092
202300014429,4,7,2023,2025-12-05 16:10:00,1,78,78361,1,1,1,1,Rue Nationale,48.997495,1.668901
202300014430,9,3,2023,2025-12-05 11:44:00,1,86,86153,2,1,1,7,Route De Bouresse,46.404827,0.695781
202300014431,11,8,2023,2025-12-05 08:12:00,1,59,59350,2,3,1,6,Saint Sebastien Rue,50.64731316,3.05984025
202300014432,18,3,2023,2025-12-05 10:00:00,1,38,38199,1,1,1,6,Route De Berardier,45.507482,4.921092
202300014433,20,11,2023,2025-12-05 09:20:00,1,62,62895,1,1,1,4,D165,50.48758,2.86511
202300014434,10,8,2023,2025-12-05 08:40:00,1,56,56121,2,1,1,5,Robelin (Rue),47.74164,-3.38179
202300014435,18,3,2023,2025-12-05 09:55:00,1,95,95487,2,1,7,6,Avenue Jacques Vogt,49.154079,2.270324
202300014436,15,5,2023,2025-12-05 14:00:00,1,73,73255,1,3,1,3,Rue De La Crouze / Rte Des Grands Pres,45.346958,6.303084
202300014437,16,11,2023,2025-12-05 11:50:00,1,62,62427,2,9,2,3,Chemin De Noyelles,50.40106055,2.97791255
202300014438,10,8,2023,2025-12-05 11:15:00,1,54,54578,2,1,1,1,Avenue Paul Muller,48.66684,6.14588
202300014439,18,3,2023,2025-12-05 10:30:00,1,68,68143,2,1,1,6,27 Rue Du General De Gaulle,48.110501,7.42318
202300014440,10,8,2023,2025-12-05 08:40:00,1,54,54184,2,1,1,6,Avenue De Saulxures,48.70546,6.2455
202300014441,6,7,2023,2025-12-05 18:15:00,1,77,77479,1,3,1,3,Che Du Gue De Launay,48.87688405,2.64914598
202300014442,20,11,2023,2025-12-05 08:00:00,1,62,62193,2,1,3,1,Avenue Yervant Toumaniantz,50.95335,1.88857
202300014443,2,6,2023,2025-12-05 21:40:00,1,10,10268,1,9,1,6,D919,48.494455,3.523425
202300014444,14,3,2023,2025-12-05 14:30:00,1,26,26353,1,1,1,7,Autoroute A7 Peage Montelimar-Nord (Embranchement D'Autoroute),44.669454,4.795071
202300014445,11,8,2023,2025-12-05 03:40:00,5,50,50129,2,1,1,6,Lucet (Rue),49.62396,-1.61593
202300014446,18,3,2023,2025-12-05 00:12:00,3,62,62579,1,1,2,6,D35,50.183219,2.669549
202300014447,20,11,2023,2025-12-05 08:00:00,1,61,61001,2,6,1,3,D438,48.43418,0.09402
202300014448,2,6,2023,2025-12-05 17:20:00,1,7,7089,1,1,1,6,175 Chemin Rural De Font Aube,45.306809,4.740381
202300014449,10,8,2023,2025-12-05 12:45:00,1,49,49099,1,1,1,3,Vieille Route Du May,47.09279,-0.84421
202300014450,6,7,2023,2025-12-05 09:45:00,1,76,76540,2,2,1,3,Boulevard De L'Europe,49.42816,1.081
202300014451,18,3,2023,2025-12-05 15:14:00,1,51,51386,1,1,1,7,D375,48.806242,3.53852
202300014452,10,8,2023,2025-12-05 15:35:00,1,49,49353,2,1,1,7,Parmentier,47.452371,-0.514011
202300014453,15,1,2023,2025-12-05 00:50:00,3,78,78291,1,1,2,6,D113,48.964385,1.760044
202300014454,2,6,2023,2025-12-05 18:20:00,1,30,30276,1,1,1,6,Adresse_Inconnue,43.607999,4.193591
202300014455,18,3,2023,2025-12-05 19:45:00,3,79,79277,1,1,1,6,Adresse_Inconnue,47.051485,-0.223042
202300014456,10,8,2023,2025-12-05 13:39:00,1,49,49007,2,1,1,7,Cul D'Anon Chemin,47.47604,-0.51525
202300014457,6,7,2023,2025-12-05 12:05:00,1,74,74012,2,1,1,2,Etrembieres (Route D'),46.18918,6.23298
202300014458,17,3,2023,2025-12-05 11:00:00,1,65,65258,2,1,7,6,Rue Des Resistants,43.113852,0.384371
202300014459,11,8,2023,2025-12-05 21:40:00,2,37,37050,1,1,2,7,Rd 37,47.33083373,0.67848659
202300014460,19,11,2023,2025-12-05 22:39:00,5,59,59512,1,1,2,5,Dunkerque (Quai De),50.7047492,3.16707993
202300014461,3,6,2023,2025-12-05 02:45:00,3,8,8468,1,1,1,6,2 Pre Du Seigneur,49.776927,4.458674
202300014462,18,3,2023,2025-12-05 15:45:00,1,69,69214,1,1,1,6,Route Du Bancillon,46.003788,4.342212
202300014463,1,6,2023,2025-12-05 14:10:00,1,973,97309,2,1,1,6,Route De Montjoly,4.91435018,-52.27418125
202300014464,21,11,2023,2025-12-05 01:10:00,5,59,59350,2,2,1,6,Royale Rue,50.64212,3.05644
202300014465,11,8,2023,2025-12-05 22:15:00,5,37,37261,2,3,1,3,Alouette (Avenue),47.36414,0.7037
202300014466,5,7,2023,2025-12-05 17:55:00,1,74,74012,2,1,1,3,Saleve (Rue Du),46.19252,6.22877