num_acc,jour,mois,an,hrmn,lum,dep,com,agg,int,atm,col,adr,lat,long
202300014467,11,8,2023,2025-12-05 13:45:00,1,37,37261,2,2,1,3,Preuilly (Boulevard),47.39345,0.67191
202300014468,17,3,2023,2025-12-05 21:00:00,3,49,49248,1,1,1,6,La Peuriere,47.760813,-1.202724
202300014469,3,6,2023,2025-12-05 04:50:00,3,1,1049,1,1,1,6,Autoroute A42,45.8354,5.034758
202300014470,6,7,2023,2025-12-05 14:10:00,1,69,69259,2,1,1,1,Allee Des Savoies,45.7172,4.85963
202300014471,17,11,2023,2025-12-05 15:15:00,1,59,59509,2,1,8,4,Martyrs De La Resistance (Avenue Des),50.41485,3.10766
202300014472,11,8,2023,2025-12-05 18:30:00,1,33,33063,2,1,1,2,Quai Des Chartrons,44.85246,-0.56766
202300014473,11,8,2023,2025-12-05 12:15:00,1,33,33529,1,1,1,3,Rd 1250 (Oustalet - Bonneval),44.61835,-1.12618
202300014474,17,3,2023,2025-12-05 16:46:00,1,49,49183,2,1,2,6,2 Rue Du Genet,47.510553,-0.983344
202300014475,2,6,2023,2025-12-05 19:15:00,1,68,68278,2,1,1,3,57 Rue De Habsheim,47.744792,7.412258
202300014476,5,7,2023,2025-12-05 12:15:00,1,69,69259,2,9,1,6,Boulevard Irene Joliot Curie,45.711,4.88253
202300014477,18,11,2023,2025-12-05 04:55:00,4,59,59122,2,2,2,3,Paris (Avenue De),50.16789,3.2299
202300014478,11,8,2023,2025-12-05 19:30:00,1,31,31555,2,6,1,3,Av Lucien Baroux,43.58937,1.47881
202300014479,17,3,2023,2025-12-05 16:22:00,1,44,44142,1,2,2,6,18 Chez Genicot,47.036179,-1.417349
202300014480,20,11,2023,2025-12-05 05:50:00,5,51,51454,2,1,1,7,Bois D'Amour (Rue Du),49.25796,4.00554
202300014481,6,7,2023,2025-12-05 08:30:00,1,67,67447,2,1,1,6,Hausbergen (Route De),48.60733,7.72273
202300014482,3,6,2023,2025-12-05 11:40:00,1,37,37185,2,6,1,6,D1,47.442892,0.994764
202300014483,10,8,2023,2025-12-05 00:30:00,5,31,31555,2,1,1,6,Boulingrin,43.595,1.45194
202300014484,18,3,2023,2025-12-05 10:30:00,1,38,38261,2,1,1,6,Grande Rue,45.677176,5.469665
202300014485,20,11,2023,2025-12-05 17:29:00,2,51,51230,2,1,8,6,Huit Mai 1945 (Avenue Du),49.029727,3.953556
202300014486,2,6,2023,2025-12-05 21:35:00,1,77,77420,1,1,1,6,D41,49.04050768,2.71581478
202300014487,11,8,2023,2025-12-05 11:00:00,1,13,13054,2,1,1,1,Antoine De Saint Exupery (Rue ),43.41701,5.21883
202300014488,5,7,2023,2025-12-05 17:30:00,1,67,67180,1,1,1,1,Rd263,48.88467,7.82755
202300014489,18,3,2023,2025-12-05 12:30:00,1,15,15202,1,1,1,1,D922,45.12355,2.41269
202300014490,18,11,2023,2025-12-05 18:15:00,1,50,50129,2,9,2,6,Industries (Rue Des),49.63286,-1.58835
202300014491,2,6,2023,2025-12-05 02:20:00,3,95,95212,1,1,1,7,D165,49.036468,2.564127
202300014492,4,7,2023,2025-12-05 17:00:00,1,66,66136,2,3,1,6,Boulevard Georges Clemenceau,42.70082,2.89169
202300014493,11,8,2023,2025-12-05 19:47:00,1,13,13216,2,1,1,3,Fenouil (Boulevard),43.35805,5.32082
202300014494,20,11,2023,2025-12-05 17:25:00,1,49,49007,1,1,2,2,Rd 323,47.46899,-0.58739
202300014495,16,3,2023,2025-12-05 14:00:00,1,1,1263,2,3,1,3,Avenue Du Marquet,46.08062631,4.76908967
202300014496,22,12,2023,2025-12-05 18:28:00,5,56,56083,2,1,1,7,Pompidou ( Avenue Georges ),47.80253,-3.26526
202300014497,2,6,2023,2025-12-05 13:15:00,1,91,91338,2,1,1,2,Rue Du Couvent,48.64383,2.075531
202300014498,11,8,2023,2025-12-05 19:45:00,1,13,13208,2,1,1,6,Montredon (Avenue De),43.24138772,5.36843039
202300014499,20,11,2023,2025-12-05 17:00:00,1,49,49015,2,1,1,3,De Gaulle Avenue Du General,47.503,-0.59192
202300014500,6,7,2023,2025-12-05 11:01:00,1,63,63075,2,4,1,6,Royat (Avenue De),45.77572765,3.06715965
202300014501,18,3,2023,2025-12-05 04:45:00,3,26,26165,2,1,1,2,Route De Fiancey,44.80618523,4.8554155
202300014502,26,12,2023,2025-12-05 14:30:00,1,54,54575,1,1,8,6,D26B,49.48041,5.85916
202300014503,8,6,2023,2025-12-05 15:20:00,1,62,62193,2,1,1,6,Rue De Tunis,50.94483,1.82953
202300014504,20,11,2023,2025-12-05 15:44:00,1,49,49353,2,6,1,7,Jean Jaures Rue,47.44063,-0.48947
202300014505,29,5,2023,2025-12-05 09:55:00,1,34,34154,1,3,1,2,3 Chemin Du Bosc Viel,43.603986,3.998348
202300014506,20,2,2023,2025-12-05 17:24:00,1,6,6079,2,1,1,3,325 Avenue Janvier Passero,43.549482,6.938412
202300014507,5,7,2023,2025-12-05 11:15:00,1,54,54395,2,1,1,2,Rue De Villers,48.6844418,6.16604984
202300014508,2,6,2023,2025-12-05 16:50:00,1,34,34057,1,1,1,1,Rm65,43.643265,3.896059
202300014509,21,12,2023,2025-12-05 16:00:00,1,49,49007,2,1,8,3,Ayrault,47.47723,-0.55334
202300014510,20,11,2023,2025-12-05 13:30:00,1,49,49007,2,6,1,3,Boquel,47.48538,-0.55372
202300014511,5,7,2023,2025-12-05 17:45:00,1,54,54280,2,9,1,6,Rue D'Arly,49.22555,6.01642
202300014512,21,12,2023,2025-12-05 16:45:00,1,44,44109,2,1,1,7,4 Boulevard Guy Mollet,47.24592,-1.55531
202300014513,18,11,2023,2025-12-05 23:35:00,3,45,45338,1,1,2,6,39 Rue De La Surandiere,47.98078,2.68669
202300014514,2,6,2023,2025-12-05 20:50:00,2,6,6157,2,3,1,3,Place Antony Mars 06140,43.721913,7.114423
202300014515,17,3,2023,2025-12-05 19:05:00,5,45,45059,2,1,2,1,D2157 Pr 11 + 11,47.934754,1.763467
202300014516,19,11,2023,2025-12-05 01:07:00,3,45,45068,2,1,2,6,2 Rue Nelson Mandela,48.01318,2.72875
202300014517,17,3,2023,2025-12-05 22:45:00,3,18,18073,1,1,5,7,Adresse_Inconnue,46.897347,2.295509
202300014518,26,12,2023,2025-12-05 21:18:00,5,37,37233,2,1,1,3,Motte (Rue De La),47.38610351,0.76058328
202300014519,20,11,2023,2025-12-05 17:20:00,2,41,41269,2,1,1,3,Tuilerie (Rue De La),47.79048,1.07342
202300014520,18,3,2023,2025-12-05 08:30:00,1,10,10351,1,1,1,3,Rue Du Poncelat,48.431279,3.680377
202300014521,23,12,2023,2025-12-05 05:35:00,3,34,34032,1,1,1,1,Route De Bedarieux (Rd.909),43.38177,3.2227
202300014522,18,3,2023,2025-12-05 04:15:00,3,10,10106,1,1,1,7,D951,48.45965094,3.41335982
202300014523,17,11,2023,2025-12-05 14:07:00,1,41,41018,2,1,1,6,Chailles (Levee De),47.57428,1.32344
202300014524,5,7,2023,2025-12-05 13:30:00,1,52,52448,2,1,1,6,Frachon (Avenue Benoit),48.64425,4.95939
202300014525,3,6,2023,2025-12-05 09:05:00,1,13,13100,1,1,1,3,"D99, Pk 21+305",43.79602,4.803793
202300014526,22,12,2023,2025-12-05 19:30:00,3,34,34032,2,1,1,7,Lazare Joseph (Av),43.333746,3.223159
202300014527,18,3,2023,2025-12-05 14:30:00,1,7,7296,1,2,1,3,Avenue De L'Espinasse,44.581233,4.391876
202300014528,16,6,2023,2025-12-05 20:50:00,1,49,49099,1,2,1,3,Lieu Dit La Savardiere,47.08996,-0.84231
202300014529,20,11,2023,2025-12-05 13:46:00,1,40,40281,1,1,1,5,Rocade Sud (Rd 824),43.8665,-0.50963
202300014530,3,6,2023,2025-12-05 05:30:00,2,25,25198,2,1,1,6,42 Grande Rue,47.536069,6.67715
202300014531,20,11,2023,2025-12-05 14:00:00,1,38,38185,2,9,1,6,Reynoard (Av. M.),45.16402,5.72878
202300014532,28,12,2023,2025-12-05 07:00:00,5,29,29019,2,6,1,3,Rue Amiral Romain-Desfosses,48.426067,-4.477547
202300014533,3,6,2023,2025-12-05 09:30:00,1,71,71275,2,1,1,3,8 Rue De La Chenale,46.275512,4.041938
202300014534,17,3,2023,2025-12-05 21:38:00,3,17,17366,1,1,1,6,Route De Chamadelle D260,45.121302,-0.090015
202300014535,5,7,2023,2025-12-05 19:00:00,1,49,49007,2,1,1,3,Bergson,47.44515,-0.56237
202300014536,20,11,2023,2025-12-05 07:35:00,1,37,37261,2,1,1,6,Marechal Juin (Bd),47.41224,0.70295
202300014537,17,3,2023,2025-12-05 21:00:00,5,87,87105,2,1,1,6,Rue Du Stade,45.724649,1.6144
202300014538,2,6,2023,2025-12-05 19:54:00,1,21,21390,2,6,1,1,D974,47.27928635,5.0070185
202300014539,5,7,2023,2025-12-05 12:30:00,1,49,49007,2,2,1,3,Ayrault,47.47737,-0.55323
202300014540,27,12,2023,2025-12-05 00:35:00,5,15,15014,2,1,1,6,Avenue Du 4 Septembre,44.922564,2.434894
202300014541,2,6,2023,2025-12-05 09:20:00,1,68,68063,1,6,1,3,D1066,47.795355,7.158596
202300014542,20,11,2023,2025-12-05 17:30:00,3,35,35238,1,1,2,4,N136,48.11161,-1.71847
202300014543,17,3,2023,2025-12-05 16:30:00,1,37,37204,1,2,2,3,D48,47.538282,0.631456
202300014544,6,7,2023,2025-12-05 08:00:00,1,47,47001,2,3,1,3,Jaures (Av. Jean),44.19499,0.6425
202300014545,3,6,2023,2025-12-05 12:50:00,1,54,54318,2,1,1,7,Avenue Eugene Lerebourg,48.752829,6.06146
202300014546,26,12,2023,2025-12-05 15:50:00,2,13,13054,2,2,1,3,Signore (Bd De La ),43.4211,5.20777
202300014547,20,11,2023,2025-12-05 16:05:00,1,35,35238,2,3,8,3,Armorique (Bd D'),48.13061,-1.67641
202300014548,14,3,2023,2025-12-05 12:05:00,1,88,88516,2,4,1,3,Rue De La Voivre,48.203368,5.96468
202300014549,6,7,2023,2025-12-05 18:50:00,1,45,45234,2,8,1,1,Pont George V,47.89634,1.90437
202300014550,3,6,2023,2025-12-05 10:10:00,1,1,1249,1,3,1,7,Route Du Mas Rillier,45.846159,4.935935
202300014551,20,11,2023,2025-12-05 23:40:00,3,33,33063,2,1,2,1,Bretelle De Sortie A630 E4 Via Cours Charles Bricaud,44.8859,-0.5612
202300014552,25,12,2023,2025-12-05 16:05:00,2,13,13210,2,1,7,6,Paul Claudel (Boulevard),43.26819,5.41863
202300014553,6,7,2023,2025-12-05 13:12:00,1,45,45004,2,1,1,6,D2107 Pr 2 + 10,47.97600637,2.73334446
202300014554,17,3,2023,2025-12-05 08:35:00,1,987,98745,2,1,1,1,Pk 0.9 Cote Montagne - Rc Ouest - Secteur Patio,-16.62,-151.496
202300014555,20,11,2023,2025-12-05 17:42:00,5,32,32013,2,1,2,3,Francois Mitterand (Rue),43.65961,0.58933
202300014556,22,12,2023,2025-12-05 18:35:00,5,11,11262,2,1,1,3,12 Boulevard Gambetta,43.18241,3.00728
202300014557,16,3,2023,2025-12-05 18:40:00,5,987,98745,2,1,1,2,Patio Devant Creperie De Tahaa (Magasin Ronald),-16.62,-151.496
202300014558,5,7,2023,2025-12-05 19:00:00,1,43,43041,2,1,1,2,9 Cote De Tireboeuf,45.04959376,3.90612792
202300014559,3,6,2023,2025-12-05 11:30:00,1,14,14680,1,1,1,1,4 Route Des Hauts Vents,49.298683,-0.735767
202300014560,17,3,2023,2025-12-05 23:15:00,3,67,67506,1,1,1,6,Autoroute A4 - Pk 472.800 A Pk 472.900- Sens De Circulation Paris Vers Strasbourg,48.678228,7.734096
202300014561,20,11,2023,2025-12-05 16:35:00,1,31,31555,2,1,8,6,Che Cassaing,43.6166,1.47295
202300014562,25,12,2023,2025-12-05 16:26:00,1,10,10387,2,2,1,3,Julien Gree (Rue),48.282,4.0908
202300014563,2,6,2023,2025-12-05 15:00:00,1,56,56152,2,4,1,3,Route De Sauzon,47.349204,-3.160694
202300014564,18,3,2023,2025-12-05 10:00:00,1,13,13058,1,1,1,6,D5,43.749676,4.832997
202300014565,6,7,2023,2025-12-05 11:20:00,1,37,37261,2,1,1,2,Stendhal (Avenue),47.36821,0.70884
202300014566,20,11,2023,2025-12-05 09:56:00,1,27,27229,2,1,1,3,Dunant (Rue Henri),49.02881,1.17426
202300014567,2,6,2023,2025-12-05 07:45:00,1,22,22081,2,1,1,7,Rue Des Vergers,48.487017,-2.640865
202300014568,26,12,2023,2025-12-05 05:55:00,5,7,7102,1,6,1,6,Chemin Des Mulets,44.92346,4.85992
202300014569,3,7,2023,2025-12-05 11:30:00,1,35,35288,2,1,1,6,Chateaubriand (Boulevard),48.65899,-1.99418
202300014570,17,3,2023,2025-12-05 22:10:00,3,11,11262,1,9,1,2,Autoroute A9 - Pk 187.000,43.175326,3.031197
202300014571,2,6,2023,2025-12-05 08:20:00,1,35,35194,1,3,1,6,D794,48.1514,-1.25972
202300014572,20,11,2023,2025-12-05 15:47:00,1,17,17291,1,1,1,4,Nationale  Route,46.17374,-1.114883
202300014573,30,6,2023,2025-12-05 00:30:00,3,35,35241,1,1,1,2,Rance (Barrage De La),48.61740165,-2.02786011
202300014574,18,3,2023,2025-12-05 14:50:00,1,13,13021,1,1,1,6,D9,43.343902,5.169743
202300014575,22,12,2023,2025-12-05 02:20:00,3,6,6069,2,1,1,6,Rouquier (Boulevard Emmanuel),43.64246,6.94222
202300014576,1,6,2023,2025-12-05 19:40:00,1,69,69199,1,1,1,2,Route Departementale 383,45.71606,4.84713
202300014577,16,11,2023,2025-12-05 17:27:00,2,16,16102,2,1,2,2,Hugo (Avenue Victor),45.68881399,-0.31583548
202300014578,5,7,2023,2025-12-05 19:40:00,1,34,34172,2,1,1,3,455 Rue De L'Industrie,43.586938,3.883274
202300014579,26,12,2023,2025-12-05 12:20:00,1,4,4070,2,9,1,6,Alpilles (Ch. Des),44.0813889,6.20583
202300014580,18,3,2023,2025-12-05 12:45:00,1,78,78470,1,2,2,3,Rd 176,48.579276,1.818581
202300014581,19,11,2023,2025-12-05 18:40:00,3,13,13071,2,1,1,1,Pourranque ( Chemin De La ),43.41491,5.29784
202300014582,26,12,2023,2025-12-05 12:15:00,1,75,75118,2,1,1,2,Porte De Saint Ouen,48.900701,2.334452
202300014583,20,11,2023,2025-12-05 14:45:00,1,13,13213,2,1,1,2,Frederic Mistral (Avenue),43.3234386,5.45376226
202300014584,17,3,2023,2025-12-05 14:30:00,1,38,38003,1,2,1,3,D519,45.32715,4.875333
202300014585,29,4,2023,2025-12-05 09:15:00,1,38,38336,1,9,8,2,A7   32.870 A 35.680,45.47256,4.83295
202300014586,17,3,2023,2025-12-05 19:40:00,3,61,61433,1,1,1,6,D2 Pr10+480,48.488681,-0.017761
202300014587,20,11,2023,2025-12-05 08:45:00,1,13,13208,2,9,1,6,Pierre Guerre (Rond-Point),43.25,5.38
202300014588,25,12,2023,2025-12-05 17:00:00,1,75,75115,2,1,1,6,Porte Brancion,48.825912,2.298574
202300014589,9,5,2023,2025-12-05 05:29:00,4,69,69266,1,1,1,6,Route Departementale 383,45.76147,4.90973
202300014590,19,11,2023,2025-12-05 09:40:00,1,10,10387,2,1,1,7,Charmilles (Mail Des),48.3009,4.08727
202300014591,1,7,2023,2025-12-05 10:15:00,1,34,34032,2,3,3,1,28 Impasse Anne Frank,43.33643,3.24382
202300014592,18,3,2023,2025-12-05 05:20:00,3,60,60103,1,1,1,6,Route Nationale 31,49.416669,2.239838
202300014593,2,6,2023,2025-12-05 07:27:00,1,33,33063,1,1,1,7,Rocade A 630,44.8846,-0.5612
202300014594,18,11,2023,2025-12-05 17:26:00,5,10,10387,2,1,3,6,Chomedey De Maisonneuve (Ave),48.30685,4.07033
202300014595,25,12,2023,2025-12-05 13:30:00,1,75,75120,2,1,1,2,Porte De Montreuil,48.859033,2.41411
202300014596,17,3,2023,2025-12-05 20:05:00,5,80,80561,2,1,2,6,1 Avenue Paul Doumer,49.647872,2.570672
202300014597,6,7,2023,2025-12-05 09:05:00,1,33,33063,2,3,1,3,Boulevard Alfred Daney,44.875,-0.5542
202300014598,20,11,2023,2025-12-05 08:00:00,1,6,6069,2,1,1,7,Marigarde (Route De La),43.654914,6.938912
202300014599,31,5,2023,2025-12-05 07:55:00,1,33,33013,1,1,1,4,Route Nationale 89,44.86644201,-0.48696846
202300014600,6,7,2023,2025-12-05 10:15:00,1,32,32013,2,1,1,7,Sambre Et Meuse (Avenue),43.64745,0.59764
202300014601,18,3,2023,2025-12-05 11:30:00,1,59,59524,1,3,1,1,M41,50.57229157,2.88567252
202300014602,26,12,2023,2025-12-05 01:20:00,5,75,75119,2,2,1,2,Avenue De Flandre,48.892317,2.379133
202300014603,6,7,2023,2025-12-05 10:16:00,1,29,29232,1,1,1,3,Route De Penvern,48.0309,-4.09832
202300014604,20,11,2023,2025-12-05 09:55:00,1,5,5061,2,3,1,3,Provence (Avenue De),44.525792,6.048391
202300014605,14,3,2023,2025-12-05 16:57:00,1,13,13207,1,1,1,6,Tunnel Joliette Marseille Vers Aubagne,43.2911,5.3659
202300014606,26,12,2023,2025-12-05 19:55:00,5,75,75115,2,2,2,6,Rue Vasco De Gama,48.837881,2.281776
202300014607,20,11,2023,2025-12-05 12:10:00,1,3,3185,2,9,1,1,Avenue Du Canal Du Berry,46.35184,2.59678
202300014608,5,7,2023,2025-12-05 07:12:00,1,29,29039,2,9,1,3,Route De Melgven - Vc 32,47.87777,-3.8492
202300014609,2,6,2023,2025-12-05 17:57:00,1,94,94038,1,1,1,3,A6B,48.77431145,2.34553563
202300014610,16,3,2023,2025-12-05 08:01:00,1,13,13215,1,1,1,5,A7-Sens Lyon Vers Marseille,43.37114,5.36104
202300014611,20,11,2023,2025-12-05 19:50:00,5,75,75118,2,1,1,2,Bd Peripherique Interieur,48.900787,2.338559
202300014612,26,12,2023,2025-12-05 18:10:00,5,75,75114,2,3,2,6,Rue Froidevaux,48.83637,2.326594
202300014613,13,3,2023,2025-12-05 07:25:00,2,59,59586,1,1,1,2,Autoroute A23,50.55511,3.17684
202300014614,2,6,2023,2025-12-05 15:40:00,1,94,94021,1,1,1,3,A6A,48.76761859,2.3442356
202300014615,6,7,2023,2025-12-05 03:55:00,5,29,29019,2,2,1,3,Rue Marcellin Duval,48.41329,-4.48664
202300014616,20,11,2023,2025-12-05 19:00:00,5,75,75118,2,1,2,3,Bd Peripherique Exterieur,48.900869,2.364336
202300014617,26,12,2023,2025-12-05 15:35:00,1,75,75113,2,1,1,3,Quai De La Gare,48.836467,2.374614
202300014618,17,3,2023,2025-12-05 18:00:00,1,94,94037,1,1,2,2,A6A,48.81520826,2.33637682
202300014619,20,11,2023,2025-12-05 18:35:00,5,75,75119,2,1,1,2,Bd Peripherique Exterieur,48.900503,2.384818
202300014620,2,6,2023,2025-12-05 08:57:00,1,91,91216,1,1,1,4,Autoroute A6,48.68545,2.32711
202300014621,6,7,2023,2025-12-05 00:35:00,5,27,27229,2,1,1,6,Vernon (Rue De),49.0244606,1.1680408
202300014622,17,3,2023,2025-12-05 14:40:00,1,77,77251,1,1,1,3,Rn 104,48.63235,2.5296
202300014623,19,11,2023,2025-12-05 18:30:00,5,75,75116,2,1,1,2,Bd Peripherique Interieur Porte D Auphine,48.869784,2.271684
202300014624,26,12,2023,2025-12-05 20:10:00,5,75,75112,2,3,2,6,Avenue De Saint Maurice,48.827465,2.419395
202300014625,17,3,2023,2025-12-05 13:45:00,1,91,91471,1,1,1,3,Rn 118,48.69827,2.19238
202300014626,6,7,2023,2025-12-05 15:25:00,1,17,17415,2,6,7,3,Saintonge Blanc. A Apotres Avenue De,45.740786,-0.626808
202300014627,19,11,2023,2025-12-05 01:15:00,3,75,75120,2,1,8,5,Porte De Bagnolet,48.863283,2.414083
202300014628,16,3,2023,2025-12-05 18:40:00,3,78,78466,1,1,1,3,A13,48.932825,1.973916
202300014629,6,7,2023,2025-12-05 09:00:00,1,17,17306,2,1,1,2,Regazzoni (Avenue Charles),45.63723,-1.03905
202300014630,1,6,2023,2025-12-05 08:10:00,1,92,92050,1,1,1,5,A86,48.91808521,2.22294963
202300014631,26,12,2023,2025-12-05 01:20:00,5,75,75111,2,2,1,5,Rue Sedaine,48.855693,2.371644
202300014632,20,11,2023,2025-12-05 17:45:00,5,75,75105,2,2,2,2,Boulevard Saint Germain,48.849504,2.352877
202300014633,16,3,2023,2025-12-05 18:50:00,2,93,93048,1,1,1,5,Autoroute A86,48.8645,2.48231
202300014634,7,7,2023,2025-12-05 00:30:00,3,17,17200,1,1,1,7,D 105,46.19335,-1.14124
202300014635,2,6,2023,2025-12-05 17:00:00,1,93,93005,1,1,1,3,Autoroute A3,48.94695037,2.47598946
202300014636,26,12,2023,2025-12-05 13:50:00,1,75,75104,2,1,1,6,Voie Georges Pompidou,48.848546,2.362762
202300014637,6,7,2023,2025-12-05 07:30:00,1,17,17300,2,1,1,6,Eglantiers   Rue Des,46.16764,-1.12366
202300014638,20,11,2023,2025-12-05 08:00:00,1,75,75120,2,2,1,6,Rue Des Pyrenees,48.86665,2.397114
202300014639,16,3,2023,2025-12-05 18:15:00,1,95,95241,1,1,1,3,Rn 104,49.0467717,2.45605464
202300014640,2,6,2023,2025-12-05 06:45:00,1,93,93005,1,1,1,2,Autoroute A3,48.96157,2.47377
202300014641,26,12,2023,2025-12-05 19:45:00,5,94,94021,2,8,2,6,Avenue De Stalingrad,48.76843218,2.3678906
202300014642,16,3,2023,2025-12-05 17:00:00,1,95,95572,1,1,1,2,Rn 184,49.0412385,2.12812338
202300014643,20,11,2023,2025-12-05 18:30:00,5,75,75118,2,3,1,2,Boulevard Ney,48.897771,2.333427
202300014644,1,6,2023,2025-12-05 14:45:00,1,93,93066,1,1,1,2,Autoroute A1,48.92005,2.35853
202300014645,16,3,2023,2025-12-05 07:00:00,1,95,95306,1,1,1,2,A15,49.00326696,2.16891228
202300014646,25,12,2023,2025-12-05 22:38:00,5,94,94011,2,9,1,3,Rue Pierre Semard,48.76266428,2.47877428
202300014647,19,11,2023,2025-12-05 21:55:00,5,75,75114,2,9,1,3,Boulevard Brune,48.825083,2.316836
202300014648,15,3,2023,2025-12-05 17:20:00,1,93,93006,1,1,1,3,Autoroute A3,48.86628452,2.41411418
202300014649,1,6,2023,2025-12-05 08:25:00,1,95,95488,1,1,1,2,A15,49.01412222,2.14740336
202300014650,26,12,2023,2025-12-05 18:35:00,5,94,94034,2,1,2,6,Rue Henri Barbusse,48.7561223,2.32239957
202300014651,19,11,2023,2025-12-05 09:45:00,1,75,75112,2,1,1,6,Avenue De Saint Maurice,48.833241,2.420385
202300014652,17,3,2023,2025-12-05 22:40:00,4,94,94042,1,1,2,7,A4,48.82854107,2.47576095
202300014653,1,6,2023,2025-12-05 08:45:00,1,93,93063,1,1,1,2,Autoroute A3,48.87835874,2.44648683
202300014654,20,11,2023,2025-12-05 14:57:00,1,75,75110,2,3,2,6,Boulevard De Magenta,48.871438,2.360324
202300014655,26,12,2023,2025-12-05 15:55:00,1,94,94018,2,2,1,3,Rue De Conflans,48.822354,2.410712
202300014656,1,6,2023,2025-12-05 08:45:00,1,93,93010,1,1,1,3,Autoroute A3,48.90635,2.47223
202300014657,17,3,2023,2025-12-05 21:55:00,5,94,94058,1,1,2,6,A86,48.84825895,2.49161327
202300014658,20,11,2023,2025-12-05 07:40:00,2,75,75116,2,4,1,2,Avenue Foch,48.872786,2.280393
202300014659,1,6,2023,2025-12-05 08:40:00,1,92,92036,1,1,1,3,Autoroute A86,48.93858011,2.30135264
202300014660,26,12,2023,2025-12-05 13:20:00,1,93,93078,2,6,1,2,Avenue Georges Clemenceau / Boulevard Robert Ballanger,48.96085,2.55636
202300014661,20,11,2023,2025-12-05 10:45:00,1,75,75103,2,2,1,7,Rue Beaubourg,48.863741,2.354922
202300014662,17,3,2023,2025-12-05 12:30:00,1,77,77146,1,9,1,6,A4.Y,48.832062,2.652488
202300014663,1,6,2023,2025-12-05 04:20:00,3,93,93078,1,1,1,6,Autoroute A104,48.96431,2.52016
202300014664,26,12,2023,2025-12-05 02:32:00,3,93,93053,2,1,1,6,Avenue D'Alsace Lorraine,48.897452,2.468729
202300014665,20,11,2023,2025-12-05 08:15:00,1,75,75104,2,3,1,7,Boulevard De Sebastopol,48.858737,2.348473
202300014666,16,3,2023,2025-12-05 17:50:00,1,91,91286,2,1,1,2,Route Nationale 7,48.66477,2.39835
202300014667,31,5,2023,2025-12-05 17:30:00,1,92,92078,1,1,1,3,Autoroute A86,48.93058384,2.32463231
202300014668,20,11,2023,2025-12-05 09:20:00,1,94,94076,2,3,1,6,Avenue Du Colonel Fabien,48.78995,2.37423
202300014669,26,12,2023,2025-12-05 17:45:00,5,93,93001,2,4,2,6,Rue De Saint Denis / Rue Heurtault,48.91925,2.37825
202300014670,20,11,2023,2025-12-05 07:40:00,2,94,94011,2,1,8,6,Avenue De Boissy,48.76604,2.49055
202300014671,14,3,2023,2025-12-05 11:20:00,1,972,97209,1,1,1,1,Redoute (Route De La),14.63587,-61.05583
202300014672,26,12,2023,2025-12-05 19:15:00,2,92,92064,2,1,2,2,Carnot,48.84572378,2.22382888
202300014673,13,1,2023,2025-12-05 03:00:00,5,42,42218,2,1,1,6,Rue Liogier,45.42885,4.40275
202300014674,20,11,2023,2025-12-05 10:01:00,1,94,94022,2,3,1,3,Avenue De La Republique,48.75837,2.40962
202300014675,16,3,2023,2025-12-05 14:52:00,1,974,97416,2,3,1,6,Albert Luthuli(Rue),-21.33971,55.46154
202300014676,20,11,2023,2025-12-05 11:30:00,1,93,93066,2,1,1,3,Rue Gaston Philippe,48.93956707,2.35069125
202300014677,22,12,2023,2025-12-05 20:40:00,5,92,92009,2,2,8,3,Europe (Avenue),48.9068387,2.2614206
202300014678,20,11,2023,2025-12-05 07:45:00,1,93,93066,2,1,1,3,Rue Henri Delaunay,48.92608417,2.35999452
202300014679,16,3,2023,2025-12-05 09:20:00,1,974,97416,1,1,1,5,Rn3 (Ancienne Route),-21.3134,55.4942
202300014680,27,12,2023,2025-12-05 19:30:00,5,76,76476,2,2,9,3,Rue Des Communes,49.536489,0.601727
202300014681,2,6,2023,2025-12-05 17:45:00,1,77,77258,1,1,1,2,A4.W,48.830839,2.634812
202300014682,16,3,2023,2025-12-05 10:30:00,1,974,97407,2,9,1,3,Route Du Sacre Coeur,-20.9569,55.314
202300014683,20,11,2023,2025-12-05 18:50:00,5,93,93055,2,2,1,6,Avenue Jean Lolive,48.89158,2.40528
202300014684,16,3,2023,2025-12-05 13:30:00,1,973,97302,2,1,1,3,Madeleine (Route De La),4.92265,-52.3234
202300014685,25,12,2023,2025-12-05 19:10:00,3,57,57028,1,6,2,6,D1,49.209839,6.210237
202300014686,20,11,2023,2025-12-05 16:45:00,2,93,93046,2,2,2,6,Boulevard Gutenberg / Avenue Vauban,48.91295808,2.51840734
202300014687,16,3,2023,2025-12-05 08:35:00,1,973,97302,2,1,1,2,Baduel (Route De),4.93083,-52.30561
202300014688,20,11,2023,2025-12-05 21:30:00,5,93,93031,2,3,1,1,Route D'Argenteuil / Rue De Marseille,48.960886,2.293431
202300014689,2,6,2023,2025-12-05 12:45:00,1,94,94073,1,1,1,2,A86,48.75910401,2.38383813
202300014690,5,11,2023,2025-12-05 18:35:00,3,11,11059,1,9,1,2,Route Departementale 623,43.160721,2.113178
202300014691,16,3,2023,2025-12-05 07:30:00,1,973,97302,2,1,1,3,Adresse_Inconnue,4.9293,-52.2961
202300014692,25,8,2023,2025-12-05 03:00:00,3,11,11410,2,1,1,6,25 Avenue Jean Jaures,43.257839,2.412438
202300014693,2,6,2023,2025-12-05 00:50:00,3,77,77337,1,1,1,6,Rn104,48.82922,2.61576