num_acc,jour,mois,an,hrmn,lum,dep,com,agg,int,atm,col,adr,lat,long
202300014694,20,11,2023,2025-12-05 20:29:00,5,93,93031,2,1,2,1,Avenue Salvador Allende,48.956308,2.30855
202300014695,16,3,2023,2025-12-05 16:20:00,1,69,69388,2,1,1,6,21 Rue Joseph Chapelle,45.73524,4.86707
202300014696,18,9,2023,2025-12-05 00:29:00,3,6,6143,2,1,1,6,La Peiruo,43.943314,7.014309
202300014697,20,11,2023,2025-12-05 12:40:00,1,93,93079,2,1,1,2,Avenue De La Division Leclerc,48.95768,2.34492
202300014698,31,5,2023,2025-12-05 15:19:00,1,987,98735,2,1,1,6,Prince Hinoi (Avenue),-17.53389403,-149.5613743
202300014699,26,12,2023,2025-12-05 09:40:00,1,85,85223,1,1,1,6,A83 Pk 076.400,46.537034,-1.079434
202300014700,16,3,2023,2025-12-05 07:55:00,1,69,69383,2,3,1,3,68 Rue Ferdinand Buisson,45.74979,4.88985
202300014701,1,6,2023,2025-12-05 09:20:00,1,974,97416,1,9,1,7,Rn03,-21.32945,55.4708
202300014702,20,11,2023,2025-12-05 18:45:00,3,93,93008,2,1,2,6,Rue Carnot,48.90661,2.44987
202300014703,17,9,2023,2025-12-05 14:35:00,1,88,88196,1,1,1,1,Pk 28.300 Rd417 Route D'Epinal,48.072513,6.841275
202300014704,13,3,2023,2025-12-05 19:20:00,5,69,69389,2,1,2,6,74 Rue De Saint-Cyr,45.78425128,4.80839207
202300014705,1,6,2023,2025-12-05 13:30:00,1,974,97407,2,1,1,1,Simon Pernic (Rue),-20.94646,55.31001
202300014706,20,11,2023,2025-12-05 02:00:00,5,93,93007,2,2,1,3,Avenue Paul Vaillant Couturier / Rue Pierre Semard,48.92932669,2.47993316
202300014707,16,3,2023,2025-12-05 08:30:00,1,2B,2B120,1,1,1,3,11 - Rt,42.64779,9.44028
202300014708,17,9,2023,2025-12-05 10:50:00,1,57,57443,2,1,1,3,N52,49.209737,6.126772
202300014709,27,12,2023,2025-12-05 10:20:00,1,41,41167,1,1,1,5,D952,47.466016,1.095162
202300014710,11,11,2023,2025-12-05 19:45:00,5,92,92049,2,1,1,7,Marne Avenue De La,48.8137093,2.30490196
202300014711,1,6,2023,2025-12-05 15:20:00,1,69,69383,2,1,1,2,52 Avenue Marechal De Saxe,45.75803,4.84615
202300014712,9,3,2023,2025-12-05 17:45:00,1,91,91514,1,1,2,7,Cd 33,48.6712,2.52609
202300014713,1,6,2023,2025-12-05 17:30:00,2,972,97209,1,1,1,2,Rd 41 (Rocade),14.60913,-61.06675
202300014714,20,11,2023,2025-12-05 11:30:00,1,92,92049,2,3,1,3,Brossolette Avenue Pierre,48.8128,2.30166
202300014715,23,12,2023,2025-12-05 18:20:00,3,26,26216,1,1,2,6,1140 Route De Saint Uze,45.19105,4.89494
202300014716,18,9,2023,2025-12-05 08:10:00,1,7,7015,1,1,3,5,Pk 28 D86,45.132573,4.80227
202300014717,15,3,2023,2025-12-05 21:38:00,5,91,91223,2,1,1,7,Paris (Avenue De),48.43983,2.16877
202300014718,15,3,2023,2025-12-05 17:55:00,1,83,83137,2,1,1,6,Gasquet (Ave Joseph De 1 A 1423,43.1252,5.9667
202300014719,1,6,2023,2025-12-05 17:41:00,1,69,69034,2,1,1,3,112 Quai Clemenceau,45.81152,4.84602
202300014720,20,11,2023,2025-12-05 09:25:00,1,75,75115,2,3,1,3,Boulevard Gallieni,48.82973149,2.2673808
202300014721,17,9,2023,2025-12-05 10:35:00,1,65,65059,2,3,1,6,Place Des Vignaux,43.066203,0.149367
202300014722,26,12,2023,2025-12-05 16:40:00,1,41,41010,2,9,1,3,Rue De Buissay,47.854163,1.002803
202300014723,1,6,2023,2025-12-05 10:10:00,1,69,69385,2,2,1,3,Rue Joliot Curie,45.75444,4.78216
202300014724,20,11,2023,2025-12-05 18:50:00,3,92,92025,2,2,2,6,Charles De Gaulle (Bd),48.91904197,2.22299731
202300014725,16,9,2023,2025-12-05 23:50:00,3,9,9003,1,9,1,6,D117,42.919302,1.891322
202300014726,18,9,2023,2025-12-05 01:45:00,3,86,86062,2,6,1,7,Rue Des Sables,46.646195,0.368042
202300014727,22,12,2023,2025-12-05 17:35:00,3,67,67435,1,3,1,2,D8,48.917444,7.085946
202300014728,18,11,2023,2025-12-05 23:45:00,5,92,92025,2,1,2,6,Stalingrad (Av De),48.93201,2.26635
202300014729,30,5,2023,2025-12-05 21:45:00,3,971,97101,1,1,1,3,Rn1-  Hauteur De Sortie Lauricisque,16.25315935,-61.5442729
202300014730,16,3,2023,2025-12-05 13:30:00,1,77,77249,1,1,1,7,Rte De Maison Blanche,48.75,2.6125
202300014731,14,9,2023,2025-12-05 17:00:00,1,85,85112,1,1,7,7,La Brochetiere,46.554112,-1.765299
202300014732,1,6,2023,2025-12-05 15:30:00,1,95,95277,1,1,1,1,D970,49.00573,2.42707
202300014733,20,11,2023,2025-12-05 10:20:00,1,92,92024,2,2,1,3,Clichy (Quai De) De (8 A 60),48.90844989,2.30021238
202300014734,27,12,2023,2025-12-05 16:04:00,1,71,71263,1,1,1,1,Rue Du Jura,46.633058,5.25147
202300014735,18,9,2023,2025-12-05 09:20:00,1,85,85113,2,1,1,6,9 Rue Neptune,46.723866,-2.344481
202300014736,15,3,2023,2025-12-05 16:50:00,1,77,77495,1,1,1,4,D306,48.57202,2.62156
202300014737,7,11,2023,2025-12-05 21:50:00,5,92,92036,2,2,1,3,Pierre De Coubertin  ( Bd ),48.92926369,2.28446531
202300014738,16,3,2023,2025-12-05 13:35:00,1,76,76351,2,4,1,3,Jules Delamare,49.49144,0.1612
202300014739,26,12,2023,2025-12-05 15:40:00,1,71,71243,1,1,1,3,D112,46.465221,5.321503
202300014740,30,5,2023,2025-12-05 00:30:00,4,91,91174,2,1,1,1,D446,48.61065,2.44896
202300014741,18,11,2023,2025-12-05 20:10:00,3,63,63345,1,1,1,2,D942,45.743164,2.955
202300014742,17,9,2023,2025-12-05 21:45:00,5,60,60346,2,9,3,6,Avenue De La Liberation,49.149884,2.442637
202300014743,15,3,2023,2025-12-05 07:45:00,1,76,76351,2,2,2,3,Fleurus (De),49.49262,0.1375
202300014744,27,12,2023,2025-12-05 19:30:00,3,71,71218,1,1,1,6,Le Belvedere,46.311357,4.350032
202300014745,1,6,2023,2025-12-05 18:05:00,1,89,89342,1,2,1,2,Adresse_Inconnue,48.2218,3.27106
202300014746,20,11,2023,2025-12-05 17:30:00,3,54,54113,1,1,2,1,D674,48.74003465,6.33505046
202300014747,18,9,2023,2025-12-05 17:00:00,1,60,60009,2,3,2,1,Rue De La Chapelle,49.40765,2.131197
202300014748,16,3,2023,2025-12-05 19:55:00,5,73,73008,2,6,1,3,D50 / D991,45.68555,5.91003
202300014749,27,12,2023,2025-12-05 12:45:00,1,61,61293,1,3,1,3,D8,48.520118,0.562191
202300014750,31,5,2023,2025-12-05 14:20:00,1,87,87085,1,1,1,2,Autoroute A20,45.89472,1.29376
202300014751,17,9,2023,2025-12-05 00:50:00,5,13,13202,1,1,1,7,Tunnel Joliette Marseille Vers Aubagne,43.3022,5.36465
202300014752,21,11,2023,2025-12-05 08:30:00,2,95,95205,1,4,2,1,D316,49.025533,2.387091
202300014753,16,3,2023,2025-12-05 07:45:00,1,72,72181,2,3,1,3,Ruaudin (Rue) Ndeg Pairs 74 A 190,47.9802,0.2166
202300014754,20,11,2023,2025-12-05 16:05:00,1,85,85092,2,1,1,1,4 Rue De Grissais,46.46551,-0.817022
202300014755,16,9,2023,2025-12-05 21:40:00,5,69,69029,1,9,1,2,Boulevard Peripherique Laurent Bonnevay,45.74247364,4.90562873
202300014756,26,5,2023,2025-12-05 17:03:00,1,87,87085,2,1,1,6,Liaison Sud ( Voie De),45.81098,1.25688
202300014757,27,12,2023,2025-12-05 12:49:00,1,49,49362,2,2,1,3,Boulevard Saint-Vincent,47.222913,-0.061879
202300014758,15,3,2023,2025-12-05 20:25:00,5,72,72181,2,2,1,3,Savorgnan De Brazza (Av) Ndeg Pairs,48.0143,0.22143
202300014759,15,9,2023,2025-12-05 00:40:00,3,67,67482,2,9,1,6,M35,48.57043,7.73176
202300014760,20,11,2023,2025-12-05 16:45:00,1,11,11095,1,1,1,1,A61 Pk 343+350,43.179309,2.583643
202300014761,29,5,2023,2025-12-05 21:06:00,1,87,87085,1,1,1,6,Fraud (Rue Du),45.85474,1.20413
202300014762,26,12,2023,2025-12-05 03:50:00,3,86,86211,1,1,1,6,Lieu-Dit La Borichere,46.258924,0.341855
202300014763,15,3,2023,2025-12-05 19:22:00,2,72,72181,2,4,1,3,Durand Georges (Av) Ndeg Imp 313 Et Plus,47.96577,0.22043
202300014764,12,9,2023,2025-12-05 18:40:00,1,67,67152,1,1,1,6,M35,48.52784,7.6879
202300014765,27,5,2023,2025-12-05 17:35:00,1,87,87085,2,1,1,6,Cambuses (Avenue Des),45.89054,1.27852
202300014766,19,11,2023,2025-12-05 15:50:00,1,6,6161,2,9,1,3,2507 Route Departementale 6007,43.627274,7.13265
202300014767,27,12,2023,2025-12-05 04:15:00,3,68,68377,1,1,1,7,Rue De Hirsingue,47.620202,7.27367
202300014768,15,3,2023,2025-12-05 19:45:00,5,71,71040,2,1,1,6,Marcel Gueugneau (Rue),46.69921,4.3927
202300014769,12,9,2023,2025-12-05 14:40:00,1,67,67482,1,1,1,2,M352,48.57095,7.73496
202300014770,26,5,2023,2025-12-05 15:56:00,1,87,87085,2,1,1,2,Perrin (Rue Francois),45.82647,1.23721
202300014771,27,12,2023,2025-12-05 00:15:00,3,29,29277,1,1,2,7,Vern Ar Plantec,48.41441062,-4.09525636
202300014772,21,11,2023,2025-12-05 12:30:00,1,974,97404,2,3,1,1,Avenue Raymond Barre,-21.26637,55.368497
202300014773,16,3,2023,2025-12-05 08:10:00,1,69,69264,2,3,1,6,Rue Jeanne Jugan,45.9929,4.70726
202300014774,2,6,2023,2025-12-05 01:00:00,5,85,85191,2,1,1,7,85 Rue Du Marechal Joffre,46.66637,-1.42454
202300014775,16,3,2023,2025-12-05 07:45:00,1,67,67482,2,1,1,6,Lyon (Boulevard De),48.57738,7.73127
202300014776,20,11,2023,2025-12-05 18:45:00,5,60,60176,2,1,2,6,63 Rue Henri Laroche,49.225429,2.904599
202300014777,27,12,2023,2025-12-05 17:10:00,2,2,2780,1,1,1,1,Adresse_Inconnue,49.3614531,3.39632777
202300014778,1,6,2023,2025-12-05 09:20:00,1,83,83090,2,6,1,6,Nationale 8 (Route),43.13474,5.859
202300014779,20,11,2023,2025-12-05 12:30:00,1,50,50214,1,1,3,6,A84,48.921741,-1.08159
202300014780,14,3,2023,2025-12-05 19:00:00,2,66,66136,2,1,1,2,Adresse_Inconnue,42.726211,2.89244
202300014781,14,3,2023,2025-12-05 14:17:00,1,66,66136,2,1,1,6,Argeles Sur Mer Avenue D',42.68151,2.9105
202300014782,27,12,2023,2025-12-05 10:45:00,1,14,14478,2,1,1,2,8 Rue Des Augustines,49.022128,0.40507
202300014783,17,9,2023,2025-12-05 18:15:00,1,33,33474,1,1,1,4,Autoroute A 62,44.672009,-0.475206
202300014784,18,11,2023,2025-12-05 14:40:00,1,62,62207,1,3,2,3,D901E1,50.449669,1.75056
202300014785,27,5,2023,2025-12-05 16:15:00,1,83,83126,2,6,1,2,Londres (Av De),43.109183,5.857514
202300014786,14,3,2023,2025-12-05 11:47:00,1,66,66136,2,3,1,3,Adresse_Inconnue,42.701621,2.8997
202300014787,17,9,2023,2025-12-05 18:50:00,1,94,94003,1,1,1,6,A6A,48.79951772,2.34247635
202300014788,20,11,2023,2025-12-05 22:10:00,3,41,41238,1,1,2,6,Route De Monplaisir,47.890442,0.821432
202300014789,27,12,2023,2025-12-05 14:00:00,1,60,60471,2,3,1,1,Rue Du Faubourg D'Amiens,49.584497,2.995368
202300014790,26,5,2023,2025-12-05 10:38:00,1,80,80021,2,2,7,6,Paix (Avenue De La),49.91166,2.30106
202300014791,16,3,2023,2025-12-05 00:45:00,5,64,64445,2,1,1,6,Jean Mermoz,43.3105,-0.37708
202300014792,24,12,2023,2025-12-05 11:00:00,1,64,64059,1,1,7,3,Rd 817,43.281392,-0.241849
202300014793,30,5,2023,2025-12-05 08:20:00,1,80,80489,2,2,1,3,General Gallieni (Rue Du ),49.86904,2.35563
202300014794,17,9,2023,2025-12-05 13:55:00,1,94,94034,1,1,1,5,A86,48.75895409,2.32434215
202300014795,21,11,2023,2025-12-05 13:20:00,1,19,19002,1,3,2,5,D1089,45.610615,2.414809
202300014796,15,3,2023,2025-12-05 16:36:00,1,63,63113,2,2,1,4,Berthelot / A.Menat,45.77874487,3.07204396
202300014797,16,12,2023,2025-12-05 03:15:00,4,16,16304,2,1,5,6,13 Rue De La Trache,45.685458,-0.288105
202300014798,28,5,2023,2025-12-05 17:35:00,1,80,80001,2,1,1,6,Boulevard De La Republique,50.10918,1.83946
202300014799,16,9,2023,2025-12-05 17:15:00,1,94,94021,1,1,1,6,A6B,48.76918213,2.34391194
202300014800,21,11,2023,2025-12-05 18:30:00,3,32,32414,1,9,1,1,D3,43.670704,-0.060285
202300014801,7,3,2023,2025-12-05 10:00:00,1,62,62525,1,1,2,6,D942,50.74566,2.2336
202300014802,1,6,2023,2025-12-05 18:30:00,1,78,78005,2,1,7,6,Kastler (Rue Alfred),48.96917,2.07307
202300014803,27,12,2023,2025-12-05 10:50:00,1,4,4187,1,1,1,6,D19,43.97543,6.389183
202300014804,21,11,2023,2025-12-05 19:18:00,3,71,71182,1,3,2,3,D981,46.800985,4.752177
202300014805,16,3,2023,2025-12-05 08:30:00,1,61,61006,2,3,1,3,Voie Communale,48.732452,-0.025123
202300014806,16,9,2023,2025-12-05 21:00:00,5,93,93006,1,1,1,2,Autoroute A3,48.86690246,2.42530059
202300014807,16,9,2023,2025-12-05 22:00:00,5,93,93008,1,1,1,7,Autoroute A86,48.91351503,2.43444657
202300014808,16,3,2023,2025-12-05 16:30:00,1,60,60057,2,1,1,2,Avenue Corot,49.42712991,2.10257077
202300014809,25,12,2023,2025-12-05 17:40:00,5,27,27445,1,1,2,3,D181,49.251039,1.673727
202300014810,20,11,2023,2025-12-05 15:15:00,1,63,63350,1,1,1,7,Chemin Des Pres Bas A Viquery,45.71761,3.236549
202300014811,1,6,2023,2025-12-05 18:15:00,1,77,77209,1,2,1,3,D217Bis,48.85393,2.69071
202300014812,15,9,2023,2025-12-05 10:10:00,1,95,95351,1,1,1,2,N104,49.03851501,2.48434782
202300014813,26,12,2023,2025-12-05 18:33:00,3,28,28121,1,6,1,7,2154,48.095215,1.865176
202300014814,16,3,2023,2025-12-05 20:20:00,5,59,59350,2,3,1,3,Faubourg Des Postes Rue,50.61483,3.04826
202300014815,20,11,2023,2025-12-05 08:35:00,1,38,38180,1,2,1,3,Chemin De Lemps,45.388761,5.305474
202300014816,21,11,2023,2025-12-05 16:50:00,2,70,70245,1,1,2,6,D83,47.906296,6.452086
202300014817,16,9,2023,2025-12-05 20:30:00,4,94,94069,1,1,1,3,A4,48.81728543,2.43173439
202300014818,16,3,2023,2025-12-05 19:20:00,2,59,59009,2,2,1,3,Fusilles Rue Des Du Ndeg9 Au Ndeg 121,50.61514391,3.15447624
202300014819,1,6,2023,2025-12-05 13:45:00,1,77,77268,2,1,1,2,D93,48.85986,2.81075
202300014820,21,11,2023,2025-12-05 19:10:00,5,6,6023,2,1,1,7,Pont Charabot,43.938288,7.513323
202300014821,15,3,2023,2025-12-05 12:00:00,1,56,56121,2,4,1,6,42 Boulevard Eugene Cosmao-Dumanoir,47.75424,-3.36624
202300014822,1,6,2023,2025-12-05 22:55:00,5,76,76484,2,2,1,6,Rue Jean Jacques Rousseau,49.34537,1.09345
202300014823,16,9,2023,2025-12-05 16:30:00,1,94,94069,1,1,1,5,A4,48.81737184,2.4349508
202300014824,21,11,2023,2025-12-05 13:30:00,1,6,6023,2,1,1,6,200 Rue Rene Cassin,43.940981,7.514772
202300014825,11,3,2023,2025-12-05 10:15:00,1,54,54323,2,1,4,6,Avenue De L'Aviation,49.51838,5.75523
202300014826,31,5,2023,2025-12-05 17:15:00,1,76,76341,2,1,1,6,Friedrich Engels,49.512349,0.19128
202300014827,26,12,2023,2025-12-05 17:50:00,3,63,63224,1,1,1,4,A 71,45.86727435,3.15720141
202300014828,15,3,2023,2025-12-05 17:00:00,1,49,49099,2,2,8,6,Laennec (Rue Du Docteur Rene),47.05705,-0.86789
202300014829,8,11,2023,2025-12-05 07:30:00,2,5,5040,2,2,1,3,Grande Rue,44.545012,6.278059
202300014830,1,6,2023,2025-12-05 15:55:00,1,74,74281,2,1,1,1,Crets (Chemin De Dessous Les),46.3759,6.50033
202300014831,15,3,2023,2025-12-05 00:30:00,3,49,49007,2,1,1,6,Gautier Rue Et Square,47.46424,-0.56199
202300014832,26,12,2023,2025-12-05 16:30:00,1,51,51278,1,1,1,7,A4 Pk 165+650,49.072327,4.267496
202300014833,21,11,2023,2025-12-05 18:00:00,5,50,50603,2,1,2,6,Rue De L'Amiral,49.046427,-1.542394
202300014834,26,5,2023,2025-12-05 16:55:00,1,25,25462,2,1,1,3,Besancon (Du 72Ter A La Fin),46.91675,6.34438
202300014835,30,5,2023,2025-12-05 07:50:00,1,72,72181,2,3,1,3,Fresnellerie Bd De La Ndeg Imp,47.96981,0.2061
202300014836,26,12,2023,2025-12-05 18:15:00,3,28,28367,1,1,1,6,Autoroute A10 Pk 71.040,48.147495,1.85585
202300014837,16,9,2023,2025-12-05 15:30:00,1,974,97416,2,1,1,3,Archambaud (Rue),-21.33169,55.4789
202300014838,16,3,2023,2025-12-05 19:40:00,2,42,42184,2,1,1,5,Boulevard Ouest,46.04567,4.0607
202300014839,1,6,2023,2025-12-05 08:40:00,1,71,71040,2,1,1,1,Route Departementale 601,46.70778,4.41455
202300014840,20,11,2023,2025-12-05 19:15:00,3,45,45161,1,1,2,6,D315 Pr 1 + 52,48.076516,2.827713
202300014841,26,12,2023,2025-12-05 06:45:00,1,988,98825,1,1,1,1,Rt1,-21.243062,164.913969
202300014842,16,9,2023,2025-12-05 13:30:00,1,69,69383,2,1,1,1,Rue Maurice Flandin,45.7605,4.86353
202300014843,16,3,2023,2025-12-05 07:23:00,1,38,38053,2,1,7,3,Lyon (Route De Lyon Cote Nord),45.58724,5.25256
202300014844,31,5,2023,2025-12-05 20:15:00,1,71,71105,2,2,1,7,Grande Rue De La Coupee,46.3086,4.80924
202300014845,21,11,2023,2025-12-05 19:20:00,5,53,53147,2,1,2,6,Rue Pierre Curie,48.302973,-0.622455
202300014846,20,11,2023,2025-12-05 22:40:00,3,30,30062,1,1,1,7,Route Departementale 01,43.754982,4.205189
202300014847,16,3,2023,2025-12-05 23:30:00,5,35,35238,2,1,1,6,Guilloux (Louis),48.10889,-1.69717
202300014848,16,9,2023,2025-12-05 05:30:00,1,972,97213,1,1,1,6,Route Departementale 3,14.63462,-60.99189
202300014849,1,6,2023,2025-12-05 18:00:00,1,71,71153,2,2,7,3,Pres (Rue Des),46.805155,4.457424
202300014850,25,12,2023,2025-12-05 20:30:00,5,971,97106,1,1,1,1,Rn2,16.144134,-61.770673
202300014851,21,11,2023,2025-12-05 17:40:00,5,30,30185,2,1,1,6,Rue Du Puits Vieux,43.736162,4.202946
202300014852,16,3,2023,2025-12-05 12:20:00,1,35,35238,2,1,1,3,Bataille Flandres/ Dunkerque Mai 40,48.121349,-1.701835
202300014853,1,6,2023,2025-12-05 19:30:00,1,69,69256,2,1,1,6,Rue Franklin,45.78904,4.92981
202300014854,12,9,2023,2025-12-05 10:05:00,1,972,97209,2,1,1,6,Ernest Deproge (Rue),14.60310987,-61.06998861
202300014855,21,12,2023,2025-12-05 08:24:00,1,77,77142,2,1,1,2,D934,48.858451,2.921772
202300014856,14,3,2023,2025-12-05 18:14:00,2,34,34003,2,9,1,3,Route De Rochelongue,43.289671,3.481389
202300014857,1,6,2023,2025-12-05 16:36:00,1,68,68224,2,6,7,7,Gay-Lussac (Rue),47.74227,7.3313
202300014858,18,11,2023,2025-12-05 23:15:00,3,30,30354,1,2,1,3,D123,43.945117,4.141588
202300014859,17,9,2023,2025-12-05 00:25:00,5,69,69385,2,1,1,3,36 Quai Fulchiron,45.7543,4.8237
202300014860,15,3,2023,2025-12-05 16:50:00,1,31,31149,1,1,7,2,Rn124,43.60755,1.35166
202300014861,28,9,2023,2025-12-05 17:00:00,1,34,34344,2,1,1,6,Avenue De La Petite Motte,43.567014,4.074275
202300014862,21,11,2023,2025-12-05 04:30:00,3,42,42156,1,1,2,2,N82,45.919117,4.164589
202300014863,1,6,2023,2025-12-05 08:20:00,1,68,68066,2,1,1,1,7 Rue De Londres,48.082759,7.329717
202300014864,16,3,2023,2025-12-05 16:25:00,1,30,30028,1,2,1,2,Route De Nimes,44.13775857,4.61289525
202300014865,31,5,2023,2025-12-05 19:20:00,1,67,67447,2,1,1,6,Bischwiller (Route De),48.60041,7.74368
202300014866,16,9,2023,2025-12-05 23:00:00,5,69,69385,2,1,1,1,5 Avenue Barthelemy Buyer,45.75865757,4.81231807
202300014867,26,12,2023,2025-12-05 16:40:00,1,13,13022,2,3,1,2,Avenue Marechal Foch,43.21691951,5.55037826
202300014868,15,3,2023,2025-12-05 19:48:00,5,29,29019,2,1,8,6,Avenue Marechal Foch,48.3964892,-4.48875278
202300014869,14,11,2023,2025-12-05 08:00:00,1,13,13104,2,6,1,2,D5,43.339086,5.10408
202300014870,14,3,2023,2025-12-05 08:15:00,1,27,27562,1,1,1,3,Croix Blanche (Rue De La),49.08734,1.43552
202300014871,15,9,2023,2025-12-05 16:45:00,1,69,69034,2,2,1,3,Montee Des Soldats,45.7912,4.8607
202300014872,27,12,2023,2025-12-05 16:30:00,2,33,33317,1,1,1,7,5 Lieu Dit La Massonne,45.030715,-0.308191
202300014873,15,3,2023,2025-12-05 18:40:00,1,27,27375,2,1,1,2,Belgique (Rue De),49.20544,1.155
202300014874,1,6,2023,2025-12-05 10:30:00,1,64,64545,1,1,8,2,Adresse_Inconnue,43.3343,-1.67761
202300014875,16,9,2023,2025-12-05 04:30:00,5,2B,2B037,1,9,2,6,Toutes Rues,42.62999,9.43791
202300014876,20,11,2023,2025-12-05 20:15:00,3,45,45229,1,2,2,3,D627 Pr 2 + 148,47.847172,2.730736
202300014877,16,9,2023,2025-12-05 07:25:00,2,95,95277,2,1,1,1,Georges Pompidou (Avenue),48.9901,2.4297
202300014878,14,9,2023,2025-12-05 17:15:00,1,95,95424,2,1,1,6,Eugene Delacroix (Place),48.99427,2.20301
202300014879,16,3,2023,2025-12-05 21:25:00,5,25,25056,2,6,1,3,Trey  Rue De (Inf 36),47.255609,6.021736
202300014880,20,11,2023,2025-12-05 18:00:00,5,91,91179,2,2,3,6,Rue Panharsd,48.56432,2.482127
202300014881,30,9,2023,2025-12-05 18:50:00,2,85,85151,2,6,7,3,Rd149,46.984922,-0.936279
202300014882,1,6,2023,2025-12-05 17:30:00,1,64,64445,1,1,1,5,Cami Salie Du,43.32853,-0.34872
202300014883,16,9,2023,2025-12-05 11:55:00,1,83,83126,2,3,1,3,Stalingrad (Bd),43.10434127,5.87087023
202300014884,16,3,2023,2025-12-05 11:00:00,1,22,22278,2,3,1,5,Douvenant (De),48.50123,-2.73428
202300014885,31,5,2023,2025-12-05 04:40:00,5,64,64445,2,1,1,6,Copernic,43.32378,-0.32945
202300014886,26,12,2023,2025-12-05 23:48:00,3,29,29042,2,1,1,6,Kersignenou Greiz,48.25886087,-4.55040531
202300014887,16,9,2023,2025-12-05 06:15:00,5,76,76540,2,1,1,6,Avenue De La Liberation,49.42747,1.07007
202300014888,16,3,2023,2025-12-05 07:47:00,1,17,17300,2,1,1,3,Repentie   Avenue De La,46.17117,-1.20844
202300014889,27,12,2023,2025-12-05 06:30:00,3,76,76649,1,1,1,7,D1314,49.680236,1.503711
202300014890,31,5,2023,2025-12-05 07:10:00,1,61,61001,2,3,1,3,D112,48.43551,0.09696
202300014891,15,9,2023,2025-12-05 18:50:00,1,69,69013,1,1,1,1,Route Du Verrier,46.02192,4.7188
202300014892,7,3,2023,2025-12-05 17:00:00,1,13,13210,2,9,1,1,Rabatau (Boulevard),43.28259933,5.39948772
202300014893,26,12,2023,2025-12-05 08:50:00,2,83,83123,1,1,1,2,A50,43.1431019,5.78862956
202300014894,31,5,2023,2025-12-05 17:25:00,1,61,61001,2,6,1,6,Voie Communale,48.43077,0.09115
202300014895,16,3,2023,2025-12-05 11:00:00,1,13,13210,2,9,1,3,Rabatau (Boulevard),43.28204261,5.39955568
202300014896,16,9,2023,2025-12-05 20:09:00,2,64,64122,2,2,1,3,Boussingory (Rue),43.4802,-1.54654
202300014897,28,5,2023,2025-12-05 19:50:00,1,60,60057,2,1,7,6,Avenue Du 8 Mai 1945,49.43915,2.10023
202300014898,15,3,2023,2025-12-05 11:30:00,1,13,13212,2,1,1,6,La Fourragere (Avenue),43.30190994,5.43064162
202300014899,16,9,2023,2025-12-05 19:00:00,1,64,64024,2,1,1,7,Saint Pee (Route De),43.45654952,-1.5070112
202300014900,1,6,2023,2025-12-05 17:30:00,1,59,59392,2,1,1,6,Liberte (Rue De La),50.278471,3.952148
202300014901,16,3,2023,2025-12-05 08:00:00,1,13,13028,2,6,1,3,Severiers (Chemin Des),43.20219,5.61581
202300014902,26,12,2023,2025-12-05 08:40:00,2,83,83123,1,1,1,2,A50,43.1431019,5.78862956
202300014903,16,9,2023,2025-12-05 17:30:00,1,64,64102,2,1,1,7,Maubec (Rue),43.49722,-1.46789
202300014904,16,3,2023,2025-12-05 07:30:00,1,13,13005,2,1,1,6,Barbaroux Prolongee Av. Maguy,43.28437,5.54601
202300014905,1,6,2023,2025-12-05 18:00:00,2,59,59360,2,1,1,6,Foch Rue Du Marechal,50.61416,3.01008
202300014906,16,9,2023,2025-12-05 21:05:00,5,61,61001,2,1,1,6,Voie Communale,48.4211,0.09505
202300014907,22,12,2023,2025-12-05 17:30:00,3,59,59507,1,1,1,2,Autoroute A1,50.61413,3.08587
202300014908,15,3,2023,2025-12-05 17:20:00,1,13,13005,2,1,1,3,Gemenos (Route De Cd2),43.28805,5.52328
202300014909,1,6,2023,2025-12-05 13:50:00,1,59,59378,2,1,1,6,Clemenceau Blvd (Ndeg31-191),50.66564,3.07681
202300014910,15,9,2023,2025-12-05 16:50:00,1,56,56121,2,1,1,2,Nayel ( Et Place Auguste ),47.7473877,-3.36237
202300014911,26,12,2023,2025-12-05 01:25:00,3,91,91037,1,1,1,2,Autoroute A6,48.53073,2.50102
202300014912,15,3,2023,2025-12-05 11:27:00,1,10,10387,2,1,1,6,Cloitre St Etienne (Rue Du),48.29667,4.0819
202300014913,31,5,2023,2025-12-05 10:25:00,1,59,59193,2,2,1,3,"Haubourdin, Rue D'",50.59826,2.99942
202300014914,16,9,2023,2025-12-05 15:20:00,1,54,54431,2,9,1,3,Route De Briey,48.910383,6.038411
202300014915,16,3,2023,2025-12-05 11:15:00,1,7,7281,2,1,1,6,Republique (Rue De La),44.94384,4.84155
202300014916,26,12,2023,2025-12-05 10:55:00,1,94,94018,1,1,1,2,A4,48.82467978,2.3932333
202300014917,15,9,2023,2025-12-05 17:40:00,1,54,54395,2,1,1,3,Avenue De Strasbourg,48.67659,6.19938
202300014918,1,6,2023,2025-12-05 12:10:00,1,59,59350,2,1,1,4,Montebello Boulevard Ndeg Reste,50.623,3.04455
202300014919,16,3,2023,2025-12-05 08:15:00,1,7,7316,1,1,1,3,Lyon (Route De),44.90517,4.8534
202300014920,15,9,2023,2025-12-05 19:50:00,2,51,51454,2,1,1,6,Bois D'Amour (Rue Du),49.25677,4.00829
202300014921,16,3,2023,2025-12-05 18:40:00,1,6,6069,2,1,1,7,Sainte Marguerite (Chemin),43.643165,6.948896
202300014922,26,10,2023,2025-12-05 10:35:00,1,74,74225,2,9,2,6,Rue Frederic Girod,45.867253,5.943054