num_acc,jour,mois,an,hrmn,lum,dep,com,agg,int,atm,col,adr,lat,long
202300014923,15,3,2023,2025-12-05 10:45:00,1,974,97411,2,1,1,3,Lancastel (Boulevard),-20.88413,55.4671
202300014924,16,9,2023,2025-12-05 08:25:00,1,50,50066,1,2,1,1,Voie Nouvelle Route Du Croissant,48.81359,-1.54618
202300014925,15,3,2023,2025-12-05 06:05:00,1,974,97411,2,1,1,2,Jaures (Boulevard Jean),-20.8883,55.4452
202300014926,17,9,2023,2025-12-05 01:35:00,5,49,49007,2,1,1,6,D323,47.47798,-0.55318
202300014927,1,6,2023,2025-12-05 07:55:00,1,59,59350,2,1,1,2,Vauban Boulevard Ndeg2-18-1-39,50.63314,3.047526
202300014928,17,10,2023,2025-12-05 15:27:00,1,74,74161,2,3,1,6,Route De Peignat,45.874552,5.997795
202300014929,14,3,2023,2025-12-05 13:00:00,1,973,97302,2,3,1,1,Boudinot (Auguste) Cite Themire,4.933255,-52.31953365
202300014930,10,3,2023,2025-12-05 16:55:00,1,973,97302,2,1,1,3,Spatules (Rue Des) Cite Eau Lisette,4.9273089,-52.32206395
202300014931,16,9,2023,2025-12-05 03:57:00,3,42,42127,2,6,1,6,Rue Alfred De Musset,46.06257,4.05798
202300014932,15,3,2023,2025-12-05 21:30:00,5,69,69388,2,2,1,6,Boulevard Des Etats-Unis,45.72955,4.86739
202300014933,13,10,2023,2025-12-05 16:10:00,1,74,74010,1,1,1,1,Route De Geneve,45.94796,6.121487
202300014934,16,9,2023,2025-12-05 12:30:00,1,38,38421,2,2,8,3,Avenue De La Mogne,45.17234,5.75189
202300014935,15,3,2023,2025-12-05 20:10:00,5,69,69387,2,3,1,6,106 Cours Gambetta,45.75147931,4.85390021
202300014936,5,10,2023,2025-12-05 20:05:00,5,74,74150,1,3,1,3,D1206,46.267596,6.315197
202300014937,15,3,2023,2025-12-05 19:45:00,5,69,69386,2,1,1,6,Boulevard Des Belges,45.77556,4.84663
202300014938,16,9,2023,2025-12-05 11:40:00,1,35,35051,1,1,2,4,Rn157,48.11377,-1.55252
202300014939,15,3,2023,2025-12-05 17:30:00,2,972,97213,2,1,1,1,Aeroport (Rond Point De L'),14.5980995,-61.0011846
202300014940,15,9,2023,2025-12-05 08:40:00,1,35,35238,2,1,1,6,Chardonnet (Avenue),48.10721388,-1.6463238
202300014941,16,9,2023,2025-12-05 12:50:00,1,33,33075,2,1,1,3,Boulevard Jacques Chaban-Delmas,44.88303555,-0.58474034
202300014942,15,3,2023,2025-12-05 15:30:00,1,972,97213,2,3,1,3,Plaisance (Chemin),14.67297,-60.99101
202300014943,18,2,2023,2025-12-05 03:20:00,5,71,71270,2,6,-1,2,Place Saint Clement,46.297664,4.821267
202300014944,11,3,2023,2025-12-05 16:30:00,1,972,97209,2,1,1,7,Saint Christophe (Rue),14.6107,-61.0509
202300014945,15,9,2023,2025-12-05 15:50:00,1,29,29254,2,3,1,6,Pors An Trez (Rue),48.58195,-3.83968
202300014946,14,3,2023,2025-12-05 20:10:00,5,972,97209,2,1,1,2,Bishop (Avenue Maurice),14.60531,-61.05991
202300014947,9,9,2023,2025-12-05 05:40:00,3,55,55505,2,1,1,3,Varennes (Route De ),49.17629,5.345
202300014948,20,6,2023,2025-12-05 09:35:00,1,29,29254,2,1,1,6,Place De La Barriere,48.575272,-3.844346
202300014949,15,3,2023,2025-12-05 21:50:00,5,69,69384,2,4,1,6,Place De La Croix-Rousse,45.7736974,4.82353173
202300014950,16,9,2023,2025-12-05 10:10:00,1,27,27375,2,1,1,6,Tisserands (Rue Des),49.2105,1.1739
202300014951,14,3,2023,2025-12-05 18:05:00,1,69,69081,2,1,1,6,3 Chemin De Grandvaux,45.77332,4.77374
202300014952,16,9,2023,2025-12-05 12:15:00,1,27,27229,2,1,1,6,Fauville (Rue De),49.02528,1.17576
202300014953,27,5,2023,2025-12-05 15:45:00,1,60,60616,2,1,1,1,Rue Pierre Eugene Boyer,49.348107,1.773976
202300014954,15,3,2023,2025-12-05 05:30:00,2,971,97113,1,1,1,7,Grand Baie ( Rn4),16.21816352,-61.51281059
202300014955,13,7,2023,2025-12-05 20:54:00,1,60,60195,2,3,1,2,Rd 915,49.219699,1.840467
202300014956,16,9,2023,2025-12-05 18:55:00,1,17,17200,2,1,1,7,Benoist   Rue Du Moulin,46.19235,-1.15281
202300014957,15,3,2023,2025-12-05 15:10:00,1,95,95277,2,1,1,3,Avenue Des Jasmins,49.00156707,2.42964685
202300014958,16,9,2023,2025-12-05 06:18:00,5,17,17300,2,1,2,7,Bernier   Avenue Du Lieutenant-,46.172195,-1.15992
202300014959,25,9,2023,2025-12-05 08:10:00,2,82,82175,1,3,7,6,D74,44.11105934,0.97301406
202300014960,15,3,2023,2025-12-05 08:00:00,1,95,95219,2,1,7,6,Rue De La Republique,48.989,2.25916
202300014961,16,9,2023,2025-12-05 21:00:00,5,14,14220,2,1,1,7,15P Impasse Du Coteau,49.3498,0.07361
202300014962,8,9,2023,2025-12-05 12:06:00,1,82,82096,2,1,1,6,Grand Rue,44.033069,1.218629
202300014963,15,9,2023,2025-12-05 17:30:00,1,13,13103,1,3,1,3,Rte D' Eyguieres-Rd 17,43.66268016,5.07907834
202300014964,15,3,2023,2025-12-05 18:15:00,1,91,91347,2,1,1,2,Rte Des Templiers,48.643435,2.282713
202300014965,8,9,2023,2025-12-05 16:38:00,1,82,82127,1,1,1,6,D957,44.197159,1.070201
202300014966,15,3,2023,2025-12-05 14:18:00,1,91,91103,2,9,1,2,Ctre Essais En Vol,48.60121,2.31816
202300014967,16,9,2023,2025-12-05 06:45:00,5,13,13208,2,3,1,3,Rabatau (Boulevard),43.27542,5.39589
202300014968,25,9,2023,2025-12-05 16:25:00,1,82,82117,2,6,1,3,Place Mercadiel,44.339565,1.017802
202300014969,15,9,2023,2025-12-05 06:39:00,2,13,13207,2,1,1,2,Corse (Avenue De La),43.28988,5.3658
202300014970,15,3,2023,2025-12-05 13:50:00,1,91,91477,2,6,1,3,Allies (Avenue Des),48.7236,2.24803
202300014971,15,9,2023,2025-12-05 08:15:00,1,13,13001,2,1,9,6,Beisson (Cite),43.53972798,5.44772905
202300014972,15,3,2023,2025-12-05 05:45:00,5,91,91161,2,1,1,6,Rue Francois Mouthon,48.703232,2.315789
202300014973,24,9,2023,2025-12-05 10:25:00,1,13,13111,1,1,1,3,Le Puits D'Auzon Nord,43.555126,5.700896
202300014974,15,3,2023,2025-12-05 16:00:00,1,91,91434,2,2,1,3,Juvisy (Avenue De),48.658,2.3579
202300014975,16,9,2023,2025-12-05 05:15:00,5,11,11069,2,3,1,3,Adresse_Inconnue,43.219719,2.341598
202300014976,13,3,2023,2025-12-05 18:10:00,1,91,91228,2,1,1,6,Grigny (Route De),48.62881,2.42402
202300014977,15,3,2023,2025-12-05 08:10:00,1,87,87085,2,1,1,6,Puy Imbert (Rue Du),45.83908,1.28026
202300014978,16,9,2023,2025-12-05 21:20:00,5,10,10387,2,1,1,3,Gustave Masson (Rue),48.2746,4.0818
202300014979,11,3,2023,2025-12-05 05:57:00,5,87,87085,2,6,3,6,Valin (Avenue Du General Martial),45.8039089,1.27848387
202300014980,23,12,2023,2025-12-05 23:10:00,5,988,98818,2,2,1,7,Avenue De La Baie De Koutio/Rue Claude Bernard,-22.22723,166.44695
202300014981,16,9,2023,2025-12-05 21:20:00,5,10,10387,2,1,1,2,Charles Baltet (Rue),48.29,4.07
202300014982,15,3,2023,2025-12-05 13:30:00,1,83,83069,2,1,1,6,Gambetta (Avenue),43.1185,6.12858
202300014983,16,9,2023,2025-12-05 16:25:00,1,8,8105,2,1,1,6,32 Av Des Martyrs De La Resistance,49.75855,4.72562
202300014984,25,12,2023,2025-12-05 00:30:00,3,972,97213,1,1,1,6,Route Departementale 13,14.63043527,-61.00976438
202300014985,14,3,2023,2025-12-05 20:45:00,3,78,78551,1,2,1,3,Rd 308,48.93941,2.07596
202300014986,15,9,2023,2025-12-05 19:45:00,2,7,7281,2,1,1,3,Bouvat (Avenue Marc),44.94693,4.85024
202300014987,15,3,2023,2025-12-05 10:15:00,1,78,78029,2,6,1,3,Fleuriottes (Rue Des),48.95492,1.85986
202300014988,15,9,2023,2025-12-05 17:15:00,1,6,6069,2,1,1,1,Rouquier (Boulevard Emmanuel),43.63143,6.9389
202300014989,16,9,2023,2025-12-05 02:45:00,3,3,3185,2,1,1,6,Commune Libre ( Rue De La ),46.35271,2.59791
202300014990,25,12,2023,2025-12-05 01:50:00,5,972,97209,2,1,1,2,Victor Schoelcher (Rue),14.60626,-61.06841
202300014991,14,3,2023,2025-12-05 17:30:00,1,76,76351,2,2,1,3,Saules (Des),49.50859,0.14984
202300014992,15,9,2023,2025-12-05 21:15:00,5,75,75116,2,1,1,2,Porte Dauphine,48.874475,2.275778
202300014993,15,9,2023,2025-12-05 16:30:00,1,75,75117,2,1,1,7,Porte De Saint Ouen,48.900471,2.323526
202300014994,15,3,2023,2025-12-05 22:55:00,5,72,72181,1,6,1,6,Alencon (Rte D'),48.03188,0.17858
202300014995,14,3,2023,2025-12-05 18:15:00,1,72,72181,2,1,1,6,Heuze Olivier (Av) Ndeg Imp De 1 A 239,47.99396,0.17655
202300014996,15,9,2023,2025-12-05 12:05:00,1,75,75120,2,1,1,3,Porte De Bagnolet,48.870563,2.413456
202300014997,24,12,2023,2025-12-05 17:50:00,5,972,97209,2,2,8,3,Abbe Lavigne (Avenue),14.61291,-61.07195
202300014998,16,9,2023,2025-12-05 13:25:00,1,75,75106,2,3,1,3,Rue D Assas,48.847546,2.329981
202300014999,15,3,2023,2025-12-05 20:40:00,5,69,69256,2,7,1,6,Place Guy Moquet,45.78496893,4.91153734
202300015000,16,9,2023,2025-12-05 02:40:00,5,75,75106,2,3,1,2,Quai Des Grands Augustins,48.854395,2.340719
202300015001,15,3,2023,2025-12-05 11:00:00,1,69,69266,2,3,1,1,Rue De La Soie,45.76149611,4.91854684
202300015002,25,12,2023,2025-12-05 13:25:00,1,78,78005,2,6,1,6,Paquet (Avenue),48.96105,2.07391
202300015003,16,9,2023,2025-12-05 11:15:00,1,75,75119,2,3,1,1,Avenue De Flandre,48.8944236,2.38149941
202300015004,14,3,2023,2025-12-05 07:56:00,2,66,66136,2,3,1,3,Adresse_Inconnue,42.69637,2.90716
202300015005,24,12,2023,2025-12-05 16:00:00,1,78,78172,2,7,1,6,Clement (Rue Desire),49.00496,2.11639
202300015006,16,9,2023,2025-12-05 14:15:00,1,75,75118,2,1,1,3,Rue Des Poissonniers,48.896152,2.352902
202300015007,14,3,2023,2025-12-05 07:37:00,2,66,66136,2,3,1,3,Adresse_Inconnue,42.71781958,2.88736582
202300015008,25,12,2023,2025-12-05 08:30:00,1,64,64445,2,1,1,6,Europe De L',43.32008,-0.30958
202300015009,16,9,2023,2025-12-05 12:15:00,1,75,75117,2,3,1,6,Boulevard Pereire,48.887115,2.301774
202300015010,15,3,2023,2025-12-05 08:05:00,1,64,64545,2,9,1,3,Rd810,43.3688,-1.6846
202300015011,12,12,2023,2025-12-05 17:55:00,5,59,59599,2,1,2,6,Gand (Rue De),50.73702456,3.16217196
202300015012,15,3,2023,2025-12-05 08:40:00,1,64,64445,2,1,1,1,Loup Du,43.31797,-0.35127
202300015013,15,9,2023,2025-12-05 11:15:00,1,75,75117,2,3,1,6,Rue Jean Leclaire,48.895456,2.326567
202300015014,25,12,2023,2025-12-05 14:00:00,1,59,59378,2,2,1,6,Traversiere Rue,50.66791,3.07447
202300015015,15,3,2023,2025-12-05 07:45:00,1,64,64024,2,1,1,1,Route De Pitoys,43.46326112,-1.50906444
202300015016,16,9,2023,2025-12-05 17:00:00,1,75,75116,2,1,1,3,Allee De Longchamp,48.870023,2.257601
202300015017,25,12,2023,2025-12-05 09:35:00,1,45,45234,2,2,2,3,Avenue Roger Secretain,47.88553746,1.89717069
202300015018,15,9,2023,2025-12-05 09:25:00,1,75,75116,2,1,1,3,Avenue Raymond Poincare,48.871187,2.284962
202300015019,14,3,2023,2025-12-05 22:25:00,5,64,64102,2,6,1,3,Delay (Rond Point Du Professeur Jean),43.48123,-1.48272
202300015020,25,12,2023,2025-12-05 17:40:00,5,38,38185,2,1,1,6,Rue Joseph Chanrion,45.18829,5.738
202300015021,12,9,2023,2025-12-05 21:15:00,5,75,75116,2,3,1,6,Avenue Victor Hugo,48.872485,2.291992
202300015022,15,3,2023,2025-12-05 08:45:00,1,62,62548,1,2,1,3,D940,50.95835,1.99149
202300015023,25,12,2023,2025-12-05 09:42:00,1,37,37233,2,7,9,6,Moulin (Place Jean),47.38984,0.7268
202300015024,14,3,2023,2025-12-05 20:40:00,5,59,59183,2,1,1,6,Pranard Charles,51.03014,2.35993
202300015025,16,9,2023,2025-12-05 16:30:00,1,75,75115,2,2,1,6,Rue De La Croix Nivert,48.840004,2.290355
202300015026,9,3,2023,2025-12-05 09:45:00,1,59,59008,2,1,1,3,Fendali (Rue),50.34437,3.25682
202300015027,25,12,2023,2025-12-05 19:00:00,3,33,33529,1,1,5,2,Cazaux (Bd De),44.5619,-1.1506
202300015028,16,9,2023,2025-12-05 22:02:00,5,75,75114,2,1,1,3,Boulevard Arago,48.834505,2.334647
202300015029,10,3,2023,2025-12-05 15:15:00,1,59,59178,2,1,2,6,Faubourg De Bethune (Rue Du),50.38115,3.06168
202300015030,16,9,2023,2025-12-05 14:45:00,1,75,75114,2,1,1,3,Boulevard Jourdan,48.819606,2.341906
202300015031,25,12,2023,2025-12-05 06:59:00,2,31,31555,2,1,1,3,Pont Neuf (Pl Du) Du 1Au 9,43.59909,1.44017
202300015032,14,3,2023,2025-12-05 18:30:00,1,50,50129,1,1,1,6,Route Departementale 16,49.63487,-1.71378
202300015033,16,9,2023,2025-12-05 14:30:00,1,75,75114,2,1,1,7,Rue Raymond Losserand,48.831813,2.314166
202300015034,25,12,2023,2025-12-05 11:52:00,1,25,25204,1,3,1,3,Grande Rue,46.932,6.366
202300015035,15,3,2023,2025-12-05 08:00:00,1,47,47001,2,2,1,3,Cassin (Rue Rene),44.19411354,0.62398948
202300015036,16,9,2023,2025-12-05 18:30:00,1,75,75113,2,2,1,3,Rue Vergniaud,48.827893,2.345647
202300015037,15,3,2023,2025-12-05 14:40:00,1,37,37261,2,1,1,6,Tranchee (Avenue De La),47.40193,0.6839
202300015038,16,9,2023,2025-12-05 02:30:00,5,75,75107,2,1,1,6,Quai Anatole France,48.861844,2.321847
202300015039,25,12,2023,2025-12-05 14:10:00,1,25,25056,2,2,1,2,Churchill Bd Winston (Sup19),47.25097,6.00922
202300015040,16,9,2023,2025-12-05 20:20:00,5,75,75111,2,3,1,6,Rue Oberkampf,48.866615,2.381311
202300015041,25,12,2023,2025-12-05 21:53:00,3,17,17300,2,1,1,2,N137,46.16503,-1.12172
202300015042,15,3,2023,2025-12-05 20:00:00,5,35,35238,2,3,1,3,Chezy (Bd De),48.11362,-1.68723
202300015043,25,12,2023,2025-12-05 23:00:00,3,13,13117,2,1,1,2,Baou (Quartier Du Pont Du... Rn 113),43.47489,5.22781
202300015044,16,9,2023,2025-12-05 12:10:00,1,75,75110,2,3,1,6,Boulevard De Magenta,48.869081,2.362417
202300015045,15,3,2023,2025-12-05 18:15:00,1,35,35238,2,7,1,3,Bretagne (Place De),48.10993,-1.68384
202300015046,15,9,2023,2025-12-05 09:45:00,1,75,75110,2,2,1,3,Boulevard De Magenta,48.870548,2.361191
202300015047,25,12,2023,2025-12-05 10:50:00,1,13,13208,2,3,1,3,Vincent Delpuech (Boulevard),43.28303,5.39012
202300015048,15,9,2023,2025-12-05 13:19:00,1,75,75108,2,3,1,6,Boulevard Malesherbes,48.880099,2.313461
202300015049,25,12,2023,2025-12-05 11:35:00,1,13,13001,1,1,1,4,Rn 296,43.544,5.43042
202300015050,25,12,2023,2025-12-05 04:00:00,5,6,6088,2,1,1,6,Madeleine (Bd De La),43.70063,7.23747
202300015051,16,9,2023,2025-12-05 23:00:00,3,75,75104,2,3,1,2,Quai De L Hotel De Ville,48.855327,2.352743
202300015052,25,12,2023,2025-12-05 20:05:00,3,6,6069,1,1,1,6,D6185,43.627526,6.947868
202300015053,16,9,2023,2025-12-05 21:55:00,5,75,75103,2,2,1,7,Boulevard Beaumarchais,48.859246,2.367645
202300015054,25,12,2023,2025-12-05 13:45:00,1,75,75118,2,2,1,3,Boulevard Ney,48.898224,2.352505
202300015055,16,9,2023,2025-12-05 20:25:00,5,75,75104,2,2,1,6,Rue De Rivoli,48.857732,2.350772
202300015056,25,12,2023,2025-12-05 01:45:00,5,75,75117,2,1,1,7,Boulevard Bessieres,48.895146,2.315556
202300015057,25,12,2023,2025-12-05 17:10:00,5,94,94017,2,1,1,6,Avenue Du General De Gaulle,48.824654,2.499715
202300015058,16,9,2023,2025-12-05 16:30:00,1,94,94003,2,1,1,3,Rue Du Colonel Fabien,48.79924064,2.34010506
202300015059,25,12,2023,2025-12-05 18:00:00,2,93,93078,2,3,2,1,Avenue Charles De Gaulle / Rue Le Corbusier,48.95444,2.55196
202300015060,16,9,2023,2025-12-05 11:25:00,1,94,94028,2,1,1,2,Av Du Mal De Lattre De Tassigny,48.798907,2.453815
202300015061,25,12,2023,2025-12-05 02:35:00,5,93,93014,2,1,1,1,Allee De Montfermeil,48.8989973,2.54541782
202300015062,16,9,2023,2025-12-05 18:10:00,1,93,93066,2,4,1,1,Rue Paul Eluard/ Rue Maurice Thorez,48.9399996,2.34496705
202300015063,25,12,2023,2025-12-05 01:00:00,5,93,93005,2,1,1,6,Allee De L'Union,48.92296159,2.51408614
202300015064,15,9,2023,2025-12-05 17:00:00,1,93,93066,2,1,1,3,Rue Du Docteur Delafontaine,48.936244,2.373218
202300015065,25,12,2023,2025-12-05 12:05:00,1,92,92048,2,1,2,6,Gardes (Route Des) Ndeg 91 A 93,48.81522126,2.22150207
202300015066,16,9,2023,2025-12-05 19:30:00,1,93,93046,2,2,1,3,Avenue Vauban / Boulevard Jean Jaures,48.920696,2.526149
202300015067,24,12,2023,2025-12-05 23:17:00,5,92,92024,2,3,1,3,General Leclerc (Bd Du) (9 A 59)   (4 A,48.90959842,2.30678782
202300015068,26,12,2023,2025-12-05 02:05:00,3,22,22356,1,1,1,7,Lieu Dit Noyette,48.561815,-2.874754
202300015069,16,9,2023,2025-12-05 14:50:00,1,93,93031,2,3,1,3,Route De Saint-Leu / Rue Rouget De Lisle,48.95103511,2.33939347
202300015070,24,12,2023,2025-12-05 19:10:00,3,36,36023,1,1,1,6,Adresse_Inconnue,47.05684012,1.664536
202300015071,16,9,2023,2025-12-05 13:45:00,1,93,93014,2,1,1,3,Boulevard Gagarine,48.90711,2.53572
202300015072,24,12,2023,2025-12-05 10:00:00,1,42,42069,1,1,1,6,D56,45.983138,4.05712
202300015073,16,9,2023,2025-12-05 12:35:00,1,93,93047,2,4,1,6,Boulevard Bargue / Rue Du General De Gaulle,48.89903475,2.55407399
202300015074,3,12,2023,2025-12-05 05:50:00,3,83,83054,1,1,1,4,A57,43.157248,6.044668
202300015075,16,9,2023,2025-12-05 00:48:00,5,93,93007,2,2,1,3,Avenue De La Republique / Avenue Pasteur,48.93564,2.47557
202300015076,25,12,2023,2025-12-05 02:50:00,3,974,97422,2,1,9,3,Rue Des Flamboyants,-21.284406,55.50534
202300015077,25,12,2023,2025-12-05 00:20:00,3,974,97422,2,1,1,6,Chemin Des Longoses,-21.235372,55.506347
202300015078,16,9,2023,2025-12-05 00:30:00,5,93,93007,2,2,1,3,Rue Victor Hugo / Rue Julian Grimau,48.94102,2.45877
202300015079,24,12,2023,2025-12-05 19:15:00,3,972,97217,1,1,1,3,Quartier Perou,14.506859,-60.863807
202300015080,15,9,2023,2025-12-05 20:40:00,3,93,93005,2,1,1,6,Rue Camille Pelletan,48.9410555,2.49480557
202300015081,25,12,2023,2025-12-05 16:00:00,1,41,41046,1,1,1,7,A71,47.610489,1.967111
202300015082,16,9,2023,2025-12-05 19:00:00,1,92,92078,2,1,1,7,Gallieni (Bd) (1 A 79 Et 22 A 102),48.92722892,2.33015084
202300015083,25,12,2023,2025-12-05 18:00:00,3,971,97132,2,1,1,7,Pont De La Ravine Blondeau,15.958152,-61.674145
202300015084,16,9,2023,2025-12-05 07:31:00,1,92,92072,2,1,1,6,Grande Rue,48.82415,2.21048
202300015085,23,12,2023,2025-12-05 16:40:00,2,95,95652,2,9,2,6,D909,49.12819308,2.37025738
202300015086,16,9,2023,2025-12-05 11:55:00,1,92,92050,2,3,1,3,Clemenceau Georges Avenue NdegImpair,48.88571392,2.21925616
202300015087,24,12,2023,2025-12-05 20:00:00,3,80,80082,1,1,1,5,D1001,49.977639,2.142441
202300015088,17,9,2023,2025-12-05 12:20:00,1,2B,2B067,2,1,1,7,Rd 146,42.355472,9.381316
202300015089,17,9,2023,2025-12-05 19:40:00,2,1,1333,1,1,1,6,Route Departemental 82,45.935841,4.946208
202300015090,16,9,2023,2025-12-05 21:00:00,3,973,97362,1,1,1,7,Piste Papaichton Maripasoula,3.820301,-54.157276
202300015091,7,10,2023,2025-12-05 12:20:00,1,61,61438,1,2,1,3,D932,48.601097,0.477889
202300015092,15,9,2023,2025-12-05 19:48:00,2,22,22121,1,9,1,1,12 Za De Kercadiou,48.639626,-2.987031
202300015093,22,12,2023,2025-12-05 11:30:00,1,61,61389,2,2,1,3,D926,48.714241,0.429137
202300015094,16,9,2023,2025-12-05 09:45:00,1,43,43040,1,1,1,7,Avenue De La Gare,45.305263,3.368275
202300015095,26,12,2023,2025-12-05 11:30:00,1,12,12120,2,1,1,6,Place Abbe Bessou,44.381631,2.821646
202300015096,24,12,2023,2025-12-05 15:30:00,1,34,34013,2,1,1,7,Chemin De Tourneveille,43.56261,3.44563
202300015097,17,9,2023,2025-12-05 10:15:00,1,17,17244,1,1,1,7,Route De Thaims,45.627533,-0.751807
202300015098,25,12,2023,2025-12-05 17:20:00,3,68,68155,1,4,1,1,D415,48.106091,7.299557
202300015099,16,9,2023,2025-12-05 18:20:00,1,31,31003,1,1,1,1,M18,43.564399,1.580349
202300015100,25,12,2023,2025-12-05 17:30:00,5,25,25157,1,1,1,6,11 Les Rosiers,46.885472,6.364961
202300015101,25,12,2023,2025-12-05 22:30:00,3,25,25336,1,1,1,6,D17,47.052413,5.804515
202300015102,16,9,2023,2025-12-05 17:30:00,1,30,30081,1,1,8,1,Adresse_Inconnue,44.15091,4.69584
202300015103,22,12,2023,2025-12-05 16:40:00,1,38,38389,1,1,1,7,D53,45.594161,5.060062
202300015104,10,9,2023,2025-12-05 09:40:00,1,83,83073,2,9,1,3,Dn7,43.393296,6.319821
202300015105,26,12,2023,2025-12-05 08:15:00,2,26,26289,1,1,1,1,Route De Crest,44.694696,5.168488
202300015106,16,9,2023,2025-12-05 01:20:00,4,91,91617,1,1,1,3,Route Nationale 6,48.64635,2.533808
202300015107,21,12,2023,2025-12-05 15:00:00,1,6,6103,2,1,1,3,Avenue Philippe Corniglion,44.012926,7.308944
202300015108,16,9,2023,2025-12-05 20:00:00,2,19,19002,1,3,1,1,Adresse_Inconnue,45.599912,2.402594
202300015109,20,12,2023,2025-12-05 18:15:00,3,14,14578,1,3,2,3,D579,49.369457,0.204795
202300015110,16,9,2023,2025-12-05 21:40:00,3,56,56066,1,1,1,6,Moulin Trancher,48.142949,-3.533628
202300015111,23,12,2023,2025-12-05 16:02:00,1,14,14369,1,1,7,2,Route De L'Embranchement,49.166395,-0.883327
202300015112,16,9,2023,2025-12-05 10:45:00,1,56,56179,1,1,1,1,Lieu Dit Sapin En Gam,47.84476,-3.409796
202300015113,25,12,2023,2025-12-05 18:30:00,5,60,60508,2,3,1,1,Rue Saint Pierre,49.300442,2.653863
202300015114,17,9,2023,2025-12-05 16:05:00,1,76,76367,1,1,2,6,D90,49.516656,1.069858
202300015115,26,12,2023,2025-12-05 13:10:00,1,64,64391,1,1,1,3,1161 Route De Mauleon,43.257714,-0.85475
202300015116,17,9,2023,2025-12-05 17:20:00,1,65,65054,1,1,1,7,D77,43.046123,0.343838
202300015117,26,12,2023,2025-12-05 07:45:00,1,73,73074,1,1,9,2,D1006,45.42781617,6.27828226
202300015118,16,9,2023,2025-12-05 18:35:00,2,89,89370,2,1,1,6,38 Rue De La Republique,48.179196,3.094043
202300015119,17,12,2023,2025-12-05 10:30:00,1,16,16028,2,3,1,3,Avenue De L?Europe,45.478088,-0.155932
202300015120,17,9,2023,2025-12-05 16:10:00,1,61,61181,2,1,1,6,Place De La Liberation,48.795284,0.29706
202300015121,25,12,2023,2025-12-05 22:40:00,5,23,23086,1,9,8,7,Lascaux,46.039708,2.073734
202300015122,16,9,2023,2025-12-05 19:20:00,1,61,61474,1,1,1,6,D113,48.775385,0.04181
202300015123,25,12,2023,2025-12-05 15:53:00,1,87,87040,2,1,1,7,Avenue De Pont De La Prairie,45.710673,1.599195
202300015124,15,9,2023,2025-12-05 09:50:00,1,47,47168,2,6,1,6,Boulevard Clemenceau,44.600403,0.360156
202300015125,24,12,2023,2025-12-05 07:15:00,2,30,30075,1,1,1,7,2260 Route De Nimes,43.819482,4.294269
202300015126,17,9,2023,2025-12-05 11:55:00,1,34,34096,1,1,3,3,D909,43.575292,3.171058
202300015127,24,12,2023,2025-12-05 13:50:00,1,64,64233,1,9,1,6,A65 - Pr117.400,43.56262093,-0.29675478
202300015128,16,9,2023,2025-12-05 22:00:00,5,68,68258,1,4,1,7,Allee Robert Schuman,47.843025,7.27841
202300015129,25,12,2023,2025-12-05 22:00:00,3,988,98833,1,1,1,6,Rpn5,-21.561995,165.831939
202300015130,16,9,2023,2025-12-05 07:15:00,2,22,22199,1,1,2,6,Kervegan,48.816352,-3.150115
202300015131,16,9,2023,2025-12-05 19:31:00,1,39,39088,1,1,1,7,Adresse_Inconnue,46.627482,5.489126
202300015132,23,12,2023,2025-12-05 11:45:00,1,974,97415,1,6,1,5,N1A,-21.045774,55.222038
202300015133,17,9,2023,2025-12-05 19:20:00,2,25,25175,1,1,1,6,D120,47.255571,6.413757
202300015134,24,12,2023,2025-12-05 17:10:00,1,974,97420,2,1,1,3,Rue Desprez,-20.905985,55.607815
202300015135,16,9,2023,2025-12-05 23:50:00,3,44,44022,2,1,1,6,23 Rue De Bretagne,47.054562,-1.183798
202300015136,25,12,2023,2025-12-05 01:45:00,5,971,97119,1,1,1,2,Beauplan N8,16.404409,-61.466317
202300015137,17,9,2023,2025-12-05 06:40:00,3,29,29162,1,1,2,6,Route De Kerflouz,48.21850743,-3.97601936
202300015138,25,12,2023,2025-12-05 13:30:00,1,978,97801,2,1,1,7,R Charles Tondu,18.063585,-63.090936
202300015139,16,9,2023,2025-12-05 07:25:00,2,38,38511,1,1,1,1,Route Nationale 90,45.356175,5.953732
202300015140,25,12,2023,2025-12-05 06:00:00,2,971,97107,1,1,1,1,Route Nationale N . 1,16.061413,-61.566272
202300015141,17,9,2023,2025-12-05 10:59:00,1,38,38229,2,1,1,6,Avenue Du Vercors,45.20734,5.768375
202300015142,24,12,2023,2025-12-05 23:45:00,3,971,97124,2,1,1,6,Rue Frederic Etienne,16.04121,-61.69597
202300015143,17,9,2023,2025-12-05 14:25:00,1,2,2748,1,1,1,3,Adresse_Inconnue,49.095677,3.608978
202300015144,22,12,2023,2025-12-05 18:00:00,5,21,21515,2,1,1,6,13 Boulevard Du Grand Marche,47.309158,5.100583
202300015145,17,9,2023,2025-12-05 10:30:00,1,3,3044,1,1,1,6,La Courie,46.055487,3.356162