num_acc,jour,mois,an,hrmn,lum,dep,com,agg,int,atm,col,adr,lat,long
202300015146,24,12,2023,2025-12-05 15:45:00,1,2B,2B148,1,1,1,2,Strada Di Corti,42.517003,9.43533
202300015147,16,9,2023,2025-12-05 11:30:00,1,3,3136,1,6,2,7,D745,46.30751,2.446346
202300015148,26,12,2023,2025-12-05 09:00:00,1,66,66164,2,1,7,3,Avenue De La Mourere,42.768151,2.876626
202300015149,17,9,2023,2025-12-05 04:15:00,3,50,50290,1,1,1,6,Route De Saint-Loup,48.657202,-1.269173
202300015150,25,12,2023,2025-12-05 18:00:00,3,66,66065,1,1,1,2,Adresse_Inconnue,42.62365993,2.97846437
202300015151,17,9,2023,2025-12-05 08:43:00,1,60,60431,1,1,1,3,D1032,49.57604343,3.03769209
202300015152,23,12,2023,2025-12-05 17:15:00,1,66,66037,2,1,1,6,Avenue Joseph Sauvy,42.704959,3.011392
202300015153,14,9,2023,2025-12-05 17:40:00,2,36,36248,2,1,1,6,14 Route D'Ardentes,46.819999,1.924337
202300015154,14,12,2023,2025-12-05 10:40:00,1,30,30042,1,3,1,1,Route De Bagard,44.05166699,4.03277636
202300015155,17,9,2023,2025-12-05 08:00:00,2,16,16106,1,1,1,6,La Pelletiere,46.037333,0.633613
202300015156,24,12,2023,2025-12-05 17:30:00,3,38,38374,1,1,1,3,D522,45.657338,5.318348
202300015157,24,12,2023,2025-12-05 11:15:00,1,32,32307,2,1,1,3,32 Rue D?Etigny,43.609827,0.591456
202300015158,16,9,2023,2025-12-05 13:30:00,1,16,16158,1,1,1,1,Chemin Du Plantier,45.581818,0.428209
202300015159,26,12,2023,2025-12-05 10:55:00,1,29,29022,2,3,1,6,Place Charles De Gaulle,48.27554599,-4.59450318
202300015160,17,9,2023,2025-12-05 07:20:00,2,24,24410,1,1,8,6,Departementale 83,45.482852,0.736148
202300015161,26,12,2023,2025-12-05 19:30:00,3,60,60542,1,2,2,3,D12,49.407675,2.17672
202300015162,16,9,2023,2025-12-05 17:30:00,1,28,28405,1,9,1,2,Route Nationale 12,48.748528,1.269227
202300015163,16,9,2023,2025-12-05 02:15:00,3,87,87174,1,1,1,6,Croix D'Arfeuille,45.76325,1.418748
202300015164,26,12,2023,2025-12-05 13:56:00,1,60,60009,2,3,8,1,Avenue Rhin Et Danube,49.407312,2.115099
202300015165,16,9,2023,2025-12-05 16:30:00,1,8,8015,1,1,2,1,D34,49.845676,4.318131
202300015166,16,9,2023,2025-12-05 15:00:00,1,8,8071,1,1,1,6,Adresse_Inconnue,49.81168667,4.46076157
202300015167,26,12,2023,2025-12-05 09:10:00,1,80,80306,1,2,1,3,D930,49.653127,2.68075
202300015168,16,9,2023,2025-12-05 13:00:00,1,31,31424,1,1,1,6,D50,43.544346,1.28774
202300015169,24,12,2023,2025-12-05 21:15:00,3,13,13106,1,1,1,2,A7-Sens Marseille Vers Lyon,43.39071033,5.35120523
202300015170,16,9,2023,2025-12-05 09:50:00,1,978,97801,1,1,1,6,Rn7,18.083925,-63.025252
202300015171,21,12,2023,2025-12-05 16:35:00,1,67,67152,1,1,2,2,Adresse_Inconnue,48.52451,7.69577
202300015172,17,9,2023,2025-12-05 20:40:00,3,21,21347,1,1,1,2,"A6, Pk 306+900, Sens Lyon Vers Paris",46.99856801,4.85883607
202300015173,16,9,2023,2025-12-05 22:45:00,3,13,13032,1,1,1,2,Route Des Milles,43.54973,5.366596
202300015174,25,12,2023,2025-12-05 16:38:00,1,33,33281,1,1,1,6,Rocade A 630,44.85484813,-0.6641372
202300015175,16,9,2023,2025-12-05 16:30:00,1,34,34146,1,1,1,2,Autoroute A9 - Pk 80+500,43.696797,4.094338
202300015176,25,12,2023,2025-12-05 16:30:00,1,91,91286,1,1,1,6,Autoroute A6,48.65609,2.37864
202300015177,16,9,2023,2025-12-05 12:50:00,1,33,33199,2,3,1,3,Allee De Bordeaux,44.625282,-1.05531
202300015178,25,12,2023,2025-12-05 16:10:00,1,93,93005,1,1,1,3,Autoroute A3,48.95598293,2.47342937
202300015179,17,9,2023,2025-12-05 07:00:00,2,45,45062,1,1,1,1,D97 Pr 9 + 260,47.97079479,1.92963673
202300015180,15,9,2023,2025-12-05 19:44:00,1,45,45082,2,1,1,6,83 Grande Rue Du Port,47.860088,2.223251
202300015181,25,12,2023,2025-12-05 18:30:00,3,77,77517,1,1,2,5,Rn104,48.90769383,2.63891275
202300015182,17,9,2023,2025-12-05 12:50:00,1,13,13048,2,1,1,3,45 Boulevard De La Republique,43.637116,5.639001
202300015183,25,8,2023,2025-12-05 12:22:00,1,19,19289,1,1,1,7,Route Des Pouyges,45.20464097,1.3859423
202300015184,16,9,2023,2025-12-05 23:00:00,3,71,71360,2,2,1,6,Carrefour Rd 194 Rd 17,46.329602,4.750342
202300015185,24,12,2023,2025-12-05 09:50:00,1,974,97409,2,1,1,6,De La Republique(Avenue),-20.96144,55.65197
202300015186,15,9,2023,2025-12-05 14:10:00,1,68,68040,2,1,1,6,Rue Du Rhin,47.823719,7.081716
202300015187,25,12,2023,2025-12-05 05:10:00,2,974,97407,2,2,2,3,Carpaye(Avenue),-20.94856,55.299796
202300015188,17,9,2023,2025-12-05 16:30:00,1,73,73054,1,1,1,2,D902,45.67768922,6.74490094
202300015189,16,9,2023,2025-12-05 17:35:00,1,38,38554,1,1,1,7,D517,45.710555,5.273319
202300015190,17,9,2023,2025-12-05 09:30:00,1,1,1403,1,1,1,2,D19,45.817001,5.449262
202300015191,24,12,2023,2025-12-05 14:36:00,1,973,97302,2,1,1,3,Montabo (Route De) 2,4.93812,-52.29917
202300015192,15,9,2023,2025-12-05 12:10:00,1,69,69220,2,3,1,6,Montee Du Pecher,45.736631,4.461184
202300015193,24,12,2023,2025-12-05 12:43:00,1,973,97302,2,1,2,3,Robert Vignon (Rue),4.93128233,-52.32186466
202300015194,16,9,2023,2025-12-05 21:00:00,3,33,33003,1,1,1,2,Avenue De La Presqu'Ile,44.945453,-0.521218
202300015195,16,9,2023,2025-12-05 17:25:00,1,14,14228,1,1,1,6,Route D'Anguerny,49.282474,-0.388273
202300015196,23,12,2023,2025-12-05 18:10:00,3,973,97302,1,1,2,3,Collery (Zone Industrielle),4.90469,-52.31858
202300015197,16,9,2023,2025-12-05 18:30:00,1,22,22168,2,1,2,6,Boulevard Georges Clemenceau,48.818835,-3.437959
202300015198,15,9,2023,2025-12-05 18:15:00,1,22,22306,1,1,1,7,Le Cordon Blanc,48.361938,-1.970265
202300015199,23,12,2023,2025-12-05 12:00:00,1,972,97209,2,2,1,6,Francois Arago (Rue),14.60661,-61.07246
202300015200,16,9,2023,2025-12-05 23:58:00,3,60,60079,1,1,1,7,Rn2,49.17281,2.874684
202300015201,22,12,2023,2025-12-05 16:05:00,1,972,97209,2,1,1,1,Redoute (Route De La),14.62054,-61.06035
202300015202,17,9,2023,2025-12-05 16:35:00,1,80,80774,1,2,1,3,D122,49.883734,2.548538
202300015203,24,12,2023,2025-12-05 13:20:00,1,69,69384,2,3,1,1,26 Boulevard Des Canuts,45.77700464,4.82898055
202300015204,17,9,2023,2025-12-05 02:30:00,3,62,62684,2,1,1,2,Rue Des Flamands,50.696806,2.355632
202300015205,24,12,2023,2025-12-05 19:40:00,5,91,91286,2,1,1,3,General De Gaulle (Avenue Du),48.66644,2.3965
202300015206,16,9,2023,2025-12-05 17:10:00,1,91,91659,1,1,1,2,Autoroute A6,48.57754,2.46395
202300015207,22,12,2023,2025-12-05 22:18:00,5,78,78172,2,2,1,3,Ambassadeur (Rue De L'),49.007126,2.119754
202300015208,16,9,2023,2025-12-05 03:52:00,3,91,91174,1,1,1,3,Rn 104,48.623954,2.468245
202300015209,23,12,2023,2025-12-05 09:30:00,1,69,69091,2,1,1,6,Route Neuve,45.58243,4.76884
202300015210,16,9,2023,2025-12-05 18:25:00,1,92,92050,1,1,1,2,A86,48.91165005,2.2168204
202300015211,16,9,2023,2025-12-05 06:45:00,1,92,92048,1,1,1,6,N118,48.81141418,2.21289598
202300015212,24,12,2023,2025-12-05 18:08:00,5,64,64102,2,1,1,3,D'Arrousets (Rue),43.494817,-1.440594
202300015213,15,9,2023,2025-12-05 16:10:00,1,93,93066,1,1,1,2,Autoroute A1,48.91388028,2.35799795
202300015214,24,12,2023,2025-12-05 03:10:00,5,63,63113,2,1,1,6,Bennett (Rue Gordon),45.78759,3.07984
202300015215,15,9,2023,2025-12-05 07:50:00,1,77,77373,1,9,1,3,Rn104,48.77928728,2.61536001
202300015216,24,12,2023,2025-12-05 20:25:00,5,62,62193,2,5,2,3,Avenue L,50.95158416,1.87653932
202300015217,10,6,2023,2025-12-05 16:45:00,1,75,75119,2,1,1,7,Boulevard Macdonald,48.897526,2.389438
202300015218,24,12,2023,2025-12-05 06:15:00,5,56,56121,2,2,1,6,Chazelles ( Cours Louis  De ),47.75283,-3.36178
202300015219,10,6,2023,2025-12-05 14:00:00,1,75,75118,2,1,1,2,Boulevard Barbes,48.886026,2.349542
202300015220,24,12,2023,2025-12-05 04:37:00,3,45,45302,2,1,1,6,D2701 Pr 1 + 126,47.94681,1.87459
202300015221,10,6,2023,2025-12-05 11:01:00,1,75,75118,2,2,7,6,Boulevard Barbes,48.883854,2.349475
202300015222,24,12,2023,2025-12-05 11:20:00,1,43,43002,2,1,1,6,Chemin De Jalavoux,45.05065,3.887
202300015223,10,6,2023,2025-12-05 10:55:00,1,75,75115,2,2,1,6,Rue De Vaugirard,48.840406,2.30425
202300015224,10,6,2023,2025-12-05 07:20:00,1,75,75115,2,7,1,7,Place Du Moulin De Javel,48.840238,2.271976
202300015225,10,6,2023,2025-12-05 10:50:00,1,75,75120,2,3,1,6,Rue Pelleport,48.863895,2.404137
202300015226,10,6,2023,2025-12-05 12:00:00,1,75,75120,2,3,1,2,Rue Des Pyrenees,48.855408,2.405292
202300015227,10,6,2023,2025-12-05 02:10:00,5,75,75111,2,2,1,6,Rue Sedaine,48.856446,2.373482
202300015228,24,12,2023,2025-12-05 15:10:00,1,38,38423,2,3,1,2,Leclerc (Avenue Gl.)          49 A Fin,45.21285,5.70035
202300015229,10,6,2023,2025-12-05 14:35:00,1,75,75110,2,3,1,3,Rue Du Faubourg Saint Martin,48.879238,2.362906
202300015230,10,6,2023,2025-12-05 12:00:00,1,75,75110,2,1,1,6,Quai De Jemmapes,48.869848,2.366828
202300015231,24,12,2023,2025-12-05 06:10:00,5,29,29232,2,6,2,7,Rond-Point De L'Eau Blanche,47.99120629,-4.07297526
202300015232,10,6,2023,2025-12-05 11:00:00,1,75,75116,2,1,1,2,Route Des Tribunes,48.864088,2.235287
202300015233,10,6,2023,2025-12-05 06:15:00,1,75,75104,2,3,1,6,Quai Henri Iv,48.849742,2.361516
202300015234,3,2,2023,2025-12-05 22:41:00,5,38,38185,2,2,1,3,Rue D'Alembert,45.18725,5.711
202300015235,3,2,2023,2025-12-05 14:30:00,1,38,38421,2,2,1,6,Avenue Gabriel Peri,45.1857,5.76159
202300015236,3,2,2023,2025-12-05 08:00:00,2,35,35238,2,3,1,3,Vezin (Route De),48.11631,-1.71387
202300015237,3,2,2023,2025-12-05 07:30:00,2,34,34108,1,1,1,7,D2E2,43.43967,3.71787
202300015238,3,2,2023,2025-12-05 18:45:00,5,33,33069,2,1,1,6,Rue Raymond Poincare,44.86227,-0.59554
202300015239,3,2,2023,2025-12-05 09:45:00,1,33,33522,2,1,1,6,Rue Henri De Toulouse Lautrec,44.7922,-0.58598
202300015240,3,2,2023,2025-12-05 07:40:00,1,25,25056,2,2,8,6,Blum  Boulevard Leon (Inf 51),47.2624,6.04019
202300015241,2,2,2023,2025-12-05 13:15:00,1,25,25056,2,3,1,6,Battant Rue,47.242006,6.020707
202300015242,3,2,2023,2025-12-05 12:13:00,1,17,17380,1,1,1,3,Rond-Point De Beaulieu,45.66181,-1.0606
202300015243,3,2,2023,2025-12-05 14:25:00,1,17,17028,1,1,1,4,114 Pk Rn137 Justice Rochefort,46.141249,-1.105559
202300015244,3,2,2023,2025-12-05 13:40:00,1,13,13205,2,2,1,3,Sainte Cecile (Rue),43.28819,5.39519
202300015245,2,2,2023,2025-12-05 20:50:00,5,13,13206,2,3,1,3,Pierre Puget (Cours),43.29025204,5.37586174
202300015246,3,2,2023,2025-12-05 05:40:00,3,11,11069,2,1,1,6,Adresse_Inconnue,43.22288,2.35914
202300015247,3,2,2023,2025-12-05 13:51:00,1,10,10325,2,6,8,3,Adresse_Inconnue,48.26934,4.06158
202300015248,3,2,2023,2025-12-05 08:45:00,1,10,10060,2,2,1,3,Avenue Marechal Leclerc,48.25166,4.09888
202300015249,2,2,2023,2025-12-05 15:00:00,1,6,6159,1,1,1,7,Avenue Bella Vista,43.720523,7.339039
202300015250,2,2,2023,2025-12-05 12:05:00,1,75,75117,2,4,1,3,Porte D Asnieres,48.89038228,2.29837954
202300015251,2,2,2023,2025-12-05 09:00:00,1,75,75117,2,1,1,3,Porte D Asnieres,48.889237,2.296154
202300015252,2,2,2023,2025-12-05 06:45:00,2,75,75112,2,1,1,4,Porte De Vincennes,48.84046,2.413686
202300015253,31,1,2023,2025-12-05 10:55:00,1,75,75112,2,4,1,2,Echangeur Bercy,48.82618997,2.39193499
202300015254,3,2,2023,2025-12-05 06:15:00,5,75,75110,2,2,1,2,Rue La Fayette,48.880641,2.362005
202300015255,3,2,2023,2025-12-05 15:15:00,1,75,75120,2,3,1,6,Rue De Menilmontant,48.867948,2.386604
202300015256,3,2,2023,2025-12-05 22:08:00,5,75,75119,2,2,1,6,Avenue Simon Bolivar,48.873941,2.385293
202300015257,3,2,2023,2025-12-05 16:50:00,1,75,75118,2,3,1,6,Rue Riquet,48.88997,2.362493
202300015258,3,2,2023,2025-12-05 10:08:00,1,75,75117,2,2,1,3,Avenue De La Porte D Asnieres,48.890046,2.30386
202300015259,2,2,2023,2025-12-05 16:30:00,1,75,75114,2,2,1,3,Boulevard Romain Rolland,48.82232738,2.31420189
202300015260,3,2,2023,2025-12-05 16:02:00,1,75,75113,2,2,1,3,Boulevard Vincent Auriol,48.832737,2.362167
202300015261,2,2,2023,2025-12-05 22:00:00,5,75,75113,2,7,1,6,Boulevard Vincent Auriol,48.83087977,2.35626161
202300015262,3,2,2023,2025-12-05 16:48:00,1,75,75111,2,1,1,3,Boulevard Voltaire,48.851553,2.390558
202300015263,2,2,2023,2025-12-05 14:00:00,1,75,75118,2,2,1,3,Boulevard Ornano,48.894616,2.347176
202300015264,3,2,2023,2025-12-05 18:50:00,5,75,75104,2,3,1,6,Rue De Rivoli,48.855496,2.360087
202300015265,3,2,2023,2025-12-05 18:20:00,5,75,75102,2,3,1,2,Boulevard De Bonne Nouvelle,48.870382,2.349533
202300015266,3,2,2023,2025-12-05 05:30:00,5,75,75104,2,3,1,3,Quai De Gesvres,48.856519,2.349482
202300015267,2,2,2023,2025-12-05 22:50:00,5,75,75101,2,2,1,7,Quai Du Louvre,48.858524,2.342517
202300015268,3,2,2023,2025-12-05 19:15:00,5,94,94081,2,9,1,6,Rue Saint-Germain,48.7901,2.39315
202300015269,2,2,2023,2025-12-05 16:45:00,1,94,94068,2,2,1,3,Rue Du Bois Des Moines,48.78837845,2.50639844
202300015270,2,2,2023,2025-12-05 18:50:00,5,94,94037,2,3,1,3,95 Avenue Paul Vaillant-Couturier,48.81649,2.338
202300015271,3,2,2023,2025-12-05 01:15:00,5,94,94017,2,2,1,3,Avenue Marx Dormoy,48.80632,2.530052
202300015272,21,1,2023,2025-12-05 14:25:00,1,94,94017,2,2,1,6,Rue Louis Talamoni / Rue Albert Thomas,48.81353,2.5109
202300015273,3,2,2023,2025-12-05 10:15:00,1,94,94071,2,2,2,6,Rue Montaleau / Rue De Champigny,48.771638,2.509405
202300015274,3,2,2023,2025-12-05 01:45:00,5,93,93010,2,2,2,3,Avenue Gallieni / Avenue De Rosny,48.90407,2.47087
202300015275,3,2,2023,2025-12-05 15:20:00,1,93,93005,2,3,1,3,Allee Duguay-Trouin / Rue Auguste Renoir,48.958172,2.495363
202300015276,3,2,2023,2025-12-05 20:00:00,5,92,92050,2,3,1,2,Commune De Paris Avenue De La,48.89756197,2.19700545
202300015277,3,2,2023,2025-12-05 18:00:00,5,92,92050,2,1,1,1,Haras Rue Du,48.91896742,2.22025484
202300015278,3,2,2023,2025-12-05 04:36:00,5,92,92049,2,9,8,6,Ginoux Av. Henri Ndeg1 A 95 Et 2 A 104,48.8176437,2.32207873
202300015279,3,2,2023,2025-12-05 21:05:00,5,92,92040,2,2,1,3,Gallieni (Boulevard),48.83156,2.2672
202300015280,3,2,2023,2025-12-05 12:27:00,1,92,92036,2,1,1,2,Vieux Chemin De Saint Denis (Avenue),48.93163492,2.31923506
202300015281,3,2,2023,2025-12-05 09:14:00,1,92,92036,2,1,1,6,Louis Roche (Avenue) (47/151),48.92697,2.31438
202300015282,3,2,2023,2025-12-05 08:45:00,1,92,92024,2,1,2,7,Europe (Allees De),48.91108459,2.31004313
202300015283,3,2,2023,2025-12-05 07:45:00,2,92,92023,2,1,2,2,Victor Hugo (Avenue),48.80735,2.270547
202300015284,3,2,2023,2025-12-05 19:42:00,5,92,92012,2,2,1,6,Issy (Rue D'),48.829,2.24612
202300015285,3,2,2023,2025-12-05 20:00:00,3,35,35033,1,1,1,1,D38,47.9346653,-1.74742162
202300015286,4,2,2023,2025-12-05 05:45:00,3,44,44202,1,1,1,6,201 La Croix,47.45531,-1.299324
202300015287,2,2,2023,2025-12-05 16:50:00,1,83,83072,2,1,1,6,Avenue De Toulon,43.48922,6.35501611
202300015288,3,2,2023,2025-12-05 19:30:00,5,1,1416,1,3,1,6,D1504,45.922476,5.501983
202300015289,20,1,2023,2025-12-05 11:05:00,1,42,42338,1,2,1,3,Route De Perreux,46.072978,4.118897
202300015290,3,2,2023,2025-12-05 09:20:00,1,31,31035,2,1,1,6,39 Chemin De L'Eglise,43.528836,1.480019
202300015291,4,2,2023,2025-12-05 13:30:00,1,31,31435,2,6,1,3,2 Rue Aymeric De Murel,43.417046,1.173123
202300015292,3,2,2023,2025-12-05 14:10:00,1,31,31567,1,2,7,3,D826,43.594123,1.66806
202300015293,3,2,2023,2025-12-05 18:00:00,2,42,42284,1,1,1,5,N7,46.097311,3.98661
202300015294,3,2,2023,2025-12-05 16:40:00,1,58,58086,2,1,8,3,Rue Saint Lazare,47.418839,2.932309
202300015295,4,2,2023,2025-12-05 13:45:00,1,79,79329,1,1,1,7,Adresse_Inconnue,46.985288,-0.279078
202300015296,4,2,2023,2025-12-05 18:00:00,2,65,65017,1,1,1,7,D173,42.777252,0.197786
202300015297,4,2,2023,2025-12-05 16:20:00,1,71,71376,1,1,8,6,Route De La Canche,47.019211,4.107949
202300015298,4,2,2023,2025-12-05 10:20:00,1,63,63430,2,1,1,6,Avenue Leo Lagrange,45.84841759,3.53294671
202300015299,2,2,2023,2025-12-05 16:20:00,1,63,63050,2,6,1,3,Giratoire D34/D76,45.408834,3.326948
202300015300,1,2,2023,2025-12-05 07:45:00,2,86,86076,1,1,1,1,Rd30,46.65458,0.218783
202300015301,4,2,2023,2025-12-05 02:15:00,3,39,39531,1,1,1,6,Adresse_Inconnue,46.512851,5.749068
202300015302,3,2,2023,2025-12-05 20:10:00,3,25,25445,1,1,1,1,N83,47.03853,5.873984
202300015303,4,2,2023,2025-12-05 02:50:00,3,35,35184,1,3,1,6,Montreuil,48.2158189,-2.030911
202300015304,3,2,2023,2025-12-05 19:25:00,3,3,3138,1,1,1,3,Route Du Donjon,46.250713,3.658292
202300015305,31,1,2023,2025-12-05 07:00:00,2,26,26305,1,1,6,1,D74,44.585751,4.893894
202300015306,3,2,2023,2025-12-05 19:00:00,5,14,14534,2,3,1,3,25 Route De Pont-L'Eveque,49.263989,0.141026
202300015307,3,2,2023,2025-12-05 13:10:00,1,5,5029,1,1,7,1,Route D'Orcieres,44.642755,6.166935
202300015308,19,1,2023,2025-12-05 17:35:00,1,9,9070,1,1,2,4,Rn 20 - Pk65+200,42.777322,1.696379
202300015309,4,2,2023,2025-12-05 00:50:00,3,60,60626,1,1,1,6,D915,49.375933,1.752931
202300015310,31,1,2023,2025-12-05 08:30:00,2,16,16292,1,1,1,6,D911,46.049214,0.198601
202300015311,3,2,2023,2025-12-05 12:23:00,1,85,85206,1,1,1,7,D949,46.46272,-1.31872
202300015312,31,1,2023,2025-12-05 17:15:00,1,85,85047,2,9,1,6,Vc 190 Rue Carnot,46.854459,-1.895765
202300015313,3,2,2023,2025-12-05 23:20:00,3,30,30147,1,1,1,3,D982,44.021999,4.040823
202300015314,3,2,2023,2025-12-05 18:15:00,3,8,8338,1,1,2,6,Adresse_Inconnue,49.40893134,4.4691224
202300015315,3,2,2023,2025-12-05 20:35:00,3,30,30347,1,1,1,1,Rd135,43.723289,4.269862
202300015316,2,2,2023,2025-12-05 11:50:00,1,13,13050,1,1,7,3,Route D'Avignon,43.656915,5.257629
202300015317,3,2,2023,2025-12-05 21:10:00,3,60,60299,1,1,1,2,A16 Pk 94+300 B/P,49.620817,2.209235
202300015318,4,2,2023,2025-12-05 17:55:00,1,53,53201,1,1,1,2,A81,48.094248,-0.857019
202300015319,4,2,2023,2025-12-05 03:30:00,3,21,21347,1,1,1,4,"Autoroute A6, Pk 306.400",47.002566,4.860742
202300015320,3,2,2023,2025-12-05 12:40:00,1,95,95604,1,1,1,5,Rd 317,49.09884758,2.53137231
202300015321,4,2,2023,2025-12-05 15:25:00,1,988,98804,1,3,8,5,Rpn3/Rm15- Intersection Nakety Saint Louis,-21.548949,166.038795
202300015322,4,2,2023,2025-12-05 06:35:00,1,971,97112,2,1,1,6,Beaurenom,15.880901,-61.310229
202300015323,3,2,2023,2025-12-05 19:20:00,3,971,97121,1,1,1,6,Lieu Dit Baillargent,16.258325,-61.806011
202300015324,2,2,2023,2025-12-05 12:30:00,1,971,97124,2,1,1,7,Route De Morin,16.004247,-61.704451
202300015325,4,2,2023,2025-12-05 10:45:00,1,18,18207,2,1,1,6,50 Route De Rosieres,46.978256,2.248921
202300015326,4,2,2023,2025-12-05 18:40:00,3,66,66017,1,1,6,6,Adresse_Inconnue,42.8366041,3.03846
202300015327,4,2,2023,2025-12-05 15:40:00,1,21,21390,2,3,1,3,54 Rue Du Carre,47.277746,4.985079
202300015328,3,2,2023,2025-12-05 18:55:00,5,68,68028,2,1,1,1,Route De Selestat,48.205597,7.373457
202300015329,3,2,2023,2025-12-05 20:45:00,3,73,73317,1,1,1,3,D123 - Route Du Mont Bisanne,45.74614036,6.53680701
202300015330,3,2,2023,2025-12-05 20:40:00,3,31,31263,1,1,1,1,Route De Muret,43.419917,1.376154
202300015331,4,2,2023,2025-12-05 17:00:00,1,19,19038,1,1,1,3,Hautefage,45.267317,1.73695
202300015332,4,2,2023,2025-12-05 10:12:00,1,35,35257,2,1,1,6,62Rue D'Antrain,48.415188,-1.378682
202300015333,4,2,2023,2025-12-05 11:20:00,1,27,27070,1,1,1,2,D316,49.303468,1.497746
202300015334,3,2,2023,2025-12-05 03:41:00,3,13,13071,1,1,1,2,A7-Sens Marseille Vers Lyon,43.40365,5.30842
202300015335,3,2,2023,2025-12-05 19:11:00,5,83,83137,1,1,1,4,A57,43.12334,5.95911
202300015336,3,2,2023,2025-12-05 14:20:00,1,69,69259,1,1,1,4,Boulevard Peripherique Laurent Bonnevay,45.71768,4.86286
202300015337,3,2,2023,2025-12-05 18:00:00,3,91,91471,1,1,1,7,Rn 118,48.698134,2.192247
202300015338,3,2,2023,2025-12-05 14:12:00,1,91,91659,1,1,1,7,Autoroute A6,48.58284,2.45698
202300015339,3,2,2023,2025-12-05 02:20:00,3,91,91161,1,1,1,2,Autoroute A6,48.719897,2.310716
202300015340,3,2,2023,2025-12-05 18:30:00,3,95,95018,1,1,1,3,A15,48.95528809,2.27796417
202300015341,3,2,2023,2025-12-05 17:10:00,2,95,95582,1,1,1,6,A115,48.97648,2.2415
202300015342,2,2,2023,2025-12-05 19:45:00,3,93,93078,1,1,1,4,Autoroute A104,48.96208,2.5464
202300015343,1,2,2023,2025-12-05 07:50:00,1,95,95572,1,1,1,2,A15,49.03421791,2.10199934
202300015344,2,2,2023,2025-12-05 10:10:00,1,76,76351,2,1,1,6,Huit Mai 1945 (Avenue Du),49.51362,0.1637
202300015345,2,2,2023,2025-12-05 13:00:00,1,974,97416,1,7,1,3,Ancienne Rn 1,-21.323,55.44509
202300015346,1,2,2023,2025-12-05 16:10:00,1,974,97416,2,9,1,2,Rn1 (Route Nationale),-21.32693,55.45054
202300015347,3,2,2023,2025-12-05 00:30:00,4,69,69387,2,2,1,6,Boulevard Chambaud De La Bruyere,45.72277,4.84237
202300015348,2,2,2023,2025-12-05 17:50:00,1,69,69387,2,1,1,6,Avenue Jean Jaures,45.72777,4.83158
202300015349,2,2,2023,2025-12-05 09:55:00,1,69,69383,2,3,1,3,33 Avenue Felix Faure,45.75281718,4.85221906
202300015350,1,2,2023,2025-12-05 09:45:00,1,69,69388,2,3,1,6,228 Avenue Berthelot,45.74,4.8577
202300015351,1,2,2023,2025-12-05 12:45:00,1,972,97209,2,1,1,3,General De Gaulle (Bld Du),14.60767,-61.0697
202300015352,2,2,2023,2025-12-05 11:50:00,1,69,69389,2,3,1,6,Rue Frere Benoit,45.76378,4.79547
202300015353,2,2,2023,2025-12-05 08:45:00,1,69,69382,2,3,1,3,Quai Marechal Joffre,45.75265528,4.82460873
202300015354,1,2,2023,2025-12-05 21:15:00,5,69,69389,2,9,1,3,76 Rue Pierre Audry,45.763,4.8075
202300015355,1,2,2023,2025-12-05 08:35:00,1,69,69381,2,3,1,3,2 Rue Terme,45.76811,4.8321
202300015356,2,2,2023,2025-12-05 13:05:00,1,2B,2B120,1,1,1,3,11 - Rt,42.66076,9.44228
202300015357,2,2,2023,2025-12-05 08:50:00,1,95,95277,2,6,1,6,Avenue De La Concorde,48.996905,2.419503
202300015358,2,2,2023,2025-12-05 11:15:00,1,91,91339,2,3,1,3,Rue De La Division Leclerc,48.62622,2.26262
202300015359,2,2,2023,2025-12-05 20:49:00,5,91,91691,2,1,1,3,Concy(Rue),48.7137,2.48909
202300015360,31,1,2023,2025-12-05 12:05:00,1,91,91174,2,1,1,4,Av Du 8 Mai 1945,48.61167,2.45317
202300015361,2,2,2023,2025-12-05 07:49:00,2,87,87050,1,1,1,6,Texonnieras (Rue De),45.86161,1.22012
202300015362,1,2,2023,2025-12-05 14:41:00,1,87,87085,2,1,1,6,Perrin (Rue Francois),45.82958,1.24863
202300015363,31,1,2023,2025-12-05 19:31:00,5,87,87085,2,2,3,3,Isle (Rue D'),45.8247,1.23457
202300015364,1,2,2023,2025-12-05 17:45:00,2,83,83129,2,1,1,6,Mer (Avenue De La) Ndeg Pairs,43.1034866,5.81915992
202300015365,2,2,2023,2025-12-05 07:10:00,5,77,77251,1,2,1,1,D306,48.617508,2.568695
202300015366,2,2,2023,2025-12-05 08:05:00,2,77,77186,1,6,1,6,D138 / D606,48.474722,2.678764
202300015367,2,2,2023,2025-12-05 18:20:00,5,76,76322,2,6,1,4,Boulevard De Verdun,49.41567,1.05305
202300015368,25,1,2023,2025-12-05 12:25:00,1,76,76319,1,1,1,7,N138,49.350953,1.024584
202300015369,2,2,2023,2025-12-05 17:00:00,1,74,74012,2,1,1,6,Vallees (Route Des),46.1933,6.24286
202300015370,2,2,2023,2025-12-05 17:45:00,5,73,73008,2,3,1,3,D991,45.67207,5.90845
202300015371,1,2,2023,2025-12-05 15:38:00,1,72,72181,2,1,1,6,Maillets (Rue Des) Imp 37 A 159,48.01442014,0.20981133
202300015372,1,2,2023,2025-12-05 02:40:00,5,71,71270,2,2,1,7,Neuf Cles (Boulevard Des),46.30784,4.82065
202300015373,2,2,2023,2025-12-05 20:50:00,5,69,69266,2,1,1,4,Avenue Roger Salengro,45.78280636,4.89022605
202300015374,2,2,2023,2025-12-05 21:30:00,5,69,69259,2,1,1,6,21 Rue Carnot,45.70342,4.88055