num_acc,jour,mois,an,hrmn,lum,dep,com,agg,int,atm,col,adr,lat,long
202300015375,1,2,2023,2025-12-05 18:50:00,5,67,67447,2,1,1,3,Bischwiller (Route De),48.60275557,7.74599433
202300015376,31,1,2023,2025-12-05 16:36:00,1,66,66136,2,2,1,4,Adresse_Inconnue,42.695271,2.9022
202300015377,2,2,2023,2025-12-05 21:11:00,5,64,64348,2,1,1,3,Jean Mermoz,43.32254,-0.37929
202300015378,2,2,2023,2025-12-05 09:25:00,1,64,64445,1,1,7,4,Olof Palme,43.33541,-0.36176
202300015379,2,2,2023,2025-12-05 08:30:00,1,64,64024,2,1,1,2,10Bis Rue De Dous Bos,43.489745,-1.502998
202300015380,1,2,2023,2025-12-05 09:00:00,1,64,64102,2,1,1,7,17 Lorraine (Boulevard D'Alsace),43.49469,-1.4685
202300015381,1,2,2023,2025-12-05 07:50:00,2,64,64140,2,1,1,5,Saint Gobain (Quai),43.51689,-1.48875
202300015382,2,2,2023,2025-12-05 08:20:00,1,60,60057,2,1,1,6,Rue De Calais,49.4368,2.08444
202300015383,2,2,2023,2025-12-05 12:00:00,1,59,59599,2,2,1,3,Gambetta (Boulevard),50.70544,3.16016
202300015384,2,2,2023,2025-12-05 20:20:00,5,59,59350,2,1,1,3,Jacquet Eugene Rue NdegImpairs,50.63737496,3.08402002
202300015385,31,1,2023,2025-12-05 08:30:00,1,59,59009,2,1,1,2,Hem Rue D,50.65074,3.16061
202300015386,24,1,2023,2025-12-05 11:00:00,1,59,59183,2,9,1,6,Cambon Paul - Boulevard,51.043692,2.404205
202300015387,2,2,2023,2025-12-05 11:44:00,1,54,54174,1,3,8,2,Avenue Du Marechal Joffre,48.66719,5.8539
202300015388,3,2,2023,2025-12-05 00:05:00,5,51,51454,2,1,1,7,Rue De Chevigne,49.25626,4.04892
202300015389,30,1,2023,2025-12-05 15:25:00,1,50,50129,2,3,1,3,Val De Saire (Rue Du),49.63904,-1.60628
202300015390,1,2,2023,2025-12-05 08:54:00,1,49,49007,2,3,1,3,Bressigny,47.46716,-0.54942
202300015391,2,2,2023,2025-12-05 12:48:00,1,45,45208,2,1,1,6,12 Rue De Triqueti,47.99876,2.73246
202300015392,2,2,2023,2025-12-05 21:20:00,5,44,44190,2,2,1,3,57 Rue Du Douet,47.19926,-1.50799
202300015393,2,2,2023,2025-12-05 22:20:00,5,42,42044,2,1,1,6,Rue James Jackson,45.39887,4.33979
202300015394,1,2,2023,2025-12-05 17:30:00,1,38,38563,2,6,1,6,Kofler (Boulevard E.),45.36133,5.59864
202300015395,2,2,2023,2025-12-05 11:20:00,1,38,38185,2,3,1,6,Boulevard Jean Pain,45.1858,5.7334
202300015396,2,2,2023,2025-12-05 16:30:00,1,35,35278,1,1,1,2,Gaulle (Rue Du Gal De),48.1417,-1.68665
202300015397,2,2,2023,2025-12-05 08:40:00,1,35,35238,2,3,1,6,Bouzat (Doyen Albert),48.12829,-1.63861
202300015398,2,2,2023,2025-12-05 12:10:00,1,34,34172,2,6,1,2,Avenue Ernest Hemingway,43.63647,3.83157
202300015399,19,10,2023,2025-12-05 08:30:00,1,6,6032,2,1,2,6,Liaison Marquet,43.727435,7.412314
202300015400,1,2,2023,2025-12-05 18:30:00,5,33,33281,2,3,1,3,Avenue Montesquieu,44.84638122,-0.63506824
202300015401,2,2,2023,2025-12-05 17:25:00,1,33,33529,1,6,1,6,Cazaux (Bd De) Du 02 Et +,44.61694809,-1.13757312
202300015402,18,10,2023,2025-12-05 16:30:00,1,64,64362,1,1,1,1,D14,43.33999,-1.076242
202300015403,1,2,2023,2025-12-05 21:05:00,5,33,33529,2,1,1,1,Port (Rue Du),44.63625117,-1.14453077
202300015404,19,10,2023,2025-12-05 07:10:00,5,18,18197,2,1,8,6,26 Rue Henri Barbusse,46.723164,2.501793
202300015405,1,2,2023,2025-12-05 15:40:00,1,33,33529,2,6,1,3,Leclerc (Ave Du Gal),44.64837,-1.15288
202300015406,2,2,2023,2025-12-05 17:35:00,1,32,32013,2,1,1,6,Marne (Avenue De La),43.64926,0.59651
202300015407,18,10,2023,2025-12-05 15:40:00,1,36,36018,2,2,2,5,Rue Albert Chichery,46.638189,1.061763
202300015408,2,2,2023,2025-12-05 16:10:00,1,31,31555,2,1,1,6,Bd De L Embouchure,43.61612651,1.43647045
202300015409,2,2,2023,2025-12-05 11:55:00,1,29,29232,2,1,1,6,Place Louis Armand,47.994222,-4.09224
202300015410,18,10,2023,2025-12-05 07:50:00,3,40,40001,2,1,2,2,Coste De Lariou,43.694966,-0.274084
202300015411,2,2,2023,2025-12-05 17:20:00,1,28,28404,2,1,1,3,Martin Luther King (Rue),48.71988,1.34183
202300015412,17,10,2023,2025-12-05 20:50:00,3,40,40163,1,1,1,7,Avenue Des Grands Lacs,44.261091,-0.991988
202300015413,2,2,2023,2025-12-05 12:05:00,1,25,25056,2,8,8,3,Corvee Rue De La,47.25748,6.04193
202300015414,1,2,2023,2025-12-05 17:24:00,1,22,22278,1,1,1,2,Rn12,48.50478,-2.73257
202300015415,18,10,2023,2025-12-05 17:00:00,1,24,24520,1,1,2,3,Route D'Alsace,44.912604,1.20719
202300015416,2,2,2023,2025-12-05 07:30:00,2,21,21355,2,3,1,3,Chicago (De) (Boulevard),47.300397,5.059999
202300015417,1,2,2023,2025-12-05 06:50:00,3,19,19031,2,3,1,7,Lissac (Route De),45.134286,1.475273
202300015418,13,9,2023,2025-12-05 16:20:00,1,85,85234,2,1,1,7,57 Route De La Caillauderie,46.774943,-2.033399
202300015419,2,2,2023,2025-12-05 22:05:00,5,17,17300,2,2,1,1,Joffre   Boulevard (79 Et 18),46.15801,-1.14217
202300015420,18,10,2023,2025-12-05 14:45:00,1,87,87154,2,1,3,1,Avenue Gay Lussac,45.887801,0.886792
202300015421,2,2,2023,2025-12-05 20:15:00,5,14,14271,2,1,1,6,21 Route D'Harcourt,49.14962,-0.37206
202300015422,19,10,2023,2025-12-05 08:57:00,1,37,37143,2,1,1,6,14 Route De Blere,47.13858262,0.79588652
202300015423,2,2,2023,2025-12-05 19:10:00,3,13,13117,1,9,1,3,Bernarde (Auberge La) Rn 113,43.47405,5.22857
202300015424,18,10,2023,2025-12-05 07:40:00,5,24,24226,2,1,2,6,Route De Bergerac,44.851762,0.029655
202300015425,1,2,2023,2025-12-05 16:30:00,1,13,13054,2,3,1,3,Combattants Afn 52 62 (Av Des ),43.40101,5.22578
202300015426,2,2,2023,2025-12-05 08:45:00,1,13,13206,2,1,1,3,Delphes (Avenue De),43.28413,5.38753
202300015427,5,10,2023,2025-12-05 08:00:00,1,24,24189,1,9,1,3,Conterie Est,44.881152,0.182337
202300015428,2,1,2023,2025-12-05 09:15:00,1,13,13207,2,1,1,1,Corniche John Fitzgerald Kennedy,43.28838,5.35309
202300015429,2,2,2023,2025-12-05 21:15:00,5,6,6088,2,9,1,3,Durante (Av.),43.70282,7.26236
202300015430,18,10,2023,2025-12-05 16:45:00,1,91,91649,1,1,2,1,D26,48.561611,2.354286
202300015431,2,2,2023,2025-12-05 08:15:00,1,6,6069,2,1,1,2,Pegomas (Route De),43.638304,6.933609
202300015432,19,10,2023,2025-12-05 17:20:00,1,6,6030,1,1,2,5,A8,43.583624,7.02271
202300015433,2,2,2023,2025-12-05 09:45:00,1,6,6123,2,4,1,3,Gerbault Alain Promenade,43.6566,7.17968
202300015434,18,10,2023,2025-12-05 16:38:00,1,13,13032,1,1,8,3,D18 Route De Loqui,43.566485,5.346898
202300015435,31,1,2023,2025-12-05 16:15:00,1,3,3101,2,6,1,3,Rue Du Stade,46.3573,2.53716
202300015436,2,2,2023,2025-12-05 17:20:00,1,92,92073,2,1,1,6,Bac (Rue Du),48.86923132,2.22999474
202300015437,19,10,2023,2025-12-05 12:45:00,1,68,68118,2,1,2,1,153 Rue Du General De Gaulle,47.721322,7.418341
202300015438,31,1,2023,2025-12-05 13:00:00,1,75,75114,2,4,1,5,Boulevard Peripherique Exterieur Sud,48.816449,2.342122
202300015439,15,10,2023,2025-12-05 13:55:00,1,13,13076,1,1,1,2,"A7, Pk 208+400 Direction Marseille",43.830889,5.012233
202300015440,1,2,2023,2025-12-05 12:40:00,1,75,75120,2,1,1,2,Porte De Montreuil,48.855428,2.414051
202300015441,19,10,2023,2025-12-05 07:15:00,2,60,60482,1,1,1,3,D924A,49.159411,2.516341
202300015442,2,2,2023,2025-12-05 12:00:00,1,75,75119,2,2,1,3,Boulevard Macdonald,48.898299,2.386144
202300015443,17,10,2023,2025-12-05 07:50:00,1,973,97305,1,1,1,3,Route Nationale 1,4.946617,-52.420299
202300015444,19,10,2023,2025-12-05 08:20:00,2,77,77082,1,1,2,1,D47,48.603868,2.805612
202300015445,18,10,2023,2025-12-05 11:15:00,1,2B,2B298,1,1,1,1,D238,42.678791,9.315977
202300015446,14,9,2023,2025-12-05 16:35:00,1,6,6142,2,1,1,6,D2204,43.848027,7.363278
202300015447,19,10,2023,2025-12-05 18:08:00,3,25,25350,1,1,2,6,D663,47.462886,6.681962
202300015448,19,10,2023,2025-12-05 07:30:00,2,68,68298,2,2,2,6,Rue Kroeber Imlin,48.244757,7.179887
202300015449,19,10,2023,2025-12-05 15:45:00,1,68,68189,2,1,2,6,9 Rue D'Appenwihr,48.023375,7.411469
202300015450,18,10,2023,2025-12-05 16:30:00,1,57,57206,1,6,1,3,Route Nationale 52,49.282742,6.125543
202300015451,18,10,2023,2025-12-05 19:55:00,5,38,38071,2,1,2,7,Avenue Louis Colmard,45.08246,5.731226
202300015452,18,10,2023,2025-12-05 23:55:00,4,38,38486,1,1,3,7,109 Avenue De Claix,45.14518,5.676769
202300015453,18,10,2023,2025-12-05 17:45:00,1,60,60157,2,3,2,6,Rue De La Croix Picard,49.380599,2.410727
202300015454,16,10,2023,2025-12-05 14:27:00,1,57,57672,1,1,1,2,Autoroute A31,49.3482577,6.16371632
202300015455,18,10,2023,2025-12-05 08:55:00,1,33,33249,1,1,3,7,Route Nationale 230,44.88082209,-0.51066577
202300015456,18,10,2023,2025-12-05 06:13:00,5,33,33397,1,1,2,4,Autoroute A 10,44.914017,-0.480853
202300015457,18,10,2023,2025-12-05 07:42:00,3,91,91434,1,1,8,2,Autoroute A6,48.66829,2.35401
202300015458,18,10,2023,2025-12-05 09:00:00,1,94,94003,1,1,1,5,A6A,48.80193886,2.34201599
202300015459,17,10,2023,2025-12-05 19:35:00,3,78,78640,1,1,1,3,N118,48.782318,2.223139
202300015460,17,10,2023,2025-12-05 08:30:00,1,78,78571,1,1,1,3,A13,48.867415,2.033212
202300015461,17,10,2023,2025-12-05 08:30:00,2,78,78646,1,1,1,7,Rn12 Int,48.783697,2.158476
202300015462,18,10,2023,2025-12-05 14:30:00,1,93,93006,1,1,3,2,Autoroute A3,48.86628,2.41456
202300015463,18,10,2023,2025-12-05 14:00:00,1,94,94033,1,1,2,2,A86,48.84919697,2.49125102
202300015464,18,10,2023,2025-12-05 11:15:00,1,94,94073,1,1,1,2,A86,48.7704672,2.38375781
202300015465,18,10,2023,2025-12-05 08:20:00,1,94,94028,1,1,1,2,A86,48.78530834,2.44039875
202300015466,18,10,2023,2025-12-05 07:40:00,2,77,77083,1,1,1,5,A4.W,48.83372592,2.59108543
202300015467,14,8,2023,2025-12-05 12:45:00,1,973,97302,2,1,1,7,Raban (Route De),4.93658411,-52.31502369
202300015468,5,5,2023,2025-12-05 09:06:00,1,41,41212,2,6,2,5,Patte D'Oie (Rond Point),47.56189,1.37272
202300015469,13,4,2023,2025-12-05 16:00:00,1,13,13103,1,1,1,1,Rn 113,43.64045497,5.06564132
202300015470,22,7,2023,2025-12-05 23:20:00,3,13,13056,1,1,1,6,Maritime (Bld),43.40344,5.02547
202300015471,18,8,2023,2025-12-05 16:50:00,1,13,13026,2,1,1,6,Jai (Plage Du),43.40411,5.14648
202300015472,9,6,2023,2025-12-05 18:25:00,1,92,92078,2,9,1,6,Jean Giraudoux (Square),48.93698458,2.32766725
202300015473,16,10,2023,2025-12-05 17:40:00,1,976,97611,2,1,1,3,Kaweni-Kaweni Nord ( Z I ),-12.75653,45.23331
202300015474,17,10,2023,2025-12-05 17:50:00,1,974,97411,2,1,1,6,Grenadiers (Chemin Des),-20.91399,55.47749
202300015475,17,10,2023,2025-12-05 07:40:00,1,973,97302,2,1,1,1,Raban (Route De),4.92666461,-52.31393874
202300015476,11,10,2023,2025-12-05 07:10:00,1,973,97302,2,2,1,3,Mandela  (Boulevard),4.94126322,-52.32696623
202300015477,17,10,2023,2025-12-05 09:20:00,1,972,97213,1,1,1,2,Autoroute A1,14.61824,-61.0341
202300015478,11,10,2023,2025-12-05 13:40:00,1,972,97209,2,1,1,3,Didier (Chemin Departemental Ndeg45 De),14.61855,-61.07972
202300015479,16,10,2023,2025-12-05 14:40:00,1,972,97209,2,9,1,3,Redoute (Route De La),14.61771,-61.0618
202300015480,17,10,2023,2025-12-05 07:20:00,1,971,97101,2,4,1,3,Dugazon,16.2517139,-61.51903331
202300015481,16,10,2023,2025-12-05 06:05:00,1,971,97101,2,9,1,4,Chauvel,16.23869,-61.52634
202300015482,17,10,2023,2025-12-05 09:00:00,1,95,95277,1,1,1,2,D170,48.97473,2.48645
202300015483,16,10,2023,2025-12-05 19:20:00,2,95,95427,2,1,1,6,D193E,48.97731578,2.36465693
202300015484,17,10,2023,2025-12-05 13:46:00,1,95,95018,2,1,1,6,Rethondes (Rue De),48.94637,2.22963
202300015485,17,10,2023,2025-12-05 11:30:00,1,91,91027,2,1,1,2,Av Aristide Briand,48.70598,2.39122
202300015486,17,10,2023,2025-12-05 08:45:00,1,91,91589,2,1,1,6,Rue Des Palombes,48.697588,2.354561
202300015487,17,10,2023,2025-12-05 04:40:00,5,91,91326,2,2,1,4,Cour De France (Avenue De La),48.69132,2.370748
202300015488,12,9,2023,2025-12-05 18:20:00,2,91,91174,2,2,2,4,Bd Jean Jaures,48.60873,2.46397
202300015489,17,10,2023,2025-12-05 12:30:00,1,87,87085,2,3,1,3,Fougeras (Rue De),45.86656514,1.2932
202300015490,8,10,2023,2025-12-05 19:56:00,2,87,87065,1,1,1,7,Churchill (Avenue Winston-),45.80265,1.33062
202300015491,16,10,2023,2025-12-05 16:17:00,1,86,86194,2,1,1,1,Rue De La Pierre Levee,46.574384,0.361556
202300015492,16,10,2023,2025-12-05 16:35:00,1,84,84087,2,3,1,3,Fourchesvieilles (Avenue),44.14617,4.80389
202300015493,22,9,2023,2025-12-05 11:05:00,1,30,30351,2,2,1,6,Place Jean Jaures,43.9639,4.7979
202300015494,16,10,2023,2025-12-05 15:15:00,1,84,84007,2,3,1,3,Lescure (Impasse),43.93422,4.80239
202300015495,16,10,2023,2025-12-05 16:27:00,1,82,82121,2,9,1,6,Voltaire (Rue),44.03776,1.3609
202300015496,17,10,2023,2025-12-05 16:20:00,1,81,81004,2,6,1,6,Gambetta (Av),43.924556,2.1483077
202300015497,13,10,2023,2025-12-05 18:37:00,2,80,80021,2,1,1,1,Alsace Lorraine (Boulevard D'),49.89043,2.30627
202300015498,17,10,2023,2025-12-05 13:40:00,1,77,77111,2,1,1,2,D934,48.8781,2.76195
202300015499,17,10,2023,2025-12-05 11:20:00,1,77,77209,1,3,1,3,Deux Chateaux (Avenue Des ),48.85391,2.69071
202300015500,17,10,2023,2025-12-05 07:00:00,5,77,77243,2,1,1,6,D221,48.88065233,2.704871
202300015501,17,10,2023,2025-12-05 11:10:00,1,76,76640,2,2,1,1,Rue Aux Saulniers,49.2835,1.03823
202300015502,10,10,2023,2025-12-05 11:00:00,1,76,76540,2,2,1,6,Boulevard De L'Yser,49.44837,1.1005
202300015503,20,8,2023,2025-12-05 21:30:00,2,76,76231,2,2,1,3,Rue De La Republique,49.29072,0.99989
202300015504,10,10,2023,2025-12-05 15:45:00,1,76,76552,2,1,1,7,Carrousel ( Rue Du ),49.514489,0.068508
202300015505,16,10,2023,2025-12-05 16:15:00,1,76,76351,2,2,1,3,Gustave Nicolle,49.492517,0.148463
202300015506,13,10,2023,2025-12-05 19:10:00,5,72,72181,2,9,1,2,Voltaire (Rue) Ndeg Imp 1 A 113,48.01203,0.19082
202300015507,16,10,2023,2025-12-05 17:00:00,1,72,72003,1,9,1,7,Spay (Rte De),47.94148,0.15815
202300015508,17,10,2023,2025-12-05 22:00:00,5,71,71076,2,1,1,1,Avenue Pierre Mendes France,46.774,4.84
202300015509,17,10,2023,2025-12-05 17:45:00,1,71,71475,2,1,1,3,Lyon (Route De ),46.76358,4.84257
202300015510,17,10,2023,2025-12-05 20:35:00,5,69,69264,2,6,1,6,Route De Frans,45.98401,4.74348
202300015511,16,10,2023,2025-12-05 20:55:00,3,69,69259,2,9,1,6,Rue Du Professeur Roux,45.71742506,4.85923941
202300015512,16,10,2023,2025-12-05 12:50:00,1,69,69290,2,3,1,3,208 Route De Grenoble,45.71525,4.96337
202300015513,12,10,2023,2025-12-05 08:40:00,1,68,68376,2,1,7,6,Saule (Rue Du),47.82313,7.34021
202300015514,16,10,2023,2025-12-05 16:42:00,1,67,67482,2,1,1,2,Jean Mermoz (Rue),48.54687,7.77102
202300015515,16,10,2023,2025-12-05 08:40:00,1,66,66136,2,6,1,3,Adresse_Inconnue,42.69246,2.87966
202300015516,17,10,2023,2025-12-05 18:27:00,1,65,65440,2,2,1,3,Bd Du Mal De Lattre De Tassigny,43.2281,0.0565
202300015517,17,10,2023,2025-12-05 09:30:00,1,64,64445,2,1,1,6,Golda Meir,43.31009,-0.36093
202300015518,16,10,2023,2025-12-05 13:40:00,1,64,64335,2,6,1,3,Santos-Dumont,43.32305,-0.42058
202300015519,9,10,2023,2025-12-05 18:30:00,1,64,64445,2,1,1,3,Paix,43.32148,-0.36111
202300015520,17,10,2023,2025-12-05 11:00:00,1,64,64102,2,6,1,3,Legion Tcheque (Avenue De La),43.49367,-1.49162
202300015521,16,10,2023,2025-12-05 19:10:00,1,64,64102,2,1,1,7,Paulmy (Avenue Des Allees),43.49163,-1.48117
202300015522,16,10,2023,2025-12-05 18:30:00,1,64,64102,2,6,1,4,Aritxague (Bd D'),43.46646,-1.49486
202300015523,16,10,2023,2025-12-05 17:28:00,1,64,64024,2,3,1,3,Biarritz (Avenue De),43.48031,-1.52622
202300015524,23,9,2023,2025-12-05 19:00:00,1,62,62624,2,1,1,3,Avenue De La Republique,50.41391,2.9867
202300015525,8,10,2023,2025-12-05 07:20:00,1,62,62498,2,2,1,6,Rue Leon Blum,50.4426526,2.80252236
202300015526,17,10,2023,2025-12-05 08:00:00,1,62,62041,2,1,1,6,Avenue John Fitzgerald Kennedy,50.28805,2.75378
202300015527,17,10,2023,2025-12-05 02:15:00,5,59,59512,2,2,1,3,Gand (Quai De),50.70551,3.17025
202300015528,10,10,2023,2025-12-05 20:15:00,5,59,59183,2,1,1,6,Republique - F Mitterand - Boulevard,51.04582,2.40802
202300015529,11,10,2023,2025-12-05 08:30:00,1,59,59244,2,1,1,6,Bapaume (Route De),50.17385,3.19321
202300015530,16,10,2023,2025-12-05 17:00:00,1,56,56083,2,1,1,2,Republique ( Av. De La ),47.79996,-3.2885
202300015531,6,10,2023,2025-12-05 15:55:00,1,55,55545,2,1,1,7,Metz ( Avenue De ),49.1482,5.40209
202300015532,16,10,2023,2025-12-05 20:00:00,5,51,51454,2,1,1,5,Huet (Rue Andre),49.27574,4.00676
202300015533,15,10,2023,2025-12-05 23:40:00,5,49,49007,2,1,1,7,Fevre Quai,47.47393,-0.55865
202300015534,17,10,2023,2025-12-05 11:07:00,1,45,45208,2,1,1,6,48 Place De La Republique,47.99556,2.73337
202300015535,17,10,2023,2025-12-05 21:55:00,5,37,37261,2,6,1,3,Heurteloup (Boulevard),47.39476,0.70437
202300015536,17,10,2023,2025-12-05 17:36:00,1,37,37122,1,1,1,3,Rd 37,47.37119,0.65398
202300015537,17,10,2023,2025-12-05 19:25:00,5,35,35238,2,2,1,3,Fougeres (Rue De),48.12961,-1.64294
202300015538,17,10,2023,2025-12-05 13:30:00,1,35,35051,1,1,1,6,Rocade 15-16,48.14502,-1.6185
202300015539,17,10,2023,2025-12-05 09:10:00,1,35,35238,1,1,1,4,Rn136,48.11546,-1.71934
202300015540,17,10,2023,2025-12-05 17:45:00,1,34,34172,2,1,2,3,Valery (Boulevard Paul,43.59199,3.85355
202300015541,16,10,2023,2025-12-05 12:25:00,1,33,33063,2,1,1,2,Avenue De La Republique,44.83974,-0.60444
202300015542,17,10,2023,2025-12-05 13:20:00,1,33,33529,2,1,1,6,Lesca (Rue Andre),44.63864,-1.131423
202300015543,16,10,2023,2025-12-05 17:15:00,1,32,32013,2,1,1,3,Corps Franc Pommies (Avenue Du),43.6292,0.57999
202300015544,17,10,2023,2025-12-05 16:20:00,1,31,31149,1,1,1,2,3 Colomiers Est (A624),43.60514,1.34394
202300015545,16,10,2023,2025-12-05 17:52:00,1,29,29051,1,1,1,5,Route De Coray,48.02707305,-3.96714898
202300015546,16,10,2023,2025-12-05 17:25:00,1,28,28404,2,2,1,3,Nuisement (Rue De),48.72464,1.36879
202300015547,17,10,2023,2025-12-05 10:25:00,1,27,27554,2,1,1,3,Rouen (Avenue De),49.11069,1.45223
202300015548,17,10,2023,2025-12-05 16:25:00,1,26,26198,1,1,1,1,Route De Saint Paul,44.53768328,4.75066423
202300015549,12,10,2023,2025-12-05 15:55:00,1,22,22113,2,1,1,2,Trebeurden (Route De),48.74843011,-3.48487794
202300015550,15,10,2023,2025-12-05 22:40:00,5,19,19031,2,2,1,3,Mirabeau (Boulevard) Cote Nord,45.16531,1.5205
202300015551,17,10,2023,2025-12-05 23:04:00,3,17,17028,1,1,1,6,Grasset   Avenue Edmond,46.13157,-1.10025
202300015552,10,10,2023,2025-12-05 09:40:00,1,15,15014,2,2,1,1,Monraisse (Avenue Du Commandant),44.91334,2.43317
202300015553,17,10,2023,2025-12-05 17:00:00,1,13,13207,2,1,1,1,Jupiter (Traverse),43.28019,5.36468
202300015554,17,10,2023,2025-12-05 08:00:00,5,10,10387,2,3,1,3,Guerarde (Rue),48.30457,4.05905
202300015555,17,10,2023,2025-12-05 13:40:00,1,9,9225,2,1,1,6,Charles De Gaulle Rue,43.11533,1.60971
202300015556,17,10,2023,2025-12-05 07:50:00,2,9,9225,2,1,1,6,Frederic Soulie Rue,43.11506,1.61785
202300015557,11,10,2023,2025-12-05 12:05:00,1,9,9225,2,1,1,6,Loumet Rue De,43.11178781,1.61137059
202300015558,17,10,2023,2025-12-05 14:40:00,1,6,6069,2,9,2,7,Moulin De Brun (Chemin Et Traverse Du),43.653961,6.944243
202300015559,17,10,2023,2025-12-05 18:30:00,2,5,5061,2,3,2,2,Champsaurins ( Rue Des),44.56729,6.08335
202300015560,17,10,2023,2025-12-05 12:30:00,1,4,4112,2,9,2,3,Pascal (Rue B.),43.82285,5.79939
202300015561,17,10,2023,2025-12-05 17:03:00,1,3,3185,2,1,8,6,Rue Des Rouges Gorges,46.34521,2.57857
202300015562,17,10,2023,2025-12-05 16:10:00,1,75,75120,2,1,1,4,Bd Peripherique Exterieur,48.862587,2.413767
202300015563,17,10,2023,2025-12-05 08:40:00,1,75,75112,2,1,1,4,Bd Peripherique Interieur,48.82776546,2.393486
202300015564,15,10,2023,2025-12-05 18:15:00,5,75,75120,2,1,1,4,Boulevard Peripherique Interieur Nord,48.873182,2.411905
202300015565,17,10,2023,2025-12-05 19:50:00,2,75,75106,2,2,1,3,Rue De Vaugirard,48.847819,2.329549
202300015566,17,10,2023,2025-12-05 15:25:00,1,75,75105,2,3,1,6,Rue Geoffroy Saint Hilaire,48.838494,2.357064
202300015567,17,10,2023,2025-12-05 14:45:00,1,75,75105,2,2,1,2,Rue Gay Lussac,48.84433278,2.34203562
202300015568,17,10,2023,2025-12-05 15:45:00,1,75,75120,2,2,1,6,Rue Des Orteaux,48.8562,2.40493
202300015569,17,10,2023,2025-12-05 22:05:00,5,75,75117,2,3,1,3,Rue Lemercier,48.88811,2.32103
202300015570,16,10,2023,2025-12-05 17:00:00,1,75,75116,2,1,1,3,Boulevard Exelmans,48.841871,2.262435
202300015571,17,10,2023,2025-12-05 12:20:00,1,75,75115,2,2,1,3,Rue De Dantzig,48.829906,2.295619
202300015572,17,10,2023,2025-12-05 19:30:00,5,75,75113,2,2,1,5,Avenue Claude Regaud,48.821561,2.372528
202300015573,17,10,2023,2025-12-05 22:40:00,5,75,75112,2,1,1,3,Avenue Des Terroirs De France,48.831754,2.388339
202300015574,17,10,2023,2025-12-05 19:00:00,5,75,75112,2,3,1,3,Avenue Daumesnil,48.84281,2.38456
202300015575,17,10,2023,2025-12-05 16:15:00,1,75,75111,2,2,1,3,Rue Alexandre Dumas,48.85364,2.39322
202300015576,17,10,2023,2025-12-05 17:40:00,1,75,75110,2,1,1,6,Rue Du Faubourg Saint Martin,48.87986343,2.36365619
202300015577,17,10,2023,2025-12-05 01:20:00,5,75,75112,2,5,1,5,Quai De Bercy,48.838484,2.375933
202300015578,17,10,2023,2025-12-05 21:05:00,5,75,75108,2,1,1,3,Place De La Concorde,48.865952,2.320926
202300015579,17,10,2023,2025-12-05 07:40:00,2,75,75117,2,2,1,3,Avenue De La Porte De Saint Ouen,48.900976,2.330161
202300015580,17,10,2023,2025-12-05 18:45:00,2,75,75103,2,1,1,6,Boulevard Saint Martin,48.868387,2.359444
202300015581,17,10,2023,2025-12-05 17:20:00,1,75,75101,2,3,1,7,Rue Coquilliere,48.863654,2.342781
202300015582,15,10,2023,2025-12-05 13:10:00,1,94,94081,2,2,1,6,Avenue Du 8 Mai 1945,48.78442276,2.39816844
202300015583,17,10,2023,2025-12-05 21:56:00,5,94,94080,2,9,1,3,Avenue Du General De Gaulle,48.84113,2.43293
202300015584,14,10,2023,2025-12-05 12:32:00,1,94,94042,2,1,1,2,Quai Pierre Brossolette,48.81903204,2.46788891
202300015585,17,10,2023,2025-12-05 13:15:00,1,94,94076,2,1,1,3,90 Av Du President Salvador Allende,48.798165,2.347107
202300015586,17,10,2023,2025-12-05 19:00:00,2,94,94041,2,1,1,3,Pont Nelson Mandela,48.81961,2.39991
202300015587,17,10,2023,2025-12-05 07:45:00,3,94,94017,2,2,1,3,Rue Louis Talamoni,48.81373333,2.51023972
202300015588,16,10,2023,2025-12-05 17:00:00,1,94,94047,2,1,1,6,75Bis Rue De Verdun,48.705412,2.552748
202300015589,17,10,2023,2025-12-05 20:46:00,5,93,93031,2,3,1,3,Avenue De La Republique / Rue Gounod,48.94803,2.33853
202300015590,17,10,2023,2025-12-05 17:15:00,1,93,93005,2,1,1,3,Boulevard Lefevre,48.939494,2.489619
202300015591,16,10,2023,2025-12-05 17:20:00,1,93,93001,2,6,1,6,Avenue Victor Hugo / Quai Lucien Lefranc,48.907103,2.376322
202300015592,17,10,2023,2025-12-05 02:40:00,5,92,92020,2,1,1,6,Jaures Avenue Jean,48.80696133,2.3044526
202300015593,17,10,2023,2025-12-05 18:45:00,2,92,92012,2,1,1,1,General Leclerc (Avenue Du) 35/Fin - 60/,48.82987686,2.23095059
202300015594,17,10,2023,2025-12-05 09:21:00,1,92,92007,2,1,1,6,Vaillant-Couturier (Avenu Paul),48.79293,2.31573
202300015595,17,10,2023,2025-12-05 12:30:00,1,92,92004,2,1,1,2,Argenteuil Av D',48.91221552,2.28473139
202300015596,18,10,2023,2025-12-05 11:16:00,1,974,97412,1,1,1,7,Rue Dardanelle,-21.369546,55.590611
202300015597,17,10,2023,2025-12-05 22:00:00,3,83,83085,1,1,1,6,D254,43.522142,6.536865