num_acc,jour,mois,an,hrmn,lum,dep,com,agg,int,atm,col,adr,lat,long
202300015598,17,10,2023,2025-12-05 18:15:00,1,79,79122,2,1,1,7,Adresse_Inconnue,46.121358,-0.127641
202300015599,17,10,2023,2025-12-05 16:30:00,1,85,85065,1,2,1,3,Rd 6,46.907161,-1.1894842
202300015600,17,10,2023,2025-12-05 17:45:00,1,37,37233,1,1,1,2,A10 Vers Bordeaux Pk206+500,47.39758423,0.70859671
202300015601,16,10,2023,2025-12-05 10:26:00,1,30,30135,1,9,1,3,D999,43.83133,4.575248
202300015602,16,10,2023,2025-12-05 09:30:00,1,57,57097,2,3,7,6,Rue Du Colonel Ving,49.184568,6.493075
202300015603,18,10,2023,2025-12-05 12:45:00,1,2B,2B101,2,7,1,6,Place Du Village,42.413314,9.363737
202300015604,16,10,2023,2025-12-05 18:40:00,1,65,65062,2,1,1,7,Rue De L'Arbizon,43.196029,0.116928
202300015605,17,10,2023,2025-12-05 15:30:00,1,46,46177,1,1,1,7,D118,44.866728,1.813002
202300015606,18,10,2023,2025-12-05 14:50:00,1,44,44056,1,1,2,5,La Ridelais,47.41778,-1.81886
202300015607,17,10,2023,2025-12-05 23:10:00,3,3,3016,1,1,1,6,33 Route De Brout Vernet,46.214337,3.255279
202300015608,14,10,2023,2025-12-05 12:40:00,1,15,15141,1,1,1,6,D34,45.124826,2.969337
202300015609,18,10,2023,2025-12-05 17:25:00,1,15,15028,1,1,8,1,D990,44.887987,2.557566
202300015610,17,10,2023,2025-12-05 07:10:00,2,26,26330,1,2,1,3,Route Des Marguerits,45.279875,4.956915
202300015611,17,10,2023,2025-12-05 17:30:00,1,58,58256,2,1,1,6,Rue Des Metiers,47.356923,2.997991
202300015612,16,10,2023,2025-12-05 18:50:00,1,6,6079,2,1,1,2,Avenue Des Anciens Combattants,43.554951,6.941391
202300015613,16,10,2023,2025-12-05 07:55:00,2,73,73268,1,1,1,3,N90,45.59250872,6.44860737
202300015614,17,10,2023,2025-12-05 21:40:00,3,13,13080,1,1,1,1,"1076, D14",43.648302,5.421675
202300015615,17,10,2023,2025-12-05 02:50:00,3,51,51097,1,1,1,6,Autoroute A4,49.03046076,4.54756379
202300015616,18,10,2023,2025-12-05 08:30:00,1,28,28199,1,1,8,6,Autoroute A10 Pk 65.600,48.197708,1.851169
202300015617,16,10,2023,2025-12-05 14:45:00,1,13,13087,1,1,1,2,A8,43.470036,5.655051
202300015618,26,4,2023,2025-12-05 18:15:00,1,93,93027,2,6,1,3,Rue Emile Zola / Rue Suzanne Masson,48.92319912,2.38836229
202300015619,17,10,2023,2025-12-05 12:15:00,1,976,97615,2,1,1,1,20 Route Nationale 4,-12.795862,45.273934
202300015620,26,4,2023,2025-12-05 18:30:00,1,93,93010,2,1,1,4,Avenue Gallieni,48.90759692,2.49194317
202300015621,26,4,2023,2025-12-05 08:15:00,1,93,93001,2,2,1,3,Boulevard Edouard Vaillant / Rue De La Liberte,48.918173,2.404992
202300015622,22,4,2023,2025-12-05 14:45:00,1,92,92036,2,1,1,2,Marcel Paul (Avenue) (1/103),48.93963,2.30415
202300015623,26,4,2023,2025-12-05 20:20:00,2,92,92024,2,1,1,6,Martyres De L'Occupation (Place Des),48.90078,2.30682
202300015624,27,4,2023,2025-12-05 15:00:00,1,2B,2B121,1,1,1,7,Route Du Bord De Mer,42.436285,8.671002
202300015625,21,4,2023,2025-12-05 07:50:00,1,24,24299,2,3,1,1,Rue Bourdery,45.032723,0.364547
202300015626,26,4,2023,2025-12-05 23:00:00,3,52,52088,1,1,1,6,D384,48.46669,4.763582
202300015627,21,4,2023,2025-12-05 16:00:00,1,6,6161,2,3,1,1,Route Departementale 6007,43.634335,7.133774
202300015628,27,4,2023,2025-12-05 17:15:00,1,76,76135,1,1,3,2,A150,49.554589,0.915384
202300015629,25,4,2023,2025-12-05 08:00:00,1,972,97225,2,1,1,3,Rue Victor Hugo,14.741698,-61.175936
202300015630,27,4,2023,2025-12-05 06:50:00,1,28,28100,2,1,1,6,10 Rue Charles Peguy,48.449616,1.361957
202300015631,27,3,2023,2025-12-05 20:35:00,3,68,68300,1,1,1,1,Route Departementale 541,47.772488,7.403707
202300015632,25,4,2023,2025-12-05 22:15:00,3,83,83048,2,1,1,7,Chemin Du Gourbenet,43.2143107,6.56436342
202300015633,26,4,2023,2025-12-05 10:25:00,1,67,67283,1,6,1,6,D1004,48.692448,7.384754
202300015634,27,4,2023,2025-12-05 09:25:00,1,974,97414,2,1,1,3,Rue Saint-Julien,-21.28705,55.409562
202300015635,25,4,2023,2025-12-05 13:30:00,1,62,62261,2,2,1,6,D940,50.473601,1.617576
202300015636,23,4,2023,2025-12-05 16:15:00,1,34,34079,1,1,3,6,A75 291+000,43.641644,3.44639
202300015637,27,4,2023,2025-12-05 10:15:00,1,38,38204,1,1,1,3,Rd 1075,44.725397,5.677732
202300015638,23,4,2023,2025-12-05 02:58:00,3,37,37031,1,1,1,6,Autoroute 85 - Pk 56,47.256806,0.165396
202300015639,25,4,2023,2025-12-05 23:00:00,3,77,77512,2,1,1,6,3 Rue De La Glaciere,48.862858,3.342125
202300015640,26,4,2023,2025-12-05 14:50:00,1,66,66028,2,1,1,6,Adresse_Inconnue,42.676872,2.950003
202300015641,26,4,2023,2025-12-05 12:15:00,1,95,95527,2,1,1,5,Belle Etoile (Rue De La),48.987483,2.512988
202300015642,25,4,2023,2025-12-05 10:10:00,1,76,76307,1,4,1,3,Rue Gaston Delahais,49.636721,0.209561
202300015643,25,4,2023,2025-12-05 07:30:00,2,2A,2A017,1,1,2,1,Carbinica,41.99881557,8.74273539
202300015644,26,4,2023,2025-12-05 12:40:00,1,2B,2B049,1,1,1,7,Col De Marsolino (Col De Montagne),42.475836,8.754451
202300015645,26,4,2023,2025-12-05 02:53:00,3,65,65258,2,1,1,6,Cote De Pinaouet,43.121284,0.397096
202300015646,18,4,2023,2025-12-05 16:45:00,1,65,65121,1,6,1,3,D935,43.35878,0.069324
202300015647,25,4,2023,2025-12-05 15:50:00,1,11,11401,1,1,8,6,Lieu Dit Domaine De Rolland,42.917629,2.714374
202300015648,27,4,2023,2025-12-05 08:20:00,1,71,71175,1,1,1,1,Route De Villegaudin,46.767463,5.111786
202300015649,26,4,2023,2025-12-05 18:00:00,1,61,61116,1,1,1,6,D287,48.392137,0.929074
202300015650,26,4,2023,2025-12-05 14:00:00,1,61,61484,1,1,8,5,D923 Pr6+880,48.279173,0.778967
202300015651,3,4,2023,2025-12-05 09:36:00,1,49,49205,1,1,1,7,Lieu Dit La Roise,47.76328,-0.501713
202300015652,27,4,2023,2025-12-05 06:15:00,2,49,49138,1,1,5,3,Route Departementale 347 Pk 043.800,47.413307,-0.163894
202300015653,15,4,2023,2025-12-05 06:00:00,3,42,42097,1,1,2,6,M1082,45.484643,4.340608
202300015654,26,4,2023,2025-12-05 09:00:00,1,47,47051,1,1,2,1,Vitrac,44.190897,0.711257
202300015655,11,4,2023,2025-12-05 20:00:00,1,34,34079,2,6,1,6,D2 Pr 2+250,43.615301,3.456023
202300015656,26,4,2023,2025-12-05 15:15:00,1,34,34334,1,1,8,7,D14 Pr 33+774,43.530598,2.992916
202300015657,7,4,2023,2025-12-05 23:00:00,3,35,35023,1,1,1,5,Rn  12 Pk 81 +900,48.18451796,-1.94276959
202300015658,26,3,2023,2025-12-05 18:15:00,1,29,29177,1,1,6,7,Route De Lampaul-Plouarzel,48.438604,-4.719958
202300015659,25,4,2023,2025-12-05 13:35:00,1,31,31118,1,1,2,3,Route De Fronton,43.810407,1.371939
202300015660,25,4,2023,2025-12-05 20:00:00,2,38,38099,2,1,1,3,50 Route De Roybon,45.188347,5.291526
202300015661,26,4,2023,2025-12-05 08:57:00,1,2,2095,1,1,1,1,D 960,49.994912,3.437283
202300015662,26,4,2023,2025-12-05 17:00:00,1,2,2173,2,2,1,4,26 Boulevard Gambetta,49.614422,3.220936
202300015663,26,4,2023,2025-12-05 12:00:00,1,26,26330,1,1,1,1,D1,45.285788,4.941616
202300015664,26,4,2023,2025-12-05 18:40:00,1,58,58072,1,1,1,1,Route De Jaugenay,46.888443,3.247249
202300015665,26,4,2023,2025-12-05 18:20:00,1,72,72152,1,1,1,3,Route D?Or,48.240495,0.118129
202300015666,25,4,2023,2025-12-05 18:20:00,1,6,6059,1,1,1,7,M6007,43.733027,7.389679
202300015667,26,4,2023,2025-12-05 15:20:00,1,50,50345,2,2,1,3,Route De Coutances,49.082858,-1.421968
202300015668,25,4,2023,2025-12-05 17:50:00,1,50,50402,1,1,1,6,Rd 650,49.507795,-1.803346
202300015669,26,4,2023,2025-12-05 19:00:00,1,90,90049,2,1,1,7,18Bis Faubourg Saint-Martin,47.635938,6.992959
202300015670,26,4,2023,2025-12-05 21:45:00,3,10,10144,1,1,1,6,D373,48.564631,3.867413
202300015671,27,4,2023,2025-12-05 13:20:00,1,36,36018,2,1,1,6,Boulevard Francois Mitterrand,46.635268,1.071982
202300015672,21,4,2023,2025-12-05 17:50:00,1,16,16383,2,1,1,6,21 Rue De La Faye,45.775643,0.175471
202300015673,26,4,2023,2025-12-05 11:00:00,1,4,4135,1,1,1,7,D952,43.846097,6.203227
202300015674,26,4,2023,2025-12-05 08:17:00,1,85,85234,1,1,1,6,Chemin De La Paree Verte,46.75863,-1.98319
202300015675,27,4,2023,2025-12-05 08:00:00,1,85,85025,1,1,2,1,Rd23,46.93646,-1.175995
202300015676,26,4,2023,2025-12-05 10:00:00,1,27,27049,2,2,1,3,Rue Du Bois Des Forges,49.006651,0.675724
202300015677,25,4,2023,2025-12-05 09:55:00,1,17,17385,1,1,8,1,Le Cuchas,45.94971,-1.328418
202300015678,25,4,2023,2025-12-05 21:50:00,3,17,17065,2,2,8,1,D5,45.988244,-0.953563
202300015679,17,4,2023,2025-12-05 14:15:00,1,30,30245,1,3,1,3,Adresse_Inconnue,43.857,4.1883
202300015680,26,4,2023,2025-12-05 15:15:00,1,88,88285,1,2,1,3,D13,48.242131,5.893607
202300015681,26,4,2023,2025-12-05 15:18:00,1,974,97410,2,1,1,6,Rn2,-21.043772,55.716149
202300015682,25,4,2023,2025-12-05 17:10:00,1,31,31028,2,2,1,3,Intersection D52C Et D52,43.216651,0.880634
202300015683,27,4,2023,2025-12-05 10:30:00,1,77,77295,1,1,1,6,Autoroute A5 Pk09+470,48.569192,2.754271
202300015684,25,4,2023,2025-12-05 21:40:00,2,34,34333,1,1,2,5,D612 Pr 15+56,43.475221,3.770757
202300015685,26,4,2023,2025-12-05 18:23:00,1,6,6018,1,6,1,6,Route Des Chappes,43.615039,7.080482
202300015686,26,4,2023,2025-12-05 17:40:00,1,42,42279,2,2,1,3,Route De Saint-Etienne,45.507215,4.264444
202300015687,26,4,2023,2025-12-05 21:35:00,3,78,78466,2,1,1,3,D154,48.932223,1.973644
202300015688,16,4,2023,2025-12-05 10:00:00,1,38,38382,1,1,1,4,A 48,45.237698,5.661778
202300015689,27,4,2023,2025-12-05 11:05:00,1,45,45093,1,1,1,4,A10 Pr 83 + 151,48.038481,1.84006
202300015690,25,4,2023,2025-12-05 18:35:00,1,38,38348,1,1,1,3,A43- Pk 039.000,45.57278558,5.31433793
202300015691,25,4,2023,2025-12-05 11:50:00,1,987,98725,2,3,1,3,Route Ceinture Est Atima,-17.507396,-149.483757
202300015692,25,4,2023,2025-12-05 02:00:00,5,987,98733,2,1,1,1,Rt1 Pk 27 Maraa,-17.736843,-149.577597
202300015693,27,4,2023,2025-12-05 10:00:00,1,988,98811,1,1,1,7,Rpn2,-21.024249,164.987215
202300015694,27,4,2023,2025-12-05 12:45:00,1,976,97607,1,1,1,3,Route Nationale 2 - Ironi Be -,-12.834105,45.188838
202300015695,23,4,2023,2025-12-05 20:45:00,5,971,97125,1,1,1,3,N4,16.259813,-61.295385
202300015696,23,4,2023,2025-12-05 06:20:00,2,971,97115,2,1,1,1,Rue Du Pont,16.268001,-61.631021
202300015697,22,4,2023,2025-12-05 07:30:00,2,978,97801,2,1,1,6,R De Hollande,18.066754,-63.083684
202300015698,25,4,2023,2025-12-05 18:00:00,1,28,28160,1,2,1,3,D939,48.407625,1.640632
202300015699,25,4,2023,2025-12-05 13:00:00,1,45,45229,1,1,1,6,D2007 Pr 37 + 623,47.836733,2.744836
202300015700,25,4,2023,2025-12-05 13:05:00,1,66,66210,1,6,1,7,Adresse_Inconnue,42.646033,2.778865
202300015701,26,4,2023,2025-12-05 11:35:00,1,34,34213,1,1,1,1,D600,43.473197,3.687029
202300015702,27,4,2023,2025-12-05 18:24:00,1,34,34272,1,1,1,1,Rd110,43.667051,4.105283
202300015703,26,4,2023,2025-12-05 18:00:00,1,84,84132,1,2,1,3,D31,43.935484,5.029796
202300015704,27,4,2023,2025-12-05 12:10:00,1,83,83108,1,1,1,3,D64,43.332225,5.996346
202300015705,27,4,2023,2025-12-05 12:00:00,1,73,73232,1,1,1,6,D902 - Lieu-Dit La Petite Viclaire,45.6065072,6.84976459
202300015706,24,4,2023,2025-12-05 18:30:00,1,7,7138,1,1,1,3,Cote De Ville,44.5925,4.426675
202300015707,24,4,2023,2025-12-05 17:25:00,1,69,69040,2,3,1,3,84 Avenue De Lanessan,45.798203,4.789116
202300015708,24,4,2023,2025-12-05 12:30:00,1,33,33326,1,1,1,1,D137 Pr 42+100,45.315385,-0.576675
202300015709,27,4,2023,2025-12-05 14:13:00,1,29,29022,2,1,5,1,Chemin Des Douaniers,48.25940543,-4.56116607
202300015710,26,4,2023,2025-12-05 17:30:00,1,22,22081,2,3,1,5,8B Rue De Bel Orient,48.512329,-2.66824
202300015711,27,4,2023,2025-12-05 11:45:00,1,76,76057,2,1,1,6,Rue Jean-Baptiste Lamarck,49.539072,0.957243
202300015712,4,4,2023,2025-12-05 19:50:00,2,59,59586,1,3,1,3,Rue Du Paradis,50.53910829,3.161906
202300015713,24,4,2023,2025-12-05 16:55:00,1,83,83137,1,1,1,3,A50,43.126299,5.887313
202300015714,26,4,2023,2025-12-05 18:10:00,1,91,91689,1,1,1,2,Autoroute A6,48.72384,2.31244
202300015715,26,4,2023,2025-12-05 16:25:00,1,91,91434,1,1,1,3,Autoroute A6,48.66987,2.34952
202300015716,26,4,2023,2025-12-05 08:03:00,1,91,91687,1,1,1,2,Autoroute A6,48.6616,2.37
202300015717,25,4,2023,2025-12-05 16:50:00,1,974,97411,2,9,2,3,Jaures (Boulevard Jean),-20.900887,55.48698664
202300015718,25,4,2023,2025-12-05 16:50:00,1,974,97411,2,1,1,6,Vinh-San (Bld 1 Du Prince),-20.88738,55.44108
202300015719,25,4,2023,2025-12-05 16:25:00,1,974,97411,2,1,2,6,Vinh-San (Bld 2 Du Prince),-20.88738,55.44108
202300015720,25,4,2023,2025-12-05 17:30:00,1,973,97302,2,1,1,5,Baduel (Route De),4.92880993,-52.29827696
202300015721,25,4,2023,2025-12-05 15:30:00,1,973,97302,2,2,2,1,Troubiran (Chemin De),4.9268971,-52.30349216
202300015722,25,4,2023,2025-12-05 08:58:00,1,69,69387,2,2,1,6,Rue De L'Universite,45.75073,4.83945
202300015723,25,4,2023,2025-12-05 11:45:00,1,972,97209,2,1,1,3,Arawaks (Avenue Des),14.61785,-61.04229
202300015724,25,4,2023,2025-12-05 23:20:00,5,69,69382,2,2,1,3,Quai Jean Moulin,45.76501,4.83813
202300015725,25,4,2023,2025-12-05 17:55:00,1,69,69388,2,1,1,6,Rue De L'Epargne,45.74173,4.86032
202300015726,25,4,2023,2025-12-05 12:25:00,1,69,69034,2,3,1,3,Rue Coste,45.78625,4.83376
202300015727,25,4,2023,2025-12-05 19:10:00,5,971,97101,2,9,1,3,Frederic Jalton,16.2766,-61.50112
202300015728,25,4,2023,2025-12-05 08:10:00,1,2A,2A004,2,1,1,6,Bel Horizonte Rce Av Du Mont Thabor,41.93435,8.75507
202300015729,25,4,2023,2025-12-05 20:20:00,1,95,95280,2,2,1,3,Arthur Melin (Rue),49.0401,2.47149
202300015730,25,4,2023,2025-12-05 09:00:00,1,95,95277,2,1,2,2,D370,48.98542,2.43859
202300015731,25,4,2023,2025-12-05 09:10:00,1,91,91027,2,2,1,3,Pl Henri Deudon,48.70915,2.38709
202300015732,21,4,2023,2025-12-05 21:38:00,5,87,87085,2,1,1,3,Vanteaux (Boulevard De),45.82117,1.23966
202300015733,20,3,2023,2025-12-05 12:50:00,1,84,84007,2,1,1,3,Eisenhower (Avenue),43.93774,4.79662
202300015734,25,4,2023,2025-12-05 05:00:00,5,83,83069,2,1,1,7,Leclerc (Avenue Marechal),43.11858,6.11772
202300015735,25,4,2023,2025-12-05 19:40:00,1,78,78372,2,1,8,3,Versailles (Route De),48.87196,2.10373
202300015736,25,4,2023,2025-12-05 09:07:00,1,76,76157,1,1,1,5,A150,49.45808,1.04709
202300015737,25,4,2023,2025-12-05 09:35:00,1,76,76540,2,2,1,3,Rue Du Renard,49.45194,1.06896
202300015738,24,4,2023,2025-12-05 16:25:00,1,72,72181,2,9,1,2,Chanzy (Rue) Ndeg Pairs 36 A Ndeg 138,47.99979,0.20301
202300015739,24,4,2023,2025-12-05 16:15:00,1,69,69256,2,2,1,2,Avenue Du 8 Mai 1945,45.78716,4.91772
202300015740,26,4,2023,2025-12-05 00:20:00,5,69,69259,2,2,1,2,Avenue De La Republique,45.70609,4.87621
202300015741,25,4,2023,2025-12-05 22:12:00,5,69,69259,2,2,1,3,Boulevard Yves Farge,45.69542781,4.85920682
202300015742,25,4,2023,2025-12-05 18:00:00,1,64,64445,2,3,1,3,Lilas Des,43.3098,-0.3438
202300015743,25,4,2023,2025-12-05 09:55:00,1,64,64445,2,1,2,6,Lilas Des,43.30601,-0.34948
202300015744,24,4,2023,2025-12-05 10:20:00,1,64,64335,1,3,1,2,Sault De Navailles De,43.3566,-0.44174
202300015745,23,4,2023,2025-12-05 00:10:00,4,62,62642,2,2,1,3,D941,50.453141,2.477008
202300015746,24,4,2023,2025-12-05 23:25:00,5,59,59426,2,1,2,6,Tourcoing (Rue De),50.74577,3.15876
202300015747,24,4,2023,2025-12-05 17:25:00,1,59,59588,1,1,8,1,Furnes - Route Nationale,51.04124,2.43163
202300015748,25,4,2023,2025-12-05 11:45:00,1,58,58194,2,1,1,6,Nievre,46.99043,3.1657
202300015749,24,4,2023,2025-12-05 07:45:00,1,56,56036,1,1,1,6,Adresse_Inconnue,47.79235,-3.30994
202300015750,24,4,2023,2025-12-05 23:30:00,5,54,54395,2,2,1,3,Leopold (Cours),48.69702,6.17564
202300015751,26,4,2023,2025-12-05 00:04:00,3,54,54149,1,3,1,3,D27,49.447232,5.918527
202300015752,24,4,2023,2025-12-05 17:05:00,1,45,45308,2,1,1,3,106Bis Avenue Louis Gallouedec,47.94169866,1.94358096
202300015753,25,4,2023,2025-12-05 14:07:00,1,34,34172,2,2,1,3,2733 Avenue Albert Einstein,43.61198,3.93008
202300015754,22,4,2023,2025-12-05 20:20:00,1,33,33529,2,1,1,3,Carnot (Rue Du President),44.62775341,-1.14321649
202300015755,25,4,2023,2025-12-05 17:50:00,1,31,31483,1,2,1,7,D 9  Route De La Serre De Nerous,43.13179,0.70607
202300015756,25,4,2023,2025-12-05 17:50:00,1,29,29039,1,1,1,2,D783,47.869,-3.89503
202300015757,24,4,2023,2025-12-05 08:50:00,1,29,29019,2,6,1,3,Rond Point De Pen Ar Ch'Leuz,48.41461,-4.48029
202300015758,24,4,2023,2025-12-05 08:20:00,1,26,26058,1,1,1,1,La Roche De Glun Route De,44.963,4.867
202300015759,21,4,2023,2025-12-05 14:45:00,1,17,17415,2,6,1,2,Allende Avenue Du President Salvador,45.739049,-0.642739
202300015760,21,4,2023,2025-12-05 17:10:00,1,14,14366,2,1,1,6,3 Rue Roger Aini,49.14662,0.231449
202300015761,25,4,2023,2025-12-05 18:30:00,1,13,13214,2,1,1,2,Sainte Marthe (Chemin),43.32783,5.39153
202300015762,25,4,2023,2025-12-05 16:10:00,1,13,13206,2,2,1,3,Prado (Avenue Du),43.28202,5.386
202300015763,25,4,2023,2025-12-05 12:30:00,1,13,13205,2,1,1,2,Baille (Boulevard),43.2884,5.393
202300015764,25,4,2023,2025-12-05 17:00:00,1,13,13004,2,2,1,3,Av Marechal Lyautey,43.6712,4.6331
202300015765,25,4,2023,2025-12-05 21:35:00,5,10,10387,2,1,1,1,Georges Pompidou (Rue),48.29947,4.09673
202300015766,25,4,2023,2025-12-05 19:30:00,1,6,6069,2,1,1,6,Poissonniers (Chemin Des),43.64845,6.93974
202300015767,14,4,2023,2025-12-05 21:20:00,5,5,5061,2,1,1,3,Bonne (Rue De ),44.56303,6.08315
202300015768,25,4,2023,2025-12-05 17:15:00,1,1,1289,2,2,1,6,Lyon ( Ave De) A Partir,46.191776,5.212388
202300015769,31,1,2023,2025-12-05 16:30:00,1,74,74298,2,9,1,2,Taninges (Route De),46.18903,6.26411
202300015770,31,1,2023,2025-12-05 09:29:00,1,74,74281,2,8,1,3,Genevray (Ch.Du) Apres Ndeg20,46.359821,6.46335
202300015771,30,1,2023,2025-12-05 18:30:00,3,74,74027,1,1,1,1,D909,45.89742639,6.27969928
202300015772,30,1,2023,2025-12-05 08:15:00,1,74,74012,2,7,1,6,Ferry (Avenue Jules),46.19283,6.23728
202300015773,29,1,2023,2025-12-05 21:35:00,5,74,74012,2,9,1,3,Romagny (Rue De),46.19721,6.25217
202300015774,29,1,2023,2025-12-05 17:45:00,3,74,74238,1,3,1,1,Rd902,46.243857,6.642394
202300015775,28,1,2023,2025-12-05 19:30:00,3,74,74010,1,4,1,3,Route Des Machurettes,45.963076,6.08031
202300015776,28,1,2023,2025-12-05 00:30:00,5,74,74298,2,1,1,7,Thonon (Route De),46.190512,6.260322
202300015777,15,1,2023,2025-12-05 10:20:00,1,74,74083,2,1,2,6,1 Route De La Croix De Pierre,45.895151,6.644726
202300015778,24,4,2023,2025-12-05 16:50:00,1,75,75112,2,1,1,3,Porte De Charenton,48.827466,2.392312
202300015779,25,4,2023,2025-12-05 17:14:00,1,75,75120,2,7,1,3,Avenue De La Porte De Bagnolet,48.864483,2.409021
202300015780,25,4,2023,2025-12-05 16:04:00,1,75,75118,2,3,8,6,Boulevard De Rochechouart,48.88371,2.346993
202300015781,25,4,2023,2025-12-05 14:22:00,1,75,75116,2,1,1,2,Boulevard Suchet,48.855819,2.263679
202300015782,24,4,2023,2025-12-05 09:35:00,1,75,75114,2,2,1,1,Rue Julia Bartet,48.82499,2.302137
202300015783,25,4,2023,2025-12-05 18:40:00,1,75,75112,2,4,1,3,Rue Lacuee,48.849457,2.369918
202300015784,25,4,2023,2025-12-05 18:15:00,1,75,75120,2,9,1,6,Cours De Vincennes,48.847553,2.408961
202300015785,25,4,2023,2025-12-05 08:20:00,1,75,75112,2,1,8,6,Rue Du Charolais,48.839741,2.387322
202300015786,25,4,2023,2025-12-05 15:20:00,1,75,75110,2,1,1,3,Avenue Claude Vellefaux,48.874766,2.370306
202300015787,25,4,2023,2025-12-05 00:20:00,5,75,75110,2,2,2,3,Rue Du Faubourg Saint Martin,48.883849,2.36859
202300015788,24,4,2023,2025-12-05 13:07:00,1,75,75107,2,3,1,3,Quai Branly,48.860637,2.295471
202300015789,25,4,2023,2025-12-05 09:23:00,1,75,75101,2,2,1,6,Boulevard De Sebastopol,48.861987,2.35018
202300015790,24,4,2023,2025-12-05 22:30:00,5,75,75104,2,1,2,6,Boulevard Beaumarchais,48.854523,2.368797
202300015791,24,4,2023,2025-12-05 05:25:00,5,75,75101,2,2,1,7,Rue Saint Honore,48.863217,2.335518
202300015792,25,4,2023,2025-12-05 13:05:00,1,94,94078,2,3,1,2,Avenue Winston Churchill / Rue Des Pres De L'Hopital,48.75365,2.45057
202300015793,24,4,2023,2025-12-05 19:20:00,1,94,94041,2,1,1,1,Rue Westermeyer,48.81851627,2.39568204
202300015794,25,4,2023,2025-12-05 07:15:00,1,94,94073,2,1,2,4,Boulevard De Stalingrad,48.76905,2.36812
202300015795,25,4,2023,2025-12-05 16:48:00,1,94,94059,2,3,8,1,Avenue De Chennevieres,48.8110871,2.56369776
202300015796,24,4,2023,2025-12-05 21:10:00,5,94,94017,2,1,3,3,Avenue Du General De Gaulle,48.827293,2.51277092
202300015797,24,4,2023,2025-12-05 20:20:00,2,94,94017,2,3,2,2,Boulevard Des Allies,48.82878,2.48589
202300015798,25,4,2023,2025-12-05 13:10:00,1,93,93073,2,2,8,3,Rue De Savoie / Avenue Albert Sarraut,48.94349,2.59082
202300015799,25,4,2023,2025-12-05 20:25:00,2,93,93064,2,1,1,2,Avenue Du General De Gaulle,48.88064836,2.47723126
202300015800,24,4,2023,2025-12-05 09:00:00,1,93,93010,2,2,1,2,Route De Stains / Avenue Gallieni,48.90423,2.47073
202300015801,25,4,2023,2025-12-05 20:00:00,1,93,93048,2,1,1,6,Rue Moliere,48.85816711,2.44203266
202300015802,15,6,2023,2025-12-05 16:04:00,1,15,15014,2,1,1,2,Pont Rouge (Boulevard Du),44.927291,2.448217
202300015803,25,4,2023,2025-12-05 08:00:00,1,93,93010,2,3,2,3,Avenue Jean Moulin / Rue Germaine Tillion,48.9124,2.47953
202300015804,6,7,2023,2025-12-05 19:10:00,1,14,14118,2,2,1,3,17 Avenue De La Cote De Nacre,49.19836,-0.3601
202300015805,24,4,2023,2025-12-05 23:50:00,5,93,93008,2,9,2,6,Rue Carnot / Gare Routiere,48.90657,2.45
202300015806,25,4,2023,2025-12-05 21:10:00,5,93,93007,2,2,1,3,Avenue Aristide Briand / Rue Victor Hugo,48.945,2.4498
202300015807,5,7,2023,2025-12-05 18:15:00,1,14,14167,2,6,1,3,Route De Cabourg,49.19145,-0.29928
202300015808,25,4,2023,2025-12-05 13:15:00,1,93,93001,2,1,1,3,Avenue Victor Hugo,48.91315512,2.38036931
202300015809,6,7,2023,2025-12-05 12:40:00,1,14,14101,1,1,1,5,N814,49.17323,-0.42984
202300015810,25,4,2023,2025-12-05 18:20:00,1,92,92040,2,2,1,6,Camille Desmoulins,48.8291378,2.26383001
202300015811,25,4,2023,2025-12-05 16:40:00,1,92,92012,2,1,1,2,Alphonse Le Gallo (Quai) 1/34,48.83468,2.22594
202300015812,4,7,2023,2025-12-05 08:45:00,1,13,13077,2,6,1,6,Rn 568,43.41455,4.9871
202300015813,25,4,2023,2025-12-05 19:40:00,1,13,13117,1,1,1,2,A7-Sens Lyon Vers Marseille,43.44617245,5.24263165
202300015814,6,7,2023,2025-12-05 19:05:00,1,13,13213,2,3,1,6,Chateau Gombert Chemin,43.34524,5.42384
202300015815,24,4,2023,2025-12-05 08:00:00,1,13,13071,1,1,1,4,A7-Sens Marseille Vers Lyon,43.40456,5.31667
202300015816,6,7,2023,2025-12-05 13:00:00,1,13,13214,2,1,1,2,Claude Monet (Avenue),43.32507306,5.39393405
202300015817,6,7,2023,2025-12-05 01:30:00,5,13,13209,2,1,1,6,Raymond Teissere (Rue),43.27254,5.3997
202300015818,6,7,2023,2025-12-05 10:30:00,1,13,13028,2,1,1,6,Saint Jean (Avenue De),43.18869088,5.6305468
202300015819,5,7,2023,2025-12-05 13:33:00,1,10,10387,2,3,8,3,Pierre Brossolette (Rue),48.29019,4.07595
202300015820,6,7,2023,2025-12-05 16:40:00,1,6,6069,2,1,1,6,Rouquier (Boulevard Emmanuel),43.64196,6.94255
202300015821,5,7,2023,2025-12-05 17:10:00,1,6,6069,2,3,1,3,Chenes (Chemin Des),43.6408,6.91714
202300015822,6,7,2023,2025-12-05 07:00:00,1,2,2738,2,2,1,3,8 Avenue Andre Boulloche,49.657943,3.316161
202300015823,6,7,2023,2025-12-05 14:40:00,1,75,75113,2,1,1,6,Porte D Italie,48.816833,2.364982
202300015824,6,7,2023,2025-12-05 16:00:00,1,75,75118,2,2,1,3,Avenue De La Porte De Clignancourt,48.901237,2.344249