num_acc,jour,mois,an,hrmn,lum,dep,com,agg,int,atm,col,adr,lat,long
202300015825,8,8,2023,2025-12-05 11:00:00,1,13,13210,2,5,1,1,Paul Claudel (Boulevard),43.2693,5.42094
202300015826,6,7,2023,2025-12-05 13:40:00,1,75,75101,2,2,1,1,Pont Neuf,48.8584475,2.342505
202300015827,10,8,2023,2025-12-05 14:00:00,1,13,13204,2,1,1,2,Francoise Duparc (Boulevard),43.30132,5.40089
202300015828,5,7,2023,2025-12-05 19:15:00,1,75,75118,2,1,1,2,Boulevard Peripherique Exterieur Nord,48.901076,2.345273
202300015829,7,8,2023,2025-12-05 09:45:00,1,7,7019,2,9,1,6,Georges Couderc (Rue),44.61671,4.39001
202300015830,3,7,2023,2025-12-05 23:06:00,5,75,75108,2,2,1,6,Avenue De Wagram,48.875144,2.296017
202300015831,6,7,2023,2025-12-05 17:00:00,1,75,75120,2,2,1,3,Avenue Gambetta,48.864964,2.395548
202300015832,8,8,2023,2025-12-05 19:50:00,1,6,6004,2,1,1,6,767 Chemin Des Quatre Chemins,43.603075,7.114012
202300015833,6,7,2023,2025-12-05 00:15:00,5,75,75120,2,2,1,6,Avenue De La Porte Des Lilas,48.87778,2.4082
202300015834,11,8,2023,2025-12-05 14:30:00,1,75,75114,2,1,1,2,Bd Peripherique Exterieur,48.822268,2.315459
202300015835,6,7,2023,2025-12-05 20:00:00,1,75,75117,2,2,1,3,Avenue Des Ternes,48.87853,2.294223
202300015836,11,8,2023,2025-12-05 15:20:00,1,75,75119,2,3,1,3,Avenue Jean Jaures,48.888789,2.393107
202300015837,6,7,2023,2025-12-05 20:30:00,2,75,75117,2,2,1,3,Avenue De La Porte De Clichy,48.894453,2.313479
202300015838,6,7,2023,2025-12-05 17:55:00,1,75,75117,2,4,1,6,Rue Gustave Charpentier,48.879549,2.280875
202300015839,11,8,2023,2025-12-05 14:30:00,1,75,75119,2,2,1,6,Rue Armand Carrel,48.88259,2.37973
202300015840,6,7,2023,2025-12-05 12:00:00,1,75,75117,2,3,1,3,Rue Cardinet,48.889105,2.31614
202300015841,6,7,2023,2025-12-05 11:00:00,1,75,75117,2,2,1,6,Rue De La Jonquiere,48.893456,2.325375
202300015842,11,8,2023,2025-12-05 09:50:00,1,75,75119,2,3,1,3,Rue Bouret,48.88172,2.373793
202300015843,5,7,2023,2025-12-05 19:45:00,1,75,75117,2,1,1,3,Boulevard Du Fort De Vaux,48.893306,2.30283
202300015844,11,8,2023,2025-12-05 22:25:00,5,75,75116,2,2,2,3,Quai Louis Bleriot,48.847163,2.274442
202300015845,6,7,2023,2025-12-05 16:25:00,1,75,75116,2,2,1,3,Avenue Kleber,48.864984,2.288665
202300015846,11,8,2023,2025-12-05 15:24:00,1,75,75116,2,1,1,3,Avenue Des Nations Unies,48.86182,2.291655
202300015847,6,7,2023,2025-12-05 10:05:00,1,75,75115,2,7,1,3,Place Falguiere,48.836228,2.310173
202300015848,10,8,2023,2025-12-05 19:10:00,1,75,75116,2,2,1,2,Avenue De L Hippodrome,48.857831,2.250238
202300015849,5,7,2023,2025-12-05 02:45:00,5,75,75114,2,3,1,2,Avenue Du Maine,48.838354,2.322294
202300015850,11,8,2023,2025-12-05 19:50:00,1,75,75113,2,2,2,3,Rue Boussingault,48.824128,2.344528
202300015851,6,7,2023,2025-12-05 12:00:00,1,75,75113,2,4,1,3,Boulevard De L Hopital,48.839946,2.361742
202300015852,10,8,2023,2025-12-05 05:45:00,1,94,94041,2,3,1,1,Boulevard De Stalingrad,48.8059449,2.37568308
202300015853,20,11,2023,2025-12-05 08:05:00,1,83,83107,1,3,1,3,D8,43.361105,6.673363
202300015854,5,7,2023,2025-12-05 07:30:00,1,75,75113,2,3,1,3,Avenue De La Porte D Ivry,48.820258,2.371826
202300015855,21,11,2023,2025-12-05 10:10:00,1,42,42285,1,2,1,3,Route De Montbrison,45.575765,4.117502
202300015856,11,8,2023,2025-12-05 08:00:00,1,94,94078,2,1,1,2,Rue De Paris,48.7332,2.4468
202300015857,6,7,2023,2025-12-05 17:10:00,1,75,75112,2,2,1,2,Cours De Vincennes,48.8468934,2.41139
202300015858,21,11,2023,2025-12-05 04:25:00,3,7,7040,1,1,1,6,D534,45.03184903,4.70582596
202300015859,6,7,2023,2025-12-05 02:40:00,5,75,75112,2,1,1,2,Quai De Bercy,48.836702,2.378291
202300015860,21,11,2023,2025-12-05 10:30:00,1,64,64422,2,1,2,6,Rue Justice,43.19222,-0.607413
202300015861,10,8,2023,2025-12-05 21:41:00,3,94,94078,2,1,1,3,Avenue De Melun,48.724339,2.445046
202300015862,5,7,2023,2025-12-05 12:23:00,1,75,75108,2,4,8,2,Voie Georges Pompidou,48.864657,2.303798
202300015863,20,11,2023,2025-12-05 15:00:00,1,85,85092,2,1,1,6,35 Rue Du Port,46.4637606,-0.80085396
202300015864,5,7,2023,2025-12-05 21:00:00,1,75,75107,2,1,1,3,Quai D Orsay,48.862906,2.317676
202300015865,5,7,2023,2025-12-05 13:37:00,1,75,75107,2,2,1,3,Avenue Du Marechal Gallieni,48.860966,2.31499
202300015866,20,11,2023,2025-12-05 18:45:00,3,22,22339,1,2,2,1,D2,48.46929,-2.0602
202300015867,11,8,2023,2025-12-05 00:05:00,4,94,94028,2,1,1,3,Departementale(Voie),48.79583,2.44246
202300015868,6,7,2023,2025-12-05 06:24:00,1,75,75103,2,7,1,3,Place De La Republique,48.86651,2.364788
202300015869,19,11,2023,2025-12-05 19:00:00,3,35,35309,1,1,2,6,Rue Du Stade,48.375958,-1.563975
202300015870,5,7,2023,2025-12-05 20:00:00,1,75,75103,2,3,1,7,Rue Saint Martin,48.869007,2.355595
202300015871,4,7,2023,2025-12-05 07:40:00,2,94,94081,2,7,1,6,Av Du President Salvador Allende,48.79,2.41
202300015872,20,11,2023,2025-12-05 16:20:00,2,60,60339,2,2,2,1,D9,49.497155,2.211353
202300015873,18,11,2023,2025-12-05 17:10:00,2,62,62281,1,1,2,6,A16,50.70043842,1.63367595
202300015874,11,8,2023,2025-12-05 18:30:00,1,94,94018,2,2,2,1,Rue De Paris,48.8247,2.40883
202300015875,6,7,2023,2025-12-05 17:00:00,1,94,94078,2,3,1,3,Rue De Paris,48.735585,2.446849
202300015876,20,11,2023,2025-12-05 16:00:00,1,59,59586,2,1,8,3,57 Rue De L'Hardiniere,50.534128,3.19597
202300015877,5,7,2023,2025-12-05 17:12:00,1,94,94042,2,2,1,3,Avenue Guy Moquet,48.82283,2.47251
202300015878,11,8,2023,2025-12-05 19:25:00,2,94,94028,2,1,2,6,Voie Departementale,48.77242,2.46231
202300015879,29,6,2023,2025-12-05 08:00:00,1,94,94058,2,3,1,3,Boulevard D'Alsace-Lorraine,48.850771,2.50309
202300015880,11,8,2023,2025-12-05 14:50:00,1,93,93055,2,1,1,6,Avenue Edouard Vaillant,48.90237814,2.3932755
202300015881,20,11,2023,2025-12-05 10:00:00,1,13,13106,1,1,1,2,A7-Sens Marseille Vers Lyon,43.39071033,5.35120523
202300015882,4,7,2023,2025-12-05 16:25:00,1,94,94042,2,1,2,2,Avenue Du General Gallieni,48.820138,2.475473
202300015883,11,8,2023,2025-12-05 19:00:00,1,92,92046,2,1,2,3,De Stalingrad,48.81506,2.28292
202300015884,6,7,2023,2025-12-05 18:30:00,1,94,94028,2,1,1,1,Rue Jean Jaures,48.78796476,2.43575397
202300015885,11,8,2023,2025-12-05 15:25:00,1,35,35046,1,3,3,3,D248,47.872569,-2.05071
202300015886,12,8,2023,2025-12-05 17:00:00,1,2B,2B121,1,1,1,7,"D81B, Lieu Dit Ferraghiola",42.45584,8.673019
202300015887,5,7,2023,2025-12-05 15:30:00,1,94,94028,1,1,1,5,Halpern.(Avenue Bernard),48.77944,2.45918
202300015888,20,11,2023,2025-12-05 18:00:00,3,91,91161,1,1,2,3,Autoroute A6,48.70224,2.30766
202300015889,12,8,2023,2025-12-05 13:30:00,1,2A,2A065,2,1,1,6,Rue Martinetti,42.134123,8.594248
202300015890,5,7,2023,2025-12-05 12:30:00,1,94,94017,2,1,1,2,Rue Benoit Frachon,48.818914,2.522481
202300015891,12,8,2023,2025-12-05 20:50:00,2,91,91340,1,1,1,7,D446,48.611225,2.434362
202300015892,20,11,2023,2025-12-05 02:14:00,5,94,94034,1,1,1,3,A86,48.75609704,2.34121956
202300015893,5,7,2023,2025-12-05 14:05:00,1,94,94002,2,1,1,3,Rue De Rome,48.78845,2.42885
202300015894,11,8,2023,2025-12-05 21:33:00,5,95,95487,2,1,2,6,D78,49.149373,2.279647
202300015895,6,7,2023,2025-12-05 18:10:00,1,93,93055,2,1,1,6,Avenue Jean Lolive,48.89386664,2.41659818
202300015896,20,11,2023,2025-12-05 00:57:00,4,92,92019,1,1,1,3,Rn 385 Exterieure,48.76754609,2.2442129
202300015897,11,8,2023,2025-12-05 21:45:00,3,21,21676,1,1,1,7,Pk228.600 Autoroute A6 Sens Paris Lyon,47.463626,4.248898
202300015898,6,7,2023,2025-12-05 05:00:00,2,93,93053,2,1,1,6,Allee Josephine,48.89583255,2.46259626
202300015899,12,8,2023,2025-12-05 14:15:00,1,22,22228,1,1,1,6,Rn12,48.54942,-3.44061
202300015900,20,11,2023,2025-12-05 20:00:00,3,92,92036,1,1,2,6,Autoroute A15,48.94355783,2.28738079
202300015901,28,6,2023,2025-12-05 10:10:00,1,92,92046,2,2,1,6,Guy Moquet (Rue),48.81477264,2.29698792
202300015902,16,11,2023,2025-12-05 20:10:00,3,95,95018,1,1,2,3,A15,48.95182,2.28002
202300015903,29,7,2023,2025-12-05 17:35:00,1,974,97413,1,1,1,6,N1,-21.187253,55.296968
202300015904,3,7,2023,2025-12-05 21:40:00,2,92,92063,2,3,1,2,Hopital Stell (Boulevard De L'),48.87864396,2.18639749
202300015905,12,8,2023,2025-12-05 15:00:00,1,38,38456,1,1,1,7,Route De Corps,44.817068,5.866163
202300015906,20,11,2023,2025-12-05 17:55:00,3,94,94022,1,1,2,7,A86,48.7764277,2.41579932
202300015907,12,8,2023,2025-12-05 18:15:00,1,62,62214,2,1,1,6,D52,50.65025224,1.70590247
202300015908,6,7,2023,2025-12-05 09:05:00,1,92,92026,2,1,1,6,Boulevard Circulaire,48.89204,2.24599
202300015909,12,8,2023,2025-12-05 11:40:00,1,59,59135,2,3,1,7,Rue Bollaert Le Gavrian,50.80187,2.481861
202300015910,6,7,2023,2025-12-05 12:30:00,1,92,92025,2,9,1,3,Charles De Gaulle (Bd),48.91842496,2.22390801
202300015911,20,11,2023,2025-12-05 07:50:00,1,77,77258,1,1,1,4,A4.W,48.83029831,2.628491
202300015912,12,8,2023,2025-12-05 15:00:00,1,76,76302,2,1,1,3,100 Route Du Hameau De Versailles,49.644555,0.37897
202300015913,5,7,2023,2025-12-05 00:01:00,5,92,92025,2,3,2,3,Gabriel Peri (Rue),48.9189314,2.24073386
202300015914,6,7,2023,2025-12-05 03:20:00,5,92,92012,2,2,1,3,Reine (Route De La) 82/Fin - 107Ter/Fin,48.84047,2.23162
202300015915,18,11,2023,2025-12-05 22:10:00,3,94,94073,1,1,2,4,A86,48.77011469,2.38223272
202300015916,12,8,2023,2025-12-05 08:00:00,1,80,80190,1,1,1,3,D925,50.085634,1.661596
202300015917,6,7,2023,2025-12-05 16:25:00,1,92,92007,2,2,1,3,Ravera (Avenue Henri) Ndeg 111 A 217 Et 10,48.80598874,2.31372401
202300015918,12,8,2023,2025-12-05 12:39:00,1,82,82151,1,1,1,1,D80,44.304898,0.930625
202300015919,11,8,2023,2025-12-05 19:20:00,1,33,33490,2,1,1,6,50 Rue Du General De Gaulle,45.432793,-1.044288
202300015920,5,7,2023,2025-12-05 10:40:00,1,92,92036,2,1,1,3,Gresillons ( Avenue Des  ),48.9202,2.31519
202300015921,18,11,2023,2025-12-05 10:50:00,1,974,97416,2,1,1,6,Rebecca (Chemin Stephen),-21.31407,55.47179
202300015922,12,8,2023,2025-12-05 13:20:00,1,63,63091,1,1,1,6,1 Rue De La Source,45.422703,3.282938
202300015923,26,6,2023,2025-12-05 15:21:00,1,91,91235,1,1,1,3,D296,48.635231,2.357946
202300015924,3,8,2023,2025-12-05 18:30:00,1,49,49378,1,1,2,2,81 Route De Longue,47.339464,-0.069098
202300015925,11,8,2023,2025-12-05 16:00:00,1,46,46311,1,1,1,7,Chemin De Lasmarie-Haute,44.881954,2.040281
202300015926,29,6,2023,2025-12-05 00:20:00,5,91,91086,2,1,1,1,Rue Du Canal,48.620683,2.374495
202300015927,19,11,2023,2025-12-05 14:15:00,1,973,97302,2,1,1,3,Cabassou (Cite),4.92059356,-52.31608741
202300015928,3,7,2023,2025-12-05 22:30:00,3,17,17278,1,4,1,3,Intersection De La D142 Et De La Rue Du Bois Des Cordes,45.714046,-0.808804
202300015929,10,8,2023,2025-12-05 16:00:00,1,86,86286,1,2,1,3,D347,46.840646,0.160326
202300015930,7,7,2023,2025-12-05 08:50:00,1,44,44014,1,1,1,2,Adresse_Inconnue,47.106442,-1.496243
202300015931,19,11,2023,2025-12-05 12:10:00,1,973,97302,2,2,1,3,Lallouette(Rue),4.94004147,-52.33206564
202300015932,7,7,2023,2025-12-05 08:00:00,1,974,97422,2,1,7,6,36 Rue Albert Frejaville,-21.279737,55.514088
202300015933,11,8,2023,2025-12-05 11:05:00,1,38,38384,2,3,1,5,D519,45.341389,5.349317
202300015934,5,7,2023,2025-12-05 09:25:00,1,62,62057,2,2,1,6,D219,50.8803797,2.08487566
202300015935,11,8,2023,2025-12-05 17:55:00,1,15,15061,1,1,1,7,D3,45.180888,2.839473
202300015936,18,11,2023,2025-12-05 22:34:00,5,973,97302,2,9,1,3,Lallouette,4.94135212,-52.32666349
202300015937,7,7,2023,2025-12-05 06:09:00,2,68,68238,1,1,1,3,D52,47.708671,7.512047
202300015938,12,8,2023,2025-12-05 12:00:00,1,26,26292,1,1,1,7,Pk 16+950,44.279402,5.418727
202300015939,12,8,2023,2025-12-05 19:00:00,1,14,14726,1,1,1,6,Route De Lassy,48.868356,-0.676582
202300015940,7,7,2023,2025-12-05 06:30:00,2,71,71003,1,1,1,6,Adresse_Inconnue,46.907937,4.9359
202300015941,19,11,2023,2025-12-05 23:09:00,5,69,69388,2,3,1,3,Rue De Montagny,45.73196,4.85355
202300015942,10,8,2023,2025-12-05 18:30:00,1,14,14047,2,6,1,3,117 Rue Saint Patrice,49.28233,-0.71883
202300015943,7,7,2023,2025-12-05 08:25:00,1,62,62061,1,2,1,3,D939,50.359891,2.458899
202300015944,11,8,2023,2025-12-05 09:55:00,1,73,73259,1,1,1,1,D213,45.376282,6.323994
202300015945,7,7,2023,2025-12-05 12:15:00,1,66,66021,2,1,1,3,46 Avenue De La Salanque,42.728783,2.943258
202300015946,19,11,2023,2025-12-05 19:30:00,5,69,69387,2,2,1,6,Boulevard Yves Farge,45.74431939,4.83505318
202300015947,10,8,2023,2025-12-05 15:30:00,1,40,40031,1,6,1,7,D380,43.828947,-0.834135
202300015948,7,7,2023,2025-12-05 16:30:00,1,31,31588,2,1,1,2,8 Avenue De Francazal,43.524371,1.343714
202300015949,11,8,2023,2025-12-05 15:45:00,1,40,40261,1,1,1,2,300 Route De La Gare,43.67701,-1.23321
202300015950,24,6,2023,2025-12-05 14:45:00,1,56,56117,2,1,1,7,4 Rue Alain Lesage,47.887442,-2.838973
202300015951,18,11,2023,2025-12-05 20:30:00,3,972,97213,2,1,1,2,Autoroute A1,14.61441,-61.01176
202300015952,7,7,2023,2025-12-05 13:35:00,1,67,67513,1,1,1,7,D57,48.392567,7.249673
202300015953,19,11,2023,2025-12-05 22:35:00,5,69,69382,2,3,1,7,Quai Docteur Gailleton,45.75312,4.8339
202300015954,12,8,2023,2025-12-05 04:20:00,3,24,24064,1,1,1,1,D939 - Route Des Charentes - Pk 31+500,45.397448,0.620105
202300015955,7,7,2023,2025-12-05 16:34:00,1,76,76655,1,3,1,7,D79,49.8593,0.68583
202300015956,12,8,2023,2025-12-05 16:25:00,1,4,4166,1,1,1,3,Rd952 Pk 63+400,43.807081,6.058209
202300015957,6,7,2023,2025-12-05 23:30:00,3,79,79007,1,1,1,3,Adresse_Inconnue,46.566713,-0.414546
202300015958,12,8,2023,2025-12-05 16:52:00,1,85,85234,2,1,1,7,Avenue Des Pays De Monts,46.787984,-2.080536
202300015959,7,7,2023,2025-12-05 08:15:00,1,2A,2A269,1,1,1,5,Pianiccia,41.788069,9.397162
202300015960,19,11,2023,2025-12-05 01:00:00,5,69,69034,1,1,8,4,Quai Bellevue,45.78774891,4.86212926
202300015961,12,8,2023,2025-12-05 09:00:00,1,85,85252,1,1,2,1,Rd 19,46.646043,-0.799175
202300015962,6,7,2023,2025-12-05 12:15:00,1,69,69168,2,3,1,3,Quai Pierre Dupont,45.844812,4.835173
202300015963,7,7,2023,2025-12-05 06:15:00,1,71,71318,1,1,1,3,Route De La Chapelle Thecle,46.557577,5.149798
202300015964,19,11,2023,2025-12-05 12:41:00,1,69,69389,2,2,1,3,Rue Du Bourbonnais,45.7745,4.80181
202300015965,11,8,2023,2025-12-05 18:30:00,1,28,28156,1,2,3,3,Intersection D15/D2,48.497583,0.999069
202300015966,7,7,2023,2025-12-05 09:00:00,1,71,71370,1,3,1,6,Les Chevrets,46.542809,4.028501
202300015967,19,11,2023,2025-12-05 16:35:00,1,2A,2A004,2,9,1,3,Napoleon Cours Apres Beverini,41.93234,8.74065
202300015968,31,7,2023,2025-12-05 09:40:00,1,28,28202,1,2,8,3,Intersection Rd4 Et 318,48.631912,0.939927
202300015969,6,7,2023,2025-12-05 19:00:00,1,71,71014,2,7,1,3,Place Anatole De Charmasse,46.950489,4.304178
202300015970,31,5,2023,2025-12-05 15:10:00,1,54,54395,1,1,1,7,Rm 674,48.67502,6.1983
202300015971,25,7,2023,2025-12-05 17:15:00,1,37,37099,1,1,1,1,D751,47.30059617,0.55358845
202300015972,19,11,2023,2025-12-05 20:28:00,5,95,95218,2,1,1,3,N184,49.01615,2.09206
202300015973,29,6,2023,2025-12-05 14:50:00,1,89,89053,1,1,1,1,D176,47.87476,3.475349
202300015974,12,8,2023,2025-12-05 06:00:00,1,30,30339,1,1,1,6,Route De La Serreyrede,44.090452,3.638492
202300015975,1,6,2023,2025-12-05 13:15:00,1,51,51454,2,6,1,3,Marchandeau (Avenue Paul),49.24227,4.02459
202300015976,18,11,2023,2025-12-05 17:18:00,5,91,91549,2,1,2,6,Regiment Normandie-Niemen (Avenue Du),48.63732,2.3318
202300015977,31,5,2023,2025-12-05 19:40:00,2,51,51454,2,1,1,7,Bettinger (Rue Du Docteur),49.27897,4.0166
202300015978,7,7,2023,2025-12-05 10:30:00,1,39,39526,1,1,1,5,Adresse_Inconnue,47.030251,5.403688
202300015979,12,8,2023,2025-12-05 15:28:00,1,30,30193,1,1,1,1,D999,43.861608,4.210156
202300015980,6,7,2023,2025-12-05 21:46:00,1,44,44087,1,1,1,7,3 La Tuilerie,47.023747,-1.737337
202300015981,11,8,2023,2025-12-05 21:45:00,2,30,30061,1,1,1,7,Route De Dions D22,43.928051,4.270458
202300015982,31,5,2023,2025-12-05 15:30:00,1,51,51454,2,1,1,4,Champagne   (  Avenue De),49.21858,4.02022
202300015983,6,7,2023,2025-12-05 23:15:00,3,44,44213,1,1,1,6,La Mostiere,47.481568,-1.049194
202300015984,19,11,2023,2025-12-05 04:40:00,3,78,78624,1,1,2,1,Rd1,48.96796,1.9989
202300015985,12,8,2023,2025-12-05 03:50:00,3,48,48129,1,1,1,6,Adresse_Inconnue,44.722101,3.781646
202300015986,1,6,2023,2025-12-05 14:55:00,1,47,47001,2,3,1,5,Riquet (Rue Pierre-Paul De),44.21201,0.64414
202300015987,6,7,2023,2025-12-05 11:20:00,1,35,35299,1,1,1,4,Rd 76,48.638581,-1.895485
202300015988,19,11,2023,2025-12-05 06:35:00,2,76,76540,1,1,1,6,Route De Lyons La Foret,49.43614,1.13731
202300015989,12,8,2023,2025-12-05 16:10:00,1,8,8272,1,1,1,7,Rue De Maimby,49.718417,4.348344
202300015990,5,7,2023,2025-12-05 14:11:00,1,29,29205,2,1,1,6,Carrefour Des Ecoles,48.298729,-3.590123
202300015991,1,6,2023,2025-12-05 07:25:00,1,45,45234,2,1,1,3,Avenue Des Droits De L'Homme,47.92370663,1.93497026
202300015992,11,8,2023,2025-12-05 00:15:00,3,973,97307,1,1,1,6,N1,4.892647,-52.331834
202300015993,19,11,2023,2025-12-05 19:10:00,5,73,73222,2,1,8,6,D9 Chesses (Route De),45.5821778,5.94854817
202300015994,1,6,2023,2025-12-05 20:30:00,1,42,42187,2,1,1,6,Rue Nicolas Cugnot,46.04195,4.06277
202300015995,4,7,2023,2025-12-05 14:25:00,1,29,29282,1,1,1,1,D67,48.36164277,-4.74784802
202300015996,12,8,2023,2025-12-05 11:40:00,1,80,80107,1,1,1,5,A29 Pk204+300,49.856681,2.440665
202300015997,5,7,2023,2025-12-05 10:20:00,1,31,31100,1,1,1,7,15 Chemin De Faou,43.294404,1.61524
202300015998,31,5,2023,2025-12-05 16:40:00,1,42,42187,2,2,1,1,Boulevard Baron Du Marais,46.0412,4.06488
202300015999,6,7,2023,2025-12-05 22:05:00,5,13,13017,2,6,1,6,Avenue De La Montagnette,43.865744,4.688762
202300016000,14,11,2023,2025-12-05 17:45:00,5,73,73087,2,1,3,5,D1006 Lyon (Route De),45.55464,5.89193
202300016001,12,8,2023,2025-12-05 10:45:00,1,973,97309,2,1,1,3,283 Route De Montjoly,4.914008,-52.273909
202300016002,1,6,2023,2025-12-05 16:10:00,1,41,41018,2,9,1,3,Bury (Allee De),47.57791,1.28137
202300016003,7,7,2023,2025-12-05 20:30:00,1,2,2815,1,1,1,6,Adresse_Inconnue,49.7719,3.100623
202300016004,12,8,2023,2025-12-05 13:55:00,1,82,82007,1,1,1,1,Route De Montpezat,44.188518,1.468615
202300016005,19,11,2023,2025-12-05 16:35:00,1,69,69266,2,2,1,3,Rue Dedieu,45.76938,4.86475
202300016006,1,6,2023,2025-12-05 18:25:00,1,38,38421,2,2,1,3,Avenue Gabriel Peri,45.18526,5.76199
202300016007,11,8,2023,2025-12-05 20:30:00,2,45,45317,1,1,2,6,A10 Pr 124 + 51,47.775041,1.582632
202300016008,7,7,2023,2025-12-05 11:15:00,1,2,2468,2,4,7,1,1 Rue Des Moulins,49.74028,3.767458
202300016009,19,11,2023,2025-12-05 21:10:00,5,64,64102,2,1,1,2,Avril (Avenue Du 14),43.5036,-1.46752
202300016010,7,7,2023,2025-12-05 06:45:00,1,3,3276,1,1,1,6,Route De Sussat,46.153348,3.030639
202300016011,11,8,2023,2025-12-05 17:45:00,1,11,11262,1,1,1,2,Autoroute A9,43.183369,3.050508
202300016012,1,6,2023,2025-12-05 05:25:00,3,38,38179,2,2,1,6,Rue De La Gare,45.18164,5.78806
202300016013,11,8,2023,2025-12-05 15:40:00,1,33,33005,2,1,1,6,2Bis Allee Des Cigales,44.742287,-1.090533
202300016014,9,11,2023,2025-12-05 07:30:00,1,62,62464,2,3,2,6,D39,50.48690105,2.8082673
202300016015,5,7,2023,2025-12-05 14:20:00,1,3,3193,1,3,1,2,Route De Verigny,46.488635,2.617884
202300016016,1,6,2023,2025-12-05 08:00:00,1,37,37122,2,1,1,2,Bordeaux (Avenue De),47.35577664,0.69867522
202300016017,11,8,2023,2025-12-05 02:15:00,5,976,97615,2,3,1,1,Boulevard Des Amoureux,-12.791845,45.280146
202300016018,7,7,2023,2025-12-05 19:55:00,1,70,70115,1,1,1,6,Adresse_Inconnue,47.59576,6.314306
202300016019,10,5,2023,2025-12-05 17:04:00,1,36,36159,2,1,1,6,Rue Du 30 Aout 1944,46.76388476,1.72241271
202300016020,12,8,2023,2025-12-05 20:35:00,5,974,97415,2,1,1,1,Rue Du Gen De Gaulle (St G),-21.051329,55.225329
202300016021,11,8,2023,2025-12-05 14:10:00,1,971,97111,1,1,1,6,Ferry,16.281565,-61.80353
202300016022,6,7,2023,2025-12-05 11:38:00,1,72,72328,1,1,1,2,3911 Route De Bonnetable,48.06047581,0.27222633
202300016023,1,6,2023,2025-12-05 09:30:00,1,35,35238,2,2,7,3,Combes (Bd Emile),48.09512,-1.66352
202300016024,6,7,2023,2025-12-05 07:30:00,1,6,6016,1,1,1,7,Route De Nice - Pk 15 + 100,44.047606,6.977106
202300016025,11,8,2023,2025-12-05 13:00:00,1,84,84078,2,9,1,3,Chemin Des Rosieres,44.244265,4.71638
202300016026,19,11,2023,2025-12-05 06:00:00,5,60,60057,2,3,2,5,Boulevard Du Docteur Lamotte,49.4357,2.08546
202300016027,1,6,2023,2025-12-05 08:50:00,1,35,35238,2,3,1,3,Villebois Mareuil (Bd),48.10224,-1.6495
202300016028,11,8,2023,2025-12-05 23:00:00,5,67,67065,2,1,1,3,Rue Principale,48.579567,7.604964
202300016029,7,7,2023,2025-12-05 10:30:00,1,14,14371,2,4,1,3,17 Route De Lisieux,49.013586,0.152264
202300016030,12,8,2023,2025-12-05 05:25:00,2,67,67529,2,1,1,7,Rue De La Republique,48.711067,7.800361
202300016031,1,6,2023,2025-12-05 07:30:00,1,35,35051,2,6,1,3,Vilaine (Rond-Point De La),48.11184,-1.62181
202300016032,19,11,2023,2025-12-05 11:40:00,1,59,59350,2,1,2,2,Schuman Robert Boulevard,50.64951,3.06665
202300016033,6,7,2023,2025-12-05 09:50:00,1,5,5124,1,3,1,3,Route De Briancon,44.577699,6.133075
202300016034,11,8,2023,2025-12-05 22:00:00,3,81,81131,1,1,1,4,A68,43.886819,1.985067
202300016035,30,5,2023,2025-12-05 16:33:00,1,34,34032,2,3,1,1,Avenue Auguste Albertini,43.35,3.23749
202300016036,7,7,2023,2025-12-05 02:00:00,3,5,5004,1,1,1,7,D13  Les Faix,44.635315,6.193285
202300016037,19,11,2023,2025-12-05 16:00:00,1,56,56121,2,6,1,3,Nouveau Brunswick (Rd-Pt Du),47.74426,-3.39532
202300016038,11,8,2023,2025-12-05 20:45:00,1,17,17086,1,3,1,2,Route Des Jonquilles,45.738226,-0.557245
202300016039,1,6,2023,2025-12-05 20:50:00,1,33,33192,2,3,1,3,Rue D'Ornon,44.77224,-0.64036
202300016040,5,7,2023,2025-12-05 11:50:00,1,83,83007,2,1,1,3,Avenue Albert 1Er,43.63074,6.220644
202300016041,30,7,2023,2025-12-05 16:54:00,1,33,33324,2,1,1,6,55 Rue Jean Moulin,44.847031,0.239025
202300016042,18,11,2023,2025-12-05 17:10:00,5,54,54099,2,3,2,6,Rue De La Cartoucherie,49.24417,5.93553
202300016043,6,7,2023,2025-12-05 07:35:00,1,9,9296,1,8,2,2,Route Nationale 20,42.800396,1.653118
202300016044,12,8,2023,2025-12-05 02:15:00,3,33,33056,1,6,1,6,Avenue Du Port Du Roy (Borne 7848),44.912251,-0.58035
202300016045,1,6,2023,2025-12-05 12:40:00,1,33,33013,2,6,1,2,Avenue De L'Ile De France,44.84687,-0.49713
202300016046,19,11,2023,2025-12-05 15:20:00,1,41,41018,2,1,1,6,Verdun (Avenue De),47.59486,1.34704
202300016047,6,7,2023,2025-12-05 17:10:00,1,73,73128,2,3,1,3,Route D'Antoger,45.72610366,5.91881856
202300016048,12,8,2023,2025-12-05 17:40:00,1,85,85098,1,2,1,3,Rd100,46.712521,-1.476475
202300016049,31,5,2023,2025-12-05 15:25:00,1,33,33039,2,3,1,3,Rue Des Muriers,44.8139,-0.54966
202300016050,12,8,2023,2025-12-05 13:35:00,1,22,22081,1,2,1,3,D786,48.504383,-2.617634
202300016051,19,11,2023,2025-12-05 19:00:00,5,36,36044,2,2,1,3,Adresse_Inconnue,46.80875694,1.70490056