num_acc,jour,mois,an,hrmn,lum,dep,com,agg,int,atm,col,adr,lat,long
202300016052,7,7,2023,2025-12-05 09:20:00,1,16,16016,1,2,1,3,Le Cerisier De La Barre,45.989564,0.621082
202300016053,31,5,2023,2025-12-05 16:20:00,1,31,31555,2,1,1,3,Rue Louis Plana,43.61,1.47936
202300016054,19,11,2023,2025-12-05 17:52:00,3,31,31555,2,1,1,6,Av Paul Sejourne,43.60748,1.42812
202300016055,11,8,2023,2025-12-05 22:45:00,4,22,22214,2,1,1,1,11 Route De Saint Brieuc,48.748089,-2.985181
202300016056,7,7,2023,2025-12-05 00:25:00,3,16,16312,1,1,1,6,Route Departementale 118,45.777008,-0.03297
202300016057,31,5,2023,2025-12-05 10:20:00,1,31,31483,2,1,1,6,Encore (Boulevar D'),43.11462891,0.73111787
202300016058,7,7,2023,2025-12-05 09:55:00,1,53,53097,2,1,1,6,56 Boulevard Du Marechal Foch,48.150313,-0.401468
202300016059,18,11,2023,2025-12-05 16:25:00,1,29,29051,2,3,8,3,Venelle De La Salleverte,47.997,-4.04882
202300016060,31,5,2023,2025-12-05 17:40:00,1,29,29019,2,1,1,1,Boulevard Tanguy Prigent,48.394281,-4.53904
202300016061,12,8,2023,2025-12-05 11:20:00,1,76,76753,1,3,1,4,D13,49.355433,1.175108
202300016062,3,7,2023,2025-12-05 17:25:00,1,85,85047,2,4,1,3,46 Rue Des Sables,46.839044,-1.874435
202300016063,1,6,2023,2025-12-05 15:40:00,1,28,28404,2,1,1,1,Brezolles (Route De),48.7286,1.32229
202300016064,19,11,2023,2025-12-05 22:00:00,5,28,28404,2,1,1,6,Crecy (Route De),48.72769,1.33338
202300016065,1,7,2023,2025-12-05 23:20:00,3,27,27383,1,1,1,2,D926,48.743431,0.851317
202300016066,11,8,2023,2025-12-05 13:15:00,1,13,13214,1,1,1,3,A507 Sens Marseille - Aubagne,43.33304,5.38506
202300016067,19,11,2023,2025-12-05 22:42:00,3,26,26004,1,1,1,6,Rn 532,44.99177739,4.98834535
202300016068,2,7,2023,2025-12-05 19:20:00,1,28,28191,1,1,1,7,Rue Des Sables,48.610608,1.647788
202300016069,11,8,2023,2025-12-05 16:16:00,1,13,13081,1,1,1,2,A7-Sens Marseille Vers Lyon,43.4899,5.2405
202300016070,19,11,2023,2025-12-05 17:05:00,3,25,25056,2,1,8,7,Rn 1057 (Ch. Epitaphe-Ch. Montboucons),47.26538,6.005
202300016071,1,6,2023,2025-12-05 11:50:00,1,27,27681,2,1,1,6,Avenue De L'Ardeche,49.089,1.482
202300016072,9,8,2023,2025-12-05 02:30:00,3,83,83090,1,1,1,2,A50,43.12608109,5.88263494
202300016073,6,7,2023,2025-12-05 07:55:00,1,37,37156,2,2,1,1,"79 Rue De Boisdenier, Montlouis",47.384716,0.814115
202300016074,19,11,2023,2025-12-05 18:50:00,5,22,22113,2,1,1,6,Trebeurden (Route De),48.74771,-3.48308
202300016075,1,6,2023,2025-12-05 20:14:00,1,70,70285,1,1,1,6,D16,47.58652,6.74654
202300016076,11,8,2023,2025-12-05 15:45:00,1,69,69297,1,1,1,2,Autoroute 7,45.59977821,4.79594016
202300016077,6,7,2023,2025-12-05 10:40:00,1,37,37241,2,2,7,3,3 Rue Des Remparts,47.44356,0.320106
202300016078,18,11,2023,2025-12-05 17:00:00,1,13,13103,1,1,1,3,Route De Jean Moulin-Rn 538,43.66672,5.09483
202300016079,7,7,2023,2025-12-05 17:20:00,1,48,48063,1,1,1,6,D806,44.728595,3.360679
202300016080,11,8,2023,2025-12-05 13:30:00,1,42,42218,1,1,1,2,N488,45.441067,4.436521
202300016081,19,11,2023,2025-12-05 17:48:00,5,13,13202,2,1,1,1,Dunkerque  (Boulevard De),43.30617,5.36753
202300016082,7,7,2023,2025-12-05 16:07:00,1,48,48107,1,1,1,7,Moulin De La Chaze,44.523039,3.298468
202300016083,31,5,2023,2025-12-05 07:50:00,1,70,70285,1,9,7,4,Z.A. Les Guinnottes,47.5902,6.77921
202300016084,9,8,2023,2025-12-05 12:35:00,1,33,33122,1,1,1,4,Autoroute A 63,44.75543196,-0.68755209
202300016085,19,11,2023,2025-12-05 15:45:00,1,13,13203,2,1,1,6,Camille Pelletan (Avenue),43.30367,5.37375
202300016086,7,7,2023,2025-12-05 00:30:00,3,8,8349,2,1,1,1,Route De Messempre,49.673467,5.166594
202300016087,1,6,2023,2025-12-05 09:00:00,1,25,25056,2,1,7,4,Rn 1057 (Bd Churchil-Route De Gray),47.23971,5.97995
202300016088,11,8,2023,2025-12-05 15:50:00,1,91,91377,1,1,1,2,Autoroute A10,48.72753,2.30358
202300016089,7,7,2023,2025-12-05 02:15:00,3,13,13044,1,1,1,1,Route De Salon,43.61424,5.069225
202300016090,18,11,2023,2025-12-05 15:30:00,1,12,12013,1,1,1,7,Zone Industrielle Du Plegat,44.55166,2.2883
202300016091,1,6,2023,2025-12-05 08:56:00,1,25,25056,2,1,1,3,Concorde Rue De La,47.23029,5.99105
202300016092,19,4,2023,2025-12-05 09:00:00,1,69,69081,2,2,1,2,Boulevard Du Valvert,45.766333,4.769225
202300016093,19,11,2023,2025-12-05 19:00:00,4,11,11069,2,1,1,6,25 Boulevard Barbes,43.21036,2.352319
202300016094,11,8,2023,2025-12-05 16:15:00,1,91,91434,1,1,8,4,Autoroute A6,48.66828,2.35455
202300016095,1,6,2023,2025-12-05 07:40:00,1,25,25056,2,9,1,2,Lagrange  Avenue Leo,47.2446,5.99735
202300016096,11,8,2023,2025-12-05 21:55:00,3,94,94073,1,1,2,4,A86,48.768846,2.37919993
202300016097,19,11,2023,2025-12-05 11:27:00,1,11,11069,1,1,1,1,Rocade Sud Rd 6161,43.20447,2.38303
202300016098,31,5,2023,2025-12-05 18:18:00,1,18,18033,1,1,1,1,Adresse_Inconnue,47.04582,2.42088
202300016099,6,7,2023,2025-12-05 10:10:00,1,37,37173,1,2,1,3,D81,47.16855455,1.28117323
202300016100,11,8,2023,2025-12-05 09:20:00,1,94,94046,1,1,1,3,A86,48.80856288,2.44905786
202300016101,7,7,2023,2025-12-05 09:50:00,1,73,73304,1,1,1,1,D902,45.443368,7.019065
202300016102,12,5,2023,2025-12-05 19:55:00,1,13,13056,1,1,1,1,Michel Boulevard Louise,43.42342,5.04322
202300016103,19,11,2023,2025-12-05 18:25:00,5,75,75118,2,1,1,3,Porte De Clignancourt,48.901047,2.344
202300016104,10,8,2023,2025-12-05 16:45:00,1,2A,2A004,2,1,1,6,Rossini Pascal Bd,41.91649,8.73155
202300016105,6,7,2023,2025-12-05 08:00:00,1,971,97119,1,1,1,6,N6,16.375578,-61.472116
202300016106,24,5,2023,2025-12-05 15:50:00,1,13,13056,2,1,1,3,Degas Allee Edgard,43.40426,5.04389
202300016107,10,8,2023,2025-12-05 13:00:00,1,47,47001,2,1,1,6,Lacour (Bd Edouard),44.19022,0.63015
202300016108,14,11,2023,2025-12-05 17:45:00,1,75,75120,2,1,1,7,Porte De Montreuil,48.852658,2.414748
202300016109,7,7,2023,2025-12-05 16:40:00,1,33,33214,1,3,1,3,Route De Saumos,44.9761,-1.046737
202300016110,22,3,2023,2025-12-05 15:56:00,1,75,75115,2,1,1,6,Place De La Porte De Versailles,48.832072,2.288339
202300016111,1,6,2023,2025-12-05 08:50:00,1,13,13214,2,1,1,6,Merlan (Avenue),43.34035,5.40665
202300016112,19,11,2023,2025-12-05 02:05:00,4,75,75120,2,1,2,2,Bd Peripherique Interieur Porte Des Lilas,48.876382,2.409421
202300016113,10,8,2023,2025-12-05 15:50:00,1,976,97611,2,1,1,2,Mgombani-Baobab ( Bd ),-12.78491,45.22876
202300016114,6,7,2023,2025-12-05 12:28:00,1,41,41220,2,2,1,3,Rue De L?Industrie,47.709509,1.60616
202300016115,31,5,2023,2025-12-05 10:30:00,1,11,11262,1,1,1,5,Adresse_Inconnue,43.18051,2.95934
202300016116,6,7,2023,2025-12-05 11:45:00,1,37,37003,2,1,1,6,Face Au 08 Rue De La Marne,47.419349,0.98175
202300016117,18,11,2023,2025-12-05 16:00:00,5,75,75116,2,1,2,2,Porte Dauphine,48.862819,2.264975
202300016118,10,8,2023,2025-12-05 19:40:00,5,974,97416,1,1,1,2,Augustin Archambaud(Rue),-21.32558,55.48593
202300016119,1,6,2023,2025-12-05 03:06:00,5,6,6088,2,1,1,6,Jaures (Bd Jean),43.69433,7.28281
202300016120,7,7,2023,2025-12-05 11:50:00,1,2A,2A247,1,3,1,3,Rt10,41.639902,9.294734
202300016121,17,11,2023,2025-12-05 11:40:00,1,75,75116,2,1,1,2,Port D Auteuil,48.844061,2.254911
202300016122,10,8,2023,2025-12-05 05:25:00,5,69,69387,2,2,1,1,Cours Gambetta,45.75595,4.84089
202300016123,27,5,2023,2025-12-05 17:10:00,1,2,2722,2,1,1,6,2 Rue Leon Blum,49.37611,3.30731
202300016124,17,5,2023,2025-12-05 16:45:00,1,2,2722,2,1,1,6,18 Boulevard Georges Clemenceau,49.37966,3.30906
202300016125,17,11,2023,2025-12-05 09:10:00,1,75,75118,2,1,1,3,Porte De Saint Ouen,48.900847,2.334437
202300016126,10,8,2023,2025-12-05 08:30:00,1,69,69388,2,1,1,3,Avenue Jean Mermoz,45.73348,4.87861
202300016127,6,7,2023,2025-12-05 19:30:00,1,30,30258,2,2,1,5,Adresse_Inconnue,43.673316,4.4216
202300016128,6,7,2023,2025-12-05 19:25:00,1,83,83127,2,1,1,6,1 Avenue Du Cheval Blanc,43.290459,5.867804
202300016129,31,5,2023,2025-12-05 18:50:00,1,2,2408,2,6,1,6,27 Rue Nestor Grehant,49.56946,3.60836
202300016130,10,8,2023,2025-12-05 17:50:00,1,69,69149,2,2,1,3,235 Grande Rue,45.71003047,4.79967407
202300016131,18,11,2023,2025-12-05 18:10:00,5,75,75106,2,2,1,6,Boulevard Du Montparnasse,48.845513,2.319139
202300016132,1,6,2023,2025-12-05 19:00:00,1,75,75117,2,1,1,2,Porte Maillot,48.882612,2.283497
202300016133,19,11,2023,2025-12-05 11:40:00,1,75,75119,2,1,1,6,Avenue De Flandre,48.889051,2.374601
202300016134,10,8,2023,2025-12-05 11:26:00,1,971,97101,1,1,1,2,Rn05,16.25232,-61.52526
202300016135,7,7,2023,2025-12-05 08:24:00,1,83,83001,1,1,1,5,D37,43.556402,6.796801
202300016136,5,7,2023,2025-12-05 18:00:00,1,6,6091,1,1,1,7,Route Des Clues,43.818644,7.378596
202300016137,1,6,2023,2025-12-05 08:55:00,1,75,75105,2,2,1,6,Rue D Arras,48.847134,2.351231
202300016138,9,8,2023,2025-12-05 14:30:00,1,91,91514,2,6,1,3,Rte De Boussy St Antoine,48.68314,2.53809
202300016139,19,11,2023,2025-12-05 09:20:00,1,75,75119,2,1,1,5,Avenue De La Porte De Pantin,48.89027,2.398039
202300016140,1,6,2023,2025-12-05 18:20:00,1,75,75118,2,1,1,2,Rue De La Chapelle,48.892677,2.35979
202300016141,6,7,2023,2025-12-05 08:25:00,1,13,13086,2,3,1,3,Rue Sainte Anne,43.351077,5.604234
202300016142,6,7,2023,2025-12-05 19:03:00,1,13,13022,2,1,1,6,26 Avenue Jules Ferry,43.220508,5.540467
202300016143,19,11,2023,2025-12-05 13:25:00,1,75,75112,2,2,1,1,Rue De Rambouillet,48.844829,2.382951
202300016144,9,8,2023,2025-12-05 16:55:00,1,87,87048,1,3,1,5,Rd 11,45.79549,1.2632
202300016145,31,5,2023,2025-12-05 23:10:00,5,75,75118,2,3,1,3,Boulevard Barbes,48.888347,2.349589
202300016146,6,7,2023,2025-12-05 07:25:00,1,89,89337,1,1,1,1,Adresse_Inconnue,47.739504,3.657836
202300016147,19,11,2023,2025-12-05 06:20:00,5,94,94046,2,1,2,6,Avenue De La Republique,48.80079,2.43116
202300016148,9,8,2023,2025-12-05 23:23:00,5,87,87085,2,1,1,7,Deprez (Rue Marcel),45.80258,1.28002
202300016149,1,6,2023,2025-12-05 08:30:00,1,75,75116,2,2,1,3,Route De La Muette A Neuilly,48.87253,2.264428
202300016150,7,7,2023,2025-12-05 09:00:00,1,54,54343,1,2,7,3,D907,48.8498805,5.80421984
202300016151,19,11,2023,2025-12-05 19:15:00,5,94,94022,2,9,1,3,Avenue Leon Gourdault,48.763536,2.406256
202300016152,9,8,2023,2025-12-05 14:38:00,1,87,87085,2,6,1,2,Valoine (Rond-Point De La),45.80395,1.29174
202300016153,7,7,2023,2025-12-05 15:30:00,1,3,3139,1,1,1,7,D182 Pk9+800,45.999257,3.828156
202300016154,1,6,2023,2025-12-05 17:45:00,1,75,75115,2,2,1,3,Rue De Lourmel,48.843778,2.286348
202300016155,9,8,2023,2025-12-05 07:55:00,1,86,86158,2,1,1,2,Rue Des Entreprises,46.611665,0.313861
202300016156,7,7,2023,2025-12-05 17:00:00,1,63,63226,1,1,1,1,D1,45.75866429,3.2340877
202300016157,31,5,2023,2025-12-05 17:40:00,1,75,75114,2,3,1,6,Rue De Ridder,48.832084,2.310475
202300016158,10,8,2023,2025-12-05 08:30:00,1,78,78498,1,1,1,3,Quarante Sous Route De,48.91718,2.0126
202300016159,18,11,2023,2025-12-05 20:20:00,5,94,94079,2,2,2,3,Boulevard De Friedberg,48.83491,2.54726
202300016160,7,7,2023,2025-12-05 16:20:00,1,73,73290,1,1,1,7,D1006,45.21502703,6.95503601
202300016161,31,5,2023,2025-12-05 14:00:00,1,75,75114,2,3,1,6,Boulevard Raspail,48.841471,2.329755
202300016162,6,7,2023,2025-12-05 19:25:00,1,9,9241,1,1,1,7,D23,42.848037,1.542657
202300016163,10,8,2023,2025-12-05 06:00:00,3,76,76486,1,1,1,6,D132,49.31499087,0.98608625
202300016164,19,11,2023,2025-12-05 17:35:00,5,94,94018,2,1,1,2,Rue De Paris,48.82799,2.40351
202300016165,1,6,2023,2025-12-05 20:25:00,1,75,75113,2,1,1,6,Quai D Austerlitz,48.840153,2.370349
202300016166,12,6,2023,2025-12-05 12:45:00,1,17,17119,1,2,1,7,Route De Saujon,45.634278,-0.876133
202300016167,19,11,2023,2025-12-05 10:00:00,1,93,93071,2,9,7,6,Avenue Alfred Nobel,48.933086,2.511732
202300016168,1,6,2023,2025-12-05 19:40:00,1,75,75112,2,1,1,3,Pont D Austerlitz,48.84539841,2.36680269
202300016169,6,7,2023,2025-12-05 19:45:00,1,85,85208,1,1,1,3,Rd6,46.812255,-1.366121
202300016170,1,6,2023,2025-12-05 18:30:00,1,75,75112,2,1,1,2,Avenue Ledru Rollin,48.84733,2.370261
202300016171,19,11,2023,2025-12-05 17:42:00,5,93,93066,2,1,2,2,Route De La Courneuve,48.93267472,2.3748881
202300016172,9,8,2023,2025-12-05 17:54:00,1,76,76351,2,5,1,7,Rene Coty,49.49644167,0.11013454
202300016173,1,6,2023,2025-12-05 09:10:00,1,75,75110,2,3,1,6,Place Franz Liszt,48.877631,2.351555
202300016174,1,7,2023,2025-12-05 14:45:00,1,22,22067,2,3,1,5,Rue De Callac,48.550089,-3.170967
202300016175,19,11,2023,2025-12-05 05:45:00,5,93,93066,2,2,1,3,Avenue Du Stade De France / Rue Des Bretons,48.92101,2.36158
202300016176,31,5,2023,2025-12-05 18:00:00,1,75,75109,2,3,1,6,Rue Charras,48.874214,2.329769
202300016177,7,7,2023,2025-12-05 05:15:00,2,80,80204,1,1,1,1,"Autoroute A1, Pk 135+000",50.009835,2.866389
202300016178,8,8,2023,2025-12-05 12:00:00,1,76,76351,2,3,1,3,Gustave Nicolle,49.49167,0.14635
202300016179,9,8,2023,2025-12-05 12:50:00,1,72,72181,2,9,1,6,Roumanie (Rue De),47.99666,0.23461
202300016180,19,11,2023,2025-12-05 00:40:00,5,93,93055,2,3,2,2,Avenue Jean Lolive / Rue Auger,48.890842,2.400882
202300016181,6,7,2023,2025-12-05 18:50:00,1,13,13117,1,1,1,2,A7-Sens Marseille Vers Lyon,43.44991,5.23968
202300016182,31,5,2023,2025-12-05 20:40:00,2,75,75102,2,3,1,3,Rue D Aboukir,48.868583,2.349719
202300016183,10,8,2023,2025-12-05 20:15:00,1,67,67482,2,1,1,7,Frederic Riff (Rue),48.60882,7.7824
202300016184,5,7,2023,2025-12-05 19:40:00,1,13,13071,1,1,1,2,A7-Sens Marseille Vers Lyon,43.40491,5.31886
202300016185,19,11,2023,2025-12-05 12:30:00,1,93,93032,2,3,1,6,Avenue Paul Vaillant Couturier / Avenue Massenet,48.87239012,2.55379787
202300016186,31,5,2023,2025-12-05 20:05:00,1,75,75104,2,3,1,3,Rue Saint Antoine,48.853955,2.364765
202300016187,5,7,2023,2025-12-05 18:45:00,1,13,13071,1,1,1,2,A7-Sens Lyon Vers Marseille,43.40557,5.32134
202300016188,10,8,2023,2025-12-05 16:00:00,1,67,67267,2,1,1,5,Marechal Foch (Rue Du),48.55747,7.68294
202300016189,31,5,2023,2025-12-05 16:25:00,1,75,75101,2,2,1,6,Rue Du Louvre,48.863892,2.342379
202300016190,4,7,2023,2025-12-05 01:25:00,3,67,67482,1,9,1,6,M35,48.58693,7.72743
202300016191,10,8,2023,2025-12-05 16:24:00,1,67,67482,1,1,1,2,La Rochelle (Rue De),48.5104,7.77237
202300016192,1,6,2023,2025-12-05 20:13:00,1,94,94074,2,1,2,6,6 Rue Du Colonel Fabien,48.74804314,2.4662298
202300016193,6,7,2023,2025-12-05 18:07:00,1,33,33063,1,1,1,2,Rocade A 630,44.88691113,-0.56942225
202300016194,9,8,2023,2025-12-05 17:40:00,1,67,67482,2,1,1,3,Reuss (Allee),48.54487,7.76916
202300016195,1,6,2023,2025-12-05 16:45:00,1,94,94058,2,1,1,-1,Avenue Lamartine,48.85099548,2.49728204
202300016196,19,11,2023,2025-12-05 20:42:00,5,92,92046,2,2,9,3,Raymond David,48.81723929,2.29470205
202300016197,6,7,2023,2025-12-05 18:33:00,1,94,94034,1,1,1,4,A86,48.7581323,2.32682889
202300016198,10,8,2023,2025-12-05 11:30:00,1,64,64483,2,2,1,3,Larramendy Pierre (Avenue),43.383,-1.659
202300016199,6,7,2023,2025-12-05 18:40:00,1,91,91174,1,1,1,3,Rn 104,48.62384,2.46862
202300016200,31,5,2023,2025-12-05 15:50:00,1,94,94011,2,2,1,3,Route De Stains / Route De L'Ile Barbiere,48.78244318,2.49508899
202300016201,19,11,2023,2025-12-05 15:20:00,1,92,92051,2,1,1,3,Duc D'Orleans (Place Du),48.88975386,2.27633339
202300016202,10,8,2023,2025-12-05 18:55:00,1,64,64125,1,1,1,1,Souhara (Rue),43.44413,-1.57558
202300016203,30,5,2023,2025-12-05 19:40:00,1,94,94079,2,6,1,3,8 Boulevard De Strasbourg,48.82446632,2.54415706
202300016204,6,7,2023,2025-12-05 13:05:00,1,94,94038,1,1,1,5,A6A,48.77319669,2.34566363
202300016205,19,11,2023,2025-12-05 14:30:00,1,92,92004,2,2,1,3,Concorde ( Rue De La ),48.91092215,2.29184908
202300016206,10,8,2023,2025-12-05 14:40:00,1,59,59431,1,3,1,3,Houcke (Avenue Jules),50.679061,2.836961
202300016207,31,5,2023,2025-12-05 16:20:00,1,94,94017,2,3,1,3,Rue Diderot,48.81302,2.48953
202300016208,6,7,2023,2025-12-05 10:04:00,1,94,94034,1,1,1,2,A86,48.75938138,2.32309048
202300016209,19,11,2023,2025-12-05 15:35:00,1,17,17389,1,1,1,7,1A Rue De Saintonge,45.844414,-0.8691
202300016210,10,8,2023,2025-12-05 17:30:00,1,54,54575,2,1,1,6,D26B,49.47356,5.83049
202300016211,5,7,2023,2025-12-05 20:09:00,1,91,91645,1,1,1,2,N385,48.7597123,2.26475667
202300016212,1,6,2023,2025-12-05 17:40:00,1,93,93066,2,3,1,3,Avenue Paul Vaillant-Couturier / Rue Lesne,48.93129,2.364
202300016213,19,11,2023,2025-12-05 15:50:00,1,35,35085,2,3,1,3,6 Avenue Des Prunus,48.41338,-1.742411
202300016214,10,8,2023,2025-12-05 16:30:00,1,51,51454,2,1,1,2,Maison Blanche (Rue) Du Ndeg 75 A Fin Et N,49.23585,4.02575
202300016215,1,6,2023,2025-12-05 06:45:00,1,93,93053,2,3,1,3,Rue De Brement / Rue Parmentier,48.88823597,2.45997782
202300016216,10,8,2023,2025-12-05 10:00:00,1,51,51454,2,4,1,6,Martyrs De La Resistance (Place),49.2545,4.03527
202300016217,6,7,2023,2025-12-05 07:55:00,1,92,92072,1,1,1,5,N118,48.81757294,2.21630638
202300016218,1,6,2023,2025-12-05 03:50:00,5,93,93053,2,1,1,6,Rue De Paris,48.89970431,2.44864911
202300016219,9,8,2023,2025-12-05 11:30:00,1,42,42071,2,1,1,6,Route De Commelle,46.0222,4.0842
202300016220,6,7,2023,2025-12-05 10:35:00,1,95,95277,1,1,1,2,A3,48.98129,2.49859
202300016221,10,8,2023,2025-12-05 17:40:00,1,37,37261,2,3,1,3,Sebastopol (Rue),47.38863,0.68461
202300016222,1,6,2023,2025-12-05 18:50:00,1,93,93050,2,3,1,3,Avenue Jean Jaures / Avenue Jean Stephan,48.86487,2.55528
202300016223,5,7,2023,2025-12-05 16:20:00,1,93,93008,1,1,1,3,Autoroute A86,48.90620241,2.459907
202300016224,9,8,2023,2025-12-05 13:45:00,1,34,34301,2,1,1,3,D'Augier Prevot (Rue),43.40992,3.68837
202300016225,15,3,2023,2025-12-05 11:00:00,1,35,35238,2,2,1,3,Volclair (Bd Louis),48.08840597,-1.66758567
202300016226,1,6,2023,2025-12-05 16:55:00,1,93,93049,2,2,1,3,Avenue Daniel Perdrige / Avenue Des Fauvettes,48.87363434,2.50884494
202300016227,4,7,2023,2025-12-05 23:15:00,3,93,93007,1,9,3,2,Autoroute A3,48.92328565,2.4807592
202300016228,4,8,2023,2025-12-05 16:55:00,1,34,34301,2,1,1,6,Moulin Jean (Rue),43.41069,3.68673
202300016229,15,3,2023,2025-12-05 09:45:00,1,35,35238,1,1,1,3,Rn136,48.08058,-1.67918
202300016230,19,11,2023,2025-12-05 18:45:00,3,3,3286,1,1,2,1,Rd53,46.517886,3.435888
202300016231,4,7,2023,2025-12-05 09:30:00,1,93,93066,1,9,1,5,Autoroute A1,48.91936344,2.35754643
202300016232,31,5,2023,2025-12-05 18:50:00,1,93,93032,2,5,1,5,Rue Hippolyte Pina / Rue Paul Vaillant Couturier,48.87449125,2.55195788
202300016233,11,8,2023,2025-12-05 01:23:00,5,34,34172,2,1,1,6,Lodeve (Avenue De,43.6133,3.84183
202300016234,15,3,2023,2025-12-05 19:05:00,1,33,33063,2,1,1,6,Rue Albert,44.85575,-0.57942
202300016235,19,11,2023,2025-12-05 15:30:00,1,56,56122,1,1,8,7,La Noe Mennais,47.986193,-2.391425
202300016236,6,7,2023,2025-12-05 17:40:00,1,94,94028,1,1,1,3,A86,48.7849558,2.44038353
202300016237,1,6,2023,2025-12-05 08:30:00,1,93,93008,2,1,1,6,Avenue Karl Marx,48.90522539,2.44190779
202300016238,9,8,2023,2025-12-05 16:00:00,1,34,34172,2,1,1,6,Celleneuve A Saint Hilaire (Rue De),43.60563,3.8298
202300016239,19,11,2023,2025-12-05 16:50:00,2,71,71132,1,1,1,6,N70,46.615562,4.274014
202300016240,15,3,2023,2025-12-05 12:10:00,1,33,33063,2,3,1,3,Rue Terrasson,44.820505,-0.573457
202300016241,6,7,2023,2025-12-05 11:15:00,1,93,93051,1,1,1,3,A4,48.83550949,2.5693073
202300016242,31,5,2023,2025-12-05 20:10:00,1,93,93007,2,1,1,6,Rue Jean Pierre Timbaud,48.94179,2.44968
202300016243,9,8,2023,2025-12-05 13:00:00,1,29,29019,2,9,1,7,Rd 205,48.37798,-4.54553
202300016244,19,11,2023,2025-12-05 18:55:00,3,89,89460,1,1,1,6,18 Route De Montereau,48.3429,3.0497
202300016245,5,7,2023,2025-12-05 04:00:00,3,94,94069,1,1,1,2,A4,48.81713893,2.44226193
202300016246,14,3,2023,2025-12-05 15:30:00,1,33,33200,2,6,1,2,Avenue De Magudas,44.85871,-0.67293
202300016247,31,5,2023,2025-12-05 18:08:00,1,92,92064,2,1,1,7,Royale,48.842396,2.218874
202300016248,10,8,2023,2025-12-05 14:00:00,1,27,27375,2,1,1,3,Churchill (Avenue Winston),49.22573,1.16807
202300016249,5,7,2023,2025-12-05 20:05:00,1,95,95063,2,1,1,6,Michel Carre (Rue),48.92717,2.22795
202300016250,19,11,2023,2025-12-05 22:30:00,3,63,63233,2,1,2,1,32 Rue De La Poste,46.178003,2.809416
202300016251,14,3,2023,2025-12-05 08:50:00,1,33,33522,2,1,1,6,Avenue De L'Universite,44.80184,-0.59798
202300016252,1,6,2023,2025-12-05 08:45:00,1,92,92051,2,3,7,3,Richard Wallace (Boulevard),48.87484,2.25231
202300016253,19,11,2023,2025-12-05 10:30:00,1,61,61443,1,1,1,6,D268,48.740917,-0.630102
202300016254,9,8,2023,2025-12-05 17:45:00,1,25,25462,2,3,1,2,Halle,46.90497,6.35496
202300016255,5,7,2023,2025-12-05 13:40:00,1,976,97611,2,1,1,3,Boulevard Halidi Selemani,-12.77895,45.22656
202300016256,15,3,2023,2025-12-05 20:15:00,5,33,33529,2,1,1,2,De Gaulle ( Ave Charles) 01 Au 85,44.63744,-1.12524
202300016257,1,6,2023,2025-12-05 15:00:00,1,92,92050,1,1,1,2,Rd 914,48.89974136,2.21995939
202300016258,5,7,2023,2025-12-05 22:50:00,5,974,97411,2,1,1,6,Jaures (Bld 1 Jean),-20.89010201,55.46469748
202300016259,20,11,2023,2025-12-05 16:30:00,1,55,55008,1,1,2,1,D618 Pk2.500,49.239877,5.665056
202300016260,10,8,2023,2025-12-05 11:25:00,1,25,25056,2,2,1,6,Chopin Rue Frederic,47.262011,6.040483
202300016261,3,7,2023,2025-12-05 10:00:00,1,974,97411,1,9,1,6,Rn2/091,-20.88541,55.47363
202300016262,15,3,2023,2025-12-05 15:15:00,1,33,33529,2,3,1,3,Ramond (Rue Clement),44.63086,-1.14523
202300016263,1,6,2023,2025-12-05 07:30:00,1,92,92050,2,1,1,2,Fondrieres Rue Des,48.89398,2.1817
202300016264,15,11,2023,2025-12-05 12:30:00,1,12,12171,1,1,1,3,Rd 901,44.533357,2.409557
202300016265,9,8,2023,2025-12-05 11:55:00,1,17,17415,1,1,1,2,Route Nationale 141,45.73332,-0.61226
202300016266,14,3,2023,2025-12-05 18:10:00,1,31,31555,2,1,9,6,All De Bellefontaine,43.56572968,1.39942378
202300016267,5,7,2023,2025-12-05 19:30:00,3,973,97302,2,1,2,1,Mango (Route),4.93077014,-52.31644392
202300016268,19,11,2023,2025-12-05 21:30:00,3,46,46320,2,1,1,6,Avenue De Montagnac - D662,44.472256,1.683998
202300016269,31,5,2023,2025-12-05 21:05:00,1,92,92040,2,1,1,3,Victor Cresson (Avenue) Du 01 Au 27,48.82341461,2.2709164
202300016270,5,7,2023,2025-12-05 15:37:00,1,973,97302,2,1,1,6,Raban (Route De),4.93133132,-52.3131448
202300016271,10,8,2023,2025-12-05 03:25:00,3,13,13103,1,1,1,2,Rn 113,43.64,4.96
202300016272,19,11,2023,2025-12-05 18:30:00,3,47,47052,1,1,1,1,Chemin Du Bas Lanin,44.29867944,0.09824964
202300016273,5,7,2023,2025-12-05 07:45:00,1,973,97302,2,1,1,6,Baduel (Route De),4.93038,-52.30481
202300016274,31,5,2023,2025-12-05 20:11:00,1,92,92040,2,2,1,1,Paix (Avenue De La),48.81736431,2.27372042
202300016275,10,8,2023,2025-12-05 14:15:00,1,13,13214,2,3,1,3,Saint Joseph (Chemin De),43.34364,5.38533
202300016276,5,7,2023,2025-12-05 07:00:00,1,973,97302,2,1,1,2,Montabo (Route De) 3,4.93938,-52.30093
202300016277,17,11,2023,2025-12-05 19:30:00,5,34,34284,2,1,1,1,Avenue De La Gare,43.486883,2.772988
202300016278,28,5,2023,2025-12-05 18:35:00,1,92,92036,2,1,1,6,Pierre Timbaud (Rue) (1/45),48.933369,2.300625