num_acc,jour,mois,an,hrmn,lum,dep,com,agg,int,atm,col,adr,lat,long
202300016279,13,3,2023,2025-12-05 10:15:00,1,27,27684,2,1,1,2,Cocherel (Rue De),49.016033,1.186902
202300016280,5,7,2023,2025-12-05 02:40:00,3,973,97309,2,1,2,7,Tigre (Route Du),4.91356,-52.30845
202300016281,20,11,2023,2025-12-05 08:50:00,1,44,44036,1,1,1,6,Rte De Saint Aubin Des Chateaux,47.713014,-1.399341
202300016282,9,8,2023,2025-12-05 17:00:00,1,13,13004,1,1,1,3,Rte N570 Avignon Stes Maries,43.71932,4.64668
202300016283,1,6,2023,2025-12-05 10:00:00,1,92,92026,2,9,1,3,Saint Denis Bd (120 A 174 / 199 A 315),48.90442187,2.27874738
202300016284,11,11,2023,2025-12-05 21:30:00,3,29,29150,1,1,3,6,Lieu Dit Mescleo,47.80178475,-3.61345663
202300016285,5,7,2023,2025-12-05 15:30:00,1,69,69388,2,2,1,3,Avenue Jean Mermoz,45.73331,4.87917
202300016286,10,8,2023,2025-12-05 09:30:00,1,11,11069,2,1,1,2,36 Avenue Du General Leclerc,43.21,2.3645
202300016287,31,5,2023,2025-12-05 17:30:00,1,92,92025,2,2,1,6,Bellevue (Rue De),48.918124,2.230784
202300016288,5,7,2023,2025-12-05 04:30:00,5,69,69386,2,1,1,7,Rue Bossuet,45.76798628,4.85236217
202300016289,20,11,2023,2025-12-05 16:35:00,1,26,26167,2,1,1,6,160 Avenue De La Gare,44.614948,5.454462
202300016290,8,8,2023,2025-12-05 08:05:00,1,75,75119,2,1,1,2,Porte D Aubervilliers,48.900495,2.373846
202300016291,15,3,2023,2025-12-05 07:05:00,1,26,26198,2,6,1,3,Boulevard De L'Europe,44.54594,4.75567
202300016292,5,7,2023,2025-12-05 07:15:00,1,972,97209,1,1,1,7,Rd 41 (Rocade),14.61446,-61.05033
202300016293,1,6,2023,2025-12-05 08:06:00,1,92,92023,2,1,7,6,General De Gaulle (Avenue Du),48.78456,2.24955
202300016294,18,11,2023,2025-12-05 10:00:00,1,6,6112,2,1,1,6,9 Route D'Opio,43.672894,7.004846
202300016295,1,6,2023,2025-12-05 16:00:00,1,92,92019,2,1,1,7,Division Leclerc (Avenue De La),48.76215142,2.28573024
202300016296,10,8,2023,2025-12-05 17:10:00,1,75,75120,2,3,1,2,Boulevard Davout,48.862422,2.409178
202300016297,5,7,2023,2025-12-05 08:30:00,1,2B,2B353,1,1,1,3,Cap - Route Du Cap,42.7144,9.45478
202300016298,14,3,2023,2025-12-05 10:50:00,1,26,26198,2,4,1,2,Route De Saint Paul,44.54511,4.74894
202300016299,18,11,2023,2025-12-05 12:50:00,1,14,14614,1,1,3,6,205 Route De Notre Dame,49.230392,-0.961626
202300016300,10,8,2023,2025-12-05 16:00:00,1,75,75117,2,1,1,3,Avenue De Saint Ouen,48.8921,2.327114
202300016301,1,6,2023,2025-12-05 14:40:00,1,92,92071,2,9,1,2,Houdan (Rue),48.77883,2.28746
202300016302,5,7,2023,2025-12-05 10:58:00,1,971,97101,1,1,1,1,Caraque,16.25239714,-61.48979187
202300016303,15,3,2023,2025-12-05 19:15:00,2,17,17300,2,1,1,7,Billaud-Varenne   Avenue,46.15199,-1.12275
202300016304,19,11,2023,2025-12-05 14:00:00,1,40,40164,1,1,1,7,D224,44.110122,-0.272845
202300016305,5,7,2023,2025-12-05 07:53:00,1,971,97120,2,9,1,6,Lauricisque,16.25084,-61.54716
202300016306,31,5,2023,2025-12-05 20:28:00,1,92,92036,2,1,1,6,Gresillons ( Avenue Des  ),48.91550204,2.3025839
202300016307,15,3,2023,2025-12-05 19:05:00,5,13,13210,2,1,1,6,Elleon (Avenue),43.28355622,5.44292157
202300016308,9,8,2023,2025-12-05 22:25:00,5,75,75117,2,2,1,3,Boulevard Du Bois Le Pretre,48.898916,2.322361
202300016309,17,11,2023,2025-12-05 15:00:00,1,4,4088,1,1,1,7,Chemin Des Tourettes,43.965824,5.806661
202300016310,1,6,2023,2025-12-05 13:40:00,1,39,39461,1,1,1,6,Adresse_Inconnue,46.769221,6.05957
202300016311,3,7,2023,2025-12-05 03:40:00,5,971,97107,2,3,1,6,Dumanoir ( Allee ),16.0401,-61.5664
202300016312,10,8,2023,2025-12-05 18:40:00,1,75,75115,2,2,1,3,Boulevard Pasteur,48.84299,2.312807
202300016313,15,3,2023,2025-12-05 07:15:00,1,13,13207,2,3,1,6,Pasteur (Avenue),43.29086,5.35911
202300016314,17,11,2023,2025-12-05 17:55:00,3,85,85008,1,1,2,2,Departementale 747,46.623461,-1.442428
202300016315,5,7,2023,2025-12-05 23:50:00,5,95,95268,2,9,1,3,D84,48.96078,2.40118
202300016316,9,8,2023,2025-12-05 16:16:00,1,75,75114,2,2,1,6,Rue Raymond Losserand,48.830951,2.312295
202300016317,12,3,2023,2025-12-05 10:15:00,1,12,12202,2,4,1,6,De Lattre De Tassigny (Boulevard),44.34782,2.56799
202300016318,4,7,2023,2025-12-05 20:10:00,2,95,95680,2,1,3,6,D10,49.00624,2.40081
202300016319,10,8,2023,2025-12-05 14:35:00,1,75,75108,2,2,1,6,Avenue Marceau,48.867531,2.299411
202300016320,19,11,2023,2025-12-05 19:15:00,5,52,52455,2,1,2,6,9 Rue Jean Jaures,48.201,5.57843
202300016321,31,5,2023,2025-12-05 08:45:00,1,51,51141,2,2,7,3,Avenue Du Docteur Justin Jolly,48.834288,4.518652
202300016322,14,3,2023,2025-12-05 12:05:00,1,11,11069,2,1,2,7,4 Boulevard Barbes,43.2102,2.35243
202300016323,2,6,2023,2025-12-05 00:15:00,3,1,1378,1,1,1,7,Rroute Departementale 84,45.826168,5.149884
202300016324,19,11,2023,2025-12-05 19:20:00,5,8,8185,2,1,1,6,Adresse_Inconnue,49.980787,4.689363
202300016325,5,7,2023,2025-12-05 16:20:00,1,95,95427,2,3,1,3,D311,48.97613976,2.34781265
202300016326,10,8,2023,2025-12-05 18:05:00,1,75,75104,2,3,1,2,Rue Boutarel,48.852447,2.354851
202300016327,25,5,2023,2025-12-05 23:40:00,4,84,84088,1,6,1,1,Route De Velleron,44.000733,5.011954
202300016328,14,3,2023,2025-12-05 16:23:00,1,10,10333,2,1,2,2,Auxerre (Route),48.27826165,4.06604648
202300016329,10,8,2023,2025-12-05 16:00:00,1,94,94041,2,1,1,6,Rue Maurice Gunsbourg,48.81425,2.40781
202300016330,1,6,2023,2025-12-05 15:30:00,1,5,5027,1,1,1,7,D902,44.82623,6.728396
202300016331,19,11,2023,2025-12-05 22:48:00,3,49,49228,1,3,1,3,Route De Saumur (Noyant),47.505863,0.11063
202300016332,1,7,2023,2025-12-05 10:20:00,1,85,85194,2,6,1,3,Vendee Globe (Boulevard Du),46.49541,-1.752005
202300016333,14,3,2023,2025-12-05 13:15:00,1,10,10387,2,1,3,6,Faubourg Croncels (Rue Du),48.28231,4.07942
202300016334,10,8,2023,2025-12-05 14:15:00,1,94,94073,1,1,1,1,Avenue Du Luxembourg,48.756144,2.373559
202300016335,1,6,2023,2025-12-05 10:30:00,1,972,97222,2,1,1,3,59 Route Du Port,14.669613,-60.94328
202300016336,20,11,2023,2025-12-05 10:50:00,1,76,76489,1,1,2,6,Rn 1029,49.474148,0.269465
202300016337,4,7,2023,2025-12-05 18:01:00,1,78,78643,1,6,1,5,Orgeval Route D',48.95887,1.98028
202300016338,9,8,2023,2025-12-05 21:15:00,1,94,94065,2,1,1,4,Avenue Charles Lindbergh,48.755827,2.346297
202300016339,14,3,2023,2025-12-05 13:29:00,1,10,10387,2,6,2,3,Georges Pompidou (Rue),48.28842,4.08083
202300016340,17,11,2023,2025-12-05 15:55:00,1,34,34113,1,1,1,3,"Autotoute A9, Pk 117.500, Sens Sud Nord",43.50564,3.735909
202300016341,1,6,2023,2025-12-05 17:50:00,1,1,1322,1,4,1,3,Montee Des Balmes,45.939361,4.80098
202300016342,10,8,2023,2025-12-05 06:15:00,2,94,94022,2,1,1,1,Avenue Anatole France,48.7566629,2.41410103
202300016343,5,7,2023,2025-12-05 12:35:00,1,77,77284,2,1,1,6,Roosevelt (Av.Du Pdt),48.957139,2.898718
202300016344,15,3,2023,2025-12-05 22:59:00,5,75,75113,2,1,1,3,Boulevard Peripherique Interieur,48.819066,2.371901
202300016345,1,6,2023,2025-12-05 08:19:00,1,1,1143,2,6,1,3,Avenue Des Voirons,46.348505,6.137018
202300016346,5,7,2023,2025-12-05 10:50:00,1,77,77284,2,1,1,2,Grand Cerf (Rue Du),48.95864,2.88004
202300016347,10,8,2023,2025-12-05 08:15:00,1,93,93066,2,1,1,5,Avenue Roger Semat,48.94850831,2.35760915
202300016348,19,11,2023,2025-12-05 17:22:00,1,971,97103,2,1,1,3,Bd Du Marquisat Du Houelbourg,16.240369,-61.587438
202300016349,4,7,2023,2025-12-05 21:40:00,3,76,76305,1,1,3,7,Rd 6015,49.51215,0.22191
202300016350,10,8,2023,2025-12-05 15:10:00,1,93,93055,2,1,1,3,Rue Du Pre Saint Gervais,48.889296,2.403407
202300016351,15,3,2023,2025-12-05 11:38:00,1,75,75118,2,2,1,3,Avenue De Saint Ouen,48.891333,2.326889
202300016352,30,5,2023,2025-12-05 15:35:00,1,67,67485,1,4,1,1,D64,48.634781,7.624337
202300016353,20,11,2023,2025-12-05 16:30:00,2,95,95604,1,1,3,1,D317,49.104823,2.531834
202300016354,27,6,2023,2025-12-05 19:30:00,1,68,68224,2,1,1,7,Bourtzwiller (Pont De),47.76342134,7.32502699
202300016355,30,5,2023,2025-12-05 17:20:00,1,67,67293,1,1,1,3,Minversheim,48.771383,7.626041
202300016356,10,8,2023,2025-12-05 13:15:00,1,93,93055,2,2,1,2,Rue Delizy / Rue Victor Hugo,48.8932682,2.40964879
202300016357,9,6,2023,2025-12-05 20:27:00,1,68,68066,2,9,1,6,Ingersheim (Route D'),48.087162,7.326501
202300016358,15,3,2023,2025-12-05 20:25:00,3,75,75106,2,3,1,1,Quai Malaquais,48.85785869,2.33623624
202300016359,8,11,2023,2025-12-05 09:50:00,1,60,60138,1,1,1,2,Autoroute A1 - Pk 045.000 - Sens L/P,49.22059268,2.63725519
202300016360,10,8,2023,2025-12-05 00:25:00,3,93,93008,2,1,1,7,Chemin Des Vignes,48.89859,2.43586
202300016361,2,6,2023,2025-12-05 08:05:00,1,1,1354,2,6,1,3,Rue Germaine Tillion,46.240307,6.033758
202300016362,4,7,2023,2025-12-05 20:09:00,1,67,67482,2,8,1,3,Cranach (Rue),48.56555,7.71772
202300016363,15,3,2023,2025-12-05 12:15:00,1,75,75114,2,1,1,7,Boulevard Brune,48.825768,2.314409
202300016364,10,8,2023,2025-12-05 17:15:00,1,93,93045,2,5,1,6,Rue De Paris / Rue Des Bruyeres,48.87897927,2.41300524
202300016365,19,11,2023,2025-12-05 10:03:00,1,77,77069,1,9,1,3,D637,48.457535,2.588329
202300016366,2,6,2023,2025-12-05 08:17:00,1,6,6140,2,1,1,3,Route De Saint Cezaire,43.63788,6.838619
202300016367,4,7,2023,2025-12-05 07:58:00,1,67,67462,2,1,1,6,Docteur Ch. Houillon (Avenue Du),48.26287,7.45914
202300016368,15,3,2023,2025-12-05 09:40:00,1,75,75113,2,4,1,3,Boulevard De L Hopital,48.83885283,2.36099303
202300016369,23,5,2023,2025-12-05 23:45:00,3,59,59307,1,1,1,6,43 Route De Bourbourg,50.870778,2.198975
202300016370,19,11,2023,2025-12-05 08:00:00,1,988,98819,1,1,1,7,Route De Manghine 1,-20.392161,164.4138336
202300016371,5,7,2023,2025-12-05 16:25:00,1,63,63113,2,2,2,6,Fontgieve (Rue),45.78072,3.07657
202300016372,9,8,2023,2025-12-05 03:10:00,5,93,93010,2,1,1,6,Pont De Bondy,48.90478941,2.47035108
202300016373,28,5,2023,2025-12-05 17:45:00,1,85,85017,1,1,1,1,La Riviere Galochon,46.892021,-1.125584
202300016374,16,3,2023,2025-12-05 16:20:00,1,75,75112,2,1,1,2,Avenue Des Minimes,48.84291,2.423275
202300016375,18,11,2023,2025-12-05 21:20:00,3,986,98613,2,1,2,7,Utufua,-13.339568,-176.193752
202300016376,10,8,2023,2025-12-05 19:10:00,1,93,93001,2,1,1,3,Rue Leopold Rechossiere,48.91451171,2.38959195
202300016377,1,6,2023,2025-12-05 07:34:00,1,34,34036,1,9,1,6,"A75, Pk 285+200, Sens Beziers/Millau",43.678076,3.407521
202300016378,5,7,2023,2025-12-05 13:30:00,1,63,63113,2,6,1,2,Julien (Avenue),45.77354,3.07539
202300016379,19,11,2023,2025-12-05 10:18:00,1,83,83035,1,1,1,2,D2,43.260206,5.756814
202300016380,16,3,2023,2025-12-05 06:31:00,2,75,75110,2,2,1,3,Boulevard De Magenta,48.874637,2.357391
202300016381,10,8,2023,2025-12-05 21:00:00,1,92,92049,2,3,1,3,Pierre Brossolette (Avenue),48.81983,2.31082
202300016382,5,7,2023,2025-12-05 16:00:00,1,59,59512,2,1,1,3,Alsace (Avenue D'),50.69,3.16
202300016383,1,6,2023,2025-12-05 16:50:00,1,57,57334,2,1,1,3,D97 A Hauteur Du 44 Rue Principale,48.673945,7.176037
202300016384,10,8,2023,2025-12-05 17:30:00,1,92,92022,2,1,1,1,Salengro (Avenue Roger),48.80530833,2.18314201
202300016385,16,3,2023,2025-12-05 06:20:00,2,75,75110,2,2,1,6,Rue La Fayette,48.880618,2.362028
202300016386,5,7,2023,2025-12-05 00:28:00,5,56,56121,2,9,1,3,Oradour (Pont D'),47.75413,-3.37115
202300016387,2,6,2023,2025-12-05 13:35:00,1,51,51350,1,1,1,1,D11,48.923046,3.66791
202300016388,4,7,2023,2025-12-05 21:31:00,1,49,49007,1,1,2,6,Epinard Route,47.503,-0.567
202300016389,10,8,2023,2025-12-05 10:00:00,1,92,92072,2,1,1,2,Grande Rue,48.82691,2.22132
202300016390,16,3,2023,2025-12-05 09:30:00,1,75,75108,2,2,1,3,Boulevard Haussmann,48.875037,2.309198
202300016391,1,5,2023,2025-12-05 15:00:00,1,56,56116,1,3,1,3,Lieu Dit Fetan Stirec,47.578465,-2.957232
202300016392,20,11,2023,2025-12-05 06:30:00,5,73,73181,1,1,8,1,N90,45.481235,6.527832
202300016393,10,8,2023,2025-12-05 22:00:00,3,50,50066,1,1,1,1,Route De La Chevallerie,48.745913,-1.559478
202300016394,16,3,2023,2025-12-05 12:00:00,1,75,75107,2,1,1,6,Avenue De La Bourdonnais,48.855617,2.303336
202300016395,1,6,2023,2025-12-05 18:15:00,1,76,76540,2,1,1,3,Quai Gaston Boulet (Tremie),49.443596,1.076789
202300016396,5,7,2023,2025-12-05 13:50:00,1,45,45302,2,1,1,4,D557 Pr 0 + 341,47.95121,1.86205
202300016397,11,8,2023,2025-12-05 10:30:00,1,95,95313,2,1,1,6,D64,49.11292,2.216275
202300016398,19,11,2023,2025-12-05 20:24:00,3,73,73227,1,1,2,7,D98,45.433146,6.57835
202300016399,2,6,2023,2025-12-05 15:00:00,1,79,79196,1,1,1,7,Adresse_Inconnue,46.893508,-0.04798
202300016400,16,3,2023,2025-12-05 10:00:00,1,94,94078,2,9,1,3,Avenue Winston Churchill,48.754048,2.449157
202300016401,11,8,2023,2025-12-05 15:30:00,1,95,95487,2,1,2,7,D4,49.153008,2.256773
202300016402,4,7,2023,2025-12-05 14:30:00,1,44,44162,2,1,1,6,2 Place Des Thebaudieres,47.24376,-1.60643
202300016403,2,6,2023,2025-12-05 08:45:00,1,2A,2A092,2,1,1,6,Tarcu,41.747354,9.402924
202300016404,15,3,2023,2025-12-05 18:34:00,1,94,94068,2,9,1,6,Avenue Joffre,48.80242941,2.4926227
202300016405,18,11,2023,2025-12-05 00:10:00,4,1,1297,2,1,2,1,431 Route De Bourg-En-Bresse,45.886046,5.088714
202300016406,6,8,2023,2025-12-05 07:05:00,2,40,40304,2,9,1,3,Res Les Terrasses Notre Dame,43.656649,-1.44187
202300016407,2,6,2023,2025-12-05 11:00:00,1,65,65095,1,1,1,7,Route De Lahitte,43.244859,0.363504
202300016408,16,3,2023,2025-12-05 06:00:00,5,94,94068,2,2,1,2,Avenue Pierre Semard,48.80261455,2.51158029
202300016409,19,11,2023,2025-12-05 17:15:00,4,79,79088,1,1,1,2,Adresse_Inconnue,46.786515,-0.339664
202300016410,10,8,2023,2025-12-05 15:20:00,1,23,23068,1,1,1,1,D13,46.112099,2.064571
202300016411,1,6,2023,2025-12-05 21:15:00,2,81,81288,1,1,1,1,D85,43.453312,2.025036
202300016412,10,8,2023,2025-12-05 22:45:00,3,35,35193,1,1,9,7,Lieu Dit Gouault,48.228992,-1.728979
202300016413,15,3,2023,2025-12-05 17:09:00,1,94,94068,2,3,1,3,Avenue De La Banque,48.79186,2.49802
202300016414,20,11,2023,2025-12-05 07:33:00,2,17,17121,1,1,1,1,"D735, Pk 018+040",46.20027,-1.403975
202300016415,10,8,2023,2025-12-05 10:45:00,1,57,57179,1,1,1,7,D56,49.340825,6.268559
202300016416,2,6,2023,2025-12-05 09:00:00,1,11,11293,1,1,1,5,D118,43.109787,2.265732
202300016417,5,7,2023,2025-12-05 20:05:00,1,41,41018,2,2,1,1,Tourville (Rue Du Marechal De),47.5909,1.3068
202300016418,20,11,2023,2025-12-05 09:10:00,1,49,49023,2,1,1,2,Rue Des Mauges (Beaupreau),47.199401,-0.994826
202300016419,10,8,2023,2025-12-05 14:35:00,1,51,51245,1,1,1,7,Rue De L?Abbaye D?Igny,49.222555,3.783808
202300016420,16,3,2023,2025-12-05 08:45:00,1,94,94046,2,1,1,3,81 Avenue De La Republique,48.804632,2.438254
202300016421,2,6,2023,2025-12-05 08:40:00,1,71,71187,1,1,1,2,N80,46.74896,4.50769
202300016422,9,8,2023,2025-12-05 18:00:00,1,56,56066,2,2,7,6,Rue Famille Bouchard,48.141173,-3.608236
202300016423,4,7,2023,2025-12-05 18:30:00,1,41,41018,2,3,8,3,Croix Pichon (Rue De La,47.59721,1.30444
202300016424,10,8,2023,2025-12-05 17:16:00,1,56,56165,1,1,1,1,Carrieres De Co,47.904124,-2.377209
202300016425,16,3,2023,2025-12-05 19:45:00,5,94,94003,2,2,1,3,Rue D'Arcueil,48.81012,2.34067
202300016426,5,7,2023,2025-12-05 09:20:00,1,35,35238,2,1,1,6,Noel (Yves),48.09078,-1.67627
202300016427,2,6,2023,2025-12-05 16:00:00,1,61,61116,1,1,7,3,D923 Pr4+280,48.361595,0.87338
202300016428,18,11,2023,2025-12-05 18:13:00,3,13,13005,1,1,1,2,A50-Sens Toulon Vers Aubagne,43.279,5.58553
202300016429,4,7,2023,2025-12-05 14:30:00,1,34,34003,1,1,1,6,Rd912,43.31,3.48548
202300016430,16,3,2023,2025-12-05 11:45:00,1,94,94073,2,3,1,6,91 Av Du Mal De Lattre De Tassigny / Rue Spinoza,48.75516,2.40494
202300016431,29,5,2023,2025-12-05 12:20:00,1,61,61230,1,1,1,7,D36 Pr13+820,48.57523,0.864347
202300016432,19,11,2023,2025-12-05 09:40:00,1,13,13106,1,1,1,7,A7-Sens Marseille Vers Lyon,43.39418,5.35149
202300016433,1,6,2023,2025-12-05 12:40:00,1,34,34142,1,1,1,7,Rd35,43.731856,3.292825
202300016434,5,7,2023,2025-12-05 20:00:00,1,33,33063,2,2,1,3,Rue De Macau,44.85598035,-0.5886282
202300016435,9,3,2023,2025-12-05 22:30:00,5,94,94028,2,1,2,6,27 Avenue Francois Mitterrand,48.76955419,2.4645393
202300016436,11,8,2023,2025-12-05 10:50:00,1,65,65388,2,3,1,6,Rue Du Neouvielle,42.816504,0.320288
202300016437,1,6,2023,2025-12-05 09:50:00,1,34,34317,1,1,1,3,D130,43.793712,3.489318
202300016438,15,3,2023,2025-12-05 12:50:00,1,94,94028,2,1,1,6,Rue De Mesly,48.788783,2.461613
202300016439,5,7,2023,2025-12-05 02:40:00,3,33,33063,2,1,1,1,Rue Achard,44.86488,-0.54941
202300016440,17,11,2023,2025-12-05 17:02:00,2,13,13071,1,1,1,2,A55 - Sens Marseille Vers Martigues,43.394,5.281
202300016441,31,5,2023,2025-12-05 14:45:00,1,68,68338,1,1,1,6,D10,48.0842,7.270256
202300016442,5,8,2023,2025-12-05 18:55:00,1,65,65050,2,1,1,1,Rd25,42.842483,0.407656
202300016443,4,7,2023,2025-12-05 20:02:00,1,33,33119,2,1,1,6,Avenue Georges Clemenceau,44.85074882,-0.50875336
202300016444,17,11,2023,2025-12-05 02:11:00,3,13,13211,1,1,1,7,A50-Sens Marseille Vers Aubagne,43.28832,5.49876
202300016445,16,3,2023,2025-12-05 09:00:00,1,94,94017,2,2,1,3,Avenue Du General De Gaulle / Rue Destouches,48.82161887,2.48967576
202300016446,9,8,2023,2025-12-05 13:15:00,1,65,65460,1,1,1,2,D934,43.386164,0.081239
202300016447,26,5,2023,2025-12-05 13:46:00,1,68,68237,1,1,7,2,D11.2,48.098149,7.255681
202300016448,16,3,2023,2025-12-05 11:00:00,1,95,95527,2,1,1,1,2 Soeurs (Rue Des),49.01147399,2.52127111
202300016449,10,8,2023,2025-12-05 22:20:00,4,11,11262,1,1,1,1,D13,43.209031,3.012561
202300016450,18,11,2023,2025-12-05 08:30:00,1,69,69385,1,1,1,2,Route De Metropole 6,45.75138206,4.82144145
202300016451,25,5,2023,2025-12-05 16:41:00,1,39,39436,1,1,1,7,Adresse_Inconnue,46.86234,5.899685
202300016452,11,8,2023,2025-12-05 17:10:00,1,55,55286,1,1,1,7,Voie Sacree,49.072179,5.286269
202300016453,16,3,2023,2025-12-05 09:25:00,1,93,93064,2,9,1,6,Rue Leon Blum,48.88365329,2.47945803
202300016454,2,6,2023,2025-12-05 11:20:00,1,25,25228,2,1,1,6,35 Av Du General Charles De Gaulle,47.506531,6.858416
202300016455,8,10,2023,2025-12-05 01:25:00,3,69,69297,1,1,1,3,Autoroute 7,45.610282,4.805966
202300016456,11,8,2023,2025-12-05 17:00:00,1,55,55348,2,9,1,3,10 Rue De Verdun,48.533047,5.268475
202300016457,19,11,2023,2025-12-05 10:32:00,1,91,91103,1,1,1,6,Rn 104,48.62379,2.29785
202300016458,1,6,2023,2025-12-05 04:50:00,2,25,25488,1,1,5,1,Rn 83,47.009805,5.851856
202300016459,16,3,2023,2025-12-05 11:00:00,1,93,93053,2,3,1,2,Chemin De Montreuil A Claye / Rue De Brement,48.88709,2.47049
202300016460,10,8,2023,2025-12-05 18:25:00,1,12,12185,1,1,1,6,D911,44.29354021,2.68620282
202300016461,18,11,2023,2025-12-05 21:50:00,3,91,91617,1,1,1,2,Rn 104 Ext / Rn 6 Paris,48.63552,2.53538
202300016462,10,8,2023,2025-12-05 17:20:00,1,47,47049,1,1,1,7,Peraud,44.46690335,0.58555276
202300016463,1,6,2023,2025-12-05 18:07:00,1,44,44100,2,1,1,1,12 Coursay,47.112477,-1.362197
202300016464,16,3,2023,2025-12-05 07:55:00,1,93,93051,2,2,1,6,Avenue Aristide Briand / Rue Du Docteur Jean Vaquier,48.84784,2.5528
202300016465,11,8,2023,2025-12-05 16:40:00,1,39,39170,1,1,1,1,Adresse_Inconnue,46.674433,5.485129
202300016466,30,5,2023,2025-12-05 14:10:00,1,44,44106,2,1,1,1,Chemin Des Tranglois,47.0659098,-1.9856442
202300016467,16,3,2023,2025-12-05 19:50:00,5,93,93050,2,3,1,6,Rue De Suffren / Rue De Tourville,48.86554,2.53683
202300016468,19,11,2023,2025-12-05 18:05:00,2,78,78238,1,1,1,2,A13,48.970517,1.87801
202300016469,6,8,2023,2025-12-05 12:35:00,1,44,44182,2,1,1,6,74 Avenue Ernest Chevrier,47.163509,-2.156909
202300016470,1,6,2023,2025-12-05 18:15:00,1,35,35142,2,1,1,6,Rue Victor Hugo,48.415587,-1.15162
202300016471,2,6,2023,2025-12-05 12:00:00,1,29,29113,2,1,1,6,Place De La Mairie,48.647307,-3.715541
202300016472,11,8,2023,2025-12-05 08:28:00,1,29,29076,1,1,5,1,Lieu Dit La Sapiniere,48.44547157,-4.56017333
202300016473,16,3,2023,2025-12-05 15:25:00,1,93,93029,2,1,1,2,Rue Philippe Lalouette,48.928886,2.4397
202300016474,19,11,2023,2025-12-05 14:10:00,1,92,92064,1,1,1,2,A13,48.83850309,2.19236004
202300016475,15,3,2023,2025-12-05 23:50:00,5,92,92046,2,9,1,6,Charles De Gaulle,48.82477444,2.30184898
202300016476,2,6,2023,2025-12-05 13:43:00,1,38,38150,1,1,1,1,D11,45.198653,5.847731
202300016477,10,8,2023,2025-12-05 23:56:00,5,31,31334,1,1,1,1,D215,43.387838,1.28451
202300016478,19,11,2023,2025-12-05 06:32:00,3,92,92064,1,1,1,2,A13,48.83921391,2.21834502
202300016479,21,5,2023,2025-12-05 12:57:00,1,3,3312,1,1,1,6,D57,46.507819,2.845471
202300016480,10,8,2023,2025-12-05 18:55:00,1,2,2319,1,1,1,7,D70,49.90092,3.390613
202300016481,16,3,2023,2025-12-05 21:45:00,5,92,92020,2,2,1,6,Paris Avenue De Ndeg2 A82,48.80390104,2.28865251
202300016482,19,11,2023,2025-12-05 04:50:00,3,92,92036,1,1,1,6,Rn315 W,48.93513695,2.30171031
202300016483,2,6,2023,2025-12-05 08:15:00,1,26,26198,1,1,1,2,Route De Sauzet,44.573457,4.788467
202300016484,18,11,2023,2025-12-05 23:50:00,5,92,92072,1,1,1,6,N118,48.82775845,2.22479876
202300016485,19,11,2023,2025-12-05 12:00:00,1,93,93064,1,1,1,6,Autoroute A86,48.86937,2.48244
202300016486,16,3,2023,2025-12-05 13:55:00,1,92,92020,2,2,1,3,Republique Av. Ndeg27 A 105 Et 26 A 178,48.801,2.29374
202300016487,1,6,2023,2025-12-05 12:30:00,1,26,26108,2,1,1,6,Rue Laurent Mognat,44.728585,5.018824
202300016488,19,11,2023,2025-12-05 10:00:00,1,95,95572,1,1,1,6,N184,49.03386578,2.11132765
202300016489,10,8,2023,2025-12-05 16:50:00,1,15,15119,1,1,1,6,D909,45.231397,3.197086
202300016490,2,6,2023,2025-12-05 14:10:00,1,26,26144,1,1,1,1,Departementale 113,44.728222,4.924938
202300016491,16,3,2023,2025-12-05 09:05:00,1,92,92020,2,4,1,7,Pierrelais Rue Des,48.79675638,2.28807047
202300016492,19,11,2023,2025-12-05 09:00:00,1,95,95212,1,1,1,6,N104,49.02856189,2.52593279
202300016493,11,8,2023,2025-12-05 06:50:00,2,26,26093,1,1,1,6,D133,44.380488,4.797227
202300016494,19,11,2023,2025-12-05 09:45:00,1,95,95527,1,1,1,6,A3,48.98692009,2.50492573
202300016495,2,6,2023,2025-12-05 10:00:00,1,60,60167,2,2,1,3,Rue De Reims,49.399049,3.031583
202300016496,19,11,2023,2025-12-05 05:25:00,3,93,93027,1,1,2,2,Autoroute A1,48.9345,2.39654
202300016497,11,8,2023,2025-12-05 01:00:00,3,58,58003,2,1,1,1,D121,47.195326,4.174376
202300016498,2,6,2023,2025-12-05 16:20:00,1,60,60577,1,3,1,4,Rd104,49.43427242,1.74996368
202300016499,19,11,2023,2025-12-05 02:30:00,3,93,93053,1,1,8,6,Autoroute A103,48.88748,2.4731
202300016500,11,8,2023,2025-12-05 13:20:00,1,6,6072,1,1,1,6,M2205,44.016892,7.131071
202300016501,15,3,2023,2025-12-05 10:20:00,1,92,92036,2,3,1,3,Louis Roche (Avenue) (1/45),48.92971,2.30913
202300016502,19,11,2023,2025-12-05 03:20:00,3,93,93066,1,1,8,6,Autoroute A86,48.92426,2.34198
202300016503,30,5,2023,2025-12-05 19:00:00,1,45,45166,1,1,1,1,D102 Pr 8 + 257,48.014358,1.801093
202300016504,10,8,2023,2025-12-05 23:15:00,3,14,14287,1,1,1,2,Route De Paris,49.140737,-0.242718
202300016505,16,3,2023,2025-12-05 17:50:00,1,92,92026,2,3,1,6,Iris (Place),48.88879,2.24782
202300016506,19,11,2023,2025-12-05 02:20:00,3,95,95252,1,1,1,6,A15,48.98826,2.20528