num_acc,jour,mois,an,hrmn,lum,dep,com,agg,int,atm,col,adr,lat,long
202300016507,1,6,2023,2025-12-05 23:20:00,3,18,18067,1,1,1,6,Adresse_Inconnue,47.54054,2.35757
202300016508,10,8,2023,2025-12-05 18:30:00,1,64,64154,1,1,1,7,D120,43.174653,-1.151097
202300016509,1,6,2023,2025-12-05 15:00:00,1,18,18197,2,1,1,7,Chemin Du Grand Tertre,46.713193,2.506063
202300016510,11,8,2023,2025-12-05 18:50:00,1,36,36141,1,1,1,7,Bel Air,46.60112505,1.81929836
202300016511,16,3,2023,2025-12-05 17:40:00,1,92,92007,2,6,1,3,Vaillant-Couturier (Avenu Paul),48.79228789,2.31555372
202300016512,18,11,2023,2025-12-05 22:50:00,3,93,93078,1,1,8,4,Autoroute A104,48.9638,2.52113
202300016513,1,6,2023,2025-12-05 19:30:00,1,27,27295,1,2,1,3,Chemin Des Bruyeres,49.044788,0.537547
202300016514,10,8,2023,2025-12-05 16:39:00,1,16,16066,2,1,1,6,D731,45.338376,-0.044889
202300016515,16,3,2023,2025-12-05 11:49:00,1,92,92007,2,1,1,6,Schweitzer (Rue Du Docteur),48.78952058,2.31298551
202300016516,19,11,2023,2025-12-05 19:30:00,3,77,77294,1,1,1,2,A104,48.96991748,2.59832365
202300016517,19,11,2023,2025-12-05 15:55:00,1,77,77384,1,1,1,6,A5,48.59353611,2.6410138
202300016518,1,6,2023,2025-12-05 08:15:00,1,17,17008,1,1,1,4,Pk 127 D137,46.28314,-0.994649
202300016519,10,8,2023,2025-12-05 11:00:00,1,7,7261,1,1,1,6,D21,44.826079,4.774527
202300016520,8,3,2023,2025-12-05 10:25:00,1,84,84142,2,2,1,1,Rue Carriero Frederic Mistral,43.95691,5.030588
202300016521,19,11,2023,2025-12-05 15:50:00,1,77,77237,1,1,1,7,A4,48.8306,2.7572
202300016522,1,6,2023,2025-12-05 10:28:00,1,30,30305,2,1,1,6,33 Rue Henri Merle,44.170999,4.156576
202300016523,19,11,2023,2025-12-05 06:00:00,3,94,94044,1,1,8,6,N406,48.75866642,2.46997279
202300016524,4,8,2023,2025-12-05 08:50:00,1,4,4230,1,3,1,2,Route De Manosque,43.813411,5.930901
202300016525,16,3,2023,2025-12-05 17:44:00,1,18,18257,1,1,1,3,Adresse_Inconnue,47.494255,2.860608
202300016526,2,6,2023,2025-12-05 17:17:00,1,52,52027,1,1,1,1,D141,47.740579,5.191662
202300016527,19,11,2023,2025-12-05 00:35:00,3,93,93051,1,1,1,3,A4,48.83613158,2.54122138
202300016528,31,7,2023,2025-12-05 09:00:00,1,85,85234,1,3,1,3,Rd 753,46.803758,-2.0295135
202300016529,2,6,2023,2025-12-05 09:30:00,1,8,8352,2,1,1,7,21 Rue Du Haut,49.663581,4.581918
202300016530,18,11,2023,2025-12-05 23:15:00,3,94,94033,1,1,2,6,A86,48.85837971,2.48781332
202300016531,1,6,2023,2025-12-05 14:45:00,1,49,49209,1,1,1,7,D197,47.622516,-0.194771
202300016532,18,9,2023,2025-12-05 17:05:00,1,74,74012,2,1,1,6,Bonneville (Route De),46.18397,6.23727
202300016533,17,3,2023,2025-12-05 16:30:00,1,59,59260,1,1,1,1,Route D'Uxem,51.035201,2.502426
202300016534,31,5,2023,2025-12-05 15:30:00,1,33,33284,1,1,1,5,A63,44.64769534,-0.83718985
202300016535,26,7,2023,2025-12-05 17:30:00,1,62,62108,2,1,1,6,D940,50.41647,1.59471
202300016536,16,11,2023,2025-12-05 13:18:00,1,92,92025,2,1,3,6,G.Peri 2 A 192 1 A 247 (Rue),48.92303128,2.25184071
202300016537,17,3,2023,2025-12-05 07:45:00,1,83,83019,1,4,1,3,D98,43.149857,6.291411
202300016538,2,6,2023,2025-12-05 03:45:00,3,11,11145,1,1,1,5,Adresse_Inconnue,43.24096431,3.14632152
202300016539,16,3,2023,2025-12-05 17:50:00,1,30,30117,1,6,1,3,D6113,43.69419,4.598079
202300016540,18,7,2023,2025-12-05 20:00:00,1,13,13005,1,1,1,1,Rd 559 A (Route De La Bedoule),43.28067,5.58356
202300016541,1,6,2023,2025-12-05 15:40:00,1,77,77078,1,1,1,6,D603,48.971911,3.138439
202300016542,13,11,2023,2025-12-05 01:30:00,5,62,62099,2,1,8,6,Rue De La Republique,50.27,2.784
202300016543,17,3,2023,2025-12-05 08:00:00,1,89,89086,1,1,1,7,Adresse_Inconnue,47.887888,3.162947
202300016544,2,6,2023,2025-12-05 15:50:00,1,2A,2A215,2,1,1,2,T40,41.494966,9.051227
202300016545,18,11,2023,2025-12-05 13:10:00,1,974,97416,1,1,1,3,Rn1 (Route Nationale),-21.30863,55.43199
202300016546,12,3,2023,2025-12-05 09:03:00,1,89,89025,2,1,1,1,20 Avenue De La Morlande,47.490662,3.901371
202300016547,1,6,2023,2025-12-05 16:00:00,1,83,83108,1,1,1,6,D468,43.32776442,5.99342836
202300016548,17,3,2023,2025-12-05 10:30:00,1,61,61214,2,1,1,6,Voie Communale,48.764845,0.62599
202300016549,1,6,2023,2025-12-05 14:20:00,1,6,6017,1,1,1,7,Pk 7 D8,43.801774,7.101618
202300016550,18,11,2023,2025-12-05 06:30:00,1,972,97213,1,1,1,1,Route Nationale 6,14.59621,-60.97936
202300016551,29,5,2023,2025-12-05 13:30:00,1,5,5052,2,1,1,2,N94,44.6708605,6.6182971
202300016552,16,3,2023,2025-12-05 09:30:00,1,61,61210,1,2,1,3,D784 - D204,48.691314,-0.114583
202300016553,2,6,2023,2025-12-05 10:35:00,1,5,5038,1,1,1,1,Prats-Bas - Route Departementale Ndeg5,44.749111,6.831307
202300016554,16,3,2023,2025-12-05 13:40:00,1,34,34237,1,7,1,7,8 Rue Du Pont Second,43.50144,3.319687
202300016555,1,6,2023,2025-12-05 13:20:00,1,13,13074,2,6,1,7,Rond Point Du Perou,43.646402,5.573008
202300016556,18,11,2023,2025-12-05 14:00:00,1,972,97209,1,1,1,1,Redoute (Route De La),14.6225,-61.0606
202300016557,16,3,2023,2025-12-05 13:50:00,1,68,68004,2,1,1,3,Rue De Hirtzbach,47.615118,7.234765
202300016558,18,11,2023,2025-12-05 17:18:00,2,69,69382,2,1,1,6,22 Rue De La Charite,45.7563,4.83339
202300016559,1,6,2023,2025-12-05 15:17:00,1,71,71082,2,1,1,6,Le Genevrier,46.467298,4.248201
202300016560,18,11,2023,2025-12-05 09:30:00,1,69,69149,2,1,1,6,3 Rue Colonel Sebbane,45.71667,4.79486
202300016561,16,3,2023,2025-12-05 16:40:00,1,25,25411,2,9,1,3,Rue De La Louhiere,47.061054,6.606131
202300016562,18,11,2023,2025-12-05 17:40:00,3,2B,2B120,1,1,1,7,Village (Route Du) D364,42.65751,9.42011
202300016563,2,6,2023,2025-12-05 16:50:00,1,71,71235,2,4,1,3,Rue Des Vercheres,46.354563,4.796802
202300016564,18,11,2023,2025-12-05 10:50:00,1,91,91345,2,1,2,6,Rue Georges Bizet,48.69902,2.29962
202300016565,16,11,2023,2025-12-05 18:05:00,5,85,85194,2,6,1,6,Rue Du Bocage,46.5032861,-1.73231
202300016566,1,6,2023,2025-12-05 01:00:00,3,67,67551,1,1,1,2,M351,48.598778,7.656312
202300016567,17,11,2023,2025-12-05 18:15:00,5,83,83137,2,9,1,6,Estienne D'Orves (Ave),43.12722,5.91844
202300016568,16,3,2023,2025-12-05 19:15:00,1,29,29061,2,1,1,1,Route De Penguerec,48.44123,-4.46554
202300016569,2,6,2023,2025-12-05 14:55:00,1,3,3070,1,1,1,1,Route Du Montet,46.402467,2.952479
202300016570,18,11,2023,2025-12-05 19:00:00,4,78,78133,2,1,2,6,Mantes (Route De),48.911507,2.03194
202300016571,26,5,2023,2025-12-05 19:13:00,1,69,69116,2,1,1,7,517 Route De Bellevue,45.843241,4.76909
202300016572,17,11,2023,2025-12-05 18:35:00,5,77,77379,2,1,2,6,D01E,48.54715,3.29215
202300016573,16,3,2023,2025-12-05 19:30:00,3,38,38082,2,1,1,6,1210 Rue Principale,45.426294,5.516886
202300016574,17,5,2023,2025-12-05 14:00:00,1,9,9160,2,6,1,6,Avenue Leon Blum,42.924429,1.837313
202300016575,18,11,2023,2025-12-05 20:40:00,5,77,77390,2,6,2,7,Av De La Malibran,48.80044,2.6337
202300016576,1,6,2023,2025-12-05 23:10:00,3,17,17064,2,1,2,7,Route De Taupignac,45.675752,-1.056747
202300016577,11,3,2023,2025-12-05 10:30:00,1,2,2706,1,1,1,6,Adresse_Inconnue,49.34474,3.36967
202300016578,1,6,2023,2025-12-05 07:30:00,1,33,33165,2,1,1,3,Chemin Profond,44.82561128,-0.43184102
202300016579,18,11,2023,2025-12-05 19:15:00,3,77,77307,1,1,3,3,Raymond Poincare  (Avenue),48.86664,2.73788
202300016580,17,3,2023,2025-12-05 02:25:00,3,66,66082,1,1,1,6,Adresse_Inconnue,42.604275,2.102243
202300016581,2,6,2023,2025-12-05 18:15:00,1,50,50041,1,1,1,1,Le Hutret,49.637524,-1.766846
202300016582,17,3,2023,2025-12-05 07:10:00,1,6,6032,2,1,1,6,M6007,43.730922,7.40949
202300016583,18,11,2023,2025-12-05 21:20:00,5,69,69266,2,2,1,3,Rue Poizat,45.75816,4.89329
202300016584,1,6,2023,2025-12-05 20:25:00,1,22,22327,1,1,1,1,Departemental 57,48.494824,-2.0123
202300016585,16,3,2023,2025-12-05 18:15:00,2,60,60021,1,1,1,2,Rd 1032,49.59499764,3.12128019
202300016586,18,11,2023,2025-12-05 09:40:00,1,69,69256,2,1,1,1,244 Avenue Franklin Roosevelt,45.74668,4.93303
202300016587,16,3,2023,2025-12-05 14:45:00,1,73,73300,1,1,1,2,D1201,45.670872,5.893564
202300016588,18,11,2023,2025-12-05 12:30:00,1,69,69290,2,4,1,3,Boulevard De La Porte Des Alpes,45.71693,4.92815
202300016589,9,3,2023,2025-12-05 16:20:00,1,24,24117,2,1,1,6,Route Des Quatre Vents,45.090907,1.367802
202300016590,2,6,2023,2025-12-05 13:45:00,1,80,80278,1,3,1,5,D329,49.720387,2.663541
202300016591,17,11,2023,2025-12-05 11:55:00,1,60,60057,2,9,1,6,Rue D'Allonne,49.41788758,2.10450557
202300016592,16,3,2023,2025-12-05 19:42:00,3,23,23013,1,1,1,7,Pont De Courleix,46.030096,2.517307
202300016593,15,3,2023,2025-12-05 17:00:00,1,87,87071,2,9,7,6,Mairie De Glandon (Hotel De Ville),45.48028,1.224412
202300016594,17,11,2023,2025-12-05 11:20:00,1,59,59360,2,1,1,3,Barbusse Henri Rue,50.6101,3.01118
202300016595,16,3,2023,2025-12-05 13:20:00,1,46,46083,1,1,1,6,Autoroute A.20 - Parking Station Service De Pech Montat - Sens Toulouse / Paris,45.032804,1.524782
202300016596,1,6,2023,2025-12-05 12:13:00,1,62,62014,2,2,1,3,Boulevard Clemenceau,50.6428,2.396618
202300016597,16,3,2023,2025-12-05 17:00:00,1,38,38530,2,1,1,1,Route De Vienne,45.612679,5.173472
202300016598,18,11,2023,2025-12-05 14:35:00,1,56,56036,1,1,3,4,Pendreff,47.77629,-3.36271
202300016599,16,3,2023,2025-12-05 21:30:00,3,68,68300,1,1,1,7,Autoroute A36,47.786064,7.418261
202300016600,26,5,2023,2025-12-05 09:30:00,1,59,59350,1,1,1,5,Autoroute A25,50.61632,3.0684
202300016601,18,11,2023,2025-12-05 22:00:00,5,54,54395,2,1,3,6,Quai Choiseul,48.70339,6.16778
202300016602,16,3,2023,2025-12-05 12:30:00,1,31,31259,1,1,1,6,Allee Louis Delafage,43.50702985,1.41371593
202300016603,23,12,2023,2025-12-05 18:00:00,3,29,29232,1,1,3,2,148 Hent Brest,48.01466616,-4.0774044
202300016604,1,6,2023,2025-12-05 08:05:00,1,91,91687,1,1,1,2,Autoroute A6,48.66278,2.36787
202300016605,17,3,2023,2025-12-05 12:40:00,1,89,89415,1,1,1,2,Adresse_Inconnue,47.58722,3.9201
202300016606,18,11,2023,2025-12-05 19:00:00,5,54,54328,2,1,3,3,Route De Mirecourt,48.61588,6.17625
202300016607,1,6,2023,2025-12-05 07:45:00,1,94,94038,1,1,1,2,A6B,48.77376519,2.34617558
202300016608,23,12,2023,2025-12-05 21:10:00,3,18,18279,1,1,2,2,Adresse_Inconnue,47.252841,2.060294
202300016609,16,3,2023,2025-12-05 16:05:00,1,13,13065,1,1,1,1,Route Departementale 5,43.679729,4.890847
202300016610,1,6,2023,2025-12-05 15:50:00,1,92,92072,1,1,1,4,N118,48.82187046,2.22150108
202300016611,17,11,2023,2025-12-05 17:10:00,1,54,54547,1,1,1,6,Avenue De Bourgogne,48.647276,6.142207
202300016612,1,6,2023,2025-12-05 12:08:00,1,78,78571,1,1,1,3,A13,48.863626,2.040937
202300016613,13,2,2023,2025-12-05 16:00:00,1,45,45146,1,1,1,2,A71 Pr 125 + 709,47.675964,1.912222
202300016614,24,12,2023,2025-12-05 17:40:00,5,14,14118,2,1,1,6,Avenue Henry Cheron,49.17095,-0.40025
202300016615,16,3,2023,2025-12-05 17:00:00,1,974,97415,2,1,1,2,N1A,-21.039271,55.218927
202300016616,1,6,2023,2025-12-05 07:35:00,1,92,92025,1,1,1,3,A86,48.92376825,2.22996229
202300016617,17,3,2023,2025-12-05 09:00:00,1,77,77382,2,1,1,6,Rue De Meaux,48.901124,2.876942
202300016618,31,5,2023,2025-12-05 20:15:00,1,95,95582,1,1,1,5,A15,48.97238617,2.2473371
202300016619,17,11,2023,2025-12-05 16:40:00,1,54,54357,2,1,1,1,Rue Paul Langevin,48.7043536,6.13081366
202300016620,17,3,2023,2025-12-05 12:40:00,1,2A,2A215,1,1,1,3,Sapara Da Padda,41.483594,9.058657
202300016621,31,5,2023,2025-12-05 22:40:00,3,93,93007,1,1,1,6,Autoroute A1,48.95432,2.45653
202300016622,14,3,2023,2025-12-05 04:45:00,3,66,66165,1,1,1,6,Adresse_Inconnue,42.64691,2.567195
202300016623,24,12,2023,2025-12-05 16:30:00,1,13,13201,2,2,1,1,Voltaire    Pairs (Boulevard),43.30347,5.38596
202300016624,30,5,2023,2025-12-05 12:30:00,1,93,93007,1,1,1,2,Autoroute A1,48.94625,2.44147
202300016625,17,3,2023,2025-12-05 08:15:00,1,66,66044,1,6,1,6,Adresse_Inconnue,42.65276396,2.72568762
202300016626,18,11,2023,2025-12-05 12:15:00,1,54,54116,1,1,2,1,D400,48.59064,6.5548
202300016627,30,5,2023,2025-12-05 08:00:00,1,93,93027,1,1,1,5,Autoroute A86,48.92572,2.39606
202300016628,16,3,2023,2025-12-05 19:30:00,5,83,83115,2,4,1,1,Boulevard Jean Moulin,43.305596,6.632003
202300016629,1,6,2023,2025-12-05 18:50:00,1,94,94017,1,1,1,3,A4,48.82650013,2.51586685
202300016630,24,12,2023,2025-12-05 13:50:00,1,13,13202,2,7,1,3,Melchior Guinot (Rue),43.30928,5.36863
202300016631,18,11,2023,2025-12-05 14:00:00,1,54,54580,2,4,2,3,Rue Francois Emile Baboeuf,49.461999,5.936691
202300016632,17,3,2023,2025-12-05 07:50:00,1,83,83107,1,1,7,2,Dn 7,43.465434,6.619579
202300016633,17,11,2023,2025-12-05 16:20:00,1,49,49328,1,6,1,2,Rocade N 347,47.28621,-0.04882
202300016634,1,6,2023,2025-12-05 17:05:00,1,77,77175,1,1,1,4,Rn104,48.668694,2.612329
202300016635,17,3,2023,2025-12-05 07:50:00,1,38,38158,2,1,1,1,Avenue Jean Jaures,45.158767,5.745823
202300016636,24,12,2023,2025-12-05 12:10:00,1,13,13201,2,1,1,1,Montricher (Boulevard),43.30497,5.3934
202300016637,18,11,2023,2025-12-05 12:15:00,1,49,49099,2,1,1,6,Napoleon Bonaparte (Avenue),47.047665,-0.893636
202300016638,1,6,2023,2025-12-05 16:40:00,1,94,94022,1,1,1,2,A86,48.7761107,2.42505182
202300016639,16,3,2023,2025-12-05 11:00:00,1,1,1276,1,6,1,3,D61A,45.838564,5.050087
202300016640,31,5,2023,2025-12-05 16:30:00,1,75,75112,1,1,1,2,A4,48.818684,2.457463
202300016641,24,12,2023,2025-12-05 03:07:00,5,13,13206,2,2,1,1,Pierre Puget (Cours),43.29069,5.37772
202300016642,18,11,2023,2025-12-05 12:40:00,1,49,49015,2,6,1,1,Mendes France Avenue Pierre,47.49927,-0.58299
202300016643,16,3,2023,2025-12-05 13:15:00,1,1,1213,1,1,1,4,D1084,45.937516,5.299674
202300016644,18,11,2023,2025-12-05 14:15:00,1,43,43041,2,1,1,7,Voie Verte,45.05103,3.90832
202300016645,31,5,2023,2025-12-05 11:10:00,1,77,77373,1,1,1,3,Rn104,48.782318,2.616032
202300016646,24,12,2023,2025-12-05 13:20:00,1,6,6029,2,7,1,6,Rue Docteur Baloux,43.5508845,6.9766699
202300016647,18,11,2023,2025-12-05 22:20:00,3,35,35051,1,1,1,6,D 175,48.15409678,-1.62442356
202300016648,16,3,2023,2025-12-05 09:30:00,1,69,69273,1,1,1,3,300 Route De Marennes,45.647041,4.910088
202300016649,25,12,2023,2025-12-05 00:30:00,3,6,6123,2,1,1,6,Iscles Chemin Des,43.709891,7.183437
202300016650,31,5,2023,2025-12-05 17:15:00,1,974,97416,1,1,1,6,Bassin Martin (Chemin),-21.3131,55.5071
202300016651,18,11,2023,2025-12-05 18:10:00,2,33,33192,2,1,1,6,159 Cours Du General De Gaulle,44.77305,-0.61421
202300016652,16,3,2023,2025-12-05 13:20:00,1,33,33233,1,1,1,1,Route Departementale 22,45.11322,-0.360988
202300016653,31,5,2023,2025-12-05 12:50:00,1,974,97416,2,3,1,3,Delisles (Route Hubert) Cd3,-21.3435,55.47743
202300016654,24,12,2023,2025-12-05 10:40:00,1,75,75114,2,1,1,3,Porte De Chatillon,48.823131,2.31157
202300016655,18,11,2023,2025-12-05 07:18:00,5,33,33063,2,1,1,6,Cours Charles Bricaud,44.89406359,-0.56567252
202300016656,13,3,2023,2025-12-05 08:15:00,1,44,44026,1,1,2,1,3 Chemin Des Princes,47.316301,-1.481035
202300016657,18,11,2023,2025-12-05 22:30:00,5,31,31555,2,1,1,7,All Paul Harris,43.645086,1.451127
202300016658,31,5,2023,2025-12-05 21:00:00,5,973,97302,2,1,2,3,Montabo (Route De) 2,4.93603,-52.29594
202300016659,16,9,2023,2025-12-05 03:15:00,5,988,98818,2,2,2,3,Rue Du General Gallieni/Avenue Paul Doumer,-22.2682,166.43872
202300016660,23,12,2023,2025-12-05 18:30:00,5,75,75117,2,1,1,3,Porte D Asnieres,48.890115,2.29852
202300016661,17,3,2023,2025-12-05 15:00:00,1,59,59523,1,6,1,3,Rue Des Saules,50.585035,3.137565
202300016662,15,9,2023,2025-12-05 19:10:00,3,974,97411,2,1,1,3,Bancoul (Chemin),-20.90937,55.4801
202300016663,30,5,2023,2025-12-05 20:30:00,3,973,97302,2,1,1,1,Tigre (Route Du),4.93287,-52.33022
202300016664,17,11,2023,2025-12-05 22:59:00,5,29,29019,2,1,2,6,Rue De Verdun,48.398101,-4.462732
202300016665,24,12,2023,2025-12-05 15:13:00,1,75,75119,2,1,1,3,Rue David D Angers,48.882946,2.38885
202300016666,12,3,2023,2025-12-05 04:30:00,5,59,59212,2,1,1,6,43 Rue Du Bois,50.655475,2.717879
202300016667,15,9,2023,2025-12-05 18:45:00,2,974,97411,2,2,1,3,Payet (Rue Roger),-20.89302,55.48217
202300016668,30,5,2023,2025-12-05 21:10:00,4,69,69387,2,3,1,3,Avenue Tony Garnier,45.72624,4.83771
202300016669,18,11,2023,2025-12-05 03:55:00,5,25,25056,2,1,2,6,Ragots   Chemin Des,47.23776,6.03699
202300016670,24,12,2023,2025-12-05 11:30:00,1,75,75118,2,5,1,3,Boulevard Barbes,48.887416,2.349681
202300016671,17,3,2023,2025-12-05 07:30:00,1,59,59416,2,2,1,3,D916 / D138,50.691445,2.515378
202300016672,15,9,2023,2025-12-05 14:40:00,1,974,97411,2,4,1,6,Lattre De Tassigny (Avenue Marechal De),-20.88745,55.47211
202300016673,31,5,2023,2025-12-05 10:00:00,1,972,97209,1,1,1,5,Autoroute (A1),14.61693,-61.0409
202300016674,22,12,2023,2025-12-05 14:30:00,1,75,75108,2,1,2,7,Place De La Madeleine,48.869506,2.323649
202300016675,14,3,2023,2025-12-05 05:00:00,3,13,13214,1,1,1,2,A7-Sens Marseille Vers Lyon,43.32257,5.37828
202300016676,18,11,2023,2025-12-05 18:30:00,4,22,22215,2,4,2,6,Curie (Rue Pierre Et Marie),48.487,-2.8
202300016677,31,5,2023,2025-12-05 21:55:00,5,69,69382,2,1,2,6,24 Quai Docteur Gailleton,45.75328,4.83372
202300016678,15,9,2023,2025-12-05 22:00:00,1,973,97309,2,1,1,3,Tigre (Route Du),4.9093372,-52.28449345
202300016679,24,12,2023,2025-12-05 09:30:00,1,75,75107,2,2,1,6,Pont De L Alma,48.862429,2.301608
202300016680,15,3,2023,2025-12-05 15:00:00,1,83,83144,1,1,1,2,A57,43.14183,6.00618
202300016681,24,12,2023,2025-12-05 05:40:00,5,94,94078,2,1,1,6,Place Pierre Semard,48.730483,2.44684
202300016682,17,11,2023,2025-12-05 17:00:00,1,16,16102,2,1,1,4,Javrezac (Boulevard De),45.69176,-0.34428
202300016683,15,9,2023,2025-12-05 19:40:00,1,973,97309,2,3,7,3,Troubiran (Chemin De),4.92123269,-52.30406553
202300016684,30,5,2023,2025-12-05 17:45:00,1,69,69152,2,1,1,5,Chemin Du Barrage,45.69593,4.83299
202300016685,15,3,2023,2025-12-05 23:05:00,5,69,69276,1,1,1,2,Route Departementale 301,45.68363,4.85388
202300016686,31,5,2023,2025-12-05 08:23:00,1,2B,2B033,1,1,1,3,11 - Rt,42.66848,9.44306
202300016687,18,11,2023,2025-12-05 14:00:00,1,14,14333,2,1,3,6,11 Rue De La Foulerie,49.419446,0.231617
202300016688,23,12,2023,2025-12-05 21:20:00,5,93,93046,2,2,1,1,Avenue Emile Gerard / Avenue Gambetta / Avenue Turgot,48.9187,2.52045
202300016689,15,9,2023,2025-12-05 19:30:00,2,69,69383,2,2,1,3,Quai Victor Augagneur,45.76341,4.84142
202300016690,16,3,2023,2025-12-05 09:10:00,1,91,91363,1,1,1,4,Rn 104,48.64897,2.18644
202300016691,31,5,2023,2025-12-05 06:35:00,1,971,97105,2,9,1,7,Paul Lacave (Avenue ),15.9911,-61.7224
202300016692,15,9,2023,2025-12-05 16:37:00,1,69,69388,2,8,1,6,Avenue Berthelot,45.73749,4.86588
202300016693,18,11,2023,2025-12-05 19:20:00,5,13,13215,2,1,1,1,Saint Louis (Avenue De),43.34404,5.35975
202300016694,24,12,2023,2025-12-05 09:15:00,1,93,93005,2,2,1,3,Boulevard Charles Floquet / Rue Jules Princet,48.93719759,2.49864018
202300016695,31,5,2023,2025-12-05 14:02:00,1,2A,2A004,2,9,2,3,Marechal Juin Avenue,41.93496,8.7511
202300016696,16,3,2023,2025-12-05 08:00:00,1,91,91471,1,1,1,4,Rn 118,48.71531,2.17384
202300016697,15,9,2023,2025-12-05 08:25:00,1,69,69387,2,3,1,3,Boulevard De L'Artillerie,45.73389,4.84272
202300016698,24,12,2023,2025-12-05 14:09:00,1,92,92009,2,2,1,7,Raspail ( Rue ),48.91579632,2.27175817
202300016699,15,3,2023,2025-12-05 13:45:00,1,93,93005,1,1,1,2,Autoroute A3,48.96888116,2.48032451
202300016700,31,5,2023,2025-12-05 08:50:00,1,2A,2A228,2,6,1,2,T22,41.84523,8.75857
202300016701,25,12,2023,2025-12-05 04:00:00,3,41,41268,1,6,1,7,Le Pavillon,47.433425,1.700622
202300016702,15,9,2023,2025-12-05 02:45:00,5,69,69387,2,1,1,1,Rue De Gerland,45.72658,4.83771
202300016703,14,3,2023,2025-12-05 19:50:00,3,95,95500,1,1,1,2,A15,49.03773617,2.08928876
202300016704,31,5,2023,2025-12-05 18:45:00,1,95,95197,2,1,1,6,Jean Mermoz (Rue),48.96154811,2.31798112
202300016705,15,9,2023,2025-12-05 18:00:00,1,69,69389,2,1,1,2,2 Quai Arloing,45.77372,4.80944
202300016706,16,3,2023,2025-12-05 15:30:00,1,94,94033,1,1,1,2,A86,48.85684395,2.48790403
202300016707,24,12,2023,2025-12-05 09:00:00,1,1,1033,1,1,2,1,D1084,46.162134,5.771772
202300016708,31,5,2023,2025-12-05 08:10:00,1,91,91377,2,2,1,3,Av Du Marechal Leclerc,48.73015,2.30041
202300016709,15,3,2023,2025-12-05 04:25:00,3,77,77373,1,1,1,6,Rn104,48.78352,2.616569
202300016710,15,9,2023,2025-12-05 16:15:00,1,69,69384,2,1,1,6,Cours D'Herbouville,45.77667,4.84004
202300016711,31,5,2023,2025-12-05 07:53:00,1,91,91645,2,1,1,6,Foch (Boulevard Du Marechal),48.74164,2.26088
202300016712,23,12,2023,2025-12-05 17:45:00,3,31,31541,2,1,1,4,10 Route Du Bac,43.692856,1.358984
202300016713,15,9,2023,2025-12-05 16:00:00,1,2B,2B033,2,1,1,6,Martyrs - Quai Des,42.696,9.4522
202300016714,14,3,2023,2025-12-05 17:32:00,1,75,75108,2,4,1,1,Avenue George V,48.869924,2.301005
202300016715,31,5,2023,2025-12-05 13:53:00,1,86,86194,2,3,7,3,Avenue Du Plateau Des Glieres,46.605103,0.322004
202300016716,23,12,2023,2025-12-05 03:44:00,3,80,80635,1,1,2,7,Departementale 183,50.078047,1.922736
202300016717,15,9,2023,2025-12-05 11:04:00,1,2B,2B033,2,9,1,6,Paoli Du Nr 21 Au 45 -Bld,42.7022,9.45071
202300016718,14,3,2023,2025-12-05 15:00:00,1,75,75117,2,3,2,6,Avenue De La Porte D Asnieres,48.892269,2.301017
202300016719,31,5,2023,2025-12-05 20:30:00,2,85,85191,2,1,1,2,73 Boulevard Gaston Guitton,46.65933,-1.43643
202300016720,24,12,2023,2025-12-05 23:10:00,3,71,71202,1,1,1,2,Le Gauchard,46.849714,4.807291
202300016721,15,9,2023,2025-12-05 15:20:00,1,2A,2A004,1,6,1,2,T21,41.9286,8.7712
202300016722,15,3,2023,2025-12-05 18:30:00,2,75,75106,2,2,1,3,Boulevard Raspail,48.84734826,2.32792407
202300016723,31,5,2023,2025-12-05 11:40:00,1,83,83137,2,5,1,3,Loti (Ave Pierre),43.11465,5.94525
202300016724,14,9,2023,2025-12-05 19:20:00,1,95,95680,2,9,1,6,Champ Dolent (Rue Le),49.00313664,2.3920691
202300016725,25,12,2023,2025-12-05 13:00:00,1,39,39096,1,1,1,1,Adresse_Inconnue,47.24763,5.493636
202300016726,31,5,2023,2025-12-05 13:20:00,1,83,83034,1,9,2,1,Avenue De Font Brun,43.0854269,6.09577882
202300016727,15,3,2023,2025-12-05 09:30:00,1,75,75120,2,2,1,3,Porte De Vincennes,48.846883,2.413873
202300016728,15,9,2023,2025-12-05 15:15:00,1,95,95585,2,1,1,3,D316A3,48.981355,2.369519
202300016729,25,12,2023,2025-12-05 11:00:00,1,29,29061,2,1,2,6,Rue Prosper Garnot,48.43267442,-4.4690115
202300016730,15,3,2023,2025-12-05 09:15:00,1,75,75110,2,2,1,6,Rue De L Aqueduc,48.88142084,2.36187413
202300016731,31,5,2023,2025-12-05 17:42:00,1,81,81004,2,1,2,6,Bourdes (De),43.91898,2.11023
202300016732,15,9,2023,2025-12-05 22:55:00,3,95,95127,1,1,1,2,N14,49.05510616,2.05250144
202300016733,15,3,2023,2025-12-05 17:00:00,1,94,94081,2,1,1,2,Avenue Youri Gagarine,48.78768222,2.39062661
202300016734,24,12,2023,2025-12-05 20:06:00,5,1,1265,2,1,1,6,8 Rue Du Maquis,46.172825,5.578517
202300016735,15,9,2023,2025-12-05 11:00:00,1,91,91687,2,1,1,3,Francoeur (Rue),48.67522,2.3841