num_acc,jour,mois,an,hrmn,lum,dep,com,agg,int,atm,col,adr,lat,long
202300016736,31,5,2023,2025-12-05 12:20:00,1,78,78551,2,2,1,3,Roosevelt (Du President),48.899458,2.070529
202300016737,15,3,2023,2025-12-05 18:20:00,1,94,94080,2,2,1,6,Rue De Fontenay / Rue De Montreuil,48.8484336,2.43489513
202300016738,14,9,2023,2025-12-05 23:40:00,5,87,87085,2,1,1,6,Corderie (Boulevard De La),45.82905,1.26547
202300016739,24,12,2023,2025-12-05 15:50:00,1,30,30026,1,2,1,3,D999,43.97912,3.598773
202300016740,31,5,2023,2025-12-05 12:20:00,1,78,78029,1,3,1,3,Montgarde ( Rue De),48.947946,1.846398
202300016741,15,3,2023,2025-12-05 18:35:00,1,94,94074,2,1,1,2,Avenue Du Ru De Gironde,48.742826,2.465883
202300016742,14,9,2023,2025-12-05 09:46:00,1,87,87065,1,2,1,3,Boisseuil (Rue De),45.79076382,1.30540609
202300016743,24,12,2023,2025-12-05 19:00:00,3,51,51569,1,1,1,1,A4 - Pk 131+200 Sens Paris / Metz,49.247582,3.940862
202300016744,15,3,2023,2025-12-05 08:55:00,1,94,94074,2,3,1,6,Avenue Julien Duranton / Rue Raspail,48.7655,2.4476
202300016745,14,9,2023,2025-12-05 17:20:00,1,86,86194,2,1,1,3,Promenade Des Cours,46.57256,0.33845
202300016746,31,5,2023,2025-12-05 19:30:00,1,77,77374,1,1,1,2,D471,48.78549366,2.71132109
202300016747,25,12,2023,2025-12-05 02:50:00,5,987,98725,2,1,1,6,Pk 8.500 Col Du Tahara'A,-17.512538,-149.501309
202300016748,14,3,2023,2025-12-05 19:40:00,5,94,94068,2,2,8,3,D130,48.78486275,2.49532717
202300016749,2,7,2023,2025-12-05 18:40:00,1,84,84087,2,1,1,3,Pinay (Avenue Antoine),44.134173,4.799433
202300016750,15,9,2023,2025-12-05 08:50:00,1,83,83137,2,1,7,6,Loste (Ave Commandantjean),43.125773,5.970547
202300016751,15,3,2023,2025-12-05 10:50:00,1,94,94058,2,1,1,2,Quai De L'Artois,48.82985,2.51174
202300016752,31,5,2023,2025-12-05 08:10:00,1,77,77464,2,1,1,6,Claye  (Rue De  ),48.884,2.7085
202300016753,14,9,2023,2025-12-05 10:25:00,1,83,83126,2,1,1,1,La Seyne A Bastian (Chemin De),43.090904,5.87067
202300016754,15,3,2023,2025-12-05 20:20:00,5,94,94069,2,1,1,3,Quai De La Republique,48.81792799,2.42412928
202300016755,25,12,2023,2025-12-05 00:05:00,3,971,97107,1,1,1,1,Route Nationale N . 1,16.060166,-61.565881
202300016756,16,9,2023,2025-12-05 01:00:00,5,78,78350,1,1,1,1,Versailles (Route De),48.84393,2.10981
202300016757,15,3,2023,2025-12-05 11:40:00,1,93,93073,1,1,1,2,Rue De La Belle Borne,48.98950392,2.52638876
202300016758,15,9,2023,2025-12-05 09:14:00,1,77,77445,2,2,1,3,Europe (Avenue De L'),48.59821,2.59118
202300016759,25,12,2023,2025-12-05 16:30:00,2,42,42012,2,1,1,6,Route Du Vieux Vinols,45.59795207,4.03560609
202300016760,15,3,2023,2025-12-05 19:55:00,5,93,93066,2,3,1,2,Avenue Du President Wilson / Rue Des Bretons,48.919775,2.357733
202300016761,15,9,2023,2025-12-05 11:30:00,1,77,77243,2,1,1,6,Jacques Lepaire  (Rue   ),48.87881449,2.70147371
202300016762,15,3,2023,2025-12-05 18:20:00,1,93,93055,2,1,1,4,Rue Condorcet,48.90539268,2.39527989
202300016763,25,12,2023,2025-12-05 19:30:00,5,60,60575,2,1,2,1,Rue De Noailles,49.295779,2.186105
202300016764,15,9,2023,2025-12-05 09:00:00,1,76,76114,2,1,1,1,Martyrs De La Resistance (Rue Des),49.57339,0.47499
202300016765,14,3,2023,2025-12-05 10:50:00,1,93,93050,2,3,2,4,Rue Paul Et Camille Thomoux / Rue Du Mal De Lattre De Tassigny,48.8636,2.52992
202300016766,15,9,2023,2025-12-05 08:55:00,1,76,76476,2,9,1,1,Rue Claude Bernard,49.486087,0.571896
202300016767,25,12,2023,2025-12-05 03:30:00,3,60,60088,1,1,2,1,Rue Du Menillet,49.196052,2.20602
202300016768,15,3,2023,2025-12-05 21:00:00,5,93,93071,2,6,1,3,Avenue Lucie Aubrac / Avenue Henri Barbusse,48.93364,2.54339
202300016769,14,9,2023,2025-12-05 16:04:00,1,72,72181,2,9,1,3,Louis Blanc (Quai),48.00648,0.19255
202300016770,14,3,2023,2025-12-05 15:40:00,1,93,93031,2,1,1,3,Avenue Salvador Allende,48.956111,2.308512
202300016771,14,9,2023,2025-12-05 07:44:00,1,72,72181,2,1,1,2,Rubillard Av Ndeg Pairs 118 Et >,48.01322,0.17436
202300016772,15,3,2023,2025-12-05 15:25:00,1,93,93008,2,1,1,3,Avenue Paul Vaillant - Couturier,48.90860694,2.45101306
202300016773,24,12,2023,2025-12-05 06:16:00,3,13,13085,1,1,1,2,A50-Sens Marseille Vers Aubagne,43.24914995,5.59614814
202300016774,14,9,2023,2025-12-05 14:10:00,1,71,71270,2,9,1,6,Neuf Cles (Boulevard Des),46.31543103,4.82350674
202300016775,15,3,2023,2025-12-05 20:06:00,5,93,93007,2,1,1,6,35 Rue De L'Angelus,48.92227675,2.4640735
202300016776,15,9,2023,2025-12-05 13:50:00,1,71,71076,2,1,1,1,Boucicaut (Avenue),46.7877513,4.83850926
202300016777,15,3,2023,2025-12-05 08:00:00,1,92,92050,2,1,1,3,Vaillant Couturier Paul Rue,48.88418,2.20322
202300016778,23,12,2023,2025-12-05 23:20:00,3,13,13211,1,1,1,6,A50-Sens Aubagne Vers Marseille,43.29472,5.46471
202300016779,15,3,2023,2025-12-05 18:10:00,1,92,92044,2,1,1,6,Danton(Rue)125+ Et 134Bis+,48.89581,2.27857
202300016780,15,9,2023,2025-12-05 11:40:00,1,71,71076,2,3,1,3,Coubertin (Rue Pierre De),46.80867984,4.85181838
202300016781,24,12,2023,2025-12-05 12:35:00,1,83,83129,1,1,1,7,A50,43.1206124,5.84313268
202300016782,15,3,2023,2025-12-05 09:05:00,1,92,92024,2,1,1,3,Henri Barbusse (Rue) De (1 A 73)   (2 A,48.89760773,2.30061516
202300016783,15,9,2023,2025-12-05 17:30:00,1,69,69256,2,2,1,3,Avenue Gabriel Peri,45.78223,4.91873
202300016784,24,12,2023,2025-12-05 03:05:00,3,33,33162,1,1,1,6,Rocade A 630,44.87075629,-0.64298432
202300016785,15,3,2023,2025-12-05 18:09:00,1,92,92014,2,1,1,4,Roosevelt President F (Ave Du),48.77726,2.30822
202300016786,15,9,2023,2025-12-05 07:40:00,2,69,69029,2,3,1,3,Place Kimmerling,45.75281977,4.8986493
202300016787,15,3,2023,2025-12-05 12:15:00,1,92,92004,2,1,1,3,Bas ( Rue Des ),48.91723,2.29392
202300016788,14,9,2023,2025-12-05 21:50:00,3,69,69259,2,1,1,1,Chemin Du Charbonnier,45.7024012,4.8944353
202300016789,15,3,2023,2025-12-05 11:20:00,1,92,92004,2,1,1,6,Victoires  ( Place Des  ),48.910643,2.291972
202300016790,14,9,2023,2025-12-05 18:10:00,1,69,69259,2,1,1,6,Avenue Du 11 Novembre 1918,45.68965438,4.86496898
202300016791,24,12,2023,2025-12-05 18:00:00,5,94,94034,1,1,1,4,A86,48.75772551,2.32805983
202300016792,14,3,2023,2025-12-05 09:30:00,1,92,92004,2,1,1,6,Magenta,48.91246,2.27612
202300016793,24,12,2023,2025-12-05 07:49:00,3,78,78322,1,1,1,6,Rn12 Ext,48.787362,2.147975
202300016794,14,9,2023,2025-12-05 16:45:00,1,67,67482,2,3,1,3,Herrenschmidt (Avenue),48.5967,7.75603
202300016795,14,3,2023,2025-12-05 18:10:00,1,92,92004,2,1,1,3,Aulagnier ( Quai ),48.9144,2.31192
202300016796,13,9,2023,2025-12-05 14:00:00,1,66,66136,2,1,1,6,Adresse_Inconnue,42.68932,2.8945
202300016797,13,3,2023,2025-12-05 19:20:00,5,9,9261,2,1,3,6,Avenue D'Aulot,42.982507,1.151131
202300016798,23,12,2023,2025-12-05 23:30:00,3,78,78126,1,1,1,6,A13,48.842,2.11124
202300016799,15,9,2023,2025-12-05 21:50:00,5,64,64445,2,1,2,3,Condorcet,43.31152,-0.36261
202300016800,16,3,2023,2025-12-05 17:05:00,1,974,97412,1,1,1,6,24 Rue De La Passerelle,-21.37993,55.646252
202300016801,15,3,2023,2025-12-05 13:00:00,1,83,83070,2,6,1,3,Avenue De La Baou,43.13913172,6.35505243
202300016802,15,9,2023,2025-12-05 16:35:00,1,64,64348,2,3,2,2,Erckman Chatrian,43.32558,-0.38546
202300016803,10,3,2023,2025-12-05 18:00:00,1,62,62285,2,1,2,6,D956,50.180275,2.907247
202300016804,24,12,2023,2025-12-05 18:09:00,3,95,95306,1,1,1,6,A15,49.00739355,2.16194967
202300016805,15,9,2023,2025-12-05 08:55:00,1,64,64445,2,6,1,3,Europe De L',43.319183,-0.307461
202300016806,15,3,2023,2025-12-05 20:00:00,3,62,62117,1,1,1,6,D19,50.080016,2.975514
202300016807,16,3,2023,2025-12-05 07:00:00,1,77,77051,2,1,1,6,Avenue Alain Peyrefitte,48.410018,3.245779
202300016808,15,9,2023,2025-12-05 09:00:00,1,63,63113,2,2,1,3,Rue Alexis Duvert / Rue Des Cote Fleuries,45.79971285,3.08408707
202300016809,24,12,2023,2025-12-05 16:30:00,2,93,93053,1,1,1,5,Autoroute A3,48.89465546,2.471265
202300016810,16,3,2023,2025-12-05 09:30:00,1,81,81277,1,3,1,1,D903,43.987338,2.263487
202300016811,15,9,2023,2025-12-05 08:30:00,1,63,63014,1,6,1,3,Adresse_Inconnue,45.7436,3.1387
202300016812,15,3,2023,2025-12-05 15:35:00,1,71,71230,2,3,1,3,Voie Du Souvenir Francais,46.601679,4.055902
202300016813,16,9,2023,2025-12-05 00:20:00,3,62,62510,1,1,1,3,D58,50.42796579,2.75785661
202300016814,15,3,2023,2025-12-05 18:55:00,1,12,12198,1,1,1,7,Rd 911,44.319811,2.220204
202300016815,23,12,2023,2025-12-05 13:15:00,1,976,97611,2,1,1,3,Kaweni-Kaweni Sud  (Z I),-12.77477,45.22932
202300016816,15,9,2023,2025-12-05 11:40:00,1,61,61001,2,1,7,3,D438,48.42079,0.08947
202300016817,16,3,2023,2025-12-05 12:58:00,1,34,34332,2,4,1,3,D912,43.31375,3.417242
202300016818,16,9,2023,2025-12-05 20:35:00,5,59,59271,2,1,1,1,Michelet,51.01262,2.29976
202300016819,16,3,2023,2025-12-05 18:45:00,2,34,34335,1,6,1,3,517F Camp Esprit,43.59528,3.128148
202300016820,23,12,2023,2025-12-05 16:18:00,1,974,97416,2,1,1,6,Bons Enfants (Rue Des),-21.3402,55.475
202300016821,14,9,2023,2025-12-05 16:50:00,1,56,56121,2,3,1,3,De Gaulle ( Ave Du General ),47.7422,-3.3704
202300016822,16,3,2023,2025-12-05 12:05:00,1,68,68179,2,6,1,3,D466,47.756936,7.018306
202300016823,14,9,2023,2025-12-05 08:31:00,1,56,56162,2,6,1,6,Boulevard Francois Mitterrand,47.732594,-3.422187
202300016824,14,3,2023,2025-12-05 08:55:00,1,22,22158,1,1,7,6,N164 - Lieu Dit Trefaut,48.21505,-3.00315
202300016825,23,12,2023,2025-12-05 12:50:00,1,974,97416,1,1,1,3,Badamier(Chemin),-21.30966,55.4565
202300016826,14,9,2023,2025-12-05 13:00:00,1,54,54265,2,1,1,1,Rue Antoine De Saint-Exupery,48.63717,6.18355
202300016827,13,3,2023,2025-12-05 17:25:00,1,22,22132,1,1,2,1,Lieu Dit Landresmeur,48.476844,-3.487237
202300016828,14,9,2023,2025-12-05 14:15:00,1,50,50129,2,2,1,2,Becquerel (Rue),49.62726,-1.63778
202300016829,16,3,2023,2025-12-05 09:15:00,1,25,25328,2,1,1,6,"Route. De Lyon, N.83",47.18383,5.963441
202300016830,11,9,2023,2025-12-05 19:30:00,1,50,50129,2,2,1,3,Vindits (Rue Des),49.62794,-1.65617
202300016831,21,12,2023,2025-12-05 12:45:00,1,973,97302,2,2,1,3,De Gaulle (Avenue),4.93989,-52.32733
202300016832,12,3,2023,2025-12-05 04:35:00,3,29,29100,2,1,1,6,Le Bourg,48.549967,-4.387515
202300016833,15,9,2023,2025-12-05 11:01:00,1,49,49007,2,2,1,3,Papin,47.46553,-0.55437
202300016834,14,9,2023,2025-12-05 23:15:00,3,49,49007,2,1,1,2,Plantagenet,47.47214,-0.55439
202300016835,14,3,2023,2025-12-05 18:00:00,1,31,31468,2,2,2,1,Carrefour D36 Et D52,43.264816,0.863178
202300016836,14,9,2023,2025-12-05 08:50:00,1,49,49007,2,4,1,3,Pasteur Avenue,47.47416,-0.53726
202300016837,15,3,2023,2025-12-05 18:20:00,1,31,31493,1,2,1,3,D5,43.230313,0.749656
202300016838,21,12,2023,2025-12-05 08:20:00,1,973,97302,2,3,3,3,Raban (Route De),4.92616578,-52.31362492
202300016839,15,9,2023,2025-12-05 19:21:00,1,47,47001,2,1,1,3,Barbusse (Av. Henri),44.20637233,0.63448191
202300016840,16,3,2023,2025-12-05 08:00:00,1,2,2814,1,1,1,6,Adresse_Inconnue,49.92306,3.678145
202300016841,15,9,2023,2025-12-05 08:55:00,1,44,44109,2,1,1,3,328 Route De Saint Joseph,47.25799,-1.52832
202300016842,16,3,2023,2025-12-05 16:35:00,1,14,14305,1,1,1,6,Chemin De La Butte Au Vilain,49.308097,-0.012445
202300016843,16,3,2023,2025-12-05 11:15:00,1,5,5046,2,1,1,2,Route De Caleyeres,44.566739,6.494631
202300016844,15,9,2023,2025-12-05 10:55:00,1,43,43157,2,1,1,4,Boulevard Carnot,45.04607,3.87977
202300016845,23,12,2023,2025-12-05 19:05:00,2,69,69383,2,2,1,1,Avenue Felix Faure,45.75401,4.86161
202300016846,15,3,2023,2025-12-05 15:35:00,1,36,36200,1,3,1,5,Adresse_Inconnue,46.593891,1.537507
202300016847,16,9,2023,2025-12-05 00:30:00,5,37,37261,2,2,1,5,Heurteloup (Boulevard),47.39218,0.70057
202300016848,15,3,2023,2025-12-05 17:45:00,1,40,40228,1,4,7,3,1120 Avenue Jean Barbe,43.623398,-0.839912
202300016849,15,9,2023,2025-12-05 15:20:00,1,37,37261,2,1,1,2,Vaillant (Rue Edouard),47.38126,0.70691
202300016850,16,3,2023,2025-12-05 17:20:00,1,30,30059,1,1,1,1,Adresse_Inconnue,43.662846,4.232027
202300016851,23,12,2023,2025-12-05 11:45:00,1,69,69388,2,2,8,6,Place Ambroise Courtois,45.74552866,4.87120733
202300016852,15,9,2023,2025-12-05 18:15:00,1,35,35238,2,2,1,3,Charles Tillon (Rue),48.12605907,-1.69280112
202300016853,16,3,2023,2025-12-05 07:50:00,1,88,88158,2,3,1,1,Rue De L'Elle,48.087848,6.608368
202300016854,15,9,2023,2025-12-05 19:10:00,2,35,35150,1,3,1,7,Gautrais (La Petite) Lieux-Dits,48.34627,-1.21782
202300016855,16,3,2023,2025-12-05 09:55:00,1,24,24167,2,1,1,6,48 Boulevard National,44.666555,0.398898
202300016856,23,12,2023,2025-12-05 10:50:00,1,69,69386,2,1,2,6,Quai Charles De Gaulle,45.78606,4.85901
202300016857,15,9,2023,2025-12-05 12:53:00,1,34,34172,2,3,1,3,Lodeve (Avenue De,43.61362,3.8392
202300016858,15,3,2023,2025-12-05 10:40:00,1,69,69244,2,3,1,2,49 Avenue De La Republique,45.763892,4.779262
202300016859,15,3,2023,2025-12-05 17:00:00,1,6,6018,1,1,1,1,Route De Valbonne,43.634091,7.075666
202300016860,15,9,2023,2025-12-05 19:10:00,1,33,33522,2,3,1,2,Rue Peydavant,44.80434011,-0.5867359
202300016861,23,12,2023,2025-12-05 06:00:00,1,972,97213,2,1,1,1,Route Departementale 3,14.62575,-60.9893
202300016862,16,3,2023,2025-12-05 05:10:00,3,89,89208,1,1,1,7,Autoroute A6,47.623998,3.907898
202300016863,15,9,2023,2025-12-05 02:15:00,3,33,33281,2,1,1,6,Avenue De La Liberation,44.85468741,-0.64427599
202300016864,16,3,2023,2025-12-05 11:30:00,1,58,58303,2,1,1,3,Boulevard Camille Dagonneau,47.014344,3.14989
202300016865,15,9,2023,2025-12-05 11:20:00,1,31,31555,2,1,1,3,Matabiau (Bd) Du 1Au 75,43.615539,1.440617
202300016866,23,12,2023,2025-12-05 07:55:00,1,972,97209,1,1,1,2,Rd 41 (Rocade),14.6166,-61.06034
202300016867,14,9,2023,2025-12-05 19:30:00,2,31,31555,2,1,1,1,Rue Louis Bonin,43.63137,1.415
202300016868,16,3,2023,2025-12-05 22:45:00,3,988,98820,1,1,3,6,Tribu De Lekine - Vu2,-20.69539,166.48449
202300016869,14,9,2023,2025-12-05 15:15:00,1,31,31555,2,1,7,6,Rue Du Taur,43.60754,1.44203
202300016870,16,3,2023,2025-12-05 10:30:00,1,13,13088,1,3,1,3,Za Les Pielettes,43.376434,5.226912
202300016871,15,9,2023,2025-12-05 19:20:00,1,28,28218,2,1,1,3,Vieux Puits (Cite-Rue Du),48.4336,1.46261
202300016872,23,12,2023,2025-12-05 11:45:00,1,69,69202,2,1,1,1,1 Chemin Des Hauts Du Bois,45.73893,4.78716
202300016873,15,9,2023,2025-12-05 18:05:00,1,27,27681,2,9,7,6,Jaures (Boulevard Jaures),49.095,1.464
202300016874,16,3,2023,2025-12-05 08:15:00,1,78,78062,2,6,1,3,Carrefour De L'Estandart,48.85197,1.878083
202300016875,15,3,2023,2025-12-05 17:00:00,1,66,66210,2,6,1,2,Adresse_Inconnue,42.62866,2.761581
202300016876,15,9,2023,2025-12-05 08:20:00,1,27,27234,2,1,1,2,Nationale 13 (Route),49.01484399,1.20422892
202300016877,23,12,2023,2025-12-05 10:40:00,1,971,97101,2,1,1,3,Caraque,16.2499,-61.4892
202300016878,16,3,2023,2025-12-05 08:15:00,1,57,57481,2,1,1,7,85 Rue De La Mine,49.21403,6.010761
202300016879,15,9,2023,2025-12-05 13:15:00,1,25,25388,2,3,1,6,Allies (Avenue Des),47.51195,6.79977
202300016880,25,2,2023,2025-12-05 05:30:00,3,69,69227,1,1,1,1,Route Departementale 311,45.668555,4.577866
202300016881,15,9,2023,2025-12-05 17:30:00,1,22,22360,1,1,1,4,Rn12,48.483163,-2.699368
202300016882,16,3,2023,2025-12-05 17:00:00,1,69,69171,2,1,1,1,855 Montee Des Alouettes,45.816346,4.596279
202300016883,23,12,2023,2025-12-05 10:35:00,1,2A,2A004,2,1,1,2,Sampiero Bd,41.9243,8.73922
202300016884,15,3,2023,2025-12-05 20:00:00,3,85,85118,1,1,1,2,401 La Grolle,46.641848,-1.545203
202300016885,15,9,2023,2025-12-05 09:39:00,1,22,22360,1,1,1,4,Rd700,48.47248,-2.77246
202300016886,22,12,2023,2025-12-05 14:49:00,1,2A,2A004,2,1,1,3,Route Du Stiletto,41.94794,8.7739
202300016887,15,3,2023,2025-12-05 14:10:00,1,22,22176,2,6,1,3,Rue Des Ecoles,48.443333,-2.749457
202300016888,15,9,2023,2025-12-05 07:10:00,5,17,17300,2,1,1,2,Marillac   Avenue,46.1404,-1.16446
202300016889,15,3,2023,2025-12-05 14:00:00,1,35,35315,2,7,1,6,Ruelle Aux Chevaux,48.218866,-1.579281
202300016890,16,3,2023,2025-12-05 14:10:00,1,60,60139,2,1,1,6,401 Avenue Des Martyrs,49.163761,2.251886
202300016891,6,9,2023,2025-12-05 09:40:00,1,17,17449,2,1,1,6,Aunis Avenue D',45.950343,-0.926853
202300016892,15,3,2023,2025-12-05 14:29:00,1,13,13005,1,1,1,7,A50 - Sens Aubagne Vers Marseille,43.27084,5.5888
202300016893,23,12,2023,2025-12-05 12:10:00,1,91,91114,2,1,2,4,Rte Nationale 6,48.68249,2.49125
202300016894,15,9,2023,2025-12-05 07:12:00,2,15,15014,2,3,1,3,Republique (Avenue De La),44.92555,2.43908
202300016895,15,3,2023,2025-12-05 17:17:00,1,33,33143,1,1,1,2,Autoroute A 10,44.97316776,-0.43428183
202300016896,8,3,2023,2025-12-05 16:28:00,1,59,59557,1,1,1,2,Autoroute A2,50.3504,3.57727
202300016897,15,9,2023,2025-12-05 19:30:00,1,14,14536,2,3,1,2,Rue Robert Cecire,49.40240943,0.2507624
202300016898,2,3,2023,2025-12-05 07:30:00,2,59,59260,1,1,1,6,Autoroute A16,51.04222324,2.51139577
202300016899,23,12,2023,2025-12-05 21:15:00,5,84,84007,2,3,1,2,Tarascon ( Avenue De),43.92737,4.8094
202300016900,12,9,2023,2025-12-05 19:00:00,2,13,13214,2,9,1,1,Roland Dorgeles (Boulevard),43.34765899,5.37779567
202300016901,15,3,2023,2025-12-05 09:49:00,1,78,78640,1,1,1,3,N118,48.78134,2.222978
202300016902,14,9,2023,2025-12-05 21:15:00,5,13,13028,2,1,1,3,Rovarch (Avenue Pierre),43.19002,5.62566
202300016903,14,3,2023,2025-12-05 14:00:00,1,92,92036,1,1,2,3,A86,48.93488462,2.28273043
202300016904,22,12,2023,2025-12-05 16:00:00,1,83,83069,2,1,7,6,8 Mai (Avenue),43.11581816,6.13084268
202300016905,13,3,2023,2025-12-05 18:15:00,1,92,92036,1,1,1,2,A86,48.93626044,2.28962372
202300016906,22,12,2023,2025-12-05 16:45:00,2,77,77350,1,1,2,2,Departementale 1004,48.76767,2.64628
202300016907,15,9,2023,2025-12-05 18:50:00,1,13,13004,1,1,1,4,Rte N113 Marseille A Borbeaux,43.6604,4.6415
202300016908,11,3,2023,2025-12-05 16:08:00,1,95,95488,1,9,1,5,A15,49.01168438,2.1517226
202300016909,14,3,2023,2025-12-05 09:00:00,1,93,93008,1,1,8,2,Autoroute A86,48.91058,2.44346
202300016910,23,12,2023,2025-12-05 18:10:00,5,76,76231,2,6,8,6,Rue Jean Jaures,49.28724,1.00907
202300016911,15,9,2023,2025-12-05 12:00:00,1,13,13001,1,1,1,1,Lavoisier Antoine (Rue),43.48891238,5.36850803
202300016912,14,3,2023,2025-12-05 06:40:00,2,93,93066,1,1,2,3,Autoroute A1,48.91922,2.35739
202300016913,15,9,2023,2025-12-05 03:35:00,5,11,11069,2,1,1,6,Adresse_Inconnue,43.22215,2.35688
202300016914,12,3,2023,2025-12-05 13:05:00,1,92,92036,1,1,1,2,Autoroute A86,48.93786065,2.29673004
202300016915,14,9,2023,2025-12-05 17:25:00,1,11,11069,2,1,1,6,Adresse_Inconnue,43.20263,2.33522
202300016916,23,12,2023,2025-12-05 16:30:00,1,74,74305,2,1,1,2,Thonon (Route De),46.19871,6.27036
202300016917,14,9,2023,2025-12-05 04:50:00,5,11,11069,2,1,1,3,Adresse_Inconnue,43.23652,2.36715
202300016918,15,3,2023,2025-12-05 20:00:00,3,94,94069,1,1,1,3,A4,48.81722515,2.42374656
202300016919,16,9,2023,2025-12-05 01:00:00,5,10,10387,2,1,1,6,St Dominique (Quai),48.29511,4.08215
202300016920,23,12,2023,2025-12-05 20:03:00,5,72,72181,2,1,1,3,Mac Jean (Av) Ndeg Imp 107 Et Plus,47.98104,0.21852
202300016921,14,3,2023,2025-12-05 16:55:00,1,972,97209,2,1,1,6,Victor Schoelcher (Rue),14.60665,-61.0682
202300016922,15,9,2023,2025-12-05 09:24:00,1,10,10387,2,6,1,3,Chomedey De Maisonneuve (Ave),48.30825,4.06907
202300016923,22,12,2023,2025-12-05 12:15:00,1,71,71153,2,1,2,2,President Wilson (Rue Du),46.79783,4.43414
202300016924,14,9,2023,2025-12-05 07:48:00,1,10,10387,2,6,1,3,Edouard Vaillant (Rue),48.27644,4.08015
202300016925,22,12,2023,2025-12-05 19:05:00,3,71,71540,2,6,2,2,R.D 28,46.77813,4.44347
202300016926,14,9,2023,2025-12-05 17:00:00,1,6,6029,2,1,1,6,Windsor (Avenue),43.55129,7.0306
202300016927,13,9,2023,2025-12-05 17:00:00,1,6,6029,2,4,1,3,Poesie (Avenue Pierre),43.55142,6.96199
202300016928,15,9,2023,2025-12-05 11:05:00,1,6,6155,2,1,1,6,Poste Av.De La,43.56842,7.07228
202300016929,22,12,2023,2025-12-05 13:30:00,1,71,71153,2,3,2,5,Abattoirs (Boulevard Des),46.78716,4.44124
202300016930,15,9,2023,2025-12-05 07:59:00,2,5,5061,2,1,1,6,Eyssagnieres ( Route Des ),44.55726,6.05503
202300016931,22,12,2023,2025-12-05 19:05:00,5,71,71076,2,1,2,6,Cassin (Rue Rene),46.77477,4.86464
202300016932,15,9,2023,2025-12-05 12:00:00,1,75,75116,2,1,1,3,Echangeur Muette,48.869171,2.270687
202300016933,15,9,2023,2025-12-05 11:45:00,1,75,75112,2,1,1,3,Porte De Vincennes,48.845831,2.414445
202300016934,23,12,2023,2025-12-05 05:10:00,3,69,69282,2,6,2,2,Avenue Du Crottay,45.75304,5.01921
202300016935,15,9,2023,2025-12-05 08:20:00,1,75,75116,2,1,1,5,Porte De Saint Cloud,48.836323,2.256396
202300016936,23,12,2023,2025-12-05 12:10:00,1,69,69264,2,3,1,3,Avenue De L'Europe,45.992571,4.741998
202300016937,15,9,2023,2025-12-05 08:30:00,1,75,75116,2,2,1,6,Boulevard Murat,48.845354,2.257551
202300016938,23,12,2023,2025-12-05 06:15:00,3,69,69199,2,1,8,6,Avenue Des Freres Perret,45.69303,4.84516
202300016939,23,12,2023,2025-12-05 19:00:00,5,67,67482,2,8,1,6,Colmar (Avenue De),48.55134,7.74294
202300016940,15,9,2023,2025-12-05 17:15:00,1,75,75119,2,1,1,6,Route Des Petits Ponts,48.893265,2.397999
202300016941,15,9,2023,2025-12-05 13:15:00,1,75,75117,2,1,1,6,Avenue De La Grande Armee,48.876713,2.286459
202300016942,22,12,2023,2025-12-05 17:00:00,1,64,64249,2,3,3,1,Getaria(Avenue),43.42082,-1.60666
202300016943,22,12,2023,2025-12-05 20:40:00,3,63,63245,1,1,1,7,Rocade Rd 446,45.89988416,3.08578738
202300016944,15,9,2023,2025-12-05 09:50:00,1,75,75117,2,1,1,3,Boulevard Malesherbes,48.885647,2.30669
202300016945,23,12,2023,2025-12-05 09:30:00,1,63,63032,2,6,1,3,Pourliat (Rond-Point Du),45.74845,3.0943
202300016946,15,9,2023,2025-12-05 18:20:00,1,75,75115,2,2,1,6,Rue De Lourmel,48.837887,2.281779
202300016947,15,9,2023,2025-12-05 12:03:00,1,75,75115,2,1,1,7,Boulevard General Martial Valin,48.837206,2.273879
202300016948,23,12,2023,2025-12-05 14:45:00,1,62,62193,2,2,1,6,Rue Richelieu,50.95631561,1.85003686
202300016949,15,9,2023,2025-12-05 16:45:00,1,75,75114,2,2,1,6,Boulevard Brune,48.826156,2.312749
202300016950,22,12,2023,2025-12-05 13:45:00,1,62,62244,2,3,1,3,D247E4,50.93081,1.88646
202300016951,14,12,2023,2025-12-05 08:00:00,5,61,61006,2,6,9,3,Place Du General Leclerc,48.741619,-0.025465
202300016952,14,9,2023,2025-12-05 11:55:00,1,75,75107,2,2,1,6,Pont De L Alma,48.86245,2.301942
202300016953,15,9,2023,2025-12-05 00:24:00,5,75,75111,2,2,1,1,Boulevard Voltaire,48.8547,2.385324
202300016954,19,12,2023,2025-12-05 17:30:00,5,59,59017,2,1,2,6,Lille (Rue De ),50.684814,2.881693
202300016955,24,12,2023,2025-12-05 01:00:00,5,54,54578,2,9,8,6,Rue De La Mutualite,48.67056,6.15551
202300016956,15,9,2023,2025-12-05 01:50:00,5,75,75109,2,2,1,6,Rue Le Peletier,48.875895,2.339896
202300016957,23,12,2023,2025-12-05 19:30:00,5,54,54498,2,1,2,2,Route De Sarreguemines,48.71518495,6.25409603
202300016958,14,9,2023,2025-12-05 20:38:00,5,75,75108,2,2,1,3,Rue De Rome,48.881996,2.320511