num_acc,jour,mois,an,hrmn,lum,dep,com,agg,int,atm,col,adr,lat,long
202300017184,1,2,2023,2025-12-05 22:45:00,5,92,92040,2,1,1,3,Pasteur (Avenue),48.82100946,2.26245537
202300017185,1,2,2023,2025-12-05 13:55:00,1,92,92036,2,2,1,3,Huit Mai 45 (Rue Du) (1),48.92195238,2.29480737
202300017186,1,2,2023,2025-12-05 13:45:00,1,92,92025,2,2,8,3,Paul Bert (Rue),48.93109219,2.24422172
202300017187,2,2,2023,2025-12-05 18:20:00,5,92,92024,2,1,1,3,Asnieres (Route D'),48.90208993,2.2909686
202300017188,1,2,2023,2025-12-05 22:17:00,5,92,92023,2,1,1,7,Henri Barbusse (Avenue),48.8158741,2.25411505
202300017189,2,2,2023,2025-12-05 13:35:00,1,92,92002,2,1,1,2,Docteur Tenine (Avenue Du),48.76315126,2.31176752
202300017190,31,1,2023,2025-12-05 13:45:00,1,62,62177,2,1,8,6,D219,50.449858,1.831618
202300017191,2,2,2023,2025-12-05 14:40:00,1,83,83003,1,1,1,7,D49,43.604262,6.377349
202300017192,31,1,2023,2025-12-05 11:30:00,1,68,68112,2,1,1,6,11 Route De Soultz,47.903698,7.217398
202300017193,3,2,2023,2025-12-05 06:00:00,1,988,98810,1,1,1,7,Koukadjana,-20.665393,164.613047
202300017194,28,1,2023,2025-12-05 15:00:00,1,68,68300,2,1,8,6,Route Departementale 201,47.779252,7.388864
202300017195,2,2,2023,2025-12-05 11:15:00,1,83,83048,1,6,1,3,Boulevard Saint Raphael,43.191684,6.556445
202300017196,2,2,2023,2025-12-05 12:20:00,1,974,97414,2,3,1,1,Avenue De Toulouse,-21.288075,55.400437
202300017197,2,2,2023,2025-12-05 12:15:00,1,6,6064,2,9,1,3,Avenue De La Tourre,43.764872,7.200315
202300017198,18,1,2023,2025-12-05 20:30:00,3,61,61181,1,1,4,2,A28 Pk201+900,48.783134,0.318327
202300017199,15,1,2023,2025-12-05 04:55:00,3,79,79301,1,1,9,7,Adresse_Inconnue,46.225943,-0.048645
202300017200,3,2,2023,2025-12-05 18:30:00,5,82,82037,2,1,1,6,Boulevard Leonce Granie,44.161388,1.535865
202300017201,3,2,2023,2025-12-05 12:40:00,1,71,71330,1,1,1,6,Route De La Chapelle-Au-Mans - Pk 8+250,46.606928,3.959391
202300017202,26,1,2023,2025-12-05 10:50:00,1,61,61140,1,1,1,4,D918 Pr51+800,48.724194,0.655017
202300017203,2,2,2023,2025-12-05 19:15:00,3,61,61508,1,2,1,3,D979,48.922745,0.224897
202300017204,3,2,2023,2025-12-05 12:25:00,1,42,42246,1,1,1,1,Route De La Gariniere,45.292905,4.619231
202300017205,2,2,2023,2025-12-05 13:50:00,1,41,41151,1,1,1,7,Chemin Du Stade,47.346629,1.205845
202300017206,16,1,2023,2025-12-05 14:45:00,1,29,29045,1,3,1,3,Mondragon,48.42571713,-4.26197715
202300017207,2,2,2023,2025-12-05 08:30:00,1,34,34150,1,1,1,2,D32E8,43.36493463,3.51572885
202300017208,1,2,2023,2025-12-05 17:40:00,3,25,25510,1,2,1,2,D67,47.280481,5.777307
202300017209,1,2,2023,2025-12-05 16:30:00,1,29,29260,1,1,1,7,D67 - Hameau De Keravel,48.42503217,-4.61289704
202300017210,2,2,2023,2025-12-05 13:40:00,1,31,31390,2,1,1,6,Rue Des Tourreilles,43.093557,0.576764
202300017211,2,2,2023,2025-12-05 22:00:00,3,26,26305,1,1,1,7,Route De Cleon,44.59025,4.895294
202300017212,3,2,2023,2025-12-05 13:20:00,1,14,14270,1,1,8,6,D613,49.14422557,0.32632828
202300017213,3,2,2023,2025-12-05 00:10:00,3,60,60188,2,1,1,6,Rue Des Lunetiers,49.396528,3.003168
202300017214,20,1,2023,2025-12-05 08:25:00,2,60,60616,2,9,1,6,Rue Marcel Cachin,49.348577,1.771406
202300017215,3,2,2023,2025-12-05 01:30:00,3,18,18211,1,1,1,6,Adresse_Inconnue,47.185717,2.415742
202300017216,1,2,2023,2025-12-05 12:45:00,1,43,43200,2,1,2,6,19 Rue Chaussade,45.035253,4.061328
202300017217,3,2,2023,2025-12-05 04:15:00,3,24,24364,1,1,9,7,Rd 704,45.034082,1.225625
202300017218,3,2,2023,2025-12-05 16:30:00,1,24,24356,2,1,1,6,12 Avenue Edmond Roger,45.049808,0.974522
202300017219,29,1,2023,2025-12-05 01:30:00,3,87,87103,1,1,1,6,Le Grand Bois,46.01932,1.204649
202300017220,2,2,2023,2025-12-05 07:20:00,2,30,30004,1,3,1,5,Route Nationale 113,43.719769,4.206133
202300017221,3,2,2023,2025-12-05 19:45:00,3,30,30012,1,1,6,1,D2,43.912108,4.724722
202300017222,3,2,2023,2025-12-05 16:00:00,1,88,88516,2,2,8,6,92 Rue Du Lieutenant Gauffre,48.197744,5.940245
202300017223,3,2,2023,2025-12-05 06:58:00,5,24,24194,2,3,9,3,D936/D4,44.836974,0.331306
202300017224,30,1,2023,2025-12-05 08:41:00,1,10,10419,1,1,1,7,Autoroute A5,48.199793,4.260807
202300017225,30,1,2023,2025-12-05 12:15:00,1,10,10003,1,1,1,4,Autoroute A5,48.26713363,3.7447747
202300017226,2,2,2023,2025-12-05 07:15:00,1,987,98735,1,1,1,6,Aratia Nelson Mandela,-17.546276,-149.581536
202300017227,3,2,2023,2025-12-05 08:00:00,2,53,53147,2,1,1,6,Rue Du Pommier,48.305813,-0.62798
202300017228,31,1,2023,2025-12-05 18:15:00,1,987,98733,2,1,1,6,Pk 22.800 Rt1,-17.700665,-149.584812
202300017229,1,2,2023,2025-12-05 05:15:00,3,988,98802,1,3,1,2,Rt1/Voie Privee (Route Mine Montagnat),-21.975763,166.197309
202300017230,3,2,2023,2025-12-05 01:45:00,3,977,97701,1,1,1,7,Saline,17.91751996,-62.8544569
202300017231,26,1,2023,2025-12-05 20:50:00,5,33,33085,2,1,2,6,Route Des 2 Ponts,44.769124,-0.493516
202300017232,2,2,2023,2025-12-05 20:18:00,5,28,28279,2,1,1,6,32 Rue Du General De Gaulle,48.64834,1.530532
202300017233,3,2,2023,2025-12-05 17:25:00,1,2B,2B355,1,1,1,5,"Lieu Dit Saltello, Rt 20",42.518689,9.394724
202300017234,2,2,2023,2025-12-05 16:20:00,1,13,13081,2,1,1,6,Boulevard De La Tete Noire,43.488953,5.220421
202300017235,2,2,2023,2025-12-05 16:50:00,1,13,13027,2,1,6,3,Avenue Jean Moulin,43.879436,4.861718
202300017236,2,2,2023,2025-12-05 21:30:00,5,67,67348,2,1,1,7,Route De Niedernai,48.458974,7.504429
202300017237,3,2,2023,2025-12-05 04:40:00,3,46,46102,2,1,1,6,D822 Avenue De Toulouse,44.60477,2.034239
202300017238,3,2,2023,2025-12-05 08:00:00,1,31,31248,2,1,1,5,282 Route Du Plantaurel,43.471877,1.397844
202300017239,17,1,2023,2025-12-05 21:30:00,3,40,40283,1,1,4,1,Route De Buglose,43.757697,-1.005313
202300017240,3,2,2023,2025-12-05 18:30:00,5,14,14258,2,1,2,3,Route De Caen,48.908772,-0.207378
202300017241,2,2,2023,2025-12-05 10:30:00,1,35,35191,1,1,8,3,D15,48.456559,-1.304841
202300017242,2,2,2023,2025-12-05 07:35:00,2,13,13071,1,1,1,6,A55 - Sens Marseille Vers Martigues,43.386437,5.307376
202300017243,1,2,2023,2025-12-05 16:36:00,1,83,83027,1,1,1,6,A50,43.16912,5.76977
202300017244,30,1,2023,2025-12-05 16:55:00,1,59,59343,1,1,1,3,Autoroute A1,50.58377,3.09116
202300017245,2,2,2023,2025-12-05 18:30:00,3,91,91468,1,1,1,4,Autoroute A6,48.57491,2.46594
202300017246,2,2,2023,2025-12-05 17:40:00,5,94,94043,1,1,1,4,A6B,48.8069485,2.34653959
202300017247,1,2,2023,2025-12-05 16:53:00,1,92,92050,1,1,1,2,A86,48.90809836,2.21351713
202300017248,2,2,2023,2025-12-05 18:05:00,3,93,93064,1,1,1,3,Autoroute A86,48.88130031,2.47480899
202300017249,2,2,2023,2025-12-05 02:20:00,3,974,97416,1,1,1,6,Rn3 (Ancienne Route),-21.32465,55.44582
202300017250,1,2,2023,2025-12-05 18:40:00,1,974,97416,2,9,1,3,President Mitterand(Avenue),-21.342984,55.481531
202300017251,1,2,2023,2025-12-05 09:15:00,1,974,97409,1,1,1,2,Rn2 Sens Ste Suzanne St Benoit,-20.9443,55.6498
202300017252,1,2,2023,2025-12-05 19:40:00,5,974,97407,2,1,1,3,Mondon (Avenue),-20.93358,55.30734
202300017253,1,2,2023,2025-12-05 17:55:00,1,973,97302,2,3,1,3,Madeleine (Route De La),4.9167,-52.32145
202300017254,1,2,2023,2025-12-05 16:15:00,1,973,97302,2,3,1,3,Baduel (Route De),4.92878908,-52.29843423
202300017255,1,2,2023,2025-12-05 18:30:00,2,69,69383,2,1,1,2,11 Rue Du Dauphine,45.74995,4.86358
202300017256,1,2,2023,2025-12-05 06:45:00,3,69,69383,2,2,1,3,Cours Richard Vitton,45.7539,4.88756
202300017257,1,2,2023,2025-12-05 01:35:00,5,69,69382,2,1,1,4,41 Quai Docteur Gailleton,45.75045986,4.83180657
202300017258,1,2,2023,2025-12-05 15:20:00,1,2A,2A004,1,1,8,3,Saint Jean Hlm Av Kennedy,41.93151,8.73383
202300017259,1,2,2023,2025-12-05 08:15:00,1,91,91103,1,1,9,3,Rue Du Morvan,48.588542,2.304126
202300017260,30,1,2023,2025-12-05 13:20:00,1,91,91692,2,1,1,6,Champagne (Avenue De),48.687294,2.173568
202300017261,1,2,2023,2025-12-05 23:20:00,5,91,91326,2,9,1,6,Jean Danaux (Rue),48.68977,2.38626
202300017262,1,2,2023,2025-12-05 08:10:00,1,91,91326,2,9,8,3,Paris Campagne (Avenue De),48.69569,2.36494
202300017263,1,2,2023,2025-12-05 16:20:00,1,91,91223,2,1,1,3,Paris (Avenue De),48.43869,2.16702
202300017264,1,2,2023,2025-12-05 15:30:00,1,83,83137,1,1,1,5,Rd46,43.14823636,5.97636402
202300017265,1,2,2023,2025-12-05 12:40:00,1,83,83137,2,1,1,6,Gouraud (Ave General),43.13660876,5.91536379
202300017266,30,1,2023,2025-12-05 14:05:00,1,77,77053,2,1,1,6,Rue Du Docteur Jean Congy,48.69051,2.61049
202300017267,1,2,2023,2025-12-05 14:50:00,1,76,76540,2,1,1,2,Rue Louis Ricard,49.44488,1.09959
202300017268,1,2,2023,2025-12-05 14:25:00,1,76,76322,2,2,1,6,Avenue Leon Blum,49.40663,1.04984
202300017269,30,1,2023,2025-12-05 18:05:00,5,76,76540,2,3,8,6,Rue Edouard Fortier,49.45399,1.09386
202300017270,1,2,2023,2025-12-05 18:55:00,2,74,74010,2,3,1,3,Parmelan,45.90712,6.135
202300017271,1,2,2023,2025-12-05 07:55:00,2,72,72181,2,9,1,6,Bretagne (Rue De) Ndeg Imp 35 Et Plus,47.96823,0.19751
202300017272,1,2,2023,2025-12-05 20:10:00,5,71,71076,2,1,1,7,Herriot (Avenue Edouard),46.79574,4.86843
202300017273,1,2,2023,2025-12-05 12:35:00,1,69,69259,2,2,1,3,Avenue D'Oschatz,45.69522042,4.88036185
202300017274,31,1,2023,2025-12-05 07:30:00,2,67,67482,2,1,8,6,Alphonse Adam (Rue),48.54537,7.76686
202300017275,31,1,2023,2025-12-05 19:05:00,5,64,64102,2,1,1,2,Ursuya (Avenue De L'),43.47881,-1.49585
202300017276,31,1,2023,2025-12-05 18:15:00,2,64,64102,2,1,1,7,Lamothe (Avenue),43.50981038,-1.46604717
202300017277,1,2,2023,2025-12-05 09:00:00,1,60,60057,2,1,1,4,Rue De Calais,49.4393,2.0821
202300017278,1,2,2023,2025-12-05 13:50:00,1,59,59599,2,1,1,6,Bienfaisance (Rue De La),50.72471,3.15786
202300017279,1,2,2023,2025-12-05 18:40:00,5,59,59512,2,2,2,3,De Gaulle  (Boulevard Du General),50.68121,3.16783
202300017280,30,1,2023,2025-12-05 17:00:00,1,59,59343,2,3,1,3,Bons Camarades Rue Des,50.5845,3.1029
202300017281,31,1,2023,2025-12-05 20:30:00,5,56,56121,2,1,1,2,Guieysse (Rue  Paul ),47.75761,-3.37188
202300017282,31,1,2023,2025-12-05 18:31:00,5,54,54395,2,1,1,6,Rue De Metz,48.70104,6.17211
202300017283,31,1,2023,2025-12-05 17:12:00,5,54,54395,2,2,2,6,Rue Oberlin,48.703298,6.181999
202300017284,31,1,2023,2025-12-05 17:15:00,1,52,52125,1,1,8,2,Adresse_Inconnue,48.0790083,5.1553983
202300017285,31,1,2023,2025-12-05 12:30:00,1,51,51454,2,1,1,6,Rue Cesar Poulain,49.25471,4.04272
202300017286,31,1,2023,2025-12-05 11:14:00,1,51,51506,2,1,8,3,Avenue Du President Roosevelt,48.94489083,4.38271813
202300017287,31,1,2023,2025-12-05 14:10:00,1,49,49246,2,1,1,5,Roc Est,47.4205,-0.5045
202300017288,30,1,2023,2025-12-05 08:40:00,1,49,49015,2,1,2,2,D775,47.51098,-0.61843
202300017289,1,2,2023,2025-12-05 13:29:00,1,45,45234,2,9,1,6,2 Place De L'Indien,47.83947,1.93452
202300017290,1,2,2023,2025-12-05 20:21:00,5,44,44109,2,1,1,3,Rue Gaston Michel,47.21015,-1.56214
202300017291,31,1,2023,2025-12-05 16:00:00,1,37,37261,2,1,1,3,Marechal Juin (Bd),47.41236,0.70292
202300017292,1,2,2023,2025-12-05 19:20:00,5,35,35238,2,1,1,6,Martenot,48.11249,-1.67303
202300017293,1,2,2023,2025-12-05 15:50:00,1,35,35238,2,3,1,3,Gueriniere (Allee De La),48.09453,-1.63299
202300017294,27,1,2023,2025-12-05 08:00:00,1,33,33281,2,3,1,3,Avenue Du Marechal Lyautey,44.8543,-0.65675
202300017295,1,2,2023,2025-12-05 12:15:00,1,31,31555,2,9,1,3,Bd De La Gare,43.60109,1.45674
202300017296,1,2,2023,2025-12-05 08:30:00,1,31,31555,2,1,1,3,82 Chemin Du Ramelet Moundi,43.58507,1.38449
202300017297,31,1,2023,2025-12-05 14:15:00,1,29,29019,2,6,1,2,Avenue Georges Pompidou,48.41400382,-4.47944462
202300017298,1,2,2023,2025-12-05 11:40:00,1,28,28134,2,1,1,4,Rn 12 (Descente Et Pont Fermaincourt),48.74592,1.37234
202300017299,31,1,2023,2025-12-05 11:15:00,1,27,27681,2,2,1,3,Ardeche (Avenue De L'),49.08703,1.48033
202300017300,1,2,2023,2025-12-05 17:14:00,1,27,27528,1,1,1,4,Rd6015,49.26758,1.16009
202300017301,9,1,2023,2025-12-05 08:02:00,2,18,18050,1,1,1,6,Adresse_Inconnue,47.059505,2.34042
202300017302,1,2,2023,2025-12-05 21:20:00,5,16,16102,2,6,1,6,Hugo (Avenue Victor),45.691543,-0.323171
202300017303,31,1,2023,2025-12-05 18:30:00,5,15,15014,2,1,8,6,D 120,44.919228,2.428819
202300017304,29,1,2023,2025-12-05 11:30:00,1,13,13098,1,1,1,3,D.51A,43.46581,4.98045
202300017305,1,2,2023,2025-12-05 07:55:00,1,13,13005,2,1,8,6,Blancard (Promenade Pierre),43.2972638,5.56574732
202300017306,1,2,2023,2025-12-05 14:55:00,1,6,6069,1,1,1,6,Marigarde (Route De La),43.645887,6.953275
202300017307,1,2,2023,2025-12-05 12:40:00,1,6,6069,2,9,1,2,Rouquier (Boulevard Emmanuel),43.636406,6.940695
202300017308,31,1,2023,2025-12-05 14:25:00,1,75,75119,2,1,1,3,Porte Des Lilas,48.878061,2.408447
202300017309,31,1,2023,2025-12-05 23:01:00,5,75,75118,2,1,1,6,Porte De La Chapelle,48.900887,2.364217
202300017310,31,1,2023,2025-12-05 08:40:00,1,75,75119,2,2,1,6,Quai De La Marne,48.8899,2.383086
202300017311,1,2,2023,2025-12-05 05:40:00,5,75,75119,2,2,1,1,Boulevard De La Villette,48.884177,2.3686
202300017312,1,2,2023,2025-12-05 07:40:00,2,75,75117,2,7,1,6,Avenue De La Grande Armee,48.875774,2.289028
202300017313,1,2,2023,2025-12-05 15:00:00,1,75,75116,2,1,1,3,Avenue Georges Mandel,48.863261,2.283626
202300017314,1,2,2023,2025-12-05 16:20:00,1,75,75110,2,3,1,3,Quai De Jemmapes,48.871706,2.365387
202300017315,31,1,2023,2025-12-05 23:00:00,5,75,75110,2,2,1,3,Boulevard De Strasbourg,48.874803,2.357405
202300017316,31,1,2023,2025-12-05 23:28:00,5,75,75109,2,2,1,3,Boulevard Haussmann,48.872368,2.337446
202300017317,1,2,2023,2025-12-05 09:14:00,1,94,94081,2,3,1,6,Rue Auber / Rue Des Malassis,48.799825,2.377778
202300017318,30,1,2023,2025-12-05 19:00:00,2,94,94028,2,2,2,6,Avenue Du General De Gaulle / Rue Leonard Euler,48.79569,2.44773
202300017319,30,1,2023,2025-12-05 18:50:00,5,94,94011,2,1,1,1,Avenue Rhin Et Danube,48.77165,2.49017
202300017320,1,2,2023,2025-12-05 14:15:00,1,94,94022,2,1,1,4,110 Avenue Victor Hugo,48.770139,2.425579
202300017321,1,2,2023,2025-12-05 09:00:00,1,94,94017,2,6,1,3,Rue Du Tunnel,48.81487284,2.5199604
202300017322,1,2,2023,2025-12-05 18:00:00,5,94,94004,2,1,1,1,Rue De Valenton,48.74474123,2.5065735
202300017323,1,2,2023,2025-12-05 16:15:00,1,94,94071,2,6,1,2,177 Rue De Boissy,48.75987303,2.52693844
202300017324,1,2,2023,2025-12-05 15:00:00,1,93,93066,2,3,1,3,Rue De Strasbourg / Rue Menand,48.93616907,2.36988455
202300017325,1,2,2023,2025-12-05 14:25:00,1,93,93066,2,2,1,6,Rue Francis De Pressense / Avenue Du President Wilson,48.91812,2.35799
202300017326,1,2,2023,2025-12-05 08:25:00,1,93,93062,2,2,1,5,Boulevard Du Midi / Allee De La Fontaine,48.8925461,2.51940832
202300017327,1,2,2023,2025-12-05 08:30:00,1,93,93049,2,2,1,3,Rue Des 2 Communes / Rue Du Bois D'Avron,48.86701,2.50097
202300017328,1,2,2023,2025-12-05 09:00:00,1,93,93057,2,1,1,2,Avenue Aristide Briand,48.91006,2.50831
202300017329,1,2,2023,2025-12-05 18:25:00,1,93,93008,2,9,1,6,Rue Carnot,48.90661,2.45081
202300017330,1,2,2023,2025-12-05 10:55:00,1,93,93008,2,1,1,6,Avenue Paul Vaillant - Couturier,48.90880919,2.45005041
202300017331,1,2,2023,2025-12-05 14:20:00,1,93,93007,2,2,1,3,Avenue Henri Barbusse / Rue Olivier Metra,48.94135,2.46385
202300017332,1,2,2023,2025-12-05 12:36:00,1,93,93007,2,9,1,1,Avenue Pasteur,48.93873565,2.47274412
202300017333,1,2,2023,2025-12-05 07:40:00,1,92,92077,2,1,1,3,St Cloud (Rue De),48.828409,2.190734
202300017334,1,2,2023,2025-12-05 12:30:00,1,92,92050,2,1,1,1,Lenine Vladimir Ilitch Avenue,48.88813798,2.19151765
202300017335,2,2,2023,2025-12-05 23:00:00,5,92,92007,2,3,1,6,Jaures (Avenue Jean) Ndeg 1 Et 2 A 24,48.80006215,2.30139166
202300017336,1,2,2023,2025-12-05 09:17:00,1,91,91340,1,1,9,1,Route De Lisses,48.579833,2.417829
202300017337,30,1,2023,2025-12-05 10:05:00,1,83,83072,2,6,1,6,Boulevard De La Liberation,43.48958,6.353906
202300017338,2,2,2023,2025-12-05 11:50:00,1,45,45293,1,1,1,1,D2060 Pr 39 + 100,47.97018312,2.59768863
202300017339,1,2,2023,2025-12-05 13:45:00,1,83,83148,2,1,1,6,3 Avenue Du President Wilson,43.426888,6.430864
202300017340,31,1,2023,2025-12-05 21:10:00,3,26,26330,1,1,1,2,D1,45.279748,4.927497
202300017341,2,2,2023,2025-12-05 15:33:00,1,48,48128,1,1,1,2,Autoroute A75 - Pk 127+976.05 - Sens Nord / Sud - Direction Millau (12),44.783754,3.292058
202300017342,1,2,2023,2025-12-05 07:20:00,5,38,38113,1,3,1,3,D1075 Route De La Grenoble,44.830058,5.607222
202300017343,31,1,2023,2025-12-05 21:35:00,3,11,11255,1,9,1,1,Rd 6113,43.182047,2.952726
202300017344,26,1,2023,2025-12-05 10:35:00,1,11,11254,1,1,4,6,Route Departementale 119,43.208241,2.182503
202300017345,5,1,2023,2025-12-05 10:45:00,1,34,34245,2,1,7,6,26 Grand Rue,43.421547,2.946836
202300017346,2,2,2023,2025-12-05 07:38:00,2,25,25467,2,3,1,1,Rue De Bon Grain,47.255701,5.930809
202300017347,1,2,2023,2025-12-05 18:20:00,5,31,31561,2,1,1,2,Rd888,43.649771,1.471868
202300017348,1,2,2023,2025-12-05 19:30:00,3,38,38062,1,4,1,3,D1090,45.426532,5.993981
202300017349,1,2,2023,2025-12-05 14:00:00,1,58,58297,2,9,1,3,2 Le Bourg,46.911205,3.419629
202300017350,29,1,2023,2025-12-05 15:29:00,1,90,90034,1,1,1,7,Rue Du Vieux Moulin,47.655827,6.920308
202300017351,1,2,2023,2025-12-05 19:10:00,3,60,60616,1,1,1,4,D915,49.364,1.766782
202300017352,2,2,2023,2025-12-05 12:58:00,1,18,18124,1,8,1,3,Adresse_Inconnue,47.042946,2.033479
202300017353,2,2,2023,2025-12-05 08:00:00,2,18,18057,1,9,1,5,Adresse_Inconnue,46.556913,2.260308
202300017354,30,1,2023,2025-12-05 19:35:00,3,30,30003,1,6,1,7,Adresse_Inconnue,43.56608081,4.12386417
202300017355,1,2,2023,2025-12-05 14:20:00,1,6,6018,1,1,1,6,1022 Route De Valbonne,43.632169,7.087083
202300017356,17,10,2023,2025-12-05 17:30:00,2,972,97224,1,1,7,2,"D13A, Route De Beausejour Jambette, Pr003.150, Sens Fort-De-France",14.652299,-61.04057
202300017357,16,10,2023,2025-12-05 14:50:00,1,91,91100,2,1,1,4,Route D'Etampes,48.430906,2.266413
202300017358,18,10,2023,2025-12-05 00:43:00,3,2B,2B109,1,1,1,1,Rd80,42.718693,9.335294
202300017359,18,10,2023,2025-12-05 12:30:00,1,84,84092,2,1,1,2,40 Avenue Charles De Gaulle,43.957266,4.848783
202300017360,18,10,2023,2025-12-05 11:30:00,1,13,13092,1,1,1,2,D10,43.526709,5.07534
202300017361,18,10,2023,2025-12-05 12:35:00,1,13,13119,2,1,1,2,52 Avenue De Cassis,43.248383,5.549598
202300017362,18,10,2023,2025-12-05 15:45:00,1,52,52269,1,1,1,1,Rue De Saints-Geosmes,47.835762,5.349757
202300017363,17,10,2023,2025-12-05 10:10:00,1,3,3200,2,1,1,6,1 Rue Saint Vincent,46.559283,3.293517
202300017364,17,10,2023,2025-12-05 17:36:00,1,38,38158,2,1,1,6,Rue Mendes France,45.151636,5.746982
202300017365,15,10,2023,2025-12-05 16:00:00,1,7,7268,1,1,1,7,D290,44.319373,4.548828
202300017366,18,10,2023,2025-12-05 07:25:00,3,69,69106,1,1,1,7,Route Des Bois D'Alix,45.925861,4.681093
202300017367,18,10,2023,2025-12-05 10:15:00,1,86,86173,2,1,2,1,Rue Jules Ferry,46.975275,0.047582
202300017368,18,10,2023,2025-12-05 11:30:00,1,14,14341,2,2,2,3,2 Rue Modigliani,49.154704,-0.344099
202300017369,10,10,2023,2025-12-05 12:20:00,1,29,29124,2,1,1,6,Adresse_Inconnue,48.571063,-4.326551
202300017370,18,10,2023,2025-12-05 13:20:00,1,35,35106,1,1,2,7,La Ruisselais,47.84289766,-1.58858389
202300017371,17,10,2023,2025-12-05 07:40:00,2,80,80685,2,2,1,6,Boulevard Des Glycines,49.707223,2.77872
202300017372,16,10,2023,2025-12-05 11:06:00,1,13,13202,2,1,1,4,A55-Sens Martigues Vers Marseille,43.30245,5.3643
202300017373,17,10,2023,2025-12-05 16:00:00,1,83,83137,2,1,1,3,A50,43.12476769,5.90137449
202300017374,17,10,2023,2025-12-05 08:50:00,1,91,91340,1,1,1,2,Rn 104,48.61098,2.43305
202300017375,17,10,2023,2025-12-05 07:53:00,2,91,91161,1,1,1,2,Autoroute A6,48.70847,2.30657
202300017376,16,10,2023,2025-12-05 20:05:00,3,91,91161,1,1,1,5,Autoroute A6,48.72192,2.31151
202300017377,17,10,2023,2025-12-05 17:45:00,1,93,93066,1,1,1,7,Autoroute A1,48.92832946,2.35827677
202300017378,17,10,2023,2025-12-05 09:00:00,1,93,93064,1,1,1,4,Autoroute A86,48.87834,2.47705
202300017379,16,10,2023,2025-12-05 14:20:00,1,93,93078,1,1,1,4,Rd 170,48.97093,2.49969
202300017380,17,10,2023,2025-12-05 08:30:00,1,94,94069,1,1,1,2,A4,48.81748654,2.44035369
202300017381,19,7,2023,2025-12-05 17:40:00,1,73,73008,2,3,1,2,D991 Golf Avenue Du,45.66546,5.90882
202300017382,31,5,2023,2025-12-05 07:50:00,1,73,73008,2,3,1,1,Lepic Boulevard,45.67655,5.90462
202300017383,22,5,2023,2025-12-05 18:45:00,1,74,74024,2,1,1,5,1787 Route De Marignier,46.081972,6.439741
202300017384,14,5,2023,2025-12-05 08:30:00,1,74,74143,1,1,2,6,Rn 205,45.91004277,6.77400738
202300017385,6,6,2023,2025-12-05 22:15:00,5,74,74143,1,9,1,7,Tunnel Des Chavants,45.891905,6.790763
202300017386,5,6,2023,2025-12-05 10:55:00,1,74,74201,1,1,1,2,D1201,46.12012,6.095159
202300017387,23,7,2023,2025-12-05 14:20:00,1,74,74275,2,1,1,2,D909A_,45.816221,6.229036
202300017388,21,7,2023,2025-12-05 16:00:00,1,74,74168,1,3,1,1,La Vy Du Moulin,46.024126,6.014725
202300017389,21,7,2023,2025-12-05 15:45:00,1,74,74154,1,1,1,5,Rd 1005,46.407965,6.697589
202300017390,21,7,2023,2025-12-05 08:30:00,1,74,74032,1,1,1,7,D22,46.250149,6.49689
202300017391,14,7,2023,2025-12-05 16:25:00,1,74,74267,2,1,1,2,1165 Route D'Albertville,45.873006,6.14138
202300017392,3,7,2023,2025-12-05 12:00:00,1,74,74243,1,1,1,6,A40_,46.13410929,6.10478014
202300017393,2,7,2023,2025-12-05 12:10:00,1,74,74104,2,1,1,3,Route Du Pont Monnet_,45.778636,6.222854
202300017394,1,8,2023,2025-12-05 17:05:00,1,74,74065,2,1,8,6,Route De Saint-Julien,46.029193,5.963688
202300017395,26,5,2023,2025-12-05 08:00:00,1,29,29260,1,1,1,5,D67,48.41763561,-4.63761601
202300017396,14,10,2023,2025-12-05 12:20:00,1,974,97411,2,3,1,3,Chaudron (Bld 2 Du),-20.89567,55.49484
202300017397,4,10,2023,2025-12-05 07:25:00,1,973,97302,2,1,1,6,Brasse (Lieutenant),4.93614586,-52.33344913
202300017398,16,10,2023,2025-12-05 08:20:00,1,973,97302,2,1,1,3,Galmot (Avenue),4.93205551,-52.32815444
202300017399,15,10,2023,2025-12-05 21:55:00,5,973,97302,1,1,1,2,Collery (Zone Industrielle),4.90152,-52.32503
202300017400,10,10,2023,2025-12-05 16:30:00,1,973,97302,2,1,1,3,Becker (Lieutenant),4.93858964,-52.32715264
202300017401,16,10,2023,2025-12-05 04:30:00,5,69,69387,2,3,1,6,Avenue Tony Garnier,45.72576,4.84047
202300017402,15,10,2023,2025-12-05 03:05:00,5,972,97213,1,1,1,6,Autoroute A1,14.61822,-61.02675
202300017403,16,10,2023,2025-12-05 14:10:00,1,972,97229,1,9,1,6,Felix Eboue (Impasse),14.61912195,-61.08323026
202300017404,16,10,2023,2025-12-05 09:10:00,1,972,97209,2,1,1,6,Desenclavement (Rue Du),14.62285,-61.05752
202300017405,10,10,2023,2025-12-05 17:08:00,1,69,69034,2,3,1,6,Avenue Jean Monnet,45.78801,4.84334
202300017406,16,10,2023,2025-12-05 12:10:00,1,2B,2B037,1,2,1,3,Rue Des Cypres,42.59438,9.44263
202300017407,15,10,2023,2025-12-05 04:20:00,2,971,97101,1,1,2,1,Jean  Ignace (Rue),16.24087,-61.52034
202300017408,14,10,2023,2025-12-05 10:05:00,1,971,97101,2,1,1,2,Frederic Jalton,16.27297,-61.5051