num_acc,jour,mois,an,hrmn,lum,dep,com,agg,int,atm,col,adr,lat,long
202300017409,13,10,2023,2025-12-05 16:35:00,1,971,97101,1,9,1,6,Palais Royal,16.29193,-61.49518
202300017410,14,10,2023,2025-12-05 11:36:00,1,87,87085,2,1,2,7,Chatenet (Rue Du),45.87494,1.29266
202300017411,16,10,2023,2025-12-05 08:21:00,1,87,87085,2,1,1,6,Gagnant (Avenue Jean),45.83395,1.27212
202300017412,16,10,2023,2025-12-05 12:37:00,1,84,84031,2,2,1,2,Route De Velleron,44.02246,5.03617
202300017413,13,10,2023,2025-12-05 00:05:00,3,83,83118,1,9,1,6,Route Des Golfs,43.44497,6.84556
202300017414,16,10,2023,2025-12-05 21:40:00,3,78,78517,1,1,1,6,Rn 10,48.6398,1.83935
202300017415,11,10,2023,2025-12-05 19:35:00,2,78,78299,2,8,1,6,Barres (Rue Des),49.001201,1.891274
202300017416,16,10,2023,2025-12-05 14:58:00,1,78,78498,2,4,1,3,Maladrerie Av De La,48.916755,2.024167
202300017417,16,10,2023,2025-12-05 18:25:00,5,77,77096,2,1,1,6,D115,48.48671,2.69634
202300017418,16,10,2023,2025-12-05 10:15:00,1,77,77464,2,3,1,3,D105B,48.88301107,2.71487732
202300017419,14,10,2023,2025-12-05 02:25:00,5,76,76351,2,3,1,6,Jules Siegfried,49.49226,0.11026
202300017420,9,10,2023,2025-12-05 18:30:00,1,76,76351,2,1,1,6,Jules Lecesne (Rue),49.4928,0.12329
202300017421,6,10,2023,2025-12-05 21:20:00,5,76,76351,2,2,1,3,Aristide Briand,49.50088,0.14443
202300017422,6,10,2023,2025-12-05 19:30:00,5,76,76351,2,1,1,6,Mont Gaillard (Avenue Du),49.52509,0.11461
202300017423,16,10,2023,2025-12-05 14:50:00,1,74,74010,2,1,8,5,Rocade (Boulevard De La),45.90999,6.1184
202300017424,16,10,2023,2025-12-05 19:05:00,5,73,73008,2,1,1,4,D1201 - Roosevelt Franklin Avenue,45.70607,5.91096
202300017425,15,10,2023,2025-12-05 19:55:00,2,72,72181,2,1,1,6,Maillets (Rue Des) Ndeg Pairs 14 Et >,48.01719,0.21772
202300017426,15,10,2023,2025-12-05 13:50:00,1,72,72181,2,9,1,3,Durand Georges (Av) Ndeg Pairs 112 Au 164,47.9773,0.2138
202300017427,16,10,2023,2025-12-05 14:55:00,1,71,71118,1,6,1,3,Givry (Route),46.78054,4.79708
202300017428,16,10,2023,2025-12-05 15:45:00,1,69,69256,2,2,1,6,Avenue Salvador Allende,45.78071,4.92348
202300017429,16,10,2023,2025-12-05 13:35:00,1,64,64445,2,3,1,3,Europe De L',43.32912,-0.35256
202300017430,16,10,2023,2025-12-05 07:25:00,2,64,64445,2,1,8,3,Hauterive,43.32375,-0.35153
202300017431,10,10,2023,2025-12-05 20:01:00,5,64,64024,2,9,1,1,Guynemer (Avenue),43.4991,-1.53962
202300017432,16,10,2023,2025-12-05 12:12:00,1,63,63113,2,3,1,3,Cugnot (Rue Nicolas-Joseph),45.78442,3.12356
202300017433,16,10,2023,2025-12-05 10:15:00,1,63,63113,2,4,1,2,Chandiots (Rue Des),45.78849,3.11815
202300017434,14,10,2023,2025-12-05 01:00:00,5,62,62178,2,1,1,6,Rue Des Freres Lumiere,50.49570453,2.58207661
202300017435,15,10,2023,2025-12-05 16:20:00,1,62,62178,2,3,1,3,Rue Emile Basly,50.48961578,2.52843118
202300017436,7,10,2023,2025-12-05 16:40:00,1,62,62643,2,2,1,3,D236,50.70668358,1.58089194
202300017437,16,10,2023,2025-12-05 22:30:00,5,59,59155,2,1,1,6,Bergues Cd 916 - Route,51.00519,2.38231
202300017438,15,10,2023,2025-12-05 11:30:00,1,59,59178,2,1,1,6,Bailliencourt (Rue De),50.38427,3.08196
202300017439,13,10,2023,2025-12-05 18:40:00,2,59,59375,1,1,1,1,Cd 957,50.39679417,3.28352273
202300017440,13,10,2023,2025-12-05 09:10:00,1,52,52448,2,1,7,6,Raoul Laurent ( Rue ),48.64444,4.96342
202300017441,14,10,2023,2025-12-05 12:08:00,1,51,51454,2,1,1,6,Bir Hakeim (Rue),49.25558,4.02218
202300017442,16,10,2023,2025-12-05 17:30:00,1,51,51506,2,1,1,6,Moulin A Vent (Rue Du),48.95929736,4.38692453
202300017443,16,10,2023,2025-12-05 15:25:00,1,49,49007,2,1,1,6,Gardot,47.46853,-0.53283
202300017444,16,10,2023,2025-12-05 13:45:00,1,49,49007,2,1,1,3,Saint Michel Boulevard,47.47368,-0.54007
202300017445,14,10,2023,2025-12-05 00:25:00,3,47,47323,1,1,1,6,Las Parets,44.40247,0.77477
202300017446,16,10,2023,2025-12-05 21:00:00,5,46,46042,2,1,1,6,Clemenceau (Rue Georges),44.4459,1.4432
202300017447,16,10,2023,2025-12-05 12:41:00,1,45,45286,1,2,1,3,Rue De La Cornaillere,47.87039908,1.93230513
202300017448,6,10,2023,2025-12-05 08:50:00,1,45,45234,2,2,1,3,62 Rue Xaintrailles,47.90675,1.89281
202300017449,16,10,2023,2025-12-05 15:25:00,1,43,43251,2,9,1,3,Avenue Jeanne D'Arc,45.02615172,3.88042688
202300017450,15,10,2023,2025-12-05 20:11:00,5,43,43046,2,1,1,2,Boulevard De La Petite-Mer,45.06472,3.90695
202300017451,16,10,2023,2025-12-05 08:10:00,1,35,35238,1,1,1,2,Rn136,48.12801,-1.71258
202300017452,16,10,2023,2025-12-05 12:45:00,1,31,31149,2,9,1,3,Rd Pt Terre Envol,43.594825,1.325494
202300017453,15,10,2023,2025-12-05 14:45:00,1,31,31555,2,1,1,2,Rte De Narbonne,43.5702,1.45516
202300017454,15,10,2023,2025-12-05 11:25:00,1,31,31555,2,1,1,6,Rue Pierre Cazeneuve,43.62177,1.445708
202300017455,16,10,2023,2025-12-05 09:45:00,1,29,29232,2,1,1,2,Boulevard Louis Le Guennec,47.98013937,-4.1036957
202300017456,16,10,2023,2025-12-05 16:15:00,1,28,28404,2,1,7,6,Bruxelles (Rue De),48.71729,1.36938
202300017457,15,10,2023,2025-12-05 21:00:00,5,27,27229,2,1,1,1,Semard (Rue Pierre),49.01623,1.16359
202300017458,16,10,2023,2025-12-05 09:55:00,1,25,25204,2,3,1,2,Grande Rue,46.92749,6.34712
202300017459,13,10,2023,2025-12-05 17:05:00,1,19,19031,2,1,1,3,Avenue Jean Charles Rivet,45.15085,1.49927
202300017460,13,10,2023,2025-12-05 16:00:00,1,19,19031,2,1,1,6,Rivet (Avenue Jean Charles),45.15200662,1.5034318
202300017461,16,10,2023,2025-12-05 09:48:00,1,13,13071,2,9,1,6,Total (Rn 113 - Le Tunnel),43.41,5.311
202300017462,2,9,2023,2025-12-05 18:05:00,1,13,13077,2,6,1,6,Bouc Antoine (Rue),43.40691,4.98612
202300017463,16,10,2023,2025-12-05 18:30:00,2,13,13213,2,3,1,5,Poilus (Avenue Des),43.32055,5.45832
202300017464,16,10,2023,2025-12-05 15:30:00,1,13,13206,2,6,1,6,Baille (Boulevard),43.28612,5.3843
202300017465,16,10,2023,2025-12-05 07:00:00,2,13,13212,2,1,1,3,William Booth (Avenue),43.29429889,5.44195952
202300017466,15,10,2023,2025-12-05 18:30:00,1,13,13204,2,2,1,3,Francoise Duparc (Boulevard),43.30101,5.40066
202300017467,16,10,2023,2025-12-05 12:13:00,1,12,12145,2,3,1,3,Gabriac Jean (Boulevard),44.09146,3.06842
202300017468,16,10,2023,2025-12-05 19:53:00,5,75,75115,2,1,1,3,Boulevard De Vaugirard,48.841494,2.318708
202300017469,15,10,2023,2025-12-05 03:00:00,5,75,75112,2,1,1,6,Avenue Du General Michel Bizot,48.833142,2.398791
202300017470,16,10,2023,2025-12-05 10:00:00,1,75,75111,2,2,1,6,Rue Oberkampf,48.862652,2.367308
202300017471,16,10,2023,2025-12-05 10:20:00,1,75,75111,2,3,1,3,Avenue De La Republique,48.864186,2.380239
202300017472,16,10,2023,2025-12-05 14:10:00,1,75,75108,2,1,1,6,Rue D Artois,48.873975,2.306059
202300017473,16,10,2023,2025-12-05 12:55:00,1,75,75115,2,2,1,6,Quai Branly,48.854577,2.288849
202300017474,16,10,2023,2025-12-05 08:39:00,1,75,75107,2,3,8,3,Quai D Orsay,48.86287145,2.31519163
202300017475,16,10,2023,2025-12-05 17:05:00,1,75,75103,2,1,1,6,Boulevard Saint Martin,48.868648,2.357676
202300017476,16,10,2023,2025-12-05 17:35:00,1,94,94078,2,1,1,3,208 Rue De Paris,48.740416,2.446647
202300017477,15,10,2023,2025-12-05 15:30:00,1,94,94015,2,3,1,3,Avenue Du General Leclerc,48.829341,2.517798
202300017478,16,10,2023,2025-12-05 14:25:00,1,94,94046,2,1,1,3,Rue Jean Jaures,48.795758,2.433709
202300017479,16,10,2023,2025-12-05 20:45:00,5,94,94016,2,7,1,6,Rue Guichard,48.79412,2.3368
202300017480,16,10,2023,2025-12-05 08:30:00,1,94,94041,2,1,1,3,14 Rue De Chateaudun,48.815744,2.366512
202300017481,9,10,2023,2025-12-05 19:00:00,2,94,94073,2,1,1,2,Rue Du Docteur Marie,48.7462,2.37175
202300017482,14,10,2023,2025-12-05 23:35:00,5,94,94011,2,6,1,3,Route De Stains,48.77928,2.4923
202300017483,16,10,2023,2025-12-05 17:30:00,1,94,94069,2,1,1,3,Rue Du Marechal Leclerc,48.81714,2.45367
202300017484,16,10,2023,2025-12-05 12:40:00,1,93,93073,2,2,1,6,Avenue Henri Barbusse / Rue Hector Berlioz,48.95911,2.57247
202300017485,16,10,2023,2025-12-05 21:00:00,5,93,93066,2,9,1,6,Rue De La Legion D'Honneur,48.93137212,2.35686443
202300017486,16,10,2023,2025-12-05 11:55:00,1,93,93062,2,1,1,2,Avenue De La Resistance,48.896983,2.515345
202300017487,15,10,2023,2025-12-05 16:30:00,1,93,93063,2,3,1,3,Avenue Gaston Roussel / Rue Louise Dory,48.89388,2.43452
202300017488,16,10,2023,2025-12-05 16:20:00,1,93,93029,2,2,1,3,Avenue Henri Barbusse / Rue Roger Gibrat,48.91945,2.45052
202300017489,16,10,2023,2025-12-05 05:00:00,5,93,93013,2,2,1,3,Rue Edouard Vaillant / Rue Jean Moulin,48.93584,2.435233
202300017490,15,10,2023,2025-12-05 06:40:00,2,93,93047,2,3,1,3,Boulevard Bargue / Avenue De Clichy-Sous-Bois,48.90303,2.56226
202300017491,16,10,2023,2025-12-05 19:47:00,2,93,93001,2,2,1,6,Avenue De La Republique / Rue Guyard Delalain,48.91126,2.384676
202300017492,1,9,2023,2025-12-05 23:10:00,5,92,92078,2,9,1,3,Longue Bertrane (Rue),48.93070162,2.3208189
202300017493,16,10,2023,2025-12-05 16:45:00,1,92,92073,2,3,1,6,Gauchere (Rue De La),48.87220323,2.22412097
202300017494,16,10,2023,2025-12-05 10:10:00,1,92,92024,2,1,8,6,Casteres (Rue),48.89948046,2.3028717
202300017495,16,10,2023,2025-12-05 16:49:00,2,92,92012,2,1,1,1,Billancourt (Rue De) 1/61 - 2/104,48.83862851,2.2361598
202300017496,16,10,2023,2025-12-05 16:35:00,1,92,92012,2,1,1,6,Jean Jaures (Boulevard) 63/215 - 70/208,48.83837571,2.240834
202300017497,16,10,2023,2025-12-05 10:00:00,1,92,92012,2,1,1,6,Aguesseau (Rue D') 91/Fin - 84/Fin,48.83707824,2.23787892
202300017498,15,10,2023,2025-12-05 11:53:00,1,92,92009,2,6,1,3,Chevreul ( Avenue ),48.90741111,2.26576692
202300017499,16,10,2023,2025-12-05 18:20:00,1,35,35175,2,1,1,6,10 Rue Anne De Bretagne,47.896621,-1.972971
202300017500,17,10,2023,2025-12-05 01:15:00,3,50,50167,1,1,1,6,Route D?Avranches,48.686289,-1.466849
202300017501,14,9,2023,2025-12-05 16:30:00,1,12,12300,2,1,1,6,Route De Montauban,44.360525,1.996186
202300017502,5,7,2023,2025-12-05 14:05:00,1,972,97232,2,2,1,4,Rue Jean Jaures,14.544467,-60.840869
202300017503,17,10,2023,2025-12-05 12:30:00,1,22,22180,1,1,1,1,Rn 176 - Pr : 23+300,48.425214,-2.198489
202300017504,17,10,2023,2025-12-05 15:30:00,1,30,30209,1,1,1,7,D177 - Pk +1.8,44.008003,4.741936
202300017505,16,10,2023,2025-12-05 19:15:00,3,62,62885,1,4,1,3,Rue A L'Eau,50.54302,2.349347
202300017506,15,10,2023,2025-12-05 01:00:00,3,77,77406,2,1,1,6,D222,48.842744,3.193904
202300017507,16,10,2023,2025-12-05 01:36:00,3,61,61349,1,1,1,6,A88,48.785459,-0.125029
202300017508,17,10,2023,2025-12-05 10:45:00,1,83,83067,1,1,8,6,D97,43.339748,6.296019
202300017509,16,10,2023,2025-12-05 23:21:00,3,62,62599,1,2,1,3,N42,50.73607602,1.8752895
202300017510,17,10,2023,2025-12-05 03:50:00,3,56,56101,1,1,1,7,Adresse_Inconnue,47.835211,-3.168783
202300017511,14,10,2023,2025-12-05 21:25:00,5,82,82013,2,1,1,2,Avenue De Gascogne,43.879204,0.982043
202300017512,16,10,2023,2025-12-05 21:15:00,3,33,33424,1,1,1,6,D1215,45.14026603,-0.8178808
202300017513,16,10,2023,2025-12-05 19:30:00,3,11,11106,2,2,1,1,89 Avenue Jean Jaures,43.234303,3.064027
202300017514,16,10,2023,2025-12-05 17:00:00,1,71,71428,1,2,1,5,D83,46.195948,4.298261
202300017515,16,10,2023,2025-12-05 14:21:00,1,61,61476,1,1,1,6,D955,48.350388,0.397331
202300017516,16,10,2023,2025-12-05 05:05:00,3,61,61370,1,1,1,6,D826 Pr5+110,48.554995,-0.636241
202300017517,16,10,2023,2025-12-05 17:00:00,1,47,47186,1,1,1,7,"D436, Pr 2+960",44.23321304,0.44945098
202300017518,16,10,2023,2025-12-05 18:20:00,1,68,68138,2,1,1,7,Rue De Bettendorf,47.58631,7.256995
202300017519,16,10,2023,2025-12-05 13:45:00,1,25,25405,1,1,1,3,D437,46.827396,6.334895
202300017520,16,10,2023,2025-12-05 18:00:00,1,3,3031,1,1,1,6,Bornais,46.415257,2.718515
202300017521,17,10,2023,2025-12-05 10:50:00,1,26,26113,1,3,1,3,Rd543,44.767943,5.350986
202300017522,20,4,2023,2025-12-05 19:40:00,1,13,13106,1,1,1,2,A7-Sens Lyon Vers Marseille,43.39238545,5.35127638
202300017523,17,10,2023,2025-12-05 07:40:00,2,72,72042,1,9,1,3,La Cave,47.981383,0.561773
202300017524,20,4,2023,2025-12-05 09:15:00,1,69,69199,1,1,1,4,Autoroute 7,45.69126,4.84534
202300017525,17,10,2023,2025-12-05 18:00:00,1,6,6079,2,9,1,3,873 Avenue De Cannes,43.547356,6.939781
202300017526,24,4,2023,2025-12-05 09:15:00,1,69,69290,1,1,1,2,Autoroute 43,45.69671,4.97894
202300017527,18,3,2023,2025-12-05 03:00:00,3,42,42207,1,1,1,7,A47,45.48695358,4.50418049
202300017528,14,10,2023,2025-12-05 16:30:00,1,64,64504,2,1,1,7,Quartier Lehenbiscay,43.30325,-1.586435
202300017529,17,10,2023,2025-12-05 07:40:00,2,73,73162,1,3,5,6,D1090,45.611752,6.291122
202300017530,25,4,2023,2025-12-05 16:35:00,1,33,33122,1,1,1,4,Autoroute A 63,44.74455,-0.70406
202300017531,17,10,2023,2025-12-05 14:36:00,1,10,10373,1,1,1,1,N77,48.209853,4.007027
202300017532,22,4,2023,2025-12-05 01:19:00,3,59,59462,1,1,1,2,Autoroute A1,50.50512061,3.01817179
202300017533,16,10,2023,2025-12-05 16:25:00,1,27,27137,1,1,1,2,D926,48.749467,0.777772
202300017534,25,4,2023,2025-12-05 17:00:00,1,78,78455,1,1,1,3,A13,48.860713,2.047205
202300017535,24,4,2023,2025-12-05 01:20:00,5,92,92050,1,1,1,2,A86,48.90206507,2.20316291
202300017536,25,4,2023,2025-12-05 19:00:00,1,93,93008,1,1,1,7,Autoroute A86,48.91139887,2.44020849
202300017537,25,4,2023,2025-12-05 14:40:00,1,95,95042,1,1,1,6,N104,49.06084,2.309894
202300017538,16,10,2023,2025-12-05 17:50:00,1,987,98734,2,1,1,1,Pk 35.500 En Face De Pizza Papy,-17.712,-149.508
202300017539,25,4,2023,2025-12-05 07:55:00,1,93,93066,1,1,1,5,Autoroute A1,48.92253435,2.35702102
202300017540,16,10,2023,2025-12-05 11:31:00,1,19,19085,1,1,1,2,A89 - Pk 222+500,45.30726464,1.83190731
202300017541,25,4,2023,2025-12-05 07:05:00,1,93,93066,1,1,1,2,Autoroute A1,48.91977,2.35723243
202300017542,17,10,2023,2025-12-05 07:50:00,1,26,26057,1,1,1,2,A 49 - Pk : 059.500 / Sens Grenoble Vers Valence,45.022208,5.050545
202300017543,14,10,2023,2025-12-05 18:10:00,1,78,78043,1,1,1,1,Route De Fontenay,48.830374,2.069249
202300017544,24,4,2023,2025-12-05 18:40:00,1,93,93005,1,1,1,5,Autoroute A3,48.95700911,2.47337222
202300017545,17,10,2023,2025-12-05 08:55:00,1,77,77508,2,1,1,6,Boulevard De L'Ouest,48.814771,2.826372
202300017546,24,4,2023,2025-12-05 10:40:00,1,93,93001,1,1,1,2,Autoroute A86,48.92164654,2.36690506
202300017547,17,10,2023,2025-12-05 10:00:00,1,67,67223,1,1,1,2,A35 Pk 411.200 Sens Strasbourg Vers Colmar,48.50166,7.569081
202300017548,24,4,2023,2025-12-05 21:00:00,3,94,94042,1,1,2,7,A4,48.82846891,2.47633616
202300017549,24,4,2023,2025-12-05 07:50:00,1,976,97611,2,1,1,6,Kaweni-Sppm ( Rue De La ),-12.770496,45.2211162
202300017550,24,4,2023,2025-12-05 14:15:00,1,94,94043,2,1,1,6,Avenue De Fontainebleau,48.81251,2.36168
202300017551,15,10,2023,2025-12-05 12:50:00,1,987,98725,2,6,1,3,"Pk 9 - Rt2 - Rond Point Du Tahara, Sens Mahina-Arue",-17.558,-149.476
202300017552,24,4,2023,2025-12-05 20:55:00,3,974,97411,2,1,2,7,Rn2/043,-20.8879369,55.50037622
202300017553,16,10,2023,2025-12-05 15:40:00,1,987,98719,2,1,1,3,Village De Rikitea,-22.334,-135.802
202300017554,24,4,2023,2025-12-05 08:00:00,1,974,97411,2,6,1,3,Abattoir (Rue De L'),-20.8765,55.44236
202300017555,16,10,2023,2025-12-05 08:52:00,1,77,77107,1,1,1,1,Route Nationale 36,48.667654,2.811255
202300017556,24,4,2023,2025-12-05 17:20:00,1,973,97302,2,3,2,3,Aron (Andre),4.94274,-52.31969
202300017557,24,4,2023,2025-12-05 14:25:00,1,973,97302,1,1,2,2,Route Nationale 1,4.89963,-52.32635
202300017558,15,10,2023,2025-12-05 21:15:00,3,77,77354,1,3,1,3,D605,48.469105,2.858521
202300017559,24,4,2023,2025-12-05 12:50:00,1,973,97302,2,2,2,3,Felix Eboue(Rocade),4.92962,-52.31509
202300017560,17,10,2023,2025-12-05 08:10:00,1,91,91338,1,2,1,3,D988 Rue De Chartres,48.637726,2.061862
202300017561,24,4,2023,2025-12-05 09:30:00,1,973,97302,2,2,1,6,Voltaire(Avenue),4.94236,-52.3224
202300017562,16,10,2023,2025-12-05 17:45:00,1,11,11426,1,1,1,7,D 620,43.286332,2.439597
202300017563,24,4,2023,2025-12-05 20:10:00,2,69,69387,2,2,1,6,Avenue Berthelot,45.74743,4.83494
202300017564,24,4,2023,2025-12-05 15:50:00,1,69,69386,2,3,1,3,Avenue Thiers,45.76628,4.86204
202300017565,24,4,2023,2025-12-05 08:00:00,1,69,69387,2,3,1,6,Rue Paul Duvivier,45.74064,4.84859
202300017566,16,10,2023,2025-12-05 17:45:00,1,13,13027,1,1,8,1,D571,43.905205,4.814887
202300017567,23,4,2023,2025-12-05 21:00:00,5,972,97209,1,1,1,7,Paradisiers (Avenue Des),14.62294,-61.03688
202300017568,24,4,2023,2025-12-05 07:15:00,1,971,97120,2,1,1,6,Hanne (Boulevard),16.24087,-61.53486
202300017569,22,4,2023,2025-12-05 22:20:00,5,971,97120,1,1,1,7,Chemin Neuf,16.23036,-61.53129
202300017570,24,4,2023,2025-12-05 15:40:00,1,91,91421,2,1,1,1,Docteur Besson (Rue Du),48.69958,2.45453
202300017571,24,4,2023,2025-12-05 22:40:00,5,91,91687,2,3,2,6,Nationale 445 (Route),48.6594,2.37278
202300017572,24,4,2023,2025-12-05 12:55:00,1,91,91479,2,3,1,3,Av Alexandre Dumas,48.71137,2.35907
202300017573,24,4,2023,2025-12-05 09:37:00,1,91,91479,2,3,1,3,Rue Maximil Robespierre,48.70722,2.36163
202300017574,23,4,2023,2025-12-05 16:50:00,1,87,87085,2,1,1,6,Locarno (Avenue),45.83668,1.27051
202300017575,24,4,2023,2025-12-05 08:00:00,1,83,83137,2,1,1,6,Joffre (Bd Marechal),43.12387,5.95373
202300017576,23,4,2023,2025-12-05 13:50:00,1,76,76351,2,4,2,3,Winston Churchill,49.49272799,0.13210952
202300017577,24,4,2023,2025-12-05 20:33:00,1,69,69290,2,3,1,6,Rue Aristide Briand,45.69049,4.9367
202300017578,23,4,2023,2025-12-05 10:40:00,1,67,67482,2,3,1,3,Fosse Des Orphelins (Rue Du),48.579102,7.755484
202300017579,24,4,2023,2025-12-05 08:27:00,1,64,64445,2,3,1,3,Paix,43.32155,-0.36143
202300017580,24,4,2023,2025-12-05 07:45:00,1,64,64445,2,2,1,3,Beziou,43.30740067,-0.38017094
202300017581,23,4,2023,2025-12-05 18:54:00,1,64,64102,2,2,1,2,Bernede (Rue),43.49335,-1.4757
202300017582,21,4,2023,2025-12-05 17:55:00,1,63,63113,2,2,1,3,Margeride/ Rue Roger Maerte,45.75997,3.1223
202300017583,21,4,2023,2025-12-05 14:24:00,1,63,63113,2,1,1,4,Clementel (Bd Etienne),45.81412,3.10993
202300017584,24,4,2023,2025-12-05 19:00:00,1,59,59271,2,2,1,6,Moulin,51.02328382,2.30408067
202300017585,20,4,2023,2025-12-05 19:50:00,1,58,58194,2,3,1,1,Saint Benin,46.98689,3.14422
202300017586,20,4,2023,2025-12-05 18:04:00,1,58,58194,1,1,1,6,Marechal Juin,47.0045,3.15379
202300017587,22,4,2023,2025-12-05 04:30:00,3,56,56121,2,1,2,7,Cosmao-Dumanoir ( Bd ),47.75369,-3.36943
202300017588,24,3,2023,2025-12-05 12:55:00,1,51,51454,2,1,3,7,Rue Du Bois D'Amour,49.2568,4.00818
202300017589,21,4,2023,2025-12-05 19:30:00,1,49,49099,2,6,1,2,Leclerc (Avenue Du Marechal),47.06657,-0.85896
202300017590,20,4,2023,2025-12-05 23:04:00,4,49,49007,2,1,1,2,Rd 323,47.47633,-0.55441
202300017591,24,4,2023,2025-12-05 18:00:00,1,44,44109,2,1,1,3,14 Rue De La Basse Chenaie,47.2374,-1.5077
202300017592,21,4,2023,2025-12-05 03:55:00,3,44,44055,1,1,1,2,Route Bleue,47.30246,-2.36979
202300017593,24,4,2023,2025-12-05 10:36:00,1,38,38421,2,3,8,3,Rue Georges Sadoul,45.18615,5.76942
202300017594,24,4,2023,2025-12-05 14:20:00,1,37,37261,2,1,1,7,Pascal (Rue Blaise),47.38818339,0.693115
202300017595,24,4,2023,2025-12-05 14:00:00,1,29,29232,1,6,1,7,Rond-Point De Kerustum,47.979525,-4.095134
202300017596,20,4,2023,2025-12-05 08:30:00,2,22,22113,1,1,1,3,Rospez (Route De),48.73216,-3.41315
202300017597,23,4,2023,2025-12-05 05:35:00,5,19,19031,2,1,1,6,Brune (Boulevard),45.15298,1.53493
202300017598,22,4,2023,2025-12-05 09:37:00,1,19,19031,2,1,1,6,Boudy (Rue Noel)  Jusqu'A Ndeg  73 - 66,45.15734,1.51557
202300017599,24,4,2023,2025-12-05 23:00:00,5,13,13207,2,1,1,1,Colonel Serot (Avenue),43.26768,5.37195
202300017600,24,4,2023,2025-12-05 18:40:00,1,13,13210,2,1,1,3,Comtesse Lily Pastre (Avenue),43.2833231,5.42407646
202300017601,24,4,2023,2025-12-05 14:30:00,1,6,6069,2,1,1,2,Orme (Chemin De L'),43.65154,6.94452
202300017602,23,4,2023,2025-12-05 21:00:00,5,6,6027,2,1,2,5,Nice Avenue De (Rn7),43.659,7.163
202300017603,24,4,2023,2025-12-05 01:30:00,5,6,6155,2,1,1,7,Liberte Av.De La,43.572246,7.084288
202300017604,20,4,2023,2025-12-05 16:55:00,1,4,4070,2,4,1,2,Front De Bleone (Av.),44.10271,6.22939
202300017605,23,4,2023,2025-12-05 06:40:00,2,75,75115,2,1,1,2,Bd Peripherique Exterieur,48.826659,2.29572
202300017606,24,4,2023,2025-12-05 02:10:00,5,75,75106,2,2,1,6,Boulevard Saint Germain,48.852901,2.336994
202300017607,24,4,2023,2025-12-05 21:00:00,5,75,75120,2,2,2,3,Rue D Avron,48.852688,2.406117
202300017608,24,4,2023,2025-12-05 14:35:00,1,75,75120,2,3,1,3,Avenue Ibsen,48.866449,2.41263
202300017609,24,4,2023,2025-12-05 14:15:00,1,75,75119,2,3,1,7,Place Du Colonel Fabien,48.87803,2.37068
202300017610,24,4,2023,2025-12-05 14:40:00,1,75,75116,2,1,1,3,Avenue Raymond Poincare,48.868379,2.285663
202300017611,24,4,2023,2025-12-05 09:20:00,1,75,75115,2,2,1,2,Rue Viala,48.850698,2.292342
202300017612,23,4,2023,2025-12-05 15:10:00,1,75,75115,2,1,8,6,Rue Lecourbe,48.842768,2.30303501
202300017613,24,4,2023,2025-12-05 14:50:00,1,75,75111,2,2,8,3,Boulevard Richard Lenoir,48.861909,2.372143
202300017614,24,4,2023,2025-12-05 18:05:00,1,75,75110,2,2,1,3,Rue Du Faubourg Poissonniere,48.875792,2.348264
202300017615,24,4,2023,2025-12-05 09:20:00,1,75,75110,2,1,8,6,Rue Juliette Dodu,48.874638,2.369681
202300017616,24,4,2023,2025-12-05 09:55:00,1,75,75108,2,3,1,2,Avenue Des Champs Elysees,48.871387,2.302568
202300017617,24,4,2023,2025-12-05 10:05:00,1,94,94074,2,3,8,2,Avenue Henri Barbusse / Rue De La Ferme De La Tour,48.77018,2.4405
202300017618,23,4,2023,2025-12-05 22:10:00,5,94,94068,2,2,2,3,Avenue Du General Leclerc,48.8076164,2.50586128
202300017619,24,4,2023,2025-12-05 14:30:00,1,94,94076,2,1,1,3,Boulevard Maxime Gorki,48.79314,2.36926
202300017620,24,4,2023,2025-12-05 09:40:00,1,93,93074,1,6,1,2,Route Strategique / Av Du Marechal De Lattre De Tassigny,48.92445649,2.57007712
202300017621,19,4,2023,2025-12-05 21:00:00,5,92,92073,2,1,1,6,Roosvelt (Avenue Franklin),48.87333236,2.22146308
202300017622,23,4,2023,2025-12-05 22:10:00,5,92,92033,2,6,2,6,Henri Bergson,48.8413586,2.1794799
202300017623,24,4,2023,2025-12-05 11:13:00,1,92,92051,2,1,1,6,Chateau (Boulevard Du),48.889736,2.268159
202300017624,24,4,2023,2025-12-05 02:23:00,5,92,92050,2,2,1,3,Stalingrad Rue De,48.89418,2.19585
202300017625,24,4,2023,2025-12-05 18:30:00,1,92,92023,2,9,2,3,Provence (Rue De),48.78748482,2.24882975
202300017626,24,4,2023,2025-12-05 17:20:00,1,92,92002,2,6,2,3,Lewisham (Place De),48.75002,2.30875
202300017627,20,4,2023,2025-12-05 10:00:00,1,974,97415,2,1,1,7,Rue Leconte De Lisle,-20.983514,55.334106
202300017628,22,4,2023,2025-12-05 14:20:00,1,67,67372,2,9,1,3,Rue De Strasbourg,48.842153,7.613279
202300017629,23,4,2023,2025-12-05 10:30:00,1,71,71320,1,1,1,6,D980,46.629787,4.464977
202300017630,24,4,2023,2025-12-05 12:58:00,1,84,84043,2,1,1,2,512 Avenue Jean Jaures,44.001982,4.923372
202300017631,25,4,2023,2025-12-05 09:40:00,1,22,22048,1,1,8,1,D794,48.468504,-2.128848