num_acc,jour,mois,an,hrmn,lum,dep,com,agg,int,atm,col,adr,lat,long
202300017632,24,4,2023,2025-12-05 21:56:00,3,60,60398,1,1,2,3,Rd 4,49.162737,2.280543
202300017633,25,4,2023,2025-12-05 19:00:00,1,76,76320,1,4,1,6,La Barronnerie,49.92000115,1.48854822
202300017634,15,4,2023,2025-12-05 14:35:00,1,83,83148,2,3,1,6,Avenue Charles Pellegrin,43.425978,6.430639
202300017635,24,4,2023,2025-12-05 15:45:00,1,22,22341,1,1,1,6,Rn 12 Pr 024+600,48.40362,-2.41264
202300017636,25,4,2023,2025-12-05 12:30:00,1,76,76571,1,2,1,3,D98,49.57059695,1.31692842
202300017637,25,4,2023,2025-12-05 07:15:00,2,79,79179,1,1,5,1,Adresse_Inconnue,46.689538,-0.619687
202300017638,24,4,2023,2025-12-05 19:03:00,1,12,12195,1,4,1,1,Rd32,43.870292,2.756833
202300017639,8,4,2023,2025-12-05 09:30:00,1,12,12208,2,1,1,6,Route De Lapeyre,43.947759,2.896829
202300017640,24,4,2023,2025-12-05 18:50:00,1,39,39191,1,1,1,6,Tramelans,46.814471,5.593168
202300017641,24,4,2023,2025-12-05 23:15:00,3,29,29069,1,1,1,6,Route De Kervaly,48.410075,-4.545014
202300017642,23,4,2023,2025-12-05 16:20:00,1,38,38261,2,2,2,3,Route Du Bourg,45.684286,5.462753
202300017643,21,4,2023,2025-12-05 15:45:00,1,72,72156,1,9,1,3,Route Departementale 1,48.103706,0.71763
202300017644,24,4,2023,2025-12-05 15:00:00,1,6,6074,1,1,1,7,M2565,43.961623,7.303097
202300017645,24,4,2023,2025-12-05 09:53:00,1,50,50181,1,1,1,6,Le Bosq,49.163291,-1.318643
202300017646,24,4,2023,2025-12-05 11:54:00,1,53,53128,2,6,1,3,D11,47.941857,-1.084439
202300017647,24,4,2023,2025-12-05 17:11:00,1,4,4209,2,1,1,6,Avenue De La Liberation,44.191489,5.945081
202300017648,24,4,2023,2025-12-05 17:10:00,1,28,28164,1,1,1,1,N 154,48.23525297,1.78695917
202300017649,24,4,2023,2025-12-05 13:30:00,1,973,97307,2,3,2,3,Rue Du Polygone,4.89502,-52.330713
202300017650,24,4,2023,2025-12-05 18:45:00,1,66,66012,2,1,1,3,Adresse_Inconnue,42.703635,2.822295
202300017651,25,4,2023,2025-12-05 09:06:00,1,69,69019,2,3,1,2,Avenue De Verdun,46.10109,4.734035
202300017652,24,4,2023,2025-12-05 08:20:00,1,45,45317,1,1,1,2,A10 Pr 126 + 9,47.764322,1.561925
202300017653,24,4,2023,2025-12-05 19:14:00,3,973,97305,1,1,1,1,Route Nationale 1,4.939841,-52.411308
202300017654,24,4,2023,2025-12-05 14:40:00,1,13,13040,2,1,1,3,Le Clos Des Chenes,43.446906,5.556046
202300017655,23,4,2023,2025-12-05 12:40:00,1,41,41220,1,1,1,1,D925,47.743407,1.642778
202300017656,25,4,2023,2025-12-05 20:15:00,2,2B,2B134,2,1,6,6,Port De Commerce,42.642834,8.93631
202300017657,25,4,2023,2025-12-05 08:45:00,1,34,34058,1,1,1,3,M610,43.667435,3.987001
202300017658,25,4,2023,2025-12-05 17:00:00,1,42,42299,1,1,1,1,Rue De Feurs,45.621932,4.078267
202300017659,24,4,2023,2025-12-05 17:40:00,1,31,31304,1,1,1,6,D826,43.581044,1.795149
202300017660,25,4,2023,2025-12-05 09:28:00,1,40,40202,2,6,3,3,Rue Alphonse Daudet,43.701932,-1.019497
202300017661,24,4,2023,2025-12-05 18:30:00,1,22,22093,2,1,2,6,714 Rue De L'Etang,48.506569,-2.606211
202300017662,24,4,2023,2025-12-05 22:30:00,3,76,76563,1,1,1,6,Route D'Oudalle,49.516144,0.327664
202300017663,24,4,2023,2025-12-05 01:20:00,4,91,91661,1,1,1,6,Autoroute A10,48.703369,2.248799
202300017664,24,4,2023,2025-12-05 01:20:00,3,95,95572,1,1,1,2,N184,49.03319521,2.10962176
202300017665,22,4,2023,2025-12-05 19:10:00,1,72,72095,2,1,1,6,Europe (Pl De L'),48.0227,0.20793
202300017666,21,4,2023,2025-12-05 14:35:00,1,976,97611,2,9,1,6,M'Tsapere-Nationale 2 (Route),-12.80266,45.21383
202300017667,21,4,2023,2025-12-05 03:56:00,3,49,49007,1,1,1,1,Atlantique  Avenue De L',47.46484,-0.57586
202300017668,21,4,2023,2025-12-05 15:50:00,1,27,27229,2,1,1,6,Josephine (Rue),49.023776,1.1435916
202300017669,20,4,2023,2025-12-05 23:45:00,4,63,63032,2,1,1,6,Mont-Dore (Avenue Du),45.74759,3.07324
202300017670,20,4,2023,2025-12-05 13:00:00,1,75,75112,2,1,1,2,Echangeur Bercy,48.827258,2.390884
202300017671,20,4,2023,2025-12-05 13:00:00,1,75,75120,2,3,1,6,Rue De Bagnolet,48.857024,2.398145
202300017672,20,4,2023,2025-12-05 17:55:00,1,93,93046,2,3,1,5,Avenue Aristide Briand / Avenue Camille Desmoulins,48.91268,2.5226
202300017673,22,4,2023,2025-12-05 10:35:00,1,976,97611,2,9,1,7,Kaweni-Mangrove (Route De La),-12.761545,45.226282
202300017674,23,4,2023,2025-12-05 19:05:00,5,974,97416,2,1,1,6,Hippolyte  Piot (Rue),-21.29795,55.45276
202300017675,23,4,2023,2025-12-05 13:50:00,1,974,97411,2,1,1,3,Raimbault (Chemin Du Pere),-20.91079,55.41099
202300017676,23,4,2023,2025-12-05 19:10:00,5,974,97407,2,1,1,6,Commune De Paris (Avenue),-20.93975,55.29109
202300017677,23,4,2023,2025-12-05 13:49:00,1,972,97213,1,1,1,4,Z I Californie,14.61828,-61.03065
202300017678,23,4,2023,2025-12-05 19:20:00,5,972,97209,2,3,1,3,Redoute (Route De La),14.63034418,-61.05504775
202300017679,23,4,2023,2025-12-05 19:50:00,5,971,97105,2,9,1,6,Bd Gerty Archimede,15.98926073,-61.72694206
202300017680,23,4,2023,2025-12-05 12:20:00,1,2A,2A004,2,1,1,2,Montee Saint Jean,41.93144604,8.73828828
202300017681,22,4,2023,2025-12-05 18:30:00,1,83,83009,2,2,1,3,Escourche (Bd De L'),43.139546,5.756642
202300017682,23,4,2023,2025-12-05 01:10:00,5,81,81065,2,1,2,2,Vittoz (Bd.Raymond),43.60262,2.24373
202300017683,23,4,2023,2025-12-05 19:00:00,1,78,78401,2,1,1,6,Pontoise (Route De ),49.01305,1.91675
202300017684,4,7,2023,2025-12-05 18:55:00,1,33,33063,2,2,1,3,Avenue De Merignac,44.83877,-0.62592
202300017685,5,7,2023,2025-12-05 10:30:00,1,32,32013,2,1,1,6,Ledru Rollin (Place),43.64838,0.58728
202300017686,5,7,2023,2025-12-05 21:10:00,1,29,29232,2,1,1,7,Route De Pont L'Abbe,47.97932008,-4.12309242
202300017687,5,7,2023,2025-12-05 13:45:00,1,29,29019,2,1,1,2,Boulevard Tanguy Prigent,48.40065,-4.52533
202300017688,19,4,2023,2025-12-05 05:45:00,2,74,74010,2,3,1,3,Crete (De La),45.90915,6.10705
202300017689,23,4,2023,2025-12-05 04:50:00,5,69,69276,2,1,2,3,Route De Lyon,45.68765414,4.86151712
202300017690,3,6,2023,2025-12-05 22:30:00,5,19,19031,2,1,1,6,Ribot (Avenue),45.16471,1.51696
202300017691,23,4,2023,2025-12-05 00:45:00,4,60,60175,2,9,1,3,Adresse_Inconnue,49.24626,2.47091
202300017692,23,4,2023,2025-12-05 14:40:00,1,59,59009,2,1,1,3,Tournai Boulevard De,50.6148,3.139512
202300017693,4,7,2023,2025-12-05 23:48:00,3,18,18033,1,1,2,7,Route De La Chapelle,47.07197,2.33766
202300017694,23,4,2023,2025-12-05 06:00:00,2,54,54184,2,3,1,3,Brigachtal (Avenue De),48.70303,6.22795
202300017695,23,4,2023,2025-12-05 21:32:00,5,54,54254,2,1,2,6,Victor Hugo (Rue),49.48877,5.80777
202300017696,23,4,2023,2025-12-05 15:07:00,1,51,51172,2,3,1,3,Rue De La Sentelle,49.21533,4.04941
202300017697,5,7,2023,2025-12-05 23:25:00,3,17,17415,1,1,1,4,Rocade Sud,45.73001,-0.62934
202300017698,23,4,2023,2025-12-05 06:35:00,2,35,35238,1,1,3,2,Rn 12,48.12032,-1.72273
202300017699,17,6,2023,2025-12-05 11:20:00,1,15,15014,2,6,1,4,46 Avenue Des Volontaires,44.91513,2.44035
202300017700,23,4,2023,2025-12-05 12:00:00,1,29,29232,1,3,1,5,Route De Benodet,47.95762,-4.08254
202300017701,16,6,2023,2025-12-05 10:20:00,1,15,15014,2,1,1,4,58 Avenue Des Pupilles De La Nation,44.91865,2.43852
202300017702,23,4,2023,2025-12-05 22:57:00,5,29,29039,1,6,1,3,La Boissiere,47.92122774,-3.90096613
202300017703,4,7,2023,2025-12-05 09:45:00,1,14,14220,2,6,1,6,2 Avenue De La Republique,49.36042,0.08473
202300017704,23,4,2023,2025-12-05 20:40:00,5,25,25056,2,4,2,6,Belfort Rue De (Inf144),47.246341,6.025646
202300017705,5,7,2023,2025-12-05 22:00:00,5,13,13211,2,3,1,3,Saint Marcel (Boulevard De ),43.28881301,5.46134529
202300017706,23,4,2023,2025-12-05 21:17:00,5,13,13211,2,1,1,6,Saint Loup (Boulevard De),43.28539131,5.44113557
202300017707,4,7,2023,2025-12-05 15:11:00,1,6,6027,2,1,1,6,Gare Avenue De La,43.658642,7.147731
202300017708,23,4,2023,2025-12-05 05:45:00,2,13,13206,2,1,1,2,Bossuet (Rue),43.28496,5.3794
202300017709,23,4,2023,2025-12-05 10:10:00,1,13,13206,2,1,1,6,Lieutaud (Cours),43.2927,5.38277
202300017710,5,7,2023,2025-12-05 17:20:00,1,75,75120,2,1,1,3,Bd Peripherique Exterieur,48.872526,2.412676
202300017711,23,4,2023,2025-12-05 00:50:00,5,13,13211,2,3,1,1,Emmanuel Allard (Rue),43.29021,5.44121
202300017712,23,4,2023,2025-12-05 00:10:00,5,13,13208,2,1,1,2,Mendes France (Avenue),43.2508,5.37567
202300017713,3,7,2023,2025-12-05 09:50:00,1,75,75117,2,1,1,5,Porte De Clichy,48.899104,2.317124
202300017714,22,4,2023,2025-12-05 19:45:00,2,9,9122,1,1,1,7,Rd 117,42.9671,1.595001
202300017715,23,4,2023,2025-12-05 16:30:00,1,7,7186,1,1,3,7,Cote Du Baron,44.71215,4.59662
202300017716,5,7,2023,2025-12-05 08:50:00,1,75,75120,2,1,1,5,Avenue De La Porte De Bagnolet,48.864911,2.410887
202300017717,22,4,2023,2025-12-05 17:00:00,1,988,98818,2,3,1,3,Vde/Rue Arnold Daly,-22.26831,166.47268
202300017718,22,4,2023,2025-12-05 05:40:00,3,974,97416,1,1,1,6,Rn2 (1),-21.34054,55.49352
202300017719,5,7,2023,2025-12-05 21:10:00,1,75,75119,2,1,1,6,Avenue De Flandre,48.886269,2.371519
202300017720,22,4,2023,2025-12-05 07:50:00,1,974,97416,2,3,1,3,Four A Chaux(Rue Du),-21.3432,55.478
202300017721,21,4,2023,2025-12-05 09:00:00,1,974,97407,2,1,1,6,20 Decembre 1948(Avenue Du),-20.94195,55.29783
202300017722,22,4,2023,2025-12-05 17:55:00,1,973,97302,1,1,3,7,Zone Collery I Ou Ii,4.90049,-52.32793
202300017723,5,7,2023,2025-12-05 09:30:00,1,75,75119,2,9,1,3,Boulevard D Indochine,48.887703,2.395965
202300017724,21,4,2023,2025-12-05 11:00:00,1,972,97209,2,1,1,2,Alexandre Nestoret (Rue),14.62301,-61.08083
202300017725,22,4,2023,2025-12-05 09:30:00,1,971,97113,1,9,1,6,Route De Perinet-Rd 119,16.21073573,-61.4780277
202300017726,5,7,2023,2025-12-05 15:30:00,1,75,75116,2,3,1,6,Rue De La Pompe,48.865003,2.27867
202300017727,22,4,2023,2025-12-05 02:10:00,5,2A,2A004,1,9,1,3,Alzo Di Sole Rce,41.927,8.782
202300017728,22,4,2023,2025-12-05 21:05:00,3,83,83129,2,1,1,6,Audibert (Rue Et Ch),43.09256777,5.84848076
202300017729,22,4,2023,2025-12-05 12:30:00,1,79,79329,1,1,1,7,Adresse_Inconnue,46.99212,-0.19561
202300017730,5,7,2023,2025-12-05 15:30:00,1,75,75115,2,3,1,6,Rue Saint Charles,48.849948,2.288408
202300017731,22,4,2023,2025-12-05 19:30:00,1,77,77186,2,2,1,3,D210,48.41296,2.70686
202300017732,5,7,2023,2025-12-05 06:55:00,1,75,75115,2,2,1,3,Boulevard De Vaugirard,48.84047,2.315176
202300017733,11,4,2023,2025-12-05 17:25:00,1,77,77333,2,1,1,6,Rue Du Souvenir,48.26757485,2.69940617
202300017734,21,4,2023,2025-12-05 16:10:00,1,71,71270,1,3,1,3,Julienas (Route De),46.27572,4.78625
202300017735,5,7,2023,2025-12-05 11:15:00,1,75,75114,2,2,1,3,Avenue Du General Leclerc,48.823283,2.32562
202300017736,5,7,2023,2025-12-05 19:50:00,1,75,75111,2,3,1,3,Rue De La Roquette,48.858942,2.38525
202300017737,23,4,2023,2025-12-05 01:15:00,5,69,69266,2,3,3,4,241 Cours Emile Zola,45.76809,4.88727
202300017738,5,7,2023,2025-12-05 20:15:00,1,75,75101,2,3,1,3,Rue De Rivoli,48.864709,2.329328
202300017739,11,8,2023,2025-12-05 08:20:00,1,28,28313,1,3,1,3,Intersection Rd. 132 Et Rd. 17,48.338433,1.742497
202300017740,4,7,2023,2025-12-05 23:18:00,5,75,75101,2,2,2,3,Place Vendome,48.868319,2.330248
202300017741,22,4,2023,2025-12-05 17:55:00,1,69,69290,2,3,1,3,Rue De L'Egalite,45.6937,4.94635
202300017742,5,7,2023,2025-12-05 18:20:00,1,94,94080,2,1,1,6,Rue Saulpic,48.84643039,2.43576752
202300017743,7,8,2023,2025-12-05 18:35:00,1,17,17486,1,1,1,6,D273,46.002688,-1.342348
202300017744,11,8,2023,2025-12-05 11:05:00,1,48,48080,2,1,1,6,20 Boulevard Charles De Gaulle,44.726321,3.855667
202300017745,4,7,2023,2025-12-05 20:50:00,2,94,94043,2,1,3,3,56 Rue De La Convention,48.81233942,2.35363036
202300017746,21,4,2023,2025-12-05 23:23:00,5,69,69259,2,3,6,1,Avenue Pierre Cot,45.70518459,4.89623119
202300017747,10,8,2023,2025-12-05 16:00:00,1,95,95394,2,1,1,6,D928,49.061189,2.189217
202300017748,5,7,2023,2025-12-05 17:10:00,1,94,94041,2,1,1,6,Avenue De Verdun,48.807342,2.375043
202300017749,11,8,2023,2025-12-05 01:10:00,5,69,69244,2,4,1,6,1 Route De Brignais,45.754151,4.770116
202300017750,22,4,2023,2025-12-05 01:05:00,5,64,64445,2,1,1,6,Leon Blum,43.32067,-0.32702
202300017751,5,7,2023,2025-12-05 15:00:00,1,94,94065,1,1,1,2,N186B,48.75377,2.35785
202300017752,11,8,2023,2025-12-05 02:45:00,5,6,6018,2,1,1,7,Chemin Du Plan,43.621938,7.100773
202300017753,23,4,2023,2025-12-05 02:58:00,5,64,64102,2,1,1,6,Rue Du Royal (Bastion),43.48723,-1.47445
202300017754,3,7,2023,2025-12-05 13:30:00,1,94,94028,2,1,1,2,Voie Departementale,48.779647,2.4596
202300017755,10,8,2023,2025-12-05 17:20:00,1,30,30189,1,1,1,2,A54 Pk  02+400,43.806566,4.3611
202300017756,23,4,2023,2025-12-05 02:04:00,3,64,64024,2,1,1,6,Eugene Bernain (Avenue),43.48285,-1.51067
202300017757,16,7,2023,2025-12-05 08:30:00,1,987,98722,1,1,1,2,"Pk 36,800 - District De Hitiaa",-17.592,-149.391
202300017758,4,7,2023,2025-12-05 10:20:00,1,94,94019,2,1,1,3,Route Du Plessis,48.79948224,2.54609227
202300017759,22,4,2023,2025-12-05 22:35:00,5,64,64102,2,1,1,2,Avril (Avenue Du 14),43.50357,-1.46595
202300017760,3,7,2023,2025-12-05 09:10:00,1,94,94017,2,1,1,2,Rue Du Chemin Vert,48.81634,2.49969
202300017761,11,8,2023,2025-12-05 08:30:00,1,974,97415,2,3,1,3,Rte Du Trou D?Eau,-21.107918,55.254375
202300017762,22,4,2023,2025-12-05 18:15:00,1,64,64024,2,1,1,3,Laporte (Avenue Jean Leon),43.48467,-1.50246
202300017763,5,7,2023,2025-12-05 14:55:00,1,93,93078,2,2,1,3,Avenue De La Republique / Rue Pierre Curie,48.94969,2.55678
202300017764,22,4,2023,2025-12-05 13:00:00,1,60,60057,2,1,2,6,Av Du Pdt J Fitzgerald Kennedy,49.430497,2.09149754
202300017765,10,8,2023,2025-12-05 22:20:00,3,66,66101,1,1,1,1,Rd 612,42.621897,2.773855
202300017766,21,4,2023,2025-12-05 18:45:00,1,57,57751,1,1,1,7,Norroy Le Veneur (Rue De ),49.16129,6.13938
202300017767,5,7,2023,2025-12-05 20:00:00,1,93,93066,2,1,1,3,Rue Francis De Pressense,48.92371129,2.37153186
202300017768,11,8,2023,2025-12-05 16:30:00,1,34,34146,1,1,1,1,Route Du Mas Des Caves,43.685928,4.07684
202300017769,5,7,2023,2025-12-05 18:10:00,1,93,93066,2,1,1,5,Rue Ambroise Croizat,48.93112772,2.34977592
202300017770,21,4,2023,2025-12-05 10:00:00,1,57,57537,2,3,1,1,Forbach(Vieille Route De),49.19930298,6.85660601
202300017771,10,8,2023,2025-12-05 15:45:00,1,13,13082,2,1,1,1,Avenue De Lambesc,43.664294,5.340045
202300017772,11,8,2023,2025-12-05 06:00:00,2,71,71491,1,1,1,6,Rd 352 Bis Pk 3+800,46.42837244,4.07578826
202300017773,5,7,2023,2025-12-05 09:05:00,1,93,93066,2,1,1,3,Avenue Lenine,48.94343478,2.36291081
202300017774,10,8,2023,2025-12-05 20:05:00,2,52,52447,2,1,1,7,Rue Du Lac,47.88229,5.254962
202300017775,21,4,2023,2025-12-05 17:30:00,1,56,56098,1,1,1,4,Adresse_Inconnue,47.78127,-3.34222
202300017776,5,7,2023,2025-12-05 09:50:00,1,93,93055,2,3,1,3,Avenue Jean Lolive / Rue Lepine,48.89449,2.41975
202300017777,11,8,2023,2025-12-05 15:42:00,1,10,10084,1,1,1,6,D99,48.413688,4.18048267
202300017778,29,7,2023,2025-12-05 10:15:00,1,68,68298,2,1,2,7,Rue Clemenceau,48.243353,7.162265
202300017779,4,7,2023,2025-12-05 23:45:00,5,93,93050,2,2,3,3,Rue Paul Et Camille Thomoux / Avenue Du General De Gaulle,48.85709,2.53121
202300017780,21,4,2023,2025-12-05 11:55:00,1,51,51454,2,2,1,1,Rue De Tinqueux,49.24863,4.01272
202300017781,10,8,2023,2025-12-05 17:50:00,1,73,73227,1,1,8,1,D915,45.444763,6.59881
202300017782,5,7,2023,2025-12-05 19:45:00,1,93,93027,2,3,1,3,Avenue Gabriel Peri / Avenue De La Republique,48.9268614,2.38969156
202300017783,21,4,2023,2025-12-05 19:18:00,2,43,43157,2,1,1,1,9 Rue De Compostelle,45.040245,3.87407
202300017784,5,7,2023,2025-12-05 12:30:00,1,92,92073,2,2,1,3,Caron (Rue Albert),48.865133,2.208594
202300017785,8,8,2023,2025-12-05 11:45:00,1,73,73054,1,4,1,3,Rd902 / Route De La Foret,45.649178,6.787255
202300017786,22,4,2023,2025-12-05 20:30:00,5,37,37261,2,1,8,7,Grammont (Avenue De),47.3858,0.69088
202300017787,5,7,2023,2025-12-05 09:10:00,1,92,92062,2,1,1,6,Cartault (Rue),48.88196047,2.23045242
202300017788,9,8,2023,2025-12-05 12:00:00,1,38,38276,2,1,1,5,Route Departementale 1085,45.556853,5.305195
202300017789,21,4,2023,2025-12-05 15:50:00,1,31,31555,2,1,1,6,All Charles De Fitte,43.594447,1.43348
202300017790,9,8,2023,2025-12-05 09:20:00,1,26,26271,2,6,1,6,Route De Valence,45.011066,4.850319
202300017791,5,7,2023,2025-12-05 19:35:00,1,92,92049,2,1,1,6,Ginoux Av. Henri Ndeg1 A 95 Et 2 A 104,48.81579,2.32082
202300017792,10,8,2023,2025-12-05 15:00:00,1,49,49021,1,1,1,3,D7,47.42501,-0.237601
202300017793,5,7,2023,2025-12-05 11:50:00,1,92,92020,2,1,1,3,Republique Av. Autres Ndeg Et Metro,48.805296,2.29802
202300017794,21,4,2023,2025-12-05 18:12:00,1,31,31555,2,1,1,1,Bd De L Embouchure,43.61309972,1.42926872
202300017795,4,7,2023,2025-12-05 17:46:00,1,92,92036,2,1,1,1,Louis Calmel (Rue) (18/58),48.92585,2.29148
202300017796,10,8,2023,2025-12-05 14:10:00,1,61,61382,1,2,1,3,Voie Communale,48.460984,-0.057806
202300017797,22,4,2023,2025-12-05 09:20:00,1,30,30007,2,6,1,3,Route De Bagnols,44.12994,4.10615
202300017798,4,7,2023,2025-12-05 06:25:00,1,92,92025,2,4,1,3,Argenteuil (Avenue D'),48.93748,2.25816
202300017799,7,8,2023,2025-12-05 18:10:00,1,56,56151,1,3,1,3,Guer Jouanic,48.068401,-2.936289
202300017800,5,7,2023,2025-12-05 15:30:00,1,92,92035,2,3,1,3,National ( Boulevard ),48.90503,2.23908
202300017801,9,8,2023,2025-12-05 15:00:00,1,29,29247,2,6,7,3,Route De Fouesnant,47.932808,-4.020642
202300017802,5,7,2023,2025-12-05 16:34:00,1,92,92026,2,2,1,6,Pasteur (De 44 A Fin),48.90403587,2.26948893
202300017803,9,8,2023,2025-12-05 16:20:00,1,59,59053,2,1,1,3,Rue De La Chaussee,50.29277,3.785876
202300017804,5,7,2023,2025-12-05 01:38:00,5,92,92024,2,1,1,4,Clichy (Quai De) De (8 A 60),48.90816888,2.29965359
202300017805,9,8,2023,2025-12-05 15:52:00,1,13,13215,1,1,1,3,A7-Sens Lyon Vers Marseille,43.36896,5.36082
202300017806,5,7,2023,2025-12-05 11:30:00,1,92,92012,2,1,1,3,Heinrich (Rue),48.82756,2.24563
202300017807,4,7,2023,2025-12-05 23:50:00,5,92,92012,2,6,2,3,Marcel Sembat (Place),48.83376,2.24364
202300017808,9,8,2023,2025-12-05 10:10:00,1,33,33122,1,1,1,4,Autoroute A 63,44.73308,-0.72217
202300017809,4,7,2023,2025-12-05 19:40:00,1,92,92004,2,2,1,3,Voltaire ( Bd ),48.91698,2.28815
202300017810,10,8,2023,2025-12-05 19:55:00,1,95,95527,1,1,1,2,N104,49.0271052,2.51444995
202300017811,6,7,2023,2025-12-05 08:45:00,1,44,44124,1,1,1,6,Adresse_Inconnue,47.590142,-1.118733
202300017812,10,8,2023,2025-12-05 17:50:00,1,94,94079,1,1,1,4,A4,48.82799527,2.52620846
202300017813,6,7,2023,2025-12-05 08:35:00,1,22,22049,1,1,1,1,Route De L Arguenon,48.542701,-2.214893
202300017814,2,7,2023,2025-12-05 16:50:00,1,36,36077,1,1,1,6,Adresse_Inconnue,47.21213323,1.53196441
202300017815,10,8,2023,2025-12-05 11:30:00,1,94,94017,1,1,1,3,A4,48.83020089,2.495767
202300017816,28,5,2023,2025-12-05 14:00:00,1,50,50165,2,1,1,3,Coutances (Route De),48.84454,-1.58527
202300017817,5,7,2023,2025-12-05 06:20:00,3,974,97414,2,1,1,6,Avenue Du Docteur Raymond Verges,-21.290974,55.413902
202300017818,4,2,2023,2025-12-05 17:40:00,2,5,5054,2,1,1,2,Lieux Dit Les Barraques,44.674331,6.072956
202300017819,5,7,2023,2025-12-05 17:30:00,1,62,62571,2,3,1,1,D940,50.458361,1.612582
202300017820,13,3,2023,2025-12-05 17:43:00,1,69,69132,1,3,1,3,Route De Lyon,45.66884,4.395604
202300017821,2,7,2023,2025-12-05 08:31:00,1,56,56174,1,9,1,7,La Gare,47.861052,-2.876804
202300017822,6,7,2023,2025-12-05 02:45:00,3,31,31150,1,6,1,6,Route De Colomiers,43.640959,1.330767
202300017823,23,5,2023,2025-12-05 16:40:00,1,19,19031,2,1,3,2,Voltaire (Boulevard),45.15985,1.54067
202300017824,5,7,2023,2025-12-05 17:00:00,1,63,63413,1,4,2,2,D 797 /Bretelle A75 (Acces Vers Montpellier),45.649816,3.172399
202300017825,10,6,2023,2025-12-05 09:15:00,1,92,92023,2,2,1,3,Hebert (Rue),48.8116153,2.27515966
202300017826,6,7,2023,2025-12-05 20:00:00,1,76,76618,2,1,1,7,Rue Jeanne D?Arc,49.9593201,1.18807149
202300017827,9,6,2023,2025-12-05 12:15:00,1,69,69266,1,1,1,4,Route Departementale 383,45.76916499,4.90350289
202300017828,5,7,2023,2025-12-05 20:05:00,1,61,61079,1,1,1,1,Rd 136,48.244742,0.75808
202300017829,9,8,2023,2025-12-05 10:55:00,1,974,97416,1,1,1,3,Isautier (Avenue Charles),-21.3215,55.44919
202300017830,5,7,2023,2025-12-05 10:30:00,1,61,61146,2,3,1,3,D21 Pr 41+365,48.63271,-0.552443
202300017831,9,8,2023,2025-12-05 12:50:00,1,974,97411,2,9,1,5,Jaures (Boulevard Jean),-20.88982135,55.46394968
202300017832,6,7,2023,2025-12-05 18:10:00,1,12,12021,1,1,7,6,Vabre-Tizac (Zone Residentielle),44.277032,2.12225
202300017833,6,7,2023,2025-12-05 09:50:00,1,39,39365,2,1,7,6,10 Route De Dole,46.983391,5.594188
202300017834,9,8,2023,2025-12-05 12:00:00,1,974,97411,2,4,1,1,Leconte De Lisle (Avenue),-20.89471,55.48662
202300017835,8,8,2023,2025-12-05 18:40:00,5,974,97411,2,9,1,3,Montagne (Route De La),-20.87693,55.44208
202300017836,6,7,2023,2025-12-05 16:35:00,1,44,44036,2,1,1,3,2 Avenue Quentin Miglioretti,47.707556,-1.377459
202300017837,9,8,2023,2025-12-05 13:45:00,1,69,69386,2,1,1,3,Quai Charles De Gaulle,45.78357,4.84908
202300017838,5,7,2023,2025-12-05 23:15:00,3,29,29016,1,1,1,6,Keradennec,48.29864,-3.945948
202300017839,4,7,2023,2025-12-05 17:30:00,1,29,29160,1,3,2,3,Lieu Dit Mendy Bihan,48.470852,-4.396209
202300017840,8,8,2023,2025-12-05 17:00:00,1,972,97209,1,1,1,4,Rd 41 (Rocade),14.61466,-61.04734
202300017841,4,7,2023,2025-12-05 19:45:00,1,2,2820,1,1,1,2,Adresse_Inconnue,49.629164,3.253691
202300017842,9,8,2023,2025-12-05 09:10:00,1,971,97101,1,1,1,3,Rn05,16.25654,-61.52073
202300017843,6,7,2023,2025-12-05 09:00:00,1,85,85302,1,1,1,2,A87 Pk067.100,46.944363,-0.9549
202300017844,9,8,2023,2025-12-05 11:37:00,1,2A,2A004,2,1,1,3,Recco Abbe Boulevard,41.93856,8.74113
202300017845,4,7,2023,2025-12-05 09:00:00,1,6,6136,2,1,1,6,D2204,43.877845,7.447532
202300017846,5,7,2023,2025-12-05 17:00:00,1,45,45329,2,3,1,3,450 Route Des Fontaines,47.935261,2.993976
202300017847,8,8,2023,2025-12-05 16:20:00,1,95,95539,1,9,1,3,D301A3,49.012363,2.35219002
202300017848,5,7,2023,2025-12-05 20:00:00,1,18,18015,2,1,1,-1,21 Route De Sainte Montaine,47.489086,2.432796
202300017849,3,8,2023,2025-12-05 02:50:00,5,83,83137,2,1,1,6,Resistance (Ave / Imp De La),43.11471,5.94989
202300017850,5,7,2023,2025-12-05 15:25:00,1,10,10401,1,1,1,3,D619,48.238119,4.441261
202300017851,5,7,2023,2025-12-05 15:55:00,1,7,7269,2,1,1,3,Rue De Crezenoux,44.936195,4.387906
202300017852,5,7,2023,2025-12-05 19:25:00,1,7,7296,2,1,1,7,Route De Janicou,44.565743,4.392733
202300017853,9,8,2023,2025-12-05 20:10:00,1,76,76231,2,2,1,6,Rue De La Republique,49.29073,0.99983
202300017854,6,7,2023,2025-12-05 17:00:00,1,40,40222,1,4,1,3,Carrefour Route Du Pelerin Du Pelerin - D33,43.624714,-1.212369
202300017855,9,8,2023,2025-12-05 09:30:00,1,74,74012,2,9,1,7,Thonon (Route De),46.193451,6.256107
202300017856,6,7,2023,2025-12-05 15:20:00,1,13,13050,1,3,1,1,D572,43.617514,5.263245