num_acc,jour,mois,an,hrmn,lum,dep,com,agg,int,atm,col,adr,lat,long
202300017857,6,7,2023,2025-12-05 13:00:00,1,13,13050,1,1,1,1,D7N,43.676334,5.228151
202300017858,9,8,2023,2025-12-05 10:40:00,1,71,71486,2,2,1,3,Guillaume Apollinaire (Rue),46.65592,4.33475
202300017859,8,8,2023,2025-12-05 16:10:00,1,71,71270,2,1,1,7,Sance (Rue De),46.31593,4.83295
202300017860,5,7,2023,2025-12-05 18:30:00,5,987,98738,2,1,1,1,Pk 10.5 - Rt1 Au Niveau Serv. Tefautea,-17.618,-149.549
202300017861,9,8,2023,2025-12-05 17:15:00,1,69,69199,1,2,1,3,Avenue Albert,45.69351,4.843
202300017862,5,7,2023,2025-12-05 16:30:00,1,82,82125,1,1,1,3,A62,43.961766,1.277997
202300017863,9,8,2023,2025-12-05 09:00:00,1,64,64122,2,9,1,1,Rond Point De L Europe,43.48096,-1.54121
202300017864,4,7,2023,2025-12-05 18:40:00,1,67,67506,1,1,1,4,A4,48.667349,7.736832
202300017865,6,7,2023,2025-12-05 13:35:00,1,976,97604,2,1,1,6,Rue Bacar Sidi Moinatrindri,-12.899926,45.098083
202300017866,8,8,2023,2025-12-05 13:18:00,1,56,56121,2,1,1,2,Simone Veil (Avenue - Ex Lenine),47.76366,-3.36997
202300017867,6,7,2023,2025-12-05 01:00:00,3,11,11145,1,1,1,6,Adresse_Inconnue,43.220627,3.132734
202300017868,8,8,2023,2025-12-05 08:20:00,1,56,56121,2,1,1,6,Perriere ( Av De La ),47.735,-3.3659
202300017869,30,5,2023,2025-12-05 16:55:00,1,69,69064,1,2,1,3,Route De Longes,45.487986,4.75016
202300017870,6,7,2023,2025-12-05 10:50:00,1,2A,2A247,1,1,1,6,D468B,41.622629,9.293715
202300017871,6,7,2023,2025-12-05 13:40:00,1,30,30214,1,1,1,6,Adresse_Inconnue,44.050194,4.09638
202300017872,6,7,2023,2025-12-05 09:50:00,1,34,34344,2,1,1,6,Avenue Jean Bene,43.562007,4.084645
202300017873,7,8,2023,2025-12-05 17:15:00,1,56,56098,2,2,1,4,De Gaulle ( Av. General ),47.7622,-3.33709
202300017874,6,7,2023,2025-12-05 18:45:00,1,83,83068,1,9,1,3,Les Rives De Beauvallon,43.284844,6.595831
202300017875,8,8,2023,2025-12-05 19:30:00,1,54,54395,1,3,1,3,Rue Du Marechal Pierre Koenig,48.70372554,6.14601374
202300017876,4,7,2023,2025-12-05 22:00:00,5,13,13086,2,1,1,3,41 Avenue Du General De Gaulle,43.32686,5.596935
202300017877,8,8,2023,2025-12-05 16:00:00,1,47,47323,1,1,7,5,Route Nationale 21,44.44715259,0.70373918
202300017878,9,8,2023,2025-12-05 20:51:00,2,37,37122,1,1,1,7,Peripherique N585,47.34001727,0.66646698
202300017879,6,7,2023,2025-12-05 11:35:00,1,13,13022,1,6,1,3,Parc Regis Vidal,43.23104,5.537592
202300017880,6,7,2023,2025-12-05 13:15:00,1,8,8328,2,1,1,3,44 Rue Jules Fuzelier,49.818971,4.744246
202300017881,5,7,2023,2025-12-05 19:05:00,1,67,67300,2,6,1,3,Rue Des Sports,48.541422,7.499017
202300017882,9,8,2023,2025-12-05 13:13:00,1,37,37233,2,1,1,4,Duclos (Avenue Jacques),47.38106,0.73488
202300017883,9,8,2023,2025-12-05 06:40:00,1,37,37261,2,1,1,7,Auberdiere (Rue De L'),47.36273,0.69195
202300017884,5,7,2023,2025-12-05 19:16:00,1,3,3102,2,3,1,3,D55 / D779,46.519584,3.684422
202300017885,5,7,2023,2025-12-05 18:15:00,1,38,38223,2,1,1,7,Route De Courtil Jacquet,45.56796,5.263064
202300017886,8,8,2023,2025-12-05 08:20:00,1,35,35051,1,1,1,1,Besnarde (Lieu-Dit),48.098861,-1.568789
202300017887,5,7,2023,2025-12-05 17:30:00,1,38,38348,2,1,1,3,Chemin Des Vignes,45.590114,5.310908
202300017888,9,8,2023,2025-12-05 23:00:00,5,33,33063,2,1,1,2,Rue General De Larminat,44.8335,-0.59214
202300017889,6,7,2023,2025-12-05 14:30:00,1,69,69159,1,1,1,4,Route De Tarare,45.97909888,4.68009667
202300017890,9,8,2023,2025-12-05 01:35:00,5,31,31555,1,1,1,7,33 A Lalande (Peage Nord),43.65718,1.42789
202300017891,5,7,2023,2025-12-05 08:30:00,1,69,69219,1,1,1,3,Route Departementale 30,45.649013,4.687868
202300017892,15,6,2023,2025-12-05 17:45:00,1,27,27701,2,1,1,2,Chausse Du Vexin,49.25603,1.179715
202300017893,6,7,2023,2025-12-05 03:00:00,3,81,81162,1,1,1,6,Rn 126,43.585831,1.808335
202300017894,6,7,2023,2025-12-05 13:15:00,1,31,31075,1,1,1,6,D58G,43.5418732,1.12371147
202300017895,4,8,2023,2025-12-05 10:05:00,1,26,26058,2,6,1,3,Vivier Rue Marcel,44.9613869,4.90125418
202300017896,18,11,2023,2025-12-05 19:10:00,3,11,11069,2,1,1,7,Adresse_Inconnue,43.19994,2.35375
202300017897,9,8,2023,2025-12-05 12:25:00,1,24,24197,1,2,1,1,D709 (Rte De Mussidan),44.914348,0.446112
202300017898,2,7,2023,2025-12-05 21:20:00,5,86,86100,2,6,1,1,Route De Poitiers,46.535016,0.259268
202300017899,9,8,2023,2025-12-05 09:40:00,1,13,13208,2,1,1,3,Pointe Rouge (Ave),43.24859639,5.3748128
202300017900,12,2,2023,2025-12-05 05:30:00,3,59,59419,2,1,1,4,D938 Le Bercu,50.525671,3.283555
202300017901,18,11,2023,2025-12-05 09:24:00,1,11,11069,2,1,1,2,Avenue Du President Franklin Roosevelt,43.21808,2.34477
202300017902,9,8,2023,2025-12-05 05:10:00,3,13,13063,1,1,1,2,D 10,43.56897,5.02292
202300017903,5,7,2023,2025-12-05 17:15:00,1,13,13117,1,1,1,2,A7-Sens Lyon Vers Marseille,43.4338,5.256
202300017904,18,11,2023,2025-12-05 14:30:00,1,6,6088,2,1,1,6,Jaures (Bd Jean),43.69845,7.27634
202300017905,9,8,2023,2025-12-05 08:30:00,1,13,13001,2,1,1,3,St John Perse (Av),43.52510501,5.4211719
202300017906,5,7,2023,2025-12-05 00:40:00,3,13,13056,1,1,1,2,A55-Sens Marseille Vers Martigues,43.40476,5.04044
202300017907,6,8,2023,2025-12-05 06:20:00,2,6,6004,2,1,1,7,Eucalyptus Av.Et Ch.Des,43.585227,7.089962
202300017908,18,11,2023,2025-12-05 12:50:00,1,6,6069,2,9,1,2,Rd Point Des Quatre Chemins,43.64507,6.94013
202300017909,4,8,2023,2025-12-05 09:50:00,1,2,2168,1,1,1,1,Adresse_Inconnue,49.067313,3.39354
202300017910,5,7,2023,2025-12-05 18:43:00,1,33,33039,1,1,1,3,A630,44.80446064,-0.53183377
202300017911,5,7,2023,2025-12-05 10:10:00,1,33,33448,1,1,1,7,Autoroute A 62,44.69525,-0.49792
202300017912,8,8,2023,2025-12-05 12:45:00,1,75,75116,2,1,1,2,Porte Maillot,48.878055,2.27962
202300017913,17,11,2023,2025-12-05 23:36:00,5,3,3185,2,2,1,1,Avenue Jules Guesde,46.34211,2.5892
202300017914,4,7,2023,2025-12-05 18:20:00,1,33,33550,1,1,1,3,Rocade A 630,44.77964933,-0.57428974
202300017915,9,8,2023,2025-12-05 17:20:00,1,75,75106,2,5,1,6,Rue De Vaugirard,48.845095,2.32011
202300017916,9,8,2023,2025-12-05 17:50:00,1,75,75105,2,2,1,6,Boulevard Saint Michel,48.850346,2.342629
202300017917,5,7,2023,2025-12-05 01:31:00,4,94,94003,1,1,1,4,A6B,48.80098849,2.34364314
202300017918,18,11,2023,2025-12-05 05:55:00,5,75,75119,2,1,2,6,Porte De Pantin,48.89001,2.396056
202300017919,5,7,2023,2025-12-05 01:20:00,3,94,94003,1,1,2,2,A6B,48.80048354,2.34369821
202300017920,8,8,2023,2025-12-05 11:25:00,1,75,75107,2,5,1,3,Avenue De Suffren,48.85116,2.300905
202300017921,17,11,2023,2025-12-05 02:48:00,5,75,75112,2,1,1,6,Avenue De La Porte De Vincennes,48.846895,2.411989
202300017922,9,8,2023,2025-12-05 19:30:00,1,75,75119,2,2,1,7,Place De La Bataille De Stalingrad,48.88279,2.370277
202300017923,5,7,2023,2025-12-05 01:31:00,3,94,94003,1,1,2,7,A6B,48.80072795,2.34367155
202300017924,9,8,2023,2025-12-05 13:40:00,1,75,75115,2,2,1,3,Rue De La Croix Nivert,48.843611,2.295756
202300017925,18,11,2023,2025-12-05 10:40:00,1,75,75105,2,1,2,3,Rue Monge,48.845094,2.352183
202300017926,5,7,2023,2025-12-05 17:05:00,1,92,92025,1,1,1,4,A86,48.93541254,2.26118997
202300017927,8,8,2023,2025-12-05 14:05:00,1,75,75115,2,1,1,6,Quai Andre Citroen,48.848225,2.280614
202300017928,5,7,2023,2025-12-05 18:00:00,1,92,92036,1,1,1,2,Rn315 Y,48.92990191,2.30211945
202300017929,9,8,2023,2025-12-05 00:09:00,5,75,75112,2,2,1,6,Rue De Picpus,48.845549,2.395379
202300017930,17,11,2023,2025-12-05 23:20:00,5,75,75117,2,2,1,2,Avenue De Wagram,48.883279,2.301953
202300017931,5,7,2023,2025-12-05 04:25:00,3,78,78402,1,1,1,2,A13,48.964949,1.801531
202300017932,8,8,2023,2025-12-05 13:15:00,1,75,75112,2,5,1,2,Rue Du General De Langle De Cary,48.82813,2.39218
202300017933,4,7,2023,2025-12-05 17:15:00,1,92,92025,1,1,1,6,A86,48.93484607,2.25934802
202300017934,9,8,2023,2025-12-05 15:31:00,1,75,75108,2,2,1,7,Avenue George V,48.866211,2.301491
202300017935,4,7,2023,2025-12-05 08:00:00,1,78,78640,1,1,1,2,A86 Ext,48.77786,2.21643
202300017936,9,8,2023,2025-12-05 02:36:00,5,75,75101,2,2,1,2,Pont Saint Michel,48.85434,2.344908
202300017937,18,11,2023,2025-12-05 18:55:00,5,75,75114,2,1,2,3,Boulevard Raspail,48.836199,2.33174
202300017938,3,7,2023,2025-12-05 19:30:00,1,92,92048,1,1,1,5,N118,48.79643659,2.21723738
202300017939,9,8,2023,2025-12-05 07:05:00,1,94,94021,2,2,1,3,Avenue Des Maraichers,48.763113,2.34873
202300017940,5,7,2023,2025-12-05 10:00:00,1,93,93005,1,1,1,2,Autoroute A1,48.9666118,2.47689199
202300017941,17,11,2023,2025-12-05 23:00:00,5,75,75110,2,2,1,6,Rue De Rocroy,48.879498,2.350807
202300017942,9,8,2023,2025-12-05 18:02:00,1,93,93001,2,5,1,1,Rue Danielle Casanova / Rue Hemet,48.91906,2.38712
202300017943,4,7,2023,2025-12-05 16:45:00,1,95,95585,2,1,1,6,Jean Zay (Rue),48.9988,2.36914
202300017944,17,11,2023,2025-12-05 14:50:00,1,75,75102,2,2,2,7,Boulevard De Sebastopol,48.865253,2.351976
202300017945,3,8,2023,2025-12-05 20:45:00,1,92,92078,2,9,3,2,Marc Sangnier (Avenue),48.92797,2.32628
202300017946,7,8,2023,2025-12-05 19:50:00,1,92,92046,2,2,1,2,Gabriel Peri,48.81921,2.30284
202300017947,13,3,2023,2025-12-05 14:40:00,1,14,14225,2,2,1,3,28 Rue Salvador Allende,49.28016,-0.09978
202300017948,18,11,2023,2025-12-05 00:25:00,3,94,94068,2,1,2,2,Pont De Champigny,48.80978,2.50982
202300017949,8,8,2023,2025-12-05 18:35:00,1,92,92050,2,2,1,1,Hoche Avenue,48.90025575,2.20019907
202300017950,19,4,2023,2025-12-05 12:40:00,1,13,13039,1,2,1,3,Rn 545,43.43587,4.92516
202300017951,18,11,2023,2025-12-05 02:22:00,5,94,94003,2,1,2,6,Rue Paul Bert,48.80092814,2.32786882
202300017952,9,8,2023,2025-12-05 17:59:00,1,54,54345,1,9,1,2,D112,48.60200589,6.25834465
202300017953,31,3,2023,2025-12-05 12:15:00,1,974,97422,2,1,1,2,Rue Raphael Douyere,-21.218626,55.55258
202300017954,7,8,2023,2025-12-05 19:20:00,1,91,91648,1,6,1,2,D26,48.561301,2.351911
202300017955,3,7,2023,2025-12-05 21:55:00,5,973,97302,2,1,1,4,Heder (Place),4.94006071,-52.3341693
202300017956,4,8,2023,2025-12-05 09:30:00,1,31,31113,2,1,1,6,6 Chemin D'Augustin,43.519607,1.514855
202300017957,18,11,2023,2025-12-05 00:40:00,5,94,94003,2,9,1,3,Avenue De La Convention,48.800877,2.333458
202300017958,4,7,2023,2025-12-05 13:40:00,1,69,69383,2,1,1,3,Cours Gambetta,45.75007,4.85887
202300017959,9,8,2023,2025-12-05 08:40:00,1,10,10412,1,1,1,3,D610,48.312542,4.129701
202300017960,18,11,2023,2025-12-05 00:45:00,5,94,94002,2,1,2,6,Quai Blanqui,48.80831,2.40993
202300017961,9,8,2023,2025-12-05 10:35:00,1,5,5085,1,1,1,7,N94 Pk 171+450,44.927362,6.703935
202300017962,4,7,2023,2025-12-05 09:40:00,1,69,69387,2,3,1,2,Rue De L'Epargne,45.74557,4.851
202300017963,31,5,2023,2025-12-05 22:15:00,4,76,76575,1,1,1,3,Boulevard Lenine,49.37903,1.11135
202300017964,9,8,2023,2025-12-05 17:45:00,1,76,76167,1,2,1,1,Route De Montivilliers,49.573328,0.155611
202300017965,18,11,2023,2025-12-05 16:00:00,1,93,93071,2,6,3,1,Avenue Henri Barbusse,48.93404109,2.54226592
202300017966,4,7,2023,2025-12-05 05:15:00,5,972,97213,1,1,2,2,Autoroute A1,14.61295888,-61.0093841
202300017967,31,5,2023,2025-12-05 22:30:00,5,71,71076,2,1,1,6,Juin (Rue Marechal),46.80128,4.86487
202300017968,3,7,2023,2025-12-05 13:55:00,1,972,97213,1,1,2,4,Autoroute A1,14.61551,-61.01419
202300017969,18,11,2023,2025-12-05 13:20:00,1,93,93064,2,1,2,3,Avenue Du General De Gaulle,48.876888,2.480324
202300017970,31,5,2023,2025-12-05 22:40:00,4,69,69282,1,6,2,6,Route D'Azieu,45.75287751,5.01807899
202300017971,9,8,2023,2025-12-05 20:10:00,1,1,1109,1,1,1,5,Rd 984,46.123032,5.899551
202300017972,4,7,2023,2025-12-05 13:50:00,1,972,97209,2,1,1,2,Redoute (Route De La),14.62903,-61.05591
202300017973,30,5,2023,2025-12-05 21:20:00,5,69,69259,2,1,1,3,Boulevard Du Docteur Coblod,45.70256,4.88917
202300017974,18,11,2023,2025-12-05 08:20:00,2,93,93064,2,1,3,1,Avenue Du General De Gaulle,48.88329733,2.47482354
202300017975,10,8,2023,2025-12-05 02:37:00,3,22,22025,1,1,2,1,Kermagotton,48.43439,-3.378822
202300017976,31,5,2023,2025-12-05 15:20:00,1,64,64269,2,1,1,6,Commandant Rene Mouchotte Du,43.30175,-0.31632
202300017977,18,11,2023,2025-12-05 16:30:00,2,93,93032,2,1,3,6,Rue De Maison Rouge,48.89231,2.540697
202300017978,9,8,2023,2025-12-05 09:05:00,1,42,42199,1,2,1,1,Route Du Creux De Lan,46.030275,3.958015
202300017979,4,7,2023,2025-12-05 20:20:00,1,69,69382,2,4,1,3,Quai Perrache,45.74536,4.82756
202300017980,30,5,2023,2025-12-05 07:55:00,1,64,64024,2,1,1,2,Montbrun (Avenue De),43.50377,-1.49667
202300017981,9,8,2023,2025-12-05 21:10:00,5,58,58086,2,1,1,3,Boulevard De La Republique,47.410454,2.925743
202300017982,31,5,2023,2025-12-05 21:27:00,2,62,62771,2,1,1,6,Rue Edouard Vaillant,50.41973,2.87289
202300017983,4,7,2023,2025-12-05 18:10:00,1,69,69152,2,1,1,3,25 Chemin Des Muriers,45.69504,4.82427
202300017984,10,8,2023,2025-12-05 10:25:00,1,30,30096,1,3,1,3,D980,44.212952,4.491745
202300017985,31,5,2023,2025-12-05 06:10:00,1,62,62548,2,1,1,6,Rue Henri Ravisse,50.9411,1.93726
202300017986,17,11,2023,2025-12-05 12:00:00,1,93,93032,2,2,2,3,Avenue De La Passerelle / Rue De Valenciennes,48.86659,2.5623
202300017987,9,8,2023,2025-12-05 07:50:00,1,22,22020,1,1,1,6,D712,48.30611,-2.235675
202300017988,4,7,2023,2025-12-05 18:20:00,1,69,69389,2,1,1,3,4 Rue De La Navigation,45.78747,4.81409
202300017989,7,8,2023,2025-12-05 14:45:00,1,56,56024,1,3,1,3,D17,48.124452,-2.69098
202300017990,31,5,2023,2025-12-05 11:50:00,1,61,61001,2,2,1,2,Pl Du 103E Regiment D'Infanterie,48.4272,0.08945
202300017991,23,6,2023,2025-12-05 19:00:00,3,971,97101,2,9,2,6,Chauffour,16.23029,-61.52032
202300017992,18,11,2023,2025-12-05 07:10:00,5,93,93029,2,1,2,4,Rue De La Republique,48.92167,2.44451
202300017993,31,5,2023,2025-12-05 14:28:00,1,60,60057,1,1,1,2,Rue Du Moulin De Bracheux,49.426499,2.117
202300017994,3,7,2023,2025-12-05 14:33:00,1,971,97101,1,9,1,3,Perrin (Secteur),16.2818,-61.51138
202300017995,8,8,2023,2025-12-05 14:11:00,1,56,56154,1,2,1,3,La Croix Des Bois,47.704657,-2.213799
202300017996,18,11,2023,2025-12-05 20:30:00,5,92,92076,2,1,2,7,Jardy,48.83266,2.1531
202300017997,10,8,2023,2025-12-05 00:00:00,3,2A,2A269,1,1,1,6,Route Territoriale 10,41.829026,9.403782
202300017998,31,5,2023,2025-12-05 10:40:00,1,54,54431,2,2,1,6,Avenue Guynemer,48.91671,6.06301
202300017999,4,7,2023,2025-12-05 20:15:00,1,2A,2A004,2,1,1,3,Napoleon Cours Apres Beverini,41.9308,8.73959
202300018000,18,11,2023,2025-12-05 07:35:00,2,93,93070,2,1,2,6,Rue Pierre Dreyfus,48.90512022,2.32053751
202300018001,10,8,2023,2025-12-05 18:40:00,1,80,80324,2,1,1,6,Rue Du Haut,49.943213,1.808804
202300018002,4,7,2023,2025-12-05 11:45:00,1,2A,2A004,2,1,1,3,Sartene Ancienne Route,41.92977,8.76372
202300018003,30,5,2023,2025-12-05 17:38:00,1,54,54184,2,1,1,2,Avenue De Brigachtal,48.70330801,6.22918904
202300018004,9,8,2023,2025-12-05 17:45:00,1,65,65127,1,1,1,4,D817,43.11599,0.319998
202300018005,4,7,2023,2025-12-05 17:20:00,1,91,91477,2,1,1,3,Huit Mai 1945 (Avenue Du),48.71257,2.2457
202300018006,31,5,2023,2025-12-05 20:56:00,2,54,54254,2,1,1,6,Rue De La Seine,49.509553,5.808073
202300018007,18,11,2023,2025-12-05 22:20:00,3,2A,2A272,1,1,1,5,Rt 40,41.625596,8.957012
202300018008,10,8,2023,2025-12-05 07:00:00,1,33,33540,1,1,1,6,Rue De L?Abbe Banneau,45.349702,-1.042371
202300018009,4,7,2023,2025-12-05 09:10:00,1,91,91201,2,1,1,3,Av Du General De Gaulle,48.68642,2.40409
202300018010,18,11,2023,2025-12-05 10:10:00,1,2A,2A065,2,1,1,6,Rue De La Republique,42.134712,8.596866
202300018011,31,5,2023,2025-12-05 07:45:00,1,45,45302,2,1,1,3,Parc D'Activites Des Vallees,47.94287296,1.8948884
202300018012,9,8,2023,2025-12-05 20:30:00,2,33,33506,2,1,1,6,1074 Route De La Reole,44.68376,-0.076457
202300018013,3,7,2023,2025-12-05 19:00:00,1,91,91286,2,1,1,6,Vlaminck (Rue),48.6563,2.39259
202300018014,9,8,2023,2025-12-05 23:30:00,3,33,33404,1,1,1,2,Route Departementale 16,44.631238,0.079629
202300018015,18,11,2023,2025-12-05 13:50:00,1,17,17420,1,4,1,3,Rue Du Mississipi Rd109,46.10835,-1.051426
202300018016,31,5,2023,2025-12-05 09:55:00,1,44,44109,2,3,1,4,Rue Du Chene Vert,47.23832,-1.5868
202300018017,4,7,2023,2025-12-05 14:20:00,1,91,91326,2,3,2,4,Cour De France (Avenue De La),48.68816,2.3715
202300018018,6,8,2023,2025-12-05 19:50:00,1,33,33236,1,3,1,3,D106,44.686497,-1.246321
202300018019,4,7,2023,2025-12-05 12:10:00,1,91,91223,2,1,1,1,Saint Jacques (Rue),48.43169,2.1514
202300018020,30,5,2023,2025-12-05 09:00:00,1,44,44109,2,6,1,6,4 Boulevard Leon Jouhaux,47.20953,-1.5959
202300018021,17,11,2023,2025-12-05 09:00:00,1,6,6161,1,4,1,3,Avenue Saint Andrieu,43.647151,7.136446
202300018022,6,8,2023,2025-12-05 19:45:00,1,32,32007,1,1,1,6,Lieu-Dit A Miche 2,43.735647,0.978395
202300018023,23,6,2023,2025-12-05 11:12:00,1,87,87085,2,1,1,7,Briquet (Rue Georges),45.84194,1.23048
202300018024,18,11,2023,2025-12-05 17:05:00,2,5,5093,1,1,1,6,Col De L'Echelle R D 1 T,45.02168,6.644277
202300018025,9,8,2023,2025-12-05 11:30:00,1,71,71419,2,3,1,6,9 Place Du Marche,46.752746,5.242651
202300018026,26,5,2023,2025-12-05 23:00:00,5,42,42218,2,2,1,2,Rue Des Allies,45.4395,4.39788
202300018027,3,7,2023,2025-12-05 16:33:00,1,87,87050,1,1,1,1,Rn520,45.892801,1.25085354
202300018028,17,11,2023,2025-12-05 19:30:00,2,972,97222,1,2,1,3,N1,14.661994,-60.969636
202300018029,9,8,2023,2025-12-05 15:40:00,1,63,63262,2,2,1,3,Rue Des Percedes/Voie Romaine,45.703029,3.167308
202300018030,30,5,2023,2025-12-05 15:50:00,1,38,38185,2,1,1,6,Rue Leon Jouhaux,45.17581,5.74403
202300018031,1,6,2023,2025-12-05 16:50:00,1,83,83129,2,3,1,6,Mer (Avenue De La) NdegImpairs,43.10187,5.82219
202300018032,19,11,2023,2025-12-05 07:10:00,3,42,42284,1,1,8,6,N7,46.090555,4.007092
202300018033,9,8,2023,2025-12-05 09:45:00,1,68,68090,2,1,1,7,Rue Xavier Desgrandchamps,47.489665,7.326601
202300018034,27,5,2023,2025-12-05 19:00:00,1,34,34003,1,9,1,6,D612 Pr 45+130,43.30446,3.50779
202300018035,9,8,2023,2025-12-05 23:40:00,3,39,39495,1,1,1,6,Adresse_Inconnue,46.968779,5.88888
202300018036,4,7,2023,2025-12-05 17:40:00,1,83,83034,2,9,1,3,Boulevard De La Liberte,43.09251,6.07699
202300018037,19,11,2023,2025-12-05 15:35:00,1,36,36239,1,1,1,2,Adresse_Inconnue,46.46894924,1.49639861
202300018038,31,5,2023,2025-12-05 12:55:00,1,33,33119,2,2,1,3,Rue Du Docteur Pierre Masfrand,44.85804,-0.53539
202300018039,9,8,2023,2025-12-05 12:43:00,1,29,29150,2,1,1,3,Rue De Bellevue,47.805552,-3.628665
202300018040,19,11,2023,2025-12-05 10:30:00,1,87,87202,2,1,2,6,55 Route De Saint Junien,45.892695,1.05436
202300018041,3,6,2023,2025-12-05 16:45:00,1,78,78350,2,3,1,6,Montbuisson (Rue De),48.86026,2.12089
202300018042,9,8,2023,2025-12-05 10:45:00,1,29,29020,1,2,1,3,Route De Menez Rouz,48.05297484,-4.05322552
202300018043,31,5,2023,2025-12-05 10:20:00,1,29,29232,2,3,1,3,Boulevard Des Freres Maillet,48.00172,-4.09311
202300018044,4,7,2023,2025-12-05 13:09:00,1,78,78498,2,1,1,3,Rue Du Port,48.93389,2.03866
202300018045,30,5,2023,2025-12-05 19:55:00,1,28,28218,2,1,1,6,Bruxelles (Rue De),48.43,1.44
202300018046,9,8,2023,2025-12-05 18:30:00,1,29,29197,2,1,1,4,Rue De Locqueran,48.01853957,-4.5251441
202300018047,19,11,2023,2025-12-05 00:01:00,4,77,77182,2,1,2,1,D934,48.775758,3.31532
202300018048,31,5,2023,2025-12-05 18:40:00,1,22,22278,1,9,1,6,Rn12,48.50803,-2.73672
202300018049,9,8,2023,2025-12-05 11:28:00,1,15,15119,1,1,1,7,Rd 21,45.25544,3.177283
202300018050,18,11,2023,2025-12-05 18:07:00,3,56,56177,1,3,2,3,Route De Landaul,47.769626,-3.025939
202300018051,31,5,2023,2025-12-05 18:30:00,1,13,13215,2,1,2,1,Littoral (Chemin Du),43.33634,5.35339
202300018052,4,7,2023,2025-12-05 17:55:00,1,77,77495,2,1,1,3,Europe (Avenue De L'),48.56594,2.63032
202300018053,8,8,2023,2025-12-05 16:30:00,1,1,1093,1,1,1,3,D936,46.123758,4.950266
202300018054,4,7,2023,2025-12-05 20:20:00,1,77,77284,2,1,1,1,Briand (Rue Aristide),48.95586,2.88953
202300018055,9,8,2023,2025-12-05 18:30:00,1,26,26125,1,9,7,6,Route D'Allex,44.756867,4.95139
202300018056,30,5,2023,2025-12-05 11:46:00,1,11,11069,1,1,1,3,-,43.2363,2.3703
202300018057,19,11,2023,2025-12-05 18:10:00,3,76,76597,1,1,2,4,D149,49.753171,0.889549
202300018058,18,11,2023,2025-12-05 21:00:00,3,79,79172,1,1,2,7,Adresse_Inconnue,46.510385,-0.333581
202300018059,9,8,2023,2025-12-05 17:45:00,1,66,66193,1,1,1,2,Adresse_Inconnue,42.565702,2.313716
202300018060,30,5,2023,2025-12-05 11:00:00,1,11,11069,2,1,1,2,19 Boulevard Paul Sabatier,43.2159,2.3606
202300018061,3,7,2023,2025-12-05 11:35:00,1,76,76351,2,3,1,6,Acacias (Des),49.50899,0.14046
202300018062,29,7,2023,2025-12-05 23:35:00,3,5,5011,1,1,1,7,Rd942,44.525693,6.177658
202300018063,28,5,2023,2025-12-05 18:00:00,1,6,6083,2,1,1,1,Delattre De Tassigny (Allee),43.788,7.493
202300018064,9,8,2023,2025-12-05 17:00:00,1,10,10287,1,1,1,6,D50,48.319834,4.377151
202300018065,15,11,2023,2025-12-05 11:00:00,1,82,82135,1,2,1,3,D930,43.891174,1.432525
202300018066,4,7,2023,2025-12-05 23:09:00,5,74,74305,2,6,1,3,Esperance (Rue De),46.20066,6.24948
202300018067,10,8,2023,2025-12-05 02:45:00,3,7,7191,1,6,1,7,Chemin De Chateau Reynard,44.596545,4.715624
202300018068,30,5,2023,2025-12-05 19:00:00,1,6,6069,2,1,1,1,Victor Hugo  (Bd),43.653994,6.918878
202300018069,4,7,2023,2025-12-05 14:00:00,1,74,74012,2,1,1,3,Geneve (Rue De),46.192806,6.229582
202300018070,18,11,2023,2025-12-05 11:10:00,1,65,65183,2,1,1,1,Rue De Hount Herede,43.231263,0.417239
202300018071,10,8,2023,2025-12-05 18:15:00,1,53,53269,1,1,7,7,D102,48.323868,-0.855319
202300018072,31,5,2023,2025-12-05 11:47:00,1,6,6029,2,1,1,6,Tonner (Avenue Francis),43.54993,6.96569
202300018073,26,6,2023,2025-12-05 14:00:00,1,73,73065,2,1,1,6,Houille Blanche (Avenue De La),45.58377,5.89367
202300018074,9,8,2023,2025-12-05 19:30:00,1,53,53084,1,1,1,6,Rd 771,47.835305,-0.983008
202300018075,18,11,2023,2025-12-05 23:00:00,5,11,11116,1,1,1,2,D413,43.260456,3.008254
202300018076,9,8,2023,2025-12-05 10:14:00,1,4,4209,2,9,1,6,Avenue Du Stade,44.182962,5.946763
202300018077,23,6,2023,2025-12-05 07:50:00,1,70,70550,2,3,1,3,Montoillotte (Chemin De La),47.63435,6.14166
202300018078,31,5,2023,2025-12-05 17:36:00,1,75,75106,2,3,1,4,Rue De Sevres,48.851879,2.328631
202300018079,18,11,2023,2025-12-05 15:20:00,1,89,89482,1,1,2,1,D965,47.817578,3.908944
202300018080,10,8,2023,2025-12-05 09:12:00,1,4,4140,1,1,1,7,D946,44.172994,5.625386
202300018081,19,11,2023,2025-12-05 03:20:00,3,89,89344,2,1,2,6,D965,47.69939,3.173163
202300018082,6,8,2023,2025-12-05 06:20:00,2,4,4219,1,1,1,6,D908,44.110638,6.578965
202300018083,4,7,2023,2025-12-05 13:33:00,1,69,69259,2,2,1,3,Boulevard Marcel Sembat,45.71433,4.87929
202300018084,31,5,2023,2025-12-05 01:40:00,5,75,75106,2,3,1,3,Avenue De L Observatoire,48.842522,2.337492
202300018085,6,8,2023,2025-12-05 16:00:00,1,85,85172,2,1,1,2,Rd753,46.820341,-1.986278
202300018086,19,11,2023,2025-12-05 01:55:00,3,63,63178,1,1,1,6,D 996 Route De Parentignat,45.543193,3.275127