num_acc,jour,mois,an,hrmn,lum,dep,com,agg,int,atm,col,adr,lat,long
202300018087,4,7,2023,2025-12-05 10:30:00,1,69,69199,2,3,1,3,Avenue Jean Jaures,45.7145,4.8548
202300018088,30,5,2023,2025-12-05 20:50:00,1,75,75105,2,2,1,1,Quai De La Tournelle,48.849958,2.354884
202300018089,10,8,2023,2025-12-05 12:00:00,1,37,37046,1,1,1,6,D511,47.228851,1.158639
202300018090,4,7,2023,2025-12-05 07:50:00,1,67,67482,2,1,1,6,Zurich (Rue De),48.58057,7.75641
202300018091,10,8,2023,2025-12-05 10:45:00,1,68,68375,2,1,1,2,Rue D'Ensisheim,47.809712,7.240779
202300018092,10,8,2023,2025-12-05 10:18:00,1,77,77099,1,1,1,6,Autoroute A77 Pk 009.100,48.148694,2.749672
202300018093,3,7,2023,2025-12-05 20:30:00,2,67,67482,2,1,1,6,Federation (Route De La),48.563855,7.742069
202300018094,30,5,2023,2025-12-05 20:00:00,1,75,75119,2,2,1,2,Boulevard Serurier,48.880126,2.398559
202300018095,18,11,2023,2025-12-05 17:37:00,2,86,86039,1,1,1,1,Voie Communale,46.240522,0.163137
202300018096,9,8,2023,2025-12-05 23:45:00,3,13,13091,1,1,1,6,D7N,43.60125377,5.34450393
202300018097,23,6,2023,2025-12-05 17:40:00,1,67,67462,2,1,1,6,Colmar (Route De),48.25256,7.43937
202300018098,19,11,2023,2025-12-05 14:00:00,1,29,29272,1,1,1,6,Croissant Kerleanou,47.956562,-3.888307
202300018099,31,5,2023,2025-12-05 11:10:00,1,75,75117,2,7,1,3,Boulevard Malesherbes,48.883353,2.309513
202300018100,9,8,2023,2025-12-05 14:44:00,1,40,40295,1,9,1,4,A63 Bpv,44.346885,-0.860345
202300018101,4,7,2023,2025-12-05 19:45:00,1,64,64445,2,1,1,2,Tourasse,43.311,-0.35082
202300018102,19,11,2023,2025-12-05 13:20:00,1,2,2543,2,1,1,6,13 Avenue De La Gare,49.178109,3.263224
202300018103,31,5,2023,2025-12-05 16:30:00,1,75,75116,2,7,1,3,Avenue Victor Hugo,48.869541,2.28503
202300018104,9,8,2023,2025-12-05 18:25:00,1,1,1373,1,1,1,6,Autoroute A40 Pk 121+100 Vers Geneve,46.130586,5.595405
202300018105,4,7,2023,2025-12-05 14:00:00,1,64,64445,1,9,1,3,Louis Sallenave,43.31726,-0.36028
202300018106,18,11,2023,2025-12-05 01:45:00,5,84,84070,2,1,1,6,19 Chemin De Saint-Felix,44.018629,5.15936
202300018107,8,8,2023,2025-12-05 15:10:00,1,6,6152,1,6,1,2,Route Du Parc,43.616598,7.038247
202300018108,2,7,2023,2025-12-05 21:55:00,1,64,64024,2,1,1,7,Bayonne (Avenue De),43.480559,-1.514037
202300018109,31,5,2023,2025-12-05 10:48:00,1,75,75115,2,7,1,3,Rond Point Du Pont Mirabeau,48.846082,2.276972
202300018110,10,8,2023,2025-12-05 06:30:00,2,27,27390,1,1,1,7,Rn 154 Pk 007.200,48.837831,1.182532
202300018111,3,7,2023,2025-12-05 02:55:00,5,64,64102,2,1,1,2,Saint Bernard (Chemin De),43.507447,-1.487269
202300018112,19,11,2023,2025-12-05 18:28:00,3,66,66085,2,2,1,3,Adresse_Inconnue,42.55615727,2.36388445
202300018113,31,5,2023,2025-12-05 08:10:00,1,75,75115,2,3,1,6,Rue Lecourbe,48.838766,2.290202
202300018114,10,8,2023,2025-12-05 18:35:00,1,27,27188,1,1,1,2,A13 Pk 106.000,49.299144,1.120133
202300018115,19,11,2023,2025-12-05 10:30:00,1,54,54533,2,4,1,6,20 Rue D'Alsace,49.32641563,5.92186689
202300018116,31,5,2023,2025-12-05 11:40:00,1,75,75114,2,3,1,6,Rue Du Montparnasse,48.842985,2.326324
202300018117,4,7,2023,2025-12-05 10:19:00,1,63,63014,2,9,1,3,Roussillon (Avenue Du),45.75552,3.12925
202300018118,10,8,2023,2025-12-05 07:50:00,1,78,78009,1,1,1,2,"Autoroute A10, Pk32, Sens Paris / Province, Commune De Allainville 78660",48.484003,1.912965
202300018119,17,11,2023,2025-12-05 14:30:00,1,72,72367,2,1,1,6,10 Rue De La Juiverie,47.962385,-0.075121
202300018120,30,5,2023,2025-12-05 14:40:00,1,75,75114,2,1,1,6,Boulevard Brune,48.827389,2.307173
202300018121,5,8,2023,2025-12-05 15:45:00,1,66,66008,2,6,1,6,Adresse_Inconnue,42.550997,3.046829
202300018122,4,7,2023,2025-12-05 08:30:00,1,59,59350,2,9,1,3,Fluvial Port,50.62258,3.02823
202300018123,18,11,2023,2025-12-05 11:35:00,1,6,6059,1,1,1,1,M45 - Route De La Turbie,43.729088,7.367352
202300018124,9,8,2023,2025-12-05 20:00:00,1,34,34189,2,6,1,3,Route De Beziers,43.283758,2.736293
202300018125,2,7,2023,2025-12-05 02:10:00,5,59,59345,2,1,1,6,Derveaux (Rue Famille),50.33998,3.17544
202300018126,31,5,2023,2025-12-05 22:10:00,5,75,75113,2,3,1,6,Rue De Tolbiac,48.828476,2.372929
202300018127,5,8,2023,2025-12-05 23:52:00,5,13,13041,2,1,1,1,Avenue De Nice,43.460684,5.480456
202300018128,4,7,2023,2025-12-05 08:40:00,1,58,58194,2,1,1,2,Pont De Loire,46.98314,3.15922
202300018129,19,11,2023,2025-12-05 00:05:00,5,6,6038,2,1,1,1,Route De Nice,43.678957,6.973658
202300018130,31,5,2023,2025-12-05 00:20:00,5,75,75113,2,2,1,1,Avenue De La Porte D Italie,48.81887,2.359546
202300018131,9,8,2023,2025-12-05 17:30:00,1,68,68344,1,1,1,7,Col De Bussang (Col De Montagne),47.889273,6.899452
202300018132,19,11,2023,2025-12-05 16:45:00,2,50,50417,1,1,2,7,La Poule,49.578984,-1.353722
202300018133,3,7,2023,2025-12-05 10:00:00,1,57,57672,1,1,1,6,Albert 1Er (Avenue) - Impair,49.36013,6.17087
202300018134,30,5,2023,2025-12-05 09:15:00,1,75,75113,2,3,1,3,Boulevard Vincent Auriol,48.831703,2.357934
202300018135,9,8,2023,2025-12-05 10:56:00,1,88,88261,2,2,1,1,Chemin Des Aulnes,48.202241,6.690003
202300018136,4,7,2023,2025-12-05 08:30:00,1,51,51454,2,3,1,3,De Lattre De Tassigny (Boulevard),49.2561,4.0616
202300018137,31,5,2023,2025-12-05 11:40:00,1,75,75112,2,1,1,6,Route De La Pyramide,48.838432,2.439025
202300018138,19,11,2023,2025-12-05 12:37:00,1,10,10254,1,2,1,3,D76,48.58384,3.516623
202300018139,9,8,2023,2025-12-05 16:10:00,1,73,73132,1,1,1,6,D70 Route Des Traverses,45.750936,6.591432
202300018140,29,5,2023,2025-12-05 01:15:00,5,51,51454,2,1,1,7,Roubaix (Rue De),49.23518,4.02406
202300018141,5,8,2023,2025-12-05 14:15:00,1,69,69143,2,3,1,3,46 Avenue Auguste Wissel,45.883929,4.849166
202300018142,31,5,2023,2025-12-05 10:07:00,1,75,75112,2,3,1,3,Rue De Bercy,48.842091,2.376396
202300018143,19,11,2023,2025-12-05 11:00:00,1,21,21003,1,1,1,2,D 107 A,47.383049,5.025124
202300018144,3,7,2023,2025-12-05 19:45:00,1,50,50129,1,1,1,1,Amfreville (Rue D'),49.647,-1.73589
202300018145,10,8,2023,2025-12-05 17:30:00,1,69,69116,1,1,1,3,Route Departementale 306,45.824269,4.763775
202300018146,19,11,2023,2025-12-05 10:30:00,1,40,40007,1,1,1,6,2212 Route Du Luy De France,43.59719428,-0.62499762
202300018147,31,5,2023,2025-12-05 08:40:00,1,75,75112,2,3,1,2,Avenue Daumesnil,48.837521,2.42533
202300018148,2,7,2023,2025-12-05 18:10:00,1,50,50129,2,3,1,3,Leclerc (Rue Du General),49.6404,-1.5977
202300018149,18,11,2023,2025-12-05 10:45:00,1,40,40131,1,1,1,7,D626,43.97675,-0.208724
202300018150,9,8,2023,2025-12-05 15:25:00,1,49,49298,2,3,1,3,Rue Yves Chauvin (Saint-Leger-Des-Bois),47.46916,-0.695432
202300018151,3,7,2023,2025-12-05 18:49:00,1,49,49007,2,1,1,6,Pignerolles,47.46877,-0.56067
202300018152,31,5,2023,2025-12-05 18:32:00,1,75,75111,2,2,1,6,Avenue De La Republique,48.864615,2.378013
202300018153,16,11,2023,2025-12-05 17:46:00,2,17,17326,1,1,1,1,Route De Saint Maigrin,45.493894,-0.296556
202300018154,4,7,2023,2025-12-05 05:04:00,3,47,47323,1,1,1,6,Riou De Metge,44.4082,0.70725
202300018155,9,8,2023,2025-12-05 22:15:00,5,44,44026,2,3,1,3,122 Route De Paris,47.26598552,-1.48770601
202300018156,31,5,2023,2025-12-05 17:30:00,1,75,75111,2,3,1,3,Rue De La Fontaine Au Roi,48.86812,2.372411
202300018157,4,7,2023,2025-12-05 02:45:00,3,46,46042,2,4,1,6,Ormeaux (Cote Des),44.45998,1.43162
202300018158,10,8,2023,2025-12-05 02:45:00,3,14,14066,2,1,1,6,Route De Courseulles,49.32944,-0.434588
202300018159,18,11,2023,2025-12-05 14:51:00,1,37,37098,1,2,8,1,D910,47.05116783,0.613904
202300018160,4,7,2023,2025-12-05 18:25:00,1,44,44184,2,2,1,3,44Bis Rue Du Commandant Gate,47.2757049,-2.2215141
202300018161,9,8,2023,2025-12-05 13:20:00,1,22,22277,1,1,1,1,Le Moulin Neuf,48.409164,-2.862958
202300018162,28,5,2023,2025-12-05 19:20:00,1,75,75108,2,3,1,6,Cours La Reine,48.865071,2.315569
202300018163,9,8,2023,2025-12-05 22:00:00,2,22,22186,2,1,1,1,Rue Clemenceau,48.586633,-2.544215
202300018164,3,7,2023,2025-12-05 16:00:00,1,42,42044,2,4,1,2,Place Jean Jaures,45.39613,4.32457
202300018165,10,8,2023,2025-12-05 17:00:00,1,76,76684,1,1,1,6,D39,49.486995,0.463325
202300018166,2,7,2023,2025-12-05 14:45:00,1,41,41018,1,1,1,7,Pingres (Chemin Des),47.5807,1.35083
202300018167,31,5,2023,2025-12-05 18:40:00,1,75,75114,2,3,1,2,Place De Mazagran,48.816112,2.343916
202300018168,19,11,2023,2025-12-05 19:05:00,3,13,13091,2,1,1,6,Chemin Du Val Dernier,43.626811,5.295941
202300018169,3,7,2023,2025-12-05 10:20:00,1,37,37214,2,1,8,6,Portillon (Rue),47.40621,0.6794
202300018170,31,5,2023,2025-12-05 10:10:00,1,75,75114,2,1,1,6,Rue D Alesia,48.828233,2.32561
202300018171,9,8,2023,2025-12-05 12:10:00,1,33,33063,1,1,1,6,Rocade A 630,44.8839009,-0.55809259
202300018172,19,11,2023,2025-12-05 06:45:00,4,13,13037,2,1,1,3,Avenue Du General De Gaulle,43.550562,5.213603
202300018173,4,7,2023,2025-12-05 20:04:00,1,35,35051,2,1,1,2,Valette (Route De La),48.11661,-1.59343
202300018174,31,5,2023,2025-12-05 15:50:00,1,75,75104,2,2,1,3,Boulevard Beaumarchais,48.855823,2.368484
202300018175,18,11,2023,2025-12-05 13:35:00,1,6,6088,1,1,1,7,Autoroute A8 Peage Saint-Isidore,43.699956,7.188296
202300018176,4,7,2023,2025-12-05 17:05:00,1,35,35238,1,1,2,2,Rocade 6-7,48.11875,-1.719952
202300018177,8,8,2023,2025-12-05 12:10:00,1,33,33096,1,1,1,2,Autoroute A 10,44.89118802,-0.50207734
202300018178,31,5,2023,2025-12-05 09:40:00,1,94,94081,2,3,7,3,Av Du President Salvador Allende / Rue De Seine,48.795565,2.406884
202300018179,29,6,2023,2025-12-05 12:07:00,1,35,35150,2,9,2,3,Parc (Le) Lieux-Dits,48.35145,-1.2265
202300018180,18,11,2023,2025-12-05 05:28:00,3,34,34135,1,1,1,2,A9,43.275341,3.18286
202300018181,8,8,2023,2025-12-05 09:40:00,1,33,33122,1,1,1,4,Autoroute A 63,44.75293,-0.69114
202300018182,31,5,2023,2025-12-05 16:30:00,1,94,94078,2,1,1,3,30 Place Pierre Semard,48.7297,2.44694
202300018183,4,7,2023,2025-12-05 22:31:00,5,33,33039,2,1,1,2,Route De Toulouse,44.78466,-0.56618
202300018184,31,5,2023,2025-12-05 14:30:00,1,94,94078,2,1,1,6,Rue Des Vignes,48.731848,2.450854
202300018185,8,8,2023,2025-12-05 23:55:00,4,91,91689,1,1,1,3,Autoroute A6B,48.74192,2.32013
202300018186,17,11,2023,2025-12-05 19:15:00,3,13,13051,1,1,1,2,Autoroute A7 Pk 240+200,43.591636,5.181631
202300018187,3,7,2023,2025-12-05 13:00:00,1,30,30189,2,1,1,2,Adresse_Inconnue,43.8878609,4.29623938
202300018188,30,5,2023,2025-12-05 17:42:00,1,94,94078,2,1,1,6,Rue Jean-Jacques Rousseau,48.74792503,2.45064412
202300018189,9,8,2023,2025-12-05 01:15:00,5,92,92050,1,1,1,6,A86,48.90255581,2.20307529
202300018190,18,11,2023,2025-12-05 17:10:00,3,45,45094,1,1,2,6,A6 Pr 92 + 500,48.149834,2.90197
202300018191,9,8,2023,2025-12-05 14:30:00,1,95,95527,1,1,1,6,A1,49.00052596,2.52228228
202300018192,31,5,2023,2025-12-05 09:00:00,1,94,94015,2,1,1,6,16 Rue De Cherbourg,48.843158,2.523668
202300018193,3,7,2023,2025-12-05 07:20:00,1,29,29019,2,3,1,6,Route Des Quatre Pompes,48.374989,-4.531698
202300018194,25,10,2023,2025-12-05 13:53:00,1,77,77168,1,1,3,6,"Autoroute A6, Pk 92+450, Sens  Courtenay Vers Paris",48.171953,2.86078
202300018195,9,8,2023,2025-12-05 06:30:00,2,93,93066,1,1,1,3,Autoroute A86,48.92465,2.3407
202300018196,30,5,2023,2025-12-05 23:30:00,5,94,94041,2,2,1,3,56 Bd Paul Vaillant Couturier,48.81809968,2.39792785
202300018197,4,7,2023,2025-12-05 15:20:00,1,26,26362,2,1,1,3,Avenue De Romans,44.93549,4.90948
202300018198,18,11,2023,2025-12-05 23:20:00,3,95,95002,1,1,2,2,D28,49.078284,1.97344
202300018199,18,11,2023,2025-12-05 01:10:00,3,95,95141,1,1,2,6,D14G3,49.144605,1.803346
202300018200,28,5,2023,2025-12-05 17:00:00,1,83,83100,1,1,1,6,Route De Pierrefeu,43.274999,6.14802
202300018201,30,5,2023,2025-12-05 18:25:00,1,94,94041,2,1,1,3,Avenue Jean Jaures,48.81058,2.403432
202300018202,4,7,2023,2025-12-05 09:35:00,1,25,25056,2,2,1,3,Boulevard Leon Blum,47.25786,6.0227
202300018203,18,11,2023,2025-12-05 19:50:00,3,78,78366,1,1,2,6,Chemin Du Moulin De L'Hirondelle (Pont),48.787209,1.847793
202300018204,30,5,2023,2025-12-05 02:37:00,5,94,94041,2,2,1,3,Rue Pierre Et Marie Curie,48.81527069,2.37561509
202300018205,3,7,2023,2025-12-05 15:18:00,1,15,15012,2,1,1,7,24 Rue Du Four A Chaux,44.90382,2.47096
202300018206,19,11,2023,2025-12-05 10:35:00,1,84,84068,1,1,1,3,D943,43.787826,5.347767
202300018207,26,5,2023,2025-12-05 17:45:00,1,83,83069,2,1,1,5,Pierrefeu (Route De) Rd 12,43.160685,6.125609
202300018208,29,5,2023,2025-12-05 09:10:00,1,94,94033,2,2,1,6,Place Moreau-David,48.84371204,2.46584339
202300018209,4,7,2023,2025-12-05 19:45:00,1,14,14079,2,2,2,2,7 Avenue Michel D'Ornano,49.340495,0.032179
202300018210,8,8,2023,2025-12-05 12:15:00,1,85,85191,2,1,1,6,Rd763,46.676546,-1.429701
202300018211,31,5,2023,2025-12-05 14:00:00,1,94,94028,2,1,1,2,Avenue Des Compagnons De La Liberation,48.77755957,2.45750796
202300018212,4,7,2023,2025-12-05 08:40:00,1,13,13106,2,1,1,6,Docteur Edouard Sauze (Avenue Du),43.40625,5.36168
202300018213,8,8,2023,2025-12-05 22:15:00,5,69,69264,2,5,1,6,Boulevard Jean Jaures,45.986979,4.714771
202300018214,19,11,2023,2025-12-05 12:30:00,1,83,83077,1,1,1,3,Route De Brignoles,43.297409,5.983461
202300018215,31,5,2023,2025-12-05 15:40:00,1,94,94017,2,2,1,6,20 Rue Louis Talamoni,48.8133025,2.51125279
202300018216,4,7,2023,2025-12-05 06:00:00,1,13,13117,2,1,1,1,Zi Estroublans Rn 113,43.44353,5.24213
202300018217,31,5,2023,2025-12-05 17:15:00,1,94,94017,2,1,1,6,527 Avenue Maurice Thorez,48.81322747,2.53704069
202300018218,8,8,2023,2025-12-05 19:05:00,1,92,92025,2,2,1,3,Moslard 1 A 95   2 A 100 (Rue),48.91274183,2.23938525
202300018219,4,7,2023,2025-12-05 20:25:00,2,13,13001,2,2,1,3,Borel Gilles (Ch),43.51791,5.45927
202300018220,31,5,2023,2025-12-05 09:00:00,1,94,94071,2,1,1,6,Avenue Georges Pompidou,48.771325,2.5237
202300018221,21,5,2023,2025-12-05 21:00:00,1,74,74281,1,1,7,6,Visitation (Route De La),46.34575,6.4543
202300018222,4,7,2023,2025-12-05 19:36:00,1,10,10325,2,6,2,3,Rocade Ouest (Rd 610),48.2679,4.062
202300018223,31,5,2023,2025-12-05 06:25:00,1,94,94075,2,1,1,3,Av Du Mal De Lattre De Tassigny,48.72768,2.530454
202300018224,8,8,2023,2025-12-05 13:25:00,1,974,97405,1,1,1,2,Rn2 (1),-21.36193,55.53841
202300018225,3,7,2023,2025-12-05 17:45:00,1,10,10081,2,3,1,3,Jean Mermoz (Rue),48.311774,4.036672
202300018226,7,8,2023,2025-12-05 15:55:00,1,974,97416,1,1,1,7,Isautier (Avenue Charles),-21.31549,55.45159
202300018227,31,5,2023,2025-12-05 14:00:00,1,93,93078,2,1,1,4,22 Route De Tremblay,48.966764,2.542174
202300018228,18,11,2023,2025-12-05 16:45:00,2,42,42147,2,1,1,3,Avenue De La Liberation,45.602553,4.069874
202300018229,24,6,2023,2025-12-05 12:00:00,1,7,7186,2,3,1,3,Hugo (Place Victor),44.73508,4.59624
202300018230,7,8,2023,2025-12-05 16:40:00,1,974,97416,1,1,1,5,Rn3 (1),-21.30682,55.42998
202300018231,31,5,2023,2025-12-05 00:10:00,5,93,93073,2,3,1,3,Treizieme Avenue / Onzieme Avenu,48.96366,2.57224
202300018232,6,8,2023,2025-12-05 00:05:00,5,973,97302,2,1,1,7,Eugene Gobert(Rue),4.93158029,-52.33270749
202300018233,4,7,2023,2025-12-05 13:10:00,1,6,6004,2,3,1,3,Nice(Rn.7) Av.Et Rte De,43.596259,7.12004
202300018234,17,11,2023,2025-12-05 18:40:00,5,38,38474,2,1,2,3,Avenue De Romans,45.199129,5.670305
202300018235,31,5,2023,2025-12-05 14:45:00,1,93,93064,2,1,1,2,Boulevard Gabriel Peri,48.87882668,2.472233
202300018236,8,8,2023,2025-12-05 14:05:00,1,69,69388,2,1,1,2,Avenue Viviani,45.72588951,4.86640523
202300018237,3,7,2023,2025-12-05 21:35:00,1,3,3101,1,1,1,6,Route De Chateauroux,46.40117,2.53226
202300018238,31,5,2023,2025-12-05 16:49:00,1,93,93051,2,1,1,3,Avenue Montaigne,48.84481,2.53896
202300018239,18,11,2023,2025-12-05 23:45:00,3,69,69255,2,1,1,1,29 Rue De Lyon,45.734033,4.664697
202300018240,8,8,2023,2025-12-05 12:45:00,1,69,69383,2,1,1,6,Cours Richard Vitton,45.75413431,4.88530608
202300018241,4,7,2023,2025-12-05 16:50:00,1,75,75120,2,1,1,2,Bd Peripherique Exterieur,48.848263,2.414947
202300018242,31,5,2023,2025-12-05 09:15:00,1,93,93048,2,2,1,3,Boulevard De La Boissiere / Boulevard Aristide Briand,48.87803407,2.45746002
202300018243,19,11,2023,2025-12-05 11:15:00,1,81,81182,1,1,1,7,Chemin De La Coste,43.732654,2.324252
202300018244,7,8,2023,2025-12-05 09:10:00,1,972,97209,2,1,1,3,Chateauboeuf (Route De),14.61875,-61.04498
202300018245,18,11,2023,2025-12-05 13:30:00,1,65,65059,2,1,1,7,Rd 938 Route De Toulouse,43.07593,0.158835
202300018246,6,8,2023,2025-12-05 22:00:00,5,69,69381,2,1,1,7,Tunnel De La Croix-Rousse,45.77356302,4.82532935
202300018247,31,5,2023,2025-12-05 13:30:00,1,93,93046,2,3,1,3,Allee De Penthievre / Avenue Liegeard,48.92632142,2.52579476
202300018248,19,11,2023,2025-12-05 00:20:00,3,9,9210,1,1,1,6,Montoulieu,42.908443,1.638422
202300018249,8,8,2023,2025-12-05 16:50:00,1,971,97113,1,1,1,3,Rn4 - Section Riviera,16.21754,-61.49419
202300018250,19,11,2023,2025-12-05 21:10:00,3,87,87167,1,1,5,6,D56A,45.901059,1.464357
202300018251,28,5,2023,2025-12-05 14:28:00,1,93,93031,2,2,1,6,Avenue De Lattre De Tassigny,48.95963,2.30432
202300018252,8,8,2023,2025-12-05 12:10:00,1,2A,2A004,2,1,1,6,Rossini Pascal Bd,41.91621,8.73124
202300018253,19,11,2023,2025-12-05 04:40:00,3,16,16236,1,1,1,6,D12,45.581893,0.129025
202300018254,31,5,2023,2025-12-05 08:15:00,1,93,93014,2,1,1,4,Boulevard Gagarine,48.90580425,2.53963902
202300018255,31,5,2023,2025-12-05 19:55:00,1,93,93010,2,1,1,6,Avenue Henri Varagnat,48.91514241,2.48404662
202300018256,4,8,2023,2025-12-05 09:10:00,1,87,87085,2,1,2,2,Broglie (Avenue Louis De),45.88209559,1.29009604
202300018257,19,11,2023,2025-12-05 17:15:00,1,22,22162,1,3,1,6,Chemin De Kerbiguet,48.766081,-3.100845
202300018258,19,11,2023,2025-12-05 14:15:00,1,76,76743,2,1,8,6,2743 Route De Duclair,49.527559,0.930405
202300018259,30,5,2023,2025-12-05 19:40:00,1,93,93007,2,3,1,3,Avenue Descartes / Avenue Des Cosmonautes,48.95019,2.45463
202300018260,7,8,2023,2025-12-05 09:59:00,1,86,86194,2,2,1,1,Avenue De Nantes,46.58561,0.3332
202300018261,5,8,2023,2025-12-05 09:10:00,1,84,84007,1,1,1,2,Rognonas (Pont De),43.91567,4.80878
202300018262,31,5,2023,2025-12-05 15:00:00,1,92,92051,2,1,1,6,Ybry (Rue),48.88760889,2.26026803
202300018263,31,5,2023,2025-12-05 10:20:00,1,92,92051,2,9,1,6,Sablons (Boulevard Des),48.8795,2.27114
202300018264,7,8,2023,2025-12-05 19:40:00,1,83,83129,2,1,1,7,Juin Marechal (Av Du),43.096149,5.849067
202300018265,17,11,2023,2025-12-05 19:11:00,5,83,83144,1,1,1,2,A57,43.1342081,5.98745607
202300018266,30,5,2023,2025-12-05 21:21:00,1,92,92020,2,3,1,7,Gay-Lussac Rue Ndeg Pairs,48.80639542,2.27671668
202300018267,18,11,2023,2025-12-05 00:55:00,3,33,33075,1,1,1,6,Rocade A 630,44.88779288,-0.5796361
202300018268,4,8,2023,2025-12-05 17:45:00,1,80,80021,2,2,1,3,Marechal De Lattre De Tassigny (Rue Du),49.89024,2.29084
202300018269,31,5,2023,2025-12-05 16:20:00,1,92,92026,2,9,1,1,Mission Marchand (Cote Pair),48.89979643,2.23996568
202300018270,18,11,2023,2025-12-05 18:10:00,3,91,91347,1,1,2,6,Rn 104,48.62286,2.28921
202300018271,18,11,2023,2025-12-05 12:20:00,1,91,91228,1,1,2,7,Rn 449,48.63433,2.40608
202300018272,31,5,2023,2025-12-05 07:50:00,1,92,92032,2,1,1,6,Dolivet J Et M (Avenue),48.79143618,2.28954166
202300018273,31,5,2023,2025-12-05 19:35:00,1,92,92012,2,1,1,3,Point Du Jour (Quai Du),48.8325419,2.2597973
202300018274,18,11,2023,2025-12-05 14:28:00,1,92,92002,1,1,3,2,Autoroute A10,48.73048853,2.30839062
202300018275,7,8,2023,2025-12-05 19:55:00,1,78,78238,1,6,1,3,Renault (Route De),48.96976,1.86408
202300018276,18,11,2023,2025-12-05 09:04:00,1,91,91659,1,1,3,7,Autoroute A6,48.57865,2.46318
202300018277,6,8,2023,2025-12-05 00:25:00,3,77,77514,1,1,3,6,Route Nationale 3,48.93546,2.61318
202300018278,31,5,2023,2025-12-05 20:30:00,1,92,92012,1,2,1,3,Paul Bert (Rue),48.83475953,2.23945946
202300018279,7,8,2023,2025-12-05 11:00:00,1,76,76351,2,3,1,3,Louis Lumiere,49.52703,0.13002
202300018280,18,11,2023,2025-12-05 03:45:00,3,91,91661,1,1,2,5,Autoroute A10,48.69787,2.24088
202300018281,31,5,2023,2025-12-05 09:25:00,1,92,92012,2,1,1,2,Point Du Jour (Quai Du),48.82505,2.24877
202300018282,30,5,2023,2025-12-05 22:45:00,2,92,92004,2,1,1,7,Bretagne ( Rue De ),48.90490374,2.28338465
202300018283,8,8,2023,2025-12-05 09:45:00,1,72,72181,2,1,1,6,Gaulle General De (Av Du),48.0041,0.20122
202300018284,17,11,2023,2025-12-05 15:20:00,1,91,91521,1,1,1,2,Autoroute A6,48.632,2.406
202300018285,30,5,2023,2025-12-05 16:44:00,1,92,92004,2,1,1,6,Pierre Boudou,48.91380641,2.30160624
202300018286,8,8,2023,2025-12-05 12:55:00,1,69,69275,2,2,1,3,Avenue Jean Jaures,45.7716,4.96795
202300018287,17,11,2023,2025-12-05 20:20:00,3,78,78291,1,1,3,2,A13,48.970257,1.734698
202300018288,8,8,2023,2025-12-05 18:52:00,1,64,64102,1,9,1,6,Philippe Veyrin (Rue),43.49611,-1.48613
202300018289,8,8,2023,2025-12-05 03:54:00,5,64,64102,2,1,1,7,Aritxague (Bd D'),43.48442,-1.49038
202300018290,1,6,2023,2025-12-05 16:00:00,1,83,83136,1,3,1,2,Rd 562,43.485369,6.216615
202300018291,18,11,2023,2025-12-05 01:49:00,3,78,78206,1,1,1,2,A13,48.95474,1.93843
202300018292,7,8,2023,2025-12-05 13:25:00,1,64,64102,2,1,1,1,Navarre (Avenue Henri De),43.49858,-1.44769
202300018293,18,11,2023,2025-12-05 16:25:00,1,95,95582,1,1,2,6,A15,48.96602,2.25752
202300018294,28,5,2023,2025-12-05 17:47:00,1,57,57664,1,1,7,3,D199F,48.778468,6.755143
202300018295,18,11,2023,2025-12-05 10:00:00,1,92,92050,1,1,2,7,Autoroute A86,48.91165005,2.2168204
202300018296,7,8,2023,2025-12-05 10:50:00,2,64,64102,2,1,1,2,Labourd (Pont Du),43.48603,-1.47441
202300018297,31,5,2023,2025-12-05 10:15:00,1,974,97422,2,1,1,6,Rue Bazeilles,-21.282217,55.517108
202300018298,7,8,2023,2025-12-05 17:00:00,1,63,63014,1,1,1,6,Adresse_Inconnue,45.74339014,3.13852787
202300018299,18,11,2023,2025-12-05 05:40:00,3,93,93007,1,1,2,2,Autoroute A1,48.94617059,2.44137667
202300018300,31,5,2023,2025-12-05 15:40:00,1,85,85109,2,1,1,3,Avenue Charles De Gaulle,46.860917,-1.019669
202300018301,8,8,2023,2025-12-05 10:15:00,1,59,59343,2,8,1,3,Faidherbe Rue,50.59106,3.11786
202300018302,18,11,2023,2025-12-05 00:30:00,5,93,93048,1,1,1,3,Autoroute A3,48.87291,2.43567
202300018303,7,8,2023,2025-12-05 16:20:00,1,59,59350,2,1,1,2,Nationale Rue Ndeg2 - 178B-1 - 171,50.63343,3.05406
202300018304,29,5,2023,2025-12-05 13:30:00,1,51,51621,1,1,1,7,Rd 67,49.202738,4.973695
202300018305,17,11,2023,2025-12-05 10:00:00,1,95,95500,1,1,1,2,A15,49.03791015,2.08944082
202300018306,1,6,2023,2025-12-05 19:45:00,1,62,62268,2,1,1,6,Rue De La Gare,50.668015,1.840124
202300018307,8,8,2023,2025-12-05 01:23:00,3,56,56107,2,6,1,3,Minio (Giratoire Du),47.71782,-3.38392
202300018308,30,5,2023,2025-12-05 14:30:00,1,19,19010,1,9,1,6,Route De Saint Privat,45.09436138,1.94940518
202300018309,18,11,2023,2025-12-05 11:20:00,1,94,94017,1,1,1,4,A4,48.82665078,2.51617424
202300018310,31,5,2023,2025-12-05 14:15:00,1,76,76744,2,2,1,3,Rue Du Caud Soleil,49.834287,1.568298