num_acc,jour,mois,an,hrmn,lum,dep,com,agg,int,atm,col,adr,lat,long
202300018311,14,11,2023,2025-12-05 16:45:00,1,974,97416,2,1,1,3,Ligne Paradis(Route De La),-21.3162,55.478
202300018312,31,5,2023,2025-12-05 16:05:00,1,69,69103,2,1,1,1,Route De Jullie,46.23112321,4.7128178
202300018313,17,11,2023,2025-12-05 06:50:00,1,974,97416,1,1,2,7,Maurice Thorez(Chemin),-21.26528,55.47983
202300018314,1,6,2023,2025-12-05 18:45:00,1,63,63469,1,1,1,7,D311,45.768545,3.646581
202300018315,17,11,2023,2025-12-05 21:10:00,5,974,97407,2,1,1,3,Verges(Avenue),-20.9399,55.3064
202300018316,1,6,2023,2025-12-05 15:55:00,1,63,63097,1,1,1,7,Route Departementale 23,45.48749079,3.07432652
202300018317,13,3,2023,2025-12-05 19:55:00,5,67,67482,2,2,3,6,Jean Giraudoux (Rue),48.58717431,7.7008608
202300018318,16,11,2023,2025-12-05 22:10:00,5,973,97302,2,2,1,3,Brasse (Lieutenant),4.93614,-52.33358
202300018319,31,5,2023,2025-12-05 14:10:00,1,42,42234,1,1,1,1,Route De L'Etrat,45.510933,4.384237
202300018320,1,6,2023,2025-12-05 20:50:00,2,46,46028,2,1,1,6,Route De Vayrac,44.944571,1.730473
202300018321,29,5,2023,2025-12-05 11:50:00,1,41,41242,2,6,1,7,Allee De La Gravouille,47.273325,1.557592
202300018322,17,11,2023,2025-12-05 01:40:00,5,69,69386,2,1,1,2,Avenue De Grande-Bretagne,45.77385,4.84183
202300018323,14,3,2023,2025-12-05 20:20:00,5,973,97302,2,3,1,3,Voltaire(Avenue),4.94371776,-52.32272279
202300018324,31,5,2023,2025-12-05 19:30:00,1,39,39475,2,1,1,7,1 Rue Lamartine,46.438175,5.343904
202300018325,17,11,2023,2025-12-05 07:15:00,2,69,69034,2,1,2,3,45 Quai Clemenceau,45.79538865,4.82955872
202300018326,14,3,2023,2025-12-05 12:31:00,1,973,97302,2,2,1,3,Baduel (Route De),4.92844,-52.29349
202300018327,14,3,2023,2025-12-05 17:50:00,1,69,69386,2,1,1,6,45 Boulevard Des Belges,45.77371,4.85115
202300018328,17,11,2023,2025-12-05 07:30:00,1,971,97113,1,9,1,3,Secteur Dampierre,16.20895,-61.47086
202300018329,3,5,2023,2025-12-05 18:20:00,1,35,35069,2,3,1,3,Rue Du Stade Osse,48.056215,-1.450158
202300018330,10,3,2023,2025-12-05 13:30:00,1,972,97209,2,1,1,6,Victor Severe (Rue),14.60562,-61.06914
202300018331,31,5,2023,2025-12-05 16:20:00,1,2,2339,1,1,1,6,Adresse_Inconnue,49.098462,3.189208
202300018332,17,11,2023,2025-12-05 19:05:00,5,95,95585,2,1,2,3,Garges (Route De),48.989464,2.377097
202300018333,14,3,2023,2025-12-05 15:20:00,1,95,95598,2,2,2,3,Avenue Kellermann,48.98146,2.292589
202300018334,31,5,2023,2025-12-05 12:10:00,1,66,66149,2,1,1,1,Adresse_Inconnue,42.622764,2.442012
202300018335,17,11,2023,2025-12-05 18:40:00,5,95,95280,2,6,1,6,Roger Salengro ( Boulevard),49.03226905,2.47394085
202300018336,6,3,2023,2025-12-05 13:50:00,1,95,95306,2,8,1,6,Port Aux Vins (Rue Du),48.98758072,2.16671795
202300018337,31,5,2023,2025-12-05 18:20:00,1,66,66214,2,1,1,1,Adresse_Inconnue,42.539082,2.846296
202300018338,14,3,2023,2025-12-05 17:35:00,1,95,95063,2,1,1,3,Rue Emile Zola,48.92383,2.20685
202300018339,17,11,2023,2025-12-05 10:50:00,1,91,91345,2,2,1,3,Rue Maurice,48.69344,2.29139
202300018340,31,5,2023,2025-12-05 17:10:00,1,6,6079,2,6,1,3,Rond-Point De La Canardiere (Arret De Bus),43.550333,6.946553
202300018341,14,3,2023,2025-12-05 16:50:00,1,91,91027,2,2,2,3,Av Francois Mitterrand,48.705924,2.371725
202300018342,16,11,2023,2025-12-05 08:57:00,1,91,91174,2,7,3,6,Rue Feray,48.60493,2.46787
202300018343,1,6,2023,2025-12-05 15:20:00,1,60,60156,2,1,1,3,68 Rue De La Republique,49.44203656,2.86105112
202300018344,11,3,2023,2025-12-05 12:47:00,1,87,87085,2,2,2,1,Carnot (Boulevard),45.83296,1.25894
202300018345,17,11,2023,2025-12-05 11:05:00,1,91,91223,2,1,1,1,Rd 191,48.43315,2.17881
202300018346,10,3,2023,2025-12-05 18:43:00,1,87,87085,2,1,2,3,Lattre-De-Tassigny (Avenue Du Marechal),45.826996,1.285558
202300018347,1,6,2023,2025-12-05 16:20:00,1,73,73246,1,1,1,2,D1006,45.47046272,5.81861019
202300018348,16,11,2023,2025-12-05 09:19:00,1,87,87085,2,3,3,3,Furth( Rue De),45.81928,1.2231
202300018349,31,5,2023,2025-12-05 12:30:00,1,16,16312,1,2,7,3,D939,45.771287,-0.025122
202300018350,16,11,2023,2025-12-05 07:50:00,2,87,87085,2,1,2,3,Mauvendiere (Rue De La),45.83232,1.25023
202300018351,14,3,2023,2025-12-05 06:05:00,5,76,76351,2,6,1,3,Marceau (Rue),49.49181,0.13264
202300018352,10,3,2023,2025-12-05 23:30:00,5,76,76351,2,1,1,6,Clemenceau (Bd),49.48446,0.10245
202300018353,18,11,2023,2025-12-05 01:40:00,3,78,78440,2,8,2,6,Nouvelle France (Rue),48.98681,1.89469
202300018354,31,5,2023,2025-12-05 13:45:00,1,87,87203,1,3,1,3,La Reynie,45.675707,1.373463
202300018355,14,3,2023,2025-12-05 17:30:00,1,76,76217,2,1,1,6,Verdun (Boulevard De),49.92556,1.07127
202300018356,31,5,2023,2025-12-05 09:50:00,1,987,98734,1,3,1,2,Pk 32.900,-17.753101,-149.540234
202300018357,14,3,2023,2025-12-05 18:40:00,2,69,69266,2,2,1,3,Route De Genas,45.74932,4.91415
202300018358,17,11,2023,2025-12-05 17:20:00,2,77,77284,2,1,1,6,Rose (Bd.Jean),48.96191,2.88017
202300018359,22,5,2023,2025-12-05 17:45:00,1,68,68297,1,1,1,2,Autoroute A35,47.607291,7.526751
202300018360,14,3,2023,2025-12-05 08:25:00,1,64,64445,2,1,3,2,18Eme Regiment D'Infanterie Du,43.29767,-0.38518
202300018361,17,11,2023,2025-12-05 10:45:00,1,77,77333,2,1,1,6,D607,48.26736,2.69853
202300018362,1,6,2023,2025-12-05 15:30:00,1,72,72080,1,1,1,2,Autoroute A11,48.14490927,0.67251205
202300018363,13,3,2023,2025-12-05 16:40:00,1,64,64445,2,6,8,6,Alfred Nobel,43.31872,-0.3075
202300018364,17,11,2023,2025-12-05 07:55:00,2,76,76681,2,1,3,3,Pont De 4 Mares,49.40482,1.10745
202300018365,12,3,2023,2025-12-05 04:50:00,4,63,63113,2,1,2,6,Clementel (Bd Etienne),45.81456,3.10954
202300018366,1,6,2023,2025-12-05 07:40:00,1,57,57468,1,1,1,4,Rn4 Pk32+000,48.764899,7.223672
202300018367,16,11,2023,2025-12-05 16:30:00,1,76,76351,2,4,2,2,General Ferrie (Avenue),49.504473,0.177745
202300018368,11,3,2023,2025-12-05 21:58:00,5,63,63113,2,2,2,2,Blum (Avenue Leon)/ Pochet Lagaye,45.76304,3.09927
202300018369,1,6,2023,2025-12-05 15:25:00,1,45,45317,1,1,1,6,A10 Pr 123 + 70,47.780982,1.592245
202300018370,13,11,2023,2025-12-05 16:33:00,1,73,73008,2,9,2,6,D1201 - Roosevelt Franklin Avenue,45.699464,5.908394
202300018371,14,3,2023,2025-12-05 01:45:00,3,61,61169,1,1,3,6,D25 Pr23+520,48.73261,-0.60475
202300018372,31,5,2023,2025-12-05 14:45:00,1,971,97125,2,1,1,2,Chemin De Bragelogne,16.268568,-61.309955
202300018373,17,11,2023,2025-12-05 13:40:00,1,72,72181,2,9,1,6,Messiaen Olivier (Av) Impairs,48.01474,0.15913
202300018374,14,3,2023,2025-12-05 22:15:00,3,59,59043,1,1,1,6,Paeperstraete (Voie Communale),50.74895,2.71213
202300018375,31,5,2023,2025-12-05 17:00:00,1,28,28015,1,1,1,1,D18,48.484365,1.766932
202300018376,16,11,2023,2025-12-05 13:30:00,1,72,72181,2,9,2,2,Rubillard Av Ndeg Imp 57 Et >,48.01319,0.17623
202300018377,12,3,2023,2025-12-05 15:15:00,1,57,57143,2,3,1,3,Clemenceau (Rue),49.25921,6.09467
202300018378,1,6,2023,2025-12-05 07:50:00,1,77,77510,2,1,1,6,D21,48.81603278,2.794181
202300018379,17,11,2023,2025-12-05 10:35:00,1,71,71076,2,2,7,3,Arnal (Rue Raymond),46.79251,4.85389
202300018380,1,6,2023,2025-12-05 08:30:00,1,84,84141,2,6,1,6,Avenue D'Eguilles,43.986469,4.896727
202300018381,17,11,2023,2025-12-05 08:25:00,1,69,69256,2,1,1,6,59 Rue De La Republique,45.78625183,4.92587075
202300018382,11,3,2023,2025-12-05 11:40:00,1,52,52121,2,3,1,3,Val Barizien (Rue Du),48.10483,5.13033
202300018383,1,6,2023,2025-12-05 18:18:00,1,89,89206,1,1,1,1,D47,47.98048,3.435702
202300018384,17,11,2023,2025-12-05 18:45:00,5,67,67482,2,1,1,3,Ill (Rue De L ),48.61215,7.77702
202300018385,10,3,2023,2025-12-05 17:45:00,1,52,52121,2,1,1,6,Souvenir Francais (Avenue Du),48.10963,5.14329
202300018386,1,6,2023,2025-12-05 18:20:00,1,21,21292,1,1,1,6,D25,47.237727,5.209782
202300018387,14,3,2023,2025-12-05 19:55:00,5,51,51454,2,1,1,7,Rue De Vesle,49.25216,4.02521
202300018388,17,11,2023,2025-12-05 15:07:00,1,67,67482,2,3,3,3,Abbe Lemire (Rue De L ),48.58057,7.72335
202300018389,6,5,2023,2025-12-05 09:50:00,1,67,67028,2,3,1,3,Rue Kullmann,48.367886,7.589927
202300018390,14,3,2023,2025-12-05 14:35:00,1,51,51454,2,4,1,2,Rue Modeste Goulet,49.27447,4.05783
202300018391,17,11,2023,2025-12-05 13:50:00,1,67,67447,2,3,8,6,Abattoir (Rue De L ),48.60509,7.75752
202300018392,31,5,2023,2025-12-05 08:15:00,1,63,63284,2,1,1,3,Avenue De L'Europe,45.794871,3.226612
202300018393,1,6,2023,2025-12-05 06:53:00,2,1,1301,1,1,1,1,Route D'Attignat,46.253903,5.142546
202300018394,14,3,2023,2025-12-05 16:34:00,1,47,47031,2,3,2,3,Jean Jaures (Avenue),44.17659122,0.65838361
202300018395,17,11,2023,2025-12-05 07:45:00,1,67,67482,2,3,3,3,Schulzenfeld (Chemin),48.54413,7.78135
202300018396,1,6,2023,2025-12-05 12:38:00,1,69,69269,1,1,1,1,Route De Thurins,45.698027,4.601555
202300018397,14,3,2023,2025-12-05 08:05:00,2,47,47031,1,3,2,3,Rd17,44.15484,0.6549
202300018398,16,11,2023,2025-12-05 13:40:00,1,67,67482,2,3,3,3,Vosges (Avenue Des),48.59107,7.74614
202300018399,31,5,2023,2025-12-05 07:15:00,1,33,33494,1,1,1,2,17 Route De Lacanau,44.939937,-0.833289
202300018400,13,3,2023,2025-12-05 09:28:00,1,45,45208,2,3,1,3,24 Rue Du Faubourg De La Chaussee,47.99795,2.73915
202300018401,16,11,2023,2025-12-05 17:45:00,5,67,67462,2,9,2,3,General De Gaulle (Avenue Du),48.260409,7.444769
202300018402,1,6,2023,2025-12-05 07:50:00,1,85,85214,1,1,1,1,D80,46.53736,-1.70208
202300018403,13,3,2023,2025-12-05 08:00:00,1,40,40192,2,3,1,3,Villeneuve (Av De),43.88913,-0.46755
202300018404,17,11,2023,2025-12-05 18:45:00,5,64,64129,2,3,1,1,Bayonne De,43.30425,-0.40021
202300018405,14,3,2023,2025-12-05 00:05:00,3,38,38158,1,1,3,6,Rn87,45.15907,5.7504
202300018406,23,5,2023,2025-12-05 09:10:00,1,85,85178,2,3,1,3,35 Boulevard Des Deux Moulins,46.76961,-1.50442
202300018407,17,11,2023,2025-12-05 13:44:00,1,64,64129,2,9,1,6,Jean Mermoz,43.31678,-0.37828
202300018408,14,3,2023,2025-12-05 14:05:00,1,37,37214,2,1,1,6,Voisin (Boulevard Andre-Georges),47.43085,0.67066
202300018409,1,6,2023,2025-12-05 21:11:00,2,27,27275,1,1,7,6,Cote Des Sables,49.156197,1.354365
202300018410,13,3,2023,2025-12-05 15:30:00,1,37,37122,2,6,2,6,Trois Croix (Place Des),47.3504,0.65635
202300018411,17,11,2023,2025-12-05 12:25:00,1,64,64445,1,1,1,4,Martyrs Du Pont Long Des,43.34351127,-0.37981421
202300018412,1,6,2023,2025-12-05 16:50:00,1,60,60612,2,1,1,6,Avenue Claude Debussy,49.205517,2.568516
202300018413,14,3,2023,2025-12-05 17:42:00,1,35,35281,2,1,1,6,Mermoz (Boulevard Jean),48.09243767,-1.70318261
202300018414,17,11,2023,2025-12-05 08:15:00,1,64,64445,1,1,1,2,Martyrs Du Pont Long Des,43.34558,-0.37969
202300018415,6,5,2023,2025-12-05 07:50:00,1,67,67482,1,1,1,3,M35,48.57055,7.7312
202300018416,14,3,2023,2025-12-05 17:30:00,1,35,35238,2,3,1,3,Strasbourg (Boulevard De),48.1117,-1.65605
202300018417,14,11,2023,2025-12-05 19:23:00,5,64,64125,2,1,2,6,Bayonne (Avenue De),43.44779,-1.5737
202300018418,31,5,2023,2025-12-05 10:20:00,1,33,33096,1,1,1,3,Autoroute A 10,44.89058375,-0.50245017
202300018419,14,3,2023,2025-12-05 14:20:00,1,35,35238,2,1,1,4,Gros Malhon (Avenue),48.13311021,-1.68512464
202300018420,18,11,2023,2025-12-05 01:10:00,5,64,64024,2,1,1,3,Bayonne (Avenue De),43.48275,-1.50473
202300018421,31,5,2023,2025-12-05 15:18:00,1,94,94016,1,1,1,2,A6B,48.79259523,2.34427063
202300018422,14,3,2023,2025-12-05 09:20:00,1,35,35238,2,3,1,3,Briand (Avenue Aristide),48.11021,-1.66411
202300018423,16,11,2023,2025-12-05 15:28:00,1,63,63245,1,1,6,2,Rocade Rd 446,45.88258135,3.08552291
202300018424,14,3,2023,2025-12-05 12:40:00,1,33,33063,2,1,3,6,Rue Esprit-Des-Lois,44.84306861,-0.57295337
202300018425,17,11,2023,2025-12-05 07:30:00,2,62,62041,2,2,2,3,Rue Frederic Degeorge,50.28597,2.77279
202300018426,31,5,2023,2025-12-05 13:15:00,1,91,91228,1,1,1,5,Autoroute A6,48.62628,2.41578
202300018427,14,3,2023,2025-12-05 08:40:00,1,33,33039,2,3,2,3,Avenue Lenine,44.79788452,-0.55269331
202300018428,14,11,2023,2025-12-05 15:10:00,1,61,61006,2,1,2,3,D958,48.6893,0.00633
202300018429,31,5,2023,2025-12-05 13:00:00,1,91,91549,1,1,1,2,Rn 104,48.6263,2.35223
202300018430,14,3,2023,2025-12-05 07:45:00,2,32,32013,2,3,1,3,Avenue De La Marne,43.6491,0.5961
202300018431,17,11,2023,2025-12-05 09:50:00,1,60,60057,2,6,1,6,Avenue Nelson Mandela,49.43179833,2.06985671
202300018432,31,5,2023,2025-12-05 08:00:00,1,91,91617,1,1,1,4,Rn 104,48.631493,2.514598
202300018433,11,10,2023,2025-12-05 07:30:00,2,60,60057,2,9,1,2,Rue De La Madeleine,49.42873655,2.08613025
202300018434,31,5,2023,2025-12-05 08:50:00,1,94,94003,1,1,1,3,A6A,48.80072795,2.34367155
202300018435,17,11,2023,2025-12-05 21:55:00,3,59,59495,1,9,9,6,Rapide (Voie),50.27675,4.02647
202300018436,13,3,2023,2025-12-05 17:55:00,1,22,22187,2,2,1,3,Verdun (Rue De ),48.54414,-2.78446
202300018437,13,3,2023,2025-12-05 16:53:00,1,22,22278,2,1,2,2,Apollinaire (Guillaume),48.4968,-2.74778
202300018438,17,11,2023,2025-12-05 09:25:00,1,59,59360,2,2,7,1,Recherche (Avenue De La ),50.60197,3.03784
202300018439,31,5,2023,2025-12-05 09:15:00,1,78,78158,1,1,1,2,A13,48.841703,2.104253
202300018440,16,11,2023,2025-12-05 00:52:00,3,57,57306,1,1,2,6,D13,49.33529,6.08393
202300018441,27,2,2023,2025-12-05 23:00:00,5,16,16358,2,1,1,6,Saint-Jean-D'Angely (Route De),45.664891,0.135679
202300018442,30,5,2023,2025-12-05 09:56:00,1,92,92062,1,1,1,4,Rn1014 Y,48.88710935,2.25283375
202300018443,16,11,2023,2025-12-05 11:25:00,1,54,54304,2,1,1,3,Avenue De La Resistance,48.69443,6.13641
202300018444,8,3,2023,2025-12-05 21:10:00,5,14,14366,2,6,1,3,68 Boulevard Louis Pasteur,49.143886,0.219078
202300018445,2,2,2023,2025-12-05 23:15:00,3,73,73162,1,4,1,6,D1090,45.606472,6.282088
202300018446,13,3,2023,2025-12-05 17:15:00,1,13,13103,2,1,1,6,Allees De Craponne,43.63457135,5.10011602
202300018447,27,5,2023,2025-12-05 18:05:00,1,34,34032,2,1,1,6,67 Avenue Jean Moulin,43.34822,3.22244
202300018448,17,11,2023,2025-12-05 22:10:00,3,54,54149,1,1,2,6,N 52,49.42433,5.91164
202300018449,14,3,2023,2025-12-05 16:10:00,1,13,13209,2,1,1,3,Luminy (Avenue De),43.23918474,5.43667351
202300018450,30,5,2023,2025-12-05 08:10:00,1,976,97611,1,1,1,3,Vahibe-Departementale 3 ( Route ),-12.7875,45.1651
202300018451,17,11,2023,2025-12-05 10:45:00,1,54,54451,2,1,2,2,Rue De Cutry,49.498,5.7524
202300018452,13,3,2023,2025-12-05 16:30:00,1,13,13002,2,1,1,1,Provence (Avenue De),43.32982,5.48444
202300018453,30,5,2023,2025-12-05 17:30:00,1,974,97416,1,1,1,2,Rn3 (1),-21.31265,55.49532
202300018454,16,11,2023,2025-12-05 08:25:00,2,50,50129,2,1,3,6,Eglantines (Allee Des),49.63451,-1.56806
202300018455,29,5,2023,2025-12-05 17:20:00,2,974,97411,2,1,1,6,Saint-Francois (Raidillon De),-20.91874,55.45883
202300018456,14,3,2023,2025-12-05 13:30:00,1,13,13063,2,1,1,3,Huit Mai 1945 Avenue Du,43.59697629,5.00544166
202300018457,15,11,2023,2025-12-05 12:30:00,1,50,50129,2,2,1,3,Conquerant (Boulevard Guillaume Le),49.6423,-1.63716
202300018458,30,5,2023,2025-12-05 19:40:00,1,69,69388,2,1,1,3,Route De Vienne,45.7377,4.85243
202300018459,13,3,2023,2025-12-05 20:50:00,5,11,11069,2,2,3,3,22 Rue Du Palais,43.21566,2.3561
202300018460,30,5,2023,2025-12-05 08:20:00,1,69,69388,2,8,1,6,Boulevard Des Etats-Unis,45.73007,4.86717
202300018461,15,11,2023,2025-12-05 17:50:00,2,49,49099,2,1,1,6,Bouet (Avenue Francis),47.060292,-0.890181
202300018462,14,3,2023,2025-12-05 17:48:00,1,75,75105,2,2,8,3,Quai De La Tournelle,48.851104,2.351292
202300018463,29,5,2023,2025-12-05 11:50:00,1,971,97101,2,1,1,2,Vieux Bourg,16.24987,-61.52879
202300018464,17,11,2023,2025-12-05 08:48:00,1,49,49007,2,2,1,6,Chaumin Boulevard,47.45062,-0.55285
202300018465,30,5,2023,2025-12-05 16:25:00,1,91,91345,2,1,1,6,Rue Pasteur,48.691561,2.294973
202300018466,14,3,2023,2025-12-05 10:30:00,1,75,75118,2,5,2,6,Boulevard Ney,48.898447,2.352482
202300018467,16,11,2023,2025-12-05 19:16:00,5,45,45232,2,5,2,3,Avenue De Verdun,47.86861,1.91217
202300018468,30,5,2023,2025-12-05 09:30:00,1,91,91377,2,9,1,7,Av De L Europe,48.72688,2.27707
202300018469,17,11,2023,2025-12-05 19:10:00,5,43,43041,2,1,1,7,139 Avenue Charles Dupuy,45.052793,3.911068
202300018470,14,3,2023,2025-12-05 07:50:00,1,75,75117,2,4,1,2,Avenue De Wagram,48.88221,2.30117
202300018471,30,5,2023,2025-12-05 15:07:00,1,86,86066,2,1,1,6,Grand Rue De Chateauneuf,46.81359,0.5325
202300018472,21,12,2023,2025-12-05 19:50:00,3,972,97209,1,1,1,1,Autoroute (A1),14.61647,-61.0428
202300018473,14,3,2023,2025-12-05 08:25:00,1,75,75117,2,1,1,3,Boulevard De Courcelles,48.881038,2.314177
202300018474,30,5,2023,2025-12-05 08:00:00,1,83,83069,2,3,1,3,Toulon Rd 46 ( Route De ),43.12593,6.09371
202300018475,21,12,2023,2025-12-05 07:45:00,2,69,69389,2,6,2,6,Rue De Saint-Cyr,45.79972,4.81983
202300018476,17,11,2023,2025-12-05 05:00:00,3,42,42184,2,6,2,1,Charles De Gaulle(Av),46.05081,4.06645
202300018477,14,3,2023,2025-12-05 12:15:00,1,75,75116,2,3,1,3,Avenue Victor Hugo,48.872967,2.293123
202300018478,21,12,2023,2025-12-05 09:15:00,2,2B,2B033,1,6,1,6,Imperiale - Route,42.66596,9.43944
202300018479,14,11,2023,2025-12-05 17:40:00,5,42,42316,2,1,2,6,Rue Du President Kennedy,45.39955,4.25923
202300018480,14,3,2023,2025-12-05 16:50:00,1,75,75113,2,5,1,6,Rue Neuve Tolbiac,48.832232,2.379765
202300018481,22,12,2023,2025-12-05 15:10:00,1,971,97101,1,1,1,3,Rn1 Rocade De Chauvel,16.24881,-61.52777
202300018482,14,11,2023,2025-12-05 08:49:00,1,38,38053,2,1,2,6,Rue De Belle-Rive,45.59722,5.29403
202300018483,30,5,2023,2025-12-05 10:00:00,1,77,77058,2,1,1,3,Europe (Avenue De L' ),48.831297,2.712053
202300018484,22,12,2023,2025-12-05 10:50:00,1,971,97101,1,1,1,2,Desravinieres,16.27973,-61.49107
202300018485,14,3,2023,2025-12-05 09:40:00,1,75,75112,2,3,2,3,Boulevard De La Bastille,48.848785,2.367984
202300018486,23,12,2023,2025-12-05 00:10:00,5,2A,2A004,2,1,1,7,Acqualonga Chemin,41.95473,8.7747
202300018487,17,11,2023,2025-12-05 22:48:00,5,37,37261,2,2,1,3,Daniel Mayer,47.41887,0.68139
202300018488,30,5,2023,2025-12-05 09:00:00,1,76,76540,2,2,1,3,Rue Martainville,49.43809,1.10509
202300018489,14,3,2023,2025-12-05 18:50:00,5,75,75110,2,2,2,7,Boulevard De Magenta,48.874915,2.357302
202300018490,29,5,2023,2025-12-05 18:10:00,1,76,76351,2,1,1,6,Jenner (Tunnel),49.50814,0.13614
202300018491,21,12,2023,2025-12-05 16:35:00,1,91,91691,2,1,1,3,Concy(Rue),48.70737,2.48102
202300018492,14,3,2023,2025-12-05 09:50:00,1,75,75110,2,1,3,1,Rue Des Petits Hotels,48.877503,2.352855
202300018493,16,11,2023,2025-12-05 13:30:00,1,37,37214,2,2,2,3,Tonnele (Rue),47.40004,0.666
202300018494,27,5,2023,2025-12-05 09:16:00,1,76,76351,2,1,1,3,Paul Bert (Avenue).,49.50703,0.16933
202300018495,21,12,2023,2025-12-05 08:10:00,2,91,91114,2,1,1,3,Av Pierre Prost,48.69694,2.49743
202300018496,14,3,2023,2025-12-05 08:50:00,1,75,75108,2,1,1,6,Avenue Winston Churchill,48.866242,2.313843
202300018497,13,3,2023,2025-12-05 12:10:00,1,75,75108,2,2,1,6,Rue De Berri,48.874203,2.30743
202300018498,17,11,2023,2025-12-05 10:40:00,1,35,35238,2,2,1,3,Patton (Avenue Du General Sir Georges),48.13504,-1.6596
202300018499,22,12,2023,2025-12-05 15:50:00,1,91,91326,2,1,2,6,Republique (Avenue De La),48.688,2.3772
202300018500,27,5,2023,2025-12-05 03:24:00,5,76,76351,2,2,1,6,Leningrad (Bd De),49.49875,0.15911
202300018501,26,5,2023,2025-12-05 16:50:00,1,76,76351,1,1,1,7,Felix Faure,49.50069,0.10763
202300018502,13,3,2023,2025-12-05 19:00:00,2,75,75104,2,2,2,3,Rue De La Cerisaie,48.851751,2.367011
202300018503,16,11,2023,2025-12-05 23:00:00,5,35,35238,2,2,1,3,Lorient (De),48.10716,-1.72383
202300018504,22,12,2023,2025-12-05 21:05:00,3,89,89287,1,2,2,3,Nemours (Route),48.18276,3.22467
202300018505,30,5,2023,2025-12-05 19:55:00,1,73,73008,2,1,1,6,Ferrie General Rue,45.6763681,5.90708255
202300018506,14,3,2023,2025-12-05 08:30:00,1,94,94046,2,1,2,2,Avenue Du General Leclerc,48.81378028,2.42590007
202300018507,16,11,2023,2025-12-05 18:40:00,5,35,35238,2,3,1,6,Tillon (Avenue Charles),48.1262,-1.69322
202300018508,21,12,2023,2025-12-05 20:10:00,3,89,89024,1,1,2,2,R.N.6,47.8206,3.57909
202300018509,26,5,2023,2025-12-05 19:05:00,1,68,68066,2,1,1,3,Ingersheim (Route D'),48.08358257,7.3491776
202300018510,30,5,2023,2025-12-05 17:00:00,1,67,67482,2,1,1,6,Lavoisier (Rue),48.604,7.7172
202300018511,14,3,2023,2025-12-05 18:00:00,1,94,94065,2,3,1,6,Rue Des Solets / Rue D'Arcueil,48.74438,2.3586
202300018512,21,12,2023,2025-12-05 05:00:00,5,87,87114,2,2,2,6,Blum (Avenue Leon-),45.83237,1.30367
202300018513,16,11,2023,2025-12-05 18:05:00,5,35,35238,2,1,1,3,Saint-Helier,48.10629,-1.66755
202300018514,29,5,2023,2025-12-05 17:00:00,1,67,67482,2,1,1,2,Michel Ange (Rue),48.56438,7.72367
202300018515,20,12,2023,2025-12-05 16:28:00,1,87,87085,2,1,1,7,Goujaud (Quai Louis),45.82832,1.26925
202300018516,14,3,2023,2025-12-05 12:30:00,1,94,94021,2,3,2,2,Avenue De Stalingrad,48.765407,2.368139
202300018517,16,11,2023,2025-12-05 18:00:00,4,35,35051,2,1,1,2,Allies (Boulevard Des),48.1207,-1.62065
202300018518,22,12,2023,2025-12-05 19:25:00,1,86,86066,2,1,2,6,Av Du Mal De Lattre De Tassigny,46.81752,0.53058
202300018519,30,5,2023,2025-12-05 20:05:00,1,64,64129,2,6,1,3,Bayonne De,43.30489,-0.40116
202300018520,21,12,2023,2025-12-05 18:05:00,5,85,85191,2,1,1,6,83 Boulevard Edouard Branly,46.67731,-1.44028
202300018521,30,5,2023,2025-12-05 07:55:00,1,64,64445,2,3,1,3,Sergent Bernes Cambot Du,43.3077,-0.3695
202300018522,15,11,2023,2025-12-05 17:30:00,2,34,34301,2,1,1,3,Verdun (Boulevard De),43.4115,3.6805
202300018523,14,3,2023,2025-12-05 12:20:00,1,93,93078,2,2,1,3,D40 / Mail Des Peupliers,48.97639047,2.51310153
202300018524,15,9,2023,2025-12-05 09:35:00,1,33,33281,1,1,1,4,Rocade A 630,44.847985,-0.669321
202300018525,29,5,2023,2025-12-05 15:55:00,1,64,64102,2,1,1,7,Barthes (Chemin Des),43.49277,-1.49561
202300018526,17,11,2023,2025-12-05 22:10:00,5,34,34172,2,1,1,7,Bugarel (Rue De,43.59222,3.85146
202300018527,22,12,2023,2025-12-05 21:50:00,3,84,84007,2,1,1,6,Cabriere ( Avenue De La ),43.92881,4.81279
202300018528,14,3,2023,2025-12-05 08:00:00,1,77,77291,1,1,2,3,Aeroport Charles De Gaulle,49.00547,2.59291
202300018529,30,5,2023,2025-12-05 03:25:00,5,59,59090,2,1,1,6,Bois D'Achelles (Rue Du),50.72226,3.12276
202300018530,15,9,2023,2025-12-05 21:45:00,3,91,91161,1,1,1,3,Autoroute A6,48.70112,2.30934
202300018531,17,11,2023,2025-12-05 16:30:00,1,33,33063,2,9,1,6,Cours De La Marne,44.82861818,-0.56285352
202300018532,22,12,2023,2025-12-05 14:00:00,1,83,83137,2,3,1,3,Picot (Ave Du Colonel),43.12865,5.96644
202300018533,14,3,2023,2025-12-05 16:50:00,1,93,93070,2,1,2,5,Avenue Michelet,48.90805,2.34416
202300018534,30,5,2023,2025-12-05 16:45:00,1,59,59343,2,1,1,3,Dreve Rue De La,50.57598,3.0994
202300018535,28,5,2023,2025-12-05 15:35:00,1,59,59156,1,1,1,6,Sensee (Rue De La),50.33326,3.06064