num_acc,jour,mois,an,hrmn,lum,dep,com,agg,int,atm,col,adr,lat,long
202300018536,17,11,2023,2025-12-05 13:45:00,1,31,31555,2,1,1,6,Muret (Av De) Du 1Au 134,43.58405073,1.42744079
202300018537,15,9,2023,2025-12-05 17:50:00,1,91,91617,1,1,1,3,Rn 104,48.63157,2.51775
202300018538,13,3,2023,2025-12-05 19:00:00,1,93,93031,2,1,1,6,Avenue Jean Jaures,48.957255,2.321731
202300018539,28,5,2023,2025-12-05 20:00:00,1,57,57508,2,1,1,6,Leclerc (Rue),49.34381,6.05161
202300018540,21,12,2023,2025-12-05 22:00:00,5,83,83137,2,3,1,3,Churchill (Ave Winston),43.12453,5.92612
202300018541,17,11,2023,2025-12-05 06:30:00,5,25,25056,2,1,2,1,Vesoul Rue De (Sup 52),47.25674,6.01219
202300018542,26,5,2023,2025-12-05 10:55:00,1,57,57672,2,1,1,6,Luxembourg (Place Du),49.35885,6.17014
202300018543,14,3,2023,2025-12-05 13:30:00,1,93,93013,2,2,8,3,Avenue De La Division Leclerc / Rue De L'Abbe Niort,48.94056569,2.43103801
202300018544,15,9,2023,2025-12-05 15:30:00,1,91,91345,1,1,1,3,Autoroute A6,48.68972,2.32391
202300018545,21,12,2023,2025-12-05 12:00:00,1,83,83137,2,9,1,3,Riviere Neuve (Quai De La),43.13058012,5.9030681
202300018546,28,5,2023,2025-12-05 08:25:00,1,56,56107,2,1,1,6,Rue Ar Menez,47.71315,-3.38917
202300018547,17,11,2023,2025-12-05 18:22:00,5,24,24037,2,6,1,1,Varsovie (Boulevard De Ou Du 8 Mai 1945),44.85344,0.48855
202300018548,14,3,2023,2025-12-05 07:00:00,1,93,93013,2,3,1,6,Rue Etienne Dolet / Avenue Jean Jaures,48.93146,2.42812
202300018549,26,5,2023,2025-12-05 23:11:00,5,56,56121,2,1,1,2,De Gaulle ( Ave Du General ),47.74212,-3.37054
202300018550,14,9,2023,2025-12-05 19:10:00,1,92,92036,1,1,1,2,A86,48.93440186,2.28032461
202300018551,14,3,2023,2025-12-05 16:00:00,1,93,93007,2,1,1,6,Avenue Pasteur,48.93876774,2.47268864
202300018552,20,12,2023,2025-12-05 19:10:00,3,80,80724,1,1,2,1,R.D 138,49.85981,2.22866
202300018553,13,11,2023,2025-12-05 17:00:00,2,24,24037,2,6,2,5,Rd 936,44.83546,0.45067
202300018554,29,5,2023,2025-12-05 18:35:00,1,51,51108,2,6,1,3,Theroigne De Mericourt (Rue Anne Josephe,48.97769,4.35601
202300018555,14,9,2023,2025-12-05 18:30:00,1,92,92019,1,1,1,2,Rn385,48.77623152,2.23440873
202300018556,14,3,2023,2025-12-05 13:04:00,1,93,93001,2,1,1,3,Rue De Saint-Gobain,48.912559,2.369936
202300018557,14,3,2023,2025-12-05 13:15:00,1,92,92046,2,1,1,3,Pierre Larousse (Avenue),48.82159,2.30442
202300018558,14,9,2023,2025-12-05 08:15:00,1,78,78490,1,1,1,3,Rn12 Ext,48.800429,1.954944
202300018559,28,5,2023,2025-12-05 10:47:00,1,51,51108,2,6,1,3,Rond Point Des Crayeres,48.95438,4.33346
202300018560,13,11,2023,2025-12-05 21:00:00,5,24,24037,2,3,2,1,Chanzy (Boulevard),44.85334,0.49387
202300018561,12,3,2023,2025-12-05 18:50:00,5,92,92064,2,4,1,6,Carnot,48.846583,2.223527
202300018562,29,5,2023,2025-12-05 02:27:00,3,49,49267,2,6,1,6,Haute Banchais,47.48573,-0.51144
202300018563,14,3,2023,2025-12-05 08:20:00,1,92,92048,2,1,1,6,Jean Jaures (Avenue) Ndeg 8 A 72,48.8099,2.2429
202300018564,16,11,2023,2025-12-05 18:00:00,5,22,22187,2,1,8,1,Chalutier Sans Pitie (Avenue Du),48.53319,-2.75936
202300018565,30,5,2023,2025-12-05 08:55:00,1,43,43157,1,1,1,7,R.N 88,45.048432,3.902524
202300018566,22,12,2023,2025-12-05 07:50:00,5,78,78502,2,1,2,6,Versailles (Route De),48.879421,2.108681
202300018567,15,9,2023,2025-12-05 20:30:00,3,77,77438,1,1,1,6,A104,48.86278071,2.66799677
202300018568,14,3,2023,2025-12-05 17:46:00,1,92,92019,2,1,1,6,Division Leclerc (Avenue De La),48.76401,2.27094
202300018569,17,11,2023,2025-12-05 18:25:00,1,16,16166,2,1,2,6,Republique (Avenue De La),45.663219,0.192762
202300018570,30,5,2023,2025-12-05 12:40:00,1,38,38151,2,6,1,3,Avenue De L'Industrie,45.13502,5.71424
202300018571,22,12,2023,2025-12-05 05:45:00,3,77,77438,2,1,2,2,Lagny (Route De),48.86121,2.66508
202300018572,15,9,2023,2025-12-05 17:30:00,1,94,94028,1,1,1,2,A86,48.78165178,2.44112328
202300018573,13,3,2023,2025-12-05 12:55:00,1,92,92004,2,1,1,3,Gresillons ( Avenue Des  ),48.9166742,2.30597422
202300018574,30,5,2023,2025-12-05 08:40:00,1,37,37122,1,1,1,6,Rd 37,47.34076,0.65956
202300018575,17,11,2023,2025-12-05 13:52:00,1,16,16015,2,1,1,6,Bretagne (Boulevard De),45.66007,0.14351
202300018576,14,3,2023,2025-12-05 12:10:00,1,11,11424,2,1,2,6,Adresse_Inconnue,42.953768,2.031248
202300018577,22,12,2023,2025-12-05 15:26:00,1,77,77284,2,1,1,3,Concorde (Avenue De La),48.9513,2.91041
202300018578,15,9,2023,2025-12-05 16:00:00,1,77,77053,1,1,1,7,Rn104,48.68174,2.60388
202300018579,30,5,2023,2025-12-05 09:10:00,1,37,37261,2,6,1,3,Dassault (Avenue Marcel),47.36422,0.68446
202300018580,16,11,2023,2025-12-05 08:03:00,1,14,14327,2,1,3,7,626 Route De Colombelles,49.20668,-0.31485
202300018581,22,12,2023,2025-12-05 06:45:00,5,77,77058,2,1,2,1,Europe (Avenue De L' ),48.83173,2.71558
202300018582,15,3,2023,2025-12-05 08:35:00,1,6,6149,1,1,1,5,M2204B,43.733631,7.295587
202300018583,30,5,2023,2025-12-05 19:20:00,1,35,35238,2,2,1,2,Liberte (Bd De La),48.10739776,-1.68036908
202300018584,17,11,2023,2025-12-05 15:50:00,1,13,13201,2,3,1,6,Leon Gambetta (Allee),43.29911,5.38145
202300018585,22,12,2023,2025-12-05 07:00:00,5,77,77237,2,1,2,3,Rd231,48.84942,2.7677
202300018586,9,4,2023,2025-12-05 21:40:00,3,14,14120,1,1,1,6,Route De Bretagne,49.045349,-0.75664
202300018587,30,5,2023,2025-12-05 16:50:00,1,35,35238,2,1,1,6,Leclerc (Avenue Du General),48.11403,-1.63732
202300018588,14,3,2023,2025-12-05 15:10:00,1,41,41031,1,1,1,3,Rue De La Foret,47.542005,1.374879
202300018589,30,5,2023,2025-12-05 15:05:00,1,35,35238,2,1,1,6,Verdun (Bd De),48.12285,-1.65819
202300018590,22,12,2023,2025-12-05 08:45:00,2,76,76322,2,1,2,6,Avenue Des Canadiens,49.40262977,1.06549283
202300018591,16,11,2023,2025-12-05 21:10:00,5,13,13215,2,1,1,1,Viste (Avenue De La),43.36192,5.35732
202300018592,14,9,2023,2025-12-05 12:20:00,1,988,98818,2,1,3,2,Ve1 Sens Nord/Sud,-22.2495,166.45038
202300018593,30,5,2023,2025-12-05 12:50:00,1,35,35238,2,1,1,6,Italie (Avenue D'),48.0865,-1.6676
202300018594,15,3,2023,2025-12-05 16:10:00,1,31,31389,2,3,1,1,50 Route De Lavaur,43.64323,1.52218
202300018595,21,12,2023,2025-12-05 12:35:00,1,76,76270,2,1,1,6,Jean Jaures,49.53325,0.14602
202300018596,30,5,2023,2025-12-05 18:53:00,1,34,34108,2,1,1,6,Rd129,43.44871,3.74154
202300018597,10,10,2023,2025-12-05 16:33:00,1,13,13203,2,2,1,3,Camille Pelletan (Avenue),43.30771738,5.37394242
202300018598,14,3,2023,2025-12-05 12:41:00,1,23,23193,2,1,1,6,Charsat,46.176614,1.898253
202300018599,14,9,2023,2025-12-05 09:25:00,1,974,97411,2,1,1,3,Source (Boulevard De La),-20.89248,55.45184
202300018600,21,12,2023,2025-12-05 01:05:00,5,76,76351,2,1,2,1,Jules Lecesne (Rue),49.4938,0.11321
202300018601,30,5,2023,2025-12-05 12:15:00,1,34,34172,2,9,1,2,53 Rue De Montels-Eglise,43.577545,3.875036
202300018602,9,3,2023,2025-12-05 23:00:00,3,84,84027,1,1,2,6,D 237,44.100077,4.752941
202300018603,15,11,2023,2025-12-05 18:15:00,5,13,13028,2,2,1,3,Camusso (Avenue Marcel ),43.17874,5.59748
202300018604,30,5,2023,2025-12-05 23:00:00,5,31,31555,2,1,1,1,Bd De Suisse,43.6219984,1.42516226
202300018605,20,12,2023,2025-12-05 13:55:00,1,76,76351,2,2,1,3,Graville (Bd De),49.49231,0.14839
202300018606,12,9,2023,2025-12-05 08:05:00,1,974,97411,2,2,1,6,Jaures (Boulevard Jean),-20.88988,55.4529
202300018607,14,3,2023,2025-12-05 04:45:00,3,77,77247,1,1,3,3,D934,48.770117,3.340468
202300018608,17,11,2023,2025-12-05 15:16:00,1,11,11069,2,1,1,6,23 Rue Victor Hugo,43.21342,2.3501
202300018609,30,5,2023,2025-12-05 16:45:00,1,31,31555,2,1,1,3,Av Des Minimes,43.61846316,1.43647011
202300018610,22,12,2023,2025-12-05 07:45:00,4,74,74012,2,1,2,6,Verdun (Avenue De),46.18518,6.2422
202300018611,30,5,2023,2025-12-05 07:20:00,1,27,27681,2,1,1,6,Montgomery (Avenue Du Marechal),49.08931,1.46974
202300018612,12,3,2023,2025-12-05 09:55:00,1,61,61214,2,2,1,3,Voie Communale,48.761088,0.615636
202300018613,14,9,2023,2025-12-05 07:50:00,1,973,97302,2,3,1,3,Source De Baduel (Chemin De La),4.9303399,-52.30899274
202300018614,17,11,2023,2025-12-05 04:25:00,3,10,10060,2,1,2,3,Rocade Sud (Rd 610),48.2609,4.095
202300018615,16,11,2023,2025-12-05 15:20:00,1,73,73065,2,1,1,6,Veyrat Jean Pierre (Rue),45.56771004,5.91899488
202300018616,29,5,2023,2025-12-05 14:25:00,1,27,27229,2,1,1,2,Rochette (Rue De La),49.02737,1.14331
202300018617,14,3,2023,2025-12-05 18:20:00,2,49,49218,1,1,1,1,Rd 143 (Le Fuilet),47.298227,-1.110113
202300018618,17,11,2023,2025-12-05 09:20:00,1,75,75115,2,1,2,3,Porte De Sevres,48.834351,2.276014
202300018619,14,9,2023,2025-12-05 22:30:00,5,69,69259,2,2,1,3,Avenue Viviani,45.72268175,4.8773429
202300018620,30,5,2023,2025-12-05 17:35:00,1,22,22360,2,1,1,2,Moncontour (Rue De),48.48174,-2.72894
202300018621,22,12,2023,2025-12-05 19:55:00,5,72,72181,2,1,8,6,Alencon (Rte D'),48.03152,0.17865
202300018622,14,3,2023,2025-12-05 08:40:00,1,39,39171,1,2,3,5,Adresse_Inconnue,46.671755,5.460417
202300018623,16,11,2023,2025-12-05 21:05:00,5,75,75117,2,1,2,2,Bd Peripherique Exterieur,48.899104,2.317124
202300018624,30,5,2023,2025-12-05 14:25:00,1,16,16166,2,7,1,3,Angoumois (Rue De L'),45.660126,0.193094
202300018625,14,9,2023,2025-12-05 18:20:00,1,69,69387,2,4,1,3,Rue Andre Bollier,45.73525,4.83907
202300018626,14,3,2023,2025-12-05 17:30:00,1,26,26357,1,1,1,6,Rue Paul Ruat,44.28398,4.92323
202300018627,30,5,2023,2025-12-05 13:30:00,1,14,14118,2,9,1,6,135 Boulevard Marechal Leclerc,49.18041,-0.36285
202300018628,22,12,2023,2025-12-05 18:15:00,5,72,72181,2,1,1,3,Gaulle General De (Av Du),48.00411,0.20132
202300018629,16,11,2023,2025-12-05 10:30:00,1,75,75112,2,2,2,6,Rue Louis Braille,48.839711,2.402524
202300018630,14,3,2023,2025-12-05 14:25:00,1,58,58067,1,1,2,6,Rue De La Fontaine,47.125892,3.105161
202300018631,14,9,2023,2025-12-05 09:52:00,1,972,97213,1,1,1,3,Z I Les Mangles,14.61726,-61.02088
202300018632,30,5,2023,2025-12-05 17:00:00,1,13,13005,2,1,8,6,Rn 396 (Route Nationale),43.31620182,5.59983229
202300018633,22,12,2023,2025-12-05 11:34:00,1,72,72181,2,9,8,2,Jaures Jean (Av) Ndeg Pairs 60 Et >,47.98942,0.20698
202300018634,15,3,2023,2025-12-05 15:05:00,1,83,83025,1,1,1,6,Route De Barjols,43.52761077,5.96528621
202300018635,17,11,2023,2025-12-05 11:00:00,1,75,75106,2,2,1,6,Boulevard Saint Germain,48.85209844,2.34030247
202300018636,15,5,2023,2025-12-05 22:30:00,3,11,11262,2,1,1,6,2 Rue Atlas,43.19639,3.0092
202300018637,14,9,2023,2025-12-05 08:27:00,1,69,69385,2,3,1,6,12 Rue De La Garenne,45.75000395,4.78116263
202300018638,30,5,2023,2025-12-05 10:55:00,1,9,9122,2,1,1,3,Barcelone (Avenue De),42.95401644,1.6234687
202300018639,17,11,2023,2025-12-05 19:45:00,5,75,75119,2,1,1,3,Avenue Jean Jaures,48.883753,2.373979
202300018640,15,3,2023,2025-12-05 16:10:00,1,36,36033,1,3,1,1,Adresse_Inconnue,46.550804,1.500278
202300018641,21,12,2023,2025-12-05 18:35:00,5,72,72181,1,1,2,4,Patton General Rte St-Aubin A Rue Klotz,48.02229,0.16916
202300018642,14,3,2023,2025-12-05 18:20:00,2,4,4084,1,1,1,1,D907,43.9409,6.167632
202300018643,30,5,2023,2025-12-05 14:00:00,1,7,7316,1,1,1,7,Provence (Chemin De),44.89788,4.85212
202300018644,14,9,2023,2025-12-05 16:05:00,1,2B,2B033,2,1,1,4,11 - Rt,42.676717,9.444309
202300018645,17,11,2023,2025-12-05 15:30:00,1,75,75118,2,3,1,3,Rue De La Chapelle,48.890843,2.359967
202300018646,12,3,2023,2025-12-05 23:40:00,3,17,17483,1,3,2,7,D110,46.042724,-1.039514
202300018647,20,12,2023,2025-12-05 14:35:00,1,71,71497,1,1,1,1,Route Departementale 906,46.3513,4.84863
202300018648,30,5,2023,2025-12-05 23:50:00,5,6,6088,2,1,8,6,Californie (Av.) (Du 23-25 Au 199-210),43.6883,7.23948
202300018649,30,5,2023,2025-12-05 22:50:00,5,6,6004,2,9,1,6,Grasse Rte De,43.59982,7.08614
202300018650,17,11,2023,2025-12-05 12:00:00,1,75,75116,2,1,2,6,Boulevard Murat,48.840804,2.256213
202300018651,14,9,2023,2025-12-05 14:40:00,1,2B,2B033,2,2,1,3,Toutes Rues,42.702602,9.452125
202300018652,22,12,2023,2025-12-05 17:45:00,2,69,69282,2,3,2,3,Chemin De Pommier,45.77824,5.01475
202300018653,14,9,2023,2025-12-05 07:30:00,1,2B,2B033,2,1,1,2,Sampiero Corso - Av,42.66126,9.44218
202300018654,15,3,2023,2025-12-05 12:45:00,1,52,52028,1,3,1,6,D20,47.842703,5.037071
202300018655,22,12,2023,2025-12-05 09:30:00,1,67,67482,2,3,9,3,Rhin Tortu (Rue Du),48.54367,7.75843
202300018656,30,5,2023,2025-12-05 08:20:00,1,3,3310,2,3,1,6,Boulevard Deniere,46.12952,3.43348
202300018657,14,3,2023,2025-12-05 04:50:00,5,987,98734,2,1,1,6,Pk 34+200,-17.712,-149.508
202300018658,14,9,2023,2025-12-05 20:11:00,5,2A,2A004,2,6,8,2,Georges Pompidou Avenue,41.93319666,8.75525191
202300018659,6,3,2023,2025-12-05 19:15:00,3,53,53216,1,1,8,3,Rn12,48.333045,-0.550143
202300018660,22,12,2023,2025-12-05 07:10:00,2,67,67482,2,1,8,3,Schirmeck (Route De),48.5633,7.70328
202300018661,14,9,2023,2025-12-05 21:15:00,5,95,95680,2,9,1,6,Paris (Rue De),49.00686,2.38425
202300018662,14,3,2023,2025-12-05 16:45:00,1,69,69080,2,2,1,6,Rue De La Fromagerie,45.552304,4.715645
202300018663,22,12,2023,2025-12-05 12:43:00,1,66,66136,2,9,6,6,Avenue Du General De Gaulle,42.69828,2.88713
202300018664,14,9,2023,2025-12-05 09:00:00,1,91,91201,2,3,1,3,Av Du General De Gaulle,48.68646,2.40409
202300018665,14,3,2023,2025-12-05 11:50:00,1,988,98824,1,1,1,2,Colnett (Tribu),-20.47803,164.73329
202300018666,20,12,2023,2025-12-05 16:10:00,1,66,66136,2,1,1,6,Adresse_Inconnue,42.6952,2.86437
202300018667,14,3,2023,2025-12-05 10:55:00,1,78,78321,1,1,1,2,D912 Route De Paris,48.797507,1.924067
202300018668,14,9,2023,2025-12-05 20:26:00,5,91,91589,2,2,1,3,Bd Des Belges,48.70065,2.35303
202300018669,21,12,2023,2025-12-05 11:20:00,1,66,66136,2,1,1,6,Boulevard Henri Poincare,42.69113,2.89789
202300018670,14,9,2023,2025-12-05 07:55:00,1,91,91326,2,2,1,6,Draveil (Rue De),48.68887,2.38508
202300018671,14,3,2023,2025-12-05 17:00:00,1,78,78320,1,1,8,3,Route Nationale 15,49.058486,1.525555
202300018672,22,12,2023,2025-12-05 18:55:00,5,64,64024,2,1,2,2,Barthes (Rue Des),43.48426,-1.50672
202300018673,13,9,2023,2025-12-05 11:06:00,1,87,87085,2,1,1,6,Noel (Rue Jules),45.81409,1.29071
202300018674,15,3,2023,2025-12-05 11:20:00,1,83,83068,2,3,1,3,616 Route De Cogolin,43.263933,6.529666
202300018675,14,9,2023,2025-12-05 03:50:00,4,85,85194,2,1,1,6,Rue Pierre De Coubertin,46.4957395,-1.7326694
202300018676,15,3,2023,2025-12-05 03:00:00,3,4,4086,1,1,1,7,Cd 900 Pk 90+800,44.402698,6.701596
202300018677,22,12,2023,2025-12-05 16:40:00,1,64,64102,2,1,8,2,Lordmand (Rue Et Impasse),43.49218219,-1.47511572
202300018678,13,9,2023,2025-12-05 15:30:00,1,84,84007,2,6,1,3,Folie (Avenue De La),43.94698,4.82866
202300018679,11,1,2023,2025-12-05 18:45:00,3,26,26377,1,1,1,2,Rd 94,44.316211,5.056093
202300018680,21,12,2023,2025-12-05 19:39:00,3,63,63300,1,1,8,7,Rd 2009,45.91584581,3.13378084
202300018681,15,3,2023,2025-12-05 17:55:00,1,64,64230,1,1,1,7,D934,43.206048,-0.384994
202300018682,22,12,2023,2025-12-05 19:40:00,3,62,62617,1,1,1,1,D179,50.46935,2.63671
202300018683,7,9,2023,2025-12-05 08:00:00,1,80,80131,1,6,1,2,Phileas Fogg (Avenue),49.86295,2.377577
202300018684,12,3,2023,2025-12-05 20:35:00,3,60,60526,1,1,3,6,D58,49.50930042,2.51226467
202300018685,15,3,2023,2025-12-05 09:40:00,1,80,80803,1,1,1,2,D 934,49.712673,2.755197
202300018686,13,9,2023,2025-12-05 15:25:00,1,76,76212,2,2,1,6,Rue Sadi Carnot,49.4411,1.14906
202300018687,19,12,2023,2025-12-05 17:15:00,5,62,62178,2,1,2,6,Rue Alfred Leroy,50.47823,2.54438
202300018688,14,3,2023,2025-12-05 16:45:00,1,59,59471,1,1,1,7,Rd 73 Rue Jean Jaures,50.311934,3.574371
202300018689,14,9,2023,2025-12-05 08:25:00,1,69,69259,2,1,1,6,Avenue Viviani,45.72560337,4.86692511
202300018690,19,12,2023,2025-12-05 13:00:00,1,62,62108,2,1,2,6,Avenue Du Phare,50.40044,1.5615
202300018691,14,3,2023,2025-12-05 17:35:00,1,13,13214,1,1,1,2,A507 Sens Marseille - Aubagne,43.32987,5.40359
202300018692,13,9,2023,2025-12-05 09:35:00,1,69,69290,2,2,1,3,Route De Lyon,45.71118,4.9019
202300018693,14,3,2023,2025-12-05 03:10:00,3,13,13117,1,1,1,7,A7-Sens Marseille Vers Lyon,43.45037,5.2393
202300018694,15,11,2023,2025-12-05 11:20:00,1,59,59350,2,1,8,6,Salengro Roger Rue,50.6287,3.1074
202300018695,13,3,2023,2025-12-05 17:00:00,1,13,13215,1,1,1,2,A7-Sens Marseille Vers Lyon,43.36508,5.36066
202300018696,13,9,2023,2025-12-05 23:04:00,5,67,67218,2,3,1,3,Strasbourg (Avenue De),48.54322,7.73613
202300018697,15,11,2023,2025-12-05 13:20:00,1,59,59122,2,7,1,6,Briand (Place Aristide),50.17562,3.2356
202300018698,14,9,2023,2025-12-05 17:05:00,1,65,65440,2,3,1,3,Avenue Aristide Briand,43.21841,0.0575
202300018699,9,3,2023,2025-12-05 07:32:00,1,13,13005,1,1,1,5,A501-Sens Pont De L'Etoile Vers Aubagne,43.3,5.56358
202300018700,14,3,2023,2025-12-05 09:00:00,1,83,83137,1,1,1,3,A57,43.12396254,5.96111221
202300018701,14,9,2023,2025-12-05 07:40:00,1,64,64024,2,2,1,3,Maignon (Route De),43.48155,-1.50958
202300018702,22,12,2023,2025-12-05 18:15:00,4,54,54174,1,3,2,3,Avenue Du 15E Genie,48.678399,5.851591
202300018703,17,2,2023,2025-12-05 02:15:00,3,69,69256,1,1,1,6,Autoroute 46,45.80374,4.92616
202300018704,13,9,2023,2025-12-05 17:10:00,1,64,64102,2,4,1,3,Aquitaine (Avenue De L'),43.48585,-1.4718
202300018705,22,12,2023,2025-12-05 19:35:00,5,54,54395,2,1,2,6,Boulevard Lobau,48.68982,6.19348
202300018706,2,3,2023,2025-12-05 21:10:00,3,69,69290,1,1,1,2,Autoroute 43,45.70266,4.96705
202300018707,14,9,2023,2025-12-05 18:00:00,1,63,63113,2,7,1,3,Rodade (Place De La),45.79335,3.10894
202300018708,13,3,2023,2025-12-05 22:45:00,3,57,57666,1,9,1,2,Autoroute A31,49.34622,6.12054
202300018709,13,9,2023,2025-12-05 16:05:00,1,62,62193,2,6,7,6,Avenue Antoine De Saint Exupery,50.946559,1.90535
202300018710,13,3,2023,2025-12-05 08:30:00,1,33,33063,1,1,1,4,Rocade A 630,44.88022,-0.53835
202300018711,22,12,2023,2025-12-05 08:09:00,2,51,51454,2,1,2,3,Albert 1Er (Boulevard),49.2714,4.01195
202300018712,14,9,2023,2025-12-05 18:40:00,1,59,59386,2,2,1,3,Menin Rue De,50.67671,3.08075
202300018713,14,3,2023,2025-12-05 09:15:00,1,91,91687,1,1,1,7,Autoroute A6,48.65891,2.37447
202300018714,22,12,2023,2025-12-05 02:58:00,5,51,51454,2,1,1,6,Rousseau (Place Max),49.26445,4.00977
202300018715,14,3,2023,2025-12-05 08:00:00,1,91,91521,1,1,1,2,Autoroute A6,48.64067,2.39385
202300018716,14,9,2023,2025-12-05 15:10:00,1,59,59527,2,1,1,6,De Lattre Tassigny.Avdeg4A158,50.65537,3.04573
202300018717,13,3,2023,2025-12-05 20:50:00,3,77,77251,1,1,1,5,Autoroute A5A,48.61569587,2.56103048
202300018718,13,9,2023,2025-12-05 14:00:00,1,59,59457,2,3,1,1,Lomme Rue De,50.66049364,2.97630821
202300018719,9,3,2023,2025-12-05 09:40:00,1,93,93027,1,1,1,6,Autoroute A86,48.92846986,2.41326385
202300018720,21,12,2023,2025-12-05 21:20:00,3,51,51058,2,1,1,6,Lambert (Rue Victor),49.228038,3.994461
202300018721,13,9,2023,2025-12-05 09:00:00,1,56,56121,2,1,1,2,Kerjulaude ( Rue De ),47.74333,-3.38222
202300018722,13,3,2023,2025-12-05 12:15:00,1,93,93007,1,1,1,2,Autoroute A3,48.94234,2.47827
202300018723,12,3,2023,2025-12-05 14:15:00,1,95,95252,1,1,1,2,A15,48.98082714,2.2244317
202300018724,14,9,2023,2025-12-05 11:20:00,1,54,54265,2,3,1,3,Avenue Du Poncel,48.64266,6.17732
202300018725,12,3,2023,2025-12-05 06:55:00,2,92,92036,1,1,1,7,Autoroute A15,48.94067835,2.29263081
202300018726,22,12,2023,2025-12-05 06:40:00,5,51,51108,2,2,1,3,Sainte Croix (Pl),48.95167,4.36867
202300018727,10,3,2023,2025-12-05 20:15:00,3,93,93064,1,1,2,2,Autoroute A86,48.8733299,2.48004132
202300018728,13,9,2023,2025-12-05 16:10:00,1,54,54395,2,3,1,7,Rue Du Sergent Blandan,48.67589,6.16974
202300018729,10,3,2023,2025-12-05 09:15:00,1,93,93048,1,1,2,2,Autoroute A3,48.86991,2.43047
202300018730,22,12,2023,2025-12-05 07:00:00,5,49,49007,2,1,1,3,Saumuroise Impasse Et Rue,47.45396,-0.52725
202300018731,13,9,2023,2025-12-05 10:50:00,1,54,54395,2,1,1,6,Avenue Du General Leclerc,48.67560114,6.17644608
202300018732,9,3,2023,2025-12-05 09:30:00,1,93,93027,1,1,1,4,Autoroute A1,48.9339962,2.38457104
202300018733,14,3,2023,2025-12-05 23:30:00,3,94,94018,1,1,1,2,A4,48.82050762,2.40183223
202300018734,22,12,2023,2025-12-05 18:10:00,5,47,47001,2,1,2,6,Liberte (Boulevard De La),44.20074,0.62251
202300018735,14,9,2023,2025-12-05 16:30:00,1,54,54580,2,3,1,1,Rue De Verdun,49.46487,5.93336
202300018736,14,3,2023,2025-12-05 11:00:00,1,77,77251,1,1,1,2,Rn104,48.64498261,2.54553568
202300018737,22,12,2023,2025-12-05 17:30:00,5,43,43157,2,1,1,2,Avenue D 'Aiguilhe,45.04783,3.88084
202300018738,14,3,2023,2025-12-05 08:15:00,1,77,77373,1,1,2,2,Rn104,48.773825,2.611984
202300018739,14,9,2023,2025-12-05 13:15:00,1,51,51172,2,6,1,4,Egalite (Place De L'),49.21613,4.05103
202300018740,13,3,2023,2025-12-05 18:00:00,1,94,94022,1,1,1,4,A86,48.7761107,2.42505182
202300018741,13,3,2023,2025-12-05 13:55:00,1,973,97302,2,1,8,7,Baduel (Route De),4.93664522,-52.31450951
202300018742,14,9,2023,2025-12-05 09:00:00,1,51,51454,2,1,1,6,Courcelles (Rue De) Du 1 Au 97 Et 2 A 22,49.26019,4.01967
202300018743,12,3,2023,2025-12-05 17:00:00,1,971,97101,2,9,1,3,Le Raizet(Secteur),16.2548846,-61.53243899
202300018744,14,9,2023,2025-12-05 08:28:00,1,51,51454,2,9,1,6,Jamin (Boulevard),49.2629,4.04499
202300018745,12,3,2023,2025-12-05 12:27:00,1,971,97113,1,1,1,1,Section Pliane,16.21889,-61.45797
202300018746,22,12,2023,2025-12-05 07:15:00,2,41,41018,2,9,1,2,Maunoury (Avenue De Marechal),47.60592,1.34176
202300018747,14,9,2023,2025-12-05 08:35:00,1,51,51454,2,2,1,6,Laon (Avenue) Du N) 1 A 49 (Impair),49.263166,4.028091
202300018748,13,3,2023,2025-12-05 12:50:00,1,2A,2A004,2,1,1,4,Recco Abbe Boulevard,41.937,8.738
202300018749,22,12,2023,2025-12-05 09:30:00,1,38,38421,2,2,2,6,Avenue Gabriel Peri,45.18417,5.76847
202300018750,14,9,2023,2025-12-05 19:00:00,1,50,50218,2,6,1,3,Ecoles (Rue Des),48.8339,-1.5708
202300018751,8,3,2023,2025-12-05 07:43:00,2,80,80021,2,1,2,1,General Foy (Avenue Du ),49.89165,2.28388
202300018752,14,9,2023,2025-12-05 07:45:00,1,47,47001,2,3,1,3,Faval (Rue),44.20034,0.63187
202300018753,13,3,2023,2025-12-05 22:15:00,5,77,77111,2,1,2,2,Av Herge,48.85948,2.77615
202300018754,14,9,2023,2025-12-05 22:20:00,3,43,43157,1,1,1,6,Rn 88,45.03428,3.90647
202300018755,22,12,2023,2025-12-05 13:15:00,1,37,37261,2,3,2,3,Maginot (Av. Andre),47.41542,0.68857
202300018756,13,3,2023,2025-12-05 12:20:00,1,77,77014,2,3,2,3,D210,48.42395,2.7394
202300018757,5,3,2023,2025-12-05 01:45:00,5,76,76351,2,1,1,7,Paris (De),49.49203,0.10777
202300018758,13,9,2023,2025-12-05 07:30:00,2,42,42218,2,9,2,6,Rue De La Liberte,45.44962,4.40272
202300018759,22,12,2023,2025-12-05 12:25:00,1,37,37261,2,1,2,1,Tonnelle (Boulevard),47.38973902,0.66765547
202300018760,12,3,2023,2025-12-05 19:15:00,5,72,72181,2,1,3,6,Garenne (Rue De La),48.0186,0.1901
202300018761,12,9,2023,2025-12-05 13:45:00,1,41,41018,2,6,1,2,Medicis (Rond Point),47.58488,1.31824
202300018762,5,3,2023,2025-12-05 05:30:00,5,69,69264,2,9,1,6,Avenue Edouard Herriot,45.97899,4.73425