num_acc,jour,mois,an,hrmn,lum,dep,com,agg,int,atm,col,adr,lat,long
202300018763,20,12,2023,2025-12-05 14:00:00,1,34,34032,2,3,1,3,Moulin Jean (Av),43.35158,3.23085
202300018764,14,9,2023,2025-12-05 19:25:00,2,37,37261,2,1,1,6,Indy (Rue Vincent D'),47.36767,0.70555
202300018765,13,3,2023,2025-12-05 09:30:00,1,69,69091,2,4,1,2,Rue Marcel Cachin,45.59363997,4.76440923
202300018766,20,12,2023,2025-12-05 17:55:00,5,30,30189,2,1,1,3,Marechal Juin (Boulevard),43.82198,4.34976
202300018767,14,9,2023,2025-12-05 10:20:00,1,37,37122,2,3,1,3,Martyrs (Rue Des),47.35517,0.66683
202300018768,10,3,2023,2025-12-05 08:07:00,1,66,66136,1,3,1,3,Adresse_Inconnue,42.65861,2.87443
202300018769,12,3,2023,2025-12-05 11:37:00,1,63,63014,2,1,1,6,Moulin (Avenue Jean),45.75001,3.11979
202300018770,15,9,2023,2025-12-05 01:50:00,5,35,35238,2,1,1,6,Guilloux (Louis),48.1107,-1.7
202300018771,14,9,2023,2025-12-05 09:45:00,1,34,34172,2,1,1,6,Sorbes (Rue De Las,43.61336,3.8501
202300018772,11,3,2023,2025-12-05 19:40:00,5,63,63113,2,2,2,3,Republique /Catarou,45.78748,3.1055
202300018773,22,12,2023,2025-12-05 15:25:00,1,29,29232,2,2,2,1,21 Rue De La Tourelle,47.98913481,-4.09937695
202300018774,13,9,2023,2025-12-05 20:30:00,4,33,33063,2,3,1,6,Boulevard Des Freres Moga,44.82660558,-0.54754883
202300018775,11,3,2023,2025-12-05 18:57:00,5,63,63113,2,3,2,2,Lafayette / Collomp,45.77335,3.09193
202300018776,14,9,2023,2025-12-05 16:35:00,1,31,31555,2,1,1,6,Che Du Chateau De L Hers,43.601087,1.483216
202300018777,10,3,2023,2025-12-05 18:50:00,2,63,63113,2,5,2,3,Drelon / Villiet,45.76982,3.08006
202300018778,13,3,2023,2025-12-05 17:55:00,1,61,61001,2,1,1,2,Republique (Boulevard De La),48.42904,0.09462
202300018779,14,9,2023,2025-12-05 21:25:00,5,30,30243,1,1,1,6,Impasse Des Cypres,44.09363,4.07934
202300018780,22,12,2023,2025-12-05 14:40:00,1,29,29019,2,3,1,3,1 Rue Kerfautras,48.39698,-4.476037
202300018781,13,3,2023,2025-12-05 19:55:00,5,59,59350,2,3,1,3,Avenue De Dunkerque (Lille),50.64101,3.01844
202300018782,14,9,2023,2025-12-05 17:45:00,1,29,29039,1,1,1,7,Trichard (Rue Yves),47.878264,-3.856054
202300018783,11,3,2023,2025-12-05 04:15:00,3,57,57631,1,1,8,7,Route De Bitche D 662,49.111342,7.122255
202300018784,13,9,2023,2025-12-05 09:50:00,1,29,29039,2,1,1,6,Rue Malakoff,47.87421,-3.9213
202300018785,11,3,2023,2025-12-05 20:15:00,5,50,50129,2,3,2,3,Leledier (Rue),49.64222,-1.63864
202300018786,14,9,2023,2025-12-05 19:00:00,1,28,28134,2,1,1,3,Melsungen  (Avenue De),48.73112,1.3648
202300018787,10,3,2023,2025-12-05 17:00:00,1,50,50129,2,1,1,3,Lavieille (Rue Francois),49.64169,-1.6254
202300018788,14,9,2023,2025-12-05 19:50:00,1,25,25056,2,1,1,3,Richebourg Rue De,47.24274,6.01708
202300018789,10,3,2023,2025-12-05 12:10:00,1,50,50129,2,2,1,3,Cachin (Rue De L'Ingenieur),49.6394,-1.61416
202300018790,14,3,2023,2025-12-05 23:12:00,5,42,42187,2,3,1,2,Boulevard De Thiers,46.0266,4.05057
202300018791,13,9,2023,2025-12-05 17:40:00,1,17,17415,1,9,1,4,Departementale  137,45.73858,-0.66032
202300018792,13,9,2023,2025-12-05 18:25:00,1,17,17306,2,7,1,7,De Gaulle (Place Charles),45.624702,-1.029282
202300018793,13,3,2023,2025-12-05 09:30:00,1,35,35238,1,1,1,5,Rn136,48.11224,-1.71865
202300018794,13,3,2023,2025-12-05 09:10:00,1,35,35238,2,1,1,7,Adresse_Inconnue,48.1139775,-1.71881586
202300018795,22,12,2023,2025-12-05 01:20:00,4,22,22113,2,1,2,7,De La Fayette (Boulevard),48.74274,-3.44781
202300018796,13,9,2023,2025-12-05 15:30:00,1,15,15014,1,1,1,5,N122,44.92286,2.47356
202300018797,9,3,2023,2025-12-05 08:45:00,1,34,34032,1,1,1,5,721 Le Gasquinoy,43.33592,3.17934
202300018798,18,12,2023,2025-12-05 08:55:00,1,18,18033,2,1,1,6,Rue Raymond Boisde,47.06495,2.39814
202300018799,13,3,2023,2025-12-05 07:46:00,5,31,31555,2,1,1,6,Bd De La Mediterranee,43.57455,1.46955
202300018800,13,9,2023,2025-12-05 14:40:00,1,15,15014,2,2,2,3,N 122,44.91274,2.44181
202300018801,13,3,2023,2025-12-05 06:00:00,3,31,31555,1,9,1,7,Che De Saint Martory,43.584002,1.396023
202300018802,9,9,2023,2025-12-05 20:30:00,1,14,14338,2,1,1,6,35 Rue Du General Leclerc,49.3025,-0.07877
202300018803,12,3,2023,2025-12-05 19:55:00,5,22,22106,2,1,1,1,Brest (Rue De),48.49672,-2.72022
202300018804,13,9,2023,2025-12-05 16:45:00,1,14,14327,2,9,1,3,1008 Rue Leon Foucault,49.21253,-0.35029
202300018805,19,12,2023,2025-12-05 10:15:00,2,14,14118,2,1,1,4,Avenue De Courseulles,49.205316,-0.375972
202300018806,13,3,2023,2025-12-05 19:38:00,5,14,14118,2,3,2,3,68 Rue De Falaise,49.170484,-0.353243
202300018807,14,9,2023,2025-12-05 06:45:00,1,13,13117,2,1,1,3,Londres (Avenue De),43.42719,5.23539
202300018808,13,3,2023,2025-12-05 00:20:00,5,14,14118,2,2,2,3,143 Rue De Bayeux,49.1832,-0.38471
202300018809,14,9,2023,2025-12-05 16:45:00,1,13,13213,2,3,1,2,Centrale (Rue),43.35179918,5.4388943
202300018810,19,12,2023,2025-12-05 17:55:00,3,14,14118,2,6,2,3,51 Avenue De La Cote De Nacre,49.201837,-0.360914
202300018811,17,2,2023,2025-12-05 23:50:00,5,13,13056,2,6,1,2,Route D'Istres,43.43015213,5.04752578
202300018812,13,3,2023,2025-12-05 09:10:00,1,13,13210,2,1,1,6,Paul Claudel (Boulevard),43.26827539,5.41482673
202300018813,14,9,2023,2025-12-05 07:30:00,1,13,13209,2,2,1,3,Catherine Blum (Boulevard),43.26530066,5.41946086
202300018814,13,3,2023,2025-12-05 08:30:00,1,13,13005,2,3,1,6,Bourgade (Traverse De La),43.28447,5.5235
202300018815,7,8,2023,2025-12-05 20:50:00,1,14,14437,2,9,1,3,Rue Pasteur,49.18014,-0.32016
202300018816,13,9,2023,2025-12-05 18:00:00,1,13,13204,2,1,7,2,Alex. Fleming (Boulevard),43.31655256,5.39711476
202300018817,13,3,2023,2025-12-05 10:55:00,1,9,9225,2,1,1,6,Foix Avenue De,43.102787,1.621416
202300018818,22,12,2023,2025-12-05 08:45:00,1,13,13213,2,1,1,6,Palama (Chemin De),43.35276,5.43761
202300018819,14,9,2023,2025-12-05 05:50:00,3,13,13001,1,1,1,3,R.N 7,43.58,5.37
202300018820,5,3,2023,2025-12-05 16:00:00,1,6,6069,2,1,1,4,Cannes (Route De)  -Rd 6085-,43.636837,6.951126
202300018821,8,9,2023,2025-12-05 11:20:00,1,12,12176,1,1,1,7,Rd 994,44.36922147,2.50708705
202300018822,13,3,2023,2025-12-05 09:30:00,1,6,6029,2,1,1,2,Midi (Boulevard Du),43.54922,6.99761
202300018823,22,12,2023,2025-12-05 12:10:00,1,13,13028,2,1,1,3,Tamaris (Avenue Des),43.20439,5.599685
202300018824,6,3,2023,2025-12-05 18:01:00,1,2,2691,2,1,1,6,53 Rue Henri Dunant,49.85521,3.30775
202300018825,13,9,2023,2025-12-05 10:40:00,1,10,10081,2,2,1,3,Jean Jaures (Avenue),48.31211,4.03559
202300018826,13,3,2023,2025-12-05 17:05:00,1,1,1053,2,1,6,6,Avenue Jean Jaures,46.19766,5.21684
202300018827,22,12,2023,2025-12-05 12:50:00,1,13,13070,2,1,6,1,Gare (Boulevard De La),43.282328,5.515099
202300018828,14,9,2023,2025-12-05 07:55:00,1,9,9225,2,2,1,6,Delcasse Boulevard,43.11545,1.61467
202300018829,13,3,2023,2025-12-05 19:05:00,2,75,75118,2,4,1,3,Porte De La Chapelle,48.9009625,2.36379325
202300018830,28,8,2023,2025-12-05 00:50:00,5,6,6069,1,1,1,6,Pasteur (Boulevard),43.664031,6.906099
202300018831,13,3,2023,2025-12-05 17:20:00,1,75,75120,2,1,1,2,Porte De Vincennes,48.848316,2.414768
202300018832,8,9,2023,2025-12-05 22:25:00,3,4,4070,1,1,1,6,Simone Pelissier ( Rue ),44.08733,6.22599
202300018833,20,12,2023,2025-12-05 14:00:00,1,11,11262,2,9,1,3,Adresse_Inconnue,43.19896,3.02048
202300018834,13,3,2023,2025-12-05 04:50:00,5,75,75120,2,4,2,7,Echangeur Bagnolet,48.86144922,2.41393447
202300018835,14,9,2023,2025-12-05 17:30:00,1,1,1283,2,6,1,6,Michelet ( Rue Du 28 Au 37),46.26157,5.64917
202300018836,13,3,2023,2025-12-05 19:40:00,5,75,75120,2,2,1,3,Boulevard De Menilmontant,48.864167,2.386159
202300018837,14,9,2023,2025-12-05 15:40:00,1,75,75116,2,1,1,2,Porte De Saint Cloud,48.835959,2.257468
202300018838,13,3,2023,2025-12-05 11:00:00,1,75,75120,2,2,1,3,Rue Des Pyrenees,48.866666,2.397123
202300018839,21,12,2023,2025-12-05 08:30:00,1,11,11262,2,3,6,3,Bougainville (Rue),43.17844,2.99746
202300018840,13,3,2023,2025-12-05 09:25:00,1,75,75120,2,7,2,6,Place Martin Nadaud,48.865034,2.394759
202300018841,13,9,2023,2025-12-05 22:00:00,5,75,75117,2,1,1,2,Boulevard Peripherique Exterieur Ouest,48.893172,2.303521
202300018842,12,3,2023,2025-12-05 22:20:00,5,75,75120,2,1,2,6,Rue Boyer,48.868826,2.392104
202300018843,14,9,2023,2025-12-05 06:41:00,5,75,75108,2,2,1,7,Rue Pasquier,48.874198,2.323905
202300018844,13,3,2023,2025-12-05 16:30:00,1,75,75119,2,3,1,2,Boulevard De La Villette,48.876432,2.37214
202300018845,16,6,2023,2025-12-05 08:16:00,1,75,75114,2,1,7,2,Avenue De La Porte De Chatillon,48.82357,2.317101
202300018846,22,12,2023,2025-12-05 12:54:00,1,10,10387,2,1,1,1,Raymond Poincare (Rue),48.29552,4.07732
202300018847,13,3,2023,2025-12-05 20:10:00,5,75,75117,2,4,2,7,Rue Bayen,48.882943,2.290749
202300018848,21,12,2023,2025-12-05 19:00:00,5,75,75112,2,1,2,2,Bd Peripherique Exterieur,48.828074,2.396298
202300018849,14,9,2023,2025-12-05 19:10:00,1,75,75105,2,2,1,3,Rue De Cluny,48.85027,2.344539
202300018850,13,3,2023,2025-12-05 06:40:00,2,75,75116,2,2,8,2,Route De Suresnes,48.865022,2.234461
202300018851,13,3,2023,2025-12-05 16:40:00,1,75,75115,2,3,8,6,Rue Falguiere,48.840484,2.312905
202300018852,13,9,2023,2025-12-05 08:40:00,1,75,75105,2,3,1,3,Rue Monge,48.846403,2.351709
202300018853,22,12,2023,2025-12-05 16:55:00,5,75,75105,2,2,1,6,Boulevard Saint Marcel,48.846966,2.34063
202300018854,13,3,2023,2025-12-05 18:00:00,2,75,75112,2,1,1,5,Quai De La Rapee,48.844004,2.369343
202300018855,14,9,2023,2025-12-05 18:00:00,1,75,75119,2,3,1,3,Avenue Jean Jaures,48.887127,2.38677
202300018856,22,12,2023,2025-12-05 10:20:00,1,75,75119,2,1,2,3,Echangeur Villette,48.899937,2.385345
202300018857,14,9,2023,2025-12-05 22:25:00,5,75,75117,2,2,1,3,Boulevard Berthier,48.888035,2.299699
202300018858,13,3,2023,2025-12-05 08:15:00,1,75,75112,2,3,2,3,Rue De Charenton,48.832548,2.396566
202300018859,22,12,2023,2025-12-05 20:40:00,3,75,75117,2,4,2,1,Boulevard De La Somme,48.886661,2.290481
202300018860,22,12,2023,2025-12-05 13:10:00,1,75,75115,2,3,2,6,Rue Cambronne,48.843743,2.302373
202300018861,12,3,2023,2025-12-05 14:30:00,1,75,75101,2,3,1,6,Rue Croix Des Petits Champs,48.862257,2.339192
202300018862,14,9,2023,2025-12-05 09:20:00,1,75,75107,2,2,1,2,Rue Du Bac,48.858217,2.328321
202300018863,21,12,2023,2025-12-05 17:46:00,5,75,75114,2,5,1,7,Place Denfert Rochereau,48.834402,2.332253
202300018864,13,3,2023,2025-12-05 08:40:00,1,94,94043,2,2,2,6,Av Du General Malleret Joinville,48.804989,2.344552
202300018865,14,9,2023,2025-12-05 06:10:00,2,75,75107,2,1,1,1,Rue Paul Et Jean Lerolle,48.862135,2.31235
202300018866,20,12,2023,2025-12-05 22:00:00,5,75,75113,2,1,1,3,Boulevard Du General Jean Simon,48.827112,2.385614
202300018867,13,3,2023,2025-12-05 15:35:00,1,94,94060,2,1,2,3,Rue Du General De Gaulle,48.78125638,2.57213639
202300018868,14,9,2023,2025-12-05 12:45:00,1,75,75105,2,1,1,3,Boulevard De L Hopital,48.8429,2.363963
202300018869,22,12,2023,2025-12-05 10:40:00,1,75,75111,2,3,8,6,Rue Du Faubourg Saint Antoine,48.851338,2.376159
202300018870,13,3,2023,2025-12-05 20:43:00,5,94,94075,2,6,3,6,Rue Du Lieutenant Dagorno / Rue Du Docteur Bertrand,48.72198,2.53359
202300018871,13,9,2023,2025-12-05 16:09:00,1,75,75113,2,3,1,3,Boulevard Arago,48.836549,2.351166
202300018872,22,12,2023,2025-12-05 19:00:00,5,75,75110,2,3,1,3,Rue Du Faubourg Saint Denis,48.881277,2.358114
202300018873,13,3,2023,2025-12-05 16:10:00,1,93,93070,2,2,1,3,Boulevard Victor Hugo / Rue De L'Entreprise Bliss,48.90960253,2.32995719
202300018874,13,3,2023,2025-12-05 09:30:00,1,93,93070,2,1,2,3,Rue Mathieu,48.90343207,2.33448476
202300018875,14,9,2023,2025-12-05 14:30:00,1,75,75111,2,2,1,6,Rue Du Faubourg Saint Antoine,48.851307,2.376141
202300018876,22,12,2023,2025-12-05 09:50:00,1,75,75108,2,7,2,3,Place De La Concorde,48.864662,2.32052135
202300018877,14,9,2023,2025-12-05 17:55:00,1,75,75114,2,2,1,6,Rue D Alesia,48.832738,2.311534
202300018878,12,3,2023,2025-12-05 21:40:00,5,93,93055,2,2,2,3,Rue Honore D'Estienne D'Orves / Rue Beaurepaire,48.88941,2.4066
202300018879,22,12,2023,2025-12-05 13:50:00,1,75,75103,2,2,2,7,Rue Commines,48.861748,2.365309
202300018880,13,3,2023,2025-12-05 06:50:00,2,93,93046,2,1,2,6,Av Du Consul General Nordling,48.91672405,2.5322333
202300018881,31,8,2023,2025-12-05 13:35:00,1,94,94058,2,2,1,3,Avenue Pierre Brossolette,48.83508,2.5013
202300018882,22,12,2023,2025-12-05 01:35:00,5,75,75103,2,2,1,3,Boulevard De Sebastopol,48.863417,2.350931
202300018883,13,3,2023,2025-12-05 08:35:00,1,93,93001,2,1,2,6,Boulevard Anatole France,48.916966,2.381864
202300018884,13,9,2023,2025-12-05 20:00:00,1,94,94046,2,9,1,1,Rue Georges Mederic,48.79987096,2.43763051
202300018885,13,3,2023,2025-12-05 14:00:00,1,92,92073,2,1,1,2,Gallieni (Quai),48.87004333,2.23126799
202300018886,21,12,2023,2025-12-05 23:45:00,5,75,75104,2,3,1,3,Quai Des Celestins,48.852441,2.360559
202300018887,14,9,2023,2025-12-05 08:35:00,1,94,94033,2,2,1,7,Villa Des Belles Vues,48.84774,2.47034
202300018888,21,12,2023,2025-12-05 11:00:00,1,75,75104,2,3,2,3,Quai De L Hotel De Ville,48.855412,2.352748
202300018889,13,3,2023,2025-12-05 20:00:00,5,92,92063,2,2,2,3,Colmar (Avenue De),48.88711154,2.17961401
202300018890,21,12,2023,2025-12-05 07:30:00,3,94,94076,2,2,8,6,Rue Du Lion D'Or,48.79442,2.37173
202300018891,13,9,2023,2025-12-05 19:35:00,2,94,94028,2,1,1,3,Avenue Laferriere,48.8022331,2.45961725
202300018892,21,12,2023,2025-12-05 17:55:00,5,94,94068,2,1,2,6,Avenue Du Mesnil,48.79489,2.51432
202300018893,21,12,2023,2025-12-05 12:15:00,1,94,94041,2,3,8,6,Avenue Danielle Casanova,48.8171,2.38189
202300018894,12,3,2023,2025-12-05 21:45:00,5,92,92025,2,2,2,3,Paul Bert (Rue),48.931007,2.244652
202300018895,22,12,2023,2025-12-05 22:50:00,5,94,94073,2,9,2,6,Rue Guy Moquet,48.773067,2.398173
202300018896,22,12,2023,2025-12-05 19:20:00,5,94,94011,2,3,1,6,Avenue Auguste Gross,48.77417,2.48209
202300018897,14,9,2023,2025-12-05 19:00:00,1,94,94017,2,1,1,2,Rue Albert Thomas,48.81182,2.51067
202300018898,22,12,2023,2025-12-05 15:00:00,1,93,93066,2,1,8,2,Avenue Du Colonel Fabien,48.94467,2.35462
202300018899,13,3,2023,2025-12-05 15:00:00,1,92,92012,2,1,1,2,Point Du Jour (Quai Du),48.83304359,2.26031363
202300018900,22,12,2023,2025-12-05 15:00:00,1,93,93046,2,2,2,3,Avenue Vauban / Allee Galilee,48.91407,2.51957
202300018901,22,12,2023,2025-12-05 17:20:00,5,92,92046,2,3,1,3,Pierre Brossolette (Avenue),48.81153,2.30022
202300018902,22,12,2023,2025-12-05 07:48:00,5,92,92051,2,3,2,3,"Achille Peretti (Avenue,  Ndeg 98 A 166 Et",48.88381742,2.271714
202300018903,22,12,2023,2025-12-05 08:35:00,2,92,92050,2,1,2,6,Doucet Andre Rue,48.90162692,2.19741315
202300018904,22,12,2023,2025-12-05 01:23:00,5,92,92040,2,1,1,7,Camille Desmoulins,48.83208157,2.26807997
202300018905,14,9,2023,2025-12-05 19:10:00,1,93,93051,2,6,1,3,Porte De Neuilly / Boulevard Du Mont D'Est,48.8429765,2.54379094
202300018906,21,12,2023,2025-12-05 17:15:00,2,92,92025,2,1,1,6,Charles De Gaulle (Bd),48.91385843,2.23000742
202300018907,23,12,2023,2025-12-05 00:45:00,3,60,60338,1,1,1,2,D932A,49.353193,2.784604
202300018908,14,9,2023,2025-12-05 16:10:00,1,93,93048,2,4,7,5,Rue De Rosny / Rue Saint Antoine,48.86519,2.45387
202300018909,20,12,2023,2025-12-05 12:40:00,1,974,97415,2,1,1,3,Route Des Premiers Francais,-21.014136,55.264839
202300018910,14,9,2023,2025-12-05 00:20:00,5,93,93053,2,1,1,7,Rue De Paris,48.89937,2.44685
202300018911,22,12,2023,2025-12-05 20:45:00,3,80,80498,1,1,1,7,D919,50.061409,2.587194
202300018912,13,9,2023,2025-12-05 17:30:00,1,93,93001,2,1,1,2,Rue Helene Cochennec,48.91932728,2.39653706
202300018913,23,12,2023,2025-12-05 17:45:00,3,76,76235,1,1,2,1,Rue Turold,49.904503,1.261368
202300018914,22,12,2023,2025-12-05 17:25:00,2,81,81218,1,1,2,6,D612,43.857175,2.189305
202300018915,13,9,2023,2025-12-05 11:50:00,1,92,92046,2,1,1,6,Camelinat (Boulevard),48.81618854,2.29508847
202300018916,22,12,2023,2025-12-05 11:18:00,1,28,28334,1,1,1,1,D927,48.070206,1.284496
202300018917,14,9,2023,2025-12-05 17:26:00,1,92,92062,2,1,1,1,General De Gaulle (Av) Du 63 Au 107,48.88775085,2.23419991
202300018918,20,12,2023,2025-12-05 14:45:00,1,974,97422,2,1,2,1,Ligne Des 400 Le Tampon,-21.247902,55.538625
202300018919,22,12,2023,2025-12-05 15:45:00,1,974,97412,1,3,1,3,1 Rue Victor Hugo,-21.379747,55.63527
202300018920,14,9,2023,2025-12-05 08:44:00,1,92,92051,2,1,1,3,Commandant Charcot (Boulevard Du),48.87805,2.25715
202300018921,22,12,2023,2025-12-05 17:30:00,3,62,62228,1,1,1,6,D217,50.790947,1.99665007
202300018922,22,12,2023,2025-12-05 00:20:00,3,21,21282,1,1,3,2,Autoroute A6 Pk225+100,47.476202,4.198623
202300018923,22,12,2023,2025-12-05 19:05:00,3,35,35206,1,1,1,2,Adresse_Inconnue,48.060075,-1.679441
202300018924,14,9,2023,2025-12-05 13:55:00,1,92,92026,2,1,1,2,Saint Denis Bd (120 A 174 / 199 A 315),48.90036748,2.26950717
202300018925,19,12,2023,2025-12-05 04:35:00,4,25,25228,1,1,2,2,Autoroute A36 - Pk 048.800,47.512404,6.846263
202300018926,22,12,2023,2025-12-05 18:00:00,3,58,58295,1,1,2,3,D243,47.36039,2.891904
202300018927,14,9,2023,2025-12-05 11:20:00,1,92,92012,2,1,1,7,Victor Hugo (Avenue) 49/Fin - 60/Fin,48.83766,2.24606
202300018928,20,12,2023,2025-12-05 20:20:00,3,58,58012,1,1,2,6,D957,47.537775,3.027935
202300018929,14,9,2023,2025-12-05 09:30:00,1,92,92004,2,1,1,6,Bas ( Rue Des ),48.91592,2.29458
202300018930,14,9,2023,2025-12-05 11:10:00,1,92,92002,2,1,1,7,Aristide Briand (Avenue),48.75839,2.307
202300018931,14,9,2023,2025-12-05 08:20:00,1,41,41032,1,4,5,7,D751,47.551651,1.29849
202300018932,14,9,2023,2025-12-05 17:10:00,1,43,43071,1,1,1,7,D1,45.253478,3.823929
202300018933,19,12,2023,2025-12-05 17:04:00,3,68,68156,1,9,8,5,D430,47.898334,7.233768
202300018934,15,9,2023,2025-12-05 15:30:00,1,974,97405,2,1,1,6,Rue Mahe De La Bourdonnais,-21.352605,55.564975
202300018935,14,9,2023,2025-12-05 20:56:00,4,27,27368,2,2,1,3,Route De Dreux,48.837189,1.281924
202300018936,22,12,2023,2025-12-05 16:00:00,2,51,51333,2,1,2,7,1 Rue De Puisieulx,49.158981,4.07978
202300018937,14,9,2023,2025-12-05 16:48:00,1,28,28006,1,3,1,3,Rd923,48.436764,1.422955
202300018938,13,9,2023,2025-12-05 18:45:00,1,68,68156,1,6,1,3,Rd430,47.898808,7.232877
202300018939,15,9,2023,2025-12-05 13:00:00,1,83,83019,1,1,1,1,D98,43.20455,6.435843
202300018940,22,12,2023,2025-12-05 20:45:00,3,59,59149,1,1,6,7,D15,50.066836,3.404624
202300018941,10,7,2023,2025-12-05 12:20:00,1,62,62785,1,2,1,2,D939,50.347857,2.557631
202300018942,2,9,2023,2025-12-05 01:30:00,3,57,57267,1,1,1,6,D 28,48.979136,6.925882
202300018943,22,12,2023,2025-12-05 15:55:00,1,19,19116,2,1,1,6,1038 Route De Puybrun,44.92798843,1.80546583
202300018944,21,12,2023,2025-12-05 21:25:00,3,67,67486,1,1,2,7,D468,48.265555,7.641045
202300018945,14,9,2023,2025-12-05 23:32:00,3,56,56165,1,1,1,6,13 La Quebois,47.887649,-2.360577
202300018946,15,9,2023,2025-12-05 15:55:00,1,56,56243,1,1,1,2,30 Rue De Cariel,47.618095,-2.763891
202300018947,23,12,2023,2025-12-05 02:30:00,3,79,79079,1,1,1,3,Adresse_Inconnue,46.985434,-0.836248
202300018948,15,9,2023,2025-12-05 09:10:00,1,80,80767,2,1,1,2,D936,49.968748,1.677829
202300018949,22,12,2023,2025-12-05 21:25:00,5,80,80680,2,2,1,3,Rue Jean Jaures,49.81679,2.707127
202300018950,13,9,2023,2025-12-05 18:00:00,1,81,81056,1,1,7,1,D15,44.033332,1.836387
202300018951,23,12,2023,2025-12-05 07:45:00,5,65,65460,2,1,1,6,Place De Verdun,43.382626,0.056267
202300018952,23,12,2023,2025-12-05 07:24:00,3,63,63273,2,1,1,7,10 Rue Des Cotes Du Vignal,45.726757,3.24278
202300018953,14,9,2023,2025-12-05 14:35:00,1,32,32234,1,1,1,6,Route Des Bords De Save,43.575539,1.021407
202300018954,20,12,2023,2025-12-05 18:40:00,4,49,49018,2,3,8,6,Rue Du Marche,47.542859,-0.10499
202300018955,13,9,2023,2025-12-05 13:40:00,1,71,71428,1,1,2,6,Route De L'Etang De Cadolon,46.175492,4.303604
202300018956,21,12,2023,2025-12-05 17:55:00,4,12,12133,2,4,2,6,Avenue Du Stade,44.28694324,2.55436063
202300018957,15,9,2023,2025-12-05 11:25:00,1,29,29150,1,1,1,1,Lann Kervignac,47.808849,-3.651677
202300018958,15,9,2023,2025-12-05 01:30:00,3,29,29193,1,1,1,6,Kergrach,48.54440804,-4.08467174
202300018959,20,1,2023,2025-12-05 15:00:00,1,987,98738,1,1,1,6,Bretelle De Sortie,-17.618,-149.549
202300018960,22,12,2023,2025-12-05 13:15:00,1,46,46114,1,1,8,1,Route De Villefranche,44.593151,1.154053
202300018961,15,9,2023,2025-12-05 00:15:00,3,70,70539,1,1,1,6,D13,47.555047,5.793099
202300018962,22,12,2023,2025-12-05 20:20:00,3,86,86125,1,1,2,7,Lieu Dit Le Daim,46.744644,0.713621
202300018963,14,9,2023,2025-12-05 23:20:00,3,58,58010,1,1,1,6,Les Rollots,47.040698,4.004157
202300018964,1,2,2023,2025-12-05 13:30:00,1,51,51027,1,1,1,7,A4,49.05388,4.681925
202300018965,23,12,2023,2025-12-05 00:33:00,3,25,25190,1,1,2,6,Rue D'Etupes,47.508816,6.906999
202300018966,14,9,2023,2025-12-05 22:40:00,5,58,58151,2,1,1,6,Rue Jean Jaures,46.892208,3.462326
202300018967,23,12,2023,2025-12-05 01:50:00,3,25,25233,1,1,2,6,D461,47.152906,6.295665
202300018968,2,2,2023,2025-12-05 00:20:00,3,11,11145,1,9,1,5,Autoroute A9- Pk 183.400 Sens Narbonne / Beziers,43.23585384,3.13907577
202300018969,14,9,2023,2025-12-05 19:45:00,1,50,50077,2,1,1,6,Route Des Chenes,49.651589,-1.517733
202300018970,23,12,2023,2025-12-05 05:48:00,3,44,44165,1,1,1,1,3 Les Eards,47.052486,-1.318595
202300018971,15,9,2023,2025-12-05 19:15:00,1,50,50543,1,2,1,3,Chemin De La Houlle,48.636092,-1.280358
202300018972,18,1,2023,2025-12-05 18:30:00,3,91,91249,1,1,2,4,Autoroute A10,48.605376,2.082531
202300018973,23,12,2023,2025-12-05 04:45:00,3,35,35297,1,1,2,6,50 Le Bahac,48.202992,-2.175716
202300018974,1,2,2023,2025-12-05 21:20:00,3,95,95641,1,6,1,6,Rd 16,49.05418158,2.57295996
202300018975,13,9,2023,2025-12-05 06:45:00,3,9,9173,1,1,8,2,Caric,43.04593187,1.55141652
202300018976,22,12,2023,2025-12-05 15:30:00,1,29,29026,2,1,2,3,Rue De La Gare,48.200858,-4.094446
202300018977,2,2,2023,2025-12-05 16:40:00,1,95,95199,2,1,8,1,Avenue De L'Europe,49.02545108,2.34548441
202300018978,10,9,2023,2025-12-05 15:29:00,1,9,9189,1,1,1,3,N20,42.620024,1.821231
202300018979,20,1,2023,2025-12-05 16:50:00,1,34,34023,1,1,1,6,D600,43.449881,3.706577
202300018980,22,12,2023,2025-12-05 13:20:00,1,13,13045,1,1,1,1,D970,43.843446,4.743567
202300018981,1,2,2023,2025-12-05 09:45:00,1,26,26179,1,1,1,3,A7 - Point Kilometrique 054.800 Sens Nord /Sud,45.0698,4.869454
202300018982,15,9,2023,2025-12-05 18:00:00,1,60,60692,1,2,7,1,D65,49.634167,2.217259
202300018983,1,2,2023,2025-12-05 09:00:00,1,26,26071,2,1,1,6,Route Du Moulin,45.045321,4.911495
202300018984,23,12,2023,2025-12-05 17:45:00,3,2,2328,1,1,8,3,Adresse_Inconnue,49.047798,3.489103
202300018985,15,9,2023,2025-12-05 07:40:00,1,60,60245,1,1,1,1,Rue De Grumesnil,49.64151245,1.71369635