num_acc,jour,mois,an,hrmn,lum,dep,com,agg,int,atm,col,adr,lat,long
202300018986,1,2,2023,2025-12-05 10:15:00,1,69,69110,1,1,1,1,2675 Route De La Coise,45.624183,4.497056
202300018987,11,6,2023,2025-12-05 10:35:00,1,43,43137,1,1,1,7,Route Nationale 88,45.306414,4.215965
202300018988,22,12,2023,2025-12-05 14:25:00,1,6,6032,2,9,1,3,Avenue Prince Rainier Iii,43.724793,7.391889
202300018989,13,9,2023,2025-12-05 14:40:00,1,43,43268,1,1,2,1,Impasse Le Pont De L'Enceinte,45.162334,4.170223
202300018990,1,2,2023,2025-12-05 07:45:00,2,22,22077,2,9,8,2,Rue Du Stade,48.54074,-2.435617
202300018991,14,9,2023,2025-12-05 10:35:00,1,43,43244,1,3,1,3,Route De Montfaucon,45.148745,4.293514
202300018992,2,2,2023,2025-12-05 12:30:00,1,27,27249,1,2,1,5,D6015,49.184074,1.253774
202300018993,15,9,2023,2025-12-05 06:35:00,2,43,43084,1,1,1,5,2 Route Du Midi,44.978992,3.857274
202300018994,22,12,2023,2025-12-05 18:50:00,2,45,45134,1,1,1,1,D2157 Pr 20 + 530,47.936759,1.639302
202300018995,2,2,2023,2025-12-05 09:40:00,1,60,60581,1,1,1,7,D938,49.503301,2.419932
202300018996,15,9,2023,2025-12-05 07:40:00,1,53,53209,1,1,1,7,La Riaute,48.018233,-0.996934
202300018997,30,1,2023,2025-12-05 00:30:00,3,59,59350,1,1,1,6,Route Nationale 356,50.63192,3.08276
202300018998,1,2,2023,2025-12-05 07:30:00,2,91,91553,1,1,1,2,Rn 104,48.6316,2.49339
202300018999,23,12,2023,2025-12-05 10:50:00,1,7,7292,1,1,1,1,D578,45.164841,4.693769
202300019000,31,1,2023,2025-12-05 17:19:00,2,78,78640,1,1,1,6,A86 Int,48.779007,2.199934
202300019001,14,9,2023,2025-12-05 11:15:00,1,46,46145,1,1,1,6,Pk 301.500 A20 Sens Toulouse Paris,44.93131172,1.50239884
202300019002,31,1,2023,2025-12-05 06:20:00,5,92,92050,1,1,8,2,A86,48.90224173,2.2034508
202300019003,15,9,2023,2025-12-05 07:20:00,1,31,31057,2,1,1,1,Chemin De La Tour,43.510287,1.563226
202300019004,22,12,2023,2025-12-05 20:15:00,3,53,53135,1,1,1,3,Le Gros Chene,47.870273,-0.998576
202300019005,31,1,2023,2025-12-05 08:50:00,1,95,95500,1,1,2,2,A15,49.036351,2.09396878
202300019006,15,9,2023,2025-12-05 13:15:00,1,14,14221,1,1,1,4,A13,49.168219,-0.261988
202300019007,30,1,2023,2025-12-05 08:35:00,1,95,95252,1,1,1,4,A115,48.98595974,2.24209995
202300019008,15,9,2023,2025-12-05 18:30:00,1,76,76391,1,1,1,6,A13,49.339105,0.961701
202300019009,22,12,2023,2025-12-05 10:54:00,1,40,40110,2,2,2,6,Place De L'Hotel De Ville,43.640027,-0.378149
202300019010,30,1,2023,2025-12-05 13:30:00,1,93,93078,1,1,2,2,Autoroute A104,48.97104,2.49948
202300019011,15,9,2023,2025-12-05 08:18:00,1,974,97418,1,1,1,2,N2,-20.898258,55.519575
202300019012,1,2,2023,2025-12-05 18:45:00,3,75,75112,1,1,1,2,A4,48.819242,2.458531
202300019013,15,9,2023,2025-12-05 10:00:00,1,21,21540,1,1,1,2,D700,47.325589,5.081348
202300019014,23,12,2023,2025-12-05 19:05:00,3,24,24354,1,1,2,7,656 Route D'Angouleme,45.16292,0.008175
202300019015,1,2,2023,2025-12-05 08:40:00,1,94,94028,1,1,1,4,A86,48.78839102,2.44007985
202300019016,15,9,2023,2025-12-05 15:15:00,1,2B,2B093,1,1,1,3,Rt 30,42.623649,8.916328
202300019017,1,2,2023,2025-12-05 07:40:00,2,75,75112,1,1,1,2,A4,48.820452,2.46066
202300019018,23,12,2023,2025-12-05 11:50:00,1,4,4158,1,9,1,1,Chemin Du Plan,43.723808,6.039476
202300019019,15,9,2023,2025-12-05 15:45:00,1,66,66175,1,1,1,3,Adresse_Inconnue,42.54577,2.909242
202300019020,31,1,2023,2025-12-05 16:50:00,1,37,37261,2,9,1,6,Delaroche (Rue),47.42534,0.67722
202300019021,22,12,2023,2025-12-05 20:30:00,3,85,85101,1,1,1,6,Rd19,46.494364,-1.3967454
202300019022,26,1,2023,2025-12-05 19:15:00,5,59,59183,2,1,1,6,Kruysbellaert,51.03873,2.37661
202300019023,13,9,2023,2025-12-05 13:30:00,1,11,11188,1,3,1,3,D709,42.972054,3.000464
202300019024,8,12,2023,2025-12-05 08:40:00,1,27,27065,2,1,1,6,Rue Du Chanoine Leprieur,49.34281,0.345549
202300019025,29,1,2023,2025-12-05 15:10:00,1,988,98818,2,2,1,2,Avenue De La Victoire H. Lafleur/Rue De Sebastopol,-22.2743,166.44381
202300019026,11,9,2023,2025-12-05 08:30:00,1,83,83119,2,3,1,3,Avenue Francois Pelletier,43.267138,6.640728
202300019027,22,12,2023,2025-12-05 10:45:00,1,28,28391,1,1,1,3,Rd 2020,48.222185,1.950964
202300019028,31,1,2023,2025-12-05 18:00:00,1,976,97611,1,9,1,6,Kaweni-Europe (Avenue),-12.77099,45.22539
202300019029,14,9,2023,2025-12-05 20:30:00,3,83,83108,1,1,1,1,D554,43.320709,6.021865
202300019030,31,1,2023,2025-12-05 08:15:00,1,974,97411,1,1,1,2,Chaloupe (Chemin De La Grande),-20.896248,55.376004
202300019031,22,12,2023,2025-12-05 17:40:00,3,8,8302,1,1,3,7,D1,49.868786,4.72381
202300019032,15,9,2023,2025-12-05 13:25:00,1,5,5007,1,1,1,1,Route Departementale D902 - Pr 49+200,44.711674,6.742093
202300019033,31,1,2023,2025-12-05 17:35:00,1,973,97302,2,1,1,2,Zone Collery I Ou Ii,4.904,-52.31722
202300019034,14,9,2023,2025-12-05 11:50:00,1,4,4193,1,1,1,7,D902,44.527678,6.716804
202300019035,9,12,2023,2025-12-05 10:31:00,5,67,67256,1,1,3,6,M263,48.65066,7.723668
202300019036,31,1,2023,2025-12-05 12:40:00,1,973,97302,2,3,1,3,Baduel (Route De),4.93765,-52.31595
202300019037,15,9,2023,2025-12-05 09:05:00,1,25,25276,2,1,1,1,D25,47.436053,6.43948
202300019038,31,1,2023,2025-12-05 17:30:00,5,69,69387,2,2,1,6,56 Avenue Jean Jaures,45.74888,4.84404
202300019039,14,9,2023,2025-12-05 14:30:00,1,3,3102,2,2,1,2,Route De Vichy,46.519684,3.68005
202300019040,31,1,2023,2025-12-05 11:45:00,1,69,69388,2,2,1,3,45 Rue Professeur Beauvisage,45.72978,4.86847
202300019041,15,9,2023,2025-12-05 10:00:00,1,73,73290,1,1,5,6,D1006,45.218884,6.968926
202300019042,30,1,2023,2025-12-05 18:05:00,3,2B,2B037,1,1,1,3,Toutes Rues,42.61656,9.43735
202300019043,15,9,2023,2025-12-05 14:50:00,1,73,73176,1,4,1,6,D84 Le Villaret,45.612484,6.860828
202300019044,31,1,2023,2025-12-05 21:40:00,5,2A,2A004,2,1,1,3,Pins Rce Les Av Mont Thabor,41.94404,8.7647
202300019045,31,1,2023,2025-12-05 13:40:00,1,2A,2A004,2,1,1,1,Vazzio Hauts Du Hlm,41.93495,8.78754
202300019046,12,9,2023,2025-12-05 10:30:00,1,26,26064,1,2,1,3,Chemin Des Charbonniers,44.915898,5.005281
202300019047,31,1,2023,2025-12-05 01:35:00,5,95,95306,2,6,1,6,Boeufs (Chemin Des),49.010935,2.129586
202300019048,23,12,2023,2025-12-05 00:26:00,4,78,78043,1,1,2,5,D307,48.838036,2.08825
202300019049,14,9,2023,2025-12-05 15:30:00,1,69,69067,1,1,1,3,10 Route De Chavanne,45.75835499,4.56324361
202300019050,31,1,2023,2025-12-05 18:00:00,5,91,91027,2,1,1,2,Av Jules Valles,48.698623,2.372914
202300019051,14,9,2023,2025-12-05 07:15:00,2,9,9309,1,1,1,6,D6,43.093944,1.778455
202300019052,30,1,2023,2025-12-05 07:35:00,5,91,91174,1,1,1,6,Rue De Nagis,48.60205,2.47757
202300019053,15,9,2023,2025-12-05 18:00:00,1,85,85198,2,3,1,3,Rd 53,46.99101,-1.044468
202300019054,31,1,2023,2025-12-05 00:38:00,3,91,91433,2,1,5,7,Cd 17,48.47807,2.19671
202300019055,22,12,2023,2025-12-05 20:10:00,5,78,78455,1,1,2,4,D307,48.849125,2.052659
202300019056,31,1,2023,2025-12-05 09:54:00,1,87,87050,1,3,2,3,Montin (Route Du),45.88076,1.25722
202300019057,15,9,2023,2025-12-05 07:50:00,1,44,44122,1,2,1,3,Beau-Soleil,47.423239,-1.435778
202300019058,29,1,2023,2025-12-05 14:19:00,1,87,87065,2,6,1,7,Rd979,45.81789,1.30258
202300019059,14,9,2023,2025-12-05 11:00:00,1,50,50034,2,3,1,7,Le Moulin,49.083452,-1.072642
202300019060,27,1,2023,2025-12-05 07:25:00,2,84,84007,2,1,1,6,Follereau (Rue Raoul),43.91969,4.8001
202300019061,13,9,2023,2025-12-05 17:20:00,1,27,27161,1,1,1,3,D613,49.065558,1.027865
202300019062,31,1,2023,2025-12-05 13:15:00,1,83,83062,1,3,1,3,Planquette (Chemin De La),43.13442,6.02993
202300019063,23,12,2023,2025-12-05 01:45:00,3,63,63265,1,1,2,2,A89 Pk424+000 Sens Lyon/Clermont-Ferrand,45.849156,3.436232
202300019064,14,9,2023,2025-12-05 10:50:00,1,60,60500,2,1,1,3,Avenue De La Gare,49.096028,2.742741
202300019065,28,1,2023,2025-12-05 08:00:00,1,83,83126,2,1,1,3,Evescat (Chemin De L'),43.09281,5.8872
202300019066,10,9,2023,2025-12-05 09:00:00,1,13,13212,1,1,1,2,A507 Sens Aubagne- Marseille,43.31404945,5.42342663
202300019067,31,1,2023,2025-12-05 09:00:00,1,83,83123,2,1,7,2,Buge (Chemin De La) Ndeg Impairs,43.12085,5.80752
202300019068,8,9,2023,2025-12-05 15:25:00,1,67,67447,1,1,1,4,M35,48.60035,7.73568
202300019069,26,1,2023,2025-12-05 12:24:00,1,83,83129,2,3,1,7,Solviou (Corniche De),43.1034,5.81289
202300019070,14,9,2023,2025-12-05 19:20:00,1,33,33249,1,1,1,3,Autoroute A 10,44.8854,-0.50855
202300019071,23,12,2023,2025-12-05 00:00:00,3,6,6088,1,1,1,6,Autoroute A8 - Pk 187+500 - Chaussee Sud -,43.682103,7.192719
202300019072,13,9,2023,2025-12-05 09:50:00,1,59,59346,1,1,1,6,Route Nationale 227,50.60577544,3.13002996
202300019073,30,1,2023,2025-12-05 18:30:00,5,77,77058,2,1,1,6,Antoine Giroust (Boulevard ),48.83964,2.710855
202300019074,13,9,2023,2025-12-05 07:05:00,1,59,59143,1,1,1,7,Autoroute A25,50.65431,2.91189
202300019075,14,12,2023,2025-12-05 18:10:00,5,971,97116,2,1,8,1,Marieule,16.32482089,-61.46914959
202300019076,31,1,2023,2025-12-05 12:00:00,1,77,77186,1,1,1,5,D606,48.48519,2.66552
202300019077,11,9,2023,2025-12-05 10:50:00,1,59,59348,1,1,1,2,Autoroute A2,50.27815,3.34093
202300019078,30,1,2023,2025-12-05 19:30:00,5,76,76351,2,3,1,6,Irene Joliot Curie (Rue),49.5135,0.10452
202300019079,31,1,2023,2025-12-05 14:30:00,1,71,71153,2,1,1,7,Guesdes (Rue Jules),46.80628,4.426831
202300019080,14,9,2023,2025-12-05 17:00:00,1,91,91659,1,1,1,5,Autoroute A6,48.58486,2.45392
202300019081,23,12,2023,2025-12-05 15:45:00,1,45,45324,2,1,1,1,D951 Pr 62 + 774,47.795247,2.201361
202300019082,13,9,2023,2025-12-05 21:41:00,3,78,78090,1,1,1,6,A13,48.97063,1.88755
202300019083,31,1,2023,2025-12-05 18:20:00,2,69,69271,2,2,1,4,16 Avenue Louis Bleriot,45.72787225,4.96256064
202300019084,31,1,2023,2025-12-05 17:05:00,1,69,69259,1,1,1,6,28 Rue De Montelier,45.69943502,4.89736765
202300019085,13,9,2023,2025-12-05 17:45:00,1,78,78640,1,1,1,5,A86 Ext,48.778051,2.213446
202300019086,21,12,2023,2025-12-05 13:10:00,1,77,77257,2,1,2,6,Route De Beauval,49.030146,3.010173
202300019087,30,1,2023,2025-12-05 17:47:00,5,68,68066,2,9,1,3,Rue Du Florimont,48.07885,7.34881
202300019088,14,9,2023,2025-12-05 16:50:00,1,92,92036,1,1,1,4,Autoroute A86,48.93895984,2.3073606
202300019089,31,1,2023,2025-12-05 17:00:00,1,64,64483,1,1,1,3,Route D 'Ascain,43.37718165,-1.63772793
202300019090,14,9,2023,2025-12-05 16:50:00,5,93,93008,1,1,1,5,Autoroute A86,48.90837,2.4509
202300019091,31,1,2023,2025-12-05 18:50:00,5,64,64445,2,2,1,3,Boulevard D'Alsace Lorraine,43.30549,-0.37451
202300019092,23,12,2023,2025-12-05 14:00:00,1,2B,2B307,2,3,1,3,10,42.384443,9.530334
202300019093,14,9,2023,2025-12-05 09:00:00,1,93,93066,1,1,1,5,Autoroute A86,48.92190936,2.36424249
202300019094,31,1,2023,2025-12-05 12:05:00,1,64,64445,2,1,1,2,Paix,43.31977,-0.34956
202300019095,30,1,2023,2025-12-05 05:35:00,5,64,64102,2,1,1,6,Foch (Avenue Marechal),43.49459,-1.48569
202300019096,14,9,2023,2025-12-05 07:50:00,1,93,93005,1,1,1,3,Autoroute A1,48.95885089,2.46459185
202300019097,14,9,2023,2025-12-05 21:02:00,3,77,77146,1,1,1,6,Rn104.Ext,48.80861819,2.63032097
202300019098,30,1,2023,2025-12-05 12:14:00,1,64,64102,2,1,1,3,Rue Becadine,43.49907,-1.4506
202300019099,22,12,2023,2025-12-05 21:45:00,3,34,34321,1,1,1,2,Route Nationale 113,43.672761,4.059382
202300019100,14,9,2023,2025-12-05 01:40:00,5,94,94058,1,1,1,2,A86,48.84536665,2.49270959
202300019101,30,1,2023,2025-12-05 10:50:00,1,63,63070,2,3,4,3,Jb Marrou /Artiere (Avenue De L'),45.74376,3.05892
202300019102,30,1,2023,2025-12-05 16:45:00,1,62,62427,2,2,1,3,Rue Fenelon,50.421118,2.941115
202300019103,11,7,2023,2025-12-05 14:15:00,1,13,13077,1,6,1,3,Dix Neuf Mars 1962 (Rue Du),43.41433,4.99827
202300019104,23,12,2023,2025-12-05 06:30:00,5,84,84089,2,1,1,1,354 Route De La Bastidonne,43.696863,5.518844
202300019105,30,1,2023,2025-12-05 14:10:00,1,62,62215,2,1,1,6,Rue Emile Zola,50.49378,2.95638
202300019106,18,6,2023,2025-12-05 14:30:00,1,93,93007,2,1,1,3,Avenue Pasteur,48.94198406,2.46801616
202300019107,21,1,2023,2025-12-05 06:35:00,5,62,62119,2,1,2,1,Avenue Pierre Mendes France,50.51939,2.64148
202300019108,23,12,2023,2025-12-05 00:30:00,4,13,13014,1,9,1,7,D21B,43.512518,5.126581
202300019109,31,1,2023,2025-12-05 01:35:00,5,60,60414,2,9,1,6,Rue De Finsterwalde,49.25152,2.4519
202300019110,12,9,2023,2025-12-05 07:15:00,1,974,97416,1,3,1,3,Archambaud (Rue),-21.33,55.4795
202300019111,13,9,2023,2025-12-05 16:00:00,1,973,97302,1,6,1,7,Adresse_Inconnue,4.89696936,-52.32843876
202300019112,31,1,2023,2025-12-05 07:55:00,1,59,59360,2,1,1,2,Kuhlmann Avenue,50.62216,3.01538
202300019113,13,9,2023,2025-12-05 11:50:00,1,972,97209,1,1,1,3,Autoroute A1,14.614575,-61.048533
202300019114,23,12,2023,2025-12-05 17:05:00,2,71,71238,1,3,1,1,D982,46.22372,4.04902
202300019115,30,1,2023,2025-12-05 21:30:00,5,59,59220,2,2,1,3,Verdun Avenue De,50.58988954,3.0820781
202300019116,22,12,2023,2025-12-05 09:30:00,1,55,55262,1,1,3,7,D69,49.462351,5.318456
202300019117,13,9,2023,2025-12-05 11:00:00,1,2A,2A004,2,3,1,3,Grandval Cours Pair,41.91767,8.73111
202300019118,30,1,2023,2025-12-05 17:00:00,1,59,59509,2,3,1,3,Blum (Rue Leon),50.41723,3.09118
202300019119,26,1,2023,2025-12-05 17:10:00,5,51,51230,2,1,2,6,Avenue De Champagne,49.043429,3.958139
202300019120,13,9,2023,2025-12-05 14:05:00,1,91,91027,2,1,1,3,Vc Quai De L'Industrie,48.6977,2.39452
202300019121,23,12,2023,2025-12-05 18:29:00,5,57,57683,2,1,2,6,14 Rue Du Muguet,49.302628,6.152175
202300019122,31,1,2023,2025-12-05 08:50:00,1,49,49007,2,1,1,3,Birge Boulevard,47.4716,-0.51912
202300019123,13,9,2023,2025-12-05 08:20:00,1,91,91286,2,6,1,3,Emile Aillaud (Avenue),48.647885,2.367112
202300019124,30,1,2023,2025-12-05 17:58:00,2,49,49267,2,1,1,7,Giono,47.47057,-0.48439
202300019125,21,12,2023,2025-12-05 18:25:00,5,63,63042,2,1,2,6,Route De Sayat,45.827368,3.071966
202300019126,10,9,2023,2025-12-05 02:40:00,5,86,86194,2,1,1,6,D910,46.614942,0.349973
202300019127,29,1,2023,2025-12-05 20:00:00,5,49,49007,2,2,1,3,Gasnier Avenue,47.48743,-0.57353
202300019128,19,12,2023,2025-12-05 10:50:00,1,38,38562,2,9,1,6,315 Rue Ambroise Croizat,45.084305,5.761519
202300019129,28,1,2023,2025-12-05 03:50:00,5,49,49015,2,1,1,6,Mendes France Avenue Pierre,47.49528,-0.57949
202300019130,23,12,2023,2025-12-05 14:10:00,1,26,26381,1,1,1,6,180 Route De L'Ecanciere,45.03424976,5.17187834
202300019131,31,1,2023,2025-12-05 12:30:00,1,47,47201,2,3,1,3,Pyrenees (Avenue Des),44.1754,0.60667
202300019132,13,9,2023,2025-12-05 19:34:00,1,79,79191,2,6,1,3,Adresse_Inconnue,46.3169,-0.48104
202300019133,30,1,2023,2025-12-05 13:50:00,1,42,42218,2,1,2,6,Rue Alexandre Pourcel,45.42338,4.39231
202300019134,23,12,2023,2025-12-05 06:00:00,3,7,7279,1,1,1,6,Route De Valescure,44.42829684,4.6249786
202300019135,31,1,2023,2025-12-05 15:40:00,1,35,35150,1,2,2,3,Pilais (La) Lieux-Dits,48.35491809,-1.23035163
202300019136,19,12,2023,2025-12-05 16:50:00,1,69,69242,2,9,8,6,Route De Villeneuve,46.130869,4.767219
202300019137,31,1,2023,2025-12-05 11:00:00,1,29,29232,2,1,1,1,Rue De Pen Ar Stang,47.99035817,-4.10189822
202300019138,31,1,2023,2025-12-05 07:25:00,3,28,28404,1,1,8,2,Rd 828A,48.72647,1.34487
202300019139,22,12,2023,2025-12-05 16:05:00,1,69,69121,1,1,2,5,Route De La Tour,45.839937,4.691913
202300019140,30,1,2023,2025-12-05 17:10:00,1,27,27229,2,1,1,6,Brossolette (Rue Pierre),49.0225,1.16434
202300019141,22,12,2023,2025-12-05 21:35:00,5,33,33019,2,2,2,3,Rue Du Port,44.681451,-1.015012
202300019142,30,1,2023,2025-12-05 08:10:00,2,27,27229,2,1,1,6,Rochette (Rue De La),49.02688,1.14104
202300019143,31,1,2023,2025-12-05 08:30:00,1,25,25056,2,9,1,1,Adresse_Inconnue,47.254828,6.032045
202300019144,13,11,2023,2025-12-05 16:05:00,1,44,44122,1,2,1,5,1 Beau Soleil,47.42325,-1.435843
202300019145,31,1,2023,2025-12-05 17:30:00,1,18,18033,2,2,1,3,Avenue Pierre Semard,47.09298,2.3999
202300019146,22,12,2023,2025-12-05 13:35:00,1,56,56178,2,1,1,6,Rue Roger Le Cunff,48.075703,-2.961169
202300019147,31,1,2023,2025-12-05 16:20:00,1,18,18033,2,3,1,6,3 Rue Pelvoysin,47.08579,2.39347
202300019148,31,1,2023,2025-12-05 19:20:00,3,17,17415,2,9,1,7,Route Nationale 137,45.72483,-0.63939
202300019149,11,1,2023,2025-12-05 08:20:00,1,13,13056,2,1,1,3,Rayettes,43.41279,5.04176
202300019150,22,12,2023,2025-12-05 13:05:00,1,13,13071,1,1,6,2,A7-Sens Lyon Vers Marseille,43.40498387,5.3398132
202300019151,7,1,2023,2025-12-05 19:30:00,3,13,13077,1,1,1,4,Rn 568,43.4136735,5.00434666
202300019152,22,12,2023,2025-12-05 07:00:00,5,13,13212,1,1,1,3,A507 Sens Aubagne- Marseille,43.29122199,5.42444229
202300019153,31,1,2023,2025-12-05 16:00:00,1,13,13214,2,3,1,3,Avenue Raimu,43.33332,5.39895
202300019154,21,12,2023,2025-12-05 22:15:00,3,13,13001,1,1,1,3,A51-Sens Marseille Vers Aix En Provence,43.5133,5.42626
202300019155,31,1,2023,2025-12-05 15:00:00,1,13,13203,2,3,1,6,Jean Cristofol (Rue),43.31076,5.38366
202300019156,31,1,2023,2025-12-05 09:30:00,1,13,13213,2,3,1,6,Poilus (Avenue Des),43.32389,5.45615
202300019157,22,12,2023,2025-12-05 01:05:00,3,69,69259,1,1,2,7,Boulevard Laurent Bonnevay,45.7180857,4.86731916
202300019158,31,1,2023,2025-12-05 07:40:00,1,13,13002,2,1,1,1,General Leclerc (Avenue Du),43.342,5.486
202300019159,30,1,2023,2025-12-05 17:00:00,1,13,13005,2,9,7,6,Tourtelle (Quartier De La),43.28567,5.5547
202300019160,21,12,2023,2025-12-05 21:15:00,3,69,69081,1,1,2,2,Route De Metropole 6,45.78423,4.78418
202300019161,31,1,2023,2025-12-05 13:58:00,1,10,10060,1,1,1,5,Rocade Ouest (Rd 610),48.25434595,4.10560906
202300019162,20,12,2023,2025-12-05 12:15:00,1,42,42225,1,1,1,2,A47,45.52011,4.59287
202300019163,31,1,2023,2025-12-05 13:39:00,1,10,10387,2,1,1,2,General Sarrail (Ave),48.308,4.0446
202300019164,31,1,2023,2025-12-05 12:28:00,1,10,10387,2,1,1,4,Pasteur (Rue),48.30081,4.06463
202300019165,30,1,2023,2025-12-05 18:20:00,5,10,10387,2,3,1,1,Lombards (Avenue),48.26899,4.08458
202300019166,22,12,2023,2025-12-05 12:35:00,1,33,33249,1,1,2,4,Route Nationale 230,44.8811691,-0.51108956
202300019167,29,1,2023,2025-12-05 19:00:00,2,2,2408,1,6,1,3,Adresse_Inconnue,49.57128,3.5869
202300019168,22,12,2023,2025-12-05 07:35:00,3,33,33554,1,1,2,2,Route Nationale 89,44.86911748,-0.46932921
202300019169,31,1,2023,2025-12-05 14:40:00,1,75,75105,2,3,1,6,Boulevard Saint Germain,48.850325,2.347549
202300019170,31,1,2023,2025-12-05 13:50:00,1,75,75106,2,2,1,6,Rue Du Four,48.852648,2.333167
202300019171,31,1,2023,2025-12-05 15:10:00,1,75,75119,2,3,1,6,Rue Manin,48.880422,2.37962
202300019172,31,1,2023,2025-12-05 18:50:00,5,75,75116,2,2,1,3,Route De La Muette A Neuilly,48.875852,2.262205
202300019173,22,12,2023,2025-12-05 20:20:00,3,91,91689,1,1,2,4,Autoroute A6,48.73165,2.31532
202300019174,30,1,2023,2025-12-05 10:15:00,1,75,75114,2,3,2,6,Avenue Du General Leclerc,48.833246,2.331528
202300019175,22,12,2023,2025-12-05 16:30:00,1,91,91689,1,1,8,4,Autoroute A6,48.741353,2.320856
202300019176,30,1,2023,2025-12-05 08:00:00,1,75,75114,2,7,2,6,Boulevard Arago,48.834468,2.332583
202300019177,22,12,2023,2025-12-05 12:38:00,1,92,92036,1,1,2,2,A86,48.93554103,2.28513973
202300019178,31,1,2023,2025-12-05 15:40:00,1,75,75113,2,2,1,2,Rue De Tolbiac,48.827691,2.371388
202300019179,21,12,2023,2025-12-05 22:50:00,3,78,78423,1,1,2,6,A12 W,48.79374,2.04095
202300019180,31,1,2023,2025-12-05 01:05:00,5,75,75113,2,3,1,3,Boulevard Kellermann,48.820926,2.354944
202300019181,21,12,2023,2025-12-05 17:45:00,1,78,78423,1,1,2,7,A12 Y,48.798488,2.044172
202300019182,31,1,2023,2025-12-05 17:55:00,2,75,75111,2,1,1,3,Boulevard Voltaire,48.85949286,2.3772727
202300019183,30,1,2023,2025-12-05 23:08:00,5,75,75108,2,2,1,6,Boulevard Malesherbes,48.877778,2.31634
202300019184,29,1,2023,2025-12-05 19:35:00,5,75,75107,2,2,1,3,Quai D Orsay,48.862863,2.313431
202300019185,21,12,2023,2025-12-05 15:50:00,1,92,92025,1,1,2,4,A86,48.9330032,2.25090697
202300019186,30,1,2023,2025-12-05 19:55:00,5,75,75103,2,2,1,6,Rue Beaubourg,48.863761,2.354864
202300019187,21,12,2023,2025-12-05 08:50:00,1,78,78126,1,1,2,3,A13,48.83558,2.130056
202300019188,31,1,2023,2025-12-05 08:55:00,1,94,94033,2,4,8,3,Avenue Du Marechal Joffre,48.853959,2.473452
202300019189,31,1,2023,2025-12-05 19:05:00,5,94,94054,2,2,1,3,Avenue De La Victoire / Av Des Martyrs De Chateaubriant,48.746822,2.407216
202300019190,31,1,2023,2025-12-05 09:32:00,1,94,94077,2,1,1,2,Avenue Didier Daurat,48.73532,2.40098
202300019191,31,1,2023,2025-12-05 14:30:00,1,93,93072,2,7,1,6,Place Marcel Pointet / Avenue Francois Begue,48.95165,2.38196
202300019192,31,1,2023,2025-12-05 13:55:00,1,93,93053,2,3,1,3,Rue De Brement / Rue De La Pierre Feuillere,48.88822,2.46077
202300019193,31,1,2023,2025-12-05 13:05:00,1,93,93050,2,1,8,6,Avenue Du 8 Mai 1945,48.86568257,2.53450874
202300019194,31,1,2023,2025-12-05 17:45:00,2,93,93048,2,3,1,3,Boulevard Theophile Sueur / Rue Saint Exupery,48.86971968,2.47072086
202300019195,31,1,2023,2025-12-05 07:10:00,5,93,93048,2,1,1,3,Boulevard Theophile Sueur,48.86435,2.46772
202300019196,31,1,2023,2025-12-05 10:10:00,1,93,93031,2,3,1,2,Avenue Jean Jaures / Rue Henri Wallon,48.957121,2.321255
202300019197,31,1,2023,2025-12-05 14:05:00,1,92,92063,2,1,1,6,Maistrasse (Avenue Alexandre),48.86425759,2.20113713
202300019198,30,1,2023,2025-12-05 16:15:00,1,92,92077,2,1,8,3,Corot (Rue),48.82828981,2.19384822
202300019199,31,1,2023,2025-12-05 19:36:00,5,92,92040,2,1,1,1,Verdun (Avenue De) Du 116 Au 150,48.81954895,2.2559537
202300019200,31,1,2023,2025-12-05 07:30:00,5,92,92023,2,2,1,6,General De Gaulle (Av Du) Ndeg130 A 340 Et,48.78345681,2.24662256
202300019201,31,1,2023,2025-12-05 17:30:00,2,6,6031,1,6,1,6,Penetrante Du Paillon,43.762012,7.319978
202300019202,1,2,2023,2025-12-05 15:50:00,1,31,31454,1,1,1,6,Route De Beaufort,43.439558,1.118859
202300019203,31,1,2023,2025-12-05 14:45:00,1,41,41245,1,1,1,7,Autoroute A10 - Sens Province Vers Paris,47.747577,1.538944
202300019204,1,2,2023,2025-12-05 14:30:00,1,85,85109,2,1,1,6,50 Avenue Du Bocage,46.88028,-1.014911
202300019205,1,2,2023,2025-12-05 08:45:00,1,91,91553,2,1,1,3,Avenue Charles De Gaulle,48.619141,2.493
202300019206,31,1,2023,2025-12-05 17:00:00,1,51,51234,2,1,1,1,Rue De Bourgogne,48.55388,3.652799
202300019207,31,1,2023,2025-12-05 13:30:00,1,56,56204,2,7,1,3,Place Joseph Marot,47.910154,-2.722962
202300019208,31,1,2023,2025-12-05 13:15:00,1,67,67434,2,1,8,6,Rue Du Chalet,48.939211,7.090285
202300019209,31,1,2023,2025-12-05 17:45:00,1,76,76717,2,3,1,3,1 Quai Napoleon,49.377443,1.002243
202300019210,30,1,2023,2025-12-05 10:05:00,1,2B,2B049,1,1,1,6,Rd 151,42.513733,8.849675
202300019211,31,1,2023,2025-12-05 20:50:00,3,32,32457,1,1,1,6,D953,43.863526,0.715635
202300019212,18,1,2023,2025-12-05 16:15:00,1,61,61345,1,1,1,6,D10 Pr18+330,48.418499,0.821018
202300019213,1,2,2023,2025-12-05 17:50:00,5,55,55291,2,1,1,6,Rue Du General De Gaulle,48.677881,5.325585
202300019214,1,2,2023,2025-12-05 12:28:00,1,49,49112,1,1,1,6,D347,47.167543,-0.140119