num_acc,jour,mois,an,hrmn,lum,dep,com,agg,int,atm,col,adr,lat,long
202300019215,1,1,2023,2025-12-05 03:36:00,3,12,12288,1,1,1,6,D840,44.449445,2.426149
202300019216,31,1,2023,2025-12-05 18:40:00,3,47,47173,1,4,1,3,Bordeneuve,44.429106,0.494428
202300019217,27,1,2023,2025-12-05 16:40:00,1,44,44134,1,1,1,6,570 La Simoniere,47.469414,-1.213405
202300019218,31,1,2023,2025-12-05 15:40:00,1,38,38240,1,2,1,3,D51,45.378731,4.995786
202300019219,1,2,2023,2025-12-05 08:10:00,2,50,50598,1,3,1,5,Rue Alexis De Tocqueville,49.670394,-1.346397
202300019220,1,2,2023,2025-12-05 12:40:00,1,9,9189,1,1,1,1,Rn20,42.613354,1.820168
202300019221,16,1,2023,2025-12-05 18:15:00,3,40,40126,1,1,3,3,369 Route De Poyartin,43.699128,-0.92356
202300019222,1,2,2023,2025-12-05 08:50:00,1,4,4231,1,1,1,7,D304,44.25668,5.94149
202300019223,18,1,2023,2025-12-05 09:45:00,1,27,27498,2,1,4,3,D137,49.147401,0.833939
202300019224,1,2,2023,2025-12-05 06:45:00,3,63,63311,1,1,8,2,A 71 Pr 357.100,46.03840647,3.11336256
202300019225,1,2,2023,2025-12-05 08:40:00,1,6,6104,1,1,1,6,A8 Pk 214.200 Sens Italie-France,43.76137,7.44673
202300019226,30,1,2023,2025-12-05 18:10:00,4,6,6088,1,1,1,6,Autoroute A8 Pk 186+800 Sud,43.675147,7.197064
202300019227,18,1,2023,2025-12-05 07:20:00,5,49,49307,1,1,9,1,D113,47.463024,-0.408329
202300019228,31,1,2023,2025-12-05 23:45:00,3,30,30333,1,1,1,2,A9 - Point Kilometrique 63.400,43.76302,4.265656
202300019229,1,2,2023,2025-12-05 01:10:00,3,69,69013,1,1,1,4,Autoroute 6,46.016739,4.727082
202300019230,31,1,2023,2025-12-05 12:00:00,1,32,32091,1,1,1,2,Rd930 - Pk 1 + 465,43.682296,0.527548
202300019231,1,2,2023,2025-12-05 10:30:00,1,24,24223,2,1,1,6,Avenue Du General Leclerc,44.838888,0.739363
202300019232,21,1,2023,2025-12-05 01:30:00,3,22,22210,1,1,1,6,D789,48.792316,-3.03662
202300019233,16,1,2023,2025-12-05 19:00:00,3,27,27213,1,1,8,7,Vexin-Sur-Epte,49.146366,1.627157
202300019234,1,2,2023,2025-12-05 16:50:00,1,60,60612,2,6,1,6,Avenue Felix Vernois,49.206516,2.578536
202300019235,31,1,2023,2025-12-05 11:05:00,1,59,59406,1,1,1,7,Route D'Aulnoye,50.182632,3.863357
202300019236,1,2,2023,2025-12-05 13:00:00,1,59,59011,2,1,1,3,Rue Nationale,50.525078,2.93541
202300019237,20,1,2023,2025-12-05 04:50:00,5,69,69389,1,1,1,2,Route De Metropole 6,45.76425,4.80177
202300019238,30,1,2023,2025-12-05 05:50:00,3,93,93064,1,1,2,3,Autoroute A86,48.8803,2.47535
202300019239,29,1,2023,2025-12-05 22:45:00,3,95,95392,1,1,1,6,N184,49.06749081,2.21727448
202300019240,31,1,2023,2025-12-05 18:20:00,5,77,77294,1,1,1,3,A104,48.96562366,2.60764472
202300019241,31,1,2023,2025-12-05 14:50:00,1,77,77181,1,1,1,6,A4,48.82899155,2.72059197
202300019242,31,1,2023,2025-12-05 12:00:00,1,94,94033,1,1,2,5,A86,48.85115,2.489818
202300019243,29,1,2023,2025-12-05 04:00:00,5,62,62019,2,6,9,6,D937,50.426654,2.711173
202300019244,29,1,2023,2025-12-05 19:43:00,5,10,10387,2,3,1,6,Jules Guesde (Rue),48.285,4.082
202300019245,30,1,2023,2025-12-05 11:20:00,1,973,97302,2,6,1,2,Catayee (Justin),4.92422,-52.32415
202300019246,30,1,2023,2025-12-05 15:20:00,1,69,69386,2,1,1,2,66 Boulevard Des Belges,45.77235,4.8539
202300019247,30,1,2023,2025-12-05 09:45:00,1,69,69383,2,2,1,2,Rue Paul Bert,45.75648,4.84722
202300019248,30,1,2023,2025-12-05 07:00:00,1,972,97213,2,1,1,2,Mahault,14.6188,-61.0034
202300019249,30,1,2023,2025-12-05 19:15:00,5,69,69384,2,6,1,3,2 Place De Serin,45.77418,4.81294
202300019250,29,1,2023,2025-12-05 21:35:00,3,971,97101,2,1,1,6,Rond Point Ignace,16.25205037,-61.52130246
202300019251,30,1,2023,2025-12-05 16:10:00,1,971,97105,2,1,1,2,Gaston Feuillard(Avenue),16.00432,-61.7293
202300019252,30,1,2023,2025-12-05 08:00:00,5,95,95288,2,1,8,6,D301,48.98519746,2.36147046
202300019253,28,1,2023,2025-12-05 10:25:00,1,91,91174,2,1,1,3,Bd Fontainebleau,48.59733,2.47424
202300019254,28,1,2023,2025-12-05 14:15:00,1,80,80021,2,9,1,6,Abbe Henocque (Rue De),49.90972,2.29295
202300019255,25,1,2023,2025-12-05 07:05:00,5,80,80021,2,9,1,2,Aval (Port D'),49.89827,2.29289
202300019256,30,1,2023,2025-12-05 07:07:00,3,77,77358,1,1,2,1,Adresse_Inconnue,48.997142,2.851285
202300019257,30,1,2023,2025-12-05 16:40:00,1,76,76103,2,3,1,6,Route De Paris,49.42411,1.12303
202300019258,30,1,2023,2025-12-05 21:00:00,5,69,69259,2,1,1,6,Avenue Maurice Thorez,45.69992809,4.86324446
202300019259,28,1,2023,2025-12-05 04:10:00,5,67,67218,2,1,1,6,Lyon (Rte De),48.52020501,7.70518184
202300019260,27,1,2023,2025-12-05 14:00:00,1,67,67482,2,1,1,2,Schnokeloch (Rue Du),48.57722,7.71318
202300019261,27,1,2023,2025-12-05 09:30:00,1,67,67482,2,1,1,6,Oberhausbergen (Route D ),48.592268,7.71816
202300019262,26,1,2023,2025-12-05 20:50:00,5,67,67482,2,3,1,3,Unterelsau (Rue De L ),48.57004,7.72787
202300019263,27,1,2023,2025-12-05 20:03:00,5,66,66136,2,3,1,3,Adresse_Inconnue,42.690751,2.9012
202300019264,28,1,2023,2025-12-05 17:14:00,1,64,64102,2,6,1,3,Giratoire De Maignon,43.46559,-1.49522
202300019265,28,1,2023,2025-12-05 15:39:00,1,63,63113,2,1,1,4,Flaubert (Bd Gustave),45.75737,3.12763
202300019266,26,1,2023,2025-12-05 07:40:00,5,59,59350,2,1,2,3,Solferino Rue Ndeg110 - 206,50.62761,3.06165
202300019267,30,1,2023,2025-12-05 07:15:00,5,59,59350,2,1,2,3,Cormontaigne Place,50.626242,3.040524
202300019268,30,1,2023,2025-12-05 20:45:00,5,59,59043,1,1,1,6,Lille (Route De),50.728059,2.767204
202300019269,27,1,2023,2025-12-05 20:45:00,3,57,57221,1,1,1,6,Etoile (Rue De L'),49.3406,6.1097
202300019270,30,1,2023,2025-12-05 06:45:00,5,54,54526,2,9,2,3,Rue Louis Pasteur,48.68396,6.22121
202300019271,27,1,2023,2025-12-05 18:50:00,5,54,54329,2,1,1,6,Rue Du General Chanzy,48.5962,6.48947
202300019272,30,1,2023,2025-12-05 05:30:00,5,54,54580,2,1,1,6,D27,49.45961,5.92738
202300019273,30,1,2023,2025-12-05 08:38:00,1,47,47001,2,1,1,6,Luxembourg (Av. Maurice),44.19929,0.62273
202300019274,30,1,2023,2025-12-05 09:05:00,1,43,43157,2,1,1,6,Avenue Louis Jonget,45.01516,3.90064
202300019275,26,1,2023,2025-12-05 12:25:00,1,39,39300,2,1,1,6,243 Route De Macornay,46.667383,5.545558
202300019276,30,1,2023,2025-12-05 10:50:00,1,38,38563,2,1,1,7,Curie (Rue M.),45.374,5.589
202300019277,30,1,2023,2025-12-05 18:40:00,5,38,38185,2,1,1,6,Avenue Rhin Et Danube,45.1798,5.70539
202300019278,16,10,2023,2025-12-05 15:20:00,1,88,88077,2,1,1,1,Rue De Lorraine,48.34734,6.676651
202300019279,17,10,2023,2025-12-05 08:13:00,1,3,3040,1,3,1,2,Impasse Des Linards,46.523693,3.318188
202300019280,15,10,2023,2025-12-05 20:25:00,3,73,73150,1,1,1,5,N90,45.56349795,6.67676123
202300019281,14,10,2023,2025-12-05 12:50:00,1,33,33366,2,1,1,3,Rue Emile Martin Dantagnan,44.994206,-0.441915
202300019282,17,10,2023,2025-12-05 08:35:00,1,60,60057,2,1,1,3,Avenue Descartes,49.4083224,2.11787653
202300019283,16,10,2023,2025-12-05 19:59:00,5,59,59126,2,1,1,6,2 Rue Du Moulinel,50.313476,3.122252
202300019284,15,10,2023,2025-12-05 17:23:00,1,13,13214,1,1,1,3,A507 Sens Marseille - Aubagne,43.33173866,5.38679838
202300019285,16,10,2023,2025-12-05 05:45:00,3,33,33039,1,1,1,2,Rocade A 630,44.8001,-0.53564
202300019286,16,10,2023,2025-12-05 07:08:00,3,91,91136,1,1,1,6,Autoroute A10,48.71213,2.28463
202300019287,16,10,2023,2025-12-05 14:15:00,1,92,92036,1,1,1,4,A86,48.93535855,2.28516302
202300019288,15,10,2023,2025-12-05 21:15:00,3,78,78073,1,1,1,5,N12Y,48.798617,2.003875
202300019289,16,10,2023,2025-12-05 18:40:00,2,93,93007,1,1,1,6,Autoroute A3,48.9233048,2.48049511
202300019290,16,10,2023,2025-12-05 09:50:00,1,94,94018,1,1,1,3,A4,48.81948161,2.40571551
202300019291,16,10,2023,2025-12-05 09:10:00,1,94,94022,1,1,1,4,A86,48.77601929,2.4276246
202300019292,15,10,2023,2025-12-05 00:05:00,3,94,94069,1,1,1,4,A4,48.81723163,2.4298979
202300019293,2,7,2023,2025-12-05 14:15:00,1,73,73270,1,2,1,3,D32 Route Du General Curial,45.56222,6.168829
202300019294,9,7,2023,2025-12-05 15:45:00,1,73,73023,1,1,1,7,D1006,45.216129,6.753266
202300019295,11,6,2023,2025-12-05 17:45:00,1,73,73322,1,1,3,6,D215,45.20719858,6.67688861
202300019296,4,6,2023,2025-12-05 04:10:00,2,13,13097,1,1,1,3,Route Nationale 568,43.51439526,4.85150736
202300019297,14,10,2023,2025-12-05 23:45:00,5,973,97302,2,2,1,6,De Gaulle (Avenue),4.93987989,-52.32734442
202300019298,15,10,2023,2025-12-05 21:36:00,5,69,69388,2,1,1,3,Avenue Paul Santy,45.72972014,4.87581481
202300019299,15,10,2023,2025-12-05 19:15:00,5,69,69387,2,1,1,6,Rue Crepet,45.73885,4.83594
202300019300,13,10,2023,2025-12-05 22:20:00,5,972,97213,1,1,1,2,Route Nationale 5,14.59692,-60.99767
202300019301,14,10,2023,2025-12-05 07:20:00,1,972,97213,1,1,1,3,Route Nationale 1,14.63257,-60.97778
202300019302,13,10,2023,2025-12-05 22:40:00,5,972,97213,1,1,1,2,Route Nationale 5,14.59609,-60.98825
202300019303,15,10,2023,2025-12-05 06:50:00,5,69,69382,2,1,1,6,Rue Guynemer,45.75514,4.8264
202300019304,15,10,2023,2025-12-05 18:23:00,5,971,97101,1,3,1,3,Besson,16.24089847,-61.49590194
202300019305,9,10,2023,2025-12-05 11:35:00,1,971,97113,2,1,1,2,Grand Baie ( Rn4),16.22013,-61.51918
202300019306,15,10,2023,2025-12-05 19:05:00,2,2A,2A004,2,3,1,3,Grande Armee Avenue,41.92766,8.73329
202300019307,15,10,2023,2025-12-05 07:40:00,5,91,91692,2,1,1,6,Aubrac (Avenue De L'),48.677174,2.174054
202300019308,15,10,2023,2025-12-05 22:50:00,5,91,91114,2,1,1,7,Bd Charles De Gaulle,48.69416,2.50763
202300019309,15,10,2023,2025-12-05 14:20:00,1,91,91097,2,9,1,7,Av Du Gal Charles De Gaulle,48.683998,2.531786
202300019310,14,10,2023,2025-12-05 21:55:00,5,86,86194,2,1,1,2,Avenue John Kennedy,46.583917,0.366778
202300019311,14,10,2023,2025-12-05 14:40:00,1,86,86194,2,9,1,3,Avenue De Nantes,46.585594,0.333202
202300019312,15,10,2023,2025-12-05 14:30:00,1,69,69266,2,1,1,3,1 Boulevard De La Bataille De Stalingrad,45.78305,4.85992
202300019313,15,10,2023,2025-12-05 17:50:00,1,67,67482,2,8,1,3,Armande Bejart (Rue),48.59235,7.71131
202300019314,14,10,2023,2025-12-05 13:15:00,1,67,67365,2,1,2,2,Ettore Bugatti (Rue),48.54208,7.69723
202300019315,19,8,2023,2025-12-05 19:14:00,1,63,63063,1,9,7,7,Adresse_Inconnue,45.83061,3.11391
202300019316,15,10,2023,2025-12-05 20:20:00,5,62,62498,2,1,1,6,Route De Lille,50.43712,2.84236
202300019317,15,10,2023,2025-12-05 15:30:00,1,62,62193,2,1,1,1,Rue Des Dunes,50.9704474,1.88332683
202300019318,15,10,2023,2025-12-05 12:05:00,1,49,49007,2,1,1,2,Moulin Boulevard,47.49223,-0.54948
202300019319,15,10,2023,2025-12-05 09:00:00,1,49,49007,2,2,1,6,Coubertin,47.45813738,-0.53300589
202300019320,15,10,2023,2025-12-05 12:40:00,1,45,45302,1,3,1,3,Route Nationale 20,47.964174,1.888438
202300019321,28,8,2023,2025-12-05 19:20:00,1,42,42218,2,3,1,6,Rue Francisque Voytier,45.42231,4.40568
202300019322,15,10,2023,2025-12-05 22:10:00,3,38,38151,1,1,1,4,A480,45.15076,5.69694
202300019323,15,10,2023,2025-12-05 06:30:00,5,37,37261,2,3,1,3,Wagner (Boulevard Richard),47.3744,0.70388
202300019324,15,10,2023,2025-12-05 02:30:00,5,34,34172,2,1,1,1,Liberte (Avenue De La,43.6088,3.84431
202300019325,15,10,2023,2025-12-05 16:40:00,1,33,33069,2,2,1,3,Boulevard Pierre 1Er,44.85705,-0.59118
202300019326,15,10,2023,2025-12-05 06:10:00,4,33,33318,2,6,1,6,Avenue Gustave Eiffel,44.78159,-0.64981
202300019327,15,10,2023,2025-12-05 00:35:00,5,33,33063,2,2,1,3,Rue Lucien Faure,44.86597,-0.56134
202300019328,15,10,2023,2025-12-05 18:55:00,1,32,32013,2,1,1,2,Avenue Du Corps Franc Pommies,43.62984,0.58041
202300019329,15,10,2023,2025-12-05 14:50:00,1,13,13203,2,1,1,3,Paris (Boulevard De),43.31332,5.36742
202300019330,15,10,2023,2025-12-05 07:00:00,1,13,13203,2,2,1,3,National (Boulevard),43.30566,5.38395
202300019331,15,10,2023,2025-12-05 06:44:00,5,13,13213,2,9,1,1,Albert Einstein (Rue),43.33305,5.43042
202300019332,14,10,2023,2025-12-05 16:50:00,1,13,13028,2,1,1,2,Ernest Subilia,43.18435506,5.60934093
202300019333,15,10,2023,2025-12-05 05:40:00,5,6,6104,2,1,1,3,Azur (Avenue De La Cote D'),43.762221,7.457794
202300019334,15,10,2023,2025-12-05 11:45:00,1,4,4070,2,1,1,3,Nice (Rte),44.07766,6.21116
202300019335,15,10,2023,2025-12-05 06:30:00,5,75,75117,2,4,1,2,Porte De Clichy,48.89550339,2.30764389
202300019336,15,10,2023,2025-12-05 01:40:00,5,75,75120,2,3,1,2,Boulevard Davout,48.858697,2.409835
202300019337,15,10,2023,2025-12-05 14:30:00,1,75,75119,2,3,1,3,Avenue Jean Jaures,48.886555,2.384617
202300019338,15,10,2023,2025-12-05 14:45:00,1,75,75118,2,2,1,7,Rue De La Chapelle,48.890244,2.359916
202300019339,15,10,2023,2025-12-05 20:05:00,3,75,75116,2,1,1,6,Porte Dauphine,48.874363,2.271394
202300019340,15,10,2023,2025-12-05 01:05:00,5,75,75116,2,1,1,2,Avenue Mozart,48.851713,2.267749
202300019341,15,10,2023,2025-12-05 01:40:00,5,75,75112,2,4,1,6,Rue De Charenton,48.841721,2.386936
202300019342,15,10,2023,2025-12-05 20:40:00,5,75,75107,2,2,1,3,Avenue Bosquet,48.861161,2.3024
202300019343,14,10,2023,2025-12-05 23:33:00,5,94,94068,2,2,1,3,Avenue De L'Alma,48.78600688,2.49520853
202300019344,15,10,2023,2025-12-05 19:05:00,5,94,94076,2,1,1,6,Rue Marcel Grosmenil,48.79986,2.3552
202300019345,15,10,2023,2025-12-05 14:00:00,1,94,94022,2,9,1,3,Avenue Victor Hugo,48.769308,2.422342
202300019346,15,10,2023,2025-12-05 09:55:00,1,94,94054,2,1,1,3,7 Rue Christophe Colomb,48.750381,2.417955
202300019347,15,10,2023,2025-12-05 14:40:00,1,93,93072,2,9,1,3,Avenue De Stalingrad,48.948347,2.378637
202300019348,14,10,2023,2025-12-05 17:20:00,1,93,93051,2,3,1,3,Rue Du Centre / Rue De La Closerie,48.83844,2.54718
202300019349,15,10,2023,2025-12-05 14:09:00,1,93,93029,2,3,1,6,Avenue Jean Jaures / Rue Francois Carels,48.91643,2.45803
202300019350,15,10,2023,2025-12-05 18:30:00,5,93,93066,2,1,1,3,Boulevard Anatole France,48.929241,2.35496
202300019351,15,10,2023,2025-12-05 20:40:00,5,93,93010,2,1,1,6,Avenue Leon Blum,48.9132432,2.4784772
202300019352,15,10,2023,2025-12-05 09:15:00,1,93,93008,2,1,1,7,Avenue Paul Vaillant - Couturier,48.908428,2.451436
202300019353,15,10,2023,2025-12-05 00:45:00,5,93,93007,2,2,1,7,Charles Floquet (Avenue),48.94009099,2.43844718
202300019354,15,10,2023,2025-12-05 20:17:00,5,92,92072,2,1,1,7,Grande Rue,48.82555721,2.21633828
202300019355,15,10,2023,2025-12-05 12:35:00,1,92,92063,2,9,1,3,Chatou (Pont De),48.88786297,2.16539249
202300019356,14,10,2023,2025-12-05 21:38:00,5,92,92023,2,3,1,6,Cavee (Rue De La),48.78834334,2.25838137
202300019357,15,10,2023,2025-12-05 19:10:00,2,92,92019,2,1,1,7,Fayo Vincent (Rue),48.76285299,2.28262782
202300019358,15,10,2023,2025-12-05 22:00:00,3,80,80498,1,1,1,7,Pk 41 D919,50.064398,2.593138
202300019359,16,10,2023,2025-12-05 13:00:00,1,87,87002,1,1,1,1,Le Tarier,45.940424,1.367497
202300019360,15,10,2023,2025-12-05 19:25:00,3,36,36013,1,2,1,3,Adresse_Inconnue,47.0589226,1.6022893
202300019361,15,10,2023,2025-12-05 19:45:00,2,41,41167,2,2,1,1,Avenue De La Republique,47.492508,1.18404
202300019362,16,10,2023,2025-12-05 07:25:00,2,28,28018,1,1,1,2,Autoroute A11 Pk 116+150 Vers Paris,48.195306,0.864622
202300019363,13,10,2023,2025-12-05 05:40:00,3,83,83132,1,1,1,2,"Autoroute A57, Pk 11.700 Sens Nord",43.173699,6.049261
202300019364,15,10,2023,2025-12-05 19:10:00,5,62,62571,2,2,8,3,D940,50.4735525,1.61761022
202300019365,16,10,2023,2025-12-05 16:45:00,1,59,59082,1,1,1,1,Route De Bergues,50.964276,2.415202
202300019366,15,10,2023,2025-12-05 12:35:00,1,44,44138,1,3,1,3,Adresse_Inconnue,47.490453,-1.638164
202300019367,15,10,2023,2025-12-05 06:10:00,2,83,83130,1,3,1,3,Rd554 Domaine Des 4 Saisons,43.18942574,6.05584645
202300019368,15,10,2023,2025-12-05 12:35:00,1,32,32066,1,2,1,3,Cd282,43.842884,0.727512
202300019369,15,10,2023,2025-12-05 16:15:00,1,63,63223,1,1,8,1,D2144,46.11685257,2.88642555
202300019370,6,10,2023,2025-12-05 15:30:00,1,12,12210,1,1,1,3,D922,44.186128,2.028072
202300019371,15,10,2023,2025-12-05 16:00:00,1,68,68264,1,4,1,1,D21,47.571258,7.410407
202300019372,15,10,2023,2025-12-05 15:00:00,1,39,39470,1,1,1,6,Adresse_Inconnue,46.456526,6.06477
202300019373,13,10,2023,2025-12-05 14:30:00,1,25,25586,1,1,1,1,D480,47.470511,6.897536
202300019374,15,10,2023,2025-12-05 18:20:00,2,25,25328,1,1,1,7,Route Nationale,47.185863,5.964632
202300019375,12,10,2023,2025-12-05 11:17:00,1,31,31528,1,1,1,2,D5,43.24291543,0.73436469
202300019376,15,10,2023,2025-12-05 16:15:00,1,15,15223,2,1,1,7,Rd 422,45.31832,2.436503
202300019377,15,10,2023,2025-12-05 18:50:00,2,1,1254,2,1,8,3,2700 Route Du Revermont,46.166539,5.295394
202300019378,16,10,2023,2025-12-05 11:00:00,1,58,58243,1,1,1,1,Route Du Bouron,46.899425,3.685913
202300019379,16,10,2023,2025-12-05 08:30:00,1,54,54152,2,1,7,6,19 Rue Du Mal De Lattre De Tassigny,48.557785,6.38541
202300019380,14,10,2023,2025-12-05 14:00:00,1,6,6073,1,1,1,6,M97 - Pk4 + 000,44.200309,7.072073
202300019381,14,10,2023,2025-12-05 14:10:00,1,6,6073,2,1,1,6,M97,44.190532,7.152312
202300019382,16,10,2023,2025-12-05 00:37:00,3,50,50604,1,1,1,6,D23,49.530752,-1.825511
202300019383,14,10,2023,2025-12-05 15:20:00,1,50,50487,1,1,1,3,La Besliviere,48.536897,-1.358009
202300019384,15,10,2023,2025-12-05 14:50:00,1,83,83046,1,1,1,7,Rd22 Pr 11+250,43.544504,6.161313
202300019385,16,10,2023,2025-12-05 16:50:00,1,7,7167,1,1,1,1,Route Departementale 2 07360,44.792967,4.61297
202300019386,15,10,2023,2025-12-05 20:30:00,3,40,40333,1,1,1,6,D157,43.969963,-0.744882
202300019387,13,10,2023,2025-12-05 21:00:00,3,85,85084,1,1,2,2,Rd137,46.783255,-1.118874
202300019388,16,10,2023,2025-12-05 09:25:00,1,27,27425,2,1,1,7,Rue Du Chateau,49.151426,0.719079
202300019389,14,10,2023,2025-12-05 19:40:00,3,37,37104,1,1,1,2,D943,47.32185542,0.76884985
202300019390,15,10,2023,2025-12-05 11:20:00,1,30,30083,2,2,1,1,Route Nationale 113,43.727778,4.221057
202300019391,15,10,2023,2025-12-05 16:20:00,1,30,30182,1,9,1,7,Rd 999,43.860896,4.149528
202300019392,13,10,2023,2025-12-05 14:55:00,1,88,88116,1,1,1,6,4 Route De Xoulces,47.965979,6.8505
202300019393,14,10,2023,2025-12-05 18:25:00,1,78,78455,2,3,1,3,Chemin Des Princes,48.84067,2.066991
202300019394,14,10,2023,2025-12-05 15:30:00,1,53,53108,1,1,1,6,Peage De La Gravelle A81 Pk 266+300,48.082838,-1.027576
202300019395,16,10,2023,2025-12-05 14:45:00,1,6,6085,1,1,8,1,Autoroute A8 Pk 169.000 Nord,43.596119,7.049103
202300019396,12,10,2023,2025-12-05 07:50:00,1,68,68084,2,1,1,4,Vieille Rue,47.712864,7.400115
202300019397,13,10,2023,2025-12-05 14:00:00,1,986,98613,2,1,1,1,"Rt 1, Ha'Atofo",-13.329066,-176.192003
202300019398,16,10,2023,2025-12-05 08:30:00,1,976,97607,1,1,1,1,"Route Nationale 2, Entre Ongojou Et Coconi",-12.836668,45.144303
202300019399,15,10,2023,2025-12-05 18:20:00,2,973,97305,1,3,1,3,Route Nationale 1 - Pk 15.500,4.936463,-52.407929
202300019400,15,10,2023,2025-12-05 15:45:00,1,13,13087,2,1,1,1,D56,43.479238,5.592095
202300019401,3,10,2023,2025-12-05 19:00:00,2,41,41130,1,2,1,3,Rd 110,47.778055,1.347456
202300019402,15,10,2023,2025-12-05 10:00:00,1,83,83068,2,1,1,6,D559,43.283294,6.590461
202300019403,12,10,2023,2025-12-05 02:00:00,3,13,13066,1,1,1,6,D30,43.846051,4.898234
202300019404,1,10,2023,2025-12-05 21:10:00,3,25,25520,1,1,1,7,D464,47.276776,6.364893
202300019405,15,10,2023,2025-12-05 17:00:00,1,67,67112,1,2,1,3,D147,48.513197,7.568437
202300019406,13,10,2023,2025-12-05 17:25:00,1,67,67540,1,2,1,3,D160,48.795983,7.718945
202300019407,15,10,2023,2025-12-05 07:47:00,1,57,57645,1,6,1,6,D652,49.196895,6.143696
202300019408,13,10,2023,2025-12-05 05:45:00,5,57,57433,2,1,1,6,68 Grand'Rue,49.212369,6.159709
202300019409,15,10,2023,2025-12-05 15:00:00,1,74,74154,1,1,1,7,Route De Rully,46.379134,6.65544
202300019410,15,10,2023,2025-12-05 16:20:00,1,44,44201,1,1,1,6,La Maillere,47.342814,-1.558857
202300019411,15,10,2023,2025-12-05 22:47:00,3,38,38135,1,1,1,6,Grande Rue De Lancin,45.726154,5.410069
202300019412,14,10,2023,2025-12-05 10:30:00,1,32,32312,1,1,1,7,D626,43.61423,0.677918
202300019413,15,10,2023,2025-12-05 09:45:00,1,79,79319,1,1,1,1,Adresse_Inconnue,46.359998,-0.170814
202300019414,15,10,2023,2025-12-05 19:20:00,2,22,22168,2,4,1,1,Rue Ernest Renan,48.802094,-3.443533
202300019415,12,10,2023,2025-12-05 05:45:00,3,27,27489,1,3,3,3,Departementale 316,49.072207,1.223023
202300019416,15,10,2023,2025-12-05 19:20:00,5,69,69266,1,1,1,2,Route Departementale 383,45.76607772,4.90619197
202300019417,13,10,2023,2025-12-05 08:45:00,1,69,69091,1,1,1,5,Autoroute 47,45.57478,4.7177
202300019418,15,10,2023,2025-12-05 04:34:00,3,91,91228,1,1,1,2,Autoroute A6,48.62193,2.42328
202300019419,15,10,2023,2025-12-05 19:40:00,3,93,93007,1,1,1,6,Autoroute A1,48.95481,2.45745
202300019420,15,10,2023,2025-12-05 15:30:00,1,93,93066,1,1,1,5,Autoroute A1,48.91854,2.35757
202300019421,14,10,2023,2025-12-05 20:00:00,3,92,92036,1,1,2,4,Autoroute A15,48.93788866,2.29766722
202300019422,15,10,2023,2025-12-05 20:30:00,3,94,94004,1,1,1,3,N19,48.75524349,2.50744352
202300019423,15,10,2023,2025-12-05 05:45:00,3,77,77373,1,1,1,2,Rn104,48.77186057,2.61192396
202300019424,22,4,2023,2025-12-05 15:50:00,1,29,29232,1,1,2,6,Rond-Point De Troyalac'H,47.97846,-4.01754
202300019425,12,10,2023,2025-12-05 01:30:00,4,57,57463,2,1,1,6,Gabriel Pierne (Rue ),49.10164,6.17823
202300019426,18,7,2023,2025-12-05 20:35:00,1,62,62160,2,1,1,7,Boulevard Beaucerf,50.71788199,1.61247687
202300019427,22,4,2023,2025-12-05 19:00:00,1,27,27681,2,2,1,5,Azemia (Boulevard Georges),49.0820485,1.4821413
202300019428,22,5,2023,2025-12-05 19:30:00,1,62,62160,2,1,1,3,D96,50.711257,1.613868
202300019429,22,4,2023,2025-12-05 20:35:00,3,25,25056,2,1,2,6,Gray Route De,47.246796,5.983315
202300019430,16,5,2023,2025-12-05 19:20:00,1,62,62758,2,6,1,3,Rue Au Bois,50.73136,1.63026
202300019431,22,4,2023,2025-12-05 14:13:00,1,13,13205,2,2,1,3,Berceau (Rue),43.28815,5.39523
202300019432,14,10,2023,2025-12-05 09:10:00,1,976,97611,2,1,1,6,Vahibe-Vietnam (Rue),-12.79044,45.17674
202300019433,22,4,2023,2025-12-05 19:45:00,1,5,5023,2,1,1,2,Grenoble (Route De),44.90228,6.64162
202300019434,21,4,2023,2025-12-05 13:00:00,1,3,3190,2,3,1,3,Gaulle (Av. Du Gal. De),46.5746,3.32043
202300019435,14,10,2023,2025-12-05 15:50:00,1,974,97416,1,1,1,3,Zone (Allee De La),-21.32052,55.47427
202300019436,23,4,2023,2025-12-05 15:40:00,1,75,75120,2,1,2,6,Echangeur Bagnolet,48.860805,2.414057
202300019437,14,10,2023,2025-12-05 14:30:00,1,973,97302,2,1,1,6,Voltaire(Avenue),4.94230628,-52.32265323
202300019438,23,4,2023,2025-12-05 02:59:00,5,75,75105,2,3,1,6,Boulevard De L Hopital,48.84186,2.363172
202300019439,14,10,2023,2025-12-05 12:00:00,1,973,97302,2,1,1,3,Brutus (Cite),4.93605634,-52.31852263
202300019440,23,4,2023,2025-12-05 22:30:00,5,75,75117,2,3,1,3,Boulevard D Aurelle De Paladines,48.881915,2.283376
202300019441,14,10,2023,2025-12-05 00:00:00,4,973,97302,2,1,1,3,Felix Eboue(Rocade),4.92764,-52.31918
202300019442,23,4,2023,2025-12-05 01:50:00,5,75,75117,2,2,1,6,Rue Gustave Flaubert,48.88155,2.299629