num_acc,jour,mois,an,hrmn,lum,dep,com,agg,int,atm,col,adr,lat,long
202300019443,14,10,2023,2025-12-05 17:15:00,1,69,69386,2,2,1,3,Avenue Marechal De Saxe,45.76871,4.84388
202300019444,19,4,2023,2025-12-05 11:40:00,1,75,75116,2,3,1,3,Avenue De L Hippodrome,48.858,2.252686
202300019445,23,4,2023,2025-12-05 22:00:00,5,75,75115,2,7,2,2,Place Cambronne,48.847872,2.301227
202300019446,14,10,2023,2025-12-05 18:00:00,1,69,69034,2,6,1,2,Rue Jean Moulin,45.80239743,4.85079233
202300019447,23,4,2023,2025-12-05 18:40:00,1,75,75115,2,3,2,3,Avenue Felix Faure,48.839833,2.284827
202300019448,13,10,2023,2025-12-05 15:10:00,1,69,69202,2,2,1,3,106 Route De La Liberation,45.72435,4.77929
202300019449,22,4,2023,2025-12-05 12:40:00,1,75,75113,2,3,1,5,Rue Charles Fourier,48.825339,2.35106
202300019450,14,10,2023,2025-12-05 11:00:00,1,86,86194,2,1,1,2,Avenue De La Revolution,46.58531,0.38164
202300019451,23,4,2023,2025-12-05 10:25:00,1,75,75112,2,1,2,2,Rue De Charenton,48.851307,2.372323
202300019452,14,10,2023,2025-12-05 19:35:00,5,84,84031,2,9,1,7,Comtat Venaissin,44.04554,5.05994
202300019453,23,4,2023,2025-12-05 00:00:00,4,75,75112,2,1,1,6,Route De La Pyramide,48.829542,2.451093
202300019454,13,10,2023,2025-12-05 23:13:00,5,83,83137,2,7,1,4,Jurien De La Graviere (Place),43.12648002,5.92142506
202300019455,23,4,2023,2025-12-05 20:55:00,3,75,75111,2,3,2,1,Avenue Parmentier,48.862624,2.376493
202300019456,23,4,2023,2025-12-05 18:45:00,1,75,75101,2,2,2,6,Rue Du Pont Neuf,48.85949,2.34355
202300019457,14,10,2023,2025-12-05 19:45:00,2,82,82121,2,2,1,3,Herriot (Boulevard Edouard),44.01521757,1.36557814
202300019458,23,4,2023,2025-12-05 15:20:00,1,75,75104,2,2,2,6,Rue De Rivoli,48.85613,2.357108
202300019459,13,10,2023,2025-12-05 16:05:00,1,77,77333,2,1,1,3,D225,48.26488,2.71067
202300019460,23,4,2023,2025-12-05 13:29:00,1,75,75102,2,3,2,5,Boulevard De Bonne Nouvelle,48.870053,2.350976
202300019461,14,10,2023,2025-12-05 19:15:00,5,71,71270,2,1,1,6,Mistral (Rue Frederic),46.28927,4.80988
202300019462,22,4,2023,2025-12-05 22:30:00,5,94,94081,2,2,1,3,Voie Des Monis,48.78077,2.38279
202300019463,14,10,2023,2025-12-05 21:10:00,5,69,69266,2,3,1,1,Rue Du 1 Mars 1943,45.75992,4.88896
202300019464,23,4,2023,2025-12-05 15:25:00,1,94,94028,2,1,8,2,Avenue Des Compagnons De La Liberation,48.77755,2.45562
202300019465,14,10,2023,2025-12-05 19:20:00,5,69,69290,2,1,1,1,40 Rue Anatole France,45.69343,4.93215
202300019466,14,10,2023,2025-12-05 12:40:00,1,69,69259,2,1,1,6,Avenue Marcel Cachin,45.69389,4.8751
202300019467,14,10,2023,2025-12-05 06:00:00,3,69,69271,1,1,8,7,Route De Lyon,45.74324,4.94185
202300019468,23,4,2023,2025-12-05 13:05:00,1,92,92049,2,3,2,6,Ginoux Av. Henri Ndeg1 A 95 Et 2 A 104,48.81587013,2.32088998
202300019469,23,4,2023,2025-12-05 03:15:00,5,92,92044,2,1,1,6,Vic. Hugo(Rue)091A113 Et 112A146,48.89712837,2.29542911
202300019470,23,4,2023,2025-12-05 18:26:00,1,92,92026,2,9,2,6,Mission Marchand (Cote Pair),48.89628,2.24048
202300019471,23,4,2023,2025-12-05 15:10:00,1,92,92014,2,1,1,6,Montrouge (Avenue De),48.78517338,2.31016785
202300019472,13,10,2023,2025-12-05 09:45:00,1,68,68376,2,1,1,7,Mines (Rue Des),47.80529,7.33594
202300019473,23,4,2023,2025-12-05 12:29:00,1,974,97415,1,1,1,5,Rue Gabriel Guist'Hau,-21.015536,55.271203
202300019474,14,10,2023,2025-12-05 01:40:00,3,67,67458,1,1,1,1,Rd 1063,48.807355,7.751567
202300019475,22,4,2023,2025-12-05 20:45:00,3,974,97415,1,1,1,7,Route Des Tamarins Rn1,-21.022021,55.256166
202300019476,14,10,2023,2025-12-05 10:20:00,1,64,64483,2,1,8,6,Sallagoity Garra (Rue),43.38757,-1.65889
202300019477,14,10,2023,2025-12-05 16:20:00,1,64,64445,2,1,1,2,Alsace Lorraine D',43.30312,-0.36295
202300019478,24,4,2023,2025-12-05 07:00:00,1,976,97610,1,1,1,5,Route Nationale Majicavo Koropa,-12.7348973,45.19932032
202300019479,14,10,2023,2025-12-05 12:41:00,1,63,63113,2,1,1,3,Michelin (Avenue Edouard),45.78170234,3.100411
202300019480,14,10,2023,2025-12-05 03:20:00,5,63,63113,2,3,1,1,Montlosier / Richepin,45.78144661,3.08863878
202300019481,23,4,2023,2025-12-05 17:30:00,1,24,24462,1,1,2,5,D6089,45.031378,0.314303
202300019482,15,10,2023,2025-12-05 00:20:00,5,62,62178,2,1,8,1,Rue Emile Basly,50.48411039,2.53545231
202300019483,10,10,2023,2025-12-05 08:55:00,1,59,59172,2,1,1,3,Rue Alexandre Bauduin,50.34493625,3.38184215
202300019484,20,4,2023,2025-12-05 13:15:00,1,40,40065,2,3,1,3,85 Av Mal De Lattre De Tassigny,43.649864,-1.444434
202300019485,13,10,2023,2025-12-05 22:20:00,5,59,59033,2,6,1,1,Rue Anatole France,50.201456,3.825171
202300019486,14,10,2023,2025-12-05 19:40:00,5,59,59378,2,2,1,3,Buisson Rue Du,50.65612,3.09001
202300019487,24,4,2023,2025-12-05 10:35:00,1,67,67073,1,1,8,1,Rue De Ville,48.291378,7.363184
202300019488,13,10,2023,2025-12-05 22:30:00,5,59,59247,2,1,1,3,Principale Rue,50.63509,3.18839
202300019489,23,4,2023,2025-12-05 16:50:00,1,972,97206,1,1,1,1,Fond Manoel,14.494914,-60.98823
202300019490,10,10,2023,2025-12-05 17:00:00,1,54,54528,2,2,1,3,Avenue Du General Bigeard,48.67027,5.89054
202300019491,23,4,2023,2025-12-05 17:00:00,1,64,64382,1,1,1,6,Route Departementale 946,43.485458,-0.656004
202300019492,23,4,2023,2025-12-05 08:00:00,1,21,21223,1,1,5,6,M971 Route De Troyes,47.359892,4.976506
202300019493,13,10,2023,2025-12-05 16:50:00,1,51,51454,2,3,1,1,Brimontel (Rue),49.273825,4.0334
202300019494,23,4,2023,2025-12-05 15:10:00,1,62,62021,1,1,3,6,D126,50.507211,1.850456
202300019495,23,4,2023,2025-12-05 15:59:00,1,57,57554,1,1,3,7,D113F,49.017982,6.203359
202300019496,21,4,2023,2025-12-05 17:00:00,1,80,80488,2,1,1,6,Rue De La Division Leclerc,50.013941,1.990864
202300019497,14,10,2023,2025-12-05 10:20:00,1,50,50129,2,1,1,3,Saline (Boulevard De La),49.65397,-1.64922
202300019498,22,4,2023,2025-12-05 11:50:00,1,32,32190,1,1,2,7,D626,43.795493,0.246956
202300019499,15,10,2023,2025-12-05 00:01:00,5,49,49007,2,1,1,4,Pasteur,47.47488,-0.53587
202300019500,22,4,2023,2025-12-05 16:40:00,1,32,32384,1,1,2,1,D 930 / Pk 005+385,43.712844,0.507077
202300019501,13,10,2023,2025-12-05 14:00:00,1,49,49007,2,3,1,3,Mimosas,47.4814,-0.52348
202300019502,24,4,2023,2025-12-05 16:17:00,1,63,63195,2,1,1,6,1 Rue Des Augustins,45.828156,3.378618
202300019503,13,10,2023,2025-12-05 12:00:00,1,48,48095,2,1,1,6,Genevriers (Rue Des),44.52756,3.50773
202300019504,23,4,2023,2025-12-05 15:21:00,1,63,63178,2,3,1,3,Bizaleix/  Eugene Barbet,45.546083,3.225635
202300019505,14,10,2023,2025-12-05 03:14:00,5,38,38185,2,1,1,1,Rue Jules Flandrin,45.18821,5.74601
202300019506,24,4,2023,2025-12-05 02:00:00,3,68,68139,1,1,2,7,D432,47.605419,7.225376
202300019507,23,4,2023,2025-12-05 17:50:00,1,22,22101,1,1,1,1,D72 Traou Rout,48.74821,-3.308001
202300019508,14,10,2023,2025-12-05 22:40:00,5,34,34172,2,3,1,3,Pont Trinquat (Avenue Du,43.5955,3.89679
202300019509,24,4,2023,2025-12-05 15:54:00,1,44,44212,1,2,1,3,Les Courreres,47.195348,-1.249371
202300019510,14,10,2023,2025-12-05 23:25:00,5,33,33063,2,3,1,3,Rue Rene Magne,44.88885,-0.5412
202300019511,23,4,2023,2025-12-05 12:55:00,1,35,35302,1,2,2,3,Le Rosay,48.17560778,-2.13384479
202300019512,13,4,2023,2025-12-05 08:20:00,1,15,15169,2,3,8,3,Rd 236 Rue Du Paradis,45.337707,2.48192
202300019513,24,4,2023,2025-12-05 14:07:00,1,70,70245,1,2,1,5,N57,47.923453,6.423472
202300019514,19,4,2023,2025-12-05 15:30:00,1,70,70129,2,2,7,3,Carrefour Rd5 / Rd23,47.475509,5.813527
202300019515,22,4,2023,2025-12-05 12:40:00,1,26,26112,1,1,1,6,Rd94,44.388037,5.23263
202300019516,24,4,2023,2025-12-05 02:40:00,3,66,66167,2,1,2,6,Adresse_Inconnue,42.457156,2.038067
202300019517,24,4,2023,2025-12-05 02:50:00,5,64,64542,1,1,1,7,N1134 Pk 119.900,42.792732,-0.54390371
202300019518,23,4,2023,2025-12-05 19:30:00,1,10,10426,1,1,2,6,Adresse_Inconnue,48.16626521,4.77608465
202300019519,23,4,2023,2025-12-05 18:20:00,1,88,88486,2,1,3,1,57 Rue Des Grands Pres,48.013134,6.731944
202300019520,4,7,2023,2025-12-05 09:25:00,1,75,75113,2,1,1,3,Bd Peripherique Exterieur,48.81688,2.348326
202300019521,16,6,2023,2025-12-05 12:40:00,1,75,75106,2,2,1,3,Boulevard Saint Germain,48.853161,2.335939
202300019522,23,4,2023,2025-12-05 22:20:00,5,6,6152,1,6,1,6,Route Des Dolines,43.61767,7.037913
202300019523,4,7,2023,2025-12-05 09:00:00,1,75,75119,2,3,1,6,Boulevard Macdonald,48.89891293,2.38256747
202300019524,22,4,2023,2025-12-05 22:20:00,3,49,49167,1,1,1,2,A87N,47.40584,-0.509689
202300019525,23,4,2023,2025-12-05 13:25:00,1,34,34340,1,1,1,1,A9 Aire D'Ambrussum Sud,43.712177,4.131052
202300019526,3,7,2023,2025-12-05 20:00:00,1,75,75119,2,2,1,5,Rue Botzaris,48.879572,2.389501
202300019527,24,4,2023,2025-12-05 08:00:00,1,17,17142,1,1,1,1,Departementale 9  Pk 000+105,46.176844,-1.070884
202300019528,4,7,2023,2025-12-05 21:30:00,5,75,75117,2,2,3,6,Boulevard Malesherbes,48.885221,2.307251
202300019529,24,4,2023,2025-12-05 09:00:00,1,38,38067,1,4,1,3,Rd 75,45.670324,5.1507
202300019530,4,7,2023,2025-12-05 17:20:00,1,75,75117,2,3,1,3,Avenue Niel,48.883228,2.296606
202300019531,24,4,2023,2025-12-05 06:45:00,1,974,97403,1,1,1,1,Route Departemental 26,-21.266985,55.464606
202300019532,4,7,2023,2025-12-05 08:50:00,1,75,75117,2,4,1,2,Boulevard De Douaumont,48.896271,2.309989
202300019533,24,4,2023,2025-12-05 13:20:00,1,77,77231,2,1,1,3,D17E,48.997659,3.007207
202300019534,4,7,2023,2025-12-05 19:50:00,1,75,75116,2,2,2,3,Avenue De La Grande Armee,48.874378,2.292935
202300019535,24,4,2023,2025-12-05 08:00:00,1,83,83065,1,1,1,5,D559,43.221276,6.570779
202300019536,4,7,2023,2025-12-05 09:20:00,1,75,75116,2,2,1,1,Voie Georges Pompidou,48.847127,2.274709
202300019537,23,4,2023,2025-12-05 19:30:00,1,13,13035,1,1,2,1,D569,43.679496,5.028498
202300019538,4,7,2023,2025-12-05 08:00:00,1,75,75116,2,7,1,3,Place Charles De Gaulle,48.873241,2.294674
202300019539,24,4,2023,2025-12-05 15:00:00,1,68,68154,2,1,1,3,73 Rue Des Vosges,47.778501,7.349562
202300019540,21,4,2023,2025-12-05 02:20:00,3,67,67368,1,1,1,7,Rd 426,48.432447,7.393606
202300019541,4,7,2023,2025-12-05 08:25:00,1,75,75116,2,3,1,2,Chaussee La Muette,48.858309,2.272642
202300019542,3,7,2023,2025-12-05 19:43:00,1,75,75115,2,3,1,6,Place Violet,48.844658,2.290502
202300019543,24,4,2023,2025-12-05 13:25:00,1,33,33433,1,1,1,5,25 Route D'Ambares,44.920361,-0.447677
202300019544,4,7,2023,2025-12-05 16:20:00,1,75,75114,2,1,1,6,Boulevard Edgar Quinet,48.8389511,2.3267135
202300019545,3,7,2023,2025-12-05 16:15:00,1,75,75114,2,2,1,6,Rue Didot,48.829227,2.317316
202300019546,21,4,2023,2025-12-05 14:25:00,1,33,33436,1,1,1,1,D111,44.60658632,-0.62040567
202300019547,3,7,2023,2025-12-05 12:15:00,1,75,75114,2,3,1,6,Avenue Du General Leclerc,48.824768,2.325973
202300019548,23,4,2023,2025-12-05 15:40:00,1,2,2186,2,9,1,6,9 Chemin Du Csa,48.984314,3.39857
202300019549,4,7,2023,2025-12-05 09:20:00,1,75,75113,2,1,1,3,Boulevard Saint Marcel,48.839212,2.35933
202300019550,23,4,2023,2025-12-05 17:42:00,1,13,13033,1,1,1,5,A55-Sens Martigues Vers Marseille,43.38065,5.21414
202300019551,4,7,2023,2025-12-05 12:40:00,1,75,75112,2,1,1,3,Rue De Bercy,48.843945,2.373024
202300019552,18,4,2023,2025-12-05 20:00:00,1,69,69256,2,1,1,2,Rocade Est,45.79762,4.92732
202300019553,4,7,2023,2025-12-05 09:23:00,1,75,75112,2,1,7,1,Quai De Bercy,48.82742956,2.38927567
202300019554,4,7,2023,2025-12-05 11:30:00,1,75,75110,2,3,1,6,Rue Du Huit Mai 1945,48.87630335,2.3574526
202300019555,23,4,2023,2025-12-05 17:39:00,1,94,94034,1,1,1,4,A86,48.76069661,2.31909804
202300019556,15,6,2023,2025-12-05 14:20:00,1,94,94074,2,2,1,1,Avenue Du Ru De Gironde,48.74204,2.46621
202300019557,23,4,2023,2025-12-05 16:45:00,1,91,91377,1,1,1,2,Autoroute A10,48.72728,2.30353
202300019558,3,7,2023,2025-12-05 10:15:00,1,94,94043,2,1,1,3,117 Avenue De Fontainebleau,48.808525,2.362981
202300019559,22,4,2023,2025-12-05 11:50:00,1,91,91617,1,1,2,6,104 Ext/ A5A Province,48.63543,2.53562
202300019560,2,7,2023,2025-12-05 07:45:00,1,94,94002,2,1,8,5,Avenue Du General Leclerc,48.79999,2.41915
202300019561,23,4,2023,2025-12-05 11:10:00,1,91,91136,1,1,1,7,Autoroute A10,48.713659,2.276047
202300019562,23,4,2023,2025-12-05 16:15:00,1,93,93027,1,1,8,6,Bdl,48.92686,2.40338
202300019563,4,7,2023,2025-12-05 16:00:00,1,93,93073,2,2,2,3,Avenue Albert Sarraut / Rue De Berry,48.94304,2.58852
202300019564,23,4,2023,2025-12-05 11:00:00,1,93,93027,1,1,8,2,Autoroute A86,48.92855498,2.41576754
202300019565,3,7,2023,2025-12-05 22:00:00,5,93,93078,2,2,1,3,Boulevard Robert Ballanger / Avenue Jean Paul Sartre,48.96011,2.55306
202300019566,23,4,2023,2025-12-05 11:40:00,1,95,95582,1,1,8,6,A15,48.96346787,2.26421667
202300019567,23,4,2023,2025-12-05 12:25:00,1,93,93064,1,1,8,6,Autoroute A86,48.87833813,2.47687816
202300019568,4,7,2023,2025-12-05 18:07:00,1,93,93070,2,2,1,3,Avenue Gabriel Peri / Rue Des Rosiers,48.90841,2.33254
202300019569,15,6,2023,2025-12-05 13:30:00,1,93,93066,2,1,1,6,Rue Jules Vedrines,48.94699,2.36102
202300019570,22,4,2023,2025-12-05 23:17:00,3,95,95154,1,1,1,5,A1,49.04933106,2.54743338
202300019571,22,4,2023,2025-12-05 07:30:00,1,93,93053,1,1,3,6,Autoroute A3,48.88709775,2.47365447
202300019572,4,7,2023,2025-12-05 17:45:00,1,93,93048,2,1,1,6,Rue Des Grands Pechers,48.86000221,2.46566623
202300019573,12,2,2023,2025-12-05 20:10:00,5,69,69386,2,1,1,6,19 Allee Achille Lignon,45.78257,4.85015
202300019574,3,7,2023,2025-12-05 11:50:00,1,93,93030,2,2,1,3,Avenue Louis Lariviere / Rue Daniel Sueur,48.95284,2.41645
202300019575,21,4,2023,2025-12-05 15:15:00,1,976,97611,2,1,1,6,Cavani-Rond Point Du Stade,-12.78367,45.22255
202300019576,21,4,2023,2025-12-05 14:15:00,1,976,97611,2,1,1,6,Vahibe-Departementale 3 ( Route ),-12.80182,45.21189
202300019577,4,7,2023,2025-12-05 20:34:00,1,93,93005,2,6,3,1,Boulevard Andre Citroen,48.96030445,2.48819189
202300019578,22,4,2023,2025-12-05 02:15:00,3,974,97416,1,9,1,3,Rn02,-21.3493,55.50301
202300019579,4,7,2023,2025-12-05 07:35:00,1,92,92073,2,3,1,7,Chenes (Rue Des),48.880986,2.227081
202300019580,21,4,2023,2025-12-05 14:50:00,1,69,69383,2,1,1,6,Cours Gambetta,45.75425,4.84612
202300019581,4,7,2023,2025-12-05 16:15:00,1,92,92064,2,1,1,3,Porte Jaune,48.85007076,2.20305499
202300019582,3,7,2023,2025-12-05 17:20:00,1,92,92049,2,1,1,3,Brossolette Avenue Pierre,48.81495877,2.30411544
202300019583,21,4,2023,2025-12-05 02:00:00,5,69,69386,2,2,1,3,Rue De Seze,45.76853,4.85054
202300019584,20,4,2023,2025-12-05 23:30:00,5,2A,2A004,2,1,1,6,Vittulo Route Du,41.92915,8.72713
202300019585,4,7,2023,2025-12-05 18:45:00,1,92,92048,2,1,2,2,Pepiniere (Rue De La),48.78536731,2.22440913
202300019586,4,7,2023,2025-12-05 15:40:00,1,92,92040,2,1,2,3,Auguste Gervais,48.8236516,2.27302802
202300019587,21,4,2023,2025-12-05 14:30:00,1,91,91589,2,1,1,6,Rue Du Mail,48.675432,2.353579
202300019588,1,7,2023,2025-12-05 20:15:00,1,92,92004,2,2,1,3,Menil,48.9203562,2.28424028
202300019589,20,4,2023,2025-12-05 13:43:00,1,86,86066,2,1,1,7,D910,46.837471,0.547584
202300019590,5,7,2023,2025-12-05 12:30:00,1,974,97415,2,1,1,3,33 Chemin Louis Des Jardins,-20.978115,55.330158
202300019591,20,4,2023,2025-12-05 09:15:00,1,83,83129,2,1,1,6,De Gaulle (Promenade Charles),43.11531537,5.80883092
202300019592,4,7,2023,2025-12-05 19:00:00,1,49,49244,1,1,1,1,La Chenillere (Le Marillais),47.35604,-1.046013
202300019593,22,4,2023,2025-12-05 00:40:00,5,79,79259,2,1,1,7,Adresse_Inconnue,46.966869,-0.20541
202300019594,2,7,2023,2025-12-05 07:02:00,2,24,24462,1,1,1,1,Departementale 6089,45.032713,0.317316
202300019595,20,4,2023,2025-12-05 19:05:00,1,79,79329,2,2,1,2,Adresse_Inconnue,46.992546,-0.21692
202300019596,21,4,2023,2025-12-05 14:20:00,1,78,78498,2,2,1,1,Devaux Bd,48.9311,2.04591
202300019597,5,7,2023,2025-12-05 01:15:00,3,52,52206,1,1,1,6,D153A,48.523014,4.807699
202300019598,21,4,2023,2025-12-05 05:40:00,5,78,78672,2,1,1,2,De Voisins Avenue Du President Gilbert,48.92823,2.00572
202300019599,3,4,2023,2025-12-05 16:15:00,1,76,76540,2,1,1,3,Quai De Paris,49.43637328,1.09939992
202300019600,4,7,2023,2025-12-05 20:00:00,1,16,16204,1,3,1,3,Route Du Colombier,45.571917,-0.09377
202300019601,21,4,2023,2025-12-05 07:55:00,1,76,76681,2,2,1,3,Rue Victor Hugo,49.41201,1.09638
202300019602,5,7,2023,2025-12-05 18:05:00,1,21,21665,1,1,1,2,A31,47.677109,5.176824
202300019603,21,4,2023,2025-12-05 08:55:00,1,76,76341,1,4,1,6,Rd 6015,49.5032,0.19422
202300019604,16,6,2023,2025-12-05 20:00:00,1,69,69285,2,3,7,3,Rue Des Canuts,45.764282,5.063737
202300019605,20,4,2023,2025-12-05 02:10:00,5,76,76351,2,6,1,3,Marceau (Rue),49.49181,0.13285
202300019606,4,7,2023,2025-12-05 14:37:00,1,21,21244,1,1,1,4,A6,47.306619,4.501981
202300019607,20,4,2023,2025-12-05 11:25:00,1,72,72181,2,3,1,2,Sablons Rue Des Ndeg Imp 61 Et >,47.98883,0.21484
202300019608,4,7,2023,2025-12-05 14:15:00,1,22,22193,1,1,2,6,Rn 12 Pr 031+300 Sens Brest Vers Rennes,48.422617,-2.451885
202300019609,5,7,2023,2025-12-05 06:40:00,1,22,22206,1,1,1,2,Rn 12 Pr 076+500,48.529793,-2.987981
202300019610,19,4,2023,2025-12-05 08:48:00,1,72,72181,2,2,1,3,Estournelles De Constant Paul (Bd D'),48.0166,0.15737
202300019611,19,4,2023,2025-12-05 15:00:00,1,71,71270,2,1,1,6,Michel (Rue Louise),46.3276,4.8277
202300019612,4,7,2023,2025-12-05 07:20:00,1,26,26010,1,2,1,3,Rue Raymond Alleon,45.271615,4.835232
202300019613,21,4,2023,2025-12-05 19:50:00,1,69,69286,2,1,1,3,Avenue De L'Europe,45.81910292,4.90636398
202300019614,4,7,2023,2025-12-05 17:15:00,1,30,30202,1,1,1,3,Adresse_Inconnue,44.247489,4.650521
202300019615,21,4,2023,2025-12-05 12:15:00,1,69,69264,2,9,1,7,Route De Frans,45.98445,4.73396
202300019616,3,7,2023,2025-12-05 18:00:00,1,19,19108,1,1,1,7,D22,45.709581,2.475979
202300019617,21,4,2023,2025-12-05 14:00:00,1,69,69276,2,1,1,1,Avenue Albert Ramboz,45.67764155,4.84789869
202300019618,5,7,2023,2025-12-05 15:30:00,1,56,56173,1,1,1,6,Kerlaria,47.953907,-3.009793
202300019619,2,7,2023,2025-12-05 20:50:00,1,2A,2A085,1,1,1,6,Route Territoriale 40,41.917192,8.89751
202300019620,21,4,2023,2025-12-05 09:05:00,1,69,69029,2,6,8,3,Carrefour Des Marauders,45.73320955,4.93140935
202300019621,21,4,2023,2025-12-05 20:21:00,1,68,68066,2,1,1,3,Avenue De La Foire Aux Vins,48.09668,7.3565
202300019622,4,7,2023,2025-12-05 14:45:00,1,80,80371,1,1,1,1,D928,50.219946,1.920633
202300019623,5,7,2023,2025-12-05 12:45:00,1,81,81101,1,1,1,7,Adresse_Inconnue,43.9798933,2.1738684
202300019624,14,4,2023,2025-12-05 22:29:00,5,67,67462,2,3,1,6,Paul Deroulede (Rue),48.26053,7.45138
202300019625,21,4,2023,2025-12-05 21:05:00,3,64,64373,1,9,1,6,Mortimer De Lassence,43.26161,-0.3553
202300019626,4,7,2023,2025-12-05 17:00:00,1,32,32410,2,2,1,3,Boulevard Des Castres,43.491296,0.929997
202300019627,21,4,2023,2025-12-05 11:20:00,1,64,64348,1,1,1,6,Santona De,43.31967,-0.38542
202300019628,5,7,2023,2025-12-05 04:00:00,3,71,71134,1,1,1,6,Rn79,46.364992,4.575747
202300019629,4,7,2023,2025-12-05 18:44:00,1,89,89390,1,1,3,7,Adresse_Inconnue,48.333145,3.193567
202300019630,20,4,2023,2025-12-05 16:10:00,1,64,64445,2,6,1,3,Marca,43.29594,-0.37652
202300019631,21,4,2023,2025-12-05 09:00:00,1,60,60057,2,9,1,1,Rue Fermepin,49.43364,2.09372
202300019632,4,7,2023,2025-12-05 17:15:00,1,46,46273,1,1,1,1,Route Du Barry Haut,44.876347,1.877487
202300019633,21,4,2023,2025-12-05 17:30:00,1,59,59295,2,1,2,6,Boulevard Abbe Lemire,50.72646,2.53769
202300019634,8,6,2023,2025-12-05 08:45:00,1,44,44057,1,1,1,1,12 Le Villo,47.6,-2.044251
202300019635,21,4,2023,2025-12-05 15:00:00,1,56,56098,2,1,1,3,Rue Andrei Sakharov,47.7775,-3.3439
202300019636,2,7,2023,2025-12-05 05:00:00,3,38,38555,1,1,1,7,Le Mollard,45.465633,5.137706
202300019637,21,4,2023,2025-12-05 10:58:00,1,56,56121,2,3,1,6,8 Rue Auguste Nayel,47.74671,-3.36052
202300019638,4,7,2023,2025-12-05 15:00:00,1,15,15187,2,1,1,6,Rd 621,45.038297,3.066639
202300019639,20,4,2023,2025-12-05 19:30:00,1,56,56121,2,3,1,3,Merville (Rue  Jean De ),47.74507,-3.37731
202300019640,5,7,2023,2025-12-05 09:50:00,1,26,26101,1,1,1,3,D538 Saint-Maurice,44.554953,5.089095
202300019641,13,4,2023,2025-12-05 18:40:00,1,49,49328,2,1,2,2,Foch (Avenue Du Marechal),47.26119,-0.08418
202300019642,5,7,2023,2025-12-05 20:00:00,1,54,54533,2,7,1,7,8Bis Rue Des Aubepines,49.32692781,5.92718035
202300019643,2,7,2023,2025-12-05 12:40:00,1,6,6073,1,1,1,7,"Rm97, Pr13+400 - Isola 2000",44.193528,7.133024
202300019644,20,4,2023,2025-12-05 23:18:00,3,49,49007,1,1,1,3,Rd323,47.46475,-0.57521
202300019645,22,6,2023,2025-12-05 06:00:00,2,64,64191,2,3,2,3,7 Avenue De La Gare,43.17268,-0.23322
202300019646,20,4,2023,2025-12-05 19:00:00,1,37,37261,2,1,1,1,Dubourg (Allee Charles),47.39398,0.67282
202300019647,5,7,2023,2025-12-05 14:30:00,1,53,53224,1,1,1,7,D104,48.122703,-0.795908
202300019648,20,4,2023,2025-12-05 16:55:00,1,37,37122,2,1,1,6,Jean Jaures,47.3491,0.66557
202300019649,5,6,2023,2025-12-05 17:30:00,1,53,53267,1,3,1,3,D24,48.045267,-0.484187
202300019650,21,4,2023,2025-12-05 08:30:00,1,35,35238,2,1,1,2,Angleterre (D'),48.08166,-1.68943
202300019651,4,7,2023,2025-12-05 17:10:00,1,24,24038,1,1,1,2,D708,45.326067,0.364062
202300019652,21,4,2023,2025-12-05 10:58:00,1,33,33529,2,1,1,7,Cazaux (Bd De) Du 02 Et +,44.61477151,-1.13606036
202300019653,3,7,2023,2025-12-05 16:05:00,1,24,24224,1,9,1,3,Route Nationale 21,44.889947,0.552921
202300019654,21,4,2023,2025-12-05 09:35:00,1,33,33009,2,1,1,6,Rd1250,44.6526,-1.15872
202300019655,4,7,2023,2025-12-05 09:20:00,1,87,87054,1,1,1,6,La Monnerie,45.7134464,0.86036668
202300019656,21,4,2023,2025-12-05 19:10:00,1,29,29039,2,6,1,3,Rue De Kerneac'H,47.88319,-3.92248
202300019657,5,7,2023,2025-12-05 16:25:00,1,87,87028,1,1,1,1,Rn 147,46.207889,0.915942
202300019658,20,4,2023,2025-12-05 18:15:00,1,29,29019,2,1,1,2,Rue De Gouesnou,48.4132667,-4.46843469
202300019659,3,7,2023,2025-12-05 08:57:00,1,10,10216,1,1,1,3,Autoroute A26,48.672316,4.170181
202300019660,3,7,2023,2025-12-05 22:20:00,5,78,78455,2,6,1,7,Allee Des Mares,48.85113,2.049274
202300019661,21,4,2023,2025-12-05 10:10:00,1,27,27229,2,1,1,6,Vernon (Rue De),49.02998,1.16275
202300019662,4,7,2023,2025-12-05 16:35:00,1,6,6018,1,1,1,3,32 Route Des Dolines,43.623153,7.057664
202300019663,21,4,2023,2025-12-05 16:00:00,1,26,26198,2,1,1,3,Avenue Jean Jaures,44.54261,4.74649
202300019664,4,7,2023,2025-12-05 20:30:00,1,91,91179,1,6,2,7,Route Departementale 948,48.562735,2.48262
202300019665,21,4,2023,2025-12-05 13:30:00,1,22,22187,2,2,1,3,Av Du Chalutier Le Forban,48.53009,-2.76463
202300019666,4,7,2023,2025-12-05 18:15:00,2,974,97418,1,1,1,6,Route De Beaumont,-20.939087,55.533551
202300019667,21,4,2023,2025-12-05 10:58:00,1,18,18033,2,1,1,2,12 Boulevard Gambetta,47.08974,2.39154
202300019668,4,7,2023,2025-12-05 06:55:00,1,78,78615,2,1,1,7,Chemin Des Nourrices,48.838054,1.941404
202300019669,21,4,2023,2025-12-05 19:40:00,2,13,13001,2,6,1,1,Angenot Paul (Bd Du General),43.5088,5.3927