num_acc,jour,mois,an,hrmn,lum,dep,com,agg,int,atm,col,adr,lat,long
202300019670,4,7,2023,2025-12-05 16:30:00,1,2B,2B093,1,9,1,3,Route Territoriale 30,42.624241,8.918989
202300019671,21,4,2023,2025-12-05 18:15:00,1,11,11069,1,1,1,2,Adresse_Inconnue,43.21358,2.38599
202300019672,27,6,2023,2025-12-05 23:41:00,3,2B,2B168,1,1,1,6,Route Departementale 63,42.616868,8.971045
202300019673,21,4,2023,2025-12-05 22:10:00,3,10,10325,2,1,1,1,Liberte (Rue De La ),48.2666,4.0666
202300019674,4,7,2023,2025-12-05 23:30:00,3,2B,2B148,1,1,1,2,Rt 11,42.546907,9.461138
202300019675,21,4,2023,2025-12-05 19:19:00,1,10,10387,2,2,1,1,Pasteur (Rue),48.30130021,4.06422794
202300019676,4,7,2023,2025-12-05 19:16:00,1,84,84129,2,1,1,3,Avenue Jean Giono,43.984682,4.88353
202300019677,4,7,2023,2025-12-05 18:20:00,1,83,83065,1,1,1,6,D98A,43.264304,6.623243
202300019678,5,7,2023,2025-12-05 19:30:00,1,58,58051,1,1,1,7,Rue Du Pavillon,46.948548,3.140358
202300019679,21,4,2023,2025-12-05 19:30:00,1,7,7316,2,1,1,5,Montgolfiers (Avenenue Des Freres),44.89791,4.85185
202300019680,15,6,2023,2025-12-05 18:20:00,1,68,68069,2,4,1,7,Rue De Balgau,47.974356,7.489768
202300019681,17,4,2023,2025-12-05 11:00:00,1,6,6155,2,1,1,6,Tapis Vert Av.Du,43.577895,7.057812
202300019682,21,4,2023,2025-12-05 20:00:00,2,75,75117,2,1,1,2,Porte De Saint Ouen,48.900348,2.322174
202300019683,5,7,2023,2025-12-05 08:30:00,1,55,55366,1,2,7,1,D994 Pk 20 + 232,48.81513,5.10463
202300019684,4,7,2023,2025-12-05 22:10:00,3,79,79049,1,1,1,7,Adresse_Inconnue,46.84728,-0.54079
202300019685,4,7,2023,2025-12-05 14:50:00,1,17,17161,2,1,1,6,15 Rue Des Caillotieres,46.179775,-1.32617
202300019686,21,4,2023,2025-12-05 02:45:00,5,75,75116,2,1,1,2,Echangeur Auteuil,48.83953,2.25398
202300019687,20,4,2023,2025-12-05 19:25:00,1,75,75112,2,1,1,4,Echangeur Bercy,48.827258,2.390884
202300019688,4,7,2023,2025-12-05 19:40:00,1,17,17360,1,1,3,4,D201,46.153765,-1.296387
202300019689,5,7,2023,2025-12-05 10:30:00,1,33,33366,1,1,1,2,D1010,44.983036,-0.450965
202300019690,20,4,2023,2025-12-05 18:55:00,1,75,75119,2,1,1,3,Porte D Aubervilliers,48.900171,2.377907
202300019691,25,6,2023,2025-12-05 17:15:00,1,33,33439,1,1,1,7,D135,45.114246,-0.419025
202300019692,20,4,2023,2025-12-05 17:30:00,1,75,75112,2,1,1,2,Porte De Vincennes,48.840464,2.413466
202300019693,12,6,2023,2025-12-05 14:30:00,1,44,44110,1,1,1,1,Les Coudrais,47.430591,-1.5207
202300019694,22,4,2023,2025-12-05 06:18:00,3,75,75120,2,3,2,6,Rue Belgrand,48.864566,2.407314
202300019695,30,6,2023,2025-12-05 15:55:00,1,44,44204,2,6,1,3,Place De La Republique,47.26679001,-1.44122601
202300019696,22,4,2023,2025-12-05 09:50:00,1,75,75119,2,3,2,3,Avenue De Flandre,48.885811,2.37064
202300019697,4,7,2023,2025-12-05 17:55:00,1,22,22389,2,3,2,3,Rue Du General De Gaulle,48.485165,-2.681715
202300019698,22,4,2023,2025-12-05 10:15:00,1,75,75119,2,3,2,6,Place Des Fetes,48.877172,2.392672
202300019699,4,7,2023,2025-12-05 17:30:00,1,13,13106,1,1,1,2,A7-Sens Marseille Vers Lyon,43.40288,5.34566
202300019700,22,4,2023,2025-12-05 06:10:00,5,75,75118,2,1,2,2,Rue Lepic,48.884265,2.333199
202300019701,1,6,2023,2025-12-05 06:23:00,2,69,69199,1,1,1,2,Route Departementale 383,45.70080187,4.84547155
202300019702,21,4,2023,2025-12-05 12:30:00,1,75,75117,2,1,1,3,Boulevard Des Batignolles,48.881807,2.31842
202300019703,28,6,2023,2025-12-05 17:55:00,1,42,42207,1,1,1,3,A47,45.47404,4.4973
202300019704,22,4,2023,2025-12-05 14:50:00,1,75,75108,2,7,8,3,Place De La Concorde,48.86437363,2.32030928
202300019705,29,6,2023,2025-12-05 16:15:00,1,54,54357,1,1,1,3,Autoroute A 31,48.720383,6.167535
202300019706,21,4,2023,2025-12-05 23:10:00,5,75,75108,2,7,1,6,Place De La Concorde,48.866371,2.323478
202300019707,4,7,2023,2025-12-05 08:30:00,1,67,67152,1,1,1,3,M35,48.5314,7.69339
202300019708,22,4,2023,2025-12-05 17:55:00,1,75,75107,2,2,1,1,Boulevard Des Invalides,48.849435,2.315155
202300019709,4,7,2023,2025-12-05 17:30:00,1,94,94003,1,1,1,6,A6B,48.79896363,2.34374287
202300019710,22,4,2023,2025-12-05 03:05:00,5,75,75107,2,1,1,3,Pont De La Concorde,48.86308673,2.31938124
202300019711,4,7,2023,2025-12-05 09:30:00,1,91,91589,1,1,1,2,Autoroute A6,48.67725,2.33832
202300019712,21,4,2023,2025-12-05 23:15:00,5,75,75102,2,1,1,2,Rue De Turbigo,48.863867,2.349011
202300019713,3,7,2023,2025-12-05 23:10:00,5,94,94043,1,1,1,6,A6B,48.80356955,2.3439041
202300019714,2,7,2023,2025-12-05 23:30:00,3,91,91340,1,1,1,2,Rn 104,48.60931,2.43977
202300019715,22,4,2023,2025-12-05 00:04:00,5,94,94028,2,1,1,4,Route De La Pompadour,48.76932,2.46429
202300019716,4,7,2023,2025-12-05 06:30:00,1,78,78291,1,1,1,6,A13,48.96535,1.76062
202300019717,22,4,2023,2025-12-05 10:30:00,1,93,93005,2,1,3,6,Rue Jules Princet,48.93762,2.50018
202300019718,3,7,2023,2025-12-05 17:20:00,1,78,78043,1,1,1,3,A12 W,48.82756,2.07838
202300019719,22,4,2023,2025-12-05 04:05:00,4,93,93053,2,1,1,6,Boulevard Roger Salengro,48.88181322,2.45277856
202300019720,22,4,2023,2025-12-05 15:20:00,1,93,93048,2,1,1,3,Rue Saint-Just,48.86361761,2.45428896
202300019721,14,6,2023,2025-12-05 20:00:00,1,92,92064,1,1,1,4,A13,48.83972869,2.21941899
202300019722,21,4,2023,2025-12-05 13:05:00,1,93,93027,2,1,1,6,Avenue Paul Vaillant Couturier,48.92393286,2.41404599
202300019723,22,4,2023,2025-12-05 15:10:00,1,93,93010,2,1,1,6,Rue Auguste Polissard,48.90526811,2.48128846
202300019724,22,4,2023,2025-12-05 01:40:00,5,93,93005,2,3,1,6,Rue Jules Princet / Rue Joseph Berger,48.93950668,2.50150457
202300019725,14,6,2023,2025-12-05 08:50:00,1,78,78233,1,1,1,2,A13,48.88308,2.014595
202300019726,22,4,2023,2025-12-05 14:40:00,1,92,92062,2,1,1,6,Pdt Wilson (Avenue),48.8852667,2.22462684
202300019727,4,7,2023,2025-12-05 19:50:00,1,93,93005,1,1,1,6,Autoroute A3,48.96165,2.46645
202300019728,4,7,2023,2025-12-05 17:15:00,1,93,93066,1,1,1,2,Autoroute A1,48.92812889,2.3579759
202300019729,21,4,2023,2025-12-05 18:05:00,1,92,92002,2,1,1,6,Francois Sommer (Avenue),48.731205,2.304157
202300019730,22,4,2023,2025-12-05 10:20:00,1,60,60374,1,2,2,3,D929,49.56129556,2.48721872
202300019731,22,4,2023,2025-12-05 09:20:00,1,35,35167,1,1,1,1,L'Erablette,47.868354,-1.321241
202300019732,4,7,2023,2025-12-05 10:15:00,1,95,95500,1,1,1,4,A15,49.03956297,2.08485961
202300019733,22,4,2023,2025-12-05 18:35:00,1,14,14656,2,1,1,6,13Bis Route De Caen,48.940644,-0.503149
202300019734,3,7,2023,2025-12-05 18:00:00,1,95,95572,1,1,1,3,N184,49.04066,2.12779
202300019735,23,4,2023,2025-12-05 12:30:00,1,2A,2A272,1,1,1,6,T40,41.651968,8.934138
202300019736,22,4,2023,2025-12-05 06:30:00,2,71,71348,1,1,3,6,Route De La Bourse,46.529897,3.846298
202300019737,3,7,2023,2025-12-05 17:00:00,1,95,95572,1,1,1,2,A15,49.03406,2.10337
202300019738,23,4,2023,2025-12-05 06:30:00,2,28,28403,1,1,1,7,"Autoroute A11, Point-Kilometrique 065+400",48.376816,1.478479
202300019739,3,7,2023,2025-12-05 09:00:00,1,95,95256,1,1,1,3,N184,49.05402806,2.20008731
202300019740,16,4,2023,2025-12-05 15:45:00,1,972,97231,1,3,1,3,Departementale 07,14.529044,-61.01561
202300019741,3,7,2023,2025-12-05 09:00:00,1,95,95018,1,1,1,2,A15,48.96023,2.27091
202300019742,23,4,2023,2025-12-05 00:40:00,3,83,83004,1,1,1,1,Route Departementale 555,43.478647,6.48217
202300019743,23,4,2023,2025-12-05 09:30:00,1,23,23247,1,1,1,2,Rn 145,46.210754,1.746869
202300019744,3,7,2023,2025-12-05 01:00:00,3,93,93013,1,1,1,6,Autoroute A1,48.94076741,2.42507543
202300019745,19,4,2023,2025-12-05 13:30:00,1,41,41114,1,1,1,6,Autoroute A 10 Pk 127.400,47.755339,1.548429
202300019746,2,7,2023,2025-12-05 18:30:00,1,95,95678,1,1,1,2,N184,49.07215,2.22452
202300019747,22,4,2023,2025-12-05 23:10:00,5,971,97109,1,1,1,6,Rn1,15.994809,-61.708456
202300019748,23,4,2023,2025-12-05 03:10:00,3,79,79313,1,1,1,2,Adresse_Inconnue,46.315628,-0.071626
202300019749,4,7,2023,2025-12-05 16:45:00,1,94,94028,1,1,1,4,A86,48.77623444,2.43292233
202300019750,21,4,2023,2025-12-05 19:46:00,1,37,37027,1,1,1,2,A85 Pk 126,47.28787299,1.02369252
202300019751,3,7,2023,2025-12-05 08:15:00,1,75,75112,1,1,1,3,A4,48.822587,2.462849
202300019752,23,4,2023,2025-12-05 01:59:00,3,61,61214,2,6,1,3,Boulevard Vaugeois,48.762943,0.628715
202300019753,18,2,2023,2025-12-05 01:30:00,3,39,39176,1,1,1,6,Adresse_Inconnue,46.99633691,5.79078734
202300019754,22,4,2023,2025-12-05 16:00:00,1,44,44131,2,1,1,6,12 Rue Notre-Dame,47.114339,-2.127721
202300019755,23,4,2023,2025-12-05 10:15:00,1,3,3138,2,1,1,6,9 Avenue Du 8 Mai 1945,46.247512,3.622355
202300019756,28,3,2023,2025-12-05 16:10:00,1,88,88310,2,3,1,3,Rue Des Champs Nauds,48.034243,5.982654
202300019757,19,4,2023,2025-12-05 14:05:00,1,1,1263,2,6,1,1,Rue De Lyon,46.074857,4.763126
202300019758,3,7,2023,2025-12-05 16:25:00,1,86,86194,2,2,1,6,D162,46.58989,0.35549
202300019759,22,4,2023,2025-12-05 23:00:00,3,58,58003,1,1,1,7,Route De Saulieu,47.24365,4.184783
202300019760,3,7,2023,2025-12-05 20:45:00,2,84,84087,2,1,7,6,Violette (Rue De La),44.15164,4.80564
202300019761,23,4,2023,2025-12-05 13:10:00,1,66,66146,1,1,1,1,Adresse_Inconnue,42.506234,1.833569
202300019762,22,4,2023,2025-12-05 22:40:00,3,6,6079,2,1,1,6,705 Avenue Janvier Passero,43.552672,6.937572
202300019763,22,4,2023,2025-12-05 19:10:00,1,14,14231,1,1,1,7,9 Route De Beuvron,49.203902,-0.018314
202300019764,3,7,2023,2025-12-05 22:40:00,5,13,13005,2,3,1,3,Bourgade (Traverse De La),43.28452,5.52355
202300019765,23,4,2023,2025-12-05 15:50:00,1,83,83020,1,1,1,6,D252,43.78516846,6.51895561
202300019766,3,7,2023,2025-12-05 08:00:00,1,75,75119,2,4,1,3,Avenue De La Porte D Aubervilliers,48.900402,2.371506
202300019767,22,4,2023,2025-12-05 23:40:00,3,60,60518,1,1,1,6,D151,49.57552,2.179348
202300019768,23,4,2023,2025-12-05 12:20:00,1,10,10439,1,1,2,7,D 38,48.103383,4.506079
202300019769,23,4,2023,2025-12-05 14:50:00,1,49,49138,1,1,6,6,A85,47.484149,-0.221615
202300019770,3,7,2023,2025-12-05 16:20:00,1,988,98818,2,1,1,3,Rue Claude Bernard,-22.22917,166.44511
202300019771,22,4,2023,2025-12-05 18:10:00,1,3,3220,1,1,3,6,A71 Pk 341+500,46.165677,3.129923
202300019772,23,4,2023,2025-12-05 13:50:00,1,42,42173,1,1,2,6,A89,45.838876,4.09348
202300019773,3,7,2023,2025-12-05 14:45:00,1,974,97416,2,3,1,1,Badamier(Chemin),-21.31356,55.45673
202300019774,22,4,2023,2025-12-05 20:00:00,5,973,97311,2,1,2,6,Allee Simarouba,5.48146406,-54.0147965
202300019775,30,6,2023,2025-12-05 08:45:00,1,974,97411,2,1,1,4,Littoral (Route 1 Du),-20.87926,55.40096
202300019776,23,4,2023,2025-12-05 07:20:00,1,973,97305,1,3,1,3,Route Nationale 1 - Point Kilometrique 22,4.98019,-52.444074
202300019777,23,4,2023,2025-12-05 17:00:00,1,45,45096,1,1,1,7,D42 Pr 22 + 14,47.818198,2.668948
202300019778,3,7,2023,2025-12-05 08:45:00,1,973,97302,2,4,1,6,Montabo (Route De) 2,4.9417,-52.30427
202300019779,23,4,2023,2025-12-05 15:00:00,1,91,91634,2,1,2,7,Rue Heroard,48.60273,2.121096
202300019780,23,4,2023,2025-12-05 12:00:00,1,2A,2A041,1,1,1,6,Route Territoraile 40,41.422392,9.121571
202300019781,3,7,2023,2025-12-05 18:00:00,1,69,69387,2,2,1,3,Grande Rue De La Guillotiere,45.75105,4.84819
202300019782,22,4,2023,2025-12-05 18:12:00,1,30,30211,1,1,1,1,D3,43.84391624,4.49495316
202300019783,3,7,2023,2025-12-05 12:30:00,1,69,69383,2,9,1,3,Cours Albert Thomas,45.7467322,4.86782329
202300019784,22,4,2023,2025-12-05 02:10:00,3,30,30211,2,1,1,1,Route De Beaucaire,43.82623,4.501707
202300019785,4,8,2023,2025-12-05 18:51:00,1,56,56121,2,1,1,7,Perriere ( Av De La ),47.7317865,-3.3634758
202300019786,3,7,2023,2025-12-05 05:00:00,2,972,97213,1,1,2,2,Adresse_Inconnue,14.61659767,-61.01592869
202300019787,2,7,2023,2025-12-05 04:18:00,4,972,97209,1,1,1,6,Balata (Route De),14.63447,-61.07291
202300019788,8,8,2023,2025-12-05 19:15:00,1,54,54025,1,1,1,1,Rue Du Faubourg Saint-Phlin,48.6496,6.27356
202300019789,2,7,2023,2025-12-05 03:40:00,5,2B,2B037,1,6,1,6,Toutes Rues,42.628936,9.437632
202300019790,8,8,2023,2025-12-05 18:20:00,1,50,50218,2,1,1,2,Pont Jacques (Voie Du),48.83689,-1.59896
202300019791,2,7,2023,2025-12-05 18:50:00,5,971,97101,1,1,1,6,Beausoleil,16.27861943,-61.47627354
202300019792,7,8,2023,2025-12-05 20:45:00,1,49,49007,2,2,1,3,Boulevard Henri Dunant,47.48322,-0.52366
202300019793,3,7,2023,2025-12-05 13:15:00,1,91,91216,2,1,1,3,Cd 257,48.66866,2.33816
202300019794,7,8,2023,2025-12-05 12:45:00,1,49,49007,2,1,1,3,A87N,47.45209,-0.51483
202300019795,7,8,2023,2025-12-05 09:25:00,1,49,49007,2,2,1,3,Quai Ligny,47.47013,-0.56226
202300019796,2,7,2023,2025-12-05 22:10:00,5,87,87085,2,1,1,3,Blanc Louis (Boulevard),45.82768,1.26079
202300019797,1,7,2023,2025-12-05 12:00:00,1,87,87085,2,1,2,7,Buxerolles (Route De),45.86864089,1.26055509
202300019798,8,8,2023,2025-12-05 18:00:00,1,43,43157,2,2,1,3,Avenue Marechal Foch,45.03728,3.88795
202300019799,3,8,2023,2025-12-05 17:40:00,1,42,42186,2,1,1,6,Avenue Charles De Gaulle,45.52494669,4.60336134
202300019800,3,7,2023,2025-12-05 18:10:00,1,85,85191,2,6,1,2,Palissy Rond-Point Bernard,46.689724,-1.429738
202300019801,3,7,2023,2025-12-05 20:50:00,2,83,83137,2,1,1,3,Democratie (Bd De La),43.12587,5.93851
202300019802,7,8,2023,2025-12-05 16:15:00,1,41,41018,2,1,1,6,Porte Cote (Rue),47.58693,1.3313
202300019803,8,8,2023,2025-12-05 16:15:00,1,35,35238,2,1,1,3,Dunant (Henry),48.1309,-1.65936
202300019804,3,7,2023,2025-12-05 20:40:00,2,76,76575,2,2,1,3,Rondeaux. Rue Jean,49.38575,1.0995
202300019805,8,8,2023,2025-12-05 13:45:00,1,35,35238,2,6,1,3,Vern (De),48.08731,-1.64443
202300019806,3,7,2023,2025-12-05 19:25:00,1,76,76157,2,3,1,6,Rue Camille Pissarro,49.45209955,1.03418416
202300019807,2,7,2023,2025-12-05 19:17:00,1,76,76305,1,1,1,7,D 6382,49.49886688,0.20249605
202300019808,7,8,2023,2025-12-05 17:30:00,1,35,35238,2,3,1,3,Saint-Cast (Quai),48.11024,-1.68552
202300019809,1,7,2023,2025-12-05 12:50:00,1,76,76259,2,1,7,1,Mandela ( Boulevard Nelson),49.74609,0.3913252
202300019810,8,8,2023,2025-12-05 17:30:00,1,33,33529,2,1,1,1,Tourterelles (All. Des),44.62365488,-1.20161757
202300019811,2,7,2023,2025-12-05 18:35:00,1,72,72181,1,9,1,3,Ruaudin (Rue) Ndeg Imp 191 Et >,47.96989,0.23329
202300019812,8,8,2023,2025-12-05 07:30:00,2,31,31555,2,1,1,6,Che Des Etroits,43.565992,1.439862
202300019813,27,6,2023,2025-12-05 08:50:00,1,68,68297,2,1,1,3,Mulhouse ( Rue De)Jusque Cimetiere Du 1,47.58901,7.56082
202300019814,7,8,2023,2025-12-05 17:15:00,1,31,31555,2,1,1,6,Av De Lardenne,43.593002,1.404522
202300019815,8,8,2023,2025-12-05 22:04:00,5,28,28085,2,1,1,7,Saint Barthelemy (Rue),48.44545,1.49738
202300019816,3,7,2023,2025-12-05 22:20:00,5,67,67482,2,4,1,1,Polygone (Route Du),48.57167,7.75607
202300019817,8,8,2023,2025-12-05 16:20:00,1,27,27229,2,1,1,2,Chambeaudoin (Boulevard),49.02366,1.15204
202300019818,8,8,2023,2025-12-05 11:55:00,1,26,26058,2,1,7,6,Avenue Georges Brassens,44.96028,4.90113
202300019819,30,6,2023,2025-12-05 16:23:00,1,66,66136,2,1,1,6,Adresse_Inconnue,42.69365,2.89048
202300019820,3,7,2023,2025-12-05 10:10:00,1,64,64545,1,1,1,2,Rd810,43.37154,-1.68189
202300019821,8,8,2023,2025-12-05 11:00:00,1,13,13213,2,2,1,3,Leprince Ringuiet (Rue),43.3442,5.4432
202300019822,3,7,2023,2025-12-05 15:58:00,1,63,63113,2,8,1,3,Flaubert (Bd Gustave),45.7632,3.12587
202300019823,7,8,2023,2025-12-05 09:30:00,1,10,10297,2,1,1,3,Avenue Jean Jaures,48.31543,4.09791
202300019824,8,8,2023,2025-12-05 15:45:00,1,6,6069,2,9,1,6,Chevalier (Avenue Maurice),43.62589,6.93569
202300019825,3,7,2023,2025-12-05 07:20:00,1,63,63032,2,6,1,3,Av Europe /Rue Champclos,45.75425694,3.09281766
202300019826,8,8,2023,2025-12-05 07:00:00,1,6,6123,2,9,7,2,Sauvaigo Pierre Avenue,43.66436,7.18608
202300019827,3,7,2023,2025-12-05 22:06:00,5,57,57463,2,1,1,7,Robert Schuman (Avenue ),49.11282,6.17132
202300019828,4,8,2023,2025-12-05 23:30:00,5,6,6155,2,1,1,6,Clemenceau Av.Georges,43.574667,7.056853
202300019829,1,7,2023,2025-12-05 22:15:00,5,56,56121,2,2,1,3,Carnot (Rue  Lazare ),47.74271,-3.36072
202300019830,25,7,2023,2025-12-05 14:27:00,1,5,5061,2,2,1,3,Jean Moulin ( Carrefour),44.56002,6.07569
202300019831,2,7,2023,2025-12-05 10:40:00,1,56,56121,2,3,1,6,7 Rue Etienne Perault,47.74467,-3.3632
202300019832,8,8,2023,2025-12-05 18:35:00,1,75,75120,2,1,1,3,Porte De Bagnolet,48.859033,2.41411
202300019833,2,7,2023,2025-12-05 08:40:00,1,54,54395,2,3,1,6,Rue De Belfort,48.68512,6.1689
202300019834,2,7,2023,2025-12-05 13:40:00,1,54,54329,2,2,1,3,Rue Des Bosquets,48.59223,6.49755
202300019835,6,8,2023,2025-12-05 20:00:00,1,75,75114,2,1,1,4,Porte D Orleans,48.820562,2.323112
202300019836,8,8,2023,2025-12-05 18:05:00,1,75,75105,2,1,1,1,Quai Saint Bernard,48.847876,2.359454
202300019837,1,7,2023,2025-12-05 02:30:00,4,54,54329,2,2,1,6,Rue Charles Guerin,48.59032,6.49851
202300019838,8,8,2023,2025-12-05 11:40:00,1,75,75120,2,1,1,3,Rue Des Pyrenees,48.86046,2.40061
202300019839,8,8,2023,2025-12-05 00:25:00,5,75,75120,2,2,1,3,Rue Des Pyrenees,48.852707,2.406124
202300019840,3,7,2023,2025-12-05 16:45:00,1,51,51454,2,2,1,3,De Gaulle (Avenue Du General),49.24583,4.01768
202300019841,3,7,2023,2025-12-05 08:45:00,1,51,51454,2,1,1,6,Vesle (Rue),49.252455,4.025791
202300019842,8,8,2023,2025-12-05 21:00:00,2,75,75118,2,3,1,6,Boulevard Ornano,48.897331,2.344857
202300019843,30,6,2023,2025-12-05 19:19:00,1,49,49267,2,1,1,7,Haute Des Banchais,47.4857,-0.51131
202300019844,8,8,2023,2025-12-05 08:25:00,1,75,75117,2,3,1,3,Rue Jacques Kellner,48.895848,2.326736
202300019845,1,7,2023,2025-12-05 02:46:00,4,49,49267,2,1,1,3,Reux,47.47016,-0.50963
202300019846,8,8,2023,2025-12-05 10:30:00,1,75,75116,2,3,1,2,Avenue De Versailles,48.84151,2.266541
202300019847,2,7,2023,2025-12-05 20:34:00,1,49,49007,2,3,1,2,Saint Jacques,47.47384,-0.57646
202300019848,2,7,2023,2025-12-05 23:15:00,3,44,44162,2,1,1,6,22 Avenue De Chenonceaux,47.2401,-1.59606
202300019849,8,8,2023,2025-12-05 21:30:00,4,75,75113,2,3,1,3,Boulevard Vincent Auriol,48.837227,2.372886
202300019850,3,7,2023,2025-12-05 15:40:00,1,37,37122,1,1,1,2,Rd 37 Sortie Nord,47.34748184,0.64619011
202300019851,2,7,2023,2025-12-05 10:39:00,1,37,37261,2,1,1,1,Plat D'Etain (Rue Du),47.38405,0.67448
202300019852,8,8,2023,2025-12-05 17:00:00,1,75,75101,2,3,1,3,Boulevard Du Palais,48.855299,2.345877
202300019853,3,7,2023,2025-12-05 15:25:00,1,35,35051,1,1,1,2,Rn136,48.1307,-1.57399
202300019854,8,8,2023,2025-12-05 14:06:00,1,94,94044,2,1,1,1,Rue Albert Garry,48.7563,2.4723
202300019855,3,7,2023,2025-12-05 11:35:00,1,35,35238,2,2,1,3,Bascule (De La),48.11419,-1.69424
202300019856,8,8,2023,2025-12-05 19:20:00,1,94,94068,2,2,1,3,Rue Du Docteur Roux,48.792449,2.49156
202300019857,8,8,2023,2025-12-05 01:25:00,5,94,94041,2,1,1,6,Avenue De Verdun,48.80767363,2.37482464
202300019858,2,7,2023,2025-12-05 18:09:00,1,34,34172,2,2,1,3,Europe (Avenue De L'),43.63742,3.82234
202300019859,8,8,2023,2025-12-05 20:30:00,1,94,94076,2,9,1,3,Rue Jean Mermoz,48.794615,2.36026
202300019860,4,7,2023,2025-12-05 00:30:00,5,31,31555,2,2,1,3,Eisenhower (Avenue Du General),43.5581,1.40207
202300019861,21,7,2023,2025-12-05 01:30:00,5,94,94028,2,1,1,6,60 Av Du Mal De Lattre De Tassigny,48.79858,2.45472
202300019862,7,8,2023,2025-12-05 18:00:00,1,94,94011,2,1,1,6,Avenue De Boissy,48.76105,2.49711
202300019863,2,7,2023,2025-12-05 13:45:00,1,29,29019,2,2,1,3,Rue Corot,48.41425,-4.47157
202300019864,8,8,2023,2025-12-05 17:10:00,1,94,94002,2,1,1,1,Rue Marcellin Berthelot,48.81221,2.41272
202300019865,8,8,2023,2025-12-05 12:20:00,1,93,93073,2,1,1,6,Rue Du 8 Mai 1945,48.95287,2.56736
202300019866,3,7,2023,2025-12-05 14:20:00,1,28,28134,2,6,1,3,Saint Thibault (Rue),48.7327,1.35787
202300019867,8,8,2023,2025-12-05 02:00:00,3,93,93073,1,2,1,6,Rue Du Chapitre / Rue Du Tarteret,49.002447,2.536984
202300019868,8,8,2023,2025-12-05 01:15:00,5,93,93071,2,1,1,6,Rue Augustin Thierry,48.94044961,2.52798145
202300019869,5,8,2023,2025-12-05 15:15:00,1,93,93070,2,1,1,3,Avenue Michelet,48.90919994,2.34418633
202300019870,4,7,2023,2025-12-05 00:00:00,3,25,25056,1,1,1,6,Rn 1057 (Route De Gray-Ch.Epitaphe),47.23842,5.97932
202300019871,8,8,2023,2025-12-05 22:40:00,5,93,93066,2,1,1,5,Route De La Courneuve,48.93222654,2.37581003
202300019872,3,7,2023,2025-12-05 13:50:00,1,25,25056,2,1,8,3,Rue Jacquard,47.24168,5.99378
202300019873,8,8,2023,2025-12-05 20:20:00,1,93,93064,2,1,1,3,Boulevard D'Alsace-Lorraine,48.88467318,2.48342924
202300019874,3,7,2023,2025-12-05 07:50:00,1,22,22278,2,6,1,3,Paris (De),48.50377,-2.74065
202300019875,8,8,2023,2025-12-05 08:00:00,1,93,93048,2,3,1,3,Rue Hoche / Rue Desire Preaux,48.86395,2.43167
202300019876,29,6,2023,2025-12-05 17:00:00,1,30,30032,1,1,1,4,Adresse_Inconnue,43.77836,4.54504
202300019877,8,8,2023,2025-12-05 09:45:00,1,93,93050,2,1,1,3,Avenue Paul Doumer,48.85852852,2.52223114
202300019878,3,7,2023,2025-12-05 13:56:00,1,1,1053,2,2,1,3,Alsace Lorraine (Avenue ),46.20373,5.2235
202300019879,7,8,2023,2025-12-05 23:30:00,5,92,92051,2,1,1,3,"Charles De Gaulle (Avenue, Ndeg27 A 129)",48.87867912,2.27903634
202300019880,3,7,2023,2025-12-05 08:45:00,1,75,75117,2,1,1,2,Porte De Clichy,48.896126,2.308709
202300019881,8,8,2023,2025-12-05 18:10:00,1,92,92050,2,1,1,1,Pesaro Boulevard De,48.8971962,2.21984178
202300019882,2,7,2023,2025-12-05 13:20:00,1,75,75116,2,1,1,2,Echangeur Porte Dauphine,48.870597,2.272352
202300019883,8,8,2023,2025-12-05 18:26:00,1,92,92040,2,2,1,2,Rouget De L'Isle,48.82913786,2.26381445
202300019884,5,8,2023,2025-12-05 20:45:00,1,92,92036,2,9,1,3,Lucien Lanternier (Avenue) (1/17),48.93210972,2.29045764
202300019885,3,7,2023,2025-12-05 13:30:00,1,75,75114,2,3,1,6,Rue Emile Deutsch De La Meurthe,48.822626,2.335138
202300019886,8,8,2023,2025-12-05 15:05:00,1,92,92024,2,1,1,2,Martre (Rue) De (1 A 41),48.90363071,2.30564654
202300019887,2,7,2023,2025-12-05 08:19:00,1,75,75118,2,4,1,1,Echangeur Porte De La Chapelle,48.90092124,2.36383688
202300019888,8,8,2023,2025-12-05 02:22:00,5,92,92024,2,2,1,3,Jean Jaures (Bd) De (1 A 45)   (2 A 54),48.89999627,2.30625093
202300019889,7,8,2023,2025-12-05 12:10:00,1,92,92004,1,1,1,2,Aulagnier ( Quai ),48.91276,2.30391
202300019890,1,7,2023,2025-12-05 02:30:00,5,75,75119,2,1,2,3,Boulevard Peripherique Interieur Nord,48.892666,2.395321
202300019891,30,5,2023,2025-12-05 17:20:00,1,75,75107,2,2,1,3,Avenue Rapp,48.860973,2.301195
202300019892,3,7,2023,2025-12-05 16:20:00,1,75,75116,2,3,1,3,Route Des Lacs A Passy,48.858381,2.260737
202300019893,9,8,2023,2025-12-05 04:11:00,3,95,95313,1,1,1,6,A16,49.113256,2.254451
202300019894,3,7,2023,2025-12-05 11:00:00,1,75,75114,2,3,1,6,Rue Raymond Losserand,48.832636,2.315674
202300019895,30,5,2023,2025-12-05 14:55:00,1,75,75115,2,2,1,3,Rue Du Theatre,48.84619,2.295173
202300019896,7,8,2023,2025-12-05 12:01:00,1,2A,2A100,1,1,1,7,Rd 70,42.244881,8.827729
202300019897,3,7,2023,2025-12-05 08:10:00,1,75,75114,2,3,1,6,Rue D Arcueil,48.820457,2.342827