num_acc,jour,mois,an,hrmn,lum,dep,com,agg,int,atm,col,adr,lat,long
202300019898,8,8,2023,2025-12-05 06:40:00,1,2A,2A048,1,1,1,7,Rd 81,42.034528,8.760545
202300019899,30,5,2023,2025-12-05 13:12:00,1,75,75106,2,9,1,6,Rue De Rennes,48.846936,2.326833
202300019900,15,6,2023,2025-12-05 10:14:00,1,75,75112,2,1,1,6,Rue Nicolai,48.835891,2.394201
202300019901,29,5,2023,2025-12-05 22:40:00,5,75,75120,2,1,1,3,Avenue Du Docteur Gley,48.877095,2.410657
202300019902,8,8,2023,2025-12-05 23:30:00,3,62,62613,1,1,3,6,D131,50.668913,2.056673
202300019903,3,7,2023,2025-12-05 14:00:00,1,75,75111,2,2,1,3,Boulevard Voltaire,48.85975,2.376847
202300019904,30,5,2023,2025-12-05 10:10:00,1,75,75119,2,3,1,3,Avenue De Laumiere,48.883246,2.381108
202300019905,2,7,2023,2025-12-05 10:10:00,1,75,75111,2,9,1,2,Avenue Philippe Auguste,48.853528,2.392734
202300019906,5,8,2023,2025-12-05 09:45:00,1,38,38019,2,1,1,1,Route Nationale 7 Village,45.42341581,4.8178777
202300019907,3,7,2023,2025-12-05 15:15:00,1,94,94034,2,9,1,3,Avenue De La Division Leclerc,48.76104,2.3184
202300019908,30,5,2023,2025-12-05 09:45:00,1,75,75119,2,2,1,3,Rue De Belleville,48.875459,2.392288
202300019909,3,7,2023,2025-12-05 15:40:00,1,94,94021,2,9,1,3,Avenue De Stalingrad,48.77391,2.36761
202300019910,9,8,2023,2025-12-05 05:30:00,3,28,28110,1,1,1,4,A11,48.422316,1.51209
202300019911,30,5,2023,2025-12-05 09:00:00,1,75,75119,2,3,1,3,Rue Riquet,48.888942,2.372463
202300019912,3,7,2023,2025-12-05 18:55:00,1,94,94073,2,3,1,3,D136,48.74784,2.36935
202300019913,4,7,2023,2025-12-05 18:00:00,1,68,68145,2,1,1,6,102 Grand Rue,48.080237,7.401298
202300019914,29,5,2023,2025-12-05 23:15:00,5,75,75119,2,3,1,3,Avenue De Flandre,48.888366,2.374122
202300019915,2,7,2023,2025-12-05 21:40:00,1,93,93073,2,3,1,1,Route De Villepinte / Rue Claude Nicolas Ledoux,48.9691,2.5459
202300019916,9,8,2023,2025-12-05 09:30:00,1,972,97201,2,1,1,6,Le Bourg Ouest,14.825227,-61.113896
202300019917,30,5,2023,2025-12-05 16:40:00,1,75,75117,2,2,1,6,Rue Pouchet,48.895775,2.321857
202300019918,10,6,2023,2025-12-05 14:30:00,1,93,93001,2,1,1,6,Rue Madeleine Vionnet,48.90353013,2.37448472
202300019919,4,8,2023,2025-12-05 13:30:00,1,11,11203,2,6,1,1,1 Route De Ferrals,43.173842,2.740827
202300019920,3,7,2023,2025-12-05 11:15:00,1,92,92025,2,1,1,3,Gabriel Peri (Rue),48.91822227,2.23884881
202300019921,30,5,2023,2025-12-05 08:50:00,1,75,75108,2,2,1,3,Boulevard Des Batignolles,48.88164,2.318833
202300019922,3,7,2023,2025-12-05 08:39:00,1,92,92014,2,1,1,7,General Leclerc (Av.) (57 A 135 - 50 A 1,48.7819,2.31639
202300019923,8,8,2023,2025-12-05 18:10:00,1,68,68300,1,1,1,7,Route Departementale 38,47.779355,7.378171
202300019924,30,5,2023,2025-12-05 14:20:00,1,75,75115,2,7,1,3,Rue Dutot,48.836454,2.306633
202300019925,2,7,2023,2025-12-05 12:15:00,1,35,35013,1,1,1,6,La Hutte,47.722018,-2.054358
202300019926,22,7,2023,2025-12-05 05:00:00,1,62,62866,2,2,1,3,D940,50.379517,1.652756
202300019927,30,5,2023,2025-12-05 13:00:00,1,75,75115,2,2,1,6,Rue Desaix,48.85381,2.294214
202300019928,3,7,2023,2025-12-05 08:20:00,1,81,81064,1,1,1,1,Rd 964 - Pk 019.500,43.958086,1.846556
202300019929,30,5,2023,2025-12-05 09:45:00,1,75,75115,2,7,1,6,Place D Alleray,48.836234,2.306449
202300019930,4,7,2023,2025-12-05 12:00:00,1,2A,2A272,1,1,1,1,Route De Tizzano,41.565211,8.912895
202300019931,9,8,2023,2025-12-05 17:15:00,1,60,60358,1,6,1,3,D332,49.19497,2.917514
202300019932,4,7,2023,2025-12-05 04:42:00,2,67,67222,2,2,1,6,9 Route De Wimmenau,48.883827,7.469947
202300019933,4,8,2023,2025-12-05 11:00:00,1,62,62770,1,1,1,7,Rue D'Aire,50.63721466,2.4714978
202300019934,29,5,2023,2025-12-05 01:20:00,5,75,75115,2,3,1,2,Rue Du Hameau,48.833514,2.286588
202300019935,4,7,2023,2025-12-05 17:15:00,1,87,87154,2,1,1,2,N141,45.897826,0.831774
202300019936,6,8,2023,2025-12-05 17:50:00,1,56,56168,1,6,1,2,Route De Quiberon,47.565509,-3.134451
202300019937,30,5,2023,2025-12-05 09:20:00,1,75,75114,2,3,1,6,Rue Nansouty,48.823512,2.335696
202300019938,4,7,2023,2025-12-05 16:02:00,1,21,21599,1,1,3,6,A31,47.592262,5.207852
202300019939,29,5,2023,2025-12-05 17:00:00,1,75,75114,2,4,1,6,Avenue Du General Leclerc,48.828791,2.327753
202300019940,9,8,2023,2025-12-05 11:08:00,1,76,76014,2,3,1,3,D125,49.590517,0.273542
202300019941,8,8,2023,2025-12-05 16:15:00,1,76,76508,2,7,1,2,Rue Du Major Frost,49.67197915,0.18880069
202300019942,30,5,2023,2025-12-05 19:40:00,1,75,75111,2,3,1,3,Avenue De La Republique,48.864186,2.380237
202300019943,16,11,2023,2025-12-05 22:20:00,5,75,75116,2,3,3,3,Avenue De Neuilly,48.878464,2.279935
202300019944,8,8,2023,2025-12-05 11:45:00,1,79,79008,1,1,1,6,Adresse_Inconnue,46.743463,-0.304334
202300019945,30,5,2023,2025-12-05 10:10:00,1,75,75110,2,2,1,7,Rue Du Chateau D Eau,48.869858,2.360729
202300019946,17,11,2023,2025-12-05 14:20:00,1,75,75115,2,1,1,6,Rue Linois,48.848076,2.283573
202300019947,8,8,2023,2025-12-05 17:10:00,1,79,79109,2,1,1,5,Adresse_Inconnue,46.360995,-0.42859
202300019948,17,11,2023,2025-12-05 09:30:00,1,75,75115,2,2,2,6,Boulevard Pasteur,48.84500301,2.31069088
202300019949,30,5,2023,2025-12-05 16:50:00,1,75,75116,2,2,1,2,Avenue De L Hippodrome,48.858544,2.244888
202300019950,9,8,2023,2025-12-05 14:15:00,1,2B,2B207,1,1,1,6,Route Royale,42.462362,9.500556
202300019951,30,5,2023,2025-12-05 09:40:00,1,75,75107,2,1,1,6,Avenue De La Bourdonnais,48.854729,2.304722
202300019952,9,8,2023,2025-12-05 12:30:00,1,2B,2B319,1,1,1,3,Penticchie,42.428755,9.524943
202300019953,16,11,2023,2025-12-05 11:50:00,1,75,75115,2,3,3,3,Rue De Vaugirard,48.838751,2.299252
202300019954,2,6,2023,2025-12-05 15:45:00,1,94,94037,2,3,1,6,Avenue Lenine,48.815194,2.332973
202300019955,8,8,2023,2025-12-05 18:45:00,1,65,65123,1,1,1,3,Route Du Col D?Aspin - D918,42.939302,0.299249
202300019956,17,11,2023,2025-12-05 12:56:00,1,75,75115,2,5,3,6,Avenue De La Porte Brancion,48.825871,2.300216
202300019957,9,8,2023,2025-12-05 09:45:00,1,65,65029,1,1,1,6,Route Du Val D'Azun,42.983836,-0.145934
202300019958,30,5,2023,2025-12-05 20:30:00,2,94,94073,2,1,1,2,Av Du Pdt Franklin Roosevelt,48.76610491,2.39929162
202300019959,17,11,2023,2025-12-05 01:45:00,5,75,75107,2,2,2,3,Place De La Resistance,48.862412,2.301601
202300019960,9,8,2023,2025-12-05 13:00:00,1,32,32296,2,1,1,1,2 Avenue Du Midour,43.760366,-0.03136
202300019961,29,5,2023,2025-12-05 22:30:00,5,94,94019,2,1,1,3,2 Route De La Liberation,48.803453,2.537386
202300019962,8,8,2023,2025-12-05 09:55:00,1,76,76255,2,1,8,6,Rue Jean Duhornay,50.048466,1.413444
202300019963,17,11,2023,2025-12-05 16:20:00,1,75,75113,2,3,8,3,Boulevard De L Hopital,48.838867,2.361004
202300019964,30,5,2023,2025-12-05 17:20:00,1,94,94017,2,1,1,2,Av. Francois Mitterrand,48.81543279,2.51533645
202300019965,9,8,2023,2025-12-05 17:53:00,1,12,12103,1,1,1,5,D920,44.618982,2.584158
202300019966,17,11,2023,2025-12-05 18:10:00,3,75,75111,2,1,8,3,Rue Jean Pierre Timbaud,48.866542,2.37303
202300019967,30,5,2023,2025-12-05 19:00:00,1,94,94071,2,3,1,3,Rue Du General Leclerc,48.77632229,2.51130107
202300019968,9,8,2023,2025-12-05 13:35:00,1,46,46215,1,1,7,3,D820,44.770236,1.476932
202300019969,29,5,2023,2025-12-05 22:40:00,5,93,93072,2,7,1,6,Avenue Paul Vaillant Couturier / Place Marcel Pointet,48.95117,2.38148
202300019970,17,11,2023,2025-12-05 15:38:00,1,75,75110,2,7,1,3,Place De La Bataille De Stalingrad,48.882662,2.36986041
202300019971,9,8,2023,2025-12-05 12:20:00,1,46,46334,1,1,1,2,Route Du Lac,44.743091,1.463521
202300019972,30,5,2023,2025-12-05 17:40:00,1,93,93031,2,1,1,1,Avenue De Lattre De Tassigny,48.95564621,2.31179602
202300019973,17,11,2023,2025-12-05 18:50:00,5,75,75108,2,5,1,6,Rue D Amsterdam,48.87965,2.327021
202300019974,19,7,2023,2025-12-05 15:45:00,1,46,46257,1,3,1,1,D704,44.788182,1.312163
202300019975,30,5,2023,2025-12-05 09:15:00,1,93,93053,2,2,1,2,Rue Jean Jaures / Rue De Brement,48.89042,2.45324
202300019976,9,8,2023,2025-12-05 00:45:00,3,22,22152,1,1,1,6,Kerprigent,48.768268,-3.279017
202300019977,17,11,2023,2025-12-05 11:30:00,1,75,75117,2,4,8,2,Avenue De La Grande Armee,48.876839,2.285502
202300019978,30,5,2023,2025-12-05 11:35:00,1,93,93051,2,1,1,6,Rue De La Haute Maison,48.84264706,2.57234529
202300019979,17,11,2023,2025-12-05 17:50:00,2,75,75114,2,1,1,2,Avenue Du General Leclerc,48.832645,2.331063
202300019980,7,8,2023,2025-12-05 11:50:00,1,35,35010,1,2,1,3,Lieu Dit Languenan,48.53402,-1.689368
202300019981,30,5,2023,2025-12-05 12:20:00,1,93,93027,2,2,1,3,Boulevard Pasteur / Rue Jollois,48.92179,2.38338
202300019982,17,11,2023,2025-12-05 12:55:00,1,75,75107,2,2,3,7,Quai Branly,48.860649,2.295461
202300019983,9,8,2023,2025-12-05 14:15:00,1,15,15028,1,1,1,3,Rd 990,44.89589,2.551317
202300019984,30,5,2023,2025-12-05 08:00:00,1,92,92073,2,9,1,2,Sellier (Boulevard Henri),48.86141299,2.21591234
202300019985,17,11,2023,2025-12-05 18:25:00,5,75,75104,2,5,1,6,Quai Des Celestins,48.851364,2.362306
202300019986,9,8,2023,2025-12-05 03:55:00,5,1,1303,2,3,1,3,Avenue De La 1Ere Armee Francaise Rhin-Danube,46.081905,5.410144
202300019987,29,5,2023,2025-12-05 18:41:00,1,92,92072,2,5,1,3,Manufacture Nationale (Place De La),48.82917,2.22411
202300019988,17,11,2023,2025-12-05 13:40:00,1,75,75104,2,3,1,2,Quai Des Celestins,48.85332798,2.35781729
202300019989,29,5,2023,2025-12-05 14:15:00,1,92,92022,2,1,1,6,General De Gaulle (Cours),48.81073,2.19182
202300019990,17,11,2023,2025-12-05 09:40:00,1,75,75102,2,1,1,3,Rue Daunou,48.86926,2.332269
202300019991,8,8,2023,2025-12-05 18:55:00,1,1,1246,2,1,1,5,524 Route De L'Effondras,46.23924,5.04419
202300019992,9,8,2023,2025-12-05 16:30:00,1,66,66095,1,1,1,1,N20,42.485849,1.858685
202300019993,30,5,2023,2025-12-05 10:00:00,1,92,92040,2,7,1,5,Resistance (Place De La),48.82154506,2.25050211
202300019994,17,11,2023,2025-12-05 08:20:00,1,75,75104,2,3,8,3,Rue De Brosse,48.854951,2.353557
202300019995,26,5,2023,2025-12-05 20:15:00,1,92,92036,2,2,1,1,Henri Barbusse (Rue) (1/35),48.92193546,2.29985207
202300019996,9,8,2023,2025-12-05 14:28:00,1,50,50410,1,1,1,1,Route Nationale 176,48.561556,-1.526756
202300019997,17,11,2023,2025-12-05 14:40:00,1,94,94058,2,3,1,2,Avenue Du 11 Novembre,48.84847,2.49625
202300019998,29,7,2023,2025-12-05 20:00:00,1,9,9120,1,1,8,6,3 Pont De Massot,43.096377,1.106738
202300019999,30,5,2023,2025-12-05 19:08:00,1,92,92035,2,1,1,1,General De Gaulle  ( Avenue Du ),48.91114814,2.25463539
202300020000,8,8,2023,2025-12-05 20:15:00,1,7,7201,1,1,1,2,Route Departemantale 579,44.441341,4.345382
202300020001,17,11,2023,2025-12-05 10:20:00,1,94,94076,2,9,2,3,135 Avenue De Paris,48.8011,2.36521
202300020002,30,5,2023,2025-12-05 18:00:00,1,92,92026,2,1,1,6,Mission Marchand (Cote Pair),48.89638,2.24041
202300020003,28,7,2023,2025-12-05 11:40:00,1,40,40273,2,1,1,3,Route Des Barthes,43.497893,-1.381318
202300020004,28,7,2023,2025-12-05 16:00:00,1,37,37132,2,6,3,7,Route Departement 943,47.131462,0.982493
202300020005,16,11,2023,2025-12-05 13:20:00,1,94,94076,2,2,3,6,Avenue Paul Vaillant-Couturier,48.79486,2.35457
202300020006,27,5,2023,2025-12-05 20:45:00,1,92,92025,2,2,1,3,Charles De Gaulle (Bd),48.90893398,2.23657876
202300020007,17,11,2023,2025-12-05 21:20:00,5,94,94037,2,1,2,6,71 Avenue Paul Vaillant-Couturier,48.81632,2.34103
202300020008,8,8,2023,2025-12-05 17:45:00,1,30,30061,1,3,1,3,Adresse_Inconnue,43.93638,4.264498
202300020009,8,8,2023,2025-12-05 16:00:00,1,48,48146,1,1,1,6,D986,44.352055,3.404831
202300020010,29,5,2023,2025-12-05 00:15:00,5,92,92024,2,2,1,2,Nations Unies (Place Des),48.89732,2.31052
202300020011,8,8,2023,2025-12-05 18:20:00,1,48,48027,1,1,1,7,Adresse_Inconnue,44.568397,3.870159
202300020012,16,11,2023,2025-12-05 23:15:00,5,94,94041,2,2,2,3,Rue Baudin,48.815285,2.375603
202300020013,9,8,2023,2025-12-05 19:10:00,1,53,53262,1,1,1,7,A81 Pk 226+900,48.069405,-0.556414
202300020014,30,5,2023,2025-12-05 08:15:00,1,92,92012,2,1,1,2,Point Du Jour (Quai Du),48.82618,2.25122
202300020015,16,11,2023,2025-12-05 06:40:00,5,94,94081,2,3,3,1,Avenue De La Republique,48.8024,2.3973
202300020016,6,8,2023,2025-12-05 16:04:00,1,89,89341,1,1,1,2,Autoroute A6 Pk 180.850 Sens Lyon-Paris,47.710029,3.788073
202300020017,18,5,2023,2025-12-05 21:00:00,1,92,92004,2,1,1,3,Voltaire ( Bd ),48.91764,2.28549
202300020018,17,11,2023,2025-12-05 10:25:00,1,94,94073,1,9,2,3,Avenue Du Luxembourg,48.756025,2.373222
202300020019,17,11,2023,2025-12-05 14:25:00,1,94,94028,2,9,1,3,Avenue Du General De Gaulle,48.7857,2.44947
202300020020,8,8,2023,2025-12-05 17:27:00,1,13,13001,1,1,1,2,"A8 Pk 021.700, Sens 1",43.512518,5.465956
202300020021,30,5,2023,2025-12-05 13:15:00,1,92,92002,2,3,1,6,Armand Guillebaud (Avenue),48.74965815,2.30443999
202300020022,9,8,2023,2025-12-05 14:34:00,1,45,45053,1,1,1,2,D2007 Pr 64 + 115,47.61208954,2.77084859
202300020023,17,11,2023,2025-12-05 18:40:00,5,94,94068,2,1,2,3,Rue Albert De Mun,48.78854,2.4846
202300020024,31,5,2023,2025-12-05 14:45:00,1,60,60406,2,3,1,3,Rue De Pont Sainte Maxence,49.316027,2.547594
202300020025,9,8,2023,2025-12-05 10:50:00,1,11,11262,1,9,1,2,A9 - Pk 188.100 - Sens France / Espagne,43.180146,3.042698
202300020026,15,11,2023,2025-12-05 20:18:00,5,94,94055,2,3,1,1,Avenue Olivier D'Ormesson,48.78087,2.52083
202300020027,8,8,2023,2025-12-05 16:20:00,1,971,97110,1,1,1,5,D207 Le Desert,16.321171,-61.032776
202300020028,31,5,2023,2025-12-05 09:40:00,1,12,12140,1,2,1,3,D76,44.340943,1.919968
202300020029,17,11,2023,2025-12-05 09:20:00,1,93,93070,2,2,1,3,Rue Raspail / Rue Garibaldi,48.90452016,2.33007482
202300020030,8,8,2023,2025-12-05 21:50:00,5,77,77354,1,9,1,3,D227,48.469084,2.8585
202300020031,31,5,2023,2025-12-05 07:25:00,1,84,84088,1,1,1,1,Route D'Althen,43.997156,5.000973
202300020032,17,11,2023,2025-12-05 14:40:00,1,93,93062,2,2,1,5,Boulevard De L'Est / Allee De L'Eglise,48.90266606,2.52281768
202300020033,8,8,2023,2025-12-05 18:40:00,1,95,95351,1,6,1,2,D317,49.028808,2.500033
202300020034,30,5,2023,2025-12-05 18:35:00,1,95,95452,2,1,1,3,D78,49.1354893,2.28235602
202300020035,7,8,2023,2025-12-05 06:20:00,1,2B,2B168,2,9,1,2,Rt 30,42.63135,8.958176
202300020036,17,11,2023,2025-12-05 09:25:00,1,93,93051,2,2,2,1,Boulevard Paul Pambrun / Avenue Dehais,48.84883,2.54539
202300020037,29,5,2023,2025-12-05 11:50:00,1,51,51204,2,2,1,7,Chemin Des Ardillieres,49.070882,3.886156
202300020038,7,8,2023,2025-12-05 12:00:00,1,83,83042,1,9,1,3,D98A,43.2635,6.579514
202300020039,17,11,2023,2025-12-05 14:25:00,1,93,93050,2,1,1,6,Avenue Jean Jaures,48.86272,2.54584
202300020040,31,5,2023,2025-12-05 08:40:00,1,56,56165,1,1,1,2,Adresse_Inconnue,47.910158,-2.40845
202300020041,8,8,2023,2025-12-05 17:40:00,1,83,83068,2,1,1,1,Route Du Littoral,43.289241,6.604816
202300020042,17,11,2023,2025-12-05 03:30:00,5,93,93050,2,1,2,6,Avenue Jean Jaures,48.86484,2.55466
202300020043,16,11,2023,2025-12-05 06:35:00,5,93,93045,2,2,3,1,Rue De Paris / Rue Leon Renault,48.88193,2.42268
202300020044,8,8,2023,2025-12-05 16:15:00,1,73,73034,1,1,1,1,D925,45.697278,6.633897
202300020045,17,11,2023,2025-12-05 18:43:00,5,93,93031,2,9,1,6,Rue De Strasbourg,48.95678015,2.29942828
202300020046,30,5,2023,2025-12-05 17:20:00,1,77,77066,1,3,1,2,N4 Intersection D15,48.690904,3.338449
202300020047,17,11,2023,2025-12-05 14:30:00,1,93,93046,1,1,8,1,Route Strategique,48.917096,2.555255
202300020048,31,5,2023,2025-12-05 07:45:00,1,76,76100,1,2,1,1,Route De La Vieux-Rue,49.500824,1.262832
202300020049,9,8,2023,2025-12-05 08:50:00,1,65,65335,1,3,1,7,Rd 87,43.104657,0.129449
202300020050,8,8,2023,2025-12-05 20:00:00,1,19,19098,1,1,1,6,D1120,45.189266,1.842613
202300020051,16,11,2023,2025-12-05 15:10:00,1,93,93057,2,2,3,6,Avenue Jean Jaures / Avenue Franklin,48.90292,2.50823
202300020052,31,5,2023,2025-12-05 12:32:00,1,79,79031,1,1,1,1,Adresse_Inconnue,46.16155,-0.42834
202300020053,8,8,2023,2025-12-05 17:18:00,1,40,40244,1,1,1,6,D113,43.696218,-1.158025
202300020054,17,11,2023,2025-12-05 13:25:00,1,93,93008,2,9,1,1,Rue Pierre Semard,48.910893,2.446592
202300020055,24,5,2023,2025-12-05 12:35:00,1,2B,2B123,1,1,1,2,Route D?Alzitone,42.049671,9.428356
202300020056,9,8,2023,2025-12-05 12:15:00,1,33,33554,2,1,1,3,Route De Sainte-Eulalie,44.887241,-0.473061
202300020057,17,11,2023,2025-12-05 13:00:00,1,93,93007,2,9,1,3,Avenue Pasteur,48.94214412,2.46776568
202300020058,30,5,2023,2025-12-05 16:50:00,1,80,80288,1,9,7,1,Rd 1029,49.875431,2.840733
202300020059,8,8,2023,2025-12-05 16:10:00,1,56,56176,1,1,1,6,Rue De Lissaden,47.671135,-2.941879
202300020060,17,11,2023,2025-12-05 17:05:00,2,93,93005,2,1,2,3,Allee Des Roseaux,48.951158,2.496701
202300020061,30,5,2023,2025-12-05 17:30:00,1,32,32227,1,1,1,3,Le Hountagna,43.80777,0.063756
202300020062,8,8,2023,2025-12-05 11:40:00,1,35,35326,2,1,1,6,Avenue Philippe De Volvire,48.332436,-1.534742
202300020063,17,11,2023,2025-12-05 08:10:00,1,92,92063,2,6,1,1,Fouilleuse (Avenue De),48.86204653,2.19621509
202300020064,31,5,2023,2025-12-05 13:00:00,1,63,63178,2,1,1,2,Rue Pierre Mendes France,45.543407,3.243035
202300020065,8,8,2023,2025-12-05 23:25:00,3,60,60079,1,1,1,5,N2,49.17451684,2.87701249
202300020066,17,11,2023,2025-12-05 07:49:00,1,92,92063,2,3,8,6,Peri (Avenue Gabriel),48.88272256,2.18835801
202300020067,30,5,2023,2025-12-05 10:50:00,1,61,61500,1,1,1,6,Rd 918,48.623987,0.68274
202300020068,11,7,2023,2025-12-05 23:35:00,3,59,59323,2,1,1,7,D934,50.303314,3.628954
202300020069,17,11,2023,2025-12-05 20:35:00,5,92,92050,2,9,1,3,France Anatole Rue,48.90127253,2.21027076
202300020070,31,5,2023,2025-12-05 08:15:00,1,49,49140,1,2,1,3,D145,47.193686,0.007274
202300020071,17,11,2023,2025-12-05 08:55:00,1,92,92020,2,1,1,6,Republique Av. Ndeg27 A 105 Et 26 A 178,48.8046991,2.29794431
202300020072,7,8,2023,2025-12-05 10:35:00,1,33,33122,1,1,1,4,Autoroute A 63,44.7444,-0.70442
202300020073,31,5,2023,2025-12-05 15:20:00,1,49,49215,1,2,1,1,D347,47.113531,-0.122186
202300020074,8,8,2023,2025-12-05 00:31:00,3,91,91661,1,1,1,2,Autoroute A10,48.69065,2.22247
202300020075,11,11,2023,2025-12-05 18:15:00,5,92,92035,2,2,1,3,Verdun 1916 ( Avenue De ),48.90444373,2.23249519
202300020076,30,5,2023,2025-12-05 12:40:00,1,29,29189,1,3,1,3,Route De Porz Keralliou,48.376453,-4.408189
202300020077,7,8,2023,2025-12-05 22:37:00,3,77,77251,1,1,1,3,Autoroute A5A,48.62522,2.53991
202300020078,17,11,2023,2025-12-05 11:20:00,1,92,92025,2,2,2,3,Estienne D'Orves (Rue),48.91323745,2.24060333
202300020079,28,5,2023,2025-12-05 23:15:00,3,86,86032,1,1,1,3,Augeron,46.673037,0.554752
202300020080,8,8,2023,2025-12-05 19:50:00,1,93,93064,1,1,1,5,Autoroute A3,48.88497546,2.47135463
202300020081,17,11,2023,2025-12-05 13:30:00,1,92,92004,2,1,1,3,Voltaire ( Bd 16 A Fin ),48.9164,2.28956
202300020082,8,8,2023,2025-12-05 18:10:00,1,95,95582,1,1,1,6,A15,48.97106448,2.24906981
202300020083,17,11,2023,2025-12-05 18:21:00,5,92,92002,2,1,8,1,Leonard De Vinci (Rue),48.74113115,2.31485939
202300020084,30,5,2023,2025-12-05 10:50:00,1,29,29015,1,1,1,1,D13,48.496951,-4.497027
202300020085,2,8,2023,2025-12-05 19:30:00,1,33,33362,1,1,1,3,Rue Des Platieres,45.02953173,-0.19545928
202300020086,5,8,2023,2025-12-05 12:15:00,1,6,6069,2,1,1,6,Mistral (Avenue Et Place Frederic),43.6461,6.91705
202300020087,17,11,2023,2025-12-05 23:10:00,3,41,41266,1,1,1,6,Taille Ronde,47.47597,1.264243
202300020088,27,5,2023,2025-12-05 18:35:00,1,31,31123,2,1,2,1,D618,42.806846,0.534114
202300020089,4,8,2023,2025-12-05 11:24:00,1,27,27229,2,1,1,6,Chartraine (Rue),49.02637,1.14789
202300020090,30,5,2023,2025-12-05 13:45:00,1,3,3278,1,1,7,1,25 Route Des Rifs,46.214355,3.167002
202300020091,3,8,2023,2025-12-05 11:00:00,1,7,7019,2,1,1,6,Lesin Lacoste (Rue),44.6202,4.38764
202300020092,30,5,2023,2025-12-05 07:30:00,1,3,3254,1,3,1,3,D130,46.299055,3.301274
202300020093,2,8,2023,2025-12-05 16:50:00,1,95,95218,2,1,1,6,Albert Camus (Avenue),49.02015,2.10777
202300020094,18,11,2023,2025-12-05 15:15:00,1,86,86114,1,2,8,2,Route De Lavoux,46.577263,0.556387
202300020095,29,5,2023,2025-12-05 15:34:00,1,3,3156,1,1,1,1,Lusigny,46.590485,3.475161
202300020096,27,5,2023,2025-12-05 07:55:00,1,987,98715,1,9,1,3,Quartier Barff A St Hilaire,-17.584,-149.56
202300020097,17,11,2023,2025-12-05 10:30:00,1,22,22034,1,1,2,3,D767 Pr 42+500,48.676312,-3.354006
202300020098,7,8,2023,2025-12-05 15:00:00,1,974,97416,2,3,1,6,Augustin Archambaud(Rue),-21.34087,55.47769
202300020099,31,5,2023,2025-12-05 08:20:00,1,1,1163,1,2,1,1,Route De Beaupont,46.404102,5.221762
202300020100,17,11,2023,2025-12-05 20:40:00,3,38,38030,1,1,1,1,D519,45.338933,5.477629
202300020101,7,8,2023,2025-12-05 12:20:00,1,974,97409,2,1,1,6,De La Republique(Avenue),-20.96097,55.65051
202300020102,18,11,2023,2025-12-05 07:00:00,1,26,26010,1,6,1,6,D1,45.278125,4.885268
202300020103,6,8,2023,2025-12-05 06:00:00,1,972,97213,1,1,2,3,Autoroute A1,14.59606,-60.98844
202300020104,31,5,2023,2025-12-05 16:50:00,1,1,1335,2,2,1,5,Route De La Bresse,46.117272,5.078044
202300020105,18,11,2023,2025-12-05 11:55:00,1,21,21339,1,1,1,1,Route D'Ancey,47.3378356,4.85839021
202300020106,7,8,2023,2025-12-05 14:00:00,1,972,97209,2,4,8,2,Rd 41 (Rocade),14.61422,-61.05194
202300020107,29,5,2023,2025-12-05 03:00:00,5,1,1001,2,3,1,7,291 Route De La Fontaine,46.14916,4.92195
202300020108,18,11,2023,2025-12-05 06:05:00,3,44,44131,1,1,2,1,Route De La Plaine,47.13248,-2.159055
202300020109,6,8,2023,2025-12-05 11:23:00,1,971,97101,1,9,1,6,Hibiscus,16.25078345,-61.52769685
202300020110,31,5,2023,2025-12-05 05:44:00,1,58,58215,1,1,1,7,Departementale 243,47.291223,2.944357
202300020111,12,10,2023,2025-12-05 19:15:00,5,2B,2B251,1,1,1,3,Rt10,42.006548,9.403353
202300020112,31,5,2023,2025-12-05 13:40:00,1,58,58177,1,1,1,7,D 144,47.144225,3.864573
202300020113,6,8,2023,2025-12-05 23:24:00,5,95,95019,2,3,1,6,Cottage (Avenue Du),48.98892662,2.41007209
202300020114,29,5,2023,2025-12-05 09:45:00,1,58,58277,1,1,1,3,449 Route De Moulins-Engilbert,47.02073,3.838187
202300020115,17,11,2023,2025-12-05 21:30:00,5,2B,2B166,1,9,1,3,Intersection T10 Et D110,42.516926,9.442628
202300020116,30,5,2023,2025-12-05 21:30:00,2,58,58121,1,1,1,7,Rue France Bloch,47.036025,3.093735
202300020117,18,11,2023,2025-12-05 11:50:00,1,82,82089,1,2,1,3,D813,44.123842,0.830091
202300020118,30,5,2023,2025-12-05 09:45:00,1,66,66071,1,1,7,6,D611,42.789228,2.690835
202300020119,17,11,2023,2025-12-05 17:57:00,2,82,82047,1,1,1,6,D18,43.848494,0.920609
202300020120,30,5,2023,2025-12-05 15:04:00,1,5,5011,1,1,1,7,D942,44.549664,6.201466
202300020121,5,8,2023,2025-12-05 22:50:00,5,87,87085,2,2,1,3,Leclerc (Avenue Du General),45.84722,1.2613
202300020122,18,11,2023,2025-12-05 18:00:00,3,55,55492,1,1,3,1,Chemin Des Fontenelles,49.130173,5.456192
202300020123,28,5,2023,2025-12-05 17:40:00,1,50,50166,1,1,1,1,Route De La Chapelle Du Mont,49.32181,-1.557507