num_acc,jour,mois,an,hrmn,lum,dep,com,agg,int,atm,col,adr,lat,long
202300020124,6,8,2023,2025-12-05 21:00:00,1,85,85194,2,6,1,6,Rd 949,46.50556,-1.78994
202300020125,17,11,2023,2025-12-05 12:50:00,1,55,55046,1,1,2,3,D904,48.967801,5.812508
202300020126,3,8,2023,2025-12-05 12:00:00,1,83,83123,2,1,1,1,Lange (Chemin),43.125943,5.795324
202300020127,30,5,2023,2025-12-05 13:43:00,1,18,18126,2,3,1,6,Avenue Nationale,46.924952,2.408012
202300020128,17,11,2023,2025-12-05 05:26:00,4,49,49214,2,1,1,1,43 Avenue Esperanto,47.53104,-0.596148
202300020129,4,8,2023,2025-12-05 17:35:00,1,80,80021,2,3,1,3,Jules Ferry (Chaussee),49.87911,2.33536
202300020130,6,8,2023,2025-12-05 19:05:00,1,80,80489,1,1,1,3,Rn 25,49.87024,2.37242
202300020131,30,5,2023,2025-12-05 11:40:00,1,53,53104,2,1,1,5,Rue De La Division Leclerc,47.853656,-0.60877
202300020132,17,11,2023,2025-12-05 21:20:00,3,34,34028,1,1,1,6,D 35,43.635702,3.162947
202300020133,30,5,2023,2025-12-05 23:50:00,3,24,24146,1,1,1,6,N21,45.063552,0.679646
202300020134,7,8,2023,2025-12-05 13:30:00,1,77,77450,1,9,1,3,N 19,48.70408,2.59469
202300020135,17,11,2023,2025-12-05 10:40:00,1,44,44150,2,1,1,6,2 Place De L'Eglise,47.123043,-1.633477
202300020136,31,5,2023,2025-12-05 14:45:00,1,4,4162,1,1,2,6,Lieu Dit Les Eyries,43.979564,5.661886
202300020137,4,8,2023,2025-12-05 14:45:00,1,76,76351,2,1,1,3,Verdun (Rue De),49.50234,0.18826
202300020138,30,5,2023,2025-12-05 08:00:00,1,85,85154,1,1,1,1,La Sauvagere,46.6445,-0.841827
202300020139,11,11,2023,2025-12-05 10:30:00,1,29,29214,2,1,1,7,Prat Kergoe,47.917367,-4.370634
202300020140,5,8,2023,2025-12-05 14:24:00,1,71,71059,2,1,8,6,Couches (Route De),46.8103,4.4744
202300020141,30,5,2023,2025-12-05 16:10:00,1,85,85014,1,1,1,1,12 La Grange Nicolas,46.657185,-0.87922
202300020142,7,8,2023,2025-12-05 17:40:00,1,69,69266,2,1,1,6,4 Rue Pelisson,45.77373,4.88529
202300020143,13,11,2023,2025-12-05 18:00:00,3,2,2250,1,2,2,2,Adresse_Inconnue,49.389294,3.768278
202300020144,28,5,2023,2025-12-05 23:20:00,3,17,17344,1,1,1,6,Chez Chevroux,45.862228,-0.591455
202300020145,7,8,2023,2025-12-05 19:30:00,1,69,69029,2,2,1,3,Avenue Franklin Roosevelt,45.7354,4.9031
202300020146,17,11,2023,2025-12-05 18:00:00,5,2,2173,2,2,2,3,5 Boulevard De L'Europe,49.626268,3.214834
202300020147,31,5,2023,2025-12-05 16:40:00,1,8,8498,2,1,7,3,D3,49.74081519,4.67093239
202300020148,18,11,2023,2025-12-05 07:55:00,1,70,70232,1,1,8,7,Aux Ruots,47.658035,5.983531
202300020149,4,8,2023,2025-12-05 13:59:00,1,66,66136,2,3,1,3,Adresse_Inconnue,42.72788,2.89501
202300020150,30,5,2023,2025-12-05 17:40:00,1,973,97307,2,2,1,3,Rn 2,4.884138,-52.335767
202300020151,7,8,2023,2025-12-05 19:00:00,1,64,64260,2,1,1,3,Behobie (Rue De),43.35089,-1.78312
202300020152,17,11,2023,2025-12-05 16:55:00,2,66,66167,2,1,1,6,Adresse_Inconnue,42.45692327,2.03751862
202300020153,7,8,2023,2025-12-05 12:24:00,1,64,64483,2,1,1,1,Rd810,43.40371,-1.63319
202300020154,30,5,2023,2025-12-05 18:00:00,1,24,24585,1,2,1,3,D57,44.604402,1.107838
202300020155,31,5,2023,2025-12-05 07:45:00,1,76,76684,1,6,1,3,D910,49.477773,0.45869
202300020156,18,11,2023,2025-12-05 13:05:00,1,50,50589,1,2,2,3,N175,48.577423,-1.448538
202300020157,7,8,2023,2025-12-05 16:15:00,1,64,64335,2,3,1,3,Souvenir Francais Du,43.32234,-0.43715
202300020158,3,5,2023,2025-12-05 19:45:00,2,67,67389,1,9,1,2,M63,48.648319,7.739098
202300020159,7,8,2023,2025-12-05 17:35:00,1,64,64122,2,1,1,3,General De Gaulle (Bd Du),43.48353,-1.55931
202300020160,17,11,2023,2025-12-05 18:15:00,5,64,64386,2,2,1,3,Route De Pau,43.189271,-0.250379
202300020161,31,5,2023,2025-12-05 03:15:00,3,63,63300,1,1,1,6,A71,45.895291,3.153661
202300020162,7,8,2023,2025-12-05 21:27:00,5,63,63113,2,3,1,2,Desaix (Bd)/Nestor Perret,45.77725084,3.08305174
202300020163,31,5,2023,2025-12-05 07:40:00,1,13,13051,1,1,1,2,D10,43.572442,5.156719
202300020164,17,11,2023,2025-12-05 07:10:00,2,73,73105,1,1,1,1,D1006,45.44573206,5.73935636
202300020165,7,8,2023,2025-12-05 22:25:00,5,59,59009,2,2,1,6,Van Gogh Boulevard,50.6202,3.13534
202300020166,30,5,2023,2025-12-05 10:15:00,1,78,78466,1,3,1,6,Route De Quarante Sous (Pont),48.925111,1.991921
202300020167,17,11,2023,2025-12-05 17:55:00,3,18,18141,2,1,2,1,23 Rue Du Richefort,47.117354,2.206587
202300020168,7,8,2023,2025-12-05 14:20:00,1,59,59350,2,3,1,3,Marquillies Rue,50.614,3.052
202300020169,30,5,2023,2025-12-05 18:05:00,1,38,38384,1,1,1,1,Route De Chartreuse,45.347131,5.350631
202300020170,18,11,2023,2025-12-05 13:25:00,1,18,18229,1,1,1,7,Adresse_Inconnue,47.238219,2.381351
202300020171,6,8,2023,2025-12-05 10:20:00,1,54,54304,2,1,2,6,Liberation (Rue De La),48.67851,6.1605
202300020172,2,8,2023,2025-12-05 18:05:00,1,40,40192,2,1,1,2,Houga (Av Du),43.87582,-0.47164
202300020173,29,5,2023,2025-12-05 22:30:00,3,11,11262,1,1,1,2,Adresse_Inconnue,43.16579455,2.99907637
202300020174,18,11,2023,2025-12-05 12:25:00,1,21,21420,2,1,1,1,D14,47.012219,4.581955
202300020175,7,8,2023,2025-12-05 20:00:00,1,37,37261,2,1,1,2,Bert (Quai Paul),47.40187,0.6901
202300020176,31,5,2023,2025-12-05 05:30:00,2,971,97116,2,6,1,6,Rond Point D'Esperance,16.328624,-61.449366
202300020177,7,8,2023,2025-12-05 07:42:00,1,37,37261,2,9,1,3,Courteline (Rue Georges),47.39313,0.67366
202300020178,14,11,2023,2025-12-05 14:45:00,1,40,40286,1,3,1,2,Route D'Arzacq,43.616988,-0.456407
202300020179,29,5,2023,2025-12-05 20:18:00,1,13,13040,1,2,1,1,D96 Angle D56E,43.459792,5.54646
202300020180,18,11,2023,2025-12-05 11:30:00,1,85,85160,1,1,2,1,"Rd 85, Pk 5 + 100",46.5932252,-1.405804
202300020181,31,5,2023,2025-12-05 14:20:00,1,77,77453,1,1,1,6,Rd 408,48.545336,2.722936
202300020182,6,8,2023,2025-12-05 01:12:00,3,14,14333,1,2,1,6,Chemin Du Vallon,49.405828,0.205454
202300020183,31,5,2023,2025-12-05 06:55:00,1,78,78531,1,1,1,2,Autoroute A13 Pk 54+300,49.004008,1.604329
202300020184,17,11,2023,2025-12-05 15:00:00,1,28,28028,1,2,1,3,D110,48.076258,1.55419
202300020185,7,8,2023,2025-12-05 13:45:00,1,13,13206,2,2,1,3,Rome (Rue De),43.29119,5.38079
202300020186,30,5,2023,2025-12-05 01:00:00,3,34,34296,1,1,3,6,D610,43.749645,4.057775
202300020187,7,8,2023,2025-12-05 18:30:00,1,6,6069,2,1,1,1,Bellevue (Boulevard),43.665895,6.931504
202300020188,17,11,2023,2025-12-05 11:30:00,1,37,37273,1,4,1,2,D142,47.386056,0.785555
202300020189,26,5,2023,2025-12-05 18:30:00,1,84,84054,1,1,1,1,2444 Route De Carpentras,43.94543,5.054662
202300020190,18,11,2023,2025-12-05 11:15:00,1,30,30075,1,1,1,1,D999,43.85215195,4.27229333
202300020191,5,8,2023,2025-12-05 16:25:00,1,6,6004,2,2,1,3,Chataigniers Av.Du,43.58092,7.11489
202300020192,30,5,2023,2025-12-05 23:05:00,3,84,84081,2,1,3,6,49 Avenue Pierre De Coubertin,43.935878,4.905363
202300020193,16,11,2023,2025-12-05 22:30:00,3,88,88328,1,1,2,7,Route De Rambervillers,48.321639,6.84209
202300020194,6,8,2023,2025-12-05 17:00:00,1,75,75118,2,4,1,2,Porte De La Chapelle,48.90088492,2.36389518
202300020195,24,5,2023,2025-12-05 18:50:00,1,13,13015,2,3,1,1,Avenue Thiers,43.447066,5.415793
202300020196,7,8,2023,2025-12-05 08:48:00,1,75,75120,2,2,1,3,Rue Alexandre Dumas,48.854365,2.396183
202300020197,30,5,2023,2025-12-05 07:40:00,1,71,71372,2,3,1,3,911 Route Nationale 6,46.182226,4.749307
202300020198,31,5,2023,2025-12-05 07:15:00,1,67,67001,2,1,1,6,Route De Strasbourg,48.583045,7.631754
202300020199,7,8,2023,2025-12-05 14:15:00,1,75,75119,2,1,1,3,Boulevard Serurier,48.87853,2.402559
202300020200,18,11,2023,2025-12-05 05:25:00,3,40,40306,1,1,1,6,A64  Pk 38 Sens Toulouse / Bayonne,43.511024,-1.052155
202300020201,29,5,2023,2025-12-05 10:54:00,1,57,57123,2,1,7,6,202 Rue Principale,49.16798,6.716325
202300020202,7,8,2023,2025-12-05 19:55:00,1,75,75117,2,3,1,3,Rue Jules Bourdais,48.888093,2.299665
202300020203,18,11,2023,2025-12-05 15:30:00,1,988,98817,2,1,1,6,1213 Avenue Des Deux Baies - Pont Des Francais,-22.22101,166.49624
202300020204,31,5,2023,2025-12-05 08:20:00,1,3,3316,2,2,1,3,Route De Paris,46.662102,3.245516
202300020205,7,8,2023,2025-12-05 06:40:00,2,75,75115,2,2,1,3,Rue De La Convention,48.84344,2.282745
202300020206,7,11,2023,2025-12-05 07:15:00,1,971,97128,1,4,1,3,Maudette,16.232838,-61.419386
202300020207,6,8,2023,2025-12-05 16:50:00,1,75,75114,2,3,1,3,Rue Morere,48.825077,2.320531
202300020208,30,5,2023,2025-12-05 20:20:00,1,63,63099,1,2,1,2,"M402/Chemin ""Sous Le Bois""",45.841884,3.08313
202300020209,11,11,2023,2025-12-05 18:20:00,3,77,77477,1,9,2,3,D152,48.337981,2.597119
202300020210,27,5,2023,2025-12-05 11:45:00,1,26,26023,1,1,1,7,Col Du Tourniol,44.939484,5.160055
202300020211,7,8,2023,2025-12-05 19:47:00,1,75,75112,2,3,1,3,Boulevard Soult,48.846174,2.41106
202300020212,17,11,2023,2025-12-05 15:00:00,1,91,91226,1,1,1,4,Rn20,48.495471,2.200195
202300020213,6,8,2023,2025-12-05 21:00:00,2,75,75112,2,2,1,3,Boulevard Poniatowski,48.831803,2.397635
202300020214,31,5,2023,2025-12-05 18:00:00,1,7,7097,2,1,1,5,D222,45.016121,4.836388
202300020215,31,5,2023,2025-12-05 15:45:00,1,69,69094,2,1,1,6,53 Route Du Col De La Luere,45.74854,4.671025
202300020216,18,11,2023,2025-12-05 13:35:00,1,66,66014,1,1,1,7,Adresse_Inconnue,42.765098,2.826136
202300020217,7,8,2023,2025-12-05 18:45:00,1,75,75107,2,3,1,1,Boulevard Raspail,48.852388,2.326466
202300020218,30,5,2023,2025-12-05 15:40:00,1,81,81219,1,1,1,1,N126,43.56919,1.96386
202300020219,6,8,2023,2025-12-05 21:20:00,5,75,75101,2,2,1,3,Rue Des Petits Champs,48.866987,2.33587
202300020220,17,11,2023,2025-12-05 17:00:00,2,21,21390,2,3,1,6,Rue Claus Sluter,47.280514,5.004594
202300020221,31,5,2023,2025-12-05 05:15:00,2,85,85302,1,1,1,2,Rd72,46.95099,-0.971688
202300020222,31,5,2023,2025-12-05 03:45:00,3,72,72154,1,1,1,6,647 Voie De La Liberte,47.694917,-0.107288
202300020223,31,5,2023,2025-12-05 07:20:00,1,61,61182,1,1,1,6,N12 Pr78 + 500,48.460255,-0.07655
202300020224,18,11,2023,2025-12-05 16:00:00,1,63,63284,2,6,1,3,D1093,45.812081,3.240023
202300020225,4,8,2023,2025-12-05 10:42:00,1,94,94033,2,2,1,3,Avenue Du President Roosevelt,48.843018,2.464842
202300020226,6,8,2023,2025-12-05 16:50:00,1,93,93066,2,1,8,2,Avenue Du President Wilson,48.91761978,2.35722587
202300020227,15,11,2023,2025-12-05 08:10:00,1,69,69045,1,2,1,3,Route Des Saint-Etienne,46.082379,4.700933
202300020228,30,5,2023,2025-12-05 16:50:00,1,35,35240,2,1,7,2,Rue Nationale,48.093653,-1.776102
202300020229,7,8,2023,2025-12-05 17:25:00,1,93,93077,2,4,1,6,Rue Aristide Briand / Rue De Villemonble,48.874,2.52978
202300020230,18,11,2023,2025-12-05 00:30:00,3,79,79189,1,1,2,1,Adresse_Inconnue,46.416629,-0.175433
202300020231,30,5,2023,2025-12-05 17:00:00,1,27,27242,2,1,1,1,Rue Des Buissonnets,48.94895,0.817033
202300020232,6,8,2023,2025-12-05 13:40:00,1,93,93029,2,1,1,6,Rue Roger Salengro,48.91772312,2.43614085
202300020233,18,11,2023,2025-12-05 01:10:00,3,33,33049,1,1,1,6,Lieu Dit Lamirand,44.875184,-0.339965
202300020234,30,5,2023,2025-12-05 13:20:00,1,62,62746,2,1,1,1,35 Rue Haffreingue,50.682927,1.623495
202300020235,17,11,2023,2025-12-05 02:15:00,4,29,29046,2,6,2,7,Avenue Pablo Neruda,48.07951695,-4.32940658
202300020236,7,8,2023,2025-12-05 09:30:00,1,93,93027,2,3,1,3,Rue Raspail / Passage Sainte Foix,48.92303184,2.39509678
202300020237,31,5,2023,2025-12-05 09:15:00,1,59,59481,2,1,1,6,2 Route De Bavay,50.25476,3.64646
202300020238,17,11,2023,2025-12-05 07:56:00,2,22,22050,2,1,8,6,56 Rue De Brest,48.452668,-2.058323
202300020239,7,8,2023,2025-12-05 22:15:00,5,93,93005,2,2,1,3,Rue Jules Princet / Rue Du Colonel Moll,48.93670207,2.49715703
202300020240,30,5,2023,2025-12-05 15:20:00,1,83,83123,1,1,1,3,A50,43.14661757,5.77148283
202300020241,15,11,2023,2025-12-05 18:35:00,5,22,22093,2,1,1,1,Place Du Martray,48.469291,-2.515483
202300020242,7,8,2023,2025-12-05 08:40:00,1,92,92063,2,3,1,6,Hugo (Avenue Victor),48.88759496,2.17313898
202300020243,30,5,2023,2025-12-05 09:25:00,1,33,33281,1,1,1,6,Rocade A 630,44.81545,-0.67266
202300020244,7,8,2023,2025-12-05 19:30:00,1,92,92050,2,3,1,3,Foch Marechal Place Du,48.88824233,2.19409543
202300020245,30,5,2023,2025-12-05 18:08:00,1,94,94003,1,1,1,5,A6B,48.80072795,2.34367155
202300020246,17,11,2023,2025-12-05 15:12:00,1,33,33162,1,1,8,2,Rocade A 630,44.87089023,-0.64275384
202300020247,7,8,2023,2025-12-05 12:50:00,1,92,92004,2,1,1,2,Pont De Clichy,48.91014,2.29925
202300020248,30,5,2023,2025-12-05 10:50:00,1,94,94003,1,1,1,2,A6B,48.80048354,2.34369821
202300020249,17,11,2023,2025-12-05 07:15:00,5,33,33550,1,1,2,2,Autoroute A 62,44.77075631,-0.55477738
202300020250,3,1,2023,2025-12-05 23:45:00,5,92,92004,2,3,1,3,Argenteuil Av D',48.91458,2.28318
202300020251,30,5,2023,2025-12-05 10:36:00,1,91,91174,1,1,7,2,Rn 104,48.62345,2.46653
202300020252,30,5,2023,2025-12-05 09:15:00,1,91,91161,1,1,1,7,Autoroute A6,48.700301,2.31081
202300020253,5,8,2023,2025-12-05 20:24:00,1,92,92004,2,1,2,6,Redoute ( Avenue De La  ),48.9299473,2.28339672
202300020254,16,11,2023,2025-12-05 09:08:00,1,33,33063,1,1,2,4,Rocade A 630,44.88015056,-0.5385527
202300020255,17,11,2023,2025-12-05 16:27:00,1,91,91553,1,1,1,7,Rn 104,48.6329,2.5029
202300020256,29,5,2023,2025-12-05 16:00:00,1,92,92064,1,1,1,4,A13,48.83887386,2.1936047
202300020257,8,8,2023,2025-12-05 12:50:00,1,63,63302,1,1,1,1,D979,45.721766,3.159868
202300020258,17,11,2023,2025-12-05 09:25:00,1,94,94021,1,1,2,2,A6B,48.77129754,2.34584423
202300020259,29,5,2023,2025-12-05 10:40:00,1,78,78291,1,1,1,3,A13,48.967866,1.745041
202300020260,8,8,2023,2025-12-05 08:45:00,1,71,71576,1,1,1,2,"Autoroute A6, Pk 362+200, Sens Lyon/Paris",46.525767,4.918377
202300020261,29,5,2023,2025-12-05 17:30:00,1,92,92036,1,1,1,4,Autoroute A15,48.94651571,2.2827709
202300020262,17,11,2023,2025-12-05 10:15:00,1,94,94034,1,1,2,4,A6B,48.75239992,2.33121177
202300020263,6,8,2023,2025-12-05 20:10:00,1,57,57111,1,1,1,2,A4 - Sens Paris/Metz - Pk 309.000,49.195391,6.09458
202300020264,29,5,2023,2025-12-05 08:45:00,1,93,93064,1,1,1,2,Autoroute A103,48.88656,2.48053
202300020265,17,11,2023,2025-12-05 18:00:00,3,78,78402,1,1,1,5,A13,48.965148,1.764426
202300020266,30,5,2023,2025-12-05 15:45:00,1,94,94028,1,1,1,4,A86,48.78050715,2.4413936
202300020267,5,8,2023,2025-12-05 13:20:00,1,35,35121,1,1,8,2,A84,48.24172,-1.45613
202300020268,5,8,2023,2025-12-05 17:50:00,1,29,29302,1,1,1,6,Rn165,48.26612,-4.11532
202300020269,30,5,2023,2025-12-05 08:35:00,1,77,77249,1,1,1,3,Rn104,48.751992,2.614445
202300020270,17,11,2023,2025-12-05 18:00:00,3,78,78238,1,1,1,3,A13,48.970636,1.876598
202300020271,8,8,2023,2025-12-05 07:30:00,2,6,6118,1,6,1,3,"Route De Grasse, Rond Point Jacques Martel",43.650268,6.815976
202300020272,29,5,2023,2025-12-05 14:20:00,1,94,94017,1,1,1,2,A4,48.82931384,2.49951954
202300020273,16,11,2023,2025-12-05 08:29:00,1,78,78029,1,1,3,5,A13W,48.96795,1.857943
202300020274,19,3,2023,2025-12-05 13:50:00,1,43,43089,2,1,2,2,36 Avenue Du Puy,45.045335,3.873709
202300020275,6,8,2023,2025-12-05 23:00:00,3,63,63352,1,1,1,4,"A75, Pk 44+100",45.43693275,3.27224008
202300020276,17,11,2023,2025-12-05 21:30:00,4,95,95277,1,1,1,3,A3,48.98025923,2.49780178
202300020277,17,3,2023,2025-12-05 14:00:00,1,43,43157,2,1,1,2,Avenue Baptiste Marcet,45.02833,3.88433
202300020278,6,8,2023,2025-12-05 07:40:00,1,22,22175,1,1,1,6,D52,48.489989,-2.405834
202300020279,27,2,2023,2025-12-05 16:30:00,1,14,14191,2,1,1,4,Route De Caen,49.31884358,-0.45240195
202300020280,17,11,2023,2025-12-05 11:20:00,1,93,93078,1,1,8,6,Autoroute A104,48.96358,2.52152
202300020281,7,8,2023,2025-12-05 10:40:00,1,41,41149,2,2,7,6,Avenue Gambetta,47.757344,0.871198
202300020282,29,5,2023,2025-12-05 20:40:00,1,69,69387,2,2,1,3,Avenue Felix Faure,45.7521,4.8466
202300020283,16,11,2023,2025-12-05 23:45:00,4,93,93053,1,9,3,3,Autoroute A3,48.89542,2.47057
202300020284,25,5,2023,2025-12-05 14:40:00,1,972,97213,1,1,1,6,Autoroute A1,14.59734,-60.99882
202300020285,7,8,2023,2025-12-05 13:00:00,1,56,56130,1,2,1,3,Kermorvant,47.74156,-3.295276
202300020286,16,11,2023,2025-12-05 22:30:00,3,93,93064,1,1,2,2,Autoroute A86,48.88128,2.475
202300020287,17,11,2023,2025-12-05 17:35:00,2,77,77146,1,1,1,6,A4.Y,48.83216,2.65293
202300020288,17,11,2023,2025-12-05 07:30:00,4,94,94015,1,1,2,2,A4,48.83216525,2.53266592
202300020289,29,5,2023,2025-12-05 06:05:00,1,91,91421,1,1,1,7,Nationale 6 (Partie Foret),48.6895,2.4724
202300020290,17,11,2023,2025-12-05 03:30:00,4,77,77495,1,9,2,2,A105,48.56017,2.64569
202300020291,29,5,2023,2025-12-05 19:30:00,1,69,69275,2,3,1,6,61 Rue Sully,45.76657,4.97438
202300020292,27,5,2023,2025-12-05 19:20:00,1,38,38421,2,2,1,3,Avenue Ambroise Croizat,45.18149,5.76296
202300020293,28,5,2023,2025-12-05 19:40:00,1,67,67482,2,2,1,3,President Wilson (Boulevard),48.58763,7.73861
202300020294,29,5,2023,2025-12-05 08:40:00,1,64,64445,2,1,1,2,Jean Mermoz,43.30775,-0.37661
202300020295,13,3,2023,2025-12-05 11:00:00,1,92,92007,2,1,2,2,Meuniers (Rue Des),48.79757098,2.30895549
202300020296,10,7,2023,2025-12-05 15:15:00,1,13,13210,2,9,1,3,Capelette (Avenue De La),43.28367,5.40081
202300020297,29,5,2023,2025-12-05 23:05:00,5,59,59350,2,3,1,3,Faubourg De Bethune Rue,50.61754,3.02677
202300020298,14,3,2023,2025-12-05 15:50:00,1,41,41194,1,1,1,6,Rue Des Grelets,47.341684,1.738607
202300020299,15,6,2023,2025-12-05 14:30:00,1,93,93077,2,1,1,6,Avenue Du General Gallieni,48.89029,2.50982
202300020300,13,3,2023,2025-12-05 22:09:00,3,69,69289,1,1,2,6,Chemin De La Madone,45.646235,5.00457
202300020301,16,11,2023,2025-12-05 12:10:00,1,976,97611,1,1,1,3,M'Tsapere-M'Tsapere- M'Tsangani ( Rue ),-12.792,45.22133
202300020302,29,5,2023,2025-12-05 19:07:00,1,35,35278,1,1,1,5,Rd 137,48.1701951,-1.71354264
202300020303,12,3,2023,2025-12-05 08:30:00,1,972,97222,2,9,1,1,"D3, Vert Pre",14.692933,-60.974826
202300020304,15,11,2023,2025-12-05 16:05:00,1,974,97416,1,3,1,1,Rn3 (Ancienne Route),-21.294,55.51065
202300020305,12,3,2023,2025-12-05 20:59:00,5,11,11421,2,1,1,6,Adresse_Inconnue,43.216397,2.858607
202300020306,29,5,2023,2025-12-05 18:45:00,1,35,35238,2,1,1,6,Kennedy (Cours John-Fitzgerald),48.12148,-1.71021
202300020307,13,3,2023,2025-12-05 09:30:00,1,83,83100,1,1,1,6,D97,43.275604,6.1227
202300020308,16,11,2023,2025-12-05 08:20:00,1,973,97302,2,1,1,3,Montabo (Route De) 2,4.93622,-52.29634
202300020309,29,5,2023,2025-12-05 19:45:00,1,34,34108,2,1,2,6,Avenue D'Ingril,43.45229,3.80925
202300020310,3,3,2023,2025-12-05 18:30:00,2,84,84062,1,2,1,3,D900,43.872251,5.10433
202300020311,29,5,2023,2025-12-05 23:30:00,5,33,33063,2,1,1,6,Rue Carle Vernet,44.81567,-0.55647
202300020312,14,11,2023,2025-12-05 22:20:00,5,972,97209,1,1,2,7,Rd 41 (Rocade),14.617,-61.04168
202300020313,14,3,2023,2025-12-05 02:45:00,3,65,65265,1,1,1,6,Route De Tarbes,43.228755,0.159263
202300020314,12,3,2023,2025-12-05 23:30:00,3,63,63404,1,1,1,6,Autoroute A75- Sens Sud/Nord - Point Kilometrique:24+400,45.592575,3.236563
202300020315,16,11,2023,2025-12-05 11:35:00,1,2B,2B037,1,6,1,2,D 82,42.5949,9.43858
202300020316,29,5,2023,2025-12-05 22:00:00,5,33,33529,2,3,1,3,Poilus (Rue Des),44.62899,-1.15154
202300020317,16,11,2023,2025-12-05 13:34:00,1,971,97101,1,9,1,3,Albert Leogane - Terrasson (Rue),16.249853,-61.49692655
202300020318,10,3,2023,2025-12-05 11:35:00,1,83,83140,1,1,6,3,Dn7 Pk 22+960,43.406733,5.938792
202300020319,29,5,2023,2025-12-05 13:52:00,1,25,25462,2,2,1,6,Saint Etienne Faubourg,46.90028,6.36102
202300020320,16,11,2023,2025-12-05 08:57:00,1,971,97113,1,1,1,6,Section Cocoyer,16.23253,-61.47909
202300020321,14,3,2023,2025-12-05 09:40:00,1,56,56184,1,1,1,3,Lezadan,47.679175,-2.3962
202300020322,15,11,2023,2025-12-05 15:30:00,1,971,97101,2,1,1,1,Route De Bouliqui,16.25828,-61.45541
202300020323,29,5,2023,2025-12-05 12:40:00,1,13,13210,2,2,1,3,Florian ( Rond Point),43.28523252,5.42603447
202300020324,13,3,2023,2025-12-05 19:45:00,3,76,76093,1,1,3,1,D916,49.421508,1.64095
202300020325,15,11,2023,2025-12-05 08:20:00,1,971,97113,1,3,1,3,Rn4 - Section Riviera,16.2085,-61.46751
202300020326,29,5,2023,2025-12-05 20:05:00,1,10,10387,2,6,1,3,Boulevard Georges Pompidou,48.28788381,4.08091021
202300020327,16,11,2023,2025-12-05 11:20:00,1,95,95582,2,2,3,3,D909,48.96311,2.26024
202300020328,29,5,2023,2025-12-05 17:05:00,1,10,10343,2,6,1,3,Allee Du Chateau Des Cours,48.2718,4.09084
202300020329,14,3,2023,2025-12-05 06:36:00,2,80,80080,1,2,3,3,D1029,49.875493,2.843085
202300020330,16,11,2023,2025-12-05 17:15:00,5,95,95598,2,6,2,6,D109E,48.99046138,2.29642153
202300020331,13,3,2023,2025-12-05 05:20:00,3,81,81276,1,1,2,7,Route De Montauban,43.914303,1.678591
202300020332,29,5,2023,2025-12-05 22:18:00,5,6,6088,2,2,1,3,Cimiez (Bd) A Partir Du 16-17,43.71343,7.27163
202300020333,13,11,2023,2025-12-05 07:30:00,3,95,95127,2,1,3,6,Oise (Boulevard De L'),49.04289,2.01785
202300020334,29,5,2023,2025-12-05 03:29:00,5,6,6088,2,1,1,7,Quai Lunel,43.69433,7.28281
202300020335,16,11,2023,2025-12-05 16:50:00,1,91,91103,2,9,2,6,Rue De La Paix,48.60857,2.30532
202300020336,26,2,2023,2025-12-05 03:30:00,3,32,32020,2,1,1,6,D555,43.435762,0.270946
202300020337,12,3,2023,2025-12-05 15:50:00,1,32,32305,1,1,1,6,Departementale 33,43.83397,-0.047035
202300020338,29,5,2023,2025-12-05 18:05:00,1,75,75120,2,1,1,4,Bd Peripherique Interieur,48.855447,2.413826
202300020339,16,11,2023,2025-12-05 18:50:00,5,91,91114,2,2,2,3,Av Kruger,48.6849,2.4964
202300020340,28,5,2023,2025-12-05 22:35:00,5,75,75116,2,1,1,3,Bd Peripherique Interieur,48.854539,2.254923
202300020341,13,3,2023,2025-12-05 07:45:00,1,71,71543,2,3,1,3,627 Avenue Henri Et Suzanne Vitrier,46.568151,4.893261
202300020342,16,11,2023,2025-12-05 07:30:00,5,91,91687,2,9,3,3,Gabriel Peri (Avenue),48.67953,2.37552
202300020343,28,5,2023,2025-12-05 07:41:00,1,75,75119,2,1,1,2,Bd Peripherique Exterieur,48.890069,2.396274
202300020344,16,11,2023,2025-12-05 07:40:00,4,91,91027,2,1,3,6,Rue Edouard Vaillant,48.7057,2.39328
202300020345,12,3,2023,2025-12-05 15:00:00,1,63,63393,2,4,1,3,Avenue Des Bruyeres,45.890781,3.597406
202300020346,16,11,2023,2025-12-05 18:05:00,5,91,91223,2,6,2,6,Rd 191,48.44166,2.13733
202300020347,29,5,2023,2025-12-05 12:00:00,1,75,75116,2,2,1,7,Avenue Paul Doumer,48.85971,2.27853
202300020348,14,3,2023,2025-12-05 09:00:00,1,12,12198,1,1,3,6,D911,44.312798,2.235181
202300020349,29,5,2023,2025-12-05 08:15:00,1,75,75115,2,3,1,6,Rue Theodore Deck,48.83741933,2.2899735
202300020350,16,11,2023,2025-12-05 01:22:00,5,87,87085,2,2,1,3,Garibaldi (Avenue),45.8318,1.26245
202300020351,14,3,2023,2025-12-05 12:45:00,1,47,47315,1,1,3,1,D911,44.43727907,0.86586178
202300020352,29,5,2023,2025-12-05 20:55:00,1,75,75113,2,1,1,6,Boulevard Kellermann,48.819233,2.358215
202300020353,15,11,2023,2025-12-05 18:06:00,1,87,87113,1,1,1,1,Anguernaud,45.88322,1.32408
202300020354,13,3,2023,2025-12-05 09:00:00,1,47,47138,1,1,1,3,Paradis,44.253891,0.777492