num_acc,jour,mois,an,hrmn,lum,dep,com,agg,int,atm,col,adr,lat,long
202300020355,29,5,2023,2025-12-05 16:55:00,1,75,75112,2,1,1,3,Avenue Daumesnil   Saint Mande,48.83382,2.41582
202300020356,13,3,2023,2025-12-05 09:15:00,1,39,39367,1,1,1,6,10 Rue De L'Europe,46.545698,6.017284
202300020357,15,11,2023,2025-12-05 16:30:00,1,85,85194,2,6,1,6,Dingler (Quai Jules),46.49497,-1.79436
202300020358,29,5,2023,2025-12-05 11:50:00,1,75,75110,2,2,1,1,Place Franz Liszt,48.877916,2.351624
202300020359,15,11,2023,2025-12-05 17:45:00,1,84,84007,2,1,1,3,Amandier (Avenue De L'),43.9474,4.85586
202300020360,13,3,2023,2025-12-05 17:30:00,1,44,44091,1,2,1,3,Route De Vay,47.572634,-1.694904
202300020361,28,5,2023,2025-12-05 22:00:00,2,75,75110,2,1,1,3,Avenue Claude Vellefaux,48.873046,2.370026
202300020362,15,11,2023,2025-12-05 08:05:00,1,84,84007,2,1,1,3,Poncet (Rue Paul),43.92859,4.81974
202300020363,11,3,2023,2025-12-05 12:54:00,1,29,29081,2,1,2,1,27 Rue Du Docteur Jacq,48.363025,-3.742511
202300020364,28,5,2023,2025-12-05 16:56:00,1,75,75108,2,2,1,3,Place De La Concorde,48.866781,2.322098
202300020365,14,3,2023,2025-12-05 18:50:00,2,29,29171,2,1,1,6,D785,47.84089379,-4.28463766
202300020366,15,11,2023,2025-12-05 14:25:00,1,83,83137,2,3,9,3,Bonfante,43.14172,5.8922
202300020367,28,5,2023,2025-12-05 19:50:00,1,94,94074,2,1,1,6,3 Rue Du 11 Novembre 1918,48.7497,2.4676
202300020368,28,5,2023,2025-12-05 19:00:00,2,93,93055,2,3,1,6,Avenue Jean Lolive / Rue Auger,48.89078883,2.40075157
202300020369,16,11,2023,2025-12-05 12:05:00,1,81,81163,2,3,2,3,Richarde,43.4978558,2.3929611
202300020370,14,3,2023,2025-12-05 14:15:00,1,38,38517,2,1,2,3,381 Route De Saint-Quentin,45.297509,5.499768
202300020371,14,11,2023,2025-12-05 13:40:00,1,80,80021,2,1,3,6,Vanmarcke (Rue),49.89653,2.30144
202300020372,28,5,2023,2025-12-05 23:05:00,5,93,93051,2,1,1,2,26 Avenue Du General De Gaulle,48.84607,2.5588
202300020373,13,3,2023,2025-12-05 19:25:00,3,72,72377,1,1,2,6,D41,47.75419075,-0.10163713
202300020374,29,5,2023,2025-12-05 02:30:00,5,93,93046,2,3,1,3,Avenue Aristide Briand / Avenue Camille Desmoulins,48.91249,2.52245
202300020375,15,11,2023,2025-12-05 10:49:00,1,78,78586,2,2,1,3,Jouhaux (Leon),48.949102,2.193659
202300020376,14,3,2023,2025-12-05 07:30:00,1,72,72071,2,9,2,3,76 Rue Aristide Briand,47.69583,0.41747
202300020377,29,5,2023,2025-12-05 18:20:00,1,93,93047,2,7,1,3,Boulevard Bargue / Rue Notre Dame Des Anges,48.9004241,2.55683452
202300020378,29,5,2023,2025-12-05 15:00:00,1,93,93047,2,3,1,1,Rue Picasso / Avenue Paul Cezanne,48.90322188,2.56028894
202300020379,16,11,2023,2025-12-05 15:35:00,1,77,77284,2,3,2,6,Fusilliers (Rue Des),48.95321,2.88013
202300020380,12,3,2023,2025-12-05 17:50:00,1,6,6113,1,1,1,3,Route Des Cabrolles,43.797206,7.478714
202300020381,29,5,2023,2025-12-05 15:21:00,1,93,93008,2,9,1,3,Rue Henri Gautier,48.90499403,2.42647358
202300020382,29,5,2023,2025-12-05 16:24:00,1,92,92063,2,1,1,6,Miribel (Rue Du General De),48.86144,2.17059
202300020383,12,3,2023,2025-12-05 14:15:00,1,14,14032,1,1,1,6,Route De Bonneville - Rd534,49.28631858,0.29824915
202300020384,16,11,2023,2025-12-05 13:35:00,1,77,77058,2,2,2,3,Andre Malraux (Avenue),48.84162,2.71905
202300020385,29,5,2023,2025-12-05 16:37:00,1,92,92050,2,1,1,6,Boulevard Aime Cesaire,48.89512296,2.22789198
202300020386,13,3,2023,2025-12-05 20:30:00,3,5,5010,1,1,1,7,994B,44.53833906,5.78430498
202300020387,29,5,2023,2025-12-05 12:40:00,1,92,92048,2,1,1,6,Trivaux (Avenue De) Ndeg 9,48.79889061,2.23311737
202300020388,13,3,2023,2025-12-05 09:05:00,1,5,5170,1,1,1,7,230 Avenue Pierre Bernard Reymond,44.45831,6.03453
202300020389,16,11,2023,2025-12-05 08:40:00,1,77,77243,2,3,2,3,Raymond Poincare  (Avenue),48.8747,2.72324
202300020390,30,5,2023,2025-12-05 08:15:00,1,76,76342,1,1,1,3,365 Chemin De La Cayenne,49.656867,0.545199
202300020391,12,3,2023,2025-12-05 18:40:00,2,16,16334,1,1,2,7,Peudry,45.359737,0.096222
202300020392,16,11,2023,2025-12-05 23:20:00,5,76,76540,2,1,2,6,Rue De Lillebonne,49.44704,1.06493
202300020393,14,3,2023,2025-12-05 10:00:00,1,40,40132,1,1,3,6,4263 Route De Habas,43.565397,-0.942791
202300020394,30,5,2023,2025-12-05 09:30:00,1,39,39097,2,3,1,3,25 Rue Clemenceau,46.743747,5.915639
202300020395,16,11,2023,2025-12-05 19:15:00,5,76,76681,2,2,8,3,Rue Pierre Corneille,49.42123,1.09268
202300020396,30,5,2023,2025-12-05 07:59:00,1,80,80016,2,3,7,6,Rue Paul Bert,50.000961,2.651605
202300020397,13,3,2023,2025-12-05 08:45:00,1,23,23173,1,1,1,3,D941,45.985158,1.831037
202300020398,29,5,2023,2025-12-05 18:45:00,1,54,54307,2,1,1,3,3 Grande Rue,48.43592407,6.24867797
202300020399,16,11,2023,2025-12-05 09:45:00,1,74,74118,2,3,2,1,De Gaulle (Rue Charles),46.166207,6.188913
202300020400,29,5,2023,2025-12-05 06:40:00,2,86,86034,1,1,1,6,D12,46.370204,0.593054
202300020401,12,3,2023,2025-12-05 01:20:00,3,1,1024,1,1,2,6,Adresse_Inconnue,46.26174779,5.16357958
202300020402,29,5,2023,2025-12-05 02:30:00,3,2A,2A348,1,1,1,6,Rd 70,42.158671,8.756474
202300020403,15,11,2023,2025-12-05 07:55:00,1,72,72181,2,9,1,6,Maignant Albert (Rue) Ndeg Imp,48.00541,0.20398
202300020404,27,5,2023,2025-12-05 14:35:00,1,52,52300,2,1,1,6,09 Grande Rue,48.513728,5.003347
202300020405,14,3,2023,2025-12-05 11:00:00,1,37,37131,1,1,1,1,D952,47.43606102,1.02063417
202300020406,16,11,2023,2025-12-05 14:10:00,1,71,71081,2,1,8,3,Paris (Rue  De),46.8163,4.84011
202300020407,28,5,2023,2025-12-05 11:21:00,1,22,22048,1,1,1,1,La Brousse,48.487714,-2.230203
202300020408,13,3,2023,2025-12-05 08:20:00,1,1,1213,1,1,1,6,A42 - Pk 037+150 Vers Lyon,45.937897,5.284843
202300020409,16,11,2023,2025-12-05 17:55:00,5,69,69266,2,8,8,3,20 Avenue Albert Einstein,45.78354137,4.8832178
202300020410,28,5,2023,2025-12-05 22:30:00,4,41,41194,2,1,1,6,Rue Porte Aux Dames,47.360517,1.746939
202300020411,7,2,2023,2025-12-05 08:20:00,2,6,6085,2,1,1,6,Avenue General De Gaulle,43.608708,7.009452
202300020412,16,11,2023,2025-12-05 12:15:00,1,69,69264,2,1,1,6,Avenue Saint-Exupery,45.99086,4.71109
202300020413,30,5,2023,2025-12-05 13:05:00,1,28,28425,1,1,1,6,A11 Pk 041+700,48.503185,1.703439
202300020414,13,3,2023,2025-12-05 19:00:00,3,49,49308,1,1,2,4,A87N,47.4043,-0.510269
202300020415,30,5,2023,2025-12-05 15:45:00,1,23,23193,1,1,1,7,La Planche,46.13953,1.906943
202300020416,16,11,2023,2025-12-05 02:55:00,3,69,69290,1,1,1,6,357 Route De Grenoble,45.72362,4.93821
202300020417,30,5,2023,2025-12-05 13:05:00,1,67,67163,1,6,1,7,D31,48.704098,7.556107
202300020418,13,3,2023,2025-12-05 05:00:00,3,988,98832,1,1,1,6,Route Du Carenage - Rm10,-22.25516,166.83526
202300020419,15,11,2023,2025-12-05 12:05:00,1,69,69029,1,1,1,5,Boulevard De L'Universite,45.72416,4.92204
202300020420,30,5,2023,2025-12-05 08:10:00,1,35,35208,1,1,1,4,N137 Pk030.200,47.96552889,-1.69084847
202300020421,13,3,2023,2025-12-05 21:30:00,3,973,97311,1,1,1,3,Avenue Christophe Colomb,5.446811,-54.041877
202300020422,16,11,2023,2025-12-05 17:20:00,5,67,67482,2,3,3,3,Lyon (Boulevard De),48.57502,7.73378
202300020423,28,5,2023,2025-12-05 05:30:00,3,974,97404,1,1,1,2,Route Nationale 1 97427,-21.283536,55.370793
202300020424,30,5,2023,2025-12-05 07:45:00,1,84,84134,1,1,1,2,Rd 93,44.181207,4.887163
202300020425,14,11,2023,2025-12-05 18:15:00,5,67,67482,2,6,2,2,Belges (Quai Des),48.57468201,7.77650499
202300020426,13,2,2023,2025-12-05 15:25:00,1,973,97311,1,1,1,7,Route De Saint Jean,5.443746,-54.03868
202300020427,30,5,2023,2025-12-05 15:50:00,1,51,51028,1,1,7,2,D9,49.075887,4.06051
202300020428,15,11,2023,2025-12-05 19:20:00,3,66,66136,1,1,1,3,Adresse_Inconnue,42.7118,2.96297
202300020429,12,3,2023,2025-12-05 20:55:00,5,971,97116,2,1,1,3,Nationale 6,16.336016,-61.459236
202300020430,16,11,2023,2025-12-05 19:50:00,3,64,64260,2,1,2,6,Nouvelle (Rue),43.35433,-1.77434
202300020431,28,5,2023,2025-12-05 10:10:00,1,56,56168,1,1,7,2,Voie Verte Littorale Ndeg5,47.589487,-3.132999
202300020432,29,5,2023,2025-12-05 17:45:00,1,76,76719,1,1,1,7,D10,49.743164,0.525627
202300020433,15,11,2023,2025-12-05 09:15:00,1,64,64445,2,1,1,2,Catherine De Bourbon,43.3209,-0.35885
202300020434,13,3,2023,2025-12-05 18:20:00,2,971,97129,1,1,1,3,N2,16.29295,-61.670675
202300020435,16,11,2023,2025-12-05 21:30:00,3,64,64122,2,9,1,7,Pitchot (Rue De),43.46486,-1.53516
202300020436,30,5,2023,2025-12-05 09:30:00,1,79,79170,1,1,1,1,Adresse_Inconnue,46.193334,-0.661497
202300020437,13,3,2023,2025-12-05 15:45:00,1,45,45173,2,1,3,1,17 Route D'Orleans,47.86225,2.112069
202300020438,16,11,2023,2025-12-05 14:07:00,1,63,63300,1,1,6,2,Rd 2009-Contournement Est De Riom,45.9046647,3.12815334
202300020439,27,5,2023,2025-12-05 17:30:00,1,65,65394,1,1,1,6,Chemin De La Bourdette,43.078725,0.526978
202300020440,11,3,2023,2025-12-05 21:15:00,3,77,77005,1,6,2,6,D404,48.91634631,2.71175388
202300020441,15,11,2023,2025-12-05 07:30:00,2,62,62842,2,1,8,3,Route De Wingles,50.47841,2.85885
202300020442,27,5,2023,2025-12-05 10:00:00,1,65,65343,1,1,1,7,Route De Batsurguere,43.068449,-0.06875
202300020443,13,3,2023,2025-12-05 19:35:00,5,78,78089,2,1,2,6,6 Rue Lazare Carnot,49.035958,1.576808
202300020444,12,11,2023,2025-12-05 16:40:00,2,62,62498,2,1,2,6,D947,50.44358,2.81971
202300020445,14,3,2023,2025-12-05 08:25:00,1,2A,2A247,1,1,1,2,Route De Muratello,41.59314,9.22247
202300020446,30,5,2023,2025-12-05 17:15:00,1,32,32395,1,1,1,5,Bordeneuve,43.991209,0.674822
202300020447,11,3,2023,2025-12-05 12:10:00,1,30,30085,1,1,1,7,Adresse_Inconnue,43.933042,4.473538
202300020448,15,11,2023,2025-12-05 18:25:00,5,56,56121,2,1,2,2,Saint-Christophe ( Pont ),47.76084,-3.36494
202300020449,12,3,2023,2025-12-05 16:15:00,1,6,6147,2,1,1,6,528 Boulevard Leon Sauvan,43.786646,7.27164
202300020450,30,5,2023,2025-12-05 17:48:00,1,71,71364,1,4,1,6,D996,46.828537,5.169228
202300020451,15,11,2023,2025-12-05 10:45:00,1,54,54526,2,2,8,2,Rue De La Fraternite,48.693463,6.211991
202300020452,13,3,2023,2025-12-05 14:00:00,1,10,10338,1,1,1,4,Adresse_Inconnue,48.498575,4.136932
202300020453,14,11,2023,2025-12-05 19:15:00,3,54,54373,1,1,3,1,Rn4,48.568065,6.540635
202300020454,12,3,2023,2025-12-05 16:00:00,1,73,73153,1,1,1,7,D1212,45.732778,6.421015
202300020455,16,11,2023,2025-12-05 21:20:00,5,54,54270,2,1,2,2,Rue Du Marechal Foch,49.49665,5.8684
202300020456,13,3,2023,2025-12-05 15:12:00,1,73,73030,1,4,1,6,D11,45.575131,5.980639
202300020457,16,11,2023,2025-12-05 17:52:00,3,51,51454,2,6,2,6,Nice (Rue De),49.26016,4.06336
202300020458,13,3,2023,2025-12-05 16:49:00,1,38,38407,1,1,6,6,Route Du Col,45.324868,5.655942
202300020459,14,3,2023,2025-12-05 08:45:00,1,26,26064,1,6,9,7,D119,44.93816473,4.97562915
202300020460,15,11,2023,2025-12-05 09:55:00,1,50,50218,2,3,2,2,Mesnil (Rue Du),48.83961,-1.56675
202300020461,13,3,2023,2025-12-05 12:20:00,1,7,7324,2,3,1,6,Quai Farconnet,45.069766,4.828529
202300020462,15,11,2023,2025-12-05 22:15:00,5,49,49007,2,1,1,6,Lize,47.49074,-0.56439
202300020463,15,11,2023,2025-12-05 10:20:00,1,49,49007,2,1,1,2,Meignanne,47.48194,-0.57722
202300020464,12,3,2023,2025-12-05 00:05:00,3,1,1213,1,1,2,2,D1084,45.92155,5.269135
202300020465,11,3,2023,2025-12-05 09:20:00,1,69,69227,1,1,2,6,Route Departementale 122,45.646883,4.55703
202300020466,16,11,2023,2025-12-05 19:20:00,5,45,45208,2,6,8,3,2 Rue Du Port,48.00033159,2.7303063
202300020467,13,3,2023,2025-12-05 11:00:00,1,64,64407,2,1,1,1,Avenue Des Platanes,43.478491,-1.434134
202300020468,16,11,2023,2025-12-05 23:00:00,5,44,44109,2,1,1,6,5 Rue Paul Bellamy,47.22094,-1.55552
202300020469,13,9,2023,2025-12-05 08:00:00,1,79,79191,2,1,1,3,Adresse_Inconnue,46.331101,-0.47055
202300020470,16,11,2023,2025-12-05 10:25:00,1,44,44109,2,1,2,3,Pont Anne De Bretagne,47.20893,-1.56641
202300020471,13,3,2023,2025-12-05 16:40:00,1,62,62318,2,1,1,2,D939,50.511373,1.646256
202300020472,13,9,2023,2025-12-05 10:05:00,1,77,77284,2,9,1,3,Raoult (Cours),48.958398,2.882363
202300020473,13,3,2023,2025-12-05 15:35:00,1,62,62318,2,2,1,3,Avenue Du Vieux Moulin,50.520248,1.649328
202300020474,5,9,2023,2025-12-05 10:15:00,1,74,74012,2,9,1,6,Blanc (Rue Rene),46.19336,6.23627
202300020475,13,3,2023,2025-12-05 09:15:00,1,13,13071,1,1,1,2,A7-Sens Marseille Vers Lyon,43.403534,5.343686
202300020476,16,11,2023,2025-12-05 12:10:00,1,43,43157,2,9,2,7,Rue Henri Dunant,45.03472,3.88724
202300020477,11,3,2023,2025-12-05 20:50:00,3,33,33080,1,1,1,6,Autoroute A 62,44.73113576,-0.53018689
202300020478,9,9,2023,2025-12-05 18:50:00,1,73,73065,2,9,1,3,Piaf Edith (Allee),45.599429,5.92071
202300020479,12,9,2023,2025-12-05 14:00:00,1,42,42218,2,1,1,6,Cours Fauriel,45.42394,4.40842
202300020480,11,3,2023,2025-12-05 13:05:00,1,33,33039,1,1,3,5,Rocade A 630,44.79391,-0.53971
202300020481,13,9,2023,2025-12-05 09:53:00,1,69,69286,2,4,2,6,Rue Hector Berlioz,45.8157,4.8951
202300020482,12,9,2023,2025-12-05 08:35:00,1,69,69029,2,4,8,3,44 Avenue Jules Mas,45.73828,4.91059
202300020483,10,3,2023,2025-12-05 17:25:00,1,33,33063,1,1,2,4,Rocade A 630,44.8830799,-0.55390298
202300020484,16,11,2023,2025-12-05 16:30:00,2,38,38185,2,1,1,6,Rue Pierre Semard,45.18866,5.71501
202300020485,13,3,2023,2025-12-05 09:45:00,1,91,91064,1,1,2,2,Rn 118,48.753548,2.223305
202300020486,13,9,2023,2025-12-05 21:35:00,5,65,65440,2,2,1,3,Avenue Alsace Lorraine,43.24445,0.07334
202300020487,16,11,2023,2025-12-05 13:13:00,1,38,38053,2,1,1,6,Impasse De La Plaine,45.60175,5.26635
202300020488,13,3,2023,2025-12-05 17:55:00,2,92,92036,1,1,1,4,A86,48.93391754,2.27790653
202300020489,13,9,2023,2025-12-05 15:18:00,1,65,65286,2,1,1,6,Marqui (Avenue Alexandre),43.10251,-0.04345
202300020490,13,3,2023,2025-12-05 07:50:00,2,78,78321,1,1,1,2,Rn12 Int,48.7976,1.9113
202300020491,13,3,2023,2025-12-05 00:30:00,3,95,95582,1,1,3,6,A115,48.97440712,2.24318997
202300020492,13,9,2023,2025-12-05 16:10:00,1,64,64445,2,6,1,3,Alfred Nobel,43.31875,-0.30739
202300020493,16,11,2023,2025-12-05 08:45:00,1,37,37122,2,1,2,2,Rd 37,47.34072015,0.66353354
202300020494,11,3,2023,2025-12-05 23:50:00,3,95,95527,1,1,2,6,A1,48.99210087,2.51284602
202300020495,13,9,2023,2025-12-05 08:00:00,1,64,64102,2,1,2,6,Bab (Boulevard),43.49621,-1.48534
202300020496,11,3,2023,2025-12-05 15:50:00,1,95,95306,1,1,1,2,A15,49.00512685,2.1657448
202300020497,16,11,2023,2025-12-05 09:55:00,1,37,37261,2,3,2,6,Desmoulins (Rue Camille),47.38769,0.70311
202300020498,11,3,2023,2025-12-05 01:55:00,3,95,95527,1,1,1,2,A1,48.99210087,2.51284602
202300020499,16,11,2023,2025-12-05 08:30:00,1,37,37261,2,1,2,2,Victoire (Rue De La),47.39595,0.67716
202300020500,13,9,2023,2025-12-05 16:40:00,1,63,63070,1,1,2,2,D2089,45.73076,3.06949
202300020501,10,3,2023,2025-12-05 18:15:00,1,93,93005,1,1,1,4,Autoroute A1,48.96199218,2.46989183
202300020502,13,9,2023,2025-12-05 07:20:00,1,59,59090,1,1,1,6,Langevin (Avenue Paul),50.7165,3.1318
202300020503,9,3,2023,2025-12-05 16:45:00,1,93,93013,1,1,1,2,Autoroute A1,48.94156576,2.42856033
202300020504,16,11,2023,2025-12-05 07:55:00,4,35,35150,1,1,2,6,Monet (Bd Jean De La),48.3688,-1.2021
202300020505,9,3,2023,2025-12-05 13:00:00,1,93,93027,1,1,8,3,Autoroute A86,48.92724936,2.41911829
202300020506,11,9,2023,2025-12-05 06:00:00,2,57,57221,2,1,1,6,Pascal (Rue),49.3333,6.1167
202300020507,10,11,2023,2025-12-05 12:00:00,1,35,35115,2,2,8,1,Republique (Place),48.35038367,-1.1953935
202300020508,9,3,2023,2025-12-05 08:20:00,1,95,95351,1,1,1,6,Rn 104,49.0435424,2.47942176
202300020509,13,9,2023,2025-12-05 07:35:00,2,56,56083,2,2,1,3,Pasteur ( Avenue ),47.80235,-3.28434
202300020510,9,3,2023,2025-12-05 04:35:00,3,93,93027,1,1,3,6,Bdl,48.92672,2.40249
202300020511,12,9,2023,2025-12-05 18:55:00,1,56,56121,2,1,7,3,Jaures ( Ave Jean ),47.74533,-3.36957
202300020512,9,3,2023,2025-12-05 06:20:00,5,95,95572,1,1,1,6,Rn 184,49.03385084,2.11134575
202300020513,8,3,2023,2025-12-05 11:45:00,1,93,93005,1,1,2,2,Autoroute A3,48.95286423,2.47371465
202300020514,16,11,2023,2025-12-05 19:50:00,5,34,34172,2,1,1,2,Einstein (Avenue Albert,43.60536,3.90117
202300020515,12,9,2023,2025-12-05 16:35:00,1,56,56121,2,6,1,2,Kennedy ( Et Rd-Pt Du President ),47.76416,-3.38089
202300020516,9,3,2023,2025-12-05 05:10:00,3,95,95042,1,1,1,6,Rn 104,49.05685485,2.28809664
202300020517,12,9,2023,2025-12-05 08:00:00,1,56,56098,2,1,1,6,Pont Du Bonhomme,47.766894,-3.30904
202300020518,8,3,2023,2025-12-05 14:20:00,1,93,93064,1,1,3,4,Autoroute A86,48.88182,2.47348
202300020519,12,9,2023,2025-12-05 13:00:00,1,54,54395,2,1,1,2,Avenue De Boufflers,48.68974686,6.15914047
202300020520,16,11,2023,2025-12-05 13:50:00,1,34,34172,2,1,8,2,Poutingon (Chemin De),43.58498,3.85584
202300020521,8,3,2023,2025-12-05 10:30:00,1,92,92036,1,1,2,6,A86,48.93701,2.29203
202300020522,8,3,2023,2025-12-05 04:45:00,3,95,95582,1,1,3,3,A15,48.9660499,2.25742944
202300020523,12,9,2023,2025-12-05 09:00:00,1,54,54184,2,1,1,4,Route De L'Amezule,48.71597,6.24144
202300020524,12,3,2023,2025-12-05 23:30:00,3,94,94073,1,1,2,7,A86,48.77011469,2.38223272
202300020525,16,11,2023,2025-12-05 08:15:00,1,34,34172,2,3,2,3,Orient (Boulevard D'),43.60322,3.88798
202300020526,12,9,2023,2025-12-05 07:43:00,1,51,51454,2,2,1,3,Pompelle (Rue),49.251963,4.051232
202300020527,9,3,2023,2025-12-05 17:30:00,1,94,94017,1,1,2,2,A4,48.8268961,2.5128995
202300020528,16,11,2023,2025-12-05 17:50:00,5,33,33281,2,1,2,6,Avenue De La Somme - Arret De Bus,44.82912,-0.66371
202300020529,11,9,2023,2025-12-05 20:00:00,5,51,51454,2,2,1,3,Vasnier (Boulevard Henri) Cote Pair,49.24604,4.0468
202300020530,8,3,2023,2025-12-05 15:30:00,1,77,77175,1,1,3,6,Rn104,48.67223736,2.6113282
202300020531,12,3,2023,2025-12-05 01:10:00,3,13,13005,2,1,1,6,Cd 2 (Camp Major),43.28698,5.53215
202300020532,12,9,2023,2025-12-05 17:45:00,1,49,49246,1,1,1,2,A87N,47.43619,-0.50933
202300020533,12,3,2023,2025-12-05 13:45:00,1,974,97411,2,1,2,7,Vinh-San (Bld 1 Du Prince),-20.88744,55.44094
202300020534,12,9,2023,2025-12-05 10:45:00,1,49,49007,2,1,2,7,Basse Chaine Pont,47.47054,-0.56353
202300020535,11,3,2023,2025-12-05 07:00:00,1,974,97411,2,1,1,6,Mongaillard (Route De),-20.90486,55.46654
202300020536,16,11,2023,2025-12-05 14:27:00,1,33,33318,2,3,2,3,Avenue Antoine Becquerel,44.790446,-0.6503579
202300020537,5,9,2023,2025-12-05 16:20:00,1,46,46042,1,1,1,1,Departementale 820,44.42776,1.43591
202300020538,30,1,2023,2025-12-05 07:50:00,5,37,37233,2,9,1,3,Stalingrad (Avenue),47.39059,0.73872
202300020539,12,3,2023,2025-12-05 20:45:00,5,69,69383,2,2,1,3,Rue Paul Bert,45.75702,4.85471
202300020540,29,1,2023,2025-12-05 20:40:00,5,34,34172,2,1,1,3,46 Rue Adam De Craponne,43.60498,3.86491
202300020541,13,9,2023,2025-12-05 17:43:00,1,45,45147,2,3,1,3,126Bis Rue Des Fosses,47.93102,1.92752
202300020542,6,3,2023,2025-12-05 18:45:00,5,95,95555,2,6,8,6,Boulevard De L'Entente,48.97402,2.27427
202300020543,25,1,2023,2025-12-05 15:24:00,1,34,34003,2,6,1,6,1 Rond Point Des Vignerons,43.30883,3.47681
202300020544,12,9,2023,2025-12-05 17:15:00,1,43,43041,2,1,2,7,14 Route Du Monteil,45.05170519,3.92107343
202300020545,12,3,2023,2025-12-05 16:25:00,1,91,91687,2,2,1,6,Jean Jaures (Rue),48.684,2.377
202300020546,30,1,2023,2025-12-05 07:50:00,1,33,33318,2,2,1,3,Avenue De Noes,44.81074,-0.65038
202300020547,13,9,2023,2025-12-05 07:29:00,1,38,38516,2,3,2,3,Chartreuse (Route De) 34 A Fin,45.20775,5.74141
202300020548,12,3,2023,2025-12-05 10:23:00,1,83,83069,2,3,1,1,Madrague (Route De La),43.04286,6.13981
202300020549,16,11,2023,2025-12-05 12:45:00,1,33,33119,2,1,1,4,Avenue Carnot,44.86063,-0.52947
202300020550,13,9,2023,2025-12-05 16:10:00,1,37,37214,2,1,1,6,Voisin (Boulevard Andre-Georges),47.42722,0.6579
202300020551,12,3,2023,2025-12-05 20:30:00,3,78,78418,2,1,3,1,Sartrouvillee (Route De),48.91144,2.16158
202300020552,30,1,2023,2025-12-05 08:00:00,2,33,33063,2,3,1,3,Rue D'Ornano,44.83362,-0.59088
202300020553,12,9,2023,2025-12-05 17:10:00,1,37,37122,2,1,1,3,Cugnot (Rue Joseph),47.34316277,0.63700211
202300020554,12,3,2023,2025-12-05 16:40:00,1,64,64189,1,1,1,2,Ascain (Route D'),43.37331,-1.64632
202300020555,30,1,2023,2025-12-05 07:40:00,2,31,31555,2,3,1,3,Fronton (Av De) Du 1Au 176,43.63567268,1.43320218
202300020556,13,9,2023,2025-12-05 20:24:00,2,35,35238,2,1,1,3,Flandre (De),48.123,-1.70753
202300020557,12,3,2023,2025-12-05 01:40:00,5,59,59352,1,1,9,7,Quesnoy (Rue),50.73634,3.06815
202300020558,30,1,2023,2025-12-05 09:00:00,1,30,30028,2,1,1,1,Rue Du 8 Mai 1945,44.155,4.6126
202300020559,16,11,2023,2025-12-05 12:07:00,1,33,33162,2,1,6,6,125 Avenue Du Taillan-Medoc,44.87799,-0.64417
202300020560,12,3,2023,2025-12-05 05:01:00,5,45,45004,2,6,2,6,318 Rue Du Vernisson,47.980323,2.729122
202300020561,30,1,2023,2025-12-05 17:10:00,1,28,28085,2,1,8,3,Saint Brice (Rue),48.43666,1.4924
202300020562,12,3,2023,2025-12-05 21:30:00,5,44,44109,2,1,2,6,1 Rue Eugene Varlin,47.20728,-1.57251
202300020563,13,9,2023,2025-12-05 09:20:00,1,35,35238,2,1,1,4,Armorique (Bd D'),48.12946541,-1.67936057
202300020564,23,1,2023,2025-12-05 10:15:00,1,21,21231,2,8,1,6,Bourroches (Des) (Boulevard),47.305157,5.023296
202300020565,11,3,2023,2025-12-05 17:11:00,1,37,37261,2,3,8,3,Strauss (Rue Johann),47.36833,0.71032
202300020566,30,1,2023,2025-12-05 08:00:00,2,13,13213,2,1,9,2,Saint Paul (Avenue),43.32754312,5.40747336
202300020567,13,9,2023,2025-12-05 22:15:00,5,33,33063,2,3,1,3,Rue Esprit-Des-Lois,44.84341,-0.57011
202300020568,30,1,2023,2025-12-05 08:55:00,1,9,9207,2,1,7,6,Paris (Av De),42.93374,1.63385
202300020569,12,3,2023,2025-12-05 11:00:00,1,33,33119,2,2,2,3,Rue Du Marechal Joffre,44.85357,-0.53189
202300020570,13,9,2023,2025-12-05 20:55:00,5,31,31555,2,1,1,6,All Forain Francois Verdier,43.6002,1.45233
202300020571,12,3,2023,2025-12-05 07:30:00,2,33,33522,2,1,2,6,Chemin Benedigues,44.79784,-0.58316
202300020572,30,1,2023,2025-12-05 13:45:00,1,6,6069,2,3,1,3,Carnot (Boulevard Et Traverse),43.656447,6.92271
202300020573,13,9,2023,2025-12-05 18:35:00,1,29,29232,2,6,1,3,52 Route De Guengat,48.00406,-4.12158
202300020574,12,3,2023,2025-12-05 04:40:00,5,31,31555,2,1,2,3,173 Avenue Des Minimes,43.62642,1.43398
202300020575,30,1,2023,2025-12-05 07:25:00,2,6,6029,2,1,1,6,Gourguettes (Rue Des),43.57404,6.95953
202300020576,13,9,2023,2025-12-05 16:30:00,1,29,29019,2,3,1,6,Rue Colbert,48.38882,-4.4869
202300020577,12,3,2023,2025-12-05 12:45:00,1,29,29051,1,1,2,6,Kerveguen,48.02441,-3.97883
202300020578,29,1,2023,2025-12-05 20:25:00,5,974,97409,2,1,3,3,Letchis(Rue),-20.97345,55.65637
202300020579,8,9,2023,2025-12-05 15:45:00,1,17,17028,2,6,1,6,Republique   Boulevard De La,46.13971,-1.14523
202300020580,12,3,2023,2025-12-05 23:55:00,5,25,25056,2,2,1,3,Blum Boulevard Leon (Sup 90),47.259368,6.028752
202300020581,28,1,2023,2025-12-05 17:00:00,1,974,97409,2,3,1,6,Lefaguyes (Chemin),-20.94461,55.68212