num_acc,jour,mois,an,hrmn,lum,dep,com,agg,int,atm,col,adr,lat,long
202300020582,14,11,2023,2025-12-05 10:50:00,1,29,29232,2,1,2,1,Route De Douarnenez,47.99907235,-4.13923895
202300020583,28,1,2023,2025-12-05 13:40:00,1,973,97302,2,1,2,6,Monnerville (Avenue Gaston),4.93696446,-52.3333472
202300020584,12,3,2023,2025-12-05 14:20:00,1,25,25056,2,2,1,2,Chopin Rue Frederic,47.262511,6.040198
202300020585,11,9,2023,2025-12-05 05:20:00,2,15,15014,2,1,1,6,N 122,44.91175,2.44855
202300020586,12,3,2023,2025-12-05 15:25:00,1,13,13054,2,3,1,3,Combattants Afn 52 62 (Av Des ),43.40523,5.223
202300020587,29,1,2023,2025-12-05 18:40:00,5,69,69387,2,1,1,4,39 Avenue Leclerc,45.7378,4.82466
202300020588,13,9,2023,2025-12-05 15:40:00,1,13,13005,1,1,1,1,Rd 43 C,43.30685,5.59229
202300020589,12,3,2023,2025-12-05 00:15:00,5,13,13054,2,3,1,3,Figueres (Rue Des ),43.41669,5.20976
202300020590,29,1,2023,2025-12-05 18:30:00,5,69,69386,2,3,1,1,Avenue Verguin,45.77262,4.85657
202300020591,12,9,2023,2025-12-05 17:55:00,1,10,10362,1,1,1,7,Rd 660,48.28955,3.99168
202300020592,29,1,2023,2025-12-05 17:25:00,1,972,97213,1,1,1,3,Autoroute A1,14.60362,-61.00146
202300020593,12,3,2023,2025-12-05 02:30:00,3,13,13103,1,1,1,3,Route D'Arles-Rn 113,43.63041,5.07946
202300020594,29,1,2023,2025-12-05 18:30:00,5,972,97209,2,4,2,3,Victor Lamon (Avenue),14.60262,-61.0567
202300020595,12,3,2023,2025-12-05 17:00:00,1,13,13203,2,1,1,1,Felix Pyat (Rue),43.3139,5.37638
202300020596,12,9,2023,2025-12-05 21:30:00,5,10,10321,2,2,1,1,General Leclerc (Rue Du),48.29146,4.0341
202300020597,12,3,2023,2025-12-05 15:20:00,1,13,13205,2,1,1,3,Jean Moulin (Boulevard),43.29035,5.39996
202300020598,12,3,2023,2025-12-05 02:44:00,5,13,13212,2,1,1,1,Trois Lucs A La Valentine (Route),43.30847,5.47566
202300020599,29,1,2023,2025-12-05 21:20:00,5,69,69389,2,2,1,3,27 Rue De La Grange,45.77005,4.80455
202300020600,12,9,2023,2025-12-05 08:35:00,1,10,10265,2,9,1,6,Avenue Du General Sarrail,48.30653,4.04102
202300020601,12,3,2023,2025-12-05 10:15:00,1,6,6069,2,6,1,3,Sidi Brahim (Avenue),43.64975,6.93162
202300020602,11,3,2023,2025-12-05 17:20:00,1,6,6069,2,1,1,6,Moulin De Brun (Chemin Et Traverse Du),43.65394,6.94419
202300020603,16,11,2023,2025-12-05 20:15:00,5,25,25056,2,9,2,3,Bregille  Pont,47.237939,6.032519
202300020604,10,3,2023,2025-12-05 15:25:00,1,5,5061,2,9,8,6,Embrun ( Avenue D'),44.56837,6.09902
202300020605,29,1,2023,2025-12-05 05:05:00,5,69,69202,2,1,1,6,84 Avenue Valioud,45.73788,4.80558
202300020606,15,2,2023,2025-12-05 12:40:00,1,4,4070,2,6,1,6,Noel (Av. Du Col.),44.07702,6.18697
202300020607,13,9,2023,2025-12-05 11:00:00,1,6,6083,2,1,1,2,Delattre De Tassigny (Allee),43.78599,7.49443
202300020608,12,3,2023,2025-12-05 18:20:00,2,1,1283,2,1,1,6,Echallon (Rue D'),46.258617,5.66148
202300020609,29,1,2023,2025-12-05 07:00:00,1,971,97101,1,1,1,6,Dugazon,16.2515285,-61.51585758
202300020610,10,3,2023,2025-12-05 22:10:00,5,75,75116,2,1,1,3,Porte D Auteuil,48.849723,2.252205
202300020611,12,3,2023,2025-12-05 01:15:00,5,75,75120,2,2,2,3,Rue Alexandre Dumas,48.854745,2.397522
202300020612,9,9,2023,2025-12-05 11:40:00,1,5,5061,2,6,1,2,Silos ( Rue Des ),44.56595,6.08741
202300020613,12,3,2023,2025-12-05 02:45:00,5,75,75108,2,7,2,5,Rond Point Champs Elysees,48.869283,2.309185
202300020614,28,1,2023,2025-12-05 16:00:00,1,971,97113,1,1,1,1,Morne Salines,16.20906,-61.44732
202300020615,11,3,2023,2025-12-05 15:00:00,1,75,75115,2,3,1,3,Rue De L Abbe Groult,48.838896,2.297633
202300020616,13,9,2023,2025-12-05 13:05:00,1,4,4070,1,1,1,7,Marcoux ( Rte De ),44.1074,6.25862
202300020617,12,3,2023,2025-12-05 19:05:00,5,75,75112,2,1,1,6,Boulevard De Picpus,48.846549,2.400308
202300020618,28,1,2023,2025-12-05 18:45:00,5,95,95572,2,1,1,3,Rue Pierre Godet,49.045241,2.107638
202300020619,12,3,2023,2025-12-05 12:10:00,1,75,75112,2,1,1,2,Avenue Daumesnil,48.83768061,2.42555916
202300020620,12,9,2023,2025-12-05 17:10:00,1,75,75117,2,1,2,5,Bd Peripherique Interieur,48.89736,2.312431
202300020621,12,3,2023,2025-12-05 03:00:00,5,75,75107,2,7,2,7,Place Du President Mithouard,48.850859,2.314349
202300020622,29,1,2023,2025-12-05 14:35:00,1,91,91286,2,2,1,5,Emile Alliaud (Avenue),48.648,2.375
202300020623,12,9,2023,2025-12-05 17:30:00,1,75,75112,2,1,2,4,Bd Peripherique Exterieur,48.831344,2.404078
202300020624,12,3,2023,2025-12-05 22:40:00,5,94,94074,2,1,2,2,Avenue Henri Barbusse,48.764515,2.441914
202300020625,29,1,2023,2025-12-05 08:20:00,1,91,91479,2,1,1,2,Rte De Fontainebleau,48.70859,2.37135
202300020626,12,9,2023,2025-12-05 17:00:00,1,75,75116,2,1,2,3,Porte D Auteuil,48.849763,2.252406
202300020627,12,3,2023,2025-12-05 19:10:00,1,94,94077,2,2,1,1,Rue Du Marechal Gallieni / Avenue Du Role Prolongee,48.74255779,2.42224717
202300020628,29,1,2023,2025-12-05 18:10:00,3,91,91223,2,1,1,1,Rue Du Lt Colonel Arnaud Beltrame,48.44763,2.13855
202300020629,6,9,2023,2025-12-05 09:55:00,1,75,75120,2,1,1,4,Porte Des Lilas,48.872526,2.412676
202300020630,29,1,2023,2025-12-05 21:20:00,5,69,69266,2,1,1,3,144 Rue Leon Blum,45.76049,4.90496
202300020631,11,3,2023,2025-12-05 22:20:00,5,94,94018,2,4,2,3,Quai De Bercy,48.82099318,2.40117386
202300020632,13,9,2023,2025-12-05 21:15:00,5,75,75120,2,2,1,3,Rue Evariste Galois,48.873073,2.413374
202300020633,12,3,2023,2025-12-05 18:54:00,2,93,93066,2,4,1,6,Rue Maurice Thorez / Rue Max Jacob,48.943192,2.352717
202300020634,29,1,2023,2025-12-05 20:35:00,5,69,69264,2,2,1,3,Rue Philippe Heron,45.98906,4.70854
202300020635,12,9,2023,2025-12-05 07:40:00,1,75,75120,2,2,1,6,Avenue De La Porte De Montreuil,48.853753,2.412035
202300020636,28,1,2023,2025-12-05 17:20:00,1,62,62617,2,1,1,3,Rue Du General Moussy,50.4673,2.6755
202300020637,12,3,2023,2025-12-05 16:15:00,1,93,93077,2,1,1,4,Rue Laennec,48.88194,2.4946
202300020638,12,9,2023,2025-12-05 02:30:00,5,75,75120,2,3,1,1,Rue Des Pyrenees,48.853979,2.405729
202300020639,29,1,2023,2025-12-05 09:45:00,1,60,60057,2,6,1,3,Rue De Saint Just,49.43392,2.06204
202300020640,13,9,2023,2025-12-05 10:10:00,1,75,75113,2,3,1,3,Avenue Pierre De Coubertin,48.816817,2.344116
202300020641,12,3,2023,2025-12-05 21:08:00,5,93,93008,2,3,2,7,Avenue Paul Vaillant - Couturier / Rue Pablo Picasso,48.909,2.44967
202300020642,29,1,2023,2025-12-05 15:15:00,1,59,59350,2,2,1,5,Montebello Boulevard Ndeg Reste,50.623862,3.043175
202300020643,11,3,2023,2025-12-05 11:00:00,1,92,92047,2,1,1,6,Raymond Poincare,48.8382546,2.18255746
202300020644,13,9,2023,2025-12-05 13:25:00,1,75,75110,2,4,8,3,Boulevard De La Villette,48.881936,2.370053
202300020645,29,1,2023,2025-12-05 10:40:00,1,59,59560,2,3,1,6,De Girard Phillipe Rue,50.54746987,3.03302318
202300020646,12,3,2023,2025-12-05 16:45:00,1,92,92026,2,9,1,3,Mission Marchand (Cote Pair),48.89997891,2.23986968
202300020647,13,9,2023,2025-12-05 08:40:00,1,75,75103,2,2,1,1,Rue Beaubourg,48.86375,2.354884
202300020648,29,1,2023,2025-12-05 02:00:00,5,59,59122,2,1,1,6,Paris (Avenue De),50.15394179,3.2220633
202300020649,13,9,2023,2025-12-05 07:50:00,2,94,94038,2,1,8,6,Avenue Henri Barbusse,48.77685,2.32686
202300020650,22,12,2023,2025-12-05 15:25:00,1,93,93053,1,1,8,2,Autoroute A3,48.89707199,2.46965129
202300020651,28,1,2023,2025-12-05 07:30:00,5,50,50502,2,1,2,3,Carentan,49.12007,-1.09515
202300020652,11,3,2023,2025-12-05 09:51:00,1,92,92026,2,3,1,3,Gambetta,48.89364719,2.24850789
202300020653,13,9,2023,2025-12-05 14:50:00,1,94,94033,2,1,8,3,Avenue Victor Hugo,48.859114,2.477688
202300020654,29,1,2023,2025-12-05 21:18:00,5,49,49007,2,2,1,3,Vauban Avenue,47.45946,-0.56026
202300020655,12,3,2023,2025-12-05 22:21:00,5,92,92023,2,1,2,7,Henri Becquerel (Rue),48.78554097,2.25397021
202300020656,12,9,2023,2025-12-05 20:00:00,2,94,94028,2,2,8,3,Av Du Mal De Lattre De Tassigny,48.79638,2.45777
202300020657,29,1,2023,2025-12-05 19:20:00,5,47,47001,2,3,1,6,Dumon (Bd Sylvain),44.20796,0.62081
202300020658,12,3,2023,2025-12-05 11:10:00,1,92,92002,2,3,1,3,Alexis De Tocqueville ((Rue),48.7337,2.31439
202300020659,12,9,2023,2025-12-05 07:45:00,1,94,94019,2,1,1,6,Rue De Champigny,48.80212966,2.52458324
202300020660,29,1,2023,2025-12-05 18:55:00,5,45,45232,2,9,1,6,643 Rue De La Reine Blanche,47.870032,1.888824
202300020661,13,9,2023,2025-12-05 09:09:00,1,94,94071,2,6,1,3,Boulevard De La Liberte,48.76111,2.54905
202300020662,12,3,2023,2025-12-05 17:00:00,1,58,58227,2,1,1,4,Route De Saint-Sauveur,47.534041,3.074498
202300020663,28,1,2023,2025-12-05 14:50:00,1,42,42218,2,3,2,1,Rue De La Pareille,45.43903,4.3793
202300020664,22,12,2023,2025-12-05 14:00:00,1,95,95572,1,1,1,5,N184,49.0453204,2.12995684
202300020665,10,3,2023,2025-12-05 21:50:00,3,89,89411,1,1,2,6,Rue De La Grenouillere,48.208202,3.475156
202300020666,13,9,2023,2025-12-05 18:35:00,1,93,93064,2,1,1,3,Rue Jules Ferry,48.875007,2.478388
202300020667,22,12,2023,2025-12-05 09:10:00,1,93,93010,1,1,2,7,Autoroute A3,48.9027,2.47078
202300020668,12,3,2023,2025-12-05 18:00:00,1,34,34175,1,1,1,7,D908,43.606639,3.373318
202300020669,29,1,2023,2025-12-05 04:35:00,3,41,41018,2,1,1,7,Moulin (Rue Jean),47.58,1.325
202300020670,13,9,2023,2025-12-05 08:40:00,1,93,93066,2,9,1,6,Fort De La Briche,48.94509048,2.34213098
202300020671,1,8,2023,2025-12-05 16:25:00,1,41,41067,2,6,2,6,D765,47.517273,1.450388
202300020672,11,3,2023,2025-12-05 23:30:00,3,39,39452,2,3,1,6,Grande Rue,47.144331,5.726289
202300020673,29,1,2023,2025-12-05 00:15:00,5,37,37214,2,2,8,3,Fleurie (Rue),47.40514,0.67262
202300020674,13,9,2023,2025-12-05 20:30:00,5,93,93013,2,2,1,6,Rue Du Commandant Rolland / Avenue De La Division Leclerc,48.93473,2.42615
202300020675,12,3,2023,2025-12-05 12:15:00,1,44,44038,1,1,2,7,11 La Rousselais,47.158184,-2.0346
202300020676,29,1,2023,2025-12-05 06:50:00,3,35,35238,1,1,1,6,Rn136,48.08525,-1.69918
202300020677,12,3,2023,2025-12-05 09:15:00,1,29,29008,1,1,1,7,D7,48.067125,-4.561129
202300020678,12,9,2023,2025-12-05 19:00:00,1,93,93014,2,2,2,6,Allee De Gagny /  Allee De Montfermeil,48.89927,2.5467
202300020679,17,12,2023,2025-12-05 09:50:00,1,974,97416,2,1,1,6,Pere Maitre(Rue Du),-21.2859,55.4695
202300020680,27,1,2023,2025-12-05 13:59:00,1,35,35115,2,6,1,3,Saint James (Route De),48.3673683,-1.20870262
202300020681,13,9,2023,2025-12-05 19:04:00,1,92,92050,2,1,1,3,Zilina Rue De,48.89780571,2.19210997
202300020682,10,3,2023,2025-12-05 12:00:00,1,6,6085,2,2,6,3,Chemin Du Camp Lauvas,43.613525,6.998955
202300020683,13,9,2023,2025-12-05 17:33:00,1,92,92050,2,1,1,6,Arago Francois Avenue,48.89936062,2.22183287
202300020684,29,1,2023,2025-12-05 19:00:00,5,31,31555,1,1,1,1,Rue Jean Gibert,43.64737,1.41821
202300020685,12,3,2023,2025-12-05 03:35:00,5,83,83081,2,1,1,7,Route De Draguignan,43.599554,6.784884
202300020686,29,1,2023,2025-12-05 12:50:00,1,22,22360,1,1,1,6,Rd700,48.46638,-2.77772
202300020687,14,8,2023,2025-12-05 15:30:00,1,92,92050,2,1,1,3,Boulevard De La Defense,48.89679592,2.22939402
202300020688,21,12,2023,2025-12-05 17:20:00,1,974,97411,2,1,1,5,Jaures (Boulevard Jean),-20.89185,55.46733
202300020689,29,1,2023,2025-12-05 11:50:00,1,17,17306,2,1,1,6,Cormorans (Des),45.63776,-1.028549
202300020690,13,9,2023,2025-12-05 12:30:00,1,92,92040,2,1,1,3,Pont D Issy,48.82999316,2.26012874
202300020691,12,3,2023,2025-12-05 22:20:00,3,81,81131,1,2,1,3,Route D?Albi,43.892835,2.0005084
202300020692,21,12,2023,2025-12-05 14:20:00,1,974,97411,2,9,1,2,Vinh-San (Bld 1 Du Prince),-20.88836,55.44524
202300020693,13,9,2023,2025-12-05 17:55:00,1,92,92025,2,2,1,6,Charles De Gaulle (Bd),48.91452777,2.22919106
202300020694,28,1,2023,2025-12-05 13:50:00,1,15,15014,2,1,1,6,Avenue Des Volontaires,44.91439,2.44085
202300020695,13,3,2023,2025-12-05 07:45:00,2,33,33042,1,1,1,2,Route D'Arcachon,44.525028,-0.80492
202300020696,13,9,2023,2025-12-05 09:20:00,1,92,92024,2,1,8,2,General Roguet (Rue Du) De (1 A 57)   (2,48.90463,2.31293
202300020697,29,1,2023,2025-12-05 18:00:00,5,13,13211,2,1,1,6,Emmanuel Allard (Rue),43.29017,5.44159703
202300020698,11,3,2023,2025-12-05 19:45:00,3,62,62235,1,1,1,1,D240,50.65381876,1.64606394
202300020699,12,9,2023,2025-12-05 20:50:00,1,92,92004,2,3,1,2,Voltaire ( Bd ),48.91757422,2.28579104
202300020700,21,12,2023,2025-12-05 16:30:00,1,974,97407,2,2,1,3,Commune De Paris (Avenue),-20.9376,55.2906
202300020701,10,3,2023,2025-12-05 08:47:00,1,13,13001,1,1,1,4,A51-Sens Aix En Provence Vers Marseille,43.51633118,5.42813151
202300020702,29,1,2023,2025-12-05 11:50:00,1,13,13203,2,2,1,3,Strasbourg (Boulevard),43.3090358,5.37842167
202300020703,13,9,2023,2025-12-05 09:50:00,1,92,92004,2,1,1,6,Aulagnier ( Quai ),48.91318046,2.30725855
202300020704,10,3,2023,2025-12-05 07:45:00,1,13,13071,1,1,1,6,A7-Sens Marseille Vers Lyon,43.4044,5.31605
202300020705,29,1,2023,2025-12-05 15:40:00,1,75,75108,2,2,1,3,Avenue Hoche,48.875218,2.298486
202300020706,20,12,2023,2025-12-05 22:40:00,5,974,97407,2,1,1,6,Murat Chanoine(Rue),-20.93595,55.29558
202300020707,13,9,2023,2025-12-05 11:25:00,1,76,76281,1,2,1,3,D484,49.524954,0.5819
202300020708,9,3,2023,2025-12-05 17:15:00,1,13,13071,1,1,1,4,A7-Sens Marseille Vers Lyon,43.412891,5.281422
202300020709,29,1,2023,2025-12-05 23:10:00,5,75,75118,2,2,1,2,Rue D Aubervilliers,48.898663,2.370398
202300020710,13,9,2023,2025-12-05 17:15:00,1,65,65139,2,1,1,6,9 Route De Brouque,42.957447,0.579304
202300020711,21,12,2023,2025-12-05 19:10:00,5,69,69386,2,2,2,6,Rue Duquesne,45.77232,4.84311
202300020712,3,3,2023,2025-12-05 17:00:00,1,13,13216,1,1,1,2,A55-Sens Martigues Vers Marseille,43.36626,5.33185
202300020713,29,1,2023,2025-12-05 17:35:00,5,75,75117,2,2,1,6,Rue De Rome,48.88212,2.320452
202300020714,11,9,2023,2025-12-05 07:10:00,3,17,17131,2,2,1,3,23 Route De Royan,45.583579,-0.836699
202300020715,10,3,2023,2025-12-05 17:30:00,1,67,67482,1,1,1,2,M351,48.58585,7.72204
202300020716,29,1,2023,2025-12-05 18:45:00,5,75,75108,2,1,1,2,Rue De Berri,48.873256,2.305635
202300020717,22,7,2023,2025-12-05 16:15:00,1,84,84069,2,1,1,3,Route De Carpentras,44.170539,5.126688
202300020718,30,1,2023,2025-12-05 09:00:00,1,75,75115,2,3,8,6,Rue De Vaugirard,48.839918,2.302513
202300020719,9,3,2023,2025-12-05 11:00:00,1,33,33167,1,1,1,5,Route Nationale 230,44.837146,-0.500532
202300020720,21,12,2023,2025-12-05 19:40:00,5,69,69386,2,1,2,6,Quai General Sarrail,45.76745,4.84131
202300020721,12,9,2023,2025-12-05 11:09:00,1,83,83148,2,1,1,6,Rue Celestin Gayol,43.42727,6.431562
202300020722,30,1,2023,2025-12-05 09:20:00,1,75,75114,2,2,2,3,Boulevard Brune,48.82780508,2.30523258
202300020723,14,9,2023,2025-12-05 09:50:00,1,19,19250,1,1,1,6,A20 - Pk 227.580,45.50746087,1.5137066
202300020724,12,3,2023,2025-12-05 09:25:00,1,91,91363,1,1,1,7,Rn 104,48.645,2.19448
202300020725,21,12,2023,2025-12-05 12:30:00,1,972,97213,1,1,1,6,Departementale 28,14.63209,-60.96454
202300020726,30,1,2023,2025-12-05 13:15:00,1,75,75113,2,3,1,2,Avenue De La Porte De Vitry,48.82297372,2.37781852
202300020727,13,9,2023,2025-12-05 18:55:00,1,65,65010,1,1,1,7,D817,43.197277,0.15456
202300020728,12,3,2023,2025-12-05 00:35:00,3,91,91570,1,1,1,6,Rn 104,48.62556,2.31474
202300020729,30,1,2023,2025-12-05 21:50:00,5,75,75112,2,5,1,2,Echangeur Bercy,48.82799931,2.39009231
202300020730,11,3,2023,2025-12-05 23:41:00,3,91,91235,1,1,2,1,Rn 104,48.6254,2.35359
202300020731,14,9,2023,2025-12-05 14:45:00,1,30,30299,1,3,1,1,Route De Bagnols,44.023334,4.461672
202300020732,30,1,2023,2025-12-05 19:55:00,5,75,75110,2,2,1,6,Rue De Paradis,48.875322,2.350935
202300020733,21,12,2023,2025-12-05 02:55:00,5,69,69385,2,2,1,3,Rue Joliot Curie,45.75443836,4.78234248
202300020734,5,9,2023,2025-12-05 22:45:00,5,34,34270,2,1,1,6,Rue Maryse Hilsz,43.55976,3.839818
202300020735,10,3,2023,2025-12-05 21:44:00,3,94,94021,1,1,1,2,A6A,48.76366514,2.34209856
202300020736,30,1,2023,2025-12-05 18:10:00,5,75,75104,2,3,1,6,Rue Vieille Du Temple,48.857271,2.357366
202300020737,14,9,2023,2025-12-05 09:15:00,1,61,61400,1,1,5,6,Autoroute A28,48.529216,0.159677
202300020738,9,3,2023,2025-12-05 19:05:00,3,91,91689,1,1,2,4,Autoroute A6B,48.738841,2.319588
202300020739,29,1,2023,2025-12-05 20:00:00,5,75,75112,2,2,1,3,Avenue Daumesnil,48.83497651,2.41978884
202300020740,30,8,2023,2025-12-05 17:39:00,1,56,56032,1,3,1,3,La Motte,47.962027,-2.268036
202300020741,30,1,2023,2025-12-05 19:31:00,5,94,94074,2,1,1,2,Avenue Henri Barbusse,48.76819604,2.44083522
202300020742,12,9,2023,2025-12-05 11:15:00,1,79,79133,1,1,1,7,Adresse_Inconnue,46.471796,-0.43033
202300020743,9,3,2023,2025-12-05 15:00:00,1,91,91689,1,1,2,4,Autoroute A6,48.73253,2.31578
202300020744,20,12,2023,2025-12-05 18:10:00,5,2B,2B033,2,1,1,4,11 - Rt,42.67194,9.44358
202300020745,9,3,2023,2025-12-05 12:40:00,1,94,94065,1,1,1,3,A106,48.74919633,2.3570081
202300020746,30,1,2023,2025-12-05 02:33:00,5,94,94037,2,2,1,3,Rue Du Val De Marne,48.816787,2.348635
202300020747,14,9,2023,2025-12-05 11:50:00,1,65,65108,1,3,7,3,Rue De Bigorre,43.290264,0.094038
202300020748,30,1,2023,2025-12-05 17:10:00,1,94,94073,2,3,2,7,Av Du Pdt Franklin Roosevelt / Rue Victor Hugo,48.765605,2.396555
202300020749,11,3,2023,2025-12-05 16:28:00,1,78,78545,1,1,1,2,A12 W,48.81531,2.06172
202300020750,21,12,2023,2025-12-05 08:30:00,1,971,97120,2,1,1,6,Chanzy (Boulevard),16.24166,-61.53804
202300020751,8,9,2023,2025-12-05 12:15:00,1,81,81120,1,3,1,3,Hameau Du Reclot,43.521026,2.300123
202300020752,30,1,2023,2025-12-05 17:15:00,1,93,93055,2,3,1,3,Rue Victor Hugo / Rue Des Berges,48.89346,2.41122
202300020753,10,3,2023,2025-12-05 09:20:00,1,78,78158,1,1,2,2,A13,48.839853,2.116323
202300020754,14,9,2023,2025-12-05 16:25:00,1,71,71310,1,1,1,2,70,46.74718601,4.49083853
202300020755,10,3,2023,2025-12-05 00:49:00,3,92,92050,1,1,2,3,A86,48.8924951,2.18633917
202300020756,30,1,2023,2025-12-05 09:30:00,1,93,93048,2,3,8,3,Rue Paul Doumer / Rue Lenain De Tillemont,48.86144979,2.4561055
202300020757,6,12,2023,2025-12-05 13:11:00,1,95,95210,2,3,1,1,Depart (Rue Du),48.97486,2.30447
202300020758,14,9,2023,2025-12-05 20:20:00,3,71,71050,1,2,1,2,Bourgvilain,46.362863,4.626698
202300020759,9,3,2023,2025-12-05 08:45:00,1,92,92050,1,1,1,3,A86,48.91454622,2.21938482
202300020760,30,1,2023,2025-12-05 08:20:00,1,93,93010,2,1,1,4,Avenue Gallieni,48.905706,2.477485
202300020761,14,9,2023,2025-12-05 12:05:00,1,89,89100,1,1,1,2,Les Morteaux,48.188366,2.990813
202300020762,30,1,2023,2025-12-05 19:50:00,5,92,92046,2,1,1,7,De Stalingrad,48.81327,2.29043
202300020763,8,3,2023,2025-12-05 16:30:00,1,78,78640,1,1,3,3,Rn12 Int,48.781684,2.16636
202300020764,13,9,2023,2025-12-05 13:20:00,1,63,63430,2,1,1,6,68 Avenue Leo Lagrange,45.846794,3.527814
202300020765,20,1,2023,2025-12-05 19:20:00,5,92,92064,2,3,1,6,Mont Valerien,48.853315,2.21588
202300020766,14,9,2023,2025-12-05 15:40:00,1,61,61075,1,1,1,7,D207,48.510594,-0.612093
202300020767,21,12,2023,2025-12-05 03:25:00,3,95,95018,2,1,2,6,Karl Marx (Boulevard),48.94718707,2.25654781
202300020768,8,3,2023,2025-12-05 20:00:00,5,93,93066,1,1,2,2,Autoroute A1,48.90491893,2.35845923
202300020769,14,9,2023,2025-12-05 10:15:00,1,12,12120,2,3,1,6,Avenue Joseph Lautard,44.38327,2.82199
202300020770,8,3,2023,2025-12-05 13:45:00,1,93,93063,1,1,2,4,Autoroute A3,48.87911188,2.44890332
202300020771,14,9,2023,2025-12-05 14:40:00,1,2,2307,1,3,1,3,Adresse_Inconnue,49.186265,3.121421
202300020772,21,12,2023,2025-12-05 08:19:00,5,87,87050,2,2,2,6,Gare (Avenue De La) Rd125,45.88345314,1.24332297
202300020773,29,1,2023,2025-12-05 18:25:00,5,92,92051,2,2,1,2,"Perronet (Rue, Ndeg1 A 91 Et 2 A 108)",48.88433191,2.27819699
202300020774,12,3,2023,2025-12-05 15:45:00,1,75,75112,1,1,1,3,A4,48.822587,2.462849
202300020775,14,9,2023,2025-12-05 08:02:00,1,2,2602,2,3,1,1,43 Rue De La Vendee,49.48391,3.452186
202300020776,30,1,2023,2025-12-05 20:30:00,5,92,92062,2,2,1,3,Perronet Nord Et Sud,48.89097,2.239534
202300020777,20,12,2023,2025-12-05 22:00:00,5,87,87085,2,3,1,2,Louyat (Avenue De),45.84726,1.2586
202300020778,12,3,2023,2025-12-05 06:20:00,3,94,94044,1,1,2,6,N406,48.7580093,2.47075818
202300020779,13,9,2023,2025-12-05 18:12:00,1,1,1294,1,1,1,6,Route De Savoie,45.683574,5.686455
202300020780,28,1,2023,2025-12-05 03:10:00,5,92,92004,2,1,1,2,Aulagnier ( Quai ),48.91716959,2.3195824
202300020781,2,9,2023,2025-12-05 01:30:00,3,26,26261,1,1,1,7,Route De Chantemerle Les Grignan,44.432763,4.849252
202300020782,10,3,2023,2025-12-05 22:00:00,3,77,77146,1,9,1,2,A4.Y,48.83097823,2.63889488
202300020783,27,1,2023,2025-12-05 23:30:00,5,92,92004,2,1,1,3,Argenteuil Ndeg 176 A 388,48.92329314,2.27599946
202300020784,13,9,2023,2025-12-05 16:40:00,1,58,58021,1,1,1,7,D195,46.768087,3.216891
202300020785,31,1,2023,2025-12-05 08:30:00,1,95,95052,2,1,1,6,67 Rue Edmond Turcq,49.144487,2.294853
202300020786,10,9,2023,2025-12-05 15:15:00,1,27,27174,1,1,1,7,D675,49.349506,0.601544
202300020787,28,1,2023,2025-12-05 11:45:00,1,95,95052,2,1,1,6,16 Rue Edouard Bourchy,49.142121,2.288296
202300020788,13,9,2023,2025-12-05 05:20:00,3,88,88334,1,1,1,6,Rue Clement De Boulay,48.337168,6.006909
202300020789,10,3,2023,2025-12-05 20:45:00,3,77,77296,1,1,8,4,Adresse_Inconnue,48.63126055,2.62880408
202300020790,30,1,2023,2025-12-05 17:50:00,2,7,7153,1,1,1,7,Rn 102 Pr 71+850,44.673933,4.090734
202300020791,20,12,2023,2025-12-05 19:15:00,5,87,87085,2,2,1,3,Bel Air (Boulevard De),45.8186,1.2519
202300020792,10,3,2023,2025-12-05 12:30:00,1,69,69286,2,1,1,6,115 Avenue De L'Hippodrome,45.81652,4.88924
202300020793,7,9,2023,2025-12-05 16:10:00,1,78,78356,2,9,1,6,Route De Port-Royal Des Champs,48.724537,2.082902
202300020794,31,1,2023,2025-12-05 12:20:00,1,31,31285,1,1,1,5,Route De Lavaur,43.648315,1.57546
202300020795,10,3,2023,2025-12-05 16:38:00,1,38,38151,2,1,1,6,Avenue Des Etats Generaux,45.15441,5.71835
202300020796,3,9,2023,2025-12-05 10:50:00,1,78,78406,2,4,1,6,Place De La Madeleine,48.725188,2.04887
202300020797,20,12,2023,2025-12-05 13:35:00,1,87,87085,2,2,1,6,Deverrine (Rue),45.83566,1.25265
202300020798,31,1,2023,2025-12-05 11:00:00,1,83,83036,2,1,1,6,220Avenue Pierre Rameil,43.17393,6.527805
202300020799,13,9,2023,2025-12-05 19:20:00,1,31,31031,1,1,1,7,A 64 Pk 188.000 Sens Toulouse / Bayonne,43.097849,0.576611
202300020800,9,3,2023,2025-12-05 17:00:00,1,34,34172,2,1,1,6,1204 Avenue De La Justice De Castelnau,43.6263,3.88427
202300020801,30,1,2023,2025-12-05 20:57:00,3,22,22093,1,1,1,2,Rn12,48.46048,-2.53701
202300020802,6,9,2023,2025-12-05 13:35:00,1,35,35353,1,6,1,6,La Vallee,48.12115444,-1.77458435
202300020803,18,12,2023,2025-12-05 15:27:00,1,87,87085,2,6,1,2,Mas-Bouyol  (Cite Et Boulevard Du),45.82757,1.22676
202300020804,30,1,2023,2025-12-05 14:25:00,1,59,59553,2,1,1,6,Rue Marx Dormoy,50.59944,2.961609
202300020805,9,3,2023,2025-12-05 21:00:00,5,50,50129,2,3,3,6,Napoleon (Place),49.64377,-1.62591
202300020806,14,9,2023,2025-12-05 14:46:00,1,973,97309,2,1,1,1,1074 Route De Remire,4.896118,-52.273893