num_acc,jour,mois,an,hrmn,lum,dep,com,agg,int,atm,col,adr,lat,long
202300020807,21,12,2023,2025-12-05 09:20:00,1,85,85194,2,1,1,6,10 Rue De La Chevallerie,46.534961,-1.772101
202300020808,27,1,2023,2025-12-05 16:45:00,1,30,30278,2,3,1,3,D101,44.058456,4.711236
202300020809,11,3,2023,2025-12-05 20:10:00,5,988,98818,2,1,1,7,Avenue James Cook,-22.26589,166.41658
202300020810,31,1,2023,2025-12-05 12:30:00,1,2B,2B150,1,1,1,7,Rt 30,42.588624,8.830492
202300020811,14,9,2023,2025-12-05 10:57:00,1,69,69044,2,3,1,1,Route De Paris,45.789589,4.744184
202300020812,11,3,2023,2025-12-05 17:30:00,1,973,97302,2,1,1,7,Baduel (Route De),4.92905,-52.29528
202300020813,19,12,2023,2025-12-05 16:50:00,2,84,84087,1,1,1,1,Route De Camaret,44.14609,4.84059
202300020814,30,1,2023,2025-12-05 08:27:00,1,65,65235,1,1,1,2,N21,43.196172,0.008667
202300020815,11,3,2023,2025-12-05 01:10:00,1,973,97309,2,3,1,2,Tigre (Route Du),4.91519,-52.31075
202300020816,13,9,2023,2025-12-05 20:20:00,3,6,6088,1,1,1,3,"A8, Pk200.300, Sens France-Italie",43.733631,7.28687
202300020817,30,1,2023,2025-12-05 21:20:00,3,11,11009,1,1,1,1,Adresse_Inconnue,43.240783,2.175626
202300020818,21,12,2023,2025-12-05 07:50:00,5,79,79191,2,1,2,6,Adresse_Inconnue,46.30973,-0.44766
202300020819,6,3,2023,2025-12-05 16:45:00,1,69,69149,2,1,1,6,5 Grande Rue,45.72033,4.81115
202300020820,14,9,2023,2025-12-05 13:55:00,1,27,27701,1,1,1,1,A154 - Pk 002+500,49.230028,1.182768
202300020821,28,1,2023,2025-12-05 05:35:00,3,61,61168,1,1,1,6,D20 Pr10+640,48.608639,-0.359831
202300020822,11,3,2023,2025-12-05 16:44:00,1,971,97113,1,1,1,7,Rn4-Rond Point Saint Felix,16.20750937,-61.4567256
202300020823,12,12,2023,2025-12-05 13:05:00,1,78,78621,2,1,8,6,Allende (Avenue Salvador) Nord Beethoven,48.78627,1.97966
202300020824,25,1,2023,2025-12-05 00:00:00,3,2,2420,2,1,1,6,Rue De Bourgogne,49.900025,3.317619
202300020825,12,9,2023,2025-12-05 09:30:00,1,27,27107,1,1,1,2,A131,49.389521,0.599484
202300020826,27,1,2023,2025-12-05 16:30:00,1,72,72223,1,1,1,6,La Besnerie,47.884046,-0.069072
202300020827,21,12,2023,2025-12-05 11:20:00,1,77,77284,2,1,2,6,Republique (Av.De La),48.9595,2.89416
202300020828,11,3,2023,2025-12-05 21:50:00,5,2A,2A004,2,9,8,1,Napoleon Cours Avant Beverini,41.92583136,8.73820961
202300020829,14,9,2023,2025-12-05 05:40:00,1,971,97129,1,1,1,3,Route Nationale,16.297094,-61.670895
202300020830,31,1,2023,2025-12-05 11:20:00,1,60,60509,2,1,1,6,Rue Louis Pasteur,49.307172,2.590397
202300020831,31,1,2023,2025-12-05 12:20:00,1,87,87109,1,1,8,6,Miaumande,46.224789,1.007121
202300020832,21,12,2023,2025-12-05 20:30:00,5,76,76540,2,3,1,3,Rue Abbe Lemire,49.43226373,1.08436346
202300020833,11,3,2023,2025-12-05 23:24:00,5,91,91223,2,3,1,3,Perray (Rue Du),48.434,2.17087
202300020834,31,1,2023,2025-12-05 12:50:00,1,37,37156,2,1,1,6,2 Chemin De Montaigu,47.391072,0.844166
202300020835,11,9,2023,2025-12-05 23:55:00,3,77,77142,1,1,2,6,D934,48.852207,2.932169
202300020836,21,12,2023,2025-12-05 07:50:00,5,76,76351,2,1,2,3,Graville (Bd De),49.48754,0.15064
202300020837,30,1,2023,2025-12-05 20:15:00,3,30,30062,1,1,1,6,Cd 40,43.78046,4.197105
202300020838,13,9,2023,2025-12-05 09:30:00,1,77,77100,2,1,1,6,Rue Du 26 Aout 1944,48.504441,2.79243
202300020839,11,3,2023,2025-12-05 05:15:00,5,88,88413,1,1,1,7,Rn 59,48.29306,6.92993
202300020840,31,1,2023,2025-12-05 18:30:00,2,30,30050,1,1,1,1,D27,43.927452,4.049084
202300020841,11,3,2023,2025-12-05 22:35:00,3,81,81004,2,1,2,6,Gaulle (Av General De),43.92056,2.1399
202300020842,20,12,2023,2025-12-05 14:40:00,1,76,76351,2,6,1,3,Marceau (Rue),49.48537,0.13673
202300020843,14,9,2023,2025-12-05 18:50:00,1,95,95489,1,1,1,3,Tete Richard (Route De La),49.01884249,2.35046536
202300020844,31,1,2023,2025-12-05 12:35:00,1,80,80349,1,1,1,3,Autoroute A16,49.707386,2.238228
202300020845,13,9,2023,2025-12-05 02:30:00,3,2B,2B290,1,1,1,7,Rd 663,42.560373,8.969454
202300020846,30,1,2023,2025-12-05 14:30:00,1,66,66213,2,1,1,6,Adresse_Inconnue,42.666943,2.832291
202300020847,21,12,2023,2025-12-05 18:00:00,5,76,76545,2,6,1,2,Breaute (Avenue),49.91406,1.09245
202300020848,31,1,2023,2025-12-05 17:30:00,1,31,31220,1,1,1,2,A66 Pk 20,43.282579,1.674643
202300020849,13,9,2023,2025-12-05 14:30:00,1,66,66164,1,1,1,5,Adresse_Inconnue,42.759963,2.853785
202300020850,20,12,2023,2025-12-05 15:05:00,1,72,72181,2,1,1,6,Spoutnik (Rue Du),47.98413,0.18127
202300020851,11,3,2023,2025-12-05 21:30:00,5,78,78403,2,1,2,6,Chateaubriand (Avenue),48.994764,1.870753
202300020852,12,9,2023,2025-12-05 04:30:00,3,11,11397,1,1,2,7,Adresse_Inconnue,43.203369,2.470787
202300020853,31,1,2023,2025-12-05 14:03:00,1,6,6004,1,1,1,2,"A8, Pk171.100 Sud",43.604165,7.06724
202300020854,20,12,2023,2025-12-05 07:30:00,5,72,72181,2,9,1,3,Licornes (Allee Des),47.98137,0.22106
202300020855,11,3,2023,2025-12-05 18:50:00,2,77,77394,1,1,1,3,D636,48.55535,2.6723
202300020856,14,9,2023,2025-12-05 07:30:00,2,84,84147,1,4,1,6,D37,43.727084,5.442492
202300020857,30,1,2023,2025-12-05 07:55:00,1,6,6088,1,1,1,4,A8 Pk 193.300 Chaussee Nord,43.719957,7.215277
202300020858,28,8,2023,2025-12-05 13:44:00,1,13,13007,1,1,1,6,Rd560,43.37606,5.676295
202300020859,11,3,2023,2025-12-05 12:54:00,1,77,77268,2,1,1,6,Av De La Fosse Des Pressoirs,48.87373,2.80977
202300020860,20,12,2023,2025-12-05 07:40:00,2,69,69290,2,2,2,6,Rue Henri Marechal,45.69428,4.94114
202300020861,27,1,2023,2025-12-05 05:00:00,4,34,34172,1,1,1,3,A709,43.590273,3.898283
202300020862,13,9,2023,2025-12-05 17:33:00,1,88,88169,1,1,1,6,Route De Fays,48.190696,6.681983
202300020863,11,3,2023,2025-12-05 19:00:00,4,69,69266,2,1,2,6,Boulevard Laurent Bonnevay,45.78718,4.87895
202300020864,31,1,2023,2025-12-05 17:00:00,1,69,69077,1,1,1,2,Autoroute 6,46.160988,4.770813
202300020865,21,12,2023,2025-12-05 13:05:00,1,67,67482,2,3,1,3,Colmar (Avenue De),48.55794,7.74855
202300020866,11,3,2023,2025-12-05 21:05:00,5,64,64483,2,9,3,7,Ithurralde Andre (Avenue),43.39169,-1.65488
202300020867,30,1,2023,2025-12-05 07:15:00,1,987,98722,1,1,2,1,Rt- Pk 42.500,-17.592,-149.391
202300020868,11,3,2023,2025-12-05 09:45:00,1,64,64102,2,1,2,7,Marines (Avenue Des Allees),43.49943,-1.48959
202300020869,13,9,2023,2025-12-05 20:50:00,3,38,38190,2,1,1,7,Grande Rue Du Moulin D?Avaux,45.801251,5.283887
202300020870,21,12,2023,2025-12-05 17:30:00,5,66,66136,2,1,1,3,Cours Lazare Escarguel,42.7,2.887
202300020871,29,1,2023,2025-12-05 16:20:00,1,987,98733,2,1,1,1,Pk 28.100 Rt1,-17.742474,-149.570918
202300020872,13,9,2023,2025-12-05 16:30:00,1,38,38158,2,1,2,1,Avenue De Poisat,45.155018,5.752904
202300020873,11,3,2023,2025-12-05 05:50:00,5,59,59350,2,5,2,3,Vauban Boulevard Ndeg Reste,50.62915,3.04323
202300020874,21,12,2023,2025-12-05 19:00:00,5,64,64445,2,9,2,2,Etigny D',43.29714,-0.38726
202300020875,28,1,2023,2025-12-05 01:40:00,3,971,97118,1,1,1,4,Rn 1,16.190767,-61.607444
202300020876,13,9,2023,2025-12-05 17:15:00,1,26,26220,2,6,1,3,Rond Point Du Paroirs,44.349778,5.116652
202300020877,10,3,2023,2025-12-05 14:05:00,1,58,58194,2,2,6,3,Chameane (Place),46.993576,3.166235
202300020878,25,1,2023,2025-12-05 15:15:00,1,84,84078,1,1,1,2,Rn7 Mondragon,44.25801,4.706494
202300020879,21,12,2023,2025-12-05 19:30:00,5,64,64335,2,9,2,1,Sainte-Catherine,43.32711,-0.43995
202300020880,11,9,2023,2025-12-05 13:30:00,1,69,69160,1,1,1,1,621 Route De Beaujeu,46.164756,4.447854
202300020881,30,1,2023,2025-12-05 16:10:00,1,13,13092,2,2,1,7,D10,43.550714,5.039254
202300020882,11,3,2023,2025-12-05 02:10:00,5,57,57660,2,1,8,2,Nationale(Rue)Limite Forbach/Rue St Alic,49.196295,6.925327
202300020883,21,12,2023,2025-12-05 13:20:00,1,64,64122,2,1,2,3,Adresse_Inconnue,43.48239,-1.56692
202300020884,31,1,2023,2025-12-05 14:30:00,1,55,55351,2,1,2,6,Rue Brunswig,49.521827,5.367385
202300020885,14,9,2023,2025-12-05 07:20:00,2,33,33422,1,1,1,5,Rue Du Camp De Souge,44.819457,-0.754173
202300020886,30,1,2023,2025-12-05 13:00:00,1,7,7169,1,1,1,1,Lieu Dit Gachon,45.171456,4.77475
202300020887,21,12,2023,2025-12-05 11:35:00,1,64,64102,2,1,2,2,Saint Leon (Rond Point),43.48807,-1.48172
202300020888,10,9,2023,2025-12-05 13:55:00,1,59,59659,2,1,1,6,Place Francois Mitterrand,50.015592,4.004232
202300020889,28,1,2023,2025-12-05 17:00:00,1,40,40184,2,1,1,7,Avenue De Bordeaux,44.203928,-1.225657
202300020890,14,9,2023,2025-12-05 16:25:00,1,59,59320,1,1,1,7,Hameau De L?Halpegarbe,50.571504,2.814581
202300020891,19,12,2023,2025-12-05 23:47:00,5,64,64102,2,3,2,3,Bernard Gaudel (Rue Du Docteur),43.48045,-1.50058
202300020892,17,1,2023,2025-12-05 14:55:00,1,72,72084,1,9,8,2,Lieu Dit Les Gagneries,47.713075,-0.031993
202300020893,27,1,2023,2025-12-05 17:00:00,1,49,49023,1,1,1,6,D246,47.158746,-1.074429
202300020894,10,9,2023,2025-12-05 05:50:00,3,13,13211,1,1,1,3,A50-Sens Marseille Vers Aubagne,43.291583,5.483294
202300020895,21,12,2023,2025-12-05 15:59:00,1,63,63032,2,3,1,3,Europe (Avenue De L'),45.75838,3.10023
202300020896,30,1,2023,2025-12-05 07:15:00,2,27,27008,1,1,1,5,D321,49.314548,1.16822
202300020897,13,9,2023,2025-12-05 22:35:00,3,33,33192,1,1,1,2,Rocade A 630,44.78568316,-0.59436411
202300020898,13,12,2023,2025-12-05 08:15:00,5,59,59392,2,1,2,6,Hautmont (Rue D'),50.269708,3.95121373
202300020899,30,1,2023,2025-12-05 15:00:00,1,60,60446,1,1,1,6,Route Nationale 2,49.147889,2.822027
202300020900,13,9,2023,2025-12-05 08:58:00,1,33,33550,1,1,1,4,Autoroute A 62,44.782127,-0.584454
202300020901,30,1,2023,2025-12-05 08:00:00,2,60,60213,1,1,2,7,D922,49.12615472,2.72801578
202300020902,20,12,2023,2025-12-05 07:50:00,2,59,59368,2,2,2,6,De Gaulle Rue Du General,50.657737,3.073837
202300020903,30,1,2023,2025-12-05 07:00:00,3,60,60204,1,1,2,1,D934,49.642495,2.897632
202300020904,12,9,2023,2025-12-05 17:10:00,1,33,33013,1,1,2,5,Route Nationale 230,44.86816811,-0.50439745
202300020905,20,12,2023,2025-12-05 16:22:00,1,57,57283,2,6,2,1,Hassel (Chemin Du),49.25202,6.15201
202300020906,20,1,2023,2025-12-05 08:55:00,1,60,60491,1,1,8,7,D973,49.333904,2.991886
202300020907,12,9,2023,2025-12-05 06:40:00,3,33,33039,1,1,1,7,Rocade A 630,44.79476,-0.53952
202300020908,29,1,2023,2025-12-05 11:45:00,1,59,59173,1,1,1,3,Route De Quesnoy,50.724702,2.978666
202300020909,20,12,2023,2025-12-05 11:10:00,1,56,56162,2,1,1,3,Dupuy De Lome (Rue),47.7416,-3.405
202300020910,30,1,2023,2025-12-05 17:00:00,1,13,13056,1,1,1,2,A55-Sens Martigues Vers Marseille,43.39966,5.09546
202300020911,13,9,2023,2025-12-05 17:00:00,1,91,91573,1,1,1,2,Rn104 Int,48.63126,2.51817
202300020912,18,12,2023,2025-12-05 09:35:00,1,55,55545,2,1,1,1,Cumieres ( Rue De ),49.16328,5.3728
202300020913,13,9,2023,2025-12-05 13:30:00,1,91,91161,1,1,1,2,Autoroute A6,48.71199,2.30795
202300020914,30,1,2023,2025-12-05 08:39:00,1,13,13088,1,1,1,2,A55-Sens Martigues Vers Marseille,43.38718991,5.24247855
202300020915,30,1,2023,2025-12-05 21:05:00,3,69,69294,1,1,1,3,Autoroute 7,45.63756,4.82314
202300020916,23,11,2023,2025-12-05 19:30:00,3,55,55545,1,1,1,1,Cd 964,49.15172,5.39714
202300020917,13,9,2023,2025-12-05 07:30:00,2,91,91286,1,1,8,3,Autoroute A6,48.6497,2.3846
202300020918,21,12,2023,2025-12-05 13:20:00,1,54,54099,2,3,2,7,Avenue Albert 1Er,49.24817,5.94139
202300020919,28,1,2023,2025-12-05 04:40:00,3,59,59203,1,1,1,6,Autoroute A 21,50.34508344,3.30210003
202300020920,13,9,2023,2025-12-05 01:30:00,3,91,91645,1,1,2,6,Rn 118,48.76108,2.22643
202300020921,12,1,2023,2025-12-05 05:45:00,3,59,59143,1,1,3,6,Autoroute A25,50.66457,2.88541
202300020922,13,9,2023,2025-12-05 22:55:00,5,92,92063,1,1,1,6,A86 Duplex,48.87336976,2.15727103
202300020923,21,12,2023,2025-12-05 11:30:00,1,51,51454,2,6,2,3,Souvenir Francais (Place Du),49.26926,4.07052
202300020924,13,9,2023,2025-12-05 04:45:00,3,93,93027,1,1,2,7,Autoroute A86,48.92648671,2.40257539
202300020925,21,12,2023,2025-12-05 11:35:00,1,49,49007,2,1,1,3,Saint Nicolas,47.47468,-0.56401
202300020926,30,1,2023,2025-12-05 18:25:00,3,91,91471,1,1,1,4,Rn 118,48.71372,2.17735
202300020927,12,9,2023,2025-12-05 14:40:00,1,95,95394,1,1,2,2,N184,49.05282,2.177688
202300020928,21,12,2023,2025-12-05 17:40:00,5,45,45234,2,1,2,6,Avenue De L'Hopital,47.83228,1.92064
202300020929,30,1,2023,2025-12-05 09:55:00,1,91,91549,1,1,1,4,Rn 104,48.625,2.337
202300020930,13,9,2023,2025-12-05 18:44:00,1,94,94011,1,9,1,2,N406,48.76302008,2.49548877
202300020931,30,1,2023,2025-12-05 08:45:00,1,91,91687,1,1,1,7,Autoroute A6,48.662708,2.36787
202300020932,21,12,2023,2025-12-05 08:55:00,1,45,45286,2,3,1,4,D951 Pr 91 + 50,47.893016,1.916469
202300020933,13,9,2023,2025-12-05 09:35:00,1,94,94022,1,1,1,2,A86,48.77338115,2.40113955
202300020934,30,1,2023,2025-12-05 18:15:00,3,78,78090,1,1,1,2,A13,48.970426,1.905235
202300020935,28,5,2023,2025-12-05 15:15:00,1,43,43162,1,1,1,7,Rd 103,45.19697,4.042422
202300020936,30,1,2023,2025-12-05 09:15:00,1,92,92047,1,1,8,3,A13,48.83397544,2.16646875
202300020937,21,12,2023,2025-12-05 08:34:00,2,45,45004,2,2,2,3,3 Rue Francis Prieur,47.97274,2.74975
202300020938,28,1,2023,2025-12-05 10:10:00,1,75,75119,2,1,8,6,Boulevard Peripherique Interieur Nord,48.898624,2.393336
202300020939,27,5,2023,2025-12-05 12:25:00,1,43,43130,1,4,1,2,Route De La Cheze,45.046481,4.196295
202300020940,21,12,2023,2025-12-05 15:40:00,1,44,44109,2,1,8,6,2 Rue Des Chalatres,47.22532,-1.53088
202300020941,29,1,2023,2025-12-05 22:35:00,5,75,75105,2,2,1,3,Rue Geoffroy Saint Hilaire,48.839708,2.356608
202300020942,4,7,2023,2025-12-05 02:46:00,5,26,26198,2,1,1,3,Teil(Vieille Route Du),44.559,4.73
202300020943,21,12,2023,2025-12-05 17:55:00,5,43,43046,2,1,1,6,Montee De Chadrac,45.0546,3.89933
202300020944,28,1,2023,2025-12-05 23:25:00,5,75,75120,2,1,1,3,Boulevard Mortier,48.87404,2.408106
202300020945,10,7,2023,2025-12-05 10:27:00,1,22,22278,2,1,1,2,Paris (De),48.50403,-2.74108
202300020946,29,1,2023,2025-12-05 22:40:00,5,75,75117,2,3,1,3,Rue Cardinet,48.891106,2.318
202300020947,21,12,2023,2025-12-05 13:50:00,1,43,43157,2,2,1,3,Cluny (Bd. De),45.04832,3.89298
202300020948,14,7,2023,2025-12-05 05:30:00,2,88,88465,2,1,1,1,270 Rue De Lorraine (Thaon-Les-Vosges),48.266498,6.403806
202300020949,29,1,2023,2025-12-05 20:35:00,5,75,75117,2,3,1,3,Boulevard Berthier,48.890257,2.304589
202300020950,17,12,2023,2025-12-05 14:20:00,1,42,42218,1,1,1,6,Route De Rochetaillee,45.41576549,4.41073012
202300020951,12,9,2023,2025-12-05 12:35:00,1,976,97611,2,1,1,6,Kaweni-Sppm ( Rue De La ),-12.77081,45.22396
202300020952,29,1,2023,2025-12-05 00:20:00,5,75,75112,2,1,1,2,Quai De Bercy,48.832807,2.383194
202300020953,11,9,2023,2025-12-05 08:45:00,1,976,97611,2,1,1,3,M'Tsapere-Nationale 2 (Route),-12.788272,45.2235812
202300020954,29,1,2023,2025-12-05 14:15:00,1,94,94028,2,2,1,3,Avenue Pierre Brossolette / Rue Des Meches,48.79363,2.46094
202300020955,11,9,2023,2025-12-05 07:30:00,1,974,97416,1,3,7,3,Pere Maitre(Rue Du),-21.28382,55.46626
202300020956,21,12,2023,2025-12-05 16:40:00,2,38,38185,1,1,2,4,Autoroute A 480,45.18795,5.70275
202300020957,11,9,2023,2025-12-05 18:10:00,5,974,97409,2,1,1,3,Du Centre(Chemin),-20.95269,55.66247
202300020958,28,1,2023,2025-12-05 20:10:00,5,94,94077,2,1,1,1,Avenue Le Foll,48.728238,2.433885
202300020959,11,9,2023,2025-12-05 15:05:00,1,974,97407,2,1,1,3,Mascareignes(Boulevard),-20.93873,55.3079
202300020960,28,1,2023,2025-12-05 20:20:00,5,93,93073,2,6,1,6,Route De La Croix Au Platre,48.98408407,2.52582559
202300020961,20,12,2023,2025-12-05 15:55:00,1,37,37261,2,6,1,3,Chautemps (Avenue Camille),47.37472,0.71632
202300020962,10,9,2023,2025-12-05 21:45:00,5,974,97407,2,9,1,6,Rond Point Cite Rn4,-20.95413,55.30868
202300020963,29,1,2023,2025-12-05 18:54:00,5,93,93062,2,1,1,1,Allee Nicolas Carnot,48.88985,2.51546
202300020964,11,9,2023,2025-12-05 08:35:00,1,973,97302,2,1,1,4,Montabo (Route De) 1,4.94445,-52.3101
202300020965,21,12,2023,2025-12-05 19:50:00,5,35,35238,2,2,1,2,Ginguene,48.09952,-1.67517
202300020966,29,1,2023,2025-12-05 19:30:00,1,93,93057,2,1,1,2,Avenue Aristide Briand,48.910322,2.509781
202300020967,11,9,2023,2025-12-05 09:49:00,1,973,97302,2,9,1,6,Baduel (Route De),4.93606,-52.31336
202300020968,29,1,2023,2025-12-05 20:35:00,5,92,92048,2,9,1,7,Vaugirard (Route De),48.82017,2.24264
202300020969,21,12,2023,2025-12-05 17:30:00,5,35,35238,2,1,2,6,Vaneau,48.10987,-1.69282
202300020970,10,9,2023,2025-12-05 21:50:00,5,973,97302,2,1,1,3,Baduel (Route De),4.93108,-52.30595
202300020971,21,12,2023,2025-12-05 09:20:00,1,35,35051,1,1,1,4,Rn136,48.1072,-1.59815
202300020972,29,1,2023,2025-12-05 16:50:00,2,60,60275,1,3,8,2,D22,49.495749,1.903575
202300020973,12,9,2023,2025-12-05 13:38:00,1,69,69386,2,2,1,3,Rue Garibaldi,45.77126,4.85005
202300020974,30,1,2023,2025-12-05 07:30:00,1,8,8314,2,3,2,6,Rue Jean Abraham Poupart,49.409848,4.307236
202300020975,21,12,2023,2025-12-05 07:55:00,2,35,35238,2,3,2,6,Combes (Bd Emile),48.093756,-1.66721
202300020976,12,9,2023,2025-12-05 09:15:00,1,69,69383,2,1,1,1,Rue Louis,45.75271,4.88818
202300020977,28,1,2023,2025-12-05 22:50:00,3,40,40004,1,1,2,7,D33 - Route De Tyrosse,43.657184,-1.343701
202300020978,11,9,2023,2025-12-05 11:30:00,1,69,69387,1,1,1,4,Quai Claude Bernard,45.75229,4.83723
202300020979,30,1,2023,2025-12-05 11:40:00,1,28,28123,1,1,1,6,Autoroute A11 Dans Le Sens Province Vers Paris Au Pk 099+000 Aire De Service Brou-Dampierre,48.239447,1.080713
202300020980,21,12,2023,2025-12-05 07:30:00,3,35,35238,1,1,1,5,Rn136,48.081839,-1.648198
202300020981,12,9,2023,2025-12-05 12:30:00,1,972,97209,2,1,1,7,Redoute (Route De La),14.62903,-61.05591
202300020982,30,1,2023,2025-12-05 07:00:00,3,1,1427,2,3,1,6,Avenue Du Docteur Bollet,45.940217,4.772251
202300020983,21,1,2023,2025-12-05 05:15:00,3,38,38337,1,1,9,6,D50F,45.365896,5.486619
202300020984,11,9,2023,2025-12-05 16:55:00,1,972,97209,2,1,1,3,General De Gaulle (Bld Du),14.60586,-61.07525
202300020985,21,12,2023,2025-12-05 22:00:00,5,34,34172,2,2,1,3,Chaptal (Rue),43.60509,3.87002
202300020986,28,1,2023,2025-12-05 20:05:00,3,59,59499,1,1,1,6,17 Route De Bergues,50.946249,2.531593
202300020987,12,9,2023,2025-12-05 07:35:00,1,972,97209,2,1,1,7,Beausejour Jambette (Route De ),14.63573,-61.03975
202300020988,20,12,2023,2025-12-05 16:42:00,1,33,33281,2,1,7,6,Avenue De L'Europe,44.8217,-0.66617
202300020989,29,1,2023,2025-12-05 13:31:00,1,12,12084,1,1,1,2,A 75 Pk 222.074,44.074036,3.023601
202300020990,12,9,2023,2025-12-05 16:05:00,1,69,69382,2,2,1,6,Grenette                            (R ),45.76335,4.83423
202300020991,21,12,2023,2025-12-05 08:00:00,2,33,33009,2,6,8,6,De Gaulle (Ave Gal),44.6595,-1.1652
202300020992,30,1,2023,2025-12-05 07:45:00,2,51,51248,2,2,2,3,Avenue Pasteur,48.756532,3.988901
202300020993,12,9,2023,2025-12-05 15:15:00,1,69,69382,2,3,1,6,105 Rue President Edouard Herriot,45.75835,4.83387
202300020994,29,1,2023,2025-12-05 03:00:00,3,19,19121,1,1,1,6,Rd 901 Lieu Dit Ensargnat,45.469657,1.388757
202300020995,21,12,2023,2025-12-05 18:15:00,5,31,31555,2,1,2,6,All De Bellefontaine,43.56573357,1.39940768
202300020996,27,1,2023,2025-12-05 21:10:00,3,56,56044,1,1,1,6,14 La Belle Anguille,47.756435,-2.132303
202300020997,12,9,2023,2025-12-05 09:00:00,1,69,69382,2,3,1,3,Quai Jules Courmont,45.76011,4.83781
202300020998,21,12,2023,2025-12-05 12:45:00,1,30,30243,2,9,1,3,Monteze (Route De),44.09864,4.08166
202300020999,18,1,2023,2025-12-05 08:55:00,1,11,11291,1,1,2,6,D6,43.1575772,1.9078684
202300021000,11,9,2023,2025-12-05 13:00:00,1,69,69389,2,3,1,3,107 Rue Marietton,45.77548,4.79479
202300021001,21,1,2023,2025-12-05 22:40:00,3,49,49080,1,1,8,2,D768,47.710296,-0.533888
202300021002,21,12,2023,2025-12-05 13:25:00,1,29,29019,2,2,1,3,Boulevard Leon Blum,48.405518,-4.484843
202300021003,11,9,2023,2025-12-05 08:10:00,1,69,69149,2,1,1,3,253 Grande Rue,45.70871,4.79872
202300021004,27,1,2023,2025-12-05 06:05:00,5,49,49373,2,6,8,7,6 Rue Nationale - Vihiers,47.146988,-0.530562
202300021005,20,12,2023,2025-12-05 19:10:00,3,29,29019,2,6,2,5,Girartoire De Pen Ar Ch'Leuz,48.415071,-4.479248
202300021006,10,9,2023,2025-12-05 05:20:00,3,69,69034,1,4,1,6,Quai Bellevue,45.785826,4.84896855
202300021007,29,1,2023,2025-12-05 14:20:00,1,86,86086,1,1,1,1,D80,46.829087,0.714918
202300021008,11,9,2023,2025-12-05 15:34:00,1,971,97101,2,1,1,6,Achille Rene Boisneuf (Rue),16.27494962,-61.50319755
202300021009,20,12,2023,2025-12-05 07:30:00,5,29,29019,2,3,1,3,1 Rue Dupuy De Lome,48.388446,-4.515781
202300021010,30,1,2023,2025-12-05 07:15:00,5,44,44041,2,1,1,6,34 Rue De La Cle Des Champs,47.100757,-1.602631
202300021011,20,12,2023,2025-12-05 08:20:00,2,27,27299,2,1,8,7,Briand (Avenue Aristide),49.05184,1.16547
202300021012,11,9,2023,2025-12-05 14:30:00,1,971,97113,1,1,1,2,Section Labrousse,16.21882284,-61.51423216
202300021013,29,1,2023,2025-12-05 10:15:00,1,29,29015,2,9,1,6,Rue Des Abers,48.501283,-4.507195
202300021014,21,12,2023,2025-12-05 07:40:00,2,26,26362,2,1,1,6,Schweitzer Rue Du Docteur,44.93581,4.88965
202300021015,11,9,2023,2025-12-05 15:10:00,1,971,97113,1,1,1,3,Rn4 - Section Riviera,16.21764,-61.4934
202300021016,21,12,2023,2025-12-05 07:45:00,2,25,25056,2,3,2,6,Huygens Rue Christian,47.2128,5.97073
202300021017,18,1,2023,2025-12-05 17:45:00,2,15,15138,1,1,4,7,D3,45.114723,2.858623
202300021018,10,9,2023,2025-12-05 13:47:00,1,971,97101,2,3,1,3,Frederic Jalton,16.27509208,-61.50296688
202300021019,21,12,2023,2025-12-05 21:40:00,5,22,22278,2,1,1,6,Garnier (Abbe),48.5051,-2.7614
202300021020,19,1,2023,2025-12-05 21:15:00,3,15,15157,1,1,4,3,N122,44.74777,2.194455
202300021021,1,12,2023,2025-12-05 18:30:00,5,15,15014,2,1,2,1,Avenue Du General Leclerc,44.910355,2.444807
202300021022,28,1,2023,2025-12-05 14:06:00,1,70,70404,1,1,1,6,D7,47.997417,6.032782
202300021023,9,9,2023,2025-12-05 20:30:00,5,971,97101,1,9,1,4,Perrin (Secteur),16.27721,-61.50885
202300021024,20,12,2023,2025-12-05 11:30:00,1,15,15014,1,1,1,6,Rn 122,44.9,2.41665
202300021025,24,1,2023,2025-12-05 13:40:00,1,6,6105,2,1,1,1,D2085,43.663149,7.055574
202300021026,11,9,2023,2025-12-05 22:00:00,5,2A,2A004,2,9,1,3,Napoleon Cours Avant Beverini,41.93231,8.74045
202300021027,20,12,2023,2025-12-05 18:00:00,5,14,14167,2,1,8,2,3 Rue Des Freres Wilkin,49.20447,-0.29745
202300021028,30,1,2023,2025-12-05 13:30:00,1,50,50483,2,6,1,3,Rue De L'Europe,49.104726,-1.175878
202300021029,29,1,2023,2025-12-05 06:00:00,3,53,53101,1,1,1,7,Rn162,47.89238,-0.68089
202300021030,11,9,2023,2025-12-05 22:10:00,3,95,95585,1,1,1,3,D316,48.992558,2.386741
202300021031,21,12,2023,2025-12-05 17:50:00,2,13,13019,1,1,1,1,Route D'Apt,43.45094578,5.35967588
202300021032,28,1,2023,2025-12-05 22:50:00,3,53,53233,2,1,1,7,Rue De Laliberation,47.867595,-0.431589
202300021033,16,12,2023,2025-12-05 00:20:00,5,13,13209,2,1,1,7,Soude (Avenue De La),43.2441,5.40062
202300021034,12,9,2023,2025-12-05 13:00:00,1,95,95277,1,1,3,4,D317,48.9835,2.4692