num_acc,jour,mois,an,hrmn,lum,dep,com,agg,int,atm,col,adr,lat,long
202300021035,20,1,2023,2025-12-05 08:00:00,2,40,40224,2,4,8,3,Route De Bayonne,43.547209,-1.113771
202300021036,29,8,2023,2025-12-05 22:20:00,1,95,95210,2,1,1,3,D15,48.96617417,2.30073452
202300021037,21,12,2023,2025-12-05 20:17:00,5,13,13203,2,9,1,2,National (Boulevard),43.314822,5.372312
202300021038,29,1,2023,2025-12-05 12:15:00,1,24,24034,1,2,8,3,Lieu Dit Les Minieres,44.981151,0.476312
202300021039,21,12,2023,2025-12-05 13:50:00,1,13,13210,1,1,1,6,L Armee D Afrique (Chemin De L'),43.286696,5.414489
202300021040,30,8,2023,2025-12-05 12:20:00,1,95,95427,2,1,1,2,D928,48.95928,2.32897
202300021041,29,1,2023,2025-12-05 19:34:00,3,973,97307,2,3,1,1,Intersection Route De La Distillerie - Rn2,4.876153,-52.337247
202300021042,20,12,2023,2025-12-05 14:55:00,1,13,13201,2,9,1,1,Garibaldi (Boulevard) Ndeg Impairs,43.2973,5.3808
202300021043,29,1,2023,2025-12-05 15:30:00,1,987,98738,2,3,2,2,Pk 15 A L'Intersection De La Servitude Bernardino,-17.640035,-149.608126
202300021044,29,1,2023,2025-12-05 20:56:00,3,53,53267,1,1,1,6,A81,48.059266,-0.507946
202300021045,29,1,2023,2025-12-05 19:01:00,5,31,31169,2,2,1,1,44 Avenue De Toulouse,43.514187,1.550108
202300021046,11,9,2023,2025-12-05 15:30:00,1,91,91657,2,2,1,3,Av Henri Barbusse,48.704099,2.433695
202300021047,17,1,2023,2025-12-05 07:55:00,3,35,35024,1,1,8,6,Caleuvre,48.195902,-1.600699
202300021048,21,12,2023,2025-12-05 19:00:00,3,13,13005,2,1,1,6,Verdun (Avenue De),43.287827,5.578777
202300021049,11,9,2023,2025-12-05 11:50:00,1,91,91421,2,1,1,6,Jean Jaures (Avenue),48.71343,2.44862
202300021050,29,1,2023,2025-12-05 11:30:00,1,987,98714,1,1,1,1,Quartier Amanahune,-16.388,-151.765
202300021051,12,9,2023,2025-12-05 08:30:00,1,91,91589,2,9,1,6,Rue Joliot Curie,48.674881,2.352419
202300021052,20,12,2023,2025-12-05 15:45:00,1,6,6069,1,1,1,4,D6185,43.636078,6.944095
202300021053,29,1,2023,2025-12-05 13:30:00,1,988,98808,1,1,3,6,Rpn3 Tribu De Pentecoste,-21.28962,165.70022
202300021054,11,9,2023,2025-12-05 09:50:00,1,91,91027,2,1,1,3,Av Aristide Briand,48.70598,2.3873
202300021055,29,1,2023,2025-12-05 19:50:00,3,973,97311,1,1,8,6,D9 Avenue Jean Galmot Pk 6,5.539131,-53.945049
202300021056,10,9,2023,2025-12-05 02:20:00,4,91,91027,2,1,1,7,Rue Robert Schuman,48.71495,2.39821
202300021057,29,1,2023,2025-12-05 17:20:00,1,971,97119,1,1,1,6,Route De Desvarieux,16.364286,-61.430483
202300021058,20,12,2023,2025-12-05 14:40:00,1,6,6069,1,1,1,3,Penetrante,43.62822,6.948
202300021059,19,1,2023,2025-12-05 13:35:00,1,971,97118,1,1,1,7,Route Nationale 1,16.19395948,-61.60656452
202300021060,12,9,2023,2025-12-05 07:59:00,1,91,91223,1,3,1,3,R.D.20,48.4034,2.12222
202300021061,20,12,2023,2025-12-05 12:55:00,1,75,75117,2,1,8,3,Porte De Saint Ouen,48.900348,2.322174
202300021062,26,1,2023,2025-12-05 17:40:00,1,33,33199,2,1,1,2,95 Rue Chante Cigale,44.626512,-1.06236
202300021063,10,9,2023,2025-12-05 21:23:00,5,90,90010,2,3,1,3,Brisach (Avenue De),47.64533,6.87706
202300021064,30,1,2023,2025-12-05 10:18:00,1,77,77183,2,1,2,6,Avenue Franklin Roosevelt,48.943606,3.122226
202300021065,10,9,2023,2025-12-05 20:25:00,2,87,87085,2,2,1,3,Garibaldi (Avenue),45.83446,1.26093
202300021066,27,1,2023,2025-12-05 22:15:00,3,78,78558,1,1,2,7,D89,48.982907,1.532013
202300021067,20,12,2023,2025-12-05 13:45:00,1,75,75113,2,1,1,5,Porte De Gentilly,48.81629,2.345777
202300021068,8,9,2023,2025-12-05 21:39:00,5,87,87085,2,1,1,7,Charlemagne (Rue),45.8482,1.26398
202300021069,14,1,2023,2025-12-05 17:23:00,1,11,11076,2,3,1,1,17 Avenue Du General De Gaulle,43.319624,1.946801
202300021070,7,9,2023,2025-12-05 13:22:00,1,87,87085,2,3,1,6,Perrin (Rue Francois),45.82886,1.24388
202300021071,20,12,2023,2025-12-05 23:45:00,5,75,75118,2,2,1,2,Rue Du Mont Cenis,48.894322,2.345388
202300021072,29,1,2023,2025-12-05 16:56:00,1,6,6092,2,1,1,3,870 Boulevard De La Vallee,43.764987,7.346422
202300021073,7,9,2023,2025-12-05 07:15:00,2,87,87085,2,3,1,3,Toulouse (Rue De),45.81041,1.28436
202300021074,21,12,2023,2025-12-05 18:10:00,5,75,75117,2,3,1,3,Boulevard Malesherbes,48.88277489,2.31018484
202300021075,12,9,2023,2025-12-05 06:32:00,2,86,86194,2,1,1,3,Route De Bonneuil Matours,46.588417,0.369785
202300021076,29,1,2023,2025-12-05 12:00:00,1,13,13085,1,3,1,3,D3D,43.235152,5.670522
202300021077,11,9,2023,2025-12-05 08:20:00,1,86,86214,2,1,1,2,D162,46.55181,0.320591
202300021078,20,12,2023,2025-12-05 10:45:00,1,75,75117,2,2,1,6,Boulevard Des Batignolles,48.88299,2.32414
202300021079,29,1,2023,2025-12-05 19:46:00,3,67,67497,1,3,1,6,D919,48.833086,7.701674
202300021080,11,9,2023,2025-12-05 08:30:00,1,86,86194,2,3,1,3,Bd Du Marechal De Lattre De Tassigny,46.583488,0.352116
202300021081,30,1,2023,2025-12-05 09:00:00,1,26,26129,1,4,1,7,D325,45.072983,5.183229
202300021082,21,12,2023,2025-12-05 13:10:00,1,75,75115,2,3,1,3,Rue Lecourbe,48.843771,2.306539
202300021083,1,9,2023,2025-12-05 17:15:00,1,84,84007,2,1,1,3,Francois 1Er (Rue),43.92871,4.82243
202300021084,30,1,2023,2025-12-05 20:00:00,5,7,7324,2,1,1,1,Quai Charles De Gaulle,45.067756,4.83458
202300021085,9,9,2023,2025-12-05 09:00:00,1,83,83129,2,3,1,3,Mer (Avenue De La) Ndeg Pairs,43.100309,5.824738
202300021086,28,1,2023,2025-12-05 10:50:00,1,69,69019,2,2,1,3,4 Rue Victor Hugo,46.108667,4.749656
202300021087,10,9,2023,2025-12-05 19:05:00,1,82,82121,2,3,1,3,Tournier (Rue H.),44.02624,1.35279
202300021088,30,1,2023,2025-12-05 09:20:00,1,81,81099,2,1,1,3,Avenue De Lattre De Tassigny,43.9079378,1.89792
202300021089,20,12,2023,2025-12-05 20:50:00,5,75,75115,2,4,1,6,Boulevard Garibaldi,48.846672,2.30623
202300021090,10,9,2023,2025-12-05 20:22:00,3,78,78486,2,1,1,6,Chartres (Rue De,48.69002,1.85111
202300021091,30,1,2023,2025-12-05 07:45:00,1,86,86044,1,1,1,6,Champ Blanc,47.05448054,0.24347305
202300021092,20,12,2023,2025-12-05 18:40:00,5,75,75114,2,1,1,6,Boulevard Jourdan,48.819655,2.341933
202300021093,15,1,2023,2025-12-05 20:35:00,3,86,86163,1,1,2,1,Rue Du Petit Nieul,46.611118,0.392552
202300021094,20,12,2023,2025-12-05 17:00:00,5,75,75114,2,1,1,7,Boulevard Edgar Quinet,48.840873,2.325487
202300021095,28,1,2023,2025-12-05 17:20:00,2,33,33449,2,1,1,6,Avenue Du Haillan,44.873836,-0.704856
202300021096,17,1,2023,2025-12-05 18:30:00,5,72,72154,2,1,1,3,Rue De La Dauversiere,47.70074,-0.07161
202300021097,29,1,2023,2025-12-05 17:30:00,1,27,27332,2,1,1,6,Allee De La Butte A Colas,49.189663,1.220405
202300021098,19,12,2023,2025-12-05 23:15:00,5,75,75114,2,2,2,2,Boulevard Saint Jacques,48.833328,2.336182
202300021099,29,1,2023,2025-12-05 20:10:00,3,60,60241,1,1,1,6,D330A,49.175952,2.691092
202300021100,29,1,2023,2025-12-05 01:07:00,3,13,13215,1,1,1,2,A7-Sens Marseille Vers Lyon,43.36223,5.36136
202300021101,21,12,2023,2025-12-05 01:40:00,5,75,75113,2,3,2,6,Avenue D Ivry,48.823012,2.366382
202300021102,27,1,2023,2025-12-05 08:10:00,5,13,13210,1,1,1,2,Tunnel Prado Carenage,43.2827,5.3932
202300021103,28,7,2023,2025-12-05 06:55:00,1,78,78402,1,1,1,1,Cd 113,48.96222,1.77251
202300021104,20,12,2023,2025-12-05 19:40:00,5,75,75113,2,1,1,6,Boulevard Massena,48.81995035,2.36411512
202300021105,20,12,2023,2025-12-05 13:05:00,1,75,75112,2,1,1,6,Avenue Du General Michel Bizot,48.835026,2.401305
202300021106,6,9,2023,2025-12-05 18:15:00,1,78,78208,2,3,1,3,Villedieu (Avenue De La) 220,48.770088,1.946037
202300021107,29,1,2023,2025-12-05 18:40:00,3,91,91064,1,1,1,2,Rn 118,48.7427,2.1882
202300021108,21,12,2023,2025-12-05 19:00:00,5,75,75111,2,7,8,2,Place De La Nation,48.849117,2.39466
202300021109,21,12,2023,2025-12-05 15:15:00,1,75,75108,2,3,2,2,Place De La Concorde,48.86668433,2.32204825
202300021110,20,12,2023,2025-12-05 19:30:00,5,75,75107,2,1,1,6,Quai Branly,48.85826,2.29212
202300021111,21,12,2023,2025-12-05 21:05:00,5,75,75102,2,2,1,7,Boulevard Montmartre,48.871491,2.343082
202300021112,21,12,2023,2025-12-05 01:51:00,5,75,75103,2,1,2,6,Boulevard Saint Martin,48.868184,2.360097
202300021113,21,12,2023,2025-12-05 16:15:00,1,94,94078,2,3,2,3,Rue Du Pont De La Gendarmerie,48.731068,2.44671
202300021114,21,12,2023,2025-12-05 16:45:00,3,94,94073,1,1,2,2,Avenue De Versailles,48.75481,2.38277
202300021115,21,12,2023,2025-12-05 14:10:00,1,94,94073,2,9,2,3,Boulevard Du Nord,48.75801,2.36981
202300021116,21,12,2023,2025-12-05 12:15:00,1,94,94021,2,1,1,6,Boulevard Jean Mermoz,48.769232,2.337172
202300021117,20,12,2023,2025-12-05 09:30:00,1,94,94011,2,9,1,3,Rue Pierre Semard,48.76062916,2.47959035
202300021118,18,12,2023,2025-12-05 22:32:00,5,94,94028,2,1,1,6,Place Des Alizes,48.770153,2.46135
202300021119,21,12,2023,2025-12-05 17:05:00,5,93,93039,2,1,2,6,Quai De Seine,48.935012,2.340994
202300021120,21,12,2023,2025-12-05 10:44:00,1,93,93066,2,2,2,3,Avenue Du President Wilson / Rue Francis De Pressense,48.918169,2.357798
202300021121,19,12,2023,2025-12-05 21:30:00,5,93,93051,2,2,2,2,Rue Des Hauts Roseaux / Allee De La Haute Place,48.84439,2.57642
202300021122,21,12,2023,2025-12-05 13:21:00,1,93,93074,2,2,2,6,Rue De Meaux / Avenue Du General De Gaulle,48.93541,2.57281
202300021123,21,12,2023,2025-12-05 17:20:00,5,93,93006,2,3,2,6,Rue Sadi Carnot / Rue Raoul Berton,48.86825,2.41876
202300021124,20,12,2023,2025-12-05 07:35:00,5,93,93006,2,1,8,5,Avenue Gambetta,48.871652,2.418319
202300021125,21,12,2023,2025-12-05 08:22:00,2,93,93032,2,2,8,3,Rue Aristide Briand / Rue Parmentier,48.8827,2.535
202300021126,21,12,2023,2025-12-05 13:00:00,1,93,93031,2,1,2,6,Rue Du Commandant Louis Bouchet,48.953474,2.319603
202300021127,21,12,2023,2025-12-05 09:00:00,1,93,93007,2,1,2,6,Avenue Descartes,48.950487,2.442849
202300021128,20,12,2023,2025-12-05 19:00:00,5,93,93001,2,3,2,3,Rue Charles Tillon / Avenue Du Cimetiere,48.917092,2.392951
202300021129,21,12,2023,2025-12-05 19:45:00,5,92,92078,2,9,1,6,Gallieni (Bd) (153 Et 225),48.93549662,2.33296216
202300021130,21,12,2023,2025-12-05 16:35:00,1,92,92064,2,1,1,3,Garches,48.84350084,2.20264994
202300021131,21,12,2023,2025-12-05 02:50:00,5,92,92051,2,2,2,3,"Bineau (Boulevard, Ndeg53 A 131 Et 52 A 13",48.88936,2.27296
202300021132,20,12,2023,2025-12-05 19:10:00,5,92,92044,2,1,2,3,Trezel(Rue) 1A13 Et 2A10,48.8951056,2.29501963
202300021133,20,12,2023,2025-12-05 08:55:00,1,92,92044,2,9,1,6,Rivay(Rue)97A107 Et 96A108,48.90067,2.28453
202300021134,20,12,2023,2025-12-05 08:55:00,1,92,92044,2,1,1,6,P.V.Couturier(Rue)65A79 Et50A58,48.89661,2.28707
202300021135,19,12,2023,2025-12-05 07:55:00,5,92,92024,2,1,2,6,General Leclerc (Rue Du) De (81 A 109),48.90926406,2.30701223
202300021136,21,12,2023,2025-12-05 18:30:00,5,92,92023,2,6,2,3,Marquis (Place) Ndeg1 Et 2,48.80510665,2.25922376
202300021137,21,12,2023,2025-12-05 17:00:00,5,92,92023,2,1,2,6,Victor Hugo (Avenue),48.80954376,2.27194011
202300021138,21,12,2023,2025-12-05 15:30:00,1,92,92012,2,1,2,7,Jean Jaures (Boulevard) 1/61 - Cote Impa,48.84523278,2.23717734
202300021139,21,12,2023,2025-12-05 23:55:00,5,24,24011,2,1,2,7,35 Route De Limoges,45.214107,0.831764
202300021140,20,12,2023,2025-12-05 21:50:00,3,51,51316,1,3,2,3,D660,48.64791251,4.76010666
202300021141,20,12,2023,2025-12-05 19:50:00,3,76,76057,1,1,2,2,A150,49.527734,0.952041
202300021142,10,12,2023,2025-12-05 17:00:00,5,95,95313,2,6,1,3,Chemin Vert (Rue Du),49.1192404,2.23101988
202300021143,22,12,2023,2025-12-05 07:49:00,5,95,95058,1,9,2,6,D929,49.15776679,2.28833869
202300021144,20,12,2023,2025-12-05 18:10:00,3,18,18146,1,1,1,3,Route Du Canal,47.324411,2.855201
202300021145,21,12,2023,2025-12-05 15:37:00,1,18,18070,1,1,3,1,Adresse_Inconnue,47.491783,2.555678
202300021146,22,12,2023,2025-12-05 10:15:00,1,57,57060,1,3,3,3,D22,48.90129498,6.76974053
202300021147,21,12,2023,2025-12-05 20:40:00,3,68,68009,1,1,2,1,D468,48.108764,7.533875
202300021148,21,12,2023,2025-12-05 17:19:00,3,51,51217,1,1,2,2,D3,49.084263,3.657428
202300021149,17,12,2023,2025-12-05 19:20:00,3,972,97217,2,1,1,7,Stade O'Neil,14.469526,-60.857343
202300021150,22,12,2023,2025-12-05 19:30:00,3,52,52074,1,1,2,6,A31 Pk152+400 Sens 2,48.07931888,5.6114443
202300021151,18,12,2023,2025-12-05 08:30:00,3,29,29265,1,1,1,6,Zone Artisanale De Penprat,48.55039148,-3.88495321
202300021152,22,12,2023,2025-12-05 03:30:00,5,62,62376,1,1,1,6,D937,50.57039952,2.59868954
202300021153,22,12,2023,2025-12-05 16:50:00,3,37,37213,1,1,2,2,"A28, Pk 047+500, Sens Le Mans-Tours",47.63788,0.497346
202300021154,22,12,2023,2025-12-05 16:22:00,1,56,56254,1,1,1,3,Lieu Dit Coeby,47.768133,-2.533411
202300021155,21,12,2023,2025-12-05 09:15:00,1,79,79135,1,1,2,1,Adresse_Inconnue,46.72783,-0.213257
202300021156,17,12,2023,2025-12-05 23:31:00,3,61,61406,1,1,5,1,D926,48.732215,0.507865
202300021157,21,12,2023,2025-12-05 14:05:00,1,47,47209,2,2,2,3,Rue Frederic Chopin,44.224448,0.676153
202300021158,22,12,2023,2025-12-05 01:10:00,5,41,41280,2,1,2,6,20 Avenue De La Commanderie,47.299606,1.76911
202300021159,21,12,2023,2025-12-05 17:30:00,5,39,39526,2,3,8,3,16 Avenue Kennedy,47.042466,5.41576
202300021160,21,12,2023,2025-12-05 23:25:00,3,25,25328,1,1,2,7,Les Clairons,47.175916,5.972657
202300021161,21,12,2023,2025-12-05 17:20:00,3,29,29266,1,1,2,6,Kerambloc'H,48.469592,-3.969326
202300021162,22,12,2023,2025-12-05 17:55:00,3,38,38284,1,1,2,6,Chemin De Bellevue (Ornacieux),45.398243,5.216977
202300021163,21,12,2023,2025-12-05 17:35:00,3,5,5084,1,3,1,5,N94,44.556342,6.23841
202300021164,21,12,2023,2025-12-05 17:15:00,5,50,50215,2,1,2,6,3 Rue Du 28 Juillet 1944,49.097677,-1.581668
202300021165,22,12,2023,2025-12-05 11:00:00,1,60,60509,2,3,2,3,Avenue D?Auvelais,49.313883,2.605271
202300021166,22,12,2023,2025-12-05 09:50:00,1,64,64527,2,1,3,6,Chemin De Banecau,43.345623,-1.470816
202300021167,21,12,2023,2025-12-05 10:20:00,1,16,16222,1,1,2,1,D674 - Pk 38+800,45.344711,0.079651
202300021168,22,12,2023,2025-12-05 12:10:00,1,24,24330,1,1,2,7,D6,45.053494,1.023461
202300021169,22,12,2023,2025-12-05 01:40:00,3,85,85295,1,1,1,6,D93,47.003267,-1.273155
202300021170,18,12,2023,2025-12-05 20:00:00,3,6,6152,1,9,1,6,Route De Biot,43.644185,7.047011
202300021171,22,12,2023,2025-12-05 14:15:00,1,68,68135,1,1,1,7,A35,47.586071,7.548949
202300021172,21,12,2023,2025-12-05 20:54:00,3,45,45146,1,1,2,2,A71 Pr 120 + 349,47.720751,1.891117
202300021173,22,12,2023,2025-12-05 17:10:00,1,11,11144,1,1,8,1,Adresse_Inconnue,42.870366,2.987874
202300021174,23,12,2023,2025-12-05 00:30:00,5,988,98821,1,1,1,1,Rt1- La Tontouta,-22.028981,166.231771
202300021175,22,12,2023,2025-12-05 15:05:00,1,974,97418,1,1,1,6,Rd 61 - Pk 1 + 14,-20.931942,55.540099
202300021176,20,12,2023,2025-12-05 19:15:00,5,971,97108,1,3,1,3,Vidon Robert,15.902617,-61.25158
202300021177,22,12,2023,2025-12-05 14:50:00,1,77,77264,1,2,8,3,Route Departementale 231,48.75264,2.943708
202300021178,20,12,2023,2025-12-05 20:00:00,5,77,77466,2,1,2,3,Rue De La Foret,48.82237136,2.90315068
202300021179,22,12,2023,2025-12-05 15:05:00,1,34,34081,1,1,1,2,D 162,43.305645,3.137214
202300021180,21,12,2023,2025-12-05 19:50:00,5,21,21038,1,1,2,2,D20B,47.1944,5.42819
202300021181,22,12,2023,2025-12-05 01:32:00,3,63,63284,1,1,1,1,M769,45.789643,3.202734
202300021182,21,12,2023,2025-12-05 22:10:00,3,38,38565,1,1,3,6,1520 Route De Chartreuse,45.303433,5.635343
202300021183,21,12,2023,2025-12-05 18:45:00,3,69,69077,1,2,2,1,Route Departementale 109,46.145886,4.763024
202300021184,22,12,2023,2025-12-05 11:35:00,1,17,17237,1,1,2,6,Chemin Du Canal Du Grand Garcon,45.872598,-1.0665
202300021185,8,12,2023,2025-12-05 08:45:00,2,22,22136,2,1,2,1,Rue Du Docteur Robin,48.182277,-2.760293
202300021186,20,12,2023,2025-12-05 08:00:00,3,35,35124,1,1,1,6,D57,47.748493,-1.709597
202300021187,20,12,2023,2025-12-05 17:30:00,5,27,27684,2,1,2,1,Rue Des Pecheurs,49.006873,1.218131
202300021188,22,12,2023,2025-12-05 11:40:00,1,60,60139,2,9,2,1,Place De L?Eglise,49.166504,2.245581
202300021189,21,12,2023,2025-12-05 17:40:00,3,60,60222,1,1,1,2,Route Nationale A Hatton,49.478752,2.302226
202300021190,22,12,2023,2025-12-05 08:55:00,1,60,60157,2,1,2,3,Rue De Saint-Just,49.384973,2.413019
202300021191,22,12,2023,2025-12-05 08:35:00,1,2,2684,2,4,2,6,31 Rue Barbusse,49.919827,4.13779
202300021192,21,12,2023,2025-12-05 16:14:00,1,13,13117,1,1,1,2,A7-Sens Lyon Vers Marseille,43.42468796,5.26516861
202300021193,21,12,2023,2025-12-05 14:30:00,1,83,83137,1,1,1,7,A57,43.12309563,5.95843036
202300021194,21,12,2023,2025-12-05 18:53:00,3,33,33550,1,1,2,4,Autoroute A 62,44.775,-0.55654
202300021195,21,12,2023,2025-12-05 09:50:00,1,33,33039,1,1,2,2,Rocade A 630,44.79255009,-0.54016642
202300021196,21,12,2023,2025-12-05 21:06:00,3,91,91534,1,1,1,3,Rn 118,48.72736,2.16585
202300021197,21,12,2023,2025-12-05 15:32:00,1,94,94034,1,1,2,3,A6B,48.75138018,2.32947546
202300021198,21,12,2023,2025-12-05 01:09:00,3,91,91661,1,1,2,6,Autoroute A10,48.68624,2.21258
202300021199,21,12,2023,2025-12-05 08:45:00,1,92,92064,1,1,8,6,A13,48.8382291,2.19103797
202300021200,21,12,2023,2025-12-05 08:30:00,1,78,78126,1,1,2,7,A13,48.837495,2.125009
202300021201,20,12,2023,2025-12-05 08:48:00,5,92,92062,1,1,1,4,Rn1014 W,48.89101935,2.23950963
202300021202,21,12,2023,2025-12-05 19:30:00,3,95,95252,1,1,1,2,A15,48.981172,2.223851
202300021203,21,12,2023,2025-12-05 08:50:00,1,95,95018,1,1,1,3,A15,48.95528809,2.27796417
202300021204,14,10,2023,2025-12-05 15:05:00,1,29,29019,2,1,1,2,Avenue Victor Le Gorgeu,48.399738,-4.496257
202300021205,15,10,2023,2025-12-05 00:15:00,3,28,28404,2,1,1,7,Rn 154,48.6964,1.37686
202300021206,13,10,2023,2025-12-05 15:55:00,1,27,27681,2,2,1,3,Rouen (Avenue De),49.09594,1.48244
202300021207,9,10,2023,2025-12-05 16:45:00,1,25,25031,2,6,1,3,Dasle (Rue De),47.47855,6.84892
202300021208,13,10,2023,2025-12-05 18:50:00,1,23,23096,2,1,1,7,Europe (Rond Point De L'deg,46.17993,1.87713
202300021209,14,10,2023,2025-12-05 14:25:00,1,22,22215,1,1,1,2,Pont Noir (Rue Du),48.48964,-2.8402
202300021210,14,10,2023,2025-12-05 10:00:00,1,22,22278,2,1,1,1,Paris (De),48.50361,-2.7406
202300021211,14,10,2023,2025-12-05 02:25:00,5,13,13203,2,1,1,3,Plombieres (Boulevard Des),43.32037421,5.37688599
202300021212,14,10,2023,2025-12-05 17:35:00,1,11,11069,2,1,1,6,Rue Albignac,43.22056,2.35422
202300021213,14,10,2023,2025-12-05 04:05:00,3,7,7281,1,1,1,3,Puy-En-Velay (Avenue Du),44.93591,4.8199
202300021214,14,10,2023,2025-12-05 10:25:00,1,5,5061,2,3,1,2,Jean Jaures ( Avenue ),44.54870342,6.06706828
202300021215,14,10,2023,2025-12-05 13:25:00,1,3,3321,1,1,2,6,Rd 779,46.58004,3.38651
202300021216,14,10,2023,2025-12-05 12:20:00,1,75,75120,2,1,1,2,Bd Peripherique Interieur,48.866942,2.41322
202300021217,13,10,2023,2025-12-05 20:40:00,5,75,75119,2,1,1,4,Bd Peripherique Exterieur Porte De La Villette,48.900623,2.387504
202300021218,13,10,2023,2025-12-05 19:10:00,2,75,75119,2,1,1,4,Bd Peripherique Interieur Porte Des Lilas,48.881438,2.402473
202300021219,13,10,2023,2025-12-05 11:30:00,1,75,75116,2,9,1,4,Bd Peripherique Interieur Porte De Saint Cloud,48.839637,2.254165
202300021220,13,10,2023,2025-12-05 15:55:00,1,75,75106,2,3,1,1,Quai Des Grands Augustins,48.854607,2.342516
202300021221,14,10,2023,2025-12-05 16:00:00,1,75,75120,2,3,1,3,Rue Des Couronnes,48.871799,2.389332
202300021222,14,10,2023,2025-12-05 02:23:00,5,75,75120,2,1,2,3,Rue Etienne Dolet,48.86790651,2.38475534
202300021223,14,10,2023,2025-12-05 14:00:00,1,75,75119,2,1,1,2,Rue De L Ourcq,48.887135,2.384671
202300021224,13,10,2023,2025-12-05 22:15:00,5,75,75118,2,3,1,6,Rue Du Mont Cenis,48.897799,2.347237
202300021225,14,10,2023,2025-12-05 22:15:00,5,75,75116,2,3,1,3,Place Clement Ader,48.85128,2.278359
202300021226,14,10,2023,2025-12-05 02:34:00,5,75,75116,2,2,2,1,Avenue Foch,48.872685,2.284589
202300021227,14,10,2023,2025-12-05 18:47:00,3,75,75114,2,3,2,6,Rue Raymond Losserand,48.830947,2.312247
202300021228,14,10,2023,2025-12-05 20:35:00,3,75,75112,2,3,1,3,Place Lachambeaudie,48.83571,2.386078
202300021229,9,10,2023,2025-12-05 22:00:00,5,75,75112,2,2,1,4,Avenue De Nogent,48.84211,2.449116
202300021230,14,10,2023,2025-12-05 11:50:00,1,75,75108,2,1,1,3,Avenue Winston Churchill,48.865499,2.313846
202300021231,14,10,2023,2025-12-05 00:45:00,5,75,75108,2,3,1,6,Avenue De Marigny,48.86775719,2.31395817
202300021232,14,10,2023,2025-12-05 21:40:00,5,94,94033,2,1,8,6,Avenue Victor Hugo,48.859126,2.47648
202300021233,14,10,2023,2025-12-05 15:32:00,1,94,94054,2,3,2,3,19 Avenue Marcel Cachin,48.74859,2.41214
202300021234,14,10,2023,2025-12-05 15:05:00,1,94,94017,2,1,1,7,Avenue Marx Dormoy,48.81094553,2.51976264
202300021235,14,10,2023,2025-12-05 09:15:00,1,93,93039,2,1,1,6,Quai De La Marine,48.939527,2.339467
202300021236,14,10,2023,2025-12-05 14:40:00,1,93,93048,2,1,1,6,Rue De La Republique,48.85301702,2.42167679
202300021237,13,10,2023,2025-12-05 23:15:00,5,93,93029,2,2,1,6,Avenue Henri Barbusse / Rue Charles Gide,48.9166,2.44445
202300021238,14,10,2023,2025-12-05 20:30:00,5,93,93005,2,3,1,3,Rue Auguste Renoir / Rue Rembrandt,48.95344,2.49132
202300021239,14,10,2023,2025-12-05 20:10:00,5,92,92063,2,3,2,1,Doumer (Avenue Paul) Nord,48.87942086,2.17943609
202300021240,14,10,2023,2025-12-05 14:00:00,1,92,92071,2,1,2,2,General Leclerc (Avenue Du),48.77223964,2.31237173
202300021241,14,10,2023,2025-12-05 07:30:00,1,95,95445,1,1,1,2,A16,49.097472,2.293643
202300021242,14,10,2023,2025-12-05 09:35:00,1,80,80136,1,1,7,5,D329,49.965328,2.717571
202300021243,15,10,2023,2025-12-05 00:15:00,3,87,87178,1,1,1,6,Rd29,45.879612,1.373291
202300021244,13,10,2023,2025-12-05 09:08:00,1,46,46197,1,1,7,2,D820,44.35585524,1.4576674
202300021245,14,10,2023,2025-12-05 17:20:00,1,58,58102,1,1,1,1,Les Cabets,47.343388,3.103681
202300021246,12,10,2023,2025-12-05 10:00:00,1,89,89122,2,4,1,6,D79,48.287923,3.545821
202300021247,14,10,2023,2025-12-05 13:45:00,1,59,59229,1,6,7,2,Rue De Glageon,50.041083,4.027637
202300021248,14,10,2023,2025-12-05 19:00:00,1,19,19176,1,1,1,6,D142,45.40192,2.017985
202300021249,15,10,2023,2025-12-05 00:00:00,3,71,71484,1,1,1,6,1582 Route De Saint-Germain-Du-Bois,46.694969,5.263717
202300021250,14,10,2023,2025-12-05 20:20:00,3,71,71015,1,1,1,6,Rd978,46.951862,4.372553
202300021251,13,10,2023,2025-12-05 23:35:00,3,89,89086,2,1,1,6,15 Rue Gaston Chausson,47.920653,3.171739
202300021252,15,10,2023,2025-12-05 10:35:00,1,63,63188,1,1,1,7,D229 Pk 20,45.67789826,3.2785495
202300021253,15,10,2023,2025-12-05 01:10:00,3,61,61507,1,4,1,2,D312,48.54312,0.565908
202300021254,15,10,2023,2025-12-05 16:30:00,1,55,55013,1,1,1,5,Hameau De Lopigneux,49.425853,5.638218
202300021255,15,10,2023,2025-12-05 09:30:00,1,55,55222,1,1,1,1,D908,49.178358,5.651355
202300021256,15,10,2023,2025-12-05 00:00:00,3,55,55232,1,1,1,6,D903,49.096267,5.73791
202300021257,14,10,2023,2025-12-05 06:15:00,3,49,49125,1,1,1,7,Rue De Maury,47.202485,-0.399542