num_acc,jour,mois,an,hrmn,lum,dep,com,agg,int,atm,col,adr,lat,long
202300021258,13,10,2023,2025-12-05 00:00:00,3,47,47248,1,1,1,2,Route De Toulouse,44.15905097,0.72293096
202300021259,8,10,2023,2025-12-05 14:50:00,1,22,22294,1,1,1,6,D767,48.365951,-3.08086
202300021260,14,10,2023,2025-12-05 10:45:00,1,29,29160,2,3,1,3,Rue De Penhoat,48.456399,-4.455326
202300021261,14,10,2023,2025-12-05 18:00:00,1,2,2810,1,4,1,3,Adresse_Inconnue,49.26613238,3.12880457
202300021262,14,10,2023,2025-12-05 20:00:00,3,2,2140,2,1,1,6,57 Route De Noyon,49.523519,3.142793
202300021263,14,10,2023,2025-12-05 16:30:00,1,3,3319,2,1,1,7,Place Du Bourg,46.328528,3.061602
202300021264,15,10,2023,2025-12-05 07:30:00,2,26,26113,1,1,1,6,Route De Valence,44.767524,5.319518
202300021265,11,10,2023,2025-12-05 09:25:00,1,72,72208,1,1,1,3,D36,48.106557,0.790436
202300021266,15,10,2023,2025-12-05 10:00:00,1,14,14542,2,3,1,6,1 Chemin De La Messe,49.22526,-0.459822
202300021267,14,10,2023,2025-12-05 20:30:00,5,64,64448,2,3,1,3,Rue Principale,43.353456,-0.469537
202300021268,15,10,2023,2025-12-05 15:55:00,1,43,43218,1,1,1,6,Rd 28,45.064428,4.063654
202300021269,14,10,2023,2025-12-05 01:40:00,3,10,10355,1,1,6,7,D951,48.5074574,3.47689645
202300021270,15,10,2023,2025-12-05 16:15:00,1,24,24301,1,2,1,6,D60,45.052908,1.380973
202300021271,15,10,2023,2025-12-05 11:00:00,1,37,37205,2,1,1,1,2 Rue Frapesle,47.2478824,0.54732084
202300021272,15,10,2023,2025-12-05 14:30:00,1,24,24084,1,1,1,2,D53,44.79627,1.042825
202300021273,11,10,2023,2025-12-05 18:20:00,1,67,67309,2,2,7,1,Rue De L'Industrie,48.634327,7.715911
202300021274,14,10,2023,2025-12-05 12:09:00,1,35,35210,1,6,1,3,Rue De La Planche Fagline,48.147892,-1.755592
202300021275,14,10,2023,2025-12-05 13:50:00,1,69,69244,2,2,1,3,Avenue General Eisenhower,45.756651,4.782116
202300021276,14,10,2023,2025-12-05 20:45:00,5,6,6088,1,1,1,5,A8 Pk 186.200 Chaussee Nord,43.673222,7.199489
202300021277,15,10,2023,2025-12-05 16:45:00,1,34,34270,1,9,1,6,"A709, Voie D' Insertion A709, Sortie 32",43.565381,3.838434
202300021278,14,10,2023,2025-12-05 05:32:00,3,11,11322,1,1,1,5,"Autoroute A9, Pk 209.000, Sens Espagne / France",43.036384,2.952511
202300021279,15,10,2023,2025-12-05 11:30:00,1,988,98803,1,1,1,6,Rt3,-21.449374,165.481353
202300021280,14,10,2023,2025-12-05 10:45:00,1,44,44020,1,1,1,2,Route De Pornic,47.168958,-1.650395
202300021281,15,10,2023,2025-12-05 14:45:00,1,30,30130,2,1,1,7,Genolhac,44.336457,3.958855
202300021282,14,10,2023,2025-12-05 15:50:00,1,83,83068,1,3,1,3,Rd 558,43.28833864,6.49772584
202300021283,14,10,2023,2025-12-05 18:00:00,1,4,4152,2,1,1,6,Avenue De La Couosto,43.814913,5.745887
202300021284,15,10,2023,2025-12-05 07:00:00,4,89,89085,2,1,8,6,13 Route De Lyon,47.941014,3.492641
202300021285,15,10,2023,2025-12-05 04:00:00,3,42,42094,2,1,1,6,Route Bleue,45.748057,4.221931
202300021286,14,10,2023,2025-12-05 13:00:00,1,69,69242,2,2,1,3,Route Sainte Genevieve,46.132081,4.758582
202300021287,15,10,2023,2025-12-05 09:00:00,1,69,69020,1,6,1,1,Route Buissonniere,45.85902,4.669581
202300021288,11,10,2023,2025-12-05 12:42:00,1,31,31324,2,7,1,2,Avenue Des Pyrenees,43.196076,1.001692
202300021289,15,10,2023,2025-12-05 03:45:00,3,49,49023,1,3,1,3,La Foret (Geste),47.20169,-1.123009
202300021290,13,10,2023,2025-12-05 07:40:00,1,13,13117,1,1,1,2,A7-Sens Lyon Vers Marseille,43.45417014,5.23712977
202300021291,13,10,2023,2025-12-05 08:00:00,1,83,83137,1,1,1,3,A50,43.12632163,5.90983057
202300021292,14,10,2023,2025-12-05 10:45:00,1,91,91161,1,1,1,4,Autoroute A6,48.69567,2.31808
202300021293,14,10,2023,2025-12-05 12:10:00,1,91,91216,1,1,1,3,Autoroute A6,48.683846,2.328477
202300021294,13,10,2023,2025-12-05 19:45:00,3,91,91174,1,1,1,3,Rn 104,48.61647,2.45566
202300021295,14,10,2023,2025-12-05 08:40:00,1,92,92047,1,1,1,4,A13,48.83598254,2.18217218
202300021296,14,10,2023,2025-12-05 02:40:00,4,92,92048,1,1,6,7,N118,48.7911923,2.2202633
202300021297,13,10,2023,2025-12-05 21:30:00,3,78,78646,1,1,1,2,Rn12,48.789171,2.129723
202300021298,14,10,2023,2025-12-05 17:00:00,1,95,95582,1,1,1,3,A15,48.96359,2.26399
202300021299,14,10,2023,2025-12-05 16:52:00,1,93,93008,1,1,1,4,Autoroute A86,48.90892746,2.44905923
202300021300,14,10,2023,2025-12-05 05:30:00,5,93,93066,1,1,1,6,Autoroute A1,48.90785,2.3584
202300021301,14,10,2023,2025-12-05 03:20:00,3,95,95682,1,1,2,2,N104,49.06814,2.39187
202300021302,13,10,2023,2025-12-05 23:30:00,3,95,95212,1,9,6,7,A1,49.03336637,2.54209042
202300021303,13,10,2023,2025-12-05 08:20:00,1,95,95488,1,1,1,3,A15,49.018009,2.14144
202300021304,14,10,2023,2025-12-05 18:00:00,1,77,77083,1,1,1,6,A4.W,48.83345767,2.59320237
202300021305,14,10,2023,2025-12-05 16:00:00,1,94,94079,1,1,1,5,A4,48.83284555,2.53382868
202300021306,14,10,2023,2025-12-05 05:55:00,3,93,93051,1,1,1,2,A4,48.83507994,2.57743834
202300021307,14,10,2023,2025-12-05 05:10:00,3,94,94015,1,1,2,6,A4,48.82934939,2.52849537
202300021308,13,10,2023,2025-12-05 08:55:00,1,94,94004,1,1,1,3,N19,48.75008681,2.51503631
202300021309,13,10,2023,2025-12-05 07:30:00,2,94,94022,1,1,1,5,A86,48.7756511,2.41314483
202300021310,12,10,2023,2025-12-05 16:10:00,1,974,97416,1,9,1,1,Rn2 (2),-21.35233,55.5083
202300021311,13,10,2023,2025-12-05 12:20:00,1,974,97411,2,1,2,3,Ylang-Ylang (Chemin De L'),-20.9116,55.4804
202300021312,11,10,2023,2025-12-05 12:40:00,1,974,97411,2,1,1,2,Chaudron (Bld 2 Du),-20.89264,55.49156
202300021313,13,10,2023,2025-12-05 08:49:00,1,973,97302,2,1,1,3,Baduel (Route De),4.93651,-52.31434
202300021314,12,10,2023,2025-12-05 20:45:00,5,973,97302,2,3,1,1,Madeleine (Route De La),4.90973627,-52.32153207
202300021315,13,10,2023,2025-12-05 12:05:00,1,69,69386,2,1,1,6,30 Avenue Verguin,45.77279,4.85811
202300021316,13,10,2023,2025-12-05 12:05:00,1,69,69388,2,1,1,2,Boulevard Des Etats-Unis,45.72836,4.86825
202300021317,13,10,2023,2025-12-05 06:50:00,1,972,97213,2,1,2,4,Route Departementale 3,14.63894,-60.99176
202300021318,13,10,2023,2025-12-05 10:50:00,1,69,69389,2,1,1,6,Place Abbe Pierre,45.78646,4.79546
202300021319,13,10,2023,2025-12-05 08:10:00,1,69,69152,2,2,1,3,Rue Jules Guesde,45.69765,4.82123
202300021320,13,10,2023,2025-12-05 10:45:00,1,971,97101,1,1,1,7,Rn05,16.2824917,-61.50652885
202300021321,13,10,2023,2025-12-05 18:40:00,2,95,95572,2,1,1,6,Chennevieres (Avenue De),49.034909,2.110682
202300021322,13,10,2023,2025-12-05 20:26:00,5,91,91570,2,9,1,3,Saint Saens (Rue),48.6312,2.32857
202300021323,13,10,2023,2025-12-05 17:30:00,1,91,91425,2,1,1,3,Rue Des Bourguignons,48.646782,2.274368
202300021324,13,10,2023,2025-12-05 07:30:00,5,91,91692,2,3,8,3,Tropiques (Avenue Des),48.6844,2.1996
202300021325,10,10,2023,2025-12-05 08:15:00,1,89,89387,2,1,1,6,Verdun (Boulevard De),48.19698,3.29718
202300021326,10,10,2023,2025-12-05 12:26:00,1,87,87085,2,2,1,5,Isle (Rue D'),45.82471,1.23458
202300021327,14,10,2023,2025-12-05 01:01:00,5,86,86194,2,2,1,1,Avenue John Kennedy,46.589445,0.359995
202300021328,13,10,2023,2025-12-05 17:03:00,1,86,86194,1,9,1,4,Route De Bonnes,46.584451,0.392447
202300021329,13,10,2023,2025-12-05 11:07:00,1,84,84035,2,1,1,2,Liberation (Avenue De La),43.84887,5.03848
202300021330,13,10,2023,2025-12-05 14:50:00,1,84,84031,2,1,1,6,Moulin Avenue Jean,44.05707,5.05852
202300021331,12,10,2023,2025-12-05 13:46:00,1,84,84007,2,1,1,7,Gare (Avenue De La),43.92803,4.78535
202300021332,13,10,2023,2025-12-05 14:20:00,1,78,78502,2,1,1,6,Versailles (Route De),48.875901,2.104134
202300021333,13,10,2023,2025-12-05 14:30:00,1,78,78172,2,2,1,3,Le Guen (Rue Pierre),49.006722,2.12104
202300021334,13,10,2023,2025-12-05 22:45:00,5,77,77407,2,2,1,3,D607,48.52919,2.54666
202300021335,11,10,2023,2025-12-05 10:40:00,1,77,77269,1,1,1,6,D.215,48.56845,2.71652
202300021336,9,10,2023,2025-12-05 06:40:00,5,77,77445,2,1,1,6,Haie (Avenue De La),48.57856,2.59475
202300021337,13,10,2023,2025-12-05 13:25:00,1,77,77186,1,2,1,2,Rd152 De L'Obelisque A Panneau Onf,48.37286,2.64353
202300021338,13,10,2023,2025-12-05 13:30:00,1,76,76451,2,3,1,3,Avenue Du Mont Aux Malades,49.46602,1.07109
202300021339,13,10,2023,2025-12-05 19:07:00,1,72,72181,2,1,6,6,Geneslay Felix (Av) Ndeg Imp 385 Et Plus,47.97003,0.20452
202300021340,4,7,2023,2025-12-05 11:40:00,1,63,63278,1,2,1,3,D20/D211,45.931147,3.171723
202300021341,13,10,2023,2025-12-05 11:30:00,1,72,72181,2,9,1,3,Petite-Vitesse (Bd De La),47.99275,0.19828
202300021342,11,10,2023,2025-12-05 21:30:00,5,72,72181,2,9,1,3,Demorieux Entre Pt Chem De Fer Et Huisne,47.99826,0.18876
202300021343,4,7,2023,2025-12-05 15:50:00,1,1,1157,1,2,1,5,Adresse_Inconnue,46.031867,4.755709
202300021344,13,10,2023,2025-12-05 20:15:00,5,71,71306,2,1,1,2,Alouettes (Avenue Des),46.68,4.35
202300021345,3,7,2023,2025-12-05 14:50:00,1,64,64410,2,6,1,7,D9,43.367926,-0.627186
202300021346,12,10,2023,2025-12-05 09:00:00,1,71,71270,2,1,1,3,Rue De Flace,46.31445,4.82668
202300021347,4,7,2023,2025-12-05 15:45:00,1,1,1419,1,4,7,1,Rue De La Gare,46.228797,5.989013
202300021348,13,10,2023,2025-12-05 17:20:00,1,69,69264,2,1,1,6,406 Rue Ernest Renan,45.99337409,4.70718752
202300021349,13,10,2023,2025-12-05 19:00:00,1,69,69029,2,1,1,2,Route De Genas,45.75232376,4.90070395
202300021350,4,7,2023,2025-12-05 09:00:00,1,34,34123,1,1,1,4,Rn109,43.611619,3.801591
202300021351,13,10,2023,2025-12-05 17:10:00,1,69,69290,2,6,6,3,Rue De L'Aviation,45.72000726,4.93245865
202300021352,2,7,2023,2025-12-05 16:30:00,1,38,38208,1,1,1,6,D34,44.850666,5.692227
202300021353,13,10,2023,2025-12-05 11:00:00,1,69,69290,2,3,1,3,Avenue Jean Jaures,45.69728,4.93413
202300021354,3,7,2023,2025-12-05 23:45:00,5,30,30202,2,2,1,3,Avenue General De Gaulle,44.249726,4.645929
202300021355,12,10,2023,2025-12-05 11:45:00,1,69,69259,2,8,1,6,Boulevard Ambroise Croizat,45.70067,4.88755
202300021356,2,7,2023,2025-12-05 00:20:00,3,50,50624,1,1,1,6,Route De Gratot,49.075602,-1.47581
202300021357,13,10,2023,2025-12-05 23:22:00,5,68,68224,2,2,1,3,Lavoisier (Rue),47.75009,7.32748
202300021358,4,7,2023,2025-12-05 02:56:00,3,83,83140,1,1,1,7,Route Nationale 7,43.411969,5.908885
202300021359,13,10,2023,2025-12-05 17:30:00,1,67,67482,2,9,1,1,La Wantzenau (Route De),48.6193,7.79292
202300021360,4,7,2023,2025-12-05 04:18:00,2,77,77530,1,1,1,7,D403,48.607383,3.378457
202300021361,3,7,2023,2025-12-05 17:00:00,1,76,76602,1,1,1,1,Route D?Amiens,49.67454,1.10207
202300021362,13,10,2023,2025-12-05 06:25:00,5,67,67447,2,3,1,1,Bischwiller (Route De),48.60642,7.74885
202300021363,3,7,2023,2025-12-05 19:10:00,1,2A,2A271,2,3,1,3,T22,41.959835,8.806285
202300021364,11,10,2023,2025-12-05 16:45:00,1,66,66136,2,1,1,3,Adresse_Inconnue,42.69466,2.88917
202300021365,3,7,2023,2025-12-05 19:15:00,1,2B,2B046,1,1,1,7,D80,42.863194,9.481308
202300021366,13,10,2023,2025-12-05 01:31:00,5,65,65440,2,1,1,6,Rue De Gonnes,43.22936,0.07526
202300021367,4,7,2023,2025-12-05 16:00:00,1,63,63321,1,1,1,1,D14,45.604798,3.314041
202300021368,12,10,2023,2025-12-05 16:45:00,1,64,64189,2,1,1,6,Leclerc Marecha (Avenue),43.37725,-1.66815
202300021369,13,10,2023,2025-12-05 19:20:00,5,64,64041,2,9,1,7,Matachot,43.2804182,-0.33012897
202300021370,4,7,2023,2025-12-05 12:25:00,1,63,63178,2,1,1,3,Chemin Des Vigieres,45.55067199,3.26939017
202300021371,2,7,2023,2025-12-05 14:45:00,1,46,46265,1,1,1,7,D803,44.950179,1.658818
202300021372,13,10,2023,2025-12-05 12:18:00,1,64,64445,2,1,1,2,Catherine De Bourbon,43.32461,-0.35732
202300021373,4,7,2023,2025-12-05 08:45:00,1,41,41159,2,3,1,1,Rue Du 11 Novembre,47.536522,1.800631
202300021374,13,10,2023,2025-12-05 16:40:00,1,64,64102,2,1,1,3,Soult (Avenue Marechal),43.48354,-1.50098
202300021375,10,10,2023,2025-12-05 14:45:00,1,64,64102,2,1,1,3,Louis De Foix (Avenue),43.5079,-1.46742
202300021376,18,6,2023,2025-12-05 17:45:00,1,86,86053,1,2,1,3,D24,46.731441,0.115129
202300021377,18,6,2023,2025-12-05 06:59:00,2,86,86244,1,1,1,7,D29,46.357984,0.047153
202300021378,2,7,2023,2025-12-05 15:20:00,1,68,68182,1,1,1,6,Rue De Benken,47.498931,7.497064
202300021379,13,10,2023,2025-12-05 23:37:00,5,63,63075,2,3,1,3,Montjoly / Bergson,45.7746,3.0696
202300021380,13,10,2023,2025-12-05 18:15:00,1,61,61001,2,1,1,6,D112,48.4387,0.08391
202300021381,4,7,2023,2025-12-05 08:40:00,1,22,22046,1,1,2,6,La Croix Huet,48.292588,-2.498338
202300021382,26,6,2023,2025-12-05 07:15:00,1,25,25321,1,3,1,1,Ronde Sommette,47.047351,6.698592
202300021383,12,10,2023,2025-12-05 18:10:00,1,60,60325,1,1,1,3,Place Jacques Tati,49.40311,2.77797
202300021384,13,10,2023,2025-12-05 07:40:00,2,57,57672,1,1,1,6,Clemenceau (Avenue) 33+ Et 74+,49.36234,6.16351
202300021385,3,7,2023,2025-12-05 12:50:00,1,35,35263,1,2,1,3,Rue De Saint Vincent,48.674176,-1.941914
202300021386,13,10,2023,2025-12-05 11:15:00,1,54,54395,2,3,1,6,Rue Des Quatre Eglises,48.68739194,6.18357405
202300021387,13,10,2023,2025-12-05 06:30:00,5,54,54580,2,1,2,6,Rue De Verdun,49.465013,5.933382
202300021388,1,7,2023,2025-12-05 12:24:00,1,29,29167,1,1,1,1,Penfrat Huella,47.961627,-4.320073
202300021389,2,7,2023,2025-12-05 10:00:00,1,38,38480,1,1,1,6,D38,45.550881,5.006366
202300021390,10,10,2023,2025-12-05 08:30:00,1,51,51108,2,2,1,3,Metz (Ave De),48.95916,4.38358
202300021391,13,10,2023,2025-12-05 09:51:00,1,50,50218,2,1,1,1,Marguerite De Navarre (Rue),48.83578,-1.55463
202300021392,2,7,2023,2025-12-05 19:00:00,1,2,2569,1,1,1,1,Adresse_Inconnue,50.022566,3.673925
202300021393,4,7,2023,2025-12-05 09:30:00,1,2,2173,2,1,1,6,1 Rue De La Paix,49.616223,3.219278
202300021394,12,10,2023,2025-12-05 12:25:00,1,49,49007,2,2,1,3,Droits De L'Homme,47.47856,-0.54912
202300021395,3,7,2023,2025-12-05 21:55:00,2,3,3203,1,1,1,7,"Lieu-Dit ""Rosieres""",46.66225,3.636775
202300021396,13,10,2023,2025-12-05 18:10:00,1,45,45234,2,1,8,6,85 Rue Du Faubourg Saint-Jean,47.90768,1.88679
202300021397,22,6,2023,2025-12-05 18:26:00,1,72,72172,1,9,1,3,D52,48.063829,0.563084
202300021398,13,10,2023,2025-12-05 23:22:00,5,45,45208,2,2,6,3,26 Avenue Gaillardin,47.99423,2.73026
202300021399,4,7,2023,2025-12-05 13:20:00,1,6,6059,1,1,1,3,Moyenne Corniche,43.72144,7.343929
202300021400,9,10,2023,2025-12-05 11:20:00,1,42,42207,2,1,1,6,Rue De La Brosse,45.47597,4.51863
202300021401,3,7,2023,2025-12-05 17:45:00,1,83,83032,2,1,1,2,Route Departementale 562,43.474454,6.176419
202300021402,13,10,2023,2025-12-05 09:55:00,1,41,41269,2,1,1,3,Kennedy (Boulevard Du President),47.80023,1.0575
202300021403,21,6,2023,2025-12-05 11:10:00,1,45,45269,1,4,1,2,D2152 Pr 72 + 932,47.854225,1.744562
202300021404,12,10,2023,2025-12-05 22:40:00,3,41,41212,1,1,1,2,Rd 956,47.552,1.3863
202300021405,2,7,2023,2025-12-05 15:00:00,1,18,18197,2,1,1,3,25 Avenue Du General De Gaulle,46.728172,2.498746
202300021406,13,10,2023,2025-12-05 18:15:00,1,37,37261,2,1,1,3,Raspail (Rue),47.38012,0.70146
202300021407,10,10,2023,2025-12-05 12:55:00,1,37,37195,1,1,1,6,Rd 88,47.38979,0.64793
202300021408,30,6,2023,2025-12-05 11:10:00,1,36,36022,1,4,1,3,Adresse_Inconnue,46.61553857,1.68477289
202300021409,14,10,2023,2025-12-05 23:30:00,3,35,35278,2,1,1,6,Etang Du Diable (Rue De L'),48.13809602,-1.68555915
202300021410,30,6,2023,2025-12-05 17:15:00,1,85,85039,1,1,1,3,Rd 755,47.005739,-1.181727
202300021411,3,7,2023,2025-12-05 11:45:00,1,27,27243,1,1,1,3,D180,49.398693,0.310589
202300021412,13,10,2023,2025-12-05 17:00:00,1,35,35238,2,2,1,5,Pompidou ( Bd Georges),48.09822936,-1.68838084
202300021413,13,10,2023,2025-12-05 22:50:00,5,34,34172,2,1,1,3,Dezeuze (Rue Francois),43.60875,3.84194
202300021414,3,7,2023,2025-12-05 19:35:00,1,17,17482,1,2,1,3,D208,46.1413,-0.805564
202300021415,13,10,2023,2025-12-05 18:48:00,2,33,33162,2,1,1,4,Rue Du 19 Mars 1962,44.87122,-0.64827
202300021416,3,7,2023,2025-12-05 18:30:00,1,17,17093,1,1,1,1,D26E2,45.871728,-1.226993
202300021417,13,10,2023,2025-12-05 10:48:00,1,33,33318,2,3,1,3,Avenue Des Provinces,44.78887,-0.68265
202300021418,4,7,2023,2025-12-05 12:15:00,1,37,37172,1,1,1,1,Avenue Gustave Eiffel,47.44100706,0.6997776
202300021419,12,10,2023,2025-12-05 18:25:00,1,33,33119,2,6,1,2,Avenue Rene Cassagne,44.85841,-0.51532
202300021420,4,7,2023,2025-12-05 08:40:00,1,30,30133,2,4,1,1,Piste Cyclable Canal Du Rhone A Sete,43.540476,4.143037
202300021421,22,4,2023,2025-12-05 16:18:00,1,13,13007,1,1,1,1,D2,43.322774,5.666671
202300021422,13,10,2023,2025-12-05 15:10:00,1,33,33529,1,1,1,1,D259,44.60359,-1.17012
202300021423,22,4,2023,2025-12-05 11:15:00,1,13,13097,2,1,1,6,Rue Des Bergers,43.633761,4.801787
202300021424,3,7,2023,2025-12-05 15:30:00,1,88,88030,1,1,1,6,Rue Du Docteur Liegois,48.202367,6.145493
202300021425,21,4,2023,2025-12-05 23:45:00,3,67,67125,1,1,1,7,D203,48.347565,7.441821
202300021426,3,7,2023,2025-12-05 14:55:00,1,49,49092,1,1,1,3,Route Du Beaupreau,47.211308,-0.747719
202300021427,8,10,2023,2025-12-05 20:40:00,5,30,30189,2,2,1,6,Boulevard Des Arenes,43.83385,4.36002
202300021428,22,4,2023,2025-12-05 16:35:00,1,67,67335,1,1,1,7,Rue De L'Emetteur,48.639715,7.492504
202300021429,4,7,2023,2025-12-05 09:05:00,1,974,97415,1,1,1,6,D3,-21.07942,55.309194
202300021430,13,10,2023,2025-12-05 12:45:00,1,29,29232,2,2,1,3,Rue Henri De Bournazel,48.00131,-4.10631
202300021431,30,6,2023,2025-12-05 13:40:00,1,24,24207,1,1,1,2,Route De La Valade,44.799439,1.276329
202300021432,22,4,2023,2025-12-05 01:30:00,3,57,57631,1,1,1,6,N61,49.093576,7.039211
202300021433,13,10,2023,2025-12-05 15:15:00,1,29,29019,2,1,1,6,Place De Strasbourg,48.402029,-4.46752
202300021434,2,7,2023,2025-12-05 23:44:00,3,21,21423,1,1,1,6,Autoroute A6,46.99021122,4.85364109
202300021435,4,7,2023,2025-12-05 05:15:00,2,971,97103,1,1,1,6,Rn 2 Face A Destreland,16.250826,-61.590579
202300021436,23,4,2023,2025-12-05 15:40:00,1,73,73123,1,1,1,3,D909 - Route Du Col Des Aravis,45.859121,6.496997
202300021437,12,10,2023,2025-12-05 09:15:00,1,27,27229,2,3,2,3,Allende (Boulevard Du President),49.003402,1.14806
202300021438,2,7,2023,2025-12-05 04:30:00,5,987,98733,1,1,1,3,Pk 21.900 Rt1 Entree Vallee De Orofero,-17.696,-149.548
202300021439,1,7,2023,2025-12-05 22:45:00,5,971,97106,2,1,3,6,"N2, Section Monchy",16.09398,-61.769085
202300021440,13,10,2023,2025-12-05 11:00:00,1,21,21166,2,2,7,6,Gay Lussac (Rue),47.291083,5.020192
202300021441,4,7,2023,2025-12-05 09:45:00,1,2B,2B239,1,1,1,7,Rd38,42.6608009,9.366311
202300021442,22,4,2023,2025-12-05 13:10:00,1,9,9306,2,1,2,6,Rn 20 Face A La Brasserie Le St Roch,42.843834,1.601939
202300021443,12,10,2023,2025-12-05 16:40:00,1,21,21231,2,1,1,6,Aristide Briand (Avenue),47.330262,5.048271
202300021444,3,7,2023,2025-12-05 19:20:00,1,84,84054,1,1,1,1,1805 Chemin Des Dames Roses,43.881263,5.060677
202300021445,13,10,2023,2025-12-05 20:43:00,5,17,17306,2,6,2,7,D25,45.63954,-1.02505
202300021446,22,4,2023,2025-12-05 18:20:00,1,47,47094,1,1,1,3,D813,44.4449436,0.24422299
202300021447,12,6,2023,2025-12-05 16:50:00,1,13,13081,1,1,1,3,N Rd 113,43.503546,5.210094
202300021448,22,4,2023,2025-12-05 16:00:00,1,35,35072,1,2,1,6,Intersection Rd 178 - Rd 24,48.21872,-1.169499
202300021449,13,10,2023,2025-12-05 10:44:00,1,15,15014,2,6,1,3,Rd 120,44.92232,2.42787
202300021450,3,7,2023,2025-12-05 17:40:00,1,57,57039,2,2,1,3,Rue Du Lieutenant Yves Le Saux,49.072137,6.120018
202300021451,13,10,2023,2025-12-05 10:44:00,1,15,15012,2,7,1,3,Rd 320,44.90088,2.45917
202300021452,22,4,2023,2025-12-05 23:50:00,3,62,62318,2,2,2,3,D148,50.518209,1.651554
202300021453,4,7,2023,2025-12-05 17:35:00,5,73,73006,1,1,1,1,N90 - Tunnel Du Siaix,45.526525,6.577742
202300021454,11,10,2023,2025-12-05 11:50:00,1,15,15014,2,1,1,7,Briand (Avenue Aristide),44.91915,2.44517
202300021455,22,4,2023,2025-12-05 19:30:00,1,62,62235,2,1,1,3,D52,50.676239,1.637478
202300021456,4,7,2023,2025-12-05 12:30:00,1,42,42005,2,3,1,3,Avenue De Montbrison,45.529719,4.253061
202300021457,4,7,2023,2025-12-05 12:00:00,1,38,38247,2,2,1,1,47 Route De Lyon,45.81744,5.398863
202300021458,21,4,2023,2025-12-05 23:30:00,3,13,13071,1,1,1,5,A7-Sens Marseille Vers Lyon,43.41269032,5.2816386
202300021459,22,4,2023,2025-12-05 22:10:00,5,33,33249,1,1,1,6,Route Nationale 230,44.870673,-0.505344
202300021460,4,7,2023,2025-12-05 17:31:00,1,38,38317,1,1,1,3,Rn85,45.123891,5.693799
202300021461,13,10,2023,2025-12-05 16:30:00,1,13,13203,2,1,1,2,Loubon (Rue),43.31269566,5.38223337
202300021462,22,4,2023,2025-12-05 18:15:00,1,91,91086,1,1,1,7,Rn 104,48.624035,2.37459
202300021463,3,7,2023,2025-12-05 17:50:00,1,69,69220,1,1,1,6,2381 Route De Souzy,45.721192,4.450525
202300021464,27,6,2023,2025-12-05 17:00:00,1,33,33243,2,6,1,3,Place Jean Moulin,44.918836,-0.242162
202300021465,22,4,2023,2025-12-05 09:00:00,1,91,91553,1,1,2,6,Rn 104,48.63144,2.49509
202300021466,21,4,2023,2025-12-05 21:17:00,3,94,94021,1,1,1,7,A6A,48.769387,2.34486209
202300021467,2,7,2023,2025-12-05 20:50:00,1,14,14384,2,1,1,6,1 Avenue Du Marechal Foch,49.316391,-0.356922
202300021468,4,7,2023,2025-12-05 17:30:00,1,76,76401,1,1,1,6,Route Du Fayel,49.4963,0.72061
202300021469,21,4,2023,2025-12-05 19:00:00,1,91,91521,1,1,1,4,Autoroute A6,48.64262,2.39194
202300021470,3,7,2023,2025-12-05 16:25:00,1,60,60157,2,3,1,3,Rue Du Chemin Blanc,49.373537,2.416177
202300021471,22,4,2023,2025-12-05 15:00:00,1,95,95212,1,1,1,2,A1,49.02835153,2.53798332
202300021472,22,4,2023,2025-12-05 11:00:00,1,93,93066,1,1,2,2,Autoroute A86,48.92247728,2.35626225
202300021473,3,7,2023,2025-12-05 17:17:00,1,13,13212,1,1,1,2,A507 Sens Marseille - Aubagne,43.2913,5.42437
202300021474,22,4,2023,2025-12-05 07:00:00,1,95,95256,1,1,2,6,A115,49.04675736,2.18432665
202300021475,2,7,2023,2025-12-05 23:10:00,3,13,13001,1,1,1,2,A51-Sens Aix En Provence Vers Marseille,43.48379,5.40795
202300021476,21,4,2023,2025-12-05 21:00:00,3,93,93005,1,1,1,6,Autoroute A3,48.94503017,2.47686505
202300021477,1,7,2023,2025-12-05 03:31:00,3,59,59544,1,1,1,6,Autoroute A2,50.3653,3.59469
202300021478,7,1,2023,2025-12-05 16:56:00,1,36,36044,2,1,1,7,Avenue Jacques Chirac,46.81514,1.68482
202300021479,30,6,2023,2025-12-05 17:05:00,1,59,59383,1,1,1,6,Autoroute A2,50.33925,3.53282
202300021480,20,4,2023,2025-12-05 08:25:00,1,974,97416,1,1,1,7,Rn3 (Ancienne Route),-21.30497,55.49812
202300021481,30,6,2023,2025-12-05 05:40:00,2,62,62771,1,1,1,7,A21,50.43197,2.85597
202300021482,3,7,2023,2025-12-05 16:30:00,1,91,91553,1,1,1,2,Rn 104,48.628,2.482
202300021483,20,4,2023,2025-12-05 18:50:00,4,974,97411,2,3,2,3,Chaudron  (Bld 1 Du),-20.9031,55.48628
202300021484,21,4,2023,2025-12-05 10:30:00,3,973,97309,2,1,1,6,Troubiran (Chemin De),4.91915,-52.30486
202300021485,29,6,2023,2025-12-05 20:20:00,2,95,95277,1,1,1,2,A3,48.97474071,2.48863265
202300021486,2,7,2023,2025-12-05 05:00:00,3,95,95580,1,1,1,1,A1,49.08815,2.55096
202300021487,20,4,2023,2025-12-05 17:20:00,1,973,97302,1,3,1,7,Route Nationale 3,4.90380216,-52.31667137