num_acc,jour,mois,an,hrmn,lum,dep,com,agg,int,atm,col,adr,lat,long
202300021488,1,7,2023,2025-12-05 19:30:00,1,93,93066,1,1,1,3,Autoroute A1,48.90477,2.35847
202300021489,20,4,2023,2025-12-05 16:30:00,1,69,69389,1,2,1,3,Quai Raoul Carrie,45.8018,4.8385
202300021490,3,7,2023,2025-12-05 11:50:00,1,94,94065,1,1,1,5,N186,48.753896,2.353524
202300021491,19,4,2023,2025-12-05 10:15:00,1,69,69382,2,3,1,1,11 Quai Rambaud,45.74861,4.82
202300021492,3,7,2023,2025-12-05 02:40:00,3,94,94018,1,1,1,3,A4,48.82545834,2.39268336
202300021493,1,7,2023,2025-12-05 02:00:00,3,94,94028,1,1,2,2,A86,48.77630937,2.43517187
202300021494,19,4,2023,2025-12-05 09:25:00,1,69,69384,2,2,1,6,6 Rue Villeneuve,45.77493,4.82876
202300021495,20,4,2023,2025-12-05 20:05:00,1,2B,2B033,2,1,1,7,Toutes Rues,42.70077,9.43965
202300021496,5,3,2023,2025-12-05 14:55:00,1,14,14252,1,1,1,2,N158,48.995678,-0.255089
202300021497,1,1,2023,2025-12-05 09:50:00,1,972,97232,1,1,1,1,Ravine Plate,14.563512,-60.856522
202300021498,19,4,2023,2025-12-05 14:45:00,1,971,97113,2,1,1,3,Section Mare-Gaillard,16.21377,-61.43929
202300021499,29,4,2023,2025-12-05 17:35:00,1,43,43268,2,1,1,7,Chemin De La Galoche,45.147624,4.122402
202300021500,21,4,2023,2025-12-05 00:30:00,5,95,95280,2,2,1,6,Hoche (Avenue),49.02831568,2.46591568
202300021501,28,4,2023,2025-12-05 09:45:00,1,43,43111,1,1,1,5,Rn88,44.863911,3.84824
202300021502,20,4,2023,2025-12-05 06:30:00,2,91,91477,1,3,1,3,Saclay (Route De),48.71988,2.22504
202300021503,27,4,2023,2025-12-05 15:05:00,1,43,43051,2,1,1,6,Cote De Molle,45.060048,4.313754
202300021504,19,4,2023,2025-12-05 16:25:00,1,91,91201,2,1,1,7,Rue Pierre Brossolette,48.68634,2.42156
202300021505,14,4,2023,2025-12-05 16:15:00,1,43,43137,1,1,1,3,Les Bruyeres De Gournier,45.291796,4.14662
202300021506,9,4,2023,2025-12-05 04:45:00,5,43,43020,2,1,1,6,3 Route De Monistrol,45.296426,4.120412
202300021507,19,4,2023,2025-12-05 16:45:00,1,91,91027,2,1,1,6,Av Du 18 Avril,48.69838,2.38203
202300021508,2,7,2023,2025-12-05 06:35:00,2,976,97611,2,1,2,1,Route Departementale 3,-12.79152,45.18147
202300021509,19,4,2023,2025-12-05 16:27:00,1,91,91223,2,1,1,1,Republique (Rue De La),48.43267,2.16837
202300021510,2,7,2023,2025-12-05 12:50:00,1,974,97411,2,9,1,3,Rambaud (Leopold),-20.88571,55.47277
202300021511,18,4,2023,2025-12-05 16:35:00,1,90,90010,2,1,1,6,Descharrieres (Rue De L'Abbe),47.6456,6.85456
202300021512,2,7,2023,2025-12-05 10:30:00,1,974,97411,2,1,1,6,Bearn (Rue Du),-20.90355,55.49013
202300021513,19,4,2023,2025-12-05 17:07:00,1,87,87050,2,3,1,2,Garde (Rue De La),45.88043,1.22448
202300021514,1,7,2023,2025-12-05 22:05:00,5,973,97302,2,1,1,3,Cabassou (Route De),4.91999,-52.31957
202300021515,19,4,2023,2025-12-05 11:00:00,1,86,86194,2,1,1,6,Rue Des Carmelites,46.58585,0.339782
202300021516,28,1,2023,2025-12-05 15:39:00,1,86,86066,2,1,1,6,Avenue Camille Page,46.80719,0.52952
202300021517,2,7,2023,2025-12-05 06:45:00,1,69,69388,2,3,1,3,Avenue Des Freres Lumiere,45.74332,4.87424
202300021518,20,4,2023,2025-12-05 01:30:00,4,84,84007,2,1,1,6,C.De Gaulle (Rocade),43.93554,4.83201
202300021519,2,7,2023,2025-12-05 20:20:00,3,972,97213,1,9,1,6,Z I La Lezarde,14.6104,-61.00694
202300021520,2,7,2023,2025-12-05 15:45:00,1,972,97209,1,1,1,6,Fleuri Noel (Rue Du),14.62584,-61.05169
202300021521,20,4,2023,2025-12-05 13:13:00,1,78,78586,2,3,1,6,Berteaux (Maurice) Ndeg15 A 125,48.94025,2.16704
202300021522,2,7,2023,2025-12-05 14:50:00,1,972,97209,1,1,1,7,Plaine (Avenue De La Plaine),14.61736,-61.0486
202300021523,20,4,2023,2025-12-05 15:20:00,1,78,78551,2,1,1,6,Saint Leger,48.89524,2.08071
202300021524,1,7,2023,2025-12-05 19:00:00,5,971,97113,1,1,1,6,Section Leroux,16.24064,-61.46698
202300021525,1,7,2023,2025-12-05 17:20:00,1,2A,2A004,2,1,1,3,Recco Abbe Boulevard,41.938007,8.740096
202300021526,20,4,2023,2025-12-05 18:00:00,1,78,78440,2,6,1,3,Ampere (Rue),48.996891,1.913174
202300021527,2,7,2023,2025-12-05 22:24:00,3,95,95510,1,1,1,6,N14,49.05985417,2.01397419
202300021528,20,4,2023,2025-12-05 16:00:00,1,78,78440,2,1,1,3,Marechal Foch (Avenue Du),48.997295,1.908843
202300021529,19,4,2023,2025-12-05 11:33:00,1,78,78609,1,4,1,3,Cd 28,49.01582,1.91042
202300021530,1,7,2023,2025-12-05 10:29:00,1,91,91689,2,1,3,1,Che De Fresnes,48.742702,2.331009
202300021531,20,4,2023,2025-12-05 07:10:00,1,78,78005,1,4,1,3,Rd 30,48.9786,2.082
202300021532,19,4,2023,2025-12-05 11:35:00,1,77,77373,2,1,1,6,Rue De La Liberation,48.78058946,2.60025498
202300021533,1,7,2023,2025-12-05 19:00:00,1,91,91421,2,1,1,4,Nationale 6 (Partie Foret),48.68436,2.48875
202300021534,19,4,2023,2025-12-05 16:00:00,1,77,77390,2,1,1,3,Premiere Avenue,48.78997,2.65518
202300021535,2,7,2023,2025-12-05 16:40:00,1,77,77132,1,1,1,1,D344,48.8771,2.79832
202300021536,20,4,2023,2025-12-05 12:52:00,1,77,77307,2,1,1,3,Ch De La Bergame,48.87189,2.73687
202300021537,2,7,2023,2025-12-05 09:30:00,1,77,77058,2,1,1,6,Avenue Jacques Cartier,48.83473,2.7087
202300021538,20,4,2023,2025-12-05 14:21:00,1,69,69266,2,3,8,6,43 Rue De La Poudrette,45.76172261,4.9200651
202300021539,1,7,2023,2025-12-05 17:50:00,1,77,77124,2,3,1,7,D10,48.8621,2.72242
202300021540,20,4,2023,2025-12-05 18:25:00,1,69,69029,2,1,1,6,Boulevard Pinel,45.73021,4.88748
202300021541,2,7,2023,2025-12-05 23:10:00,5,73,73008,2,2,1,3,D991 Innocent Saint Route De,45.70883,5.89389
202300021542,2,7,2023,2025-12-05 23:20:00,5,69,69275,2,1,1,1,57 Route De Vaulx,45.77915844,4.94736692
202300021543,20,4,2023,2025-12-05 17:25:00,1,69,69259,2,2,1,3,Rue Gambetta,45.69644,4.8837
202300021544,2,7,2023,2025-12-05 10:45:00,1,69,69286,2,1,2,3,Route De Strasbourg,45.82508,4.90396
202300021545,2,7,2023,2025-12-05 17:45:00,1,64,64122,2,1,1,6,Edouard Vii (Avenue),43.48358,-1.55869
202300021546,20,4,2023,2025-12-05 08:50:00,1,69,69290,2,9,1,5,139 Route De Toussieu,45.68688,4.98393
202300021547,1,7,2023,2025-12-05 18:20:00,1,64,64122,2,6,8,7,"""Kennedy (Avenue Du President J,F)""",43.47031,-1.5552
202300021548,2,7,2023,2025-12-05 09:50:00,1,63,63070,2,1,8,2,Royat (Route De),45.74705,3.06339
202300021549,20,4,2023,2025-12-05 13:40:00,1,65,65286,2,1,1,6,10 Avenue Du Marechal Foch,43.09238,-0.04622
202300021550,30,6,2023,2025-12-05 15:38:00,1,62,62051,2,6,1,6,D 941,50.52072,2.79304
202300021551,30,6,2023,2025-12-05 22:57:00,5,51,51230,2,1,1,1,Mendes France (Place Pierre),49.04547,3.9587
202300021552,19,4,2023,2025-12-05 13:50:00,1,64,64102,2,1,1,2,Allees Marines (Avenue Des),43.50029,-1.49119
202300021553,2,7,2023,2025-12-05 11:05:00,1,38,38053,2,3,1,3,Tixier (Avenue),45.58857,5.28779
202300021554,18,4,2023,2025-12-05 22:10:00,2,63,63113,2,2,1,3,Lafayette / Sablon,45.77357,3.09
202300021555,2,7,2023,2025-12-05 12:00:00,1,37,37261,2,2,1,3,Malraux (Quai Andre),47.39753,0.69946
202300021556,20,4,2023,2025-12-05 22:15:00,5,61,61001,2,2,9,3,Rue Du Chateau,48.42813,0.0855
202300021557,1,7,2023,2025-12-05 15:50:00,1,35,35278,1,1,1,2,Porte De Maurepas,48.14083,-1.68911
202300021558,20,4,2023,2025-12-05 19:15:00,1,57,57480,2,3,8,3,Saint Andre (Rue ),49.09393,6.16807
202300021559,1,7,2023,2025-12-05 08:35:00,1,35,35115,2,6,2,3,Jaures (Bd Jean),48.35341031,-1.20088667
202300021560,20,4,2023,2025-12-05 17:30:00,1,56,56260,2,2,1,3,Boulevard Du General Monsabert,47.66206,-2.78132
202300021561,1,7,2023,2025-12-05 18:00:00,1,34,34003,2,1,1,6,Bagnas (Camp Naturiste,43.29702,3.517852
202300021562,20,4,2023,2025-12-05 18:20:00,2,54,54382,2,1,1,1,Jean-Baptiste Blondeau (Rue),49.5441,5.78243
202300021563,2,7,2023,2025-12-05 01:25:00,3,33,33249,2,6,2,1,Avenue Du President J.F. Kennedy,44.86572,-0.51384
202300021564,20,4,2023,2025-12-05 19:20:00,1,49,49099,2,1,1,1,Monnet (Rue Jean),47.0465,-0.88892
202300021565,2,7,2023,2025-12-05 12:12:00,1,19,19275,2,1,1,6,Rue Pierre Semard,45.55649945,2.31457686
202300021566,30,6,2023,2025-12-05 16:00:00,1,15,15014,2,2,1,3,N 122,44.91224,2.43681
202300021567,20,4,2023,2025-12-05 23:47:00,3,47,47031,1,1,1,2,Jean Jaures (Avenue),44.17623,0.65784
202300021568,2,7,2023,2025-12-05 07:10:00,1,14,14118,2,1,1,6,29 Rue Basse,49.184842,-0.35727
202300021569,20,4,2023,2025-12-05 02:25:00,4,45,45147,2,1,1,6,79 Rue Gustave Roland,47.92882,1.90672
202300021570,30,6,2023,2025-12-05 12:35:00,1,12,12145,2,1,1,3,De Gaulle Charles (Avenue),44.11591,3.06737
202300021571,19,4,2023,2025-12-05 17:30:00,1,39,39198,2,1,1,3,22 Boulevard Des Freres Lumiere,47.097965,5.499544
202300021572,27,6,2023,2025-12-05 11:20:00,1,12,12089,2,1,1,6,Decazes (Place),44.55538815,2.257213
202300021573,16,4,2023,2025-12-05 22:25:00,5,34,34032,2,2,1,3,Strasbourg (Bd De),43.34779,3.21693
202300021574,2,7,2023,2025-12-05 09:30:00,1,6,6088,2,1,1,6,Arene (Av. Paul),43.705305,7.250904
202300021575,19,4,2023,2025-12-05 11:45:00,1,33,33318,2,2,1,3,Avenue Du General Leclerc,44.7824,-0.68878
202300021576,1,7,2023,2025-12-05 04:25:00,5,75,75117,2,1,1,2,Porte De Champerret,48.886423,2.289297
202300021577,19,4,2023,2025-12-05 13:27:00,1,32,32013,2,9,1,2,Sadi-Carnot (Boulevard),43.6454,0.5878
202300021578,2,7,2023,2025-12-05 08:28:00,1,75,75105,2,3,1,1,Quai De Montebello,48.851923,2.349172
202300021579,19,4,2023,2025-12-05 07:25:00,1,32,32013,2,1,1,7,Amiral Pephau,43.63986,0.58811
202300021580,20,4,2023,2025-12-05 21:00:00,1,29,29232,2,6,1,6,Avenue Des Oiseaux,47.99209,-4.11969
202300021581,2,7,2023,2025-12-05 17:50:00,1,75,75119,2,3,1,2,Rue Delesseux,48.888312,2.38628
202300021582,2,7,2023,2025-12-05 12:30:00,1,75,75119,2,3,1,3,Rue De Belleville,48.877192,2.406547
202300021583,20,4,2023,2025-12-05 08:35:00,1,29,29232,1,1,1,4,Pont De Poulguinan,47.98330092,-4.11895037
202300021584,20,4,2023,2025-12-05 21:40:00,5,29,29039,2,1,1,6,Avenue Du Cabellou,47.85662211,-3.89911518
202300021585,2,7,2023,2025-12-05 03:50:00,5,75,75119,2,3,1,2,Avenue De Flandre,48.89112,2.377568
202300021586,20,4,2023,2025-12-05 15:10:00,1,29,29019,2,1,1,4,Boulevard Leon Blum,48.40224,-4.48423
202300021587,1,7,2023,2025-12-05 17:25:00,1,75,75117,2,5,1,3,Avenue De Saint Ouen,48.893011,2.327454
202300021588,20,4,2023,2025-12-05 19:40:00,2,28,28134,2,9,1,3,Kennedy (Avenue Du President),48.72827,1.38408
202300021589,2,7,2023,2025-12-05 17:00:00,1,75,75116,2,5,1,2,Boulevard Andre Maurois,48.87777813,2.27937412
202300021590,2,7,2023,2025-12-05 07:40:00,1,75,75116,2,3,1,3,Rue Joseph Et Marie Hackin,48.878363,2.279796
202300021591,20,4,2023,2025-12-05 09:55:00,1,25,25056,2,2,1,6,Carnot Avenue,47.242459,6.029622
202300021592,2,7,2023,2025-12-05 00:30:00,4,75,75116,2,1,1,6,Allee De Longchamp,48.865687,2.245546
202300021593,6,4,2023,2025-12-05 19:15:00,1,22,22113,2,1,1,2,Freres Lagadec (Rue Des),48.727757,-3.465825
202300021594,27,6,2023,2025-12-05 19:30:00,1,75,75114,2,3,1,7,Avenue Du Maine,48.836174,2.323471
202300021595,8,4,2023,2025-12-05 18:35:00,1,19,19031,2,1,1,2,Michelet (Boulevard),45.16547,1.54123
202300021596,2,7,2023,2025-12-05 13:40:00,1,75,75114,2,4,1,3,Avenue Jean Moulin,48.82703,2.324971
202300021597,19,4,2023,2025-12-05 17:45:00,1,17,17415,2,1,7,2,Saintonge A10 A Rocade Ouest Avenue De,45.740178,-0.656456
202300021598,2,7,2023,2025-12-05 16:45:00,1,75,75112,2,4,1,2,Quai De La Rapee,48.844476,2.368136
202300021599,20,4,2023,2025-12-05 23:30:00,3,16,16015,2,6,1,3,Bordeaux (Route De Ndeg Impairs),45.643079,0.136135
202300021600,2,7,2023,2025-12-05 05:35:00,2,75,75112,2,3,1,3,Boulevard De La Bastille,48.85149,2.369252
202300021601,2,7,2023,2025-12-05 13:20:00,1,75,75109,2,3,1,6,Rue De La Rochefoucauld,48.878633,2.334574
202300021602,19,4,2023,2025-12-05 17:30:00,1,15,15014,2,2,1,3,Leclerc (Avenue Du General),44.90919,2.4464
202300021603,20,4,2023,2025-12-05 15:01:00,1,13,13054,2,1,1,6,Saint Pierre (Che ),43.41196,5.20552
202300021604,2,7,2023,2025-12-05 06:30:00,1,75,75109,2,3,1,2,Place De Clichy,48.883875,2.328582
202300021605,20,4,2023,2025-12-05 17:30:00,1,7,7186,2,1,2,6,Vivarais (Bld.Du),44.71684,4.61277
202300021606,1,7,2023,2025-12-05 22:30:00,5,75,75109,2,5,1,2,Rue Pierre Fontaine,48.882148,2.333729
202300021607,1,7,2023,2025-12-05 20:00:00,1,75,75108,2,1,1,6,Rue D Amsterdam,48.878338,2.326973
202300021608,18,4,2023,2025-12-05 18:00:00,1,6,6123,2,3,1,3,De Gaulle General Avenue,43.66715,7.19256
202300021609,2,7,2023,2025-12-05 20:12:00,1,75,75103,2,3,1,3,Boulevard Beaumarchais,48.860106,2.367457
202300021610,1,7,2023,2025-12-05 21:25:00,1,75,75101,2,3,1,3,Boulevard De Sebastopol,48.862923,2.350697
202300021611,19,4,2023,2025-12-05 18:40:00,1,3,3310,2,5,1,3,Graves (Boulevard Des),46.1316,3.43187
202300021612,2,7,2023,2025-12-05 05:15:00,5,94,94073,2,1,1,2,Boulevard De Stalingrad,48.770824,2.401187
202300021613,20,4,2023,2025-12-05 15:20:00,1,75,75119,2,1,1,5,Bd Peripherique Interieur,48.88343,2.399739
202300021614,1,7,2023,2025-12-05 16:15:00,1,94,94075,2,1,1,6,Route De La Grange,48.734209,2.519676
202300021615,1,7,2023,2025-12-05 22:15:00,5,93,93078,2,1,1,3,110 Boulevard Robert Ballanger,48.95674,2.54277
202300021616,20,4,2023,2025-12-05 14:30:00,1,75,75119,2,4,1,2,Porte D Aubervilliers,48.900359,2.376642
202300021617,2,7,2023,2025-12-05 13:35:00,1,93,93027,2,1,1,6,Avenue Jean Mermoz,48.93246689,2.40825648
202300021618,20,4,2023,2025-12-05 03:55:00,5,75,75109,2,2,1,6,Rue Blanche,48.877786,2.331898
202300021619,2,7,2023,2025-12-05 12:20:00,1,92,92012,2,1,1,7,Pont De Sevres (Rond Point Du),48.82867183,2.23006904
202300021620,2,7,2023,2025-12-05 08:15:00,1,17,17094,2,1,1,7,Avenue De La Falaise,46.059195,-1.089149
202300021621,21,4,2023,2025-12-05 10:32:00,1,75,75120,2,1,8,7,Boulevard De Menilmontant,48.866593,2.383559
202300021622,3,7,2023,2025-12-05 12:15:00,1,69,69298,1,1,1,3,Route D'Heyrieux,45.6641154,4.99399441
202300021623,2,7,2023,2025-12-05 06:15:00,2,40,40296,1,1,2,6,D79,43.72853,-1.411754
202300021624,21,4,2023,2025-12-05 19:30:00,1,75,75116,2,1,1,4,Route Des Tribunes,48.862633,2.230855
202300021625,20,4,2023,2025-12-05 13:00:00,1,75,75116,2,2,1,3,Rue De La Pompe,48.859554,2.275202
202300021626,2,7,2023,2025-12-05 16:10:00,1,17,17131,1,1,1,4,Route De Royan,45.586777,-0.853565
202300021627,1,7,2023,2025-12-05 15:00:00,1,41,41045,1,1,1,7,Route Departementale 114,47.454457,1.217481
202300021628,21,4,2023,2025-12-05 18:50:00,1,75,75114,2,1,1,3,Avenue Du General Leclerc,48.83265944,2.3310703
202300021629,3,7,2023,2025-12-05 10:20:00,1,5,5027,1,1,1,7,D902,44.82719403,6.72914743
202300021630,1,7,2023,2025-12-05 03:00:00,3,62,62338,2,1,1,6,D 171,50.626679,2.820126
202300021631,20,4,2023,2025-12-05 17:40:00,1,75,75105,2,2,1,6,Boulevard Saint Marcel,48.836806,2.351853
202300021632,3,7,2023,2025-12-05 11:05:00,1,6,6109,1,1,1,3,Rm 6202 - Quartier Baus Roux,43.83722,7.194028
202300021633,21,4,2023,2025-12-05 17:20:00,1,75,75111,2,1,1,6,Avenue De La Republique,48.864608,2.378038
202300021634,2,7,2023,2025-12-05 11:55:00,1,22,22369,2,4,1,3,Place Des Ifs,48.3476,-2.263216
202300021635,21,4,2023,2025-12-05 14:00:00,1,75,75110,2,1,1,7,Rue Alibert,48.871725,2.367896
202300021636,3,7,2023,2025-12-05 00:05:00,3,61,61341,1,1,1,2,A28 Pk 168+840,48.522175,0.149688
202300021637,21,4,2023,2025-12-05 18:30:00,1,75,75107,2,2,1,2,Rue De L Universite,48.861049,2.313238
202300021638,2,7,2023,2025-12-05 08:50:00,1,51,51109,1,2,8,1,D26,49.287987,3.918337
202300021639,30,6,2023,2025-12-05 09:45:00,1,19,19278,1,3,1,3,Varetz,45.217924,1.418679
202300021640,21,4,2023,2025-12-05 19:15:00,1,75,75104,2,2,1,2,Pont D Arcole,48.855851,2.350816
202300021641,1,7,2023,2025-12-05 17:40:00,1,56,56002,1,3,1,3,Fleuriac,47.555061,-2.532064
202300021642,19,4,2023,2025-12-05 22:30:00,5,94,94081,2,1,1,3,Avenue Henri Barbusse,48.793006,2.394022
202300021643,4,6,2023,2025-12-05 10:50:00,1,79,79123,1,1,1,7,Adresse_Inconnue,46.801954,-0.64476
202300021644,21,4,2023,2025-12-05 01:30:00,5,94,94046,2,1,1,6,Rue Du 11 Novembre 1918,48.80685,2.43497
202300021645,2,7,2023,2025-12-05 04:40:00,3,81,81120,1,1,2,1,N112,43.5269236,2.293047
202300021646,2,7,2023,2025-12-05 23:00:00,3,71,71340,2,1,1,6,19 Rue Du Moulin,46.566521,4.218439
202300021647,19,4,2023,2025-12-05 20:45:00,2,94,94046,2,1,1,2,Rue Jean Jaures,48.793487,2.434428
202300021648,3,7,2023,2025-12-05 16:45:00,1,71,71085,1,1,1,7,6 Rue De Reme,46.929748,4.621425
202300021649,21,4,2023,2025-12-05 22:10:00,5,93,93072,2,2,1,2,Avenue Marcel Cachin / Rue Pierre Huet,48.9596,2.38215
202300021650,3,7,2023,2025-12-05 14:00:00,1,63,63223,1,1,1,2,Lieu Dit Montvachoux,46.11685257,2.88642555
202300021651,21,4,2023,2025-12-05 09:00:00,1,93,93071,2,2,1,3,Allee De Bir Hakeim / Allee Du Marechal Bugeaud,48.92888332,2.51926106
202300021652,1,7,2023,2025-12-05 18:46:00,1,63,63121,2,3,1,3,D797/D797B Route De Clermont/Champeix,45.613613,3.203684
202300021653,21,4,2023,2025-12-05 22:00:00,5,93,93066,2,1,1,6,Rue Gabriel Peri,48.936449,2.356065
202300021654,2,7,2023,2025-12-05 19:00:00,1,49,49218,1,1,1,3,Le Terreau (Le Fief-Sauvin),47.237697,-1.069681
202300021655,2,7,2023,2025-12-05 12:20:00,1,42,42026,2,1,1,2,13 Avenue De Verdun,46.150339,4.082729
202300021656,2,7,2023,2025-12-05 12:30:00,1,46,46047,1,1,1,6,Route Departementale 673,44.794323,1.555359
202300021657,21,4,2023,2025-12-05 17:55:00,1,93,93046,2,2,1,3,Avenue Gambetta / Allee Montpensier,48.91815955,2.52179459
202300021658,3,7,2023,2025-12-05 12:30:00,1,39,39201,1,1,1,2,Adresse_Inconnue,46.655915,5.790881
202300021659,3,7,2023,2025-12-05 11:15:00,1,44,44212,2,1,1,6,Rue Du Bois Brule,47.172364,-1.267376
202300021660,21,4,2023,2025-12-05 20:40:00,2,93,93001,2,9,1,3,Avenue Victor Hugo,48.91036,2.378963
202300021661,3,7,2023,2025-12-05 15:00:00,1,44,44043,2,1,1,7,17 Rue De La Mare Rouge,47.087427,-1.289966
202300021662,1,7,2023,2025-12-05 01:30:00,3,35,35340,1,1,2,7,Le Boulouee,48.03078108,-2.03481495
202300021663,21,4,2023,2025-12-05 18:00:00,1,92,92073,2,2,1,3,Jaures (Avenue Jean),48.86414,2.20821
202300021664,2,7,2023,2025-12-05 02:10:00,3,34,34154,1,1,1,2,D62,43.559014,4.030094
202300021665,21,4,2023,2025-12-05 19:10:00,1,92,92076,2,1,1,2,Republique,48.83723,2.15145
202300021666,29,6,2023,2025-12-05 15:41:00,1,31,31160,1,1,1,1,D17,43.708904,1.244899
202300021667,20,4,2023,2025-12-05 17:00:00,1,92,92051,2,3,1,6,Bailly (Rue),48.88597563,2.2610499
202300021668,3,7,2023,2025-12-05 03:15:00,3,31,31587,1,1,1,6,Route De Vacquiers,43.782536,1.433823
202300021669,21,4,2023,2025-12-05 10:30:00,1,92,92036,2,1,1,6,Gresillons (Avenue Des) (47/101),48.91997,2.31455
202300021670,2,7,2023,2025-12-05 00:00:00,3,38,38140,2,6,2,6,Avenue Ambroise Croizat,45.271728,5.888276
202300021671,21,4,2023,2025-12-05 17:20:00,1,92,92026,2,6,1,4,Trois Freres Leboeuf (Place Des),48.89768311,2.23824763
202300021672,7,6,2023,2025-12-05 18:50:00,1,1,1392,1,6,1,1,Moulin Du Pont,46.257164,5.566254
202300021673,21,4,2023,2025-12-05 18:55:00,1,92,92024,2,3,1,7,Martre (Rue) De (59 A 109)   (58 A 120),48.90212166,2.30705649
202300021674,3,7,2023,2025-12-05 12:00:00,1,70,70117,2,1,1,6,13 Rue De Chenebier,47.640027,6.782475
202300021675,1,7,2023,2025-12-05 20:55:00,1,58,58103,2,1,1,7,Route Du Parloir,47.438013,3.58141
202300021676,21,4,2023,2025-12-05 18:00:00,1,92,92024,2,3,1,3,Martre (Rue) De (59 A 109)   (58 A 120),48.90138105,2.30768278
202300021677,2,7,2023,2025-12-05 00:05:00,5,6,6035,2,1,1,6,Route De Castellar,43.805568,7.497584
202300021678,19,4,2023,2025-12-05 18:24:00,1,92,92009,2,1,1,6,Charles Duflos ( Rue ),48.91555047,2.2653649
202300021679,2,7,2023,2025-12-05 20:10:00,1,17,17482,1,1,1,1,D115,46.162266,-0.82818
202300021680,20,4,2023,2025-12-05 18:05:00,1,8,8179,1,1,1,6,D4,49.69094,5.045643
202300021681,3,7,2023,2025-12-05 11:34:00,1,87,87187,2,6,8,6,Rue D?Arsonval,45.509491,1.200795
202300021682,22,4,2023,2025-12-05 00:13:00,5,69,69279,2,3,1,6,Rue De La Republique,45.791437,5.045123
202300021683,29,6,2023,2025-12-05 19:35:00,1,42,42108,1,1,3,2,A72,45.607523,4.207882
202300021684,22,4,2023,2025-12-05 00:15:00,3,972,97207,2,1,1,6,Route Du Bac,14.584668,-60.977613
202300021685,2,7,2023,2025-12-05 18:50:00,1,67,67223,1,1,1,2,A35,48.497842,7.562209
202300021686,19,4,2023,2025-12-05 14:30:00,1,84,84039,2,1,1,7,Faubourg De Luynes,44.085971,4.882044
202300021687,2,7,2023,2025-12-05 16:10:00,1,38,38052,2,1,1,7,Rd 1091 Les Sables,45.084566,6.012783
202300021688,22,4,2023,2025-12-05 16:00:00,1,85,85109,1,1,1,3,Rd11-L'Aubonniere,46.8637,-1.092825
202300021689,1,7,2023,2025-12-05 16:59:00,1,73,73296,2,3,2,1,Avenue De Grande Motte,45.456808,6.898615
202300021690,21,4,2023,2025-12-05 17:45:00,1,85,85109,2,6,1,3,Rd160,46.87763,-1.012962
202300021691,29,6,2023,2025-12-05 16:50:00,1,28,28029,1,1,1,6,Autoroute A10 Point Kilometrique 069+120 Direction Province,48.164864,1.853672
202300021692,22,6,2023,2025-12-05 20:30:00,3,987,98724,1,1,8,6,Motu Maeva,-16.70158,-150.983541
202300021693,21,4,2023,2025-12-05 17:10:00,1,61,61464,1,1,1,6,A28 Pk180+580,48.61781,0.191713
202300021694,2,7,2023,2025-12-05 21:45:00,5,987,98748,2,1,8,6,Pk 04.500 - Rt 04 - Toahotu Pont De Aoma,-17.81,-149.243
202300021695,2,7,2023,2025-12-05 18:30:00,3,988,98817,1,1,1,1,Route De La Corniche,-22.27851,166.62211
202300021696,22,4,2023,2025-12-05 14:50:00,1,51,51237,1,2,1,3,N4,48.71864229,3.54735553
202300021697,3,7,2023,2025-12-05 08:29:00,1,972,97224,2,1,1,1,D13A Quartier Jambette Beausejour,14.64824,-61.04373
202300021698,21,4,2023,2025-12-05 15:15:00,1,56,56036,2,1,1,1,Rue Jean-Baptiste Martenot,47.784262,-3.342419
202300021699,1,7,2023,2025-12-05 18:00:00,1,2B,2B134,2,9,1,6,Allee Charles De Gaulle,42.629144,8.936943
202300021700,3,7,2023,2025-12-05 12:15:00,1,2B,2B084,2,1,1,6,Rd71,42.571287,8.888894
202300021701,21,4,2023,2025-12-05 19:08:00,1,76,76529,2,1,1,1,5A Rue Des Tisserands,49.72743,0.562243
202300021702,2,7,2023,2025-12-05 07:10:00,1,34,34006,1,1,1,6,Rd910,43.323866,2.782427
202300021703,22,4,2023,2025-12-05 10:43:00,1,2B,2B150,1,1,1,3,Rt30,42.59948,8.839606
202300021704,2,7,2023,2025-12-05 19:30:00,1,83,83101,1,1,1,5,1572 Route De La Rouillere,43.231545,6.611146
202300021705,21,4,2023,2025-12-05 21:00:00,3,71,71559,1,1,1,6,Champerny,46.284641,4.349293
202300021706,2,7,2023,2025-12-05 09:22:00,1,6,6141,1,1,1,7,D17,43.858018,7.124226
202300021707,22,4,2023,2025-12-05 08:10:00,1,71,71016,1,3,1,3,Route De Peronne,46.438733,4.766183
202300021708,3,7,2023,2025-12-05 13:00:00,1,5,5073,1,1,1,1,D942,44.361952,5.87539
202300021709,2,7,2023,2025-12-05 11:05:00,1,4,4096,2,7,1,6,Grand Rue,44.418847,6.733498
202300021710,21,4,2023,2025-12-05 18:40:00,1,42,42228,1,2,1,5,Route De Montbrison,45.561869,4.093831
202300021711,20,4,2023,2025-12-05 08:20:00,1,35,35204,1,1,7,1,D39,48.032244,-1.556218
202300021712,2,7,2023,2025-12-05 21:00:00,2,38,38425,1,1,1,2,Route De La Cnr,45.375822,4.762541
202300021713,21,4,2023,2025-12-05 17:00:00,1,29,29044,1,9,1,6,Menez Justice,48.213783,-4.137716
202300021714,21,4,2023,2025-12-05 19:00:00,1,29,29235,2,1,1,6,Rue D'Ouessant,48.39344,-4.406419