num_acc,jour,mois,an,hrmn,lum,dep,com,agg,int,atm,col,adr,lat,long
202300021715,21,4,2023,2025-12-05 18:15:00,1,58,58134,2,1,1,2,Rue Edouard Vaillant,46.939034,3.257765
202300021716,22,4,2023,2025-12-05 16:35:00,1,72,72168,1,3,1,1,La Petite Maison Neuve,47.998749,-0.120394
202300021717,22,4,2023,2025-12-05 16:55:00,1,6,6103,2,2,1,6,M69,44.01673,7.309352
202300021718,22,4,2023,2025-12-05 13:20:00,1,83,83122,1,3,1,2,Hotel L'Ermitage,43.77378068,6.21838528
202300021719,15,4,2023,2025-12-05 16:45:00,1,64,64279,1,6,1,7,D918,43.344601,-1.402313
202300021720,22,4,2023,2025-12-05 10:15:00,1,7,7181,2,3,1,3,Rue Jean Ferrat,44.741765,4.745622
202300021721,21,4,2023,2025-12-05 15:21:00,1,53,53271,2,1,1,6,Parking Super U,48.34126108,-0.2711606
202300021722,21,4,2023,2025-12-05 17:20:00,1,53,53008,1,1,1,3,Le Chene Des Croix,48.296328,-0.536141
202300021723,21,4,2023,2025-12-05 02:15:00,3,53,53062,2,9,1,6,Rue Abel Cahour,47.824749,-0.705107
202300021724,21,4,2023,2025-12-05 23:15:00,3,85,85146,1,1,1,2,Rd 1763  Pr  5+450,46.99245,-1.35054
202300021725,22,4,2023,2025-12-05 14:20:00,1,30,30116,1,1,1,1,N100,43.943379,4.621564
202300021726,21,4,2023,2025-12-05 16:40:00,1,8,8263,1,1,8,2,Adresse_Inconnue,49.73866084,4.78226066
202300021727,22,4,2023,2025-12-05 04:45:00,3,973,97307,1,1,1,7,Rn 2,4.841634,-52.339393
202300021728,20,4,2023,2025-12-05 17:50:00,1,31,31216,1,1,1,2,A68,43.740088,1.590893
202300021729,28,3,2023,2025-12-05 08:30:00,1,6,6085,2,1,1,6,Chemin Des Campelieres,43.580608,7.006974
202300021730,19,4,2023,2025-12-05 18:18:00,1,44,44028,1,1,1,7,Adresse_Inconnue,47.34032,-1.378167
202300021731,20,4,2023,2025-12-05 19:30:00,1,67,67460,1,1,1,6,Autoroute A4 - Entre Pk 454.600 Et 454.700 - Sens Paris Vers Strasbourg,48.769242,7.598006
202300021732,21,4,2023,2025-12-05 20:24:00,1,6,6088,1,1,1,6,"A8, Pk 197.530",43.728668,7.260442
202300021733,22,4,2023,2025-12-05 10:15:00,1,40,40312,1,1,2,6,A 63 Pk 169,43.518084,-1.442213
202300021734,8,8,2023,2025-12-05 13:50:00,1,76,76650,1,3,1,3,D39,49.612399,0.290532
202300021735,22,4,2023,2025-12-05 07:00:00,2,83,83116,1,1,1,2,Autoroute,43.45429,5.877771
202300021736,7,8,2023,2025-12-05 23:30:00,3,2B,2B126,1,1,1,1,Rt 50,42.184729,9.36887
202300021737,21,4,2023,2025-12-05 07:25:00,1,987,98712,2,4,1,3,Avenue Pomore Rt2 Est,-17.279,-149.542
202300021738,20,4,2023,2025-12-05 13:40:00,1,34,34202,2,1,1,6,71 Avenue Du General Grollier,43.585998,3.772465
202300021739,8,8,2023,2025-12-05 12:45:00,1,2B,2B050,2,1,1,1,Route De Porto,42.568298,8.75134
202300021740,21,4,2023,2025-12-05 21:15:00,2,973,97305,1,1,3,2,Route Nationale 1,4.969705,-52.439321
202300021741,8,8,2023,2025-12-05 19:00:00,1,65,65362,2,7,1,7,Place De La Gare,42.962857,-0.068166
202300021742,20,4,2023,2025-12-05 09:40:00,1,84,84019,2,3,1,3,Avenue Emile Lachaux,44.27739,4.765341
202300021743,27,7,2023,2025-12-05 11:50:00,1,69,69018,1,9,1,3,Route Du Tacot,46.16388973,4.56916345
202300021744,22,4,2023,2025-12-05 15:40:00,1,83,83146,1,1,1,1,Route Des Lacs,43.646355,6.015208
202300021745,9,3,2023,2025-12-05 19:15:00,3,69,69084,1,1,2,1,Route Du Chateau De Grand Pre,46.17995,4.6856
202300021746,21,4,2023,2025-12-05 14:05:00,1,26,26072,1,1,1,6,A7 Pk 048.775,45.118546,4.894699
202300021747,5,8,2023,2025-12-05 19:50:00,1,32,32256,1,1,1,6,N21,43.524196,0.416998
202300021748,21,4,2023,2025-12-05 18:35:00,1,71,71235,1,4,1,7,Rue Du Point Du Jour,46.33631,4.793181
202300021749,7,8,2023,2025-12-05 18:20:00,1,63,63209,2,3,1,6,Chemin Du Bourly / D717 Route D'Antoingt,45.488874,3.165243
202300021750,8,8,2023,2025-12-05 16:11:00,1,63,63261,1,3,1,3,Chemin De Paille,45.584361,3.27304065
202300021751,21,4,2023,2025-12-05 21:45:00,3,38,38562,1,1,1,3,N85,45.083835,5.760891
202300021752,21,4,2023,2025-12-05 18:05:00,1,7,7323,2,1,1,6,780 Route De Monsano,44.904374,4.822054
202300021753,8,8,2023,2025-12-05 15:30:00,1,55,55286,1,1,1,7,Voie Sacree,49.052636,5.288951
202300021754,22,4,2023,2025-12-05 00:19:00,4,16,16304,1,1,1,6,Route De Nercillac,45.695828,-0.270115
202300021755,7,8,2023,2025-12-05 15:43:00,1,12,12215,1,4,1,3,D840,44.485802,2.39687
202300021756,21,4,2023,2025-12-05 23:00:00,3,33,33321,1,1,2,6,N10,45.04132,-0.412446
202300021757,1,3,2023,2025-12-05 11:40:00,1,44,44210,2,1,1,6,102 Boulevard De L'Atlantique,47.300984,-2.206735
202300021758,6,8,2023,2025-12-05 17:00:00,1,44,44015,1,1,1,7,Adresse_Inconnue,47.47946487,-1.71590666
202300021759,8,8,2023,2025-12-05 12:30:00,1,29,29182,1,1,1,6,D786,48.63958321,-3.68181391
202300021760,21,4,2023,2025-12-05 23:50:00,3,61,61382,1,1,1,1,Rn12,48.45489,-0.015689
202300021761,7,8,2023,2025-12-05 16:10:00,1,38,38453,1,1,1,6,Route De Pont-En-Royans,45.108242,5.323648
202300021762,8,8,2023,2025-12-05 10:05:00,1,3,3082,2,1,1,6,Rue Du Creux Du Lac,46.287521,2.728622
202300021763,21,4,2023,2025-12-05 17:00:00,1,50,50139,1,3,1,3,Route De Saint-Lo - Rd 974,49.082974,-1.034281
202300021764,21,4,2023,2025-12-05 18:15:00,1,76,76321,2,9,1,1,500 Route De Dieppe,49.788281,1.222948
202300021765,8,8,2023,2025-12-05 12:55:00,1,15,15101,1,1,1,5,N 122,45.109029,2.770271
202300021766,21,4,2023,2025-12-05 15:07:00,1,76,76684,1,1,1,7,D39,49.488019,0.458851
202300021767,5,8,2023,2025-12-05 00:01:00,4,58,58242,2,1,1,3,7 Route De Brinon,47.373553,3.50134
202300021768,22,4,2023,2025-12-05 09:20:00,1,60,60282,2,2,3,3,1 Rue Edmond Leveille,49.18438,2.413395
202300021769,8,8,2023,2025-12-05 15:35:00,1,72,72090,2,9,1,3,Chemin De La Herse,48.054261,0.496852
202300021770,22,4,2023,2025-12-05 16:30:00,1,59,59581,1,3,1,3,Lieu Dit Grand Chemin,50.68513874,2.75677443
202300021771,7,8,2023,2025-12-05 16:16:00,1,64,64405,2,6,1,3,Rd 943,43.322887,-0.299002
202300021772,8,8,2023,2025-12-05 10:28:00,1,43,43203,2,1,1,7,Chemin Du Prat,45.130136,4.053805
202300021773,20,2,2023,2025-12-05 12:15:00,1,13,13106,1,1,1,5,A7-Sens Marseille Vers Lyon,43.39034,5.35011
202300021774,7,8,2023,2025-12-05 20:20:00,1,43,43015,1,1,1,6,Mont Mouchet,44.983256,3.35319
202300021775,20,4,2023,2025-12-05 08:35:00,1,83,83137,1,1,1,2,A50,43.12624,5.896363
202300021776,29,7,2023,2025-12-05 17:11:00,1,43,43156,1,1,1,1,Mahinc,44.884093,4.074737
202300021777,21,4,2023,2025-12-05 15:30:00,1,91,91689,1,1,1,2,Autoroute A6A,48.74863,2.32774
202300021778,21,4,2023,2025-12-05 18:15:00,1,92,92072,1,1,1,7,N118,48.82499763,2.221007
202300021779,7,8,2023,2025-12-05 20:03:00,2,85,85073,1,2,7,3,La Robliniere,46.487945,-1.17705
202300021780,8,8,2023,2025-12-05 08:20:00,1,37,37254,1,1,1,6,D82,47.236894,0.839789
202300021781,21,4,2023,2025-12-05 12:49:00,1,78,78118,1,1,1,2,A13,48.98244,1.686974
202300021782,7,8,2023,2025-12-05 15:05:00,1,30,30123,2,2,1,3,5 Rue De La Cavalerie,43.720505,4.17404
202300021783,20,4,2023,2025-12-05 08:29:00,1,92,92047,1,1,1,2,A13,48.83335317,2.16131084
202300021784,21,4,2023,2025-12-05 17:00:00,1,95,95018,2,1,1,2,A15,48.95204423,2.27986403
202300021785,7,8,2023,2025-12-05 21:37:00,4,42,42130,1,1,1,4,A72,45.682753,4.155589
202300021786,20,4,2023,2025-12-05 22:25:00,3,77,77121,1,1,1,3,A104,48.83683,2.66519
202300021787,29,7,2023,2025-12-05 09:00:00,1,973,97309,2,1,1,5,Route De Remire,4.897201,-52.274001
202300021788,21,7,2023,2025-12-05 15:50:00,1,68,68278,1,1,1,5,A35,47.742155,7.421619
202300021789,18,4,2023,2025-12-05 12:50:00,1,75,75117,2,1,1,4,Porte De Saint Ouen,48.900488,2.322065
202300021790,8,8,2023,2025-12-05 13:45:00,1,38,38253,1,1,1,1,D1091,45.033979,6.091704
202300021791,7,8,2023,2025-12-05 04:55:00,3,72,72363,1,1,5,6,"A11, Pk 142+100",48.10343828,0.54424882
202300021792,18,4,2023,2025-12-05 09:50:00,1,75,75116,2,1,1,5,Echangeur Auteuil,48.846575,2.254875
202300021793,17,4,2023,2025-12-05 09:10:00,1,75,75116,2,4,1,2,Porte De Saint Cloud,48.841434,2.254139
202300021794,20,4,2023,2025-12-05 15:45:00,1,75,75119,2,3,1,6,Boulevard De La Villette,48.882484,2.370418
202300021795,7,8,2023,2025-12-05 18:30:00,1,6,6149,1,1,7,5,"A8, Pk 205.450 Sens Italie-France",43.743805,7.34597
202300021796,20,4,2023,2025-12-05 22:15:00,5,75,75117,2,3,1,5,Avenue De La Porte De Clichy,48.894455,2.313438
202300021797,8,8,2023,2025-12-05 13:55:00,1,988,98817,1,1,1,1,Route Express Du Mont Dore,-22.231009,166.512169
202300021798,19,4,2023,2025-12-05 21:10:00,5,75,75116,2,1,1,3,Avenue Victor Hugo,48.868378,2.282312
202300021799,6,8,2023,2025-12-05 18:00:00,3,988,98833,1,1,1,7,Kouaoua,-21.456823,165.809194
202300021800,19,4,2023,2025-12-05 18:40:00,1,75,75116,2,9,1,3,Avenue De La Porte D Auteuil,48.847944,2.25734
202300021801,8,8,2023,2025-12-05 16:20:00,1,974,97403,2,1,1,7,Arret De Bus De La Ferme,-21.272129,55.463431
202300021802,3,8,2023,2025-12-05 22:00:00,5,66,66138,2,1,6,7,Adresse_Inconnue,42.752483,2.849139
202300021803,20,4,2023,2025-12-05 17:40:00,1,75,75115,2,2,1,6,Boulevard Victor,48.835982,2.278286
202300021804,8,8,2023,2025-12-05 14:25:00,1,66,66065,2,3,1,3,Adresse_Inconnue,42.599072,2.965043
202300021805,20,4,2023,2025-12-05 16:20:00,1,75,75115,2,3,1,7,Rue Des Morillons,48.834042,2.296968
202300021806,4,8,2023,2025-12-05 06:00:00,1,4,4039,1,1,1,7,Route Departementale 952,43.828935,6.466173
202300021807,6,8,2023,2025-12-05 16:30:00,1,4,4226,1,1,1,7,D908,44.32064,6.600852
202300021808,20,4,2023,2025-12-05 07:00:00,2,75,75115,2,2,1,3,Rue Louis Vicat,48.825482,2.300273
202300021809,7,8,2023,2025-12-05 14:45:00,1,21,21038,2,1,1,2,5 Rue De Chevigny,47.193744,5.396474
202300021810,20,4,2023,2025-12-05 08:49:00,1,75,75112,2,1,1,1,Port De La Rapee,48.84235,2.37107
202300021811,7,8,2023,2025-12-05 11:20:00,1,88,88173,1,1,1,3,N57,48.374041,6.258259
202300021812,20,4,2023,2025-12-05 18:57:00,1,75,75111,2,3,1,2,Boulevard Richard Lenoir,48.854075,2.382672
202300021813,7,8,2023,2025-12-05 23:40:00,5,7,7156,1,1,1,6,2770 Route Du Puy En Velay,44.674215,4.25658
202300021814,20,4,2023,2025-12-05 12:10:00,1,75,75120,2,2,1,3,Rue Belgrand,48.864789,2.401322
202300021815,7,8,2023,2025-12-05 20:30:00,1,29,29042,1,1,1,6,2 1-Kergoff-Porsalut,48.247887,-4.39819
202300021816,7,8,2023,2025-12-05 13:15:00,1,27,27242,1,1,1,1,D830,48.938034,0.82994
202300021817,20,4,2023,2025-12-05 09:55:00,1,75,75111,2,3,1,3,Rue De La Roquette,48.856375,2.37678
202300021818,20,7,2023,2025-12-05 16:45:00,1,60,60341,2,1,1,3,Route De Senlis,49.09320907,2.747969
202300021819,20,4,2023,2025-12-05 16:50:00,1,75,75110,2,3,1,6,Boulevard De Magenta,48.878248,2.354339
202300021820,7,8,2023,2025-12-05 11:15:00,1,13,13215,1,1,1,3,A7-Sens Lyon Vers Marseille,43.34361228,5.37576092
202300021821,6,8,2023,2025-12-05 22:25:00,3,33,33122,1,1,1,6,Autoroute A 63,44.726786,-0.73082685
202300021822,19,4,2023,2025-12-05 04:00:00,5,75,75109,2,3,1,3,Boulevard De Clichy,48.883862,2.328563
202300021823,4,8,2023,2025-12-05 07:10:00,2,59,59350,1,1,1,2,Route Departementale 652,50.64837,2.97886
202300021824,20,4,2023,2025-12-05 21:01:00,5,94,94044,2,1,1,1,Avenue Gabriel Peri,48.75270488,2.48581016
202300021825,6,8,2023,2025-12-05 10:23:00,1,78,78640,1,1,1,6,A86 Ext,48.779063,2.199744
202300021826,6,8,2023,2025-12-05 05:44:00,2,92,92025,1,1,1,7,A86,48.93542176,2.2605831
202300021827,7,8,2023,2025-12-05 01:35:00,3,95,95256,1,1,1,6,N184,49.05653,2.20573
202300021828,19,4,2023,2025-12-05 16:45:00,1,94,94068,2,3,1,6,Avenue Victoria,48.79788,2.49603
202300021829,20,4,2023,2025-12-05 11:10:00,1,94,94046,2,1,1,6,14 Rue Eugene Renault,48.81503,2.41835
202300021830,25,4,2023,2025-12-05 12:30:00,1,13,13056,2,1,1,1,Laurons Rue Des,43.3539,5.0255
202300021831,4,2,2023,2025-12-05 17:00:00,1,93,93029,2,2,1,6,Avenue Henri Barbusse / Rue Charles Gide,48.91661,2.44463
202300021832,3,8,2023,2025-12-05 19:00:00,5,988,98818,2,2,1,6,Rue Leon Coursin/Boulevard Exterieur,-22.27591,166.44901
202300021833,3,8,2023,2025-12-05 14:39:00,1,988,98818,2,2,1,3,Rue Leon Coursint/Rue De La Valbonne,-22.27549,166.44876
202300021834,6,8,2023,2025-12-05 01:00:00,3,974,97416,1,9,1,1,Badamier(Chemin),-21.32866,55.45894
202300021835,3,8,2023,2025-12-05 15:40:00,1,974,97416,1,1,1,2,Boeuf(Chemin),-21.2895,55.4647
202300021836,5,8,2023,2025-12-05 21:35:00,5,974,97411,2,3,1,3,Bois De Nefles (Rue Du),-20.90574935,55.47850657
202300021837,5,8,2023,2025-12-05 19:10:00,5,974,97411,2,2,1,3,Wagner (Avenue Richard),-20.89737,55.48272
202300021838,4,8,2023,2025-12-05 01:30:00,5,974,97411,2,1,1,6,Joffre (Boulevard),-20.87433,55.45347
202300021839,3,8,2023,2025-12-05 15:50:00,1,974,97411,2,9,1,3,Jaures (Boulevard Jean),-20.88844,55.44655
202300021840,3,8,2023,2025-12-05 10:00:00,1,974,97411,2,3,1,3,Labourdonnais,-20.87654,55.44828
202300021841,4,8,2023,2025-12-05 15:15:00,1,974,97407,2,3,1,3,Strasbourg(Boulevard),-20.93564027,55.29668864
202300021842,4,8,2023,2025-12-05 08:10:00,1,974,97407,2,2,7,6,Leconte Delisle,-20.93845,55.29007
202300021843,5,8,2023,2025-12-05 16:10:00,1,973,97302,2,9,1,3,Montabo (Route De) 1,4.9421032,-52.3047924
202300021844,5,8,2023,2025-12-05 13:50:00,1,973,97302,2,2,1,3,Digue Ronjon,4.93334087,-52.33167887
202300021845,6,7,2023,2025-12-05 09:25:00,1,973,97302,2,1,1,2,Baduel (Route De),4.93172,-52.3068
202300021846,20,7,2023,2025-12-05 08:00:00,1,973,97302,2,2,1,3,Jadfard (Rene),4.93495403,-52.32951298
202300021847,3,8,2023,2025-12-05 18:00:00,1,973,97302,2,1,1,3,Troubiran (Chemin De),4.92402,-52.30385
202300021848,3,8,2023,2025-12-05 06:20:00,2,973,97302,2,1,1,6,Cabassou (Route De),4.92001946,-52.31978059
202300021849,3,8,2023,2025-12-05 00:20:00,5,973,97302,2,1,1,7,Malouet,4.93650662,-52.33366773
202300021850,6,8,2023,2025-12-05 17:50:00,1,69,69386,2,3,1,2,Avenue Marechal De Saxe,45.76616,4.84443
202300021851,5,8,2023,2025-12-05 07:00:00,2,69,69387,2,1,1,6,Rue Jean Grolier,45.72122,4.84349
202300021852,4,8,2023,2025-12-05 14:56:00,1,69,69383,2,2,1,6,Rue Paul Bert,45.7562,4.84615
202300021853,4,8,2023,2025-12-05 10:30:00,1,69,69386,2,3,2,1,Rue Boileau,45.77071,4.84869
202300021854,3,8,2023,2025-12-05 13:00:00,1,69,69386,2,1,1,6,Cours Lafayette,45.76358987,4.84588357
202300021855,4,8,2023,2025-12-05 03:55:00,5,972,97209,2,1,1,6,Bishop (Avenue Maurice),14.60504,-61.0597
202300021856,2,8,2023,2025-12-05 13:40:00,1,69,69389,1,9,1,6,Bretelle Tassin Voie Sud,45.76648338,4.78973775
202300021857,3,8,2023,2025-12-05 00:22:00,3,2B,2B033,1,1,1,1,St Florent-Ancienne Rt De,42.68482,9.42202
202300021858,3,8,2023,2025-12-05 23:02:00,5,2B,2B120,1,1,1,2,11 - Rt,42.65373,9.44105
202300021859,5,8,2023,2025-12-05 02:30:00,5,971,97101,1,1,1,3,Grand Camp(Section),16.25386,-61.53622
202300021860,4,8,2023,2025-12-05 11:30:00,1,971,97101,1,1,1,2,Rn11,16.26832,-61.51189
202300021861,3,8,2023,2025-12-05 16:00:00,1,971,97101,2,1,1,6,Patrick Saint Eloi ( Avenue ),16.25249,-61.52502
202300021862,3,8,2023,2025-12-05 08:00:00,1,971,97105,2,1,1,3,Gaston Feuillard(Avenue),16.00324,-61.72767
202300021863,3,8,2023,2025-12-05 17:15:00,1,2A,2A004,1,1,1,2,Calvi  Route,41.95542643,8.7834996
202300021864,11,7,2023,2025-12-05 10:15:00,1,95,95268,2,1,1,1,D125,48.963953,2.411935
202300021865,5,8,2023,2025-12-05 10:15:00,1,91,91326,2,2,1,3,Alouettes (Avenue Des),48.69466,2.35899
202300021866,4,8,2023,2025-12-05 14:30:00,1,91,91687,2,3,1,6,De Fleury (Route ),48.65112,2.36821
202300021867,28,7,2023,2025-12-05 15:00:00,1,91,91228,2,1,1,6,Route De Mennecy,48.64133,2.4202
202300021868,5,8,2023,2025-12-05 04:45:00,3,91,91223,2,1,2,7,Gerofosse (Rue De),48.42811,2.1709
202300021869,4,8,2023,2025-12-05 18:42:00,1,89,89387,2,1,1,4,D606,48.19092,3.31149
202300021870,6,8,2023,2025-12-05 19:42:00,1,88,88383,2,9,1,1,Boulevard Thiers,48.01707,6.59511
202300021871,1,8,2023,2025-12-05 10:00:00,1,87,87050,1,3,1,3,Rn 147,45.90574,1.22264
202300021872,1,8,2023,2025-12-05 09:20:00,1,87,87085,1,1,2,1,Nexon (Rue De),45.80754,1.25542
202300021873,2,8,2023,2025-12-05 00:05:00,4,87,87050,2,1,1,6,Buxerolles (Route De),45.87685,1.24943
202300021874,1,8,2023,2025-12-05 06:12:00,4,87,87114,2,1,2,6,Autoroute A20,45.83579,1.28426
202300021875,6,8,2023,2025-12-05 12:20:00,1,85,85191,1,1,1,2,Rue Philippe Lebon,46.69944,-1.43092
202300021876,5,8,2023,2025-12-05 19:00:00,1,83,83137,2,4,1,1,Routes (Ave Des),43.13728,5.91443
202300021877,3,8,2023,2025-12-05 11:30:00,1,83,83069,2,9,1,2,Giens (Route De ),43.05903,6.14696
202300021878,6,7,2023,2025-12-05 18:15:00,1,82,82121,2,3,1,3,Voltaire (Rue),44.03,1.37
202300021879,1,8,2023,2025-12-05 12:50:00,1,80,80489,2,1,1,3,Great Eastern (Avenue),49.87261,2.37441
202300021880,6,8,2023,2025-12-05 15:45:00,1,78,78440,2,1,8,3,Avenue De La Republique,48.985935,1.912918
202300021881,6,8,2023,2025-12-05 08:50:00,1,77,77449,1,1,1,6,Av Paul Seramy,48.859584,2.794584
202300021882,5,8,2023,2025-12-05 13:00:00,1,77,77372,2,1,8,1,General Leclerc  (Rue   ),48.881918,2.697164
202300021883,4,8,2023,2025-12-05 19:00:00,1,77,77237,2,1,2,2,D10,48.837961,2.752948
202300021884,4,8,2023,2025-12-05 11:10:00,1,77,77108,2,1,1,6,D934,48.873,2.59
202300021885,2,8,2023,2025-12-05 01:30:00,5,77,77058,2,1,3,7,Genets (Boulevard Des),48.84341,2.720013
202300021886,6,8,2023,2025-12-05 14:53:00,1,77,77333,2,2,1,3,Rue De Paris,48.2671,2.6929
202300021887,4,8,2023,2025-12-05 17:30:00,1,77,77156,1,2,1,3,Che Des Pleignes,48.2823,2.73576
202300021888,5,8,2023,2025-12-05 10:50:00,1,76,76451,2,6,1,6,Avenue Du Mont Aux Malades,49.46241,1.07696
202300021889,4,8,2023,2025-12-05 09:40:00,1,76,76217,2,1,1,3,Groulard (Claude),49.92316,1.07316
202300021890,3,8,2023,2025-12-05 09:40:00,1,76,76026,1,1,2,7,Rn 27,49.87166,1.11728
202300021891,5,8,2023,2025-12-05 01:35:00,5,76,76476,2,3,1,3,Dufy  Raoul (Rue),49.48623,0.58723
202300021892,4,8,2023,2025-12-05 08:15:00,1,76,76114,2,1,1,6,Gambetta Leon (Rue),49.56961,0.47134
202300021893,4,8,2023,2025-12-05 08:20:00,1,74,74010,2,1,1,3,Rocade (Boulevard De La),45.90283,6.11052
202300021894,4,8,2023,2025-12-05 23:10:00,5,72,72181,2,1,1,4,Foucaudiere (Rue),47.97785,0.1995
202300021895,3,8,2023,2025-12-05 14:30:00,1,72,72181,2,9,2,2,Brossolette Pierre (Bd) Ndeg Pairs,47.97886,0.20522
202300021896,3,8,2023,2025-12-05 11:55:00,1,72,72181,2,9,2,3,Demorieux (Bd) Entre Huisne Et Rd-Point,47.9943,0.18539
202300021897,2,8,2023,2025-12-05 19:20:00,1,72,72181,2,9,1,1,Eichthal (Rue D'),47.99972,0.18625
202300021898,3,8,2023,2025-12-05 10:50:00,1,69,69092,2,4,1,3,Chemin Des Rousses,45.99406,4.70447
202300021899,2,8,2023,2025-12-05 13:50:00,1,69,69264,2,2,1,3,Boulevard Louis Blanc,45.98944,4.72161
202300021900,6,8,2023,2025-12-05 19:15:00,1,69,69199,1,2,1,3,Avenue Albert Ramboz,45.69447,4.84468
202300021901,6,8,2023,2025-12-05 10:10:00,1,69,69029,2,1,8,2,Route De Genas,45.75095056,4.90788344
202300021902,4,8,2023,2025-12-05 11:15:00,1,69,69259,2,1,1,3,Boulevard Irene Joliot Curie,45.71112,4.88203
202300021903,3,8,2023,2025-12-05 13:40:00,1,69,69029,2,1,1,2,11 Avenue Du President Salvador Allende,45.74339,4.93165
202300021904,3,8,2023,2025-12-05 10:00:00,1,67,67482,2,1,2,6,Polygone (Route Du),48.56325446,7.7617912
202300021905,2,8,2023,2025-12-05 12:32:00,1,66,66136,2,1,1,2,Adresse_Inconnue,42.67453,2.88637
202300021906,1,8,2023,2025-12-05 17:20:00,1,66,66136,2,1,1,6,Boulevard Henri Poincare,42.6913,2.89656
202300021907,5,8,2023,2025-12-05 20:00:00,1,64,64260,2,2,3,3,Leclerc (Boulevard Du General),43.36625,-1.76967
202300021908,5,8,2023,2025-12-05 16:40:00,1,64,64189,2,1,1,6,Benoit Pierre (Boulevard),43.38772,-1.67049
202300021909,28,7,2023,2025-12-05 19:08:00,1,64,64445,2,1,1,6,Marechal Leclerc Du,43.30337,-0.3484
202300021910,5,8,2023,2025-12-05 01:35:00,5,64,64132,2,6,1,7,Commandant Rene Mouchotte Du,43.30328,-0.32165
202300021911,4,8,2023,2025-12-05 15:20:00,1,64,64445,2,1,1,6,Henri Faisans,43.29972,-0.36181
202300021912,4,8,2023,2025-12-05 18:25:00,1,64,64125,2,1,1,7,Atherbea (Avenue),43.43768,-1.59054
202300021913,3,8,2023,2025-12-05 17:36:00,1,64,64102,1,1,1,6,Soult (Avenue Marechal),43.48707,-1.48546
202300021914,3,8,2023,2025-12-05 05:16:00,5,64,64102,2,9,8,7,Navarre (Avenue Henri De),43.51201,-1.43967
202300021915,5,8,2023,2025-12-05 12:45:00,1,63,63300,1,3,1,3,Rocade Rd 446,45.87606,3.09958
202300021916,4,8,2023,2025-12-05 16:23:00,1,63,63300,2,6,1,6,Adresse_Inconnue,45.88373986,3.1115824
202300021917,30,5,2023,2025-12-05 18:30:00,2,42,42293,1,1,1,3,Route De Bourg De Thizy,46.019742,4.277909
202300021918,30,5,2023,2025-12-05 07:25:00,1,42,42019,2,1,1,6,Route De Montbrison,45.739578,4.006416
202300021919,6,8,2023,2025-12-05 18:00:00,1,63,63063,1,3,1,3,M402 / M763,45.84332549,3.10765296
202300021920,30,5,2023,2025-12-05 12:00:00,1,46,46219,1,1,1,3,Departementale 5,44.603966,1.423298
202300021921,6,8,2023,2025-12-05 23:00:00,5,62,62193,2,9,1,3,Rue Salvador Allende,50.948228,1.87846
202300021922,2,8,2023,2025-12-05 16:50:00,1,62,62774,1,1,3,6,D940,50.94829,1.76066
202300021923,29,5,2023,2025-12-05 17:30:00,1,41,41097,1,1,1,1,D976,47.293861,1.627779
202300021924,27,5,2023,2025-12-05 04:05:00,3,86,86286,1,3,1,7,Les Loges Nord,46.869388,0.22894
202300021925,31,7,2023,2025-12-05 15:10:00,1,62,62178,2,2,2,3,Rue Augustin Caron,50.475059,2.538211
202300021926,2,8,2023,2025-12-05 15:50:00,1,62,62048,1,2,1,3,D183,50.51660204,2.46866584
202300021927,28,5,2023,2025-12-05 08:10:00,1,68,68062,1,2,1,3,D419,47.629682,7.195594
202300021928,28,5,2023,2025-12-05 18:45:00,1,31,31167,2,1,1,6,Route De Cabanac,43.044664,0.739346
202300021929,6,8,2023,2025-12-05 19:05:00,1,61,61001,2,2,1,3,Rue Du Docteur Leopold Bailleul,48.4305,0.0935
202300021930,30,5,2023,2025-12-05 14:20:00,1,2,2215,1,1,1,2,Adresse_Inconnue,49.448207,3.842146
202300021931,29,5,2023,2025-12-05 17:15:00,1,70,70171,2,1,7,6,23 Rue De La Gare D'Aillevillers,47.91298,6.337067
202300021932,2,8,2023,2025-12-05 09:05:00,1,60,60057,2,1,2,3,Rue De Clermont,49.43218,2.10798025
202300021933,27,5,2023,2025-12-05 15:10:00,1,26,26165,2,1,1,1,Avenue Leon Aubin,44.77221194,4.84292771
202300021934,4,8,2023,2025-12-05 14:30:00,1,59,59646,2,9,1,1,Wastyn (Rue Jean),50.686947,3.145995
202300021935,29,5,2023,2025-12-05 14:00:00,1,54,54383,1,1,1,7,D914,48.55400081,6.46455288
202300021936,4,8,2023,2025-12-05 13:03:00,1,59,59512,2,1,1,6,Alma  (Rue De L)',50.69827,3.16756
202300021937,29,5,2023,2025-12-05 18:40:00,1,14,14229,2,2,1,3,15 Rue Emile Nicol,49.232219,-0.044533
202300021938,3,8,2023,2025-12-05 16:54:00,1,59,59350,2,2,1,3,Rue Jacquemars Gielee,50.63545,3.0525
202300021939,4,8,2023,2025-12-05 14:14:00,1,57,57630,2,1,8,6,France (Av),48.73514,7.04796
202300021940,30,5,2023,2025-12-05 16:00:00,1,5,5164,1,1,1,4,Rn 94,44.52668,6.416981
202300021941,11,3,2023,2025-12-05 10:20:00,1,56,56121,2,2,8,2,31 Cours Louis De Chazelles,47.75285,-3.36184
202300021942,5,8,2023,2025-12-05 08:15:00,1,56,56260,2,6,2,3,Giratoire Du Dr Cadoret,47.66603,-2.74875
202300021943,29,5,2023,2025-12-05 16:15:00,1,64,64036,1,1,1,7,Route De Labastide,43.378922,-0.997814