num_acc,jour,mois,an,hrmn,lum,dep,com,agg,int,atm,col,adr,lat,long
202300021944,10,3,2023,2025-12-05 17:00:00,1,56,56098,2,1,2,3,Croizat ( Ave Ambroise ),47.777384,-3.344764
202300021945,6,8,2023,2025-12-05 09:43:00,1,54,54528,1,1,2,7,Rd904,48.70633,5.88458
202300021946,11,3,2023,2025-12-05 11:30:00,1,51,51454,2,1,1,6,Rue Marcel Thil,49.26265,4.02205
202300021947,30,5,2023,2025-12-05 09:55:00,1,64,64495,2,6,1,3,D918,43.3555,-1.553986
202300021948,3,8,2023,2025-12-05 16:15:00,1,54,54498,2,1,1,2,Avenue Du General De Gaulle,48.71345,6.25115
202300021949,29,5,2023,2025-12-05 21:39:00,3,18,18043,1,1,1,6,Adresse_Inconnue,46.778408,2.179218
202300021950,11,3,2023,2025-12-05 03:40:00,5,50,50502,2,1,4,6,Torteron (Rue),49.11461,-1.09596
202300021951,2,8,2023,2025-12-05 12:30:00,1,54,54395,2,6,2,2,Rue Marcel Brot,48.67649,6.20613
202300021952,11,3,2023,2025-12-05 11:55:00,1,49,49007,2,1,2,7,Birge Boulevard,47.48142,-0.52191
202300021953,27,5,2023,2025-12-05 09:49:00,1,43,43218,1,3,1,3,D15,45.035488,4.039857
202300021954,4,8,2023,2025-12-05 02:20:00,5,54,54261,2,1,2,6,Rue Du Coteau,49.51807,5.79973
202300021955,11,3,2023,2025-12-05 06:43:00,5,49,49007,2,2,2,3,Gaulle Boulevard Charles De,47.47012,-0.56224
202300021956,30,5,2023,2025-12-05 09:55:00,1,16,16286,1,9,1,2,Lieu-Dit Le Moulin,45.788759,-0.10555
202300021957,2,8,2023,2025-12-05 12:20:00,1,54,54323,2,2,2,3,Rue Anatole France,49.52545,5.76189
202300021958,11,3,2023,2025-12-05 18:40:00,1,45,45302,2,1,1,6,105 Allee De Bourgogne,47.93321,1.88664
202300021959,6,8,2023,2025-12-05 10:05:00,1,51,51454,2,1,2,7,Paix (Boulevard De La),49.25496,4.04039
202300021960,29,5,2023,2025-12-05 22:45:00,5,7,7007,2,3,1,1,4 Route De Valence,44.944705,4.729955
202300021961,4,8,2023,2025-12-05 08:30:00,1,51,51454,2,3,1,6,Myron Herrick (Place),49.25425,4.03115
202300021962,10,3,2023,2025-12-05 17:28:00,1,45,45208,2,2,2,3,14 Rue Jean Jaures,47.9939,2.73245
202300021963,2,8,2023,2025-12-05 16:25:00,1,50,50066,1,1,1,4,D973,48.81848,-1.54967
202300021964,30,5,2023,2025-12-05 10:30:00,1,40,40209,2,3,1,3,418 Avenue De La Plage,43.568653,-1.456437
202300021965,11,3,2023,2025-12-05 11:15:00,1,37,37261,2,2,1,3,Bedel (Rue Maurice),47.37818,0.69748
202300021966,15,11,2023,2025-12-05 07:30:00,2,19,19031,2,3,2,6,Kennedy (Avenue John),45.16722,1.54861
202300021967,6,8,2023,2025-12-05 14:25:00,1,49,49328,2,1,1,1,Nantilly (Place De),47.25313,-0.07716
202300021968,29,5,2023,2025-12-05 11:09:00,1,17,17485,2,2,1,1,Route De La Giraudiere,45.859031,-1.232336
202300021969,8,3,2023,2025-12-05 12:20:00,1,37,37261,2,2,2,3,Hugo (Rue Victor),47.38605266,0.67216158
202300021970,4,8,2023,2025-12-05 10:45:00,1,49,49328,2,1,1,3,Marceau (Rue),47.25133,-0.07659
202300021971,16,11,2023,2025-12-05 19:44:00,4,17,17200,2,2,1,3,Huit Mai 1945   Avenue Du,46.1861,-1.1507
202300021972,28,5,2023,2025-12-05 17:10:00,1,30,30003,1,6,1,3,Adresse_Inconnue,43.5598,4.15401
202300021973,11,3,2023,2025-12-05 11:30:00,1,32,32013,2,9,2,3,Route De Toulouse,43.65715,0.62741
202300021974,3,8,2023,2025-12-05 15:25:00,1,49,49328,2,1,2,1,D 93,47.246459,-0.079
202300021975,29,5,2023,2025-12-05 16:50:00,1,88,88075,2,1,1,6,34 Grande Rue,47.999733,6.870343
202300021976,10,11,2023,2025-12-05 18:05:00,5,14,14118,2,1,2,2,30 Avenue De Creully,49.19110902,-0.37393212
202300021977,15,7,2023,2025-12-05 00:50:00,5,49,49328,2,1,1,6,Gauthier (Quai Lucien),47.26031,-0.07457
202300021978,11,3,2023,2025-12-05 14:50:00,1,31,31555,2,6,2,3,Rte D Espagne,43.56303,1.42497
202300021979,6,8,2023,2025-12-05 00:44:00,5,49,49007,2,1,1,6,De Lattre De Tassigny,47.45716,-0.54394
202300021980,30,5,2023,2025-12-05 12:25:00,1,971,97103,2,9,1,3,Boulevard Des Armees La Jaille,16.254576,-61.558912
202300021981,16,11,2023,2025-12-05 19:00:00,5,13,13071,2,1,1,3,Plan De Campagne (Ave. De ),43.41381425,5.34406249
202300021982,11,3,2023,2025-12-05 15:00:00,1,26,26362,1,1,1,2,L.A.C.R.A Rn7 (Blv),44.95561704,4.93537188
202300021983,3,8,2023,2025-12-05 16:20:00,1,49,49007,2,9,1,3,Churchill Avenue Et Square,47.45146321,-0.55719137
202300021984,11,3,2023,2025-12-05 23:40:00,5,25,25056,2,6,1,7,Adresse_Inconnue,47.26304,6.05141
202300021985,16,11,2023,2025-12-05 12:30:00,1,13,13019,2,9,2,1,Route D'Apt,43.42369,5.36749
202300021986,16,11,2023,2025-12-05 12:10:00,1,13,13019,1,1,8,7,Route D'Apt,43.45045,5.36007
202300021987,9,4,2023,2025-12-05 10:20:00,1,13,13087,1,1,1,3,"Autoroute A8, Pioint Kilometrique 035.620, Direction Aix-En-Provence",43.479892,5.589595
202300021988,10,3,2023,2025-12-05 17:50:00,1,22,22278,2,1,1,6,Apollinaire (Guillaume),48.49688,-2.74759
202300021989,5,8,2023,2025-12-05 06:57:00,1,47,47001,2,1,1,5,Delpech (Av. Georges),44.21026,0.60988
202300021990,16,11,2023,2025-12-05 07:20:00,2,13,13103,1,1,1,1,Vieille Route De Pelissanne-Rd 17,43.63768,5.11839
202300021991,4,8,2023,2025-12-05 09:05:00,1,47,47001,2,1,1,3,Foch (Pl. Du Marechal),44.20621,0.61902
202300021992,11,3,2023,2025-12-05 18:25:00,1,14,14333,2,2,8,3,1 Clos Du Vert Galant,49.413513,0.230958
202300021993,16,11,2023,2025-12-05 22:30:00,5,13,13208,2,1,1,3,Andre Zenatti (Avenue),43.24634745,5.38765949
202300021994,28,5,2023,2025-12-05 12:20:00,1,77,77141,1,1,1,3,D 406,48.856005,2.857218
202300021995,3,8,2023,2025-12-05 15:30:00,1,47,47001,2,2,1,1,Luxembourg (Av. Maurice),44.19913024,0.62621641
202300021996,11,3,2023,2025-12-05 18:30:00,5,13,13211,2,1,1,2,Saint Menet (Avenue De),43.28971738,5.49548469
202300021997,27,5,2023,2025-12-05 07:30:00,1,95,95212,1,6,1,6,D165,49.02961709,2.55884618
202300021998,5,8,2023,2025-12-05 13:05:00,1,45,45232,2,1,1,2,Avenue Roger Secretain,47.87031,1.91204
202300021999,11,3,2023,2025-12-05 12:00:00,1,13,13206,2,1,1,1,Montee De La Bonne Mere,43.2842,5.3716
202300022000,4,8,2023,2025-12-05 12:30:00,1,45,45234,2,1,1,3,123 Rue Du Faubourg De Bourgogne,47.90328941,1.93186104
202300022001,25,5,2023,2025-12-05 21:15:00,2,95,95351,2,2,1,3,1 Gare (Place De La),49.050201,2.502139
202300022002,16,11,2023,2025-12-05 18:30:00,5,13,13208,2,1,1,5,Michelet (Boulevard),43.266308,5.394485
202300022003,11,3,2023,2025-12-05 21:25:00,5,6,6027,2,1,1,6,Kennedy Boulevard J.F.,43.652556,7.15178
202300022004,3,8,2023,2025-12-05 17:55:00,1,45,45208,1,1,1,6,Route Forestieres Des Sept Freres,48.0097,2.7477
202300022005,29,5,2023,2025-12-05 16:40:00,1,78,78305,1,1,1,7,Route De Boulemont,48.902442,1.888479
202300022006,5,8,2023,2025-12-05 15:00:00,1,42,42218,2,7,1,6,Rue Louis Soulie,45.44902,4.40191
202300022007,16,11,2023,2025-12-05 12:40:00,1,13,13203,2,3,1,2,Roger Salengro (Avenue),43.31451,5.37072
202300022008,10,3,2023,2025-12-05 16:15:00,1,5,5023,2,3,1,3,Maisons Blanches (Rue Des),44.88344986,6.6258502
202300022009,5,8,2023,2025-12-05 05:45:00,2,38,38421,2,6,1,7,Avenue Gabriel Peri,45.18251,5.77719
202300022010,10,3,2023,2025-12-05 22:30:00,5,974,97411,2,1,1,6,Mahy (Francois De),-20.896,55.485
202300022011,28,5,2023,2025-12-05 19:42:00,1,66,66017,1,1,1,7,D83,42.796275,3.026818
202300022012,15,11,2023,2025-12-05 12:05:00,1,13,13213,2,1,1,1,Francois Mignet (Avenue),43.33185,5.42872
202300022013,3,8,2023,2025-12-05 21:40:00,5,37,37261,2,2,2,3,Malraux (Quai Andre),47.39754,0.69944
202300022014,10,3,2023,2025-12-05 18:00:00,2,972,97213,1,1,1,2,Mahault,14.6182,-61.0068
202300022015,14,11,2023,2025-12-05 19:50:00,5,13,13206,2,1,1,3,Trois Freres (Rue Des),43.29301,5.38539
202300022016,3,8,2023,2025-12-05 16:40:00,1,37,37195,2,1,1,7,Rd 88,47.38948,0.6471
202300022017,9,3,2023,2025-12-05 16:00:00,1,972,97213,1,1,1,2,Acajou Prolongee,14.6238,-61.01864
202300022018,30,5,2023,2025-12-05 12:00:00,1,83,83059,1,3,1,5,D15,43.340138,6.096441
202300022019,4,8,2023,2025-12-05 22:10:00,5,35,35238,2,1,1,6,Patton (Avenue Du General Sir Georges),48.13402674,-1.66002721
202300022020,15,11,2023,2025-12-05 16:55:00,1,12,12145,2,3,8,6,Julie Georgette (Passage),44.10138,3.07639
202300022021,10,3,2023,2025-12-05 09:00:00,2,95,95277,1,1,2,3,Rd 170,48.97754,2.46241
202300022022,29,1,2023,2025-12-05 18:00:00,3,94,94065,1,1,1,2,A106,48.75843686,2.3477169
202300022023,30,5,2023,2025-12-05 17:30:00,1,13,13027,2,1,1,1,1054 Chemin Du Barret,43.885547,4.831288
202300022024,4,8,2023,2025-12-05 17:25:00,1,35,35238,2,3,1,3,Grimault (Bd Leon),48.09136,-1.6573
202300022025,28,1,2023,2025-12-05 17:50:00,4,92,92064,1,1,1,3,A13,48.83850309,2.19236003
202300022026,15,11,2023,2025-12-05 14:40:00,1,10,10357,1,1,1,1,Rocade Est (Rd 610),48.296225,4.137507
202300022027,27,5,2023,2025-12-05 22:50:00,5,13,13041,2,1,1,6,D58,43.434601,5.466009
202300022028,4,8,2023,2025-12-05 11:30:00,1,34,34129,1,1,1,3,Mauguio (Route De),43.57611,3.926
202300022029,29,1,2023,2025-12-05 17:50:00,3,95,95252,1,1,1,2,A15,48.97649655,2.23542974
202300022030,16,11,2023,2025-12-05 11:40:00,1,7,7186,1,1,1,6,Coux (Avenue De),44.73594,4.61219
202300022031,6,5,2023,2025-12-05 15:30:00,1,38,38205,1,1,1,6,Route De Saint Donat,45.124648,5.590475
202300022032,2,8,2023,2025-12-05 15:00:00,1,34,34172,2,1,1,6,Garrats (Avenue Des),43.61168,3.8389
202300022033,10,3,2023,2025-12-05 06:30:00,5,91,91471,2,6,2,5,Ferme (Rue De La),48.68492,2.1798
202300022034,28,1,2023,2025-12-05 22:40:00,3,93,93051,1,1,1,7,A4,48.83487165,2.58137503
202300022035,30,5,2023,2025-12-05 05:16:00,2,38,38317,1,1,1,1,Rn85,45.112542,5.699201
202300022036,16,11,2023,2025-12-05 13:40:00,1,6,6029,2,2,1,3,Alexandre Iii (Boulevard ),43.5466,7.03575
202300022037,28,1,2023,2025-12-05 11:05:00,1,72,72181,2,1,1,6,Bollee (Av) Ndeg Pairs 64 A 146,47.99815,0.21346
202300022038,4,8,2023,2025-12-05 08:10:00,1,34,34003,2,1,1,1,Passeur Challies (J12 A M13,43.28016,3.50074
202300022039,10,3,2023,2025-12-05 19:05:00,5,91,91097,2,6,2,6,Av Du Gal Charles De Gaulle,48.69057,2.5255
202300022040,28,5,2023,2025-12-05 20:20:00,1,1,1249,1,1,1,1,Chemin De La Vorla,45.811905,4.952897
202300022041,27,1,2023,2025-12-05 16:15:00,1,976,97611,2,1,1,3,Mamoudzou Centre-Commandant Passot (Plac,-12.78109,45.23405
202300022042,10,3,2023,2025-12-05 08:40:00,1,91,91479,1,1,2,2,Rte De Fontainebleau,48.71320577,2.37127125
202300022043,16,11,2023,2025-12-05 14:00:00,1,1,1289,2,2,7,1,Lyon (Ave De) Jusq' N,46.17130665,5.19691944
202300022044,4,8,2023,2025-12-05 20:20:00,1,33,33069,2,3,1,3,Avenue Felix Faure,44.85361,-0.59577
202300022045,28,1,2023,2025-12-05 05:25:00,2,974,97411,2,9,1,6,Rn2/091,-20.88546,55.47478
202300022046,30,5,2023,2025-12-05 08:30:00,1,69,69094,1,2,1,3,Route Du Col De La Luere,45.748834,4.663889
202300022047,10,3,2023,2025-12-05 16:40:00,1,83,83137,2,2,1,3,Pruneau (Ave General),43.12187,5.95566
202300022048,28,1,2023,2025-12-05 19:30:00,5,973,97302,2,3,2,3,Cabassou (Route De),4.91848,-52.31551
202300022049,4,8,2023,2025-12-05 14:45:00,1,33,33063,2,1,1,6,Boulevard Des Freres Moga,44.82946,-0.55259
202300022050,16,11,2023,2025-12-05 19:45:00,5,75,75113,2,1,2,3,Bd Peripherique Interieur,48.817416,2.354674
202300022051,28,1,2023,2025-12-05 16:25:00,1,972,97213,2,1,1,6,Route Departementale 3,14.60886,-60.99763
202300022052,4,8,2023,2025-12-05 01:42:00,3,33,33039,2,1,2,6,Route De Toulouse,44.79493054,-0.56772977
202300022053,10,3,2023,2025-12-05 09:30:00,1,83,83123,2,3,1,6,Europe Unie (Avenue),43.1187,5.808563
202300022054,18,5,2023,2025-12-05 16:30:00,1,33,33240,2,3,1,3,Cours Mal De Lattre De Tassigny,45.30635722,-0.93626607
202300022055,27,1,2023,2025-12-05 11:30:00,1,972,97209,2,1,1,2,Bishop (Avenue Maurice),14.61064,-61.05466
202300022056,16,11,2023,2025-12-05 17:15:00,2,75,75116,2,1,2,3,Porte De Saint Cloud,48.839637,2.254165
202300022057,1,8,2023,2025-12-05 20:42:00,1,33,33281,2,1,1,3,Avenue De Magudas,44.85632,-0.65088
202300022058,5,3,2023,2025-12-05 19:30:00,3,80,80131,1,1,1,7,Deportes Resistants (Rue Des),49.85295,2.38753
202300022059,15,11,2023,2025-12-05 16:20:00,1,75,75119,2,1,1,7,Porte De La Villette,48.900503,2.384818
202300022060,28,1,2023,2025-12-05 19:15:00,4,971,97113,1,1,1,5,Route De Champagne,16.23688459,-61.4776361
202300022061,9,3,2023,2025-12-05 17:00:00,1,78,78401,2,9,8,6,Brigitte Gros (Place),49.004766,1.910231
202300022062,4,8,2023,2025-12-05 17:50:00,1,33,33529,2,1,1,1,Parc Des Expositions (Ave Du),44.6059116,-1.12055719
202300022063,30,5,2023,2025-12-05 09:00:00,1,60,60282,2,3,1,3,Rue De Lamorlaye,49.172107,2.430658
202300022064,28,1,2023,2025-12-05 08:05:00,1,971,97113,1,1,1,7,Rn4 - Section Riviera,16.21849318,-61.50633574
202300022065,16,11,2023,2025-12-05 13:15:00,1,75,75105,2,2,2,6,Rue Des Ecoles,48.849937,2.343626
202300022066,24,7,2023,2025-12-05 17:02:00,1,33,33009,2,3,1,6,Desbiey (Crs) Du 99 Et +,44.6596,-1.17282
202300022067,24,1,2023,2025-12-05 17:37:00,1,84,84035,1,1,1,3,Vigneres-Rd98 (Route Des),43.86049,5.02548
202300022068,29,5,2023,2025-12-05 09:05:00,1,75,75116,1,1,1,6,A13W,48.8481802,2.25269079
202300022069,2,8,2023,2025-12-05 19:27:00,1,33,33009,2,1,1,1,Mestrezat (Bd),44.65571001,-1.14681199
202300022070,28,1,2023,2025-12-05 11:00:00,1,83,83137,2,1,1,3,15Eme Corps (Ave Du),43.12849,5.9153
202300022071,16,11,2023,2025-12-05 21:20:00,5,75,75119,2,2,1,2,Avenue Jean Jaures,48.885945,2.382193
202300022072,29,5,2023,2025-12-05 05:51:00,1,78,78217,1,1,1,6,A13,48.962786,1.836956
202300022073,27,1,2023,2025-12-05 10:15:00,1,83,83062,1,6,1,6,Route Nationale 98,43.137792,6.02591
202300022074,6,8,2023,2025-12-05 11:20:00,1,32,32013,1,1,1,3,Bois Du Couget (Chemin Du),43.62689,0.58726
202300022075,27,3,2023,2025-12-05 06:30:00,3,74,74012,2,1,2,7,Arve (Quai D'),46.185,6.22399
202300022076,9,3,2023,2025-12-05 18:48:00,5,76,76540,2,2,2,3,Rue Robert Schuman,49.43791,1.1021
202300022077,16,11,2023,2025-12-05 00:20:00,5,75,75118,2,3,1,3,Rue Damremont,48.893607,2.336333
202300022078,5,8,2023,2025-12-05 07:15:00,2,31,31555,2,1,1,1,Foulques (Allee Des),43.64745,1.42026
202300022079,10,3,2023,2025-12-05 02:20:00,3,71,71486,1,1,2,6,Rd 974,46.63529,4.33458
202300022080,24,3,2023,2025-12-05 11:15:00,1,74,74012,2,1,2,2,Leclerc (Avenue Du Marechal),46.18778,6.24834
202300022081,15,11,2023,2025-12-05 12:45:00,1,75,75115,2,2,1,3,Rue De La Convention,48.839256,2.291934
202300022082,28,1,2023,2025-12-05 12:50:00,1,77,77243,2,4,1,1,D10,48.875548,2.701622
202300022083,9,3,2023,2025-12-05 20:35:00,3,71,71040,2,1,3,5,Rn 70 (Route Express),46.70023,4.39115
202300022084,3,8,2023,2025-12-05 18:30:00,1,31,31555,2,1,1,7,Va007333 La Faourette A620 Sortie 26,43.573789,1.409993
202300022085,16,11,2023,2025-12-05 15:20:00,1,75,75114,2,1,2,6,Rue Du Faubourg Saint Jacques,48.838316,2.339351
202300022086,23,3,2023,2025-12-05 07:35:00,1,74,74007,1,2,1,3,D903,46.079129,6.313094
202300022087,10,3,2023,2025-12-05 14:30:00,1,69,69013,2,1,1,1,Route Departementale 686,46.00464383,4.71964671
202300022088,4,8,2023,2025-12-05 19:59:00,1,29,29232,1,9,1,1,Allee De Kervoalic,47.96627,-4.08226
202300022089,28,1,2023,2025-12-05 18:05:00,1,77,77070,1,4,1,1,D 934,48.787284,3.134132
202300022090,16,11,2023,2025-12-05 13:00:00,1,75,75113,2,1,3,3,Boulevard Massena,48.821287,2.368212
202300022091,4,8,2023,2025-12-05 06:52:00,2,29,29232,2,6,1,3,Rond-Point De Kerustum,47.97895,-4.09436
202300022092,7,3,2023,2025-12-05 19:36:00,5,66,66136,2,3,1,3,Adresse_Inconnue,42.69544,2.88225
202300022093,18,3,2023,2025-12-05 16:33:00,1,74,74133,1,1,1,1,Industrie (Rue De L'),46.18622,6.22155
202300022094,28,1,2023,2025-12-05 18:50:00,2,72,72181,2,1,1,3,Bollee (Av) Ndeg Imp 347 Et >,47.9987,0.23453
202300022095,16,11,2023,2025-12-05 16:00:00,1,75,75111,2,2,3,6,Avenue Parmentier,48.868117,2.372454
202300022096,1,3,2023,2025-12-05 17:00:00,1,74,74258,2,1,1,6,397 Avenue Du Fer A Cheval,46.08,6.728375
202300022097,28,1,2023,2025-12-05 23:00:00,5,69,69259,2,2,1,3,61 Boulevard Lenine,45.69175,4.86505
202300022098,10,3,2023,2025-12-05 05:55:00,5,64,64102,2,3,1,6,Boufflers (Allees),43.49301,-1.47268
202300022099,3,8,2023,2025-12-05 12:10:00,1,29,29232,2,1,1,5,Rue Emile Zola,47.98736,-4.0985
202300022100,27,1,2023,2025-12-05 17:40:00,5,62,62570,2,3,1,3,Rue Pierre Simon,50.4081655,2.880979
202300022101,16,11,2023,2025-12-05 10:17:00,1,75,75110,2,9,3,6,Boulevard De Strasbourg,48.869356,2.354295
202300022102,10,3,2023,2025-12-05 08:25:00,1,63,63113,2,1,1,1,Italie (Avenue De L'),45.78181,3.09542
202300022103,27,2,2023,2025-12-05 10:08:00,1,74,74281,1,6,8,3,Ferry (Av Jules) Apres Ndeg16,46.37814,6.49027
202300022104,6,8,2023,2025-12-05 12:56:00,1,29,29039,1,3,1,3,Rd 44,47.92067246,-3.92858079
202300022105,3,3,2023,2025-12-05 22:05:00,3,62,62764,1,9,1,6,D917,50.312383,2.776159
202300022106,28,1,2023,2025-12-05 05:55:00,5,60,60057,2,4,1,2,Rue Du General Koenig,49.43326,2.05267
202300022107,16,11,2023,2025-12-05 12:45:00,1,75,75108,2,1,3,6,Avenue Hoche,48.875829,2.300286
202300022108,22,2,2023,2025-12-05 22:15:00,3,74,74243,1,1,2,6,A40,46.131776,6.092981
202300022109,6,8,2023,2025-12-05 11:29:00,1,29,29039,1,1,1,7,Stang Ar Lin,47.885312,-3.904548
202300022110,9,3,2023,2025-12-05 18:15:00,1,59,59350,2,1,2,3,Hugo Victor  Bvd Ndeg104 - 294,50.6192,3.05261
202300022111,28,1,2023,2025-12-05 05:40:00,5,54,54395,2,2,1,3,Rue De Metz,48.70167,6.17156
202300022112,16,11,2023,2025-12-05 12:30:00,1,75,75108,2,2,3,7,Boulevard Haussmann,48.875051,2.306108
202300022113,9,2,2023,2025-12-05 07:05:00,2,74,74310,1,1,1,3,Avenue D'Aix-Les-Bains,45.82645625,6.04665678
202300022114,9,3,2023,2025-12-05 11:00:00,1,57,57221,2,1,2,3,Verdun (Rue De),49.32184,6.11254
202300022115,28,1,2023,2025-12-05 17:40:00,2,51,51454,2,1,1,3,Rue Jeanne D'Arc,49.25286,4.02688
202300022116,2,8,2023,2025-12-05 16:40:00,1,29,29039,1,1,8,2,Rue De Keriolet,47.88829472,-3.91495628
202300022117,16,11,2023,2025-12-05 20:45:00,5,75,75107,2,1,1,1,Quai Anatole France,48.860371,2.326719
202300022118,28,1,2023,2025-12-05 00:54:00,5,45,45147,2,6,1,6,400 Rue Du Faubourg Bannier,47.93398,1.89486
202300022119,23,1,2023,2025-12-05 13:10:00,1,73,73011,1,1,1,5,D1212,45.67027,6.3922
202300022120,15,11,2023,2025-12-05 19:30:00,5,75,75103,2,2,1,7,Rue De Bretagne,48.862485,2.363334
202300022121,10,3,2023,2025-12-05 18:20:00,2,56,56121,2,2,2,3,21 Rue Louis Cren,47.74264,-3.37953
202300022122,4,8,2023,2025-12-05 16:00:00,1,29,29019,2,2,1,1,Rue Marcellin Duval,48.413405,-4.486631
202300022123,28,1,2023,2025-12-05 13:15:00,1,44,44109,2,6,1,3,Place Du 8 Mai 1945,47.24336,-1.55659
202300022124,28,5,2023,2025-12-05 02:00:00,5,46,46042,2,1,1,1,Delattre De Tassigny (Avenue),44.45327,1.43138
202300022125,9,3,2023,2025-12-05 16:45:00,1,55,55545,2,1,1,6,Monjardin ( Allee ),49.148,5.391
202300022126,28,1,2023,2025-12-05 17:55:00,2,37,37261,2,2,8,3,Severine (Rue),47.37557,0.70591
202300022127,28,5,2023,2025-12-05 00:15:00,5,75,75117,2,1,1,6,Boulevard Peripherique Interieur Ouest,48.894393,2.305535
202300022128,15,11,2023,2025-12-05 12:30:00,1,94,94081,2,3,1,3,Rue De Seine,48.796571,2.409287
202300022129,28,1,2023,2025-12-05 11:45:00,1,34,34172,2,1,1,6,235A Avenue Paul Bringuier,43.61504,3.83982
202300022130,10,3,2023,2025-12-05 06:30:00,2,54,54357,2,1,1,6,Avenue Du General De Gaulle,48.70273,6.12882
202300022131,15,11,2023,2025-12-05 16:45:00,2,94,94046,2,1,1,6,7 Avenue Du General De Gaulle,48.813858,2.421412
202300022132,28,5,2023,2025-12-05 18:00:00,3,974,97411,1,1,1,2,Littoral (Route 1 Du),-20.8742,55.42903
202300022133,9,3,2023,2025-12-05 12:00:00,1,54,54395,2,9,2,6,Poincare (Rue Raymond 1-29-2-30),48.691,6.17496
202300022134,28,1,2023,2025-12-05 08:20:00,4,33,33063,2,3,1,5,Boulevard Alfred Daney,44.86675,-0.57375
202300022135,28,5,2023,2025-12-05 05:05:00,5,974,97411,2,1,1,6,Mace (Boulevard Gabriel),-20.87219,55.4499
202300022136,10,3,2023,2025-12-05 15:33:00,1,54,54323,1,1,1,7,Rn52,49.528381,5.755305
202300022137,28,1,2023,2025-12-05 06:15:00,3,33,33529,1,1,1,6,Adresse_Inconnue,44.61353171,-1.14771992
202300022138,16,11,2023,2025-12-05 18:30:00,5,94,94041,2,2,3,3,Rue Robespierre,48.81099,2.38357
202300022139,9,3,2023,2025-12-05 19:45:00,5,50,50502,2,1,2,6,Alsace Lorraine,49.11477,-1.09897
202300022140,28,1,2023,2025-12-05 18:16:00,5,31,31555,2,1,1,3,All Charles De Fitte,43.59952,1.42969
202300022141,28,5,2023,2025-12-05 05:50:00,2,974,97407,2,9,1,2,Route Nationale Ndeg 1,-20.95107,55.31852
202300022142,16,11,2023,2025-12-05 08:00:00,2,94,94038,2,1,3,6,Bd Paul Vaillant Couturier,48.77471,2.33967
202300022143,28,1,2023,2025-12-05 05:00:00,5,31,31555,1,1,1,3,Va007456 Sesquieres A620 Sortie 33,43.6479,1.42208
202300022144,9,3,2023,2025-12-05 10:10:00,1,50,50129,2,1,1,7,Caligny (Quai De),49.64213,-1.62193
202300022145,27,5,2023,2025-12-05 13:05:00,1,973,97302,2,1,1,3,Madeleine (Route De La),4.91055107,-52.3214719
202300022146,28,1,2023,2025-12-05 02:20:00,5,31,31555,2,1,1,2,Echangeur L'Union  (A61/A62),43.63584,1.47769
202300022147,15,11,2023,2025-12-05 08:40:00,1,94,94033,2,6,1,3,Avenue Louison Bobet,48.85250184,2.49063697
202300022148,10,3,2023,2025-12-05 22:30:00,5,49,49007,2,3,2,2,Monplaisir Boulevard,47.48781,-0.51643
202300022149,28,1,2023,2025-12-05 16:45:00,1,27,27229,2,1,1,3,Monod (Rue Jacques),49.02744805,1.18002176
202300022150,9,3,2023,2025-12-05 17:47:00,1,49,49015,2,1,2,7,Grandmont Avenue,47.48767,-0.5874
202300022151,28,5,2023,2025-12-05 15:50:00,1,69,69386,2,3,1,3,Avenue Thiers,45.76629,4.86166
202300022152,16,11,2023,2025-12-05 17:26:00,5,94,94022,2,9,2,3,Avenue De Lugo,48.77331,2.40947
202300022153,27,1,2023,2025-12-05 18:55:00,5,25,25056,2,3,1,3,Chalezeule Rue De (Sup 72),47.24814,6.04285
202300022154,10,3,2023,2025-12-05 20:30:00,5,45,45302,2,6,2,3,D197 Pr 3 + 278,47.96006,1.8807
202300022155,27,1,2023,2025-12-05 17:10:00,1,22,22106,2,2,1,1,Hauts Chemins (Rue Des),48.49044208,-2.70035684
202300022156,10,3,2023,2025-12-05 16:35:00,1,42,42170,1,4,8,7,Route De Roanne,46.03675,4.10431
202300022157,28,5,2023,2025-12-05 01:10:00,5,69,69387,2,2,1,3,Avenue Berthelot,45.74233,4.85078
202300022158,14,11,2023,2025-12-05 19:30:00,5,94,94042,2,3,2,3,Rue Henri Barbusse,48.81242,2.46745
202300022159,18,1,2023,2025-12-05 16:25:00,1,14,14118,2,1,2,6,63 Rue Armand Marie,49.16275,-0.35799
202300022160,10,3,2023,2025-12-05 19:58:00,5,41,41269,2,1,2,6,Chartrain (Faubourg),47.79567,1.06813
202300022161,28,1,2023,2025-12-05 20:30:00,3,13,13209,2,1,1,7,Col De La Gineste,43.24569,5.44611
202300022162,15,11,2023,2025-12-05 09:10:00,1,94,94017,2,1,1,3,Avenue Du General De Gaulle,48.82198161,2.49099956
202300022163,28,1,2023,2025-12-05 02:15:00,5,13,13209,2,1,1,1,Cabot (Boulevard),43.25883921,5.41714499
202300022164,9,3,2023,2025-12-05 20:30:00,5,41,41018,2,1,2,6,Vendome (Avenue De),47.60533,1.31347
202300022165,28,5,2023,2025-12-05 19:05:00,1,69,69081,2,3,1,3,Chemin De La Sauvegarde,45.77923,4.78783
202300022166,27,1,2023,2025-12-05 17:45:00,5,13,13205,2,1,1,6,Saint Pierre (Rue),43.29166,5.40416
202300022167,16,11,2023,2025-12-05 14:15:00,1,93,93066,2,1,2,6,Rue De Strasbourg,48.936066,2.365095