num_acc,jour,mois,an,hrmn,lum,dep,com,agg,int,atm,col,adr,lat,long
202300022168,10,3,2023,2025-12-05 18:05:00,2,38,38053,2,1,2,6,Rue Louis Braille,45.59584,5.23734
202300022169,28,1,2023,2025-12-05 12:40:00,1,11,11069,2,9,8,6,Adresse_Inconnue,43.20511,2.39686
202300022170,16,11,2023,2025-12-05 08:35:00,2,93,93062,2,6,2,6,Rond Point De Montfermeil,48.89595,2.52703
202300022171,27,5,2023,2025-12-05 13:20:00,1,971,97101,1,1,1,1,Route De Boisvins,16.26194,-61.46349
202300022172,27,1,2023,2025-12-05 20:15:00,5,7,7316,2,1,1,7,Montgolfiers (Avenenue Des Freres),44.8977,4.85183
202300022173,10,3,2023,2025-12-05 14:30:00,1,37,37122,2,1,1,2,Chinon (Boulevard De),47.35245,0.68851
202300022174,28,1,2023,2025-12-05 21:00:00,5,2,2059,2,1,1,1,50 Rue De Tergnier,49.65867,3.343829
202300022175,16,11,2023,2025-12-05 07:33:00,2,93,93055,2,3,2,3,Avenue Jean Jaures / Rue Condorcet,48.9058062,2.39467182
202300022176,28,5,2023,2025-12-05 15:30:00,1,2A,2A004,2,3,1,3,Sampiero Bd,41.92494,8.7389
202300022177,10,3,2023,2025-12-05 07:45:00,1,37,37261,2,7,2,3,Jaures (Place Jean),47.39032,0.68969
202300022178,26,1,2023,2025-12-05 22:30:00,5,92,92062,2,3,1,2,De Dion Bouton (Quai) Du 1 Au 28,48.87707876,2.24117607
202300022179,16,11,2023,2025-12-05 18:10:00,5,93,93053,2,1,2,6,Rue De Brement,48.88913766,2.45488322
202300022180,27,1,2023,2025-12-05 07:50:00,2,75,75120,2,1,1,2,Porte De Montreuil,48.858121,2.414325
202300022181,28,5,2023,2025-12-05 06:04:00,2,95,95488,2,3,1,6,Paul Eluard (Rue),49.02155,2.16081
202300022182,9,3,2023,2025-12-05 18:45:00,1,34,34108,2,3,1,3,10 Avenue Du Muscat,43.4434,3.7492
202300022183,16,11,2023,2025-12-05 08:30:00,2,93,93050,2,1,3,6,Avenue Pascal,48.86976,2.55346
202300022184,26,1,2023,2025-12-05 17:30:00,5,75,75117,2,1,2,3,Porte De Clichy,48.895158,2.30641
202300022185,28,5,2023,2025-12-05 02:20:00,5,83,83137,2,1,1,2,Herriot (Ave Edouard),43.12915,5.89727
202300022186,25,1,2023,2025-12-05 18:50:00,2,75,75116,2,1,1,2,Echangeur Maillot,48.87783829,2.27973282
202300022187,16,11,2023,2025-12-05 20:40:00,5,93,93048,2,1,2,3,Boulevard Aristide Briand,48.872676,2.453368
202300022188,10,3,2023,2025-12-05 20:00:00,5,34,34172,2,1,1,2,12 Avenue Henri Mares,43.62042,3.85619
202300022189,28,1,2023,2025-12-05 02:00:00,5,75,75120,2,1,1,2,Boulevard Peripherique Exterieur Nord,48.864274,2.413499
202300022190,27,5,2023,2025-12-05 20:25:00,1,83,83069,2,1,1,3,Aeroport (Avenue De L'),43.09963,6.1326
202300022191,16,11,2023,2025-12-05 16:23:00,1,93,93029,2,3,3,3,Rue Branly / Rue Paul Lossing,48.92808,2.45591
202300022192,10,3,2023,2025-12-05 07:00:00,1,34,34172,2,2,8,1,108 Avenue Du Pont Juvenal,43.6059,3.8941
202300022193,28,1,2023,2025-12-05 16:55:00,1,75,75115,2,3,1,6,Rue Balard,48.84399098,2.27733761
202300022194,28,5,2023,2025-12-05 22:27:00,3,83,83050,2,1,1,1,Grasse(Route Vieille  De),43.542568,6.487419
202300022195,16,11,2023,2025-12-05 21:40:00,5,92,92046,2,1,1,7,De Stalingrad,48.81190998,2.29460174
202300022196,27,5,2023,2025-12-05 16:25:00,1,77,77014,2,1,1,3,D210,48.41387,2.71515
202300022197,9,3,2023,2025-12-05 16:50:00,1,34,34172,2,8,1,3,23 Avenue Du Professeur Grasset,43.62378,3.86745
202300022198,28,1,2023,2025-12-05 09:00:00,1,75,75114,2,1,8,6,Boulevard Brune,48.825565,2.315317
202300022199,16,11,2023,2025-12-05 09:15:00,1,92,92075,2,1,2,7,Antoine Fratacci (Rue),48.82148725,2.28766716
202300022200,28,1,2023,2025-12-05 01:05:00,5,75,75111,2,2,1,3,Boulevard Voltaire,48.854698,2.385376
202300022201,9,3,2023,2025-12-05 12:00:00,1,34,34172,2,9,1,3,39 Rue De La Figairasse,43.60486,3.85585
202300022202,28,5,2023,2025-12-05 19:05:00,1,74,74012,2,1,1,3,Verdun (Avenue De),46.18,6.24
202300022203,15,11,2023,2025-12-05 19:10:00,5,92,92062,2,1,1,3,De Dion Bouton (Quai) Du 29 Au 65,48.88347,2.24884
202300022204,28,1,2023,2025-12-05 01:20:00,5,75,75109,2,2,1,3,Rue De La Victoire,48.875262,2.332292
202300022205,10,3,2023,2025-12-05 09:13:00,1,33,33069,2,3,6,3,Avenue President Robert Schuman,44.85583,-0.59477
202300022206,28,5,2023,2025-12-05 22:35:00,5,72,72181,2,1,1,3,Bollee (Av) Ndeg Pairs 154 A 222,47.99762,0.21567
202300022207,28,1,2023,2025-12-05 01:00:00,5,75,75101,2,1,1,6,Avenue General Lemonnier,48.86231386,2.33104616
202300022208,16,11,2023,2025-12-05 01:20:00,5,92,92020,2,1,1,1,Verdun Avenue De Autres Ndeg,48.79536411,2.27440345
202300022209,28,1,2023,2025-12-05 01:00:00,5,94,94068,2,1,8,7,Centenaire (Av Du),48.801067,2.509454
202300022210,10,3,2023,2025-12-05 08:10:00,1,31,31555,2,9,1,3,Echangeur Sesquieres (A62-A620),43.64794,1.42203
202300022211,28,5,2023,2025-12-05 12:50:00,1,72,72181,2,9,7,3,Leclerc General (Av) Pairs De 2 A 68,47.99875,0.19522
202300022212,28,1,2023,2025-12-05 14:40:00,1,94,94038,2,9,1,3,Avenue Du General De Gaulle (Acces C.C. Carrefour Hay Les Roses),48.7836,2.34584
202300022213,16,11,2023,2025-12-05 14:29:00,1,92,92040,2,3,2,3,Gallieni (Boulevard),48.82525349,2.26781219
202300022214,10,3,2023,2025-12-05 18:40:00,5,28,28134,2,9,2,5,Rn 12 (Zone Commerciale),48.74593,1.36808
202300022215,28,5,2023,2025-12-05 20:00:00,1,69,69259,2,1,1,6,10 Rue Georges Charpak,45.69472,4.87172
202300022216,10,3,2023,2025-12-05 13:33:00,1,27,27229,2,1,2,3,Rue Victor Hugo,49.022195,1.146397
202300022217,15,11,2023,2025-12-05 11:20:00,1,92,92012,2,9,1,3,Bontemps (Rue Marcel),48.82649769,2.23967546
202300022218,27,1,2023,2025-12-05 23:55:00,5,94,94041,2,1,8,7,Avenue Georges Gosnat,48.81152,2.38424
202300022219,28,5,2023,2025-12-05 19:05:00,1,67,67482,2,1,1,2,Pierre Corneille (Avenue),48.59309,7.69643
202300022220,14,11,2023,2025-12-05 16:30:00,2,63,63026,1,1,1,7,D213,45.670864,2.998259
202300022221,9,3,2023,2025-12-05 14:20:00,1,24,24138,1,1,1,3,La Rampinsolle Rd6021,45.15853,0.70925
202300022222,28,1,2023,2025-12-05 20:05:00,5,93,93005,2,6,1,3,Boulevard Lefevre / Rue Louis Coutant,48.93868,2.48895
202300022223,10,3,2023,2025-12-05 08:30:00,1,15,15014,2,9,2,7,Square (Place Du),44.92836,2.44274
202300022224,16,11,2023,2025-12-05 20:30:00,3,95,95313,1,1,2,6,A16,49.12320117,2.25300193
202300022225,28,1,2023,2025-12-05 09:55:00,1,93,93064,2,6,1,3,Rond-Point De L'Europe,48.8776,2.47569
202300022226,28,5,2023,2025-12-05 08:25:00,1,64,64284,2,6,1,3,18 Juin 1940 Du,43.29118,-0.40498
202300022227,10,3,2023,2025-12-05 10:05:00,1,13,13214,2,1,1,6,Bougie (Rue De La),43.32186,5.38948
202300022228,28,1,2023,2025-12-05 10:58:00,1,93,93077,2,1,1,6,Boulevard D'Aulnay,48.897701,2.506978
202300022229,12,11,2023,2025-12-05 15:39:00,1,95,95445,1,1,2,3,N184,49.09878715,2.26471599
202300022230,28,5,2023,2025-12-05 20:14:00,1,61,61001,2,1,1,7,Voie Communale,48.42871,0.08179
202300022231,10,3,2023,2025-12-05 07:50:00,1,10,10387,2,2,2,3,Henri Barbusse (Rue),48.2967,4.08486
202300022232,28,1,2023,2025-12-05 15:15:00,1,93,93046,2,1,1,2,Avenue Lucie Aubrac,48.92964,2.54802
202300022233,16,11,2023,2025-12-05 19:09:00,5,95,95487,2,1,2,6,D929Z,49.149114,2.288758
202300022234,28,1,2023,2025-12-05 13:30:00,1,92,92051,2,1,1,3,"Charles De Gaulle (Avenue,Ndeg118 A 192 +",48.88249967,2.26735014
202300022235,11,3,2023,2025-12-05 20:05:00,5,75,75113,2,1,1,2,Porte D Ivry,48.817614,2.367469
202300022236,28,5,2023,2025-12-05 01:15:00,5,59,59527,2,1,1,3,Nord Ouest Voie Intercommunale,50.66282,3.0366
202300022237,28,1,2023,2025-12-05 00:45:00,5,92,92026,2,9,1,7,Boulevard Circulaire,48.89012397,2.24946678
202300022238,10,3,2023,2025-12-05 11:45:00,1,75,75117,2,1,1,3,Porte D Asnieres,48.889591,2.297417
202300022239,17,11,2023,2025-12-05 08:40:00,1,6,6161,2,1,1,5,2411 Route Departementale 6007,43.628183,7.13309
202300022240,28,5,2023,2025-12-05 18:00:00,1,57,57463,2,1,1,6,Rue Laurent Charles Marechal,49.10078287,6.19047135
202300022241,28,1,2023,2025-12-05 16:25:00,1,92,92025,2,3,1,2,Henri Littolff Ndeg Pairs Seulement (Rue),48.91731764,2.26205975
202300022242,14,11,2023,2025-12-05 15:00:00,1,31,31282,2,1,1,6,Route De Bessieres,43.66966,1.445013
202300022243,10,3,2023,2025-12-05 09:45:00,1,75,75120,2,1,2,5,Porte De Vincennes,48.849145,2.41514
202300022244,28,1,2023,2025-12-05 08:50:00,1,92,92060,2,3,8,3,Resistance (Avenue De La) (Rd 75),48.7834212,2.26923868
202300022245,28,5,2023,2025-12-05 10:19:00,1,49,49007,2,3,1,6,Jaures,47.45498,-0.52475
202300022246,17,11,2023,2025-12-05 13:55:00,1,84,84037,1,1,1,1,D68,44.075516,4.832847
202300022247,10,3,2023,2025-12-05 09:15:00,1,75,75113,2,1,2,2,Porte D Italie,48.81803,2.352164
202300022248,28,1,2023,2025-12-05 11:30:00,1,92,92012,2,1,8,2,Gallieni (Rue) 55/157 - 50/140,48.83712765,2.24461654
202300022249,28,5,2023,2025-12-05 03:00:00,3,45,45286,2,1,1,6,Avenue Gaston Galloux,47.88504,1.92439
202300022250,10,3,2023,2025-12-05 06:30:00,2,75,75120,2,1,2,6,Porte De Bagnolet,48.86488886,2.41294205
202300022251,27,1,2023,2025-12-05 23:14:00,5,92,92002,2,9,2,3,Aristide Briand (Avenue),48.75846432,2.30699533
202300022252,27,1,2023,2025-12-05 15:45:00,1,91,91235,2,1,1,6,27 Rue Edouard Aubert,48.6226,2.371379
202300022253,8,3,2023,2025-12-05 14:00:00,1,75,75112,2,1,2,2,Porte De Charenton,48.830807,2.403154
202300022254,28,5,2023,2025-12-05 13:30:00,1,35,35238,2,2,1,3,Laurent (Charles),48.123557,-1.68454
202300022255,28,1,2023,2025-12-05 12:00:00,1,972,97203,1,1,1,3,N3,14.83499,-61.09811
202300022256,11,3,2023,2025-12-05 04:35:00,5,75,75106,2,3,1,6,Rue Guisarde,48.851888,2.334555
202300022257,28,5,2023,2025-12-05 16:50:00,1,34,34301,2,1,1,7,15 Rue De La Claviere,43.41207,3.68756
202300022258,11,3,2023,2025-12-05 00:10:00,5,75,75116,2,2,1,3,Allee De La Reine Marguerite,48.858565,2.244878
202300022259,28,5,2023,2025-12-05 19:10:00,1,25,25056,2,1,1,2,Blum Boulevard Leon (Entre 51 Et  90),47.26123,6.03469
202300022260,22,1,2023,2025-12-05 18:15:00,3,11,11067,1,1,1,5,D6113,43.211322,2.833142
202300022261,11,3,2023,2025-12-05 19:40:00,5,75,75120,2,4,2,7,Rue Des Pyrenees,48.867787,2.39621
202300022262,29,1,2023,2025-12-05 19:00:00,5,84,84056,1,1,1,6,Route De Carpentras,44.108608,4.915014
202300022263,16,11,2023,2025-12-05 17:00:00,3,21,21561,1,1,6,6,D16J,47.405059,4.7927
202300022264,29,1,2023,2025-12-05 04:45:00,3,63,63388,1,1,1,6,D987,45.9988,2.7767
202300022265,11,3,2023,2025-12-05 18:55:00,2,75,75111,2,4,8,3,Boulevard Voltaire,48.862385,2.372509
202300022266,16,11,2023,2025-12-05 11:35:00,1,76,76244,1,1,3,3,A28 - Pk 063.000,49.713214,1.394813
202300022267,28,5,2023,2025-12-05 07:20:00,1,25,25056,2,2,1,3,Observatoire Avenue De L',47.24634,5.9979
202300022268,11,3,2023,2025-12-05 09:55:00,1,75,75110,2,2,1,6,Rue Du Faubourg Saint Denis,48.872823,2.354427
202300022269,28,1,2023,2025-12-05 23:00:00,3,60,60358,2,1,1,6,Rue De Paris,49.200933,2.919906
202300022270,28,1,2023,2025-12-05 16:10:00,1,21,21520,1,1,1,6,Voie-Romaine (Chemin),47.281689,4.721804
202300022271,27,5,2023,2025-12-05 11:40:00,1,25,25056,2,1,1,6,Fleming Boulevard,47.22579,5.96542
202300022272,16,11,2023,2025-12-05 17:30:00,3,25,25097,1,1,3,4,A36 Pk046.100,47.529017,6.858301
202300022273,11,3,2023,2025-12-05 01:52:00,5,75,75108,2,2,1,3,Rue De L Arcade,48.873316,2.324305
202300022274,29,1,2023,2025-12-05 06:15:00,3,51,51056,1,1,9,7,D48,48.606317,3.6156553
202300022275,16,11,2023,2025-12-05 22:00:00,3,25,25614,1,1,3,6,Autoroute A36 - Pk 046.800 - Dir. Mulhouse -Echangeur 10 - Brognard,47.521001,6.854219
202300022276,28,1,2023,2025-12-05 05:10:00,3,56,56131,1,1,1,1,Bihilic,48.010123,-3.425025
202300022277,27,5,2023,2025-12-05 20:35:00,1,22,22113,2,6,1,3,Garenn C'Hlas (Rue De),48.72204,-3.48187
202300022278,11,3,2023,2025-12-05 22:25:00,5,75,75101,2,2,2,3,Boulevard De Sebastopol,48.860581,2.349357
202300022279,28,1,2023,2025-12-05 14:50:00,1,76,76636,1,1,1,7,Route De Rouen,49.500354,0.942324
202300022280,11,3,2023,2025-12-05 18:35:00,5,75,75101,2,2,1,7,Rue De Rivoli,48.866438,2.323538
202300022281,17,11,2023,2025-12-05 07:45:00,1,54,54166,1,1,1,7,Dommartin-La-Chaussee,49.01475083,5.87473512
202300022282,26,5,2023,2025-12-05 17:30:00,1,17,17415,2,1,7,6,National 1 A 67 Et 2 A 44 Cours,45.747341,-0.635532
202300022283,28,1,2023,2025-12-05 23:45:00,3,49,49029,1,1,1,7,D751,47.380113,-0.386221
202300022284,10,3,2023,2025-12-05 23:10:00,5,75,75104,2,3,1,3,Rue Du Renard,48.859858,2.352755
202300022285,27,1,2023,2025-12-05 15:35:00,1,29,29212,2,1,1,3,Rue Des Myosotis,48.373729,-4.583852
202300022286,28,5,2023,2025-12-05 06:50:00,1,17,17415,2,1,1,7,Rue De Gaterat,45.74534,-0.676376
202300022287,17,11,2023,2025-12-05 05:50:00,5,30,30334,2,5,1,1,Avenue De La Gare,44.011089,4.412159
202300022288,11,3,2023,2025-12-05 23:19:00,5,94,94068,2,9,1,6,8 Rue De La Poste,48.79248899,2.51540156
202300022289,28,1,2023,2025-12-05 10:20:00,1,29,29101,2,3,1,3,175 Rue De La Mairie,48.586192,-4.569079
202300022290,16,11,2023,2025-12-05 17:20:00,2,62,62060,1,1,2,1,D119,50.244159,2.099472
202300022291,17,1,2023,2025-12-05 18:10:00,3,29,29015,1,1,1,7,Grande Ile,48.489655,-4.500993
202300022292,11,3,2023,2025-12-05 01:30:00,5,94,94077,2,1,1,6,41 Rue Du Marechal Gallieni,48.742688,2.422136
202300022293,12,11,2023,2025-12-05 20:00:00,5,57,57540,2,1,2,6,Rue Du College,48.767632,7.259763
202300022294,11,3,2023,2025-12-05 15:29:00,1,93,93066,2,2,1,3,Avenue Du Stade De France / Rue Francis De Pressense,48.919681,2.361697
202300022295,28,5,2023,2025-12-05 18:12:00,1,14,14536,2,2,1,3,6 Rue Des Quatre Francs,49.409414,0.251495
202300022296,29,1,2023,2025-12-05 05:20:00,4,31,31524,1,3,1,1,D125,42.836765,0.603518
202300022297,16,11,2023,2025-12-05 13:30:00,1,56,56240,1,1,8,3,Village Le Duer,47.536776,-2.740853
202300022298,27,1,2023,2025-12-05 22:35:00,3,6,6132,1,1,1,2,D6204 Quartier Noce,43.989098,7.547463
202300022299,10,3,2023,2025-12-05 10:05:00,1,93,93066,2,2,8,1,Rue Du Landy / Rue Du Gaz,48.91538,2.36529
202300022300,29,5,2023,2025-12-05 00:45:00,3,13,13071,2,3,1,3,Route Nationale 113 - Gavotte,43.39527,5.34348
202300022301,29,1,2023,2025-12-05 09:45:00,1,64,64528,1,1,8,6,Cd 22,43.23280489,-1.20669816
202300022302,11,3,2023,2025-12-05 20:30:00,5,93,93048,2,1,1,6,157 Rue De Rosny,48.86728,2.45693
202300022303,16,11,2023,2025-12-05 18:00:00,2,56,56147,1,1,1,2,La Garenne,47.537471,-2.270887
202300022304,28,1,2023,2025-12-05 19:30:00,3,16,16175,1,1,1,6,Chez Embeillard,45.529651,-0.043774
202300022305,27,5,2023,2025-12-05 12:00:00,1,13,13103,1,1,1,4,Rn 113,43.602,5.101
202300022306,9,3,2023,2025-12-05 12:30:00,1,93,93029,2,1,1,3,Rue Du Colonel Fabien,48.93697,2.45441
202300022307,29,1,2023,2025-12-05 07:45:00,2,85,85008,1,1,1,7,D747 Pk4,46.63088818,-1.44034099
202300022308,16,11,2023,2025-12-05 15:00:00,1,76,76400,2,9,2,3,Rue Des Ecuyers,49.822882,0.919731
202300022309,11,3,2023,2025-12-05 14:00:00,1,93,93027,2,1,1,6,40 Boulevard Pasteur,48.92245638,2.38359198
202300022310,28,5,2023,2025-12-05 05:15:00,2,13,13209,2,1,1,2,Michelet (Boulevard),43.25247775,5.40258883
202300022311,28,1,2023,2025-12-05 23:30:00,4,37,37029,2,6,1,3,D760,47.11192,0.731283
202300022312,17,11,2023,2025-12-05 15:25:00,1,76,76377,2,3,7,6,2892 Route De Neufchatel,49.507269,1.16259
202300022313,11,3,2023,2025-12-05 12:45:00,1,92,92078,2,1,1,2,Moulin Cage (Quai),48.92505,2.32975
202300022314,28,5,2023,2025-12-05 20:00:00,1,13,13206,2,2,1,3,Pierre Puget (Cours),43.29,5.37254
202300022315,10,3,2023,2025-12-05 13:40:00,1,92,92019,2,2,6,3,Grillons (Rue Des),48.75670165,2.27611586
202300022316,27,5,2023,2025-12-05 22:45:00,5,13,13210,2,1,1,6,Rabatau (Boulevard),43.27972,5.39934
202300022317,11,3,2023,2025-12-05 13:45:00,1,92,92002,2,1,1,6,Bois De Verrieres (Avenue Du),48.75611,2.28331
202300022318,29,10,2023,2025-12-05 09:45:00,1,33,33506,2,1,3,7,Route De Langon,44.69115626,-0.08771628
202300022319,28,1,2023,2025-12-05 19:42:00,5,971,97103,1,1,1,6,N1,16.245311,-61.588283
202300022320,27,5,2023,2025-12-05 13:35:00,1,13,13211,2,3,1,1,Vienne (Avenue De),43.288,5.44
202300022321,9,3,2023,2025-12-05 19:10:00,3,8,8452,1,1,2,7,D946,49.472007,4.409851
202300022322,16,11,2023,2025-12-05 02:35:00,3,33,33505,1,1,1,6,Route De Creon,44.77158399,-0.33083439
202300022323,29,1,2023,2025-12-05 04:45:00,3,17,17465,1,1,1,7,"Autoroute A10, Pk 411+700, Sens Bordeaux - Paris",45.971469,-0.548115
202300022324,12,3,2023,2025-12-05 10:55:00,1,21,21261,1,1,1,7,A31,47.274658,5.147856
202300022325,29,1,2023,2025-12-05 00:15:00,3,987,98722,1,1,1,6,Pk 16.500 - Papenoo,-17.592,-149.391
202300022326,28,5,2023,2025-12-05 16:40:00,1,11,11069,2,1,1,3,9 Rue Voltaire,43.21105,2.34706
202300022327,28,5,2023,2025-12-05 23:45:00,5,8,8497,2,1,1,7,1 Promenade Des Bertholet,49.774529,4.681691
202300022328,11,3,2023,2025-12-05 12:05:00,1,972,97226,1,1,1,3,Departementale 9,14.454254,-60.861973
202300022329,28,1,2023,2025-12-05 15:00:00,1,988,98808,2,1,3,7,Rt3 Tribu De Wany,-21.274918,165.617888
202300022330,17,11,2023,2025-12-05 10:07:00,1,49,49064,1,1,1,2,N162,47.671456,-0.709267
202300022331,29,1,2023,2025-12-05 12:00:00,1,973,97311,2,1,2,1,Allee Des Paganis,5.472748,-54.032314
202300022332,15,11,2023,2025-12-05 17:10:00,1,49,49183,1,1,2,7,Les Hautes Allieres,47.54639,-1.008672
202300022333,27,5,2023,2025-12-05 19:50:00,2,7,7008,1,1,1,5,D2 ( Route Departementale ),44.71428,4.62659
202300022334,12,3,2023,2025-12-05 01:45:00,3,22,22030,1,1,8,6,D767 Pr 48+800,48.709258,-3.383178
202300022335,28,1,2023,2025-12-05 20:00:00,3,971,97115,2,1,2,6,Rue De La Pepiniere,16.237786,-61.656008
202300022336,14,11,2023,2025-12-05 07:10:00,2,42,42334,1,1,2,7,Route De Balbigny,45.85176,4.32591
202300022337,12,3,2023,2025-12-05 14:00:00,1,79,79175,2,3,1,7,Adresse_Inconnue,46.130703,0.000177
202300022338,28,5,2023,2025-12-05 18:35:00,1,7,7281,1,1,1,5,Tassigny (Rue De Lattre De),44.95324,4.8193
202300022339,28,1,2023,2025-12-05 20:45:00,3,13,13025,1,1,1,1,La Cardeline / D 7N,43.490277,5.56789
202300022340,17,11,2023,2025-12-05 17:15:00,3,68,68025,1,1,3,5,Pk039.800,47.473287,7.276683
202300022341,12,3,2023,2025-12-05 20:00:00,3,72,72058,1,1,3,7,Rd304 - Route Du Mans,47.96543,0.27966
202300022342,28,5,2023,2025-12-05 06:05:00,2,6,6029,2,3,1,3,Mace (Rue),43.55245,7.02236
202300022343,25,1,2023,2025-12-05 08:35:00,2,33,33349,1,3,1,3,Le Joucla,44.744821,-0.486389
202300022344,11,3,2023,2025-12-05 13:38:00,1,34,34032,1,1,1,6,A75 - Pk 328 + 860,43.373172,3.289872
202300022345,26,5,2023,2025-12-05 18:20:00,1,5,5061,2,1,1,6,Chemin Du Chateauvieux,44.54371,6.06692
202300022346,16,11,2023,2025-12-05 07:15:00,2,44,44188,1,6,1,3,Les 5 Coins,47.062565,-1.568744
202300022347,25,1,2023,2025-12-05 17:30:00,2,33,33528,1,1,1,3,20 Route De Blagon,44.873115,-0.985637
202300022348,16,1,2023,2025-12-05 15:20:00,1,30,30174,2,1,1,3,Route D'Ales,44.029073,4.377649
202300022349,16,11,2023,2025-12-05 13:26:00,1,3,3257,1,1,1,6,39 Route Du Breuil,46.223022,3.643889
202300022350,27,5,2023,2025-12-05 18:25:00,1,75,75115,2,1,1,2,Bd Peripherique,48.826376,2.297013
202300022351,28,1,2023,2025-12-05 21:30:00,3,37,37089,2,1,1,6,D21,47.162473,0.312359
202300022352,11,3,2023,2025-12-05 17:45:00,1,57,57667,1,1,1,6,D954,49.239765,6.564412
202300022353,16,11,2023,2025-12-05 17:40:00,5,15,15120,2,1,2,6,D681,45.215411,2.338756
202300022354,27,5,2023,2025-12-05 21:20:00,1,75,75112,2,1,1,3,Bd Peripherique Interieur,48.828471,2.397418
202300022355,28,1,2023,2025-12-05 01:57:00,3,5,5006,1,1,1,6,N94,44.778301,6.560318
202300022356,11,3,2023,2025-12-05 15:00:00,1,56,56164,2,6,1,3,26 Rue De Ker Anna,47.656826,-2.862778
202300022357,27,5,2023,2025-12-05 20:45:00,1,75,75115,2,1,1,2,Bd Peripherique Exterieur,48.834256,2.275894
202300022358,16,11,2023,2025-12-05 18:00:00,5,70,70198,2,3,3,3,Rue Louis Pasteur,47.553013,5.684846
202300022359,11,3,2023,2025-12-05 15:00:00,1,79,79080,1,6,2,7,Adresse_Inconnue,46.664735,-0.247471
202300022360,29,1,2023,2025-12-05 14:30:00,1,13,13092,2,3,1,6,Place De La Sente,43.548925,5.031191
202300022361,17,11,2023,2025-12-05 02:27:00,3,6,6079,1,1,1,6,Boulevard Du Bon Puits,43.523276,6.931985
202300022362,27,5,2023,2025-12-05 15:55:00,1,75,75112,2,1,1,4,Bd Peripherique Interieur,48.837816,2.412726
202300022363,28,1,2023,2025-12-05 19:45:00,3,71,71360,1,1,1,6,Route Des Etoiles,46.314654,4.754409
202300022364,12,3,2023,2025-12-05 12:30:00,1,79,79063,1,3,1,2,Adresse_Inconnue,47.055812,-0.32324
202300022365,16,11,2023,2025-12-05 23:30:00,5,16,16030,1,6,2,6,D731,45.493366,-0.204177
202300022366,12,3,2023,2025-12-05 09:53:00,1,33,33310,1,1,8,6,Liot,44.49627447,-0.50872654
202300022367,27,5,2023,2025-12-05 08:55:00,1,75,75114,2,1,1,3,Bd Peripherique Interieur,48.82146,2.319226
202300022368,28,1,2023,2025-12-05 19:30:00,3,67,67101,1,1,1,1,D422,48.527267,7.506524
202300022369,11,11,2023,2025-12-05 10:45:00,1,16,16303,1,1,1,1,D5,45.465603,-0.098086
202300022370,28,5,2023,2025-12-05 18:45:00,1,75,75117,2,1,1,2,Avenue De Villiers,48.884012,2.303803
202300022371,28,1,2023,2025-12-05 20:45:00,3,22,22162,1,1,1,7,D786,48.77022,-3.094625
202300022372,12,3,2023,2025-12-05 16:05:00,1,32,32224,1,1,1,1,D930,43.889937,0.378063
202300022373,28,5,2023,2025-12-05 02:50:00,5,75,75116,2,2,1,7,Avenue De La Porte De Saint Cloud,48.838675,2.253957
202300022374,28,1,2023,2025-12-05 20:08:00,3,59,59215,1,1,1,3,Departementale 350,50.356503,3.603103
202300022375,15,11,2023,2025-12-05 18:05:00,3,53,53141,1,3,1,5,Bouge,48.064436,-0.618635
202300022376,10,3,2023,2025-12-05 16:30:00,1,47,47310,2,3,2,3,Rue Du Marechal Foch,44.39187,0.312595
202300022377,11,3,2023,2025-12-05 16:54:00,1,2,2680,1,1,1,7,Adresse_Inconnue,49.607887,3.392565
202300022378,16,11,2023,2025-12-05 22:50:00,3,21,21023,1,1,2,1,D981,47.114773,4.467176
202300022379,28,1,2023,2025-12-05 07:00:00,3,78,78206,1,1,1,7,A13,48.946948,1.94746
202300022380,11,3,2023,2025-12-05 18:10:00,1,66,66009,2,1,8,6,Avenue Alzine Rodone,42.466933,2.653645
202300022381,27,1,2023,2025-12-05 23:14:00,4,92,92072,1,1,2,6,N118,48.82774854,2.22492176
202300022382,28,5,2023,2025-12-05 21:50:00,5,75,75113,2,3,1,3,Boulevard Massena,48.82266,2.37284
202300022383,17,11,2023,2025-12-05 08:00:00,2,85,85146,2,3,1,1,Rd 763 Rue Saint-Nicolas,46.974561,-1.322892
202300022384,12,3,2023,2025-12-05 04:10:00,4,45,45030,2,1,2,3,D9 Pr 29 + 100,48.062687,2.417094
202300022385,27,1,2023,2025-12-05 19:10:00,3,78,78043,1,1,1,4,A12 W,48.82476,2.074568
202300022386,28,5,2023,2025-12-05 18:25:00,1,75,75112,2,2,1,3,Pont De Bercy,48.83866217,2.37575054
202300022387,12,3,2023,2025-12-05 18:15:00,1,36,36109,1,1,1,3,Adresse_Inconnue,46.56734555,1.96565865
202300022388,17,11,2023,2025-12-05 16:40:00,1,95,95394,2,1,1,3,D928,49.062509,2.187602
202300022389,12,3,2023,2025-12-05 15:35:00,1,85,85104,1,1,2,7,Vc Rue Saint-Hilaire,46.393651,-1.293946
202300022390,28,5,2023,2025-12-05 12:20:00,1,75,75118,2,2,1,3,Avenue De La Porte De Saint Ouen,48.897746,2.329047
202300022391,28,1,2023,2025-12-05 14:00:00,1,77,77363,1,1,1,6,A104,48.9230794,2.62986948
202300022392,16,11,2023,2025-12-05 08:59:00,1,80,80485,1,1,3,2,A16 Pk111.725,49.747306,2.23031