num_acc,jour,mois,an,hrmn,lum,dep,com,agg,int,atm,col,adr,lat,long
202300022393,11,3,2023,2025-12-05 19:15:00,5,973,97309,2,3,1,3,Route Des Plages,4.902476,-52.264624
202300022394,28,5,2023,2025-12-05 21:35:00,2,75,75108,2,1,1,3,Avenue Des Champs Elysees,48.873114,2.297068
202300022395,26,1,2023,2025-12-05 01:10:00,5,988,98818,2,1,1,6,Ndeg 28 Rue Du Reverend Pere De Mijolla,-22.23064,166.4601
202300022396,17,11,2023,2025-12-05 16:00:00,1,77,77164,1,1,8,2,A5 - Pk 27.000 Vers Troyes,48.447081,2.902279
202300022397,28,5,2023,2025-12-05 18:15:00,1,94,94078,2,1,1,6,Avenue De Choisy,48.75020241,2.433945
202300022398,12,3,2023,2025-12-05 05:00:00,3,69,69268,1,1,1,1,Route De Brignais,45.663726,4.762584
202300022399,27,1,2023,2025-12-05 15:42:00,1,976,97611,2,9,1,1,Kaweni-Mangrove (Route De La),-12.77576,45.22526
202300022400,16,11,2023,2025-12-05 12:45:00,1,6,6030,2,1,1,6,Chemin De L'Industrie,43.57406,6.990432
202300022401,28,5,2023,2025-12-05 03:00:00,5,94,94068,2,6,1,6,Place Du 8 Mai 1945,48.80237,2.492
202300022402,10,3,2023,2025-12-05 22:30:00,5,73,73257,2,1,4,6,Avenue De La Croisette,45.33200859,6.53620666
202300022403,27,1,2023,2025-12-05 08:35:00,1,974,97416,1,1,8,7,Delisles (Route Hubert) Cd3,-21.31284,55.5427
202300022404,12,3,2023,2025-12-05 08:00:00,1,973,97311,1,1,1,6,Route De Saint Jean,5.449225,-54.041598
202300022405,28,5,2023,2025-12-05 17:15:00,1,94,94028,2,6,1,3,Car De Pompadour,48.77426976,2.438788
202300022406,24,1,2023,2025-12-05 17:10:00,1,974,97416,1,1,2,3,De La Zone(Allee),-21.3156,55.4757
202300022407,11,3,2023,2025-12-05 20:30:00,3,28,28113,1,1,2,6,D983,48.67311,1.56229
202300022408,11,3,2023,2025-12-05 20:05:00,3,45,45137,1,1,2,1,D2152 Pr 26 + 900,48.123018,2.191
202300022409,28,5,2023,2025-12-05 19:00:00,1,93,93078,2,2,1,6,Boulevard Robert Ballanger / Av Du Mal De Lattre De Tassigny,48.9575,2.5453
202300022410,27,1,2023,2025-12-05 14:15:00,1,973,97302,2,3,1,3,Madeleine (Route De La),4.91250795,-52.32102245
202300022411,17,11,2023,2025-12-05 15:00:00,1,34,34340,1,1,1,5,A9 - Pk 78.000,43.716225,4.13632
202300022412,6,3,2023,2025-12-05 15:13:00,1,2A,2A041,2,1,3,7,Saint Julien,41.38603,9.183115
202300022413,17,11,2023,2025-12-05 08:30:00,1,30,30123,1,1,1,2,A9 - Pk 72+500,43.724025,4.180974
202300022414,28,5,2023,2025-12-05 06:50:00,1,93,93072,2,1,1,2,Boulevard Maxime Gorki,48.94849519,2.38628943
202300022415,28,1,2023,2025-12-05 20:40:00,5,69,69383,2,2,1,6,Rue Docteur Paul Diday,45.75069,4.87394
202300022416,12,3,2023,2025-12-05 18:25:00,1,66,66171,2,3,1,6,Avenue Georges Duhamel,42.617442,3.002215
202300022417,28,5,2023,2025-12-05 06:45:00,2,93,93066,2,1,1,6,Avenue De Stalingrad,48.94679586,2.37080455
202300022418,17,11,2023,2025-12-05 13:00:00,1,84,84087,1,1,1,3,A9 Pk1+700,44.123,4.790972
202300022419,27,1,2023,2025-12-05 09:45:00,1,69,69383,2,1,1,4,Avenue Felix Faure,45.75524,4.87244
202300022420,28,5,2023,2025-12-05 05:10:00,2,93,93062,2,1,1,6,Avenue De La Resistance,48.895,2.5137
202300022421,28,5,2023,2025-12-05 11:50:00,1,93,93055,2,1,1,7,Avenue Du General Leclerc,48.90108162,2.41223415
202300022422,12,3,2023,2025-12-05 11:50:00,1,13,13007,1,1,1,5,Rd45,43.330578,5.677915
202300022423,17,11,2023,2025-12-05 06:22:00,3,78,78003,1,1,2,4,A11,48.525704,1.831327
202300022424,26,1,2023,2025-12-05 19:30:00,5,972,97213,1,1,1,2,Autoroute A1,14.61136,-61.0078
202300022425,28,5,2023,2025-12-05 20:45:00,1,93,93032,2,1,7,6,Rue Du 8 Mai 1945,48.88441,2.53628
202300022426,12,3,2023,2025-12-05 14:35:00,1,13,13041,2,3,1,1,Avenue Emile Zola,43.437632,5.464926
202300022427,17,11,2023,2025-12-05 14:50:00,1,34,34123,2,9,1,3,M27E6,43.610228,3.803002
202300022428,27,1,2023,2025-12-05 04:25:00,5,69,69382,2,2,1,3,Quai Jules Courmont,45.7632,4.83849
202300022429,28,5,2023,2025-12-05 13:45:00,1,93,93007,2,1,1,3,Avenue Charles Floquet,48.94031,2.44457
202300022430,12,3,2023,2025-12-05 13:20:00,1,25,25097,1,1,1,6,Allee Henri Hugoniot,47.52462,6.870768
202300022431,16,11,2023,2025-12-05 17:30:00,1,973,97311,1,1,1,1,Allee Paul Isnard - Pk9,5.37724517,-53.96157306
202300022432,12,3,2023,2025-12-05 00:20:00,5,88,88352,2,1,1,6,Rue De Circourt,48.260395,5.673838
202300022433,28,5,2023,2025-12-05 15:06:00,1,92,92072,2,6,1,3,Manufacture Nationale (Place De La),48.82846,2.22447
202300022434,26,1,2023,2025-12-05 15:15:00,1,95,95268,2,1,8,3,D84,48.965946,2.408771
202300022435,10,3,2023,2025-12-05 11:45:00,1,57,57443,2,1,2,6,25 Rue De La Vallee,49.200968,6.091334
202300022436,12,11,2023,2025-12-05 11:40:00,1,13,13104,2,1,1,6,11 Avenue De La Cote Bleue,43.331056,5.112929
202300022437,28,5,2023,2025-12-05 21:09:00,2,92,92062,2,9,1,6,De Dion Bouton (Quai) Du 29 Au 65,48.88148,2.24645
202300022438,27,1,2023,2025-12-05 18:50:00,5,95,95019,2,2,1,3,Robert Schuman (Rue),48.988555,2.421767
202300022439,27,5,2023,2025-12-05 21:10:00,4,92,92050,1,1,1,7,Rd 914,48.90662,2.21514
202300022440,12,3,2023,2025-12-05 16:10:00,1,38,38110,1,4,1,3,Route Nationale 7,45.56934,4.857963
202300022441,14,11,2023,2025-12-05 16:25:00,1,95,95351,2,6,7,6,Europe (Avenue De L'),49.052871,2.501326
202300022442,26,1,2023,2025-12-05 19:47:00,3,95,95127,1,1,2,2,N14,49.05551629,2.04999626
202300022443,28,5,2023,2025-12-05 20:45:00,1,92,92044,2,3,1,3,Chaptal(Rue) 81+ Et 66+,48.89251,2.27951
202300022444,12,3,2023,2025-12-05 17:45:00,1,7,7159,1,1,1,1,Route De Villeneuve,44.56945657,4.48548228
202300022445,17,11,2023,2025-12-05 08:45:00,1,34,34154,1,1,1,4,Cd172,43.597223,3.983177
202300022446,27,1,2023,2025-12-05 16:45:00,1,95,95176,2,1,1,6,D392,48.963105,2.201084
202300022447,12,3,2023,2025-12-05 15:15:00,1,1,1142,2,1,1,3,300 Rue Du Cottey,45.852853,5.072105
202300022448,28,5,2023,2025-12-05 15:45:00,1,92,92025,2,9,1,3,Charles De Gaulle (Bd),48.90975196,2.23532349
202300022449,17,11,2023,2025-12-05 08:30:00,2,25,25047,2,1,2,6,7 Rue Des Freres Grenier,47.349211,6.361475
202300022450,29,5,2023,2025-12-05 10:15:00,1,2A,2A154,1,1,1,7,Lieu Dit Rota,42.241056,8.811601
202300022451,27,1,2023,2025-12-05 22:01:00,5,91,91201,2,1,2,4,Rue Eugene Delacroix,48.68046,2.42708
202300022452,12,3,2023,2025-12-05 12:40:00,1,33,33051,2,6,2,6,Avenue Des Boiens,44.632772,-0.979655
202300022453,5,3,2023,2025-12-05 05:20:00,4,22,22210,2,1,1,6,Route De Ploubazlanec,48.790044,-3.049071
202300022454,17,11,2023,2025-12-05 10:20:00,1,42,42094,2,3,1,6,Boulevard De La Boissonnette,45.738735,4.228526
202300022455,26,1,2023,2025-12-05 07:33:00,5,87,87085,2,2,2,3,Revolution (Pont De La),45.82601,1.26795
202300022456,28,5,2023,2025-12-05 11:27:00,1,17,17389,1,2,9,4,Lieu Dit Petit Pochebonne,45.84212,-0.858339
202300022457,11,3,2023,2025-12-05 11:50:00,1,62,62056,2,2,1,3,D940,50.820634,1.595729
202300022458,29,5,2023,2025-12-05 07:20:00,1,71,71227,1,1,1,7,Chemin De La Salade,46.668276,3.916084
202300022459,16,11,2023,2025-12-05 17:50:00,5,69,69052,2,1,1,1,38 Route De Villefranche,45.882735,4.706982
202300022460,17,1,2023,2025-12-05 12:15:00,1,86,86066,2,2,8,3,Avenue De Richelieu,46.82281,0.53307
202300022461,8,3,2023,2025-12-05 08:05:00,2,75,75116,2,4,2,3,Porte Dauphine,48.87401379,2.27537155
202300022462,29,5,2023,2025-12-05 08:00:00,1,81,81317,1,1,1,6,D77 Pk09+100,43.931406,2.305343
202300022463,25,1,2023,2025-12-05 17:15:00,2,82,82121,2,1,2,3,Paris (Route De),44.03442,1.37658
202300022464,16,11,2023,2025-12-05 17:45:00,3,69,69159,1,1,2,5,Route De Tarare,45.96486087,4.66964145
202300022465,8,3,2023,2025-12-05 09:12:00,1,75,75112,2,2,1,3,Avenue Ledru Rollin,48.847999,2.371421
202300022466,27,5,2023,2025-12-05 13:50:00,1,68,68175,1,1,1,3,D415,48.164082,7.153403
202300022467,10,3,2023,2025-12-05 16:00:00,1,75,75120,2,1,8,7,Boulevard Davout,48.85433,2.410434
202300022468,14,11,2023,2025-12-05 18:30:00,3,38,38189,1,1,3,3,D518Z,45.638685,5.057251
202300022469,27,1,2023,2025-12-05 11:15:00,1,77,77243,2,1,1,3,Touvents (Chemin Des),48.868744,2.705742
202300022470,29,5,2023,2025-12-05 15:50:00,1,1,1446,1,2,1,3,Route D?66,46.022833,4.898432
202300022471,10,3,2023,2025-12-05 09:00:00,1,75,75119,2,7,2,3,Place Du Colonel Fabien,48.878026,2.370696
202300022472,27,5,2023,2025-12-05 17:16:00,1,68,68022,2,1,1,7,6 Rue Du Cimetiere,47.823385,7.382668
202300022473,27,1,2023,2025-12-05 15:00:00,1,76,76540,2,1,1,6,Boulevard De Verdun,49.44552918,1.10878882
202300022474,15,11,2023,2025-12-05 13:55:00,1,72,72154,2,9,1,3,Avenue Rhin-Et-Danube,47.701137,-0.090192
202300022475,26,1,2023,2025-12-05 21:00:00,5,76,76305,1,1,2,6,D 6382,49.49995,0.19598
202300022476,10,3,2023,2025-12-05 21:05:00,5,75,75117,2,1,1,6,Boulevard Des Batignolles,48.88173,2.317946
202300022477,29,5,2023,2025-12-05 06:40:00,2,21,21642,1,1,1,6,A6 Pk 219.3 Sens Lyon/Paris,47.49686589,4.11753236
202300022478,16,11,2023,2025-12-05 12:15:00,1,14,14047,2,1,2,2,1 Rue D'Audrieu,49.265043,-0.686066
202300022479,25,1,2023,2025-12-05 16:05:00,1,76,76351,2,1,1,6,Rue Des Martyrs,49.514038,0.10939
202300022480,28,5,2023,2025-12-05 12:38:00,1,67,67202,2,1,1,6,Rue De Scherlenheim,48.761578,7.567075
202300022481,10,3,2023,2025-12-05 16:20:00,1,75,75116,2,3,8,3,Allee De La Reine Marguerite,48.867872,2.250986
202300022482,16,11,2023,2025-12-05 17:25:00,1,35,35012,1,1,1,1,Rd777 Pr 60.2000,47.849217,-1.700553
202300022483,27,1,2023,2025-12-05 18:45:00,5,64,64284,2,3,2,3,Henri Iv,43.28147,-0.38741
202300022484,29,5,2023,2025-12-05 05:45:00,1,62,62344,2,1,1,6,D69,50.523986,2.343037
202300022485,9,3,2023,2025-12-05 11:40:00,1,75,75116,2,2,1,3,Boulevard Murat,48.845354,2.257555
202300022486,17,11,2023,2025-12-05 18:30:00,3,60,60500,2,6,2,6,Route De Paris,49.09699582,2.74993587
202300022487,27,1,2023,2025-12-05 14:30:00,1,64,64445,2,2,8,3,Rue Carnot,43.29999,-0.36979
202300022488,10,3,2023,2025-12-05 07:00:00,2,75,75113,2,3,2,3,Rue Jean Antoine De Baif,48.828115,2.384862
202300022489,28,5,2023,2025-12-05 18:05:00,1,62,62463,1,4,1,3,D128,50.56070445,1.90393097
202300022490,27,1,2023,2025-12-05 13:55:00,1,64,64102,2,1,1,6,Pannecau (Rue),43.48976,-1.472
202300022491,17,11,2023,2025-12-05 07:24:00,2,60,60141,2,1,1,3,Quai De La Canardiere,49.19513947,2.46441633
202300022492,10,3,2023,2025-12-05 20:55:00,5,75,75111,2,1,2,6,Boulevard Voltaire,48.855654,2.383753
202300022493,27,5,2023,2025-12-05 15:06:00,1,62,62376,1,1,7,7,D182,50.560001,2.553195
202300022494,27,1,2023,2025-12-05 07:50:00,5,63,63113,2,1,1,6,Sablon (Cours),45.77475278,3.09004024
202300022495,28,5,2023,2025-12-05 12:55:00,1,83,83057,1,1,1,7,Dn7 Pk 44.980,43.37668507,6.19612464
202300022496,15,11,2023,2025-12-05 15:10:00,1,59,59034,2,6,1,3,D549,50.53435,3.084943
202300022497,10,3,2023,2025-12-05 08:20:00,1,75,75111,2,3,8,3,Boulevard Beaumarchais,48.859494,2.36766
202300022498,27,1,2023,2025-12-05 07:40:00,2,62,62737,2,1,2,4,D937,50.44354,2.69398
202300022499,10,3,2023,2025-12-05 20:09:00,5,75,75108,2,1,1,6,Avenue Des Champs Elysees,48.87273772,2.29829103
202300022500,15,10,2023,2025-12-05 06:20:00,5,13,13213,1,1,1,3,A507 Sens Aubagne- Marseille,43.32436,5.42258
202300022501,28,5,2023,2025-12-05 22:20:00,3,76,76177,1,2,1,3,D151,49.600299,1.177613
202300022502,25,1,2023,2025-12-05 16:50:00,1,62,62193,2,1,8,2,Rue Du Beau Marais,50.94373,1.88818
202300022503,9,3,2023,2025-12-05 19:55:00,5,75,75108,2,3,2,6,Avenue George V,48.871022,2.300897
202300022504,16,11,2023,2025-12-05 17:55:00,3,83,83126,1,1,1,2,A50,43.12011048,5.8652004
202300022505,10,3,2023,2025-12-05 10:49:00,1,75,75104,2,2,1,6,Rue Des Archives,48.856949,2.353841
202300022506,28,5,2023,2025-12-05 10:30:00,1,2A,2A130,1,1,1,5,Rt40,41.875537,8.933773
202300022507,23,1,2023,2025-12-05 16:30:00,1,62,62276,2,3,1,1,Rue Uriane Sorriaux,50.507924,2.825172
202300022508,16,11,2023,2025-12-05 14:55:00,1,91,91617,1,1,3,6,Rn 104 Ext / Rn 6 Paris,48.64528,2.53463
202300022509,8,3,2023,2025-12-05 12:50:00,1,94,94068,2,2,2,3,Avenue Carnot,48.80243,2.48727
202300022510,26,1,2023,2025-12-05 18:50:00,3,56,56098,1,1,1,2,Adresse_Inconnue,47.778801,-3.34972
202300022511,16,11,2023,2025-12-05 08:44:00,1,91,91179,1,1,3,3,Autoroute A6,48.56809,2.47183
202300022512,10,3,2023,2025-12-05 17:15:00,1,94,94073,2,1,8,6,Avenue De Fontainebleau,48.76822,2.36816
202300022513,16,11,2023,2025-12-05 10:10:00,1,94,94076,1,1,3,3,A6A,48.79205878,2.34458465
202300022514,27,1,2023,2025-12-05 16:50:00,2,51,51454,2,3,1,3,Avenue Paul Marchandeau,49.23984,4.02114
202300022515,29,5,2023,2025-12-05 20:00:00,2,71,71187,1,1,1,3,D974,46.750124,4.49991
202300022516,10,3,2023,2025-12-05 20:20:00,5,94,94033,2,1,2,6,Avenue De Lattre De Tassigny,48.8563,2.49208
202300022517,29,5,2023,2025-12-05 12:40:00,1,71,71137,2,1,1,7,Rue Des Griottons,46.431106,4.667494
202300022518,10,3,2023,2025-12-05 10:53:00,1,94,94017,2,1,6,6,Rue Albert Thomas,48.81171215,2.5105387
202300022519,16,11,2023,2025-12-05 08:00:00,2,91,91174,1,1,2,3,Rn 104,48.621,2.463
202300022520,27,1,2023,2025-12-05 08:10:00,2,49,49267,1,1,2,4,A87N,47.48592,-0.49772
202300022521,28,5,2023,2025-12-05 09:44:00,1,63,63003,1,1,1,6,D38,45.518489,3.755414
202300022522,9,3,2023,2025-12-05 20:50:00,5,94,94002,2,3,2,6,Rue Emile Zola / Rue Des Camelias,48.79967,2.42597
202300022523,27,1,2023,2025-12-05 08:45:00,2,43,43157,2,1,2,7,Boulevard Bertrand De Doue,45.046773,3.897606
202300022524,15,11,2023,2025-12-05 22:05:00,3,91,91235,1,1,1,3,Rn 104,48.62403,2.37449
202300022525,10,3,2023,2025-12-05 14:40:00,2,77,77291,2,1,2,6,Rue De New York,49.01215424,2.57790506
202300022526,26,1,2023,2025-12-05 08:45:00,1,37,37122,2,1,2,7,Jean Jaures,47.3483,0.66079
202300022527,29,5,2023,2025-12-05 11:55:00,1,61,61473,1,2,1,3,D916,48.693743,-0.158303
202300022528,10,3,2023,2025-12-05 15:00:00,1,93,93064,2,7,8,6,Rue Leon Blum,48.88297654,2.47995219
202300022529,27,1,2023,2025-12-05 17:15:00,2,35,35238,2,1,8,3,Clemenceau (Bd Georges),48.0932349,-1.67426169
202300022530,28,5,2023,2025-12-05 18:15:00,1,55,55496,1,1,1,6,D36,48.71587,5.671263
202300022531,15,11,2023,2025-12-05 08:00:00,1,91,91228,1,1,1,5,Autoroute A6,48.62736,2.41387
202300022532,10,3,2023,2025-12-05 08:45:00,1,93,93062,2,2,2,3,Boulevard Du Midi / Allee De La Fontaine,48.89247558,2.51920179
202300022533,27,1,2023,2025-12-05 05:46:00,3,35,35238,1,1,2,6,N136,48.07874,-1.67553
202300022534,29,5,2023,2025-12-05 13:30:00,1,49,49069,1,1,7,7,Route Departementale 763 (Lire),47.347398,-1.163199
202300022535,15,11,2023,2025-12-05 19:24:00,3,78,78291,1,1,1,2,A13,48.965592,1.751228
202300022536,10,3,2023,2025-12-05 07:18:00,2,93,93062,2,1,2,4,Boulevard Du Midi,48.89218578,2.51818389
202300022537,27,1,2023,2025-12-05 20:07:00,5,33,33063,2,3,8,3,Rue Pere Dieuzaide,44.83924,-0.58464
202300022538,28,5,2023,2025-12-05 12:10:00,1,49,49026,1,6,1,3,Carrefour D961 - D 963,47.509219,-0.801997
202300022539,16,11,2023,2025-12-05 19:55:00,3,93,93078,1,1,8,7,Autoroute A104,48.96283,2.52221
202300022540,10,3,2023,2025-12-05 19:05:00,5,93,93006,2,9,2,6,Avenue Pasteur,48.876164,2.419869
202300022541,26,1,2023,2025-12-05 07:40:00,2,33,33249,2,6,1,3,Avenue Carnot,44.86565,-0.51375
202300022542,29,5,2023,2025-12-05 12:30:00,1,12,12266,1,2,8,3,Lieu-Dit Viarouge,44.243504,2.846382
202300022543,16,11,2023,2025-12-05 17:00:00,1,93,93066,1,1,2,2,Autoroute A1,48.91563,2.35768
202300022544,9,3,2023,2025-12-05 23:16:00,5,93,93031,2,1,2,2,Avenue De La Republique,48.95128,2.32294
202300022545,25,1,2023,2025-12-05 21:10:00,5,33,33063,2,1,8,6,Cours Henri Brunet,44.86641,-0.56037
202300022546,27,5,2023,2025-12-05 15:55:00,1,42,42224,1,1,1,6,Route De Jonzieux,45.338142,4.396183
202300022547,15,11,2023,2025-12-05 17:25:00,3,95,95500,1,1,1,3,A15,49.03911284,2.0860076
202300022548,10,3,2023,2025-12-05 17:00:00,1,93,93027,2,2,8,3,Avenue Marcel Cachin / Rue De La Convention,48.92623,2.39671
202300022549,27,1,2023,2025-12-05 19:30:00,5,31,31555,2,1,1,6,Severac (Bd Deodat De) Du 1Au 71,43.58541,1.42802
202300022550,27,5,2023,2025-12-05 20:00:00,1,46,46076,1,1,1,7,Route Du Mamoul,44.912008,1.892438
202300022551,16,11,2023,2025-12-05 13:40:00,1,95,95527,1,1,2,6,A1,48.9861,2.50631
202300022552,10,3,2023,2025-12-05 10:50:00,1,93,93027,2,1,2,6,Boulevard Pasteur,48.9200729,2.38284498
202300022553,29,5,2023,2025-12-05 06:30:00,2,47,47310,1,1,5,6,18 Route De La Roseraie,44.430305,0.274205
202300022554,27,1,2023,2025-12-05 19:00:00,5,26,26058,2,5,4,2,Rue Du Rhone,44.94521,4.8866
202300022555,10,3,2023,2025-12-05 15:45:00,1,92,92078,2,1,2,6,Verdun (Avenue) (Impairs 27 Au 73),48.9351,2.32847
202300022556,16,11,2023,2025-12-05 08:55:00,1,93,93010,1,1,3,2,Autoroute A3,48.91676699,2.47800698
202300022557,29,5,2023,2025-12-05 00:10:00,3,68,68235,1,1,1,7,Niederhergheim,48.00007962,7.3591939
202300022558,10,3,2023,2025-12-05 21:10:00,5,92,92046,2,1,2,2,Fabien (Boulevard Du Colonel),48.81303356,2.2794874
202300022559,25,1,2023,2025-12-05 07:25:00,5,19,19031,2,2,1,3,Ribot (Avenue),45.16461,1.50242
202300022560,15,11,2023,2025-12-05 07:40:00,2,93,93066,1,1,1,3,Autoroute A1,48.93327,2.37606
202300022561,29,5,2023,2025-12-05 16:42:00,1,25,25050,1,2,1,3,D461,47.117906,6.614014
202300022562,27,1,2023,2025-12-05 10:20:00,1,17,17300,1,1,1,7,05 Pk Rn237 Re Moulin Justice,46.170489,-1.18982
202300022563,10,3,2023,2025-12-05 14:10:00,1,92,92046,2,3,1,6,Gabriel Peri,48.81976,2.31047
202300022564,19,7,2023,2025-12-05 18:35:00,1,13,13209,2,1,1,3,Catherine Blum (Boulevard),43.26403,5.41857
202300022565,15,1,2023,2025-12-05 07:35:00,5,16,16102,2,1,2,6,Lattre De Tassigny (Avenue De),45.69936,-0.33206
202300022566,10,3,2023,2025-12-05 11:50:00,1,92,92062,2,1,1,2,De Dion Bouton (Quai) Du 29 Au 65,48.88345,2.24891
202300022567,27,6,2023,2025-12-05 17:30:00,1,13,13004,1,1,1,3,Route Departementale 453_,43.6372,4.745218
202300022568,27,1,2023,2025-12-05 16:40:00,1,13,13204,2,3,1,3,Chartreux (Avenue Des),43.30872,5.40036
202300022569,28,5,2023,2025-12-05 13:10:00,1,44,44131,1,2,1,3,Adresse_Inconnue,47.086926,-1.96858
202300022570,10,3,2023,2025-12-05 18:04:00,1,92,92040,2,1,2,7,General De Gaulle (Ave Du) 32 A 62,48.820749,2.280513
202300022571,28,5,2023,2025-12-05 05:35:00,2,35,35027,1,1,1,6,Route Departementale 61,48.173148,-2.05219
202300022572,9,3,2023,2025-12-05 17:15:00,1,92,92036,2,6,2,6,Principale Du Port (Route) (1/17),48.93774913,2.2782281
202300022573,26,1,2023,2025-12-05 02:05:00,5,13,13205,2,9,1,3,Jean Moulin (Boulevard),43.289,5.4002
202300022574,19,6,2023,2025-12-05 17:20:00,1,13,13004,2,3,1,3,D453,43.643102,4.728536
202300022575,27,5,2023,2025-12-05 16:45:00,1,29,29044,1,1,1,6,D887,48.19304426,-4.17913601
202300022576,10,3,2023,2025-12-05 17:20:00,1,92,92035,2,3,2,6,Souvenir Francais ( Rond Point Du ),48.90629309,2.24867553
202300022577,27,1,2023,2025-12-05 01:20:00,5,13,13028,2,9,1,6,Crozet (Avenue Louis ),43.17156,5.60584
202300022578,15,11,2023,2025-12-05 18:20:00,2,69,69387,2,1,2,2,Avenue Jean Jaures,45.73573,4.83625
202300022579,9,3,2023,2025-12-05 07:30:00,1,92,92035,2,1,8,7,Jeanne D'Arc ( Rue ),48.90277,2.24809
202300022580,26,1,2023,2025-12-05 12:00:00,1,6,6069,2,1,1,3,Orme (Chemin De L'),43.65285,6.94388
202300022581,29,5,2023,2025-12-05 15:55:00,1,15,15092,1,3,1,1,Rd 922,45.417653,2.50153
202300022582,7,3,2023,2025-12-05 09:45:00,1,92,92025,2,2,1,6,Charles De Gaulle (Bd),48.914547,2.228843
202300022583,28,5,2023,2025-12-05 08:50:00,1,72,72058,1,1,1,7,Rd 304,47.971221,0.256119
202300022584,27,1,2023,2025-12-05 11:20:00,1,6,6069,2,1,1,3,Castors (Chemin Des),43.636493,6.933357
202300022585,15,11,2023,2025-12-05 03:25:00,5,69,69382,2,2,2,3,Quai Jean Moulin,45.76353,4.83817
202300022586,10,3,2023,2025-12-05 19:25:00,5,92,92024,2,1,1,2,Jean Jaures (Bd) De (1 A 45)   (2 A 54),48.89794,2.30788
202300022587,27,1,2023,2025-12-05 09:40:00,1,6,6030,2,1,1,2,Campon (Rue,43.57679,7.01228
202300022588,10,3,2023,2025-12-05 19:10:00,5,92,92060,2,1,8,6,Charles De Gaulle (Avenue) Rd75 Ndeg1 A 35,48.77857752,2.26008564
202300022589,15,11,2023,2025-12-05 12:50:00,1,972,97213,1,1,1,4,Autoroute A1,14.61815,-61.02905
202300022590,28,5,2023,2025-12-05 11:30:00,1,83,83044,1,9,1,5,D955,43.67210703,6.50350521
202300022591,24,1,2023,2025-12-05 11:10:00,1,3,3095,2,3,1,3,Avenue Gilbert Roux,46.13812,3.44303
202300022592,10,3,2023,2025-12-05 15:21:00,1,972,97227,1,1,1,6,Route Nationale 5,14.468529,-60.934816
202300022593,15,11,2023,2025-12-05 00:50:00,5,69,69385,2,3,1,6,Quai Pierre Scize,45.76742,4.82543
202300022594,28,5,2023,2025-12-05 22:45:00,4,45,45279,1,1,1,6,D943 Pr 8 + 450,47.95633043,2.81023622
202300022595,27,1,2023,2025-12-05 17:10:00,2,75,75116,2,2,1,6,Avenue Mozart,48.857296,2.273051
202300022596,10,3,2023,2025-12-05 08:40:00,1,57,57622,1,1,3,7,A4,49.180456,6.036092
202300022597,27,5,2023,2025-12-05 23:05:00,3,10,10232,1,1,1,7,D167,48.103648,4.387643
202300022598,11,3,2023,2025-12-05 08:30:00,1,12,12169,1,1,2,6,Route D'Argent,44.177964,2.359217
202300022599,15,11,2023,2025-12-05 09:52:00,1,2B,2B037,2,1,1,5,Toutes Rues,42.594,9.4263
202300022600,27,1,2023,2025-12-05 21:45:00,5,75,75120,2,2,2,3,Avenue De La Porte De Menilmontant,48.870571,2.408986
202300022601,28,5,2023,2025-12-05 02:00:00,3,7,7201,1,1,1,6,Route De Pradons D 579,44.462961,4.344728
202300022602,9,3,2023,2025-12-05 18:28:00,3,67,67407,1,2,1,1,D29,48.749345,7.902206
202300022603,15,11,2023,2025-12-05 07:45:00,1,2A,2A004,2,1,1,3,Sebastianu Costa Bd,41.94204,8.74917
202300022604,10,3,2023,2025-12-05 18:35:00,2,21,21223,1,1,2,6,Route De Troyes,47.362439,4.975144
202300022605,27,5,2023,2025-12-05 17:00:00,1,21,21135,2,3,1,3,4 Rue Du Grand Chemin,47.445555,5.39161
202300022606,27,1,2023,2025-12-05 14:20:00,1,75,75120,2,7,1,3,Rue De La Croix Saint Simon,48.85555,2.409745
202300022607,11,3,2023,2025-12-05 17:12:00,1,32,32053,1,1,2,6,Departementale 139,43.399825,0.598519
202300022608,29,5,2023,2025-12-05 15:50:00,1,24,24356,2,1,7,7,18 Route Des Tuilieres,45.046469,0.976195
202300022609,15,11,2023,2025-12-05 15:15:00,1,95,95219,2,3,1,5,18 Juin (Rue Du),48.99315,2.24678
202300022610,10,3,2023,2025-12-05 21:05:00,3,89,89296,1,1,2,6,Adresse_Inconnue,47.68847,4.22994
202300022611,27,1,2023,2025-12-05 18:30:00,2,75,75117,2,2,1,5,Rue Jouffroy D Abbans,48.885485,2.308066
202300022612,28,5,2023,2025-12-05 15:35:00,1,48,48130,1,1,1,1,Lieu Dit Le Pre Terron,44.175402,3.540334
202300022613,10,3,2023,2025-12-05 17:23:00,2,49,49331,1,6,3,3,D923,47.670185,-0.884201
202300022614,15,11,2023,2025-12-05 13:45:00,1,95,95424,2,9,1,6,Aristide Maillol (Avenue),48.99529,2.20015
202300022615,24,1,2023,2025-12-05 02:20:00,5,75,75116,2,2,1,6,Allee De La Reine Marguerite,48.867648,2.25089
202300022616,10,3,2023,2025-12-05 08:20:00,1,41,41084,1,2,8,1,Intersection Rd121 Et Rd 73,47.468166,1.938658
202300022617,28,5,2023,2025-12-05 13:05:00,1,48,48146,1,4,1,3,Lieu Dit Sauveterre,44.405941,3.431838
202300022618,26,1,2023,2025-12-05 16:30:00,1,75,75116,2,1,2,6,Boulevard Murat,48.843865,2.256883