num_acc,jour,mois,an,hrmn,lum,dep,com,agg,int,atm,col,adr,lat,long
202300022619,10,3,2023,2025-12-05 23:15:00,3,2,2514,1,1,2,7,25 Route De Compiegne,49.395748,3.109063
202300022620,15,11,2023,2025-12-05 22:01:00,5,91,91122,2,3,1,3,Edouard Herriot (Avenue),48.69187,2.15935
202300022621,11,3,2023,2025-12-05 15:25:00,1,60,60616,1,1,1,6,D915,49.364783,1.766267
202300022622,24,5,2023,2025-12-05 17:00:00,1,987,98752,1,1,1,1,Teva I Uta,-17.722,-149.399
202300022623,27,1,2023,2025-12-05 18:00:00,1,75,75115,2,3,1,6,Rue D Alleray,48.836843,2.302729
202300022624,8,3,2023,2025-12-05 09:10:00,1,16,16393,1,1,1,6,Departemenatle 737,45.748211,0.146041
202300022625,11,3,2023,2025-12-05 01:20:00,3,88,88319,2,1,1,6,654 Rue De Ravines,48.382346,6.885118
202300022626,15,11,2023,2025-12-05 07:50:00,2,91,91589,2,2,9,3,Av Charles De Gaulle,48.67686,2.34987
202300022627,27,1,2023,2025-12-05 16:10:00,1,75,75115,2,5,1,6,Boulevard Du Montparnasse,48.845068,2.319918
202300022628,27,5,2023,2025-12-05 15:00:00,1,67,67309,2,1,7,3,Route De Brumath,48.63595,7.727525
202300022629,11,3,2023,2025-12-05 14:30:00,1,31,31228,1,1,2,1,A680,43.689722,1.573963
202300022630,15,11,2023,2025-12-05 06:20:00,5,91,91286,2,1,1,6,Corbeil (Route De),48.6547,2.38883
202300022631,27,1,2023,2025-12-05 19:45:00,5,75,75114,2,7,1,2,Avenue Du General Leclerc,48.8280205,2.32694775
202300022632,11,3,2023,2025-12-05 05:30:00,3,68,68278,1,1,4,6,A 35 Pk 104.100,47.745571,7.420857
202300022633,27,1,2023,2025-12-05 17:07:00,1,75,75114,2,2,1,3,Rue De La Legion Etrangere,48.82056,2.324215
202300022634,10,3,2023,2025-12-05 10:00:00,1,987,98745,1,1,1,5,Pk 17.5 - Cote Montagne - Route De Ceinture Est,-16.62,-151.496
202300022635,29,5,2023,2025-12-05 17:50:00,1,38,38212,1,1,2,1,D1091 Pk9+500,45.053787,5.850649
202300022636,27,1,2023,2025-12-05 12:50:00,1,75,75114,2,1,8,3,Avenue Du Maine,48.830748,2.325702
202300022637,29,5,2023,2025-12-05 12:50:00,1,986,98613,1,1,1,7,Alele X,-13.234901,-176.18415
202300022638,11,3,2023,2025-12-05 14:50:00,1,30,30326,1,1,1,2,A9,44.00580042,4.7088325
202300022639,15,11,2023,2025-12-05 18:00:00,5,83,83137,2,3,1,3,Gasquet (Ave Joseph De 1408 A Fin,43.12049,5.97605
202300022640,26,1,2023,2025-12-05 18:50:00,5,75,75114,2,1,1,6,Rue Du Commandant Rene Mouchotte,48.83947894,2.32103616
202300022641,15,5,2023,2025-12-05 03:30:00,3,973,97305,1,1,3,6,Route Nationale 1,4.96559,-52.436537
202300022642,11,3,2023,2025-12-05 07:30:00,1,976,97608,2,1,1,6,Route De Moya,-12.785321,45.277233
202300022643,10,11,2023,2025-12-05 10:30:00,1,83,83141,2,6,1,6,D 557(Entree Village Vers Le Muy),43.49984,6.48552
202300022644,26,1,2023,2025-12-05 16:14:00,1,75,75112,2,2,1,3,Quai De Bercy,48.83866688,2.3757425
202300022645,11,3,2023,2025-12-05 15:08:00,1,974,97417,1,1,1,3,31 Route Nationale 2 Ravine Ango,-21.35272,55.786734
202300022646,14,11,2023,2025-12-05 13:05:00,1,82,82121,2,1,1,3,Avenue Du 19 Aout 1944,44.02314,1.36258
202300022647,29,5,2023,2025-12-05 11:00:00,1,971,97108,1,1,1,1,Lieu Dit Ravine Des Cayes,15.872537,-61.249734
202300022648,27,1,2023,2025-12-05 18:00:00,5,75,75101,2,4,1,3,Avenue De L Opera,48.864632,2.334908
202300022649,15,11,2023,2025-12-05 08:55:00,1,81,81021,2,1,8,2,Thore,43.50996,2.36379
202300022650,26,2,2023,2025-12-05 18:15:00,5,67,67303,2,1,1,7,44 Rue Principale,48.899184,7.740244
202300022651,27,5,2023,2025-12-05 14:28:00,1,37,37118,1,1,1,7,D16,47.217878,0.254703
202300022652,27,1,2023,2025-12-05 16:35:00,1,75,75103,2,2,8,6,Boulevard Saint Martin,48.868986,2.355576
202300022653,11,3,2023,2025-12-05 05:30:00,5,57,57350,2,1,1,6,Rue De Metz,49.070846,6.088023
202300022654,15,11,2023,2025-12-05 21:55:00,5,81,81065,2,3,8,7,Montreveil (Che.De),43.5935792,2.21261534
202300022655,27,1,2023,2025-12-05 17:55:00,5,94,94081,2,2,1,6,Avenue De La Commune De Paris / Rue Mario Capra,48.78366,2.39025
202300022656,21,12,2023,2025-12-05 02:30:00,3,93,93010,1,1,2,6,Autoroute A3,48.90302,2.47125
202300022657,26,5,2023,2025-12-05 14:35:00,1,91,91200,2,3,1,5,Rue De Bonniveau,48.533107,2.001448
202300022658,15,11,2023,2025-12-05 14:15:00,1,78,78551,2,1,1,1,Boufflers (De),48.89893,2.0732
202300022659,27,1,2023,2025-12-05 08:25:00,2,94,94078,2,2,2,3,Avenue De L'Europe / Avenue Leo Lagrange,48.730857,2.457938
202300022660,26,1,2023,2025-12-05 10:45:00,1,94,94068,2,1,1,6,Avenue Du Bac,48.793131,2.515658
202300022661,27,5,2023,2025-12-05 17:15:00,1,66,66145,1,1,1,2,Adresse_Inconnue,42.638,2.8197698
202300022662,26,1,2023,2025-12-05 17:20:00,5,94,94052,2,2,2,6,Heros Nogentais (R Des),48.838058,2.48429
202300022663,15,11,2023,2025-12-05 19:02:00,5,78,78440,2,6,1,3,Ampere (Rue),48.996849,1.913134
202300022664,20,12,2023,2025-12-05 12:45:00,1,93,93007,1,1,1,4,Autoroute A1,48.94805022,2.44448841
202300022665,27,1,2023,2025-12-05 16:00:00,1,94,94065,1,1,1,2,N186B,48.75379,2.35656
202300022666,29,5,2023,2025-12-05 15:10:00,1,30,30330,1,1,1,5,Adresse_Inconnue,44.027052,4.006383
202300022667,15,11,2023,2025-12-05 10:45:00,1,78,78440,2,1,1,6,La Haye,48.996338,1.907954
202300022668,26,1,2023,2025-12-05 13:23:00,1,94,94079,2,3,2,6,Rue De Chennevieres,48.81938225,2.53955975
202300022669,28,5,2023,2025-12-05 22:30:00,3,30,30330,1,1,1,6,Adresse_Inconnue,44.030562,4.003422
202300022670,15,11,2023,2025-12-05 17:40:00,5,77,77390,2,1,1,6,D361,48.79925,2.63866
202300022671,21,12,2023,2025-12-05 20:00:00,3,94,94018,1,1,1,4,A4,48.82392287,2.39473975
202300022672,27,1,2023,2025-12-05 17:20:00,5,93,93032,2,1,1,6,Avenue Jean Jaures,48.88323576,2.5282985
202300022673,29,5,2023,2025-12-05 15:00:00,1,6,6154,2,1,2,6,Route Departementale 2,43.792451,6.66254
202300022674,20,12,2023,2025-12-05 12:20:00,1,974,97411,2,1,1,6,Limites (Rue Des),-20.8775,55.4563
202300022675,27,1,2023,2025-12-05 18:10:00,2,93,93031,2,1,1,2,Route De Saint-Leu,48.94699,2.34516
202300022676,28,5,2023,2025-12-05 11:40:00,1,68,68106,1,9,1,3,D13Bvi,47.876789,7.117188
202300022677,27,1,2023,2025-12-05 05:50:00,5,93,93010,2,2,1,3,Avenue Gallieni / Route D'Aulnay,48.90573811,2.48031646
202300022678,29,5,2023,2025-12-05 16:15:00,1,55,55351,1,3,1,1,D643,49.497504,5.390969
202300022679,20,12,2023,2025-12-05 08:40:00,1,974,97411,2,2,2,3,Leconte De Lisle (Avenue),-20.89522,55.48888
202300022680,15,11,2023,2025-12-05 14:30:00,1,76,76322,2,2,1,3,Rue Guy De Maupassant,49.416562,1.037879
202300022681,26,1,2023,2025-12-05 11:45:00,1,93,93010,2,1,8,6,20 Route De Villemomble,48.8937129,2.47929722
202300022682,19,12,2023,2025-12-05 20:00:00,5,973,97302,2,1,1,7,Mere Theresa (Rue),4.93427,-52.31378
202300022683,27,1,2023,2025-12-05 14:17:00,1,92,92051,2,1,1,6,"Saussaye (Boulevard De La, Ndeg 7 A 61 Et",48.89030368,2.26473123
202300022684,28,5,2023,2025-12-05 22:50:00,3,3,3243,1,1,1,1,Route De Montmarault,46.321986,2.996703
202300022685,14,11,2023,2025-12-05 17:15:00,3,71,71076,2,1,2,4,Huit Mai 1945 (Avenue),46.79454,4.8386
202300022686,27,1,2023,2025-12-05 08:40:00,1,92,92040,2,1,1,6,Rodin (Boulevard),48.82011,2.26121
202300022687,19,12,2023,2025-12-05 15:15:00,1,973,97302,2,4,1,3,Mango (Route),4.92958676,-52.31513366
202300022688,27,1,2023,2025-12-05 17:20:00,1,92,92026,2,1,1,6,Belfort,48.89529,2.24661
202300022689,15,11,2023,2025-12-05 15:50:00,1,67,67482,2,3,1,6,Bourgogne (Rue De),48.54874,7.74924
202300022690,29,5,2023,2025-12-05 09:50:00,1,38,38349,1,2,1,3,Route De L?Ecluse,45.307953,4.801674
202300022691,19,12,2023,2025-12-05 15:40:00,1,973,97302,2,1,1,6,Voltaire(Avenue),4.94310528,-52.31930584
202300022692,27,1,2023,2025-12-05 08:35:00,2,92,92012,2,1,8,5,Silly (Rue De) 1/87 - 2/88,48.83842337,2.23218262
202300022693,27,5,2023,2025-12-05 17:40:00,1,65,65123,1,1,1,7,Route Du Col De Tourmalet,42.965099,0.230289
202300022694,13,11,2023,2025-12-05 18:20:00,5,67,67482,2,1,2,6,Vieux Marche Aux Poissons (Rue Du),48.58084,7.74935
202300022695,19,12,2023,2025-12-05 11:40:00,1,973,97302,2,1,1,6,Mortin (Cite),4.91433,-52.32563
202300022696,28,1,2023,2025-12-05 12:45:00,1,60,60242,2,1,1,2,D901,49.58738409,1.95428871
202300022697,29,5,2023,2025-12-05 18:40:00,1,64,64478,1,9,1,7,Chemin Las Hies,43.271636,-0.438123
202300022698,14,11,2023,2025-12-05 18:30:00,1,66,66136,2,3,1,6,Mermoz (Avenue Jean),42.69605,2.9056
202300022699,20,12,2023,2025-12-05 16:50:00,1,972,97213,1,1,1,3,Autoroute A1,14.61827978,-61.03453824
202300022700,28,1,2023,2025-12-05 07:00:00,1,976,97610,1,1,1,1,Trevani,-12.729203,45.190394
202300022701,14,11,2023,2025-12-05 16:12:00,1,66,66136,2,1,1,6,Avenue General Gilles,42.69826,2.92823
202300022702,28,1,2023,2025-12-05 02:30:00,3,973,97353,2,1,1,7,Piste Abdalah,3.641128,-54.0394
202300022703,28,5,2023,2025-12-05 18:30:00,1,59,59400,1,1,7,1,Rue Cappelboom,50.667321,2.600058
202300022704,20,12,2023,2025-12-05 07:24:00,1,972,97213,1,6,1,1,Route Departementale 14,14.62011,-61.0215
202300022705,16,11,2023,2025-12-05 00:30:00,3,64,64545,1,1,1,7,Adresse_Inconnue,43.38481,-1.6977
202300022706,26,1,2023,2025-12-05 11:25:00,1,62,62645,2,2,1,3,D940,50.978456,2.046167
202300022707,27,5,2023,2025-12-05 17:45:00,1,13,13117,1,1,1,2,A7-Sens Lyon Vers Marseille,43.43266,5.25693
202300022708,15,11,2023,2025-12-05 14:40:00,1,64,64348,1,1,1,6,Charles De Gaulle,43.31312,-0.41622
202300022709,20,12,2023,2025-12-05 14:15:00,1,69,69384,2,1,1,3,35 Rue Jacques-Louis Henon,45.77954707,4.82854828
202300022710,27,1,2023,2025-12-05 18:00:00,3,62,62397,2,1,1,3,D215,50.86631023,1.87659788
202300022711,13,11,2023,2025-12-05 14:30:00,1,64,64445,2,1,1,3,Saragosse De,43.30834,-0.36133
202300022712,27,5,2023,2025-12-05 05:45:00,2,13,13056,1,1,1,2,A55-Sens Marseille Vers Martigues,43.39936,5.03963
202300022713,20,12,2023,2025-12-05 12:20:00,1,69,69202,2,1,1,6,Avenue De Limburg,45.7282,4.77939
202300022714,28,1,2023,2025-12-05 06:00:00,2,971,97109,2,1,1,1,Avenue Du General De Gaulle,15.992871,-61.692519
202300022715,15,11,2023,2025-12-05 07:45:00,1,64,64122,2,6,1,3,Dassault Marcel (Bd),43.4713,-1.5358
202300022716,28,1,2023,2025-12-05 16:10:00,1,71,71312,1,1,1,7,D35,46.802847,4.998559
202300022717,19,12,2023,2025-12-05 19:20:00,5,69,69385,2,2,1,1,49 Avenue Du Point Du Jour,45.75621,4.80289
202300022718,26,5,2023,2025-12-05 19:40:00,1,67,67152,1,1,1,6,M83,48.530376,7.693313
202300022719,15,11,2023,2025-12-05 19:55:00,5,63,63113,2,1,1,3,Michelin (Avenue Edouard),45.78169,3.1007
202300022720,28,5,2023,2025-12-05 18:30:00,1,94,94038,1,1,1,6,A6A,48.78216297,2.34689144
202300022721,15,11,2023,2025-12-05 21:30:00,4,971,97101,2,3,1,2,Patrick Saint Eloi ( Avenue ),16.25505798,-61.52198106
202300022722,11,9,2023,2025-12-05 08:15:00,1,77,77335,1,2,1,3,Rd140 (Route Departementale),48.96985,2.82971
202300022723,15,11,2023,2025-12-05 07:00:00,3,62,62270,1,1,1,7,D941,50.46526,2.49703
202300022724,17,1,2023,2025-12-05 18:58:00,3,37,37141,1,1,4,6,Autoroute A85,47.2876406,1.04600072
202300022725,28,5,2023,2025-12-05 17:30:00,1,77,77296,1,1,1,2,Autoroute A5A,48.607475,2.582122
202300022726,20,12,2023,2025-12-05 12:40:00,1,2A,2A004,2,3,1,3,Iles Sanguinaires Route Des,41.90871,8.71798
202300022727,28,5,2023,2025-12-05 07:25:00,1,92,92064,1,1,1,6,A13,48.83939388,2.21898131
202300022728,15,11,2023,2025-12-05 10:15:00,1,59,59599,2,1,1,2,Paris (Rue De),50.71974242,3.14257174
202300022729,12,9,2023,2025-12-05 17:25:00,1,77,77438,2,2,2,2,Saint Germain Des Noyers  (Avenue),48.86338,2.67534
202300022730,19,12,2023,2025-12-05 16:22:00,1,87,87085,2,1,1,2,Saint Martial (Quai),45.82145,1.26304
202300022731,28,5,2023,2025-12-05 09:00:00,1,95,95018,1,1,1,2,D909,48.96161914,2.25928366
202300022732,15,11,2023,2025-12-05 10:15:00,1,59,59350,2,1,1,6,Dunkerque Avenue De,50.63672,3.0253
202300022733,12,9,2023,2025-12-05 07:50:00,2,77,77333,2,1,1,2,Av Carnot,48.26829,2.68615
202300022734,27,5,2023,2025-12-05 22:30:00,3,95,95306,1,1,1,6,A15,49.00983419,2.15635796
202300022735,19,12,2023,2025-12-05 06:50:00,3,84,84007,2,1,1,6,C.De Gaulle (Rocade),43.9289,4.8158
202300022736,9,9,2023,2025-12-05 06:40:00,2,76,76351,1,6,5,6,Rd 982,49.50349,0.19235
202300022737,15,11,2023,2025-12-05 10:30:00,1,59,59360,2,3,1,6,Avinee Eugene Avenue,50.60395,3.0332
202300022738,19,12,2023,2025-12-05 17:52:00,4,80,80021,2,1,2,6,Strasbourg (Boulevard De),49.88989,2.27761
202300022739,10,9,2023,2025-12-05 03:05:00,3,76,76351,2,1,1,6,Chemin Rural 47 Bleville,49.527713,0.083581
202300022740,16,12,2023,2025-12-05 21:10:00,4,80,80021,2,1,1,6,Carnot (Boulevard),49.89071,2.29037
202300022741,13,11,2023,2025-12-05 17:35:00,5,51,51454,2,1,2,3,Saint Marceaux (Boulevard) Ndeg2 A 68 Et C,49.25195,4.04352
202300022742,9,9,2023,2025-12-05 09:55:00,1,76,76351,2,2,1,6,Marechal Joffre (Rue),49.4999,0.13018
202300022743,20,12,2023,2025-12-05 08:00:00,5,78,78440,2,1,1,6,Seine (Rue De),48.997334,1.910889
202300022744,12,11,2023,2025-12-05 02:50:00,3,50,50129,2,3,2,6,Benecere (Avenue De),49.65651,-1.69135
202300022745,11,9,2023,2025-12-05 14:00:00,1,74,74298,2,1,1,2,Europe (Avenue De L'),46.17793,6.24443
202300022746,20,12,2023,2025-12-05 01:00:00,5,78,78498,2,1,8,1,Bon Roi Saint Louis Avenue,48.92995,2.03766
202300022747,14,11,2023,2025-12-05 10:55:00,1,49,49007,2,1,8,3,Bichon Place,47.47853,-0.5647
202300022748,19,12,2023,2025-12-05 15:00:00,1,77,77296,1,1,1,1,Rd 306,48.6184,2.54029
202300022749,10,9,2023,2025-12-05 14:35:00,1,71,71270,2,2,1,3,Heritan (Rue De L'),46.306,4.82
202300022750,15,11,2023,2025-12-05 08:00:00,2,47,47001,2,6,1,3,9Eme De Ligne (Cours Du),44.19508,0.61231
202300022751,15,11,2023,2025-12-05 08:25:00,1,38,38563,2,1,1,6,Becquart-Castelbon (Cours),45.36145,5.59067
202300022752,10,9,2023,2025-12-05 21:15:00,5,71,71076,2,2,1,3,Pont De Fer (Rue Du),46.79381356,4.84266582
202300022753,20,12,2023,2025-12-05 12:50:00,1,77,77449,2,6,8,4,D345,48.85188094,2.77814941
202300022754,15,11,2023,2025-12-05 17:45:00,5,37,37261,2,2,1,6,Colomb (Rue Christophe),47.38084,0.70005
202300022755,19,12,2023,2025-12-05 20:55:00,5,76,76640,2,1,2,1,Rue De Louviers,49.26829,1.04622
202300022756,13,9,2023,2025-12-05 22:50:00,5,69,69266,2,2,2,3,Rue Antoine Primat,45.75817,4.89328
202300022757,15,11,2023,2025-12-05 10:15:00,1,37,37261,2,1,1,2,Vaillant (Rue Edouard),47.38612,0.69898
202300022758,11,9,2023,2025-12-05 17:35:00,1,69,69256,2,1,1,6,94 Avenue Du 8 Mai 1945,45.78814,4.91296
202300022759,11,9,2023,2025-12-05 14:35:00,1,69,69282,2,1,7,6,Rue Joseph Desbois,45.77516,5.00508
202300022760,19,12,2023,2025-12-05 15:35:00,1,76,76351,2,2,2,3,Louis Eudier,49.48521,0.13039
202300022761,15,11,2023,2025-12-05 08:40:00,1,37,37122,2,1,1,2,Jaures (Boulevard Jean),47.34827,0.65959
202300022762,20,12,2023,2025-12-05 21:30:00,5,74,74012,2,1,1,6,Europe (Avenue De L'),46.1821,6.234
202300022763,11,9,2023,2025-12-05 22:20:00,5,67,67482,2,1,1,6,Zurich (Rue De),48.57934,7.7582
202300022764,15,11,2023,2025-12-05 08:40:00,1,37,37233,2,2,1,3,Lenine (Avenue),47.3941,0.73844
202300022765,19,12,2023,2025-12-05 07:55:00,2,69,69266,2,1,5,3,Cours Emile Zola,45.76756206,4.89001231
202300022766,10,9,2023,2025-12-05 15:15:00,1,67,67218,2,1,1,7,Lyon (Rte De),48.53209,7.71803
202300022767,15,11,2023,2025-12-05 20:35:00,5,34,34172,2,2,1,3,Justice De Castelnau (Avenue De La),43.6268,3.86999
202300022768,20,12,2023,2025-12-05 09:45:00,1,66,66136,2,1,1,2,Adresse_Inconnue,42.71388,2.90187
202300022769,9,9,2023,2025-12-05 15:26:00,1,66,66136,2,3,1,3,Adresse_Inconnue,42.73614,2.89057
202300022770,15,11,2023,2025-12-05 14:10:00,1,33,33318,1,1,1,3,Avenue Du Marechal De Lattre De Tassigny (Rd),44.77331,-0.71053
202300022771,20,12,2023,2025-12-05 13:10:00,1,64,64284,2,1,1,4,Rauski,43.2655,-0.38974
202300022772,15,11,2023,2025-12-05 05:30:00,3,33,33039,1,1,2,2,Quai Du President Wilson,44.81582275,-0.5364646
202300022773,9,9,2023,2025-12-05 10:18:00,1,66,66136,2,2,1,3,Adresse_Inconnue,42.7017,2.89706
202300022774,20,12,2023,2025-12-05 16:37:00,1,63,63113,2,6,1,2,Elisee Reclus /Louis Bleriot,45.78811,3.13981
202300022775,15,11,2023,2025-12-05 19:11:00,5,27,27681,2,6,1,6,Leclerc (Boulevard Du Marechal),49.09554,1.48573
202300022776,12,9,2023,2025-12-05 16:45:00,1,65,65440,2,1,8,6,Avenue Des Forges,43.24115141,0.07722504
202300022777,1,12,2023,2025-12-05 16:00:00,1,62,62510,2,1,1,3,D58E4,50.42525,2.79413
202300022778,15,11,2023,2025-12-05 07:00:00,5,27,27229,2,2,1,3,Bois Des Communes (Rue Du),49.02939,1.17999
202300022779,12,9,2023,2025-12-05 17:30:00,1,64,64445,2,1,3,3,Europe De L',43.3265,-0.32633
202300022780,29,11,2023,2025-12-05 00:10:00,5,62,62193,2,3,1,3,Boulevard Leon Gambetta,50.94656,1.84329
202300022781,14,11,2023,2025-12-05 18:17:00,5,27,27229,2,2,1,6,Churchill (Avenue Winston),49.01792,1.167665
202300022782,11,9,2023,2025-12-05 15:30:00,1,64,64445,2,1,1,2,Leon Blum,43.32501,-0.32517
202300022783,14,11,2023,2025-12-05 13:28:00,1,27,27229,2,1,2,2,Gambetta (Boulevard),49.019039,1.149494
202300022784,16,12,2023,2025-12-05 18:00:00,3,62,62764,1,1,1,4,D917,50.31283,2.77585
202300022785,12,9,2023,2025-12-05 21:40:00,5,64,64122,2,2,3,3,Sabaou (Avenue Du),43.47442,-1.5503
202300022786,12,11,2023,2025-12-05 17:40:00,3,15,15014,2,3,3,3,N 122,44.89801,2.41184
202300022787,17,12,2023,2025-12-05 15:30:00,1,59,59350,2,3,1,3,Chemin Saint Martin Rue Du,50.64129,2.97892
202300022788,12,9,2023,2025-12-05 09:50:00,1,64,64122,2,1,8,6,Verdun (Avenue De),43.4818,-1.5573
202300022789,19,12,2023,2025-12-05 12:10:00,1,59,59178,2,1,2,6,Warenghien (Rue De),50.37333,3.06612
202300022790,15,11,2023,2025-12-05 18:30:00,3,13,13117,2,3,1,3,Europe ( Avenue De L' ),43.43175,5.24875
202300022791,11,9,2023,2025-12-05 22:15:00,5,64,64024,2,6,2,3,Bahinos (Rond Point De),43.49415479,-1.51876164
202300022792,12,12,2023,2025-12-05 18:25:00,5,56,56260,2,1,1,6,Aout 1944(Rue Du 4),47.67416,-2.7589
202300022793,15,11,2023,2025-12-05 16:20:00,1,13,13215,2,3,1,3,Saint Antoine (Avenue De),43.37852,5.35629
202300022794,10,9,2023,2025-12-05 13:40:00,1,64,64024,2,1,1,3,General Leclerc (Place Du),43.49474,-1.52899
202300022795,19,12,2023,2025-12-05 09:00:00,1,51,51454,2,3,1,1,Caillois (Rue Roger),49.21908,4.02407
202300022796,18,12,2023,2025-12-05 17:25:00,5,51,51506,2,1,8,6,Roosevelt (Ave President),48.94503,4.38291
202300022797,12,9,2023,2025-12-05 19:30:00,3,63,63164,1,1,2,3,D 210 A (Rte),45.82625,3.15732
202300022798,14,11,2023,2025-12-05 20:25:00,5,13,13205,2,2,1,3,Baille (Boulevard),43.28801478,5.39141023
202300022799,20,12,2023,2025-12-05 08:25:00,2,49,49267,2,1,1,3,Verdun,47.46804,-0.49328
202300022800,7,9,2023,2025-12-05 15:55:00,1,61,61169,1,9,1,3,D962,48.752344,-0.525048
202300022801,14,11,2023,2025-12-05 18:25:00,5,10,10387,2,2,8,6,Teinturiers (Des),48.3,4.09
202300022802,19,12,2023,2025-12-05 18:30:00,2,49,49267,2,1,1,6,Grand Montrejeau,47.46557,-0.51963
202300022803,14,11,2023,2025-12-05 14:30:00,1,10,10343,2,6,8,3,Fable (Rue),48.27387,4.09263
202300022804,11,9,2023,2025-12-05 17:40:00,1,61,61001,2,6,1,3,Voie Communale,48.43655,0.10493
202300022805,20,12,2023,2025-12-05 11:36:00,1,45,45338,2,6,1,1,15 Rue George Sand,47.98465,2.71098
202300022806,14,11,2023,2025-12-05 07:40:00,1,10,10387,2,2,1,6,Noes (Rue Des),48.29760313,4.05864894
202300022807,25,5,2023,2025-12-05 21:45:00,5,59,59112,2,3,1,6,Berthelot (Rue),50.39342,3.527413
202300022808,20,12,2023,2025-12-05 08:55:00,2,43,43157,2,3,1,6,Avenue D 'Aiguilhe,45.04709,3.87938
202300022809,15,11,2023,2025-12-05 17:45:00,5,6,6088,2,1,1,1,Joly (Corniche Andre De),43.7023317,7.2945572
202300022810,12,9,2023,2025-12-05 13:55:00,1,59,59508,2,1,1,6,Lille (Rue De)Menin A 8 Mai 1945,50.74854518,3.11949668
202300022811,20,12,2023,2025-12-05 16:30:00,2,41,41018,2,3,1,3,Laplace (Rue),47.60347,1.334
202300022812,15,11,2023,2025-12-05 17:38:00,2,75,75116,2,1,1,6,Boulevard De L Amiral Bruix,48.873081,2.276727
202300022813,11,9,2023,2025-12-05 13:15:00,1,59,59152,1,2,1,3,Chemin Du Petit Enfer,50.744132,3.00225
202300022814,20,12,2023,2025-12-05 06:40:00,5,38,38185,2,2,2,3,Edmond Esmonin (Avenue),45.15927,5.72881
202300022815,13,11,2023,2025-12-05 23:55:00,5,75,75120,2,7,1,6,Place De La Porte De Bagnolet,48.864813,2.408939
202300022816,20,12,2023,2025-12-05 19:00:00,5,37,37261,2,2,8,6,Hallebardier (Rue Du),47.38235787,0.69498315
202300022817,12,9,2023,2025-12-05 20:30:00,5,59,59328,2,2,1,3,Hippodrome Av De L Ndeg237 Au389,50.64451,3.02866
202300022818,20,12,2023,2025-12-05 16:10:00,1,37,37261,2,1,1,6,Pas Notre-Dame (Rue Du),47.41377,0.69661
202300022819,11,9,2023,2025-12-05 18:30:00,2,59,59350,2,1,8,3,Avenue Roger Salengro,50.64037,2.99039
202300022820,15,11,2023,2025-12-05 11:50:00,1,75,75119,2,2,1,2,Rue De Lorraine,48.885084,2.383773
202300022821,16,12,2023,2025-12-05 16:53:00,1,36,36044,2,1,1,3,Adresse_Inconnue,46.8173943,1.69703901
202300022822,15,11,2023,2025-12-05 10:48:00,1,75,75118,2,2,1,6,Boulevard Ney,48.898088,2.344367
202300022823,25,6,2023,2025-12-05 05:00:00,5,59,59360,2,2,1,3,Pare Ambroise Rue,50.60164,3.03962
202300022824,20,12,2023,2025-12-05 08:55:00,1,35,35238,2,1,1,2,Tillon (Avenue Charles),48.12558,-1.69682
202300022825,20,12,2023,2025-12-05 16:50:00,1,31,31557,2,9,2,6,Che Ferro Lebres,43.585012,1.372586
202300022826,9,9,2023,2025-12-05 00:40:00,3,59,59185,2,1,1,6,D645,50.33606,3.20844
202300022827,19,12,2023,2025-12-05 07:30:00,3,31,31069,2,1,8,6,Parc (Av Du),43.631285,1.38865
202300022828,20,12,2023,2025-12-05 17:50:00,5,28,28134,2,1,1,6,Europe (Boulevard De L'),48.73779,1.347
202300022829,7,9,2023,2025-12-05 18:30:00,1,59,59122,2,1,1,6,Liberte (Boulevard De La),50.1718682,3.22750578
202300022830,12,9,2023,2025-12-05 09:55:00,1,58,58194,2,2,2,3,Francis Garnier,46.99327,3.1729
202300022831,20,12,2023,2025-12-05 11:10:00,1,27,27229,2,2,8,1,Gambetta (Boulevard),49.01918,1.15212
202300022832,11,9,2023,2025-12-05 12:25:00,1,58,58194,2,3,1,3,Ardenets,46.97946,3.13153
202300022833,20,12,2023,2025-12-05 10:12:00,1,27,27229,2,2,8,1,Semard (Rue Pierre),49.01595,1.16566
202300022834,8,9,2023,2025-12-05 21:29:00,5,57,57491,2,3,1,3,Trehemont (Route De),49.25177,6.05154
202300022835,11,9,2023,2025-12-05 16:40:00,1,56,56083,2,1,1,6,Republique ( Av. De La ),47.80004,-3.28818
202300022836,15,12,2023,2025-12-05 12:30:00,1,26,26008,1,3,1,3,Route De Rochemaure,44.57578,4.72057
202300022837,11,9,2023,2025-12-05 19:00:00,1,56,56162,1,1,1,7,Moulin Du Ter (Rue Du ),47.73293,-3.40406
202300022838,10,9,2023,2025-12-05 23:54:00,3,56,56098,1,1,1,3,Adresse_Inconnue,47.77812,-3.35489
202300022839,15,12,2023,2025-12-05 11:45:00,1,24,24322,2,1,1,6,Fenelon (Cours),45.18165,0.72105
202300022840,9,9,2023,2025-12-05 19:57:00,1,56,56162,2,3,1,1,Dolmen (Rue Du),47.7042991,-3.4453561
202300022841,18,12,2023,2025-12-05 10:39:00,1,21,21278,2,6,1,3,Ahuy (D') (Route),47.34704,5.03491
202300022842,11,9,2023,2025-12-05 18:45:00,1,54,54578,2,3,7,3,Boulevard Du Docteur Cattenoz,48.67332697,6.1599344