num_acc,jour,mois,an,hrmn,lum,dep,com,agg,int,atm,col,adr,lat,long
202300022843,19,12,2023,2025-12-05 18:45:00,5,14,14118,2,1,2,6,137 Rue De Falaise,49.168522,-0.352014
202300022844,11,9,2023,2025-12-05 19:50:00,2,54,54274,2,1,1,3,Rue Gabriel Faure,48.67120857,6.21171176
202300022845,19,12,2023,2025-12-05 18:10:00,5,14,14118,2,1,3,6,Juin (Boulevard Marechal),49.20311,-0.39081
202300022846,12,9,2023,2025-12-05 14:35:00,1,54,54270,1,1,1,6,D26,49.47743,5.88552
202300022847,19,12,2023,2025-12-05 17:30:00,5,14,14437,2,1,3,6,65 Avenue Pierre Mendes France,49.1701,-0.32393
202300022848,7,9,2023,2025-12-05 14:00:00,1,52,52448,1,1,1,5,Rn4,48.62582,4.93471
202300022849,20,12,2023,2025-12-05 12:45:00,1,13,13210,2,1,1,3,Capelette (Avenue De La),43.27963187,5.41055937
202300022850,19,12,2023,2025-12-05 20:15:00,5,13,13210,2,1,1,3,Jacques Hebert (Rue),43.2831,5.39277
202300022851,12,9,2023,2025-12-05 17:30:00,1,51,51454,2,2,8,2,Vignoble (Allee),49.2225,4.01452
202300022852,19,12,2023,2025-12-05 11:00:00,1,13,13208,2,1,1,6,Prado (Avenue Du),43.276,5.389
202300022853,12,9,2023,2025-12-05 08:47:00,1,51,51454,2,9,1,3,Farman (Avenue Henri),49.2367,4.0711
202300022854,20,12,2023,2025-12-05 13:25:00,1,13,13001,2,1,1,3,Club Hippique (Av),43.51263,5.42708
202300022855,8,9,2023,2025-12-05 18:45:00,1,51,51172,2,6,1,3,Alsace Lorraine (Boulevard),49.2196,4.0414
202300022856,10,9,2023,2025-12-05 10:00:00,1,51,51454,2,4,1,6,Voltaire (Rue),49.25593,4.0386
202300022857,17,12,2023,2025-12-05 08:40:00,1,7,7186,2,3,1,3,Mobiles (Bld. Des),44.73619,4.60125
202300022858,20,12,2023,2025-12-05 07:30:00,3,7,7281,1,1,2,1,C.D. 533 (Vers Le Puy),44.93217,4.79362
202300022859,9,9,2023,2025-12-05 18:20:00,1,50,50129,2,2,1,7,Thivet ( Avenue Du ),49.63549,-1.66567
202300022860,31,8,2023,2025-12-05 09:26:00,1,46,46042,2,1,1,6,Bastie (Avenue Maryse),44.45935,1.4242
202300022861,12,9,2023,2025-12-05 08:30:00,1,45,45234,2,1,1,6,2 Rue Alexandre Avisse,47.90315,1.893427
202300022862,10,9,2023,2025-12-05 22:47:00,5,45,45004,2,1,1,7,D2107 Pr 0 + 793,47.98680768,2.7325514
202300022863,19,12,2023,2025-12-05 14:15:00,1,6,6088,2,1,1,3,Promenade Des Anglais,43.6819761,7.232397
202300022864,4,9,2023,2025-12-05 08:56:00,1,45,45004,2,1,1,3,D93 Pr 0 + 393,47.97737,2.73652
202300022865,9,9,2023,2025-12-05 20:23:00,2,45,45208,2,1,1,7,Boulevard John Kennedy,47.9982834,2.72085589
202300022866,11,9,2023,2025-12-05 15:25:00,1,44,44184,2,1,1,3,Rue Pitre Grenapin,47.260403,-2.258477
202300022867,19,12,2023,2025-12-05 09:00:00,1,6,6088,2,3,1,6,Barla (Rue),43.701952,7.282894
202300022868,11,9,2023,2025-12-05 19:10:00,2,43,43157,2,3,1,5,2B Boulevard Alexandre Clair,45.03958,3.88215
202300022869,19,12,2023,2025-12-05 20:00:00,5,6,6069,2,1,1,3,Route De Cannes,43.62469,6.96474
202300022870,10,9,2023,2025-12-05 21:10:00,5,41,41047,2,2,1,3,Rd 2152,47.60314,1.34959
202300022871,20,12,2023,2025-12-05 13:25:00,1,6,6029,2,1,1,3,Poesie (Avenue Pierre),43.55256,6.96278
202300022872,12,9,2023,2025-12-05 18:35:00,1,38,38516,2,4,1,3,Chartreuse (Route De) 34 A Fin,45.20782,5.74152
202300022873,12,9,2023,2025-12-05 14:02:00,1,38,38169,2,1,1,6,Curie (Boulevard J.),45.1914,5.69492
202300022874,20,12,2023,2025-12-05 17:50:00,5,75,75118,2,3,8,6,Boulevard Barbes,48.889734,2.34964
202300022875,11,9,2023,2025-12-05 09:45:00,1,38,38185,2,3,1,6,Boulevard Agutte Sembat,45.18875,5.72574
202300022876,12,9,2023,2025-12-05 08:45:00,1,38,38053,2,1,1,3,Herriot (Edouard),45.58721,5.2726
202300022877,12,9,2023,2025-12-05 19:10:00,1,37,37261,2,1,1,2,Napoleon (Pont),47.39924,0.67547
202300022878,20,12,2023,2025-12-05 10:07:00,1,75,75105,2,1,1,2,Quai Saint Michel,48.85339,2.345613
202300022879,11,9,2023,2025-12-05 14:00:00,1,37,37261,2,1,1,6,Strauss (Rue Johann),47.36759,0.71056
202300022880,11,9,2023,2025-12-05 18:30:00,1,35,35278,1,3,1,6,Rd 82,48.16229,-1.69011
202300022881,11,9,2023,2025-12-05 14:55:00,1,35,35238,2,2,1,3,Guyenne (Avenue De),48.12141,-1.71461
202300022882,18,12,2023,2025-12-05 21:50:00,5,75,75105,2,2,1,3,Boulevard De Port Royal,48.839482,2.337601
202300022883,11,9,2023,2025-12-05 12:00:00,1,35,35278,1,1,1,4,Rd 29,48.1571601,-1.69866174
202300022884,11,9,2023,2025-12-05 17:08:00,1,34,34032,2,1,1,3,Pezenas (Route De),43.35756,3.2426
202300022885,20,12,2023,2025-12-05 14:10:00,1,75,75120,2,1,1,3,Avenue Du Professeur Andre Lemiere,48.858357,2.414626
202300022886,11,9,2023,2025-12-05 15:20:00,1,34,34003,2,1,1,3,Marcellin Albert (H15 A H16,43.308,3.47803
202300022887,12,9,2023,2025-12-05 17:05:00,1,33,33192,2,1,3,4,Cours Du General De Gaulle,44.78971,-0.60519
202300022888,12,9,2023,2025-12-05 16:40:00,1,33,33550,2,8,3,6,Route De Toulouse,44.78186043,-0.56602389
202300022889,11,9,2023,2025-12-05 17:55:00,1,33,33167,2,1,1,6,Rue Jules Guesde,44.82922,-0.5287
202300022890,11,9,2023,2025-12-05 09:45:00,1,33,33063,1,1,1,4,Boulevard Des Freres Moga,44.82385093,-0.54325461
202300022891,20,12,2023,2025-12-05 17:10:00,5,75,75119,2,3,1,6,Rue Augustin Thierry,48.876355,2.393124
202300022892,12,9,2023,2025-12-05 19:55:00,2,32,32013,2,6,8,7,Darwin,43.6331,0.58923
202300022893,20,12,2023,2025-12-05 16:53:00,2,75,75118,2,3,2,6,Avenue De Saint Ouen,48.890411,2.326602
202300022894,11,9,2023,2025-12-05 13:03:00,1,31,31555,2,2,1,3,Tucaut (Che De) Du 8Au 364,43.56014,1.3605
202300022895,7,9,2023,2025-12-05 08:03:00,1,30,30189,2,3,1,3,Rue Docteur Calmette,43.82933357,4.36694473
202300022896,12,9,2023,2025-12-05 20:15:00,1,29,29232,1,6,1,6,Rond-Point Gutenberg,47.98020542,-4.08071553
202300022897,20,12,2023,2025-12-05 12:15:00,1,75,75116,2,3,1,2,Rue Pergolese,48.874392,2.28285
202300022898,11,9,2023,2025-12-05 14:00:00,1,29,29019,2,1,1,6,Avenue De Tarente,48.403379,-4.507795
202300022899,7,9,2023,2025-12-05 17:00:00,1,26,26198,2,1,1,6,Vieille Route Du Teil,44.56285,4.74723
202300022900,12,9,2023,2025-12-05 21:00:00,5,25,25388,2,9,1,3,Hollande (Rue De La Petite),47.5038,6.79513
202300022901,12,9,2023,2025-12-05 10:20:00,1,25,25056,2,2,1,3,Chasnot Rue Du,47.25211,6.0269
202300022902,20,12,2023,2025-12-05 13:10:00,1,75,75115,2,2,1,3,Avenue De Suffren,48.84581498,2.30955362
202300022903,12,9,2023,2025-12-05 14:57:00,1,22,22187,2,2,1,3,Chalutier Sans Pitie (Avenue Du),48.53013,-2.76466
202300022904,12,9,2023,2025-12-05 07:40:00,1,22,22278,2,9,1,6,Fontaine-Saint-Brieuc (De La),48.51769,-2.76644
202300022905,20,12,2023,2025-12-05 11:30:00,1,75,75115,2,3,1,6,Rue Nanteuil,48.835141,2.305568
202300022906,8,9,2023,2025-12-05 16:25:00,1,19,19031,2,3,1,6,Boulevard Brune,45.15316,1.53437
202300022907,7,9,2023,2025-12-05 09:30:00,1,19,19031,2,3,1,3,Ribot (Avenue),45.16473,1.51318
202300022908,8,9,2023,2025-12-05 08:35:00,1,18,18033,2,6,1,6,49 Avenue Des Freres Voisin,47.0695,2.3763
202300022909,20,12,2023,2025-12-05 10:50:00,1,75,75115,2,3,1,6,Rue De Dantzig,48.832526,2.297625
202300022910,11,9,2023,2025-12-05 11:50:00,1,17,17333,2,1,3,6,Cote De Beaute (Boulevard),45.6015,-1.00001
202300022911,11,9,2023,2025-12-05 23:30:00,5,13,13213,2,9,1,6,Jean Paul Sartre (Avenue),43.32179555,5.41772377
202300022912,11,9,2023,2025-12-05 15:00:00,1,13,13208,2,1,1,1,Madrague De Montredon (Ave De La),43.23741,5.3638
202300022913,20,12,2023,2025-12-05 00:09:00,5,75,75115,2,2,2,1,Rue De Vaugirard,48.844427,2.317692
202300022914,11,9,2023,2025-12-05 16:00:00,1,13,13203,2,3,1,5,National (Boulevard),43.30573,5.38398
202300022915,11,9,2023,2025-12-05 06:04:00,5,13,13207,2,1,1,6,Rive Neuve (Quai),43.29274739,5.36878109
202300022916,20,12,2023,2025-12-05 18:50:00,5,75,75111,2,2,8,6,Rue Du Faubourg Saint Antoine,48.851302,2.376134
202300022917,6,8,2023,2025-12-05 19:25:00,1,13,13028,1,1,1,2,Bodin (Avenue Emile),43.20642444,5.58575274
202300022918,20,12,2023,2025-12-05 18:00:00,5,75,75111,2,2,2,3,Boulevard Richard Lenoir,48.855151,2.370335
202300022919,12,9,2023,2025-12-05 08:00:00,1,13,13001,1,1,1,3,Loqui (Route De),43.51625271,5.38066945
202300022920,20,12,2023,2025-12-05 16:20:00,1,75,75102,2,1,2,6,Rue Des Jeuneurs,48.869709,2.343895
202300022921,11,9,2023,2025-12-05 23:45:00,5,10,10343,2,1,1,7,Sapins (Avenue),48.27638,4.08892
202300022922,11,9,2023,2025-12-05 22:24:00,5,10,10387,2,1,1,6,Major General Vanier (Avenue),48.3057,4.071
202300022923,20,12,2023,2025-12-05 14:35:00,1,75,75102,2,2,1,6,Rue De Turbigo,48.864115,2.3501326
202300022924,11,9,2023,2025-12-05 20:08:00,5,10,10343,2,1,1,7,Michel Baroin (Rue),48.2817,4.0957
202300022925,9,9,2023,2025-12-05 17:10:00,1,10,10387,2,1,1,2,Gambetta (Rue),48.29809,4.06816
202300022926,15,12,2023,2025-12-05 08:00:00,2,94,94046,2,1,1,3,Rue Victor Hugo,48.80086,2.43441
202300022927,11,9,2023,2025-12-05 17:30:00,1,9,9225,2,3,1,3,Cordeliers Rue Des,43.1176,1.61228
202300022928,20,12,2023,2025-12-05 00:42:00,5,94,94076,2,2,2,2,Boulevard Maxime Gorki,48.79606,2.36836
202300022929,11,9,2023,2025-12-05 13:53:00,1,9,9122,2,1,1,6,Lerida (Avenue De),42.964489,1.602872
202300022930,19,12,2023,2025-12-05 19:15:00,5,94,94028,2,1,2,6,Avenue Du Marechal Foch,48.78461,2.43675
202300022931,12,9,2023,2025-12-05 12:29:00,1,6,6088,2,9,1,1,Republique (Av. De La),43.70787,7.28407
202300022932,20,12,2023,2025-12-05 11:15:00,1,94,94022,2,2,1,3,Boulevard Des Allies,48.7669,2.403992
202300022933,11,9,2023,2025-12-05 09:40:00,1,6,6027,2,3,1,6,Delattre De Tassigny Av Du Mal,43.658,7.162384
202300022934,20,12,2023,2025-12-05 13:45:00,1,94,94018,2,3,1,3,37 Place Bobillot,48.82025634,2.40385804
202300022935,12,9,2023,2025-12-05 12:00:00,1,4,4112,2,1,1,6,Giono (Av. J.),43.82952,5.78545
202300022936,11,9,2023,2025-12-05 15:05:00,1,3,3190,2,6,1,6,Rue Felix Mathe,46.562712,3.325246
202300022937,20,12,2023,2025-12-05 18:20:00,5,93,93073,2,5,2,2,Avenue Pasteur / Rue De L'Argonne,48.94192,2.57364
202300022938,11,9,2023,2025-12-05 08:10:00,1,1,1451,1,6,1,3,Paris (Route De),46.22452,5.20666
202300022939,11,9,2023,2025-12-05 16:00:00,1,75,75112,2,1,1,2,Porte Doree,48.83513,2.411619
202300022940,15,12,2023,2025-12-05 23:45:00,5,93,93032,2,3,1,3,Rue Vaillant Couturier / Rue De L'Avenir,48.8705985,2.55476117
202300022941,11,9,2023,2025-12-05 01:20:00,5,75,75120,2,1,1,4,Porte De Montreuil,48.85993,2.413982
202300022942,20,12,2023,2025-12-05 08:10:00,1,93,93001,2,2,1,3,Boulevard Anatole France / Rue Des Noyers,48.91624,2.38164
202300022943,20,12,2023,2025-12-05 11:02:00,1,92,92063,2,9,1,6,Doumer (Avenue Paul) Est,48.88010644,2.18108252
202300022944,12,9,2023,2025-12-05 07:55:00,1,75,75105,2,3,1,3,Quai Saint Michel,48.853756,2.34429
202300022945,20,12,2023,2025-12-05 08:14:00,2,92,92026,2,6,1,3,Jean Mermoz (Square Et Place),48.90255816,2.27459908
202300022946,12,9,2023,2025-12-05 18:00:00,1,75,75116,2,3,2,3,Avenue De La Porte De Saint Cloud,48.83682443,2.25365326
202300022947,12,9,2023,2025-12-05 14:30:00,1,75,75115,2,7,2,2,Place Des Insurges De Varsovie,48.827094,2.292701
202300022948,19,12,2023,2025-12-05 19:27:00,5,92,92025,2,2,1,3,Paul Bert (Rue),48.92566338,2.24716265
202300022949,12,9,2023,2025-12-05 10:00:00,1,75,75115,2,2,1,3,Rue Vigee Lebrun,48.838547,2.311505
202300022950,20,12,2023,2025-12-05 16:25:00,1,92,92009,2,3,8,3,Europe (Avenue),48.90722905,2.26466328
202300022951,12,9,2023,2025-12-05 16:20:00,1,75,75114,2,3,2,6,Avenue Du General Leclerc,48.82878642,2.32774615
202300022952,20,12,2023,2025-12-05 13:54:00,1,92,92004,2,1,2,3,Docteur Dervaux  ( Quai Du ),48.90656,2.29078
202300022953,12,9,2023,2025-12-05 13:09:00,1,75,75114,2,3,3,3,Avenue Du General Leclerc,48.8307816,2.32941172
202300022954,18,12,2023,2025-12-05 09:00:00,1,33,33334,2,8,5,3,Passage A Niveau 28 Route De Rapin,44.689613,-0.417459
202300022955,12,9,2023,2025-12-05 04:58:00,5,75,75114,2,7,1,5,Place Victor Basch,48.827847,2.326656
202300022956,20,12,2023,2025-12-05 14:40:00,1,51,51217,2,2,2,3,Rue Gambetta,49.074788,3.639999
202300022957,12,9,2023,2025-12-05 18:30:00,1,75,75114,2,1,8,3,Rue Boissonade,48.8383,2.332
202300022958,21,12,2023,2025-12-05 13:50:00,1,972,97227,1,1,1,1,"Rn5, Les Coteaux",14.477484,-60.962706
202300022959,12,9,2023,2025-12-05 11:55:00,1,75,75113,2,3,2,2,Rue Des Peupliers,48.82287547,2.35298002
202300022960,12,9,2023,2025-12-05 11:50:00,1,75,75112,2,2,3,1,Quai De La Rapee,48.843483,2.370693
202300022961,19,12,2023,2025-12-05 18:45:00,3,50,50592,2,1,2,1,9 Route De Pont-Farcy,48.96978,-1.06069
202300022962,11,9,2023,2025-12-05 19:00:00,1,75,75112,2,2,1,1,Carrefour De Patte D Oie,48.8221,2.442
202300022963,20,12,2023,2025-12-05 19:15:00,3,35,35193,1,1,2,6,D82,48.237651,-1.709576
202300022964,12,9,2023,2025-12-05 02:58:00,5,75,75111,2,5,1,3,Avenue Ledru Rollin,48.857433,2.379698
202300022965,12,9,2023,2025-12-05 18:30:00,1,75,75108,2,2,2,3,Rue La Boetie,48.871418,2.307311
202300022966,20,12,2023,2025-12-05 14:05:00,1,51,51422,1,4,1,1,D980,49.22030939,3.93729215
202300022967,12,9,2023,2025-12-05 17:00:00,1,75,75108,2,3,2,3,Avenue Cesar Caire,48.87616175,2.31948289
202300022968,20,12,2023,2025-12-05 17:15:00,1,56,56051,1,1,1,1,Bellevue,47.900132,-2.593642
202300022969,12,9,2023,2025-12-05 11:30:00,1,75,75108,2,3,1,6,Rue De Lisbonne,48.87775285,2.31557143
202300022970,21,12,2023,2025-12-05 13:20:00,1,89,89464,1,1,2,1,Rd 606,48.062344,3.29059
202300022971,11,9,2023,2025-12-05 10:38:00,1,75,75107,2,5,1,6,Avenue Bosquet,48.861902,2.302038
202300022972,12,9,2023,2025-12-05 18:20:00,1,75,75104,2,2,8,2,Rue De Rivoli,48.855942,2.357966
202300022973,2,9,2023,2025-12-05 00:20:00,5,94,94058,2,2,1,1,Avenue Du General De Gaulle,48.84325,2.5034
202300022974,21,12,2023,2025-12-05 07:35:00,2,55,55470,1,2,2,3,D635,48.703725,5.070823
202300022975,11,9,2023,2025-12-05 17:00:00,1,94,94043,2,1,1,6,20 Avenue De Fontainebleau,48.814722,2.360909
202300022976,19,12,2023,2025-12-05 19:10:00,3,49,49180,1,2,1,3,D214,47.338372,-0.140526
202300022977,12,9,2023,2025-12-05 14:40:00,1,94,94038,2,2,2,3,Rue De Chevilly,48.773931,2.351866
202300022978,21,12,2023,2025-12-05 05:50:00,3,47,47228,1,1,2,6,N21,44.32532845,0.72028893
202300022979,12,9,2023,2025-12-05 14:20:00,1,94,94028,2,2,3,6,Rue Juliette Savar,48.78009,2.46553
202300022980,20,12,2023,2025-12-05 16:15:00,1,47,47069,1,1,1,1,D125,44.22763323,0.58292283
202300022981,12,9,2023,2025-12-05 13:10:00,1,94,94028,2,1,2,3,Avenue De La Breche,48.78407,2.45417
202300022982,12,9,2023,2025-12-05 08:25:00,1,94,94017,2,1,1,3,Av. Henri-Marie Le Boursicaud,48.81484,2.5244
202300022983,19,12,2023,2025-12-05 17:35:00,3,41,41180,1,1,8,5,D764,47.376008,1.227338
202300022984,20,12,2023,2025-12-05 18:20:00,3,34,34234,1,9,1,6,D13,43.533406,3.227202
202300022985,12,9,2023,2025-12-05 19:30:00,1,93,93070,2,9,2,7,Rue Du Docteur Bauer,48.91245546,2.33561654
202300022986,20,12,2023,2025-12-05 23:20:00,3,25,25240,1,1,2,1,D461,47.050125,6.625056
202300022987,10,6,2023,2025-12-05 05:45:00,2,93,93048,2,2,1,6,Avenue Walwein / Rue Franklin,48.86233,2.44393
202300022988,22,8,2023,2025-12-05 19:00:00,1,93,93032,2,5,1,3,Avenue Vaillant Couturier / Rue Hippolyte Pina,48.8745,2.55199
202300022989,21,12,2023,2025-12-05 12:05:00,1,25,25122,1,1,2,1,D72,46.94567,6.186397
202300022990,12,9,2023,2025-12-05 09:40:00,1,93,93032,2,2,1,3,Avenue Des Chevrefeuilles / Avenue Des Charmilles,48.88851638,2.54741594
202300022991,20,12,2023,2025-12-05 10:50:00,1,29,29024,2,1,1,6,Rue De La Madeleine,48.27129,-3.575637
202300022992,11,9,2023,2025-12-05 19:03:00,1,93,93032,2,2,1,2,Rue Paul Vaillant Couturier / Avenue De Bordeaux,48.87615,2.54971
202300022993,18,12,2023,2025-12-05 08:10:00,1,38,38039,2,1,9,6,Chemin De La Gare,45.26851,5.86598
202300022994,21,12,2023,2025-12-05 08:05:00,1,6,6090,2,1,1,1,1719 Avenue Lord Astor,43.614246,6.935236
202300022995,9,9,2023,2025-12-05 03:05:00,5,93,93032,2,2,1,3,Rue Parmentier / Rue Aristide Briand,48.88277683,2.53501915
202300022996,20,12,2023,2025-12-05 13:02:00,1,14,14377,1,1,8,6,D104,49.322503,-0.702766
202300022997,12,9,2023,2025-12-05 12:50:00,1,93,93031,2,1,3,6,Rue De Saint-Gratien,48.96009338,2.30375737
202300022998,20,12,2023,2025-12-05 20:00:00,3,64,64411,1,1,2,7,Rd 918 - Col D'Osquich,43.19927531,-1.01934943
202300022999,12,9,2023,2025-12-05 17:30:00,1,93,93010,2,1,2,3,Rue Paul Vaillant-Couturier,48.90159942,2.476047
202300023000,20,12,2023,2025-12-05 15:45:00,1,36,36117,1,1,1,6,Adresse_Inconnue,46.55581,1.560295
202300023001,12,9,2023,2025-12-05 00:25:00,5,92,92072,2,1,1,6,Grande Rue,48.82611,2.21852
202300023002,12,9,2023,2025-12-05 19:40:00,1,92,92063,2,1,8,6,Bons Raisins (Rue Des),48.87164509,2.20105451
202300023003,22,6,2023,2025-12-05 05:10:00,3,7,7024,1,1,1,5,D901,44.385158,4.171844
202300023004,20,12,2023,2025-12-05 09:58:00,1,21,21644,1,1,1,6,D104,47.349144,5.314312
202300023005,11,9,2023,2025-12-05 18:15:00,1,92,92050,2,1,1,6,Hebert Celestin Rue,48.89707394,2.22414047
202300023006,20,12,2023,2025-12-05 15:50:00,1,85,85172,1,1,1,6,Rd 59,46.798623,-1.978463
202300023007,11,9,2023,2025-12-05 11:30:00,1,92,92036,2,1,1,4,Gresillons (Quai Des),48.91976,2.32245
202300023008,20,12,2023,2025-12-05 14:50:00,1,17,17218,2,1,1,7,Rive Gauche De La Sevre,46.319079,-0.969071
202300023009,12,9,2023,2025-12-05 10:20:00,1,92,92025,2,3,2,3,Valmy> 68   55 (Bd De),48.93381,2.25559
202300023010,21,12,2023,2025-12-05 15:00:00,1,30,30165,1,1,1,3,D981,44.09757357,4.14618874
202300023011,21,12,2023,2025-12-05 02:40:00,5,987,98715,2,1,1,6,"Route De Ceinture, Pamatai, Pk 3 +700, Commune De Faa'A En Face Du Magasin Tahiti Glace.",-17.584,-149.56
202300023012,12,9,2023,2025-12-05 18:59:00,1,92,92024,2,1,8,4,Clichy (Quai De) De (104 A 202),48.91262,2.31236
202300023013,21,12,2023,2025-12-05 18:55:00,4,13,13109,1,1,1,1,"A8, Pk 24.200, Sens 2",43.507974,5.501575
202300023014,12,9,2023,2025-12-05 16:15:00,1,974,97415,1,1,1,3,N1,-20.970837,55.298696
202300023015,12,9,2023,2025-12-05 10:23:00,1,47,47169,1,1,1,6,D268,44.138464,0.607825
202300023016,10,12,2023,2025-12-05 08:15:00,1,13,13001,1,1,1,2,A8,43.523578,5.408417
202300023017,13,9,2023,2025-12-05 12:45:00,1,51,51649,2,1,1,1,Rue Des Hauts-Pas,48.724746,4.584335
202300023018,8,12,2023,2025-12-05 22:20:00,5,49,49129,1,4,1,3,A11-Pk259+400,47.501359,-0.508541
202300023019,12,9,2023,2025-12-05 11:45:00,1,51,51635,1,1,1,7,D14,48.806991,4.84201
202300023020,20,12,2023,2025-12-05 15:00:00,1,51,51466,1,1,1,2,A4 Pk 116.000 Sens Paris-Reims,49.182854,3.750458
202300023021,12,9,2023,2025-12-05 07:39:00,1,84,84088,1,2,1,3,Chemin De Prato-Plage,44.02218,5.047413
202300023022,12,9,2023,2025-12-05 09:25:00,1,1,1354,2,6,1,3,Rue De La Faucille,46.2594,6.029236
202300023023,20,12,2023,2025-12-05 14:45:00,1,34,34329,1,1,6,5,Autoroute A9 Pk 166+000,43.30334579,3.22158808
202300023024,12,9,2023,2025-12-05 15:45:00,1,22,22044,1,1,2,2,Rn 12 - Pr 42+700,48.47704,-2.60042
202300023025,21,12,2023,2025-12-05 16:40:00,1,974,97418,1,1,7,2,Route Nationale 2,-20.902963,55.541832
202300023026,12,9,2023,2025-12-05 11:55:00,1,50,50214,1,1,1,7,Aire De La Vallee De La Vire (Aire De Pique-Nique),48.908609,-1.104652
202300023027,20,12,2023,2025-12-05 19:10:00,5,971,97125,1,2,1,2,Nationale 4,16.256275,-61.289742
202300023028,21,12,2023,2025-12-05 10:20:00,1,66,66056,2,6,7,2,Adresse_Inconnue,42.659234,2.682794
202300023029,19,12,2023,2025-12-05 05:50:00,3,66,66224,2,6,1,6,Avenue Du Littoral,42.727292,2.993281
202300023030,12,9,2023,2025-12-05 15:29:00,1,21,21273,1,1,8,7,D35,47.292564,4.816561
202300023031,21,12,2023,2025-12-05 11:20:00,1,6,6157,2,3,1,6,Rue Du Pavillon,43.72175,7.110327
202300023032,6,9,2023,2025-12-05 06:47:00,2,51,51342,1,1,1,6,D40,48.9831,3.95084
202300023033,20,12,2023,2025-12-05 08:00:00,2,38,38336,1,1,2,2,Autoroute A7 Pk007+000 Sens S/N,45.463652,4.832922
202300023034,21,12,2023,2025-12-05 00:50:00,3,89,89298,1,1,2,7,A19,48.05449,3.108187
202300023035,8,9,2023,2025-12-05 08:50:00,1,59,59624,2,1,1,2,D76,50.031656,3.294327
202300023036,21,12,2023,2025-12-05 16:54:00,2,58,58124,1,1,2,6,Route Departementale 174,47.053078,3.061731
202300023037,12,9,2023,2025-12-05 16:20:00,1,56,56165,1,1,1,4,Les Landes Brien,47.89391,-2.365601
202300023038,31,8,2023,2025-12-05 02:15:00,3,56,56154,1,1,1,6,Pont D'Oust,47.72886,-2.21458
202300023039,20,12,2023,2025-12-05 17:00:00,5,54,54215,2,3,2,6,Rue Anatole France,48.753948,6.142672
202300023040,12,9,2023,2025-12-05 09:15:00,1,56,56083,1,1,1,4,Adresse_Inconnue,47.78821,-3.28236
202300023041,12,9,2023,2025-12-05 17:25:00,1,56,56147,2,3,2,2,Zone Artisanale Des Metairies,47.521327,-2.287436
202300023042,21,12,2023,2025-12-05 12:50:00,1,3,3308,1,1,1,3,D68,46.273544,2.976437
202300023043,13,9,2023,2025-12-05 07:20:00,1,74,74275,1,1,1,1,D909A,45.8178344,6.22926634
202300023044,12,9,2023,2025-12-05 19:30:00,2,2A,2A362,2,1,1,2,T 10,41.701051,9.350352
202300023045,20,12,2023,2025-12-05 20:10:00,3,3,3283,1,1,1,1,Les Talbots,46.511419,3.593323
202300023046,13,9,2023,2025-12-05 12:30:00,1,2B,2B049,1,1,1,7,Route Departementale 81B,42.489694,8.684607
202300023047,11,9,2023,2025-12-05 13:05:00,1,61,61091,1,1,7,6,Voie Communale,48.62004,-0.52372
202300023048,21,12,2023,2025-12-05 09:00:00,1,73,73179,1,4,1,1,D13 Route Du Noiray,45.606243,5.85412
202300023049,9,9,2023,2025-12-05 23:50:00,3,42,42081,1,8,1,6,Route De Bellegarde,45.620191,4.269519
202300023050,20,12,2023,2025-12-05 16:30:00,2,1,1185,1,1,2,6,D8,45.983812,5.563374
202300023051,11,9,2023,2025-12-05 06:39:00,3,22,22204,1,1,1,2,D8,48.696267,-3.21809
202300023052,19,12,2023,2025-12-05 16:07:00,1,69,69143,2,9,1,3,53 Avenue Carnot,45.886337,4.831372
202300023053,12,9,2023,2025-12-05 16:30:00,1,25,25349,1,1,1,2,D461,47.143825,6.497126
202300023054,21,12,2023,2025-12-05 20:00:00,3,81,81140,1,1,2,6,D112,43.678379,1.877493
202300023055,5,9,2023,2025-12-05 15:55:00,1,25,25262,1,1,1,7,D461,47.13652,6.615658
202300023056,12,9,2023,2025-12-05 07:40:00,2,29,29150,1,1,5,6,Keryoualen,47.801741,-3.625617
202300023057,20,12,2023,2025-12-05 13:15:00,1,65,65059,2,9,1,4,Rue Philadelphe De Gerde,43.068847,0.157494
202300023058,2,9,2023,2025-12-05 20:45:00,2,29,29217,2,4,1,3,Rue Paul Serusier,47.852639,-3.737342
202300023059,13,9,2023,2025-12-05 14:40:00,1,84,84075,1,1,1,7,Route De Sault,44.01313831,5.24676098
202300023060,9,9,2023,2025-12-05 12:30:00,1,84,84005,1,1,1,2,D164,44.142151,5.341372
202300023061,16,12,2023,2025-12-05 23:30:00,4,62,62589,2,1,1,6,D341,50.347631,2.689016
202300023062,13,9,2023,2025-12-05 17:00:00,1,26,26368,1,1,2,1,D93,44.718891,5.264871
202300023063,12,9,2023,2025-12-05 16:15:00,1,58,58147,2,1,1,1,Le Bourg,47.159723,3.385747
202300023064,19,12,2023,2025-12-05 20:50:00,3,13,13211,1,1,1,2,A50-Sens Marseille Vers Aubagne,43.29191,5.48075
202300023065,13,9,2023,2025-12-05 08:50:00,1,6,6079,2,1,7,6,Avenue De Frejus,43.529182,6.928324
202300023066,17,12,2023,2025-12-05 19:39:00,3,69,69271,1,1,1,2,Rocade Est,45.747781,4.988113
202300023067,13,9,2023,2025-12-05 00:20:00,3,50,50569,1,3,1,7,6 Rue Des Moulins,49.039781,-1.350471