num_acc,jour,mois,an,hrmn,lum,dep,com,agg,int,atm,col,adr,lat,long
202300023068,11,9,2023,2025-12-05 08:30:00,1,90,90070,2,1,1,6,Rue De La Boulois,47.471064,6.922615
202300023069,12,9,2023,2025-12-05 22:00:00,3,83,83005,1,1,1,6,D71,43.68786,6.113033
202300023070,9,9,2023,2025-12-05 12:30:00,1,7,7100,1,1,1,3,Route De Villefort,44.42212318,4.04837857
202300023071,20,12,2023,2025-12-05 09:55:00,3,33,33249,1,1,2,4,Pont D'Aquitaine,44.8787622,-0.53049139
202300023072,13,9,2023,2025-12-05 16:20:00,1,24,24408,1,1,1,3,Route L'Ancienne Poste,45.323748,0.785828
202300023073,20,12,2023,2025-12-05 09:15:00,1,33,33192,1,1,1,2,Rocade A 630,44.79003708,-0.60711432
202300023074,10,9,2023,2025-12-05 20:00:00,2,85,85192,1,1,1,5,Rd 13,46.784333,-1.0136004
202300023075,20,12,2023,2025-12-05 21:07:00,3,91,91064,1,1,1,7,Rn 118,48.74876,2.21678
202300023076,11,9,2023,2025-12-05 13:25:00,1,27,27069,1,1,1,6,130 Route De Breteuil,48.820614,0.754268
202300023077,12,9,2023,2025-12-05 13:40:00,1,17,17140,1,1,1,7,Route De Boyardville,45.921737,-1.255918
202300023078,20,12,2023,2025-12-05 18:00:00,3,94,94034,1,1,9,3,A6A,48.75628517,2.33422052
202300023079,13,9,2023,2025-12-05 17:15:00,1,30,30320,1,1,1,1,Adresse_Inconnue,44.121215,4.302851
202300023080,12,9,2023,2025-12-05 16:17:00,1,88,88408,1,2,1,3,4 Route Du Chene,47.907076,6.681163
202300023081,20,12,2023,2025-12-05 10:50:00,1,94,94038,1,1,2,5,A6B,48.77350191,2.34614102
202300023082,13,9,2023,2025-12-05 16:30:00,1,95,95392,2,1,1,7,16 Bel Air (Rue Du),49.076512,2.204819
202300023083,19,12,2023,2025-12-05 21:37:00,3,91,91340,1,1,2,7,Rn 104,48.60915,2.4397
202300023084,12,9,2023,2025-12-05 13:00:00,1,39,39310,1,1,1,3,Adresse_Inconnue,46.794771,5.530028
202300023085,13,9,2023,2025-12-05 06:15:00,3,60,60030,1,1,1,6,"Autoroute A16, Pk 063+800 Sens Paris-Boulogne",49.36246743,2.10786009
202300023086,8,9,2023,2025-12-05 15:40:00,1,59,59370,2,1,1,3,Route De Mons,50.315627,3.977308
202300023087,11,9,2023,2025-12-05 14:10:00,1,79,79048,1,1,1,2,Adresse_Inconnue,46.347105,-0.294871
202300023088,20,12,2023,2025-12-05 08:20:00,2,93,93066,1,1,1,7,Autoroute A1,48.91182,2.35786
202300023089,12,9,2023,2025-12-05 21:40:00,3,37,37036,1,1,1,1,Rd 766,47.54651611,0.28583698
202300023090,20,12,2023,2025-12-05 17:52:00,3,94,94046,1,1,2,2,A86,48.80856288,2.44905786
202300023091,13,9,2023,2025-12-05 09:15:00,1,69,69188,1,3,2,5,Route De Lyon,45.92308,4.458668
202300023092,12,9,2023,2025-12-05 19:00:00,1,77,77216,1,1,3,6,A6,48.290375,2.682118
202300023093,20,12,2023,2025-12-05 07:45:00,2,77,77258,1,1,1,6,A4.Y,48.83212511,2.65067079
202300023094,12,9,2023,2025-12-05 19:25:00,2,77,77216,1,1,3,3,A6,48.290018,2.682998
202300023095,12,9,2023,2025-12-05 12:00:00,1,34,34088,1,1,1,7,D5,43.571001,3.739192
202300023096,12,9,2023,2025-12-05 12:35:00,1,66,66144,2,6,1,1,13 Rue Des Constellations,42.633453,2.870599
202300023097,11,8,2023,2025-12-05 19:00:00,1,10,10387,2,3,1,3,Leon Bourgeois (Rue),48.30157,4.05152
202300023098,11,8,2023,2025-12-05 19:15:00,1,10,10387,2,1,1,6,Vassaules (Rue Des),48.31005455,4.06819832
202300023099,28,9,2023,2025-12-05 08:10:00,1,78,78190,2,1,1,6,Fernand Hostachy (Boulevard),48.877729,2.145711
202300023100,11,10,2023,2025-12-05 14:30:00,1,35,35055,2,6,1,3,Bourgogne (Avenue De),48.09051,-1.61573
202300023101,19,12,2023,2025-12-05 09:45:00,1,976,97611,2,1,1,7,Kaweni-Kaweni Nord ( Z I ),-12.76896,45.2245
202300023102,19,12,2023,2025-12-05 08:45:00,1,974,97416,1,1,1,2,Rond Point La Cafrine,-21.3536,55.51259
202300023103,18,12,2023,2025-12-05 17:10:00,1,974,97416,1,1,1,3,Badamier(Chemin),-21.32966514,55.4584946
202300023104,19,12,2023,2025-12-05 11:35:00,1,974,97411,2,1,1,6,Leclerc (Du Marechal),-20.88037,55.44892
202300023105,18,12,2023,2025-12-05 06:50:00,1,974,97407,1,1,1,1,Owens James,-20.93072,55.30974
202300023106,19,12,2023,2025-12-05 21:50:00,5,69,69386,2,1,1,6,Place Jules Ferry,45.7679,4.85931
202300023107,19,12,2023,2025-12-05 11:55:00,1,69,69383,2,3,1,6,Rue D'Aubigny,45.76135327,4.86389056
202300023108,19,12,2023,2025-12-05 19:10:00,5,69,69382,2,1,1,3,13 Quai Jean Moulin,45.76582,4.83801
202300023109,19,12,2023,2025-12-05 20:30:00,5,2B,2B033,2,3,1,1,Route Royale,42.67749,9.43359
202300023110,19,12,2023,2025-12-05 14:57:00,1,2B,2B033,2,1,1,1,Route Royale,42.7,9.45
202300023111,19,12,2023,2025-12-05 17:15:00,1,971,97101,2,1,7,6,Vieux Bourg,16.24962,-61.52956
202300023112,19,12,2023,2025-12-05 06:58:00,1,971,97101,2,1,1,6,Frederic Jalton,16.27356612,-61.50493026
202300023113,18,12,2023,2025-12-05 14:00:00,1,971,97113,1,1,1,3,Section Grande Ravine,16.21206,-61.47525
202300023114,19,12,2023,2025-12-05 18:40:00,5,95,95555,2,1,2,6,D109,48.967085,2.284387
202300023115,19,12,2023,2025-12-05 17:25:00,5,91,91421,2,9,1,6,Senart (Avenue De),48.70306,2.45413
202300023116,19,12,2023,2025-12-05 19:10:00,3,91,91432,2,1,2,2,Rd 118,48.713018,2.350722
202300023117,19,12,2023,2025-12-05 13:44:00,1,87,87085,2,9,1,3,Ruben (Avenue Ernest),45.82355,1.25121
202300023118,15,12,2023,2025-12-05 18:00:00,3,80,80702,1,1,2,6,Grimaux (Rue),49.84372,2.29575
202300023119,19,12,2023,2025-12-05 19:20:00,5,80,80001,2,1,2,6,General Leclerc (Du),50.10673,1.84527
202300023120,19,12,2023,2025-12-05 20:45:00,3,77,77337,2,2,2,3,Luzard (Cours Du),48.8459,2.62015
202300023121,19,12,2023,2025-12-05 19:30:00,3,77,77058,1,1,2,2,Marie Curie  (Avenue),48.83727,2.74003
202300023122,19,12,2023,2025-12-05 16:19:00,2,77,77131,2,1,1,6,Strasbourg (Avenue De),48.80782,3.08342
202300023123,19,12,2023,2025-12-05 19:25:00,5,76,76108,2,1,3,6,Chemin De Cleres,49.46386842,1.09887421
202300023124,18,12,2023,2025-12-05 19:20:00,5,76,76351,2,2,1,3,George V (Quai),49.49075,0.11675
202300023125,19,12,2023,2025-12-05 02:45:00,3,76,76341,1,1,1,6,Rd 489,49.5218,0.18977
202300023126,18,12,2023,2025-12-05 11:26:00,1,76,76351,2,2,1,3,Winston Churchill,49.49408,0.13872
202300023127,17,12,2023,2025-12-05 02:25:00,5,76,76351,2,1,1,7,Victor Hugo,49.49167493,0.10901016
202300023128,19,12,2023,2025-12-05 18:55:00,3,73,73029,1,1,1,3,N201,45.56496,5.94707
202300023129,2,7,2023,2025-12-05 19:22:00,1,88,88387,1,3,1,3,Rd3,48.36918,5.825393
202300023130,30,6,2023,2025-12-05 17:20:00,1,3,3290,1,1,1,6,Rn 7,46.63606,3.277638
202300023131,2,7,2023,2025-12-05 04:35:00,4,42,42304,2,9,2,6,1382 Route Des Monts,45.546997,4.201713
202300023132,2,7,2023,2025-12-05 02:30:00,3,31,31451,2,1,1,7,Chemin De La Barriere,43.475283,1.999115
202300023133,26,6,2023,2025-12-05 19:15:00,1,31,31196,1,1,1,7,D75F,43.250282,0.997347
202300023134,13,10,2023,2025-12-05 07:30:00,1,13,13209,2,3,1,3,Catherine Blum (Boulevard),43.26391785,5.41842991
202300023135,1,7,2023,2025-12-05 11:50:00,1,17,17458,1,1,1,7,D142,45.35878,-0.298519
202300023136,12,10,2023,2025-12-05 17:00:00,1,13,13206,2,3,1,6,Breteuil (Rue),43.2803,5.37821
202300023137,3,7,2023,2025-12-05 09:15:00,1,47,47157,2,3,1,3,107 Boulevard De La Liberte,44.503549,0.170288
202300023138,15,5,2023,2025-12-05 08:55:00,1,33,33056,2,3,1,3,Avenue Du 11 Novembre,44.904088,-0.619582
202300023139,2,7,2023,2025-12-05 18:45:00,1,72,72185,1,1,1,6,Lieu Dit Pillette,47.711404,-0.012043
202300023140,12,10,2023,2025-12-05 23:30:00,5,11,11069,2,1,1,6,41 Avenue Docteur Henri Gout,43.21096,2.3383
202300023141,13,10,2023,2025-12-05 10:13:00,1,10,10333,2,1,1,6,Notre Dame Des Pres (Rue De),48.2888,4.0453
202300023142,10,10,2023,2025-12-05 16:00:00,1,6,6088,2,1,1,2,Riquier (Bd De),43.7012641,7.288064
202300023143,3,7,2023,2025-12-05 14:25:00,1,14,14047,2,1,1,6,9 Rue Marechal Foch,49.277283,-0.701065
202300023144,13,10,2023,2025-12-05 08:25:00,1,6,6069,2,3,1,3,Capucins (Chemin Et Impasse Des),43.651782,6.9299386
202300023145,2,7,2023,2025-12-05 12:50:00,1,13,13081,1,1,1,2,A7-Sens Marseille Vers Lyon,43.4835,5.2413
202300023146,13,10,2023,2025-12-05 20:25:00,5,6,6027,2,1,1,3,Val Fleuri Chemin Du,43.66373,7.14882
202300023147,2,7,2023,2025-12-05 03:30:00,3,13,13213,1,1,1,2,A507 Sens Aubagne- Marseille,43.328437,5.41727082
202300023148,1,7,2023,2025-12-05 06:15:00,1,83,83047,1,1,1,6,A570,43.13446859,6.04783523
202300023149,11,10,2023,2025-12-05 08:25:00,1,6,6027,2,3,1,3,Boucher Rue Helene,43.65874,7.14766
202300023150,13,10,2023,2025-12-05 18:00:00,1,75,75119,2,1,1,2,Bd Peripherique Exterieur Porte De La Villette,48.900334,2.380785
202300023151,1,7,2023,2025-12-05 16:45:00,1,69,69029,2,2,1,2,Avenue Jean Mermoz,45.72957,4.89388
202300023152,13,10,2023,2025-12-05 12:05:00,1,75,75120,2,1,1,2,Porte Des Lilas,48.874745,2.410543
202300023153,2,7,2023,2025-12-05 07:49:00,1,91,91377,2,9,1,2,Rn20,48.71895,2.29896
202300023154,13,10,2023,2025-12-05 09:55:00,1,75,75112,2,4,1,3,Boulevard Poniatowski,48.829202,2.390256
202300023155,2,7,2023,2025-12-05 17:40:00,1,94,94033,1,1,1,3,A86,48.85428168,2.48956832
202300023156,13,10,2023,2025-12-05 10:45:00,1,75,75106,2,3,1,2,Rue Danton,48.853042,2.342947
202300023157,2,7,2023,2025-12-05 14:30:00,1,93,93051,1,1,1,5,A4,48.83623318,2.55184364
202300023158,12,10,2023,2025-12-05 22:10:00,5,75,75120,2,3,1,1,Rue Des Pyrenees,48.852441,2.406129
202300023159,2,7,2023,2025-12-05 14:00:00,1,94,94046,1,1,1,1,A86,48.81577215,2.45029735
202300023160,13,10,2023,2025-12-05 23:20:00,5,75,75119,2,3,2,3,Avenue De Flandre,48.888376,2.374136
202300023161,2,7,2023,2025-12-05 12:00:00,1,94,94073,1,1,1,5,A86,48.75511212,2.38274011
202300023162,12,10,2023,2025-12-05 21:05:00,5,75,75116,2,1,1,6,Avenue De L Hippodrome,48.860647,2.240629
202300023163,2,7,2023,2025-12-05 09:00:00,1,93,93051,1,1,1,5,A4,48.83504713,2.5747177
202300023164,12,10,2023,2025-12-05 22:30:00,5,75,75116,2,2,1,3,Avenue De La Porte De Saint Cloud,48.838539,2.252225
202300023165,2,7,2023,2025-12-05 04:15:00,3,94,94022,1,1,1,6,A86,48.77637562,2.42140187
202300023166,12,10,2023,2025-12-05 19:40:00,5,75,75116,2,3,1,6,Avenue De Versailles,48.838194,2.258221
202300023167,1,7,2023,2025-12-05 11:30:00,1,94,94017,1,1,1,2,A4,48.83020089,2.495767
202300023168,13,10,2023,2025-12-05 09:00:00,1,75,75115,2,1,1,7,Boulevard Lefebvre,48.830364,2.293993
202300023169,28,4,2023,2025-12-05 16:45:00,1,74,74127,1,1,1,7,Route Des Grandes Alpes,46.341773,6.554632
202300023170,22,4,2023,2025-12-05 17:15:00,1,74,74081,2,2,1,1,Rue Emile Chautemps,46.061012,6.577018
202300023171,12,10,2023,2025-12-05 21:50:00,5,75,75115,2,2,1,1,Rue Lecourbe,48.842647,2.30269
202300023172,19,4,2023,2025-12-05 16:25:00,1,74,74278,2,6,1,2,Avenue Des Vallees,46.082336,6.538276
202300023173,13,10,2023,2025-12-05 09:54:00,1,75,75113,2,1,1,3,Rue Jean Baptiste Berlier,48.825871,2.38482
202300023174,18,4,2023,2025-12-05 07:30:00,1,74,74007,1,1,1,3,445 Route De Thonon,46.076669,6.313169
202300023175,13,10,2023,2025-12-05 05:30:00,5,75,75111,2,3,1,2,Rue Jean Pierre Timbaud,48.867661,2.377289
202300023176,13,4,2023,2025-12-05 08:39:00,1,74,74179,1,3,1,1,Route De Bellegarde,45.997677,6.010686
202300023177,13,10,2023,2025-12-05 17:40:00,1,75,75108,2,4,1,1,Rue De Rome,48.875497,2.324025
202300023178,31,3,2023,2025-12-05 17:25:00,1,74,74010,2,1,2,5,Avenue D'Aix-Les-Bains,45.888679,6.106188
202300023179,27,3,2023,2025-12-05 17:45:00,1,74,74281,2,1,1,3,Geneve (Ave De) Jusque Croisee Anthy,46.35827,6.45163
202300023180,13,10,2023,2025-12-05 15:00:00,1,75,75107,2,2,1,3,Quai Voltaire,48.859579,2.329523
202300023181,1,5,2023,2025-12-05 03:40:00,3,69,69382,1,1,1,6,Route De Metropole 7,45.74804083,4.82996911
202300023182,15,3,2023,2025-12-05 16:25:00,1,14,14256,2,1,1,3,16 Rue Du Mont Cauvin,49.32217537,-0.78628028
202300023183,13,10,2023,2025-12-05 00:10:00,5,75,75102,2,3,1,3,Rue Montmartre,48.867776,2.343795
202300023184,1,7,2023,2025-12-05 19:45:00,1,14,14118,2,1,1,6,66 Rue Eugene Boudin,49.1941,-0.38266
202300023185,12,10,2023,2025-12-05 19:10:00,2,94,94081,2,2,1,1,Avenue Du Colonel Fabien,48.78257,2.38085
202300023186,1,7,2023,2025-12-05 19:00:00,3,974,97416,1,9,1,3,Lenormand(Chemin),-21.27858,55.47081
202300023187,1,7,2023,2025-12-05 06:00:00,2,973,97302,2,2,1,3,Colomb (Christophe),4.93921094,-52.32718349
202300023188,13,10,2023,2025-12-05 15:05:00,1,94,94076,2,1,1,3,Rue De Gentilly,48.800541,2.352466
202300023189,1,7,2023,2025-12-05 18:45:00,3,973,97309,2,1,2,7,Tigre (Route Du),4.91196769,-52.30809152
202300023190,11,10,2023,2025-12-05 17:20:00,1,94,94037,2,2,1,3,Rue Des Champs Elysees,48.81396,2.3386
202300023191,1,7,2023,2025-12-05 08:55:00,1,972,97209,2,9,1,2,Grand Caraibe (Rue Du),14.60231211,-61.07568294
202300023192,13,10,2023,2025-12-05 20:15:00,5,94,94073,2,6,1,6,Rue De La Saussaie,48.767721,2.385459
202300023193,30,6,2023,2025-12-05 15:50:00,1,69,69202,2,7,1,6,Place Lieutenant Soubeirat,45.74754,4.80039
202300023194,12,10,2023,2025-12-05 13:40:00,1,94,94028,2,1,2,2,Avenue Des Compagnons De La Liberation,48.77768,2.4577
202300023195,1,7,2023,2025-12-05 19:37:00,1,2A,2A004,1,3,1,2,Confina 1 Lot,41.95257134,8.78447056
202300023196,12,10,2023,2025-12-05 13:24:00,1,94,94028,2,3,1,1,Rue Juliette Savar,48.77635,2.46807
202300023197,1,7,2023,2025-12-05 02:15:00,5,2A,2A004,2,9,1,2,Ricanto Route Et Plage,41.92845,8.76532
202300023198,12,10,2023,2025-12-05 09:00:00,1,94,94011,2,6,3,3,Avenue Jean Rostand,48.76805374,2.48753214
202300023199,1,7,2023,2025-12-05 11:10:00,1,95,95280,2,2,1,3,Marceau (Avenue),49.03001571,2.4646765
202300023200,11,10,2023,2025-12-05 21:00:00,5,94,94053,2,1,1,1,Avenue Pierre Mendes France,48.77548,2.54829
202300023201,13,10,2023,2025-12-05 06:30:00,5,94,94017,2,6,1,3,Avenue Ambroise Croizat,48.8174063,2.52723768
202300023202,1,7,2023,2025-12-05 11:50:00,1,91,91027,2,1,1,3,Av Francois Mitterrand,48.70414,2.37168
202300023203,13,10,2023,2025-12-05 16:20:00,1,94,94002,2,1,1,6,Rue Joffrin,48.800098,2.427085
202300023204,1,7,2023,2025-12-05 09:20:00,1,91,91027,2,2,2,3,Av Francois Mitterrand,48.716083,2.370803
202300023205,30,6,2023,2025-12-05 18:20:00,1,91,91687,2,3,1,6,Chatillon (Rue De),48.68333,2.38333
202300023206,13,10,2023,2025-12-05 20:00:00,5,93,93078,2,3,6,1,Boulevard Robert Ballanger / Avenue Diderot,48.95549,2.539
202300023207,13,10,2023,2025-12-05 06:45:00,5,93,93066,2,3,1,2,Avenue De Stalingrad / Rue De Las Casas,48.946047,2.366971
202300023208,1,7,2023,2025-12-05 18:45:00,1,83,83061,1,1,1,5,D7,43.47994981,6.77573812
202300023209,13,10,2023,2025-12-05 13:30:00,1,93,93051,2,3,1,3,Allee Charles Lindbergh / Allee Didier Daurat,48.84281,2.54074
202300023210,13,10,2023,2025-12-05 09:10:00,1,93,93051,2,1,1,1,Place Pablo Picasso,48.83926,2.55552
202300023211,30,6,2023,2025-12-05 23:30:00,3,71,71306,2,2,1,3,Hospice (Rue De L'),46.66613,4.36232
202300023212,13,10,2023,2025-12-05 12:30:00,1,93,93048,2,1,1,3,Rue Brulefer,48.870835,2.463173
202300023213,1,7,2023,2025-12-05 14:55:00,1,69,69290,2,2,1,3,Rue Du Dauphine,45.7122,4.92002
202300023214,13,10,2023,2025-12-05 17:19:00,1,93,93079,2,1,1,6,Route De Saint-Leu,48.953404,2.336274
202300023215,2,7,2023,2025-12-05 00:22:00,5,64,64102,2,1,2,7,Lorraine (Boulevard D'Alsace),43.494421,-1.468135
202300023216,1,7,2023,2025-12-05 13:55:00,1,64,64024,2,1,2,3,Barthes (Rue Des),43.48426,-1.50678
202300023217,13,10,2023,2025-12-05 15:35:00,1,93,93047,2,1,8,4,Rue Du General De Gaulle,48.899306,2.557853
202300023218,1,7,2023,2025-12-05 18:20:00,1,63,63113,2,2,1,1,Paulines (Avenue Des),45.7753,3.09611
202300023219,13,10,2023,2025-12-05 16:55:00,1,93,93010,2,1,1,6,Rue Du Professeur Vaillant,48.89902766,2.49126792
202300023220,27,6,2023,2025-12-05 08:00:00,1,59,59368,2,2,1,3,Pre Catelan Rue Du,50.655414,3.060439
202300023221,13,10,2023,2025-12-05 06:20:00,5,93,93008,2,1,1,1,Barbusse (Avenue Henri) A30,48.90535,2.42093
202300023222,1,7,2023,2025-12-05 09:30:00,1,54,54525,1,1,2,6,D26,49.47281,5.88882
202300023223,1,7,2023,2025-12-05 19:30:00,1,51,51454,2,1,1,7,Champagne   (  Avenue De),49.23859,4.04491
202300023224,13,10,2023,2025-12-05 07:40:00,3,93,93005,2,2,1,3,Avenue De Nonneville / Avenue Vercingetorix,48.923556,2.500025
202300023225,1,7,2023,2025-12-05 18:00:00,1,50,50066,2,1,1,3,Grace De Dieu (Rue),48.80346,-1.56765
202300023226,1,7,2023,2025-12-05 11:00:00,1,49,49007,2,1,1,6,Carnot,47.4739,-0.54586
202300023227,12,10,2023,2025-12-05 22:48:00,5,92,92075,2,1,1,2,Jean Bleuzen,48.82208391,2.29402435
202300023228,1,7,2023,2025-12-05 18:55:00,1,45,45302,2,1,1,3,Parking Carrefour,47.96089,1.88723
202300023229,12,10,2023,2025-12-05 18:25:00,1,92,92064,2,1,1,6,Marechal Foch,48.84774376,2.20777273
202300023230,1,7,2023,2025-12-05 14:55:00,1,37,37261,2,2,1,3,Velpeau (Place),47.38761,0.70212
202300023231,13,10,2023,2025-12-05 11:25:00,1,92,92062,2,1,1,6,Jaures (Rue Jean) Du 165 Au 99,48.88358389,2.24362671
202300023232,1,7,2023,2025-12-05 05:50:00,1,37,37261,2,1,2,7,Pont Cher (Avenue De),47.36504,0.67497
202300023233,1,7,2023,2025-12-05 14:05:00,1,35,35238,2,1,8,2,Manoir De Servigne (Du),48.10237,-1.72579
202300023234,13,10,2023,2025-12-05 12:00:00,1,92,92020,2,3,1,3,Boin Rue Jean,48.80929481,2.28535652
202300023235,30,6,2023,2025-12-05 23:55:00,3,29,29247,1,1,2,2,Rn 165,47.9784134,-4.01133854
202300023236,13,10,2023,2025-12-05 11:20:00,1,92,92040,2,1,1,3,Gallieni (Boulevard),48.82711437,2.26761818
202300023237,12,10,2023,2025-12-05 09:15:00,1,92,92012,2,1,2,3,Denfert Rochereau (Rue),48.84605598,2.2441349
202300023238,1,7,2023,2025-12-05 19:35:00,1,29,29019,2,2,1,3,Rue Albert Thibaudet,48.37283407,-4.5391117
202300023239,12,10,2023,2025-12-05 17:19:00,1,92,92007,2,1,1,7,Hugo (Avenue Victor),48.80583276,2.3245765
202300023240,1,7,2023,2025-12-05 19:40:00,1,26,26362,2,1,1,1,Avenue De La Marne,44.93627,4.89721
202300023241,13,10,2023,2025-12-05 15:45:00,1,92,92004,2,2,1,3,Maurice Laisney,48.92397568,2.28216666
202300023242,1,7,2023,2025-12-05 13:10:00,1,22,22360,2,6,1,3,Rond Point De Brezillet,48.4931,-2.76225
202300023243,1,7,2023,2025-12-05 05:10:00,3,17,17380,1,6,2,7,D25,45.661883,-1.060263
202300023244,14,10,2023,2025-12-05 18:10:00,1,49,49063,2,4,7,1,D751,47.350245,-0.749141
202300023245,1,7,2023,2025-12-05 01:30:00,5,14,14437,2,1,2,6,35 Rue Pasteur,49.1789,-0.32487
202300023246,1,7,2023,2025-12-05 14:00:00,1,13,13117,2,1,1,6,Monticelli ( Rue Adolphe),43.44451,5.25316
202300023247,13,10,2023,2025-12-05 15:25:00,1,33,33205,1,1,1,6,D11,44.623381,-0.370488
202300023248,27,6,2023,2025-12-05 16:45:00,1,13,13208,2,1,1,3,Rabatau (Boulevard),43.27619539,5.39708273
202300023249,30,6,2023,2025-12-05 17:00:00,1,13,13201,2,2,1,3,Lieutaud (Cours)      2 A 52,43.29515,5.38175
202300023250,13,10,2023,2025-12-05 18:00:00,1,28,28139,1,1,1,6,A11 Pk 077+700 Sens Paris-Province,48.318598,1.338287
202300023251,1,7,2023,2025-12-05 14:37:00,1,10,10387,2,1,2,1,Premier Ram (Rue Du),48.2927,4.0723
202300023252,14,10,2023,2025-12-05 15:05:00,1,51,51592,2,1,8,7,4 Rue Du Four A Chaux,49.108322,3.736439
202300023253,1,7,2023,2025-12-05 19:00:00,1,7,7281,1,1,1,2,Plaine (Chemin De La),44.94797,4.85813
202300023254,1,7,2023,2025-12-05 19:45:00,1,7,7316,1,1,1,3,Nimes (Route De),44.87972,4.84856
202300023255,14,10,2023,2025-12-05 05:45:00,2,974,97412,2,1,1,2,31 Rue Hippolyte Foucque,-21.374427,55.623452
202300023256,14,10,2023,2025-12-05 13:05:00,1,972,97216,1,1,1,1,Nationale 1,14.812817,-61.021821
202300023257,30,6,2023,2025-12-05 16:30:00,1,75,75120,2,1,1,4,Porte De Montreuil,48.851814,2.415215
202300023258,30,6,2023,2025-12-05 12:10:00,1,75,75117,2,1,1,2,Porte D Asnieres,48.890886,2.299416
202300023259,29,6,2023,2025-12-05 10:10:00,1,75,75116,2,4,1,3,Porte De Passy,48.85857876,2.26113439
202300023260,14,10,2023,2025-12-05 14:01:00,1,68,68300,1,3,1,3,Echangereur D55/D8Ii,47.786915,7.433152
202300023261,1,7,2023,2025-12-05 20:00:00,1,75,75105,2,3,1,6,Rue Des Fosses Saint Bernard,48.848805,2.355332
202300023262,1,7,2023,2025-12-05 18:15:00,1,75,75114,2,1,1,2,Boulevard Brune,48.824279,2.321087
202300023263,13,10,2023,2025-12-05 20:10:00,5,86,86165,2,3,1,1,Avenue Du General De Gaulle,46.420786,0.869948
202300023264,1,7,2023,2025-12-05 14:20:00,1,75,75114,2,2,1,3,Boulevard Romain Rolland,48.819798,2.325758
202300023265,1,7,2023,2025-12-05 17:00:00,1,75,75113,2,2,1,3,Boulevard Auguste Blanqui,48.829657,2.348308
202300023266,13,10,2023,2025-12-05 17:30:00,1,974,97414,1,4,1,3,Route Hubert Delisle,-21.252717,55.424931
202300023267,1,7,2023,2025-12-05 12:10:00,1,75,75120,2,2,1,3,Rue De Menilmontant,48.870096,2.395759
202300023268,14,10,2023,2025-12-05 00:30:00,5,38,38239,2,1,1,7,Route De Grenoble,45.327351,5.572659
202300023269,30,6,2023,2025-12-05 18:30:00,1,75,75112,2,1,1,6,Quai De Bercy,48.83424,2.381181
202300023270,13,10,2023,2025-12-05 17:25:00,1,38,38239,2,1,1,3,D1085,45.325366,5.587535
202300023271,30,6,2023,2025-12-05 17:32:00,1,75,75109,2,1,7,7,Boulevard Poissonniere,48.871269,2.344332
202300023272,1,7,2023,2025-12-05 20:15:00,1,75,75103,2,2,1,3,Rue Des Archives,48.861225,2.358205
202300023273,1,7,2023,2025-12-05 15:00:00,1,75,75103,2,7,1,3,Place De La Republique,48.867344,2.363361
202300023274,13,10,2023,2025-12-05 14:00:00,1,38,38239,2,1,1,4,6 Route De Grenoble,45.32696142,5.5743237
202300023275,30,6,2023,2025-12-05 18:35:00,1,75,75104,2,4,1,2,Quai Des Celestins,48.852004,2.361146
202300023276,1,7,2023,2025-12-05 23:00:00,2,94,94068,2,1,1,6,Boulevard Du General Giraud,48.79841,2.47411
202300023277,14,10,2023,2025-12-05 11:25:00,1,67,67278,1,1,1,7,D92,48.926954,7.141253
202300023278,1,7,2023,2025-12-05 18:15:00,1,94,94076,2,1,1,3,Avenue Paul Vaillant-Couturier,48.79456,2.35986
202300023279,14,10,2023,2025-12-05 15:00:00,1,2A,2A085,1,1,1,3,T40,41.912789,8.924369
202300023280,1,7,2023,2025-12-05 09:50:00,1,94,94028,2,2,2,3,Avenue Pierre Brossolette,48.791602,2.461996
202300023281,14,10,2023,2025-12-05 17:40:00,1,80,80599,1,1,1,6,Chaussee Brunehaut,50.203773,1.983644
202300023282,1,7,2023,2025-12-05 08:35:00,2,94,94071,2,1,2,6,Avenue Winston Churchill,48.76553334,2.52504498
202300023283,1,7,2023,2025-12-05 19:38:00,1,93,93073,2,2,1,6,Rue De Picardie / Avenue Roger Salengro,48.9414,2.57132
202300023284,1,7,2023,2025-12-05 11:50:00,1,93,93050,2,1,1,2,Avenue Leon Blum,48.86756,2.53291
202300023285,14,10,2023,2025-12-05 17:30:00,1,81,81069,1,1,1,6,Route De Bournazel,44.071454,1.956339
202300023286,1,7,2023,2025-12-05 20:45:00,1,93,93031,2,1,1,6,Rue Maurice,48.95106,2.32743
202300023287,1,7,2023,2025-12-05 20:10:00,2,93,93001,2,1,1,2,Rue Moliere,48.91883152,2.4048569
202300023288,14,10,2023,2025-12-05 19:00:00,3,71,71289,1,1,1,6,Rue De La Clayette,46.325576,4.461962
202300023289,1,7,2023,2025-12-05 11:00:00,1,92,92078,2,1,2,2,Verdun (Avenue) (Impairs 1 A 25),48.93560824,2.33471132
202300023290,10,10,2023,2025-12-05 11:45:00,1,55,55551,2,1,1,7,D901,48.975344,5.703492
202300023291,1,7,2023,2025-12-05 13:00:00,1,92,92026,2,2,1,3,Verdun (De 01 A 61),48.90039828,2.26074815
202300023292,14,10,2023,2025-12-05 13:05:00,1,12,12090,1,1,8,6,Rd 994,44.3793,2.414471