num_acc,jour,mois,an,hrmn,lum,dep,com,agg,int,atm,col,adr,lat,long
202300023293,2,7,2023,2025-12-05 02:00:00,3,44,44110,1,1,1,1,122 Franchaud,47.502228,-1.4822711
202300023294,2,7,2023,2025-12-05 17:35:00,1,8,8430,1,1,7,3,D24,49.543862,4.922304
202300023295,13,10,2023,2025-12-05 11:10:00,1,42,42149,2,3,1,6,Rue Philibert Gary,45.642893,4.231056
202300023296,2,7,2023,2025-12-05 12:04:00,1,45,45288,1,2,1,3,D151 Pr 3 + 254,48.039012,2.428488
202300023297,14,10,2023,2025-12-05 10:25:00,1,22,22171,1,9,1,6,Saint-Guihen,48.402639,-2.776419
202300023298,2,7,2023,2025-12-05 16:12:00,1,76,76238,1,1,1,3,D925,49.572333,0.234725
202300023299,2,7,2023,2025-12-05 08:30:00,1,68,68238,2,1,1,6,3 Rue Principale,47.709529,7.506147
202300023300,13,10,2023,2025-12-05 19:30:00,2,39,39333,2,2,1,6,2 Rue Roussin,46.431232,5.725658
202300023301,2,7,2023,2025-12-05 00:06:00,3,22,22327,1,1,1,4,Point Routier 08.400 - Route Nationale 176,48.49194,-2.0414
202300023302,14,10,2023,2025-12-05 16:37:00,1,39,39038,1,1,1,3,Route De La Plaine,46.548657,5.707376
202300023303,14,10,2023,2025-12-05 00:30:00,3,25,25634,1,1,2,7,N57,46.975443,6.342266
202300023304,2,7,2023,2025-12-05 16:35:00,1,85,85064,1,2,1,3,D6,46.837196,-1.3407048
202300023305,2,7,2023,2025-12-05 17:00:00,1,24,24543,1,1,1,6,"Autoroute A89, Pk 89+380, Sens Bordeaux/Brive",45.057986,0.423274
202300023306,2,7,2023,2025-12-05 12:20:00,1,56,56189,1,1,1,3,D724,47.923252,-2.71285
202300023307,13,10,2023,2025-12-05 20:30:00,4,35,35179,2,2,3,3,Rue Des Terre Neuvas,48.514607,-1.908059
202300023308,2,7,2023,2025-12-05 04:45:00,3,56,56063,1,1,1,6,Adresse_Inconnue,47.79172,-3.44543
202300023309,1,7,2023,2025-12-05 22:20:00,3,56,56002,1,1,1,7,Ker Eugene,47.53566,-2.545239
202300023310,13,10,2023,2025-12-05 13:04:00,1,2,2820,1,1,1,3,D338,49.641206,3.258213
202300023311,1,7,2023,2025-12-05 17:45:00,1,67,67463,1,1,8,7,D248,48.916013,8.123059
202300023312,30,6,2023,2025-12-05 12:05:00,1,76,76067,1,1,1,7,Rn 31 Les Carreaux,49.466228,1.619797
202300023313,14,10,2023,2025-12-05 13:45:00,1,3,3108,1,1,2,6,32 Route Du Kaolin,46.204709,2.922833
202300023314,1,7,2023,2025-12-05 19:25:00,1,80,80008,2,1,1,6,193 Rue De Visse,50.032469,1.622796
202300023315,13,10,2023,2025-12-05 18:35:00,1,6,6138,2,1,1,6,67 Avenue Corniche D?Or,43.501416,6.953226
202300023316,2,7,2023,2025-12-05 07:40:00,1,71,71484,1,2,2,3,Route De Saint-Germain-Du-Bois,46.684331,5.255008
202300023317,2,7,2023,2025-12-05 06:00:00,2,42,42318,1,1,2,6,Route De Sauvessanges,45.379342,3.897089
202300023318,13,10,2023,2025-12-05 20:00:00,4,50,50568,1,1,2,1,5 Route De Montpinchon,49.004434,-1.414585
202300023319,2,7,2023,2025-12-05 17:50:00,1,47,47220,1,1,1,7,D120,44.345581,0.225391
202300023320,1,7,2023,2025-12-05 18:00:00,1,34,34149,1,1,1,7,Rd15,43.492261,3.294847
202300023321,13,10,2023,2025-12-05 23:35:00,3,50,50111,1,1,1,6,La Roulandiere De Bas,49.046427,-1.266877
202300023322,2,7,2023,2025-12-05 06:37:00,2,44,44102,1,1,1,6,1 La Vrignais,47.07720286,-1.46819871
202300023323,2,7,2023,2025-12-05 06:30:00,2,29,29165,1,1,1,7,Touloupry,47.83866366,-4.22783363
202300023324,13,10,2023,2025-12-05 17:40:00,1,50,50484,2,6,1,3,Rue De Mortain,48.581036,-1.091992
202300023325,1,7,2023,2025-12-05 11:00:00,1,31,31490,1,1,1,2,Route Metropolitaine 820 (Ex D820),43.725134,1.381413
202300023326,2,7,2023,2025-12-05 07:15:00,1,38,38347,1,1,1,1,Route Departementale 156,45.260842,5.270112
202300023327,30,6,2023,2025-12-05 04:40:00,3,70,70312,1,1,2,6,D16,47.587837,6.745917
202300023328,1,7,2023,2025-12-05 20:20:00,1,14,14174,1,4,1,2,D54,48.91497,-0.56909
202300023329,14,10,2023,2025-12-05 02:27:00,3,45,45286,1,1,1,4,Route De Sandillon,47.873195,1.947134
202300023330,2,7,2023,2025-12-05 00:54:00,3,18,18143,1,1,1,6,3 Route Du Chautay,47.019017,2.950017
202300023331,1,7,2023,2025-12-05 18:47:00,1,21,21416,1,1,8,6,D70,47.39129,5.306247
202300023332,13,10,2023,2025-12-05 16:30:00,1,64,64327,1,1,1,7,D18,43.026494,-1.075984
202300023333,1,7,2023,2025-12-05 22:30:00,2,85,85288,1,1,1,6,Rue Du Moulin Des Landes,46.495822,-1.582775
202300023334,29,6,2023,2025-12-05 13:45:00,1,27,27050,1,1,1,4,Route De Bernay,49.093838,0.745277
202300023335,29,9,2023,2025-12-05 20:00:00,3,73,73110,1,1,1,6,D66,45.62717322,6.43546933
202300023336,1,7,2023,2025-12-05 21:00:00,2,27,27502,2,1,1,6,D21,48.815957,0.702503
202300023337,2,7,2023,2025-12-05 06:00:00,2,987,98734,2,1,1,3,Pk 35+500,-17.712,-149.508
202300023338,2,7,2023,2025-12-05 06:00:00,2,24,24373,1,1,1,6,D25,44.681806,0.501766
202300023339,2,7,2023,2025-12-05 05:40:00,2,37,37096,1,1,1,1,D 31,47.36592478,0.9851405
202300023340,13,10,2023,2025-12-05 04:30:00,3,21,21500,1,1,1,6,Route Rd 905,47.520007,4.471557
202300023341,1,7,2023,2025-12-05 23:15:00,3,68,68278,1,1,2,4,A35 Pk 104.800,47.742765,7.421613
202300023342,14,10,2023,2025-12-05 09:30:00,1,85,85135,2,1,1,2,3 Rue De Fontenay,46.534919,-1.217349
202300023343,1,7,2023,2025-12-05 12:00:00,1,987,98738,1,1,1,3,Ech. Outumaoro,-17.576044,-149.612828
202300023344,2,7,2023,2025-12-05 07:00:00,1,988,98831,1,1,1,7,"Rt1, Devant Entreprise Colas",-20.99285,164.72743
202300023345,14,10,2023,2025-12-05 13:00:00,1,37,37206,1,1,1,6,D2,47.492063,0.658394
202300023346,1,7,2023,2025-12-05 22:05:00,5,971,97108,1,1,2,6,D203,15.88525,-61.227804
202300023347,14,10,2023,2025-12-05 14:05:00,1,48,48045,1,1,1,6,Rn 88 Pr 16+250 Decroissant,44.654093,3.739386
202300023348,1,7,2023,2025-12-05 18:50:00,5,971,97131,2,1,1,6,Rue La Savane,15.862156,-61.584162
202300023349,2,7,2023,2025-12-05 08:30:00,1,66,66108,1,1,1,6,Adresse_Inconnue,42.720832,2.669871
202300023350,13,10,2023,2025-12-05 13:20:00,1,68,68118,1,1,1,2,A35,47.738162,7.422938
202300023351,2,7,2023,2025-12-05 03:45:00,3,34,34154,1,4,1,4,D66,43.585427,3.941152
202300023352,1,7,2023,2025-12-05 17:50:00,1,6,6019,1,6,1,1,D21,43.768443,7.331651
202300023353,13,10,2023,2025-12-05 16:20:00,1,68,68278,2,1,1,1,Rue Du Luxembourg,47.746279,7.416465
202300023354,2,7,2023,2025-12-05 17:45:00,1,4,4096,1,1,1,7,Route De Restefond La Bonette,44.373997,6.782545
202300023355,2,7,2023,2025-12-05 16:15:00,1,4,4120,1,1,1,3,Meyronnes,44.469309,6.814334
202300023356,2,7,2023,2025-12-05 18:30:00,1,25,25465,1,1,1,1,D50,47.320251,6.359839
202300023357,1,7,2023,2025-12-05 21:04:00,1,68,68230,1,1,1,1,D468,47.94192,7.543724
202300023358,1,7,2023,2025-12-05 08:25:00,1,3,3143,1,1,2,6,D2144,46.65553,2.575474
202300023359,13,10,2023,2025-12-05 22:40:00,3,77,77407,1,9,1,6,A6 Pk 039+050 Direction Paris,48.521238,2.504239
202300023360,2,7,2023,2025-12-05 01:20:00,5,38,38316,2,1,2,6,17 Rue De La Republique,45.749798,5.175278
202300023361,14,10,2023,2025-12-05 17:15:00,1,988,98817,2,1,2,7,Route De La Coulee,-22.237158,166.592689
202300023362,1,7,2023,2025-12-05 22:25:00,3,38,38279,1,1,1,1,Rn85,45.073483,5.760001
202300023363,13,10,2023,2025-12-05 17:30:00,1,13,13040,1,1,1,1,D96,43.448721,5.548328
202300023364,1,7,2023,2025-12-05 01:30:00,3,26,26005,1,1,1,3,D169,44.482805,4.776156
202300023365,14,10,2023,2025-12-05 09:55:00,1,28,28007,2,1,8,6,19 Rue Charles Lechevrel,48.856469,1.437333
202300023366,1,7,2023,2025-12-05 09:18:00,1,14,14530,1,6,1,3,2 Route Du Pont De Ranville,49.239534,-0.263345
202300023367,2,7,2023,2025-12-05 18:15:00,1,27,27602,2,3,1,2,Avenue Du Vallon Fleuri,49.012154,1.093724
202300023368,13,10,2023,2025-12-05 17:17:00,1,2B,2B265,1,1,7,1,D82,42.598911,9.401338
202300023369,1,7,2023,2025-12-05 20:10:00,1,60,60451,2,3,1,3,Avenue Des Biches,49.358773,2.397605
202300023370,1,7,2023,2025-12-05 06:30:00,2,13,13001,1,1,1,1,A51-Sens Marseille Vers Aix En Provence,43.51289,5.42576
202300023371,12,10,2023,2025-12-05 17:10:00,1,2B,2B029,1,1,1,1,Col De Teghime (Col De Montagne),42.677198,9.386004
202300023372,30,6,2023,2025-12-05 09:00:00,1,13,13212,1,1,1,7,A507 Sens Marseille - Aubagne,43.312614,5.424189
202300023373,13,10,2023,2025-12-05 23:30:00,5,2A,2A114,2,6,1,6,D859,41.496292,9.13378
202300023374,18,6,2023,2025-12-05 05:00:00,3,13,13005,1,1,1,6,A50-Sens Aubagne Vers Marseille,43.28728,5.54184
202300023375,1,7,2023,2025-12-05 10:30:00,1,91,91136,1,1,1,6,A10 Bretelle D188,48.71746,2.2685
202300023376,1,7,2023,2025-12-05 09:33:00,1,91,91161,1,1,1,4,Autoroute A126,48.71117,2.29734
202300023377,14,10,2023,2025-12-05 06:30:00,3,34,34145,1,2,5,1,D61 Route De La Mer,43.662124,4.138402
202300023378,1,7,2023,2025-12-05 05:06:00,3,91,91434,1,1,1,6,Autoroute A6,48.66798,2.3545
202300023379,14,10,2023,2025-12-05 04:45:00,3,84,84132,1,1,1,1,Route Departementale Ndeg31,43.939455,5.029142
202300023380,1,7,2023,2025-12-05 16:20:00,1,91,91136,1,1,1,4,Autoroute A126,48.71286,2.28686
202300023381,1,7,2023,2025-12-05 19:20:00,1,78,78043,1,1,1,6,A12 Y,48.82706,2.07714
202300023382,13,10,2023,2025-12-05 20:55:00,5,70,70310,2,3,1,1,53 Rue Des Vosges,47.694025,6.501262
202300023383,1,7,2023,2025-12-05 08:30:00,1,95,95277,1,1,2,6,A1,48.97778,2.49359
202300023384,13,10,2023,2025-12-05 18:40:00,2,71,71350,1,1,1,6,234 Route Des Monterrains,46.327861,4.682397
202300023385,30,6,2023,2025-12-05 09:00:00,1,95,95018,1,1,1,4,A15,48.95848,2.2743
202300023386,13,10,2023,2025-12-05 16:20:00,1,67,67237,2,3,1,3,D468 Route Nationale,48.676539,7.847167
202300023387,30,6,2023,2025-12-05 17:40:00,1,77,77053,1,1,1,2,Rn104,48.686706,2.597239
202300023388,14,10,2023,2025-12-05 15:00:00,1,38,38064,1,1,1,3,D1006,45.569099,5.349201
202300023389,30,6,2023,2025-12-05 09:55:00,1,94,94079,1,1,1,5,A4,48.83416652,2.53591477
202300023390,29,6,2023,2025-12-05 17:10:00,1,976,97611,2,1,1,6,Cavani-Kavani Sud ( Rue ),-12.78417,45.2202
202300023391,30,6,2023,2025-12-05 17:09:00,1,95,95018,2,1,1,1,Henri Barbusse (Rue),48.93292,2.23244
202300023392,14,10,2023,2025-12-05 06:55:00,2,69,69009,2,1,1,3,477 Route De Villefranche,45.94151,4.715937
202300023393,29,6,2023,2025-12-05 18:30:00,1,58,58194,2,1,1,6,Henri Bouquillard,46.995992,3.129827
202300023394,14,10,2023,2025-12-05 01:30:00,3,81,81112,1,1,1,6,Route De Marssac,43.930441,2.016667
202300023395,17,6,2023,2025-12-05 22:10:00,4,71,71076,2,1,1,6,Europe (Avenue De L'),46.80085,4.83216
202300023396,30,6,2023,2025-12-05 19:10:00,3,974,97411,2,1,1,6,Reydellet (Route Jules),-20.93626,55.49
202300023397,13,10,2023,2025-12-05 19:10:00,2,17,17164,1,3,1,3,Route De Saint Jean,45.77003,-0.579121
202300023398,30,6,2023,2025-12-05 20:50:00,3,974,97407,2,1,1,6,28 Novembre 1942(Avenue),-20.93026,55.29134
202300023399,13,10,2023,2025-12-05 18:15:00,2,16,16061,1,1,1,7,Foret Domaniale De La Braconne,45.739256,0.301362
202300023400,1,7,2023,2025-12-05 06:40:00,4,973,97309,2,1,2,7,Saint Martin (Residence),4.92076,-52.30334
202300023401,29,5,2023,2025-12-05 11:51:00,1,973,97302,2,3,1,3,Goinet (Lieutenant),4.94048114,-52.32747701
202300023402,12,10,2023,2025-12-05 14:30:00,1,33,33023,1,1,7,1,D1113,44.694498,-0.49402
202300023403,30,6,2023,2025-12-05 18:05:00,1,69,69383,2,1,1,6,Cours Docteur Long,45.74851239,4.88141315
202300023404,13,10,2023,2025-12-05 19:55:00,5,33,33312,2,1,1,3,Rue Des Palus,44.947317,-0.589732
202300023405,7,6,2023,2025-12-05 13:54:00,1,972,97213,1,1,1,6,Acajou Prolongee,14.624903,-61.019323
202300023406,13,10,2023,2025-12-05 22:05:00,5,60,60141,2,1,1,6,Avenue Du Marechal Joffre,49.190834,2.463609
202300023407,29,6,2023,2025-12-05 07:50:00,1,91,91114,2,1,8,1,Rue De Villecresnes,48.70736,2.50108
202300023408,13,10,2023,2025-12-05 20:10:00,3,69,69297,1,1,1,4,Autoroute 47,45.58797266,4.78470712
202300023409,30,6,2023,2025-12-05 07:45:00,1,86,86066,1,6,1,3,D161,46.786142,0.546505
202300023410,30,6,2023,2025-12-05 04:00:00,5,83,83137,2,1,2,6,Moulins (Ave Des De 328 A Fin,43.14285346,5.91306764
202300023411,12,10,2023,2025-12-05 20:40:00,5,38,38544,2,1,1,2,Rd1407   0.000 A 2.331,45.52695,4.87307
202300023412,29,6,2023,2025-12-05 22:45:00,5,83,83137,2,2,1,1,Armaris (Bd Des),43.12235,5.98171
202300023413,21,6,2023,2025-12-05 13:15:00,1,83,83123,2,1,1,6,Estienne D'Orves (Bd),43.11659495,5.80486523
202300023414,13,10,2023,2025-12-05 21:29:00,3,33,33013,1,1,1,4,Route Nationale 89,44.86854323,-0.50320387
202300023415,24,6,2023,2025-12-05 17:55:00,1,83,83009,2,1,1,6,Escourche (Bd De L'),43.140519,5.761063
202300023416,13,10,2023,2025-12-05 13:45:00,1,91,91689,1,1,1,2,Autoroute A6A,48.7299,2.31441
202300023417,13,10,2023,2025-12-05 02:47:00,5,94,94043,1,1,1,7,A6B,48.81455092,2.35560776
202300023418,30,6,2023,2025-12-05 18:00:00,1,69,69282,2,1,1,4,Avenue De Verdun,45.775,4.98804
202300023419,13,10,2023,2025-12-05 16:45:00,1,78,78043,1,1,1,2,A12 W,48.841324,2.102097
202300023420,30,6,2023,2025-12-05 18:30:00,1,69,69256,2,2,1,3,Rue Alexandre Dumas,45.75342,4.93226
202300023421,30,6,2023,2025-12-05 06:45:00,1,69,69256,2,1,3,2,Avenue Garibaldi,45.76667,4.93127
202300023422,13,10,2023,2025-12-05 12:15:00,1,78,78133,1,1,1,2,A13,48.887698,2.011411
202300023423,30,6,2023,2025-12-05 15:50:00,1,67,67482,2,1,2,6,Premiere Armee (Rue De La),48.57771,7.75176
202300023424,12,10,2023,2025-12-05 20:10:00,3,78,78043,1,1,1,2,A12 W,48.836445,2.089358
202300023425,29,6,2023,2025-12-05 16:10:00,1,67,67482,2,3,1,3,Gare Aux Marchandises (Rue De La),48.59162,7.73369
202300023426,30,6,2023,2025-12-05 20:45:00,2,64,64102,2,6,1,3,Marais (Rond Point Des),43.49091,-1.49537
202300023427,13,10,2023,2025-12-05 18:30:00,5,93,93008,1,1,1,5,Autoroute A86,48.91273457,2.43680722
202300023428,30,5,2023,2025-12-05 14:50:00,1,62,62523,2,3,1,3,D917,50.44029,2.8488
202300023429,29,6,2023,2025-12-05 21:20:00,2,62,62563,2,1,1,1,Rue Max Dormoy,50.47353,2.71057
202300023430,13,10,2023,2025-12-05 14:10:00,1,93,93027,1,1,1,2,Autoroute A86,48.92333,2.38295
202300023431,29,6,2023,2025-12-05 11:00:00,1,62,62427,2,1,1,6,Rue Denis Papin,50.420574,2.946789
202300023432,13,10,2023,2025-12-05 16:37:00,1,92,92036,1,1,1,2,N 315,48.93724465,2.29915559
202300023433,30,6,2023,2025-12-05 14:50:00,1,59,59279,2,1,1,3,Lys (Rue De La),50.78554,3.11834
202300023434,29,6,2023,2025-12-05 15:35:00,1,59,59350,2,1,1,1,Salengro Roger Rue,50.62939,3.10164
202300023435,12,10,2023,2025-12-05 15:10:00,1,94,94028,1,1,1,5,A86,48.79644473,2.44316089
202300023436,30,6,2023,2025-12-05 13:20:00,1,56,56121,2,1,1,2,Rue President John Kennedy,47.76312,-3.3817
202300023437,29,6,2023,2025-12-05 21:39:00,1,56,56121,2,2,1,7,Blum ( Bd Leon ),47.75149,-3.37154
202300023438,30,6,2023,2025-12-05 17:20:00,1,54,54274,2,6,1,3,Rue De La Republique,48.66663825,6.21272564
202300023439,1,7,2023,2025-12-05 15:30:00,1,13,13056,2,6,1,1,Route Du Port De Lavera,43.39737,5.03395
202300023440,29,6,2023,2025-12-05 17:10:00,1,50,50129,2,6,1,3,Rivieres (Rue Des),49.66086,-1.68522
202300023441,30,6,2023,2025-12-05 13:50:00,1,49,49007,2,2,8,3,Ayrault,47.47737,-0.55323
202300023442,26,7,2023,2025-12-05 10:58:00,1,74,74155,1,9,1,6,Route Du Col De Terramont,46.261039,6.507468
202300023443,12,10,2023,2025-12-05 08:15:00,1,976,97611,2,1,1,6,Passamanty-Vahibe ( Route ),-12.8,45.20392
202300023444,30,6,2023,2025-12-05 01:30:00,4,49,49007,2,2,1,3,Verdun Pont,47.47362,-0.559
202300023445,29,6,2023,2025-12-05 19:21:00,1,49,49007,2,1,1,7,Waldeck Rousseau,47.47083,-0.54451
202300023446,9,10,2023,2025-12-05 12:45:00,1,974,97411,2,4,1,1,Guadeloupe (De La),-20.90401,55.4949
202300023447,30,6,2023,2025-12-05 17:55:00,1,45,45285,2,1,1,6,1 Rue Roger Toulouse,47.91206,1.87741
202300023448,12,10,2023,2025-12-05 15:55:00,1,973,97302,2,2,1,3,Montabo (Route De) 3,4.93517048,-52.29370549
202300023449,30,6,2023,2025-12-05 08:55:00,1,45,45234,2,1,1,3,34 Rue Du Faubourg Saint-Jean,47.90505,1.89266
202300023450,11,10,2023,2025-12-05 23:10:00,3,973,97302,2,1,1,2,Baduel (Route De),4.9292,-52.30232
202300023451,11,10,2023,2025-12-05 13:40:00,1,972,97209,2,1,1,6,Victor Lamon (Avenue),14.60454,-61.05622
202300023452,12,10,2023,2025-12-05 08:45:00,1,69,69382,2,1,1,2,Pont Lafayette,45.76355,4.83947
202300023453,11,10,2023,2025-12-05 17:30:00,1,69,69152,2,9,1,3,130 Boulevard De L'Europe,45.69635,4.82569
202300023454,10,10,2023,2025-12-05 17:34:00,1,69,69382,2,2,1,3,Quai Jean Moulin,45.76501,4.83812
202300023455,12,10,2023,2025-12-05 18:25:00,1,2B,2B037,2,1,1,1,Toutes Rues,42.61958,9.43192
202300023456,12,10,2023,2025-12-05 14:10:00,1,2B,2B033,2,2,1,3,Capitaine Then,42.67473,9.43793
202300023457,12,10,2023,2025-12-05 08:55:00,1,2B,2B037,1,2,1,3,D 82,42.59396,9.43716
202300023458,12,10,2023,2025-12-05 07:45:00,1,971,97101,2,9,1,6,Route Des Abymes,16.26717,-61.50847
202300023459,12,10,2023,2025-12-05 11:48:00,1,2A,2A004,2,4,1,2,Campi Louis Bd,41.94346,8.75387
202300023460,11,10,2023,2025-12-05 17:15:00,1,95,95218,2,1,1,3,Charles De Gaulle (Boulevard),49.021956,2.113202
202300023461,12,10,2023,2025-12-05 15:05:00,1,91,91549,2,1,1,6,Leo Lagrange (Rue),48.63354,2.34367
202300023462,12,10,2023,2025-12-05 21:20:00,5,91,91161,2,1,1,6,Rte De Massy,48.7152,2.29882
202300023463,12,10,2023,2025-12-05 16:15:00,1,91,91691,2,1,1,3,Gabriel Peri(Rue) Du Ndeg70 Au Ndeg122,48.704,2.487
202300023464,11,10,2023,2025-12-05 17:00:00,1,30,30351,2,1,1,7,Avenue Gabriel Peri,43.95778,4.79581
202300023465,11,10,2023,2025-12-05 10:45:00,1,84,84007,2,3,1,3,Tarascon ( Avenue De),43.92664,4.8095
202300023466,12,10,2023,2025-12-05 17:00:00,1,83,83137,2,1,1,6,Loti (Ave Pierre),43.11537,5.94359
202300023467,11,10,2023,2025-12-05 17:10:00,1,83,83144,2,1,7,3,Lavoisier (Ave / Imp),43.13828,5.99809
202300023468,11,10,2023,2025-12-05 07:55:00,2,79,79191,2,2,5,3,Adresse_Inconnue,46.31268,-0.44177
202300023469,12,10,2023,2025-12-05 07:40:00,2,77,77373,1,1,1,2,Rte Nationale N 4,48.769648,2.636644
202300023470,11,10,2023,2025-12-05 18:00:00,1,77,77114,2,1,1,3,D216,48.72191053,2.65263855
202300023471,11,10,2023,2025-12-05 11:38:00,1,77,77288,2,2,1,6,Hippolyte Rossignol  (Quai),48.53511,2.65722
202300023472,12,10,2023,2025-12-05 13:06:00,1,77,77058,2,2,1,3,Buissoniere (Rue),48.839951,2.710799
202300023473,12,10,2023,2025-12-05 07:20:00,5,77,77058,2,6,1,3,Europe (Avenue De L' ),48.83117,2.70671
202300023474,12,10,2023,2025-12-05 07:50:00,1,72,72181,2,9,1,3,Klotz Henri-Pierre (Av),48.01938,0.16766
202300023475,11,10,2023,2025-12-05 13:40:00,1,72,72181,2,1,1,6,Durand Georges (Av) Ndeg Pairs 2 A 110,47.98084,0.21183
202300023476,12,10,2023,2025-12-05 14:45:00,1,69,69266,2,2,1,5,Avenue Roger Salengro,45.78186,4.88742
202300023477,10,10,2023,2025-12-05 08:00:00,1,67,67180,2,2,1,3,Henri Gran (Rue),48.81014,7.80347
202300023478,12,10,2023,2025-12-05 09:00:00,1,64,64260,2,1,1,3,Commerce (Rue Du),43.35369,-1.77678
202300023479,12,10,2023,2025-12-05 17:25:00,1,64,64348,2,3,1,3,Frederic Et Irene Joliot Curie,43.30617,-0.42272
202300023480,11,10,2023,2025-12-05 09:30:00,1,64,64348,2,1,7,2,Europe De L',43.32631,-0.38687
202300023481,12,10,2023,2025-12-05 16:45:00,1,64,64102,2,1,1,7,Maubec (Rue),43.50117,-1.46733
202300023482,19,4,2023,2025-12-05 16:25:00,1,94,94041,2,1,1,3,Rue Pierre Et Marie Curie,48.81349,2.37175
202300023483,11,10,2023,2025-12-05 15:45:00,1,64,64024,2,3,1,3,Mer (Boulevard De La),43.49496,-1.54251
202300023484,20,4,2023,2025-12-05 14:10:00,1,94,94043,2,1,1,3,Avenue Charles Gide,48.80731,2.35436
202300023485,11,10,2023,2025-12-05 17:00:00,1,64,64102,2,1,1,3,Louis De Foix (Avenue),43.51052,-1.46823
202300023486,20,4,2023,2025-12-05 09:40:00,1,94,94033,2,9,1,3,Avenue De Neuilly,48.848022,2.490193
202300023487,11,10,2023,2025-12-05 15:36:00,1,64,64024,2,1,1,6,Mer (Boulevard De La),43.49498,-1.54253
202300023488,24,4,2023,2025-12-05 17:40:00,1,94,94018,2,3,1,6,Quai Des Carrieres / Rue De L'Abreuvoir,48.81784,2.41809
202300023489,12,10,2023,2025-12-05 14:40:00,1,62,62040,2,9,2,6,Rue Emile Delattre,50.73746,2.28847
202300023490,20,4,2023,2025-12-05 18:00:00,1,94,94041,2,2,1,3,Rue Marcel Lamant / Rue Maurice Coutant,48.805625,2.384431
202300023491,11,10,2023,2025-12-05 16:45:00,1,62,62040,2,9,1,5,Avenue Georges Brassens,50.73564982,2.27974409
202300023492,20,4,2023,2025-12-05 09:30:00,1,93,93063,2,2,1,3,Rue Jean Jaures / Rue Marcel Ethis,48.87836,2.44541
202300023493,6,10,2023,2025-12-05 18:50:00,1,62,62757,1,1,1,2,D942,50.75152,2.21075
202300023494,19,4,2023,2025-12-05 15:30:00,1,93,93001,2,1,1,2,Avenue Du President Roosevelt,48.91791138,2.3791253
202300023495,20,4,2023,2025-12-05 18:50:00,1,92,92048,2,1,1,6,Charles Desvergnes (Rue),48.81773392,2.23063588
202300023496,12,10,2023,2025-12-05 11:15:00,1,62,62193,2,1,3,6,Boulevard Leon Gambetta,50.9461,1.83953
202300023497,20,4,2023,2025-12-05 10:05:00,1,92,92025,2,1,1,6,Bournard (Rue Du),48.923076,2.25632
202300023498,19,4,2023,2025-12-05 19:20:00,1,92,92024,2,1,1,6,General Leclerc (Bd Du) (9 A 59)   (4 A,48.90000576,2.31778935
202300023499,12,10,2023,2025-12-05 09:30:00,2,62,62193,2,1,2,3,Avenue Du President Wilson,50.95271,1.85096
202300023500,21,4,2023,2025-12-05 14:00:00,1,50,50541,1,1,1,7,Le Haut Theil,48.837415,-1.524133
202300023501,12,10,2023,2025-12-05 07:00:00,4,62,62193,2,1,2,3,Rue Marcel Doret,50.95202,1.9185
202300023502,20,4,2023,2025-12-05 07:00:00,2,71,71242,1,3,1,3,D983,46.63049518,4.55484688
202300023503,9,10,2023,2025-12-05 17:20:00,1,60,60665,2,3,1,3,Rue Des Martyrs,49.41706,2.80264
202300023504,20,4,2023,2025-12-05 16:00:00,1,84,84088,2,1,1,1,Route De L?Isle Sur La Sorgue,43.988768,5.046684
202300023505,11,10,2023,2025-12-05 08:30:00,2,59,59291,2,1,1,3,Usines (Rue Des),50.24798,3.9019
202300023506,20,4,2023,2025-12-05 08:15:00,1,22,22105,2,1,1,6,Rue De La Motte,48.508896,-2.124707
202300023507,12,10,2023,2025-12-05 07:55:00,1,59,59368,2,2,1,3,Gantois Rue Des,50.65319,3.06908
202300023508,16,4,2023,2025-12-05 21:30:00,5,972,97223,2,3,1,3,Route Departementale La Haut,14.556243,-60.945207
202300023509,12,10,2023,2025-12-05 09:00:00,1,59,59350,2,1,1,3,Rue Madeleine Reberioux,50.62851,3.07931
202300023510,20,4,2023,2025-12-05 18:45:00,2,52,52307,1,1,1,3,Autoroute A5,47.943474,5.188256
202300023511,10,10,2023,2025-12-05 12:40:00,1,57,57672,2,1,1,3,Robert Schumann (Boulevard),49.35351,6.17896
202300023512,10,10,2023,2025-12-05 10:30:00,1,57,57227,2,6,1,6,Schlossberg (Rue Du ),49.18524,6.89968
202300023513,20,4,2023,2025-12-05 08:30:00,1,38,38239,1,1,1,5,D1085,45.33765687,5.5434823
202300023514,1,4,2023,2025-12-05 15:30:00,1,72,72287,2,1,1,6,4 Rue De Touraine,47.876832,0.215977
202300023515,12,10,2023,2025-12-05 09:10:00,1,56,56121,2,1,2,6,24 Avenue General Charles De Gaulle,47.74221,-3.37032
202300023516,20,4,2023,2025-12-05 17:30:00,1,51,51507,2,2,2,3,Route Royale,49.093199,4.916097
202300023517,11,10,2023,2025-12-05 10:05:00,1,56,56098,2,1,1,3,Sartre (Rue  Jean-Paul ),47.76449,-3.34485
202300023518,19,4,2023,2025-12-05 19:00:00,1,59,59135,1,1,1,7,Route D'Oxelaere,50.790897,2.484004
202300023519,11,10,2023,2025-12-05 14:30:00,1,54,54395,2,9,1,6,Boulevard Joffre,48.68783,6.17818
202300023520,21,4,2023,2025-12-05 09:40:00,1,76,76271,1,1,1,1,Route De Rouen,49.558319,1.152942