num_acc,jour,mois,an,hrmn,lum,dep,com,agg,int,atm,col,adr,lat,long
202300023521,11,10,2023,2025-12-05 12:20:00,1,54,54547,2,1,1,6,Rue Goethe,48.65984755,6.17991954
202300023522,11,10,2023,2025-12-05 12:37:00,1,54,54395,2,1,1,3,Rue Charles Keller,48.70274,6.17532
202300023523,5,4,2023,2025-12-05 12:30:00,1,2B,2B049,1,1,1,1,D151,42.527504,8.839493
202300023524,11,10,2023,2025-12-05 09:15:00,1,54,54304,2,1,1,2,Avenue Paul Deroulede,48.68421989,6.15191191
202300023525,18,4,2023,2025-12-05 07:30:00,1,71,71396,1,2,1,3,Route De Dijon,46.865785,5.161171
202300023526,19,4,2023,2025-12-05 18:05:00,1,63,63172,1,1,1,6,D640,45.584517,3.04104
202300023527,11,10,2023,2025-12-05 08:15:00,2,54,54578,2,3,9,2,Rue Albert 1Er,48.671395,6.147528
202300023528,21,4,2023,2025-12-05 06:40:00,2,63,63214,2,1,1,6,53 Rue De La Tuilerie,45.678934,3.197467
202300023529,20,4,2023,2025-12-05 16:00:00,1,42,42334,2,1,1,6,Rue Jacques Vergnier,45.85164,4.357111
202300023530,10,10,2023,2025-12-05 21:16:00,5,54,54395,2,2,1,3,Lobau (Boulevard),48.67966,6.19878
202300023531,21,4,2023,2025-12-05 10:35:00,1,41,41232,2,1,1,6,Boulevard De La Republique,47.423994,2.052985
202300023532,12,10,2023,2025-12-05 05:45:00,5,54,54575,1,3,1,2,Avenue Jean Monnet,49.47509,5.8521
202300023533,20,4,2023,2025-12-05 17:42:00,1,25,25318,1,1,1,5,N57 - Pk 90+790,46.751293,6.378669
202300023534,12,10,2023,2025-12-05 19:32:00,3,54,54099,1,1,2,7,Rd138,49.252884,5.986975
202300023535,21,4,2023,2025-12-05 17:45:00,1,25,25219,2,1,1,2,23 Grande Rue,47.130684,6.370724
202300023536,12,10,2023,2025-12-05 08:50:00,1,51,51454,2,1,1,6,Jaures (Avenue Jean ) Du Ndeg 61 A Fin,49.2595,4.04536
202300023537,20,4,2023,2025-12-05 19:53:00,1,29,29089,1,1,1,6,Moulin Du Roy,48.270722,-3.60144
202300023538,12,10,2023,2025-12-05 08:55:00,1,51,51454,2,1,1,2,Marchandeau (Avenue Paul),49.24191,4.02403
202300023539,21,4,2023,2025-12-05 12:30:00,1,29,29165,1,3,1,2,Lieu Dit Quelarn,47.821346,-4.253232
202300023540,20,4,2023,2025-12-05 17:00:00,1,31,31431,1,1,1,6,D618,42.943573,0.852149
202300023541,10,10,2023,2025-12-05 21:45:00,5,51,51454,2,2,1,3,Paix (Boulevard De La),49.2515847,4.04159617
202300023542,21,4,2023,2025-12-05 17:10:00,1,31,31246,1,1,1,7,Rd 817,43.112905,0.838995
202300023543,13,4,2023,2025-12-05 11:09:00,1,3,3142,2,1,2,6,Place De L'Eglise,46.297911,3.816183
202300023544,12,10,2023,2025-12-05 10:10:00,1,50,50129,2,3,2,3,Grand Pre (Rue Du),49.63784,-1.59498
202300023545,11,10,2023,2025-12-05 18:47:00,1,49,49007,2,1,1,2,Deux Croix Boulevard,47.47547,-0.52874
202300023546,19,4,2023,2025-12-05 13:30:00,1,72,72289,1,1,1,3,D38,48.14465871,0.16196966
202300023547,11,10,2023,2025-12-05 06:45:00,5,44,44109,2,1,1,6,Chaussee De La Madeleine,47.21243,-1.55302
202300023548,20,4,2023,2025-12-05 11:35:00,1,6,6151,1,1,1,7,M6202,43.873953,7.194242
202300023549,21,4,2023,2025-12-05 08:00:00,1,60,60238,2,3,1,2,D1017,49.277154,2.594603
202300023550,6,10,2023,2025-12-05 19:30:00,2,42,42218,2,2,1,3,Rue Gambetta,45.43333,4.38881
202300023551,20,4,2023,2025-12-05 13:15:00,1,24,24067,1,1,1,6,Route De Perigueux,44.926801,0.929077
202300023552,20,4,2023,2025-12-05 22:55:00,4,85,85288,2,1,1,7,49 Avenue Des Taconnettes,46.443073,-1.664724
202300023553,12,10,2023,2025-12-05 22:50:00,5,38,38151,2,9,1,3,Avenue De Grugliasco,45.1500418,5.71806725
202300023554,21,4,2023,2025-12-05 14:20:00,1,87,87047,1,3,1,1,La Croix De Daumart,46.018114,1.292787
202300023555,12,10,2023,2025-12-05 10:20:00,1,38,38185,2,8,1,3,Marcelin Berthelot (Avenue),45.17628,5.73199
202300023556,21,4,2023,2025-12-05 06:10:00,3,30,30284,1,1,9,1,N106,44.149192,4.060451
202300023557,20,4,2023,2025-12-05 15:10:00,1,31,31094,1,1,1,6,A68,43.747165,1.625977
202300023558,21,4,2023,2025-12-05 07:04:00,2,73,73079,1,1,3,6,Aire De L'Arclusaz,45.548881,6.15722
202300023559,20,4,2023,2025-12-05 19:30:00,5,973,97309,2,3,3,2,Avenue Gaston Monnerville,4.887548,-52.282128
202300023560,18,4,2023,2025-12-05 16:55:00,1,6,6152,1,4,1,2,686 Route De Biot,43.641999,7.029127
202300023561,21,4,2023,2025-12-05 16:05:00,1,42,42256,1,4,1,6,D498,45.486262,4.148409
202300023562,19,4,2023,2025-12-05 13:50:00,1,13,13076,1,1,1,2,"Autoroute A7, Pk 211, Sens 2",43.828335,5.020409
202300023563,16,4,2023,2025-12-05 08:15:00,1,976,97608,2,1,1,2,Boulevard Des Crabes,-12.786477,45.262304
202300023564,19,4,2023,2025-12-05 21:00:00,5,978,97801,2,1,1,3,R De Sandy Ground,18.059421,-63.106606
202300023565,21,4,2023,2025-12-05 07:25:00,1,33,33165,2,1,1,5,Avenue De L'Entre 2 Mers,44.8241,-0.441663
202300023566,21,4,2023,2025-12-05 14:30:00,1,78,78478,1,1,1,1,N191,48.47487,1.85508
202300023567,21,4,2023,2025-12-05 10:50:00,1,34,34199,2,3,8,3,373 Avenue General De Gaulle,43.453156,3.414221
202300023568,21,4,2023,2025-12-05 15:40:00,1,83,83115,2,1,1,6,136 Avenue Du General Leclerc,43.31439,6.66162
202300023569,20,4,2023,2025-12-05 08:13:00,1,21,21585,1,1,1,7,D996,47.200633,5.082679
202300023570,19,4,2023,2025-12-05 16:30:00,1,68,68036,1,6,1,3,D52,48.033051,7.56089
202300023571,20,4,2023,2025-12-05 11:30:00,1,67,67080,1,4,7,1,D30,48.555947,7.527325
202300023572,27,3,2023,2025-12-05 21:24:00,5,69,69287,2,6,1,7,Route Departementale 306,45.699717,5.008832
202300023573,13,4,2023,2025-12-05 07:42:00,1,60,60322,1,4,1,2,Departementale 153,49.308393,1.885689
202300023574,21,4,2023,2025-12-05 03:45:00,5,62,62128,2,1,1,6,Rue Du General De Gaulle,50.312058,2.948415
202300023575,20,4,2023,2025-12-05 13:40:00,1,13,13215,1,1,1,3,A7-Sens Lyon Vers Marseille,43.38137116,5.35209239
202300023576,20,4,2023,2025-12-05 08:15:00,1,13,13005,1,1,1,7,A50-Sens Marseille Vers Aubagne,43.28446,5.57185
202300023577,20,4,2023,2025-12-05 19:23:00,1,83,83137,1,1,1,4,A57,43.12027252,5.94951171
202300023578,19,4,2023,2025-12-05 10:05:00,1,59,59350,1,1,1,6,Autoroute A25,50.61788416,3.03078265
202300023579,20,4,2023,2025-12-05 14:35:00,1,91,91161,1,1,1,2,Autoroute A6,48.71142,2.30752
202300023580,20,4,2023,2025-12-05 09:45:00,1,91,91312,1,1,1,1,Rd 444,48.74007,2.22499
202300023581,20,4,2023,2025-12-05 11:50:00,1,78,78545,1,1,1,2,A12 W,48.804503,2.049861
202300023582,20,4,2023,2025-12-05 15:45:00,1,78,78029,1,1,1,3,A13W,48.965856,1.850768
202300023583,19,4,2023,2025-12-05 20:25:00,1,92,92050,1,1,1,7,A14,48.89482877,2.22905785
202300023584,19,4,2023,2025-12-05 02:55:00,3,78,78455,1,1,1,2,A13,48.8591,2.05016
202300023585,20,4,2023,2025-12-05 09:30:00,1,95,95582,1,1,1,3,A15,48.97353,2.2458
202300023586,20,4,2023,2025-12-05 10:30:00,1,93,93027,1,1,1,3,Autoroute A86,48.92458528,2.38937632
202300023587,19,4,2023,2025-12-05 17:15:00,1,93,93007,1,1,1,3,Autoroute A3,48.93230265,2.48082971
202300023588,19,4,2023,2025-12-05 18:05:00,1,93,93027,1,1,1,4,Autoroute A86,48.92354496,2.38317132
202300023589,19,4,2023,2025-12-05 12:30:00,1,93,93007,1,1,7,7,Autoroute A3,48.92375,2.48068
202300023590,19,4,2023,2025-12-05 08:45:00,1,93,93027,1,1,1,2,Autoroute A86,48.92786049,2.40957519
202300023591,20,4,2023,2025-12-05 16:20:00,1,94,94046,1,1,1,3,A86,48.81292733,2.44895577
202300023592,20,4,2023,2025-12-05 13:15:00,1,94,94028,1,1,1,5,A86,48.78275411,2.44084607
202300023593,20,4,2023,2025-12-05 08:45:00,1,77,77514,1,1,1,2,A104,48.942616,2.628501
202300023594,19,4,2023,2025-12-05 22:15:00,3,94,94069,1,1,1,4,A4,48.81733586,2.43366427
202300023595,19,4,2023,2025-12-05 21:55:00,3,77,77384,1,1,1,2,A105,48.597636,2.63483
202300023596,19,4,2023,2025-12-05 16:40:00,1,93,93064,1,1,1,4,A86,48.86122426,2.48410075
202300023597,19,4,2023,2025-12-05 00:09:00,3,94,94073,1,1,1,4,A86,48.77183853,2.39424537
202300023598,19,4,2023,2025-12-05 11:10:00,1,974,97416,1,1,1,6,Rn02,-21.33216726,55.47943354
202300023599,19,4,2023,2025-12-05 16:40:00,1,974,97411,2,9,1,3,Mace (Route Gabriel),-20.91459,55.49473
202300023600,20,4,2023,2025-12-05 00:15:00,5,69,69386,2,2,1,3,Rue Massena,45.76959,4.8542
202300023601,19,4,2023,2025-12-05 10:40:00,1,69,69387,2,1,1,3,Cours Gambetta,45.75562,4.84142
202300023602,19,4,2023,2025-12-05 14:27:00,1,972,97209,1,1,1,2,Ravine Vilaine (Chemin Departemental De),14.6326,-61.05974
202300023603,19,4,2023,2025-12-05 17:50:00,1,69,69081,2,1,1,6,78 Chemin Du Petit Bois,45.78757726,4.75944539
202300023604,30,3,2023,2025-12-05 19:15:00,1,69,69034,2,1,1,3,60 Rue Pierre Brunier,45.7904147,4.83076349
202300023605,19,4,2023,2025-12-05 08:55:00,1,2B,2B033,2,1,1,6,Annonciade - Chemin De L',42.706,9.441
202300023606,18,4,2023,2025-12-05 21:00:00,3,971,97101,1,1,1,4,Route De Bouliqui,16.25811361,-61.45572782
202300023607,19,4,2023,2025-12-05 14:10:00,1,2A,2A004,2,1,1,6,Route Du Stiletto,41.94806,8.77408
202300023608,19,4,2023,2025-12-05 20:45:00,2,91,91657,2,3,1,3,Av De La Tourelle,48.692582,2.444902
202300023609,13,4,2023,2025-12-05 16:45:00,1,85,85194,2,9,1,6,Rue Nicot,46.49976,-1.78503
202300023610,1,4,2023,2025-12-05 21:37:00,5,84,84007,2,1,1,1,Europe (Pont De L'),43.94375,4.79644
202300023611,19,4,2023,2025-12-05 19:30:00,1,78,78418,2,1,1,3,Paul Doumer (Avenue),48.9059,2.14877
202300023612,19,4,2023,2025-12-05 19:25:00,1,77,77037,2,1,1,6,Foret (Avenue De La),48.47383,2.69281
202300023613,19,4,2023,2025-12-05 11:50:00,1,76,76231,2,2,1,3,Rue Jean Jaures,49.291366,1.009974
202300023614,19,4,2023,2025-12-05 20:30:00,2,69,69256,2,1,1,6,Avenue Paul Marcellin,45.77485,4.93249
202300023615,19,4,2023,2025-12-05 17:30:00,1,69,69275,2,2,1,6,1 Avenue Paul Marcellin,45.76796701,4.93656173
202300023616,19,4,2023,2025-12-05 14:30:00,1,69,69259,2,1,1,3,35 Avenue Jules Guesde,45.71590953,4.88797416
202300023617,19,4,2023,2025-12-05 11:20:00,1,69,69271,1,3,1,3,Chemin De Brigneux,45.74774,4.97843
202300023618,14,4,2023,2025-12-05 04:46:00,3,67,67218,1,1,1,1,Alfred Kastler (Route),48.52832,7.74017
202300023619,19,4,2023,2025-12-05 20:20:00,1,59,59279,2,1,1,3,Lille (Rue De),50.77512,3.1236
202300023620,19,4,2023,2025-12-05 05:27:00,3,59,59599,2,3,1,3,Yser (Rue De L'),50.742351,3.169544
202300023621,19,4,2023,2025-12-05 08:50:00,1,59,59392,2,9,1,2,Epinette (Boulevard De L'),50.28438,3.96748
202300023622,14,4,2023,2025-12-05 18:15:00,1,54,54329,2,3,1,6,Avenue Voltaire,48.59159,6.50709
202300023623,31,3,2023,2025-12-05 18:50:00,1,54,54116,1,1,1,6,Rue De Saverne,48.59667,6.54608
202300023624,19,4,2023,2025-12-05 08:23:00,1,51,51454,2,2,1,3,Nationale (Avenue) La Neuvillette,49.28874,4.00582
202300023625,14,4,2023,2025-12-05 12:20:00,1,50,50129,2,5,1,2,Mendes France (Boulevard),49.63568,-1.63103
202300023626,18,4,2023,2025-12-05 21:09:00,2,49,49246,2,1,1,6,Perrins Chemin Et Village,47.44062,-0.52016
202300023627,4,8,2023,2025-12-05 07:30:00,1,29,29019,2,6,1,3,Pen Ar Ch'Leuz,48.41428148,-4.47887063
202300023628,14,4,2023,2025-12-05 05:00:00,3,40,40281,2,3,1,2,Kennedy (Av Du Pdt. John Fidgerald),43.8744,-0.49245
202300023629,3,8,2023,2025-12-05 16:20:00,1,27,27229,2,1,2,2,Cites Unies (Boulevard Des),49.017408,1.140731
202300023630,3,8,2023,2025-12-05 05:03:00,3,26,26313,1,1,1,6,Route Nationale 7,44.95683179,4.92996454
202300023631,19,4,2023,2025-12-05 09:30:00,1,38,38185,1,1,1,2,A480,45.16828014,5.70190748
202300023632,6,8,2023,2025-12-05 13:40:00,1,25,25056,2,1,2,3,Mitterand Avenue Francois,47.22345,5.98652
202300023633,19,4,2023,2025-12-05 23:02:00,5,37,37261,2,1,1,6,Elysee (Rue De L'),47.3834,0.69434
202300023634,3,8,2023,2025-12-05 09:00:00,1,24,24037,2,1,1,3,Morize (Rue Germaine),44.85084,0.48074
202300023635,2,8,2023,2025-12-05 10:10:00,1,22,22187,2,3,3,3,Verdun (Rue De ),48.54483,-2.78575
202300023636,5,8,2023,2025-12-05 03:40:00,3,22,22113,2,1,3,7,Aerodrome (Rue De L'),48.7396,-3.46407
202300023637,19,4,2023,2025-12-05 08:45:00,1,37,37208,2,1,1,3,Cormery (Rue De),47.34871,0.73424
202300023638,19,4,2023,2025-12-05 16:15:00,1,35,35055,2,6,1,3,Parc (Rue Du),48.088,-1.60857
202300023639,6,8,2023,2025-12-05 02:15:00,5,21,21231,2,2,1,3,Boulevard Mansart,47.310434,5.059946
202300023640,4,8,2023,2025-12-05 16:00:00,1,19,19275,2,1,2,6,Adresse_Inconnue,45.54650794,2.29699964
202300023641,19,4,2023,2025-12-05 12:20:00,1,35,35238,2,6,1,6,Saint-Brieuc (De),48.11773,-1.7136
202300023642,28,7,2023,2025-12-05 21:40:00,5,18,18033,2,1,2,6,Rue Des Hemerettes,47.079904,2.399776
202300023643,19,4,2023,2025-12-05 10:10:00,1,35,35238,2,2,1,3,Nantes (De),48.09728,-1.68881
202300023644,5,8,2023,2025-12-05 12:40:00,1,17,17299,2,2,1,3,Freres Jamain Rue Des,45.94024,-0.98425
202300023645,5,8,2023,2025-12-05 20:15:00,1,16,16015,2,1,2,6,Lattre De Tassigny (Avenue De),45.65554,0.16921
202300023646,19,4,2023,2025-12-05 08:35:00,1,35,35238,2,4,7,1,Lorient (De),48.10797446,-1.70294791
202300023647,4,8,2023,2025-12-05 21:20:00,1,14,14333,2,1,1,6,9 Boulevard Charles V,49.42251,0.2329
202300023648,17,4,2023,2025-12-05 13:45:00,1,34,34032,2,2,1,3,245 Rue De La Hotte,43.33593,3.27256
202300023649,3,8,2023,2025-12-05 23:00:00,3,14,14536,2,2,1,2,900 Rue Saint-Clair,49.409407,0.251699
202300023650,18,4,2023,2025-12-05 22:10:00,5,33,33281,2,3,1,3,Rue Camille Saint-Saens,44.84375,-0.64549
202300023651,6,8,2023,2025-12-05 03:15:00,5,13,13204,2,2,1,3,Jean Dussert (Rue),43.31401,5.4028
202300023652,4,8,2023,2025-12-05 15:05:00,1,13,13214,2,3,1,3,Sainte Marthe (Chemin),43.3182,5.39031
202300023653,4,8,2023,2025-12-05 15:30:00,1,13,13215,2,9,6,3,Roger Salengro (Avenue),43.32185135,5.36767691
202300023654,4,8,2023,2025-12-05 15:00:00,1,13,13203,2,2,1,6,Strasbourg (Boulevard),43.30907,5.37846
202300023655,19,4,2023,2025-12-05 11:00:00,1,29,29232,2,6,1,3,Rond-Point Philippe Lebon,47.994574,-4.072878
202300023656,4,8,2023,2025-12-05 08:50:00,1,13,13208,2,1,1,6,Clot Bey (Avenue),43.2582,5.3838
202300023657,18,4,2023,2025-12-05 15:00:00,1,29,29232,1,1,1,3,Route De Morlaix,48.03969428,-4.06889552
202300023658,3,8,2023,2025-12-05 03:15:00,5,13,13206,2,3,1,3,Breteuil (Rue),43.29024523,5.37584802
202300023659,3,8,2023,2025-12-05 11:20:00,1,13,13208,2,3,1,6,Prado (Avenue Du),43.27612,5.3888
202300023660,17,4,2023,2025-12-05 15:00:00,1,19,19031,2,1,1,6,Michelet (Boulevard),45.16439,1.54082
202300023661,6,8,2023,2025-12-05 21:55:00,5,13,13001,1,1,1,7,Eguilles (Route D'),43.55067,5.38909
202300023662,4,8,2023,2025-12-05 11:00:00,1,13,13001,1,1,1,1,R.N 7,43.55261,5.42381
202300023663,6,8,2023,2025-12-05 12:25:00,1,12,12083,2,1,1,2,Moulin Jean (Avenue),44.52536,2.27748
202300023664,5,8,2023,2025-12-05 16:15:00,1,12,12013,1,1,1,1,Rd 840,44.55515,2.28306
202300023665,5,8,2023,2025-12-05 10:10:00,1,11,11069,2,1,1,2,Adresse_Inconnue,43.22664,2.33076
202300023666,18,4,2023,2025-12-05 14:40:00,1,14,14304,1,2,1,3,1 Rue Du Nouveau Monde,49.38232,0.24479
202300023667,3,8,2023,2025-12-05 11:00:00,1,11,11069,2,1,2,7,Rocade Sud Rd 6161,43.20442,2.33333
202300023668,19,4,2023,2025-12-05 17:15:00,1,13,13209,2,3,1,3,Catherine Blum (Boulevard),43.26403,5.41836
202300023669,5,8,2023,2025-12-05 14:08:00,1,10,10321,2,2,2,3,Docteur Roux (Rue Du),48.28499,4.01196
202300023670,18,4,2023,2025-12-05 23:50:00,5,13,13215,2,1,1,3,Saint Antoine A Saint Joseph (Chemin De),43.3605,5.3641
202300023671,5,8,2023,2025-12-05 14:45:00,1,6,6088,2,9,1,7,Anglais (Du Ndeg 1 Au Ndeg 43),43.69475,7.26633
202300023672,18,4,2023,2025-12-05 20:50:00,5,11,11069,2,1,1,3,248 Avenue Du General Leclerc,43.20745,2.37893
202300023673,31,7,2023,2025-12-05 20:34:00,1,6,6083,2,9,1,1,Cabrolles (Route Des),43.79798,7.48404
202300023674,18,4,2023,2025-12-05 08:28:00,1,11,11069,2,1,1,6,8 Avenue Du Souvenir Francais,43.20863,2.38377
202300023675,4,8,2023,2025-12-05 19:20:00,1,6,6069,2,1,1,3,Paoute (Route Et Traverse De La),43.641619,6.957137
202300023676,19,4,2023,2025-12-05 20:23:00,5,6,6088,2,2,1,3,Delfino (Bd General),43.705496,7.284348
202300023677,4,8,2023,2025-12-05 15:30:00,1,6,6069,2,9,1,3,Pompidou (Avenue Georges) -Rd 6085,43.64768,6.93731
202300023678,14,4,2023,2025-12-05 23:00:00,5,6,6027,2,1,1,7,Tuilieres Avenue Des,43.66606,7.15722
202300023679,27,7,2023,2025-12-05 08:30:00,1,6,6069,1,9,1,6,Ginestiere (Chemin De La),43.68261,6.96295
202300023680,19,4,2023,2025-12-05 21:48:00,5,75,75118,2,1,1,6,Rue Saint Eleuthere,48.885845,2.341514
202300023681,5,8,2023,2025-12-05 19:00:00,1,6,6027,2,1,1,1,Cannes Avenue De (Rn7),43.652781,7.144213
202300023682,18,4,2023,2025-12-05 12:31:00,1,75,75101,2,2,1,3,Quai Des Orfevres,48.856858,2.341155
202300023683,5,8,2023,2025-12-05 17:20:00,1,2,2408,2,1,1,1,Adresse_Inconnue,49.55773,3.63474
202300023684,5,8,2023,2025-12-05 19:00:00,1,75,75119,2,1,2,7,Porte De La Villette,48.897784,2.393798
202300023685,19,4,2023,2025-12-05 18:15:00,1,75,75106,2,2,1,3,Quai Des Grands Augustins,48.85132,2.34041
202300023686,5,8,2023,2025-12-05 12:50:00,1,75,75117,2,4,1,3,Echangeur Maillot,48.8827,2.283359
202300023687,18,4,2023,2025-12-05 12:45:00,1,75,75105,2,3,1,3,Boulevard De Port Royal,48.837701,2.345498
202300023688,4,8,2023,2025-12-05 12:40:00,1,75,75112,2,1,1,2,Porte Doree,48.83687,2.412401
202300023689,19,4,2023,2025-12-05 18:30:00,1,75,75120,2,3,1,3,Rue Des Pyrenees,48.853986,2.405714
202300023690,3,8,2023,2025-12-05 17:05:00,1,75,75117,2,1,2,3,Bd Peripherique Interieur,48.889237,2.296154
202300023691,1,8,2023,2025-12-05 17:20:00,1,75,75113,2,1,1,3,Porte D Italie,48.816707,2.365107
202300023692,19,4,2023,2025-12-05 09:00:00,1,75,75120,2,2,1,3,Avenue De La Porte Des Lilas,48.877099,2.4069
202300023693,4,8,2023,2025-12-05 14:28:00,1,75,75118,2,3,1,6,Boulevard Ney,48.897799,2.333485
202300023694,19,4,2023,2025-12-05 11:40:00,1,75,75119,2,2,1,3,Place De La Porte De Pantin,48.889876,2.396631
202300023695,4,8,2023,2025-12-05 16:07:00,1,75,75115,2,2,1,6,Rue De La Croix Nivert,48.843601,2.295735
202300023696,19,4,2023,2025-12-05 18:15:00,1,75,75118,2,2,1,2,Rue Custine,48.88878,2.34658
202300023697,3,8,2023,2025-12-05 10:25:00,1,75,75119,2,2,1,6,Boulevard D Indochine,48.883653,2.396988
202300023698,19,4,2023,2025-12-05 17:20:00,1,75,75116,2,2,1,5,Place De La Porte Maillot,48.878079,2.281028
202300023699,2,8,2023,2025-12-05 16:45:00,1,75,75106,2,3,1,3,Quai Des Grands Augustins,48.85428,2.343166
202300023700,18,4,2023,2025-12-05 11:30:00,1,75,75116,2,1,1,2,Rue Henry De La Vaulx,48.835158,2.258875
202300023701,5,8,2023,2025-12-05 13:00:00,1,75,75120,2,2,2,3,Rue De Bagnolet,48.859145,2.402116
202300023702,19,4,2023,2025-12-05 13:50:00,1,75,75115,2,2,1,5,Avenue Emile Zola,48.846964,2.294353
202300023703,4,8,2023,2025-12-05 10:30:00,1,75,75120,2,3,1,6,Rue Du Retrait,48.869521,2.393168
202300023704,6,8,2023,2025-12-05 18:45:00,1,75,75119,2,3,1,1,Rue D Hautpoul,48.881848,2.388394
202300023705,19,4,2023,2025-12-05 07:45:00,1,75,75113,2,1,1,3,Boulevard De L Hopital,48.842311,2.363531
202300023706,4,8,2023,2025-12-05 21:57:00,5,75,75119,2,1,1,6,Boulevard Macdonald,48.89858,2.386477
202300023707,19,4,2023,2025-12-05 16:45:00,1,75,75111,2,2,1,3,Avenue De La Republique,48.864589,2.378039
202300023708,5,8,2023,2025-12-05 03:55:00,2,75,75118,2,1,1,2,Boulevard Peripherique Interieur Nord,48.900815,2.339917
202300023709,19,4,2023,2025-12-05 08:40:00,1,75,75110,2,3,1,3,Boulevard De Magenta,48.873188,2.358843
202300023710,3,8,2023,2025-12-05 10:30:00,1,75,75118,2,2,1,3,Rue Damremont,48.893639,2.336364
202300023711,18,4,2023,2025-12-05 12:22:00,1,75,75108,2,2,1,1,Rue De Rome,48.878052,2.32261
202300023712,6,8,2023,2025-12-05 18:00:00,1,75,75117,2,1,1,3,Avenue De Villiers,48.885258,2.294799
202300023713,4,8,2023,2025-12-05 18:55:00,1,75,75117,2,2,2,6,Avenue Des Ternes,48.880781,2.285195
202300023714,19,4,2023,2025-12-05 17:50:00,1,75,75104,2,1,1,3,Boulevard Henri Iv,48.851699,2.364347
202300023715,3,8,2023,2025-12-05 17:00:00,1,75,75117,2,3,2,3,Boulevard Bessieres,48.897637,2.324125
202300023716,19,4,2023,2025-12-05 11:30:00,1,94,94016,2,3,1,6,Rue Camille Desmoulins,48.794713,2.334971
202300023717,18,4,2023,2025-12-05 07:50:00,1,94,94028,2,1,1,6,Rue De Cotonou,48.76774028,2.46957227
202300023718,3,8,2023,2025-12-05 15:30:00,1,75,75116,2,2,3,3,Allee De Longchamp,48.872537,2.264465
202300023719,19,4,2023,2025-12-05 16:32:00,1,94,94022,2,2,1,1,Avenue Victor Hugo / Av De Villeneuve Saint Georges,48.76687998,2.41438293
202300023720,3,8,2023,2025-12-05 11:00:00,1,75,75116,2,2,1,3,Avenue Victor Hugo,48.871134,2.288856
202300023721,19,4,2023,2025-12-05 11:30:00,1,94,94001,2,2,1,3,Rue D'Estienne D'Orves / Avenue Du General De Gaulle,48.7251276,2.41859615
202300023722,18,4,2023,2025-12-05 18:50:00,2,93,93070,2,1,2,3,Boulevard Victor Hugo,48.908481,2.328294
202300023723,2,8,2023,2025-12-05 12:52:00,1,75,75113,2,2,1,3,Quai Panhard Et Levassor,48.83223577,2.37977386
202300023724,19,4,2023,2025-12-05 11:14:00,1,93,93066,2,1,1,3,Avenue Du Docteur Lamaze,48.93519,2.37235
202300023725,1,8,2023,2025-12-05 23:30:00,5,75,75107,2,2,2,3,Place De La Resistance,48.862425,2.301611
202300023726,18,4,2023,2025-12-05 06:30:00,5,93,93031,2,3,1,3,Rue Gouraud / Avenue De La Republique,48.9479,2.3384
202300023727,4,8,2023,2025-12-05 05:50:00,2,75,75112,2,2,1,3,Rue De Lyon,48.847971,2.371474
202300023728,19,4,2023,2025-12-05 13:20:00,1,93,93064,2,1,1,5,Avenue Du General De Gaulle,48.8791871,2.47837454
202300023729,3,8,2023,2025-12-05 01:05:00,5,75,75112,2,3,1,3,Boulevard De Picpus,48.843046,2.401248
202300023730,19,4,2023,2025-12-05 12:35:00,1,93,93053,2,1,1,6,Avenue Du General Leclerc,48.88954,2.47068
202300023731,7,4,2023,2025-12-05 13:20:00,1,93,93048,2,1,1,6,Rue Des Grands Pechers,48.8589,2.46347
202300023732,5,8,2023,2025-12-05 15:50:00,1,75,75111,2,2,8,6,Rue De Montreuil,48.850472,2.384451
202300023733,19,4,2023,2025-12-05 10:45:00,1,93,93029,2,1,1,3,Avenue Henri Barbusse,48.92206272,2.45591669
202300023734,19,4,2023,2025-12-05 13:00:00,1,93,93001,2,1,1,7,215 Avenue Jean Jaures,48.91548485,2.40472162
202300023735,19,4,2023,2025-12-05 12:20:00,1,92,92078,2,1,1,6,Verdun (Avenue) (Impairs 27 Au 73),48.935251,2.329825
202300023736,19,4,2023,2025-12-05 10:00:00,1,92,92046,2,1,1,6,Pierre Larousse (Avenue),48.82197718,2.30391361
202300023737,5,8,2023,2025-12-05 23:50:00,5,75,75109,2,2,2,6,Rue Cadet,48.875815,2.343691
202300023738,19,4,2023,2025-12-05 21:10:00,5,92,92073,2,1,1,2,Blum (Quai Leon),48.86264,2.22581
202300023739,19,4,2023,2025-12-05 11:15:00,1,92,92051,2,1,1,6,Longchamp (Rue De),48.880536,2.253936
202300023740,5,8,2023,2025-12-05 20:40:00,1,75,75109,2,2,1,6,Boulevard De Clichy,48.88235,2.33697
202300023741,18,4,2023,2025-12-05 16:30:00,1,92,92051,2,3,1,3,"Roule (Avenue Du, Ndeg 29 A 91 Et 30 A 86)",48.883207,2.274545
202300023742,5,8,2023,2025-12-05 12:40:00,1,75,75102,2,2,2,6,Boulevard Poissonniere,48.871478,2.343072
202300023743,18,4,2023,2025-12-05 15:00:00,1,92,92051,2,3,1,3,Bourdon (Boulevard),48.89633516,2.27315658
202300023744,3,8,2023,2025-12-05 13:30:00,1,75,75109,2,1,2,3,Rue Du Faubourg Poissonniere,48.87136,2.347895
202300023745,19,4,2023,2025-12-05 11:55:00,1,92,92050,2,3,1,3,Picasso Pablo Avenue,48.890801,2.21583456