num_acc,jour,mois,an,hrmn,lum,dep,com,agg,int,atm,col,adr,lat,long
202300023746,4,8,2023,2025-12-05 10:47:00,1,75,75108,2,3,1,7,Avenue De Wagram,48.875432,2.296239
202300023747,19,4,2023,2025-12-05 18:00:00,1,92,92040,2,6,1,3,Vaugirard (Rue De),48.81992715,2.24270511
202300023748,4,8,2023,2025-12-05 10:14:00,1,75,75108,2,2,8,3,Boulevard Malesherbes,48.878389,2.315551
202300023749,5,8,2023,2025-12-05 12:25:00,1,75,75107,2,7,2,6,Quai D Orsay,48.862278,2.301955
202300023750,20,3,2023,2025-12-05 22:35:00,5,92,92044,2,1,1,3,Bineau (Boulevard),48.88644839,2.28515893
202300023751,3,8,2023,2025-12-05 12:57:00,1,75,75107,2,4,8,6,Rue De Babylone,48.851728,2.324376
202300023752,19,4,2023,2025-12-05 04:50:00,5,92,92036,2,3,1,3,Pierre De Coubertin Prolonge,48.93583,2.27975
202300023753,6,8,2023,2025-12-05 10:00:00,1,75,75102,2,3,1,7,Rue Blondel,48.868966,2.352223
202300023754,19,4,2023,2025-12-05 18:40:00,1,92,92035,2,1,1,6,Republique ( Boulevard De La ),48.90571,2.25354
202300023755,6,8,2023,2025-12-05 03:30:00,5,75,75104,2,1,2,6,Quai Des Celestins,48.851913,2.36135
202300023756,19,4,2023,2025-12-05 14:35:00,1,92,92012,2,1,1,6,Bir Hakeim (Place),48.8302,2.23891
202300023757,19,4,2023,2025-12-05 21:30:00,5,92,92007,2,1,1,1,Dolet (Rue Etienne),48.797655,2.303271
202300023758,3,8,2023,2025-12-05 15:20:00,1,75,75103,2,2,2,1,Rue De Turenne,48.862005,2.364664
202300023759,3,8,2023,2025-12-05 10:40:00,1,75,75103,2,2,1,3,Rue De Turbigo,48.865457,2.356131
202300023760,5,8,2023,2025-12-05 11:50:00,1,94,94067,2,1,3,2,Avenue De Paris,48.84609059,2.42102703
202300023761,19,4,2023,2025-12-05 15:15:00,1,54,54462,2,4,1,6,Route De Dombasle,48.59943041,6.33790433
202300023762,5,8,2023,2025-12-05 11:45:00,1,94,94078,2,9,2,6,Place Pierre Semard,48.73107,2.44681
202300023763,5,8,2023,2025-12-05 01:00:00,5,94,94078,2,3,1,6,Rue De Paris,48.73309382,2.4468905
202300023764,20,4,2023,2025-12-05 15:59:00,1,21,21177,1,1,1,2,Autoroute A6 - Point Kilometrique 245+000,47.373021,4.394739
202300023765,6,8,2023,2025-12-05 11:00:00,1,94,94073,2,3,1,1,Avenue Leon Marchand,48.76643,2.38648
202300023766,20,4,2023,2025-12-05 11:30:00,1,22,22206,1,1,1,2,Rn12 Pr 74+500,48.530269,-2.963369
202300023767,20,4,2023,2025-12-05 09:40:00,1,14,14027,1,1,1,2,22 Route De Thury,49.009895,-0.61947
202300023768,5,8,2023,2025-12-05 18:20:00,1,94,94073,2,1,2,2,Rdpt D'Espagne,48.7543,2.3748
202300023769,23,3,2023,2025-12-05 18:50:00,1,19,19129,1,1,1,2,A20,45.543295,1.510006
202300023770,5,8,2023,2025-12-05 08:30:00,1,94,94021,1,1,1,3,Avenue Du Viaduc,48.761953,2.352413
202300023771,19,4,2023,2025-12-05 19:30:00,1,38,38113,1,1,1,6,D526,44.82833,5.639098
202300023772,18,4,2023,2025-12-05 08:10:00,1,66,66050,2,6,1,6,Adresse_Inconnue,42.755496,2.954121
202300023773,3,8,2023,2025-12-05 13:40:00,1,94,94034,2,2,2,3,Boulevard Pasteur,48.75397,2.31279
202300023774,19,4,2023,2025-12-05 20:40:00,1,56,56078,1,1,1,2,Adresse_Inconnue,47.80148,-3.45718
202300023775,4,8,2023,2025-12-05 17:25:00,1,94,94028,2,1,1,6,Voie Departementale,48.76843833,2.46581966
202300023776,20,4,2023,2025-12-05 15:20:00,1,79,79062,2,1,1,3,Adresse_Inconnue,46.815518,-0.665688
202300023777,4,8,2023,2025-12-05 14:15:00,1,94,94018,2,2,3,3,Avenue De Gravelle,48.82408,2.41995
202300023778,19,4,2023,2025-12-05 17:45:00,1,33,33311,2,1,1,1,Cote De Bourbon,44.685879,-0.360811
202300023779,20,4,2023,2025-12-05 08:20:00,1,34,34284,2,9,1,6,12 Avenue De La Gare,43.487739,2.764395
202300023780,4,8,2023,2025-12-05 23:30:00,5,94,94017,2,1,1,3,Boulevard De Stalingrad,48.8223,2.49799
202300023781,6,8,2023,2025-12-05 02:38:00,3,94,94075,1,1,2,6,Av Du Mal De Lattre De Tassigny,48.738162,2.516969
202300023782,19,4,2023,2025-12-05 17:15:00,1,38,38144,1,1,1,6,D36,45.591128,5.08004
202300023783,6,8,2023,2025-12-05 11:45:00,1,94,94002,2,9,1,6,Quai Blanqui,48.81421,2.41136
202300023784,19,4,2023,2025-12-05 06:02:00,2,2,2820,2,2,1,3,1 Rue Jean Jaures,49.631113,3.243161
202300023785,4,8,2023,2025-12-05 17:20:00,1,94,94002,2,7,1,6,Place De La Gare,48.80188,2.42614
202300023786,19,4,2023,2025-12-05 17:35:00,1,1,1037,1,1,1,1,Route Departementale 32,45.823514,5.467758
202300023787,19,4,2023,2025-12-05 16:30:00,1,6,6007,2,2,1,3,Route De Saint Jacques,43.612358,6.915924
202300023788,4,8,2023,2025-12-05 23:50:00,5,93,93059,2,1,1,2,Avenue Elisee Reclus,48.95069174,2.35781665
202300023789,20,4,2023,2025-12-05 17:30:00,1,14,14231,1,1,1,7,875 Route De Dozule,49.21621,0.010278
202300023790,3,8,2023,2025-12-05 03:00:00,5,93,93072,2,3,2,7,Boulevard Maxime Gorki / Rue Salvador Allende,48.94652,2.38646
202300023791,5,8,2023,2025-12-05 15:38:00,1,93,93066,2,1,1,6,Rue Gabriel Peri,48.94020282,2.35658692
202300023792,20,4,2023,2025-12-05 09:15:00,1,50,50209,1,1,1,3,Route Du Hamel Es Ronches,49.645256,-1.456391
202300023793,4,8,2023,2025-12-05 16:40:00,1,93,93039,2,1,8,2,Quai De La Marine,48.94695825,2.3259841
202300023794,27,5,2023,2025-12-05 17:30:00,1,95,95682,1,1,1,6,N104,49.06835027,2.39100677
202300023795,3,8,2023,2025-12-05 16:25:00,1,93,93066,2,1,3,3,Rue D'Eaubonne,48.94508285,2.37383936
202300023796,28,5,2023,2025-12-05 14:30:00,1,94,94018,1,1,7,4,A4,48.82050762,2.40183223
202300023797,3,8,2023,2025-12-05 20:40:00,2,93,93049,2,1,2,2,Rue Raspail,48.85527774,2.51329088
202300023798,28,5,2023,2025-12-05 11:45:00,1,77,77384,1,1,1,6,A5B,48.615458,2.63137
202300023799,28,5,2023,2025-12-05 00:50:00,3,77,77175,1,1,1,6,Rn104,48.668668,2.612379
202300023800,11,3,2023,2025-12-05 10:35:00,1,3,3056,1,1,2,7,Gagnol,46.090436,3.598537
202300023801,27,5,2023,2025-12-05 18:50:00,1,77,77169,1,1,1,5,Rn104.Int,48.807992,2.63001
202300023802,4,8,2023,2025-12-05 02:00:00,5,93,93050,2,9,1,3,Rue Paul Vaillant Couturier,48.87201758,2.55378582
202300023803,27,5,2023,2025-12-05 21:24:00,1,49,49007,2,1,1,6,Jean Xxiii Avenue,47.44753,-0.56236
202300023804,11,3,2023,2025-12-05 11:10:00,1,1,1185,2,3,2,1,Rue De L'Eglise,45.893484,5.597631
202300023805,8,3,2023,2025-12-05 20:00:00,3,33,33351,1,1,1,6,D132E2,45.210929,-0.488275
202300023806,3,8,2023,2025-12-05 07:05:00,2,93,93031,2,1,2,4,Avenue De La Republique,48.9493883,2.3312141
202300023807,11,3,2023,2025-12-05 02:50:00,4,44,44168,2,1,2,7,154 Rue Joliot-Curie,47.385145,-2.202689
202300023808,27,5,2023,2025-12-05 02:00:00,5,93,93027,2,2,1,1,Boulevard Pasteur / Rue Pierre Curie,48.92098071,2.38313559
202300023809,11,3,2023,2025-12-05 15:40:00,1,59,59029,1,2,1,3,Rue Du Vert Bois,50.496231,3.191174
202300023810,27,5,2023,2025-12-05 12:05:00,1,92,92012,2,1,1,2,Point Du Jour (Quai Du),48.82743209,2.25267202
202300023811,9,3,2023,2025-12-05 05:45:00,3,74,74012,2,1,1,6,Livron (Route Du),46.18765,6.250793
202300023812,27,5,2023,2025-12-05 02:20:00,3,974,97416,2,1,3,3,Cadet (Chemin Cyriaque),-21.31271,55.54714
202300023813,27,5,2023,2025-12-05 15:00:00,1,974,97416,2,1,2,7,Paul Legros(Chemin),-21.29026,55.47386
202300023814,9,3,2023,2025-12-05 17:05:00,1,988,98818,2,2,1,6,Rue Cote De L'Amiral Halsey/Rue Georges Baudoux,-22.28124,166.44313
202300023815,6,8,2023,2025-12-05 01:20:00,5,93,93014,2,1,2,2,Boulevard Gagarine,48.90524,2.54159
202300023816,8,3,2023,2025-12-05 14:15:00,1,81,81065,2,9,1,6,Mendes France (Bd.Pierre),43.59276,2.23382
202300023817,27,5,2023,2025-12-05 07:07:00,1,974,97416,2,3,2,3,Leblond 1 (Rue Marius Et Ary),-21.33648451,55.47042131
202300023818,2,3,2023,2025-12-05 10:40:00,1,24,24145,2,1,1,6,Grand Rue (Rue),44.85604,0.56997
202300023819,27,5,2023,2025-12-05 15:05:00,1,973,97302,2,2,1,3,Prevot (Ernest),4.93305,-52.33282
202300023820,3,2,2023,2025-12-05 15:24:00,1,24,24037,2,1,1,6,Neuve (Rue D'Argenson),44.85342,0.48847
202300023821,27,5,2023,2025-12-05 14:34:00,1,973,97302,2,6,1,2,Catayee (Justin),4.92487809,-52.32383966
202300023822,9,3,2023,2025-12-05 16:00:00,1,988,98818,1,3,1,5,Rue Du 18 Juin/Rue Felix Broche,-22.27091,166.46404
202300023823,27,5,2023,2025-12-05 13:55:00,1,973,97302,2,3,1,3,Republique (Bd De La),4.93739888,-52.32509288
202300023824,9,3,2023,2025-12-05 12:15:00,1,988,98818,2,3,1,3,Rue Du R.P. Montrouzier/Route Du Velodrome,-22.29104,166.44524
202300023825,5,8,2023,2025-12-05 19:45:00,1,93,93047,2,3,2,3,Boulevard Hardy / Avenue De Clichy-Sous-Bois,48.90305848,2.5622279
202300023826,27,5,2023,2025-12-05 16:26:00,1,973,97302,2,3,1,3,Troubiran (Chemin De),4.9269044,-52.30349806
202300023827,8,3,2023,2025-12-05 14:10:00,1,976,97611,2,9,1,3,Doujani-Mouhindi Hassani (Rue ),-12.79376,45.21677
202300023828,9,3,2023,2025-12-05 21:20:00,5,974,97411,2,1,2,6,Foucque (Avenue Hippolyte),-20.89612,55.48724
202300023829,27,5,2023,2025-12-05 11:20:00,1,972,97213,1,1,1,5,Autoroute A1,14.617572,-61.017774
202300023830,9,3,2023,2025-12-05 14:45:00,1,974,97411,1,1,1,1,Colline (Rue De La),-20.90187,55.45739
202300023831,27,5,2023,2025-12-05 01:22:00,5,972,97213,1,6,2,7,Route Nationale 1,14.613788,-61.012029
202300023832,2,8,2023,2025-12-05 13:10:00,1,93,93057,2,1,1,3,Avenue Aristide Briand,48.91082314,2.5146058
202300023833,27,5,2023,2025-12-05 06:20:00,2,69,69389,2,1,1,6,64 Montee De L'Observance,45.76892,4.80968
202300023834,9,3,2023,2025-12-05 13:00:00,1,974,97409,1,1,1,2,Rn2 Sens St Benoit St Denis,-20.94299,55.64851
202300023835,2,8,2023,2025-12-05 10:25:00,1,92,92064,2,1,1,7,De Lattre De Tassigny,48.85173487,2.22021103
202300023836,26,5,2023,2025-12-05 23:45:00,5,69,69382,2,3,1,3,8 Quai Marechal Joffre,45.75263187,4.8245864
202300023837,8,3,2023,2025-12-05 08:45:00,1,974,97407,2,9,1,3,14 Juillet 1789(Avenue Du),-20.93218,55.2945
202300023838,26,5,2023,2025-12-05 16:20:00,1,971,97101,1,1,1,4,Palais Royal,16.29969,-61.49106
202300023839,9,3,2023,2025-12-05 15:20:00,1,69,69388,2,2,1,6,Avenue Berthelot,45.73948,4.8599
202300023840,5,8,2023,2025-12-05 06:35:00,1,92,92035,2,3,1,3,Joffre ( Avenue ),48.90543,2.24437
202300023841,27,5,2023,2025-12-05 18:30:00,1,95,95268,2,1,1,6,D125,48.97265,2.40063
202300023842,9,3,2023,2025-12-05 08:00:00,1,69,69387,2,2,1,6,Rue Lortet,45.74246,4.84013
202300023843,5,8,2023,2025-12-05 22:12:00,5,92,92025,2,1,2,3,Valmy (Bd De),48.93087734,2.25521484
202300023844,27,5,2023,2025-12-05 15:00:00,1,95,95268,2,9,1,3,D125,48.97616,2.39449
202300023845,9,3,2023,2025-12-05 08:30:00,1,69,69388,2,2,1,3,Rue Professeur Beauvisage,45.72756,4.86198
202300023846,27,5,2023,2025-12-05 14:00:00,1,91,91161,2,1,1,7,Rue Severine,48.69682,2.30652
202300023847,3,8,2023,2025-12-05 16:50:00,1,92,92019,2,1,2,6,Division Leclerc (Avenue De La),48.76545844,2.25978434
202300023848,9,3,2023,2025-12-05 12:00:00,1,972,97213,1,1,1,3,Autoroute A1,14.61823,-61.02924
202300023849,26,5,2023,2025-12-05 21:10:00,2,91,91027,2,9,1,7,Av Francois Mitterrand,48.71505,2.37346
202300023850,9,3,2023,2025-12-05 19:40:00,5,2B,2B037,2,9,1,6,Toutes Rues,42.62886,9.43727
202300023851,3,8,2023,2025-12-05 14:10:00,1,92,92012,2,2,1,1,Andre Morizet (Avenue) - 49/Fin - 54/Fin,48.83704266,2.23644091
202300023852,27,5,2023,2025-12-05 12:20:00,1,85,85194,2,7,1,6,1 Avenue Carnot,46.49767,-1.78268
202300023853,5,3,2023,2025-12-05 20:25:00,5,971,97101,2,9,1,7,Dugazon De Bourgogne (Zone),16.25892,-61.51129
202300023854,3,8,2023,2025-12-05 21:35:00,5,92,92009,2,3,2,3,Bourguignons ( Rue 33 A Fin ),48.91387145,2.27363527
202300023855,27,5,2023,2025-12-05 14:00:00,1,83,83144,2,1,1,6,Lumiere (Ave Des Freres),43.13628,6.00001
202300023856,9,3,2023,2025-12-05 17:15:00,1,95,95427,2,1,8,6,Route De Saint-Leu,48.95835,2.32952
202300023857,3,8,2023,2025-12-05 19:00:00,1,92,92004,2,1,2,2,Argenteuil Av D',48.91387,2.28347
202300023858,27,5,2023,2025-12-05 14:00:00,1,78,78440,2,9,1,1,Veuve Fleuret (Rue),48.992079,1.908364
202300023859,3,8,2023,2025-12-05 15:25:00,1,92,92002,2,1,1,6,Division Leclerc (31 A 51 -36 A 56 Bis),48.75072737,2.30452532
202300023860,9,3,2023,2025-12-05 10:50:00,1,91,91027,2,1,1,2,Av Francois Mitterrand,48.71369,2.37116
202300023861,3,8,2023,2025-12-05 15:45:00,1,57,57125,1,1,8,6,D52,49.203551,6.241286
202300023862,27,5,2023,2025-12-05 15:55:00,1,78,78172,2,3,1,2,Republique (Quai De La),48.991448,2.090325
202300023863,1,8,2023,2025-12-05 15:30:00,1,35,35176,1,1,8,2,D777,47.825114,-1.857942
202300023864,8,3,2023,2025-12-05 13:50:00,1,91,91228,2,1,3,6,Bd Champs Elysees,48.62881,2.42402
202300023865,28,5,2023,2025-12-05 00:30:00,3,76,76486,1,1,1,1,Chemin De L'Etoile,49.33411255,1.00232667
202300023866,5,8,2023,2025-12-05 16:30:00,1,81,81077,1,1,1,1,D999,43.880263,2.512436
202300023867,9,3,2023,2025-12-05 17:34:00,1,83,83137,2,3,1,3,Picot (Ave Du Colonel),43.13154,5.97415
202300023868,28,5,2023,2025-12-05 00:10:00,5,76,76322,2,1,1,3,Avenue Des Canadiens,49.40137776,1.06470381
202300023869,4,8,2023,2025-12-05 08:04:00,1,25,25527,1,1,1,2,A36 Pk 140+400,47.200939,5.825168
202300023870,3,3,2023,2025-12-05 09:50:00,1,83,83069,1,1,1,6,Marais (Route Des),43.07993,6.12779
202300023871,24,1,2023,2025-12-05 18:00:00,5,51,51043,2,6,1,3,Rue D'Isles Sur Suippe,49.360318,4.179
202300023872,9,3,2023,2025-12-05 08:40:00,1,77,77431,2,1,8,6,D607,48.269404,2.685777
202300023873,26,5,2023,2025-12-05 18:05:00,1,69,69264,2,1,7,3,Route De Frans,45.98496,4.73038
202300023874,4,8,2023,2025-12-05 19:50:00,1,6,6149,2,1,8,3,3189 Route De Laghet,43.747657,7.348035
202300023875,27,1,2023,2025-12-05 09:55:00,1,56,56179,2,2,1,6,Rue Du General De Gaulle,47.834225,-3.404984
202300023876,7,8,2023,2025-12-05 05:30:00,3,16,16090,1,1,1,6,270 Route De Saint Estephe,45.589184,-0.037465
202300023877,9,3,2023,2025-12-05 09:00:00,1,76,76451,2,1,1,6,Avenue Du Mont Aux Malades,49.46538238,1.07209784
202300023878,27,5,2023,2025-12-05 11:50:00,1,69,69290,2,1,1,3,Rue Du Lyonnais,45.70169,4.89855
202300023879,4,8,2023,2025-12-05 23:55:00,3,16,16056,2,1,1,6,7 Route De Jarnac,45.672772,-0.210971
202300023880,16,1,2023,2025-12-05 09:50:00,1,79,79347,2,1,1,1,Adresse_Inconnue,46.686175,-0.245025
202300023881,9,3,2023,2025-12-05 16:50:00,1,74,74118,1,1,1,5,Liberation (Route De La),46.17911,6.23272
202300023882,3,8,2023,2025-12-05 12:45:00,1,22,22048,1,1,1,6,La Hestrinais,48.501283,-2.171248
202300023883,27,5,2023,2025-12-05 18:15:00,1,67,67482,2,3,1,3,Rieth (Rue Du),48.6009,7.7148
202300023884,27,1,2023,2025-12-05 21:40:00,3,39,39355,1,1,1,6,Adresse_Inconnue,46.950214,5.749338
202300023885,28,1,2023,2025-12-05 03:30:00,5,25,25157,2,1,1,6,134 Lieu Dit Le Frambourg,46.866078,6.373288
202300023886,4,8,2023,2025-12-05 03:45:00,5,11,11068,1,1,2,2,Adresse_Inconnue,43.178037,2.544408
202300023887,8,3,2023,2025-12-05 20:50:00,5,71,71270,2,3,2,6,Lamartine (Quai),46.3053,4.8358
202300023888,27,5,2023,2025-12-05 16:45:00,1,67,67218,2,3,1,3,Fort Uhrich (Route Du),48.5125,7.7181
202300023889,28,1,2023,2025-12-05 00:00:00,5,70,70171,2,4,1,7,Avenue Jacques Parisot,47.88055631,6.3029784
202300023890,6,8,2023,2025-12-05 06:10:00,3,40,40296,1,1,1,6,D337,43.718032,-1.395779
202300023891,28,1,2023,2025-12-05 15:20:00,1,54,54105,2,9,1,6,43 Rue Saint-Vincent,48.573434,5.853039
202300023892,9,3,2023,2025-12-05 13:40:00,1,69,69271,2,3,1,3,75 Avenue Du Progres,45.73006,4.96367
202300023893,3,8,2023,2025-12-05 14:45:00,1,42,42338,1,2,1,3,Route De Coutouvre,46.076598,4.136712
202300023894,27,5,2023,2025-12-05 10:10:00,1,67,67267,2,3,1,3,Sports (Rue Des),48.56377,7.68967
202300023895,25,1,2023,2025-12-05 09:00:00,1,5,5140,1,1,1,1,Lieu Dit Le Moulin,44.512482,6.165926
202300023896,5,8,2023,2025-12-05 14:30:00,1,31,31044,2,1,1,3,Route De Lavaur,43.635924,1.496056
202300023897,9,3,2023,2025-12-05 10:40:00,1,69,69259,2,9,1,6,241 Route De Vienne,45.72888363,4.85380664
202300023898,27,5,2023,2025-12-05 07:00:00,2,67,67043,2,3,1,6,M35,48.615123,7.727256
202300023899,28,1,2023,2025-12-05 01:30:00,3,50,50619,1,3,1,6,Route De Saint Pierre,49.627364,-1.365373
202300023900,5,8,2023,2025-12-05 06:30:00,1,81,81078,1,1,1,7,1444 Route De Lavaur,43.6588,1.96148
202300023901,7,3,2023,2025-12-05 15:40:00,1,67,67482,2,1,1,2,Schirmeck (Route De),48.570353,7.711319
202300023902,6,8,2023,2025-12-05 21:15:00,5,68,68175,2,1,8,1,9 Rue Du Docteur Macker,48.15301,7.171776
202300023903,26,5,2023,2025-12-05 18:15:00,1,67,67462,2,9,1,3,Thiers (Boulevard),48.2576,7.45855
202300023904,27,1,2023,2025-12-05 23:55:00,3,7,7238,1,1,1,6,Route Des Vans,44.438759,4.199406
202300023905,28,1,2023,2025-12-05 04:52:00,3,85,85108,1,1,1,6,D763,46.890755,-1.38726
202300023906,7,8,2023,2025-12-05 17:31:00,5,974,97401,2,1,1,2,24 Chemin Kerbel,-21.238882,55.335069
202300023907,7,3,2023,2025-12-05 14:21:00,1,66,66136,2,2,1,3,Adresse_Inconnue,42.68721,2.90184
202300023908,27,5,2023,2025-12-05 11:54:00,1,64,64024,2,1,1,2,Laporte (Avenue Jean Leon),43.49082,-1.49841
202300023909,26,1,2023,2025-12-05 15:45:00,1,27,27198,1,1,1,6,Lieu Dit La Geriaie,48.83322,1.053215
202300023910,6,8,2023,2025-12-05 20:00:00,5,972,97203,2,1,1,6,Rue Schoelcher,14.868311,-61.113071
202300023911,6,3,2023,2025-12-05 18:22:00,2,66,66136,2,1,1,3,Adresse_Inconnue,42.68538,2.86745
202300023912,28,1,2023,2025-12-05 17:00:00,1,87,87018,1,1,1,7,"Rd 675, Lieu Dit Labarderie",46.066025,0.983577
202300023913,4,8,2023,2025-12-05 17:30:00,1,83,83085,1,1,1,1,D47,43.492935,6.571439
202300023914,27,1,2023,2025-12-05 20:10:00,3,973,97307,1,1,1,3,Route Du Larivot,4.89605093,-52.3326391
202300023915,4,8,2023,2025-12-05 00:30:00,3,83,83085,1,3,1,7,Route De Bagnols,43.498099,6.578472
202300023916,9,3,2023,2025-12-05 07:00:00,2,65,65440,2,6,1,3,Alsace Lorraine (Avenue),43.24095,0.073643
202300023917,27,1,2023,2025-12-05 17:45:00,3,1,1331,1,1,1,6,A40 Pk 134+100,46.106565,5.454776
202300023918,5,8,2023,2025-12-05 10:10:00,1,62,62618,2,1,2,6,D943,50.8188317,2.07765225
202300023919,27,5,2023,2025-12-05 10:30:00,1,58,58194,2,1,1,7,Pisserotte (Boulevard),46.972527,3.127166
202300023920,9,3,2023,2025-12-05 16:55:00,1,65,65286,2,1,1,3,Avenue Alexandre Marqui,43.105159,-0.041502
202300023921,25,1,2023,2025-12-05 17:05:00,2,69,69244,2,2,8,3,2Bis Avenue De La Republique,45.76414,4.785267
202300023922,1,8,2023,2025-12-05 10:40:00,1,63,63001,1,6,1,3,Rd2009/2019--Giratoire,46.009452,3.197279
202300023923,6,8,2023,2025-12-05 13:54:00,1,12,12216,1,1,1,7,Route Departementale 987,44.531736,2.831908
202300023924,27,1,2023,2025-12-05 23:30:00,3,33,33029,1,1,1,2,A63 Pk 016.400 Vers Bordeaux,44.681318,-0.789471
202300023925,27,5,2023,2025-12-05 04:40:00,2,57,57463,2,1,1,1,Vallieres (Rue De ),49.1223,6.2141
202300023926,27,1,2023,2025-12-05 17:34:00,2,38,38431,1,1,8,2,Autoroute A 41,45.248641,5.871205
202300023927,9,3,2023,2025-12-05 21:05:00,5,64,64445,2,2,1,3,Grand Tour Du,43.29688,-0.37899
202300023928,27,5,2023,2025-12-05 11:04:00,1,56,56260,2,1,1,3,Place De La Liberation,47.65905,-2.7643
202300023929,4,8,2023,2025-12-05 16:19:00,1,21,21177,1,1,1,2,"Autoroute A6, Pk 245.000",47.374634,4.391062
202300023930,27,1,2023,2025-12-05 23:30:00,3,987,98729,1,1,1,1,Pk 2 - Temae - Moorea,-17.576888,-150.201988
202300023931,8,3,2023,2025-12-05 13:38:00,1,64,64445,2,1,1,6,Alfred Nobel,43.32069,-0.30377
202300023932,3,8,2023,2025-12-05 17:30:00,1,974,97414,2,3,1,3,Route Nationale 5,-21.274249,55.437945
202300023933,26,5,2023,2025-12-05 08:45:00,1,56,56098,2,3,1,3,Trudaine (Rue  Daniel ),47.77632,-3.3387
202300023934,8,3,2023,2025-12-05 21:30:00,5,64,64024,2,1,1,7,Etchecopar (Allee),43.46503,-1.52909
202300023935,3,8,2023,2025-12-05 16:55:00,1,85,85215,1,1,8,7,Rd137,46.8739033,-1.2014021
202300023936,27,5,2023,2025-12-05 13:40:00,1,49,49328,2,6,1,3,Weygand (Rond-Point),47.2644,-0.09185
202300023937,7,3,2023,2025-12-05 12:55:00,1,64,64102,2,1,2,6,Paulmy (Avenue Des Allees),43.4944,-1.47877
202300023938,27,1,2023,2025-12-05 09:00:00,1,987,98747,1,3,1,3,Pk 1+300 Afaaiti,-17.756,-148.736
202300023939,3,8,2023,2025-12-05 18:30:00,1,85,85109,2,1,2,7,22 Route De L'Auriere,46.857302,-1.052494
202300023940,27,5,2023,2025-12-05 11:53:00,1,49,49353,2,1,1,2,Jean Jaures Rue,47.44418,-0.49964
202300023941,6,8,2023,2025-12-05 02:05:00,3,34,34114,1,1,1,6,A750 Pk 30+100,43.65037745,3.54230692
202300023942,28,1,2023,2025-12-05 13:30:00,1,988,98819,1,3,2,6,Vu 27/ Vu 16- Ouegoa,-20.34845,164.442372
202300023943,8,3,2023,2025-12-05 08:30:00,1,63,63075,2,3,1,3,Savarounes/ Valery Giscard D'Estaing,45.77817,3.06171
202300023944,23,7,2023,2025-12-05 20:00:00,2,62,62490,1,1,3,7,Rue Des Sorbiers,50.28158317,2.57487544
202300023945,28,1,2023,2025-12-05 03:50:00,3,971,97118,1,1,1,1,D23,16.217229,-61.607165
202300023946,9,3,2023,2025-12-05 16:00:00,1,60,60057,2,1,2,3,Rue Henri Brispot,49.42501,2.08702
202300023947,5,8,2023,2025-12-05 18:30:00,1,34,34270,2,1,1,3,D132E2,43.586919,3.830924
202300023948,26,5,2023,2025-12-05 16:35:00,1,47,47323,2,1,1,1,Fumel(Avenue De ),44.4087,0.7307
202300023949,27,1,2023,2025-12-05 19:21:00,3,78,78548,1,1,2,1,D13,48.724795,1.988171
202300023950,22,1,2023,2025-12-05 12:07:00,1,13,13085,1,1,1,1,D3,43.235691,5.676992
202300023951,27,5,2023,2025-12-05 10:05:00,1,47,47201,2,2,1,2,Marne (Av. De La),44.1945,0.60332
202300023952,8,3,2023,2025-12-05 20:10:00,5,59,59512,2,3,2,3,Brame (Avenue Jules),50.68598,3.20436
202300023953,2,8,2023,2025-12-05 08:05:00,1,973,97304,2,1,1,3,Rue Denis Papin,5.15514,-52.66725
202300023954,27,1,2023,2025-12-05 12:00:00,1,58,58160,2,1,3,7,Route De Busserolles,46.981936,3.103048
202300023955,5,8,2023,2025-12-05 04:45:00,3,83,83116,1,1,1,6,Route De Rougiers,43.415628,5.84985
202300023956,17,1,2023,2025-12-05 08:20:00,1,67,67028,2,9,1,6,Rue De L'Europe,48.375281,7.590265
202300023957,9,3,2023,2025-12-05 09:05:00,1,59,59350,2,1,2,2,Pont Leon Jouhaux,50.6365,3.03691
202300023958,27,5,2023,2025-12-05 15:00:00,1,45,45004,1,1,1,2,D2007 Pr 21 + 314,47.97912697,2.74225187
202300023959,6,8,2023,2025-12-05 00:20:00,5,44,44009,2,1,1,1,366Bis Route Du Loroux Bottereau,47.19058738,-1.46955013
202300023960,8,3,2023,2025-12-05 15:00:00,1,59,59350,2,9,2,3,Tournai Pont De,50.62197,3.08866
202300023961,28,1,2023,2025-12-05 03:53:00,3,55,55038,1,1,1,2,Chemin,49.038768,5.081091
202300023962,27,1,2023,2025-12-05 19:30:00,3,57,57634,1,1,9,6,D50A,49.153278,6.123998
202300023963,7,3,2023,2025-12-05 15:50:00,1,59,59569,2,1,1,6,Croizat (Rue Ambroise),50.36723,3.11946
202300023964,4,8,2023,2025-12-05 19:45:00,1,31,31157,2,1,1,6,Rue Du Pre Vicinal,43.537303,1.343272
202300023965,26,5,2023,2025-12-05 18:00:00,1,45,45068,1,1,1,2,D2007 Pr 17 + 175,48.01519,2.73986
202300023966,3,8,2023,2025-12-05 15:00:00,1,19,19273,1,1,1,7,D8,45.06307346,1.56379134
202300023967,28,1,2023,2025-12-05 16:10:00,1,73,73150,1,1,1,1,N90 - Pr67+250,45.564879,6.681631
202300023968,9,3,2023,2025-12-05 16:45:00,1,59,59431,2,1,3,3,Moulin  (Rue Du),50.700087,2.845653
202300023969,2,8,2023,2025-12-05 22:40:00,3,19,19170,1,1,1,7,Lieu-Dit Tillet,44.96583233,1.76236689
202300023970,26,1,2023,2025-12-05 07:30:00,3,44,44066,1,1,2,2,Route De La Paquelais,47.352518,-1.659257