num_acc,jour,mois,an,hrmn,lum,dep,com,agg,int,atm,col,adr,lat,long
202300023971,27,5,2023,2025-12-05 23:40:00,5,44,44198,2,1,1,3,26 Rue De La Poste,47.14823,-1.53655
202300023972,7,3,2023,2025-12-05 18:35:00,5,54,54482,2,6,1,6,Jean Xxiii (Rue),48.69916,6.21086
202300023973,6,8,2023,2025-12-05 20:25:00,2,56,56051,1,1,1,7,Le Grazo,47.87006,-2.591625
202300023974,26,1,2023,2025-12-05 13:30:00,1,38,38562,1,1,1,6,D1091,45.062351,5.763595
202300023975,1,8,2023,2025-12-05 17:00:00,1,56,56177,1,1,2,7,Lieu Dit Malachappe,47.799233,-3.065979
202300023976,27,5,2023,2025-12-05 15:05:00,1,38,38053,2,9,1,1,Rue Isaac Asimov,45.58965,5.252
202300023977,8,3,2023,2025-12-05 08:15:00,1,44,44184,2,1,2,6,90 Rue Henri Gautier,47.28149,-2.20408
202300023978,28,1,2023,2025-12-05 12:20:00,1,33,33321,1,1,8,6,D115 - Pk 33+600,45.034616,-0.442489
202300023979,5,8,2023,2025-12-05 18:40:00,1,56,56252,1,1,1,6,Banastere,47.521245,-2.654838
202300023980,28,1,2023,2025-12-05 00:20:00,3,22,22168,2,1,1,7,Boulevard Des Traouiero,48.823512,-3.484206
202300023981,27,5,2023,2025-12-05 12:15:00,1,37,37261,2,1,1,2,Churchill (Boulevard Winston),47.37361,0.6824
202300023982,29,7,2023,2025-12-05 20:00:00,1,56,56143,2,1,1,6,Avenue Du Parc,47.560079,-2.497662
202300023983,21,2,2023,2025-12-05 19:44:00,5,42,42218,2,2,1,3,Boulevard Claude Verney Carron,45.46362,4.38224
202300023984,27,1,2023,2025-12-05 18:45:00,3,91,91689,1,1,1,4,Autoroute A6A,48.73903,2.31841
202300023985,27,5,2023,2025-12-05 12:15:00,1,37,37214,2,1,1,7,Voisin (Boulevard Andre-Georges),47.42619,0.65516
202300023986,6,8,2023,2025-12-05 20:25:00,2,59,59307,1,2,1,3,D3 / Rue Stephane Schoonaert,50.840162,2.207383
202300023987,27,1,2023,2025-12-05 07:05:00,5,91,91689,1,1,1,2,Autoroute A6B,48.74682,2.32643
202300023988,9,3,2023,2025-12-05 19:30:00,5,37,37261,2,4,1,3,Gare Du Canal (Quai De La),47.39656,0.70358
202300023989,26,5,2023,2025-12-05 23:50:00,5,34,34172,1,1,1,3,Avenue President Pierre Mendes France,43.60766,3.93128
202300023990,5,8,2023,2025-12-05 22:32:00,3,76,76317,1,1,3,6,Route De Bretteville,49.653252,0.403318
202300023991,27,1,2023,2025-12-05 18:00:00,5,93,93078,1,1,1,4,Autoroute A104,48.96162,2.54503
202300023992,27,5,2023,2025-12-05 15:25:00,1,31,31555,2,1,1,3,Rue Du Faubourg Bonnefoy,43.61942,1.45693
202300023993,4,8,2023,2025-12-05 12:20:00,1,79,79271,1,1,1,6,Adresse_Inconnue,46.522301,-0.376964
202300023994,9,3,2023,2025-12-05 17:50:00,1,37,37122,2,2,1,3,Hortense (Rue De La Reine),47.33565,0.64586
202300023995,6,8,2023,2025-12-05 05:40:00,2,79,79217,1,1,1,7,Adresse_Inconnue,46.338217,-0.19784
202300023996,27,5,2023,2025-12-05 15:15:00,1,29,29039,2,6,1,3,Rue De Lanriec,47.86915662,-3.89317542
202300023997,9,3,2023,2025-12-05 13:00:00,1,37,37261,2,1,3,6,Bedel (Rue Maurice),47.37806,0.69685
202300023998,27,1,2023,2025-12-05 08:00:00,2,95,95682,1,1,1,4,N104,49.06726802,2.3781064
202300023999,4,8,2023,2025-12-05 23:30:00,5,2A,2A271,2,1,1,3,Rt20,41.979672,8.83378
202300024000,9,3,2023,2025-12-05 08:50:00,1,37,37122,2,1,1,2,Rd 37,47.37134316,0.65400553
202300024001,27,1,2023,2025-12-05 19:30:00,3,77,77058,1,1,1,2,A4,48.830814,2.693132
202300024002,30,7,2023,2025-12-05 11:22:00,3,2A,2A017,1,1,1,1,D81,42.009573,8.74921
202300024003,19,5,2023,2025-12-05 15:00:00,1,19,19275,2,1,1,6,Foch (Boulevard),45.54653839,2.3082608
202300024004,26,1,2023,2025-12-05 15:35:00,1,974,97416,1,3,1,6,Lambriquet (Rue Joseph),-21.33,55.48
202300024005,3,8,2023,2025-12-05 20:00:00,2,2B,2B123,1,1,1,1,Rt10 Bastia,42.048512,9.427729
202300024006,9,3,2023,2025-12-05 09:25:00,1,37,37261,2,1,1,2,Tanneurs (Rue Des),47.39605063,0.68208039
202300024007,6,8,2023,2025-12-05 10:30:00,1,2B,2B074,2,9,1,3,Rt20,42.255753,9.169496
202300024008,26,1,2023,2025-12-05 17:15:00,1,974,97411,2,4,1,3,Granits (Allee Des),-20.89932,55.44683
202300024009,9,3,2023,2025-12-05 19:00:00,3,33,33281,2,1,1,3,Avenue Francois Mitterrand,44.81284,-0.69431
202300024010,6,8,2023,2025-12-05 04:20:00,3,80,80080,1,1,2,6,D1029,49.875555,2.842283
202300024011,26,1,2023,2025-12-05 18:25:00,1,974,97411,2,1,1,6,Jaures (Boulevard Jean),-20.89945,55.47951
202300024012,26,5,2023,2025-12-05 14:12:00,1,15,15014,2,1,1,1,Leclerc (Avenue Du General),44.91211,2.44245
202300024013,4,8,2023,2025-12-05 19:10:00,1,82,82149,1,1,1,7,Adresse_Inconnue,44.13736224,1.48983718
202300024014,26,1,2023,2025-12-05 13:35:00,1,974,97411,2,9,1,6,Jaures (Boulevard Jean),-20.88988,55.46456
202300024015,9,3,2023,2025-12-05 18:25:00,1,33,33192,2,4,2,3,Allee Flora,44.7691,-0.59709
202300024016,28,5,2023,2025-12-05 00:20:00,5,13,13054,2,9,1,3,Figueres (Rue Des ),43.42112,5.20776
202300024017,4,8,2023,2025-12-05 08:10:00,1,82,82119,1,3,1,3,D820,44.217955,1.518243
202300024018,9,3,2023,2025-12-05 16:40:00,1,33,33063,2,1,1,6,Place Pey Berland,44.83783,-0.57629
202300024019,25,1,2023,2025-12-05 11:20:00,1,974,97411,2,9,2,5,Payet (Rue Roger),-20.89328,55.48693
202300024020,3,8,2023,2025-12-05 16:50:00,1,65,65212,2,1,1,6,Route De La Vallee D'Aure,42.863705,0.338591
202300024021,27,5,2023,2025-12-05 18:40:00,1,13,13210,2,9,1,3,Romain Rolland (Boulevard),43.27224,5.41452
202300024022,9,3,2023,2025-12-05 08:50:00,1,33,33063,2,1,1,3,Cours Du Medoc,44.86263,-0.57199
202300024023,19,1,2023,2025-12-05 14:23:00,1,973,97302,2,2,1,3,Grant (Cite),4.94754,-52.30401
202300024024,6,8,2023,2025-12-05 07:45:00,1,65,65218,2,1,1,1,D929,43.01483,0.372548
202300024025,8,3,2023,2025-12-05 19:10:00,2,30,30007,1,9,1,1,Cypres (Montee Des),44.09982,4.0811
202300024026,26,1,2023,2025-12-05 04:30:00,5,69,69383,2,1,1,6,77 Rue Du Dauphine,45.75303866,4.87017348
202300024027,27,5,2023,2025-12-05 21:05:00,4,11,11069,2,4,1,6,1821 Boulevard Leon Blum,43.22652,2.34024
202300024028,4,8,2023,2025-12-05 13:55:00,1,65,65456,1,1,3,2,D929,43.142918,0.424588
202300024029,4,8,2023,2025-12-05 15:15:00,1,65,65093,1,1,8,7,D775,43.044609,0.468282
202300024030,25,1,2023,2025-12-05 08:50:00,1,69,69387,2,3,1,3,Avenue Jean Jaures,45.73136,4.83361
202300024031,7,3,2023,2025-12-05 08:00:00,1,29,29019,2,6,2,2,Avenue De Provence,48.40776231,-4.51321274
202300024032,5,8,2023,2025-12-05 11:00:00,1,32,32005,1,1,1,6,Rd 25 Pk 5.435,43.723246,-0.046402
202300024033,27,5,2023,2025-12-05 10:05:00,1,10,10387,2,2,7,6,Boulevard Du 14 Juillet,48.2941,4.0787
202300024034,21,1,2023,2025-12-05 13:42:00,1,972,97213,1,1,1,1,Route Departementale 3,14.64942,-60.98892
202300024035,9,3,2023,2025-12-05 07:08:00,5,27,27229,2,1,2,6,Val Iton (Rue Du),49.03427,1.15378
202300024036,27,5,2023,2025-12-05 03:20:00,5,8,8105,2,1,1,6,Adresse_Inconnue,49.777426,4.722889
202300024037,25,1,2023,2025-12-05 19:15:00,5,2B,2B033,2,1,1,2,Imperiale - Route,42.66642,9.43954
202300024038,3,8,2023,2025-12-05 13:00:00,1,32,32264,1,2,1,3,D154,43.929589,-0.114109
202300024039,9,3,2023,2025-12-05 13:10:00,1,25,25056,2,2,1,3,Edison Rue Thomas,47.235527,5.982739
202300024040,4,8,2023,2025-12-05 22:10:00,3,11,11262,1,1,1,6,139 Route De Cuxac,43.224063,3.007588
202300024041,25,1,2023,2025-12-05 19:25:00,5,971,97101,2,3,1,3,Chauvel,16.23949,-61.51939
202300024042,27,5,2023,2025-12-05 22:05:00,5,6,6088,2,2,1,3,Riquier (Bd De),43.7036,7.28839
202300024043,26,1,2023,2025-12-05 22:01:00,5,95,95280,2,1,2,6,Paul Vaillant Couturier (Boulevard),49.03093,2.45967
202300024044,8,3,2023,2025-12-05 16:56:00,1,22,22113,1,9,2,2,Trebeurden (Route De),48.75291379,-3.5142839
202300024045,27,5,2023,2025-12-05 15:44:00,1,6,6088,2,1,1,6,Desambrois (Av.),43.705208,7.271911
202300024046,2,8,2023,2025-12-05 22:32:00,3,11,11262,1,1,1,5,Adresse_Inconnue,43.211682,3.012786
202300024047,29,7,2023,2025-12-05 01:20:00,3,11,11090,1,1,1,6,Adresse_Inconnue,43.098116,2.234602
202300024048,7,3,2023,2025-12-05 12:10:00,1,19,19031,2,1,1,3,Teinchurier (Avenue Du),45.14858,1.48062
202300024049,27,5,2023,2025-12-05 17:10:00,1,6,6029,2,1,1,1,Dollfus (Rue Jean),43.549733,7.007796
202300024050,26,1,2023,2025-12-05 12:00:00,1,91,91549,2,2,2,3,Victor Hugo (Avenue),48.64999,2.33183
202300024051,9,3,2023,2025-12-05 17:15:00,1,13,13202,2,9,1,2,Cargo Rhin Fideli (Rue),43.32684,5.35659
202300024052,26,1,2023,2025-12-05 16:00:00,1,88,88424,2,1,1,6,Rond Point Ernest Charlier,48.27354,6.96797
202300024053,6,8,2023,2025-12-05 19:00:00,1,71,71282,2,2,1,3,D680,46.83624,4.360242
202300024054,26,5,2023,2025-12-05 22:00:00,5,75,75116,2,1,1,2,Porte Dauphine,48.869887,2.27151
202300024055,21,1,2023,2025-12-05 17:42:00,1,87,87085,2,1,1,6,Liaison Sud ( Voie De),45.8124,1.25559
202300024056,4,8,2023,2025-12-05 14:50:00,1,89,89414,1,2,2,3,Route Departementale 939,48.284735,3.375721
202300024057,8,3,2023,2025-12-05 12:50:00,1,13,13206,2,3,1,3,Baille (Boulevard),43.28649,5.38642
202300024058,26,5,2023,2025-12-05 18:00:00,1,75,75120,2,1,1,2,Porte De Bagnolet,48.85993,2.413982
202300024059,9,3,2023,2025-12-05 20:50:00,5,75,75117,2,1,1,2,Porte De Clichy,48.895031,2.306589
202300024060,26,1,2023,2025-12-05 21:45:00,5,83,83062,2,3,1,3,Fabri De Peiresc (Avenue),43.14106,6.03005
202300024061,6,8,2023,2025-12-05 12:00:00,1,89,89418,1,2,1,3,D965,47.843407,3.955979
202300024062,9,3,2023,2025-12-05 20:45:00,5,75,75120,2,2,2,6,Avenue Cartellier,48.864586,2.412423
202300024063,27,5,2023,2025-12-05 16:55:00,1,75,75118,2,2,1,3,Boulevard Ney,48.897734,2.329014
202300024064,22,1,2023,2025-12-05 19:35:00,5,83,83061,2,1,1,1,Rue De La Montagne,43.44209231,6.75345415
202300024065,19,1,2023,2025-12-05 14:45:00,1,83,83061,1,1,1,6,D7,43.49399012,6.77851582
202300024066,26,5,2023,2025-12-05 10:24:00,1,75,75116,2,3,1,6,Avenue Kleber,48.868835,2.291445
202300024067,9,3,2023,2025-12-05 11:40:00,1,75,75118,2,2,1,3,Boulevard Barbes,48.88835,2.349611
202300024068,3,8,2023,2025-12-05 21:45:00,3,89,89311,2,1,3,1,Les Vernes,47.747595,3.387201
202300024069,8,3,2023,2025-12-05 22:47:00,5,75,75117,2,7,3,3,Avenue De Wagram,48.87840982,2.29840636
202300024070,27,5,2023,2025-12-05 21:58:00,5,75,75105,2,3,1,1,Boulevard Saint Michel,48.851375,2.343202
202300024071,26,1,2023,2025-12-05 07:00:00,5,78,78440,2,1,2,2,Europe (Avenue De L'),48.97076,1.919562
202300024072,9,3,2023,2025-12-05 10:10:00,1,75,75115,2,2,1,3,Rue De La Convention,48.839986,2.290357
202300024073,28,7,2023,2025-12-05 08:15:00,2,49,49218,2,1,2,6,Rue Des Mauges (Le Fuilet),47.280579,-1.116046
202300024074,27,5,2023,2025-12-05 19:00:00,1,75,75120,2,1,1,1,Rue D Avron,48.852488,2.404887
202300024075,9,3,2023,2025-12-05 09:30:00,1,75,75115,2,1,8,6,Quai De Grenelle,48.852594,2.286168
202300024076,26,1,2023,2025-12-05 12:35:00,1,77,77067,1,2,8,3,Boissenart Centre Commercial,48.58683,2.60275
202300024077,27,5,2023,2025-12-05 16:30:00,1,75,75120,2,1,1,6,Rue Belgrand,48.864739,2.403178
202300024078,5,8,2023,2025-12-05 01:00:00,3,12,12291,1,1,1,6,"Lieu-Dit La Graillerie, D153",44.194901,3.067197
202300024079,25,1,2023,2025-12-05 20:30:00,5,77,77371,2,1,1,6,D216,48.819827,3.014833
202300024080,8,3,2023,2025-12-05 09:45:00,1,75,75114,2,2,8,1,Boulevard Brune,48.823042,2.325488
202300024081,26,1,2023,2025-12-05 15:00:00,1,76,76540,1,1,1,3,A150,49.451,1.05729
202300024082,27,5,2023,2025-12-05 22:01:00,5,75,75118,2,1,1,3,Rue Stephenson,48.889595,2.355907
202300024083,25,1,2023,2025-12-05 19:50:00,5,74,74133,2,9,1,4,Industrie (Rue De L'),46.18528,6.21905
202300024084,1,8,2023,2025-12-05 16:40:00,1,42,42273,1,2,1,3,Route De Marchangy,46.179518,4.121611
202300024085,25,1,2023,2025-12-05 08:37:00,5,72,72181,2,3,1,3,Mac Jean (Av) Ndeg Imp 107 Et Plus,47.98066,0.22004
202300024086,23,1,2023,2025-12-05 18:28:00,3,71,71445,1,1,1,5,Rd673,46.78384,4.8884
202300024087,9,3,2023,2025-12-05 09:25:00,1,75,75113,2,3,1,3,Rue Jean Antoine De Baif,48.82806877,2.3848325
202300024088,27,5,2023,2025-12-05 17:00:00,1,75,75112,2,1,1,2,Rue Du Faubourg Saint Antoine,48.850309,2.382764
202300024089,26,1,2023,2025-12-05 07:30:00,5,66,66136,2,3,1,6,Richepin (Jean),42.70497,2.89055
202300024090,6,8,2023,2025-12-05 14:15:00,1,42,42011,2,3,1,3,Rue Du 11 Novembre,45.81840678,4.18426126
202300024091,25,1,2023,2025-12-05 17:10:00,1,66,66136,2,3,1,3,Adresse_Inconnue,42.7246,2.88716
202300024092,26,1,2023,2025-12-05 23:36:00,5,65,65440,2,1,8,6,Avenue Du Regiment De Bigorre,43.232319,0.072668
202300024093,26,1,2023,2025-12-05 17:55:00,2,64,64445,2,1,1,3,Rue Nogue,43.29934,-0.3712
202300024094,9,3,2023,2025-12-05 20:15:00,5,75,75112,2,2,2,6,Boulevard Diderot,48.846756,2.381771
202300024095,26,1,2023,2025-12-05 08:39:00,1,64,64445,2,6,2,6,Rond Point Francois Mitterand,43.33043,-0.35559
202300024096,4,8,2023,2025-12-05 16:45:00,1,42,42302,1,1,1,2,Chemin De La Buanderie,45.483244,4.459832
202300024097,26,1,2023,2025-12-05 13:20:00,1,64,64125,2,1,1,6,Rue Erretegia,43.44135188,-1.58819094
202300024098,26,1,2023,2025-12-05 19:05:00,5,61,61001,2,1,1,3,D112,48.43829,0.08651
202300024099,9,3,2023,2025-12-05 00:05:00,5,75,75112,2,2,2,6,Avenue Daumesnil,48.841114,2.389032
202300024100,4,8,2023,2025-12-05 21:30:00,2,47,47252,2,1,1,6,Av Jacques Bordeneuve,44.395075,0.586288
202300024101,26,1,2023,2025-12-05 22:32:00,5,60,60057,2,2,1,3,Rue De Clermont,49.43364,2.09345
202300024102,26,1,2023,2025-12-05 14:40:00,1,59,59378,2,9,1,6,Chateaux Rue Des,50.65477,3.11201
202300024103,25,1,2023,2025-12-05 17:25:00,2,58,58194,2,1,1,7,Petit Mouesse,46.98881,3.17267
202300024104,27,5,2023,2025-12-05 06:20:00,1,75,75108,2,2,1,1,Avenue De Friedland,48.87398549,2.29727983
202300024105,7,8,2023,2025-12-05 15:50:00,1,41,41256,1,1,1,7,La Veve,47.326898,2.017493
202300024106,26,1,2023,2025-12-05 15:30:00,1,54,54167,1,1,1,6,Rd400,48.676366,5.926802
202300024107,9,3,2023,2025-12-05 09:15:00,1,75,75111,2,3,8,3,Boulevard Richard Lenoir,48.85545165,2.37047732
202300024108,25,1,2023,2025-12-05 12:35:00,1,54,54395,2,3,1,2,Boulevard Du 26E Regiment D'Infanterie,48.69879,6.18769
202300024109,27,5,2023,2025-12-05 17:15:00,1,94,94043,2,1,1,3,Avenue De Fontainebleau,48.81413,2.36109
202300024110,24,1,2023,2025-12-05 17:10:00,1,49,49099,2,3,8,3,Calins (Avenue Des),47.05993,-0.87327
202300024111,25,1,2023,2025-12-05 07:58:00,3,49,49007,2,6,1,3,Visitation Place,47.46657,-0.55709
202300024112,27,5,2023,2025-12-05 14:40:00,1,94,94043,2,1,1,3,1 Boulevard Chastenet De Gery,48.807737,2.357248
202300024113,3,8,2023,2025-12-05 18:25:00,1,41,41181,1,2,3,3,D976,47.321433,1.292961
202300024114,26,1,2023,2025-12-05 08:20:00,2,45,45232,2,3,2,6,405 Rue Du General De Gaulle,47.86583,1.89632
202300024115,8,3,2023,2025-12-05 21:50:00,5,75,75110,2,2,2,3,Rue La Fayette,48.88062,2.36203
202300024116,26,1,2023,2025-12-05 03:30:00,5,37,37261,2,2,1,6,Mirabeau (Rue),47.39756,0.6993
202300024117,27,5,2023,2025-12-05 14:30:00,1,94,94041,2,2,1,6,Rue Lenine,48.81663419,2.39525422
202300024118,6,8,2023,2025-12-05 02:25:00,3,41,41110,1,1,1,7,Route De Romorantin,47.294272,1.817282
202300024119,19,1,2023,2025-12-05 10:32:00,1,35,35288,2,2,1,3,Portes Cartiers (Lieu Dit Les),48.66261,-1.98333
202300024120,26,1,2023,2025-12-05 13:50:00,1,35,35115,2,1,1,6,Pasteur (Rue),48.35035931,-1.19659647
202300024121,26,1,2023,2025-12-05 01:00:00,5,33,33063,2,3,1,3,Rue De La Faiencerie,44.86358,-0.55943
202300024122,4,3,2023,2025-12-05 04:30:00,5,75,75104,2,2,1,3,Rue Crillon,48.849507,2.365649
202300024123,3,8,2023,2025-12-05 11:50:00,1,34,34251,1,1,1,7,D25,43.771545,3.384266
202300024124,24,1,2023,2025-12-05 20:10:00,3,31,31555,1,9,1,2,A621 (Sept Deniers-Ancely),43.6241,1.4178
202300024125,27,5,2023,2025-12-05 10:55:00,1,93,93078,2,2,1,3,Avenue De La Gare / Avenue Edouard Branly,48.94666,2.56358
202300024126,25,1,2023,2025-12-05 06:15:00,5,29,29019,2,6,1,2,Rond Point De Pen Ar Ch'Leuz,48.415321,-4.479751
202300024127,8,3,2023,2025-12-05 12:26:00,1,75,75109,2,1,2,6,Rue De Chateaudun,48.87623,2.334779
202300024128,2,8,2023,2025-12-05 10:50:00,1,34,34074,2,1,1,1,Chemin Du Moulin Neuf,43.451638,3.05061
202300024129,8,2,2023,2025-12-05 01:00:00,5,93,93010,2,1,1,6,Rue Baudin,48.89851895,2.47305907
202300024130,9,3,2023,2025-12-05 09:30:00,1,75,75108,2,2,8,3,Place De La Concorde,48.866782,2.322097
202300024131,26,1,2023,2025-12-05 08:48:00,1,21,21231,2,1,8,1,2 Boulevard De L'Ouest,47.32336328,5.01840243
202300024132,5,8,2023,2025-12-05 15:00:00,1,68,68082,2,2,1,2,D2,47.867653,7.34892
202300024133,14,11,2023,2025-12-05 08:40:00,1,75,75118,2,2,8,3,Boulevard Barbes,48.888352,2.349584
202300024134,8,3,2023,2025-12-05 09:10:00,1,75,75101,2,1,2,7,Voie Georges Pompidou,48.85668,2.34835
202300024135,24,1,2023,2025-12-05 17:10:00,1,19,19031,2,1,1,6,Brune (Boulevard),45.15323,1.5362
202300024136,26,5,2023,2025-12-05 17:10:00,1,93,93027,2,1,1,2,Rue De La Convention,48.92775,2.3916
202300024137,2,8,2023,2025-12-05 17:20:00,1,22,22015,1,1,1,3,Le Rocher,48.397083,-2.567292
202300024138,24,1,2023,2025-12-05 08:45:00,1,19,19031,2,6,1,3,Alvitre (Avenue Abbe),45.15237863,1.50484264
202300024139,15,11,2023,2025-12-05 03:35:00,5,75,75117,2,7,1,6,Place Du Marechal Juin,48.884916,2.297937
202300024140,7,3,2023,2025-12-05 21:40:00,5,75,75101,2,3,2,6,Pont Neuf,48.856868,2.341219
202300024141,26,5,2023,2025-12-05 16:30:00,1,92,92076,2,1,1,6,Chasse Royale,48.83483721,2.14630097
202300024142,6,8,2023,2025-12-05 16:10:00,1,39,39202,1,2,3,3,Adresse_Inconnue,46.925725,5.969337
202300024143,26,1,2023,2025-12-05 10:00:00,1,13,13117,2,9,1,4,Padovani ( Ave ),43.43609,5.25822
202300024144,9,3,2023,2025-12-05 21:01:00,5,94,94041,2,3,2,6,Rue Robespierre / Rue Lucien Selva,48.80988962,2.38508427
202300024145,15,11,2023,2025-12-05 00:40:00,5,75,75116,2,2,1,3,Avenue De Neuilly,48.87867,2.280067
202300024146,27,5,2023,2025-12-05 11:49:00,1,92,92048,2,4,1,2,Larris (Rue Des),48.80875623,2.24462762
202300024147,26,1,2023,2025-12-05 02:10:00,5,13,13103,2,6,1,7,Rn 113,43.61726,5.09539
202300024148,8,3,2023,2025-12-05 20:20:00,5,94,94041,2,1,2,1,Rue Barbes,48.81804864,2.37390661
202300024149,5,8,2023,2025-12-05 22:05:00,3,39,39019,1,2,1,3,Adresse_Inconnue,46.945925,5.781185
202300024150,15,11,2023,2025-12-05 07:40:00,1,75,75115,2,2,1,7,Avenue De Suffren,48.851171,2.300936
202300024151,26,1,2023,2025-12-05 18:20:00,5,13,13208,2,1,1,6,Paradis (Rue),43.27142,5.38599
202300024152,8,3,2023,2025-12-05 17:10:00,1,94,94041,2,1,2,6,Avenue Maurice Thorez,48.81727,2.37598
202300024153,27,5,2023,2025-12-05 16:15:00,1,92,92044,2,2,1,3,Trezel(Rue)15A29 Et 12A24,48.89527,2.29493
202300024154,15,11,2023,2025-12-05 14:15:00,1,75,75114,2,1,1,6,Boulevard Jourdan,48.820212,2.33868
202300024155,26,1,2023,2025-12-05 12:10:00,1,13,13215,2,1,1,1,Fortune Chaillan (Rue),43.36299,5.3606
202300024156,9,3,2023,2025-12-05 16:45:00,1,94,94048,2,2,2,3,Avenue De La Belle Image / Rue Des Orfevres,48.73595,2.55003
202300024157,6,8,2023,2025-12-05 16:10:00,1,25,25074,1,1,2,1,Pk 2 D41,47.183478,6.704696
202300024158,27,5,2023,2025-12-05 15:49:00,1,92,92025,2,1,1,6,Bellevue (Rue De),48.919528,2.237271
202300024159,26,1,2023,2025-12-05 22:05:00,5,13,13004,2,1,1,2,Rue Gambetta,43.67532988,4.62497324
202300024160,14,11,2023,2025-12-05 20:05:00,5,75,75104,2,3,8,3,Boulevard Beaumarchais,48.854812,2.368732
202300024161,9,3,2023,2025-12-05 13:30:00,1,93,93066,2,7,1,6,Place Stephane Mallarme,48.940474,2.357519
202300024162,5,8,2023,2025-12-05 18:05:00,1,25,25403,1,4,1,7,Le Rondot,47.027017,6.619027
202300024163,26,5,2023,2025-12-05 23:48:00,5,92,92007,2,2,1,7,Petit (Avenue Albert) Ndeg 39 A Fin,48.796279,2.32175
202300024164,25,1,2023,2025-12-05 22:45:00,3,11,11069,1,1,1,2,Rocade Nord - Rd 6113,43.22985,2.32614
202300024165,15,11,2023,2025-12-05 18:10:00,5,75,75109,2,1,1,6,Rue De Chateaudun,48.876251,2.3342
202300024166,4,8,2023,2025-12-05 05:00:00,3,25,25162,1,1,1,6,Rue De Saint Vit,47.225266,5.809278
202300024167,9,3,2023,2025-12-05 18:30:00,2,93,93046,2,2,2,6,Av Du Consul General Nordling / Av Du Pdt J Fitzgerald Kennedy,48.91655249,2.53152788
202300024168,26,1,2023,2025-12-05 07:57:00,5,10,10387,2,1,9,6,Georges Pompidou (Rue),48.2869,4.0785
202300024169,28,5,2023,2025-12-05 16:00:00,1,2A,2A348,2,1,1,2,Route Departementale 70,42.12606834,8.70370388
202300024170,15,11,2023,2025-12-05 09:25:00,1,75,75107,2,2,1,3,Quai D Orsay,48.862828,2.313466
202300024171,4,8,2023,2025-12-05 23:00:00,5,44,44018,2,6,1,2,68Bis Rue De Nantes,47.1442225,-1.68693244
202300024172,25,1,2023,2025-12-05 14:40:00,1,10,10387,2,2,1,3,Paix (Rue De La),48.309,4.061
202300024173,9,3,2023,2025-12-05 00:20:00,5,93,93074,2,1,2,2,Rue De Meaux,48.93515774,2.57052451
202300024174,27,5,2023,2025-12-05 20:50:00,2,1,1045,1,2,1,3,D2,45.963397,5.040541
202300024175,25,1,2023,2025-12-05 10:54:00,1,10,10387,2,1,8,6,Emile Zola (Rue),48.29615658,4.07409847
202300024176,15,11,2023,2025-12-05 07:40:00,1,75,75104,2,2,1,6,Rue Saint Antoine,48.855355,2.359587
202300024177,9,3,2023,2025-12-05 18:05:00,5,93,93061,2,2,3,6,Avenue Du Belvedere / Avenue Rene Fonck,48.88048833,2.4083671
202300024178,5,8,2023,2025-12-05 11:00:00,1,44,44029,1,2,2,3,6Bis L'Esperance,47.27575269,-1.30465329
202300024179,26,1,2023,2025-12-05 21:57:00,5,6,6088,2,1,1,6,Massena (Place),43.69673,7.27066
202300024180,28,5,2023,2025-12-05 17:30:00,1,86,86096,2,1,1,7,Rue De La Garenne,46.810701,0.309929
202300024181,4,8,2023,2025-12-05 19:12:00,1,44,44087,1,1,1,6,Adresse_Inconnue,47.02283634,-1.81196094
202300024182,9,3,2023,2025-12-05 21:05:00,5,93,93027,2,2,3,6,Avenue Marcel Cachin / Rue Chabrol,48.92931,2.39659
202300024183,26,1,2023,2025-12-05 16:15:00,1,75,75113,2,4,2,3,Quai D Ivry,48.823637,2.382249
202300024184,14,11,2023,2025-12-05 22:01:00,5,94,94068,2,2,2,3,Avenue Pierre Semard,48.802594,2.51158
202300024185,5,8,2023,2025-12-05 18:30:00,1,44,44015,1,1,1,1,La Havardais,47.436695,-1.757169
202300024186,28,5,2023,2025-12-05 02:50:00,3,85,85223,1,1,1,6,"Autoroute A83, Pk076+500, Sortie 7, Sens Nantes / Niort",46.5381,-1.07999
202300024187,9,3,2023,2025-12-05 08:10:00,1,92,92072,2,1,1,1,Grande Rue,48.82422,2.21254
202300024188,24,1,2023,2025-12-05 22:30:00,5,75,75120,2,1,1,3,Porte De Bagnolet,48.860823,2.413832
202300024189,14,11,2023,2025-12-05 19:10:00,5,94,94015,2,1,2,1,Quai Louis Ferber,48.831345,2.516776
202300024190,23,1,2023,2025-12-05 12:35:00,1,75,75116,2,1,1,3,Porte De Passy,48.860277,2.263373
202300024191,8,3,2023,2025-12-05 12:30:00,1,92,92072,2,1,2,2,Grande Rue,48.82438427,2.21300751
202300024192,28,5,2023,2025-12-05 07:35:00,1,2,2776,1,1,1,2,A26,50.001025,3.179465
202300024193,4,8,2023,2025-12-05 19:00:00,2,35,35263,1,3,1,2,La Petite Vallee,48.66764,-1.946125
202300024194,9,3,2023,2025-12-05 20:25:00,5,92,92064,2,4,1,6,Dailly,48.841765,2.22165
202300024195,5,8,2023,2025-12-05 12:15:00,1,29,29277,2,1,2,7,Route De Locmelar,48.410921,-4.077542
202300024196,15,11,2023,2025-12-05 09:01:00,1,94,94016,2,4,1,2,Rue Gabriel Peri,48.79638,2.34324
202300024197,25,1,2023,2025-12-05 16:42:00,1,75,75112,2,1,1,6,Avenue Daumesnil,48.837436,2.401459