num_acc,jour,mois,an,hrmn,lum,dep,com,agg,int,atm,col,adr,lat,long
202300024429,6,3,2023,2025-12-05 11:49:00,1,77,77053,2,1,1,6,Rue Gustave Eiffel,48.70263,2.60145
202300024430,25,1,2023,2025-12-05 18:00:00,3,94,94069,1,1,5,3,A86,48.81694401,2.45457186
202300024431,15,11,2023,2025-12-05 09:10:00,1,69,69091,1,1,1,2,Autoroute 47,45.57915127,4.73129142
202300024432,28,5,2023,2025-12-05 02:20:00,5,68,68262,2,1,1,6,15 Route Nationale,47.880597,7.011591
202300024433,8,3,2023,2025-12-05 16:20:00,1,973,97302,2,1,1,3,Montabo (Route De) 1,4.93805,-52.299
202300024434,25,1,2023,2025-12-05 08:15:00,5,62,62826,2,2,8,6,Allee,50.492881,1.608521
202300024435,8,3,2023,2025-12-05 15:20:00,1,973,97302,2,1,1,6,Cabassou (Route De),4.91982776,-52.31931245
202300024436,24,1,2023,2025-12-05 14:50:00,1,33,33119,2,2,8,6,Avenue Jean Zay,44.85344134,-0.50596386
202300024437,27,5,2023,2025-12-05 19:15:00,1,57,57482,1,3,1,1,D4,49.10201331,6.31143093
202300024438,23,1,2023,2025-12-05 15:10:00,1,29,29019,2,1,1,6,Rue De Kermenguy,48.402782,-4.501477
202300024439,8,3,2023,2025-12-05 05:30:00,2,972,97213,2,3,1,3,Route Departementale 3,14.618,-60.996
202300024440,23,1,2023,2025-12-05 04:30:00,3,974,97416,2,1,8,6,Entre Deux(Route De L'),-21.2948,55.44638
202300024441,28,5,2023,2025-12-05 07:35:00,1,73,73316,1,3,1,6,D925,45.485909,6.145794
202300024442,8,3,2023,2025-12-05 00:40:00,5,972,97209,1,9,1,3,Rd 41,14.61537,-61.06193
202300024443,25,1,2023,2025-12-05 12:00:00,1,974,97411,2,3,2,3,Tourette (Rue),-20.8887,55.44639
202300024444,13,11,2023,2025-12-05 07:30:00,1,54,54312,1,1,8,5,Autoroute A 31,48.936569,6.112245
202300024445,27,5,2023,2025-12-05 09:45:00,1,38,38236,2,3,1,7,Chemin Du Verney,45.404846,5.692007
202300024446,8,3,2023,2025-12-05 09:55:00,1,69,69389,2,3,8,6,Avenue De Champagne,45.7893789,4.79332973
202300024447,23,1,2023,2025-12-05 11:20:00,1,974,97411,2,9,2,3,Leconte De Lisle (Avenue),-20.89254,55.48329
202300024448,27,5,2023,2025-12-05 16:40:00,1,38,38442,1,1,1,6,Rd 520 B 38380,45.349915,5.770424
202300024449,24,1,2023,2025-12-05 23:00:00,3,974,97407,2,9,2,6,Route Du Sacre Coeur,-20.95799,55.31738
202300024450,8,3,2023,2025-12-05 19:00:00,5,971,97113,2,9,1,3,Section Leroux,16.24257061,-61.47387028
202300024451,27,5,2023,2025-12-05 19:10:00,1,26,26307,1,1,1,7,Adresse_Inconnue,45.014058,5.250628
202300024452,15,11,2023,2025-12-05 18:55:00,3,33,33075,1,1,1,2,Rocade A 630,44.88461546,-0.62193453
202300024453,26,1,2023,2025-12-05 00:10:00,5,69,69387,2,1,1,7,169 Grande Rue De La Guillotiere,45.74995736,4.85158579
202300024454,8,3,2023,2025-12-05 09:10:00,1,95,95210,2,1,2,3,Rue Du Depart,48.974169,2.305574
202300024455,27,5,2023,2025-12-05 19:10:00,1,7,7133,1,1,1,6,Route D'Ellieux,44.452225,4.610782
202300024456,24,1,2023,2025-12-05 07:50:00,1,972,97209,2,9,1,6,Chevalier De Sainte-Marthe (Bld),14.603924,-61.065717
202300024457,24,5,2023,2025-12-05 16:00:00,1,31,31395,2,1,1,6,Chemin De Bourdaya,43.459004,1.332497
202300024458,15,11,2023,2025-12-05 14:15:00,1,33,33550,1,1,1,4,Rocade A 630,44.78610578,-0.54146558
202300024459,21,1,2023,2025-12-05 23:10:00,5,69,69034,2,3,2,3,Quai Clemenceau,45.79434,4.82781
202300024460,8,3,2023,2025-12-05 10:30:00,1,91,91514,2,6,2,3,Rte De Brunoy,48.67817,2.5271
202300024461,27,5,2023,2025-12-05 16:50:00,1,33,33238,2,9,1,1,27 Chemin De Jacquin,44.744304,-0.58395
202300024462,15,11,2023,2025-12-05 09:08:00,1,33,33550,1,1,1,6,Rocade A 630,44.77812502,-0.55844933
202300024463,25,1,2023,2025-12-05 12:40:00,1,971,97101,2,1,1,6,Marechal Leclerc,16.25543,-61.53056
202300024464,27,5,2023,2025-12-05 09:45:00,1,49,49138,1,1,1,3,Lieu Dit Les Gats Route De Longue,47.432881,-0.149152
202300024465,7,3,2023,2025-12-05 23:41:00,5,87,87085,2,2,1,3,Labussiere (Avenue Emile),45.84235,1.25517
202300024466,14,11,2023,2025-12-05 15:21:00,1,59,59447,1,1,3,6,Autoroute A2,50.37453,3.60512
202300024467,27,5,2023,2025-12-05 16:10:00,1,22,22260,1,1,1,5,Lohan,48.237465,-2.900058
202300024468,15,11,2023,2025-12-05 13:00:00,1,94,94076,1,1,1,2,A6B,48.7908173,2.34457243
202300024469,24,1,2023,2025-12-05 12:03:00,1,91,91692,2,1,8,4,Saintonge(Avenue De),48.679656,2.162839
202300024470,15,11,2023,2025-12-05 10:05:00,1,91,91521,1,1,1,2,Autoroute A6,48.6373,2.3993
202300024471,27,5,2023,2025-12-05 15:55:00,1,76,76024,1,1,1,2,Lieu Dit Beau Regard,49.753698,1.261904
202300024472,18,1,2023,2025-12-05 17:50:00,5,91,91174,2,1,1,6,Av Du 8 Mai 1945,48.61138,2.46126
202300024473,18,1,2023,2025-12-05 11:35:00,1,91,91228,2,1,1,6,Av Fragonard,48.62977,2.45162
202300024474,15,11,2023,2025-12-05 08:50:00,1,91,91689,1,1,1,3,Autoroute A6B,48.74849,2.3267
202300024475,28,5,2023,2025-12-05 08:05:00,1,2,2290,2,1,1,6,Adresse_Inconnue,49.046546,3.35274
202300024476,8,3,2023,2025-12-05 19:20:00,5,77,77449,2,2,2,1,D344,48.85383105,2.77364032
202300024477,17,1,2023,2025-12-05 18:10:00,5,91,91228,2,2,2,6,Mitterand (Bd Francois),48.62484,2.42687
202300024478,8,3,2023,2025-12-05 20:05:00,5,77,77186,2,1,3,6,Cascades (Avenue Des),48.40061,2.70741
202300024479,28,5,2023,2025-12-05 15:20:00,1,62,62318,2,2,7,3,Avenue Du Mont Levin,50.519068,1.646791
202300024480,14,11,2023,2025-12-05 19:00:00,3,92,92036,1,1,1,2,A86,48.93576409,2.28722247
202300024481,17,1,2023,2025-12-05 21:13:00,5,91,91521,2,1,1,2,Plat (Rue Auguste),48.64557,2.40432
202300024482,8,3,2023,2025-12-05 19:30:00,5,76,76540,2,4,2,6,Avenue Jean Rondeaux,49.428405,1.070861
202300024483,13,11,2023,2025-12-05 11:25:00,1,78,78043,1,1,2,6,A12 Y,48.84122,2.093842
202300024484,27,5,2023,2025-12-05 04:58:00,3,13,13211,1,1,1,2,A50-Sens Aubagne Vers Marseille,43.289403,5.442337
202300024485,13,9,2023,2025-12-05 16:00:00,1,84,84003,2,3,1,3,Quai General Leclerc,43.876304,5.399861
202300024486,15,11,2023,2025-12-05 18:15:00,5,77,77372,1,1,1,2,A104,48.87593751,2.66912639
202300024487,26,5,2023,2025-12-05 17:15:00,1,13,13005,1,1,1,2,A50-Sens Marseille Vers Aubagne,43.28568759,5.53017212
202300024488,8,3,2023,2025-12-05 13:30:00,1,76,76217,2,3,1,3,Canadiens (Avenue Des)  Rd925,49.91364,1.0751
202300024489,13,9,2023,2025-12-05 02:00:00,3,84,84054,1,1,1,6,Route De Caumont,43.911931,5.034184
202300024490,28,6,2023,2025-12-05 17:05:00,1,91,91044,2,1,1,2,60 Avenue De La Division Leclerc,48.664252,2.277724
202300024491,27,5,2023,2025-12-05 08:45:00,1,38,38184,1,1,1,2,A43,45.65922,5.07616
202300024492,7,3,2023,2025-12-05 11:35:00,1,72,72181,2,1,1,2,Voltaire (Rue) Ndeg Imp 1 A 113,48.011511,0.197993
202300024493,12,9,2023,2025-12-05 12:05:00,1,84,84119,2,6,1,1,Avenue De La Retanque,43.956889,4.93085
202300024494,23,5,2023,2025-12-05 14:35:00,1,69,69389,1,1,1,2,Route De Metropole 6,45.76698,4.79729
202300024495,25,5,2023,2025-12-05 02:05:00,5,91,91521,2,3,1,3,Fromont (Rue De),48.65809,2.4118
202300024496,8,3,2023,2025-12-05 03:30:00,5,69,69259,2,9,1,3,Rue President Edouard Herriot,45.69521,4.87649
202300024497,12,9,2023,2025-12-05 19:20:00,1,83,83081,1,3,1,3,Route Departementale 562,43.605763,6.766362
202300024498,27,5,2023,2025-12-05 18:55:00,1,94,94034,1,1,1,2,A86,48.75979435,2.32184781
202300024499,24,5,2023,2025-12-05 14:12:00,1,91,91249,1,1,1,7,A10,48.602084,2.067978
202300024500,8,3,2023,2025-12-05 10:00:00,1,67,67482,2,1,1,3,Victoire (Boulevard De La),48.582288,7.765292
202300024501,13,9,2023,2025-12-05 13:25:00,1,52,52276,1,1,1,1,Voie Communale 3,48.092807,5.211596
202300024502,27,5,2023,2025-12-05 19:00:00,1,91,91434,1,1,1,4,Autoroute A6,48.66806,2.35617
202300024503,8,3,2023,2025-12-05 11:25:00,1,64,64348,2,1,1,3,Chenes Des,43.32645,-0.38912
202300024504,16,8,2023,2025-12-05 22:30:00,3,74,74063,1,1,1,7,D 228 A,46.22863,6.79101
202300024505,26,5,2023,2025-12-05 19:45:00,1,94,94016,1,1,1,3,A6B,48.79696969,2.34384666
202300024506,8,3,2023,2025-12-05 15:40:00,1,59,59512,2,1,2,3,Lebas (Avenue Jean),50.69256,3.17092
202300024507,8,3,2023,2025-12-05 10:20:00,1,54,54395,2,2,1,6,Saint Georges (Rue),48.69228,6.18714
202300024508,27,5,2023,2025-12-05 18:22:00,1,92,92036,1,1,1,2,A86,48.93370714,2.2742219
202300024509,13,9,2023,2025-12-05 10:18:00,1,54,54229,2,2,8,3,Grande Rue,48.47401842,6.69182181
202300024510,18,8,2023,2025-12-05 17:08:00,1,74,74281,2,4,1,1,Ripaille (Quai De),46.386134,6.483629
202300024511,27,5,2023,2025-12-05 08:50:00,1,95,95252,1,1,1,6,A15,48.9864,2.21139
202300024512,7,3,2023,2025-12-05 19:30:00,5,54,54395,2,9,1,6,Collignon (Avenue Et Pont),48.68985,6.20317
202300024513,12,9,2023,2025-12-05 16:36:00,1,69,69094,1,1,1,6,4 Route Des Pierres Blanches,45.750017,4.696269
202300024514,26,5,2023,2025-12-05 22:19:00,3,95,95277,1,1,1,6,A3,48.97287,2.48507
202300024515,9,9,2023,2025-12-05 10:30:00,1,69,69067,1,1,7,6,Route Departementale 50E,45.749551,4.562448
202300024516,7,3,2023,2025-12-05 12:30:00,1,54,54439,2,1,1,6,Route De Seichamps,48.706142,6.261041
202300024517,26,5,2023,2025-12-05 13:05:00,1,93,93005,1,1,1,2,Autoroute A3,48.94598218,2.47643491
202300024518,8,3,2023,2025-12-05 16:55:00,1,51,51454,2,2,2,3,Rue De Courlancy,49.247,4.01585
202300024519,4,9,2023,2025-12-05 21:53:00,3,33,33284,1,1,1,6,D216,44.586739,-0.946128
202300024520,8,3,2023,2025-12-05 08:50:00,1,51,51454,2,1,2,6,Rue Chretien De Troyes,49.21181,4.01774
202300024521,13,9,2023,2025-12-05 07:00:00,2,49,49020,1,1,1,6,D56,47.483243,-0.633634
202300024522,30,8,2023,2025-12-05 12:20:00,1,74,74099,2,6,1,6,Route De Sallanches,45.877824,6.636881
202300024523,8,3,2023,2025-12-05 07:40:00,1,51,51454,2,1,2,6,Rue De Contrai,49.25104,4.03521
202300024524,27,5,2023,2025-12-05 12:25:00,1,77,77450,1,1,1,4,Rn104,48.717286,2.599318
202300024525,12,9,2023,2025-12-05 21:50:00,5,60,60462,2,1,2,2,Rue De Calais,49.33312284,2.19869471
202300024526,8,3,2023,2025-12-05 05:40:00,5,51,51454,2,1,2,6,Avenue De Champagne,49.21937651,4.0209572
202300024527,6,3,2023,2025-12-05 13:50:00,1,51,51454,2,1,1,6,Rue De Mulhouse,49.24503,4.01696
202300024528,12,9,2023,2025-12-05 18:10:00,1,13,13071,1,1,1,3,A55 - Sens Marseille Vers Martigues,43.39721579,5.28706226
202300024529,12,8,2023,2025-12-05 13:00:00,1,74,74263,2,3,1,1,634 Avenue De Bonnatrait,46.33341,6.387643
202300024530,26,5,2023,2025-12-05 20:00:00,1,77,77294,1,1,1,4,A104,48.965351,2.608798
202300024531,7,3,2023,2025-12-05 17:30:00,1,50,50129,2,3,2,3,Prairies (Avenue Des),49.64055,-1.58041
202300024532,26,5,2023,2025-12-05 14:40:00,1,72,72181,2,1,1,6,Maillets (Rue Des) Imp 1 A 29,48.01238,0.20592
202300024533,25,8,2023,2025-12-05 20:00:00,2,74,74001,1,1,1,6,1644 Route De Richebourg,46.286642,6.743885
202300024534,12,9,2023,2025-12-05 10:05:00,1,13,13070,1,1,1,2,A50-Sens Aubagne Vers Marseille,43.28584555,5.51204403
202300024535,4,3,2023,2025-12-05 19:30:00,5,50,50129,2,2,1,1,Lemonnier (Avenue Amiral),49.63441,-1.60231
202300024536,12,9,2023,2025-12-05 11:35:00,1,13,13005,1,1,1,3,A50 - Sens Aubagne Vers Marseille,43.2836038,5.57425215
202300024537,23,2,2023,2025-12-05 17:15:00,1,73,73011,2,6,1,3,Sainte Therese (Avenue),45.66703,6.38151
202300024538,8,3,2023,2025-12-05 16:50:00,1,45,45302,2,6,2,2,20 Rue Du Bourg,47.95104,1.88067
202300024539,20,8,2023,2025-12-05 12:15:00,1,74,74082,1,2,7,1,961 Route De La Croisette,46.136965,6.161302
202300024540,12,9,2023,2025-12-05 07:15:00,1,13,13005,1,1,1,3,A50-Sens Aubagne Vers Marseille,43.28497689,5.57087403
202300024541,26,5,2023,2025-12-05 16:25:00,1,973,97302,2,1,1,3,Baduel (Route De),4.93681,-52.31477
202300024542,8,3,2023,2025-12-05 08:53:00,1,45,45004,2,1,2,3,1356 Avenue D'Antibes,47.97500918,2.73341453
202300024543,25,8,2023,2025-12-05 16:40:00,1,74,74007,1,9,1,1,D1203,46.070222,6.321044
202300024544,11,9,2023,2025-12-05 17:00:00,1,13,13071,1,1,1,2,A7-Sens Marseille Vers Lyon,43.40439894,5.31594824
202300024545,26,5,2023,2025-12-05 14:00:00,1,69,69386,2,2,1,1,Rue Sully,45.7711,4.8485
202300024546,8,3,2023,2025-12-05 20:30:00,5,38,38185,2,2,2,6,Rue Raspail,45.18268,5.7097
202300024547,25,8,2023,2025-12-05 16:40:00,1,74,74042,2,1,1,6,61 Rue Des Grebes Huppes,46.072963,6.42028
202300024548,12,9,2023,2025-12-05 18:20:00,1,83,83137,1,1,1,6,A50,43.12632894,5.8870976
202300024549,8,3,2023,2025-12-05 15:40:00,1,38,38185,2,1,8,3,Rue De Stalingrad,45.17147,5.72414
202300024550,9,8,2023,2025-12-05 15:38:00,1,74,74096,1,1,1,7,Rd1201,46.023943,6.101918
202300024551,12,9,2023,2025-12-05 09:30:00,1,83,83137,2,1,1,2,A57,43.13206649,5.98119387
202300024552,26,5,2023,2025-12-05 17:30:00,1,972,97213,1,1,1,5,Route Departementale 3,14.64645,-60.98954
202300024553,8,3,2023,2025-12-05 08:45:00,1,37,37261,2,2,2,3,Thales De Milet (Rue),47.42852,0.6903
202300024554,2,8,2023,2025-12-05 09:30:00,1,74,74033,1,1,1,7,Route Des Avanchy,46.352378,6.638939
202300024555,12,9,2023,2025-12-05 02:08:00,4,33,33122,1,1,2,6,Autoroute A 63,44.748723,-0.697644
202300024556,26,5,2023,2025-12-05 12:50:00,1,69,69389,2,1,1,3,39 Rue Louis Bouquet,45.79635,4.81974
202300024557,8,3,2023,2025-12-05 15:25:00,1,35,35238,2,1,1,6,Pottier (Eugene),48.10218566,-1.71201378
202300024558,10,9,2023,2025-12-05 20:00:00,1,62,62274,1,1,1,2,A1,50.43344,2.97836
202300024559,8,8,2023,2025-12-05 07:30:00,1,74,74001,1,3,1,3,Adresse_Inconnue,46.289308,6.747606
202300024560,26,5,2023,2025-12-05 07:55:00,1,69,69385,2,1,7,6,21 Rue Joliot Curie,45.75654969,4.79451618
202300024561,8,3,2023,2025-12-05 13:05:00,1,35,35051,2,1,2,1,Peupliers (Avenue Des),48.11208,-1.6122
202300024562,17,8,2023,2025-12-05 13:22:00,1,74,74063,2,1,1,6,139 Route De Vonnes,46.265958,6.841537
202300024563,26,5,2023,2025-12-05 15:45:00,1,971,97105,2,1,1,6,Victor Hugues (Rue),15.99706,-61.72245
202300024564,8,3,2023,2025-12-05 19:10:00,2,34,34172,2,2,1,3,925 Avenue Du Marche Gare,43.58327,3.88742
202300024565,30,7,2023,2025-12-05 14:15:00,1,74,74250,1,1,1,1,Route De Saint-Laurent,46.055387,6.368841
202300024566,26,5,2023,2025-12-05 15:40:00,1,95,95088,1,1,1,2,D170,48.97664,2.4302
202300024567,8,3,2023,2025-12-05 08:30:00,1,33,33318,2,6,2,6,Avenue Jean Bart,44.7816,-0.6774
202300024568,10,9,2023,2025-12-05 05:50:00,5,59,59386,1,1,1,2,Route Departementale 652,50.67063,3.03698
202300024569,29,7,2023,2025-12-05 18:10:00,1,74,74299,2,1,2,3,D909_,45.896908,6.164618
202300024570,8,3,2023,2025-12-05 20:15:00,5,31,31557,2,6,1,6,Bd Vincent Auriol,43.5871,1.34915
202300024571,12,9,2023,2025-12-05 16:50:00,1,91,91312,1,1,2,7,Rd 444,48.74585,2.22035
202300024572,26,7,2023,2025-12-05 13:00:00,1,74,74010,2,6,1,6,271 Route Des Creuses (Seynod),45.888656,6.076437
202300024573,12,9,2023,2025-12-05 14:25:00,1,91,91228,1,1,2,2,Autoroute A6,48.62661,2.41537
202300024574,20,7,2023,2025-12-05 23:30:00,3,74,74152,2,1,1,1,Route De Poisy,45.904421,6.041347
202300024575,26,5,2023,2025-12-05 09:30:00,1,91,91114,2,1,7,6,Rue De La Gare,48.69836,2.50486
202300024576,12,9,2023,2025-12-05 08:50:00,1,91,91161,1,1,1,3,Autoroute A6,48.70219,2.3081
202300024577,8,3,2023,2025-12-05 15:20:00,1,31,31483,2,6,1,3,D 5,43.09522,0.7365
202300024578,14,6,2023,2025-12-05 16:50:00,1,74,74040,1,1,1,2,Avenue Du Fer A Cheval_,46.166572,6.339481
202300024579,26,5,2023,2025-12-05 12:45:00,1,91,91027,1,1,1,3,Rte De Fontainebleau,48.71702,2.37083
202300024580,1,7,2023,2025-12-05 19:45:00,2,13,13003,1,1,1,2,D23,43.721986,5.129843
202300024581,12,9,2023,2025-12-05 18:20:00,1,95,95488,1,1,2,4,A15,49.01546,2.14514
202300024582,26,5,2023,2025-12-05 16:00:00,1,91,91223,2,6,1,6,Mai 1945 (Avenue Du 8),48.4373,2.16312
202300024583,11,9,2023,2025-12-05 17:20:00,1,92,92036,1,1,1,3,Autoroute A15,48.94647077,2.28241919
202300024584,14,11,2023,2025-12-05 08:00:00,1,974,97416,1,1,1,4,Rn3 (1),-21.30977,55.49729
202300024585,25,5,2023,2025-12-05 21:50:00,5,87,87085,1,1,1,2,Mauvendiere (Rue De La),45.83295,1.24893
202300024586,11,9,2023,2025-12-05 15:40:00,1,95,95572,1,1,1,6,A15,49.03091888,2.12129607
202300024587,14,11,2023,2025-12-05 07:00:00,1,974,97409,2,1,1,6,Mascareignes (Avenue Des),-20.93685,55.64688
202300024588,26,5,2023,2025-12-05 15:55:00,1,86,86194,2,1,1,7,Avenue De L'Europe,46.592153,0.348008
202300024589,14,11,2023,2025-12-05 06:50:00,1,974,97409,2,1,1,6,Cambuston (Rue De),-20.93221,55.64408
202300024590,12,9,2023,2025-12-05 17:20:00,1,75,75112,1,1,2,5,A4,48.818121,2.456369
202300024591,26,5,2023,2025-12-05 13:50:00,1,83,83137,2,1,1,3,Charcot (Quai Jean),43.1283,5.90052
202300024592,14,11,2023,2025-12-05 22:30:00,5,974,97407,2,1,1,6,Simon Pernic (Rue),-20.93465,55.31635
202300024593,12,9,2023,2025-12-05 15:30:00,1,94,94044,1,1,2,6,N406,48.75738975,2.47653199
202300024594,14,11,2023,2025-12-05 18:20:00,1,974,97407,2,1,2,6,Owens James,-20.93465,55.31635
202300024595,26,5,2023,2025-12-05 12:10:00,1,83,83137,2,2,1,3,Briand (Ave Aristide De 1221 A Fin,43.12561,5.89693
202300024596,11,9,2023,2025-12-05 12:45:00,1,75,75112,1,1,1,5,A4,48.819242,2.458531
202300024597,26,5,2023,2025-12-05 19:10:00,1,78,78498,2,1,1,2,Bon Roi Saint Louis Avenue,48.927511,2.025446
202300024598,11,9,2023,2025-12-05 02:30:00,3,94,94069,1,1,1,3,A4,48.81713893,2.44226193
202300024599,26,5,2023,2025-12-05 16:50:00,1,76,76540,2,2,1,6,Rue Saint Eloi,49.44043,1.08658
202300024600,10,9,2023,2025-12-05 03:45:00,3,94,94022,1,1,1,3,A86,48.7766716,2.41970908
202300024601,25,5,2023,2025-12-05 15:40:00,1,76,76351,2,6,1,7,Frissard (Quai),49.49157,0.13257
202300024602,14,11,2023,2025-12-05 20:10:00,1,973,97309,1,3,1,3,Troubiran (Chemin De),4.91516,-52.31068
202300024603,27,6,2023,2025-12-05 01:10:00,3,38,38276,2,6,1,7,D1085,45.562689,5.303577
202300024604,18,6,2023,2025-12-05 15:00:00,1,38,38197,1,1,5,2,Autoroute A432 - Pk 022+000 Sens Villefranche/Marseille,45.755278,5.091949
202300024605,18,6,2023,2025-12-05 10:45:00,1,38,38287,1,1,1,7,Route De La Margotiere,45.422346,5.472067
202300024606,14,11,2023,2025-12-05 14:30:00,1,973,97302,2,1,1,3,Zephir (Rocade),4.93877,-52.3059
202300024607,9,6,2023,2025-12-05 16:15:00,1,38,38357,2,2,2,3,Rue Gambetta,45.544321,5.533977
202300024608,19,4,2023,2025-12-05 15:55:00,1,62,62765,2,3,1,3,D209,50.75952,2.27916
202300024609,14,11,2023,2025-12-05 18:20:00,5,69,69388,2,2,2,1,Avenue General Frere,45.72685111,4.88542132
202300024610,12,4,2023,2025-12-05 12:57:00,1,62,62765,2,9,1,3,Rue Antoine De Saint Exupery,50.743551,2.255888
202300024611,12,7,2023,2025-12-05 07:10:00,1,74,74242,2,1,1,6,Route D?Albertville,45.833058,6.167651
202300024612,11,7,2023,2025-12-05 08:45:00,1,74,74173,2,9,1,6,Route Edmond De Rothschild,45.859913,6.630614
202300024613,9,7,2023,2025-12-05 04:50:00,3,74,74144,1,1,1,7,Route De Chez Cotin,46.0638,5.991422
202300024614,14,11,2023,2025-12-05 07:50:00,1,972,97213,2,1,1,3,Route Departementale 3,14.61754,-60.99509
202300024615,8,7,2023,2025-12-05 12:20:00,1,74,74238,1,1,1,3,Rd 902,46.247567,6.636257
202300024616,12,6,2023,2025-12-05 16:00:00,1,74,74238,2,3,1,3,Route Des Grandes Alpes,46.237431,6.6522
202300024617,14,11,2023,2025-12-05 21:40:00,5,69,69034,2,1,2,6,25 Montee Des Soldats,45.79727,4.85468
202300024618,5,6,2023,2025-12-05 15:30:00,1,74,74154,1,1,1,6,Rd 1005,46.40430435,6.66594469
202300024619,26,3,2023,2025-12-05 19:42:00,1,14,14209,1,2,1,3,1343 Rue Du Mont Flambe,49.275131,-0.821478
202300024620,14,11,2023,2025-12-05 14:45:00,1,69,69389,2,1,2,6,86 Rue De Saint-Cyr,45.78578,4.80793
202300024621,11,7,2023,2025-12-05 03:15:00,3,69,69295,1,1,1,2,Autoroute 42,45.60497,4.85957
202300024622,16,6,2023,2025-12-05 04:41:00,2,92,92051,1,1,1,6,N13,48.87949912,2.27714643
202300024623,11,9,2023,2025-12-05 08:50:00,1,75,75118,2,1,1,2,Porte De Clignancourt,48.900758,2.337189
202300024624,14,11,2023,2025-12-05 18:15:00,5,971,97113,2,9,1,2,Montauban (Secteur),16.21465,-61.50179
202300024625,11,9,2023,2025-12-05 08:20:00,1,75,75120,2,1,1,3,Porte De Bagnolet,48.862608,2.413553
202300024626,11,9,2023,2025-12-05 19:25:00,1,75,75105,2,2,1,6,Boulevard Saint Marcel,48.838654,2.357837
202300024627,11,9,2023,2025-12-05 14:05:00,1,75,75119,2,4,1,6,Quai De L Oise,48.890509,2.383128
202300024628,14,11,2023,2025-12-05 15:35:00,1,2A,2A004,1,1,1,4,T20,41.94156,8.80773
202300024629,19,12,2023,2025-12-05 18:00:00,5,72,72003,2,1,2,7,Paquerettes (Rue Des),47.97228,0.15871
202300024630,11,9,2023,2025-12-05 09:00:00,1,75,75119,2,1,1,1,Boulevard Macdonald,48.898859,2.378122
202300024631,11,9,2023,2025-12-05 13:00:00,1,75,75118,2,2,1,3,Porte De La Chapelle,48.898699,2.359358
202300024632,13,11,2023,2025-12-05 16:35:00,1,95,95680,2,1,2,6,D10,49.00754477,2.40146756
202300024633,19,12,2023,2025-12-05 18:01:00,5,72,72181,1,1,3,5,Lefaucheux Pierre (Bd),47.95477,0.17971
202300024634,11,9,2023,2025-12-05 12:00:00,1,75,75118,2,4,1,2,Rue Ramey,48.887075,2.347543
202300024635,16,10,2023,2025-12-05 19:00:00,5,95,95019,2,6,2,6,D208,48.985616,2.423
202300024636,11,9,2023,2025-12-05 14:20:00,1,75,75117,2,1,1,1,Boulevard Du Fort De Vaux,48.8927777,2.301732
202300024637,19,12,2023,2025-12-05 13:40:00,1,72,72181,2,1,1,1,Messiaen Olivier (Av) Impairs,48.01637,0.1472
202300024638,14,11,2023,2025-12-05 07:19:00,5,91,91216,2,1,8,1,Montagne (Rue),48.66719,2.31314
202300024639,11,9,2023,2025-12-05 10:15:00,1,75,75116,2,2,1,6,Avenue Victor Hugo,48.872972,2.293131
202300024640,19,12,2023,2025-12-05 20:25:00,5,69,69275,2,1,1,2,Rue Elisee Reclus,45.74807,4.93773
202300024641,13,11,2023,2025-12-05 19:45:00,4,91,91027,2,1,9,6,Av Jean Pierre Benard,48.7121,2.38
202300024642,11,9,2023,2025-12-05 17:31:00,1,75,75115,2,1,1,3,Boulevard Lefebvre,48.829227,2.298068
202300024643,10,9,2023,2025-12-05 00:10:00,5,75,75115,2,1,1,6,Port De Grenelle,48.851724,2.284339
202300024644,14,11,2023,2025-12-05 14:20:00,1,91,91479,2,1,2,6,Av Paul Vaillant Couturier,48.71298,2.36487
202300024645,14,12,2023,2025-12-05 15:30:00,1,69,69276,1,6,2,6,Route De Lyon,45.68716528,4.86128717
202300024646,12,11,2023,2025-12-05 09:50:00,1,91,91174,2,1,2,6,Bd Georges Michel,48.6078,2.47087
202300024647,18,12,2023,2025-12-05 16:45:00,1,64,64483,2,1,1,6,Larramendy Pierre (Avenue),43.38377,-1.65385
202300024648,11,9,2023,2025-12-05 16:00:00,1,75,75113,2,2,1,2,Boulevard Auguste Blanqui,48.831198,2.354354
202300024649,11,9,2023,2025-12-05 08:15:00,1,75,75109,2,1,1,7,Rue Blanche,48.879372,2.331427
202300024650,19,12,2023,2025-12-05 19:35:00,5,64,64335,2,9,1,2,Santos-Dumont,43.31966716,-0.42389631
202300024651,10,9,2023,2025-12-05 23:45:00,5,75,75109,2,3,1,6,Boulevard Montmartre,48.871482,2.34308
202300024652,14,11,2023,2025-12-05 09:45:00,1,91,91433,1,6,2,5,R.D.20,48.45767,2.17679
202300024653,18,12,2023,2025-12-05 19:10:00,5,64,64102,2,1,1,7,Soult (Avenue Marechal),43.486,-1.49009
202300024654,20,10,2023,2025-12-05 12:17:00,1,87,87085,2,1,1,7,Petites Carmes (Boulevard Des),45.83055,1.27185
202300024655,11,9,2023,2025-12-05 18:41:00,1,75,75107,2,1,1,3,Avenue De Suffren,48.855235,2.294549
202300024656,18,12,2023,2025-12-05 07:10:00,5,62,62041,2,1,1,6,Avenue Paul Michonneau,50.2949,2.78284