num_acc,jour,mois,an,hrmn,lum,dep,com,agg,int,atm,col,adr,lat,long
202300024657,18,10,2023,2025-12-05 05:17:00,3,87,87114,1,1,1,6,Rd941 (Ouest),45.84321,1.33614
202300024658,11,9,2023,2025-12-05 16:50:00,1,75,75101,2,1,1,3,Rue Jean Jacques Rousseau,48.864391,2.344157
202300024659,19,12,2023,2025-12-05 08:10:00,3,59,59599,2,1,1,6,Republique (Place De La),50.721689,3.158792
202300024660,14,10,2023,2025-12-05 04:55:00,5,87,87085,2,1,1,6,Mauvendiere (Rue De La),45.83201,1.25087
202300024661,11,9,2023,2025-12-05 12:35:00,1,75,75101,2,2,1,2,Avenue De L Opera,48.863943,2.335199
202300024662,2,10,2023,2025-12-05 12:19:00,1,87,87085,2,1,1,7,Coutures (Avenue Des),45.8359,1.26952
202300024663,19,12,2023,2025-12-05 08:40:00,2,59,59350,2,3,8,3,Faubourg D'Arras Rue,50.61318,3.06245
202300024664,11,9,2023,2025-12-05 16:00:00,1,94,94081,2,2,1,6,Rue Julian Grimau,48.78158,2.37255
202300024665,13,11,2023,2025-12-05 15:27:00,1,87,87085,2,2,2,3,Mas-Bouyol  (Cite Et Boulevard Du),45.82747,1.22635
202300024666,17,12,2023,2025-12-05 07:35:00,5,57,57227,2,6,1,1,Sainte Croix (Rue Du Faubourg),49.184096,6.911663
202300024667,11,9,2023,2025-12-05 17:05:00,1,94,94041,2,9,1,3,Boulevard De Stalingrad,48.80688,2.37502
202300024668,13,11,2023,2025-12-05 07:59:00,2,87,87085,1,1,2,4,Autoroute A20,45.82322,1.28689
202300024669,19,12,2023,2025-12-05 17:55:00,5,56,56083,2,6,2,6,Bruant ( Av. Aristide ),47.80004,-3.26004
202300024670,10,9,2023,2025-12-05 05:20:00,5,94,94028,2,9,1,1,Route De Choisy,48.77587,2.44037
202300024671,13,11,2023,2025-12-05 17:13:00,2,86,86194,2,1,2,6,Avenue Du Plateau Des Glieres,46.608375,0.319912
202300024672,11,9,2023,2025-12-05 17:30:00,1,93,93072,2,2,1,3,Boulevard Maxime Gorki / Avenue De Stalingrad,48.94976,2.38599
202300024673,18,12,2023,2025-12-05 19:44:00,5,54,54395,2,1,1,3,Rue De L'Armee Patton,48.69069569,6.17120504
202300024674,13,11,2023,2025-12-05 19:15:00,2,84,84007,2,1,1,3,Daladier (Pont),43.95079,4.80222
202300024675,18,8,2023,2025-12-05 00:15:00,5,93,93070,2,1,1,2,Quai De Seine,48.91670273,2.32610534
202300024676,18,12,2023,2025-12-05 11:30:00,1,54,54578,2,3,1,6,Boulevard Saint Bernard,48.65833806,6.11113697
202300024677,12,11,2023,2025-12-05 19:00:00,5,84,84007,2,1,1,2,Tarascon ( Avenue De),43.92618,4.80947
202300024678,7,9,2023,2025-12-05 18:19:00,1,93,93053,2,7,7,3,Rue Jean Jaures / Rue De Brement,48.89019,2.45311
202300024679,11,9,2023,2025-12-05 17:45:00,1,93,93051,2,3,1,6,Rue Jules Ferry / Rue Des Hauts Roseaux,48.84782,2.5765
202300024680,12,11,2023,2025-12-05 10:37:00,1,84,84007,2,6,1,3,Pierre Semard (Avenue),43.93933,4.82126
202300024681,18,12,2023,2025-12-05 15:40:00,1,54,54575,2,3,1,1,D26B,49.47185,5.833913
202300024682,11,9,2023,2025-12-05 10:30:00,1,93,93077,2,2,1,3,Boulevard Carnot / Avenue Detouche,48.88713,2.51677
202300024683,19,12,2023,2025-12-05 02:00:00,5,51,51454,2,1,1,7,Val Clair (Rue),49.22229,4.10811
202300024684,14,11,2023,2025-12-05 08:20:00,1,84,84007,2,4,1,6,C.De Gaulle (Rocade),43.9455,4.83612
202300024685,10,9,2023,2025-12-05 02:45:00,4,92,92022,2,1,1,1,Salengro (Avenue Roger),48.80681,2.18552
202300024686,17,12,2023,2025-12-05 19:10:00,5,50,50129,2,6,1,6,Rue Des Rivieres,49.66134,-1.68161
202300024687,5,11,2023,2025-12-05 01:30:00,5,83,83069,2,2,1,7,Aeroport (Avenue De L'),43.09515233,6.13666579
202300024688,11,9,2023,2025-12-05 18:15:00,1,92,92050,2,3,1,1,Lenine Vladimir Ilitch Avenue,48.8882789,2.19340235
202300024689,19,12,2023,2025-12-05 08:00:00,2,49,49007,2,1,1,3,Patton Avenue,47.4731,-0.60237
202300024690,5,9,2023,2025-12-05 21:20:00,5,92,92036,2,3,1,6,Laurent Cely (Avenue) (2/152),48.91741984,2.30752273
202300024691,18,12,2023,2025-12-05 07:15:00,5,49,49007,2,1,1,3,Gaulle Boulevard Charles De,47.46975,-0.56164
202300024692,13,11,2023,2025-12-05 17:45:00,5,83,83069,2,1,1,6,Corps (Avenue Du Xveme),43.1224,6.1422
202300024693,11,9,2023,2025-12-05 19:55:00,1,92,92071,2,1,1,7,General Leclerc (Avenue Du),48.77218,2.31231
202300024694,11,9,2023,2025-12-05 14:10:00,1,92,92032,2,1,1,6,Lombard (Avenue),48.7882564,2.29340851
202300024695,18,12,2023,2025-12-05 08:17:00,2,49,49007,2,1,1,3,Millot Boulevard Jacques,47.45301,-0.53857
202300024696,13,11,2023,2025-12-05 17:18:00,1,83,83061,2,6,1,3,Rond-Point De L'Europe,43.44322,6.73923
202300024697,11,9,2023,2025-12-05 13:10:00,1,92,92007,2,1,1,3,Briand (Avenue Aristide) Ndeg 2 A 98,48.79622,2.32187
202300024698,18,12,2023,2025-12-05 17:45:00,5,45,45169,2,1,1,3,12 Rue Pierre Et Marie Curie,47.9007,1.8519
202300024699,9,11,2023,2025-12-05 08:50:00,1,80,80021,2,3,1,3,Raphael (Rue),49.91998,2.29124
202300024700,10,9,2023,2025-12-05 10:46:00,1,92,92004,2,2,1,3,Pont D'Asnieres,48.90489,2.28774
202300024701,19,12,2023,2025-12-05 17:37:00,5,37,37122,2,1,2,6,Jean Jaures,47.34853,0.66142
202300024702,14,11,2023,2025-12-05 16:30:00,2,78,78624,2,1,2,6,Grande Rue De Pissefontaine,48.978708,2.013502
202300024703,12,9,2023,2025-12-05 14:00:00,1,39,39393,1,2,1,3,Adresse_Inconnue,46.783686,6.024638
202300024704,19,12,2023,2025-12-05 18:15:00,5,35,35115,2,1,1,6,Chesnardiere (Bd De La Du Ndeg2 Au Ndeg34),48.347183,-1.195815
202300024705,14,11,2023,2025-12-05 13:30:00,1,77,77479,2,1,2,6,Av Jean Jaures,48.87384,2.63792
202300024706,10,9,2023,2025-12-05 17:00:00,1,74,74010,1,9,1,6,A41,45.895624,6.087102
202300024707,19,12,2023,2025-12-05 08:53:00,1,34,34129,2,1,7,6,Jardins De Maguelonne (Chemin Des),43.55695,3.87572
202300024708,13,11,2023,2025-12-05 12:13:00,1,77,77276,1,1,3,1,A 140,48.916357,2.875212
202300024709,21,8,2023,2025-12-05 08:40:00,1,17,17152,1,3,1,3,Rd 730,45.549978,-0.790608
202300024710,19,12,2023,2025-12-05 19:35:00,5,33,33318,2,1,1,1,Rue Du Plateau De Noes,44.80851,-0.64339
202300024711,13,11,2023,2025-12-05 11:40:00,1,76,76351,2,3,2,6,Grand Hameau (Avenue Du ),49.52061,0.11071
202300024712,11,9,2023,2025-12-05 19:15:00,1,41,41234,1,1,3,1,La Coutussiere,47.554964,1.123663
202300024713,19,12,2023,2025-12-05 18:50:00,5,33,33318,2,1,1,3,Esplanade Des Antilles,44.79514,-0.61732
202300024714,13,11,2023,2025-12-05 09:40:00,1,76,76351,2,2,2,1,Bois Au Coq (Avenue),49.5184,0.11668
202300024715,11,9,2023,2025-12-05 21:00:00,3,42,42338,1,2,1,3,Route De Roanne,46.089841,4.116536
202300024716,19,12,2023,2025-12-05 08:40:00,1,33,33281,2,3,1,5,Avenue Du Chut,44.84888,-0.66402
202300024717,10,11,2023,2025-12-05 22:39:00,5,76,76351,2,2,1,3,General Sarrail,49.49588,0.11902
202300024718,11,9,2023,2025-12-05 14:55:00,1,12,12033,2,1,1,4,Route D'Espalion,44.470691,2.729647
202300024719,19,12,2023,2025-12-05 17:10:00,5,29,29039,2,1,2,6,13 Rue Lucien Vidie,47.893759,-3.915586
202300024720,9,11,2023,2025-12-05 16:30:00,2,73,73011,1,1,2,5,R.N. 90 De Pt Pierre Du Roy A C. De Tour,45.66117,6.41458
202300024721,11,9,2023,2025-12-05 11:10:00,1,1,1209,2,1,1,1,D1206,46.11493,5.882698
202300024722,10,9,2023,2025-12-05 22:45:00,5,67,67106,2,1,1,6,D929,48.756231,7.96321
202300024723,13,11,2023,2025-12-05 11:35:00,1,72,72003,2,9,3,1,Chatelet (Rue Du),47.94631,0.14206
202300024724,22,6,2023,2025-12-05 13:25:00,1,34,34270,1,1,3,2,Rm612,43.559216,3.848991
202300024725,14,11,2023,2025-12-05 18:40:00,5,69,69266,2,2,2,6,Avenue Roger Salengro,45.78159895,4.88661517
202300024726,10,9,2023,2025-12-05 22:15:00,3,76,76361,1,1,1,6,Route Departementale 940,49.613032,0.155847
202300024727,19,12,2023,2025-12-05 08:00:00,3,17,17415,1,1,8,1,Chermignac Rue De,45.72609,-0.65235
202300024728,11,9,2023,2025-12-05 17:30:00,1,2B,2B342,1,9,1,2,Rt 10,41.939653,9.393332
202300024729,14,11,2023,2025-12-05 17:50:00,5,69,69256,2,1,2,3,Route De Genas,45.74836704,4.92028606
202300024730,19,12,2023,2025-12-05 08:50:00,1,15,15014,2,1,1,6,Avenue Du General Leclerc,44.91067,2.44444
202300024731,12,9,2023,2025-12-05 15:00:00,1,33,33296,1,1,1,6,D17,44.822425,-0.042426
202300024732,14,11,2023,2025-12-05 08:30:00,1,69,69290,2,6,2,6,Chemin Du Charbonnier,45.69715,4.90224
202300024733,11,9,2023,2025-12-05 17:56:00,1,81,81101,1,1,1,3,N88,43.99036,2.174456
202300024734,13,11,2023,2025-12-05 22:30:00,5,69,69290,2,1,1,6,Rue De L'Industrie,45.68842024,4.93208368
202300024735,11,9,2023,2025-12-05 18:30:00,1,71,71370,1,1,1,1,Route De Roche,46.56305,4.02039
202300024736,19,12,2023,2025-12-05 04:50:00,5,13,13103,2,3,1,3,Avenue Fabre -Julien,43.63954,5.10254
202300024737,13,11,2023,2025-12-05 15:30:00,1,69,69290,2,1,8,3,Rue De L'Egalite,45.69177,4.94633
202300024738,11,9,2023,2025-12-05 10:40:00,1,46,46086,1,1,1,6,Rue De Malastreges,44.963485,1.562977
202300024739,20,12,2023,2025-12-05 01:05:00,5,13,13214,2,1,1,1,Capitaine Geze (Boulevard),43.33124,5.37408
202300024740,12,9,2023,2025-12-05 08:30:00,2,44,44116,2,1,1,6,29 Rue Rene Moritz,47.283443,-2.032433
202300024741,9,11,2023,2025-12-05 17:30:00,2,69,69091,2,1,2,1,Chemin De La Forestiere,45.59157378,4.73840557
202300024742,19,12,2023,2025-12-05 14:30:00,1,13,13203,2,2,1,1,Strasbourg (Boulevard),43.30904,5.37837
202300024743,13,11,2023,2025-12-05 15:50:00,1,66,66136,2,1,1,6,Avenue Du Languedoc,42.72852,2.88833
202300024744,12,9,2023,2025-12-05 12:00:00,1,29,29158,2,2,1,1,Rue Du Menhir Couche,47.81972262,-4.35787618
202300024745,14,11,2023,2025-12-05 10:00:00,1,63,63300,2,1,2,6,Virlogeux (Avenue),45.89032,3.11815
202300024746,19,12,2023,2025-12-05 12:29:00,1,13,13211,2,1,1,6,Raoul Follereau (Av),43.2939,5.4457
202300024747,10,9,2023,2025-12-05 10:30:00,1,84,84017,1,2,1,3,Route De Flassan,44.116769,5.191909
202300024748,8,12,2023,2025-12-05 19:00:00,5,12,12145,2,1,2,3,Merle Alfred,44.1017815,3.07510239
202300024749,13,11,2023,2025-12-05 07:40:00,2,63,63300,1,9,1,3,Rd227 / Chemin Des Pechers,45.90778,3.09437
202300024750,12,9,2023,2025-12-05 13:00:00,1,70,70056,2,4,1,3,Grande Rue,47.786356,6.011179
202300024751,19,12,2023,2025-12-05 15:30:00,1,10,10387,2,1,1,7,Turenne (Rue De),48.29423,4.07262
202300024752,11,9,2023,2025-12-05 18:20:00,1,70,70428,2,1,7,6,29 Rue Gustave Courtois,47.652936,6.123467
202300024753,14,11,2023,2025-12-05 09:00:00,1,63,63113,2,3,1,1,Pasteur (Bd),45.77273,3.07832
202300024754,12,9,2023,2025-12-05 14:50:00,1,58,58110,1,1,1,7,Hameau Des Quatre Vents,47.179453,3.735472
202300024755,9,11,2023,2025-12-05 11:00:00,1,62,62178,2,6,1,7,D841,50.49361,2.571742
202300024756,19,12,2023,2025-12-05 16:00:00,1,6,6069,2,1,1,2,Riou Blanquet (Traverse De),43.6611999,6.924131
202300024757,9,9,2023,2025-12-05 04:00:00,3,45,45272,1,1,1,6,D2020 Pr 36 + 950,47.834614,1.916953
202300024758,13,11,2023,2025-12-05 19:15:00,5,58,58194,2,1,2,1,Saint Gildard,46.99233,3.14942
202300024759,18,12,2023,2025-12-05 12:00:00,1,5,5061,2,1,1,6,Bernard Givaudan (Avenue) D900B,44.54166,6.06459
202300024760,11,9,2023,2025-12-05 17:00:00,1,64,64555,2,1,1,3,"D936, Route Des Pyrenees",43.346887,-0.793537
202300024761,7,11,2023,2025-12-05 01:15:00,4,58,58194,2,3,2,6,Rivage,46.9888,3.16327
202300024762,12,9,2023,2025-12-05 01:30:00,3,64,64123,1,1,3,6,2435 Route De Saint-Palais,43.461022,-1.144351
202300024763,9,6,2023,2025-12-05 14:00:00,1,73,73007,1,4,1,3,D72 / Route De La Muraz,45.562772,6.275285
202300024764,19,12,2023,2025-12-05 16:30:00,2,3,3185,2,2,1,6,Kennedy ( Avenue John ),46.3281,2.60872
202300024765,8,9,2023,2025-12-05 15:45:00,1,43,43163,1,1,1,7,D501,45.255585,4.40026
202300024766,14,11,2023,2025-12-05 08:36:00,2,56,56083,2,1,2,6,Rue Nationale,47.80559,-3.27485
202300024767,10,9,2023,2025-12-05 17:15:00,1,21,21500,1,1,1,6,Route De Marigny,47.50379,4.458711
202300024768,13,11,2023,2025-12-05 18:40:00,5,56,56121,2,6,8,3,Faouedic ( Ave Du ),47.7478,-3.36494
202300024769,18,12,2023,2025-12-05 15:00:00,1,2,2738,1,1,1,2,Adresse_Inconnue,49.66396,3.26418
202300024770,8,9,2023,2025-12-05 09:15:00,1,24,24133,1,4,7,1,La Meynardie (Chateau),45.548663,0.991441
202300024771,14,11,2023,2025-12-05 18:50:00,5,54,54395,2,1,2,3,Rue Saint-Leon,48.68841,6.17341
202300024772,9,9,2023,2025-12-05 15:40:00,1,85,85154,1,1,1,6,Rd 949B,46.677098,-0.8591792
202300024773,13,11,2023,2025-12-05 18:20:00,5,54,54547,2,1,3,6,Rue De Gembloux,48.6614,6.17866
202300024774,19,12,2023,2025-12-05 11:26:00,1,75,75108,2,7,1,3,Place De La Concorde,48.866672,2.32202
202300024775,11,9,2023,2025-12-05 13:30:00,1,85,85295,2,2,1,6,Rd 753,46.98495,-1.228766
202300024776,19,12,2023,2025-12-05 19:35:00,5,75,75106,2,1,2,3,Rue De Rennes,48.845231,2.325217
202300024777,13,11,2023,2025-12-05 17:45:00,4,54,54547,2,3,2,3,Avenue Jeanne D'Arc,48.66055,6.18582
202300024778,11,9,2023,2025-12-05 23:15:00,3,85,85146,1,2,1,3,Rd 86,46.9255125,-1.3137472
202300024779,10,9,2023,2025-12-05 03:25:00,3,27,27267,1,1,1,3,Route Departementale 137,49.247582,0.672526
202300024780,19,12,2023,2025-12-05 11:30:00,1,75,75120,2,2,1,6,Rue De Menilmontant,48.868309,2.388191
202300024781,13,11,2023,2025-12-05 15:00:00,1,54,54395,2,3,1,3,Boulevard Charlemagne,48.68259,6.1622
202300024782,12,9,2023,2025-12-05 17:20:00,1,27,27057,1,2,1,3,Rd  613 Pk 034.234,49.059582,1.040761
202300024783,14,11,2023,2025-12-05 18:15:00,5,53,53130,2,1,1,6,Carres ( Rue Des Grands ),48.07889,-0.7541
202300024784,19,12,2023,2025-12-05 15:21:00,1,75,75119,2,2,1,2,Rue De Crimee,48.895305,2.372052
202300024785,10,9,2023,2025-12-05 14:40:00,1,30,30259,2,1,1,1,Route D'Uzes,44.108535,4.115914
202300024786,14,11,2023,2025-12-05 08:00:00,2,51,51454,2,2,8,3,Hourlier (Rue Leon),49.265166,4.028963
202300024787,19,12,2023,2025-12-05 20:30:00,5,75,75118,2,2,2,6,Avenue De La Porte De Clignancourt,48.900697,2.344205
202300024788,12,9,2023,2025-12-05 07:40:00,1,88,88304,2,1,1,2,281 Av Du Mal De Lattre De Tassigny,48.293287,6.131841
202300024789,29,8,2023,2025-12-05 15:35:00,1,35,35210,1,1,1,7,Rn12,48.14334,-1.7787
202300024790,14,11,2023,2025-12-05 15:15:00,1,50,50218,2,6,2,1,Vendeens (Av Des),48.8327,-1.57352
202300024791,18,12,2023,2025-12-05 22:28:00,5,75,75116,2,7,1,1,Avenue De Versailles,48.847416,2.273731
202300024792,14,11,2023,2025-12-05 17:10:00,1,49,49328,2,1,1,1,Romans (Rue Des),47.24522,-0.10716
202300024793,11,9,2023,2025-12-05 19:00:00,1,82,82037,1,1,1,5,A20,44.144615,1.504183
202300024794,19,12,2023,2025-12-05 12:35:00,1,75,75115,2,1,1,5,Rue De La Croix Nivert,48.840469,2.290751
202300024795,13,11,2023,2025-12-05 19:15:00,5,49,49007,2,1,1,3,Ayrault,47.47739,-0.55324
202300024796,11,9,2023,2025-12-05 12:30:00,1,69,69173,1,1,1,3,Autoroute 89,45.872594,4.549163
202300024797,14,11,2023,2025-12-05 19:00:00,5,45,45234,2,1,1,6,Avenue De L'Hopital,47.83486,1.9182
202300024798,11,9,2023,2025-12-05 22:40:00,3,33,33343,1,1,3,7,A62,44.579204,-0.330065
202300024799,19,12,2023,2025-12-05 12:05:00,1,75,75115,2,3,1,3,Rue Linois,48.848528,2.282858
202300024800,13,11,2023,2025-12-05 17:50:00,2,45,45075,2,1,3,6,D2152 Pr 78 + 294,47.88798,1.8326
202300024801,11,9,2023,2025-12-05 17:40:00,1,11,11398,1,1,8,7,Adresse_Inconnue,42.92228,2.934701
202300024802,18,12,2023,2025-12-05 09:00:00,1,75,75114,2,2,8,6,Avenue Reille,48.824224,2.336078
202300024803,9,11,2023,2025-12-05 09:30:00,1,42,42218,2,2,3,6,Rue Des Passementiers,45.42151,4.39742
202300024804,9,9,2023,2025-12-05 12:10:00,1,29,29233,1,3,1,5,Rue Rene Gasnier De Fresne,47.861182,-3.578979
202300024805,18,12,2023,2025-12-05 13:00:00,1,75,75113,2,5,1,6,Rue Bobillot,48.828136,2.352779
202300024806,31,10,2023,2025-12-05 18:30:00,5,42,42218,2,1,1,3,Boulevard Alfred De Musset,45.44238,4.37911
202300024807,11,9,2023,2025-12-05 09:35:00,1,77,77183,2,1,1,3,87 Rue De Conde,48.944066,3.128899
202300024808,19,12,2023,2025-12-05 00:20:00,5,75,75112,2,4,1,6,Boulevard De Bercy,48.840267,2.380588
202300024809,14,11,2023,2025-12-05 18:35:00,3,41,41018,2,1,6,2,Rd 957,47.61359,1.33512
202300024810,10,9,2023,2025-12-05 06:00:00,2,78,78531,1,9,1,4,A13 Pk54 Sens Paris/Province,49.0018889,1.6076846
202300024811,14,11,2023,2025-12-05 13:15:00,1,41,41018,2,1,1,1,Riffault (Rue Eugene),47.59187,1.34274
202300024812,18,12,2023,2025-12-05 17:05:00,5,94,94046,2,2,8,2,Rue De Gravelle,48.811,2.452
202300024813,9,9,2023,2025-12-05 05:55:00,3,84,84150,1,1,1,6,D976,44.332214,4.947313
202300024814,19,12,2023,2025-12-05 16:00:00,1,94,94065,1,1,1,6,Rue Du Lion,48.74171742,2.3560566
202300024815,14,11,2023,2025-12-05 13:40:00,1,41,41018,2,9,8,1,Gentil (Boulevard Rene),47.5792,1.35023
202300024816,10,9,2023,2025-12-05 21:20:00,3,83,83107,1,1,1,6,D7,43.41338927,6.70332527
202300024817,12,9,2023,2025-12-05 08:05:00,1,38,38158,1,1,1,3,Avenue Des Maquis De L'Oisans,45.148163,5.760033
202300024818,11,11,2023,2025-12-05 09:50:00,1,41,41295,1,1,2,1,D951,47.60516,1.3767
202300024819,14,11,2023,2025-12-05 18:31:00,5,38,38563,1,6,3,6,D1076,45.35002,5.56871
202300024820,11,9,2023,2025-12-05 16:30:00,1,86,86294,2,2,1,3,Place Francois Albert,46.638956,0.165511
202300024821,14,11,2023,2025-12-05 10:10:00,1,37,37214,2,1,2,6,Rd 37,47.39404525,0.64710313
202300024822,19,12,2023,2025-12-05 08:50:00,1,94,94028,2,9,1,3,Route De La Pompadour,48.772965,2.444783
202300024823,12,9,2023,2025-12-05 06:45:00,5,33,33056,2,1,8,1,Rue Jean Duvert,44.918739,-0.612842
202300024824,11,9,2023,2025-12-05 20:30:00,2,14,14328,2,1,1,6,30 Rue De Verdun,49.221718,-0.245025
202300024825,19,12,2023,2025-12-05 22:26:00,5,94,94077,2,1,2,6,Voie De Seine,48.74168,2.42935
202300024826,14,11,2023,2025-12-05 14:30:00,1,35,35238,2,5,1,6,Patton (Avenue Du General Sir Georges),48.13845,-1.65862
202300024827,11,9,2023,2025-12-05 19:50:00,2,60,60015,2,6,1,7,Rue Roger Salengro,49.3255,2.32547
202300024828,19,12,2023,2025-12-05 19:15:00,5,94,94017,2,1,3,6,Avenue Maurice Thorez,48.81630826,2.53857534
202300024829,14,11,2023,2025-12-05 11:20:00,1,35,35238,2,1,2,6,Louis D'Or ( Du),48.11317,-1.68578
202300024830,11,9,2023,2025-12-05 16:45:00,1,80,80393,1,2,1,2,D1017,49.730249,2.805011
202300024831,19,12,2023,2025-12-05 15:25:00,1,93,93055,2,2,1,6,Avenue Edouard Vaillant / Impasse D'Aubervilliers,48.90276,2.39282
202300024832,12,9,2023,2025-12-05 13:55:00,1,59,59214,1,2,1,3,D956,50.300302,3.055717
202300024833,14,11,2023,2025-12-05 11:15:00,1,35,35051,1,1,2,2,Laviaux (Lieu-Dit),48.1125,-1.58246
202300024834,9,9,2023,2025-12-05 20:20:00,2,59,59285,2,1,1,1,D955,50.270732,3.408444
202300024835,19,12,2023,2025-12-05 01:30:00,3,93,93074,2,9,1,7,Rue De Sevran,48.934178,2.562202
202300024836,13,11,2023,2025-12-05 22:00:00,3,35,35055,1,1,1,6,Rd 463,48.075262,-1.581601
202300024837,11,9,2023,2025-12-05 13:45:00,1,59,59034,2,1,1,3,Rue Du Croquet,50.522919,3.087091
202300024838,19,12,2023,2025-12-05 13:00:00,1,93,93005,2,1,1,3,Chemin Du Moulin De La Ville,48.950489,2.495734
202300024839,14,11,2023,2025-12-05 12:15:00,1,35,35115,2,1,2,2,Chesnardiere (Bd De La Du Ndeg2 Au Ndeg34),48.34842,-1.19541
202300024840,11,9,2023,2025-12-05 13:50:00,1,83,83126,1,1,1,2,A50,43.11955,5.86093
202300024841,19,12,2023,2025-12-05 08:45:00,1,92,92046,2,1,8,6,Pierre Brossolette,48.8182168,2.30856478
202300024842,14,11,2023,2025-12-05 11:40:00,1,34,34172,2,1,1,3,Vanieres (Avenue De),43.59648,3.8452
202300024843,11,9,2023,2025-12-05 15:40:00,1,33,33065,1,1,1,3,Route Nationale 230,44.82867,-0.50341
202300024844,13,11,2023,2025-12-05 23:30:00,5,34,34172,2,1,1,7,Malbosc (Rue De),43.62693,3.83143
202300024845,11,9,2023,2025-12-05 19:00:00,1,94,94003,1,1,1,3,A6A,48.80831322,2.34031176
202300024846,19,12,2023,2025-12-05 19:50:00,5,92,92050,2,1,2,3,Boulevard De La Defense,48.90685,2.21226
202300024847,14,11,2023,2025-12-05 20:05:00,5,33,33281,2,2,8,3,Avenue De Foncastel,44.83461,-0.63724
202300024848,11,9,2023,2025-12-05 18:15:00,1,91,91235,1,1,1,2,Rn 104,48.62486,2.36368
202300024849,19,12,2023,2025-12-05 18:25:00,5,92,92050,2,1,2,6,Arago Francois Avenue,48.90080852,2.22457767
202300024850,11,9,2023,2025-12-05 03:57:00,3,92,92019,1,1,1,6,Rn 385,48.75993977,2.27329095
202300024851,14,11,2023,2025-12-05 19:02:00,2,33,33281,2,6,2,3,Avenue De Bourranville,44.84340713,-0.63200891
202300024852,19,12,2023,2025-12-05 18:00:00,5,92,92044,2,1,2,7,Bineau (Boulevard),48.88658872,2.28413254
202300024853,10,9,2023,2025-12-05 21:15:00,5,92,92064,2,1,1,6,A13,48.83936013,2.21689418
202300024854,18,12,2023,2025-12-05 19:40:00,5,92,92044,2,1,1,2,Charles Pasqua(Quai) 2 A 30,48.90067,2.28398
202300024855,14,11,2023,2025-12-05 08:22:00,1,33,33063,2,3,2,3,Cours Victor Hugo,44.835,-0.57203
202300024856,10,9,2023,2025-12-05 18:35:00,1,78,78545,1,1,1,7,A12 W,48.808429,2.053935
202300024857,10,9,2023,2025-12-05 14:25:00,1,92,92026,1,1,1,7,A14,48.88749184,2.25218368
202300024858,14,11,2023,2025-12-05 10:00:00,1,33,33529,2,1,1,3,Mariolan (Ch. De),44.647369,-1.156134
202300024859,19,12,2023,2025-12-05 08:45:00,1,92,92040,2,3,1,3,Gallieni (Boulevard),48.82463897,2.26782471
202300024860,10,9,2023,2025-12-05 11:10:00,1,92,92064,1,1,7,3,A13,48.83956984,2.2130155
202300024861,19,12,2023,2025-12-05 16:50:00,5,92,92026,2,2,2,2,Jules Ferry ( Rue ),48.89876053,2.26241648
202300024862,13,11,2023,2025-12-05 22:20:00,5,29,29019,2,6,1,3,Place Albert Premier,48.398138,-4.489019
202300024863,11,9,2023,2025-12-05 11:15:00,1,93,93005,1,1,1,3,Autoroute A3,48.96878607,2.48061025
202300024864,13,12,2023,2025-12-05 20:20:00,5,92,92025,2,1,1,6,Charles De Gaulle (Bd),48.9142663,2.22913519
202300024865,13,11,2023,2025-12-05 07:40:00,5,29,29019,2,8,3,3,Rue Dupuy De Lome,48.388969,-4.514887
202300024866,11,9,2023,2025-12-05 08:50:00,1,95,95252,1,1,1,3,A15,48.98829419,2.20429427
202300024867,19,12,2023,2025-12-05 17:55:00,5,92,92019,2,2,2,6,Division Leclerc (Avenue De La),48.76275368,2.27988929
202300024868,11,9,2023,2025-12-05 05:30:00,3,93,93001,1,1,1,3,Autoroute A86,48.92155225,2.36732304
202300024869,4,7,2023,2025-12-05 18:45:00,1,74,74134,1,1,1,1,D902,46.142214,6.642759
202300024870,19,12,2023,2025-12-05 11:40:00,1,92,92012,2,3,8,3,Jean Jaures (Boulevard) 63/215 - 70/208,48.83531166,2.24256098
202300024871,30,6,2023,2025-12-05 19:20:00,1,74,74164,1,1,2,6,Adresse_Inconnue,46.113468,6.502447
202300024872,14,11,2023,2025-12-05 13:15:00,1,26,26198,1,1,1,1,Route De Sauzet,44.56309,4.76434
202300024873,19,12,2023,2025-12-05 09:40:00,1,92,92012,2,9,8,3,Jean Jaures (Boulevard) 63/215 - 70/208,48.83465518,2.24294454
202300024874,28,6,2023,2025-12-05 17:54:00,1,74,74010,1,1,1,7,Route De Cuvat,45.959601,6.118473
202300024875,14,11,2023,2025-12-05 10:00:00,1,25,25462,2,1,2,1,Rocade G.Pompidou (Du 25 A La Fin),46.90223,6.32967
202300024876,18,12,2023,2025-12-05 16:42:00,1,92,92007,2,3,1,7,Pichets (Rue Des),48.78860335,2.30452806
202300024877,28,6,2023,2025-12-05 12:30:00,1,74,74264,1,4,1,3,D1205,46.062817,6.544708
202300024878,14,11,2023,2025-12-05 19:20:00,5,25,25056,2,1,2,1,Gray Route De,47.244601,5.993433
202300024879,27,6,2023,2025-12-05 19:15:00,1,74,74042,2,3,1,6,Quai Du Bargy_,46.075501,6.412786
202300024880,18,12,2023,2025-12-05 20:50:00,5,92,92004,2,2,1,3,Gambetta (Rue),48.90973386,2.2928457
202300024881,14,11,2023,2025-12-05 11:45:00,1,25,25056,2,3,2,3,Montrapon Avenue De,47.24615,6.00916