num_acc,jour,mois,an,hrmn,lum,dep,com,agg,int,atm,col,adr,lat,long
202300024882,27,6,2023,2025-12-05 07:10:00,1,74,74042,2,1,1,3,587 Avenue Des Glieres,46.073446,6.401301
202300024883,19,12,2023,2025-12-05 16:50:00,5,92,92014,2,1,1,6,General Leclerc (Av.) (57 A 135 - 50 A 1,48.78220264,2.3164916
202300024884,19,12,2023,2025-12-05 17:15:00,3,50,50565,2,1,2,6,19 Grande Rue,48.75355,-1.45814
202300024885,25,6,2023,2025-12-05 19:25:00,1,74,74140,1,4,1,3,Route Du Col,46.266639,6.462777
202300024886,13,11,2023,2025-12-05 17:46:00,5,17,17333,2,2,2,3,Jaures (Avenue),45.61306,-0.99427
202300024887,24,6,2023,2025-12-05 19:30:00,1,74,74264,2,1,1,6,"914, Rue Du Crozet",46.066561,6.538662
202300024888,9,11,2023,2025-12-05 18:25:00,3,17,17306,2,9,2,3,Hedde (Avenue Daniel),45.63186,-1.03194
202300024889,16,12,2023,2025-12-05 21:30:00,5,68,68112,2,2,1,3,Route D'Issenheim,47.903627,7.221998
202300024890,19,6,2023,2025-12-05 08:30:00,1,74,74234,1,3,1,3,D1508,45.757967,6.315382
202300024891,19,10,2023,2025-12-05 07:12:00,5,30,30032,2,6,1,6,Rd Pt Des Fontetes,43.80708,4.63822
202300024892,19,12,2023,2025-12-05 17:25:00,3,95,95134,1,1,2,4,D301,49.13593271,2.2548312
202300024893,18,6,2023,2025-12-05 17:05:00,1,74,74094,2,1,1,6,413 Route De Montagny,46.178103,6.296094
202300024894,24,6,2023,2025-12-05 17:00:00,1,74,74212,1,1,1,7,D12,45.940422,6.402079
202300024895,20,12,2023,2025-12-05 16:35:00,1,31,31575,1,1,2,6,Fourbet,43.52331956,1.42628342
202300024896,14,11,2023,2025-12-05 20:00:00,5,13,13215,2,2,1,1,Le Chatelier,43.34631,5.36612
202300024897,17,6,2023,2025-12-05 14:30:00,1,74,74188,1,1,1,7,Route Du Lac,46.207339,6.716487
202300024898,17,6,2023,2025-12-05 11:53:00,1,74,74136,1,1,1,1,Route De La Colombiere,45.9762,6.465095
202300024899,19,12,2023,2025-12-05 15:45:00,1,972,97214,1,3,1,2,Chemin Bon Repos,14.843973,-61.083272
202300024900,12,6,2023,2025-12-05 18:18:00,1,74,74094,2,1,1,6,Route Des Fontaines_,46.186664,6.283064
202300024901,14,11,2023,2025-12-05 18:15:00,5,13,13210,2,1,1,6,Mauriac (Rue),43.27274,5.42083
202300024902,12,6,2023,2025-12-05 10:40:00,1,74,74147,2,9,1,3,Route Du Bout Du Lac_,45.791445,6.213316
202300024903,19,12,2023,2025-12-05 15:10:00,1,972,97210,1,1,1,3,Quartier Vapeur,14.625232,-60.913873
202300024904,7,6,2023,2025-12-05 20:30:00,2,74,74213,1,1,8,3,Adresse_Inconnue,45.915042,6.082306
202300024905,5,6,2023,2025-12-05 15:37:00,1,74,74043,2,1,1,2,665 Avenue Du Saleve,46.260587,6.349357
202300024906,14,12,2023,2025-12-05 16:55:00,3,62,62307,1,1,2,1,D243,50.91513949,1.7364349
202300024907,4,6,2023,2025-12-05 16:50:00,1,74,74250,1,1,1,2,Autoroute A40,46.08079092,6.37457281
202300024908,13,12,2023,2025-12-05 19:30:00,5,62,62261,2,1,2,6,D940,50.485917,1.623506
202300024909,29,5,2023,2025-12-05 18:30:00,1,74,74238,1,1,1,7,D902,46.247271,6.636407
202300024910,29,4,2023,2025-12-05 16:12:00,1,10,10081,1,1,1,6,Rocade Est (Rd 610),48.3296,4.04813
202300024911,19,12,2023,2025-12-05 21:50:00,3,85,85153,1,1,2,6,La Bonniere,46.792112,-1.101468
202300024912,9,9,2023,2025-12-05 07:00:00,1,974,97416,1,1,1,6,Rn1,-21.30533,55.42898
202300024913,9,9,2023,2025-12-05 19:35:00,5,972,97213,1,1,1,5,Autoroute A1,14.61768,-61.0178
202300024914,19,12,2023,2025-12-05 17:00:00,5,67,67194,2,2,2,6,Rue De La Haute Vienne,48.732764,7.90683
202300024915,9,9,2023,2025-12-05 21:30:00,3,972,97209,1,1,1,6,Redoute (Route De La),14.6352,-61.05544
202300024916,9,9,2023,2025-12-05 17:00:00,1,972,97209,2,1,1,3,Salvador Allende (Avenue),14.61036,-61.04822
202300024917,10,9,2023,2025-12-05 09:15:00,1,69,69384,2,1,1,2,Cours D'Herbouville,45.77390393,4.83843045
202300024918,10,9,2023,2025-12-05 16:50:00,1,2B,2B033,2,1,1,6,Toutes Rues,42.675312,9.437305
202300024919,19,12,2023,2025-12-05 11:15:00,1,71,71240,1,1,8,2,Rd 980,46.410745,4.658504
202300024920,10,9,2023,2025-12-05 09:45:00,1,971,97101,1,1,1,7,Rn1-  Hauteur De Sortie Lauricisque,16.25346,-61.53443
202300024921,10,9,2023,2025-12-05 15:30:00,1,88,88429,1,1,7,7,Rue Du Sous Froid,48.06745708,6.59732401
202300024922,20,12,2023,2025-12-05 10:10:00,1,42,42128,1,1,2,3,N7,45.938905,4.29456
202300024923,8,9,2023,2025-12-05 09:50:00,1,84,84035,1,1,1,3,Banon (Route De),43.88329,4.99745
202300024924,19,12,2023,2025-12-05 16:25:00,1,47,47251,1,1,8,7,Lieu Dit Maillas,44.298621,0.257986
202300024925,19,12,2023,2025-12-05 23:30:00,3,34,34281,1,1,1,6,D2,43.535218,3.561952
202300024926,10,9,2023,2025-12-05 02:35:00,3,77,77186,1,1,1,2,Rd606. De La Rochette A L'Obelisque,48.43969,2.69042
202300024927,9,9,2023,2025-12-05 19:50:00,1,77,77131,2,3,1,3,Davene (Rue),48.81106,3.0778
202300024928,19,12,2023,2025-12-05 14:35:00,1,25,25287,1,3,1,3,D12,47.187846,5.887417
202300024929,10,9,2023,2025-12-05 17:00:00,1,69,69266,2,4,1,4,Rue Du 4 Aout 1789,45.76607,4.90163
202300024930,19,12,2023,2025-12-05 13:55:00,1,25,25021,2,3,1,1,35 Grande Rue,47.031711,5.778637
202300024931,9,9,2023,2025-12-05 18:50:00,1,63,63300,2,3,1,3,Rue De La Varenne / Rue Du Creux,45.88817,3.12113
202300024932,10,9,2023,2025-12-05 13:00:00,1,63,63032,2,9,1,3,Mont-Dore (Avenue Du),45.74972,3.07917
202300024933,19,12,2023,2025-12-05 15:15:00,1,35,35142,2,4,1,6,Avenue Victor Hugo,48.415165,-1.151837
202300024934,8,9,2023,2025-12-05 16:25:00,1,61,61006,1,3,1,2,D958,48.70917,-0.00409
202300024935,20,12,2023,2025-12-05 07:45:00,2,84,84041,1,1,1,1,Route De Crillon A Bedoin,44.104013,5.156643
202300024936,9,9,2023,2025-12-05 13:00:00,1,61,61397,2,1,1,6,Voie Communale,48.423243,0.080983
202300024937,20,12,2023,2025-12-05 17:45:00,5,72,72262,2,1,2,6,Rue Principale,47.76091035,0.653826
202300024938,9,9,2023,2025-12-05 09:00:00,1,60,60057,2,2,1,3,Rue Jean Minasse,49.42149,2.07647
202300024939,10,9,2023,2025-12-05 18:30:00,1,59,59507,2,2,1,3,Jaures Jean Avenue.,50.60175,3.07905
202300024940,19,12,2023,2025-12-05 17:50:00,3,14,14468,1,1,2,3,Route Des Potiers,49.233443,-0.766811
202300024941,9,9,2023,2025-12-05 17:20:00,1,57,57672,2,1,1,2,Romains (Route Des),49.3579,6.13714
202300024942,9,9,2023,2025-12-05 07:05:00,1,57,57672,1,1,1,6,Arlon (Route De),49.37757,6.09457
202300024943,19,12,2023,2025-12-05 17:30:00,3,14,14610,1,1,2,5,Route De Verson,49.178582,-0.486349
202300024944,9,9,2023,2025-12-05 17:30:00,1,56,56121,2,3,1,3,Cosmao-Dumanoir ( Bd ),47.753532,-3.370216
202300024945,19,12,2023,2025-12-05 17:55:00,3,64,64495,1,3,8,5,D918,43.34581,-1.540221
202300024946,4,9,2023,2025-12-05 15:00:00,1,44,44055,2,1,1,3,26 Boulevard Du Docteur Rene Dubois,47.28092,-2.38372
202300024947,16,12,2023,2025-12-05 20:20:00,5,28,28052,2,1,8,7,5 Rue De Chateauneuf,48.56498,1.507756
202300024948,5,9,2023,2025-12-05 16:45:00,1,35,35150,2,2,1,3,Motelle (Bd De La),48.36207,-1.21984
202300024949,19,12,2023,2025-12-05 11:25:00,1,17,17053,1,2,1,3,Route Departemenantle 124,45.896213,-0.783806
202300024950,10,9,2023,2025-12-05 23:00:00,5,33,33281,2,6,1,6,Avenue De La Marne,44.83549262,-0.63491911
202300024951,19,12,2023,2025-12-05 14:35:00,1,17,17346,1,1,1,7,D137,45.921349,-0.884292
202300024952,10,9,2023,2025-12-05 19:45:00,1,33,33281,2,1,1,4,Avenue Francois Mitterrand,44.81813574,-0.66728264
202300024953,1,12,2023,2025-12-05 15:55:00,1,37,37050,2,1,8,6,Rue Philippe Maupas,47.337667,0.697605
202300024954,20,12,2023,2025-12-05 07:30:00,5,44,44207,1,3,1,3,Intersection D24/D26,47.474113,-1.372561
202300024955,18,12,2023,2025-12-05 12:30:00,1,83,83116,1,1,1,2,Autoroute A8,43.460872,5.86346333
202300024956,20,12,2023,2025-12-05 13:50:00,1,29,29005,1,1,2,2,Beg Saint Ouarneau,47.84847512,-3.62487573
202300024957,19,12,2023,2025-12-05 19:30:00,5,95,95039,2,1,2,6,48 General De Gaulle (Rue Du),49.07060465,2.17168808
202300024958,19,12,2023,2025-12-05 11:20:00,1,34,34145,2,1,1,6,Quai Voltaire,43.674627,4.132115
202300024959,20,12,2023,2025-12-05 13:40:00,1,73,73179,2,4,1,6,Rue De La Tessonniere,45.593587,5.864961
202300024960,20,12,2023,2025-12-05 10:55:00,1,38,38317,1,1,2,5,N85,45.10996,5.699276
202300024961,18,12,2023,2025-12-05 16:30:00,1,35,35240,1,1,1,1,Rd288,48.108552,-1.77596
202300024962,20,12,2023,2025-12-05 11:15:00,1,60,60612,2,1,1,6,Cours Thore Montmorency,49.206571,2.58938
202300024963,19,12,2023,2025-12-05 13:40:00,1,60,60115,1,1,8,6,Rue De Crevecoeur,49.463564,2.316468
202300024964,20,12,2023,2025-12-05 12:45:00,1,59,59626,2,1,1,1,Route D'Orsinval,50.284793,3.614186
202300024965,18,12,2023,2025-12-05 19:15:00,5,13,13212,1,1,1,4,A507 Sens Aubagne- Marseille,43.30955,5.42488
202300024966,18,12,2023,2025-12-05 09:55:00,1,13,13085,1,1,1,2,A50-Sens Aubagne Vers Toulon,43.2515,5.59554
202300024967,17,12,2023,2025-12-05 04:00:00,3,42,42218,1,1,8,6,N88,45.433556,4.423245
202300024968,19,12,2023,2025-12-05 19:30:00,5,33,33063,1,1,1,4,Rocade A 630,44.88069728,-0.54105374
202300024969,19,12,2023,2025-12-05 11:10:00,1,33,33167,1,1,1,4,Route Nationale 230,44.82143083,-0.5173552
202300024970,19,12,2023,2025-12-05 18:38:00,3,94,94021,1,1,2,4,A6A,48.76021232,2.33864852
202300024971,19,12,2023,2025-12-05 17:45:00,3,91,91477,1,1,2,5,Autoroute A10,48.71658,2.2634
202300024972,19,12,2023,2025-12-05 11:35:00,1,92,92050,1,1,1,6,A14,48.90030972,2.20819115
202300024973,19,12,2023,2025-12-05 08:23:00,1,78,78322,1,1,1,7,Rn12,48.787167,2.148295
202300024974,19,12,2023,2025-12-05 09:00:00,1,78,78158,1,1,8,3,A13,48.83151,2.14454
202300024975,18,12,2023,2025-12-05 12:00:00,1,92,92064,1,1,1,3,A13,48.83831683,2.19175147
202300024976,18,12,2023,2025-12-05 07:00:00,3,92,92025,1,1,1,4,A86,48.92755851,2.23725934
202300024977,19,12,2023,2025-12-05 05:20:00,3,95,95527,1,1,1,4,A1,49.00223641,2.52363934
202300024978,18,12,2023,2025-12-05 19:10:00,3,93,93066,1,1,1,2,Autoroute A86,48.92272104,2.34559178
202300024979,19,12,2023,2025-12-05 10:00:00,1,94,94052,1,1,1,7,A86,48.84027522,2.49328165
202300024980,18,12,2023,2025-12-05 21:00:00,3,77,77373,1,1,1,2,Rn104,48.79777024,2.62301428
202300024981,31,7,2023,2025-12-05 07:30:00,1,86,86019,1,1,1,2,Adresse_Inconnue,46.73868,0.412158
202300024982,19,7,2023,2025-12-05 21:27:00,2,88,88253,2,9,1,6,43 Rue Du Saut-Le-Cerf,48.199539,6.480651
202300024983,17,7,2023,2025-12-05 16:55:00,1,88,88075,2,1,1,2,Rue Du Hohneck_,48.001574,6.914772
202300024984,21,6,2023,2025-12-05 13:10:00,1,88,88484,1,1,1,3,1 Devant La Goule_,48.086628,6.335018
202300024985,18,6,2023,2025-12-05 20:10:00,1,88,88250,1,4,7,1,Route De Chenimenil,48.1141,6.568456
202300024986,25,5,2023,2025-12-05 15:05:00,1,88,88516,1,3,1,3,D 229,48.194458,5.974867
202300024987,24,8,2023,2025-12-05 10:35:00,1,9,9225,2,1,1,2,Mirepoix Route De,43.10242,1.63204
202300024988,19,9,2023,2025-12-05 07:50:00,1,9,9225,2,2,1,3,9deg R.C.P. Avenue Du,43.11481,1.6205
202300024989,10,9,2023,2025-12-05 02:20:00,5,9,9225,2,1,1,1,Menestrels Chemin Des,43.11527504,1.62766233
202300024990,20,3,2023,2025-12-05 09:30:00,1,14,14435,1,1,1,7,Route De La Boissiere,49.11075987,0.13687849
202300024991,17,12,2023,2025-12-05 20:35:00,4,974,97416,2,1,1,3,Ligne Paradis(Route De La),-21.31151,55.47238
202300024992,18,12,2023,2025-12-05 08:00:00,2,69,69383,2,2,8,3,Avenue Felix Faure,45.7529,4.85358
202300024993,17,12,2023,2025-12-05 04:30:00,5,972,97209,2,1,2,6,Beausejour Jambette (Route),14.61895,-61.03717
202300024994,18,12,2023,2025-12-05 11:45:00,1,69,69389,2,1,1,3,25 Rue Joannes Carret,45.79245,4.81814
202300024995,18,12,2023,2025-12-05 15:45:00,1,2B,2B033,2,1,1,2,Toutes Rues,42.69256,9.451797
202300024996,18,12,2023,2025-12-05 08:10:00,1,2B,2B033,2,9,7,3,Cimetiere,42.69,9.45
202300024997,17,12,2023,2025-12-05 18:50:00,3,971,97113,1,1,2,1,Section Leroux,16.24138,-61.47596
202300024998,17,12,2023,2025-12-05 18:00:00,3,971,97113,1,1,2,3,Rn4 - Section Riviera,16.21229,-61.47571
202300024999,17,12,2023,2025-12-05 17:45:00,5,971,97113,1,1,2,6,Section Cocoyer,16.24138,-61.47596
202300025000,16,12,2023,2025-12-05 16:45:00,1,971,97113,1,1,1,3,Rn4 - Section Riviera,16.21785,-61.48605
202300025001,18,12,2023,2025-12-05 11:19:00,1,2A,2A004,2,1,1,6,Alata Route,41.93472,8.73653
202300025002,18,12,2023,2025-12-05 17:05:00,5,95,95323,2,1,1,6,D48E,49.01084,2.04671
202300025003,18,12,2023,2025-12-05 08:01:00,2,91,91570,2,9,8,6,Saint Saens (Rue),48.63513,2.321
202300025004,18,12,2023,2025-12-05 17:30:00,5,91,91161,2,3,1,6,Rue Gay Lussac,48.71023,2.29771
202300025005,16,12,2023,2025-12-05 20:00:00,5,91,91657,2,2,1,3,Rue Pierre Semard,48.69694,2.43595
202300025006,14,12,2023,2025-12-05 19:05:00,5,91,91223,2,1,2,2,Mai 1945 (Avenue Du 8),48.44078,2.15436
202300025007,18,12,2023,2025-12-05 13:04:00,1,87,87085,1,1,1,7,Chatrades (Rue Des),45.85247,1.17727
202300025008,18,12,2023,2025-12-05 20:40:00,5,84,84080,2,1,1,6,Liberation Avenue De La,44.03335,4.99816
202300025009,17,12,2023,2025-12-05 02:00:00,5,84,84007,2,1,1,6,Lyon (Route De ),43.95203,4.82813
202300025010,16,12,2023,2025-12-05 13:50:00,1,80,80021,2,1,1,7,Dejean (Rue),49.89174,2.31258
202300025011,17,12,2023,2025-12-05 15:00:00,1,78,78650,2,2,7,6,Montesson (Route De),48.90268,2.13693
202300025012,18,12,2023,2025-12-05 19:24:00,5,78,78440,2,1,1,1,Marechal Foch (Avenue Du),48.98778,1.89669
202300025013,17,12,2023,2025-12-05 17:50:00,5,76,76351,2,2,1,3,Sports,49.51379,0.12982
202300025014,18,12,2023,2025-12-05 14:50:00,1,74,74012,2,3,5,6,Etrembieres (Route D'),46.184152,6.230761
202300025015,18,12,2023,2025-12-05 12:00:00,1,72,72095,2,9,1,6,Vienne (Rue De),48.02434,0.20754
202300025016,18,12,2023,2025-12-05 20:15:00,5,70,70388,2,3,1,6,Rd457,47.61838,6.13486
202300025017,17,12,2023,2025-12-05 11:30:00,1,69,69290,2,1,1,6,Route D'Heyrieux,45.68788,4.9426
202300025018,18,12,2023,2025-12-05 13:00:00,1,67,67482,2,4,1,3,Ducs (Rue Des),48.59039,7.71589
202300025019,18,12,2023,2025-12-05 06:30:00,2,67,67218,2,6,1,3,Sebastien Brant (Rue),48.52703,7.73429
202300025020,18,12,2023,2025-12-05 08:40:00,1,64,64445,2,2,2,3,Bareges De,43.29424,-0.35901
202300025021,17,12,2023,2025-12-05 23:20:00,5,64,64445,2,2,1,3,Liege De,43.29883,-0.37491
202300025022,19,12,2023,2025-12-05 17:30:00,4,62,62570,1,1,3,5,D50E2,50.38538,2.855
202300025023,18,12,2023,2025-12-05 23:20:00,5,62,62498,2,1,1,6,Rue De Carency,50.42036459,2.82098088
202300025024,18,12,2023,2025-12-05 06:45:00,5,61,61001,2,2,1,3,Vc,48.42729,0.08945
202300025025,17,12,2023,2025-12-05 13:30:00,1,59,59288,2,1,1,6,Rue Des Alouettes,50.314903,3.399871
202300025026,18,12,2023,2025-12-05 09:00:00,2,59,59291,2,6,5,3,Saint-Pierre (Place),50.24967,3.92187
202300025027,14,12,2023,2025-12-05 07:45:00,1,59,59009,2,1,2,2,Rue De La Volonte,50.60968046,3.13153388
202300025028,11,11,2023,2025-12-05 08:15:00,3,59,59043,2,1,3,7,Abbe Deback (Rue De L'),50.71358809,2.68027735
202300025029,17,12,2023,2025-12-05 14:45:00,1,54,54395,2,3,1,6,Rue Mazagran,48.68944,6.17624
202300025030,15,12,2023,2025-12-05 19:30:00,5,49,49007,2,1,1,6,Epinard Route,47.4902,-0.5618
202300025031,18,12,2023,2025-12-05 07:30:00,5,44,44184,2,1,1,6,30 Boulevard Albert 1Er,47.26646,-2.2227
202300025032,13,12,2023,2025-12-05 15:50:00,1,42,42187,2,1,2,-1,D207,46.03305,4.07884
202300025033,18,12,2023,2025-12-05 07:35:00,2,37,37195,2,6,1,3,Adresse_Inconnue,47.3866,0.65086
202300025034,18,12,2023,2025-12-05 15:10:00,1,35,35278,1,1,1,6,Rn 136,48.141233,-1.680019
202300025035,18,12,2023,2025-12-05 05:00:00,5,34,34172,2,2,1,3,Moulins (Avenue Des,43.63359,3.84342
202300025036,17,12,2023,2025-12-05 03:45:00,5,34,34172,2,4,1,1,Mares (Avenue Henri),43.62006,3.85116
202300025037,15,12,2023,2025-12-05 13:55:00,1,34,34032,2,1,1,1,Mourrut Docteur (Bd),43.34547,3.234
202300025038,18,12,2023,2025-12-05 14:40:00,1,33,33063,2,1,5,2,Boulevard Du President Franklin Roosevelt,44.816,-0.5746
202300025039,18,12,2023,2025-12-05 10:35:00,1,33,33063,2,3,1,3,Rue Borie,44.85334,-0.56722
202300025040,17,12,2023,2025-12-05 00:30:00,5,33,33063,1,1,1,6,Rue Rene Magne,44.88877,-0.54326
202300025041,18,12,2023,2025-12-05 12:55:00,1,27,27681,2,1,8,2,Magny (Route De),49.0984068,1.4935265
202300025042,13,12,2023,2025-12-05 08:20:00,2,27,27299,2,1,2,3,Briand (Avenue Aristide),49.049718,1.1646099
202300025043,18,12,2023,2025-12-05 09:55:00,1,25,25056,2,6,1,6,Causses Rue Des,47.2175,5.9674
202300025044,18,12,2023,2025-12-05 19:35:00,5,17,17333,1,6,1,7,Express (Voie),45.61663,-0.98798
202300025045,18,12,2023,2025-12-05 19:55:00,1,16,16166,1,2,1,3,Republique (Avenue De La),45.66371,0.19495
202300025046,18,12,2023,2025-12-05 15:25:00,1,13,13043,2,1,1,1,Alpes (Rue Des),43.38714,5.23913
202300025047,29,6,2023,2025-12-05 19:40:00,1,44,44109,2,1,1,3,2 Boulevard Ernest Dalby,47.22835,-1.52635
202300025048,30,6,2023,2025-12-05 19:40:00,1,35,35238,1,1,1,3,Champs Rotis (Des),48.13874,-1.71825
202300025049,30,6,2023,2025-12-05 23:55:00,5,33,33063,2,3,2,3,Cours De La Somme,44.82486,-0.57249
202300025050,28,6,2023,2025-12-05 00:20:00,5,31,31555,2,2,1,3,Rte D Albi,43.64514,1.46946
202300025051,16,6,2023,2025-12-05 18:25:00,1,31,31555,2,1,1,7,Bd Pierre Paul Riquet,43.60621,1.45602
202300025052,29,6,2023,2025-12-05 11:25:00,1,29,29039,2,3,1,2,Rue De Kerose,47.873967,-3.902148
202300025053,30,6,2023,2025-12-05 10:30:00,1,29,29019,2,1,1,4,Avenue Marechal Foch,48.393674,-4.488137
202300025054,28,6,2023,2025-12-05 10:30:00,1,29,29019,2,1,2,3,Place De Strasbourg,48.40224,-4.46672
202300025055,30,6,2023,2025-12-05 15:45:00,1,27,27528,2,1,1,6,De Gaulle (Place Du General),49.25631,1.2092
202300025056,30,6,2023,2025-12-05 16:40:00,1,27,27229,2,3,1,3,Monod (Rue Jacques),49.028,1.17996
202300025057,30,6,2023,2025-12-05 08:10:00,1,13,13001,1,1,8,1,St Canadet (Route) D.13,43.57904,5.4574
202300025058,30,6,2023,2025-12-05 16:35:00,1,11,11069,2,2,1,6,Hugo Victor,43.21347,2.34938
202300025059,30,6,2023,2025-12-05 12:10:00,1,6,6027,2,2,1,3,Vial Rue Du Capitaine De Fregate,43.657755,7.168996
202300025060,30,6,2023,2025-12-05 20:20:00,1,75,75112,2,1,1,3,Porte De Vincennes,48.840464,2.413466
202300025061,15,6,2023,2025-12-05 22:55:00,5,75,75113,2,1,1,7,Porte D Ivry,48.820406,2.375444
202300025062,30,6,2023,2025-12-05 19:35:00,1,75,75118,2,3,1,6,Rue Vauvenargues,48.89511,2.33181
202300025063,30,6,2023,2025-12-05 19:00:00,1,75,75116,2,1,1,7,Route Du Champ D Entrainement,48.874288,2.245817
202300025064,30,6,2023,2025-12-05 17:15:00,1,75,75116,2,1,1,3,Avenue Raymond Poincare,48.864182,2.28674
202300025065,29,6,2023,2025-12-05 13:20:00,1,75,75116,2,1,1,3,Avenue De La Grande Armee,48.876783,2.285583
202300025066,29,6,2023,2025-12-05 19:55:00,1,75,75117,2,1,1,6,Souterrain Maillot,48.879878,2.282702
202300025067,23,6,2023,2025-12-05 20:45:00,2,75,75116,2,2,1,6,Rue De La Pompe,48.85853,2.27497
202300025068,30,6,2023,2025-12-05 15:11:00,1,75,75111,2,1,1,3,Boulevard Voltaire,48.855005,2.384812
202300025069,30,6,2023,2025-12-05 12:15:00,1,94,94068,2,1,1,3,Boulevard De Champigny,48.8079893,2.50912714
202300025070,30,6,2023,2025-12-05 15:55:00,1,94,94059,2,2,1,3,Route De Combault,48.82276,2.55966
202300025071,30,6,2023,2025-12-05 22:30:00,5,93,93055,2,3,1,3,Avenue Jean Lolive / Rue Charles Nodier,48.8908631,2.40144879
202300025072,30,6,2023,2025-12-05 10:15:00,1,93,93051,2,6,1,3,Route De Neuilly / Boulevard Du Mont D'Est,48.8431,2.54361
202300025073,30,6,2023,2025-12-05 18:00:00,1,93,93031,2,1,1,6,Rue Du 8 Mai 1945,48.955003,2.30139618
202300025074,30,6,2023,2025-12-05 08:45:00,1,93,93029,2,3,1,3,Rue Jean Pierre Timbaud / Rue Cuvier,48.92365509,2.43976824
202300025075,30,6,2023,2025-12-05 15:05:00,1,93,93071,2,1,1,3,Avenue Salvador Allende,48.94828912,2.52988867
202300025076,30,6,2023,2025-12-05 18:55:00,1,92,92078,2,1,1,1,Charles De Gaulle (Bd) (4 Au 70),48.93738,2.32939
202300025077,26,6,2023,2025-12-05 18:13:00,1,92,92049,2,3,1,6,Ginoux Av. Henri Ndeg1 A 95 Et 2 A 104,48.818,2.32224
202300025078,30,6,2023,2025-12-05 14:15:00,1,92,92026,2,1,1,2,Ancre,48.88929145,2.25182873
202300025079,29,6,2023,2025-12-05 15:30:00,1,92,92012,2,1,1,4,Anatole France (Boulevard) 1/4Bis,48.8524,2.22829
202300025080,1,7,2023,2025-12-05 13:40:00,1,2A,2A026,1,1,1,6,Departementale 83,41.884947,9.028873
202300025081,29,6,2023,2025-12-05 19:40:00,1,67,67362,1,1,1,6,D159,48.248722,7.357227
202300025082,1,7,2023,2025-12-05 11:10:00,1,63,63048,1,1,2,7,D987,45.676906,2.567003
202300025083,1,7,2023,2025-12-05 09:10:00,1,67,67548,2,6,1,3,D30,48.642834,7.601895
202300025084,30,6,2023,2025-12-05 08:15:00,1,59,59499,2,1,1,6,Rue Jules Kinoo,50.940428,2.540589
202300025085,1,7,2023,2025-12-05 01:29:00,3,30,30041,1,1,1,6,Adresse_Inconnue,43.95958,4.383154
202300025086,30,6,2023,2025-12-05 13:00:00,1,21,21485,2,3,1,1,29 Route De Dijon,47.335994,4.983169
202300025087,30,6,2023,2025-12-05 09:30:00,1,51,51211,1,1,1,1,Dommartin-Dampierre,49.071195,4.817124
202300025088,29,6,2023,2025-12-05 17:29:00,1,79,79103,1,1,1,7,Adresse_Inconnue,46.785434,-0.59331
202300025089,30,6,2023,2025-12-05 21:20:00,1,79,79210,1,1,2,7,Adresse_Inconnue,46.84315,-0.657903
202300025090,1,6,2023,2025-12-05 14:00:00,1,2B,2B123,1,1,1,5,Route De Bastia,42.055885,9.431736
202300025091,1,7,2023,2025-12-05 01:25:00,4,71,71263,2,1,1,6,1555 Route De Montagny,46.642817,5.256918
202300025092,1,7,2023,2025-12-05 16:45:00,1,71,71095,2,2,3,1,Route Departementale 985,46.260687,4.293192
202300025093,28,6,2023,2025-12-05 05:15:00,4,71,71202,2,1,1,6,2 Rue Du Clos L?Eveque,46.846428,4.75083
202300025094,30,6,2023,2025-12-05 17:50:00,1,63,63352,1,2,1,3,Rd 141 / Chemin,45.448939,3.230109
202300025095,1,7,2023,2025-12-05 00:50:00,3,49,49200,1,6,2,7,D775,47.566928,-0.677408
202300025096,1,7,2023,2025-12-05 10:30:00,1,42,42092,1,1,2,6,Route Des Brossettes,45.500437,4.385583
202300025097,29,6,2023,2025-12-05 19:00:00,1,41,41235,1,1,1,7,Rd357,47.913991,0.833008
202300025098,29,6,2023,2025-12-05 12:27:00,1,68,68259,1,9,1,7,D21B,47.456416,7.349167
202300025099,1,7,2023,2025-12-05 13:15:00,1,25,25139,1,1,1,1,D48,47.020784,6.413196
202300025100,30,6,2023,2025-12-05 16:25:00,1,44,44111,1,3,2,3,Route De Notre-Dame-Des-Landes,47.363598,-1.673666
202300025101,30,6,2023,2025-12-05 23:20:00,3,15,15021,1,1,1,6,Rd 64,44.793874,2.270184
202300025102,30,6,2023,2025-12-05 18:20:00,1,5,5176,1,1,1,6,D900B,44.470174,6.131916
202300025103,6,6,2023,2025-12-05 19:00:00,1,83,83028,2,1,2,7,2807 Route Departementale 25,43.589659,6.535888
202300025104,29,6,2023,2025-12-05 10:40:00,1,43,43244,1,1,1,1,Route De Charron,45.13072,4.293538
202300025105,1,7,2023,2025-12-05 09:20:00,1,43,43230,2,1,1,6,Rd251,45.14440284,3.91027484
202300025106,28,6,2023,2025-12-05 18:45:00,1,87,87068,1,2,1,3,Carrefour D1 D63,46.1532,1.450195
202300025107,1,7,2023,2025-12-05 10:10:00,1,30,30210,2,3,1,1,219 Route D'Anduze,43.913646,4.003637
202300025108,30,6,2023,2025-12-05 16:40:00,1,30,30349,1,1,1,7,D6110,43.867796,4.098802
202300025109,1,7,2023,2025-12-05 02:48:00,5,63,63164,1,9,1,6,A71,45.84141,3.160651
202300025110,28,6,2023,2025-12-05 09:35:00,1,42,42276,1,1,1,6,Route De La Croix Trevingt,45.958712,3.756525