num_acc,jour,mois,an,hrmn,lum,dep,com,agg,int,atm,col,adr,lat,long
202300025111,29,6,2023,2025-12-05 20:05:00,2,31,31037,1,1,3,2,A61 - Pk 275.000,43.347901,1.816134
202300025112,30,6,2023,2025-12-05 18:05:00,1,13,13086,1,1,1,3,A52 Pk 17.000,43.333638,5.605259
202300025113,30,6,2023,2025-12-05 14:15:00,1,17,17365,1,1,1,7,D910Bis,45.236278,-0.197797
202300025114,28,6,2023,2025-12-05 03:30:00,5,987,98712,2,1,1,3,Rt2 Au Niveau De Min Chiu,-17.279,-149.542
202300025115,1,7,2023,2025-12-05 05:00:00,2,988,98814,1,1,1,6,Tribu De Waihmeme,-20.87854,167.23471
202300025116,30,6,2023,2025-12-05 18:50:00,1,34,34075,1,1,1,7,D10E1 Pr 003+800,43.345904,2.709857
202300025117,27,6,2023,2025-12-05 13:00:00,1,34,34240,1,3,1,1,2 Rue Rene Salvador,43.618132,3.957315
202300025118,1,7,2023,2025-12-05 13:00:00,1,13,13084,1,1,1,7,D67A,43.709548,5.290604
202300025119,1,7,2023,2025-12-05 10:30:00,1,52,52449,1,1,2,6,D17,47.82181104,5.40053395
202300025120,30,6,2023,2025-12-05 23:50:00,3,88,88242,1,1,1,7,D27,48.368941,5.824449
202300025121,30,6,2023,2025-12-05 07:25:00,1,54,54596,1,1,1,1,D50,48.55811954,6.09709024
202300025122,30,6,2023,2025-12-05 14:45:00,1,63,63470,1,1,1,3,Rd 986,45.865031,3.015232
202300025123,30,6,2023,2025-12-05 18:30:00,1,69,69062,1,1,1,6,Route De Grammond,45.621622,4.442465
202300025124,27,6,2023,2025-12-05 19:00:00,1,17,17393,1,1,1,3,Rue Malleville,45.71499,-0.864315
202300025125,28,6,2023,2025-12-05 04:50:00,2,33,33366,1,2,1,1,Rd 670,44.982437,-0.407739
202300025126,30,6,2023,2025-12-05 20:30:00,1,85,85302,1,1,2,7,La Rabotiere,46.96651,-1.00238
202300025127,1,7,2023,2025-12-05 15:50:00,1,14,14762,1,1,1,1,L'Oisonniere - Roullours,48.827195,-0.857084
202300025128,30,6,2023,2025-12-05 19:45:00,1,60,60135,1,1,1,1,D44,49.30534243,2.24088623
202300025129,1,7,2023,2025-12-05 05:45:00,1,59,59571,2,1,1,6,Rue De La Republique,50.187231,3.487671
202300025130,30,6,2023,2025-12-05 11:15:00,1,13,13212,1,1,1,2,A507 Sens Aubagne- Marseille,43.312229,5.424174
202300025131,22,6,2023,2025-12-05 14:17:00,1,13,13071,1,1,1,2,A7-Sens Marseille Vers Lyon,43.41182,5.28274
202300025132,28,6,2023,2025-12-05 13:50:00,1,83,83137,1,1,1,3,A50,43.12629,5.90921
202300025133,30,6,2023,2025-12-05 01:30:00,3,83,83035,1,1,2,6,A50,43.19021082,5.76551732
202300025134,29,6,2023,2025-12-05 18:00:00,1,83,83062,1,1,1,6,A57,43.14363957,6.02062675
202300025135,28,6,2023,2025-12-05 16:50:00,1,33,33065,1,1,1,3,Route Nationale 230,44.82648,-0.50816
202300025136,29,6,2023,2025-12-05 16:55:00,1,62,62907,1,1,1,3,A1,50.48588,2.98521
202300025137,30,6,2023,2025-12-05 20:25:00,1,94,94038,1,1,1,7,A6A,48.79014534,2.3440838
202300025138,30,6,2023,2025-12-05 16:40:00,1,92,92002,1,1,1,2,Autoroute A10,48.730155,2.307558
202300025139,30,6,2023,2025-12-05 15:30:00,1,91,91689,1,1,1,3,A6,48.7454,2.32439
202300025140,30,6,2023,2025-12-05 11:15:00,1,91,91161,1,1,1,2,Autoroute A126,48.71101,2.29825
202300025141,30,6,2023,2025-12-05 17:18:00,1,78,78646,1,1,1,6,Rn12,48.790765,2.110564
202300025142,30,6,2023,2025-12-05 16:06:00,1,92,92050,1,1,1,3,A86,48.902288,2.203934
202300025143,30,6,2023,2025-12-05 12:00:00,1,92,92036,1,1,1,2,Rn 315,48.93664875,2.29983247
202300025144,30,6,2023,2025-12-05 08:30:00,1,93,93006,1,1,1,3,Autoroute A3,48.86562694,2.41958736
202300025145,29,6,2023,2025-12-05 16:50:00,1,988,98818,2,1,1,2,Collard (Rue Du Docteur Georges),-22.25165,166.45458
202300025146,29,6,2023,2025-12-05 06:45:00,1,988,98818,2,3,1,3,Rue Auguste Benebig/Rue Bataille,-22.27202,166.45059
202300025147,29,6,2023,2025-12-05 12:55:00,1,976,97611,2,1,1,6,Passamanty-Vahibe ( Route ),-12.80239,45.20974
202300025148,29,6,2023,2025-12-05 08:20:00,1,974,97416,1,1,1,5,Rn1 (Route Nationale),-21.31261,55.49508
202300025149,28,6,2023,2025-12-05 16:15:00,1,974,97416,1,1,1,2,Rn02,-21.35314,55.51017
202300025150,18,6,2023,2025-12-05 20:17:00,4,974,97411,2,3,1,3,Bois De Nefles (Route De),-20.90364,55.4782
202300025151,29,6,2023,2025-12-05 15:40:00,1,973,97302,2,3,1,1,Novaparc (Residence) Rte De Raban,4.92616,-52.31361
202300025152,29,6,2023,2025-12-05 11:45:00,1,973,97302,2,1,1,3,Baduel (Route De),4.93545,-52.31267
202300025153,29,6,2023,2025-12-05 13:55:00,1,69,69387,2,2,1,3,Rue De L'Universite,45.74922,4.842
202300025154,29,6,2023,2025-12-05 14:00:00,1,69,69386,2,1,1,3,Rue Duquesne,45.77276,4.84593
202300025155,15,6,2023,2025-12-05 13:10:00,1,69,69386,2,2,1,3,Rue De Crequi,45.76804,4.84611
202300025156,25,6,2023,2025-12-05 19:20:00,5,972,97213,1,1,1,7,Route Nationale 6,14.619025,-61.001507
202300025157,30,6,2023,2025-12-05 00:10:00,5,69,69385,2,1,2,7,Rue Des Macchabees,45.7557,4.81525
202300025158,29,6,2023,2025-12-05 15:45:00,1,69,69149,2,1,1,2,Rue Francisque Jomard,45.71721,4.79369
202300025159,20,6,2023,2025-12-05 06:50:00,1,971,97113,1,1,1,7,Section Port Blanc,16.21958,-61.476
202300025160,23,6,2023,2025-12-05 08:09:00,1,971,97113,1,1,2,7,Section Leroux,16.22778,-61.47592
202300025161,29,6,2023,2025-12-05 13:40:00,1,2A,2A004,2,1,1,1,Angelo Lot San Ancienne Rte De Sartene,41.9304,8.77988
202300025162,29,6,2023,2025-12-05 14:30:00,1,86,86194,2,1,1,2,D910,46.5484402,0.299823
202300025163,29,6,2023,2025-12-05 18:35:00,1,81,81060,2,1,1,6,Roucan ( Av. Du ),44.0578,2.14996
202300025164,29,6,2023,2025-12-05 21:45:00,2,78,78650,2,2,1,1,Montesson (Route De),48.90251,2.13573
202300025165,24,6,2023,2025-12-05 17:00:00,1,77,77449,2,1,1,2,Bd La Meridienne,48.851224,2.784793
202300025166,29,6,2023,2025-12-05 15:15:00,1,77,77442,1,1,1,2,D210,48.42314,2.76773
202300025167,28,6,2023,2025-12-05 20:30:00,1,76,76351,2,3,1,3,Jean Jaures (Avenue),49.50086,0.17817
202300025168,29,6,2023,2025-12-05 22:40:00,5,71,71040,2,2,1,3,Charbonniere (Rue De La),46.70469,4.39113
202300025169,29,6,2023,2025-12-05 09:40:00,1,69,69264,2,9,1,3,Rue De Belleville,45.9995974,4.71931235
202300025170,29,6,2023,2025-12-05 18:10:00,1,64,64348,2,1,2,4,Charles De Gaulle,43.31324,-0.41664
202300025171,29,6,2023,2025-12-05 00:55:00,5,64,64445,2,1,1,2,Cami Salie Du,43.31824,-0.30279
202300025172,28,6,2023,2025-12-05 22:12:00,5,63,63113,2,2,1,3,Clos Notre Dame / Diomede,45.78371124,3.07670295
202300025173,30,6,2023,2025-12-05 00:10:00,5,59,59368,2,2,1,1,De Gaulle Rue Du General,50.65772738,3.0738008
202300025174,29,6,2023,2025-12-05 07:00:00,1,59,59360,2,1,1,1,Doumer Paul Rue,50.59681,3.03785
202300025175,28,6,2023,2025-12-05 07:40:00,1,54,54395,2,2,1,6,Boulevard De L'Insurrection Du Ghetto De Varsovie,48.68557632,6.18139476
202300025176,27,6,2023,2025-12-05 19:50:00,1,51,51454,2,1,1,4,Lambert (Boulevard Victor),49.24343,4.04556
202300025177,29,6,2023,2025-12-05 17:00:00,1,47,47323,2,2,1,1,Abidjan,44.42211,0.70871
202300025178,29,6,2023,2025-12-05 08:25:00,1,45,45234,2,3,1,3,25 Quai Du Roi,47.89961,1.92474
202300025179,25,6,2023,2025-12-05 21:30:00,1,44,44184,2,2,1,2,116 Rue Jean Gutenberg,47.28179,-2.23491
202300025180,7,5,2023,2025-12-05 19:01:00,1,44,44184,2,5,1,6,1 Rue Michel De Montaigne,47.28647,-2.21847
202300025181,22,6,2023,2025-12-05 07:50:00,1,44,44184,2,1,1,5,2 Boulevard Pierre De Maupertuis,47.27748,-2.23358
202300025182,18,6,2023,2025-12-05 09:24:00,1,42,42170,1,1,1,6,Route Du Beaujolais,46.0378,4.17256
202300025183,29,6,2023,2025-12-05 00:48:00,3,41,41018,2,1,1,2,Foix (Quai Du),47.5804,1.32659
202300025184,28,6,2023,2025-12-05 13:30:00,1,41,41295,2,1,1,7,D951,47.58981,1.35761
202300025185,29,6,2023,2025-12-05 15:50:00,1,37,37261,2,1,1,6,Delaroche (Rue),47.422,0.67919
202300025186,28,6,2023,2025-12-05 17:15:00,1,35,35055,1,1,1,2,Voie De La Liberte,48.0797,-1.63484
202300025187,29,6,2023,2025-12-05 16:00:00,1,34,34172,2,1,1,6,58 Cours Gambetta,43.608552,3.869018
202300025188,29,6,2023,2025-12-05 10:15:00,1,34,34172,2,1,1,6,1694 Avenue De La Justice De Castelnau,43.62685,3.889766
202300025189,29,6,2023,2025-12-05 19:00:00,1,33,33063,2,8,1,1,Quai De Bacalan,44.86336987,-0.55033296
202300025190,28,6,2023,2025-12-05 21:22:00,2,31,31483,1,1,1,7,Route De La Serre De Cazaux,43.1286,0.72423
202300025191,29,6,2023,2025-12-05 19:00:00,1,29,29232,2,2,1,3,Rue Laennec,47.99496559,-4.1080936
202300025192,28,6,2023,2025-12-05 18:00:00,1,29,29232,2,1,1,6,Rue De Kergestin,47.98470006,-4.13130194
202300025193,28,6,2023,2025-12-05 11:45:00,1,29,29039,2,1,1,2,Rue De Penanguer,47.90578136,-3.91645157
202300025194,28,6,2023,2025-12-05 19:30:00,1,29,29019,2,1,1,6,Rue Anatole France,48.382816,-4.512095
202300025195,29,6,2023,2025-12-05 10:55:00,1,25,25056,2,1,1,6,Blum  Boulevard Leon (Inf 51),47.259688,6.029474
202300025196,14,6,2023,2025-12-05 11:45:00,1,22,22278,2,1,1,6,71deg Ri (Du),48.51106,-2.76042
202300025197,28,6,2023,2025-12-05 17:20:00,1,17,17306,2,1,1,2,Hedde (Avenue Daniel),45.635854,-1.028645
202300025198,29,6,2023,2025-12-05 19:41:00,1,17,17300,2,3,1,3,Lombard   Avenue Modere,46.16885,-1.19512
202300025199,29,6,2023,2025-12-05 10:45:00,1,13,13019,2,9,1,3,Cd6,43.42275,5.370111
202300025200,12,10,2023,2025-12-05 16:50:00,1,37,37233,2,1,1,2,Bonnin (Avenue Jean),47.39592,0.7097
202300025201,29,6,2023,2025-12-05 03:55:00,3,11,11069,1,1,1,6,Adresse_Inconnue,43.20476,2.38796
202300025202,9,10,2023,2025-12-05 01:15:00,4,34,34172,2,1,1,6,Corse (Rue De),43.63527,3.8117
202300025203,28,6,2023,2025-12-05 21:56:00,5,10,10387,2,2,1,3,Victor Hugo (Rue),48.29347,4.06879
202300025204,10,10,2023,2025-12-05 13:00:00,1,34,34003,2,1,1,6,Reveille (D5 A E4 Et E12 A F11,43.31508,3.46825
202300025205,29,6,2023,2025-12-05 14:35:00,1,8,8105,2,1,1,6,106 Avenue Charles De Gaulle,49.77065,4.71114
202300025206,29,6,2023,2025-12-05 14:25:00,1,7,7281,1,1,1,7,C.D.533,44.93132,4.81428
202300025207,12,10,2023,2025-12-05 08:15:00,1,33,33063,2,3,1,3,Quai Du Marechal Lyautey,44.8433,-0.57008
202300025208,29,6,2023,2025-12-05 13:05:00,1,6,6088,2,1,1,1,Cessole (Bd De) (A Partir Du 101-114),43.7105,7.255917
202300025209,29,6,2023,2025-12-05 02:10:00,5,3,3190,2,1,1,6,Rue De Bourgogne,46.5673,3.338
202300025210,11,10,2023,2025-12-05 22:10:00,3,33,33162,2,1,1,2,Avenue Du Taillan-Medoc,44.8735,-0.6346
202300025211,29,6,2023,2025-12-05 18:25:00,1,75,75120,2,1,1,2,Porte De Montreuil,48.856321,2.414137
202300025212,29,6,2023,2025-12-05 15:10:00,1,75,75112,2,1,1,3,Port De Bercy,48.827141,2.39103
202300025213,12,10,2023,2025-12-05 13:59:00,1,31,31555,2,1,1,6,Av Des Minimes,43.617184,1.436891
202300025214,28,6,2023,2025-12-05 07:10:00,1,75,75116,2,1,1,2,Echangeur Maillot,48.878194,2.279974
202300025215,12,10,2023,2025-12-05 07:45:00,2,31,31555,2,1,1,3,Av Jean Chaubet,43.60461,1.47543
202300025216,29,6,2023,2025-12-05 12:00:00,1,75,75120,2,1,8,1,Avenue Gambetta,48.863476,2.389832
202300025217,10,10,2023,2025-12-05 08:20:00,1,31,31555,2,1,1,3,Rte D Albi,43.636776,1.464455
202300025218,29,6,2023,2025-12-05 15:15:00,1,75,75116,2,7,1,6,Avenue De Versailles,48.838008,2.257573
202300025219,29,6,2023,2025-12-05 14:45:00,1,75,75116,2,1,1,3,Avenue Victor Hugo,48.869153,2.28414
202300025220,8,10,2023,2025-12-05 04:25:00,3,31,31555,1,1,1,6,Va007553 A61,43.63403,1.47815
202300025221,28,6,2023,2025-12-05 09:55:00,1,75,75115,2,1,1,6,Rue Alphonse Bertillon,48.834405,2.310813
202300025222,12,10,2023,2025-12-05 11:35:00,1,31,31483,2,1,1,6,Pyrennees (Boulevard Des),43.101181,0.714929
202300025223,29,6,2023,2025-12-05 11:45:00,1,75,75115,2,1,1,6,Boulevard Garibaldi,48.845556,2.310234
202300025224,28,6,2023,2025-12-05 14:30:00,1,75,75114,2,1,1,7,Avenue Du Maine,48.834058,2.324408
202300025225,12,10,2023,2025-12-05 10:00:00,1,29,29039,2,1,2,3,2 Rue Du Moros,47.877333,-3.904664
202300025226,29,6,2023,2025-12-05 18:50:00,1,75,75113,2,2,1,6,Rue Pau Casals,48.831029,2.377592
202300025227,11,10,2023,2025-12-05 17:10:00,1,26,26252,2,1,1,7,Descartes Rue,44.86435,4.87173
202300025228,28,6,2023,2025-12-05 23:00:00,5,75,75111,2,2,1,1,Rue De Charonne,48.855758,2.391327
202300025229,29,6,2023,2025-12-05 20:50:00,2,75,75110,2,2,1,6,Rue Albert Thomas,48.869325,2.363372
202300025230,12,10,2023,2025-12-05 21:30:00,5,25,25056,2,2,1,3,Churchill Bd Winston,47.2474,5.99904
202300025231,29,6,2023,2025-12-05 14:40:00,1,75,75110,2,3,1,6,Rue Des Ecluses Saint Martin,48.877343,2.365828
202300025232,11,10,2023,2025-12-05 15:47:00,1,19,19031,2,2,1,6,Rue Philibert Lalande,45.15975397,1.50347471
202300025233,29,6,2023,2025-12-05 10:00:00,1,75,75110,2,3,1,3,Boulevard Saint Martin,48.867951,2.362382
202300025234,29,6,2023,2025-12-05 11:10:00,1,75,75108,2,2,1,3,Rue La Boetie,48.873931,2.315893
202300025235,12,10,2023,2025-12-05 16:00:00,1,17,17415,2,9,1,6,Lemercier Cours,45.747693,-0.640273
202300025236,29,6,2023,2025-12-05 13:23:00,1,75,75107,2,5,1,6,Quai D Orsay,48.862588,2.319022
202300025237,29,6,2023,2025-12-05 10:30:00,1,94,94003,2,1,1,3,Avenue Aristide Briand,48.804126,2.325054
202300025238,27,6,2023,2025-12-05 00:50:00,5,94,94028,2,9,1,6,Allee Parmentier,48.78788,2.45014
202300025239,12,10,2023,2025-12-05 16:45:00,1,17,17291,1,1,1,2,08 Pk Rn237 Re Moulin Justice,46.17414,-1.122988
202300025240,26,6,2023,2025-12-05 20:15:00,1,94,94069,2,1,1,6,Rue Du Marechal Leclerc,48.817935,2.441552
202300025241,29,6,2023,2025-12-05 00:10:00,5,93,93070,2,1,1,2,Avenue Michelet,48.91222206,2.3442319
202300025242,29,6,2023,2025-12-05 09:30:00,1,93,93048,2,9,1,3,Boulevard Aristide Briand,48.87262449,2.45331639
202300025243,29,6,2023,2025-12-05 05:15:00,1,93,93007,2,6,1,6,Rue Maxime Gorki,48.94173051,2.45926397
202300025244,12,10,2023,2025-12-05 17:15:00,1,14,14118,2,1,1,6,12 Avenue President Coty,49.19199,-0.39515
202300025245,29,6,2023,2025-12-05 10:25:00,1,92,92075,2,1,1,2,Lycee (Boulevard Du),48.82252,2.28476
202300025246,28,6,2023,2025-12-05 17:30:00,1,92,92048,2,9,1,2,Pave Des Gardes (Route Du),48.81145,2.21119
202300025247,12,10,2023,2025-12-05 18:45:00,2,13,13117,2,3,1,3,Glaciere ( Rue De La ),43.42323,5.24116
202300025248,29,6,2023,2025-12-05 13:24:00,1,92,92024,2,3,1,3,Jean Jaures (Bd) De 47 A 109)   (56 A 14,48.90369789,2.30324775
202300025249,12,10,2023,2025-12-05 17:56:00,2,13,13106,2,9,1,6,8 Mai 1945 (Avenue Du),43.39864,5.3666
202300025250,29,6,2023,2025-12-05 10:42:00,1,92,92024,2,1,1,5,Jean Jaures (Bd) De (111 A 159),48.90756,2.30013
202300025251,28,6,2023,2025-12-05 14:32:00,1,92,92012,2,1,1,3,Reine (Route De La) 82/Fin - 107Ter/Fin,48.84004,2.2366
202300025252,29,6,2023,2025-12-05 19:30:00,1,92,92014,2,1,1,6,Marechal Joffre (Bd Du) (43 A 97 - 58 A,48.78005,2.31367
202300025253,12,10,2023,2025-12-05 23:28:00,5,13,13209,2,1,1,1,Michelet (Boulevard),43.25184466,5.40297287
202300025254,28,6,2023,2025-12-05 17:40:00,1,17,17045,1,2,1,3,D137,45.847262,-0.819104
202300025255,12,10,2023,2025-12-05 22:45:00,5,13,13211,2,6,1,1,Montre (Traverse De La),43.29743,5.4795
202300025256,29,6,2023,2025-12-05 10:20:00,1,43,43185,1,1,1,7,D651,45.400785,3.302121
202300025257,30,6,2023,2025-12-05 15:30:00,1,974,97405,1,1,1,1,40 Chemin Laguerre,-21.363761,55.559722
202300025258,12,10,2023,2025-12-05 23:00:00,5,13,13212,2,3,1,3,24 Avril 15 (Avenue Du),43.3083,5.43636
202300025259,24,6,2023,2025-12-05 22:00:00,5,1,1427,2,1,1,6,Quai De Saone,45.940138,4.771124
202300025260,12,10,2023,2025-12-05 18:07:00,1,13,13002,2,6,1,6,Mouren (Place),43.35598,5.48664
202300025261,25,6,2023,2025-12-05 05:10:00,2,1,1194,2,1,1,3,Rue Du Marmont,45.986917,4.7623
202300025262,26,6,2023,2025-12-05 12:40:00,1,14,14027,1,1,1,6,3 Route De Saint-Celerin (Ondefontaine),48.984245,-0.64064
202300025263,12,10,2023,2025-12-05 00:50:00,5,13,13207,2,1,1,1,Corniche John Fitzgerald Kennedy,43.2765793,5.35808882
202300025264,12,10,2023,2025-12-05 21:00:00,5,13,13001,2,9,1,6,Republique (Bd De La),43.52889,5.4396
202300025265,12,10,2023,2025-12-05 19:40:00,3,13,13001,1,9,1,3,St Canadet (Route) D.13,43.59053,5.45739
202300025266,12,10,2023,2025-12-05 23:15:00,5,10,10387,2,1,1,3,Fernand Giroux (Rue),48.30089,4.06342
202300025267,12,10,2023,2025-12-05 13:05:00,1,9,9207,2,1,1,6,Pyrenees (Av Des),42.92894,1.63559
202300025268,12,10,2023,2025-12-05 11:37:00,1,6,6029,2,1,1,3,Buissons Ardents,43.55827,6.96512
202300025269,12,10,2023,2025-12-05 08:50:00,1,6,6027,2,3,1,4,Juin Boulevard Marechal,43.65768,7.15101
202300025270,10,10,2023,2025-12-05 14:45:00,1,6,6027,2,1,1,2,Cannes Avenue De (Rn7),43.653679,7.146436
202300025271,8,10,2023,2025-12-05 16:45:00,1,2,2243,1,1,1,2,Adresse_Inconnue,49.41555,3.39131
202300025272,7,10,2023,2025-12-05 15:50:00,1,2,2722,2,1,1,6,66 Rue Saint-Martin,49.3796,3.32811
202300025273,6,10,2023,2025-12-05 18:30:00,1,2,2722,2,1,7,6,Adresse_Inconnue,49.38415,3.32826
202300025274,5,10,2023,2025-12-05 14:05:00,1,2,2722,2,1,1,6,Adresse_Inconnue,49.37711,3.32872
202300025275,12,10,2023,2025-12-05 12:05:00,1,75,75118,2,1,2,7,Boulevard Peripherique,48.900911,2.360246
202300025276,11,10,2023,2025-12-05 10:30:00,1,75,75114,2,1,1,2,Porte D Orleans,48.819984,2.325696
202300025277,10,10,2023,2025-12-05 18:30:00,1,75,75119,2,1,1,2,Porte De Pantin,48.890069,2.396274
202300025278,12,10,2023,2025-12-05 18:45:00,2,75,75120,2,3,8,6,Avenue Gambetta,48.864691,2.394513
202300025279,10,10,2023,2025-12-05 17:15:00,1,75,75120,2,4,1,6,Rue Des Pyrenees,48.867783,2.396215
202300025280,12,10,2023,2025-12-05 11:22:00,1,75,75116,2,2,2,3,Avenue Ferdinand Buisson,48.836709,2.253626
202300025281,12,10,2023,2025-12-05 14:45:00,1,75,75113,2,2,1,3,Quai Panhard Et Levassor,48.828107,2.384874
202300025282,12,10,2023,2025-12-05 16:10:00,1,75,75111,2,3,1,6,Rue Du Faubourg Saint Antoine,48.851022,2.377215
202300025283,11,10,2023,2025-12-05 12:55:00,1,75,75108,2,2,1,3,Avenue De Marigny,48.871105,2.316313
202300025284,11,10,2023,2025-12-05 23:37:00,5,75,75101,2,2,1,6,Boulevard De Sebastopol,48.860075,2.34909
202300025285,11,10,2023,2025-12-05 09:50:00,1,75,75102,2,1,1,6,Boulevard Poissonniere,48.871233,2.344566
202300025286,11,10,2023,2025-12-05 14:15:00,1,94,94081,2,1,1,6,Avenue De L'Abbe Roger Derry,48.79069675,2.39258653
202300025287,11,10,2023,2025-12-05 18:00:00,1,94,94068,2,1,1,3,117 Quai Winston Churchill,48.8013,2.5222
202300025288,11,10,2023,2025-12-05 22:45:00,3,94,94068,2,2,1,3,Rue Garnier Pages,48.800111,2.497301
202300025289,12,10,2023,2025-12-05 09:40:00,1,94,94076,2,1,1,1,Rue Marcel Grosmenil,48.7968,2.35472
202300025290,12,10,2023,2025-12-05 08:45:00,1,94,94076,2,2,3,6,Avenue De La Republique,48.78847,2.3618
202300025291,12,10,2023,2025-12-05 19:30:00,5,94,94076,2,1,1,6,45 Voie Dalou,48.786287,2.375968
202300025292,11,10,2023,2025-12-05 23:00:00,5,94,94011,2,2,1,2,Avenue Auguste Gross,48.77391641,2.4865087
202300025293,11,10,2023,2025-12-05 08:47:00,1,94,94028,2,1,1,6,Avenue Francois Mitterrand,48.769404,2.465235
202300025294,12,10,2023,2025-12-05 08:20:00,1,93,93078,2,6,3,6,Avenue Du Sausset / Avenue Du Sausset,48.96303,2.51789
202300025295,12,10,2023,2025-12-05 15:32:00,1,93,93070,2,2,1,3,Rue Louis Blanc / Avenue Gabriel Peri,48.90678,2.3318
202300025296,11,10,2023,2025-12-05 09:36:00,1,93,93066,2,9,1,3,Rue Du Fort De La Briche,48.944197,2.342166
202300025297,12,10,2023,2025-12-05 12:10:00,1,93,93062,2,1,2,3,Allee Des Bosquets,48.90165044,2.51836945
202300025298,12,10,2023,2025-12-05 18:10:00,2,93,93055,2,3,1,3,Avenue Jean Lolive / Rue Pierre Brossolette,48.8945,2.42038
202300025299,11,10,2023,2025-12-05 15:25:00,1,93,93051,2,1,1,3,Boulevard Du Ru De Nesles,48.84039,2.58134
202300025300,12,10,2023,2025-12-05 00:00:00,5,93,93049,2,2,1,6,Rue Edgar Quinet / Rue Faidherbe,48.856616,2.510459
202300025301,12,10,2023,2025-12-05 13:00:00,1,93,93046,2,3,1,3,Avenue De Sully / Allee Dior,48.91434,2.52355
202300025302,12,10,2023,2025-12-05 11:45:00,1,93,93079,2,3,1,6,Rue Maurice Grandcoing / Ruelle Des Roses,48.9651,2.34427
202300025303,12,10,2023,2025-12-05 15:39:00,1,93,93029,2,3,1,3,Rue Charles Gide / Rue Pierre Medrano,48.917538,2.443953
202300025304,12,10,2023,2025-12-05 09:00:00,1,93,93029,2,1,2,4,Rue D'Alsace Lorraine,48.93018,2.443
202300025305,12,10,2023,2025-12-05 21:50:00,5,93,93027,2,3,1,3,Avenue Henri Barbusse / Rue Paul Verlaine,48.93223909,2.39351173
202300025306,12,10,2023,2025-12-05 13:35:00,1,93,93057,2,1,1,3,Allee Monthyon,48.913034,2.506322
202300025307,12,10,2023,2025-12-05 14:35:00,1,93,93001,2,4,8,3,Rue Andre Karman / Rue Edouard Poisson,48.91045057,2.38505949
202300025308,12,10,2023,2025-12-05 01:08:00,5,93,93001,2,1,1,3,Avenue Du President Roosevelt,48.918112,2.379023
202300025309,11,10,2023,2025-12-05 20:09:00,5,92,92072,2,1,1,2,Garenne (Rue De La),48.81876,2.20776
202300025310,10,10,2023,2025-12-05 18:45:00,1,92,92063,2,1,1,2,National (Boulevard),48.88643352,2.18787253
202300025311,12,10,2023,2025-12-05 11:50:00,1,92,92062,2,1,1,2,De Dion Bouton (Quai) Du 29 Au 65,48.8803825,2.24496156
202300025312,11,10,2023,2025-12-05 09:10:00,1,92,92050,2,6,8,3,Neruda Pablo Rue,48.89568222,2.21584193
202300025313,12,10,2023,2025-12-05 09:07:00,1,92,92048,2,1,3,3,Paris (Rue De) Ndeg 12 A 164,48.81440703,2.24675596
202300025314,12,10,2023,2025-12-05 21:10:00,5,92,92026,2,9,1,3,Strasbourg,48.89101128,2.24777484
202300025315,11,10,2023,2025-12-05 12:30:00,1,92,92024,2,3,1,3,Jean Jaures (Bd) De 47 A 109)   (56 A 14,48.90089256,2.30552137
202300025316,12,10,2023,2025-12-05 08:28:00,2,92,92007,2,1,2,3,Briand (Avenue Aristide) Ndeg 162 A 300,48.80136958,2.32374287
202300025317,13,10,2023,2025-12-05 13:26:00,1,80,80425,1,1,1,2,Adresse_Inconnue,50.05738,2.580864
202300025318,12,10,2023,2025-12-05 08:20:00,1,1,1105,2,2,1,6,Rue Victor Hugo,45.922125,4.883401
202300025319,11,10,2023,2025-12-05 13:00:00,1,1,1325,1,4,1,5,D22,45.961001,5.149669
202300025320,12,10,2023,2025-12-05 23:00:00,3,17,17413,1,1,1,2,D137,46.075925,-1.073034
202300025321,13,10,2023,2025-12-05 06:00:00,3,6,6161,1,1,1,1,Route De Grasse,43.657454,7.108449
202300025322,13,10,2023,2025-12-05 07:05:00,2,71,71270,1,1,1,2,A6 Pk392.300 Direction Paris,46.27568296,4.78786245
202300025323,12,10,2023,2025-12-05 15:45:00,1,28,28104,1,1,1,2,D134,48.475478,1.601821
202300025324,12,10,2023,2025-12-05 21:30:00,3,17,17264,1,1,1,7,D106,46.206671,-1.158339
202300025325,13,10,2023,2025-12-05 06:09:00,3,72,72213,1,1,1,1,D338,47.939289,0.236249
202300025326,13,10,2023,2025-12-05 16:50:00,1,44,44073,1,1,2,7,Adresse_Inconnue,47.41014,-1.64182
202300025327,13,10,2023,2025-12-05 12:15:00,1,30,30060,1,6,1,6,D135 Pk 15+78,43.804019,4.405056
202300025328,13,10,2023,2025-12-05 15:30:00,1,76,76198,1,1,2,7,Rue De La Grotte,49.672101,0.851129
202300025329,11,10,2023,2025-12-05 07:45:00,1,76,76142,1,1,1,2,75 Route De Forges - D915,49.531451,1.637102
202300025330,13,10,2023,2025-12-05 10:30:00,1,76,76330,2,1,1,1,332 Rue Du Coudray,49.827752,0.904144
202300025331,12,10,2023,2025-12-05 22:30:00,3,80,80142,1,2,1,6,D141,49.902986,2.086287
202300025332,13,10,2023,2025-12-05 15:15:00,1,71,71450,1,1,1,7,Route De Quincy,46.916994,4.515188