num_acc,jour,mois,an,hrmn,lum,dep,com,agg,int,atm,col,adr,lat,long
202300025564,18,4,2023,2025-12-05 18:05:00,1,35,35238,2,3,1,3,Saint-Jean Baptiste De La Salle,48.11524,-1.70249
202300025565,6,8,2023,2025-12-05 06:15:00,2,4,4113,1,1,1,6,D900,44.143087,6.294158
202300025566,18,4,2023,2025-12-05 13:20:00,1,33,33318,2,6,1,3,Allee Des Tulipes,44.78996,-0.63451
202300025567,3,8,2023,2025-12-05 11:10:00,1,85,85127,1,1,2,1,Rd21,46.424003,-1.516158
202300025568,18,4,2023,2025-12-05 14:30:00,1,33,33009,2,3,1,3,Kemp (Rue Robert),44.65744,-1.15857
202300025569,18,4,2023,2025-12-05 21:30:00,5,31,31555,2,1,1,6,39 Rue Henri Moissan,43.63041,1.45514
202300025570,6,8,2023,2025-12-05 12:00:00,1,28,28304,1,2,1,1,N154,48.293601,1.709747
202300025571,18,4,2023,2025-12-05 12:05:00,1,31,31555,2,1,1,2,Av Edouard Belin,43.5702,1.47344
202300025572,4,8,2023,2025-12-05 13:00:00,1,28,28147,1,1,3,6,D23,48.516299,1.241444
202300025573,18,4,2023,2025-12-05 10:10:00,1,31,31555,2,1,1,3,68 Rue Adolphe Coll,43.59775,1.4225
202300025574,18,4,2023,2025-12-05 09:20:00,1,31,31483,2,1,1,6,Liberation (Place De La ),43.10933,0.72861
202300025575,3,8,2023,2025-12-05 17:50:00,1,17,17150,1,2,2,3,D219E4,45.965825,-0.402317
202300025576,18,4,2023,2025-12-05 07:50:00,1,30,30007,2,3,1,3,Stalingrad (Avenue De),44.12504,4.08979
202300025577,2,8,2023,2025-12-05 17:15:00,1,17,17410,1,1,1,2,Les Caillebottes,45.362131,-0.722748
202300025578,17,4,2023,2025-12-05 20:30:00,1,29,29039,2,6,1,3,Rue De Keriolet,47.88774,-3.91599
202300025579,18,4,2023,2025-12-05 19:00:00,1,28,28404,2,9,1,6,Crecy (Route De),48.72149,1.32395
202300025580,5,8,2023,2025-12-05 18:00:00,1,37,37273,1,1,1,6,Zac Des Fougerolles (Zone Commerciale),47.397249,0.784997
202300025581,18,4,2023,2025-12-05 10:55:00,1,28,28085,2,9,1,6,Lathan (Rue Hubert),48.45216,1.49762
202300025582,3,8,2023,2025-12-05 09:45:00,1,37,37109,1,1,1,6,Route De La Pinsonnerie,47.429423,0.582114
202300025583,17,4,2023,2025-12-05 17:35:00,1,25,25056,2,1,8,2,Fontaine-Argent Avenue,47.24573,6.0336
202300025584,4,8,2023,2025-12-05 15:10:00,1,37,37050,2,1,1,3,215 Avenue Du Grand Sud,47.323367,0.709652
202300025585,18,4,2023,2025-12-05 14:00:00,1,22,22278,2,1,1,5,Apollinaire (Guillaume),48.49598,-2.74956
202300025586,17,4,2023,2025-12-05 00:20:00,3,19,19031,1,1,1,7,Avenue Edmond Michelet,45.14548412,1.52894497
202300025587,5,8,2023,2025-12-05 19:00:00,1,30,30346,1,1,1,2,D981,43.96621,4.509358
202300025588,16,4,2023,2025-12-05 12:05:00,1,19,19031,2,2,1,3,Semard (Avenue Pierre) A Partir De Ndeg 75,45.1574,1.52375
202300025589,4,8,2023,2025-12-05 12:30:00,1,30,30055,1,4,1,1,Adresse_Inconnue,44.123206,4.236136
202300025590,17,4,2023,2025-12-05 19:30:00,1,13,13071,1,1,1,2,Quick (Cd6),43.41071,5.32595
202300025591,6,8,2023,2025-12-05 18:50:00,1,88,88116,1,1,1,7,Route De Travexin,47.951481,6.827118
202300025592,18,4,2023,2025-12-05 07:30:00,1,13,13203,2,3,1,3,Mirabeau (Boulevard),43.31427535,5.36974048
202300025593,18,4,2023,2025-12-05 18:10:00,2,13,13005,1,1,1,3,Dirigeable (Avenue Du),43.28291,5.60651
202300025594,4,8,2023,2025-12-05 11:10:00,1,88,88302,1,3,2,2,Rue Du Seu,47.916878,6.791933
202300025595,18,4,2023,2025-12-05 15:00:00,1,13,13070,2,3,1,3,Voltaire (Boulevard),43.28141,5.51613
202300025596,6,8,2023,2025-12-05 02:00:00,3,33,33015,1,9,1,6,"Autoroute A89, Pk 020.785, Sens Perigueux-Bordeaux",44.885082,-0.268618
202300025597,18,4,2023,2025-12-05 20:00:00,2,13,13001,2,1,1,7,Roi Rene (Bd Du),43.52434,5.45262
202300025598,17,4,2023,2025-12-05 17:40:00,1,11,11069,2,1,1,6,Rue De Verdun,43.21261081,2.35067791
202300025599,18,4,2023,2025-12-05 23:30:00,5,6,6088,2,1,1,3,Montel (Bd Paul),43.67571,7.20736
202300025600,7,8,2023,2025-12-05 01:45:00,3,68,68252,1,1,1,3,Rd83 Pk 051+800 Sens Sud Nord,48.141234,7.366419
202300025601,18,4,2023,2025-12-05 17:40:00,1,75,75118,2,1,1,2,Porte De Saint Ouen,48.900616,2.330349
202300025602,18,4,2023,2025-12-05 17:05:00,1,75,75118,2,1,1,3,Porte De Clignancourt,48.901194,2.350747
202300025603,5,8,2023,2025-12-05 18:45:00,2,973,97307,2,2,1,3,Rue Ebene Verte,4.844012,-52.323326
202300025604,18,4,2023,2025-12-05 08:30:00,1,75,75115,2,1,1,2,Bd Peripherique Exterieur,48.834941,2.26804
202300025605,17,4,2023,2025-12-05 20:40:00,1,75,75112,2,1,1,3,Porte De Vincennes,48.844933,2.41426
202300025606,18,4,2023,2025-12-05 18:30:00,2,75,75115,2,2,2,3,Rue De Vaugirard,48.845516,2.319163
202300025607,5,8,2023,2025-12-05 16:45:00,1,973,97307,2,1,1,2,Route De La Distillerie,4.874553,-52.331293
202300025608,15,4,2023,2025-12-05 13:25:00,1,75,75116,2,1,1,3,Avenue Raymond Poincare,48.8690871,2.28549
202300025609,6,8,2023,2025-12-05 17:50:00,1,73,73272,1,1,1,7,A43 Pk 141+300 Sens Italie - France,45.473231,6.288053
202300025610,18,4,2023,2025-12-05 15:05:00,1,75,75112,2,2,1,6,Avenue Du General Michel Bizot,48.83622,2.402903
202300025611,4,8,2023,2025-12-05 14:45:00,1,49,49307,1,1,1,7,A85,47.534878,-0.323753
202300025612,18,4,2023,2025-12-05 18:45:00,1,75,75111,2,3,1,3,Boulevard Voltaire,48.861007,2.374785
202300025613,7,8,2023,2025-12-05 15:00:00,1,30,30036,1,1,1,3,Rn 113,43.780243,4.29279
202300025614,18,4,2023,2025-12-05 14:54:00,1,75,75110,2,2,1,4,Rue La Fayette,48.87852,2.354068
202300025615,18,4,2023,2025-12-05 09:15:00,1,75,75110,2,2,1,3,Rue Du Faubourg Saint Martin,48.871771,2.357131
202300025616,6,8,2023,2025-12-05 01:30:00,3,30,30344,1,2,1,5,Route Nationale 113,43.73982104,4.24346387
202300025617,18,4,2023,2025-12-05 09:00:00,1,75,75110,2,3,1,3,Rue D Abbeville,48.87863,2.350543
202300025618,18,4,2023,2025-12-05 11:40:00,1,75,75109,2,4,1,5,Rue Halevy,48.871157,2.332344
202300025619,3,8,2023,2025-12-05 15:52:00,1,1,1451,1,1,1,2,A40 Pk167+700,46.23835653,5.27549744
202300025620,18,4,2023,2025-12-05 00:01:00,5,75,75107,2,3,1,2,Avenue De La Bourdonnais,48.859917,2.296674
202300025621,6,8,2023,2025-12-05 15:00:00,1,68,68300,1,1,1,6,Sausheim (Embranchement D'Autoroute),47.790173,7.398895
202300025622,17,4,2023,2025-12-05 15:40:00,1,75,75104,2,2,1,6,Rue Francois Miron,48.855354,2.35959
202300025623,6,8,2023,2025-12-05 07:20:00,2,68,68309,1,1,1,2,A35,47.671442,7.471991
202300025624,17,4,2023,2025-12-05 14:40:00,1,75,75103,2,3,1,3,Rue Du Temple,48.866776,2.361965
202300025625,17,4,2023,2025-12-05 22:15:00,5,94,94068,2,1,1,6,Avenue De L'Alma,48.7853,2.4952
202300025626,4,8,2023,2025-12-05 13:15:00,1,31,31004,1,1,1,6,A61 Pk 253.900,43.452091,1.59851
202300025627,18,4,2023,2025-12-05 18:25:00,1,94,94058,2,1,8,3,Avenue Du General De Gaulle,48.84768,2.4979
202300025628,18,4,2023,2025-12-05 12:00:00,1,94,94076,2,1,1,3,Boulevard Maxime Gorki,48.79237347,2.36948363
202300025629,5,8,2023,2025-12-05 15:40:00,1,987,98715,2,9,1,3,Face Au Marche De Faa'A,-17.584,-149.56
202300025630,18,4,2023,2025-12-05 07:50:00,1,94,94043,2,1,1,3,Avenue De Fontainebleau,48.80901,2.36263
202300025631,6,8,2023,2025-12-05 22:00:00,4,64,64021,1,1,1,6,A 64 Pk 114.000 Sens Toulouse Bayonne,43.298198,-0.230885
202300025632,18,4,2023,2025-12-05 01:00:00,5,94,94019,2,2,1,6,Pont De Chennevieres,48.79043313,2.52227077
202300025633,7,8,2023,2025-12-05 09:30:00,1,13,13007,1,1,1,1,A52 P.K 14.160,43.360869,5.614538
202300025634,17,4,2023,2025-12-05 14:25:00,1,94,94017,2,1,1,2,Boulevard De Stalingrad,48.82084419,2.49999958
202300025635,17,4,2023,2025-12-05 21:25:00,5,93,93078,2,2,1,3,Boulevard Robert Ballanger / Avenue Emile Dambel,48.95747,2.54512
202300025636,18,4,2023,2025-12-05 20:01:00,1,93,93064,2,3,1,3,Rue Leon Blum / Rue Conrad Adenauer,48.88097308,2.48008168
202300025637,4,8,2023,2025-12-05 07:58:00,1,38,38486,2,9,1,2,D6,45.159729,5.694681
202300025638,18,4,2023,2025-12-05 11:25:00,1,93,93031,2,1,1,1,Boulevard Foch,48.94452638,2.33741158
202300025639,17,4,2023,2025-12-05 23:00:00,5,93,93031,2,3,1,1,Avenue Joffre / Rue Des Carrieres,48.95874,2.3008
202300025640,6,8,2023,2025-12-05 14:45:00,1,34,34329,1,1,1,2,A9,43.295117,3.198379
202300025641,18,4,2023,2025-12-05 21:45:00,5,93,93007,2,2,8,2,Avenue Hoche / Avenue Ambroise Croizat,48.93443923,2.46848355
202300025642,18,4,2023,2025-12-05 16:25:00,1,93,93001,2,1,1,6,Pont De Stains,48.907425,2.376751
202300025643,18,4,2023,2025-12-05 19:15:00,1,92,92046,2,3,2,3,Pierre Brossolette (Avenue),48.81715068,2.30712086
202300025644,18,4,2023,2025-12-05 08:50:00,1,92,92072,2,1,1,6,Grande Rue,48.82710365,2.22204119
202300025645,18,4,2023,2025-12-05 09:10:00,1,92,92050,2,5,1,2,Renan Ernest Rue,48.89289605,2.18661457
202300025646,5,8,2023,2025-12-05 15:30:00,1,13,13103,1,1,1,2,A7,43.662516,5.099394
202300025647,18,4,2023,2025-12-05 18:40:00,1,92,92020,2,1,1,6,Deforges Rue Etienne Ndeg Pairs,48.79897029,2.28690237
202300025648,18,4,2023,2025-12-05 16:00:00,1,92,92040,2,1,1,7,Gambetta (Boulevard),48.82725198,2.27821738
202300025649,4,8,2023,2025-12-05 18:25:00,3,987,98740,1,1,1,1,Atoll De Tikehau,-15.364,-147.964
202300025650,16,1,2023,2025-12-05 06:00:00,5,91,91174,2,1,2,6,Rue De Paris,48.60539,2.46733
202300025651,17,4,2023,2025-12-05 22:45:00,5,92,92040,2,3,1,3,Gouverneur Gal Eboue Du 02 Au 64,48.82593,2.26953
202300025652,15,1,2023,2025-12-05 14:20:00,1,91,91521,2,1,1,6,Bonte (Rue),48.65895,2.4121
202300025653,6,8,2023,2025-12-05 13:00:00,1,988,98822,1,1,1,6,Ometteux (Tribu),-21.004494,165.404314
202300025654,18,4,2023,2025-12-05 09:25:00,1,92,92026,2,3,1,3,Verdun (De 62 A Fin),48.90131655,2.26000392
202300025655,11,1,2023,2025-12-05 16:10:00,1,91,91174,2,1,1,3,Bd Jean Jaures,48.60611,2.4666
202300025656,4,8,2023,2025-12-05 19:20:00,3,988,98803,1,1,1,6,Rt1 - Nesssadiou,-21.624608,165.546209
202300025657,5,8,2023,2025-12-05 09:50:00,1,974,97403,2,1,1,7,270 Rue Jean Lauret,-21.244392,55.480276
202300025658,18,4,2023,2025-12-05 18:45:00,1,92,92060,2,6,1,3,Charles De Gaulle (Place),48.7727904,2.25171179
202300025659,11,1,2023,2025-12-05 15:05:00,1,91,91521,2,1,1,4,Route De Mennecy,48.64241,2.42043
202300025660,10,1,2023,2025-12-05 08:10:00,5,91,91174,2,1,1,6,Rue De La Poudrerie,48.60427,2.4775
202300025661,18,4,2023,2025-12-05 14:30:00,1,92,92012,2,2,1,7,Meudon (Rue De) - Cote Impair,48.82554285,2.24188149
202300025662,4,8,2023,2025-12-05 11:20:00,1,973,97303,1,1,1,5,N1 - Trou Poissons,5.441877,-53.115463
202300025663,19,4,2023,2025-12-05 05:00:00,3,83,83058,1,1,1,6,Route De Salernes,43.544987,6.322095
202300025664,4,1,2023,2025-12-05 07:50:00,5,91,91228,2,1,2,6,Av De L Orme A Martin,48.63068,2.41274
202300025665,7,8,2023,2025-12-05 07:00:00,1,973,97304,1,4,1,3,Pk41,5.08901,-52.612453
202300025666,18,1,2023,2025-12-05 14:13:00,1,84,84087,1,6,1,1,Venissat-Nord (Chemin De),44.11479,4.81979
202300025667,18,4,2023,2025-12-05 18:40:00,1,41,41157,1,2,1,3,D20/D144,47.454791,1.575707
202300025668,25,1,2023,2025-12-05 09:00:00,2,76,76231,1,1,8,7,Rue Du Thuit Anger,49.282381,0.991424
202300025669,18,4,2023,2025-12-05 17:40:00,1,11,11203,2,1,1,6,1A Avenue Georges Clemenceau,43.20012,2.76451
202300025670,5,8,2023,2025-12-05 16:30:00,1,971,97118,2,1,1,3,Daubin,16.223771,-61.602799
202300025671,24,1,2023,2025-12-05 07:25:00,2,76,76540,2,2,1,3,Rue D'Ornay,49.44323,1.12272
202300025672,19,4,2023,2025-12-05 13:50:00,1,84,84091,2,3,1,3,2167 Avenue De Provence,44.174479,4.761618
202300025673,24,1,2023,2025-12-05 15:45:00,1,76,76351,2,3,1,1,Bellot,49.48534,0.1271
202300025674,19,4,2023,2025-12-05 08:30:00,1,30,30076,2,1,1,6,Rue De Bagnols,44.113315,4.524043
202300025675,6,8,2023,2025-12-05 02:45:00,3,971,97114,1,1,1,1,N1,16.144835,-61.582811
202300025676,18,4,2023,2025-12-05 17:00:00,1,56,56243,2,1,1,6,Route De L'Hippodrome,47.635755,-2.723558
202300025677,24,1,2023,2025-12-05 09:00:00,1,71,71486,2,2,1,3,Waldeck Rochet (Avenue),46.663202,4.369903
202300025678,19,4,2023,2025-12-05 16:00:00,1,82,82025,1,2,1,3,4195 Route De Montbartier,43.968446,1.320822
202300025679,3,8,2023,2025-12-05 15:05:00,1,972,97228,2,1,1,1,Route Nationale 1 Belle Etoile,14.76982,-60.985574
202300025680,25,1,2023,2025-12-05 08:55:00,1,67,67482,2,3,8,3,Soleure (Rue De),48.5775,7.75478
202300025681,19,4,2023,2025-12-05 15:40:00,1,63,63139,1,1,1,1,Route Departementale 906,45.37334467,3.75282142
202300025682,6,8,2023,2025-12-05 08:10:00,1,44,44020,1,1,1,6,Adresse_Inconnue,47.169235,-1.651683
202300025683,18,4,2023,2025-12-05 14:40:00,1,63,63296,1,9,1,3,Route Departementale 10,45.775268,3.382866
202300025684,24,1,2023,2025-12-05 23:09:00,5,67,67482,2,1,1,6,Kellermann (Quai),48.58604,7.74508
202300025685,19,4,2023,2025-12-05 09:25:00,1,61,61063,1,1,1,7,D924,48.710156,-0.390736
202300025686,2,8,2023,2025-12-05 18:00:00,1,33,33214,2,3,1,1,Avenue Du Cantabria,45.006928,-1.193025
202300025687,24,1,2023,2025-12-05 17:00:00,5,67,67482,2,1,1,4,Louis Pasteur (Quai),48.57431,7.73997
202300025688,19,4,2023,2025-12-05 10:10:00,1,61,61240,1,3,1,4,D958,48.626884,0.131138
202300025689,4,8,2023,2025-12-05 08:15:00,1,37,37118,1,2,9,1,D16,47.207839,0.253909
202300025690,18,4,2023,2025-12-05 23:52:00,3,49,49125,2,6,1,6,Boulevard Du Docteur Lionet,47.188371,-0.288568
202300025691,22,1,2023,2025-12-05 00:30:00,5,67,67204,1,1,4,6,Fontaine (Rue De La),48.62468,7.73961
202300025692,4,8,2023,2025-12-05 20:40:00,2,77,77486,1,1,1,6,D2A,48.702046,3.10112
202300025693,19,4,2023,2025-12-05 10:25:00,1,12,12107,1,1,1,6,Route De Rodez,44.363632,2.89479
202300025694,24,1,2023,2025-12-05 18:08:00,2,66,66136,2,3,1,3,Adresse_Inconnue,42.69482,2.889091
202300025695,4,8,2023,2025-12-05 11:50:00,1,95,95348,1,1,1,2,D14,49.074133,1.952852
202300025696,25,1,2023,2025-12-05 08:30:00,1,62,62907,1,9,1,1,D917,50.485172,2.985604
202300025697,13,4,2023,2025-12-05 17:33:00,1,68,68059,1,1,1,5,D83,47.730116,7.161992
202300025698,5,8,2023,2025-12-05 03:10:00,3,91,91661,1,1,1,1,Avenue De La Plesse,48.697929,2.2487
202300025699,20,1,2023,2025-12-05 16:10:00,1,59,59527,2,1,1,6,Leclerc Rue Du General,50.66608,3.04998
202300025700,7,8,2023,2025-12-05 09:55:00,1,91,91038,1,1,1,7,Route De Villeneuve,48.484937,2.229323
202300025701,25,1,2023,2025-12-05 08:15:00,1,59,59350,2,1,1,3,Faubourg D'Arras Rue,50.60381448,3.05665612
202300025702,18,4,2023,2025-12-05 22:41:00,3,68,68078,1,1,1,1,D83,48.046784,7.322747
202300025703,24,1,2023,2025-12-05 13:40:00,1,55,55545,2,1,1,3,Miss Sibley,49.15177,5.39578
202300025704,15,4,2023,2025-12-05 20:15:00,2,35,35306,1,2,1,6,D76,48.579957,-1.916728
202300025705,10,4,2023,2025-12-05 22:10:00,3,29,29281,1,1,1,6,Kerveguen,47.993167,-3.815104
202300025706,5,8,2023,2025-12-05 09:25:00,1,2B,2B193,1,1,1,1,Francardo T20,42.386991,9.193078
202300025707,25,1,2023,2025-12-05 10:49:00,1,49,49267,2,3,1,3,Taillanderie,47.46884,-0.50133
202300025708,18,4,2023,2025-12-05 19:30:00,1,29,29031,1,1,1,2,Route De Lorient,47.798591,-3.522878
202300025709,24,1,2023,2025-12-05 18:45:00,5,49,49007,2,1,1,2,Gaulle Boulevard Charles De,47.46937,-0.5606
202300025710,7,8,2023,2025-12-05 14:45:00,1,2B,2B199,1,1,1,2,Route Territoriale 30,42.652408,9.073784
202300025711,24,1,2023,2025-12-05 17:20:00,2,49,49007,2,1,1,2,Foch Boulevard,47.46813,-0.5507
202300025712,7,8,2023,2025-12-05 09:40:00,1,2B,2B314,1,1,1,7,Psite De Saleccia - Casta,42.683823,9.176674
202300025713,19,4,2023,2025-12-05 08:30:00,1,31,31160,1,1,1,3,Route De Toulouse,43.67852702,1.26580779
202300025714,24,1,2023,2025-12-05 04:45:00,4,49,49015,2,1,1,6,219 Avenue Pierre Mendes-France,47.50671,-0.58967
202300025715,6,8,2023,2025-12-05 06:00:00,2,2B,2B188,1,1,1,7,Pont De Torreno,42.592616,9.363651
202300025716,19,4,2023,2025-12-05 06:20:00,2,2,2810,2,1,1,6,1 Rue Lavoisier,49.253171,3.097495
202300025717,25,1,2023,2025-12-05 07:55:00,2,45,45284,1,1,2,4,D2060 Pr 90 + 325,47.92302,1.9936
202300025718,6,8,2023,2025-12-05 10:45:00,1,34,34213,1,3,1,3,Avenue De Sete,43.474513,3.678424
202300025719,18,4,2023,2025-12-05 17:20:00,1,1,1050,2,3,1,2,Route De Saint Jean,46.384173,4.998641
202300025720,24,1,2023,2025-12-05 19:15:00,5,44,44184,2,5,1,3,47 Boulevard Du Moulin De La Butte,47.2865,-2.2185
202300025721,5,8,2023,2025-12-05 19:20:00,1,34,34063,1,1,1,1,D13E5,43.493997,3.383446
202300025722,25,1,2023,2025-12-05 03:50:00,3,44,44162,1,1,1,6,Rue De La Syonniere,47.24727,-1.64693
202300025723,19,4,2023,2025-12-05 11:10:00,1,70,70292,2,6,1,3,Avenue Victor Hugo,47.828003,5.89912
202300025724,4,8,2023,2025-12-05 10:00:00,1,34,34145,2,4,1,3,Avenue De Mauguio,43.67417,4.127667
202300025725,25,1,2023,2025-12-05 18:10:00,1,41,41018,2,1,1,2,Vendome (Avenue De),47.581535,1.3060893
202300025726,19,4,2023,2025-12-05 14:50:00,1,5,5045,1,1,1,3,Rn 94,44.532631,6.454597
202300025727,4,8,2023,2025-12-05 02:00:00,3,84,84147,1,9,1,7,D973,43.702475,5.443425
202300025728,25,1,2023,2025-12-05 18:45:00,5,37,37122,2,3,1,3,Martyrs (Rue Des),47.35514,0.66696
202300025729,29,7,2023,2025-12-05 16:30:00,1,83,83027,1,1,1,7,D66,43.201782,5.735362
202300025730,18,4,2023,2025-12-05 14:20:00,1,64,64405,1,1,1,1,Rd 943,43.338273,-0.263811
202300025731,25,1,2023,2025-12-05 05:55:00,5,37,37261,2,2,1,7,Rabelais (Place),47.38455,0.67689
202300025732,18,4,2023,2025-12-05 15:15:00,1,18,18165,1,1,1,1,Adresse_Inconnue,47.344043,2.302344
202300025733,25,1,2023,2025-12-05 13:50:00,1,35,35278,1,3,1,2,Rd 29,48.1582,-1.6974
202300025734,5,8,2023,2025-12-05 16:00:00,1,83,83127,1,1,1,1,Route De Marseille,43.270894,5.790675
202300025735,18,4,2023,2025-12-05 12:15:00,1,16,16194,1,2,1,3,D88,45.937913,-0.067938
202300025736,24,1,2023,2025-12-05 08:20:00,1,34,34003,2,1,1,2,19 Avenue Du 8 Mai 1945,43.3169,3.475
202300025737,18,4,2023,2025-12-05 17:30:00,1,37,37179,2,4,1,3,D77,47.44980299,0.72437831
202300025738,25,1,2023,2025-12-05 13:55:00,1,33,33162,2,6,1,3,Avenue De Saint-Medard,44.86404,-0.66098
202300025739,3,8,2023,2025-12-05 10:30:00,1,83,83115,1,1,1,3,Av Du Croiseur Leger Le Malin,43.329025,6.667392
202300025740,18,4,2023,2025-12-05 17:00:00,1,30,30161,1,1,1,2,Adresse_Inconnue,44.024796,4.111537
202300025741,25,1,2023,2025-12-05 21:50:00,5,31,31555,2,1,2,1,Che De Lestang,43.55849,1.39435
202300025742,3,8,2023,2025-12-05 15:30:00,1,83,83068,1,3,1,3,Route Du Littoral,43.288628,6.604049
202300025743,23,1,2023,2025-12-05 17:30:00,2,29,29019,1,1,1,2,D112,48.42257538,-4.47700816
202300025744,18,4,2023,2025-12-05 20:50:00,2,88,88488,1,2,1,3,D165,48.19194,6.092252
202300025745,25,1,2023,2025-12-05 19:10:00,5,22,22113,2,6,1,6,Resistance (Avenue De La),48.74741,-3.4613
202300025746,4,8,2023,2025-12-05 13:40:00,1,83,83107,1,1,1,1,Route Nd7,43.461739,6.654834
202300025747,18,4,2023,2025-12-05 17:05:00,1,62,62836,1,1,1,2,A26,50.509197,2.623295
202300025748,24,1,2023,2025-12-05 08:25:00,2,18,18255,1,6,1,2,Adresse_Inconnue,47.04059,2.3304
202300025749,3,8,2023,2025-12-05 18:10:00,1,6,6157,2,1,7,1,Route De Saint-Jeannet,43.733441,7.121211
202300025750,19,4,2023,2025-12-05 06:45:00,1,976,97605,2,1,2,1,D16 Chiconi Route Du College,-12.833488,45.122148
202300025751,5,8,2023,2025-12-05 14:55:00,1,13,13042,1,1,1,6,Rd2,43.303008,5.668001
202300025752,25,1,2023,2025-12-05 18:15:00,5,14,14220,2,2,1,3,128-130 Avenue De La Republique,49.358089,0.075989
202300025753,19,4,2023,2025-12-05 07:40:00,1,60,60533,1,1,1,2,A1,49.55012127,2.73059725
202300025754,25,1,2023,2025-12-05 18:25:00,5,14,14137,1,3,1,3,D9,49.18721,-0.42195
202300025755,17,4,2023,2025-12-05 20:15:00,3,987,98714,2,1,1,6,Rt 101 Quai De Fare Piti - District De Nunue,-16.388,-151.765
202300025756,5,8,2023,2025-12-05 18:25:00,1,13,13097,1,1,6,1,D24,43.59873,4.778538
202300025757,24,1,2023,2025-12-05 21:00:00,3,10,10357,1,1,1,2,Adresse_Inconnue,48.30447,4.09979
202300025758,7,8,2023,2025-12-05 15:00:00,1,13,13096,1,1,1,1,D38,43.52200104,4.38665792
202300025759,8,3,2023,2025-12-05 08:45:00,1,29,29232,2,2,2,3,Rue Du Frugy,47.98743839,-4.09855038
202300025760,24,1,2023,2025-12-05 15:25:00,1,10,10387,2,6,1,3,Robert Galley (Rue),48.28982,4.06751
202300025761,17,4,2023,2025-12-05 12:36:00,1,988,98821,2,1,2,7,N'De (Tribu),-22.151562,166.302189
202300025762,1,8,2023,2025-12-05 19:10:00,1,13,13059,1,6,7,6,Rd96,43.642147,5.534331
202300025763,24,1,2023,2025-12-05 20:00:00,5,6,6088,2,1,1,6,Verany (Bd J.B.),43.7096,7.28396
202300025764,7,3,2023,2025-12-05 21:45:00,5,29,29019,2,2,3,3,Rue Traverse,48.385811,-4.490721
202300025765,18,4,2023,2025-12-05 16:15:00,1,66,66164,2,6,1,3,Adresse_Inconnue,42.77111138,2.8841123
202300025766,24,1,2023,2025-12-05 19:10:00,1,974,97411,1,1,3,6,Littoral (Route 2 Du),-20.89634657,55.37607729
202300025767,6,3,2023,2025-12-05 15:40:00,1,29,29019,2,2,1,3,Rue Fautras,48.389436,-4.492625
202300025768,18,4,2023,2025-12-05 17:20:00,1,83,83101,1,3,1,1,Route Des Plages,43.251185,6.644497
202300025769,23,1,2023,2025-12-05 16:55:00,1,974,97411,2,1,2,2,Victoire (Avenue De La),-20.87701,55.44799
202300025770,4,8,2023,2025-12-05 18:15:00,1,71,71382,1,8,1,3,Champ Cornu,46.517927,3.857864
202300025771,24,1,2023,2025-12-05 11:20:00,1,69,69388,2,1,1,6,Boulevard Des Etats-Unis,45.7352,4.86542
202300025772,16,3,2023,2025-12-05 15:15:00,1,83,83138,2,1,1,2,Route Departementale 562,43.609482,6.735778
202300025773,4,8,2023,2025-12-05 23:10:00,3,10,10030,1,1,3,6,D610,48.325983,4.029161
202300025774,24,1,2023,2025-12-05 07:43:00,2,69,69388,2,1,1,1,133 Rue Marius Berliet,45.73925,4.8662
202300025775,17,4,2023,2025-12-05 22:00:00,3,13,13035,1,1,1,7,D569,43.676656,5.026717
202300025776,4,3,2023,2025-12-05 16:50:00,1,26,26198,2,9,1,3,Avenue John Fitzgerald Kennedy,44.55396487,4.74203825
202300025777,6,8,2023,2025-12-05 18:15:00,1,68,68329,2,1,2,6,11 Route De La Schlucht,48.04899,7.115298
202300025778,24,1,2023,2025-12-05 09:45:00,1,69,69389,2,1,8,6,177 Avenue Sidoine Apollinaire,45.76198,4.80437
202300025779,19,4,2023,2025-12-05 00:30:00,3,71,71481,1,2,1,7,Rue Des Fougeres,46.197894,4.773034
202300025780,5,8,2023,2025-12-05 16:15:00,1,67,67010,1,1,1,3,D 425,48.39479,7.386804
202300025781,24,1,2023,2025-12-05 07:35:00,5,69,69389,2,1,1,6,22 Avenue Joannes Masset,45.76872318,4.80102913
202300025782,23,5,2023,2025-12-05 16:35:00,1,73,73008,2,6,1,3,Massonnat Chemin Des,45.70312,5.92956
202300025783,8,3,2023,2025-12-05 22:41:00,5,17,17300,2,3,8,3,Normandin   Rue Emile,46.15042,-1.14614
202300025784,6,8,2023,2025-12-05 06:50:00,2,67,67080,1,1,2,6,Rd 93,48.548635,7.550434
202300025785,18,4,2023,2025-12-05 18:30:00,1,57,57211,2,2,1,2,Rue De La Fontaine Chaudron,49.186686,6.146336
202300025786,24,1,2023,2025-12-05 07:25:00,5,69,69034,2,1,1,6,120 Rue Pasteur,45.79445201,4.84666421
202300025787,23,5,2023,2025-12-05 17:00:00,1,69,69029,2,1,1,3,Route De Genas,45.75105,4.90711
202300025788,23,1,2023,2025-12-05 16:00:00,1,971,97113,1,1,1,6,Morne Salines,16.2118,-61.4407
202300025789,6,8,2023,2025-12-05 01:15:00,3,55,55324,1,1,3,7,D643,49.45929316,5.41275528
202300025790,19,4,2023,2025-12-05 16:00:00,1,73,73179,2,6,1,3,Rue De L'Erier,45.598583,5.886875
202300025791,15,1,2023,2025-12-05 13:00:00,1,971,97113,1,1,1,7,Grand Baie ( Rn4),16.21793688,-61.50968313