num_acc,jour,mois,an,hrmn,lum,dep,com,agg,int,atm,col,adr,lat,long
202300025792,3,5,2023,2025-12-05 17:10:00,1,69,69091,2,1,1,2,Route Neuve,45.5838976,4.76730062
202300025793,7,8,2023,2025-12-05 15:22:00,1,57,57724,1,6,1,3,N52,49.263653,6.109343
202300025794,15,1,2023,2025-12-05 17:00:00,1,971,97113,1,1,1,4,Grand Baie ( Rn4),16.21944095,-61.51654959
202300025795,8,3,2023,2025-12-05 13:30:00,1,14,14437,1,1,2,5,N814,49.17735,-0.31747
202300025796,18,4,2023,2025-12-05 10:10:00,1,1,1345,1,1,1,3,D1075,45.955797,5.3258
202300025797,24,5,2023,2025-12-05 21:18:00,2,66,66136,2,3,1,5,Adresse_Inconnue,42.71977,2.88659
202300025798,24,1,2023,2025-12-05 13:20:00,1,2A,2A004,2,3,2,3,Biancamaria Colonel Et Capitaine Ave,41.93292609,8.73736113
202300025799,8,3,2023,2025-12-05 12:20:00,1,13,13117,1,1,1,3,Adresse_Inconnue,43.42727907,5.26433786
202300025800,18,4,2023,2025-12-05 17:35:00,1,69,69127,1,9,1,3,Avenue Bourgelat,45.794669,4.719636
202300025801,4,8,2023,2025-12-05 16:20:00,1,3,3040,1,3,1,5,D2009,46.546225,3.320205
202300025802,24,1,2023,2025-12-05 09:15:00,1,2A,2A004,2,9,1,3,Campi Louis Bd,41.94358,8.75436
202300025803,19,4,2023,2025-12-05 08:00:00,1,64,64135,1,1,1,6,Route De Dax,43.554738,-0.803654
202300025804,8,3,2023,2025-12-05 19:00:00,2,13,13210,2,1,1,2,Paul Claudel (Boulevard),43.26969573,5.42172105
202300025805,24,5,2023,2025-12-05 08:11:00,1,66,66136,2,3,1,5,Adresse_Inconnue,42.68757,2.87208
202300025806,24,1,2023,2025-12-05 08:23:00,1,2A,2A004,2,1,1,6,Vazzio Cite Edf,41.93559,8.79335
202300025807,4,8,2023,2025-12-05 15:40:00,1,63,63263,1,1,1,1,D68,45.768024,3.022141
202300025808,26,5,2023,2025-12-05 16:40:00,1,64,64348,1,1,1,2,Santona De,43.32126,-0.39354
202300025809,19,4,2023,2025-12-05 15:35:00,1,14,14733,1,1,1,2,4 Vaussieux,49.26600061,-0.61310174
202300025810,7,3,2023,2025-12-05 15:55:00,1,11,11069,2,1,2,3,8 Avenue Du Souvenir Francais,43.20849,2.38387
202300025811,29,7,2023,2025-12-05 23:00:00,3,42,42132,1,1,1,7,Route Du Bourg,45.385107,4.727404
202300025812,24,1,2023,2025-12-05 07:10:00,5,91,91027,2,1,1,2,Vc Quai De L'Industrie,48.6976,2.3946
202300025813,26,5,2023,2025-12-05 09:40:00,1,64,64445,2,6,1,3,Bachaga Boualan,43.3164,-0.37487
202300025814,8,3,2023,2025-12-05 13:55:00,1,6,6088,2,1,1,6,Giacobi (Av.),43.711006,7.292427
202300025815,6,8,2023,2025-12-05 12:30:00,1,7,7119,1,1,1,7,D16,44.82697696,4.08143027
202300025816,16,4,2023,2025-12-05 17:55:00,1,27,27447,1,2,1,3,D830,48.9618,0.959469
202300025817,4,8,2023,2025-12-05 17:20:00,1,1,1342,1,1,1,6,D2A,45.895724,5.028407
202300025818,26,5,2023,2025-12-05 15:00:00,1,59,59279,2,1,1,6,Peri (Rue Gabriel),50.784209,3.131931
202300025819,24,1,2023,2025-12-05 07:35:00,2,85,85191,2,6,1,3,Palissy Rond-Point Bernard,46.69039,-1.4289
202300025820,9,4,2023,2025-12-05 20:30:00,2,60,60612,1,9,1,7,N324,49.209092,2.606555
202300025821,6,8,2023,2025-12-05 09:45:00,1,1,1185,2,1,2,6,Route Departementale 8,45.978176,5.601777
202300025822,7,3,2023,2025-12-05 21:15:00,5,75,75120,2,1,2,7,Echangeur Bagnolet,48.8645289,2.41338193
202300025823,26,5,2023,2025-12-05 20:40:00,1,59,59512,2,3,1,3,Boulevard Du General De Gaulle,50.687465,3.174955
202300025824,19,4,2023,2025-12-05 12:20:00,1,59,59091,1,6,1,7,113 Route Nationale,50.73176517,2.56778598
202300025825,7,3,2023,2025-12-05 02:52:00,5,75,75112,2,1,1,6,Quai De Bercy,48.82834422,2.38826573
202300025826,4,5,2023,2025-12-05 21:10:00,5,59,59360,2,1,1,6,Calmette Rue Du Docteur,50.61336,3.01209
202300025827,24,1,2023,2025-12-05 08:30:00,2,83,83137,2,1,3,2,Herriot (Ave Edouard),43.12931,5.8996
202300025828,6,8,2023,2025-12-05 07:00:00,2,81,81038,1,1,1,6,A68,43.885877,1.943014
202300025829,13,4,2023,2025-12-05 12:13:00,1,13,13213,2,1,1,2,A507 Sens Aubagne- Marseille,43.32693815,5.42017771
202300025830,5,8,2023,2025-12-05 22:10:00,3,81,81165,1,1,1,6,Route De Bonnan,44.134513,1.870573
202300025831,25,5,2023,2025-12-05 07:50:00,1,57,57672,2,1,1,6,Chateau Jeannot (Rue),49.36782,6.14962
202300025832,23,1,2023,2025-12-05 14:15:00,1,83,83090,1,1,1,5,Canniers (Chemin Des),43.12332,5.88157
202300025833,6,3,2023,2025-12-05 18:30:00,2,75,75106,2,3,1,3,Rue D Assas,48.846313,2.330985
202300025834,17,4,2023,2025-12-05 17:20:00,1,33,33192,1,1,1,4,Rocade A 630,44.787556,-0.598352
202300025835,4,8,2023,2025-12-05 21:30:00,2,46,46102,2,3,1,3,Avenue Du Marechal Joffre,44.608053,2.026049
202300025836,24,1,2023,2025-12-05 19:00:00,5,81,81004,2,4,1,3,Partisans (Espl Des),43.93107,2.14725
202300025837,26,5,2023,2025-12-05 15:15:00,1,54,54395,2,1,1,3,Rue Marcel Brot,48.67801,6.20537
202300025838,8,3,2023,2025-12-05 19:05:00,5,75,75120,2,2,8,6,Boulevard De Belleville,48.872109,2.377036
202300025839,22,1,2023,2025-12-05 16:45:00,1,80,80131,1,1,1,6,Rue Jean Leroy,49.86376,2.35148
202300025840,4,8,2023,2025-12-05 20:50:00,1,79,79049,2,2,1,3,Adresse_Inconnue,46.84026,-0.4932
202300025841,18,4,2023,2025-12-05 13:58:00,1,94,94034,1,1,1,4,D86,48.75923,2.32379
202300025842,8,3,2023,2025-12-05 17:25:00,1,75,75120,2,1,3,1,Rue D Avron,48.851866,2.401376
202300025843,26,5,2023,2025-12-05 13:00:00,1,54,54547,2,3,1,3,Avenue Jeanne D'Arc,48.65863,6.17926
202300025844,24,1,2023,2025-12-05 18:20:00,3,79,79003,1,1,1,2,Adresse_Inconnue,46.30768,-0.43009
202300025845,18,4,2023,2025-12-05 16:30:00,1,95,95277,1,1,1,7,A3,48.97291672,2.48744845
202300025846,24,1,2023,2025-12-05 13:14:00,1,77,77495,2,1,8,6,Pouilly (Rue De),48.57026,2.61937
202300025847,6,8,2023,2025-12-05 14:39:00,1,17,17064,1,2,1,4,D14,45.690471,-1.024872
202300025848,26,5,2023,2025-12-05 08:50:00,1,54,54184,1,1,1,6,Rd 674,48.70171961,6.24256521
202300025849,24,1,2023,2025-12-05 18:05:00,5,77,77058,2,1,1,6,Andre Malraux (Avenue),48.84274,2.723898
202300025850,26,5,2023,2025-12-05 15:00:00,1,51,51454,2,6,1,7,Avenue De L'Europe,49.25228,4.06286
202300025851,6,8,2023,2025-12-05 02:10:00,5,17,17225,2,2,1,7,Avenue De La Palmyre,45.715158,-1.15625
202300025852,24,1,2023,2025-12-05 03:10:00,3,77,77221,1,1,1,6,D217B,48.85228,2.72221
202300025853,8,3,2023,2025-12-05 16:10:00,1,75,75120,2,5,2,3,Avenue Gambetta,48.871725,2.404383
202300025854,22,6,2023,2025-12-05 23:38:00,4,16,16078,2,1,1,6,Rue Des Plantiers,45.72816633,0.18213894
202300025855,26,5,2023,2025-12-05 11:50:00,1,51,51454,2,6,1,3,Place Des Combattants D'Afn,49.2203348,4.02100146
202300025856,18,4,2023,2025-12-05 11:10:00,1,95,95277,1,1,1,2,A1,48.977517,2.493333
202300025857,24,1,2023,2025-12-05 06:30:00,5,76,76540,2,3,1,3,Boulevard Du Midi,49.433788,1.043926
202300025858,8,3,2023,2025-12-05 14:45:00,1,75,75120,2,3,2,1,Rue Martin Garat,48.865178,2.407279
202300025859,22,1,2023,2025-12-05 22:00:00,5,76,76351,2,1,1,6,Jules Durand (Bd),49.49264,0.16913
202300025860,26,5,2023,2025-12-05 08:30:00,1,49,49099,2,2,1,3,Calins (Avenue Des),47.0595,-0.87401
202300025861,17,4,2023,2025-12-05 16:30:00,1,93,93005,1,1,1,4,Autoroute A3,48.9409,2.47896
202300025862,3,8,2023,2025-12-05 23:30:00,3,86,86274,1,2,3,3,D347,47.077375,-0.019692
202300025863,22,1,2023,2025-12-05 02:30:00,5,76,76552,2,6,1,6,Edith Cavell,49.50903004,0.08466393
202300025864,25,5,2023,2025-12-05 08:49:00,1,49,49246,1,1,1,2,A87N,47.44816,-0.51528
202300025865,8,3,2023,2025-12-05 12:20:00,1,75,75118,2,3,2,3,Rue Des Roses,48.89327,2.36143
202300025866,3,8,2023,2025-12-05 15:35:00,1,47,47157,2,1,1,6,Avenue Jean Jaures,44.507023,0.146427
202300025867,24,1,2023,2025-12-05 18:50:00,5,74,74118,2,1,1,6,Deportes (Route Des ),46.182347,6.230444
202300025868,16,4,2023,2025-12-05 19:40:00,1,95,95527,1,1,1,5,A3,48.98502843,2.50547741
202300025869,27,5,2023,2025-12-05 00:50:00,5,43,43157,2,2,1,3,Avenue Marechal Foch,45.041099,3.888393
202300025870,24,1,2023,2025-12-05 12:40:00,1,74,74010,2,1,1,6,Romains (Place Des),45.90847,6.12195
202300025871,16,4,2023,2025-12-05 16:55:00,1,93,93005,1,1,1,2,Autoroute A3,48.94127,2.47883
202300025872,7,3,2023,2025-12-05 23:35:00,5,75,75118,2,3,2,6,9 Rue Ordener,48.890291,2.358321
202300025873,6,8,2023,2025-12-05 12:10:00,1,33,33554,2,3,1,3,Avenue Des Tabernottes,44.87857464,-0.46672213
202300025874,26,5,2023,2025-12-05 18:25:00,1,38,38158,1,1,1,2,Rn87,45.151,5.735
202300025875,23,1,2023,2025-12-05 16:20:00,1,72,72181,1,2,1,4,Lefaucheux Pierre (Bd),47.95465,0.1796
202300025876,4,8,2023,2025-12-05 22:10:00,5,33,33056,2,4,1,3,Rue Des Gravieres,44.93147534,-0.63366383
202300025877,26,5,2023,2025-12-05 09:05:00,1,37,37261,2,7,1,3,Churchill (Boulevard Winston),47.37371,0.68213
202300025878,8,3,2023,2025-12-05 20:40:00,5,75,75117,2,2,3,3,Boulevard Berthier,48.893569,2.311795
202300025879,18,4,2023,2025-12-05 18:30:00,1,94,94028,1,1,1,5,A86,48.79310493,2.44131616
202300025880,7,8,2023,2025-12-05 19:45:00,1,33,33284,2,1,1,6,7 Avenue De La Republique,44.605847,-0.938331
202300025881,23,1,2023,2025-12-05 13:20:00,1,71,71040,2,3,1,2,De Lattre De Tassigny (Bld Du Marechal),46.670948,4.386307
202300025882,26,5,2023,2025-12-05 10:10:00,1,35,35238,2,6,1,6,Canada (Avenue Du),48.0893,-1.68218
202300025883,8,3,2023,2025-12-05 19:15:00,5,75,75117,2,3,2,3,Avenue Niel,48.883277,2.296577
202300025884,18,4,2023,2025-12-05 13:30:00,1,77,77495,1,1,1,2,A105,48.58696,2.636647
202300025885,27,5,2023,2025-12-05 00:15:00,5,34,34108,2,1,1,6,29 Avenue Des Jardiniers,43.451615,3.756578
202300025886,6,8,2023,2025-12-05 10:12:00,1,85,85163,2,2,1,3,Rue Du Puits Neuf,47.00456609,-2.24534019
202300025887,24,1,2023,2025-12-05 16:15:00,1,70,70388,2,2,8,6,Hacquard (Rue Marcel),47.61683668,6.12439983
202300025888,8,3,2023,2025-12-05 11:05:00,1,75,75117,2,1,1,3,Rue De Courcelles,48.882129,2.300138
202300025889,6,8,2023,2025-12-05 17:45:00,1,85,85214,1,1,1,6,Rd 109,46.5512858,-1.6687926
202300025890,26,5,2023,2025-12-05 09:10:00,1,34,34301,2,1,1,2,26 Promenade Jean-Baptiste Marty,43.39606,3.69535
202300025891,24,1,2023,2025-12-05 14:20:00,1,69,69092,1,1,1,1,Avenue Alfred Gap,46.00726,4.71195
202300025892,23,1,2023,2025-12-05 16:30:00,1,69,69264,2,1,1,6,32 Boulevard Etienne Bernand,45.9863,4.71486
202300025893,4,8,2023,2025-12-05 15:30:00,1,85,85016,1,1,1,3,Le Plantis,46.6673275,-1.6180939
202300025894,8,3,2023,2025-12-05 09:20:00,1,75,75117,2,2,2,2,Place General Catroux,48.882517,2.31052
202300025895,24,5,2023,2025-12-05 22:35:00,5,34,34172,2,1,1,1,1107 Avenue De Toulouse,43.59298,3.85948
202300025896,17,4,2023,2025-12-05 06:30:00,2,77,77175,1,1,1,4,Rn104,48.665098,2.613261
202300025897,23,1,2023,2025-12-05 16:40:00,1,69,69290,2,1,8,6,17 Rue Anatole France,45.69128,4.93588
202300025898,7,8,2023,2025-12-05 15:50:00,1,85,85300,1,1,1,6,Rd4,46.703439,-1.519633
202300025899,17,4,2023,2025-12-05 14:35:00,1,974,97416,2,1,1,7,Colardeau (Chemin Fernand),-21.2854,55.46919
202300025900,8,3,2023,2025-12-05 13:15:00,1,75,75116,2,4,1,6,Rue De Chaillot,48.865821,2.29603
202300025901,26,5,2023,2025-12-05 19:10:00,1,33,33063,2,1,1,2,Rue Duffour Dubergier,44.83718,-0.57605
202300025902,7,8,2023,2025-12-05 00:40:00,3,44,44159,1,1,1,7,Rue Du Four A Pain,47.148265,-1.39984
202300025903,24,1,2023,2025-12-05 08:30:00,1,67,67482,2,8,8,3,Jean Jaures (Avenue),48.56676,7.77375
202300025904,17,4,2023,2025-12-05 15:10:00,1,974,97411,2,1,1,3,Montagne (Route De La),-20.88031,55.44402
202300025905,7,3,2023,2025-12-05 08:50:00,1,75,75116,2,2,1,3,Avenue Theophile Gautier,48.849939,2.27222
202300025906,26,5,2023,2025-12-05 10:10:00,1,33,33281,2,3,7,3,Avenue Leon Blum,44.85254,-0.64314
202300025907,3,8,2023,2025-12-05 17:00:00,1,50,50294,2,3,1,3,2 Le Haut De Tabarin,49.591968,-1.655529
202300025908,24,1,2023,2025-12-05 17:05:00,1,64,64545,2,3,8,3,Rue Paul Gelos,43.37794,-1.67238
202300025909,6,8,2023,2025-12-05 15:40:00,1,50,50616,2,1,1,3,2 Le Grand Neufbourg,48.668132,-1.383435
202300025910,8,3,2023,2025-12-05 21:22:00,5,75,75115,2,2,3,6,Rond Point Du Pont Mirabeau,48.84606916,2.27694869
202300025911,26,5,2023,2025-12-05 09:40:00,1,33,33069,2,3,1,3,Avenue D'Eysines,44.86206,-0.61585
202300025912,17,4,2023,2025-12-05 21:50:00,5,974,97407,2,4,1,3,Strasbourg(Boulevard),-20.93823,55.29673
202300025913,24,1,2023,2025-12-05 17:10:00,1,64,64445,2,1,8,4,Boulevard De La Paix,43.31732,-0.34238
202300025914,8,3,2023,2025-12-05 17:50:00,1,75,75115,2,1,3,6,Quai Andre Citroen,48.845123,2.276391
202300025915,4,8,2023,2025-12-05 16:15:00,1,14,14658,1,3,1,3,Route De La Dolere,48.840105,-0.978899
202300025916,25,5,2023,2025-12-05 08:40:00,1,33,33192,2,1,1,3,Avenue Favard,44.78612862,-0.60403615
202300025917,23,1,2023,2025-12-05 13:50:00,1,64,64102,2,1,8,3,Cours Comte De Cabarrus,43.481709,-1.485276
202300025918,6,8,2023,2025-12-05 06:25:00,2,56,56178,2,9,1,6,Rue Henri Dunant,48.058567,-2.969136
202300025919,23,1,2023,2025-12-05 18:39:00,2,63,63113,2,1,1,1,Delille (Place),45.77988,3.0917
202300025920,8,3,2023,2025-12-05 15:35:00,1,75,75115,2,2,3,1,Pont De Grenelle,48.84956397,2.28126168
202300025921,25,5,2023,2025-12-05 22:41:00,5,31,31555,2,1,1,1,Rue Marie Claire De Catellan,43.62645502,1.4435555
202300025922,5,8,2023,2025-12-05 19:25:00,1,56,56069,2,1,1,3,Route De Port Melite,47.639951,-3.449895
202300025923,21,1,2023,2025-12-05 04:15:00,3,57,57672,2,1,4,6,Mondorff (Route De),49.38985966,6.18676186
202300025924,8,3,2023,2025-12-05 09:00:00,1,75,75115,2,1,2,7,13 Boulevard De Grenelle,48.85374331,2.28972673
202300025925,24,1,2023,2025-12-05 10:40:00,1,56,56121,2,1,1,6,Villaret De Joyeuse (Rue),47.76098,-3.37293
202300025926,5,8,2023,2025-12-05 02:20:00,3,29,29181,1,1,2,1,Trevianou,48.479687,-4.260124
202300025927,24,1,2023,2025-12-05 00:36:00,3,56,56121,2,1,1,6,6 Rue Monistrol,47.73867,-3.38092
202300025928,7,3,2023,2025-12-05 16:35:00,1,75,75114,2,3,1,6,49 Avenue Du Maine,48.840078,2.321732
202300025929,6,8,2023,2025-12-05 01:00:00,3,22,22176,1,1,1,6,La Mare,48.458096,-2.755433
202300025930,26,5,2023,2025-12-05 19:10:00,1,29,29232,2,1,1,5,Rue Paul Borrossi,47.98754,-4.1292
202300025931,8,3,2023,2025-12-05 16:30:00,1,75,75108,2,1,2,3,Avenue George V,48.865464,2.301402
202300025932,3,8,2023,2025-12-05 16:30:00,1,35,35178,1,1,2,3,La Bouzille,48.287984,-1.438975
202300025933,23,1,2023,2025-12-05 19:25:00,5,56,56107,1,1,1,4,Quelisoy Les Bruyeres,47.72209,-3.38232
202300025934,26,5,2023,2025-12-05 20:55:00,1,28,28404,1,1,1,6,Bertin (Rue Jean),48.71057,1.376
202300025935,5,8,2023,2025-12-05 17:12:00,1,35,35334,2,1,1,1,76 Rue Nationale,48.156596,-1.591709
202300025936,23,1,2023,2025-12-05 15:00:00,1,54,54395,2,1,1,6,Boulevard Lobau,48.6818,6.1976
202300025937,8,3,2023,2025-12-05 20:05:00,5,75,75103,2,2,1,3,Rue De Turbigo,48.866844,2.361913
202300025938,26,5,2023,2025-12-05 21:05:00,1,28,28404,2,1,1,6,Chappey (Ave Marc),48.73044,1.34035
202300025939,14,1,2023,2025-12-05 22:00:00,5,44,44109,2,9,2,6,13 Rue Gaetan Rondeau,47.20671,-1.533915
202300025940,26,5,2023,2025-12-05 07:35:00,1,27,27681,2,1,1,7,Ivry (Route D'),49.07252,1.47339
202300025941,4,8,2023,2025-12-05 10:30:00,1,76,76658,2,1,1,6,Route Du Chene,49.504858,0.364609
202300025942,22,1,2023,2025-12-05 05:20:00,3,40,40192,2,1,1,7,Canenx (Av De) R.D. 53,43.9121,-0.48126
202300025943,8,3,2023,2025-12-05 10:20:00,1,75,75102,2,2,5,4,Boulevard Des Italiens,48.871285,2.335932
202300025944,3,8,2023,2025-12-05 20:20:00,1,76,76647,1,1,1,7,21 Avenue Marechal De Lattre De Tassigny,49.536779,0.367475
202300025945,26,5,2023,2025-12-05 11:30:00,1,27,27299,2,1,1,3,Briand (Avenue Aristide),49.04206,1.1596
202300025946,13,11,2023,2025-12-05 18:00:00,5,13,13004,2,1,1,3,Av Stalingrad,43.68813,4.63594
202300025947,24,1,2023,2025-12-05 11:20:00,1,37,37261,2,2,1,6,Tanneurs (Rue Des),47.39582,0.68041
202300025948,7,3,2023,2025-12-05 18:50:00,5,75,75104,2,3,1,6,6 Quai De Gesvres,48.856573,2.34953
202300025949,24,5,2023,2025-12-05 11:30:00,1,27,27229,2,9,1,2,Conches (Route De),49.0190902,1.118632
202300025950,4,8,2023,2025-12-05 12:30:00,1,2,2309,1,1,1,5,Adresse_Inconnue,49.53478,3.752394
202300025951,24,1,2023,2025-12-05 16:30:00,1,34,34172,2,1,1,6,545 Avenue Du Pont Trinquat,43.59856,3.89055
202300025952,14,11,2023,2025-12-05 18:40:00,5,6,6088,2,1,1,1,Boulevard Rene Cassin,43.670097,7.215556
202300025953,4,8,2023,2025-12-05 04:19:00,3,59,59267,1,1,1,7,Departementale 89,50.062766,3.150136
202300025954,8,3,2023,2025-12-05 14:00:00,1,94,94081,2,3,2,3,Rue Auber / Rue Gournay,48.80411,2.37252
202300025955,26,5,2023,2025-12-05 08:55:00,1,25,25056,2,6,1,2,Vesoul Rue De (Sup 52),47.2595,6.00846
202300025956,24,1,2023,2025-12-05 00:10:00,5,33,33063,2,3,1,3,Cours D'Albret,44.83841029,-0.5817309
202300025957,4,8,2023,2025-12-05 18:05:00,1,13,13005,1,1,1,2,A50-Sens Marseille Vers Aubagne,43.28699573,5.56574464
202300025958,13,11,2023,2025-12-05 08:25:00,1,6,6088,2,2,7,3,Verany (Bd J.B.),43.71635,7.28254
202300025959,26,5,2023,2025-12-05 17:20:00,1,22,22278,2,6,1,7,Aberyswith (Rond Point),48.49826,-2.75258
202300025960,8,3,2023,2025-12-05 18:52:00,5,94,94071,2,4,2,3,Rue Du Moulin A Vent,48.763883,2.529391
202300025961,4,8,2023,2025-12-05 17:25:00,1,13,13056,1,1,6,2,A55-Sens Martigues Vers Marseille,43.39666,5.04399
202300025962,23,1,2023,2025-12-05 17:00:00,2,33,33550,2,3,1,3,Rue Saint Bris,44.79231523,-0.56721479
202300025963,13,11,2023,2025-12-05 07:45:00,1,6,6088,2,9,1,6,Ste Marguerite (Av.) A Partir Du 62-63),43.6781173,7.2182991
202300025964,8,3,2023,2025-12-05 13:35:00,1,94,94075,2,3,2,7,Av Du Mal De Lattre De Tassigny,48.73433,2.52032
202300025965,26,5,2023,2025-12-05 05:50:00,1,17,17415,2,1,1,3,Gambetta 2 A 72 Et 5 A 87 Avenue,45.74709,-0.62831
202300025966,4,8,2023,2025-12-05 00:57:00,3,13,13005,1,1,1,6,A50-Sens Marseille Vers Aubagne,43.28656021,5.53658673
202300025967,24,1,2023,2025-12-05 15:20:00,1,31,31555,2,1,1,1,Bd De La Mediterranee,43.58576823,1.46136537
202300025968,12,11,2023,2025-12-05 23:07:00,5,6,6088,2,1,1,1,Bischoffsheim (Bd),43.71941,7.29651
202300025969,8,3,2023,2025-12-05 09:55:00,1,94,94071,2,1,2,6,Rue De La Fosse Rouge,48.77546,2.52428
202300025970,3,8,2023,2025-12-05 01:06:00,3,13,13005,1,1,1,2,A501-Sens Pont De L'Etoile Vers Aubagne,43.30337,5.56959
202300025971,26,5,2023,2025-12-05 16:15:00,1,17,17299,2,1,1,1,Mille Pattes Boulevard Des,45.92563,-0.97554
202300025972,24,1,2023,2025-12-05 09:14:00,1,31,31555,1,1,1,3,29 Purpan  (Periph Ouest A620),43.60602,1.40503
202300025973,4,8,2023,2025-12-05 11:10:00,1,83,83144,1,1,1,2,A57,43.13525855,5.99079429
202300025974,26,5,2023,2025-12-05 10:00:00,1,15,15014,2,1,1,2,Dauzier (Boulevard Louis),44.92358,2.43118
202300025975,14,11,2023,2025-12-05 17:29:00,3,4,4112,1,1,1,3,Bouteille(Chemin De),43.8349,5.8085
202300025976,24,1,2023,2025-12-05 13:15:00,1,29,29232,1,1,1,2,Rond-Point De Kerustum,47.97963,-4.09453
202300025977,2,8,2023,2025-12-05 06:35:00,1,13,13028,1,1,1,6,A50,43.20238637,5.63307923
202300025978,8,3,2023,2025-12-05 12:37:00,1,93,93073,1,2,1,3,Rue Des Terres Noires / Rue Du Sonnet,49.00243984,2.53329813
202300025979,26,5,2023,2025-12-05 07:20:00,1,13,13103,1,9,1,2,Route D'Arles-Rn 113,43.64050502,5.05180556
202300025980,14,11,2023,2025-12-05 17:35:00,5,75,75114,2,1,1,3,Porte De Vanves,48.821922,2.316733
202300025981,6,8,2023,2025-12-05 05:45:00,2,69,69199,1,1,1,6,Autoroute 7,45.69368763,4.84414887
202300025982,23,1,2023,2025-12-05 15:15:00,1,29,29019,2,3,7,2,Rue Monjaret De Kerjegu,48.38907,-4.45671
202300025983,26,5,2023,2025-12-05 10:40:00,1,13,13214,2,1,1,2,Danielle Casanova Prolonge (Bd),43.32617,5.37449
202300025984,29,7,2023,2025-12-05 22:30:00,3,69,69189,1,1,1,3,Autoroute 7,45.52385931,4.86057455
202300025985,7,3,2023,2025-12-05 22:30:00,5,92,92036,2,2,2,3,Bongarde (Rue),48.92488,2.325422
202300025986,24,1,2023,2025-12-05 18:20:00,3,27,27375,2,1,1,2,Tabarly (Voie Eric),49.21439,1.18029
202300025987,13,11,2023,2025-12-05 17:35:00,5,75,75117,2,1,1,5,Bd Peripherique Interieur,48.893172,2.303521
202300025988,8,3,2023,2025-12-05 11:30:00,1,92,92073,2,1,1,6,Jaures (Avenue Jean),48.864005,2.208598
202300025989,3,8,2023,2025-12-05 19:44:00,1,42,42044,1,1,1,2,Rn88,45.38886,4.30136
202300025990,25,5,2023,2025-12-05 17:22:00,1,11,11069,2,3,2,2,Adresse_Inconnue,43.23029,2.36051
202300025991,24,1,2023,2025-12-05 16:25:00,1,27,27234,1,1,8,2,Rn 154,49.03396,1.1865
202300025992,13,11,2023,2025-12-05 16:10:00,1,75,75116,2,1,2,6,Bd Peripherique Exterieur,48.857246,2.258489
202300025993,2,8,2023,2025-12-05 11:25:00,1,67,67218,1,1,2,2,M35,48.54934,7.73059
202300025994,8,3,2023,2025-12-05 16:20:00,1,92,92051,2,6,2,3,"Bineau (Boulevard, Ndeg53 A 131 Et 52 A 13",48.88669178,2.28305072
202300025995,24,5,2023,2025-12-05 14:45:00,1,11,11069,2,1,1,2,5 Square Gambetta,43.21171,2.35737
202300025996,23,1,2023,2025-12-05 17:20:00,1,22,22187,1,1,1,4,Rn12,48.54518,-2.8015
202300025997,13,11,2023,2025-12-05 13:00:00,1,75,75113,2,1,2,2,Bd Peripherique Exterieur,48.826491,2.389146
202300025998,5,8,2023,2025-12-05 14:05:00,1,33,33003,1,1,1,3,Autoroute A 10,44.93225,-0.46843
202300025999,8,3,2023,2025-12-05 20:44:00,5,92,92050,2,4,2,3,Republique Avenue De La,48.90683256,2.21201509
202300026000,17,1,2023,2025-12-05 08:02:00,2,18,18033,2,2,2,3,60 Boulevard Du Marechal Foch,47.078221,2.408881
202300026001,26,5,2023,2025-12-05 09:54:00,1,10,10387,2,2,7,6,Rue Etienne Pedron,48.3106,4.0745
202300026002,14,11,2023,2025-12-05 20:30:00,3,75,75105,2,2,1,3,Boulevard De L Hopital,48.843217,2.36418
202300026003,8,3,2023,2025-12-05 10:24:00,1,92,92035,2,3,1,2,General De Gaulle  ( Avenue Du ),48.90886,2.25532
202300026004,24,1,2023,2025-12-05 12:30:00,1,13,13206,2,1,1,3,Notre Dame (Boulevard),43.28728046,5.37370697
202300026005,14,11,2023,2025-12-05 12:05:00,1,75,75119,2,1,2,6,Avenue De Flandre,48.893986,2.380895
202300026006,26,5,2023,2025-12-05 07:29:00,1,10,10362,2,3,1,1,Avenue Du General Leclerc,48.29217692,4.04056871
202300026007,8,3,2023,2025-12-05 08:55:00,1,92,92024,2,1,2,7,Henri Barbusse (Rue) De (1 A 73)   (2 A,48.89722326,2.29957011
202300026008,2,8,2023,2025-12-05 12:50:00,1,33,33487,1,1,2,4,Autoroute A 10,44.95385559,-0.45651197
202300026009,24,1,2023,2025-12-05 05:10:00,5,13,13214,2,1,1,3,Burel (Boulevard),43.31590993,5.38871348
202300026010,14,11,2023,2025-12-05 17:15:00,5,75,75116,2,3,2,2,Allee De La Reine Marguerite,48.864897,2.249075
202300026011,23,5,2023,2025-12-05 18:35:00,1,7,7102,2,6,1,1,Jean Moulin (Rue),44.937597,4.86353
202300026012,8,3,2023,2025-12-05 07:50:00,1,92,92060,2,1,2,2,Galilee (Avenue),48.77400656,2.24489897
202300026013,2,8,2023,2025-12-05 15:05:00,1,59,59462,1,1,1,2,Autoroute A1,50.50830032,3.02539229
202300026014,23,1,2023,2025-12-05 18:10:00,5,13,13005,2,1,1,1,Route De Marseille,43.28492108,5.5510041
202300026015,13,11,2023,2025-12-05 08:50:00,1,75,75114,2,2,1,3,Boulevard Arago,48.834809,2.341573
202300026016,26,5,2023,2025-12-05 01:30:00,5,75,75120,2,1,1,4,Porte De Bagnolet,48.866942,2.41322
202300026017,8,3,2023,2025-12-05 18:20:00,2,92,92012,2,5,3,1,Alphonse Le Gallo (Quai) 1/34,48.8412,2.2252