num_acc,jour,mois,an,hrmn,lum,dep,com,agg,int,atm,col,adr,lat,long
202300026018,6,8,2023,2025-12-05 15:00:00,1,91,91689,1,1,1,4,Autoroute A6B,48.74852,2.32784
202300026019,23,1,2023,2025-12-05 07:45:00,2,13,13004,2,1,1,6,Av Stalingrad,43.6852,4.63402
202300026020,26,5,2023,2025-12-05 18:48:00,1,75,75105,2,3,1,6,Boulevard Saint Marcel,48.837189,2.353
202300026021,7,3,2023,2025-12-05 14:30:00,1,92,92004,2,1,8,6,Marne   ( Avenue De La ),48.90824,2.28414
202300026022,14,11,2023,2025-12-05 16:13:00,1,75,75113,2,7,2,3,Place D Italie,48.831092,2.35606
202300026023,24,1,2023,2025-12-05 07:45:00,1,7,7281,2,6,1,2,Gross-Umstadt (Avenue De),44.9434,4.8576
202300026024,6,8,2023,2025-12-05 12:00:00,1,91,91136,1,1,1,4,Autoroute A10,48.71458,2.27288
202300026025,14,11,2023,2025-12-05 00:20:00,5,75,75107,2,1,1,6,Avenue Charles Floquet,48.855642,2.295187
202300026026,4,3,2023,2025-12-05 05:25:00,3,37,37030,1,1,1,7,La Pitronniere,47.59452043,0.86339235
202300026027,26,5,2023,2025-12-05 18:05:00,1,75,75120,2,2,1,6,Avenue Gambetta,48.86495,2.397267
202300026028,25,1,2023,2025-12-05 07:20:00,5,75,75120,2,1,1,2,Porte De Bagnolet,48.862608,2.413553
202300026029,13,11,2023,2025-12-05 20:15:00,5,75,75112,2,3,1,6,Rue Du Faubourg Saint Antoine,48.850992,2.377203
202300026030,24,1,2023,2025-12-05 20:35:00,5,75,75112,2,1,1,6,Boulevard Peripherique Interieur Nord,48.842254,2.413632
202300026031,26,5,2023,2025-12-05 19:00:00,1,75,75119,2,3,1,6,Rue Petit,48.884832,2.381962
202300026032,7,3,2023,2025-12-05 11:20:00,1,6,6161,1,1,1,4,Route Du Bord De Mer,43.618667,7.129833
202300026033,5,8,2023,2025-12-05 20:50:00,1,91,91687,1,1,1,5,Autoroute A6,48.66085,2.37098
202300026034,5,8,2023,2025-12-05 18:15:00,1,91,91521,1,1,1,7,Autoroute A6,48.642646,2.391731
202300026035,24,1,2023,2025-12-05 08:50:00,1,75,75115,2,1,1,1,Quai D Issy Les Moulineaux,48.838819,2.269443
202300026036,14,11,2023,2025-12-05 14:15:00,1,75,75111,2,2,2,3,Boulevard Voltaire,48.850411,2.392517
202300026037,8,3,2023,2025-12-05 17:45:00,1,974,97412,2,1,1,3,Rue Raphael Babet,-21.379247,55.62534
202300026038,4,8,2023,2025-12-05 18:45:00,1,94,94038,1,1,1,4,A6A,48.789453,2.34440982
202300026039,9,3,2023,2025-12-05 07:50:00,2,63,63358,1,1,1,6,D122,46.027597,3.048282
202300026040,23,1,2023,2025-12-05 21:59:00,5,75,75107,2,2,1,3,Quai Anatole France,48.859548,2.329342
202300026041,26,5,2023,2025-12-05 08:30:00,1,75,75116,2,7,1,3,Place Du Marechal De Lattre De Tassigny,48.871669,2.274052
202300026042,14,11,2023,2025-12-05 10:43:00,1,75,75111,2,3,2,3,Avenue De La Republique,48.863802,2.382271
202300026043,26,5,2023,2025-12-05 10:30:00,1,75,75114,2,1,1,6,Rue Didot,48.826976,2.313984
202300026044,4,8,2023,2025-12-05 12:25:00,1,91,91617,1,9,1,2,Rn6 Province / Rn104 Int,48.645165,2.534629
202300026045,8,3,2023,2025-12-05 14:40:00,1,28,28048,2,1,3,6,Route Nationale La Bourdiniere,48.318243,1.42885
202300026046,22,1,2023,2025-12-05 19:40:00,5,75,75118,2,1,1,4,Boulevard Peripherique Exterieur Nord,48.90086,2.365712
202300026047,14,11,2023,2025-12-05 10:40:00,1,75,75111,2,2,2,6,Rue Saint Maur,48.869462,2.373919
202300026048,25,5,2023,2025-12-05 13:05:00,1,75,75114,2,3,1,6,Rue Liancourt,48.833881,2.327263
202300026049,24,1,2023,2025-12-05 22:20:00,5,75,75105,2,3,1,6,Rue Lacepede,48.843707,2.353689
202300026050,8,3,2023,2025-12-05 13:25:00,1,67,67283,1,1,2,1,D1004,48.691793,7.38528
202300026051,4,8,2023,2025-12-05 13:50:00,1,91,91553,1,1,2,4,Rn 104,48.63145,2.50236
202300026052,14,11,2023,2025-12-05 13:08:00,1,75,75107,2,1,2,2,Place Joffre,48.852743,2.303232
202300026053,7,3,2023,2025-12-05 07:20:00,1,62,62156,1,1,2,7,La Grande Place Du Haut Buisson,50.889401,1.755011
202300026054,26,5,2023,2025-12-05 18:45:00,1,75,75113,2,3,1,3,Avenue D Italie,48.825795,2.357398
202300026055,4,8,2023,2025-12-05 10:25:00,1,91,91086,1,1,1,2,Rn 104,48.62536,2.39572
202300026056,24,1,2023,2025-12-05 16:00:00,1,75,75116,2,2,1,3,Route De La Muette A Neuilly,48.872534,2.264433
202300026057,4,8,2023,2025-12-05 02:23:00,3,91,91617,1,1,1,6,Rn6 Province / Rn 104 Ext,48.64409,2.5377
202300026058,26,5,2023,2025-12-05 17:15:00,1,75,75112,2,1,1,2,Route Dauphine,48.837576,2.436858
202300026059,13,11,2023,2025-12-05 23:15:00,5,75,75107,2,3,1,3,Rue De Sevres,48.846007,2.313901
202300026060,6,3,2023,2025-12-05 08:00:00,1,62,62775,2,1,1,1,Rue D'Eclemy,50.785848,1.902335
202300026061,3,8,2023,2025-12-05 20:00:00,1,91,91377,1,1,1,3,Autoroute A10,48.72196,2.29586
202300026062,6,8,2023,2025-12-05 06:26:00,1,78,78117,1,1,1,6,Rn12,48.788308,2.137474
202300026063,25,1,2023,2025-12-05 09:10:00,1,75,75115,2,2,1,3,Rue De La Croix Nivert,48.835804,2.289715
202300026064,26,5,2023,2025-12-05 13:25:00,1,75,75112,2,3,1,2,Esplanade Saint Louis,48.84024,2.436141
202300026065,4,8,2023,2025-12-05 12:55:00,1,78,78321,1,1,1,2,Rn12 Int,48.797153,1.909635
202300026066,14,11,2023,2025-12-05 23:35:00,5,75,75107,2,3,1,2,Avenue Rapp,48.859877,2.300852
202300026067,9,3,2023,2025-12-05 09:40:00,1,37,37229,1,1,1,2,A10 Pk173+800,47.572878,1.053829
202300026068,25,1,2023,2025-12-05 14:07:00,1,75,75113,2,2,1,5,Boulevard Kellermann,48.819161,2.359476
202300026069,26,5,2023,2025-12-05 17:10:00,1,75,75109,2,2,1,3,Rue Des Mathurins,48.873136,2.326738
202300026070,25,1,2023,2025-12-05 12:05:00,1,75,75113,2,1,1,6,Rue De La Providence,48.825475,2.348747
202300026071,14,11,2023,2025-12-05 18:50:00,5,75,75102,2,2,1,3,Boulevard De Sebastopol,48.863398,2.350969
202300026072,7,3,2023,2025-12-05 17:45:00,1,83,83097,1,1,2,1,Chemin Departemental 6,43.469895,5.752072
202300026073,3,8,2023,2025-12-05 17:30:00,1,78,78043,1,1,2,5,A12 W,48.82588,2.07609
202300026074,24,1,2023,2025-12-05 15:48:00,1,75,75113,2,2,1,6,Quai D Austerlitz,48.841929,2.367915
202300026075,6,8,2023,2025-12-05 06:40:00,1,93,93066,1,1,1,7,Autoroute A1,48.93395618,2.38339584
202300026076,8,3,2023,2025-12-05 17:00:00,1,91,91225,1,1,2,2,Route Nationale 6,48.662983,2.514853
202300026077,13,11,2023,2025-12-05 20:45:00,5,94,94073,2,1,1,2,Boulevard De Stalingrad,48.77383887,2.39942676
202300026078,24,5,2023,2025-12-05 23:10:00,5,75,75108,2,2,1,3,Rue D Anjou,48.873428,2.322411
202300026079,25,1,2023,2025-12-05 16:15:00,2,75,75112,2,3,1,6,Avenue Daumesnil,48.842414,2.38547
202300026080,7,3,2023,2025-12-05 19:00:00,4,19,19178,1,2,1,1,D 920 Lieu Dit Les Pouges Pk 36 + 990,45.266792,1.554973
202300026081,14,11,2023,2025-12-05 08:26:00,1,94,94044,2,1,2,2,24 Avenue Gabriel Peri,48.753753,2.485159
202300026082,26,5,2023,2025-12-05 19:30:00,1,94,94052,2,1,1,6,Boulevard Albert 1Er,48.837884,2.493818
202300026083,5,8,2023,2025-12-05 17:15:00,1,95,95154,1,1,2,6,A1,49.04869,2.54723
202300026084,24,1,2023,2025-12-05 13:15:00,1,75,75112,2,2,1,3,Avenue Ledru Rollin,48.848674,2.372585
202300026085,14,11,2023,2025-12-05 14:00:00,1,94,94052,2,9,9,1,Boulevard De Strasbourg,48.836392,2.475603
202300026086,7,3,2023,2025-12-05 22:30:00,3,56,56240,1,1,3,7,Kerblanquet,47.52876,-2.753411
202300026087,4,8,2023,2025-12-05 22:00:00,3,95,95582,1,1,8,6,A15,48.97054,2.24921
202300026088,26,5,2023,2025-12-05 16:00:00,1,94,94076,2,2,1,7,Avenue De La Division Leclerc,48.784588,2.367381
202300026089,24,1,2023,2025-12-05 07:05:00,2,75,75112,2,2,1,6,Rue Chaligny,48.846993,2.383798
202300026090,4,8,2023,2025-12-05 17:40:00,1,93,93005,1,1,2,3,Autoroute A1,48.96114,2.46937
202300026091,13,11,2023,2025-12-05 22:00:00,5,94,94069,1,1,2,2,A4,48.817137,2.453088
202300026092,9,3,2023,2025-12-05 09:45:00,1,2B,2B319,1,1,1,2,10 Penticchie,42.430683,9.523526
202300026093,25,1,2023,2025-12-05 15:30:00,1,75,75110,2,1,1,6,Boulevard De Magenta,48.869545,2.362107
202300026094,4,8,2023,2025-12-05 09:45:00,1,93,93039,1,1,1,2,Autoroute A86,48.92692,2.33586
202300026095,6,3,2023,2025-12-05 18:41:00,1,32,32440,2,9,1,7,Rd 180,43.639367,0.020165
202300026096,26,5,2023,2025-12-05 14:40:00,1,94,94038,2,9,1,6,97 Avenue Du General De Gaulle,48.78365,2.34576
202300026097,24,1,2023,2025-12-05 22:20:00,5,75,75110,2,2,1,7,Boulevard De Magenta,48.878563,2.354059
202300026098,14,11,2023,2025-12-05 15:59:00,1,93,93050,2,2,2,6,Avenue Du General De Gaulle / Rue Marx Dormoy,48.8570023,2.53110158
202300026099,2,8,2023,2025-12-05 19:00:00,1,93,93006,1,1,2,3,Autoroute A3,48.86577158,2.41749625
202300026100,25,5,2023,2025-12-05 19:20:00,1,94,94028,2,1,1,6,Avenue De La Pompadour,48.77299,2.43535
202300026101,3,3,2023,2025-12-05 17:00:00,1,89,89063,1,1,1,1,D3,47.984364,3.278711
202300026102,25,1,2023,2025-12-05 18:08:00,5,75,75109,2,1,1,1,Rue De La Chaussee D Antin,48.87491,2.332463
202300026103,12,2,2023,2025-12-05 17:12:00,1,61,61153,1,1,1,6,Voie Communale,48.71938,-0.070424
202300026104,14,11,2023,2025-12-05 06:25:00,5,93,93048,2,2,1,3,Boulevard Theophile Sueur / Rue De La Cote Du Nord,48.8633,2.46666
202300026105,6,8,2023,2025-12-05 06:00:00,2,93,93051,1,1,1,2,A4,48.83501479,2.57867375
202300026106,25,1,2023,2025-12-05 12:25:00,1,94,94041,2,1,8,6,Rue Louise Aglae Crette,48.80223837,2.39702582
202300026107,26,5,2023,2025-12-05 16:44:00,1,93,93066,2,2,1,2,Rue Du Bec A Loue / Av I Et Frederic Joliot Curie,48.9335371,2.36995843
202300026108,14,11,2023,2025-12-05 17:00:00,5,93,93029,2,2,8,3,Avenue Jean Jaures / Avenue Henri Barbusse,48.91983718,2.45139844
202300026109,25,1,2023,2025-12-05 17:15:00,2,94,94080,2,2,1,3,Cours Marigny / Rue D'Idalie,48.8453,2.43966
202300026110,25,5,2023,2025-12-05 22:00:00,5,93,93066,2,4,1,1,Boulevard De La Commune De Paris / Rue De Strasbourg,48.93610499,2.3646348
202300026111,8,3,2023,2025-12-05 16:34:00,1,12,12200,2,2,1,6,Route De Millau - D907,44.186739,3.129164
202300026112,13,11,2023,2025-12-05 08:30:00,1,93,93027,2,1,2,2,Avenue Jean Mermoz,48.93246,2.40668
202300026113,9,3,2023,2025-12-05 15:00:00,1,12,12090,1,1,1,7,D598,44.389651,2.47879
202300026114,25,1,2023,2025-12-05 08:35:00,1,94,94080,2,2,1,3,Avenue De Paris / Avenue Du Chateau,48.84479311,2.43661469
202300026115,26,5,2023,2025-12-05 17:00:00,1,93,93055,2,3,1,3,Avenue Jean Lolive / Route De Noisy,48.89556,2.4267
202300026116,25,1,2023,2025-12-05 05:35:00,5,94,94052,2,2,2,7,Rue Du Marechal Vaillant,48.83943,2.49047
202300026117,14,11,2023,2025-12-05 18:08:00,5,93,93029,2,1,2,3,Rue De Stalingrad,48.91582975,2.42566963
202300026118,9,3,2023,2025-12-05 11:20:00,1,46,46083,1,3,1,2,Pech Sagoulet,45.014437,1.579306
202300026119,26,5,2023,2025-12-05 10:45:00,1,93,93055,2,1,1,1,Rue Kleber,48.88670569,2.41167734
202300026120,14,11,2023,2025-12-05 17:00:00,2,93,93007,2,1,2,6,Avenue De La Republique,48.93609325,2.46652331
202300026121,25,1,2023,2025-12-05 00:20:00,5,94,94041,2,2,1,3,Rue Jean Le Galleu / Rue Michelet,48.80955,2.38042
202300026122,7,3,2023,2025-12-05 20:40:00,5,46,46038,2,1,1,6,162 Boulevard Des Tilleuls,44.914014,1.837592
202300026123,26,5,2023,2025-12-05 09:20:00,1,93,93006,2,5,1,1,Rue Francois Mitterrand / Avenue Pasteur,48.87608,2.42346
202300026124,24,1,2023,2025-12-05 13:50:00,1,94,94076,2,1,1,6,Avenue Du General De Gaulle,48.785025,2.347989
202300026125,14,11,2023,2025-12-05 08:50:00,1,93,93005,2,1,2,2,Rue Jean Charcot,48.93396,2.490957
202300026126,9,3,2023,2025-12-05 12:15:00,1,47,47252,1,2,1,3,Rd911,44.396121,0.606287
202300026127,26,5,2023,2025-12-05 16:33:00,1,93,93079,2,1,1,3,Route De Saint-Leu,48.95413,2.33533
202300026128,24,1,2023,2025-12-05 18:40:00,5,94,94018,2,3,1,6,Rue Des Bordeaux / Rue Jean Pigeon,48.821504,2.409431
202300026129,14,11,2023,2025-12-05 18:10:00,5,93,93001,2,1,2,3,Avenue Victor Hugo,48.911195,2.379358
202300026130,23,2,2023,2025-12-05 16:50:00,1,86,86032,1,1,2,2,D3,46.676147,0.559448
202300026131,25,1,2023,2025-12-05 09:12:00,1,93,93072,2,1,2,3,12 Rue Du President Harding,48.96938,2.37841
202300026132,14,11,2023,2025-12-05 12:30:00,1,92,92078,2,1,2,6,Nobel (Avenue),48.94622,2.31737
202300026133,23,5,2023,2025-12-05 01:00:00,5,92,92078,2,3,1,3,Verdun (Avenue) (Impairs 1 A 25),48.93555653,2.33291656
202300026134,7,3,2023,2025-12-05 19:20:00,5,35,35062,1,1,2,1,La Templerie,48.316756,-1.062147
202300026135,26,5,2023,2025-12-05 13:25:00,1,92,92022,1,1,1,7,Pave De Meudon (Rue Du),48.80421633,2.19461627
202300026136,25,1,2023,2025-12-05 08:30:00,1,93,93077,2,2,1,3,Rue Marc Vieville / Rue Jean Jaures,48.8785,2.50976
202300026137,14,11,2023,2025-12-05 12:25:00,1,92,92073,2,9,1,1,Bas Rogers (Rue Des),48.88040366,2.22938441
202300026138,9,3,2023,2025-12-05 19:45:00,3,29,29196,1,1,6,6,Lieu Dit Kerherhal,48.531391,-4.623882
202300026139,26,5,2023,2025-12-05 15:20:00,1,92,92050,2,1,1,6,Joliot Curie F. Et Irene Avenue  NdegPairs,48.89145,2.2079
202300026140,14,11,2023,2025-12-05 18:30:00,5,92,92063,2,1,2,6,Sauvage (Place Nicolas),48.88025667,2.18129441
202300026141,24,1,2023,2025-12-05 22:35:00,5,93,93046,2,2,1,7,Avenue Jules Guesde / Avenue Aristide Briand,48.91066,2.5121
202300026142,14,11,2023,2025-12-05 13:40:00,1,92,92020,2,1,2,6,Paris Avenue De Ndeg84 A Fin,48.80684144,2.29341763
202300026143,26,5,2023,2025-12-05 14:30:00,1,92,92050,2,1,1,2,Republique Avenue De La,48.90585586,2.21059889
202300026144,8,3,2023,2025-12-05 16:54:00,1,29,29165,2,3,3,6,Rue Des Equipages,47.797844,-4.213984
202300026145,24,1,2023,2025-12-05 20:45:00,5,93,93006,2,9,1,3,Avenue De La Republique,48.86174347,2.41716
202300026146,24,1,2023,2025-12-05 16:50:00,1,93,93032,2,1,1,6,10 Rue Henri Maillard,48.88508,2.53386
202300026147,13,11,2023,2025-12-05 20:24:00,5,92,92036,2,3,1,3,Bas (Rue Des) (78   +),48.91911964,2.29024887
202300026148,13,5,2023,2025-12-05 17:30:00,1,92,92050,2,2,1,3,Vaillant Couturier Paul Rue,48.88251811,2.20442981
202300026149,8,3,2023,2025-12-05 21:10:00,3,3,3176,1,1,1,7,Pont Charroux,46.376605,3.30261
202300026150,25,1,2023,2025-12-05 17:00:00,1,93,93010,2,1,1,6,Avenue Gallieni,48.90627407,2.48208672
202300026151,26,5,2023,2025-12-05 15:55:00,1,92,92049,2,1,1,6,Jaures Avenue Jean Ndeg53 A Fin,48.81468,2.308721
202300026152,9,3,2023,2025-12-05 10:50:00,1,58,58092,1,1,1,3,Viard,47.145821,3.557011
202300026153,13,11,2023,2025-12-05 14:30:00,1,92,92036,2,1,3,3,Gresillons (Avenue Des) (141/215),48.91829653,2.30977035
202300026154,24,1,2023,2025-12-05 16:10:00,1,93,93057,2,2,1,6,Allee Du 14 Juillet / Boulevard De Paris,48.91401411,2.49188873
202300026155,26,5,2023,2025-12-05 10:13:00,1,92,92035,2,1,1,2,Republique ( Boulevard De La ),48.90591598,2.25189149
202300026156,14,11,2023,2025-12-05 09:45:00,1,92,92007,2,1,2,3,Ravera (Avenue Henri) Ndeg 111 A 217 Et 10,48.80562937,2.31343317
202300026157,6,3,2023,2025-12-05 22:50:00,5,54,54076,2,9,1,1,14 Rue Du Marechal Leclerc,48.555533,6.407349
202300026158,25,1,2023,2025-12-05 07:20:00,5,93,93001,2,1,2,6,Rue Heurtault,48.91595602,2.37695038
202300026159,26,5,2023,2025-12-05 12:15:00,1,92,92007,2,9,1,3,Vaillant-Couturier (Avenu Paul),48.79057739,2.31467396
202300026160,14,11,2023,2025-12-05 09:45:00,1,92,92014,2,1,2,6,General Leclerc (Av.) (57 A 135 - 50 A 1,48.78097617,2.31598015
202300026161,5,3,2023,2025-12-05 09:10:00,1,6,6079,2,6,1,3,85 Allee Louis Bleriot,43.553801,6.952878
202300026162,23,1,2023,2025-12-05 12:30:00,1,92,92078,2,6,1,3,Charles De Gaulle (Bd)(72 Au 308),48.94292035,2.31832069
202300026163,26,5,2023,2025-12-05 10:30:00,1,92,92002,2,1,1,6,Division Leclerc (1 A 29 -2 A 34),48.75220475,2.30452314
202300026164,8,11,2023,2025-12-05 11:35:00,1,35,35120,2,1,8,3,46 Rue De Dinan,48.223338,-1.793322
202300026165,7,3,2023,2025-12-05 18:55:00,3,50,50551,1,1,3,1,Route De Bricquebec,49.397401,-1.540715
202300026166,25,1,2023,2025-12-05 19:30:00,5,92,92026,2,3,1,2,Colombes,48.89770303,2.25656658
202300026167,23,1,2023,2025-12-05 15:05:00,1,92,92025,2,1,8,6,Charles De Gaulle (Bd),48.91574,2.22674
202300026168,27,5,2023,2025-12-05 20:30:00,1,39,39097,2,3,1,3,Rue De Saint Exupery (Magasin Noz),46.739633,5.91524
202300026169,15,11,2023,2025-12-05 11:40:00,1,86,86007,1,2,7,3,Route De Bel Air,46.853691,0.53598
202300026170,25,1,2023,2025-12-05 03:20:00,3,95,95487,1,1,1,6,D301,49.149321,2.24812
202300026171,7,3,2023,2025-12-05 16:20:00,2,45,45193,1,1,1,1,D13 Pr 5 + 980,47.80478643,2.07195184
202300026172,27,5,2023,2025-12-05 08:00:00,1,6,6149,1,1,1,7,Boulevard Georges Buono,43.745975,7.31491
202300026173,23,1,2023,2025-12-05 12:10:00,1,974,97412,2,6,2,6,Rue Hippolyte Foucque,-21.374811,55.626349
202300026174,13,11,2023,2025-12-05 15:15:00,1,33,33191,2,2,2,3,D1089,45.011166,0.026881
202300026175,26,5,2023,2025-12-05 17:15:00,1,43,43040,2,1,3,3,128 Avenue D'Auvergne,45.310138,3.375528
202300026176,6,3,2023,2025-12-05 14:15:00,1,64,64256,2,1,1,5,Urcuray,43.367216,-1.358528
202300026177,23,1,2023,2025-12-05 19:00:00,3,974,97412,2,6,3,3,N1002,-21.372838,55.620276
202300026178,26,5,2023,2025-12-05 14:50:00,1,68,68089,1,1,1,7,Tour,47.930297,7.036035
202300026179,15,11,2023,2025-12-05 15:24:00,1,17,17133,1,1,1,7,Route De La Montee Rouge,45.585197,-0.708854
202300026180,27,5,2023,2025-12-05 12:10:00,1,31,31022,2,1,1,6,Chemin De Lespinasse,43.677439,1.415183
202300026181,7,3,2023,2025-12-05 15:45:00,1,16,16287,1,1,8,1,44 Route De Pondeville,45.5678183,-0.01189423
202300026182,26,1,2023,2025-12-05 08:25:00,2,77,77304,1,1,5,1,D215,48.839801,3.470208
202300026183,15,11,2023,2025-12-05 17:00:00,1,974,97405,2,1,1,6,Rue Maxime Payet,-21.368767,55.575269
202300026184,25,1,2023,2025-12-05 17:45:00,2,27,27130,1,1,1,6,A28,49.05206763,0.45763154
202300026185,14,11,2023,2025-12-05 21:25:00,3,83,83004,1,1,1,6,Route Departementale 555,43.47758,6.482652
202300026186,26,1,2023,2025-12-05 10:15:00,1,51,51237,2,1,1,6,Place Des Droits De L'Homme,48.732262,3.557253
202300026187,26,5,2023,2025-12-05 17:50:00,1,67,67367,1,1,1,1,D1404,48.72279,7.381762
202300026188,8,3,2023,2025-12-05 15:50:00,1,53,53147,2,6,1,3,Rn12,48.30838,-0.63283
202300026189,14,11,2023,2025-12-05 20:30:00,3,41,41256,1,1,1,7,A71,47.315432,2.04998
202300026190,26,1,2023,2025-12-05 12:30:00,1,89,89419,1,1,8,5,Adresse_Inconnue,47.755598,3.294289
202300026191,9,3,2023,2025-12-05 06:40:00,2,4,4084,1,1,5,6,D907,43.937659,6.16186
202300026192,26,5,2023,2025-12-05 21:45:00,5,971,97132,2,1,1,3,Route De Grande Anse,15.966579,-61.65713
202300026193,14,11,2023,2025-12-05 16:10:00,2,83,83036,2,9,1,3,680 Avenue De Saint-Raphael,43.183822,6.542326
202300026194,18,1,2023,2025-12-05 07:30:00,2,63,63003,1,1,4,1,Route Departementale 906,45.57813331,3.74142408
202300026195,7,3,2023,2025-12-05 17:20:00,1,85,85146,1,1,1,5,Pk 4 D1763,46.980013,-1.353876
202300026196,10,5,2023,2025-12-05 16:45:00,1,974,97413,2,1,1,3,Rue Du Musee,-21.200047,55.294039
202300026197,15,11,2023,2025-12-05 07:30:00,2,48,48156,1,1,5,6,A75,44.454817,3.191185
202300026198,20,1,2023,2025-12-05 16:30:00,1,76,76638,1,1,1,1,Rd 1314,49.996154,1.435604
202300026199,24,1,2023,2025-12-05 11:35:00,1,41,41211,2,1,1,1,111 Rue Du General De Gaulle,47.325974,1.128488
202300026200,8,3,2023,2025-12-05 06:20:00,3,27,27493,1,2,2,3,Rd20,49.316398,1.238902
202300026201,22,9,2023,2025-12-05 12:05:00,1,22,22020,2,2,1,3,Rue Du Souvenir Francais,48.317636,-2.254456
202300026202,7,5,2023,2025-12-05 01:13:00,3,34,34194,1,1,1,4,A75 Pk 305+342,43.522134,3.443313
202300026203,18,1,2023,2025-12-05 20:05:00,3,44,44178,1,1,2,1,Adresse_Inconnue,47.101133,-1.738114
202300026204,9,3,2023,2025-12-05 07:10:00,2,28,28387,1,1,2,6,D30.2,48.311806,1.001707
202300026205,15,11,2023,2025-12-05 18:50:00,3,30,30060,1,3,1,3,D135,43.797406,4.394767
202300026206,25,1,2023,2025-12-05 18:15:00,5,35,35297,2,1,1,4,Rue Louison Bobet,48.186483,-2.189439
202300026207,27,5,2023,2025-12-05 16:00:00,1,30,30256,1,1,1,3,Adresse_Inconnue,44.181283,4.583032
202300026208,22,2,2023,2025-12-05 16:15:00,1,87,87078,1,3,2,6,Le Chene Pignier,45.987402,0.943703
202300026209,26,1,2023,2025-12-05 15:40:00,1,58,58273,1,1,8,1,Pr 008+550 Rd 978,46.994831,3.268776
202300026210,22,5,2023,2025-12-05 18:05:00,1,59,59149,1,1,1,6,D15,50.064977,3.409163
202300026211,15,11,2023,2025-12-05 08:50:00,1,57,57556,2,3,1,6,Rue De Strasbourg,49.050509,6.931311
202300026212,19,1,2023,2025-12-05 20:30:00,3,14,14055,1,1,2,6,D675,49.258549,0.09033
202300026213,22,5,2023,2025-12-05 14:15:00,1,56,56036,1,3,1,3,Rue Du Maneguen,47.785444,-3.326883
202300026214,23,1,2023,2025-12-05 22:15:00,3,64,64216,1,1,9,1,Route De Tarbes,43.252674,-0.130731
202300026215,8,3,2023,2025-12-05 10:15:00,1,78,78620,1,9,2,1,Route De Versailles Rd 6,48.73996,2.125527
202300026216,14,11,2023,2025-12-05 14:15:00,1,51,51115,2,1,2,5,6 Route Nationale,49.198111,4.013175
202300026217,21,1,2023,2025-12-05 10:30:00,1,53,53216,2,7,1,6,Place De L'Eglise,48.350217,-0.581023
202300026218,27,5,2023,2025-12-05 10:15:00,1,56,56260,2,3,1,3,15 Avenue Du President Edouard Herriot,47.654067,-2.736415
202300026219,22,1,2023,2025-12-05 15:20:00,1,17,17003,1,1,1,1,D939,46.101969,-0.918964
202300026220,8,3,2023,2025-12-05 12:30:00,1,987,98715,2,3,1,3,Route De Ceinture Rt1 Face A L'Opt,-17.547235,-149.585273
202300026221,27,5,2023,2025-12-05 07:50:00,1,82,82155,1,4,1,6,D75,44.174475,1.796136
202300026222,13,11,2023,2025-12-05 16:50:00,2,80,80620,2,1,2,6,27 Place Du Commandant Louis Daudre,49.929179,2.934694
202300026223,9,3,2023,2025-12-05 08:00:00,1,24,24055,1,1,1,6,Route Jaufre Rudel,45.2938,0.581481
202300026224,25,1,2023,2025-12-05 18:50:00,5,37,37273,1,6,1,2,Adresse_Inconnue,47.39396984,0.78866065
202300026225,27,5,2023,2025-12-05 15:30:00,1,11,11209,1,1,1,1,Route Departementale 118,42.970088,2.259423
202300026226,15,11,2023,2025-12-05 07:50:00,1,82,82134,1,1,5,1,D115,44.065067,1.500991
202300026227,20,1,2023,2025-12-05 12:30:00,1,978,97801,2,1,1,1,Route Nationale 7 - Avant L'Intersection Hameau De Rambaud - La Savane,18.085827,-63.066164
202300026228,27,5,2023,2025-12-05 00:06:00,3,46,46228,2,2,1,6,D14,44.908026,1.820882
202300026229,15,11,2023,2025-12-05 13:45:00,1,65,65456,2,1,1,6,D36,43.123775,0.417159
202300026230,26,1,2023,2025-12-05 07:40:00,3,42,42279,2,1,5,6,Boulevard De La Liberation,45.498822,4.242193
202300026231,8,3,2023,2025-12-05 11:55:00,1,55,55166,1,1,2,6,Autoroute A4 Pk 252+300,49.119086,5.389341
202300026232,26,1,2023,2025-12-05 10:05:00,1,988,98817,2,3,1,3,Rps2/Rue Porte Dore,-22.23845,166.5811
202300026233,8,3,2023,2025-12-05 13:20:00,1,987,98712,2,1,1,7,Pk 5 Rt2,-17.279,-149.542
202300026234,27,5,2023,2025-12-05 12:14:00,1,68,68098,2,1,1,1,D7B,47.567246,7.147679
202300026235,14,11,2023,2025-12-05 11:55:00,1,49,49331,2,9,2,7,7 Rue Du 8 Mai 1945 (Segre),47.680767,-0.874558
202300026236,26,1,2023,2025-12-05 13:00:00,1,973,97311,2,1,1,6,Rue Joseph Symphorien,5.49769,-54.029399
202300026237,9,3,2023,2025-12-05 07:10:00,2,69,69007,1,1,9,3,Route Departementale 386,45.505603,4.841307
202300026238,26,5,2023,2025-12-05 19:56:00,1,39,39101,1,1,1,7,Adresse_Inconnue,47.108507,5.430805
202300026239,14,11,2023,2025-12-05 15:40:00,1,86,86082,2,1,2,7,D158,46.287054,0.244372