num_acc,jour,mois,an,hrmn,lum,dep,com,agg,int,atm,col,adr,lat,long
202300026240,23,1,2023,2025-12-05 05:15:00,3,978,97801,1,1,2,5,Rue De Terre Basse,18.066188,-63.128691
202300026241,8,3,2023,2025-12-05 10:35:00,1,69,69235,2,1,8,6,81 Impasse Du Rond Point,45.530369,4.864883
202300026242,15,11,2023,2025-12-05 06:10:00,3,25,25466,1,1,2,2,Departementale 233 - Pk 0+500,47.196536,5.845542
202300026243,8,3,2023,2025-12-05 17:28:00,1,974,97401,1,1,1,3,N1A,-21.249962,55.321494
202300026244,25,1,2023,2025-12-05 13:50:00,1,83,83047,2,3,1,3,1433 Avenue Jean Monnet,43.119045,6.064678
202300026245,15,11,2023,2025-12-05 08:00:00,1,35,35095,2,6,2,3,Les Rolandieres,48.55177559,-1.7260243
202300026246,26,5,2023,2025-12-05 10:13:00,1,3,3267,1,3,1,3,D46,46.314706,3.263039
202300026247,9,3,2023,2025-12-05 07:30:00,2,33,33085,1,1,1,3,Route Des 2 Ponts,44.763967,-0.495125
202300026248,20,1,2023,2025-12-05 12:50:00,1,4,4245,2,3,1,3,Avenue Des Farigoules,43.868129,5.842924
202300026249,11,11,2023,2025-12-05 14:20:00,1,29,29266,2,1,1,7,D118,48.52433928,-3.93563402
202300026250,26,5,2023,2025-12-05 20:45:00,2,1,1069,1,1,1,1,Certines,46.114494,5.244384
202300026251,4,3,2023,2025-12-05 19:00:00,3,77,77196,1,1,1,2,N3,48.950521,2.761195
202300026252,15,11,2023,2025-12-05 12:00:00,1,31,31033,2,1,1,6,Avenue D'Hermannsburg,43.35619,1.460592
202300026253,26,1,2023,2025-12-05 15:00:00,1,13,13048,1,1,1,1,D561,43.622275,5.669192
202300026254,6,3,2023,2025-12-05 18:00:00,1,34,34344,2,1,1,7,19 Allee Des Palombes,43.563846,4.084613
202300026255,26,5,2023,2025-12-05 18:10:00,1,1,1010,1,1,1,2,D120,45.884357,5.779426
202300026256,24,1,2023,2025-12-05 14:00:00,1,21,21292,2,1,1,3,Impasse De La Norges,47.237167,5.224594
202300026257,26,5,2023,2025-12-05 20:00:00,1,58,58295,1,1,1,6,D553,47.3142,2.924894
202300026258,19,1,2023,2025-12-05 18:00:00,3,42,42265,1,1,1,6,Route Des Grands Pres,45.438563,4.728048
202300026259,8,2,2023,2025-12-05 15:40:00,1,34,34344,2,2,1,3,Allee De La Grande Pyramide,43.56123,4.076926
202300026260,13,11,2023,2025-12-05 04:20:00,3,2,2540,1,1,2,1,Adresse_Inconnue,49.004904,3.42238
202300026261,27,5,2023,2025-12-05 17:00:00,1,66,66048,1,1,1,7,D914,42.448981,3.162126
202300026262,26,1,2023,2025-12-05 14:30:00,1,64,64139,1,1,8,7,630 Chemin De Bruges,43.179633,-0.347051
202300026263,9,11,2023,2025-12-05 18:57:00,3,3,3214,1,1,2,7,D1,46.44596,3.027442
202300026264,26,5,2023,2025-12-05 18:15:00,1,72,72169,1,1,1,7,La Grande Moliere,47.95190774,0.03577885
202300026265,9,3,2023,2025-12-05 07:45:00,1,83,83112,2,3,1,2,Avenue De Tauroentum,43.180165,5.709221
202300026266,25,1,2023,2025-12-05 09:15:00,1,40,40019,2,1,8,7,Route Des Lacs,44.21451,-1.198947
202300026267,8,3,2023,2025-12-05 23:10:00,3,83,83064,1,1,1,7,D554,43.32073576,6.02296362
202300026268,26,1,2023,2025-12-05 08:05:00,5,14,14488,2,1,2,3,5 Place General De Gaulle,49.279593,-0.249842
202300026269,15,11,2023,2025-12-05 15:40:00,1,1,1203,1,1,1,5,1256 Route De Thoissey,46.250913,4.876149
202300026270,8,3,2023,2025-12-05 10:00:00,1,71,71297,2,1,2,6,5 Rue Des Ponts,46.861266,4.242927
202300026271,23,1,2023,2025-12-05 10:55:00,1,27,27123,1,3,1,3,Rn13 Intersection Rd534,49.012386,1.300828
202300026272,14,11,2023,2025-12-05 19:20:00,5,26,26165,2,1,2,6,62 Avenue Leon Aubin,44.77343233,4.84495574
202300026273,27,5,2023,2025-12-05 05:00:00,5,60,60471,2,1,1,6,Rue Du Faubourg D'Amiens,49.586629,2.992082
202300026274,26,1,2023,2025-12-05 12:10:00,1,60,60619,1,1,2,7,Nationale 2,49.11832984,2.77846267
202300026275,13,11,2023,2025-12-05 19:00:00,3,72,72056,1,1,1,6,Les Essarts,48.390597,0.112454
202300026276,27,5,2023,2025-12-05 11:10:00,1,64,64436,2,1,1,6,"D 918, P.R. 50+900",43.23111,-1.300238
202300026277,4,3,2023,2025-12-05 19:15:00,5,57,57683,2,4,1,2,Feux De Circulation,49.301273,6.16253
202300026278,26,1,2023,2025-12-05 08:25:00,1,59,59051,2,1,2,6,Rue Des Casernes,50.532921,2.804346
202300026279,26,5,2023,2025-12-05 20:25:00,2,73,73010,1,1,1,7,D991B Route De La Chambotte,45.78384711,5.86771896
202300026280,15,11,2023,2025-12-05 17:09:00,2,6,6138,2,1,1,3,7 Avenue De Lerins,43.516113,6.937775
202300026281,6,3,2023,2025-12-05 12:34:00,1,79,79049,2,1,1,6,14 Boulevard Alexandre Premier,46.840169,-0.494546
202300026282,26,5,2023,2025-12-05 13:35:00,1,10,10184,1,1,1,7,Rue Principale,48.418948,4.6134
202300026283,25,1,2023,2025-12-05 18:10:00,3,94,94038,1,1,1,3,A6B,48.77497329,2.34633377
202300026284,26,2,2023,2025-12-05 11:45:00,1,33,33207,2,1,1,6,Rue De La Lande,44.91534,-0.362839
202300026285,26,5,2023,2025-12-05 17:57:00,1,10,10345,1,1,1,7,Grande Rue,48.399911,4.49034
202300026286,14,11,2023,2025-12-05 19:00:00,2,60,60511,1,1,1,5,D934,49.599651,2.969913
202300026287,8,3,2023,2025-12-05 08:20:00,1,13,13071,1,1,1,2,A7-Sens Marseille Vers Lyon,43.40372376,5.3115759
202300026288,25,1,2023,2025-12-05 14:15:00,1,94,94003,1,1,1,5,A6B,48.8019795,2.34359623
202300026289,15,11,2023,2025-12-05 18:05:00,5,64,64233,2,1,1,1,Cote Lefranc,43.559881,-0.269138
202300026290,24,5,2023,2025-12-05 15:00:00,1,10,10232,2,1,1,3,Rue De L?Eglise,48.091628,4.387552
202300026291,4,3,2023,2025-12-05 04:15:00,3,67,67482,1,1,1,2,M35,48.56562946,7.73265302
202300026292,25,1,2023,2025-12-05 03:50:00,5,91,91377,2,1,1,6,Rd 188,48.72372,2.278182
202300026293,27,5,2023,2025-12-05 17:18:00,1,36,36018,2,1,1,6,Quai Aubepin,46.629651,1.06275
202300026294,14,11,2023,2025-12-05 10:30:00,1,64,64191,1,1,1,7,Route De Montaut,43.15394947,-0.21797508
202300026295,6,3,2023,2025-12-05 06:30:00,2,59,59515,1,1,1,7,Autoroute A2,50.33399,3.44717
202300026296,26,5,2023,2025-12-05 20:10:00,1,40,40134,2,1,1,6,Rue De Gouveia,44.210149,-0.924498
202300026297,24,1,2023,2025-12-05 22:35:00,3,78,78291,1,1,1,2,A13,48.965676,1.750212
202300026298,14,11,2023,2025-12-05 07:50:00,1,21,21154,2,5,1,6,Chemin De La Fontaine Des Ducs,47.862568,4.580872
202300026299,26,5,2023,2025-12-05 14:10:00,1,30,30133,2,1,1,7,Avenue Jean Lasserre,43.52171,4.135435
202300026300,8,3,2023,2025-12-05 19:20:00,3,94,94034,1,1,2,2,A6B,48.75359848,2.33149496
202300026301,8,3,2023,2025-12-05 17:35:00,1,94,94016,1,1,3,7,A6B,48.7950526,2.34443674
202300026302,24,1,2023,2025-12-05 08:40:00,1,78,78090,1,1,1,5,A13,48.970134,1.90948
202300026303,14,11,2023,2025-12-05 16:30:00,1,40,40031,1,1,1,4,Pk 64 D824,43.828924,-0.854469
202300026304,8,3,2023,2025-12-05 12:50:00,1,91,91286,1,1,2,2,Autoroute A6,48.65349,2.38115
202300026305,24,1,2023,2025-12-05 10:00:00,1,92,92047,1,1,1,3,A13,48.83343519,2.16195504
202300026306,23,5,2023,2025-12-05 20:10:00,1,67,67415,1,1,1,6,D198,48.920187,7.513189
202300026307,13,11,2023,2025-12-05 07:45:00,2,85,85034,1,3,2,3,Rd 948 La Boreliere,46.61526,-1.149128
202300026308,25,1,2023,2025-12-05 13:00:00,1,94,94073,1,1,2,2,A86,48.77139558,2.39237225
202300026309,26,5,2023,2025-12-05 22:10:00,3,13,13113,1,1,1,2,A51,43.59018145,5.48014692
202300026310,24,1,2023,2025-12-05 21:50:00,3,94,94073,1,1,1,7,A86,48.75460606,2.38177965
202300026311,8,3,2023,2025-12-05 12:45:00,1,92,92019,1,1,2,4,Rn 385 Exterieure,48.75989409,2.27833686
202300026312,27,10,2023,2025-12-05 20:06:00,3,27,27565,1,2,2,3,Route De Mare Tasse,48.899406,0.839993
202300026313,27,5,2023,2025-12-05 15:20:00,1,34,34255,1,6,1,2,Rd986,43.708462,3.81879
202300026314,7,3,2023,2025-12-05 23:40:00,3,94,94017,1,1,2,7,A4,48.8303229,2.48934965
202300026315,27,5,2023,2025-12-05 00:30:00,5,971,97103,2,6,1,6,Boulevard Mahatma Gandhi,16.24096,-61.582925
202300026316,15,11,2023,2025-12-05 13:20:00,1,28,28135,1,1,1,1,D122,48.589333,1.687793
202300026317,23,1,2023,2025-12-05 14:50:00,1,75,75112,2,4,1,6,Porte De Bercy,48.8277368,2.39321172
202300026318,6,3,2023,2025-12-05 09:00:00,1,974,97407,2,9,2,3,Saint Paul(Rue),-20.93663,55.29021
202300026319,27,5,2023,2025-12-05 04:30:00,3,69,69077,1,1,1,2,Autoroute 6,46.17114492,4.77007821
202300026320,14,10,2023,2025-12-05 00:05:00,3,87,87154,2,1,2,7,Chemin Du Re Picard,45.890045,0.892028
202300026321,24,1,2023,2025-12-05 19:00:00,5,75,75120,2,3,1,6,Rue Des Reglises,48.854749,2.410248
202300026322,7,3,2023,2025-12-05 13:25:00,1,973,97302,2,1,1,2,Baduel (Route De),4.93562,-52.31318
202300026323,15,11,2023,2025-12-05 10:50:00,1,30,30146,1,1,1,7,D6110,43.979661,4.10363
202300026324,27,5,2023,2025-12-05 20:20:00,2,60,60482,2,4,1,3,Route Manon,49.15512,2.520662
202300026325,24,1,2023,2025-12-05 19:30:00,5,75,75117,2,2,1,3,Rue Poncelet,48.880043,2.29887
202300026326,27,5,2023,2025-12-05 04:45:00,3,95,95213,1,1,1,6,D22,49.1106993,2.0555377
202300026327,15,11,2023,2025-12-05 20:15:00,3,48,48156,1,1,5,6,D52,44.470587,3.17816
202300026328,6,3,2023,2025-12-05 08:20:00,1,973,97302,2,1,1,3,Madeleine (Route De La),4.91432,-52.32094
202300026329,24,1,2023,2025-12-05 18:30:00,5,75,75117,2,2,1,3,Boulevard Berthier,48.894327,2.313636
202300026330,15,11,2023,2025-12-05 03:50:00,3,8,8164,1,1,2,6,Voie Communale De Bagot,49.371533,4.720865
202300026331,27,5,2023,2025-12-05 10:50:00,1,91,91041,1,1,1,1,D19,48.573342,2.238507
202300026332,7,3,2023,2025-12-05 07:20:00,1,972,97213,1,1,1,5,Autoroute A1,14.614,-61.013
202300026333,24,1,2023,2025-12-05 18:25:00,2,75,75116,2,7,1,6,Rue De La Tour,48.858568,2.284502
202300026334,26,5,2023,2025-12-05 15:26:00,1,78,78601,1,1,1,1,D936,48.586228,1.869795
202300026335,13,11,2023,2025-12-05 13:00:00,1,34,34116,2,1,1,1,317 Rue De La Valsiere,43.650145,3.833881
202300026336,6,3,2023,2025-12-05 16:45:00,1,971,97113,1,1,1,1,Section Port Blanc,16.23777,-61.45073
202300026337,23,1,2023,2025-12-05 15:50:00,1,75,75116,2,7,1,6,Avenue Raymond Poincare,48.869911,2.285297
202300026338,14,11,2023,2025-12-05 07:00:00,2,69,69027,2,1,1,6,23 Rue Paul Bovier-Lapierre,45.67140069,4.76083568
202300026339,27,5,2023,2025-12-05 20:03:00,1,2B,2B042,1,1,1,2,T11,42.580843,9.439825
202300026340,7,3,2023,2025-12-05 08:59:00,1,2A,2A004,2,3,1,3,Mezzavia Route De,41.94854,8.766
202300026341,24,1,2023,2025-12-05 18:45:00,5,75,75115,2,3,1,3,Boulevard Lefebvre,48.829004,2.298958
202300026342,14,11,2023,2025-12-05 14:55:00,1,971,97116,2,3,1,3,Rue Victor Schoelcher,16.33229242,-61.45721108
202300026343,27,5,2023,2025-12-05 01:30:00,3,11,11337,1,1,1,6,D111,43.2185,2.62761
202300026344,7,3,2023,2025-12-05 22:36:00,3,95,95427,2,3,2,6,D928,48.95634513,2.3322612
202300026345,24,1,2023,2025-12-05 10:40:00,1,75,75115,2,2,8,2,Rue De Vaugirard,48.838305,2.298462
202300026346,26,5,2023,2025-12-05 19:00:00,1,68,68117,2,9,1,2,Rue Du Muhlele,48.042585,7.174839
202300026347,14,11,2023,2025-12-05 16:15:00,1,78,78597,1,1,1,1,D928,48.953702,1.656398
202300026348,7,3,2023,2025-12-05 17:45:00,1,95,95428,2,4,8,6,Avenue De La Division Leclerc,48.97742,2.30716
202300026349,24,1,2023,2025-12-05 07:42:00,2,75,75114,2,5,1,6,Rue De Gergovie,48.83058,2.319298
202300026350,23,5,2023,2025-12-05 13:30:00,1,67,67368,1,1,1,7,Pr 4 Sur Rd214,48.44349667,7.33787114
202300026351,14,11,2023,2025-12-05 20:00:00,3,30,30128,1,1,1,7,Chemin D?Estagel,43.728964,4.37229
202300026352,24,1,2023,2025-12-05 14:20:00,1,75,75111,2,1,1,3,Boulevard Voltaire,48.864844,2.368268
202300026353,7,3,2023,2025-12-05 19:38:00,5,91,91552,1,1,2,2,Rte Nationale 20,48.60338,2.24823
202300026354,24,1,2023,2025-12-05 19:30:00,5,75,75110,2,1,1,3,Rue Louis Blanc,48.879123,2.368742
202300026355,17,10,2023,2025-12-05 07:00:00,2,34,34022,1,1,1,6,Route De Nimes,43.661057,4.027637
202300026356,7,3,2023,2025-12-05 17:25:00,1,91,91514,1,1,1,2,Cd 33,48.66399,2.52435
202300026357,27,5,2023,2025-12-05 10:09:00,1,81,81099,1,1,1,1,Chemin Toulze,43.90906,1.86662
202300026358,24,1,2023,2025-12-05 17:25:00,5,75,75110,2,3,1,6,Boulevard De Bonne Nouvelle,48.870125,2.351061
202300026359,7,3,2023,2025-12-05 20:25:00,5,91,91589,2,1,2,6,Rue Des Pres Saint Martin,48.68024,2.36482
202300026360,26,5,2023,2025-12-05 17:20:00,1,65,65192,1,1,1,7,Route De Gavarnie,42.77631192,0.01439667
202300026361,15,11,2023,2025-12-05 12:44:00,1,83,83104,1,1,7,2,D3,43.614326,5.764051
202300026362,24,1,2023,2025-12-05 14:10:00,1,75,75110,2,2,8,7,Rue Du Faubourg Du Temple,48.868172,2.365428
202300026363,7,3,2023,2025-12-05 16:30:00,1,90,90032,2,9,1,3,Vezelois (Rue De),47.62004,6.87221
202300026364,26,5,2023,2025-12-05 23:20:00,3,17,17483,1,1,1,6,Pr 103 +749,46.059418,-1.05907
202300026365,24,1,2023,2025-12-05 09:21:00,1,75,75108,2,2,1,6,Avenue De Wagram,48.877036,2.297399
202300026366,14,11,2023,2025-12-05 18:03:00,5,13,13015,2,3,1,3,549 Avenue De La Croix D?Or,43.460349,5.405692
202300026367,27,5,2023,2025-12-05 04:40:00,3,29,29247,1,6,1,6,Route De Concarneau,47.950587,-4.022884
202300026368,6,3,2023,2025-12-05 20:00:00,3,83,83050,1,1,1,1,Scamaroni(Avenue Fred),43.51612109,6.42908549
202300026369,14,11,2023,2025-12-05 22:20:00,3,25,25170,1,1,2,6,D438,47.493668,6.77923
202300026370,27,5,2023,2025-12-05 15:05:00,1,22,22162,2,1,1,2,Rue De Poulgoic,48.783971,-3.048567
202300026371,15,11,2023,2025-12-05 18:15:00,4,38,38087,2,1,1,6,Avenue Francois Mitterrand,45.583429,4.798493
202300026372,6,3,2023,2025-12-05 17:15:00,1,78,78586,2,2,1,2,Fresnay,48.94428,2.16436
202300026373,7,11,2023,2025-12-05 08:15:00,1,38,38565,2,1,1,6,Avenue Henri Chapays,45.298336,5.63412
202300026374,26,5,2023,2025-12-05 14:15:00,1,2,2221,1,1,1,1,Adresse_Inconnue,49.026416,3.270321
202300026375,14,11,2023,2025-12-05 16:15:00,1,69,69059,2,1,3,6,151 Route De Marcilly,45.85889503,4.71361069
202300026376,7,3,2023,2025-12-05 19:50:00,5,76,76497,2,2,2,2,Rue Aristide Briand,49.388239,1.022842
202300026377,26,5,2023,2025-12-05 13:00:00,1,69,69382,1,1,1,4,Route De Metropole 7,45.73748,4.82112
202300026378,15,11,2023,2025-12-05 12:30:00,1,81,81099,2,1,1,3,71 Avenue Marechal Foch,43.906523,1.89876
202300026379,24,5,2023,2025-12-05 09:00:00,1,33,33318,1,1,1,3,Rocade A 630,44.79290911,-0.64932793
202300026380,6,3,2023,2025-12-05 16:00:00,1,76,76165,2,3,1,3,Rue De La Republique,49.283756,1.016775
202300026381,15,11,2023,2025-12-05 08:15:00,1,81,81117,1,1,1,5,D964 - P.R 42+000,43.790893,1.979417
202300026382,7,3,2023,2025-12-05 09:35:00,1,76,76351,2,1,1,3,Mac Orlan,49.5017,0.12663
202300026383,26,5,2023,2025-12-05 18:30:00,1,94,94034,1,1,1,2,A86,48.75620362,2.33732646
202300026384,26,5,2023,2025-12-05 12:00:00,1,92,92002,1,1,1,3,Autoroute A10,48.7301183,2.30785096
202300026385,7,3,2023,2025-12-05 19:24:00,5,72,72181,2,1,1,6,Geneslay Felix (Av) Ndeg Pairs 2 A 144,47.98009,0.20897
202300026386,26,5,2023,2025-12-05 00:45:00,3,91,91570,1,1,1,7,Rn 104,48.62503,2.32287
202300026387,15,11,2023,2025-12-05 12:45:00,1,57,57323,1,1,3,1,D14A,49.395216,6.151303
202300026388,4,3,2023,2025-12-05 12:47:00,1,72,72003,2,3,1,3,Gounod Charles (Rue),47.96877,0.16382
202300026389,25,5,2023,2025-12-05 20:55:00,1,78,78124,1,1,1,2,A14,48.91362,2.16133
202300026390,13,11,2023,2025-12-05 17:00:00,1,13,13005,1,1,1,3,A50-Sens Aubagne Vers Marseille,43.28771,5.54383
202300026391,25,5,2023,2025-12-05 09:00:00,5,92,92062,1,1,1,3,A14,48.89356969,2.23306507
202300026392,7,3,2023,2025-12-05 14:50:00,1,69,69264,2,1,1,3,Avenue Saint-Exupery,45.99046,4.70818
202300026393,5,11,2023,2025-12-05 12:25:00,1,69,69271,1,1,8,2,Route Departementale 302,45.7489318,4.99278264
202300026394,6,3,2023,2025-12-05 16:15:00,1,69,69264,2,9,1,6,66 Rue De La Maladiere,45.97885088,4.71609236
202300026395,25,5,2023,2025-12-05 11:05:00,1,92,92036,1,1,1,3,Rn315 Y,48.93280548,2.3021252
202300026396,9,11,2023,2025-12-05 14:10:00,1,69,69271,1,1,2,7,Route Departementale 302,45.75053,4.98513
202300026397,6,3,2023,2025-12-05 15:04:00,1,66,66136,2,1,1,7,Adresse_Inconnue,42.69726843,2.92466462
202300026398,25,5,2023,2025-12-05 19:50:00,1,95,95018,1,1,1,5,A15,48.95927808,2.27316141
202300026399,14,11,2023,2025-12-05 17:21:00,4,33,33075,1,1,2,5,Rocade A 630,44.88998961,-0.613731
202300026400,25,5,2023,2025-12-05 17:00:00,1,93,93027,1,1,1,5,Autoroute A1,48.93398895,2.39130199
202300026401,3,3,2023,2025-12-05 13:50:00,1,63,63113,2,5,1,4,Av Italie / Rue Grande Bretagne,45.77811,3.09613
202300026402,14,11,2023,2025-12-05 14:15:00,1,94,94034,1,1,2,3,A86,48.76020129,2.32061692
202300026403,25,5,2023,2025-12-05 17:15:00,1,93,93066,1,1,1,5,Autoroute A86,48.92365,2.34243
202300026404,6,3,2023,2025-12-05 14:40:00,1,62,62757,2,1,1,1,D928,50.759192,2.220991
202300026405,25,5,2023,2025-12-05 13:45:00,1,92,92036,1,1,1,3,Autoroute A15,48.94355783,2.28738079
202300026406,14,11,2023,2025-12-05 11:55:00,1,94,94043,1,1,1,4,A6B,48.8036176,2.34401681
202300026407,6,3,2023,2025-12-05 15:00:00,1,62,62617,2,1,1,3,D937,50.47311,2.66788
202300026408,14,11,2023,2025-12-05 09:50:00,1,91,91645,1,1,1,2,N385,48.75969,2.26549
202300026409,25,5,2023,2025-12-05 08:10:00,1,95,95500,1,1,1,4,A15,49.0417221,2.080383
202300026410,7,3,2023,2025-12-05 08:10:00,1,59,59163,2,1,2,2,Hem (Rue D'),50.66738,3.15749
202300026411,14,11,2023,2025-12-05 08:20:00,1,91,91553,1,1,1,3,Rn 104,48.63139,2.49287
202300026412,7,3,2023,2025-12-05 12:10:00,1,59,59350,2,1,2,6,Bapaume Rue De,50.619113,3.05872
202300026413,24,5,2023,2025-12-05 09:30:00,1,92,92036,1,1,1,2,Autoroute A15,48.93788866,2.29766722
202300026414,14,11,2023,2025-12-05 08:40:00,1,91,91689,1,1,1,2,Autoroute A6B,48.74267,2.3225
202300026415,6,3,2023,2025-12-05 09:45:00,1,59,59328,2,1,1,2,Hippodrome Av De L Ndeg246 Au 410,50.65572,3.0164
202300026416,26,5,2023,2025-12-05 08:05:00,1,94,94018,1,1,1,6,A4,48.82050762,2.40183223
202300026417,25,5,2023,2025-12-05 21:50:00,4,75,75112,1,1,1,6,A4,48.823575,2.462949
202300026418,14,11,2023,2025-12-05 06:33:00,3,91,91377,1,1,1,3,Autoroute A10,48.72686,2.3031
202300026419,5,3,2023,2025-12-05 18:20:00,1,56,56121,2,6,1,2,Manio ( Echangeur Et Rd Point Du ),47.75619,-3.38411
202300026420,25,5,2023,2025-12-05 16:38:00,1,68,68224,2,1,1,6,Printemps (Rue Du),47.74874,7.3496
202300026421,14,11,2023,2025-12-05 05:35:00,5,78,78043,1,1,1,6,A12 W,48.841018,2.097659
202300026422,5,3,2023,2025-12-05 05:45:00,3,56,56036,1,1,1,6,Adresse_Inconnue,47.78626,-3.33265
202300026423,13,11,2023,2025-12-05 15:50:00,1,78,78297,1,1,8,6,Rn12,48.788439,2.068056
202300026424,25,5,2023,2025-12-05 16:45:00,1,62,62413,2,2,1,6,Rue De Stalingrad,50.44563923,2.89661551
202300026425,7,3,2023,2025-12-05 06:59:00,2,51,51454,2,2,1,3,Avenue Du General De Gaulle,49.24192,4.01417
202300026426,14,11,2023,2025-12-05 12:30:00,1,92,92036,1,1,2,6,Autoroute A15,48.94920532,2.28069842
202300026427,14,11,2023,2025-12-05 17:10:00,2,92,92036,1,1,1,7,Autoroute A86,48.93838168,2.31330853
202300026428,7,3,2023,2025-12-05 07:00:00,5,50,50129,2,1,3,5,Vosges (Rue Des),49.62923,-1.61993
202300026429,14,11,2023,2025-12-05 08:25:00,1,93,93066,1,1,1,6,Autoroute A1,48.91277,2.35829
202300026430,5,3,2023,2025-12-05 20:40:00,5,50,50129,2,5,1,3,Napoleon (Place),49.64283,-1.62432
202300026431,13,11,2023,2025-12-05 23:00:00,3,92,92036,1,9,1,2,Autoroute A15,48.93873,2.29434
202300026432,25,5,2023,2025-12-05 11:35:00,1,976,97611,2,1,1,1,Kaweni-Centrale Edm (Rue De La ),-12.76149,45.22656
202300026433,2,3,2023,2025-12-05 09:00:00,1,49,49328,2,3,1,6,Republique (Place De La),47.26029,-0.07554
202300026434,14,11,2023,2025-12-05 12:20:00,1,94,94017,1,1,1,4,A4,48.82665078,2.51617424
202300026435,7,3,2023,2025-12-05 18:00:00,1,44,44109,2,3,1,3,30 Boulevard Des Anglais,47.22868,-1.57711
202300026436,24,5,2023,2025-12-05 09:10:00,1,974,97411,2,1,1,4,Malartic (Rue),-20.886726,55.452167
202300026437,14,11,2023,2025-12-05 08:50:00,1,94,94022,1,1,1,2,A86,48.7760143,2.42729991
202300026438,25,5,2023,2025-12-05 08:18:00,1,973,97302,2,1,1,3,Colomb (Christophe),4.93877705,-52.32898124
202300026439,20,3,2023,2025-12-05 07:36:00,1,60,60559,1,1,1,5,Route Nationale 31,49.414072,2.287173
202300026440,25,5,2023,2025-12-05 20:30:00,1,69,69388,2,1,1,6,Avenue Jean Mermoz,45.73295,4.8803
202300026441,7,3,2023,2025-12-05 14:30:00,1,38,38169,2,2,8,3,Vercors (Avenue Du)   (1 A 52),45.19242,5.69844
202300026442,31,8,2023,2025-12-05 00:25:00,5,62,62160,2,3,1,6,Rue Beaurepaire,50.73017,1.61085
202300026443,6,3,2023,2025-12-05 15:15:00,1,37,37261,2,9,1,7,D76 - Route De St Avertin,47.36532,0.71214
202300026444,25,5,2023,2025-12-05 19:00:00,1,69,69383,2,1,1,3,Rue Docteur Bouchut,45.7595,4.8555
202300026445,5,3,2023,2025-12-05 03:00:00,5,34,34032,2,6,1,7,Brandt Willy (Rd Point),43.34561,3.2087
202300026446,21,1,2023,2025-12-05 11:00:00,1,83,83023,2,9,1,6,Centre Commercial E. Leclerc (Supermarche),43.407175,6.048317
202300026447,25,5,2023,2025-12-05 17:20:00,1,69,69387,2,2,1,3,Avenue Leclerc,45.74556,4.83193
202300026448,7,3,2023,2025-12-05 17:00:00,1,33,33063,2,1,8,6,Rue Esprit-Des-Lois,44.84306,-0.57264
202300026449,7,3,2023,2025-12-05 14:31:00,1,33,33039,1,1,2,5,A631,44.8193255,-0.53871095
202300026450,13,11,2023,2025-12-05 07:30:00,1,974,97411,2,3,1,7,Topazes(Allee Des),-20.894,55.44392
202300026451,25,5,2023,2025-12-05 09:10:00,1,69,69388,2,2,1,3,Rue Challemel Lacour,45.72943,4.85109
202300026452,25,5,2023,2025-12-05 13:15:00,1,972,97213,1,1,1,7,Route Departementale 14,14.63023,-61.01603
202300026453,13,11,2023,2025-12-05 19:58:00,5,973,97302,2,1,1,3,Flamboyants (Rue Des),4.92485,-52.31733
202300026454,5,3,2023,2025-12-05 18:40:00,1,33,33249,2,2,1,3,Voie Ctre Cial Quatre Pavillons,44.86522,-0.51893
202300026455,25,5,2023,2025-12-05 15:45:00,1,972,97209,2,1,1,6,Republique (Rue De La ),14.60549,-61.0711
202300026456,6,3,2023,2025-12-05 16:15:00,1,29,29019,2,1,1,3,Boulevard De L'Europe,48.41309,-4.48927
202300026457,13,11,2023,2025-12-05 16:12:00,1,973,97302,2,1,1,2,14 Et 22 Juin 1962,4.93394,-52.32712
202300026458,25,5,2023,2025-12-05 22:20:00,1,69,69381,2,1,1,3,Tunnel De La Croix Rousse,45.77356027,4.8251774
202300026459,7,3,2023,2025-12-05 13:10:00,1,28,28134,2,1,1,2,Marceau (Avenue Du General),48.72755,1.36656
202300026460,25,5,2023,2025-12-05 10:30:00,1,2B,2B033,2,1,1,2,11 - Rt,42.68599,9.44638
202300026461,13,11,2023,2025-12-05 18:15:00,5,69,69383,2,2,1,3,Rue De La Caille,45.75086,4.8955
202300026462,7,3,2023,2025-12-05 17:30:00,1,27,27681,2,2,2,3,Chambray (Route De),49.09355,1.47189
202300026463,24,5,2023,2025-12-05 15:50:00,1,971,97101,2,3,1,1,Petit Perou,16.2565,-61.51497
202300026464,10,9,2023,2025-12-05 02:50:00,5,25,25056,2,2,1,6,Fleming Boulevard,47.226,5.96587
202300026465,13,11,2023,2025-12-05 07:40:00,2,69,69388,2,2,2,3,Avenue Jean Jaures,45.73606,4.8864
202300026466,10,9,2023,2025-12-05 02:16:00,4,14,14715,2,1,1,6,126 Boulevard Fernand Moureaux,49.36442,0.08275
202300026467,7,3,2023,2025-12-05 14:53:00,1,25,25056,2,1,1,6,Avenue De La Paix,47.24471,6.01769
202300026468,13,11,2023,2025-12-05 07:54:00,1,971,97113,1,1,1,3,Chemin De La Bouaye,16.21885,-61.49016
202300026469,25,2,2023,2025-12-05 05:40:00,3,30,30032,1,1,1,7,Fourques Route De,43.78801,4.62745
202300026470,10,9,2023,2025-12-05 14:00:00,1,13,13210,2,2,1,3,Paul Claudel (Boulevard),43.2692995,5.42086889