num_acc,jour,mois,an,hrmn,lum,dep,com,agg,int,atm,col,adr,lat,long
202300026471,12,11,2023,2025-12-05 21:15:00,5,971,97101,2,9,1,3,Baimbridge (Route De),16.24811,-61.52777
202300026472,7,3,2023,2025-12-05 17:30:00,5,13,13206,2,1,1,1,Baille (Boulevard),43.28739,5.38941
202300026473,10,9,2023,2025-12-05 03:20:00,3,13,13098,1,1,1,7,D.5,43.45048,5.01382
202300026474,25,5,2023,2025-12-05 08:20:00,1,91,91434,2,1,1,2,Gribelette (Boulevard De La),48.646,2.358
202300026475,7,3,2023,2025-12-05 22:30:00,5,13,13047,2,1,2,3,Bel Air Chemin,43.51238,4.97953
202300026476,25,5,2023,2025-12-05 09:24:00,1,87,87075,2,1,1,6,Jaures (Rue Jean),45.80646,1.2262
202300026477,13,11,2023,2025-12-05 18:00:00,5,2A,2A004,2,1,1,2,Napoleon Cours Avant Beverini,41.93089,8.73975
202300026478,11,9,2023,2025-12-05 00:44:00,5,6,6088,2,2,1,3,Gambetta (Jusqu'Au Ndeg 62-73),43.69752,7.25621
202300026479,25,5,2023,2025-12-05 07:50:00,1,87,87085,2,2,1,3,Dumas (Avenue Georges),45.82674,1.26365
202300026480,7,3,2023,2025-12-05 19:00:00,5,6,6088,2,2,1,3,Cimiez (Bd) A Partir Du 16-17,43.71339,7.27164
202300026481,13,11,2023,2025-12-05 16:35:00,1,95,95277,2,9,3,6,D370,48.9926332,2.42770493
202300026482,24,5,2023,2025-12-05 13:15:00,1,82,82121,2,1,1,1,Toulouse (Avenue De),43.99611,1.33817
202300026483,10,9,2023,2025-12-05 06:27:00,2,6,6088,2,3,1,3,Corniche Fleurie (Av. De La),43.68966,7.20611
202300026484,6,3,2023,2025-12-05 20:45:00,3,3,3321,1,1,1,3,Rn7,46.54485833,3.38516235
202300026485,12,11,2023,2025-12-05 10:57:00,1,87,87085,2,1,2,3,Bellac (Rue De),45.85121,1.24466
202300026486,24,5,2023,2025-12-05 17:20:00,1,81,81065,2,2,1,3,Mitterrand (Av. Francois),43.59333356,2.24991347
202300026487,10,9,2023,2025-12-05 09:07:00,2,5,5061,2,1,1,1,St Jean ( Route De ),44.53758769,6.05028704
202300026488,1,2,2023,2025-12-05 10:00:00,1,11,11262,2,3,1,6,Avenue Pierre De Coubertin,43.183024,3.021877
202300026489,24,5,2023,2025-12-05 18:30:00,1,79,79329,2,1,1,7,Adresse_Inconnue,46.97362,-0.21643
202300026490,4,1,2023,2025-12-05 20:55:00,5,69,69266,2,1,1,6,Rue Leon Blum,45.76122,4.90911
202300026491,9,9,2023,2025-12-05 17:35:00,1,4,4070,1,1,1,7,Chaffaut ( Route Du ),44.05553,6.1719
202300026492,25,5,2023,2025-12-05 19:15:00,1,78,78481,2,9,1,3,Sartrouville (Route De),48.90281,2.11482
202300026493,9,9,2023,2025-12-05 14:18:00,1,4,4070,2,9,1,6,Noel (Av. Du Col.),44.07681,6.18816
202300026494,6,3,2023,2025-12-05 08:40:00,1,973,97302,2,1,8,2,Zephir (Rocade),4.9342881,-52.30881107
202300026495,21,5,2023,2025-12-05 11:45:00,1,77,77133,2,1,1,6,Salins (Route De),48.41388,3.05267
202300026496,11,11,2023,2025-12-05 21:15:00,5,84,84007,2,1,1,7,Marseille (Route De ),43.92399,4.8527
202300026497,4,3,2023,2025-12-05 04:05:00,5,973,97302,2,1,1,3,Mandela  (Boulevard),4.93879,-52.32637
202300026498,25,5,2023,2025-12-05 18:50:00,1,77,77243,2,1,1,6,Mal De Lattre De Tassigny (Avenue Du),48.87698,2.6849
202300026499,10,9,2023,2025-12-05 13:15:00,1,75,75114,2,1,1,4,Bd Peripherique Interieur,48.822011,2.316797
202300026500,6,3,2023,2025-12-05 18:00:00,1,69,69388,2,1,1,6,Rue De Montagny,45.73161191,4.85405097
202300026501,24,5,2023,2025-12-05 18:40:00,1,77,77243,2,9,1,3,Charpentier (Boulevard),48.87538,2.70336
202300026502,6,3,2023,2025-12-05 09:40:00,1,972,97213,1,9,1,6,Route Departementale 14,14.6362,-61.02078
202300026503,25,5,2023,2025-12-05 23:20:00,3,77,77070,1,1,1,7,D 37,48.80707,3.13169
202300026504,10,9,2023,2025-12-05 01:20:00,5,75,75118,2,1,1,2,Bd Peripherique Exterieur,48.900886,2.365712
202300026505,10,11,2023,2025-12-05 15:45:00,2,84,84007,2,2,1,3,F.Bec  (Avenue),43.9439,4.81929
202300026506,5,3,2023,2025-12-05 23:13:00,5,972,97213,1,1,2,6,Route Nationale 5,14.592528,-60.983736
202300026507,25,5,2023,2025-12-05 07:55:00,1,76,76707,1,1,1,1,Rue De Miromesnil,49.86317,1.08651
202300026508,10,11,2023,2025-12-05 14:10:00,1,30,30011,1,1,1,5,R.N. 100,43.95775,4.75223
202300026509,10,2,2023,2025-12-05 12:00:00,1,971,97101,1,1,3,4,Secteur Pont De La Gabarre,16.25321,-61.54679
202300026510,25,5,2023,2025-12-05 08:00:00,2,76,76114,2,2,1,3,Martyrs De La Resistance (Rue Des),49.57357,0.47711
202300026511,9,9,2023,2025-12-05 19:10:00,1,75,75117,2,1,1,5,Bd Peripherique Interieur,48.885809,2.288302
202300026512,24,5,2023,2025-12-05 13:50:00,1,71,71306,1,1,1,6,Adresse_Inconnue,46.67863,4.34588
202300026513,6,3,2023,2025-12-05 06:35:00,1,971,97101,1,1,1,3,Desravinieres,16.27649788,-61.49001718
202300026514,10,11,2023,2025-12-05 14:00:00,1,84,84007,2,1,1,3,C.De Gaulle (Rocade),43.94268,4.79362
202300026515,9,9,2023,2025-12-05 13:28:00,1,75,75117,2,1,1,6,Place De Verdun,48.87908,2.28007
202300026516,19,5,2023,2025-12-05 21:30:00,2,71,71270,2,2,1,3,Rue De Lyon/Rue De L'Europe,46.2997668,4.82567221
202300026517,8,11,2023,2025-12-05 19:50:00,5,80,80021,2,1,2,6,Delivrance (Rue De La),49.8869,2.32527
202300026518,6,3,2023,2025-12-05 04:40:00,5,971,97120,2,9,1,7,Faidherbe (Boulevard),16.24298,-61.53306
202300026519,24,5,2023,2025-12-05 12:20:00,1,69,69264,2,1,1,6,Rue Nationale,45.9858,4.7181
202300026520,9,9,2023,2025-12-05 12:00:00,1,75,75105,2,3,1,2,Boulevard Saint Germain,48.849892,2.349464
202300026521,24,5,2023,2025-12-05 17:55:00,1,69,69259,2,1,1,6,Boulevard Du Docteur Coblod,45.69721,4.89602
202300026522,13,11,2023,2025-12-05 23:45:00,5,78,78005,2,2,1,6,Ravel (Rue Maurice),48.949188,2.071832
202300026523,10,9,2023,2025-12-05 18:45:00,1,75,75118,2,3,1,6,Avenue De Clichy,48.884948,2.326783
202300026524,5,3,2023,2025-12-05 21:00:00,5,971,97101,1,9,1,2,Hibiscus,16.25106,-61.52789
202300026525,25,5,2023,2025-12-05 16:10:00,1,67,67482,2,3,1,3,Colmar (Avenue De),48.56726,7.75169
202300026526,4,3,2023,2025-12-05 12:35:00,1,971,97113,2,1,1,6,Bas Du Fort,16.21773,-61.51683
202300026527,10,9,2023,2025-12-05 18:45:00,1,75,75117,2,3,1,2,Avenue De Clichy,48.888037,2.32461
202300026528,24,5,2023,2025-12-05 20:20:00,1,67,67482,2,3,1,6,Champ De Manoeuvre (Rue Du),48.601349,7.710093
202300026529,9,9,2023,2025-12-05 07:25:00,1,75,75117,2,2,1,3,Avenue Des Ternes,48.87993,2.28824
202300026530,24,5,2023,2025-12-05 14:10:00,1,67,67482,2,3,1,3,Engelbreit (Rue De L ),48.58388,7.70715
202300026531,13,11,2023,2025-12-05 18:25:00,5,77,77288,1,9,2,1,D 605,48.5449,2.67912
202300026532,13,11,2023,2025-12-05 11:30:00,1,76,76681,2,7,1,6,Place Voltaire,49.42334,1.08948
202300026533,24,5,2023,2025-12-05 17:05:00,1,64,64102,2,3,1,3,Jean Jaures (Boulevard),43.49324,-1.4618
202300026534,10,9,2023,2025-12-05 12:40:00,1,75,75114,2,3,1,7,Boulevard Brune,48.824451,2.319653
202300026535,6,3,2023,2025-12-05 08:30:00,2,91,91687,2,1,1,2,Gabriel Peri (Avenue),48.680949,2.378046
202300026536,10,9,2023,2025-12-05 15:10:00,1,75,75113,2,1,1,6,Rue Du Moulin De La Pointe,48.824238,2.357018
202300026537,11,11,2023,2025-12-05 18:45:00,5,76,76351,2,1,1,2,Jules Durand (Bd),49.49282,0.16954
202300026538,4,3,2023,2025-12-05 22:30:00,3,91,91228,2,1,1,6,Rue De Montespan,48.63463,2.4388
202300026539,9,9,2023,2025-12-05 09:49:00,1,75,75110,2,4,1,2,Rue La Fayette,48.877828,2.351232
202300026540,4,3,2023,2025-12-05 19:35:00,2,91,91433,1,9,8,2,R.D. 20,48.45814,2.1773
202300026541,24,5,2023,2025-12-05 14:30:00,1,64,64024,2,1,1,1,Larochefoucauld (Avenue De),43.48753,-1.53536
202300026542,11,11,2023,2025-12-05 05:20:00,5,76,76351,2,1,3,6,Auguste Blanqui,49.50208,0.16174
202300026543,7,2,2023,2025-12-05 11:40:00,1,89,89387,2,1,1,3,Droits De L'Homme (Rond Point),48.203596,3.310184
202300026544,10,9,2023,2025-12-05 19:10:00,1,75,75107,2,3,1,7,Avenue De Tourville,48.85371,2.31467
202300026545,3,3,2023,2025-12-05 15:24:00,1,87,87085,2,2,1,3,Mas-Bouyol  (Cite Et Boulevard Du),45.83453,1.22648
202300026546,24,5,2023,2025-12-05 09:20:00,1,64,64024,2,1,1,6,Ransan (Rue Pierre),43.502858,-1.504926
202300026547,10,9,2023,2025-12-05 11:05:00,1,75,75107,2,3,1,2,Avenue De La Bourdonnais,48.856207,2.302489
202300026548,12,11,2023,2025-12-05 18:25:00,2,71,71306,2,3,2,3,Semard (Rue De),46.67057917,4.37812954
202300026549,25,5,2023,2025-12-05 20:10:00,1,59,59360,2,1,1,1,Pare Ambroise Rue,50.60633,3.02225
202300026550,6,3,2023,2025-12-05 22:50:00,5,78,78172,2,6,1,3,Hautil (Rue De L'),49.0027,2.07572
202300026551,9,9,2023,2025-12-05 23:40:00,5,75,75101,2,3,1,1,Rue De Rivoli,48.865356,2.327296
202300026552,24,11,2023,2025-12-05 19:50:00,3,70,70388,1,9,1,2,Rd13,47.62002,6.12437
202300026553,25,5,2023,2025-12-05 16:30:00,1,59,59609,1,1,1,3,Seclin Rue De,50.57730723,3.08354795
202300026554,2,3,2023,2025-12-05 15:30:00,1,73,73008,2,1,1,2,D991 Russie Boulevard De,45.68450049,5.91029441
202300026555,13,11,2023,2025-12-05 18:50:00,5,69,69282,2,9,2,3,Rue Antoine Becquerel,45.76839363,5.03349262
202300026556,6,3,2023,2025-12-05 09:30:00,1,69,69266,2,2,1,6,82 Rue Du 8 Mai 1945,45.77637,4.89267
202300026557,10,9,2023,2025-12-05 19:31:00,1,94,94054,2,2,1,3,Allee Louis Breguet,48.74809,2.41536
202300026558,13,11,2023,2025-12-05 17:10:00,5,69,69256,2,1,8,6,Rue De La Republique,45.78623,4.92582
202300026559,6,3,2023,2025-12-05 09:40:00,1,69,69259,2,2,1,1,Route De Corbas,45.69127,4.89044
202300026560,10,9,2023,2025-12-05 14:47:00,1,94,94018,2,1,1,6,Rue Guerin,48.8226914,2.41666965
202300026561,11,11,2023,2025-12-05 11:15:00,1,69,69290,2,1,1,6,Route De Grenoble,45.7145,4.9651
202300026562,5,3,2023,2025-12-05 13:10:00,1,69,69029,2,3,1,6,Avenue Francois Mitterrand,45.73877,4.92603
202300026563,9,9,2023,2025-12-05 22:10:00,5,94,94004,2,1,1,3,Avenue Charles De Gaulle,48.75875,2.50015
202300026564,6,3,2023,2025-12-05 13:50:00,1,64,64445,2,3,1,1,Gaston Lacoste,43.29315,-0.36138
202300026565,13,11,2023,2025-12-05 15:45:00,1,64,64445,2,2,1,3,Alsace Lorraine D',43.30486,-0.37057
202300026566,10,9,2023,2025-12-05 12:00:00,1,93,93051,2,1,1,6,Route De Villiers,48.84382,2.54832
202300026567,6,3,2023,2025-12-05 04:00:00,5,59,59346,2,1,1,6,Tournai Boulevard De,50.61509,3.12189
202300026568,10,9,2023,2025-12-05 17:00:00,1,93,93050,2,2,1,3,Rue Villebois Mareuil / Rue Jules Lamant Et Ses Fils,48.85714106,2.52408043
202300026569,12,11,2023,2025-12-05 23:00:00,5,64,64024,2,6,1,6,Barre (Promenade De La),43.51545,-1.51603
202300026570,9,9,2023,2025-12-05 22:30:00,5,93,93057,2,9,1,7,Allee Berthie Albrecht,48.90110314,2.49969538
202300026571,6,3,2023,2025-12-05 20:23:00,5,56,56260,2,3,1,6,Avenue De La Marne,47.6594,-2.77609
202300026572,10,9,2023,2025-12-05 16:15:00,1,93,93007,2,1,1,2,Rue Galilee,48.94272,2.47891
202300026573,12,11,2023,2025-12-05 21:30:00,5,64,64024,2,1,1,2,Bab (Boulevard Du),43.4932,-1.53077
202300026574,10,9,2023,2025-12-05 16:35:00,1,93,93007,2,1,1,2,Avenue Albert Einstein,48.94497,2.47171
202300026575,12,11,2023,2025-12-05 12:20:00,1,64,64102,2,1,8,2,Bab (Boulevard),43.49813,-1.4912
202300026576,10,9,2023,2025-12-05 11:02:00,1,92,92064,2,3,1,3,Republique,48.85808465,2.21087694
202300026577,10,9,2023,2025-12-05 09:30:00,1,92,92012,2,1,1,7,Alphonse Le Gallo (Quai) 35/Fin,48.83492,2.22576
202300026578,10,9,2023,2025-12-05 04:40:00,3,60,60484,1,1,1,6,Rue De Villepoix,49.552027,2.031237
202300026579,11,9,2023,2025-12-05 07:40:00,2,50,50590,1,1,1,7,D41,48.799783,-1.313446
202300026580,13,11,2023,2025-12-05 09:00:00,1,63,63113,2,1,1,2,Rue Anatole France,45.77822915,3.10829937
202300026581,11,9,2023,2025-12-05 11:58:00,1,54,54296,1,1,7,6,Rd674,48.726342,6.283311
202300026582,8,9,2023,2025-12-05 22:00:00,5,62,62053,2,1,1,6,D92,50.58735784,2.13455152
202300026583,9,9,2023,2025-12-05 14:40:00,1,43,43074,1,1,1,7,D14,45.338467,3.362889
202300026584,13,11,2023,2025-12-05 08:10:00,1,63,63032,2,1,1,3,Mont-Dore (Avenue Du),45.74899538,3.07875752
202300026585,9,9,2023,2025-12-05 21:45:00,5,35,35318,2,1,1,6,22 Rue De Tourdelin,48.334796,-1.933631
202300026586,13,11,2023,2025-12-05 19:00:00,5,59,59616,2,2,1,6,Rene Beth (Rue),50.479,3.577
202300026587,9,9,2023,2025-12-05 21:30:00,3,35,35265,1,1,1,2,D137,48.34176503,-1.86184466
202300026588,11,9,2023,2025-12-05 09:00:00,1,63,63473,1,2,1,3,D404,45.938482,3.102259
202300026589,13,11,2023,2025-12-05 08:05:00,2,59,59599,2,3,8,6,Gramme (Chaussee),50.73613,3.17322
202300026590,10,9,2023,2025-12-05 17:20:00,1,21,21214,1,1,1,4,Autoroute A6,47.18167509,4.67994755
202300026591,13,11,2023,2025-12-05 05:45:00,5,59,59122,2,7,2,3,Briand (Place Aristide),50.17521,3.23496
202300026592,11,9,2023,2025-12-05 12:50:00,1,974,97410,2,9,1,3,Route Nationale 2,-21.078082,55.742797
202300026593,11,11,2023,2025-12-05 11:35:00,1,57,57757,2,1,1,6,Nations (Avenue),49.35757,6.18762
202300026594,11,9,2023,2025-12-05 08:10:00,1,6,6126,1,1,1,1,M6202,43.800982,7.202134
202300026595,13,11,2023,2025-12-05 05:30:00,5,57,57463,2,1,3,6,Lavoir (Rue Du ),49.09715,6.17486
202300026596,10,9,2023,2025-12-05 17:24:00,1,65,65447,2,1,1,7,Route Departementale 817,43.189987,0.23273
202300026597,13,11,2023,2025-12-05 12:40:00,1,56,56098,2,1,8,2,Neruda (Avenue  Pablo ),47.77275,-3.33389
202300026598,5,9,2023,2025-12-05 16:00:00,1,23,23077,1,1,1,3,D85,45.743239,1.973902
202300026599,10,9,2023,2025-12-05 10:00:00,1,21,21081,1,1,1,6,D16,47.370193,4.774096
202300026600,10,11,2023,2025-12-05 18:25:00,5,56,56083,2,1,2,6,Pasteur ( Avenue ),47.80202,-3.28363
202300026601,10,6,2023,2025-12-05 16:15:00,1,30,30047,1,1,1,1,D6113,43.794196,4.424754
202300026602,12,11,2023,2025-12-05 03:35:00,5,50,50129,2,1,2,7,Atlantique (Boulevard De L'),49.6303,-1.6446
202300026603,10,9,2023,2025-12-05 16:50:00,1,56,56190,1,2,1,3,Le Crano,47.982788,-2.7630986
202300026604,11,11,2023,2025-12-05 15:40:00,1,49,49099,2,1,1,7,Etoile (Rue De L'),47.06524,-0.88595
202300026605,10,9,2023,2025-12-05 05:45:00,3,56,56248,2,1,1,5,35 Bis Rue Kerlann Borne,47.58035,-2.64652
202300026606,14,8,2023,2025-12-05 12:00:00,1,74,74104,1,2,1,2,Rd 1508,45.783686,6.225353
202300026607,11,11,2023,2025-12-05 01:41:00,5,49,49007,2,1,1,3,Voie Des Berges,47.47232,-0.55824
202300026608,11,9,2023,2025-12-05 14:20:00,1,76,76636,1,1,2,3,Route De Duclair,49.492786,0.897853
202300026609,10,9,2023,2025-12-05 16:10:00,1,80,80649,1,1,1,7,D32,50.331306,1.595378
202300026610,10,9,2023,2025-12-05 07:58:00,1,82,82125,2,1,1,6,Avenue De Montauban,43.965368,1.254984
202300026611,13,11,2023,2025-12-05 16:00:00,1,45,45302,2,1,2,4,1385 Rue Nationale 20,47.95036,1.89171
202300026612,18,12,2023,2025-12-05 19:40:00,2,13,13209,2,1,1,6,Luminy (Avenue De),43.232668,5.435843
202300026613,13,11,2023,2025-12-05 18:50:00,5,45,45208,2,9,3,6,31 Rue Du Faubourg De La Chaussee,47.998,2.74232
202300026614,11,9,2023,2025-12-05 08:40:00,1,71,71061,1,2,1,2,Rd 971,46.563954,5.029603
202300026615,18,12,2023,2025-12-05 19:00:00,4,13,13213,2,1,1,7,Rose (Avenue De La),43.32656,5.42084
202300026616,13,11,2023,2025-12-05 07:50:00,2,43,43157,2,9,8,7,Place Du Breuil,45.041917,3.882648
202300026617,2,9,2023,2025-12-05 17:20:00,1,71,71263,2,1,1,6,Avenue Du Docteur Jean Vial,46.629684,5.246916
202300026618,18,12,2023,2025-12-05 17:50:00,1,13,13214,2,1,1,6,Gibbes (Chemin De),43.32402,5.38201
202300026619,10,9,2023,2025-12-05 12:15:00,1,63,63319,1,1,7,6,Rd 966 Lieu-Dit Rabiller-Bas,45.51660086,3.89020118
202300026620,10,9,2023,2025-12-05 01:30:00,3,63,63273,2,1,1,7,17 Route De Billom,45.726761,3.238249
202300026621,13,11,2023,2025-12-05 18:25:00,5,38,38185,2,7,2,2,Martyrs (Rue Des),45.19825,5.70934
202300026622,18,12,2023,2025-12-05 10:05:00,1,13,13202,2,9,1,2,Cargo Rhin Fideli (Rue),43.32706,5.35784
202300026623,10,9,2023,2025-12-05 12:45:00,1,61,61480,1,1,1,6,D26,48.558379,0.035518
202300026624,18,12,2023,2025-12-05 09:40:00,1,13,13207,2,1,1,1,Corniche John Fitzgerald Kennedy,43.27327,5.36309
202300026625,13,11,2023,2025-12-05 17:35:00,1,37,37122,1,1,3,4,Rd 37,47.37134582,0.65398693
202300026626,18,12,2023,2025-12-05 15:50:00,1,6,6069,1,1,1,3,Croisset (Avenue Fr. De),43.67055,6.94147
202300026627,10,9,2023,2025-12-05 15:57:00,1,55,55363,1,1,1,1,D903,49.097793,5.757174
202300026628,10,9,2023,2025-12-05 20:30:00,2,49,49125,2,1,1,6,76 Route De Montreuil,47.190423,-0.266327
202300026629,13,11,2023,2025-12-05 17:40:00,5,37,37208,2,4,3,3,Ormeau (Rue De L'),47.35563,0.73772
202300026630,18,12,2023,2025-12-05 09:00:00,1,6,6069,1,1,7,2,Plan (Route Du) -D304-,43.652751,6.946701
202300026631,13,11,2023,2025-12-05 14:10:00,1,37,37261,2,1,2,6,Gance (Boulevard Abel),47.43015,0.70542
202300026632,10,9,2023,2025-12-05 17:57:00,1,42,42334,1,1,1,3,Route De Balbigny,45.849328,4.302719
202300026633,18,12,2023,2025-12-05 09:50:00,1,3,3321,2,1,1,6,Rue Des Cladets,46.55712,3.3462
202300026634,13,11,2023,2025-12-05 07:55:00,2,37,37261,2,1,2,6,Savonnieres (Route De),47.37068,0.6774
202300026635,10,9,2023,2025-12-05 17:30:00,1,42,42142,1,1,1,1,Route De Leignecq,45.37759,4.020535
202300026636,18,12,2023,2025-12-05 08:50:00,2,75,75113,2,1,1,3,Porte D Italie,48.819992,2.36812
202300026637,11,9,2023,2025-12-05 07:40:00,1,46,46028,1,1,1,6,Rd 803,44.94953413,1.72129652
202300026638,13,11,2023,2025-12-05 14:00:00,1,35,35238,2,6,1,3,Forces Francaises De L'Onu (Rond Point),48.08954,-1.68267
202300026639,17,12,2023,2025-12-05 18:30:00,5,75,75116,2,4,1,6,Route De La Muette A Neuilly,48.866679,2.264943
202300026640,13,11,2023,2025-12-05 23:50:00,5,33,33063,2,1,2,6,Quai Des Chartrons,44.85307,-0.56699
202300026641,9,9,2023,2025-12-05 16:27:00,1,46,46317,1,2,1,3,Intresection D60 Et D14,44.831815,1.770784
202300026642,13,11,2023,2025-12-05 20:15:00,5,33,33063,2,8,2,6,Crs De L'Argonne,44.82886,-0.57404
202300026643,16,12,2023,2025-12-05 20:22:00,5,75,75105,2,2,1,3,Rue Du Cardinal Lemoine,48.847494,2.352706
202300026644,10,9,2023,2025-12-05 18:45:00,1,47,47320,1,2,7,3,Route De Lussac,44.31846,0.200415
202300026645,13,11,2023,2025-12-05 08:46:00,2,31,31555,2,1,1,6,Av De Lespinet,43.57603,1.47108
202300026646,10,9,2023,2025-12-05 17:45:00,1,22,22194,1,1,1,7,D42,48.62871321,-3.61635
202300026647,18,12,2023,2025-12-05 17:17:00,5,75,75118,2,3,1,6,Rue De La Chapelle,48.890843,2.359896
202300026648,13,11,2023,2025-12-05 08:10:00,1,31,31555,2,1,1,1,Rue Vestrepain,43.58378,1.40716
202300026649,18,12,2023,2025-12-05 15:40:00,1,75,75116,2,1,8,6,Rue Jean De La Fontaine,48.849978,2.269404
202300026650,9,9,2023,2025-12-05 18:00:00,1,22,22062,1,1,1,3,La Touche Couesbot,48.172833,-2.45509
202300026651,10,9,2023,2025-12-05 21:18:00,2,39,39008,1,1,1,7,Adresse_Inconnue,47.148877,5.565709
202300026652,13,11,2023,2025-12-05 11:20:00,1,31,31483,2,1,1,3,Fournier (Place ),43.11295797,0.7141435
202300026653,18,12,2023,2025-12-05 18:11:00,5,75,75113,2,3,1,1,Quai Francois Mauriac,48.832949,2.378741
202300026654,9,9,2023,2025-12-05 17:25:00,1,35,35069,2,1,1,6,Univer (Zone Tertiaire),48.041396,-1.515389
202300026655,10,11,2023,2025-12-05 07:19:00,1,30,30189,1,3,1,3,Sous Font Dame (Chemin Ou Impasse),43.80531,4.336394
202300026656,9,9,2023,2025-12-05 09:20:00,1,35,35227,1,1,1,6,La Ricandais,48.178871,-1.886188
202300026657,18,12,2023,2025-12-05 08:50:00,1,75,75111,2,3,2,2,Rue De La Roquette,48.857154,2.3789
202300026658,10,9,2023,2025-12-05 18:30:00,1,29,29020,1,1,7,6,Route De Langolen,48.08765497,-3.9522971
202300026659,13,11,2023,2025-12-05 21:10:00,5,27,27229,2,6,1,6,Quatorze Juillet (Boulevard),49.01,1.16719
202300026660,18,12,2023,2025-12-05 19:15:00,5,75,75101,2,2,1,7,Boulevard De Sebastopol,48.861983,2.350179
202300026661,8,9,2023,2025-12-05 17:30:00,1,31,31100,1,1,1,1,16 Chemin De Lasserre,43.294762,1.630086
202300026662,13,11,2023,2025-12-05 18:30:00,5,25,25056,2,1,2,4,Blum  Boulevard Leon (Inf 51),47.26242,6.0402
202300026663,18,12,2023,2025-12-05 09:05:00,1,94,94081,2,3,1,3,Quai Jules Guesde,48.78336,2.41779
202300026664,13,11,2023,2025-12-05 17:50:00,3,22,22278,2,3,1,6,Le Flem (Paul),48.50556,-2.76936
202300026665,18,12,2023,2025-12-05 20:35:00,5,94,94052,2,1,8,3,2Bis Boulevard De Strasbourg,48.835924,2.474996
202300026666,8,9,2023,2025-12-05 18:10:00,1,3,3126,2,4,1,5,D131,46.091247,3.44198
202300026667,13,11,2023,2025-12-05 12:50:00,1,17,17415,1,9,2,6,Route Nationale 150,45.72588,-0.649154
202300026668,18,12,2023,2025-12-05 23:00:00,5,94,94041,2,1,1,6,Rue Louis Bertrand,48.816837,2.3787555
202300026669,9,9,2023,2025-12-05 13:20:00,1,1,1319,1,2,1,3,D27,46.060833,4.946825
202300026670,13,11,2023,2025-12-05 07:15:00,1,13,13005,2,9,1,3,Nationale 8 De Paris A Toulon (Route),43.28663,5.5858
202300026671,17,12,2023,2025-12-05 01:00:00,5,94,94073,2,9,1,2,Boulevard De Stalingrad,48.77386143,2.39918348
202300026672,10,9,2023,2025-12-05 18:50:00,1,58,58244,1,1,7,3,La Croix De Chaligny,47.063874,3.886478
202300026673,12,11,2023,2025-12-05 23:05:00,5,10,10387,2,6,8,1,Robert Galley (Rue),48.2898,4.0678
202300026674,18,12,2023,2025-12-05 10:55:00,1,93,93066,2,1,8,2,Avenue De Stalingrad,48.94711029,2.37299372
202300026675,10,9,2023,2025-12-05 16:40:00,1,14,14494,1,2,1,3,Route Departementale 27,49.258405,-0.094871
202300026676,18,12,2023,2025-12-05 15:26:00,1,93,93029,2,1,8,6,Avenue Marceau,48.929047,2.434324
202300026677,11,11,2023,2025-12-05 19:27:00,5,75,75120,2,1,1,4,Porte Des Lilas,48.877377,2.409157
202300026678,17,12,2023,2025-12-05 18:45:00,5,92,92050,2,1,1,3,Picasso Pablo Avenue,48.89006278,2.21929371
202300026679,10,9,2023,2025-12-05 14:30:00,1,50,50509,1,1,1,3,D913,49.389022,-1.216908
202300026680,12,11,2023,2025-12-05 19:07:00,5,75,75116,2,1,1,7,Avenue De Versailles,48.843246,2.269502
202300026681,18,12,2023,2025-12-05 16:35:00,2,92,92049,2,1,8,7,Verdier Avenue Ndeg25 A 79,48.81565339,2.31640488
202300026682,10,9,2023,2025-12-05 18:50:00,1,64,64005,1,1,1,1,Route Departementale 229,43.339412,-0.524297
202300026683,13,11,2023,2025-12-05 17:50:00,5,75,75119,2,2,2,6,Rue Andre Danjon,48.885259,2.384614
202300026684,17,12,2023,2025-12-05 14:55:00,1,92,92044,2,1,1,3,Ana.France(Rue)77A139 Et 74A124,48.89434,2.28299
202300026685,11,9,2023,2025-12-05 17:15:00,1,64,64464,1,3,1,3,30 Route De Sevignacq,43.521512,-0.278102
202300026686,13,11,2023,2025-12-05 07:50:00,1,75,75117,2,7,2,3,Place Du Marechal Juin,48.885402,2.297631
202300026687,18,12,2023,2025-12-05 09:45:00,1,92,92002,2,2,1,6,Division Leclerc (1 A 29 -2 A 34),48.75136877,2.30455801
202300026688,10,9,2023,2025-12-05 09:45:00,1,43,43141,2,2,1,3,Route De La Tour,45.188438,4.32326
202300026689,9,9,2023,2025-12-05 21:00:00,3,43,43131,1,1,9,6,D4,45.192823,3.541358
202300026690,13,11,2023,2025-12-05 15:25:00,1,75,75116,2,3,8,3,Avenue Victor Hugo,48.870782,2.288098
202300026691,14,12,2023,2025-12-05 19:30:00,3,47,47124,1,1,1,1,Lacavaillere Nord,44.512727,0.812559
202300026692,9,9,2023,2025-12-05 23:20:00,3,16,16085,1,3,1,7,Rue Du Logis,45.827502,0.459039
202300026693,13,11,2023,2025-12-05 07:50:00,1,75,75113,2,3,2,7,Boulevard Massena,48.820512,2.366019
202300026694,18,12,2023,2025-12-05 18:35:00,3,47,47015,1,1,5,7,D130,44.057716,0.637679
202300026695,13,11,2023,2025-12-05 17:55:00,5,75,75113,2,1,2,2,Avenue D Italie,48.829783,2.356207