num_acc,jour,mois,an,hrmn,lum,dep,com,agg,int,atm,col,adr,lat,long
202300026696,8,9,2023,2025-12-05 10:50:00,1,7,7010,2,1,1,6,Avenue De L'Europe,45.244947,4.668331
202300026697,12,11,2023,2025-12-05 04:00:00,5,75,75114,2,3,2,6,Avenue Rene Coty,48.830237,2.333747
202300026698,18,12,2023,2025-12-05 16:30:00,2,11,11366,1,1,1,1,Cd5,43.289655,2.862239
202300026699,19,12,2023,2025-12-05 10:55:00,1,59,59653,2,1,2,6,Rue Voltaire,50.572511,2.934795
202300026700,11,9,2023,2025-12-05 17:50:00,1,21,21582,1,1,7,1,Rue Des Sources,46.904927,4.685975
202300026701,19,12,2023,2025-12-05 06:50:00,3,19,19021,1,1,1,6,D21,45.65798502,2.22610224
202300026702,10,9,2023,2025-12-05 16:05:00,1,21,21492,1,3,1,3,D973,47.010902,4.801497
202300026703,13,11,2023,2025-12-05 09:15:00,1,75,75112,2,2,8,6,Quai De La Rapee,48.843375,2.370816
202300026704,10,9,2023,2025-12-05 18:20:00,1,85,85172,1,1,1,2,Rd 205,46.815388,-1.959168
202300026705,10,9,2023,2025-12-05 19:34:00,1,85,85254,1,1,1,7,6 La Haute Passiere,46.784434,-0.745662
202300026706,10,9,2023,2025-12-05 08:05:00,1,85,85031,2,1,1,6,2Bis Rue Des Venelles,46.7956997,-0.92821732
202300026707,18,12,2023,2025-12-05 18:25:00,3,79,79195,1,1,1,4,Adresse_Inconnue,46.894337,-0.619601
202300026708,11,9,2023,2025-12-05 12:35:00,1,27,27056,1,3,2,3,D40,49.105494,0.575935
202300026709,13,12,2023,2025-12-05 15:40:00,1,82,82119,1,1,2,6,D820,44.214075,1.526359
202300026710,10,9,2023,2025-12-05 21:45:00,3,27,27608,1,1,1,7,D131,49.065628,0.506453
202300026711,22,8,2023,2025-12-05 01:20:00,3,87,87118,1,1,1,7,Route Rd 128,45.949255,1.142246
202300026712,24,11,2023,2025-12-05 16:45:00,1,33,33140,2,1,1,6,26 Boulevard Victor Hugo,44.77494028,-0.34604251
202300026713,10,9,2023,2025-12-05 12:30:00,1,37,37277,1,1,1,6,D12,47.15644037,1.25566292
202300026714,9,9,2023,2025-12-05 17:45:00,1,30,30341,2,1,1,6,498 Boulevard Jean Moulin,43.69828,4.28463
202300026715,10,9,2023,2025-12-05 11:20:00,1,48,48192,1,1,1,6,D56,44.502222,3.103369
202300026716,10,9,2023,2025-12-05 16:20:00,1,8,8457,2,1,7,6,Adresse_Inconnue,49.794423,4.636752
202300026717,10,9,2023,2025-12-05 16:20:00,1,88,88408,1,1,1,1,7 Rue De Saulx,47.90813,6.688657
202300026718,19,12,2023,2025-12-05 05:00:00,3,11,11024,1,1,1,1,D 6009,43.126042,2.958643
202300026719,18,8,2023,2025-12-05 19:20:00,5,987,98734,2,3,1,3,Pk 39+300 - C/Mont - Quartier Carriere,-17.712,-149.508
202300026720,9,9,2023,2025-12-05 19:45:00,3,988,98805,1,1,1,6,Col De Tonghoue,-22.182779,166.47673
202300026721,18,12,2023,2025-12-05 08:02:00,1,63,63430,2,1,1,6,30 Avenue Des Etats Unis,45.857929,3.542742
202300026722,10,9,2023,2025-12-05 16:55:00,1,18,18157,1,1,1,7,Adresse_Inconnue,47.061645,2.300198
202300026723,26,11,2023,2025-12-05 21:00:00,3,63,63423,1,1,1,6,Lieu Dit Maisonneuve,45.605155,3.39514
202300026724,10,9,2023,2025-12-05 22:45:00,5,973,97309,2,2,1,6,Avenue Cyprien Gildon,4.913449,-52.280138
202300026725,10,9,2023,2025-12-05 19:01:00,3,973,97309,1,1,1,1,Route Departementale 23,4.901552,-52.304707
202300026726,18,12,2023,2025-12-05 22:33:00,3,49,49060,1,1,1,6,D162,47.188566,-0.0202
202300026727,11,9,2023,2025-12-05 09:50:00,1,1,1200,2,2,1,3,"Intersection Rd1084, Rue De La Cote Au Marechal",46.093825,5.482269
202300026728,18,12,2023,2025-12-05 22:20:00,3,12,12215,1,1,1,6,D840,44.493995,2.387402
202300026729,22,8,2023,2025-12-05 18:45:00,1,34,34032,1,1,1,4,A9 Pk 168+800,43.304366,3.229809
202300026730,9,9,2023,2025-12-05 11:35:00,1,69,69043,2,1,1,6,6 Bd Pierre Philippe Reydellet,45.708326,4.746496
202300026731,18,12,2023,2025-12-05 10:45:00,1,47,47174,1,1,1,6,D930,44.029073,0.360847
202300026732,10,9,2023,2025-12-05 18:10:00,1,38,38053,1,1,1,2,A43 Pk 34+600 Direction Lyon,45.597975,5.276184
202300026733,19,12,2023,2025-12-05 07:10:00,3,68,68305,1,1,1,6,D463,47.533152,7.158673
202300026734,19,12,2023,2025-12-05 17:35:00,5,39,39491,2,3,1,6,1 Rue Du Jura,46.401543,5.793083
202300026735,11,9,2023,2025-12-05 08:40:00,1,69,69013,1,1,1,4,Autoroute 6,45.99995933,4.73508624
202300026736,18,12,2023,2025-12-05 16:40:00,1,44,44084,2,1,1,7,Rue Du Rocher,47.228734,-1.374391
202300026737,9,9,2023,2025-12-05 19:00:00,2,69,69080,1,1,1,7,Route Des Haies,45.5295,4.74187
202300026738,10,9,2023,2025-12-05 16:40:00,1,91,91249,1,1,1,7,A10 - Pk 011+200 - Paris / Province,48.605376,2.082188
202300026739,16,12,2023,2025-12-05 16:15:00,1,29,29105,2,6,1,7,Espace Commercial Du Vern,48.52107327,-4.05834349
202300026740,11,9,2023,2025-12-05 06:45:00,1,988,98803,1,1,1,7,Rt1,-21.47477,165.35426
202300026741,8,9,2023,2025-12-05 07:10:00,1,971,97125,1,1,1,6,Route Pointe Des Chateau,16.251491,-61.210027
202300026742,10,9,2023,2025-12-05 20:15:00,2,45,45210,1,1,1,6,D93 Pr 17 + 650,47.844616,2.835546
202300026743,19,12,2023,2025-12-05 17:30:00,3,2,2042,1,1,3,2,Adresse_Inconnue,49.002717,3.352911
202300026744,8,9,2023,2025-12-05 19:40:00,1,45,45212,2,3,1,6,2 Rue De La Cave,47.906411,2.807007
202300026745,11,9,2023,2025-12-05 17:15:00,1,77,77144,1,3,1,2,D216 Intersection D231,48.77606,2.898813
202300026746,18,12,2023,2025-12-05 15:30:00,1,3,3062,1,2,1,3,D42,46.188519,3.185212
202300026747,9,9,2023,2025-12-05 09:30:00,1,48,48004,1,1,1,1,Maison Blanche,44.463744,3.883187
202300026748,18,12,2023,2025-12-05 15:50:00,1,70,70413,1,1,1,2,Route D'Auxelles,47.722224,6.741502
202300026749,10,9,2023,2025-12-05 08:30:00,1,84,84053,1,3,1,1,Chemin Du Temple,44.382018,4.91598
202300026750,7,9,2023,2025-12-05 14:30:00,1,84,84004,2,1,1,3,Avenue-Majoral-Jouve,44.082792,5.036169
202300026751,19,12,2023,2025-12-05 00:40:00,4,14,14057,1,1,1,6,Route De Caen,49.129724,-0.21838
202300026752,10,9,2023,2025-12-05 09:35:00,1,84,84103,1,1,1,7,Route De Banon,43.919775,5.482028
202300026753,10,9,2023,2025-12-05 14:25:00,1,6,6154,1,1,1,3,1615 Route Departementale 2211,43.795588,6.657125
202300026754,9,9,2023,2025-12-05 11:20:00,1,6,6055,1,1,1,3,Rm15,43.888321,7.299428
202300026755,18,12,2023,2025-12-05 20:15:00,3,50,50215,1,1,1,1,Route Du Village Quintaine,49.084578,-1.48177
202300026756,10,9,2023,2025-12-05 16:20:00,1,5,5052,1,1,1,2,Route De La Gare,44.66799356,6.61794327
202300026757,18,12,2023,2025-12-05 18:20:00,2,50,50400,1,1,1,6,9 Rue De La Salette,49.338474,-1.419392
202300026758,11,9,2023,2025-12-05 14:11:00,1,13,13081,1,1,1,1,D21,43.492682,5.205765
202300026759,9,9,2023,2025-12-05 12:45:00,1,13,13053,1,1,1,1,Drn7,43.733414,5.136731
202300026760,18,12,2023,2025-12-05 13:50:00,1,60,60465,1,1,2,1,D1001,49.543758,2.201557
202300026761,11,9,2023,2025-12-05 08:55:00,1,13,13035,1,1,1,7,Route De Miramas,43.672734,5.02521
202300026762,18,12,2023,2025-12-05 07:00:00,2,64,64083,1,1,1,6,D936,43.390914,-0.965005
202300026763,10,9,2023,2025-12-05 03:30:00,3,21,21564,1,3,1,3,D996,47.12257445,5.099119
202300026764,11,9,2023,2025-12-05 07:50:00,1,68,68348,2,1,1,6,31 Route D'Aspach,47.801969,7.116289
202300026765,19,12,2023,2025-12-05 13:15:00,1,21,21061,1,1,1,6,D901,47.696368,4.63578
202300026766,18,12,2023,2025-12-05 18:00:00,2,24,24586,1,1,1,3,2720 Route De L'Avenir,45.26309,0.37711
202300026767,9,9,2023,2025-12-05 17:30:00,1,68,68368,1,4,1,3,Route De Gunsbach,48.047444,7.183262
202300026768,19,12,2023,2025-12-05 08:35:00,1,4,4049,2,3,1,1,17 Route De Manosque,44.074203,5.991819
202300026769,8,9,2023,2025-12-05 10:25:00,1,54,54173,1,1,1,2,Route De Drouville,48.65949089,6.41676664
202300026770,10,9,2023,2025-12-05 17:00:00,1,57,57665,1,1,1,7,D31C,49.129699,6.935059
202300026771,18,12,2023,2025-12-05 16:00:00,1,87,87187,1,3,1,3,Route De Perigueux,45.489457,1.194131
202300026772,11,9,2023,2025-12-05 08:00:00,1,73,73292,1,1,1,7,D129,45.714404,6.407202
202300026773,5,9,2023,2025-12-05 11:00:00,1,73,73303,2,6,1,3,D1508 Route D' Annecy,45.745351,6.420071
202300026774,19,12,2023,2025-12-05 18:05:00,3,30,30269,1,1,1,1,D907,44.115699,3.848004
202300026775,9,9,2023,2025-12-05 09:20:00,1,73,73243,1,1,7,3,D912,45.601308,6.016581
202300026776,10,9,2023,2025-12-05 12:45:00,1,26,26290,1,1,1,6,D76,44.858135,5.404351
202300026777,9,12,2023,2025-12-05 17:30:00,3,52,52017,1,1,3,6,D6,47.93258569,5.02541303
202300026778,10,9,2023,2025-12-05 10:30:00,1,7,7136,2,1,1,2,3333 Route Des Cevennes,44.593465,3.906134
202300026779,19,12,2023,2025-12-05 08:10:00,1,77,77306,1,1,1,6,A5 Pk 1+500 Peage Les Eprunes,48.58949504,2.65386628
202300026780,18,12,2023,2025-12-05 09:15:00,1,17,17074,2,1,5,7,Route De Montendre,45.214373,-0.377497
202300026781,9,9,2023,2025-12-05 15:15:00,1,69,69176,1,4,1,3,Route De Mornant,45.671434,4.698672
202300026782,9,9,2023,2025-12-05 20:15:00,1,19,19146,2,1,1,6,Rue Des Bruyeres,45.318927,1.758349
202300026783,9,9,2023,2025-12-05 23:50:00,3,33,33073,1,1,1,7,43 Lieu Dit La Blanchetterie,45.236569,-0.591937
202300026784,11,9,2023,2025-12-05 16:20:00,1,50,50099,1,1,1,6,D913,49.363916,-1.24109
202300026785,18,12,2023,2025-12-05 17:50:00,3,38,38331,2,4,1,7,Route Du Mouret,45.366716,5.518835
202300026786,10,9,2023,2025-12-05 10:30:00,1,50,50099,2,1,2,6,Rue Holgate,49.300918,-1.249539
202300026787,7,9,2023,2025-12-05 12:36:00,1,14,14724,1,1,1,1,Route De Touques,49.256014,-0.135355
202300026788,18,12,2023,2025-12-05 15:00:00,1,971,97106,2,1,1,1,Route De Bellon,16.186213,-61.781069
202300026789,10,9,2023,2025-12-05 05:20:00,3,22,22389,1,1,1,6,Rue Rene Coty,48.472847,-2.688301
202300026790,18,12,2023,2025-12-05 13:55:00,1,21,21171,2,1,5,6,9 Rue De Pommard,47.298602,5.133242
202300026791,9,9,2023,2025-12-05 08:00:00,1,35,35326,2,1,1,2,Avenue Philippe De Volvire,48.332001,-1.532482
202300026792,11,9,2023,2025-12-05 03:45:00,5,76,76533,2,1,1,6,Rue Rene Coty,49.504524,0.268275
202300026793,19,12,2023,2025-12-05 14:45:00,1,95,95355,2,1,1,5,53 Crosne (Rue De),49.149804,1.788094
202300026794,18,12,2023,2025-12-05 14:30:00,1,5,5178,1,2,7,3,Le Long Du Canal,44.368191,5.92214
202300026795,7,9,2023,2025-12-05 06:05:00,3,59,59058,1,1,1,2,D602,50.231874,3.950049
202300026796,16,12,2023,2025-12-05 11:25:00,2,13,13072,1,3,1,3,D56B,43.459071,5.629426
202300026797,29,8,2023,2025-12-05 07:40:00,1,59,59034,2,1,1,1,49 Rue D'Attiches,50.531721,3.079487
202300026798,18,12,2023,2025-12-05 18:29:00,3,76,76759,2,1,1,6,Route Des Marais,49.412183,0.873926
202300026799,9,9,2023,2025-12-05 15:40:00,1,13,13005,1,1,1,6,A50-Sens Marseille Vers Aubagne,43.2843,5.5725
202300026800,18,12,2023,2025-12-05 18:08:00,2,13,13056,1,1,1,4,A55-Sens Martigues Vers Marseille,43.40982,5.03753
202300026801,10,9,2023,2025-12-05 03:40:00,5,69,69382,1,1,1,2,Route De Metropole 7,45.74205,4.82522
202300026802,18,12,2023,2025-12-05 11:50:00,1,83,83144,1,1,1,2,A57,43.14263526,6.00846007
202300026803,18,12,2023,2025-12-05 08:15:00,2,33,33487,1,1,5,4,Autoroute A 10,44.95266,-0.45907
202300026804,10,9,2023,2025-12-05 20:20:00,3,91,91521,1,1,1,3,Autoroute A6,48.63651,2.39941
202300026805,18,12,2023,2025-12-05 08:00:00,2,33,33550,1,1,5,3,Rocade A 630,44.78318039,-0.54269135
202300026806,10,9,2023,2025-12-05 18:25:00,1,91,91553,1,1,1,2,Rn 104,48.63146,2.50281
202300026807,16,12,2023,2025-12-05 18:00:00,3,59,59009,1,1,1,2,Route Nationale 227,50.62913,3.13883
202300026808,15,12,2023,2025-12-05 12:20:00,1,59,59271,1,1,1,2,Autoroute A16,50.99909,2.29051
202300026809,10,9,2023,2025-12-05 12:29:00,1,91,91689,1,1,1,2,A6,48.74839,2.32732
202300026810,17,12,2023,2025-12-05 03:30:00,3,62,62637,1,1,1,2,A1,50.46207,2.97437
202300026811,10,9,2023,2025-12-05 15:40:00,1,93,93007,1,1,1,2,Autoroute A1,48.94661725,2.44182927
202300026812,18,12,2023,2025-12-05 07:45:00,3,91,91161,1,1,1,2,Autoroute A6,48.69495,2.31894
202300026813,10,9,2023,2025-12-05 06:40:00,2,95,95277,1,1,1,2,A3,48.97399,2.488348
202300026814,17,12,2023,2025-12-05 18:43:00,3,78,78640,1,1,1,5,N118,48.778307,2.222478
202300026815,17,12,2023,2025-12-05 08:04:00,1,92,92050,1,1,1,7,A86,48.91813898,2.22276483
202300026816,9,9,2023,2025-12-05 21:00:00,3,93,93005,1,1,1,4,Autoroute A3,48.96938098,2.48064637
202300026817,18,12,2023,2025-12-05 17:35:00,2,95,95572,1,1,1,3,N184,49.03791744,2.12330895
202300026818,10,9,2023,2025-12-05 16:00:00,1,77,77122,1,1,1,6,Rn104,48.6597377,2.61287775
202300026819,18,12,2023,2025-12-05 14:16:00,1,93,93066,1,1,1,4,Autoroute A1,48.9156,2.35799
202300026820,9,9,2023,2025-12-05 18:10:00,1,69,69383,2,3,1,3,Rue Paul Bert,45.75595,4.84526
202300026821,18,12,2023,2025-12-05 11:30:00,1,95,95277,1,1,1,2,Autoroute A3,48.97018412,2.48292089
202300026822,9,9,2023,2025-12-05 13:37:00,1,972,97213,1,1,1,6,Autoroute A1,14.61686,-61.01665
202300026823,18,12,2023,2025-12-05 07:00:00,3,95,95582,1,1,1,4,A115,48.97336,2.24588
202300026824,9,9,2023,2025-12-05 09:55:00,1,972,97209,1,1,1,6,Rn9,14.61182,-61.04235
202300026825,31,8,2023,2025-12-05 14:00:00,1,32,32416,1,1,1,6,D165 Pk 8+358 32120 Sarrant,43.78448,0.923281
202300026826,17,12,2023,2025-12-05 05:30:00,2,974,97411,2,2,1,3,Jaures (Bld 1 Jean),-20.89183,55.46735
202300026827,9,9,2023,2025-12-05 03:15:00,5,69,69382,2,3,1,2,Quai Docteur Gailleton,45.75045,4.83212
202300026828,16,12,2023,2025-12-05 17:55:00,1,974,97411,1,9,2,6,Montagne (Route De La),-20.88907,55.43657
202300026829,16,12,2023,2025-12-05 02:45:00,3,974,97411,1,1,1,6,Littoral (Route 1 Du),-20.87459,55.43233
202300026830,17,12,2023,2025-12-05 18:00:00,1,974,97407,2,1,1,2,Lenine (Avenue),-20.94314,55.29974
202300026831,17,12,2023,2025-12-05 17:00:00,-1,972,97209,2,6,-1,7,Rond Point Du Viet-Nam-Heroique (Echange,14.61191,-61.0788
202300026832,8,9,2023,2025-12-05 18:00:00,1,83,83118,2,3,1,3,Boulevard De La Trente-Sixieme Division,43.42042,6.85691
202300026833,9,9,2023,2025-12-05 03:15:00,3,77,77389,1,1,1,1,D606,48.50942,2.65786
202300026834,17,12,2023,2025-12-05 17:50:00,5,69,69389,2,3,1,2,12 Rue Joannes Carret,45.78720859,4.81047587
202300026835,17,12,2023,2025-12-05 06:00:00,1,971,97101,1,1,2,2,Rn1 Rocade De Chauvel,16.24628,-61.52563
202300026836,9,9,2023,2025-12-05 10:10:00,1,71,71306,2,1,1,6,Gauthey (Quai),46.667363,4.354423
202300026837,17,12,2023,2025-12-05 17:00:00,2,95,95427,2,1,1,1,Saint-Leu (Route De),48.95855836,2.32927591
202300026838,17,12,2023,2025-12-05 13:47:00,1,84,84031,2,1,1,6,Avenue Du Mont Ventoux,44.056897,5.062011
202300026839,9,9,2023,2025-12-05 16:30:00,1,69,69266,2,2,1,3,Rue Poizat,45.75821,4.89332
202300026840,16,12,2023,2025-12-05 17:50:00,3,83,83069,2,1,1,1,Arbanais (Avenue Des),43.03599,6.14384
202300026841,16,12,2023,2025-12-05 15:28:00,1,77,77307,2,6,7,2,Av De L Europe,48.8523,2.76312
202300026842,9,9,2023,2025-12-05 01:05:00,5,69,69264,2,1,1,7,Rue De Stalingrad,45.98557,4.72001
202300026843,16,12,2023,2025-12-05 19:45:00,3,73,73011,1,6,1,6,Chasseurs Alpins (Av.) P. Duroy Vers Av,45.66257,6.3872
202300026844,17,12,2023,2025-12-05 19:25:00,5,71,71076,2,3,8,3,Paris (Avenue De),46.79006,4.8502
202300026845,9,9,2023,2025-12-05 21:42:00,5,69,69259,2,2,1,2,Boulevard Ambroise Croizat,45.70046,4.88754
202300026846,17,12,2023,2025-12-05 17:50:00,5,67,67482,2,3,1,3,Toussaint (Rue De La),48.586657,7.743611
202300026847,9,9,2023,2025-12-05 18:20:00,1,67,67482,2,3,7,3,Romains (Route Des),48.57798,7.70403
202300026848,17,12,2023,2025-12-05 20:35:00,5,65,65440,2,6,1,3,Alsace Lorraine (Avenue),43.24092,0.07366
202300026849,8,9,2023,2025-12-05 23:30:00,3,65,65226,2,1,1,6,Pau (Route De),43.24122,0.01862
202300026850,16,12,2023,2025-12-05 15:45:00,1,64,64445,2,3,1,3,Saragosse De,43.30811,-0.3604
202300026851,16,12,2023,2025-12-05 16:50:00,1,64,64024,2,3,1,2,Espagne (Avenue D'),43.47660327,-1.52636012
202300026852,9,9,2023,2025-12-05 11:00:00,1,59,59512,2,6,1,1,Alger  (Rue D'),50.70762432,3.18695068
202300026853,16,12,2023,2025-12-05 14:30:00,1,64,64102,2,9,1,3,Pontots (Giratoire Les),43.48858,-1.49154
202300026854,17,12,2023,2025-12-05 09:36:00,1,63,63113,2,3,1,5,Canrobert (Rue),45.78912,3.06282
202300026855,9,9,2023,2025-12-05 02:05:00,5,59,59431,1,1,1,1,Houcke (Avenue Jules),50.68353,2.84108
202300026856,15,12,2023,2025-12-05 17:40:00,5,62,62765,2,9,1,6,Rue Du Colonel Doyen,50.75226985,2.24799769
202300026857,9,9,2023,2025-12-05 01:40:00,5,57,57463,2,2,1,1,Mangin (Rue ),49.10219594,6.16412401
202300026858,17,12,2023,2025-12-05 18:30:00,5,62,62160,2,1,1,6,Boulevard Voltaire,50.71714,1.61045
202300026859,16,12,2023,2025-12-05 18:05:00,5,57,57630,2,1,9,6,Reding (Route),48.744854,7.076887
202300026860,17,12,2023,2025-12-05 10:55:00,1,50,50218,2,1,7,6,Saussey (Rue Du),48.83654,-1.56325
202300026861,9,9,2023,2025-12-05 09:05:00,1,51,51454,2,3,1,3,Mauriac  Avenue Francois,49.2428,3.99962
202300026862,15,12,2023,2025-12-05 20:03:00,5,46,46042,2,1,1,3,Lafage (Rue Victor),44.44707,1.44863
202300026863,9,9,2023,2025-12-05 12:05:00,1,49,49007,2,1,7,6,Salengro,47.45426,-0.56251
202300026864,1,12,2023,2025-12-05 17:00:00,5,38,38053,2,1,2,6,Avenue De Champ - Fleuri,45.60257,5.27104
202300026865,16,12,2023,2025-12-05 17:05:00,2,35,35278,1,1,1,4,Porte De Beauregard,48.14021,-1.69609
202300026866,17,12,2023,2025-12-05 13:20:00,1,34,34108,2,3,1,1,Vignerons (Avenue Des),43.44647,3.75333
202300026867,17,12,2023,2025-12-05 19:20:00,5,33,33063,2,1,1,6,Rue Pourmann,44.86798,-0.5505
202300026868,9,9,2023,2025-12-05 22:06:00,5,45,45234,2,2,1,3,29 Rue Du 11 Novembre,47.91846,1.93385
202300026869,17,12,2023,2025-12-05 18:48:00,5,33,33318,2,2,5,3,Avenue De Gradignan,44.79998,-0.6243
202300026870,4,9,2023,2025-12-05 06:20:00,2,42,42207,2,1,1,7,Rue Du Clos Marquet,45.48699,4.51626
202300026871,16,12,2023,2025-12-05 18:40:00,3,27,27375,1,1,8,7,Vacherie (Route De La),49.20841,1.13258
202300026872,7,9,2023,2025-12-05 22:00:00,5,42,42218,2,2,1,1,Rue Des Acieries,45.45358855,4.39067216
202300026873,17,12,2023,2025-12-05 10:45:00,1,22,22113,2,3,1,3,Sully Prud'Homme (Rue),48.7422,-3.47378
202300026874,9,9,2023,2025-12-05 23:45:00,5,42,42316,1,1,1,6,Rue Andre Chenier,45.40641,4.27241
202300026875,15,12,2023,2025-12-05 13:20:00,1,22,22113,2,1,1,6,Resistance (Avenue De La),48.74869,-3.4609
202300026876,17,12,2023,2025-12-05 15:20:00,1,13,13213,2,6,7,3,Frederic Mistral (Avenue),43.32340101,5.44900727
202300026877,9,9,2023,2025-12-05 20:55:00,5,37,37261,2,4,1,3,Maginot (Av. Andre),47.41444,0.68751
202300026878,17,12,2023,2025-12-05 11:43:00,1,13,13205,2,2,1,3,Sakakini (Boulevard),43.29239338,5.40113747
202300026879,9,9,2023,2025-12-05 10:00:00,1,37,37261,2,1,1,6,Maginot (Av. Andre),47.42907,0.7038
202300026880,16,12,2023,2025-12-05 18:10:00,5,6,6088,1,1,1,4,Voie Rapide,43.69354,7.244983
202300026881,9,9,2023,2025-12-05 05:45:00,4,35,35281,2,2,1,3,Mermoz (Boulevard Jean),48.09086,-1.70476
202300026882,16,12,2023,2025-12-05 09:30:00,1,5,5023,2,1,1,6,159deg Ria (Avenue Du),44.89955,6.633217
202300026883,9,9,2023,2025-12-05 15:45:00,1,35,35238,2,1,1,6,Graff (Avenue Georges),48.08781114,-1.69145733
202300026884,15,12,2023,2025-12-05 09:20:00,1,4,4112,1,1,1,6,Moulin Neuf (Av.Du),43.82766,5.79801
202300026885,17,12,2023,2025-12-05 19:00:00,5,1,1053,2,3,1,2,Brou ( Bd Ndeg68 A 182 Pair),46.1974,5.23565
202300026886,9,9,2023,2025-12-05 23:10:00,5,33,33063,2,1,1,1,Quai Deschamps,44.83406,-0.55106
202300026887,16,12,2023,2025-12-05 20:20:00,5,75,75117,2,1,1,3,Bd Peripherique Interieur,48.884578,2.286301
202300026888,16,12,2023,2025-12-05 17:40:00,5,75,75115,2,1,1,2,Bd Peripherique Exterieur,48.834256,2.275894
202300026889,9,9,2023,2025-12-05 03:00:00,3,33,33039,1,2,1,3,Rue Du Marechal Foch,44.81128,-0.54913
202300026890,17,12,2023,2025-12-05 09:00:00,1,75,75119,2,7,1,6,Boulevard De La Villette,48.878432,2.370434
202300026891,9,9,2023,2025-12-05 01:30:00,5,33,33192,2,2,1,3,Cours Du General De Gaulle,44.77847,-0.60976
202300026892,17,12,2023,2025-12-05 14:20:00,1,75,75117,2,3,1,3,Avenue De Clichy,48.888289,2.324165
202300026893,16,12,2023,2025-12-05 23:37:00,5,75,75116,2,1,1,2,Allee De Longchamp,48.875788,2.273462
202300026894,16,12,2023,2025-12-05 07:50:00,1,75,75116,2,1,1,7,Voie Georges Pompidou,48.859918,2.290449
202300026895,9,9,2023,2025-12-05 21:30:00,5,30,30007,2,1,1,1,Avenue De Croupillac,44.13807,4.10428
202300026896,16,12,2023,2025-12-05 05:05:00,5,75,75114,2,9,1,6,Avenue Denfert Rochereau,48.83529,2.33277
202300026897,17,12,2023,2025-12-05 15:30:00,1,75,75112,2,2,1,3,Route De La Pyramide,48.834049,2.444865
202300026898,9,9,2023,2025-12-05 11:50:00,1,29,29019,2,2,1,6,Avenue De Tarente,48.405972,-4.511748
202300026899,17,12,2023,2025-12-05 07:25:00,2,75,75109,2,1,1,6,Rue Laffitte,48.87193,2.337283
202300026900,9,9,2023,2025-12-05 08:15:00,1,26,26362,2,1,1,6,Rue D'Asti,44.92969,4.92388
202300026901,16,12,2023,2025-12-05 14:32:00,1,75,75109,2,5,1,6,Rue De La Chaussee D Antin,48.872925,2.33324
202300026902,17,12,2023,2025-12-05 16:55:00,2,75,75101,2,2,1,7,Rue De Rivoli,48.859493,2.345196
202300026903,17,12,2023,2025-12-05 04:30:00,5,94,94078,2,1,5,1,Rue De Paris,48.736002,2.446668
202300026904,9,9,2023,2025-12-05 06:00:00,2,26,26198,1,1,1,2,Route Du Teil,44.55374496,4.71121317
202300026905,17,12,2023,2025-12-05 15:10:00,1,94,94043,2,2,1,3,Rue Paul Lafargue,48.808092,2.357161
202300026906,5,9,2023,2025-12-05 18:20:00,1,19,19272,2,1,1,6,Rigny (Quai),45.26388698,1.762155
202300026907,17,12,2023,2025-12-05 18:30:00,5,94,94043,2,1,1,3,Rue Edmond Michelet,48.81089,2.36403
202300026908,9,9,2023,2025-12-05 21:10:00,5,18,18033,2,1,1,2,88 Rue Louis Mallet,47.080013,2.380918
202300026909,17,12,2023,2025-12-05 13:30:00,1,93,93079,2,3,1,6,Route De Saint-Leu / Rue Ambroise Rendu,48.951024,2.3397909
202300026910,17,12,2023,2025-12-05 15:45:00,1,93,93008,2,2,1,1,Avenue Jean Jaures / Rue De Normandie,48.909354,2.437761
202300026911,9,9,2023,2025-12-05 10:30:00,1,14,14137,2,1,1,3,27 Avenue Charles De Gaulle,49.187872,-0.441769
202300026912,17,12,2023,2025-12-05 18:20:00,5,92,92075,2,9,1,7,Jean Bleuzen,48.82329,2.29637
202300026913,10,9,2023,2025-12-05 00:20:00,5,13,13203,2,1,1,1,Bernard Cadenat (Place),43.3119,5.38724
202300026914,17,12,2023,2025-12-05 04:45:00,5,92,92063,2,1,1,6,Dix-Huit Juin 1940 (Avenue Du) Est,48.86791,2.19423
202300026915,8,9,2023,2025-12-05 16:00:00,1,11,11069,1,1,1,2,Adresse_Inconnue,43.21781,2.38226
202300026916,17,12,2023,2025-12-05 20:15:00,3,92,92050,2,9,1,3,Clemenceau Georges Avenue NdegImpair,48.8859122,2.2165896
202300026917,9,9,2023,2025-12-05 18:25:00,1,10,10387,2,1,1,7,Gournay (Rue De),48.298846,4.090525
202300026918,17,12,2023,2025-12-05 14:50:00,1,92,92026,2,1,1,3,Baudin,48.89627,2.25192
202300026919,9,9,2023,2025-12-05 19:10:00,1,7,7281,2,6,1,3,Gross-Umstadt (Avenue De),44.94366,4.85801
202300026920,17,12,2023,2025-12-05 19:10:00,5,92,92023,2,3,5,6,Champagne (Rue),48.78451732,2.24495552
202300026921,16,12,2023,2025-12-05 22:40:00,5,92,92019,2,1,1,6,Jaures Jean (Rue),48.77009352,2.27301925
202300026922,18,12,2023,2025-12-05 18:11:00,3,24,24401,1,1,1,1,D5,45.255072,1.032801
202300026923,17,12,2023,2025-12-05 18:35:00,5,35,35136,2,6,1,6,Boulevard Cahours,47.960562,-1.496267