num_acc,jour,mois,an,hrmn,lum,dep,com,agg,int,atm,col,adr,lat,long
202300026924,9,9,2023,2025-12-05 20:24:00,5,6,6088,2,1,1,6,Carlone (Bd),43.69365,7.23892
202300026925,17,12,2023,2025-12-05 16:45:00,1,11,11172,1,1,1,1,D610,43.265144,2.712883
202300026926,17,12,2023,2025-12-05 16:15:00,1,35,35033,1,1,5,3,Rn 137,47.929213,-1.673666
202300026927,17,12,2023,2025-12-05 22:50:00,3,19,19276,1,1,1,6,"Autoroute A20 Pk 242+200, Sens Province-Paris",45.405024,1.55880549
202300026928,15,12,2023,2025-12-05 00:00:00,5,51,51078,2,1,1,6,D21,49.090302,4.35256
202300026929,18,12,2023,2025-12-05 11:45:00,1,58,58215,1,1,5,2,A77 Pk113+650,47.303061,2.948917
202300026930,18,12,2023,2025-12-05 17:05:00,1,66,66050,1,1,1,7,Pk 28 D1,42.748592,2.948037
202300026931,18,12,2023,2025-12-05 13:20:00,1,37,37166,1,1,1,2,Autoroute A10 Pk 184+000,47.520628,0.921392
202300026932,17,12,2023,2025-12-05 10:00:00,1,56,56179,2,1,1,7,Rue General Langle De Cary,47.836392,-3.394711
202300026933,15,12,2023,2025-12-05 16:50:00,2,56,56094,2,1,1,7,19 Rue De Kerlann,47.771039,-3.237748
202300026934,18,12,2023,2025-12-05 08:40:00,1,80,80024,1,1,1,5,D1001,49.93976,2.235281
202300026935,17,12,2023,2025-12-05 17:20:00,2,34,34338,1,1,1,1,D908,43.611083,3.390527
202300026936,17,12,2023,2025-12-05 19:10:00,3,25,25147,1,1,1,1,D67,47.223665,5.912117
202300026937,18,12,2023,2025-12-05 09:40:00,1,81,81220,1,1,1,6,D12,43.837297,1.681638
202300026938,10,8,2023,2025-12-05 12:06:00,1,1,1138,1,4,1,1,D992,45.863962,5.799633
202300026939,14,12,2023,2025-12-05 12:00:00,1,70,70116,2,1,1,2,25 Rue De Chalonvillars,47.617395,6.745566
202300026940,17,12,2023,2025-12-05 20:45:00,5,26,26148,2,6,1,7,D51,45.254441,5.023968
202300026941,18,12,2023,2025-12-05 09:15:00,1,58,58240,1,1,1,3,Departementale 38,47.128276,3.479308
202300026942,17,12,2023,2025-12-05 10:25:00,1,14,14326,1,1,1,6,Route De Cormeilles,49.168587,0.28889
202300026943,16,12,2023,2025-12-05 02:00:00,4,45,45061,2,3,5,3,D740 Pr 1 + 636,48.045689,2.753848
202300026944,18,12,2023,2025-12-05 18:10:00,3,53,53062,1,2,1,3,Bel Air - Cd 22,47.838913,-0.769665
202300026945,17,12,2023,2025-12-05 21:45:00,3,53,53108,1,1,5,6,La Maison Neuve,48.074351,-1.019969
202300026946,15,12,2023,2025-12-05 06:50:00,3,40,40230,1,1,5,7,D27,43.820099,-1.000357
202300026947,18,12,2023,2025-12-05 16:20:00,1,24,24007,1,1,1,6,Route De La Riviere,45.273376,0.316222
202300026948,10,11,2023,2025-12-05 19:00:00,3,85,85081,1,1,2,2,Departementale 100 La Vergne,46.73708,-1.398031
202300026949,17,12,2023,2025-12-05 18:18:00,5,27,27284,2,9,8,6,11 Rue Saint-Gervais,49.279037,1.775658
202300026950,13,12,2023,2025-12-05 18:00:00,5,27,27284,2,3,2,6,10 Rue De La Liberation,49.276016,1.77905
202300026951,15,12,2023,2025-12-05 16:45:00,2,30,30004,1,1,1,6,D275,43.75097,4.194728
202300026952,17,12,2023,2025-12-05 19:00:00,3,30,30123,1,1,1,7,N113,43.692941,4.164376
202300026953,18,12,2023,2025-12-05 08:00:00,2,30,30094,2,9,9,7,La Pontiere,44.074818,3.962422
202300026954,14,12,2023,2025-12-05 18:50:00,3,35,35278,1,1,1,4,Rd 137,48.152631,-1.700821
202300026955,18,12,2023,2025-12-05 17:40:00,2,34,34153,1,1,1,1,Le Reganel,43.71296,3.815153
202300026956,18,12,2023,2025-12-05 06:40:00,3,34,34146,1,1,1,2,Autoroute A9 Pk 82.470 Direction Montpellier,43.693228,4.078889
202300026957,18,12,2023,2025-12-05 14:20:00,1,976,97614,1,1,1,3,Rue Bouvet - Coconi,-12.835547,45.13512
202300026958,18,12,2023,2025-12-05 06:00:00,2,976,97617,1,1,1,1,Chemin Departemental 1,-12.79297,45.121086
202300026959,17,12,2023,2025-12-05 23:00:00,3,13,13004,1,1,1,1,D36,43.6375,4.603508
202300026960,17,12,2023,2025-12-05 16:30:00,2,71,71439,1,1,1,3,R 70 Pk 5.400,46.482378,4.147596
202300026961,18,12,2023,2025-12-05 07:30:00,2,71,71342,2,3,5,3,97 Route De Saint-Yan,46.442293,4.102026
202300026962,18,12,2023,2025-12-05 01:30:00,3,71,71588,1,1,5,6,D979,46.469485,4.04873
202300026963,17,12,2023,2025-12-05 13:45:00,1,71,71176,2,3,1,3,71B Rue Francois Ducarouge,46.490596,3.993709
202300026964,18,12,2023,2025-12-05 13:35:00,1,52,52190,1,1,1,6,Adresse_Inconnue,48.131933,5.352283
202300026965,17,12,2023,2025-12-05 06:00:00,3,1,1062,1,1,5,6,D84B,45.876772,5.091702
202300026966,17,12,2023,2025-12-05 11:45:00,1,13,13117,1,1,1,6,A7-Sens Lyon Vers Marseille,43.46292794,5.23481274
202300026967,16,12,2023,2025-12-05 20:50:00,5,13,13216,1,1,1,6,A55-Sens Marseille Vers Martigues,43.36877,5.32565
202300026968,16,12,2023,2025-12-05 03:16:00,3,13,13203,1,1,1,6,A7-Sens Marseille Vers Lyon,43.309,5.375
202300026969,17,12,2023,2025-12-05 13:55:00,1,69,69027,1,1,1,5,Autoroute 450,45.66356715,4.75933364
202300026970,17,12,2023,2025-12-05 06:54:00,4,33,33318,1,1,5,4,Rocade A 630,44.78804,-0.63256
202300026971,17,12,2023,2025-12-05 05:30:00,4,33,33192,1,1,5,6,Adresse_Inconnue,44.78939041,-0.61813295
202300026972,29,6,2023,2025-12-05 12:00:00,1,26,26295,1,1,1,1,D163,45.165738,4.874749
202300026973,29,6,2023,2025-12-05 14:30:00,1,56,56075,1,1,1,1,Avenue De Rennes,47.915796,-2.122808
202300026974,29,6,2023,2025-12-05 18:00:00,1,56,56089,1,1,1,3,Locunel,47.950759,-3.247962
202300026975,30,6,2023,2025-12-05 18:20:00,1,80,80819,1,1,1,7,D60,50.035788,2.243893
202300026976,30,6,2023,2025-12-05 04:20:00,3,71,71436,1,3,2,6,Rd 977,46.725624,4.518106
202300026977,30,6,2023,2025-12-05 15:00:00,1,71,71543,2,1,1,7,Rue De Saone,46.558296,4.916017
202300026978,29,6,2023,2025-12-05 13:30:00,1,12,12215,1,1,1,6,Route Departementale 840,44.496031,2.384242
202300026979,30,6,2023,2025-12-05 15:31:00,1,46,46021,1,1,1,6,D19,44.57218,1.93002
202300026980,27,6,2023,2025-12-05 17:30:00,1,86,86245,2,3,1,7,D14,46.791672,0.622106
202300026981,8,4,2023,2025-12-05 11:50:00,1,22,22207,1,1,1,3,D 11,48.627094,-3.466146
202300026982,30,6,2023,2025-12-05 07:30:00,1,25,25256,1,3,2,1,D414,47.180233,6.782212
202300026983,29,6,2023,2025-12-05 23:20:00,4,44,44081,1,1,1,1,Adresse_Inconnue,46.905842,-1.562084
202300026984,29,6,2023,2025-12-05 14:01:00,1,29,29274,1,2,1,3,D50,48.032993,-3.729333
202300026985,30,6,2023,2025-12-05 11:50:00,1,29,29178,1,1,8,3,Lieu Dit Porastel Ruz,48.51251208,-4.65623542
202300026986,29,6,2023,2025-12-05 09:10:00,1,38,38189,1,1,1,3,Chemin De Savoyan,45.63624,5.0601
202300026987,28,6,2023,2025-12-05 16:40:00,1,84,84089,2,1,1,6,Rue De La Devalade,43.695413,5.501151
202300026988,29,6,2023,2025-12-05 17:35:00,1,3,3049,1,1,1,1,Rue Du Roc,46.298343,3.211767
202300026989,17,6,2023,2025-12-05 01:32:00,3,1,1254,2,3,1,7,Route Du Revermont,46.165159,5.296824
202300026990,30,6,2023,2025-12-05 08:10:00,1,72,72143,1,9,1,2,D304,47.872533,0.442007
202300026991,20,6,2023,2025-12-05 10:00:00,1,6,6120,1,1,1,2,Rm2205 - Pr 56+230,44.268213,6.920936
202300026992,29,6,2023,2025-12-05 11:20:00,1,9,9064,1,1,1,2,N20,42.801903,1.650095
202300026993,28,6,2023,2025-12-05 14:00:00,1,73,73219,1,3,7,3,D921,45.556774,5.787928
202300026994,29,6,2023,2025-12-05 17:30:00,1,36,36052,1,1,1,3,Adresse_Inconnue,46.937052,2.039589
202300026995,30,6,2023,2025-12-05 06:00:00,3,30,30276,1,1,2,6,Adresse_Inconnue,43.58325,4.245014
202300026996,28,6,2023,2025-12-05 15:40:00,1,52,52250,1,1,1,7,Ecluse 45 Du Rongeant,48.450528,5.157512
202300026997,30,6,2023,2025-12-05 18:50:00,1,13,13051,1,1,1,1,Route De Pelissanne,43.61311,5.138608
202300026998,24,6,2023,2025-12-05 17:40:00,1,6,6059,2,9,1,7,M6098,43.716791,7.349668
202300026999,28,6,2023,2025-12-05 18:20:00,5,976,97614,2,1,1,3,Avenue Mkarafouni,-12.8231,45.13241
202300027000,25,6,2023,2025-12-05 15:00:00,1,2B,2B087,1,1,1,6,T10,42.32475,9.538826
202300027001,30,6,2023,2025-12-05 19:10:00,1,2A,2A247,1,1,1,3,Route De L?Ospedale,41.643029,9.205856
202300027002,30,6,2023,2025-12-05 09:13:00,1,83,83133,1,1,1,3,Route Departemenantale 37,43.579956,6.811051
202300027003,20,6,2023,2025-12-05 16:45:00,1,13,13013,1,3,1,3,D 908,43.406032,5.575449
202300027004,28,6,2023,2025-12-05 22:30:00,3,38,38019,1,1,1,5,A7,45.415247,4.826801
202300027005,28,6,2023,2025-12-05 15:15:00,1,68,68269,2,1,7,6,18 Grand'Rue,48.193744,7.322761
202300027006,30,6,2023,2025-12-05 08:55:00,1,7,7217,1,4,2,1,Route De Lamastre,45.063056,4.747167
202300027007,27,6,2023,2025-12-05 15:50:00,1,85,85092,2,1,1,6,35 Rue Du Port,46.463769,-0.800886
202300027008,30,6,2023,2025-12-05 14:05:00,1,80,80415,2,1,1,6,7 Rue De Contoire,49.751258,2.605927
202300027009,29,6,2023,2025-12-05 19:30:00,1,59,59419,1,1,2,1,205 Route De Saint Amand,50.513573,3.316985
202300027010,29,6,2023,2025-12-05 17:15:00,1,13,13070,1,1,1,2,A50-Sens Aubagne Vers Marseille,43.28516169,5.51648855
202300027011,29,6,2023,2025-12-05 16:45:00,1,13,13214,1,1,1,3,A507 Sens Marseille - Aubagne,43.329923,5.402057
202300027012,19,4,2023,2025-12-05 15:40:00,1,69,69276,1,1,1,3,Route Departementale 301,45.67939,4.84922
202300027013,29,6,2023,2025-12-05 04:20:00,5,69,69199,1,1,1,2,Boulevard Peripherique Laurent Bonnevay,45.71638785,4.84827069
202300027014,11,6,2023,2025-12-05 21:40:00,1,57,57433,1,1,1,2,Adresse_Inconnue,49.19913,6.16777
202300027015,29,6,2023,2025-12-05 06:20:00,2,33,33192,1,1,1,7,Rocade A 630,44.7883,-0.6004
202300027016,28,6,2023,2025-12-05 15:34:00,1,59,59560,1,1,1,4,Autoroute A1,50.54216842,3.0539049
202300027017,28,6,2023,2025-12-05 08:50:00,1,59,59560,1,1,1,6,Autoroute A1,50.55474,3.06296
202300027018,29,6,2023,2025-12-05 07:25:00,1,91,91687,1,1,1,3,Autoroute A6,48.66588,2.36653
202300027019,28,6,2023,2025-12-05 18:00:00,1,92,92025,1,1,1,2,A86,48.92539969,2.23328224
202300027020,27,6,2023,2025-12-05 21:15:00,1,78,78640,1,1,1,3,N118,48.778292,2.222328
202300027021,28,6,2023,2025-12-05 20:45:00,1,95,95028,1,1,1,6,N104,49.06099,2.35853
202300027022,28,6,2023,2025-12-05 20:00:00,1,93,93010,1,1,1,3,Autoroute A3,48.90207598,2.47041227
202300027023,29,6,2023,2025-12-05 08:30:00,1,93,93053,1,1,1,5,Autoroute A3,48.89645125,2.4703365
202300027024,28,6,2023,2025-12-05 22:50:00,3,93,93006,1,1,1,3,Autoroute A3,48.86553,2.42046
202300027025,28,6,2023,2025-12-05 10:15:00,1,95,95218,1,1,1,6,A15,49.03494197,2.09896803
202300027026,28,6,2023,2025-12-05 07:40:00,1,95,95018,1,1,1,2,A15,48.95786,2.27507
202300027027,29,6,2023,2025-12-05 18:25:00,1,77,77121,1,1,1,3,A4,48.831519,2.678183
202300027028,29,6,2023,2025-12-05 15:55:00,1,94,94069,1,1,1,2,A86,48.81723758,2.45368052
202300027029,29,6,2023,2025-12-05 15:30:00,1,94,94042,1,1,1,3,A4,48.82854107,2.47576095
202300027030,29,6,2023,2025-12-05 07:30:00,1,94,94017,1,1,1,5,A4,48.82648029,2.52228801
202300027031,28,6,2023,2025-12-05 18:00:00,1,93,93051,1,1,1,3,A4,48.8361336,2.55730702
202300027032,28,6,2023,2025-12-05 17:50:00,1,92,92064,2,1,1,1,Republique,48.85138,2.213046
202300027033,25,6,2023,2025-12-05 17:20:00,1,974,97411,2,1,1,2,Chatel (Jean),-20.87802,55.4495
202300027034,18,6,2023,2025-12-05 11:10:00,1,974,97411,2,1,1,6,Tamarins (Chemin Des),-20.88584,55.41227
202300027035,15,6,2023,2025-12-05 10:30:00,1,974,97411,2,6,8,3,Jaures (Boulevard Jean),-20.9006,55.4871
202300027036,28,6,2023,2025-12-05 20:00:00,2,69,69386,2,1,1,3,Quai Charles De Gaulle,45.78582,4.85491
202300027037,28,6,2023,2025-12-05 12:00:00,1,69,69387,2,8,1,6,Rue Antonin Perrin,45.73173651,4.82321754
202300027038,27,6,2023,2025-12-05 09:25:00,1,972,97213,1,1,2,2,Acajou Prolongee,14.63416,-61.00132
202300027039,28,6,2023,2025-12-05 08:10:00,1,972,97209,2,1,1,2,Venelle (Impasse De La),14.63916,-61.05551
202300027040,28,6,2023,2025-12-05 03:08:00,3,69,69387,2,2,1,3,Avenue Berthelot,45.7452,4.84183
202300027041,28,6,2023,2025-12-05 09:22:00,1,2B,2B033,1,9,1,2,St Florent-Ancienne Rt De,42.68699,9.42956
202300027042,22,6,2023,2025-12-05 05:50:00,2,95,95268,2,6,2,3,D84B,48.9746,2.4164
202300027043,26,6,2023,2025-12-05 16:45:00,1,95,95476,2,1,1,6,Puiseux (Rue De),49.05870236,2.04829484
202300027044,27,6,2023,2025-12-05 20:35:00,1,91,91687,2,6,1,3,Amedee Gordini (Place),48.66131,2.37529
202300027045,28,6,2023,2025-12-05 02:55:00,4,87,87050,1,3,1,3,Rd947,45.89789,1.22838
202300027046,26,6,2023,2025-12-05 14:04:00,1,87,87085,2,1,1,4,Georges Guingouin(Rue),45.89945,1.29555
202300027047,24,5,2023,2025-12-05 15:06:00,1,84,84031,2,3,1,6,Mont Ventoux Avenue Du,44.05564,5.05184
202300027048,28,6,2023,2025-12-05 16:40:00,1,69,69266,2,9,1,6,Allee Du Mens,45.78,4.90213
202300027049,23,6,2023,2025-12-05 14:25:00,1,68,68297,2,2,1,3,Mulhouse ( Rue De)Jusque Cimetiere Du 1,47.58587,7.56407
202300027050,28,6,2023,2025-12-05 08:30:00,1,67,67218,2,1,1,3,Vignes (Rue Des),48.5227,7.7169
202300027051,28,6,2023,2025-12-05 08:35:00,1,67,67482,2,1,8,7,Freres Matthis (Rue Des),48.5781,7.7347
202300027052,27,6,2023,2025-12-05 10:40:00,1,67,67482,2,1,1,6,Sedillot (Rue),48.577,7.7534
202300027053,28,6,2023,2025-12-05 23:16:00,5,64,64102,2,1,1,3,Quatorze Avril (Avenue Du),43.50351,-1.46638
202300027054,28,6,2023,2025-12-05 09:00:00,1,63,63113,2,1,1,6,Fontgieve (Rue),45.7816,3.0743
202300027055,27,6,2023,2025-12-05 15:20:00,1,59,59196,1,1,1,2,Route Nationale,50.653206,2.938513
202300027056,28,6,2023,2025-12-05 11:30:00,1,59,59183,2,3,1,3,Hirondelles,51.02362,2.32769
202300027057,26,6,2023,2025-12-05 13:40:00,1,57,57666,2,1,1,6,Meulerie (Rue De La),49.345,6.14
202300027058,27,6,2023,2025-12-05 19:40:00,1,57,57336,2,1,1,3,Gare (Rue De La),49.16063,6.73873
202300027059,22,6,2023,2025-12-05 18:15:00,1,50,50129,2,1,1,6,Branly (Rue Edouard),49.63047,-1.64484
202300027060,27,6,2023,2025-12-05 08:25:00,1,49,49007,2,1,1,2,Clemenceau Boulevard,47.47656,-0.56644
202300027061,26,6,2023,2025-12-05 18:31:00,1,49,49353,2,2,1,3,Camus,47.45176,-0.50783
202300027062,7,5,2023,2025-12-05 22:50:00,5,42,42218,2,2,2,1,Rue Emile Clermont,45.42005,4.4089
202300027063,27,6,2023,2025-12-05 07:59:00,1,36,36063,2,1,1,2,Rue Des Remparts,46.82651721,1.70345753
202300027064,28,6,2023,2025-12-05 18:30:00,1,33,33063,2,3,1,3,Rue Amedee Saint-Germain,44.82221,-0.55964
202300027065,28,6,2023,2025-12-05 18:30:00,1,33,33200,2,1,1,2,Avenue De Magudas,44.85839,-0.66781
202300027066,28,6,2023,2025-12-05 07:45:00,1,33,33318,2,1,1,3,Avenue De Canejan,44.77977,-0.65987
202300027067,27,6,2023,2025-12-05 07:47:00,1,33,33281,2,2,1,1,Avenue Des Freres Robinson,44.84724,-0.65808
202300027068,15,6,2023,2025-12-05 12:55:00,1,33,33119,2,8,1,6,Avenue Jean Jaures,44.85746053,-0.53184852
202300027069,28,6,2023,2025-12-05 16:09:00,1,33,33529,2,1,1,3,Vulcain (Rue),44.61443,-1.1222
202300027070,28,6,2023,2025-12-05 14:05:00,1,32,32013,1,1,1,3,Vic (Route De),43.67561,0.51844
202300027071,28,6,2023,2025-12-05 22:30:00,2,31,31555,2,1,1,6,Lattre De Tassigny (Av Du Marechal De) D,43.5775,1.43641
202300027072,23,6,2023,2025-12-05 15:03:00,1,30,30189,2,1,1,6,Adresse_Inconnue,43.8487,4.3911
202300027073,18,6,2023,2025-12-05 02:35:00,5,18,18033,2,2,1,1,Avenue Pierre Semard,47.09389,2.40119
202300027074,28,6,2023,2025-12-05 01:50:00,5,14,14699,2,1,1,7,D27A,49.35049,0.09031
202300027075,28,6,2023,2025-12-05 07:30:00,1,14,14341,2,1,1,2,235 Rue Paul Boucherot,49.14236,-0.33224
202300027076,28,6,2023,2025-12-05 12:55:00,1,13,13214,2,1,1,3,Roland Dorgeles (Boulevard),43.34753672,5.37798507
202300027077,28,6,2023,2025-12-05 04:45:00,5,13,13213,2,1,1,3,Jean Paul Sartre (Avenue),43.32628,5.42442
202300027078,18,6,2023,2025-12-05 00:05:00,4,8,8409,2,1,1,6,Thiers (Rue),49.70213,4.94126
202300027079,29,6,2023,2025-12-05 01:30:00,5,6,6088,2,2,1,3,Buffa (Rue De La),43.6968,7.26054
202300027080,28,6,2023,2025-12-05 15:45:00,1,6,6029,2,1,1,7,Picaud (Avenue Du Docteur),43.55051,7.00242
202300027081,23,6,2023,2025-12-05 16:45:00,1,5,5061,1,1,1,6,Rn85,44.58155517,6.08102918
202300027082,23,6,2023,2025-12-05 13:15:00,1,5,5061,1,1,1,7,Rn 85,44.58597,6.08157
202300027083,21,6,2023,2025-12-05 12:45:00,1,2,2691,2,3,1,3,5 Boulevard Jean Bouin,49.84756,3.30343
202300027084,27,6,2023,2025-12-05 17:00:00,1,75,75116,2,1,1,5,Porte Maillot,48.876323,2.278525
202300027085,28,6,2023,2025-12-05 17:20:00,1,75,75106,2,1,1,3,Place Edmond Rostand,48.847435,2.340364
202300027086,28,6,2023,2025-12-05 14:00:00,1,75,75116,2,3,1,3,Rue De La Pompe,48.87059,2.281192
202300027087,28,6,2023,2025-12-05 15:50:00,1,75,75115,2,3,1,6,Rue De Vouille,48.833422,2.309799
202300027088,28,6,2023,2025-12-05 17:45:00,1,75,75111,2,2,1,3,Rue De La Fontaine Au Roi,48.869618,2.37838
202300027089,28,6,2023,2025-12-05 18:00:00,1,75,75108,2,3,1,6,Rue De Rome,48.880468,2.321312
202300027090,28,6,2023,2025-12-05 19:45:00,1,94,94011,2,1,1,3,Avenue Jean Monnet,48.76187961,2.47900057
202300027091,26,6,2023,2025-12-05 22:20:00,5,94,94043,2,1,1,3,Avenue De Fontainebleau,48.814972,2.360995
202300027092,28,6,2023,2025-12-05 12:40:00,1,94,94034,2,2,1,3,Avenue Edouard Herriot,48.75709,2.32873
202300027093,27,6,2023,2025-12-05 19:30:00,1,94,94017,2,1,1,3,Avenue Roger Salengro,48.82005,2.48313
202300027094,28,6,2023,2025-12-05 19:15:00,1,93,93071,2,2,1,6,Chemin De Savigny / Avenue Lumiere,48.94462,2.51723
202300027095,28,6,2023,2025-12-05 16:00:00,1,93,93066,2,3,1,5,Rue Danielle Casanova / Rue Du Progres,48.92683471,2.36558371
202300027096,27,6,2023,2025-12-05 18:20:00,1,93,93061,2,3,1,6,Rue Andre Joineau / Rue Danton,48.88417531,2.40353554
202300027097,16,6,2023,2025-12-05 10:49:00,1,93,93063,2,2,1,1,Avenue Gaston Roussel / Rue Du Docteur Parat,48.89329,2.43747
202300027098,28,6,2023,2025-12-05 15:00:00,1,93,93005,2,1,1,3,Boulevard Marc Chagall,48.95237096,2.49588673
202300027099,28,6,2023,2025-12-05 11:38:00,1,92,92046,2,9,1,6,Tour (Rue De La),48.82319043,2.30548605
202300027100,27,6,2023,2025-12-05 12:32:00,1,92,92077,2,1,1,6,Marnes (Rue De),48.83032426,2.17988089
202300027101,15,6,2023,2025-12-05 08:20:00,1,92,92051,2,9,1,3,Madrid (Avenue De),48.88423332,2.26028144
202300027102,14,6,2023,2025-12-05 20:30:00,1,92,92051,2,1,7,7,"Roule (Avenue Du, Ndeg 29 A 91 Et 30 A 86)",48.88407087,2.27070183
202300027103,28,6,2023,2025-12-05 03:40:00,3,92,92050,2,1,1,6,Pasteur Rue,48.88520885,2.21949148
202300027104,28,6,2023,2025-12-05 07:24:00,1,92,92049,2,2,1,3,Peri Rue Gabriel Autres Ndeg,48.81845,2.31947
202300027105,27,6,2023,2025-12-05 22:35:00,5,92,92020,2,1,1,2,Paris Avenue De Ndeg Impairs,48.80705,2.29365
202300027106,28,6,2023,2025-12-05 19:30:00,1,92,92040,2,2,1,3,Victor Cresson (Avenue) Du 02 Au 40,48.82395145,2.27280915
202300027107,28,6,2023,2025-12-05 16:50:00,1,92,92040,2,2,1,2,Diderot,48.82506,2.27212
202300027108,28,6,2023,2025-12-05 07:45:00,1,92,92036,2,8,1,6,Lucien Lanternier (Avenue) (1/17),48.93293,2.2928
202300027109,23,6,2023,2025-12-05 19:44:00,1,92,92036,2,2,1,6,Louis Calmel (Rue) (1),48.92676,2.29449
202300027110,28,6,2023,2025-12-05 16:30:00,1,92,92035,2,1,1,3,National ( Boulevard ),48.90608,2.23886
202300027111,28,6,2023,2025-12-05 09:20:00,1,92,92026,2,6,1,3,Europe ( Rond Point De L' ),48.9051446,2.25605965
202300027112,28,6,2023,2025-12-05 20:25:00,1,92,92024,2,1,1,6,Victor Meric (Rue),48.9009667,2.30489597
202300027113,28,6,2023,2025-12-05 11:10:00,1,92,92024,2,2,1,2,Clichy (Quai De) De (104 A 202),48.91197834,2.31041864
202300027114,27,6,2023,2025-12-05 19:16:00,1,92,92024,2,2,1,6,General Leclerc (Bd Du) (9 A 59)   (4 A,48.9014,2.31518
202300027115,15,6,2023,2025-12-05 19:00:00,1,92,92004,2,2,1,3,Maurice Laisney,48.92397,2.28214
202300027116,27,6,2023,2025-12-05 11:45:00,1,92,92004,2,3,1,3,Argenteuil Av D',48.91236,2.28461
202300027117,29,6,2023,2025-12-05 17:10:00,1,60,60531,1,1,1,6,D36,49.435964,2.696084
202300027118,28,6,2023,2025-12-05 15:17:00,1,35,35108,1,1,1,6,Rd 173 Pk 25+400,47.936896,-1.458258
202300027119,28,6,2023,2025-12-05 16:15:00,1,50,50565,1,1,1,1,Mizouard,48.756568,-1.410573
202300027120,29,6,2023,2025-12-05 14:35:00,1,83,83072,1,1,1,7,D562,43.492285,6.377628
202300027121,29,6,2023,2025-12-05 15:00:00,1,71,71317,1,1,1,1,D985,46.725734,4.081206
202300027122,5,5,2023,2025-12-05 18:05:00,1,44,44047,1,1,1,2,Adresse_Inconnue,47.27254,-1.71752
202300027123,28,6,2023,2025-12-05 20:30:00,2,12,12084,1,1,1,6,Autoroute A 75 Pk 222+600,44.066705,3.025097
202300027124,29,6,2023,2025-12-05 17:45:00,1,30,30315,1,1,1,2,Rn 100,43.948373,4.693716
202300027125,28,6,2023,2025-12-05 06:27:00,1,44,44192,1,3,1,3,Adresse_Inconnue,47.26145138,-1.98013544
202300027126,28,6,2023,2025-12-05 14:15:00,1,59,59039,1,1,1,5,D643,50.15756578,3.29722514
202300027127,29,6,2023,2025-12-05 10:55:00,1,77,77068,1,1,1,2,D62,48.501337,3.157518
202300027128,24,6,2023,2025-12-05 15:20:00,1,2A,2A139,2,1,1,7,Rt 10,41.649076,9.328083
202300027129,29,6,2023,2025-12-05 04:20:00,4,80,80086,2,1,1,6,27 Rue Martin,50.134561,2.161018
202300027130,28,6,2023,2025-12-05 01:15:00,3,71,71093,1,1,1,6,1366 Route De Pierre,46.855624,5.277047
202300027131,24,6,2023,2025-12-05 16:25:00,1,71,71401,2,3,1,3,30 Le Bourg,46.57279,5.246552
202300027132,28,6,2023,2025-12-05 22:40:00,3,47,47173,1,1,1,6,Route De Miramont,44.431558,0.516937
202300027133,29,6,2023,2025-12-05 13:40:00,1,34,34150,1,3,1,3,Rd51,43.389784,3.537319
202300027134,28,6,2023,2025-12-05 17:58:00,1,35,35207,1,1,1,1,D92,48.08092939,-1.5131253
202300027135,27,6,2023,2025-12-05 11:00:00,1,38,38126,2,1,1,1,Avenue Du Gresivaudan,45.206681,5.754073
202300027136,26,6,2023,2025-12-05 08:40:00,1,38,38431,1,1,1,1,Chemin De Pre Barau,45.250011,5.84728
202300027137,28,6,2023,2025-12-05 23:00:00,3,1,1229,1,3,1,6,Route D'Etrez,46.337318,5.147662
202300027138,29,6,2023,2025-12-05 11:45:00,1,60,60588,2,2,1,3,D119,49.61871433,1.91138506
202300027139,29,6,2023,2025-12-05 11:15:00,1,10,10126,1,3,1,3,Lieu Maison Neuve,48.273,4.622354
202300027140,28,6,2023,2025-12-05 17:45:00,1,40,40217,2,1,1,5,Route De Pontenx,44.329574,-1.09035
202300027141,2,6,2023,2025-12-05 16:15:00,1,40,40217,2,3,1,3,Rue Du Moulies,44.342929,-1.060754
202300027142,28,6,2023,2025-12-05 18:30:00,1,4,4163,1,1,1,6,Rd 950,44.099729,5.526295
202300027143,26,6,2023,2025-12-05 10:35:00,1,31,31424,2,6,1,6,Boulevard Victor Hugo,43.567144,1.307302
202300027144,29,6,2023,2025-12-05 00:40:00,3,34,34337,1,1,1,1,Rm185,43.544753,3.830688
202300027145,28,6,2023,2025-12-05 08:00:00,1,44,44028,1,1,1,3,Adresse_Inconnue,47.344075,-1.368865
202300027146,28,6,2023,2025-12-05 14:25:00,1,57,57693,1,9,1,5,Autoroute A315,49.122225,6.235428
202300027147,26,6,2023,2025-12-05 19:10:00,1,51,51147,1,1,1,7,A4,49.02726864,4.50421259
202300027148,29,6,2023,2025-12-05 13:00:00,1,78,78009,1,1,1,2,A10 - Pk 032+450 - En Direction De Paris,48.488078,1.912358
202300027149,27,6,2023,2025-12-05 11:20:00,1,987,98733,2,1,1,1,Rt1 Pk 22+800,-17.696,-149.548
202300027150,27,6,2023,2025-12-05 19:50:00,1,45,45142,1,1,1,5,D2060 Pr 76 + 238,47.908115,2.173619
202300027151,28,6,2023,2025-12-05 19:08:00,1,77,77005,1,1,1,7,Departemental 105 A,48.910187,2.698486
202300027152,28,6,2023,2025-12-05 15:55:00,1,91,91661,2,6,1,2,D118,48.685439,2.217913
202300027153,28,6,2023,2025-12-05 18:30:00,1,34,34054,1,1,1,2,D12E3,43.3893,2.60155
202300027154,29,6,2023,2025-12-05 16:20:00,1,83,83138,1,1,1,1,D562,43.610644,6.725913