num_acc,jour,mois,an,hrmn,lum,dep,com,agg,int,atm,col,adr,lat,long
202300027155,29,6,2023,2025-12-05 09:15:00,1,21,21292,2,6,1,3,D905,47.234745,5.229551
202300027156,29,6,2023,2025-12-05 16:33:00,1,68,68063,2,3,1,6,Rue De Schweighouse,47.799705,7.179378
202300027157,29,6,2023,2025-12-05 12:50:00,1,63,63284,1,3,1,3,D2 Route De Malintrat /Vc,45.795649,3.211591
202300027158,27,5,2023,2025-12-05 00:50:00,3,81,81093,1,1,1,4,A68,43.893424,2.025411
202300027159,29,6,2023,2025-12-05 10:00:00,1,46,46272,1,4,1,3,D2,44.621013,2.114364
202300027160,18,6,2023,2025-12-05 08:20:00,1,33,33284,2,1,1,2,79 Avenue De La Liberation,44.624106,-0.901997
202300027161,27,6,2023,2025-12-05 12:00:00,1,50,50139,1,1,1,7,D551,49.026261,-1.037972
202300027162,27,6,2023,2025-12-05 18:25:00,1,22,22076,1,1,1,1,D43 - Le Rocher,48.579226,-2.358719
202300027163,11,10,2023,2025-12-05 14:30:00,1,23,23096,2,2,1,3,Guillaumin (Boulevard),46.1712,1.8666
202300027164,11,10,2023,2025-12-05 19:25:00,1,17,17291,2,1,1,4,Mare  Rue Du Fief De La,46.177211,-1.132856
202300027165,11,10,2023,2025-12-05 19:10:00,1,17,17300,2,6,1,3,Carnot   Avenue,46.16449,-1.18177
202300027166,11,10,2023,2025-12-05 23:20:00,5,13,13211,2,1,1,7,Pomme (Boulevard De La ),43.29211,5.44558
202300027167,8,10,2023,2025-12-05 23:25:00,3,13,13214,2,1,1,1,Louis Villecroze (Bld),43.32129,5.39207
202300027168,11,10,2023,2025-12-05 20:00:00,2,11,11262,1,1,1,5,Adresse_Inconnue,43.19661,2.99912
202300027169,11,10,2023,2025-12-05 08:38:00,1,75,75115,2,1,1,6,Porte De Sevres,48.83468,2.274681
202300027170,10,10,2023,2025-12-05 18:20:00,1,75,75116,2,1,1,3,Porte Maillot,48.876323,2.278525
202300027171,10,10,2023,2025-12-05 23:35:00,5,75,75102,2,2,1,3,Boulevard De Sebastopol,48.866234,2.352539
202300027172,10,10,2023,2025-12-05 11:30:00,1,75,75112,2,1,1,3,Boulevard De La Guyane,48.840902,2.414127
202300027173,11,10,2023,2025-12-05 17:40:00,1,75,75118,2,3,1,3,Boulevard Barbes,48.889739,2.349589
202300027174,11,10,2023,2025-12-05 10:52:00,1,75,75119,2,2,1,3,Rue D Aubervilliers,48.884478,2.364819
202300027175,11,10,2023,2025-12-05 16:05:00,1,75,75117,2,2,1,1,Boulevard Berthier,48.892474,2.308789
202300027176,11,10,2023,2025-12-05 20:05:00,3,75,75116,2,1,1,6,Avenue De La Porte D Auteuil,48.847995,2.250335
202300027177,11,10,2023,2025-12-05 16:30:00,1,75,75115,2,3,1,3,Rue De Vouille,48.833625,2.309015
202300027178,11,10,2023,2025-12-05 14:30:00,1,75,75115,2,2,1,6,Rue Lecourbe,48.83958,2.29298
202300027179,11,10,2023,2025-12-05 08:10:00,1,75,75115,2,2,1,6,Rue De La Convention,48.838064,2.294604
202300027180,11,10,2023,2025-12-05 18:00:00,1,75,75112,2,3,1,2,Route Royale De Beaute,48.834751,2.43748
202300027181,11,10,2023,2025-12-05 07:23:00,2,75,75112,2,2,1,6,Avenue De Nogent,48.8389,2.4605
202300027182,10,10,2023,2025-12-05 13:20:00,1,75,75112,2,1,1,6,Rue De Charenton,48.849849,2.373994
202300027183,11,10,2023,2025-12-05 20:00:00,5,75,75110,2,2,1,6,Rue Du Faubourg Saint Denis,48.874838,2.355702
202300027184,11,10,2023,2025-12-05 16:35:00,1,75,75109,2,3,1,3,Rue Des Martyrs,48.880773,2.340237
202300027185,11,10,2023,2025-12-05 09:35:00,1,75,75109,2,3,1,2,Rue De Londres,48.876965,2.329561
202300027186,11,10,2023,2025-12-05 17:40:00,1,75,75108,2,4,1,6,Boulevard Haussmann,48.875324,2.315753
202300027187,11,10,2023,2025-12-05 17:27:00,1,75,75107,2,2,1,6,Rue Saint Dominique,48.85768,2.300195
202300027188,10,10,2023,2025-12-05 12:30:00,1,75,75114,2,1,1,6,Rue Brune,48.82709,2.307811
202300027189,10,10,2023,2025-12-05 12:40:00,1,75,75107,2,2,1,7,Boulevard Des Invalides,48.84943454,2.31514335
202300027190,11,10,2023,2025-12-05 13:45:00,1,75,75104,2,3,1,7,Rue De Rivoli,48.855097,2.361674
202300027191,10,10,2023,2025-12-05 18:52:00,2,75,75102,2,3,1,2,Boulevard De Bonne Nouvelle,48.86957268,2.35254943
202300027192,10,10,2023,2025-12-05 14:00:00,1,75,75103,2,3,1,3,Rue De Turbigo,48.86678,2.36191
202300027193,10,10,2023,2025-12-05 08:23:00,1,94,94081,2,1,1,6,94 Rue De Choisy,48.785441,2.399911
202300027194,10,10,2023,2025-12-05 08:00:00,2,94,94043,2,3,1,3,Avenue Charles Gide,48.805694,2.348622
202300027195,11,10,2023,2025-12-05 16:10:00,1,94,94065,1,1,1,2,Avenue De Fontainebleau,48.75211,2.36878
202300027196,11,10,2023,2025-12-05 03:15:00,5,94,94065,2,1,1,6,Avenue Des Trois Marches Min,48.75592,2.35617
202300027197,11,10,2023,2025-12-05 11:10:00,1,94,94055,2,1,1,6,Avenue De Pince Vent,48.78998544,2.55021416
202300027198,11,10,2023,2025-12-05 19:28:00,2,94,94071,2,1,1,3,Avenue De Bonneuil,48.76972438,2.50992316
202300027199,10,10,2023,2025-12-05 19:20:00,5,93,93032,2,2,1,3,Avenue Vaillant Couturier / Rue De La Mare,48.87614,2.54982
202300027200,11,10,2023,2025-12-05 18:45:00,1,93,93027,2,6,1,3,Avenue Jean Mermoz / Rue Georges Politzer,48.93206711,2.39948175
202300027201,11,10,2023,2025-12-05 17:54:00,1,92,92076,2,1,1,6,Republique,48.83781007,2.15721354
202300027202,11,10,2023,2025-12-05 10:35:00,1,92,92064,2,1,1,6,Alfred Belmontet,48.85375837,2.21797693
202300027203,11,10,2023,2025-12-05 15:35:00,1,92,92040,2,1,1,6,Resistance (Place De La),48.8213664,2.25003161
202300027204,11,10,2023,2025-12-05 09:05:00,1,92,92040,2,3,1,3,Verdun (Avenue De) Du 115 Au 149,48.81799148,2.25086398
202300027205,17,10,2023,2025-12-05 18:15:00,1,92,92036,2,3,1,3,Camelinat (Boulevard) (2 Au 66),48.92761,2.29724
202300027206,10,10,2023,2025-12-05 09:15:00,1,92,92024,2,1,1,3,General Leclerc (Bd Du) (9 A 59)   (4 A,48.90406,2.31185
202300027207,11,10,2023,2025-12-05 07:40:00,1,92,92019,1,1,1,3,Leclerc Division (Avenue),48.77071584,2.24799871
202300027208,12,10,2023,2025-12-05 16:10:00,1,63,63425,1,4,1,3,Croisement D96 Et D74,45.660322,3.133121
202300027209,12,10,2023,2025-12-05 11:50:00,1,47,47324,2,1,1,6,Place Du 19 Mars 1962,44.637105,0.741931
202300027210,11,10,2023,2025-12-05 19:30:00,2,8,8320,1,1,1,6,Rd985,49.340098,4.365853
202300027211,11,10,2023,2025-12-05 15:10:00,1,17,17262,1,2,1,3,Intersection D728/D125,45.745942,-0.710442
202300027212,7,10,2023,2025-12-05 18:52:00,1,22,22048,1,1,1,5,La Penezais,48.47160299,-2.13948548
202300027213,8,10,2023,2025-12-05 17:43:00,1,41,41167,2,1,1,3,Avenue Du General De Gaulle,47.487303,1.189023
202300027214,11,10,2023,2025-12-05 08:12:00,1,83,83086,1,1,1,4,Dn7 Pk78,43.465216,6.538872
202300027215,9,10,2023,2025-12-05 15:15:00,1,86,86165,1,6,1,3,3 Route De Bourg-Archambault,46.410615,0.895841
202300027216,11,10,2023,2025-12-05 17:30:00,2,971,97109,1,4,1,3,Boulevard Amedee Valeau,15.98721515,-61.71993077
202300027217,12,10,2023,2025-12-05 18:15:00,1,72,72155,1,1,1,1,D139 Bis,47.861693,0.232322
202300027218,11,10,2023,2025-12-05 17:15:00,1,85,85215,1,2,1,3,Rd37,46.85538,-1.192148
202300027219,11,10,2023,2025-12-05 17:30:00,1,50,50546,1,1,7,1,R Du Stade A Bossard,49.045759,-1.092196
202300027220,11,10,2023,2025-12-05 14:30:00,1,41,41265,2,2,1,7,4 Rue Du Bourg Neuf,47.775017,0.786971
202300027221,12,10,2023,2025-12-05 06:50:00,2,34,34270,1,1,1,1,M132E2,43.586872,3.835698
202300027222,11,10,2023,2025-12-05 20:45:00,3,51,51009,2,1,1,6,Route De Soyer,48.585909,3.801103
202300027223,12,10,2023,2025-12-05 09:46:00,1,2B,2B354,1,8,1,6,T20,42.136416,9.142524
202300027224,12,10,2023,2025-12-05 09:25:00,1,81,81182,1,1,1,6,Rd63,43.7448911,2.2783025
202300027225,12,10,2023,2025-12-05 07:20:00,3,49,49170,1,1,1,2,D770,47.6730879,-0.52696556
202300027226,12,10,2023,2025-12-05 17:02:00,1,35,35095,2,6,1,3,28 Rue De Rennes,48.546022,-1.747261
202300027227,12,10,2023,2025-12-05 08:00:00,2,35,35319,2,2,1,3,Avenue De La Vallee,48.029772,-1.924817
202300027228,11,10,2023,2025-12-05 18:15:00,1,29,29235,2,2,1,3,Rue D'Oradour Sur Glane,48.40309298,-4.38554585
202300027229,2,10,2023,2025-12-05 09:00:00,1,31,31255,2,1,1,1,D26,43.036706,0.598021
202300027230,12,10,2023,2025-12-05 10:00:00,1,15,15130,1,1,1,2,D990,45.062376,3.242332
202300027231,8,10,2023,2025-12-05 16:15:00,1,58,58079,2,1,1,6,Rue Du Faubourg De Bethleem,47.460384,3.524213
202300027232,9,10,2023,2025-12-05 17:15:00,1,66,66107,2,1,1,6,Adresse_Inconnue,42.80965376,2.58880377
202300027233,11,10,2023,2025-12-05 18:20:00,1,54,54275,1,1,1,7,Rue De La Gare,48.96852665,5.87824345
202300027234,10,10,2023,2025-12-05 21:30:00,5,14,14119,2,2,1,1,1 Rue Du Lucet,49.142517,-0.258908
202300027235,11,10,2023,2025-12-05 15:45:00,1,14,14229,2,6,1,7,2 Faubourg Des Couperees,49.233958,-0.037969
202300027236,11,10,2023,2025-12-05 21:00:00,3,60,60471,1,1,1,1,Rd 1032,49.571958,3.02815
202300027237,11,10,2023,2025-12-05 17:00:00,1,53,53140,1,1,1,2,Pk 48+250 Rn162,48.127007,-0.71939
202300027238,11,10,2023,2025-12-05 08:03:00,2,85,85127,1,1,5,3,Rd21,46.423626,-1.516521
202300027239,11,10,2023,2025-12-05 18:40:00,1,37,37104,1,1,1,1,Route De Saint Branchs,47.25772814,0.77996492
202300027240,11,10,2023,2025-12-05 06:20:00,5,8,8490,2,2,1,3,Rue De La Forteresse,49.425916,4.677032
202300027241,12,10,2023,2025-12-05 12:45:00,1,24,24225,1,1,1,1,Avenue De Bergerac,44.837377,0.408769
202300027242,11,10,2023,2025-12-05 07:15:00,1,987,98738,1,1,1,6,Pk 14.8 Rt 1,-17.618,-149.549
202300027243,12,10,2023,2025-12-05 06:50:00,1,973,97309,2,6,1,3,Giratoire Adelaide Tablon,4.887014,-52.28511
202300027244,12,10,2023,2025-12-05 12:50:00,1,62,62355,1,1,8,6,A1,50.337251,2.925287
202300027245,11,10,2023,2025-12-05 19:15:00,5,34,34134,2,3,1,1,M5,43.590059,3.800942
202300027246,11,10,2023,2025-12-05 22:45:00,3,91,91666,1,1,1,1,Rue D'Orsay,48.675813,2.22087
202300027247,12,10,2023,2025-12-05 20:00:00,3,30,30330,1,1,1,7,Adresse_Inconnue,44.026489,4.006448
202300027248,11,10,2023,2025-12-05 10:15:00,1,13,13015,2,3,1,3,Avenue Des Noyers,43.434465,5.409726
202300027249,11,10,2023,2025-12-05 17:00:00,1,68,68111,2,1,1,3,Rue Des Forgerons,48.004297,7.27845
202300027250,5,10,2023,2025-12-05 16:45:00,1,38,38236,1,1,1,6,1025 Chemin De Beljoyer,45.421539,5.724904
202300027251,11,10,2023,2025-12-05 00:15:00,3,69,69032,1,1,1,1,Route De Lyon,45.84640225,4.58875832
202300027252,11,10,2023,2025-12-05 10:00:00,1,17,17219,2,3,1,1,Rue Du Moulin Des Coquards,45.830668,-1.104759
202300027253,12,10,2023,2025-12-05 07:50:00,2,14,14630,1,6,8,3,Route De Caen,49.256686,-0.647711
202300027254,10,10,2023,2025-12-05 08:56:00,2,56,56242,1,1,7,5,Bistoquet,48.101675,-3.10352
202300027255,12,10,2023,2025-12-05 10:34:00,1,22,22093,2,2,1,3,24 Rue Du Moulin A Vent,48.462685,-2.431262
202300027256,11,10,2023,2025-12-05 17:29:00,1,35,35031,1,1,1,1,Les Forges,48.15164,-1.444295
202300027257,12,10,2023,2025-12-05 07:55:00,2,59,59126,2,1,2,6,Rue De Cambrai,50.312859,3.122917
202300027258,11,10,2023,2025-12-05 23:35:00,3,59,59416,1,1,1,7,30 Rue Du Bas Schoubrouck,50.686545,2.528062
202300027259,11,10,2023,2025-12-05 16:30:00,1,59,59034,1,6,1,3,D549,50.528133,3.099732
202300027260,11,10,2023,2025-12-05 19:55:00,1,33,33249,1,1,1,3,Rocade A 630,44.88441528,-0.51758856
202300027261,11,10,2023,2025-12-05 17:05:00,1,33,33039,1,1,1,3,Rocade A 630,44.79244728,-0.53999808
202300027262,8,10,2023,2025-12-05 18:20:00,1,59,59359,1,1,1,7,Autoroute A16,50.98549,2.23094
202300027263,11,10,2023,2025-12-05 19:15:00,3,91,91434,1,1,1,2,Autoroute A6,48.66927,2.35077
202300027264,11,10,2023,2025-12-05 18:35:00,2,91,91692,1,1,1,4,Rn 118,48.671627,2.193912
202300027265,11,10,2023,2025-12-05 18:30:00,2,92,92002,1,1,1,3,N385,48.75994034,2.27899253
202300027266,11,10,2023,2025-12-05 17:00:00,1,91,91136,1,1,1,3,Autoroute A10,48.7136,2.27555
202300027267,11,10,2023,2025-12-05 08:14:00,1,91,91589,1,1,1,3,Autoroute A6,48.67884,2.33505
202300027268,11,10,2023,2025-12-05 10:00:00,1,93,93007,1,1,1,5,Autoroute A1,48.94785,2.44451
202300027269,11,10,2023,2025-12-05 17:30:00,1,94,94028,1,1,1,2,A86,48.79614431,2.44319764
202300027270,11,10,2023,2025-12-05 09:30:00,1,94,94022,1,1,1,2,A86,48.77633,2.42206
202300027271,11,10,2023,2025-12-05 09:20:00,1,93,93051,1,1,1,3,A4,48.83515238,2.57609455
202300027272,11,10,2023,2025-12-05 08:10:00,1,94,94073,1,1,1,3,A86,48.75717,2.38389
202300027273,9,6,2023,2025-12-05 19:15:00,1,32,32013,2,3,1,3,Pierre De Montesquiou (Avenue),43.63939,0.59023
202300027274,30,7,2023,2025-12-05 18:05:00,1,62,62609,1,1,8,5,A26,50.36096407,2.77406185
202300027275,18,6,2023,2025-12-05 15:15:00,1,13,13048,1,1,1,1,D561,43.621934,5.670807
202300027276,10,10,2023,2025-12-05 13:15:00,1,974,97411,2,1,1,3,Brassens (Avenue Georges),-20.90439,55.48282
202300027277,10,10,2023,2025-12-05 12:30:00,1,974,97411,2,1,1,3,Karting (Du),-20.8946,55.4976
202300027278,8,10,2023,2025-12-05 19:30:00,5,974,97411,2,6,1,2,Mace (Route Gabriel),-20.90508,55.50437
202300027279,8,10,2023,2025-12-05 06:50:00,1,974,97411,2,1,1,1,Montagne (Route De La),-20.88683,55.44066
202300027280,9,10,2023,2025-12-05 17:10:00,1,973,97302,2,1,1,5,Montabo (Route De) 2,4.94067266,-52.3021853
202300027281,10,10,2023,2025-12-05 02:50:00,1,973,97309,2,1,1,6,Troubiran (Chemin De),4.91985823,-52.3044987
202300027282,9,10,2023,2025-12-05 13:25:00,1,973,97302,2,3,1,2,Boulevard Des Cites,4.92160949,-52.31699377
202300027283,6,10,2023,2025-12-05 19:05:00,3,973,97302,2,1,1,7,Tigre (Route Du),4.91066,-52.30828
202300027284,6,10,2023,2025-12-05 20:00:00,4,973,97302,2,2,1,3,Montabo (Route De) 3,4.93784096,-52.29871988
202300027285,9,10,2023,2025-12-05 07:50:00,1,973,97302,2,3,1,3,Montabo (Route De) 1,4.93952,-52.30107
202300027286,7,10,2023,2025-12-05 04:25:00,5,973,97302,2,1,1,7,Route Nationale 1,4.92179,-52.32993
202300027287,9,10,2023,2025-12-05 14:15:00,1,69,69386,2,1,1,3,Quai Charles De Gaulle,45.77945,4.84538
202300027288,19,9,2023,2025-12-05 17:45:00,1,972,97213,2,1,1,6,Acajou Prolongee,14.628238,-61.021209
202300027289,9,10,2023,2025-12-05 13:00:00,1,69,69384,2,2,1,3,Rue De Cuire,45.77953,4.82924
202300027290,9,10,2023,2025-12-05 02:00:00,5,971,97101,2,9,3,6,Edouard Botino (Avenue),16.25889468,-61.52362794
202300027291,9,10,2023,2025-12-05 08:20:00,1,95,95019,2,1,1,6,Couturier Paul Vaillant (Avenue),48.98246,2.42143
202300027292,9,10,2023,2025-12-05 15:40:00,1,95,95428,2,4,1,1,Gallerands (Rue Des),48.9905,2.32651
202300027293,10,10,2023,2025-12-05 17:30:00,1,91,91215,2,6,1,6,Av Du Huit Mai 1945,48.69767,2.51899
202300027294,10,10,2023,2025-12-05 08:20:00,1,91,91114,2,9,1,3,Av De La Foret,48.68661,2.49842
202300027295,10,10,2023,2025-12-05 12:15:00,1,91,91201,2,2,1,3,Bd Henri Barbusse,48.686079,2.408718
202300027296,7,10,2023,2025-12-05 09:15:00,1,88,88209,2,2,1,3,Moselle (Rue De La),48.193451,6.441579
202300027297,5,10,2023,2025-12-05 18:16:00,1,87,87085,1,1,1,7,Antony (Rue  Et Chemin D'),45.83267,1.24334
202300027298,5,10,2023,2025-12-05 10:56:00,1,87,87085,2,3,1,3,Feytiat (Rue De),45.81797,1.28961
202300027299,6,10,2023,2025-12-05 08:11:00,1,87,87085,2,1,1,3,Buisson (Rue Ferdinand),45.82479,1.25547
202300027300,5,10,2023,2025-12-05 17:30:00,1,87,87085,1,1,1,6,Solignac (Rue De),45.80612,1.26491
202300027301,6,10,2023,2025-12-05 09:20:00,1,85,85194,2,1,7,2,Sternes (Rue Des),46.5307801,-1.790412
202300027302,6,10,2023,2025-12-05 11:55:00,1,85,85194,2,9,1,3,42 Avenue Charles De Gaulle,46.50791,-1.76977
202300027303,9,10,2023,2025-12-05 15:10:00,1,83,83129,2,3,1,3,Raynaud (Avenue Joseph),43.09080022,5.8482517
202300027304,7,10,2023,2025-12-05 09:10:00,1,83,83129,2,3,7,6,Cantarelle (Boucle De La),43.095007,5.838556
202300027305,7,10,2023,2025-12-05 10:55:00,1,83,83009,2,1,1,3,Beausset (Route Du),43.152401,5.763692
202300027306,9,10,2023,2025-12-05 00:00:00,3,81,81065,2,1,1,6,Bruniquel (Rd 4 - Av Marthe),43.62131,2.27017
202300027307,5,10,2023,2025-12-05 21:00:00,5,80,80160,2,1,1,6,Latapie (Rue),49.86418,2.34487
202300027308,5,10,2023,2025-12-05 19:40:00,2,80,80489,2,1,1,1,Camon (Rue De ),49.87653,2.35152
202300027309,4,10,2023,2025-12-05 00:50:00,5,80,80021,2,1,1,6,General Leclerc (Rue Du ),49.89662,2.29433
202300027310,9,10,2023,2025-12-05 20:20:00,4,77,77379,1,9,1,6,Route Departementale 619,48.5526,3.29108
202300027311,10,10,2023,2025-12-05 07:19:00,3,77,77335,1,3,1,3,Rn3 (Route Nationale),48.95759,2.849409
202300027312,9,10,2023,2025-12-05 09:05:00,1,77,77438,2,2,1,3,General Leclerc  (Avenue Du),48.87378,2.68997
202300027313,9,10,2023,2025-12-05 18:00:00,1,76,76447,2,6,1,6,Avenue Nordhon,49.54729,0.1888
202300027314,9,10,2023,2025-12-05 08:00:00,1,76,76351,2,3,1,3,Hotel De Ville (Place De),49.494251,0.106432
202300027315,8,10,2023,2025-12-05 03:20:00,3,76,76341,1,1,1,1,Rd 6382,49.5112,0.19913
202300027316,10,10,2023,2025-12-05 20:40:00,3,73,73029,1,4,1,3,D5 / N201,45.55955,5.94953
202300027317,8,10,2023,2025-12-05 18:30:00,1,72,72181,2,1,1,7,Lefaucheux Pierre (Bd),47.95519997,0.17941833
202300027318,7,10,2023,2025-12-05 04:15:00,3,72,72181,2,1,1,6,Demorieux Pt De Fer Au Pt De Chem De Fer,48.0011,0.18983
202300027319,8,10,2023,2025-12-05 15:15:00,1,72,72181,2,9,1,2,Chateaubriand (Cours),48.00193,0.20756
202300027320,8,10,2023,2025-12-05 14:10:00,1,72,72181,2,1,1,3,Rhin Et Danube (Av) Ndeg Pairs 194 A 338,48.02296,0.18286
202300027321,9,10,2023,2025-12-05 09:55:00,1,71,71153,2,1,1,6,Marechal Leclerc (Rue),46.80655,4.42818
202300027322,10,10,2023,2025-12-05 16:45:00,1,69,69259,2,1,1,3,Avenue Marcel Houel,45.69681,4.88597
202300027323,10,10,2023,2025-12-05 08:10:00,1,69,69290,2,1,1,4,32 Route De Lyon,45.70091,4.91898
202300027324,9,10,2023,2025-12-05 20:10:00,5,69,69271,2,1,1,7,Boulevard De L'Europe,45.73821,4.94129
202300027325,9,10,2023,2025-12-05 12:45:00,1,69,69259,2,1,1,4,51 Avenue Jules Guesde,45.71800247,4.88778343
202300027326,9,10,2023,2025-12-05 06:00:00,5,69,69276,2,6,1,1,Route Departementale 312,45.67885,4.8504
202300027327,9,10,2023,2025-12-05 22:30:00,5,68,68066,2,2,1,3,Alsace (Rue D'),48.07667,7.36601
202300027328,9,10,2023,2025-12-05 12:25:00,1,67,67218,2,1,1,1,Moulin (Rue Du),48.53522,7.7234
202300027329,9,10,2023,2025-12-05 12:00:00,1,66,66136,2,3,1,6,Adresse_Inconnue,42.68856,2.88883
202300027330,5,10,2023,2025-12-05 16:45:00,1,66,66136,2,1,1,4,Adresse_Inconnue,42.73,2.88112
202300027331,5,10,2023,2025-12-05 17:50:00,1,66,66136,2,3,1,6,Adresse_Inconnue,42.69144,2.89477
202300027332,9,10,2023,2025-12-05 15:25:00,1,64,64545,2,6,1,3,Capitaine Pellot (Rue Du),43.34571,-1.76263
202300027333,9,10,2023,2025-12-05 17:25:00,1,64,64445,2,1,1,6,Carnot,43.30118,-0.3694
202300027334,9,10,2023,2025-12-05 13:10:00,1,64,64445,2,3,1,3,Leon Blum,43.31542,-0.33243
202300027335,10,10,2023,2025-12-05 01:25:00,3,63,63300,1,6,1,6,"Rd2009, Giratoire Autoroute A71 Diff13",45.89609,3.14074
202300027336,9,10,2023,2025-12-05 19:25:00,5,59,59205,2,3,1,3,Av Jules Guesde,50.32515,3.35735
202300027337,9,10,2023,2025-12-05 10:20:00,1,59,59512,2,1,1,6,De Gaulle  (Boulevard Du General),50.6873,3.17479
202300027338,9,10,2023,2025-12-05 11:55:00,1,59,59276,2,1,1,3,Croizat (Boulevard Ambroise),50.34617,3.14849
202300027339,7,10,2023,2025-12-05 19:55:00,5,59,59276,2,1,1,6,Egalite (Rue De L'),50.35167,3.15078
202300027340,6,10,2023,2025-12-05 17:10:00,1,57,57631,2,1,1,7,Parc (Rue Du) C3-C4,49.1079,7.06619
202300027341,9,10,2023,2025-12-05 11:40:00,1,56,56260,2,6,1,3,Boulevard Du Colonel Remy,47.65933,-2.78099
202300027342,9,10,2023,2025-12-05 09:35:00,1,56,56121,2,1,7,6,192 Rue De Belgique,47.76149,-3.38775
202300027343,9,10,2023,2025-12-05 18:50:00,1,53,53130,2,3,1,7,Einstein ( Rue Albert ),48.0538,-0.74015
202300027344,9,10,2023,2025-12-05 18:34:00,1,45,45234,2,1,1,3,1 Boulevard De Quebec,47.91466,1.90263
202300027345,9,10,2023,2025-12-05 11:35:00,1,45,45284,2,1,1,6,100 Rue De Charbonniere,47.91635,1.96091
202300027346,8,10,2023,2025-12-05 19:05:00,1,44,44184,2,6,7,6,75 Boulevard Du Docteur Rene Laennec,47.26645,-2.2405
202300027347,9,10,2023,2025-12-05 18:10:00,1,43,43046,2,1,1,6,Avenue De Roderie,45.05088,3.8957
202300027348,9,10,2023,2025-12-05 17:35:00,1,38,38523,2,2,1,3,Ravat (Rue J.),45.2209,5.3503
202300027349,9,10,2023,2025-12-05 10:00:00,1,38,38151,2,1,1,3,Grugliasco (Avenue De ),45.15045,5.7180458
202300027350,5,10,2023,2025-12-05 17:00:00,1,38,38053,1,1,1,2,Chambery (Rte De ),45.58392771,5.29627725
202300027351,6,8,2023,2025-12-05 01:50:00,3,94,94017,1,9,2,6,A4,48.83025978,2.49298865
202300027352,6,8,2023,2025-12-05 00:20:00,3,94,94069,1,1,1,2,A4,48.81737044,2.42861395
202300027353,4,8,2023,2025-12-05 17:20:00,1,94,94046,1,1,1,2,A86,48.81418936,2.448755
202300027354,3,8,2023,2025-12-05 16:40:00,1,94,94033,1,1,3,4,A86,48.85106447,2.49004498
202300027355,2,8,2023,2025-12-05 08:30:00,1,94,94015,1,1,3,2,A4,48.82945356,2.52827231
202300027356,1,8,2023,2025-12-05 23:56:00,5,94,94073,1,1,2,2,A86,48.77246663,2.3972476
202300027357,14,3,2023,2025-12-05 19:55:00,3,974,97409,1,1,1,6,Bras Des Chevrettes (Chemin),-20.9673,55.64206
202300027358,10,3,2023,2025-12-05 13:15:00,1,974,97409,2,1,3,6,Rn2 Sens Ste Suzanne St Benoit,-20.94454,55.64996
202300027359,24,1,2023,2025-12-05 13:30:00,1,974,97409,1,1,2,6,Rn2 Direction St Bent Sortie Petit Bazar,-20.9437,55.6492
202300027360,2,8,2023,2025-12-05 09:50:00,1,58,58194,2,3,8,6,Henri Bouquillard,46.99488,3.13337
202300027361,1,6,2023,2025-12-05 18:00:00,2,973,97302,2,1,1,7,Baduel (Route De),4.93175,-52.30727
202300027362,2,4,2023,2025-12-05 23:45:00,3,5,5061,1,1,1,7,Rd 14,44.60970778,6.14024162
202300027363,2,8,2023,2025-12-05 22:30:00,5,974,97411,2,1,1,6,Jaures (Boulevard Jean),-20.89497,55.47229
202300027364,1,8,2023,2025-12-05 18:20:00,5,974,97411,2,1,1,1,Bancoul (Chemin),-20.90738,55.479
202300027365,2,8,2023,2025-12-05 13:25:00,1,972,97213,2,1,1,2,Vieux Chemin Californie (Rue Du),14.61952,-61.03205
202300027366,1,8,2023,2025-12-05 22:30:00,5,972,97213,1,6,1,2,Route Nationale 1,14.64694604,-60.97582698
202300027367,1,8,2023,2025-12-05 13:00:00,1,971,97107,2,1,1,1,Marquis De Bouillet ( Rue Du),16.0486,-61.56626
202300027368,2,8,2023,2025-12-05 19:45:00,1,2A,2A004,2,1,1,4,Campi Louis Bd,41.944,8.756
202300027369,1,8,2023,2025-12-05 15:55:00,1,95,95127,2,9,1,3,Petit Albi (Rue Du),49.05399,2.04454
202300027370,2,8,2023,2025-12-05 18:20:00,1,91,91191,2,1,6,3,Republique (Avenue De La),48.71939,2.45417
202300027371,28,7,2023,2025-12-05 08:15:00,1,78,78158,1,1,1,1,Route De Saint Germain Rd 186,48.832335,2.11254
202300027372,2,8,2023,2025-12-05 14:05:00,1,78,78172,2,7,1,6,Clement (Rue Desire),49.005032,2.11639
202300027373,1,8,2023,2025-12-05 15:45:00,1,77,77296,1,1,1,6,Av Philippe Bur,48.62733,2.59144
202300027374,2,8,2023,2025-12-05 18:45:00,1,76,76540,2,1,3,3,Avenue Olivier De Serres,49.44891,1.12014
202300027375,1,8,2023,2025-12-05 23:45:00,4,76,76341,1,1,3,7,Rd 6382,49.51346,0.19447
202300027376,1,8,2023,2025-12-05 21:00:00,2,76,76351,2,1,2,6,Henry Genestal,49.49581,0.10578
202300027377,2,8,2023,2025-12-05 09:15:00,1,72,72181,1,9,2,6,Patton General Rte St-Aubin A Av Rubilla,48.02907,0.17863
202300027378,2,8,2023,2025-12-05 00:35:00,5,72,72181,2,1,2,6,Cugnot Nicolas (Bd),47.99683,0.22298