num_acc,jour,mois,an,hrmn,lum,dep,com,agg,int,atm,col,adr,lat,long
202300027379,2,8,2023,2025-12-05 14:20:00,1,64,64122,2,1,1,3,Reine Victoria (Avenue De La),43.48529,-1.5528
202300027380,31,7,2023,2025-12-05 18:40:00,1,64,64122,2,3,1,6,Edouard Vii (Avenue),43.48415,-1.55767
202300027381,2,8,2023,2025-12-05 18:50:00,1,63,63113,2,2,1,4,Flaubert (Bd Gustave),45.76887,3.12412
202300027382,2,8,2023,2025-12-05 16:45:00,1,63,63113,2,1,1,2,Quinet (Bd Edgar),45.80005,3.11248
202300027383,11,7,2023,2025-12-05 17:30:00,1,59,59172,2,1,1,7,Rue Pierre Beriot,50.324733,3.373857
202300027384,2,8,2023,2025-12-05 15:20:00,1,56,56098,2,6,6,2,Peri (Rue Gabriel),47.76064,-3.35383
202300027385,2,8,2023,2025-12-05 14:55:00,1,51,51454,2,2,1,3,Witry (Route De),49.265066,4.060192
202300027386,29,7,2023,2025-12-05 14:50:00,1,49,49328,2,2,1,3,Amy (Rue Robert),47.24687,-0.07611
202300027387,1,8,2023,2025-12-05 14:55:00,1,45,45302,2,1,1,6,425 Rue Du 8 Mai 1945,47.932383,1.888987
202300027388,17,4,2023,2025-12-05 13:25:00,1,69,69383,2,2,1,1,Rue Paul Bert,45.75709,4.8587
202300027389,2,8,2023,2025-12-05 11:15:00,1,38,38318,2,1,1,2,Lucien Magnat(Montee),45.53036,4.90371
202300027390,17,4,2023,2025-12-05 09:20:00,1,972,97209,1,1,1,2,Autoroute A1,14.61805,-61.03931
202300027391,2,8,2023,2025-12-05 18:15:00,1,35,35238,2,2,8,3,Monts D'Arree (Avenue Des),48.13516,-1.65967
202300027392,17,4,2023,2025-12-05 14:35:00,1,2B,2B037,2,1,1,1,Toutes Rues,42.59163,9.43243
202300027393,17,4,2023,2025-12-05 07:20:00,1,971,97101,1,3,1,3,Petit Perou,16.25155,-61.51619
202300027394,2,8,2023,2025-12-05 14:30:00,1,35,35238,2,2,8,3,Rochester (Avenue De),48.12845,-1.66429
202300027395,17,4,2023,2025-12-05 01:30:00,5,971,97101,1,1,1,3,Rn1-  Hauteur De Sortie Lauricisque,16.25377,-61.5496
202300027396,2,8,2023,2025-12-05 14:50:00,1,35,35238,2,1,8,4,Saint-Brieuc (De),48.11697757,-1.71071827
202300027397,15,4,2023,2025-12-05 05:26:00,2,971,97101,1,1,1,2,Grand Camp(Section),16.25391,-61.53921
202300027398,17,4,2023,2025-12-05 08:00:00,1,2A,2A004,2,6,1,3,Sebastianu Costa Bd,41.94112,8.7458
202300027399,2,8,2023,2025-12-05 10:04:00,1,34,34108,2,1,1,2,Muscat (Avenue Du),43.44427,3.75027
202300027400,17,4,2023,2025-12-05 07:20:00,2,95,95277,1,9,1,2,D317,48.9811,2.4672
202300027401,17,4,2023,2025-12-05 11:50:00,1,95,95018,2,1,1,3,D909,48.95621,2.25596
202300027402,15,4,2023,2025-12-05 22:40:00,5,87,87085,2,3,1,2,Dumas (Avenue Georges),45.82701,1.26193
202300027403,1,8,2023,2025-12-05 18:30:00,1,34,34003,2,3,1,3,Egalite (F13 A H14,43.30757,3.4742
202300027404,15,4,2023,2025-12-05 09:09:00,1,87,87085,2,2,2,7,Europe (Carrefour De L'),45.86175,1.27495
202300027405,14,4,2023,2025-12-05 13:15:00,1,87,87085,2,3,1,3,Armand (Rue Louis-),45.86916,1.26826
202300027406,1,8,2023,2025-12-05 11:00:00,1,33,33032,2,1,1,6,Rue Du Marechal Foch,44.90193838,-0.50672561
202300027407,17,4,2023,2025-12-05 19:20:00,1,78,78502,2,1,1,3,Simon Vouet (Avenue),48.87886,2.11237
202300027408,2,8,2023,2025-12-05 18:15:00,1,29,29039,2,3,8,6,Rue De Tregunc,47.87192175,-3.90679445
202300027409,17,4,2023,2025-12-05 16:45:00,1,76,76540,2,1,1,3,Rue D'Elbeuf,49.42643,1.08308
202300027410,15,4,2023,2025-12-05 15:00:00,1,76,76351,2,1,1,6,George V (Quai),49.49113,0.1149
202300027411,25,2,2023,2025-12-05 13:50:00,1,73,73065,2,6,1,2,Stade (Place Du),45.57238253,5.9103916
202300027412,17,4,2023,2025-12-05 17:50:00,1,72,72095,2,3,1,3,Rome (Av De),48.023469,0.205696
202300027413,17,4,2023,2025-12-05 11:15:00,1,71,71306,2,1,1,2,Macon (Rue De),46.67267022,4.37704736
202300027414,14,4,2023,2025-12-05 14:25:00,1,67,67482,2,3,1,3,Faubourg De Pierre (Rue Du),48.58656,7.74672
202300027415,16,4,2023,2025-12-05 22:22:00,3,65,65100,2,1,1,6,Avenue Du Bois Du Commandeur,43.258785,0.045119
202300027416,14,4,2023,2025-12-05 18:10:00,1,64,64445,2,2,1,1,Honore Baradat,43.30537,-0.36083
202300027417,16,4,2023,2025-12-05 18:30:00,1,64,64102,2,6,1,3,Jorlis (Rond Point De),43.49837,-1.49371
202300027418,16,4,2023,2025-12-05 14:05:00,1,64,64102,2,1,1,1,Lachepaillet (Rue Des Remparts),43.49058,-1.47895
202300027419,14,4,2023,2025-12-05 16:30:00,1,63,63193,2,3,1,3,Rue De La Piscine/ Rue De Durtol,45.77662,3.1925
202300027420,16,4,2023,2025-12-05 03:42:00,5,63,63113,2,2,1,3,Jaures / Coubertin,45.76790337,3.08405489
202300027421,10,4,2023,2025-12-05 00:14:00,3,59,59350,2,1,1,6,Faubourg D'Arras Rue,50.60835,3.05975
202300027422,17,4,2023,2025-12-05 06:40:00,2,59,59560,1,1,1,3,Bouvry Roger Rue,50.53674,3.01743
202300027423,17,4,2023,2025-12-05 17:15:00,1,54,54395,2,3,1,6,Rue Isabey,48.69037,6.17287
202300027424,17,4,2023,2025-12-05 22:05:00,3,54,54575,1,1,1,2,Rd17,49.472478,5.804119
202300027425,15,4,2023,2025-12-05 14:35:00,1,50,50129,1,1,1,2,Val Canu (Rue Du),49.64145,-1.53715
202300027426,17,4,2023,2025-12-05 09:20:00,1,45,45232,2,1,1,3,600 Avenue De Verdun,47.868526,1.911222
202300027427,16,4,2023,2025-12-05 18:55:00,1,45,45208,2,1,1,7,2 Boulevard Des Belles Manieres,47.9948,2.73284
202300027428,17,4,2023,2025-12-05 19:50:00,2,43,43157,2,1,2,2,Rue Salvador Allende,45.02348,3.88166
202300027429,17,4,2023,2025-12-05 14:40:00,1,37,37214,2,4,1,2,Portillon (Quai),47.40049,0.6785
202300027430,17,4,2023,2025-12-05 07:00:00,2,35,35281,2,1,1,3,Haie-Des-Cognets (Boul De La),48.08193,-1.73417
202300027431,31,7,2023,2025-12-05 11:10:00,1,12,12202,2,1,7,6,Bourran (Avenue De),44.36371,2.55288
202300027432,2,8,2023,2025-12-05 20:00:00,1,6,6088,2,1,1,1,Cimiez (Bd) A Partir Du 16-17,43.707993,7.271259
202300027433,17,4,2023,2025-12-05 10:35:00,1,35,35150,1,6,1,3,Rn12,48.35161716,-1.23020858
202300027434,2,8,2023,2025-12-05 12:15:00,1,3,3190,2,1,1,6,Route De Lyon,46.54458,3.34209
202300027435,17,4,2023,2025-12-05 23:15:00,5,33,33063,2,1,1,1,Quai De Bacalan,44.8611,-0.55236
202300027436,2,8,2023,2025-12-05 11:15:00,1,75,75112,2,4,8,6,Boulevard Peripherique Interieur Sud,48.827758,2.393245
202300027437,1,8,2023,2025-12-05 09:00:00,1,75,75118,2,1,1,3,Porte De Clignancourt,48.901041,2.350764
202300027438,17,4,2023,2025-12-05 22:15:00,5,33,33069,2,2,1,3,Rue Raymond Poincare,44.86243,-0.59011
202300027439,2,8,2023,2025-12-05 14:00:00,1,75,75120,2,1,1,3,Rue Pelleport,48.869799,2.400075
202300027440,17,4,2023,2025-12-05 19:00:00,1,31,31555,1,1,1,3,Av De Lattre De Tassigny,43.57219,1.43843
202300027441,2,8,2023,2025-12-05 09:20:00,1,75,75119,2,2,1,6,Avenue De Flandre,48.888389,2.374138
202300027442,17,4,2023,2025-12-05 12:40:00,1,31,31555,2,1,1,3,Sang De Serp (Che Du) Du 3Au 200,43.61902,1.42579
202300027443,2,8,2023,2025-12-05 18:46:00,1,75,75107,2,3,6,6,Boulevard Raspail,48.85174311,2.32676804
202300027444,16,4,2023,2025-12-05 20:12:00,1,31,31555,2,3,1,3,Av De Lardenne,43.58986934,1.36968613
202300027445,2,8,2023,2025-12-05 16:00:00,1,75,75112,2,2,1,2,Pont D Austerlitz,48.845649,2.367218
202300027446,17,4,2023,2025-12-05 09:45:00,1,30,30007,2,1,1,6,Blanc (Bd Louis),44.12642,4.07981
202300027447,2,8,2023,2025-12-05 15:10:00,1,75,75111,2,2,1,6,Rue De La Roquette,48.85934,2.386835
202300027448,15,4,2023,2025-12-05 19:36:00,1,29,29019,2,1,1,6,Rue Amiral Grivel,48.383458,-4.530894
202300027449,13,4,2023,2025-12-05 10:45:00,1,22,22113,2,1,1,2,Resistance (Avenue De La),48.7445,-3.46228
202300027450,2,8,2023,2025-12-05 14:29:00,1,75,75111,2,7,1,2,Boulevard Richard Lenoir,48.853485,2.369609
202300027451,9,4,2023,2025-12-05 21:50:00,5,19,19031,2,3,1,3,Marbeau (Boulevard Du Docteur),45.15468,1.52864
202300027452,2,8,2023,2025-12-05 17:10:00,1,75,75115,2,2,1,3,Rue De La Convention,48.835496,2.302387
202300027453,16,4,2023,2025-12-05 11:00:00,1,13,13117,2,9,1,3,Chemin Departemental Cd 20,43.4539,5.23187
202300027454,2,8,2023,2025-12-05 19:15:00,1,75,75104,2,2,1,7,Pont Au Change,48.857239,2.347114
202300027455,17,4,2023,2025-12-05 08:00:00,1,13,13205,2,3,1,6,Alger (Rue D'),43.28933,5.3905
202300027456,2,8,2023,2025-12-05 15:15:00,1,75,75102,2,2,1,3,Rue De Gramont,48.869541,2.336791
202300027457,17,4,2023,2025-12-05 14:40:00,1,13,13005,2,1,1,2,Rn 8,43.28546,5.59005
202300027458,2,8,2023,2025-12-05 01:25:00,5,75,75109,2,2,3,3,Rue De La Tour D Auvergne,48.879241,2.343235
202300027459,17,4,2023,2025-12-05 16:52:00,1,10,10387,2,1,2,6,Boulevard Victor Hugo,48.29361,4.06882
202300027460,31,7,2023,2025-12-05 18:15:00,1,94,94068,2,2,2,2,Avenue Louis Blanc,48.792681,2.49746
202300027461,27,1,2023,2025-12-05 18:50:00,5,38,38185,2,2,4,3,Berriat (Cours)             1 A 55-72,45.18788,5.72162
202300027462,2,8,2023,2025-12-05 03:05:00,5,94,94021,2,3,3,3,Boulevard Circulaire Est,48.76371,2.35708
202300027463,26,1,2023,2025-12-05 20:15:00,5,38,38185,2,9,1,3,Rond-Point Pierre Et Marie Curie,45.16029,5.71962
202300027464,1,8,2023,2025-12-05 21:55:00,5,93,93064,2,1,2,6,Avenue Du General De Gaulle,48.88126,2.4766
202300027465,24,1,2023,2025-12-05 16:10:00,1,75,75104,2,2,8,7,Rue Saint Antoine,48.853417,2.367151
202300027466,2,8,2023,2025-12-05 05:50:00,2,93,93008,2,1,2,2,Rue De Paris,48.898988,2.443948
202300027467,24,1,2023,2025-12-05 19:15:00,5,38,38185,2,3,1,1,Avenue Jean Perrot,45.17858,5.73599
202300027468,23,1,2023,2025-12-05 18:00:00,5,75,75112,2,4,1,6,Quai De La Rapee,48.846484,2.366884
202300027469,2,8,2023,2025-12-05 17:53:00,1,92,92072,2,9,8,7,Bruyeres (Carrefour Des),48.81265,2.21459
202300027470,24,1,2023,2025-12-05 11:00:00,1,94,94080,2,1,1,6,Rue Raymond Du Temple,48.845323,2.438206
202300027471,24,1,2023,2025-12-05 14:10:00,1,38,38421,2,1,1,6,Avenue Gabriel Peri,45.18466,5.76788
202300027472,2,8,2023,2025-12-05 14:30:00,1,92,92035,2,1,1,6,National ( Boulevard ),48.9075,2.23817
202300027473,24,1,2023,2025-12-05 13:00:00,1,94,94034,2,1,1,6,Allee Des Moissons,48.75338,2.32837
202300027474,23,1,2023,2025-12-05 01:13:00,5,38,38185,2,1,4,7,Avenue De L'Europe,45.1587,5.73173
202300027475,24,1,2023,2025-12-05 09:00:00,1,94,94033,2,1,1,3,Avenue Parmentier,48.853476,2.452191
202300027476,2,8,2023,2025-12-05 17:45:00,1,92,92002,2,1,1,2,General De Gaulle (Avenue Du),48.76204086,2.30143771
202300027477,23,1,2023,2025-12-05 19:00:00,5,94,94017,2,1,1,6,Avenue Francois Mitterrand,48.815647,2.514366
202300027478,24,1,2023,2025-12-05 12:53:00,1,93,93066,2,1,8,6,Avenue Du President Wilson,48.916964,2.357962
202300027479,1,8,2023,2025-12-05 23:49:00,5,92,92002,2,1,2,4,Division Leclerc (1 A 29 -2 A 34),48.75236,2.30463
202300027480,24,1,2023,2025-12-05 08:10:00,1,93,93064,2,1,8,6,Rue Des Chardons,48.869983,2.496843
202300027481,16,4,2023,2025-12-05 20:50:00,2,75,75113,2,1,1,2,Porte D Italie,48.816707,2.365107
202300027482,2,8,2023,2025-12-05 19:10:00,1,65,65441,1,1,1,7,D924,42.965326,0.599216
202300027483,24,1,2023,2025-12-05 15:10:00,1,93,93055,2,1,1,2,Rue Cartier Bresson,48.902397,2.39938
202300027484,3,8,2023,2025-12-05 10:00:00,1,80,80779,1,9,2,6,A16 Pk 167+500,50.104432,1.889467
202300027485,16,4,2023,2025-12-05 18:55:00,1,75,75117,2,1,1,1,Bd Peripherique Interieur,48.895562,2.307691
202300027486,24,1,2023,2025-12-05 16:05:00,1,93,93051,2,1,1,6,71 Rue Du Docteur Sureau,48.843889,2.550665
202300027487,3,8,2023,2025-12-05 11:45:00,1,41,41194,2,2,2,6,11 Rue Du President Wilson,47.354617,1.742594
202300027488,17,4,2023,2025-12-05 10:10:00,1,75,75109,2,3,1,6,Boulevard De Clichy,48.883423,2.334292
202300027489,24,1,2023,2025-12-05 13:40:00,1,93,93074,2,1,1,2,Rue De Sevran,48.93401458,2.56148547
202300027490,2,8,2023,2025-12-05 19:45:00,1,31,31567,1,1,1,3,Le Pin,43.59413,1.662927
202300027491,24,1,2023,2025-12-05 13:03:00,1,92,92064,2,1,1,3,Dailly,48.844421,2.220405
202300027492,16,4,2023,2025-12-05 23:10:00,5,75,75119,2,1,1,1,Avenue Secretan,48.88217,2.371121
202300027493,24,1,2023,2025-12-05 18:30:00,2,92,92051,2,1,1,6,Parmentier (Rue),48.88296,2.28077
202300027494,17,4,2023,2025-12-05 18:38:00,1,75,75116,2,1,1,2,Allee De Longchamp,48.870661,2.259376
202300027495,24,1,2023,2025-12-05 11:10:00,1,92,92020,2,1,1,7,Garros Rue Rolland,48.809847,2.285312
202300027496,31,7,2023,2025-12-05 16:30:00,1,64,64288,2,1,1,3,Rue De L'Aulouzette,43.387601,-0.550765
202300027497,24,1,2023,2025-12-05 07:50:00,2,92,92048,2,1,1,6,Mal De Lattre De Tassigny (Avenue),48.78638907,2.23015666
202300027498,17,4,2023,2025-12-05 17:30:00,1,75,75115,2,2,1,6,Quai D Issy Les Moulineaux,48.838594,2.269777
202300027499,1,8,2023,2025-12-05 20:40:00,1,22,22093,1,1,3,7,Rn12,48.47081,-2.55418
202300027500,24,1,2023,2025-12-05 19:45:00,5,92,92040,2,3,1,6,Bara,48.83359074,2.26712376
202300027501,3,8,2023,2025-12-05 00:15:00,3,2A,2A006,1,1,1,3,D81,41.960814,8.780222
202300027502,24,1,2023,2025-12-05 18:07:00,5,92,92025,2,9,1,6,Champarons   (Petite Rue) (Rue Des),48.925566,2.260799
202300027503,17,4,2023,2025-12-05 13:45:00,1,75,75115,2,2,1,6,Place Charles Michels,48.846761,2.285648
202300027504,18,1,2023,2025-12-05 20:45:00,5,92,92012,2,1,1,7,Victor Griffuelhes (Rue) - Cote Impair,48.830857,2.242276
202300027505,3,8,2023,2025-12-05 08:10:00,1,2B,2B346,1,1,1,1,Lieu Dit Paduloni,42.526709,9.473455
202300027506,16,4,2023,2025-12-05 03:55:00,5,75,75114,2,1,1,6,Boulevard Jourdan,48.821294,2.334344
202300027507,23,1,2023,2025-12-05 20:28:00,5,92,92004,2,1,1,2,Argenteuil Ndeg 176 A 388,48.92666661,2.27349052
202300027508,3,8,2023,2025-12-05 10:10:00,1,80,80554,1,1,2,7,D211,49.888828,2.038136
202300027509,2,8,2023,2025-12-05 09:45:00,1,65,65258,2,3,1,6,309 Rue Thiers,43.122291,0.383475
202300027510,24,1,2023,2025-12-05 15:20:00,1,974,97415,1,1,3,5,Route Nationale 1,-20.968252,55.29891
202300027511,14,4,2023,2025-12-05 13:50:00,1,75,75110,2,2,2,6,Rue Du Faubourg Saint Martin,48.881107,2.365174
202300027512,25,1,2023,2025-12-05 07:35:00,5,95,95205,2,1,1,3,D370,49.020433,2.378178
202300027513,25,6,2023,2025-12-05 20:50:00,1,33,33108,2,1,1,3,Avenue Camille Maumey,44.85439,-0.051332
202300027514,1,8,2023,2025-12-05 19:00:00,1,61,61474,1,1,2,6,D916,48.790184,-0.001802
202300027515,17,4,2023,2025-12-05 11:00:00,1,75,75102,2,2,1,6,Rue Etienne Marcel,48.86529,2.343077
202300027516,24,1,2023,2025-12-05 11:30:00,1,71,71047,2,1,1,2,Avenue Emile Et Claude Puzenat,46.626335,3.748934
202300027517,24,1,2023,2025-12-05 14:25:00,1,31,31271,1,3,1,3,Lieu Dit En Curse,43.544357,1.63324
202300027518,3,8,2023,2025-12-05 18:30:00,1,42,42052,2,2,1,3,Route De Fleury,46.163667,4.167214
202300027519,17,4,2023,2025-12-05 15:35:00,1,94,94078,2,1,1,3,Avenue Du 8 Mai 1945,48.72578,2.44458
202300027520,21,1,2023,2025-12-05 10:20:00,1,1,1173,2,2,1,6,Rue De Geneve,46.331841,6.05745
202300027521,19,7,2023,2025-12-05 17:15:00,1,42,42177,2,2,7,6,Rue Sainte Anne,46.14291381,4.10843264
202300027522,31,7,2023,2025-12-05 17:30:00,1,41,41179,1,1,1,7,D87,48.066931,1.08785
202300027523,17,4,2023,2025-12-05 20:45:00,2,94,94052,2,1,1,3,Rue Jacques Kable,48.835652,2.492523
202300027524,25,1,2023,2025-12-05 13:40:00,1,83,83091,1,3,1,5,D14,43.23437,6.212034
202300027525,3,8,2023,2025-12-05 07:00:00,1,34,34031,1,1,1,1,D13,43.346731,3.438442
202300027526,16,4,2023,2025-12-05 12:20:00,1,94,94046,2,1,1,3,Rue Eugene Renault,48.814963,2.417565
202300027527,24,1,2023,2025-12-05 18:15:00,5,84,84038,2,2,1,3,Grand Rue,43.801584,5.065738
202300027528,26,7,2023,2025-12-05 20:10:00,1,44,44213,1,2,7,1,Les Quatre Vents (Varades),47.442409,-1.032865
202300027529,16,4,2023,2025-12-05 14:10:00,1,94,94017,2,1,1,6,Allee Louis Jouvet,48.82594,2.51443
202300027530,12,1,2023,2025-12-05 06:29:00,3,37,37170,1,1,2,6,A28,47.57648711,0.57882071
202300027531,16,4,2023,2025-12-05 05:50:00,3,93,93073,2,1,1,6,Aeroport Charles De Gaulle,49.00361,2.56497
202300027532,3,8,2023,2025-12-05 14:10:00,1,2,2126,1,1,2,6,Adresse_Inconnue,49.761877,4.181564
202300027533,25,1,2023,2025-12-05 08:50:00,1,89,89195,1,1,1,3,D1060,48.166407,3.267896
202300027534,17,4,2023,2025-12-05 08:00:00,1,93,93049,2,1,1,3,Rue Paul Vaillant-Couturier,48.86162464,2.50359444
202300027535,3,8,2023,2025-12-05 12:10:00,1,2,2359,1,1,3,2,D1,49.800266,3.285223
202300027536,25,1,2023,2025-12-05 08:40:00,1,51,51287,1,1,2,6,D951,49.085869,3.962363
202300027537,3,8,2023,2025-12-05 17:50:00,1,54,54072,1,1,2,6,Rd 40,48.853668,6.09635
202300027538,17,4,2023,2025-12-05 09:00:00,1,93,93055,2,2,8,1,Rue Courtois / Rue Jacquart,48.89157,2.41661
202300027539,24,1,2023,2025-12-05 07:10:00,5,59,59669,2,2,8,3,1235 Route De Watten,50.80663032,2.43986959
202300027540,1,8,2023,2025-12-05 13:45:00,1,72,72230,1,9,1,2,La Chenaie,47.855013,0.100121
202300027541,25,1,2023,2025-12-05 20:36:00,3,74,74312,1,1,1,6,D1205,46.067626,6.503466
202300027542,16,4,2023,2025-12-05 21:05:00,5,93,93008,2,1,1,3,Avenue De La Division Leclerc,48.90917,2.41812
202300027543,3,8,2023,2025-12-05 07:00:00,2,50,50615,2,2,2,6,Rue Des Religieuses,49.507836,-1.468708
202300027544,20,1,2023,2025-12-05 16:24:00,1,76,76302,2,1,1,6,Rue Jean Prevost,49.649031,0.364619
202300027545,2,8,2023,2025-12-05 17:30:00,1,64,64191,1,1,1,1,Chemin Des Arribets,43.177323,-0.221823
202300027546,18,1,2023,2025-12-05 12:25:00,1,79,79002,1,1,1,1,Adresse_Inconnue,46.694469,-0.30262
202300027547,2,8,2023,2025-12-05 18:50:00,1,10,10372,1,1,6,7,Domaine Saint Victor,48.37078257,4.70991692
202300027548,24,1,2023,2025-12-05 23:30:00,3,79,79238,1,1,1,7,Adresse_Inconnue,46.914699,-0.467972
202300027549,16,4,2023,2025-12-05 22:30:00,5,93,93001,2,1,1,6,83 Avenue Victor Hugo,48.90532942,2.37426889
202300027550,2,8,2023,2025-12-05 17:20:00,1,16,16190,2,1,2,3,Chemin Des Moulins,46.00614827,-0.01335114
202300027551,21,1,2023,2025-12-05 15:45:00,1,71,71346,2,6,8,2,D985,46.612155,4.220367
202300027552,25,7,2023,2025-12-05 10:00:00,1,16,16106,2,1,1,2,Avenue De La Liberation,46.013229,0.667828
202300027553,2,8,2023,2025-12-05 13:20:00,1,40,40268,1,3,1,3,Chemin De Pebielh,43.514273,-1.285357
202300027554,17,4,2023,2025-12-05 18:10:00,1,92,92063,2,9,1,4,Bretelle A86,48.88744987,2.16726637
202300027555,24,1,2023,2025-12-05 18:50:00,5,47,47004,1,1,1,1,D813,44.30533179,0.3420045
202300027556,3,8,2023,2025-12-05 08:45:00,1,17,17218,1,1,1,2,D938Ter,46.323423,-0.988737
202300027557,24,1,2023,2025-12-05 18:40:00,3,86,86148,1,1,1,2,D741,46.419655,0.382928
202300027558,16,4,2023,2025-12-05 17:45:00,1,92,92048,1,9,1,6,Etang De Trivaux (Route De L'),48.7952,2.23327
202300027559,3,8,2023,2025-12-05 16:50:00,1,38,38527,2,1,1,7,Route Du Col Du Sabot,45.162742,6.086115
202300027560,24,1,2023,2025-12-05 20:50:00,5,39,39485,2,1,1,6,Rue Des Ecoles,46.39411,5.452508
202300027561,17,4,2023,2025-12-05 09:10:00,1,92,92036,2,2,1,6,Pierre De Coubertin (Boulevard) (G.Sand,48.92617735,2.28482299
202300027562,24,1,2023,2025-12-05 19:35:00,5,25,25578,2,1,1,6,Rue De La Gare,47.149432,6.343261
202300027563,2,8,2023,2025-12-05 22:10:00,3,69,69077,1,1,1,2,Autoroute 6,46.147744,4.769762
202300027564,2,8,2023,2025-12-05 19:15:00,5,987,98725,2,1,1,2,"Rt2 Pk 9.500, Station Shell",-17.50666,-149.493091
202300027565,16,1,2023,2025-12-05 08:40:00,1,35,35069,1,1,3,4,D92,48.04881,-1.514268
202300027566,17,4,2023,2025-12-05 19:46:00,1,92,92026,2,3,1,1,Saint Denis Bd (120 A 174 / 199 A 315),48.89636743,2.2584815
202300027567,1,8,2023,2025-12-05 22:00:00,5,973,97312,2,2,1,3,Rue De L'Aigle,5.378816,-52.958382
202300027568,24,1,2023,2025-12-05 17:15:00,1,29,29249,1,1,1,1,Menez Rouz,48.151249,-3.803802
202300027569,17,4,2023,2025-12-05 10:10:00,1,92,92025,2,1,8,6,Champarons   (Petite Rue) (Rue Des),48.92753,2.26625
202300027570,18,1,2023,2025-12-05 07:20:00,2,29,29245,1,1,4,1,Pen Ar Forest,48.460924,-4.35212
202300027571,30,7,2023,2025-12-05 20:10:00,1,30,30155,2,8,1,1,Avenue Pierre Mendes France,43.826319,4.479498
202300027572,24,1,2023,2025-12-05 17:20:00,1,31,31033,2,1,1,3,18 Avenue D'Hermannsburg,43.355333,1.463862
202300027573,17,4,2023,2025-12-05 20:55:00,2,92,92012,2,1,1,6,Edouard Vaillant (Avenue) 57/Fin - 58/Fi,48.83392,2.24479
202300027574,1,8,2023,2025-12-05 12:41:00,1,11,11361,1,1,1,6,Adresse_Inconnue,43.322134,2.01612
202300027575,24,1,2023,2025-12-05 08:10:00,2,2,2827,1,1,1,2,Adresse_Inconnue,49.715823,3.734096
202300027576,29,7,2023,2025-12-05 15:15:00,1,34,34154,1,3,1,3,D112,43.627347,4.000538
202300027577,25,1,2023,2025-12-05 19:40:00,5,70,70205,2,1,1,1,Grande Rue,47.658537,6.735263
202300027578,17,4,2023,2025-12-05 17:30:00,1,92,92012,2,1,1,4,General Leclerc (Avenue Du) 35/Fin - 60/,48.83103,2.2349
202300027579,24,1,2023,2025-12-05 11:30:00,1,72,72054,1,1,1,3,Route De Paris,48.012865,0.317863
202300027580,2,8,2023,2025-12-05 23:53:00,3,34,34176,1,1,1,1,D24,43.635143,4.048097
202300027581,17,4,2023,2025-12-05 08:00:00,1,92,92004,2,1,1,6,Parfumerie ( Rue De La ),48.91365,2.29897
202300027582,20,1,2023,2025-12-05 07:45:00,2,14,14475,2,1,1,7,2 Rue Du Douet Patra,49.10455606,-0.55296958
202300027583,2,8,2023,2025-12-05 13:10:00,1,68,68372,2,1,1,2,27 Rue De La Grande Armee,47.842676,7.071596
202300027584,17,4,2023,2025-12-05 20:25:00,2,92,92004,2,1,1,6,Argenteuil Av D',48.91176,2.28514
202300027585,17,1,2023,2025-12-05 01:15:00,3,14,14143,2,2,1,3,D9,49.087794,-0.817945
202300027586,29,7,2023,2025-12-05 00:55:00,1,73,73197,1,1,1,7,Chemin Des Vernettes,45.540353,6.773608
202300027587,18,4,2023,2025-12-05 09:10:00,1,49,49063,2,6,1,3,Avenue Jean Robin,47.348553,-0.76216
202300027588,3,8,2023,2025-12-05 06:25:00,2,26,26004,1,3,1,7,Route De La Correspondance,44.984237,4.981179
202300027589,25,1,2023,2025-12-05 18:00:00,3,60,60485,1,2,9,1,D930,49.612823,2.170873
202300027590,18,4,2023,2025-12-05 03:50:00,4,41,41067,2,1,1,7,Route De Romorantin,47.500901,1.465145
202300027591,2,8,2023,2025-12-05 17:30:00,1,7,7262,1,1,1,6,Chm,44.606647,3.972164
202300027592,23,1,2023,2025-12-05 18:20:00,5,16,16028,2,1,1,3,Rue De La Republique,45.467166,-0.15957
202300027593,3,8,2023,2025-12-05 03:00:00,3,7,7026,1,4,1,7,Grand Mas Neuf,44.854507,4.1085
202300027594,17,4,2023,2025-12-05 20:30:00,2,76,76235,1,1,1,1,D920,49.900205,1.246583
202300027595,25,1,2023,2025-12-05 13:15:00,1,4,4163,1,3,1,1,D950,44.081959,5.543032
202300027596,2,8,2023,2025-12-05 20:30:00,2,7,7145,1,3,1,3,Route De Lavilledieu,44.605765,4.46951
202300027597,18,4,2023,2025-12-05 09:00:00,1,31,31044,2,1,1,6,Avenue Des Aerostiers,43.608994,1.489275
202300027598,20,7,2023,2025-12-05 17:30:00,1,72,72025,2,9,1,3,1 Rue Du Patis Saint Germain,47.676903,-0.15972
202300027599,18,4,2023,2025-12-05 15:30:00,1,51,51388,1,1,1,7,Voie Romaine,49.12697732,4.34858233
202300027600,2,8,2023,2025-12-05 15:00:00,1,13,13056,1,1,1,7,A55-Sens Marseille Vers Martigues,43.40212,5.04272
202300027601,25,1,2023,2025-12-05 08:20:00,2,17,17210,1,2,1,5,D730 Lieu-Dit Les Vidailleres,45.438721,-0.673438
202300027602,17,4,2023,2025-12-05 18:15:00,1,62,62261,2,1,1,6,Boulevard Edmond Labrasse,50.481654,1.593844
202300027603,21,1,2023,2025-12-05 02:40:00,3,74,74150,2,1,1,2,D1206,46.266439,6.315894
202300027604,22,1,2023,2025-12-05 14:15:00,1,978,97801,2,1,1,3,Rte De La Savane,18.089866,-63.066024