num_acc,jour,mois,an,hrmn,lum,dep,com,agg,int,atm,col,adr,lat,long
202300027605,16,4,2023,2025-12-05 11:30:00,1,973,97311,2,2,1,6,Rue Kouset Albina,5.482501,-54.012708
202300027606,2,8,2023,2025-12-05 10:15:00,1,91,91434,1,1,1,4,Autoroute A6,48.66819,2.3549
202300027607,21,1,2023,2025-12-05 14:15:00,1,74,74010,2,1,9,7,2 Rue Du Champ De La Taillee,45.886864,6.101946
202300027608,2,8,2023,2025-12-05 02:53:00,3,91,91661,1,1,3,6,Autoroute A10,48.69036,2.22208
202300027609,17,4,2023,2025-12-05 18:30:00,1,76,76662,2,1,1,3,La Grande Rue,49.771041,0.891877
202300027610,25,1,2023,2025-12-05 04:43:00,3,38,38530,1,1,1,3,A43 Pk 27+500 Sens Lyon-Chambery,45.617625,5.190654
202300027611,2,8,2023,2025-12-05 12:07:00,1,92,92064,1,1,1,7,A13,48.84244656,2.2222865
202300027612,2,8,2023,2025-12-05 01:20:00,3,92,92072,1,1,3,6,N118,48.82338063,2.22201913
202300027613,24,1,2023,2025-12-05 17:06:00,1,77,77437,1,9,1,1,Rn 330,49.046195,2.792072
202300027614,2,8,2023,2025-12-05 11:40:00,1,95,95582,1,1,2,6,A115,48.975042,2.241486
202300027615,17,4,2023,2025-12-05 17:25:00,1,33,33484,2,3,1,3,Avenue Du 8 Mai,44.43083,-0.494862
202300027616,25,1,2023,2025-12-05 13:35:00,1,84,84034,1,1,1,1,Avenue Jean Moulin,43.890103,4.928039
202300027617,2,8,2023,2025-12-05 11:00:00,1,92,92036,1,1,1,3,Autoroute A86,48.93894463,2.30501249
202300027618,25,1,2023,2025-12-05 09:38:00,1,89,89442,1,1,1,6,A19,48.101426,3.137731
202300027619,18,4,2023,2025-12-05 06:39:00,2,71,71162,1,1,1,6,12 Route De Beaune,46.976622,4.406805
202300027620,2,8,2023,2025-12-05 10:25:00,1,93,93027,1,1,2,6,Autoroute A86,48.92706,2.40353
202300027621,17,4,2023,2025-12-05 18:47:00,2,71,71267,1,1,1,6,Route De Fleurville,46.475456,4.838657
202300027622,18,1,2023,2025-12-05 07:40:00,2,71,71150,2,3,4,3,Route Des Bergers,46.250283,4.783736
202300027623,31,7,2023,2025-12-05 17:20:00,1,95,95572,1,1,3,6,A15,49.03091846,2.12131619
202300027624,19,1,2023,2025-12-05 05:10:00,3,71,71525,1,1,4,1,N79,46.386535,4.664919
202300027625,4,5,2023,2025-12-05 18:30:00,1,32,32013,2,1,1,3,Huit Mai,43.663,0.593
202300027626,17,4,2023,2025-12-05 07:40:00,1,47,47093,1,1,1,1,D655,44.22247884,0.17831121
202300027627,18,1,2023,2025-12-05 18:00:00,3,55,55324,1,1,1,7,D643,49.456632,5.445099
202300027628,26,7,2023,2025-12-05 11:15:00,1,22,22113,2,1,1,6,Treguier (Rue De),48.73388,-3.44165
202300027629,20,1,2023,2025-12-05 19:00:00,5,17,17452,2,1,1,1,22 Boulevard Pasteur,45.770611,-1.142491
202300027630,18,4,2023,2025-12-05 20:43:00,3,47,47069,2,1,1,6,259 Route De Dangosse,44.215692,0.602566
202300027631,1,8,2023,2025-12-05 10:15:00,1,976,97611,2,9,1,6,Passamanty-Sada ( Rue De ),-12.799,45.2158
202300027632,17,4,2023,2025-12-05 20:30:00,2,39,39470,1,1,1,6,Adresse_Inconnue,46.48393,6.051514
202300027633,1,8,2023,2025-12-05 11:20:00,1,972,97213,2,1,1,2,Route Nationale 1,14.62687,-60.97857
202300027634,24,1,2023,2025-12-05 17:50:00,5,33,33096,2,6,1,6,Rue Du President Allende,44.88839465,-0.51677316
202300027635,17,4,2023,2025-12-05 10:30:00,1,44,44222,1,1,1,7,Rue Des Coteaux,47.453953,-1.152631
202300027636,24,1,2023,2025-12-05 17:25:00,1,85,85003,2,1,1,3,Rue De La Roche,46.737515,-1.601942
202300027637,1,8,2023,2025-12-05 15:02:00,1,971,97101,1,1,1,2,Rn11,16.27224785,-61.51575565
202300027638,20,1,2023,2025-12-05 08:35:00,1,35,35012,1,1,9,6,La Guillaumiere,47.815986,-1.627264
202300027639,16,4,2023,2025-12-05 06:00:00,5,29,29236,1,1,1,6,"Route De Moelan - Parking Discotheque ""Le Recif""",47.831729,-3.67681
202300027640,23,1,2023,2025-12-05 18:10:00,3,76,76657,1,1,1,3,Rd982,49.484566,0.357227
202300027641,1,8,2023,2025-12-05 19:00:00,1,91,91687,2,1,1,2,Meder (Boulevard),48.68278,2.38252
202300027642,17,4,2023,2025-12-05 17:35:00,1,29,29220,1,1,1,2,D785,47.880304,-4.222553
202300027643,16,4,2023,2025-12-05 09:15:00,1,3,3026,2,1,1,1,Rue De L'Eglise,46.469537,3.262886
202300027644,1,8,2023,2025-12-05 04:55:00,5,89,89387,2,3,2,3,Six Septembre 1914 (Rue Du),48.20714,3.27756
202300027645,20,1,2023,2025-12-05 17:20:00,2,2,2443,1,1,2,1,Adresse_Inconnue,49.043199,3.285255
202300027646,18,4,2023,2025-12-05 18:26:00,1,64,64535,1,1,1,2,D2,43.349883,-0.523288
202300027647,28,7,2023,2025-12-05 11:20:00,1,89,89346,1,1,3,6,D89 ( Direction Auxerre ),47.80002,3.5129
202300027648,23,1,2023,2025-12-05 18:20:00,3,69,69278,1,1,1,4,Autoroute 46,45.90548,4.83255
202300027649,24,1,2023,2025-12-05 09:16:00,1,33,33075,1,1,1,2,Rocade A 630,44.88334596,-0.62261045
202300027650,31,7,2023,2025-12-05 12:10:00,1,83,83144,2,1,1,6,Cezanne (Rue Paul),43.12949,5.98732
202300027651,16,4,2023,2025-12-05 17:27:00,1,10,10359,2,1,1,6,20 Rue Des Joncs,48.11435,3.99142
202300027652,15,4,2023,2025-12-05 09:00:00,1,7,7096,1,1,1,6,D230 Route De Charensol,44.824465,4.567909
202300027653,1,8,2023,2025-12-05 20:08:00,1,81,81004,2,1,1,6,Sibille (Bd General),43.9258946,2.1442657
202300027654,24,1,2023,2025-12-05 20:25:00,3,91,91521,1,1,1,3,Autoroute A6,48.63426,2.40328
202300027655,8,4,2023,2025-12-05 17:29:00,1,53,53185,1,1,1,1,D144,48.446223,-0.183452
202300027656,31,7,2023,2025-12-05 23:30:00,5,78,78551,2,9,2,3,Fourqueux (Route De),48.89272,2.08286
202300027657,24,1,2023,2025-12-05 18:40:00,3,92,92078,1,1,1,3,Autoroute A86,48.92889155,2.33055607
202300027658,18,4,2023,2025-12-05 05:50:00,3,4,4145,1,1,1,6,D4085,44.138351,5.96865
202300027659,31,7,2023,2025-12-05 18:30:00,1,76,76351,2,1,3,7,Jules Durand (Bd),49.48987242,0.15668526
202300027660,23,1,2023,2025-12-05 18:20:00,3,95,95252,1,1,1,4,A15,48.97949903,2.2278563
202300027661,18,4,2023,2025-12-05 17:12:00,1,85,85147,1,3,7,1,Rd2752,46.724822,-0.803429
202300027662,23,1,2023,2025-12-05 18:30:00,3,95,95582,1,1,1,3,A15,48.96395155,2.26313134
202300027663,1,8,2023,2025-12-05 17:25:00,1,69,69266,2,4,1,3,Rue Du Souvenir Francais,45.76259,4.90905
202300027664,15,4,2023,2025-12-05 01:00:00,3,28,28263,2,9,2,7,Route Du Petit Sault,48.724751,1.017263
202300027665,23,1,2023,2025-12-05 07:30:00,2,95,95582,1,1,1,2,A15,48.96682579,2.25512844
202300027666,1,8,2023,2025-12-05 16:50:00,1,69,69259,2,1,1,1,Rue Des Combats Du 24 Aout 1944,45.70438,4.89169
202300027667,18,4,2023,2025-12-05 01:35:00,3,30,30062,1,6,1,6,D40,43.7821,4.205
202300027668,23,1,2023,2025-12-05 08:00:00,1,94,94052,1,1,2,7,A86,48.83180524,2.49163099
202300027669,17,4,2023,2025-12-05 03:15:00,3,30,30284,1,1,1,6,Adresse_Inconnue,44.153221,4.058483
202300027670,23,1,2023,2025-12-05 18:00:00,5,94,94046,2,1,1,6,Republique (Av De La),48.805989,2.441635
202300027671,31,7,2023,2025-12-05 09:07:00,1,66,66136,2,3,1,3,Adresse_Inconnue,42.70046,2.89369
202300027672,17,4,2023,2025-12-05 10:00:00,1,49,49125,1,1,1,2,D960,47.177929,-0.330491
202300027673,20,1,2023,2025-12-05 20:05:00,5,33,33281,2,2,1,1,Avenue De Magudas,44.85617,-0.6463
202300027674,1,8,2023,2025-12-05 13:05:00,1,64,64545,1,1,8,6,Bretelle De Socoa Rd 913 (Bretelle),43.380022,-1.689256
202300027675,3,1,2023,2025-12-05 11:30:00,1,55,55029,2,1,1,6,Bradfer ( Rue Ernest ),48.7691,5.17231
202300027676,18,4,2023,2025-12-05 09:36:00,1,67,67089,1,1,2,7,A4,48.774144,7.440925
202300027677,23,1,2023,2025-12-05 22:10:00,5,974,97411,1,1,2,3,Vinh-San (Bld 2 Du Prince),-20.88705,55.4405
202300027678,1,8,2023,2025-12-05 19:40:00,1,64,64445,2,3,1,3,Carrerot,43.29832,-0.36253
202300027679,18,4,2023,2025-12-05 06:35:00,3,11,11370,1,1,1,2,Adresse_Inconnue,43.233903,3.10664
202300027680,23,1,2023,2025-12-05 19:45:00,5,973,97302,2,2,1,3,Becker (Lieutenant),4.93832776,-52.32818931
202300027681,1,8,2023,2025-12-05 14:25:00,1,64,64445,2,1,1,2,Corps Franc Pommies Du,43.30685,-0.33454
202300027682,16,4,2023,2025-12-05 04:00:00,3,30,30169,1,1,1,6,A9,43.80114615,4.31269169
202300027683,23,1,2023,2025-12-05 17:20:00,2,69,69388,2,2,1,6,43 Boulevard Ambroise Pare,45.73701,4.88391
202300027684,16,4,2023,2025-12-05 09:00:00,1,974,97422,1,1,1,7,Route Forestiere,-21.201117,55.625603
202300027685,23,1,2023,2025-12-05 10:00:00,1,971,97101,1,9,1,6,Dothemare,16.2712969,-61.51143193
202300027686,1,8,2023,2025-12-05 10:26:00,1,64,64024,2,1,2,1,Primeveres (Rue Des),43.4856,-1.52305
202300027687,31,3,2023,2025-12-05 10:45:00,1,971,97128,2,3,1,3,Poirier De Gissac,16.245954,-61.366308
202300027688,23,1,2023,2025-12-05 00:01:00,3,971,97101,2,1,1,6,Grand Camp(Section),16.25252761,-61.53420389
202300027689,16,4,2023,2025-12-05 13:20:00,1,78,78562,1,1,1,6,7 Route De Gambaiseuil,48.733417,1.759981
202300027690,23,1,2023,2025-12-05 17:00:00,1,971,97105,2,1,1,6,Paul Lacave (Avenue ),15.9936956,-61.71895981
202300027691,1,8,2023,2025-12-05 09:16:00,1,59,59350,2,1,1,4,Faubourg Des Postes Rue,50.61551935,3.04840428
202300027692,23,1,2023,2025-12-05 11:20:00,1,2A,2A004,2,6,1,6,Campi Louis Bd,41.94188653,8.74981266
202300027693,18,4,2023,2025-12-05 16:45:00,1,30,30090,2,1,1,1,Concoules,44.381378,3.940106
202300027694,20,1,2023,2025-12-05 18:45:00,5,87,87085,2,1,1,7,Saint Gence (Rue De) (Rd218),45.84622,1.23832
202300027695,1,8,2023,2025-12-05 07:25:00,1,59,59350,2,1,1,2,Boulevard Du Professeur Jules Leclercq,50.60777,3.03549
202300027696,17,4,2023,2025-12-05 17:45:00,1,34,34199,2,1,1,6,13 Rue Victor Hugo,43.45858,3.42429
202300027697,18,1,2023,2025-12-05 09:00:00,1,80,80021,2,6,1,3,Rue Leon Dupontreue,49.90669,2.31806
202300027698,31,7,2023,2025-12-05 20:35:00,2,57,57463,2,4,3,1,Mixte (Pont ),49.13495,6.17413
202300027699,18,4,2023,2025-12-05 10:50:00,1,34,34154,2,6,1,6,193 Boulevard De La Democratie,43.617409,4.008148
202300027700,21,1,2023,2025-12-05 15:55:00,1,76,76351,2,3,1,6,Philippe Lebon,49.496003,0.12673
202300027701,31,7,2023,2025-12-05 08:00:00,1,56,56121,2,1,2,6,Duguay-Trouin (Rue Rene),47.74314,-3.36498
202300027702,23,1,2023,2025-12-05 19:45:00,2,69,69256,2,2,1,3,Boulevard Des Droits De L'Homme,45.76705,4.93274
202300027703,31,7,2023,2025-12-05 17:15:00,1,54,54395,2,1,2,6,Place Charles Iii,48.689104,6.1818
202300027704,17,4,2023,2025-12-05 13:50:00,1,71,71229,1,1,8,7,Route De Bourbon,46.538126,3.909797
202300027705,22,1,2023,2025-12-05 21:00:00,5,67,67447,2,3,4,7,Perle (Rue),48.60153,7.74494
202300027706,31,7,2023,2025-12-05 16:55:00,1,54,54357,2,1,1,6,Avenue De Metz,48.72094,6.17176
202300027707,16,4,2023,2025-12-05 11:30:00,1,21,21464,2,1,1,6,7 Rue Fagon,47.13754,4.949498
202300027708,22,1,2023,2025-12-05 20:30:00,5,67,67043,2,1,1,6,Perigueux (Rue De),48.61438,7.74734
202300027709,1,8,2023,2025-12-05 06:00:00,2,51,51454,2,1,2,6,Adrian (Rue Robert),49.2693,4.05137
202300027710,22,1,2023,2025-12-05 01:15:00,3,66,66136,2,1,1,6,Adresse_Inconnue,42.66765207,2.88425177
202300027711,30,7,2023,2025-12-05 20:05:00,1,51,51454,2,1,1,6,Gerbert (Rue),49.25051,4.03942
202300027712,17,4,2023,2025-12-05 18:40:00,1,67,67137,1,1,1,4,M83,48.50327,7.693648
202300027713,23,1,2023,2025-12-05 16:18:00,1,64,64348,2,2,1,3,Rue Larregain,43.3039,-0.42646
202300027714,31,7,2023,2025-12-05 19:08:00,1,48,48095,2,1,1,6,Ramilles  (Chemin Des),44.51648,3.48108
202300027715,17,4,2023,2025-12-05 14:10:00,1,31,31433,2,1,1,6,Route D'Espagne,43.534565,1.409286
202300027716,23,1,2023,2025-12-05 08:02:00,3,64,64284,2,3,1,1,Corps Franc Pommies,43.29213,-0.39054
202300027717,1,8,2023,2025-12-05 17:20:00,1,44,44162,2,1,1,3,336 Boulevard Marcel Paul,47.2264963,-1.6371801
202300027718,17,4,2023,2025-12-05 21:45:00,3,72,72151,1,3,1,6,La Grande Brocherie,47.87806897,-0.30246019
202300027719,22,1,2023,2025-12-05 16:05:00,1,64,64024,2,1,1,6,Adour (Avenue De L'),43.51128,-1.50022
202300027720,1,8,2023,2025-12-05 06:55:00,2,44,44109,2,1,1,6,35 Rue De La Bourgeonniere,47.25237,-1.55366
202300027721,18,1,2023,2025-12-05 07:20:00,3,62,62186,1,1,1,6,D166E2,50.44815,2.70436
202300027722,1,8,2023,2025-12-05 14:00:00,1,38,38423,1,1,1,2,N481,45.20317087,5.71367364
202300027723,23,1,2023,2025-12-05 17:30:00,2,59,59378,2,1,1,2,Bailly Albert Rue,50.688539,3.113994
202300027724,17,4,2023,2025-12-05 12:05:00,1,29,29181,1,6,1,3,Rue Du Stiff,48.481477,-4.274771
202300027725,21,1,2023,2025-12-05 14:00:00,1,59,59390,2,1,1,3,Fabrique (Rue De La),50.33812,3.2013
202300027726,31,7,2023,2025-12-05 20:10:00,1,38,38185,2,2,1,3,Rhin Et Danube (Avenue),45.17798,5.7054
202300027727,6,3,2023,2025-12-05 11:14:00,1,54,54323,2,1,1,6,Albert Labro (Rue),49.513467,5.767885
202300027728,15,1,2023,2025-12-05 03:07:00,3,58,58194,2,1,2,1,Marechal Leclerc,46.99911,3.16378
202300027729,18,4,2023,2025-12-05 09:10:00,1,60,60047,2,3,1,3,Rue Du Faubourg De Russons,49.17173172,2.73501742
202300027730,28,7,2023,2025-12-05 13:50:00,1,37,37261,2,9,3,1,Savonnieres (Route De),47.36885,0.66645
202300027731,4,1,2023,2025-12-05 17:15:00,2,58,58194,2,3,1,3,Hammamet,46.98861,3.17202
202300027732,4,3,2023,2025-12-05 11:00:00,1,49,49099,2,2,1,3,Faidherbe (Boulevard Du General),47.06724,-0.87329
202300027733,24,1,2023,2025-12-05 02:17:00,5,54,54547,1,1,1,6,M674,48.671839,6.194094
202300027734,1,8,2023,2025-12-05 01:45:00,5,31,31555,2,3,1,3,Rte De Seysses,43.57629,1.42144
202300027735,17,4,2023,2025-12-05 13:10:00,1,60,60500,1,1,1,7,N2,49.10221344,2.74399149
202300027736,5,3,2023,2025-12-05 04:00:00,5,46,46042,2,1,1,6,Maquis (Avenue Du),44.45641,1.45021
202300027737,21,1,2023,2025-12-05 09:30:00,1,50,50129,2,1,1,6,Boulevard De La Manche,49.65256,-1.58028
202300027738,9,6,2023,2025-12-05 08:55:00,1,28,28085,2,1,1,3,Nicole (Rue),48.44667,1.47979
202300027739,20,1,2023,2025-12-05 20:00:00,5,44,44184,2,2,1,1,49 Avenue Francois Mitterrand,47.26933,-2.22831
202300027740,6,3,2023,2025-12-05 21:35:00,5,45,45232,2,2,1,3,Avenue De Sologne,47.86875,1.9118
202300027741,17,4,2023,2025-12-05 18:30:00,1,60,60107,1,1,1,2,D1016,49.36707641,2.42856582
202300027742,1,8,2023,2025-12-05 19:05:00,1,25,25056,2,1,1,3,Faure Avenue Edgar,47.243182,6.017177
202300027743,20,1,2023,2025-12-05 18:25:00,5,44,44184,2,2,1,3,24 Rue Jean Jaures,47.27924,-2.20826
202300027744,6,3,2023,2025-12-05 17:02:00,1,45,45285,2,1,1,6,Avenue Pierre Mendes France,47.9059,1.86908
202300027745,1,8,2023,2025-12-05 10:20:00,1,17,17415,2,1,1,3,Leclerc Cours Du Marechal,45.74958,-0.64587
202300027746,23,1,2023,2025-12-05 18:53:00,5,33,33318,2,4,1,1,Avenue De Bardanac,44.79516521,-0.61086237
202300027747,1,8,2023,2025-12-05 10:36:00,1,15,15014,2,9,2,3,Rn 122,44.910561,2.426315
202300027748,6,3,2023,2025-12-05 08:00:00,1,44,44109,2,1,1,3,4 Rue De L'Eveche,47.218768,-1.5506862
202300027749,17,4,2023,2025-12-05 08:34:00,1,13,13213,1,1,1,2,A507 Sens Marseille - Aubagne,43.32509,5.42167
202300027750,19,1,2023,2025-12-05 13:25:00,1,27,27701,2,2,1,3,Blanche (Ch. De La Voie) Louviers A Lacs,49.27147,1.20611
202300027751,30,7,2023,2025-12-05 01:15:00,3,15,15014,1,2,1,2,D18,44.922638,2.400096
202300027752,6,3,2023,2025-12-05 14:05:00,1,38,38151,2,1,1,6,Rue Normandie-Niemen,45.14682,5.71978
202300027753,23,1,2023,2025-12-05 17:40:00,5,25,25388,2,1,9,6,Ludwigsburg (Avenue De),47.5077,6.80941
202300027754,13,4,2023,2025-12-05 13:45:00,1,13,13026,1,1,1,2,A55-Sens Marseille Vers Martigues,43.3788,5.16697
202300027755,22,1,2023,2025-12-05 15:00:00,1,11,11262,2,1,1,6,12 Boulevard Marcel Sembat,43.1889,3.00704
202300027756,6,3,2023,2025-12-05 18:30:00,2,37,37261,2,1,8,6,Vaillant (Rue Edouard),47.37865,0.71066
202300027757,1,8,2023,2025-12-05 15:35:00,1,14,14225,2,2,1,1,55 Rue Du General De Gaulle,49.28541597,-0.10306331
202300027758,22,1,2023,2025-12-05 13:30:00,1,11,11069,2,2,1,3,Voie Traversante De Andre Jean Cayatte,43.236044,2.367051
202300027759,1,8,2023,2025-12-05 16:50:00,1,13,13005,1,1,1,2,Rd 43 C,43.30112,5.59134
202300027760,22,1,2023,2025-12-05 21:20:00,3,974,97409,1,9,3,6,Rn2 Sens Ste Suzanne St Benoit,-20.94372,55.6492
202300027761,6,3,2023,2025-12-05 16:30:00,1,37,37261,2,1,1,3,Royer (Bd Jean),47.38198,0.68033
202300027762,14,4,2023,2025-12-05 17:40:00,1,54,54115,1,1,1,4,Autoroute A 31,48.693586,6.078514
202300027763,1,8,2023,2025-12-05 09:20:00,1,12,12089,1,1,3,6,D 963,44.58584,2.24786
202300027764,22,1,2023,2025-12-05 00:05:00,5,973,97302,2,3,9,3,Troubiran (Chemin De),4.92566072,-52.3036015
202300027765,16,4,2023,2025-12-05 02:00:00,4,59,59343,1,1,1,7,Route Nationale 227,50.60018,3.13045
202300027766,31,7,2023,2025-12-05 16:50:00,1,9,9225,1,1,1,6,Route Nationale 20 (Voie Rapide),43.11924,1.63009
202300027767,22,1,2023,2025-12-05 18:30:00,5,972,97213,2,6,1,7,Route Departementale 15,14.62688349,-61.008389
202300027768,6,3,2023,2025-12-05 07:55:00,1,37,37122,2,1,1,1,Verdun (Rue De),47.34705,0.66544
202300027769,17,4,2023,2025-12-05 11:29:00,1,91,91161,1,1,1,7,Autoroute A6,48.7181,2.3103
202300027770,22,1,2023,2025-12-05 13:45:00,1,69,69385,2,1,1,2,123 Rue Joliot Curie,45.75438,4.78343
202300027771,31,7,2023,2025-12-05 21:45:00,5,7,7281,2,3,1,7,C.D.533,44.940939,4.841213
202300027772,22,1,2023,2025-12-05 15:30:00,1,971,97113,1,1,1,7,Section Mare-Gaillard,16.21901,-61.45764
202300027773,27,7,2023,2025-12-05 17:15:00,1,5,5061,2,1,1,2,Ladoucette ( Cours ),44.56192,6.08363
202300027774,6,3,2023,2025-12-05 14:00:00,1,35,35051,1,1,1,1,Porte De La Rigourdiere,48.11953,-1.57055
202300027775,17,4,2023,2025-12-05 00:20:00,3,95,95582,1,1,1,2,A15,48.96559,2.25938
202300027776,2,1,2023,2025-12-05 20:48:00,5,971,97101,2,1,1,6,Bd Rene Serge Nabajoth,16.27701968,-61.50229096
202300027777,29,6,2023,2025-12-05 08:53:00,1,5,5061,2,1,1,3,Marechal Foch ( Avenue Du ),44.56266,6.0854
202300027778,22,1,2023,2025-12-05 20:00:00,5,91,91589,2,1,1,7,Rue Faidherbe,48.67808,2.34328
202300027779,6,3,2023,2025-12-05 09:45:00,1,35,35238,2,9,1,1,Briand (Avenue Aristide),48.1102,-1.65964
202300027780,22,1,2023,2025-12-05 21:30:00,5,69,69029,2,1,1,3,Route De Genas,45.7504094,4.91046326
202300027781,31,7,2023,2025-12-05 17:17:00,1,5,5061,2,6,1,2,Georges Pompidou ( Bd),44.55581,6.07831
202300027782,16,4,2023,2025-12-05 18:30:00,1,93,93064,1,1,1,5,Autoroute A86,48.87299,2.48117
202300027783,22,1,2023,2025-12-05 05:51:00,5,69,69290,2,1,1,6,Boulevard Des Roses,45.68635,4.94037
202300027784,6,3,2023,2025-12-05 20:10:00,5,33,33281,2,2,1,3,Avenue Du Chut,44.84810941,-0.659751
202300027785,1,8,2023,2025-12-05 14:15:00,1,75,75114,2,1,1,3,Porte D Orleans,48.821065,2.320486
202300027786,15,4,2023,2025-12-05 11:15:00,1,95,95572,1,1,2,6,N184,49.03368993,2.11147785
202300027787,21,1,2023,2025-12-05 17:45:00,5,64,64445,2,2,1,3,Louis Lacaze,43.30147,-0.36926
202300027788,1,8,2023,2025-12-05 10:05:00,1,75,75113,2,1,1,3,Porte D Ivry,48.821206,2.37789
202300027789,22,1,2023,2025-12-05 03:10:00,5,64,64102,2,1,1,6,Avenue Duvergier De Hauranne,43.48159,-1.4656
202300027790,6,3,2023,2025-12-05 09:00:00,1,27,27562,2,6,1,7,Hermand (Rue Georges),49.095367,1.430374
202300027791,15,4,2023,2025-12-05 19:55:00,2,95,95488,1,1,1,6,A15,49.01932,2.13923
202300027792,30,7,2023,2025-12-05 20:32:00,5,75,75113,2,3,1,6,Place Jeanne D Arc,48.829517,2.368955
202300027793,15,4,2023,2025-12-05 19:30:00,1,93,93013,1,1,1,2,Autoroute A1,48.93902806,2.41747499
202300027794,20,1,2023,2025-12-05 14:20:00,1,59,59043,1,2,7,1,Outtersteene (Route D'),50.72191,2.70347
202300027795,1,8,2023,2025-12-05 11:45:00,1,75,75105,2,2,1,3,Quai De La Tournelle,48.851103,2.351289
202300027796,24,5,2023,2025-12-05 23:05:00,5,59,59410,2,3,1,3,Ferry Jules Rue,50.638506,3.117283
202300027797,6,3,2023,2025-12-05 15:10:00,1,25,25462,2,2,1,1,Faubourg Saint Etienne,46.90017,6.3611
202300027798,22,1,2023,2025-12-05 14:00:00,1,44,44162,2,1,1,1,Boulevard Du Professeur Jacques Monod,47.24026,-1.63931
202300027799,31,7,2023,2025-12-05 13:05:00,1,75,75106,2,3,2,6,Rue Jules Chaplain,48.84272,2.329836
202300027800,15,4,2023,2025-12-05 18:30:00,1,93,93005,1,1,1,4,Autoroute A3,48.95216497,2.47360826
202300027801,24,5,2023,2025-12-05 18:50:00,1,56,56260,2,9,7,3,Juin(Avenue Du Marechal),47.63104,-2.78055
202300027802,22,1,2023,2025-12-05 07:40:00,3,35,35281,2,9,1,7,N136,48.09170851,-1.70717776
202300027803,15,4,2023,2025-12-05 10:00:00,1,93,93053,1,1,2,6,Autoroute A103,48.88795792,2.47241735
202300027804,31,7,2023,2025-12-05 15:30:00,1,75,75117,2,4,2,7,Avenue Des Ternes,48.879474,2.290622
202300027805,6,3,2023,2025-12-05 12:03:00,1,17,17291,2,1,1,3,Liberation   Rue De La,46.176881,-1.115123
202300027806,22,1,2023,2025-12-05 11:45:00,1,33,33069,2,1,1,3,Boulevard Godard,44.86278808,-0.5838713
202300027807,24,5,2023,2025-12-05 22:09:00,5,56,56098,2,6,1,3,Gagarine (Rue  Youri ),47.774357,-3.340128
202300027808,15,4,2023,2025-12-05 12:40:00,1,92,92036,1,1,2,6,Autoroute A15,48.93849892,2.29423732
202300027809,22,1,2023,2025-12-05 07:15:00,3,31,31555,2,1,1,7,Rd901,43.61758,1.39414
202300027810,31,7,2023,2025-12-05 08:40:00,1,75,75116,2,2,8,3,Avenue D Iena,48.862925,2.291934
202300027811,6,3,2023,2025-12-05 11:45:00,1,13,13205,2,2,1,3,Isly (Rue D'),43.28651,5.39301
202300027812,25,5,2023,2025-12-05 09:25:00,1,50,50129,2,1,1,7,Gambetta (Rue),49.64728,-1.64651
202300027813,1,8,2023,2025-12-05 13:20:00,1,75,75110,2,1,1,6,Rue Du Faubourg Saint Martin,48.876815,2.361014
202300027814,17,4,2023,2025-12-05 08:50:00,1,94,94073,1,1,1,5,A86,48.77309121,2.39941125
202300027815,22,1,2023,2025-12-05 15:50:00,1,29,29232,2,6,1,5,Rue De La Republique,48.00338,-4.08468
202300027816,6,3,2023,2025-12-05 12:45:00,1,13,13212,2,1,1,3,Trois Lucs (Place),43.31198,5.46485
202300027817,1,8,2023,2025-12-05 14:35:00,1,75,75108,2,3,1,6,Rue De Miromesnil,48.881167,2.315334
202300027818,24,5,2023,2025-12-05 15:00:00,1,49,49007,2,4,1,3,Foulques Nerra Boulevard,47.47095,-0.56448
202300027819,15,4,2023,2025-12-05 17:30:00,2,974,97409,2,1,1,3,Du Centre(Chemin),-20.94666,55.6551
202300027820,6,3,2023,2025-12-05 08:45:00,1,13,13207,2,2,1,3,Corse (Avenue De La),43.2892,5.36185
202300027821,1,8,2023,2025-12-05 15:00:00,1,75,75108,2,2,1,3,Avenue Winston Churchill,48.864999,2.313697
202300027822,21,1,2023,2025-12-05 10:05:00,1,13,13103,1,1,1,1,Avenue De Alabouvette-Rn 113,43.64096,5.02516
202300027823,25,5,2023,2025-12-05 18:50:00,1,47,47001,2,1,1,3,Riols (Allee De),44.17925,0.62212
202300027824,31,7,2023,2025-12-05 20:40:00,1,75,75107,2,2,2,7,Avenue De Lowendal,48.849417,2.303772
202300027825,22,1,2023,2025-12-05 20:00:00,5,13,13203,2,1,1,2,Bd Ferdinand De Lesseps,43.31944,5.37023
202300027826,15,4,2023,2025-12-05 16:00:00,1,69,69383,2,2,1,3,Quai Victor Augagneur,45.75626,4.84037
202300027827,6,3,2023,2025-12-05 08:40:00,1,13,13215,2,1,1,6,Padouane (Bd De La ),43.35335439,5.36860936
202300027828,22,1,2023,2025-12-05 12:40:00,1,13,13209,2,1,1,3,Sainte Marguerite (Boulevard),43.269,5.402
202300027829,25,5,2023,2025-12-05 10:50:00,1,47,47001,2,2,1,3,Sevin (Rue De),44.19342,0.61687
202300027830,16,4,2023,2025-12-05 03:10:00,5,972,97209,1,1,1,6,Redoute (Route De La),14.61721,-61.06185
202300027831,31,7,2023,2025-12-05 13:40:00,1,94,94068,2,2,2,1,Avenue Saint-Louis,48.78839,2.50637
202300027832,5,3,2023,2025-12-05 05:30:00,5,10,10333,2,1,8,3,Jules Didier (Rue),48.28526,4.06625