num_acc,jour,mois,an,hrmn,lum,dep,com,agg,int,atm,col,adr,lat,long
202300027833,22,1,2023,2025-12-05 09:00:00,1,13,13208,2,1,1,1,Goudes (Chemin Des),43.22613327,5.34829192
202300027834,23,7,2023,2025-12-05 21:30:00,3,94,94076,2,1,1,2,83 Avenue De Stalingrad,48.782211,2.367342
202300027835,24,5,2023,2025-12-05 12:15:00,1,42,42170,1,1,1,1,Route De Cherve,46.02658,4.09994
202300027836,16,4,2023,2025-12-05 21:20:00,5,69,69382,2,1,1,3,112 Cours Charlemagne,45.74025,4.81869
202300027837,6,3,2023,2025-12-05 18:40:00,2,6,6159,1,1,1,3,Bella Vista (Av.),43.7136,7.32944
202300027838,22,1,2023,2025-12-05 00:45:00,5,13,13047,2,1,1,6,Fos (Route De) - Rn 569,43.49372,4.97113
202300027839,1,8,2023,2025-12-05 10:15:00,1,92,92051,2,1,8,6,Lesseps (Rue De),48.88992022,2.27711856
202300027840,16,4,2023,2025-12-05 08:00:00,1,69,69034,2,1,1,6,Pont Raymond Poincare,45.78756,4.86054
202300027841,25,5,2023,2025-12-05 10:00:00,1,42,42187,2,2,1,6,Avenue Centrale,46.06713211,4.07721908
202300027842,22,1,2023,2025-12-05 03:54:00,5,6,6083,2,1,1,6,Carei (Val Du),43.791278,7.492268
202300027843,27,2,2023,2025-12-05 17:55:00,1,3,3310,2,1,1,3,Avenue Poincare,46.1153,3.43875
202300027844,1,8,2023,2025-12-05 09:43:00,1,92,92020,2,2,1,3,Arago Rue,48.8059802,2.27892458
202300027845,25,5,2023,2025-12-05 08:45:00,1,35,35238,2,1,1,6,Cartier (Bd Jacques),48.09767,-1.66897
202300027846,21,1,2023,2025-12-05 16:35:00,1,6,6083,2,1,1,3,Briand (Avenue Arsitide),43.78529,7.52294
202300027847,16,4,2023,2025-12-05 11:30:00,1,2B,2B033,2,1,1,4,Vezzani - Rue Cesar,42.69,9.45
202300027848,7,3,2023,2025-12-05 14:40:00,1,75,75115,2,4,1,3,Porte De Sevres,48.83474993,2.27420747
202300027849,31,7,2023,2025-12-05 19:40:00,1,92,92049,2,3,2,2,Barbes Rue,48.81729533,2.32880652
202300027850,25,5,2023,2025-12-05 07:45:00,1,35,35238,2,1,1,2,Porte D'Angers,48.08197348,-1.64720088
202300027851,21,1,2023,2025-12-05 15:40:00,1,5,5061,2,2,1,3,Gendarmerie ( Rue De La ),44.56,6.0757
202300027852,16,4,2023,2025-12-05 11:30:00,1,2A,2A004,1,1,1,2,T21,41.92722,8.79331
202300027853,1,8,2023,2025-12-05 14:45:00,1,92,92035,2,9,1,6,Jean Bonal ( Rue ),48.90617244,2.2474274
202300027854,6,3,2023,2025-12-05 08:50:00,1,75,75116,2,1,1,6,Echangeur Muette,48.862014,2.264393
202300027855,25,5,2023,2025-12-05 16:50:00,1,35,35115,2,1,7,6,Foret (Rue De La),48.357624,-1.194733
202300027856,16,1,2023,2025-12-05 14:15:00,1,5,5061,2,1,1,2,Commandant Dumont ( Avenue),44.563489,6.083945
202300027857,15,4,2023,2025-12-05 09:25:00,1,91,91691,2,9,1,6,Pierre Brossolette(Rue),48.70008,2.47764
202300027858,6,3,2023,2025-12-05 06:45:00,1,75,75119,2,1,1,2,Porte De La Villette,48.900577,2.388861
202300027859,1,8,2023,2025-12-05 18:22:00,1,92,92024,2,3,1,3,Victor Hugo (Bd),48.89991927,2.31445491
202300027860,25,5,2023,2025-12-05 16:44:00,1,34,34172,2,1,1,6,Zuccarelli (Pont Jean),43.60038,3.89665
202300027861,23,1,2023,2025-12-05 09:00:00,1,75,75117,2,2,1,3,Avenue De La Porte D Asnieres,48.891842,2.301593
202300027862,16,4,2023,2025-12-05 15:15:00,1,91,91027,2,3,1,3,Rte Nationale 7,48.71289,2.37149
202300027863,25,5,2023,2025-12-05 07:20:00,1,34,34172,2,1,2,3,520 Rue De L'Industrie,43.58586,3.88257
202300027864,23,1,2023,2025-12-05 16:00:00,1,75,75108,2,7,1,3,Place De La Concorde,48.8670485,2.32068479
202300027865,7,3,2023,2025-12-05 18:05:00,2,75,75117,2,3,1,3,156 Rue Cardinet,48.889092,2.316134
202300027866,2,8,2023,2025-12-05 09:55:00,1,17,17045,1,2,3,4,D137,45.867997,-0.844054
202300027867,22,1,2023,2025-12-05 20:10:00,5,75,75104,2,2,1,7,Boulevard De Sebastopol,48.859499,2.348857
202300027868,7,3,2023,2025-12-05 08:00:00,1,75,75114,2,1,8,2,34 Rue Du Commandant Rene Mouchotte,48.83799603,2.31928736
202300027869,24,5,2023,2025-12-05 17:40:00,1,30,30007,2,2,8,3,Avenue Monge,44.14179,4.10481
202300027870,23,1,2023,2025-12-05 19:00:00,5,94,94017,2,1,1,6,Colonel Grancey (R Du),48.809709,2.554795
202300027871,16,4,2023,2025-12-05 18:15:00,1,91,91228,2,3,1,5,Bd Decauville Impair 25 A 47,48.638101,2.438045
202300027872,1,8,2023,2025-12-05 15:40:00,1,81,81156,1,1,1,2,Chemin De La Clare,43.909148,2.047684
202300027873,7,3,2023,2025-12-05 19:20:00,5,75,75101,2,3,1,6,208 Rue De Rivoli,48.864442,2.330155
202300027874,25,5,2023,2025-12-05 21:35:00,1,29,29019,2,1,1,6,Boulevard De Plymouth,48.385547,-4.535113
202300027875,23,1,2023,2025-12-05 22:35:00,5,94,94041,2,7,1,3,Boulevard De Brandebourg,48.81455292,2.39706606
202300027876,1,8,2023,2025-12-05 14:25:00,1,67,67534,2,3,1,1,23 Rue Du 22 Novembre,48.748846,7.512197
202300027877,16,4,2023,2025-12-05 16:15:00,1,83,83144,2,1,1,1,Picasso (Ave Pablo),43.13161,5.99415
202300027878,7,3,2023,2025-12-05 07:18:00,2,94,94078,2,3,1,1,Avenue Du Champ Saint-Julien / Parking Avenue Du Champ Saint-Julien,48.74773,2.46066
202300027879,24,5,2023,2025-12-05 17:29:00,1,29,29019,2,3,1,3,Rue Emile Rousse,48.38476,-4.5281
202300027880,2,8,2023,2025-12-05 14:55:00,1,22,22243,1,1,2,1,"D787, Pr 32+900",48.372157,-3.479187
202300027881,23,1,2023,2025-12-05 12:10:00,1,94,94021,2,2,1,2,Avenue Georges Guynemer / Boulevard Jean Mermoz,48.76681,2.33625
202300027882,15,4,2023,2025-12-05 15:45:00,1,83,83069,2,3,1,3,Godillot  ( Avenue Alexis ),43.11688,6.12265
202300027883,25,5,2023,2025-12-05 19:50:00,1,28,28134,2,3,1,6,Croix Tienac (Allee De La),48.73597,1.38826
202300027884,7,3,2023,2025-12-05 00:00:00,5,93,93070,2,2,1,6,Rue Albert Dhalenne / Quai De Seine,48.91776,2.32968
202300027885,28,7,2023,2025-12-05 12:00:00,1,42,42253,1,3,1,2,Route De Renaison,46.044225,3.997607
202300027886,22,1,2023,2025-12-05 22:59:00,5,93,93072,2,3,1,3,Rue Des Fleurs / Rue Jean Jaures,48.963846,2.380548
202300027887,7,3,2023,2025-12-05 18:10:00,2,93,93066,2,2,1,6,79 Rue Gabriel Peri / Rue Franklin,48.93527871,2.35589574
202300027888,23,1,2023,2025-12-05 07:30:00,5,93,93072,2,2,1,6,Chemin De Saint Leger / Avenue De Stalingrad,48.9475329,2.37531736
202300027889,12,4,2023,2025-12-05 06:05:00,2,74,74012,2,9,8,6,Giffre (Avenue Du),46.19681,6.23881
202300027890,2,8,2023,2025-12-05 11:00:00,1,56,56205,1,1,1,3,La Croix Lasne,47.561628,-2.711112
202300027891,25,5,2023,2025-12-05 07:40:00,1,15,15014,2,6,1,3,Volontaire (Avenue Des),44.91421,2.44109
202300027892,23,1,2023,2025-12-05 13:15:00,1,93,93064,2,1,1,3,Avenue Du General De Gaulle,48.879373,2.478189
202300027893,7,3,2023,2025-12-05 14:10:00,1,93,93048,2,2,8,1,Rue De Paris,48.85502222,2.41908923
202300027894,25,5,2023,2025-12-05 08:45:00,1,13,13103,2,1,1,6,Boulevard Des Princes Des Baux,43.64394,5.08939
202300027895,16,4,2023,2025-12-05 20:45:00,5,69,69264,2,3,1,6,Avenue Edouard Herriot,45.97887,4.7268
202300027896,1,8,2023,2025-12-05 11:15:00,1,59,59546,1,1,1,3,Route D'Hazebrouck Rd37,50.78696,2.564878
202300027897,23,1,2023,2025-12-05 15:10:00,1,93,93055,2,1,1,3,Avenue Jean Jaures,48.90468,2.39334
202300027898,24,5,2023,2025-12-05 16:57:00,1,10,10357,1,1,1,7,Route De Baires,48.28378,4.12089
202300027899,7,3,2023,2025-12-05 15:15:00,1,93,93045,2,2,1,1,Avenue Du Marechal Juin / Rue De Romainville,48.87834185,2.42247722
202300027900,16,4,2023,2025-12-05 16:30:00,1,69,69259,2,3,1,3,Avenue Jules Guesde,45.71656,4.88797
202300027901,23,1,2023,2025-12-05 19:30:00,3,93,93049,2,3,1,3,Rue Pierre De Coubertin / Allee Pierre De Craon,48.86439659,2.5112185
202300027902,2,8,2023,2025-12-05 14:00:00,1,76,76075,2,4,6,1,Route De La Mer,49.768391,1.048757
202300027903,16,4,2023,2025-12-05 06:00:00,3,69,69290,1,1,1,6,Route De Grenoble,45.70408,4.99591
202300027904,24,5,2023,2025-12-05 12:19:00,1,10,10387,2,1,1,4,Anatole France (Rue),48.28574,4.0747
202300027905,2,8,2023,2025-12-05 01:48:00,4,79,79174,2,1,8,7,Adresse_Inconnue,46.219244,-0.14834
202300027906,23,1,2023,2025-12-05 00:15:00,5,93,93049,2,3,1,6,Rue Pasteur / Rue Florian,48.85682109,2.49907717
202300027907,7,3,2023,2025-12-05 12:25:00,1,93,93010,2,3,1,6,Avenue Gallieni / Rue Des Ecoles,48.90708,2.48836
202300027908,23,1,2023,2025-12-05 16:20:00,1,92,92022,2,1,1,6,Salengro (Avenue Roger),48.81810298,2.19712025
202300027909,15,4,2023,2025-12-05 19:45:00,1,62,62133,2,2,1,3,Rue De Rouvroy,50.41226,2.91181
202300027910,24,5,2023,2025-12-05 10:30:00,1,10,10333,2,3,1,3,Charles Baltet (Rue),48.28166,4.06072
202300027911,7,3,2023,2025-12-05 18:00:00,1,92,92050,2,1,1,6,Joffre Marechal Avenue Du,48.8857075,2.19642811
202300027912,16,4,2023,2025-12-05 18:30:00,1,59,59286,2,1,1,6,Guerin Rue Du Professeur,50.61198,2.99653
202300027913,23,1,2023,2025-12-05 21:10:00,5,92,92050,2,9,1,3,Commune De Paris Avenue De La,48.907393,2.212883
202300027914,24,5,2023,2025-12-05 10:55:00,1,9,9121,2,9,1,6,D1,42.94604,1.6156
202300027915,7,3,2023,2025-12-05 10:36:00,1,92,92040,1,1,1,6,Gallieni (Boulevard),48.828,2.2675
202300027916,23,1,2023,2025-12-05 19:15:00,5,92,92049,2,2,1,3,Brossolette Avenue Pierre,48.81769,2.30788
202300027917,16,4,2023,2025-12-05 09:35:00,1,56,56260,2,6,1,2,Anciens Combattants En Afn (Place Des,47.66391,-2.7558
202300027918,19,5,2023,2025-12-05 23:45:00,5,8,8409,2,2,1,6,Philippoteaux (Avenue),49.69672,4.93901
202300027919,5,3,2023,2025-12-05 18:45:00,2,92,92025,2,1,1,2,Egalite (Rue De L'),48.922601,2.241312
202300027920,23,1,2023,2025-12-05 09:10:00,1,92,92026,2,9,1,3,Marechal Joffre (Quai Du),48.89835,2.26875
202300027921,25,5,2023,2025-12-05 18:20:00,1,1,1451,2,3,1,3,Herriot ( Boulevard Edouard Cote Pair),46.21302,5.21817
202300027922,6,3,2023,2025-12-05 22:00:00,5,92,92024,2,1,1,2,Martre (Rue) De (59 A 109)   (58 A 120),48.9039,2.30527
202300027923,16,4,2023,2025-12-05 12:15:00,1,54,54323,2,3,1,3,Avenue De Saintignon,49.525942,5.775168
202300027924,25,5,2023,2025-12-05 09:34:00,1,75,75117,2,2,1,6,Rue De Rome,48.885651,2.31683
202300027925,7,3,2023,2025-12-05 08:04:00,1,92,92024,2,1,8,6,Victor Hugo (Bd),48.90011517,2.31478125
202300027926,23,1,2023,2025-12-05 20:00:00,5,92,92012,2,6,1,7,Marcel Sembat (Place),48.83361,2.24369
202300027927,24,5,2023,2025-12-05 13:05:00,1,75,75105,2,2,1,3,Rue Gay Lussac,48.844281,2.342158
202300027928,7,3,2023,2025-12-05 13:35:00,1,92,92023,2,1,1,6,General De Gaulle (Av Du) Ndeg130 A 340 Et,48.78379,2.24748
202300027929,23,1,2023,2025-12-05 21:45:00,3,2A,2A211,1,1,2,6,Lieu-Dit Calo,41.795088,8.982546
202300027930,23,5,2023,2025-12-05 13:30:00,1,75,75105,2,3,1,3,Quai De La Tournelle,48.850396,2.353527
202300027931,7,3,2023,2025-12-05 09:00:00,1,92,92012,2,1,1,2,General Leclerc (Avenue Du) 1/33 - 2/58,48.83213,2.23889
202300027932,16,4,2023,2025-12-05 13:27:00,1,49,49267,2,2,1,2,Heraudieres,47.46382,-0.49085
202300027933,23,5,2023,2025-12-05 09:27:00,1,75,75105,2,3,1,3,Boulevard Saint Michel,48.850344,2.342612
202300027934,7,3,2023,2025-12-05 09:10:00,1,92,92002,2,1,1,3,Aristide Briand (Avenue),48.75666,2.30638
202300027935,25,5,2023,2025-12-05 18:30:00,1,75,75120,2,2,1,6,Boulevard Davout,48.853524,2.41079
202300027936,24,1,2023,2025-12-05 08:30:00,1,1,1248,1,1,1,1,Departementale 1083,45.903899,4.934946
202300027937,6,3,2023,2025-12-05 09:45:00,1,47,47133,1,1,8,7,Brun,44.079466,0.573349
202300027938,25,5,2023,2025-12-05 09:00:00,1,75,75120,2,1,1,2,Rue Des Vignoles,48.854038,2.399919
202300027939,15,4,2023,2025-12-05 15:10:00,1,42,42218,2,2,2,3,Boulevard Joseph Bethenod,45.42716,4.38575
202300027940,24,5,2023,2025-12-05 22:15:00,5,75,75120,2,7,1,6,Rue Belgrand,48.864906,2.398671
202300027941,5,3,2023,2025-12-05 09:24:00,1,91,91235,2,1,1,3,Av Du Dr Louis Francois Fichez,48.638663,2.36035
202300027942,20,1,2023,2025-12-05 10:40:00,1,86,86221,1,3,9,3,Route Des Templiers,46.806449,0.34417
202300027943,15,4,2023,2025-12-05 21:25:00,3,41,41018,1,1,1,7,Vicomte (Chemin De ),47.542585,1.283376
202300027944,25,5,2023,2025-12-05 22:10:00,5,75,75119,2,3,1,3,Rue De L Inspecteur Alles,48.879298,2.398166
202300027945,6,3,2023,2025-12-05 10:45:00,1,972,97214,2,1,1,6,Crochemort N1,14.832399,-61.051841
202300027946,16,4,2023,2025-12-05 10:35:00,1,35,35238,2,1,1,3,Suede (De),48.08671,-1.67938
202300027947,21,1,2023,2025-12-05 19:00:00,3,33,33030,1,1,1,1,D1113,44.616317,-0.32091
202300027948,25,5,2023,2025-12-05 17:20:00,1,75,75120,2,7,1,2,Place Du Maquis Du Vercors,48.877637,2.40863
202300027949,19,1,2023,2025-12-05 13:30:00,1,17,17310,1,1,3,7,Route De Pons,45.568345,-0.736685
202300027950,15,4,2023,2025-12-05 10:55:00,1,35,35115,2,1,1,6,Rousseau (Rue Jean-Jacques),48.35359,-1.20352
202300027951,25,5,2023,2025-12-05 19:20:00,1,75,75118,2,1,1,3,Boulevard De Clichy,48.884063,2.328445
202300027952,5,3,2023,2025-12-05 18:45:00,3,972,97217,1,1,1,4,Pointe Borgnese (Informations),14.455143,-60.90323
202300027953,23,1,2023,2025-12-05 16:50:00,1,46,46137,1,1,1,7,D653 Pk 114+500,44.39488933,1.36485212
202300027954,4,3,2023,2025-12-05 21:10:00,5,35,35125,2,1,1,3,Rue De La Garenne,47.933654,-1.226757
202300027955,25,5,2023,2025-12-05 08:00:00,1,75,75117,2,3,1,3,Boulevard Malesherbes,48.889897,2.303875
202300027956,25,5,2023,2025-12-05 15:00:00,1,75,75116,2,1,1,3,Rue De La Pompe,48.864421,2.277945
202300027957,7,3,2023,2025-12-05 23:00:00,5,974,97414,2,1,1,7,Rue Gonneau,-21.271384,55.437151
202300027958,7,3,2023,2025-12-05 08:30:00,1,22,22239,1,9,1,6,D64,48.363588,-2.134068
202300027959,18,1,2023,2025-12-05 07:50:00,2,86,86261,1,3,1,1,Route De Saint Julien L'Ars,46.560222,0.483127
202300027960,25,5,2023,2025-12-05 10:05:00,1,75,75115,2,3,1,3,Boulevard De Vaugirard,48.841564,2.318328
202300027961,16,4,2023,2025-12-05 11:00:00,1,22,22215,1,1,1,5,Pont Noir (Rue Du),48.48772,-2.8249
202300027962,7,3,2023,2025-12-05 18:30:00,5,62,62181,2,1,2,6,D8,50.138558,2.710359
202300027963,21,1,2023,2025-12-05 19:45:00,5,67,67302,1,6,1,3,D421,48.741828,7.390494
202300027964,25,5,2023,2025-12-05 22:10:00,5,75,75113,2,2,1,3,Boulevard Arago,48.834965,2.344995
202300027965,23,1,2023,2025-12-05 11:30:00,1,38,38342,2,1,1,6,Chemin De Martine,44.885507,5.623863
202300027966,3,4,2023,2025-12-05 16:40:00,1,19,19272,2,9,1,6,Dr Ramon (Rue),45.25243,1.76243
202300027967,7,3,2023,2025-12-05 20:25:00,3,51,51282,1,1,1,1,D27,49.253972,3.93075
202300027968,25,5,2023,2025-12-05 19:25:00,1,75,75112,2,1,1,6,Boulevard De Bercy,48.84037,2.379896
202300027969,19,1,2023,2025-12-05 15:20:00,1,62,62869,1,1,1,1,D60,50.260376,2.718236
202300027970,22,1,2023,2025-12-05 16:45:00,1,56,56229,1,1,1,7,1 Rue Noblet,47.758649,-2.231609
202300027971,17,4,2023,2025-12-05 00:55:00,5,13,13208,2,1,1,5,Prado (Avenue Du),43.27082999,5.38869254
202300027972,6,3,2023,2025-12-05 09:20:00,1,51,51380,2,2,1,3,Avenue De L'Empereur,48.871829,3.542501
202300027973,25,5,2023,2025-12-05 18:30:00,1,75,75112,2,4,1,3,Quai De Bercy,48.828,2.389
202300027974,24,1,2023,2025-12-05 20:40:00,5,74,74225,2,1,1,2,7 Avenue Des Alpes,45.855553,5.953828
202300027975,16,4,2023,2025-12-05 17:30:00,1,13,13208,2,9,1,4,Pompidou (Promenade),43.26424598,5.37362368
202300027976,25,5,2023,2025-12-05 10:37:00,1,75,75112,2,1,1,3,Boulevard Soult,48.839885,2.408903
202300027977,4,3,2023,2025-12-05 10:00:00,1,56,56020,1,1,1,6,Adresse_Inconnue,47.788154,-2.454782
202300027978,24,1,2023,2025-12-05 07:15:00,5,77,77341,1,2,8,3,D411 / D49,48.445284,3.355808
202300027979,7,3,2023,2025-12-05 06:00:00,3,79,79008,1,1,1,7,Adresse_Inconnue,46.72277,-0.298004
202300027980,25,5,2023,2025-12-05 11:36:00,1,75,75108,2,7,1,3,Place De La Concorde,48.864869,2.321226
202300027981,15,4,2023,2025-12-05 22:25:00,5,13,13203,2,7,1,3,Docteur Leon Perrin (Rue),43.31492,5.38874
202300027982,23,1,2023,2025-12-05 14:35:00,1,65,65007,1,1,1,4,D935,43.329018,0.069376
202300027983,25,5,2023,2025-12-05 09:15:00,1,75,75117,2,1,1,3,Avenue Des Ternes,48.880107,2.287935
202300027984,17,1,2023,2025-12-05 18:40:00,5,61,61168,2,1,4,6,D908,48.58594,-0.365327
202300027985,6,3,2023,2025-12-05 23:00:00,3,79,79298,1,1,1,5,Adresse_Inconnue,46.279046,-0.522559
202300027986,25,5,2023,2025-12-05 08:45:00,1,75,75103,2,7,1,6,Place De La Republique,48.867345,2.363382
202300027987,14,4,2023,2025-12-05 23:20:00,5,13,13063,2,1,8,1,Moulin Chemin Du,43.5804,5.01414
202300027988,6,3,2023,2025-12-05 20:20:00,5,2B,2B050,2,1,1,7,Route De Santore,42.560019,8.75385
202300027989,23,1,2023,2025-12-05 17:30:00,2,47,47069,1,4,1,1,Sous Carcas,44.234169,0.548939
202300027990,24,5,2023,2025-12-05 20:34:00,2,75,75104,2,3,1,6,Rue Saint Antoine,48.854604,2.362951
202300027991,16,4,2023,2025-12-05 19:55:00,1,8,8105,2,1,1,6,18 Quai Jean Charcot,49.7754,4.72501
202300027992,24,1,2023,2025-12-05 13:15:00,1,39,39500,2,1,1,6,1 Rue De La Republique,46.93921,5.877658
202300027993,22,1,2023,2025-12-05 11:05:00,1,38,38324,1,1,4,7,Route De Champier,45.396054,5.04972
202300027994,7,3,2023,2025-12-05 14:11:00,1,82,82087,1,2,2,3,Route De Vazerac,44.152471,1.217385
202300027995,25,5,2023,2025-12-05 15:15:00,1,94,94046,2,2,1,3,71 Avenue Georges Clemenceau,48.81067331,2.44354981
202300027996,16,4,2023,2025-12-05 14:30:00,1,3,3185,2,1,1,6,Avenue De La Republique,46.34532,2.59812
202300027997,23,1,2023,2025-12-05 17:20:00,2,70,70120,1,1,8,6,Pk 32 D4,47.702087,6.665702
202300027998,25,5,2023,2025-12-05 19:00:00,1,94,94065,2,1,1,6,7 Rue Baltard,48.75823164,2.34674782
202300027999,15,4,2023,2025-12-05 18:15:00,1,75,75120,2,1,1,2,Porte De Bagnolet,48.863492,2.413409
202300028000,16,1,2023,2025-12-05 05:50:00,3,66,66150,1,1,1,7,Adresse_Inconnue,42.404414,2.527027
202300028001,6,3,2023,2025-12-05 14:20:00,1,33,33314,1,1,1,5,Route D'Artigues,45.192653,-0.77091
202300028002,25,5,2023,2025-12-05 14:05:00,1,94,94073,2,3,1,3,Avenue De Fontainebleau / Rue Des Alouettes,48.74785243,2.36931968
202300028003,17,1,2023,2025-12-05 11:50:00,1,6,6059,1,1,1,1,Tunnel Du Cap Estel,43.720501,7.368827
202300028004,15,4,2023,2025-12-05 17:00:00,1,75,75118,2,1,1,5,Porte De Clignancourt,48.901041,2.352764
202300028005,25,5,2023,2025-12-05 11:50:00,1,94,94065,2,6,1,2,Avenue Charles Lindbergh / Rue Des Halliers,48.75334406,2.34968752
202300028006,7,3,2023,2025-12-05 13:15:00,1,89,89466,1,3,1,2,Route Departementale 81,48.175176,3.180858
202300028007,19,1,2023,2025-12-05 15:30:00,1,50,50273,1,3,3,6,Route De Carentan,49.305458,-1.427799
202300028008,14,4,2023,2025-12-05 13:40:00,1,75,75112,2,1,2,3,Porte Doree,48.844051,2.413842
202300028009,23,1,2023,2025-12-05 17:30:00,2,7,7214,1,1,8,3,Departementale 21,44.929914,4.582093
202300028010,25,5,2023,2025-12-05 04:05:00,5,94,94077,2,1,1,6,59 Avenue Paul Painleve,48.73958,2.41818
202300028011,7,3,2023,2025-12-05 16:50:00,1,61,61168,1,1,1,1,D20 Pr11+480,48.61664,-0.358643
202300028012,17,1,2023,2025-12-05 07:40:00,5,27,27467,2,6,1,6,Rue Du President Georges Pompidou,49.350121,0.520574
202300028013,25,5,2023,2025-12-05 08:00:00,1,93,93059,2,1,1,6,Avenue Elisee Reclus,48.95131823,2.35790793
202300028014,13,4,2023,2025-12-05 23:45:00,5,75,75120,2,3,1,6,Rue De Bagnolet,48.858363,2.400705
202300028015,2,3,2023,2025-12-05 07:50:00,2,61,61298,1,1,1,3,D958,48.764364,-0.049073
202300028016,23,1,2023,2025-12-05 20:50:00,3,31,31395,1,1,1,2,A64,43.4812781,1.326213
202300028017,25,5,2023,2025-12-05 12:50:00,1,93,93064,2,1,1,3,Rue De La Cote Des Chenes,48.87162074,2.49556565
202300028018,24,1,2023,2025-12-05 06:10:00,3,6,6149,1,1,1,6,A8 Pk204.050 En Chaussee Sud,43.741426,7.331926
202300028019,16,4,2023,2025-12-05 18:30:00,1,75,75120,2,2,1,1,Rue Saint Fargeau,48.870772,2.399239
202300028020,25,5,2023,2025-12-05 01:25:00,5,93,93055,2,1,1,3,Avenue Jean Jaures,48.91645,2.40607
202300028021,7,3,2023,2025-12-05 07:50:00,1,12,12068,2,4,1,3,Baraque De Combrouze,44.315343,2.304822
202300028022,18,1,2023,2025-12-05 08:39:00,1,38,38064,1,1,2,5,A43,45.55974783,5.40382298
202300028023,16,4,2023,2025-12-05 13:02:00,1,75,75119,2,1,1,7,Boulevard De La Villette,48.879812,2.370433
202300028024,6,3,2023,2025-12-05 18:20:00,1,34,34326,1,1,1,6,D907,43.387756,2.759371
202300028025,25,5,2023,2025-12-05 16:55:00,1,93,93050,2,2,1,6,Place De La Resistance,48.85716088,2.53133308
202300028026,23,1,2023,2025-12-05 13:30:00,1,29,29233,2,1,1,6,Rue Pasteur,47.868599,-3.548073
202300028027,16,4,2023,2025-12-05 02:15:00,5,75,75117,2,3,1,6,Avenue De Saint Ouen,48.895768,2.328328
202300028028,5,3,2023,2025-12-05 16:50:00,1,39,39404,1,1,1,6,Adresse_Inconnue,46.696255,5.604983
202300028029,23,1,2023,2025-12-05 21:45:00,3,2B,2B355,1,1,1,6,Rt20,42.518025,9.400563
202300028030,25,5,2023,2025-12-05 08:15:00,1,93,93050,2,3,1,6,Boulevard Du Marechal Foch / Avenue Michel Debre,48.8541,2.51936
202300028031,23,1,2023,2025-12-05 17:45:00,5,5,5052,2,1,3,6,Route De La Gare,44.671934,6.617943
202300028032,7,3,2023,2025-12-05 07:00:00,1,25,25304,2,1,1,7,38 Rue Du Commandant Rolland,47.452364,6.87573
202300028033,16,4,2023,2025-12-05 15:15:00,1,75,75113,2,3,1,6,Rue De L Esperance,48.826018,2.347463
202300028034,25,5,2023,2025-12-05 09:25:00,1,93,93031,2,3,1,3,Avenue Du 18 Juin 1940 / Rue Du Port,48.95226449,2.30725855
202300028035,24,1,2023,2025-12-05 12:45:00,1,71,71275,1,1,1,1,D982,46.268864,4.034021
202300028036,16,4,2023,2025-12-05 13:20:00,1,75,75111,2,3,1,2,Avenue Parmentier,48.869995,2.37106
202300028037,18,1,2023,2025-12-05 18:25:00,5,67,67300,2,1,2,6,Route Industrielle De La Hardt,48.536876,7.500604
202300028038,7,3,2023,2025-12-05 22:00:00,3,3,3080,1,1,1,7,Route De Serbannes,46.104921,3.311037
202300028039,24,5,2023,2025-12-05 16:30:00,1,93,93008,2,1,1,4,Avenue Paul Vaillant - Couturier,48.90977,2.44484
202300028040,24,1,2023,2025-12-05 08:40:00,1,67,67438,1,1,1,7,D426,48.442405,7.590619
202300028041,24,1,2023,2025-12-05 10:00:00,1,74,74243,2,1,1,6,Rue Du General Pacthod,46.143606,6.080452
202300028042,25,5,2023,2025-12-05 19:05:00,1,93,93001,2,1,1,6,4 Rue Chapon,48.91561,2.3846
202300028043,16,4,2023,2025-12-05 20:45:00,4,94,94041,2,2,1,1,35 Boulevard De Brandebourg,48.81456007,2.39684612
202300028044,18,2,2023,2025-12-05 22:00:00,5,58,58095,2,1,1,7,Chemin Du Port Des Vignots,46.83747,3.473514
202300028045,16,1,2023,2025-12-05 10:00:00,1,73,73211,1,1,4,6,D925,45.711364,6.438804
202300028046,24,5,2023,2025-12-05 23:40:00,3,92,92078,2,3,1,6,Henry Barbusse (Rue)(Impairs),48.93608747,2.33389914
202300028047,7,3,2023,2025-12-05 11:15:00,1,6,6151,1,1,1,6,M2565,43.895449,7.252876
202300028048,23,1,2023,2025-12-05 08:30:00,1,17,17476,1,1,8,5,D19,45.365971,-0.438037
202300028049,15,4,2023,2025-12-05 23:20:00,5,93,93071,2,3,1,1,Avenue Henri Barbusse / Rue De La Campagne,48.93451,2.53847
202300028050,6,3,2023,2025-12-05 18:50:00,2,50,50419,1,1,8,6,Rue Du Puits (Herenguerville),48.981837,-1.508517
202300028051,21,1,2023,2025-12-05 01:45:00,3,29,29042,1,1,1,6,Route De Treyer,48.255884,-4.484417
202300028052,25,5,2023,2025-12-05 12:10:00,1,92,92064,2,1,1,6,Dix-Hui Juin,48.850079,2.221851
202300028053,16,4,2023,2025-12-05 14:56:00,1,93,93070,2,2,1,2,Rue Charles Schmidt / Avenue Gabriel Peri,48.90603437,2.33227462
202300028054,7,3,2023,2025-12-05 12:45:00,1,85,85084,1,2,1,3,Rd60,46.773738,-1.156676