num_acc,jour,mois,an,hrmn,lum,dep,com,agg,int,atm,col,adr,lat,long
202300028055,24,1,2023,2025-12-05 18:00:00,2,60,60360,1,1,1,1,Avenue Louis Aragon,49.33093179,2.45700475
202300028056,23,1,2023,2025-12-05 05:30:00,3,94,94034,1,1,1,6,A86,48.75630157,2.33994087
202300028057,25,5,2023,2025-12-05 09:30:00,1,92,92044,2,2,1,3,Baudin (Rue)85 + Et 86+,48.89894,2.28768
202300028058,16,4,2023,2025-12-05 11:00:00,1,93,93070,2,3,1,3,Rue Charles Schmidt / Rue Mathieu,48.90308583,2.33398184
202300028059,6,3,2023,2025-12-05 19:20:00,3,27,27100,1,1,1,4,Route De Beuzeville,49.354434,0.384355
202300028060,25,5,2023,2025-12-05 09:45:00,1,92,92044,2,2,1,6,Pdt Wilson(Rue)107A131 Et 110A130,48.89643344,2.28658587
202300028061,21,1,2023,2025-12-05 20:00:00,5,93,93006,1,1,1,2,Autoroute A3,48.86627623,2.41437177
202300028062,21,1,2023,2025-12-05 13:40:00,1,93,93078,1,1,8,2,Autoroute A104,48.962,2.54627
202300028063,7,3,2023,2025-12-05 18:00:00,1,28,28386,1,1,1,1,D939,48.565206,1.262012
202300028064,25,5,2023,2025-12-05 10:33:00,1,92,92040,2,4,1,6,Victor Hugo (Rond-Point),48.82790573,2.27404207
202300028065,16,4,2023,2025-12-05 15:30:00,1,93,93066,2,1,1,2,Avenue Du President Wilson,48.9047578,2.35824189
202300028066,25,5,2023,2025-12-05 09:40:00,1,92,92036,2,1,1,6,Lenine (Avenue),48.93297771,2.28481025
202300028067,21,2,2023,2025-12-05 19:30:00,3,19,19176,1,1,1,6,A89,45.412099,2.02053
202300028068,13,11,2023,2025-12-05 15:41:00,1,75,75110,2,4,2,6,Boulevard De Magenta,48.88198545,2.35101905
202300028069,23,1,2023,2025-12-05 18:40:00,3,94,94074,1,1,1,4,N406,48.7647343,2.4621159
202300028070,24,5,2023,2025-12-05 18:18:00,1,92,92025,2,1,1,6,Audra (Av),48.928049,2.250937
202300028071,24,2,2023,2025-12-05 19:20:00,3,72,72031,1,1,1,6,Autoroute A 11 Pk 145+400,48.087425,0.503697
202300028072,16,4,2023,2025-12-05 15:15:00,1,93,93064,2,1,1,6,Rue Du 4E Zouave,48.87251603,2.47679215
202300028073,13,11,2023,2025-12-05 17:25:00,5,94,94052,2,1,2,2,Boulevard De Strasbourg,48.842797,2.484977
202300028074,25,5,2023,2025-12-05 16:30:00,1,92,92024,2,1,1,3,Huit Mai 1945 (Rue Du),48.89830608,2.31010348
202300028075,7,3,2023,2025-12-05 10:40:00,1,6,6004,1,1,1,2,Autoroute A8 - Chaussee Sud,43.602475,7.078092
202300028076,16,4,2023,2025-12-05 17:20:00,1,93,93049,2,2,1,3,Avenue Georges Clemenceau / Rue Felix Faure,48.86513907,2.50559387
202300028077,12,11,2023,2025-12-05 18:55:00,5,94,94073,2,9,2,3,Avenue De Versailles,48.7613,2.40323
202300028078,25,5,2023,2025-12-05 13:30:00,1,92,92024,2,2,1,3,Martre De (4 A 54),48.900933,2.308013
202300028079,1,3,2023,2025-12-05 08:40:00,1,6,6088,1,1,1,4,"A8, Pk 193+300, Chaussee Nord",43.720591,7.215893
202300028080,13,11,2023,2025-12-05 12:10:00,1,94,94069,2,1,2,2,Avenue Saint Maurice Du Valais,48.81498,2.46293
202300028081,16,4,2023,2025-12-05 01:00:00,5,93,93032,2,1,1,7,Rue Hippolyte Pina,48.87113346,2.54366755
202300028082,25,5,2023,2025-12-05 09:00:00,1,92,92024,2,9,1,7,Jean Jaures (Bd) De 47 A 109)   (56 A 14,48.90079744,2.30552897
202300028083,7,3,2023,2025-12-05 23:10:00,3,51,51480,1,1,2,2,A4,49.147215,3.646291
202300028084,16,4,2023,2025-12-05 04:15:00,5,92,92073,2,1,1,3,Sellier (Boulevard Henri),48.86447654,2.21887533
202300028085,25,5,2023,2025-12-05 18:35:00,1,92,92004,2,1,1,2,Voltaire ( Bd ),48.91796,2.28434
202300028086,13,11,2023,2025-12-05 20:45:00,5,93,93071,2,1,1,3,Avenue John Fitzgerald Kennedy,48.93893767,2.51300723
202300028087,25,5,2023,2025-12-05 20:45:00,1,80,80095,1,1,1,7,D114,50.093681,2.560772
202300028088,16,4,2023,2025-12-05 11:00:00,1,92,92064,2,1,1,6,Marcel Dassault,48.85731088,2.22348154
202300028089,13,11,2023,2025-12-05 18:45:00,5,93,93010,2,1,2,2,Avenue Gallieni,48.906166,2.481345
202300028090,8,3,2023,2025-12-05 13:30:00,1,988,98827,1,3,1,3,Chemin Prive/Rt1,-21.32357,165.12482
202300028091,26,5,2023,2025-12-05 07:21:00,1,51,51647,1,3,1,3,D982,48.738921,4.617549
202300028092,13,11,2023,2025-12-05 01:23:00,5,93,93057,2,2,2,3,Avenue Aristide Briand / Allee Des Archers,48.909766,2.507322
202300028093,26,5,2023,2025-12-05 13:00:00,1,973,97362,2,1,1,6,Rue Du Gran Man Awinsai,3.806984,-54.149267
202300028094,7,3,2023,2025-12-05 12:00:00,1,988,98826,1,1,1,7,Lieu Dit Barabach - Rpn1,-20.29412,164.166437
202300028095,16,4,2023,2025-12-05 18:40:00,3,974,97415,1,1,1,4,N1,-20.971122,55.298814
202300028096,24,5,2023,2025-12-05 12:25:00,1,49,49092,1,1,1,2,D160,47.22762,-0.723435
202300028097,13,11,2023,2025-12-05 20:35:00,5,93,93005,2,5,8,3,Rue De La Division Leclerc / Rue Turgot,48.927733,2.483297
202300028098,13,11,2023,2025-12-05 08:40:00,1,93,93001,2,1,2,6,Rue Charron,48.914599,2.385009
202300028099,26,5,2023,2025-12-05 11:00:00,1,44,44041,1,1,1,1,Adresse_Inconnue,47.09401,-1.556472
202300028100,6,3,2023,2025-12-05 17:30:00,1,66,66164,1,1,1,2,Adresse_Inconnue,42.778967,2.903261
202300028101,13,11,2023,2025-12-05 09:15:00,1,92,92078,2,1,2,3,Bongarde (Rue),48.92665923,2.32069659
202300028102,25,5,2023,2025-12-05 19:30:00,1,28,28061,1,1,1,1,D955,48.216752,1.139188
202300028103,6,3,2023,2025-12-05 10:20:00,1,83,83066,1,1,1,2,Route De Vinon,43.684803,5.840017
202300028104,13,11,2023,2025-12-05 19:56:00,5,92,92072,2,1,2,7,Grande Rue,48.8269927,2.22160488
202300028105,13,11,2023,2025-12-05 07:35:00,2,92,92050,2,3,2,6,Fontanot Place Des Trois,48.8961285,2.22055078
202300028106,24,5,2023,2025-12-05 11:10:00,1,63,63399,1,1,1,6,Lieu Dit Chez Lanna,45.643611,2.614438
202300028107,14,2,2023,2025-12-05 09:21:00,1,73,73050,1,1,1,1,D1504 - Route Du Tunnel,45.68731,5.844651
202300028108,13,11,2023,2025-12-05 20:20:00,5,92,92040,2,2,2,6,Vaudetard,48.82602722,2.27781951
202300028109,24,5,2023,2025-12-05 18:55:00,1,59,59653,1,3,1,1,M145B,50.582678,2.908679
202300028110,13,11,2023,2025-12-05 08:00:00,2,92,92040,2,1,2,7,Victor Hugo,48.82641334,2.2755821
202300028111,21,5,2023,2025-12-05 19:45:00,3,974,97413,1,1,1,7,283 Route Hubert Delisle,-21.177156,55.328043
202300028112,3,3,2023,2025-12-05 07:30:00,2,72,72154,2,1,1,3,Avenue Rhin-Et-Danube,47.70169,-0.082795
202300028113,13,11,2023,2025-12-05 11:05:00,1,92,92036,2,1,2,6,Jean Grandel (Place),48.93290577,2.2963893
202300028114,6,3,2023,2025-12-05 13:45:00,1,27,27287,1,1,1,7,D830,48.973576,0.995185
202300028115,24,5,2023,2025-12-05 14:15:00,1,34,34123,1,1,1,2,N109,43.605964,3.811316
202300028116,13,11,2023,2025-12-05 15:40:00,1,92,92012,2,1,2,1,Chateau (Rue Du) 1/125 - 2/136,48.84211843,2.23946071
202300028117,16,5,2023,2025-12-05 20:00:00,1,62,62234,1,1,1,6,D340,50.302296,2.188806
202300028118,25,5,2023,2025-12-05 23:55:00,3,62,62068,1,1,1,7,D919,50.16857667,2.72682558
202300028119,7,3,2023,2025-12-05 18:07:00,1,13,13202,1,1,2,3,A55-Sens Martigues Vers Marseille,43.312345,5.366788
202300028120,12,11,2023,2025-12-05 21:45:00,5,92,92002,2,1,2,2,Raymon Aron (Avenue),48.76836045,2.31094551
202300028121,24,5,2023,2025-12-05 18:20:00,1,56,56126,1,1,1,3,Pont De Kerroc,47.527808,-2.320325
202300028122,13,11,2023,2025-12-05 20:20:00,5,62,62447,2,3,3,6,D928,50.37767699,2.03476411
202300028123,6,3,2023,2025-12-05 20:25:00,5,69,69259,1,1,1,5,Boulevard Peripherique Laurent Bonnevay,45.72279,4.88906
202300028124,25,5,2023,2025-12-05 17:00:00,1,56,56164,1,3,1,3,Belma,47.66082188,-2.84075796
202300028125,13,11,2023,2025-12-05 07:30:00,2,84,84037,1,1,1,1,Pk 4 D17,44.043744,4.848088
202300028126,26,5,2023,2025-12-05 16:30:00,1,65,65031,1,1,1,1,Route De Lannemezan,42.921502,0.363836
202300028127,5,3,2023,2025-12-05 05:00:00,3,59,59530,1,1,2,5,Autoroute A2,50.43839722,3.6663426
202300028128,13,11,2023,2025-12-05 17:35:00,3,1,1075,1,1,2,1,Chemin De Briandas,46.020456,4.789967
202300028129,7,3,2023,2025-12-05 09:35:00,1,94,94003,1,1,1,2,A6A,48.8128373,2.3365056
202300028130,13,11,2023,2025-12-05 12:13:00,1,37,37008,1,1,2,6,Autoroute A85,47.29691819,0.93188524
202300028131,26,5,2023,2025-12-05 08:06:00,1,71,71484,1,2,1,3,D178,46.680857,5.240146
202300028132,13,11,2023,2025-12-05 00:00:00,3,62,62784,1,1,2,6,D23E1,50.21392371,2.54286861
202300028133,7,3,2023,2025-12-05 01:50:00,4,92,92050,1,1,1,2,A86,48.91244561,2.21780957
202300028134,26,5,2023,2025-12-05 13:00:00,1,71,71392,2,3,7,2,Carrefour D981/Place Salle Des Fetes,46.655282,4.683917
202300028135,14,11,2023,2025-12-05 15:29:00,1,34,34077,1,1,1,1,Avenue Du Martinet,43.649321,3.884064
202300028136,23,5,2023,2025-12-05 15:00:00,1,71,71543,2,1,1,3,D215,46.570176,4.885955
202300028137,6,3,2023,2025-12-05 07:10:00,2,78,78490,1,1,1,4,Rn12 Int,48.800647,1.954138
202300028138,6,3,2023,2025-12-05 08:05:00,1,92,92063,1,1,1,7,A86 Duplex,48.87145721,2.15725696
202300028139,26,5,2023,2025-12-05 18:30:00,1,89,89232,1,1,1,2,Adresse_Inconnue,47.545344,3.906927
202300028140,13,11,2023,2025-12-05 12:15:00,1,51,51211,1,3,2,4,D3,49.071736,4.820836
202300028141,7,3,2023,2025-12-05 17:00:00,1,94,94069,1,1,1,2,A4,48.81745795,2.41989569
202300028142,3,3,2023,2025-12-05 15:30:00,1,75,75115,2,2,1,6,Rue Olivier De Serres,48.834482,2.295678
202300028143,26,5,2023,2025-12-05 11:15:00,1,12,12133,2,1,1,6,6 Route De La Fontal,44.31474,2.554552
202300028144,14,11,2023,2025-12-05 07:20:00,3,59,59159,1,1,8,5,D300,50.968118,2.228995
202300028145,5,3,2023,2025-12-05 19:10:00,5,75,75105,2,3,1,7,Boulevard Saint Michel,48.848322,2.34153
202300028146,24,5,2023,2025-12-05 11:30:00,1,42,42230,2,9,1,6,50 Rue Pasteur,45.83079011,4.01489232
202300028147,14,11,2023,2025-12-05 11:50:00,1,79,79322,1,1,2,7,Adresse_Inconnue,46.612238,-0.289335
202300028148,6,3,2023,2025-12-05 09:30:00,1,75,75120,2,2,1,7,Rue Duris,48.865742,2.387548
202300028149,25,5,2023,2025-12-05 06:35:00,1,42,42289,2,2,7,3,Route De Regny,45.950669,4.206675
202300028150,14,11,2023,2025-12-05 07:30:00,2,82,82189,2,1,5,6,14 Rue De Moissac,44.189109,1.281667
202300028151,6,3,2023,2025-12-05 10:08:00,1,75,75119,2,1,1,3,Boulevard De La Villette,48.879798,2.370502
202300028152,23,5,2023,2025-12-05 17:30:00,1,46,46185,1,1,1,2,Lieu Dit Le Treil,44.934505,1.596794
202300028153,6,3,2023,2025-12-05 08:55:00,1,75,75119,2,2,1,3,Rue D Aubervilliers,48.895278,2.371979
202300028154,25,5,2023,2025-12-05 09:20:00,1,34,34219,2,1,1,6,D908,43.528638,2.83428
202300028155,13,11,2023,2025-12-05 17:50:00,3,11,11220,1,1,1,6,D57,43.214294,2.536726
202300028156,6,3,2023,2025-12-05 19:20:00,5,75,75115,2,3,1,2,Rue Lecourbe,48.843762,2.306555
202300028157,22,5,2023,2025-12-05 18:00:00,1,22,22085,1,1,1,6,Ar Poul,48.82591685,-3.18543077
202300028158,14,11,2023,2025-12-05 08:00:00,2,89,89382,2,1,2,7,Route De Brienon,47.9109,3.6017
202300028159,5,3,2023,2025-12-05 12:30:00,1,75,75115,2,3,1,2,Rue De Vaugirard,48.840895,2.305895
202300028160,20,5,2023,2025-12-05 16:35:00,1,22,22221,1,1,1,3,D74,48.786311,-3.283603
202300028161,14,11,2023,2025-12-05 09:25:00,1,86,86148,1,2,3,3,D741,46.426473,0.378768
202300028162,6,3,2023,2025-12-05 18:00:00,2,75,75111,2,2,1,3,Boulevard De Belleville,48.870744,2.378114
202300028163,25,5,2023,2025-12-05 16:52:00,1,2,2341,1,1,1,1,Adresse_Inconnue,49.821341,3.857773
202300028164,13,11,2023,2025-12-05 17:25:00,2,34,34150,2,1,1,6,Promenade De La Belle Scribote,43.346364,3.531337
202300028165,6,3,2023,2025-12-05 15:40:00,1,75,75111,2,2,8,2,Rue De Charonne,48.855113,2.387127
202300028166,26,5,2023,2025-12-05 17:20:00,1,70,70228,2,3,1,1,Rue Des Glacis,47.766013,6.104847
202300028167,8,11,2023,2025-12-05 07:18:00,1,34,34130,1,2,1,5,Intersection D909 / D136,43.520917,3.188921
202300028168,26,5,2023,2025-12-05 16:15:00,1,66,66167,1,1,1,1,Adresse_Inconnue,42.467681,2.034682
202300028169,6,3,2023,2025-12-05 09:05:00,1,75,75109,2,2,1,3,Rue Drouot,48.874086,2.340722
202300028170,26,5,2023,2025-12-05 04:45:00,3,66,66053,1,1,1,7,Adresse_Inconnue,42.518176,3.070217
202300028171,30,10,2023,2025-12-05 13:50:00,1,25,25564,1,1,2,3,D12,47.186358,5.887985
202300028172,26,5,2023,2025-12-05 15:00:00,1,14,14086,1,1,1,2,6 Route De Pont-L'Eveque,49.333453,0.113334
202300028173,5,3,2023,2025-12-05 15:20:00,1,75,75104,2,2,1,1,Rue Saint Antoine,48.853943,2.364717
202300028174,26,5,2023,2025-12-05 01:45:00,3,14,14143,1,1,1,6,D71,49.092164,-0.787346
202300028175,26,5,2023,2025-12-05 13:45:00,1,60,60444,1,9,1,6,D150,49.629484,1.776938
202300028176,6,3,2023,2025-12-05 16:05:00,1,94,94067,2,1,8,6,Avenue Du General De Gaulle,48.83779008,2.41787276
202300028177,14,11,2023,2025-12-05 11:55:00,1,38,38347,1,1,1,1,D20,45.261691,5.219718
202300028178,22,5,2023,2025-12-05 13:32:00,1,45,45182,1,1,1,2,D15 Pr 20 + 200,47.703802,1.791378
202300028179,6,3,2023,2025-12-05 18:15:00,1,93,93048,2,3,1,3,Rue De Vincennes / Rue Des Meuniers,48.85098301,2.43442789
202300028180,13,11,2023,2025-12-05 15:10:00,1,45,45272,1,1,3,2,D2020,47.813126,1.928487
202300028181,6,3,2023,2025-12-05 17:20:00,1,93,93048,2,1,1,6,125 Rue De Paris,48.85635875,2.42667362
202300028182,26,5,2023,2025-12-05 17:47:00,1,64,64152,1,3,1,1,Route De Pau,43.336927,-0.328174
202300028183,12,11,2023,2025-12-05 19:15:00,3,27,27103,2,6,2,3,Rue Du Docteur Duvrac,49.360097,0.817033
202300028184,6,3,2023,2025-12-05 13:45:00,1,93,93014,2,1,1,2,8 Avenue De Sevigne,48.912854,2.54429
202300028185,24,5,2023,2025-12-05 18:40:00,1,53,53036,1,4,1,3,Le Coin,47.895075,-0.500264
202300028186,24,5,2023,2025-12-05 02:00:00,3,53,53141,1,1,1,7,D57 Pk23G+100,48.06548,-0.632452
202300028187,13,11,2023,2025-12-05 20:00:00,5,37,37211,2,1,2,1,31 Grand Rue,47.223346,0.773404
202300028188,6,3,2023,2025-12-05 13:50:00,1,93,93047,2,1,1,4,Rue Henri Barbusse,48.900594,2.568029
202300028189,14,11,2023,2025-12-05 14:10:00,1,68,68375,2,1,3,7,44 Rue Pasteur,47.785349,7.215762
202300028190,26,5,2023,2025-12-05 12:15:00,1,27,27426,1,3,1,1,D10,49.272992,1.716329
202300028191,5,3,2023,2025-12-05 13:00:00,1,93,93001,2,1,1,6,Avenue De La Republique,48.9097265,2.3860918
202300028192,25,5,2023,2025-12-05 18:07:00,1,28,28206,1,3,1,3,D134.1,48.686923,1.201748
202300028193,5,3,2023,2025-12-05 10:30:00,1,92,92050,2,1,1,3,Sartrouville Rue De,48.91343,2.21886
202300028194,14,11,2023,2025-12-05 15:00:00,1,31,31107,1,1,1,4,Autoroute A64,43.324335,1.225276
202300028195,26,5,2023,2025-12-05 13:30:00,1,87,87205,1,3,1,3,Le Boudaud,45.77583,1.289113
202300028196,6,3,2023,2025-12-05 10:30:00,1,33,33162,1,1,1,5,Rocade A 630,44.87958419,-0.62763423
202300028197,14,11,2023,2025-12-05 15:26:00,1,31,31107,1,1,1,4,235+550,43.317622,1.213861
202300028198,24,5,2023,2025-12-05 20:05:00,1,78,78571,1,1,1,1,Chemin Departemental 74,48.856703,2.002065
202300028199,6,3,2023,2025-12-05 15:50:00,1,92,92060,1,1,1,2,Rn 385 Exterieure,48.77442413,2.24051438
202300028200,26,5,2023,2025-12-05 19:35:00,1,6,6079,1,1,1,6,A8 Pk 158+500,43.558069,6.951792
202300028201,13,11,2023,2025-12-05 12:20:00,1,3,3193,1,1,2,3,A 71- Pk 282+200,46.509724,2.627819
202300028202,6,3,2023,2025-12-05 08:56:00,1,94,94003,1,1,1,3,A6A,48.80243756,2.34202217
202300028203,26,5,2023,2025-12-05 07:00:00,1,6,6149,1,1,1,2,A8 Pk 202.600 Chaussee Sud,43.738422,7.32419
202300028204,12,11,2023,2025-12-05 08:55:00,1,1,1228,1,1,2,6,Echangeur A40-A404 (Embranchement D'Autoroute),46.136713,5.536766
202300028205,25,5,2023,2025-12-05 18:45:00,1,51,51571,1,1,1,2,A4 Pk 153.800,49.161642,4.191628
202300028206,13,11,2023,2025-12-05 18:15:00,3,78,78571,1,1,8,3,307,48.862094,1.994064
202300028207,6,3,2023,2025-12-05 08:35:00,1,91,91589,1,1,1,4,Autoroute A6,48.67996,2.3327
202300028208,6,3,2023,2025-12-05 06:30:00,3,91,91521,1,1,1,6,Autoroute A6,48.63547,2.40101
202300028209,26,5,2023,2025-12-05 16:05:00,1,69,69072,2,1,1,1,Chemin Des Hirondelles,45.80498,4.76274
202300028210,13,11,2023,2025-12-05 21:14:00,3,90,90097,1,1,3,5,Autoroute A36,47.569645,6.857281
202300028211,13,11,2023,2025-12-05 20:35:00,5,68,68118,1,1,2,6,Route Departementale 201,47.739978,7.416001
202300028212,6,3,2023,2025-12-05 18:40:00,5,93,93048,1,1,1,3,Autoroute A86,48.86544542,2.48185307
202300028213,25,5,2023,2025-12-05 21:40:00,5,988,98817,2,3,2,1,Rps1 A Hauteur Zone Artisanale De La Coulee/Rue Gaetan Brini,-22.23697,166.5999
202300028214,6,3,2023,2025-12-05 17:00:00,1,95,95212,1,1,1,2,A1,49.029551,2.538581
202300028215,25,5,2023,2025-12-05 08:40:00,1,972,97228,1,1,1,3,Rn 1 - Ancienne Tannerie,14.800318,-61.006522
202300028216,13,11,2023,2025-12-05 18:10:00,2,13,13025,1,1,1,1,Quartier Les Reys,43.490568,5.575111
202300028217,5,3,2023,2025-12-05 11:05:00,1,95,95306,1,1,1,6,A15,49.00831775,2.1595595
202300028218,26,5,2023,2025-12-05 05:30:00,2,18,18207,1,1,1,1,Adresse_Inconnue,47.008997,2.273741
202300028219,4,3,2023,2025-12-05 21:10:00,3,93,93027,1,1,1,6,Autoroute A86,48.92630539,2.40132558
202300028220,26,5,2023,2025-12-05 08:30:00,1,78,78380,2,3,1,6,10 Rue D?Orleans,48.908569,1.851078
202300028221,14,11,2023,2025-12-05 13:15:00,1,78,78655,1,1,2,3,D906,48.657903,1.901557
202300028222,5,3,2023,2025-12-05 04:50:00,3,93,93005,1,1,1,2,Autoroute A3,48.96594,2.47671
202300028223,25,5,2023,2025-12-05 02:00:00,3,83,83107,2,1,1,3,Route De La Bouverie,43.467129,6.657141
202300028224,6,3,2023,2025-12-05 09:55:00,1,94,94028,1,1,1,5,A86,48.80103887,2.4472408
202300028225,13,11,2023,2025-12-05 15:05:00,1,34,34199,1,2,1,3,Chemin De Castres,43.471453,3.41619
202300028226,26,5,2023,2025-12-05 16:15:00,1,21,21371,1,1,1,1,D31,47.129776,5.359676
202300028227,10,11,2023,2025-12-05 06:50:00,3,83,83112,1,1,2,6,Route De Bandol,43.16373,5.719392
202300028228,25,5,2023,2025-12-05 15:50:00,1,67,67188,1,1,1,7,Route Nationale,48.534036,7.379095
202300028229,6,3,2023,2025-12-05 08:20:00,1,94,94017,1,1,1,5,A4,48.82678408,2.51416833
202300028230,26,5,2023,2025-12-05 18:54:00,1,54,54437,1,1,1,6,D115B,48.55166,6.12449
202300028231,6,3,2023,2025-12-05 07:20:00,5,94,94052,1,1,1,2,A86,48.83441554,2.49343043
202300028232,25,5,2023,2025-12-05 14:00:00,1,38,38374,1,3,1,3,D522,45.660928,5.323694
202300028233,13,11,2023,2025-12-05 18:15:00,3,89,89037,1,1,3,4,A6 Pk 132+100,47.9192,3.2865
202300028234,6,3,2023,2025-12-05 07:00:00,2,93,93051,1,1,1,4,A4,48.83620546,2.5559632
202300028235,13,5,2023,2025-12-05 15:40:00,1,38,38035,1,2,1,2,520 Route De Vienne,45.498963,5.088773
202300028236,13,11,2023,2025-12-05 17:45:00,5,67,67544,2,1,2,6,Allee Des Peupliers,49.029863,7.958329
202300028237,2,3,2023,2025-12-05 21:00:00,5,973,97302,2,1,1,3,Mango (Route),4.9319,-52.31776
202300028238,23,5,2023,2025-12-05 17:35:00,1,26,26196,1,1,1,1,Route De Lorient,44.867854,4.919279
202300028239,12,11,2023,2025-12-05 02:00:00,5,42,42056,2,3,2,6,Route Departementale 1086,45.438284,4.74689
202300028240,5,3,2023,2025-12-05 05:09:00,5,69,69387,2,2,1,3,Avenue Berthelot,45.74778,4.83361
202300028241,26,5,2023,2025-12-05 12:10:00,1,7,7042,1,1,7,5,D86,44.372544,4.647893
202300028242,5,3,2023,2025-12-05 11:55:00,1,69,69382,2,1,1,6,12 Rue Neuve,45.76519728,4.83507543
202300028243,14,11,2023,2025-12-05 08:50:00,1,42,42299,2,6,2,3,Rue De Lyon,45.6080405,4.08813919
202300028244,25,5,2023,2025-12-05 09:30:00,1,86,86123,1,2,1,3,D21,46.585139,0.110357
202300028245,14,11,2023,2025-12-05 09:00:00,1,7,7324,2,1,1,6,Quai Farconnet,45.069065,4.829612
202300028246,5,3,2023,2025-12-05 13:10:00,1,91,91589,2,2,1,3,Av Des Ecoles,48.686945,2.352698
202300028247,25,5,2023,2025-12-05 23:45:00,3,33,33366,1,1,1,6,D669,45.01034069,-0.46570416
202300028248,14,11,2023,2025-12-05 11:35:00,1,69,69296,1,3,1,1,Route Departementale 307,45.647352,4.856279
202300028249,25,5,2023,2025-12-05 19:00:00,1,33,33080,1,1,1,2,347 Avenue De Toulouse,44.756101,-0.552042
202300028250,5,3,2023,2025-12-05 19:15:00,5,81,81004,2,3,1,3,Thomas (Av Albert),43.939638,2.148318
202300028251,13,11,2023,2025-12-05 19:00:00,3,69,69249,1,1,1,6,La Durantiere,45.67167281,4.60691264
202300028252,25,5,2023,2025-12-05 09:45:00,1,33,33422,2,6,1,3,Avenue De Bordeaux,44.809571,-0.775051
202300028253,30,10,2023,2025-12-05 21:40:00,3,47,47157,2,1,1,6,Route De Laubaney,44.483509,0.155118
202300028254,25,5,2023,2025-12-05 20:30:00,2,22,22178,1,3,1,3,D21,48.696081,-3.025017
202300028255,5,3,2023,2025-12-05 15:20:00,1,69,69282,2,8,1,3,38 Avenue Du Carreau,45.77271,4.99028
202300028256,12,11,2023,2025-12-05 18:35:00,5,33,33449,1,6,1,3,Deviation Du Taillan-Medoc - D1215E1,44.90494514,-0.74586332
202300028257,26,5,2023,2025-12-05 17:45:00,1,60,60107,1,1,1,2,D1016,49.37363197,2.4357103
202300028258,5,3,2023,2025-12-05 13:00:00,1,69,69266,2,3,1,3,Rue De L'Espoir,45.78108,4.88234
202300028259,10,11,2023,2025-12-05 22:14:00,5,33,33280,1,3,2,3,D937,45.1664,-0.617228
202300028260,18,5,2023,2025-12-05 04:15:00,3,13,13056,1,1,1,4,A55-Sens Marseille Vers Martigues,43.3986,5.0858
202300028261,5,3,2023,2025-12-05 07:25:00,2,69,69266,2,2,1,3,Cours De La Republique,45.7697,4.87371
202300028262,14,11,2023,2025-12-05 08:00:00,3,61,61074,1,1,2,1,D908,48.573816,-0.16093
202300028263,25,5,2023,2025-12-05 07:50:00,1,13,13071,1,1,3,4,A7-Sens Marseille Vers Lyon,43.40477,5.34026
202300028264,10,11,2023,2025-12-05 18:30:00,5,14,14047,2,1,2,1,1 Rue Saint Quentin,49.281486,-0.696639
202300028265,23,2,2023,2025-12-05 13:25:00,1,59,59021,2,3,1,6,Boussois (Route De),50.28852,4.01706
202300028266,21,5,2023,2025-12-05 19:20:00,1,67,67447,1,1,1,6,M35,48.60321,7.73024
202300028267,9,11,2023,2025-12-05 09:05:00,1,27,27070,1,1,1,1,Rd 6014,49.292354,1.474539
202300028268,4,3,2023,2025-12-05 15:30:00,1,44,44109,2,1,1,1,Boulevard Du Massacre,47.222539,-1.602686
202300028269,12,11,2023,2025-12-05 21:20:00,3,60,60355,1,1,1,6,N31,49.41208634,2.20560408
202300028270,25,5,2023,2025-12-05 17:45:00,1,94,94021,1,1,1,3,A6A,48.76849278,2.34465162
202300028271,4,3,2023,2025-12-05 17:10:00,1,42,42218,2,1,1,3,Rue Des Docteurs Charcot,45.41837,4.393
202300028272,10,11,2023,2025-12-05 16:40:00,1,69,69259,1,1,1,2,Boulevard Peripherique Laurent Bonnevay,45.71799,4.86651
202300028273,25,5,2023,2025-12-05 17:27:00,1,91,91553,1,1,1,2,Rn 104,48.63025,2.48593
202300028274,4,3,2023,2025-12-05 10:50:00,1,34,34172,2,1,1,6,Rue De La Madeleine,43.58303,3.860631
202300028275,13,11,2023,2025-12-05 07:50:00,1,69,69271,1,1,2,6,Route Departementale 302,45.75057,4.98504
202300028276,13,11,2023,2025-12-05 01:20:00,3,42,42218,1,1,2,6,A72,45.440788,4.43201
202300028277,25,5,2023,2025-12-05 14:21:00,1,78,78007,1,1,1,4,A13W,48.89707,2.006425
202300028278,5,3,2023,2025-12-05 18:30:00,1,33,33063,2,3,1,3,Cours Victor Hugo,44.83496639,-0.57204679
202300028279,8,11,2023,2025-12-05 15:25:00,1,57,57206,1,1,1,2,Autoroute A30,49.30607,6.12694
202300028280,5,3,2023,2025-12-05 18:15:00,2,30,30243,1,1,1,1,Montee Des Cypres,44.10089,4.08126
202300028281,25,5,2023,2025-12-05 11:15:00,1,92,92047,1,1,1,3,A13,48.83444245,2.17035024
202300028282,13,11,2023,2025-12-05 19:55:00,4,33,33281,1,1,1,6,Rocade A 630,44.83649689,-0.67635655
202300028283,25,5,2023,2025-12-05 08:00:00,1,78,78362,1,1,1,2,A13,48.977214,1.714992
202300028284,5,3,2023,2025-12-05 09:40:00,1,30,30007,2,3,1,3,Montee De Silhol,44.12751,4.09629