num_acc,jour,mois,an,hrmn,lum,dep,com,agg,int,atm,col,adr,lat,long
202300028285,9,9,2023,2025-12-05 10:40:00,1,6,6088,2,1,1,6,Delfino (Bd General),43.705388,7.284645
202300028286,13,11,2023,2025-12-05 18:01:00,2,33,33065,1,1,2,4,Route Nationale 230,44.81128591,-0.52212685
202300028287,25,5,2023,2025-12-05 07:05:00,1,78,78029,1,1,1,2,A13W,48.967012,1.854769
202300028288,4,9,2023,2025-12-05 08:40:00,2,3,3321,2,7,7,6,Ferry (Place Jules),46.56617,3.3536
202300028289,9,11,2023,2025-12-05 20:15:00,3,62,62528,1,1,2,7,A21,50.44050212,2.77754155
202300028290,24,2,2023,2025-12-05 04:15:00,5,13,13211,2,1,2,1,Emmanuel Allard (Rue),43.28997198,5.44059195
202300028291,8,9,2023,2025-12-05 18:55:00,1,75,75112,2,1,1,6,Porte De Vincennes,48.844051,2.413842
202300028292,25,5,2023,2025-12-05 16:30:00,1,93,93007,1,1,1,5,Autoroute A1,48.94736,2.44359
202300028293,5,3,2023,2025-12-05 03:45:00,5,13,13211,2,1,1,3,Pomme (Boulevard De La ),43.2921365,5.44919436
202300028294,13,11,2023,2025-12-05 16:15:00,1,91,91521,1,1,1,3,Rn 104,48.62754,2.3995
202300028295,7,9,2023,2025-12-05 16:05:00,1,75,75118,2,1,1,3,Porte De Clignancourt,48.900868,2.342645
202300028296,25,5,2023,2025-12-05 05:20:00,5,93,93066,1,1,1,2,Autoroute A86,48.92208986,2.35860909
202300028297,5,3,2023,2025-12-05 14:25:00,1,13,13205,2,1,1,3,Jean Moulin (Boulevard),43.28859021,5.40022641
202300028298,13,11,2023,2025-12-05 06:50:00,4,91,91521,1,1,2,5,Rn 104,48.63567,2.40165
202300028299,5,3,2023,2025-12-05 06:40:00,1,13,13204,2,1,1,6,Francoise Duparc (Boulevard),43.30142,5.40094
202300028300,9,9,2023,2025-12-05 16:50:00,1,75,75119,2,1,1,6,Rue De Crimee,48.89139,2.375924
202300028301,24,5,2023,2025-12-05 23:40:00,3,93,93007,1,1,1,2,Autoroute A3,48.94376249,2.47766197
202300028302,4,3,2023,2025-12-05 19:40:00,2,13,13047,1,1,1,3,D 10,43.59284,4.96695
202300028303,13,11,2023,2025-12-05 08:30:00,1,78,78646,1,1,2,2,Rn12,48.789607,2.126618
202300028304,24,5,2023,2025-12-05 19:10:00,1,93,93006,1,1,1,4,Autoroute A3,48.86765,2.42752
202300028305,9,9,2023,2025-12-05 13:26:00,1,75,75119,2,3,1,6,Avenue Jean Jaures,48.888775,2.393104
202300028306,12,11,2023,2025-12-05 23:16:00,3,92,92025,1,1,2,6,A86,48.93542176,2.2605831
202300028307,24,5,2023,2025-12-05 18:20:00,1,93,93027,1,1,1,3,Autoroute A86,48.92568,2.39782
202300028308,9,9,2023,2025-12-05 12:30:00,1,75,75118,2,1,1,6,Rue Caulaincourt,48.885086,2.330293
202300028309,4,3,2023,2025-12-05 10:30:00,1,95,95527,1,1,8,5,Aeroport Charles De Gaulle,49.011,2.55239
202300028310,13,11,2023,2025-12-05 16:30:00,2,93,93027,1,1,2,6,Autoroute A86,48.92648671,2.40257539
202300028311,24,5,2023,2025-12-05 18:00:00,1,93,93006,1,1,1,2,Autoroute A3,48.86577158,2.41749625
202300028312,13,11,2023,2025-12-05 12:00:00,1,95,95018,1,1,2,6,A15,48.95871451,2.27421284
202300028313,8,9,2023,2025-12-05 23:25:00,5,75,75117,2,3,1,3,Avenue De Wagram,48.876294,2.296859
202300028314,4,3,2023,2025-12-05 05:50:00,5,75,75117,2,1,1,5,Porte De Saint Ouen,48.899311,2.31838
202300028315,24,5,2023,2025-12-05 14:00:00,1,92,92036,1,1,1,3,Autoroute A15,48.93788866,2.29766722
202300028316,13,11,2023,2025-12-05 09:25:00,1,93,93005,1,1,2,3,Autoroute A104,48.97165,2.49617
202300028317,3,3,2023,2025-12-05 21:05:00,2,75,75112,2,1,1,3,Bd Peripherique Exterieur Porte De Vincennes,48.845831,2.414445
202300028318,9,9,2023,2025-12-05 13:30:00,1,75,75115,2,3,1,6,Rue Du Commerce,48.84558,2.294663
202300028319,24,5,2023,2025-12-05 11:30:00,1,93,93063,1,1,1,2,Autoroute A3,48.87669083,2.44286735
202300028320,13,11,2023,2025-12-05 05:00:00,3,93,93027,1,1,2,6,A16,48.93263,2.40321
202300028321,3,3,2023,2025-12-05 18:00:00,5,75,75118,2,1,1,4,Bd Peripherique Exterieur Porte De La Chapelle,48.900899,2.361608
202300028322,24,5,2023,2025-12-05 12:00:00,1,94,94069,1,1,1,4,A4,48.81761421,2.41995748
202300028323,8,9,2023,2025-12-05 09:30:00,1,75,75115,2,2,1,2,Rue De La Federation,48.853798,2.294168
202300028324,4,3,2023,2025-12-05 11:30:00,1,75,75116,2,1,1,2,Avenue De New York,48.86274088,2.29442328
202300028325,12,11,2023,2025-12-05 22:41:00,3,93,93078,1,1,2,3,Autoroute A104,48.96179,2.52377
202300028326,9,9,2023,2025-12-05 19:40:00,2,75,75110,2,7,1,7,Place Franz Liszt,48.87807278,2.35129175
202300028327,13,11,2023,2025-12-05 08:45:00,1,77,77249,1,1,2,3,Rn104,48.72828524,2.60506736
202300028328,24,5,2023,2025-12-05 09:00:00,1,77,77251,1,1,1,4,Rn104,48.645136,2.546884
202300028329,5,3,2023,2025-12-05 20:00:00,5,75,75115,2,2,1,3,Rue De Vouille,48.835388,2.302782
202300028330,9,9,2023,2025-12-05 00:15:00,5,75,75109,2,1,1,2,Boulevard Haussmann,48.872472,2.336651
202300028331,9,1,2023,2025-12-05 15:50:00,1,44,44055,2,1,1,6,38 Boulevard Du Docteur Rene Dubois,47.28022,-2.38098
202300028332,13,11,2023,2025-12-05 07:50:00,1,77,77083,1,1,8,3,A4.W,48.83120762,2.60505058
202300028333,5,3,2023,2025-12-05 01:35:00,5,75,75112,2,9,1,6,Avenue Du Tremblay,48.827269,2.464363
202300028334,12,11,2023,2025-12-05 22:00:00,3,94,94073,1,1,3,6,A86,48.768846,2.37919993
202300028335,9,9,2023,2025-12-05 01:25:00,5,75,75107,2,1,1,1,Quai Voltaire,48.858989,2.330984
202300028336,24,5,2023,2025-12-05 13:15:00,1,91,91286,2,2,1,3,Jean-Jacques Rousseau (Rue),48.64789,2.37952
202300028337,12,11,2023,2025-12-05 03:50:00,5,94,94052,1,1,3,4,A86,48.83259993,2.49223714
202300028338,24,5,2023,2025-12-05 09:25:00,1,75,75112,2,2,1,6,Boulevard De La Bastille,48.84584,2.367634
202300028339,9,9,2023,2025-12-05 16:11:00,1,94,94015,2,1,1,4,Avenue Du General Leclerc,48.83352,2.51938
202300028340,24,5,2023,2025-12-05 11:08:00,1,94,94076,2,1,1,6,Avenue Paul Vaillant-Couturier,48.794765,2.363775
202300028341,9,9,2023,2025-12-05 09:00:00,1,94,94041,2,8,1,6,Boulevard De Stalingrad,48.80378,2.3776
202300028342,5,3,2023,2025-12-05 09:41:00,1,75,75103,2,3,1,3,Boulevard Beaumarchais,48.860983,2.367238
202300028343,9,4,2023,2025-12-05 17:50:00,1,14,14040,2,2,1,3,34 Route Baron Gerard,49.2748545,-0.74862271
202300028344,9,9,2023,2025-12-05 19:10:00,1,94,94028,2,9,7,6,Place Salvador Allende,48.779187,2.453035
202300028345,20,5,2023,2025-12-05 13:30:00,1,62,62842,2,1,1,6,Boulevard De La Republique,50.45219,2.84486
202300028346,5,3,2023,2025-12-05 05:05:00,5,75,75104,2,3,1,6,Quai Henri Iv,48.848912,2.362551
202300028347,10,11,2023,2025-12-05 18:45:00,5,59,59599,2,1,1,6,Dron (Avenue Gustave),50.71906,3.16334
202300028348,9,9,2023,2025-12-05 17:10:00,1,94,94028,2,8,1,2,Route De Choisy,48.788694,2.451733
202300028349,24,5,2023,2025-12-05 06:00:00,3,974,97416,2,6,2,3,President Mitterand(Avenue),-21.34712,55.49092
202300028350,4,3,2023,2025-12-05 03:56:00,5,75,75103,2,2,1,3,Rue De Turbigo,48.865456,2.355997
202300028351,9,9,2023,2025-12-05 13:00:00,1,94,94077,2,9,1,2,Cours De Verdun,48.740498,2.408996
202300028352,11,11,2023,2025-12-05 11:37:00,1,988,98818,2,1,1,4,Rue Maurice Meunier,-22.27958,166.46412
202300028353,5,3,2023,2025-12-05 04:30:00,5,94,94081,2,1,1,2,Avenue Youri Gagarine,48.78517,2.39218
202300028354,24,5,2023,2025-12-05 14:00:00,1,973,97302,2,3,1,3,Saint Antoine (Chemin),4.9289,-52.30025
202300028355,9,9,2023,2025-12-05 19:10:00,2,94,94004,2,1,7,7,Av Du Mal De Lattre De Tassigny,48.72756,2.53106
202300028356,16,2,2023,2025-12-05 23:15:00,5,93,93070,2,1,1,2,Rue Ardoin,48.911625,2.325091
202300028357,12,11,2023,2025-12-05 06:45:00,1,974,97416,1,1,2,3,Rn1,-21.31568,55.44181
202300028358,24,5,2023,2025-12-05 14:00:00,1,973,97302,2,2,1,3,Montabo (Route De) 1,4.93877928,-52.33173609
202300028359,9,9,2023,2025-12-05 13:50:00,1,93,93050,2,2,1,3,Boulevard Du Marechal Foch / Boulevard Aristide Briand,48.85437,2.52096
202300028360,5,3,2023,2025-12-05 19:45:00,5,93,93064,2,1,1,3,Avenue Du President John Kennedy,48.87881261,2.49021687
202300028361,9,9,2023,2025-12-05 14:30:00,1,92,92040,2,9,1,6,Jean-Pierre Timbaud,48.8204632,2.24988484
202300028362,24,5,2023,2025-12-05 07:00:00,1,972,97213,2,6,1,2,Mahault,14.6187,-61.005
202300028363,12,11,2023,2025-12-05 18:50:00,5,974,97411,2,2,1,3,Gaulle (Du General De),-20.88492,55.45953
202300028364,5,3,2023,2025-12-05 10:20:00,1,93,93064,2,1,1,6,Rue Richard Gardebled,48.87465415,2.48384222
202300028365,9,9,2023,2025-12-05 01:50:00,5,92,92024,2,1,1,2,Jean Jaures (Bd) De (111 A 159),48.90726,2.3004
202300028366,24,5,2023,2025-12-05 11:50:00,1,95,95277,2,1,1,2,D370,48.99283853,2.42718458
202300028367,10,11,2023,2025-12-05 17:45:00,1,974,97407,2,1,1,6,Eluard(Rue),-20.9362,55.3041
202300028368,5,3,2023,2025-12-05 11:25:00,1,93,93055,2,2,1,2,Rue Jules Auffret / Rue Mehul,48.88907702,2.41016127
202300028369,24,5,2023,2025-12-05 19:20:00,1,91,91692,2,1,1,6,Saintonge(Avenue De),48.68223,2.16494
202300028370,8,9,2023,2025-12-05 17:30:00,1,60,60440,2,3,1,1,D26,49.488789,2.63535448
202300028371,9,11,2023,2025-12-05 19:25:00,5,973,97302,2,1,1,1,Felix Eboue(Rocade),4.93117,-52.31293
202300028372,23,5,2023,2025-12-05 17:50:00,1,87,87085,2,1,1,6,Pompidou (Avenue Georges),45.81523,1.26903
202300028373,5,3,2023,2025-12-05 22:30:00,5,93,93006,2,3,1,1,Avenue Pasteur / Rue Moliere,48.87607602,2.42010489
202300028374,9,9,2023,2025-12-05 18:50:00,1,63,63026,2,1,1,1,34 Route Des Puys D'Aydat,45.68664,3.002297
202300028375,23,5,2023,2025-12-05 14:56:00,1,87,87085,2,1,1,6,Giffard (Rue Henri),45.86922,1.26942
202300028376,12,11,2023,2025-12-05 00:30:00,3,973,97302,2,1,1,6,Zephir (Rocade),4.94081,-52.30469
202300028377,5,3,2023,2025-12-05 14:30:00,1,93,93030,2,2,1,3,Avenue Ambroise Croizat / Rue Lucien Cotton,48.95638,2.4161
202300028378,9,9,2023,2025-12-05 06:00:00,3,95,95529,1,9,1,4,A16,49.16936,2.228717
202300028379,22,5,2023,2025-12-05 23:25:00,4,87,87085,2,1,1,6,Fabre Eglantine (Allee) (Imp 1.3....),45.87707,1.2926
202300028380,4,9,2023,2025-12-05 15:30:00,1,2A,2A348,1,1,1,6,Cd 81 A Sagone,42.1145608,8.68884293
202300028381,5,3,2023,2025-12-05 07:30:00,1,92,92024,2,1,1,2,Martre De (4 A 54),48.90056,2.30831
202300028382,24,5,2023,2025-12-05 18:35:00,1,85,85191,2,1,1,6,24 Rue Pierre Brossolette,46.68276,-1.43746
202300028383,12,11,2023,2025-12-05 06:55:00,1,69,69387,2,9,1,3,Avenue Tony Garnier,45.72944654,4.82385115
202300028384,9,9,2023,2025-12-05 18:18:00,1,38,38536,2,6,1,1,D37,45.421678,4.90576
202300028385,2,3,2023,2025-12-05 15:30:00,1,39,39517,1,1,1,6,Adresse_Inconnue,46.733646,5.966442
202300028386,22,5,2023,2025-12-05 16:15:00,1,83,83123,2,3,1,3,Toulon (Ancien Chemin De),43.13278,5.791065
202300028387,27,2,2023,2025-12-05 07:00:00,5,80,80523,2,1,1,6,D329,49.982284,2.674536
202300028388,12,11,2023,2025-12-05 10:10:00,1,69,69202,2,3,2,6,8 Avenue Marechal Foch,45.74888,4.79682
202300028389,9,9,2023,2025-12-05 16:50:00,1,16,16013,1,9,1,6,Route De Cognac,45.613707,-0.070188
202300028390,9,9,2023,2025-12-05 13:45:00,1,43,43108,1,1,7,7,D498,45.295113,3.761181
202300028391,23,5,2023,2025-12-05 20:00:00,1,78,78621,2,4,1,6,Port Royal (Allee De),48.77423,1.99933
202300028392,11,11,2023,2025-12-05 15:45:00,1,69,69389,2,3,1,2,Rue Joannes Carret,45.78578,4.80926
202300028393,9,9,2023,2025-12-05 11:40:00,1,33,33221,1,1,1,5,Route De Bordeaux,44.564866,0.041676
202300028394,11,11,2023,2025-12-05 17:50:00,2,971,97101,2,1,1,6,Patrick Saint Eloi ( Avenue ),16.25439,-61.52304
202300028395,4,3,2023,2025-12-05 11:20:00,1,21,21214,1,1,1,5,"Autoroute A6, Pk 279, Sens Lyon-Paris",47.169162,4.694252
202300028396,9,9,2023,2025-12-05 15:30:00,1,6,6161,2,1,1,2,Route Du Bord De Mer,43.636027,7.134983
202300028397,24,5,2023,2025-12-05 10:30:00,1,77,77058,2,1,1,2,General De Gaulle  (Avenue Du),48.84289,2.7402
202300028398,5,3,2023,2025-12-05 20:50:00,5,974,97414,2,1,2,3,Rue N 5 Saint-Louis,-21.281092,55.432275
202300028399,12,11,2023,2025-12-05 14:05:00,1,91,91286,2,1,8,1,Plessis (Chemin Du),48.65124,2.38325
202300028400,9,9,2023,2025-12-05 01:40:00,3,81,81273,2,1,1,6,Chemin Du Chateau,43.578618,2.149843
202300028401,24,5,2023,2025-12-05 09:50:00,1,76,76103,1,1,1,6,Route Neuve,49.42215,1.1193
202300028402,4,3,2023,2025-12-05 20:25:00,5,974,97413,2,1,3,5,Rue Du General Lambert,-21.184212,55.287527
202300028403,10,9,2023,2025-12-05 03:50:00,3,28,28173,1,1,1,6,"Autooute A11, Pk 053+600",48.460999,1.548815
202300028404,23,5,2023,2025-12-05 18:45:00,1,72,72181,2,1,1,3,Patton General Rte Bauge A Chemin Ronde,48.00842,0.17197
202300028405,8,9,2023,2025-12-05 21:15:00,3,85,85110,1,1,1,7,Rd 30,46.506408,-0.9037194
202300028406,5,3,2023,2025-12-05 19:10:00,3,46,46225,1,1,1,5,Route Departementale 811,44.498373,1.198261
202300028407,12,11,2023,2025-12-05 17:15:00,2,83,83129,2,1,1,3,Lycee De La Coudouliere (Avenue Du),43.09709,5.82172
202300028408,4,3,2023,2025-12-05 02:20:00,3,47,47218,1,1,1,6,1146 Route De Marmande,44.586391,0.337937
202300028409,23,5,2023,2025-12-05 18:00:00,1,72,72181,2,1,1,4,Esterel (Rue De L') Ndeg Impairs,47.995333,0.225363
202300028410,8,9,2023,2025-12-05 10:40:00,1,35,35125,1,1,1,1,Lieu Dit La Fontaine Rd 463,47.944629,-1.260735
202300028411,12,11,2023,2025-12-05 23:55:00,3,81,81065,1,1,8,6,Albi (Rd612 - Rte D'),43.65459,2.21846
202300028412,4,3,2023,2025-12-05 06:35:00,2,22,22328,1,2,8,6,Lieu Dit Ty Bourg Intersection D 28 D 31,48.38557,-3.339329
202300028413,23,5,2023,2025-12-05 06:25:00,1,72,72181,2,1,1,3,Chopin Frederic (Allee),47.97265,0.20896
202300028414,4,3,2023,2025-12-05 22:55:00,3,3,3197,1,1,1,7,D989,46.482519,3.407843
202300028415,24,5,2023,2025-12-05 18:00:00,1,69,69275,2,1,1,6,Rue Georges Bizet,45.77615,4.96701
202300028416,4,3,2023,2025-12-05 19:45:00,5,70,70084,2,1,1,6,Chemin De La Graviolle,47.350981,5.959579
202300028417,9,9,2023,2025-12-05 12:14:00,1,50,50615,1,1,1,2,N13,49.496145,-1.472254
202300028418,6,3,2023,2025-12-05 15:05:00,1,6,6059,2,1,1,7,Boulevard Du Marechal Leclerc,43.733147,7.357112
202300028419,22,5,2023,2025-12-05 05:15:00,2,67,67482,2,9,1,3,La Rochelle (Rue De),48.51537,7.77487
202300028420,8,9,2023,2025-12-05 19:00:00,1,22,22020,1,2,1,3,Peviers,48.326668,-2.231662
202300028421,4,3,2023,2025-12-05 20:00:00,3,14,14726,1,2,1,6,2 Route Du Pont Alliere (Pierres),48.84274091,-0.74760139
202300028422,24,5,2023,2025-12-05 17:50:00,1,64,64348,2,1,1,6,Santona De,43.31969,-0.38548
202300028423,12,11,2023,2025-12-05 21:00:00,3,77,77468,2,3,2,2,Louis Aragon (Avenue),48.84955,2.6442
202300028424,8,9,2023,2025-12-05 13:25:00,1,83,83131,2,1,1,2,D554,43.207866,6.02944
202300028425,27,2,2023,2025-12-05 16:43:00,1,90,90015,1,1,1,1,Rn1019,47.59806,6.83919
202300028426,23,5,2023,2025-12-05 23:30:00,5,64,64445,2,1,3,6,Ronsard,43.31818,-0.35684
202300028427,8,9,2023,2025-12-05 08:45:00,1,62,62438,2,1,7,6,Rue Du Moulin,50.323619,2.582784
202300028428,12,11,2023,2025-12-05 14:25:00,1,77,77249,1,1,2,1,Rte De Grande Romaine,48.750232,2.632763
202300028429,5,3,2023,2025-12-05 15:25:00,1,83,83040,1,1,1,1,D4085,43.802037,6.619212
202300028430,12,11,2023,2025-12-05 13:10:00,1,77,77449,1,1,2,1,Av Paul Seramy,48.858178,2.796284
202300028431,9,9,2023,2025-12-05 17:25:00,1,30,30331,1,1,1,3,Adresse_Inconnue,44.1256,4.5997
202300028432,5,3,2023,2025-12-05 14:30:00,1,64,64472,2,1,1,1,Route De Pau,43.371081,-0.310932
202300028433,23,5,2023,2025-12-05 20:05:00,1,59,59368,2,1,1,6,De Lassus Rue,50.65527875,3.06811452
202300028434,6,3,2023,2025-12-05 08:45:00,1,21,21576,1,1,1,6,D26,47.37571789,4.47727857
202300028435,12,11,2023,2025-12-05 09:10:00,1,77,77449,2,1,2,6,Av Paul Seramy,48.86064,2.79253
202300028436,9,9,2023,2025-12-05 09:10:00,1,19,19156,1,9,1,3,Puy Redon,45.165129,1.700944
202300028437,24,5,2023,2025-12-05 12:30:00,1,59,59017,2,1,1,6,Blum  (Avenue Leon),50.69855,2.88843
202300028438,6,3,2023,2025-12-05 04:30:00,3,27,27116,1,1,2,6,D46,49.211184,0.709906
202300028439,5,9,2023,2025-12-05 17:00:00,1,56,56240,2,6,1,3,Kerrollaire,47.52132,-2.777433
202300028440,24,5,2023,2025-12-05 18:35:00,1,57,57463,2,1,1,6,Bon Pasteur (Rue Du ),49.11139,6.22383
202300028441,11,11,2023,2025-12-05 14:40:00,1,77,77333,2,2,1,3,Rue Du Souvenir,48.26752,2.69931
202300028442,4,3,2023,2025-12-05 08:21:00,1,38,38128,1,1,8,7,N85,44.822707,5.952648
202300028443,9,9,2023,2025-12-05 20:45:00,5,74,74208,2,6,1,7,8 Grand-Rue Salvador Allende,45.921382,6.713821
202300028444,23,5,2023,2025-12-05 20:08:00,1,56,56098,1,1,1,6,Malachappe (Lieu-Dit),47.77516,-3.30994
202300028445,6,3,2023,2025-12-05 07:12:00,1,65,65303,1,3,1,7,Rd 817,43.195861,0.168934
202300028446,12,11,2023,2025-12-05 19:15:00,5,76,76429,2,2,2,3,Rue D'Alsace,49.41121344,1.15246904
202300028447,9,9,2023,2025-12-05 12:00:00,1,74,74232,1,3,1,3,Route De L'Eglise,45.796993,6.151687
202300028448,3,3,2023,2025-12-05 23:15:00,3,6,6088,1,1,1,7,A8 Bretelle Sortie Nice Est,43.7338839,7.2863813
202300028449,23,5,2023,2025-12-05 07:35:00,1,54,54549,2,1,1,1,Rue Du Marechal Foch,48.63669,6.31517
202300028450,10,9,2023,2025-12-05 04:45:00,3,76,76709,1,1,1,6,D20,49.47504,0.83509
202300028451,4,3,2023,2025-12-05 23:30:00,5,987,98747,1,1,1,7,Pk 3+100 Cote Montagne - Afaahiti,-17.75563,-148.735973
202300028452,23,5,2023,2025-12-05 17:00:00,1,50,50129,2,1,1,2,Plymouth (Avenue De),49.6297,-1.6229
202300028453,6,3,2023,2025-12-05 14:40:00,1,976,97607,2,3,1,6,Rue Charles De Gaulle - Tsarar,-12.836024,45.171243
202300028454,11,11,2023,2025-12-05 17:57:00,5,69,69264,2,2,1,6,Rue Leonard Cimetiere,45.97924,4.7305
202300028455,9,9,2023,2025-12-05 15:45:00,1,80,80163,1,2,1,1,D925,50.108209,1.786389
202300028456,23,5,2023,2025-12-05 14:25:00,1,50,50129,1,6,1,2,Flamands (Rond Point),49.65341,-1.57824
202300028457,11,11,2023,2025-12-05 17:55:00,5,64,64445,2,1,3,6,Leon Berard,43.31207701,-0.36718905
202300028458,5,3,2023,2025-12-05 20:20:00,3,973,97311,1,1,1,7,D11,5.407826,-54.059429
202300028459,23,5,2023,2025-12-05 11:30:00,1,49,49267,1,1,1,1,Rd 347,47.47221,-0.4595
202300028460,12,11,2023,2025-12-05 03:40:00,3,63,63113,2,1,3,6,Durtol (Rue De),45.78938216,3.06205273
202300028461,6,3,2023,2025-12-05 00:30:00,3,78,78531,1,1,1,2,"Autoroute A13, Pk055+700",49.013128,1.590976
202300028462,23,5,2023,2025-12-05 12:35:00,1,49,49007,2,3,1,6,Chatenay Avenue Victor,47.48838,-0.51045
202300028463,5,3,2023,2025-12-05 19:40:00,3,11,11049,1,1,1,6,Adresse_Inconnue,43.264409,2.123301
202300028464,9,9,2023,2025-12-05 11:50:00,1,65,65018,1,1,1,1,D126,42.991417,-0.276192
202300028465,24,5,2023,2025-12-05 19:00:00,1,37,37261,2,1,1,2,Auberdiere (Rue De L'),47.36574,0.6987
202300028466,19,2,2023,2025-12-05 10:30:00,1,34,34199,2,1,1,6,1 Rue Montmorency,43.462173,3.423142
202300028467,11,11,2023,2025-12-05 17:00:00,5,62,62239,2,6,1,5,D304,50.921197,1.838829
202300028468,24,5,2023,2025-12-05 19:10:00,1,35,35278,2,1,1,3,Rue Du General De Gaulle,48.13957,-1.68648
202300028469,8,9,2023,2025-12-05 08:25:00,1,69,69066,2,1,1,3,2 Rue De Lyon,46.097452,4.314011
202300028470,5,1,2023,2025-12-05 14:33:00,1,34,34057,2,1,1,6,11 Avenue De La Moutte,43.63432,3.906316
202300028471,8,9,2023,2025-12-05 14:40:00,1,71,71190,2,1,1,6,9 Rue Du 19 Mars 1962,46.989112,4.523182
202300028472,12,11,2023,2025-12-05 18:15:00,5,61,61001,2,2,2,3,D27 Pr 0+880,48.43351,0.10691
202300028473,24,5,2023,2025-12-05 12:30:00,1,35,35238,2,1,1,4,Vern (De),48.08813,-1.6447
202300028474,9,9,2023,2025-12-05 11:15:00,1,71,71305,1,2,1,3,Route Departementale 906,46.464756,4.893808
202300028475,12,11,2023,2025-12-05 22:10:00,5,59,59650,2,1,2,2,Faidherbe (Rue),50.69951,3.20678
202300028476,9,9,2023,2025-12-05 19:20:00,2,63,63047,1,1,7,7,D645,45.572591,2.768665
202300028477,10,11,2023,2025-12-05 17:40:00,5,59,59507,2,1,3,6,Marne Avenue De La,50.60191,3.08065
202300028478,24,5,2023,2025-12-05 07:50:00,1,33,33063,2,2,1,3,Rue Beck,44.821,-0.55
202300028479,9,9,2023,2025-12-05 18:00:00,1,42,42011,2,1,1,3,Rue Du 8 Mai,45.816365,4.186644
202300028480,11,11,2023,2025-12-05 11:45:00,1,51,51454,2,1,1,2,Marchandeau (Avenue Paul),49.24067,4.02208
202300028481,9,9,2023,2025-12-05 22:45:00,3,68,68205,1,2,1,1,Rd 3Bis,47.90458,7.4018
202300028482,10,11,2023,2025-12-05 11:15:00,1,47,47215,1,1,8,6,Gaulle (Avecue Charles De),44.39421812,0.69313092
202300028483,9,9,2023,2025-12-05 08:45:00,1,25,25074,2,1,7,3,Rue Du Grand Communal,47.184204,6.725859
202300028484,12,11,2023,2025-12-05 11:30:00,1,45,45234,2,7,1,3,Place Halmagrand,47.9057,1.90973
202300028485,9,9,2023,2025-12-05 19:00:00,2,25,25463,2,1,7,6,Place Du General De Gaulle,47.382024,6.771308
202300028486,9,9,2023,2025-12-05 01:20:00,3,35,35025,1,1,5,6,Adresse_Inconnue,48.303893,-1.283587
202300028487,12,11,2023,2025-12-05 15:50:00,1,42,42207,2,4,1,3,Rue Claudius Moleyre,45.46993,4.52856
202300028488,10,9,2023,2025-12-05 05:17:00,3,31,31104,1,1,1,6,D10,43.336322,1.251647
202300028489,9,9,2023,2025-12-05 23:15:00,3,38,38457,1,1,1,7,Rue Du Moulin,45.342965,5.254405
202300028490,11,11,2023,2025-12-05 16:03:00,1,38,38563,2,9,1,2,Avenue Francois Mitterrand,45.36342,5.59273
202300028491,12,11,2023,2025-12-05 16:00:00,1,35,35238,2,6,1,3,Albert 1Er (Bd),48.08983,-1.68547
202300028492,9,9,2023,2025-12-05 23:05:00,3,2,2316,1,1,1,2,Adresse_Inconnue,49.278386,3.152689
202300028493,9,9,2023,2025-12-05 12:50:00,1,2,2450,1,1,1,7,55 Rue Des Patriotes,49.885923,3.554036
202300028494,9,9,2023,2025-12-05 10:50:00,1,2,2248,1,1,7,6,Adresse_Inconnue,49.670752,3.814359
202300028495,11,11,2023,2025-12-05 17:55:00,5,34,34172,2,3,1,3,Saint Maur (Avenue De),43.61764,3.89272
202300028496,10,9,2023,2025-12-05 04:05:00,5,15,15037,2,1,1,6,Rd 15,45.356865,2.402583
202300028497,12,11,2023,2025-12-05 02:24:00,5,28,28134,2,1,3,6,Bois Sabot (Rue Du),48.73724,1.36134
202300028498,8,9,2023,2025-12-05 09:35:00,1,70,70467,2,4,1,3,Rue Romaine,47.889036,6.271938
202300028499,17,12,2023,2025-12-05 19:22:00,4,91,91340,1,1,5,2,Autoroute A6,48.601,2.438
202300028500,8,9,2023,2025-12-05 17:10:00,1,5,5124,1,1,1,7,Route De La Rochette,44.581634,6.130779
202300028501,17,12,2023,2025-12-05 07:30:00,3,91,91377,1,1,1,2,Rd 120,48.71793,2.29231
202300028502,7,11,2023,2025-12-05 17:41:00,2,17,17200,2,1,1,6,Vendome   Rue Du Moulin  De,46.17805,-1.15374
202300028503,17,12,2023,2025-12-05 05:45:00,4,91,91689,1,1,5,3,Autoroute A6A,48.7284,2.3142
202300028504,9,9,2023,2025-12-05 16:20:00,1,60,60438,1,1,7,5,D 335,49.478819,3.067739
202300028505,12,11,2023,2025-12-05 01:30:00,3,13,13103,2,1,2,1,Boulevard Churchill -Winston,43.65072,5.08396
202300028506,16,12,2023,2025-12-05 22:35:00,3,91,91534,1,1,1,7,Rn 118,48.72959,2.16536
202300028507,9,9,2023,2025-12-05 17:15:00,1,45,45154,2,6,1,6,19 Place Lucien Bourgon,47.9899,1.836466
202300028508,9,9,2023,2025-12-05 16:00:00,1,24,24376,2,1,1,7,Rue Du Docteur Paul Broquaire,45.204258,0.140392
202300028509,12,11,2023,2025-12-05 15:20:00,1,13,13203,2,2,1,3,Roger Salengro (Avenue),43.31891,5.36768
202300028510,17,12,2023,2025-12-05 10:55:00,1,95,95018,1,1,1,2,A15,48.95845019,2.27428978
202300028511,17,12,2023,2025-12-05 01:05:00,3,92,92036,1,1,1,6,Autoroute A15,48.94012834,2.29364245
202300028512,9,9,2023,2025-12-05 10:30:00,1,4,4054,1,9,1,1,N85,44.015653,6.233572