num_acc,jour,mois,an,hrmn,lum,dep,com,agg,int,atm,col,adr,lat,long
202300028513,12,11,2023,2025-12-05 13:00:00,1,13,13215,2,1,1,1,Saint Antoine (Avenue De),43.37868,5.35716
202300028514,16,12,2023,2025-12-05 05:00:00,3,95,95018,1,1,1,2,A15,48.9519,2.27987
202300028515,9,9,2023,2025-12-05 22:00:00,5,85,85047,2,1,1,3,18 Boulevard Mourain Du Patis,46.848822,-1.891746
202300028516,12,11,2023,2025-12-05 03:18:00,5,13,13208,2,1,2,2,Michelet (Boulevard),43.26737,5.3942
202300028517,17,12,2023,2025-12-05 03:10:00,3,77,77258,1,1,1,7,A4.W,48.83221456,2.65192439
202300028518,9,9,2023,2025-12-05 08:20:00,1,28,28419,1,1,1,1,N10,48.281808,1.418653
202300028519,11,11,2023,2025-12-05 13:30:00,1,13,13213,2,6,1,3,Olives (Avenue Des),43.32858,5.43372
202300028520,16,12,2023,2025-12-05 20:00:00,3,77,77169,1,1,1,4,Rn104,48.81497228,2.62559359
202300028521,9,9,2023,2025-12-05 19:00:00,1,30,30233,1,1,1,1,Adresse_Inconnue,43.92351239,4.21977997
202300028522,11,11,2023,2025-12-05 18:10:00,1,11,11069,2,1,2,6,Adresse_Inconnue,43.22623,2.3564
202300028523,16,12,2023,2025-12-05 17:37:00,3,94,94028,1,1,1,3,A86,48.79983715,2.44627859
202300028524,8,9,2023,2025-12-05 10:45:00,1,30,30126,1,1,1,6,Adresse_Inconnue,43.989802,4.289944
202300028525,12,11,2023,2025-12-05 15:15:00,1,6,6088,2,1,1,6,Thiers (Av.),43.703397,7.260369
202300028526,9,9,2023,2025-12-05 11:30:00,1,8,8433,1,1,1,7,Rue Des Marronniers,49.517167,4.637287
202300028527,15,12,2023,2025-12-05 22:00:00,3,94,94028,1,1,1,2,A86,48.79823929,2.44457391
202300028528,12,11,2023,2025-12-05 11:50:00,1,6,6069,2,1,1,2,Provence (Avenue De),43.6553547,6.9230368
202300028529,31,7,2023,2025-12-05 07:48:00,1,13,13211,2,1,1,3,Barasse,43.285,5.48
202300028530,9,9,2023,2025-12-05 17:25:00,1,13,13044,1,3,1,3,D16,43.622116,5.073908
202300028531,27,7,2023,2025-12-05 13:55:00,1,13,13210,2,1,1,3,Rabatau (Boulevard),43.2810066,5.39945841
202300028532,12,11,2023,2025-12-05 01:30:00,5,6,6069,2,1,2,1,Auribeau (Route D') -D609-,43.63503,6.91179
202300028533,6,9,2023,2025-12-05 18:15:00,1,38,38553,2,3,1,3,Rue Du Midi,45.617268,5.15339
202300028534,21,7,2023,2025-12-05 07:51:00,1,13,13067,2,1,1,3,D7N,43.793503,5.025634
202300028535,12,11,2023,2025-12-05 18:50:00,5,6,6004,2,1,1,6,Juin Av.Marechal,43.56048,7.12066
202300028536,9,9,2023,2025-12-05 08:54:00,1,6,6088,1,1,1,7,Autoroute A8 Pk 186.500 Chaussee Nord,43.678875,7.193931
202300028537,12,11,2023,2025-12-05 22:05:00,5,3,3185,2,1,2,6,Boulevard President Allende,46.34568,2.6077
202300028538,17,7,2023,2025-12-05 07:50:00,1,13,13209,2,3,1,3,Catherine Blum (Boulevard),43.2638761,5.41845707
202300028539,12,11,2023,2025-12-05 07:10:00,4,1,1289,1,1,3,7,Lent (Route De),46.18197,5.23483
202300028540,10,9,2023,2025-12-05 05:40:00,3,33,33002,1,1,1,6,A62,44.50386176,-0.03738999
202300028541,10,7,2023,2025-12-05 09:30:00,1,13,13212,2,3,1,3,Comtesse (Boulevard De La)_,43.32174013,5.448404
202300028542,9,9,2023,2025-12-05 15:29:00,1,17,17438,1,1,1,7,A10,45.556131,-0.602875
202300028543,12,11,2023,2025-12-05 12:10:00,1,75,75118,2,3,2,3,Boulevard Ornano,48.892295,2.349092
202300028544,9,9,2023,2025-12-05 16:50:00,1,51,51205,1,1,1,7,Autoroute 4,49.034689,4.410152
202300028545,9,7,2023,2025-12-05 05:05:00,2,13,13002,2,1,1,5,General Leclerc (Avenue Du),43.34361144,5.48615752
202300028546,12,11,2023,2025-12-05 20:15:00,5,75,75113,2,3,2,3,Avenue D Italie,48.82777918,2.35679108
202300028547,10,9,2023,2025-12-05 02:20:00,4,77,77261,2,1,1,6,Rd219/Rd218,48.238977,2.902252
202300028548,27,6,2023,2025-12-05 15:30:00,1,13,13212,2,1,1,3,Aiguillette (Rue De L'),43.31329104,5.42779128
202300028549,10,2,2023,2025-12-05 23:25:00,3,13,13071,1,1,1,6,Route Nationale 368 (Plan Des Pennes),43.40123,5.26915
202300028550,12,11,2023,2025-12-05 06:15:00,3,75,75110,2,4,2,6,Boulevard De Magenta,48.88316446,2.34986472
202300028551,4,9,2023,2025-12-05 12:30:00,1,34,34289,1,9,1,3,D13,43.382692,3.420262
202300028552,11,11,2023,2025-12-05 19:20:00,5,75,75109,2,1,1,3,Boulevard Poissonniere,48.871231,2.344595
202300028553,6,7,2023,2025-12-05 16:09:00,1,13,13209,2,1,1,3,Sormiou (Chemin De),43.23067,5.40067
202300028554,7,10,2023,2025-12-05 03:00:00,3,74,74295,1,1,1,6,Adresse_Inconnue,46.324126,6.596314
202300028555,9,9,2023,2025-12-05 01:40:00,3,34,34190,1,3,1,6,D11 Pr 18+830,43.274956,2.772031
202300028556,12,11,2023,2025-12-05 18:25:00,3,75,75108,2,5,3,3,Rue De Saint Petersbourg,48.880847,2.324824
202300028557,13,10,2023,2025-12-05 17:50:00,1,74,74010,1,3,1,3,Avenue D'Aix-Les-Bains,45.831984,6.053306
202300028558,10,11,2023,2025-12-05 00:50:00,5,75,75102,2,2,1,3,Rue Reaumur,48.866901,2.349458
202300028559,10,10,2023,2025-12-05 17:05:00,1,74,74220,1,1,1,1,107 Route D'Arthaz,46.146261,6.268918
202300028560,11,11,2023,2025-12-05 20:55:00,5,94,94081,2,1,2,6,Avenue Du 11 Novembre 1918,48.78358335,2.39630395
202300028561,9,9,2023,2025-12-05 15:50:00,1,83,83023,1,1,1,5,Rd 7,43.402341,6.099633
202300028562,12,11,2023,2025-12-05 08:30:00,1,94,94044,2,1,2,6,Av. De La Plage Bleue,48.75197,2.47025
202300028563,13,10,2023,2025-12-05 07:23:00,1,74,74012,2,3,1,3,Magnin (Rue Adolphe),46.19553,6.23901
202300028564,9,9,2023,2025-12-05 15:30:00,1,6,6101,1,3,1,3,D6202,43.949544,6.988762
202300028565,12,11,2023,2025-12-05 17:55:00,5,94,94041,2,1,2,1,Quai Marcel Boyer,48.81910664,2.39947611
202300028566,10,10,2023,2025-12-05 18:40:00,2,74,74141,2,1,1,1,D14,45.904512,5.98867
202300028567,9,9,2023,2025-12-05 12:26:00,1,5,5007,1,1,1,7,Route De L'Izoard,44.756547,6.750627
202300028568,12,11,2023,2025-12-05 21:10:00,5,94,94073,2,1,2,6,Avenue Georges Halgoult,48.762814,2.401367
202300028569,10,10,2023,2025-12-05 08:30:00,1,74,74264,2,1,1,6,Avenue Des Lacs,46.064626,6.550856
202300028570,12,11,2023,2025-12-05 19:00:00,5,94,94033,2,1,2,6,Rue Du Clos D'Orleans,48.84291,2.47012
202300028571,21,9,2023,2025-12-05 14:50:00,1,74,74201,2,1,1,6,D1201,46.120392,6.094891
202300028572,9,9,2023,2025-12-05 09:30:00,1,5,5101,2,1,1,3,Route De La Gyronde,44.83814977,6.49827152
202300028573,14,7,2023,2025-12-05 02:30:00,5,74,74042,2,1,1,6,Route De Cluses,46.070971,6.427987
202300028574,9,9,2023,2025-12-05 17:50:00,1,5,5166,2,1,1,3,Avenue Jean Moulin,44.42585,5.709929
202300028575,12,11,2023,2025-12-05 19:50:00,5,94,94070,2,1,2,4,Rte De Paris,48.71655731,2.57224929
202300028576,7,9,2023,2025-12-05 01:00:00,3,13,13085,1,1,1,1,D559A,43.259518,5.591311
202300028577,12,11,2023,2025-12-05 10:35:00,1,93,93047,2,2,2,3,Rue Du General De Gaulle / Avenue Daniel Perdrige,48.899369,2.559537
202300028578,16,12,2023,2025-12-05 21:50:00,3,974,97411,1,1,1,6,Littoral (Route 1 Du),-20.87499,55.41619
202300028579,10,9,2023,2025-12-05 10:50:00,1,13,13027,2,6,1,6,Boulevard Gambetta,43.885073,4.849627
202300028580,11,11,2023,2025-12-05 22:10:00,5,93,93005,2,1,1,6,Rue Jules Princet,48.936725,2.496809
202300028581,15,12,2023,2025-12-05 08:40:00,1,974,97411,2,1,1,3,Jaures (Boulevard Jean),-20.89033,55.45924
202300028582,12,11,2023,2025-12-05 22:00:00,5,92,92026,2,3,2,7,President Paul Doumer (Quai Du),48.89182132,2.25841507
202300028583,16,12,2023,2025-12-05 13:42:00,1,973,97302,2,1,2,3,Madeleine (Route De La),4.90977,-52.32157
202300028584,9,9,2023,2025-12-05 19:51:00,2,71,71411,1,1,1,1,D224,46.714885,4.218879
202300028585,11,11,2023,2025-12-05 18:30:00,2,92,92004,2,1,8,3,Intercommunal (B),48.93148036,2.28342211
202300028586,10,9,2023,2025-12-05 02:45:00,3,54,54258,1,1,1,6,D2,48.67872065,6.56621933
202300028587,16,12,2023,2025-12-05 11:35:00,1,972,97209,2,1,1,2,Autoroute (A1),14.61816977,-61.03608989
202300028588,12,11,2023,2025-12-05 17:55:00,3,60,60308,1,1,2,6,Departementale 1017,49.486068,2.668884
202300028589,13,11,2023,2025-12-05 09:25:00,1,9,9268,2,1,1,6,Route De Toulouse,43.004192,1.128486
202300028590,16,12,2023,2025-12-05 08:40:00,1,972,97213,1,3,1,3,Adresse_Inconnue,14.65202,-61.01109
202300028591,8,9,2023,2025-12-05 08:30:00,1,3,3315,2,3,1,3,27 Avenue Felix Mioche,46.398046,2.856013
202300028592,11,11,2023,2025-12-05 02:45:00,3,35,35328,1,1,1,3,D777,47.792789,-2.018523
202300028593,16,12,2023,2025-12-05 19:00:00,5,69,69034,2,3,1,3,Avenue General De Gaulle,45.81466064,4.8620819
202300028594,8,9,2023,2025-12-05 18:45:00,1,38,38468,2,9,1,3,Carrefour (Supermarche),45.341679,4.804834
202300028595,11,11,2023,2025-12-05 14:50:00,1,2A,2A348,2,1,1,7,Rue Danielle Casanova - Route Departementale 23,42.166676,8.797538
202300028596,16,12,2023,2025-12-05 12:30:00,1,971,97101,2,1,1,1,Patrick Saint Eloi ( Avenue ),16.25528321,-61.52180672
202300028597,30,8,2023,2025-12-05 10:30:00,1,7,7324,2,1,1,3,46 Quai Farconnet,45.069168,4.829125
202300028598,12,11,2023,2025-12-05 10:00:00,1,51,51066,1,1,2,1,D396,48.660602,4.57952
202300028599,10,9,2023,2025-12-05 06:50:00,1,1,1405,1,1,1,6,D1083,46.14366,5.173568
202300028600,16,12,2023,2025-12-05 10:00:00,1,971,97101,1,1,1,2,Amedee Abarre - Salle D'Asile (Rue),16.26372348,-61.50746226
202300028601,11,11,2023,2025-12-05 09:45:00,1,43,43071,1,1,7,7,D1,45.236195,3.818784
202300028602,9,9,2023,2025-12-05 12:55:00,1,65,65335,1,1,1,7,Rd 8 - Pr 010.900 - Sens Pouzac Vers Tarbes,43.1028,0.133284
202300028603,16,12,2023,2025-12-05 17:10:00,5,95,95427,2,9,1,3,Jules Ferry (Rue),48.968331,2.3429
202300028604,10,11,2023,2025-12-05 18:47:00,5,43,43040,2,7,9,3,Avenue Leon Blum,45.290901,3.385372
202300028605,9,9,2023,2025-12-05 05:00:00,3,40,40182,1,1,1,6,D38,44.102972,-1.182135
202300028606,16,12,2023,2025-12-05 17:20:00,5,91,91479,2,1,1,6,Av De Verdun,48.70572,2.36143
202300028607,13,11,2023,2025-12-05 07:00:00,2,33,33076,1,1,1,1,D11,44.520232,-0.43588
202300028608,9,9,2023,2025-12-05 00:30:00,3,40,40202,1,1,1,6,110 Route De Sort,43.691841,-0.982636
202300028609,16,12,2023,2025-12-05 10:00:00,1,91,91326,2,1,1,6,Cour De France (Avenue De La),48.69163,2.37802
202300028610,11,11,2023,2025-12-05 11:40:00,1,81,81115,2,1,1,6,205 Boulevard Carnot,43.475334,2.651766
202300028611,22,11,2023,2025-12-05 12:20:00,1,84,84035,2,1,1,3,63 Avenue Prosper Merimee,43.850729,5.034692
202300028612,9,9,2023,2025-12-05 16:55:00,1,33,33504,1,2,1,3,D8,44.526837,-0.325548
202300028613,4,11,2023,2025-12-05 10:50:00,1,26,26353,1,1,1,2,A7 Pk103.000,44.665143,4.796884
202300028614,15,12,2023,2025-12-05 18:02:00,5,83,83090,2,1,1,6,Cooperative (Chemin De La),43.12912,5.87705
202300028615,16,12,2023,2025-12-05 13:15:00,1,83,83061,1,1,1,6,N7,43.48396,6.77841
202300028616,8,9,2023,2025-12-05 19:20:00,1,14,14076,2,3,1,1,1 Rue De L'Avenir,49.228807,-0.299186
202300028617,13,11,2023,2025-12-05 13:13:00,1,974,97414,2,3,1,6,Avenue Principale,-21.287368,55.408821
202300028618,6,9,2023,2025-12-05 18:00:00,1,29,29156,1,1,1,1,D764,48.45627612,-4.23571989
202300028619,13,11,2023,2025-12-05 12:40:00,1,50,50050,1,1,2,2,A84 Pr212+400,48.956242,-0.999134
202300028620,15,12,2023,2025-12-05 17:33:00,5,78,78138,2,2,1,3,Pissefontaine (Rue De),48.978543,2.024962
202300028621,8,9,2023,2025-12-05 19:45:00,2,27,27537,2,1,1,6,1 Rue De La Cerisaie,49.24374,1.213335
202300028622,13,11,2023,2025-12-05 14:20:00,1,50,50214,1,1,2,2,"A84, Sens C-R, Pr 204+100",48.921505,-1.082003
202300028623,8,9,2023,2025-12-05 22:30:00,5,60,60628,2,1,1,7,Rue Du Marechal Leclerc,49.415032,2.162569
202300028624,16,12,2023,2025-12-05 08:20:00,3,77,77372,1,1,5,1,Paris  (Rue De  ),48.88137,2.65674
202300028625,9,9,2023,2025-12-05 20:30:00,2,62,62443,2,1,1,6,D188,50.44914663,2.64199525
202300028626,10,11,2023,2025-12-05 18:25:00,3,71,71443,1,2,3,3,D970,46.923839,4.943644
202300028627,16,12,2023,2025-12-05 02:45:00,3,77,77400,1,6,5,6,D 402,48.761365,3.024083
202300028628,11,11,2023,2025-12-05 07:15:00,3,22,22020,1,1,1,6,41 Route De La Gare,48.32024771,-2.25324869
202300028629,9,9,2023,2025-12-05 16:37:00,1,62,62894,1,1,1,2,A16,50.767411,1.642746
202300028630,16,12,2023,2025-12-05 12:45:00,1,77,77400,1,2,1,3,Paul Niclausse,48.79612,3.02409
202300028631,10,9,2023,2025-12-05 13:37:00,1,59,59080,1,2,1,3,Rue Henri Fievet,50.452661,3.257543
202300028632,8,9,2023,2025-12-05 19:07:00,1,13,13212,1,1,1,2,A507 Sens Marseille - Aubagne,43.2914,5.4246
202300028633,13,11,2023,2025-12-05 16:15:00,1,62,62858,1,2,1,3,D939,50.231014,3.008038
202300028634,16,12,2023,2025-12-05 17:55:00,5,72,72181,2,9,1,6,Voltaire (Rue) Ndeg Pairs 2 A 102,48.01167,0.19154
202300028635,8,9,2023,2025-12-05 01:02:00,3,13,13081,1,1,1,2,A7-Sens Marseille Vers Lyon,43.49772458,5.23915934
202300028636,13,11,2023,2025-12-05 14:23:00,1,66,66050,1,1,1,6,Sant Jaume Del Crest,42.775464,2.915797
202300028637,16,12,2023,2025-12-05 12:40:00,1,72,72181,2,6,7,6,Ardoise (Rue De L'),48.00891,0.22681
202300028638,8,9,2023,2025-12-05 05:40:00,5,83,83090,1,9,1,6,A50,43.12619323,5.82460889
202300028639,16,12,2023,2025-12-05 04:00:00,5,72,72181,2,1,1,6,Auvray (Rue)  Ndeg Imp,48.00083,0.19502
202300028640,12,11,2023,2025-12-05 19:25:00,3,37,37179,1,1,3,1,"A10, Pk 199+800",47.45020793,0.74562355
202300028641,16,12,2023,2025-12-05 23:45:00,4,69,69290,2,9,1,6,Route De Grenoble,45.7118708,4.97312934
202300028642,9,9,2023,2025-12-05 06:45:00,2,33,33550,1,1,1,2,Rocade A 630,44.7822945,-0.58439165
202300028643,9,11,2023,2025-12-05 11:45:00,1,83,83097,2,1,2,6,Avenue Des Bastides,43.503394,5.738549
202300028644,16,12,2023,2025-12-05 08:55:00,1,66,66136,2,1,1,6,Rue De Cosprons,42.68327,2.9092
202300028645,13,11,2023,2025-12-05 11:45:00,1,59,59074,2,1,2,6,26 Rue Pasteur,50.090522,3.444906
202300028646,16,12,2023,2025-12-05 11:00:00,1,64,64445,2,1,7,6,Montpensier,43.29935,-0.37108
202300028647,9,9,2023,2025-12-05 07:45:00,2,94,94038,1,1,2,3,A6A,48.77318113,2.34587558
202300028648,18,10,2023,2025-12-05 08:00:00,2,56,56184,2,4,2,3,Allee Du Pre Du Cheval Blanc,47.664,-2.460213
202300028649,8,9,2023,2025-12-05 23:55:00,3,94,94021,1,1,1,2,A6B,48.77137155,2.34509948
202300028650,12,11,2023,2025-12-05 01:40:00,3,76,76412,2,6,2,7,N31,49.459966,1.299198
202300028651,16,12,2023,2025-12-05 18:48:00,5,64,64102,2,3,1,3,Barthes (Chemin Des),43.49278,-1.49542
202300028652,12,11,2023,2025-12-05 19:50:00,5,71,71442,2,3,3,6,46 Rue De La Gare,46.847778,4.631726
202300028653,8,9,2023,2025-12-05 23:13:00,5,91,91161,2,9,1,2,Carrefour Rn20 / Cd120,48.71524,2.29832
202300028654,16,12,2023,2025-12-05 04:50:00,5,64,64102,2,1,1,6,Saint Esprit (Pont),43.49471,-1.47129
202300028655,10,11,2023,2025-12-05 18:24:00,4,89,89418,2,1,2,6,Avenue Du Chevalier D'Eon,47.864405,3.980098
202300028656,8,9,2023,2025-12-05 18:00:00,1,91,91161,1,1,1,4,Autoroute A126,48.71082,2.29879
202300028657,13,11,2023,2025-12-05 14:00:00,1,63,63040,2,1,1,6,19 Route De Montmorin,45.71781,3.342859
202300028658,16,12,2023,2025-12-05 20:54:00,5,63,63113,2,1,1,3,Delille (Place),45.78008,3.09142
202300028659,9,9,2023,2025-12-05 01:45:00,3,95,95678,1,1,1,6,N184,49.07036568,2.22137332
202300028660,12,11,2023,2025-12-05 15:15:00,1,42,42126,1,1,2,7,Route De Saint-Bonnet,45.439959,4.067248
202300028661,13,11,2023,2025-12-05 15:55:00,1,46,46165,1,1,1,6,D807,44.804439,1.785022
202300028662,16,12,2023,2025-12-05 16:00:00,1,63,63113,2,2,1,3,Rue Kessler / Rue Vernemauze,45.76912,3.08728
202300028663,11,11,2023,2025-12-05 14:30:00,1,46,46319,2,1,1,6,La Greze,44.71686317,1.84911489
202300028664,8,9,2023,2025-12-05 18:10:00,1,95,95607,1,1,1,5,A115,49.013994,2.218261
202300028665,16,12,2023,2025-12-05 20:30:00,5,61,61001,2,2,1,3,D112,48.43534,0.09162
202300028666,12,11,2023,2025-12-05 13:45:00,1,46,46060,1,3,2,3,D656 Intersection Combeplane,44.399571,1.233323
202300028667,8,9,2023,2025-12-05 13:00:00,1,95,95365,1,1,1,3,N104,49.05879733,2.41957005
202300028668,13,11,2023,2025-12-05 16:30:00,1,34,34273,1,1,1,3,D908,43.570349,2.978663
202300028669,17,12,2023,2025-12-05 00:10:00,5,59,59650,2,9,1,2,Fraternite (Boulevard De La),50.71484,3.2027
202300028670,6,9,2023,2025-12-05 16:10:00,1,974,97411,2,1,1,2,Mace (Boulevard Gabriel),-20.87481,55.44617
202300028671,10,11,2023,2025-12-05 23:25:00,3,29,29100,2,2,1,3,Boteden,48.57049653,-4.39257442
202300028672,15,12,2023,2025-12-05 11:15:00,1,59,59043,2,4,1,6,Ypres (Rue D'),50.73943,2.73563
202300028673,8,9,2023,2025-12-05 19:55:00,5,973,97302,2,1,1,3,Faubourg L'Abri (Cite),4.93703973,-52.32217848
202300028674,12,11,2023,2025-12-05 23:40:00,5,38,38012,2,1,2,6,Route De Saint Genix,45.588127,5.611927
202300028675,12,12,2023,2025-12-05 13:40:00,1,59,59043,2,3,1,2,Hazebrouck (Route D'),50.73649,2.72183
202300028676,8,9,2023,2025-12-05 16:40:00,1,973,97302,2,1,1,6,Novaparc (Residence) Rte De Raban,4.92393173,-52.31248766
202300028677,12,11,2023,2025-12-05 16:35:00,2,1,1426,1,1,2,1,D936,46.237417,5.375415
202300028678,7,12,2023,2025-12-05 09:05:00,1,56,56260,2,1,2,3,Lagarde(Rue Madame),47.66153,-2.75858
202300028679,8,9,2023,2025-12-05 14:10:00,1,973,97302,2,1,1,6,Remire (De),4.93817143,-52.33429
202300028680,16,12,2023,2025-12-05 11:00:00,1,56,56162,1,6,1,3,Kerscouet (Giratoire De),47.70988,-3.43859
202300028681,8,9,2023,2025-12-05 10:41:00,1,973,97302,2,1,1,3,Baduel (Route De),4.93499,-52.31199
202300028682,13,11,2023,2025-12-05 13:50:00,1,58,58303,2,6,2,6,Rue Du Lieutenant Roger Tiphaine,47.020053,3.145832
202300028683,15,12,2023,2025-12-05 10:40:00,1,53,53054,1,6,1,3,Rn 162,48.09172,-0.74972
202300028684,8,11,2023,2025-12-05 14:05:00,1,66,66149,1,1,1,1,Adresse_Inconnue,42.619002,2.41277
202300028685,8,9,2023,2025-12-05 07:20:00,1,973,97302,2,3,1,3,Baduel (Route De),4.93636,-52.3139
202300028686,27,10,2023,2025-12-05 14:40:00,1,72,72320,1,1,3,3,D338,48.060772,0.174193
202300028687,15,12,2023,2025-12-05 18:05:00,5,50,50129,2,2,1,3,Leclerc (Rue Du Marechal)),49.63353,-1.63665
202300028688,6,9,2023,2025-12-05 12:50:00,1,973,97302,2,1,1,3,Catayee (Justin),4.92843,-52.32519
202300028689,13,11,2023,2025-12-05 11:15:00,1,60,60584,2,4,2,6,Rue Pasteur,49.215309,2.418956
202300028690,16,12,2023,2025-12-05 05:05:00,5,49,49007,2,3,5,3,Vauban Avenue,47.459,-0.56
202300028691,8,9,2023,2025-12-05 18:40:00,1,69,69388,2,1,1,1,Boulevard Pinel,45.7221,4.884
202300028692,10,11,2023,2025-12-05 16:10:00,1,36,36018,2,1,1,6,13 Rue Albert Chichery,46.635669,1.060862
202300028693,8,9,2023,2025-12-05 19:10:00,1,972,97213,1,1,2,3,Folie (Route De La),14.61414,-61.02629
202300028694,16,12,2023,2025-12-05 19:25:00,5,47,47323,2,2,1,3,Bias (Avenue De),44.41261,0.69325
202300028695,8,9,2023,2025-12-05 23:45:00,5,69,69382,2,1,1,6,Cours De Verdun Perrache,45.74873951,4.8279758
202300028696,8,9,2023,2025-12-05 15:40:00,1,69,69389,2,2,1,7,Rue De Bourgogne,45.77856,4.80256
202300028697,16,12,2023,2025-12-05 20:30:00,5,34,34172,2,1,1,6,Mendes France (Avenue President Pierre,43.60811,3.92918
202300028698,16,12,2023,2025-12-05 11:30:00,1,33,33063,2,4,1,2,Bd Du President Wilson,44.84547,-0.59883
202300028699,8,9,2023,2025-12-05 11:30:00,1,69,69384,2,2,1,3,Rue Jacques-Louis Henon,45.77946,4.82935
202300028700,16,12,2023,2025-12-05 03:00:00,5,33,33063,2,4,1,6,Crs Du Xxx Juillet,44.84319,-0.57432
202300028701,7,9,2023,2025-12-05 08:00:00,1,69,69149,2,4,1,3,Chemin Des Celestins,45.72008,4.79809
202300028702,16,12,2023,2025-12-05 19:00:00,5,33,33529,2,6,1,3,Saint-Exupery (Ave),44.62652,-1.14141
202300028703,16,12,2023,2025-12-05 20:00:00,5,31,31555,2,1,1,1,Revel (Rte De) Du 2Au 306,43.56722,1.506993
202300028704,16,12,2023,2025-12-05 18:55:00,5,31,31555,2,1,1,6,Rue Gilbert Samuel Teboul,43.56243,1.39759
202300028705,20,8,2023,2025-12-05 01:30:00,5,69,69381,2,2,1,3,Quai Jean Moulin,45.76616,4.8338
202300028706,16,12,2023,2025-12-05 12:00:00,1,31,31555,2,1,1,6,Lavaur (Av De) Du 2Au 164,43.62143,1.46724
202300028707,16,12,2023,2025-12-05 13:11:00,1,31,31555,2,1,1,6,Bd De La Gare,43.60851,1.44579
202300028708,8,9,2023,2025-12-05 16:46:00,1,95,95323,2,3,7,1,Vallee (Rue De La),49.01769243,2.03441387
202300028709,16,12,2023,2025-12-05 14:25:00,1,31,31483,2,1,1,6,Bru (Rue Du Commandant),43.10597,0.7234
202300028710,8,9,2023,2025-12-05 08:15:00,1,91,91689,2,9,1,1,Rue Colbert,48.72521,2.31679
202300028711,15,12,2023,2025-12-05 18:05:00,5,25,25204,2,1,1,5,Grande Rue,46.92892,6.3519
202300028712,8,9,2023,2025-12-05 18:30:00,2,91,91286,2,2,7,1,Batisseurs (Rue Des),48.6505,2.37889
202300028713,16,12,2023,2025-12-05 02:45:00,3,22,22278,1,1,1,2,Rn12,48.50645,-2.73494
202300028714,16,12,2023,2025-12-05 18:55:00,5,17,17300,2,6,1,3,Cognehors   Boulevard De (1-95)),46.167354,-1.140128
202300028715,8,9,2023,2025-12-05 07:00:00,2,91,91027,2,2,1,3,Av De Morangis,48.705776,2.367599
202300028716,7,9,2023,2025-12-05 08:43:00,1,87,87085,2,1,1,7,Ruchoux (Avenue Des),45.83443,1.24704
202300028717,16,12,2023,2025-12-05 06:10:00,5,13,13215,2,1,1,1,Paul Coxe (Rue),43.34789673,5.37666881
202300028718,15,12,2023,2025-12-05 18:10:00,5,13,13204,2,2,1,3,Louis Botinelly (Rue),43.29738,5.40658
202300028719,15,12,2023,2025-12-05 07:00:00,5,13,13028,2,6,1,3,Lavaux (Boulevard De),43.19873,5.62646
202300028720,16,12,2023,2025-12-05 02:00:00,5,13,13001,2,1,1,7,Monnet Jean (Av),43.5325,5.4262
202300028721,6,9,2023,2025-12-05 14:20:00,1,83,83061,2,3,1,3,Rn7,43.462696,6.760045
202300028722,16,12,2023,2025-12-05 09:00:00,1,6,6088,2,3,1,3,Rossini (R.),43.70038,7.26149
202300028723,15,12,2023,2025-12-05 23:55:00,5,6,6027,2,4,1,1,Campanette Chemin De La,43.6718,7.1643
202300028724,15,12,2023,2025-12-05 17:25:00,5,2,2408,2,1,1,6,67 Rue Nestor Grehant,49.5696,3.60484
202300028725,8,9,2023,2025-12-05 01:12:00,5,77,77285,1,2,1,3,Europe (Avenue De L'),48.54297,2.63159
202300028726,16,12,2023,2025-12-05 19:58:00,3,1,1031,1,1,1,2,Adresse_Inconnue,46.24105,5.6367
202300028727,15,12,2023,2025-12-05 17:55:00,5,1,1053,2,2,1,3,Mercier (Avenue Amedee Du 45 Au Fin),46.1966,5.2658
202300028728,8,9,2023,2025-12-05 11:10:00,1,76,76498,2,1,1,3,Boulevard Charles De Gaulle,49.421954,1.06529504
202300028729,16,12,2023,2025-12-05 18:15:00,5,75,75118,2,3,1,3,Boulevard Ney,48.898096,2.344138
202300028730,7,9,2023,2025-12-05 20:35:00,1,76,76351,2,2,1,3,Bois Au Coq (Avenue),49.51855,0.11681
202300028731,16,12,2023,2025-12-05 11:30:00,1,75,75117,2,1,1,3,Avenue Niel,48.882459,2.296095
202300028732,7,9,2023,2025-12-05 07:50:00,1,76,76351,2,1,1,2,Verdun (Rue De),49.50122,0.14799
202300028733,16,12,2023,2025-12-05 17:30:00,5,75,75113,2,7,1,6,Rue Du Docteur Landouzy,48.823261,2.354117
202300028734,15,12,2023,2025-12-05 23:58:00,5,75,75108,2,7,1,3,Place Charles De Gaulle,48.87372,2.295704
202300028735,6,9,2023,2025-12-05 16:36:00,1,76,76351,2,2,1,3,Londes (Des),49.510465,0.16952
202300028736,16,12,2023,2025-12-05 18:00:00,5,94,94081,2,2,1,6,Rue Lavoisier,48.79921748,2.39147794
202300028737,16,12,2023,2025-12-05 09:45:00,1,94,94041,2,1,1,6,Rue Marat,48.81004901,2.38552746
202300028738,8,9,2023,2025-12-05 17:55:00,1,72,72003,2,9,1,3,Suze (Rte De La),47.975,0.158
202300028739,15,12,2023,2025-12-05 13:10:00,1,94,94059,2,3,1,3,Avenue Maurice Berteaux,48.81416,2.56516