num_acc,jour,mois,an,hrmn,lum,dep,com,agg,int,atm,col,adr,lat,long
202300028740,8,9,2023,2025-12-05 09:00:00,1,72,72181,2,9,1,3,Toussaint (Rue) Ndeg Imp 1 A 61,48.0042,0.18377
202300028741,16,12,2023,2025-12-05 09:30:00,1,93,93005,2,6,1,3,Carrefour Robert Schuman / Route De Mitry,48.9489274,2.51773095
202300028742,16,12,2023,2025-12-05 21:00:00,5,93,93006,2,1,8,6,Rue Sesto Fiorentino,48.863556,2.41864
202300028743,8,9,2023,2025-12-05 07:56:00,1,72,72181,2,9,1,3,Gambetta (Rue) Ndeg Pairs 2 A 22,48.00506,0.19407
202300028744,16,12,2023,2025-12-05 09:10:00,1,93,93029,2,2,1,6,Avenue Henri Barbusse / Rue Charles Gide,48.91673,2.4446
202300028745,8,9,2023,2025-12-05 05:27:00,5,72,72181,2,9,1,6,Patton General Rte St-Aubin A Av Rubilla,48.01349,0.170758
202300028746,16,12,2023,2025-12-05 18:20:00,2,93,93007,2,5,1,6,Avenue Pasteur / Avenue De La Republique,48.93558,2.47543
202300028747,8,9,2023,2025-12-05 07:55:00,1,71,71499,1,1,1,1,La Garenne (Grimpette De),46.66712136,4.29498374
202300028748,16,12,2023,2025-12-05 09:30:00,1,92,92048,2,1,1,1,Vaugirard (Route De),48.8202129,2.24238396
202300028749,7,9,2023,2025-12-05 11:40:00,1,71,71153,2,3,7,3,Marechal Foch (Rue),46.80537,4.43613
202300028750,16,12,2023,2025-12-05 13:40:00,1,92,92023,2,1,7,6,Victor Hugo (Avenue),48.80334,2.26662
202300028751,16,12,2023,2025-12-05 14:15:00,1,92,92004,2,1,1,3,Anjou D',48.90465006,2.28185892
202300028752,16,12,2023,2025-12-05 14:15:00,1,39,39344,1,1,9,1,Adresse_Inconnue,46.734753,5.856031
202300028753,8,9,2023,2025-12-05 21:50:00,5,69,69256,2,5,1,1,Avenue Gabriel Peri,45.77842,4.91647
202300028754,8,9,2023,2025-12-05 20:40:00,5,69,69256,2,1,1,6,Rue Louis Aragon,45.78217,4.92852
202300028755,17,12,2023,2025-12-05 04:15:00,3,62,62453,1,1,1,6,D130,50.52985971,2.19010063
202300028756,7,12,2023,2025-12-05 16:45:00,5,45,45247,2,1,1,6,339 Rue Des Pervenches,48.000959,2.701428
202300028757,8,9,2023,2025-12-05 06:25:00,2,69,69282,2,1,1,3,Rue De La Republique,45.76084824,5.02736526
202300028758,16,12,2023,2025-12-05 03:45:00,3,21,21614,1,1,8,2,"A31, Pk059.200",47.44646838,5.1686475
202300028759,8,9,2023,2025-12-05 18:00:00,1,69,69290,2,9,1,6,Rue Du Marechal Koenig,45.69434,4.94888
202300028760,16,12,2023,2025-12-05 18:10:00,3,51,51136,1,1,5,6,Route Departementale 24,49.09888,3.763558
202300028761,17,12,2023,2025-12-05 07:57:00,1,84,84027,1,1,1,1,D238,44.095591,4.721643
202300028762,8,9,2023,2025-12-05 16:45:00,1,69,69259,2,1,1,2,Rue Ernest Renan,45.72583,4.86164
202300028763,17,12,2023,2025-12-05 09:00:00,1,22,22164,1,1,1,6,"D 767, Pr 29+500",48.580043,-3.231032
202300028764,15,12,2023,2025-12-05 22:20:00,3,14,14061,1,1,1,6,D56,48.953508,-0.888004
202300028765,7,9,2023,2025-12-05 16:00:00,1,69,69259,2,2,1,3,Boulevard Marcel Sembat,45.71441,4.87951
202300028766,8,9,2023,2025-12-05 22:48:00,5,67,67482,2,1,1,6,Musau (Rue De La),48.56325,7.77923
202300028767,28,11,2023,2025-12-05 18:00:00,3,91,91665,1,1,1,5,Rn 20,48.668582,2.279229
202300028768,17,12,2023,2025-12-05 03:12:00,5,971,97109,1,1,2,6,Route Nationale 1,15.994985,-61.708046
202300028769,7,9,2023,2025-12-05 09:32:00,1,66,66136,1,1,1,2,Adresse_Inconnue,42.6781,2.87085
202300028770,14,12,2023,2025-12-05 07:38:00,2,62,62849,2,6,1,3,D303,50.407969,1.647576
202300028771,8,9,2023,2025-12-05 10:15:00,1,64,64284,1,3,1,3,Rauski,43.27117,-0.38889
202300028772,16,12,2023,2025-12-05 13:00:00,1,72,72299,1,4,7,3,"D140, Lieu-Dit Constantine",47.864857,0.337749
202300028773,8,9,2023,2025-12-05 11:10:00,1,64,64024,2,1,1,6,Biarritz (Avenue De),43.48024,-1.51623
202300028774,17,12,2023,2025-12-05 06:56:00,3,8,8397,1,1,5,7,Adresse_Inconnue,49.399645,4.244205
202300028775,6,9,2023,2025-12-05 07:34:00,2,64,64102,1,1,1,1,Chala (Chemin),43.47495,-1.47739
202300028776,16,12,2023,2025-12-05 16:35:00,1,56,56205,1,2,1,3,Route Saint Colombier,47.562895,-2.715511
202300028777,22,8,2023,2025-12-05 09:55:00,1,62,62250,2,3,1,3,Rue Eugene Gaudefroy,50.46638969,2.94229352
202300028778,17,12,2023,2025-12-05 12:05:00,1,65,65363,2,1,1,6,D817,43.111189,0.438155
202300028779,17,12,2023,2025-12-05 17:15:00,1,65,65004,1,1,1,2,D821,43.028366,-0.075289
202300028780,8,9,2023,2025-12-05 21:00:00,2,59,59599,2,9,1,3,Schuman (Rue Robert),50.74235,3.1826
202300028781,12,12,2023,2025-12-05 08:30:00,1,33,33108,2,1,1,6,Avenue Gambetta,44.85559469,-0.04147701
202300028782,8,9,2023,2025-12-05 03:50:00,5,59,59122,2,1,1,7,Caudry (Rue De),50.1708,3.24818
202300028783,17,12,2023,2025-12-05 12:20:00,1,63,63040,2,1,1,2,Avenue De La Republique,45.727731,3.33758
202300028784,7,9,2023,2025-12-05 09:35:00,1,56,56121,2,6,1,3,Rue De Verdun,47.76006,-3.36595
202300028785,16,12,2023,2025-12-05 09:00:00,1,42,42013,2,1,1,3,793 Avenue Des Farges,45.64639,4.289902
202300028786,8,9,2023,2025-12-05 07:45:00,1,54,54395,2,2,1,6,Rue Sigisbert Adam,48.69924835,6.18050426
202300028787,17,12,2023,2025-12-05 04:30:00,3,47,47203,1,1,5,6,Route De Croquelardit,44.387351,0.785201
202300028788,16,12,2023,2025-12-05 15:20:00,1,68,68290,1,9,1,6,D13,47.939758,7.515477
202300028789,7,9,2023,2025-12-05 09:00:00,1,54,54578,2,3,1,6,Rue La Fontaine,48.67143358,6.15625039
202300028790,16,12,2023,2025-12-05 12:05:00,1,22,22219,1,3,7,3,D768,48.272268,-2.708538
202300028791,6,9,2023,2025-12-05 10:09:00,1,54,54373,2,1,1,6,Avenue De L'Europe,48.57489,6.52737
202300028792,16,12,2023,2025-12-05 18:25:00,3,29,29172,1,4,1,3,D47,48.174804,-4.228454
202300028793,8,9,2023,2025-12-05 09:15:00,1,51,51454,2,1,1,3,Epernay (Avenue D') Cote Impair,49.24096,4.01383
202300028794,7,9,2023,2025-12-05 20:05:00,2,51,51055,2,6,1,3,Chaine D'Or (Place),49.28297,4.04834
202300028795,8,9,2023,2025-12-05 08:20:00,1,50,50147,2,1,1,7,Pont De Soulles,49.03641,-1.44385
202300028796,17,12,2023,2025-12-05 03:00:00,3,66,66124,1,9,1,6,Route De La Calme,42.517497,2.045667
202300028797,7,9,2023,2025-12-05 16:45:00,1,50,50129,2,3,1,3,Vallee De Quincampoix,49.61419,-1.64635
202300028798,16,12,2023,2025-12-05 19:20:00,3,14,14305,1,1,1,7,D142,49.274294,-0.040823
202300028799,6,9,2023,2025-12-05 11:35:00,1,49,49099,2,2,1,6,Coubertin (Boulevard Pierre De),47.04825,-0.87435
202300028800,8,9,2023,2025-12-05 15:51:00,1,49,49246,2,1,1,6,Moulin Marcille Chemin,47.4377,-0.5067
202300028801,16,12,2023,2025-12-05 16:58:00,2,14,14542,1,3,1,7,Rue Des Canadiens,49.230736,-0.454825
202300028802,7,9,2023,2025-12-05 08:51:00,1,49,49007,2,1,1,3,Haute Chaine Porte,47.4776,-0.5539
202300028803,7,9,2023,2025-12-05 07:41:00,1,49,49007,2,6,1,6,Lecuit,47.49058,-0.5649
202300028804,17,12,2023,2025-12-05 11:30:00,1,50,50341,2,6,1,3,Zone Artisanale Le Haut Gele,49.490347,-1.392635
202300028805,8,9,2023,2025-12-05 01:20:00,3,44,44143,2,1,1,2,Boulevard Du General De Gaulle,47.19305,-1.56962
202300028806,16,12,2023,2025-12-05 20:00:00,5,18,18099,2,1,5,6,Route De Nerondes,47.084212,2.887575
202300028807,8,9,2023,2025-12-05 09:15:00,1,42,42103,2,9,7,6,Route De Cellieu,45.50394,4.56808
202300028808,8,9,2023,2025-12-05 09:45:00,1,42,42218,2,1,1,6,Place Jean Et Hippolyte Vial,45.43546,4.43735
202300028809,16,12,2023,2025-12-05 09:40:00,1,17,17053,2,3,5,3,Rue Des Sarrasins,45.896423,-0.788317
202300028810,16,12,2023,2025-12-05 21:00:00,3,87,87140,1,1,1,2,Route De Bellac,45.929976,0.94005
202300028811,8,9,2023,2025-12-05 10:20:00,1,42,42187,2,6,1,4,Boulevard Marechal Joffre,46.05328,4.07362
202300028812,13,12,2023,2025-12-05 13:00:00,1,30,30123,1,1,1,7,D12,43.711743,4.171693
202300028813,8,9,2023,2025-12-05 21:45:00,5,42,42044,2,1,1,2,Rue Gambetta,45.39622536,4.32572678
202300028814,17,12,2023,2025-12-05 16:40:00,2,8,8367,2,1,5,6,Rue Du Stade,49.918636,4.54755
202300028815,15,12,2023,2025-12-05 20:15:00,5,987,98715,2,1,1,5,Rt1 - Pk 6+900,-17.570618,-149.615142
202300028816,16,12,2023,2025-12-05 10:40:00,1,67,67033,1,9,1,7,D1340,48.749635,7.688096
202300028817,8,9,2023,2025-12-05 18:45:00,1,38,38179,2,6,1,3,Avenue De Vignate,45.19213,5.77592
202300028818,8,9,2023,2025-12-05 10:25:00,1,37,37261,2,1,1,3,Heurteloup (Boulevard),47.391,0.69359
202300028819,17,12,2023,2025-12-05 16:20:00,2,51,51321,1,1,7,4,A4 Pk117+400 Sens Metz-Paris,49.206313,3.772109
202300028820,8,9,2023,2025-12-05 20:00:00,1,34,34172,2,1,1,6,Sabatier D'Espeyran (Avenue Frederic),43.62651,3.86653
202300028821,17,12,2023,2025-12-05 19:20:00,4,31,31254,1,1,1,6,D916,43.537034,1.511001
202300028822,17,12,2023,2025-12-05 17:50:00,5,38,38193,1,1,1,7,A43,45.612424,5.216435
202300028823,8,9,2023,2025-12-05 18:50:00,1,33,33162,2,4,1,3,Avenue De Picot,44.88164014,-0.64222491
202300028824,17,12,2023,2025-12-05 16:40:00,1,60,60408,1,1,1,7,A1 Pk 071+600,49.477243,2.711992
202300028825,8,9,2023,2025-12-05 18:20:00,1,33,33063,2,1,1,6,Quai Des Chartrons,44.85339,-0.56674
202300028826,17,12,2023,2025-12-05 01:39:00,3,77,77185,1,6,5,6,D637,48.463631,2.555265
202300028827,16,12,2023,2025-12-05 17:50:00,1,973,97303,1,1,1,3,Iracoubo,5.436344,-53.103533
202300028828,8,9,2023,2025-12-05 07:59:00,1,33,33522,2,1,1,1,Rue Francois Rabelais,44.79619,-0.59387
202300028829,17,12,2023,2025-12-05 03:15:00,3,971,97126,1,1,1,2,Lieu Dit Saint Charles,15.945814,-61.312809
202300028830,17,12,2023,2025-12-05 00:25:00,5,45,45177,2,1,5,6,D833 Pk 2 + 50,48.120386,2.215247
202300028831,8,9,2023,2025-12-05 12:10:00,1,32,32013,1,1,1,3,Barran (Chemin De),43.62646,0.52725
202300028832,17,12,2023,2025-12-05 04:52:00,3,66,66014,1,1,1,6,Adresse_Inconnue,42.740852,2.814066
202300028833,17,12,2023,2025-12-05 11:30:00,1,30,30155,2,2,7,3,Chemin De Saint Paul,43.815449,4.469512
202300028834,16,12,2023,2025-12-05 21:45:00,3,4,4063,1,1,1,6,D4096,43.769265,5.759668
202300028835,8,9,2023,2025-12-05 12:45:00,1,30,30007,2,1,1,2,Avenue Du Marechal Juin,44.12392,4.10816
202300028836,17,12,2023,2025-12-05 18:00:00,1,13,13081,2,1,1,1,Boulevard Gerard Philipe,43.487016,5.221598
202300028837,7,9,2023,2025-12-05 19:30:00,1,29,29019,2,1,1,6,Rue Yves Collet,48.39221006,-4.47975978
202300028838,16,12,2023,2025-12-05 18:50:00,3,13,13048,2,1,1,2,Chemin De La Couderie,43.636863,5.621637
202300028839,16,12,2023,2025-12-05 18:32:00,5,88,88321,2,3,1,3,Rue Du 12 Septembre 44,48.353019,5.68212
202300028840,7,9,2023,2025-12-05 17:30:00,1,29,29019,2,3,1,3,Rue Gustave Zede,48.4219,-4.46351
202300028841,17,12,2023,2025-12-05 03:20:00,5,55,55122,2,1,5,6,Rue Des Soupirs,48.762904,5.582369
202300028842,16,12,2023,2025-12-05 17:45:00,5,38,38468,1,1,1,3,N7,45.335891,4.80514
202300028843,8,9,2023,2025-12-05 14:18:00,1,27,27229,2,1,1,2,Orleans (Rue D'),49.001893,1.152961
202300028844,16,12,2023,2025-12-05 18:15:00,3,38,38277,2,3,1,6,D529,45.01182,5.70186
202300028845,8,9,2023,2025-12-05 16:21:00,1,25,25056,2,4,7,3,Oratoire Rue De L',47.233,5.989
202300028846,17,12,2023,2025-12-05 11:30:00,1,1,1301,1,1,1,6,Chemin Des Caronnieres,46.273036,5.143318
202300028847,6,9,2023,2025-12-05 15:55:00,1,19,19031,2,1,1,6,Jaures (Avenue Jean),45.1548,1.53032
202300028848,16,12,2023,2025-12-05 20:15:00,3,81,81011,1,1,5,3,Route De Gaillac,43.74258,1.821011
202300028849,17,12,2023,2025-12-05 04:00:00,3,59,59593,1,1,1,1,D61,50.231697,3.293645
202300028850,15,12,2023,2025-12-05 20:01:00,3,13,13106,1,1,1,7,A51-Sens Marseille Vers Aix En Provence,43.40414,5.35783
202300028851,2,9,2023,2025-12-05 17:58:00,1,18,18279,1,1,1,4,16 Route De Neuvy,47.24378,2.09502
202300028852,15,12,2023,2025-12-05 17:48:00,3,13,13210,1,1,1,2,A50-Sens Marseille Vers Aubagne,43.28489979,5.41754007
202300028853,12,12,2023,2025-12-05 17:15:00,5,13,13213,1,1,1,2,A507 Sens Aubagne- Marseille,43.3294,5.4143
202300028854,12,12,2023,2025-12-05 13:40:00,1,57,57474,1,1,1,5,Autoroute A31,49.25969,6.17735
202300028855,16,12,2023,2025-12-05 22:12:00,3,33,33075,1,1,1,2,Rocade A 630,44.88864169,-0.59299618
202300028856,16,12,2023,2025-12-05 18:00:00,3,91,91161,1,1,1,2,Autoroute A6,48.70156,2.30847
202300028857,15,12,2023,2025-12-05 19:10:00,3,91,91432,1,1,1,2,Autoroute A6,48.69319,2.32057
202300028858,15,12,2023,2025-12-05 17:53:00,4,91,91689,1,1,1,4,Autoroute A6,48.7331,2.316
202300028859,16,12,2023,2025-12-05 17:25:00,3,95,95018,1,1,1,2,A15,48.95563,2.27798
202300028860,15,12,2023,2025-12-05 14:55:00,1,95,95351,1,1,1,4,N104,49.03164,2.49317
202300028861,15,12,2023,2025-12-05 17:00:00,2,92,92078,1,1,1,3,Autoroute A86,48.92961992,2.32818847
202300028862,15,12,2023,2025-12-05 13:05:00,1,95,95500,1,1,1,4,A15,49.04028501,2.08315467
202300028863,16,12,2023,2025-12-05 20:00:00,3,77,77372,1,1,5,2,Rn104,48.8846661,2.66785612
202300028864,19,8,2023,2025-12-05 15:15:00,1,76,76540,2,2,1,1,Rue Nansen,49.44507,1.06379
202300028865,15,12,2023,2025-12-05 10:00:00,1,974,97416,2,1,1,6,Dambreville (Avenue Du Dr.),-21.33984,55.49165
202300028866,12,12,2023,2025-12-05 09:45:00,1,974,97416,1,1,1,3,Bordier (Chemin),-21.3059,55.4639
202300028867,15,12,2023,2025-12-05 09:40:00,1,974,97411,2,1,1,2,Jaures (Bld 1 Jean),-20.89066333,55.45511037
202300028868,15,12,2023,2025-12-05 20:18:00,5,973,97302,2,1,1,7,Madeleine (Route De La),4.91878,-52.32167
202300028869,13,12,2023,2025-12-05 13:00:00,1,973,97302,2,3,1,3,Montabo (Route De) 2,4.94472,-52.31106
202300028870,15,12,2023,2025-12-05 19:50:00,5,69,69388,2,1,1,6,Avenue Paul Santy,45.73061329,4.87494061
202300028871,28,6,2023,2025-12-05 17:25:00,1,60,60612,1,9,1,6,D1330,49.21123441,2.60738558
202300028872,15,12,2023,2025-12-05 19:35:00,5,69,69387,2,1,1,6,Avenue Tony Garnier,45.73012,4.82406
202300028873,28,6,2023,2025-12-05 14:00:00,1,13,13071,1,1,1,2,A7-Sens Marseille Vers Lyon,43.412649,5.281567
202300028874,15,12,2023,2025-12-05 08:00:00,1,971,97120,2,3,1,3,General De Gaulle,16.24301697,-61.53961658
202300028875,14,6,2023,2025-12-05 15:10:00,1,69,69152,1,1,1,2,Route De Metropole 7,45.70132,4.83541
202300028876,28,6,2023,2025-12-05 07:50:00,1,92,92012,1,1,1,6,A13,48.84830363,2.23126544
202300028877,15,12,2023,2025-12-05 11:49:00,1,2A,2A004,2,1,1,3,Erbajolo Chemin,41.94133,8.74448
202300028878,27,6,2023,2025-12-05 09:38:00,1,78,78640,1,1,1,2,Adresse_Inconnue,48.778,2.214242
202300028879,14,12,2023,2025-12-05 12:47:00,1,87,87085,2,1,1,6,Fleurus (Boulevard De),45.83096,1.26344
202300028880,27,6,2023,2025-12-05 08:50:00,1,78,78158,1,1,1,2,A13,48.83258,2.138189
202300028881,15,12,2023,2025-12-05 17:13:00,2,86,86194,2,2,1,1,Viaduc Leon Blum,46.585587,0.333229
202300028882,27,6,2023,2025-12-05 17:00:00,1,75,75120,2,1,1,3,Echangeur Bagnolet,48.86630511,2.4131552
202300028883,15,12,2023,2025-12-05 06:00:00,5,84,84035,2,9,1,3,Boscodomini (Avenue),43.81746,5.0437
202300028884,27,6,2023,2025-12-05 17:30:00,1,95,95500,1,1,1,2,A15,49.03617521,2.09541678
202300028885,14,12,2023,2025-12-05 18:15:00,5,83,83062,2,1,1,3,Delage (Rue Marc),43.12494,6.00476
202300028886,27,6,2023,2025-12-05 07:00:00,1,92,92078,1,1,1,2,Autoroute A86,48.92763127,2.33308867
202300028887,12,12,2023,2025-12-05 14:10:00,1,83,83118,2,3,1,6,Rue Leon Isnard,43.42604,6.77004
202300028888,26,6,2023,2025-12-05 00:55:00,3,95,95527,1,1,1,2,A1,49.00062,2.52238
202300028889,13,12,2023,2025-12-05 21:00:00,5,80,80001,2,1,2,3,President Robert Schuman (Du),50.10597,1.85772
202300028890,27,6,2023,2025-12-05 19:05:00,1,76,76114,2,6,1,6,Boulevard Jules Passas,49.56987,0.47858
202300028891,24,6,2023,2025-12-05 11:45:00,1,83,83126,2,1,1,6,Rouve (La ),43.1002,5.90001
202300028892,16,6,2023,2025-12-05 13:47:00,1,68,68224,2,1,1,6,Koechlin (Rue),47.75528,7.33616
202300028893,15,12,2023,2025-12-05 10:10:00,1,77,77285,2,1,1,6,Resistance  (Avenue De La ),48.5416,2.6283
202300028894,15,12,2023,2025-12-05 19:35:00,5,77,77284,2,1,1,6,D603,48.953027,2.883742
202300028895,15,12,2023,2025-12-05 19:02:00,5,77,77464,2,9,1,6,Cornillot (Rue),48.88434,2.71147
202300028896,16,6,2023,2025-12-05 07:50:00,1,988,98818,2,3,1,3,Rue De Metz/Route Du Port Despointes,-22.27754,166.45047
202300028897,27,6,2023,2025-12-05 13:35:00,1,973,97302,1,6,1,7,Galmot (Rond-Point),4.92155,-52.32978
202300028898,15,12,2023,2025-12-05 23:30:00,5,77,77131,2,2,5,2,Strasbourg (Avenue De),48.80323,3.08564
202300028899,27,6,2023,2025-12-05 23:35:00,5,69,69387,2,2,1,1,Rue De Marseille,45.74683,4.83678
202300028900,27,6,2023,2025-12-05 18:15:00,1,69,69388,2,1,1,6,14B Rue De Champagneux,45.73084,4.85108
202300028901,27,6,2023,2025-12-05 09:30:00,1,69,69149,2,1,1,7,21 Grande Rue,45.71875,4.81029
202300028902,25,6,2023,2025-12-05 23:20:00,3,971,97113,1,9,1,1,Rn4-Rond Point Saint Felix,16.20737372,-61.45651102
202300028903,15,12,2023,2025-12-05 18:30:00,5,76,76429,2,1,8,3,Route De Paris,49.4099,1.14278
202300028904,27,6,2023,2025-12-05 13:40:00,1,91,91161,2,1,1,4,Av Pierre Brossolette,48.70009,2.31765
202300028905,27,6,2023,2025-12-05 15:40:00,1,91,91326,2,1,1,3,Cour De France (Avenue De La),48.69141,2.37059
202300028906,26,6,2023,2025-12-05 07:29:00,1,87,87085,2,3,1,3,Perrin (Rue Francois),45.82916,1.24372
202300028907,26,6,2023,2025-12-05 14:30:00,1,83,83069,2,1,1,6,Gambetta (Avenue),43.117152,6.128597
202300028908,26,6,2023,2025-12-05 09:15:00,1,83,83061,2,6,1,6,Avenue De Lattre De Tassigny,43.43094,6.75464
202300028909,23,6,2023,2025-12-05 18:30:00,1,80,80021,1,1,1,2,Saint Honore (Rue),49.88804,2.28904
202300028910,27,6,2023,2025-12-05 10:10:00,1,79,79191,1,2,1,3,Adresse_Inconnue,46.3561,-0.4812
202300028911,27,6,2023,2025-12-05 20:50:00,2,76,76575,2,3,1,6,Rue Moliere,49.403671,1.075423
202300028912,24,6,2023,2025-12-05 21:36:00,1,76,76351,2,3,1,3,Francois 1Er (Bd),49.49027,0.10076
202300028913,2,6,2023,2025-12-05 08:40:00,1,73,73008,2,1,1,1,Sources De St Simond Chemin Des,45.70940965,5.91937914
202300028914,26,6,2023,2025-12-05 11:30:00,1,72,72181,2,9,1,2,Demorieux Entre Pt Chem De Fer Et Huisne,47.9981,0.1889
202300028915,26,6,2023,2025-12-05 08:45:00,1,72,72181,2,9,1,3,Boeufs Le Petit Houx (Chemin Aux),47.95386,0.21985
202300028916,26,6,2023,2025-12-05 18:30:00,1,71,71105,2,3,1,3,Coupee (Grande-Rue De La),46.30973,4.80018
202300028917,27,6,2023,2025-12-05 18:10:00,1,69,69259,2,1,1,3,Avenue Francis De Pressense,45.72589,4.86314
202300028918,27,6,2023,2025-12-05 22:50:00,3,67,67482,2,1,1,1,General Koenig (Quai Du),48.57543,7.75674
202300028919,27,6,2023,2025-12-05 16:35:00,1,67,67482,2,1,1,2,Freres Eberts (Rue Des),48.55327,7.74289
202300028920,15,6,2023,2025-12-05 18:10:00,1,67,67482,2,7,1,3,Martin Schongauer (Rue),48.56778,7.72361
202300028921,16,6,2023,2025-12-05 17:55:00,1,64,64445,2,1,1,3,Olof Palme,43.33861,-0.37884
202300028922,26,6,2023,2025-12-05 15:57:00,1,64,64140,2,1,1,6,Duboy (Rue Andre),43.52832,-1.49395
202300028923,15,6,2023,2025-12-05 19:00:00,1,59,59508,2,2,1,1,Dronckaert (Rue Du),50.74037,3.13213
202300028924,27,6,2023,2025-12-05 21:00:00,1,59,59512,2,1,1,6,Verdun (Avenue De),50.68637,3.19925
202300028925,26,6,2023,2025-12-05 17:30:00,1,57,57463,2,1,1,3,Drapiers (Rue Des ),49.11755,6.24722
202300028926,26,6,2023,2025-12-05 15:13:00,1,57,57463,2,1,1,7,Sebastopol (Avenue De ),49.1094,6.23085
202300028927,27,6,2023,2025-12-05 11:00:00,1,54,54395,2,1,1,3,Avenue De Strasbourg,48.68081262,6.1942184
202300028928,26,6,2023,2025-12-05 12:15:00,1,54,54395,2,1,1,3,Avenue De La Liberation,48.69616795,6.16286606
202300028929,27,6,2023,2025-12-05 11:20:00,1,54,54575,1,1,1,6,D125,49.457554,5.851464
202300028930,27,6,2023,2025-12-05 16:45:00,1,51,51454,2,1,1,3,Essillards (Rue Des),49.23283,4.04788
202300028931,27,6,2023,2025-12-05 11:30:00,1,51,51573,2,1,1,6,Briand (Rue Aristide),49.25015,4.00809
202300028932,23,6,2023,2025-12-05 07:35:00,1,50,50129,2,1,1,6,Delaville ( Avenue),49.63589,-1.62552
202300028933,27,6,2023,2025-12-05 11:48:00,1,49,49007,2,1,1,6,Plantagenet,47.47238,-0.55455
202300028934,26,6,2023,2025-12-05 18:00:00,1,49,49015,2,6,1,3,Langevin Rue Paul,47.5178,-0.6083
202300028935,26,6,2023,2025-12-05 06:45:00,1,49,49246,2,6,1,2,Moulin Marcille Chemin,47.43676,-0.50428
202300028936,27,6,2023,2025-12-05 16:26:00,1,47,47001,2,1,1,3,Bara (Rue Joseph),44.20329,0.62171
202300028937,27,6,2023,2025-12-05 16:50:00,1,45,45234,2,1,1,3,33 Rue Basse D'Ingre,47.90525,1.88967
202300028938,27,6,2023,2025-12-05 18:00:00,1,43,43157,2,1,1,2,40 Avenue Des Belges,45.049122,3.900097
202300028939,27,6,2023,2025-12-05 16:15:00,1,43,43041,2,9,1,7,Chemin Du Stade,45.04319,3.93303
202300028940,27,6,2023,2025-12-05 08:48:00,1,43,43157,2,1,1,3,Rue Burel,45.04084,3.88707
202300028941,27,6,2023,2025-12-05 20:55:00,1,37,37233,2,1,1,3,Rabaterie ( Rue De La ),47.39199,0.73467
202300028942,27,6,2023,2025-12-05 09:20:00,1,34,34172,2,4,1,6,261 Rue De Puech Villa,43.64139,3.83493
202300028943,25,6,2023,2025-12-05 10:40:00,1,34,34003,1,1,1,6,Rd51,43.320358,3.47606
202300028944,27,6,2023,2025-12-05 20:15:00,1,25,25056,1,1,1,6,Rn 1057 (Route De Gray-Ch.Epitaphe),47.24028,5.98111
202300028945,27,6,2023,2025-12-05 20:29:00,1,25,25056,2,3,1,3,Monts De Bregille Ruelle Des,47.242525,6.044741
202300028946,27,6,2023,2025-12-05 15:00:00,1,25,25056,2,2,1,2,Chopard Rue Alexis,47.24896,6.03135
202300028947,27,6,2023,2025-12-05 11:20:00,1,25,25056,2,1,1,6,Denfert Rochereau Avenue,47.244,6.027
202300028948,27,6,2023,2025-12-05 08:20:00,1,25,25056,2,1,1,3,Rue Francis Clerc,47.257674,6.017568
202300028949,26,6,2023,2025-12-05 13:15:00,1,14,14333,2,1,1,6,Quai De La Quarantaine,49.420462,0.234681
202300028950,27,6,2023,2025-12-05 08:35:00,1,13,13117,2,2,1,3,Cd20 E,43.42721,5.23544
202300028951,27,6,2023,2025-12-05 07:40:00,1,13,13047,1,1,1,2,Rn 569,43.55042,4.95739
202300028952,27,6,2023,2025-12-05 14:17:00,1,6,6088,2,2,1,6,Riquier (Bd De),43.703245,7.289539
202300028953,26,6,2023,2025-12-05 13:20:00,1,6,6069,2,1,1,3,Saint Mathieu (Route Et Place),43.657294,6.933256
202300028954,27,6,2023,2025-12-05 08:30:00,1,6,6029,2,9,1,3,Tonner (Avenue Francis),43.55026,6.95767
202300028955,27,6,2023,2025-12-05 10:24:00,1,5,5061,2,1,1,7,Varsie  ( Rue De ),44.57933,6.07414
202300028956,27,6,2023,2025-12-05 22:30:00,5,1,1053,2,9,1,3,Route De Marboz,46.22257,5.22853
202300028957,27,6,2023,2025-12-05 08:35:00,1,75,75120,2,1,1,5,Porte Des Lilas,48.876534,2.409645
202300028958,26,6,2023,2025-12-05 08:20:00,1,75,75116,2,4,1,2,Porte Maillot,48.877655,2.280344
202300028959,26,6,2023,2025-12-05 10:20:00,1,75,75120,2,1,1,5,Porte De Montreuil,48.852713,2.414464
202300028960,26,6,2023,2025-12-05 09:50:00,1,75,75117,2,1,1,2,Porte De Champerret,48.887035,2.29029
202300028961,27,6,2023,2025-12-05 13:30:00,1,75,75112,2,1,1,2,Boulevard Peripherique Interieur Sud,48.831429,2.403851
202300028962,26,6,2023,2025-12-05 18:10:00,1,75,75115,2,9,1,6,Rue Falguiere,48.839882,2.31243
202300028963,27,6,2023,2025-12-05 10:30:00,1,75,75105,2,2,1,3,Quai De La Tournelle,48.851104,2.351295
202300028964,27,6,2023,2025-12-05 18:50:00,1,75,75120,2,3,1,2,Rue De Bagnolet,48.859665,2.403088
202300028965,27,6,2023,2025-12-05 18:31:00,1,75,75119,2,2,1,6,Porte De La Villette,48.89853,2.386531
202300028966,27,6,2023,2025-12-05 15:45:00,1,75,75119,2,7,1,3,Place Auguste Baron,48.900657,2.387002