num_acc,jour,mois,an,hrmn,lum,dep,com,agg,int,atm,col,adr,lat,long
202300028967,27,6,2023,2025-12-05 14:55:00,1,75,75118,2,3,1,3,Boulevard De Clichy,48.884531,2.326964
202300028968,22,6,2023,2025-12-05 03:00:00,5,75,75117,2,2,1,7,Rue De Rome,48.885669,2.316823
202300028969,27,6,2023,2025-12-05 18:40:00,1,75,75116,2,2,1,3,Place De Colombie,48.86263148,2.26811349
202300028970,27,6,2023,2025-12-05 09:45:00,1,75,75116,2,1,1,2,Route Des Tribunes,48.86215,2.230505
202300028971,27,6,2023,2025-12-05 17:15:00,1,75,75115,2,3,1,3,Avenue De Suffren,48.851563,2.30026
202300028972,26,6,2023,2025-12-05 09:25:00,1,75,75114,2,1,1,3,Avenue Du General Leclerc,48.83178,2.330318
202300028973,26,6,2023,2025-12-05 08:55:00,1,75,75115,2,2,1,3,Rue De Javel,48.843769,2.286354
202300028974,27,6,2023,2025-12-05 17:55:00,1,75,75113,2,1,1,6,Rue Des Cordelieres,48.834224,2.34896
202300028975,16,6,2023,2025-12-05 18:40:00,1,75,75113,2,4,1,3,Boulevard Massena,48.822639,2.373072
202300028976,27,6,2023,2025-12-05 16:55:00,1,75,75112,2,1,1,2,Rue De Charenton,48.83464,2.393516
202300028977,9,6,2023,2025-12-05 22:40:00,5,75,75112,2,1,1,6,Rue Chaligny,48.848219,2.384001
202300028978,27,6,2023,2025-12-05 18:00:00,1,75,75109,2,1,1,2,Rue Du Delta,48.882419,2.348927
202300028979,27,6,2023,2025-12-05 10:34:00,1,75,75108,2,1,1,3,Boulevard Malesherbes,48.872742,2.321368
202300028980,27,6,2023,2025-12-05 09:56:00,1,75,75115,2,2,1,2,Rue Linois,48.847675,2.284142
202300028981,27,6,2023,2025-12-05 08:30:00,1,75,75103,2,3,1,3,Boulevard Beaumarchais,48.857607,2.368059
202300028982,27,6,2023,2025-12-05 18:45:00,1,94,94044,2,1,1,6,Rue Paul Valery,48.75308,2.47521
202300028983,27,6,2023,2025-12-05 11:30:00,1,94,94058,2,1,1,3,Boulevard D'Alsace-Lorraine,48.852028,2.509349
202300028984,26,6,2023,2025-12-05 09:10:00,1,94,94042,2,2,1,1,Avenue Du General Gallieni,48.82011,2.47841
202300028985,27,6,2023,2025-12-05 20:10:00,1,94,94081,2,2,1,3,Avenue Lucien Francais,48.78504743,2.38848594
202300028986,27,6,2023,2025-12-05 19:05:00,1,94,94081,2,1,1,3,21 Avenue Anatole France,48.80264,2.403547
202300028987,25,6,2023,2025-12-05 14:51:00,1,94,94019,2,2,1,3,Rue Du Pont,48.79023,2.52244
202300028988,27,6,2023,2025-12-05 11:30:00,1,94,94075,2,3,1,2,Av Du Mal De Lattre De Tassigny,48.73443,2.52009
202300028989,26,6,2023,2025-12-05 14:40:00,1,93,93078,2,1,1,6,Boulevard Robert Ballanger,48.95637737,2.54154498
202300028990,27,6,2023,2025-12-05 11:45:00,1,93,93059,2,3,1,3,Chemin Des Joncherolles / Rue Du 8 Mai 1945,48.95839508,2.35401928
202300028991,24,6,2023,2025-12-05 12:00:00,1,93,93064,2,1,1,3,Rue Du 4E Zouave,48.87279231,2.47799054
202300028992,27,6,2023,2025-12-05 18:45:00,1,93,93001,2,1,1,3,Rue Du Clos Benard,48.9121,2.38549
202300028993,26,6,2023,2025-12-05 09:10:00,1,93,93001,2,2,1,3,Rue Lopez Et Jules Martin / Rue Danielle Casanova,48.91549654,2.3999523
202300028994,27,6,2023,2025-12-05 20:20:00,1,92,92064,2,1,1,7,Republique,48.851584,2.213067
202300028995,26,6,2023,2025-12-05 17:00:00,1,92,92051,2,1,1,3,"Roule (Avenue Du, Ndeg 29 A 91 Et 30 A 86)",48.88264,2.27685
202300028996,23,6,2023,2025-12-05 12:30:00,1,92,92051,2,2,1,6,"Roule (Avenue Du, Ndeg 29 A 91 Et 30 A 86)",48.88189591,2.28016287
202300028997,27,6,2023,2025-12-05 18:45:00,1,92,92040,2,2,1,3,Camille Desmoulins,48.83153541,2.26721585
202300028998,27,6,2023,2025-12-05 21:20:00,2,92,92012,2,1,1,7,Silly (Rue De) 89/Fin - 90/Fin,48.83394756,2.2331804
202300028999,12,6,2023,2025-12-05 20:15:00,1,92,92004,2,1,1,6,Albert De Mun,48.920565,2.281368
202300029000,10,6,2023,2025-12-05 07:40:00,1,92,92004,2,2,1,3,Argenteuil Av D',48.92122,2.27841
202300029001,26,6,2023,2025-12-05 18:15:00,1,92,92004,2,4,1,6,Parfumerie ( Rue De La ),48.91344328,2.29918152
202300029002,15,6,2023,2025-12-05 07:50:00,1,92,92004,2,1,1,3,Aulagnier ( Quai ),48.914752,2.312129
202300029003,28,6,2023,2025-12-05 14:55:00,1,76,76421,1,1,1,5,D6015,49.554937,0.426793
202300029004,28,6,2023,2025-12-05 18:29:00,1,80,80569,1,2,1,3,Rue D'Harbonnieres,49.890052,2.652442
202300029005,27,6,2023,2025-12-05 13:20:00,1,11,11069,1,1,1,2,Adresse_Inconnue,43.192275,2.364119
202300029006,25,6,2023,2025-12-05 02:39:00,3,33,33392,1,1,1,6,D10,44.600067,-0.291524
202300029007,28,6,2023,2025-12-05 17:12:00,1,31,31573,1,1,1,6,D112,43.664783,1.720519
202300029008,28,6,2023,2025-12-05 11:40:00,1,42,42284,1,2,1,3,Rte De Saint Germain Lespinasse,46.09298,3.974717
202300029009,28,6,2023,2025-12-05 00:50:00,3,51,51476,1,1,1,7,D977,49.015581,4.410152
202300029010,28,6,2023,2025-12-05 11:14:00,1,44,44111,1,1,1,1,La Noe,47.370269,-1.725331
202300029011,26,6,2023,2025-12-05 07:50:00,1,62,62269,1,1,1,5,D941,50.433518,2.450125
202300029012,24,6,2023,2025-12-05 09:00:00,1,56,56128,1,3,7,3,Toulmelin,47.999367,-3.092555
202300029013,27,6,2023,2025-12-05 19:15:00,1,79,79005,2,1,1,1,Adresse_Inconnue,46.824525,-0.140778
202300029014,28,6,2023,2025-12-05 07:55:00,1,2A,2A130,1,1,1,1,Lorello,41.875593,8.80066
202300029015,27,6,2023,2025-12-05 21:10:00,1,33,33289,2,1,1,1,2Bis Avenue Jean-Paul Glanet,44.650575,0.085388
202300029016,26,6,2023,2025-12-05 18:30:00,1,63,63430,2,2,1,3,Rd44 / Route Du Fau,45.85599,3.524219
202300029017,28,6,2023,2025-12-05 16:00:00,1,49,49330,1,2,7,3,Lieu Dit Le Trou Noir,47.648647,-0.62371
202300029018,28,6,2023,2025-12-05 14:45:00,1,12,12198,2,2,1,3,Route De Rodez,44.305578,2.249429
202300029019,28,6,2023,2025-12-05 13:45:00,1,42,42019,2,5,1,5,Rue De Roanne,45.750045,4.008642
202300029020,27,6,2023,2025-12-05 18:40:00,1,47,47111,1,1,1,1,Rd 666,44.366907,0.462273
202300029021,28,6,2023,2025-12-05 04:40:00,3,68,68377,1,1,1,6,Rue De Walheim,47.624548,7.272717
202300029022,26,6,2023,2025-12-05 06:45:00,1,25,25321,1,3,1,3,D398,47.090511,6.694094
202300029023,28,6,2023,2025-12-05 15:50:00,1,2,2201,2,1,1,6,25 Rue Des Gais Voisins,49.340496,3.156416
202300029024,25,6,2023,2025-12-05 16:15:00,1,70,70315,1,1,1,5,D64,47.907024,6.293322
202300029025,27,6,2023,2025-12-05 22:12:00,3,70,70353,1,1,1,6,Rd15 - Pk 53+600,47.278618,5.669407
202300029026,26,6,2023,2025-12-05 11:50:00,1,6,6120,1,1,1,6,M2205,44.238066,6.941997
202300029027,28,6,2023,2025-12-05 16:00:00,1,6,6090,1,1,1,1,Route De Tanneron,43.588256,6.910014
202300029028,27,6,2023,2025-12-05 15:15:00,1,14,14298,1,1,1,7,Route Du Wigwam,49.35746,-1.103075
202300029029,28,6,2023,2025-12-05 11:45:00,1,5,5163,1,1,1,1,Les Demoiselles Coiffees (Attraction),44.49548,6.342802
202300029030,26,6,2023,2025-12-05 16:45:00,1,50,50365,1,3,1,4,D971,48.941329,-1.4867
202300029031,27,6,2023,2025-12-05 19:20:00,1,60,60045,2,2,1,1,2 Rue Du General Taupin,49.223014,2.668675
202300029032,28,6,2023,2025-12-05 07:40:00,1,18,18129,1,1,1,2,Adresse_Inconnue,46.959887,2.379089
202300029033,27,6,2023,2025-12-05 08:20:00,1,18,18111,1,1,1,6,Adresse_Inconnue,47.244338,2.665912
202300029034,27,6,2023,2025-12-05 16:40:00,1,10,10226,1,1,1,3,D43,48.1902161,4.35093901
202300029035,28,6,2023,2025-12-05 10:15:00,1,40,40217,1,3,1,1,D652,44.367505,-1.109469
202300029036,24,6,2023,2025-12-05 13:15:00,1,4,4209,2,2,1,1,Route De La Motte Du Caire,44.217855,5.939543
202300029037,27,6,2023,2025-12-05 16:32:00,1,4,4173,1,1,1,6,Route De Nice,43.947806,6.512489
202300029038,27,6,2023,2025-12-05 16:18:00,1,4,4174,1,1,1,1,N202,43.963693,6.74243
202300029039,28,6,2023,2025-12-05 12:16:00,1,85,85234,2,1,1,3,24 Rue Neuve,46.7869,-2.073589
202300029040,27,6,2023,2025-12-05 17:15:00,1,37,37139,1,1,1,3,Route Departementale 3,47.43446443,0.53337336
202300029041,27,6,2023,2025-12-05 02:00:00,5,30,30006,2,2,1,3,Rue De La Garrigue,43.69969,4.198987
202300029042,28,6,2023,2025-12-05 07:45:00,1,30,30329,1,1,1,1,Rd907,44.063417,3.931491
202300029043,27,6,2023,2025-12-05 18:15:00,5,987,98734,2,1,1,3,Pk 36 Rt1,-17.712,-149.508
202300029044,15,6,2023,2025-12-05 12:25:00,1,38,38553,2,3,1,1,Impasse Paul Bert,45.618499,5.148066
202300029045,28,6,2023,2025-12-05 11:30:00,1,6,6079,1,1,1,2,Autoroute A8 - Pk 155.800 Nord,43.539683,6.918941
202300029046,28,6,2023,2025-12-05 12:30:00,1,38,38104,1,1,1,2,Autoroute A43 De Lyon A Chambery,45.5705033,5.59244545
202300029047,27,6,2023,2025-12-05 00:40:00,5,973,97304,2,1,1,6,Avenue De France,5.172098,-52.649783
202300029048,27,6,2023,2025-12-05 22:50:00,3,973,97305,1,1,2,5,Route Nationale 1,4.925282,-52.390366
202300029049,28,6,2023,2025-12-05 01:42:00,3,77,77088,1,1,1,6,D152,48.309093,2.535626
202300029050,28,6,2023,2025-12-05 13:15:00,1,77,77127,1,1,1,1,D 471,48.676383,2.684591
202300029051,28,6,2023,2025-12-05 10:17:00,1,30,30039,2,2,1,3,D6086,43.882127,4.490409
202300029052,24,6,2023,2025-12-05 19:10:00,1,34,34213,2,1,1,6,Rue Marcel Palat,43.486679,3.670087
202300029053,28,6,2023,2025-12-05 10:50:00,1,34,34296,2,1,1,6,195 Chemin De L'Escouo Port,43.759104,4.052582
202300029054,28,6,2023,2025-12-05 17:30:00,1,83,83143,1,1,1,1,D562,43.452598,6.106886
202300029055,28,6,2023,2025-12-05 14:20:00,1,89,89198,1,1,1,3,Autoroute A6,47.856262,3.566871
202300029056,27,6,2023,2025-12-05 10:10:00,1,21,21442,2,9,1,7,D974,47.196503,4.969683
202300029057,24,6,2023,2025-12-05 00:24:00,3,67,67067,1,1,1,7,D263,48.747389,7.721651
202300029058,28,6,2023,2025-12-05 14:45:00,1,42,42180,1,4,1,3,Route Des Baluzes,45.589184,4.155772
202300029059,27,6,2023,2025-12-05 11:50:00,1,38,38072,1,1,1,1,Route De Marseille,45.31024326,4.80923341
202300029060,27,6,2023,2025-12-05 16:45:00,1,69,69004,1,1,1,6,46 Rue Ayme Chalus,45.907907,4.650841
202300029061,23,6,2023,2025-12-05 10:40:00,1,31,31135,2,1,1,7,Carrefour Market (Supermarche),43.210994,1.083891
202300029062,28,6,2023,2025-12-05 12:00:00,1,40,40123,1,1,1,1,Departementale 947,43.831833,-1.101379
202300029063,28,6,2023,2025-12-05 11:30:00,1,33,33413,1,3,1,3,Route De La Souloire,44.84998693,-0.32750845
202300029064,26,6,2023,2025-12-05 12:10:00,1,33,33056,2,3,1,3,Rue Georges Guynemer,44.923845,-0.621768
202300029065,28,6,2023,2025-12-05 16:30:00,1,50,50139,1,1,1,6,29 Route De Gieville,49.035118,-1.020731
202300029066,27,6,2023,2025-12-05 15:24:00,1,59,59581,2,1,1,7,13 Rue De L'Epinette,50.676858,2.793451
202300029067,27,6,2023,2025-12-05 16:20:00,1,13,13071,1,1,1,6,A5501Dsens Lyon Vers A55-Mlle Vieux Port,43.40187,5.298426
202300029068,24,5,2023,2025-12-05 09:25:00,1,13,13085,2,1,1,3,A50-Sens Aubagne Vers Toulon,43.260602,5.591558
202300029069,21,6,2023,2025-12-05 18:25:00,1,13,13213,1,1,1,4,A507 Sens Marseille - Aubagne,43.32992,5.40637
202300029070,13,6,2023,2025-12-05 12:30:00,1,13,13071,1,1,1,4,A7-Sens Marseille Vers Lyon,43.41205,5.28258
202300029071,27,6,2023,2025-12-05 18:35:00,5,83,83137,1,1,1,2,A50 Tunnel Tube Sud,43.12696802,5.92140338
202300029072,26,6,2023,2025-12-05 07:08:00,1,69,69382,2,1,1,3,Route De Metropole 7,45.73721,4.82087
202300029073,27,6,2023,2025-12-05 09:00:00,1,69,69276,1,1,1,5,Boulevard Urbain Sud,45.68688222,4.86796407
202300029074,27,6,2023,2025-12-05 17:46:00,1,33,33162,1,1,1,3,Rocade A 630,44.86237,-0.65703
202300029075,9,10,2023,2025-12-05 10:20:00,1,37,37261,2,4,1,3,Saint Barthelemy (Rue Et Allee),47.41217,0.70001
202300029076,9,10,2023,2025-12-05 08:30:00,2,37,37122,1,1,1,5,Rd 37,47.34465818,0.64632654
202300029077,26,9,2023,2025-12-05 21:15:00,5,34,34172,2,1,1,7,Montels-Eglise (Rue De),43.58307,3.8871
202300029078,7,10,2023,2025-12-05 15:45:00,1,34,34003,2,1,1,5,Hyper U (Parkings),43.29872,3.47765
202300029079,10,10,2023,2025-12-05 17:15:00,1,33,33069,2,2,1,3,Boulevard Pierre 1Er,44.85705,-0.59111
202300029080,9,10,2023,2025-12-05 19:15:00,1,33,33200,2,6,1,3,Rue Georges Clemenceau,44.8778,-0.67713
202300029081,9,10,2023,2025-12-05 18:00:00,1,33,33063,2,3,1,3,Rue Lucien Faure,44.86199724,-0.55604607
202300029082,9,10,2023,2025-12-05 09:20:00,1,31,31555,1,1,1,2,20 Lespinet  (Periph Ouest A620),43.56705,1.48216
202300029083,9,10,2023,2025-12-05 12:10:00,1,31,31483,2,6,1,3,D921,43.09515,0.73609
202300029084,5,10,2023,2025-12-05 16:59:00,1,30,30189,2,1,1,3,Boulevard Du President Salvador Allende,43.82331,4.36769
202300029085,9,9,2023,2025-12-05 12:50:00,1,30,30189,2,2,1,3,Rue Notre Dame,43.8372,4.3663
202300029086,9,10,2023,2025-12-05 19:50:00,2,30,30007,2,6,1,3,Avenue Monge,44.14584,4.10096
202300029087,9,10,2023,2025-12-05 14:45:00,1,30,30007,2,1,1,2,Quai De Grabieux,44.13875,4.08534
202300029088,9,10,2023,2025-12-05 15:20:00,1,29,29232,2,2,1,6,Pont Max Jacob,47.99352,-4.1058
202300029089,9,10,2023,2025-12-05 07:36:00,5,29,29019,2,3,1,3,Rue De Guilers,48.38839489,-4.51576978
202300029090,9,10,2023,2025-12-05 13:33:00,1,27,27681,2,1,1,3,Poterie (Rue De La),49.08129,1.4841
202300029091,9,10,2023,2025-12-05 12:40:00,1,22,22113,2,3,1,3,Prud'Homme (Rue Sully),48.742034,-3.474243
202300029092,8,10,2023,2025-12-05 08:25:00,1,19,19031,2,6,1,3,Rhin Et Danube (Rond Point),45.14464,1.47591
202300029093,9,10,2023,2025-12-05 15:30:00,1,15,15014,2,1,1,6,Rd 120,44.9223,2.42771
202300029094,9,10,2023,2025-12-05 10:40:00,1,15,15014,2,1,1,3,Rd 120,44.9193,2.42842
202300029095,7,10,2023,2025-12-05 23:38:00,5,15,15014,2,1,1,6,Chazerat (Rue),44.92992,2.44705
202300029096,8,10,2023,2025-12-05 20:40:00,5,14,14069,2,1,1,7,108 Route D'Orbec,49.13085,0.25827
202300029097,9,10,2023,2025-12-05 15:30:00,1,14,14118,2,1,1,2,2 Boulevard Andre Detolle,49.183072,-0.387234
202300029098,9,10,2023,2025-12-05 09:20:00,1,13,13213,2,9,1,6,Marcel Delprat (Avenue),43.3343,5.45454
202300029099,5,10,2023,2025-12-05 18:00:00,1,13,13005,2,1,1,1,Blancard (Promenade Pierre),43.297,5.5686
202300029100,8,10,2023,2025-12-05 09:40:00,1,12,12202,2,1,1,6,Jean Monnet (Avenue),44.35852,2.55699
202300029101,10,10,2023,2025-12-05 07:34:00,2,10,10325,2,2,1,1,Rue De La Liberte,48.26305,4.05908
202300029102,9,10,2023,2025-12-05 08:32:00,1,10,10081,2,1,1,4,Penetrante Nord,48.31608,4.0624
202300029103,6,10,2023,2025-12-05 17:28:00,1,10,10387,2,3,1,3,Faubourg Croncels (Rue Du),48.28328,4.07888
202300029104,9,10,2023,2025-12-05 18:00:00,1,7,7281,2,1,1,3,Narvik (Rue De),44.94862,4.84538
202300029105,23,8,2023,2025-12-05 10:27:00,1,6,6083,2,2,1,6,Edouard Vii (Avenue),43.7731,7.49565
202300029106,9,10,2023,2025-12-05 15:35:00,1,6,6029,2,9,1,3,Grasse (Avenue De),43.55506,7.00839
202300029107,9,10,2023,2025-12-05 10:45:00,1,6,6030,2,1,1,6,Sadi Carnot (Boulevard),43.57553,7.01691
202300029108,9,10,2023,2025-12-05 13:20:00,1,4,4070,2,1,1,7,Juin (Av. Mar.),44.08159,6.22268
202300029109,7,10,2023,2025-12-05 20:28:00,5,3,3190,2,3,1,3,Tanneries (Rue Des),46.56608,3.33721
202300029110,6,10,2023,2025-12-05 20:20:00,3,2,2212,1,1,1,1,Adresse_Inconnue,49.63188,3.27725
202300029111,10,10,2023,2025-12-05 19:15:00,5,75,75116,2,1,1,4,Porte Dauphine,48.872906,2.274447
202300029112,9,10,2023,2025-12-05 21:10:00,5,75,75113,2,4,1,2,Porte D Italie,48.816114,2.362523
202300029113,10,10,2023,2025-12-05 17:40:00,1,75,75120,2,4,1,6,Rue Des Rondonneaux,48.863476,2.39958
202300029114,10,10,2023,2025-12-05 10:30:00,1,75,75119,2,2,1,6,Rue Du Maroc,48.886468,2.369355
202300029115,10,10,2023,2025-12-05 08:45:00,1,75,75116,2,7,1,3,Place De L Alma,48.86453,2.301301
202300029116,10,10,2023,2025-12-05 17:20:00,1,75,75114,2,4,1,7,Boulevard Raspail,48.839223,2.330616
202300029117,10,10,2023,2025-12-05 11:15:00,1,75,75114,2,2,1,7,Boulevard Jourdan,48.82323743,2.32553959
202300029118,10,10,2023,2025-12-05 16:10:00,1,75,75113,2,9,1,3,Rue Baudricourt,48.825743,2.363021
202300029119,10,10,2023,2025-12-05 11:25:00,1,75,75112,2,1,1,3,Rue De Bercy,48.84389,2.373163
202300029120,10,10,2023,2025-12-05 08:10:00,1,75,75112,2,1,1,3,Avenue Daumesnil,48.836218,2.404759
202300029121,10,10,2023,2025-12-05 21:05:00,5,75,75111,2,1,1,3,Rue Oberkampf,48.866005,2.378851
202300029122,10,10,2023,2025-12-05 19:10:00,2,75,75109,2,2,1,3,Boulevard De Rochechouart,48.88327,2.34692
202300029123,10,10,2023,2025-12-05 16:05:00,1,75,75108,2,1,1,6,Boulevard Malesherbes,48.880151,2.30778
202300029124,10,10,2023,2025-12-05 09:50:00,1,75,75108,2,7,1,1,Place De L'Alma,48.86421248,2.3018074
202300029125,9,10,2023,2025-12-05 17:45:00,1,75,75107,2,3,1,2,Avenue De Breteuil,48.848832,2.31142
202300029126,10,10,2023,2025-12-05 14:20:00,1,75,75104,2,2,1,5,Boulevard Henri Iv,48.852069,2.365442
202300029127,10,10,2023,2025-12-05 14:30:00,1,75,75101,2,2,1,6,Rue De Rivoli,48.859632,2.34481
202300029128,10,10,2023,2025-12-05 13:35:00,1,75,75101,2,3,1,3,Rue De La Grande Truanderie,48.862469,2.350437
202300029129,10,10,2023,2025-12-05 09:30:00,1,75,75103,2,2,1,6,Rue De Turbigo,48.866844,2.361909
202300029130,9,10,2023,2025-12-05 23:00:00,5,94,94081,2,1,1,3,Avenue Paul Vaillant Couturier,48.796514,2.398536
202300029131,10,10,2023,2025-12-05 16:35:00,1,94,94078,2,9,1,3,Avenue Winston Churchill,48.754034,2.44869938
202300029132,10,10,2023,2025-12-05 18:20:00,1,94,94028,1,1,1,2,Avenue Du Marechal Foch,48.777659,2.438597
202300029133,10,10,2023,2025-12-05 11:30:00,1,94,94068,2,1,1,6,40Bis Rue Du Four,48.812424,2.472948
202300029134,10,10,2023,2025-12-05 08:06:00,1,94,94054,2,2,1,3,Av Des Martyrs De Chateaubriant,48.74946,2.40649
202300029135,10,10,2023,2025-12-05 20:50:00,5,94,94018,2,6,1,6,Quai Des Carrieres,48.8184,2.41098
202300029136,10,10,2023,2025-12-05 19:35:00,5,94,94071,2,3,1,6,Rue Delacroix,48.77498,2.52548
202300029137,10,10,2023,2025-12-05 17:40:00,1,93,93078,2,1,1,6,Avenue Du Sausset,48.96271,2.5166
202300029138,10,10,2023,2025-12-05 14:00:00,1,93,93073,2,1,1,4,Avenue Du Valquiou,48.98068471,2.53191924
202300029139,10,10,2023,2025-12-05 00:05:00,5,93,93007,2,3,1,6,Rue Jean-Pierre Timbaud / Allee Des Dahlias,48.943732,2.451453
202300029140,9,10,2023,2025-12-05 21:20:00,5,93,93071,2,3,1,3,Rue Du Pont Blanc / Rue Gabriel Peri,48.94228,2.53269
202300029141,10,10,2023,2025-12-05 13:40:00,1,93,93051,2,2,1,3,Boulevard Du Ru De Nesles / Rue Des Aerostiers,48.831894,2.584045
202300029142,10,10,2023,2025-12-05 21:30:00,3,93,93008,2,6,1,3,Avenue Paul Vaillant - Couturier / Avenue Pierre Semard,48.909534,2.445693
202300029143,10,10,2023,2025-12-05 18:22:00,1,92,92078,1,1,1,1,Charles De Gaulle (Bd) (71 Au 153),48.93888,2.32686
202300029144,9,10,2023,2025-12-05 20:30:00,5,92,92072,2,9,1,7,Grande Rue,48.82382901,2.20884025
202300029145,10,10,2023,2025-12-05 16:15:00,1,92,92064,2,1,1,6,Docteur Desfossez,48.84382012,2.21857872
202300029146,4,10,2023,2025-12-05 09:18:00,1,92,92063,2,1,7,6,Dix-Huit Juin 1940 (Avenue Du) Est,48.86782629,2.19519585
202300029147,10,10,2023,2025-12-05 13:30:00,1,92,92051,2,1,1,3,Bourdon (Boulevard),48.89398568,2.26802149
202300029148,10,10,2023,2025-12-05 17:58:00,1,92,92049,2,1,1,6,Perier Rue Ndeg35 A 88 Et 26B A 90,48.81422025,2.31574394
202300029149,9,10,2023,2025-12-05 13:08:00,1,92,92036,2,3,1,5,General De Gaulle (Avenue) (Pairs),48.93377574,2.31337667
202300029150,10,10,2023,2025-12-05 08:00:00,1,92,92024,2,1,1,2,Henri Barbusse (Rue) De (73 A 139),48.89999,2.30614
202300029151,10,10,2023,2025-12-05 17:12:00,1,92,92019,2,3,1,3,Division Leclerc (Avenue De La),48.76552798,2.26040125
202300029152,10,10,2023,2025-12-05 16:33:00,1,92,92007,2,1,1,2,Montrouge (Avenue De),48.78525992,2.31013656
202300029153,10,10,2023,2025-12-05 11:48:00,1,17,17094,2,6,1,3,Boulevard Aristide Briand,46.076878,-1.088076
202300029154,6,10,2023,2025-12-05 22:55:00,3,36,36097,2,1,1,3,Route De Vatan,47.02692317,1.75692953
202300029155,10,10,2023,2025-12-05 13:30:00,1,76,76392,2,2,7,6,Rue Du Marechal Leclerc,49.833799,1.401336
202300029156,9,10,2023,2025-12-05 23:00:00,3,21,21614,1,1,1,6,A31,47.43243475,5.16783661
202300029157,10,10,2023,2025-12-05 08:50:00,1,84,84149,2,1,1,3,D977,44.168787,4.960589
202300029158,8,10,2023,2025-12-05 18:30:00,1,1,1398,1,1,1,6,Le Grand Etang,46.005808,4.867018
202300029159,3,10,2023,2025-12-05 13:00:00,1,71,71336,2,1,1,1,19 Route De Louhans,46.717775,4.951815
202300029160,10,10,2023,2025-12-05 23:30:00,5,30,30312,2,1,1,7,Chemin De La Gare,44.024564,4.797002
202300029161,11,10,2023,2025-12-05 10:20:00,1,62,62230,1,1,1,6,D127,50.75720465,1.79297036
202300029162,11,10,2023,2025-12-05 13:47:00,1,19,19094,1,4,1,1,Route De Pompadour,45.325071,1.319046
202300029163,10,10,2023,2025-12-05 18:00:00,1,2B,2B346,2,1,1,1,Arena,42.502256,9.4644
202300029164,11,10,2023,2025-12-05 14:55:00,1,19,19274,1,1,1,6,A-89,45.18799366,1.49089204
202300029165,10,8,2023,2025-12-05 18:16:00,1,82,82010,1,2,1,3,Route Du Chateau D'Eau,44.03463592,0.90830255
202300029166,11,10,2023,2025-12-05 17:00:00,1,89,89267,2,1,1,6,Place Du Prieure,47.541824,4.035947
202300029167,6,10,2023,2025-12-05 16:15:00,1,63,63122,1,1,1,7,D 26,45.50263553,3.03529342
202300029168,9,10,2023,2025-12-05 16:20:00,1,22,22079,1,1,1,6,Le Peray,48.3961,-2.723386
202300029169,11,10,2023,2025-12-05 11:50:00,1,35,35187,1,4,1,1,La Ville Neveu,48.078457,-1.960502
202300029170,11,10,2023,2025-12-05 12:15:00,1,2,2284,1,1,1,6,Rd 460 Erloy,49.93025,3.844582
202300029171,11,10,2023,2025-12-05 11:30:00,2,15,15261,1,1,1,3,Rd 922,45.199582,2.379685
202300029172,11,10,2023,2025-12-05 03:30:00,3,54,54295,1,1,1,7,D643,49.3079292,5.81445515
202300029173,8,10,2023,2025-12-05 16:30:00,1,6,6073,1,1,7,7,M97,44.194051,7.13577
202300029174,10,10,2023,2025-12-05 14:50:00,1,14,14410,1,1,1,7,Avenue De Paris,49.12043467,-0.07695497
202300029175,10,9,2023,2025-12-05 11:40:00,1,14,14739,1,1,1,6,Route De Sainte-Croix,49.327905,-0.524125
202300029176,10,10,2023,2025-12-05 07:15:00,2,64,64448,1,1,1,1,Route De Bayonne,43.345448,-0.475851
202300029177,10,10,2023,2025-12-05 17:45:00,1,7,7011,1,1,1,7,Le Pont De L?Huile,44.730714,4.35153
202300029178,8,10,2023,2025-12-05 16:50:00,1,24,24141,1,1,1,6,"D106, Route Des Pigeonniers",45.339477,0.399317
202300029179,10,10,2023,2025-12-05 16:24:00,1,4,4088,2,9,1,6,Avenue Saint Promasse,43.959611,5.781839
202300029180,10,10,2023,2025-12-05 16:45:00,1,85,85213,1,3,1,7,La Merlerie,46.595008,-1.385307
202300029181,10,10,2023,2025-12-05 16:53:00,1,17,17483,1,2,7,1,D137,46.015933,-1.049615
202300029182,10,10,2023,2025-12-05 17:10:00,1,37,37130,1,2,1,3,Bel Air,47.036146,0.849745
202300029183,11,10,2023,2025-12-05 09:00:00,1,31,31120,1,1,1,1,D24 Pr09+100,43.672858,1.120268
202300029184,10,10,2023,2025-12-05 08:40:00,1,69,69244,2,2,1,3,34 Avenue Victor Hugo,45.766007,4.783806
202300029185,10,10,2023,2025-12-05 05:45:00,1,987,98715,2,1,1,2,Rt1 Face Au Magasin U Express Faa'A,-17.58402,-149.56
202300029186,11,10,2023,2025-12-05 08:50:00,1,77,77020,1,1,1,6,N4,48.692561,3.198545
202300029187,10,10,2023,2025-12-05 11:00:00,1,971,97117,1,1,1,3,Section Pave D 101,16.309467,-61.386543
202300029188,10,10,2023,2025-12-05 16:40:00,1,45,45242,1,1,1,7,D617 Pr 1 + 505,47.868135,2.719545
202300029189,10,10,2023,2025-12-05 03:30:00,4,77,77521,2,1,1,1,12 Rue De Paris,48.859698,2.880859
202300029190,11,10,2023,2025-12-05 07:10:00,2,83,83035,2,1,8,7,Avenue Des Cigalles,43.180993,5.776526