num_acc,jour,mois,an,hrmn,lum,dep,com,agg,int,atm,col,adr,lat,long
202300029191,11,10,2023,2025-12-05 15:50:00,1,83,83065,2,1,1,1,3037 Route Du Littoral,43.263562,6.610782
202300029192,11,10,2023,2025-12-05 08:03:00,1,13,13101,2,1,1,6,Avenue Alonso Flores,43.405818,5.528858
202300029193,10,10,2023,2025-12-05 11:00:00,1,73,73050,1,1,1,6,D1504,45.682296,5.850916
202300029194,10,10,2023,2025-12-05 17:35:00,1,73,73249,1,1,1,6,D1006 - Ndeg1417,45.526923,5.992709
202300029195,11,10,2023,2025-12-05 10:00:00,1,42,42296,1,2,1,3,Route Der Lyon,45.732157,4.288369
202300029196,8,10,2023,2025-12-05 18:30:00,2,38,38276,2,1,1,3,2294 Route Nationale 1085,45.560173,5.305232
202300029197,10,10,2023,2025-12-05 07:30:00,1,26,26380,1,1,1,3,Route Rn 7,45.11216476,4.82534771
202300029198,10,10,2023,2025-12-05 17:10:00,1,26,26313,2,1,7,6,95 Avenue De Provence,44.9707,4.954791
202300029199,10,10,2023,2025-12-05 10:43:00,1,17,17400,2,2,1,3,1 Route De Beillant,45.696356,-0.528454
202300029200,10,10,2023,2025-12-05 23:10:00,5,86,86062,2,1,1,1,Route De Paris,46.637779,0.35795
202300029201,10,10,2023,2025-12-05 20:00:00,3,49,49332,1,1,1,3,D63,47.093613,-0.92209
202300029202,4,10,2023,2025-12-05 17:00:00,1,44,44026,1,1,1,3,Adresse_Inconnue,47.28865,-1.478181
202300029203,8,10,2023,2025-12-05 18:30:00,1,22,22118,1,4,7,3,D795,48.458375,-2.021997
202300029204,10,10,2023,2025-12-05 21:15:00,3,60,60671,1,1,1,6,D136,49.16007139,2.81801409
202300029205,10,10,2023,2025-12-05 19:39:00,3,59,59558,1,1,1,6,D114,50.24151,3.459481
202300029206,10,10,2023,2025-12-05 16:40:00,1,13,13214,1,1,1,3,A7-Sens Lyon Vers Marseille,43.33375937,5.37746625
202300029207,9,10,2023,2025-12-05 17:11:00,1,13,13212,1,1,1,2,A507 Sens Marseille - Aubagne,43.30355324,5.42537431
202300029208,9,10,2023,2025-12-05 13:50:00,1,1,1249,1,1,1,3,A42   6.290 A 8.310,45.81587,4.96709
202300029209,7,10,2023,2025-12-05 01:30:00,3,57,57039,1,1,1,6,Autoroute A31,49.07503,6.11115
202300029210,10,10,2023,2025-12-05 19:45:00,5,94,94065,1,1,1,5,N186,48.75485637,2.34650229
202300029211,10,10,2023,2025-12-05 18:00:00,1,91,91136,1,1,1,2,Cd 591,48.71477,2.26684
202300029212,10,10,2023,2025-12-05 15:20:00,1,94,94038,1,1,1,2,A6A,48.77730361,2.34638358
202300029213,10,10,2023,2025-12-05 12:40:00,1,91,91689,1,1,1,2,Autoroute A6,48.72736,2.31373
202300029214,10,10,2023,2025-12-05 10:10:00,1,91,91659,1,1,1,2,Autoroute A6,48.58101,2.45971
202300029215,10,10,2023,2025-12-05 09:05:00,1,92,92002,1,1,1,3,Autoroute A86,48.76321419,2.31082028
202300029216,10,10,2023,2025-12-05 07:45:00,2,94,94038,1,1,1,4,A6A,48.78358086,2.34675599
202300029217,10,10,2023,2025-12-05 09:30:00,1,91,91434,1,1,1,3,Autoroute A6,48.66812,2.35461
202300029218,10,10,2023,2025-12-05 09:30:00,1,91,91377,2,1,1,7,Rn20,48.71905,2.29925
202300029219,9,10,2023,2025-12-05 20:45:00,3,91,91434,1,1,1,2,Autoroute A6,48.66838,2.35398
202300029220,10,10,2023,2025-12-05 18:45:00,2,92,92036,1,1,1,2,A86,48.93513721,2.26665421
202300029221,10,10,2023,2025-12-05 17:58:00,1,78,78402,1,1,1,2,A13,48.964436,1.797336
202300029222,9,10,2023,2025-12-05 13:00:00,1,78,78672,1,1,1,2,A13,48.930158,1.983519
202300029223,9,10,2023,2025-12-05 07:50:00,1,92,92047,1,1,1,3,A13,48.83469779,2.17151041
202300029224,9,10,2023,2025-12-05 07:47:00,1,92,92060,1,1,1,3,Rn385,48.77531057,2.23927949
202300029225,9,10,2023,2025-12-05 03:04:00,3,92,92025,1,9,1,5,A86,48.92210032,2.22649712
202300029226,10,10,2023,2025-12-05 18:30:00,1,95,95555,1,1,1,5,D170,48.97143,2.27607
202300029227,21,9,2023,2025-12-05 15:00:00,1,95,95018,1,1,2,6,Deserts (Rue Des),48.95150621,2.28003055
202300029228,10,10,2023,2025-12-05 08:50:00,1,95,95582,1,1,1,2,D170,48.96395,2.26747
202300029229,10,10,2023,2025-12-05 06:50:00,3,93,93064,1,1,1,3,Autoroute A86,48.86737315,2.48181211
202300029230,10,10,2023,2025-12-05 17:14:00,1,77,77373,1,1,1,6,Rn104,48.77395173,2.61204393
202300029231,3,7,2023,2025-12-05 22:36:00,5,19,19031,2,1,1,6,33 Avenue Ribot,45.16481158,1.51811809
202300029232,7,5,2023,2025-12-05 08:25:00,1,28,28023,1,1,2,6,D32,48.517454,1.680366
202300029233,30,5,2023,2025-12-05 18:40:00,1,13,13215,1,1,8,2,A7-Sens Lyon Vers Marseille,43.3799,5.35355
202300029234,8,10,2023,2025-12-05 03:15:00,3,75,75116,2,1,1,6,Port Debilly,48.861394,2.292767
202300029235,9,10,2023,2025-12-05 17:45:00,1,75,75115,2,3,1,7,Rue De Lourmel,48.83971,2.283147
202300029236,9,10,2023,2025-12-05 07:10:00,2,75,75114,2,2,1,6,Boulevard Jourdan,48.822786,2.326606
202300029237,9,10,2023,2025-12-05 19:10:00,2,75,75111,2,3,1,6,Rue De La Roquette,48.853288,2.370251
202300029238,9,10,2023,2025-12-05 18:00:00,1,75,75110,2,2,1,2,Rue La Fayette,48.881616,2.365797
202300029239,9,10,2023,2025-12-05 00:40:00,5,75,75110,2,1,1,3,Quai De Jemmapes,48.869611,2.367
202300029240,8,10,2023,2025-12-05 22:15:00,5,75,75109,2,5,1,3,Rue De Liege,48.879634,2.327042
202300029241,9,10,2023,2025-12-05 01:09:00,3,75,75107,2,1,1,3,Avenue De Lowendal,48.852081,2.30763
202300029242,8,10,2023,2025-12-05 18:55:00,2,94,94081,2,1,1,7,Avenue Rabelais,48.780789,2.390674
202300029243,9,10,2023,2025-12-05 17:05:00,1,94,94015,2,1,1,7,Boulevard Pasteur,48.832427,2.525029
202300029244,9,10,2023,2025-12-05 18:00:00,1,94,94076,2,9,1,6,58 Avenue De Stalingrad,48.78567,2.366823
202300029245,9,10,2023,2025-12-05 21:40:00,5,94,94041,2,9,1,3,Avenue Georges Gosnat,48.81122,2.38402
202300029246,9,10,2023,2025-12-05 19:20:00,5,94,94034,2,1,1,2,Avenue De Stalingrad,48.76333,2.33381
202300029247,9,10,2023,2025-12-05 18:00:00,1,94,94073,1,1,1,3,Avenue Du Luxembourg,48.75552,2.37348
202300029248,9,10,2023,2025-12-05 19:00:00,2,94,94033,2,1,1,6,Place Moreau-David,48.8438,2.465
202300029249,9,10,2023,2025-12-05 05:52:00,1,94,94073,2,8,1,6,Av Du Pdt Franklin Roosevelt,48.76690945,2.4037456
202300029250,9,10,2023,2025-12-05 12:10:00,1,93,93070,2,5,1,3,Boulevard Jean Jaures / Rue Du Docteur Bauer,48.91295,2.33522
202300029251,9,10,2023,2025-12-05 09:20:00,1,93,93048,2,2,1,3,Boulevard Aristide Briand / Boulevard De La Boissiere,48.87811549,2.45750144
202300029252,9,10,2023,2025-12-05 19:45:00,5,93,93079,2,1,1,6,Avenue De La Division Leclerc,48.95199373,2.34306222
202300029253,9,10,2023,2025-12-05 10:45:00,1,93,93031,2,5,1,3,Avenue De Lattre De Tassigny / Avenue Salvador Allende,48.95726,2.30994
202300029254,9,10,2023,2025-12-05 09:30:00,1,93,93031,2,9,1,3,Avenue De Lattre De Tassigny,48.95896,2.306802
202300029255,9,10,2023,2025-12-05 07:30:00,2,93,93031,2,3,1,3,Rue D'Ormesson / Rue Des Econdeaux,48.962104,2.310959
202300029256,8,10,2023,2025-12-05 23:20:00,5,93,93001,2,3,1,3,Avenue De La Republique / Rue Guyard Delalain,48.910722,2.385161
202300029257,9,10,2023,2025-12-05 21:55:00,5,92,92073,2,1,1,2,Sellier (Boulevard Henri),48.86774519,2.22179747
202300029258,8,10,2023,2025-12-05 12:45:00,1,92,92064,2,1,1,7,Docteur Nicoli,48.85564518,2.22110831
202300029259,8,10,2023,2025-12-05 04:45:00,5,92,92051,2,1,1,2,"Bineau (Boulevard, Ndeg133 A 217 Et 134 A",48.89331722,2.26794809
202300029260,8,10,2023,2025-12-05 18:35:00,1,92,92036,2,9,1,6,Resistance (Rue De La),48.93291,2.29947
202300029261,9,10,2023,2025-12-05 12:07:00,1,92,92025,2,3,1,3,Charles De Gaulle (Bd),48.91039542,2.23438912
202300029262,9,10,2023,2025-12-05 18:40:00,2,92,92024,1,2,1,3,Clichy (Quai De) De (8 A 60),48.90844466,2.30020112
202300029263,9,10,2023,2025-12-05 16:22:00,1,92,92019,2,1,1,6,Clement Jean Baptiste (Rue),48.75877,2.27011
202300029264,10,10,2023,2025-12-05 15:38:00,1,60,60229,1,2,1,3,Rd 522,49.38236906,2.68849075
202300029265,10,10,2023,2025-12-05 14:40:00,1,24,24550,1,1,1,6,Route De Lavaux,45.158952,1.047885
202300029266,9,10,2023,2025-12-05 18:40:00,2,60,60201,1,1,7,6,Rue De La Mazurelle,49.598306,2.543571
202300029267,9,10,2023,2025-12-05 14:53:00,1,1,1427,2,6,1,6,Rue Batlie,45.940411,4.769429
202300029268,10,10,2023,2025-12-05 05:25:00,3,68,68253,1,1,1,6,D52,47.787686,7.517309
202300029269,9,10,2023,2025-12-05 19:45:00,2,83,83019,1,3,1,3,D559,43.151145,6.315111
202300029270,1,8,2023,2025-12-05 15:00:00,1,2A,2A006,1,1,1,1,D81,41.974631,8.781016
202300029271,28,7,2023,2025-12-05 18:50:00,1,82,82079,1,2,1,3,Adresse_Inconnue,43.898597,1.35922
202300029272,30,7,2023,2025-12-05 07:15:00,1,49,49003,1,1,1,2,D761,47.285969,-0.367162
202300029273,1,8,2023,2025-12-05 14:45:00,1,12,12069,1,1,1,2,Rd 999,43.87874,2.722882
202300029274,2,8,2023,2025-12-05 16:57:00,1,12,12215,1,1,1,1,D840,44.483563,2.400813
202300029275,2,8,2023,2025-12-05 03:00:00,3,42,42287,1,1,1,7,Route De La Combe,45.310134,4.522676
202300029276,1,8,2023,2025-12-05 12:30:00,1,34,34187,2,9,1,6,Route De St Pons,43.553431,2.904961
202300029277,2,8,2023,2025-12-05 08:15:00,1,3,3220,1,1,1,6,23 Route De Linard,46.150903,3.145389
202300029278,2,8,2023,2025-12-05 13:30:00,1,3,3093,1,1,1,1,D907,46.18223,3.470339
202300029279,22,1,2023,2025-12-05 04:40:00,3,77,77514,1,1,1,2,A104,48.94303,2.62851
202300029280,24,7,2023,2025-12-05 02:45:00,3,26,26005,1,1,1,1,Route De Montelimar,44.509338,4.778033
202300029281,21,1,2023,2025-12-05 14:20:00,1,973,97302,2,1,1,3,Montabo (Route De) 3,4.93677651,-52.29718566
202300029282,31,7,2023,2025-12-05 11:40:00,1,6,6108,2,1,1,1,Avenue De La Republique,43.585221,6.941648
202300029283,21,1,2023,2025-12-05 11:34:00,1,973,97302,2,1,1,3,Montabo (Route De) 2,4.94341,-52.30691
202300029284,27,7,2023,2025-12-05 17:00:00,1,45,45329,1,2,1,3,Route De Melleroy,47.919283,2.972834
202300029285,19,1,2023,2025-12-05 13:40:00,1,973,97302,2,6,1,7,Baduel (Rond Point De),4.93336,-52.30942
202300029286,1,8,2023,2025-12-05 14:50:00,1,43,43165,1,1,1,7,39 Route D'Yssingeaux,45.141424,4.002832
202300029287,19,1,2023,2025-12-05 12:45:00,1,973,97302,1,1,1,2,Route Nationale 1,4.89809,-52.32746
202300029288,2,8,2023,2025-12-05 16:25:00,1,36,36188,1,1,6,6,La Motte Blanche,47.029514,1.174507
202300029289,2,8,2023,2025-12-05 01:25:00,3,40,40046,2,6,1,7,226 Avenue De La Liberation,44.449157,-1.247951
202300029290,18,1,2023,2025-12-05 12:30:00,1,973,97302,2,2,1,3,Felix Eboue(Rocade),4.93099,-52.3133
202300029291,18,1,2023,2025-12-05 08:35:00,1,973,97302,2,1,1,6,Raban (Route De),4.92794,-52.31392
202300029292,1,8,2023,2025-12-05 18:15:00,1,24,24499,1,9,1,1,Route De Vergt,44.884065,0.568795
202300029293,1,8,2023,2025-12-05 14:45:00,1,27,27044,1,1,2,7,D51,48.965132,1.13826
202300029294,21,1,2023,2025-12-05 14:57:00,1,69,69387,2,2,1,3,35 Rue Jules Brunard,45.74869,4.85796
202300029295,30,7,2023,2025-12-05 14:00:00,1,973,97309,1,1,1,1,La Matourienne,4.876185,-52.299342
202300029296,21,1,2023,2025-12-05 15:00:00,1,69,69388,2,3,1,6,Route De Vienne,45.73404,4.85335
202300029297,2,8,2023,2025-12-05 08:18:00,1,39,39030,1,1,8,1,Adresse_Inconnue,47.117725,5.495606
202300029298,21,1,2023,2025-12-05 06:00:00,5,69,69388,2,1,4,6,Avenue Rockefeller,45.74034,4.88797
202300029299,30,7,2023,2025-12-05 06:20:00,1,987,98738,1,1,1,6,Outumaoro,-17.618,-149.549
202300029300,20,1,2023,2025-12-05 17:11:00,2,69,69383,2,5,1,6,Avenue Marechal De Saxe,45.75632,4.84646
202300029301,21,1,2023,2025-12-05 04:57:00,5,972,97213,1,1,1,6,Autoroute A1,14.59709,-60.99799
202300029302,30,7,2023,2025-12-05 06:10:00,1,64,64290,1,1,1,3,A 64 Pk 87.100,43.386244,-0.530552
202300029303,21,1,2023,2025-12-05 20:30:00,5,69,69389,2,1,1,2,Tunnel Routier De Fourviere,45.76191,4.80597
202300029304,1,8,2023,2025-12-05 17:15:00,1,38,38173,1,1,1,6,D1091,45.042607,6.121316
202300029305,21,1,2023,2025-12-05 10:30:00,1,2B,2B033,2,1,8,2,Av De La Liberation,42.68024,9.44355
202300029306,28,7,2023,2025-12-05 12:15:00,1,63,63272,1,1,1,6,A75,45.73498792,3.15282162
202300029307,1,8,2023,2025-12-05 09:55:00,1,34,34095,1,1,1,6,A9 Aire De Service De Montpellier-Fabregues,43.543342,3.791152
202300029308,20,1,2023,2025-12-05 19:15:00,4,971,97113,1,1,1,2,Bas Du Fort,16.21679,-61.51826
202300029309,1,8,2023,2025-12-05 22:20:00,3,13,13058,1,1,1,1,Rd5,43.751459,4.83053
202300029310,2,8,2023,2025-12-05 15:20:00,1,24,24486,1,1,2,1,Route Nationale 21,45.56424,0.976592
202300029311,28,7,2023,2025-12-05 15:16:00,1,68,68118,2,1,1,1,Rue Des Noyers,47.739255,7.415863
202300029312,21,1,2023,2025-12-05 11:32:00,1,88,88160,2,2,1,6,Hugo (Av. Victor-),48.17591468,6.44299777
202300029313,2,8,2023,2025-12-05 14:09:00,1,38,38029,1,1,1,2,A43,45.567309,5.542517
202300029314,2,8,2023,2025-12-05 08:24:00,1,34,34202,1,2,1,2,M5,43.585829,3.789599
202300029315,21,1,2023,2025-12-05 06:10:00,5,78,78350,2,1,1,1,Versailles (Route De),48.84777,2.10878
202300029316,2,8,2023,2025-12-05 18:00:00,3,988,98811,1,1,1,1,Rpn2,-21.048658,164.91178
202300029317,20,1,2023,2025-12-05 21:20:00,5,78,78498,2,2,1,3,Castille Av Blanche De,48.926426,2.038494
202300029318,26,7,2023,2025-12-05 00:19:00,3,44,44020,1,1,1,2,Route De Bouaye,47.15782652,-1.63125515
202300029319,21,1,2023,2025-12-05 20:00:00,5,76,76319,2,9,1,3,Avenue De Caen,49.347776,0.99179
202300029320,2,8,2023,2025-12-05 10:12:00,1,37,37072,2,1,2,3,9 Avenue Saint Lazare,47.153197,0.236045
202300029321,2,8,2023,2025-12-05 08:20:00,1,91,91405,2,6,2,7,Avenue De Ganay,48.410948,2.466077
202300029322,21,1,2023,2025-12-05 17:09:00,2,76,76231,1,1,1,4,Rue Du Neubourg,49.27225,0.99095
202300029323,22,1,2023,2025-12-05 01:40:00,5,71,71306,2,2,1,3,Alouettes (Avenue Des),46.68242761,4.3621744
202300029324,1,8,2023,2025-12-05 17:50:00,1,34,34299,2,3,1,3,Rue Leo Lagrange,43.277916,3.269881
202300029325,2,8,2023,2025-12-05 13:42:00,1,5,5118,1,1,1,7,D948,44.262359,5.822411
202300029326,21,1,2023,2025-12-05 09:00:00,1,69,69264,2,1,2,3,Rue De Verdun,45.9891,4.72849
202300029327,20,1,2023,2025-12-05 18:05:00,5,62,62457,2,1,2,6,Route De Bruay,50.46376,2.54126
202300029328,15,5,2023,2025-12-05 07:00:00,1,13,13073,1,3,1,7,D8,43.395911,5.584316
202300029329,21,1,2023,2025-12-05 10:15:00,1,59,59350,2,2,9,3,Lamy Auguste Rue,50.6302,3.00375
202300029330,2,8,2023,2025-12-05 10:45:00,1,13,13004,1,1,1,1,D570,43.58308,4.452574
202300029331,21,1,2023,2025-12-05 16:30:00,1,56,56162,2,6,1,3,Chemin De Lorient Au Passage Saint-Maurice,47.74105,-3.40645
202300029332,31,7,2023,2025-12-05 06:30:00,1,67,67160,1,1,8,7,D927,48.978431,7.769531
202300029333,21,1,2023,2025-12-05 11:25:00,1,56,56162,2,6,7,6,1 Rue Mozart,47.732242,-3.428061
202300029334,1,8,2023,2025-12-05 18:45:00,1,88,88196,2,1,1,3,36 Boulevard De La Jamagne,48.076473,6.877345
202300029335,21,1,2023,2025-12-05 15:50:00,1,51,51454,2,6,1,6,Rue Francis Garnier,49.28816,4.0235
202300029336,1,8,2023,2025-12-05 14:42:00,1,88,88028,1,1,8,7,D11B,48.156116,6.565361
202300029337,21,1,2023,2025-12-05 08:20:00,1,51,51454,2,6,8,6,Rond-Point De La Defense,49.24655,4.06225
202300029338,30,7,2023,2025-12-05 01:30:00,4,63,63263,2,1,1,6,Route De  Limoges / Route De Ternant,45.785652,3.016066
202300029339,21,1,2023,2025-12-05 01:10:00,3,49,49099,1,6,8,6,Atlantique (Avenue De L'),47.03095,-0.91118
202300029340,1,8,2023,2025-12-05 19:57:00,1,73,73013,1,1,8,6,D110 Route De L'Opinel,45.22786603,6.33488238
202300029341,1,8,2023,2025-12-05 11:25:00,1,38,38148,1,1,1,1,D16,45.606735,5.466084
202300029342,21,1,2023,2025-12-05 13:55:00,1,49,49007,2,1,1,3,Boulevard Charles Barange,47.4669,-0.56751
202300029343,21,1,2023,2025-12-05 08:00:00,5,47,47001,2,1,1,6,Carnot (Bd Du President),44.2068,0.62075
202300029344,1,8,2023,2025-12-05 17:30:00,1,7,7071,1,4,1,3,D16,44.782932,3.958833
202300029345,20,1,2023,2025-12-05 17:00:00,1,47,47001,2,1,1,6,Scaliger (Boulevard),44.20647,0.61325
202300029346,1,8,2023,2025-12-05 20:25:00,1,50,50041,1,1,2,6,D901,49.639351,-1.750391
202300029347,20,1,2023,2025-12-05 16:48:00,1,47,47032,2,1,1,2,Republique(Rue De La),44.1863,0.6743
202300029348,28,7,2023,2025-12-05 12:20:00,1,14,14047,2,1,1,6,7 Rue Alain Chartier,49.279064,-0.707481
202300029349,21,1,2023,2025-12-05 15:50:00,1,37,37122,2,3,1,6,Verdun (Rue De),47.34696,0.66548
202300029350,29,7,2023,2025-12-05 11:20:00,1,22,22210,2,1,1,6,Rue Du Port Pors Even,48.7995979,-3.00549924
202300029351,20,1,2023,2025-12-05 16:14:00,1,35,35051,2,2,1,3,Moucon (Lieu-Dit Le Petit),48.13073,-1.61362
202300029352,30,7,2023,2025-12-05 02:16:00,3,22,22210,1,1,1,6,D789,48.789478,-3.049355
202300029353,21,1,2023,2025-12-05 01:10:00,4,35,35115,2,1,1,6,Faucheux (Bd Jacques),48.35553,-1.20782
202300029354,31,7,2023,2025-12-05 07:25:00,1,83,83090,1,1,1,6,A50,43.12619323,5.82460889
202300029355,21,1,2023,2025-12-05 06:40:00,5,33,33063,2,2,5,3,Quai De Bacalan,44.86007,-0.5541
202300029356,20,1,2023,2025-12-05 17:45:00,1,29,29051,2,1,1,7,Rue De La Papeterie,48.02831,-4.02248
202300029357,1,8,2023,2025-12-05 16:30:00,1,33,33063,1,1,1,3,Rocade A 630,44.88289745,-0.55221319
202300029358,21,1,2023,2025-12-05 22:20:00,5,29,29019,2,6,1,1,Boulevard De L'Europe,48.41481,-4.47871
202300029359,21,1,2023,2025-12-05 12:34:00,1,29,29019,2,1,1,2,Avenue Georges Pompidou,48.41384597,-4.48000968
202300029360,1,8,2023,2025-12-05 16:10:00,1,33,33192,1,1,1,3,Autoroute A 63,44.78307378,-0.63272238
202300029361,21,1,2023,2025-12-05 06:55:00,5,29,29019,2,2,1,3,Rue Robespierre,48.40738,-4.48976
202300029362,19,7,2023,2025-12-05 06:30:00,2,33,33281,1,1,1,2,Rocade A 630,44.84384834,-0.67293942
202300029363,31,7,2023,2025-12-05 22:35:00,5,92,92072,1,1,3,6,N118,48.82721274,2.2243744
202300029364,16,1,2023,2025-12-05 16:26:00,1,22,22360,2,6,1,3,Fontenelle (Rue De La),48.49349,-2.73784
202300029365,31,7,2023,2025-12-05 03:05:00,5,92,92025,1,1,1,6,A86,48.93542176,2.2605831
202300029366,20,1,2023,2025-12-05 08:30:00,1,18,18205,2,3,8,1,261 Rue Andre Charles Boulle,47.10475,2.39011
202300029367,1,8,2023,2025-12-05 18:10:00,1,93,93078,1,1,8,6,Autoroute A104,48.96315,2.5224
202300029368,1,8,2023,2025-12-05 09:40:00,1,93,93066,1,1,1,6,Autoroute A1,48.90633853,2.35831511
202300029369,21,1,2023,2025-12-05 23:00:00,5,13,13201,2,3,1,3,Longchamp (Boulevard)   1 A 21,43.30123,5.38789
202300029370,21,1,2023,2025-12-05 18:50:00,5,13,13209,2,1,1,7,Morgiou (Chemin De ),43.23415007,5.41182563
202300029371,1,8,2023,2025-12-05 04:50:00,3,95,95572,1,1,2,2,A15,49.03246,2.11034
202300029372,20,1,2023,2025-12-05 14:30:00,1,13,13213,2,9,1,3,Chateau Gombert Chemin,43.33484,5.42032
202300029373,20,1,2023,2025-12-05 17:00:00,2,13,13047,2,1,6,6,Raymond Filippi Avenue,43.4972,4.98083
202300029374,1,8,2023,2025-12-05 02:00:00,3,93,93064,1,1,3,5,Autoroute A3,48.88505,2.4715
202300029375,17,1,2023,2025-12-05 07:30:00,2,13,13028,2,1,1,2,Fontsainte (Avenue De),43.19034115,5.63738962
202300029376,31,7,2023,2025-12-05 17:30:00,1,95,95582,1,1,2,6,D170,48.96459,2.27001
202300029377,31,7,2023,2025-12-05 13:20:00,1,92,92036,1,1,2,6,Autoroute A15,48.94920532,2.28069842
202300029378,21,1,2023,2025-12-05 04:50:00,3,13,13001,1,1,1,7,Pascalis Pierre (Ch),43.56275,5.4692
202300029379,21,1,2023,2025-12-05 09:00:00,1,6,6069,2,1,1,6,Mistral (Avenue Et Place Frederic),43.64889,6.91903
202300029380,31,7,2023,2025-12-05 09:00:00,1,93,93078,1,1,1,4,Autoroute A104,48.96764117,2.51079814
202300029381,22,1,2023,2025-12-05 16:55:00,1,75,75104,2,3,1,2,Rue Geoffroy L Asnier,48.854137,2.355796
202300029382,31,7,2023,2025-12-05 04:50:00,3,95,95277,1,1,1,6,A3,48.97211,2.48444
202300029383,21,1,2023,2025-12-05 15:40:00,1,75,75114,2,1,1,1,Rue Alain,48.835977,2.315367
202300029384,31,7,2023,2025-12-05 18:56:00,1,94,94073,1,1,3,3,A86,48.77151333,2.39201701
202300029385,20,1,2023,2025-12-05 23:00:00,5,75,75119,2,4,2,6,Boulevard Peripherique Exterieur Nord,48.90038417,2.37683952
202300029386,25,4,2023,2025-12-05 20:10:00,1,74,74010,2,9,1,2,Gambetta,45.91193,6.1283
202300029387,22,1,2023,2025-12-05 15:10:00,1,75,75119,2,7,1,6,Boulevard De La Commanderie,48.900793,2.386981
202300029388,24,4,2023,2025-12-05 16:45:00,1,74,74010,2,1,1,6,Plaine (Avenue De La),45.91201,6.13148
202300029389,22,1,2023,2025-12-05 09:08:00,1,75,75119,2,1,1,6,Rue Des Chaufourniers,48.87863,2.372161
202300029390,30,5,2023,2025-12-05 07:28:00,1,74,74298,2,1,1,1,Taninges (Route De ),46.19081,6.25802
202300029391,22,1,2023,2025-12-05 03:17:00,5,75,75112,2,2,1,3,Rue De Picpus,48.848038,2.392832
202300029392,5,5,2023,2025-12-05 23:15:00,5,74,74010,2,2,1,6,Parc Des Sport (Avenue Du),45.91159,6.12144
202300029393,22,1,2023,2025-12-05 12:30:00,1,93,93070,2,1,1,1,Avenue Du Capitaine Glarner,48.904063,2.329082
202300029394,22,1,2023,2025-12-05 10:45:00,1,93,93051,2,1,8,1,Route De Neuilly,48.8444852,2.54182488
202300029395,4,5,2023,2025-12-05 18:00:00,1,74,74010,1,1,1,5,Rocade (Boulevard De La),45.90059,6.10805
202300029396,22,1,2023,2025-12-05 20:00:00,5,92,92012,2,1,1,2,General Leclerc (Avenue Du) 1/33 - 2/58,48.83333,2.24318
202300029397,4,5,2023,2025-12-05 14:00:00,1,74,74010,2,2,1,3,Sommeiller,45.90301,6.12945
202300029398,21,1,2023,2025-12-05 13:50:00,1,92,92012,2,1,1,3,Aguesseau (Rue D') 91/Fin - 84/Fin,48.83935,2.23754
202300029399,21,1,2023,2025-12-05 10:20:00,1,9,9261,2,6,8,6,Boulevard Du General De Gaulle,42.980363,1.143997
202300029400,21,1,2023,2025-12-05 15:00:00,1,91,91648,1,1,1,1,D26,48.57154,2.365443
202300029401,18,1,2023,2025-12-05 13:30:00,1,95,95205,2,1,1,6,60 Marechal Leclerc (Rue Du),49.020741,2.383883
202300029402,31,7,2023,2025-12-05 10:55:00,1,974,97416,2,1,1,3,Lorion (Rue Luc),-21.33509,55.47092
202300029403,31,7,2023,2025-12-05 11:30:00,1,972,97213,1,1,1,2,Route Departementale 3,14.61208,-60.99506
202300029404,21,1,2023,2025-12-05 15:00:00,1,22,22206,1,1,1,5,Pen Christ,48.558872,-2.999246
202300029405,30,7,2023,2025-12-05 00:50:00,5,972,97213,1,1,1,5,Route Nationale 5,14.59606,-60.99085
202300029406,21,1,2023,2025-12-05 11:20:00,1,57,57437,1,1,1,1,D654,49.41082428,6.31035805
202300029407,29,7,2023,2025-12-05 10:30:00,1,972,97209,1,1,1,6,Ravine Vilaine (Chemin Departemental De),14.64778,-61.05978
202300029408,22,1,2023,2025-12-05 05:50:00,3,81,81059,1,1,1,6,D84,43.88176,2.099761
202300029409,30,7,2023,2025-12-05 22:00:00,5,971,97120,2,9,2,6,Nelson Mandela,16.24078,-61.5347
202300029410,16,1,2023,2025-12-05 17:55:00,1,972,97221,1,1,1,6,N5,14.529699,-60.982994
202300029411,18,1,2023,2025-12-05 13:45:00,1,67,67253,1,1,1,6,D220,48.646662,7.528253
202300029412,28,7,2023,2025-12-05 21:00:00,5,971,97101,2,3,1,3,Frederic Jalton,16.27598,-61.50185
202300029413,22,1,2023,2025-12-05 18:30:00,2,974,97414,2,1,3,6,145 Avenue Principale,-21.28853,55.411171
202300029414,21,1,2023,2025-12-05 23:10:00,3,62,62307,1,1,1,6,D940,50.918103,1.713417
202300029415,31,7,2023,2025-12-05 14:35:00,1,2A,2A004,2,1,1,1,Iles Sanguinaires Route Des,41.90771,8.68075
202300029416,22,1,2023,2025-12-05 20:35:00,3,971,97132,1,1,1,6,Route Nationale 1,15.998316,-61.639609
202300029417,20,1,2023,2025-12-05 18:40:00,5,1,1033,2,3,8,6,33 Avenue Saint-Exupery  (Bellegarde-Sur-Valserine),46.122559,5.81305
202300029418,30,7,2023,2025-12-05 00:55:00,5,95,95210,2,2,1,1,La Barre (Rue De),48.96426,2.31341