num_acc,jour,mois,an,hrmn,lum,dep,com,agg,int,atm,col,adr,lat,long
202300029419,23,1,2023,2025-12-05 12:50:00,1,84,84099,1,2,1,3,D31,43.86311,5.088432
202300029420,30,7,2023,2025-12-05 11:30:00,1,91,91570,2,1,1,6,Berlioz (Rue + Place),48.636587,2.321637
202300029421,20,1,2023,2025-12-05 07:40:00,2,26,26295,1,1,8,1,250 Route De Saint Vallier,45.177132,4.856971
202300029422,31,7,2023,2025-12-05 22:00:00,5,91,91687,2,1,2,4,Marmont (Avenue),48.66847,2.37696
202300029423,18,1,2023,2025-12-05 07:33:00,2,68,68156,2,3,4,3,Rue De L'Industrie,47.897294,7.230594
202300029424,31,7,2023,2025-12-05 13:30:00,1,91,91027,2,1,8,6,Rue Edouard Vaillant,48.7061,2.39427
202300029425,31,7,2023,2025-12-05 21:25:00,2,86,86066,1,1,8,7,D749,46.831533,0.522086
202300029426,29,7,2023,2025-12-05 11:19:00,1,86,86066,2,6,3,1,Avenue Robert Schuman,46.811375,0.54382
202300029427,21,1,2023,2025-12-05 16:01:00,1,44,44149,1,1,1,6,Avenue Du Mont Noel,47.500572,-1.589279
202300029428,31,7,2023,2025-12-05 19:50:00,2,83,83090,2,1,1,6,Nationale 8 (Route),43.13527663,5.85595858
202300029429,23,1,2023,2025-12-05 07:10:00,3,50,50601,1,1,1,1,A84 Pk 220,48.991806,-0.922658
202300029430,19,1,2023,2025-12-05 17:25:00,3,85,85153,1,9,2,6,D13 Boissiere,46.78342,-1.02667
202300029431,21,1,2023,2025-12-05 13:40:00,1,67,67405,1,1,1,7,D468,48.8329067,8.04422379
202300029432,21,1,2023,2025-12-05 13:50:00,1,63,63178,1,1,4,6,Pk 28 +400 A75,45.565994,3.250253
202300029433,28,7,2023,2025-12-05 20:30:00,1,76,76351,2,3,1,6,Irene Joliot Curie (Rue),49.5065,0.09996
202300029434,18,1,2023,2025-12-05 21:05:00,3,36,36026,1,1,8,4,Adresse_Inconnue,46.91020438,1.73742319
202300029435,30,7,2023,2025-12-05 15:07:00,1,66,66136,2,1,1,3,Adresse_Inconnue,42.70206,2.89331
202300029436,21,1,2023,2025-12-05 23:35:00,3,12,12115,1,1,6,6,A75 - Pk 240.715 Sens N/S,43.975943,3.19634
202300029437,20,1,2023,2025-12-05 21:00:00,5,69,69100,2,6,2,1,Rue D'Yvours,45.692793,4.827703
202300029438,29,7,2023,2025-12-05 20:25:00,1,66,66136,2,6,1,3,Adresse_Inconnue,42.68362,2.86271
202300029439,22,1,2023,2025-12-05 12:00:00,1,31,31157,2,1,1,3,3 Avenue De Toulouse,43.553117,1.356745
202300029440,31,7,2023,2025-12-05 19:55:00,1,64,64102,2,6,1,3,Rond Point Du Grand Basque,43.49106,-1.45332
202300029441,23,1,2023,2025-12-05 14:00:00,1,57,57163,1,1,4,6,Rue Leclerc,48.679486,7.196903
202300029442,31,7,2023,2025-12-05 21:49:00,2,63,63019,2,1,1,6,Jean Jaures (Av),45.79673,3.16686
202300029443,21,1,2023,2025-12-05 20:15:00,3,51,51007,1,1,1,1,D26,49.084878,4.172841
202300029444,23,1,2023,2025-12-05 08:50:00,1,59,59485,1,1,8,6,D45,50.169985,3.423357
202300029445,10,6,2023,2025-12-05 07:45:00,1,62,62757,1,1,7,1,D 942,50.74682,2.23139
202300029446,17,1,2023,2025-12-05 18:30:00,3,19,19138,1,1,2,7,Rd14,45.032834,1.672282
202300029447,31,7,2023,2025-12-05 18:22:00,1,61,61077,1,3,2,3,D112,48.4445,0.1116
202300029448,21,1,2023,2025-12-05 16:20:00,1,56,56169,1,6,7,3,Lieu Dit Maneguen,47.706177,-3.2194465
202300029449,19,1,2023,2025-12-05 20:50:00,3,56,56078,1,9,1,6,Adresse_Inconnue,47.80877,-3.46003
202300029450,14,7,2023,2025-12-05 11:25:00,1,60,60382,2,6,1,3,Adresse_Inconnue,49.42041457,2.80919015
202300029451,29,7,2023,2025-12-05 23:30:00,3,56,56162,2,1,1,7,Moulin Du Ter (Rue Du ),47.73757,-3.40035
202300029452,29,7,2023,2025-12-05 14:45:00,1,50,50129,2,1,1,2,Saline (Boulevard De La),49.64871,-1.64397
202300029453,22,1,2023,2025-12-05 10:12:00,1,24,24229,1,3,1,3,Rd6089,45.140838,1.196126
202300029454,28,7,2023,2025-12-05 22:00:00,5,50,50129,2,1,1,6,8 Mai (Avenue Du),49.64929,-1.65413
202300029455,21,1,2023,2025-12-05 12:20:00,1,80,80275,1,1,7,1,D58,50.03944,3.013242
202300029456,31,7,2023,2025-12-05 17:50:00,1,45,45302,2,6,2,5,Rue Du Champ Rouge,47.95595201,1.84663653
202300029457,21,1,2023,2025-12-05 20:50:00,3,80,80575,1,1,1,1,D25,49.926803,1.734595
202300029458,20,1,2023,2025-12-05 07:50:00,2,69,69165,2,2,5,3,Chemin Des Bruyeres,46.135397,4.641885
202300029459,31,7,2023,2025-12-05 16:30:00,1,35,35238,2,3,3,3,Liberte (Bd De La),48.1074,-1.67458
202300029460,22,1,2023,2025-12-05 19:30:00,3,32,32286,1,1,8,6,Le Baleyron,43.803957,0.642185
202300029461,24,7,2023,2025-12-05 11:30:00,1,33,33249,2,6,1,6,Rue Des Amoureux,44.8735,-0.52876
202300029462,20,1,2023,2025-12-05 17:53:00,2,32,32462,2,1,1,7,Route De Mouchan Rd 35 Pk 16+700,43.769649,0.302237
202300029463,21,1,2023,2025-12-05 05:00:00,3,32,32334,1,1,4,6,N124 Pk 2,43.586018,1.176353
202300029464,31,7,2023,2025-12-05 22:40:00,4,30,30007,2,6,1,3,Quai De Grabieux,44.13971,4.08753
202300029465,19,1,2023,2025-12-05 11:45:00,1,71,71263,2,1,1,1,16 Rue Du Guidon,46.633614,5.216966
202300029466,28,7,2023,2025-12-05 06:40:00,2,29,29232,2,1,1,6,Boulevard De Poulguinan,47.98145316,-4.12027374
202300029467,22,1,2023,2025-12-05 18:35:00,2,61,61302,1,1,1,6,D242,48.848111,0.1269
202300029468,31,7,2023,2025-12-05 09:20:00,1,29,29232,2,9,3,7,Boulevard President Allende,48.003351,-4.083584
202300029469,17,4,2023,2025-12-05 06:40:00,2,86,86131,1,1,1,5,N147,46.429229,0.615017
202300029470,22,1,2023,2025-12-05 00:00:00,3,55,55489,1,4,1,6,D115,49.145826,5.272751
202300029471,30,7,2023,2025-12-05 08:20:00,1,29,29019,2,1,2,6,Rue Leopold Segar-Senghor,48.42100107,-4.50846612
202300029472,23,1,2023,2025-12-05 15:00:00,1,49,49003,1,1,1,7,D156,47.240142,-0.367012
202300029473,31,7,2023,2025-12-05 09:45:00,1,28,28404,2,1,2,7,Liberte (Avenue De La),48.73134,1.32612
202300029474,21,1,2023,2025-12-05 18:50:00,3,12,12215,1,1,1,3,D840,44.460748,2.420737
202300029475,17,4,2023,2025-12-05 01:30:00,5,43,43040,2,1,1,6,Avenue Du Velay,45.280013,3.392286
202300029476,31,7,2023,2025-12-05 20:25:00,2,27,27681,1,1,3,6,Queue D'Haye (Rue De La ),49.10312,1.51028
202300029477,21,1,2023,2025-12-05 14:40:00,1,42,42026,1,1,1,1,Route Des Chambons,46.13505255,4.09911751
202300029478,31,7,2023,2025-12-05 05:10:00,5,25,25462,1,1,1,6,Rocade G.Pompidou (Du 25 A La Fin),46.89999,6.336
202300029479,17,4,2023,2025-12-05 02:05:00,5,5,5161,2,1,1,6,Route De Briancon,44.943296,6.566568
202300029480,20,1,2023,2025-12-05 07:30:00,5,42,42092,2,1,4,6,Rue Du 11 Novembre,45.484737,4.379221
202300029481,30,7,2023,2025-12-05 23:10:00,5,22,22278,2,1,1,6,Laennec (Bd),48.509,-2.772
202300029482,31,7,2023,2025-12-05 12:52:00,1,22,22278,2,6,1,3,Aberyswith (Rond Point),48.49774,-2.7533
202300029483,5,1,2023,2025-12-05 18:00:00,3,47,47052,2,3,1,1,Avenue De Marmande,44.319513,0.09418
202300029484,17,4,2023,2025-12-05 19:00:00,5,974,97404,2,6,1,3,Rn  1A/ D17,-21.26521,55.336558
202300029485,17,7,2023,2025-12-05 16:13:00,1,15,15012,1,3,1,3,D6,44.8904,2.47436
202300029486,21,1,2023,2025-12-05 23:00:00,3,86,86086,1,1,8,6,D725,46.814814,0.704557
202300029487,28,7,2023,2025-12-05 20:15:00,1,30,30032,2,1,1,6,Allee Du Casino,43.81075,4.6472
202300029488,20,1,2023,2025-12-05 18:07:00,2,68,68135,2,3,1,7,Rue De Buschwiller,47.569293,7.511341
202300029489,28,7,2023,2025-12-05 23:00:00,3,13,13056,1,1,1,1,Saint-Pierre,43.37809,5.0646
202300029490,20,1,2023,2025-12-05 15:45:00,1,22,22158,1,2,1,3,Rn164,48.20312,-2.96585
202300029491,29,7,2023,2025-12-05 18:00:00,1,13,13026,2,1,1,1,Cotte Emile (Avenue),43.39528,5.12162
202300029492,15,4,2023,2025-12-05 19:00:00,2,972,97220,1,1,1,1,Quartier Lourdes,14.49481,-60.894041
202300029493,22,1,2023,2025-12-05 05:30:00,3,25,25549,1,1,4,6,Chemin Du Trone,46.943846,6.234248
202300029494,31,7,2023,2025-12-05 18:20:00,1,6,6069,2,1,1,3,Pompidou (Avenue Georges) -Rd 6085,43.64544,6.93981
202300029495,16,1,2023,2025-12-05 12:25:00,1,38,38351,1,1,1,5,D522,45.538046,5.228773
202300029496,31,7,2023,2025-12-05 07:25:00,1,6,6027,2,1,1,6,Pompidou Avenue Georges,43.662936,7.153774
202300029497,23,1,2023,2025-12-05 06:36:00,5,85,85084,1,9,9,5,A83 Pk45.650,46.7938,-1.19932
202300029498,30,7,2023,2025-12-05 18:50:00,1,6,6004,2,1,1,3,Littoral(Bdm Apres Bijou Plage Rn98,43.57071,7.09239
202300029499,16,4,2023,2025-12-05 07:40:00,2,22,22339,1,1,1,6,Rn 176 Pr 011+400 Sens St Malo Vers St Brieuc,48.470773,-2.05557
202300029500,21,1,2023,2025-12-05 16:20:00,1,58,58121,1,1,1,1,D47,47.042573,3.122832
202300029501,30,7,2023,2025-12-05 11:40:00,1,75,75114,2,1,1,4,Bd Peripherique Exterieur,48.820274,2.324397
202300029502,22,1,2023,2025-12-05 19:15:00,3,14,14431,1,1,1,6,879 Route De Le Mesnil Mauger,49.08611169,0.01701763
202300029503,23,1,2023,2025-12-05 15:30:00,1,50,50087,1,1,1,1,Adresse_Inconnue,49.560393,-1.611235
202300029504,12,4,2023,2025-12-05 17:10:00,1,84,84149,1,1,1,5,Route De Vaison-La-Romaine,44.164705,4.954094
202300029505,31,7,2023,2025-12-05 15:00:00,1,75,75114,2,3,2,6,Avenue Du General Leclerc,48.826913,2.326509
202300029506,22,1,2023,2025-12-05 16:30:00,2,83,83028,1,1,1,2,Rd562,43.574204,6.564744
202300029507,16,1,2023,2025-12-05 17:30:00,1,18,18175,1,1,1,6,Adresse_Inconnue,46.925473,2.778547
202300029508,31,7,2023,2025-12-05 13:15:00,1,75,75113,2,2,2,2,Quai Panhard Et Levassor,48.832242,2.379782
202300029509,19,1,2023,2025-12-05 06:00:00,3,10,10220,1,1,1,1,Adresse_Inconnue,48.500761,3.795948
202300029510,16,4,2023,2025-12-05 18:25:00,1,59,59463,1,9,1,3,Rue Voie Romaine Cd 52,50.93259527,2.36963511
202300029511,31,7,2023,2025-12-05 11:45:00,1,75,75113,2,1,2,3,Avenue De La Porte D Ivry,48.819777,2.372808
202300029512,21,1,2023,2025-12-05 11:30:00,1,7,7166,1,4,4,7,Route De Saint Felicien,45.030457,4.545856
202300029513,31,7,2023,2025-12-05 12:10:00,1,75,75109,2,1,2,6,Rue Du Faubourg Montmartre,48.873763,2.342648
202300029514,14,4,2023,2025-12-05 18:15:00,1,34,34123,1,1,2,6,N109,43.615738,3.798153
202300029515,31,7,2023,2025-12-05 06:23:00,1,75,75114,2,2,1,3,Avenue Du Maine,48.837551,2.322936
202300029516,13,1,2023,2025-12-05 22:30:00,5,24,24064,2,1,1,3,27 Avenue Andre Maurois,45.364584,0.652737
202300029517,31,7,2023,2025-12-05 17:00:00,1,94,94015,2,1,2,1,Quai Victor Berriere,48.842553,2.51263
202300029518,23,1,2023,2025-12-05 14:30:00,1,24,24224,1,2,1,3,Rd32,44.880551,0.599838
202300029519,16,4,2023,2025-12-05 23:10:00,3,30,30295,1,1,1,6,Adresse_Inconnue,44.071122,4.446716
202300029520,31,7,2023,2025-12-05 17:45:00,1,94,94046,2,1,2,3,Rue Ernest Renan,48.81422452,2.4291088
202300029521,21,1,2023,2025-12-05 08:39:00,2,27,27426,1,1,7,1,D14B,49.281975,1.742609
202300029522,16,4,2023,2025-12-05 19:30:00,2,83,83097,1,1,1,7,Route De Pourcieux,43.492222,5.742095
202300029523,19,1,2023,2025-12-05 16:50:00,2,17,17347,2,9,4,6,Rue De La Porte De Niort,45.946459,-0.518312
202300029524,31,7,2023,2025-12-05 17:00:00,1,94,94041,2,3,2,6,Avenue Du General Leclerc,48.81313,2.38044
202300029525,17,4,2023,2025-12-05 17:41:00,1,76,76443,2,3,1,3,Route De Cleres,49.563156,1.125809
202300029526,31,7,2023,2025-12-05 11:00:00,1,94,94016,2,1,1,6,Avenue Carnot,48.797487,2.329485
202300029527,23,1,2023,2025-12-05 02:58:00,3,48,48146,1,1,4,6,D986 - Lieu Dit Le Bac,44.379936,3.421769
202300029528,23,1,2023,2025-12-05 09:10:00,1,52,52140,1,1,1,7,D235,48.226781,4.915389
202300029529,30,7,2023,2025-12-05 22:00:00,3,94,94011,2,2,1,3,Mail De La Resistance,48.76644,2.4847
202300029530,15,4,2023,2025-12-05 13:45:00,1,79,79066,1,1,1,2,Adresse_Inconnue,46.484129,-0.355929
202300029531,17,1,2023,2025-12-05 17:30:00,4,88,88304,2,1,3,6,Rue De L?Abbe Germini,48.304708,6.134206
202300029532,22,1,2023,2025-12-05 14:45:00,1,13,13080,2,1,1,7,D14,43.64757,5.421799
202300029533,31,7,2023,2025-12-05 05:50:00,2,94,94073,2,9,8,3,Boulevard Des Allies,48.766888,2.403762
202300029534,29,7,2023,2025-12-05 04:10:00,5,94,94018,2,9,2,6,A4,48.82137,2.39949
202300029535,19,1,2023,2025-12-05 07:50:00,2,67,67108,1,1,8,1,Route De Schirmeck,48.524933,7.609878
202300029536,17,4,2023,2025-12-05 15:15:00,1,82,82025,1,2,1,3,850 Chemin De Verdun,43.940764,1.303183
202300029537,30,7,2023,2025-12-05 18:50:00,1,93,93064,2,1,1,6,Rue Du 8 Mai 1945,48.88602,2.49194
202300029538,21,1,2023,2025-12-05 13:13:00,1,31,31478,2,1,8,6,72 Route De Toulouse,43.4527711,1.877576
202300029539,22,1,2023,2025-12-05 06:25:00,3,49,49308,1,1,1,6,A87N,47.400709,-0.511798
202300029540,30,7,2023,2025-12-05 18:40:00,1,93,93045,2,3,1,3,Rue De La Convention / Avenue Faidherbe,48.88319349,2.41160192
202300029541,6,4,2023,2025-12-05 07:20:00,2,71,71205,1,2,1,3,Chemin Du Tronchet,46.715643,5.313091
202300029542,21,1,2023,2025-12-05 15:45:00,1,973,97360,2,1,1,2,Piste Des 6 Kms,5.14844,-54.341555
202300029543,31,7,2023,2025-12-05 12:30:00,1,92,92051,2,3,2,5,General Koenig (Boulevard Du),48.88010086,2.25082129
202300029544,22,1,2023,2025-12-05 15:20:00,1,62,62440,1,1,1,6,A2,50.086315,3.038691
202300029545,30,7,2023,2025-12-05 14:22:00,1,92,92050,2,1,1,6,Martin Henri Avenue,48.89622542,2.19588768
202300029546,16,4,2023,2025-12-05 17:30:00,1,63,63407,1,1,1,1,D983,45.607208,2.825074
202300029547,30,7,2023,2025-12-05 16:00:00,1,92,92025,2,1,1,6,Estienne D'Orves (Rue),48.91819,2.24443
202300029548,21,1,2023,2025-12-05 17:25:00,1,976,97608,2,3,1,1,Rue Manga Magari,-12.787722,45.271625
202300029549,29,7,2023,2025-12-05 04:40:00,5,92,92024,2,2,1,2,Neuilly (Rue De) De (3 A 36),48.90145762,2.30114178
202300029550,15,4,2023,2025-12-05 17:30:00,1,49,49050,2,1,1,1,Grande Rue,47.31721,-0.406805
202300029551,20,1,2023,2025-12-05 19:30:00,5,973,97311,2,1,1,5,Avenue Paul Castaing,5.490818,-54.018917
202300029552,28,7,2023,2025-12-05 21:55:00,1,92,92024,2,2,1,3,Klock (Rue),48.90002095,2.31147677
202300029553,18,1,2023,2025-12-05 12:15:00,1,973,97311,2,1,1,3,1244 Avenue Christophe Colomb,5.482804,-54.035908
202300029554,31,7,2023,2025-12-05 18:30:00,1,92,92007,2,1,2,3,Barbusse (Avenue Henri) Ndeg 1 A 43 Et 2 A,48.79941704,2.31097808
202300029555,16,4,2023,2025-12-05 17:10:00,1,46,46208,1,1,1,6,D840,44.85537824,1.63762644
202300029556,22,1,2023,2025-12-05 09:30:00,1,971,97116,1,1,1,1,Rn5,16.324917,-61.439152
202300029557,16,6,2023,2025-12-05 10:20:00,1,41,41045,1,2,1,3,D751,47.485497,1.211253
202300029558,21,1,2023,2025-12-05 18:40:00,3,971,97125,1,9,1,1,N4,16.255817,-61.312664
202300029559,16,4,2023,2025-12-05 15:50:00,1,22,22226,1,3,1,7,Lan Vrudec,48.684984,-3.560802
202300029560,1,8,2023,2025-12-05 08:45:00,1,26,26324,1,1,1,2,Autoroute A7 - Pk 140+500 - Sens N/S,44.34480337,4.73776817
202300029561,20,1,2023,2025-12-05 16:50:00,1,971,97125,1,1,1,7,Route De L?Anse A L?Eau,16.300915,-61.276371
202300029562,27,4,2023,2025-12-05 07:06:00,1,52,52189,1,1,1,2,A31 Pk 89+500,47.70533666,5.18721937
202300029563,21,1,2023,2025-12-05 16:55:00,1,77,77222,2,2,1,2,11 Rue De Paris,48.63729,2.795607
202300029564,16,4,2023,2025-12-05 18:45:00,1,35,35117,1,2,1,5,Departementale 166,48.146296,-2.217168
202300029565,20,1,2023,2025-12-05 06:41:00,3,95,95675,1,1,2,6,D9,49.05940423,2.53426373
202300029566,1,8,2023,2025-12-05 09:50:00,1,68,68300,2,2,2,2,Rue Des Romains,47.779817,7.392066
202300029567,20,1,2023,2025-12-05 19:30:00,5,66,66180,2,1,1,3,3 Avenue De La Cote Vermeille,42.774372,2.992833
202300029568,16,4,2023,2025-12-05 16:53:00,1,35,35234,1,1,1,6,Polka,48.222807,-2.177594
202300029569,31,7,2023,2025-12-05 18:00:00,1,42,42049,1,1,1,1,Route De La Tannerie,46.145529,3.883613
202300029570,18,1,2023,2025-12-05 07:30:00,1,84,84092,2,1,1,6,Avenue Theophile Delorme,43.963602,4.858344
202300029571,16,4,2023,2025-12-05 20:50:00,5,38,38175,2,1,1,6,2 Rue Des Rhododendrons,45.26546,5.91499
202300029572,31,7,2023,2025-12-05 15:45:00,1,60,60203,1,1,2,1,D1324,49.23241,2.865694
202300029573,17,1,2023,2025-12-05 18:00:00,5,6,6157,2,1,1,6,288 Avenue Emile Hugues,43.721005,7.110386
202300029574,31,7,2023,2025-12-05 13:19:00,1,65,65410,1,1,1,7,Route Departementale 21,43.227225,0.125871
202300029575,22,1,2023,2025-12-05 11:30:00,1,13,13100,1,1,1,2,D99,43.79499652,4.80692402
202300029576,10,4,2023,2025-12-05 17:20:00,1,1,1294,1,2,8,5,D24A,45.689574,5.693406
202300029577,1,8,2023,2025-12-05 14:20:00,1,62,62597,1,1,1,1,D32,50.192396,2.781258
202300029578,21,1,2023,2025-12-05 02:00:00,3,68,68016,1,1,1,6,D18B,47.930434,7.498941
202300029579,17,1,2023,2025-12-05 14:00:00,1,67,67226,2,2,1,6,Route D'Achenheim,48.602804,7.595957
202300029580,14,4,2023,2025-12-05 08:00:00,1,1,1098,2,1,1,1,501 Rue Pre Bonguin,45.773789,5.69367
202300029581,31,7,2023,2025-12-05 14:18:00,1,57,57695,1,3,8,3,A4,49.13917035,6.46645403
202300029582,18,1,2023,2025-12-05 23:25:00,3,55,55288,1,1,8,6,Rd964,48.783908,5.561813
202300029583,1,8,2023,2025-12-05 17:05:00,1,51,51434,1,1,1,1,Route Departemental 3,49.018966,4.058799
202300029584,30,7,2023,2025-12-05 15:00:00,1,19,19136,1,1,1,2,Lontrade,45.58080479,2.12886286
202300029585,21,1,2023,2025-12-05 08:35:00,2,73,73050,1,1,1,1,D1504,45.67925764,5.85055929
202300029586,31,7,2023,2025-12-05 11:40:00,1,2B,2B207,2,9,1,3,Avenue De Folelli,42.443348,9.508254
202300029587,16,4,2023,2025-12-05 18:40:00,1,72,72329,1,2,1,3,Intersection C6 / D301,48.07248,0.301566
202300029588,19,1,2023,2025-12-05 18:40:00,3,38,38374,1,1,1,5,Route De Versin,45.641967,5.338309
202300029589,31,7,2023,2025-12-05 15:00:00,1,65,65395,1,1,1,2,D152,43.101375,-0.180405
202300029590,19,1,2023,2025-12-05 16:55:00,2,38,38111,1,1,1,1,Rue Beyle Stendhal,45.124571,5.671578
202300029591,31,7,2023,2025-12-05 08:00:00,1,12,12102,1,1,1,7,La Vayssiere,44.303681,2.59949
202300029592,16,4,2023,2025-12-05 12:10:00,1,6,6068,1,1,1,1,D3,43.720544,6.974398
202300029593,21,1,2023,2025-12-05 21:15:00,5,69,69163,2,9,4,2,29 Route De Chasselay,45.911951,4.776961
202300029594,4,7,2023,2025-12-05 17:20:00,1,47,47171,1,2,1,3,D110,44.30934922,0.73760399
202300029595,18,1,2023,2025-12-05 07:50:00,3,19,19061,1,1,1,7,D1089,45.20673,1.679685
202300029596,31,7,2023,2025-12-05 12:37:00,1,86,86082,1,2,1,3,D29,46.360849,0.189621
202300029597,22,1,2023,2025-12-05 06:25:00,3,86,86026,1,1,1,7,Lieu Dit Le Grand Poncay,47.065972,0.164156
202300029598,31,7,2023,2025-12-05 18:31:00,1,22,22338,1,1,2,3,Quesquemelon,48.626335,-3.168826
202300029599,9,1,2023,2025-12-05 08:49:00,1,40,40184,2,9,1,6,28 Avenue Des Castors,44.194904,-1.234703
202300029600,1,8,2023,2025-12-05 06:45:00,1,44,44099,1,2,1,3,Adresse_Inconnue,47.63335826,-1.33180592
202300029601,16,4,2023,2025-12-05 22:30:00,3,73,73128,1,1,1,5,D1201 - Route De L'Albanais,45.73183595,5.92180122
202300029602,16,1,2023,2025-12-05 16:05:00,1,33,33114,1,1,3,1,D18,45.088002,-0.384012
202300029603,10,7,2023,2025-12-05 14:20:00,1,35,35179,1,1,1,6,Rn 176 - Pk 26.800,48.543603,-1.884327
202300029604,19,1,2023,2025-12-05 19:30:00,5,33,33005,2,2,1,3,Avenue Sophie Wallerstein,44.732219,-1.086965
202300029605,27,7,2023,2025-12-05 21:00:00,1,35,35179,1,1,1,2,D137 - Pk 98,48.50895,-1.91053
202300029606,17,1,2023,2025-12-05 07:50:00,2,44,44026,2,1,1,6,Avenue Des Villages,47.278235,-1.484463
202300029607,8,4,2023,2025-12-05 15:00:00,1,4,4209,2,1,1,2,Route De Gap,44.213587,5.925236
202300029608,30,7,2023,2025-12-05 15:50:00,1,29,29217,2,1,1,1,Quai Theodore Botrel,47.852551,-3.747832
202300029609,17,4,2023,2025-12-05 08:35:00,1,30,30133,1,6,6,6,D62A,43.548595,4.134142
202300029610,31,7,2023,2025-12-05 12:40:00,1,29,29262,1,1,2,3,D11,48.43857638,-3.99088305
202300029611,13,1,2023,2025-12-05 07:55:00,5,56,56007,2,6,1,3,32 Rue Henri Dunant,47.663628,-2.987874
202300029612,30,7,2023,2025-12-05 10:50:00,1,29,29211,1,1,2,7,D17,48.32407841,-3.75755437
202300029613,6,1,2023,2025-12-05 19:15:00,5,29,29247,1,3,2,3,Route De Rosporden,47.976715,-4.005525
202300029614,31,7,2023,2025-12-05 13:00:00,1,38,38022,1,1,1,1,188 Route Du Dauphine,45.635853,5.520555
202300029615,14,4,2023,2025-12-05 18:00:00,1,48,48016,1,1,3,1,Balsieges,44.50288,3.462083
202300029616,1,8,2023,2025-12-05 08:45:00,1,54,54175,1,1,3,6,D1C,48.51208422,6.40378475
202300029617,22,1,2023,2025-12-05 12:30:00,1,27,27016,2,1,1,2,Rue Marechal Foch D125,49.248846,1.442969
202300029618,1,8,2023,2025-12-05 09:00:00,1,14,14312,1,1,1,6,20 Rue Du Chateau D'Eau,49.37654059,-1.04622714
202300029619,22,1,2023,2025-12-05 04:30:00,3,60,60682,1,1,1,6,D932A,49.246586,2.640102
202300029620,21,1,2023,2025-12-05 18:40:00,5,59,59416,2,1,1,1,Rue De Saint-Venant,50.685198,2.510058
202300029621,17,4,2023,2025-12-05 07:45:00,1,52,52550,1,1,2,7,Cd 2 - Pk 16+400,48.50865292,4.94043699
202300029622,30,7,2023,2025-12-05 18:00:00,1,16,16030,1,3,1,1,Adresse_Inconnue,45.492405,-0.197368
202300029623,21,1,2023,2025-12-05 19:10:00,3,13,13215,1,1,1,2,A7-Sens Lyon Vers Marseille,43.366317,5.360761
202300029624,31,7,2023,2025-12-05 15:10:00,1,53,53083,1,3,2,3,Intersection C4 - La Grande Foret,48.287819,-0.26917
202300029625,21,1,2023,2025-12-05 06:25:00,2,13,13212,1,1,1,6,A507 Sens Aubagne- Marseille,43.312607,5.424222
202300029626,16,4,2023,2025-12-05 23:01:00,3,67,67152,1,6,8,6,Rond Point Rd400 - M353,48.525993,7.664608
202300029627,21,1,2023,2025-12-05 15:50:00,1,83,83144,1,1,1,7,A57,43.14182025,6.00552392
202300029628,31,7,2023,2025-12-05 20:25:00,1,24,24098,1,1,1,1,Route Du Lac Lagraule,45.236829,0.742639
202300029629,22,1,2023,2025-12-05 06:20:00,3,69,69294,1,1,1,2,Autoroute 7,45.62844904,4.81705064
202300029630,31,7,2023,2025-12-05 16:30:00,1,87,87154,1,3,1,3,Route De Chez Beaugy,45.904897,0.94476
202300029631,22,1,2023,2025-12-05 00:20:00,3,69,69199,1,1,1,6,Autoroute 7,45.69299,4.84443
202300029632,27,7,2023,2025-12-05 20:15:00,1,37,37050,2,1,1,1,Route De Bordeaux,47.3494,0.700824
202300029633,15,4,2023,2025-12-05 21:50:00,3,1,1204,1,1,2,6,A40 Pk 110+600 Sens Macon/Geneve,46.164784,5.702269
202300029634,21,1,2023,2025-12-05 21:45:00,3,92,92036,1,1,1,3,Autoroute A15,48.94804682,2.28091085
202300029635,31,7,2023,2025-12-05 13:45:00,1,19,19134,1,9,1,6,Aire Du Chavanon (Aire De Repos),45.622232,2.457059
202300029636,17,4,2023,2025-12-05 07:25:00,2,89,89277,1,1,8,6,A6,47.674519,3.862972
202300029637,21,1,2023,2025-12-05 14:50:00,1,75,75113,2,1,1,6,Rue Nationale,48.82425459,2.36795604
202300029638,1,8,2023,2025-12-05 11:31:00,1,13,13029,2,6,1,2,D70F,43.577476,5.094464
202300029639,20,1,2023,2025-12-05 18:34:00,5,75,75113,2,3,1,6,Echangeur Italie,48.815749,2.360794
202300029640,19,1,2023,2025-12-05 07:58:00,1,75,75119,2,1,1,3,Boulevard Macdonald,48.898629,2.378181
202300029641,16,4,2023,2025-12-05 10:15:00,1,988,98808,1,1,2,7,Nekoue (Tribu),-21.260459,165.607198
202300029642,21,1,2023,2025-12-05 18:30:00,5,75,75118,2,3,1,6,Rue De La Chapelle,48.89083845,2.3599121
202300029643,1,8,2023,2025-12-05 15:00:00,1,1,1213,1,1,2,4,A42 Pk 037+500,45.939728,5.288817
202300029644,20,1,2023,2025-12-05 23:45:00,5,75,75118,2,3,1,6,Boulevard Ney,48.89764055,2.33234704
202300029645,29,7,2023,2025-12-05 17:10:00,2,987,98715,2,1,1,1,Face Magasin Miklus - Rt1,-17.564512,-149.612203
202300029646,21,1,2023,2025-12-05 17:20:00,5,75,75116,2,3,1,6,Avenue Marceau,48.8657052,2.29977161
202300029647,16,4,2023,2025-12-05 18:00:00,1,973,97311,2,3,1,3,Avenue Christophe Colomb,5.485302,-54.034796
202300029648,1,8,2023,2025-12-05 08:15:00,1,7,7053,1,1,1,1,Rd 104 Pk076.000,44.401165,4.233282