num_acc,jour,mois,an,hrmn,lum,dep,com,agg,int,atm,col,adr,lat,long
202300029649,20,1,2023,2025-12-05 20:20:00,5,75,75115,2,2,1,6,Avenue Emile Zola,48.84652103,2.28541911
202300029650,1,8,2023,2025-12-05 11:30:00,1,37,37249,1,2,1,3,D959,47.507494,0.450625
202300029651,21,1,2023,2025-12-05 19:25:00,5,75,75115,2,1,1,6,Pont De Bir Hakeim,48.85545871,2.28783309
202300029652,15,4,2023,2025-12-05 15:30:00,1,971,97117,1,3,1,3,D123,16.341944,-61.406437
202300029653,1,8,2023,2025-12-05 09:25:00,1,14,14514,1,1,1,1,A13,49.275869,0.192175
202300029654,21,1,2023,2025-12-05 19:30:00,5,75,75113,2,1,1,6,Boulevard Massena,48.81909793,2.36126125
202300029655,16,4,2023,2025-12-05 01:10:00,3,45,45346,2,1,1,6,105 Route Des Caduels,47.945431,2.279808
202300029656,29,7,2023,2025-12-05 16:00:00,1,976,97608,2,1,1,3,Route Des Badamiers,-12.780268,45.280468
202300029657,21,1,2023,2025-12-05 11:30:00,1,75,75120,2,3,1,6,Boulevard De Charonne,48.848829,2.399502
202300029658,6,4,2023,2025-12-05 10:15:00,1,91,91494,1,1,1,7,Cd 19,48.613789,2.348757
202300029659,31,7,2023,2025-12-05 14:50:00,1,971,97111,1,1,1,3,Rn2 La Perle,16.34015,-61.777373
202300029660,21,1,2023,2025-12-05 15:40:00,1,75,75110,2,7,8,6,Rue Du Faubourg Saint Martin,48.88382,2.368551
202300029661,17,4,2023,2025-12-05 10:20:00,1,78,78320,2,1,1,6,D915,49.073149,1.513903
202300029662,14,7,2023,2025-12-05 13:50:00,1,18,18285,1,2,1,3,Adresse_Inconnue,47.025634,2.210231
202300029663,21,1,2023,2025-12-05 01:30:00,5,75,75108,2,3,1,3,Avenue Des Champs Elysees,48.871016,2.303483
202300029664,16,4,2023,2025-12-05 22:20:00,3,34,34289,1,1,1,6,D18 Pr 19+525,43.389303,3.396566
202300029665,4,6,2023,2025-12-05 22:30:00,3,78,78262,1,9,1,3,Route De Boissy Sans Avoir,48.806959,1.79929
202300029666,20,1,2023,2025-12-05 18:35:00,5,75,75104,2,2,1,7,Pont De Sully,48.85082534,2.36144096
202300029667,16,4,2023,2025-12-05 12:35:00,1,83,83107,1,1,1,2,Corniche Des Issambres,43.351755,6.713296
202300029668,30,7,2023,2025-12-05 11:45:00,1,78,78443,1,2,1,1,D912,48.80458,1.867677
202300029669,17,4,2023,2025-12-05 18:42:00,1,83,83023,2,1,1,7,Avenue Des Berges,43.408539,6.059926
202300029670,20,1,2023,2025-12-05 06:50:00,5,75,75101,2,2,1,6,Rue Etienne Marcel,48.864415,2.346656
202300029671,1,8,2023,2025-12-05 17:10:00,1,2B,2B095,1,1,1,7,"Rd 84, Pk 64.050",42.352419,9.05282
202300029672,21,1,2023,2025-12-05 14:25:00,1,94,94081,2,2,7,6,Rue Du Gal Malleret Joinville / Rue Du Bel Air,48.781032,2.403133
202300029673,31,7,2023,2025-12-05 09:39:00,1,66,66230,1,3,1,3,Adresse_Inconnue,42.64924,2.529425
202300029674,17,4,2023,2025-12-05 12:25:00,1,13,13022,1,3,1,1,Rd559,43.218875,5.58077
202300029675,31,7,2023,2025-12-05 22:20:00,5,83,83119,2,1,1,6,Avenue Paul Signac,43.270253,6.64461
202300029676,21,1,2023,2025-12-05 18:30:00,5,94,94041,2,3,1,6,Avenue Georges Gosnat,48.8112889,2.38395542
202300029677,16,4,2023,2025-12-05 05:40:00,3,88,88321,1,1,1,6,Rue Du 12 Septembre 44,48.349754,5.676933
202300029678,31,7,2023,2025-12-05 17:40:00,1,13,13048,2,1,1,1,Route De Rians,43.63557,5.643003
202300029679,16,4,2023,2025-12-05 16:00:00,1,44,44066,1,1,1,1,8 Rue Olivier De Serres,47.373038,-1.649988
202300029680,21,1,2023,2025-12-05 19:35:00,5,94,94028,2,6,1,3,Rue Charles Gounod / Avenue Francois Mauriac,48.78485,2.45105
202300029681,1,8,2023,2025-12-05 02:00:00,3,57,57582,1,1,3,1,D60 Pk 0+300,49.298105,6.168442
202300029682,21,1,2023,2025-12-05 17:00:00,1,94,94054,2,1,1,6,4 Avenue Marcel Cachin (Parking),48.74521,2.41026
202300029683,17,4,2023,2025-12-05 12:35:00,1,1,1397,2,6,1,2,30 Route De Divonne,46.314754,6.108168
202300029684,21,1,2023,2025-12-05 11:10:00,1,94,94019,2,2,1,3,Route De La Liberation / Rue Fusilles De Chateaubriant,48.79881,2.54502
202300029685,24,7,2023,2025-12-05 16:00:00,1,7,7097,1,9,1,2,Route Departementale 86,45.020948,4.832622
202300029686,6,4,2023,2025-12-05 18:30:00,1,47,47157,2,1,1,6,25 Avenue Francois Mitterrand,44.510133,0.139282
202300029687,1,8,2023,2025-12-05 12:40:00,1,1,1224,1,1,1,6,D84,45.813206,5.216457
202300029688,21,1,2023,2025-12-05 12:05:00,1,93,93072,2,3,1,6,Boulevard Maxime Gorki / Rue Salvador Allende,48.94657,2.38666
202300029689,17,4,2023,2025-12-05 08:00:00,1,33,33243,2,4,1,3,Route De Montagne,44.923404,-0.222763
202300029690,21,1,2023,2025-12-05 21:00:00,5,93,93071,2,1,1,2,Avenue Robert Ballanger,48.936068,2.531452
202300029691,31,7,2023,2025-12-05 19:10:00,1,81,81225,1,3,1,6,D988,43.91964,1.98169
202300029692,15,4,2023,2025-12-05 15:43:00,1,33,33052,2,6,1,7,3 Rue Des Acacias,44.951689,-0.238164
202300029693,21,1,2023,2025-12-05 14:25:00,1,93,93070,2,1,7,6,Rue Albert Dhalenne,48.91571,2.33113
202300029694,31,7,2023,2025-12-05 19:40:00,2,9,9130,1,1,1,3,D21,42.949458,1.574824
202300029695,21,1,2023,2025-12-05 13:30:00,1,93,93031,2,1,1,1,Boulevard Foch,48.94806,2.33158
202300029696,16,4,2023,2025-12-05 18:10:00,1,61,61216,1,1,1,7,D16 Pk 7+870,48.612466,-0.07332
202300029697,26,7,2023,2025-12-05 16:00:00,1,33,33238,1,1,1,1,Avenue De Gradignan,44.745213,-0.618517
202300029698,16,4,2023,2025-12-05 07:30:00,3,35,35228,2,1,1,6,12 Rue De La Ville Basle,48.58833527,-2.05743536
202300029699,1,8,2023,2025-12-05 07:45:00,1,50,50099,2,6,1,2,Route Americaine,49.301464,-1.264147
202300029700,31,7,2023,2025-12-05 11:00:00,1,13,13213,1,1,1,4,A507 Sens Aubagne- Marseille,43.32920217,5.41484365
202300029701,16,4,2023,2025-12-05 19:00:00,1,13,13215,1,1,1,2,A7-Sens Lyon Vers Marseille,43.376041,5.359883
202300029702,30,7,2023,2025-12-05 19:00:00,1,54,54312,1,1,1,2,Autoroute A 31,48.94195,6.11265
202300029703,29,7,2023,2025-12-05 18:20:00,1,59,59343,1,1,1,4,Autoroute A1,50.58945,3.09676
202300029704,16,4,2023,2025-12-05 14:00:00,1,13,13202,1,1,1,2,Tunnel Joliette Marseille Vers Aubagne,43.29962531,5.36366684
202300029705,30,7,2023,2025-12-05 04:10:00,5,93,93008,1,1,1,3,Autoroute A86,48.90621,2.45998
202300029706,29,7,2023,2025-12-05 18:00:00,1,92,92036,1,1,1,4,Autoroute A15,48.94647077,2.28241919
202300029707,1,4,2023,2025-12-05 15:05:00,1,42,42183,1,1,1,2,N88,45.404231,4.375968
202300029708,30,7,2023,2025-12-05 03:15:00,3,94,94046,1,1,1,6,A86,48.81070243,2.44917546
202300029709,16,4,2023,2025-12-05 20:07:00,1,91,91589,1,1,1,2,Autoroute A6,48.68282,2.32953
202300029710,12,5,2023,2025-12-05 22:00:00,3,88,88114,1,1,1,1,D429,48.189855,5.908086
202300029711,16,4,2023,2025-12-05 18:20:00,1,94,94034,2,1,1,4,A86,48.75772551,2.32805983
202300029712,16,4,2023,2025-12-05 18:12:00,1,91,91086,1,1,1,4,Rn 104,48.62376,2.38229
202300029713,16,4,2023,2025-12-05 15:50:00,1,94,94034,1,1,1,2,A86,48.75772551,2.32805983
202300029714,15,4,2023,2025-12-05 20:45:00,3,92,92019,1,1,1,3,Rn385,48.7760957,2.22940165
202300029715,16,4,2023,2025-12-05 21:05:00,5,94,94017,1,1,1,2,A86,48.83041529,2.4904233
202300029716,16,4,2023,2025-12-05 00:40:00,3,77,77495,1,1,1,3,A5B,48.59433289,2.6355623
202300029717,14,4,2023,2025-12-05 08:30:00,1,93,93051,1,1,1,5,A4,48.83642,2.55222
202300029718,14,4,2023,2025-12-05 07:35:00,1,94,94017,1,1,1,2,A4,48.83020089,2.495767
202300029719,14,4,2023,2025-12-05 17:40:00,1,972,97209,2,1,1,6,Paul Nardal (Avenue),14.60751,-61.07299
202300029720,15,4,2023,2025-12-05 10:00:00,1,972,97209,1,1,1,2,Rd 41 (Rocade),14.61654,-61.06041
202300029721,14,4,2023,2025-12-05 08:50:00,1,972,97209,2,1,1,6,Professeur Raymond Garcin (Rue Du),14.61913,-61.07807
202300029722,14,4,2023,2025-12-05 22:50:00,5,2B,2B033,2,1,1,6,Toutes Rues,42.7027,9.4474
202300029723,22,5,2023,2025-12-05 23:45:00,4,31,31555,2,1,1,5,Va007598 Lespinet A620 Sortie 20,43.571118,1.4763
202300029724,15,4,2023,2025-12-05 06:30:00,2,971,97101,1,1,1,2,Grand Camp(Section),16.2541,-61.53955
202300029725,15,4,2023,2025-12-05 05:30:00,5,2A,2A004,2,1,8,1,Colonna D'Ornano Colonel Av.,41.92842,8.73514
202300029726,24,5,2023,2025-12-05 19:21:00,1,29,29232,1,1,1,2,Rn 165,47.98666591,-4.02370932
202300029727,14,4,2023,2025-12-05 22:37:00,3,91,91339,1,1,2,6,Rte Nationale 20,48.61498,2.25546
202300029728,22,5,2023,2025-12-05 16:40:00,1,14,14118,2,1,1,3,916P Cours Montalivet,49.17933,-0.34079
202300029729,21,3,2023,2025-12-05 19:10:00,2,86,86066,2,2,1,3,Avenue De Velbert,46.81645,0.52814
202300029730,24,5,2023,2025-12-05 02:35:00,3,13,13019,1,1,1,5,D60 A,43.43124,5.33488
202300029731,14,4,2023,2025-12-05 16:00:00,1,83,83144,1,1,1,5,Sainte Claire (Avenue),43.13517,6.00842
202300029732,11,4,2023,2025-12-05 13:45:00,1,83,83126,2,1,1,6,Blum (Rue Leon),43.10191024,5.88121042
202300029733,24,5,2023,2025-12-05 21:50:00,5,13,13214,2,4,1,5,Gibbes (Chemin De),43.32367736,5.38188365
202300029734,15,4,2023,2025-12-05 08:52:00,1,78,78490,2,6,3,3,Saint Germain (Avenue De),48.826936,1.952178
202300029735,24,5,2023,2025-12-05 15:40:00,1,13,13202,2,1,1,1,Camille Pelletan (Avenue),43.30282,5.37419
202300029736,14,4,2023,2025-12-05 19:45:00,2,78,78498,2,1,2,6,Schweitzer Rue Du Docteur,48.92083,2.0343
202300029737,24,5,2023,2025-12-05 11:15:00,1,13,13209,2,1,1,1,Redon (Boulevard Du),43.24954,5.42261
202300029738,14,4,2023,2025-12-05 21:30:00,5,72,72181,2,1,1,4,Jaures Jean (Av) Ndeg Imp 35 A 179,47.988,0.2077
202300029739,14,4,2023,2025-12-05 18:25:00,1,72,72095,2,3,1,4,Saint Nicolas (Bd),48.03062,0.20449
202300029740,24,5,2023,2025-12-05 08:20:00,1,13,13005,1,3,1,3,Paluds (Avenue Des),43.28417,5.602
202300029741,14,4,2023,2025-12-05 19:05:00,1,72,72181,2,1,1,3,Jacobins (Pl Des),48.00772,0.19877
202300029742,5,4,2023,2025-12-05 07:05:00,1,11,11262,2,1,1,6,50 Avenue Du General Leclerc,43.1779,2.9949
202300029743,14,4,2023,2025-12-05 13:25:00,1,72,72181,1,1,2,1,Tours (Rte) Ligne Droite Des Hunaudieres,47.96282,0.22217
202300029744,15,4,2023,2025-12-05 11:20:00,1,71,71486,2,1,2,6,Waldeck Rochet (Avenue),46.66035233,4.37197655
202300029745,24,5,2023,2025-12-05 11:00:00,1,7,7281,2,2,1,6,Malet (Rue Ferninand),44.94059,4.8377
202300029746,15,4,2023,2025-12-05 03:50:00,5,69,69264,2,6,2,6,Boulevard Burdeau,45.99712,4.73038
202300029747,24,5,2023,2025-12-05 18:15:00,1,6,6069,1,3,1,3,Saint Joseph (Chemin Et Place),43.65236,6.95155
202300029748,15,4,2023,2025-12-05 15:20:00,1,69,69264,2,1,1,6,747 Route De Frans,45.98499,4.73086
202300029749,5,3,2023,2025-12-05 15:00:00,1,51,51250,2,3,8,4,N31,49.310078,3.687083
202300029750,24,5,2023,2025-12-05 19:10:00,1,75,75120,2,1,1,2,Porte De Bagnolet,48.869643,2.413267
202300029751,15,4,2023,2025-12-05 23:53:00,5,64,64102,2,1,1,6,Aquitaine (Avenue De L'),43.48655,-1.4674
202300029752,5,3,2023,2025-12-05 16:23:00,1,9,9130,1,1,1,7,Route Forrestiere,42.938788,1.571056
202300029753,24,5,2023,2025-12-05 16:42:00,1,75,75116,2,1,1,3,Boulevard Peripherique,48.859496,2.262727
202300029754,15,4,2023,2025-12-05 17:36:00,1,62,62250,1,1,1,1,D39,50.44323315,2.91927946
202300029755,4,3,2023,2025-12-05 19:50:00,2,44,44159,1,1,1,1,Adresse_Inconnue,47.1381,-1.402597
202300029756,23,5,2023,2025-12-05 10:20:00,1,75,75116,2,1,1,7,Bd Peripherique Interieur,48.854539,2.254923
202300029757,23,5,2023,2025-12-05 06:00:00,2,75,75114,2,1,1,7,Bd Peripherique Interieur,48.820099,2.325741
202300029758,6,4,2023,2025-12-05 15:50:00,1,62,62628,2,3,1,2,Rue De Courtaigne,50.42445,2.8838
202300029759,4,3,2023,2025-12-05 12:05:00,1,13,13070,1,1,1,2,A50-Sens Aubagne Vers Marseille,43.28559,5.514
202300029760,24,5,2023,2025-12-05 10:00:00,1,75,75117,2,1,1,2,Bd Peripherique Exterieur Ouest,48.884658,2.286128
202300029761,15,4,2023,2025-12-05 21:15:00,1,59,59599,2,3,1,3,Forest (Chaussee Fernand),50.73686,3.1543
202300029762,4,3,2023,2025-12-05 10:55:00,1,13,13211,1,1,1,2,A50-Sens Aubagne Vers Marseille,43.28653,5.43258
202300029763,24,5,2023,2025-12-05 19:45:00,1,75,75108,2,1,1,6,Avenue De Wagram,48.876904,2.297299
202300029764,15,4,2023,2025-12-05 16:35:00,1,54,54197,2,1,1,2,Saint-Exupery (Rue Antoine De),48.63851906,6.18810296
202300029765,4,3,2023,2025-12-05 08:30:00,1,13,13026,1,1,1,2,A55-Sens Marseille Vers Martigues,43.39821,5.121322
202300029766,24,5,2023,2025-12-05 20:10:00,1,75,75115,2,2,1,6,Avenue De La Motte Picquet,48.849138,2.298131
202300029767,19,2,2023,2025-12-05 01:35:00,3,13,13210,1,1,1,2,S10Cd-Sens Aubagne Vers Marseille,43.28495394,5.40975531
202300029768,14,4,2023,2025-12-05 17:49:00,1,54,54184,1,1,1,4,Route De L'Amezule,48.712,6.242917
202300029769,24,5,2023,2025-12-05 07:00:00,1,75,75114,2,2,1,3,Rue De Gergovie,48.834362,2.313625
202300029770,24,5,2023,2025-12-05 19:50:00,1,75,75113,2,1,1,6,Quai D Austerlitz,48.843377,2.365961
202300029771,5,3,2023,2025-12-05 13:30:00,1,69,69199,1,1,1,5,Route Departementale 383,45.70172,4.84517
202300029772,14,4,2023,2025-12-05 18:00:00,1,51,51454,2,2,1,6,Avenue Du General Bonaparte,49.22995349,4.00711164
202300029773,4,3,2023,2025-12-05 13:10:00,1,69,69266,1,1,1,3,Route Departementale 383,45.76036,4.90932
202300029774,24,5,2023,2025-12-05 08:10:00,1,75,75112,2,2,1,3,Quai De La Rapee,48.84644,2.366836
202300029775,15,4,2023,2025-12-05 21:40:00,3,51,51431,1,2,1,3,D951,49.014549,3.941922
202300029776,12,11,2023,2025-12-05 21:00:00,3,4,4157,1,1,1,7,"Route De Moustiers - D56 Pk17,500",43.850251,6.144801
202300029777,24,5,2023,2025-12-05 23:10:00,5,75,75111,2,1,1,3,Boulevard De Belleville,48.869537,2.379691
202300029778,5,3,2023,2025-12-05 03:20:00,4,33,33192,1,1,1,2,Rocade A 630,44.78594,-0.59459
202300029779,15,4,2023,2025-12-05 14:30:00,1,49,49007,2,2,1,3,Maine,47.47841,-0.54692
202300029780,9,11,2023,2025-12-05 09:50:00,1,85,85227,1,1,8,6,D745,46.472242,-0.648313
202300029781,5,3,2023,2025-12-05 17:00:00,1,91,91339,1,1,1,7,Rn 104,48.62465,2.26302
202300029782,24,5,2023,2025-12-05 19:45:00,1,75,75110,2,1,1,7,Boulevard De Magenta,48.872657,2.3593
202300029783,5,3,2023,2025-12-05 08:20:00,1,91,91086,1,1,1,6,Rn 104,48.623,2.387
202300029784,15,4,2023,2025-12-05 13:20:00,1,45,45308,1,1,2,2,90 Route De Saint-Jean De Braye,47.931596,1.950061
202300029785,13,11,2023,2025-12-05 17:20:00,1,27,27243,1,1,1,2,Route D'Honfleur,49.408513,0.302566
202300029786,24,5,2023,2025-12-05 09:50:00,1,75,75109,2,3,1,6,Rue Du Havre,48.874826,2.326777
202300029787,4,3,2023,2025-12-05 22:05:00,3,91,91174,1,1,1,4,Rn 104,48.61466,2.45296
202300029788,13,11,2023,2025-12-05 06:40:00,5,27,27622,2,1,2,6,Route De Beaumont,49.109207,0.724521
202300029789,14,4,2023,2025-12-05 17:15:00,1,45,45234,2,1,1,3,18Bis Rue Des Montees,47.87842,1.91242
202300029790,23,5,2023,2025-12-05 18:40:00,1,75,75108,2,5,1,3,Avenue Des Champs Elysees,48.868873,2.30989
202300029791,12,11,2023,2025-12-05 19:50:00,3,28,28319,1,1,2,6,D2020,48.286796,1.980626
202300029792,4,3,2023,2025-12-05 05:40:00,5,86,86194,2,2,1,6,Avenue Du 11 Novembre,46.566253,0.363401
202300029793,3,3,2023,2025-12-05 18:26:00,1,72,72181,2,6,1,6,Rue Martial Vivet,48.01899,0.15393
202300029794,13,11,2023,2025-12-05 07:50:00,1,17,17211,1,2,1,7,D150 Et Rue De La Montagne Pk 8+500,46.037768,-0.512034
202300029795,24,5,2023,2025-12-05 17:15:00,1,75,75102,2,2,1,3,Boulevard Des Capucines,48.87027,2.330054
202300029796,10,4,2023,2025-12-05 15:00:00,1,34,34301,2,3,1,3,59 Boulevard Camille Blanc,43.407557,3.668573
202300029797,10,11,2023,2025-12-05 19:05:00,3,17,17113,2,9,2,7,Route Du Bourg,45.118393,-0.147393
202300029798,3,3,2023,2025-12-05 12:20:00,1,69,69290,1,5,1,3,100 Route De Lyon,45.70471,4.91239
202300029799,23,5,2023,2025-12-05 11:50:00,1,94,94052,2,1,1,6,Avenue De Joinville,48.829325,2.467027
202300029800,15,4,2023,2025-12-05 12:30:00,1,33,33529,2,1,1,3,Rue Lagrua,44.64564,-1.15788
202300029801,12,11,2023,2025-12-05 11:55:00,1,30,30004,2,7,1,6,5 Place Emile Jamais,43.738746,4.181647
202300029802,3,3,2023,2025-12-05 18:52:00,1,64,64024,2,1,1,3,Bab (Boulevard Du),43.488099,-1.535827
202300029803,24,5,2023,2025-12-05 15:22:00,1,94,94003,2,1,1,7,Avenue Aristide Briand,48.8098,2.32631
202300029804,14,4,2023,2025-12-05 17:20:00,1,30,30007,2,3,2,3,Avenue Des Maladreries,44.11964,4.10313
202300029805,11,11,2023,2025-12-05 18:30:00,3,67,67388,1,1,2,1,D1062,48.91413927,7.64624388
202300029806,3,3,2023,2025-12-05 15:50:00,1,54,54357,2,4,8,6,Quinze Septembre 1944 (Rue Du),48.71369,6.16373
202300029807,23,5,2023,2025-12-05 13:15:00,1,94,94037,2,3,1,3,Avenue Paul Vaillant-Couturier,48.8165,2.33801
202300029808,4,3,2023,2025-12-05 15:55:00,1,973,97302,2,1,1,3,Madeleine (Route De La),4.9178,-52.32148
202300029809,14,4,2023,2025-12-05 18:30:00,1,30,30243,2,3,2,4,Adresse_Inconnue,44.061,4.0902
202300029810,24,5,2023,2025-12-05 16:40:00,1,94,94070,2,1,1,2,Route De Paris,48.7171,2.57132
202300029811,3,3,2023,2025-12-05 19:50:00,4,973,97302,1,9,1,3,Giratoire Maringouins,4.90771596,-52.32248282
202300029812,13,11,2023,2025-12-05 08:15:00,2,31,31351,2,1,7,6,4 Chemin Des Panedautes,43.674557,1.293479
202300029813,15,4,2023,2025-12-05 19:00:00,1,25,25388,2,4,2,2,Grand -Charmont (Route De),47.51695,6.81176
202300029814,4,3,2023,2025-12-05 16:00:00,1,69,69388,2,1,1,6,Boulevard Des Etats-Unis,45.73003,4.86696
202300029815,24,5,2023,2025-12-05 16:15:00,1,93,93078,2,9,1,3,Avenue Des Nations,48.97302904,2.51052728
202300029816,13,11,2023,2025-12-05 06:50:00,3,82,82085,1,1,1,2,A62 - Pk 183+450,43.986358,1.241906
202300029817,15,4,2023,2025-12-05 19:18:00,1,25,25056,1,1,1,6,Route De Gray,47.24757,5.97897
202300029818,3,3,2023,2025-12-05 07:00:00,1,972,97209,1,1,1,2,Rd 41 (Rocade),14.61382,-61.06381
202300029819,12,11,2023,2025-12-05 18:25:00,3,44,44026,1,9,2,6,Adresse_Inconnue,47.286303,-1.508013
202300029820,4,3,2023,2025-12-05 00:25:00,3,971,97101,2,1,1,2,Route Des Abymes,16.25735,-61.52012
202300029821,23,5,2023,2025-12-05 18:50:00,1,93,93073,2,2,1,3,Rue Louis Eschard / Rue De La Raperie,48.97675,2.55859
202300029822,14,4,2023,2025-12-05 19:58:00,1,17,17306,2,1,1,3,Republique (De La) (Bd),45.62462,-1.02734
202300029823,4,3,2023,2025-12-05 05:00:00,5,91,91114,2,1,1,7,Rue Talma,48.69308,2.50159
202300029824,15,4,2023,2025-12-05 18:55:00,1,17,17300,2,1,1,3,Marillac   Quai,46.146271,-1.161258
202300029825,8,11,2023,2025-12-05 08:08:00,1,6,6085,1,1,1,5,"A8, Pk 165.800 Voie Sud",43.5839892,7.0118096
202300029826,24,5,2023,2025-12-05 11:51:00,1,93,93066,2,1,1,3,Rue Charles Michels,48.93423,2.34343
202300029827,2,4,2023,2025-12-05 03:20:00,4,15,15014,2,1,2,6,Rue Des Malaudes,44.91614,2.43789
202300029828,4,3,2023,2025-12-05 14:55:00,1,71,71306,2,1,1,3,Pageot (Rue De La Place ),46.65939,4.35922
202300029829,10,11,2023,2025-12-05 08:20:00,1,86,86297,1,1,1,2,A10,46.570913,0.288806
202300029830,4,3,2023,2025-12-05 10:15:00,1,64,64102,2,1,1,3,Camouseigt (Allee De),43.48385,-1.50186
202300029831,24,5,2023,2025-12-05 17:27:00,1,93,93051,2,6,1,3,Rue Du Docteur Vaillant / Rue Camille Flammarion,48.83862215,2.56725669
202300029832,15,4,2023,2025-12-05 20:15:00,2,13,13001,2,2,1,2,Briand Aristide (Bd),43.53231957,5.45093091
202300029833,11,11,2023,2025-12-05 08:30:00,1,73,73104,1,1,1,6,A 43,45.55549215,5.75633973
202300029834,3,3,2023,2025-12-05 16:30:00,1,62,62587,2,3,1,3,D46,50.432294,2.922045
202300029835,15,4,2023,2025-12-05 13:00:00,1,9,9122,2,9,2,2,Villote (Allees De),42.96408,1.61049
202300029836,14,5,2023,2025-12-05 17:30:00,1,93,93048,2,3,1,3,Avenue Paul Signac / Boulevard Aristide Briand,48.86974,2.44969
202300029837,13,11,2023,2025-12-05 08:45:00,1,988,98808,1,1,1,7,Rpn3,-21.377189,165.684675
202300029838,3,3,2023,2025-12-05 12:00:00,1,62,62270,1,1,1,5,D301,50.47122,2.52422
202300029839,15,4,2023,2025-12-05 09:10:00,1,6,6088,2,4,1,3,St Lambert A Partir Du Ndeg 131),43.717691,7.262898
202300029840,13,11,2023,2025-12-05 07:30:00,5,29,29005,2,1,3,6,Rue Jean-Marie Carer,47.85734643,-3.60500736
202300029841,24,5,2023,2025-12-05 15:50:00,1,93,93046,2,3,1,3,Avenue Aristide Briand / Boulevard Gutenberg,48.91198299,2.52079034
202300029842,3,3,2023,2025-12-05 17:55:00,2,60,60057,2,9,2,6,Boulevard Du General De Gaulle,49.42952,2.09012
202300029843,15,4,2023,2025-12-05 06:50:00,2,6,6029,2,1,1,6,Croisette (Boulevard De),43.5512,7.01827
202300029844,9,11,2023,2025-12-05 00:45:00,4,77,77257,2,1,2,1,D17,49.020321,3.031661
202300029845,15,4,2023,2025-12-05 21:00:00,5,6,6027,2,9,8,2,Plage Boulevard De La,43.651,7.152
202300029846,4,3,2023,2025-12-05 18:30:00,2,42,42187,2,2,1,3,Boulevard Jean-Baptiste Clement,46.0463,4.08487
202300029847,28,5,2023,2025-12-05 17:20:00,1,93,93032,2,2,1,3,Avenue De L'Abbaye / Avenue Guynemer,48.87793252,2.56917501
202300029848,15,4,2023,2025-12-05 10:30:00,1,75,75113,2,1,2,2,Quai D Ivry,48.825999,2.387071
202300029849,13,11,2023,2025-12-05 18:47:00,5,78,78090,1,4,1,1,D44,48.970802,1.907287
202300029850,23,5,2023,2025-12-05 19:40:00,1,93,93032,2,1,1,6,Avenue Jean Jaures,48.88331604,2.52851708
202300029851,4,3,2023,2025-12-05 19:45:00,1,37,37261,2,1,1,4,Sanitas (Pont Du),47.37168,0.69653
202300029852,13,11,2023,2025-12-05 15:00:00,1,84,84141,2,1,1,1,Rue De La Groseillere,43.985547,4.901737
202300029853,13,4,2023,2025-12-05 08:50:00,1,75,75118,2,1,1,5,Porte De Clignancourt,48.901104,2.346646
202300029854,24,5,2023,2025-12-05 17:30:00,1,93,93001,2,1,1,3,Rue Henri Manigart,48.91275112,2.39843854
202300029855,11,11,2023,2025-12-05 01:20:00,3,6,6048,2,1,1,6,D2204,43.790372,7.350338
202300029856,4,3,2023,2025-12-05 19:00:00,2,37,37122,2,3,1,6,Verdun (Rue De),47.34459,0.66484
202300029857,12,11,2023,2025-12-05 14:45:00,1,88,88344,1,1,3,7,D71,48.362334,5.603939
202300029858,15,4,2023,2025-12-05 18:05:00,1,75,75116,2,1,1,2,Boulevard Peripherique Interieur Ouest,48.851156,2.252293
202300029859,24,5,2023,2025-12-05 12:50:00,1,93,93001,2,1,1,5,Boulevard Felix Faure,48.90953903,2.37713188
202300029860,4,3,2023,2025-12-05 23:40:00,5,33,33063,2,2,1,3,Avenue D'Ares,44.83651,-0.60116
202300029861,13,11,2023,2025-12-05 07:45:00,2,57,57206,2,1,3,6,53 Avenue Jeanne D'Arc,49.302446,6.10518
202300029862,15,4,2023,2025-12-05 14:15:00,1,75,75120,2,3,1,6,Rue De Bagnolet,48.862346,2.406327
202300029863,12,11,2023,2025-12-05 21:45:00,3,57,57160,1,1,3,6,D23A,49.201935,6.661824
202300029864,4,3,2023,2025-12-05 18:52:00,2,33,33063,2,2,1,3,Rue Bellus Mareilhac,44.85252863,-0.61693758
202300029865,23,5,2023,2025-12-05 17:27:00,1,93,93001,2,9,1,3,Avenue Du President Roosevelt,48.91793611,2.37908517
202300029866,14,4,2023,2025-12-05 03:00:00,5,75,75117,2,2,1,3,Avenue De Wagram,48.881547,2.300689
202300029867,3,3,2023,2025-12-05 05:30:00,5,33,33119,2,1,1,1,Rue Frederic Joliot-Curie,44.85304,-0.53855
202300029868,12,11,2023,2025-12-05 15:40:00,1,1,1262,1,2,2,2,Route De Tramoyes,45.896264,4.969278
202300029869,24,5,2023,2025-12-05 16:10:00,1,92,92064,1,1,1,7,Parc Saint Cloud,48.83667,2.19481
202300029870,4,3,2023,2025-12-05 16:05:00,1,31,31555,2,1,1,3,Che De Fenouillet,43.64982,1.41366
202300029871,10,11,2023,2025-12-05 22:34:00,3,1,1211,1,1,2,6,D22,46.100984,5.189586
202300029872,14,4,2023,2025-12-05 23:30:00,5,75,75116,2,2,1,1,Allee De Longchamp,48.86765,2.25089