num_acc,jour,mois,an,hrmn,lum,dep,com,agg,int,atm,col,adr,lat,long
202300029873,24,5,2023,2025-12-05 01:30:00,5,92,92051,2,1,1,6,General Cordonnier (Rue Du),48.88442178,2.27527097
202300029874,4,3,2023,2025-12-05 05:10:00,3,29,29232,1,1,1,6,Pont De Poulguinan,47.98388,-4.11631
202300029875,15,4,2023,2025-12-05 16:00:00,1,75,75112,2,1,1,2,Quai De La Rapee,48.844127,2.368866
202300029876,4,3,2023,2025-12-05 14:33:00,1,29,29019,2,1,1,2,Rue Commandant Somme-Py,48.403797,-4.486673
202300029877,24,5,2023,2025-12-05 09:40:00,1,92,92040,2,2,1,4,Gallieni (Boulevard),48.83458,2.26693
202300029878,6,11,2023,2025-12-05 13:44:00,1,33,33184,1,2,3,3,Les Forgettes,45.168635,-0.543593
202300029879,15,4,2023,2025-12-05 19:38:00,1,75,75110,2,2,1,3,Rue Du Faubourg Saint Martin,48.871757,2.357203
202300029880,15,4,2023,2025-12-05 23:30:00,5,75,75107,2,1,1,7,Quai D Orsay,48.862295,2.305431
202300029881,24,5,2023,2025-12-05 12:00:00,1,92,92025,2,2,1,6,Charles De Gaulle (Bd),48.914548,2.229141
202300029882,4,3,2023,2025-12-05 18:15:00,1,18,18279,2,2,1,3,9 Rue Blanche Baron,47.22234,2.06546
202300029883,12,11,2023,2025-12-05 18:35:00,5,33,33449,1,1,1,1,D1215,44.90657257,-0.746786
202300029884,12,4,2023,2025-12-05 06:30:00,2,75,75101,2,3,2,6,Rue De Valois,48.864689,2.338587
202300029885,23,5,2023,2025-12-05 22:40:00,5,92,92071,2,1,1,6,Desgranges (Boulevard Des),48.78164933,2.29332894
202300029886,4,3,2023,2025-12-05 20:45:00,3,18,18033,1,1,8,2,Avenue D'Issoudun,47.05938,2.36164
202300029887,12,11,2023,2025-12-05 18:30:00,3,22,22081,2,9,2,3,Rue Morin,48.485581,-2.64159
202300029888,14,4,2023,2025-12-05 12:50:00,1,94,94076,2,1,2,6,Boulevard Maxime Gorki,48.787945,2.367785
202300029889,4,3,2023,2025-12-05 10:15:00,1,13,13075,2,1,1,6,General De Gaulle (Mail),43.34661988,5.46585006
202300029890,24,5,2023,2025-12-05 12:20:00,1,92,92012,2,1,1,6,Jean Baptiste Clement (Avenue) 49/Fin -,48.84507955,2.23533757
202300029891,13,11,2023,2025-12-05 15:45:00,1,27,27279,2,2,2,6,Avenue Du General De Gaulle,49.092596,1.602078
202300029892,15,4,2023,2025-12-05 09:30:00,1,94,94002,2,2,2,3,Rue De Dijon / Rue De Grenoble,48.78663,2.43074
202300029893,24,5,2023,2025-12-05 15:48:00,1,92,92004,2,1,1,6,Colombes ( Rue De 31 A ),48.91362,2.28156
202300029894,3,3,2023,2025-12-05 15:15:00,1,13,13212,2,1,1,2,Jean Rameau (Rue),43.30816929,5.41854873
202300029895,13,11,2023,2025-12-05 12:45:00,1,59,59174,1,1,3,1,D27,50.187794,4.052153
202300029896,24,5,2023,2025-12-05 15:20:00,1,92,92004,2,1,1,3,Faidherbe ( Avenue ),48.908449,2.268888
202300029897,15,4,2023,2025-12-05 12:30:00,1,93,93073,2,6,1,1,Place Pierre Curie / Rue De Reims,48.94063,2.57844
202300029898,4,3,2023,2025-12-05 18:38:00,2,13,13005,2,1,1,3,Verdun (Avenue De),43.28791,5.57784
202300029899,12,11,2023,2025-12-05 19:50:00,3,13,13055,1,1,1,2,A50-Sens Marseille Vers Aubagne,43.2847285,5.41130939
202300029900,4,3,2023,2025-12-05 23:25:00,5,10,10387,2,1,1,1,Carnot (Rue),48.29703,4.06654
202300029901,14,4,2023,2025-12-05 22:16:00,5,93,93063,2,1,2,1,Boulevard Roger Salengro,48.8808,2.45028
202300029902,24,5,2023,2025-12-05 11:15:00,1,92,92004,2,1,1,3,Voltaire ( Bd 16 A Fin ),48.91659,2.28915
202300029903,10,11,2023,2025-12-05 19:00:00,3,13,13211,1,1,1,4,A50-Sens Marseille Vers Aubagne,43.28569,5.42902
202300029904,4,3,2023,2025-12-05 14:55:00,1,10,10387,2,2,1,3,Edouard Herriot (Rue),48.28012,4.07268
202300029905,25,5,2023,2025-12-05 15:15:00,1,76,76281,1,1,1,3,D110,49.509808,0.575624
202300029906,14,4,2023,2025-12-05 22:54:00,5,92,92063,2,2,1,1,Hopital Stell (Boulevard De L'),48.87631,2.18582
202300029907,4,3,2023,2025-12-05 14:11:00,1,10,10387,2,3,1,6,Republique (Rue De La ),48.29834,4.07388
202300029908,6,11,2023,2025-12-05 16:40:00,1,42,42218,1,1,1,3,N88,45.43415,4.42016
202300029909,4,3,2023,2025-12-05 04:40:00,5,9,9225,2,9,1,6,Rijole Avenue De La,43.12,1.62
202300029910,15,4,2023,2025-12-05 11:15:00,1,92,92050,2,1,2,1,Vaillant Couturier Paul Rue,48.87976,2.20735
202300029911,25,5,2023,2025-12-05 16:35:00,1,80,80151,1,1,1,1,D929,49.985752,2.594576
202300029912,2,3,2023,2025-12-05 20:30:00,5,72,72181,2,4,1,6,Auvray (Rue) Ndeg Pairs,48.00135,0.19722
202300029913,15,4,2023,2025-12-05 12:18:00,1,92,92062,2,1,8,6,Defense (Rond Point De La),48.89037844,2.24164236
202300029914,27,2,2023,2025-12-05 16:20:00,1,29,29019,2,1,1,6,Rue Joachim Du Bellay,48.400573,-4.484091
202300029915,12,11,2023,2025-12-05 18:45:00,3,33,33448,1,1,2,2,Autoroute A 62,44.71770432,-0.52012056
202300029916,8,2,2023,2025-12-05 10:45:00,1,13,13056,2,1,1,6,Bouin Rue Jean,43.42399,5.04132
202300029917,15,4,2023,2025-12-05 09:29:00,1,92,92024,2,6,2,1,Republique (Place De La),48.90339464,2.31294662
202300029918,12,11,2023,2025-12-05 18:10:00,4,33,33167,1,1,2,3,Route Nationale 230,44.8224076,-0.51434577
202300029919,23,5,2023,2025-12-05 11:30:00,1,67,67507,2,9,1,6,3 Rue De Breitenau,48.340446,7.299201
202300029920,27,2,2023,2025-12-05 19:10:00,5,13,13047,2,6,2,6,Radolfzell Avenue De,43.49862,4.97962
202300029921,12,11,2023,2025-12-05 20:40:00,3,91,91549,1,1,2,6,Rn 104,48.62608,2.34042
202300029922,15,4,2023,2025-12-05 05:50:00,5,92,92004,2,3,2,3,Voltaire ( Bd ),48.91638,2.28955
202300029923,25,5,2023,2025-12-05 11:10:00,1,972,97210,1,1,1,6,N6,14.607313,-60.929832
202300029924,12,11,2023,2025-12-05 13:41:00,1,91,91617,1,1,2,3,Rn 104,48.63319,2.53403
202300029925,26,2,2023,2025-12-05 23:15:00,5,75,75111,2,3,1,6,Avenue Parmentier,48.86244,2.37663
202300029926,16,4,2023,2025-12-05 10:40:00,1,33,33453,1,3,1,3,Saint Laurent,44.586311,0.08494
202300029927,1,3,2023,2025-12-05 16:58:00,1,93,93057,2,1,1,1,Chemin Des Postes,48.901112,2.508427
202300029928,12,11,2023,2025-12-05 06:45:00,3,91,91235,1,1,2,5,Rn 104,48.6256,2.35544
202300029929,24,4,2023,2025-12-05 17:00:00,1,52,52147,1,1,1,2,A31 Pk 108+000,47.857568,5.22622
202300029930,26,2,2023,2025-12-05 11:23:00,1,92,92025,2,1,1,6,Menelotte 2A 50 (Av),48.93184,2.26061
202300029931,12,11,2023,2025-12-05 12:45:00,1,78,78466,1,1,2,2,A13,48.934845,1.966473
202300029932,14,5,2023,2025-12-05 18:25:00,1,1,1143,1,1,2,1,Chemin Du Munet,46.360757,6.120157
202300029933,15,4,2023,2025-12-05 19:50:00,2,972,97216,2,3,1,3,Intersection Rn1/D15,14.818942,-61.027419
202300029934,2,3,2023,2025-12-05 11:30:00,1,92,92012,2,1,1,6,Point Du Jour (Quai Du),48.8275,2.2527
202300029935,12,11,2023,2025-12-05 17:00:00,3,95,95678,1,1,2,6,N104,49.07166365,2.24461198
202300029936,25,5,2023,2025-12-05 16:15:00,1,25,25067,1,1,1,6,A36 Pk 072.000 Sens Besancon/Mulhouse,47.4195157,6.59601919
202300029937,12,11,2023,2025-12-05 16:00:00,1,93,93005,1,1,3,6,Autoroute A1,48.95772,2.46285
202300029938,4,3,2023,2025-12-05 10:15:00,1,988,98818,2,3,2,4,Rue Jacques Iekawe/Rue Edouard Dalmayrac,-22.23919,166.47272
202300029939,25,5,2023,2025-12-05 01:00:00,3,59,59173,1,1,1,6,M945,50.731294,2.946804
202300029940,14,4,2023,2025-12-05 21:20:00,3,34,34123,1,1,1,7,N109,43.628876,3.780194
202300029941,3,3,2023,2025-12-05 13:55:00,1,974,97411,2,1,1,7,Topazes(Allee Des),-20.89171,55.44507
202300029942,12,11,2023,2025-12-05 13:50:00,1,93,93006,1,1,3,2,Autoroute A3,48.87004,2.4305
202300029943,16,4,2023,2025-12-05 03:15:00,3,38,38113,1,1,1,7,Departementale 526,44.828406,5.639462
202300029944,4,3,2023,2025-12-05 00:45:00,5,974,97409,2,9,1,6,Pente Sassy (Chemin De La),-20.963968,55.658981
202300029945,12,11,2023,2025-12-05 15:50:00,1,95,95572,1,1,3,6,A15,49.0309255,2.12129474
202300029946,24,5,2023,2025-12-05 14:40:00,1,72,72058,1,2,1,4,D304,47.959432,0.302789
202300029947,12,11,2023,2025-12-05 15:00:00,1,93,93078,1,1,3,6,Autoroute A104,48.96388,2.52115
202300029948,14,4,2023,2025-12-05 21:35:00,4,34,34095,1,1,1,2,Rm613 Pr 41+550,43.528816,3.744803
202300029949,3,3,2023,2025-12-05 12:10:00,1,973,97302,2,1,1,2,Lallouette(Rue),4.94071701,-52.32925938
202300029950,25,5,2023,2025-12-05 08:54:00,1,85,85109,1,4,1,1,La Garlopiere,46.842816,-1.048508
202300029951,12,11,2023,2025-12-05 13:30:00,1,95,95252,1,1,3,6,A15,48.98775556,2.20669627
202300029952,4,3,2023,2025-12-05 01:14:00,5,69,69386,2,2,1,1,Cours Lafayette,45.76371492,4.85805004
202300029953,16,4,2023,2025-12-05 15:10:00,1,56,56173,1,2,1,3,646 Kercadoret Pennaut,47.997353,-2.986194
202300029954,25,5,2023,2025-12-05 13:15:00,1,67,67194,2,6,1,6,4 Rue De Drusenheim,48.730461,7.906959
202300029955,12,11,2023,2025-12-05 10:40:00,1,95,95018,1,1,2,6,A15,48.9630397,2.26571023
202300029956,3,3,2023,2025-12-05 13:05:00,1,972,97209,2,1,1,3,Marne (Boulevard De La),14.60475,-61.08387
202300029957,16,4,2023,2025-12-05 08:30:00,1,65,65435,1,1,1,6,D920,42.948664,-0.083342
202300029958,15,4,2023,2025-12-05 01:30:00,5,11,11206,2,1,3,6,Adresse_Inconnue,43.056101,2.202558
202300029959,2,3,2023,2025-12-05 17:50:00,1,69,69389,2,2,1,6,Rue Du Bourbonnais,45.7736,4.79514
202300029960,11,11,2023,2025-12-05 23:20:00,3,93,93013,1,1,1,3,Autoroute A1,48.94049514,2.42470833
202300029961,23,5,2023,2025-12-05 09:00:00,1,24,24309,1,1,1,7,A 89 Pk 97.500,45.102062,0.489278
202300029962,3,3,2023,2025-12-05 16:30:00,1,95,95427,2,1,8,6,Rue Maurice Berteaux,48.97506,2.34714
202300029963,11,11,2023,2025-12-05 11:30:00,1,92,92036,1,1,1,2,Autoroute A15,48.94364712,2.28775617
202300029964,24,5,2023,2025-12-05 19:00:00,1,44,44009,1,1,1,2,Adresse_Inconnue,47.2171,-1.453641
202300029965,15,4,2023,2025-12-05 19:20:00,1,22,22079,1,1,1,7,Les Bourrieux,48.40155,-2.683507
202300029966,3,3,2023,2025-12-05 20:06:00,5,91,91425,2,3,1,6,Rte D Orleans Rn 20,48.65168,2.27277
202300029967,22,5,2023,2025-12-05 17:30:00,1,51,51266,2,1,1,6,Rue D?Avenay,49.113118,4.034509
202300029968,11,11,2023,2025-12-05 17:30:00,2,77,77053,1,1,2,3,Rn104,48.69945746,2.59393277
202300029969,3,3,2023,2025-12-05 22:05:00,3,91,91432,2,1,1,7,Rd 118,48.71369,2.34683
202300029970,15,4,2023,2025-12-05 18:25:00,1,44,44126,1,2,1,3,84 Route De La Pree,47.14260613,-2.21057475
202300029971,3,3,2023,2025-12-05 22:00:00,5,91,91286,2,1,1,3,1Ere Armee (Avenue),48.65435,2.39685
202300029972,25,5,2023,2025-12-05 08:40:00,1,56,56075,1,3,1,1,La Meaudaie,47.953522,-2.111845
202300029973,17,7,2023,2025-12-05 11:49:00,1,13,13053,2,2,1,2,D23E,43.728204,5.161557
202300029974,16,4,2023,2025-12-05 02:49:00,3,38,38263,1,1,1,6,655 Grand Chemin Royal,45.285111,5.461253
202300029975,24,5,2023,2025-12-05 18:50:00,1,79,79063,1,1,1,7,Adresse_Inconnue,47.077911,-0.345812
202300029976,1,3,2023,2025-12-05 14:00:00,1,87,87085,2,1,1,4,Bac (Rue Theodore),45.83763,1.26513
202300029977,16,4,2023,2025-12-05 04:30:00,3,38,38104,1,1,8,6,Rd592,45.567836,5.599597
202300029978,30,7,2023,2025-12-05 01:00:00,5,13,13096,2,1,1,1,D38B,43.522434,4.386136
202300029979,15,4,2023,2025-12-05 22:45:00,3,1,1457,1,4,8,6,Route De Chaveyriat,46.217874,5.003328
202300029980,19,6,2023,2025-12-05 23:55:00,5,71,71270,2,1,1,7,Laguiche (Rue Philibert),46.3056,4.83335
202300029981,24,5,2023,2025-12-05 08:00:00,1,82,82144,1,2,1,3,D959,44.172159,1.363366
202300029982,3,3,2023,2025-12-05 16:30:00,1,77,77132,2,1,1,7,Av Robert Schuman,48.86859,2.79224
202300029983,22,6,2023,2025-12-05 11:15:00,1,62,62160,2,2,1,6,Rue Nationale,50.72049,1.61324
202300029984,27,3,2023,2025-12-05 15:35:00,1,72,72191,1,3,1,6,Hameau De Sainte Croix,47.762962,0.295365
202300029985,3,3,2023,2025-12-05 07:50:00,1,76,76351,2,6,1,6,Frissard (Quai),49.49145,0.13253
202300029986,15,4,2023,2025-12-05 10:15:00,1,72,72320,1,6,1,3,D197,48.067856,0.169119
202300029987,30,5,2023,2025-12-05 12:10:00,1,91,91228,2,9,1,3,Rue De La Mare Neuve,48.61864,2.42458
202300029988,24,5,2023,2025-12-05 21:55:00,2,63,63420,1,2,1,3,Rd2089 / Rd104,45.814268,3.337317
202300029989,2,3,2023,2025-12-05 15:25:00,1,76,76351,2,1,1,1,Albert 1Er,49.50186,0.08724
202300029990,14,4,2023,2025-12-05 15:45:00,1,7,7090,2,3,1,1,Grand Rue,44.747581,4.674023
202300029991,10,11,2023,2025-12-05 16:40:00,1,976,97611,2,1,1,6,Rue De La Plage Hamaha,-12.75942,45.22871
202300029992,25,5,2023,2025-12-05 18:40:00,1,76,76638,1,2,1,3,D1314,50.009415,1.429901
202300029993,15,4,2023,2025-12-05 20:45:00,2,40,40044,1,1,1,3,D817,43.550575,-1.320189
202300029994,3,3,2023,2025-12-05 21:35:00,3,71,71105,1,3,1,5,Balme (Chemin De),46.28585073,4.78234112
202300029995,11,11,2023,2025-12-05 11:55:00,1,974,97416,1,1,1,6,Rn1(Bretelle Acces),-21.33017,55.4561
202300029996,16,4,2023,2025-12-05 06:50:00,1,85,85051,1,1,1,6,Rd137,46.690855,-1.064258
202300029997,25,5,2023,2025-12-05 15:58:00,1,12,12088,1,1,1,7,Lieu Dit Longueroque,44.653597,2.889351
202300029998,2,3,2023,2025-12-05 16:20:00,1,71,71076,2,1,1,6,Messageries (Quai Des ),46.781,4.85824
202300029999,24,5,2023,2025-12-05 18:55:00,1,68,68202,2,1,1,7,Rue Des Bonnes-Gens,47.590232,7.131248
202300030000,9,11,2023,2025-12-05 08:00:00,1,974,97416,1,1,1,3,President Mitterand(Avenue),-21.34863,55.50096
202300030001,14,4,2023,2025-12-05 06:55:00,2,27,27102,1,3,1,3,Intersection D675 Et Rue De La Fosse A Lingot,49.357617,0.779992
202300030002,22,5,2023,2025-12-05 13:55:00,1,39,39184,1,1,1,7,Adresse_Inconnue,46.449966,5.806682
202300030003,3,3,2023,2025-12-05 08:15:00,1,69,69266,1,1,1,5,Autoroute 42,45.78231,4.8913
202300030004,25,5,2023,2025-12-05 01:00:00,5,39,39171,1,9,1,6,Adresse_Inconnue,46.671654,5.460022
202300030005,15,4,2023,2025-12-05 16:35:00,1,27,27533,2,9,1,7,37 Rue Guerard,49.326115,1.719709
202300030006,9,4,2023,2025-12-05 19:30:00,1,17,17439,1,1,1,7,D109,46.29343,-0.842857
202300030007,3,3,2023,2025-12-05 20:48:00,5,69,69259,2,3,1,1,Route De Vienne,45.72448,4.85406
202300030008,9,11,2023,2025-12-05 15:45:00,1,974,97411,2,6,1,5,Lattre De Tassigny (Avenue Marechal De),-20.88751,55.47227
202300030009,25,5,2023,2025-12-05 07:45:00,1,44,44069,2,3,1,3,Rue Des Colleges,47.3377318,-2.4281966
202300030010,2,3,2023,2025-12-05 17:30:00,1,69,69290,2,1,1,2,18 Rue De La Cordiere,45.69458,4.94835
202300030011,16,4,2023,2025-12-05 16:25:00,1,17,17091,1,1,1,3,D9,46.275172,-1.068099
202300030012,11,11,2023,2025-12-05 12:54:00,1,973,97309,1,1,1,5,Collery (Zone Industrielle),4.90049,-52.30746
202300030013,2,3,2023,2025-12-05 18:15:00,1,69,69259,2,1,1,3,120 Boulevard Irene Joliot Curie,45.70913,4.88481
202300030014,25,5,2023,2025-12-05 07:35:00,1,38,38393,1,3,1,3,D1085,45.407448,5.34487
202300030015,11,11,2023,2025-12-05 03:00:00,5,973,97302,1,1,1,7,Route Nationale 1,4.9149,-52.32965
202300030016,15,4,2023,2025-12-05 05:56:00,2,57,57743,1,1,1,7,N4 Pr 28+900,48.754491,7.192472
202300030017,24,5,2023,2025-12-05 18:20:00,1,50,50013,1,1,1,1,Le Petit Vicel,49.631204,-1.292685
202300030018,1,3,2023,2025-12-05 18:20:00,1,69,69029,2,8,1,3,Avenue Franklin Roosevelt,45.73457,4.90503
202300030019,10,11,2023,2025-12-05 22:35:00,5,973,97302,2,3,1,3,Gontran Bradin (Cite Anatole),4.93501416,-52.31805995
202300030020,15,4,2023,2025-12-05 15:05:00,1,988,98824,1,3,2,6,Tchambouenne (Tribu),-20.41264,164.603149
202300030021,24,5,2023,2025-12-05 20:15:00,1,53,53064,1,1,1,6,Route Departementale 5,48.328837,-0.719454
202300030022,3,3,2023,2025-12-05 12:45:00,1,69,69091,2,6,8,1,Rue De La Paix,45.5878,4.76032
202300030023,10,11,2023,2025-12-05 09:35:00,1,973,97302,2,1,1,2,Universite Chicago (Rue De),4.93710253,-52.30491579
202300030024,16,4,2023,2025-12-05 05:10:00,2,988,98823,2,1,2,6,Neouta (Tribu),-21.063557,165.385458
202300030025,24,5,2023,2025-12-05 17:50:00,1,85,85182,1,1,1,1,Rd752,46.77888,-0.857178
202300030026,3,3,2023,2025-12-05 17:00:00,1,59,59350,2,1,1,6,Avenue Marie-Louise Delwaulle,50.63315,3.01926
202300030027,10,11,2023,2025-12-05 07:45:00,1,973,97302,2,1,1,3,Cabassou (Route De),4.92019316,-52.3201561
202300030028,24,5,2023,2025-12-05 08:20:00,1,37,37179,2,1,1,1,La Coudriere,47.450797,0.726122
202300030029,3,3,2023,2025-12-05 10:49:00,1,59,59368,2,1,1,1,Saint Charles Rue,50.6656392,3.06864023
202300030030,24,5,2023,2025-12-05 16:30:00,1,987,98724,1,1,1,6,District De Fitii,-16.730886,-151.035404
202300030031,15,4,2023,2025-12-05 21:45:00,3,971,97128,1,1,1,1,Castaing,16.22833,-61.374489
202300030032,10,11,2023,2025-12-05 07:15:00,1,973,97302,2,1,1,3,Raban (Route De),4.93023568,-52.31339157
202300030033,3,3,2023,2025-12-05 19:35:00,3,59,59588,2,1,1,1,Chapeau Rouge - Route,51.027495,2.428273
202300030034,16,4,2023,2025-12-05 00:40:00,5,971,97106,2,1,1,6,Route Nationale 2,16.148903,-61.772105
202300030035,2,3,2023,2025-12-05 16:20:00,1,59,59178,2,1,1,6,Rhin Et Danube (Rue),50.38818,3.07494
202300030036,9,11,2023,2025-12-05 08:20:00,1,973,97302,2,3,1,3,Cabassou (Route De),4.92,-52.31955
202300030037,25,5,2023,2025-12-05 16:00:00,1,78,78437,1,2,1,3,D125,49.051933,1.656275
202300030038,28,2,2023,2025-12-05 09:35:00,1,57,57306,2,1,1,6,Marne (Rue De La),49.33064,6.06049
202300030039,13,4,2023,2025-12-05 11:00:00,1,77,77273,1,3,1,5,D401,49.047967,2.747226
202300030040,23,5,2023,2025-12-05 08:30:00,1,3,3290,1,1,1,7,Rd 29 Pk 09+100,46.664665,3.349543
202300030041,28,2,2023,2025-12-05 08:32:00,1,57,57012,2,1,1,6,Foch (Rue),49.35975,6.04911
202300030042,8,11,2023,2025-12-05 20:21:00,3,973,97302,2,3,1,3,Flamboyants (Rue Des),4.92497126,-52.31714398
202300030043,14,4,2023,2025-12-05 18:30:00,1,73,73153,1,1,1,1,D67,45.73065511,6.42131565
202300030044,16,4,2023,2025-12-05 12:15:00,1,77,77280,2,3,1,1,Vc,49.01915006,3.02651968
202300030045,2,3,2023,2025-12-05 14:30:00,1,56,56098,2,6,1,2,Lann-Sevelin (Rond Point De),47.77808,-3.34523
202300030046,8,11,2023,2025-12-05 11:10:00,1,973,97302,2,2,1,3,Cesaire (Cite),4.93051,-52.32233
202300030047,15,4,2023,2025-12-05 14:00:00,1,30,30345,2,1,1,7,La Canebiere,44.279467,4.003884
202300030048,3,3,2023,2025-12-05 06:50:00,2,54,54328,1,6,1,3,Route De Mirecourt,48.60932,6.174146
202300030049,11,11,2023,2025-12-05 09:57:00,1,972,97213,2,1,1,2,Route Departementale 15 A,14.63242957,-61.01113917
202300030050,16,3,2023,2025-12-05 12:10:00,1,64,64496,2,3,1,7,D137,43.466298,-1.449723
202300030051,2,3,2023,2025-12-05 17:40:00,1,54,54439,2,3,1,1,De Gaulle (Avenue Charles),48.70435349,6.25269055
202300030052,1,4,2023,2025-12-05 00:10:00,4,11,11076,2,6,1,3,Adresse_Inconnue,43.305143,1.956993
202300030053,31,3,2023,2025-12-05 06:57:00,1,44,44204,2,1,1,6,25 Rue Du Petit Plessis,47.261251,-1.450753
202300030054,8,11,2023,2025-12-05 17:30:00,2,972,97213,2,6,2,1,Route Nationale 1,14.62353,-60.9888
202300030055,2,3,2023,2025-12-05 08:00:00,2,54,54300,2,1,7,6,Galtier (Rue Lucien),48.66618476,6.21454954
202300030056,15,4,2023,2025-12-05 15:05:00,1,84,84019,1,1,6,5,D994,44.284583,4.732404
202300030057,3,3,2023,2025-12-05 08:10:00,1,54,54580,2,1,1,6,Rue De Verdun,49.46667,5.93284
202300030058,8,11,2023,2025-12-05 17:15:00,1,972,97209,1,1,1,3,Autoroute (A1),14.61442,-61.04642
202300030059,5,4,2023,2025-12-05 07:20:00,1,27,27022,1,1,1,1,D82 Vieux Villez,49.167788,1.288404
202300030060,16,4,2023,2025-12-05 02:50:00,3,83,83107,1,1,1,6,1 Route De La Bouverie,43.462665,6.65735
202300030061,3,3,2023,2025-12-05 21:10:00,5,51,51454,2,3,1,1,Rue De Cernay,49.25782,4.0526
202300030062,15,4,2023,2025-12-05 21:30:00,3,89,89206,1,1,1,7,Adresse_Inconnue,48.02401086,3.42479263
202300030063,11,11,2023,2025-12-05 10:58:00,1,2B,2B037,2,6,1,2,Toutes Rues,42.62861,9.43769
202300030064,25,5,2023,2025-12-05 18:30:00,1,27,27287,1,4,1,3,D830,48.983597,1.014819
202300030065,3,3,2023,2025-12-05 17:00:00,1,51,51172,2,1,1,3,Rue Jean Cocteau,49.21668,4.04266
202300030066,15,4,2023,2025-12-05 10:15:00,1,67,67217,1,1,1,2,D83,48.4813,7.671418
202300030067,25,5,2023,2025-12-05 04:32:00,2,60,60446,1,1,1,6,Nationale 2,49.14782883,2.82107717
202300030068,11,11,2023,2025-12-05 01:02:00,5,2B,2B037,2,1,1,1,Toutes Rues,42.619,9.432
202300030069,3,3,2023,2025-12-05 17:30:00,1,51,51454,2,1,1,6,Rue Libergier,49.25211,4.02939
202300030070,16,4,2023,2025-12-05 13:00:00,1,69,69106,2,2,1,3,Chemin Des Vercheres,45.92717,4.690078
202300030071,3,3,2023,2025-12-05 07:34:00,1,49,49007,2,1,1,3,Arbrissel,47.4446,-0.5606
202300030072,9,11,2023,2025-12-05 12:34:00,1,2B,2B037,2,3,1,6,Toutes Rues,42.61916,9.42522
202300030073,15,4,2023,2025-12-05 23:00:00,3,31,31451,2,1,1,6,Route De Saint-Ferreol,43.44689286,2.01155484
202300030074,24,5,2023,2025-12-05 14:00:00,1,69,69116,1,1,1,4,Autoroute 6,45.83266,4.75989
202300030075,16,4,2023,2025-12-05 10:15:00,1,31,31151,2,1,1,1,Route De Pompertuzat,43.474789,1.497381
202300030076,9,11,2023,2025-12-05 10:55:00,1,2B,2B033,2,1,1,1,Campinchi Nr 1 Au 5 -Rue,42.69667,9.4481
202300030077,3,3,2023,2025-12-05 08:00:00,1,49,49267,1,1,1,4,Rd 347,47.47295,-0.4633
202300030078,1,3,2023,2025-12-05 13:23:00,1,49,49007,2,1,1,7,Chaumin Boulevard,47.45044,-0.55565
202300030079,16,4,2023,2025-12-05 03:00:00,1,86,86018,1,1,1,6,Basses,47.04818,0.107793
202300030080,24,5,2023,2025-12-05 18:21:00,1,94,94034,1,1,1,5,A86,48.75772551,2.32805983
202300030081,8,11,2023,2025-12-05 17:04:00,1,2B,2B120,1,1,1,3,11 - Rt,42.64646,9.44
202300030082,15,4,2023,2025-12-05 17:30:00,1,85,85035,2,6,1,3,Rd38,46.63287,-1.862247
202300030083,10,11,2023,2025-12-05 16:20:00,1,971,97113,1,1,1,3,Besson,16.2358,-61.5054
202300030084,24,5,2023,2025-12-05 17:20:00,1,91,91161,1,1,1,3,Autoroute A6,48.69983,2.31112
202300030085,3,3,2023,2025-12-05 18:10:00,1,44,44114,1,1,1,4,Adresse_Inconnue,47.26266,-1.60947
202300030086,15,4,2023,2025-12-05 19:00:00,1,53,53056,1,1,1,7,La Filerie,48.122441,-0.687574
202300030087,9,11,2023,2025-12-05 16:57:00,1,971,97101,2,1,3,6,Palais Royal,16.28453,-61.49393
202300030088,16,4,2023,2025-12-05 04:30:00,5,76,76557,2,1,5,6,Route Du Havre,49.528273,0.660709
202300030089,24,5,2023,2025-12-05 13:58:00,1,91,91286,1,1,1,2,Autoroute A6,48.65,2.38447
202300030090,3,3,2023,2025-12-05 08:30:00,1,44,44190,1,1,1,5,190 Boulevard Des Pas Enchantes,47.21206,-1.48746
202300030091,3,11,2023,2025-12-05 16:30:00,1,971,97101,1,1,1,7,Grand Camp(Section),16.25401768,-61.53820574
202300030092,15,4,2023,2025-12-05 15:50:00,1,62,62014,2,2,1,1,Rue Du Portugal,50.63263544,2.4060815
202300030093,24,5,2023,2025-12-05 01:35:00,4,94,94021,1,1,1,2,A6B,48.77043046,2.34474022
202300030094,9,11,2023,2025-12-05 06:45:00,1,971,97120,1,1,1,6,Bas Du Fort,16.22364062,-61.52597487
202300030095,2,3,2023,2025-12-05 20:20:00,5,41,41018,2,3,1,1,Pigelee (Rue) Ndeg Pairs,47.598,1.307
202300030096,15,4,2023,2025-12-05 14:00:00,1,62,62543,1,1,1,7,D130,50.616415,2.304103
202300030097,8,11,2023,2025-12-05 09:19:00,1,971,97101,2,9,1,6,Achille Rene Boisneuf (Rue),16.27194,-61.50494
202300030098,22,5,2023,2025-12-05 18:20:00,1,92,92036,1,1,1,2,A86,48.9376601,2.29661159
202300030099,26,2,2023,2025-12-05 01:24:00,5,38,38053,2,2,1,3,Avenue Henri Barbusse,45.58978,5.27317
202300030100,15,4,2023,2025-12-05 19:30:00,1,94,94003,1,1,1,3,A6A,48.81331781,2.3360259
202300030101,9,11,2023,2025-12-05 17:00:00,4,2A,2A004,2,1,3,3,Georges Pompidou Avenue,41.9336,8.75425
202300030102,24,5,2023,2025-12-05 10:50:00,1,93,93053,1,1,1,3,Autoroute A3,48.89645325,2.47035339