num_acc,jour,mois,an,hrmn,lum,dep,com,agg,int,atm,col,adr,lat,long
202300030103,15,4,2023,2025-12-05 11:20:00,1,91,91617,1,1,1,7,Rn 104,48.63296,2.537076
202300030104,9,11,2023,2025-12-05 18:30:00,5,95,95268,2,1,1,3,113 Stalingrad (Av De),48.964104,2.405731
202300030105,22,5,2023,2025-12-05 12:50:00,1,93,93066,1,1,1,3,Autoroute A86,48.92190936,2.36424249
202300030106,3,3,2023,2025-12-05 09:25:00,1,35,35238,2,2,1,3,Roosevelt (Bd Franklin),48.09588,-1.66144
202300030107,15,4,2023,2025-12-05 12:33:00,1,91,91687,1,1,8,2,Autoroute A6,48.66321,2.36708
202300030108,9,11,2023,2025-12-05 18:45:00,5,95,95680,2,9,2,6,Champs Bacon (Avenue Du),48.999911,2.407916
202300030109,15,4,2023,2025-12-05 04:36:00,3,91,91471,1,1,3,2,Rn 118,48.709009,2.188772
202300030110,24,5,2023,2025-12-05 14:03:00,1,94,94052,1,1,1,3,A86,48.83441554,2.49343043
202300030111,2,3,2023,2025-12-05 17:45:00,2,34,34003,2,1,1,6,Route De Sete,43.307622,3.49481
202300030112,15,4,2023,2025-12-05 08:30:00,1,92,92072,1,1,2,7,N118,48.82725286,2.22440344
202300030113,11,11,2023,2025-12-05 23:40:00,5,95,95582,2,2,1,3,Charles De Gaulle (Bd),48.97127107,2.25888133
202300030114,24,5,2023,2025-12-05 13:10:00,1,94,94069,1,1,1,3,A4,48.81752866,2.42251517
202300030115,3,3,2023,2025-12-05 19:15:00,5,33,33063,2,2,1,3,Rue Lucien Faure,44.86421,-0.55848
202300030116,14,4,2023,2025-12-05 20:35:00,1,92,92072,1,1,2,6,N118,48.82734237,2.22446553
202300030117,24,5,2023,2025-12-05 10:15:00,1,94,94028,1,1,1,4,A86,48.78282771,2.44060622
202300030118,3,3,2023,2025-12-05 18:40:00,1,31,31555,2,1,1,2,Pl Nicolas Bachelier,43.60648,1.45234
202300030119,14,4,2023,2025-12-05 18:00:00,1,92,92036,1,1,2,2,Autoroute A86,48.93851705,2.30001759
202300030120,24,5,2023,2025-12-05 04:50:00,3,93,93051,1,1,1,2,A4,48.83674117,2.54365064
202300030121,7,11,2023,2025-12-05 15:50:00,1,91,91339,2,1,1,4,Av Robert Benoist,48.61646,2.2566
202300030122,13,4,2023,2025-12-05 23:40:00,3,92,92036,1,1,2,6,Autoroute A15,48.94074039,2.29291143
202300030123,1,3,2023,2025-12-05 22:10:00,5,31,31555,2,3,1,3,Bd Griffoul Dorval,43.59465,1.45681
202300030124,22,5,2023,2025-12-05 17:00:00,1,59,59599,2,1,1,6,Salengro (Rue Roger),50.7386302,3.18128496
202300030125,13,4,2023,2025-12-05 07:10:00,1,974,97411,2,1,1,3,Hoarau (Rue Marcel),-20.90519,55.49036
202300030126,9,11,2023,2025-12-05 20:30:00,3,91,91161,2,1,2,1,Vc Deviation Cd 120,48.71214,2.30811
202300030127,3,3,2023,2025-12-05 17:10:00,1,27,27229,2,1,1,3,Semard (Rue Pierre),49.018,1.15
202300030128,3,3,2023,2025-12-05 08:14:00,1,14,14118,1,1,1,1,D405,49.16945419,-0.38452148
202300030129,14,4,2023,2025-12-05 11:30:00,1,974,97407,2,1,1,3,Route Du Sacre Coeur,-20.95698,55.31405
202300030130,9,11,2023,2025-12-05 18:40:00,3,91,91689,1,1,2,6,Rue Des Avernaises,48.736965,2.348422
202300030131,23,5,2023,2025-12-05 18:40:00,1,59,59512,2,9,1,6,Leclerc (Boulevard Du General),50.688046,3.176189
202300030132,23,5,2023,2025-12-05 13:50:00,1,976,97611,2,9,1,7,Passamanty-Sada ( Rue De ),-12.80251,45.21363
202300030133,8,2,2023,2025-12-05 13:25:00,1,13,13056,1,1,1,5,Rn 568,43.41317,5.01546
202300030134,6,4,2023,2025-12-05 13:40:00,1,974,97407,2,1,1,3,20 Decembre 1948(Avenue Du),-20.94226,55.29779
202300030135,11,11,2023,2025-12-05 12:20:00,1,91,91421,1,1,1,3,Nationale 6 (Partie Foret),48.69113,2.45369
202300030136,23,5,2023,2025-12-05 11:00:00,1,974,97416,1,1,1,6,Archambaud (Rue),-21.32637,55.48441
202300030137,3,3,2023,2025-12-05 12:50:00,1,13,13205,2,2,1,3,Baille (Boulevard),43.2883159,5.39275602
202300030138,14,4,2023,2025-12-05 13:00:00,1,972,97209,1,6,1,6,Rn9,14.59873,-61.0531
202300030139,11,11,2023,2025-12-05 16:55:00,1,91,91434,2,4,1,6,Escadrille Normandie Niemen (Avenue De L,48.648732,2.353318
202300030140,23,5,2023,2025-12-05 15:55:00,1,69,69388,2,1,1,6,10 Rue De L'Epargne,45.74173,4.86034
202300030141,3,3,2023,2025-12-05 10:55:00,1,13,13203,2,1,1,6,Placide Caffo (Place),43.31303,5.38486
202300030142,14,4,2023,2025-12-05 09:27:00,1,2B,2B120,2,1,1,3,Canale (Chemin De),42.64722,9.43343
202300030143,9,11,2023,2025-12-05 09:00:00,1,91,91027,2,3,1,6,Av Marcel Sembat,48.708222,2.380285
202300030144,23,5,2023,2025-12-05 08:50:00,1,69,69383,2,2,1,3,Avenue Felix Faure,45.75419,4.86396
202300030145,2,3,2023,2025-12-05 20:00:00,3,13,13206,2,1,1,6,Rome (Rue De),43.29028,5.3812
202300030146,13,4,2023,2025-12-05 11:15:00,1,2B,2B033,2,1,1,6,Vieux Port,42.69565,9.44985
202300030147,7,11,2023,2025-12-05 20:59:00,5,87,87085,2,1,1,2,Port Du Naveix (Rue Du),45.8294,1.26984
202300030148,3,3,2023,2025-12-05 09:10:00,1,13,13001,2,1,1,3,Rn 296,43.55184,5.42492
202300030149,23,5,2023,2025-12-05 15:30:00,1,972,97213,1,1,1,4,Route Nationale 1,14.63653,-60.9772
202300030150,14,4,2023,2025-12-05 17:50:00,1,2A,2A004,1,1,1,4,T20,41.93777,8.80381
202300030151,3,3,2023,2025-12-05 19:40:00,5,9,9122,2,9,1,6,Bouycheres (Cours),42.966344,1.60944
202300030152,11,11,2023,2025-12-05 09:50:00,1,86,86194,2,1,1,3,Route De Bonnes,46.58429,0.39378
202300030153,2,3,2023,2025-12-05 07:00:00,1,6,6027,2,3,1,6,Alpes Avenue Des,43.65992,7.13772
202300030154,11,4,2023,2025-12-05 15:20:00,1,95,95306,2,1,8,6,D106,49.00354955,2.1884197
202300030155,22,5,2023,2025-12-05 23:48:00,5,972,97213,1,2,1,3,Route Departementale 3 Bis,14.61762,-60.99525
202300030156,11,11,2023,2025-12-05 19:20:00,5,84,84087,2,2,1,1,Lyon (Route De),44.15228,4.8029
202300030157,3,3,2023,2025-12-05 20:20:00,5,75,75120,2,1,1,3,Bd Peripherique Interieur Porte De Montreuil,48.855447,2.413826
202300030158,14,4,2023,2025-12-05 22:55:00,5,91,91691,2,2,1,6,Sabliere(Rue),48.71835,2.50012
202300030159,23,5,2023,2025-12-05 15:30:00,1,972,97209,1,1,1,2,Autoroute (A1),14.61841,-61.03687
202300030160,11,11,2023,2025-12-05 12:20:00,1,84,84080,2,3,1,3,Avignon Boulevard D',44.0302,4.97915
202300030161,3,3,2023,2025-12-05 22:43:00,5,75,75114,2,2,1,3,Boulevard Brune,48.82612,2.312701
202300030162,12,4,2023,2025-12-05 16:15:00,1,91,91479,2,2,1,3,Av G Peri,48.707,2.36
202300030163,23,5,2023,2025-12-05 10:00:00,1,971,97101,1,1,1,4,Rn11,16.27168,-61.54797
202300030164,3,3,2023,2025-12-05 16:35:00,1,75,75119,2,7,1,6,Place Armand Carrel,48.88249268,2.38264114
202300030165,14,4,2023,2025-12-05 14:20:00,1,78,78172,2,6,2,3,Chimay (Cours De),48.988157,2.074285
202300030166,31,10,2023,2025-12-05 17:05:00,1,84,84007,1,2,1,4,Morieres (Route De ),43.94418,4.88284
202300030167,23,5,2023,2025-12-05 07:55:00,1,971,97101,2,3,1,6,Boulevard Des Heros,16.24982,-61.52369
202300030168,4,3,2023,2025-12-05 21:40:00,5,75,75117,2,2,1,3,Rue Guersant,48.88108,2.289708
202300030169,23,5,2023,2025-12-05 16:40:00,1,2A,2A004,2,1,1,2,Sartene Ancienne Route,41.92908,8.77026
202300030170,8,11,2023,2025-12-05 08:10:00,1,83,83126,2,3,1,6,Stalingrad (Bd),43.10615523,5.86689707
202300030171,3,3,2023,2025-12-05 12:10:00,1,75,75116,2,3,1,2,Rue Raynouard,48.855626,2.280927
202300030172,11,11,2023,2025-12-05 01:55:00,5,82,82042,2,3,8,6,Route De Molieres,44.23514,1.21235
202300030173,4,3,2023,2025-12-05 06:00:00,5,75,75114,2,3,1,6,Rue Vercingetorix,48.837345,2.319472
202300030174,8,11,2023,2025-12-05 21:00:00,3,82,82085,2,1,2,6,Route D'Auch,43.98433,1.29932
202300030175,4,3,2023,2025-12-05 02:15:00,5,75,75115,2,5,1,3,Avenue Du Maine,48.845094,2.320125
202300030176,23,5,2023,2025-12-05 15:30:00,1,91,91477,2,6,1,2,Motte Samson (Rue De La),48.71869,2.23148
202300030177,4,3,2023,2025-12-05 20:45:00,5,75,75112,2,2,1,6,Rue Du Faubourg Saint Antoine,48.850356,2.381391
202300030178,9,11,2023,2025-12-05 18:30:00,5,81,81065,2,1,2,2,De Gaulle Rd 612 (Av. Charles),43.6036,2.24877
202300030179,23,5,2023,2025-12-05 14:50:00,1,91,91114,2,2,1,3,Av Des Lilas,48.68231,2.4938
202300030180,4,3,2023,2025-12-05 19:00:00,5,75,75112,2,4,1,3,Rue Escoffier,48.82664908,2.39040077
202300030181,23,5,2023,2025-12-05 08:25:00,1,91,91114,2,1,1,7,Rue Ernest Gervaise,48.691877,2.489649
202300030182,3,3,2023,2025-12-05 22:40:00,5,75,75110,2,2,1,3,Rue La Fayette,48.87799,2.35211
202300030183,23,5,2023,2025-12-05 20:15:00,1,91,91589,2,1,1,3,Bd Aristide Briand,48.68136,2.34324
202300030184,9,11,2023,2025-12-05 18:50:00,5,77,77215,2,1,1,1,D350,48.73898512,2.7474761
202300030185,4,3,2023,2025-12-05 03:00:00,5,75,75108,2,2,1,2,Rue De Berri,48.8737,2.306513
202300030186,22,5,2023,2025-12-05 15:54:00,1,87,87085,2,1,1,2,Gambetta (Boulevard),45.82795,1.25741
202300030187,10,11,2023,2025-12-05 22:00:00,5,76,76540,2,2,2,6,Rue Jeanne D'Arc,49.44006,1.08932
202300030188,4,3,2023,2025-12-05 19:04:00,5,75,75107,2,5,1,6,Rue Saint Dominique,48.85766,2.30025
202300030189,23,5,2023,2025-12-05 07:50:00,1,83,83137,2,5,1,1,Loti (Ave Pierre),43.11458701,5.94525647
202300030190,4,3,2023,2025-12-05 21:30:00,5,75,75104,2,2,1,3,Boulevard Henri Iv,48.851203,2.362626
202300030191,11,11,2023,2025-12-05 18:45:00,5,73,73008,2,6,1,3,D1201 - Roosevelt Franklin Avenue,45.69695,5.90741
202300030192,23,5,2023,2025-12-05 09:50:00,1,83,83069,2,1,1,6,Briand (Avenue Aristide),43.120561,6.131226
202300030193,11,11,2023,2025-12-05 21:20:00,5,72,72181,2,9,1,3,Bollee (Av) Ndeg Imp 65 A 199,48.00182,0.20965
202300030194,4,3,2023,2025-12-05 13:14:00,1,75,75102,2,2,1,3,Rue Du Mail,48.867368,2.344005
202300030195,23,5,2023,2025-12-05 18:40:00,1,81,81004,2,6,1,3,Verdier (Francois),43.91905,2.12639
202300030196,5,11,2023,2025-12-05 13:20:00,1,72,72181,2,9,1,6,Jaures Jean (Av) Ndeg Imp 1 A 25,47.99372,0.20397
202300030197,3,3,2023,2025-12-05 19:45:00,5,75,75101,2,3,1,2,Boulevard De Sebastopol,48.862457,2.350516
202300030198,2,3,2023,2025-12-05 21:15:00,3,75,75102,2,2,1,3,Rue De Richelieu,48.868887,2.33854
202300030199,11,11,2023,2025-12-05 15:55:00,1,71,71306,2,3,2,3,Saint Eloi (Rue),46.6706261,4.35513278
202300030200,4,3,2023,2025-12-05 19:15:00,5,94,94068,2,1,1,6,Avenue Des Perdrix,48.78755,2.4951
202300030201,23,5,2023,2025-12-05 08:15:00,1,77,77464,2,1,1,6,Cornillot (Rue),48.88277,2.70796
202300030202,9,11,2023,2025-12-05 11:50:00,1,71,71270,2,1,3,3,Cassin (Avenue Rene),46.32959,4.82361
202300030203,4,3,2023,2025-12-05 21:00:00,5,94,94076,2,2,1,3,Boulevard Maxime Gorki,48.79599,2.36841
202300030204,22,5,2023,2025-12-05 13:30:00,1,76,76351,2,3,1,3,Bois Au Coq (Rue),49.5092,0.13485
202300030205,4,3,2023,2025-12-05 09:30:00,1,94,94021,2,6,1,3,Avenue Des Pepinere,48.76806,2.35275
202300030206,8,11,2023,2025-12-05 20:15:00,5,71,71076,2,2,1,3,Paris (Avenue De),46.79176,4.84963
202300030207,22,5,2023,2025-12-05 15:30:00,1,72,72181,2,1,1,6,Faroux Charles (Rue) Ndeg Imp,47.97385,0.22356
202300030208,3,3,2023,2025-12-05 19:30:00,5,94,94004,2,3,1,3,11 Avenue Charles De Gaulle,48.75136618,2.50296396
202300030209,9,11,2023,2025-12-05 09:30:00,1,69,69092,2,3,2,3,Avenue Du Beaujolais,45.99804078,4.70645724
202300030210,17,5,2023,2025-12-05 08:45:00,1,70,70550,2,9,1,3,Branly (Rue Edouard),47.641414,6.172275
202300030211,4,3,2023,2025-12-05 17:13:00,1,93,93051,2,1,1,5,Route De Neuilly,48.85132,2.53424
202300030212,4,3,2023,2025-12-05 02:25:00,5,93,93046,2,1,1,6,Avenue Aristide Briand,48.91312,2.523729
202300030213,22,5,2023,2025-12-05 12:10:00,1,69,69259,2,3,1,6,Rue Chene Velin,45.71803329,4.87207906
202300030214,11,11,2023,2025-12-05 11:04:00,1,69,69029,2,3,1,3,Avenue Pierre Allard,45.73888,4.91036
202300030215,4,3,2023,2025-12-05 13:30:00,1,93,93007,2,1,1,2,Avenue Paul Vaillant Couturier,48.92914195,2.47888416
202300030216,22,5,2023,2025-12-05 17:15:00,1,65,65286,2,1,1,6,19 Avenue Alexandre Marqui,43.10244,-0.0434
202300030217,9,11,2023,2025-12-05 13:40:00,1,69,69259,2,1,2,6,Rue Joannes Vallet,45.71074,4.88539
202300030218,4,3,2023,2025-12-05 14:50:00,1,92,92063,2,1,1,6,Dahlias (Rue Des),48.86026753,2.18534678
202300030219,4,3,2023,2025-12-05 21:15:00,5,92,92044,2,1,1,2,Charles Pasqua(Quai) 2 A 30,48.89718,2.27441
202300030220,9,11,2023,2025-12-05 12:40:00,1,68,68224,2,1,2,1,Alger (Quai D'),47.74498,7.34661
202300030221,22,5,2023,2025-12-05 17:00:00,1,64,64483,2,2,8,3,Ascain (Route D'),43.375,-1.638
202300030222,4,3,2023,2025-12-05 06:40:00,5,92,92025,2,1,1,1,Eugene Besancon (Rue),48.916448,2.24597
202300030223,9,11,2023,2025-12-05 22:25:00,5,67,67482,2,8,3,1,Montagne Verte (Rue De La),48.57196,7.72437
202300030224,23,5,2023,2025-12-05 09:25:00,1,64,64445,2,1,1,4,Alfred Nobel,43.31579,-0.31409
202300030225,5,3,2023,2025-12-05 17:40:00,2,1,1004,2,3,1,3,Avenue Du General Sarrail,45.955685,5.334576
202300030226,5,3,2023,2025-12-05 08:30:00,1,18,18233,2,1,1,6,Avenue De Verdun,47.343672,2.858221
202300030227,9,11,2023,2025-12-05 16:08:00,1,67,67482,2,3,8,3,Marne (Boulevard De La),48.58568,7.77523
202300030228,22,5,2023,2025-12-05 18:55:00,1,59,59512,2,1,1,3,Strasbourg (Boulevard De),50.69646,3.18667
202300030229,3,3,2023,2025-12-05 13:35:00,1,84,84069,1,1,1,7,D242,44.210056,5.172827
202300030230,28,2,2023,2025-12-05 12:50:00,1,974,97422,2,6,1,3,Rue Pierre Rivals,-21.240542,55.528078
202300030231,8,11,2023,2025-12-05 15:30:00,1,66,66136,2,6,1,5,Adresse_Inconnue,42.67425,2.8883
202300030232,4,3,2023,2025-12-05 21:25:00,5,974,97422,2,3,1,3,466 Rue Hubert Delisle,-21.266128,55.508898
202300030233,23,5,2023,2025-12-05 17:55:00,1,58,58194,2,3,1,3,Rue Albert Camus,46.991674,3.128767
202300030234,11,11,2023,2025-12-05 19:00:00,5,64,64445,2,2,2,1,Tourasse,43.31129,-0.35642
202300030235,23,5,2023,2025-12-05 14:28:00,1,57,57631,2,9,1,3,Rabelais  A3-A4,49.10604,7.060572
202300030236,3,3,2023,2025-12-05 17:58:00,1,22,22246,1,1,1,5,Rn12,48.47682,-2.60696
202300030237,9,11,2023,2025-12-05 20:16:00,5,64,64348,2,2,1,3,Jean Mermoz,43.32091474,-0.37905782
202300030238,4,3,2023,2025-12-05 21:05:00,3,26,26216,1,1,1,1,Route De Saint Uze,45.18744,4.890863
202300030239,19,5,2023,2025-12-05 07:15:00,1,57,57019,1,1,1,7,Cd8,49.26145,6.12639
202300030240,9,11,2023,2025-12-05 07:37:00,2,64,64284,2,1,1,4,Adresse_Inconnue,43.26777141,-0.38945407
202300030241,5,3,2023,2025-12-05 03:00:00,4,42,42032,2,1,1,3,Rue Du Marche,45.523127,4.543254
202300030242,22,5,2023,2025-12-05 18:25:00,1,57,57227,2,4,3,6,Pensees (Les),49.17770346,6.88526809
202300030243,8,11,2023,2025-12-05 18:30:00,3,64,64230,2,1,1,2,Route De Pau,43.25246932,-0.38926482
202300030244,5,3,2023,2025-12-05 02:25:00,3,42,42032,1,1,1,6,Route Des Etangs,45.522721,4.54937
202300030245,2,3,2023,2025-12-05 19:00:00,3,30,30135,1,1,1,1,Route Departementale 999,43.831419,4.576196
202300030246,11,11,2023,2025-12-05 21:10:00,5,64,64102,2,1,3,6,Aritxague (Bd D'),43.47355,-1.48961
202300030247,22,5,2023,2025-12-05 08:00:00,1,54,54578,2,1,1,3,Boulevard Du Docteur Cattenoz,48.67458097,6.1588186
202300030248,11,11,2023,2025-12-05 09:30:00,1,64,64102,2,1,2,1,Moulin De Habas (Chemin Du),43.51017,-1.44978
202300030249,5,3,2023,2025-12-05 14:13:00,1,56,56211,1,1,1,5,17 Beauroc,47.774177,-2.316826
202300030250,23,5,2023,2025-12-05 20:55:00,1,53,53130,2,1,1,3,Boudet ( Quai Paul ),48.06661,-0.7673
202300030251,8,11,2023,2025-12-05 18:40:00,5,64,64024,2,1,2,7,Bahinos (Route De),43.49132,-1.51704
202300030252,12,2,2023,2025-12-05 13:40:00,1,56,56193,1,9,1,3,26 Groach Carnec,47.709071,-3.278423
202300030253,23,5,2023,2025-12-05 16:44:00,1,51,51454,2,1,1,6,Rue De Courcelles,49.26023024,4.01964024
202300030254,23,5,2023,2025-12-05 05:30:00,5,51,51454,2,1,1,7,Place Drouet D'Erlon,49.25650976,4.02636856
202300030255,8,11,2023,2025-12-05 17:00:00,2,62,62525,2,2,2,3,Rue De La Liberation,50.74129,2.26157
202300030256,3,3,2023,2025-12-05 17:00:00,1,78,78565,1,2,1,5,D11,48.889439,1.722547
202300030257,16,2,2023,2025-12-05 17:50:00,1,79,79202,2,6,1,6,Adresse_Inconnue,46.637669,-0.265136
202300030258,8,11,2023,2025-12-05 15:20:00,1,62,62765,2,1,3,6,Boulevard Vauban,50.74757,2.25071
202300030259,22,5,2023,2025-12-05 17:55:00,1,51,51058,2,2,1,3,Rue Romain Rolland,49.2194,3.99955
202300030260,3,3,2023,2025-12-05 18:10:00,1,61,61140,1,1,1,1,Rd 918,48.71852,0.65972
202300030261,9,11,2023,2025-12-05 10:00:00,1,62,62737,2,1,1,2,D937,50.44675,2.69107
202300030262,5,3,2023,2025-12-05 14:55:00,1,34,34150,1,1,1,7,D51,43.350336,3.51172
202300030263,19,5,2023,2025-12-05 18:50:00,1,50,50129,2,1,1,3,Paris (Avenue De),49.62862,-1.61816
202300030264,10,11,2023,2025-12-05 16:55:00,1,62,62215,2,1,1,6,Rue Cyprien Quinet,50.49145,2.97151
202300030265,4,3,2023,2025-12-05 06:45:00,2,34,34147,1,1,1,2,D909,43.455878,3.207514
202300030266,23,5,2023,2025-12-05 14:30:00,1,49,49328,2,1,1,3,Pompidou (Avenue Georges),47.26478119,-0.09849072
202300030267,6,11,2023,2025-12-05 02:10:00,4,62,62510,1,1,3,6,D58,50.42186114,2.79985294
202300030268,24,2,2023,2025-12-05 08:45:00,1,34,34130,1,1,1,5,D909,43.522149,3.18839
202300030269,16,11,2023,2025-12-05 16:50:00,2,62,62160,2,1,2,6,Rue De Saint-Omer,50.72663,1.62126
202300030270,23,5,2023,2025-12-05 13:30:00,1,49,49099,2,1,1,1,Rontardiere (Boulevard De La),47.06128,-0.84814
202300030271,2,10,2023,2025-12-05 12:15:00,1,62,62119,2,1,1,6,Rue Fernand Bar,50.53301224,2.6350995
202300030272,5,3,2023,2025-12-05 03:02:00,4,68,68290,2,6,1,6,2 Rue De Hirtzfelden,47.941099,7.463702
202300030273,23,5,2023,2025-12-05 10:45:00,1,43,43157,2,1,1,4,Rue Salvador Allende,45.025898,3.881712
202300030274,9,11,2023,2025-12-05 17:25:00,5,62,62041,2,1,3,2,Boulevard Robert Schuman,50.2973,2.77989
202300030275,17,5,2023,2025-12-05 19:20:00,1,42,42237,1,1,1,2,N88,45.4404,4.45566
202300030276,5,3,2023,2025-12-05 14:45:00,1,35,35078,2,1,8,7,Rue De La Plage,48.606433,-1.707875
202300030277,22,5,2023,2025-12-05 11:40:00,1,42,42218,2,1,1,6,Rue Pierre Blachon,45.42724,4.40499
202300030278,5,3,2023,2025-12-05 19:00:00,2,31,31579,1,1,1,7,Route De Toulouse,43.736841,1.491029
202300030279,27,10,2023,2025-12-05 17:08:00,1,61,61006,2,1,2,6,D958,48.75045,-0.02971
202300030280,23,5,2023,2025-12-05 18:15:00,1,38,38053,2,3,1,3,Pre Benit (Ave De),45.58973,5.2844
202300030281,4,3,2023,2025-12-05 19:40:00,3,2,2656,1,1,1,1,Adresse_Inconnue,49.367277,3.81408
202300030282,9,11,2023,2025-12-05 18:30:00,5,60,60057,2,7,1,3,Boulevard De L'Assaut,49.43513,2.08814
202300030283,23,5,2023,2025-12-05 19:40:00,1,33,33318,2,1,1,6,Avenue De La Forge,44.80191,-0.64545
202300030284,4,3,2023,2025-12-05 16:15:00,1,2,2158,1,6,1,3,Adresse_Inconnue,49.468567,3.665174
202300030285,22,5,2023,2025-12-05 08:45:00,1,33,33281,2,1,1,6,Avenue Des Eyquems,44.82685,-0.6159
202300030286,9,11,2023,2025-12-05 14:00:00,1,60,60057,2,2,1,3,Rue Des Cheminots,49.42353136,2.10074367
202300030287,4,3,2023,2025-12-05 23:25:00,3,15,15045,1,1,1,6,Rd 921,44.864056,3.010946
202300030288,11,11,2023,2025-12-05 05:20:00,5,59,59352,2,2,2,6,Bousbecque (Rue De),50.74131,3.07996
202300030289,23,5,2023,2025-12-05 18:31:00,1,31,31555,2,1,1,3,Muret (Av De) Du 1Au 134,43.58356,1.42706
202300030290,5,3,2023,2025-12-05 15:00:00,1,70,70219,1,1,1,2,D9,47.53847,6.359196
202300030291,22,5,2023,2025-12-05 19:55:00,1,29,29019,2,1,1,1,Rampe Du Vieux Kerveguen,48.394459,-4.445881
202300030292,8,11,2023,2025-12-05 18:30:00,5,59,59512,2,4,3,3,Tuilerie (Rue De La),50.68981,3.17914
202300030293,5,3,2023,2025-12-05 10:40:00,1,6,6079,1,1,1,1,Boulevard Des Termes,43.545931,6.925565
202300030294,22,5,2023,2025-12-05 17:00:00,1,27,27701,1,1,1,2,D6154,49.24798,1.18537
202300030295,9,11,2023,2025-12-05 16:00:00,1,59,59350,2,2,2,6,Bonte Auguste Rue,50.64459,3.01348
202300030296,5,3,2023,2025-12-05 06:30:00,5,64,64399,1,1,1,6,D834,43.354501,-0.37995
202300030297,9,11,2023,2025-12-05 13:45:00,1,59,59350,2,1,8,6,Faubourg Des Postes Rue,50.61304,3.04705
202300030298,5,3,2023,2025-12-05 14:30:00,1,36,36058,1,1,1,7,D951,46.60485667,0.98637846
202300030299,22,5,2023,2025-12-05 22:20:00,4,25,25388,2,2,1,3,Gauguin (Rue Paul),47.49701,6.79184
202300030300,3,3,2023,2025-12-05 20:10:00,2,85,85102,1,1,1,3,49 Route De Palluau,46.81075,-1.639303
202300030301,11,11,2023,2025-12-05 09:50:00,1,56,56162,2,1,1,6,Eglise (Place De L'),47.73671,-3.42729
202300030302,20,5,2023,2025-12-05 00:15:00,3,24,24053,1,1,1,1,Resistance (Avenue),45.17747,0.76518
202300030303,5,3,2023,2025-12-05 12:50:00,1,30,30184,1,1,1,6,Adresse_Inconnue,43.982536,4.237177
202300030304,22,5,2023,2025-12-05 13:38:00,1,15,15014,2,1,3,6,Tronquieres (Avenue De),44.90668,2.42861
202300030305,9,11,2023,2025-12-05 08:20:00,1,56,56083,2,6,8,3,Parco ( R-P Du ),47.79252,-3.26561
202300030306,4,3,2023,2025-12-05 16:10:00,1,987,98738,1,3,1,3,Rt1 Pk 16 Face En Chemin D'Acces A La Residence Te Maruata,-17.618,-149.549
202300030307,8,11,2023,2025-12-05 14:20:00,1,56,56121,2,1,1,6,Mendes France ( Bd Pierre ),47.76552,-3.39417
202300030308,5,3,2023,2025-12-05 13:00:00,1,6,6152,1,1,1,7,4174 Route Du Parc,43.616324,7.03942
202300030309,23,5,2023,2025-12-05 15:10:00,1,13,13206,2,2,1,5,Rome (Rue De),43.28937612,5.38167197
202300030310,27,2,2023,2025-12-05 22:00:00,3,66,66195,1,1,6,6,N116,42.689518,2.823894
202300030311,10,11,2023,2025-12-05 19:00:00,5,54,54167,2,1,3,4,Avenue Du Marechal Foch,48.67146,5.89753
202300030312,4,3,2023,2025-12-05 20:50:00,3,58,58238,1,1,1,7,Route De Chaluzy,47.009201,3.212492
202300030313,23,5,2023,2025-12-05 12:00:00,1,11,11069,2,1,1,3,87 Rue De La Liberte,43.21573,2.34857
202300030314,8,11,2023,2025-12-05 08:30:00,2,54,54547,2,1,1,6,Avenue Du General Leclerc,48.66689356,6.16652191
202300030315,23,5,2023,2025-12-05 15:40:00,1,6,6088,2,1,1,6,Fabron (Av. De) (A Partir Du Ndeg 79),43.688441,7.227529
202300030316,5,3,2023,2025-12-05 03:15:00,4,34,34095,1,1,1,2,A9,43.51477,3.747518
202300030317,11,11,2023,2025-12-05 10:35:00,1,54,54321,1,1,1,1,Rue Ernest Hemingway,49.5366,5.79995
202300030318,23,5,2023,2025-12-05 06:45:00,1,6,6027,2,1,1,6,Plage Boulevard De La,43.65149,7.153353
202300030319,5,3,2023,2025-12-05 07:20:00,2,11,11262,1,1,1,2,A9,43.174137,3.02772
202300030320,23,5,2023,2025-12-05 19:30:00,1,3,3101,1,1,1,6,Rn 145,46.33968,2.5363
202300030321,9,11,2023,2025-12-05 16:26:00,2,54,54254,1,3,2,3,D196,49.49229011,5.81161469
202300030322,5,3,2023,2025-12-05 06:45:00,3,51,51242,1,1,1,3,A26,48.93510277,4.28531487
202300030323,23,5,2023,2025-12-05 18:40:00,1,2,2408,2,3,1,3,98 Avenue Pierre Mendes-France,49.5783,3.6406
202300030324,25,2,2023,2025-12-05 12:30:00,1,987,98714,1,1,1,1,Anau  - Montee Du Cet,-16.388,-151.765
202300030325,11,11,2023,2025-12-05 15:00:00,1,51,51454,2,2,8,3,Chaillot (Rue),49.28724,4.02647
202300030326,4,3,2023,2025-12-05 16:13:00,1,974,97412,2,1,1,2,62 Rue Raphael Babet,-21.381112,55.612236
202300030327,23,5,2023,2025-12-05 15:00:00,1,75,75120,2,3,1,3,Rue De Bagnolet,48.858381,2.400674
202300030328,9,11,2023,2025-12-05 08:30:00,1,51,51573,2,1,2,2,Grande Rue,49.25319,3.98871
202300030329,4,3,2023,2025-12-05 14:30:00,1,978,97801,2,1,1,3,R Charles Tondu,18.06117,-63.094633
202300030330,23,5,2023,2025-12-05 10:15:00,1,75,75120,2,3,1,2,Rue Levert,48.873599,2.390369
202300030331,9,11,2023,2025-12-05 07:40:00,2,51,51454,2,2,2,1,Paix (Boulevard De La),49.25155,4.04194