num_acc,jour,mois,an,hrmn,lum,dep,com,agg,int,atm,col,adr,lat,long
202300030332,4,3,2023,2025-12-05 18:35:00,2,91,91038,2,9,1,3,84 Chemin Du Guette-Lievre,48.491436,2.221863
202300030333,11,11,2023,2025-12-05 02:02:00,5,50,50502,2,1,1,6,Torigni,49.10738,-1.07075
202300030334,23,5,2023,2025-12-05 06:40:00,1,75,75120,2,9,1,2,Boulevard Davout,48.85474,2.410258
202300030335,5,3,2023,2025-12-05 12:40:00,1,66,66138,2,4,1,1,11 Boulevard National,42.754954,2.853672
202300030336,8,11,2023,2025-12-05 12:15:00,1,50,50129,2,1,2,3,Poincare (Avenue Henri),49.62995,-1.60466
202300030337,23,5,2023,2025-12-05 06:50:00,1,75,75120,2,3,2,6,Boulevard Davout,48.854072,2.410705
202300030338,4,3,2023,2025-12-05 18:20:00,1,73,73015,2,1,1,6,Route Des Chalets,45.39851,6.572635
202300030339,9,11,2023,2025-12-05 04:10:00,5,50,50129,2,1,1,2,Lemonnier (Avenue Amiral),49.63368,-1.60638
202300030340,23,5,2023,2025-12-05 20:06:00,1,75,75117,2,2,1,6,Rue Legendre,48.889112,2.322723
202300030341,4,3,2023,2025-12-05 22:00:00,4,7,7059,1,1,1,1,Rd 86,44.992074,4.846752
202300030342,11,11,2023,2025-12-05 19:13:00,5,49,49353,2,2,1,2,Jean Jaures Rue,47.4437,-0.49817
202300030343,5,3,2023,2025-12-05 04:50:00,4,69,69177,1,6,9,6,Route De Sain Bel,45.800144,4.635082
202300030344,23,5,2023,2025-12-05 10:30:00,1,75,75117,2,4,1,3,Avenue De Wagram,48.881552,2.300692
202300030345,5,3,2023,2025-12-05 03:40:00,3,33,33539,1,1,1,6,N89,44.880338,-0.306941
202300030346,23,5,2023,2025-12-05 12:45:00,1,75,75116,2,2,8,6,Avenue Mozart,48.854679,2.269366
202300030347,11,11,2023,2025-12-05 15:50:00,1,49,49007,2,2,1,1,Daviers Boulevard,47.47855,-0.55608
202300030348,26,2,2023,2025-12-05 18:15:00,1,33,33474,1,1,1,6,Rue De Lescourejolles,44.662163,-0.460846
202300030349,11,11,2023,2025-12-05 01:55:00,4,49,49007,2,1,1,2,Gardot,47.46818,-0.53351
202300030350,23,5,2023,2025-12-05 19:40:00,1,75,75107,2,1,1,6,Quai Branly,48.861528,2.297521
202300030351,5,3,2023,2025-12-05 16:15:00,1,33,33233,1,1,1,6,Piste Dfci N29,45.081476,-0.343344
202300030352,9,11,2023,2025-12-05 04:43:00,4,49,49007,2,1,2,3,Industrie Boulevard,47.4929,-0.5222
202300030353,14,12,2023,2025-12-05 19:40:00,5,76,76481,1,6,1,2,Rd 940,49.55498,0.11149
202300030354,23,5,2023,2025-12-05 09:30:00,1,94,94042,2,1,1,7,Avenue Des Canadiens,48.81937503,2.46355712
202300030355,4,3,2023,2025-12-05 13:10:00,1,22,22035,1,2,1,1,Le Perroquet Vert,48.444835,-1.97534
202300030356,8,11,2023,2025-12-05 18:15:00,5,49,49007,2,1,2,5,Faure Quai,47.47224,-0.5584
202300030357,14,12,2023,2025-12-05 19:30:00,5,76,76351,2,1,2,6,Jean Maurel (Rue),49.48889,0.12498
202300030358,23,5,2023,2025-12-05 17:10:00,1,94,94003,2,9,1,6,Avenue Laplace,48.8099,2.3273
202300030359,5,3,2023,2025-12-05 03:40:00,5,62,62443,1,1,1,6,D301,50.444629,2.633481
202300030360,14,12,2023,2025-12-05 17:35:00,5,76,76351,2,1,2,6,Pierre Farcis,49.51702,0.09958
202300030361,8,11,2023,2025-12-05 12:15:00,1,49,49007,2,2,8,2,Saint Jacques,47.47384,-0.57549
202300030362,23,5,2023,2025-12-05 20:45:00,1,94,94041,2,3,1,6,Avenue Georges Gosnat /  Rue Marat,48.81129927,2.38411897
202300030363,15,12,2023,2025-12-05 07:05:00,3,73,73011,1,1,1,2,N90,45.66262672,6.40528947
202300030364,11,11,2023,2025-12-05 05:45:00,5,45,45075,2,1,1,3,D2152 Pr 65 + 190,47.88859017,1.83437526
202300030365,3,3,2023,2025-12-05 02:45:00,3,83,83126,1,1,1,7,A50,43.11997155,5.85327311
202300030366,23,5,2023,2025-12-05 08:33:00,1,94,94065,2,1,1,6,Avenue De La Gare,48.74019943,2.35357486
202300030367,14,12,2023,2025-12-05 18:10:00,1,71,71306,2,1,1,7,64 Avenue Marechal Leclerc,46.67982878,4.36758846
202300030368,9,11,2023,2025-12-05 08:25:00,1,45,45234,2,1,1,6,48 Rue Des Montees,47.872117,1.920652
202300030369,14,12,2023,2025-12-05 16:50:00,1,71,71306,2,1,1,6,Parking De La Mairie,46.67435086,4.36257541
202300030370,23,5,2023,2025-12-05 18:01:00,1,94,94022,2,3,1,3,Avenue De La Folie / Rue Bernard Palissy,48.77199,2.41824
202300030371,8,11,2023,2025-12-05 15:30:00,1,45,45232,2,1,1,7,D2020 Pr 35 + 345,47.85035,1.91146
202300030372,11,11,2023,2025-12-05 19:20:00,5,44,44109,2,6,2,3,Place Victor Mangin,47.20083554,-1.5444967
202300030373,15,12,2023,2025-12-05 18:30:00,5,69,69282,1,3,1,4,Rue De La Republique,45.76046,5.03089
202300030374,22,5,2023,2025-12-05 11:45:00,1,94,94018,2,3,1,3,84 Rue De Paris,48.82305,2.41133
202300030375,9,11,2023,2025-12-05 20:20:00,5,44,44162,2,1,2,6,Boulevard Salvador Allende,47.22223,-1.63869
202300030376,15,12,2023,2025-12-05 11:35:00,1,69,69290,2,2,1,2,Boulevard De La Porte Des Alpes,45.7151,4.92561
202300030377,23,5,2023,2025-12-05 13:00:00,1,93,93064,2,2,1,2,Rue De Rosny / Boulevard Theophile Sueur,48.8710314,2.4709298
202300030378,28,10,2023,2025-12-05 19:45:00,2,40,40279,1,1,1,5,Cd 129 - Route De Mont De Marsan,43.7216,-1.0388
202300030379,15,12,2023,2025-12-05 21:39:00,5,67,67482,2,3,1,3,Abbe Lemire (Rue De L ),48.57626,7.72681
202300030380,23,5,2023,2025-12-05 09:05:00,1,93,93048,2,1,8,3,Rue Franklin,48.86324,2.44407
202300030381,9,11,2023,2025-12-05 21:25:00,5,37,37261,2,2,2,2,Europe (Avenue De L'),47.4229,0.68568
202300030382,15,12,2023,2025-12-05 07:00:00,5,67,67482,2,4,1,3,Bordeaux (Place De),48.59354,7.75853
202300030383,23,5,2023,2025-12-05 12:00:00,1,93,93046,2,1,1,3,Av Du Consul General Nordling,48.91821,2.53571
202300030384,9,11,2023,2025-12-05 18:00:00,5,37,37261,2,2,8,3,Vaillant (Rue Edouard),47.38695,0.69822
202300030385,15,12,2023,2025-12-05 14:15:00,1,67,67180,2,9,8,6,Wissembourg (Av. De),48.82759,7.79402
202300030386,23,5,2023,2025-12-05 10:40:00,1,93,93005,2,1,1,1,Av I Et Frederic Joliot Curie,48.92918771,2.51238846
202300030387,9,11,2023,2025-12-05 16:00:00,1,37,37261,2,3,8,3,Grammont (Avenue De),47.38256763,0.6921038
202300030388,15,12,2023,2025-12-05 16:30:00,1,66,66136,2,1,1,6,Av Georges Et Claude Caustier,42.68988,2.85981
202300030389,22,5,2023,2025-12-05 15:05:00,1,92,92072,2,9,1,2,Troyon (Rue),48.82658,2.22654
202300030390,16,12,2023,2025-12-05 01:40:00,5,64,64140,2,2,1,6,Duvert (Rue Rene),43.52268,-1.48939
202300030391,9,11,2023,2025-12-05 12:35:00,1,37,37208,2,4,8,2,Pompidou (Avenue Georges),47.37188593,0.71603179
202300030392,22,5,2023,2025-12-05 01:20:00,5,92,92072,2,3,1,3,Grande Rue,48.82644,2.21926
202300030393,15,12,2023,2025-12-05 19:00:00,5,63,63113,2,2,2,3,Kessler (Rue),45.76956,3.08731
202300030394,9,11,2023,2025-12-05 09:22:00,1,37,37122,2,3,8,3,Chinon (Boulevard De),47.35403,0.69387
202300030395,23,5,2023,2025-12-05 08:55:00,1,92,92063,2,1,1,1,Richelieu (Boulevard),48.8721745,2.18297392
202300030396,9,11,2023,2025-12-05 07:55:00,1,37,37195,2,6,8,3,Moulin (Rue Jean),47.38480323,0.65418005
202300030397,15,12,2023,2025-12-05 17:40:00,3,62,62842,1,9,1,4,Rn47,50.46237529,2.83096218
202300030398,23,5,2023,2025-12-05 18:20:00,1,92,92044,2,3,1,3,Geo.Pompidou(Ave) 21+ Et 22+,48.89812622,2.2801432
202300030399,9,11,2023,2025-12-05 07:35:00,2,37,37261,2,6,8,3,Saint-Sauveur (Rond Point),47.37348,0.67865
202300030400,12,12,2023,2025-12-05 16:00:00,1,62,62624,1,9,1,6,Avenue De La Republique,50.41540886,2.98103499
202300030401,8,11,2023,2025-12-05 18:33:00,3,37,37122,1,1,8,6,Rd 37,47.36625,0.65284
202300030402,10,11,2023,2025-12-05 01:15:00,5,60,60057,2,1,1,6,Rue Du Pont D'Arcole,49.42463,2.09853
202300030403,8,11,2023,2025-12-05 12:38:00,1,36,36044,2,1,1,6,Boulevard Des Marins,46.8067,1.68041
202300030404,15,12,2023,2025-12-05 16:40:00,1,59,59152,2,1,8,2,Hurlupin (Rue D'),50.76351,3.01048
202300030405,23,5,2023,2025-12-05 08:10:00,1,92,92044,2,1,1,2,Charles Pasqua (Quai) 58 A90,48.90118384,2.28516161
202300030406,9,11,2023,2025-12-05 15:00:00,1,35,35238,1,1,1,4,N136,48.1367,-1.70342
202300030407,15,12,2023,2025-12-05 23:10:00,5,59,59299,2,2,1,1,Clemenceau (Boulevard),50.66041,3.18461
202300030408,14,12,2023,2025-12-05 15:35:00,1,57,57672,2,1,1,6,Republique (Place De La),49.355829,6.16354
202300030409,23,5,2023,2025-12-05 15:25:00,1,92,92040,2,1,1,7,Maurice Mallet,48.82989805,2.2661975
202300030410,9,11,2023,2025-12-05 09:55:00,1,35,35238,2,2,1,3,Patton (Avenue Du General Sir Georges),48.12857,-1.66423
202300030411,14,12,2023,2025-12-05 19:10:00,5,57,57631,2,1,1,6,Montagne (Rue De La),49.10666,7.06005
202300030412,23,5,2023,2025-12-05 11:10:00,1,92,92025,2,1,1,1,Gabriel Peri (Rue),48.918231,2.238889
202300030413,11,11,2023,2025-12-05 06:20:00,3,34,34129,1,1,1,2,Palavas D986 (Route De),43.571,3.89612
202300030414,14,12,2023,2025-12-05 19:46:00,5,49,49007,2,1,2,6,Birge Boulevard,47.47664,-0.52054
202300030415,8,11,2023,2025-12-05 01:15:00,5,33,33063,2,1,1,2,Quai De La Souys,44.83146,-0.546
202300030416,14,12,2023,2025-12-05 08:00:00,5,49,49007,2,1,1,7,Dailliere,47.46443,-0.546
202300030417,10,11,2023,2025-12-05 23:16:00,4,31,31555,1,1,1,1,Va007333 La Faourette A620 Sortie 26,43.57021,1.41264
202300030418,14,12,2023,2025-12-05 15:00:00,1,49,49015,2,1,8,1,Meignanne Route De La,47.503366,-0.632263
202300030419,8,11,2023,2025-12-05 08:47:00,1,31,31555,2,1,1,3,All De Barcelone,43.60914,1.42375
202300030420,9,11,2023,2025-12-05 22:00:00,3,31,31483,1,1,1,6,Route De La Serre De Cazaux,43.133995,0.726066
202300030421,15,12,2023,2025-12-05 23:40:00,5,47,47001,2,2,1,3,Scaliger (Boulevard),44.20729,0.61544
202300030422,22,5,2023,2025-12-05 21:46:00,5,92,92012,2,1,1,7,Georges Gorse (Quai),48.82547,2.23427
202300030423,9,11,2023,2025-12-05 17:00:00,1,31,31483,2,1,1,2,Francois Mitterand ( Avenue),43.1118,0.7435
202300030424,15,12,2023,2025-12-05 09:00:00,1,45,45234,2,3,8,6,1 Rue Du Commandant Arago,47.90703,1.8999
202300030425,23,5,2023,2025-12-05 08:55:00,1,92,92009,2,1,1,6,General Leclerc ( Rue Du ),48.916278,2.26758
202300030426,9,11,2023,2025-12-05 17:22:00,3,29,29232,1,1,3,7,Rd 365 - Avenue Du Morbihan,47.97849253,-4.0478843
202300030427,14,12,2023,2025-12-05 17:20:00,5,37,37261,2,1,2,6,De Gaulle (Avenue Du General),47.38145,0.70263
202300030428,23,5,2023,2025-12-05 15:20:00,1,60,60122,1,1,1,7,D107,49.610529,1.776588
202300030429,9,11,2023,2025-12-05 15:24:00,1,29,29039,2,1,2,6,Rue Amiral Courbet,47.87214,-3.92281
202300030430,15,12,2023,2025-12-05 18:30:00,3,35,35238,1,1,1,2,Rn136,48.10978,-1.71777
202300030431,8,11,2023,2025-12-05 07:20:00,5,29,29019,2,6,2,3,Rue Emile Rousse,48.385326,-4.528253
202300030432,14,12,2023,2025-12-05 07:45:00,5,35,35238,2,6,1,3,Villebois Mareuil (Bd),48.10378,-1.64992
202300030433,18,5,2023,2025-12-05 16:50:00,1,47,47091,1,1,1,7,Rocade D?Estillac,44.180019,0.573043
202300030434,9,11,2023,2025-12-05 08:10:00,1,28,28134,2,2,1,3,Biche (Rue De La),48.72976,1.37499
202300030435,15,12,2023,2025-12-05 05:02:00,3,35,35278,2,1,2,3,Rn136,48.140945,-1.686458
202300030436,9,11,2023,2025-12-05 16:35:00,1,27,27701,2,1,1,6,Parc (Ch. Du) Falaises A Lacs,49.27202,1.21238
202300030437,23,5,2023,2025-12-05 13:30:00,1,34,34148,1,1,1,1,Chemin De Tabarka,43.369119,3.172431
202300030438,13,12,2023,2025-12-05 18:20:00,5,35,35150,2,6,8,3,La Pilais,48.351628,-1.235125
202300030439,9,11,2023,2025-12-05 19:35:00,5,26,26362,2,1,2,6,Avenue Victor Hugo,44.90842,4.88364
202300030440,23,5,2023,2025-12-05 16:15:00,1,86,86096,1,1,1,1,D20,46.821783,0.318809
202300030441,14,12,2023,2025-12-05 19:10:00,5,34,34003,2,6,1,3,Monaco (F16 A G15,43.311,3.478
202300030442,8,11,2023,2025-12-05 21:07:00,3,26,26058,1,1,1,7,Route Nationale 7,44.96978686,4.8853699
202300030443,15,12,2023,2025-12-05 07:15:00,2,31,31149,2,1,2,6,Allende (Avenue Salvador),43.605842,1.324908
202300030444,11,11,2023,2025-12-05 21:35:00,3,25,25056,2,1,2,6,Rn 1057 (Route De Gray-Ch.Epitaphe),47.25137,5.9853
202300030445,14,12,2023,2025-12-05 17:55:00,5,31,31555,2,1,1,3,Av De Lardenne,43.592562,1.402101
202300030446,9,11,2023,2025-12-05 19:50:00,5,22,22278,2,3,2,2,Rostand (Edmond),48.51655934,-2.73487151
202300030447,24,5,2023,2025-12-05 14:26:00,1,11,11148,1,9,1,3,A61,43.16909,2.707486
202300030448,10,11,2023,2025-12-05 16:25:00,1,17,17415,2,1,2,2,Cote De Beaute Rue De La,45.748979,-0.6686
202300030449,15,12,2023,2025-12-05 13:30:00,1,30,30028,2,1,1,1,Robert Gourdon (Avenue),44.1656,4.62564
202300030450,9,11,2023,2025-12-05 18:50:00,3,17,17415,2,6,2,3,Berthelot Rue Marcelin,45.74098,-0.62231
202300030451,14,12,2023,2025-12-05 12:12:00,1,29,29019,2,6,2,3,Rue Du Valy-Hir,48.385273,-4.528777
202300030452,24,5,2023,2025-12-05 11:10:00,1,84,84069,1,1,1,3,Route De Veaux,44.192021,5.141344
202300030453,9,11,2023,2025-12-05 22:53:00,5,17,17300,2,1,2,2,Noue   Rue De La,46.16162,-1.1553
202300030454,14,12,2023,2025-12-05 09:00:00,1,29,29019,2,3,2,1,Boulevard Montaigne,48.4017,-4.48306
202300030455,9,11,2023,2025-12-05 13:10:00,1,15,15014,2,1,2,2,6 Rue Du President Delzons,44.929612,2.442887
202300030456,14,12,2023,2025-12-05 23:50:00,5,28,28220,1,1,2,2,Route Nationale 123,48.41621,1.46605
202300030457,9,11,2023,2025-12-05 09:40:00,1,14,14557,1,1,1,7,D27A,49.34074,0.09739
202300030458,15,12,2023,2025-12-05 17:50:00,5,25,25462,2,4,1,6,Grenier Docteur,46.90242,6.35108
202300030459,9,11,2023,2025-12-05 18:30:00,5,14,14118,2,2,3,1,2 Rue De Malon,49.208689,-0.376959
202300030460,15,12,2023,2025-12-05 12:25:00,1,23,23096,1,1,8,3,940 (Route Departementale),46.148706,1.866096
202300030461,12,12,2023,2025-12-05 17:45:00,5,21,21231,2,1,1,6,Franklin D.Roosevelt (Avenue),47.348,5.058
202300030462,10,11,2023,2025-12-05 08:50:00,1,13,13117,2,4,2,6,Stadium (Cd9),43.42922,5.2733
202300030463,14,12,2023,2025-12-05 08:10:00,1,19,19031,2,3,1,3,Chaumeil (Rue Pierre),45.1562,1.50316
202300030464,7,12,2023,2025-12-05 19:23:00,5,14,14566,2,1,3,6,14 Rue Martin Luther King,49.2042,-0.396833
202300030465,15,12,2023,2025-12-05 17:30:00,3,14,14437,1,1,1,3,N814,49.17156,-0.30559
202300030466,14,12,2023,2025-12-05 07:20:00,5,14,14118,2,1,1,6,31 Boulevard Georges Pompidou,49.18118,-0.3987
202300030467,27,6,2023,2025-12-05 15:30:00,1,33,33550,1,1,1,2,Rocade A 630,44.77917,-0.55174
202300030468,15,12,2023,2025-12-05 22:15:00,5,13,13206,2,2,1,2,Docteur Escat (Rue),43.28389,5.38421
202300030469,27,6,2023,2025-12-05 07:35:00,1,33,33397,1,1,1,3,Autoroute A 10,44.91169,-0.48543
202300030470,15,12,2023,2025-12-05 15:15:00,1,13,13205,2,2,1,3,Baille (Boulevard),43.28734,5.38908
202300030471,27,6,2023,2025-12-05 09:00:00,1,59,59566,1,1,1,6,Autoroute A25,50.6199,2.97392
202300030472,27,6,2023,2025-12-05 15:07:00,1,91,91659,1,1,1,6,Autoroute A6,48.58618,2.45184
202300030473,15,12,2023,2025-12-05 06:50:00,5,13,13215,2,1,1,2,Saint Antoine (Chemin De),43.35969559,5.36479323
202300030474,27,6,2023,2025-12-05 09:50:00,1,91,91689,1,1,1,2,Autoroute A6B,48.74019,2.32033
202300030475,1,12,2023,2025-12-05 05:00:00,5,13,13205,2,2,1,1,Chave (Boulevard),43.29546,5.39653
202300030476,27,6,2023,2025-12-05 08:25:00,1,94,94034,1,1,1,3,A6A,48.75337728,2.33158098
202300030477,15,12,2023,2025-12-05 18:23:00,3,11,11069,1,1,2,6,Adresse_Inconnue,43.18239,2.40363
202300030478,7,9,2023,2025-12-05 17:09:00,1,17,17415,2,1,1,2,Cours National,45.74726,-0.635
202300030479,27,6,2023,2025-12-05 19:00:00,1,78,78646,1,1,1,5,Rn12,48.790653,2.111032
202300030480,8,9,2023,2025-12-05 15:30:00,1,17,17306,2,1,7,3,Republique (De La) (Bd),45.6243,-1.02824
202300030481,27,6,2023,2025-12-05 10:17:00,1,92,92025,1,1,1,3,A86,48.92201331,2.2267277
202300030482,15,12,2023,2025-12-05 18:00:00,5,75,75113,2,1,1,2,Bd Peripherique Exterieur Quai D Ivry,48.82523,2.385529
202300030483,8,9,2023,2025-12-05 19:20:00,1,17,17300,2,2,1,3,Leclerc   Avenue Du General,46.16309,-1.16514
202300030484,27,6,2023,2025-12-05 08:28:00,1,92,92036,1,1,1,3,A86,48.93540166,2.26544968
202300030485,8,9,2023,2025-12-05 14:58:00,1,17,17300,2,1,1,6,Cognehors   Boulevard De (1-95)),46.16827,-1.14272
202300030486,24,6,2023,2025-12-05 07:15:00,1,95,95151,1,1,1,6,N104,49.063652,2.268117
202300030487,8,9,2023,2025-12-05 00:25:00,5,15,15014,2,1,1,6,40 Rue De L'Egalite,44.932367,2.441374
202300030488,27,6,2023,2025-12-05 07:50:00,1,94,94033,1,1,1,3,A86,48.8562815,2.48912403
202300030489,15,12,2023,2025-12-05 03:57:00,5,75,75104,2,7,1,3,Quai De Gesvres,48.857182,2.347499
202300030490,18,6,2023,2025-12-05 17:55:00,1,77,77294,1,1,1,6,Rn104,48.96577046,2.60780349
202300030491,9,9,2023,2025-12-05 01:10:00,4,14,14327,2,3,1,6,10 Rue Alexander Fleming,49.208049,-0.339475
202300030492,13,12,2023,2025-12-05 13:15:00,1,75,75106,2,1,2,3,Rue Vavin,48.844136,2.330926
202300030493,17,6,2023,2025-12-05 20:05:00,1,94,94065,1,1,1,2,N186B,48.75334269,2.35993713
202300030494,9,9,2023,2025-12-05 23:30:00,3,13,13071,2,1,1,2,Joyeux ( Avenue Des ),43.3765,5.34696
202300030495,17,6,2023,2025-12-05 17:15:00,1,94,94033,1,1,1,2,A86,48.85493533,2.48858118
202300030496,15,12,2023,2025-12-05 17:10:00,5,75,75115,2,1,1,6,Rue Cambronne,48.844532,2.302242
202300030497,29,3,2023,2025-12-05 08:45:00,1,74,74058,2,1,8,6,D22,46.288798,6.807138
202300030498,9,9,2023,2025-12-05 22:30:00,5,13,13215,2,3,1,3,Le Chatelier,43.34702,5.3687
202300030499,10,3,2023,2025-12-05 08:24:00,1,74,74264,2,2,8,6,2 Rue De Miosinges,46.053495,6.551571
202300030500,8,9,2023,2025-12-05 17:30:00,1,13,13208,2,1,1,6,Sablier (Boulevard Du),43.25067876,5.38211601
202300030501,13,12,2023,2025-12-05 09:45:00,1,75,75115,2,2,1,3,Rue Ginoux,48.848101,2.286827
202300030502,7,2,2023,2025-12-05 05:00:00,3,74,74154,2,3,1,3,"D252 ""Les Bossons""",46.382291,6.653418
202300030503,8,9,2023,2025-12-05 12:00:00,1,13,13213,2,9,1,3,Metro (Boulevard Du),43.33493881,5.42859913
202300030504,8,4,2023,2025-12-05 05:40:00,4,74,74229,1,1,1,7,D903,46.243687,6.326516
202300030505,15,12,2023,2025-12-05 08:55:00,1,75,75114,2,2,8,2,Rue De La Legion Etrangere,48.82055315,2.3242414
202300030506,8,9,2023,2025-12-05 20:50:00,5,10,10387,2,1,1,4,Anatole France (Rue),48.28487,4.07364
202300030507,8,4,2023,2025-12-05 00:30:00,3,74,74256,1,1,1,7,Rte De Creve Coeur,45.95065,6.649743
202300030508,7,9,2023,2025-12-05 12:30:00,1,10,10081,2,1,7,7,Jules Ferry (Rue),48.32235,4.05233
202300030509,13,3,2023,2025-12-05 16:30:00,1,43,43130,1,1,1,7,Route De La Cheze,45.047155,4.194428
202300030510,17,6,2023,2025-12-05 22:40:00,5,57,57463,2,1,1,6,Fournirue (En ),49.11862,6.17698
202300030511,15,12,2023,2025-12-05 12:05:00,1,75,75111,2,3,1,2,Rue De Charonne,48.852832,2.374511
202300030512,6,9,2023,2025-12-05 12:30:00,1,6,6104,2,1,1,4,Schumann (Promenade Robert),43.762461,7.484972
202300030513,27,6,2023,2025-12-05 00:30:00,5,974,97416,2,6,1,6,Augustin Archambaud(Rue),-21.33204567,55.47911972
202300030514,15,12,2023,2025-12-05 12:54:00,1,75,75103,2,1,1,1,Rue De Turenne,48.860135,2.364593
202300030515,4,9,2023,2025-12-05 14:05:00,1,6,6069,2,1,1,2,Chenes (Chemin Des),43.64115,6.91501
202300030516,22,6,2023,2025-12-05 17:00:00,1,974,97416,1,1,2,3,Stephane (Chemin),-21.28011,55.48334
202300030517,15,12,2023,2025-12-05 13:30:00,1,75,75108,2,1,1,3,Boulevard Malesherbes,48.876146,2.318274
202300030518,26,6,2023,2025-12-05 12:15:00,1,973,97302,2,1,1,3,Montabo (Route De) 1,4.94458,-52.31052
202300030519,8,9,2023,2025-12-05 21:10:00,5,6,6027,2,1,1,3,Gaude Avenue De La,43.66552,7.15383
202300030520,15,12,2023,2025-12-05 13:10:00,1,75,75108,2,1,1,7,Avenue Des Champs Elysees,48.87278,2.298427
202300030521,16,6,2023,2025-12-05 16:25:00,1,973,97302,2,1,1,3,Troubiran (Chemin De),4.9258,-52.30361
202300030522,5,9,2023,2025-12-05 12:47:00,1,3,3185,2,1,1,6,Avenue Jules Guesde,46.34067,2.58457
202300030523,15,12,2023,2025-12-05 15:25:00,1,75,75107,2,2,1,1,Avenue Du Marechal Gallieni,48.86284,2.313452
202300030524,26,6,2023,2025-12-05 08:25:00,1,973,97302,2,3,1,3,Montabo (Route De) 1,4.94472109,-52.31106341
202300030525,15,12,2023,2025-12-05 07:51:00,2,75,75107,2,3,1,1,Quai Branly,48.860549,2.295626
202300030526,7,9,2023,2025-12-05 16:20:00,1,75,75113,2,1,1,3,Porte D Italie,48.816707,2.365107
202300030527,25,6,2023,2025-12-05 22:46:00,4,973,97302,2,1,2,1,Madeleine (Route De La),4.92854591,-52.32533276
202300030528,6,9,2023,2025-12-05 16:10:00,1,75,75118,2,1,1,7,Porte De La Chapelle,48.900792,2.35757
202300030529,26,6,2023,2025-12-05 11:00:00,1,972,97209,2,1,1,3,Chateauboeuf (Route De),14.61775,-61.04508
202300030530,15,12,2023,2025-12-05 08:40:00,1,75,75104,2,3,1,2,Boulevard Bourdon,48.851656,2.36767
202300030531,8,9,2023,2025-12-05 06:32:00,5,75,75113,2,1,1,6,Quai D Austerlitz,48.843,2.366444
202300030532,26,6,2023,2025-12-05 18:15:00,1,69,69202,2,3,1,3,122 Rue Commandant Charcot,45.74812654,4.79222312
202300030533,15,12,2023,2025-12-05 08:25:00,2,94,94011,2,9,8,6,Rue Des Varennes,48.77047,2.48423
202300030534,8,9,2023,2025-12-05 09:22:00,1,75,75106,2,2,1,3,Rue De Rennes,48.847264,2.327166
202300030535,26,6,2023,2025-12-05 15:39:00,1,69,69384,2,1,1,3,Quai Joseph Gillet,45.77237,4.81335
202300030536,15,12,2023,2025-12-05 16:30:00,1,93,93048,2,1,1,6,Boulevard Theophile Sueur,48.865667,2.468915
202300030537,7,9,2023,2025-12-05 23:30:00,5,75,75106,2,2,1,3,Rue De Rennes,48.846942,2.326855
202300030538,15,12,2023,2025-12-05 18:50:00,5,93,93045,2,3,8,1,Avenue Du Marechal Juin / Rue Romain Rolland,48.8794,2.42207
202300030539,26,6,2023,2025-12-05 13:30:00,1,971,97113,1,6,1,2,Rn4-Rond Point Saint Felix,16.20756,-61.45661
202300030540,7,9,2023,2025-12-05 12:15:00,1,75,75106,2,3,1,6,Boulevard Saint Michel,48.848832,2.341751
202300030541,14,12,2023,2025-12-05 17:01:00,5,93,93047,2,5,2,3,Avenue Jean Jaures / Avenue Gabriel Peri,48.89837,2.55329
202300030542,26,6,2023,2025-12-05 09:45:00,1,95,95476,2,6,1,3,Jules Cesar (Chaussee),49.05794424,2.04721212
202300030543,8,9,2023,2025-12-05 17:10:00,1,75,75120,2,4,1,7,Avenue Gambetta,48.863041,2.388044
202300030544,15,12,2023,2025-12-05 18:47:00,5,93,93008,2,2,2,6,Rue Rene Camier / Rue De Lorraine,48.909782,2.451228
202300030545,25,6,2023,2025-12-05 18:25:00,1,95,95510,1,1,1,4,N14,49.05781778,2.00791193
202300030546,14,12,2023,2025-12-05 08:40:00,1,93,93007,2,5,2,3,Avenue Paul Vaillant Couturier / Rue Eugene Varlin,48.9293058,2.47993876
202300030547,8,9,2023,2025-12-05 19:09:00,1,75,75119,2,2,1,6,Place De La Bataille De Stalingrad,48.883866,2.368591
202300030548,13,12,2023,2025-12-05 17:50:00,5,93,93007,2,2,1,6,Avenue Henri Barbusse / Rue Du General Giraud,48.940753,2.463147
202300030549,8,9,2023,2025-12-05 14:50:00,1,75,75118,2,1,7,6,Rue Caulaincourt,48.884973,2.330098
202300030550,26,6,2023,2025-12-05 07:30:00,1,91,91201,2,1,1,3,Bd Henri Barbusse,48.69464,2.4141
202300030551,14,12,2023,2025-12-05 17:35:00,2,92,92051,2,1,2,3,"Achille Peretti (Avenue, Ndeg 90 A 96 Et 9",48.88436407,2.26936358
202300030552,26,6,2023,2025-12-05 16:30:00,1,91,91687,2,1,1,2,Gabriel Peri (Avenue),48.68,2.376
202300030553,8,9,2023,2025-12-05 02:10:00,5,75,75118,2,3,1,1,Rue D Aubervilliers,48.887328,2.367064
202300030554,15,12,2023,2025-12-05 08:40:00,1,92,92020,2,1,8,3,Jaures Avenue Jean,48.8081,2.3055
202300030555,21,6,2023,2025-12-05 17:34:00,1,87,87085,2,1,1,6,Liberation (Avenue De La),45.83413,1.25983