num_acc,jour,mois,an,hrmn,lum,dep,com,agg,int,atm,col,adr,lat,long
202300031007,10,10,2023,2025-12-05 16:00:00,1,63,63372,1,3,1,2,D224,45.904579,3.298844
202300031008,9,10,2023,2025-12-05 12:10:00,1,61,61092,1,1,1,6,D664,48.765001,0.747284
202300031009,10,10,2023,2025-12-05 07:00:00,2,42,42027,1,1,1,3,Departementale 8,45.939366,3.98112
202300031010,9,10,2023,2025-12-05 17:50:00,1,47,47004,1,1,1,3,Route De Clairac,44.321066,0.351326
202300031011,7,10,2023,2025-12-05 11:00:00,1,86,86125,1,3,1,2,D14,46.759189,0.671421
202300031012,9,10,2023,2025-12-05 20:00:00,3,44,44196,1,1,1,6,6 Le Chesneau,47.552453,-2.063594
202300031013,9,10,2023,2025-12-05 16:50:00,1,44,44163,1,1,1,2,Route D'Ancenis,47.389151,-1.088714
202300031014,8,10,2023,2025-12-05 12:00:00,1,29,29075,2,6,1,3,Allee Du Pontrouff,48.428346,-4.412427
202300031015,10,10,2023,2025-12-05 07:30:00,2,14,14563,1,1,1,6,Route De Genneville,49.33380148,0.26587173
202300031016,10,10,2023,2025-12-05 09:15:00,1,7,7155,1,3,1,3,262 Route D?Ailhon,44.61722811,4.33804125
202300031017,8,10,2023,2025-12-05 16:00:00,1,21,21644,1,4,1,7,D25A,47.349327,5.310617
202300031018,9,10,2023,2025-12-05 12:45:00,1,40,40194,1,1,1,1,Route De Poyartin,43.701218,-0.855705
202300031019,9,10,2023,2025-12-05 15:35:00,1,27,27466,1,2,1,3,D31,49.077169,0.846151
202300031020,10,10,2023,2025-12-05 07:00:00,1,973,97309,2,6,1,3,Giratoire Adelaide Tablon,4.886966,-52.285078
202300031021,10,10,2023,2025-12-05 07:20:00,5,51,51432,2,7,1,6,Place Du 13 Mars 1962,48.689123,3.869639
202300031022,8,10,2023,2025-12-05 15:00:00,1,987,98722,2,1,1,1,Pk 29100 District De Tiarei,-17.592,-149.391
202300031023,10,10,2023,2025-12-05 18:45:00,3,988,98817,1,1,1,1,Route Express Du Mont-Dore,-22.229838,166.515955
202300031024,9,10,2023,2025-12-05 16:20:00,1,974,97408,2,3,1,3,Rue Mahatma Gandhi,-20.940769,55.330152
202300031025,7,10,2023,2025-12-05 04:15:00,3,971,97117,1,1,1,6,Nationale 5,16.306105,-61.305272
202300031026,8,10,2023,2025-12-05 19:10:00,2,45,45153,1,1,1,6,D60 Pr 9 + 898,47.830739,2.285234
202300031027,9,10,2023,2025-12-05 18:45:00,1,45,45142,2,1,1,6,72 Rue De L'Enfer,47.92407,2.135292
202300031028,9,10,2023,2025-12-05 18:20:00,1,77,77511,2,3,1,5,Rue De Paris,49.032858,2.634841
202300031029,10,10,2023,2025-12-05 10:40:00,1,95,95676,1,1,1,7,C1,49.092305,1.742191
202300031030,8,10,2023,2025-12-05 07:30:00,2,91,91047,2,1,1,7,62 Route De Corbeil,48.489918,2.355655
202300031031,10,10,2023,2025-12-05 07:40:00,1,2B,2B042,1,1,1,2,Rt11,42.588793,9.439407
202300031032,9,10,2023,2025-12-05 18:49:00,2,34,34329,1,6,1,7,D64,43.294458,3.219402
202300031033,8,10,2023,2025-12-05 10:00:00,1,13,13022,2,1,1,2,1 Chemin Du Boudard,43.222597,5.557942
202300031034,10,10,2023,2025-12-05 07:30:00,2,26,26313,2,6,1,3,104 Avenue De Provence,44.968259,4.951057
202300031035,9,10,2023,2025-12-05 08:00:00,1,7,7348,2,1,1,1,La Rotisserie Cd 579,44.540446,4.412684
202300031036,7,10,2023,2025-12-05 01:45:00,3,86,86062,2,1,1,6,43 Route De Paris,46.640281,0.359317
202300031037,9,10,2023,2025-12-05 08:46:00,1,33,33240,2,1,1,3,Avenue Du Docteur Henry Benaben,45.296347,-0.929037
202300031038,10,10,2023,2025-12-05 12:20:00,1,60,60341,1,1,1,6,N2,49.0872392,2.73255032
202300031039,9,10,2023,2025-12-05 13:10:00,1,13,13056,1,1,1,2,A55-Sens Marseille Vers Martigues,43.40096968,5.04368615
202300031040,9,10,2023,2025-12-05 07:25:00,2,13,13088,1,1,1,2,A55-Sens Marseille Vers Martigues,43.39143018,5.25225518
202300031041,8,10,2023,2025-12-05 14:10:00,1,57,57672,1,1,1,5,Autoroute A31,49.35152232,6.10797221
202300031042,9,10,2023,2025-12-05 19:04:00,1,33,33063,1,1,1,3,Rocade A 630,44.88376533,-0.55745155
202300031043,8,10,2023,2025-12-05 19:00:00,1,33,33013,1,1,1,4,Route Nationale 89,44.8687,-0.49812
202300031044,9,10,2023,2025-12-05 17:35:00,1,75,75113,1,1,1,7,A6B,48.816409,2.358981
202300031045,9,10,2023,2025-12-05 11:40:00,1,94,94021,1,1,1,5,Autoroute A6B,48.76252432,2.34134966
202300031046,8,10,2023,2025-12-05 22:50:00,3,77,77251,1,1,1,2,Autoroute A5A,48.61968,2.55091
202300031047,9,10,2023,2025-12-05 17:31:00,1,92,92036,1,1,1,3,A86,48.9364031,2.28946318
202300031048,8,10,2023,2025-12-05 19:45:00,3,78,78362,1,1,1,3,A13,48.975688,1.72416
202300031049,8,10,2023,2025-12-05 16:35:00,1,92,92048,1,1,1,4,N118,48.79727463,2.21701222
202300031050,8,10,2023,2025-12-05 02:40:00,4,78,78297,1,1,1,6,Rn12,48.788939,2.060818
202300031051,7,10,2023,2025-12-05 15:40:00,1,92,92062,1,1,1,2,Rn1014 W,48.88804303,2.2497499
202300031052,9,10,2023,2025-12-05 20:00:00,3,95,95018,1,1,1,2,A15,48.96033,2.27117
202300031053,9,10,2023,2025-12-05 18:30:00,1,95,95582,1,1,1,2,A15,48.97102,2.2492
202300031054,9,10,2023,2025-12-05 17:00:00,1,93,93053,1,1,1,3,Autoroute A3,48.89292727,2.47244859
202300031055,9,10,2023,2025-12-05 09:00:00,1,93,93005,1,1,1,3,Autoroute A1,48.95935418,2.46587877
202300031056,9,10,2023,2025-12-05 09:45:00,1,92,92036,1,1,1,3,Autoroute A15,48.94917898,2.28036318
202300031057,9,10,2023,2025-12-05 07:20:00,2,95,95582,2,1,1,4,A15,48.97507308,2.24260437
202300031058,9,10,2023,2025-12-05 09:40:00,1,77,77517,1,1,1,6,A104,48.90439426,2.64468623
202300031059,8,10,2023,2025-12-05 21:05:00,5,974,97416,2,2,1,7,Gandhi (Rue Du Mahatma),-21.33959,55.46505
202300031060,8,10,2023,2025-12-05 12:25:00,1,974,97416,1,3,1,1,Bassin Plat(Chemin),-21.3288,55.49515
202300031061,8,10,2023,2025-12-05 06:55:00,1,974,97407,1,1,1,2,Route Nationale Ndeg 1,-20.95367,55.31477
202300031062,9,10,2023,2025-12-05 01:35:00,5,69,69388,2,2,1,3,Avenue Des Freres Lumiere,45.74406,4.87048
202300031063,8,10,2023,2025-12-05 18:30:00,5,69,69387,2,1,1,6,Grande Rue De La Guillotiere,45.75022,4.85057
202300031064,8,10,2023,2025-12-05 17:55:00,1,69,69386,2,4,1,3,Avenue De Grande-Bretagne,45.77336,4.84138
202300031065,8,10,2023,2025-12-05 10:00:00,1,972,97209,1,9,1,2,Balata (Route De),14.61779,-61.07152
202300031066,7,10,2023,2025-12-05 19:30:00,5,95,95637,2,3,1,6,Jacques Brel (Avenue),49.02766672,2.02178478
202300031067,8,10,2023,2025-12-05 18:00:00,1,91,91027,2,1,1,2,Av Francois Mitterrand,48.701387,2.371791
202300031068,7,10,2023,2025-12-05 13:35:00,1,86,86158,1,1,1,3,Rue De Salvert,46.623114,0.319479
202300031069,6,10,2023,2025-12-05 17:10:00,1,86,86066,2,1,1,1,Avenue Du Marechal Leclerc,46.819372,0.566136
202300031070,7,10,2023,2025-12-05 18:05:00,1,84,84035,2,1,1,1,Durand (Avenue Albin),43.8365,5.04935
202300031071,6,10,2023,2025-12-05 10:10:00,1,84,84035,2,1,7,3,Roch Pape (Allee),43.8294,5.03627
202300031072,8,10,2023,2025-12-05 20:18:00,5,83,83137,2,3,1,6,Strasbourg (Bd De ),43.12481895,5.93295559
202300031073,8,10,2023,2025-12-05 08:30:00,1,81,81004,2,1,1,1,Lude (Bd Et Allee Du),43.9154479,2.1541068
202300031074,8,10,2023,2025-12-05 16:45:00,1,78,78172,2,3,1,3,Bechet (Rue Sidney),49.00241,2.1116
202300031075,8,10,2023,2025-12-05 14:21:00,1,76,76575,2,2,6,3,Rue Lazare Carnot,49.37964,1.10768
202300031076,8,10,2023,2025-12-05 07:40:00,2,76,76178,1,1,1,3,Rue De Tourville,49.31104,1.04995
202300031077,8,10,2023,2025-12-05 09:15:00,1,76,76707,1,1,1,1,Rd 915,49.8623,1.11101
202300031078,8,10,2023,2025-12-05 19:46:00,3,63,63164,2,3,1,3,M2 Route De Cebazat / Rue De La Plaine,45.82286178,3.13758373
202300031079,7,10,2023,2025-12-05 16:30:00,1,62,62274,2,1,1,6,Rue Roger Salengro,50.42873675,2.99215221
202300031080,8,10,2023,2025-12-05 15:15:00,1,60,60159,2,1,1,2,Avenue Du 1Er Septembre,49.40458,2.84262
202300031081,1,10,2023,2025-12-05 17:45:00,1,57,57631,2,1,1,3,Nancy(Route)D662,49.10152,7.06773
202300031082,8,10,2023,2025-12-05 18:22:00,1,49,49353,2,1,1,6,Camus,47.45485,-0.50672
202300031083,8,10,2023,2025-12-05 18:15:00,1,47,47323,2,1,1,7,Barbusse (Rue Henri),44.39702,0.72638
202300031084,8,10,2023,2025-12-05 15:10:00,1,45,45234,2,1,1,6,96Bis Rue Du Faubourg Saint-Jean,47.90671,1.88904
202300031085,7,10,2023,2025-12-05 05:35:00,5,43,43157,2,1,1,6,38 Boulevard Alexandre Clair,45.03861,3.88188
202300031086,7,10,2023,2025-12-05 20:25:00,5,43,43157,2,1,1,2,39 Boulevard Saint Louis,45.04317,3.88037
202300031087,8,10,2023,2025-12-05 00:30:00,3,42,42316,1,6,1,6,Rue Charles De Gaulle,45.40786,4.2544
202300031088,8,10,2023,2025-12-05 21:30:00,5,38,38053,2,3,1,3,Avenue D'Italie,45.5845,5.28547
202300031089,7,10,2023,2025-12-05 17:25:00,1,37,37261,2,6,1,3,Auberdiere (Rue De L'),47.36602,0.69811
202300031090,8,10,2023,2025-12-05 19:15:00,1,35,35238,2,2,1,3,Antrain (D') De 43 Et 80 A Fin,48.123829,-1.668266
202300031091,8,10,2023,2025-12-05 00:19:00,5,33,33063,2,1,1,6,Quai Sainte-Croix,44.83318349,-0.56138366
202300031092,8,10,2023,2025-12-05 06:10:00,3,29,29232,2,6,1,6,Rond-Point De Toul Sable,47.97318487,-4.08817118
202300031093,8,10,2023,2025-12-05 04:10:00,5,29,29232,1,6,1,6,Rond-Point De Kerustum,47.97898,-4.0941
202300031094,7,10,2023,2025-12-05 17:20:00,1,27,27681,2,6,7,6,Capucins (Avenue Des),49.09242,1.47073
202300031095,8,10,2023,2025-12-05 20:40:00,5,25,25056,2,9,1,1,N57,47.2265,5.97934
202300031096,8,10,2023,2025-12-05 10:20:00,1,17,17415,2,3,1,6,Chermignac Rue De,45.7469,-0.63597
202300031097,8,10,2023,2025-12-05 08:20:00,1,16,16102,1,1,1,1,Rn 141,45.68250092,-0.33821851
202300031098,8,10,2023,2025-12-05 04:50:00,5,13,13212,2,1,1,6,Fauvettes (Boulevard Des),43.31706,5.43873
202300031099,2,10,2023,2025-12-05 08:30:00,1,13,13214,2,1,1,6,Capitaine Geze (Boulevard),43.33027,5.37004
202300031100,8,10,2023,2025-12-05 03:00:00,5,13,13203,2,1,1,3,Plombieres (Rue De),43.31868084,5.37340361
202300031101,7,10,2023,2025-12-05 20:37:00,3,13,13001,1,1,1,7,Puy Sainte Reparade (Ch),43.56243,5.43405
202300031102,8,10,2023,2025-12-05 21:45:00,5,12,12013,2,1,1,6,Tramond Bas Lieu-Dit,44.55267,2.28406
202300031103,6,10,2023,2025-12-05 11:15:00,1,10,10333,2,2,1,3,Auxerre (Route),48.2803,4.0688
202300031104,7,10,2023,2025-12-05 18:00:00,1,4,4070,2,9,7,6,Noel (Av. Du Col.),44.08281,6.2022
202300031105,7,10,2023,2025-12-05 09:43:00,1,1,1053,2,3,1,6,Herriot ( Boulevard Edouard Cote Impair),46.209875,5.224645
202300031106,8,10,2023,2025-12-05 07:20:00,2,75,75116,2,1,1,5,Bd Peripherique Interieur,48.877655,2.280344
202300031107,6,10,2023,2025-12-05 09:15:00,1,75,75116,2,1,1,6,Porte De Passy,48.857246,2.258489
202300031108,8,10,2023,2025-12-05 16:04:00,1,75,75110,2,1,1,2,Boulevard De Bonne Nouvelle,48.870195,2.350261
202300031109,8,10,2023,2025-12-05 17:30:00,1,75,75106,2,2,1,3,Boulevard Saint Michel,48.851381,2.343176
202300031110,8,10,2023,2025-12-05 17:08:00,1,75,75106,2,2,1,3,Rue De Rennes,48.848909,2.328732
202300031111,8,10,2023,2025-12-05 02:09:00,5,75,75119,2,3,1,3,Boulevard Macdonald,48.89866543,2.37105703
202300031112,8,10,2023,2025-12-05 10:50:00,1,75,75117,2,3,1,2,Boulevard Malesherbes,48.889587,2.304004
202300031113,8,10,2023,2025-12-05 00:30:00,5,75,75117,2,1,1,3,Boulevard Berthier,48.893128,2.310258
202300031114,8,10,2023,2025-12-05 18:30:00,1,75,75116,2,3,1,6,Avenue Ferdinand Buisson,48.835949,2.254269
202300031115,8,10,2023,2025-12-05 07:45:00,1,75,75112,2,1,1,5,Cours De Vincennes,48.847534,2.402411
202300031116,8,10,2023,2025-12-05 18:25:00,1,75,75111,2,1,1,3,Boulevard Voltaire,48.860192,2.376086
202300031117,8,10,2023,2025-12-05 03:30:00,3,75,75110,2,3,1,6,Boulevard De La Chapelle,48.884266,2.364651
202300031118,8,10,2023,2025-12-05 13:15:00,1,75,75109,2,7,1,6,Rue Blanche,48.8836558,2.33244243
202300031119,7,10,2023,2025-12-05 22:13:00,5,75,75108,2,2,1,3,Rue De L Arcade,48.87331,2.3243
202300031120,8,10,2023,2025-12-05 20:01:00,5,75,75107,2,3,1,2,Quai Voltaire,48.858229,2.333229
202300031121,8,10,2023,2025-12-05 04:30:00,5,94,94078,2,1,1,6,Avenue De Melun,48.72453,2.44502
202300031122,7,10,2023,2025-12-05 23:45:00,5,94,94028,2,1,1,2,Av Du Mal De Lattre De Tassigny,48.79745,2.45649
202300031123,8,10,2023,2025-12-05 17:33:00,1,94,94081,2,1,1,6,Boulevard De Stalingrad,48.79864,2.38186
202300031124,8,10,2023,2025-12-05 15:50:00,1,94,94055,2,3,1,3,Avenue De Pince Vent,48.78988392,2.55002175
202300031125,8,10,2023,2025-12-05 01:15:00,5,94,94002,2,7,1,2,Quai Jean-Baptiste Clement,48.7874,2.4231
202300031126,7,10,2023,2025-12-05 21:30:00,5,93,93072,2,9,1,5,Avenue De Stalingrad,48.95801,2.39689
202300031127,8,10,2023,2025-12-05 02:15:00,5,93,93066,2,3,1,3,Avenue Du Colonel Fabien / Rue Max Jacob,48.94482,2.35348
202300031128,8,10,2023,2025-12-05 19:30:00,5,92,92078,2,2,1,3,Verdun (Avenue) (Pairs 2 A 38),48.93567987,2.33595613
202300031129,8,10,2023,2025-12-05 06:05:00,5,92,92020,2,3,1,3,Republique Av. Ndeg27 A 105 Et 26 A 178,48.80401,2.29791
202300031130,8,10,2023,2025-12-05 19:15:00,1,92,92071,2,1,1,6,Filmins (Rue),48.77871697,2.30566218
202300031131,7,10,2023,2025-12-05 17:00:00,1,59,59114,2,1,1,6,Rue Des Ecoles,50.468149,3.507327
202300031132,8,10,2023,2025-12-05 19:40:00,1,35,35333,1,1,1,6,La Hiliere,47.912416,-1.455324
202300031133,3,9,2023,2025-12-05 14:55:00,1,11,11303,1,1,1,6,Adresse_Inconnue,42.917369,2.074887
202300031134,6,10,2023,2025-12-05 16:25:00,1,63,63302,1,9,7,1,Plateau De Gergovie,45.71884,3.123765
202300031135,8,10,2023,2025-12-05 13:17:00,1,81,81206,1,3,7,1,D115,44.08352,1.738222
202300031136,9,10,2023,2025-12-05 07:05:00,3,34,34148,1,1,1,1,D612,43.360504,3.176326
202300031137,7,10,2023,2025-12-05 15:35:00,1,26,26139,1,2,1,3,D123,45.073127,5.112548
202300031138,28,9,2023,2025-12-05 16:00:00,1,24,24509,1,1,1,6,Impasse Des Forets,45.19092,0.422901
202300031139,7,10,2023,2025-12-05 23:10:00,3,38,38160,1,1,1,6,D41,45.488178,4.986827
202300031140,9,10,2023,2025-12-05 04:30:00,5,95,95313,2,1,1,6,D922,49.116691,2.229931
202300031141,8,10,2023,2025-12-05 23:30:00,5,95,95058,2,1,1,7,51 Creil (Rue De),49.161041,2.297336
202300031142,7,10,2023,2025-12-05 20:30:00,5,40,40296,2,3,1,2,Route De Saubion,43.680326,-1.358764
202300031143,8,10,2023,2025-12-05 20:30:00,5,31,31044,2,1,1,2,N 826,43.586701,1.52151
202300031144,7,10,2023,2025-12-05 10:55:00,1,81,81284,1,1,1,2,Rn88,43.914017,2.12373
202300031145,9,10,2023,2025-12-05 17:30:00,1,974,97404,2,1,1,6,Avenue De Bourbon,-21.268441,55.337332
202300031146,8,10,2023,2025-12-05 11:45:00,1,35,35029,1,1,1,3,Lieu Dit Terre Rouge,48.45983065,-1.7432917
202300031147,8,10,2023,2025-12-05 10:40:00,1,84,84091,1,1,1,1,Voie Communale 85 Des Pres,44.179934,4.753529
202300031148,4,10,2023,2025-12-05 12:30:00,1,28,28380,1,1,1,7,D136,48.412781,1.586967
202300031149,8,10,2023,2025-12-05 23:00:00,3,86,86070,2,1,1,6,10 Route De Lussac Pouzioux,46.517401,0.693913
202300031150,8,10,2023,2025-12-05 14:15:00,1,59,59487,1,1,1,6,Rue Du Bas,50.631879,2.895246
202300031151,8,10,2023,2025-12-05 22:15:00,3,60,60260,1,1,1,7,D32,49.280871,2.931558
202300031152,8,10,2023,2025-12-05 11:35:00,1,66,66189,2,1,1,6,Adresse_Inconnue,42.661641,2.954373
202300031153,5,10,2023,2025-12-05 18:45:00,1,35,35173,1,1,1,2,D137,48.18458592,-1.72062904
202300031154,5,10,2023,2025-12-05 23:40:00,3,35,35173,1,1,1,2,D137,48.189862,-1.721593
202300031155,8,10,2023,2025-12-05 22:00:00,3,62,62524,1,1,1,7,D215,50.66546828,1.80624551
202300031156,8,10,2023,2025-12-05 23:30:00,3,19,19285,1,1,1,7,D3,45.39592008,1.56742015
202300031157,8,10,2023,2025-12-05 18:50:00,1,56,56127,2,6,7,3,Avenue Du Grand Moulin,48.0776545,-2.29002437
202300031158,3,10,2023,2025-12-05 15:20:00,1,56,56177,1,4,1,1,7 Lann Keres,47.792072,-2.985309
202300031159,8,10,2023,2025-12-05 20:35:00,5,59,59580,2,6,1,6,Route De Poperinghe,50.810653,2.601142
202300031160,6,10,2023,2025-12-05 20:15:00,3,82,82005,2,1,1,3,564 Route De Toulouse,43.799714,1.220523
202300031161,5,10,2023,2025-12-05 22:31:00,5,33,33226,2,3,1,3,Adresse_Inconnue,44.70572876,-0.39987981
202300031162,7,10,2023,2025-12-05 15:00:00,1,32,32462,2,4,7,3,Rue Lebbe Freres,43.757939,0.302942
202300031163,8,10,2023,2025-12-05 11:30:00,1,11,11306,1,1,1,7,D81,42.82874,2.184649
202300031164,8,10,2023,2025-12-05 16:45:00,1,71,71490,1,1,1,6,D25,46.530552,4.138367
202300031165,7,10,2023,2025-12-05 18:40:00,1,89,89464,2,3,1,1,38 Rue De La Gare,48.0865,3.2868
202300031166,9,10,2023,2025-12-05 14:30:00,1,89,89209,1,3,1,3,D41,48.172182,2.982922
202300031167,8,10,2023,2025-12-05 15:45:00,1,61,61300,1,1,1,6,D920,48.466042,0.815466
202300031168,8,10,2023,2025-12-05 18:10:00,1,61,61258,2,1,1,7,D6,48.511575,0.352432
202300031169,8,10,2023,2025-12-05 15:00:00,1,55,55567,1,1,1,6,Route Departementale 163,49.08883919,5.18466725
202300031170,8,10,2023,2025-12-05 16:00:00,1,49,49125,2,1,1,7,Chemin Des Charbonnieres,47.181998,-0.253952
202300031171,8,10,2023,2025-12-05 14:45:00,1,42,42241,1,1,1,7,Route De Villerest,45.890187,4.111333
202300031172,8,10,2023,2025-12-05 05:40:00,3,68,68081,1,1,1,6,D18,47.660624,7.194626
202300031173,7,10,2023,2025-12-05 13:45:00,1,22,22218,1,1,1,7,17 Kermerrien Hent Gouermel,48.833112,-3.259748
202300031174,4,9,2023,2025-12-05 17:45:00,1,39,39547,2,1,1,6,1049 Route De La Vallee,46.35477,5.740753
202300031175,8,10,2023,2025-12-05 15:00:00,1,25,25142,1,1,1,7,D46,46.659669,6.137826
202300031176,6,10,2023,2025-12-05 19:30:00,1,44,44183,1,1,1,7,1 Pennemont,47.394377,-2.399086
202300031177,6,10,2023,2025-12-05 09:03:00,1,44,44186,2,1,7,3,Le Moulin Mallessard,47.098493,-1.827752
202300031178,8,10,2023,2025-12-05 06:15:00,5,44,44085,1,1,1,6,Rue Des Coquelicots - Zac De La Bergerie,47.68183,-1.445239
202300031179,8,10,2023,2025-12-05 08:10:00,2,35,35184,1,1,1,6,Costard,48.1990609,-2.02220857
202300031180,9,10,2023,2025-12-05 00:15:00,3,34,34154,1,9,1,6,D62,43.559267,4.029712
202300031181,8,10,2023,2025-12-05 17:30:00,1,29,29249,1,1,1,6,Fast Navel,48.142408,-3.733077
202300031182,6,10,2023,2025-12-05 20:20:00,5,29,29165,2,3,1,3,Rue Du Docteur Fleming,47.796087,-4.217989
202300031183,5,10,2023,2025-12-05 20:30:00,3,29,29037,1,1,1,6,D44,47.878736,-4.138327
202300031184,9,10,2023,2025-12-05 07:30:00,2,2,2211,1,1,5,1,Adresse_Inconnue,49.411406,3.958919
202300031185,7,10,2023,2025-12-05 04:14:00,3,1,1452,1,1,1,6,En Mussignin,45.836465,5.665898
202300031186,8,10,2023,2025-12-05 16:05:00,1,66,66025,1,1,1,6,D30C,42.438856,1.95658028
202300031187,8,10,2023,2025-12-05 14:35:00,1,54,54029,2,2,1,3,12 Rue Lucien Michel,49.37079276,5.89709468
202300031188,7,10,2023,2025-12-05 19:30:00,2,50,50210,1,1,1,7,Lieu Dit St Anne,49.26254,-1.423759
202300031189,21,1,2023,2025-12-05 12:30:00,1,93,93047,2,2,1,3,Avenue Jean Jaures / Avenue Des Lys,48.898489,2.551889
202300031190,7,1,2023,2025-12-05 17:27:00,2,92,92073,2,1,2,2,Jaures (Avenue Jean),48.8645339,2.20746696
202300031191,21,1,2023,2025-12-05 19:57:00,5,92,92035,2,1,1,3,Republique ( Boulevard De La ),48.9069,2.24432
202300031192,21,1,2023,2025-12-05 18:55:00,5,92,92025,2,3,1,3,Gabriel Peri (Rue),48.918923,2.240729
202300031193,21,1,2023,2025-12-05 18:10:00,5,92,92024,2,1,1,7,Estienne D'Orves (Rue D') De (4 A 20Bis),48.90641112,2.30351999
202300031194,21,1,2023,2025-12-05 11:00:00,1,92,92024,2,2,1,3,Villeneuve (Rue) De (1 A 45)   (2 A 44),48.905369,2.31031
202300031195,21,1,2023,2025-12-05 07:00:00,5,92,92023,2,2,1,6,Porte De Trivaux (Rue De) Ndeg57 A 197 Et,48.78481,2.23807
202300031196,20,1,2023,2025-12-05 22:15:00,5,69,69266,1,1,4,6,Boulevard Peripherique Laurent Bonnevay,45.77912,4.89517
202300031197,19,1,2023,2025-12-05 22:15:00,3,67,67152,1,1,1,7,M35,48.52452546,7.66274929
202300031198,21,1,2023,2025-12-05 21:49:00,4,91,91161,1,1,1,6,Autoroute A6,48.70659,2.30618
202300031199,21,1,2023,2025-12-05 14:30:00,1,94,94034,1,1,1,7,A6B,48.75580758,2.33353913
202300031200,21,1,2023,2025-12-05 14:10:00,1,94,94038,1,1,1,4,A6A,48.7782741,2.34650341
202300031201,21,1,2023,2025-12-05 06:55:00,3,91,91553,1,1,8,6,Rn 104,48.631361,2.504628
202300031202,21,1,2023,2025-12-05 04:15:00,5,93,93007,1,1,9,2,Autoroute A1,48.94774549,2.44391968
202300031203,17,1,2023,2025-12-05 16:15:00,1,92,92036,1,1,1,3,Autoroute A15,48.94074039,2.29291143
202300031204,20,1,2023,2025-12-05 16:50:00,1,54,54547,2,3,1,6,Route De Mirecourt,48.672157,6.193633
202300031205,20,1,2023,2025-12-05 19:14:00,5,10,10387,2,4,2,2,Roger Salengro (Rue),48.29822527,4.07866091
202300031206,20,1,2023,2025-12-05 22:50:00,5,974,97411,2,1,1,7,Bertho (Rue Jean),-20.89219,55.48793
202300031207,20,1,2023,2025-12-05 08:20:00,1,974,97411,2,4,1,6,Jacinthes (Rue Des),-20.91053,55.48167
202300031208,19,1,2023,2025-12-05 18:10:00,1,974,97411,2,1,2,7,Rn2/043,-20.88607,55.49451
202300031209,20,1,2023,2025-12-05 14:10:00,1,973,97302,2,1,2,1,Troubiran (Chemin De),4.9291151,-52.30419964
202300031210,20,1,2023,2025-12-05 09:07:00,1,973,97302,2,1,3,7,Zephir (Rocade),4.94095,-52.30476
202300031211,20,1,2023,2025-12-05 08:40:00,1,973,97302,2,2,3,6,Lallouette,4.93972267,-52.33328283
202300031212,20,1,2023,2025-12-05 19:50:00,5,69,69386,2,4,2,1,112 Boulevard Des Belges,45.76848,4.85855
202300031213,20,1,2023,2025-12-05 15:30:00,1,69,69383,2,1,8,6,Rue Docteur Bonhomme,45.7464,4.8736
202300031214,20,1,2023,2025-12-05 17:27:00,2,2A,2A004,2,1,1,3,Avenue Du Docteur Noel Franchini,41.9384,8.75447
202300031215,20,1,2023,2025-12-05 08:10:00,2,95,95197,2,3,8,6,D311,48.975359,2.332783
202300031216,20,1,2023,2025-12-05 18:53:00,3,91,91064,1,9,8,1,Porte Jaune (Chemin De La),48.76637,2.23015
202300031217,17,1,2023,2025-12-05 08:40:00,1,90,90010,2,1,1,6,Saussot (Rue),47.63371,6.84214
202300031218,18,1,2023,2025-12-05 07:23:00,5,89,89024,2,2,1,6,11 Novembre (Boulevard Du) Ndeg Pairs,47.79232,3.56751
202300031219,20,1,2023,2025-12-05 07:40:00,5,87,87085,2,3,1,6,Dutreix (Rue Armand),45.83266,1.23255
202300031220,19,1,2023,2025-12-05 19:05:00,5,87,87085,2,1,4,6,Soixante Et Onzieme Mobile (Rue Du),45.83143,1.26416
202300031221,18,1,2023,2025-12-05 13:29:00,1,80,80489,2,1,1,3,Avenue Henri Barbusse,49.869424,2.360349
202300031222,20,1,2023,2025-12-05 19:15:00,5,79,79191,2,3,1,2,Adresse_Inconnue,46.34398,-0.4855
202300031223,9,1,2023,2025-12-05 18:15:00,5,78,78208,2,1,2,6,Montfort (Route De),48.784568,1.955294
202300031224,20,1,2023,2025-12-05 15:30:00,1,77,77350,2,1,1,6,Rue Danton,48.75936294,2.67805651
202300031225,20,1,2023,2025-12-05 07:42:00,5,74,74281,2,1,8,6,Thuyset (Avenue De),46.38116,6.49788
202300031226,19,1,2023,2025-12-05 17:30:00,2,74,74010,2,1,1,6,Sommeiller,45.9025,6.1268
202300031227,19,1,2023,2025-12-05 01:00:00,5,72,72181,2,1,1,6,Arsenal (Rue De L') Ndeg Imp,47.99759,0.20776
202300031228,20,1,2023,2025-12-05 08:10:00,1,71,71540,1,4,8,2,Thiellay (Le)  Rn.80,46.75935593,4.4645979
202300031229,20,1,2023,2025-12-05 19:20:00,5,70,70550,2,2,4,6,Gaulle (Boulevard Charles De),47.615913,6.152876
202300031230,21,1,2023,2025-12-05 00:35:00,3,69,69282,2,1,4,1,Chemin De Chassieu A Meyzieu,45.75479,4.9862
202300031231,20,1,2023,2025-12-05 20:45:00,5,69,69282,2,3,4,1,Rue Du Rambion,45.76115,4.98973
202300031232,20,1,2023,2025-12-05 09:55:00,1,69,69256,2,1,1,6,Avenue Franklin Roosevelt,45.7483,4.92883
202300031233,19,1,2023,2025-12-05 14:00:00,1,69,69029,2,2,2,3,Avenue Camille Rousset,45.73587,4.91167