num_acc,jour,mois,an,hrmn,lum,dep,com,agg,int,atm,col,adr,lat,long
202300031234,19,1,2023,2025-12-05 17:00:00,2,67,67482,2,3,1,6,Oberlin (Rue),48.59166,7.75529
202300031235,18,1,2023,2025-12-05 18:25:00,5,66,66136,2,1,1,6,Briand Boulevard Aristide,42.69379,2.90078
202300031236,20,1,2023,2025-12-05 09:50:00,1,64,64284,1,6,1,3,Corps Franc Pommies,43.29309,-0.38697
202300031237,19,1,2023,2025-12-05 13:30:00,1,64,64102,2,1,3,7,Avenue Henri De Navarre,43.51263488,-1.43830705
202300031238,19,1,2023,2025-12-05 17:19:00,1,63,63113,2,1,1,3,Cochet (Rue General),45.7806,3.10993
202300031239,16,1,2023,2025-12-05 17:30:00,3,62,62215,1,9,2,5,D919,50.50728,2.96206
202300031240,20,1,2023,2025-12-05 01:37:00,5,59,59350,2,1,5,3,Nationale Rue NdegReste Pairs,50.63233,3.051501
202300031241,18,1,2023,2025-12-05 18:00:00,1,59,59346,2,1,1,2,Lezennes Boulevard De,50.61761,3.11646
202300031242,20,1,2023,2025-12-05 16:30:00,1,57,57227,2,3,2,1,Sainte Croix (Rue ),49.18539211,6.90716028
202300031243,20,1,2023,2025-12-05 23:55:00,5,56,56260,2,1,1,6,Rue Pierre Servel,47.64634,-2.7632
202300031244,20,1,2023,2025-12-05 19:10:00,5,56,56260,2,3,1,3,Boulevard General Maurice Guillaudot,47.6669,-2.74588
202300031245,18,1,2023,2025-12-05 08:10:00,2,52,52448,2,1,1,6,Sarrail (Avenue Du General),48.64141,4.94946
202300031246,20,1,2023,2025-12-05 17:50:00,5,51,51058,2,1,1,6,Avenue Alcide De Gasperi,49.21832,3.99835
202300031247,19,1,2023,2025-12-05 12:45:00,1,51,51454,2,3,1,3,Avenue Du Marechal Juin,49.22591,4.01662
202300031248,19,1,2023,2025-12-05 17:48:00,2,49,49278,2,1,2,3,D312,47.44425,-0.55167
202300031249,19,1,2023,2025-12-05 11:45:00,1,49,49007,2,1,1,6,Saumuroise Impasse Et Rue,47.45909,-0.53552
202300031250,19,1,2023,2025-12-05 09:00:00,1,49,49007,2,2,8,3,Rue Victor Hugo,47.478,-0.5335
202300031251,19,1,2023,2025-12-05 08:49:00,1,49,49246,2,1,1,4,Europe Avenue,47.44384,-0.52716
202300031252,20,1,2023,2025-12-05 11:00:00,1,45,45208,2,1,1,2,29Bis Rue Du Faubourg D'Orleans,47.99525,2.72682
202300031253,20,1,2023,2025-12-05 08:10:00,2,37,37122,2,3,8,6,Douzilliere (Rue De La),47.33814,0.65332
202300031254,20,1,2023,2025-12-05 23:15:00,5,35,35238,2,1,1,3,Rohan (Rue De),48.11123037,-1.6802457
202300031255,20,1,2023,2025-12-05 17:30:00,2,35,35238,2,1,1,6,Ille Et Rance (Quai D'),48.11136349,-1.68680236
202300031256,20,1,2023,2025-12-05 09:20:00,1,35,35281,2,1,1,3,Auriol (Jacqueline),48.07538,-1.73635
202300031257,20,1,2023,2025-12-05 12:20:00,1,34,34172,2,1,1,3,587 Avenue De La Justice De Castelnau,43.62634,3.87665
202300031258,20,1,2023,2025-12-05 11:20:00,1,31,31555,2,1,8,2,Av Honore Serres,43.61546,1.43739
202300031259,19,1,2023,2025-12-05 15:35:00,1,31,31555,2,1,3,3,Va007306 A64,43.55786,1.41301
202300031260,20,1,2023,2025-12-05 05:16:00,3,29,29232,1,1,1,7,D365 - Avenue Du Morbihan,47.97798,-4.02274
202300031261,20,1,2023,2025-12-05 12:20:00,1,25,25056,2,1,1,4,Rue Thomas Edison,47.232308,5.972349
202300031262,20,1,2023,2025-12-05 11:00:00,1,25,25056,2,1,1,6,Adresse_Inconnue,47.222449,5.974356
202300031263,20,1,2023,2025-12-05 03:50:00,3,19,19031,2,1,9,2,De Jouvenel (Boulevard Henri),45.15800259,1.52361274
202300031264,20,1,2023,2025-12-05 15:00:00,1,17,17415,2,1,1,2,Gautier Rue,45.740432,-0.621053
202300031265,20,1,2023,2025-12-05 17:20:00,1,17,17306,2,3,1,3,Lamy (Bd Franck),45.627951,-1.016089
202300031266,20,1,2023,2025-12-05 11:05:00,1,17,17306,2,1,1,6,Europe (Cours De L'),45.624847,-1.022877
202300031267,20,1,2023,2025-12-05 03:13:00,3,17,17300,1,1,8,7,N137,46.16053,-1.12141
202300031268,20,1,2023,2025-12-05 18:00:00,3,13,13102,2,4,1,1,Marechal Juin (Av ),43.421,5.229
202300031269,20,1,2023,2025-12-05 16:40:00,2,13,13213,2,1,1,1,Alphonse Daudet (Rue),43.3206,5.40995
202300031270,20,1,2023,2025-12-05 11:50:00,1,13,13201,2,3,1,3,Adolphe Thiers (Rue),43.29667,5.38545
202300031271,20,1,2023,2025-12-05 08:00:00,1,13,13210,2,1,1,3,Rabatau (Boulevard),43.28247897,5.39952155
202300031272,20,1,2023,2025-12-05 00:45:00,5,13,13214,1,9,1,1,Jean Queillau (Rue),43.33486,5.38538
202300031273,20,1,2023,2025-12-05 20:20:00,5,13,13005,2,1,1,1,Charrel (Chemin Du),43.28278,5.54927
202300031274,20,1,2023,2025-12-05 14:06:00,1,10,10387,2,1,1,6,Avenue Edouard Herriot,48.27586487,4.07811105
202300031275,20,1,2023,2025-12-05 07:48:00,5,10,10387,2,1,8,6,Blanqui (Rue),48.30724,4.05486
202300031276,18,1,2023,2025-12-05 12:00:00,1,10,10387,2,2,1,6,Charles Delaunay (Rue),48.30282,4.06805
202300031277,20,1,2023,2025-12-05 15:10:00,1,6,6029,2,1,1,6,Chevalier (Avenue Maurice),43.560151,6.962681
202300031278,18,1,2023,2025-12-05 19:15:00,5,6,6027,2,1,1,2,Plage Boulevard De La,43.652,7.1535
202300031279,20,1,2023,2025-12-05 14:30:00,1,75,75113,2,1,1,5,Porte D Italie,48.816215,2.358558
202300031280,20,1,2023,2025-12-05 09:55:00,2,75,75116,2,1,1,5,Porte De Saint Cloud,48.83698,2.255462
202300031281,20,1,2023,2025-12-05 08:19:00,1,75,75114,2,3,1,3,Avenue Du Maine,48.838513,2.322607
202300031282,20,1,2023,2025-12-05 18:00:00,5,75,75119,2,2,1,6,Avenue Jean Jaures,48.88595,2.382147
202300031283,20,1,2023,2025-12-05 09:10:00,1,75,75116,2,1,1,7,Avenue Kleber,48.86581813,2.28927344
202300031284,20,1,2023,2025-12-05 20:10:00,5,75,75113,2,2,1,6,Rue De Tolbiac,48.825765,2.346586
202300031285,20,1,2023,2025-12-05 19:17:00,5,75,75113,2,2,1,3,Quai D Austerlitz,48.841915,2.367862
202300031286,20,1,2023,2025-12-05 19:50:00,5,75,75112,2,1,1,6,Rue Crozatier,48.847488,2.381201
202300031287,20,1,2023,2025-12-05 13:10:00,1,75,75112,2,3,1,1,Rue Crozatier,48.849691,2.379482
202300031288,20,1,2023,2025-12-05 16:40:00,1,75,75107,2,1,8,2,Rue De Sevres,48.849071,2.321686
202300031289,19,1,2023,2025-12-05 13:40:00,1,75,75103,2,3,8,6,Rue De Turenne,48.857451,2.364449
202300031290,20,1,2023,2025-12-05 07:16:00,5,94,94068,2,1,2,1,Pont Du Petit Parc,48.81345,2.48006
202300031291,19,1,2023,2025-12-05 18:15:00,5,94,94068,2,1,2,6,Guynemer (Av),48.78892,2.48591
202300031292,19,1,2023,2025-12-05 12:40:00,1,94,94068,2,1,1,3,Leon Bocquet (R),48.800594,2.484171
202300031293,19,1,2023,2025-12-05 20:30:00,5,94,94052,2,1,2,3,Boulevard De Strasbourg,48.845809,2.490079
202300031294,20,1,2023,2025-12-05 07:50:00,5,94,94038,2,3,1,6,Rue Gabriel Peri / Rue Dispan,48.78018,2.33915
202300031295,18,1,2023,2025-12-05 09:54:00,1,93,93030,2,3,1,6,Rue Paul Langevin / Rue Maurice Henniaux,48.95206,2.41517
202300031296,11,1,2023,2025-12-05 00:30:00,5,92,92073,2,1,2,2,Pont De Suresnes,48.86688677,2.22944409
202300031297,19,1,2023,2025-12-05 23:20:00,5,92,92064,2,1,2,6,Dailly,48.8448,2.2175
202300031298,20,1,2023,2025-12-05 16:20:00,1,92,92051,2,9,8,2,"Victor Hugo (Boulevard, Ndeg 51 A 75 Et 62",48.89132927,2.27518246
202300031299,20,1,2023,2025-12-05 12:20:00,1,92,92051,2,6,1,3,"Bineau (Boulevard, Ndeg133 A 217 Et 134 A",48.89355082,2.26774657
202300031300,20,1,2023,2025-12-05 21:00:00,5,92,92020,2,1,2,6,Paris Avenue De Ndeg84 A Fin,48.806738,2.293453
202300031301,19,1,2023,2025-12-05 18:40:00,5,92,92049,2,1,2,3,Brossolette Avenue Pierre,48.81683,2.306747
202300031302,20,1,2023,2025-12-05 00:10:00,5,92,92035,2,6,2,6,Souvenir Francais ( Rond Point Du ),48.90661,2.24808
202300031303,20,1,2023,2025-12-05 19:46:00,5,92,92025,2,1,1,3,Bournard (Rue Du),48.923039,2.254626
202300031304,20,1,2023,2025-12-05 20:47:00,5,92,92012,2,9,1,6,Edouard Vaillant (Avenue) - Debut/55 - C,48.83396,2.24482
202300031305,18,1,2023,2025-12-05 14:55:00,1,92,92012,2,2,1,3,Republique (Boulevard De La) 5/77Bis - 6,48.83202,2.25309
202300031306,7,1,2023,2025-12-05 23:45:00,3,83,83062,1,1,1,4,A570,43.143947,6.032381
202300031307,11,1,2023,2025-12-05 16:55:00,1,69,69382,1,1,1,3,Route De Metropole 7,45.74457,4.82731
202300031308,20,1,2023,2025-12-05 19:15:00,3,33,33397,1,1,1,5,Autoroute A 10,44.910844,-0.486943
202300031309,20,1,2023,2025-12-05 18:40:00,3,33,33249,1,1,1,2,Route Nationale 230,44.88532,-0.51021
202300031310,20,1,2023,2025-12-05 06:25:00,3,33,33162,1,1,2,7,Rocade A 630,44.86722903,-0.64899534
202300031311,18,1,2023,2025-12-05 11:50:00,1,93,93007,1,1,1,3,Autoroute A3,48.92833137,2.48120159
202300031312,30,7,2023,2025-12-05 01:30:00,5,75,75110,2,1,1,3,Rue De La Grange Aux Belles,48.875327,2.36739
202300031313,30,7,2023,2025-12-05 15:27:00,1,973,97302,2,3,1,3,Flamboyants (Rue Des),4.92497,-52.31717
202300031314,19,1,2023,2025-12-05 08:10:00,2,22,22278,2,1,2,6,Armorique (Av. D'),48.51549,-2.7932
202300031315,30,7,2023,2025-12-05 03:40:00,5,973,97302,2,1,1,3,Liberte (Avenue De La),4.93488722,-52.33346388
202300031316,19,1,2023,2025-12-05 20:30:00,5,27,27229,2,1,5,1,Cites Unies (Boulevard Des),49.01654456,1.14386086
202300031317,30,7,2023,2025-12-05 00:35:00,5,973,97302,2,1,1,7,Galmot (Rond-Point),4.9316,-52.32985
202300031318,18,1,2023,2025-12-05 14:00:00,1,77,77186,2,2,1,6,D606,48.41245,2.69789
202300031319,29,7,2023,2025-12-05 18:50:00,3,971,97113,1,1,1,4,Section Cocoyer,16.24129,-61.49234
202300031320,29,7,2023,2025-12-05 02:45:00,5,971,97113,2,1,1,6,Rn4 - Section Riviera,16.21191,-61.4748
202300031321,19,1,2023,2025-12-05 14:20:00,1,976,97611,2,1,1,3,Kaweni-Mangrove ( Rue De La ),-12.77577,45.22725
202300031322,31,7,2023,2025-12-05 01:55:00,5,2A,2A004,2,1,1,6,Kennedy Av President,41.931,8.737
202300031323,19,1,2023,2025-12-05 18:20:00,5,69,69383,2,2,1,3,Cours Docteur Long,45.74933,4.884
202300031324,30,7,2023,2025-12-05 07:45:00,1,95,95500,2,3,1,3,Francois Mitterrand (Avenue),49.04392,2.08499
202300031325,19,1,2023,2025-12-05 03:47:00,4,69,69387,2,1,1,2,103 Avenue Berthelot,45.74388,4.84604
202300031326,13,1,2023,2025-12-05 07:45:00,1,972,97213,1,1,2,7,Bois D'Inde (Cite),14.6255652,-61.0107221
202300031327,30,7,2023,2025-12-05 18:00:00,1,91,91657,2,6,1,3,Rue Des Anemones,48.69843,2.42606
202300031328,19,1,2023,2025-12-05 07:50:00,1,972,97213,2,6,1,3,Bois D'Inde (Cite),14.62888,-61.0152
202300031329,30,7,2023,2025-12-05 16:45:00,1,83,83062,2,9,1,6,Draguignan (Avenue De),43.14577,6.03985
202300031330,19,1,2023,2025-12-05 15:19:00,1,972,97209,1,1,1,3,Rd 41 (Rocade),14.61005,-61.0652
202300031331,18,1,2023,2025-12-05 18:45:00,2,69,69382,2,3,8,3,Quai Perrache,45.7383,4.82161
202300031332,30,7,2023,2025-12-05 17:21:00,1,77,77108,2,3,1,1,D934,48.868805,2.573847
202300031333,19,1,2023,2025-12-05 11:55:00,1,971,97113,1,9,1,6,Denis Bordelais,16.20763,-61.48248
202300031334,30,7,2023,2025-12-05 06:00:00,1,77,77058,1,2,1,3,Europe (Avenue De L' ),48.834657,2.740087
202300031335,19,1,2023,2025-12-05 08:55:00,1,2A,2A004,2,1,1,6,Route Du Stiletto,41.94664,8.7652
202300031336,29,7,2023,2025-12-05 17:05:00,1,76,76026,1,1,1,6,Rd 100,49.86801,1.12468
202300031337,19,1,2023,2025-12-05 15:20:00,1,95,95277,2,1,1,6,Ferme Saint Simon (Rue De La),48.962912,2.452591
202300031338,30,7,2023,2025-12-05 16:56:00,1,64,64024,2,1,1,3,Adour (Av De L'),43.50593,-1.49634
202300031339,18,1,2023,2025-12-05 11:20:00,1,95,95203,2,7,1,6,Jeanne D'Arc (Avenue),48.99112197,2.27862239
202300031340,18,1,2023,2025-12-05 09:06:00,1,87,87085,2,3,9,7,Fougeras (Rue De),45.86448,1.29177
202300031341,30,7,2023,2025-12-05 02:45:00,5,62,62617,2,2,8,3,D937,50.4756948,2.66575974
202300031342,19,1,2023,2025-12-05 13:40:00,1,83,83137,2,1,1,3,Passy (Ave Frederic),43.12018266,5.94723353
202300031343,29,7,2023,2025-12-05 21:30:00,1,56,56260,2,9,1,3,Sainte-Anne(Rue),47.66065,-2.77642
202300031344,16,1,2023,2025-12-05 08:25:00,5,80,80021,2,1,2,6,Paris (Rue De),49.88895,2.28999
202300031345,29,7,2023,2025-12-05 17:25:00,1,49,49328,2,7,1,3,Kleber (Place),47.26287,-0.07955
202300031346,16,1,2023,2025-12-05 07:35:00,5,80,80021,2,1,3,6,Place Alphonse Fiquet,49.89113,2.30726
202300031347,30,7,2023,2025-12-05 19:40:00,1,44,44109,2,2,1,6,41 Rue General Buat,47.23148,-1.53812
202300031348,19,1,2023,2025-12-05 15:20:00,1,77,77333,2,1,1,6,Rue Du Boisseau,48.264502,2.695601
202300031349,18,1,2023,2025-12-05 11:20:00,1,77,77186,1,1,1,2,D607,48.418333,2.67318
202300031350,30,7,2023,2025-12-05 16:15:00,1,37,37261,2,6,1,3,Suede (Rue De),47.43283,0.6859
202300031351,18,1,2023,2025-12-05 08:15:00,2,77,77013,1,1,1,6,D402,48.843784,3.088368
202300031352,30,7,2023,2025-12-05 00:50:00,5,31,31555,2,1,1,4,Bd Pr Leopold Escande,43.60336,1.45651
202300031353,19,1,2023,2025-12-05 18:10:00,5,76,76231,2,2,1,3,Rue Jean Jaures,49.291006,1.009813
202300031354,30,7,2023,2025-12-05 19:04:00,1,17,17306,2,9,1,6,Europe (Cours De L'),45.627,-1.01878
202300031355,19,1,2023,2025-12-05 06:00:00,3,76,76351,1,1,2,2,Rd 6382,49.524588,0.174796
202300031356,25,7,2023,2025-12-05 13:15:00,1,12,12145,2,1,1,3,Ayrolle (Boulevard De L'),44.09822,3.07679
202300031357,18,1,2023,2025-12-05 15:15:00,1,76,76351,2,2,4,2,Saint Quentin (De),49.5126,0.11687
202300031358,30,7,2023,2025-12-05 06:30:00,1,2,2408,2,1,1,1,Adresse_Inconnue,49.570819,3.634538
202300031359,18,1,2023,2025-12-05 03:00:00,5,76,76351,2,1,1,1,Pierre Mendes France,49.51241,0.14774
202300031360,30,7,2023,2025-12-05 01:17:00,3,75,75112,2,7,1,6,Esplanade Saint Louis,48.84061817,2.43488789
202300031361,18,1,2023,2025-12-05 09:30:00,1,76,76707,1,1,4,2,D915,49.86272271,1.11047483
202300031362,30,7,2023,2025-12-05 14:20:00,1,75,75118,2,2,1,3,Boulevard Barbes,48.8905,2.349606
202300031363,17,1,2023,2025-12-05 08:45:00,1,71,71076,2,2,2,3,Paris (Avenue De),46.80658,4.84423
202300031364,20,1,2023,2025-12-05 00:45:00,5,69,69275,2,3,1,6,Avenue Jean Jaures,45.77211,4.97099
202300031365,30,7,2023,2025-12-05 16:00:00,1,75,75116,2,2,1,2,Boulevard Exelmans,48.847916,2.25947
202300031366,19,1,2023,2025-12-05 18:20:00,5,69,69264,2,1,1,6,Rue Grange Blazet,45.98364,4.71982
202300031367,29,7,2023,2025-12-05 19:35:00,1,75,75112,2,1,1,4,Rue Proudhon,48.837157,2.390517
202300031368,19,1,2023,2025-12-05 14:30:00,1,69,69264,2,6,1,3,Avenue De L'Europe,45.99823,4.7394
202300031369,30,7,2023,2025-12-05 15:45:00,1,75,75103,2,2,1,3,Rue Saint Martin,48.861654,2.351627
202300031370,19,1,2023,2025-12-05 09:30:00,1,69,69290,2,1,4,1,Rue Michel Jacquet,45.69639,4.91924
202300031371,19,1,2023,2025-12-05 07:05:00,5,68,68066,2,1,1,3,Avenue De Lorraine,48.09316,7.35526
202300031372,30,7,2023,2025-12-05 18:30:00,1,94,94077,2,2,1,1,Avenue De La Republique,48.7322,2.408
202300031373,19,1,2023,2025-12-05 10:30:00,1,66,66136,2,3,9,6,Adresse_Inconnue,42.690477,2.88549364
202300031374,29,7,2023,2025-12-05 21:50:00,2,94,94002,2,1,2,6,Rue De Naples,48.78992,2.43124
202300031375,13,1,2023,2025-12-05 11:02:00,1,63,63063,2,1,1,3,Verte (Rue),45.83963,3.11761
202300031376,30,7,2023,2025-12-05 18:24:00,1,92,92040,2,2,1,3,Bourgain (Avene),48.82250963,2.26797277
202300031377,18,1,2023,2025-12-05 12:50:00,1,62,62523,2,6,7,3,D917,50.44405,2.85677
202300031378,30,7,2023,2025-12-05 20:30:00,1,92,92025,2,1,1,3,Charles De Gaulle (Bd),48.90907,2.23631
202300031379,19,1,2023,2025-12-05 07:25:00,3,61,61466,1,1,1,6,D924,48.749727,-0.498587
202300031380,19,1,2023,2025-12-05 08:55:00,1,60,60057,2,1,1,6,Avenue De Flandre Dunkerque 40,49.43481,2.09819
202300031381,28,7,2023,2025-12-05 22:35:00,3,50,50447,1,1,1,1,Route De La Havaudiere,48.79238,-1.512777
202300031382,19,1,2023,2025-12-05 19:45:00,5,59,59508,2,1,1,2,Halluin (Boulevard D'),50.73933,3.132
202300031383,31,7,2023,2025-12-05 16:40:00,1,12,12287,2,1,1,1,D926,44.316092,1.890802
202300031384,20,1,2023,2025-12-05 01:00:00,3,59,59206,2,1,9,6,Jaures (Rue Jean),50.195108,3.268167
202300031385,30,7,2023,2025-12-05 09:50:00,1,35,35177,1,1,1,6,D137,48.224573,-1.74938
202300031386,31,7,2023,2025-12-05 09:50:00,1,2A,2A211,1,1,1,6,T40,41.764942,8.951068
202300031387,19,1,2023,2025-12-05 11:51:00,1,56,56121,2,1,2,3,Zay (Rue  Jean ),47.74357,-3.38517
202300031388,29,7,2023,2025-12-05 17:45:00,1,2A,2A119,1,1,1,3,Route De Frasseto,41.895513,9.015913
202300031389,18,1,2023,2025-12-05 10:05:00,1,56,56098,2,1,1,2,183 Rue Jean Jaures,47.76873,-3.35265
202300031390,31,7,2023,2025-12-05 16:00:00,1,52,52114,1,1,1,2,D6,48.044962,4.905202
202300031391,18,1,2023,2025-12-05 08:00:00,5,56,56098,2,6,2,6,32 Rue Marcel Sembat,47.76192,-3.34665
202300031392,30,7,2023,2025-12-05 02:19:00,3,18,18259,1,1,1,7,Adresse_Inconnue,47.47126,2.691441
202300031393,16,1,2023,2025-12-05 17:50:00,5,54,54580,2,1,3,6,Rue Gambetta,49.47004,5.92821
202300031394,28,7,2023,2025-12-05 16:20:00,1,36,36011,1,1,3,3,Adresse_Inconnue,47.176762,1.729918
202300031395,19,1,2023,2025-12-05 06:55:00,3,54,54028,1,1,8,7,Rd643,49.21737,5.96698
202300031396,24,7,2023,2025-12-05 00:40:00,3,76,76413,2,1,2,7,Rue Jean Baptiste Viguerard,49.863875,1.1538
202300031397,19,1,2023,2025-12-05 18:12:00,5,51,51454,2,4,1,3,Rue De Courcelles,49.2632,4.01577
202300031398,30,7,2023,2025-12-05 21:53:00,3,38,38239,1,1,1,6,D1085,45.333557,5.564908
202300031399,17,1,2023,2025-12-05 08:35:00,2,50,50129,2,3,2,3,Cosnard (Pont),49.61419,-1.64631
202300031400,31,7,2023,2025-12-05 02:30:00,3,44,44103,1,1,1,2,Adresse_Inconnue,47.324861,-2.150445
202300031401,31,7,2023,2025-12-05 10:09:00,1,12,12270,1,1,1,7,A75 - Pk 186.100 - Sens Nord/Sud,44.36092377,3.11715603
202300031402,18,1,2023,2025-12-05 19:20:00,5,49,49214,2,6,1,2,D768,47.5209,-0.61063
202300031403,18,1,2023,2025-12-05 17:44:00,5,49,49007,2,1,8,6,Rue Du Chateau D'Orgemont,47.45109,-0.54482
202300031404,24,7,2023,2025-12-05 13:34:00,1,22,22175,1,1,1,6,D16,48.440213,-2.348263
202300031405,30,7,2023,2025-12-05 06:20:00,2,77,77436,1,1,1,1,D934,48.788942,3.199214
202300031406,18,1,2023,2025-12-05 07:57:00,5,49,49015,2,3,1,2,De Gaulle Avenue Du General,47.50166,-0.59244
202300031407,18,1,2023,2025-12-05 07:10:00,5,49,49246,2,1,1,7,Chemin De La Monnaie,47.44396,-0.51118
202300031408,31,7,2023,2025-12-05 00:10:00,3,61,61301,1,1,1,6,Autoroute A28 Pk 171+150,48.539682,0.164966
202300031409,21,7,2023,2025-12-05 22:41:00,3,40,40167,1,1,1,7,D315,44.226738,-0.572023
202300031410,19,1,2023,2025-12-05 18:52:00,3,47,47201,2,3,3,1,Gascogne (Avenue De),44.16753,0.60968
202300031411,19,7,2023,2025-12-05 12:15:00,1,56,56020,1,1,1,6,Beausejour,47.79957,-2.44784
202300031412,28,7,2023,2025-12-05 18:45:00,1,67,67305,2,7,2,1,13 Rue Du Fond,48.932731,8.157538
202300031413,19,1,2023,2025-12-05 07:50:00,2,47,47001,2,3,8,3,Barbusse (Av. Henri),44.20548,0.62857
202300031414,20,7,2023,2025-12-05 11:30:00,1,67,67500,2,9,1,6,Rue Du General De Gaulle,48.526008,7.331379
202300031415,29,7,2023,2025-12-05 17:40:00,1,80,80437,1,1,1,7,D96,49.934193,1.901879
202300031416,29,7,2023,2025-12-05 04:00:00,3,82,82175,1,1,1,6,D57,44.129585,0.939095
202300031417,17,1,2023,2025-12-05 11:55:00,1,37,37214,2,1,1,1,Palluau (Rue De),47.4012,0.65314
202300031418,30,7,2023,2025-12-05 18:25:00,1,71,71450,1,1,1,7,D43,46.907386,4.518771
202300031419,17,1,2023,2025-12-05 07:55:00,5,35,35288,2,1,2,6,Grand Jardin (Rue Du),48.62782,-1.9858
202300031420,31,7,2023,2025-12-05 06:20:00,2,71,71170,2,3,1,3,26 Route De Chagny,46.925245,4.830835
202300031421,19,1,2023,2025-12-05 18:45:00,5,35,35238,2,2,8,6,Volclair (Bd Louis),48.08829847,-1.66747302
202300031422,22,7,2023,2025-12-05 12:10:00,1,12,12208,2,3,1,6,10 Boulevard De La Capelle,43.95585,2.889289
202300031423,31,7,2023,2025-12-05 08:35:00,1,12,12031,1,1,1,6,Rd 53,44.469672,2.294946
202300031424,19,1,2023,2025-12-05 16:45:00,1,35,35238,1,6,1,2,N136,48.08185879,-1.67517096
202300031425,31,7,2023,2025-12-05 20:15:00,1,42,42329,2,4,1,6,Route Bleue,45.316815,4.512693
202300031426,19,1,2023,2025-12-05 17:00:00,2,33,33318,2,1,3,6,Avenue Du General Leclerc,44.79095,-0.67285
202300031427,30,7,2023,2025-12-05 21:00:00,2,47,47106,2,6,1,6,Avenue De L'Usine,44.493494,0.963627
202300031428,18,1,2023,2025-12-05 18:05:00,2,29,29019,2,3,1,3,Boulevard Leon Blum,48.404217,-4.484486
202300031429,29,7,2023,2025-12-05 19:06:00,1,47,47110,2,3,1,6,1 Rue De Bantzenheim,44.456387,0.29481
202300031430,19,1,2023,2025-12-05 10:20:00,1,26,26198,2,1,1,6,Avenue John Fitzgerald Kennedy,44.55592,4.734
202300031431,25,7,2023,2025-12-05 16:15:00,1,22,22222,1,1,1,3,Lieu Dit Keregal,48.669029,-2.894039
202300031432,19,1,2023,2025-12-05 23:25:00,5,22,22278,2,9,2,6,Monge,48.501,-2.741
202300031433,28,7,2023,2025-12-05 07:40:00,1,39,39286,2,1,1,1,Rue Du Desart,46.386506,5.7806
202300031434,19,1,2023,2025-12-05 09:05:00,1,17,17461,2,6,8,4,Express (Voie),45.64924,-1.04789
202300031435,30,7,2023,2025-12-05 16:00:00,1,39,39106,1,1,1,1,Adresse_Inconnue,46.451319,5.711759
202300031436,15,7,2023,2025-12-05 13:30:00,1,25,25180,1,1,1,7,Route Departementale 229,46.959881,6.024038
202300031437,18,1,2023,2025-12-05 17:30:00,5,14,14715,2,9,4,6,Rue De L'Ancien Parc Aux Huitres,49.361,0.086
202300031438,28,7,2023,2025-12-05 14:45:00,1,29,29192,2,1,1,2,Route De Sibiril,48.66965626,-4.05049266
202300031439,18,1,2023,2025-12-05 14:10:00,1,14,14715,1,2,8,2,D513,49.37838,0.09834
202300031440,27,7,2023,2025-12-05 18:45:00,1,29,29220,1,1,2,5,D102,47.84682701,-4.22688215
202300031441,19,1,2023,2025-12-05 18:55:00,5,13,13208,2,2,1,3,Gatons (Rue),43.25207,5.37757
202300031442,30,7,2023,2025-12-05 15:55:00,1,38,38144,1,1,1,3,D518,45.58371,5.097592
202300031443,19,1,2023,2025-12-05 16:00:00,1,13,13204,2,1,1,6,Chutes Lavi (Avenue),43.31401729,5.39736348
202300031444,31,7,2023,2025-12-05 11:58:00,1,38,38130,1,1,1,3,D518,45.380728,5.279789
202300031445,19,1,2023,2025-12-05 07:15:00,2,13,13213,2,1,1,2,Jean Paul Sartre (Avenue),43.32199903,5.41787181
202300031446,30,7,2023,2025-12-05 11:46:00,1,38,38479,1,1,1,6,Route Departementale 41,45.420956,5.192156
202300031447,18,1,2023,2025-12-05 08:34:00,1,13,13208,2,1,1,3,Michelet (Boulevard),43.26172749,5.39737485
202300031448,29,7,2023,2025-12-05 13:45:00,1,3,3138,1,1,3,6,Route De Dompierre,46.26516,3.612437
202300031449,28,7,2023,2025-12-05 09:30:00,1,3,3072,1,1,1,2,Route Departementale 40 - Lieu-Dit Villevendret,46.501819,2.544601
202300031450,19,1,2023,2025-12-05 00:50:00,5,13,13206,2,3,1,3,Prado (Avenue Du),43.28402564,5.3847657
202300031451,30,7,2023,2025-12-05 14:40:00,1,1,1388,2,2,1,7,Place Fernand Rude,46.45888,5.084256
202300031452,31,7,2023,2025-12-05 20:30:00,1,5,5149,1,1,1,7,D944,44.657351,6.20587
202300031453,18,1,2023,2025-12-05 18:40:00,5,13,13206,2,1,1,6,Cours Lieutaud,43.29134995,5.3830152
202300031454,31,7,2023,2025-12-05 12:00:00,1,50,50417,2,3,2,6,Place De La Mairie,49.593563,-1.303425
202300031455,18,1,2023,2025-12-05 16:20:00,1,13,13211,2,3,1,3,Avenue Jean Lombard,43.28929694,5.43637605
202300031456,27,7,2023,2025-12-05 19:15:00,1,83,83124,1,3,1,3,D562,43.585489,6.634433
202300031457,30,7,2023,2025-12-05 16:45:00,1,83,83046,1,1,1,7,Route Departementale 22,43.54327221,6.15818972
202300031458,31,7,2023,2025-12-05 17:15:00,1,60,60393,2,1,3,1,Rue De Creil,49.267161,2.370836
202300031459,30,7,2023,2025-12-05 16:36:00,1,64,64403,1,1,1,1,Route Departementale 936,43.372022,-0.84704
202300031460,30,7,2023,2025-12-05 18:00:00,1,64,64461,2,2,1,3,Route Departementale 817,43.525046,-0.910653