num_acc,jour,mois,an,hrmn,lum,dep,com,agg,int,atm,col,adr,lat,long
202300031461,30,7,2023,2025-12-05 12:30:00,1,64,64015,1,1,2,6,Rd247,43.095789,-0.907005
202300031462,20,6,2023,2025-12-05 13:55:00,1,73,73164,1,1,1,6,D913 Route Du Revard,45.704595,5.998801
202300031463,30,7,2023,2025-12-05 15:40:00,1,43,43150,2,7,1,1,Le Bourg,45.097085,4.059269
202300031464,30,7,2023,2025-12-05 09:30:00,1,16,16425,1,1,1,6,Adresse_Inconnue,45.747177,0.449774
202300031465,30,7,2023,2025-12-05 19:00:00,1,53,53228,1,1,1,6,La Douettee,48.033955,-0.373245
202300031466,29,7,2023,2025-12-05 11:00:00,1,21,21445,1,1,1,7,"D 26, Pk 45+820",47.318332,4.317701
202300031467,21,7,2023,2025-12-05 08:10:00,1,4,4094,2,1,1,1,Avenue Des Thermes,43.757798,5.894026
202300031468,30,7,2023,2025-12-05 12:40:00,1,85,85146,2,6,1,3,Rd 137,46.984172,-1.319298
202300031469,30,7,2023,2025-12-05 18:20:00,1,85,85089,1,3,1,7,La Malvoire,46.741217,-1.347689
202300031470,31,7,2023,2025-12-05 11:45:00,1,28,28052,1,1,2,5,D26.1,48.56626,1.527234
202300031471,29,7,2023,2025-12-05 17:45:00,1,23,23220,2,1,1,7,Fourneaux,46.021568,2.138685
202300031472,30,7,2023,2025-12-05 17:30:00,1,87,87187,2,4,1,7,Place De La Nation,45.50930559,1.20274365
202300031473,28,7,2023,2025-12-05 03:45:00,3,37,37122,1,1,3,2,D751,47.338605,0.636628
202300031474,30,7,2023,2025-12-05 02:05:00,5,30,30122,1,1,5,1,Campe Faysse,43.902678,4.215472
202300031475,29,7,2023,2025-12-05 17:30:00,1,48,48144,1,1,1,7,D9,44.15657132,3.73847648
202300031476,29,7,2023,2025-12-05 21:10:00,5,987,98734,2,1,1,1,Pk 35.200 - Rt1,-17.760922,-149.508289
202300031477,29,7,2023,2025-12-05 23:20:00,5,30,30169,2,1,1,6,Rue Du Temple,43.79042,4.307056
202300031478,31,7,2023,2025-12-05 16:44:00,1,1,1266,2,1,1,6,D975,46.336903,5.128706
202300031479,30,7,2023,2025-12-05 19:50:00,5,987,98715,1,1,1,5,Rt5 - Sens Decroissant - Trois Voies De Circulation,-17.584,-149.56
202300031480,28,7,2023,2025-12-05 23:45:00,3,33,33072,1,1,1,6,A 62,44.53190156,-0.177176
202300031481,28,7,2023,2025-12-05 14:45:00,1,34,34172,1,1,1,2,A709,43.599855,3.9176
202300031482,31,7,2023,2025-12-05 15:10:00,1,21,21405,1,1,1,5,"A6, Pk 314+100",46.93907,4.825015
202300031483,31,7,2023,2025-12-05 04:00:00,5,73,73304,2,6,1,6,"D902, La Daille",45.45965658,6.96628541
202300031484,31,7,2023,2025-12-05 13:00:00,1,11,11441,1,1,1,6,Adresse_Inconnue,43.20238,3.080909
202300031485,31,7,2023,2025-12-05 09:50:00,1,30,30189,1,1,1,4,A54 Pk 001.150,43.807836,4.353611
202300031486,29,7,2023,2025-12-05 20:20:00,3,988,98831,1,1,1,6,Route De Tieta - Vu 60,-20.943585,164.712031
202300031487,29,7,2023,2025-12-05 22:45:00,3,988,98802,1,1,1,6,"Pr 86+750, Rt1, Ouamenie",-21.85984,165.97754
202300031488,29,7,2023,2025-12-05 21:40:00,3,973,97305,1,1,1,1,Pk 39.5 Rn1,5.068032,-52.590126
202300031489,28,7,2023,2025-12-05 13:03:00,1,45,45063,1,2,8,5,D51 Pr 23 + 599,47.636702,2.448428
202300031490,30,7,2023,2025-12-05 02:00:00,3,34,34213,1,1,1,6,D2,43.510445,3.645406
202300031491,29,7,2023,2025-12-05 10:30:00,1,34,34209,1,1,1,2,Rd612,43.3131124,3.32988796
202300031492,30,7,2023,2025-12-05 12:55:00,1,34,34154,1,1,1,3,Rd189,43.610539,3.973145
202300031493,27,7,2023,2025-12-05 08:15:00,1,83,83112,2,3,1,3,Avenue Des Lecques,43.181593,5.697704
202300031494,30,7,2023,2025-12-05 09:20:00,1,13,13082,1,1,1,3,D543 Pk 02+850,43.694982,5.344055
202300031495,30,7,2023,2025-12-05 08:30:00,1,13,13059,1,1,1,3,D96,43.633229,5.516832
202300031496,29,7,2023,2025-12-05 20:20:00,1,13,13048,2,1,1,7,Chemin De La Colle,43.633202,5.629174
202300031497,30,7,2023,2025-12-05 13:55:00,1,71,71150,2,1,1,7,440 Rue Du Stade,46.241176,4.781422
202300031498,31,7,2023,2025-12-05 08:35:00,1,67,67127,2,1,1,3,48 Rue De Wolxheim,48.5697,7.523012
202300031499,30,7,2023,2025-12-05 19:28:00,2,54,54090,2,3,1,6,Rue Victor Henry,48.75306,6.16424
202300031500,30,7,2023,2025-12-05 14:00:00,1,63,63092,1,1,1,1,D455,45.916288,3.030338
202300031501,29,7,2023,2025-12-05 10:15:00,1,7,7127,2,1,1,6,Rue Des Tanins,44.64666,4.324596
202300031502,28,7,2023,2025-12-05 14:00:00,1,85,85222,2,1,1,7,9 Avenue De L'Atlantique,46.688321,-1.9337278
202300031503,30,7,2023,2025-12-05 07:55:00,1,29,29237,2,1,1,6,Lez Elorn,48.47506963,-4.20591814
202300031504,30,7,2023,2025-12-05 16:53:00,1,22,22198,1,2,1,3,D788,48.80916,-3.533065
202300031505,26,7,2023,2025-12-05 14:45:00,1,22,22198,1,1,1,3,D788,48.798636,-3.540667
202300031506,31,7,2023,2025-12-05 09:40:00,1,22,22186,1,2,8,3,Route De La Liberation,48.585384,-2.5175
202300031507,29,7,2023,2025-12-05 16:20:00,1,59,59399,2,1,1,1,499 Rue De Bailleul,50.714084,2.668308
202300031508,29,7,2023,2025-12-05 11:00:00,1,13,13071,1,1,1,3,F1-Sens Lyon Vers A55-Martigues,43.40498,5.29499
202300031509,29,7,2023,2025-12-05 03:45:00,3,13,13005,1,1,1,2,A50-Sens Aubagne Vers Marseille,43.289,5.55095
202300031510,5,7,2023,2025-12-05 04:35:00,3,83,83144,1,1,1,6,A57,43.14334,6.0132
202300031511,30,7,2023,2025-12-05 15:45:00,1,33,33550,1,1,1,4,Rocade A 630,44.77847,-0.55431
202300031512,30,7,2023,2025-12-05 01:25:00,3,33,33162,1,1,1,6,Rocade A 630,44.859293,-0.660958
202300031513,30,7,2023,2025-12-05 16:10:00,1,91,91689,1,1,1,3,Autoroute A6B,48.74369,2.32333
202300031514,14,4,2023,2025-12-05 13:15:00,1,76,76681,2,2,1,3,Avenue Du 14 Juillet,49.40643,1.09669
202300031515,30,7,2023,2025-12-05 13:23:00,1,92,92002,1,1,1,4,Autoroute A10,48.73057039,2.30851382
202300031516,13,4,2023,2025-12-05 19:00:00,1,76,76296,1,1,1,5,Liberation (Rue De La ),49.51751,0.24723
202300031517,29,7,2023,2025-12-05 22:58:00,3,91,91689,1,1,1,2,A6,48.74795,2.32665
202300031518,30,7,2023,2025-12-05 01:30:00,3,92,92064,1,1,1,6,A13,48.83971944,2.21953969
202300031519,14,4,2023,2025-12-05 14:40:00,1,72,72181,2,1,3,2,Patton General Rte Bauge A Chemin Ronde,47.98884,0.17843
202300031520,14,4,2023,2025-12-05 09:10:00,1,72,72181,2,3,2,6,Bollee (Av) Ndeg Pairs 2 A 62,48.00237,0.206
202300031521,30,7,2023,2025-12-05 06:45:00,2,94,94018,1,1,1,3,A4,48.81737894,2.41732391
202300031522,13,4,2023,2025-12-05 17:50:00,1,71,71270,2,1,1,6,Olivier De Serres (Rue),46.29411,4.81584
202300031523,29,7,2023,2025-12-05 21:55:00,3,77,77495,1,1,1,6,A5B,48.57555,2.63901
202300031524,14,4,2023,2025-12-05 21:50:00,5,69,69256,2,1,2,6,Avenue Roger Salengro,45.7547,4.9282
202300031525,25,4,2023,2025-12-05 07:55:00,1,42,42186,2,1,1,1,M88,45.521,4.59663
202300031526,14,4,2023,2025-12-05 02:30:00,5,69,69264,2,1,1,6,706 Rue D'Anse,45.97943,4.7176
202300031527,28,7,2023,2025-12-05 11:10:00,1,38,38053,2,9,1,6,Avenue Henri Barbusse,45.59578405,5.26772745
202300031528,27,7,2023,2025-12-05 10:45:00,1,34,34301,2,6,1,6,4 Place Delille,43.4047,3.7009
202300031529,13,4,2023,2025-12-05 10:32:00,1,66,66136,2,1,1,6,Adresse_Inconnue,42.68705,2.90611
202300031530,10,3,2023,2025-12-05 10:55:00,1,974,97409,2,9,3,3,Rn2 Sens Ste Suzanne St Benoit,-20.94394,55.64944
202300031531,14,4,2023,2025-12-05 10:15:00,1,64,64545,1,1,3,3,Bretelle De Lautoroute Rd 913,43.37482,-1.68547
202300031532,29,7,2023,2025-12-05 07:50:00,1,974,97411,2,9,1,5,Jaures (Bld 1 Jean),-20.89067,55.45521
202300031533,28,7,2023,2025-12-05 16:15:00,1,974,97411,2,6,1,2,Jaures (Boulevard Jean),-20.9023,55.5025
202300031534,14,4,2023,2025-12-05 08:36:00,1,60,60057,2,9,1,1,Rue Fermepin,49.43364,2.09372
202300031535,29,7,2023,2025-12-05 17:50:00,1,974,97407,2,9,1,6,Louis Guilloux (Allee)- Riv. Des Galets,-20.95775,55.31369
202300031536,14,4,2023,2025-12-05 03:10:00,4,59,59648,2,1,1,6,Guillain Charles Avenue,50.588462,3.044315
202300031537,29,7,2023,2025-12-05 11:27:00,1,973,97302,2,1,1,3,Crique Fouillee (Rond Point),4.89655,-52.32864
202300031538,29,7,2023,2025-12-05 00:10:00,5,973,97302,2,1,1,1,Madeleine (Route De La),4.9123,-52.3211
202300031539,14,4,2023,2025-12-05 10:50:00,1,59,59317,2,9,1,3,Hugo  (Rue Victor),50.687511,2.896865
202300031540,29,7,2023,2025-12-05 01:00:00,5,69,69386,2,2,1,3,Rue Tronchet,45.77056,4.85503
202300031541,14,4,2023,2025-12-05 13:20:00,1,57,57447,2,1,1,6,11Eme D'Aviation (Rue De La),49.08524,6.14901
202300031542,29,7,2023,2025-12-05 04:05:00,5,95,95288,2,1,9,6,D311,48.98194213,2.3531878
202300031543,13,4,2023,2025-12-05 19:00:00,1,56,56121,2,1,2,2,Leclerc ( Bd General ),47.74851,-3.36539
202300031544,28,7,2023,2025-12-05 23:20:00,5,91,91216,2,1,1,3,Cd 257,48.675957,2.336313
202300031545,13,4,2023,2025-12-05 17:55:00,1,51,51454,2,2,1,3,Rue Michel Ange,49.26886,4.01195
202300031546,29,7,2023,2025-12-05 13:46:00,1,86,86066,1,1,8,7,D749,46.785469,0.54724
202300031547,13,4,2023,2025-12-05 11:20:00,1,50,50129,2,3,1,1,Napoleon (Place),49.6437,-1.62579
202300031548,16,6,2023,2025-12-05 15:10:00,1,79,79329,2,3,1,6,Adresse_Inconnue,46.986758,-0.21085
202300031549,12,4,2023,2025-12-05 18:15:00,1,49,49099,2,1,1,7,Pagannes (Rue Des),47.07488,-0.84522
202300031550,28,7,2023,2025-12-05 18:50:00,1,78,78481,2,3,2,6,Leclerc (Avenue Du General),48.88932,2.09898
202300031551,29,7,2023,2025-12-05 13:30:00,1,77,77251,1,1,2,6,D 402,48.62436,2.54626
202300031552,14,4,2023,2025-12-05 08:50:00,1,49,49007,2,2,1,3,Bedier Boulevard,47.45271,-0.54103
202300031553,29,7,2023,2025-12-05 23:15:00,5,76,76681,2,1,2,6,Eluard. Rue Paul,49.40379,1.09874
202300031554,29,7,2023,2025-12-05 14:31:00,1,72,72181,2,9,1,3,Perrin (Pont),48.007,0.193
202300031555,14,4,2023,2025-12-05 04:55:00,5,49,49007,2,2,1,3,Volney,47.46326,-0.54505
202300031556,11,4,2023,2025-12-05 16:50:00,1,44,44132,2,1,1,6,Avenue De L'Hippodrome,47.25926,-2.32955
202300031557,29,7,2023,2025-12-05 22:50:00,5,64,64122,2,1,1,3,"""Kennedy (Avenue Du President J,F)""",43.46247,-1.55125
202300031558,14,4,2023,2025-12-05 18:50:00,1,38,38185,2,1,2,6,Cours De La Liberation Et Du General De,45.1605,5.7098
202300031559,14,4,2023,2025-12-05 17:55:00,1,38,38151,2,3,1,3,Avenue Victor Hugo,45.15461,5.71226
202300031560,29,7,2023,2025-12-05 18:15:00,1,64,64024,2,1,1,3,Aritxague (Route D'),43.4933,-1.49722
202300031561,14,4,2023,2025-12-05 07:40:00,1,38,38185,2,2,8,3,Boulevard Joseph Vallier,45.18024,5.71134
202300031562,29,7,2023,2025-12-05 16:45:00,1,64,64102,2,1,1,7,Paulmy (Avenue Des Allees),43.49393,-1.47957
202300031563,14,4,2023,2025-12-05 13:00:00,1,37,37261,2,1,1,7,Danemark (Avenue Du),47.42988,0.67918
202300031564,14,4,2023,2025-12-05 12:40:00,1,37,37122,1,9,2,7,Rd 37,47.34000535,0.66641092
202300031565,29,7,2023,2025-12-05 10:40:00,1,63,63113,1,1,2,6,Beaulieu (Chemin De),45.75747,3.15475
202300031566,14,4,2023,2025-12-05 04:50:00,3,36,36202,1,1,1,6,Adresse_Inconnue,46.78309369,1.60174012
202300031567,29,7,2023,2025-12-05 20:10:00,1,60,60159,2,2,1,6,Rue Winston Churchill,49.412326,2.815052
202300031568,14,4,2023,2025-12-05 23:30:00,5,35,35238,2,3,1,5,Vern (De),48.10145485,-1.65966779
202300031569,14,4,2023,2025-12-05 19:40:00,1,35,35238,2,1,1,6,Janvier (Avenue Jean),48.10449,-1.67263
202300031570,28,7,2023,2025-12-05 18:40:00,1,59,59041,2,1,1,6,Horipette (Rue De L'),50.20704,3.86486
202300031571,14,4,2023,2025-12-05 15:50:00,1,35,35238,2,1,1,3,Lorient (De),48.10846,-1.71247
202300031572,29,7,2023,2025-12-05 02:15:00,5,59,59350,2,5,1,6,Rue Leon Gambetta,50.62954,3.05492
202300031573,25,7,2023,2025-12-05 17:10:00,1,54,54431,2,6,1,3,Rue Du Bois Le Pretre,48.907578,6.0497
202300031574,29,7,2023,2025-12-05 16:45:00,1,54,54257,2,1,1,6,Parc Commercial De L'Espinette,48.6484,6.18188
202300031575,29,7,2023,2025-12-05 07:00:00,1,54,54382,2,1,1,6,Rue Du Fond De Piedmont,49.54636,5.77179
202300031576,14,4,2023,2025-12-05 23:00:00,5,33,33063,2,1,2,6,Rue Professeur Darget,44.8772,-0.55935
202300031577,29,7,2023,2025-12-05 12:30:00,1,37,37233,2,1,1,2,Loire (Levee De La),47.39682,0.71034
202300031578,14,4,2023,2025-12-05 11:20:00,1,33,33063,2,1,3,6,Avenue De Merignac,44.83857,-0.62444
202300031579,29,7,2023,2025-12-05 11:00:00,1,37,37261,2,1,2,7,Royer (Bd Jean),47.38103,0.68527
202300031580,14,4,2023,2025-12-05 12:30:00,1,31,31483,2,7,2,2,Avenue De L'Isle,43.11171,0.72581
202300031581,28,7,2023,2025-12-05 12:20:00,1,37,37261,2,9,2,6,Alouette (Avenue),47.36295,0.69682
202300031582,29,7,2023,2025-12-05 04:55:00,3,33,33009,2,1,1,6,Cote D'Argent (Bd) Du 69 Au 263,44.64468,-1.19528
202300031583,14,4,2023,2025-12-05 18:05:00,1,29,29254,1,1,1,6,Route De Saint-Germain,48.5947,-3.84149
202300031584,29,7,2023,2025-12-05 11:35:00,1,31,31555,2,1,1,3,Av Du General Eisenhower,43.5579148,1.40277654
202300031585,14,4,2023,2025-12-05 16:45:00,1,28,28134,1,1,2,7,D152 (Vert En Drouais),48.74766,1.31756
202300031586,29,7,2023,2025-12-05 18:45:00,1,27,27562,2,1,8,3,Rouen (Route De ),49.10225,1.46674
202300031587,29,7,2023,2025-12-05 05:30:00,3,17,17300,1,1,2,7,09 Pk Rn237 Moulin Justice Re,46.17149,-1.19409
202300031588,14,4,2023,2025-12-05 17:21:00,1,27,27681,2,9,2,6,Virolet (Rue Du),49.09657,1.46463
202300031589,15,7,2023,2025-12-05 16:48:00,1,10,10333,2,1,1,2,Croix Blanche (Rue De La ),48.27615,4.05642
202300031590,4,3,2023,2025-12-05 09:50:00,1,33,33249,1,1,1,6,Route Nationale 230,44.87955251,-0.50989866
202300031591,14,4,2023,2025-12-05 09:45:00,1,27,27681,2,1,1,3,Samson (Rue),49.09086,1.48277
202300031592,29,7,2023,2025-12-05 04:49:00,3,10,10191,1,1,1,3,Rocade Ouest (Rd 610),48.33007,4.08386
202300031593,4,3,2023,2025-12-05 15:33:00,1,75,75114,1,1,1,7,A6A,48.818723,2.33099
202300031594,25,7,2023,2025-12-05 09:55:00,1,6,6123,2,4,1,6,Barthelemy Avenue Pierre,43.67341,7.18981
202300031595,15,4,2023,2025-12-05 00:01:00,3,23,23096,2,1,2,5,Auvergne (Avenue),46.162,1.891
202300031596,4,3,2023,2025-12-05 16:00:00,1,91,91235,1,1,1,7,Rn 104,48.62579,2.35573
202300031597,11,11,2023,2025-12-05 18:45:00,3,13,13209,2,1,1,3,Michelet (Boulevard),43.2587,5.399
202300031598,8,4,2023,2025-12-05 10:30:00,1,22,22278,2,1,1,6,Le Gorrec (Pierre),48.51252,-2.76155
202300031599,28,7,2023,2025-12-05 10:40:00,1,6,6123,2,9,1,3,Bord De Mer Rn 98,43.665589,7.186593
202300031600,3,3,2023,2025-12-05 23:04:00,5,92,92050,1,1,1,2,A86,48.89784194,2.19804328
202300031601,11,11,2023,2025-12-05 15:00:00,1,13,13214,2,1,1,2,Saint Joseph (Chemin De),43.34175982,5.38661797
202300031602,28,7,2023,2025-12-05 12:00:00,1,4,4070,2,1,1,1,Plan De Gaubert (Rte Du),44.07386,6.19593
202300031603,8,4,2023,2025-12-05 18:00:00,1,19,19031,2,3,1,3,Alsace Lorraine (Avenue) Jusqu'A Ndeg 55,45.15199,1.54091
202300031604,3,3,2023,2025-12-05 19:15:00,3,92,92036,1,1,1,3,A86,48.93576409,2.28722247
202300031605,25,7,2023,2025-12-05 11:15:00,1,4,4070,2,1,1,6,Verdun ( Avenue De ),44.08622,6.221296
202300031606,7,4,2023,2025-12-05 12:20:00,1,19,19031,2,2,1,3,Majour (Rue),45.15938,1.53217
202300031607,9,11,2023,2025-12-05 13:45:00,1,13,13214,2,9,2,5,Merimee,43.32802583,5.39740148
202300031608,4,3,2023,2025-12-05 19:10:00,3,95,95277,1,1,1,5,Rd 170,48.97690265,2.47768521
202300031609,29,7,2023,2025-12-05 20:00:00,1,1,1344,2,1,1,7,Bresse (Avenue De),46.21135,5.20376
202300031610,13,4,2023,2025-12-05 15:00:00,1,14,14366,2,1,1,6,48 Boulevard Sainte Anne,49.14289,0.22554
202300031611,12,11,2023,2025-12-05 01:20:00,5,13,13001,2,1,3,1,Carnot (Bd),43.52567,5.45505
202300031612,29,7,2023,2025-12-05 10:20:00,1,75,75114,2,1,1,7,Porte D Orleans,48.820562,2.323112
202300031613,3,3,2023,2025-12-05 22:20:00,3,93,93048,1,9,1,2,Autoroute A3,48.87186,2.4336
202300031614,14,4,2023,2025-12-05 19:15:00,1,13,13201,2,5,2,2,Montricher (Boulevard),43.30388,5.39305
202300031615,14,4,2023,2025-12-05 10:50:00,1,13,13214,2,1,1,1,Voie Sans Nom (Sud)/Ave Du Marche National M.I.N,43.33936228,5.38073718
202300031616,11,11,2023,2025-12-05 19:46:00,3,11,11069,1,6,2,3,Adresse_Inconnue,43.19629,2.32244
202300031617,4,3,2023,2025-12-05 07:30:00,1,77,77058,1,1,1,2,A4,48.828,2.731
202300031618,28,7,2023,2025-12-05 17:40:00,1,75,75112,2,1,1,4,Echangeur Bercy,48.828471,2.397418
202300031619,11,11,2023,2025-12-05 17:25:00,2,11,11069,2,7,2,7,9 Allee D'Iena,43.21064,2.345
202300031620,3,3,2023,2025-12-05 22:30:00,3,77,77517,1,1,1,7,A104.Ext,48.91039,2.6408
202300031621,14,4,2023,2025-12-05 10:30:00,1,13,13206,2,3,1,1,Edmond Rostand (Rue),43.28955,5.37981
202300031622,29,7,2023,2025-12-05 13:28:00,1,75,75106,2,3,1,2,Quai Des Grands Augustins,48.854602,2.342514
202300031623,10,11,2023,2025-12-05 17:00:00,2,11,11069,1,1,3,1,28 Route De Bram,43.22861,2.28256
202300031624,2,3,2023,2025-12-05 08:20:00,1,976,97611,2,1,1,3,Tsoundzou-Sim ( Rue De La ),-12.81976,45.19601
202300031625,13,4,2023,2025-12-05 18:09:00,1,10,10387,2,1,1,6,Danton (Rue),48.303,4.077
202300031626,13,4,2023,2025-12-05 21:10:00,5,9,9122,2,1,2,6,Faure (Cours Gabriel),42.963762,1.605793
202300031627,28,7,2023,2025-12-05 19:20:00,1,75,75119,2,3,8,1,Avenue Jean Jaures,48.884098,2.375247
202300031628,11,11,2023,2025-12-05 11:35:00,1,10,10333,2,1,2,3,Croix Blanche (Rue De La ),48.2754,4.057
202300031629,15,4,2023,2025-12-05 00:55:00,5,5,5061,2,4,2,6,Avenue De Provence,44.53752396,6.05326027
202300031630,2,3,2023,2025-12-05 09:00:00,1,974,97416,2,3,1,3,Ligne Paradis(Route De La),-21.30587,55.46384
202300031631,31,3,2023,2025-12-05 13:30:00,1,4,4112,2,1,1,6,De Gaulle (Bd. Ch.),43.8291,5.78578
202300031632,29,7,2023,2025-12-05 19:01:00,1,75,75118,2,2,2,6,Rue Custine,48.888408,2.347998
202300031633,8,11,2023,2025-12-05 15:00:00,1,10,10325,1,1,1,2,Rocade Ouest (Rd 610),48.26062,4.09109
202300031634,1,3,2023,2025-12-05 14:25:00,1,974,97416,1,1,1,2,Rn2 (1),-21.35367,55.5162
202300031635,11,4,2023,2025-12-05 16:45:00,1,75,75115,2,1,1,3,Porte De Sevres,48.831897,2.28169
202300031636,15,5,2023,2025-12-05 08:00:00,1,13,13078,2,4,1,1,Rue Max Barel,43.392709,4.804952
202300031637,9,11,2023,2025-12-05 14:25:00,1,7,7102,1,1,2,7,Beaucaire (Avenue De),44.92338,4.85681
202300031638,14,4,2023,2025-12-05 08:52:00,1,75,75105,2,3,1,6,Boulevard Saint Germain,48.850347,2.347559
202300031639,2,3,2023,2025-12-05 17:20:00,1,974,97411,2,6,1,3,Mace (Boulevard Gabriel),-20.87649,55.44227
202300031640,29,7,2023,2025-12-05 08:05:00,1,75,75118,2,2,1,7,Rue Damremont,48.890554,2.334311
202300031641,24,5,2023,2025-12-05 07:20:00,1,59,59653,1,1,1,2,Rn 41,50.58404,2.906678
202300031642,6,11,2023,2025-12-05 20:15:00,4,6,6083,2,6,1,6,"Coty (Cours Rene, Sens Mont/Mer)",43.77578,7.48842
202300031643,14,4,2023,2025-12-05 12:30:00,1,75,75120,2,2,1,3,Rue Des Pyrenees,48.85764,2.403897
202300031644,23,5,2023,2025-12-05 18:05:00,1,48,48032,1,1,1,6,"A75, Pk 148+900 N/S -",44.617882,3.255284
202300031645,28,7,2023,2025-12-05 17:30:00,1,75,75115,2,1,1,3,Rue De Sevres,48.845563,2.312553
202300031646,1,3,2023,2025-12-05 12:07:00,1,974,97409,2,3,1,6,Bois Rouge (Chemin Du),-20.92903,55.64493
202300031647,26,4,2023,2025-12-05 19:10:00,2,6,6029,2,1,1,6,Poesie (Avenue Pierre),43.553,6.963
202300031648,14,4,2023,2025-12-05 17:40:00,1,75,75119,2,2,2,1,Avenue Simon Bolivar,48.878397,2.374222
202300031649,23,5,2023,2025-12-05 16:35:00,1,4,4102,1,1,1,2,D900,44.409792,6.45369
202300031650,28,7,2023,2025-12-05 15:25:00,1,75,75115,2,2,2,6,Quai Andre Citroen,48.84915,2.281893
202300031651,2,3,2023,2025-12-05 17:25:00,1,69,69383,2,2,1,6,Avenue Marechal De Saxe,45.75602,4.84649
202300031652,11,11,2023,2025-12-05 10:45:00,1,6,6027,2,2,1,3,Nice Avenue De (Rn7),43.6551526,7.1513529
202300031653,14,4,2023,2025-12-05 09:10:00,1,75,75118,2,3,1,3,Boulevard Barbes,48.88527,2.349529
202300031654,24,5,2023,2025-12-05 10:15:00,1,51,51030,1,1,1,3,D1,49.045442,4.061975
202300031655,2,3,2023,2025-12-05 17:31:00,1,972,97213,2,1,1,6,Ernest Andre (Rue),14.616066,-61.001366
202300031656,29,7,2023,2025-12-05 09:25:00,1,75,75112,2,3,1,3,Avenue Daumesnil,48.847129,2.375706
202300031657,24,5,2023,2025-12-05 07:25:00,2,19,19261,1,1,1,7,Laval,45.649347,2.166511
202300031658,11,11,2023,2025-12-05 01:25:00,5,75,75120,2,1,1,2,Rue De Belleville,48.875344,2.396486
202300031659,14,4,2023,2025-12-05 00:10:00,5,75,75118,2,3,1,3,Boulevard Ney,48.897735,2.337508
202300031660,1,3,2023,2025-12-05 09:40:00,1,972,97209,2,5,1,6,General De Gaulle (Bld Du),14.60763,-61.06895
202300031661,20,5,2023,2025-12-05 18:30:00,1,56,56166,1,1,7,6,Le Guerveur D769,47.935351,-3.366237
202300031662,29,7,2023,2025-12-05 14:55:00,1,75,75108,2,2,1,3,Place De La Concorde,48.865855,2.319885
202300031663,14,4,2023,2025-12-05 19:15:00,2,75,75117,2,3,2,6,Rue De Courcelles,48.88292,2.299351
202300031664,11,11,2023,2025-12-05 16:10:00,1,75,75117,2,2,1,3,Rue De La Jonquiere,48.893559,2.322663
202300031665,2,3,2023,2025-12-05 20:25:00,5,69,69384,2,2,1,3,Rue Du Chariot D'Or,45.77757,4.83606
202300031666,29,7,2023,2025-12-05 12:30:00,1,75,75108,2,7,1,3,Place Charles De Gaulle,48.874096,2.295774
202300031667,14,4,2023,2025-12-05 14:54:00,1,75,75117,2,3,3,7,Rue Cardinet,48.890241,2.31723
202300031668,23,5,2023,2025-12-05 18:15:00,1,59,59436,1,2,1,5,Route De Bourbourg,50.789249,2.390749
202300031669,11,11,2023,2025-12-05 02:20:00,5,75,75116,2,5,1,3,Rue Largilliere,48.858025,2.272572
202300031670,14,4,2023,2025-12-05 19:45:00,2,75,75116,2,1,2,2,Boulevard Murat,48.838933,2.256786
202300031671,29,7,2023,2025-12-05 01:20:00,5,75,75101,2,2,1,6,Quai Des Tuileries,48.86407,2.320124
202300031672,2,3,2023,2025-12-05 16:20:00,1,69,69384,2,9,1,6,85 Boulevard De La Croix-Rousse,45.77375703,4.82409765
202300031673,11,11,2023,2025-12-05 11:00:00,1,75,75115,2,1,1,6,Rue Cauchy,48.843203,2.275469
202300031674,24,5,2023,2025-12-05 19:00:00,1,76,76549,2,1,1,1,Rd 2,49.760151,0.928699
202300031675,14,4,2023,2025-12-05 02:30:00,5,75,75116,2,3,1,1,Avenue Raymond Poincare,48.870878,2.285031
202300031676,22,2,2023,2025-12-05 08:50:00,1,91,91228,2,1,1,6,Rue Henri Desbrueres,48.618587,2.451078
202300031677,10,11,2023,2025-12-05 23:15:00,5,75,75115,2,2,9,6,Rue Des Entrepreneurs,48.845651,2.287981
202300031678,23,5,2023,2025-12-05 17:55:00,1,79,79204,2,2,1,1,Adresse_Inconnue,46.187374,-0.25511
202300031679,14,4,2023,2025-12-05 08:46:00,1,75,75110,2,1,1,3,Rue Du Faubourg Saint Martin,48.882201,2.366526
202300031680,16,2,2023,2025-12-05 13:00:00,1,91,91174,2,1,1,6,Rue De La Papeterie,48.58714,2.47252
202300031681,11,11,2023,2025-12-05 19:15:00,5,75,75111,2,2,1,1,Avenue De La Republique,48.862882,2.387147
202300031682,14,4,2023,2025-12-05 18:25:00,1,75,75109,2,2,2,3,Rue De La Victoire,48.875199,2.335222
202300031683,16,2,2023,2025-12-05 09:00:00,1,91,91228,2,2,1,6,Bd Du Marechal Leclerc,48.63154,2.44119
202300031684,24,5,2023,2025-12-05 11:35:00,1,65,65031,1,1,1,7,Route D'Arreau,42.931259,0.367441
202300031685,11,11,2023,2025-12-05 00:50:00,5,75,75111,2,2,1,3,Rue De Charonne,48.853271,2.377298
202300031686,14,4,2023,2025-12-05 14:30:00,1,75,75108,2,1,2,4,Rue De Saint Petersbourg,48.879669,2.323935
202300031687,2,3,2023,2025-12-05 18:00:00,1,83,83137,2,1,1,2,Guillemard (Rue Robert),43.12523,5.92443
202300031688,24,5,2023,2025-12-05 06:45:00,1,71,71310,2,1,1,7,Rue De Macon,46.741169,4.477186