num_acc,jour,mois,an,hrmn,lum,dep,com,agg,int,atm,col,adr,lat,long
202300031689,13,4,2023,2025-12-05 19:52:00,1,75,75104,2,1,1,7,Rue Des Nonnains D Hyeres,48.853932,2.358344
202300031690,11,11,2023,2025-12-05 17:25:00,5,75,75110,2,1,1,6,Boulevard De Strasbourg,48.872979,2.356313
202300031691,24,5,2023,2025-12-05 10:30:00,1,89,89370,2,1,1,6,Rue De La Republique,48.180849,3.08858
202300031692,1,3,2023,2025-12-05 17:10:00,1,82,82121,1,1,1,1,Route De Bordeaux,44.04045,1.30521
202300031693,14,4,2023,2025-12-05 19:59:00,1,94,94074,2,1,2,3,Avenue Du Ru De Gironde,48.746022,2.463227
202300031694,10,11,2023,2025-12-05 21:00:00,2,75,75104,2,3,2,6,Boulevard Henri Iv,48.851537,2.363686
202300031695,14,4,2023,2025-12-05 15:30:00,1,94,94033,2,1,2,6,21 Rue Roger Salengro,48.85159,2.48712
202300031696,24,5,2023,2025-12-05 10:11:00,1,41,41159,1,1,1,2,D923,47.533978,1.829385
202300031697,25,2,2023,2025-12-05 02:37:00,5,80,80021,2,1,1,6,Saint Fuscien (Rue),49.87435,2.3065
202300031698,11,11,2023,2025-12-05 07:08:00,5,94,94078,2,9,1,6,Rue De Paris,48.75481,2.44437
202300031699,3,3,2023,2025-12-05 02:15:00,3,79,79300,1,1,1,7,Adresse_Inconnue,46.993093,-0.22577
202300031700,23,5,2023,2025-12-05 19:52:00,1,68,68208,1,1,1,7,D21,47.563565,7.417576
202300031701,14,4,2023,2025-12-05 20:00:00,1,94,94011,2,1,1,3,Avenue De Paris,48.7749,2.481
202300031702,21,5,2023,2025-12-05 20:35:00,1,22,22381,1,1,1,7,D 786,48.75053,-3.34847
202300031703,1,3,2023,2025-12-05 09:20:00,1,76,76681,2,3,7,6,Rue De Trianon,49.41577,1.08265
202300031704,14,4,2023,2025-12-05 07:50:00,1,94,94028,2,3,1,3,Avenue Georges Duhamel / Rue Henri Doucet,48.77706,2.46888
202300031705,10,11,2023,2025-12-05 16:00:00,1,94,94002,2,1,2,2,Quai De La Revolution,48.78186,2.419525
202300031706,28,2,2023,2025-12-05 21:48:00,5,76,76270,2,1,1,6,Bois (Du),49.52944,0.12558
202300031707,20,5,2023,2025-12-05 14:55:00,1,29,29158,2,6,1,3,Rue Edmond Michelet,47.81363622,-4.3362616
202300031708,14,4,2023,2025-12-05 07:40:00,1,94,94074,2,2,1,6,Rue Etienne Dolet / Avenue Du Ru De Gironde,48.74528215,2.4638245
202300031709,11,11,2023,2025-12-05 23:00:00,5,93,93078,2,1,1,3,Boulevard Robert Ballanger,48.95942541,2.55084277
202300031710,2,3,2023,2025-12-05 07:15:00,2,72,72181,2,1,1,2,Demorieux Imp De Rocade A Rp D'Allonnes,47.9786,0.1734
202300031711,23,5,2023,2025-12-05 13:30:00,1,2,2303,2,6,1,3,Adresse_Inconnue,49.85847,3.253336
202300031712,13,4,2023,2025-12-05 14:00:00,1,94,94011,1,1,1,4,D60,48.76243,2.47725
202300031713,1,3,2023,2025-12-05 11:00:00,1,72,72181,2,1,1,3,Fonderie (Rue De La),48.009039,0.194571
202300031714,11,11,2023,2025-12-05 09:25:00,1,93,93077,2,3,8,3,Avenue Du General Gallieni / Rue Charles Hildevert,48.89204,2.5056
202300031715,24,5,2023,2025-12-05 12:45:00,1,3,3254,2,1,1,6,Route De Gannat,46.303504,3.296703
202300031716,13,4,2023,2025-12-05 11:00:00,1,94,94017,2,9,1,3,Avenue De La Republique,48.82688,2.51015
202300031717,28,2,2023,2025-12-05 14:35:00,1,70,70261,1,1,1,6,Rn19,47.62389,6.18919
202300031718,2,3,2023,2025-12-05 23:00:00,5,69,69266,2,1,1,6,Avenue Paul Kruger,45.75588,4.89627
202300031719,14,4,2023,2025-12-05 12:40:00,1,93,93073,1,2,2,3,Route De L'Epinette / Rue De Rome,49.00804,2.55757
202300031720,23,5,2023,2025-12-05 17:00:00,1,1,1306,2,3,1,6,97 Grande Rue,46.260073,4.887832
202300031721,11,11,2023,2025-12-05 13:00:00,1,93,93001,2,2,8,4,Avenue Jean Jaures / Avenue De La Republique,48.903677,2.391914
202300031722,2,3,2023,2025-12-05 11:15:00,1,69,69264,2,1,1,6,623 Rue De Thizy,45.98825,4.71048
202300031723,23,5,2023,2025-12-05 18:45:00,1,1,1426,1,1,1,6,Route De Saint Etienne Du Bois,46.285078,5.316347
202300031724,11,11,2023,2025-12-05 13:59:00,1,92,92078,2,9,8,1,Gallieni (Bd) (1 A 79 Et 22 A 102),48.92795,2.33113
202300031725,13,4,2023,2025-12-05 18:30:00,1,93,93046,2,2,2,5,Avenue Paul Bert / Avenue Vauban,48.919006,2.524444
202300031726,2,3,2023,2025-12-05 03:45:00,5,66,66136,2,1,1,6,Adresse_Inconnue,42.70232,2.897476
202300031727,19,5,2023,2025-12-05 10:45:00,1,72,72010,1,1,1,6,Cimetiere,47.890593,-0.240203
202300031728,14,4,2023,2025-12-05 11:00:00,1,93,93070,2,1,1,3,136 Avenue Michelet,48.90229793,2.34412059
202300031729,10,11,2023,2025-12-05 19:10:00,5,92,92048,2,3,2,3,Gabriele D' Annunzio (Rue),48.78835764,2.23008256
202300031730,1,3,2023,2025-12-05 10:05:00,1,66,66136,2,1,1,6,Adresse_Inconnue,42.72242805,2.88627684
202300031731,14,4,2023,2025-12-05 07:30:00,1,93,93066,2,9,1,3,Avenue Lenine,48.9373327,2.36816043
202300031732,11,11,2023,2025-12-05 05:30:00,5,92,92012,2,3,2,6,Point Du Jour (Quai Du),48.82816,2.25367
202300031733,24,5,2023,2025-12-05 12:10:00,1,50,50219,1,3,1,5,Route De La Houguette,49.068995,-1.460023
202300031734,2,3,2023,2025-12-05 15:36:00,1,64,64132,2,1,1,2,Marechal Foch,43.28751,-0.35011
202300031735,14,4,2023,2025-12-05 18:45:00,2,93,93031,2,3,2,6,Avenue De La Republique / Avenue De La Marne,48.95015,2.32837
202300031736,26,9,2023,2025-12-05 08:35:00,1,40,40075,1,9,1,6,A63,43.835078,-1.180244
202300031737,24,5,2023,2025-12-05 07:40:00,1,60,60319,1,1,1,7,D981,49.355061,1.942256
202300031738,1,3,2023,2025-12-05 09:00:00,1,64,64445,2,1,1,6,Alsace Lorraine D',43.3039,-0.36596
202300031739,14,4,2023,2025-12-05 09:10:00,1,92,92073,2,1,1,6,De Lattre De Tassigny (Boulevard Du Mare,48.866267,2.215774
202300031740,23,5,2023,2025-12-05 14:00:00,1,73,73019,1,1,1,6,D72,45.519662,6.317954
202300031741,12,11,2023,2025-12-05 06:30:00,3,91,91086,1,9,2,1,D31,48.602836,2.383046
202300031742,14,4,2023,2025-12-05 10:50:00,1,92,92064,1,9,1,3,Route De Paris A Versailles,48.84168156,2.21584931
202300031743,1,3,2023,2025-12-05 15:45:00,1,64,64122,2,2,1,3,Marie Hope Vere (Rue),43.48285,-1.55658
202300031744,12,11,2023,2025-12-05 13:45:00,1,38,38336,1,1,1,7,N7,45.495661,4.836334
202300031745,22,5,2023,2025-12-05 04:25:00,3,36,36018,1,1,1,6,Rue Du Marchais,46.648939,1.070518
202300031746,12,11,2023,2025-12-05 16:30:00,2,21,21572,1,1,2,6,A36,47.121775,5.390339
202300031747,13,4,2023,2025-12-05 21:55:00,5,92,92063,2,1,2,5,Colmar (Avenue De),48.88715387,2.16948062
202300031748,1,3,2023,2025-12-05 09:45:00,1,64,64122,2,1,1,3,Marne (Avenue De La),43.4819,-1.54296
202300031749,23,5,2023,2025-12-05 22:45:00,3,24,24484,2,1,1,6,D6089,45.122634,0.85695
202300031750,24,5,2023,2025-12-05 12:20:00,1,85,85234,2,1,1,3,23 Rue De Challans,46.793572,-2.053686
202300031751,2,3,2023,2025-12-05 16:10:00,1,64,64024,2,1,1,3,Compagnet (Giratoire De),43.46047975,-1.49623007
202300031752,2,10,2023,2025-12-05 10:20:00,1,71,71550,1,1,1,2,"Autoroute A6, Sens Paris-Lyon, Pk 366.600",46.489005,4.894897
202300031753,14,4,2023,2025-12-05 16:45:00,1,92,92050,2,4,3,3,Havre Boulevard Du,48.91886166,2.22245961
202300031754,12,11,2023,2025-12-05 00:45:00,3,974,97422,1,1,8,6,140 Rue Emile Zola,-21.241001,55.493328
202300031755,14,4,2023,2025-12-05 16:45:00,1,92,92050,2,1,2,3,Saules Rue Des,48.90973433,2.21578091
202300031756,24,5,2023,2025-12-05 16:50:00,1,28,28116,1,4,1,3,Intersection D23/D139,48.457925,1.243032
202300031757,1,3,2023,2025-12-05 13:10:00,1,63,63113,2,2,1,2,Brugiere / Gravanche,45.78969,3.11806
202300031758,12,11,2023,2025-12-05 08:00:00,1,972,97222,2,1,1,6,Pontalery,14.668693,-60.94766
202300031759,14,4,2023,2025-12-05 12:25:00,1,92,92049,2,2,1,3,Ginoux Avenue Henri Autres Ndeg,48.81121,2.31843
202300031760,13,4,2023,2025-12-05 21:25:00,5,92,92025,2,1,3,6,Henri Barbusse (Av),48.918542,2.252655
202300031761,22,5,2023,2025-12-05 17:20:00,1,87,87116,1,9,1,3,N147,46.128073,1.009927
202300031762,2,3,2023,2025-12-05 13:30:00,1,60,60057,2,2,1,3,Avenue Du 8 Mai 1945,49.44131,2.09517
202300031763,11,11,2023,2025-12-05 14:50:00,1,972,97205,1,1,1,5,Route Nationale 2,14.633023,-61.129131
202300031764,23,5,2023,2025-12-05 20:37:00,1,37,37050,2,1,1,6,41 Rue De La Plaine,47.343281,0.715182
202300031765,1,3,2023,2025-12-05 23:00:00,3,59,59343,2,6,1,6,Douai Rue De       Ndeg Pair,50.58323,3.08886
202300031766,14,4,2023,2025-12-05 17:52:00,1,92,92024,2,2,2,3,Jean Jaures (Bd) De 47 A 109)   (56 A 14,48.90115,2.30526
202300031767,11,11,2023,2025-12-05 17:55:00,3,44,44071,2,3,2,3,14 Rue De La Chataigneraie,47.186187,-1.43797
202300031768,24,5,2023,2025-12-05 12:40:00,1,30,30228,1,1,1,6,Adresse_Inconnue,43.958472,4.332561
202300031769,14,4,2023,2025-12-05 22:55:00,5,92,92023,2,3,2,7,Bievres (Rue De),48.79392,2.2651
202300031770,2,3,2023,2025-12-05 09:00:00,1,59,59350,2,1,1,7,Avenue Le Corbusier,50.63737496,3.07057679
202300031771,24,5,2023,2025-12-05 09:15:00,1,52,52442,1,1,1,1,N67,48.431649,5.148554
202300031772,14,4,2023,2025-12-05 06:30:00,2,92,92012,2,3,1,3,Edouard Vaillant (Avenue) 57/Fin - 58/Fi,48.83472775,2.24703938
202300031773,1,3,2023,2025-12-05 11:30:00,1,59,59024,2,1,1,1,Calvaire (Rue),50.33369,3.23256
202300031774,10,11,2023,2025-12-05 15:30:00,1,95,95633,1,1,2,4,D317,48.999831,2.484176
202300031775,15,4,2023,2025-12-05 06:30:00,2,51,51457,1,1,2,7,D1E4,49.094332,3.777848
202300031776,23,5,2023,2025-12-05 07:48:00,2,67,67176,1,1,1,2,D1062,48.881055,7.67101
202300031777,2,3,2023,2025-12-05 21:50:00,3,59,59043,1,1,1,6,Mont Noir (Route Du),50.7591,2.75119
202300031778,13,4,2023,2025-12-05 06:30:00,1,972,97217,2,6,1,3,D9,14.469744,-60.85708
202300031779,12,11,2023,2025-12-05 18:50:00,3,56,56010,1,3,2,3,Tenuel,47.866789,-3.049521
202300031780,1,3,2023,2025-12-05 11:25:00,1,57,57631,2,1,1,1,Deviation Sud,49.10701,7.08569
202300031781,21,5,2023,2025-12-05 16:58:00,1,11,11170,2,1,2,1,1 Boulevard Du Bois De L'Etang,43.111796,3.092474
202300031782,28,3,2023,2025-12-05 16:35:00,1,83,83004,1,1,1,5,Rdn 7,43.447171,6.48159
202300031783,2,3,2023,2025-12-05 05:20:00,3,56,56121,1,1,1,6,D465 Desserte Portuaire,47.75006,-3.38707
202300031784,14,4,2023,2025-12-05 18:10:00,1,23,23195,2,3,3,3,D940,46.204811,1.905307
202300031785,10,11,2023,2025-12-05 12:50:00,1,2B,2B043,1,1,6,1,Sagro,42.796302,9.490034
202300031786,23,5,2023,2025-12-05 20:55:00,2,29,29234,1,1,1,3,D62,47.86251164,-3.50471948
202300031787,1,3,2023,2025-12-05 07:40:00,1,56,56121,2,1,1,3,39 Rue Monistrol,47.73755,-3.38225
202300031788,15,4,2023,2025-12-05 14:00:00,1,52,52014,1,1,3,6,A31 Pk97.050 Direction Dijon (21),47.76917461,5.19473681
202300031789,12,11,2023,2025-12-05 06:30:00,3,80,80613,1,1,1,6,D1015,50.041773,1.462355
202300031790,12,11,2023,2025-12-05 02:30:00,3,71,71543,2,1,3,6,D215,46.568929,4.890193
202300031791,22,5,2023,2025-12-05 22:50:00,4,37,37110,1,4,1,3,D976,47.32100449,1.0639143
202300031792,1,3,2023,2025-12-05 09:12:00,1,54,54184,2,1,1,1,Rd 674,48.70077,6.24274
202300031793,13,4,2023,2025-12-05 08:55:00,1,22,22389,1,1,1,4,N12,48.47923,-2.666411
202300031794,24,5,2023,2025-12-05 11:10:00,1,77,77175,1,1,1,1,Route Departementale 619 Pk 6+900,48.631391,2.642534
202300031795,14,4,2023,2025-12-05 11:05:00,1,62,62307,1,1,1,7,D243,50.914994,1.732385
202300031796,11,11,2023,2025-12-05 04:30:00,3,63,63165,1,1,1,6,Route De Ligny,45.786021,2.464854
202300031797,1,3,2023,2025-12-05 17:00:00,1,54,54099,2,1,1,6,Mondon (Rue Raymond),49.2499,5.9416
202300031798,15,4,2023,2025-12-05 18:05:00,1,56,56140,1,6,1,6,Kerrozet D767E,47.900132,-2.808836
202300031799,10,11,2023,2025-12-05 11:05:00,1,49,49155,1,1,1,7,D775,47.594689,-0.704842
202300031800,23,5,2023,2025-12-05 22:05:00,3,91,91148,1,1,1,1,D148,48.50563,2.163416
202300031801,15,4,2023,2025-12-05 01:20:00,3,56,56177,1,1,2,6,Kerlihuen,47.824577,-3.048642
202300031802,1,3,2023,2025-12-05 09:45:00,1,51,51454,2,1,1,6,Rue Bertrand De Mun,49.25213,4.06262
202300031803,23,5,2023,2025-12-05 17:20:00,1,2B,2B168,2,1,1,7,D63,42.629637,8.948241
202300031804,15,4,2023,2025-12-05 00:45:00,3,56,56186,2,1,1,6,14 Rue Du Phare,47.479766,-3.123143
202300031805,4,11,2023,2025-12-05 15:00:00,1,39,39470,1,1,3,1,Adresse_Inconnue,46.48466,6.042478
202300031806,9,3,2023,2025-12-05 12:20:00,1,47,47001,2,1,1,6,Laboulbene (Rue),44.201,0.62138
202300031807,15,4,2023,2025-12-05 12:40:00,1,56,56243,2,1,1,7,Route De Mousterian,47.614286,-2.730966
202300031808,23,5,2023,2025-12-05 12:00:00,1,84,84036,2,2,1,2,15 Route De Caumont,43.926722,4.948418
202300031809,10,11,2023,2025-12-05 07:00:00,2,25,25278,1,1,2,1,Rd 104-Pk 43+200,47.232931,6.290596
202300031810,15,4,2023,2025-12-05 07:15:00,1,79,79132,1,1,1,7,Adresse_Inconnue,47.0183015,-0.45387
202300031811,23,5,2023,2025-12-05 17:50:00,1,68,68262,1,1,1,7,D431,47.921379,7.03876
202300031812,12,11,2023,2025-12-05 09:00:00,1,35,35290,1,1,1,6,Tremel,48.10330215,-2.10713804
202300031813,2,3,2023,2025-12-05 19:45:00,5,38,38185,2,5,1,1,Porte De France (Pont De La),45.19336,5.71987
202300031814,14,4,2023,2025-12-05 21:05:00,3,80,80019,1,1,1,1,D 936,49.958882,1.869559
202300031815,14,4,2023,2025-12-05 21:50:00,3,82,82192,1,1,2,6,Route D?Albi,43.92411,1.515405
202300031816,23,5,2023,2025-12-05 23:00:00,3,88,88183,1,1,1,2,Voie Verte,48.384131,5.696862
202300031817,12,11,2023,2025-12-05 01:20:00,3,38,38422,1,1,2,6,Route De Champ Ruti,45.162901,5.82704
202300031818,2,3,2023,2025-12-05 08:50:00,1,38,38185,2,4,1,6,Rue Honore De Balzac,45.17444,5.72441
202300031819,14,4,2023,2025-12-05 19:50:00,1,71,71010,2,1,2,6,Route Du Paquier Neuf,46.90358,4.446966
202300031820,24,5,2023,2025-12-05 16:40:00,1,55,55414,1,1,1,7,D27,48.809939,4.914755
202300031821,15,4,2023,2025-12-05 07:30:00,2,63,63149,1,1,2,7,Route Departementale 224,45.896579,3.270922
202300031822,12,11,2023,2025-12-05 17:50:00,5,38,38012,1,1,3,5,D592,45.612874,5.610041
202300031823,2,3,2023,2025-12-05 13:00:00,1,35,35150,1,1,1,5,Rn12,48.34346,-1.22193
202300031824,24,5,2023,2025-12-05 18:16:00,1,69,69159,2,1,1,3,224 Route De Liergues,45.961215,4.651076
202300031825,11,11,2023,2025-12-05 14:40:00,1,84,84068,1,1,1,1,Rd943,43.785223,5.345535
202300031826,8,4,2023,2025-12-05 14:45:00,1,63,63443,1,3,1,7,D211,45.93823832,3.17777127
202300031827,23,5,2023,2025-12-05 11:40:00,1,14,14258,2,1,1,3,Rue Georges Clemenceau,48.89593,-0.19483
202300031828,11,11,2023,2025-12-05 16:15:00,1,7,7319,2,1,1,1,Chemin Joseph Lapierre,44.536409,4.67185
202300031829,2,3,2023,2025-12-05 23:25:00,5,33,33318,2,9,1,3,Avenue Du Bourgailh,44.80388,-0.66266
202300031830,14,4,2023,2025-12-05 17:49:00,1,61,61087,1,1,1,1,D8,48.568188,0.422822
202300031831,10,11,2023,2025-12-05 12:33:00,1,7,7157,2,1,1,6,Route De Privas,44.61169,4.718064
202300031832,23,5,2023,2025-12-05 16:42:00,1,56,56178,2,1,1,6,Rue Roger Vercel,48.064235,-2.957543
202300031833,15,4,2023,2025-12-05 15:30:00,1,12,12113,1,1,1,6,Voie Communale,44.272223,2.364217
202300031834,2,3,2023,2025-12-05 02:05:00,5,33,33063,2,2,1,3,Cours Aristide Briand,44.83202,-0.57786
202300031835,23,5,2023,2025-12-05 16:05:00,1,22,22040,1,1,1,6,D8,48.523085,-3.168848
202300031836,14,4,2023,2025-12-05 22:15:00,3,2,2489,1,2,1,6,D7,49.564119,3.551596
202300031837,12,11,2023,2025-12-05 07:05:00,2,21,21429,1,1,2,1,D980,47.59777,4.32629
202300031838,28,2,2023,2025-12-05 08:55:00,1,33,33162,2,1,1,1,Rue Du Moulineau,44.87534,-0.6646
202300031839,15,4,2023,2025-12-05 02:15:00,3,72,72315,1,1,1,6,Le Chant De La Croix Qualeux,48.18444,-0.10545
202300031840,8,11,2023,2025-12-05 18:35:00,5,85,85084,2,1,3,6,Rd160,46.77172,-1.226987
202300031841,2,3,2023,2025-12-05 18:10:00,1,28,28404,2,1,1,6,Crecy (Route De),48.7323,1.34086
202300031842,24,5,2023,2025-12-05 00:45:00,4,27,27022,2,1,1,7,Rue De La Chartreuse,49.171102,1.338439
202300031843,12,11,2023,2025-12-05 03:30:00,3,17,17024,1,1,2,7,Rue De Mondevis,46.013297,-0.355511
202300031844,15,4,2023,2025-12-05 11:35:00,1,64,64065,1,3,2,3,448 Route De Dorrea,43.353128,-1.642606
202300031845,2,3,2023,2025-12-05 13:00:00,1,27,27375,2,1,7,1,Vexin (Chaussee Du),49.21865,1.17654
202300031846,14,4,2023,2025-12-05 22:10:00,3,24,24577,1,1,3,1,D57,44.852332,1.200525
202300031847,23,5,2023,2025-12-05 20:45:00,2,59,59139,2,6,7,1,Boulevard Du 8 Mai 1945,50.125747,3.422585
202300031848,14,4,2023,2025-12-05 17:30:00,1,87,87185,1,1,3,6,Le Grand Moreau,45.876162,1.030583
202300031849,11,11,2023,2025-12-05 06:50:00,2,37,37251,1,2,1,3,D959,47.518568,0.40397
202300031850,22,5,2023,2025-12-05 00:40:00,3,33,33013,1,9,2,6,Route Nationale 89,44.86702245,-0.47627449
202300031851,1,3,2023,2025-12-05 08:38:00,1,27,27229,2,1,1,2,Avenue Du Marechal Foch,49.023875,1.12862
202300031852,15,4,2023,2025-12-05 10:30:00,1,48,48041,1,1,8,1,D988,44.723526,3.745705
202300031853,11,11,2023,2025-12-05 19:00:00,3,30,30018,1,1,1,1,D35,43.826617,4.047861
202300031854,23,5,2023,2025-12-05 18:30:00,1,94,94034,1,1,1,2,A86,48.75762305,2.32812012
202300031855,9,4,2023,2025-12-05 20:05:00,1,24,24331,1,1,1,6,6 Route Des Coteaux,44.814785,0.425817
202300031856,12,11,2023,2025-12-05 08:20:00,1,30,30224,1,1,1,7,Cd 124,43.93499157,4.23327273
202300031857,23,5,2023,2025-12-05 20:00:00,1,91,91086,1,1,1,2,Rn 104,48.62374,2.38002
202300031858,2,3,2023,2025-12-05 20:35:00,3,15,15012,1,1,1,2,Rd 920,44.8719,2.44422
202300031859,15,4,2023,2025-12-05 09:24:00,1,84,84007,1,3,1,5,N129,43.890022,4.915561
202300031860,23,5,2023,2025-12-05 17:10:00,1,91,91086,1,1,1,5,Rn 104,48.62364,2.39138
202300031861,14,4,2023,2025-12-05 12:30:00,1,34,34163,1,3,1,3,D619 Pr 4+752,43.631168,3.702993
202300031862,11,11,2023,2025-12-05 20:20:00,3,64,64520,1,1,2,5,A64,43.315811,-0.278263
202300031863,15,4,2023,2025-12-05 05:25:00,3,988,98803,1,1,1,6,Rt1,-21.50737,165.453383
202300031864,12,11,2023,2025-12-05 04:45:00,3,973,97311,2,1,1,6,Avenue Christophe Colomb,5.47676,-54.038551
202300031865,1,3,2023,2025-12-05 12:05:00,1,13,13103,1,1,1,4,Route De Jean Moulin-Rn 538,43.67738,5.09307
202300031866,8,4,2023,2025-12-05 09:30:00,1,988,98829,1,1,1,7,Rps4 -Les Petroglyphes,-21.635569,166.200426
202300031867,11,11,2023,2025-12-05 13:30:00,1,33,33199,2,1,1,3,Avenue De Cesaree,44.586547,-1.069032
202300031868,23,5,2023,2025-12-05 17:55:00,1,91,91228,1,1,1,3,Rn 104,48.61874631,2.42732003
202300031869,20,2,2023,2025-12-05 02:50:00,3,13,13056,2,1,1,7,Saint Macaire (Chemin),43.42449,5.01953
202300031870,11,2,2023,2025-12-05 20:00:00,5,971,97128,2,3,1,3,D114,16.284524,-61.371144
202300031871,12,11,2023,2025-12-05 01:30:00,3,77,77217,1,1,2,2,D319,48.674654,2.675874
202300031872,11,4,2023,2025-12-05 02:00:00,5,971,97125,1,1,1,2,Rn5,16.293192,-61.290128
202300031873,1,3,2023,2025-12-05 12:30:00,1,13,13214,2,1,1,3,Etienne Dollet (Rue),43.3396943,5.39568721
202300031874,23,5,2023,2025-12-05 18:00:00,1,91,91570,1,1,1,5,Rn 104,48.62494,2.33068
202300031875,12,11,2023,2025-12-05 12:55:00,1,2A,2A041,1,1,1,6,La Trinite,41.413188,9.122236
202300031876,14,4,2023,2025-12-05 14:20:00,1,972,97228,2,1,1,1,Rue De L?Enseignement,14.781297,-61.022299
202300031877,23,5,2023,2025-12-05 19:00:00,1,95,95018,1,1,1,2,A15,48.96034883,2.2711122
202300031878,11,11,2023,2025-12-05 17:00:00,2,66,66145,1,1,1,1,D23A,42.624395,2.823116
202300031879,9,4,2023,2025-12-05 16:35:00,1,95,95199,2,1,1,2,D124,49.02389,2.32772
202300031880,2,3,2023,2025-12-05 08:15:00,1,13,13214,2,3,1,3,St Joseph A Ste Marthe (Chemin),43.3436,5.38534
202300031881,10,11,2023,2025-12-05 15:55:00,1,34,34327,2,2,1,6,7 Avenue De La Gare,43.658012,3.96827
202300031882,23,5,2023,2025-12-05 18:15:00,1,93,93066,1,1,1,3,Autoroute A1,48.91384971,2.35800952
202300031883,8,4,2023,2025-12-05 10:35:00,1,78,78128,1,3,1,3,Croisement D906/D91,48.669426,1.956596
202300031884,1,3,2023,2025-12-05 19:00:00,5,13,13005,2,1,1,6,Verdun (Avenue De),43.28926,5.57272
202300031885,11,11,2023,2025-12-05 15:00:00,1,83,83047,2,1,1,6,Impasse Lavoisier,43.124221,6.074002
202300031886,14,4,2023,2025-12-05 22:00:00,3,78,78090,1,1,1,2,Route Departementale 113,48.957228,1.891687
202300031887,23,5,2023,2025-12-05 12:30:00,1,95,95488,1,1,1,2,A15,49.01041606,2.1546185
202300031888,11,11,2023,2025-12-05 15:10:00,1,83,83053,2,1,1,6,105 Route De Marseille,43.172812,5.829524
202300031889,14,4,2023,2025-12-05 13:35:00,1,2B,2B296,1,1,1,3,Rd 413,42.580993,8.902665
202300031890,23,5,2023,2025-12-05 07:50:00,1,93,93006,1,1,1,3,Autoroute A3,48.86576613,2.42064352
202300031891,11,11,2023,2025-12-05 11:48:00,1,68,68351,1,1,2,1,Rd 415 Pk46+200,48.019525,7.576511
202300031892,2,3,2023,2025-12-05 08:11:00,1,13,13001,2,3,1,1,Sextius (Cours),43.52731,5.44322
202300031893,14,4,2023,2025-12-05 15:10:00,1,2B,2B042,1,1,1,2,T11,42.590849,9.43927
202300031894,11,11,2023,2025-12-05 11:50:00,1,3,3316,2,3,1,1,Rue De La Bergerie,46.664411,3.249217
202300031895,14,4,2023,2025-12-05 13:30:00,1,4,4171,1,1,1,6,Route Departementale 952,43.792852,6.383845
202300031896,1,3,2023,2025-12-05 16:20:00,1,13,13001,1,1,1,5,Rd9,43.50266,5.39588
202300031897,23,5,2023,2025-12-05 10:05:00,1,93,93007,1,1,1,4,Autoroute A3,48.92345412,2.48055468
202300031898,15,4,2023,2025-12-05 14:10:00,1,68,68063,1,1,1,2,D1066,47.776137,7.208555
202300031899,11,11,2023,2025-12-05 10:30:00,1,1,1313,1,3,2,2,D35B,46.254185,6.062758
202300031900,15,4,2023,2025-12-05 07:05:00,3,1,1064,2,1,2,6,244 Route De Belley,45.76469,5.480166
202300031901,2,3,2023,2025-12-05 17:05:00,2,6,6083,2,1,1,6,"France (Avenue Porte De,Ndeg53 Et +)",43.783978,7.517086
202300031902,23,5,2023,2025-12-05 09:20:00,1,93,93006,1,1,1,2,Autoroute A3,48.86576613,2.42064352
202300031903,15,4,2023,2025-12-05 07:15:00,2,69,69036,2,1,1,6,188 Pres Du Moulin,46.120797,4.650312
202300031904,10,11,2023,2025-12-05 07:30:00,2,17,17185,1,1,8,3,D733,45.715274,-0.972011
202300031905,14,4,2023,2025-12-05 23:00:00,3,69,69159,1,6,2,6,Route De Tarare,45.970086,4.672601
202300031906,2,3,2023,2025-12-05 19:00:00,2,1,1053,2,2,1,3,Maginot ( Avenue ) De 1A 41,46.208768,5.227566
202300031907,23,5,2023,2025-12-05 08:30:00,1,93,93007,1,1,1,5,Autoroute A1,48.94925302,2.44676549
202300031908,11,11,2023,2025-12-05 10:35:00,1,29,29057,2,3,8,3,Route De La Foret-Fouesnant,47.90519511,-3.99507291
202300031909,15,4,2023,2025-12-05 11:40:00,1,22,22136,1,1,1,1,Bodin,48.16971,-2.726546
202300031910,14,4,2023,2025-12-05 22:08:00,5,60,60360,2,1,2,2,Avenue Louis Aragon,49.330129,2.458245
202300031911,10,11,2023,2025-12-05 12:00:00,1,22,22070,2,1,3,2,Avenue John Fitzgerald Kennedy,48.563005,-3.163075
202300031912,3,3,2023,2025-12-05 10:30:00,1,75,75116,2,1,1,4,Echangeur Muette,48.864239,2.266541
202300031913,22,5,2023,2025-12-05 10:00:00,1,93,93013,1,1,1,5,Autoroute A1,48.94049514,2.42470833
202300031914,2,3,2023,2025-12-05 20:25:00,5,75,75113,2,1,1,3,Porte D Ivry,48.820004,2.374225
202300031915,15,4,2023,2025-12-05 11:00:00,1,60,60461,1,1,2,3,Rd938,49.449741,2.162011
202300031916,10,11,2023,2025-12-05 18:28:00,3,35,35191,1,2,1,3,Intersection D103/D15/D102,48.459341,-1.310409
202300031917,21,5,2023,2025-12-05 23:30:00,3,93,93005,1,1,1,6,Autoroute A3,48.95912873,2.47345001
202300031918,14,4,2023,2025-12-05 12:00:00,1,59,59659,2,1,1,3,16 Rue De Verdun,50.017023,4.018432
202300031919,11,11,2023,2025-12-05 16:45:00,1,76,76462,2,2,2,6,Rue De Drincourt,49.734069,1.436999