num_acc,jour,mois,an,hrmn,lum,dep,com,agg,int,atm,col,adr,lat,long
202300031920,1,3,2023,2025-12-05 08:45:00,1,75,75113,2,1,1,3,Porte D Ivry,48.821086,2.377998
202300031921,23,5,2023,2025-12-05 19:00:00,1,94,94017,1,1,1,2,A4,48.82648029,2.52228801
202300031922,3,3,2023,2025-12-05 17:45:00,1,75,75118,2,1,1,6,Avenue De La Porte De Clignancourt,48.898852,2.34424
202300031923,12,11,2023,2025-12-05 06:20:00,5,80,80780,2,3,2,6,2 Rue Curie,50.11998,1.551915
202300031924,23,5,2023,2025-12-05 15:20:00,1,94,94017,1,1,1,3,A4,48.8287204,2.47702199
202300031925,12,4,2023,2025-12-05 10:25:00,1,42,42207,1,1,1,5,A47,45.48694,4.504223
202300031926,3,3,2023,2025-12-05 13:00:00,1,75,75118,2,2,1,6,Rue Lieutenant Colonel Dax,48.901182,2.339985
202300031927,10,11,2023,2025-12-05 21:04:00,5,13,13215,1,1,1,4,A7-Sens Marseille Vers Lyon,43.34591,5.37357
202300031928,16,3,2023,2025-12-05 20:05:00,5,43,43157,2,3,1,3,Avenue Du Val Vert,45.030185,3.883486
202300031929,14,4,2023,2025-12-05 17:45:00,1,33,33063,1,1,3,4,Rocade A 630,44.88019,-0.53823
202300031930,3,3,2023,2025-12-05 17:30:00,1,75,75116,2,2,1,3,Boulevard Exelmans,48.840877,2.265178
202300031931,13,4,2023,2025-12-05 08:25:00,1,62,62907,1,1,1,6,Autoroute A1,50.47743,2.98021
202300031932,10,11,2023,2025-12-05 12:20:00,1,13,13117,1,1,1,5,A7-Sens Lyon Vers Marseille,43.42649223,5.26333366
202300031933,9,4,2023,2025-12-05 08:32:00,1,59,59459,1,1,5,6,Autoroute A23,50.3745,3.47493
202300031934,11,11,2023,2025-12-05 04:35:00,3,83,83090,1,1,1,6,A50,43.1241327,5.87154558
202300031935,3,3,2023,2025-12-05 15:00:00,1,75,75116,2,3,1,6,Rue De Passy,48.857741,2.279922
202300031936,16,3,2023,2025-12-05 18:45:00,5,43,43099,2,2,1,3,Route De Lempdes,45.388328,3.304433
202300031937,11,11,2023,2025-12-05 19:40:00,5,33,33487,1,1,2,6,Autoroute A 10,44.95230669,-0.45964479
202300031938,14,4,2023,2025-12-05 16:55:00,1,91,91064,1,1,2,4,Rn 118,48.74422,2.19048
202300031939,16,3,2023,2025-12-05 17:00:00,1,43,43132,1,1,1,1,Pont De Costet,45.116389,3.49082
202300031940,3,3,2023,2025-12-05 11:20:00,1,75,75116,2,1,1,3,Rue Du Ranelagh,48.853354,2.278733
202300031941,14,4,2023,2025-12-05 00:40:00,5,92,92004,1,1,1,6,Rn315 W,48.91514617,2.30963154
202300031942,11,3,2023,2025-12-05 20:35:00,5,43,43041,2,6,1,6,Place De La Mairie,45.04696445,3.92664403
202300031943,14,4,2023,2025-12-05 09:00:00,1,93,93005,1,1,1,3,Autoroute A3,48.96024199,2.47332287
202300031944,11,11,2023,2025-12-05 15:00:00,1,33,33039,1,1,2,4,Rocade A 630,44.79584035,-0.5386278
202300031945,13,4,2023,2025-12-05 17:15:00,1,92,92036,1,1,1,6,Autoroute A15,48.94122394,2.29162986
202300031946,2,3,2023,2025-12-05 19:15:00,5,75,75113,2,1,1,2,Boulevard Peripherique Exterieur Sud,48.824117,2.383399
202300031947,11,3,2023,2025-12-05 11:40:00,1,43,43218,1,1,8,5,N 88,45.062609,4.018164
202300031948,12,4,2023,2025-12-05 08:00:00,1,92,92036,1,1,1,6,Autoroute A15,48.93788866,2.29766722
202300031949,11,11,2023,2025-12-05 04:15:00,4,33,33039,1,1,2,4,Rocade A 630,44.79166805,-0.5404222
202300031950,10,3,2023,2025-12-05 08:55:00,1,43,43157,2,1,1,6,Rue Des Tables,45.04542,3.88262
202300031951,24,1,2023,2025-12-05 18:30:00,5,2A,2A004,2,1,1,2,Bonaparte Charles  Bd,41.93389,8.74789
202300031952,3,3,2023,2025-12-05 16:35:00,1,75,75111,2,3,1,3,Rue Saint Maur,48.86212,2.380157
202300031953,5,3,2023,2025-12-05 11:55:00,1,43,43157,2,1,1,6,1 Avenue De La Dentelle,45.04209,3.88867
202300031954,11,11,2023,2025-12-05 03:55:00,3,91,91377,1,1,1,4,Autoroute A10,48.72183,2.29553
202300031955,13,4,2023,2025-12-05 12:22:00,1,976,97611,2,1,1,3,Tsoundzou-Kwale ( Route De ),-12.82037,45.19535
202300031956,3,3,2023,2025-12-05 20:45:00,5,75,75110,2,2,1,2,Boulevard De Strasbourg,48.86933038,2.35427141
202300031957,2,3,2023,2025-12-05 17:10:00,2,43,43157,2,1,1,6,7 Boulevard Marechal Fayolle,45.04214,3.88591
202300031958,13,4,2023,2025-12-05 16:30:00,1,974,97411,2,1,1,2,Vinh-San (Bld 1 Du Prince),-20.88739,55.44134
202300031959,10,11,2023,2025-12-05 23:55:00,3,94,94076,1,1,2,5,A6B,48.78543196,2.34573083
202300031960,22,5,2023,2025-12-05 21:25:00,5,95,95277,2,1,1,6,D370,48.99419719,2.42385864
202300031961,12,4,2023,2025-12-05 05:20:00,5,69,69152,2,6,1,3,Chemin D'Yvours,45.6929777,4.82765637
202300031962,3,3,2023,2025-12-05 16:20:00,1,75,75107,2,3,1,3,Rue Saint Dominique,48.858315,2.322369
202300031963,13,4,2023,2025-12-05 14:08:00,1,2B,2B033,2,1,1,2,Route Royale,42.678036,9.432629
202300031964,3,3,2023,2025-12-05 14:41:00,1,75,75107,2,1,1,6,Quai Branly,48.862156,2.300001
202300031965,10,11,2023,2025-12-05 21:31:00,3,91,91161,1,1,8,4,Autoroute A6,48.69586,2.31743
202300031966,22,5,2023,2025-12-05 17:00:00,1,42,42095,2,4,1,6,Rue Verdie,45.39055,4.28553
202300031967,12,4,2023,2025-12-05 15:45:00,1,2B,2B033,2,1,1,6,11 - Rt,42.67081,9.44359
202300031968,11,11,2023,2025-12-05 19:00:00,3,92,92036,1,1,8,2,Rn315 Y,48.92009017,2.30667222
202300031969,2,3,2023,2025-12-05 22:55:00,5,75,75102,2,2,1,3,Boulevard De Sebastopol,48.863402,2.350948
202300031970,22,5,2023,2025-12-05 18:20:00,1,75,75115,2,3,1,6,Rue De La Federation,48.854314,2.292312
202300031971,12,4,2023,2025-12-05 18:30:00,1,2A,2A004,2,4,1,1,Parc Imperial Rce Rte Des Cedres,41.9088,8.71801
202300031972,11,11,2023,2025-12-05 17:06:00,2,92,92050,1,4,8,7,A14,48.90293811,2.20539182
202300031973,20,5,2023,2025-12-05 16:35:00,1,76,76351,2,1,1,6,Irene Joliot Curie (Rue),49.50974,0.10166
202300031974,12,4,2023,2025-12-05 14:20:00,1,83,83129,2,1,7,6,Faraud Louis (Bd Et Pont),43.095576,5.83712
202300031975,2,3,2023,2025-12-05 17:50:00,1,94,94046,2,1,1,5,Avenue Du General De Gaulle,48.81313,2.4214
202300031976,11,11,2023,2025-12-05 21:40:00,3,93,93064,1,1,1,2,Autoroute A86,48.87012,2.48243
202300031977,13,4,2023,2025-12-05 14:10:00,1,83,83061,2,9,6,3,Avenue Du Huit Mai 1945,43.432637,6.725205
202300031978,12,3,2023,2025-12-05 14:50:00,1,43,43234,2,6,1,3,Avenue Du Gevaudan,44.956071,3.541213
202300031979,3,3,2023,2025-12-05 13:40:00,1,94,94003,2,1,1,2,Avenue Gabriel Peri,48.8046,2.34425
202300031980,11,11,2023,2025-12-05 18:35:00,3,95,95582,1,1,1,2,A15,48.97522663,2.24280953
202300031981,12,4,2023,2025-12-05 21:35:00,2,83,83061,2,3,1,3,Rue Du Docteur Donnadieu,43.43287,6.75449
202300031982,3,3,2023,2025-12-05 13:15:00,1,94,94076,2,1,1,2,175 Boulevard Maxime Gorki,48.787631,2.367891
202300031983,22,5,2023,2025-12-05 19:40:00,5,976,97611,2,1,1,1,Cavani-Kavani Sud ( Rue ),-12.78609,45.21893
202300031984,10,11,2023,2025-12-05 15:30:00,1,77,77288,2,1,2,6,Almont (Boulevard De L'),48.543519,2.67849
202300031985,22,5,2023,2025-12-05 06:10:00,2,974,97416,1,1,1,6,Ancienne Rn 1,-21.32543,55.44706
202300031986,14,6,2023,2025-12-05 14:30:00,1,24,24256,2,1,1,1,Bordeaux (Route De),45.18301,0.65237
202300031987,3,3,2023,2025-12-05 21:10:00,5,94,94033,2,2,1,3,12 Rue Notre Dame,48.84601879,2.47037172
202300031988,13,4,2023,2025-12-05 08:40:00,2,78,78440,2,6,1,6,Europe (Avenue De L'),48.97453,1.91684
202300031989,10,11,2023,2025-12-05 21:00:00,5,988,98818,2,3,2,6,Avenue James Cook/Rue Du C.A. Joseph Du Bouzet,-22.26718,166.41238
202300031990,21,5,2023,2025-12-05 22:00:00,5,974,97411,1,9,1,6,Rambaud (Leopold),-20.8866,55.4895
202300031991,25,2,2023,2025-12-05 02:15:00,4,94,94028,2,1,1,5,Rue De L'Echat,48.8014,2.44663
202300031992,10,11,2023,2025-12-05 17:50:00,2,974,97411,2,2,1,3,Vauthier (Rue  Marcel),-20.91218,55.50229
202300031993,22,5,2023,2025-12-05 14:45:00,1,973,97302,2,2,2,4,Felix Eboue(Rocade),4.92952,-52.31513
202300031994,12,4,2023,2025-12-05 20:00:00,1,77,77305,2,4,1,3,Rue Du General Pajol,48.3994,2.9611
202300031995,2,3,2023,2025-12-05 14:45:00,1,94,94028,2,1,1,3,96 Av Du Mal De Lattre De Tassigny,48.800681,2.450675
202300031996,10,11,2023,2025-12-05 07:15:00,1,974,97411,2,3,1,6,Bois De Nefles (Route De),-20.90196,55.47713
202300031997,22,5,2023,2025-12-05 13:20:00,1,69,69386,2,1,1,1,74 Rue Vauban,45.76543137,4.84947962
202300031998,2,3,2023,2025-12-05 19:00:00,2,94,94079,2,1,1,6,2 Boulevard De Friedberg,48.83265734,2.54380462
202300031999,9,11,2023,2025-12-05 20:10:00,5,974,97411,2,1,1,1,Ocean (Boulevard De L'),-20.87934,55.45807
202300032000,13,4,2023,2025-12-05 23:42:00,5,76,76322,2,1,6,7,Rue Hector Berlioz,49.40564,1.04872
202300032001,9,11,2023,2025-12-05 12:10:00,1,974,97411,2,1,1,2,Lancastel (Boulevard),-20.87502,55.45396
202300032002,21,5,2023,2025-12-05 09:47:00,1,972,97213,1,1,1,2,Route Nationale 5,14.59451,-60.98438
202300032003,2,3,2023,2025-12-05 16:00:00,1,94,94017,2,9,1,3,Voie Sonia Delaunay,48.8135,2.52804
202300032004,14,4,2023,2025-12-05 01:10:00,5,69,69266,2,2,2,3,Rue Alexandre Boutin,45.76522,4.86888
202300032005,8,11,2023,2025-12-05 10:45:00,1,974,97411,2,2,3,3,Auber (Rue Jules),-20.88107,55.4536
202300032006,1,3,2023,2025-12-05 18:00:00,1,94,94017,2,1,1,6,Rue Detaille,48.81204608,2.54803868
202300032007,14,4,2023,2025-12-05 02:15:00,5,69,69290,2,1,2,6,112 Chemin De Saint Bonnet De Mure,45.69185,4.9671
202300032008,21,5,2023,2025-12-05 22:55:00,5,972,97209,1,1,1,2,Autoroute (A1),14.61828,-61.03646
202300032009,10,11,2023,2025-12-05 15:53:00,1,973,97302,1,9,1,3,Crique Fouillee (Rond Point),4.89712,-52.32859
202300032010,13,4,2023,2025-12-05 20:50:00,5,69,69259,2,3,2,6,14A Avenue Marcel Paul,45.70054,4.88137
202300032011,1,3,2023,2025-12-05 09:01:00,1,93,93066,2,9,1,3,Boulevard Anatole France,48.92645164,2.35152841
202300032012,10,11,2023,2025-12-05 20:30:00,5,69,69386,2,2,2,2,Rue Des Emeraudes,45.7691,4.86054
202300032013,13,4,2023,2025-12-05 11:20:00,1,67,67482,2,3,1,2,Canonniers (Rue Des),48.55448,7.76639
202300032014,10,11,2023,2025-12-05 12:50:00,2,69,69386,2,1,1,6,Rue Tronchet,45.76983,4.84763
202300032015,12,4,2023,2025-12-05 17:25:00,1,63,63113,2,1,1,7,Blatin (Rue),45.77651,3.07522
202300032016,21,5,2023,2025-12-05 21:15:00,3,971,97101,1,1,2,5,Route De Boisvins,16.26398,-61.47801
202300032017,10,11,2023,2025-12-05 08:40:00,1,69,69387,2,1,3,3,Rue Domer,45.74686,4.84511
202300032018,12,4,2023,2025-12-05 15:40:00,1,62,62727,2,6,2,6,D941,50.47369049,2.58979082
202300032019,3,3,2023,2025-12-05 15:05:00,1,93,93029,2,1,1,6,Centre Comemrcial - Rue Saint Stenay,48.91911,2.42052
202300032020,20,5,2023,2025-12-05 02:05:00,3,971,97101,2,1,2,6,Rn11,16.25823,-61.51166
202300032021,10,11,2023,2025-12-05 21:20:00,5,69,69382,2,3,2,3,Rue Casimir Perier,45.74192,4.82242
202300032022,1,3,2023,2025-12-05 14:40:00,1,93,93027,2,3,1,1,Rue De Geneve,48.92468,2.37867
202300032023,15,5,2023,2025-12-05 11:00:00,1,971,97105,2,1,1,6,Lauriers (Allee Des ),15.99875605,-61.72475874
202300032024,13,4,2023,2025-12-05 19:00:00,1,60,60414,1,1,1,4,Rd 200,49.259,2.453
202300032025,12,4,2023,2025-12-05 09:35:00,1,56,56121,2,6,2,6,Dordelin (Rue De L Amiral Alain ),47.73317,-3.37236
202300032026,10,11,2023,2025-12-05 21:25:00,5,69,69384,2,2,2,3,Rue De Belfort,45.77759,4.83484
202300032027,22,5,2023,2025-12-05 08:50:00,1,95,95280,2,1,1,6,Montmorency (Avenue De),49.03018,2.45557
202300032028,3,3,2023,2025-12-05 14:00:00,1,93,93047,2,2,1,3,Avenue Daguerre / Avenue Pascal,48.90549,2.58735
202300032029,12,4,2023,2025-12-05 18:00:00,1,54,54395,2,1,1,1,Lebrun (Rue Albert),48.68587735,6.19101316
202300032030,10,11,2023,2025-12-05 14:36:00,1,2B,2B033,2,1,1,2,Toutes Rues,42.70595,9.44865
202300032031,12,4,2023,2025-12-05 12:20:00,1,54,54304,1,2,2,3,Resistance (Av. De La -Pair-),48.69397,6.1352
202300032032,3,3,2023,2025-12-05 18:20:00,2,93,93005,2,1,1,4,Cours Salvador Allende,48.95282489,2.49985099
202300032033,22,5,2023,2025-12-05 06:45:00,2,95,95555,2,1,1,1,D15,48.9751653,2.29188189
202300032034,10,11,2023,2025-12-05 22:50:00,5,95,95268,2,3,2,3,D84,48.95965495,2.39891946
202300032035,13,4,2023,2025-12-05 21:23:00,5,54,54028,2,3,2,1,Rue Des Martyrs,49.211108,5.976585
202300032036,3,3,2023,2025-12-05 19:40:00,5,92,92046,2,1,1,2,Fabien (Boulevard Du Colonel),48.81378952,2.27865055
202300032037,21,5,2023,2025-12-05 11:56:00,1,87,87085,2,1,1,7,Constanty (Rue Georges),45.91065,1.30529
202300032038,13,4,2023,2025-12-05 09:30:00,1,51,51454,2,2,1,6,Rue Libergier,49.2502667,4.02475387
202300032039,10,11,2023,2025-12-05 17:40:00,5,95,95280,2,2,2,6,Ronsard (Rue),49.03052454,2.47038424
202300032040,20,5,2023,2025-12-05 15:02:00,1,87,87085,2,1,1,7,Georges Guingouin(Rue),45.9058,1.29718
202300032041,3,3,2023,2025-12-05 16:35:00,1,92,92073,2,9,1,3,Sellier (Boulevard Henri),48.864697,2.219001
202300032042,13,4,2023,2025-12-05 08:10:00,1,51,51454,2,3,1,3,Rue Lanson,49.24588243,4.05851752
202300032043,9,11,2023,2025-12-05 17:35:00,2,91,91549,2,1,2,6,Corbeil (Route De),48.63195,2.33158
202300032044,21,5,2023,2025-12-05 07:00:00,2,86,86157,1,1,1,2,N147,46.567584,0.398667
202300032045,10,11,2023,2025-12-05 22:30:00,3,91,91377,2,1,1,1,Av Du M De Lattre De Tassigny,48.71858,2.29255
202300032046,3,3,2023,2025-12-05 06:21:00,5,92,92072,2,1,1,2,Grande Rue,48.82104,2.20184
202300032047,13,4,2023,2025-12-05 19:40:00,2,45,45234,2,3,8,3,22Bis Quai Du Chatelet,47.89801,1.91083
202300032048,10,11,2023,2025-12-05 17:10:00,2,91,91345,2,9,2,6,Rue De Chilly,48.69744,2.2953
202300032049,9,4,2023,2025-12-05 04:45:00,3,42,42237,1,1,1,6,M32,45.45386,4.45801
202300032050,9,5,2023,2025-12-05 12:49:00,1,80,80021,2,2,2,3,Liberation (Carrefour De La),49.8866,2.27895
202300032051,3,3,2023,2025-12-05 17:30:00,1,92,92051,2,6,1,3,"Charles De Gaulle (Avenue,Ndeg118 A 192 +",48.88452834,2.26040733
202300032052,13,4,2023,2025-12-05 13:43:00,1,42,42127,2,1,1,2,N7,46.06491,4.05729
202300032053,9,11,2023,2025-12-05 11:04:00,1,87,87085,2,3,1,3,Allende (Quai Salvador),45.82118,1.26297
202300032054,4,3,2023,2025-12-05 07:20:00,2,37,37010,1,1,1,7,Le Cerisay,47.55615962,0.97085238
202300032055,9,5,2023,2025-12-05 09:00:00,1,80,80021,2,1,3,3,General Foy (Avenue Du ),49.89262,2.28444
202300032056,12,4,2023,2025-12-05 17:05:00,1,41,41295,1,1,3,6,D951,47.60771,1.37793
202300032057,22,5,2023,2025-12-05 14:40:00,1,77,77124,2,1,1,6,Fort Dubois  (Rue Du  ),48.85917,2.7197
202300032058,28,2,2023,2025-12-05 16:25:00,1,2A,2A070,2,1,1,1,Rd 81,42.06223,8.741394
202300032059,9,11,2023,2025-12-05 18:38:00,3,87,87085,2,1,2,6,Autoroute A20,45.88237,1.29249
202300032060,12,4,2023,2025-12-05 16:30:00,1,38,38053,2,9,2,6,Liberation,45.59353,5.27555
202300032061,18,5,2023,2025-12-05 16:10:00,1,77,77016,2,1,1,6,Rue De La Gare,48.23074,2.70509
202300032062,13,4,2023,2025-12-05 18:20:00,1,36,36044,2,1,8,3,Adresse_Inconnue,46.81,1.68
202300032063,9,11,2023,2025-12-05 18:18:00,5,87,87065,2,1,3,6,Legrand (Rue Frederic-),45.81044,1.32814
202300032064,13,4,2023,2025-12-05 15:45:00,1,35,35238,2,2,1,6,Vern (De),48.09817144,-1.65578462
202300032065,19,5,2023,2025-12-05 17:50:00,1,76,76351,2,3,1,3,Jean Jaures (Avenue),49.5009,0.17818
202300032066,8,11,2023,2025-12-05 15:27:00,1,87,87085,2,1,1,6,Rhin Et Danube (Rue),45.88127,1.29491
202300032067,13,4,2023,2025-12-05 15:50:00,1,34,34172,2,1,1,3,161 Rue Marius Carrieu,43.6166,3.84172
202300032068,3,3,2023,2025-12-05 16:00:00,1,22,22014,1,1,1,1,La Ville Hamonnet,48.508019,-2.247482
202300032069,12,4,2023,2025-12-05 18:45:00,1,34,34172,2,1,1,3,82 Avenue D'Assas,43.61777,3.86013
202300032070,22,5,2023,2025-12-05 10:50:00,1,76,76217,2,1,1,1,Rocade De Janval,49.91037,1.07445
202300032071,10,11,2023,2025-12-05 12:58:00,1,86,86194,2,2,1,3,Avenue Jacques Coeur,46.563552,0.381989
202300032072,1,3,2023,2025-12-05 16:50:00,1,6,6161,2,6,1,6,Avenue Saint Andrieu,43.646226,7.133615
202300032073,13,4,2023,2025-12-05 08:33:00,1,32,32013,2,3,2,3,Sambre Et Meuse (Avenue),43.64375,0.59739
202300032074,8,11,2023,2025-12-05 12:20:00,1,84,84007,2,6,1,6,Tarascon ( Avenue De),43.92041,4.80922
202300032075,4,3,2023,2025-12-05 15:20:00,1,972,97232,1,1,1,1,Chemin De Morne Raquette,14.53984,-60.875657
202300032076,21,5,2023,2025-12-05 14:50:00,1,72,72181,1,9,1,4,Messiaen Olivier (Av) Impairs,48.01763,0.13662
202300032077,6,11,2023,2025-12-05 15:48:00,1,84,84007,2,1,1,6,Soulier (Bd Denis),43.94299,4.81933
202300032078,13,4,2023,2025-12-05 20:35:00,5,31,31555,2,6,3,3,Av Des Arenes Romaines,43.61873,1.39709
202300032079,3,3,2023,2025-12-05 14:55:00,1,974,97414,1,9,1,3,Route Hubert Delisle,-21.253862,55.433348
202300032080,17,5,2023,2025-12-05 19:20:00,1,68,68297,2,1,1,6,De Gaulle ( Ave Du Gle )A Partir Des Nr,47.58173,7.55486
202300032081,3,11,2023,2025-12-05 19:16:00,2,84,84007,2,3,1,1,Lyon (Route De ),43.95053,4.82472
202300032082,12,4,2023,2025-12-05 12:10:00,1,29,29019,1,2,1,1,Route De Kervallan,48.38086,-4.54786
202300032083,3,3,2023,2025-12-05 19:00:00,2,973,97304,1,1,1,1,Route Degrad Saramaca Pk 13.4,5.078761,-52.693123
202300032084,8,4,2023,2025-12-05 14:43:00,1,29,29019,2,1,1,2,Avenue Victor Le Gorgeu,48.40038,-4.49877
202300032085,3,3,2023,2025-12-05 23:00:00,3,56,56129,1,1,1,6,Kergus,48.141675,-2.388368
202300032086,31,10,2023,2025-12-05 18:30:00,2,30,30011,2,1,1,6,Tavel Avenue De,43.96036,4.75039
202300032087,22,5,2023,2025-12-05 11:30:00,1,67,67447,2,3,1,6,Pompiers (Rue Des),48.60669,7.74927
202300032088,12,4,2023,2025-12-05 20:30:00,1,28,28332,2,1,1,1,Montdrouard (Cote),48.726,1.39804
202300032089,3,3,2023,2025-12-05 22:10:00,5,67,67105,2,1,1,1,Rue De Weyer,48.863564,7.185423
202300032090,7,11,2023,2025-12-05 08:30:00,1,84,84007,1,2,5,2,Morieres (Route De ),43.94417,4.88284
202300032091,3,3,2023,2025-12-05 17:15:00,1,76,76452,1,1,1,7,Rue De Fontaine,49.554512,1.091262
202300032092,13,4,2023,2025-12-05 10:15:00,1,25,25056,2,3,1,2,Chaillot Rue De,47.25034,6.01436
202300032093,22,5,2023,2025-12-05 08:04:00,1,60,60175,1,1,1,3,Rd 1016 Pierre Blanche,49.26386,2.48712
202300032094,10,11,2023,2025-12-05 16:25:00,1,77,77517,1,1,3,1,D34,48.92635,2.65622
202300032095,4,3,2023,2025-12-05 00:30:00,3,76,76367,1,1,1,6,D3,49.50498,1.105531
202300032096,13,4,2023,2025-12-05 17:55:00,1,22,22360,2,1,1,3,Leclerc (Avenue Du General),48.49349,-2.73576
202300032097,18,5,2023,2025-12-05 14:50:00,1,59,59350,2,2,1,6,Negrier Rue,50.64145,3.05473
202300032098,9,11,2023,2025-12-05 09:30:00,1,77,77039,1,1,2,6,D39,48.53239,2.57491
202300032099,4,3,2023,2025-12-05 17:10:00,1,79,79079,1,2,7,3,Adresse_Inconnue,46.933942,-0.832365
202300032100,13,4,2023,2025-12-05 10:55:00,1,15,15014,2,1,2,3,Rn 122,44.91655,2.46162
202300032101,11,4,2023,2025-12-05 15:06:00,1,14,14366,2,1,2,6,73 Rue Fournet,49.13261,0.2263
202300032102,3,3,2023,2025-12-05 20:05:00,3,65,65069,1,1,1,3,D929,43.089791,0.387802
202300032103,21,5,2023,2025-12-05 07:05:00,2,59,59009,1,1,1,1,Avenue De Roubaix,50.6473,3.16306
202300032104,8,11,2023,2025-12-05 12:45:00,1,76,76447,2,1,2,1,Avenue Georges Clemenceau,49.55468,0.2065
202300032105,13,4,2023,2025-12-05 19:15:00,1,13,13212,2,4,1,2,Saint Jean Du Desert (Chemin),43.29486,5.41749
202300032106,4,3,2023,2025-12-05 19:00:00,2,71,71419,2,1,1,6,20 Montee Du Villey,46.756063,5.252334
202300032107,10,11,2023,2025-12-05 18:10:00,5,72,72181,2,1,1,6,Jaures Jean (Av) Ndeg Pairs 60 Et >,47.98503,0.20965
202300032108,22,5,2023,2025-12-05 17:10:00,1,57,57463,2,1,1,6,Joseph Henot (Rue ),49.10168551,6.19975448
202300032109,13,4,2023,2025-12-05 10:17:00,1,13,13212,2,1,1,2,Elzear Rougier (Rue),43.30965,5.41162
202300032110,4,3,2023,2025-12-05 03:30:00,3,46,46064,1,3,1,6,D6,44.54250541,1.35309398
202300032111,10,11,2023,2025-12-05 07:10:00,5,72,72181,2,1,1,6,Boeufs Le Petit Houx (Chemin Aux),47.95262,0.21944
202300032112,21,5,2023,2025-12-05 04:25:00,3,56,56162,1,1,1,6,Moulin Du Ter (Rue Du ),47.73518,-3.40291
202300032113,12,4,2023,2025-12-05 20:00:00,5,13,13206,2,1,2,2,Jean Jaures (Place),43.29407,5.3864
202300032114,4,3,2023,2025-12-05 17:25:00,1,21,21637,1,1,1,7,Rue De Saint Loup,47.011864,5.30748
202300032115,10,11,2023,2025-12-05 22:25:00,5,69,69266,2,9,2,6,Gare Routiere Laurent Bonnevay,45.76478268,4.90869892
202300032116,13,4,2023,2025-12-05 13:45:00,1,13,13004,1,1,1,2,Rte N113 Marseille A Borbeaux,43.64768305,4.68853813
202300032117,3,3,2023,2025-12-05 20:15:00,3,39,39468,1,1,1,1,Adresse_Inconnue,46.542025,5.517009
202300032118,21,5,2023,2025-12-05 17:52:00,1,49,49015,2,1,1,7,Schweitzer Rue Albert,47.50309,-0.58877
202300032119,10,11,2023,2025-12-05 09:35:00,1,67,67218,2,3,1,1,Burkel (Route),48.52265,7.7158
202300032120,26,6,2023,2025-12-05 17:40:00,1,50,50082,2,1,1,6,Le Bourg Neuf,49.492132,-1.668569
202300032121,9,11,2023,2025-12-05 21:30:00,5,64,64445,2,1,1,6,Cami Salie Du,43.32651,-0.34136
202300032122,13,4,2023,2025-12-05 07:46:00,2,11,11069,1,1,2,5,Adresse_Inconnue,43.19755,2.35936
202300032123,3,3,2023,2025-12-05 18:50:00,3,25,25212,2,3,1,1,Rue De L'Amitie,47.276234,5.991191
202300032124,21,5,2023,2025-12-05 06:45:00,1,49,49007,2,1,1,6,Voie Des Berges,47.46999,-0.56216
202300032125,10,11,2023,2025-12-05 23:10:00,5,64,64024,2,1,3,3,Bab (Boulevard Du),43.48828,-1.53555
202300032126,11,4,2023,2025-12-05 11:40:00,1,9,9122,2,6,1,2,Rd 117,42.96358,1.60423
202300032127,3,3,2023,2025-12-05 15:25:00,1,44,44029,1,1,1,2,Route De La Remaudiere,47.26575822,-1.31680281
202300032128,22,5,2023,2025-12-05 11:29:00,1,47,47001,2,4,1,2,De Gaulle (Av. Du General),44.20611,0.61156
202300032129,12,4,2023,2025-12-05 18:00:00,1,6,6004,2,1,1,6,Wilson Bd,43.57369,7.11649
202300032130,25,6,2023,2025-12-05 17:20:00,1,80,80338,1,3,1,3,D122,49.894993,2.514834
202300032131,3,3,2023,2025-12-05 14:00:00,1,35,35327,1,1,1,2,D101,48.102996,-1.464996
202300032132,10,11,2023,2025-12-05 19:00:00,3,64,64102,2,3,3,4,Navarre (Avenue Henri De),43.5084,-1.44431
202300032133,22,5,2023,2025-12-05 18:22:00,1,45,45284,2,1,1,6,119 Rue Jean Zay,47.91163,1.9648
202300032134,26,6,2023,2025-12-05 14:50:00,1,59,59595,1,1,1,7,D630,50.208714,3.289461
202300032135,9,11,2023,2025-12-05 18:29:00,5,64,64024,2,3,1,1,Laporte (Avenue Jean Leon),43.48754,-1.5007
202300032136,27,2,2023,2025-12-05 17:10:00,1,38,38035,1,2,1,3,D518,45.532139,5.088022
202300032137,22,5,2023,2025-12-05 08:43:00,1,37,37261,2,2,1,3,Clos Saint Libert (Rue Du),47.40937,0.70741
202300032138,22,5,2023,2025-12-05 08:50:00,1,37,37261,2,1,1,6,Churchill (Boulevard Winston),47.3736,0.68098
202300032139,4,3,2023,2025-12-05 07:25:00,1,70,70282,1,1,1,1,D474,47.409507,5.807363
202300032140,19,6,2023,2025-12-05 08:30:00,1,59,59559,2,1,1,1,Rd50,50.35120644,3.63829897
202300032141,8,11,2023,2025-12-05 10:50:00,1,63,63300,2,6,1,6,Desaix (Boulevard),45.89116,3.11547
202300032142,12,4,2023,2025-12-05 14:49:00,1,75,75114,2,1,8,2,Porte De Chatillon,48.822561,2.314169
202300032143,22,5,2023,2025-12-05 16:25:00,1,22,22278,2,6,1,3,Aurore (Rd Pt De L'),48.51303,-2.73844
202300032144,10,2,2023,2025-12-05 16:30:00,1,72,72292,1,2,1,3,Rd36,48.13040274,0.74573301
202300032145,26,6,2023,2025-12-05 09:40:00,1,59,59388,1,1,7,3,Route De Sainghin,50.55405769,2.87424177
202300032146,27,10,2023,2025-12-05 12:30:00,1,62,62498,2,3,1,6,Rue Rene Lanoy,50.4311,2.83322
202300032147,22,5,2023,2025-12-05 08:40:00,1,22,22278,2,6,1,7,Paris (De),48.5039,-2.7405