num_acc,jour,mois,an,hrmn,lum,dep,com,agg,int,atm,col,adr,lat,long
202300032148,6,10,2023,2025-12-05 18:30:00,1,62,62263,2,9,1,3,Rue Francois Broussais,50.28852,2.73842
202300032149,3,3,2023,2025-12-05 16:45:00,1,72,72386,1,2,1,3,D314,48.01237,0.276386
202300032150,22,5,2023,2025-12-05 15:30:00,1,13,13210,2,1,2,2,Alfred Curtel (Rue),43.27761882,5.40776961
202300032151,26,6,2023,2025-12-05 09:46:00,1,13,13202,1,1,1,2,A55-Sens Marseille Vers Martigues,43.31,5.368
202300032152,22,5,2023,2025-12-05 13:00:00,1,13,13206,2,1,2,6,Vincent Delpuech (Boulevard),43.28312732,5.38937972
202300032153,4,3,2023,2025-12-05 03:00:00,3,14,14357,1,1,8,6,La Cosnerie - Lassy (Lassy),48.922681,-0.691128
202300032154,6,11,2023,2025-12-05 08:30:00,1,62,62744,1,2,1,4,Rn25,50.32103867,2.76513172
202300032155,12,6,2023,2025-12-05 06:00:00,2,69,69236,1,1,1,2,Autoroute 47,45.5675931,4.70640544
202300032156,18,5,2023,2025-12-05 18:50:00,1,13,13004,2,1,1,3,Rte De Crau,43.67228,4.64115
202300032157,3,3,2023,2025-12-05 15:40:00,1,64,64380,1,1,1,1,D40,43.497523,-0.37788
202300032158,10,11,2023,2025-12-05 18:00:00,5,59,59009,1,1,2,5,Fusilles Rue Des Du Ndeg116 A Fin,50.60882,3.17504
202300032159,22,5,2023,2025-12-05 07:40:00,1,13,13025,1,1,1,5,Rd 7,43.49023,5.56806
202300032160,25,6,2023,2025-12-05 18:25:00,1,57,57067,1,1,1,5,Adresse_Inconnue,49.30647362,6.1831516
202300032161,21,5,2023,2025-12-05 08:38:00,1,10,10387,2,1,1,3,Faubourg Croncels (Rue Du),48.282,4.079
202300032162,26,6,2023,2025-12-05 02:40:00,3,78,78043,1,1,1,2,A12 W,48.84037,2.09587
202300032163,4,3,2023,2025-12-05 05:15:00,3,18,18082,1,1,1,6,Adresse_Inconnue,46.989387,3.04656
202300032164,9,11,2023,2025-12-05 20:08:00,5,56,56121,2,2,2,3,Oradour Sur Glane ( Bd D'),47.75757,-3.37158
202300032165,3,3,2023,2025-12-05 23:00:00,3,16,16106,1,1,1,6,La Pelletiere,46.03727416,0.63371479
202300032166,24,5,2023,2025-12-05 11:15:00,1,6,6069,2,1,1,6,Auribeau (Route D') -D609-,43.628578,6.913341
202300032167,17,6,2023,2025-12-05 20:10:00,1,78,78423,1,1,1,3,N12W,48.794359,2.04974
202300032168,22,5,2023,2025-12-05 00:30:00,5,6,6069,2,1,1,6,Saint Laurent (Avenue),43.68059,6.95947
202300032169,4,3,2023,2025-12-05 06:00:00,2,16,16082,1,1,1,6,D674,45.48658,0.151073
202300032170,10,11,2023,2025-12-05 19:45:00,5,54,54167,2,1,3,4,Avenue Du General Leclerc,48.67176,5.9126
202300032171,26,6,2023,2025-12-05 08:45:00,1,77,77083,1,1,1,4,A4.W,48.834136,2.589399
202300032172,22,5,2023,2025-12-05 08:10:00,1,75,75116,2,1,1,5,Bd Peripherique Exterieur,48.843213,2.254373
202300032173,26,6,2023,2025-12-05 05:25:00,3,77,77059,1,1,1,6,A104,48.843836,2.662853
202300032174,3,3,2023,2025-12-05 18:30:00,1,53,53141,1,2,1,2,D57,48.063778,-0.616471
202300032175,9,11,2023,2025-12-05 20:50:00,5,54,54395,2,1,2,2,Cours Leopold,48.69667,6.17596
202300032176,3,3,2023,2025-12-05 22:02:00,3,85,85264,1,1,1,6,Rd938T,46.720056,-0.678931
202300032177,22,5,2023,2025-12-05 11:55:00,1,75,75116,2,1,1,2,Bd Peripherique Interieur,48.844089,2.254686
202300032178,16,6,2023,2025-12-05 08:05:00,1,94,94033,1,1,1,5,A86,48.85936413,2.48655322
202300032179,9,11,2023,2025-12-05 13:50:00,1,54,54339,2,1,1,6,Rue Du Colonel Driant,48.70816262,6.18840337
202300032180,4,3,2023,2025-12-05 04:20:00,3,85,85197,2,3,1,7,Rue De La Gueriviere,46.90525,-1.45071
202300032181,22,5,2023,2025-12-05 15:45:00,1,75,75119,2,1,1,2,Boulevard Macdonald,48.896398,2.393298
202300032182,4,3,2023,2025-12-05 20:30:00,3,14,14554,1,1,1,1,D23,49.074274,-0.296631
202300032183,10,11,2023,2025-12-05 10:20:00,1,49,49007,2,1,1,1,Haut Chene,47.4684,-0.59949
202300032184,22,5,2023,2025-12-05 06:00:00,1,75,75119,2,3,1,3,Avenue De Flandre,48.893164,2.37987
202300032185,4,3,2023,2025-12-05 17:35:00,1,37,37109,1,1,1,1,Quai Des Bateliers,47.38845978,0.61990446
202300032186,10,11,2023,2025-12-05 04:35:00,4,49,49007,2,1,2,7,Leroy Place,47.46466,-0.54888
202300032187,25,6,2023,2025-12-05 20:30:00,1,59,59122,2,6,7,3,Liberte (Boulevard De La),50.17011498,3.23101938
202300032188,3,3,2023,2025-12-05 14:30:00,1,48,48185,1,1,1,6,Rn88,44.48403,3.300812
202300032189,22,5,2023,2025-12-05 09:05:00,1,75,75117,2,1,1,6,Boulevard Bessieres,48.895937,2.317355
202300032190,9,11,2023,2025-12-05 08:21:00,1,49,49353,2,6,1,3,Lefevre,47.44351,-0.48858
202300032191,3,3,2023,2025-12-05 20:30:00,3,52,52135,1,1,1,7,Route Des Vignes,47.9188865,5.68199873
202300032192,4,3,2023,2025-12-05 12:35:00,1,42,42042,1,1,1,6,Route De St Rambert,45.46920412,4.23911333
202300032193,25,6,2023,2025-12-05 19:15:00,2,69,69387,2,2,1,7,Avenue Jean Jaures,45.75241,4.84612
202300032194,10,11,2023,2025-12-05 14:00:00,1,47,47001,2,1,2,3,Carnot (Bd Du President),44.20497721,0.62069643
202300032195,22,5,2023,2025-12-05 17:30:00,1,75,75115,2,2,1,3,Rue Du Commerce,48.84636,2.295329
202300032196,3,2,2023,2025-12-05 15:45:00,1,13,13040,1,3,1,3,Chemin Du Cros Du Pont,43.456496,5.545499
202300032197,20,6,2023,2025-12-05 06:20:00,1,972,97213,2,3,1,7,Route Departementale 14,14.64366,-61.01034
202300032198,9,11,2023,2025-12-05 14:26:00,1,45,45068,2,1,2,2,D40 Pr 0 + 277,48.01407,2.71728
202300032199,3,3,2023,2025-12-05 18:12:00,2,91,91338,1,1,1,3,Rue D'Orsay,48.661668,2.092654
202300032200,25,6,2023,2025-12-05 11:45:00,1,69,69389,2,1,1,3,678 Rue De Saint-Cyr,45.78799,4.80887
202300032201,22,5,2023,2025-12-05 19:30:00,1,75,75108,2,4,1,3,Rue Francois 1Er,48.867236,2.30599
202300032202,10,11,2023,2025-12-05 11:40:00,1,44,44109,2,1,2,6,32 Rue Hector Berlioz,47.2397622,-1.5760789
202300032203,22,5,2023,2025-12-05 12:52:00,1,75,75108,2,3,1,6,Rue De Tilsitt,48.875131,2.29601
202300032204,3,3,2023,2025-12-05 20:40:00,5,78,78601,1,1,1,1,14 Boutareine,48.569096,1.90748
202300032205,24,6,2023,2025-12-05 12:15:00,1,971,97101,1,1,2,2,Baimbridge,16.24576,-61.52506
202300032206,22,5,2023,2025-12-05 09:00:00,1,75,75116,2,4,1,6,Avenue Kleber,48.866105,2.289371
202300032207,25,6,2023,2025-12-05 11:45:00,1,2A,2A004,2,1,1,6,Grande Armee Avenue,41.92707,8.73023
202300032208,22,5,2023,2025-12-05 18:45:00,1,75,75107,2,3,1,6,Allee Leon Bourgeois,48.857324,2.292534
202300032209,25,6,2023,2025-12-05 13:55:00,1,95,95539,1,9,1,3,D125,48.993786,2.33683
202300032210,22,5,2023,2025-12-05 05:50:00,2,75,75104,2,2,1,6,Rue De Fourcy,48.855359,2.359579
202300032211,10,11,2023,2025-12-05 07:50:00,4,44,44162,2,1,3,2,23 Rue De La Rivaudiere,47.2239888,-1.6528652
202300032212,4,3,2023,2025-12-05 12:05:00,1,34,34240,1,1,1,3,Retail Park Saint-Aunes (Zone Commerciale),43.651098,3.983445
202300032213,25,6,2023,2025-12-05 17:50:00,1,95,95277,2,1,1,3,D370,48.98106196,2.44576693
202300032214,22,5,2023,2025-12-05 18:30:00,1,94,94081,2,6,1,6,Rue De Choisy / Rue Gretillat,48.78265,2.40195
202300032215,10,11,2023,2025-12-05 07:30:00,5,44,44109,2,6,3,6,23 Boulevard Des Freres De Goncourt,47.23308,-1.56558
202300032216,4,3,2023,2025-12-05 10:00:00,1,88,88196,2,1,1,6,2A Rue Lucienne,48.069971,6.871154
202300032217,19,6,2023,2025-12-05 20:59:00,1,91,91377,2,2,1,6,All De Quercy,48.73726,2.297
202300032218,14,12,2023,2025-12-05 14:00:00,1,64,64024,2,1,8,3,Quesnel (Rue De),43.4783,-1.52273
202300032219,21,5,2023,2025-12-05 23:20:00,5,94,94078,2,1,1,2,Av De L'Appel Du 18 Juin 1940,48.76038255,2.44302946
202300032220,4,3,2023,2025-12-05 16:00:00,1,73,73064,1,6,1,6,Avenue De La Breisse / D1006,45.555489,5.977477
202300032221,10,11,2023,2025-12-05 14:10:00,1,43,43251,2,6,2,3,Rond-Point D'Aielo De Malferit,45.0279,3.88072
202300032222,25,6,2023,2025-12-05 07:10:00,1,83,83069,2,6,1,6,De Lattre De Tassigny(Bld),43.12483,6.1505
202300032223,13,12,2023,2025-12-05 06:25:00,4,62,62570,1,1,1,2,D262,50.40685,2.86699
202300032224,4,3,2023,2025-12-05 19:50:00,5,38,38449,2,1,1,1,D75,45.650168,5.114994
202300032225,22,5,2023,2025-12-05 11:40:00,1,94,94077,2,3,1,2,Rue Charles Nungesser / Avenue Didier Daurat,48.732852,2.40359265
202300032226,7,10,2023,2025-12-05 22:30:00,5,40,40088,2,2,1,3,Hugo (Avenue Victor),43.7059,-1.0526
202300032227,4,3,2023,2025-12-05 08:25:00,1,26,26037,1,1,1,7,D538A,44.887149,4.941659
202300032228,22,5,2023,2025-12-05 09:00:00,1,93,93071,2,3,1,6,Avenue Ronsard / Allee Des Erables,48.94759,2.53448
202300032229,14,12,2023,2025-12-05 16:10:00,2,61,61001,2,2,2,3,Vc,48.42911,0.08742
202300032230,10,11,2023,2025-12-05 23:10:00,5,38,38185,2,9,2,3,Ampere (Rue ),45.18716,5.70555
202300032231,3,3,2023,2025-12-05 20:45:00,3,9,9282,1,2,1,3,D62,43.232791,1.56347
202300032232,24,6,2023,2025-12-05 18:10:00,1,71,71153,2,3,1,1,Marechal Foch (Rue),46.80566261,4.45915529
202300032233,3,3,2023,2025-12-05 13:30:00,1,31,31395,1,1,1,6,83 Rue De Comminges,43.433738,1.284895
202300032234,22,5,2023,2025-12-05 19:00:00,1,93,93066,2,2,1,3,Avenue Du Stade De France / Rue Francis De Pressense,48.91965132,2.36171536
202300032235,10,11,2023,2025-12-05 12:00:00,1,38,38053,2,1,1,2,D 1006,45.60571,5.23053
202300032236,14,12,2023,2025-12-05 20:45:00,5,59,59360,2,1,2,2,Mirabeau Rue,50.61195,3.02311
202300032237,25,6,2023,2025-12-05 19:40:00,1,69,69256,2,3,1,6,2 Avenue Paul Marcellin,45.78541719,4.9289663
202300032238,3,3,2023,2025-12-05 22:50:00,5,56,56167,1,1,1,6,Rue De L'Europe,47.667147,-2.901801
202300032239,24,6,2023,2025-12-05 17:35:00,1,69,69264,2,1,1,6,Route De Riottier,45.97606,4.74309
202300032240,3,3,2023,2025-12-05 19:55:00,3,29,29006,1,1,1,6,Pont Henvez,47.876052,-4.060812
202300032241,5,11,2023,2025-12-05 17:00:00,1,34,34301,2,3,1,3,Verdun (Boulevard De),43.41164,3.68986
202300032242,13,12,2023,2025-12-05 16:00:00,1,59,59410,2,9,8,1,Normandie Rue De,50.64648,3.11689
202300032243,25,6,2023,2025-12-05 23:40:00,5,65,65440,2,6,1,7,Hoche (Avenue),43.23154,0.087234
202300032244,22,5,2023,2025-12-05 23:43:00,5,93,93064,2,2,1,5,Boulevard D'Alsace-Lorraine / Rue Philibert Hoffmann,48.88393049,2.48835211
202300032245,10,11,2023,2025-12-05 21:30:00,5,34,34198,2,1,1,2,D21  Route De Carnon,43.57753,3.93653
202300032246,3,3,2023,2025-12-05 17:25:00,1,2,2163,2,1,1,3,Adresse_Inconnue,48.981062,3.276249
202300032247,14,12,2023,2025-12-05 20:50:00,5,59,59317,2,1,2,6,Hugo  (Rue Victor),50.68978,2.90661
202300032248,22,5,2023,2025-12-05 00:40:00,5,93,93051,2,1,1,6,Chemin Du Bel Air,48.85143,2.5727
202300032249,25,6,2023,2025-12-05 14:10:00,1,64,64545,1,1,8,1,Corniche (Route De La),43.38181,-1.73081
202300032250,2,3,2023,2025-12-05 22:25:00,3,59,59559,1,1,1,6,D350,50.352076,3.623777
202300032251,10,11,2023,2025-12-05 13:50:00,1,34,34172,2,2,1,3,Laverune (Route De,43.60021,3.84424
202300032252,13,12,2023,2025-12-05 21:25:00,3,57,57757,2,1,1,6,Illange (Route D'),49.35007,6.17556
202300032253,24,6,2023,2025-12-05 18:05:00,1,64,64483,1,1,1,1,Senix (Chemin De),43.414,-1.626
202300032254,22,5,2023,2025-12-05 08:30:00,1,93,93013,2,3,1,6,Avenue Jean Jaures / Rue Georges Clemenceau,48.93348,2.4231
202300032255,10,11,2023,2025-12-05 14:05:00,1,34,34172,2,1,1,1,Ravaz (Avenue Du Professeur Louis,43.62578,3.83985
202300032256,3,3,2023,2025-12-05 06:45:00,2,13,13202,1,1,1,3,A557-Liaison A7 Marseille-A55 Marseille,43.31743915,5.36403071
202300032257,25,6,2023,2025-12-05 19:55:00,1,59,59183,2,1,1,3,Gironde - Avenue,51.00455564,2.33364925
202300032258,22,5,2023,2025-12-05 01:25:00,5,93,93005,2,2,1,3,Avenue Paul Vaillant Couturier / Carrefour Des Droits De L'Homme,48.92992204,2.48081267
202300032259,9,11,2023,2025-12-05 16:30:00,1,34,34172,2,1,1,6,Comte De Nice (Avenue Du),43.64179,3.81273
202300032260,9,12,2023,2025-12-05 11:30:00,1,57,57227,2,2,2,3,Verdun (Rue De )Ndeg1 A 67,49.18678,6.90725
202300032261,22,5,2023,2025-12-05 18:30:00,1,92,92073,1,1,1,2,Sellier (Boulevard Henri),48.85955,2.21381
202300032262,25,6,2023,2025-12-05 17:17:00,1,57,57631,2,1,1,6,Montagne (Rue De La),49.09981,7.05056
202300032263,2,3,2023,2025-12-05 09:05:00,1,13,13215,1,1,1,4,A7-Sens Lyon Vers Marseille,43.3705,5.3609
202300032264,10,11,2023,2025-12-05 23:35:00,3,33,33550,2,3,1,3,Chem De Couhins,44.76162,-0.56029
202300032265,14,12,2023,2025-12-05 16:05:00,1,56,56260,2,1,2,6,Metz(Rue De),47.66742,-2.76309
202300032266,22,5,2023,2025-12-05 13:08:00,1,92,92050,2,6,1,3,Joliot Curie F. Et Irene Avenue  NdegPairs,48.89767065,2.2182101
202300032267,25,6,2023,2025-12-05 02:30:00,5,54,54395,2,3,1,3,Bataille (Quai De La),48.67677,6.19194
202300032268,10,11,2023,2025-12-05 15:00:00,1,33,33063,2,3,1,3,Rue Carton Caud,44.85945,-0.63137
202300032269,21,5,2023,2025-12-05 13:45:00,1,92,92049,2,1,1,6,Ginoux Av. Henri Ndeg1 A 95 Et 2 A 104,48.817724,2.322086
202300032270,13,12,2023,2025-12-05 15:25:00,1,56,56121,2,3,2,3,Belgique (Rue  De ),47.76063,-3.3847
202300032271,27,2,2023,2025-12-05 16:55:00,1,69,69152,1,1,1,4,Route De Metropole 7,45.69611,4.83915
202300032272,25,6,2023,2025-12-05 19:30:00,1,47,47001,2,9,1,3,Barbusse (Av. Henri),44.20538,0.62919
202300032273,10,11,2023,2025-12-05 15:00:00,1,33,33318,2,1,8,6,Rue Etienne Marcel,44.80671383,-0.63327357
202300032274,20,5,2023,2025-12-05 18:30:00,1,92,92036,2,1,1,7,Mercieres (Route Des),48.93563473,2.2720845
202300032275,14,12,2023,2025-12-05 08:55:00,1,54,54357,2,1,2,3,Avenue De Metz,48.70946,6.16711
202300032276,25,6,2023,2025-12-05 16:50:00,1,47,47001,2,1,1,6,Republique (Boulevard De La),44.20441,0.61441
202300032277,3,3,2023,2025-12-05 06:40:00,3,67,67218,1,9,1,6,Bretelle Sortie Autoroute,48.5473,7.72792
202300032278,20,5,2023,2025-12-05 14:30:00,1,92,92036,2,6,1,6,Pierre De Coubertin (Boulevard) (Port ->,48.930333,2.284608
202300032279,25,6,2023,2025-12-05 12:20:00,1,45,45234,2,2,1,3,Riobe (Boulevard Guy Marie),47.91356,1.9099
202300032280,13,12,2023,2025-12-05 18:45:00,5,54,54395,2,1,2,6,Rue Stanislas,48.69159293,6.17700934
202300032281,3,3,2023,2025-12-05 17:25:00,1,94,94021,1,1,1,2,A106,48.76360182,2.34384403
202300032282,10,11,2023,2025-12-05 02:40:00,5,31,31555,2,1,2,6,Lascrosses (Rue) Du 2Au 15,43.6103,1.4362
202300032283,19,5,2023,2025-12-05 20:45:00,5,92,92036,2,1,1,7,Retrou (Rue),48.929447,2.299288
202300032284,25,6,2023,2025-12-05 11:36:00,1,45,45169,1,9,1,6,Parking Leroy-Merlin,47.90161,1.85951
202300032285,13,12,2023,2025-12-05 13:45:00,1,54,54547,2,1,2,2,Rue Du Portugal,48.66356317,6.17071688
202300032286,10,11,2023,2025-12-05 20:20:00,5,30,30007,2,6,1,3,Uzes (Route D'),44.11429,4.10322
202300032287,21,5,2023,2025-12-05 22:40:00,5,92,92032,2,1,1,6,Dormoy Max (Avenue),48.79124,2.29248
202300032288,6,6,2023,2025-12-05 01:00:00,4,42,42218,2,4,9,6,Rue Du Treyve,45.447,4.394
202300032289,3,3,2023,2025-12-05 17:50:00,1,91,91161,1,1,1,4,Autoroute A6,48.69582,2.31747
202300032290,13,12,2023,2025-12-05 13:20:00,1,54,54395,2,1,1,6,Rue De La Bergamote,48.70072818,6.15134597
202300032291,10,11,2023,2025-12-05 17:05:00,1,29,29232,1,1,2,4,Boulevard Flandres Dunkerque1940,47.97993992,-4.08075934
202300032292,2,3,2023,2025-12-05 15:15:00,1,93,93007,1,1,1,7,Autoroute A3,48.92489,2.48104
202300032293,22,5,2023,2025-12-05 15:27:00,1,92,92004,2,1,1,2,Bas ( Rue Des ),48.91549,2.29537
202300032294,25,6,2023,2025-12-05 11:45:00,1,34,34129,2,3,1,6,1E Rue Des Chevaliers De Malte,43.57212,3.9019
202300032295,2,3,2023,2025-12-05 13:00:00,1,92,92036,1,1,1,7,Autoroute A15,48.9446849,2.28538563
202300032296,13,12,2023,2025-12-05 08:55:00,1,54,54395,2,2,1,3,Rue Des Carmes,48.69209,6.18014
202300032297,10,11,2023,2025-12-05 13:50:00,1,29,29232,2,6,2,3,Rond-Point De Ti Douar,47.980347,-4.072361
202300032298,23,5,2023,2025-12-05 10:00:00,1,39,39097,2,3,1,3,12 Rue Jacques Prevert,46.754005,5.898033
202300032299,25,6,2023,2025-12-05 10:45:00,1,34,34003,1,1,1,5,Rd612,43.31342,3.5276
202300032300,2,3,2023,2025-12-05 15:00:00,1,93,93064,1,1,1,4,Autoroute A86,48.88549,2.47276
202300032301,10,11,2023,2025-12-05 08:40:00,1,27,27562,2,1,1,4,Rouen (Route De ),49.1024,1.46651
202300032302,14,12,2023,2025-12-05 16:40:00,1,51,51454,2,1,1,4,Doumer (Boulevard Paul),49.24951,4.02553
202300032303,23,5,2023,2025-12-05 09:10:00,1,14,14162,1,3,1,3,La Baronnerie,48.881171,-0.453292
202300032304,25,6,2023,2025-12-05 21:40:00,1,33,33318,2,1,1,3,Avenue Antoine Becquerel,44.78747,-0.64558
202300032305,9,11,2023,2025-12-05 08:45:00,1,27,27229,1,1,2,6,Marniere Riga (Rue De La),49.013683,1.165191
202300032306,1,3,2023,2025-12-05 18:30:00,3,92,92036,1,1,1,2,Autoroute A15,48.94355783,2.28738079
202300032307,13,12,2023,2025-12-05 18:38:00,3,51,51573,2,1,1,6,Bonaparte (Avenue),49.24337,3.99139
202300032308,25,6,2023,2025-12-05 20:25:00,1,31,31555,2,1,1,3,All Charles De Fitte,43.596024,1.432142
202300032309,12,5,2023,2025-12-05 22:41:00,5,62,62150,2,2,1,3,D142,50.40807,1.766184
202300032310,14,12,2023,2025-12-05 18:20:00,5,49,49099,2,1,3,6,Lorraine (Rue De),47.05149,-0.85218
202300032311,1,3,2023,2025-12-05 11:25:00,1,988,98818,2,3,1,3,Rue Pasteur/Rue Edouard Unger,-22.26256,166.44481
202300032312,10,11,2023,2025-12-05 08:10:00,1,22,22187,2,1,1,3,Noe Rido (Rue De La ),48.53332,-2.78333
202300032313,20,5,2023,2025-12-05 18:51:00,1,26,26259,1,1,2,6,Route De Saint-Donat-Sur-L'Herbasse,45.176425,4.956765
202300032314,24,6,2023,2025-12-05 21:15:00,1,25,25056,2,5,1,3,Boulevard Leon Blum,47.2594,6.02876
202300032315,13,12,2023,2025-12-05 10:30:00,1,49,49007,2,1,1,3,Blanchoin Boulevard,47.44831,-0.53853
202300032316,1,3,2023,2025-12-05 13:10:00,1,976,97611,1,1,1,2,Tsoundzou-Kwale ( Route De ),-12.81265,45.20235
202300032317,23,5,2023,2025-12-05 15:50:00,1,95,95480,2,1,1,3,20 Val D'Oise (Rue Du),49.09659024,2.20396042
202300032318,9,11,2023,2025-12-05 14:30:00,1,19,19031,2,1,1,2,Guynemer (Avenue),45.15224,1.50508
202300032319,14,12,2023,2025-12-05 17:11:00,5,45,45147,2,1,1,3,153 Rue Marcellin Berthelot,47.929,1.916
202300032320,16,5,2023,2025-12-05 17:45:00,1,83,83086,2,1,2,7,20 Route Nationale 7,43.471894,6.567757
202300032321,24,6,2023,2025-12-05 12:00:00,1,21,21054,2,4,1,3,Savigny (Route De),47.04198,4.83996
202300032322,7,11,2023,2025-12-05 20:35:00,5,18,18279,2,1,8,6,39Bis Rue Jules Louis Breton,47.22059,2.07964
202300032323,1,3,2023,2025-12-05 09:25:00,1,976,97611,2,1,1,6,Kaweni-Kakal (Rue),-12.77252,45.21788
202300032324,10,11,2023,2025-12-05 10:30:00,1,17,17415,2,6,2,7,Genet 2 A 64 Cours,45.74861,-0.65517
202300032325,14,12,2023,2025-12-05 14:00:00,1,45,45308,2,1,1,2,Route De Saint-Jean De Braye,47.92335878,1.95644116
202300032326,10,11,2023,2025-12-05 10:30:00,1,13,13106,2,1,1,3,Nelson Mandela (Avenue),43.40919,5.36613
202300032327,14,12,2023,2025-12-05 07:50:00,5,45,45285,2,1,1,2,D520 Pr 4 + 935,47.90805,1.86864
202300032328,18,5,2023,2025-12-05 22:20:00,3,26,26085,1,1,2,2,Autoroute A7,44.499934,4.768581
202300032329,10,11,2023,2025-12-05 18:30:00,5,13,13203,2,1,1,1,Loubon (Rue),43.31183,5.37924
202300032330,25,6,2023,2025-12-05 14:00:00,1,13,13054,2,9,1,5,D9 (Bretelle),43.42372,5.23156
202300032331,1,3,2023,2025-12-05 10:45:00,1,974,97416,1,3,1,3,Ancienne Rn 1,-21.32729,55.45014
202300032332,10,11,2023,2025-12-05 13:55:00,1,13,13206,2,1,1,6,Prado (Avenue Du),43.28316894,5.38531203
202300032333,22,5,2023,2025-12-05 21:05:00,1,28,28158,1,6,1,1,D921,48.413935,1.431441
202300032334,14,12,2023,2025-12-05 19:30:00,5,44,44184,2,2,8,5,58 Rue De Stalingrad,47.27743,-2.21007
202300032335,10,11,2023,2025-12-05 11:50:00,1,13,13214,2,1,2,6,Moretti (Boulevard),43.32526308,5.38152246
202300032336,25,6,2023,2025-12-05 19:30:00,1,13,13001,2,2,1,3,Europe (Av),43.52439,5.4314
202300032337,21,5,2023,2025-12-05 18:30:00,1,12,12157,1,1,2,1,Rn 88 Route De Laissac,44.399433,2.717443
202300032338,1,3,2023,2025-12-05 14:50:00,1,69,69386,2,2,1,3,Rue De Crequi,45.76361,4.84707
202300032339,14,12,2023,2025-12-05 19:10:00,5,44,44109,2,6,2,2,91 Boulevard De Doulon,47.22606,-1.52298
202300032340,10,11,2023,2025-12-05 07:00:00,5,13,13204,2,1,2,6,Esperandieu (Rue),43.30298781,5.39359443
202300032341,25,6,2023,2025-12-05 03:10:00,5,6,6123,2,1,1,1,Ponant Avenue Du,43.65847,7.188275
202300032342,23,5,2023,2025-12-05 16:36:00,1,22,22353,1,1,1,1,Chemin De Roc'H Bran Bihan,48.803761,-3.500138
202300032343,14,12,2023,2025-12-05 07:45:00,4,38,38421,2,1,3,6,Rue Henri Wallon,45.17241,5.75798
202300032344,10,11,2023,2025-12-05 01:35:00,5,13,13216,2,1,1,6,Estaque Plage,43.35771,5.28724
202300032345,1,3,2023,2025-12-05 09:12:00,1,69,69388,2,2,1,2,Rue Henri Barbusse,45.7298,4.85382
202300032346,17,6,2023,2025-12-05 11:00:00,1,75,75117,2,4,1,1,Porte De Clichy,48.897468,2.312269
202300032347,22,5,2023,2025-12-05 12:50:00,1,17,17407,1,1,1,6,N11,46.202052,-1.025382
202300032348,14,12,2023,2025-12-05 18:36:00,5,35,35238,2,1,1,3,Lorient (De),48.10687,-1.72792
202300032349,1,3,2023,2025-12-05 15:40:00,1,972,97213,1,1,1,2,Autoroute A1,14.61762,-61.01808
202300032350,15,6,2023,2025-12-05 11:15:00,1,75,75112,2,1,1,4,Porte Doree,48.832542,2.406109
202300032351,23,5,2023,2025-12-05 15:05:00,1,1,1033,2,1,1,6,701 Route Des Etournelles  (Chatillon-En-Michaille),46.129761,5.80087
202300032352,14,12,2023,2025-12-05 08:20:00,1,35,35278,2,2,1,3,Discalceat (Rue J),48.15435,-1.68141
202300032353,22,5,2023,2025-12-05 15:50:00,1,71,71578,1,1,1,6,Route Nationale (La Villeneuve),46.95916,5.16808
202300032354,10,11,2023,2025-12-05 19:00:00,3,13,13047,1,1,8,4,Rn 569,43.50246,4.96596
202300032355,1,3,2023,2025-12-05 09:08:00,1,972,97213,1,1,1,3,Route Departementale 3,14.6275,-60.9893
202300032356,25,6,2023,2025-12-05 08:25:00,1,75,75119,2,3,1,1,Avenue Corentin Cariou,48.895784,2.383602
202300032357,14,12,2023,2025-12-05 12:10:00,1,33,33063,2,7,1,6,Pce Lucien Victor Meunier,44.84362,-0.58668
202300032358,10,11,2023,2025-12-05 15:25:00,1,10,10387,2,2,1,6,Gustave Masson (Rue),48.274,4.0803
202300032359,22,5,2023,2025-12-05 13:20:00,1,77,77423,1,1,1,6,D934,48.772985,3.326679
202300032360,1,3,2023,2025-12-05 15:10:00,1,972,97209,2,1,1,3,Aurelie Dicanot (Rue),14.6168,-61.07125
202300032361,25,6,2023,2025-12-05 19:30:00,1,75,75117,2,2,1,3,Avenue De Wagram,48.881538,2.300722
202300032362,9,11,2023,2025-12-05 18:55:00,5,10,10387,2,1,2,6,Pasteur (Rue),48.2991,4.0659
202300032363,22,5,2023,2025-12-05 16:15:00,1,57,57767,2,1,1,6,Rue De La Liberte,49.327709,6.241887
202300032364,14,12,2023,2025-12-05 07:40:00,3,33,33318,2,3,1,3,Avenue Du Marechal De Lattre De Tassigny (Rd),44.76858858,-0.71882038
202300032365,1,3,2023,2025-12-05 08:30:00,1,69,69384,2,1,1,7,Rue Guitton,45.77974,4.83959
202300032366,25,6,2023,2025-12-05 16:45:00,1,75,75116,2,3,1,6,Rue Duban,48.857628,2.277551
202300032367,21,5,2023,2025-12-05 16:15:00,1,67,67002,1,1,1,1,D919,48.91459498,7.20524536
202300032368,25,6,2023,2025-12-05 05:56:00,1,75,75116,2,2,1,7,Rue De Boulainvilliers,48.852733,2.275894
202300032369,9,11,2023,2025-12-05 16:15:00,1,10,10333,2,3,1,3,Charles De Refuge (Rue),48.2823,4.0542
202300032370,1,3,2023,2025-12-05 11:50:00,1,95,95277,2,1,1,6,Avenue Des Hortensias,48.999072,2.426372
202300032371,14,12,2023,2025-12-05 18:40:00,3,32,32013,2,1,1,2,Yser (Avenue De L'),43.65458,0.59601