num_acc,jour,mois,an,hrmn,lum,dep,com,agg,int,atm,col,adr,lat,long
202300032372,9,11,2023,2025-12-05 15:15:00,1,10,10387,2,1,1,2,Jardins (Rue Des),48.29829,4.06027
202300032373,1,3,2023,2025-12-05 15:19:00,1,91,91286,2,1,1,6,Emile Alliaud (Avenue),48.649169,2.380419
202300032374,25,6,2023,2025-12-05 13:05:00,1,75,75115,2,3,1,3,Rue Linois,48.847713,2.284139
202300032375,23,5,2023,2025-12-05 10:20:00,1,2B,2B207,1,9,1,5,Caragiuti,42.457396,9.501275
202300032376,14,12,2023,2025-12-05 08:33:00,5,29,29019,2,3,2,1,Rue De Quimper,48.401453,-4.456362
202300032377,25,6,2023,2025-12-05 07:45:00,1,75,75115,2,1,1,7,Quai D Issy Les Moulineaux,48.83488,2.26608
202300032378,1,3,2023,2025-12-05 07:56:00,2,87,87085,2,1,1,6,Bel Air (Boulevard De),45.81988,1.2495
202300032379,8,11,2023,2025-12-05 17:55:00,2,7,7316,2,1,1,5,Montgolfiers (Avenenue Des Freres),44.88964,4.85071
202300032380,22,5,2023,2025-12-05 18:23:00,1,32,32064,1,3,1,5,Lieu Dit Terrouge,43.876033,0.1531
202300032381,12,12,2023,2025-12-05 17:40:00,2,29,29019,2,9,1,3,Avenue Victor Le Gorgeu,48.406732,-4.50909
202300032382,25,6,2023,2025-12-05 11:50:00,1,75,75112,2,3,1,2,Quai De Bercy,48.831562,2.385325
202300032383,28,2,2023,2025-12-05 12:14:00,1,87,87085,2,1,1,3,Perrin (Rue Francois),45.8258,1.2356
202300032384,10,11,2023,2025-12-05 08:00:00,1,6,6069,2,1,1,3,Cannes (Route De)  -Rd 6085-,43.6331703,6.9535489
202300032385,12,12,2023,2025-12-05 12:00:00,1,29,29019,2,9,8,6,Avenue Camille Desmoulins,48.397151,-4.487655
202300032386,25,6,2023,2025-12-05 10:54:00,1,75,75112,2,1,1,6,Boulevard De Picpus,48.846482,2.40037
202300032387,10,11,2023,2025-12-05 18:05:00,5,6,6004,2,3,1,3,Cannes(Rn.7) Av.De,43.57529,7.0944
202300032388,20,5,2023,2025-12-05 21:00:00,2,61,61402,1,1,1,6,D862,48.701363,-0.291888
202300032389,1,3,2023,2025-12-05 10:05:00,1,83,83090,1,2,1,3,Nationale 8 (Route),43.13369,5.86169
202300032390,25,6,2023,2025-12-05 06:50:00,1,75,75112,2,3,1,7,Quai De La Rapee,48.84528,2.368408
202300032391,14,12,2023,2025-12-05 12:22:00,1,27,27562,2,6,1,3,De Gaulle (Boulevard),49.09556,1.45989
202300032392,21,5,2023,2025-12-05 13:45:00,1,39,39209,2,1,1,6,65 Rue Des Combes,46.408766,5.399888
202300032393,26,2,2023,2025-12-05 21:40:00,3,83,83141,1,1,3,7,D 54(Vers La Motte),43.50649,6.51082
202300032394,7,11,2023,2025-12-05 13:34:00,1,5,5061,2,1,1,3,Pierre Et Marie Curie ( Bd),44.56165,6.08413
202300032395,23,5,2023,2025-12-05 18:00:00,1,1,1068,1,1,1,6,D1084,46.082759,5.476711
202300032396,1,3,2023,2025-12-05 13:30:00,1,78,78440,2,1,1,6,Paul Raoult (Avenue),48.98941,1.9132
202300032397,13,12,2023,2025-12-05 15:51:00,1,27,27681,2,1,1,3,Docteur Devignevieille,49.08602,1.48176
202300032398,10,11,2023,2025-12-05 21:30:00,5,75,75115,2,1,1,2,Porte Brancion,48.826474,2.297076
202300032399,25,6,2023,2025-12-05 04:22:00,2,75,75109,2,2,1,4,Rue De La Chaussee D Antin,48.872945,2.333332
202300032400,10,11,2023,2025-12-05 13:55:00,1,75,75112,2,1,2,6,Echangeur Bercy,48.827927,2.394822
202300032401,22,5,2023,2025-12-05 16:15:00,1,54,54231,2,3,1,3,6 Rue De L'Eglise,49.253472,5.759605
202300032402,1,3,2023,2025-12-05 10:00:00,1,78,78299,2,4,1,6,Carnot (Boulevard),49.00502,1.9015
202300032403,25,6,2023,2025-12-05 07:00:00,1,75,75108,2,2,1,7,Avenue Hoche,48.875197,2.298443
202300032404,13,12,2023,2025-12-05 18:16:00,3,24,24037,1,1,8,6,Rd 936 E1,44.831,0.499
202300032405,25,6,2023,2025-12-05 18:28:00,1,75,75107,2,1,1,7,Quai Branly,48.862112,2.299791
202300032406,22,5,2023,2025-12-05 18:55:00,1,14,14035,1,1,1,7,Guerot (Vaubadon) (Vaubadon),49.191366,-0.853972
202300032407,9,11,2023,2025-12-05 18:00:00,5,75,75115,2,1,1,4,Porte De Sevres,48.83568,2.274681
202300032408,1,3,2023,2025-12-05 07:20:00,2,76,76540,2,6,1,6,Boulevard Gambetta,49.436958,1.102368
202300032409,25,6,2023,2025-12-05 14:00:00,1,75,75107,2,2,1,7,Avenue Bosquet,48.857118,2.304313
202300032410,13,12,2023,2025-12-05 17:30:00,5,21,21054,2,2,2,3,Reon (Rue De),47.02917,4.84377
202300032411,10,11,2023,2025-12-05 19:26:00,5,75,75105,2,4,1,6,Rue Soufflot,48.84655,2.344476
202300032412,22,5,2023,2025-12-05 17:30:00,1,21,21629,2,4,1,1,D977Bis,47.262096,4.344202
202300032413,28,2,2023,2025-12-05 14:25:00,1,72,72181,2,4,1,1,Angeviniere (Rue De L'),47.98542,0.1784
202300032414,24,6,2023,2025-12-05 22:55:00,5,75,75107,2,1,1,2,Quai Anatole France,48.861993,2.321213
202300032415,21,5,2023,2025-12-05 16:55:00,1,24,24082,1,1,1,7,Route De Gourdon - D704,44.857998,1.254201
202300032416,14,12,2023,2025-12-05 23:00:00,4,13,13054,2,9,6,3,D9 (Bretelle),43.42367873,5.23104083
202300032417,28,2,2023,2025-12-05 14:38:00,1,72,72181,2,1,1,6,Durand Georges (Av) Ndeg Imp 199 Au Ndeg 311,47.97205,0.2175
202300032418,9,11,2023,2025-12-05 23:25:00,5,75,75106,2,2,1,2,Boulevard Saint Germain,48.851829,2.341455
202300032419,25,6,2023,2025-12-05 13:30:00,1,75,75102,2,3,1,3,Rue De Gramont,48.870391,2.336934
202300032420,22,5,2023,2025-12-05 17:00:00,1,24,24064,1,1,2,7,D939,45.353778,0.654218
202300032421,14,12,2023,2025-12-05 14:46:00,1,13,13117,2,1,1,6,Route Nationale 113 - Cadesteaux,43.47593,5.22766
202300032422,22,5,2023,2025-12-05 12:40:00,1,4,4054,1,1,1,6,D907,44.013979,6.210296
202300032423,10,11,2023,2025-12-05 17:35:00,5,75,75120,2,3,2,6,Rue Pixerecourt,48.875254,2.39537
202300032424,25,6,2023,2025-12-05 12:15:00,1,94,94017,2,1,1,6,8 Quai Victor Hugo,48.811031,2.510096
202300032425,1,3,2023,2025-12-05 15:20:00,1,69,69266,2,2,1,3,Rue Louis Guerin,45.77456,4.85992
202300032426,13,12,2023,2025-12-05 18:10:00,5,13,13215,2,1,1,1,Madrague Ville (Chemin De La),43.32902,5.35906
202300032427,19,5,2023,2025-12-05 17:00:00,1,87,87047,1,1,1,2,Route D?Ambazac,45.989784,1.285475
202300032428,25,6,2023,2025-12-05 15:30:00,1,94,94002,2,1,1,2,Quai Blanqui,48.80587892,2.41076303
202300032429,1,3,2023,2025-12-05 18:10:00,1,69,69271,2,3,1,6,12 Rue Lavoisier,45.73174,4.97069
202300032430,10,11,2023,2025-12-05 04:25:00,5,75,75120,2,3,1,2,Avenue De La Porte De Bagnolet,48.86478,2.410116
202300032431,13,12,2023,2025-12-05 15:28:00,1,13,13215,2,9,1,6,Lyon (Rue De),43.32611,5.36675
202300032432,23,5,2023,2025-12-05 12:05:00,1,48,48094,1,1,1,6,Route Departementale 907 Bis,44.256864,3.230095
202300032433,25,11,2023,2025-12-05 10:30:00,1,11,11262,2,2,1,6,15 Rue De La Cesse,43.18882,2.98455
202300032434,25,6,2023,2025-12-05 11:20:00,1,93,93064,2,2,1,3,Boulevard De La Boissiere / Rue Du 4E Zouave,48.87120698,2.4709623
202300032435,10,11,2023,2025-12-05 21:10:00,5,75,75118,2,3,2,1,Rue Ordener,48.890895,2.353202
202300032436,1,3,2023,2025-12-05 13:30:00,1,69,69029,2,8,8,3,Avenue Pierre Mendes France,45.72466,4.91515
202300032437,21,5,2023,2025-12-05 14:50:00,1,24,24331,1,2,1,6,D14,44.81257222,0.4010582
202300032438,13,12,2023,2025-12-05 14:00:00,1,10,10412,1,1,8,2,Route De Bouranton (D147),48.29749,4.13449
202300032439,25,6,2023,2025-12-05 15:30:00,1,93,93031,2,3,1,3,Route D'Argenteuil / Villa Du Colombier,48.95899,2.2903
202300032440,14,12,2023,2025-12-05 16:20:00,1,6,6069,1,1,1,3,Paoute (Route Et Traverse De La),43.632132,6.9577
202300032441,25,6,2023,2025-12-05 19:15:00,1,93,93014,2,2,1,6,Allee Romain Rolland / Allee Etienne Laurent,48.90464,2.55082
202300032442,28,2,2023,2025-12-05 10:40:00,1,66,66136,2,3,1,1,Waldeck-Rousseau (Rene),42.69377,2.90287
202300032443,10,11,2023,2025-12-05 18:05:00,5,75,75118,2,2,2,6,Rue Myrha,48.886704,2.350736
202300032444,13,12,2023,2025-12-05 16:00:00,1,5,5061,2,1,2,6,Jean Jaures ( Avenue ),44.54696,6.06502
202300032445,25,6,2023,2025-12-05 12:50:00,1,93,93007,2,2,1,3,Avenue Henri Barbusse / Rue Boieldieu,48.94014907,2.4624925
202300032446,6,9,2023,2025-12-05 14:00:00,1,10,10343,2,1,1,3,Canal (Rue Du),48.27305,4.08987
202300032447,14,12,2023,2025-12-05 10:05:00,1,4,4112,2,1,7,6,Giono (Av. J.),43.83123,5.78438
202300032448,1,3,2023,2025-12-05 14:50:00,1,60,60057,2,2,1,3,Rue Jean Racine,49.43261725,2.08349061
202300032449,25,6,2023,2025-12-05 19:20:00,1,92,92075,2,6,1,3,Jean Bleuzen (Rue),48.820416,2.290998
202300032450,7,9,2023,2025-12-05 08:00:00,1,6,6069,2,1,1,7,Marigarde (Route De La),43.653664,6.935681
202300032451,13,12,2023,2025-12-05 18:15:00,3,4,4112,2,9,1,1,Cugnot (Av. J.),43.8256,5.803648
202300032452,23,5,2023,2025-12-05 07:20:00,1,988,98805,1,1,1,2,Ve2 Sens N/S Au Pk 07+250,-22.17868,166.42749
202300032453,1,3,2023,2025-12-05 16:35:00,1,59,59512,2,1,7,3,Rue Du Grand Chemin,50.69308,3.16119
202300032454,25,6,2023,2025-12-05 15:00:00,1,92,92050,2,2,1,3,Frachon Benoit Avenue,48.89295512,2.18681279
202300032455,2,9,2023,2025-12-05 05:55:00,5,6,6155,1,6,1,7,Cannes Rte De,43.551206,7.057054
202300032456,23,5,2023,2025-12-05 12:46:00,1,1,1451,1,1,1,2,A40 Pk 168+800,46.250789,5.259515
202300032457,25,6,2023,2025-12-05 22:03:00,5,92,92049,2,1,1,6,Jaures Avenue Jean Ndeg52 A Fin,48.81839,2.31891
202300032458,1,3,2023,2025-12-05 10:10:00,1,59,59512,2,1,1,6,Champs (Rue Des),50.6928,3.1666
202300032459,14,12,2023,2025-12-05 07:15:00,5,1,1451,1,2,2,5,Paris (Route De),46.25193,5.1833
202300032460,23,5,2023,2025-12-05 16:50:00,1,6,6088,1,1,1,2,A8 Pk 194.500 Chaussee Sud,43.724777,7.229819
202300032461,25,6,2023,2025-12-05 10:30:00,1,92,92048,2,1,1,3,Paris (Rue De) Ndeg 1 A 15Bis,48.81662891,2.24758007
202300032462,23,7,2023,2025-12-05 10:20:00,1,4,4112,1,1,1,1,D907,43.8482,5.73631
202300032463,14,12,2023,2025-12-05 13:55:00,1,75,75118,2,1,1,6,Porte D Aubervilliers,48.900672,2.3684433
202300032464,26,2,2023,2025-12-05 11:00:00,1,59,59183,2,2,1,3,Raspail,51.033824,2.347424
202300032465,23,5,2023,2025-12-05 06:38:00,2,30,30347,1,1,1,2,A9 Pk 65+500 Sens 2,43.748545,4.248008
202300032466,26,6,2023,2025-12-05 12:45:00,1,25,25058,1,1,1,1,Route Nationale 83,47.197236,5.981798
202300032467,6,9,2023,2025-12-05 14:30:00,1,2,2691,1,1,7,2,Adresse_Inconnue,49.8428,3.27878
202300032468,14,12,2023,2025-12-05 08:40:00,1,75,75113,2,1,2,3,Porte D Italie,48.815989,2.362638
202300032469,27,2,2023,2025-12-05 10:50:00,1,54,54304,2,2,1,6,Boulevard De Hardeval,48.6800075,6.1539048
202300032470,23,5,2023,2025-12-05 10:45:00,1,33,33229,2,9,1,2,61 Avenue De La Liberation,44.706257,-1.045246
202300032471,13,12,2023,2025-12-05 14:40:00,1,75,75117,2,1,2,2,Porte De Clichy,48.897022,2.311083
202300032472,25,6,2023,2025-12-05 01:15:00,3,71,71446,1,2,1,3,D980,46.577592,4.534006
202300032473,22,5,2023,2025-12-05 04:00:00,3,987,98729,2,1,1,3,Pk18.7 Atiha Haapiti,-17.577,-150.202
202300032474,6,9,2023,2025-12-05 08:20:00,1,75,75119,2,1,1,5,Porte De Pantin,48.89361,2.395287
202300032475,1,3,2023,2025-12-05 20:00:00,1,51,51344,2,1,1,3,Allee De Cumieres,49.05896,3.94687
202300032476,25,6,2023,2025-12-05 20:50:00,2,43,43073,1,1,7,6,D588,45.340899,3.600082
202300032477,21,5,2023,2025-12-05 19:10:00,3,971,97129,2,1,1,3,Montplaisir,16.320634,-61.690453
202300032478,12,12,2023,2025-12-05 16:05:00,1,75,75119,2,3,1,6,Avenue De Flandre,48.893046,2.380064
202300032479,5,9,2023,2025-12-05 09:00:00,1,75,75116,2,1,1,4,Bd Peripherique Interieur,48.839637,2.254165
202300032480,23,5,2023,2025-12-05 11:45:00,1,13,13097,1,2,1,3,N568,43.58475859,4.76528406
202300032481,14,12,2023,2025-12-05 16:05:00,1,75,75120,2,2,8,6,Avenue De La Porte De Montreuil,48.853524,2.41079
202300032482,26,6,2023,2025-12-05 12:30:00,1,33,33205,1,2,1,3,Pk 30 D11,44.62620963,-0.3692451
202300032483,7,9,2023,2025-12-05 22:50:00,5,75,75118,2,2,1,3,Rue Doudeauville,48.8884,2.347993
202300032484,23,5,2023,2025-12-05 06:45:00,2,21,21688,1,1,1,3,Rd 35,47.14419887,4.90081945
202300032485,14,12,2023,2025-12-05 08:30:00,1,75,75120,2,2,8,1,Boulevard Davout,48.848978,2.41129
202300032486,22,5,2023,2025-12-05 10:00:00,1,3,3008,1,1,2,6,D176,46.058194,3.579633
202300032487,23,6,2023,2025-12-05 12:40:00,1,31,31113,2,2,1,1,1 Avenue De Toulouse,43.51536,1.498926
202300032488,7,9,2023,2025-12-05 05:00:00,5,75,75118,2,7,1,3,Boulevard Ornano,48.895612,2.346347
202300032489,14,12,2023,2025-12-05 12:15:00,1,75,75119,2,3,1,3,Avenue Corentin Cariou,48.895125,2.382757
202300032490,25,6,2023,2025-12-05 22:05:00,3,974,97412,2,1,2,7,9 Rue Ronsard,-21.354543,55.66096
202300032491,19,5,2023,2025-12-05 18:00:00,1,38,38556,1,1,8,6,Route De La Chapelle,45.382699,4.844735
202300032492,7,9,2023,2025-12-05 17:00:00,1,75,75117,2,3,1,6,Rue Jacques Ibert,48.888934,2.290572
202300032493,14,12,2023,2025-12-05 00:15:00,5,75,75119,2,7,2,6,Place Auguste Baron,48.90083555,2.38892555
202300032494,22,5,2023,2025-12-05 18:25:00,1,7,7156,1,1,2,1,N102,44.674818,4.249091
202300032495,4,6,2023,2025-12-05 18:55:00,2,972,97210,1,3,1,3,N6,14.586065,-60.869971
202300032496,22,5,2023,2025-12-05 14:30:00,1,81,81104,1,1,2,7,Lieu Dit La Valette,43.770858,1.770843
202300032497,14,12,2023,2025-12-05 15:30:00,1,75,75118,2,3,8,6,Rue Marcadet,48.891263,2.340647
202300032498,25,6,2023,2025-12-05 21:30:00,1,62,62614,1,3,1,2,Rd 943,50.842431,2.006952
202300032499,7,9,2023,2025-12-05 08:55:00,1,75,75117,2,3,1,3,Avenue Mac Mahon,48.877295,2.29444
202300032500,26,6,2023,2025-12-05 03:55:00,3,41,41256,1,1,1,6,A71 - Pk 167+400,47.331552,2.048178
202300032501,7,9,2023,2025-12-05 18:50:00,1,75,75116,2,1,1,6,Avenue De La Porte D Auteuil,48.848015,2.244774
202300032502,22,4,2023,2025-12-05 11:32:00,1,69,69089,2,1,2,4,25 Avenue Du Chater,45.74299,4.772152
202300032503,25,6,2023,2025-12-05 16:45:00,1,974,97413,2,1,1,7,65 Rue Jean Baptiste De Villele,-21.138182,55.298653
202300032504,6,9,2023,2025-12-05 22:25:00,5,75,75114,2,2,1,3,Avenue De La Porte De Chatillon,48.82264408,2.31484294
202300032505,14,12,2023,2025-12-05 12:35:00,1,75,75117,2,5,1,5,Avenue De La Porte De Saint Ouen,48.897619,2.329002
202300032506,20,6,2023,2025-12-05 09:45:00,1,44,44217,1,1,1,5,Adresse_Inconnue,47.29704,-1.74947
202300032507,14,12,2023,2025-12-05 11:00:00,1,75,75116,2,1,1,3,Avenue D Iena,48.868637,2.29589
202300032508,7,9,2023,2025-12-05 08:45:00,1,75,75113,2,7,1,3,Porte D Italie,48.816415,2.360486
202300032509,24,6,2023,2025-12-05 16:10:00,1,3,3173,1,1,1,6,A79,46.46029,3.945614
202300032510,24,6,2023,2025-12-05 14:00:00,1,2B,2B152,1,1,1,6,D180,42.898622,9.399841
202300032511,1,12,2023,2025-12-05 20:20:00,5,75,75116,2,1,1,3,Route Des Pins,48.854617,2.250647
202300032512,7,9,2023,2025-12-05 20:00:00,2,75,75111,2,2,1,6,Rue Saint Maur,48.858531,2.383666
202300032513,25,6,2023,2025-12-05 10:00:00,1,32,32083,1,1,1,7,"654 Route De Cezan, D303",43.802912,0.44044
202300032514,13,12,2023,2025-12-05 18:20:00,5,75,75116,2,2,2,1,Allee Du Bord De L Eau,48.861656,2.22928
202300032515,7,9,2023,2025-12-05 18:30:00,1,75,75111,2,1,7,6,Rue Jules Valles,48.853706,2.385193
202300032516,25,6,2023,2025-12-05 13:35:00,1,11,11040,1,1,1,6,A La Bitarelle,43.136083,2.879739
202300032517,7,9,2023,2025-12-05 15:30:00,1,75,75110,2,2,1,6,Rue De Dunkerque,48.879522,2.357188
202300032518,13,12,2023,2025-12-05 13:50:00,1,75,75116,2,7,2,3,Place De Varsovie,48.860269,2.290503
202300032519,26,6,2023,2025-12-05 20:10:00,1,71,71173,2,3,1,1,Route De Devrouze,46.761695,5.153811
202300032520,7,9,2023,2025-12-05 19:05:00,1,75,75107,2,2,1,6,Quai Anatole France,48.859539,2.329291
202300032521,14,12,2023,2025-12-05 12:45:00,1,75,75115,2,2,1,3,Rue De L Abbe Groult,48.83797,2.29897
202300032522,23,6,2023,2025-12-05 15:45:00,1,63,63178,2,3,1,2,55 Avenue De La Liberation /Impasse De Lotissement,45.53767,3.250926
202300032523,7,9,2023,2025-12-05 18:20:00,1,94,94044,2,3,1,3,Avenue Descartes,48.741277,2.4777
202300032524,14,12,2023,2025-12-05 11:10:00,1,75,75114,2,2,8,3,Rue Du Depart,48.843491,2.324276
202300032525,25,6,2023,2025-12-05 20:00:00,1,61,61480,1,1,1,6,D26,48.55766,0.0366
202300032526,26,6,2023,2025-12-05 19:48:00,1,88,88352,1,1,1,6,D36,48.29557,5.675708
202300032527,14,12,2023,2025-12-05 19:50:00,5,75,75110,2,1,1,3,Rue Du Faubourg Saint Martin,48.876666,2.360942
202300032528,7,9,2023,2025-12-05 09:55:00,1,94,94016,2,3,7,1,Avenue Carnot,48.79805833,2.32819156
202300032529,25,6,2023,2025-12-05 17:10:00,1,12,12105,1,2,1,7,Cd 339,44.237205,2.030078
202300032530,13,12,2023,2025-12-05 16:00:00,1,75,75110,2,4,2,7,Avenue Parmentier,48.872043,2.36956
202300032531,7,9,2023,2025-12-05 09:00:00,1,94,94076,2,1,1,2,Boulevard Maxime Gorki,48.79232,2.36957
202300032532,17,6,2023,2025-12-05 09:15:00,1,42,42020,1,6,1,3,Route De Montrond,45.63782025,4.20589525
202300032533,12,12,2023,2025-12-05 17:15:00,5,94,94081,2,1,2,3,22 Avenue Paul Vaillant Couturier,48.799326,2.400814
202300032534,14,12,2023,2025-12-05 07:45:00,2,94,94078,2,1,1,6,Rue De Balzac,48.730637,2.449552
202300032535,7,9,2023,2025-12-05 18:25:00,1,94,94041,2,1,1,3,Rue Pierre Et Marie Curie,48.81436,2.37375
202300032536,26,6,2023,2025-12-05 08:20:00,1,86,86076,1,1,1,1,D347,46.660782,0.279915
202300032537,25,6,2023,2025-12-05 18:40:00,2,34,34239,2,4,1,2,12 Avenue De Lodeve,43.650462,3.502235
202300032538,13,12,2023,2025-12-05 08:40:00,2,94,94068,2,3,2,3,Quai De La Pie,48.79006,2.47344
202300032539,7,9,2023,2025-12-05 19:15:00,1,94,94073,2,9,1,3,Avenue Du Luxembourg,48.75520146,2.37020212
202300032540,14,12,2023,2025-12-05 18:10:00,5,94,94058,2,1,1,1,Avenue Pierre Brossolette,48.834226,2.516914
202300032541,25,6,2023,2025-12-05 17:30:00,1,39,39470,1,1,1,1,Adresse_Inconnue,46.458146,6.075156
202300032542,7,9,2023,2025-12-05 12:00:00,1,94,94055,2,3,1,6,Pince Vent (Av De),48.78995982,2.55000535
202300032543,14,12,2023,2025-12-05 18:45:00,5,94,94046,2,3,1,6,Avenue De La Republique,48.807325,2.446545
202300032544,26,6,2023,2025-12-05 07:30:00,1,39,39476,2,2,1,3,9 Rue De Tichey,47.033685,5.32095
202300032545,7,9,2023,2025-12-05 19:00:00,1,93,93057,2,3,1,3,Avenue Du President Wilson / Allee Jean-Louis Rapinat,48.90831326,2.51378015
202300032546,13,12,2023,2025-12-05 19:20:00,5,94,94076,2,9,2,6,Avenue De La Division Leclerc,48.784598,2.367318
202300032547,7,9,2023,2025-12-05 12:40:00,1,93,93008,2,1,1,3,Rue Gallieni,48.903733,2.439075
202300032548,25,6,2023,2025-12-05 13:00:00,1,44,44014,1,1,1,1,Les Bauches Nord,47.086093,-1.542474
202300032549,13,12,2023,2025-12-05 18:00:00,3,94,94069,1,1,2,4,Avenue Des Canadiens,48.81726,2.45599
202300032550,7,9,2023,2025-12-05 09:05:00,1,92,92075,2,1,1,6,Lycee (Boulevard Du),48.82388905,2.28303283
202300032551,23,6,2023,2025-12-05 16:55:00,1,44,44096,1,2,1,3,Route De Pannece,47.449252,-1.228296
202300032552,13,12,2023,2025-12-05 12:45:00,1,94,94017,2,1,2,3,Rue Benoit Frachon,48.82016436,2.52273251
202300032553,31,8,2023,2025-12-05 19:19:00,1,92,92073,2,1,1,3,Sellier (Boulevard Henri),48.86845,2.2234
202300032554,24,6,2023,2025-12-05 17:12:00,1,29,29235,2,6,7,3,Rue Louis Lichou,48.404869,-4.418937
202300032555,14,12,2023,2025-12-05 18:40:00,3,94,94002,2,2,1,1,Rue Veron,48.80575,2.41516
202300032556,23,6,2023,2025-12-05 14:25:00,1,38,38409,1,1,1,1,D 1532,45.078525,5.287235
202300032557,1,9,2023,2025-12-05 20:50:00,5,92,92073,2,4,1,4,Bas Rogers (Rue Des),48.88098058,2.22714427
202300032558,14,12,2023,2025-12-05 08:45:00,1,93,93073,2,1,2,6,Avenue Des Ecoles,48.95764,2.57224
202300032559,6,9,2023,2025-12-05 15:00:00,1,92,92063,2,1,1,1,Joffre (Boulevard Du Marechal),48.87894,2.18151
202300032560,13,12,2023,2025-12-05 08:00:00,2,93,93078,2,2,1,3,Boulevard Robert Ballanger / Avenue Paul Vaillant Couturier,48.9546,2.5361
202300032561,25,6,2023,2025-12-05 16:55:00,1,38,38304,1,1,1,5,Rn 85,44.964251,5.777349
202300032562,7,9,2023,2025-12-05 09:56:00,1,92,92051,2,1,7,3,"Roule (Avenue Du, Ndeg 29 A 91 Et 30 A 86)",48.88181124,2.28050977
202300032563,24,6,2023,2025-12-05 14:30:00,1,84,84017,1,1,1,1,Route Du Mont-Ventoux,44.120512,5.24859
202300032564,14,12,2023,2025-12-05 07:30:00,3,93,93050,2,2,1,6,Rue Paul Et Camille Thomoux / Avenue Robert Schumann,48.87352,2.52969
202300032565,7,9,2023,2025-12-05 11:11:00,1,92,92049,2,1,1,7,Briand Avenue Aristide Ndeg1 A 129,48.81309029,2.32608676
202300032566,25,6,2023,2025-12-05 11:30:00,1,1,1348,1,2,1,3,Rd66A,46.186137,4.836216
202300032567,5,9,2023,2025-12-05 20:30:00,5,92,92023,2,1,1,3,Claude Trebignaud (Avenue) Bois S102,48.7959397,2.25238234
202300032568,14,12,2023,2025-12-05 08:10:00,5,93,93046,2,2,2,6,Avenue Gambetta / Allee Dupleix,48.92118,2.51475
202300032569,25,6,2023,2025-12-05 02:20:00,5,70,70421,2,1,1,6,39 Rue Jean Boge,47.685324,6.042365
202300032570,7,9,2023,2025-12-05 19:15:00,1,92,92012,2,1,1,6,Heinrich (Rue),48.82745192,2.24518955
202300032571,26,6,2023,2025-12-05 12:30:00,1,14,14582,1,1,1,2,786 Route De Saint-Martin De La Lieue,49.081301,0.19298
202300032572,13,12,2023,2025-12-05 18:00:00,3,93,93032,2,4,2,6,Rue Du 18 Juin / Allee Alphonse Benoit,48.8777,2.55598
202300032573,6,9,2023,2025-12-05 18:00:00,1,92,92009,2,1,1,2,Charcot ( Rue ),48.92114747,2.27594912
202300032574,26,6,2023,2025-12-05 10:50:00,1,50,50085,1,2,1,7,Route Du Moulin,48.929781,-1.535372
202300032575,13,12,2023,2025-12-05 19:20:00,5,93,93014,2,2,2,1,Allee De Gagny / Chemin De La Tourelle,48.90935,2.55014
202300032576,25,6,2023,2025-12-05 13:05:00,1,9,9189,1,1,1,6,N20,42.67418,1.835525
202300032577,7,9,2023,2025-12-05 17:45:00,1,49,49063,2,3,7,3,Rue Des Sables,47.35157,-0.767198
202300032578,23,6,2023,2025-12-05 18:30:00,1,60,60327,1,1,1,7,Rue Du Moulin,49.303244,1.966639
202300032579,14,12,2023,2025-12-05 17:00:00,5,93,93008,2,1,8,6,Boulevard Lenine,48.90662,2.44371
202300032580,5,9,2023,2025-12-05 21:45:00,5,62,62794,2,1,1,1,D342,50.71151112,2.15390654
202300032581,25,6,2023,2025-12-05 18:35:00,1,10,10323,1,1,1,2,D619,48.507763,3.693123
202300032582,7,9,2023,2025-12-05 22:40:00,5,52,52331,2,1,1,6,Rue Thibault,48.473554,4.773613
202300032583,5,6,2023,2025-12-05 09:06:00,1,10,10209,2,1,1,2,2 Avenue Pierre Gomand,48.255899,4.256434
202300032584,14,12,2023,2025-12-05 07:45:00,5,92,92046,2,3,8,6,Nicomedes Pascual (Rue),48.813367,2.29932547
202300032585,8,9,2023,2025-12-05 08:00:00,1,31,31454,2,1,1,2,245 Route De Berat,43.411953,1.128609
202300032586,8,9,2023,2025-12-05 15:58:00,1,83,83099,1,1,1,2,A8 Pk 128.500,43.461828,6.68274
202300032587,25,6,2023,2025-12-05 17:00:00,1,7,7261,1,1,1,5,D120,44.82393432,4.73354956
202300032588,13,12,2023,2025-12-05 14:25:00,1,92,92046,2,2,1,3,Louis Blanc (Rue),48.82049841,2.30394579
202300032589,8,9,2023,2025-12-05 16:25:00,1,974,97412,1,9,1,7,Rue Marcel Pagnol,-21.375913,55.664927
202300032590,25,6,2023,2025-12-05 08:50:00,1,53,53062,2,6,7,3,Rn162,47.82531,-0.68758
202300032591,13,12,2023,2025-12-05 19:00:00,5,92,92050,2,3,2,6,Clemenceau Georges Avenue Ndeg Pair,48.88566101,2.21923113
202300032592,25,6,2023,2025-12-05 13:18:00,1,4,4081,2,3,1,2,Route De Quinson,43.738325,5.979851
202300032593,10,8,2023,2025-12-05 19:40:00,3,974,97416,1,1,1,2,Pont De La Riviere Saint-Etienne,-21.297656,55.418606
202300032594,25,6,2023,2025-12-05 14:30:00,1,4,4157,1,1,1,1,D56,43.867301,6.136422
202300032595,13,12,2023,2025-12-05 17:09:00,5,92,92020,2,1,2,3,Stalingrad Boulevard,48.81111,2.29877