num_acc,jour,mois,an,hrmn,lum,dep,com,agg,int,atm,col,adr,lat,long
202300032596,7,9,2023,2025-12-05 13:40:00,1,41,41093,1,1,1,2,A10,47.605563,1.11979
202300032597,25,6,2023,2025-12-05 17:05:00,1,4,4217,1,1,1,7,Les Ferauds,44.16449,6.146121
202300032598,14,12,2023,2025-12-05 14:10:00,1,92,92048,2,1,1,2,Trivaux (Avenue De) Ndeg 9,48.79892889,2.23314643
202300032599,26,6,2023,2025-12-05 13:55:00,1,87,87133,1,1,1,1,N145 Pk 29+200,46.202661,1.377261
202300032600,22,6,2023,2025-12-05 08:49:00,1,37,37109,1,3,2,3,D76,47.412785,0.603046
202300032601,14,12,2023,2025-12-05 19:35:00,5,92,92026,2,3,1,6,Verdun (De 62 A Fin),48.90302538,2.2581844
202300032602,31,8,2023,2025-12-05 16:30:00,1,66,66141,1,1,1,2,D1,42.729298,2.915813
202300032603,26,6,2023,2025-12-05 11:20:00,1,30,30152,1,1,1,1,Departementale 132,44.221661,4.173646
202300032604,7,9,2023,2025-12-05 08:24:00,1,83,83097,1,3,1,3,Dn7,43.47591,5.761557
202300032605,24,6,2023,2025-12-05 00:50:00,3,8,8488,2,3,1,3,D105,49.730863,4.83664
202300032606,15,12,2023,2025-12-05 10:00:00,1,1,1005,2,1,1,1,245 Rue Du 3 Septembre 1944,45.99871,4.898698
202300032607,22,6,2023,2025-12-05 16:50:00,1,88,88306,1,1,1,6,D424,48.406137,7.028047
202300032608,8,9,2023,2025-12-05 08:45:00,1,74,74177,1,4,1,3,D27,46.049367,6.177471
202300032609,14,12,2023,2025-12-05 18:00:00,3,43,43117,1,1,9,1,D 19,45.287131,3.452936
202300032610,20,6,2023,2025-12-05 10:27:00,1,13,13001,1,1,1,2,"A8, Pk 020.100, Sens 1",43.511974,5.457523
202300032611,7,9,2023,2025-12-05 21:10:00,5,76,76159,2,1,1,1,Route De Bosville,49.778302,0.649604
202300032612,15,12,2023,2025-12-05 17:45:00,5,6,6161,2,1,1,1,D6098,43.638701,7.136739
202300032613,25,6,2023,2025-12-05 22:35:00,3,51,51061,1,1,1,2,"Autoroute A, Pk 161+800",49.105117,4.254449
202300032614,7,9,2023,2025-12-05 12:45:00,1,80,80779,2,3,1,6,Rue Des Chenes,50.095907,1.872965
202300032615,15,12,2023,2025-12-05 17:10:00,2,83,83086,1,4,1,3,1984 Route D?Aix En Provence,43.465131,6.538377
202300032616,25,6,2023,2025-12-05 17:30:00,1,73,73008,1,1,1,7,A41,45.69832562,5.92960154
202300032617,8,9,2023,2025-12-05 10:50:00,1,65,65396,2,1,1,1,Rue Du Cap De La Gelle,42.977643,-0.088964
202300032618,25,6,2023,2025-12-05 13:45:00,1,987,98729,1,1,1,1,Pk 7+200 Paopao Rt 91,-17.577,-150.202
202300032619,10,12,2023,2025-12-05 18:35:00,3,26,26169,1,1,1,2,A7 - Pk 125+200 - Sens S/N,44.474339,4.7665
202300032620,7,9,2023,2025-12-05 13:20:00,1,65,65213,1,1,1,1,D9,43.318937,0.453787
202300032621,8,9,2023,2025-12-05 12:10:00,1,81,81101,2,1,1,6,Route Nationale,44.009322,2.160605
202300032622,26,6,2023,2025-12-05 19:40:00,4,974,97418,2,3,1,6,Rue De La Republique,-20.896669,55.550936
202300032623,15,12,2023,2025-12-05 16:00:00,2,84,84062,1,1,1,1,Rd24,43.890072,5.101739
202300032624,8,9,2023,2025-12-05 10:15:00,1,89,89368,1,1,1,6,D955,47.63384,3.2142
202300032625,25,6,2023,2025-12-05 18:10:00,1,973,97311,1,1,1,3,Cd 09 - Pk 12,5.503585,-53.968985
202300032626,25,8,2023,2025-12-05 17:00:00,2,12,12208,2,1,1,1,Boulevard Basse Capelle,43.952023,2.892607
202300032627,15,12,2023,2025-12-05 00:00:00,3,58,58298,1,1,8,5,A77 Pr 136+100,47.122651,3.053727
202300032628,26,6,2023,2025-12-05 08:30:00,1,77,77142,2,9,1,6,D21,48.860606,2.925145
202300032629,8,9,2023,2025-12-05 06:05:00,3,47,47315,1,1,1,1,Ladignac,44.4506636,0.88855193
202300032630,7,9,2023,2025-12-05 00:30:00,3,39,39478,1,1,1,7,Adresse_Inconnue,46.428588,5.859506
202300032631,14,12,2023,2025-12-05 19:45:00,3,22,22341,1,1,1,1,La Lande Du Moulin Oury,48.396357,-2.384119
202300032632,26,6,2023,2025-12-05 08:15:00,1,2B,2B303,1,1,1,3,Alistro,42.252259,9.545553
202300032633,5,9,2023,2025-12-05 17:45:00,2,25,25578,2,1,1,6,Grande Rue,47.14755,6.343682
202300032634,13,12,2023,2025-12-05 16:45:00,2,87,87143,1,3,1,3,Rd28 Pk6,45.917499,1.122462
202300032635,26,6,2023,2025-12-05 09:30:00,1,84,84078,1,2,1,2,"Rn7, Face Allee Notre Dame",44.259719,4.705678
202300032636,15,12,2023,2025-12-05 08:45:00,1,83,83097,1,1,1,6,D6,43.469627,5.748757
202300032637,31,8,2023,2025-12-05 08:45:00,1,35,35069,1,2,1,2,D92,48.033311,-1.503907
202300032638,5,9,2023,2025-12-05 19:45:00,1,29,29075,2,1,1,6,485 Rue Lucie Et Raymond Aubrac,48.432774,-4.412148
202300032639,14,12,2023,2025-12-05 10:25:00,1,56,56200,1,1,2,2,La Lorraine,47.812376,-2.305702
202300032640,24,6,2023,2025-12-05 14:10:00,1,81,81219,1,1,1,1,Route De Saint Paul Cap De Joux,43.5888,1.99757
202300032641,2,9,2023,2025-12-05 22:35:00,3,2,2721,1,2,1,7,Adresse_Inconnue,49.811972,3.44946
202300032642,24,6,2023,2025-12-05 18:00:00,1,64,64430,1,6,1,7,Avenue Francois Mitterrand,43.501029,-0.74788
202300032643,15,12,2023,2025-12-05 08:50:00,1,56,56153,1,4,2,1,Kerbiais,47.564267,-2.355344
202300032644,24,6,2023,2025-12-05 14:46:00,1,33,33422,1,1,1,3,Avenue De Pierroton,44.788856,-0.775373
202300032645,8,9,2023,2025-12-05 12:30:00,1,3,3307,1,2,1,3,Route Departementale 34,46.370563,3.267628
202300032646,15,12,2023,2025-12-05 08:30:00,1,79,79125,2,7,8,6,Adresse_Inconnue,46.233227,-0.408916
202300032647,26,6,2023,2025-12-05 09:10:00,1,44,44052,2,1,1,6,21Ter Avenue Vice Amiral Halgan,47.318704,-2.075486
202300032648,8,9,2023,2025-12-05 00:05:00,5,3,3254,2,1,1,7,Rue De Souitte,46.301881,3.279601
202300032649,17,6,2023,2025-12-05 23:10:00,3,22,22190,1,1,1,6,La Rougerais,48.522247,-2.090492
202300032650,14,12,2023,2025-12-05 17:34:00,5,2A,2A271,2,1,1,1,Pernicaggio,41.954639,8.796685
202300032651,25,6,2023,2025-12-05 20:40:00,2,35,35347,2,1,7,6,Rue De Combourg,48.179522,-1.31241
202300032652,7,9,2023,2025-12-05 10:23:00,1,3,3264,2,4,1,3,Rue Du Pont,46.062424,3.459173
202300032653,15,12,2023,2025-12-05 07:20:00,3,80,80417,1,2,1,3,D1029,49.872966,2.669393
202300032654,6,9,2023,2025-12-05 15:00:00,1,3,3019,1,1,1,7,Route De Bourbon Lancy,46.608052,3.691208
202300032655,25,6,2023,2025-12-05 18:35:00,1,76,76147,1,1,1,2,D915,49.723855,1.344581
202300032656,23,6,2023,2025-12-05 16:50:00,1,76,76684,1,1,1,2,D910,49.48085,0.453663
202300032657,8,9,2023,2025-12-05 12:40:00,1,26,26337,1,1,1,3,Avenue Du Dauphine,44.71416173,4.8032999
202300032658,15,12,2023,2025-12-05 09:00:00,1,80,80240,2,9,1,6,Rue Jules Ferry,49.922656,2.944014
202300032659,22,6,2023,2025-12-05 19:00:00,1,80,80561,2,1,1,6,19 Avenue Paul Doumer,49.646854,2.571713
202300032660,25,6,2023,2025-12-05 06:15:00,1,13,13202,1,1,1,6,Tvpcm-Sens Saint Victor Vers Les Ports,43.2949391,5.3633666
202300032661,15,12,2023,2025-12-05 18:20:00,5,80,80126,2,1,1,1,11 Rue D'Abbeville,49.935671,1.631475
202300032662,25,6,2023,2025-12-05 01:20:00,3,13,13203,1,1,1,6,A7-Sens Lyon Vers Marseille,43.31438,5.37679
202300032663,8,9,2023,2025-12-05 08:20:00,1,14,14742,1,1,1,6,Route De Morteaux,48.956242,-0.080338
202300032664,15,12,2023,2025-12-05 17:45:00,3,81,81262,1,1,1,2,D922,44.068359,1.970469
202300032665,18,6,2023,2025-12-05 19:40:00,1,13,13071,1,1,1,3,A7-Sens Lyon Vers Marseille,43.405572,5.337582
202300032666,15,12,2023,2025-12-05 12:00:00,1,71,71121,1,1,1,1,D313,46.821435,5.245221
202300032667,8,9,2023,2025-12-05 19:03:00,1,14,14371,1,1,1,1,Route De La Cauviniere,49.029297,0.302768
202300032668,25,6,2023,2025-12-05 05:56:00,2,69,69283,1,1,1,2,Autoroute 46,45.67246,4.94315
202300032669,25,6,2023,2025-12-05 18:05:00,1,33,33448,1,1,1,6,Autoroute A 62,44.69585062,-0.49751759
202300032670,8,9,2023,2025-12-05 16:40:00,1,14,14270,1,1,1,3,D613,49.144085,0.335901
202300032671,11,12,2023,2025-12-05 06:40:00,3,71,71543,2,3,2,6,Avenue Du Clos Mouron,46.571319,4.904779
202300032672,24,6,2023,2025-12-05 20:15:00,1,91,91161,1,1,1,3,Autoroute A6,48.70205,2.30813
202300032673,14,12,2023,2025-12-05 17:50:00,3,89,89309,1,1,1,4,D 606,48.278224,3.22011
202300032674,8,9,2023,2025-12-05 17:00:00,1,50,50550,1,2,1,1,Route De Coutances,49.154899,-1.411845
202300032675,23,6,2023,2025-12-05 16:25:00,1,94,94021,1,1,1,5,A6B,48.76877597,2.34362068
202300032676,14,12,2023,2025-12-05 17:15:00,3,89,89344,1,1,2,1,Route De Toucy,47.706913,3.185306
202300032677,3,9,2023,2025-12-05 15:30:00,1,50,50483,2,1,7,6,Rue De L'Europe,49.104623,-1.173777
202300032678,25,6,2023,2025-12-05 19:50:00,1,94,94034,1,1,1,2,N186,48.75536798,2.34171662
202300032679,6,9,2023,2025-12-05 17:15:00,1,45,45054,1,2,7,3,D27 Pr 10 + 123,48.232735,2.38884
202300032680,14,12,2023,2025-12-05 21:05:00,3,61,61029,1,1,5,7,D8,48.547168,0.487604
202300032681,8,9,2023,2025-12-05 10:15:00,1,10,10437,1,1,1,6,D671,48.14078444,4.29835394
202300032682,25,6,2023,2025-12-05 15:00:00,1,77,77169,1,1,1,3,Rn104,48.821272,2.615266
202300032683,15,12,2023,2025-12-05 16:45:00,1,49,49003,1,1,1,6,D70,47.298674,-0.317144
202300032684,8,9,2023,2025-12-05 08:54:00,1,36,36192,2,1,1,6,15 Rue Pierre Canals,46.634373,1.421069
202300032685,25,6,2023,2025-12-05 06:30:00,1,77,77468,1,1,1,2,A104,48.850023,2.661594
202300032686,25,6,2023,2025-12-05 02:30:00,3,77,77141,1,1,1,2,A4,48.84939,2.834415
202300032687,7,9,2023,2025-12-05 17:00:00,1,7,7114,1,1,1,6,D228,45.017547,4.488132
202300032688,14,12,2023,2025-12-05 16:10:00,1,49,49182,1,1,2,6,Rue Principale,47.231211,-0.309452
202300032689,24,6,2023,2025-12-05 16:15:00,1,94,94044,1,1,1,2,N406,48.75738975,2.47653199
202300032690,8,9,2023,2025-12-05 16:35:00,1,40,40007,2,1,1,7,Route De La Cote Du Lievre,43.581207,-0.632476
202300032691,28,3,2023,2025-12-05 04:40:00,5,42,42044,2,2,1,1,Rue De La Malafolie,45.39409,4.30303
202300032692,25,6,2023,2025-12-05 00:45:00,4,77,77407,2,1,1,6,D607,48.52841,2.54881
202300032693,4,9,2023,2025-12-05 17:05:00,1,27,27288,1,3,1,5,Route De Brionne,49.255987,0.691112
202300032694,24,6,2023,2025-12-05 18:20:00,1,76,76498,2,2,1,6,Rue Ampere,49.42862,1.06258
202300032695,14,12,2023,2025-12-05 19:00:00,5,49,49050,2,4,2,6,Rue Des Rives De L'Aubance,47.353722,-0.447765
202300032696,7,9,2023,2025-12-05 16:40:00,1,27,27260,1,1,7,1,Rd 6178,49.398009,0.421193
202300032697,24,6,2023,2025-12-05 20:45:00,1,72,72181,2,4,1,1,Musset Alfred De (Rue),47.99049,0.20239
202300032698,8,12,2023,2025-12-05 03:13:00,5,47,47283,2,2,2,6,1 Avenue De Tournon,44.478832,0.948864
202300032699,8,9,2023,2025-12-05 07:50:00,1,27,27425,1,1,7,1,D613,49.142682,0.754302
202300032700,24,6,2023,2025-12-05 08:30:00,1,973,97302,2,1,1,1,Republique (Bd De La),4.93661974,-52.32088566
202300032701,1,9,2023,2025-12-05 13:30:00,1,27,27643,1,1,1,7,N12,48.762872,1.052746
202300032702,24,6,2023,2025-12-05 08:04:00,1,973,97302,2,1,1,3,Source De Baduel (Chemin De La),4.92639827,-52.30871916
202300032703,14,12,2023,2025-12-05 18:50:00,5,39,39206,2,2,2,3,14 Route De Pontarlier,46.998639,5.73782
202300032704,24,6,2023,2025-12-05 00:25:00,5,973,97302,1,1,1,7,Route Nationale 1,4.92462,-52.3291
202300032705,8,9,2023,2025-12-05 15:20:00,1,87,87106,1,2,1,3,D704,45.668574,1.223377
202300032706,25,6,2023,2025-12-05 00:30:00,5,69,69388,2,1,1,2,Avenue General Frere,45.73506,4.87146
202300032707,6,9,2023,2025-12-05 16:10:00,1,8,8222,2,1,1,1,D8051,50.00638287,4.6924311
202300032708,23,6,2023,2025-12-05 22:45:00,5,971,97113,1,9,1,1,Section Cocoyer,16.24176,-61.48573
202300032709,14,12,2023,2025-12-05 07:36:00,2,38,38034,2,9,1,3,455 Route De Vienne,45.350023,5.038251
202300032710,7,9,2023,2025-12-05 15:35:00,1,88,88245,1,1,1,6,D32,48.344484,6.928532
202300032711,24,6,2023,2025-12-05 12:00:00,1,2A,2A004,1,6,1,3,T21,41.92742,8.77817
202300032712,29,8,2023,2025-12-05 06:00:00,2,973,97307,1,1,1,5,Rn2 Pk9,4.822487,-52.341657
202300032713,15,12,2023,2025-12-05 05:20:00,3,2,2360,2,1,2,7,Rue De Guignicourt,49.420526,4.000302
202300032714,24,6,2023,2025-12-05 11:30:00,1,95,95277,1,1,1,2,D317,48.97978,2.46587
202300032715,7,9,2023,2025-12-05 17:15:00,1,49,49228,1,2,1,5,Route De La Graine De Sapin (Parcay-Les-Pins),47.46042,0.160997
202300032716,23,6,2023,2025-12-05 20:11:00,1,91,91377,2,3,1,3,Rue Thomas Masarik,48.737925,2.264926
202300032717,14,12,2023,2025-12-05 11:10:00,1,72,72098,1,2,1,3,La Belle Etoile,47.704762,0.192937
202300032718,7,9,2023,2025-12-05 15:00:00,1,1,1228,1,1,1,7,"A404, Pk 000+500 Direction Geneve",46.134988,5.538955
202300032719,23,6,2023,2025-12-05 17:36:00,1,91,91692,2,3,1,3,Millepertuis (Residence Les),48.68253,2.1709
202300032720,2,9,2023,2025-12-05 23:00:00,1,38,38466,1,1,1,7,A41,45.367238,5.973496
202300032721,24,6,2023,2025-12-05 21:30:00,5,91,91657,2,1,1,2,Av Henri Barbusse,48.70275,2.42796
202300032722,13,12,2023,2025-12-05 13:10:00,1,14,14303,2,3,2,3,Carf Rd519/Rd75,49.125478,0.275621
202300032723,7,9,2023,2025-12-05 12:48:00,1,83,83097,1,1,1,4,Autoroute A8,43.4798915,5.74639035
202300032724,24,6,2023,2025-12-05 17:55:00,1,91,91114,1,1,1,3,Rte Nationale 6,48.67775,2.49709
202300032725,24,6,2023,2025-12-05 13:55:00,1,91,91687,2,1,1,6,Provence (Avenue De),48.6695,2.36295
202300032726,7,9,2023,2025-12-05 23:45:00,3,17,17181,1,1,1,2,A10,45.880389,-0.621049
202300032727,24,6,2023,2025-12-05 04:30:00,3,91,91223,1,1,1,7,R.D.20,48.4109,2.12726
202300032728,15,12,2023,2025-12-05 07:30:00,5,14,14319,2,1,2,3,12 Rue Des Freres Chappe,49.153475,-0.306437
202300032729,6,9,2023,2025-12-05 16:20:00,1,987,98729,1,1,2,1,Pk 8.5 Pharmacie Afereaitu,-17.577,-150.202
202300032730,24,6,2023,2025-12-05 01:25:00,5,83,83069,2,2,1,3,Avenue Ritondale Leopold,43.1142,6.1338
202300032731,24,6,2023,2025-12-05 22:49:00,5,81,81004,2,1,1,2,Thomas (Av Albert),43.93870605,2.14781642
202300032732,14,12,2023,2025-12-05 07:50:00,2,85,85047,2,1,1,6,Boulevard Guerin,46.847546,-1.8718828
202300032733,1,9,2023,2025-12-05 09:20:00,1,41,41047,1,3,1,7,Chemin Creux,47.623022,1.372325
202300032734,24,6,2023,2025-12-05 11:30:00,1,78,78551,1,1,1,3,Rd 190,48.91584,2.06576
202300032735,8,9,2023,2025-12-05 17:20:00,1,77,77315,2,2,1,1,Avenue Du 27 Aout 1944,48.884226,2.828583
202300032736,24,6,2023,2025-12-05 01:10:00,3,77,77114,1,1,1,6,Rte Nationale N 4,48.735785,2.704428
202300032737,14,12,2023,2025-12-05 16:40:00,1,85,85162,1,1,8,7,D104,46.441454,-0.69187
202300032738,24,6,2023,2025-12-05 22:45:00,5,72,72181,2,2,1,7,Demorieux (Bd) Entre Huisne Et Rd-Point,47.99533,0.18635
202300032739,24,6,2023,2025-12-05 09:20:00,1,72,72181,2,1,1,3,Esterel (Rue De L') Ndeg Impairs,47.996,0.20755
202300032740,13,12,2023,2025-12-05 12:00:00,1,978,97801,2,1,1,2,Route Nationale 7 - La Savane,18.086,-63.063
202300032741,8,9,2023,2025-12-05 08:12:00,1,84,84034,1,1,7,2,235 Route De L?Isle Sur La Sorgue,43.896252,4.978152
202300032742,24,6,2023,2025-12-05 01:15:00,5,72,72181,2,2,1,3,Pasteur (Rue),48.00401,0.19263
202300032743,24,6,2023,2025-12-05 03:15:00,5,71,71270,2,1,1,6,Herriot (Avenue Edouard),46.29564165,4.8212412
202300032744,8,9,2023,2025-12-05 08:45:00,1,84,84141,2,3,1,3,Route De Morieres,43.956433,4.901018
202300032745,23,6,2023,2025-12-05 21:45:00,2,71,71270,2,1,1,6,Rambuteau (Rue),46.30646,4.82849
202300032746,12,12,2023,2025-12-05 12:10:00,1,68,68300,1,1,2,5,A36 Pk 108.800,47.774504,7.385291
202300032747,8,9,2023,2025-12-05 08:00:00,1,83,83023,2,6,1,3,Chemin De La Tour,43.410079,6.054207
202300032748,24,6,2023,2025-12-05 18:30:00,1,69,69256,2,2,1,3,Rue Du Lycee,45.77727,4.91965
202300032749,8,9,2023,2025-12-05 18:15:00,1,68,68154,2,6,7,3,Rue De Berne,47.771086,7.386726
202300032750,15,12,2023,2025-12-05 08:20:00,1,69,69027,2,3,1,6,6 Rue Rene Mondonneix,45.67262797,4.76009261
202300032751,24,6,2023,2025-12-05 10:00:00,1,69,69264,2,1,1,3,Rue D'Anse,45.98337248,4.71794145
202300032752,24,6,2023,2025-12-05 03:00:00,5,69,69264,2,1,1,6,Rue Montesquieu,45.985,4.71423
202300032753,8,9,2023,2025-12-05 17:45:00,1,1,1376,1,6,1,2,D1084A,45.820874,4.990067
202300032754,24,6,2023,2025-12-05 11:25:00,1,69,69199,2,1,1,3,Boulevard Lucien Sampaix,45.71449,4.85283
202300032755,8,9,2023,2025-12-05 19:00:00,1,65,65481,1,1,1,6,D918,42.907461,0.143745
202300032756,24,6,2023,2025-12-05 10:10:00,1,67,67482,2,1,1,3,Foret Noire (Avenue De La),48.58441,7.76971
202300032757,15,12,2023,2025-12-05 01:00:00,3,77,77333,1,1,2,2,"Autoroute A6, Au Point Kilometrique 075.450 Dans Le Sens Paris Vers Province",48.253079,2.732071
202300032758,8,9,2023,2025-12-05 00:00:00,3,9,9282,1,1,1,7,Lieu Dit La Trille,43.246336,1.589692
202300032759,24,6,2023,2025-12-05 01:30:00,5,67,67447,2,3,1,3,Deuxieme Division Blindee (Avenue De La),48.610634,7.733899
202300032760,9,12,2023,2025-12-05 19:00:00,3,988,98817,1,1,1,7,Route Express Du Mont-Dore,-22.226243,166.49806
202300032761,7,9,2023,2025-12-05 21:00:00,2,29,29103,2,6,1,3,Allee Du Petit Paris,48.453983,-4.244725
202300032762,23,6,2023,2025-12-05 11:55:00,1,67,67365,2,1,1,1,Lilas (Rue Des),48.55316,7.71271
202300032763,7,9,2023,2025-12-05 04:55:00,3,22,22197,1,1,1,2,D795,48.483447,-1.958334
202300032764,7,12,2023,2025-12-05 16:40:00,1,974,97418,1,1,1,2,Route Nationale 2,-20.902768,55.554031
202300032765,24,6,2023,2025-12-05 19:29:00,1,64,64189,2,9,1,3,Mitterrand Francois  (Avenue),43.38267,-1.66655
202300032766,23,6,2023,2025-12-05 17:30:00,1,64,64284,2,9,1,3,Rauski,43.25455,-0.38966
202300032767,7,9,2023,2025-12-05 18:30:00,1,22,22376,1,2,1,3,La Ville Neuve,48.22127,-2.818916
202300032768,15,12,2023,2025-12-05 09:30:00,1,13,13073,2,1,1,1,D908,43.386911,5.555686
202300032769,24,6,2023,2025-12-05 18:50:00,1,64,64125,2,3,1,3,Atherbea (Avenue),43.43237,-1.5964
202300032770,7,9,2023,2025-12-05 19:17:00,2,60,60034,1,9,1,3,D916,49.445249,2.436433
202300032771,24,6,2023,2025-12-05 08:35:00,1,64,64122,2,3,1,3,Georges Clemenceau (Place),43.48207,-1.55975
202300032772,7,9,2023,2025-12-05 16:23:00,1,13,13212,1,1,1,2,A507 Sens Marseille - Aubagne,43.2926,5.42488
202300032773,14,12,2023,2025-12-05 21:25:00,5,89,89099,1,1,2,3,D380,47.926904,3.556502
202300032774,11,11,2023,2025-12-05 14:15:00,1,67,67348,2,6,1,2,Route De Niedernai,48.458939,7.504413
202300032775,7,9,2023,2025-12-05 13:45:00,1,13,13071,1,1,1,3,A7-Sens Marseille Vers Lyon,43.41303,5.28129
202300032776,24,6,2023,2025-12-05 20:00:00,1,64,64024,2,3,1,2,Bab (Boulevard Du),43.49372,-1.5231
202300032777,15,12,2023,2025-12-05 09:40:00,1,54,54043,1,1,2,2,Route Departementale D331,48.5799872,6.09865453
202300032778,7,9,2023,2025-12-05 12:00:00,1,13,13071,1,1,1,3,A7-Sens Marseille Vers Lyon,43.40972592,5.28550357
202300032779,10,12,2023,2025-12-05 04:15:00,5,57,57765,2,1,1,1,14 Rue De Carling,49.175609,6.683995
202300032780,6,9,2023,2025-12-05 20:20:00,2,13,13028,1,1,1,3,A50-Sens Aubagne Vers Toulon,43.2048,5.5908
202300032781,7,9,2023,2025-12-05 17:30:00,1,69,69199,1,1,1,5,Route Departementale 383,45.70932,4.84354
202300032782,14,12,2023,2025-12-05 17:00:00,5,69,69243,2,1,3,1,Route Nationale 7,45.88931679,4.45592229
202300032783,6,9,2023,2025-12-05 17:51:00,1,69,69081,1,1,1,2,Route De Metropole 6,45.7739,4.7855
202300032784,15,12,2023,2025-12-05 07:03:00,5,69,69094,2,2,1,3,Route De Bordeaux,45.744055,4.699327
202300032785,5,9,2023,2025-12-05 14:15:00,1,33,33192,1,1,1,2,Rocade A 630,44.78986,-0.61239
202300032786,7,9,2023,2025-12-05 20:40:00,4,94,94003,1,1,1,6,A6A,48.79951772,2.34247635
202300032787,7,9,2023,2025-12-05 18:15:00,1,94,94038,1,1,1,3,A6A,48.78021943,2.34653059
202300032788,14,12,2023,2025-12-05 07:45:00,2,69,69289,1,4,2,5,Route Departementale 153,45.658063,5.055031
202300032789,7,9,2023,2025-12-05 17:20:00,1,94,94034,1,1,1,4,A86,48.75762305,2.32812012
202300032790,15,12,2023,2025-12-05 18:20:00,3,17,17476,1,2,1,3,La Touche,45.372646,-0.440789
202300032791,15,12,2023,2025-12-05 08:00:00,1,64,64510,1,1,1,6,D933 Avenue Des Landes,43.560794,-0.664997
202300032792,7,9,2023,2025-12-05 15:30:00,1,94,94034,1,1,1,3,A6B,48.75646884,2.33489378
202300032793,14,12,2023,2025-12-05 08:50:00,1,33,33238,2,1,1,6,15 Avenue De Gradignan,44.73056093,-0.60211703
202300032794,7,9,2023,2025-12-05 10:45:00,1,91,91573,1,1,1,7,Rn 104,48.63092,2.51113
202300032795,6,9,2023,2025-12-05 19:30:00,1,91,91228,1,1,1,2,Rn 104,48.627,2.415
202300032796,14,12,2023,2025-12-05 18:00:00,3,27,27273,1,3,1,1,Rd 71,48.980217,1.400049
202300032797,15,12,2023,2025-12-05 00:30:00,3,76,76454,1,1,2,6,Route Departementale 929,49.754107,1.547592
202300032798,7,9,2023,2025-12-05 08:25:00,1,92,92019,1,1,1,4,Rn 385 Exterieure,48.76695347,2.24441492
202300032799,8,12,2023,2025-12-05 02:10:00,3,42,42110,1,1,2,6,M288,45.488233,4.541351
202300032800,7,9,2023,2025-12-05 09:00:00,1,75,75116,1,1,1,3,A13W,48.848202,2.248716
202300032801,13,12,2023,2025-12-05 13:10:00,1,33,33013,1,1,2,3,Rn 230,44.86839024,-0.50444307
202300032802,7,9,2023,2025-12-05 07:40:00,1,92,92076,1,1,1,3,A13,48.8320354,2.1517684
202300032803,14,12,2023,2025-12-05 07:00:00,3,91,91136,1,1,2,2,Autoroute A10,48.71377,2.27518
202300032804,14,12,2023,2025-12-05 14:20:00,1,92,92050,1,1,1,3,A86,48.90574373,2.20997706
202300032805,6,9,2023,2025-12-05 17:00:00,1,92,92036,1,1,1,4,A86,48.93391754,2.27790653
202300032806,13,12,2023,2025-12-05 11:15:00,1,92,92012,1,1,1,4,A13,48.84842319,2.22997214
202300032807,7,9,2023,2025-12-05 10:30:00,1,93,93029,1,1,1,2,Autoroute A86,48.92249,2.42736
202300032808,7,9,2023,2025-12-05 10:00:00,1,93,93064,1,1,1,2,Autoroute A103,48.88668,2.48072
202300032809,13,12,2023,2025-12-05 08:00:00,2,78,78217,1,1,2,5,A13,48.96472134,1.82036137
202300032810,7,9,2023,2025-12-05 08:50:00,1,93,93053,1,1,1,4,Autoroute A103,48.88844553,2.47369949
202300032811,14,12,2023,2025-12-05 07:50:00,1,95,95678,1,1,1,4,N184,49.06243439,2.21264845
202300032812,6,9,2023,2025-12-05 18:25:00,1,93,93066,1,1,1,4,Autoroute A1,48.91623043,2.35752085
202300032813,13,12,2023,2025-12-05 22:20:00,3,95,95572,1,1,2,2,A15,49.03334361,2.10555387
202300032814,6,9,2023,2025-12-05 14:00:00,1,93,93006,1,1,1,2,Autoroute A3,48.86863,2.42906
202300032815,13,12,2023,2025-12-05 07:15:00,2,93,93053,1,1,1,6,Autoroute A3,48.88402,2.46432
202300032816,7,9,2023,2025-12-05 11:15:00,1,94,94069,1,1,1,7,A86,48.81626132,2.45282484
202300032817,14,12,2023,2025-12-05 20:30:00,3,75,75112,1,1,1,5,A4,48.819353,2.458441
202300032818,4,9,2023,2025-12-05 21:06:00,2,87,87085,2,1,1,6,King (Avenue Martin Luther),45.81882,1.23414
202300032819,25,6,2023,2025-12-05 12:15:00,1,2,2691,2,3,7,6,32 Boulevard Richelieu,49.8516,3.28491
202300032820,19,8,2023,2025-12-05 18:00:00,1,13,13030,2,1,7,1,116 Route Nationale 8,43.275807,5.7039
202300032821,6,8,2023,2025-12-05 08:40:00,1,13,13209,2,6,1,1,Cabot (Boulevard),43.25736296,5.41884413
202300032822,10,10,2023,2025-12-05 17:20:00,1,973,97302,2,1,1,1,Aron (Andre),4.94272,-52.31975
202300032823,9,10,2023,2025-12-05 13:40:00,1,80,80021,2,3,1,3,Bel Air (Rue Du),49.8653,2.33899
202300032824,29,4,2023,2025-12-05 18:43:00,1,92,92078,2,1,1,3,Charles De Gaulle (Bd)(72 Au 308),48.941536,2.321406
202300032825,11,10,2023,2025-12-05 09:00:00,1,37,37233,2,6,1,6,Blanqui (Rue),47.3949,0.71827
202300032826,22,4,2023,2025-12-05 17:50:00,1,27,27408,1,2,1,3,Mezieres-En-Vexin,49.187629,1.501388
202300032827,10,10,2023,2025-12-05 14:50:00,1,37,37261,2,1,1,6,Lesseps (Allee Ferdinand De),47.36689,0.68075