num_acc,jour,mois,an,hrmn,lum,dep,com,agg,int,atm,col,adr,lat,long
202300032828,6,9,2023,2025-12-05 08:45:00,1,974,97416,1,1,7,2,Rn3 (3),-21.31356,55.49534
202300032829,9,10,2023,2025-12-05 12:00:00,1,37,37195,2,1,1,4,Pont De Saint Come Bld Peripherique,47.3914651,0.64802071
202300032830,6,9,2023,2025-12-05 04:05:00,3,974,97416,1,1,1,6,Thorez (Chemin Maurice),-21.26425254,55.48027217
202300032831,10,10,2023,2025-12-05 18:10:00,1,35,35238,2,1,1,6,Richemond (Quai De),48.109886,-1.67185843
202300032832,4,9,2023,2025-12-05 07:15:00,1,974,97411,2,2,2,2,Lattre De Tassigny (Avenue Marechal De),-20.88624,55.46958
202300032833,10,10,2023,2025-12-05 07:50:00,2,28,28134,1,9,1,5,Rn 154,48.72903471,1.38969898
202300032834,6,9,2023,2025-12-05 20:00:00,5,973,97302,2,6,1,2,Maringouins (Rond-Point),4.90703,-52.32212
202300032835,7,4,2023,2025-12-05 20:10:00,2,93,93079,2,1,1,1,Route De Saint-Leu,48.95322908,2.33662737
202300032836,6,9,2023,2025-12-05 11:55:00,1,973,97302,2,2,1,3,Payee (Madame),4.94149437,-52.32893631
202300032837,6,9,2023,2025-12-05 12:20:00,1,69,69388,2,3,1,6,Avenue Des Freres Lumiere,45.7436,4.87276
202300032838,6,9,2023,2025-12-05 08:50:00,1,69,69386,2,1,1,3,Boulevard Anatole France,45.77016,4.85705
202300032839,29,4,2023,2025-12-05 18:25:00,1,92,92078,2,6,1,3,Charles De Gaulle (Bd) (4 Au 70),48.94133696,2.32229429
202300032840,6,9,2023,2025-12-05 08:30:00,1,69,69386,2,1,1,3,Boulevard Jules Favre,45.768,4.85915
202300032841,6,9,2023,2025-12-05 15:25:00,1,972,97209,2,9,1,3,Leopold Sedar Sengor (Avenue),14.61359,-61.04686
202300032842,22,4,2023,2025-12-05 19:45:00,1,92,92078,2,1,1,3,Verdun (Avenue) (Pairs 92 Et Plus),48.93449241,2.3211236
202300032843,4,9,2023,2025-12-05 00:19:00,5,972,97209,2,1,1,6,Bishop (Avenue Maurice),14.61347969,-61.05251231
202300032844,6,9,2023,2025-12-05 18:10:00,1,69,69382,2,1,1,3,47 Quai Docteur Gailleton,45.75095141,4.83210044
202300032845,15,6,2023,2025-12-05 22:46:00,5,92,92026,2,1,1,1,Ajoux,48.90206,2.2738
202300032846,3,9,2023,2025-12-05 04:20:00,5,69,69382,2,2,1,3,Quai Tilsitt,45.75911963,4.82940673
202300032847,15,6,2023,2025-12-05 12:00:00,1,92,92026,2,1,1,7,Armand Silvestre (De 95 A Fin),48.90227782,2.26799029
202300032848,5,9,2023,2025-12-05 17:25:00,1,2B,2B120,1,1,1,3,11 - Rt,42.65144,9.44072
202300032849,5,9,2023,2025-12-05 19:00:00,5,971,97120,2,9,1,1,Alexandre Isaac,16.2375284,-61.53233707
202300032850,12,12,2023,2025-12-05 21:13:00,5,973,97302,2,3,1,3,Mango (Route),4.93187486,-52.31770599
202300032851,5,9,2023,2025-12-05 17:38:00,1,87,87065,2,3,1,3,Arsonval (Rue Arsene D'),45.81322,1.3051
202300032852,13,12,2023,2025-12-05 13:55:00,1,973,97302,2,1,1,7,Source De Baduel (Chemin De La),4.92531,-52.30843
202300032853,6,9,2023,2025-12-05 06:40:00,2,81,81065,2,4,1,3,De Gaulle Rd 612 (Av. Charles),43.5940311,2.2653918
202300032854,13,12,2023,2025-12-05 18:30:00,5,69,69383,2,9,1,6,Cours Lafayette,45.76363,4.86236
202300032855,6,9,2023,2025-12-05 18:13:00,1,78,78190,2,3,1,3,Gabillons (Rue Des),48.87,2.13
202300032856,6,9,2023,2025-12-05 19:30:00,1,77,77122,2,2,1,6,Rue Jean Moulin,48.66085,2.55883
202300032857,6,9,2023,2025-12-05 18:50:00,1,77,77284,2,9,1,6,Creche (Rue De La),48.95683,2.88576
202300032858,13,12,2023,2025-12-05 13:50:00,1,69,69383,2,3,1,3,Rue General Mouton-Duvernet,45.74995,4.8605
202300032859,6,9,2023,2025-12-05 14:02:00,1,77,77369,2,1,7,2,Meaux (Avenue De),48.96629,2.91888
202300032860,6,9,2023,2025-12-05 19:05:00,1,76,76319,2,1,1,7,Rue De Seelze,49.35238,1.0034
202300032861,13,12,2023,2025-12-05 12:20:00,1,69,69388,2,3,8,6,Cours Albert Thomas,45.74878,4.86181
202300032862,20,8,2023,2025-12-05 15:50:00,1,76,76486,1,1,1,1,Route De Moulineaux,49.3221,0.9857
202300032863,6,9,2023,2025-12-05 13:55:00,1,76,76217,2,3,1,3,Duquesne (Quai),49.92415,1.08113
202300032864,5,9,2023,2025-12-05 19:35:00,1,72,72181,2,9,1,3,Piffault Pierre (Av) Bessemer A Monnier,47.9739,0.17338
202300032865,13,12,2023,2025-12-05 05:40:00,5,69,69388,2,2,2,6,Boulevard Des Etats-Unis,45.72426131,4.87205371
202300032866,5,9,2023,2025-12-05 14:00:00,1,72,72003,1,9,1,3,Rd 23 (Rte),47.96505236,0.13188958
202300032867,6,9,2023,2025-12-05 21:45:00,5,69,69266,2,2,1,3,Rue Edouard Aynard,45.76061,4.87622
202300032868,13,12,2023,2025-12-05 13:30:00,1,69,69142,2,1,1,3,Quai Jean-Jacques Rousseau,45.7449,4.81311
202300032869,3,9,2023,2025-12-05 18:10:00,1,69,69264,2,6,1,1,Chemin Des Rousses,45.99459,4.70723
202300032870,5,9,2023,2025-12-05 07:40:00,1,67,67180,2,2,1,1,Nessel (Bld),48.813513,7.784059
202300032871,13,12,2023,2025-12-05 19:28:00,3,2B,2B120,2,1,1,3,11 - Rt,42.66279,9.44254
202300032872,6,9,2023,2025-12-05 11:38:00,1,64,64260,2,1,1,3,Port (Rue Du),43.35885,-1.77726
202300032873,12,12,2023,2025-12-05 17:25:00,2,971,97101,1,1,1,2,Rn1 Rocade De Chauvel,16.24272,-61.52253
202300032874,6,9,2023,2025-12-05 12:20:00,1,64,64445,2,1,1,6,Buros De,43.31326,-0.34993
202300032875,6,9,2023,2025-12-05 17:30:00,1,64,64122,2,3,1,3,"""Kennedy (Avenue Du President J,F)""",43.46396,-1.55214
202300032876,13,12,2023,2025-12-05 17:10:00,3,91,91377,2,1,2,6,Av Du President J F Kennedy,48.73815,2.297209
202300032877,6,9,2023,2025-12-05 18:00:00,1,63,63113,2,1,1,3,Belloy (Rue Du),45.78439209,3.08009058
202300032878,6,9,2023,2025-12-05 01:05:00,3,59,59350,2,1,1,3,Solferino Rue Ndeg110 - 206,50.63087315,3.05553029
202300032879,13,12,2023,2025-12-05 17:40:00,5,91,91191,2,1,1,3,Leon Jouhaux (Avenue),48.72222,2.46963
202300032880,5,9,2023,2025-12-05 08:00:00,1,56,56121,2,1,1,1,Verdun (Rue  De ),47.76023,-3.36567
202300032881,5,9,2023,2025-12-05 07:00:00,2,56,56121,2,1,1,6,Gaulle ( Ave Du General De ),47.74139,-3.37276
202300032882,13,12,2023,2025-12-05 00:00:00,3,91,91600,1,1,2,3,Rte Nationale 6,48.6731,2.50255
202300032883,6,9,2023,2025-12-05 01:00:00,5,51,51454,2,3,1,6,Leclerc (Boulevard Du General),49.25600521,4.02429443
202300032884,5,9,2023,2025-12-05 18:22:00,1,49,49007,2,8,7,6,Alsace,47.4697,-0.5495
202300032885,13,12,2023,2025-12-05 07:40:00,5,90,90010,2,3,2,6,Juin (Avenue Du Marechal),47.644,6.84056
202300032886,4,9,2023,2025-12-05 22:15:00,5,49,49007,2,1,1,7,Mirabeau,47.4597,-0.5496
202300032887,13,12,2023,2025-12-05 14:55:00,1,89,89387,2,3,1,3,Bourrienne (Rue De),48.2053,3.29248
202300032888,6,9,2023,2025-12-05 07:50:00,1,45,45234,2,2,1,2,10 Boulevard Guy-Marie Riobe,47.91353,1.90988
202300032889,5,9,2023,2025-12-05 18:40:00,1,41,41018,2,1,1,1,Besnard (Quai Ulysse),47.57811,1.32122
202300032890,12,12,2023,2025-12-05 07:54:00,5,80,80001,2,6,2,3,Route D'Amiens,50.100965,1.857925
202300032891,6,9,2023,2025-12-05 08:00:00,1,38,38185,2,2,1,3,Joseph Vallier (Boulevard),45.18032,5.71144
202300032892,6,9,2023,2025-12-05 18:35:00,1,37,37261,2,3,7,3,Grammont (Avenue De),47.38678,0.6903
202300032893,4,9,2023,2025-12-05 09:45:00,1,35,35206,1,1,1,6,Porte Alma,48.08023172,-1.68019205
202300032894,6,9,2023,2025-12-05 13:45:00,1,33,33069,2,2,1,3,Boulevard Godard,44.86247253,-0.58469206
202300032895,6,9,2023,2025-12-05 07:50:00,1,33,33522,2,1,1,2,Cours De La Liberation,44.8031,-0.5932
202300032896,6,9,2023,2025-12-05 07:45:00,1,31,31565,2,3,1,1,Bout Du Puy (Rue Du),43.094198,0.709443
202300032897,13,12,2023,2025-12-05 08:05:00,2,77,77215,2,9,1,3,Bd Victor Hugo,48.73979,2.72376
202300032898,13,12,2023,2025-12-05 03:00:00,5,77,77122,2,1,2,6,Rue Des Roches,48.67125,2.55838
202300032899,5,9,2023,2025-12-05 12:50:00,1,27,27229,2,3,1,3,Luxembourg (Rue Du),49.03088,1.18493
202300032900,6,9,2023,2025-12-05 06:00:00,3,22,22187,1,1,1,6,Rn12,48.54606,-2.78623
202300032901,13,12,2023,2025-12-05 19:15:00,5,77,77449,2,2,2,1,Av Bernard De Jussieu,48.83520774,2.78295433
202300032902,6,9,2023,2025-12-05 09:31:00,1,21,21231,2,3,7,6,Mariotte (Rue),47.32212079,5.031276
202300032903,13,12,2023,2025-12-05 20:10:00,5,76,76540,2,2,2,3,Rue Saint Filleul,49.4470007,1.06980121
202300032904,6,9,2023,2025-12-05 08:08:00,1,21,21231,2,1,1,6,Barbe (Place),47.32888049,5.03863421
202300032905,13,12,2023,2025-12-05 12:20:00,1,76,76540,2,5,2,6,Quai Du Havre (Haut),49.4409,1.0825
202300032906,6,9,2023,2025-12-05 07:35:00,1,21,21054,2,2,1,3,Saint-Jacques (Boulevard),47.02074,4.83759
202300032907,13,12,2023,2025-12-05 08:30:00,1,76,76351,2,3,1,3,Jean Baptiste Eyries,49.49488,0.1163
202300032908,3,9,2023,2025-12-05 19:30:00,1,19,19031,2,2,1,2,Semard (Avenue Pierre) A Partir De Ndeg 75,45.15738,1.52372
202300032909,3,9,2023,2025-12-05 17:35:00,1,19,19031,2,3,1,3,Latrade (Rue Louis),45.16222,1.53064
202300032910,13,12,2023,2025-12-05 19:30:00,4,73,73065,2,2,3,3,Roissard Charles (Quai),45.56909502,5.91952533
202300032911,2,9,2023,2025-12-05 08:28:00,1,18,18213,2,9,7,6,10 Avenue Du General De Gaulle,47.09899,2.48218
202300032912,13,12,2023,2025-12-05 18:30:00,5,69,69282,2,2,2,3,Rue D'Aquitaine,45.76372,5.00252
202300032913,12,12,2023,2025-12-05 10:44:00,1,69,69199,2,1,2,6,Rue Danielle Casanova,45.71031,4.86264
202300032914,6,9,2023,2025-12-05 19:00:00,2,75,75118,2,1,1,4,Porte De Clignancourt,48.901104,2.346646
202300032915,13,12,2023,2025-12-05 17:25:00,5,68,68166,2,1,2,6,Mulhouse (Faubourg De),47.790295,7.334371
202300032916,13,12,2023,2025-12-05 12:10:00,1,66,66136,2,1,1,6,Avenue General Gilles,42.69767,2.92601
202300032917,6,9,2023,2025-12-05 09:10:00,1,75,75113,2,1,1,3,Porte D Italie,48.816833,2.364982
202300032918,13,12,2023,2025-12-05 08:40:00,1,64,64545,2,1,3,1,Bretelle De Lautoroute Rd 913,43.37625,-1.6864
202300032919,5,9,2023,2025-12-05 18:12:00,1,75,75107,2,3,1,3,Quai Anatole France,48.861103,2.324175
202300032920,5,9,2023,2025-12-05 15:03:00,1,75,75119,2,1,1,6,Boulevard De La Villette,48.872528,2.376559
202300032921,13,12,2023,2025-12-05 09:15:00,1,64,64445,2,1,2,6,Carnot,43.30385,-0.3684
202300032922,6,9,2023,2025-12-05 16:30:00,1,75,75120,2,2,1,6,Rue Belgrand,48.864663,2.404629
202300032923,12,12,2023,2025-12-05 08:00:00,5,64,64102,2,1,8,6,Marines (Avenue Des Allees),43.49638,-1.48168
202300032924,5,9,2023,2025-12-05 08:45:00,1,75,75116,2,7,1,1,Avenue Du Mahatma Gandhi,48.874113,2.255427
202300032925,10,12,2023,2025-12-05 21:15:00,3,63,63300,1,9,2,7,Jenzat (Rue Du),45.87416,3.13283
202300032926,6,9,2023,2025-12-05 16:55:00,1,75,75115,2,2,1,1,Rue Lecourbe,48.838604,2.289416
202300032927,6,9,2023,2025-12-05 16:39:00,1,75,75113,2,1,1,6,Rue Jenner,48.83587,2.361091
202300032928,13,12,2023,2025-12-05 06:05:00,5,63,63113,2,2,1,3,Bleriot (Avenue Louis),45.78777,3.1395
202300032929,6,9,2023,2025-12-05 11:12:00,1,75,75111,2,2,1,7,Boulevard Richard Lenoir,48.857785,2.370916
202300032930,6,9,2023,2025-12-05 15:30:00,1,75,75110,2,4,1,3,Rue Du Faubourg Saint Martin,48.878893,2.362424
202300032931,7,10,2023,2025-12-05 20:15:00,3,83,83025,1,1,1,6,Rd35,43.507647,5.931158
202300032932,8,10,2023,2025-12-05 18:10:00,1,60,60287,2,1,1,1,Rue Du Houlet,49.607878,3.085359
202300032933,9,10,2023,2025-12-05 08:45:00,1,64,64225,1,1,1,1,Rue De Baretous (Feas) - Cd 919,43.164293,-0.678363
202300032934,7,10,2023,2025-12-05 15:09:00,1,43,43268,2,1,1,2,53 Avenue De La Marne,45.145121,4.126471
202300032935,7,10,2023,2025-12-05 15:15:00,1,43,43203,1,3,1,3,Route De Veyrines,45.165269,4.055935
202300032936,8,10,2023,2025-12-05 18:25:00,1,53,53039,1,1,1,1,Rd 123 Lieu Dit La Jourdanerie,48.151886,-1.004648
202300032937,8,10,2023,2025-12-05 06:30:00,3,21,21715,1,1,1,6,Rd981,47.10986088,4.4189034
202300032938,7,10,2023,2025-12-05 11:12:00,1,28,28405,1,4,1,1,D152,48.759492,1.311858
202300032939,8,10,2023,2025-12-05 17:00:00,1,17,17396,2,1,1,1,Rue Porte Fache,46.23247,-0.885386
202300032940,7,10,2023,2025-12-05 16:35:00,1,30,30185,1,2,1,3,D1,43.734724,4.211444
202300032941,4,10,2023,2025-12-05 16:30:00,1,30,30348,1,6,1,3,Adresse_Inconnue,44.048526,4.148269
202300032942,7,10,2023,2025-12-05 19:05:00,1,48,48080,2,3,1,6,Place De La Halle,44.72619,3.855128
202300032943,9,10,2023,2025-12-05 01:45:00,3,52,52332,1,1,1,6,D240,47.971634,5.545102
202300032944,8,10,2023,2025-12-05 14:45:00,1,52,52135,1,1,1,6,D158,47.917514,5.678644
202300032945,30,9,2023,2025-12-05 17:55:00,2,8,8413,1,1,7,7,Rue Reginald Flack,49.605266,4.19667
202300032946,7,10,2023,2025-12-05 16:10:00,1,4,4112,1,1,1,7,A51,43.807825,5.813017
202300032947,9,10,2023,2025-12-05 09:55:00,1,13,13008,2,1,1,7,Route De Pelissanne,43.661589,5.156145
202300032948,9,10,2023,2025-12-05 05:45:00,5,13,13051,1,6,1,7,D113,43.584595,5.139349
202300032949,8,10,2023,2025-12-05 17:20:00,1,42,42279,2,1,1,6,21 Avenue Gregoire Chapoton,45.501753,4.256757
202300032950,9,10,2023,2025-12-05 03:18:00,3,60,60229,1,1,1,5,"Autoroute A1, Sens L/P, Pk 63+000",49.36598801,2.7038877
202300032951,8,10,2023,2025-12-05 16:17:00,1,60,60024,1,1,1,6,"Autoroute A1, Sens Lille Vers Paris, Pk 67+600",49.406631,2.693946
202300032952,29,7,2023,2025-12-05 14:05:00,1,976,97608,2,4,1,1,Route Des Badamiers,-12.781079,45.278837
202300032953,8,10,2023,2025-12-05 20:20:00,5,973,97311,2,3,1,1,Avenue Christophe Colomb,5.47676,-54.038551
202300032954,7,10,2023,2025-12-05 15:15:00,1,973,97312,1,1,1,7,N1,5.184637,-52.914877
202300032955,7,10,2023,2025-12-05 17:20:00,1,978,97801,2,1,7,6,Rue De Hollande,18.074486,-63.079526
202300032956,8,10,2023,2025-12-05 08:45:00,1,77,77135,1,1,1,7,D201,48.657411,2.952082
202300032957,7,10,2023,2025-12-05 15:10:00,1,95,95438,1,1,1,7,D159,49.132679,1.931577
202300032958,8,10,2023,2025-12-05 11:10:00,1,78,78334,2,3,1,3,D58,48.723971,1.956173
202300032959,8,10,2023,2025-12-05 11:25:00,1,30,30051,1,1,1,6,Le Galissard,44.21835,4.015696
202300032960,5,10,2023,2025-12-05 12:15:00,1,11,11076,2,1,1,6,1 Place De La Gare,43.312763,1.9504
202300032961,8,10,2023,2025-12-05 08:10:00,3,34,34199,1,1,1,7,Route De Tourbes,43.450668,3.40559
202300032962,7,10,2023,2025-12-05 16:18:00,1,6,6134,1,1,1,3,Col De Valferriere (Selle),43.750994,6.730092
202300032963,7,10,2023,2025-12-05 17:10:00,1,6,6039,2,1,1,6,461 Route De Villevieille,43.811425,7.293532
202300032964,6,10,2023,2025-12-05 00:40:00,3,13,13086,2,6,1,2,Avenue Du Repos,43.338166,5.601376
202300032965,9,10,2023,2025-12-05 13:00:00,1,13,13023,2,1,1,1,32 Chemin De Sainte Catherine,43.208734,5.631903
202300032966,8,10,2023,2025-12-05 08:40:00,1,13,13059,1,1,1,7,D96,43.620932,5.506591
202300032967,6,10,2023,2025-12-05 14:25:00,1,26,26002,1,1,1,2,Autoroute A7 Pk033+000 Sens S/N,45.242745,4.840336
202300032968,8,10,2023,2025-12-05 12:17:00,1,71,71026,1,1,1,6,D906,46.67213,4.871085
202300032969,7,10,2023,2025-12-05 19:15:00,5,21,21590,2,1,1,6,Route De Bouilland,47.067137,4.807227
202300032970,8,10,2023,2025-12-05 18:00:00,1,68,68247,1,1,1,7,Route Departementale 27,47.940727,7.006273
202300032971,8,10,2023,2025-12-05 17:05:00,1,68,68069,1,1,1,1,D2,47.958404,7.476325
202300032972,8,10,2023,2025-12-05 19:15:00,2,73,73186,1,1,1,1,D128B - Route Du Plan Dernier,45.785654,6.549363
202300032973,8,10,2023,2025-12-05 13:15:00,1,73,73005,1,1,1,6,D59A - Aillon-Le-Vieux,45.653258,6.076148
202300032974,9,10,2023,2025-12-05 16:30:00,1,44,44035,2,1,1,1,51 Rue Herve Le Guyader,47.287117,-1.557138
202300032975,9,10,2023,2025-12-05 00:30:00,3,38,38407,1,1,1,7,1338 Route Du Col,45.33358,5.659145
202300032976,8,10,2023,2025-12-05 19:00:00,1,26,26235,1,2,1,2,Rue Pierre Larousse,44.361043,4.686425
202300032977,8,10,2023,2025-12-05 12:40:00,1,7,7264,1,1,1,7,Route Departementale 290,44.322159,4.5504
202300032978,5,10,2023,2025-12-05 18:25:00,1,1,1262,2,1,1,6,Rue Des Marronniers,45.851101,5.060875
202300032979,8,10,2023,2025-12-05 08:05:00,1,69,69204,2,3,1,3,28 Rue Des Collonges,45.693321,4.797619
202300032980,6,10,2023,2025-12-05 10:15:00,1,81,81219,1,1,1,7,D92,43.573022,2.019403
202300032981,4,10,2023,2025-12-05 19:30:00,5,81,81140,1,4,1,3,Route De Caraman,43.680454,1.814911
202300032982,6,10,2023,2025-12-05 21:15:00,5,31,31187,2,2,1,1,Avenue De La Gare,43.533986,1.236492
202300032983,6,10,2023,2025-12-05 21:25:00,3,33,33435,1,1,1,5,D1113,44.570559,-0.216988
202300032984,7,10,2023,2025-12-05 17:20:00,1,14,14325,1,3,7,3,Rue De La Croix Rose,49.284058,-0.329976
202300032985,8,10,2023,2025-12-05 20:20:00,3,22,22093,1,2,1,2,Route De Tremilliac,48.472324,-2.533518
202300032986,7,10,2023,2025-12-05 13:10:00,1,35,35343,1,1,1,6,La Lande De Pussac,47.85114555,-1.56415969
202300032987,8,10,2023,2025-12-05 14:50:00,1,76,76495,2,2,1,3,Rue Bezuel,49.569328,0.952806
202300032988,8,10,2023,2025-12-05 11:30:00,1,60,60581,2,2,1,3,Rue Jean Moulin,49.510526,2.439045
202300032989,7,10,2023,2025-12-05 16:11:00,1,13,13211,1,1,1,2,A50-Sens Marseille Vers Aubagne,43.29273,5.47667
202300032990,8,10,2023,2025-12-05 07:50:00,2,13,13210,1,1,1,6,A50-Sens Aubagne Vers Marseille,43.28677,5.43306
202300032991,7,10,2023,2025-12-05 12:36:00,1,13,13085,1,1,1,2,A50-Sens Aubagne Vers Toulon,43.25770567,5.59258189
202300032992,7,10,2023,2025-12-05 00:00:00,5,13,13212,1,1,1,2,A507 Sens Marseille - Aubagne,43.30207,5.42436
202300032993,8,10,2023,2025-12-05 11:35:00,1,33,33550,1,1,1,2,Rocade A 630,44.77910364,-0.55226684
202300032994,8,10,2023,2025-12-05 12:28:00,1,94,94038,1,1,1,2,A6A,48.77779858,2.34644477
202300032995,8,10,2023,2025-12-05 10:30:00,1,91,91689,1,1,1,5,Autoroute A6B,48.74588,2.32413
202300032996,8,10,2023,2025-12-05 02:34:00,3,91,91689,1,1,1,2,Autoroute A6A,48.7456,2.32526
202300032997,7,10,2023,2025-12-05 18:44:00,1,94,94034,1,1,1,3,A6A,48.75691382,2.33507254
202300032998,8,10,2023,2025-12-05 16:00:00,1,93,93007,1,1,1,2,Autoroute A3,48.92069124,2.47959998
202300032999,8,10,2023,2025-12-05 15:05:00,1,93,93066,1,1,1,3,Autoroute A1,48.92865,2.35891
202300033000,8,10,2023,2025-12-05 10:00:00,1,93,93029,1,1,1,2,Autoroute A86,48.92501602,2.42564723
202300033001,7,10,2023,2025-12-05 20:45:00,3,93,93005,1,1,1,2,Autoroute A1,48.96267,2.47068
202300033002,7,10,2023,2025-12-05 10:10:00,1,93,93078,1,1,1,2,Autoroute A104,48.95866,2.52701
202300033003,7,10,2023,2025-12-05 20:40:00,3,95,95500,1,1,1,2,A15,49.0408254,2.08207548
202300033004,8,10,2023,2025-12-05 17:05:00,1,94,94018,1,1,1,3,A4,48.82318581,2.39579469
202300033005,31,7,2023,2025-12-05 19:00:00,2,73,73183,1,1,1,1,D19,45.52384361,5.9714777
202300033006,7,10,2023,2025-12-05 02:35:00,5,974,97416,2,1,1,2,Rn2 (2),-21.35336,55.51013
202300033007,7,10,2023,2025-12-05 19:45:00,3,974,97411,1,1,1,6,Vinh-San (Bld 1 Du Prince),-20.8878,55.4429
202300033008,6,10,2023,2025-12-05 18:00:00,1,973,97302,2,1,1,6,Cesaire (Cite),4.93202789,-52.32170239
202300033009,6,10,2023,2025-12-05 09:25:00,1,973,97302,2,1,1,6,Barrat (Du Docteur),4.93756,-52.32836
202300033010,7,10,2023,2025-12-05 18:20:00,1,69,69388,2,1,1,6,Boulevard Des Etats-Unis,45.72591993,4.87046629
202300033011,7,10,2023,2025-12-05 11:35:00,1,69,69034,2,1,1,2,Montee Des Soldats,45.79268,4.86024
202300033012,7,10,2023,2025-12-05 07:40:00,1,69,69389,2,2,1,3,Rue Laure Diebold,45.77863,4.79821
202300033013,7,10,2023,2025-12-05 17:00:00,1,95,95427,2,2,1,3,Jules Ferry (Rue),48.96294783,2.33895734
202300033014,7,10,2023,2025-12-05 19:00:00,1,95,95127,1,9,1,4,N14,49.05569089,2.04818845
202300033015,6,10,2023,2025-12-05 17:51:00,1,91,91549,1,9,1,6,Corbeil (Route De),48.63858,2.33479
202300033016,7,10,2023,2025-12-05 11:40:00,1,91,91201,2,1,1,2,Rue Eugene Delacroix,48.67772,2.4226
202300033017,6,10,2023,2025-12-05 19:15:00,5,78,78551,2,2,1,3,Ampere,48.900464,2.080163
202300033018,7,10,2023,2025-12-05 09:55:00,1,78,78440,2,1,1,3,Avenue De La Republique,48.98621,1.92058
202300033019,7,10,2023,2025-12-05 18:30:00,1,77,77215,2,1,1,6,Rue Francois Couperin,48.73624,2.73419
202300033020,7,10,2023,2025-12-05 18:00:00,1,77,77079,2,6,1,6,Pl De L'Europe,48.40579,2.79906
202300033021,7,10,2023,2025-12-05 17:05:00,1,77,77285,2,1,1,3,Bois Guyot (Rue Du),48.53802,2.6228
202300033022,6,10,2023,2025-12-05 18:34:00,2,77,77307,2,1,7,6,Rue De Rome,48.85896,2.75786
202300033023,7,10,2023,2025-12-05 21:50:00,5,73,73011,2,1,1,6,D990 Hugo (Avenue Victor),45.67218,6.38235
202300033024,7,10,2023,2025-12-05 20:41:00,5,72,72181,1,9,1,3,Beauregard (Rue De),48.0285,0.1796
202300033025,7,10,2023,2025-12-05 19:40:00,5,69,69290,2,6,1,1,Rue De L'Aviation,45.70664,4.94031
202300033026,7,10,2023,2025-12-05 18:00:00,1,69,69029,2,3,1,1,Route De Genas,45.7501555,4.91141292
202300033027,6,10,2023,2025-12-05 16:30:00,1,69,69290,2,3,1,6,12 Avenue Jean Jaures,45.69693,4.94074
202300033028,7,10,2023,2025-12-05 00:12:00,4,69,69290,2,6,1,6,Route De Grenoble,45.71779,4.94948
202300033029,3,10,2023,2025-12-05 17:29:00,1,68,68149,2,1,1,6,Abbatucci ( Rue Et Place ),47.59308,7.58332
202300033030,7,10,2023,2025-12-05 17:00:00,1,67,67482,2,1,1,6,Champ De Manoeuvre (Rue Du),48.60211,7.71135
202300033031,7,10,2023,2025-12-05 15:30:00,1,67,67482,2,3,1,3,General De Gaulle (Avenue Du),48.58092,7.76979
202300033032,6,10,2023,2025-12-05 17:45:00,1,64,64189,2,1,1,1,Benoit Pierre (Boulevard),43.3888,-1.6806
202300033033,7,10,2023,2025-12-05 15:05:00,1,63,63113,2,6,1,3,Quinet / Kennedy,45.80362,3.11909
202300033034,7,10,2023,2025-12-05 02:43:00,3,62,62895,1,9,1,6,D 165,50.48429346,2.84580231
202300033035,8,10,2023,2025-12-05 00:35:00,5,59,59163,2,1,1,6,Jaures (Rue Jean),50.67847,3.15572
202300033036,7,10,2023,2025-12-05 18:00:00,1,59,59299,2,1,1,6,Ribot (Rue Alexandre),50.66521,3.18975
202300033037,7,10,2023,2025-12-05 10:10:00,1,59,59350,2,1,1,3,Lambret Oscar Avenue,50.6168,3.03397
202300033038,7,10,2023,2025-12-05 11:25:00,1,54,54304,2,2,1,2,Boulevard Des Aiguillettes,48.67934869,6.1425215
202300033039,7,10,2023,2025-12-05 04:25:00,3,54,54382,1,1,5,2,52 (Route Nationale),49.55089,5.7889
202300033040,8,10,2023,2025-12-05 00:44:00,5,49,49007,2,3,1,7,Parcheminerie,47.47364,-0.55304
202300033041,7,10,2023,2025-12-05 19:49:00,5,45,45234,2,6,1,1,1 Boulevard Saint-Euverte,47.90111,1.91922
202300033042,7,10,2023,2025-12-05 03:15:00,3,45,45274,1,6,1,6,D951 Pr 86 + 773,47.86835,1.95742
202300033043,6,10,2023,2025-12-05 16:40:00,1,44,44184,2,1,1,6,33 Rue De La Paix Et Des Arts,47.27686,-2.21207
202300033044,7,10,2023,2025-12-05 09:25:00,1,38,38053,2,1,1,2,Liberation,45.598,5.27395
202300033045,6,10,2023,2025-12-05 17:20:00,1,33,33119,2,3,1,3,Avenue Des Quatre Pavillons,44.86288,-0.51673
202300033046,18,1,2023,2025-12-05 08:28:00,1,10,10362,1,6,1,3,Cd60,48.30213,4.02448
202300033047,12,1,2023,2025-12-05 20:01:00,5,10,10387,2,2,8,3,Victor Hugo (Rue),48.29133484,4.07098442
202300033048,6,10,2023,2025-12-05 18:20:00,1,33,33529,2,1,1,3,Leclerc (Ave Du Gal) Du 02 Et +,44.638822,-1.145904
202300033049,19,1,2023,2025-12-05 10:30:00,1,4,4112,2,3,6,7,Premier Mai Av.Du),43.82114,5.79825
202300033050,19,1,2023,2025-12-05 20:15:00,4,1,1014,2,1,8,3,Point B (Rue Du),46.28396,5.66909
202300033051,19,1,2023,2025-12-05 03:47:00,5,75,75114,2,1,1,6,Porte D Orleans,48.819228,2.329614
202300033052,19,1,2023,2025-12-05 18:48:00,5,75,75116,2,2,2,6,Boulevard Exelmans,48.843024,2.260105