num_acc,jour,mois,an,hrmn,lum,dep,com,agg,int,atm,col,adr,lat,long
202300033053,7,10,2023,2025-12-05 22:00:00,5,31,31555,2,2,1,3,Av De Fronton,43.6365,1.4333
202300033054,18,1,2023,2025-12-05 20:05:00,5,75,75105,2,2,1,3,Boulevard Saint Germain,48.851386,2.343172
202300033055,7,10,2023,2025-12-05 07:52:00,1,31,31555,2,1,1,6,Rte De Saint Simon,43.577399,1.38949
202300033056,17,1,2023,2025-12-05 21:20:00,5,75,75105,2,4,1,3,Boulevard Saint Michel,48.840861,2.337333
202300033057,18,1,2023,2025-12-05 18:20:00,5,75,75120,2,4,2,6,Rue Belgrand,48.864638,2.405585
202300033058,19,1,2023,2025-12-05 15:50:00,1,75,75119,2,3,1,3,Rue De Meaux,48.882199,2.374522
202300033059,18,1,2023,2025-12-05 22:50:00,5,75,75119,2,2,8,6,Rue Riquet,48.889703,2.368129
202300033060,7,10,2023,2025-12-05 10:03:00,1,27,27229,2,6,1,3,Fauville (Rue De),49.028436,1.184315
202300033061,19,1,2023,2025-12-05 11:20:00,1,75,75109,2,3,1,1,Rue Des Martyrs,48.878914,2.339831
202300033062,6,10,2023,2025-12-05 18:40:00,1,27,27229,2,1,1,6,Septieme Chasseur (Rue Du),49.02817,1.14616
202300033063,19,1,2023,2025-12-05 18:25:00,5,75,75116,2,3,4,6,Boulevard Lannes,48.868832,2.273532
202300033064,19,1,2023,2025-12-05 20:40:00,5,75,75115,2,1,2,3,Rue Fremicourt,48.847621,2.299663
202300033065,7,10,2023,2025-12-05 17:00:00,1,26,26198,1,9,1,6,Route De Chateauneuf,44.53092,4.73641
202300033066,19,1,2023,2025-12-05 19:10:00,5,75,75115,2,3,2,7,Rue De La Croix Nivert,48.843735,2.295885
202300033067,19,1,2023,2025-12-05 04:00:00,5,75,75114,2,4,1,2,Boulevard Adolphe Pinard,48.824419,2.304796
202300033068,7,10,2023,2025-12-05 06:20:00,3,22,22278,2,1,1,3,Harel-De-La-Noe (Bd),48.51975,-2.74768
202300033069,6,10,2023,2025-12-05 23:45:00,3,18,18279,2,1,1,7,Rue France Bloch-Serazin,47.206937,2.077794
202300033070,18,1,2023,2025-12-05 16:10:00,1,75,75114,2,7,1,3,Place Denfert Rochereau,48.834969,2.331763
202300033071,19,1,2023,2025-12-05 20:50:00,5,75,75112,2,2,2,3,Rue Joseph Kessel,48.833763,2.382569
202300033072,7,10,2023,2025-12-05 16:40:00,1,15,15014,2,1,1,6,Republique (Avenue De La),44.92706,2.44094
202300033073,19,1,2023,2025-12-05 18:40:00,5,75,75109,2,2,2,3,Rue Chauchat,48.874106,2.339766
202300033074,6,10,2023,2025-12-05 17:55:00,1,14,14242,2,1,1,2,21 Rue De Lebisey,49.221821,-0.363826
202300033075,18,1,2023,2025-12-05 13:30:00,1,75,75108,2,1,1,6,Rue De Saint Petersbourg,48.882719,2.326393
202300033076,19,1,2023,2025-12-05 15:40:00,1,75,75102,2,2,1,6,Boulevard De Sebastopol,48.86442,2.351493
202300033077,18,1,2023,2025-12-05 11:00:00,1,94,94078,2,3,1,1,Avenue Du 8 Mai 1945 / Pont De Villeneuve Le Roi,48.72776,2.4457
202300033078,7,10,2023,2025-12-05 17:25:00,1,13,13210,2,1,1,1,L Armee D Afrique (Chemin De L'),43.28654531,5.415872
202300033079,19,1,2023,2025-12-05 10:45:00,1,94,94043,2,2,1,3,Rue Gabriel Peri,48.80482,2.34476
202300033080,19,1,2023,2025-12-05 13:45:00,1,94,94022,2,1,1,6,Rue Georges Clemenceau,48.767217,2.407271
202300033081,7,10,2023,2025-12-05 18:20:00,1,13,13209,2,3,1,1,Michelet (Boulevard),43.25316,5.40224
202300033082,19,1,2023,2025-12-05 08:18:00,2,94,94022,2,1,4,2,9 Avenue Jean Jaures,48.76456,2.406535
202300033083,7,10,2023,2025-12-05 10:15:00,1,13,13055,2,1,1,6,Saint Pierre (Rue),43.29238,5.40126
202300033084,19,1,2023,2025-12-05 15:35:00,1,94,94017,2,1,1,3,36 Rue Louis Talamoni,48.81307033,2.51282483
202300033085,7,10,2023,2025-12-05 09:40:00,1,13,13205,2,1,1,3,Jean Moulin (Boulevard),43.28898,5.40015
202300033086,17,1,2023,2025-12-05 16:30:00,1,93,93039,2,2,1,3,Rue Mechin / Avenue Jean Jaures,48.935743,2.338611
202300033087,19,1,2023,2025-12-05 00:20:00,5,93,93064,2,1,8,6,Rue Du General Leclerc,48.86830939,2.49180168
202300033088,6,10,2023,2025-12-05 22:20:00,3,13,13047,1,1,1,1,Rn 569,43.51645,4.96385
202300033089,19,1,2023,2025-12-05 08:35:00,1,93,93031,2,1,1,3,Avenue Jean Jaures,48.95305387,2.31600702
202300033090,7,10,2023,2025-12-05 15:10:00,1,10,10387,2,1,1,6,Avenue Des Lombards,48.27013,4.0822
202300033091,18,1,2023,2025-12-05 18:50:00,5,93,93010,2,6,2,2,Rue Du Verger,48.91815001,2.47684888
202300033092,19,1,2023,2025-12-05 19:13:00,5,93,93007,2,2,2,3,Avenue Paul Vaillant Couturier / Avenue Danielle Casanova,48.92689,2.47219
202300033093,7,10,2023,2025-12-05 12:19:00,1,10,10081,2,3,1,3,Moulin (Rue Du),48.30819,4.03504
202300033094,18,1,2023,2025-12-05 13:30:00,1,92,92073,2,1,1,6,Verdun (Rue De),48.87220276,2.22853214
202300033095,19,1,2023,2025-12-05 08:05:00,4,92,92050,2,1,1,6,Commune De Paris Avenue De La,48.89976,2.19955
202300033096,7,10,2023,2025-12-05 20:55:00,5,6,6088,2,5,1,3,Mercantour (Bd),43.681969,7.198893
202300033097,19,1,2023,2025-12-05 20:00:00,5,92,92048,2,2,2,7,Gardes (Route Des) Ndeg 5 A 51,48.81886363,2.23464578
202300033098,18,1,2023,2025-12-05 19:24:00,5,92,92024,2,1,9,7,Madame De Sanzillon (Rue),48.90362,2.31864
202300033099,7,10,2023,2025-12-05 22:45:00,5,6,6123,2,3,1,3,De Gaulle General Avenue,43.6671,7.1925
202300033100,19,1,2023,2025-12-05 21:18:00,5,92,92012,2,2,2,3,Reine (Route De La) 82/Fin - 107Ter/Fin,48.83971191,2.23976952
202300033101,19,1,2023,2025-12-05 18:30:00,5,92,92012,2,1,1,2,Auteuil (Boulevard D') - Cote Impair,48.84613,2.24814
202300033102,7,10,2023,2025-12-05 21:00:00,5,75,75118,2,1,1,2,Porte De Saint Ouen,48.900787,2.338559
202300033103,18,1,2023,2025-12-05 21:40:00,5,92,92002,2,9,2,6,Division Leclerc (53 A 217 - 58 A 186),48.73861,2.30205
202300033104,18,1,2023,2025-12-05 17:32:00,2,13,13215,1,1,1,7,A7-Sens Lyon Vers Marseille,43.379,5.355
202300033105,6,10,2023,2025-12-05 17:10:00,1,75,75118,2,1,1,2,Porte D Aubervilliers,48.90086,2.365712
202300033106,19,1,2023,2025-12-05 07:00:00,3,83,83069,1,1,1,6,A570,43.11537,6.11426
202300033107,18,1,2023,2025-12-05 07:22:00,3,69,69297,1,1,1,3,Autoroute 7,45.62081285,4.81335354
202300033108,6,10,2023,2025-12-05 16:00:00,1,75,75119,2,1,1,5,Porte De Pantin,48.896021,2.394351
202300033109,19,1,2023,2025-12-05 17:42:00,4,33,33487,1,1,3,2,Autoroute A 10,44.95442,-0.45581
202300033110,19,1,2023,2025-12-05 16:25:00,1,91,91553,1,1,1,6,Rn 104,48.631438,2.504346
202300033111,7,10,2023,2025-12-05 00:55:00,5,75,75108,2,2,1,3,Rue Des Mathurins,48.873307,2.3243
202300033112,19,1,2023,2025-12-05 12:35:00,1,94,94076,1,1,1,3,A6B,48.79309594,2.34508279
202300033113,4,10,2023,2025-12-05 14:00:00,1,75,75106,2,2,1,7,Boulevard Raspail,48.845227,2.328535
202300033114,7,10,2023,2025-12-05 20:25:00,5,75,75120,2,3,1,6,Rue Saint Blaise,48.859696,2.404855
202300033115,7,10,2023,2025-12-05 16:45:00,1,75,75120,2,1,1,6,Boulevard Davout,48.863697,2.408635
202300033116,19,1,2023,2025-12-05 07:50:00,2,94,94034,1,1,8,4,A86,48.76061147,2.31935953
202300033117,7,10,2023,2025-12-05 16:30:00,1,75,75119,2,2,1,3,Avenue Corentin Cariou,48.895845,2.383548
202300033118,7,10,2023,2025-12-05 01:15:00,5,75,75118,2,2,1,1,Rue Ordener,48.890236,2.359905
202300033119,19,1,2023,2025-12-05 07:40:00,3,94,94003,1,1,8,3,A6A,48.80756471,2.34094016
202300033120,7,10,2023,2025-12-05 08:40:00,1,75,75117,2,2,1,3,Avenue Niel,48.881957,2.295914
202300033121,6,10,2023,2025-12-05 13:00:00,1,75,75116,2,3,1,3,Avenue Alphonse Xiii,48.85621,2.281649
202300033122,19,1,2023,2025-12-05 20:30:00,5,93,93006,1,1,1,6,Autoroute A3,48.86425,2.41412
202300033123,7,10,2023,2025-12-05 21:00:00,5,75,75115,2,2,1,6,Rue Olivier De Serres,48.836137,2.297234
202300033124,7,10,2023,2025-12-05 10:41:00,1,75,75114,2,3,1,6,Avenue Paul Appell,48.821684,2.326675
202300033125,19,1,2023,2025-12-05 13:30:00,1,93,93066,1,1,1,3,Autoroute A86,48.92279781,2.35128419
202300033126,6,10,2023,2025-12-05 06:40:00,5,75,75114,2,2,1,3,Avenue Du General Leclerc,48.829591,2.3284
202300033127,6,10,2023,2025-12-05 23:15:00,5,75,75112,2,1,1,2,Quai De Bercy,48.830938,2.385598
202300033128,7,10,2023,2025-12-05 22:00:00,5,75,75111,2,2,1,6,Rue Rampon,48.866018,2.366325
202300033129,19,1,2023,2025-12-05 15:10:00,1,95,95018,1,1,1,6,A15,48.95967623,2.27188361
202300033130,7,10,2023,2025-12-05 00:35:00,5,75,75110,2,1,1,2,Rue Yves Toudic,48.86886,2.364678
202300033131,7,10,2023,2025-12-05 17:31:00,1,75,75107,2,1,1,6,Port De Solferino,48.861063,2.325152
202300033132,7,10,2023,2025-12-05 16:05:00,1,75,75107,2,3,1,6,Boulevard Des Invalides,48.847932,2.315975
202300033133,7,10,2023,2025-12-05 14:50:00,1,75,75103,2,2,1,6,Rue Rambuteau,48.861818,2.350892
202300033134,7,10,2023,2025-12-05 02:50:00,5,94,94081,2,9,1,6,Avenue Henri Barbusse,48.79277,2.39133
202300033135,19,1,2023,2025-12-05 06:30:00,3,95,95277,1,1,1,5,A3,48.97065,2.48255
202300033136,7,10,2023,2025-12-05 15:45:00,1,94,94074,2,1,1,2,Avenue Henri Barbusse,48.77002988,2.44049084
202300033137,7,10,2023,2025-12-05 12:46:00,1,94,94055,2,1,1,3,Avenue Du General De Gaulle,48.79176382,2.53296764
202300033138,6,10,2023,2025-12-05 16:50:00,1,94,94068,2,2,7,3,Rue Du Docteur Roux,48.78728,2.48843
202300033139,7,10,2023,2025-12-05 23:20:00,5,94,94042,1,1,1,6,Boulevard De L'Europe,48.814248,2.464247
202300033140,19,1,2023,2025-12-05 14:40:00,1,94,94018,1,1,1,4,A4,48.8214243,2.39921053
202300033141,7,10,2023,2025-12-05 17:00:00,1,94,94021,2,1,1,6,43 Av Du Pdt Franklin Roosevelt,48.771329,2.361179
202300033142,7,10,2023,2025-12-05 17:00:00,1,94,94022,2,1,1,6,Avenue Du Docteur Charcot,48.76932552,2.41565216
202300033143,19,1,2023,2025-12-05 08:00:00,3,94,94073,1,1,1,2,A86,48.77107455,2.38866733
202300033144,7,10,2023,2025-12-05 19:20:00,1,94,94070,1,1,1,2,Rte De Paris,48.72316,2.56049
202300033145,7,10,2023,2025-12-05 12:50:00,1,93,93049,2,3,1,6,Boulevard Gallieni / Rue Du Bac,48.85273,2.51331
202300033146,7,10,2023,2025-12-05 13:50:00,1,93,93074,2,3,1,6,Rue De Meaux / Allee Eugene Burlot,48.93411,2.56245
202300033147,7,10,2023,2025-12-05 16:05:00,1,93,93014,2,1,1,2,Allee De Coubron,48.912298,2.550966
202300033148,7,10,2023,2025-12-05 19:10:00,1,93,93010,2,1,1,6,Allee Des Alouettes,48.893203,2.496082
202300033149,7,10,2023,2025-12-05 18:15:00,1,93,93007,2,1,1,6,Allee Salomon De Brosse,48.948259,2.44998
202300033150,17,1,2023,2025-12-05 06:55:00,1,974,97411,2,1,1,3,Rostand (Rue Edmond),-20.88702,55.46974
202300033151,7,10,2023,2025-12-05 18:30:00,1,93,93001,2,1,1,3,Rue Du Landy,48.915248,2.374815
202300033152,6,10,2023,2025-12-05 18:50:00,1,92,92020,2,5,1,3,Vedrines Rue Jules,48.80864583,2.29123458
202300033153,7,10,2023,2025-12-05 15:10:00,1,92,92025,2,1,1,3,Gabriel Peri (Rue),48.91350833,2.22670846
202300033154,16,1,2023,2025-12-05 17:15:00,1,974,97411,2,1,1,6,Maine (Rue Du),-20.90308,55.49162
202300033155,7,10,2023,2025-12-05 15:55:00,1,92,92023,2,4,1,3,Porte De Trivaux (Rue De La) Ndeg1 A 55 Et,48.79155086,2.26318449
202300033156,7,10,2023,2025-12-05 13:00:00,1,92,92004,2,1,1,6,Abbe Lemire De L',48.92541,2.27946
202300033157,18,1,2023,2025-12-05 12:30:00,1,974,97407,1,9,1,3,Anglais (Che Des) - Riviere Des Galets,-20.955,55.31491
202300033158,4,10,2023,2025-12-05 20:00:00,3,39,39543,1,3,1,3,Adresse_Inconnue,46.779647,5.899687
202300033159,18,1,2023,2025-12-05 07:45:00,1,974,97407,2,4,1,3,Say Joseph(Rue),-20.9383,55.2953
202300033160,18,9,2023,2025-12-05 01:20:00,3,974,97415,1,9,1,2,N1,-21.009021,55.277334
202300033161,18,1,2023,2025-12-05 10:00:00,1,69,69383,2,2,2,6,Avenue Marechal De Saxe,45.7625909,4.84515741
202300033162,7,10,2023,2025-12-05 12:15:00,1,50,50237,1,1,1,3,Route De La Bourgeais,48.811032,-1.376123
202300033163,6,10,2023,2025-12-05 18:00:00,2,86,86046,2,6,1,3,Place Michel Gaudineau,46.774089,0.536782
202300033164,18,1,2023,2025-12-05 12:30:00,1,972,97213,1,1,1,2,Autoroute A1,14.61827,-61.02585
202300033165,6,10,2023,2025-12-05 16:30:00,1,52,52114,2,9,1,3,D65,48.031752,4.912906
202300033166,6,10,2023,2025-12-05 19:00:00,3,972,97234,1,1,8,7,D20,14.691609,-61.154757
202300033167,18,1,2023,2025-12-05 08:20:00,1,972,97213,1,1,1,4,Autoroute A1,14.61688,-61.01603
202300033168,18,1,2023,2025-12-05 18:35:00,3,972,97209,1,1,1,2,Rd 41 (Rocade),14.615,-61.0501
202300033169,7,10,2023,2025-12-05 07:05:00,3,76,76167,1,2,5,3,Route De Montivilliers,49.573314,0.155606
202300033170,17,1,2023,2025-12-05 23:20:00,5,972,97209,2,4,1,4,Autoroute (A1),14.6147,-61.04837
202300033171,23,9,2023,2025-12-05 10:40:00,1,1,1353,1,1,1,3,D28,45.964784,4.798488
202300033172,18,1,2023,2025-12-05 11:05:00,1,2B,2B033,2,1,1,3,11 - Rt,42.6889,9.4477
202300033173,13,9,2023,2025-12-05 12:50:00,1,1,1209,1,1,3,3,Route De Geneve,46.110489,5.878458
202300033174,18,1,2023,2025-12-05 14:10:00,1,971,97107,2,1,1,2,Dumanoir ( Allee ),16.03356,-61.56889
202300033175,7,10,2023,2025-12-05 03:40:00,3,22,22067,1,1,1,5,Route Nationale 12 Pr 90+0500,48.54954,-3.16501
202300033176,7,10,2023,2025-12-05 15:30:00,1,30,30209,2,3,1,3,Chemin De La Poste,44.009225,4.783769
202300033177,18,1,2023,2025-12-05 13:50:00,1,91,91657,2,1,1,7,Av Du Pdt Robert Lakota,48.70497,2.41353
202300033178,6,10,2023,2025-12-05 23:40:00,3,83,83017,2,1,1,1,D554,43.250028,5.998492
202300033179,7,10,2023,2025-12-05 10:25:00,1,35,35173,1,2,1,1,Lieu Dit La Garbotais,48.216824,-1.727664
202300033180,18,1,2023,2025-12-05 07:20:00,3,91,91223,1,1,9,4,R.D.20,48.4232,2.1391
202300033181,6,10,2023,2025-12-05 23:50:00,3,56,56057,1,3,1,3,Pont Hellez,48.074043,-3.536611
202300033182,7,10,2023,2025-12-05 12:10:00,1,77,77519,2,1,1,6,39 Rue De La Gare,48.650401,3.409039
202300033183,18,1,2023,2025-12-05 13:35:00,1,85,85191,2,6,1,3,Vc Rue Duchesne De Denant,46.6507,-1.43761
202300033184,7,10,2023,2025-12-05 19:50:00,3,80,80058,1,1,1,5,D1029,49.872437,2.637802
202300033185,14,1,2023,2025-12-05 15:00:00,1,30,30011,1,3,1,5,Route D'Aramon,43.940656,4.773914
202300033186,7,10,2023,2025-12-05 03:00:00,4,80,80416,2,1,1,6,Rue D?Abbeville,49.980016,2.065038
202300033187,8,10,2023,2025-12-05 01:00:00,3,82,82131,1,1,1,6,D20,44.233335,1.445743
202300033188,6,10,2023,2025-12-05 22:25:00,3,65,65268,1,1,1,6,D3,43.144444,0.045673
202300033189,18,1,2023,2025-12-05 13:05:00,1,77,77243,1,1,1,5,D934,48.867522,2.700077
202300033190,5,10,2023,2025-12-05 17:10:00,1,33,33480,1,1,1,4,59 Lieu Dit Les Grandes Versannes,44.884968,-0.199418
202300033191,6,10,2023,2025-12-05 14:58:00,1,11,11206,2,1,7,6,Adresse_Inconnue,43.054235,2.207305
202300033192,10,1,2023,2025-12-05 17:40:00,5,76,76231,2,6,1,6,Rue De Rouen,49.29682783,0.99510024
202300033193,18,1,2023,2025-12-05 23:30:00,5,76,76259,2,3,2,6,Valmont ( Route De),49.7521,0.40951
202300033194,18,1,2023,2025-12-05 10:23:00,1,72,72181,2,1,1,6,Rhin Et Danube (Av) Ndeg Imp 271 A 339,48.021456,0.183621
202300033195,18,1,2023,2025-12-05 06:35:00,5,72,72181,2,2,9,3,Degre (Rue De) Ndeg Pairs De 2 A 78,48.01496,0.1828
202300033196,17,1,2023,2025-12-05 16:40:00,1,72,72181,2,1,1,3,Cugnot Nicolas (Bd),47.99516,0.22381
202300033197,17,1,2023,2025-12-05 09:10:00,1,72,72181,1,1,2,3,Patton General Rte St-Aubin A Rue Klotz,48.02818,0.17588
202300033198,17,1,2023,2025-12-05 08:25:00,2,72,72181,2,1,3,6,Sable (Rte De ),47.99011,0.16839
202300033199,17,1,2023,2025-12-05 08:30:00,1,67,67482,2,3,1,6,Hirondelles (Rue Des),48.54015,7.76786
202300033200,16,1,2023,2025-12-05 19:30:00,5,67,67482,2,1,6,3,Spielmann (Rue),48.57601,7.75298
202300033201,17,1,2023,2025-12-05 13:50:00,1,64,64445,2,1,3,6,Jean Mermoz,43.31532,-0.37792
202300033202,18,1,2023,2025-12-05 03:30:00,5,59,59350,2,2,1,3,Dunkerque Avenue De,50.64451,2.97441
202300033203,17,1,2023,2025-12-05 20:40:00,5,59,59328,2,2,9,3,Hippodrome Av De L Ndeg169 Au 135,50.64096,3.03168
202300033204,17,1,2023,2025-12-05 07:55:00,1,58,58194,2,2,4,6,Lourdes,46.991643,3.153049
202300033205,17,1,2023,2025-12-05 18:25:00,5,56,56098,2,6,8,3,Avenue Salvador Allende,47.75936,-3.32644
202300033206,18,1,2023,2025-12-05 18:06:00,5,54,54257,2,1,1,6,Rue De La Tournelle,48.65352,6.1979
202300033207,17,1,2023,2025-12-05 19:45:00,5,54,54357,2,2,2,6,Avenue De Metz,48.71267,6.16801
202300033208,17,1,2023,2025-12-05 18:35:00,3,54,54328,2,3,4,3,Route De Mirecourt,48.61604,6.17633
202300033209,17,1,2023,2025-12-05 08:25:00,1,54,54395,2,1,1,1,Place Paul Painleve,48.68247,6.16595
202300033210,18,1,2023,2025-12-05 07:10:00,3,50,50129,1,1,1,6,Cd 901,49.65033,-1.71495
202300033211,18,1,2023,2025-12-05 10:05:00,1,50,50129,2,3,1,2,Artisans (Rue Des),49.63601,-1.5904
202300033212,18,1,2023,2025-12-05 11:07:00,1,49,49007,2,1,1,2,Moulin Pont Et Place,47.489,-0.546
202300033213,18,1,2023,2025-12-05 13:50:00,1,45,45234,2,3,7,3,13 Rue De Barbotte,47.88003,1.89967
202300033214,18,1,2023,2025-12-05 07:25:00,4,42,42275,2,3,8,1,Rue De Villars,45.46594,4.37471
202300033215,18,1,2023,2025-12-05 10:45:00,1,38,38423,2,8,3,3,Avenue General Leclerc,45.20876,5.7056
202300033216,18,1,2023,2025-12-05 18:25:00,5,37,37261,2,3,1,6,Jerusalem (Rue De),47.39231,0.68469
202300033217,18,1,2023,2025-12-05 08:40:00,1,37,37261,2,1,1,7,Colombier (Rue),47.42256,0.70626
202300033218,18,1,2023,2025-12-05 17:00:00,2,35,35238,2,3,2,3,Tillon (Avenue Charles),48.12441668,-1.70925647
202300033219,18,1,2023,2025-12-05 11:15:00,1,35,35238,2,1,1,6,Churchill (Avenue Sir Winston),48.12351789,-1.70906335
202300033220,18,1,2023,2025-12-05 10:55:00,1,35,35238,2,1,1,2,Joffre ( Du Marechal),48.10799834,-1.6778411
202300033221,18,1,2023,2025-12-05 08:50:00,1,33,33318,2,5,8,3,Rue Du Pin Vert,44.80948194,-0.62678665
202300033222,15,1,2023,2025-12-05 19:43:00,5,30,30189,2,2,1,3,Arts (Avenue),43.82299,4.33599
202300033223,18,1,2023,2025-12-05 17:00:00,1,29,29232,1,1,1,7,Boulevard De Poulguinan,47.97994,-4.12139
202300033224,18,1,2023,2025-12-05 13:45:00,1,29,29232,2,1,8,6,Rue De La Tourelle,47.98757,-4.09851
202300033225,18,1,2023,2025-12-05 16:10:00,1,25,25462,2,1,4,2,Rocade G.Pompidou ( De 0 A 6),46.90016,6.3577
202300033226,18,1,2023,2025-12-05 07:50:00,2,25,25056,2,1,4,6,Causses Rue Des,47.217646,5.966086
202300033227,18,1,2023,2025-12-05 11:45:00,1,17,17306,2,1,2,6,Hedde (Avenue Daniel),45.635208,-1.02882
202300033228,17,1,2023,2025-12-05 21:00:00,5,13,13204,2,1,1,6,Francoise Duparc (Boulevard),43.30348,5.40093
202300033229,18,1,2023,2025-12-05 12:20:00,1,13,13005,2,1,1,3,Nationale 8 De Paris A Toulon (Route),43.286,5.58801
202300033230,18,1,2023,2025-12-05 08:25:00,1,13,13005,2,3,1,3,Combes (Boulevard Emile),43.28933,5.56833
202300033231,18,1,2023,2025-12-05 18:30:00,2,13,13001,2,1,1,2,Europe (Av),43.52464,5.43029
202300033232,17,1,2023,2025-12-05 12:30:00,1,11,11069,2,1,2,2,440 Rue Magellan,43.235811,2.368179
202300033233,18,1,2023,2025-12-05 07:35:00,5,7,7019,2,6,8,3,Delattre De Tassigny(Avenue),44.61046,4.39
202300033234,18,1,2023,2025-12-05 15:56:00,1,6,6029,2,6,1,6,Riou (Boulevard Du),43.56577,7.00256
202300033235,18,1,2023,2025-12-05 10:50:00,1,6,6030,2,2,1,3,Dunkerque (Rue De),43.56559,7.01523
202300033236,17,1,2023,2025-12-05 04:45:00,5,6,6027,2,1,1,2,Grasse Avenue De,43.660239,7.130255
202300033237,14,1,2023,2025-12-05 17:45:00,5,5,5061,2,2,1,3,Sagnieres ( Rue Des ),44.54971,6.06522
202300033238,16,1,2023,2025-12-05 09:10:00,1,75,75113,2,1,2,2,Boulevard Peripherique,48.817884,2.35351
202300033239,18,1,2023,2025-12-05 20:25:00,5,75,75119,2,7,8,7,Avenue Jean Jaures,48.882785,2.370285
202300033240,18,1,2023,2025-12-05 15:30:00,1,75,75119,2,3,1,6,Rue De Belleville,48.875273,2.395223
202300033241,18,1,2023,2025-12-05 16:00:00,1,75,75117,2,1,1,3,Boulevard Bessieres,48.896502,2.319399
202300033242,18,1,2023,2025-12-05 09:00:00,1,75,75116,2,2,1,2,Rue D Auteuil,48.847989,2.264162
202300033243,18,1,2023,2025-12-05 08:50:00,1,75,75115,2,3,1,7,Rue De Vaugirard,48.836257,2.294397
202300033244,18,1,2023,2025-12-05 18:00:00,5,75,75114,2,1,2,6,Avenue De La Porte De Chatillon,48.823204,2.316007
202300033245,18,1,2023,2025-12-05 20:55:00,5,75,75111,2,2,8,6,Rue Louis Bonnet,48.871126,2.376709
202300033246,18,1,2023,2025-12-05 15:28:00,1,75,75111,2,1,1,3,Boulevard Voltaire,48.86485,2.368307
202300033247,18,1,2023,2025-12-05 09:35:00,1,75,75108,2,1,1,6,Boulevard Malesherbes,48.876119,2.318349
202300033248,18,1,2023,2025-12-05 19:45:00,5,75,75101,2,3,1,6,Rue De Rivoli,48.863764,2.332116
202300033249,18,1,2023,2025-12-05 14:50:00,1,75,75103,2,3,1,3,Boulevard Beaumarchais,48.859258,2.367654
202300033250,18,1,2023,2025-12-05 09:55:00,1,94,94076,2,1,1,6,Colonel Marchand (R Du),48.7943,2.36221
202300033251,18,1,2023,2025-12-05 09:00:00,1,94,94038,2,2,1,3,Rue Henri Thirard / Rue De Picardie,48.77814,2.34424
202300033252,18,1,2023,2025-12-05 18:10:00,5,94,94028,2,3,2,6,Av Du Mal De Lattre De Tassigny,48.79756,2.45632
202300033253,17,1,2023,2025-12-05 15:15:00,1,94,94028,2,2,2,3,Avenue Du General De Gaulle / Rue Saint-Simon,48.79404009,2.44708121
202300033254,18,1,2023,2025-12-05 18:15:00,5,94,94073,2,1,1,6,Av Du Mal De Lattre De Tassigny,48.75207,2.4058
202300033255,18,1,2023,2025-12-05 14:00:00,1,94,94018,2,2,1,3,Rue Victor Hugo / Rue De Conflans,48.821492,2.413084
202300033256,17,1,2023,2025-12-05 08:40:00,1,94,94041,2,3,1,3,Rue Victor Hugo / Quai Marcel Boyer,48.8224,2.39234
202300033257,18,1,2023,2025-12-05 15:00:00,1,94,94071,2,1,8,6,Rue De Paris,48.7741,2.50797
202300033258,18,1,2023,2025-12-05 07:20:00,5,93,93059,2,3,1,6,Boulevard Jean Mermoz / Rue Robert Desnos,48.97139309,2.3662624
202300033259,18,1,2023,2025-12-05 13:20:00,1,93,93070,2,1,1,6,Rue Paul Bert,48.90237954,2.33926401
202300033260,18,1,2023,2025-12-05 09:00:00,1,93,93064,2,1,1,3,Avenue Jean Jaures,48.8662567,2.48711815
202300033261,18,1,2023,2025-12-05 07:50:00,5,93,93062,2,1,9,6,Avenue De La Resistance,48.898664,2.517068
202300033262,16,1,2023,2025-12-05 08:15:00,2,93,93010,2,4,2,1,Rue Jules Guesde / Rue Du Breuil,48.9037,2.47629
202300033263,18,1,2023,2025-12-05 19:30:00,3,93,93005,2,9,2,3,Boulevard Andre Citroen,48.95855542,2.48545557
202300033264,18,1,2023,2025-12-05 05:50:00,5,92,92064,2,1,1,6,Republique,48.85909,2.21226
202300033265,17,1,2023,2025-12-05 23:19:00,5,92,92064,2,1,1,6,Gounod,48.84245,2.20808
202300033266,16,1,2023,2025-12-05 11:25:00,1,92,92063,2,1,2,6,Brossolette (Rue Pierre),48.88066,2.18165
202300033267,18,1,2023,2025-12-05 08:35:00,1,92,92062,2,1,1,2,Puteaux (Pont De),48.87724105,2.24402457
202300033268,17,1,2023,2025-12-05 11:00:00,1,92,92051,2,1,8,6,Berteaux-Dumas (Rue),48.882192,2.27534
202300033269,18,1,2023,2025-12-05 18:00:00,5,92,92048,2,2,2,2,Gardes (Route Des) Ndeg 5 A 51,48.81853279,2.23124117
202300033270,18,1,2023,2025-12-05 10:52:00,1,92,92040,2,1,1,6,Foucher Lepelletier,48.830416,2.280095
202300033271,16,1,2023,2025-12-05 15:33:00,1,92,92036,2,1,1,2,Henri Colin (Rue),48.925239,2.32105
202300033272,12,1,2023,2025-12-05 09:10:00,1,57,57463,1,1,8,2,Rn 431,49.08935,6.2268
202300033273,18,1,2023,2025-12-05 19:25:00,5,33,33249,1,1,2,4,Route Nationale 230,44.87836,-0.50928
202300033274,18,1,2023,2025-12-05 17:58:00,1,33,33397,1,1,4,2,Autoroute A 10,44.922858,-0.474306
202300033275,18,1,2023,2025-12-05 09:35:00,1,33,33550,1,1,2,3,Autoroute A 62,44.77258,-0.55556