num_acc,jour,mois,an,hrmn,lum,dep,com,agg,int,atm,col,adr,lat,long
202300033276,18,1,2023,2025-12-05 16:30:00,1,91,91363,1,1,1,2,Rn 104,48.64617,2.19207
202300033277,17,1,2023,2025-12-05 06:13:00,3,78,78043,1,1,1,2,A13W,48.842125,2.09337
202300033278,18,1,2023,2025-12-05 18:00:00,3,95,95212,1,1,2,6,A1,49.028862,2.538242
202300033279,17,1,2023,2025-12-05 13:10:00,1,93,93064,1,1,1,2,Autoroute A3,48.88604,2.47307
202300033280,17,1,2023,2025-12-05 08:15:00,2,2,2722,2,6,1,6,Gambetta ( Boulevard ),49.3766,3.32974
202300033281,16,1,2023,2025-12-05 08:40:00,1,64,64445,2,1,3,6,Boulevard Barbanegre,43.29743904,-0.35898238
202300033282,9,1,2023,2025-12-05 09:58:00,1,62,62041,2,1,2,3,Rue Andre Gatoux,50.290661,2.75766
202300033283,16,1,2023,2025-12-05 17:45:00,2,974,97416,1,1,1,4,Rn03,-21.31177,55.4957
202300033284,17,1,2023,2025-12-05 16:30:00,1,974,97411,1,1,1,3,Littoral (Route 2 Du),-20.89325272,55.37836522
202300033285,17,1,2023,2025-12-05 11:15:00,1,973,97302,2,2,1,3,Voltaire(Avenue),4.94235483,-52.32242256
202300033286,17,1,2023,2025-12-05 11:50:00,1,973,97302,2,3,8,3,Maran (Rene) Cite Themire,4.93464494,-52.3212558
202300033287,16,1,2023,2025-12-05 21:35:00,4,973,97302,1,1,2,6,Galmot (Rond-Point),4.92345,-52.32961
202300033288,17,1,2023,2025-12-05 12:45:00,1,69,69034,2,1,8,3,3 Route De Strasbourg,45.79124,4.86229
202300033289,17,1,2023,2025-12-05 07:30:00,4,69,69081,2,1,2,3,9 Avenue Edouard Aynard,45.77623,4.77881
202300033290,17,1,2023,2025-12-05 06:55:00,5,69,69149,2,3,3,6,1 Grande Rue,45.72029,4.81099
202300033291,17,1,2023,2025-12-05 09:55:00,1,971,97113,1,1,1,2,Rn4 - Section Riviera,16.21776,-61.49077
202300033292,17,1,2023,2025-12-05 06:40:00,1,971,97113,1,1,1,3,Rn4-Rond Point Saint Felix,16.2076,-61.45709
202300033293,17,1,2023,2025-12-05 23:00:00,4,91,91161,2,1,2,1,Rte De Massy,48.71217,2.3077
202300033294,17,1,2023,2025-12-05 19:30:00,3,91,91064,2,1,1,6,Martiniere (Rue De La),48.75647,2.20964
202300033295,17,1,2023,2025-12-05 19:06:00,5,91,91161,2,3,2,1,Rue Du Bief,48.691478,2.315644
202300033296,16,1,2023,2025-12-05 12:05:00,1,91,91477,2,4,2,3,Viala (Boulevard),48.71399,2.24257
202300033297,17,1,2023,2025-12-05 18:10:00,5,91,91027,2,1,2,6,Av Francois Mitterrand,48.71353,2.37329
202300033298,17,1,2023,2025-12-05 12:28:00,1,91,91223,1,1,2,7,R.D.721,48.41863,2.17762
202300033299,16,1,2023,2025-12-05 07:44:00,5,87,87085,2,1,2,3,Samie (Rue Leonard),45.80335,1.27776
202300033300,13,1,2023,2025-12-05 07:50:00,1,84,84007,2,1,2,6,Pont Des Deux Eaux (Chemin Du ),43.94553,4.84179
202300033301,17,1,2023,2025-12-05 19:05:00,5,78,78440,2,3,1,3,Aristide Briand (Rue),48.983848,1.911631
202300033302,17,1,2023,2025-12-05 08:20:00,4,76,76165,2,2,1,6,Cours Carnot,49.28712,1.0199
202300033303,17,1,2023,2025-12-05 06:20:00,5,69,69259,2,3,3,3,Boulevard Marcel Sembat,45.713088,4.87682725
202300033304,17,1,2023,2025-12-05 13:40:00,1,69,69091,2,1,1,6,7B Rue Pierre Et Marie Curie,45.59675,4.76909
202300033305,17,1,2023,2025-12-05 09:00:00,1,62,62119,2,1,1,6,D937,50.51385247,2.64861131
202300033306,17,1,2023,2025-12-05 20:40:00,5,59,59599,2,1,1,6,Lehoucq (Rue Fidele),50.72054,3.15886
202300033307,17,1,2023,2025-12-05 19:30:00,5,59,59527,2,1,1,1,Leclerc Rue Du General,50.66138,3.05028
202300033308,12,1,2023,2025-12-05 18:00:00,2,59,59507,2,1,3,1,Jaures Jean Avenue.,50.60709,3.0766
202300033309,16,1,2023,2025-12-05 17:15:00,3,57,57666,2,1,2,6,Marspich (Route De),49.3458,6.12201
202300033310,17,1,2023,2025-12-05 08:40:00,1,56,56260,2,6,8,3,Racker(Giratoire Du),47.638511,-2.767611
202300033311,17,1,2023,2025-12-05 18:10:00,5,54,54174,2,3,3,6,Avenue Du Marechal Joffre,48.670976,5.872021
202300033312,17,1,2023,2025-12-05 10:30:00,1,54,54575,1,1,1,6,52 (Route Nationale),49.46189469,5.85342812
202300033313,16,1,2023,2025-12-05 18:18:00,5,54,54323,2,3,2,6,Avenue De L'Aviation,49.51849,5.75856
202300033314,16,1,2023,2025-12-05 07:40:00,5,54,54159,2,3,6,6,Avenue De Luneville,48.61443,6.35957
202300033315,16,1,2023,2025-12-05 20:38:00,5,49,49007,2,1,2,6,Industrie Boulevard,47.49133121,-0.5218935
202300033316,16,1,2023,2025-12-05 08:46:00,1,49,49007,2,1,2,3,Square Jacques Charon,47.48953,-0.55685
202300033317,29,7,2023,2025-12-05 20:30:00,2,94,94028,2,3,1,3,Rue Cheret,48.80107754,2.46425003
202300033318,29,7,2023,2025-12-05 17:27:00,1,93,93066,2,1,1,4,Rue Ambroise Croizat,48.93118,2.34978
202300033319,29,7,2023,2025-12-05 10:10:00,1,93,93001,2,1,1,1,Avenue Du President Roosevelt,48.91804283,2.3790373
202300033320,28,7,2023,2025-12-05 19:35:00,1,92,92002,2,1,3,6,General De Gaulle (Avenue Du),48.76277,2.30431
202300033321,29,7,2023,2025-12-05 03:13:00,3,13,13026,1,1,1,5,A55-Sens Martigues Vers Marseille,43.37852,5.16899
202300033322,29,7,2023,2025-12-05 06:45:00,1,13,13210,1,1,1,2,A507 Sens Aubagne- Marseille,43.28893,5.42469
202300033323,25,7,2023,2025-12-05 05:20:00,2,13,13071,1,1,1,2,A7-Sens Marseille Vers Lyon,43.41103,5.28361
202300033324,17,6,2023,2025-12-05 05:10:00,2,69,69382,1,1,1,6,Route De Metropole 6,45.7510647,4.82225785
202300033325,29,7,2023,2025-12-05 20:10:00,1,94,94038,1,1,1,5,A6B,48.78982766,2.34470638
202300033326,29,7,2023,2025-12-05 03:30:00,5,94,94043,1,1,1,4,A6B,48.80662035,2.34623432
202300033327,29,7,2023,2025-12-05 16:20:00,1,92,92036,1,1,3,2,A86,48.93721944,2.31700839
202300033328,28,7,2023,2025-12-05 22:02:00,3,78,78646,1,1,1,6,Rn12,48.786587,2.151677
202300033329,28,7,2023,2025-12-05 13:10:00,1,78,78640,1,1,2,6,A86 Ext,48.777379,2.22349
202300033330,28,7,2023,2025-12-05 19:45:00,1,93,93078,1,1,2,6,Autoroute A104,48.96300436,2.52239723
202300033331,28,7,2023,2025-12-05 06:45:00,2,93,93048,1,1,2,3,Autoroute A86,48.86629,2.48165
202300033332,28,7,2023,2025-12-05 00:53:00,3,94,94069,1,1,2,2,A4,48.81737044,2.42861395
202300033333,28,7,2023,2025-12-05 00:00:00,3,77,77363,1,1,2,2,A104,48.927418,2.628395
202300033334,28,7,2023,2025-12-05 12:15:00,1,43,43041,2,1,1,6,Cote De Tireboeuf,45.04953,3.91241
202300033335,4,7,2023,2025-12-05 07:25:00,1,987,98735,2,2,1,1,Clemenceau (Rue),17.32,149.33
202300033336,28,7,2023,2025-12-05 21:15:00,5,976,97611,2,1,1,3,Kaweni-Geole ( Rue De La ),-12.767,45.22469
202300033337,18,6,2023,2025-12-05 12:45:00,1,974,97416,1,1,1,6,Bassin Plat(Chemin),-21.3288,55.49515
202300033338,17,6,2023,2025-12-05 17:30:00,2,974,97416,1,1,1,7,Isautier (Avenue Charles),-21.3165,55.45351
202300033339,16,6,2023,2025-12-05 20:15:00,3,974,97416,1,1,1,4,Cd 26,-21.29935737,55.43667912
202300033340,28,7,2023,2025-12-05 13:10:00,1,974,97409,2,1,1,3,Du Centre(Chemin),-20.95086271,55.66050053
202300033341,16,6,2023,2025-12-05 18:45:00,5,974,97409,2,1,1,3,Cambuston (Rue De),-20.92803,55.65641
202300033342,13,6,2023,2025-12-05 09:00:00,1,973,97302,2,3,1,3,Montabo (Route De) 2,4.94178,-52.30412
202300033343,16,6,2023,2025-12-05 14:10:00,1,973,97302,2,1,1,3,Troubiran (Chemin De),4.92816644,-52.3039341
202300033344,27,7,2023,2025-12-05 16:40:00,1,69,69386,2,2,1,3,75 Cours Lafayette,45.76363963,4.84830749
202300033345,28,7,2023,2025-12-05 14:30:00,1,972,97213,1,2,1,3,Route Departementale 3,14.62124,-60.9882
202300033346,28,7,2023,2025-12-05 13:00:00,1,972,97209,1,1,2,6,Tivoli (Route De ),14.65049,-61.07353
202300033347,28,7,2023,2025-12-05 11:20:00,1,69,69385,2,1,1,1,6 Avenue Debrousse,45.7508,4.8154
202300033348,27,7,2023,2025-12-05 09:35:00,1,69,69034,1,4,1,1,9 Montee De La Boucle,45.78330611,4.83312023
202300033349,17,6,2023,2025-12-05 00:25:00,5,69,69382,2,1,1,1,Rue De La Barre,45.75771,4.8351
202300033350,27,7,2023,2025-12-05 15:30:00,1,971,97113,1,1,1,2,Rn4 - Section Riviera,16.2169,-61.4823
202300033351,16,6,2023,2025-12-05 19:00:00,5,971,97105,2,1,1,6,Peres Dominicains(Avenue Des),16.00627,-61.73955
202300033352,27,7,2023,2025-12-05 18:30:00,1,85,85194,2,2,1,3,Estienne D'Orves (R-P Honore D'),46.50276,-1.79819
202300033353,17,6,2023,2025-12-05 22:50:00,3,81,81144,1,2,1,3,Rn 88,43.96088,2.17036
202300033354,28,7,2023,2025-12-05 16:45:00,1,78,78238,1,1,1,1,Pierre Lefaucheux,48.976692,1.861294
202300033355,28,7,2023,2025-12-05 23:10:00,3,77,77294,1,3,1,3,Cd84,48.99123,2.59927
202300033356,28,7,2023,2025-12-05 13:20:00,1,77,77449,1,1,2,6,Av Paul Seramy,48.85939,2.79471
202300033357,28,7,2023,2025-12-05 10:30:00,1,76,76540,2,2,1,3,Quai Cavelier De La Salle,49.43685,1.0875
202300033358,28,7,2023,2025-12-05 05:25:00,5,76,76351,2,3,1,6,Vallee (Rue De La),49.49328,0.15163
202300033359,26,7,2023,2025-12-05 23:00:00,5,76,76447,2,1,1,1,Belle Etoile,49.54054,0.17353
202300033360,28,7,2023,2025-12-05 20:45:00,2,76,76384,2,9,8,7,Marrechal Leclerc (Avenue Du),49.51488,0.5331
202300033361,16,6,2023,2025-12-05 13:40:00,1,76,76114,2,1,1,2,Debray  Louis (Avenue),49.57763,0.47181
202300033362,28,7,2023,2025-12-05 19:00:00,1,71,71306,2,2,1,3,Grande Sorme (Rue De La ),46.69368,4.36364
202300033363,28,7,2023,2025-12-05 18:25:00,1,71,71486,2,1,1,7,Oradour-Sur-Glane (Rue D'),46.66633,4.38181
202300033364,28,7,2023,2025-12-05 13:40:00,1,69,69256,2,1,1,6,Avenue Franklin Roosevelt,45.74462056,4.93246302
202300033365,18,6,2023,2025-12-05 20:00:00,1,69,69264,2,6,1,1,Route De Beauregard,45.99821,4.73941
202300033366,17,6,2023,2025-12-05 19:05:00,1,68,68066,2,6,7,3,Paris (Avenue De),48.07493,7.32973
202300033367,26,7,2023,2025-12-05 18:25:00,1,67,67218,2,1,1,4,Alfred Kastler (Route),48.5418,7.73986
202300033368,17,6,2023,2025-12-05 01:25:00,5,67,67482,2,2,1,3,Hopital (Route De L ),48.57167,7.75057
202300033369,28,7,2023,2025-12-05 22:07:00,5,64,64445,2,2,1,3,Liege De,43.29886,-0.37497
202300033370,29,7,2023,2025-12-05 00:36:00,4,64,64024,2,1,1,1,Pinane (Rue De),43.48881,-1.51955
202300033371,27,7,2023,2025-12-05 21:25:00,2,64,64102,2,1,1,3,Soult (Avenue Marechal),43.48515,-1.49403
202300033372,28,7,2023,2025-12-05 10:27:00,1,63,63113,2,1,1,2,Michelin (Avenue Edouard),45.78071826,3.10952783
202300033373,16,6,2023,2025-12-05 12:00:00,1,61,61391,2,6,1,3,Canadiens (Rue Des),48.773089,-0.569251
202300033374,28,7,2023,2025-12-05 07:45:00,1,59,59650,2,2,2,3,Egalite (Boulevard De L'),50.71015,3.19761
202300033375,28,7,2023,2025-12-05 18:00:00,1,54,54395,2,2,1,6,Rue Raymond Poincare,48.69107127,6.17518008
202300033376,28,7,2023,2025-12-05 17:15:00,1,51,51454,2,3,1,3,Giraud (Avenue Du General),49.2408,4.05293
202300033377,28,7,2023,2025-12-05 13:15:00,1,51,51454,2,3,8,3,Giraud (Avenue Du General),49.2408,4.05293
202300033378,27,7,2023,2025-12-05 12:00:00,1,51,51108,2,3,1,3,Marne (Rue De La),48.95599,4.35922
202300033379,28,7,2023,2025-12-05 21:23:00,5,49,49007,2,1,1,3,Villesicard Rue Et Square,47.44857,-0.52969
202300033380,28,7,2023,2025-12-05 18:42:00,1,49,49007,2,2,1,7,Liberte Boulevard,47.4487,-0.53672
202300033381,28,7,2023,2025-12-05 13:47:00,1,49,49007,2,7,2,3,Monprofit Place,47.4743,-0.56715
202300033382,28,7,2023,2025-12-05 10:20:00,1,49,49007,2,1,1,7,Rd 323,47.4698,-0.58947
202300033383,28,7,2023,2025-12-05 09:25:00,1,49,49007,2,2,2,6,Saint Exupery,47.46801,-0.53704
202300033384,27,7,2023,2025-12-05 08:06:00,1,49,49007,2,6,2,3,Moulin Boulevard,47.49236,-0.55054
202300033385,19,6,2023,2025-12-05 00:30:00,3,47,47001,1,1,2,7,Verone (Avenue De),44.22326,0.61568
202300033386,18,6,2023,2025-12-05 16:30:00,1,47,47001,2,6,1,3,Dunkerque (Quai De),44.20876,0.6279
202300033387,18,6,2023,2025-12-05 10:30:00,1,47,47001,2,4,1,3,Leclerc (Av. Du General),44.19086,0.61663
202300033388,17,6,2023,2025-12-05 16:25:00,1,45,45234,2,2,1,3,Avenue Des Droits De L'Homme,47.91467091,1.9237318
202300033389,29,7,2023,2025-12-05 01:55:00,3,41,41295,1,1,1,6,Rd 956,47.58273,1.3661
202300033390,28,7,2023,2025-12-05 01:50:00,4,39,39198,2,1,1,3,20 Rue Charles Blind,47.086128,5.501747
202300033391,28,7,2023,2025-12-05 06:50:00,1,38,38185,2,2,2,3,Avenue Paul Verlaine,45.16183,5.71571
202300033392,18,6,2023,2025-12-05 20:54:00,1,38,38185,2,1,1,6,D5,45.18559,5.73064
202300033393,17,6,2023,2025-12-05 19:05:00,1,38,38421,2,3,1,3,Rue Henri Wallon,45.17283,5.75864
202300033394,28,7,2023,2025-12-05 18:20:00,1,37,37261,2,1,1,6,Giraudeau (Rue),47.3822,0.677
202300033395,28,7,2023,2025-12-05 10:36:00,1,34,34032,2,1,1,6,32 Boulevard Frederic Mistral,43.34716,3.21857
202300033396,28,7,2023,2025-12-05 16:10:00,1,34,34003,2,1,1,3,8 Avenue Des Alizes,43.281082,3.493435
202300033397,27,7,2023,2025-12-05 18:20:00,1,34,34003,1,1,1,2,Rd612,43.2975,3.47783
202300033398,27,7,2023,2025-12-05 15:45:00,1,33,33032,1,6,1,3,Quai De Vial,44.91923963,-0.5438903
202300033399,18,6,2023,2025-12-05 14:20:00,1,33,33529,2,3,1,5,Ocean (Bd De L'),44.634419,-1.202471
202300033400,16,6,2023,2025-12-05 19:00:00,1,33,33529,1,1,1,6,Lignon (Bd Louis),44.63350779,-1.18222386
202300033401,17,6,2023,2025-12-05 21:50:00,5,31,31555,2,1,8,1,Rte De Saint Simon,43.59005,1.41573
202300033402,28,7,2023,2025-12-05 10:20:00,1,29,29232,1,1,2,6,Pont De Poulguinan,47.98149755,-4.12038991
202300033403,17,6,2023,2025-12-05 10:20:00,1,29,29232,1,1,1,3,Rue Henri Barbusse,47.990399,-4.07394
202300033404,16,6,2023,2025-12-05 16:15:00,1,29,29232,1,1,1,7,Rn 165,47.99168,-4.043737
202300033405,28,7,2023,2025-12-05 18:30:00,1,29,29019,2,1,1,3,Rue De Gouesnou,48.41208995,-4.4684945
202300033406,16,6,2023,2025-12-05 11:55:00,1,28,28085,2,1,1,6,Sablons (Avenue Des),48.44971,1.51548
202300033407,18,6,2023,2025-12-05 00:02:00,3,22,22360,1,1,1,6,Mendes France (Avenue Pierre),48.48931,-2.7669
202300033408,16,6,2023,2025-12-05 17:20:00,1,19,19031,2,1,1,2,Ribot (Avenue),45.1647,1.51287
202300033409,18,6,2023,2025-12-05 19:45:00,1,17,17300,2,1,1,3,Cheret   Rue Jules,46.16896,-1.1766
202300033410,18,6,2023,2025-12-05 18:30:00,1,17,17300,2,1,1,6,Charleville Mezieres   Rue De,46.168835,-1.119714
202300033411,28,7,2023,2025-12-05 08:20:00,1,17,17299,2,1,1,3,Gambetta Rue,45.940423,-0.971718
202300033412,16,6,2023,2025-12-05 18:30:00,1,16,16089,2,1,1,6,Barbezieux (Route De),45.68014,-0.32839
202300033413,27,7,2023,2025-12-05 20:20:00,1,14,14118,2,2,1,3,1 Rue De La Pigaciere,49.18831,-0.35981
202300033414,17,6,2023,2025-12-05 18:35:00,1,13,13103,1,1,1,1,Route D'Arles-Rn 113,43.64,4.97838
202300033415,27,7,2023,2025-12-05 09:30:00,1,13,13207,2,1,1,6,Corse (Avenue De La),43.28879618,5.36043136
202300033416,18,6,2023,2025-12-05 01:15:00,5,13,13210,2,3,1,3,Pont De Vivaux (Boulevard),43.28165,5.42759
202300033417,18,6,2023,2025-12-05 14:15:00,1,13,13208,2,1,1,6,Montredon (Avenue De),43.24384,5.37072
202300033418,18,6,2023,2025-12-05 12:00:00,1,13,13213,2,1,1,4,Olives (Avenue Des),43.32392,5.44547
202300033419,17,6,2023,2025-12-05 23:25:00,5,13,13215,2,1,1,6,Saint Antoine A Saint Joseph (Chemin De),43.34994,5.375
202300033420,17,6,2023,2025-12-05 22:25:00,2,13,13203,2,2,1,2,Clovis Hugues (Rue),43.31029,5.3854
202300033421,17,6,2023,2025-12-05 19:07:00,1,13,13211,2,4,1,1,Rouguiere (Allee De La ),43.29375,5.4566
202300033422,17,6,2023,2025-12-05 11:40:00,1,13,13208,2,1,1,3,Grand Large (Promenade Du),43.23973,5.36264
202300033423,17,6,2023,2025-12-05 11:30:00,1,13,13215,2,1,1,3,Chemin De La Madrague Ville,43.33342775,5.35847623
202300033424,16,6,2023,2025-12-05 14:15:00,1,13,13209,2,2,1,2,Leon (Boulevard),43.26423,5.39896
202300033425,16,6,2023,2025-12-05 13:38:00,1,13,13213,2,2,1,3,Chateau Gombert Chemin,43.33755,5.4209
202300033426,17,6,2023,2025-12-05 17:30:00,1,13,13047,1,1,1,1,Rn 1569,43.58277424,4.98536825
202300033427,16,6,2023,2025-12-05 17:55:00,1,13,13005,1,1,1,3,Ciotat (Route De La Rn559),43.27268,5.59006
202300033428,16,6,2023,2025-12-05 20:35:00,1,13,13005,2,1,1,3,Salengro (Avenue Roger),43.29962,5.56949
202300033429,16,6,2023,2025-12-05 15:20:00,1,13,13005,1,9,1,3,Rd 559 A (Route De La Bedoule),43.26714,5.58786
202300033430,16,6,2023,2025-12-05 12:00:00,1,13,13005,2,1,1,3,Rn 8,43.28501,5.5918
202300033431,27,7,2023,2025-12-05 23:20:00,5,10,10333,1,9,1,3,Echenilly (Rue),48.27882,4.04089
202300033432,28,7,2023,2025-12-05 23:15:00,5,10,10333,2,1,1,5,Auxerre (Route),48.27458,4.05909
202300033433,16,6,2023,2025-12-05 09:55:00,1,7,7019,1,1,1,1,D104,44.61507,4.40854
202300033434,27,7,2023,2025-12-05 13:20:00,1,6,6088,2,4,1,6,Canta Galet (Rte De),43.697662,7.230787
202300033435,16,6,2023,2025-12-05 22:00:00,3,6,6088,1,9,1,6,Mont-Boron (R. Forest. Du),43.69142,7.30309
202300033436,28,7,2023,2025-12-05 10:10:00,1,6,6123,1,1,1,2,Rn202Bis,43.71477,7.1828
202300033437,22,7,2023,2025-12-05 14:25:00,1,2,2408,2,6,1,2,Adresse_Inconnue,49.56864,3.64677
202300033438,28,7,2023,2025-12-05 19:50:00,1,75,75117,2,1,3,7,Echangeur Maillot,48.882612,2.283497
202300033439,28,7,2023,2025-12-05 08:45:00,1,75,75115,2,1,3,7,Echangeur Issy,48.83479937,2.26808667
202300033440,26,7,2023,2025-12-05 12:50:00,1,75,75112,2,1,1,7,Boulevard Peripherique Interieur Porte De Bercy,48.827581,2.392145
202300033441,16,6,2023,2025-12-05 09:40:00,1,75,75113,2,7,1,3,Boulevard Vincent Auriol,48.832724,2.362208
202300033442,28,7,2023,2025-12-05 19:40:00,1,75,75106,2,2,2,3,Rue De Vaugirard,48.848253,2.331047
202300033443,28,7,2023,2025-12-05 09:54:00,1,75,75105,2,3,2,3,Quai De Montebello,48.852641,2.347641
202300033444,26,7,2023,2025-12-05 13:00:00,1,75,75116,2,2,1,3,Rue Jean De La Fontaine,48.851109,2.272344
202300033445,27,7,2023,2025-12-05 13:45:00,1,75,75114,2,1,2,6,Boulevard Arago,48.834483,2.33433
202300033446,26,7,2023,2025-12-05 15:25:00,1,75,75114,2,2,1,4,Rue Froidevaux,48.837618,2.322947
202300033447,28,7,2023,2025-12-05 13:35:00,1,75,75110,2,2,2,6,Rue Du Faubourg Poissonniere,48.875775,2.348226
202300033448,28,7,2023,2025-12-05 13:15:00,1,75,75109,2,2,1,6,Rue De Mogador,48.874624,2.33136
202300033449,28,7,2023,2025-12-05 14:55:00,1,94,94058,2,1,2,6,Boulevard De La Liberte,48.837225,2.495582
202300033450,28,7,2023,2025-12-05 17:00:00,1,94,94046,2,2,2,3,Rue Michelet,48.811733,2.454137
202300033451,28,7,2023,2025-12-05 15:00:00,1,94,94011,2,6,2,3,Rue Pierre Semard,48.76315,2.478971
202300033452,28,7,2023,2025-12-05 20:00:00,1,94,94079,2,3,2,6,Route De Bry,48.83154,2.53418
202300033453,28,7,2023,2025-12-05 18:10:00,1,94,94017,2,3,2,5,Avenue Du General De Gaulle,48.82123,2.48796
202300033454,26,7,2023,2025-12-05 11:40:00,1,94,94017,2,3,1,2,Avenue Du General De Gaulle,48.82746,2.52208
202300033455,28,7,2023,2025-12-05 16:40:00,1,95,95527,1,1,3,2,A3,49.00085617,2.52058178
202300033456,28,7,2023,2025-12-05 13:00:00,1,93,93032,2,3,2,3,Rue Hippolyte Pina / Avenue De Rambouillet,48.87226727,2.54708469
202300033457,28,7,2023,2025-12-05 20:00:00,2,93,93049,2,1,3,6,Rue Pierre Brossolette,48.86460544,2.5011275
202300033458,28,7,2023,2025-12-05 13:55:00,1,93,93046,2,1,8,3,Boulevard De L'Europe,48.93298,2.56114
202300033459,28,7,2023,2025-12-05 20:05:00,1,93,93063,2,9,2,3,Rue De Paris / Avenue De Metz,48.89637647,2.43055828
202300033460,28,7,2023,2025-12-05 08:00:00,1,92,92072,2,1,2,6,Pont De Sevres,48.82812851,2.22600442
202300033461,26,7,2023,2025-12-05 13:50:00,1,92,92064,2,1,1,6,Republique,48.85146101,2.21314682
202300033462,28,7,2023,2025-12-05 16:15:00,1,92,92049,2,5,2,3,Brossolette Avenue Pierre,48.81984168,2.31084967
202300033463,28,7,2023,2025-12-05 14:27:00,1,92,92044,2,2,2,2,J. Guesdes(Rue)103A139Et122A148,48.89706659,2.2893025
202300033464,28,7,2023,2025-12-05 01:28:00,5,92,92004,2,2,1,2,Docteur Dervaux  ( Quai Du ),48.91130838,2.29871696
202300033465,29,7,2023,2025-12-05 18:20:00,1,60,60160,1,1,1,6,D1017,49.617002,2.723309
202300033466,28,7,2023,2025-12-05 18:55:00,1,33,33040,2,1,1,1,D13,44.654718,-0.318636
202300033467,29,7,2023,2025-12-05 17:10:00,1,28,28031,1,1,1,2,Pk 106+500,48.224079,0.971357
202300033468,28,7,2023,2025-12-05 12:43:00,1,972,97222,1,1,3,5,N1,14.667754,-60.963564
202300033469,28,7,2023,2025-12-05 12:05:00,1,76,76616,1,9,8,7,"Hameau D'Enitot, Route D'Epouville",49.543039,0.239071
202300033470,28,7,2023,2025-12-05 19:30:00,1,86,86165,2,1,1,7,Rue Prepaudiere,46.427245,0.870273
202300033471,29,7,2023,2025-12-05 05:45:00,2,68,68315,2,1,1,7,Route De Guebwiller,47.898844,7.220791
202300033472,29,7,2023,2025-12-05 13:00:00,1,62,62527,1,1,3,1,D901,50.526231,1.764454
202300033473,29,7,2023,2025-12-05 06:30:00,1,83,83116,2,6,1,6,Hameau Colbert,43.458554,5.864049
202300033474,27,7,2023,2025-12-05 19:00:00,1,62,62080,2,1,2,2,D917,50.10480179,2.86194155
202300033475,28,7,2023,2025-12-05 18:21:00,1,56,56129,1,1,1,6,Les Senardieres,48.13285,-2.473029
202300033476,10,11,2023,2025-12-05 14:15:00,1,75,75118,2,2,2,6,Avenue De Saint Ouen,48.893015,2.327435
202300033477,29,7,2023,2025-12-05 07:20:00,1,79,79050,1,1,3,7,Adresse_Inconnue,46.870798,-0.603948
202300033478,10,11,2023,2025-12-05 16:00:00,1,75,75117,2,1,3,3,Avenue Gourgaud,48.886173,2.297328
202300033479,7,7,2023,2025-12-05 17:00:00,1,33,33108,2,4,1,2,Rue Michel De Montaigne,44.85431,-0.041848
202300033480,28,7,2023,2025-12-05 23:50:00,3,32,32235,1,1,1,6,Route Departementale Ndeg20 Pk 10+370,43.72417,0.11924
202300033481,29,7,2023,2025-12-05 07:20:00,2,12,12231,1,1,7,2,Camping La Dourbie,44.019727,3.346257
202300033482,10,11,2023,2025-12-05 06:20:00,5,75,75117,2,2,1,3,Rue La Condamine,48.884461,2.319523
202300033483,29,7,2023,2025-12-05 14:50:00,1,12,12103,1,1,1,7,D97,44.631795,2.670407
202300033484,10,11,2023,2025-12-05 00:20:00,5,75,75117,2,5,1,7,Boulevard Malesherbes,48.88522,2.307211
202300033485,28,7,2023,2025-12-05 20:00:00,2,47,47195,2,3,1,2,13 Rue Lafayette,44.13474,0.338613
202300033486,9,11,2023,2025-12-05 23:40:00,5,75,75117,2,1,1,2,Boulevard Pereire,48.885735,2.299167
202300033487,29,7,2023,2025-12-05 09:00:00,1,34,34284,1,9,1,1,D907,43.463946,2.758577
202300033488,29,7,2023,2025-12-05 10:10:00,1,68,68212,1,1,1,7,Rue Du Marechal Ferrant,47.496792,7.252328
202300033489,10,11,2023,2025-12-05 13:30:00,1,75,75116,2,3,1,3,Avenue De L Hippodrome,48.858276,2.255677
202300033490,28,7,2023,2025-12-05 20:00:00,1,25,25410,2,1,1,1,11 Rue De L'Eglise,47.225692,6.066465
202300033491,10,11,2023,2025-12-05 10:30:00,1,75,75116,2,2,1,3,Avenue Raymond Poincare,48.865069,2.286069
202300033492,28,7,2023,2025-12-05 19:15:00,1,44,44137,1,1,2,7,Adresse_Inconnue,47.344515,-2.009822
202300033493,28,7,2023,2025-12-05 19:30:00,1,2,2401,2,4,2,6,12 Rue D'Haution,49.860698,3.85277
202300033494,7,11,2023,2025-12-05 17:00:00,1,75,75116,2,2,1,3,Allee De Longchamp,48.872522,2.264425
202300033495,28,7,2023,2025-12-05 21:30:00,3,58,58177,1,1,8,6,D 232,47.144248,3.864446
202300033496,26,7,2023,2025-12-05 09:50:00,1,54,54222,1,1,1,6,D914,48.51964243,6.47726655
202300033497,28,7,2023,2025-12-05 18:35:00,1,6,6042,1,9,1,3,"Route De La Tinee, Pk 11+166 Rm 2205",43.984836,7.137051
202300033498,10,11,2023,2025-12-05 11:40:00,1,75,75114,2,4,1,3,Avenue Du General Leclerc,48.828778,2.327704
202300033499,29,7,2023,2025-12-05 09:00:00,1,6,6071,2,3,1,6,Rue Jean Mineur,44.095383,6.929052
202300033500,22,7,2023,2025-12-05 18:05:00,1,6,6148,1,1,1,7,Route De Vence,43.717863,7.06942