num_acc,jour,mois,an,hrmn,lum,dep,com,agg,int,atm,col,adr,lat,long
202300033501,9,11,2023,2025-12-05 18:20:00,5,75,75112,2,3,1,3,Avenue Daumesnil,48.844836,2.380444
202300033502,28,7,2023,2025-12-05 20:45:00,1,14,14494,1,1,1,6,154 Rd49,49.261811,-0.094639
202300033503,10,11,2023,2025-12-05 20:35:00,5,75,75111,2,4,1,1,Boulevard Voltaire,48.857354,2.380839
202300033504,29,7,2023,2025-12-05 02:30:00,3,83,83056,1,1,1,3,D54,43.550675,6.530036
202300033505,29,7,2023,2025-12-05 09:24:00,1,18,18210,2,5,2,7,Petite Rue De La Montagne,47.226603,1.936469
202300033506,10,11,2023,2025-12-05 16:28:00,1,75,75107,2,3,3,3,Avenue De Lowendal,48.853925,2.310305
202300033507,29,7,2023,2025-12-05 14:15:00,1,18,18235,1,1,1,1,Adresse_Inconnue,47.161357,2.56763
202300033508,10,11,2023,2025-12-05 12:30:00,1,75,75107,2,3,1,6,Rue De Sevres,48.849813,2.323289
202300033509,27,7,2023,2025-12-05 16:02:00,2,43,43184,1,9,1,2,Rd6,45.341951,4.272566
202300033510,27,7,2023,2025-12-05 18:21:00,1,43,43113,1,3,1,3,D28,44.996251,3.993584
202300033511,10,11,2023,2025-12-05 00:20:00,5,75,75104,2,3,1,3,Rue Saint Antoine,48.853982,2.364785
202300033512,29,7,2023,2025-12-05 13:39:00,1,10,10268,1,1,1,3,Rd 619,48.483138,3.489538
202300033513,28,7,2023,2025-12-05 17:15:00,1,16,16070,2,1,1,6,11 Rue Souchet,45.876663,0.72103
202300033514,28,7,2023,2025-12-05 16:40:00,1,7,7017,1,1,1,6,Le Plantier,44.422988,4.17819
202300033515,10,11,2023,2025-12-05 18:40:00,5,94,94080,2,2,2,1,Avenue De Paris,48.845189,2.431558
202300033516,28,7,2023,2025-12-05 08:10:00,1,30,30152,1,3,1,3,Route De Saint Ambroix,44.243414,4.178503
202300033517,28,7,2023,2025-12-05 23:30:00,3,8,8250,1,1,8,6,Adresse_Inconnue,49.370127,4.574647
202300033518,25,7,2023,2025-12-05 05:30:00,2,88,88499,1,1,1,6,D266,48.260259,6.17709
202300033519,10,11,2023,2025-12-05 13:50:00,1,94,94080,2,2,1,3,Rue Du Donjon,48.84332,2.431991
202300033520,27,7,2023,2025-12-05 23:45:00,5,6,6085,2,6,1,1,D6285,43.585598,7.006327
202300033521,26,7,2023,2025-12-05 16:30:00,1,39,39150,1,1,1,2,Adresse_Inconnue,47.062799,5.437503
202300033522,10,11,2023,2025-12-05 11:00:00,1,94,94080,2,2,1,3,Avenue De Paris,48.8446,2.43949
202300033523,22,5,2023,2025-12-05 23:45:00,3,40,40035,1,1,1,6,D29,43.628653,-1.045913
202300033524,28,7,2023,2025-12-05 11:10:00,1,57,57606,1,9,2,3,"Barriere De Peage De Saint Avold, Sens 1",49.135863,6.702535
202300033525,8,11,2023,2025-12-05 17:17:00,5,94,94017,2,4,2,1,Avenue Du General Leclerc,48.82776179,2.51117709
202300033526,22,5,2023,2025-12-05 18:15:00,1,44,44204,2,1,1,6,49 Rue Des Etangs,47.27388,-1.44489
202300033527,28,7,2023,2025-12-05 15:20:00,1,11,11262,1,1,1,5,Autoroute A9 - Pk191+800 - Sens 2,43.158298,2.988732
202300033528,10,11,2023,2025-12-05 08:45:00,1,94,94043,2,1,1,6,87 Avenue De Fontainebleau,48.81015,2.36228
202300033529,28,7,2023,2025-12-05 14:00:00,1,987,98740,1,1,1,3,Avatoru - Lafayette,-15.364,-147.964
202300033530,20,5,2023,2025-12-05 16:30:00,1,56,56178,2,3,1,3,45 Rue Colbert,48.037628,-2.962457
202300033531,29,7,2023,2025-12-05 06:10:00,3,78,78564,1,1,1,7,A10,48.522062,1.908177
202300033532,10,11,2023,2025-12-05 09:20:00,1,94,94038,2,1,2,4,Bd Paul Vaillant Couturier,48.77902,2.34088
202300033533,22,5,2023,2025-12-05 17:25:00,1,60,60367,1,1,1,1,D923,49.26088211,1.90565479
202300033534,20,5,2023,2025-12-05 20:20:00,1,59,59343,1,1,1,7,Route Nationale 227,50.6002,3.13049
202300033535,9,11,2023,2025-12-05 17:25:00,2,94,94028,2,1,2,6,Avenue Francois Mitterrand,48.770076,2.462562
202300033536,17,5,2023,2025-12-05 17:20:00,1,62,62498,1,1,1,2,A21,50.44779771,2.83733886
202300033537,28,7,2023,2025-12-05 19:50:00,5,987,98724,2,1,1,6,District De Faie,-16.752,-150.997
202300033538,9,11,2023,2025-12-05 09:30:00,1,94,94028,2,1,8,6,Rue Jean Esquirol,48.79836,2.4458
202300033539,22,5,2023,2025-12-05 09:00:00,2,91,91228,1,1,1,4,Autoroute A6,48.62471,2.41819
202300033540,29,7,2023,2025-12-05 10:10:00,1,974,97420,2,1,1,6,Avenue Mahatma Gandhi,-20.927748,55.633092
202300033541,22,5,2023,2025-12-05 05:15:00,2,91,91136,1,1,1,7,Rn20,48.7053,2.28713
202300033542,10,11,2023,2025-12-05 08:10:00,1,94,94018,2,1,1,3,Quai Des Carrieres,48.8186681,2.40996015
202300033543,21,5,2023,2025-12-05 23:26:00,3,92,92002,1,1,1,2,Autoroute A10,48.729457,2.306788
202300033544,22,5,2023,2025-12-05 00:20:00,3,91,91161,1,1,1,7,Autoroute A6,48.69724,2.31525
202300033545,22,5,2023,2025-12-05 07:20:00,1,78,78362,1,1,1,3,A13,48.97644,1.72009
202300033546,9,11,2023,2025-12-05 08:55:00,1,94,94069,2,1,2,5,3 Avenue Saint Maurice Du Valais,48.816435,2.460114
202300033547,20,5,2023,2025-12-05 23:51:00,3,78,78402,1,1,1,3,A13,48.965079,1.764328
202300033548,10,11,2023,2025-12-05 17:40:00,5,94,94017,2,6,8,3,Avenue Salvador Allende,48.80821269,2.55409357
202300033549,9,11,2023,2025-12-05 23:10:00,5,93,93073,2,1,2,6,Rue De Dublin,49.00933,2.56154
202300033550,20,5,2023,2025-12-05 08:50:00,1,78,78043,1,1,1,2,A12 Y,48.831715,2.083067
202300033551,10,11,2023,2025-12-05 13:30:00,1,93,93066,2,3,8,6,Avenue Du Colonel Fabien / Rue De La Poterie,48.94606,2.34796
202300033552,20,5,2023,2025-12-05 20:20:00,1,93,93048,1,1,1,4,Autoroute A86,48.86523057,2.48172641
202300033553,10,11,2023,2025-12-05 08:15:00,1,93,93066,2,2,1,6,Rue Henri Barbusse / Rue De Montmorency,48.94346,2.37233
202300033554,10,11,2023,2025-12-05 08:15:00,1,93,93074,1,1,1,6,D933,48.93375,2.58513
202300033555,19,5,2023,2025-12-05 16:50:00,1,95,95582,1,1,1,7,A15,48.96810406,2.25241184
202300033556,10,11,2023,2025-12-05 14:00:00,1,93,93008,2,1,8,6,Avenue Paul Vaillant - Couturier,48.909949,2.444003
202300033557,19,5,2023,2025-12-05 01:20:00,5,69,69383,2,1,1,2,Cours Richard Vitton,45.75387,4.88788
202300033558,10,11,2023,2025-12-05 17:00:00,1,93,93005,2,1,2,2,Av I Et Frederic Joliot Curie,48.92933,2.51119
202300033559,19,5,2023,2025-12-05 11:25:00,1,22,22360,2,1,1,6,Rue De La Republique,48.49018,-2.73766
202300033560,10,11,2023,2025-12-05 17:45:00,5,92,92078,2,2,2,6,Gerard Philippe (Square),48.93558002,2.328713
202300033561,20,5,2023,2025-12-05 23:05:00,5,94,94067,2,2,1,6,Avenue Du General De Gaulle / Rue De L'Alouette,48.838916,2.417472
202300033562,10,11,2023,2025-12-05 08:20:00,1,92,92063,2,9,1,6,Chataigneraie (Avenue De La),48.85967167,2.18128324
202300033563,19,5,2023,2025-12-05 00:27:00,5,93,93066,2,2,1,6,Avenue Du President Wilson / Rue Francis De Pressense,48.91833,2.35727
202300033564,10,11,2023,2025-12-05 14:55:00,1,92,92049,2,2,2,3,Brossolette Avenue Pierre,48.8181353,2.30851167
202300033565,21,3,2023,2025-12-05 15:21:00,1,971,97104,2,6,8,6,Felix Eboue (Boulvard G.General),16.01279537,-61.74609303
202300033566,21,5,2023,2025-12-05 04:55:00,5,974,97416,2,1,1,6,Four A Chaux(Rue Du),-21.34244,55.47685
202300033567,8,11,2023,2025-12-05 16:10:00,1,92,92025,2,1,2,3,Bournard (Rue Du),48.92348245,2.25734782
202300033568,21,5,2023,2025-12-05 08:15:00,1,973,97302,2,3,3,7,Mere Theresa (Rue),4.92617709,-52.3136183
202300033569,13,4,2023,2025-12-05 20:50:00,5,75,75113,2,1,1,2,Boulevard Du General Jean Simon,48.825842,2.382314
202300033570,9,11,2023,2025-12-05 23:55:00,5,92,92060,2,2,1,3,Paul Langevin (Avenue) (Rd 2),48.78226632,2.25319648
202300033571,21,5,2023,2025-12-05 11:25:00,1,69,69387,2,1,1,2,Avenue Berthelot,45.7433,4.84769
202300033572,10,11,2023,2025-12-05 18:30:00,5,92,92012,2,1,2,7,Alphonse Le Gallo (Quai) 35/Fin,48.8390449,2.22412348
202300033573,13,4,2023,2025-12-05 11:33:00,1,75,75119,2,3,2,6,Boulevard De La Villette,48.884293,2.367655
202300033574,10,11,2023,2025-12-05 10:30:00,1,92,92007,2,2,1,6,Petit (Avenue Albert) Ndeg 39 A Fin,48.79622305,2.32176125
202300033575,21,5,2023,2025-12-05 06:00:00,2,95,95268,2,1,1,3,D84A,48.96277,2.41824
202300033576,12,4,2023,2025-12-05 20:43:00,5,75,75108,2,2,1,5,Boulevard De Courcelles,48.878669,2.300854
202300033577,10,11,2023,2025-12-05 02:40:00,5,92,92014,2,1,1,2,Marechal Joffre (Bd Du) (1 A 41 - 2 A 56,48.78175,2.31443
202300033578,13,4,2023,2025-12-05 19:30:00,1,75,75105,2,2,1,2,Boulevard Saint Michel,48.851397,2.343175
202300033579,10,11,2023,2025-12-05 16:40:00,1,60,60179,1,2,2,2,Rd 47,49.582963,2.500226
202300033580,20,5,2023,2025-12-05 11:55:00,1,91,91471,2,3,1,6,Verrier (Rue),48.698,2.186
202300033581,13,4,2023,2025-12-05 18:35:00,1,75,75118,2,2,1,3,Rue Ordener,48.893092,2.340219
202300033582,11,11,2023,2025-12-05 15:00:00,1,976,97610,2,1,1,6,Route Nationale 1 - Koungou,-12.735958,45.205168
202300033583,13,4,2023,2025-12-05 18:20:00,1,75,75117,2,2,1,6,Boulevard Bessieres,48.894452,2.313457
202300033584,11,11,2023,2025-12-05 11:05:00,1,47,47145,1,1,1,1,Rn 21 Pk/Pr 76+900,44.13961041,0.65109683
202300033585,21,5,2023,2025-12-05 12:40:00,1,91,91286,2,1,1,6,Henri Rol Tanguy,48.652818,2.388837
202300033586,11,11,2023,2025-12-05 09:00:00,1,54,54037,1,2,1,6,Rd 115,48.59047904,6.24390364
202300033587,13,4,2023,2025-12-05 13:45:00,1,75,75117,2,3,1,3,Porte De Clichy,48.89640623,2.31033683
202300033588,21,5,2023,2025-12-05 07:50:00,1,85,85191,2,1,1,6,5 Rue Du General Guerin,46.660616,-1.4112482
202300033589,11,4,2023,2025-12-05 20:53:00,5,75,75116,2,5,2,3,Place De L Alma,48.864561,2.301283
202300033590,11,11,2023,2025-12-05 11:35:00,1,14,14689,1,3,2,6,1 Rue Sannesson,48.979745,-0.526282
202300033591,10,11,2023,2025-12-05 07:24:00,4,31,31454,2,1,3,6,Place Du Foirail,43.412167,1.117703
202300033592,13,4,2023,2025-12-05 19:10:00,1,75,75114,2,3,1,3,Boulevard Jourdan,48.819702,2.342815
202300033593,21,5,2023,2025-12-05 18:15:00,1,78,78440,2,2,1,2,Europe (Avenue De L'),48.975869,1.915807
202300033594,10,11,2023,2025-12-05 17:50:00,3,51,51147,1,4,2,1,Intersection D994/D66,49.045787,4.505462
202300033595,13,4,2023,2025-12-05 13:15:00,1,75,75115,2,1,2,2,Boulevard De Vaugirard,48.841365,2.318507
202300033596,11,11,2023,2025-12-05 17:15:00,2,60,60637,1,1,1,7,D922,49.15645,3.012142
202300033597,13,4,2023,2025-12-05 17:26:00,1,75,75113,2,7,1,2,Place D Italie,48.831869,2.355266
202300033598,21,5,2023,2025-12-05 21:20:00,2,76,76561,2,2,1,3,Rue De La Resistance,49.3023,1.03446
202300033599,10,11,2023,2025-12-05 19:50:00,3,22,22193,1,1,1,6,Tryalin,48.44235162,-2.47904811
202300033600,12,4,2023,2025-12-05 09:00:00,1,75,75113,2,4,2,3,Boulevard De L Hopital,48.839829,2.361667
202300033601,10,11,2023,2025-12-05 17:50:00,2,24,24053,1,1,2,6,A89,45.135237,0.751834
202300033602,12,4,2023,2025-12-05 22:00:00,5,75,75120,2,2,8,3,Boulevard Davout,48.853526,2.410791
202300033603,10,11,2023,2025-12-05 09:50:00,1,19,19083,1,1,2,6,Adresse_Inconnue,45.65184732,2.52223241
202300033604,11,11,2023,2025-12-05 11:30:00,1,80,80208,1,1,1,7,D941,50.184205,2.054588
202300033605,13,4,2023,2025-12-05 16:15:00,1,75,75110,2,3,1,6,Rue D Abbeville,48.878575,2.350545
202300033606,15,4,2023,2025-12-05 20:13:00,2,70,70550,2,9,1,6,Serpente (Rue),47.6238,6.1599
202300033607,13,4,2023,2025-12-05 16:25:00,1,75,75108,2,2,1,6,Rue Pasquier,48.875179,2.323821
202300033608,10,11,2023,2025-12-05 16:55:00,1,89,89197,1,2,2,3,Guillon-Terre-Plaine,47.521447,4.062645
202300033609,21,5,2023,2025-12-05 23:00:00,5,69,69275,2,1,1,6,Rue Danton,45.77135,4.9488
202300033610,12,4,2023,2025-12-05 19:00:00,1,75,75108,2,3,4,3,Rue De Constantinople,48.880889,2.31759
202300033611,11,11,2023,2025-12-05 12:25:00,1,49,49069,2,2,1,3,La Rabottiere (Lire),47.357488,-1.174124
202300033612,13,4,2023,2025-12-05 13:40:00,1,75,75104,2,1,1,7,Voie Georges Pompidou,48.854022,2.355005
202300033613,21,5,2023,2025-12-05 06:10:00,2,62,62540,1,1,1,6,D941,50.4568,2.57482
202300033614,10,11,2023,2025-12-05 19:10:00,5,49,49218,2,9,1,3,Avenue De L'Evre (St Pierre-Montlimart),47.263625,-1.042038
202300033615,12,4,2023,2025-12-05 08:50:00,1,75,75104,2,3,2,6,Rue Saint Antoine,48.853254,2.36859
202300033616,10,11,2023,2025-12-05 10:15:00,1,46,46283,2,6,2,6,D720,44.97755,1.688869
202300033617,21,5,2023,2025-12-05 13:54:00,1,60,60414,2,1,1,6,Rue De La Republique,49.2566,2.43436
202300033618,17,4,2023,2025-12-05 10:00:00,1,94,94042,2,9,1,3,Place De Verdun,48.82026662,2.47331402
202300033619,10,11,2023,2025-12-05 17:30:00,2,41,41214,2,1,2,6,Rue De La Cavee,47.925871,1.20506
202300033620,19,5,2023,2025-12-05 12:40:00,1,46,46042,2,3,1,3,Regourd (Quai De),44.44938876,1.44306965
202300033621,10,11,2023,2025-12-05 15:50:00,1,86,86281,1,1,1,7,D347,46.704732,0.234893
202300033622,13,4,2023,2025-12-05 17:30:00,1,94,94076,2,3,1,2,66 Av Du President Salvador Allende,48.79689,2.34996
202300033623,21,5,2023,2025-12-05 22:02:00,2,35,35238,2,1,1,6,Boheme (Cours De),48.09051,-1.65396
202300033624,11,11,2023,2025-12-05 09:33:00,1,22,22232,1,1,8,6,3 Route De La Lande,48.645892,-2.860719
202300033625,13,4,2023,2025-12-05 16:00:00,1,94,94041,2,1,1,3,Avenue De La Republique,48.803672,2.395942
202300033626,10,11,2023,2025-12-05 23:30:00,3,38,38175,1,1,3,6,D528,45.259626,5.912466
202300033627,21,5,2023,2025-12-05 14:50:00,1,35,35238,2,1,1,6,Barthou (Avenue Louis),48.10579,-1.67105
202300033628,12,4,2023,2025-12-05 15:15:00,1,94,94028,2,1,1,3,Avenue Du General De Gaulle,48.78656343,2.44746557
202300033629,21,5,2023,2025-12-05 03:10:00,3,33,33281,2,1,1,6,Rue Armand Gayral,44.83506,-0.61858
202300033630,11,11,2023,2025-12-05 12:21:00,1,15,15040,1,1,8,3,D678,45.387194,2.818261
202300033631,13,4,2023,2025-12-05 08:50:00,1,94,94077,2,1,1,2,Rue Des Voeux Saint Georges,48.73097,2.43577
202300033632,21,5,2023,2025-12-05 01:57:00,5,33,33192,2,1,1,6,Rue Saint-Francois Xavier,44.77591,-0.59135
202300033633,10,11,2023,2025-12-05 18:10:00,3,72,72028,1,2,2,3,D338/ D216,47.763207,0.354663
202300033634,13,4,2023,2025-12-05 20:27:00,5,93,93078,2,3,1,3,Av Du Mal De Lattre De Tassigny / Rue Marius Petipa,48.96226,2.5408
202300033635,10,11,2023,2025-12-05 20:15:00,3,18,18183,2,1,2,6,Rue Gaston Boutillon,46.802131,2.649443
202300033636,20,5,2023,2025-12-05 18:30:00,1,33,33162,2,2,1,3,Rue Andre Blanc,44.8785,-0.6414
202300033637,12,4,2023,2025-12-05 21:34:00,5,93,93066,2,2,1,6,Rue Paul Eluard / Rue Du Fort De La Briche,48.941913,2.341677
202300033638,11,11,2023,2025-12-05 07:55:00,1,43,43239,2,1,1,7,15 Route De Langeac,45.092997,3.626304
202300033639,21,5,2023,2025-12-05 12:30:00,1,33,33529,2,1,1,6,Sore (Rue Gilbert),44.63169,-1.15095
202300033640,13,4,2023,2025-12-05 08:45:00,1,93,93077,2,3,1,3,Rue De Neuilly / Avenue Marcel,48.87728,2.52395
202300033641,10,11,2023,2025-12-05 23:15:00,3,85,85128,2,1,8,6,Rd 949 Avenue Du Marechal Juin,46.45966,-1.1412491
202300033642,13,4,2023,2025-12-05 19:25:00,2,93,93051,2,1,1,3,Route De Gournay,48.85139,2.57121
202300033643,20,5,2023,2025-12-05 12:40:00,1,29,29051,1,1,1,4,Avenue De Garsalec,48.01448,-4.0066
202300033644,13,4,2023,2025-12-05 10:47:00,1,93,93047,2,3,1,3,Boulevard Bargue / Avenue De Clichy-Sous-Bois,48.90301883,2.56218928
202300033645,10,11,2023,2025-12-05 13:15:00,1,27,27385,1,1,3,4,D675,49.349604,0.561515
202300033646,11,11,2023,2025-12-05 08:45:00,3,28,28378,1,1,2,6,Departemental 137.6,48.270376,0.875387
202300033647,13,4,2023,2025-12-05 14:50:00,1,93,93007,2,3,1,3,Avenue Du 8 Mai 1945 / Rue Diderot,48.94502925,2.43523023
202300033648,10,11,2023,2025-12-05 18:00:00,5,28,28140,2,1,1,6,D28,48.606491,1.67045
202300033649,13,4,2023,2025-12-05 13:15:00,1,93,93001,2,1,1,6,64 Rue Du Moutier,48.91538504,2.37841424
202300033650,13,4,2023,2025-12-05 10:30:00,1,92,92075,2,1,1,7,Republique (Rue De La),48.82008,2.28607
202300033651,10,11,2023,2025-12-05 21:40:00,3,68,68375,2,3,3,1,Rue De Reiningue,47.787518,7.225351
202300033652,20,5,2023,2025-12-05 23:55:00,5,25,25056,2,1,1,3,Dole Rue De (Entre 82 Et 185),47.229655,5.991439
202300033653,13,4,2023,2025-12-05 07:25:00,1,92,92046,2,3,1,3,Hoche,48.81296829,2.293109
202300033654,10,11,2023,2025-12-05 22:30:00,3,1,1031,1,1,2,2,Bellignat,46.252494,5.626824
202300033655,13,4,2023,2025-12-05 09:45:00,1,92,92073,2,1,1,6,Calvaire (Rue Du),48.87067,2.22007
202300033656,11,11,2023,2025-12-05 10:00:00,1,971,97112,2,1,2,2,N9,15.882629,-61.308399
202300033657,13,4,2023,2025-12-05 00:25:00,3,92,92024,2,9,1,3,Republique (Place De La),48.90299785,2.31286749
202300033658,11,11,2023,2025-12-05 08:25:00,1,45,45284,1,1,1,6,D2060 Pr 89 + 310,47.918298,2.005391
202300033659,13,4,2023,2025-12-05 20:30:00,2,92,92002,2,1,1,2,Chateaubriand (Rue),48.74612,2.31382
202300033660,10,11,2023,2025-12-05 15:26:00,1,95,95610,1,9,3,6,D14,49.09987787,1.89621449
202300033661,10,11,2023,2025-12-05 10:40:00,1,34,34154,2,2,1,6,Boulevard De La Liberte,43.615607,4.012311
202300033662,13,4,2023,2025-12-05 22:40:00,3,24,24540,1,1,2,1,D8 - Lieu Dit Les Palissoux,45.307463,0.864487
202300033663,21,5,2023,2025-12-05 15:45:00,1,17,17415,1,1,1,4,Route Nationale 150,45.72259,-0.65275
202300033664,8,4,2023,2025-12-05 06:45:00,2,47,47015,1,1,1,7,La Clotte,44.056546,0.637111
202300033665,10,11,2023,2025-12-05 20:29:00,3,6,6078,1,1,1,5,D6202,43.911866,7.182208
202300033666,8,11,2023,2025-12-05 17:00:00,1,13,13085,1,1,1,7,D559A - Route D'Aubagne,43.254455,5.58791
202300033667,12,4,2023,2025-12-05 19:30:00,1,45,45187,1,1,1,6,D961 Pr 21 + 178,47.87092924,2.48622205
202300033668,21,5,2023,2025-12-05 10:15:00,1,13,13019,1,1,2,1,D543,43.43157,5.36664
202300033669,11,11,2023,2025-12-05 12:00:00,1,89,89189,1,1,1,6,Adresse_Inconnue,48.290103,3.265772
202300033670,13,4,2023,2025-12-05 18:25:00,1,10,10142,1,1,1,1,D660,48.27194,3.790691
202300033671,11,11,2023,2025-12-05 07:31:00,2,71,71491,1,1,2,6,3620 Route De Versaugues,46.407956,4.092209
202300033672,13,4,2023,2025-12-05 07:45:00,1,68,68381,1,3,2,7,68 Route De Jungholtz,47.87974,7.212176
202300033673,10,11,2023,2025-12-05 17:40:00,4,68,68063,2,2,3,6,35 Faubourg Des Vosges,47.810424,7.168568
202300033674,3,4,2023,2025-12-05 22:30:00,3,68,68260,1,1,1,7,D4B,47.88337,7.294493
202300033675,20,5,2023,2025-12-05 00:10:00,5,75,75113,2,3,1,3,Avenue D Italie,48.825793,2.357422
202300033676,9,11,2023,2025-12-05 05:50:00,3,54,54063,1,1,3,7,Grand Rue,48.83798661,5.83956599
202300033677,13,4,2023,2025-12-05 17:45:00,1,44,44138,1,1,1,2,Adresse_Inconnue,47.496176,-1.63833
202300033678,10,11,2023,2025-12-05 18:00:00,3,54,54377,1,1,1,2,D935,48.50707678,6.79902434
202300033679,13,4,2023,2025-12-05 18:05:00,1,12,12270,1,1,4,5,A75,44.35980948,3.11655325
202300033680,10,11,2023,2025-12-05 17:40:00,3,38,38349,1,3,3,3,D4,45.339221,4.780415
202300033681,21,5,2023,2025-12-05 20:25:00,1,75,75111,2,9,1,2,Boulevard Richard Lenoir,48.855479,2.381832
202300033682,7,4,2023,2025-12-05 08:00:00,1,41,41010,1,1,1,5,D957,47.836364,0.993855
202300033683,10,11,2023,2025-12-05 18:55:00,3,38,38415,1,1,1,1,D 18,45.628812,5.255585
202300033684,13,4,2023,2025-12-05 18:40:00,1,19,19123,2,1,3,7,Avenue Pierre Et Marie Curie,45.168718,1.558428
202300033685,23,10,2023,2025-12-05 07:20:00,2,46,46174,1,1,5,1,Lieu Dit Bouluech,44.65218461,2.11740017
202300033686,21,5,2023,2025-12-05 19:05:00,1,75,75112,2,2,1,1,Avenue Daumesnil,48.83494,2.41984
202300033687,14,4,2023,2025-12-05 14:00:00,1,76,76360,1,1,3,3,Route Du Beauchamp,49.748222,1.085415
202300033688,10,11,2023,2025-12-05 07:13:00,3,17,17214,1,4,2,1,Route De Royan,45.702182,-0.776658
202300033689,21,5,2023,2025-12-05 19:00:00,1,94,94041,2,1,1,6,Avenue De L'Industrie,48.813715,2.404811
202300033690,13,4,2023,2025-12-05 09:25:00,1,79,79012,2,1,2,2,Adresse_Inconnue,46.476948,-0.563682
202300033691,10,11,2023,2025-12-05 19:00:00,5,85,85113,2,6,1,7,Rue Calypso,46.724205,-2.347888
202300033692,21,5,2023,2025-12-05 00:50:00,5,94,94065,2,2,1,6,Avenue Charles Lindbergh,48.75128,2.35343
202300033693,28,2,2023,2025-12-05 08:50:00,1,49,49007,2,1,1,2,Tardat,47.45004,-0.55268
202300033694,13,4,2023,2025-12-05 16:22:00,1,33,33541,1,2,2,3,D1215,45.41550825,-1.0351342
202300033695,11,11,2023,2025-12-05 19:25:00,3,35,35228,1,1,2,1,Rue De Dinard,48.594918,-2.056761
202300033696,21,5,2023,2025-12-05 08:00:00,1,94,94019,2,6,1,6,Carrefour De Pince-Vent,48.79217,2.55545
202300033697,28,2,2023,2025-12-05 18:25:00,1,44,44184,1,6,1,3,Route Des Forges,47.26789,-2.27812
202300033698,13,4,2023,2025-12-05 15:30:00,1,76,76638,1,2,1,1,D1314,50.009415,1.429901
202300033699,10,11,2023,2025-12-05 13:40:00,1,76,76354,2,3,3,3,4001 Route De Duclair,49.484604,0.923726
202300033700,13,4,2023,2025-12-05 13:45:00,1,12,12076,1,1,2,6,D901,44.553112,2.411048
202300033701,21,5,2023,2025-12-05 18:20:00,1,94,94028,2,1,1,6,Avenue De Verdun,48.796981,2.463847
202300033702,9,11,2023,2025-12-05 13:20:00,1,13,13026,1,1,3,6,A55-Sens Marseille Vers Martigues,43.38935,5.13906
202300033703,1,3,2023,2025-12-05 08:50:00,1,37,37233,2,3,1,3,Semard (Rue Pierre),47.38723,0.71304
202300033704,13,4,2023,2025-12-05 18:50:00,1,39,39443,1,1,1,1,Adresse_Inconnue,46.554697,5.596395
202300033705,21,5,2023,2025-12-05 16:25:00,1,93,93008,2,1,1,6,Rue Babeuf,48.91279102,2.46993122
202300033706,1,3,2023,2025-12-05 11:10:00,1,35,35278,1,1,1,2,N136,48.14061,-1.69045
202300033707,10,4,2023,2025-12-05 17:20:00,1,39,39240,1,1,1,6,Adresse_Inconnue,46.617492,5.862579
202300033708,21,5,2023,2025-12-05 16:15:00,1,93,93005,2,1,1,6,Allee D'Athenes,48.94983309,2.49126377
202300033709,1,3,2023,2025-12-05 10:45:00,1,35,35238,2,1,1,6,Combes (Bd Emile),48.09494516,-1.66399688
202300033710,8,11,2023,2025-12-05 08:20:00,1,83,83126,1,1,1,4,A50,43.11996038,5.86434154
202300033711,21,5,2023,2025-12-05 17:00:00,1,92,92046,2,1,1,6,Pierre Brossolette (Avenue),48.82163294,2.31301636
202300033712,26,2,2023,2025-12-05 17:10:00,1,34,34172,2,1,1,3,866 Avenue Du Professeur Louis Ravaz,43.6219,3.84683
202300033713,13,4,2023,2025-12-05 15:00:00,1,1,1123,1,4,1,3,Route Des Greffets,46.246312,4.834137
202300033714,9,11,2023,2025-12-05 08:35:00,1,69,69266,1,1,2,2,Route Departementale 383,45.75838,4.90902
202300033715,12,4,2023,2025-12-05 21:00:00,3,26,26342,1,1,1,6,2 Route De Saint Paul,44.35729318,4.84215975
202300033716,1,3,2023,2025-12-05 19:05:00,5,33,33063,2,1,1,3,Avenue D'Ares,44.83864,-0.62031
202300033717,21,5,2023,2025-12-05 11:20:00,1,92,92064,2,2,1,6,Porte Jaune,48.84899817,2.20116824
202300033718,8,11,2023,2025-12-05 03:50:00,3,69,69290,1,1,1,1,Autoroute 43,45.69136,4.98786
202300033719,14,4,2023,2025-12-05 07:45:00,1,6,6059,1,1,1,7,Moyenne Corniche,43.727476,7.354317
202300033720,1,3,2023,2025-12-05 15:00:00,1,33,33119,2,1,1,2,Boulevard Entre Deux Mers,44.84631425,-0.53611189
202300033721,20,5,2023,2025-12-05 11:00:00,1,92,92064,2,1,1,2,Marcel Dassault,48.85530762,2.22291157
202300033722,10,11,2023,2025-12-05 16:20:00,1,33,33550,1,1,1,3,Rocade A 630,44.77784958,-0.55851638
202300033723,14,4,2023,2025-12-05 11:45:00,1,9,9145,1,1,2,5,D12,43.079985,1.741118
202300033724,10,11,2023,2025-12-05 15:25:00,1,77,77251,1,1,2,6,Autoroute A5A,48.62178,2.54502
202300033725,28,2,2023,2025-12-05 15:20:00,1,33,33069,2,3,1,3,Avenue De La Liberation Charles De Gaulle,44.85999,-0.59924