num_acc,jour,mois,an,hrmn,lum,dep,com,agg,int,atm,col,adr,lat,long
202300033726,21,5,2023,2025-12-05 12:36:00,1,92,92063,2,1,1,1,Pompidou (Avenue Du President),48.87038894,2.19647736
202300033727,13,4,2023,2025-12-05 16:35:00,1,60,60178,2,9,1,6,52 Rue De Breteuil,49.609542,2.095578
202300033728,10,11,2023,2025-12-05 08:37:00,1,94,94021,1,1,1,3,A106,48.76076577,2.34564162
202300033729,21,5,2023,2025-12-05 18:50:00,1,92,92026,2,1,1,6,Louis Ulbach (De 16 A Fin),48.90205884,2.26388741
202300033730,10,11,2023,2025-12-05 06:25:00,2,94,94043,1,1,1,3,A6B,48.80476702,2.34457441
202300033731,13,4,2023,2025-12-05 16:45:00,1,73,73010,1,2,1,3,D54 / Route Du Mazet,45.79443823,5.93267454
202300033732,1,3,2023,2025-12-05 14:15:00,1,31,31555,2,1,1,4,33 B Sesquieres  (Periph Ouest A620),43.64841,1.42386
202300033733,10,11,2023,2025-12-05 11:45:00,1,78,78242,1,1,1,2,A12 Y,48.804765,2.049858
202300033734,10,11,2023,2025-12-05 10:20:00,1,78,78029,1,1,1,3,A13Y,48.96631,1.85195
202300033735,14,4,2023,2025-12-05 09:15:00,1,4,4055,1,1,1,6,N85,43.988739,6.296464
202300033736,21,5,2023,2025-12-05 14:45:00,1,92,92024,2,3,1,3,Martre De (4 A 54),48.89931466,2.30945438
202300033737,9,11,2023,2025-12-05 07:15:00,2,78,78118,1,1,8,6,A13,48.98693,1.664935
202300033738,1,3,2023,2025-12-05 10:09:00,1,29,29039,2,2,1,1,Chemin De Keramplen,47.90442,-3.915256
202300033739,13,4,2023,2025-12-05 10:10:00,1,17,17385,2,6,1,3,Rue De La Liberation,45.944805,-1.309583
202300033740,21,5,2023,2025-12-05 02:50:00,5,92,92012,2,1,1,7,Meudon (Rue De) - Cote Pair,48.82811367,2.24207193
202300033741,8,11,2023,2025-12-05 21:12:00,3,78,78118,1,1,1,5,A13,48.983163,1.685059
202300033742,10,11,2023,2025-12-05 20:40:00,3,93,93053,1,1,1,6,Autoroute A3,48.88171885,2.45421891
202300033743,14,4,2023,2025-12-05 17:30:00,1,87,87011,1,1,3,3,Rn 47 Pk035+800,46.100108,1.076231
202300033744,28,2,2023,2025-12-05 13:07:00,1,18,18033,2,1,1,3,Place De Juranville,47.083368,2.388667
202300033745,8,4,2023,2025-12-05 15:25:00,1,37,37250,1,1,1,6,Bourg Cocu,47.198782,0.700073
202300033746,21,5,2023,2025-12-05 08:35:00,1,92,92004,2,1,1,1,Aulagnier ( Quai ),48.91326,2.30712
202300033747,28,2,2023,2025-12-05 22:00:00,5,14,14118,2,1,2,6,51 Rue De Geole,49.185085,-0.363596
202300033748,10,11,2023,2025-12-05 17:30:00,3,92,92036,1,1,1,5,Autoroute A86,48.93810053,2.29792713
202300033749,8,2,2023,2025-12-05 14:15:00,1,13,13039,2,1,1,3,Chaland (Chemin Du),43.45566,4.93169
202300033750,10,11,2023,2025-12-05 14:55:00,1,93,93007,1,1,2,7,Autoroute A1,48.94605193,2.44078471
202300033751,12,4,2023,2025-12-05 11:40:00,1,37,37130,1,2,1,3,Machefer,47.036168,0.849756
202300033752,13,4,2023,2025-12-05 18:40:00,1,8,8302,2,1,1,6,Adresse_Inconnue,49.89169,4.761468
202300033753,10,11,2023,2025-12-05 15:30:00,1,92,92036,1,1,2,2,Autoroute A86,48.93817308,2.31344484
202300033754,21,5,2023,2025-12-05 16:10:00,1,60,60332,1,2,1,2,Departemental 137,49.35994177,2.49832883
202300033755,28,2,2023,2025-12-05 23:30:00,3,13,13001,2,1,1,7,Premiere Div Francaise Lib (Av),43.55011,5.42881
202300033756,10,11,2023,2025-12-05 08:40:00,1,93,93064,1,1,1,1,Autoroute A86,48.88087,2.47514
202300033757,1,2,2023,2025-12-05 09:47:00,1,2,2722,2,6,1,6,50 Boulevard Condorcet,49.37726,3.31158
202300033758,14,4,2023,2025-12-05 11:25:00,1,8,8449,1,4,1,3,D16/ D20,49.71379,4.50874
202300033759,21,5,2023,2025-12-05 15:48:00,1,1,1085,1,1,1,7,D7,46.097385,4.992771
202300033760,10,11,2023,2025-12-05 15:30:00,1,94,94073,1,1,2,2,A86,48.7542676,2.38140831
202300033761,20,5,2023,2025-12-05 18:25:00,1,62,62471,1,1,1,7,D341,50.6477916,2.22226422
202300033762,13,4,2023,2025-12-05 17:51:00,1,68,68321,2,3,1,3,Rue De La Republique,47.828418,7.25099
202300033763,1,3,2023,2025-12-05 15:00:00,1,75,75116,2,3,1,6,Avenue Des Portugais,48.871289,2.29336
202300033764,9,11,2023,2025-12-05 10:55:00,1,75,75119,2,3,1,6,Rue Des Alouettes,48.878801,2.385692
202300033765,7,4,2023,2025-12-05 08:50:00,1,6,6150,1,1,1,2,"A500, Pk 002.012",43.741445,7.384357
202300033766,9,11,2023,2025-12-05 08:30:00,1,75,75118,2,3,1,6,Rue Houdon,48.88352,2.338808
202300033767,1,3,2023,2025-12-05 04:14:00,5,75,75104,2,3,1,2,Rue De Rivoli,48.85805641,2.34964192
202300033768,14,4,2023,2025-12-05 13:00:00,1,38,38044,1,1,1,6,A48 - Pk 051+600,45.50098975,5.39953813
202300033769,21,5,2023,2025-12-05 18:30:00,1,49,49355,1,1,1,1,D960,47.099638,-0.776223
202300033770,9,11,2023,2025-12-05 22:35:00,3,75,75117,2,1,8,3,Boulevard Berthier,48.89245,2.30913
202300033771,2,3,2023,2025-12-05 17:45:00,1,75,75118,2,7,1,6,Place De La Chapelle,48.884783,2.359282
202300033772,13,4,2023,2025-12-05 17:00:00,1,38,38180,1,1,1,6,D119 Pr 015+500,45.355704,5.290368
202300033773,9,11,2023,2025-12-05 10:00:00,1,75,75115,2,2,8,6,Rue Lecourbe,48.836853,2.283587
202300033774,8,11,2023,2025-12-05 17:55:00,5,75,75114,2,3,1,7,Avenue Du General Leclerc,48.82879,2.327819
202300033775,2,3,2023,2025-12-05 18:35:00,2,75,75117,2,3,1,3,Avenue De La Porte De Clichy,48.89528,2.312063
202300033776,14,4,2023,2025-12-05 18:45:00,1,68,68278,2,1,1,3,16 Ruelle De La Gare,47.749467,7.405032
202300033777,21,5,2023,2025-12-05 14:20:00,1,68,68345,1,3,1,3,D208,48.076165,7.483492
202300033778,7,11,2023,2025-12-05 20:58:00,5,75,75114,2,2,1,3,Rue Vercingetorix,48.83277,2.31149
202300033779,13,4,2023,2025-12-05 18:05:00,1,13,13051,1,1,1,4,"A7, Pk 244.000",43.574942,5.212616
202300033780,2,3,2023,2025-12-05 13:10:00,1,75,75117,2,4,1,4,Boulevard Malesherbes,48.888847,2.304299
202300033781,25,6,2023,2025-12-05 00:45:00,5,63,63113,2,4,1,6,Richepin /Monlosier,45.78143,3.0886
202300033782,21,5,2023,2025-12-05 13:30:00,1,28,28198,1,1,1,3,D955,48.068559,1.363957
202300033783,2,3,2023,2025-12-05 03:40:00,5,75,75117,2,2,1,6,Rue De Rome,48.884657,2.317866
202300033784,13,4,2023,2025-12-05 23:00:00,5,33,33234,1,6,3,3,Route De Cadillac,44.77963673,-0.49587607
202300033785,9,11,2023,2025-12-05 05:00:00,5,75,75110,2,3,2,2,Boulevard De Strasbourg,48.87062,2.35496
202300033786,13,4,2023,2025-12-05 08:12:00,1,41,41220,2,3,1,3,Route D?Orleans,47.720304,1.62062
202300033787,20,5,2023,2025-12-05 21:10:00,3,972,97221,1,1,1,6,Departementale 7,14.526469,-60.989678
202300033788,24,6,2023,2025-12-05 18:25:00,1,61,61001,2,6,1,6,Rue Louis Demees,48.43378,0.09414
202300033789,1,3,2023,2025-12-05 23:30:00,5,75,75116,2,2,1,3,Allee De La Reine Marguerite,48.858544,2.244856
202300033790,9,11,2023,2025-12-05 03:47:00,5,75,75109,2,7,2,2,Boulevard Haussmann,48.873161,2.331538
202300033791,14,4,2023,2025-12-05 13:45:00,1,28,28001,1,1,2,3,Route Departementale 928,48.776131,1.401272
202300033792,24,6,2023,2025-12-05 07:20:00,1,61,61001,2,1,1,6,Jean Mantelet (Avenue),48.41754,0.1027
202300033793,8,11,2023,2025-12-05 17:00:00,5,75,75107,2,2,2,7,Rue De Lille,48.860024,2.324574
202300033794,13,4,2023,2025-12-05 18:30:00,1,95,95641,1,1,1,7,Rue Du Jeu D'Arc,49.073486,2.570634
202300033795,2,3,2023,2025-12-05 08:40:00,1,75,75115,2,1,1,3,Rue Saint Charles,48.840683,2.280367
202300033796,21,5,2023,2025-12-05 12:10:00,1,83,83152,2,3,1,1,D559,43.15650229,6.47234023
202300033797,9,11,2023,2025-12-05 09:35:00,1,75,75102,2,1,1,7,Rue De Clery,48.86871,2.348668
202300033798,23,6,2023,2025-12-05 13:50:00,1,56,56121,2,6,1,3,Kerlin (Rue  De ),47.74724,-3.37655
202300033799,14,4,2023,2025-12-05 12:50:00,1,66,66190,1,3,1,3,Adresse_Inconnue,42.809317,2.912643
202300033800,2,3,2023,2025-12-05 05:40:00,5,75,75115,2,2,1,3,Rue De Vaugirard,48.84041,2.304248
202300033801,24,6,2023,2025-12-05 20:35:00,1,45,45147,1,2,1,6,32 Rue Marcellin Berthelot,47.91998,1.91478
202300033802,13,4,2023,2025-12-05 10:52:00,1,34,34162,1,1,1,6,D613,43.478504,3.46049
202300033803,21,5,2023,2025-12-05 18:30:00,1,56,56123,1,2,1,3,D775,47.661913,-2.263653
202300033804,21,5,2023,2025-12-05 18:00:00,1,80,80704,2,1,1,6,Rue Du Souvenir,49.965421,2.409246
202300033805,1,3,2023,2025-12-05 14:44:00,1,75,75114,2,2,1,3,Rue De La Legion Etrangere,48.82057199,2.32413143
202300033806,27,5,2023,2025-12-05 15:00:00,1,42,42218,1,1,1,3,D3,45.43395044,4.30323958
202300033807,6,11,2023,2025-12-05 18:50:00,5,94,94028,2,6,1,3,Route De La Pompadour,48.769165,2.461181
202300033808,11,4,2023,2025-12-05 11:50:00,1,84,84054,2,3,1,2,Route De Carpentras,43.935777,5.063399
202300033809,2,3,2023,2025-12-05 18:30:00,5,75,75110,2,4,1,3,Boulevard De Magenta,48.875538,2.356732
202300033810,19,5,2023,2025-12-05 16:15:00,1,33,33485,1,4,1,3,1 Route De Merlande,44.827493,-0.134325
202300033811,14,6,2023,2025-12-05 14:55:00,1,42,42189,2,2,1,3,Rue Du Val De Roche,45.4375,4.3248
202300033812,12,4,2023,2025-12-05 11:30:00,1,13,13015,2,1,1,3,Avenue De La Croix D?Or,43.4492,5.398187
202300033813,9,11,2023,2025-12-05 07:28:00,5,93,93051,2,2,2,1,Avenue Mederic / Avenue Des Graviers,48.82996868,2.58132577
202300033814,2,3,2023,2025-12-05 12:15:00,1,75,75109,2,1,1,6,Rue Jean Baptiste Pigalle,48.881608,2.336706
202300033815,22,5,2023,2025-12-05 00:00:00,3,11,11129,1,1,2,6,Adresse_Inconnue,42.925843,2.21985
202300033816,24,6,2023,2025-12-05 11:45:00,1,41,41269,2,9,1,3,Paris (Route De),47.79551,1.07484
202300033817,13,4,2023,2025-12-05 19:40:00,2,67,67313,2,6,1,3,Rd392,48.539625,7.439911
202300033818,9,11,2023,2025-12-05 17:07:00,2,93,93031,2,3,2,2,Avenue De La Republique / Rue De L'Yser,48.94872,2.335167
202300033819,1,3,2023,2025-12-05 23:35:00,5,75,75108,2,7,1,3,Place Charles De Gaulle,48.873855,2.296016
202300033820,21,5,2023,2025-12-05 17:40:00,1,71,71313,1,1,1,7,D3,46.96766,4.204121
202300033821,25,6,2023,2025-12-05 01:07:00,5,37,37261,2,3,1,3,Beranger (Boulevard),47.39003,0.68643
202300033822,9,11,2023,2025-12-05 07:37:00,1,93,93029,2,3,2,3,Avenue Henri Barbusse / Rue Jane Joye,48.9182,2.448
202300033823,1,3,2023,2025-12-05 15:35:00,1,75,75108,2,2,8,3,Rue Balzac,48.87440182,2.30105639
202300033824,11,4,2023,2025-12-05 09:30:00,1,1,1043,2,6,1,2,Chemin Du Sermoraz,45.827808,4.998112
202300033825,24,6,2023,2025-12-05 14:00:00,1,37,37261,2,2,1,6,Jolivet (Rue),47.38521003,0.70696592
202300033826,8,11,2023,2025-12-05 21:30:00,5,93,93014,2,1,2,6,Allee De Gagny,48.90564,2.54895
202300033827,2,3,2023,2025-12-05 13:12:00,1,75,75107,2,1,1,2,Avenue Duquesne,48.852241,2.309256
202300033828,21,5,2023,2025-12-05 15:20:00,1,63,63055,1,3,1,3,Rd941/Rd943,45.835875,2.846403
202300033829,25,6,2023,2025-12-05 02:15:00,3,35,35238,2,1,1,7,Inkermann (D'),48.10159,-1.68619
202300033830,14,4,2023,2025-12-05 12:25:00,1,69,69184,2,1,1,1,Rue Du Pertuis,45.601124,4.564835
202300033831,2,3,2023,2025-12-05 10:24:00,1,75,75107,2,3,1,6,Rue De Bellechasse,48.857792,2.322425
202300033832,9,11,2023,2025-12-05 16:35:00,1,93,93001,2,1,2,3,Avenue Victor Hugo,48.90536462,2.3742578
202300033833,25,6,2023,2025-12-05 01:50:00,5,33,33063,2,1,1,6,Quai Sainte-Croix,44.83355504,-0.56169748
202300033834,21,5,2023,2025-12-05 12:00:00,1,63,63465,2,3,1,2,Rd205/ Rd261,45.435691,3.882229
202300033835,14,4,2023,2025-12-05 16:25:00,1,64,64230,1,1,2,1,N134,43.243187,-0.38694
202300033836,2,3,2023,2025-12-05 07:50:00,1,75,75102,2,2,1,3,Boulevard De Sebastopol,48.867052,2.352974
202300033837,24,6,2023,2025-12-05 18:15:00,1,33,33167,2,1,1,6,Rue Leo Lagrange,44.83322,-0.53118
202300033838,9,11,2023,2025-12-05 07:10:00,2,93,93001,2,2,1,3,Pont Du Landy / Quai Lucien Lefranc,48.915275,2.371344
202300033839,20,5,2023,2025-12-05 15:30:00,1,63,63003,1,1,1,2,Route Des Pradeaux,45.53616,3.775778
202300033840,9,11,2023,2025-12-05 06:50:00,5,93,93001,2,1,2,6,Boulevard Anatole France,48.916677,2.381813
202300033841,1,3,2023,2025-12-05 09:10:00,1,94,94068,2,6,1,3,Place D'Adamville Kennedy,48.79385509,2.48661
202300033842,24,6,2023,2025-12-05 19:30:00,1,31,31069,2,1,1,1,Parc (Av Du),43.63056,1.38855
202300033843,13,4,2023,2025-12-05 13:10:00,1,60,60141,2,1,2,4,Avenue Du Marechal Joffre,49.18751,2.461528
202300033844,14,5,2023,2025-12-05 22:15:00,3,55,55496,1,3,1,7,D36,48.72862779,5.66338778
202300033845,2,3,2023,2025-12-05 12:00:00,1,94,94021,2,1,1,1,Boulevard Circulaire Est,48.7652,2.35563
202300033846,24,6,2023,2025-12-05 10:30:00,1,29,29232,2,1,1,6,Avenue Leon Blum,47.986624,-4.081663
202300033847,14,4,2023,2025-12-05 17:20:00,1,60,60028,1,1,2,3,D1330,49.21795918,2.55411208
202300033848,25,6,2023,2025-12-05 00:20:00,3,29,29019,2,1,1,6,Rue Charles Le Goffic,48.397942,-4.443801
202300033849,2,3,2023,2025-12-05 06:45:00,3,94,94065,1,1,1,6,Zone Sogaris,48.75038291,2.36751001
202300033850,9,11,2023,2025-12-05 20:25:00,5,92,92073,2,1,2,2,Roosvelt (Avenue Franklin),48.87337,2.22151
202300033851,11,4,2023,2025-12-05 16:21:00,1,60,60612,2,1,1,6,34 Rue De Brichebay,49.1971,2.570282
202300033852,18,5,2023,2025-12-05 14:50:00,1,47,47250,1,2,1,5,D8,44.289698,0.311936
202300033853,25,6,2023,2025-12-05 00:15:00,3,28,28134,1,1,1,7,Isaacs (Rue Sam),48.75606,1.3944
202300033854,1,3,2023,2025-12-05 09:30:00,1,94,94017,2,1,1,6,2 Rue A Trait,48.81247295,2.51394466
202300033855,13,4,2023,2025-12-05 17:25:00,1,83,83144,1,1,1,3,A57,43.138459,5.996373
202300033856,8,11,2023,2025-12-05 15:50:00,1,92,92063,2,9,2,2,Bru (Place Du Docteur Jean),48.87624713,2.20113471
202300033857,2,3,2023,2025-12-05 12:10:00,1,93,93062,2,1,1,6,Allee Des Hetres,48.896147,2.517401
202300033858,24,6,2023,2025-12-05 19:45:00,1,26,26362,2,1,1,6,Rue De Narvik,44.93787,4.90142
202300033859,20,5,2023,2025-12-05 13:40:00,1,44,44063,1,2,1,3,Adresse_Inconnue,47.080242,-1.190761
202300033860,9,11,2023,2025-12-05 21:20:00,5,92,92040,2,1,8,6,Rodin (Boulevard),48.81912,2.25907
202300033861,2,3,2023,2025-12-05 15:25:00,1,93,93074,2,3,1,6,Rue Juan Valera / Rue De La Tournelle,48.933791,2.576219
202300033862,21,5,2023,2025-12-05 17:15:00,1,29,29027,1,1,1,6,Penn Broez,48.200808,-3.854721
202300033863,23,6,2023,2025-12-05 15:10:00,1,13,13005,2,3,7,3,Rd 43 C,43.30157,5.5916
202300033864,12,4,2023,2025-12-05 16:35:00,1,83,83137,2,1,1,4,A50 Tunnel Tube Sud,43.12610557,5.93425351
202300033865,9,11,2023,2025-12-05 09:00:00,1,92,92040,2,1,8,2,Victor Cresson (Avenue) Du 02 Au 40,48.82382,2.27237
202300033866,14,5,2023,2025-12-05 07:38:00,2,29,29062,1,1,1,6,Lieu Dit Cabaret,48.172236,-4.000086
202300033867,2,3,2023,2025-12-05 12:00:00,1,93,93031,2,9,1,3,Boulevard Foch,48.94761,2.33248
202300033868,13,4,2023,2025-12-05 13:50:00,1,33,33550,1,1,1,6,Autoroute A 62,44.77144,-0.55537
202300033869,24,6,2023,2025-12-05 18:50:00,1,11,11262,2,1,1,2,36 Rue Du Verdouble,43.18263,2.97493
202300033870,9,11,2023,2025-12-05 18:40:00,5,92,92035,2,1,2,2,Republique ( Boulevard De La ),48.90684649,2.2447536
202300033871,21,5,2023,2025-12-05 17:43:00,1,38,38319,1,1,1,6,D518,45.06439,5.335354
202300033872,2,3,2023,2025-12-05 10:00:00,1,93,93031,2,3,1,6,Rue De Paris / Rue Du Marechal Maison,48.953,2.31266
202300033873,24,6,2023,2025-12-05 23:20:00,3,11,11069,2,1,1,1,Medievale -Voie-,43.20531,2.37112
202300033874,12,4,2023,2025-12-05 16:43:00,1,59,59646,1,1,1,4,Adresse_Inconnue,50.67174,3.11458
202300033875,22,5,2023,2025-12-05 10:00:00,1,2,2543,1,1,1,7,D973,49.163021,3.279119
202300033876,2,3,2023,2025-12-05 17:15:00,1,93,93014,2,1,1,3,Allee Maurice Audin,48.908612,2.542545
202300033877,6,11,2023,2025-12-05 20:15:00,5,92,92026,2,1,1,5,Mission Marchand (Cote Pair),48.89710421,2.24028379
202300033878,13,4,2023,2025-12-05 19:53:00,2,91,91228,1,1,2,2,Autoroute A6,48.6264,2.4154
202300033879,2,3,2023,2025-12-05 14:45:00,1,92,92044,2,2,1,3,Ana.France(Rue)77A139 Et 74A124,48.89539,2.28204
202300033880,22,5,2023,2025-12-05 08:54:00,1,2,2810,2,1,1,3,Avenue De Boursonne,49.243049,3.086297
202300033881,9,11,2023,2025-12-05 11:20:00,1,92,92024,2,1,1,2,Jean Jaures (Bd) De 47 A 109)   (56 A 14,48.90417492,2.30284005
202300033882,23,6,2023,2025-12-05 16:45:00,1,7,7281,1,1,1,7,C.D.533,44.93242,4.81473
202300033883,21,5,2023,2025-12-05 17:19:00,1,2,2734,1,1,1,7,D973,49.305587,3.047765
202300033884,9,11,2023,2025-12-05 12:53:00,1,92,92012,2,1,8,6,Paris (Rue De) 1/97 - 2/114,48.83954038,2.24825835
202300033885,2,3,2023,2025-12-05 13:05:00,1,92,92036,2,1,1,2,Vieux Chemin D'Argenteuil (Avenue Du),48.938489,2.258477
202300033886,13,4,2023,2025-12-05 18:01:00,1,91,91521,1,1,1,4,N449,48.63296,2.40372
202300033887,24,6,2023,2025-12-05 20:07:00,1,6,6088,2,2,1,3,Madeleine (Bd De La),43.708191,7.230794
202300033888,1,3,2023,2025-12-05 18:50:00,5,92,92025,2,3,1,3,Pierre Expert (Rue),48.915078,2.228028
202300033889,8,11,2023,2025-12-05 21:20:00,5,92,92007,2,1,2,3,Briand (Avenue Aristide) Ndeg 2 A 98,48.80161,2.32387
202300033890,24,6,2023,2025-12-05 04:00:00,5,6,6069,2,1,1,7,Clemenceau (Boulevard Georges),43.658223,6.914309
202300033891,22,5,2023,2025-12-05 01:15:00,3,3,3258,2,1,1,6,Rue De Marcenat,46.190911,3.405274
202300033892,10,11,2023,2025-12-05 17:45:00,2,976,97610,2,1,1,6,Rue Du Commerce - Majicavo,-12.746642,45.220012
202300033893,13,4,2023,2025-12-05 09:45:00,1,94,94034,1,1,1,4,A86,48.75884006,2.32440976
202300033894,2,3,2023,2025-12-05 09:50:00,1,92,92024,2,2,1,1,Henri Barbusse (Rue) De (1 A 73)   (2 A,48.89999,2.30614
202300033895,23,6,2023,2025-12-05 10:00:00,1,5,5061,2,1,1,6,Torrent ( Allee Du ),44.56724,6.09727
202300033896,12,4,2023,2025-12-05 21:00:00,3,91,91136,1,1,2,6,Autoroute A10,48.7111,2.289
202300033897,3,3,2023,2025-12-05 10:16:00,1,69,69268,2,3,1,2,Avenue Du General Brosset,45.65644706,4.7511138
202300033898,21,5,2023,2025-12-05 17:50:00,1,14,14620,2,1,1,3,Route De Tourville-En-Auge,49.308102,0.158631
202300033899,4,11,2023,2025-12-05 18:25:00,3,31,31547,2,7,2,6,Parking,43.489345,1.31737
202300033900,23,6,2023,2025-12-05 16:45:00,1,5,5061,2,2,1,3,Provence (Avenue De),44.54252,6.05951
202300033901,13,4,2023,2025-12-05 18:40:00,1,92,92036,1,1,1,2,A86,48.93600687,2.28843139
202300033902,25,2,2023,2025-12-05 14:15:00,1,33,33308,2,1,1,7,Lieu Dit Mourisset,44.657275,-0.284899
202300033903,12,4,2023,2025-12-05 22:05:00,3,78,78423,1,1,8,6,Rn12 Ext,48.798802,1.995364
202300033904,28,2,2023,2025-12-05 09:15:00,1,6,6161,1,1,1,1,Route Departementale 6007,43.621682,7.130089
202300033905,24,6,2023,2025-12-05 19:19:00,1,75,75113,2,1,1,5,Porte D Ivry,48.822313,2.380376
202300033906,20,5,2023,2025-12-05 19:00:00,1,14,14430,1,2,1,3,Route De Pierre Solain,49.302453,-0.603544
202300033907,9,11,2023,2025-12-05 22:30:00,3,44,44137,1,1,3,7,Adresse_Inconnue,47.35647,-1.99472
202300033908,3,3,2023,2025-12-05 09:00:00,1,76,76235,1,1,9,6,Route Departementale 22,49.908676,1.275015
202300033909,24,6,2023,2025-12-05 06:35:00,1,75,75112,2,1,1,2,Porte De Vincennes,48.844037,2.414089
202300033910,21,5,2023,2025-12-05 10:45:00,1,50,50292,1,1,1,3,D972,49.090515,-1.242941
202300033911,12,4,2023,2025-12-05 10:20:00,1,92,92062,1,1,1,4,Rn1013,48.88939539,2.23745281
202300033912,3,3,2023,2025-12-05 14:10:00,1,71,71090,1,1,1,6,A6 Pk 399.000,46.210547,4.784288
202300033913,10,11,2023,2025-12-05 10:50:00,1,15,15055,1,1,2,2,A 75,45.085597,3.11692
202300033914,15,6,2023,2025-12-05 12:41:00,1,75,75111,2,3,1,6,Place De La Nation,48.84943,2.395674
202300033915,20,5,2023,2025-12-05 13:05:00,1,10,10126,1,3,1,3,Intersection D396/D619,48.273025,4.622197
202300033916,9,11,2023,2025-12-05 09:40:00,1,87,87177,1,1,8,1,Grand Rue Des Bouchats,45.812072,1.073799
202300033917,3,3,2023,2025-12-05 08:30:00,1,974,97413,2,3,1,1,Rue Du General Lambert,-21.182931,55.287613
202300033918,11,4,2023,2025-12-05 23:00:00,4,92,92072,1,1,3,2,N118,48.81513791,2.21468284
202300033919,24,6,2023,2025-12-05 13:40:00,1,75,75117,2,1,1,6,Rue Helene Et Francois Missoffe,48.90038,2.321843
202300033920,10,11,2023,2025-12-05 10:40:00,1,62,62839,1,1,3,6,D10E2,50.133158,2.888761
202300033921,22,5,2023,2025-12-05 14:00:00,1,10,10402,1,1,7,6,D1,48.163341,4.115882
202300033922,3,3,2023,2025-12-05 15:30:00,1,51,51621,1,1,1,7,D67,49.20244,4.972676
202300033923,24,6,2023,2025-12-05 14:15:00,1,75,75116,2,3,1,6,Rue Benjamin Franklin,48.860424,2.285909
202300033924,12,4,2023,2025-12-05 09:15:00,1,93,93064,1,1,2,5,Autoroute A86,48.86756,2.48195
202300033925,10,11,2023,2025-12-05 13:00:00,1,79,79340,1,4,2,3,Adresse_Inconnue,46.552183,-0.151808
202300033926,2,3,2023,2025-12-05 14:00:00,1,56,56099,1,2,1,3,Brambily,48.116513,-3.217047
202300033927,21,5,2023,2025-12-05 14:45:00,1,36,36018,1,1,1,3,Adresse_Inconnue,46.62532242,1.04300867
202300033928,18,6,2023,2025-12-05 18:30:00,1,75,75116,2,3,6,6,Avenue Du President Wilson,48.864985,2.299876
202300033929,12,4,2023,2025-12-05 07:00:00,2,95,95018,1,1,3,3,Autoroute A15,48.95704497,2.27629596
202300033930,10,11,2023,2025-12-05 05:00:00,3,65,65017,1,1,2,6,D929,42.788315,0.23876
202300033931,2,3,2023,2025-12-05 15:56:00,1,59,59094,2,7,1,6,Place De L'Hotel De Ville,50.9468783,2.1955639
202300033932,2,5,2023,2025-12-05 11:00:00,1,36,36176,2,2,1,3,Route Nationale,46.62977543,1.17236717
202300033933,24,6,2023,2025-12-05 02:30:00,5,75,75114,2,2,1,6,Avenue Paul Appell,48.820973,2.329904
202300033934,12,4,2023,2025-12-05 04:15:00,3,94,94017,1,1,2,6,A4,48.82732384,2.50906368
202300033935,2,3,2023,2025-12-05 10:15:00,1,32,32404,1,1,1,6,Garot,43.892264,0.43425
202300033936,10,11,2023,2025-12-05 14:45:00,1,81,81326,1,1,2,6,Rd 600,43.9810864,2.0730801
202300033937,24,6,2023,2025-12-05 20:20:00,1,75,75113,2,1,1,6,Boulevard Auguste Blanqui,48.829789,2.349931
202300033938,28,10,2023,2025-12-05 17:25:00,2,71,71359,1,1,1,7,D37,46.551626,4.94314
202300033939,20,5,2023,2025-12-05 13:35:00,1,21,21280,1,1,1,3,D26,47.34345,4.376599
202300033940,2,3,2023,2025-12-05 07:15:00,2,61,61423,2,2,1,3,Rd 930,48.793053,0.67766
202300033941,12,4,2023,2025-12-05 13:23:00,1,973,97302,1,6,1,3,Crique Fouillee (Rond Point),4.89658,-52.32884
202300033942,24,6,2023,2025-12-05 17:45:00,1,75,75111,2,2,1,3,Avenue Philippe Auguste,48.850671,2.394491
202300033943,2,3,2023,2025-12-05 04:45:00,3,26,26337,1,1,1,6,Chemin Du Chevalier,44.693699,4.81015
202300033944,9,11,2023,2025-12-05 14:18:00,1,63,63397,1,1,3,3,D922,45.620911,2.711992
202300033945,20,5,2023,2025-12-05 09:15:00,1,85,85146,1,3,1,3,Rd 763,46.958999,-1.34260362
202300033946,11,4,2023,2025-12-05 18:30:00,1,973,97302,1,1,1,6,Route Nationale 3,4.90641,-52.32181
202300033947,2,3,2023,2025-12-05 01:00:00,3,64,64368,1,1,1,7,D11,43.39652,-1.098289
202300033948,24,6,2023,2025-12-05 22:05:00,2,75,75108,2,2,1,3,Rue Marbeuf,48.867972,2.302815
202300033949,10,11,2023,2025-12-05 13:50:00,1,61,61116,1,1,1,1,D928,48.404982,0.923913
202300033950,11,4,2023,2025-12-05 13:20:00,1,973,97302,1,1,1,7,Route Nationale 1,4.89773,-52.32791
202300033951,22,5,2023,2025-12-05 13:30:00,1,85,85051,1,2,1,6,Intersection D31 Et D52,46.691223,-1.09889
202300033952,3,3,2023,2025-12-05 15:46:00,1,87,87203,1,1,1,1,La Reynie,45.672296,1.379235
202300033953,24,6,2023,2025-12-05 16:35:00,1,75,75101,2,3,1,7,Rue De Rivoli,48.864667,2.329299
202300033954,9,11,2023,2025-12-05 09:10:00,1,61,61248,1,1,1,6,D833,48.514229,-0.812769
202300033955,11,5,2023,2025-12-05 11:45:00,1,85,85051,2,1,1,3,Rd960 Bis,46.70417,-1.036749