num_acc,jour,mois,an,hrmn,lum,dep,com,agg,int,atm,col,adr,lat,long
202300033956,2,3,2023,2025-12-05 07:45:00,1,68,68375,2,1,1,6,59 Rue De Reiningue,47.800562,7.234148
202300033957,9,11,2023,2025-12-05 14:45:00,1,61,61474,1,1,2,7,D710,48.821473,0.113639
202300033958,10,4,2023,2025-12-05 22:20:00,5,973,97302,2,2,1,6,Becker (Lieutenant),4.93783259,-52.3302142
202300033959,2,3,2023,2025-12-05 21:45:00,3,89,89277,1,1,1,7,Adresse_Inconnue,47.66447,3.87281
202300033960,24,6,2023,2025-12-05 05:30:00,1,75,75104,2,3,1,5,Quai De L Hotel De Ville,48.856071,2.350689
202300033961,30,10,2023,2025-12-05 10:10:00,1,49,49180,1,2,2,3,D79,47.370269,-0.105285
202300033962,12,4,2023,2025-12-05 13:55:00,1,69,69386,2,1,2,2,Quai General Sarrail,45.76753171,4.8412786
202300033963,22,5,2023,2025-12-05 12:25:00,1,27,27096,1,2,1,3,Intersection D37 / D21,48.882864,0.669007
202300033964,9,11,2023,2025-12-05 14:17:00,1,42,42234,1,9,2,6,Route De L'Etrat,45.522522,4.378878
202300033965,3,3,2023,2025-12-05 04:45:00,3,69,69013,1,1,1,2,Autoroute 6,46.015085,4.728155
202300033966,24,6,2023,2025-12-05 03:10:00,5,75,75104,2,3,1,6,Quai Henri Iv,48.847259,2.364901
202300033967,12,4,2023,2025-12-05 11:15:00,1,69,69388,2,2,1,3,Boulevard Pinel,45.7352,4.8897
202300033968,9,11,2023,2025-12-05 15:00:00,1,68,68304,2,1,2,7,Rue Des Artisans,47.758126,7.048309
202300033969,3,3,2023,2025-12-05 01:15:00,4,971,97128,1,1,1,2,Fonds Thezan,16.219074,-61.406772
202300033970,24,6,2023,2025-12-05 18:40:00,1,94,94074,2,1,1,3,Rue Salvador Allende,48.750187,2.463162
202300033971,22,5,2023,2025-12-05 17:25:00,1,38,38517,1,1,1,6,A49,45.2612555,5.51462105
202300033972,9,11,2023,2025-12-05 23:45:00,3,44,44131,1,1,1,6,La Bate,47.185064,-2.064507
202300033973,2,3,2023,2025-12-05 22:00:00,3,971,97118,1,1,1,7,Chemin De La Glaciere,16.176558,-61.659104
202300033974,12,4,2023,2025-12-05 15:15:00,1,972,97213,1,9,1,3,Route Nationale 1,14.61357,-61.01237
202300033975,24,6,2023,2025-12-05 13:45:00,1,94,94015,2,1,1,3,Avenue Des Freres Lumiere,48.836684,2.532619
202300033976,21,5,2023,2025-12-05 20:30:00,5,973,97309,2,2,8,2,Avenue Gaston Monnerville,4.887537,-52.282192
202300033977,7,11,2023,2025-12-05 12:30:00,1,44,44158,2,1,1,3,23 Boulevard Du General Leclerc,47.274971,-1.784254
202300033978,11,4,2023,2025-12-05 08:15:00,1,69,69142,2,1,1,3,Pont De La Mulatiere,45.72952,4.81608
202300033979,24,2,2023,2025-12-05 23:38:00,5,45,45085,2,2,1,3,19 Rue Belle-Croix,47.821933,2.846704
202300033980,24,6,2023,2025-12-05 18:22:00,1,94,94076,2,1,1,2,Avenue De Paris,48.80675282,2.36313061
202300033981,20,5,2023,2025-12-05 01:50:00,3,45,45146,1,1,1,6,A71 Pr 120 + 140,47.722018,1.889198
202300033982,9,11,2023,2025-12-05 18:22:00,3,35,35179,1,2,2,3,La Butte,48.506433,-1.888002
202300033983,8,4,2023,2025-12-05 08:54:00,1,87,87085,1,1,1,6,Autoroute A20,45.88977,1.29255
202300033984,10,2,2023,2025-12-05 16:20:00,1,91,91315,2,1,1,2,Route De La Ferte-Alais,48.508755,2.345617
202300033985,24,6,2023,2025-12-05 21:38:00,1,94,94041,2,1,1,2,Avenue Jean Jaures,48.81288693,2.40270406
202300033986,11,4,2023,2025-12-05 09:08:00,1,87,87085,1,1,1,6,Autoroute A20,45.807684,1.297817
202300033987,10,11,2023,2025-12-05 12:45:00,1,29,29163,1,2,8,3,D712,48.529226,-3.889453
202300033988,4,1,2023,2025-12-05 16:35:00,1,34,34344,2,1,1,3,Esplanade Maurice Justin,43.556339,4.08568
202300033989,9,4,2023,2025-12-05 07:09:00,2,87,87085,1,1,1,6,Autoroute A20,45.87024,1.28772
202300033990,20,6,2023,2025-12-05 05:50:00,2,94,94021,2,1,1,2,Avenue Des Trois Marches Min,48.76152,2.35633
202300033991,10,11,2023,2025-12-05 07:40:00,4,29,29220,2,1,1,3,Rue Guy Le Garrec,47.858285,-4.239274
202300033992,2,3,2023,2025-12-05 10:30:00,1,83,83101,1,1,1,2,D93,43.216764,6.648308
202300033993,10,4,2023,2025-12-05 15:40:00,1,86,86194,2,6,1,6,Rue Du Faubourg Saint Cyprien,46.567055,0.344363
202300033994,21,5,2023,2025-12-05 10:54:00,1,76,76705,1,1,1,4,A13,49.328845,1.088215
202300033995,24,6,2023,2025-12-05 10:10:00,1,94,94022,2,3,1,3,Avenue De La Republique,48.76149181,2.40755081
202300033996,9,11,2023,2025-12-05 15:08:00,1,29,29215,2,1,2,6,Rue De Kerfily,47.9858,-4.424057
202300033997,19,1,2023,2025-12-05 13:00:00,1,83,83107,1,1,1,1,Route Nd7,43.462202,6.646112
202300033998,12,4,2023,2025-12-05 15:15:00,1,83,83137,2,1,1,2,Cd D559 Bis,43.124255,5.890972
202300033999,25,4,2023,2025-12-05 15:30:00,1,973,97304,1,1,1,3,Rn1 - Montagne Des Peres,5.101716,-52.629275
202300034000,8,11,2023,2025-12-05 08:35:00,1,38,38039,2,2,1,3,Rd1090,45.270447,5.867407
202300034001,24,6,2023,2025-12-05 16:30:00,1,93,93073,2,9,1,3,Rue Henri Farman,48.9667485,2.56497055
202300034002,3,3,2023,2025-12-05 08:32:00,1,5,5070,2,1,1,6,Avenue De La Gare,44.316218,5.820828
202300034003,12,4,2023,2025-12-05 06:00:00,5,83,83137,2,4,1,6,Cuzin (Ave Francois),43.12295,5.94635
202300034004,3,3,2023,2025-12-05 19:30:00,3,13,13014,2,1,1,6,D21,43.499336,5.152652
202300034005,21,5,2023,2025-12-05 17:35:00,1,971,97125,2,1,1,3,Dubedou,16.29485,-61.290632
202300034006,10,11,2023,2025-12-05 16:09:00,1,2,2111,1,1,8,6,D14,49.520413,3.411416
202300034007,24,6,2023,2025-12-05 17:30:00,1,93,93066,2,1,1,6,Rue Des Bles,48.91292,2.36055
202300034008,2,3,2023,2025-12-05 17:50:00,2,57,57206,2,1,7,6,Avenue De Metz,49.306892,6.115056
202300034009,12,4,2023,2025-12-05 18:00:00,1,83,83034,2,3,8,3,Chemin Du Cannebas,43.092173,6.060902
202300034010,16,5,2023,2025-12-05 14:17:00,1,38,38019,1,1,1,3,A7 Pk 14 Sens Sud Nord,45.411768,4.824286
202300034011,8,11,2023,2025-12-05 15:30:00,1,1,1445,1,1,1,2,Route De Strasbourg,46.337154,5.318314
202300034012,24,6,2023,2025-12-05 16:50:00,1,93,93007,2,2,1,6,Avenue Du 8 Mai 1945 / Rue De L'Abbe Niort,48.94072,2.43166
202300034013,2,3,2023,2025-12-05 19:10:00,3,73,73285,1,1,1,1,D902,45.617053,6.816087
202300034014,12,4,2023,2025-12-05 12:46:00,1,77,77258,2,6,1,3,Nelson Mandela (Rond-Point),48.833294,2.633826
202300034015,9,11,2023,2025-12-05 22:45:00,3,58,58293,2,1,2,6,Route De Cossaye - C15,46.765001,3.437841
202300034016,9,5,2023,2025-12-05 06:20:00,1,21,21606,1,2,1,1,D115D,47.05951,4.881492
202300034017,24,6,2023,2025-12-05 05:30:00,2,93,93064,2,2,1,3,Rue Lavoisier / Avenue Jean Jaures,48.86108431,2.48980921
202300034018,9,11,2023,2025-12-05 06:45:00,3,45,45282,2,1,1,6,Route D'Orleans,47.858209,1.819257
202300034019,21,5,2023,2025-12-05 15:11:00,1,52,52269,1,1,1,7,Avenue Jean Lepetz,47.862024,5.343046
202300034020,3,3,2023,2025-12-05 09:00:00,1,38,38158,2,1,1,6,Allee Des Arcelles,45.146846,5.748854
202300034021,21,5,2023,2025-12-05 11:00:00,1,68,68359,1,1,1,7,Le Molkenrain,47.855654,7.135942
202300034022,10,11,2023,2025-12-05 16:22:00,1,18,18170,1,1,3,1,Adresse_Inconnue,47.441778,2.513253
202300034023,24,6,2023,2025-12-05 00:00:00,5,93,93055,2,2,1,3,Avenue Jean Lolive / Avenue Anatole France,48.89535974,2.42556155
202300034024,12,4,2023,2025-12-05 09:35:00,1,77,77243,2,9,2,3,D418,48.8782,2.7016
202300034025,28,2,2023,2025-12-05 16:00:00,1,1,1093,2,6,1,3,Avenue Raymond Sarbach,46.119306,4.96077
202300034026,10,11,2023,2025-12-05 08:45:00,1,43,43062,1,1,1,1,D590,45.066625,3.774383
202300034027,21,5,2023,2025-12-05 14:30:00,1,55,55177,1,1,1,1,D116,48.90923467,5.23171842
202300034028,24,6,2023,2025-12-05 16:15:00,1,93,93071,2,6,1,1,Avenue Henri Barbusse / Avenue Lucie Aubrac,48.93359,2.54271
202300034029,3,3,2023,2025-12-05 03:05:00,5,69,69003,2,1,1,6,Avenue Henri Barbusse,45.863497,4.8351109
202300034030,10,11,2023,2025-12-05 11:00:00,1,36,36111,1,1,1,6,Adresse_Inconnue,46.5765333,1.64282084
202300034031,12,4,2023,2025-12-05 19:15:00,2,77,77186,1,2,1,3,Rd148,48.37659,2.73948
202300034032,24,6,2023,2025-12-05 20:20:00,1,93,93032,2,1,1,3,Rue Jules Guesde,48.88049,2.54399
202300034033,3,3,2023,2025-12-05 04:15:00,3,31,31406,1,1,2,6,D62,43.195787,1.061683
202300034034,12,4,2023,2025-12-05 17:25:00,1,76,76705,2,1,6,6,Rue De L'Ile Aux Boeufs,49.32871,1.10031
202300034035,10,11,2023,2025-12-05 12:15:00,1,7,7288,1,9,2,3,Rd 104,44.724067,4.517119
202300034036,28,2,2023,2025-12-05 09:45:00,1,33,33014,1,1,1,5,D1089,44.984626,-0.14249
202300034037,24,6,2023,2025-12-05 03:00:00,5,93,93032,2,9,1,3,Allee De Montfermeil,48.89886275,2.53782275
202300034038,8,4,2023,2025-12-05 18:47:00,2,74,74012,2,1,1,3,Romagny (Rue De),46.19494,6.24252
202300034039,21,5,2023,2025-12-05 18:00:00,1,69,69160,1,1,1,3,2623 Route De Beaujeu,46.16298295,4.46208027
202300034040,8,11,2023,2025-12-05 19:22:00,3,87,87017,1,3,6,6,D1,46.129107,1.103021
202300034041,2,2,2023,2025-12-05 16:15:00,1,33,33362,2,2,1,6,D910 Le Canton,45.028643,-0.183254
202300034042,24,6,2023,2025-12-05 11:45:00,1,93,93010,2,6,1,6,Rond Point Du Verger,48.91812,2.47709
202300034043,8,4,2023,2025-12-05 15:55:00,1,74,74010,2,1,1,6,Marquisats (Avenue Des),45.8952,6.1334
202300034044,22,5,2023,2025-12-05 00:00:00,3,69,69154,1,1,1,6,Route De Valency,45.77597151,4.66281434
202300034045,19,5,2023,2025-12-05 19:26:00,1,16,16078,2,1,2,6,Route D?Agris,45.678825,0.17827
202300034046,9,11,2023,2025-12-05 15:20:00,1,37,37117,1,2,8,3,Rd 49,47.44552345,0.30090094
202300034047,24,6,2023,2025-12-05 10:00:00,1,93,93005,2,1,1,3,Chemin De Roissy En France,48.95064455,2.49167944
202300034048,25,2,2023,2025-12-05 19:45:00,3,44,44110,1,1,1,4,1 Pacoret,47.42908163,-1.54308557
202300034049,10,11,2023,2025-12-05 02:35:00,3,30,30348,1,9,2,6,N106,44.04709,4.126471
202300034050,20,5,2023,2025-12-05 12:00:00,1,50,50298,1,1,1,3,Route De Periers,49.267097,-1.290797
202300034051,24,6,2023,2025-12-05 17:50:00,1,93,93001,2,1,1,3,30 Rue Du Landy,48.91526101,2.37299055
202300034052,2,3,2023,2025-12-05 08:38:00,1,14,14530,2,2,9,3,35 Rue De Berlin,49.233341,-0.248481
202300034053,21,5,2023,2025-12-05 16:25:00,1,60,60446,1,1,7,7,D922,49.144268,2.794518
202300034054,10,11,2023,2025-12-05 10:44:00,1,1,1418,1,1,8,2,A42 Pk 011+400 A42 Sens Geneve/Lyon,45.826497,5.013679
202300034055,11,4,2023,2025-12-05 20:30:00,2,72,72181,1,1,8,4,Liberte (Av De La),47.96706859,0.23208618
202300034056,24,6,2023,2025-12-05 18:15:00,1,93,93001,2,2,1,3,Rue De La Nouvelle France / Rue Andre Karman,48.91360146,2.38558397
202300034057,1,3,2023,2025-12-05 19:45:00,3,59,59303,1,1,1,3,Rn41,50.571463,2.859235
202300034058,21,5,2023,2025-12-05 15:45:00,1,60,60666,1,2,1,1,Route De Ver,49.102744,2.677724
202300034059,12,4,2023,2025-12-05 12:21:00,1,66,66136,2,1,1,6,Adresse_Inconnue,42.69857,2.88735
202300034060,23,6,2023,2025-12-05 12:15:00,1,92,92075,2,1,1,6,Jean Bleuzen (Rue),48.82243822,2.29457885
202300034061,10,11,2023,2025-12-05 18:15:00,5,6,6085,1,1,1,5,D 6185 - Penetrante,43.598262,7.001718
202300034062,2,3,2023,2025-12-05 19:28:00,3,13,13015,1,1,1,4,A51-Sens Aix En Provence Vers Marseille,43.4441,5.3959
202300034063,11,4,2023,2025-12-05 16:40:00,1,66,66136,2,1,1,6,Porte-D'Assaut,42.6979,2.89215
202300034064,22,5,2023,2025-12-05 15:20:00,1,59,59435,1,1,1,1,D938,50.504325,3.269098
202300034065,6,11,2023,2025-12-05 11:00:00,1,51,51507,1,1,2,7,A4 Pk 214.000,49.073782,4.905739
202300034066,24,6,2023,2025-12-05 13:05:00,1,92,92073,2,2,1,6,Sellier (Boulevard Henri),48.85961947,2.21362532
202300034067,26,2,2023,2025-12-05 08:00:00,5,69,69385,1,1,1,2,Route De Metropole 6,45.75349,4.81933
202300034068,21,5,2023,2025-12-05 18:09:00,1,59,59237,1,1,1,7,Route De Godewaersvelde,50.770489,2.640839
202300034069,24,6,2023,2025-12-05 01:25:00,3,92,92050,2,1,1,6,Defense Boulevard De La,48.90764105,2.21075284
202300034070,12,4,2023,2025-12-05 08:10:00,1,64,64269,2,1,1,3,Industrie De L',43.28997,-0.31087
202300034071,9,11,2023,2025-12-05 23:05:00,3,69,69242,1,1,2,2,Autoroute 6,46.133865,4.765915
202300034072,21,5,2023,2025-12-05 13:15:00,1,13,13056,1,1,2,7,A55-Sens Martigues Vers Marseille,43.39704,5.04048
202300034073,24,6,2023,2025-12-05 12:40:00,1,92,92040,2,1,1,6,Verdun (Avenue De) Du 116 Au 150,48.81995064,2.25725502
202300034074,24,2,2023,2025-12-05 20:45:00,3,54,54115,1,1,1,3,Autoroute A 31,48.69451,6.10567
202300034075,9,11,2023,2025-12-05 19:30:00,4,978,97801,2,3,1,6,Imp Clamy Cherry,18.067397,-63.077644
202300034076,21,5,2023,2025-12-05 14:09:00,1,13,13005,1,1,8,7,A50-Sens Marseille Vers Aubagne,43.268853,5.587809
202300034077,23,6,2023,2025-12-05 16:10:00,1,92,92025,2,9,1,1,President Salvador Allende (Rue Du),48.922234,2.236044
202300034078,2,3,2023,2025-12-05 21:35:00,5,33,33192,1,1,1,3,Rocade A 630,44.78996,-0.60669
202300034079,12,4,2023,2025-12-05 19:00:00,2,62,62065,2,2,1,3,Rue De La Bastille,50.4111,2.83486
202300034080,9,11,2023,2025-12-05 22:38:00,3,77,77112,1,1,2,7,D98,48.249719,2.626982
202300034081,21,5,2023,2025-12-05 14:30:00,1,13,13085,1,1,1,1,A50-Sens Toulon Vers Aubagne,43.26872039,5.58802041
202300034082,2,3,2023,2025-12-05 09:36:00,1,33,33013,1,1,1,2,Route Nationale 89,44.86853,-0.4971
202300034083,24,6,2023,2025-12-05 00:35:00,5,92,92023,2,1,1,3,Henri Barbusse (Avenue),48.81409182,2.25780308
202300034084,12,4,2023,2025-12-05 09:45:00,1,62,62413,2,3,1,3,D162E1,50.44138,2.89082
202300034085,20,5,2023,2025-12-05 19:20:00,1,13,13085,1,1,2,2,A50 - Sens Aubagne Vers Marseille,43.26350155,5.58868513
202300034086,7,11,2023,2025-12-05 15:25:00,1,77,77130,1,2,1,3,D228,48.895223,2.940955
202300034087,1,3,2023,2025-12-05 12:15:00,1,33,33249,1,1,1,2,Rocade A 630,44.8736,-0.50697
202300034088,1,3,2023,2025-12-05 08:25:00,1,59,59613,1,1,1,6,Autoroute A2,50.40313054,3.61826412
202300034089,24,6,2023,2025-12-05 02:30:00,5,92,92012,2,6,1,4,Marechal De Lattre De Tassigny (Avenue),48.84078,2.22775
202300034090,9,11,2023,2025-12-05 19:52:00,3,95,95308,1,1,2,6,D928,49.098069,2.137265
202300034091,21,5,2023,2025-12-05 02:10:00,3,69,69275,1,1,1,2,Rocade Est,45.78167186,4.95779377
202300034092,9,4,2023,2025-12-05 20:20:00,1,57,57306,2,3,1,3,Metropole (Avenue De La),49.35369,6.0691
202300034093,23,6,2023,2025-12-05 18:45:00,1,92,92004,2,1,1,6,Bourguignons (Rue 2 A 104 ),48.91493269,2.27504835
202300034094,8,11,2023,2025-12-05 15:00:00,1,2B,2B093,1,1,1,2,Zone Artisanale,42.609793,8.885525
202300034095,2,3,2023,2025-12-05 18:58:00,3,91,91363,1,1,1,4,Rn 104,48.65941,2.1837
202300034096,25,6,2023,2025-12-05 09:55:00,1,60,60623,2,1,1,6,61 Rue Du Marechal De Boufflers,49.546928,1.857135
202300034097,12,4,2023,2025-12-05 06:35:00,5,57,57463,2,2,3,6,Nancy (Avenue De ),49.10875972,6.16643071
202300034098,21,5,2023,2025-12-05 00:05:00,3,69,69271,1,1,1,4,Route Departementale 302,45.74914,4.99121
202300034099,10,11,2023,2025-12-05 14:48:00,1,68,68383,2,1,1,2,1 Route Des Vins,48.172765,7.321802
202300034100,2,3,2023,2025-12-05 09:02:00,1,91,91471,1,1,1,5,Rn 118,48.71231,2.18275
202300034101,1,11,2023,2025-12-05 03:55:00,3,67,67154,1,1,1,6,D52,48.367789,7.723501
202300034102,19,6,2023,2025-12-05 07:30:00,1,49,49092,1,2,1,3,Pk Fs D199,47.284457,-0.688791
202300034103,11,4,2023,2025-12-05 18:35:00,1,54,54395,2,1,8,6,Rue Des Quatre Eglises,48.6852,6.1852
202300034104,21,5,2023,2025-12-05 18:15:00,1,91,91659,1,1,1,2,Autoroute A6,48.57817,2.46317
202300034105,2,3,2023,2025-12-05 08:37:00,1,91,91064,1,1,1,2,Rn 118,48.74336,2.18997
202300034106,24,6,2023,2025-12-05 14:30:00,1,68,68366,1,1,1,2,D45,48.114885,7.441639
202300034107,1,3,2023,2025-12-05 23:23:00,3,94,94038,1,1,1,7,A6B,48.7822504,2.34645225
202300034108,9,11,2023,2025-12-05 18:15:00,5,54,54196,2,2,2,6,Rue Du Doyen Parisot,48.56752,6.18816
202300034109,21,5,2023,2025-12-05 18:00:00,1,93,93013,1,1,1,3,Autoroute A1,48.94103503,2.42624484
202300034110,12,4,2023,2025-12-05 18:50:00,1,49,49246,2,1,2,5,Pasteur,47.41601,-0.52322
202300034111,25,6,2023,2025-12-05 11:55:00,1,972,97229,2,1,1,7,Route De Ravine Touza,14.621655,-61.090486
202300034112,27,10,2023,2025-12-05 13:50:00,1,38,38415,1,9,2,1,Route De Corbeyssieu,45.63411,5.218461
202300034113,2,3,2023,2025-12-05 17:50:00,1,78,78640,1,1,1,5,N118,48.778319,2.222332
202300034114,24,6,2023,2025-12-05 19:30:00,1,63,63100,1,1,1,7,Pr 28-200 Sur D227,46.01894016,2.90836377
202300034115,21,5,2023,2025-12-05 19:30:00,1,93,93066,1,1,1,4,Autoroute A1,48.91902717,2.3575817
202300034116,12,4,2023,2025-12-05 11:34:00,1,49,49007,2,1,8,6,Portet Boulevard,47.45044,-0.56011
202300034117,2,3,2023,2025-12-05 00:25:00,3,95,95277,1,1,1,6,A3,48.97408,2.48846
202300034118,21,5,2023,2025-12-05 19:40:00,1,95,95151,1,1,1,7,N104,49.06257,2.27641
202300034119,11,4,2023,2025-12-05 22:05:00,3,49,49246,1,1,2,6,D952,47.43616,-0.4814
202300034120,24,6,2023,2025-12-05 09:25:00,1,86,86236,1,1,1,3,Puygirault,46.656183,0.912482
202300034121,1,3,2023,2025-12-05 17:40:00,1,93,93078,1,1,1,2,Autoroute A104,48.9605,2.54155
202300034122,8,11,2023,2025-12-05 19:00:00,3,69,69249,1,1,1,7,Route Saint-Martin-En-Haut,45.675362,4.632132
202300034123,23,6,2023,2025-12-05 08:30:00,1,14,14347,1,3,5,3,12-14 La Bruyere - Le Mesnil-Auzouf,48.989666,-0.744689
202300034124,11,4,2023,2025-12-05 16:05:00,1,38,38185,2,1,1,3,Avenue Marie Reynoard,45.16503,5.7285
202300034125,9,11,2023,2025-12-05 14:30:00,1,17,17097,1,1,2,7,Lieu Dit Les Rentes,45.649238,-0.900552
202300034126,21,5,2023,2025-12-05 10:15:00,1,92,92036,1,1,1,4,Autoroute A15,48.93788866,2.29766722
202300034127,1,3,2023,2025-12-05 11:45:00,1,92,92036,1,1,1,2,Autoroute A86,48.93904651,2.30613129
202300034128,24,6,2023,2025-12-05 15:55:00,1,971,97109,2,6,8,6,Avenue Du General De Gaulle Route Nationale 1,15.990331,-61.683292
202300034129,9,11,2023,2025-12-05 22:00:00,3,17,17185,1,1,3,7,Route De Royan,45.721948,-0.966507
202300034130,1,3,2023,2025-12-05 10:30:00,1,92,92036,1,1,1,6,Autoroute A15,48.94355783,2.28738079
202300034131,11,4,2023,2025-12-05 11:35:00,1,38,38151,2,1,1,1,Avenue De Kimberley,45.14667,5.73195
202300034132,21,5,2023,2025-12-05 07:50:00,1,95,95252,1,1,1,2,A15,48.977393,2.233181
202300034133,1,3,2023,2025-12-05 08:30:00,1,95,95582,1,1,1,6,A15,48.96767474,2.2528413
202300034134,7,11,2023,2025-12-05 09:40:00,1,44,44026,2,1,7,6,2 Rue Du Marquis De Dion,47.297237,-1.491968
202300034135,12,4,2023,2025-12-05 12:00:00,1,37,37233,2,1,8,6,Jean Moulin (Rue),47.38827,0.72701
202300034136,2,3,2023,2025-12-05 15:00:00,1,94,94073,1,1,1,3,A86,48.75424369,2.38104533
202300034137,21,5,2023,2025-12-05 05:25:00,2,95,95394,1,1,1,2,N184,49.05052,2.19023
202300034138,5,10,2023,2025-12-05 08:00:00,2,22,22070,2,3,1,1,Rue Montbareil,48.564773,-3.151499
202300034139,28,2,2023,2025-12-05 23:20:00,3,94,94028,1,1,1,2,A86,48.79983715,2.44627859
202300034140,12,4,2023,2025-12-05 10:50:00,1,35,35238,2,2,1,6,Colombier (Bd Du),48.10190265,-1.68401688
202300034141,21,5,2023,2025-12-05 20:20:00,1,94,94018,1,1,1,3,A4,48.81737894,2.41732391
202300034142,24,6,2023,2025-12-05 11:30:00,1,62,62179,1,3,1,3,Rd215,50.725956,1.907544
202300034143,10,11,2023,2025-12-05 07:40:00,2,22,22307,2,3,1,3,Rue Du Centre,48.452186,-2.814651
202300034144,24,6,2023,2025-12-05 14:15:00,1,51,51210,1,1,1,7,Adresse_Inconnue,49.07922138,3.97745111
202300034145,20,5,2023,2025-12-05 10:40:00,1,988,98818,2,9,1,6,Parking Du Plexus,-22.24649,166.44888
202300034146,28,2,2023,2025-12-05 09:40:00,1,974,97411,1,1,1,6,Montagne (Route De La),-20.88818,55.43986
202300034147,12,4,2023,2025-12-05 20:30:00,1,33,33522,2,3,1,2,Avenue Roul,44.80792,-0.60347
202300034148,25,6,2023,2025-12-05 06:38:00,2,19,19276,2,1,1,6,Rue Du Pont Neuf,45.42924047,1.56582694
202300034149,10,11,2023,2025-12-05 17:30:00,2,76,76473,2,9,2,3,Rue Du Petit Village,49.49369709,0.76389335
202300034150,19,5,2023,2025-12-05 12:50:00,1,976,97611,2,1,1,6,Convalescence/Vetivers-Vetiver ( Rue ),-12.77931242,45.22188842
202300034151,27,2,2023,2025-12-05 17:45:00,2,974,97411,1,1,2,3,Montagne (Route De La),-20.88915,55.43645
202300034152,24,6,2023,2025-12-05 23:45:00,3,56,56119,2,1,1,6,61 Route De L'Ocean,47.70549,-3.109535
202300034153,12,4,2023,2025-12-05 10:50:00,1,33,33550,2,6,2,3,Rue De La Croix De Monjous,44.77948,-0.58797
202300034154,28,2,2023,2025-12-05 17:10:00,1,973,97302,1,1,1,7,Tigre (Route Du),4.91036695,-52.30827123
202300034155,20,5,2023,2025-12-05 10:00:00,1,974,97411,2,1,1,3,Jaures (Boulevard Jean),-20.90232,55.50329
202300034156,10,11,2023,2025-12-05 17:40:00,5,62,62603,2,1,1,6,D113,50.628854,1.645718
202300034157,25,6,2023,2025-12-05 15:30:00,1,77,77321,1,1,1,2,D411,48.405932,3.240976
202300034158,28,2,2023,2025-12-05 17:50:00,2,972,97213,1,1,1,7,Route Nationale 1,14.6355,-60.97751
202300034159,12,4,2023,2025-12-05 18:20:00,1,31,31555,2,9,8,2,Va007379 Baylac  A624 Sortie 1,43.60465,1.39882
202300034160,20,5,2023,2025-12-05 19:35:00,5,973,97302,2,1,3,6,Eboue (Rocade Felix),4.9326,-52.31072
202300034161,24,6,2023,2025-12-05 20:35:00,1,82,82127,1,1,1,6,D7,44.168276,0.997803
202300034162,28,2,2023,2025-12-05 13:30:00,2,972,97213,1,1,1,3,Route Departementale 14,14.63267,-61.01667
202300034163,12,4,2023,2025-12-05 09:25:00,1,31,31555,1,1,1,6,A620,43.58063,1.40552
202300034164,8,11,2023,2025-12-05 18:40:00,3,13,13210,1,1,1,3,A50-Sens Marseille Vers Aubagne,43.28654,5.43391
202300034165,19,5,2023,2025-12-05 10:35:00,1,973,97302,2,1,1,2,Baduel (Route De),4.93002,-52.30419
202300034166,24,6,2023,2025-12-05 16:42:00,1,82,82013,1,1,1,2,Route De Serignac,43.893312,0.996113
202300034167,12,4,2023,2025-12-05 18:35:00,1,28,28085,2,1,1,6,Coute (Rue Gaston),48.45597,1.46509
202300034168,2,2,2023,2025-12-05 23:00:00,5,972,97209,1,1,1,4,Autoroute A1,14.616718,-61.042368
202300034169,19,5,2023,2025-12-05 01:35:00,5,973,97302,2,1,1,7,Madeleine (Route De La),4.90997,-52.32149
202300034170,24,6,2023,2025-12-05 17:40:00,1,65,65128,2,1,1,6,Route De Trie Sur Baise,43.18830161,0.35646568
202300034171,4,11,2023,2025-12-05 12:00:00,1,13,13071,1,1,3,2,A51-Sens Marseille Vers Aix En Provence,43.40941,5.36379
202300034172,28,2,2023,2025-12-05 16:20:00,1,971,97107,2,1,1,6,Filaos ( Rue Des ),16.05295531,-61.56466305
202300034173,11,4,2023,2025-12-05 16:45:00,1,27,27229,2,2,2,3,Artois (Rue D'),49.03258,1.13517
202300034174,19,5,2023,2025-12-05 00:40:00,5,973,97302,1,1,3,7,Route Nationale 1,4.92645,-52.32903
202300034175,24,6,2023,2025-12-05 14:57:00,1,33,33540,1,2,7,3,D101,45.372014,-1.078158
202300034176,9,11,2023,2025-12-05 09:00:00,1,83,83144,1,1,2,6,A57,43.14147362,6.00386413
202300034177,12,4,2023,2025-12-05 09:45:00,1,13,13002,2,1,1,3,Provence (Avenue De),43.3260717,5.48201676
202300034178,17,5,2023,2025-12-05 23:15:00,5,972,97213,1,1,1,1,Route Departementale 3,14.62638,-60.98926
202300034179,25,6,2023,2025-12-05 13:30:00,1,11,11163,1,1,1,7,Adresse_Inconnue,42.761833,2.325209
202300034180,28,2,2023,2025-12-05 16:45:00,1,91,91589,2,1,1,3,Bd Aristide Briand,48.681365,2.342903
202300034181,10,4,2023,2025-12-05 03:20:00,5,13,13211,2,6,1,7,Raoul Follereau (Av),43.29241,5.4457
202300034182,24,6,2023,2025-12-05 20:20:00,1,63,63297,1,1,1,3,D229,45.741255,3.349092
202300034183,27,2,2023,2025-12-05 16:30:00,1,91,91223,1,9,1,2,R.D.20,48.431226,2.165267