num_acc,jour,mois,an,hrmn,lum,dep,com,agg,int,atm,col,adr,lat,long
202300034184,25,6,2023,2025-12-05 01:50:00,3,55,55398,2,1,1,7,86 Avenue Du General De Gaulle,48.696332,5.733334
202300034185,4,4,2023,2025-12-05 14:00:00,1,13,13004,2,7,1,1,Rue Jean Jaures,43.67664,4.62779
202300034186,20,5,2023,2025-12-05 19:05:00,1,69,69034,2,4,1,4,79 Rue Pasteur,45.79234,4.84433
202300034187,27,2,2023,2025-12-05 19:49:00,5,87,87085,2,2,1,3,Perrin (Rue Francois),45.82891,1.24345
202300034188,19,5,2023,2025-12-05 19:15:00,1,69,69142,2,1,1,6,20 Quai Pierre Semard,45.72361,4.81727
202300034189,26,2,2023,2025-12-05 18:05:00,1,87,87085,2,1,1,6,Chenieux (Rue Francois),45.83809,1.25659
202300034190,25,6,2023,2025-12-05 11:55:00,1,12,12238,1,4,1,3,Pk25 D911,44.2409388,2.94358429
202300034191,12,4,2023,2025-12-05 10:30:00,1,11,11069,2,2,1,6,Rue Georges Clemenceau,43.215,2.3522
202300034192,24,2,2023,2025-12-05 15:10:00,1,85,85194,1,9,2,3,286 Avenue Francois Mitterrand,46.53005,-1.77424
202300034193,24,6,2023,2025-12-05 03:00:00,4,47,47128,2,6,1,7,D813,44.16787743,0.70239356
202300034194,19,5,2023,2025-12-05 01:25:00,5,69,69387,2,1,1,6,6 Quai Claude Bernard,45.7541,4.83875
202300034195,20,5,2023,2025-12-05 07:50:00,1,2B,2B033,2,1,3,6,Paoli Du Nr 1 A 20 - Bld,42.69817,9.4491
202300034196,24,6,2023,2025-12-05 19:50:00,2,41,41073,1,1,1,1,Les Saulettes,47.903965,1.017748
202300034197,21,2,2023,2025-12-05 07:50:00,2,80,80021,2,1,5,2,Chateaudun (Boulevard De),49.88559,2.2795
202300034198,20,2,2023,2025-12-05 19:15:00,5,80,80021,2,1,1,6,General Foy (Avenue Du ),49.88882,2.2809
202300034199,12,4,2023,2025-12-05 08:15:00,1,6,6069,2,1,1,4,De Lattre De Tassigny (Avenue Du Marecha,43.649034,6.923938
202300034200,20,5,2023,2025-12-05 01:15:00,5,971,97101,2,9,1,3,Route Des Abymes,16.25593,-61.52116
202300034201,24,6,2023,2025-12-05 16:00:00,1,39,39240,1,1,1,1,Adresse_Inconnue,46.648151,5.900329
202300034202,12,4,2023,2025-12-05 20:00:00,2,6,6027,2,1,1,3,Colle Avenue De La,43.664,7.1248
202300034203,25,6,2023,2025-12-05 01:20:00,3,25,25334,1,1,1,6,D72 - Champ Begaud,46.954913,6.138107
202300034204,20,5,2023,2025-12-05 16:50:00,1,2A,2A004,2,3,1,3,Prince Imperial Cours,41.934097,8.75242
202300034205,23,6,2023,2025-12-05 17:00:00,1,38,38055,1,1,1,2,D60,45.689896,5.518302
202300034206,19,5,2023,2025-12-05 10:40:00,1,95,95277,2,9,7,3,Plaine De France (Avenue De La),48.97706697,2.4979654
202300034207,12,4,2023,2025-12-05 11:40:00,1,75,75119,2,1,1,2,Bd Peripherique Exterieur,48.886581,2.397263
202300034208,28,2,2023,2025-12-05 09:00:00,1,77,77288,2,1,1,6,Gallieni  (Place),48.52766,2.6552
202300034209,24,6,2023,2025-12-05 21:40:00,2,13,13010,1,6,1,6,D35,43.908661,4.791348
202300034210,19,5,2023,2025-12-05 01:00:00,4,95,95014,1,3,1,1,D109P,49.00583106,2.29498923
202300034211,11,4,2023,2025-12-05 20:10:00,5,75,75117,2,1,2,3,Porte Maillot,48.882612,2.283497
202300034212,28,2,2023,2025-12-05 19:35:00,5,76,76540,2,3,1,3,Avenue De La Grand Mare,49.45487,1.1359
202300034213,25,6,2023,2025-12-05 16:24:00,1,1,1204,1,3,1,3,D1084,46.16548,5.693788
202300034214,27,2,2023,2025-12-05 22:50:00,5,76,76351,2,1,1,6,Auguste Blanqui,49.50149,0.16256
202300034215,11,4,2023,2025-12-05 17:00:00,1,75,75114,2,1,1,3,Porte De Chatillon,48.820927,2.321828
202300034216,27,2,2023,2025-12-05 16:25:00,1,72,72181,2,1,1,6,Laval (Rte De) Pairs,48.01586,0.15145
202300034217,25,6,2023,2025-12-05 17:45:00,1,26,26288,1,1,1,1,D94,44.41409278,5.26384592
202300034218,18,5,2023,2025-12-05 18:50:00,1,91,91114,2,1,1,6,Bd De L Ile De France,48.71192,2.51982
202300034219,28,2,2023,2025-12-05 14:00:00,1,69,69266,2,3,1,6,164 Rue Louis Becker,45.7653208,4.88029291
202300034220,9,4,2023,2025-12-05 13:49:00,1,75,75120,2,1,1,4,Bd Peripherique Interieur,48.870536,2.413224
202300034221,24,6,2023,2025-12-05 18:20:00,1,58,58215,2,1,1,1,Rue Louis Joseph Gousse,47.289899,2.972065
202300034222,19,5,2023,2025-12-05 18:20:00,1,91,91589,2,1,1,1,Rue Lavoisier,48.68512,2.34928
202300034223,27,2,2023,2025-12-05 08:00:00,1,69,69029,2,1,1,4,Boulevard Pinel,45.73141935,4.88817768
202300034224,24,6,2023,2025-12-05 17:45:00,1,66,66085,1,1,1,2,Adresse_Inconnue,42.58118375,2.35233486
202300034225,12,4,2023,2025-12-05 08:59:00,1,75,75120,2,3,1,6,Avenue Benoit Frachon,48.852123,2.415693
202300034226,17,5,2023,2025-12-05 15:20:00,1,87,87085,2,3,1,3,Nexon (Rue De),45.81016,1.25688
202300034227,28,2,2023,2025-12-05 12:15:00,1,67,67482,2,1,1,3,Colmar (Avenue De),48.54914,7.7415
202300034228,24,6,2023,2025-12-05 12:20:00,1,54,54288,1,1,1,7,D101,48.7506997,5.83561778
202300034229,12,4,2023,2025-12-05 12:44:00,1,75,75119,2,2,1,6,Avenue De Flandre,48.884188,2.368626
202300034230,27,2,2023,2025-12-05 11:20:00,1,67,67482,2,3,7,3,Clemenceau (Boulevard),48.59056,7.74461
202300034231,25,6,2023,2025-12-05 18:30:00,1,14,14726,2,1,1,7,Route De Freval (Bernieres-Le-Patry),48.81446591,-0.73015094
202300034232,17,5,2023,2025-12-05 11:15:00,1,86,86066,2,3,1,3,Square Gambetta,46.814724,0.545083
202300034233,27,2,2023,2025-12-05 08:00:00,1,66,66136,2,2,1,3,Erckmann-Chatrian,42.70089,2.90056
202300034234,11,4,2023,2025-12-05 21:35:00,5,75,75120,2,2,3,2,Place Du Maquis Du Vercors,48.878158,2.409429
202300034235,25,6,2023,2025-12-05 08:00:00,1,14,14194,2,3,1,7,11 Route De Lisieux,49.083445,0.368112
202300034236,17,5,2023,2025-12-05 11:05:00,1,83,83126,2,1,1,6,Lamarque (Av Jean Albert),43.10791,5.86287
202300034237,25,2,2023,2025-12-05 11:45:00,2,63,63124,2,1,1,3,Clermont (Avenue De),45.75084,3.1624
202300034238,15,5,2023,2025-12-05 11:00:00,1,83,83061,2,1,1,2,D100 A,43.444993,6.731581
202300034239,24,6,2023,2025-12-05 16:40:00,1,14,14086,1,1,1,3,Route De Pont L'Eveque,49.325779,0.122234
202300034240,12,4,2023,2025-12-05 08:45:00,1,75,75118,2,2,3,6,Rue Custine,48.888801,2.346591
202300034241,25,6,2023,2025-12-05 02:00:00,3,50,50588,1,1,1,6,Route De Chiffrevast,49.537088,-1.489388
202300034242,27,2,2023,2025-12-05 19:00:00,4,62,62570,2,2,1,3,Rue Pierre Simon,50.412678,2.88534
202300034243,20,5,2023,2025-12-05 09:40:00,1,78,78551,1,1,1,1,Rn 184,48.92177,2.08355
202300034244,12,4,2023,2025-12-05 09:15:00,1,75,75117,2,1,2,3,Avenue De Wagram,48.877221,2.297517
202300034245,25,6,2023,2025-12-05 00:05:00,4,50,50615,2,6,1,6,Route De Bricquebec,49.503158,-1.484656
202300034246,24,2,2023,2025-12-05 16:00:00,1,60,60159,2,3,1,6,Rue Saint-Antoine,49.41613477,2.82283938
202300034247,19,5,2023,2025-12-05 20:30:00,1,78,78418,2,2,1,3,Paul Doumer (Avenue),48.906319,2.152402
202300034248,12,4,2023,2025-12-05 18:20:00,1,75,75116,2,1,2,2,Allee De Longchamp,48.875841,2.273632
202300034249,25,6,2023,2025-12-05 01:25:00,3,43,43224,2,1,1,1,Rue De Saint-Didier,45.253433,4.243534
202300034250,27,2,2023,2025-12-05 08:50:00,2,59,59378,2,3,1,6,Astrid Rue De La Reine,50.66149,3.09123
202300034251,12,4,2023,2025-12-05 15:50:00,1,75,75115,2,1,8,6,Rue Leblanc,48.839725,2.272873
202300034252,24,6,2023,2025-12-05 10:55:00,1,36,36001,2,1,1,3,Place Du Champ De Foire,46.4341664,1.82814598
202300034253,28,2,2023,2025-12-05 15:25:00,1,54,54323,2,3,1,3,Albert Labro (Rue),49.51338,5.7676
202300034254,25,6,2023,2025-12-05 00:30:00,3,4,4200,2,1,1,6,Route De Volonne,44.146385,5.990413
202300034255,12,4,2023,2025-12-05 17:50:00,1,75,75115,2,1,1,6,Boulevard De Vaugirard,48.841189,2.31698
202300034256,19,5,2023,2025-12-05 11:50:00,1,77,77243,2,1,1,1,Saint Denis  (Rue   ),48.879149,2.709297
202300034257,28,2,2023,2025-12-05 17:31:00,1,51,51454,2,1,1,6,Avenue Leon Blum,49.227002,4.011786
202300034258,24,6,2023,2025-12-05 02:00:00,3,23,23093,1,1,1,6,D915,46.196808,2.260416
202300034259,19,5,2023,2025-12-05 10:20:00,1,76,76351,2,1,1,7,Roger Meunier,49.48199,0.1148
202300034260,12,4,2023,2025-12-05 09:10:00,1,75,75114,2,2,2,3,Boulevard Jourdan,48.822244,2.330398
202300034261,26,2,2023,2025-12-05 00:30:00,5,51,51454,2,4,1,2,Rue Lesage,49.265965,4.030968
202300034262,24,6,2023,2025-12-05 16:30:00,1,37,37028,1,2,1,3,Cinge,46.792623,0.986543
202300034263,18,5,2023,2025-12-05 05:30:00,5,76,76447,1,1,1,2,Rd 489,49.53728,0.20264
202300034264,28,2,2023,2025-12-05 06:50:00,5,50,50129,2,9,1,3,Lemonnier (Avenue Amiral),49.63463,-1.60167
202300034265,11,4,2023,2025-12-05 23:20:00,5,75,75111,2,2,3,3,Boulevard Richard Lenoir,48.862915,2.371517
202300034266,28,2,2023,2025-12-05 08:30:00,1,49,49267,2,1,1,7,Claie,47.47832,-0.45442
202300034267,24,6,2023,2025-12-05 16:20:00,1,37,37115,2,2,1,3,Rue Leveille,46.974942,0.695068
202300034268,12,4,2023,2025-12-05 08:52:00,1,75,75108,2,3,2,3,Place De La Concorde,48.86585,2.319869
202300034269,18,5,2023,2025-12-05 12:25:00,1,76,76305,1,4,1,4,Industrielle (Route),49.48693,0.21701
202300034270,23,6,2023,2025-12-05 23:45:00,4,30,30263,2,1,1,6,Rue Pasteur,43.966187,3.857478
202300034271,28,2,2023,2025-12-05 09:04:00,1,47,47201,2,4,1,6,Route De Brax,44.19363,0.59397
202300034272,12,4,2023,2025-12-05 08:25:00,1,75,75108,2,2,2,6,Avenue Des Champs Elysees,48.873143,2.297062
202300034273,20,5,2023,2025-12-05 19:40:00,1,73,73029,1,1,1,2,N201 - Vru,45.56369438,5.94815634
202300034274,25,6,2023,2025-12-05 11:30:00,1,48,48097,1,1,1,7,St Roman De Tousque,44.14976341,3.76829405
202300034275,28,2,2023,2025-12-05 08:40:00,1,47,47001,2,1,1,6,Serres (Avenue Michel),44.18384,0.62495
202300034276,24,6,2023,2025-12-05 02:00:00,3,8,8340,1,1,1,6,Adresse_Inconnue,49.4187069,4.09929191
202300034277,19,5,2023,2025-12-05 22:40:00,5,72,72095,2,6,1,6,Cocteau Jean (Rue),48.02839,0.20245
202300034278,11,4,2023,2025-12-05 17:45:00,1,75,75108,2,3,2,3,Boulevard Malesherbes,48.872143,2.321813
202300034279,24,6,2023,2025-12-05 19:15:00,1,88,88194,1,1,1,6,D3,48.282108,5.96137
202300034280,19,5,2023,2025-12-05 23:20:00,5,72,72181,2,6,1,6,Demorieux (Bd) Entre Huisne Et Rd-Point,47.99,0.186
202300034281,28,2,2023,2025-12-05 11:40:00,1,45,45284,2,3,1,3,Soulas (Avenue Louis Joseph),47.90829,1.97123
202300034282,12,4,2023,2025-12-05 16:00:00,1,94,94076,2,1,2,6,Rue Henri Barbusse,48.80442852,2.36889669
202300034283,27,2,2023,2025-12-05 16:30:00,1,42,42237,2,2,1,3,Rue Jean Rostand,45.46778,4.43275
202300034284,20,5,2023,2025-12-05 08:30:00,1,71,71306,2,1,1,3,Alouettes (Avenue Des),46.688919,4.357343
202300034285,25,6,2023,2025-12-05 10:25:00,1,10,10045,1,1,1,7,Autoroute A5,48.172783,4.457445
202300034286,12,4,2023,2025-12-05 17:45:00,1,94,94073,2,6,1,3,Avenue De Versailles,48.757106,2.388088
202300034287,28,2,2023,2025-12-05 18:35:00,5,38,38185,2,1,1,6,Rue Felix Esclangon,45.19213,5.70738
202300034288,18,5,2023,2025-12-05 04:18:00,5,71,71270,2,1,1,6,Pare (Rue Ambroise),46.32022,4.81536
202300034289,11,4,2023,2025-12-05 19:40:00,1,94,94028,2,1,2,6,Avenue Du General De Gaulle,48.78421,2.45157
202300034290,28,2,2023,2025-12-05 17:45:00,1,37,37214,2,3,1,6,De Gaulle (Bd Charles),47.40981,0.67912
202300034291,19,5,2023,2025-12-05 15:00:00,1,69,69264,2,1,1,4,Avenue Theodore Braun,45.98096,4.74034
202300034292,24,6,2023,2025-12-05 14:20:00,1,2,2559,1,1,1,2,A26,49.679867,3.501015
202300034293,12,4,2023,2025-12-05 18:30:00,1,93,93072,2,2,1,6,Rue Pierre De Geyter / Rue Victor Hugo,48.95523,2.3792
202300034294,28,2,2023,2025-12-05 21:05:00,5,35,35238,2,2,2,2,Alma (De L'),48.09465,-1.67462
202300034295,20,5,2023,2025-12-05 10:45:00,1,69,69290,2,3,1,3,Rue Des Etats Unis,45.70211,4.91891
202300034296,24,6,2023,2025-12-05 18:05:00,1,35,35210,1,1,1,1,Le Butais,48.133312,-1.80392
202300034297,28,2,2023,2025-12-05 19:15:00,2,35,35238,2,1,2,6,Berger (Avenue Gaston),48.1165,-1.70474
202300034298,19,5,2023,2025-12-05 09:57:00,1,68,68224,2,1,1,6,Hofer (Rue Josue),47.75633,7.31407
202300034299,12,4,2023,2025-12-05 14:00:00,1,93,93070,2,3,1,2,Avenue Gabriel Peri / Rue Ernest Renan,48.90868585,2.33270377
202300034300,24,6,2023,2025-12-05 17:00:00,1,973,97309,2,9,1,3,402A Route De Montjoly,4.91486898,-52.27458537
202300034301,19,5,2023,2025-12-05 19:00:00,1,67,67218,2,1,1,6,Orme (Rue De L ),48.51545,7.72247
202300034302,28,2,2023,2025-12-05 08:50:00,1,35,35281,1,1,1,4,Rd 177,48.06943824,-1.71278894
202300034303,11,4,2023,2025-12-05 22:50:00,5,93,93077,2,3,2,6,Grande Rue / Rue Beausire,48.8826612,2.51694068
202300034304,24,6,2023,2025-12-05 18:39:00,1,39,39387,1,1,1,6,Bretelle D'Acces A L'Aire De Repos Louis Pasteur,46.987689,5.504923
202300034305,18,5,2023,2025-12-05 22:50:00,5,67,67482,2,1,1,1,Hochfelden (Rue De),48.5913,7.73136
202300034306,28,2,2023,2025-12-05 07:45:00,1,35,35238,2,1,1,3,Painleve (Bd Paul),48.1219,-1.6563
202300034307,12,4,2023,2025-12-05 08:35:00,1,93,93014,2,1,2,3,Boulevard Gagarine,48.906573,2.53730616
202300034308,19,5,2023,2025-12-05 08:25:00,1,66,66136,2,1,1,1,Adresse_Inconnue,42.70655,2.883
202300034309,28,2,2023,2025-12-05 08:30:00,1,35,35238,1,1,1,2,Rn136,48.08077,-1.67327
202300034310,24,6,2023,2025-12-05 06:10:00,2,6,6088,1,1,1,2,A8 Pk 196.300 - Chaussee Nord,43.735104,7.246149
202300034311,19,5,2023,2025-12-05 09:30:00,1,64,64249,2,1,1,3,Getaria(Avenue),43.422375,-1.605124
202300034312,25,6,2023,2025-12-05 04:30:00,3,34,34113,1,1,1,3,A9,43.48548207,3.7001769
202300034313,11,4,2023,2025-12-05 22:20:00,5,93,93014,2,2,2,3,Boulevard Emile Zola / Allee Anatole France,48.9067,2.55613
202300034314,28,2,2023,2025-12-05 06:30:00,5,33,33281,2,3,1,1,Rue Paul Dukas,44.82696,-0.66417
202300034315,24,6,2023,2025-12-05 22:45:00,3,987,98740,1,1,1,7,Avatoru Face Atelier Equipement,-15.364,-147.964
202300034316,19,5,2023,2025-12-05 19:20:00,1,64,64445,2,6,1,3,Buros De,43.32395,-0.3449
202300034317,28,2,2023,2025-12-05 10:10:00,1,31,31565,1,1,8,6,Barbazan (Route De),43.08997,0.68982
202300034318,12,4,2023,2025-12-05 15:08:00,1,93,93007,2,1,1,3,Avenue De La Republique,48.93575648,2.46776038
202300034319,18,5,2023,2025-12-05 14:20:00,1,64,64445,2,6,1,6,Cazaubon Norbert,43.30409,-0.36694
202300034320,28,2,2023,2025-12-05 19:00:00,2,25,25462,2,1,1,2,Salins De (Du 64 A La Fin),46.90996,6.334
202300034321,25,6,2023,2025-12-05 15:00:00,1,974,97415,1,6,1,6,Route De Saint-Pierre,-21.087904,55.237541
202300034322,12,4,2023,2025-12-05 14:00:00,1,93,93001,2,2,1,5,Avenue Jean Jaures / Rue Danielle Casanova,48.91498117,2.40425223
202300034323,20,5,2023,2025-12-05 01:17:00,5,64,64102,2,4,2,2,Republique (Place De La),43.49532,-1.47025
202300034324,24,6,2023,2025-12-05 20:15:00,3,974,97415,1,1,1,6,Route Du Theatre,-21.04233,55.22655
202300034325,28,2,2023,2025-12-05 17:10:00,2,25,25056,2,2,1,3,Denfert Rochereau Avenue,47.244108,6.027043
202300034326,11,4,2023,2025-12-05 23:45:00,5,92,92046,2,1,2,6,Pierre Brossolette (Avenue),48.81443,2.30337
202300034327,18,5,2023,2025-12-05 21:10:00,1,61,61001,2,1,1,3,Avenue Pierre Mauger,48.411841,0.095846
202300034328,25,6,2023,2025-12-05 17:05:00,1,29,29233,1,1,1,6,Lieu Dit Faudelias,47.83775053,-3.58137881
202300034329,28,2,2023,2025-12-05 11:17:00,1,22,22113,2,1,1,6,Bienfaisance (Rue De La),48.729,-3.453
202300034330,12,4,2023,2025-12-05 08:55:00,1,92,92062,2,1,3,3,De Dion Bouton (Quai) Du 1 Au 28,48.87658836,2.24045187
202300034331,20,5,2023,2025-12-05 07:00:00,1,59,59421,2,1,1,6,Carnot (Bld)De 30A46-150A214-59A93-95A20,50.70245,3.14104
202300034332,25,2,2023,2025-12-05 11:35:00,1,19,19031,2,6,1,3,Audierne (Rue Rene),45.16726,1.54247
202300034333,12,4,2023,2025-12-05 17:50:00,1,92,92035,2,7,1,6,Kleber ( Rue ),48.90556373,2.23967671
202300034334,24,6,2023,2025-12-05 18:40:00,1,33,33214,1,3,1,5,Mejos-Ouest,44.976149,-1.046823
202300034335,28,2,2023,2025-12-05 19:30:00,5,13,13106,2,1,1,1,Bedoule (Chemin De La),43.3919288,5.35182429
202300034336,20,5,2023,2025-12-05 02:15:00,5,59,59350,2,2,1,3,Liberte Bvd Ndeg2 - 90-51 - 145,50.63457,3.05671
202300034337,28,2,2023,2025-12-05 18:30:00,2,13,13204,2,1,1,7,Alex. Fleming (Boulevard),43.315,5.40297
202300034338,11,4,2023,2025-12-05 18:40:00,2,92,92044,2,3,3,6,Pdt Wilson(Rue)77A105 Et 76A108,48.89478292,2.28795379
202300034339,25,6,2023,2025-12-05 03:30:00,3,77,77392,1,1,1,3,N2,49.069601,2.714149
202300034340,16,5,2023,2025-12-05 14:30:00,1,59,59359,2,1,1,3,Pompidou (Rue Georges),50.9962531,2.22415423
202300034341,11,4,2023,2025-12-05 19:00:00,1,92,92004,2,1,2,7,Aulagnier ( Quai ),48.91802,2.32037
202300034342,25,6,2023,2025-12-05 01:30:00,3,95,95627,2,1,1,7,D64,49.141444,2.105149
202300034343,28,2,2023,2025-12-05 10:42:00,1,13,13212,2,2,1,3,Saint Jean Du Desert (Chemin),43.29491,5.41863
202300034344,20,5,2023,2025-12-05 01:25:00,5,59,59183,2,1,1,6,Alexandre Iii - Boulevard,51.03275,2.37469
202300034345,23,6,2023,2025-12-05 20:15:00,1,78,78420,2,3,1,3,Rue Ernest May,48.775399,1.812658
202300034346,28,2,2023,2025-12-05 11:05:00,1,13,13206,2,5,2,6,Paul Peytral (Boulevard),43.29012729,5.37818003
202300034347,13,4,2023,2025-12-05 06:51:00,2,11,11328,1,1,1,1,Route De Lauraguel,43.117055,2.144759
202300034348,19,5,2023,2025-12-05 20:30:00,1,59,59183,2,2,1,1,Republique - F Mitterand - Boulevard,51.04407,2.40081
202300034349,25,6,2023,2025-12-05 09:45:00,1,66,66112,1,1,1,1,Adresse_Inconnue,42.58099,2.736438
202300034350,20,5,2023,2025-12-05 11:05:00,1,57,57463,2,3,1,3,Lafayette (Rue ),49.10831,6.17349
202300034351,28,2,2023,2025-12-05 07:55:00,1,13,13004,2,9,2,5,Rte N570 Avignon Stes Maries,43.66842406,4.59727642
202300034352,13,4,2023,2025-12-05 18:00:00,1,6,6114,2,1,1,1,212 Vieux Chemin De L'Abadie,43.736798,7.290952
202300034353,24,6,2023,2025-12-05 15:10:00,1,34,34057,1,1,1,3,Rm65,43.650726,3.920467
202300034354,18,5,2023,2025-12-05 21:00:00,2,56,56121,2,2,1,3,Belgique (Rue  De ),47.76116,-3.38629
202300034355,12,4,2023,2025-12-05 17:30:00,1,7,7022,1,1,1,7,Route Nationale Ndeg86,44.703467,4.76547
202300034356,24,6,2023,2025-12-05 10:30:00,1,84,84054,2,1,1,6,19 Avenue Fabre De Serignan,43.922097,5.048046
202300034357,19,5,2023,2025-12-05 22:37:00,3,54,54521,1,1,1,7,Rd 326,49.48087,5.90024
202300034358,21,2,2023,2025-12-05 14:38:00,1,11,11262,2,3,1,2,Adresse_Inconnue,43.17551,3.00001
202300034359,13,4,2023,2025-12-05 06:40:00,1,974,97405,1,1,1,1,Chemin Achille Benard,-21.342972,55.573193
202300034360,16,6,2023,2025-12-05 20:00:00,1,83,83138,1,1,1,1,D19,43.614143,6.720452
202300034361,19,5,2023,2025-12-05 14:05:00,1,51,51454,2,6,1,3,Rue Jean Jacques Rousseau,49.25744,4.03876
202300034362,28,2,2023,2025-12-05 08:55:00,1,11,11069,2,1,1,7,Rond-Point Charlemagne,43.19711,2.35768
202300034363,13,4,2023,2025-12-05 09:45:00,1,974,97414,1,1,1,6,Rn5,-21.284601,55.423544
202300034364,27,2,2023,2025-12-05 13:34:00,1,10,10081,2,1,1,6,Jean Moulin (Rue),48.30585,4.02901
202300034365,25,6,2023,2025-12-05 10:45:00,1,57,57584,1,2,1,3,Rd34,49.097869,7.273529
202300034366,17,5,2023,2025-12-05 16:45:00,1,49,49007,2,1,1,3,Chatenay Avenue Victor,47.48258,-0.52144
202300034367,25,6,2023,2025-12-05 14:00:00,1,73,73311,2,1,1,7,D207 - 577 Route Des Jeannins,45.464243,6.168898
202300034368,27,2,2023,2025-12-05 08:26:00,1,10,10060,1,1,1,3,Adresse_Inconnue,48.25228,4.10947
202300034369,11,4,2023,2025-12-05 22:30:00,3,6,6118,1,1,1,6,310 Route De Draguignan,43.627068,6.820338
202300034370,20,5,2023,2025-12-05 23:55:00,4,45,45147,2,1,1,3,358 Rue Du Faubourg Bannier,47.930437,1.895702
202300034371,23,6,2023,2025-12-05 19:15:00,1,26,26088,2,1,1,7,Chemin Du Pont Des Seigneurs,45.027785,5.08075
202300034372,25,6,2023,2025-12-05 11:45:00,1,26,26309,1,1,1,6,Route De Villard De Lans,45.071384,5.458488
202300034373,1,3,2023,2025-12-05 17:30:00,1,75,75113,2,1,1,3,Porte D Ivry,48.820273,2.37556
202300034374,12,4,2023,2025-12-05 17:00:00,1,56,56067,1,1,1,7,Rue Charles Le Quintrec,47.730913,-2.833437
202300034375,19,5,2023,2025-12-05 19:15:00,1,42,42186,2,1,1,2,Rue Cesar Bertholon,45.52321,4.6099
202300034376,21,6,2023,2025-12-05 07:22:00,2,26,26064,2,1,1,7,Avenue Marcel Courthial,44.905014,5.020918
202300034377,1,3,2023,2025-12-05 16:00:00,1,75,75118,2,2,1,3,Avenue De La Porte De Montmartre,48.899154,2.33624
202300034378,20,5,2023,2025-12-05 20:20:00,1,37,37261,2,1,8,6,Chevallier (Rue Auguste),47.37494,0.67895
202300034379,25,6,2023,2025-12-05 12:10:00,1,69,69196,1,4,1,1,Route De Chenelette,46.15059421,4.509051
202300034380,20,5,2023,2025-12-05 14:55:00,1,37,37122,1,1,1,6,Rd 37,47.36654184,0.65321642
202300034381,1,3,2023,2025-12-05 19:01:00,5,75,75116,2,1,1,3,Avenue De Versailles,48.846706,2.27303
202300034382,12,4,2023,2025-12-05 15:25:00,1,33,33507,1,2,1,3,Rd12 Lieu Dit Broustey,44.393818,-0.196788
202300034383,19,5,2023,2025-12-05 18:00:00,1,37,37261,2,1,1,6,Rempart (Rue Du),47.39034,0.69452
202300034384,2,4,2023,2025-12-05 02:00:00,3,33,33232,1,1,1,6,Rd10E15 Lieu Dit Queyran,44.260107,-0.100626
202300034385,24,6,2023,2025-12-05 23:30:00,3,33,33018,1,1,1,6,D10,45.01242,-0.356112
202300034386,1,3,2023,2025-12-05 01:00:00,5,75,75116,2,2,1,3,Avenue Georges Lafont,48.836517,2.255977
202300034387,20,5,2023,2025-12-05 05:20:00,5,36,36063,2,1,1,7,Rue Du 19 Mars 1962,46.82635082,1.70767128
202300034388,23,6,2023,2025-12-05 15:00:00,1,33,33433,1,1,1,3,D242,44.919691,-0.441714
202300034389,13,4,2023,2025-12-05 08:45:00,1,63,63009,1,1,1,6,D125,45.41481,3.136683
202300034390,19,5,2023,2025-12-05 11:40:00,1,35,35238,2,2,1,2,Clemenceau (Bd Georges),48.09375562,-1.67465597
202300034391,16,5,2023,2025-12-05 03:30:00,3,34,34108,1,1,6,6,Avenue Des Etangs,43.44821,3.79702
202300034392,28,2,2023,2025-12-05 08:50:00,1,75,75116,2,7,1,4,Allee De La Reine Marguerite,48.850193,2.241918
202300034393,24,6,2023,2025-12-05 17:15:00,1,22,22364,1,2,7,3,Intersection Chemin Communal 1 Et Rd 793 Trelivan,48.430085,-2.102484
202300034394,12,4,2023,2025-12-05 19:00:00,2,63,63154,1,2,1,3,D997 / D81,45.748031,3.323922
202300034395,1,3,2023,2025-12-05 08:50:00,1,75,75115,2,2,1,6,Rue Auguste Chabrieres,48.835125,2.289045
202300034396,25,6,2023,2025-12-05 16:15:00,1,27,27213,2,9,1,7,Rue Du West (Tourny),49.184842,1.538402
202300034397,24,6,2023,2025-12-05 15:42:00,1,60,60581,1,1,1,7,Rue De Catillon,49.5082299,2.41727249
202300034398,1,3,2023,2025-12-05 20:20:00,5,75,75113,2,2,1,6,Rue Charles Moureu,48.826635,2.363609
202300034399,19,5,2023,2025-12-05 19:00:00,1,34,34172,2,2,3,1,18 Boulevard Pedro De Luna,43.595822,3.868306
202300034400,12,4,2023,2025-12-05 14:00:00,1,22,22258,2,3,6,3,Rue De La Corderie,48.424845,-2.660609
202300034401,1,3,2023,2025-12-05 16:55:00,1,75,75108,2,1,1,2,Cours La Reine,48.86507,2.316626
202300034402,12,4,2023,2025-12-05 20:20:00,2,22,22046,1,1,2,7,Le Gue Norme (St Goueno),48.2686607,-2.55649441
202300034403,1,3,2023,2025-12-05 13:10:00,1,93,93073,2,2,1,3,Route Des Petits Ponts / Avenue Henri Barbusse,48.965477,2.569238
202300034404,10,6,2023,2025-12-05 11:30:00,1,13,13215,1,1,1,5,A7-Sens Marseille Vers Lyon,43.37946,5.35663
202300034405,29,3,2023,2025-12-05 14:38:00,1,29,29023,2,1,1,6,Rue Andre Colin,48.659349,-3.921459
202300034406,1,3,2023,2025-12-05 14:00:00,1,93,93007,2,9,1,6,Rue Juste Heras,48.951681,2.444334