num_acc,jour,mois,an,hrmn,lum,dep,com,agg,int,atm,col,adr,lat,long
202300034407,1,3,2023,2025-12-05 14:45:00,1,93,93066,2,3,1,2,Avenue Paul Vaillant-Couturier / Av I Et Frederic Joliot Curie,48.93317591,2.36668535
202300034408,23,6,2023,2025-12-05 10:00:00,1,13,13215,2,1,1,4,A55-Sens Marseille Vers Martigues,43.338516,5.349054
202300034409,13,4,2023,2025-12-05 14:35:00,1,54,54146,1,1,1,2,D674,48.58800587,5.8896482
202300034410,23,6,2023,2025-12-05 06:45:00,1,13,13212,1,1,1,2,A507 Sens Aubagne- Marseille,43.302976,5.425185
202300034411,28,2,2023,2025-12-05 23:40:00,5,93,93055,2,3,1,3,Avenue Du General Leclerc / Chemin De La Noue,48.9014409,2.41295159
202300034412,1,3,2023,2025-12-05 13:30:00,1,93,93051,2,1,1,3,Boulevard Du Ru De Nesles,48.83546,2.58287
202300034413,23,6,2023,2025-12-05 07:15:00,1,83,83137,1,1,1,2,A50,43.12064,5.95065
202300034414,1,3,2023,2025-12-05 18:30:00,5,93,93005,2,3,1,3,Rue Jean Charcot / Avenue De L'Aulnaysienne,48.935331,2.493141
202300034415,19,6,2023,2025-12-05 20:50:00,2,42,42044,1,1,1,2,N88,45.38959,4.31171
202300034416,1,3,2023,2025-12-05 14:55:00,1,93,93001,2,9,1,3,Rue Andre Karman,48.90707685,2.38451734
202300034417,24,6,2023,2025-12-05 21:25:00,1,33,33550,1,1,1,6,Rocade A 630,44.78334,-0.58777
202300034418,24,6,2023,2025-12-05 22:07:00,2,91,91659,1,1,1,6,Autoroute A6,48.58613,2.4519
202300034419,1,3,2023,2025-12-05 08:54:00,1,92,92020,2,2,1,3,Liberte Boulevard De La Ndeg Impairs,48.80251,2.29133
202300034420,23,6,2023,2025-12-05 21:50:00,2,91,91689,1,1,1,2,Autoroute A6B,48.74223,2.32217
202300034421,1,3,2023,2025-12-05 18:45:00,2,22,22206,2,3,1,3,Rue De Mississipi,48.5416,-2.975889
202300034422,23,6,2023,2025-12-05 19:05:00,1,78,78418,1,1,1,7,A14,48.915771,2.13184
202300034423,23,2,2023,2025-12-05 15:00:00,1,51,51085,1,1,1,7,D42,48.972992,3.650529
202300034424,23,6,2023,2025-12-05 15:05:00,1,78,78455,1,1,1,4,A13,48.85954,2.04954
202300034425,12,2,2023,2025-12-05 05:30:00,5,54,54138,2,1,8,6,29 Rue De Lorraine,49.527409,5.728669
202300034426,23,6,2023,2025-12-05 20:30:00,1,95,95218,1,1,1,3,A15,49.03547536,2.09719777
202300034427,1,3,2023,2025-12-05 19:55:00,3,58,58102,1,1,1,6,Cd 33,47.372511,3.073356
202300034428,23,6,2023,2025-12-05 09:55:00,1,93,93066,1,1,1,3,Autoroute A1,48.90986637,2.35795605
202300034429,1,3,2023,2025-12-05 10:30:00,1,56,56020,1,1,1,6,Tircolet,47.774925,-2.446169
202300034430,24,6,2023,2025-12-05 05:30:00,1,95,95241,1,1,1,2,N104,49.04645,2.43915
202300034431,2,3,2023,2025-12-05 07:00:00,2,24,24550,1,1,1,7,A89 - Pk 148.300 - Sens Brive - Perigueux,45.158347,1.061312
202300034432,23,6,2023,2025-12-05 13:20:00,1,95,95641,1,1,1,7,A1,49.07500284,2.55208716
202300034433,2,3,2023,2025-12-05 14:50:00,1,71,71013,1,1,1,7,D29,46.901991,5.281978
202300034434,23,6,2023,2025-12-05 18:00:00,1,77,77055,1,1,1,2,A104.Int,48.902549,2.648334
202300034435,1,3,2023,2025-12-05 09:15:00,1,49,49369,2,1,1,6,2 Rue Du Centre,47.3872,0.079774
202300034436,23,6,2023,2025-12-05 09:05:00,1,77,77384,1,1,1,2,A5B,48.597727,2.634812
202300034437,1,3,2023,2025-12-05 19:45:00,5,41,41151,2,3,1,3,Rue Alfred Blanchandin,47.341069,1.177812
202300034438,23,6,2023,2025-12-05 05:10:00,2,77,77237,1,1,1,2,A4,48.830943,2.760928
202300034439,1,3,2023,2025-12-05 19:28:00,3,44,44056,2,1,1,2,13 La Guerinais,47.417598,-1.776826
202300034440,1,3,2023,2025-12-05 12:35:00,1,29,29150,1,1,1,6,Route De Brigneau,47.803049,-3.651066
202300034441,23,6,2023,2025-12-05 18:05:00,1,54,54395,2,7,1,6,Place Paul Painleve,48.68239,6.16557
202300034442,18,6,2023,2025-12-05 19:35:00,1,87,87085,2,1,1,6,Carmes (Place Des),45.8299,1.24991
202300034443,24,2,2023,2025-12-05 12:35:00,1,31,31341,1,1,7,5,1543 Route De Toulouse,43.734011,1.317514
202300034444,23,6,2023,2025-12-05 07:44:00,1,988,98818,2,1,1,6,A Hauteur Du Ndeg131 Rue Auguste Benebig,-22.26822,166.45567
202300034445,1,3,2023,2025-12-05 11:45:00,1,58,58095,2,1,1,3,Avenue Du 14 Juillet,46.835125,3.466675
202300034446,1,3,2023,2025-12-05 16:50:00,1,14,14550,1,1,1,7,D85,49.1863272,0.02973016
202300034447,23,6,2023,2025-12-05 14:10:00,1,974,97411,1,1,2,7,Montagne (Route De La),-20.88761,55.4404
202300034448,19,1,2023,2025-12-05 14:45:00,1,83,83010,1,1,1,7,Piste J21- Saint Laurent,43.736662,6.560576
202300034449,23,6,2023,2025-12-05 10:35:00,1,974,97411,2,2,1,6,Mac Auliffe (Rue Victor),-20.87754,55.45228
202300034450,1,3,2023,2025-12-05 17:35:00,1,60,60264,1,1,1,7,D93,49.3764774,2.07963414
202300034451,22,6,2023,2025-12-05 19:00:00,5,974,97411,2,1,1,3,Riviere Des Pluies (Route De La),-20.90145,55.50177
202300034452,27,2,2023,2025-12-05 08:15:00,2,64,64452,1,1,4,1,9 Route De Ger,43.311705,-0.057866
202300034453,1,3,2023,2025-12-05 18:00:00,1,36,36130,1,1,1,1,Adresse_Inconnue,46.58138561,2.05601902
202300034454,22,6,2023,2025-12-05 07:15:00,1,974,97411,1,3,1,1,Saint-Francois (Boulevard De),-20.89882,55.46078
202300034455,6,9,2023,2025-12-05 09:45:00,1,75,75109,2,3,1,6,Rue Des Martyrs,48.877298,2.339391
202300034456,23,6,2023,2025-12-05 16:10:00,1,973,97302,2,3,1,3,Madeleine (Route De La),4.93025973,-52.32601941
202300034457,6,9,2023,2025-12-05 08:05:00,1,75,75108,2,7,1,3,Place De L Alma,48.86472653,2.30135679
202300034458,23,6,2023,2025-12-05 20:20:00,1,38,38053,2,4,1,6,Saint Jean (Route De),45.58008,5.27429
202300034459,5,9,2023,2025-12-05 14:30:00,1,75,75104,2,3,1,4,Quai De L Hotel De Ville,48.854378,2.354947
202300034460,23,6,2023,2025-12-05 23:10:00,5,69,69382,2,2,1,3,Quai Des Celestins,45.75949,4.82968
202300034461,6,9,2023,2025-12-05 19:04:00,1,94,94044,2,6,7,3,Avenue Du President Wilson,48.75140662,2.49025512
202300034462,23,6,2023,2025-12-05 19:07:00,1,2B,2B033,2,9,1,-1,Route Royale,42.67735,9.43401
202300034463,5,9,2023,2025-12-05 14:50:00,1,94,94058,2,1,1,6,Avenue Du General De Gaulle,48.84182757,2.50530674
202300034464,24,6,2023,2025-12-05 00:25:00,5,2A,2A004,2,1,1,6,Eugenie Imperatrice Rce Av Impe Eugenie,41.9167,8.73748
202300034465,13,12,2023,2025-12-05 21:10:00,5,62,62160,2,6,2,3,D940,50.71435951,1.6070559
202300034466,6,9,2023,2025-12-05 19:20:00,1,94,94003,2,1,1,2,Avenue Paul Vaillant-Couturier,48.80300124,2.33812465
202300034467,6,9,2023,2025-12-05 10:50:00,1,94,94003,2,1,1,6,Rue Emile Raspail,48.8015327,2.33169539
202300034468,13,12,2023,2025-12-05 11:30:00,1,59,59599,2,2,2,3,Gand (Rue De),50.73808372,3.16229919
202300034469,13,12,2023,2025-12-05 15:00:00,1,59,59299,1,9,3,6,Europe (Avenue De L'),50.66083,3.17888
202300034470,6,9,2023,2025-12-05 18:40:00,1,94,94038,2,6,1,6,Rue Gabriel Peri,48.78600648,2.34208567
202300034471,17,6,2023,2025-12-05 14:05:00,1,91,91552,2,1,1,1,Rue De Chanteloup,48.5971,2.2477
202300034472,6,9,2023,2025-12-05 16:25:00,1,94,94017,2,6,1,3,Avenue Maurice Thorez,48.81167,2.53662
202300034473,13,12,2023,2025-12-05 11:30:00,1,59,59350,2,4,3,1,Solferino Rue Ndeg2 - 108,50.63488,3.04755
202300034474,17,6,2023,2025-12-05 02:24:00,3,87,87085,1,1,1,2,Autoroute A20,45.860797,1.286432
202300034475,6,9,2023,2025-12-05 15:10:00,1,94,94056,2,1,1,6,Route De Brie Comte Robert,48.69746405,2.55180967
202300034476,13,12,2023,2025-12-05 09:45:00,1,54,54528,2,3,1,6,Rue De La Liberte,48.687154,5.898764
202300034477,22,6,2023,2025-12-05 01:15:00,3,87,87085,1,1,2,2,Autoroute A20,45.8304,1.28214
202300034478,13,12,2023,2025-12-05 08:15:00,2,53,53130,2,1,8,6,Industrie ( Boulevard De L' ),48.071098,-0.750773
202300034479,6,9,2023,2025-12-05 08:45:00,1,94,94075,2,1,1,3,Route De La Grange,48.73289,2.51379
202300034480,16,6,2023,2025-12-05 16:42:00,1,87,87075,2,1,1,6,Aragon (Avenue Louis),45.80995,1.21998
202300034481,13,12,2023,2025-12-05 16:40:00,5,51,51454,2,1,2,6,Pingat (Rue Andre),49.25897,4.02193
202300034482,16,6,2023,2025-12-05 16:29:00,1,87,87085,1,1,1,3,Rn520,45.872715,1.1633794
202300034483,6,9,2023,2025-12-05 17:20:00,1,93,93059,2,1,1,3,Boulevard Jean Mermoz,48.97111,2.36623
202300034484,11,12,2023,2025-12-05 18:45:00,5,49,49099,2,1,1,6,Girardiere (Rue De La),47.04165,-0.90251
202300034485,23,6,2023,2025-12-05 20:25:00,1,83,83137,2,6,1,3,Forgentier (Chemin De),43.1322,5.9042
202300034486,7,12,2023,2025-12-05 17:25:00,2,49,49099,2,6,2,6,Bois Lavau (Boulevard Des),47.07266,-0.89885
202300034487,6,9,2023,2025-12-05 18:01:00,1,93,93066,2,1,1,2,Avenue Du Colonel Fabien,48.94532005,2.3515474
202300034488,23,6,2023,2025-12-05 16:00:00,1,78,78650,2,9,1,6,Carnot (Boulevard),48.893675,2.136555
202300034489,4,9,2023,2025-12-05 09:10:00,1,93,93066,2,1,1,6,Avenue Du President Wilson,48.911113,2.357767
202300034490,13,12,2023,2025-12-05 10:40:00,1,47,47201,1,1,2,6,Verdun,44.19019,0.60519
202300034491,22,6,2023,2025-12-05 15:45:00,1,78,78238,2,6,1,6,Cd 14,48.96486,1.86641
202300034492,6,9,2023,2025-12-05 15:00:00,1,93,93064,2,1,1,6,Rue De Verdun,48.87690521,2.4797853
202300034493,13,12,2023,2025-12-05 08:10:00,2,44,44109,2,4,1,6,31 Rue Louis Guiotton,47.24343,-1.52329
202300034494,23,6,2023,2025-12-05 22:55:00,3,76,76005,1,1,1,5,Route De Paris,49.40565,1.12183
202300034495,6,9,2023,2025-12-05 18:40:00,1,93,93014,2,3,1,3,Allee Maurice Audin / Allee Victor Hugo,48.90857963,2.54509131
202300034496,9,12,2023,2025-12-05 05:40:00,5,42,42218,2,1,2,6,Avenue De Rochetaillee,45.41519,4.40162
202300034497,23,6,2023,2025-12-05 11:45:00,1,76,76540,2,1,1,6,Rue Jeanne D'Arc,49.44645,1.09318
202300034498,11,11,2023,2025-12-05 16:50:00,1,42,42218,2,2,1,3,Rue Des Acieries,45.45899,4.39562
202300034499,5,9,2023,2025-12-05 17:30:00,1,93,93010,2,1,1,2,Avenue Gallieni,48.90697,2.48706
202300034500,21,6,2023,2025-12-05 21:15:00,1,76,76351,2,2,1,3,Francois 1Er (Bd),49.490627,0.100218
202300034501,22,6,2023,2025-12-05 05:40:00,2,76,76351,2,1,1,7,Gabriel Peri,49.49373,0.11837
202300034502,13,12,2023,2025-12-05 12:00:00,1,37,37122,2,1,1,2,Rd 37,47.34858368,0.64606905
202300034503,23,6,2023,2025-12-05 08:30:00,1,74,74118,2,1,1,3,Liberation (Route De La),46.17887,6.23333
202300034504,6,9,2023,2025-12-05 06:25:00,5,92,92073,1,1,1,4,Blum (Quai Leon),48.86529544,2.22696796
202300034505,13,12,2023,2025-12-05 08:10:00,1,37,37261,2,1,1,4,Pompidou (Avenue Georges),47.3837,0.71097
202300034506,23,6,2023,2025-12-05 21:10:00,1,72,72181,2,1,1,6,Foucaudiere (Rue),47.97503,0.19364
202300034507,22,6,2023,2025-12-05 07:27:00,1,72,72181,1,1,3,6,Liberte (Av De La),47.96,0.212
202300034508,13,12,2023,2025-12-05 07:35:00,2,35,35238,2,4,8,6,Lorient (De),48.10791,-1.7028
202300034509,6,9,2023,2025-12-05 08:55:00,1,92,92051,2,1,1,5,"General Leclerc (Boulevard Du, Ndeg 1 A 27",48.89003,2.26034
202300034510,23,6,2023,2025-12-05 15:55:00,1,71,71059,1,1,1,6,Fauches A Montaubry (Chemin Rural Des),46.77433479,4.50877793
202300034511,3,9,2023,2025-12-05 19:40:00,1,92,92050,2,1,1,3,Clemenceau Georges Avenue Ndeg Pair,48.88595,2.2157
202300034512,13,12,2023,2025-12-05 07:15:00,3,34,34172,1,6,1,2,Auriol (Avenue Vincent),43.64502,3.85216
202300034513,23,6,2023,2025-12-05 16:35:00,1,69,69256,2,2,1,3,Rue Cuzin,45.77554,4.91743
202300034514,5,9,2023,2025-12-05 16:15:00,1,92,92035,2,8,1,1,National ( Boulevard ),48.90567028,2.23901464
202300034515,13,12,2023,2025-12-05 19:00:00,3,33,33529,2,1,3,2,Rd 1250 (Bonneval -La Hume) - Stade,44.61325167,-1.15080178
202300034516,23,6,2023,2025-12-05 08:00:00,1,69,69275,2,1,1,3,Avenue Franklin Roosevelt,45.75874677,4.93642881
202300034517,6,9,2023,2025-12-05 09:30:00,1,92,92019,2,9,1,3,Division Leclerc (Avenue De La),48.76902959,2.25045741
202300034518,13,12,2023,2025-12-05 16:15:00,1,28,28134,1,1,2,4,Rn 12 (Arche Du Gazon),48.74246971,1.33179188
202300034519,6,9,2023,2025-12-05 13:22:00,1,92,92012,2,1,1,7,Nationale (Rue) 39/Fin - 32/Fin,48.82924,2.24018
202300034520,12,12,2023,2025-12-05 20:20:00,5,19,19031,2,3,2,6,Freyssinet (Rue Eugene),45.15479,1.48075
202300034521,23,6,2023,2025-12-05 17:15:00,1,69,69259,2,1,1,2,Boulevard De Jodino,45.69124,4.8826
202300034522,5,9,2023,2025-12-05 20:40:00,1,92,92004,2,1,1,3,Docteur Dervaux  ( Quai Du ),48.9111,2.29863
202300034523,13,12,2023,2025-12-05 14:40:00,1,13,13208,2,1,1,1,Prado (Avenue Du),43.272883,5.391191
202300034524,6,9,2023,2025-12-05 18:40:00,1,54,54563,1,9,1,3,D904,48.483504,6.093678
202300034525,13,12,2023,2025-12-05 12:05:00,1,13,13001,2,1,1,1,Gambetta (Cours),43.51892,5.46254
202300034526,4,9,2023,2025-12-05 07:40:00,2,51,51352,1,1,1,3,D16 - Sens Reims La Brulee/Marolles,48.722651,4.631639
202300034527,30,11,2023,2025-12-05 13:35:00,1,11,11262,2,2,1,6,Adresse_Inconnue,43.1872,2.98312
202300034528,7,9,2023,2025-12-05 15:25:00,1,1,1092,1,3,7,3,D904,45.963982,5.258256
202300034529,12,12,2023,2025-12-05 09:45:00,1,10,10333,2,9,2,7,Echenilly (Cd),48.27946,4.04215
202300034530,6,9,2023,2025-12-05 11:45:00,1,973,97353,2,1,1,3,Route Abdalah,3.644486,-54.03523
202300034531,13,12,2023,2025-12-05 14:00:00,1,9,9130,1,1,2,7,Lafagette (Avenue),42.93621499,1.5866299
202300034532,7,9,2023,2025-12-05 11:10:00,1,5,5161,1,1,1,1,Route Du Granon,44.96144368,6.58739483
202300034533,13,12,2023,2025-12-05 08:25:00,1,6,6029,2,3,1,3,Cavell (Rue  Edith),43.55427,7.01648
202300034534,6,9,2023,2025-12-05 16:22:00,1,974,97401,2,3,1,3,48 Avenue Du General De Gaulle,-21.240862,55.333012
202300034535,13,12,2023,2025-12-05 07:25:00,5,75,75119,2,1,1,5,Porte D Aubervilliers,48.900495,2.373846
202300034536,7,9,2023,2025-12-05 09:20:00,1,62,62038,2,1,7,6,Rue Montluc,50.855,1.977035
202300034537,12,12,2023,2025-12-05 19:00:00,5,75,75112,2,3,1,6,Avenue De Nogent,48.8444664,2.44019866
202300034538,7,9,2023,2025-12-05 10:50:00,1,54,54236,1,1,1,1,D170,49.424025,5.535579
202300034539,12,12,2023,2025-12-05 14:00:00,1,75,75118,2,1,2,2,Boulevard Peripherique Exterieur Nord,48.90086,2.36433
202300034540,6,9,2023,2025-12-05 16:56:00,1,76,76648,1,1,1,2,Autroute A28 - Pk 074.700,49.64968,1.266362
202300034541,12,12,2023,2025-12-05 08:30:00,1,75,75113,2,1,8,3,Rue Bruneseau,48.824299,2.384666
202300034542,13,12,2023,2025-12-05 12:25:00,1,75,75120,2,1,1,6,Rue Des Pyrenees,48.8533,2.405917
202300034543,6,9,2023,2025-12-05 21:00:00,3,14,14760,1,1,1,2,A84,49.095536,-0.621457
202300034544,13,12,2023,2025-12-05 18:45:00,1,75,75119,2,3,1,6,Rue De Meaux,48.878976,2.371287
202300034545,7,9,2023,2025-12-05 06:20:00,3,62,62289,1,1,5,6,D138,50.44641539,1.78342053
202300034546,13,12,2023,2025-12-05 14:30:00,1,75,75118,2,2,8,3,Rue Hermel,48.894839,2.346342
202300034547,13,12,2023,2025-12-05 12:35:00,1,75,75118,2,5,8,3,Boulevard Barbes,48.887308,2.349563
202300034548,7,9,2023,2025-12-05 13:58:00,1,2B,2B250,1,1,1,6,Pozzo Rosso,42.515654,9.422557
202300034549,13,12,2023,2025-12-05 11:05:00,1,75,75117,2,3,1,6,Rue Bayen,48.880709,2.293457
202300034550,6,9,2023,2025-12-05 20:14:00,2,32,32194,1,1,1,1,D15,43.949188,0.299785
202300034551,13,12,2023,2025-12-05 09:40:00,1,75,75117,2,1,1,2,Boulevard Peripherique Interieur Ouest,48.890115,2.29852
202300034552,5,9,2023,2025-12-05 22:45:00,5,71,71014,2,2,1,1,Rue Du Docteur Renaud,46.950519,4.294899
202300034553,12,12,2023,2025-12-05 16:45:00,5,75,75114,2,2,2,3,Boulevard Romain Rolland,48.819735,2.325727
202300034554,7,9,2023,2025-12-05 17:55:00,1,71,71146,1,1,1,1,Route De Cluny,46.454653,4.695561
202300034555,13,12,2023,2025-12-05 19:40:00,5,75,75111,2,2,2,1,Rue De Charonne,48.855752,2.391328
202300034556,3,9,2023,2025-12-05 17:15:00,1,63,63236,1,1,1,5,D36 Pk 56+100,45.572551,2.822735
202300034557,13,12,2023,2025-12-05 13:40:00,1,75,75111,2,1,2,6,Rue De La Roquette,48.8549,2.37302
202300034558,7,9,2023,2025-12-05 15:30:00,1,63,63297,1,1,1,3,Rd212,45.75462538,3.36773295
202300034559,13,12,2023,2025-12-05 10:35:00,1,75,75111,2,2,1,3,Rue Morand,48.8658833,2.376304
202300034560,7,9,2023,2025-12-05 16:20:00,1,55,55568,1,1,1,3,D997,48.711849,5.061663
202300034561,13,12,2023,2025-12-05 00:00:00,5,75,75107,2,9,1,7,Rue Fabert,48.858399,2.311167
202300034562,13,12,2023,2025-12-05 07:20:00,5,94,94074,2,1,2,6,Avenue Henri Barbusse,48.76556031,2.44151283
202300034563,6,9,2023,2025-12-05 15:45:00,1,12,12088,1,1,1,1,Rd 15 - Pk 53+650,44.659694,2.946911
202300034564,12,12,2023,2025-12-05 14:05:00,1,94,94042,2,2,3,6,Avenue Du General Gallieni,48.82006064,2.47950053
202300034565,6,9,2023,2025-12-05 05:30:00,3,68,68096,1,6,1,7,D419,47.609751,7.353716
202300034566,13,12,2023,2025-12-05 09:45:00,1,94,94043,2,6,2,3,Avenue De Fontainebleau,48.80977,2.36227
202300034567,7,9,2023,2025-12-05 08:20:00,2,35,35188,2,6,1,3,Boulevard Robert Surcouf,48.133971,-1.946667
202300034568,7,9,2023,2025-12-05 02:00:00,3,3,3107,1,1,1,7,D998,46.115126,3.113669
202300034569,12,12,2023,2025-12-05 18:38:00,5,94,94074,2,3,1,2,Rue Lucien Sampaix,48.74232231,2.47500622
202300034570,12,12,2023,2025-12-05 08:00:00,1,94,94016,2,1,1,6,Avenue De La Division Leclerc,48.78762199,2.33013394
202300034571,7,9,2023,2025-12-05 11:54:00,1,15,15083,1,1,1,1,Chemin De Montcamp,44.981788,2.429271
202300034572,2,9,2023,2025-12-05 15:00:00,1,1,1272,1,1,1,6,3373 Route Des Gouttes,46.138274,5.036244
202300034573,13,12,2023,2025-12-05 10:14:00,1,94,94077,2,2,1,3,Avenue Pasteur,48.7374,2.4192
202300034574,6,9,2023,2025-12-05 19:15:00,1,70,70282,2,4,7,1,Chemin De Bellevue,47.400047,5.810831
202300034575,11,12,2023,2025-12-05 09:15:00,1,93,93070,2,5,1,6,Avenue Du Capitaine Glarner / Rue Emile Zola,48.904492,2.32868
202300034576,6,9,2023,2025-12-05 14:15:00,1,70,70441,1,4,1,7,Departementale 192,47.47465,5.979459
202300034577,21,10,2023,2025-12-05 19:30:00,5,92,92078,2,9,2,3,Asnieres (Quai),48.9329346,2.33572823
202300034578,7,9,2023,2025-12-05 12:30:00,1,66,66001,1,1,1,6,Adresse_Inconnue,42.46359179,2.89738655
202300034579,13,12,2023,2025-12-05 19:15:00,5,92,92012,2,9,1,3,General Leclerc (Avenue Du) 35/Fin - 60/,48.83192929,2.2381901
202300034580,7,9,2023,2025-12-05 11:45:00,1,14,14735,1,3,7,1,D40,49.03400528,-0.06512133
202300034581,7,9,2023,2025-12-05 15:40:00,1,14,14367,1,1,7,3,2 Route D'Isigny,49.259865,-1.054151
202300034582,13,12,2023,2025-12-05 10:20:00,1,92,92009,2,1,1,3,Agent Sarre ( Rue De L' ),48.92652976,2.2724703
202300034583,7,9,2023,2025-12-05 04:00:00,3,18,18001,1,1,1,7,Adresse_Inconnue,47.283931,2.47025
202300034584,13,12,2023,2025-12-05 18:50:00,5,92,92002,2,1,2,6,Adolphe Pajeaud (Rue),48.74077166,2.28162825
202300034585,7,9,2023,2025-12-05 07:30:00,1,24,24520,2,3,1,3,Rue De La Trappe,44.884012,1.219662
202300034586,13,12,2023,2025-12-05 23:30:00,3,33,33138,1,1,2,6,Les Grands Rois,45.0283659,-0.06288707
202300034587,7,9,2023,2025-12-05 09:50:00,1,48,48061,1,1,1,7,Route Nationale 106,44.338583,3.586339
202300034588,5,9,2023,2025-12-05 15:45:00,1,973,97307,1,1,1,3,Rn1 Pk13,4.901637,-52.363517
202300034589,14,12,2023,2025-12-05 12:00:00,1,972,97229,2,4,1,1,Route De La Demarche,14.630596,-61.113454
202300034590,7,9,2023,2025-12-05 10:25:00,1,1,1063,1,1,1,6,A 404 005+400 Direction St Martin Du Frene,46.17492,5.560101
202300034591,6,9,2023,2025-12-05 19:25:00,1,72,72241,1,1,1,7,"Autoroute A11, Pk 155+000",48.062135,0.393105
202300034592,14,12,2023,2025-12-05 07:10:00,3,63,63240,1,1,1,2,D2009,46.04309972,3.21004894
202300034593,6,9,2023,2025-12-05 02:15:00,3,21,21295,1,1,1,6,Autoroute A31 Pk 025+500 Sens Beaune-Dijon,47.219342,5.005581
202300034594,12,12,2023,2025-12-05 06:45:00,1,974,97414,2,1,1,3,Avenue Du Rond Point Du Gol,-21.284256,55.395105
202300034595,13,12,2023,2025-12-05 23:30:00,3,59,59653,1,1,2,1,N41,50.59390819,2.93170688
202300034596,6,9,2023,2025-12-05 21:44:00,3,28,28392,1,1,1,4,Autoroute A10 Point Kilometrique 063+140 Direction Paris (75),48.220109,1.846942
202300034597,6,9,2023,2025-12-05 11:13:00,1,28,28121,1,1,1,3,Autoroute A10 Point Kilometrique 073+109 Diection Paris (75),48.128903,1.853023
202300034598,13,12,2023,2025-12-05 12:00:00,1,56,56231,1,1,8,6,Adresse_Inconnue,47.679196,-2.653587
202300034599,6,9,2023,2025-12-05 09:50:00,1,987,98753,1,1,3,6,Route Traversiere Pk 3 Sens Mataura / Mahu,-23.372504,-149.461586
202300034600,3,9,2023,2025-12-05 20:30:00,3,986,98613,2,1,1,6,Rt1,-13.241909,-176.18062
202300034601,31,8,2023,2025-12-05 16:30:00,1,986,98613,1,9,8,6,Utufua,-13.3401,-176.195812
202300034602,13,12,2023,2025-12-05 18:15:00,3,67,67508,1,1,8,7,D919,48.989669,7.141773
202300034603,6,9,2023,2025-12-05 07:48:00,1,77,77455,1,1,7,2,D619,48.634199,2.726251
202300034604,7,9,2023,2025-12-05 18:45:00,1,95,95059,1,1,1,7,D22E,49.18549,2.064872
202300034605,14,12,2023,2025-12-05 09:20:00,1,76,76547,1,1,1,6,D928,49.56018227,1.26216459
202300034606,7,9,2023,2025-12-05 04:10:00,3,91,91600,1,1,1,6,N6,48.676322,2.49864
202300034607,13,12,2023,2025-12-05 19:50:00,5,2B,2B096,2,1,1,6,Avenue Jean Nicoli,42.307209,9.151123
202300034608,5,9,2023,2025-12-05 17:20:00,1,78,78310,2,1,7,3,677 Rue Des Clos De L'Ecu,48.789542,1.608558
202300034609,6,9,2023,2025-12-05 15:30:00,1,2B,2B190,1,1,1,7,Rd 863,42.527761,9.023595
202300034610,14,12,2023,2025-12-05 12:25:00,1,80,80330,1,1,1,1,D53,49.967971,1.791988
202300034611,7,9,2023,2025-12-05 12:10:00,1,2A,2A041,2,1,1,2,D58,41.390204,9.187639
202300034612,6,9,2023,2025-12-05 16:35:00,1,34,34052,1,1,1,6,Route Departementale 11,43.324569,3.057504
202300034613,7,9,2023,2025-12-05 08:15:00,1,83,83115,2,9,1,6,18 Avenue Du 8 Mai 1945,43.311892,6.632636
202300034614,13,12,2023,2025-12-05 11:15:00,1,61,61230,2,1,2,6,Rd918,48.530808,0.752804
202300034615,7,9,2023,2025-12-05 19:00:00,1,6,6078,1,1,1,5,D6202,43.915236,7.173981
202300034616,7,9,2023,2025-12-05 09:00:00,2,13,13081,2,1,7,6,Bd Du Vallat De La Chapelle,43.486136,5.230686
202300034617,13,12,2023,2025-12-05 15:02:00,1,46,46240,1,8,1,3,D840 Pk 61,44.841185,1.653689
202300034618,14,12,2023,2025-12-05 07:15:00,5,29,29061,2,1,2,3,10Bis Boulevard Gabriel Lippmann,48.428108,-4.454419
202300034619,6,9,2023,2025-12-05 23:00:00,3,57,57254,1,1,1,1,Rue De Noveant,49.044873,6.023898
202300034620,1,12,2023,2025-12-05 07:00:00,3,13,13036,1,3,2,3,Avenue De La Bouvine,43.847813,4.84106
202300034621,6,9,2023,2025-12-05 13:38:00,1,63,63150,1,3,1,3,D455,45.90138517,3.07332337
202300034622,13,12,2023,2025-12-05 18:40:00,5,2,2608,2,1,2,6,Les Epinettes,49.83827,4.062259
202300034623,7,9,2023,2025-12-05 08:45:00,1,42,42204,2,1,1,3,Boulevard Du Haut Forez,45.424099,4.063262
202300034624,5,9,2023,2025-12-05 09:30:00,1,38,38158,2,1,1,1,5 Avenue Raymond Chanas,45.156119,5.739102
202300034625,13,12,2023,2025-12-05 17:30:00,3,1,1056,1,1,2,1,D12,46.045569,5.465478
202300034626,6,9,2023,2025-12-05 14:45:00,1,17,17283,2,1,1,6,Rue Adolphe Thiers,45.579222,-0.544505
202300034627,1,9,2023,2025-12-05 18:30:00,1,33,33080,1,1,1,6,3700 Avenue De Toulouse,44.729975,-0.531413
202300034628,29,8,2023,2025-12-05 12:19:00,1,33,33422,1,1,1,1,D213,44.81787318,-0.853149
202300034629,9,12,2023,2025-12-05 22:30:00,3,1,1283,1,1,3,2,D106A,46.287659,5.651361
202300034630,7,9,2023,2025-12-05 08:30:00,1,50,50492,1,1,7,6,Intersection D11 D213,49.095449,-0.900171