num_acc,jour,mois,an,hrmn,lum,dep,com,agg,int,atm,col,adr,lat,long
202300034631,14,12,2023,2025-12-05 17:30:00,3,50,50074,1,1,2,6,Le Vieux Bourg,48.716956,-1.171522
202300034632,5,9,2023,2025-12-05 17:56:00,1,22,22223,1,1,1,5,L'Isle,48.592402,-3.176154
202300034633,7,9,2023,2025-12-05 08:35:00,1,22,22136,2,1,1,2,Boulevard De Penthievre,48.187978,-2.756254
202300034634,6,9,2023,2025-12-05 17:20:00,1,59,59249,1,1,1,6,D83,50.020997,4.078631
202300034635,14,12,2023,2025-12-05 10:30:00,1,45,45167,1,2,1,3,D3 Pr 3 + 425,47.862238,1.699798
202300034636,14,12,2023,2025-12-05 09:30:00,1,7,7317,1,1,2,6,Route De Sarras,45.215664,4.791155
202300034637,29,6,2023,2025-12-05 13:50:00,1,13,13212,1,1,1,3,A507 Sens Aubagne- Marseille,43.303398,5.425341
202300034638,6,9,2023,2025-12-05 07:10:00,1,83,83137,1,1,1,3,A57,43.1317,5.9806
202300034639,14,12,2023,2025-12-05 12:55:00,1,7,7238,1,3,1,3,D104A,44.437177,4.19512
202300034640,5,9,2023,2025-12-05 07:55:00,1,83,83137,1,1,1,3,A50,43.12679027,5.91170232
202300034641,5,9,2023,2025-12-05 08:50:00,1,59,59359,1,1,1,2,Autoroute A16,50.98179,2.22668
202300034642,14,12,2023,2025-12-05 07:55:00,2,85,85234,1,1,1,5,Rd753,46.801102,-2.035995
202300034643,29,8,2023,2025-12-05 09:15:00,1,59,59328,1,1,1,2,Route Departementale 652,50.65927,3.0189
202300034644,12,12,2023,2025-12-05 17:40:00,5,27,27102,2,1,2,6,Route De Routot,49.36096,0.781456
202300034645,10,8,2023,2025-12-05 11:55:00,1,59,59202,1,1,1,2,Autoroute A25,50.67778,2.85683
202300034646,6,9,2023,2025-12-05 18:35:00,1,91,91174,1,1,1,3,Rn 104,48.61039,2.44499
202300034647,6,9,2023,2025-12-05 16:45:00,1,91,91553,1,1,1,3,Rn 104,48.62802,2.48016
202300034648,13,12,2023,2025-12-05 22:35:00,4,987,98729,1,9,3,3,"Pk 1,200 A Teavaro",-17.577,-150.202
202300034649,6,9,2023,2025-12-05 15:50:00,1,92,92019,1,1,1,2,Rn 385 Int,48.7665676,2.24478607
202300034650,5,9,2023,2025-12-05 23:40:00,3,91,91692,1,1,1,7,Rn 118,48.68487,2.18938
202300034651,13,12,2023,2025-12-05 04:45:00,5,974,97415,2,6,1,6,N1A,-21.061079,55.22347
202300034652,5,9,2023,2025-12-05 08:40:00,1,92,92047,1,1,1,3,A13,48.83231571,2.15438418
202300034653,11,12,2023,2025-12-05 01:20:00,3,974,97415,1,1,1,1,N1A,-21.022221,55.232252
202300034654,5,9,2023,2025-12-05 06:50:00,2,92,92064,1,1,1,4,A13,48.83736624,2.18864663
202300034655,13,12,2023,2025-12-05 03:00:00,5,973,97308,2,1,1,7,Rue Pierre Ceron,3.887893,-51.802707
202300034656,6,9,2023,2025-12-05 06:15:00,2,95,95018,1,1,1,2,A15,48.95759,2.27568
202300034657,13,12,2023,2025-12-05 21:24:00,5,95,95370,2,1,1,3,Republique (Boulevard De La),49.13934056,1.98479176
202300034658,5,9,2023,2025-12-05 08:20:00,1,93,93005,1,1,1,3,Autoroute A1,48.95707,2.46129
202300034659,5,9,2023,2025-12-05 08:05:00,1,93,93027,1,1,1,3,Autoroute A86,48.92396263,2.38567719
202300034660,14,12,2023,2025-12-05 18:17:00,3,30,30258,1,1,1,1,D6572,43.671224,4.405024
202300034661,4,9,2023,2025-12-05 19:50:00,1,54,54257,2,1,7,2,Route De Fleville,48.65103791,6.20799422
202300034662,8,12,2023,2025-12-05 17:39:00,5,34,34057,2,1,1,1,Avenue Marcel Dassault,43.623747,3.91587
202300034663,9,3,2023,2025-12-05 09:15:00,1,19,19272,2,1,1,2,Dr Valette (Rue),45.25416107,1.75927269
202300034664,18,6,2023,2025-12-05 21:10:00,2,93,93005,2,6,2,2,Boulevard Andre Citroen,48.9603,2.48815
202300034665,13,12,2023,2025-12-05 12:45:00,1,83,83119,2,1,1,6,Avenue General Leclerc,43.269472,6.636123
202300034666,10,6,2023,2025-12-05 19:55:00,1,93,93005,2,2,1,5,Rue Jean Charcot / Avenue Gaston Chauvin,48.93319851,2.48961278
202300034667,2,4,2023,2025-12-05 16:35:00,1,32,32285,1,1,3,6,Lieu-Dit Liebra,43.607556,0.337787
202300034668,14,12,2023,2025-12-05 16:00:00,1,6,6078,1,1,1,3,Malaussene,43.930524,7.110965
202300034669,28,4,2023,2025-12-05 15:30:00,1,32,32258,1,1,1,6,Lieu Dit La Bourdette,43.746871,0.674146
202300034670,5,9,2023,2025-12-05 16:25:00,1,988,98818,2,3,1,6,Rue Paul Boutonnet/Rue Blaise Pascal,-22.29652,166.44321
202300034671,14,12,2023,2025-12-05 16:30:00,1,6,6157,1,1,1,1,2289 Route De Saint-Jeannet,43.738941,7.131071
202300034672,5,9,2023,2025-12-05 07:10:00,1,974,97416,2,6,7,1,Bassin Plat(Chemin),-21.325277,55.48628
202300034673,5,9,2023,2025-12-05 20:30:00,5,973,97302,1,1,1,3,Route Nationale 1,4.90482,-52.32341
202300034674,14,12,2023,2025-12-05 15:30:00,1,52,52102,2,1,7,6,220 Rue Pierre Durand,47.89351,5.346608
202300034675,5,9,2023,2025-12-05 17:05:00,1,973,97302,2,2,1,3,Digue Ronjon,4.93334,-52.3317
202300034676,5,9,2023,2025-12-05 22:20:00,5,69,69383,2,2,1,3,Rue Andre Philip,45.75279,4.85209
202300034677,24,11,2023,2025-12-05 10:50:00,1,69,69094,2,1,1,6,55 Route De Bordeaux,45.738993,4.688553
202300034678,5,9,2023,2025-12-05 18:20:00,1,69,69383,2,4,1,3,Rue Villeroy,45.75601,4.84654
202300034679,4,9,2023,2025-12-05 12:05:00,1,972,97213,1,1,1,7,Acajou Prolongee,14.63326,-61.02224
202300034680,5,9,2023,2025-12-05 13:40:00,1,972,97209,1,1,1,7,Balata (Route De),14.69478,-61.08851
202300034681,5,9,2023,2025-12-05 15:30:00,1,69,69081,1,1,1,2,Route De Metropole 6,45.78682,4.78554
202300034682,13,12,2023,2025-12-05 19:15:00,5,17,17185,2,9,1,3,Rue Champlain,45.732544,-0.957302
202300034683,4,9,2023,2025-12-05 16:35:00,1,69,69034,2,3,1,6,Rue Jamen Grand,45.79544556,4.84123131
202300034684,14,12,2023,2025-12-05 03:20:00,3,16,16146,1,1,1,6,Rue De La Croix Blanche,45.63095,0.270538
202300034685,6,9,2023,2025-12-05 01:20:00,5,2A,2A004,2,1,1,6,Bonaparte Charles  Bd,41.92,8.74
202300034686,14,12,2023,2025-12-05 18:07:00,5,60,60612,2,3,1,3,Avenue Du General De Gaulle,49.208333,2.599361
202300034687,5,9,2023,2025-12-05 08:00:00,1,95,95280,2,6,1,3,Jacques Anquetil (Avenue),49.02288,2.45772
202300034688,13,12,2023,2025-12-05 08:20:00,3,60,60360,1,1,2,1,D62,49.333037,2.454586
202300034689,12,12,2023,2025-12-05 08:55:00,1,83,83144,1,1,8,7,A57,43.14176207,6.00499817
202300034690,5,9,2023,2025-12-05 19:00:00,1,91,91377,2,9,1,3,Av Saint Marc,48.733729,2.285939
202300034691,5,9,2023,2025-12-05 08:30:00,1,91,91161,2,1,1,6,Rue Severine,48.697077,2.306334
202300034692,12,12,2023,2025-12-05 19:45:00,3,54,54265,1,1,2,6,A 33,48.63957058,6.17085438
202300034693,4,9,2023,2025-12-05 17:35:00,1,88,88383,2,1,7,6,Rue Georges Lang,48.01312109,6.59442008
202300034694,12,12,2023,2025-12-05 13:32:00,1,33,33063,1,1,2,6,Rocade A 630,44.88523,-0.56193
202300034695,4,9,2023,2025-12-05 12:00:00,1,85,85194,2,3,1,1,Intersection Avenue Du Pas Du Bois- Rue Jean De La Bruyere,46.49761,-1.74136
202300034696,5,9,2023,2025-12-05 20:45:00,5,77,77409,2,1,1,6,Cd 403,48.4023,2.9866
202300034697,5,9,2023,2025-12-05 19:10:00,1,77,77251,2,1,1,6,All Du Trait D'Union,48.619494,2.543732
202300034698,13,12,2023,2025-12-05 19:05:00,3,91,91363,1,1,2,2,Rn 104,48.64087,2.19967
202300034699,5,9,2023,2025-12-05 17:10:00,1,77,77407,2,3,1,1,Grande(Rue ),48.52875,2.51684
202300034700,5,9,2023,2025-12-05 15:10:00,1,77,77284,2,1,1,3,Joffre (Av.Du Ml.),48.96296,2.89774
202300034701,13,12,2023,2025-12-05 18:30:00,3,91,91521,1,1,2,4,Autoroute A6,48.63786,2.39712
202300034702,5,9,2023,2025-12-05 09:00:00,1,77,77199,1,1,1,7,Cd 228A,48.93967,2.92382
202300034703,13,12,2023,2025-12-05 09:55:00,1,92,92012,1,1,8,6,A13,48.84862148,2.2283151
202300034704,5,9,2023,2025-12-05 11:56:00,1,77,77438,2,2,1,1,Saint Germain Des Noyers  (Avenue),48.86307,2.67504
202300034705,5,9,2023,2025-12-05 15:20:00,1,77,77186,1,1,1,2,Rd607 De Barbizon A Pave Du Roi,48.3651,2.6916
202300034706,12,12,2023,2025-12-05 11:00:00,1,92,92064,1,1,1,4,A13,48.83953087,2.19743855
202300034707,6,9,2023,2025-12-05 02:00:00,4,76,76540,2,2,1,3,Rue Des Augustins,49.43793,1.09779
202300034708,13,12,2023,2025-12-05 03:20:00,3,93,93006,1,1,8,6,Autoroute A3,48.86633,2.42288
202300034709,13,12,2023,2025-12-05 18:45:00,5,77,77258,1,1,2,6,A4.W,48.83120837,2.63960212
202300034710,5,9,2023,2025-12-05 08:40:00,1,76,76728,1,1,1,4,A150,49.47799,1.01662
202300034711,4,9,2023,2025-12-05 16:39:00,1,76,76351,2,3,1,3,Pont Vii (Route Du),49.49394,0.18016
202300034712,5,9,2023,2025-12-05 12:30:00,1,74,74012,2,3,1,3,Arve (Quai D'),46.18531,6.22599
202300034713,31,8,2023,2025-12-05 11:40:00,1,73,73008,2,1,1,6,Victoria Avenue,45.68999873,5.91280991
202300034714,1,9,2023,2025-12-05 17:50:00,1,39,39285,1,1,1,2,Adresse_Inconnue,47.165858,5.638036
202300034715,14,10,2023,2025-12-05 19:45:00,3,14,14207,2,1,1,6,16 Route De Caen,49.000422,-0.439877
202300034716,26,8,2023,2025-12-05 09:25:00,1,73,73008,2,6,1,6,Rue Georges 1Er,45.68756135,5.91650249
202300034717,4,9,2023,2025-12-05 11:00:00,1,72,72181,2,9,1,3,Preau (Rue De),47.988,0.207
202300034718,11,10,2023,2025-12-05 07:50:00,1,84,84007,2,1,1,3,Van Gogh (Rue Vincent),43.94303,4.84267
202300034719,3,9,2023,2025-12-05 18:35:00,1,67,67447,2,3,1,3,Chateau D Angleterre (Rue Du),48.62148925,7.77063847
202300034720,10,10,2023,2025-12-05 14:24:00,1,84,84007,2,1,1,3,Saint Roch (Boulevard),43.94237,4.80749
202300034721,4,9,2023,2025-12-05 11:38:00,1,66,66136,2,1,1,6,Adresse_Inconnue,42.68398,2.8853
202300034722,3,9,2023,2025-12-05 13:10:00,1,66,66136,2,1,1,2,Adresse_Inconnue,42.69737,2.904
202300034723,8,10,2023,2025-12-05 02:52:00,5,84,84007,2,2,1,2,Pierre Semard (Avenue),43.93399,4.83201
202300034724,2,9,2023,2025-12-05 18:22:00,1,66,66136,2,6,1,3,Adresse_Inconnue,42.68104,2.89397
202300034725,5,9,2023,2025-12-05 20:25:00,1,64,64249,2,1,1,3,Getaria(Avenue),43.42496,-1.60424
202300034726,5,9,2023,2025-12-05 16:40:00,1,64,64122,1,2,1,3,Gabrielle Dorziat (Allee),43.4594,-1.56702
202300034727,5,9,2023,2025-12-05 10:20:00,1,64,64125,2,3,1,3,Biarritz (Avenue De),43.45415,-1.57363
202300034728,5,9,2023,2025-12-05 10:10:00,1,64,64102,2,1,1,2,Mai 1945 (Avenue Du 8),43.47416,-1.48537
202300034729,4,9,2023,2025-12-05 15:20:00,1,64,64024,2,6,1,2,Bahinos (Rond Point De),43.49397,-1.51829
202300034730,10,10,2023,2025-12-05 08:40:00,1,71,71153,2,2,7,3,Mars 1962  (Rue Du 19),46.808798,4.434659
202300034731,5,9,2023,2025-12-05 15:46:00,1,63,63113,2,1,1,6,Blatin (Rue),45.77704068,3.08122516
202300034732,11,10,2023,2025-12-05 10:40:00,1,41,41018,1,1,1,6,Curie (Rue Pierre Et Marie),47.59519,1.31794
202300034733,4,9,2023,2025-12-05 16:35:00,1,62,62033,2,1,1,2,D917,50.46051937,2.89213228
202300034734,4,9,2023,2025-12-05 15:05:00,1,62,62498,2,2,1,6,Rue Du Lyonnais,50.44192674,2.79521817
202300034735,5,9,2023,2025-12-05 15:30:00,1,62,62041,2,9,1,3,Route De Bapaume,50.2764,2.7826
202300034736,10,10,2023,2025-12-05 17:10:00,1,35,35051,2,6,1,3,Mottes (Rue Des Grandes),48.12478551,-1.61260039
202300034737,5,9,2023,2025-12-05 12:36:00,1,60,60057,2,9,1,4,Avenue Marcel Dassault,49.44516,2.0935
202300034738,11,10,2023,2025-12-05 09:15:00,1,25,25462,2,3,1,6,Grenier Docteur,46.90159,6.35057
202300034739,5,9,2023,2025-12-05 14:45:00,1,59,59346,2,6,7,3,Chanzy Rue,50.61181,3.12346
202300034740,11,10,2023,2025-12-05 14:45:00,1,25,25388,2,1,1,6,De Lattre De Tassigny (Avenue Du Marecha,47.51146,6.79616
202300034741,4,9,2023,2025-12-05 09:50:00,1,57,57591,1,1,1,7,Cd181,49.23997,6.1076
202300034742,5,9,2023,2025-12-05 02:30:00,3,56,56121,2,1,1,6,Appert (Rue  Nicolas ),47.74639,-3.390823
202300034743,1,8,2023,2025-12-05 14:15:00,1,71,71263,1,3,1,3,Route De Lusigny,46.625974,5.166074
202300034744,5,9,2023,2025-12-05 18:15:00,1,54,54273,2,1,1,6,Rue Clement Humbert,49.15993,5.8831
202300034745,19,8,2023,2025-12-05 13:15:00,1,6,6105,1,1,1,1,D2085,43.658201,7.074112
202300034746,3,9,2023,2025-12-05 20:09:00,1,52,52121,1,1,1,1,Rd 200,48.13079,5.13275
202300034747,12,12,2023,2025-12-05 12:20:00,1,976,97611,2,1,1,6,Cavani-Rond Point Du Stade,-12.78431,45.223
202300034748,4,9,2023,2025-12-05 21:05:00,5,51,51454,2,2,1,3,Wilson (Boulevard Du President) Cote Pai,49.23489,4.02827
202300034749,4,9,2023,2025-12-05 19:15:00,1,51,51454,2,1,1,6,Laon (Avenue) Du Ndeg343 Au 469 Et Du Ndeg 3,49.28076,4.01308
202300034750,12,12,2023,2025-12-05 07:15:00,1,974,97416,1,1,1,4,Rn1 (Route Nationale),-21.31135,55.43575
202300034751,4,9,2023,2025-12-05 20:50:00,2,49,49099,1,1,1,6,Godiniere (Boulevard De La),47.072457,-0.922554
202300034752,4,9,2023,2025-12-05 16:08:00,1,49,49007,2,1,7,6,Pasteur Avenue,47.47649,-0.53304
202300034753,11,12,2023,2025-12-05 15:35:00,1,973,97302,2,1,1,5,Cabassou (Route De),4.91174,-52.30813
202300034754,10,12,2023,2025-12-05 22:30:00,5,973,97302,1,1,1,7,Route Nationale 1,4.92274309,-52.32967615
202300034755,5,9,2023,2025-12-05 20:40:00,2,47,47001,2,2,1,5,Luxembourg (Av. Maurice),44.19934,0.62167
202300034756,12,12,2023,2025-12-05 22:52:00,5,69,69383,2,1,1,6,Rue De La Villette,45.76152076,4.86173222
202300034757,5,9,2023,2025-12-05 12:05:00,1,45,45234,2,1,1,3,Avenue Roger Secretain,47.88555,1.89707
202300034758,12,12,2023,2025-12-05 17:40:00,5,972,97209,2,1,2,3,Beausejour Jambette (Route),14.64355,-61.04386
202300034759,5,9,2023,2025-12-05 12:20:00,1,43,43157,2,1,1,5,Place Du Breuil,45.04199,3.88435
202300034760,12,12,2023,2025-12-05 20:00:00,5,69,69381,2,1,2,3,Rue Thimonnier,45.76755464,4.82907903
202300034761,4,9,2023,2025-12-05 16:40:00,1,43,43041,2,1,1,6,4 Avenue Charles Dupuy,45.04717,3.9259
202300034762,12,12,2023,2025-12-05 11:20:00,1,69,69149,2,3,2,6,Grande Rue,45.71233885,4.80323843
202300034763,4,9,2023,2025-12-05 15:25:00,1,38,38185,2,1,1,3,Quai De France,45.1932,5.72
202300034764,5,9,2023,2025-12-05 08:25:00,2,37,37122,2,1,1,1,Gitonniere (Rue De La),47.33887,0.65371
202300034765,9,8,2023,2025-12-05 09:42:00,1,36,36044,2,1,1,2,4 Avenue De Tours,46.8172,1.6834
202300034766,12,12,2023,2025-12-05 07:50:00,2,69,69034,2,1,1,5,18B Montee De La Boucle,45.78205342,4.83870893
202300034767,5,9,2023,2025-12-05 20:00:00,2,35,35238,2,1,1,2,Saint-Helier,48.10598642,-1.66653425
202300034768,5,9,2023,2025-12-05 08:20:00,1,34,34301,2,7,8,6,Republique (Quai De La),43.4044,3.701
202300034769,12,12,2023,2025-12-05 08:00:00,1,2B,2B120,1,3,1,3,Lagune (Route De La) D107,42.63846,9.4596
202300034770,5,9,2023,2025-12-05 19:00:00,1,34,34172,2,1,1,3,Pilory (Rue Du),43.61668,3.82489
202300034771,5,9,2023,2025-12-05 12:40:00,1,34,34172,1,1,1,1,Avenue Leon Jouhaux,43.60763,3.82095
202300034772,11,12,2023,2025-12-05 22:44:00,5,95,95088,2,9,1,3,D317,48.963042,2.451137
202300034773,4,9,2023,2025-12-05 09:40:00,1,34,34172,2,1,1,1,Liberte (Avenue De La,43.61165,3.82715
202300034774,7,12,2023,2025-12-05 19:20:00,3,95,95428,2,1,2,6,Theophile Vacher (Rue),48.9906016,2.32130036
202300034775,6,9,2023,2025-12-05 00:40:00,4,33,33039,2,3,1,3,Quai Du President Wilson,44.81919613,-0.53867877
202300034776,5,9,2023,2025-12-05 10:40:00,1,31,31483,2,1,1,3,Simone Veil ( Avenue),43.11298027,0.71323693
202300034777,12,12,2023,2025-12-05 08:05:00,1,91,91161,2,9,2,6,Av Mazarin,48.70738,2.31139
202300034778,5,9,2023,2025-12-05 16:35:00,1,29,29232,2,1,1,6,Avenue De Ty Bos,47.9829719,-4.07419146
202300034779,12,12,2023,2025-12-05 05:00:00,3,91,91514,1,1,3,7,Rte Nationale 6,48.66552,2.51329
202300034780,5,9,2023,2025-12-05 18:10:00,1,27,27681,2,2,7,1,Azemia (Boulevard Georges),49.0801,1.48654
202300034781,11,12,2023,2025-12-05 16:15:00,1,91,91228,2,1,1,6,Rue Descartes,48.63421,2.4371
202300034782,5,9,2023,2025-12-05 14:35:00,1,22,22187,2,1,1,7,Rn12,48.54619,-2.78111
202300034783,11,12,2023,2025-12-05 07:08:00,3,87,87085,1,1,2,7,Pre Saint Yrieix ( Route Du),45.79723,1.25592
202300034784,4,9,2023,2025-12-05 08:57:00,1,22,22278,2,1,1,6,Waldeck-Rousseau (Bd Et Pt),48.5089,-2.7578
202300034785,11,12,2023,2025-12-05 08:15:00,1,83,83129,2,1,1,6,Pont Farault (Traverse Du),43.0941896,5.8362194
202300034786,5,9,2023,2025-12-05 18:00:00,1,17,17415,2,3,1,3,De Gaulle Cours Charles,45.742376,-0.626195
202300034787,12,12,2023,2025-12-05 18:00:00,3,81,81065,1,1,8,3,Lautrec Rd 83 (Rte De),43.6638,2.17467
202300034788,5,9,2023,2025-12-05 22:00:00,5,13,13215,2,1,1,2,Madrague Ville (Chemin De La),43.33239,5.35908
202300034789,6,10,2023,2025-12-05 21:03:00,5,78,78545,2,1,1,6,Curie (Avenue Pierre),48.798232,2.064249
202300034790,5,9,2023,2025-12-05 13:10:00,1,13,13075,2,9,1,3,Paul Sirvent (Ave),43.34325,5.46753
202300034791,4,9,2023,2025-12-05 15:23:00,1,10,10387,2,1,1,6,Charmilles (Mail Des),48.30158747,4.08728555
202300034792,4,9,2023,2025-12-05 18:40:00,1,7,7281,2,9,1,6,Cassin (Rue Rene),44.94881,4.84082
202300034793,11,12,2023,2025-12-05 17:35:00,5,78,78238,1,3,1,4,Cd 14,48.97721,1.88411
202300034794,5,9,2023,2025-12-05 16:21:00,1,6,6088,2,1,1,6,Quinzieme Corps (Av. Du),43.70739,7.28021
202300034795,5,9,2023,2025-12-05 12:20:00,1,6,6027,2,1,1,1,Gare Avenue De La,43.661049,7.148878
202300034796,10,10,2023,2025-12-05 08:30:00,1,77,77316,2,2,1,3,Rue Grande A Episy,48.334275,2.786695
202300034797,3,9,2023,2025-12-05 01:38:00,5,6,6155,2,9,1,1,Liberte Av.De La,43.571802,7.083772
202300034798,4,9,2023,2025-12-05 21:20:00,4,4,4112,2,9,1,6,Saunerie (Porte),43.83166,5.78412
202300034799,12,12,2023,2025-12-05 14:50:00,1,77,77268,2,3,3,3,D344,48.8672,2.80763
202300034800,5,9,2023,2025-12-05 14:10:00,1,2,2408,2,1,1,2,27 Rue Pierre Curtil,49.56702,3.64421
202300034801,12,12,2023,2025-12-05 14:20:00,1,76,76540,2,2,1,6,Rue Ledru Rollin,49.42596,1.09331
202300034802,4,9,2023,2025-12-05 12:30:00,1,75,75112,2,1,1,4,Porte De Vincennes,48.844933,2.41426
202300034803,14,8,2023,2025-12-05 08:00:00,1,76,76540,2,1,1,7,Brisout De Barneville. Rue,49.43467,1.08025
202300034804,5,9,2023,2025-12-05 08:15:00,1,75,75119,2,1,1,6,Boulevard Macdonald,48.898623,2.378182
202300034805,11,12,2023,2025-12-05 16:40:00,2,72,72181,2,9,2,3,Mac Jean (Av) Ndeg Pairs 308 Et Plus,47.97755,0.23048
202300034806,5,9,2023,2025-12-05 17:45:00,1,75,75118,2,3,1,3,Rue De La Chapelle,48.89202,2.359882
202300034807,5,9,2023,2025-12-05 14:20:00,1,75,75118,2,2,1,6,Rue Versigny,48.894609,2.344457
202300034808,12,12,2023,2025-12-05 17:30:00,3,69,69282,2,1,3,6,Avenue Des Plantees,45.76444,5.01153
202300034809,5,9,2023,2025-12-05 12:00:00,1,75,75118,2,3,1,6,Avenue De La Porte De Saint Ouen,48.899158,2.329775
202300034810,12,12,2023,2025-12-05 19:10:00,5,69,69264,2,9,2,1,Rue Francois Meunier Vial,45.99836207,4.73396167
202300034811,5,9,2023,2025-12-05 09:40:00,1,75,75116,2,2,1,3,Avenue Mozart,48.857309,2.273022
202300034812,11,12,2023,2025-12-05 12:40:00,1,69,69259,2,3,1,1,Rue Auguste Blanqui,45.70175,4.87446
202300034813,11,12,2023,2025-12-05 11:10:00,1,69,69029,2,8,2,2,Avenue Franklin Roosevelt,45.73384,4.90775
202300034814,12,12,2023,2025-12-05 23:53:00,5,67,67482,2,6,1,6,Haguenau (Place De),48.59169,7.74176
202300034815,12,12,2023,2025-12-05 20:43:00,5,67,67218,2,6,2,7,Ceinture (Rue De La),48.5237,7.72509
202300034816,12,12,2023,2025-12-05 16:45:00,5,67,67482,2,1,2,6,Schirmeck (Route De),48.57328,7.71869
202300034817,11,12,2023,2025-12-05 14:40:00,1,67,67482,2,3,8,3,Rhin (Avenue Du),48.57146,7.77034
202300034818,12,12,2023,2025-12-05 17:35:00,5,64,64445,1,6,2,3,Copernic,43.32348659,-0.32586694
202300034819,12,12,2023,2025-12-05 10:10:00,1,64,64445,2,6,1,3,Catherine De Bourbon,43.31888,-0.35994
202300034820,11,10,2023,2025-12-05 09:20:00,1,64,64024,2,1,1,7,Espagne (Avenue D'),43.47919,-1.52023
202300034821,10,10,2023,2025-12-05 20:48:00,5,64,64102,2,1,1,7,Piece Noyee (Rond Point De La),43.49958,-1.48177
202300034822,10,10,2023,2025-12-05 11:00:00,1,64,64024,1,9,1,7,Barre (Parking De La),43.52754,-1.5184
202300034823,12,12,2023,2025-12-05 16:45:00,5,63,63032,2,1,2,3,Mont-Dore (Avenue Du),45.75233,3.08224
202300034824,11,12,2023,2025-12-05 16:35:00,1,62,62765,2,1,1,6,Boulevard Vauban,50.74548,2.25308
202300034825,11,12,2023,2025-12-05 15:20:00,1,62,62510,2,3,1,6,Rue Marie Lietard,50.4204,2.77273
202300034826,10,12,2023,2025-12-05 20:25:00,3,62,62573,1,1,2,2,Rd165,50.49534,2.91219
202300034827,9,12,2023,2025-12-05 04:40:00,3,60,60382,2,1,8,6,Rue De La Republique,49.42905,2.82309
202300034828,12,12,2023,2025-12-05 19:25:00,5,59,59163,2,3,2,7,Duqueniere (Rue De La),50.67819,3.15511
202300034829,11,12,2023,2025-12-05 13:00:00,1,59,59560,2,1,1,6,Lille Route De,50.5586,3.03474
202300034830,12,12,2023,2025-12-05 18:25:00,5,59,59183,2,1,3,6,Rd 601,51.02594,2.35435
202300034831,12,12,2023,2025-12-05 08:00:00,3,58,58194,2,1,2,1,Treizieme De Ligne,46.99225,3.14532
202300034832,12,12,2023,2025-12-05 14:05:00,1,57,57463,2,1,8,3,Strasbourg (Avenue De ),49.09316,6.22265
202300034833,12,12,2023,2025-12-05 07:20:00,5,54,54395,2,1,1,3,Rue Du Marechal Victor Duc De Bellune,48.69157876,6.19516253
202300034834,11,12,2023,2025-12-05 10:55:00,1,54,54395,2,3,1,3,Rue Vauban,48.674358,6.168359
202300034835,11,12,2023,2025-12-05 07:40:00,2,51,51454,2,2,1,3,Bazelaire (Rue Docteur Serge ),49.2904,4.02424
202300034836,12,12,2023,2025-12-05 08:20:00,1,49,49007,2,6,1,1,Leroy Place,47.46477,-0.54893
202300034837,11,12,2023,2025-12-05 14:30:00,1,49,49007,2,1,2,3,Contades Avenue,47.46439,-0.55409
202300034838,10,10,2023,2025-12-05 08:28:00,1,47,47001,2,9,1,1,Liberte (Boulevard De La),44.19512,0.6127
202300034839,11,12,2023,2025-12-05 07:50:00,5,42,42218,2,1,8,6,Rue De La Richelandiere,45.43827,4.40342
202300034840,12,12,2023,2025-12-05 00:05:00,5,42,42218,2,1,1,6,Rue Momey,45.46283963,4.36963123
202300034841,12,12,2023,2025-12-05 14:24:00,1,41,41018,2,1,2,1,Pinconniere (Avenue De La),47.585739,1.300205
202300034842,8,12,2023,2025-12-05 17:45:00,3,36,36159,1,1,2,3,Route De Varennes,46.78304642,1.74619808
202300034843,12,12,2023,2025-12-05 06:45:00,5,35,35238,2,2,1,1,Vern (De),48.09808,-1.65564
202300034844,11,12,2023,2025-12-05 22:00:00,5,35,35115,2,1,2,2,Faucheux (Bd Jacques),48.355228,-1.20837
202300034845,12,12,2023,2025-12-05 18:00:00,5,34,34172,2,1,1,3,Garrats (Avenue Des),43.61195,3.8388
202300034846,12,12,2023,2025-12-05 18:14:00,5,33,33318,2,1,2,6,Avenue Du Marechal Juin,44.79428,-0.62905
202300034847,12,12,2023,2025-12-05 08:50:00,1,33,33063,2,1,2,6,Bd Marechal Leclerc,44.83132572,-0.57473838
202300034848,11,12,2023,2025-12-05 19:01:00,5,33,33281,2,3,1,3,Rue Du Jard,44.8518,-0.6371
202300034849,10,12,2023,2025-12-05 15:15:00,1,33,33167,2,1,2,6,Avenue De Branne,44.84382742,-0.52277997
202300034850,2,12,2023,2025-12-05 18:57:00,3,30,30189,1,1,1,5,Anduze (Route Ou Ancienne Route),43.869,4.3105
202300034851,12,12,2023,2025-12-05 13:55:00,1,30,30007,2,9,1,6,Blanc (Bd Louis),44.12637,4.07987
202300034852,12,12,2023,2025-12-05 08:22:00,2,29,29232,2,6,2,2,Rond-Point D' Ergue-Armel,47.98372,-4.07469
202300034853,11,12,2023,2025-12-05 08:50:00,1,29,29232,2,1,2,4,Rn165,48.01655443,-4.08037348
202300034854,11,12,2023,2025-12-05 18:20:00,3,27,27554,1,3,1,3,D64E (Voie Nouvelle),49.0958,1.38892
202300034855,12,12,2023,2025-12-05 17:15:00,5,25,25462,2,1,2,6,Cretin (Place),46.9047,6.35575
202300034856,12,12,2023,2025-12-05 08:20:00,1,25,25388,2,9,2,6,Chopin (Rue),47.50304,6.79791
202300034857,12,12,2023,2025-12-05 19:45:00,5,25,25056,2,6,1,3,Savary Rue Alain,47.25209,5.99846
202300034858,12,12,2023,2025-12-05 17:20:00,5,18,18033,1,6,1,3,Porte De Chatearoux,47.050664,2.339759