num_acc,jour,mois,an,hrmn,lum,dep,com,agg,int,atm,col,adr,lat,long
202300034859,12,12,2023,2025-12-05 14:50:00,1,17,17306,2,5,1,3,Grandiere (De La) (Bd),45.62455,-1.02425
202300034860,11,12,2023,2025-12-05 17:00:00,3,13,13209,2,1,1,1,Col De La Gineste D559,43.24446,5.44571
202300034861,7,12,2023,2025-12-05 15:34:00,1,12,12305,1,1,1,1,Pimpeu Lieu-Dit,44.566851,2.211579
202300034862,7,10,2023,2025-12-05 11:15:00,1,34,34300,1,1,1,1,D 18,43.420708,3.300403
202300034863,6,10,2023,2025-12-05 18:10:00,1,68,68218,2,6,1,3,71 Rue De Mulhouse,47.73687615,7.28790897
202300034864,6,10,2023,2025-12-05 17:15:00,1,44,44212,1,1,1,1,La Rebuniere,47.144611,-1.252498
202300034865,6,10,2023,2025-12-05 20:00:00,5,35,35246,2,3,1,3,Inertsection D8 - D78,48.544171,-1.816199
202300034866,6,10,2023,2025-12-05 18:36:00,1,29,29174,1,3,1,3,Saint-Julien,47.87364429,-4.24106954
202300034867,7,10,2023,2025-12-05 06:55:00,2,38,38094,1,1,1,5,Rd 502,45.475262,5.246937
202300034868,8,10,2023,2025-12-05 01:45:00,5,38,38439,2,1,1,7,445 Rue De Fanton,45.380789,6.053386
202300034869,6,10,2023,2025-12-05 19:50:00,3,38,38503,1,1,1,6,D1090,45.322752,5.932494
202300034870,7,10,2023,2025-12-05 17:44:00,1,13,13010,2,1,1,1,Avenue Bertherigues,43.900182,4.752522
202300034871,8,10,2023,2025-12-05 02:20:00,3,2,2687,1,1,1,6,Adresse_Inconnue,49.301138,3.203545
202300034872,7,10,2023,2025-12-05 12:20:00,1,2,2082,1,1,1,1,Adresse_Inconnue,49.233811,3.401384
202300034873,7,10,2023,2025-12-05 01:45:00,3,2,2781,1,6,1,6,D1,49.078167,3.396428
202300034874,6,10,2023,2025-12-05 22:10:00,5,26,26148,2,1,1,6,Chemin Du Tennis,45.253882,5.03132
202300034875,7,10,2023,2025-12-05 16:00:00,1,58,58141,1,1,1,7,Les Foux De Verdun,47.115014,3.989915
202300034876,7,10,2023,2025-12-05 03:15:00,5,6,6032,2,1,1,6,Route Moyenne Corniche,43.726014,7.406974
202300034877,7,10,2023,2025-12-05 07:55:00,2,14,14747,1,2,1,3,D36,49.10899876,-0.45289555
202300034878,6,10,2023,2025-12-05 20:53:00,5,50,50615,2,6,1,3,Boulevard Division Leclerc,49.508944,-1.469234
202300034879,2,10,2023,2025-12-05 14:15:00,1,83,83013,1,2,1,3,D21,43.76464,6.640487
202300034880,6,10,2023,2025-12-05 08:05:00,2,9,9103,1,1,1,1,D31A,43.022408,1.597781
202300034881,6,10,2023,2025-12-05 18:10:00,1,9,9324,2,1,1,1,Avenue Du 8 Mai 1945,43.047456,1.634957
202300034882,7,10,2023,2025-12-05 17:15:00,1,9,9220,1,1,1,7,D22,42.704633,1.875765
202300034883,7,10,2023,2025-12-05 03:20:00,3,64,64203,1,1,1,6,3415 Route D?Arzacq,43.433596,-0.37626
202300034884,6,10,2023,2025-12-05 20:45:00,3,73,73109,1,1,1,6,D1006,45.46562123,6.29175961
202300034885,8,10,2023,2025-12-05 04:25:00,3,43,43233,1,1,1,6,D590,45.058161,3.80981
202300034886,7,10,2023,2025-12-05 14:10:00,1,36,36030,1,1,1,6,Adresse_Inconnue,46.64141763,1.73271775
202300034887,7,10,2023,2025-12-05 04:30:00,3,7,7291,1,1,1,6,Lieu-Dit Beauregard,44.38431377,4.52335856
202300034888,7,10,2023,2025-12-05 09:45:00,1,21,21078,1,1,1,6,D965,47.854322,4.418757
202300034889,7,10,2023,2025-12-05 00:32:00,3,21,21334,2,1,9,6,D14,47.077006,4.562137
202300034890,7,10,2023,2025-12-05 06:35:00,2,21,21527,1,1,1,7,D906,46.993697,4.667108
202300034891,2,10,2023,2025-12-05 17:45:00,1,27,27174,1,1,1,4,Avenue Robert Planquette,49.343258,0.586116
202300034892,6,10,2023,2025-12-05 16:45:00,1,27,27378,1,2,1,3,D6154,48.799889,1.19015
202300034893,6,10,2023,2025-12-05 16:00:00,1,87,87089,1,1,1,1,D61,46.216614,1.21639
202300034894,6,10,2023,2025-12-05 10:10:00,1,30,30263,2,6,1,7,1 Avenue De La 1Ere Armee,43.964125,3.853455
202300034895,5,10,2023,2025-12-05 17:00:00,1,973,97309,2,3,1,3,Route De Montjoly,4.922952,-52.28224
202300034896,7,10,2023,2025-12-05 05:30:00,3,72,72031,1,1,1,1,A11,48.088074,0.505049
202300034897,7,10,2023,2025-12-05 06:30:00,3,11,11262,1,1,1,6,A61 Pk 370,43.154599,2.956378
202300034898,6,10,2023,2025-12-05 17:00:00,1,69,69264,1,1,1,6,Autoroute 6,45.986213,4.737082
202300034899,6,10,2023,2025-12-05 21:00:00,5,987,98735,2,1,1,3,Rt2 Pk11 Au Niveau De La Roulotte Jairus,-17.50668,-149.486482
202300034900,7,10,2023,2025-12-05 15:40:00,1,973,97304,2,1,1,3,39 Boulevard Emmanuel Bellony,5.156806,-52.636456
202300034901,7,10,2023,2025-12-05 11:50:00,1,973,97305,1,1,1,5,Rn1 Pk 16,4.938253,-52.409844
202300034902,6,10,2023,2025-12-05 22:40:00,3,45,45122,1,1,1,1,D953 Pr 7 + 819,47.74334,2.495911
202300034903,7,10,2023,2025-12-05 21:30:00,3,77,77211,1,2,1,3,Intersection Rd67 - Rd 619,48.581203,2.964345
202300034904,7,10,2023,2025-12-05 15:50:00,1,78,78590,1,1,1,3,D149,48.681021,1.982286
202300034905,7,10,2023,2025-12-05 22:20:00,3,2B,2B355,1,1,1,3,T20,42.518667,9.394678
202300034906,7,10,2023,2025-12-05 05:30:00,3,2B,2B042,2,1,1,1,Route De Cateraghju,42.570505,9.440056
202300034907,7,10,2023,2025-12-05 17:45:00,1,30,30010,1,1,1,5,1870 Route De Nimes,44.038568,3.996105
202300034908,4,10,2023,2025-12-05 16:00:00,1,34,34113,2,1,1,6,Rue De La Cave Cooperative,43.502094,3.715445
202300034909,7,10,2023,2025-12-05 20:05:00,3,34,34145,1,3,1,1,D61,43.662128,4.138391
202300034910,6,10,2023,2025-12-05 16:40:00,1,34,34327,1,1,1,2,N113,43.653109,3.980312
202300034911,7,10,2023,2025-12-05 15:10:00,1,84,84065,2,1,1,1,Avenue Joseph Garnier,43.747312,5.3155
202300034912,7,10,2023,2025-12-05 21:00:00,3,83,83101,1,1,1,5,D93,43.22539,6.6501
202300034913,7,10,2023,2025-12-05 07:00:00,3,83,83065,1,1,1,6,Route Departementale 559,43.239411,6.572742
202300034914,7,10,2023,2025-12-05 16:10:00,1,83,83107,1,1,1,5,D7,43.424149,6.678556
202300034915,6,10,2023,2025-12-05 22:10:00,3,6,6057,1,1,1,3,Route Du Col De Nice,43.813442,7.356387
202300034916,7,10,2023,2025-12-05 07:30:00,2,89,89380,1,1,1,7,A19,48.072416,3.118186
202300034917,7,10,2023,2025-12-05 17:10:00,1,7,7245,2,3,1,3,Rue Centrale Intersection Rue Du Colombier,45.081566,4.814544
202300034918,6,10,2023,2025-12-05 13:40:00,1,69,69291,1,9,1,3,Route Departementale 307,45.62786687,4.85806422
202300034919,7,10,2023,2025-12-05 18:15:00,1,65,65059,2,2,1,3,12 Rue Du Castelmouly,43.074209,0.148085
202300034920,1,10,2023,2025-12-05 10:18:00,1,47,47157,2,2,7,3,Lestang,44.501412,0.158945
202300034921,7,10,2023,2025-12-05 04:45:00,4,22,22081,2,1,1,1,Rue Des Ponts Neufs,48.505897,-2.613807
202300034922,7,10,2023,2025-12-05 18:30:00,1,22,22162,2,3,1,2,Rue Raymond Pellier,48.770301,-3.039817
202300034923,7,10,2023,2025-12-05 02:25:00,5,60,60612,2,1,1,6,Avenue Du Poteau,49.217337,2.594861
202300034924,6,10,2023,2025-12-05 23:30:00,5,59,59015,2,1,1,6,Rue Du Bias,50.273739,3.109222
202300034925,6,10,2023,2025-12-05 18:23:00,1,13,13106,1,9,1,2,A7-Sens Lyon Vers Marseille,43.394,5.351
202300034926,6,10,2023,2025-12-05 16:00:00,1,83,83062,1,1,1,3,A570,43.144528,6.031006
202300034927,7,10,2023,2025-12-05 16:04:00,1,91,91689,1,1,1,4,Autoroute A6B,48.74811,2.32737
202300034928,7,10,2023,2025-12-05 01:20:00,3,91,91064,1,1,1,3,Rn 118,48.76565,2.22994
202300034929,7,10,2023,2025-12-05 16:50:00,1,92,92036,1,1,1,4,A86,48.93464218,2.28152144
202300034930,7,10,2023,2025-12-05 10:05:00,1,78,78297,1,1,1,2,Rn12,48.78883,2.068581
202300034931,7,10,2023,2025-12-05 17:10:00,1,93,93027,1,1,1,4,Autoroute A1,48.93774911,2.41208205
202300034932,7,10,2023,2025-12-05 12:35:00,1,95,95527,1,1,1,2,A3,48.98673234,2.50466824
202300034933,6,10,2023,2025-12-05 19:40:00,2,95,95582,1,1,1,4,A15,48.97114,2.24913
202300034934,6,10,2023,2025-12-05 12:40:00,1,93,93005,1,1,1,4,Autoroute A3,48.95299,2.47417
202300034935,6,10,2023,2025-12-05 18:35:00,1,93,93066,1,1,1,2,Autoroute A1,48.93155,2.36974
202300034936,6,10,2023,2025-12-05 17:55:00,1,93,93078,1,1,1,2,Autoroute A104,48.96133,2.52385
202300034937,7,10,2023,2025-12-05 19:25:00,4,77,77514,1,1,1,3,A104,48.947182,2.628858
202300034938,6,10,2023,2025-12-05 20:10:00,3,93,93051,1,1,1,4,A4,48.83649423,2.55041242
202300034939,6,10,2023,2025-12-05 11:41:00,1,988,98818,2,1,1,6,Rue Roger Gervolino,-22.24925,166.47021
202300034940,6,10,2023,2025-12-05 10:26:00,1,988,98818,1,1,1,2,Ve1 Sens Nord/Sud,-22.22462,166.46599
202300034941,3,10,2023,2025-12-05 17:28:00,1,974,97416,1,1,2,7,Maurice Thorez(Chemin),-21.27784,55.4681
202300034942,6,10,2023,2025-12-05 07:10:00,1,974,97416,2,1,1,2,Ligne Paradis(Route De La),-21.32279614,55.4853791
202300034943,6,10,2023,2025-12-05 18:15:00,5,974,97411,2,1,1,2,Gare Routiere (De La),-20.87762,55.45744
202300034944,6,10,2023,2025-12-05 17:35:00,1,974,97407,2,1,1,6,Mahy Francois(Rue),-20.93778,55.2912
202300034945,6,10,2023,2025-12-05 16:00:00,1,973,97302,2,2,1,3,Madeleine (Route De La),4.91445833,-52.32092053
202300034946,6,10,2023,2025-12-05 16:30:00,1,69,69388,2,1,1,3,Route De Vienne,45.73265662,4.85346131
202300034947,6,10,2023,2025-12-05 08:40:00,1,69,69388,2,2,1,5,Rue Antoine Lumiere,45.74033,4.86769
202300034948,6,10,2023,2025-12-05 04:36:00,5,69,69199,1,3,1,7,Rue Marcel Sembat,45.71165,4.84298
202300034949,6,10,2023,2025-12-05 10:40:00,1,69,69385,2,1,1,6,8 Rue Des Aqueducs,45.75705,4.79656
202300034950,6,10,2023,2025-12-05 12:00:00,1,69,69389,2,3,1,3,Avenue Des Sources,45.78977252,4.78844058
202300034951,6,10,2023,2025-12-05 00:50:00,5,69,69384,2,2,1,3,Rue Du Chariot D'Or,45.77759,4.83486
202300034952,6,10,2023,2025-12-05 16:10:00,1,95,95197,2,2,1,3,D311,48.97540034,2.31731057
202300034953,6,10,2023,2025-12-05 12:00:00,1,95,95428,2,1,1,2,D124,48.995683,2.32632
202300034954,5,10,2023,2025-12-05 19:50:00,5,95,95127,2,4,1,1,D915,49.03996,2.07561
202300034955,6,10,2023,2025-12-05 11:10:00,1,91,91377,1,6,1,6,Rue Du Pileu,48.729754,2.242725
202300034956,6,10,2023,2025-12-05 12:55:00,1,91,91589,2,2,1,3,Bd Aristide Briand,48.68601,2.34893
202300034957,5,10,2023,2025-12-05 19:40:00,2,84,84031,1,6,1,7,Route D'Orange,44.06045,5.03817
202300034958,5,10,2023,2025-12-05 11:22:00,1,84,84007,1,1,1,3,Marseille (Route De ),43.88928,4.91472
202300034959,5,10,2023,2025-12-05 10:43:00,1,84,84007,2,1,1,1,Montaigne (Rue Michel De)-Montfavet,43.91069,4.88952
202300034960,6,10,2023,2025-12-05 11:00:00,1,83,83144,2,1,7,6,Juin (Ave Du Marechal),43.13934,6.00214
202300034961,6,10,2023,2025-12-05 13:50:00,1,78,78551,1,1,1,1,Rn 184,48.92257,2.08556
202300034962,6,10,2023,2025-12-05 14:20:00,1,78,78551,1,1,1,2,Centrale (Route),48.984453,2.11777
202300034963,6,10,2023,2025-12-05 16:45:00,1,77,77284,2,1,1,6,Dunant (Avenue Henri),48.95091,2.89379
202300034964,5,10,2023,2025-12-05 17:45:00,1,76,76540,2,3,1,2,Quai Gaston Boulet,49.44374,1.07671
202300034965,6,10,2023,2025-12-05 01:00:00,5,76,76351,2,1,1,7,Bellot,49.48602375,0.12685657
202300034966,6,10,2023,2025-12-05 14:55:00,1,76,76545,1,1,1,2,Rd 154E,49.90887,1.10034
202300034967,6,10,2023,2025-12-05 21:40:00,5,74,74298,2,6,1,6,Europe (Avenue De L'),46.176,6.2438
202300034968,6,10,2023,2025-12-05 15:15:00,1,74,74012,2,1,1,3,Florissant (Avenue),46.1973,6.2398
202300034969,6,10,2023,2025-12-05 09:05:00,1,72,72181,2,9,1,3,Bertiniere (Rue De La) Ndeg Imp,47.99234,0.2165
202300034970,6,10,2023,2025-12-05 20:55:00,3,71,71475,2,2,1,3,Charles Dodille (Rue),46.76332,4.83962
202300034971,6,10,2023,2025-12-05 17:00:00,1,69,69256,2,2,1,6,Avenue Bataillon Carmagnole Liberte,45.75898,4.92307
202300034972,6,10,2023,2025-12-05 12:30:00,1,69,69259,2,1,1,3,Boulevard Marcel Sembat,45.71318421,4.87709002
202300034973,5,10,2023,2025-12-05 14:55:00,1,69,69259,2,2,1,3,Boulevard Irene Joliot Curie,45.7143,4.87926
202300034974,6,10,2023,2025-12-05 22:45:00,5,67,67482,2,3,1,3,Ill (Rue De L ),48.61248,7.77569
202300034975,6,10,2023,2025-12-05 17:09:00,1,64,64483,2,1,1,6,Aice Errota (Rue),43.39443,-1.65297
202300034976,6,10,2023,2025-12-05 07:58:00,1,64,64445,2,6,1,3,General De Gaulle Du,43.30265,-0.35206
202300034977,5,10,2023,2025-12-05 17:35:00,1,64,64125,2,3,1,3,Espagne (Avenue D'),43.4303,-1.59921
202300034978,7,10,2023,2025-12-05 02:30:00,5,64,64102,2,1,1,7,Allees Marines (Avenue Des),43.49817,-1.48681
202300034979,6,10,2023,2025-12-05 18:25:00,1,64,64024,2,3,1,3,Hardoy (Rue De),43.49336,-1.50877
202300034980,6,10,2023,2025-12-05 18:10:00,1,64,64024,2,1,1,7,Bayonne (Avenue De),43.48218,-1.50734
202300034981,6,10,2023,2025-12-05 13:25:00,1,64,64102,2,1,1,3,Beyris (Giratoire),43.47847,-1.49271
202300034982,6,10,2023,2025-12-05 09:05:00,1,64,64102,2,1,7,6,Lasseguette (Chemin De),43.48127,-1.48199
202300034983,6,10,2023,2025-12-05 14:40:00,1,63,63113,2,2,1,2,Clementel (Bd Etienne),45.80963,3.10941
202300034984,6,10,2023,2025-12-05 12:35:00,1,63,63075,2,1,1,2,Voie Romaine,45.78057118,3.0462867
202300034985,5,10,2023,2025-12-05 22:44:00,4,63,63113,2,3,1,3,Michelin (Avenue Edouard),45.7816,3.09855
202300034986,6,10,2023,2025-12-05 21:30:00,3,62,62907,2,1,1,3,D954,50.48543,2.99761
202300034987,6,10,2023,2025-12-05 23:40:00,4,59,59508,2,1,1,6,Halluin (Boulevard D'),50.74109,3.13227
202300034988,3,10,2023,2025-12-05 13:40:00,1,59,59360,2,1,1,3,Lalo Edouard Rue,50.608637,3.014159
202300034989,6,10,2023,2025-12-05 11:30:00,1,59,59648,2,2,1,3,De Gaulle Rue Du General,50.58747,3.05165
202300034990,16,1,2023,2025-12-05 12:35:00,1,43,43251,2,3,1,3,Avenue De Vals,45.03547422,3.88120338
202300034991,6,10,2023,2025-12-05 15:40:00,1,56,56098,1,9,1,3,Montagne Du Salut (Rue De La),47.790161,-3.319886
202300034992,17,1,2023,2025-12-05 19:13:00,5,37,37261,2,1,2,6,Tonnelle (Boulevard),47.38377,0.66829
202300034993,6,10,2023,2025-12-05 13:10:00,1,56,56121,2,6,7,3,Boulevard Yves Demaine,47.75449,-3.38367
202300034994,5,10,2023,2025-12-05 17:44:00,1,56,56162,1,6,1,7,Penescluz,47.75067,-3.41904
202300034995,17,1,2023,2025-12-05 18:55:00,5,35,35238,2,5,1,3,Roosevelt (Bd Franklin),48.09725,-1.65781
202300034996,5,10,2023,2025-12-05 12:20:00,1,56,56083,2,1,1,7,Kercroch (Rue De ),47.80937,-3.29359
202300034997,17,1,2023,2025-12-05 07:25:00,5,35,35238,2,1,2,6,Chateaugiron (De),48.09884737,-1.6447936
202300034998,5,10,2023,2025-12-05 09:00:00,1,56,56121,2,1,1,6,Flandres-Dunkerque ( Bd ),47.74483,-3.39565
202300034999,16,1,2023,2025-12-05 18:25:00,5,35,35238,2,1,2,4,Verdun (Bd De),48.11927077,-1.68839961
202300035000,17,1,2023,2025-12-05 19:55:00,5,33,33318,2,9,3,6,Rue Paulin De Nole,44.79323,-0.61399
202300035001,4,10,2023,2025-12-05 07:50:00,2,55,55505,1,1,5,3,Varennes (Route De ),49.18249,5.33821
202300035002,5,10,2023,2025-12-05 20:50:00,5,54,54395,2,1,1,6,Rue Du Faubourg Des Trois-Maisons,48.7028,6.17541
202300035003,16,1,2023,2025-12-05 23:05:00,5,33,33281,2,6,2,1,Avenue Francois Mitterrand,44.81206,-0.69836
202300035004,5,10,2023,2025-12-05 16:45:00,1,54,54395,2,1,1,6,Avenue Foch,48.68815328,6.17251933
202300035005,4,10,2023,2025-12-05 10:20:00,1,52,52448,2,1,1,6,Hugo (Avenue Victor) Impair,48.6381,4.95837
202300035006,16,1,2023,2025-12-05 18:45:00,5,31,31555,2,1,2,1,Bd Henri Gaussen,43.66182,1.43266
202300035007,17,1,2023,2025-12-05 15:50:00,1,28,28134,1,1,2,6,N 154 (Rocade),48.71993,1.38227
202300035008,6,10,2023,2025-12-05 08:55:00,1,50,50218,1,3,1,1,Vaudroulin (Rue De),48.82223,-1.56633
202300035009,5,10,2023,2025-12-05 22:25:00,3,50,50129,2,1,1,6,Rn 13,49.63347,-1.57747
202300035010,17,1,2023,2025-12-05 08:00:00,2,28,28134,2,1,8,6,Churchill (Avenue Winston),48.73954,1.38608
202300035011,4,10,2023,2025-12-05 12:30:00,1,49,49099,2,3,1,3,Joffre (Boulevard Du Marechal),47.06755,-0.88302
202300035012,6,10,2023,2025-12-05 08:20:00,1,49,49007,2,1,1,6,Daviers Boulevard,47.47824,-0.55544
202300035013,6,10,2023,2025-12-05 02:32:00,5,49,49007,2,1,1,6,Joachim Du Bellay,47.46647,-0.54141
202300035014,16,1,2023,2025-12-05 15:30:00,1,17,17415,2,3,2,3,Palissy Quai,45.74193,-0.63673
202300035015,16,1,2023,2025-12-05 15:30:00,1,15,15014,2,3,2,1,53 Avenue Jean-Baptiste Veyre,44.936979,2.45553
202300035016,5,10,2023,2025-12-05 18:22:00,1,49,49246,2,2,1,4,Louet Pont,47.41193,-0.52384
202300035017,3,10,2023,2025-12-05 15:55:00,1,46,46191,1,1,1,6,Departementale Ndeg811 (Entre Mercues Et C,44.49353,1.40167
202300035018,17,1,2023,2025-12-05 11:25:00,1,13,13213,2,1,1,6,Poilus (Avenue Des),43.32558,5.45202
202300035019,6,10,2023,2025-12-05 12:04:00,1,45,45208,2,9,1,6,2 Place Victor Hugo,47.99481,2.73273
202300035020,17,1,2023,2025-12-05 01:00:00,5,13,13209,2,1,2,2,Camille Blanc (Boulevard),43.25271189,5.40162815
202300035021,6,10,2023,2025-12-05 17:52:00,1,44,44109,2,1,1,3,77 Rue Du Port Boyer,47.24195,-1.54001
202300035022,12,1,2023,2025-12-05 17:05:00,1,13,13028,2,1,1,3,Puits De Brunet (Chemin Du),43.18506,5.59938
202300035023,6,10,2023,2025-12-05 20:50:00,5,42,42099,1,2,1,1,Rue De L'Ecole De Montessus,45.37626,4.2678
202300035024,6,1,2023,2025-12-05 14:25:00,1,11,11262,2,1,1,6,18 Boulevard Du General De Gaulle,43.18576,3.00946
202300035025,3,10,2023,2025-12-05 17:45:00,1,40,40192,2,9,1,2,Juin (V Du Marechal),43.90729,-0.47134
202300035026,6,1,2023,2025-12-05 10:10:00,1,11,11262,2,3,1,3,Gambetta (Boulevard),43.18317,3.00779
202300035027,17,1,2023,2025-12-05 07:50:00,2,11,11262,2,1,5,6,187 Avenue De Bordeaux,43.18119,2.97154
202300035028,6,10,2023,2025-12-05 15:35:00,1,37,37261,2,6,1,3,Saint Sauveur (Pont),47.37389,0.67873
202300035029,17,1,2023,2025-12-05 23:00:00,3,6,6069,1,1,1,6,Napoleon (Route),43.668055,6.923468
202300035030,3,10,2023,2025-12-05 17:20:00,1,37,37261,2,3,1,3,Saint Sauveur (Pont),47.37169,0.67773
202300035031,17,1,2023,2025-12-05 15:20:00,1,6,6029,2,1,1,3,Praderie (Rue De La),43.54796,6.96579
202300035032,6,10,2023,2025-12-05 15:20:00,1,35,35238,2,1,1,6,N24,48.107,-1.72774
202300035033,17,1,2023,2025-12-05 07:20:00,4,6,6027,2,9,1,6,Nice Avenue De (Rn7),43.659225,7.164626
202300035034,17,1,2023,2025-12-05 01:35:00,3,4,4112,1,1,8,6,Departementale 4096,43.85139,5.824216
202300035035,6,10,2023,2025-12-05 12:25:00,1,35,35278,1,3,1,3,Rd 29,48.1583,-1.69754
202300035036,16,1,2023,2025-12-05 15:00:00,1,2,2408,1,1,2,1,Adresse_Inconnue,49.5562,3.59338
202300035037,5,10,2023,2025-12-05 15:00:00,1,34,34032,1,9,1,1,Route Departementale 612,43.3585,3.17537
202300035038,16,1,2023,2025-12-05 17:50:00,1,974,97411,2,6,1,3,Jaures (Boulevard Jean),-20.90194,55.50282
202300035039,6,10,2023,2025-12-05 20:33:00,5,33,33192,2,3,1,3,Cours Du General De Gaulle,44.78393,-0.60662
202300035040,16,1,2023,2025-12-05 09:50:00,1,973,97302,2,1,2,3,Arago (Francois),4.94036357,-52.33213484
202300035041,5,10,2023,2025-12-05 18:35:00,1,33,33063,2,8,1,6,Quai De Bacalan,44.85828,-0.55829
202300035042,12,1,2023,2025-12-05 12:55:00,1,69,69388,2,3,1,3,89 Avenue Paul Santy,45.73148374,4.87405658
202300035043,23,9,2023,2025-12-05 05:00:00,5,30,30189,2,1,1,2,Route D'Avignon,43.84181,4.3773
202300035044,15,1,2023,2025-12-05 00:45:00,5,69,69386,2,2,2,3,128 Rue Ney,45.76705,4.85567
202300035045,16,1,2023,2025-12-05 07:15:00,1,972,97209,1,1,1,2,Autoroute (A1),14.61759,-61.04064
202300035046,5,10,2023,2025-12-05 17:25:00,1,23,23096,2,3,7,3,Berry (Avenue Du),46.1803,1.884
202300035047,15,1,2023,2025-12-05 23:45:00,5,972,97209,1,1,1,6,Autoroute (A1),14.6147,-61.04821
202300035048,15,1,2023,2025-12-05 21:48:00,4,972,97209,2,1,1,6,Bishop (Avenue Maurice),14.603,-61.0632
202300035049,5,10,2023,2025-12-05 08:38:00,1,22,22278,2,1,1,2,Rn12,48.52,-2.74741
202300035050,16,1,2023,2025-12-05 11:15:00,1,69,69389,2,2,8,6,Rue Du 24 Mars 1852,45.77864,4.80252
202300035051,6,10,2023,2025-12-05 06:10:00,5,19,19031,2,1,1,6,Goncourt (Rue Des Freres),45.15781471,1.50839174
202300035052,16,1,2023,2025-12-05 08:15:00,1,69,69152,2,1,8,3,12 Boulevard De L'Europe,45.70799,4.8215
202300035053,6,10,2023,2025-12-05 16:15:00,1,18,18279,2,1,1,3,2Bis Avenue Du Colonel Manhes,47.22461,2.07561
202300035054,16,1,2023,2025-12-05 06:00:00,2,971,97101,1,1,1,6,Palais Royal,16.2882,-61.49497
202300035055,6,10,2023,2025-12-05 03:30:00,3,17,17291,1,9,1,7,35 Pk Rn11 Nantes Rocade,46.172627,-1.118688
202300035056,14,1,2023,2025-12-05 14:50:00,1,971,97107,2,1,2,4,Marquisat ( Route De ),16.04077826,-61.56798899
202300035057,6,10,2023,2025-12-05 07:45:00,2,15,15014,2,1,1,3,Pupilles De La Nation (Avenue Des),44.92092,2.43957
202300035058,16,1,2023,2025-12-05 21:35:00,5,91,91161,2,3,2,6,Rue Des   Mares   Juliennes,48.71559,2.31001
202300035059,5,10,2023,2025-12-05 15:45:00,1,15,15014,2,1,1,6,Pupilles De La Nation (Avenue Des),44.91956,2.43901
202300035060,15,1,2023,2025-12-05 01:15:00,3,91,91225,1,1,2,6,Rte Nationale 6,48.66545,2.51209
202300035061,5,10,2023,2025-12-05 13:05:00,1,14,14366,2,1,1,3,15 Rue Roger Aini,49.14545,0.23557
202300035062,15,1,2023,2025-12-05 15:10:00,1,91,91027,2,1,1,3,Av Aristide Briand,48.7055,2.39109
202300035063,13,1,2023,2025-12-05 19:22:00,5,87,87085,2,2,2,6,Vigenal (Boulevard Du),45.8523,1.25249
202300035064,6,10,2023,2025-12-05 20:33:00,5,13,13210,2,1,1,3,Romain Rolland (Boulevard),43.28016,5.42544
202300035065,12,1,2023,2025-12-05 07:45:00,2,84,84007,2,1,1,2,C.De Gaulle (Rocade),43.936,4.832
202300035066,6,10,2023,2025-12-05 16:50:00,1,13,13209,2,1,1,3,Gustave Ganay (Boulevard),43.26573117,5.39940513
202300035067,7,1,2023,2025-12-05 19:10:00,5,84,84007,2,4,1,3,Montfavet (Route),43.93951,4.84232
202300035068,6,10,2023,2025-12-05 19:20:00,2,13,13215,2,1,1,3,Bourrely (Chemin Des),43.37964,5.36181
202300035069,13,1,2023,2025-12-05 12:25:00,1,83,83009,2,1,1,4,Beausset (Route Du),43.14154788,5.7702671
202300035070,6,10,2023,2025-12-05 14:10:00,1,13,13211,2,1,1,3,Lt Col Piollet (Rond Point),43.29192922,5.48555321
202300035071,6,10,2023,2025-12-05 22:20:00,4,11,11069,2,1,1,7,Pont Auguste Pierre -Place-,43.2066,2.3108
202300035072,14,1,2023,2025-12-05 11:20:00,1,83,83129,2,1,1,1,Kennedy (Avenue J.)NdegPairs 2A2560,43.10787,5.8399
202300035073,5,10,2023,2025-12-05 19:30:00,1,11,11069,2,9,1,6,Rd 6113,43.20501,2.39616
202300035074,16,1,2023,2025-12-05 13:00:00,1,77,77487,2,2,2,2,D82E2,48.533903,2.67564
202300035075,5,10,2023,2025-12-05 13:20:00,1,11,11069,2,1,1,6,9 Chemin De L'Argentier,43.19677,2.31262
202300035076,13,1,2023,2025-12-05 23:40:00,3,77,77237,2,3,1,2,D231,48.84945,2.76748
202300035077,6,10,2023,2025-12-05 07:17:00,1,10,10362,2,1,1,2,General Leclerc (Rue Du),48.29253,4.04364
202300035078,5,10,2023,2025-12-05 08:05:00,1,10,10387,2,6,1,3,Francois Mitterand (Rond Point),48.29267,4.07398
202300035079,14,1,2023,2025-12-05 17:25:00,5,71,71306,2,1,2,1,Rue De Cluny,46.67438,4.37171
202300035080,6,10,2023,2025-12-05 13:10:00,1,6,6088,2,8,1,6,Cassin (Bd Rene),43.668571,7.211368
202300035081,14,1,2023,2025-12-05 11:05:00,1,67,67482,2,1,1,3,Dresde (Boulevard De),48.599088,7.762835
202300035082,6,10,2023,2025-12-05 09:05:00,1,6,6069,2,1,1,3,Liberation (Avenue De La),43.640959,6.91038
202300035083,14,1,2023,2025-12-05 12:45:00,1,67,67482,1,1,8,3,Marc Bloch (Quai),48.5779,7.73601
202300035084,13,1,2023,2025-12-05 11:50:00,1,67,67482,2,1,1,7,Altenheim (Route D ),48.53796,7.76986
202300035085,5,10,2023,2025-12-05 14:00:00,1,6,6069,2,1,1,2,Leclerc (Boulevard Du Marechal),43.64964,6.91877