num_acc,jour,mois,an,hrmn,lum,dep,com,agg,int,atm,col,adr,lat,long
202300035086,13,1,2023,2025-12-05 10:15:00,1,67,67482,2,1,2,6,Ostwald (Rue D ),48.5644804,7.70684212
202300035087,3,10,2023,2025-12-05 17:30:00,1,2,2168,2,1,1,6,Adresse_Inconnue,49.03842,3.38024
202300035088,13,1,2023,2025-12-05 13:44:00,1,66,66136,2,1,1,2,Adresse_Inconnue,42.68818,2.909441
202300035089,5,10,2023,2025-12-05 23:52:00,5,75,75105,2,2,1,2,Boulevard Saint Michel,48.85138118,2.34318084
202300035090,16,1,2023,2025-12-05 15:10:00,1,64,64129,2,1,3,2,Santona De,43.31939,-0.38316
202300035091,6,10,2023,2025-12-05 14:00:00,1,75,75120,2,2,1,6,Rue Des Pyrenees,48.866659,2.397114
202300035092,14,1,2023,2025-12-05 15:58:00,1,63,63113,2,2,1,3,Torpilleur Sirocco /Bousquet,45.8021,3.10691
202300035093,6,10,2023,2025-12-05 16:45:00,1,75,75107,2,2,1,3,Rue Du Bac,48.858811,2.328759
202300035094,14,1,2023,2025-12-05 15:38:00,1,63,63113,2,1,1,2,Loucheur (Bd Louis),45.76224874,3.09677124
202300035095,6,10,2023,2025-12-05 13:45:00,1,75,75113,2,2,1,3,Rue De Tolbiac,48.82618,2.357259
202300035096,14,1,2023,2025-12-05 08:45:00,1,63,63113,2,5,1,1,Bd Berthelot / Av Bergougnan / Fontgieve,45.78214936,3.07263404
202300035097,6,10,2023,2025-12-05 19:12:00,1,75,75112,2,2,1,3,Porte De Charenton,48.831698,2.397897
202300035098,14,1,2023,2025-12-05 07:59:00,1,63,63113,2,2,1,3,Jaures (Bd Jean),45.7685,3.08186
202300035099,13,1,2023,2025-12-05 10:43:00,1,63,63113,2,1,1,3,Blum (Avenue Leon),45.77222,3.09353
202300035100,6,10,2023,2025-12-05 20:25:00,5,75,75111,2,1,1,6,Rue De La Roquette,48.859661,2.388097
202300035101,15,1,2023,2025-12-05 03:00:00,5,62,62193,2,4,8,6,Rue Des Fontinettes,50.943776,1.851633
202300035102,6,10,2023,2025-12-05 22:00:00,5,75,75110,2,1,1,3,Rue Du Faubourg Saint Martin,48.87455,2.358749
202300035103,16,1,2023,2025-12-05 13:31:00,1,60,60057,2,1,2,6,Avenue Leon Blum,49.45246,2.07399
202300035104,15,1,2023,2025-12-05 19:50:00,5,59,59512,2,9,2,6,Alma  (Rue De L)',50.69696846,3.16566646
202300035105,6,10,2023,2025-12-05 20:15:00,5,75,75110,2,2,1,2,Boulevard De Magenta,48.873293,2.358743
202300035106,16,1,2023,2025-12-05 17:50:00,5,59,59155,2,2,2,6,Bergues Cd 916 - Route,51.01779,2.37695
202300035107,6,10,2023,2025-12-05 15:05:00,1,75,75110,2,2,1,3,Boulevard De La Villette,48.881492,2.370056
202300035108,15,1,2023,2025-12-05 09:20:00,1,57,57227,1,9,8,1,Schoeneck(Rue De ),49.19347454,6.90475702
202300035109,6,10,2023,2025-12-05 13:15:00,1,75,75109,2,3,1,6,Boulevard Poissonniere,48.870877,2.346733
202300035110,14,1,2023,2025-12-05 22:30:00,5,56,56083,1,6,2,6,Haut Locoyarn,47.78619,-3.27723
202300035111,14,1,2023,2025-12-05 20:25:00,5,56,56121,2,6,2,7,Lote (Rue  Rene ),47.77141,-3.40413
202300035112,6,10,2023,2025-12-05 18:25:00,1,75,75101,2,4,1,6,Rue Du Louvre,48.864446,2.342645
202300035113,15,1,2023,2025-12-05 17:30:00,1,56,56121,2,1,1,1,Rue De La Marine,47.74068,-3.35991
202300035114,16,1,2023,2025-12-05 09:57:00,1,54,54382,1,1,2,6,D618,49.54567,5.80241
202300035115,5,10,2023,2025-12-05 13:10:00,1,75,75103,2,3,1,6,Rue De Bretagne,48.862302,2.363691
202300035116,16,1,2023,2025-12-05 07:15:00,5,49,49007,2,1,1,6,Monplaisir Boulevard,47.49094,-0.52816
202300035117,4,10,2023,2025-12-05 15:05:00,1,75,75101,2,2,1,1,Boulevard De Sebastopol,48.85852,2.348224
202300035118,15,1,2023,2025-12-05 17:29:00,1,49,49007,2,1,1,6,Blanchoin Boulevard,47.44821,-0.54053
202300035119,6,10,2023,2025-12-05 20:08:00,5,94,94078,2,2,1,1,Rue Emile Zola,48.73532064,2.4517065
202300035120,16,1,2023,2025-12-05 08:10:00,3,47,47031,1,1,2,4,Rd 813 (Nouvelle Rocade),44.17448144,0.64025291
202300035121,14,1,2023,2025-12-05 21:00:00,5,44,44184,2,1,3,6,47 Allee Des Tulipes,47.26565,-2.25017
202300035122,12,1,2023,2025-12-05 11:45:00,1,42,42218,2,1,1,6,Rue Docteur Fernand Merlin,45.4632,4.408
202300035123,10,1,2023,2025-12-05 12:46:00,1,40,40192,2,1,1,2,Place Saint Roch,43.888918,-0.49959868
202300035124,16,1,2023,2025-12-05 19:10:00,3,35,35278,1,2,1,1,Rd 91,48.16253,-1.68365
202300035125,16,1,2023,2025-12-05 08:45:00,1,35,35238,2,1,3,2,Rn24,48.10707358,-1.72589153
202300035126,16,1,2023,2025-12-05 08:50:00,1,33,33318,2,1,2,3,Avenue Gustave Eiffel,44.78607,-0.6401
202300035127,16,1,2023,2025-12-05 19:30:00,3,31,31069,2,9,3,2,Cornebarrieu (Route De),43.64526,1.36544
202300035128,16,1,2023,2025-12-05 16:28:00,1,31,31555,2,1,2,3,Av De Fronton,43.64505778,1.43333092
202300035129,16,1,2023,2025-12-05 13:30:00,1,31,31069,2,1,2,6,Aragon (Mail Louis),43.64469,1.37725
202300035130,16,1,2023,2025-12-05 08:30:00,2,29,29039,1,1,2,5,D783 - Route De Quimper,47.91741,-3.93696
202300035131,16,1,2023,2025-12-05 07:32:00,5,28,28218,2,1,2,6,Republique (Avenue De La),48.43962,1.46249
202300035132,16,1,2023,2025-12-05 12:35:00,1,25,25462,2,2,4,6,Boulevard Pasteur (De 0 A 54),46.9042,6.349103
202300035133,16,1,2023,2025-12-05 08:45:00,2,22,22215,1,1,1,2,Rd 222,48.47911152,-2.78111011
202300035134,16,1,2023,2025-12-05 02:00:00,3,22,22187,1,1,2,6,Rd786,48.55271,-2.80299
202300035135,14,1,2023,2025-12-05 19:30:00,5,22,22113,1,3,3,3,Route De Tregastel,48.76159471,-3.47110301
202300035136,13,1,2023,2025-12-05 07:35:00,5,19,19031,2,5,1,6,Maillard (Avenue),45.16512,1.531905
202300035137,12,1,2023,2025-12-05 22:30:00,3,17,17415,1,3,3,7,Varzay Route De,45.72734,-0.67519
202300035138,16,1,2023,2025-12-05 08:55:00,2,17,17415,2,1,8,3,Jourdan Avenue,45.74575,-0.60775
202300035139,16,1,2023,2025-12-05 23:50:00,5,17,17300,2,2,3,3,Quatorze Juillet   Avenue Du,46.152034,-1.12406
202300035140,16,1,2023,2025-12-05 20:55:00,3,13,13117,1,1,1,3,Adresse_Inconnue,43.42765375,5.26079726
202300035141,16,1,2023,2025-12-05 07:55:00,2,13,13117,2,1,8,6,Rabin ( Avenue Yitzhak ),43.44867,5.24656
202300035142,16,1,2023,2025-12-05 21:15:00,3,13,13103,1,1,1,2,Rn 113,43.63095,5.07886
202300035143,16,1,2023,2025-12-05 21:50:00,5,13,13216,2,9,1,3,Albin Meylan (Rue),43.35944048,5.33979985
202300035144,16,1,2023,2025-12-05 16:45:00,2,13,13203,2,1,1,5,Bd Ferdinand De Lesseps,43.3204,5.37337
202300035145,15,1,2023,2025-12-05 15:56:00,1,10,10081,2,2,1,3,Jean Moulin (Rue),48.30655,4.03093
202300035146,16,1,2023,2025-12-05 14:13:00,1,6,6069,2,1,1,4,Draguignan (Route De) - D2562-,43.644999,6.901114
202300035147,17,1,2023,2025-12-05 18:40:00,5,75,75120,2,1,1,4,Porte Des Lilas,48.872376,2.412504
202300035148,17,1,2023,2025-12-05 08:36:00,1,75,75106,2,1,1,6,Rue Jacob,48.856033,2.332494
202300035149,17,1,2023,2025-12-05 07:45:00,2,75,75105,2,3,8,3,Quai De La Tournelle,48.849599,2.356125
202300035150,17,1,2023,2025-12-05 17:00:00,2,75,75118,2,2,8,3,Avenue De La Porte De Saint Ouen,48.900477,2.330193
202300035151,17,1,2023,2025-12-05 14:15:00,1,75,75118,2,1,8,6,Boulevard Ney,48.897763,2.333826
202300035152,17,1,2023,2025-12-05 11:00:00,1,75,75118,2,1,1,6,Rue Dejean,48.887348,2.350486
202300035153,17,1,2023,2025-12-05 06:00:00,5,75,75118,2,7,1,6,Echangeur Aubervilliers,48.90094134,2.37030566
202300035154,16,1,2023,2025-12-05 11:46:00,1,75,75117,2,2,3,6,Rue Des Batignolles,48.884035,2.322454
202300035155,17,1,2023,2025-12-05 16:00:00,1,75,75116,2,1,2,2,Allee Du Bord De L Eau,48.867945,2.23427
202300035156,16,1,2023,2025-12-05 08:45:00,1,75,75116,2,3,2,7,Avenue D Iena,48.87166156,2.29539424
202300035157,17,1,2023,2025-12-05 08:03:00,2,75,75115,2,4,8,6,Rue Jacques Baudry,48.82998398,2.30559736
202300035158,16,1,2023,2025-12-05 19:45:00,5,75,75115,2,2,2,7,Rue Olivier De Serres,48.836148,2.297247
202300035159,16,1,2023,2025-12-05 19:15:00,5,75,75114,2,7,2,6,Place Du Vingt Cinq Aout 1944,48.822081,2.325438
202300035160,16,1,2023,2025-12-05 17:54:00,2,75,75110,2,2,2,7,Boulevard De Magenta,48.87633534,2.35598266
202300035161,17,1,2023,2025-12-05 13:45:00,1,75,75108,2,3,1,2,Rue De Liege,48.879338,2.32551
202300035162,17,1,2023,2025-12-05 11:00:00,1,75,75108,2,2,1,6,Avenue De Friedland,48.873999,2.297312
202300035163,17,1,2023,2025-12-05 17:05:00,5,75,75103,2,3,8,3,Boulevard Beaumarchais,48.857599,2.368034
202300035164,17,1,2023,2025-12-05 14:15:00,1,94,94081,2,1,2,2,10 Rue De Choisy,48.78159492,2.40273088
202300035165,16,1,2023,2025-12-05 09:10:00,1,94,94078,2,1,3,2,Av De L'Appel Du 18 Juin 1940,48.75700759,2.44380677
202300035166,17,1,2023,2025-12-05 19:25:00,5,94,94016,2,3,1,2,Avenue De La Division Leclerc /  Rue Marc Sangnier,48.78607,2.32914
202300035167,17,1,2023,2025-12-05 18:05:00,3,94,94038,2,2,2,3,Bd Paul Vaillant Couturier / Rue Des Tournelles,48.776281,2.339965
202300035168,17,1,2023,2025-12-05 18:55:00,2,93,93059,2,2,1,6,Avenue Emile Zola / Rue Toussaint Louverture,48.94972226,2.36533231
202300035169,17,1,2023,2025-12-05 08:25:00,2,93,93064,2,2,1,6,Avenue Jean Jaures / Rue Du General Leclerc,48.87103,2.48657
202300035170,17,1,2023,2025-12-05 12:00:00,1,93,93005,2,1,1,2,Boulevard De Strasbourg,48.92392916,2.48616904
202300035171,17,1,2023,2025-12-05 19:45:00,5,92,92046,2,1,8,3,Pierre Larousse (Avenue),48.82134756,2.30450624
202300035172,17,1,2023,2025-12-05 19:35:00,5,92,92044,2,2,1,3,Ernest Cognacq(Rue),48.895617,2.277542
202300035173,17,1,2023,2025-12-05 07:00:00,5,92,92036,2,1,1,1,Louis Roche (Avenue) (153/203),48.931051,2.306622
202300035174,17,1,2023,2025-12-05 15:30:00,1,92,92007,2,1,8,3,Pasteur (Avenue Louis) Ndeg 1 A 39 Et 2 A,48.80036,2.31815
202300035175,17,1,2023,2025-12-05 12:53:00,1,92,92009,2,2,1,3,Adolphe Guyot ( Rue ),48.91790071,2.27911323
202300035176,16,1,2023,2025-12-05 07:00:00,5,92,92009,2,1,1,6,Argenteuil ( Avenue D' ),48.92328856,2.27588037
202300035177,16,1,2023,2025-12-05 11:15:00,2,92,92004,2,1,1,3,Voltaire ( Bd ),48.916504,2.289309
202300035178,14,1,2023,2025-12-05 02:35:00,5,92,92004,2,1,2,3,Docteur Dervaux  ( Quai Du ),48.90845,2.29295
202300035179,16,1,2023,2025-12-05 18:10:00,5,92,92014,2,1,1,6,Huit Mai 1945 (Rue Du),48.78275,2.31586
202300035180,15,1,2023,2025-12-05 16:55:00,1,29,29236,1,1,2,6,Kernezet,47.88696304,-3.71466186
202300035181,17,1,2023,2025-12-05 06:30:00,5,37,37226,2,6,2,2,D910,47.101812,0.612381
202300035182,17,1,2023,2025-12-05 04:30:00,3,90,90015,1,1,9,7,A36 Pk 039.200 Sens Mulhouse/Beaune,47.589458,6.857282
202300035183,16,1,2023,2025-12-05 10:46:00,1,69,69175,1,1,2,6,Route Departementale 389,45.79077641,4.58551613
202300035184,16,1,2023,2025-12-05 19:00:00,5,13,13081,1,1,1,2,A7-Sens Marseille Vers Lyon,43.48881066,5.24058515
202300035185,17,1,2023,2025-12-05 10:50:00,1,13,13215,1,1,1,6,A507 Sens Aubagne- Marseille,43.34402544,5.37531776
202300035186,17,1,2023,2025-12-05 08:00:00,2,13,13071,1,1,2,2,A7-Sens Marseille Vers Lyon,43.40642663,5.29197251
202300035187,17,1,2023,2025-12-05 08:10:00,1,13,13202,1,1,2,7,A55-Sens Martigues Vers Marseille,43.312761,5.368108
202300035188,17,1,2023,2025-12-05 07:00:00,3,13,13071,1,1,2,4,A7-Sens Marseille Vers Lyon,43.40642454,5.29149727
202300035189,17,1,2023,2025-12-05 08:20:00,1,33,33487,1,1,2,4,Autoroute A10,44.939219,-0.466734
202300035190,16,1,2023,2025-12-05 18:15:00,4,33,33119,1,1,2,4,Route Nationale 230,44.851668,-0.504715
202300035191,17,1,2023,2025-12-05 08:00:00,3,94,94034,1,1,1,3,A86,48.76170971,2.31572551
202300035192,16,1,2023,2025-12-05 09:00:00,1,78,78640,1,1,2,5,A86 Int,48.778056,2.213416
202300035193,17,1,2023,2025-12-05 08:25:00,2,95,95018,1,1,1,5,A15,48.96133067,2.2686043
202300035194,16,1,2023,2025-12-05 14:30:00,1,93,93027,1,1,2,7,Bdl,48.93503675,2.40334511
202300035195,16,1,2023,2025-12-05 16:15:00,1,93,93066,1,1,8,6,Autoroute A1,48.91529,2.35797
202300035196,15,1,2023,2025-12-05 03:20:00,3,95,95582,1,1,3,2,A115,48.98062982,2.2409411
202300035197,16,1,2023,2025-12-05 08:30:00,1,77,77053,1,1,3,5,Rn104,48.692762,2.595246
202300035198,14,1,2023,2025-12-05 20:45:00,5,988,98818,2,1,1,1,Promenade Roger Laroque,-22.30267,166.44393
202300035199,15,1,2023,2025-12-05 12:43:00,1,976,97611,2,9,1,5,Tsoundzou-Kadjifouni ( Rue ),-12.80621,45.20859
202300035200,15,1,2023,2025-12-05 15:15:00,1,974,97416,2,1,1,3,Colardeau (Chemin Fernand),-21.3377,55.46401
202300035201,15,1,2023,2025-12-05 15:25:00,1,973,97302,2,1,1,7,Baduel (Route De),4.92859,-52.29398
202300035202,14,1,2023,2025-12-05 12:25:00,1,972,97209,2,2,1,3,General De Gaulle (Bld Du),14.60769,-61.0696
202300035203,14,1,2023,2025-12-05 12:00:00,1,972,97209,1,6,1,3,Redoute (Route De La),14.61505,-61.06191
202300035204,15,1,2023,2025-12-05 14:40:00,1,91,91377,2,1,1,6,Rte De Palaiseau,48.728054,2.24538
202300035205,15,1,2023,2025-12-05 14:15:00,1,91,91657,2,1,1,6,Av De La Concorde,48.70607,2.41846
202300035206,15,1,2023,2025-12-05 08:35:00,2,88,88415,2,1,3,3,Grande Rue,48.02147,6.60695
202300035207,15,1,2023,2025-12-05 17:50:00,2,85,85194,2,1,2,1,6 Rue Du 8 Mai 1945,46.53696,-1.7724
202300035208,15,1,2023,2025-12-05 19:40:00,5,82,82033,2,3,1,3,L'Usine (Rue De),44.04962,1.10872
202300035209,15,1,2023,2025-12-05 09:30:00,1,76,76391,1,4,8,6,Rue De Rouen,49.30772667,0.98001966
202300035210,15,1,2023,2025-12-05 19:50:00,3,74,74281,1,1,1,5,Dranse (Avenue De La),46.36502,6.50845
202300035211,15,1,2023,2025-12-05 13:15:00,1,69,69264,2,1,1,3,Rue Ernest Renan,45.99384,4.70729
202300035212,15,1,2023,2025-12-05 01:10:00,3,60,60175,1,4,2,6,Sortie Rn 16 Acces Route De Chanti,49.24724678,2.47665095
202300035213,15,1,2023,2025-12-05 20:10:00,5,59,59410,2,2,2,3,Acacias Avenue Des,50.642,3.104
202300035214,15,1,2023,2025-12-05 11:00:00,1,59,59350,2,3,7,3,Louis Xiv Boulevard,50.62883,3.07362
202300035215,14,1,2023,2025-12-05 04:05:00,5,59,59350,1,2,1,6,Solferino Rue Ndeg1 - 159,50.63023,3.05668
202300035216,14,1,2023,2025-12-05 17:50:00,5,54,54528,2,9,3,6,Avenue Du General Bigeard,48.670179,5.890251
202300035217,14,1,2023,2025-12-05 19:55:00,5,54,54528,2,1,2,6,Rue Albert Denis,48.6668,5.88228
202300035218,15,1,2023,2025-12-05 13:40:00,1,54,54482,2,1,1,6,Rue Alexandre 1Er,48.70057483,6.20258152
202300035219,15,1,2023,2025-12-05 21:20:00,3,54,54323,1,1,2,6,52 (Route Nationale),49.52601,5.75416
202300035220,15,1,2023,2025-12-05 06:45:00,5,48,48095,2,4,2,6,Fleurs (Rue Des),44.52482,3.50356
202300035221,13,1,2023,2025-12-05 17:00:00,2,35,35115,2,1,8,6,Foret (Rue De La),48.35877867,-1.19304389
202300035222,15,1,2023,2025-12-05 06:45:00,5,34,34172,2,7,1,7,210 Rue Mathieu Laurens,43.60525,3.8921
202300035223,15,1,2023,2025-12-05 02:40:00,5,34,34172,2,3,1,2,679 Avenue Des Pres D'Arenes,43.59154,3.88221
202300035224,15,1,2023,2025-12-05 16:10:00,1,30,30007,2,3,1,3,Arago (Rue),44.12765,4.07315
202300035225,16,1,2023,2025-12-05 00:40:00,5,27,27229,2,6,3,7,Saint Andre (Route De),49.00966,1.16658
202300035226,14,1,2023,2025-12-05 18:30:00,5,13,13210,2,1,1,6,Saint Loup (Boulevard De),43.28221035,5.4300152
202300035227,14,1,2023,2025-12-05 21:45:00,5,13,13210,2,1,1,1,L Armee D Afrique (Chemin De L'),43.28862,5.40929
202300035228,14,1,2023,2025-12-05 17:00:00,1,13,13001,1,3,1,3,Berre (Route De),43.53961,5.37831
202300035229,15,1,2023,2025-12-05 10:55:00,1,6,6088,2,1,1,6,Turin (Rte De),43.718831,7.28497
202300035230,15,1,2023,2025-12-05 16:15:00,1,6,6069,1,1,1,6,Belletrud (Boulevard Du Docteur),43.665447,6.89584
202300035231,15,1,2023,2025-12-05 10:10:00,1,2,2738,2,3,1,3,14 Boulevard Jean De La Fontaine,49.650173,3.287017
202300035232,14,1,2023,2025-12-05 12:55:00,1,75,75116,2,5,2,6,Avenue Paul Doumer,48.85824,2.274849
202300035233,16,1,2023,2025-12-05 19:40:00,5,75,75106,2,4,1,3,Boulevard Saint Michel,48.841421,2.337499
202300035234,14,1,2023,2025-12-05 20:50:00,5,75,75114,2,1,2,6,Rue Raymond Losserand,48.831799,2.314118
202300035235,16,1,2023,2025-12-05 09:50:00,1,75,75112,2,1,2,6,Rue De Charenton,48.85278,2.370669
202300035236,15,1,2023,2025-12-05 06:00:00,5,75,75112,2,2,2,6,Boulevard Diderot,48.847349,2.386798
202300035237,16,1,2023,2025-12-05 08:15:00,4,75,75110,2,4,2,6,Rue Du Chateau Landon,48.878856,2.362348
202300035238,16,1,2023,2025-12-05 12:57:00,1,75,75109,2,7,2,6,Place De L Opera,48.871067,2.331951
202300035239,16,1,2023,2025-12-05 16:00:00,1,75,75108,2,2,2,7,Rue De La Pepiniere,48.875144,2.322954
202300035240,28,7,2023,2025-12-05 16:50:00,1,78,78389,2,1,3,1,Route De La Bardelle,48.802804,1.815839
202300035241,19,7,2023,2025-12-05 08:25:00,1,78,78605,2,1,1,6,4 Grande Rue,48.838043,1.678317
202300035242,28,7,2023,2025-12-05 23:15:00,3,34,34167,1,1,1,6,Rd16,43.287101,3.022624
202300035243,29,7,2023,2025-12-05 15:05:00,1,5,5007,1,1,1,3,Route Departementale 902,44.758528,6.747451
202300035244,29,7,2023,2025-12-05 00:00:00,5,13,13018,1,1,1,5,D24 Route De St Andiol,43.854204,4.951841
202300035245,28,7,2023,2025-12-05 16:10:00,1,13,13041,1,1,1,1,D46A,43.460064,5.489039
202300035246,28,7,2023,2025-12-05 15:45:00,1,67,67525,1,1,2,1,D75,48.607628,7.442046
202300035247,28,7,2023,2025-12-05 09:45:00,1,63,63077,1,4,1,1,D996,45.577898,2.880875
202300035248,29,7,2023,2025-12-05 17:30:00,1,42,42285,2,6,3,6,Avenue Du Prieure,45.554809,4.131321
202300035249,28,7,2023,2025-12-05 23:55:00,1,1,1275,1,1,1,6,Route Du Mas Rillier,45.82555,4.923559
202300035250,28,7,2023,2025-12-05 20:40:00,1,81,81271,2,1,1,6,Avenue Rhin Et Danube,43.774158,1.685597
202300035251,30,5,2023,2025-12-05 17:20:00,1,33,33535,2,1,1,6,Avenue Du Desclaud,44.845334,-0.470395
202300035252,29,7,2023,2025-12-05 11:45:00,1,22,22259,2,1,1,3,19 Boulevard De Preval,48.45869207,-2.0636116
202300035253,28,7,2023,2025-12-05 14:50:00,1,60,60282,1,6,2,2,D1016,49.205843,2.461538
202300035254,25,7,2023,2025-12-05 18:25:00,2,13,13071,1,1,1,2,A51-Sens Aix En Provence Vers Marseille,43.4166,5.36507
202300035255,25,7,2023,2025-12-05 17:45:00,1,13,13019,1,1,1,2,A51-Sens Marseille Vers Aix En Provence,43.42547,5.3775
202300035256,27,7,2023,2025-12-05 23:43:00,5,13,13207,1,1,1,6,Tunnel Prado Carenage,43.29070287,5.36804215
202300035257,28,7,2023,2025-12-05 02:40:00,3,83,83035,1,1,2,6,A50,43.18073151,5.7697739
202300035258,28,7,2023,2025-12-05 16:35:00,1,94,94003,1,1,2,5,A6A,48.80389457,2.3420366
202300035259,27,7,2023,2025-12-05 20:30:00,1,78,78498,1,1,2,3,A13,48.905074,2.005316
202300035260,28,7,2023,2025-12-05 10:00:00,1,78,78007,1,1,2,4,A13W,48.897474,2.006129
202300035261,28,7,2023,2025-12-05 08:05:00,1,92,92063,1,1,2,7,A86,48.89044962,2.17238729
202300035262,28,7,2023,2025-12-05 00:35:00,3,78,78043,1,1,2,2,A13Y,48.850213,2.069036
202300035263,27,7,2023,2025-12-05 17:21:00,1,78,78043,1,1,2,5,A13Y,48.844822,2.088042
202300035264,27,7,2023,2025-12-05 15:40:00,2,78,78455,1,1,2,2,A13,48.860845,2.046942
202300035265,28,7,2023,2025-12-05 13:30:00,1,93,93066,1,1,3,4,Autoroute A1,48.91936344,2.35754643
202300035266,28,7,2023,2025-12-05 10:10:00,1,95,95582,1,1,3,7,A115,48.97402708,2.24421501
202300035267,28,7,2023,2025-12-05 01:25:00,3,93,93053,1,1,8,6,Autoroute A86,48.89375409,2.47211909
202300035268,27,7,2023,2025-12-05 23:40:00,3,95,95527,1,1,2,6,A3,48.98390662,2.50297308
202300035269,27,7,2023,2025-12-05 21:30:00,3,93,93053,1,1,2,6,Autoroute A103,48.88833,2.47219
202300035270,27,7,2023,2025-12-05 19:15:00,1,95,95018,1,1,3,6,A15,48.95778,2.2741
202300035271,28,7,2023,2025-12-05 07:00:00,1,94,94069,1,1,2,2,A4,48.81737044,2.42861395
202300035272,15,6,2023,2025-12-05 21:50:00,2,78,78372,2,1,1,6,Auguste Renoir (Avenue),48.879421,2.090204
202300035273,21,4,2023,2025-12-05 15:05:00,1,45,45179,2,2,1,2,26 Route D'Orleans,47.771259,1.693284
202300035274,27,7,2023,2025-12-05 21:50:00,5,976,97611,2,3,1,3,M'Tsapere-Mosquee Maevantana (Ruelle ),-12.7877,45.21862
202300035275,18,6,2023,2025-12-05 10:45:00,1,976,97611,2,9,1,3,M'Tsapere-Nationale 2 (Route),-12.78762,45.22538
202300035276,16,6,2023,2025-12-05 07:40:00,1,976,97611,2,1,1,3,Avenue Martin Luther King,-12.771,45.225267
202300035277,27,7,2023,2025-12-05 13:45:00,1,974,97416,1,1,2,3,Rn03,-21.34055,55.4935
202300035278,26,7,2023,2025-12-05 06:45:00,2,974,97411,2,1,1,7,Jaures (Bld 1 Jean),-20.88933,55.45044
202300035279,16,6,2023,2025-12-05 09:00:00,1,974,97411,2,1,1,6,Cotonniers (Allee Des),-20.89497,55.46025
202300035280,14,6,2023,2025-12-05 11:20:00,1,974,97409,2,1,1,6,Pente Sassy (Chemin De La),-20.96616,55.65925
202300035281,15,6,2023,2025-12-05 07:45:00,1,974,97407,2,3,1,1,Anglais (Che Des) - Riviere Des Galets,-20.95543,55.31474
202300035282,27,7,2023,2025-12-05 18:48:00,5,973,97302,2,1,1,6,Madeleine (Route De La),4.91405,-52.32082
202300035283,18,6,2023,2025-12-05 17:20:00,1,973,97302,2,2,1,3,Voltaire(Avenue),4.94238022,-52.32242525
202300035284,17,6,2023,2025-12-05 06:25:00,2,973,97302,2,3,1,3,Catayee (Justin),4.93032,-52.326
202300035285,16,6,2023,2025-12-05 16:15:00,1,973,97302,2,6,1,2,Baduel (Route De),4.92934,-52.30298
202300035286,15,6,2023,2025-12-05 19:20:00,5,973,97302,2,2,1,3,N'Zila (Cite),4.93588309,-52.32466677
202300035287,27,7,2023,2025-12-05 12:40:00,1,69,69387,2,1,1,3,11 Cours Gambetta,45.75545122,4.84233908
202300035288,17,6,2023,2025-12-05 04:00:00,5,69,69387,2,3,1,1,Avenue Tony Garnier,45.72626,4.83563
202300035289,16,6,2023,2025-12-05 12:25:00,1,69,69387,2,7,1,6,Place Jean Mace,45.74523,4.84179
202300035290,16,6,2023,2025-12-05 08:30:00,1,69,69388,2,2,1,3,Rue Villon,45.74056,4.86388
202300035291,15,6,2023,2025-12-05 13:00:00,1,69,69387,2,2,1,3,Rue Montesquieu,45.75134,4.8449
202300035292,15,6,2023,2025-12-05 11:00:00,1,69,69388,2,2,1,3,Rue Professeur Beauvisage,45.72972,4.86857
202300035293,18,6,2023,2025-12-05 13:40:00,1,972,97209,2,1,1,3,Gouverneur Fourreau (Rue Du),14.61303,-61.07247
202300035294,16,6,2023,2025-12-05 04:00:00,3,972,97209,1,1,1,6,Rn9,14.59623,-61.05596
202300035295,15,6,2023,2025-12-05 02:45:00,5,69,69389,2,1,1,6,33 Rue De Saint-Cyr,45.77953,4.80721
202300035296,15,6,2023,2025-12-05 07:08:00,1,2B,2B033,2,1,1,2,11 - Rt,42.67716,9.4445
202300035297,27,7,2023,2025-12-05 10:00:00,1,971,97101,1,1,1,3,Rn1-  Hauteur De Sortie Lauricisque,16.25396,-61.53677
202300035298,26,7,2023,2025-12-05 08:10:00,1,971,97101,2,1,1,4,Neree,16.26946,-61.50326
202300035299,15,6,2023,2025-12-05 18:20:00,1,971,97101,2,1,1,2,Perrin (Secteur),16.27,-61.52
202300035300,15,6,2023,2025-12-05 09:35:00,1,971,97113,2,1,1,6,Montauban (Secteur),16.20611,-61.49582
202300035301,27,7,2023,2025-12-05 15:55:00,1,95,95280,2,1,2,6,Roger Salengro ( Boulevard),49.03814,2.467804
202300035302,18,6,2023,2025-12-05 08:50:00,1,95,95280,2,3,1,1,Alice (Rue),49.02371,2.46534
202300035303,15,6,2023,2025-12-05 18:29:00,1,95,95277,2,1,1,2,Pompidou Georges (Avenue),48.9904473,2.43018329
202300035304,16,6,2023,2025-12-05 08:20:00,1,95,95197,2,1,1,2,D928,48.96468,2.32075
202300035305,26,7,2023,2025-12-05 22:15:00,3,95,95127,2,9,2,6,Oise (Boulevard De L'),49.03556,2.08163
202300035306,14,6,2023,2025-12-05 11:53:00,1,91,91645,2,3,1,6,Solliere (Chemin De La),48.74476,2.25832
202300035307,16,6,2023,2025-12-05 14:25:00,1,91,91114,2,1,1,6,Rte Nationale 6,48.68389,2.48958
202300035308,15,6,2023,2025-12-05 19:50:00,1,91,91421,2,1,1,6,Colbert (Allee),48.69757,2.45487
202300035309,15,6,2023,2025-12-05 16:50:00,1,91,91114,2,1,1,2,Rte Nationale 6,48.678691,2.495793