num_acc,jour,mois,an,hrmn,lum,dep,com,agg,int,atm,col,adr,lat,long
202300035310,27,7,2023,2025-12-05 19:30:00,1,91,91687,2,1,2,2,General De Gaulle (Avenue Du),48.68063,2.37986
202300035311,14,6,2023,2025-12-05 22:40:00,5,91,91326,2,1,1,4,Cour De France (Avenue De La),48.68877,2.37103
202300035312,15,6,2023,2025-12-05 17:17:00,1,91,91433,2,1,1,6,Auvers (Rue D'),48.46914,2.19515
202300035313,26,7,2023,2025-12-05 15:18:00,1,87,87085,2,1,1,6,Faure (Avenue Du Professeur Marcel),45.81516,1.24416
202300035314,26,7,2023,2025-12-05 12:15:00,1,83,83137,2,1,1,6,Bourges (Bd Commmandant Andre),43.10534,5.93103
202300035315,26,7,2023,2025-12-05 19:15:00,1,83,83069,2,1,1,1,Madrague (Route De La),43.04107,6.12795
202300035316,27,7,2023,2025-12-05 12:45:00,1,83,83069,2,9,1,3,Avenue Ritondale Leopold,43.11345,6.12965
202300035317,14,6,2023,2025-12-05 23:45:00,3,79,79355,1,1,1,7,Adresse_Inconnue,46.33483,-0.37463
202300035318,27,7,2023,2025-12-05 16:35:00,1,77,77132,1,1,3,3,Av Robert Schuman,48.86462,2.79132
202300035319,26,7,2023,2025-12-05 18:08:00,1,76,76540,2,6,1,3,Rue De Sotteville,49.42576,1.08755
202300035320,14,6,2023,2025-12-05 14:40:00,1,76,76351,2,1,1,5,Bois Au Coq (Avenue),49.51696,0.11913
202300035321,14,6,2023,2025-12-05 19:45:00,1,72,72181,2,3,1,1,Glonnieres (Bd) Ndeg Pairs,47.973866,0.218862
202300035322,14,6,2023,2025-12-05 11:04:00,1,72,72181,2,1,1,3,Mac Jean (Av) Ndeg Imp 107 Et Plus,47.97922,0.2248
202300035323,26,7,2023,2025-12-05 08:30:00,1,71,71270,2,9,1,3,Saint-Clement (Place),46.29759,4.82128
202300035324,27,7,2023,2025-12-05 18:20:00,1,71,71475,2,1,1,2,Lyon (Route De ),46.77322617,4.8446247
202300035325,16,6,2023,2025-12-05 18:00:00,1,69,69275,2,6,1,2,Rocade Est,45.77075344,4.98427927
202300035326,15,6,2023,2025-12-05 17:45:00,1,69,69266,2,3,1,2,Rue Du 8 Mai 1945,45.77656,4.8931
202300035327,15,6,2023,2025-12-05 16:20:00,1,69,69286,2,3,1,6,Avenue De L'Europe,45.81592,4.89877
202300035328,27,7,2023,2025-12-05 18:00:00,1,69,69264,2,1,1,4,Route De Frans,45.98397,4.74022
202300035329,15,6,2023,2025-12-05 12:00:00,1,69,69290,2,1,1,3,Rue De L'Egalite,45.68819,4.94679
202300035330,27,7,2023,2025-12-05 15:45:00,1,67,67218,2,1,1,3,Glaciere (Rue De La),48.5313,7.7137
202300035331,15,6,2023,2025-12-05 11:48:00,1,66,66136,2,1,1,2,Adresse_Inconnue,42.706131,2.90919
202300035332,18,4,2023,2025-12-05 18:59:00,1,65,65440,2,2,1,3,Rue Massey,43.2396,0.07381
202300035333,27,7,2023,2025-12-05 14:10:00,1,64,64189,2,3,1,3,Mitterrand Francois  (Avenue),43.37997,-1.66208
202300035334,26,7,2023,2025-12-05 10:02:00,1,64,64102,2,1,1,6,Bourgneuf (Rue),43.49127,-1.4727
202300035335,16,6,2023,2025-12-05 09:30:00,1,63,63113,2,1,1,6,Auger (Rue),45.78202,3.1059
202300035336,16,6,2023,2025-12-05 10:25:00,1,63,63113,2,6,1,3,Bourdon / Bleriot,45.79821,3.14749
202300035337,15,6,2023,2025-12-05 21:30:00,1,63,63113,2,3,1,3,Brugiere /Gravanche,45.7896,3.11794
202300035338,27,7,2023,2025-12-05 00:45:00,5,62,62193,1,1,2,2,A216,50.93597022,1.90709938
202300035339,23,7,2023,2025-12-05 22:20:00,5,62,62193,2,2,1,2,Boulevard Victor Hugo,50.943092,1.871851
202300035340,2,6,2023,2025-12-05 23:20:00,5,62,62193,2,6,1,3,D940,50.951877,1.832609
202300035341,27,7,2023,2025-12-05 17:40:00,1,62,62848,1,1,1,6,D941,50.50952,2.64935
202300035342,15,6,2023,2025-12-05 11:25:00,1,60,60057,2,2,1,6,Rue Du Morvan,49.43868676,2.09677613
202300035343,15,6,2023,2025-12-05 22:45:00,5,59,59650,2,2,1,3,Vallon (Rue),50.70426,3.22582
202300035344,13,6,2023,2025-12-05 17:35:00,1,59,59043,2,3,1,6,Ancienne Poste Aux Ch (Rue De L'),50.73675,2.73916
202300035345,27,7,2023,2025-12-05 22:33:00,5,57,57463,2,2,2,7,Solidarite (Boulevard De La ),49.10717124,6.22196317
202300035346,14,6,2023,2025-12-05 09:40:00,1,56,56121,2,1,1,6,Chazelles ( Cours Louis  De ),47.7566,-3.36431
202300035347,14,6,2023,2025-12-05 14:10:00,1,56,56121,2,1,1,7,Thorez (Rue  Maurice ),47.74205,-3.39368
202300035348,14,6,2023,2025-12-05 12:15:00,1,54,54395,2,1,1,4,Boulevard Lobau,48.68068046,6.19820416
202300035349,14,6,2023,2025-12-05 07:50:00,1,54,54547,2,2,1,6,Briand (Rue Aristide),48.67051545,6.17892712
202300035350,15,6,2023,2025-12-05 11:00:00,1,51,51454,2,1,1,6,Bir Hakeim (Rue),49.25543,4.022
202300035351,14,6,2023,2025-12-05 19:45:00,1,51,51454,2,6,1,3,Avenue Francois Mauriac,49.232901,4.004006
202300035352,15,6,2023,2025-12-05 16:13:00,1,49,49015,2,1,1,7,Allende Avenue Salvador,47.50451,-0.60577
202300035353,15,6,2023,2025-12-05 17:30:00,1,49,49007,1,1,1,2,Atlantique  Avenue De L',47.46579,-0.58002
202300035354,15,6,2023,2025-12-05 17:15:00,1,49,49267,1,6,1,3,Chanterie,47.48143,-0.49148
202300035355,14,6,2023,2025-12-05 17:30:00,1,49,49007,2,1,1,3,Roosevelt,47.4702,-0.5519
202300035356,15,6,2023,2025-12-05 12:50:00,1,43,43157,2,3,1,3,Breuil (Place Du),45.042012,3.882708
202300035357,14,6,2023,2025-12-05 14:20:00,1,43,43089,2,1,1,6,Rue Ernest Rogues,45.047378,3.863375
202300035358,4,7,2023,2025-12-05 23:00:00,5,42,42218,2,9,1,3,Rue Des Docteurs Henri Et Bernard Muller,45.45267,4.39887
202300035359,14,6,2023,2025-12-05 14:20:00,1,42,42218,2,1,1,6,Boulevard Antonio Vivaldi,45.4648,4.40878
202300035360,16,6,2023,2025-12-05 01:40:00,5,37,37261,2,2,1,3,Pas Notre-Dame (Rue Du),47.41424,0.69666
202300035361,15,6,2023,2025-12-05 15:00:00,1,37,37122,1,1,1,2,Rd 37,47.34754757,0.64618993
202300035362,14,6,2023,2025-12-05 15:47:00,1,37,37214,2,1,1,6,De Gaulle (Bd Charles),47.411,0.6774
202300035363,27,7,2023,2025-12-05 17:20:00,1,35,35238,2,3,2,3,Lorient (De),48.10693,-1.726
202300035364,16,6,2023,2025-12-05 19:15:00,1,35,35238,2,6,1,3,Forces Francaises De L'Onu (Rond Point),48.08961,-1.68179
202300035365,16,6,2023,2025-12-05 18:25:00,1,35,35238,1,1,1,2,Rn 12,48.12728127,-1.71239734
202300035366,16,6,2023,2025-12-05 16:30:00,1,35,35238,2,1,1,6,Anjou (D'),48.11405,-1.65965
202300035367,15,6,2023,2025-12-05 20:05:00,1,35,35238,2,1,1,3,Voltaire (Bd),48.10508372,-1.69437021
202300035368,27,7,2023,2025-12-05 13:10:00,1,35,35115,2,1,2,1,Bayette Rousse (Chemin De La),48.3412,-1.2068
202300035369,13,6,2023,2025-12-05 19:15:00,1,34,34301,1,1,1,3,Route De Pontmartin,43.407279,3.711735
202300035370,27,7,2023,2025-12-05 07:45:00,1,33,33063,2,1,1,3,Avenue Des Trois Cardinaux,44.88762116,-0.55184519
202300035371,26,7,2023,2025-12-05 19:50:00,1,33,33013,2,1,1,3,Avenue De Virecourt,44.85397,-0.50095
202300035372,16,6,2023,2025-12-05 19:55:00,1,28,28134,2,9,1,1,Bates (Ave Des),48.74342,1.34671
202300035373,16,6,2023,2025-12-05 17:25:00,1,28,28134,2,1,1,6,Violette (Rue Maurice),48.7366,1.36657
202300035374,14,6,2023,2025-12-05 12:30:00,1,28,28134,2,1,1,6,Lemoulec (Rue Charles),48.73297,1.37992
202300035375,27,7,2023,2025-12-05 05:19:00,4,27,27229,2,2,1,3,Quatorze Juillet (Boulevard),49.006484,1.162356
202300035376,15,6,2023,2025-12-05 17:28:00,1,27,27229,2,9,1,6,Jaures (Rue Jean),49.02178,1.15132
202300035377,14,6,2023,2025-12-05 18:00:00,1,27,27306,2,1,7,6,Rue Henri Guillaumet,49.00396,1.17625
202300035378,27,7,2023,2025-12-05 14:55:00,1,26,26198,2,1,1,6,Boulevard Meynot,44.55548,4.75096
202300035379,27,7,2023,2025-12-05 16:25:00,1,22,22187,2,1,2,3,Jean Bart,48.54133,-2.72751
202300035380,18,6,2023,2025-12-05 14:50:00,1,18,18279,2,1,1,7,34 Rue Jacques Brel,47.199341,2.081218
202300035381,16,6,2023,2025-12-05 08:30:00,1,18,18279,2,3,1,1,39 Rue De La Convention,47.21975,2.10361
202300035382,16,6,2023,2025-12-05 10:52:00,1,17,17300,2,1,1,6,Guilbaud   Rue,46.165656,-1.159037
202300035383,14,6,2023,2025-12-05 17:15:00,1,17,17291,2,9,1,3,Quatorze Juillet   Rue Du,46.17359,-1.1182
202300035384,22,7,2023,2025-12-05 12:53:00,1,15,15014,2,6,1,2,N122 Giratoire De L 'Europe,44.90825,2.4225
202300035385,15,6,2023,2025-12-05 22:30:00,5,13,13106,2,1,1,7,Bedoule (Chemin De La),43.39829,5.35379
202300035386,27,7,2023,2025-12-05 21:10:00,5,13,13211,2,1,1,1,Jean Lombard (Avenue),43.28898623,5.43153428
202300035387,27,7,2023,2025-12-05 10:45:00,1,13,13213,2,6,1,1,Frais Vallon (Avenue),43.3252,5.42839
202300035388,26,7,2023,2025-12-05 14:30:00,1,13,13205,2,2,1,3,Jeanne D'Arc (Boulevard),43.29371,5.40152
202300035389,27,7,2023,2025-12-05 16:00:00,1,13,13028,2,3,1,3,Cd 559,43.183,5.668
202300035390,15,6,2023,2025-12-05 12:10:00,1,13,13001,2,2,1,6,De Lattre De Tassigny (Av),43.53225598,5.43742389
202300035391,26,7,2023,2025-12-05 18:00:00,1,12,12028,1,3,1,3,Rd 840,44.58124,2.20073
202300035392,26,7,2023,2025-12-05 20:13:00,1,11,11262,2,1,1,6,Adresse_Inconnue,43.185815,3.020601
202300035393,14,6,2023,2025-12-05 06:55:00,1,11,11069,2,1,2,3,Adresse_Inconnue,43.220296,2.3842
202300035394,26,7,2023,2025-12-05 17:10:00,1,9,9122,2,1,1,4,Cros (Cours Irenee),42.96818,1.60824
202300035395,27,7,2023,2025-12-05 18:25:00,1,7,7070,2,1,1,2,Colonnel Rousset (Avenue Du),44.97054,4.85096
202300035396,27,7,2023,2025-12-05 13:40:00,1,6,6069,2,1,1,3,Marigarde (Route De La),43.653951,6.934541
202300035397,15,6,2023,2025-12-05 14:45:00,1,6,6029,2,2,1,6,Republique (Boulevard De La),43.55487,7.02497
202300035398,28,7,2023,2025-12-05 00:15:00,5,6,6123,2,1,1,6,Bord De Mer Rn 98,43.658502,7.18693
202300035399,26,7,2023,2025-12-05 16:39:00,1,3,3185,2,2,1,3,Ledru - Rollin ( Quai ),46.34375,2.59979
202300035400,27,7,2023,2025-12-05 10:35:00,1,1,1053,2,9,1,6,Stand ( Rue Du ),46.19537,5.22956
202300035401,27,7,2023,2025-12-05 16:20:00,1,75,75116,2,1,2,3,Porte D Auteuil,48.844085,2.254681
202300035402,27,7,2023,2025-12-05 19:30:00,1,75,75118,2,2,2,3,Rue Damremont,48.890551,2.334289
202300035403,27,7,2023,2025-12-05 14:00:00,1,75,75117,2,2,2,3,Non Denommee C/17,48.88861164,2.31565833
202300035404,26,7,2023,2025-12-05 14:00:00,1,75,75117,2,3,1,3,Rue De Tocqueville,48.886716,2.308657
202300035405,27,7,2023,2025-12-05 17:20:00,1,75,75115,2,2,2,1,Rue De La Convention,48.841096,2.287903
202300035406,27,7,2023,2025-12-05 10:50:00,1,75,75113,2,2,8,3,Boulevard Vincent Auriol,48.836363,2.371338
202300035407,27,7,2023,2025-12-05 01:30:00,5,75,75112,2,2,1,2,Pont Charles De Gaulle,48.84321,2.370305
202300035408,26,7,2023,2025-12-05 16:25:00,1,75,75104,2,2,1,3,Rue Mornay,48.849514,2.365626
202300035409,25,7,2023,2025-12-05 17:30:00,1,75,75103,2,2,2,3,Boulevard De Sebastopol,48.86622,2.352533
202300035410,27,7,2023,2025-12-05 13:00:00,1,94,94081,2,1,1,3,Avenue Youri Gagarine,48.78718,2.39106
202300035411,25,7,2023,2025-12-05 11:41:00,1,94,94080,2,1,8,3,Avenue De Paris,48.84567618,2.42687291
202300035412,24,7,2023,2025-12-05 08:30:00,1,94,94015,2,1,1,3,Rue Basse D'Aval,48.833886,2.518577
202300035413,27,7,2023,2025-12-05 18:00:00,1,94,94043,2,1,2,2,Rue Gabriel Peri,48.81144,2.35128
202300035414,27,7,2023,2025-12-05 16:14:00,1,94,94022,2,1,2,3,Avenue Victor Hugo,48.76894,2.42082
202300035415,27,7,2023,2025-12-05 18:00:00,1,93,93048,2,2,2,3,Rue Emile Beaufils / Rue De La Demi-Lune,48.87567,2.45906
202300035416,27,7,2023,2025-12-05 03:06:00,5,93,93032,2,1,1,6,Rue De Franceville,48.8900071,2.54558101
202300035417,27,7,2023,2025-12-05 09:40:00,1,92,92050,2,1,1,2,Vaillant Couturier Paul Rue,48.88202979,2.20481819
202300035418,27,7,2023,2025-12-05 15:00:00,1,92,92025,2,2,2,3,Valmy (Bd De),48.93431,2.25594
202300035419,27,7,2023,2025-12-05 14:18:00,1,92,92025,2,1,2,5,Valmy (Place),48.93654616,2.25714684
202300035420,22,7,2023,2025-12-05 00:50:00,5,92,92004,2,1,1,7,Argenteuil ( Avenue D' ),48.92106,2.2786
202300035421,27,7,2023,2025-12-05 17:32:00,1,92,92014,2,2,3,3,Fontenay (Rue),48.78313,2.31507
202300035422,28,7,2023,2025-12-05 17:00:00,1,2A,2A272,1,1,1,1,Rt 40,41.650325,8.939551
202300035423,27,7,2023,2025-12-05 17:00:00,1,1,1416,1,4,1,1,D1504,45.921442,5.50341
202300035424,27,7,2023,2025-12-05 22:30:00,3,41,41185,1,1,1,6,D724,47.338954,1.713814
202300035425,27,7,2023,2025-12-05 18:50:00,1,6,6161,1,1,1,3,1321 Route Du Bord De Mer,43.627938,7.133804
202300035426,27,7,2023,2025-12-05 16:18:00,1,972,97227,1,1,1,6,Cite Morne Pavillon,14.468544,-60.934516
202300035427,25,7,2023,2025-12-05 13:10:00,1,83,83086,1,1,6,6,Chemin De La Roquette,43.462303,6.561456
202300035428,27,7,2023,2025-12-05 16:25:00,1,11,11111,1,2,1,3,Adresse_Inconnue,43.21054,2.827496
202300035429,25,7,2023,2025-12-05 00:45:00,3,26,26138,1,9,3,1,A7 - Pk 133.700 - Sens N/S,44.405519,4.729078
202300035430,28,7,2023,2025-12-05 10:30:00,1,52,52014,1,1,3,6,A31 Pk 96.900,47.768529,5.193272
202300035431,27,7,2023,2025-12-05 17:55:00,1,67,67006,1,1,1,1,D230,48.71928449,7.45346336
202300035432,27,7,2023,2025-12-05 19:36:00,1,54,54082,1,1,3,3,D603,49.161834,5.823542
202300035433,27,7,2023,2025-12-05 20:18:00,1,79,79136,1,3,1,3,Adresse_Inconnue,46.153021,-0.063037
202300035434,28,7,2023,2025-12-05 14:00:00,1,26,26160,2,1,1,3,Avenue De La Croix Des Mailles,45.19697,4.814608
202300035435,20,5,2023,2025-12-05 13:35:00,1,33,33529,1,1,1,4,Rd 1250 (Camicas - Sortie Dune),44.61823,-1.12965
202300035436,19,5,2023,2025-12-05 15:40:00,1,31,31555,2,1,1,3,Av Du Dr Maurice Grynfogel,43.58007188,1.36858039
202300035437,17,5,2023,2025-12-05 11:35:00,1,31,31555,2,1,1,2,Metz (Rue De) Du 1Au 19,43.60009723,1.44259326
202300035438,5,5,2023,2025-12-05 13:25:00,1,30,30189,2,1,1,6,Allende Salvador (Rue),43.82465,4.37013
202300035439,18,5,2023,2025-12-05 19:35:00,1,29,29039,2,3,1,3,Rue De Lanriec,47.86996,-3.9045
202300035440,20,5,2023,2025-12-05 18:25:00,1,29,29019,2,9,1,6,Rue Gustave Flaubert,48.375514,-4.544209
202300035441,20,5,2023,2025-12-05 23:12:00,5,28,28134,2,2,1,3,Kennedy (Avenue Du President),48.72956,1.3832
202300035442,8,11,2023,2025-12-05 07:23:00,2,83,83137,1,1,1,3,A50,43.12476769,5.90137449
202300035443,19,5,2023,2025-12-05 17:55:00,1,25,25056,2,1,1,2,Dole Rue De (Entre 82 Et 185),47.22005,5.95321
202300035444,9,11,2023,2025-12-05 09:39:00,1,33,33550,1,1,2,3,Rocade A 630,44.78178047,-0.58327585
202300035445,8,11,2023,2025-12-05 17:30:00,3,59,59195,1,1,3,2,Route Nationale 41,50.62165,2.96215
202300035446,17,5,2023,2025-12-05 12:25:00,1,21,21231,2,3,7,3,Point Du Jour (Rue),47.317321,5.060594
202300035447,11,5,2023,2025-12-05 11:10:00,1,19,19031,2,1,1,6,Semard (Avenue Pierre) A Partir De Ndeg 75,45.15522977,1.51551783
202300035448,9,11,2023,2025-12-05 15:50:00,2,91,91553,1,1,2,5,Rn 104,48.63077,2.48777
202300035449,9,11,2023,2025-12-05 10:00:00,1,92,92048,1,1,1,7,N118,48.81213557,2.21352626
202300035450,19,5,2023,2025-12-05 16:18:00,1,17,17300,2,2,1,3,Moulin   Avenue Jean,46.1447,-1.13787
202300035451,9,11,2023,2025-12-05 20:50:00,3,92,92036,1,1,2,6,Autoroute A15,48.93788866,2.29766722
202300035452,20,5,2023,2025-12-05 01:25:00,3,16,16102,1,1,1,7,Goeller (Rue Jules),45.715235,-0.328723
202300035453,9,11,2023,2025-12-05 18:40:00,3,93,93048,1,1,2,6,Autoroute A3,48.87238,2.43436
202300035454,20,5,2023,2025-12-05 18:30:00,1,14,14701,1,3,1,7,Route De Beaumont,49.30628,0.08213
202300035455,9,11,2023,2025-12-05 13:00:00,1,93,93008,1,1,1,3,Autoroute A86,48.90861,2.44966
202300035456,9,11,2023,2025-12-05 09:00:00,1,93,93066,1,1,1,3,Autoroute A1,48.9336534,2.38109544
202300035457,19,5,2023,2025-12-05 19:50:00,1,13,13026,2,9,2,3,Curie (Bld Pierre Et Marie),43.38675,5.1585
202300035458,8,11,2023,2025-12-05 09:05:00,1,93,93048,1,1,1,5,Autoroute A3,48.8708613,2.43145626
202300035459,9,11,2023,2025-12-05 15:00:00,1,77,77337,1,1,2,6,Rn104,48.82640425,2.61687495
202300035460,19,5,2023,2025-12-05 21:40:00,5,13,13206,2,1,2,6,Toulon (Avenue De),43.28518,5.38901
202300035461,23,7,2023,2025-12-05 19:00:00,1,14,14214,1,1,3,6,N13,49.28334,-0.74661
202300035462,19,5,2023,2025-12-05 14:15:00,1,13,13208,2,1,8,3,Rabatau (Boulevard),43.27682,5.3989
202300035463,2,7,2023,2025-12-05 18:40:00,1,14,14726,1,1,1,1,D290,48.892169,-0.787615
202300035464,20,5,2023,2025-12-05 22:25:00,5,13,13005,2,9,3,1,Rn 8,43.28852,5.55682
202300035465,20,5,2023,2025-12-05 06:20:00,2,13,13005,2,1,2,1,Eoures (Route D'),43.30350183,5.53110346
202300035466,7,4,2023,2025-12-05 21:20:00,5,93,93048,2,2,1,3,Boulevard Theophile Sueur / Rue Des Ruffins,48.86331391,2.4666761
202300035467,19,5,2023,2025-12-05 12:05:00,1,13,13005,2,4,1,3,Verdun (Avenue De),43.2878,5.57889
202300035468,19,5,2023,2025-12-05 12:45:00,1,6,6069,1,1,2,4,Paoute (Route Et Traverse De La),43.634975,6.956939
202300035469,22,7,2023,2025-12-05 16:00:00,1,13,13104,2,1,1,4,D5,43.330351,5.099396
202300035470,23,6,2023,2025-12-05 08:26:00,1,69,69290,1,2,1,4,Boulevard De La Porte Des Alpes,45.71192,4.92059
202300035471,14,7,2023,2025-12-05 18:58:00,1,32,32279,1,1,1,6,D 515,43.700923,0.621607
202300035472,10,5,2023,2025-12-05 08:10:00,1,5,5061,2,9,1,3,Jean Jaures ( Avenue ),44.55357,6.07301
202300035473,22,6,2023,2025-12-05 09:30:00,1,69,69290,2,1,8,6,34 Avenue Charles De Gaulle,45.70285,4.9297
202300035474,28,5,2023,2025-12-05 15:35:00,1,32,32279,2,1,1,6,D272,43.688671,0.657489
202300035475,19,5,2023,2025-12-05 19:10:00,1,75,75117,2,1,1,5,Porte De Champerret,48.885193,2.287302
202300035476,23,6,2023,2025-12-05 10:30:00,1,67,67482,2,1,1,5,Vosges (Avenue Des),48.59017,7.74938
202300035477,19,5,2023,2025-12-05 17:45:00,1,75,75112,2,1,1,2,Echangeur Bercy,48.828471,2.397418
202300035478,7,11,2023,2025-12-05 08:10:00,1,974,97416,1,1,1,3,Rn2 (2),-21.34008,55.49283
202300035479,7,11,2023,2025-12-05 08:00:00,1,974,97416,1,1,1,6,Rn1 (Route Nationale),-21.30284,55.42652
202300035480,19,5,2023,2025-12-05 02:10:00,5,75,75112,2,1,1,2,Echangeur Charenton,48.828768,2.398716
202300035481,22,6,2023,2025-12-05 17:45:00,1,66,66136,1,1,1,4,Adresse_Inconnue,42.69761,2.86399
202300035482,19,10,2023,2025-12-05 22:20:00,5,971,97101,2,1,1,7,De Marie Galante - Raizet (Rue),16.25459,-61.53092
202300035483,17,5,2023,2025-12-05 16:40:00,1,75,75117,2,1,1,4,Porte De Champerret,48.885193,2.287302
202300035484,8,9,2023,2025-12-05 14:00:00,1,971,97101,1,1,1,7,Beausoleil,16.28237,-61.47851
202300035485,24,6,2023,2025-12-05 03:00:00,5,64,64483,2,1,1,1,Hugo Victor (Boulevard),43.38901,-1.6581
202300035486,23,6,2023,2025-12-05 08:45:00,1,64,64335,1,1,1,2,D817,43.34269,-0.41209
202300035487,19,5,2023,2025-12-05 18:33:00,1,75,75120,2,2,1,6,Rue De Menilmontant,48.869209,2.391907
202300035488,8,11,2023,2025-12-05 16:15:00,1,2A,2A004,2,1,1,6,Avenue Du Docteur Noel Franchini,41.94276,8.75693
202300035489,8,11,2023,2025-12-05 08:20:00,1,88,88209,2,1,2,6,Thiers (Rue),48.19693,6.43383
202300035490,18,5,2023,2025-12-05 15:42:00,1,75,75107,2,3,1,2,Avenue Bosquet,48.859835,2.303019
202300035491,22,6,2023,2025-12-05 17:30:00,1,64,64132,2,6,1,2,Albert 1Er,43.2843,-0.34559
202300035492,7,11,2023,2025-12-05 16:54:00,1,87,87085,2,1,1,6,Joliot Curie (Rue Irene Et Frederic),45.83244,1.22371
202300035493,19,5,2023,2025-12-05 09:00:00,2,75,75120,2,1,1,3,Rue Des Pyrenees,48.862875,2.399867
202300035494,23,6,2023,2025-12-05 16:00:00,1,64,64102,2,1,1,6,Tillole (Rue De La),43.4879,-1.45656
202300035495,23,6,2023,2025-12-05 08:31:00,2,64,64024,2,1,1,6,Pont De L'Aveugle (Rue Du),43.49973,-1.49506
202300035496,19,5,2023,2025-12-05 18:53:00,1,75,75119,2,2,1,3,Rue De Crimee,48.87958,2.38951
202300035497,7,11,2023,2025-12-05 07:55:00,2,87,87050,1,2,1,5,Rn 147,45.90599,1.22416
202300035498,19,5,2023,2025-12-05 20:52:00,2,75,75118,2,2,1,3,Porte De La Chapelle,48.898697,2.359013
202300035499,22,6,2023,2025-12-05 18:20:00,1,64,64102,2,1,1,5,Soult (Avenue Marechal),43.48649353,-1.48821831
202300035500,19,5,2023,2025-12-05 12:00:00,1,75,75118,2,2,1,6,Rue Ordener,48.891185,2.351622
202300035501,8,11,2023,2025-12-05 11:20:00,1,78,78517,1,9,1,6,D 937,48.66545,1.838244
202300035502,19,5,2023,2025-12-05 17:10:00,1,75,75116,2,1,1,6,Avenue Marceau,48.870334,2.29787
202300035503,22,6,2023,2025-12-05 14:50:00,1,62,62842,1,1,1,1,Rue Du 8 Mai,50.456017,2.849706
202300035504,18,5,2023,2025-12-05 21:00:00,1,75,75116,2,3,1,6,Rue De Saigon,48.874125,2.291264
202300035505,8,11,2023,2025-12-05 18:20:00,5,77,77373,2,1,1,2,Av Du General De Gaulle,48.801951,2.612512
202300035506,23,6,2023,2025-12-05 12:35:00,1,61,61001,2,1,1,3,Rue Georges Leclanche,48.44946,0.08948
202300035507,8,11,2023,2025-12-05 12:50:00,1,77,77284,2,1,1,6,D603,48.95821,2.87259
202300035508,18,5,2023,2025-12-05 00:26:00,5,75,75116,2,5,1,6,Chaussee La Muette,48.858175,2.27261
202300035509,8,11,2023,2025-12-05 13:30:00,1,77,77018,2,1,8,6,Av Christian Doppler,48.84309,2.80208
202300035510,20,5,2023,2025-12-05 04:52:00,5,75,75114,2,4,1,3,Avenue Ernest Reyer,48.823536,2.319439
202300035511,8,11,2023,2025-12-05 07:50:00,1,76,76231,2,4,1,3,Rue Du General De Gaulle,49.285451,1.01174
202300035512,19,5,2023,2025-12-05 12:00:00,1,75,75114,2,3,1,3,Avenue Du General Leclerc,48.824688,2.325963
202300035513,7,11,2023,2025-12-05 14:06:00,1,76,76351,2,2,1,6,Paul Veronese,49.517021,0.116246
202300035514,18,5,2023,2025-12-05 00:25:00,5,75,75114,2,2,1,2,Rue Didot,48.829219,2.317295
202300035515,8,11,2023,2025-12-05 15:23:00,1,69,69266,2,1,1,6,167 Cours Tolstoi,45.75975,4.88931
202300035516,22,6,2023,2025-12-05 12:37:00,1,56,56162,1,1,1,6,Kergoat (Rue Francois),47.73117,-3.41764
202300035517,20,5,2023,2025-12-05 17:40:00,1,75,75113,2,2,1,6,Rue Cantagrel,48.827058,2.374241
202300035518,7,11,2023,2025-12-05 19:00:00,5,69,69259,2,1,1,4,Boulevard Ambroise Croizat,45.70530935,4.88761621
202300035519,19,5,2023,2025-12-05 13:00:00,1,75,75113,2,2,1,3,Boulevard Kellermann,48.819483,2.344611
202300035520,7,11,2023,2025-12-05 17:40:00,3,69,69290,2,1,1,4,Rue Du Lyonnais,45.70094,4.90034
202300035521,19,5,2023,2025-12-05 10:29:00,1,75,75113,2,2,1,3,Avenue De La Porte D Italie,48.818873,2.359556
202300035522,22,6,2023,2025-12-05 07:45:00,1,54,54395,2,3,1,6,Mon Desert (Rue),48.684495,6.178686
202300035523,7,11,2023,2025-12-05 11:15:00,1,67,67447,2,1,2,3,Bischwiller (Route De),48.60248,7.74584
202300035524,19,5,2023,2025-12-05 12:00:00,1,75,75110,2,1,1,2,Boulevard De La Chapelle,48.884257,2.358378
202300035525,8,11,2023,2025-12-05 08:10:00,1,64,64129,2,1,1,2,Bayonne De,43.30167,-0.39516
202300035526,23,6,2023,2025-12-05 16:55:00,1,51,51055,2,1,1,4,Tondeurs (Boulevard),49.27836,4.04588
202300035527,19,5,2023,2025-12-05 16:45:00,1,75,75109,2,1,1,3,Rue De La Chaussee D Antin,48.873527,2.33304
202300035528,7,11,2023,2025-12-05 18:25:00,5,64,64024,2,3,2,2,Biarritz (Avenue De),43.48014392,-1.52126044
202300035529,24,6,2023,2025-12-05 00:18:00,3,49,49267,1,1,1,2,Rd 347,47.47298,-0.49132
202300035530,19,5,2023,2025-12-05 14:50:00,1,75,75108,2,3,1,6,Place Saint Augustin,48.875661,2.319628
202300035531,8,11,2023,2025-12-05 11:10:00,1,63,63164,2,7,1,6,Docteur Pommerol (Pl),45.82477,3.14534
202300035532,23,6,2023,2025-12-05 08:30:00,1,49,49015,2,1,1,7,Adeziere Route,47.50342,-0.60203
202300035533,19,5,2023,2025-12-05 18:20:00,1,75,75104,2,3,1,6,Rue Des Jardins Saint Paul,48.85403,2.361123
202300035534,22,6,2023,2025-12-05 21:45:00,1,49,49007,2,3,1,2,Gain ( Louis),47.46855,-0.53868