num_acc,jour,mois,an,hrmn,lum,dep,com,agg,int,atm,col,adr,lat,long
202300035535,8,11,2023,2025-12-05 09:00:00,1,62,62193,2,2,2,2,Boulevard De L'Egalite,50.94579648,1.87417674
202300035536,19,5,2023,2025-12-05 15:05:00,1,75,75104,2,2,1,3,Rue Geoffroy L Asnier,48.854305,2.355933
202300035537,22,6,2023,2025-12-05 08:05:00,1,49,49007,2,3,1,3,Rue De Bel Air,47.46456,-0.55208
202300035538,8,11,2023,2025-12-05 11:10:00,1,59,59512,2,2,2,1,Fosse Aux Chenes (Avenue De La),50.69807929,3.17425489
202300035539,19,5,2023,2025-12-05 09:25:00,1,75,75103,2,2,1,3,Boulevard De Sebastopol,48.864442,2.351544
202300035540,23,6,2023,2025-12-05 18:50:00,1,47,47001,2,6,1,3,Midi (Avenue Du),44.18498,0.61693
202300035541,8,11,2023,2025-12-05 17:10:00,5,59,59350,2,1,2,6,Salengro Roger Rue,50.61529,3.05006
202300035542,20,5,2023,2025-12-05 00:50:00,5,94,94081,2,3,1,3,Quai Jules Guesde / Rue Berthie Albrecht,48.79978141,2.41355628
202300035543,23,6,2023,2025-12-05 12:35:00,1,45,45302,2,1,1,3,580 Rue Du Champ Rouge,47.95785,1.84762
202300035544,19,5,2023,2025-12-05 09:40:00,1,94,94074,2,1,1,6,Villa Des Polognes,48.74149,2.468554
202300035545,8,11,2023,2025-12-05 17:45:00,4,59,59350,2,2,2,3,Solferino Rue Ndeg208-Fin-161-Fin,50.62438,3.06778
202300035546,18,5,2023,2025-12-05 18:30:00,1,94,94042,2,1,1,6,Avenue Jean D'Estienne D'Orves,48.824674,2.470042
202300035547,23,6,2023,2025-12-05 08:50:00,1,44,44184,2,3,1,3,17 Boulevard Du Docteur Rene Laennec,47.26371,-2.2397
202300035548,8,11,2023,2025-12-05 08:40:00,1,59,59195,2,1,7,6,Haubourdin Rue D,50.6253,2.95961
202300035549,24,6,2023,2025-12-05 01:10:00,5,44,44162,2,1,1,3,Boulevard Salvador Allende,47.2207048,-1.6284012
202300035550,19,5,2023,2025-12-05 17:00:00,1,94,94076,2,3,1,3,Rue Du Bel Air,48.78604416,2.35747813
202300035551,8,11,2023,2025-12-05 07:25:00,2,59,59350,2,1,1,3,Canonniers Rue Des 1:17-26:44,50.64063,3.06887
202300035552,28,5,2023,2025-12-05 10:07:00,1,44,44109,2,2,1,3,14B Rue Gaston Veil,47.2093,-1.55551
202300035553,8,11,2023,2025-12-05 19:19:00,5,59,59131,2,8,3,1,Sept Planetes,51.00145,2.38323
202300035554,20,5,2023,2025-12-05 16:50:00,1,94,94028,2,1,1,3,Rue De La Basse Quinte,48.77491265,2.4424307
202300035555,7,11,2023,2025-12-05 16:00:00,1,59,59234,2,1,1,1,Barbusse (Rue Henri),50.401,3.053
202300035556,19,5,2023,2025-12-05 21:02:00,2,94,94028,2,1,1,2,Rue Du General Leclerc,48.78396,2.47183
202300035557,6,11,2023,2025-12-05 12:10:00,1,54,54395,2,1,1,6,Rue Du General Duroc,48.67187285,6.17427751
202300035558,22,6,2023,2025-12-05 17:50:00,1,43,43041,2,3,2,6,Rue De Corsac,45.0499,3.91678
202300035559,19,5,2023,2025-12-05 12:15:00,1,94,94077,2,6,1,6,17 Place Jeanne D'Arc,48.73288225,2.42467064
202300035560,8,11,2023,2025-12-05 19:00:00,5,54,54580,2,1,1,6,Place Jeanne D'Arc,49.46983,5.93059
202300035561,20,5,2023,2025-12-05 20:25:00,2,94,94058,2,1,1,6,Avenue Georges Clemenceau,48.84142,2.50453
202300035562,8,11,2023,2025-12-05 07:30:00,1,51,51454,2,1,1,3,Koenig (Rue Du General),49.22701,4.02541
202300035563,22,6,2023,2025-12-05 19:10:00,1,39,39300,2,1,3,6,1 Avenue Thurel,46.672877,5.552007
202300035564,19,5,2023,2025-12-05 18:15:00,1,94,94048,2,1,1,3,N19,48.72775,2.54967
202300035565,3,11,2023,2025-12-05 16:45:00,1,50,50129,1,1,8,4,Axe Nord Sud,49.61753,-1.58228
202300035566,20,5,2023,2025-12-05 10:45:00,1,93,93072,2,3,1,3,Rue Des Fleurs / Rue Jean Jaures,48.96383591,2.38052595
202300035567,9,4,2023,2025-12-05 16:40:00,1,72,72328,1,6,1,3,Route De Bonnetable,48.022381,0.230809
202300035568,23,6,2023,2025-12-05 22:30:00,5,38,38185,2,2,1,6,D269A,45.16632,5.72854
202300035569,8,11,2023,2025-12-05 08:20:00,1,49,49328,2,6,1,3,David D'Angers (Avenue),47.26932,-0.0714
202300035570,13,4,2023,2025-12-05 08:30:00,1,83,83056,1,4,1,3,D54,43.555492,6.517146
202300035571,20,5,2023,2025-12-05 09:30:00,1,93,93059,2,2,1,6,Boulevard Jean Mermoz / Boulevard Pasteur,48.96556,2.36311
202300035572,23,6,2023,2025-12-05 11:30:00,1,38,38151,2,6,1,3,Rond-Point Pierre Et Marie Curie,45.15981,5.7206
202300035573,19,5,2023,2025-12-05 21:14:00,2,93,93066,2,1,1,6,Rue Guy Moquet,48.94111225,2.36158389
202300035574,28,2,2023,2025-12-05 19:30:00,3,7,7172,2,1,2,1,Route Departementale D820,45.28052,4.72398
202300035575,7,11,2023,2025-12-05 16:10:00,1,49,49015,2,6,1,3,Piece Du Moulin Avenue De La,47.50752,-0.5963
202300035576,23,6,2023,2025-12-05 16:30:00,1,37,37261,2,1,1,7,Pascal (Rue Blaise),47.38918,0.69245
202300035577,20,5,2023,2025-12-05 14:36:00,1,93,93055,2,9,1,3,Avenue Jean Lolive,48.89466941,2.42113088
202300035578,10,4,2023,2025-12-05 18:56:00,5,987,98734,2,9,1,3,Pk 33.500 Rt1 Sens Papeete Taravao,-17.753837,-149.525283
202300035579,7,11,2023,2025-12-05 07:00:00,2,44,44184,2,1,1,6,87 Allee Des Jacinthes,47.26103,-2.25148
202300035580,23,6,2023,2025-12-05 21:10:00,1,35,35281,2,1,1,6,Jaures (Cours Jean),48.08401,-1.71226
202300035581,20,5,2023,2025-12-05 11:09:00,1,93,93055,2,9,1,3,Avenue Du General Leclerc,48.89512628,2.39974213
202300035582,11,4,2023,2025-12-05 21:50:00,5,1,1004,2,2,1,6,201 Rue Alexandre Berard,45.971219,5.352632
202300035583,23,6,2023,2025-12-05 12:10:00,1,35,35055,2,6,1,6,Verger (Rue Du),48.08239,-1.61173
202300035584,8,11,2023,2025-12-05 08:00:00,2,37,37233,2,6,1,2,Farges (Avenue Yves),47.38682,0.7452
202300035585,19,5,2023,2025-12-05 13:30:00,1,93,93055,2,1,1,6,Avenue Jean Lolive,48.89074245,2.40065083
202300035586,23,6,2023,2025-12-05 08:00:00,1,35,35051,2,6,1,2,Allies (Boulevard Des),48.1024,-1.61016
202300035587,8,4,2023,2025-12-05 15:05:00,1,13,13088,2,2,1,1,D568,43.367427,5.247817
202300035588,23,6,2023,2025-12-05 20:15:00,1,34,34301,1,1,1,2,Rd2,43.415088,3.702501
202300035589,18,5,2023,2025-12-05 03:05:00,3,93,93053,2,1,1,2,87 Rue Du Parc,48.89316,2.4443
202300035590,8,11,2023,2025-12-05 19:25:00,3,35,35238,1,1,2,3,Rocade 12-13,48.09499,-1.71078
202300035591,23,6,2023,2025-12-05 14:15:00,1,34,34129,2,1,1,3,Rm132,43.56049662,3.94190378
202300035592,19,5,2023,2025-12-05 18:35:00,1,93,93048,2,1,1,3,Boulevard De Chanzy,48.85857831,2.42996496
202300035593,13,4,2023,2025-12-05 13:50:00,1,77,77500,1,1,1,1,D225,48.215265,2.922259
202300035594,23,6,2023,2025-12-05 08:58:00,1,34,34129,2,3,1,3,62 Traverse Du Mas Rouge.,43.58574,3.91988
202300035595,18,5,2023,2025-12-05 18:50:00,1,93,93032,2,3,1,6,Rue Contant / Rue Gossec,48.8873,2.53343
202300035596,22,6,2023,2025-12-05 23:15:00,5,30,30189,2,3,1,3,Avenue Jean-Jaures,43.832,4.352
202300035597,20,5,2023,2025-12-05 02:00:00,5,93,93057,2,2,1,1,Rue Louis Auguste Blanqui / Avenue Anatole France,48.89576787,2.50012323
202300035598,8,11,2023,2025-12-05 12:10:00,1,35,35238,2,3,2,3,Rochester (Avenue De),48.12793,-1.65929
202300035599,12,4,2023,2025-12-05 13:00:00,1,34,34027,1,1,1,1,M120,43.72087,4.006577
202300035600,23,6,2023,2025-12-05 18:17:00,1,29,29019,2,1,1,2,Rue Du Point Du Jour,48.387624,-4.522775
202300035601,20,5,2023,2025-12-05 20:00:00,1,93,93053,2,1,1,6,Rue Denfert-Rochereau,48.89008457,2.46023101
202300035602,13,4,2023,2025-12-05 07:30:00,1,68,68089,2,1,2,6,9 Rue Des Ecoles,47.896298,6.983367
202300035603,22,6,2023,2025-12-05 08:15:00,1,29,29019,2,1,1,3,Rue Graham Bell,48.42567,-4.47267
202300035604,20,5,2023,2025-12-05 10:19:00,1,93,93007,2,3,1,2,Avenue Paul Vaillant Couturier / Rue De Londres,48.92918,2.47928
202300035605,7,11,2023,2025-12-05 17:45:00,5,35,35238,2,3,1,3,Malakoff,48.10673,-1.69312
202300035606,16,6,2023,2025-12-05 11:55:00,1,29,29019,2,3,1,3,Rue De Kervao,48.42308,-4.51075
202300035607,19,5,2023,2025-12-05 19:00:00,1,93,93005,2,2,1,2,Rue De La Division Leclerc / Rue Turgot,48.9277864,2.48325801
202300035608,12,4,2023,2025-12-05 08:05:00,1,54,54115,2,1,2,3,Rue De Nancy,48.73039347,6.16942942
202300035609,22,6,2023,2025-12-05 15:45:00,1,27,27229,2,1,1,2,Cites Unies (Boulevard Des),49.01391,1.14307
202300035610,22,10,2023,2025-12-05 00:40:00,3,34,34129,2,6,1,7,Mauguio (Route De),43.57716,3.93316
202300035611,19,5,2023,2025-12-05 12:20:00,1,93,93005,2,1,1,3,Rue Roger Salengro,48.92968282,2.4906025
202300035612,23,6,2023,2025-12-05 17:30:00,1,25,25056,2,1,1,1,Chemin Des Essarts,47.26926,6.01022
202300035613,19,5,2023,2025-12-05 16:20:00,1,93,93001,2,1,1,2,92 Rue De La Haie Coq,48.90526344,2.37259707
202300035614,16,6,2023,2025-12-05 20:29:00,1,22,22187,1,1,1,1,Chemin Des Madieres,48.55683,-2.7657
202300035615,19,5,2023,2025-12-05 18:05:00,1,92,92051,2,2,1,1,General Koenig (Boulevard Du),48.88013564,2.2508736
202300035616,23,6,2023,2025-12-05 13:40:00,1,18,18279,2,1,1,1,Chemin Blanc,47.20513,2.0597
202300035617,18,5,2023,2025-12-05 10:47:00,1,92,92051,2,1,1,2,"General Leclerc (Boulevard Du, Ndeg 1 A 27",48.89029,2.26076
202300035618,8,11,2023,2025-12-05 22:51:00,5,33,33063,2,1,8,1,Pont De Pierre,44.83853201,-0.56261212
202300035619,12,4,2023,2025-12-05 18:50:00,1,38,38388,1,1,3,1,D529,45.056179,5.715326
202300035620,23,6,2023,2025-12-05 06:00:00,2,17,17306,2,2,1,3,Rochefort (De)  (Avenue),45.644704,-1.024676
202300035621,19,5,2023,2025-12-05 20:53:00,1,92,92050,2,1,1,6,Picasso Pablo Avenue,48.88868,2.22206
202300035622,24,2,2023,2025-12-05 11:20:00,1,16,16023,2,1,1,7,54 Rue Des Ecoles,45.915765,0.244721
202300035623,8,11,2023,2025-12-05 18:45:00,5,33,33162,2,8,3,3,Avenue Jean Mermoz,44.85828,-0.66625
202300035624,23,6,2023,2025-12-05 08:07:00,1,13,13103,2,1,1,6,Avenue Chaban Delmas -Jacques-Rn 113,43.64045825,5.07342248
202300035625,20,5,2023,2025-12-05 21:10:00,1,92,92049,2,2,1,3,Ginoux Avenue Henri Autres Ndeg,48.81317,2.31964
202300035626,13,4,2023,2025-12-05 16:15:00,1,31,31135,1,1,2,5,53 Avenue De Toulouse,43.224215,1.084691
202300035627,1,3,2023,2025-12-05 19:15:00,5,40,40312,2,3,1,3,Boulevard De La Yayi,43.55127887,-1.45992228
202300035628,22,6,2023,2025-12-05 22:00:00,5,13,13205,2,1,1,3,Jean Moulin (Boulevard),43.29122,5.39997
202300035629,20,5,2023,2025-12-05 18:10:00,1,92,92020,2,9,1,6,Mairie Rue De La,48.800736,2.288102
202300035630,8,11,2023,2025-12-05 19:50:00,5,33,33063,2,2,2,3,Rue Georges Bonnac,44.83875137,-0.58921024
202300035631,13,6,2023,2025-12-05 11:00:00,1,12,12202,2,1,1,6,Paris (Avenue De),44.36057,2.58152
202300035632,13,1,2023,2025-12-05 20:10:00,3,13,13037,2,1,1,3,Avenue Du General De Gaulle,43.550407,5.22674
202300035633,13,4,2023,2025-12-05 18:30:00,1,50,50041,2,2,1,6,Route Du Saussey,49.612441,-1.703128
202300035634,19,5,2023,2025-12-05 12:30:00,1,92,92040,2,1,1,2,Gallieni (Boulevard),48.82818,2.2675
202300035635,8,11,2023,2025-12-05 18:36:00,5,33,33281,2,6,2,6,Avenue De L'Yser,44.84131,-0.65072
202300035636,20,6,2023,2025-12-05 18:35:00,1,11,11262,2,1,1,3,4 Avenue De Toulouse,43.18236,2.99716
202300035637,9,2,2023,2025-12-05 13:25:00,1,69,69244,2,1,1,3,120 Avenue Charles De Gaulle,45.759507,4.774943
202300035638,19,5,2023,2025-12-05 10:37:00,1,92,92025,2,1,1,6,Charles De Gaulle (Bd),48.9146,2.22866
202300035639,19,3,2023,2025-12-05 15:00:00,1,22,22040,1,1,1,1,D8,48.513319,-3.185461
202300035640,8,11,2023,2025-12-05 22:00:00,5,31,31555,2,1,1,6,Rte D Agde,43.6268,1.4771
202300035641,2,3,2023,2025-12-05 11:00:00,1,31,31161,1,9,1,6,"Autorute A61, Sens Toulouse - Narbonne, Point Kilometrique 248+000",43.484524,1.548965
202300035642,19,5,2023,2025-12-05 11:45:00,1,92,92019,2,1,1,6,De Vinci Leonard (Avenue),48.76588,2.25064
202300035643,22,6,2023,2025-12-05 21:40:00,1,10,10333,2,3,1,3,Tilleuls (Avenue),48.28404,4.06131
202300035644,7,11,2023,2025-12-05 18:35:00,1,29,29019,2,3,1,6,Avenue De Provence,48.407297,-4.516989
202300035645,22,6,2023,2025-12-05 15:05:00,1,10,10387,2,2,8,3,Emile Zola (Rue),48.29514,4.07168
202300035646,20,5,2023,2025-12-05 03:03:00,5,92,92012,2,1,1,2,General Leclerc (Avenue Du) 35/Fin - 60/,48.83242546,2.23942727
202300035647,8,4,2023,2025-12-05 17:10:00,1,13,13213,1,1,1,2,A507 Sens Marseille - Aubagne,43.32133,5.4226
202300035648,22,6,2023,2025-12-05 16:00:00,1,6,6027,2,1,8,3,Cannes Avenue De (Rn7),43.65171,7.14233
202300035649,21,5,2023,2025-12-05 08:30:00,1,62,62169,1,1,1,1,Rue Du 8E De Ligne,50.73016,2.021838
202300035650,8,11,2023,2025-12-05 07:51:00,5,28,28085,2,1,2,3,Bethouard (Avenue),48.4512,1.4936
202300035651,2,3,2023,2025-12-05 05:25:00,3,78,78089,1,1,1,5,"Autoroute A13, Pk 056+950",49.019726,1.577688
202300035652,20,6,2023,2025-12-05 11:35:00,1,4,4070,2,1,1,2,Alpilles (Ch. Des),44.08382,6.2054
202300035653,1,3,2023,2025-12-05 07:59:00,1,2A,2A247,1,1,1,3,D859,41.566591,9.253793
202300035654,8,11,2023,2025-12-05 12:15:00,1,27,27229,1,1,1,3,Fauville (Rue De),49.028005,1.181795
202300035655,12,4,2023,2025-12-05 17:39:00,1,33,33249,1,1,1,4,Route Nationale 230,44.87231,-0.50595
202300035656,16,6,2023,2025-12-05 22:00:00,5,2,2722,2,6,1,3,1 Avenue Du General De Gaulle,49.37605,3.32976
202300035657,19,5,2023,2025-12-05 12:00:00,1,22,22209,2,1,1,1,D786,48.58687,-2.143782
202300035658,22,6,2023,2025-12-05 22:45:00,5,75,75117,2,1,1,7,Porte De Saint Ouen,48.900488,2.322065
202300035659,20,5,2023,2025-12-05 11:34:00,1,6,6044,2,1,1,6,233 Chemin Du Puits De L?Eveque,43.684512,7.104887
202300035660,21,1,2023,2025-12-05 13:09:00,1,22,22213,1,1,1,1,Coutance,48.507862,-2.019687
202300035661,11,4,2023,2025-12-05 16:25:00,1,59,59508,1,1,1,2,Autoroute A22,50.74366326,3.13900568
202300035662,8,11,2023,2025-12-05 19:30:00,5,25,25056,2,6,1,3,Adresse_Inconnue,47.259831,6.008732
202300035663,19,5,2023,2025-12-05 23:40:00,3,57,57493,1,1,1,7,D38,48.806355,6.676426
202300035664,22,6,2023,2025-12-05 01:20:00,5,75,75117,2,1,1,3,Porte Maillot,48.882612,2.283497
202300035665,12,4,2023,2025-12-05 21:00:00,3,91,91687,1,1,2,7,Autoroute A6,48.66198,2.36964
202300035666,7,11,2023,2025-12-05 18:15:00,5,22,22278,2,1,1,6,Chrisostome (Mireille),48.5129,-2.7616
202300035667,19,5,2023,2025-12-05 13:00:00,1,68,68295,2,1,1,2,90A Route De Bale,48.001402,7.381477
202300035668,20,6,2023,2025-12-05 12:08:00,1,75,75118,2,1,1,3,Porte De Saint Ouen,48.900646,2.331722
202300035669,12,4,2023,2025-12-05 12:55:00,1,91,91161,1,1,1,2,Autoroute A126,48.70729,2.30669
202300035670,19,5,2023,2025-12-05 16:50:00,1,46,46172,1,1,1,7,L'Estang,44.352394,1.404748
202300035671,4,11,2023,2025-12-05 06:45:00,5,19,19031,2,1,3,6,Turgot (Avenue),45.16607,1.52642
202300035672,23,6,2023,2025-12-05 11:40:00,1,75,75119,2,7,1,2,Place Auguste Baron,48.900891,2.388337
202300035673,12,4,2023,2025-12-05 05:27:00,3,91,91064,1,1,3,7,Rd 444,48.74893,2.21903
202300035674,1,3,2023,2025-12-05 07:30:00,1,69,69276,1,1,1,5,Boulevard Urbain Sud,45.68218519,4.85108403
202300035675,8,11,2023,2025-12-05 13:20:00,1,17,17415,2,1,1,2,Leclerc Cours Du Marechal,45.749288,-0.645402
202300035676,19,5,2023,2025-12-05 21:35:00,2,59,59266,1,1,1,7,Rue De La Barre,50.556497,2.973454
202300035677,23,6,2023,2025-12-05 17:57:00,1,75,75118,2,9,1,6,Rue Custine,48.887413,2.349562
202300035678,1,3,2023,2025-12-05 20:15:00,5,92,92050,1,1,1,4,A86,48.90807693,2.21348528
202300035679,22,6,2023,2025-12-05 03:00:00,5,75,75118,2,1,1,6,Boulevard De La Chapelle,48.884137,2.353487
202300035680,21,5,2023,2025-12-05 11:31:00,1,65,65272,1,1,1,6,D817,43.196862,0.192701
202300035681,11,4,2023,2025-12-05 22:50:00,3,92,92002,1,1,3,5,Autoroute A86,48.76284698,2.30411982
202300035682,8,11,2023,2025-12-05 00:30:00,3,14,14327,1,1,8,2,N814,49.20049,-0.34725
202300035683,20,5,2023,2025-12-05 16:30:00,1,71,71004,1,3,1,3,D673,46.799178,4.9335
202300035684,23,6,2023,2025-12-05 00:55:00,5,75,75117,2,7,1,3,Boulevard Pereire,48.884601,2.296837
202300035685,28,2,2023,2025-12-05 17:00:00,1,95,95018,1,1,1,4,A15,48.9496723,2.2802208
202300035686,8,11,2023,2025-12-05 11:00:00,1,13,13203,2,8,1,6,Paris (Boulevard De),43.31216,5.36884
202300035687,12,4,2023,2025-12-05 08:40:00,2,92,92062,1,1,2,5,Rn1014 W,48.89249355,2.23689035
202300035688,19,5,2023,2025-12-05 20:45:00,1,62,62147,1,2,1,3,D919,50.21893993,2.76034309
202300035689,5,11,2023,2025-12-05 18:00:00,2,13,13208,2,1,1,1,Prado (Avenue Du),43.27888,5.38773
202300035690,23,6,2023,2025-12-05 16:30:00,1,75,75116,2,2,1,3,Route Des Moulins,48.865087,2.234526
202300035691,11,4,2023,2025-12-05 16:51:00,1,92,92036,1,1,2,3,A86,48.93576409,2.28722247
202300035692,28,2,2023,2025-12-05 18:40:00,1,93,93053,1,1,1,3,Autoroute A86,48.90132,2.46915
202300035693,19,5,2023,2025-12-05 16:20:00,1,34,34095,1,1,1,2,M613 Pr 39+605,43.537925,3.760178
202300035694,28,2,2023,2025-12-05 14:35:00,1,95,95018,1,1,1,6,A15,48.95201228,2.27957378
202300035695,23,6,2023,2025-12-05 15:45:00,1,75,75116,2,1,1,2,Avenue De New York,48.862421,2.293694
202300035696,20,5,2023,2025-12-05 12:20:00,1,62,62297,1,1,1,7,D 219,50.823207,2.140875
202300035697,11,4,2023,2025-12-05 09:25:00,1,78,78423,1,1,1,1,Rn12 Ext,48.797254,2.017559
202300035698,8,11,2023,2025-12-05 13:30:00,1,13,13005,2,3,1,6,Verdun (Avenue De),43.28777,5.57885
202300035699,20,5,2023,2025-12-05 16:50:00,1,19,19273,1,1,8,6,Lagardelle,45.093145,1.590931
202300035700,22,6,2023,2025-12-05 04:04:00,5,75,75116,2,7,1,3,Place De Colombie,48.86316083,2.26858556
202300035701,11,4,2023,2025-12-05 18:40:00,2,93,93010,1,1,2,2,Autoroute A3,48.90807879,2.47333735
202300035702,28,2,2023,2025-12-05 08:40:00,1,95,95527,1,1,1,3,A1,48.99359806,2.51450136
202300035703,20,5,2023,2025-12-05 11:25:00,1,77,77509,1,1,1,6,Rd 213,48.497594,2.994992
202300035704,8,11,2023,2025-12-05 18:30:00,5,6,6012,2,1,1,3,Prince Rainier Iii (Avenue),43.751655,7.430877
202300035705,23,6,2023,2025-12-05 12:39:00,1,75,75105,2,3,1,3,Rue Claude Bernard,48.841334,2.343671
202300035706,13,5,2023,2025-12-05 13:45:00,1,76,76245,1,4,1,1,D47,49.549582,1.03986
202300035707,12,4,2023,2025-12-05 05:50:00,3,94,94017,1,1,3,6,A4,48.82651871,2.52107045
202300035708,1,3,2023,2025-12-05 11:55:00,1,75,75112,1,1,1,4,A4,48.825291,2.463879
202300035709,8,11,2023,2025-12-05 18:05:00,5,6,6069,2,1,1,3,De Lattre De Tassigny (Avenue Du Marecha,43.65,6.923
202300035710,19,5,2023,2025-12-05 18:45:00,1,79,79118,1,1,1,7,Adresse_Inconnue,46.69377,-0.370767
202300035711,21,6,2023,2025-12-05 13:09:00,1,75,75114,2,2,1,3,Place Du Vingt Cinq Aout 1944,48.823026,2.325575
202300035712,19,5,2023,2025-12-05 18:20:00,1,2B,2B096,2,1,1,6,Rond Point De La Gare,42.303626,9.158049
202300035713,1,3,2023,2025-12-05 08:35:00,1,77,77258,1,1,1,3,A4.W,48.83059272,2.63216178
202300035714,8,11,2023,2025-12-05 13:10:00,1,6,6030,2,1,1,2,Sadi Carnot (Boulevard),43.5712138,7.0160825
202300035715,10,4,2023,2025-12-05 22:18:00,5,94,94073,1,1,3,6,A86,48.76785011,2.37867726
202300035716,14,6,2023,2025-12-05 14:20:00,1,75,75114,2,2,1,2,Avenue Du Colonel Henri Rol Tanguy,48.833722,2.331864
202300035717,27,2,2023,2025-12-05 07:00:00,1,976,97611,2,1,1,6,Kaweni-Geole ( Rue De La ),-12.76732,45.22458
202300035718,19,5,2023,2025-12-05 13:30:00,1,80,80368,2,2,1,3,Rue Lucien Desenclos,50.077882,1.542504
202300035719,7,11,2023,2025-12-05 18:30:00,5,75,75120,2,1,1,2,Porte De Bagnolet,48.865153,2.413215
202300035720,11,4,2023,2025-12-05 13:40:00,1,69,69383,2,2,1,3,Rue Bonnand,45.75413,4.88565
202300035721,22,6,2023,2025-12-05 17:10:00,1,75,75105,2,3,1,3,Rue Monge,48.839952,2.351406
202300035722,6,11,2023,2025-12-05 14:10:00,1,75,75114,2,1,1,3,Porte De Gentilly,48.816639,2.341668
202300035723,20,5,2023,2025-12-05 11:15:00,1,33,33261,1,1,1,6,Lieu Dit Lessert,44.949336,-0.08902
202300035724,27,2,2023,2025-12-05 08:50:00,1,974,97416,2,3,1,3,Leblond 1 (Rue Marius Et Ary),-21.33842656,55.47720999
202300035725,23,6,2023,2025-12-05 18:45:00,1,75,75110,2,1,1,7,Rue Du Faubourg Saint Martin,48.870698,2.356473
202300035726,11,4,2023,2025-12-05 05:50:00,5,60,60057,2,1,9,6,Rue De Navarre,49.43666,2.09442
202300035727,19,5,2023,2025-12-05 20:15:00,2,69,69063,2,1,2,2,Quai D'Illhaeusern,45.81601,4.849632
202300035728,27,2,2023,2025-12-05 08:50:00,1,974,97411,2,9,1,3,Bois De Nefles (Rue Du),-20.88919,55.46231
202300035729,23,6,2023,2025-12-05 16:18:00,1,75,75108,2,1,1,1,Boulevard De Courcelles,48.881047,2.314215
202300035730,11,4,2023,2025-12-05 16:00:00,1,34,34129,2,1,1,6,71 Avenue De Boirargues,43.57164,3.90609
202300035731,21,5,2023,2025-12-05 14:45:00,1,71,71158,2,1,1,6,Route De Bourg En Bresse Rd 975,46.56242,5.002416
202300035732,6,11,2023,2025-12-05 06:15:00,3,75,75117,2,1,1,5,Porte De Clichy,48.898986,2.317292
202300035733,23,6,2023,2025-12-05 12:20:00,1,75,75108,2,1,1,3,Rue De Rome,48.876112,2.323656
202300035734,19,5,2023,2025-12-05 21:45:00,4,71,71428,1,1,1,6,Route De L'Etang De Cadolon,46.1723369,4.31005508
202300035735,27,2,2023,2025-12-05 07:00:00,1,974,97411,2,3,1,1,Notre Dame De La Trinite (Boulevard),-20.8925,55.4626
202300035736,10,4,2023,2025-12-05 22:49:00,5,78,78358,2,1,2,6,General De Gaulle (Avenue Du ),48.944014,2.13642
202300035737,8,11,2023,2025-12-05 22:20:00,5,75,75106,2,7,2,2,Boulevard Saint Germain,48.8535583,2.334211
202300035738,19,5,2023,2025-12-05 15:45:00,1,89,89480,1,1,1,3,Route De Misy,48.355631,3.115999
202300035739,23,6,2023,2025-12-05 16:00:00,1,75,75107,2,3,1,6,Avenue De La Motte Picquet,48.854483,2.305797
202300035740,11,4,2023,2025-12-05 08:10:00,1,974,97416,1,1,8,7,Petit Frere(Chemin),-21.27691,55.49069
202300035741,26,2,2023,2025-12-05 18:30:00,5,974,97411,2,1,1,6,Reydellet (Route Jules),-20.929,55.494
202300035742,23,6,2023,2025-12-05 16:10:00,1,75,75101,2,2,1,6,Rue De Richelieu,48.866644,2.337369
202300035743,8,11,2023,2025-12-05 07:23:00,2,75,75106,2,3,1,3,Quai De Conti,48.85715,2.33863
202300035744,19,5,2023,2025-12-05 14:00:00,1,63,63397,1,1,1,6,D922,45.59293,2.675858
202300035745,11,4,2023,2025-12-05 15:30:00,1,974,97411,1,1,1,1,Montagne (Route De La),-20.88626,55.43987
202300035746,27,2,2023,2025-12-05 17:50:00,1,69,69388,2,8,1,3,28 Avenue Rockefeller,45.74122,4.88506
202300035747,21,6,2023,2025-12-05 19:50:00,1,75,75102,2,2,1,6,Boulevard De Sebastopol,48.863404,2.35095
202300035748,11,4,2023,2025-12-05 07:00:00,1,974,97411,2,9,1,6,Rambaud (Leopold),-20.88537,55.46996
202300035749,20,5,2023,2025-12-05 16:20:00,1,63,63371,1,1,1,1,D205,45.47151392,3.77914667
202300035750,8,11,2023,2025-12-05 00:50:00,5,75,75119,2,3,1,6,Rue De Meaux,48.878982,2.371316
202300035751,19,5,2023,2025-12-05 14:40:00,1,12,12119,1,1,1,6,D15,44.679952,2.882897
202300035752,27,2,2023,2025-12-05 06:35:00,1,972,97213,1,1,1,6,Route Departementale 3,14.59799,-61.0038
202300035753,11,4,2023,2025-12-05 15:25:00,1,974,97409,2,1,1,6,Patelin (Chemin),-20.97397,55.68796
202300035754,15,6,2023,2025-12-05 18:25:00,1,94,94068,2,1,1,1,Rue Saint-Hilaire,48.79004146,2.51212089
202300035755,8,11,2023,2025-12-05 10:19:00,1,75,75113,2,3,1,3,Boulevard Massena,48.819473,2.363779
202300035756,19,5,2023,2025-12-05 15:30:00,1,41,41083,2,1,1,3,249 Rue Napoleon Iii,47.543,1.852
202300035757,26,2,2023,2025-12-05 20:20:00,3,972,97209,1,1,1,1,Departementale 13 (Route ),14.63013,-61.03874
202300035758,15,6,2023,2025-12-05 14:10:00,1,94,94068,2,1,7,2,Rue Coquelin,48.80212,2.48009