num_acc,jour,mois,an,hrmn,lum,dep,com,agg,int,atm,col,adr,lat,long
202300035759,11,4,2023,2025-12-05 16:45:00,1,974,97407,2,9,8,3,Route Nationale Ndeg 1,-20.95948927,55.30790091
202300035760,20,5,2023,2025-12-05 21:10:00,1,41,41043,1,2,1,3,D976,47.282821,1.491997
202300035761,8,11,2023,2025-12-05 20:00:00,5,75,75112,2,2,2,2,Pont D Austerlitz,48.845398,2.366878
202300035762,23,6,2023,2025-12-05 16:15:00,1,94,94076,2,9,1,3,Avenue De Paris,48.80104,2.36515
202300035763,20,5,2023,2025-12-05 16:30:00,1,68,68150,2,3,1,7,Rue Des 3 Chateaux,48.035895,7.280293
202300035764,27,2,2023,2025-12-05 17:21:00,1,69,69034,2,2,1,6,20 Rue Lavoisier,45.79514,4.84748
202300035765,11,4,2023,2025-12-05 12:55:00,1,69,69382,2,3,1,3,Quai Jean Moulin,45.76506,4.83812
202300035766,23,6,2023,2025-12-05 20:55:00,1,94,94041,2,1,1,6,Rue Baudin,48.81653,2.37451
202300035767,21,5,2023,2025-12-05 06:30:00,2,25,25018,1,1,1,6,Rd 31 Pk 36+ 400,47.364936,6.581422
202300035768,8,11,2023,2025-12-05 19:00:00,5,75,75112,2,3,2,3,Boulevard Diderot,48.831754,2.397785
202300035769,23,6,2023,2025-12-05 18:50:00,1,94,94041,2,1,1,3,Avenue Jean Jaures,48.81134,2.40317
202300035770,11,4,2023,2025-12-05 18:45:00,5,971,97101,2,1,1,3,Chauvel,16.23914,-61.52343
202300035771,27,2,2023,2025-12-05 12:30:00,1,69,69034,2,9,1,3,Rue Gallieni,45.79953,4.86476
202300035772,19,5,2023,2025-12-05 18:12:00,1,25,25177,2,4,1,1,17 Route De Chazot,47.352995,6.527622
202300035773,8,11,2023,2025-12-05 19:30:00,5,75,75112,2,2,2,1,Boulevard Poniatowski,48.831754,2.397785
202300035774,23,6,2023,2025-12-05 15:45:00,1,94,94021,2,6,1,3,Boulevard Jean Mermoz,48.77277284,2.33945797
202300035775,11,4,2023,2025-12-05 16:30:00,1,95,95277,2,1,1,2,Pierre Salvi (Avenue),48.99139536,2.43841231
202300035776,20,5,2023,2025-12-05 16:45:00,1,25,25434,2,1,1,1,Rd492,47.100381,6.152934
202300035777,23,6,2023,2025-12-05 07:20:00,1,94,94028,2,1,1,6,Avenue Du General De Gaulle,48.7953,2.4474
202300035778,8,11,2023,2025-12-05 12:15:00,1,75,75109,2,7,1,6,Place De L Opera,48.870683,2.33231
202300035779,20,5,2023,2025-12-05 21:30:00,2,35,35116,2,1,1,7,13 Rue Du Trochet,48.596667,-1.846261
202300035780,11,4,2023,2025-12-05 20:00:00,1,95,95197,2,1,2,3,D928,48.962808,2.323201
202300035781,8,11,2023,2025-12-05 11:40:00,1,75,75109,2,2,8,6,Rue Du Havre,48.875523,2.326634
202300035782,23,6,2023,2025-12-05 04:21:00,5,94,94011,2,9,1,1,Paris(Avenue De),48.77754,2.47843
202300035783,24,2,2023,2025-12-05 16:22:00,1,87,87085,2,1,1,6,Gagnant (Avenue Jean),45.83399,1.2735
202300035784,20,5,2023,2025-12-05 01:45:00,3,29,29272,1,2,1,3,Lieu Dit Menez Tropic,47.958649,-3.944221
202300035785,11,4,2023,2025-12-05 19:30:00,1,95,95598,2,1,2,3,Dures-Terres (Rue Des),48.9903,2.29634
202300035786,23,6,2023,2025-12-05 21:40:00,1,94,94022,2,1,1,3,Boulevard De Stalingrad,48.77035792,2.40171379
202300035787,8,11,2023,2025-12-05 18:15:00,5,75,75108,2,3,8,7,Rue Pasquier,48.873055,2.323581
202300035788,20,5,2023,2025-12-05 03:50:00,3,29,29212,1,6,1,6,D789,48.36405818,-4.59094773
202300035789,27,2,2023,2025-12-05 09:30:00,1,86,86214,1,1,1,2,D162,46.556637,0.338007
202300035790,8,11,2023,2025-12-05 07:25:00,5,75,75104,2,1,1,6,Rue De Rivoli,48.856401,2.356131
202300035791,19,5,2023,2025-12-05 22:28:00,3,2,2203,1,1,1,6,D310,49.17758,3.440925
202300035792,23,6,2023,2025-12-05 00:45:00,3,94,94070,2,1,1,4,Route De Paris,48.71991,2.5662
202300035793,8,11,2023,2025-12-05 12:54:00,1,94,94078,2,1,8,6,3 Rue Thimonnier,48.75098531,2.44640339
202300035794,23,6,2023,2025-12-05 09:20:00,1,93,93073,1,1,1,2,Route De La Croix Au Platre,48.98567,2.52141
202300035795,10,4,2023,2025-12-05 22:20:00,5,91,91667,2,1,3,3,Corbeil (Route),48.65543,2.33852
202300035796,19,5,2023,2025-12-05 15:15:00,1,2,2290,1,1,1,4,Adresse_Inconnue,49.047573,3.355261
202300035797,8,11,2023,2025-12-05 10:00:00,1,94,94044,2,1,1,6,Rue Marius Dantz,48.74947776,2.48112188
202300035798,23,6,2023,2025-12-05 10:45:00,1,93,93066,2,1,1,2,Route De La Courneuve,48.93349,2.37098
202300035799,11,4,2023,2025-12-05 10:40:00,1,88,88087,2,1,1,6,Forges (Rue Des),48.17612,6.41242
202300035800,8,11,2023,2025-12-05 07:00:00,3,94,94078,2,1,1,6,Avenue Winston Churchill,48.75406917,2.44862455
202300035801,19,5,2023,2025-12-05 15:20:00,1,84,84102,1,9,2,3,Departementale 4,43.913507,5.315108
202300035802,23,6,2023,2025-12-05 11:30:00,1,93,93055,2,2,1,1,Avenue Jean Lolive,48.89254401,2.40986114
202300035803,7,4,2023,2025-12-05 16:08:00,1,87,87085,2,1,1,2,Santos Dumont (Rue),45.80808,1.27534
202300035804,19,5,2023,2025-12-05 16:45:00,1,15,15090,1,2,1,6,D920,44.774802,2.459205
202300035805,23,6,2023,2025-12-05 17:30:00,1,93,93051,2,2,1,3,Rue De La Foret / Rue Camille Flammarion,48.8378,2.56838
202300035806,7,11,2023,2025-12-05 16:40:00,1,94,94076,2,9,1,3,Boulevard Maxime Gorki,48.79276421,2.3693663
202300035807,27,2,2023,2025-12-05 12:45:00,1,76,76165,2,2,1,3,Rue De La Republique,49.28362,1.01741
202300035808,6,4,2023,2025-12-05 21:08:00,5,87,87085,2,1,1,6,Sainte Anne (Rue De),45.81924,1.26981
202300035809,20,5,2023,2025-12-05 22:15:00,3,1,1016,1,4,1,6,D126,46.480413,4.944164
202300035810,23,6,2023,2025-12-05 19:00:00,1,93,93046,2,1,1,3,Boulevard Jean Jaures,48.91785,2.52896
202300035811,27,2,2023,2025-12-05 08:55:00,1,76,76540,2,3,1,6,Rue Du Contrat Social,49.44576337,1.07927656
202300035812,21,5,2023,2025-12-05 08:50:00,1,70,70451,2,1,1,1,33 Avenue De La Republique,47.697473,6.619169
202300035813,23,6,2023,2025-12-05 16:30:00,1,93,93045,2,2,1,4,Boulevard Eugene Decros / Rue De Bellevue,48.88339,2.4164
202300035814,11,4,2023,2025-12-05 15:10:00,1,86,86194,2,2,1,3,Rue Claude Berthollet,46.605154,0.327701
202300035815,8,11,2023,2025-12-05 10:45:00,1,94,94077,2,9,8,5,Cours De Verdun,48.73288994,2.40599151
202300035816,27,2,2023,2025-12-05 08:35:00,1,76,76351,1,1,1,6,Seizieme Port (Avenue Du),49.48707,0.18071
202300035817,23,6,2023,2025-12-05 09:00:00,1,93,93032,2,1,7,6,Rue Du Chemin De Fer,48.87669755,2.55195558
202300035818,21,5,2023,2025-12-05 12:40:00,1,58,58149,1,1,1,3,Route D'Autun,46.800585,3.984143
202300035819,8,11,2023,2025-12-05 18:10:00,5,94,94018,2,3,2,6,Rue Pasteur,48.82331,2.40658
202300035820,6,4,2023,2025-12-05 10:50:00,1,83,83061,2,6,1,3,Boulevard Severin Decuers,43.4307,6.7365
202300035821,25,2,2023,2025-12-05 14:40:00,1,76,76351,2,1,2,6,Republique (Cours De La),49.49672,0.12732
202300035822,23,6,2023,2025-12-05 11:45:00,1,93,93014,2,3,1,3,Allee Maurice Audin / Allee Frederic Ladrette,48.90856087,2.54341757
202300035823,21,5,2023,2025-12-05 00:00:00,5,6,6032,2,1,2,4,Route Moyenne Corniche,43.724569,7.401774
202300035824,8,11,2023,2025-12-05 10:10:00,1,94,94069,2,1,8,2,Avenue De Gravelle,48.82403179,2.42070136
202300035825,5,4,2023,2025-12-05 15:00:00,1,80,80021,2,3,1,3,Jean Marc Laurent (Rue),49.87086,2.31089
202300035826,23,6,2023,2025-12-05 17:13:00,1,92,92073,2,1,7,2,Loucheur (Boulevard Louis),48.860419,2.213246
202300035827,26,2,2023,2025-12-05 06:55:00,5,72,72181,2,2,1,6,Ligneul Paul (Rue) Ndeg Pairs,47.99993,0.19234
202300035828,19,5,2023,2025-12-05 16:15:00,1,14,14528,2,3,1,2,3 Impasse De La Gare,49.341919,0.317944
202300035829,22,6,2023,2025-12-05 21:30:00,2,92,92072,2,1,1,6,Europe (Avenue De L'),48.82312,2.20957
202300035830,7,11,2023,2025-12-05 17:00:00,2,94,94002,2,2,1,6,Rue Emile Zola,48.799894,2.426933
202300035831,26,2,2023,2025-12-05 15:40:00,1,71,71540,2,1,1,6,29 Rue Des Buissons,46.778491,4.43996
202300035832,20,5,2023,2025-12-05 20:25:00,1,50,50087,1,1,1,6,Route Des Forges,49.550572,-1.581881
202300035833,20,6,2023,2025-12-05 22:00:00,5,92,92022,2,1,1,6,Pave Des Gardes (Route Du),48.80870951,2.19723478
202300035834,11,4,2023,2025-12-05 14:00:00,1,77,77058,2,3,8,3,Vc,48.843,2.739
202300035835,8,11,2023,2025-12-05 16:10:00,1,93,93066,2,6,1,3,Boulevard De La Liberation / Rue Du Port,48.93567,2.34291
202300035836,9,4,2023,2025-12-05 00:35:00,5,76,76351,2,1,1,6,Ormeaux (Des),49.50023,0.11797
202300035837,23,6,2023,2025-12-05 17:25:00,1,92,92064,2,3,1,3,Mont Valerien,48.852481,2.216254
202300035838,20,5,2023,2025-12-05 12:40:00,1,50,50433,1,3,1,3,Route Du Cap,49.62717,-1.260338
202300035839,27,2,2023,2025-12-05 13:30:00,1,69,69290,2,2,1,3,52 Rue Gambetta,45.70032,4.93788
202300035840,23,6,2023,2025-12-05 13:00:00,1,92,92063,2,1,1,3,Bonaparte (Avenue Napoleon) Sud,48.87592,2.16998
202300035841,8,11,2023,2025-12-05 00:45:00,5,93,93066,2,6,1,3,Rue Francis De Pressense / Chemin De Crevecoeur,48.925901,2.376961
202300035842,19,5,2023,2025-12-05 13:20:00,1,50,50410,1,3,1,6,Rue De Damaigne - Curey,48.557754,-1.469775
202300035843,8,4,2023,2025-12-05 14:40:00,1,76,76341,1,1,1,2,Rd 6015,49.51672,0.20588
202300035844,26,2,2023,2025-12-05 18:40:00,5,67,67482,2,1,1,5,Altenheim (Route D ),48.54052,7.76789
202300035845,23,6,2023,2025-12-05 19:13:00,1,92,92020,2,1,1,6,Mafrand Rue Leonard,48.808257,2.293199
202300035846,8,11,2023,2025-12-05 08:45:00,1,93,93062,2,1,1,1,Place Des Fetes,48.90192442,2.52146277
202300035847,25,2,2023,2025-12-05 19:57:00,1,66,66136,2,1,2,6,Languedoc (Avenue Du Cd 88),42.7394,2.89151
202300035848,20,5,2023,2025-12-05 01:05:00,5,60,60104,2,4,1,6,D1001,49.629567,2.293879
202300035849,22,6,2023,2025-12-05 17:40:00,1,92,92036,2,6,1,3,Marcel Paul (Avenue) (2/50),48.936788,2.304033
202300035850,8,11,2023,2025-12-05 15:40:00,1,93,93050,2,1,1,6,Rue Louis Vannini,48.86582,2.52287
202300035851,10,4,2023,2025-12-05 17:00:00,1,71,71270,1,1,1,1,Morachin (Route De),46.37234,4.82659
202300035852,24,2,2023,2025-12-05 22:35:00,5,66,66136,2,2,1,3,Adresse_Inconnue,42.69885,2.87772
202300035853,13,5,2023,2025-12-05 14:35:00,1,45,45279,2,1,1,5,D943 Pr 7 + 809,47.958828,2.802281
202300035854,23,6,2023,2025-12-05 09:00:00,1,92,92023,2,3,1,3,General De Gaulle (Avenue Du),48.78285097,2.24506885
202300035855,8,11,2023,2025-12-05 17:40:00,5,93,93010,2,1,2,2,Avenue Gallieni,48.905,2.47597
202300035856,20,5,2023,2025-12-05 17:30:00,1,45,45099,1,1,1,6,D836 Pr 5 + 999,48.005264,1.766642
202300035857,11,4,2023,2025-12-05 17:30:00,1,69,69290,2,1,1,6,Rue Jules Ferry,45.69461511,4.94695678
202300035858,23,6,2023,2025-12-05 13:55:00,1,92,92012,2,1,1,6,Cours De L'Ile Seguin,48.827254,2.233889
202300035859,25,2,2023,2025-12-05 22:35:00,5,63,63113,2,5,1,3,Flaubert / Oradou,45.76453,3.1255
202300035860,20,5,2023,2025-12-05 21:30:00,2,10,10323,2,1,1,7,24 Rue De L?Est,48.5062,3.743412
202300035861,23,6,2023,2025-12-05 12:00:00,1,92,92002,2,9,1,3,Lewisham (Place De),48.74973,2.30881
202300035862,8,11,2023,2025-12-05 17:10:00,2,93,93001,2,1,2,6,Danielle Casanova (Rue)  => 54/57,48.91736,2.39567
202300035863,21,5,2023,2025-12-05 06:44:00,2,7,7085,1,1,1,7,D578,45.016303,4.624794
202300035864,25,2,2023,2025-12-05 14:55:00,1,63,63014,2,2,1,3,Auchan Aubiere Parking Couvert/ Intersec Entre Allees,45.75382275,3.12838912
202300035865,11,4,2023,2025-12-05 16:15:00,1,69,69259,2,1,1,5,Avenue Francis De Pressense,45.714,4.87312
202300035866,19,5,2023,2025-12-05 11:00:00,1,53,53185,2,1,1,6,Rn12,48.45953,-0.20007
202300035867,22,6,2023,2025-12-05 21:30:00,1,92,92002,2,2,1,3,Adolphe Pajeaud (Rue),48.74427,2.29161
202300035868,7,11,2023,2025-12-05 18:10:00,2,93,93001,2,2,1,3,Avenue Jean Jaures / Rue Leopold Rechossiere,48.91138683,2.40043759
202300035869,25,2,2023,2025-12-05 14:03:00,1,59,59329,1,1,1,1,Rd 621,50.34577992,3.07125807
202300035870,10,4,2023,2025-12-05 16:32:00,1,69,69199,2,1,1,6,23 Rue Robert Et Reynier,45.71018,4.86082
202300035871,21,5,2023,2025-12-05 12:04:00,1,53,53162,1,6,1,3,La Huardiere,48.262727,-0.629053
202300035872,23,6,2023,2025-12-05 18:50:00,1,1,1085,1,3,1,2,D80,46.090555,5.028001
202300035873,7,11,2023,2025-12-05 08:40:00,1,92,92063,2,3,1,3,Doumer (Avenue Paul) Nord,48.88015172,2.18120322
202300035874,27,2,2023,2025-12-05 15:59:00,1,51,51454,2,1,1,6,Avenue Jean Jaures,49.259589,4.045285
202300035875,20,5,2023,2025-12-05 19:30:00,1,40,40120,1,1,1,1,"Route Departementale 19, Pk 6.450",43.500659,-1.136527
202300035876,9,4,2023,2025-12-05 18:55:00,1,67,67482,2,1,1,3,Dante (Avenue),48.59115,7.70281
202300035877,23,6,2023,2025-12-05 19:05:00,1,38,38344,2,3,1,3,Rue Jules Vercruysse,45.3608,4.802758
202300035878,6,11,2023,2025-12-05 12:10:00,1,92,92063,2,1,1,3,Chataigneraie (Avenue De La),48.85951315,2.18204141
202300035879,27,2,2023,2025-12-05 08:30:00,1,51,51454,2,1,1,6,Rue De Courcelles,49.26409,4.01351
202300035880,20,5,2023,2025-12-05 06:25:00,2,85,85277,1,1,1,6,D85,46.4839,-1.38054
202300035881,8,11,2023,2025-12-05 18:35:00,5,92,92062,2,1,2,6,Jaures (Rue Jean) Du 114 Au 2,48.88334872,2.24278003
202300035882,25,2,2023,2025-12-05 22:40:00,5,50,50129,1,1,1,6,Hague (Boulevard De La),49.66757,-1.70172
202300035883,9,4,2023,2025-12-05 18:50:00,1,67,67482,2,1,1,5,Doubs (Rue Du),48.55142,7.73291
202300035884,21,5,2023,2025-12-05 02:30:00,3,27,27425,2,1,1,6,Route D?Aclou,49.152173,0.713677
202300035885,19,5,2023,2025-12-05 12:50:00,1,28,28282,1,1,1,7,D352,48.32741,1.141505
202300035886,8,11,2023,2025-12-05 17:20:00,3,92,92051,2,1,2,2,"Roule (Avenue Du, Ndeg 29 A 91 Et 30 A 86)",48.88294163,2.27559471
202300035887,24,6,2023,2025-12-05 11:15:00,1,11,11076,1,1,1,4,A61,43.284899,1.967588
202300035888,9,4,2023,2025-12-05 17:50:00,1,67,67482,2,1,1,2,Conseil Des Quinze (Rue Du),48.59082,7.78185
202300035889,26,2,2023,2025-12-05 07:10:00,5,49,49099,2,2,1,6,Lattre De Tassigny (Pont De),47.05546,-0.8791
202300035890,19,5,2023,2025-12-05 13:22:00,1,87,87154,2,1,1,7,Rue Edison,45.902306,0.929356
202300035891,23,6,2023,2025-12-05 23:00:00,4,42,42338,1,1,1,2,Route De Roanne,46.086612,4.112846
202300035892,8,11,2023,2025-12-05 08:00:00,1,92,92050,2,3,8,3,Picasso Pablo Avenue,48.890812,2.21579343
202300035893,27,2,2023,2025-12-05 08:10:00,1,49,49267,2,1,1,6,Route D'Angers,47.46787,-0.50397
202300035894,8,4,2023,2025-12-05 16:45:00,1,67,67447,2,1,1,3,Poitou (Rue Du),48.60847,7.7661
202300035895,20,5,2023,2025-12-05 11:40:00,1,37,37273,1,1,1,1,La Boisseliere,47.40372788,0.75945139
202300035896,23,6,2023,2025-12-05 23:40:00,3,68,68097,1,1,1,7,D11.3 Pk 001+750,48.16186,7.199636
202300035897,8,11,2023,2025-12-05 15:26:00,1,92,92012,2,1,8,6,Pierre Grenier (Avenue),48.82954491,2.25127602
202300035898,27,2,2023,2025-12-05 13:35:00,1,37,37122,2,1,1,6,Verdun (Rue De),47.3427,0.6639
202300035899,10,4,2023,2025-12-05 21:43:00,5,66,66136,2,1,1,6,Adresse_Inconnue,42.68111,2.89358
202300035900,9,6,2023,2025-12-05 18:40:00,2,974,97404,1,1,1,6,Avenue Octave Benard,-21.281312,55.346584
202300035901,20,5,2023,2025-12-05 13:10:00,1,30,30053,1,3,1,3,Route Departementale 18,43.9885,4.223417
202300035902,27,2,2023,2025-12-05 08:15:00,1,37,37261,2,1,1,6,Vaillant (Rue Edouard),47.38611804,0.69905877
202300035903,24,6,2023,2025-12-05 09:25:00,1,26,26116,1,1,1,7,Adresse_Inconnue,44.429919,4.741716
202300035904,8,4,2023,2025-12-05 13:43:00,1,66,66136,2,1,1,6,Adresse_Inconnue,42.69146,2.89857
202300035905,8,11,2023,2025-12-05 11:50:00,1,92,92012,2,2,1,3,Gallieni (Rue) 1/53 - 2/48,48.8375843,2.24795978
202300035906,22,6,2023,2025-12-05 21:30:00,3,21,21273,1,9,2,7,A38,47.3078276,4.86480177
202300035907,20,5,2023,2025-12-05 11:30:00,1,30,30233,1,2,1,6,Chemin De La Rouviere,43.919141,4.20455
202300035908,27,2,2023,2025-12-05 14:55:00,1,35,35055,1,1,1,2,Rd 463,48.08127,-1.6162
202300035909,8,11,2023,2025-12-05 09:28:00,1,92,92012,2,1,1,6,Aguesseau (Rue D') 91/Fin - 84/Fin,48.83847692,2.23769903
202300035910,8,4,2023,2025-12-05 23:55:00,5,66,66136,2,3,1,3,Adresse_Inconnue,42.68034465,2.90316805
202300035911,23,6,2023,2025-12-05 21:40:00,2,47,47034,2,1,1,6,389 Route Des Landes,44.386086,0.103764
202300035912,27,2,2023,2025-12-05 10:40:00,1,33,33063,2,1,1,4,Boulevard Godard,44.86157,-0.58688
202300035913,19,5,2023,2025-12-05 13:21:00,1,973,97307,1,1,1,6,N2,4.84126,-52.339296
202300035914,9,11,2023,2025-12-05 06:30:00,3,62,62898,1,2,2,3,D280E1,50.723732,2.197325
202300035915,23,6,2023,2025-12-05 19:40:00,1,2B,2B124,1,1,1,1,Rd 69 Col De Sorba,42.114174,9.199762
202300035916,9,4,2023,2025-12-05 18:53:00,1,63,63113,2,2,1,2,Berthelot / Fontgieve,45.78215,3.07286
202300035917,27,2,2023,2025-12-05 15:38:00,1,27,27681,2,1,1,6,Soret (Rue Jules),49.0981917,1.4911441
202300035918,24,6,2023,2025-12-05 11:30:00,1,62,62553,2,1,1,1,D89,50.468916,2.415276
202300035919,18,5,2023,2025-12-05 18:45:00,3,988,98805,1,1,1,1,Route De La Nondoue,-22.13526,166.446551
202300035920,9,11,2023,2025-12-05 08:30:00,1,42,42332,1,2,2,3,Route De Saint Jean,45.992141,3.996953
202300035921,26,2,2023,2025-12-05 13:53:00,1,27,27229,1,1,1,6,Route De Conches,49.01426,1.10683
202300035922,7,4,2023,2025-12-05 09:11:00,1,63,63113,2,3,1,3,Rouvier (Rue)/ Rue De La Volonte,45.80687,3.11731
202300035923,21,6,2023,2025-12-05 01:16:00,3,62,62673,1,1,1,6,D14,50.188028,3.00622
202300035924,18,5,2023,2025-12-05 21:25:00,2,67,67309,1,1,1,3,M263,48.637801,7.72702
202300035925,9,11,2023,2025-12-05 17:20:00,5,57,57706,2,1,1,6,Route De Saint Avold,48.838107,6.748143
202300035926,11,4,2023,2025-12-05 08:45:00,1,62,62413,2,2,1,3,Rue Pierre Jacquart,50.46606,2.90421
202300035927,24,6,2023,2025-12-05 05:00:00,2,37,37153,1,1,1,4,"A10, Pk 197+200 Vers Paris",47.46779288,0.76664194
202300035928,8,11,2023,2025-12-05 08:55:00,1,45,45110,1,1,8,6,A19 Pr 90 + 616,48.104328,2.327042
202300035929,21,5,2023,2025-12-05 02:50:00,3,47,47061,1,1,1,7,A 62 Pk 75,44.4176841,0.17480827
202300035930,11,4,2023,2025-12-05 08:00:00,1,62,62193,2,9,7,6,Avenue Pierre De Coubertin,50.9534012,1.83875191
202300035931,24,6,2023,2025-12-05 08:40:00,1,51,51354,1,3,1,1,D1,48.919475,4.49785
202300035932,8,11,2023,2025-12-05 20:15:00,5,59,59082,1,1,3,3,Route De Dunkerque,50.985042,2.405381
202300035933,24,6,2023,2025-12-05 15:00:00,1,76,76141,1,1,1,7,Route Du Fresne,49.632375,0.41895
202300035934,26,2,2023,2025-12-05 01:05:00,5,22,22215,1,9,1,3,Loge (Rue De La),48.481,-2.794
202300035935,23,6,2023,2025-12-05 23:53:00,4,76,76436,1,1,1,6,Chemin Du Halage,49.430298,0.859128
202300035936,11,4,2023,2025-12-05 08:35:00,1,59,59368,2,2,1,3,Pre Catelan Rue Du,50.65594,3.06057
202300035937,9,11,2023,2025-12-05 07:23:00,2,65,65369,1,2,2,3,D632,43.27440888,0.17412096
202300035938,20,5,2023,2025-12-05 04:30:00,3,6,6149,1,1,1,3,A8 Pk 204.200,43.740887,7.328396
202300035939,22,2,2023,2025-12-05 11:25:00,1,19,19272,2,1,1,6,Winston Churchill (Av),45.258889,1.757028
202300035940,8,11,2023,2025-12-05 18:00:00,3,77,77162,2,1,2,6,D19,48.863857,3.156971
202300035941,24,6,2023,2025-12-05 17:00:00,1,76,76201,2,1,1,7,Chemin Du Petit Val,49.464565,1.399764
202300035942,9,4,2023,2025-12-05 16:43:00,1,57,57012,2,3,1,3,Clemenceau (Rue),49.35347,6.04286
202300035943,18,5,2023,2025-12-05 16:40:00,1,11,11144,1,2,1,2,Adresse_Inconnue,42.879864,2.992959
202300035944,24,2,2023,2025-12-05 19:00:00,2,19,19031,2,1,1,6,Adresse_Inconnue,45.15998,1.54067
202300035945,23,6,2023,2025-12-05 21:15:00,1,79,79289,1,1,1,1,Adresse_Inconnue,47.001636,-0.787829
202300035946,9,11,2023,2025-12-05 15:50:00,1,74,74282,1,1,2,6,Route De Groisy,46.042564,6.223165
202300035947,19,5,2023,2025-12-05 20:30:00,3,988,98825,1,1,1,7,Memorial De La Plaine Des Gaiacs,-21.250172,164.922992
202300035948,26,2,2023,2025-12-05 05:35:00,5,14,14271,2,6,1,6,34 Grande Rue,49.139323,-0.376485
202300035949,24,6,2023,2025-12-05 05:50:00,2,2A,2A008,2,1,1,6,Rd 55,41.855334,8.791208
202300035950,7,4,2023,2025-12-05 18:50:00,1,56,56098,2,1,1,3,Croizat ( Ave Ambroise ),47.77564,-3.34604
202300035951,9,11,2023,2025-12-05 18:00:00,3,79,79204,1,1,3,1,Adresse_Inconnue,46.193356,-0.215676
202300035952,24,6,2023,2025-12-05 19:27:00,2,80,80793,2,1,7,6,91 Rue De Daours,50.015983,2.188662
202300035953,7,5,2023,2025-12-05 19:30:00,3,988,98821,1,1,1,1,Ancienne Boucherie - La Tontouta,-22.04917,166.24054
202300035954,24,6,2023,2025-12-05 16:10:00,1,71,71351,1,1,1,6,Route De Fretterans,46.89252891,5.26379228
202300035955,27,2,2023,2025-12-05 14:15:00,1,13,13214,2,4,2,1,Merlan (Avenue),43.33119,5.40606
202300035956,7,11,2023,2025-12-05 20:30:00,5,71,71204,1,1,1,1,15 Route De Demigny (Fragnes),46.822307,4.851306
202300035957,11,4,2023,2025-12-05 06:05:00,5,51,51454,2,2,1,3,Quai Du Pre Aux Moines,49.23303,4.04871
202300035958,21,5,2023,2025-12-05 13:15:00,1,988,98802,2,1,1,6,Route De Ouitchambo,-21.824991,165.998365
202300035959,24,6,2023,2025-12-05 11:50:00,1,71,71479,2,2,1,6,Rue De La Bruyere,46.848934,4.427563
202300035960,27,2,2023,2025-12-05 07:50:00,1,13,13211,2,1,1,3,Barasse,43.286,5.476
202300035961,8,11,2023,2025-12-05 23:00:00,3,61,61485,1,1,3,2,D12 Pr 33+100,48.905908,0.282157
202300035962,18,5,2023,2025-12-05 19:00:00,3,971,97125,1,1,1,1,Route De Bessot,16.259447,-61.301388
202300035963,10,4,2023,2025-12-05 11:15:00,1,50,50129,2,4,5,3,De La Banque A Genets (Avenue),49.61057,-1.617
202300035964,23,6,2023,2025-12-05 17:50:00,1,89,89407,1,4,1,3,D965,47.845441,4.082167
202300035965,8,11,2023,2025-12-05 15:40:00,1,44,44036,2,6,2,6,20Bis Boulevard De La Republique,47.717955,-1.381373
202300035966,26,2,2023,2025-12-05 23:30:00,5,13,13208,2,1,2,6,Michelet (Boulevard),43.26125871,5.39768598
202300035967,19,5,2023,2025-12-05 19:30:00,3,971,97118,2,1,1,3,Chemin De Duquerry,16.183447,-61.601833
202300035968,11,4,2023,2025-12-05 11:30:00,1,44,44162,2,1,1,6,277 Boulevard Marcel Paul,47.22964,-1.63367
202300035969,23,6,2023,2025-12-05 18:30:00,1,61,61287,1,2,1,3,Les Planches Mormes,48.823278,-0.589624
202300035970,8,11,2023,2025-12-05 17:35:00,5,2,2810,2,1,2,6,Avenue De La Ferte - Milon,49.249578,3.095849
202300035971,27,2,2023,2025-12-05 22:10:00,5,13,13098,2,1,2,2,Bellefont Rue,43.45657,5.01095
202300035972,19,5,2023,2025-12-05 21:45:00,5,978,97801,2,3,2,2,R De Hollande,18.070528,-63.082246
202300035973,26,2,2023,2025-12-05 10:06:00,1,10,10333,2,1,1,6,Bretelle D610E13B2,48.2703,4.05047
202300035974,18,5,2023,2025-12-05 11:00:00,1,30,30130,1,1,1,6,Lieu Dit Aiguebelle,44.363471,3.940369
202300035975,11,4,2023,2025-12-05 08:35:00,1,44,44162,2,1,1,1,95 Avenue De La Baraudiere,47.23266,-1.59456
202300035976,9,11,2023,2025-12-05 15:20:00,1,3,3138,1,1,1,1,N7,46.247552,3.602614
202300035977,24,6,2023,2025-12-05 15:15:00,1,55,55312,1,2,7,3,D964,48.931099,5.520665
202300035978,19,5,2023,2025-12-05 12:30:00,1,34,34157,2,6,1,6,Place Baptiste Milhau,43.427258,3.604551
202300035979,11,4,2023,2025-12-05 07:55:00,1,43,43002,2,1,2,7,Chemin De Bouthezard,45.052264,3.881304
202300035980,27,2,2023,2025-12-05 03:25:00,5,6,6088,2,1,2,6,Anglais (Du Ndeg 265 Au Ndeg 350),43.67935,7.23016
202300035981,19,5,2023,2025-12-05 15:40:00,1,34,34052,2,1,1,6,Intermarche (Supermarche),43.326403,3.051614
202300035982,23,6,2023,2025-12-05 16:15:00,1,49,49331,2,1,1,1,Route De Pouance,47.690439,-0.892886
202300035983,11,4,2023,2025-12-05 08:00:00,1,37,37261,2,1,1,3,Heurteloup (Boulevard),47.393,0.70283