num_acc,jour,mois,an,hrmn,lum,dep,com,agg,int,atm,col,adr,lat,long
202300035984,23,6,2023,2025-12-05 13:27:00,1,42,42149,2,1,1,6,Avenue Des Sources,45.642488,4.232655
202300035985,8,11,2023,2025-12-05 17:30:00,5,3,3119,2,7,1,2,Place De L'Eglise,46.731119,3.61153
202300035986,19,5,2023,2025-12-05 18:20:00,2,34,34022,2,1,3,3,17 Rue Des Amaryllis,43.656183,4.005375
202300035987,24,6,2023,2025-12-05 11:30:00,1,42,42235,1,1,1,1,Route Du Pont Du Rioux,45.369721,4.047121
202300035988,28,2,2023,2025-12-05 23:30:00,5,75,75119,2,1,1,6,Rue De Cambrai,48.896045,2.380579
202300035989,10,4,2023,2025-12-05 20:45:00,5,37,37233,2,3,8,3,Florence (Avenue De),47.37954915,0.74504256
202300035990,23,6,2023,2025-12-05 09:40:00,1,86,86177,2,1,1,6,41 Allee Jean Monnet,46.678402,0.266333
202300035991,19,5,2023,2025-12-05 12:40:00,1,34,34058,2,3,1,3,47 Avenue De La Gare,43.675054,3.989791
202300035992,9,11,2023,2025-12-05 06:50:00,3,1,1175,1,1,3,2,D933,46.412418,4.927168
202300035993,28,2,2023,2025-12-05 11:10:00,1,75,75117,2,3,1,6,Rue De La Jonquiere,48.893961,2.321421
202300035994,11,4,2023,2025-12-05 18:10:00,1,35,35238,2,1,1,2,Alma (De L'),48.09573,-1.67472
202300035995,24,6,2023,2025-12-05 10:30:00,1,25,25434,2,1,7,1,Av Du Mal De Lattre De Tassigny,47.105027,6.132538
202300035996,21,5,2023,2025-12-05 12:40:00,1,83,83071,1,3,1,1,D559A,43.126233,6.198617
202300035997,8,11,2023,2025-12-05 19:00:00,3,14,14578,1,1,2,1,Route De Bonneville,49.353191,0.16568
202300035998,23,6,2023,2025-12-05 21:45:00,3,44,44006,1,1,1,6,100 Route De Mahe,47.43971,-2.432023
202300035999,28,2,2023,2025-12-05 09:30:00,1,75,75117,2,1,1,3,Avenue De Clichy,48.89288,2.316339
202300036000,23,6,2023,2025-12-05 19:50:00,1,35,35331,2,1,1,7,7 Rue De Montfort,48.110411,-1.92795
202300036001,9,11,2023,2025-12-05 08:02:00,1,18,18148,2,1,1,6,22 Avenue De Vierzon,47.202865,2.059653
202300036002,20,5,2023,2025-12-05 11:20:00,1,6,6070,2,1,2,2,Route De Fontaine Rougiere,43.796062,6.945387
202300036003,27,2,2023,2025-12-05 14:50:00,1,75,75116,2,3,1,6,Avenue Du President Wilson,48.864955,2.295909
202300036004,11,4,2023,2025-12-05 08:50:00,1,35,35238,1,1,1,4,Rn136,48.104875,-1.716735
202300036005,24,6,2023,2025-12-05 16:10:00,1,29,29168,1,1,1,6,Route De Bestree,48.034102,-4.719567
202300036006,8,11,2023,2025-12-05 20:04:00,3,18,18179,1,1,1,6,Route De Bourges,47.15226,2.438439
202300036007,28,2,2023,2025-12-05 19:30:00,5,75,75111,2,3,1,6,Rue Oberkampf,48.864624,2.372336
202300036008,23,6,2023,2025-12-05 17:05:00,1,31,31561,2,2,1,3,Avenue De Toulouse,43.659734,1.488326
202300036009,19,5,2023,2025-12-05 20:00:00,1,6,6057,1,1,2,5,D2204,43.820808,7.353399
202300036010,11,4,2023,2025-12-05 08:30:00,1,33,33318,2,6,1,2,Avenue De Canejan,44.79315,-0.64589
202300036011,8,11,2023,2025-12-05 10:30:00,1,16,16167,1,3,1,7,"Carrefour D941 , Avenue De L 'Europe",45.684369,-0.153283
202300036012,20,5,2023,2025-12-05 21:00:00,2,13,13022,1,1,2,1,D559,43.22495,5.534352
202300036013,28,2,2023,2025-12-05 18:40:00,5,75,75107,2,2,1,6,Quai Branly,48.85745,2.291115
202300036014,24,6,2023,2025-12-05 14:30:00,1,2,2150,1,9,1,1,D967,49.456158,3.670871
202300036015,11,4,2023,2025-12-05 19:30:00,1,31,31555,1,1,1,4,Va007331 A620,43.64849247,1.42176121
202300036016,20,5,2023,2025-12-05 11:30:00,1,71,71588,1,1,1,6,Rue De Pouilly,46.475227,4.044224
202300036017,28,2,2023,2025-12-05 09:40:00,1,75,75114,2,2,1,6,Boulevard Adolphe Pinard,48.825015,2.302158
202300036018,24,6,2023,2025-12-05 09:07:00,1,2,2827,1,6,7,2,Adresse_Inconnue,49.731484,3.754481
202300036019,3,11,2023,2025-12-05 17:20:00,2,21,21498,1,3,2,2,D905,47.413286,4.535261
202300036020,21,5,2023,2025-12-05 04:30:00,4,51,51250,2,1,1,7,Route De Soissons,49.308221,3.667256
202300036021,10,4,2023,2025-12-05 16:35:00,1,31,31555,2,1,1,2,Minimes (Av Des) Du 1Au 178,43.61718287,1.43689424
202300036022,24,6,2023,2025-12-05 12:45:00,1,2,2560,2,3,1,1,10 Rue Du Calvaire,49.698761,3.459465
202300036023,9,11,2023,2025-12-05 13:10:00,1,6,6018,2,1,2,6,Avenue Roumanille,43.623297,7.072937
202300036024,21,5,2023,2025-12-05 11:03:00,1,68,68142,1,1,1,7,D5 Bis,48.070538,7.132659
202300036025,28,2,2023,2025-12-05 14:45:00,1,94,94034,2,2,1,3,Avenue Edouard Herriot / Avenue De La Division Leclerc,48.75553,2.32773
202300036026,8,4,2023,2025-12-05 19:35:00,1,30,30189,1,1,1,1,Ales (Route),43.8651,4.3268
202300036027,10,11,2023,2025-12-05 04:20:00,3,988,98811,1,1,1,6,Rpn2,-21.02063,164.98674
202300036028,21,5,2023,2025-12-05 12:50:00,1,88,88196,1,1,1,1,D486,48.044579,6.867163
202300036029,28,2,2023,2025-12-05 21:25:00,5,93,93059,2,1,1,3,Boulevard Jean Mermoz,48.96583,2.3637
202300036030,8,11,2023,2025-12-05 02:10:00,3,974,97415,2,1,1,6,N1A,-21.065309,55.22384
202300036031,11,4,2023,2025-12-05 17:15:00,1,30,30007,2,2,1,6,Avenue Winston Churchill,44.1344,4.077
202300036032,24,6,2023,2025-12-05 01:15:00,3,70,70509,2,1,1,6,3 Rue Des Sombrelles,47.337078,5.71723
202300036033,20,5,2023,2025-12-05 17:29:00,1,57,57017,2,6,1,6,Rue De La Fontaine,49.165385,6.040174
202300036034,24,6,2023,2025-12-05 15:45:00,1,58,58309,1,1,1,6,D18,46.932305,4.003143
202300036035,28,2,2023,2025-12-05 18:00:00,1,93,93072,2,1,1,3,Avenue Jules Guesde,48.96276478,2.38445835
202300036036,31,10,2023,2025-12-05 18:45:00,3,29,29234,1,1,1,1,Kerfleury (Embranchement D'Autoroute),47.84831165,-3.50909071
202300036037,11,4,2023,2025-12-05 11:15:00,1,29,29232,2,9,1,6,Route Du Loc'H,48.0132,-4.08684
202300036038,7,6,2023,2025-12-05 12:57:00,1,6,6105,2,1,1,2,3339 Rd 2081,43.663622,7.054805
202300036039,29,10,2023,2025-12-05 10:45:00,1,2A,2A163,1,1,1,6,Rt40,41.4945,8.957162
202300036040,19,5,2023,2025-12-05 19:15:00,1,42,42155,2,3,1,3,Route De Saint Germain Laval,45.805163,4.153857
202300036041,24,6,2023,2025-12-05 05:19:00,3,60,60509,1,1,1,6,D200,49.324786,2.620969
202300036042,28,2,2023,2025-12-05 08:45:00,1,93,93070,2,1,1,2,61 Avenue Michelet,48.90804056,2.3441568
202300036043,11,4,2023,2025-12-05 08:40:00,1,22,22113,1,1,1,6,R.D.767,48.71710979,-3.40733707
202300036044,24,6,2023,2025-12-05 20:30:00,1,36,36231,1,1,1,6,Les Maisons Neuves,46.74061546,1.61774218
202300036045,19,5,2023,2025-12-05 12:30:00,1,26,26023,1,1,2,7,Route Du Col,44.95095,5.145849
202300036046,9,11,2023,2025-12-05 13:50:00,1,2A,2A041,1,1,2,3,Rt40,41.414765,9.121495
202300036047,8,4,2023,2025-12-05 09:30:00,1,12,12202,2,1,1,6,De Lattre De Tassigny (Boulevard),44.34780076,2.56383419
202300036048,24,6,2023,2025-12-05 04:15:00,3,53,53106,1,1,1,6,La Dodiniere,48.382844,-0.139243
202300036049,28,2,2023,2025-12-05 19:00:00,5,93,93066,2,2,1,3,Rue Gabriel Peri / Rue Danielle Casanova,48.92972,2.35658
202300036050,20,5,2023,2025-12-05 14:25:00,1,9,9272,1,3,1,1,La Plaine - Route Departemente 609,42.921141,1.656575
202300036051,8,11,2023,2025-12-05 20:05:00,5,11,11076,2,2,1,7,2 Rue Des Batailleries,43.314859,1.959182
202300036052,24,6,2023,2025-12-05 16:45:00,1,53,53096,1,1,1,2,La Foucherie,48.330755,-0.924976
202300036053,23,6,2023,2025-12-05 11:45:00,1,40,40046,2,1,1,6,Avenue Marechal Lyautey,44.390456,-1.160305
202300036054,28,2,2023,2025-12-05 16:50:00,1,93,93008,2,3,1,3,Avenue Paul Vaillant - Couturier / Rue D'Odessa,48.90580163,2.46518016
202300036055,19,5,2023,2025-12-05 16:15:00,1,9,9216,1,1,8,1,D15,42.996652,1.446843
202300036056,6,5,2023,2025-12-05 19:00:00,1,30,30114,1,9,1,6,107,43.827995,4.105287
202300036057,9,11,2023,2025-12-05 12:20:00,1,26,26084,1,1,2,3,Autoroute A7 Pk 63.750,44.990359,4.881191
202300036058,8,4,2023,2025-12-05 18:25:00,1,12,12202,1,1,1,5,Montpellier (Avenue De),44.34954,2.58219
202300036059,28,2,2023,2025-12-05 17:00:00,1,93,93050,2,9,1,3,Leon Blum (Avenue),48.86972651,2.53906819
202300036060,24,6,2023,2025-12-05 15:20:00,1,88,88426,2,2,1,3,4 Rue Du Stade,47.853587,6.812671
202300036061,19,5,2023,2025-12-05 16:50:00,1,33,33328,1,2,1,3,D121E4,44.929849,-0.213724
202300036062,8,11,2023,2025-12-05 12:30:00,1,88,88483,2,6,2,3,D36,48.190526,6.36882
202300036063,23,6,2023,2025-12-05 19:25:00,1,88,88027,1,1,1,6,Gr La Grande Rue,48.315903,6.531265
202300036064,28,2,2023,2025-12-05 10:00:00,1,92,92078,1,1,1,6,Jean Jaures (Rue) (NdegPairs),48.9325762,2.32541262
202300036065,10,4,2023,2025-12-05 17:00:00,1,10,10387,2,3,1,3,Robert Schumann (Rue),48.31013976,4.0972808
202300036066,23,6,2023,2025-12-05 16:04:00,1,42,42108,1,1,1,6,A72,45.605373,4.207898
202300036067,24,6,2023,2025-12-05 10:30:00,1,51,51027,1,1,1,7,A4 Pk 199.049 Vers Paris,49.05816391,4.6959177
202300036068,28,2,2023,2025-12-05 18:55:00,5,92,92050,2,3,1,3,Picasso Pablo Avenue,48.89031779,2.21774966
202300036069,6,4,2023,2025-12-05 21:35:00,5,10,10387,2,1,1,6,Republique (Rue De La ),48.29873,4.07353
202300036070,19,5,2023,2025-12-05 20:30:00,1,22,22213,1,3,1,3,Rd12,48.53456,-2.01155
202300036071,10,4,2023,2025-12-05 20:10:00,1,9,9122,2,9,1,6,Labistour (Rue),42.96555,1.60803
202300036072,23,6,2023,2025-12-05 16:20:00,1,51,51454,1,1,1,4,A344,49.227758,4.05212
202300036073,26,2,2023,2025-12-05 16:20:00,1,92,92036,2,3,1,6,Richelieu (Rue),48.9303098,2.29350463
202300036074,20,5,2023,2025-12-05 18:50:00,1,22,22054,1,2,1,3,D786,48.612707,-2.448318
202300036075,31,10,2023,2025-12-05 11:35:00,1,26,26347,2,4,8,3,Avenue Du President Roosevelt,45.069379,4.841088
202300036076,24,6,2023,2025-12-05 10:00:00,1,13,13114,1,1,1,5,Route De Roquefavour Rd 65,43.516712,5.304095
202300036077,11,4,2023,2025-12-05 15:10:00,1,6,6088,1,1,1,1,Penetrante Du Paillon,43.73276,7.29041
202300036078,19,5,2023,2025-12-05 21:55:00,2,27,27676,1,2,1,2,Croisement Rd65 Et D135,49.205942,1.308274
202300036079,5,4,2023,2025-12-05 15:00:00,1,2,2408,2,3,1,6,Adresse_Inconnue,49.56337,3.64499
202300036080,24,6,2023,2025-12-05 09:40:00,1,45,45024,1,1,1,6,A10 Pr 116 + 760,47.823248,1.647531
202300036081,20,5,2023,2025-12-05 15:45:00,1,60,60212,2,1,1,2,Rue Du Preau,49.232518,2.301377
202300036082,9,4,2023,2025-12-05 19:40:00,5,988,98818,2,1,1,2,Promenade Pierre Vernier,-22.2867,166.45723
202300036083,23,6,2023,2025-12-05 23:00:00,3,30,30333,1,1,1,1,A9,43.76362486,4.26634312
202300036084,22,6,2023,2025-12-05 12:00:00,1,987,98726,1,1,1,1,Makemo,-16.609,-143.295
202300036085,10,4,2023,2025-12-05 20:50:00,5,974,97409,1,1,2,4,Rn2 Direction St Bent Sortie Petit Bazar,-20.9437,55.64925
202300036086,24,6,2023,2025-12-05 08:30:00,1,988,98819,1,1,1,7,St Michel,-20.4421,164.43109
202300036087,23,6,2023,2025-12-05 17:00:00,1,973,97305,1,1,1,6,Pk 16+300,4.938408,-52.409892
202300036088,9,11,2023,2025-12-05 12:45:00,1,69,69296,1,1,2,1,Rue Du Rhone,45.64462905,4.81796222
202300036089,10,4,2023,2025-12-05 15:45:00,1,69,69387,2,1,1,1,Rue De L'Epargne,45.74354,4.8538
202300036090,27,2,2023,2025-12-05 21:35:00,3,60,60338,1,1,1,4,D200,49.367088,2.776151
202300036091,21,6,2023,2025-12-05 19:15:00,5,971,97128,1,1,1,2,Route De Bois Jolan,16.235473,-61.369693
202300036092,1,3,2023,2025-12-05 07:55:00,1,81,81165,1,1,1,6,D600,44.117667,1.900072
202300036093,4,3,2023,2025-12-05 10:20:00,1,972,97209,2,1,1,6,Caraibes (Avenue Des),14.60467,-61.0734
202300036094,9,10,2023,2025-12-05 08:45:00,1,31,31429,2,3,1,3,D813,43.497017,1.517953
202300036095,20,5,2023,2025-12-05 12:15:00,1,59,59581,1,3,1,5,Lieu Dit Grand Chemin,50.685114,2.756635
202300036096,12,6,2023,2025-12-05 12:10:00,1,971,97106,2,1,1,6,Route De La Lezarde,16.1423,-61.768967
202300036097,19,5,2023,2025-12-05 17:50:00,1,13,13019,1,1,2,2,A51-Sens Aix En Provence Vers Marseille,43.42359,5.37374
202300036098,10,4,2023,2025-12-05 20:00:00,5,69,69202,2,2,1,3,11 Avenue Du 11 Novembre,45.73597,4.79558
202300036099,1,3,2023,2025-12-05 16:00:00,1,9,9181,2,1,1,6,16 Avenue De La Gare,43.080381,1.366044
202300036100,22,6,2023,2025-12-05 09:25:00,1,33,33234,2,1,2,3,Rd113,44.794032,-0.510266
202300036101,9,11,2023,2025-12-05 12:15:00,1,19,19146,1,1,2,3,D1120,45.329122,1.766342
202300036102,23,6,2023,2025-12-05 03:10:00,3,95,95054,1,1,1,6,D43,49.151114,1.884686
202300036103,1,3,2023,2025-12-05 07:15:00,1,95,95480,2,1,1,3,D4,49.11687288,2.21000375
202300036104,16,5,2023,2025-12-05 16:21:00,1,13,13214,1,1,1,2,A507 Sens Aubagne- Marseille,43.33000613,5.39623976
202300036105,10,4,2023,2025-12-05 16:10:00,1,69,69389,2,3,1,3,Rue Joannes Carret,45.78578,4.80923
202300036106,23,6,2023,2025-12-05 09:52:00,1,91,91106,2,1,7,7,Route De Saint-Cheron,48.559554,2.152044
202300036107,9,11,2023,2025-12-05 16:45:00,1,17,17064,2,1,2,1,Route De Royan,45.67252,-1.055719
202300036108,24,6,2023,2025-12-05 19:15:00,2,2A,2A247,2,1,1,6,Rue Abbatucci,41.590977,9.278474
202300036109,22,4,2023,2025-12-05 08:35:00,1,69,69259,1,1,1,2,Boulevard Peripherique Laurent Bonnevay,45.72292,4.88962
202300036110,23,6,2023,2025-12-05 12:44:00,1,66,66088,2,1,1,6,Adresse_Inconnue,42.670652,2.621698
202300036111,9,4,2023,2025-12-05 18:24:00,1,69,69142,2,1,1,6,122 Rue Stephane Dechant,45.72341,4.81222
202300036112,25,2,2023,2025-12-05 15:00:00,1,49,49163,1,2,1,3,Route Departementale 766,47.557806,-0.229844
202300036113,9,11,2023,2025-12-05 08:30:00,1,35,35212,1,1,3,5,"Lieu-Dit ""Beauvais"" Rd 247 Pr 5+800",47.900592,-1.640289
202300036114,10,4,2023,2025-12-05 20:25:00,5,91,91589,2,1,3,7,Av De La Republique,48.68705,2.34764
202300036115,9,11,2023,2025-12-05 17:15:00,2,2,2505,1,1,2,6,Lieu Dit La Doultre,48.960377,3.441006
202300036116,23,6,2023,2025-12-05 13:20:00,1,83,83016,1,3,1,3,Dn8,43.18649,5.818216
202300036117,20,5,2023,2025-12-05 02:45:00,3,42,42218,1,1,3,7,N88,45.43408596,4.41982985
202300036118,24,6,2023,2025-12-05 00:10:00,3,83,83099,1,1,1,2,Dn7,43.442894,6.703269
202300036119,28,2,2023,2025-12-05 04:00:00,3,35,35139,1,1,1,2,Adresse_Inconnue,47.976651,-1.695049
202300036120,10,4,2023,2025-12-05 17:45:00,1,91,91027,2,2,2,3,Rte Nationale 7,48.71626,2.37128
202300036121,17,5,2023,2025-12-05 18:25:00,1,57,57343,1,1,1,3,Autoroute A31,49.31714152,6.18249983
202300036122,11,10,2023,2025-12-05 19:10:00,2,13,13106,1,1,1,2,A7-Sens Lyon Vers Marseille,43.39071033,5.35120523
202300036123,23,6,2023,2025-12-05 20:00:00,1,83,83107,1,3,1,3,Corniche Des Issambres,43.346099,6.712561
202300036124,1,3,2023,2025-12-05 16:40:00,1,974,97410,1,1,1,6,Route Du Butor (Pont),-21.05367774,55.72675467
202300036125,11,5,2023,2025-12-05 16:35:00,1,67,67152,1,1,8,2,M35,48.522802,7.641467
202300036126,10,4,2023,2025-12-05 19:40:00,1,69,69266,2,2,1,3,Avenue Roger Salengro,45.78189,4.88746
202300036127,20,5,2023,2025-12-05 20:15:00,2,91,91689,1,1,1,2,Autoroute A6,48.73183,2.31547
202300036128,28,2,2023,2025-12-05 19:10:00,3,34,34270,2,3,1,3,M612,43.58186,3.848079
202300036129,5,11,2023,2025-12-05 03:50:00,3,69,69149,1,1,1,4,Route De Metropole 7,45.71542,4.82063
202300036130,1,3,2023,2025-12-05 14:10:00,1,62,62075,1,1,1,6,D240,50.701639,1.676598
202300036131,24,6,2023,2025-12-05 06:30:00,2,71,71393,1,1,1,6,D199,46.228455,4.146609
202300036132,10,4,2023,2025-12-05 12:45:00,1,59,59183,1,1,2,1,Repos,51.016022,2.330566
202300036133,19,5,2023,2025-12-05 17:30:00,1,92,92002,1,1,1,4,Autoroute A10,48.73051377,2.30845499
202300036134,8,11,2023,2025-12-05 22:45:00,3,33,33330,1,1,1,2,Route Nationale 89,44.86973829,-0.44120461
202300036135,23,6,2023,2025-12-05 07:52:00,1,71,71371,1,1,1,1,Rd17,46.340469,4.724958
202300036136,25,2,2023,2025-12-05 19:15:00,3,51,51662,1,1,1,2,D151,49.275617,4.087933
202300036137,8,4,2023,2025-12-05 18:00:00,1,50,50129,2,1,1,2,Paris (Avenue De),49.63189,-1.61747
202300036138,19,5,2023,2025-12-05 15:25:00,1,91,91339,1,1,1,2,Rn 104,48.6257,2.26229
202300036139,5,4,2023,2025-12-05 16:25:00,1,43,43002,2,6,1,6,Giratoire Des Moulins,45.0505,3.882
202300036140,7,11,2023,2025-12-05 08:25:00,1,33,33192,1,1,2,2,Rocade A 630,44.79016427,-0.61090797
202300036141,26,2,2023,2025-12-05 12:22:00,1,65,65070,2,9,4,6,16 Rue Du Sasseriet,43.115126,-0.051184
202300036142,23,6,2023,2025-12-05 16:10:00,1,67,67474,2,3,1,3,Rue De Strasbourg,48.933883,7.88209
202300036143,19,5,2023,2025-12-05 14:47:00,1,91,91161,1,1,1,2,Autoroute A126,48.70978,2.30484
202300036144,23,6,2023,2025-12-05 20:55:00,2,67,67210,2,7,1,7,12 Rue Principale,48.402654,7.330745
202300036145,10,4,2023,2025-12-05 09:10:00,1,38,38423,2,1,1,3,Avenue General Leclerc,45.21434,5.69685
202300036146,8,11,2023,2025-12-05 09:30:00,1,91,91521,1,1,1,2,Rn 441,48.6425,2.3931
202300036147,24,2,2023,2025-12-05 19:15:00,2,61,61278,1,2,1,2,Lieu Dit Les Planches De Crocq,48.700485,-0.559401
202300036148,18,6,2023,2025-12-05 02:20:00,5,63,63092,2,1,1,6,69 Route De Volvic - Paugnat,45.88343,2.984787
202300036149,19,5,2023,2025-12-05 23:37:00,3,92,92036,1,1,1,3,A86,48.93484397,2.26726483
202300036150,8,11,2023,2025-12-05 08:45:00,1,78,78423,1,1,1,3,Rn12 Ext,48.797992,2.008784
202300036151,20,5,2023,2025-12-05 17:45:00,1,81,81140,2,1,1,6,Allees Ferreol Mazas,43.7005927,1.8206767
202300036152,26,2,2023,2025-12-05 17:10:00,1,42,42302,1,1,6,1,Route De La Gachet,45.516707,4.444914
202300036153,18,5,2023,2025-12-05 13:38:00,1,92,92064,1,1,1,7,A13,48.83936013,2.21689418
202300036154,10,4,2023,2025-12-05 15:10:00,1,33,33075,2,1,1,5,Avenue Des 4 Ponts,44.89467748,-0.61566192
202300036155,8,11,2023,2025-12-05 05:45:00,3,78,78007,1,1,1,2,A13 Y,48.897541,2.006053
202300036156,1,3,2023,2025-12-05 19:20:00,3,42,42224,1,1,1,6,Route Du Col De La Republique,45.35305,4.469432
202300036157,17,5,2023,2025-12-05 11:38:00,1,92,92072,1,1,1,5,N118,48.81513791,2.21468284
202300036158,28,2,2023,2025-12-05 13:17:00,1,46,46072,1,1,1,7,D12,44.68247711,1.3704586
202300036159,8,11,2023,2025-12-05 00:45:00,5,92,92050,1,1,1,2,A14,48.90003871,2.21071229
202300036160,24,6,2023,2025-12-05 10:50:00,1,64,64139,1,1,1,2,D24,43.22341,-0.358815
202300036161,10,4,2023,2025-12-05 02:58:00,5,28,28134,2,3,1,3,Oriels (Rue Des),48.73861,1.39248
202300036162,19,5,2023,2025-12-05 20:20:00,1,95,95241,1,1,1,2,N104,49.04733,2.46888
202300036163,23,6,2023,2025-12-05 15:57:00,1,29,29058,1,1,1,6,Route De Mestrezec,47.868142,-4.046698
202300036164,7,11,2023,2025-12-05 08:50:00,1,78,78043,1,1,1,3,A13W,48.845101,2.086656
202300036165,23,6,2023,2025-12-05 20:10:00,2,22,22045,1,1,1,7,Kerlabo,48.443736,-2.946353
202300036166,28,2,2023,2025-12-05 23:00:00,5,41,41151,2,4,1,6,Boulevard Philippe Auguste,47.343799,1.184843
202300036167,8,11,2023,2025-12-05 19:50:00,3,92,92036,1,1,2,2,Autoroute A86,48.93835245,2.31353259
202300036168,24,6,2023,2025-12-05 08:40:00,1,35,35360,1,2,1,3,Lieu Dit Blairie,48.104268,-1.162021
202300036169,10,4,2023,2025-12-05 02:30:00,3,17,17380,1,3,8,3,Tamaris (Avenue Des),45.651927,-1.121734
202300036170,1,2,2023,2025-12-05 12:00:00,1,34,34284,2,1,1,6,Grand'Rue,43.488389,2.761039
202300036171,11,5,2023,2025-12-05 12:30:00,1,27,27249,1,2,1,3,D177 - D69,49.175055,1.258385
202300036172,27,2,2023,2025-12-05 08:10:00,1,29,29212,2,3,1,1,Rue Des Myosotis,48.373884,-4.584222
202300036173,8,11,2023,2025-12-05 16:20:00,1,93,93027,1,1,1,2,Autoroute A1,48.93877,2.41647
202300036174,10,4,2023,2025-12-05 23:20:00,5,15,15014,2,9,1,1,Parking De La Jordanne,44.9141154,2.441772
202300036175,24,6,2023,2025-12-05 00:35:00,3,60,60504,1,1,1,2,D1001,49.346548,2.187976
202300036176,27,2,2023,2025-12-05 16:50:00,1,29,29069,2,3,1,1,Rue Charles De Gaulle,48.423911,-4.557384
202300036177,8,11,2023,2025-12-05 17:10:00,1,95,95527,1,1,2,2,A1,48.99136,2.51183
202300036178,22,10,2023,2025-12-05 05:50:00,3,95,95212,1,1,2,6,N104,49.02922,2.53342
202300036179,10,4,2023,2025-12-05 07:40:00,1,13,13215,2,6,1,5,Saint Antoine A Saint Joseph (Chemin De),43.35318,5.37223
202300036180,27,2,2023,2025-12-05 15:45:00,1,38,38267,1,2,1,3,Route Napoleon,45.427834,5.313333
202300036181,17,6,2023,2025-12-05 02:18:00,3,13,13211,1,1,1,5,A50-Sens Marseille Vers Aubagne,43.28811811,5.44227981
202300036182,8,11,2023,2025-12-05 18:40:00,3,94,94065,1,1,1,3,N186,48.75368062,2.3685413
202300036183,28,2,2023,2025-12-05 18:30:00,2,3,3082,2,3,1,3,23 Rue Du Bois,46.290802,2.735392
202300036184,28,2,2023,2025-12-05 16:00:00,1,70,70326,1,1,1,5,Rn 57 Pk 67+220,47.44808,6.077124
202300036185,10,4,2023,2025-12-05 18:25:00,1,13,13001,2,2,1,3,Pompidou Georges (Avenue),43.52729,5.43912
202300036186,8,11,2023,2025-12-05 18:40:00,3,77,77294,1,1,1,3,A104,48.9619319,2.61610299
202300036187,1,3,2023,2025-12-05 13:15:00,1,26,26118,1,1,1,6,Chemin De Beauregard,45.30618,4.958031
202300036188,22,6,2023,2025-12-05 14:15:00,1,38,38184,1,1,1,5,A43   15.971 A 18.875,45.66116314,5.07060397
202300036189,8,11,2023,2025-12-05 10:15:00,1,94,94017,1,1,1,3,A4,48.83020089,2.495767
202300036190,28,2,2023,2025-12-05 09:15:00,1,64,64250,1,1,1,3,2940 Route De L' Adour - Rd 261,43.524422,-1.227452
202300036191,10,4,2023,2025-12-05 12:50:00,1,6,6088,2,2,1,3,Barberis (Rue),43.704481,7.285479
202300036192,20,6,2023,2025-12-05 21:19:00,1,67,67471,1,9,1,2,M35,48.63206,7.72371
202300036193,28,2,2023,2025-12-05 16:00:00,1,18,18135,1,9,1,7,Adresse_Inconnue,46.634977,2.187164
202300036194,8,11,2023,2025-12-05 08:00:00,2,94,94028,1,1,1,3,A86,48.79871719,2.44499982
202300036195,23,6,2023,2025-12-05 07:40:00,1,33,33487,1,1,1,4,Autoroute A 10,44.95422003,-0.45603991
202300036196,1,3,2023,2025-12-05 05:30:00,3,85,85147,1,1,1,6,D8,46.73481582,-0.77834789
202300036197,21,6,2023,2025-12-05 23:10:00,3,62,62548,1,1,1,2,A16,50.93732,1.94993
202300036198,7,11,2023,2025-12-05 18:55:00,3,77,77058,1,1,1,5,A4,48.82968442,2.71123662
202300036199,27,2,2023,2025-12-05 12:30:00,1,67,67471,2,1,1,6,67 Route De Brumath,48.62796391,7.72938609
202300036200,9,4,2023,2025-12-05 13:15:00,1,75,75120,2,1,1,5,Porte De Montreuil,48.851873,2.414958
202300036201,27,3,2023,2025-12-05 15:15:00,1,6,6069,1,1,1,3,Pegomas (Route De),43.623006,6.925819
202300036202,1,3,2023,2025-12-05 05:25:00,5,971,97128,1,1,1,1,Rn4 - Poirier,16.240567,-61.370122
202300036203,11,4,2023,2025-12-05 15:20:00,1,75,75119,2,7,1,2,Place Du Colonel Fabien,48.878026,2.370693
202300036204,28,2,2023,2025-12-05 11:00:00,1,78,78499,1,2,1,3,D988,48.557104,1.904191
202300036205,7,11,2023,2025-12-05 17:50:00,2,973,97302,2,3,1,3,Baduel (Route De),4.93762,-52.31586
202300036206,19,6,2023,2025-12-05 10:15:00,1,59,59532,1,1,1,2,Autoroute A16,50.95474733,2.14127764
202300036207,11,4,2023,2025-12-05 11:20:00,1,75,75119,2,2,1,3,Avenue Jean Jaures,48.882737,2.370306
202300036208,23,6,2023,2025-12-05 19:40:00,1,77,77122,1,1,1,6,Rn 105,48.65386277,2.61594443
202300036209,28,2,2023,2025-12-05 22:45:00,5,7,7348,2,1,1,1,630 Route De Ruoms,44.536382,4.417486
202300036210,7,11,2023,2025-12-05 05:55:00,2,973,97302,2,1,1,3,Montabo (Route De) 1,4.94491,-52.31153
202300036211,23,6,2023,2025-12-05 10:50:00,1,92,92025,1,1,1,7,A86,48.9238663,2.22972613
202300036212,11,4,2023,2025-12-05 08:50:00,1,75,75119,2,2,1,2,Place De La Bataille De Stalingrad,48.884029,2.368837
202300036213,1,3,2023,2025-12-05 07:35:00,1,33,33051,2,9,1,2,27 Avenue De La Cote D?Argent,44.633876,-0.976974