num_acc,jour,mois,an,hrmn,lum,dep,com,agg,int,atm,col,adr,lat,long
202300036214,7,11,2023,2025-12-05 10:30:00,1,69,69387,2,2,1,3,Rue Montesquieu,45.75135,4.84488
202300036215,23,6,2023,2025-12-05 15:00:00,1,78,78297,1,1,1,2,Rn12,48.788888,2.068636
202300036216,11,4,2023,2025-12-05 13:00:00,1,75,75118,2,3,1,6,Boulevard Ney,48.898732,2.370327
202300036217,28,2,2023,2025-12-05 16:30:00,1,22,22272,1,9,1,6,Avenue Du Goelo,48.556894,-3.123383
202300036218,6,11,2023,2025-12-05 09:00:00,1,69,69383,2,1,1,6,Avenue Lacassagne,45.75057805,4.87416968
202300036219,23,6,2023,2025-12-05 07:00:00,1,78,78158,1,1,1,3,A13,48.833638,2.135095
202300036220,22,6,2023,2025-12-05 14:45:00,1,92,92036,1,1,1,2,Autoroute A15,48.94589035,2.28373638
202300036221,28,2,2023,2025-12-05 09:17:00,1,60,60409,1,1,1,4,D1016,49.286982,2.468726
202300036222,11,4,2023,2025-12-05 09:40:00,1,75,75115,2,3,1,6,Quai Branly,48.85747,2.291013
202300036223,28,2,2023,2025-12-05 16:20:00,1,13,13215,1,1,1,2,A7-Sens Marseille Vers Lyon,43.342789,5.375811
202300036224,7,11,2023,2025-12-05 17:00:00,1,972,97213,2,1,1,1,Route Departementale 15,14.65484019,-61.01155077
202300036225,11,4,2023,2025-12-05 00:00:00,5,75,75115,2,2,2,3,Rue De Vaugirard,48.840415,2.304249
202300036226,6,11,2023,2025-12-05 15:40:00,1,972,97209,1,3,1,3,Folie (Route De La),14.61514966,-61.06187811
202300036227,28,2,2023,2025-12-05 12:03:00,1,33,33192,1,1,1,2,Autoroute A 63,44.77911379,-0.64139128
202300036228,11,4,2023,2025-12-05 09:00:00,1,75,75114,2,2,1,7,Boulevard Jourdan,48.823005,2.326634
202300036229,11,4,2023,2025-12-05 18:40:00,1,75,75111,2,1,2,6,Rue Du Chemin Vert,48.858544,2.373128
202300036230,5,11,2023,2025-12-05 18:10:00,5,972,97209,2,6,1,1,Beausejour Jambette (Route De ),14.6299,-61.04155
202300036231,27,2,2023,2025-12-05 18:50:00,2,59,59508,1,1,1,6,Autoroute A22,50.73634,3.12969
202300036232,11,4,2023,2025-12-05 10:20:00,1,75,75112,2,3,1,3,Boulevard Poniatowski,48.832059,2.398795
202300036233,7,11,2023,2025-12-05 05:56:00,5,2B,2B033,1,4,1,3,Toutes Rues,42.68,9.42
202300036234,28,2,2023,2025-12-05 13:35:00,1,91,91589,1,1,1,2,Autoroute A6,48.67858,2.33562
202300036235,6,11,2023,2025-12-05 18:32:00,5,2B,2B033,2,1,1,6,Gaudin - Bld Auguste,42.69449,9.44985
202300036236,11,4,2023,2025-12-05 09:50:00,1,75,75112,2,2,1,3,Pont D Austerlitz,48.84565965,2.36730695
202300036237,28,2,2023,2025-12-05 07:30:00,1,94,94034,1,1,1,2,A86,48.75552034,2.34097827
202300036238,7,11,2023,2025-12-05 16:47:00,1,971,97120,1,4,1,1,Cimetiere (Rue Du),16.24353,-61.53888
202300036239,27,2,2023,2025-12-05 22:51:00,4,91,91216,1,1,1,3,Autoroute A6,48.681,2.331
202300036240,28,2,2023,2025-12-05 09:20:00,1,78,78498,1,1,1,2,A13,48.908391,2.005267
202300036241,11,4,2023,2025-12-05 12:25:00,1,75,75111,2,2,1,6,Rue Du Chemin Vert,48.857114,2.368853
202300036242,7,11,2023,2025-12-05 07:35:00,1,91,91223,2,1,1,6,Saint Martin (Rue),48.42433,2.13731
202300036243,3,11,2023,2025-12-05 16:15:00,1,87,87114,1,1,3,6,Pressemane (Avenue Adrien-,45.83927,1.3246
202300036244,27,2,2023,2025-12-05 18:30:00,3,92,92064,1,1,1,2,A13,48.8382291,2.19103797
202300036245,6,11,2023,2025-12-05 14:00:00,1,86,86066,1,1,3,1,D161,46.793932,0.558527
202300036246,27,2,2023,2025-12-05 16:40:00,1,95,95572,1,1,1,2,A15,49.03421791,2.10199934
202300036247,11,4,2023,2025-12-05 21:45:00,5,75,75109,2,2,2,6,Boulevard De Clichy,48.8822,2.337684
202300036248,27,2,2023,2025-12-05 09:55:00,1,93,93066,1,1,1,3,Autoroute A1,48.91899344,2.357294
202300036249,7,11,2023,2025-12-05 11:50:00,1,83,83144,2,9,1,3,Universite (Ave De L'),43.13787263,6.01521009
202300036250,28,2,2023,2025-12-05 18:15:00,2,94,94028,1,1,1,2,A86,48.7849558,2.44038353
202300036251,7,11,2023,2025-12-05 14:10:00,1,83,83069,1,1,1,7,Nice (Route De),43.13174,6.17088
202300036252,7,11,2023,2025-12-05 17:50:00,2,81,81065,2,1,8,6,Voie Urbaine Sud,43.5827,2.27193
202300036253,28,2,2023,2025-12-05 08:30:00,1,77,77373,1,1,1,2,Rn104,48.77671436,2.61351557
202300036254,27,2,2023,2025-12-05 07:35:00,1,75,75116,2,1,1,2,Echangeur Muette,48.862819,2.264975
202300036255,7,11,2023,2025-12-05 16:25:00,1,77,77390,1,1,1,3,D21,48.79125458,2.69160748
202300036256,11,4,2023,2025-12-05 19:15:00,1,75,75107,2,3,2,7,Avenue De Tourville,48.853789,2.312742
202300036257,27,2,2023,2025-12-05 09:15:00,1,75,75117,2,1,1,2,Boulevard Peripherique Exterieur Ouest,48.890245,2.298465
202300036258,7,11,2023,2025-12-05 05:50:00,5,73,73029,1,5,1,3,D1006 Challes (Route De),45.5680948,5.94057262
202300036259,27,2,2023,2025-12-05 19:25:00,5,75,75119,2,1,1,6,Boulevard Serurier,48.878465,2.402895
202300036260,7,11,2023,2025-12-05 19:35:00,5,73,73011,2,1,1,3,Dubois (Rue Du Cdt)J.Jaures A J. Moulin,45.66818,6.38301
202300036261,27,2,2023,2025-12-05 08:10:00,1,75,75119,2,2,1,3,Rue De Belleville,48.8755,2.392093
202300036262,10,4,2023,2025-12-05 22:23:00,5,75,75107,2,2,2,3,Quai D Orsay,48.862867,2.313472
202300036263,7,11,2023,2025-12-05 22:27:00,5,72,72181,2,6,1,6,Robert Jarry (Bd),47.99828,0.17876
202300036264,27,2,2023,2025-12-05 01:30:00,5,75,75118,2,3,1,2,Rue Championnet,48.895471,2.349577
202300036265,11,4,2023,2025-12-05 17:55:00,1,94,94044,2,1,3,6,Rue Georges Clemenceau,48.743421,2.476949
202300036266,10,4,2023,2025-12-05 15:38:00,1,94,94078,2,1,1,2,Avenue De Melun,48.72460439,2.44503012
202300036267,27,2,2023,2025-12-05 18:15:00,2,75,75117,2,7,1,3,Place Du General Koenig,48.881147,2.283996
202300036268,11,4,2023,2025-12-05 14:30:00,1,94,94074,2,1,1,2,Avenue Henri Barbusse,48.77120539,2.4400152
202300036269,20,2,2023,2025-12-05 09:15:00,1,75,75116,2,4,1,1,Route De La Muette A Neuilly,48.866669,2.264905
202300036270,10,4,2023,2025-12-05 23:45:00,3,94,94076,2,1,2,6,Allee Du Vercors,48.80129,2.35582
202300036271,10,4,2023,2025-12-05 11:26:00,1,94,94033,2,1,1,6,Rue La Fontaine,48.85781774,2.47221069
202300036272,10,4,2023,2025-12-05 18:45:00,1,94,94079,2,3,3,3,Route De Champigny,48.82555,2.53521
202300036273,11,4,2023,2025-12-05 22:50:00,5,93,93048,2,3,2,1,Rue Coli / Impasse Le Brix,48.86846,2.4684
202300036274,27,2,2023,2025-12-05 15:50:00,1,75,75115,2,3,1,6,Rue Olivier De Serres,48.83677,2.29818
202300036275,11,4,2023,2025-12-05 17:30:00,1,93,93006,2,9,1,6,Avenue Gambetta,48.872012,2.418662
202300036276,11,4,2023,2025-12-05 08:30:00,1,93,93031,2,1,1,3,Route De Saint-Leu,48.95424761,2.33487958
202300036277,27,2,2023,2025-12-05 11:51:00,1,75,75107,2,3,1,3,Rue De Sevres,48.849825,2.323295
202300036278,11,4,2023,2025-12-05 16:18:00,1,93,93010,2,1,1,6,Avenue Henri Barbusse,48.90189459,2.4850747
202300036279,11,4,2023,2025-12-05 17:35:00,1,92,92047,2,1,3,6,Yves Cariou,48.83522,2.17019
202300036280,27,2,2023,2025-12-05 12:50:00,1,75,75103,2,2,1,2,Rue De Turbigo,48.865465,2.356192
202300036281,27,2,2023,2025-12-05 05:55:00,5,94,94052,2,1,1,6,31 Rue Hoche,48.83386849,2.49261895
202300036282,11,4,2023,2025-12-05 14:30:00,1,92,92050,2,1,1,2,Premier Mai Rue Du,48.90848268,2.21352249
202300036283,11,4,2023,2025-12-05 20:25:00,5,92,92020,2,1,2,6,Verdun Avenue De Autres Ndeg,48.79877,2.280196
202300036284,27,2,2023,2025-12-05 20:20:00,5,94,94034,2,1,1,6,1 Place Pierre Et Marie Curie,48.75507237,2.32288192
202300036285,11,4,2023,2025-12-05 08:20:00,1,92,92044,2,2,8,6,Aristide Briand(Rue)51A83  54A96,48.89333,2.29048
202300036286,11,4,2023,2025-12-05 17:10:00,1,92,92025,2,1,2,6,Europe (Av De L'),48.926413,2.243778
202300036287,27,2,2023,2025-12-05 20:40:00,5,94,94054,2,1,1,3,119 Avenue De La Victoire,48.74522536,2.3881115
202300036288,11,4,2023,2025-12-05 10:33:00,1,92,92012,2,1,1,6,Quatre Septembre (Quai Du),48.85055833,2.22674444
202300036289,11,4,2023,2025-12-05 07:50:00,1,92,92012,2,1,1,7,Denfert Rochereau (Rue),48.84162,2.24707
202300036290,11,4,2023,2025-12-05 09:17:00,1,92,92012,2,1,1,3,Auteuil (Boulevard D') - Cote Impair,48.84638958,2.24724591
202300036291,27,2,2023,2025-12-05 14:10:00,1,94,94054,2,3,1,6,Avenue Moliere / Av Des Martyrs De Chateaubriant,48.74888,2.40662
202300036292,11,4,2023,2025-12-05 09:35:00,1,92,92004,2,1,1,3,Bas ( Rue Des ),48.9157912,2.29473978
202300036293,27,2,2023,2025-12-05 18:00:00,1,93,93070,2,1,1,6,Rue Du Docteur Bauer,48.90611,2.34306
202300036294,11,4,2023,2025-12-05 14:20:00,1,92,92002,2,1,1,6,Freres Lumieres (Avenue Des),48.74036601,2.31129259
202300036295,3,4,2023,2025-12-05 08:30:00,1,33,33352,2,3,1,3,1 Chemin De Blasignon,44.586085,-0.035845
202300036296,27,2,2023,2025-12-05 17:45:00,1,93,93055,2,1,1,6,Rue Scandicci,48.89150087,2.39864685
202300036297,12,4,2023,2025-12-05 16:10:00,1,974,97422,2,3,8,3,Rue Du General De Gaulle,-21.26994,55.514055
202300036298,27,2,2023,2025-12-05 03:14:00,5,93,93072,2,1,1,6,Avenue De Stalingrad,48.94858855,2.38016424
202300036299,11,4,2023,2025-12-05 09:30:00,1,974,97404,2,6,1,3,Avenue Octave Benard,-21.26511,55.334069
202300036300,27,2,2023,2025-12-05 22:10:00,5,93,93001,2,1,1,1,Avenue Jean Jaures,48.90564223,2.39398869
202300036301,11,4,2023,2025-12-05 09:15:00,1,972,97232,2,1,1,1,D5,14.544846,-60.84316
202300036302,27,2,2023,2025-12-05 14:40:00,1,92,92022,2,1,1,6,Pave Des Gardes (Route Du),48.80766,2.18941
202300036303,12,4,2023,2025-12-05 11:20:00,1,64,64410,2,1,8,6,Avenue Henri Iv,43.371872,-0.630512
202300036304,27,2,2023,2025-12-05 14:25:00,1,92,92048,2,3,1,6,Mal De Lattre De Tassigny (Avenue),48.78570839,2.2290431
202300036305,11,4,2023,2025-12-05 19:30:00,2,67,67117,1,9,1,1,D1004,48.76707,7.317265
202300036306,23,2,2023,2025-12-05 11:22:00,1,92,92004,2,1,1,3,Henir Barbusse ( Avenue ),48.91259,2.27394
202300036307,5,9,2023,2025-12-05 08:00:00,1,75,75113,2,1,1,7,Boulevard Massena,48.820558,2.365893
202300036308,27,2,2023,2025-12-05 16:50:00,1,35,35041,1,1,1,1,Le Jainet,47.97030349,-1.53758973
202300036309,11,4,2023,2025-12-05 16:45:00,1,38,38400,2,1,1,1,637 Avenue Gaston Bonnardel,45.342433,5.56663
202300036310,5,9,2023,2025-12-05 08:41:00,1,75,75110,2,3,1,7,Rue Du Faubourg Saint Martin,48.874308,2.358612
202300036311,27,2,2023,2025-12-05 08:00:00,1,54,54089,1,1,1,7,Rd 37,48.761166,6.269342
202300036312,11,4,2023,2025-12-05 16:14:00,1,30,30225,1,1,1,6,Rd 6,44.162135,4.553103
202300036313,27,2,2023,2025-12-05 11:50:00,1,58,58270,1,1,1,6,D955,47.490297,2.998238
202300036314,5,9,2023,2025-12-05 08:40:00,1,75,75108,2,7,7,3,Place De L Alma,48.864727,2.301716
202300036315,7,4,2023,2025-12-05 11:50:00,1,33,33236,2,1,1,3,171 Avenue De Bordeaux,44.700714,-1.229863
202300036316,26,2,2023,2025-12-05 16:35:00,1,63,63404,1,9,1,3,A75,45.569829,3.249968
202300036317,4,9,2023,2025-12-05 09:17:00,1,75,75108,2,2,1,2,Avenue Marceau,48.865148,2.299851
202300036318,11,4,2023,2025-12-05 17:20:00,1,32,32227,1,1,1,1,D931,43.807612,0.06345
202300036319,27,2,2023,2025-12-05 14:00:00,1,35,35193,1,2,1,3,D 82 - Pk 28,48.249483,-1.719956
202300036320,11,4,2023,2025-12-05 18:05:00,1,63,63234,1,1,1,7,"D 978 Lieu-Dit ""Le Rivalet""",45.570024,3.060771
202300036321,5,9,2023,2025-12-05 15:10:00,1,75,75104,2,1,1,2,Boulevard De Sebastopol,48.861075,2.349647
202300036322,27,2,2023,2025-12-05 21:05:00,3,57,57343,1,2,1,7,D1,49.328455,6.181815
202300036323,5,9,2023,2025-12-05 10:55:00,1,75,75104,2,2,1,3,Rue Saint Antoine,48.853982,2.364784
202300036324,12,4,2023,2025-12-05 17:30:00,1,12,12203,1,1,2,1,D23,43.980433,2.97545
202300036325,27,2,2023,2025-12-05 18:35:00,4,51,51391,1,1,1,4,N31,49.26970407,3.90987754
202300036326,6,4,2023,2025-12-05 16:35:00,1,68,68374,2,1,1,3,Avenue Lorraine,48.087988,7.314802
202300036327,5,9,2023,2025-12-05 09:10:00,1,94,94037,2,3,1,3,Avenue Paul Vaillant-Couturier,48.81642397,2.33956298
202300036328,12,4,2023,2025-12-05 14:45:00,1,38,38338,1,1,1,1,D1532,45.229448,5.497456
202300036329,27,2,2023,2025-12-05 07:50:00,1,51,51282,1,1,7,4,N31,49.268872,3.914952
202300036330,5,9,2023,2025-12-05 08:08:00,1,94,94022,2,2,1,6,Rue Jules Valles,48.75461,2.41028
202300036331,28,2,2023,2025-12-05 17:40:00,1,61,61293,2,1,1,6,D9,48.509534,0.55721
202300036332,11,4,2023,2025-12-05 20:30:00,2,15,15087,1,1,1,7,D601,44.776093,2.426498
202300036333,5,9,2023,2025-12-05 10:20:00,1,93,93078,2,1,1,3,Avenue Vauban,48.967342,2.551668
202300036334,17,2,2023,2025-12-05 18:15:00,3,25,25220,1,1,1,5,D9,47.130535,6.013985
202300036335,12,4,2023,2025-12-05 06:45:00,1,5,5046,2,1,1,6,Rue De La Plaine Sous Le Roc,44.556075,6.484353
202300036336,5,9,2023,2025-12-05 12:30:00,1,93,93051,2,1,1,6,Rue Du Marnois,48.84125,2.5599
202300036337,15,1,2023,2025-12-05 18:20:00,3,35,35264,1,4,3,1,Le Val,48.108305,-1.363142
202300036338,5,9,2023,2025-12-05 08:17:00,1,93,93048,2,9,1,7,Rue De Rosny,48.86950019,2.46376484
202300036339,11,4,2023,2025-12-05 18:30:00,1,5,5012,1,2,1,3,Rd40,44.54739,6.485732
202300036340,27,2,2023,2025-12-05 19:05:00,3,38,38118,1,1,1,6,Route De Lyon,45.402949,5.465561
202300036341,12,4,2023,2025-12-05 16:45:00,1,5,5132,1,1,2,7,Lac De L'Aullagnier (Eau),44.671293,6.101156
202300036342,5,9,2023,2025-12-05 18:00:00,1,93,93046,2,5,1,6,Avenue Benoit Malon / Avenue Winston Churchill,48.91524,2.53512
202300036343,27,2,2023,2025-12-05 17:00:00,1,70,70117,1,1,1,1,Route Departementale 218,47.631829,6.775635
202300036344,5,9,2023,2025-12-05 17:45:00,1,93,93046,2,9,1,3,Avenue Aristide Briand,48.91081887,2.51372606
202300036345,27,2,2023,2025-12-05 19:40:00,3,72,72344,1,1,1,1,D326,47.94044,0.15316
202300036346,11,4,2023,2025-12-05 22:05:00,3,64,64466,1,1,1,4,D23,43.343095,-0.874701
202300036347,4,9,2023,2025-12-05 18:35:00,1,93,93046,2,2,1,3,Allee Vendome / Avenue Paul Bert,48.91845845,2.52577507
202300036348,11,4,2023,2025-12-05 20:40:00,2,16,16295,1,1,1,6,Adresse_Inconnue,45.818149,0.132603
202300036349,27,2,2023,2025-12-05 17:55:00,2,5,5017,1,1,1,1,Route Des Borels,44.567427,6.20677897
202300036350,4,9,2023,2025-12-05 14:15:00,1,93,93029,2,1,1,1,Rue Hoche,48.92794194,2.43189674
202300036351,28,2,2023,2025-12-05 19:00:00,5,60,60245,2,2,1,6,4 Rue Georges Clemenceau,49.650355,1.730352
202300036352,12,4,2023,2025-12-05 08:27:00,1,68,68375,2,6,2,3,D19,47.774727,7.227357
202300036353,26,2,2023,2025-12-05 03:00:00,5,10,10328,2,4,1,6,D86,48.346608,4.256274
202300036354,5,9,2023,2025-12-05 18:10:00,1,92,92064,2,2,1,2,Republique,48.85901375,2.21170172
202300036355,11,4,2023,2025-12-05 19:28:00,1,67,67164,1,1,1,2,A 35 Pk 420.700,48.430525,7.494607
202300036356,26,2,2023,2025-12-05 20:10:00,3,53,53140,1,1,1,7,Vaubernier,48.104659,-0.70253
202300036357,5,9,2023,2025-12-05 08:15:00,1,92,92033,2,1,1,3,Docteur Debat,48.85234788,2.19611764
202300036358,27,2,2023,2025-12-05 09:30:00,1,24,24214,2,2,1,6,D75,45.56917,0.560233
202300036359,11,4,2023,2025-12-05 08:50:00,1,987,98715,1,1,1,3,Rdo Sens Papeete - Punaauia,-17.584,-149.56
202300036360,5,9,2023,2025-12-05 16:50:00,1,92,92050,2,3,1,3,Picasso Pablo Avenue,48.88851299,2.22431409
202300036361,27,2,2023,2025-12-05 02:25:00,3,87,87059,1,1,1,6,D25,46.199632,1.108611
202300036362,5,9,2023,2025-12-05 08:15:00,1,92,92036,2,4,1,6,Laurent Cely (Avenue) (1/143),48.91730513,2.30750799
202300036363,27,2,2023,2025-12-05 14:40:00,1,30,30272,1,1,2,5,Adresse_Inconnue,43.966457,3.691074
202300036364,5,9,2023,2025-12-05 09:35:00,1,92,92026,2,3,7,3,Republique ( De 82 A Fin ),48.90362672,2.25759959
202300036365,11,4,2023,2025-12-05 15:00:00,1,59,59377,1,1,1,2,A26 Pk 139.6 Sens Calais - Reims,50.0926335,3.17037009
202300036366,28,2,2023,2025-12-05 10:25:00,1,8,8022,2,2,1,6,1 Route De Tournes,49.82342505,4.6518766
202300036367,5,9,2023,2025-12-05 16:20:00,1,92,92025,2,1,1,6,Pierre De Coubertin (Bd),48.92862919,2.25159734
202300036368,22,2,2023,2025-12-05 08:54:00,1,78,78043,2,6,1,7,Rue De Maule,48.840077,2.082703
202300036369,12,4,2023,2025-12-05 07:50:00,1,77,77407,1,1,3,6,Autorute A6 Pk 039+400 Circulant Vers Lyon,48.518951,2.504598
202300036370,5,9,2023,2025-12-05 07:40:00,2,92,92025,2,9,1,6,Bournard (Rue Du),48.92303386,2.25430727
202300036371,27,2,2023,2025-12-05 09:46:00,1,1,1134,1,1,1,4,"A406, Pk 4.200",46.280759,4.86227
202300036372,4,9,2023,2025-12-05 14:00:00,1,92,92012,2,1,1,6,Andre Morizet (Avenue) 1/47 - 2/52,48.83447,2.2421
202300036373,7,4,2023,2025-12-05 03:25:00,5,987,98758,2,1,1,6,Pk 3 Cote Ouest,-16.744,-151.46
202300036374,28,2,2023,2025-12-05 08:00:00,1,971,97103,2,1,1,3,552 Rue De La Chapelle,16.234953,-61.557363
202300036375,4,9,2023,2025-12-05 18:35:00,1,92,92007,2,1,1,3,Pasteur (Avenue Louis) Ndeg 1 A 39 Et 2 A,48.797,2.31737
202300036376,12,4,2023,2025-12-05 18:00:00,1,91,91568,1,1,1,1,D27,48.575049,2.111086
202300036377,25,2,2023,2025-12-05 10:00:00,1,84,84141,1,1,1,3,A7 Pk191.300,43.972156,4.896174
202300036378,1,9,2023,2025-12-05 22:20:00,5,92,92004,2,1,1,3,Argenteuil Av D',48.91624814,2.28236273
202300036379,12,4,2023,2025-12-05 10:15:00,1,83,83071,2,1,1,6,Avenue Georges Clemenceau,43.139196,6.238109
202300036380,4,9,2023,2025-12-05 17:45:00,1,92,92004,2,1,1,3,Pierre Boudou,48.91562,2.30787
202300036381,28,2,2023,2025-12-05 01:15:00,5,77,77065,1,1,1,6,"Autoroute A6, Pk 46.900 En Direction De Lyon",48.455171,2.522489
202300036382,4,9,2023,2025-12-05 07:52:00,2,92,92004,2,4,1,1,Pierre Boudou,48.91352,2.29914
202300036383,25,2,2023,2025-12-05 23:12:00,3,973,97311,1,1,2,7,Route De Saint Jean,5.428312,-54.04104
202300036384,11,4,2023,2025-12-05 09:50:00,1,13,13093,2,1,1,3,D561,43.686285,5.396122
202300036385,26,2,2023,2025-12-05 16:30:00,1,45,45121,1,1,6,7,Rue De Chatillon,47.794627,2.870575
202300036386,5,9,2023,2025-12-05 18:45:00,1,92,92014,2,1,1,6,Marechal Joffre (Bd Du) (43 A 97 - 58 A,48.77987,2.3135
202300036387,11,4,2023,2025-12-05 22:08:00,5,57,57484,2,6,1,7,67 Rue Nationale,49.168215,6.868665
202300036388,3,9,2023,2025-12-05 04:15:00,3,35,35151,1,1,1,6,D177,47.855895,-1.892484
202300036389,27,2,2023,2025-12-05 15:05:00,1,78,78346,1,2,1,3,Rue De La Fortelle,48.928118,1.569725
202300036390,5,9,2023,2025-12-05 21:30:00,2,22,22049,1,1,1,6,D28 Pk 7+900,48.524418,-2.200012
202300036391,12,4,2023,2025-12-05 05:20:00,4,27,27275,2,3,2,1,Cote Des Sables,49.15111,1.376579
202300036392,5,9,2023,2025-12-05 17:45:00,1,95,95313,2,1,1,6,D922,49.12238,2.244473
202300036393,5,9,2023,2025-12-05 12:58:00,1,95,95313,1,1,1,3,D64,49.10731497,2.23691983
202300036394,11,4,2023,2025-12-05 13:30:00,1,62,62560,2,1,1,6,Avenue Ferber,50.815594,1.701853
202300036395,19,2,2023,2025-12-05 09:43:00,1,13,13007,2,4,1,2,D45A,43.367505,5.652519
202300036396,1,9,2023,2025-12-05 17:10:00,1,33,33352,2,1,1,6,Rd 670,44.59070276,-0.03284365
202300036397,11,4,2023,2025-12-05 18:20:00,1,33,33192,1,1,1,3,Rocade A 630,44.78965,-0.61534
202300036398,27,2,2023,2025-12-05 09:55:00,1,69,69287,1,1,1,6,Rue Des Alpes,45.701676,5.000732
202300036399,5,9,2023,2025-12-05 10:35:00,1,7,7191,1,6,1,3,Rd 86H,44.580033,4.703817
202300036400,27,2,2023,2025-12-05 09:20:00,1,17,17056,1,2,1,3,Route De L'Ormeau Rouge,45.607508,-0.506862
202300036401,11,4,2023,2025-12-05 09:00:00,1,91,91377,1,1,1,3,Rn20,48.71333,2.28941
202300036402,4,9,2023,2025-12-05 20:40:00,5,6,6161,2,2,1,3,"1495, Route Nationale 7",43.63598,7.133536
202300036403,26,2,2023,2025-12-05 01:45:00,5,85,85092,2,1,1,6,Rue De Fontarabie,46.464188,-0.801322
202300036404,11,4,2023,2025-12-05 18:45:00,1,92,92036,1,1,2,6,Rn315 Y,48.91987444,2.30667989
202300036405,5,9,2023,2025-12-05 17:40:00,1,52,52282,1,1,1,3,A5,47.97959131,5.13386112
202300036406,28,2,2023,2025-12-05 06:45:00,2,60,60369,1,1,1,2,6 Rue De La Gare,49.348808,2.717625
202300036407,11,4,2023,2025-12-05 10:10:00,1,78,78571,1,1,1,6,A13,48.872598,2.025976
202300036408,4,9,2023,2025-12-05 14:45:00,1,1,1353,1,1,1,1,Route D'Ars,45.976474,4.798426
202300036409,27,2,2023,2025-12-05 06:55:00,5,33,33249,1,1,1,3,Rocade A 630,44.88474216,-0.51442623
202300036410,6,9,2023,2025-12-05 09:25:00,1,1,1354,2,6,1,7,D78A,46.264544,6.043784
202300036411,17,2,2023,2025-12-05 14:23:00,1,59,59646,1,1,1,6,Route Departementale 652,50.68341,3.112
202300036412,11,4,2023,2025-12-05 09:20:00,1,92,92048,1,1,1,3,N118,48.79379358,2.21880725
202300036413,5,9,2023,2025-12-05 12:20:00,1,35,35012,1,1,1,6,Pommeniac,47.799229,-1.690988
202300036414,27,2,2023,2025-12-05 14:00:00,1,91,91645,1,1,1,3,N385,48.75993188,2.26284379
202300036415,10,4,2023,2025-12-05 22:10:00,3,93,93066,1,1,2,2,Autoroute A86,48.92193,2.36188
202300036416,27,2,2023,2025-12-05 01:40:00,3,78,78007,1,1,1,7,A13W,48.8993,2.0055
202300036417,5,9,2023,2025-12-05 14:55:00,1,14,14027,1,1,1,1,6 Route De Beauvais,49.029054,-0.640426
202300036418,11,4,2023,2025-12-05 07:30:00,1,93,93051,1,1,1,3,A4,48.83620546,2.5559632
202300036419,26,2,2023,2025-12-05 06:55:00,3,78,78133,1,1,1,6,A13,48.887648,2.011535
202300036420,5,9,2023,2025-12-05 18:30:00,1,74,74112,1,1,1,4,Rd1508 - Face A Jour De Fete,45.936065,6.07471
202300036421,25,2,2023,2025-12-05 23:08:00,5,78,78362,1,1,1,6,A13,48.977002,1.715643
202300036422,5,9,2023,2025-12-05 17:30:00,1,62,62808,1,1,1,6,D343,50.464826,2.228851
202300036423,3,9,2023,2025-12-05 23:00:00,4,62,62597,2,1,1,7,D32,50.18515075,2.78071378
202300036424,26,2,2023,2025-12-05 16:30:00,1,95,95500,1,1,1,2,A15,49.036351,2.09396878
202300036425,8,4,2023,2025-12-05 04:07:00,5,75,75114,2,3,1,2,Avenue Du General Leclerc,48.830795,2.329388
202300036426,10,4,2023,2025-12-05 23:00:00,5,75,75120,2,2,2,7,Rue De La Bidassoa,48.865429,2.394894
202300036427,5,9,2023,2025-12-05 13:30:00,1,57,57389,1,9,1,1,D24,49.040203,6.720967
202300036428,25,2,2023,2025-12-05 14:50:00,1,93,93010,1,1,1,4,Autoroute A3,48.89162,2.4733
202300036429,10,4,2023,2025-12-05 18:55:00,1,75,75119,2,3,2,7,Avenue Jean Jaures,48.886641,2.38482
202300036430,4,9,2023,2025-12-05 14:30:00,1,51,51543,1,1,1,7,D931,49.095621,4.702578
202300036431,27,2,2023,2025-12-05 16:30:00,1,94,94022,1,1,1,2,A86,48.77572926,2.41366314
202300036432,6,9,2023,2025-12-05 10:55:00,1,51,51393,1,1,7,1,D386,49.134371,3.9186
202300036433,7,4,2023,2025-12-05 13:00:00,1,75,75116,2,3,1,3,Route Des Tribunes,48.861972,2.230384
202300036434,19,8,2023,2025-12-05 10:45:00,1,19,19049,1,3,1,3,Route Des Places,45.065754,1.474979
202300036435,2,9,2023,2025-12-05 18:50:00,1,56,56164,1,4,2,2,Penhouet,47.658118,-2.815933
202300036436,10,4,2023,2025-12-05 02:55:00,5,75,75111,2,1,1,3,Rue Du Faubourg Saint Antoine,48.850462,2.383078
202300036437,5,9,2023,2025-12-05 10:05:00,1,74,74208,1,1,1,7,Route De Plaine Joux,45.946793,6.725435
202300036438,5,9,2023,2025-12-05 12:05:00,1,2B,2B050,2,9,1,3,Avenue Christophe Colomb,42.556692,8.759478
202300036439,5,9,2023,2025-12-05 17:25:00,1,11,11304,1,1,1,1,Adresse_Inconnue,42.895428,2.190807
202300036440,6,9,2023,2025-12-05 18:18:00,1,63,63338,1,1,1,6,32 Rue De Chez Ponet,46.166201,2.814925
202300036441,5,9,2023,2025-12-05 14:00:00,1,86,86139,1,1,1,1,Breuil,46.450345,0.098717
202300036442,6,9,2023,2025-12-05 16:35:00,1,25,25157,1,1,1,1,Lieu Dit  Le Creux,46.882518,6.421015
202300036443,6,9,2023,2025-12-05 07:48:00,1,25,25367,2,1,1,6,15 Rue De Beaulieu,47.447935,6.813074