num_acc,jour,mois,an,hrmn,lum,dep,com,agg,int,atm,col,adr,lat,long
202300036444,6,9,2023,2025-12-05 03:53:00,3,44,44206,1,1,1,7,Le Poteau,46.897468,-1.705531
202300036445,4,9,2023,2025-12-05 11:20:00,1,29,29217,2,1,1,6,4 Rue Des Abbes Tanguy,47.855627,-3.748608
202300036446,5,9,2023,2025-12-05 20:40:00,3,2,2422,1,1,1,2,Adresse_Inconnue,49.928102,3.6303
202300036447,6,9,2023,2025-12-05 11:30:00,1,1,1323,1,2,1,3,Route Des 4 Vents,46.423008,4.933763
202300036448,6,9,2023,2025-12-05 11:10:00,1,1,1113,1,1,1,3,La Buissonniere,46.154467,5.114624
202300036449,5,9,2023,2025-12-05 19:38:00,1,70,70312,2,2,7,3,Rue Pierre Carmien Et Rue De La Cotelotte,47.597068,6.739664
202300036450,5,9,2023,2025-12-05 19:45:00,1,26,26159,1,1,1,6,D514,44.71300284,5.41640997
202300036451,6,9,2023,2025-12-05 07:30:00,1,6,6059,1,1,1,2,M6007,43.72634,7.388805
202300036452,6,9,2023,2025-12-05 10:40:00,1,50,50353,2,1,1,6,Le Mont-Saint-Michel,48.617477,-1.511028
202300036453,4,9,2023,2025-12-05 16:34:00,1,43,43005,1,1,1,7,Lieu-Dit Gourlon,44.921243,3.676177
202300036454,6,9,2023,2025-12-05 14:10:00,1,36,36128,1,1,1,3,Adresse_Inconnue,46.85713508,1.77566404
202300036455,5,9,2023,2025-12-05 16:00:00,1,53,53008,2,1,1,6,1 Rue De La Liberation,48.29692,-0.559825
202300036456,6,9,2023,2025-12-05 15:11:00,1,4,4121,1,1,1,1,D17,44.0172,6.178994
202300036457,6,9,2023,2025-12-05 17:50:00,1,85,85031,1,2,1,3,Carrefour Rd 960Bis / Rd 13,46.776058,-0.895596
202300036458,4,9,2023,2025-12-05 13:30:00,1,37,37109,1,3,1,3,D76,47.412747,0.603057
202300036459,3,9,2023,2025-12-05 18:30:00,1,67,67083,1,4,1,3,D853,48.993327,7.653651
202300036460,6,9,2023,2025-12-05 03:10:00,3,24,24091,1,1,1,6,D46,44.772132,1.217895
202300036461,4,9,2023,2025-12-05 15:05:00,1,971,97103,2,1,1,3,Boulevard De Destrellan,16.253664,-61.587961
202300036462,5,9,2023,2025-12-05 09:42:00,1,95,95580,1,6,1,3,D16,49.08599527,2.5496757
202300036463,5,9,2023,2025-12-05 16:40:00,1,59,59216,1,1,1,2,"Autoroute A2, Pk 037.300, Sens Paris/Bruxelles",50.224119,3.257961
202300036464,4,9,2023,2025-12-05 13:45:00,1,987,98729,1,1,2,1,"Pk 7,700 Paopao",-17.577,-150.202
202300036465,6,9,2023,2025-12-05 09:15:00,1,971,97106,2,1,7,3,Boulevard Front De Mer,16.128654,-61.769766
202300036466,5,9,2023,2025-12-05 11:10:00,1,77,77005,1,1,1,2,D404,48.928421,2.728429
202300036467,5,9,2023,2025-12-05 08:55:00,1,77,77520,1,1,1,7,D104,48.319748,2.654188
202300036468,6,9,2023,2025-12-05 05:30:00,2,78,78499,1,2,1,3,D988,48.557097,1.904229
202300036469,5,9,2023,2025-12-05 15:30:00,1,34,34154,1,1,1,3,Cd189,43.600843,3.957964
202300036470,12,8,2023,2025-12-05 22:30:00,3,13,13066,1,9,1,2,D7N,43.883441,4.91592
202300036471,6,9,2023,2025-12-05 17:06:00,1,25,25505,2,1,1,2,8 Route De Cuse,47.480001,6.359899
202300036472,5,9,2023,2025-12-05 18:30:00,1,71,71371,1,3,1,3,Route De Macon,46.33498,4.73087
202300036473,6,9,2023,2025-12-05 18:15:00,1,68,68111,1,1,1,7,D1.5,48.00474,7.26795
202300036474,5,9,2023,2025-12-05 07:30:00,1,42,42304,2,1,1,1,D8,45.527877,4.196777
202300036475,5,9,2023,2025-12-05 16:20:00,1,38,38246,2,1,1,2,D51,45.53262,5.417783
202300036476,5,9,2023,2025-12-05 19:06:00,1,38,38474,1,1,1,6,D531,45.216624,5.645674
202300036477,3,9,2023,2025-12-05 14:45:00,1,26,26170,1,2,1,3,D176,44.903239,4.942909
202300036478,4,9,2023,2025-12-05 19:05:00,1,33,33509,1,1,1,6,D138,44.99800567,-0.23300081
202300036479,4,9,2023,2025-12-05 18:05:00,1,33,33494,1,1,1,1,D6,44.949158,-0.852556
202300036480,26,8,2023,2025-12-05 18:00:00,1,33,33422,2,1,1,1,Avenue Du Las,44.80716801,-0.79261422
202300036481,4,9,2023,2025-12-05 07:25:00,1,14,14728,2,1,1,6,2 Route Du Chateau,49.28605,-0.73597
202300036482,6,9,2023,2025-12-05 10:40:00,1,29,29021,2,1,1,7,Route De Menhir,48.654311,-4.303011
202300036483,31,8,2023,2025-12-05 23:10:00,3,29,29087,1,1,3,7,Route De Kermenguy,48.06075,-4.280713
202300036484,6,9,2023,2025-12-05 18:10:00,1,59,59551,2,1,7,6,715 Rue Jean Rache,50.482768,3.338693
202300036485,5,9,2023,2025-12-05 15:00:00,1,59,59336,1,1,7,7,Rd 47,50.279557,3.042952
202300036486,4,9,2023,2025-12-05 15:37:00,1,13,13212,1,1,1,2,A507 Sens Marseille - Aubagne,43.31297,5.42393
202300036487,5,9,2023,2025-12-05 08:46:00,1,13,13202,1,1,1,3,A55-Sens Martigues Vers Marseille,43.3153,5.365
202300036488,4,9,2023,2025-12-05 11:28:00,1,13,13071,1,1,1,4,A7-Sens Marseille Vers Lyon,43.41716002,5.27526772
202300036489,4,9,2023,2025-12-05 18:30:00,1,59,59196,1,1,1,6,Autoroute A25,50.63585,2.94455
202300036490,1,9,2023,2025-12-05 07:50:00,2,59,59478,1,1,3,6,Autoroute A25,50.94275,2.45208
202300036491,1,9,2023,2025-12-05 02:25:00,3,59,59155,1,1,2,6,Autoroute A16,51.0136,2.38272
202300036492,5,9,2023,2025-12-05 00:40:00,3,94,94076,1,1,1,2,A6B,48.78543196,2.34573083
202300036493,4,9,2023,2025-12-05 15:48:00,1,91,91179,1,1,1,2,Autoroute A6,48.567,2.472
202300036494,4,9,2023,2025-12-05 16:00:00,1,92,92036,1,1,1,3,A86,48.93480505,2.28150149
202300036495,3,9,2023,2025-12-05 01:20:00,3,95,95572,1,1,1,2,A15,49.028852,2.127219
202300036496,5,9,2023,2025-12-05 17:30:00,1,77,77258,1,1,1,4,A4.Y,48.8303,2.63104
202300036497,5,7,2023,2025-12-05 01:20:00,5,83,83069,2,2,1,7,Front De Mer (Boulevard),43.10549,6.17588
202300036498,4,7,2023,2025-12-05 19:05:00,1,83,83061,2,3,1,3,Avenue Du Huit Mai 1945,43.43079,6.72505
202300036499,10,6,2023,2025-12-05 15:40:00,1,94,94041,2,2,1,3,Rue Denis Papin,48.81374522,2.39538833
202300036500,4,9,2023,2025-12-05 17:10:00,2,988,98818,2,3,2,3,Avenue Bonaparte/Rue De Bouzouls,-22.23646,166.46453
202300036501,4,9,2023,2025-12-05 17:10:00,1,974,97416,2,1,1,6,Savigny (Chemin Edouard),-21.29734,55.49261
202300036502,4,9,2023,2025-12-05 07:38:00,1,974,97416,1,1,1,2,Badamier(Chemin),-21.3103,55.4562
202300036503,31,8,2023,2025-12-05 17:20:00,1,974,97416,1,1,1,7,Maurice Thorez(Chemin),-21.2776,55.4681
202300036504,4,9,2023,2025-12-05 18:20:00,5,973,97302,2,4,1,3,Catayee (Justin),4.92556451,-52.32413113
202300036505,4,9,2023,2025-12-05 07:32:00,1,973,97302,2,1,1,3,Cabassou (Route De),4.91983418,-52.31922269
202300036506,4,9,2023,2025-12-05 20:36:00,5,2B,2B353,1,1,1,6,Cap - Route Du Cap,42.716881,9.455308
202300036507,3,9,2023,2025-12-05 18:00:00,2,971,97113,2,1,1,7,Section Grande Ravine,16.21424,-61.4806
202300036508,3,9,2023,2025-12-05 18:20:00,2,971,97113,1,1,1,3,Morne Salines,16.21069795,-61.44166231
202300036509,15,8,2023,2025-12-05 18:00:00,1,971,97101,1,4,1,3,Route De Chazeau,16.28899,-61.48015
202300036510,20,8,2023,2025-12-05 08:34:00,1,95,95210,2,2,1,7,Liberation (Rue De La),48.97174,2.30509
202300036511,4,9,2023,2025-12-05 22:00:00,2,91,91216,2,4,1,2,Grand Vaux (Rue),48.67571,2.33591
202300036512,4,9,2023,2025-12-05 12:45:00,1,91,91223,1,1,1,7,R.D.20,48.43077,2.16458
202300036513,31,8,2023,2025-12-05 16:50:00,1,89,89387,1,1,2,4,D606,48.16734,3.29843
202300036514,2,9,2023,2025-12-05 18:01:00,1,87,87085,2,1,1,6,Perrin (Rue Francois),45.82889,1.24352
202300036515,3,9,2023,2025-12-05 03:10:00,5,86,86194,2,1,1,6,Rue Jean Valade,46.566463,0.314177
202300036516,20,8,2023,2025-12-05 12:00:00,1,83,83137,2,1,1,6,15Eme Corps (Ave Du),43.12824,5.90855
202300036517,4,9,2023,2025-12-05 15:45:00,1,78,78133,2,3,1,3,Mantes (Route De),48.908849,2.042982
202300036518,4,9,2023,2025-12-05 11:00:00,1,78,78350,2,1,1,2,Conti (Quai),48.876704,2.116542
202300036519,4,9,2023,2025-12-05 16:35:00,1,77,77284,2,2,7,2,Marne (Rue De La),48.95304,2.88534
202300036520,4,9,2023,2025-12-05 12:00:00,1,77,77307,2,1,1,3,Rue De Rome,48.857398,2.755314
202300036521,4,9,2023,2025-12-05 09:00:00,1,77,77042,2,7,1,3,Rd 222,48.82265581,3.13701779
202300036522,4,9,2023,2025-12-05 11:20:00,1,76,76322,2,1,1,6,Avenue Des Provinces,49.410313,1.0524264
202300036523,4,9,2023,2025-12-05 09:30:00,1,76,76410,2,2,1,6,Rue Pasteur,49.47738,1.04059
202300036524,2,9,2023,2025-12-05 13:13:00,1,76,76351,2,1,1,2,Louis Blanc,49.50745,0.13097
202300036525,1,9,2023,2025-12-05 13:00:00,1,76,76447,2,1,1,6,La Lezarde (Centre Commercial),49.52709513,0.1907409
202300036526,3,9,2023,2025-12-05 17:20:00,1,72,72181,2,1,1,2,Poitevin Alphonse (Rue),48.01424,0.2001
202300036527,4,9,2023,2025-12-05 08:00:00,1,69,69264,2,1,1,6,Avenue De L'Europe,45.99792,4.73491
202300036528,3,9,2023,2025-12-05 17:00:00,1,67,67482,2,1,1,7,Welsch (Rue),48.53225,7.768
202300036529,2,9,2023,2025-12-05 17:05:00,1,67,67043,2,3,1,3,Perigueux (Avenue De),48.6145,7.74064
202300036530,4,9,2023,2025-12-05 10:08:00,1,63,63113,2,2,1,6,Saint Jean (Bd)/Rue Jules Verne,45.78183,3.11803
202300036531,4,9,2023,2025-12-05 13:30:00,1,60,60057,2,9,1,3,Rocade Nord - Cite Des Fleurs,49.46032,2.08622
202300036532,4,9,2023,2025-12-05 12:50:00,1,60,60057,2,3,7,3,Binet  (Rue),49.42197694,2.07958961
202300036533,4,9,2023,2025-12-05 08:40:00,1,58,58194,2,1,7,6,Saint Exupery (Boulevard),47.0034,3.16162
202300036534,2,9,2023,2025-12-05 23:20:00,3,56,56083,2,4,1,3,Vannes ( Route De ),47.7990633,-3.2569456
202300036535,4,9,2023,2025-12-05 18:45:00,1,51,51454,2,1,1,1,Vignoble (Allee),49.21361,4.0187
202300036536,4,9,2023,2025-12-05 22:55:00,5,51,51108,2,1,1,6,Loyer (Rue Lieutenant),48.95232,4.350007
202300036537,4,9,2023,2025-12-05 16:35:00,1,45,45234,2,6,1,3,1 Avenue De La Mouillere,47.88797444,1.90552175
202300036538,16,8,2023,2025-12-05 12:00:00,1,42,42123,2,1,1,6,Rue Font Flora,45.51539,4.58467
202300036539,4,9,2023,2025-12-05 14:00:00,1,38,38185,2,1,1,6,Place Hubert Dubedout,45.19224305,5.72055567
202300036540,4,9,2023,2025-12-05 13:50:00,1,38,38421,2,1,1,3,Rue Du Tour De L'Eau,45.18766,5.77486
202300036541,5,9,2023,2025-12-05 00:45:00,3,37,37208,2,1,1,6,Placiers (Rue Des),47.36039,0.75572
202300036542,4,9,2023,2025-12-05 15:00:00,1,37,37122,2,1,1,6,Bretonnieres (Boulevard Des),47.34575,0.6425
202300036543,3,9,2023,2025-12-05 14:26:00,1,37,37261,2,6,1,3,Saint-Sauveur (Rond Point),47.37355,0.67855
202300036544,4,9,2023,2025-12-05 07:30:00,1,33,33039,2,2,1,3,Route De Toulouse,44.78765,-0.56656
202300036545,4,9,2023,2025-12-05 17:45:00,1,32,32013,1,1,1,7,Arcon (Route),43.68081,0.61895
202300036546,11,12,2023,2025-12-05 18:42:00,3,10,10321,2,3,1,2,General Leclerc (Rue Du),48.2914,4.033
202300036547,5,9,2023,2025-12-05 00:04:00,5,31,31069,2,1,1,7,Pins (Av Des),43.63901,1.38314
202300036548,12,12,2023,2025-12-05 23:34:00,5,1,1283,2,6,3,6,Ferrier (General),46.24808,5.64613
202300036549,4,9,2023,2025-12-05 19:00:00,1,28,28134,2,2,1,3,Lievre D'Or (Rue Du),48.7332,1.38587
202300036550,12,12,2023,2025-12-05 18:00:00,5,75,75116,2,1,1,4,Bd Peripherique Interieur,48.839637,2.254165
202300036551,4,9,2023,2025-12-05 18:15:00,1,28,28134,2,3,1,1,Pasteur (Boulevard),48.73597,1.37886
202300036552,12,12,2023,2025-12-05 17:45:00,5,75,75113,2,1,8,2,Bd Peripherique Interieur,48.816833,2.364982
202300036553,4,9,2023,2025-12-05 13:45:00,1,25,25056,2,2,1,1,Chaillot Rue De,47.251159,6.013574
202300036554,12,12,2023,2025-12-05 14:00:00,1,75,75112,2,1,2,3,Bd Peripherique Interieur,48.831429,2.403851
202300036555,4,9,2023,2025-12-05 22:10:00,3,22,22215,1,1,1,7,Rue Du Bois Joli,48.47003393,-2.80363619
202300036556,12,12,2023,2025-12-05 08:15:00,2,75,75112,2,1,1,6,Bd Peripherique Interieur,48.830927,2.402991
202300036557,4,9,2023,2025-12-05 13:00:00,1,14,14118,2,1,1,2,6 Rue Des Vaux De La Folie,49.20114,-0.37001
202300036558,12,12,2023,2025-12-05 11:05:00,1,75,75108,2,2,2,2,Avenue Des Champs Elysees,48.873042,2.297003
202300036559,4,9,2023,2025-12-05 22:45:00,5,13,13054,2,9,1,3,Marius Ruinat (Av ),43.41536,5.20968
202300036560,11,12,2023,2025-12-05 19:30:00,5,75,75114,2,1,1,6,Boulevard Brune,48.824286,2.321071
202300036561,4,9,2023,2025-12-05 07:42:00,1,13,13211,2,1,1,3,Audience (Rue De L'),43.2798,5.4773
202300036562,12,12,2023,2025-12-05 18:40:00,5,75,75105,2,1,1,6,Rue Poliveau,48.84024134,2.35922849
202300036563,4,9,2023,2025-12-05 07:35:00,1,13,13001,2,1,1,1,St Canadet (Route) D.13,43.56543,5.45734
202300036564,12,12,2023,2025-12-05 15:30:00,1,75,75106,2,3,1,6,Rue D Assas,48.850361,2.327739
202300036565,31,8,2023,2025-12-05 17:30:00,1,12,12084,1,1,1,1,Rd 41 A,44.0834,3.02338
202300036566,11,12,2023,2025-12-05 20:13:00,5,75,75105,2,3,1,1,Rue Des Fosses Saint Bernard,48.847389,2.353126
202300036567,12,12,2023,2025-12-05 19:05:00,5,75,75119,2,4,1,2,Avenue Rene Fonck,48.879765,2.408362
202300036568,12,12,2023,2025-12-05 09:50:00,1,75,75116,2,2,1,3,Allee De Longchamp,48.874914,2.271098
202300036569,1,9,2023,2025-12-05 18:00:00,1,11,11262,2,1,1,1,Adresse_Inconnue,43.15,2.978
202300036570,12,12,2023,2025-12-05 11:26:00,1,75,75115,2,1,2,2,Boulevard De Vaugirard,48.841033,2.317135
202300036571,4,9,2023,2025-12-05 13:45:00,1,6,6069,2,1,1,1,Marigarde (Route De La),43.65451,6.93295
202300036572,12,12,2023,2025-12-05 09:42:00,1,75,75114,2,2,2,2,Rue De La Legion Etrangere,48.822253,2.324494
202300036573,4,9,2023,2025-12-05 12:45:00,1,6,6069,2,1,1,7,Cannes (Route De)  -Rd 6085-,43.63523,6.95167
202300036574,12,12,2023,2025-12-05 20:20:00,5,75,75113,2,3,1,3,Boulevard Vincent Auriol,48.833968,2.364709
202300036575,3,9,2023,2025-12-05 12:50:00,1,6,6027,2,1,1,3,Maure Chemin De La,43.685101,7.15891
202300036576,12,12,2023,2025-12-05 12:15:00,1,75,75113,2,2,2,6,Rue De La Glaciere,48.834161,2.344843
202300036577,12,12,2023,2025-12-05 08:05:00,5,75,75113,2,2,8,6,Boulevard Massena,48.822264,2.371655
202300036578,4,9,2023,2025-12-05 16:07:00,1,75,75120,2,4,1,3,Porte De Bagnolet,48.862587,2.413767
202300036579,12,12,2023,2025-12-05 06:50:00,5,75,75113,2,2,2,3,Rue De Tolbiac,48.825949,2.345231
202300036580,3,9,2023,2025-12-05 14:45:00,1,75,75120,2,1,1,2,Porte Des Lilas,48.868742,2.413252
202300036581,12,12,2023,2025-12-05 18:20:00,5,75,75103,2,3,9,3,Boulevard Beaumarchais,48.859248,2.367574
202300036582,3,9,2023,2025-12-05 03:29:00,5,75,75119,2,1,1,6,Boulevard Macdonald,48.893941,2.394657
202300036583,12,12,2023,2025-12-05 10:35:00,1,75,75111,2,5,1,4,Boulevard Voltaire,48.850376,2.392547
202300036584,4,9,2023,2025-12-05 18:42:00,1,75,75119,2,7,1,3,Place Du Colonel Fabien,48.878327,2.37062
202300036585,12,12,2023,2025-12-05 00:40:00,5,75,75110,2,2,1,3,Quai De Valmy,48.877746,2.365361
202300036586,4,9,2023,2025-12-05 02:50:00,5,75,75119,2,4,1,6,Rue De Meaux,48.884627,2.379035
202300036587,12,12,2023,2025-12-05 11:06:00,1,75,75107,2,1,1,3,Quai Anatole France,48.8622,2.320533
202300036588,4,9,2023,2025-12-05 20:20:00,1,75,75118,2,3,1,6,Rue Damremont,48.894203,2.336777
202300036589,11,12,2023,2025-12-05 17:00:00,5,75,75104,2,2,1,3,Rue Saint Louis En L Ile,48.851274,2.358113
202300036590,4,9,2023,2025-12-05 15:20:00,1,75,75117,2,2,1,3,Rue Boursault,48.884468,2.319506
202300036591,12,12,2023,2025-12-05 21:18:00,5,94,94076,2,8,2,3,Avenue De Stalingrad,48.78427634,2.36722098
202300036592,12,12,2023,2025-12-05 18:25:00,5,94,94081,2,2,2,6,Rue Gabriel Peri,48.7918,2.40168
202300036593,4,9,2023,2025-12-05 16:50:00,1,75,75108,2,3,1,2,Avenue Des Champs Elysees,48.871087,2.303511
202300036594,11,12,2023,2025-12-05 11:00:00,1,94,94021,1,1,2,2,Rue D'Avignon,48.76213,2.35141
202300036595,4,9,2023,2025-12-05 16:45:00,1,75,75116,2,1,1,6,Rue Boileau,48.846738,2.265526
202300036596,4,9,2023,2025-12-05 14:10:00,1,75,75116,2,2,1,3,Avenue Kleber,48.872427,2.294055
202300036597,12,12,2023,2025-12-05 20:10:00,5,94,94033,2,1,1,6,Rue Edouard Maury,48.85482,2.46757
202300036598,12,12,2023,2025-12-05 06:54:00,5,94,94070,2,1,2,6,Rue De La Liberation,48.72310628,2.5688834
202300036599,4,9,2023,2025-12-05 09:20:00,1,75,75115,2,1,1,3,Quai D Issy Les Moulineaux,48.834981,2.265825
202300036600,12,12,2023,2025-12-05 18:45:00,3,93,93071,2,9,2,6,Parking Route Des Petits Ponts,48.94943,2.53017
202300036601,4,9,2023,2025-12-05 01:00:00,5,75,75114,2,1,1,6,Boulevard Jourdan,48.82152,2.332861
202300036602,12,12,2023,2025-12-05 18:05:00,2,93,93070,2,5,1,1,Avenue Du Capitaine Glarner / Rue Palouzie,48.9045,2.32873
202300036603,12,12,2023,2025-12-05 07:50:00,2,93,93066,2,1,8,6,Avenue Paul Vaillant-Couturier,48.93224,2.365192
202300036604,3,9,2023,2025-12-05 04:40:00,5,75,75114,2,3,1,6,Rue Froidevaux,48.836617,2.325854
202300036605,11,12,2023,2025-12-05 18:15:00,5,93,93074,2,2,1,6,Rue De Meaux / Rue Pierre De Nolhac,48.93523,2.57251
202300036606,4,9,2023,2025-12-05 00:05:00,5,75,75113,2,3,1,6,Avenue De La Porte De Vitry,48.822957,2.3778
202300036607,12,12,2023,2025-12-05 11:30:00,1,93,93001,2,1,2,6,Avenue Jean Jaures,48.90993809,2.39880291
202300036608,4,9,2023,2025-12-05 17:30:00,1,75,75108,2,2,1,6,Boulevard Haussmann,48.874354,2.322747
202300036609,12,12,2023,2025-12-05 18:00:00,5,92,92063,2,1,1,6,Juin (Avenue Du Marechal),48.88305,2.18061
202300036610,12,12,2023,2025-12-05 19:00:00,3,92,92051,2,1,1,4,"Charles De Gaulle (Avenue,Ndeg118 A 192 +",48.88296915,2.26628906
202300036611,4,9,2023,2025-12-05 12:35:00,1,75,75108,2,3,7,3,Rue De Courcelles,48.874572,2.309649
202300036612,12,12,2023,2025-12-05 15:00:00,1,92,92050,2,2,1,3,Chatou Route De,48.89150154,2.17751294
202300036613,4,9,2023,2025-12-05 20:55:00,5,75,75104,2,2,1,2,Boulevard Henri Iv,48.851051,2.362271
202300036614,11,12,2023,2025-12-05 10:05:00,1,92,92036,2,3,1,1,Decouberte (Rue De La),48.92763414,2.30234212
202300036615,4,9,2023,2025-12-05 17:51:00,1,75,75101,2,3,1,2,Rue De Rivoli,48.8647,2.329329
202300036616,12,12,2023,2025-12-05 14:05:00,1,92,92035,2,3,8,3,Mission Marchand (Cote Pair),48.90227914,2.23975025
202300036617,3,9,2023,2025-12-05 13:00:00,1,75,75102,2,3,1,3,Boulevard Montmartre,48.871696,2.341618
202300036618,11,12,2023,2025-12-05 17:45:00,5,92,92024,2,3,1,3,Clichy (Quai De) De (104 A 202),48.91275505,2.31282368
202300036619,4,9,2023,2025-12-05 14:20:00,1,94,94078,2,6,1,6,Carrefourt Jean Moulin,48.72716,2.45022
202300036620,12,12,2023,2025-12-05 21:00:00,5,92,92012,2,2,1,3,Reine (Route De La) 1/37- 6/80,48.83909704,2.24681541
202300036621,4,9,2023,2025-12-05 12:30:00,1,94,94046,2,1,1,3,Avenue Du Professeur Cadiot,48.80433,2.43269
202300036622,12,12,2023,2025-12-05 19:50:00,5,92,92012,2,1,2,7,Point Du Jour (Quai Du),48.82856994,2.25416109
202300036623,3,9,2023,2025-12-05 21:00:00,3,94,94077,2,1,1,6,Rue Jean Pierre Timbaud,48.73283,2.42992
202300036624,9,12,2023,2025-12-05 14:15:00,1,14,14656,1,1,3,6,Route De Thury-Harcourt,48.953311,-0.494471
202300036625,3,9,2023,2025-12-05 05:20:00,5,94,94002,2,2,1,6,Rue Paul Vaillant Couturier,48.80622687,2.41854867
202300036626,11,12,2023,2025-12-05 05:13:00,2,972,97227,1,9,1,5,Route Nationale 5,14.468529,-60.935937
202300036627,4,9,2023,2025-12-05 12:10:00,1,93,93073,2,3,1,6,Avenue De La Resistance / Rue Paul Langevin,48.95267,2.56344
202300036628,13,12,2023,2025-12-05 14:00:00,1,67,67097,1,1,1,1,D41,48.620584,7.646806
202300036629,12,12,2023,2025-12-05 22:40:00,3,50,50616,1,1,1,7,Rn 175 Pk 047+300 Sens Caen Vers Rennes,48.651255,-1.352134
202300036630,4,9,2023,2025-12-05 09:55:00,1,93,93073,2,1,1,2,Aeroport Charles De Gaulle,49.00365,2.56369
202300036631,13,12,2023,2025-12-05 09:33:00,1,85,85064,1,2,1,3,Rd 62,46.84053,-1.271312
202300036632,12,12,2023,2025-12-05 19:55:00,5,37,37266,1,1,1,4,A10,47.297321,0.691109
202300036633,13,12,2023,2025-12-05 00:15:00,3,37,37179,1,1,1,6,Echangeur A10/A28 Sens Lemans-Tours,47.46217983,0.76091534
202300036634,12,12,2023,2025-12-05 11:40:00,1,83,83057,1,1,1,1,Pk 49 Dn7,43.379776,6.24061
202300036635,13,12,2023,2025-12-05 18:20:00,3,30,30117,1,1,1,1,D6113,43.71137,4.54901
202300036636,4,9,2023,2025-12-05 08:15:00,1,93,93077,2,4,1,2,Rue De Neuilly / Rue Simon Guitlevitch,48.87698709,2.52490403
202300036637,12,12,2023,2025-12-05 20:45:00,3,51,51200,1,1,2,2,"Rd 10, Pv 2+300",49.001619,3.9607
202300036638,11,12,2023,2025-12-05 21:15:00,3,67,67235,1,1,8,7,Route De Seltz,48.881517,8.071529
202300036639,12,12,2023,2025-12-05 19:55:00,3,61,61345,1,1,2,6,D11 Pr21+410,48.448756,0.777491
202300036640,12,12,2023,2025-12-05 21:43:00,5,49,49272,2,1,1,6,150 Port Cunault,47.336976,-0.198258
202300036641,12,12,2023,2025-12-05 07:55:00,2,46,46132,2,1,1,6,Hopital Beaulieu,44.748592,1.798137
202300036642,13,12,2023,2025-12-05 16:10:00,1,86,86113,1,2,2,3,N10,46.483761,0.272047
202300036643,12,12,2023,2025-12-05 17:29:00,3,38,38130,1,1,3,1,D518A,45.380468,5.262017
202300036644,12,12,2023,2025-12-05 12:50:00,1,26,26165,2,2,1,3,Avenue Albert Mazade,44.774075,4.841315
202300036645,13,12,2023,2025-12-05 19:35:00,5,6,6105,2,3,1,3,D2085,43.662835,7.056173
202300036646,12,12,2023,2025-12-05 21:00:00,3,14,14160,1,1,1,5,D23,49.062209,-0.307249
202300036647,13,12,2023,2025-12-05 11:40:00,1,64,64538,1,1,2,1,D933,43.145869,-1.256347
202300036648,6,12,2023,2025-12-05 10:20:00,1,43,43257,1,1,1,2,N102,45.02587873,3.77339602
202300036649,13,12,2023,2025-12-05 15:29:00,1,10,10233,2,1,2,7,D373,48.504546,3.886041
202300036650,12,12,2023,2025-12-05 20:30:00,3,10,10055,1,1,1,1,D671,48.127171,4.35183
202300036651,5,12,2023,2025-12-05 08:40:00,1,7,7230,1,1,1,1,Route Departementale 104,44.706993,4.4885
202300036652,12,12,2023,2025-12-05 07:48:00,5,53,53062,2,6,2,6,Rue Trehut,47.830123,-0.708715
202300036653,13,12,2023,2025-12-05 05:16:00,4,53,53062,2,1,8,6,Rn162,47.83698,-0.68967
202300036654,11,12,2023,2025-12-05 12:35:00,1,21,21456,1,1,2,7,D905,47.614206,4.385648
202300036655,12,12,2023,2025-12-05 21:20:00,3,24,24155,1,1,2,6,N21,45.023773,0.614762
202300036656,13,12,2023,2025-12-05 16:45:00,1,85,85108,1,1,3,2,D763,46.92237,-1.36797
202300036657,10,11,2023,2025-12-05 21:00:00,5,85,85084,2,9,1,1,Rd 160,46.7700763,-1.2303503
202300036658,12,12,2023,2025-12-05 13:40:00,1,30,30173,2,3,1,3,Rue Centrale,44.114641,4.173563
202300036659,8,12,2023,2025-12-05 16:50:00,5,8,8365,2,1,3,6,1 Rue Pasteur,49.84166122,4.53879476
202300036660,11,12,2023,2025-12-05 19:46:00,3,1,1151,1,1,2,2,B42 - Pk 00+400,46.069904,5.328686
202300036661,13,12,2023,2025-12-05 07:45:00,2,69,69143,2,6,2,6,Avenue Gambetta,45.872878,4.840239
202300036662,13,12,2023,2025-12-05 07:45:00,2,68,68278,2,2,8,6,Avenue Du General De Gaulle,47.747952,7.403653
202300036663,13,12,2023,2025-12-05 10:50:00,1,69,69097,1,2,1,3,Route Departementale 28,45.49657662,4.72172487
202300036664,10,12,2023,2025-12-05 11:20:00,1,974,97406,1,1,1,7,Rn3,-21.141341,55.627174
202300036665,12,12,2023,2025-12-05 21:30:00,5,973,97311,2,3,1,3,Avenue Paul Castaing,5.488647,-54.018871
202300036666,12,12,2023,2025-12-05 16:00:00,1,973,97310,1,1,3,1,Point Kilometrique 1 De La Route De Cacao - Rd 50,4.567869,-52.405987
202300036667,17,10,2023,2025-12-05 07:50:00,1,973,97305,1,1,1,3,Route Nationale 1 Pk13,4.949183,-52.423196
202300036668,12,12,2023,2025-12-05 17:35:00,3,45,45171,1,1,1,3,D83 Pr 14 + 346,47.676253,2.244473
202300036669,12,12,2023,2025-12-05 18:58:00,3,95,95509,1,1,1,6,D9,49.07001424,2.48999119
202300036670,12,12,2023,2025-12-05 18:20:00,3,34,34327,1,1,1,1,N113,43.650039,3.957664
202300036671,12,12,2023,2025-12-05 19:30:00,3,13,13099,2,6,1,1,Rd952,43.696564,5.733597