num_acc,jour,mois,an,hrmn,lum,dep,com,agg,int,atm,col,adr,lat,long
202300036672,12,12,2023,2025-12-05 17:35:00,5,38,38449,2,1,2,6,345 Rue Des Salvias,45.637345,5.106786
202300036673,13,12,2023,2025-12-05 12:40:00,1,46,46102,1,1,2,6,Lieu Dit La Vinadie,44.576892,2.026436
202300036674,11,12,2023,2025-12-05 08:00:00,5,56,56046,1,2,2,3,4 Les Quatre Chemins De Kerizac,47.62395,-3.00731
202300036675,12,12,2023,2025-12-05 16:15:00,1,35,35066,1,1,1,2,D44,48.047892,-1.713288
202300036676,12,12,2023,2025-12-05 20:20:00,5,59,59136,2,1,1,3,Faubourg De Cambrai,50.105999,3.532652
202300036677,12,12,2023,2025-12-05 18:00:00,3,13,13215,1,1,1,2,A7-Sens Lyon Vers Marseille,43.37788,5.35699
202300036678,12,12,2023,2025-12-05 00:30:00,3,69,69278,1,1,1,2,Autoroute 46,45.90937,4.84351
202300036679,10,12,2023,2025-12-05 06:45:00,3,54,54232,1,1,2,6,Autoroute A 31,48.689303,5.982899
202300036680,11,12,2023,2025-12-05 15:18:00,1,67,67131,1,1,1,1,Adresse_Inconnue,48.49171,7.76664
202300036681,12,12,2023,2025-12-05 20:50:00,5,33,33249,1,1,1,2,Route Nationale 230,44.8780675,-0.50915033
202300036682,12,12,2023,2025-12-05 15:45:00,1,91,91136,1,1,2,6,Autoroute A10,48.71073,2.28825
202300036683,12,12,2023,2025-12-05 13:15:00,1,91,91689,1,1,3,3,Autoroute A6B,48.7421,2.3221
202300036684,12,12,2023,2025-12-05 08:20:00,1,78,78466,1,1,1,7,A13,48.919419,2.00395
202300036685,12,12,2023,2025-12-05 15:00:00,1,95,95394,1,1,1,7,N184,49.05139836,2.15157688
202300036686,12,12,2023,2025-12-05 15:00:00,1,77,77249,1,1,2,2,Rn104,48.76009108,2.61582478
202300036687,12,12,2023,2025-12-05 08:00:00,2,94,94028,1,1,2,5,A86,48.7964005,2.44337608
202300036688,12,12,2023,2025-12-05 07:20:00,3,77,77249,1,1,2,3,Rn104,48.75904856,2.61567284
202300036689,29,9,2023,2025-12-05 17:20:00,1,31,31445,2,1,7,6,76 Route De La Saune,43.580562,1.537094
202300036690,27,11,2023,2025-12-05 09:00:00,1,31,31555,2,1,1,6,"87 Av. Jean Baylet, 31100 Toulouse",43.584232,1.3985
202300036691,9,10,2023,2025-12-05 12:00:00,1,95,95369,2,3,1,6,Nicolas Kichkine (Rue),48.99962,2.2921
202300036692,10,10,2023,2025-12-05 21:10:00,3,74,74012,2,1,1,6,Romagny (Rue De),46.19623,6.24612
202300036693,10,10,2023,2025-12-05 21:10:00,5,74,74012,2,6,1,6,Romagny (Rue De),46.19629,6.24608
202300036694,10,10,2023,2025-12-05 08:50:00,1,71,71270,2,1,1,3,Route Departementale 906,46.28527,4.80808
202300036695,10,10,2023,2025-12-05 18:00:00,1,69,69276,2,6,1,3,Route De Chasse-Sur-Rhone,45.66188,4.84285
202300036696,9,10,2023,2025-12-05 20:10:00,5,67,67482,2,1,1,6,Melanie (Rue),48.60365,7.78881
202300036697,10,10,2023,2025-12-05 16:55:00,1,64,64445,2,1,1,6,Avenue De Saragosse,43.30759,-0.35668
202300036698,10,10,2023,2025-12-05 17:45:00,1,51,51454,2,2,1,3,Anglemont De Tassigny (Rue Leon),49.288,4.00452
202300036699,9,10,2023,2025-12-05 17:55:00,1,51,51454,2,1,1,4,Epernay (Avenue D') Cote Impair,49.23474,4.01399
202300036700,11,10,2023,2025-12-05 07:40:00,2,45,45234,2,1,1,3,51 Route D'Olivet,47.882088,1.903672
202300036701,10,10,2023,2025-12-05 16:25:00,1,45,45234,2,1,1,3,Quai Du Fort Des Tourelles,47.89477837,1.90495312
202300036702,9,10,2023,2025-12-05 07:45:00,2,42,42184,2,1,1,2,Allee Paul Forge,46.06186,4.04682
202300036703,10,10,2023,2025-12-05 11:20:00,1,27,27229,2,1,1,3,Septieme Chasseur (Rue Du),49.02765,1.14403
202300036704,10,10,2023,2025-12-05 14:45:00,1,13,13215,2,1,1,1,Lyon (Rue De),43.3413,5.3608
202300036705,10,10,2023,2025-12-05 05:25:00,5,6,6069,2,1,1,6,Madeleine,43.65779,6.93114
202300036706,11,12,2023,2025-12-05 07:40:00,1,974,97416,2,3,1,5,Rn2 (1),-21.33253,55.4805
202300036707,11,12,2023,2025-12-05 23:50:00,5,69,69387,2,2,3,3,Rue Camille Roy,45.7451248,4.84658479
202300036708,11,12,2023,2025-12-05 12:00:00,1,69,69383,2,1,2,3,Pont De La Guillotiere,45.75669538,4.83889877
202300036709,11,12,2023,2025-12-05 09:55:00,1,69,69202,1,1,2,6,156 Boulevard Baron Du Marais,45.72991985,4.79723204
202300036710,11,12,2023,2025-12-05 08:20:00,1,69,69382,2,7,2,3,27 Quai Docteur Gailleton,45.75278956,4.83339441
202300036711,11,12,2023,2025-12-05 07:00:00,1,971,97101,1,1,2,5,Boulevard Des Heros,16.27409,-61.5181
202300036712,10,12,2023,2025-12-05 00:00:00,5,971,97113,1,1,1,3,Rn4 - Section Riviera,16.21777,-61.49652
202300036713,10,12,2023,2025-12-05 15:35:00,1,95,95598,1,1,2,6,Fosse Aux Moines (Rue De La),48.98351936,2.31211245
202300036714,11,12,2023,2025-12-05 07:20:00,2,91,91161,2,9,1,2,Rue De La Passerelle,48.69972,2.31978
202300036715,11,12,2023,2025-12-05 13:35:00,1,91,91201,2,3,8,3,Rue Pierre Brossolette,48.684682,2.415642
202300036716,11,12,2023,2025-12-05 07:45:00,2,91,91201,2,5,1,6,All Des Bergeries,48.68759,2.43318
202300036717,6,12,2023,2025-12-05 14:19:00,1,87,87085,2,1,1,7,Petiniaud Beaupeyrat (Rue),45.8283,1.25553
202300036718,10,12,2023,2025-12-05 13:05:00,1,87,87085,2,1,1,1,Petit Tour (Rue Du),45.831,1.24918
202300036719,9,12,2023,2025-12-05 18:26:00,5,87,87085,2,2,2,1,Revolution (Avenue De La),45.82121,1.2629
202300036720,9,12,2023,2025-12-05 17:23:00,2,87,87114,2,1,1,6,Clemenceau (Georges-),45.82769,1.28812
202300036721,8,12,2023,2025-12-05 13:20:00,1,87,87065,2,1,1,2,Valin (Avenue Martial),45.81404,1.32029
202300036722,7,12,2023,2025-12-05 16:52:00,1,87,87114,2,2,1,3,Blum (Avenue Leon-),45.83238,1.30368
202300036723,12,12,2023,2025-12-05 00:15:00,5,86,86194,2,1,2,6,Bd Du Marechal De Lattre De Tassigny,46.585787,0.350664
202300036724,10,12,2023,2025-12-05 18:00:00,5,84,84007,2,1,1,6,Pierre Semard (Avenue),43.93828,4.82319
202300036725,28,11,2023,2025-12-05 15:00:00,1,83,83050,2,1,1,6,Leclerc(Boulevard General),43.53521,6.46252
202300036726,11,12,2023,2025-12-05 19:27:00,5,78,78650,2,9,1,5,Sartrouville (Route De),48.90157,2.11435
202300036727,9,12,2023,2025-12-05 18:10:00,5,76,76351,2,2,1,6,General Archinard (Avenue),49.49197,0.11676
202300036728,8,12,2023,2025-12-05 11:01:00,1,76,76351,2,3,1,6,Florimond Laurent (Rue),49.51587,0.11267
202300036729,8,12,2023,2025-12-05 16:20:00,1,76,76351,2,2,1,3,Alexandre Ribot,49.52155,0.11703
202300036730,8,12,2023,2025-12-05 13:30:00,1,76,76351,2,3,1,6,Jules Ferry (Place),49.49181,0.11114
202300036731,11,12,2023,2025-12-05 18:30:00,5,69,69266,2,2,1,6,31 Avenue Roger Salengro,45.77597,4.87064
202300036732,6,12,2023,2025-12-05 12:15:00,1,69,69013,1,3,1,3,Route De Longsard,46.01508,4.70726
202300036733,10,12,2023,2025-12-05 17:10:00,5,69,69259,2,1,2,4,Boulevard Irene Joliot Curie,45.7083,4.88661
202300036734,11,12,2023,2025-12-05 19:15:00,5,67,67482,2,1,1,6,Paul Eluard (Rue),48.58944,7.69722
202300036735,11,12,2023,2025-12-05 04:50:00,3,64,64545,1,3,1,7,Elbarren (Chemin D'),43.36829,-1.67416
202300036736,11,12,2023,2025-12-05 08:55:00,1,64,64445,2,2,7,3,Alfred Nobel,43.30832,-0.32944
202300036737,11,12,2023,2025-12-05 14:05:00,1,63,63113,2,1,1,6,Lafayette (Bd),45.76881,3.10395
202300036738,17,11,2023,2025-12-05 20:10:00,5,62,62041,2,1,1,6,D266,50.2992,2.74376
202300036739,11,12,2023,2025-12-05 08:20:00,1,59,59378,2,1,1,6,Nationale Rue,50.66756,3.07667
202300036740,1,12,2023,2025-12-05 20:20:00,5,58,58194,2,6,1,3,Rene Marlin (Carrefour),46.99999,3.15555
202300036741,7,12,2023,2025-12-05 19:00:00,5,57,57283,2,3,1,6,Metz (Rue De),49.25434,6.1699
202300036742,9,12,2023,2025-12-05 14:58:00,1,56,56121,2,1,2,7,Le Barillec (Rue  Du Colonel ),47.76314,-3.39795
202300036743,11,12,2023,2025-12-05 12:00:00,1,54,54079,2,2,1,6,Rue Saint-Epvre,48.88263,6.04936
202300036744,11,12,2023,2025-12-05 19:05:00,5,51,51454,2,2,1,6,Voisin (Rue Gabriel),49.23524,4.07
202300036745,11,12,2023,2025-12-05 07:50:00,3,49,49328,1,9,2,6,Marne (Boulevard De La) D 93,47.238206,-0.078328
202300036746,8,12,2023,2025-12-05 07:50:00,4,49,49099,2,3,3,2,Minee(Boulevard De La),47.05259,-0.86927
202300036747,11,12,2023,2025-12-05 08:15:00,2,45,45169,2,1,2,6,216 Route Nationale,47.93078,1.83598
202300036748,11,12,2023,2025-12-05 17:30:00,5,44,44109,2,1,2,3,40 Boulevard De Sarrebruck,47.2142321,-1.52634567
202300036749,11,12,2023,2025-12-05 20:10:00,5,37,37261,2,1,2,2,Vaillant (Rue Edouard),47.38323,0.70291
202300036750,11,12,2023,2025-12-05 11:50:00,1,37,37261,2,1,9,6,Europe (Avenue De L'),47.4225,0.68395
202300036751,10,12,2023,2025-12-05 06:10:00,5,37,37261,2,1,1,6,Vaillant (Rue Edouard),47.37784,0.71201
202300036752,11,12,2023,2025-12-05 19:30:00,5,35,35238,2,2,1,3,Rue De Chateaugiron,48.10033,-1.65002
202300036753,11,12,2023,2025-12-05 14:20:00,1,35,35238,2,6,1,3,Norvege (De),48.08678,-1.68271
202300036754,11,12,2023,2025-12-05 15:40:00,1,34,34172,2,1,1,2,Vieussens (Boulevard),43.60055,3.87912
202300036755,11,12,2023,2025-12-05 07:30:00,2,31,31149,2,1,1,3,Cornebarrieu (Route De),43.61968,1.33669
202300036756,11,12,2023,2025-12-05 15:20:00,1,30,30007,2,1,1,6,De Gaulle (Ave Du General),44.12756,4.08335
202300036757,11,12,2023,2025-12-05 18:30:00,3,26,26313,2,9,1,6,Lacra Rn532,44.96144763,4.94685173
202300036758,11,12,2023,2025-12-05 18:50:00,5,25,25056,2,3,1,6,Franois Route De,47.223003,5.950373
202300036759,10,10,2023,2025-12-05 08:35:00,1,17,17028,2,1,1,3,Ronflac   Chemin De,46.13143,-1.11063
202300036760,10,12,2023,2025-12-05 21:20:00,3,14,14327,1,1,1,5,N814,49.19438,-0.337073
202300036761,11,12,2023,2025-12-05 19:40:00,5,13,13204,2,9,1,3,Saint Bruno (Boulevard),43.31313179,5.40344655
202300036762,11,12,2023,2025-12-05 17:00:00,5,13,13211,2,6,1,3,Menard (Pierre) (Boulevard),43.28946,5.43806
202300036763,11,12,2023,2025-12-05 10:40:00,1,12,12145,1,1,8,2,D911,44.14109,3.02119
202300036764,10,12,2023,2025-12-05 15:30:00,1,6,6155,1,1,1,3,Saint Bernard Ch.,43.592047,7.056337
202300036765,3,12,2023,2025-12-05 17:55:00,5,3,3185,2,5,2,3,Rue Pierre Semard,46.33201,2.60228
202300036766,11,12,2023,2025-12-05 19:36:00,5,1,1053,2,3,2,3,Herriot ( Boulevard Edouard Cote Pair),46.212927,5.218369
202300036767,10,12,2023,2025-12-05 04:50:00,5,75,75120,2,1,1,2,Porte De Bagnolet,48.862587,2.413767
202300036768,10,12,2023,2025-12-05 23:20:00,5,75,75106,2,2,2,3,Rue De Vaugirard,48.847408,2.328138
202300036769,10,12,2023,2025-12-05 21:00:00,5,75,75106,2,2,2,3,Boulevard Du Montparnasse,48.843047,2.326375
202300036770,11,12,2023,2025-12-05 14:52:00,1,75,75119,2,3,8,6,Rue Mathis,48.891324,2.37231
202300036771,11,12,2023,2025-12-05 15:35:00,1,75,75116,2,3,1,6,Rue De Remusat,48.847719,2.272587
202300036772,11,12,2023,2025-12-05 09:41:00,1,75,75115,2,2,1,6,Rue Du Commerce,48.847054,2.29594
202300036773,11,12,2023,2025-12-05 13:05:00,1,75,75114,2,3,1,4,Avenue Du Maine,48.83835,2.322353
202300036774,10,12,2023,2025-12-05 19:20:00,5,75,75114,2,1,1,1,Avenue Paul Vaillant Couturier,48.816618,2.336369
202300036775,11,12,2023,2025-12-05 08:52:00,1,75,75111,2,9,1,6,Rue De Montreuil,48.850412,2.387305
202300036776,11,12,2023,2025-12-05 20:35:00,5,75,75108,2,3,1,6,Rue De Rome,48.877208,2.323033
202300036777,11,12,2023,2025-12-05 18:50:00,5,94,94003,2,2,1,3,Rue Berthollet,48.804411,2.329196
202300036778,11,12,2023,2025-12-05 02:50:00,5,94,94073,2,9,2,3,Rue Des Alouettes,48.74787,2.36933
202300036779,6,10,2023,2025-12-05 16:30:00,1,94,94044,2,6,1,2,66 Avenue De Verdun,48.749075,2.47373
202300036780,5,10,2023,2025-12-05 17:30:00,1,94,94068,2,2,1,6,Boulevard Rabelais,48.80668525,2.47885457
202300036781,4,10,2023,2025-12-05 18:25:00,1,94,94068,2,4,1,6,Rue Garibaldi,48.795627,2.483956
202300036782,5,10,2023,2025-12-05 12:50:00,1,94,94011,2,2,1,3,Route De Stains,48.7825405,2.49447593
202300036783,5,10,2023,2025-12-05 13:20:00,1,94,94028,2,9,1,3,Allee Des Marronniers,48.79238506,2.46007396
202300036784,5,10,2023,2025-12-05 12:20:00,1,94,94028,2,1,1,3,Route De La Pompadour,48.76767688,2.46805657
202300036785,6,10,2023,2025-12-05 19:35:00,5,94,94017,1,4,1,3,Avenue Roger Salengro,48.8188,2.49006
202300036786,6,10,2023,2025-12-05 13:15:00,1,94,94071,2,3,1,3,Route De La Queue-En-Brie,48.76296317,2.53535195
202300036787,6,10,2023,2025-12-05 15:30:00,1,93,93072,2,2,1,6,Boulevard Maxime Gorki / Avenue De Stalingrad,48.95002,2.386
202300036788,6,10,2023,2025-12-05 18:30:00,1,93,93005,2,1,1,1,Av I Et Frederic Joliot Curie,48.929364,2.510976
202300036789,6,10,2023,2025-12-05 19:25:00,5,93,93062,2,2,1,3,Avenue Thiers / Allee Des Coteaux,48.89718,2.523
202300036790,5,10,2023,2025-12-05 13:20:00,1,93,93048,2,1,1,3,Rue Dombasle,48.86366205,2.44931476
202300036791,6,10,2023,2025-12-05 01:20:00,5,93,93046,2,4,1,6,Boulevard Jean Jaures / Avenue Charles De Gaulle,48.91829,2.5286
202300036792,6,10,2023,2025-12-05 18:20:00,1,93,93032,2,2,1,3,Avenue Des Marronniers / Avenue Vaillant Couturier,48.86829,2.55705
202300036793,6,10,2023,2025-12-05 09:00:00,1,93,93029,2,3,1,3,Rue Victor Hugo / Rue De Drancy-Cottage,48.93641126,2.4510816
202300036794,6,10,2023,2025-12-05 17:00:00,1,93,93030,2,2,1,3,Avenue Ambroise Croizat / Rue Henri Barbusse,48.9555,2.41613
202300036795,6,10,2023,2025-12-05 13:45:00,1,93,93010,2,1,1,3,Allee Gabriel Faure,48.89435,2.484377
202300036796,6,10,2023,2025-12-05 12:30:00,1,93,93008,2,1,1,6,Avenue Paul Vaillant - Couturier,48.90862111,2.45095432
202300036797,6,10,2023,2025-12-05 14:40:00,1,93,93007,2,9,1,1,Avenue Charles De Gaulle,48.94412072,2.46751426
202300036798,6,10,2023,2025-12-05 17:05:00,1,93,93005,2,9,1,6,Chemin Du Moulin De La Ville,48.95186775,2.5011443
202300036799,5,10,2023,2025-12-05 13:40:00,1,92,92022,2,5,1,7,Salengro (Avenue Roger),48.80862581,2.18759045
202300036800,6,10,2023,2025-12-05 18:04:00,1,92,92063,2,1,1,6,Gallieni (Rue),48.87238694,2.20261194
202300036801,6,10,2023,2025-12-05 08:30:00,1,92,92050,2,1,1,6,Provinces Francaises Bd Des,48.90018787,2.21437722
202300036802,6,10,2023,2025-12-05 19:30:00,5,92,92020,2,1,1,7,Republique Av. Ndeg27 A 105 Et 26 A 178,48.80988468,2.30171889
202300036803,6,10,2023,2025-12-05 11:26:00,1,92,92048,2,3,1,6,Vertugadins (Rue Des) Ndeg 1 A 11,48.80252151,2.23732844
202300036804,6,10,2023,2025-12-05 21:10:00,5,92,92035,2,9,1,3,National ( Boulevard ),48.90449697,2.23917246
202300036805,6,10,2023,2025-12-05 20:50:00,5,92,92025,2,1,1,2,Charles De Gaulle (Bd),48.91881669,2.22329155
202300036806,6,10,2023,2025-12-05 18:50:00,2,92,92032,2,1,1,6,Perrin Jean (Avenue),48.78519913,2.30160736
202300036807,6,10,2023,2025-12-05 06:00:00,5,92,92012,2,1,1,6,General Leclerc (Avenue Du) 1/33 - 2/58,48.83331,2.24245
202300036808,6,10,2023,2025-12-05 11:25:00,1,92,92009,2,1,1,6,Argenteuil ( Avenue D' ),48.92182,2.27763
202300036809,5,10,2023,2025-12-05 11:34:00,1,92,92004,2,1,1,3,Docteur Dervaux  ( Quai Du ),48.90759927,2.29213625
202300036810,6,10,2023,2025-12-05 22:30:00,3,976,97603,1,1,1,7,Rn 3,-12.931319,45.173893
202300036811,5,10,2023,2025-12-05 22:36:00,3,13,13210,1,1,1,4,A507 Sens Marseille - Aubagne,43.28435,5.40583
202300036812,5,10,2023,2025-12-05 09:25:00,1,13,13005,1,1,1,6,A50-Sens Marseille Vers Aubagne,43.28891433,5.56001531
202300036813,6,10,2023,2025-12-05 15:42:00,1,33,33063,1,1,1,4,Rocade A 630,44.8832294,-0.55410415
202300036814,6,10,2023,2025-12-05 11:45:00,1,33,33096,1,1,1,2,Autoroute A 10,44.90207391,-0.49383223
202300036815,6,10,2023,2025-12-05 06:45:00,5,33,33397,1,1,1,2,Autoroute A 10,44.91657931,-0.47785699
202300036816,6,10,2023,2025-12-05 09:49:00,1,94,94038,1,1,1,2,A6B,48.78431731,2.34694866
202300036817,6,10,2023,2025-12-05 07:59:00,1,91,91689,1,1,1,5,Autoroute A6,48.732,2.315
202300036818,6,10,2023,2025-12-05 01:15:00,3,91,91689,1,1,1,2,Autoroute A6B,48.738072,2.318888
202300036819,6,10,2023,2025-12-05 18:22:00,1,92,92025,1,1,1,3,A86,48.93542176,2.2605831
202300036820,6,10,2023,2025-12-05 08:35:00,1,78,78640,1,1,1,2,N118,48.778416,2.222341
202300036821,5,10,2023,2025-12-05 20:53:00,5,92,92025,1,1,1,4,A86,48.92276318,2.22752047
202300036822,5,10,2023,2025-12-05 09:25:00,1,92,92036,1,1,1,3,Rn315 W,48.93664875,2.29983248
202300036823,5,10,2023,2025-12-05 08:01:00,1,78,78043,1,1,1,2,A12 W,48.841322,2.101393
202300036824,6,10,2023,2025-12-05 16:00:00,1,93,93027,1,1,1,2,Autoroute A86,48.92457,2.39043
202300036825,6,10,2023,2025-12-05 01:20:00,3,95,95252,1,1,1,2,A115,48.9889759,2.24363565
202300036826,6,10,2023,2025-12-05 14:30:00,1,94,94017,1,1,1,5,A4,48.8271602,2.51033987
202300036827,6,10,2023,2025-12-05 10:40:00,1,77,77249,1,1,1,2,Rn104,48.761553,2.615913
202300036828,6,10,2023,2025-12-05 00:20:00,3,93,93064,1,1,1,6,A86,48.86125511,2.48383625
202300036829,25,6,2023,2025-12-05 11:30:00,1,26,26088,1,2,7,2,Route Louis Pasteur,45.034813,5.097302
202300036830,5,10,2023,2025-12-05 18:00:00,5,988,98818,2,3,1,3,Echangeur Imperial/Voie Reservee Neobus,-22.24663,166.45767
202300036831,5,10,2023,2025-12-05 16:54:00,1,988,98818,2,1,1,6,Parking Aerodrome De Magenta,-22.26038,166.47104
202300036832,5,10,2023,2025-12-05 15:55:00,1,976,97611,2,1,1,3,Kaweni-Mangrove ( Rue De La ),-12.76872,45.22189
202300036833,5,10,2023,2025-12-05 13:00:00,1,974,97416,1,1,1,6,Cd 29,-21.33658,55.52035
202300036834,5,10,2023,2025-12-05 18:40:00,1,69,69383,2,2,1,3,Rue Mazenod,45.75897,4.84919
202300036835,5,10,2023,2025-12-05 07:20:00,1,69,69387,2,1,1,3,Avenue Leclerc,45.74079,4.82733
202300036836,5,10,2023,2025-12-05 05:50:00,2,972,97213,2,1,3,7,Autoroute A1,14.61847,-61.03076
202300036837,4,10,2023,2025-12-05 12:20:00,1,972,97213,1,1,1,6,Route Departementale 13,14.6344,-61.014
202300036838,5,10,2023,2025-12-05 15:30:00,1,69,69389,2,2,1,3,Rue Laure Diebold,45.7786,4.7982
202300036839,5,10,2023,2025-12-05 10:10:00,1,971,97113,2,3,2,1,Section Dunoyer,16.2069,-61.465
202300036840,5,10,2023,2025-12-05 08:10:00,1,95,95127,2,1,1,3,Petit Albi (Rue Du),49.05475226,2.04076007
202300036841,5,10,2023,2025-12-05 21:10:00,5,91,91286,2,4,1,2,R.N. 7,48.663726,2.399829
202300036842,5,10,2023,2025-12-05 11:55:00,1,91,91687,2,1,1,6,Rn 104,48.659375,2.372778
202300036843,4,10,2023,2025-12-05 10:25:00,1,88,88160,2,5,1,3,Allende (Av.Salvador-),48.192342,6.456546
202300036844,5,10,2023,2025-12-05 14:32:00,1,87,87085,2,3,1,3,Antony (Rue  Et Chemin D'),45.83218,1.24233
202300036845,6,10,2023,2025-12-05 23:20:00,3,86,86194,1,9,1,1,D6,46.58425497,0.39427661
202300036846,3,10,2023,2025-12-05 11:53:00,1,84,84007,2,1,1,7,Oulle (Boulevard De L'),43.94933,4.80145
202300036847,2,10,2023,2025-12-05 14:18:00,1,84,84007,2,4,1,3,Daladier (Pont),43.95087,4.80229
202300036848,4,10,2023,2025-12-05 07:30:00,1,83,83137,2,1,1,1,Fours A Chaux (Chemin / Imp Des),43.14776,5.90383
202300036849,5,10,2023,2025-12-05 08:17:00,1,81,81065,2,1,7,6,Capelanie (Av.De La),43.5881414,2.2423347
202300036850,5,10,2023,2025-12-05 18:30:00,1,81,81004,2,1,1,6,Thomas (Av Albert),43.93848,2.14771
202300036851,16,1,2023,2025-12-05 17:45:00,5,75,75103,2,2,1,6,Rue Reaumur,48.865961,2.353801
202300036852,29,9,2023,2025-12-05 20:10:00,5,80,80021,2,1,1,3,Andre Durouchez (Rue),49.92713,2.28525
202300036853,16,1,2023,2025-12-05 09:15:00,1,75,75103,2,2,2,6,Rue De Turenne,48.856457,2.364314
202300036854,16,1,2023,2025-12-05 07:59:00,2,75,75101,2,2,3,3,Rue De Rivoli,48.862718,2.335279
202300036855,28,9,2023,2025-12-05 11:38:00,1,78,78646,2,2,1,6,Paris (Avenue De),48.802406,2.129591
202300036856,14,1,2023,2025-12-05 15:00:00,1,94,94068,2,1,1,6,Elias Howes (R),48.79314,2.48261
202300036857,16,1,2023,2025-12-05 07:30:00,5,94,94046,2,1,3,3,Jean Jaures (R),48.78961,2.43541
202300036858,16,1,2023,2025-12-05 18:20:00,5,94,94041,2,8,2,6,Avenue De Verdun / Rue De Chateaudun,48.81625562,2.36780316
202300036859,16,1,2023,2025-12-05 09:20:00,2,94,94041,2,1,2,6,53 Rue Moliere,48.81512,2.3938
202300036860,12,1,2023,2025-12-05 19:25:00,5,93,93051,2,1,1,6,Boulevard Du Levant,48.8397,2.5501
202300036861,4,10,2023,2025-12-05 12:47:00,1,77,77358,1,6,1,6,Rn 330,48.97974,2.86375
202300036862,16,1,2023,2025-12-05 10:05:00,1,93,93051,2,1,2,6,Route De Neuilly,48.85302,2.5333
202300036863,16,1,2023,2025-12-05 07:45:00,5,93,93048,2,3,2,3,Boulevard De Chanzy / Rue Parmentier,48.8586,2.42912
202300036864,5,10,2023,2025-12-05 07:55:00,2,76,76231,2,4,1,6,Place Du Champ De Foire,49.290338,1.012499
202300036865,16,1,2023,2025-12-05 11:40:00,1,93,93063,2,1,2,6,Rue De La Republique,48.88278,2.44001
202300036866,16,1,2023,2025-12-05 09:45:00,1,93,93001,2,1,2,6,Boulevard Anatole France,48.91722952,2.38198418
202300036867,5,10,2023,2025-12-05 00:35:00,5,76,76351,2,1,1,7,Jean Maurel (Rue),49.48901,0.12481
202300036868,16,1,2023,2025-12-05 19:00:00,5,92,92075,2,3,2,6,Moulin (Rue Du),48.82610037,2.29000367
202300036869,16,1,2023,2025-12-05 11:20:00,1,92,92064,2,1,2,2,Pasteur,48.84206118,2.20425814
202300036870,3,10,2023,2025-12-05 20:30:00,5,76,76447,2,1,1,7,Commune 1871 (De La),49.54682,0.19641
202300036871,16,1,2023,2025-12-05 08:55:00,1,92,92064,2,1,2,2,Camp Canadien,48.85691,2.20974
202300036872,15,1,2023,2025-12-05 20:50:00,5,92,92063,2,2,1,3,Maurepas (Rue De),48.87886,2.1814
202300036873,3,10,2023,2025-12-05 08:55:00,1,73,73065,2,3,1,3,D1 Motte Servolex (Avenue De La),45.58048,5.89136
202300036874,16,1,2023,2025-12-05 11:40:00,1,92,92026,2,3,3,6,22 Septembre ( Rue Du ),48.90398603,2.26941347
202300036875,5,10,2023,2025-12-05 08:40:00,1,73,73008,2,7,1,6,Boucher Alfred Square,45.69357,5.911737
202300036876,15,1,2023,2025-12-05 15:00:00,1,92,92024,2,1,1,6,Martre (Rue) De (59 A 109)   (58 A 120),48.90177,2.30725
202300036877,16,1,2023,2025-12-05 18:20:00,5,92,92007,2,9,8,3,Briand (Avenue Aristide) Ndeg 2 A 98,48.8076764,2.32614362
202300036878,4,10,2023,2025-12-05 09:30:00,1,72,72003,1,9,1,3,Rd 23 (Rte),47.96686745,0.13580203
202300036879,16,1,2023,2025-12-05 10:50:00,1,92,92002,2,3,2,3,Mirabeau (Rue),48.74409,2.29741
202300036880,4,10,2023,2025-12-05 15:50:00,1,71,71270,2,9,1,3,Lyon (Route De),46.28356709,4.80582654
202300036881,16,1,2023,2025-12-05 06:00:00,5,92,92002,2,7,2,3,Leon Harmel (Avenue),48.73503862,2.3093074
202300036882,16,1,2023,2025-12-05 21:35:00,3,72,72260,1,1,1,6,D338,47.95158328,0.23022294
202300036883,17,1,2023,2025-12-05 18:45:00,5,83,83054,1,1,1,3,Rue Du Docteur Schweitzer,43.152428,6.043205
202300036884,17,1,2023,2025-12-05 10:46:00,1,56,56240,2,9,1,3,32 Route Du Menez,47.509138,-2.685651
202300036885,5,10,2023,2025-12-05 23:35:00,5,67,67447,2,1,1,3,General De Gaulle (Route Du),48.60937,7.73456
202300036886,17,1,2023,2025-12-05 07:45:00,2,19,19124,1,1,8,4,A89 Pk 178.000,45.164586,1.40827034
202300036887,5,10,2023,2025-12-05 18:30:00,1,67,67482,2,2,1,3,Rome (Rue De),48.577573,7.764681
202300036888,16,1,2023,2025-12-05 11:50:00,1,80,80714,1,1,2,3,D925,50.062924,1.462276
202300036889,5,10,2023,2025-12-05 15:45:00,1,67,67482,2,1,1,3,Vosges (Avenue Des),48.589561,7.751145
202300036890,16,1,2023,2025-12-05 23:45:00,3,89,89018,1,1,2,6,Adresse_Inconnue,48.051306,3.311149
202300036891,16,1,2023,2025-12-05 11:50:00,1,63,63178,2,2,1,6,Boulevard De Barriere,45.54177822,3.24215904
202300036892,4,10,2023,2025-12-05 23:30:00,5,67,67218,2,3,1,2,Strasbourg (Avenue De),48.53807,7.73251