num_acc,jour,mois,an,hrmn,lum,dep,com,agg,int,atm,col,adr,lat,long
202300036893,17,1,2023,2025-12-05 10:35:00,1,68,68140,1,2,1,3,Departementale 8,47.888597,7.448055
202300036894,17,1,2023,2025-12-05 13:40:00,1,39,39325,1,1,4,6,Adresse_Inconnue,46.912399,5.824857
202300036895,17,1,2023,2025-12-05 08:35:00,1,25,25258,1,1,2,6,D673,47.216522,5.914652
202300036896,4,10,2023,2025-12-05 15:10:00,1,66,66136,2,3,1,3,Adresse_Inconnue,42.71537,2.89554
202300036897,17,1,2023,2025-12-05 14:50:00,1,44,44146,1,1,4,6,La Noe Bleue,47.778451,-1.43245
202300036898,16,1,2023,2025-12-05 07:50:00,5,44,44213,2,1,8,3,Rue Pierre De Coubertin,47.390415,-1.031824
202300036899,4,10,2023,2025-12-05 07:47:00,1,66,66136,2,6,1,3,Adresse_Inconnue,42.68331,2.86311
202300036900,17,1,2023,2025-12-05 08:30:00,2,29,29235,2,1,8,6,Rue De La Victoire,48.40457,-4.390379
202300036901,17,1,2023,2025-12-05 04:06:00,3,70,70312,1,1,9,6,Rn 19,47.604816,6.713851
202300036902,17,1,2023,2025-12-05 07:55:00,4,58,58095,2,1,4,6,12 Avenue Du 14 Juillet,46.832759,3.465126
202300036903,5,10,2023,2025-12-05 11:55:00,1,64,64545,2,4,1,3,Capitaine Pellot (Rue Du),43.346,-1.765
202300036904,16,1,2023,2025-12-05 11:15:00,1,14,14299,1,2,2,3,214 Route Du Theil,49.339715,0.263896
202300036905,5,10,2023,2025-12-05 01:15:00,5,64,64445,2,3,1,6,Chantilly,43.31457,-0.37593
202300036906,16,1,2023,2025-12-05 11:06:00,1,5,5046,2,1,4,6,Rue Du Saint Esprit,44.56276,6.488491
202300036907,15,1,2023,2025-12-05 13:25:00,1,43,43025,1,1,2,6,Pirolles,45.270857,4.113688
202300036908,6,10,2023,2025-12-05 00:15:00,5,64,64024,2,9,1,1,Bab (Boulevard Du),43.49404,-1.51916
202300036909,16,1,2023,2025-12-05 17:00:00,2,36,36200,1,1,4,6,Adresse_Inconnue,46.60347008,1.52541625
202300036910,13,1,2023,2025-12-05 18:30:00,5,85,85135,2,1,2,6,22 Rue Des Acacias,46.536867,-1.235402
202300036911,5,10,2023,2025-12-05 10:40:00,1,64,64102,2,1,1,2,Loeb (Avenue De L'Interne Jacques),43.47915,-1.485
202300036912,16,1,2023,2025-12-05 09:50:00,1,3,3075,1,1,6,7,A71 Pk336+500,46.20146192,3.10103678
202300036913,4,10,2023,2025-12-05 17:15:00,1,64,64102,2,1,1,6,Labourd (Pont Du),43.485959,-1.474547
202300036914,16,1,2023,2025-12-05 20:10:00,4,34,34294,1,1,1,5,A9,43.70819373,4.12386256
202300036915,4,10,2023,2025-12-05 17:15:00,1,64,64102,2,1,1,6,Paulmy (Avenue Des Allees),43.49304,-1.48018
202300036916,16,1,2023,2025-12-05 08:50:00,2,27,27351,1,1,5,2,Autoroute A13 Pk 100.000,49.25471832,1.15978008
202300036917,5,10,2023,2025-12-05 13:40:00,1,63,63113,2,9,1,3,Meuniers (Rue Des),45.76493,3.10484
202300036918,16,1,2023,2025-12-05 15:30:00,1,69,69189,1,3,1,3,Route Departementale 386,45.517801,4.860613
202300036919,15,1,2023,2025-12-05 15:45:00,1,988,98833,1,1,1,7,Mea Mebara (Tribu),-21.462904,165.796248
202300036920,5,10,2023,2025-12-05 00:05:00,3,62,62510,2,9,1,6,D58,50.42435313,2.78209072
202300036921,17,1,2023,2025-12-05 10:25:00,1,988,98802,1,1,1,4,"Rt1 Sortie Col De Mo, Tomo",-21.96857,166.17056
202300036922,16,1,2023,2025-12-05 22:55:00,5,29,29233,2,1,3,7,Rue Thiers,47.873492,-3.547942
202300036923,5,7,2023,2025-12-05 14:30:00,1,60,60159,2,6,1,6,Rue Phileas Lebesgue,49.40770157,2.80081898
202300036924,17,1,2023,2025-12-05 08:12:00,3,45,45191,2,2,2,2,Rue De La Poterne,48.285879,2.400033
202300036925,14,1,2023,2025-12-05 18:30:00,3,13,13084,1,1,1,6,D23,43.724374,5.292229
202300036926,16,1,2023,2025-12-05 21:00:00,3,13,13048,1,1,1,6,D561,43.614143,5.685049
202300036927,4,10,2023,2025-12-05 08:57:00,1,56,56260,2,1,1,5,3 Rue Marcellin Berthelot,47.666495,-2.78565
202300036928,12,1,2023,2025-12-05 15:20:00,1,67,67345,1,1,8,6,Rue Du Commerce,48.771302,7.871275
202300036929,13,1,2023,2025-12-05 14:10:00,1,73,73215,1,3,1,6,D925 Avenue Des Alpes,45.45624,6.107328
202300036930,4,10,2023,2025-12-05 18:00:00,1,54,54184,2,2,1,3,Moench (Rue Christian),48.70062561,6.22466952
202300036931,17,1,2023,2025-12-05 05:55:00,3,38,38415,1,1,2,1,D18,45.650363,5.220748
202300036932,16,1,2023,2025-12-05 16:30:00,1,26,26085,2,1,7,6,Place De La Grangette,44.486407,4.716611
202300036933,16,1,2023,2025-12-05 17:15:00,2,31,31499,2,1,2,6,Avenue Du Languedoc,43.5119,1.187521
202300036934,4,10,2023,2025-12-05 21:07:00,4,51,51454,2,1,1,3,Blum (Avenue Leon),49.226482,4.011358
202300036935,17,1,2023,2025-12-05 17:45:00,1,29,29042,1,3,1,2,Pen Ar Poul Tremet,48.29176909,-4.54971582
202300036936,16,1,2023,2025-12-05 18:30:00,3,35,35191,1,1,8,2,D15,48.46228513,-1.32882804
202300036937,4,10,2023,2025-12-05 19:40:00,5,51,51454,2,5,1,2,Venise (Rue),49.24595,4.03083
202300036938,17,1,2023,2025-12-05 16:50:00,1,60,60575,2,1,1,7,1 Rue De L'Avenir,49.29380203,2.19590843
202300036939,16,1,2023,2025-12-05 12:20:00,1,60,60639,2,1,2,6,Tille,49.467657,2.112422
202300036940,3,10,2023,2025-12-05 17:45:00,1,49,49099,2,3,1,3,Manceau (Avenue Anatole),47.05213,-0.87868
202300036941,17,1,2023,2025-12-05 15:30:00,1,2,2405,1,1,1,6,D291,49.863461,4.088813
202300036942,17,1,2023,2025-12-05 18:15:00,5,80,80561,2,1,1,6,16 Rue Amand De Vienne,49.647864,2.57529
202300036943,4,10,2023,2025-12-05 12:25:00,1,49,49353,2,1,1,2,Camus,47.4539,-0.50671
202300036944,12,1,2023,2025-12-05 09:00:00,1,69,69276,1,1,1,3,Autoroute 7,45.67798544,4.84800938
202300036945,5,10,2023,2025-12-05 19:36:00,2,45,45284,2,1,1,1,44 Avenue De Verdun,47.91839,1.98115
202300036946,16,1,2023,2025-12-05 16:00:00,1,91,91312,1,1,1,1,Rd 444,48.734422,2.231471
202300036947,16,1,2023,2025-12-05 05:30:00,3,91,91659,1,1,2,3,Autoroute A6,48.57808,2.46353
202300036948,5,10,2023,2025-12-05 12:00:00,1,45,45286,2,1,1,2,D951 Pr 89 + 661,47.88628,1.92773
202300036949,16,1,2023,2025-12-05 17:30:00,3,95,95212,1,1,1,4,A1,49.02618996,2.53691107
202300036950,5,10,2023,2025-12-05 08:45:00,1,45,45286,2,1,1,3,5 Levee Des Capucins,47.89349184,1.92115358
202300036951,16,1,2023,2025-12-05 14:40:00,1,77,77372,1,1,2,6,A104,48.882773,2.667901
202300036952,14,1,2023,2025-12-05 20:35:00,5,75,75113,2,4,3,2,Quai D Ivry,48.82583445,2.38728136
202300036953,5,10,2023,2025-12-05 09:58:00,1,44,44184,2,1,1,1,175 Boulevard Jean De Neyman,47.2786,-2.2475
202300036954,13,1,2023,2025-12-05 19:25:00,5,75,75108,2,3,1,3,Boulevard Malesherbes,48.880114,2.313291
202300036955,15,1,2023,2025-12-05 22:55:00,5,75,75119,2,1,1,6,Boulevard Macdonald,48.898584,2.384719
202300036956,4,10,2023,2025-12-05 15:45:00,1,44,44109,2,1,1,7,68 Boulevard Des Anglais,47.22805,-1.5803
202300036957,15,1,2023,2025-12-05 00:23:00,3,75,75117,2,2,2,1,Avenue De Neuilly,48.878619,2.280045
202300036958,5,10,2023,2025-12-05 18:18:00,1,37,37214,2,6,1,3,De Gaulle (Bd Charles),47.42918,0.65004
202300036959,14,1,2023,2025-12-05 18:10:00,5,75,75116,2,1,2,6,Allee Du Bord De L Eau,48.85495163,2.22618252
202300036960,15,1,2023,2025-12-05 15:20:00,1,75,75115,2,7,1,6,Place Raoul Dautry,48.841858,2.319899
202300036961,5,10,2023,2025-12-05 13:50:00,1,37,37261,2,1,1,6,Balzac (Parc Honore De),47.37286,0.71135
202300036962,15,1,2023,2025-12-05 01:00:00,5,75,75113,2,1,2,3,Rue Clisson,48.830009,2.365732
202300036963,15,1,2023,2025-12-05 15:45:00,1,75,75111,2,2,1,6,Rue Du Chemin Vert,48.861584,2.382581
202300036964,4,10,2023,2025-12-05 14:40:00,1,37,37122,2,1,1,2,Jaures (Boulevard Jean),47.34872,0.66314
202300036965,15,1,2023,2025-12-05 07:12:00,5,75,75111,2,2,1,6,Rue Saint Maur,48.865641,2.377335
202300036966,5,10,2023,2025-12-05 19:15:00,2,35,35238,1,1,1,2,N136,48.1147,-1.71901
202300036967,15,1,2023,2025-12-05 19:42:00,5,75,75110,2,3,1,3,Boulevard De Bonne Nouvelle,48.870101,2.351007
202300036968,14,1,2023,2025-12-05 19:55:00,5,75,75109,2,3,2,6,Rue Richer,48.874056,2.347282
202300036969,14,1,2023,2025-12-05 19:45:00,5,75,75104,2,2,3,3,Rue De La Cerisaie,48.852067,2.365418
202300036970,14,1,2023,2025-12-05 18:32:00,5,75,75101,2,2,1,3,Boulevard De Sebastopol,48.860577,2.34941
202300036971,4,10,2023,2025-12-05 17:20:00,1,35,35051,1,1,1,2,Rn157,48.11384,-1.55324
202300036972,15,1,2023,2025-12-05 18:25:00,5,94,94038,2,3,1,3,Rue De La Futaie / Avenue Henri Barbusse,48.7840878,2.32828751
202300036973,14,1,2023,2025-12-05 21:30:00,5,93,93059,2,1,2,2,Avenue Elisee Reclus,48.95298,2.35819
202300036974,5,10,2023,2025-12-05 22:10:00,5,33,33192,2,3,1,2,Cours Du General De Gaulle,44.78403,-0.60642
202300036975,5,10,2023,2025-12-05 16:05:00,1,33,33249,2,3,1,3,Avenue Des Champs,44.88249,-0.52616
202300036976,5,10,2023,2025-12-05 11:35:00,1,33,33063,2,1,1,6,Rue Eugene Tenot,44.81941044,-0.5744192
202300036977,14,1,2023,2025-12-05 18:15:00,3,93,93079,2,1,2,2,Route De Saint-Leu,48.95247,2.33773
202300036978,15,1,2023,2025-12-05 13:30:00,1,93,93029,2,3,1,3,Rue Sadi Carnot / Rue Jean Pierre Timbaud,48.92517,2.44131
202300036979,5,10,2023,2025-12-05 16:20:00,1,33,33529,2,1,7,3,Rue Lagrua,44.6406917,-1.15573972
202300036980,5,10,2023,2025-12-05 08:00:00,1,33,33529,1,1,1,3,Rd 1250 (Camicas-Oustalet),44.64816,-1.15807
202300036981,15,1,2023,2025-12-05 15:20:00,1,93,93005,2,1,1,5,Rue Du Bailly De Suffren,48.956911,2.498487
202300036982,5,10,2023,2025-12-05 19:30:00,1,31,31555,2,1,1,3,Narbonne (Route De),43.568828,1.456668
202300036983,15,1,2023,2025-12-05 07:15:00,5,92,92026,2,3,1,6,President Paul Doumer (Quai Du),48.89015692,2.25623773
202300036984,15,1,2023,2025-12-05 03:10:00,5,92,92032,2,2,2,3,Dolivet J Et M (Avenue),48.79462,2.29147
202300036985,15,1,2023,2025-12-05 20:15:00,3,14,14162,1,1,6,6,La Cage,48.914538,-0.481989
202300036986,5,10,2023,2025-12-05 19:45:00,3,31,31555,2,1,1,5,Va007331 A620,43.59282,1.39821
202300036987,14,1,2023,2025-12-05 17:45:00,2,83,83072,1,3,1,3,3630 Route De Saint-Antonin,43.505737,6.313858
202300036988,4,1,2023,2025-12-05 20:30:00,3,51,51425,1,3,2,1,D980,49.146328,3.714468
202300036989,30,9,2023,2025-12-05 18:45:00,1,30,30189,2,1,1,6,Allende Salvador (Rue),43.821,4.3625
202300036990,8,1,2023,2025-12-05 21:49:00,3,63,63181,1,1,3,7,Lieu Dit Piory,46.02153453,3.11768174
202300036991,5,10,2023,2025-12-05 18:30:00,1,30,30007,2,1,1,2,Avenue Des Freres Lumiere,44.14207,4.10538
202300036992,16,1,2023,2025-12-05 06:00:00,3,41,41046,1,1,3,6,A71,47.665568,1.926695
202300036993,15,1,2023,2025-12-05 16:50:00,1,974,97410,1,3,1,7,Route Nationale 3,-21.095711,55.677552
202300036994,16,1,2023,2025-12-05 07:45:00,3,50,50616,1,1,6,1,N175 - Pr 43+800,48.676507,-1.372111
202300036995,1,10,2023,2025-12-05 01:45:00,5,29,29051,2,1,1,2,Straed Paul Gauguin,47.9962,-4.05246
202300036996,16,1,2023,2025-12-05 06:50:00,3,50,50592,1,1,6,1,D374,48.954484,-1.04008
202300036997,15,1,2023,2025-12-05 22:20:00,3,47,47108,1,1,2,7,Rd 116,44.48946639,0.13311325
202300036998,16,1,2023,2025-12-05 17:30:00,3,51,51627,1,1,3,1,D9,48.932615,4.034171
202300036999,5,10,2023,2025-12-05 18:00:00,1,27,27562,1,1,1,3,D 64,49.08723,1.43547
202300037000,11,1,2023,2025-12-05 19:00:00,3,56,56206,2,6,2,2,Giratoire De Kermelin,47.678838,-2.739855
202300037001,6,10,2023,2025-12-05 00:00:00,3,25,25462,1,1,1,6,Rocade Georges Pompidou,46.91811,6.33499
202300037002,16,1,2023,2025-12-05 06:55:00,3,59,59054,1,1,2,6,Rd 933,50.77399,2.439244
202300037003,16,1,2023,2025-12-05 06:54:00,3,59,59094,2,1,3,3,138 Rue De Bergues,50.948669,2.210347
202300037004,4,10,2023,2025-12-05 17:15:00,1,14,14271,1,9,1,3,N814,49.143309,-0.363301
202300037005,15,1,2023,2025-12-05 20:35:00,3,61,61412,1,1,2,6,D912,48.506046,0.374141
202300037006,14,1,2023,2025-12-05 14:45:00,1,41,41099,1,1,2,3,D59,47.340192,1.578199
202300037007,5,10,2023,2025-12-05 13:25:00,1,13,13075,2,1,1,7,Gardanens (Montee Des),43.356,5.46
202300037008,5,10,2023,2025-12-05 11:15:00,1,13,13203,2,1,1,7,Charvet (Rue),43.31975303,5.37484923
202300037009,5,10,2023,2025-12-05 08:30:00,1,13,13213,2,1,1,1,Francois Mignet (Avenue),43.33173,5.42813
202300037010,14,1,2023,2025-12-05 15:25:00,1,34,34338,1,1,1,4,D908,43.61698477,3.40955893
202300037011,14,1,2023,2025-12-05 15:45:00,1,68,68325,1,1,2,7,Fichten,47.571372,7.357256
202300037012,5,10,2023,2025-12-05 09:35:00,1,13,13204,2,1,1,1,De Roux (Bd Et Impasse),43.3076,5.40312
202300037013,4,1,2023,2025-12-05 18:20:00,3,68,68293,2,1,2,1,Rue Principale,47.684477,7.062546
202300037014,4,10,2023,2025-12-05 07:41:00,1,10,10333,2,9,1,6,Notre Dame Des Pres (Rue De),48.28849,4.04541
202300037015,15,1,2023,2025-12-05 01:05:00,3,29,29171,1,1,8,6,D785,47.843651,-4.279325
202300037016,5,10,2023,2025-12-05 11:45:00,1,6,6029,2,9,1,2,Turkheim (Rue De),43.55435,7.02867
202300037017,14,1,2023,2025-12-05 20:45:00,3,3,3280,1,1,2,1,Lieu Dit Le Mont,46.203801,2.631875
202300037018,12,1,2023,2025-12-05 16:20:00,1,58,58302,1,1,1,3,Rue Des Minerottes,47.227018,3.065411
202300037019,5,10,2023,2025-12-05 13:45:00,1,6,6029,2,1,1,2,Grasse (Avenue De),43.5601,7.0053
202300037020,16,1,2023,2025-12-05 17:41:00,3,54,54076,2,6,3,6,8 Route De Mont Sur Meurthe,48.55622,6.41620338
202300037021,16,1,2023,2025-12-05 13:00:00,1,14,14371,1,1,3,7,2431 Rue Du General Leclerc,48.981868,0.152478
202300037022,4,10,2023,2025-12-05 15:22:00,1,5,5061,2,1,1,6,Embrun ( Avenue D'),44.56922,6.10267
202300037023,14,1,2023,2025-12-05 18:45:00,2,14,14119,1,3,2,4,1Bis Route De Paris,49.15065,-0.26587
202300037024,16,1,2023,2025-12-05 07:40:00,2,90,90049,2,1,1,6,3 Faubourg Saint-Antoine,47.63283,7.008548
202300037025,6,1,2023,2025-12-05 23:30:00,5,9,9264,2,1,1,7,D624,43.030573,1.617243
202300037026,5,10,2023,2025-12-05 20:55:00,3,4,4070,1,1,1,7,Rn 85 ( Route ),44.07908,6.20778
202300037027,16,1,2023,2025-12-05 10:50:00,1,36,36047,1,2,8,3,La Brumalerie,46.43174321,1.38881966
202300037028,28,9,2023,2025-12-05 16:30:00,1,2,2064,1,1,1,1,Adresse_Inconnue,49.35802,3.35285
202300037029,16,1,2023,2025-12-05 18:15:00,5,21,21502,1,1,9,6,D996,47.02463281,5.10960006
202300037030,5,10,2023,2025-12-05 00:10:00,5,75,75119,2,1,1,7,Echangeur Porte De Pantin,48.90012322,2.39180088
202300037031,13,1,2023,2025-12-05 17:45:00,3,21,21414,1,3,1,4,Rd 981 Rd 17L,47.155762,4.495028
202300037032,13,1,2023,2025-12-05 23:40:00,5,85,85051,2,6,2,7,Rd 2949B,46.690292,-1.05237
202300037033,4,10,2023,2025-12-05 22:30:00,3,75,75116,2,1,1,3,Porte Maillot,48.878454,2.28099
202300037034,14,1,2023,2025-12-05 18:00:00,5,27,27056,2,1,2,6,Rue Bernard Gombert,49.086094,0.597103
202300037035,16,1,2023,2025-12-05 17:30:00,1,30,30059,1,1,1,6,D6572,43.688721,4.242847
202300037036,15,1,2023,2025-12-05 18:30:00,3,24,24523,1,2,2,3,Pk 5+150 Rd 14,44.811163,0.324349
202300037037,15,1,2023,2025-12-05 22:55:00,3,31,31483,1,1,8,6,Autoroute A64 Pk 202.000,43.118966,0.698061
202300037038,4,10,2023,2025-12-05 08:50:00,1,75,75119,2,1,1,4,Porte De La Villette,48.900468,2.387516
202300037039,15,1,2023,2025-12-05 22:10:00,3,69,69013,1,1,1,5,Autoroute 6,46.02085327,4.72562817
202300037040,5,10,2023,2025-12-05 10:00:00,1,75,75120,2,3,1,6,Rue De Belleville,48.872387,2.378122
202300037041,16,1,2023,2025-12-05 01:00:00,3,973,97305,1,1,1,2,Belle Humeur,4.917474,-52.378923
202300037042,13,1,2023,2025-12-05 17:30:00,1,971,97116,2,1,1,6,Rue Du Debarcadere,16.332299,-61.458061
202300037043,16,1,2023,2025-12-05 10:50:00,1,29,29297,1,1,1,3,Rue De Quimperle,47.89269146,-3.52832258
202300037044,5,10,2023,2025-12-05 09:25:00,1,75,75120,2,4,1,5,Avenue Du Professeur Andre Lemiere,48.858686,2.414764
202300037045,5,10,2023,2025-12-05 18:30:00,1,75,75117,2,3,1,7,Avenue Des Ternes,48.8782797,2.29570475
202300037046,16,1,2023,2025-12-05 07:00:00,5,67,67240,2,3,1,1,Rue D?Odratzheim,48.604893,7.492429
202300037047,15,1,2023,2025-12-05 13:30:00,1,88,88101,1,1,2,1,D159,48.125682,6.587004
202300037048,14,1,2023,2025-12-05 16:04:00,2,57,57256,2,1,3,1,D603,49.123907,6.018925
202300037049,5,10,2023,2025-12-05 11:30:00,1,75,75116,2,5,1,3,Avenue Paul Doumer,48.85838,2.274986
202300037050,15,1,2023,2025-12-05 06:55:00,3,87,87156,1,1,3,1,Rue Des Grands Rieux,45.839554,1.399385
202300037051,16,1,2023,2025-12-05 07:10:00,3,33,33439,1,1,6,6,Au Caillou,45.11946991,-0.40840387
202300037052,16,1,2023,2025-12-05 17:40:00,2,85,85003,1,1,1,6,Rd948,46.72504,-1.56544
202300037053,5,10,2023,2025-12-05 10:05:00,1,75,75114,2,3,1,3,Avenue Paul Vaillant Couturier,48.81675265,2.33369699
202300037054,16,1,2023,2025-12-05 05:40:00,5,29,29103,2,6,9,3,Quai De Leon,48.44949889,-4.25240368
202300037055,5,10,2023,2025-12-05 02:20:00,5,75,75113,2,3,1,7,Avenue Pierre Mendes France,48.83893357,2.37006676
202300037056,14,1,2023,2025-12-05 18:15:00,3,27,27165,1,2,3,3,Rd840,48.953466,0.932703
202300037057,5,10,2023,2025-12-05 09:40:00,1,75,75120,2,3,1,3,Rue Du Commandant L Herminier,48.846746,2.415865
202300037058,12,1,2023,2025-12-05 05:50:00,3,60,60589,2,1,1,6,D162,49.232781,2.458856
202300037059,16,1,2023,2025-12-05 08:30:00,1,60,60103,1,2,2,3,Bresles,49.418037,2.244161
202300037060,5,10,2023,2025-12-05 18:30:00,2,75,75104,2,3,1,3,Rue De Lobau,48.856943,2.353808
202300037061,13,1,2023,2025-12-05 18:05:00,5,59,59571,2,1,1,5,Rue Du General De Gaulle,50.192561,3.49929
202300037062,13,1,2023,2025-12-05 17:20:00,2,13,13214,1,1,1,4,A7-Sens Marseille Vers Lyon,43.32201,5.37817
202300037063,15,1,2023,2025-12-05 15:45:00,1,83,83047,1,1,1,7,A570,43.13019,6.06997
202300037064,5,10,2023,2025-12-05 18:40:00,1,75,75101,2,2,1,3,Rue De Rivoli,48.8627217,2.33524686
202300037065,15,1,2023,2025-12-05 06:20:00,3,67,67482,1,1,2,7,M351,48.58484,7.72591
202300037066,5,10,2023,2025-12-05 17:00:00,1,75,75103,2,3,1,6,Rue Du Temple,48.865816,2.36088
202300037067,15,1,2023,2025-12-05 11:15:00,1,91,91064,1,1,1,2,Rn 118,48.752827,2.223241
202300037068,5,10,2023,2025-12-05 15:10:00,1,75,75101,2,3,1,7,Avenue De L Opera,48.86453537,2.33488539
202300037069,15,1,2023,2025-12-05 03:45:00,5,92,92064,1,1,2,2,A13,48.83949368,2.20466483
202300037070,14,1,2023,2025-12-05 20:30:00,5,92,92036,1,1,3,6,Autoroute A15,48.94647077,2.28241919
202300037071,5,10,2023,2025-12-05 09:15:00,1,75,75104,2,3,1,3,Rue Saint Antoine,48.85464296,2.36276481
202300037072,13,1,2023,2025-12-05 08:10:00,1,95,95682,1,1,1,4,N104,49.06835027,2.39100677
202300037073,5,10,2023,2025-12-05 02:10:00,5,75,75104,2,3,1,7,Rue De Rivoli,48.855272,2.361165
202300037074,15,1,2023,2025-12-05 11:00:00,1,94,94022,1,1,1,3,A86,48.7766716,2.41970908
202300037075,4,10,2023,2025-12-05 18:15:00,1,75,75101,2,2,1,6,Boulevard De Sebastopol,48.861983,2.350163
202300037076,15,1,2023,2025-12-05 02:55:00,3,94,94069,1,1,2,2,A4,48.81731094,2.44243718
202300037077,14,1,2023,2025-12-05 15:55:00,1,77,77294,1,1,2,4,A104,48.96143,2.617861
202300037078,14,1,2023,2025-12-05 20:26:00,5,78,78440,2,1,2,6,Henri Dunant (Rue),48.993543,1.91251
202300037079,4,10,2023,2025-12-05 14:19:00,1,75,75103,2,1,1,6,Rue Du Pont Aux Choux,48.861032,2.366698
202300037080,14,1,2023,2025-12-05 15:53:00,1,72,72003,2,1,2,6,Gaulle Charles De (Av),47.97006,0.15963
202300037081,5,10,2023,2025-12-05 16:05:00,1,94,94041,2,9,1,6,9 Rue Louis Rousseau,48.812293,2.383268
202300037082,14,1,2023,2025-12-05 18:15:00,5,69,69290,2,9,1,6,211 Route De Grenoble,45.71501193,4.96378677
202300037083,5,10,2023,2025-12-05 11:50:00,1,94,94058,2,6,1,3,Rdpt Du General Leclerc,48.849291,2.495844
202300037084,14,1,2023,2025-12-05 17:50:00,5,54,54395,2,1,3,6,Avenue De La Liberation,48.6965,6.14738
202300037085,14,1,2023,2025-12-05 12:00:00,1,54,54274,2,1,2,6,Avenue De La Malgrange,48.667215,6.198473
202300037086,5,10,2023,2025-12-05 22:45:00,5,94,94041,2,2,1,3,190 Boulevard De Stalingrad,48.806979,2.375284
202300037087,13,1,2023,2025-12-05 15:05:00,1,54,54528,2,1,2,6,Rd 400,48.672191,5.888065
202300037088,14,1,2023,2025-12-05 13:30:00,1,974,97411,2,9,1,6,Auber (Rue Jules),-20.87856,55.4528
202300037089,5,10,2023,2025-12-05 05:40:00,5,94,94043,2,1,1,3,Avenue Eugene Thomas,48.80965,2.36046
202300037090,14,1,2023,2025-12-05 18:50:00,1,974,97409,2,1,1,7,Diore(Chemin),-20.97791,55.62888
202300037091,14,1,2023,2025-12-05 14:40:00,1,973,97302,2,2,3,3,Voltaire(Avenue),4.9419874,-52.32399836
202300037092,5,10,2023,2025-12-05 18:00:00,1,94,94065,2,1,1,2,Avenue Charles Lindbergh,48.75308,2.35015
202300037093,14,1,2023,2025-12-05 21:00:00,5,69,69387,2,2,2,3,Grande Rue De La Guillotiere,45.75211,4.84674
202300037094,14,1,2023,2025-12-05 19:05:00,5,69,69387,2,1,1,7,36 Rue Croix-Barret,45.7366,4.84437
202300037095,5,10,2023,2025-12-05 12:13:00,1,94,94077,2,2,1,3,Avenue Poincare,48.73314,2.42341
202300037096,14,1,2023,2025-12-05 16:20:00,1,69,69388,2,2,1,6,132 Avenue Des Freres Lumiere,45.74394,4.87055
202300037097,14,1,2023,2025-12-05 23:39:00,5,95,95019,2,1,2,6,D208,48.985362,2.426545
202300037098,4,10,2023,2025-12-05 07:26:00,2,94,94019,2,1,1,3,Rue Des Bordes,48.79878,2.55774
202300037099,14,1,2023,2025-12-05 20:59:00,5,95,95277,1,1,3,4,D317,48.98134831,2.46753037
202300037100,14,1,2023,2025-12-05 17:50:00,5,95,95219,2,1,2,1,D401,48.99439,2.25013
202300037101,5,10,2023,2025-12-05 11:36:00,1,94,94017,2,2,1,6,Rue Alexandre Fourny,48.81888131,2.52029078
202300037102,13,1,2023,2025-12-05 18:00:00,5,95,95218,2,1,1,2,N184,49.01857394,2.09636092
202300037103,5,10,2023,2025-12-05 07:40:00,1,93,93078,2,2,1,3,Avenue Des Nations / Mail Des Peupliers,48.9762794,2.51292676
202300037104,14,1,2023,2025-12-05 07:45:00,5,91,91345,2,3,2,7,Rue Michel De Gaillard,48.698373,2.290612
202300037105,13,1,2023,2025-12-05 16:45:00,2,88,88429,1,1,3,7,Rn 57,48.07122,6.59559
202300037106,5,10,2023,2025-12-05 20:40:00,5,93,93072,2,1,1,6,Boulevard Maxime Gorki,48.95448094,2.38369671
202300037107,5,10,2023,2025-12-05 11:25:00,1,93,93059,2,3,1,3,Avenue Elisee Reclus / Rue Severin Tuleu,48.9515065,2.35798652
202300037108,14,1,2023,2025-12-05 18:50:00,5,76,76429,2,2,2,6,Route De Paris,49.41058,1.1414
202300037109,5,10,2023,2025-12-05 21:30:00,5,93,93070,2,1,1,3,Avenue Gabriel Peri,48.902905,2.330836
202300037110,14,1,2023,2025-12-05 11:00:00,1,76,76497,1,4,2,3,Avenue Des Canadiens,49.386764,1.054269
202300037111,5,10,2023,2025-12-05 19:50:00,5,93,93070,2,2,1,2,Rue Albert Dhalenne / Rue Soubise,48.91574,2.33106
202300037112,13,1,2023,2025-12-05 18:55:00,5,76,76217,2,1,2,6,Grande Rue,49.92565,1.07656
202300037113,13,1,2023,2025-12-05 17:25:00,5,73,73011,2,1,9,1,Charrette (Chemin De La),45.66004107,6.36811227
202300037114,5,10,2023,2025-12-05 17:45:00,1,93,93066,2,3,1,6,Rue Charles Michels / Place Jean Poulmarch,48.93245,2.34301
202300037115,14,1,2023,2025-12-05 17:55:00,5,73,73008,2,6,1,3,Avenue Daniel Rops,45.69447694,5.89597732
202300037116,14,1,2023,2025-12-05 18:30:00,2,62,62133,2,1,2,6,D46,50.42231,2.91096
202300037117,5,10,2023,2025-12-05 09:10:00,1,93,93066,2,3,1,3,Rue Du Plouich / Rue Georges Bizet,48.94305,2.38187
202300037118,13,1,2023,2025-12-05 16:30:00,2,59,59507,2,1,1,6,Lavoisier Rue,50.60423212,3.07589829
202300037119,13,1,2023,2025-12-05 20:40:00,3,57,57463,2,1,9,1,General Metman,49.11975358,6.24190807
202300037120,5,10,2023,2025-12-05 22:45:00,5,93,93055,2,3,1,1,Avenue Du General Leclerc / Rue Diderot,48.90053,2.41088