num_acc,jour,mois,an,hrmn,lum,dep,com,agg,int,atm,col,adr,lat,long
202300037121,14,1,2023,2025-12-05 11:35:00,1,54,54321,2,1,1,2,Avenue Du Luxembourg,49.53972,5.8125
202300037122,5,10,2023,2025-12-05 11:40:00,1,93,93031,2,3,1,6,Rue Lacepede / Rue De Paris,48.95389,2.31105
202300037123,14,1,2023,2025-12-05 19:12:00,3,53,53130,2,1,3,6,Rue De Beausoleil,48.07127,-0.77596
202300037124,13,1,2023,2025-12-05 17:00:00,1,49,49007,2,1,2,7,Gaulle Boulevard Charles De,47.46952,-0.56126
202300037125,14,1,2023,2025-12-05 18:37:00,3,45,45338,1,1,2,6,D42 Pr 2 + 635,47.974296,2.714881
202300037126,5,10,2023,2025-12-05 15:40:00,1,93,93027,2,5,1,1,Avenue Paul Vaillant Couturier / Rue Edouard Renard,48.91830831,2.40786141
202300037127,14,1,2023,2025-12-05 18:30:00,5,44,44109,2,1,2,6,103 Boulevard De La Liberte,47.20406,-1.58836
202300037128,14,1,2023,2025-12-05 06:00:00,5,38,38185,2,9,5,6,Rond-Point Pierre Et Marie Curie,45.16044,5.72072
202300037129,10,6,2023,2025-12-05 20:25:00,1,92,92063,2,3,1,6,Hopital Stell (Boulevard De L'),48.87868294,2.18651265
202300037130,14,1,2023,2025-12-05 19:05:00,3,37,37233,2,1,3,6,Duclos (Avenue Jacques),47.37967,0.72378
202300037131,5,10,2023,2025-12-05 20:10:00,5,92,92051,2,2,1,2,Graviers (Rue Des),48.88139615,2.26205885
202300037132,14,1,2023,2025-12-05 18:50:00,5,37,37261,2,3,3,6,Saint Barthelemy (Rue Et Allee),47.41209,0.69984
202300037133,14,1,2023,2025-12-05 19:20:00,5,35,35278,2,6,3,6,Robiquette (Rond Point De La),48.13417889,-1.69444062
202300037134,5,10,2023,2025-12-05 22:18:00,5,92,92044,2,5,1,3,Vic. Hugo(Rue)115A149 Et 148A178,48.89829942,2.29436228
202300037135,14,1,2023,2025-12-05 08:45:00,1,33,33013,1,3,1,3,Rocade Rive Droite - Ech24,44.84274,-0.49997
202300037136,5,10,2023,2025-12-05 12:41:00,1,92,92044,2,2,1,6,P.V.Couturier(Rue)81A113Et60A100,48.89830743,2.29430942
202300037137,14,1,2023,2025-12-05 08:53:00,1,32,32013,1,1,1,2,Toulouse (Route De),43.6596,0.63636
202300037138,5,1,2023,2025-12-05 16:00:00,1,30,30028,2,1,1,6,Avenue De L'Ancyse,44.1605,4.6091
202300037139,5,10,2023,2025-12-05 09:30:00,1,92,92036,2,6,1,6,Marcel Paul (Avenue) (1/103),48.93681162,2.30386823
202300037140,14,1,2023,2025-12-05 13:00:00,1,29,29232,2,2,2,3,Avenue De Keradennec,47.9773,-4.06978
202300037141,4,10,2023,2025-12-05 18:05:00,1,92,92026,2,1,1,7,President Paul Doumer (Quai Du),48.88829207,2.25372684
202300037142,14,1,2023,2025-12-05 11:15:00,1,29,29232,2,1,2,6,Rue Le Dean,47.99327,-4.09442
202300037143,6,10,2023,2025-12-05 06:20:00,3,40,40133,1,1,1,6,A 63 Pk 161+800,43.578802,-1.42396
202300037144,13,1,2023,2025-12-05 08:10:00,5,29,29232,2,6,1,2,Route Du Petit Guelen,47.98349,-4.04619
202300037145,6,10,2023,2025-12-05 17:00:00,1,974,97415,1,1,1,2,Chemin De Ligne,-21.089236,55.285628
202300037146,6,10,2023,2025-12-05 16:30:00,1,1,1235,1,1,1,3,D1083,46.034722,5.064687
202300037147,11,1,2023,2025-12-05 19:21:00,5,29,29019,2,3,1,1,Rue Victor Hugo,48.39022,-4.47733
202300037148,6,10,2023,2025-12-05 18:30:00,2,38,38157,2,2,1,1,Lotissement Les Hauts Du Michalin,45.516982,4.969913
202300037149,13,1,2023,2025-12-05 23:30:00,5,28,28085,2,2,2,2,Leclerc (Rue Du Marechal),48.43991,1.47506
202300037150,6,10,2023,2025-12-05 10:15:00,1,6,6149,2,1,1,3,M2204C,43.741057,7.30995
202300037151,6,10,2023,2025-12-05 08:00:00,1,6,6161,2,2,1,3,2507 Rd6007,43.627593,7.132802
202300037152,14,1,2023,2025-12-05 19:20:00,5,22,22278,2,2,2,1,Republique (De La),48.52069,-2.73094
202300037153,5,10,2023,2025-12-05 19:15:00,1,31,31567,1,1,1,2,D826,43.594099,1.641254
202300037154,6,10,2023,2025-12-05 15:50:00,1,974,97412,2,1,1,7,Route De Grand Coude,-21.320543,55.632846
202300037155,19,9,2023,2025-12-05 23:19:00,3,91,91661,1,1,1,1,D118,48.684947,2.222205
202300037156,11,1,2023,2025-12-05 18:10:00,5,21,21054,2,2,8,1,Rue Du Clos Du Roy,47.038195,4.837755
202300037157,6,10,2023,2025-12-05 09:50:00,1,26,26333,1,9,1,5,Saint-Vallier,45.167054,4.818237
202300037158,5,10,2023,2025-12-05 18:10:00,1,974,97413,1,1,1,3,N1A,-21.146047,55.27307
202300037159,3,10,2023,2025-12-05 08:45:00,1,974,97413,2,1,7,6,Rue Gaspard,-21.169701,55.28928
202300037160,5,10,2023,2025-12-05 18:55:00,2,12,12270,1,1,1,2,A75,44.314769,3.097833
202300037161,6,10,2023,2025-12-05 15:20:00,1,69,69100,2,3,1,7,Rue Des Selettes,45.672684,4.829663
202300037162,5,10,2023,2025-12-05 15:57:00,1,51,51302,1,1,1,7,D337,48.986484,4.088373
202300037163,6,10,2023,2025-12-05 08:30:00,1,56,56091,2,3,1,3,Rue Des Saulniers,47.960409,-2.552755
202300037164,5,10,2023,2025-12-05 11:30:00,1,56,56036,2,3,1,1,Rue Daniel Trudaine,47.781731,-3.32963
202300037165,6,10,2023,2025-12-05 11:50:00,1,76,76070,1,1,1,4,Route De La Briqueterie,49.699636,1.23755
202300037166,3,10,2023,2025-12-05 09:45:00,1,79,79174,1,1,1,7,Adresse_Inconnue,46.230797,-0.120571
202300037167,28,7,2023,2025-12-05 07:10:00,1,34,34064,1,1,1,6,A75,43.855008,3.307893
202300037168,28,7,2023,2025-12-05 12:20:00,1,62,62042,1,1,1,1,D950,50.313363,2.834328
202300037169,27,7,2023,2025-12-05 12:00:00,1,83,83116,2,1,1,6,Chemin D?Aix,43.456178,5.854039
202300037170,28,7,2023,2025-12-05 12:30:00,1,95,95652,1,1,1,3,D922,49.132735,2.391447
202300037171,25,7,2023,2025-12-05 03:00:00,3,89,89456,1,1,2,3,Adresse_Inconnue,48.301529,3.184241
202300037172,20,7,2023,2025-12-05 13:52:00,1,49,49359,2,3,7,3,Rue De L'Ancien Commerce,47.221215,-0.177133
202300037173,28,7,2023,2025-12-05 02:15:00,5,42,42279,2,1,1,6,Route De Saint Victor,45.496564,4.265989
202300037174,22,7,2023,2025-12-05 01:45:00,3,46,46281,1,1,1,3,Pk 29 D807,44.84201,1.834953
202300037175,26,7,2023,2025-12-05 17:09:00,1,47,47265,1,1,2,1,D413,44.48718867,0.59955633
202300037176,23,7,2023,2025-12-05 09:00:00,1,41,41080,2,1,1,6,24Bis Route Des Hayes,47.313013,1.18544
202300037177,18,7,2023,2025-12-05 18:08:00,1,22,22166,1,3,1,2,Ty Glaz,48.805005,-3.323472
202300037178,27,7,2023,2025-12-05 21:15:00,3,39,39017,1,3,1,1,Adresse_Inconnue,46.76566,5.519576
202300037179,26,7,2023,2025-12-05 17:45:00,1,35,35299,1,1,1,6,Les Nielles,48.63403832,-1.86564535
202300037180,28,7,2023,2025-12-05 18:00:00,1,2,2292,2,1,1,6,Avenue Ernest Couvrecelle,49.036212,3.408852
202300037181,25,7,2023,2025-12-05 13:00:00,1,84,84133,2,6,1,1,Boulevard De Saint Roch,43.719296,5.539786
202300037182,25,7,2023,2025-12-05 21:30:00,2,3,3108,1,1,1,7,D998,46.195829,2.921464
202300037183,28,7,2023,2025-12-05 13:00:00,1,54,54162,1,1,2,6,D960A,48.64199068,5.84297776
202300037184,28,7,2023,2025-12-05 11:32:00,1,6,6059,1,1,1,1,Tunnel Du Cap Estel Avenue Raymond Poincare,43.720509,7.369096
202300037185,28,7,2023,2025-12-05 08:10:00,1,6,6148,1,1,1,1,Chemin De La Papeterie,43.703297,6.999723
202300037186,28,7,2023,2025-12-05 07:19:00,1,50,50290,1,1,1,1,D106,48.662698,-1.222503
202300037187,28,7,2023,2025-12-05 17:25:00,1,64,64038,2,1,1,1,6 Route De Lanchipiette,43.454438,-1.532832
202300037188,24,7,2023,2025-12-05 18:20:00,1,10,10323,2,6,1,3,17 Avenue Georges Pompidou,48.504237,3.7555
202300037189,28,7,2023,2025-12-05 02:45:00,3,21,21205,2,4,1,6,Rue De La Liberte,47.45597,4.299769
202300037190,26,7,2023,2025-12-05 22:45:00,3,24,24087,1,1,1,6,Departementale 703,44.851511,1.075705
202300037191,28,7,2023,2025-12-05 11:35:00,1,4,4088,1,1,1,3,Rd16,43.99173,5.819557
202300037192,25,7,2023,2025-12-05 18:00:00,1,27,27204,1,1,1,1,D14B,49.310002,1.570164
202300037193,22,7,2023,2025-12-05 12:35:00,1,17,17241,1,3,1,4,Route Du Pont De Ricot,45.221086,-0.148782
202300037194,26,7,2023,2025-12-05 19:05:00,1,23,23223,1,1,1,1,La Vialle,45.869506,1.708406
202300037195,26,7,2023,2025-12-05 16:41:00,1,68,68037,1,1,1,3,A35 Pr 79+400,47.963579,7.369379
202300037196,28,7,2023,2025-12-05 02:40:00,5,30,30169,2,2,2,1,37 Route De Nimes,43.792879,4.309661
202300037197,28,7,2023,2025-12-05 14:40:00,1,89,89379,1,1,2,6,Adresse_Inconnue,47.503866,4.09641
202300037198,26,7,2023,2025-12-05 18:45:00,1,38,38289,1,3,1,1,Route De Sardonne,45.119674,6.040828
202300037199,27,7,2023,2025-12-05 22:00:00,5,78,78537,1,1,2,2,A 10,48.553575,1.931319
202300037200,27,7,2023,2025-12-05 15:15:00,2,11,11086,2,3,1,3,5 Rue Des Grenaches,42.930525,2.971432
202300037201,27,7,2023,2025-12-05 14:00:00,1,77,77364,1,2,2,3,Pk Ds D54,49.008111,2.769874
202300037202,27,7,2023,2025-12-05 20:30:00,2,77,77343,1,1,2,7,D401,49.022913,3.046689
202300037203,22,7,2023,2025-12-05 14:30:00,1,78,78655,2,1,1,6,12 Route De Rambouillet,48.662723,1.868615
202300037204,28,7,2023,2025-12-05 00:35:00,3,34,34299,1,1,3,6,Route De La Maire,43.281829,3.308794
202300037205,28,7,2023,2025-12-05 12:10:00,1,5,5058,1,2,1,3,D38,44.753911,6.572785
202300037206,27,7,2023,2025-12-05 19:30:00,2,5,5070,2,6,1,3,D1075,44.31372501,5.82680787
202300037207,14,7,2023,2025-12-05 21:35:00,2,13,13014,1,1,1,3,D21,43.491055,5.201941
202300037208,27,7,2023,2025-12-05 16:49:00,1,13,13074,1,3,7,3,D96,43.651246,5.608349
202300037209,27,7,2023,2025-12-05 15:35:00,1,57,57008,1,1,1,1,D20 Pk 24+160,49.005335,6.595187
202300037210,27,7,2023,2025-12-05 15:20:00,1,42,42037,1,1,1,6,D8,45.670009,4.042304
202300037211,22,7,2023,2025-12-05 18:20:00,1,38,38153,1,1,1,6,Route De Villard De Lans,45.198657,5.628954
202300037212,28,7,2023,2025-12-05 13:15:00,1,69,69157,2,1,1,6,Place Jean Xxiii,45.87449714,4.48973784
202300037213,27,7,2023,2025-12-05 12:55:00,1,69,69117,1,3,1,3,Route De Limonest,45.853186,4.758794
202300037214,28,7,2023,2025-12-05 08:00:00,1,19,19101,1,1,1,1,Route Des Vignes (Laguenne),45.24071075,1.78635335
202300037215,27,7,2023,2025-12-05 20:46:00,2,17,17225,1,9,1,3,"Rd 25, Intersection Route De La Courbre Entree Parking Bonne Anse Plage",45.698064,-1.215228
202300037216,23,7,2023,2025-12-05 09:00:00,1,44,44159,1,1,8,1,4 Beau Site,47.141844,-1.406186
202300037217,27,7,2023,2025-12-05 16:35:00,1,59,59212,2,1,2,1,Rue Emile Roche,50.643772,2.721699
202300037218,27,7,2023,2025-12-05 17:10:00,1,13,13026,1,1,1,2,A55-Sens Martigues Vers Marseille,43.3981579,5.12110158
202300037219,25,7,2023,2025-12-05 00:50:00,3,69,69163,1,1,1,6,Autoroute 46,45.91412,4.79329
202300037220,27,7,2023,2025-12-05 18:00:00,1,33,33397,1,1,1,2,Autoroute A 10,44.91477,-0.47965
202300037221,27,7,2023,2025-12-05 10:35:00,1,33,33487,1,1,1,2,Autoroute A 10,44.9526104,-0.45934439
202300037222,26,7,2023,2025-12-05 23:20:00,5,33,33550,1,1,1,3,Rocade A 630,44.7785,-0.5548
202300037223,27,7,2023,2025-12-05 18:30:00,1,91,91340,1,1,2,2,Rn 104,48.60869,2.43759
202300037224,27,7,2023,2025-12-05 08:40:00,1,91,91687,1,1,1,7,Autoroute A6,48.65941,2.37388
202300037225,26,7,2023,2025-12-05 17:30:00,1,75,75116,1,1,1,6,A13W,48.847598,2.253689
202300037226,26,7,2023,2025-12-05 18:45:00,1,95,95256,1,1,1,3,N184,49.05400463,2.20008731
202300037227,26,7,2023,2025-12-05 14:05:00,1,95,95277,1,1,1,2,A3,48.98015842,2.49808344
202300037228,26,7,2023,2025-12-05 09:30:00,1,93,93029,1,1,1,3,Autoroute A86,48.92294104,2.42735624
202300037229,26,7,2023,2025-12-05 05:00:00,3,93,93027,1,1,1,3,Autoroute A1,48.93801,2.41316
202300037230,25,7,2023,2025-12-05 09:15:00,1,95,95018,1,1,1,6,D311,48.95675,2.27453
202300037231,24,7,2023,2025-12-05 08:00:00,1,95,95018,1,1,2,6,D311,48.95667,2.27456
202300037232,27,7,2023,2025-12-05 19:00:00,1,94,94022,1,1,2,1,A86,48.7766716,2.41970908
202300037233,26,7,2023,2025-12-05 18:40:00,1,93,93051,1,1,1,3,A4,48.83627877,2.55459225
202300037234,7,4,2023,2025-12-05 15:00:00,1,74,74077,1,1,4,4,A40,46.06860577,5.90316117
202300037235,18,5,2023,2025-12-05 12:16:00,1,74,74010,1,9,1,5,A41,45.896609,6.087799
202300037236,28,3,2023,2025-12-05 18:15:00,1,19,19275,2,1,1,6,Carnot (Avenue) Ndeg Pairs,45.54673499,2.31007934
202300037237,23,3,2023,2025-12-05 04:40:00,5,19,19275,2,2,1,3,Carnot (Avenue) Ndeg Pairs,45.54786,2.31089
202300037238,27,7,2023,2025-12-05 22:00:00,2,26,26362,2,1,1,1,Avenue De Chabeuil,44.9321672,4.89799261
202300037239,19,7,2023,2025-12-05 16:35:00,1,24,24256,1,1,1,6,Suder (Avenue Louis),45.1941,0.66107
202300037240,26,7,2023,2025-12-05 16:40:00,1,988,98818,2,3,1,1,Rue Armand Ohlen/Rue Brassens,-22.25231,166.46366
202300037241,26,7,2023,2025-12-05 13:45:00,1,974,97416,2,9,1,6,Ligne Des Bambous(Route),-21.29935,55.49049
202300037242,26,7,2023,2025-12-05 06:25:00,1,974,97416,1,9,1,5,Ancienne Rn 1,-21.32155349,55.44458628
202300037243,26,7,2023,2025-12-05 19:40:00,4,973,97302,2,1,1,2,Grant (Cite),4.94698268,-52.30702937
202300037244,26,7,2023,2025-12-05 15:25:00,1,973,97302,2,1,1,7,Felix Eboue(Rocade),4.93154154,-52.3125051
202300037245,26,7,2023,2025-12-05 18:40:00,1,69,69388,2,1,1,6,Rue Philippe Fabia,45.72877,4.86939
202300037246,26,7,2023,2025-12-05 13:30:00,1,69,69386,2,3,1,3,Avenue Thiers,45.7663,4.86171
202300037247,26,7,2023,2025-12-05 16:20:00,1,972,97209,1,1,1,6,Chateauboeuf (Route De),14.61832,-61.04559
202300037248,26,7,2023,2025-12-05 10:00:00,1,972,97209,2,3,1,3,Bouille (Rue),14.60367069,-61.06583363
202300037249,27,7,2023,2025-12-05 00:29:00,5,2B,2B033,2,1,1,6,Chanoine Leschi - Rue,42.70217,9.45279
202300037250,26,7,2023,2025-12-05 13:40:00,1,971,97113,1,1,1,1,Pont De Poucet,16.21841,-61.50447
202300037251,26,7,2023,2025-12-05 09:45:00,1,91,91434,2,2,1,3,Avenir (Avenue De L'),48.656634,2.353913
202300037252,26,7,2023,2025-12-05 09:30:00,1,91,91432,2,2,1,3,Av Aristide Briand,48.700204,2.325646
202300037253,25,7,2023,2025-12-05 07:50:00,1,87,87065,1,1,1,6,Autoroute A20,45.79,1.30463
202300037254,23,7,2023,2025-12-05 02:15:00,4,86,86194,2,5,1,3,Boulevard Anatole France,46.578185,0.350785
202300037255,25,7,2023,2025-12-05 18:45:00,1,86,86066,2,2,1,3,Avenue De Velbert,46.81645,0.52807
202300037256,26,7,2023,2025-12-05 17:55:00,1,76,76474,2,3,1,5,Rue De L'Avenir,49.4879,1.04766
202300037257,25,7,2023,2025-12-05 22:10:00,3,76,76351,1,1,1,7,Rd 940,49.498287,0.095686
202300037258,25,7,2023,2025-12-05 10:20:00,1,72,72181,2,9,1,2,Lefaucheux Pierre (Bd),47.96252,0.1772
202300037259,26,7,2023,2025-12-05 15:15:00,1,67,67482,2,1,8,3,Landsberg (Rue Du),48.5706,7.7639
202300037260,26,7,2023,2025-12-05 12:20:00,1,64,64260,2,1,1,6,Allees (Rue Des),43.35518,-1.77451
202300037261,26,7,2023,2025-12-05 09:30:00,1,64,64545,2,4,1,1,Rd810,43.376,-1.677
202300037262,23,7,2023,2025-12-05 21:35:00,2,57,57306,2,1,1,6,Wendel (Rue De),49.32411503,6.06908798
202300037263,26,7,2023,2025-12-05 16:26:00,1,57,57463,2,2,1,6,Roi George (Place Du ),49.13333,6.16667
202300037264,23,7,2023,2025-12-05 09:28:00,1,54,54079,2,1,1,7,Avenue Victor Claude,48.889,6.05281
202300037265,26,7,2023,2025-12-05 14:15:00,1,51,51454,2,1,1,6,Carre General (Rue),49.25552,4.06072
202300037266,26,7,2023,2025-12-05 03:00:00,5,51,51454,2,1,1,6,Ledru Rollin (Rue) Du Ndeg1 A 171 Et 2 A 1,49.237206,4.034816
202300037267,26,7,2023,2025-12-05 00:53:00,5,51,51454,2,2,1,6,Albert 1Er (Boulevard),49.27363,4.01527
202300037268,26,7,2023,2025-12-05 04:30:00,5,49,49007,2,1,1,7,Coubertin Boulevard,47.45867,-0.53295
202300037269,25,7,2023,2025-12-05 16:14:00,1,49,49267,1,1,1,5,A87N,47.46519754,-0.51674366
202300037270,25,7,2023,2025-12-05 13:46:00,1,49,49007,2,2,1,3,Lafayette Place,47.46271,-0.55497
202300037271,26,7,2023,2025-12-05 12:40:00,1,47,47001,2,1,1,3,Republique (Boulevard De La),44.20429,0.61308
202300037272,25,7,2023,2025-12-05 22:55:00,5,46,46042,2,1,1,6,Zola (Rue Emile),44.45352,1.43732
202300037273,13,3,2023,2025-12-05 14:50:00,1,44,44109,2,1,1,2,Boulevard Martin Luther King,47.25665,-1.55547
202300037274,26,7,2023,2025-12-05 15:35:00,1,37,37261,2,1,1,6,Grammont (Avenue De),47.38631416,0.69052935
202300037275,25,7,2023,2025-12-05 16:45:00,1,34,34003,1,1,6,7,Lieu-Dit Les Verdisses,43.298684,3.442181
202300037276,26,7,2023,2025-12-05 04:25:00,3,28,28209,1,1,1,1,Rn 1154,48.47757,1.46084
202300037277,26,7,2023,2025-12-05 10:30:00,1,25,25462,1,1,8,1,Lavaux Des (Du 26 A La Fin),46.91235,6.38168
202300037278,25,7,2023,2025-12-05 20:25:00,1,25,25056,2,1,2,3,Dole Rue De (Sup 200),47.22639,5.97751
202300037279,24,7,2023,2025-12-05 16:25:00,1,19,19031,2,3,1,6,Lalande (Rue Philibert),45.15973,1.50326
202300037280,25,7,2023,2025-12-05 09:15:00,1,11,11069,1,1,1,6,Adresse_Inconnue,43.2113,2.3239
202300037281,24,7,2023,2025-12-05 09:30:00,1,11,11069,2,1,1,6,23 Boulevard Du Commandant Roumens,43.21037052,2.35323733
202300037282,26,7,2023,2025-12-05 10:20:00,1,6,6088,2,8,1,3,Californie (Av.) (Du 23-25 Au 199-210),43.689,7.2404
202300037283,26,7,2023,2025-12-05 09:40:00,1,6,6069,2,1,1,6,"Jeu De Ballon (Boulevard, Impasse Et Tra",43.65934,6.9221
202300037284,27,7,2023,2025-12-05 00:30:00,5,6,6027,2,1,1,6,Plage Boulevard De La,43.6563104,7.1630949
202300037285,10,6,2023,2025-12-05 12:10:00,1,75,75120,2,1,1,3,Rue Des Freres Flavien,48.877387,2.411519
202300037286,26,7,2023,2025-12-05 14:30:00,1,75,75119,2,2,1,3,Avenue Rene Fonck,48.878137,2.409436
202300037287,26,7,2023,2025-12-05 16:15:00,1,75,75118,2,5,1,6,Avenue De Saint Ouen,48.893059,2.327493
202300037288,26,7,2023,2025-12-05 17:30:00,1,75,75116,2,1,1,1,Allee Du Bord De L Eau,48.872348,2.242614
202300037289,26,7,2023,2025-12-05 00:40:00,5,75,75113,2,1,1,3,Avenue De La Porte D Italie,48.816453,2.360361
202300037290,25,7,2023,2025-12-05 11:00:00,1,75,75113,2,3,1,6,Avenue Des Gobelins,48.833205,2.354385
202300037291,25,7,2023,2025-12-05 08:35:00,1,75,75113,2,3,2,3,Boulevard Auguste Blanqui,48.830339,2.347016
202300037292,26,7,2023,2025-12-05 16:45:00,1,75,75111,2,5,1,6,Boulevard Voltaire,48.857786,2.380149
202300037293,26,7,2023,2025-12-05 13:45:00,1,75,75110,2,2,1,2,Rue Saint Maur,48.871773,2.371976
202300037294,26,7,2023,2025-12-05 23:00:00,5,75,75102,2,1,1,6,Boulevard De Bonne Nouvelle,48.870029,2.350662
202300037295,24,7,2023,2025-12-05 23:00:00,5,94,94042,2,1,1,4,Avenue Du General Gallieni,48.82005,2.48064
202300037296,26,7,2023,2025-12-05 09:30:00,1,94,94016,2,1,1,3,Avenue De L'Europe,48.78606,2.32751
202300037297,26,7,2023,2025-12-05 11:30:00,1,94,94033,2,1,1,2,Place Moreau-David,48.84398,2.46437
202300037298,26,7,2023,2025-12-05 07:00:00,1,94,94022,2,2,1,1,Rue Du Four,48.75458,2.41032
202300037299,24,7,2023,2025-12-05 19:10:00,1,94,94017,2,3,3,3,Quai Gallieni,48.81237,2.48897
202300037300,26,7,2023,2025-12-05 09:00:00,1,93,93077,2,3,1,3,Rue De Neuilly / Avenue Marcel,48.87727,2.52397
202300037301,25,7,2023,2025-12-05 21:15:00,2,93,93029,2,2,1,3,Rue Sadi Carnot / Rue D'Alsace Lorraine,48.92703279,2.43837974
202300037302,26,7,2023,2025-12-05 18:50:00,1,93,93014,2,1,1,3,Allee Maurice Audin,48.90855,2.54513
202300037303,26,7,2023,2025-12-05 09:20:00,1,93,93053,2,9,1,6,Rue De La Gare,48.896248,2.459143
202300037304,24,7,2023,2025-12-05 23:30:00,5,93,93008,2,2,2,3,Rue De Teheran / Avenue Edouard Vaillant,48.91165,2.46487
202300037305,26,7,2023,2025-12-05 13:57:00,1,93,93007,2,1,1,4,"""Pierre Semard (Rue """"Cote Impairs"""")""",48.93709579,2.47437832
202300037306,19,7,2023,2025-12-05 17:20:00,1,92,92063,2,1,1,4,Richelieu (Boulevard),48.87107136,2.18384993
202300037307,26,7,2023,2025-12-05 18:50:00,1,92,92051,2,1,1,6,"Bineau (Boulevard, Ndeg53 A 131 Et 52 A 13",48.88881328,2.2740975
202300037308,26,7,2023,2025-12-05 17:25:00,1,92,92020,2,1,1,1,Vanves Boulevard Ndeg Impairs,48.80720409,2.28532768
202300037309,26,7,2023,2025-12-05 21:05:00,1,92,92040,2,3,1,7,Henri Iv (Avenue),48.81881094,2.24370785
202300037310,26,7,2023,2025-12-05 01:15:00,5,92,92004,2,1,1,3,Docteur Dervaux  ( Quai Du ),48.90322697,2.28396052
202300037311,26,7,2023,2025-12-05 17:45:00,1,974,97415,1,1,1,1,Chemin Tan Rouge,-21.055927,55.289238
202300037312,27,7,2023,2025-12-05 10:50:00,1,60,60275,1,1,2,6,D22,49.489106,1.901214
202300037313,27,7,2023,2025-12-05 14:34:00,1,22,22209,2,1,3,6,7 Rue De Joliet,48.578942,-2.147205
202300037314,26,7,2023,2025-12-05 13:50:00,1,33,33327,2,8,3,3,Cours Georges Clemenceau,44.650296,-0.360821
202300037315,26,7,2023,2025-12-05 15:45:00,1,84,84069,1,1,1,1,Rd 90,44.177049,5.125884
202300037316,26,7,2023,2025-12-05 21:25:00,3,974,97412,2,1,2,6,Rue Charles Baudelaire,-21.381762,55.645338
202300037317,26,7,2023,2025-12-05 07:00:00,1,21,21449,1,1,1,2,A6,47.393178,4.361229
202300037318,27,7,2023,2025-12-05 08:45:00,1,19,19248,1,1,1,2,A20,45.44799263,1.50928426
202300037319,27,7,2023,2025-12-05 07:20:00,1,41,41093,1,1,1,6,A10,47.609461,1.131935
202300037320,27,7,2023,2025-12-05 09:50:00,1,30,30334,2,1,1,6,Avenue Georges Chauvin,44.013314,4.414414
202300037321,22,7,2023,2025-12-05 08:55:00,1,57,57407,2,1,1,6,Route De Bickenholtz,48.77483079,7.14207023
202300037322,27,7,2023,2025-12-05 00:45:00,3,56,56251,1,1,1,6,Chemin De La Fontaine Guehec,47.60754,-2.68447
202300037323,26,7,2023,2025-12-05 16:00:00,1,74,74234,2,1,1,3,328 Chemin Du Pre Corbet,45.76432,6.302494
202300037324,26,7,2023,2025-12-05 18:40:00,1,77,77416,1,1,7,6,D12,48.610654,3.143238
202300037325,26,7,2023,2025-12-05 07:20:00,1,33,33235,1,1,1,3,Lieu Dit Montarasse Rd655,44.391679,-0.103356
202300037326,26,7,2023,2025-12-05 20:40:00,1,71,71137,2,1,1,6,Rue Porte De Paris,46.436057,4.661277
202300037327,23,7,2023,2025-12-05 19:28:00,1,89,89074,2,3,1,2,Adresse_Inconnue,48.32291,3.12977
202300037328,27,7,2023,2025-12-05 01:45:00,3,63,63381,2,1,1,7,19 Route De Bosloup,45.831786,2.89861
202300037329,26,7,2023,2025-12-05 19:50:00,1,49,49331,1,1,7,1,Route Du Tertre (Montguillon),47.739482,-0.765824
202300037330,17,7,2023,2025-12-05 18:17:00,1,68,68258,2,3,1,3,1 Rue De Cernay,47.833602,7.301075
202300037331,22,7,2023,2025-12-05 01:00:00,3,22,22222,2,4,1,5,D786,48.689091,-2.931612
202300037332,26,7,2023,2025-12-05 22:15:00,4,25,25490,1,1,1,6,Route De Vandelans,47.392047,6.173303
202300037333,26,7,2023,2025-12-05 18:20:00,1,25,25014,1,1,1,7,Rue Des Chevrioles,47.31146,6.159886
202300037334,27,7,2023,2025-12-05 10:40:00,1,84,84017,1,1,1,7,Route Du Mont-Ventoux,44.170827,5.284842
202300037335,26,7,2023,2025-12-05 20:32:00,1,72,72176,1,2,1,1,D48,47.620585,0.151985
202300037336,27,7,2023,2025-12-05 17:59:00,1,24,24564,1,1,1,7,D5 Le Pauly,45.241083,0.284089
202300037337,27,7,2023,2025-12-05 12:35:00,1,85,85108,2,6,1,7,31 Rue Du Val De Loire,46.911941,-1.381059
202300037338,26,7,2023,2025-12-05 09:15:00,1,17,17385,1,1,8,1,Rd 126,45.955401,-1.248708
202300037339,27,7,2023,2025-12-05 15:00:00,1,45,45120,1,1,1,2,A77 Pr 76 + 200,47.604311,2.833786
202300037340,19,6,2023,2025-12-05 07:20:00,1,988,98805,1,4,1,3,Ve2/Bretelle D'Insertion Menant A Kenuin,-22.219509,166.470074
202300037341,27,7,2023,2025-12-05 14:04:00,1,1,1038,1,1,1,7,Autoroute A39 Pk135.800,46.325509,5.271254
202300037342,26,7,2023,2025-12-05 20:30:00,1,67,67150,2,1,1,6,41 Rue De La Mairie,48.612792,7.562563
202300037343,27,7,2023,2025-12-05 13:30:00,1,6,6085,1,1,1,6,"Autoroute A8 Pk 169.500, Chaussee Sud",43.590369,7.035284
202300037344,27,7,2023,2025-12-05 08:40:00,1,38,38343,1,1,1,2,"A43, Pr 065.200, Direction Lyon",45.575803,5.639817
202300037345,26,7,2023,2025-12-05 21:25:00,2,66,66008,2,1,1,1,Adresse_Inconnue,42.577923,3.033514