num_acc,jour,mois,an,hrmn,lum,dep,com,agg,int,atm,col,adr,lat,long
202300037346,26,7,2023,2025-12-05 12:10:00,1,4,4062,1,1,1,7,Chemin Du Clausal,44.444619,6.733927
202300037347,25,7,2023,2025-12-05 15:00:00,1,4,4143,2,9,1,6,D4,43.923047,5.911632
202300037348,26,7,2023,2025-12-05 09:50:00,1,13,13059,1,3,1,3,Route Departementale 96,43.64309159,5.54360569
202300037349,20,7,2023,2025-12-05 23:00:00,3,13,13041,1,1,1,6,D6,43.467116,5.467286
202300037350,26,7,2023,2025-12-05 19:44:00,1,89,89337,2,3,8,3,13 Route De Champs,47.742167,3.648376
202300037351,26,7,2023,2025-12-05 18:15:00,1,88,88270,2,1,1,2,D674,48.317465,5.594053
202300037352,26,7,2023,2025-12-05 15:30:00,1,57,57443,2,1,1,7,Rue De L?Amitie,49.220547,6.124991
202300037353,27,7,2023,2025-12-05 17:30:00,1,3,3104,1,3,1,3,Route De Montlucon,46.334351,2.784095
202300037354,26,7,2023,2025-12-05 17:10:00,1,38,38170,2,1,1,6,Grande Rue,45.255484,5.664968
202300037355,27,7,2023,2025-12-05 11:11:00,1,7,7026,1,1,1,7,D16,44.836704,4.094709
202300037356,26,7,2023,2025-12-05 10:20:00,1,16,16078,1,1,1,7,Rue Des Cerisiers,45.698205,0.189913
202300037357,22,6,2023,2025-12-05 02:20:00,3,95,95252,1,1,1,2,A15,48.9849,2.21555
202300037358,21,6,2023,2025-12-05 22:35:00,3,93,93066,1,1,1,4,Autoroute A1,48.9245,2.35715
202300037359,18,6,2023,2025-12-05 19:15:00,1,95,95641,1,1,2,2,A1,49.06135043,2.55175173
202300037360,22,6,2023,2025-12-05 08:15:00,1,13,13005,2,1,1,3,Salengro (Avenue Roger),43.30356,5.57169
202300037361,21,6,2023,2025-12-05 19:35:00,1,75,75109,2,1,1,2,Boulevard De Clichy,48.884402,2.329459
202300037362,16,6,2023,2025-12-05 22:45:00,5,76,76540,2,1,1,6,Rue De Lessard,49.427626,1.095816
202300037363,16,4,2023,2025-12-05 03:00:00,3,22,22215,2,1,1,6,Loge (Rue De La),48.47385,-2.80035
202300037364,24,2,2023,2025-12-05 16:00:00,1,26,26083,1,1,8,1,D53,45.251224,4.948268
202300037365,21,6,2023,2025-12-05 16:32:00,1,973,97302,2,6,1,6,Mirza (Rond-Point),4.93263183,-52.3263976
202300037366,22,6,2023,2025-12-05 18:05:00,2,69,69387,2,1,3,7,Avenue Tony Garnier,45.72648695,4.82623816
202300037367,22,6,2023,2025-12-05 12:15:00,1,69,69386,2,1,2,6,Rue De Seze,45.76907,4.85632
202300037368,22,6,2023,2025-12-05 08:15:00,1,69,69388,2,8,1,3,Rue Nungesser Et Coli,45.74238,4.88
202300037369,22,6,2023,2025-12-05 18:25:00,1,69,69034,2,3,8,3,Avenue General Leclerc,45.7988,4.85252
202300037370,21,6,2023,2025-12-05 18:36:00,1,2A,2A271,1,1,1,1,T20,41.961115,8.812844
202300037371,22,6,2023,2025-12-05 10:30:00,1,95,95088,1,1,3,2,D170,48.97755,2.43397
202300037372,21,6,2023,2025-12-05 14:28:00,1,91,91347,2,3,1,3,Rte De Montlhery,48.635253,2.285632
202300037373,17,6,2023,2025-12-05 23:10:00,5,91,91657,2,5,1,3,Rue Jules Verne,48.70017,2.43757
202300037374,22,6,2023,2025-12-05 17:35:00,1,91,91479,2,2,1,3,Av Jean Jaures,48.708037,2.365716
202300037375,21,6,2023,2025-12-05 23:45:00,5,80,80021,2,6,1,3,Roubaix (Boulevard De ),49.91151,2.31571
202300037376,21,6,2023,2025-12-05 20:50:00,1,80,80021,2,1,1,1,Massey (Rue),49.90014,2.31177
202300037377,22,6,2023,2025-12-05 08:20:00,1,78,78551,2,1,2,6,Ampere,48.90071,2.08048
202300037378,22,6,2023,2025-12-05 12:50:00,1,78,78642,2,3,1,3,Vignes Rue Des,48.9774,1.96929
202300037379,22,6,2023,2025-12-05 12:55:00,1,78,78172,2,1,2,1,Carnot (Avenue),48.99713,2.09395
202300037380,21,6,2023,2025-12-05 19:10:00,1,76,76351,1,1,1,7,Vingt Quatrieme Territorial (Chaussee Du,49.49064,0.1216
202300037381,22,6,2023,2025-12-05 20:15:00,1,74,74305,2,1,2,2,Buchillons (Avenue Des),46.19914,6.26677
202300037382,21,6,2023,2025-12-05 18:45:00,1,72,72181,2,9,1,2,Bouvet Roger (Rue) Ndeg Pairs,48.01286,0.18328
202300037383,21,6,2023,2025-12-05 18:10:00,1,72,72181,2,9,1,3,Courboulay Paul (Rue),48.005323,0.195961
202300037384,21,6,2023,2025-12-05 18:22:00,1,71,71306,2,1,1,2,Roger Salengro (Avenue),46.6688,4.36061
202300037385,21,6,2023,2025-12-05 15:45:00,1,71,71306,2,1,1,1,Henri Vairon (Rue),46.65395681,4.36075956
202300037386,21,6,2023,2025-12-05 16:30:00,1,71,71270,2,1,1,6,Normandie (Rue De),46.32149,4.82907
202300037387,21,6,2023,2025-12-05 18:45:00,1,69,69259,2,3,1,3,Route De Vienne,45.72418629,4.85411603
202300037388,22,6,2023,2025-12-05 14:10:00,1,67,67482,2,3,1,3,Bale (Rue De),48.56526,7.7677
202300037389,22,6,2023,2025-12-05 00:10:00,5,67,67447,2,3,1,3,Saverne (Rue De),48.61185,7.74445
202300037390,21,6,2023,2025-12-05 18:26:00,1,66,66136,2,1,1,6,Adresse_Inconnue,42.69027985,2.88094461
202300037391,21,6,2023,2025-12-05 17:45:00,1,66,66136,2,1,1,6,Adresse_Inconnue,42.67022,2.88305
202300037392,17,6,2023,2025-12-05 11:35:00,1,65,65433,2,4,1,1,Boulevard Du Pic Du Midi,43.19842,0.10003
202300037393,21,6,2023,2025-12-05 14:10:00,1,65,65286,2,1,2,6,Avenue Francois Abadie,43.109276,-0.038078
202300037394,22,6,2023,2025-12-05 14:50:00,1,64,64445,2,9,8,4,Leon Blum,43.31741,-0.33009
202300037395,22,6,2023,2025-12-05 08:35:00,1,64,64102,2,1,2,3,Mounede (Avenue De),43.49891,-1.458
202300037396,21,6,2023,2025-12-05 14:37:00,1,64,64024,2,1,1,2,Espagne (Avenue D'),43.47667,-1.52622
202300037397,20,6,2023,2025-12-05 20:45:00,1,64,64102,2,1,3,7,Amade  (Rond Point),43.50206,-1.47832
202300037398,14,6,2023,2025-12-05 21:00:00,1,64,64024,2,1,1,7,Bab (Boulevard Du),43.49658,-1.5106
202300037399,22,6,2023,2025-12-05 15:50:00,1,63,63113,2,2,2,3,Gautier / Lavoisier,45.78349672,3.0752331
202300037400,22,6,2023,2025-12-05 12:00:00,1,63,63308,2,6,1,2,Rouzaud / Vaquez,45.76737,3.05607
202300037401,21,6,2023,2025-12-05 19:00:00,1,62,62386,2,2,1,6,Boulevard Garros,50.453454,2.733993
202300037402,22,6,2023,2025-12-05 17:15:00,1,61,61497,1,1,1,7,D500,48.46,0.113
202300037403,17,6,2023,2025-12-05 05:27:00,2,60,60159,1,9,1,3,Route Nationale 31,49.41258,2.92505
202300037404,22,6,2023,2025-12-05 18:15:00,1,59,59512,2,1,1,6,Delory (Avenue Gustave),50.67609,3.16932
202300037405,16,6,2023,2025-12-05 07:50:00,1,59,59350,2,1,1,3,Turenne Rue,50.629381,3.036369
202300037406,21,6,2023,2025-12-05 22:50:00,4,57,57757,2,3,1,6,Chemin De Fer (Rue Du),49.35796,6.18846
202300037407,22,6,2023,2025-12-05 19:30:00,1,57,57463,2,1,1,7,Ney (Avenue ),49.113074,6.169457
202300037408,21,6,2023,2025-12-05 10:45:00,1,56,56098,2,1,1,7,D194,47.76599,-3.32827
202300037409,21,6,2023,2025-12-05 17:29:00,1,54,54578,2,1,1,6,Avenue De La Liberation,48.67849,6.1606
202300037410,21,6,2023,2025-12-05 08:40:00,1,54,54395,2,1,1,2,Rue Molitor,48.685931,6.197118
202300037411,22,6,2023,2025-12-05 18:50:00,1,54,54323,2,1,1,2,Avenue Raymond Poincare,49.52645,5.77638
202300037412,22,6,2023,2025-12-05 13:10:00,1,51,51573,2,1,2,6,Carrefour (Route De Soissons),49.25406,3.97861
202300037413,22,6,2023,2025-12-05 08:20:00,1,51,51454,2,1,3,3,Gosset (Rue) Du Ndeg 1 Au 83 Et Du Ndeg 48 A,49.2666,4.04321
202300037414,22,6,2023,2025-12-05 05:20:00,2,51,51454,2,1,1,7,Taissy (Rue De),49.2344,4.04582
202300037415,22,6,2023,2025-12-05 11:26:00,1,49,49007,2,6,2,3,Coubertin Boulevard,47.46733,-0.52975
202300037416,21,6,2023,2025-12-05 16:56:00,1,49,49007,2,1,1,3,Amsler Impasse Et Rue,47.48501,-0.55419
202300037417,22,6,2023,2025-12-05 15:15:00,1,45,45232,2,1,1,6,Boulevard Victor Hugo,47.86095179,1.88429475
202300037418,22,6,2023,2025-12-05 02:55:00,5,45,45234,2,2,8,3,6Bis Rue Emile Davoust,47.9037,1.9097
202300037419,22,6,2023,2025-12-05 08:20:00,1,45,45208,2,1,3,6,24 Rue Paul Doumer,47.9988496,2.74322274
202300037420,22,6,2023,2025-12-05 19:00:00,1,44,44143,2,9,1,3,1 Rue Ordronneau,47.19323,-1.57654
202300037421,22,6,2023,2025-12-05 18:09:00,1,44,44109,2,8,1,1,3 Boulevard Rene Cassin,47.26329,-1.58014
202300037422,22,6,2023,2025-12-05 06:20:00,1,43,43046,2,6,1,1,Avenue Des Champs-Elysees,45.05441,3.89919
202300037423,22,6,2023,2025-12-05 09:40:00,1,37,37261,2,3,1,3,Hospitalite (Rue De L'),47.39077,0.67202
202300037424,22,6,2023,2025-12-05 22:50:00,5,35,35238,2,1,1,6,Guilloux (Louis),48.1109,-1.70049
202300037425,22,6,2023,2025-12-05 01:15:00,5,34,34172,2,1,1,1,151 Avenue Du Pont Trinquat,43.60048,3.8868
202300037426,15,6,2023,2025-12-05 11:00:00,1,34,34003,2,6,1,3,Rond-Point Tours De Saint-Martin,43.28303471,3.49778026
202300037427,21,6,2023,2025-12-05 22:50:00,5,33,33063,2,1,2,3,Quai Louis Xviii,44.84473,-0.57065
202300037428,21,6,2023,2025-12-05 18:35:00,1,33,33281,2,6,1,3,Avenue Rene Cassin,44.83391,-0.69234
202300037429,15,6,2023,2025-12-05 18:30:00,1,33,33063,2,2,1,3,Place Amelie Raba Leon,44.830471,-0.60287207
202300037430,22,6,2023,2025-12-05 20:36:00,1,31,31149,2,6,1,2,Rond Point Flandres Dunkerque,43.61419334,1.34093218
202300037431,22,6,2023,2025-12-05 18:50:00,1,31,31555,2,1,1,6,Rue Dominique Clos,43.60614,1.36406
202300037432,22,6,2023,2025-12-05 14:35:00,1,30,30028,2,3,3,3,Avenue De La Mayre,44.15526,4.61726
202300037433,22,6,2023,2025-12-05 16:35:00,1,29,29232,2,1,1,2,Boulevard Louis Le Guennec,47.980314,-4.100253
202300037434,15,6,2023,2025-12-05 09:20:00,1,29,29019,1,1,1,2,D112,48.42255903,-4.47687371
202300037435,22,6,2023,2025-12-05 00:05:00,3,28,28209,1,1,1,5,Rn 1154,48.47602,1.46112
202300037436,22,6,2023,2025-12-05 00:45:00,3,28,28209,1,1,1,6,Rd 339,48.47842,1.47159
202300037437,21,6,2023,2025-12-05 18:00:00,1,27,27681,2,1,1,7,Capucins (Avenue Des),49.09438,1.47296
202300037438,21,6,2023,2025-12-05 16:40:00,1,27,27554,1,1,1,7,Perriers (Rue Des),49.1011,1.37906
202300037439,21,6,2023,2025-12-05 17:20:00,1,27,27229,1,1,1,6,Saint Andre (Route De),49.014,1.1641
202300037440,21,6,2023,2025-12-05 16:43:00,1,18,18279,1,1,3,3,Adresse_Inconnue,47.2683,2.059662
202300037441,22,6,2023,2025-12-05 09:25:00,1,17,17415,2,4,2,3,Ormeau De Pied Rue De L',45.74320561,-0.664278
202300037442,22,6,2023,2025-12-05 15:00:00,1,15,15014,2,3,2,3,Leclerc (Avenue Du General),44.90631,2.45016
202300037443,22,6,2023,2025-12-05 06:35:00,1,15,15014,2,2,2,3,N122,44.91259,2.43489
202300037444,2,6,2023,2025-12-05 15:20:00,1,13,13026,2,1,1,7,Rn 568,43.39161251,5.1580218
202300037445,22,6,2023,2025-12-05 10:00:00,1,13,13214,2,2,2,3,Mont Leon (Rue),43.33101,5.38285
202300037446,21,6,2023,2025-12-05 15:04:00,1,10,10362,2,3,1,3,Marechal Foch (Rue),48.293424,4.050047
202300037447,21,6,2023,2025-12-05 14:00:00,1,10,10343,2,1,1,3,Dijon (Bdl),48.2704,4.087
202300037448,22,6,2023,2025-12-05 15:00:00,1,6,6088,2,3,8,3,Ste-Marguerite (Av.) (A Partir Du 62-63),43.704804,7.197843
202300037449,16,6,2023,2025-12-05 11:15:00,1,6,6088,2,1,1,6,Verdun (Av. De),43.69723,7.26972
202300037450,13,6,2023,2025-12-05 21:30:00,2,6,6069,2,1,2,3,Carnot (Boulevard Et Traverse),43.656742,6.922948
202300037451,22,6,2023,2025-12-05 08:15:00,1,75,75116,2,1,3,3,Porte Maillot,48.870597,2.272352
202300037452,21,6,2023,2025-12-05 09:30:00,1,75,75116,2,1,1,7,Porte Maillot,48.874364,2.275955
202300037453,20,6,2023,2025-12-05 13:05:00,1,75,75118,2,1,1,2,Bd Peripherique Interieur,48.901041,2.350764
202300037454,17,6,2023,2025-12-05 15:55:00,1,75,75116,2,1,1,2,Porte De Passy,48.857246,2.258489
202300037455,16,6,2023,2025-12-05 08:00:00,1,75,75116,2,4,1,4,Bd Peripherique Interieur,48.86566345,2.2682333
202300037456,9,6,2023,2025-12-05 10:40:00,1,75,75114,2,1,1,2,Porte De Chatillon,48.822561,2.314169
202300037457,15,6,2023,2025-12-05 10:15:00,1,75,75105,2,1,1,3,Rue Claude Bernard,48.839538,2.347935
202300037458,22,6,2023,2025-12-05 18:15:00,1,75,75120,2,1,1,2,Rue De Bagnolet,48.862488,2.406463
202300037459,22,6,2023,2025-12-05 12:00:00,1,75,75120,2,3,2,6,Rue Des Pyrenees,48.873717,2.38955
202300037460,22,6,2023,2025-12-05 08:20:00,1,75,75120,2,1,3,1,Rue Du Capitaine Tarron,48.865279,2.40838
202300037461,22,6,2023,2025-12-05 01:10:00,5,75,75120,2,3,1,3,Rue D Avron,48.85294,2.40746
202300037462,22,6,2023,2025-12-05 16:50:00,1,75,75119,2,1,1,7,Rue De La Villette,48.878351,2.38813
202300037463,21,6,2023,2025-12-05 23:40:00,5,75,75119,2,2,1,3,Rue De Crimee,48.885012,2.383284
202300037464,22,6,2023,2025-12-05 11:30:00,1,75,75116,2,3,8,4,Avenue De New York,48.863273,2.296351
202300037465,22,6,2023,2025-12-05 09:50:00,1,75,75116,2,1,3,2,Allee De La Reine Marguerite,48.849413,2.242018
202300037466,22,6,2023,2025-12-05 07:45:00,1,75,75115,2,2,3,6,Avenue Emile Zola,48.84656,2.286002
202300037467,22,6,2023,2025-12-05 02:20:00,5,75,75105,2,2,1,1,Quai De La Tournelle,48.851107,2.351301
202300037468,21,6,2023,2025-12-05 13:15:00,1,75,75115,2,1,1,2,Boulevard De Vaugirard,48.840746,2.316099
202300037469,22,6,2023,2025-12-05 16:15:00,1,75,75114,2,1,1,3,Rue Du Commandant Rene Mouchotte,48.837841,2.31911
202300037470,22,6,2023,2025-12-05 20:50:00,1,75,75110,2,2,1,2,Rue De Sambre Et Meuse,48.875221,2.370322
202300037471,22,6,2023,2025-12-05 00:55:00,5,75,75110,2,1,1,1,Boulevard De Magenta,48.873181,2.35884
202300037472,7,11,2023,2025-12-05 11:55:00,1,72,72181,2,1,1,4,Bollee (Av) Ndeg Pairs 224 Et >,47.99749,0.22863
202300037473,22,6,2023,2025-12-05 02:30:00,5,75,75110,2,1,1,6,Place De La Bataille De Stalingrad,48.883347,2.369154
202300037474,21,6,2023,2025-12-05 11:00:00,1,75,75110,2,2,1,3,Rue Leon Jouhaux,48.86914219,2.36434579
202300037475,6,11,2023,2025-12-05 12:48:00,1,72,72181,2,1,8,4,Clemenceau Georges ( Bd) Ndeg Pairs,47.98025,0.21635
202300037476,6,11,2023,2025-12-05 08:55:00,1,72,72181,2,1,1,6,Einstein Albert (Rue),48.02414,0.17701
202300037477,22,6,2023,2025-12-05 13:00:00,1,75,75109,2,2,2,6,Rue De La Chaussee D Antin,48.874284,2.332699
202300037478,7,11,2023,2025-12-05 19:52:00,5,69,69256,2,1,1,6,Rue De La Republique,45.78444,4.93294
202300037479,22,6,2023,2025-12-05 02:20:00,5,75,75107,2,2,1,3,Rue Saint Dominique,48.859956,2.314839
202300037480,21,6,2023,2025-12-05 19:00:00,1,75,75107,2,2,1,7,Avenue Du Marechal Gallieni,48.861058,2.313241
202300037481,7,11,2023,2025-12-05 16:30:00,1,69,69266,2,4,2,3,Rue Leon Blum,45.76309725,4.91384081
202300037482,22,6,2023,2025-12-05 12:02:00,1,75,75104,2,2,8,3,Rue Mornay,48.849517,2.365629
202300037483,22,6,2023,2025-12-05 09:10:00,1,94,94015,2,9,3,6,1 Rue Du Sergent Hoff,48.83854,2.521447
202300037484,7,11,2023,2025-12-05 21:40:00,3,69,69092,1,1,1,6,Route Du Saule D'Oingt,45.98136445,4.66840916
202300037485,22,6,2023,2025-12-05 09:40:00,1,94,94016,2,1,3,7,Avenue Leon Blum,48.78634059,2.3375355
202300037486,22,6,2023,2025-12-05 13:21:00,1,94,94021,2,6,1,1,General Leclerc (R Du),48.76704427,2.36296029
202300037487,6,11,2023,2025-12-05 15:45:00,1,69,69290,2,3,1,6,Rue Aristide Briand,45.6901,4.93715
202300037488,6,11,2023,2025-12-05 08:25:00,1,69,69259,2,1,1,2,Boulevard Peripherique Laurent Bonnevay,45.71983453,4.8806067
202300037489,21,6,2023,2025-12-05 10:45:00,1,94,94033,2,1,1,3,Rue Du Clos D'Orleans,48.84337951,2.4677023
202300037490,22,6,2023,2025-12-05 15:10:00,1,94,94054,2,1,1,3,Avenue Adrien Raynal,48.74468,2.40709
202300037491,7,11,2023,2025-12-05 16:15:00,1,67,67447,2,1,1,2,Vingt Trois Novembre (Avenue Du),48.60744,7.73078
202300037492,7,11,2023,2025-12-05 14:30:00,1,67,67447,2,1,2,2,Mairie (Rue De La),48.60399,7.75033
202300037493,21,6,2023,2025-12-05 14:30:00,1,94,94022,2,9,1,3,Avenue Victor Hugo,48.76880625,2.42072448
202300037494,22,6,2023,2025-12-05 15:30:00,1,93,93073,2,1,1,2,7 Rue Pierre Brossolette,48.94974461,2.57310334
202300037495,7,11,2023,2025-12-05 11:50:00,1,64,64102,2,1,1,3,Ursule (Place Sainte),43.4959,-1.47192
202300037496,22,6,2023,2025-12-05 17:15:00,1,93,93059,2,1,1,6,Avenue Nungesser Et Coli,48.9525,2.3657
202300037497,6,11,2023,2025-12-05 16:35:00,1,63,63113,2,1,2,3,Pre La Reine (Rue Du),45.78131193,3.11029494
202300037498,22,6,2023,2025-12-05 19:50:00,1,93,93071,2,1,1,1,Avenue De Livry,48.93198,2.53815
202300037499,19,5,2023,2025-12-05 08:40:00,1,92,92078,1,1,1,7,Autoroute A86,48.93242696,2.32203879
202300037500,21,6,2023,2025-12-05 10:00:00,1,93,93066,2,1,1,2,Avenue Francois Mitterrand,48.91817641,2.35523005
202300037501,7,11,2023,2025-12-05 18:30:00,3,62,62907,1,9,2,3,D917,50.48502,2.9837
202300037502,20,5,2023,2025-12-05 17:27:00,1,94,94017,1,1,1,3,A4,48.83020089,2.495767
202300037503,22,6,2023,2025-12-05 07:30:00,1,93,93064,2,1,3,6,Rue Etienne Dolet,48.87688076,2.46816553
202300037504,7,11,2023,2025-12-05 13:20:00,1,62,62774,2,1,1,3,D940,50.9574,1.82
202300037505,22,6,2023,2025-12-05 19:50:00,1,93,93048,2,7,1,3,Boulevard De Chanzy / Place Du Marche,48.85838,2.43431
202300037506,19,5,2023,2025-12-05 23:20:00,3,94,94046,1,1,1,2,A86,48.81086274,2.4489179
202300037507,22,6,2023,2025-12-05 20:45:00,1,93,93005,2,3,1,3,Rue Louise Michel,48.93166538,2.50145763
202300037508,7,11,2023,2025-12-05 13:00:00,1,62,62193,2,6,7,2,Rue Costes Et Bellonte,50.95571,1.90617
202300037509,22,6,2023,2025-12-05 00:40:00,5,93,93005,2,1,1,6,Rue Paul Cezanne,48.95294488,2.49510903
202300037510,22,6,2023,2025-12-05 10:55:00,1,92,92073,2,1,3,6,De Gaulle (Avenue General Charles),48.86977516,2.22425133
202300037511,19,5,2023,2025-12-05 19:50:00,1,93,93051,1,1,1,4,A4,48.83515238,2.57609455
202300037512,7,11,2023,2025-12-05 22:10:00,5,61,61001,2,2,1,3,Voie Communale,48.4273,0.08938
202300037513,24,1,2023,2025-12-05 07:00:00,5,73,73063,1,8,1,3,D990,45.592938,6.449656
202300037514,18,6,2023,2025-12-05 02:13:00,5,92,92072,1,9,1,2,Saint Cloud (Rue De),48.832122,2.222405
202300037515,7,11,2023,2025-12-05 10:20:00,1,60,60057,2,1,1,3,Rue Des Teinturiers,49.42811894,2.07311904
202300037516,22,6,2023,2025-12-05 15:25:00,1,92,92062,1,1,8,2,De Dion Bouton (Quai) Du 29 Au 65,48.88050552,2.24505024
202300037517,18,5,2023,2025-12-05 04:28:00,3,95,95476,1,1,1,6,D915,49.0764,2.07553
202300037518,7,11,2023,2025-12-05 16:00:00,1,59,59152,2,1,1,6,Hurlupin (Rue D'),50.76210042,3.01153924
202300037519,21,6,2023,2025-12-05 20:10:00,1,92,92020,2,2,1,3,Paris Avenue De Ndeg Impairs,48.806986,2.293619
202300037520,17,5,2023,2025-12-05 15:15:00,1,22,22278,2,3,1,6,Saint-Francois,48.51114,-2.75943
202300037521,7,11,2023,2025-12-05 09:00:00,1,59,59350,2,1,8,4,Lambret Oscar Avenue,50.61267,3.03699
202300037522,22,6,2023,2025-12-05 05:53:00,2,92,92048,2,6,2,7,Nations Unies (Boulevard Des),48.81430518,2.2348693
202300037523,16,5,2023,2025-12-05 12:00:00,1,34,34003,2,1,1,6,21 Avenue Des Sergents,43.28615,3.51343
202300037524,22,6,2023,2025-12-05 07:40:00,1,92,92036,2,1,2,6,Gresillons (Quai Des),48.91937,2.32169
202300037525,6,11,2023,2025-12-05 09:10:00,1,59,59183,2,9,2,6,Republique - F Mitterand - Boulevard,51.04262,2.395
202300037526,22,6,2023,2025-12-05 08:30:00,1,92,92035,2,9,3,2,Verdun 1916 ( Avenue De ),48.90533,2.23473
202300037527,3,11,2023,2025-12-05 18:15:00,2,59,59329,2,1,2,6,Joffre (Rue Du Marechal),50.34376326,3.09117639
202300037528,17,5,2023,2025-12-05 15:20:00,1,988,98818,2,3,1,3,Rue Taragnat/Rue Du Var,-22.27416,166.45555
202300037529,22,6,2023,2025-12-05 22:00:00,2,92,92062,2,9,1,3,General De Gaulle (Avenue Du),48.88737609,2.23266274
202300037530,3,11,2023,2025-12-05 08:48:00,1,57,57672,2,1,1,6,Republique (Place De La),49.35558,6.16441
202300037531,22,6,2023,2025-12-05 04:15:00,5,92,92026,2,1,1,2,Verdun (De 01 A 61),48.89735689,2.26390779
202300037532,17,5,2023,2025-12-05 16:00:00,1,974,97416,1,1,2,4,Recherchant (Rue Adrien) (1),-21.28770823,55.48278093
202300037533,7,11,2023,2025-12-05 18:15:00,3,57,57447,1,1,1,4,Rd5B,49.05111,6.13851
202300037534,21,6,2023,2025-12-05 16:40:00,1,92,92025,2,2,8,3,Colbert  133   126 (Rue),48.91575,2.23242
202300037535,22,6,2023,2025-12-05 05:32:00,5,92,92023,2,2,1,6,Bergeres (Rue Des),48.778711,2.228911
202300037536,7,11,2023,2025-12-05 18:15:00,5,57,57412,2,1,8,2,General De Gaulle (Rue Du ),49.11403,6.13883
202300037537,18,5,2023,2025-12-05 13:00:00,1,974,97407,2,2,1,3,Ferry (Rue),-20.9367,55.29531
202300037538,22,6,2023,2025-12-05 04:30:00,5,92,92032,2,1,1,6,Ledru Rollin (Rue),48.79204572,2.2843878
202300037539,22,6,2023,2025-12-05 18:00:00,1,92,92004,2,1,1,6,Henri Poincare,48.93212,2.27465
202300037540,17,5,2023,2025-12-05 23:10:00,5,973,97302,2,1,8,7,Baduel (Route De),4.92806881,-52.29261982
202300037541,7,11,2023,2025-12-05 09:06:00,1,56,56098,2,1,1,3,Jaures (Rue  Jean ),47.76978,-3.35069
202300037542,7,11,2023,2025-12-05 13:59:00,1,54,54382,1,1,1,6,Rd618,49.54681,5.79904
202300037543,22,6,2023,2025-12-05 09:05:00,1,92,92004,2,3,3,1,Voltaire ( Bd 16 A Fin ),48.9159,2.29138
202300037544,18,5,2023,2025-12-05 21:00:00,5,69,69383,2,1,1,6,Boulevard Marius Vivier-Merle,45.7604,4.85793
202300037545,22,6,2023,2025-12-05 12:20:00,1,92,92014,2,1,8,2,General Leclerc (Av.) (1 A 55Bis - 2 A 4,48.78779593,2.31870264
202300037546,18,5,2023,2025-12-05 16:10:00,1,972,97213,1,1,1,7,Route Departementale 14,14.62388,-61.01868
202300037547,21,6,2023,2025-12-05 19:05:00,1,92,92002,2,1,1,6,Pont Nord,48.75581,2.30148
202300037548,6,11,2023,2025-12-05 22:50:00,5,51,51454,2,2,2,3,Arnould (Boulevard Charles),49.269253,4.0201
202300037549,22,6,2023,2025-12-05 09:15:00,1,35,35108,1,1,1,6,La Rue Hamon,47.945929,-1.47219211
202300037550,18,5,2023,2025-12-05 10:00:00,1,971,97113,1,1,1,3,Section Moreau,16.24174,-61.46513
202300037551,6,11,2023,2025-12-05 18:40:00,5,50,50129,2,6,2,2,De La Banque A Genets (Avenue),49.60038,-1.59974
202300037552,7,6,2023,2025-12-05 12:15:00,1,17,17120,1,9,7,3,D728,45.738232,-0.794162
202300037553,22,6,2023,2025-12-05 18:12:00,1,49,49058,1,1,1,7,D148,47.001256,-0.653236
202300037554,6,11,2023,2025-12-05 18:30:00,5,50,50129,2,2,3,3,Est (Boulevard De L'),49.63519,-1.58653
202300037555,18,5,2023,2025-12-05 16:00:00,1,95,95019,2,6,1,5,D208,48.98603,2.41086
202300037556,22,6,2023,2025-12-05 11:55:00,1,68,68300,2,6,1,3,D420,47.779529,7.36474
202300037557,4,11,2023,2025-12-05 18:50:00,5,50,50129,2,3,2,6,Paris (Avenue De),49.62799,-1.61797
202300037558,18,5,2023,2025-12-05 18:15:00,1,95,95014,1,1,1,2,D124E,49.01576,2.3127
202300037559,22,6,2023,2025-12-05 22:30:00,3,21,21676,1,1,1,2,A6,47.46415961,4.24819896
202300037560,3,11,2023,2025-12-05 18:30:00,2,50,50129,2,1,2,4,Lemonnier (Avenue Amiral),49.63463,-1.60209
202300037561,17,6,2023,2025-12-05 22:25:00,3,54,54067,1,9,1,3,D643,49.42950988,5.6859827
202300037562,6,11,2023,2025-12-05 15:54:00,1,49,49007,2,1,2,6,Saint Jacques,47.47367,-0.57095
202300037563,18,5,2023,2025-12-05 16:15:00,1,91,91174,2,1,9,1,Av General De Gaulle,48.616664,2.458723
202300037564,22,6,2023,2025-12-05 17:20:00,1,35,35047,2,1,1,7,Avenue Lavoisier,48.03412,-1.741199
202300037565,5,11,2023,2025-12-05 09:59:00,1,49,49007,2,1,1,6,Gaulle Boulevard Charles De,47.46871,-0.55898
202300037566,22,6,2023,2025-12-05 17:45:00,1,35,35047,2,1,1,7,Rue Des Fresnais,48.037801,-1.740749
202300037567,5,11,2023,2025-12-05 23:11:00,3,49,49246,2,1,1,2,A87N,47.438855,-0.510753
202300037568,23,6,2023,2025-12-05 09:20:00,1,29,29181,1,1,1,5,Guernevez,48.48994977,-4.22705915
202300037569,6,11,2023,2025-12-05 09:11:00,1,49,49007,2,1,1,2,Chaumin Boulevard,47.45026,-0.55552
202300037570,23,6,2023,2025-12-05 11:50:00,1,42,42158,1,1,1,3,Impasse Des Forges,46.04104379,3.84707023