num_acc,jour,mois,an,hrmn,lum,dep,com,agg,int,atm,col,adr,lat,long
202300037798,18,5,2023,2025-12-05 16:00:00,1,65,65099,1,1,8,3,D618,42.866167,0.399992
202300037799,18,5,2023,2025-12-05 15:45:00,1,81,81128,1,1,1,6,4 Route De Burlats,43.64314782,2.31954682
202300037800,25,2,2023,2025-12-05 16:05:00,1,64,64140,2,1,1,3,Gaulle (Av Charles De),43.52845,-1.47644
202300037801,6,11,2023,2025-12-05 17:15:00,2,94,94028,2,1,1,6,Rue Rene Arcos,48.7779,2.4659
202300037802,18,5,2023,2025-12-05 20:00:00,1,71,71482,2,1,1,6,Rue Des Sources,46.838883,4.331617
202300037803,7,11,2023,2025-12-05 16:20:00,1,94,94017,2,1,1,6,Avenue Roger Salengro,48.81715428,2.49708071
202300037804,25,2,2023,2025-12-05 15:20:00,1,59,59599,2,2,1,3,Racine (Rue),50.73836,3.14224
202300037805,18,5,2023,2025-12-05 23:40:00,3,61,61484,1,1,1,6,D11 Pr6+240,48.312149,0.722702
202300037806,7,11,2023,2025-12-05 09:00:00,1,93,93051,2,2,1,6,Rue Du Marnois / Rue De Malnoue,48.84186,2.56819
202300037807,22,2,2023,2025-12-05 14:40:00,1,59,59178,2,6,1,3,Flers (Rue De),50.38407,3.06025
202300037808,19,5,2023,2025-12-05 03:30:00,3,49,49176,1,1,1,1,Route De La Tremblais,47.660792,-0.759301
202300037809,7,11,2023,2025-12-05 17:30:00,5,93,93046,2,2,1,3,Avenue Cesar Collaveri / Rue Pachot Laine,48.92406,2.53909
202300037810,25,2,2023,2025-12-05 03:24:00,3,56,56260,2,1,1,6,Defforges(Rue De L'Amiral),47.65405,-2.77343
202300037811,18,5,2023,2025-12-05 19:45:00,1,49,49214,2,6,1,6,1 Rue Suzanne Hiltermann,47.536424,-0.629187
202300037812,16,11,2023,2025-12-05 08:20:00,2,93,93032,2,3,3,6,Rue Du 19 Mars 1962 / Avenue Des Dahlias,48.894958,2.542815
202300037813,25,2,2023,2025-12-05 21:15:00,5,54,54304,2,2,1,3,Avenue De La Resistance,48.69425118,6.13163576
202300037814,18,5,2023,2025-12-05 15:45:00,1,42,42228,1,2,1,1,Route De Montbrison,45.561863,4.093813
202300037815,7,11,2023,2025-12-05 13:12:00,1,93,93027,2,1,1,3,Avenue Jean Jaures,48.92472,2.40106
202300037816,25,2,2023,2025-12-05 16:30:00,1,54,54547,2,1,1,2,Arc (Avenue Jeanne D'),48.66087,6.186631
202300037817,16,5,2023,2025-12-05 13:15:00,1,34,34142,2,1,1,6,72 Avenue De Premerlet,43.734319,3.31685
202300037818,26,2,2023,2025-12-05 02:04:00,5,49,49007,2,1,1,6,Chateaugontier,47.46594,-0.55023
202300037819,7,11,2023,2025-12-05 19:30:00,5,93,93007,2,2,1,3,Avenue De La Republique / Avenue Louis Lemesle,48.93625749,2.46593031
202300037820,7,11,2023,2025-12-05 18:00:00,2,93,93005,2,1,1,6,Rue Jacques Duclos,48.947623,2.491649
202300037821,18,5,2023,2025-12-05 14:36:00,1,22,22203,1,1,1,6,D700,48.346452,-2.839172
202300037822,24,2,2023,2025-12-05 19:30:00,3,45,45338,1,1,1,4,D2060 Pr 31 + 211,47.98704,2.69767
202300037823,7,11,2023,2025-12-05 16:15:00,1,93,93005,2,2,1,3,Rue Maxime Gorki / Rue De Pimodan,48.927766,2.488163
202300037824,25,2,2023,2025-12-05 18:45:00,1,44,44109,2,8,1,6,39 Boulevard Louis Millet,47.2271,-1.5186
202300037825,18,5,2023,2025-12-05 19:30:00,1,25,25287,1,1,1,2,D673,47.2051,5.89149829
202300037826,25,2,2023,2025-12-05 01:25:00,3,42,42044,1,1,2,6,M10,45.40540403,4.33096451
202300037827,18,5,2023,2025-12-05 14:25:00,1,44,44154,2,6,1,3,Rond-Point D'Ayent - Anzere,47.245124,-2.162456
202300037828,7,11,2023,2025-12-05 08:45:00,1,92,92076,2,2,1,3,Henri Bergson,48.84359072,2.17530392
202300037829,24,2,2023,2025-12-05 16:30:00,1,37,37122,2,1,2,6,Douzilliere (Rue De La),47.33111,0.65073
202300037830,18,5,2023,2025-12-05 14:45:00,1,29,29264,1,1,1,6,Cite Yan D'Argent,48.48972399,-4.15607214
202300037831,7,11,2023,2025-12-05 10:15:00,1,92,92051,2,1,1,2,"Roule (Avenue Du, Ndeg 29 A 91 Et 30 A 86)",48.88296914,2.27547669
202300037832,24,2,2023,2025-12-05 16:50:00,1,37,37261,2,1,2,7,Pompidou (Avenue Georges),47.39466,0.70472
202300037833,18,5,2023,2025-12-05 10:45:00,1,29,29235,2,3,1,3,Rue Alexis Carrel,48.4101111,-4.390315
202300037834,25,2,2023,2025-12-05 13:35:00,1,33,33249,2,1,1,6,Avenue Du Pdt Salvador Allende,44.8673697,-0.52202493
202300037835,7,11,2023,2025-12-05 16:00:00,1,92,92050,2,2,1,3,Port Rue Du,48.89513954,2.17426993
202300037836,19,5,2023,2025-12-05 13:40:00,1,1,1066,1,1,1,6,D1504,45.866536,5.534722
202300037837,7,11,2023,2025-12-05 15:42:00,1,92,92036,2,3,1,6,Camelinat (Boulevard) (1/47),48.92877851,2.29966201
202300037838,25,2,2023,2025-12-05 09:40:00,1,33,33167,2,1,1,2,Rue Raoul Dufy,44.84217,-0.52077
202300037839,18,5,2023,2025-12-05 15:48:00,1,54,54054,1,1,1,7,D9,48.48596472,6.3297236
202300037840,25,2,2023,2025-12-05 04:15:00,5,31,31555,1,9,1,6,Echangeur L'Union  (A61/A62),43.63608,1.4777
202300037841,18,5,2023,2025-12-05 18:05:00,1,6,6023,1,1,1,7,Route Du Col De Brouis,43.929241,7.475595
202300037842,7,11,2023,2025-12-05 15:00:00,1,92,92036,2,3,1,6,General De Gaulle (Avenue) (43/129),48.93378396,2.31337166
202300037843,25,2,2023,2025-12-05 05:00:00,5,31,31483,2,1,1,6,Francois Mitterand ( Avenue),43.11075,0.73745
202300037844,6,11,2023,2025-12-05 04:26:00,3,92,92036,2,1,1,6,Louis Roche (Avenue) (2/44),48.93228,2.30456
202300037845,19,5,2023,2025-12-05 12:05:00,1,50,50162,1,3,1,3,44 Route De La Croix Fresville,49.620162,-1.539976
202300037846,24,2,2023,2025-12-05 15:20:00,1,29,29232,1,1,1,2,Route De Brest,48.024828,-4.085999
202300037847,7,11,2023,2025-12-05 18:25:00,5,92,92035,2,6,1,6,Europe ( Rond Point De L' ),48.90552923,2.25572544
202300037848,19,5,2023,2025-12-05 12:00:00,1,50,50410,1,1,1,7,La Rue Au Bis,48.608145,-1.504656
202300037849,12,2,2023,2025-12-05 17:10:00,1,29,29019,2,3,1,3,Rue Jules Ferry,48.39812316,-4.47406545
202300037850,6,11,2023,2025-12-05 13:00:00,1,92,92026,2,2,1,6,Fauvelles ( Rue Des ),48.90222382,2.23949321
202300037851,17,5,2023,2025-12-05 17:45:00,1,90,90090,1,1,1,1,Adresse_Inconnue,47.461226,6.947602
202300037852,18,5,2023,2025-12-05 22:10:00,3,64,64168,1,1,1,6,Route Departementale 17,43.476081,-0.992213
202300037853,25,2,2023,2025-12-05 11:25:00,1,17,17300,2,1,1,3,Carnot   Avenue,46.165248,-1.1859
202300037854,18,5,2023,2025-12-05 10:35:00,1,43,43213,1,1,2,7,Lieu Dit Les Pinatelles,45.236652,4.278534
202300037855,7,11,2023,2025-12-05 11:55:00,1,92,92014,2,2,1,3,Marechal Joffre (Bd Du) (43 A 97 - 58 A,48.78310676,2.31518322
202300037856,25,2,2023,2025-12-05 18:40:00,5,13,13208,2,1,1,1,Raymond Teissere (Rue),43.27361,5.39854
202300037857,18,5,2023,2025-12-05 19:45:00,1,28,28236,2,1,1,6,Avenue Des Pres,48.328127,0.822811
202300037858,25,2,2023,2025-12-05 19:30:00,5,13,13211,2,1,1,3,Saint Loup (Boulevard De),43.285253,5.440561
202300037859,7,5,2023,2025-12-05 21:20:00,3,37,37039,1,1,2,1,Rd943,47.03180733,1.09612226
202300037860,24,2,2023,2025-12-05 16:12:00,1,12,12013,2,1,1,3,Poudriere(Cote De La),44.53044,2.24274
202300037861,7,11,2023,2025-12-05 17:20:00,2,35,35345,1,1,8,2,Le Moulin De La Lande,48.362284,-1.905581
202300037862,18,5,2023,2025-12-05 16:00:00,1,48,48069,1,1,1,6,Lieu-Dit Le Malbosc,44.19997,3.492563
202300037863,25,2,2023,2025-12-05 05:30:00,5,6,6088,2,1,1,3,Anglais (Du Ndeg 114 Au Ndeg 263),43.68955,7.2428
202300037864,18,5,2023,2025-12-05 14:35:00,1,48,48166,1,1,1,6,D983,44.260397,3.627529
202300037865,25,2,2023,2025-12-05 11:50:00,1,6,6069,2,9,8,3,Leclerc (Boulevard Du Marechal),43.65028,6.91934
202300037866,7,11,2023,2025-12-05 16:30:00,1,11,11132,1,1,1,1,D611,43.133077,2.701328
202300037867,19,5,2023,2025-12-05 20:00:00,1,88,88029,2,1,1,6,11 Rue Charles Levy,48.002621,6.261507
202300037868,17,5,2023,2025-12-05 14:40:00,1,24,24534,1,1,1,6,1113 Route De Sainte Innocence,44.74375,0.40379
202300037869,7,11,2023,2025-12-05 18:35:00,3,23,23193,1,1,1,2,Les Bruyeres,46.150416,1.908773
202300037870,24,2,2023,2025-12-05 20:13:00,5,6,6029,2,3,1,3,Clemenceau (Rue Georges),43.550823,7.007647
202300037871,11,2,2023,2025-12-05 12:20:00,1,5,5061,2,1,1,6,Emile Didier ( Av ),44.56672851,6.09538972
202300037872,18,5,2023,2025-12-05 22:40:00,3,37,37131,1,2,1,3,Route Departemental 31,47.46043204,1.0123837
202300037873,8,11,2023,2025-12-05 12:47:00,1,54,54371,1,1,1,5,Autoroute A4,49.20367036,5.94653785
202300037874,16,2,2023,2025-12-05 13:57:00,1,5,5061,2,1,1,6,Rue Jean Mace,44.55795,6.069
202300037875,18,5,2023,2025-12-05 09:35:00,1,77,77435,1,1,1,7,Autoroute A6 Pk 41+200 Direction Lyon,48.488795,2.512779
202300037876,26,2,2023,2025-12-05 03:30:00,5,75,75118,2,1,1,2,Echangeur Chapelle,48.900728,2.362969
202300037877,31,10,2023,2025-12-05 19:40:00,3,19,19248,1,1,1,2,Pk 236+000 A20,45.43956277,1.51092092
202300037878,26,2,2023,2025-12-05 15:14:00,1,75,75105,2,4,1,6,Boulevard Saint Germain,48.849347,2.35602
202300037879,5,11,2023,2025-12-05 13:25:00,1,34,34270,2,1,1,1,Chemin Du Puech Long,43.57667303,3.8484925
202300037880,19,5,2023,2025-12-05 10:15:00,1,63,63077,2,1,8,1,Lieu-Dit Varennes,45.57551,2.9129
202300037881,26,2,2023,2025-12-05 13:21:00,1,75,75106,2,7,1,2,Rue De Medicis,48.849052,2.338881
202300037882,6,11,2023,2025-12-05 15:15:00,1,83,83026,1,1,1,1,Rd Lieu Dit 13 Le Trou Des Fees,43.441149,6.22604
202300037883,3,11,2023,2025-12-05 09:45:00,1,51,51536,2,1,1,6,Rue De Chalons,49.19489,4.141159
202300037884,19,5,2023,2025-12-05 16:30:00,1,17,17086,1,2,1,3,Route Des Cedres,45.74557167,-0.57332947
202300037885,24,2,2023,2025-12-05 12:45:00,1,75,75116,2,2,1,5,Avenue Victor Hugo,48.871163,2.288871
202300037886,2,11,2023,2025-12-05 06:25:00,2,2A,2A130,1,1,2,1,T40; Pk 26+500,41.881919,8.960788
202300037887,17,5,2023,2025-12-05 18:20:00,1,86,86026,1,2,1,3,Lieu Dit L'Erine,47.073834,0.163116
202300037888,25,2,2023,2025-12-05 22:17:00,5,75,75115,2,2,1,3,Rue Du Commerce,48.846185,2.295788
202300037889,7,11,2023,2025-12-05 22:15:00,3,2A,2A271,1,1,2,6,T22,41.95316045,8.78856039
202300037890,18,5,2023,2025-12-05 19:45:00,2,86,86049,1,1,1,1,D59,46.971717,0.076586
202300037891,26,2,2023,2025-12-05 11:45:00,1,75,75114,2,4,1,3,Boulevard Brune,48.827738,2.305503
202300037892,15,9,2023,2025-12-05 15:50:00,1,55,55117,1,9,1,5,D998,49.095194,5.102125
202300037893,26,2,2023,2025-12-05 11:30:00,1,94,94022,2,1,1,6,33 Rue Auguste Blanqui,48.76697,2.40476
202300037894,17,5,2023,2025-12-05 20:10:00,1,33,33165,2,1,1,6,11 Lotissement La Galerie,44.822963,-0.445905
202300037895,6,11,2023,2025-12-05 16:00:00,1,34,34150,1,1,1,1,Avenue Du Soleil,43.320647,3.53933
202300037896,26,2,2023,2025-12-05 16:25:00,1,93,93073,1,1,1,3,Aeroport Charles De Gaulle,49.00406561,2.57118165
202300037897,7,11,2023,2025-12-05 09:45:00,1,22,22194,2,1,7,6,Rue De Guergay,48.66410179,-3.62277925
202300037898,19,5,2023,2025-12-05 13:45:00,1,85,85019,2,3,1,1,Rue Du Pont Caillaud (Saligny) Rue Simone Veil,46.809647,-1.422134
202300037899,26,2,2023,2025-12-05 17:21:00,1,93,93072,2,7,1,6,Avenue Paul Vaillant Couturier / Place Marcel Pointet,48.9522,2.38187
202300037900,26,2,2023,2025-12-05 07:55:00,2,93,93048,2,1,1,6,Rue De Rosny,48.86922,2.46274
202300037901,18,5,2023,2025-12-05 14:15:00,1,14,14166,1,6,1,6,Rue De Colleville,49.265508,-0.319934
202300037902,25,2,2023,2025-12-05 12:05:00,1,92,92024,2,1,1,3,Jean Jaures (Bd) De (111 A 159),48.90607791,2.30141982
202300037903,8,11,2023,2025-12-05 09:00:00,1,25,25605,1,2,7,3,N57,47.119147,6.308298
202300037904,26,2,2023,2025-12-05 11:25:00,1,69,69136,1,1,1,7,Route Du Batard,45.62864,4.73765
202300037905,7,11,2023,2025-12-05 12:00:00,1,29,29174,1,1,1,2,Route De Treogat,47.905476,-4.296102
202300037906,26,2,2023,2025-12-05 06:30:00,3,18,18117,1,3,1,7,Route De Sancerre,47.383372,2.696602
202300037907,17,5,2023,2025-12-05 12:45:00,1,13,13001,1,1,1,3,A51-Sens Aix En Provence Vers Marseille,43.50994494,5.41606512
202300037908,2,11,2023,2025-12-05 17:33:00,2,16,16382,2,4,2,3,D41,45.565623,0.212136
202300037909,9,1,2023,2025-12-05 13:18:00,1,972,97210,1,1,1,4,Route Nationale 6,14.610186,-60.926579
202300037910,17,5,2023,2025-12-05 21:15:00,3,69,69027,1,1,1,1,Autoroute 450,45.66579,4.76161
202300037911,8,11,2023,2025-12-05 15:35:00,1,7,7308,1,1,1,3,Route Bleu,45.1957,4.801133
202300037912,27,2,2023,2025-12-05 13:15:00,1,972,97218,1,1,1,1,N3 - Pk24,14.749262,-61.102111
202300037913,17,5,2023,2025-12-05 20:20:00,1,94,94038,1,1,1,4,A6B,48.79003666,2.34385393
202300037914,27,2,2023,2025-12-05 06:15:00,1,972,97225,1,1,1,4,Rn2 - Pk 34 + 030,14.76345,-61.158721
202300037915,28,10,2023,2025-12-05 20:00:00,3,53,53175,1,1,3,2,Chemin La Vignerie,47.995942,-0.637872
202300037916,18,5,2023,2025-12-05 14:30:00,1,93,93048,1,1,1,3,Autoroute A3,48.8708613,2.43145626
202300037917,7,11,2023,2025-12-05 06:20:00,2,21,21652,2,1,2,6,10 Rue Du 19 Mars,47.22095,4.61565
202300037918,26,2,2023,2025-12-05 03:45:00,3,83,83085,1,6,1,7,D1555,43.483442,6.509142
202300037919,18,5,2023,2025-12-05 07:30:00,1,95,95277,1,1,1,6,A3,48.97399752,2.48805982
202300037920,7,11,2023,2025-12-05 14:40:00,1,24,24098,1,1,3,1,Route D'Agonac,45.235961,0.725398
202300037921,20,2,2023,2025-12-05 14:00:00,1,86,86165,2,6,1,3,Avenue De L'Europe,46.426871,0.859288
202300037922,7,11,2023,2025-12-05 16:40:00,1,4,4116,2,2,7,6,D4,44.032452,5.984566
202300037923,17,5,2023,2025-12-05 18:50:00,1,95,95500,1,1,1,4,A15,49.03691139,2.09293842
202300037924,27,2,2023,2025-12-05 19:10:00,3,51,51090,1,1,1,2,D44,48.774184,3.865977
202300037925,7,11,2023,2025-12-05 17:40:00,1,85,85143,1,1,8,6,D99,46.523586,-0.74994
202300037926,27,2,2023,2025-12-05 15:45:00,1,51,51333,1,1,1,1,D9,49.144678,4.097664
202300037927,17,5,2023,2025-12-05 14:55:00,1,92,92036,1,1,1,4,Autoroute A86,48.93668671,2.318106
202300037928,3,11,2023,2025-12-05 16:15:00,1,37,37050,2,1,1,2,Rue Philippe Maupas,47.336988,0.69685
202300037929,27,2,2023,2025-12-05 09:22:00,1,77,77242,1,2,6,5,D209,48.48706,3.212385
202300037930,8,11,2023,2025-12-05 16:30:00,2,30,30075,2,6,7,3,Route De Sommieres,43.821942,4.261397
202300037931,10,4,2023,2025-12-05 10:54:00,1,75,75110,2,3,2,1,Rue Du Huit Mai 1945,48.87614,2.358289
202300037932,17,5,2023,2025-12-05 08:10:00,1,77,77294,1,1,1,2,A104,48.965716,2.607385
202300037933,27,2,2023,2025-12-05 11:50:00,1,2B,2B123,2,1,1,1,Avenue Du 9 Septembre,42.019512,9.408654
202300037934,1,10,2023,2025-12-05 16:30:00,1,67,67205,1,1,7,2,Adresse_Inconnue,48.677988,7.790501
202300037935,10,4,2023,2025-12-05 18:40:00,1,75,75104,2,2,1,6,Rue Des Deux Ponts,48.851831,2.356554
202300037936,17,5,2023,2025-12-05 13:00:00,1,976,97611,2,1,1,6,Kaweni-Geole (La),-12.76716,45.22466
202300037937,7,11,2023,2025-12-05 04:40:00,3,68,68300,1,1,1,6,A36,47.7799,7.401438
202300037938,27,2,2023,2025-12-05 16:15:00,1,2B,2B318,1,9,3,1,Route De La Plaine,42.438122,9.50613
202300037939,10,4,2023,2025-12-05 18:00:00,1,75,75104,2,2,2,3,Rue Mornay,48.849504,2.365642
202300037940,17,5,2023,2025-12-05 07:30:00,1,974,97416,1,1,1,6,Maurice Thorez(Chemin),-21.25931459,55.48372507
202300037941,8,11,2023,2025-12-05 10:10:00,1,38,38013,1,1,1,7,Autoroute A48 Pk 067+100,45.385363,5.49822
202300037942,26,2,2023,2025-12-05 16:30:00,1,63,63241,1,1,1,7,Chemin Communal,45.622982,3.206388
202300037943,10,4,2023,2025-12-05 10:35:00,1,75,75104,2,9,2,3,Voie Georges Pompidou,48.854155,2.354715
202300037944,17,5,2023,2025-12-05 12:10:00,1,974,97411,2,1,1,2,Gimart (Avenue Stanislas),-20.89817,55.47533
202300037945,25,2,2023,2025-12-05 12:00:00,1,34,34317,1,1,1,6,Rd 9 Pk 14+700,43.781574,3.463464
202300037946,17,5,2023,2025-12-05 17:15:00,1,973,97302,2,6,2,7,Mirza (Rond-Point),4.93315,-52.31286
202300037947,8,11,2023,2025-12-05 17:20:00,2,95,95604,2,1,2,6,Liberte (Rue De La),49.09992236,2.54329205
202300037948,10,4,2023,2025-12-05 21:35:00,5,94,94081,2,6,2,3,Rue Leon Geffroy,48.78323,2.40754
202300037949,27,2,2023,2025-12-05 13:50:00,1,68,68075,2,9,1,3,23 Rue Du Chemin De Fer,47.531806,7.340203
202300037950,8,11,2023,2025-12-05 07:30:00,1,38,38316,2,1,1,3,Boulevard Des Colleges,45.754873,5.170301
202300037951,13,5,2023,2025-12-05 19:10:00,3,973,97302,2,2,1,3,Robert Vignon (Rue),4.9305089,-52.32232194
202300037952,9,4,2023,2025-12-05 23:35:00,5,94,94041,2,2,1,1,Bd Paul Vaillant Couturier,48.81806242,2.39792114
202300037953,27,2,2023,2025-12-05 08:45:00,1,22,22079,1,1,1,3,La Ville Robert,48.39716416,-2.62604088
202300037954,7,11,2023,2025-12-05 16:35:00,1,988,98831,1,1,1,7,Route Territoriale Ndeg1,-20.990341,164.725184
202300037955,18,5,2023,2025-12-05 00:00:00,5,69,69383,2,1,1,6,Quai Victor Augagneur,45.76059,4.84116
202300037956,10,4,2023,2025-12-05 16:00:00,1,94,94034,2,1,1,2,Avenue De La Liberte,48.76269,2.3182
202300037957,17,5,2023,2025-12-05 19:50:00,2,69,69387,2,2,8,7,Rue Marcel Merieux,45.73148,4.82992
202300037958,29,10,2023,2025-12-05 14:50:00,1,13,13088,1,4,8,3,Rd 5,43.360017,5.230747
202300037959,17,2,2023,2025-12-05 13:45:00,1,39,39252,1,2,1,1,Adresse_Inconnue,47.04451,5.445989
202300037960,9,4,2023,2025-12-05 22:00:00,5,94,94079,2,1,1,1,Rue De Chennevieres,48.818948,2.539302
202300037961,21,2,2023,2025-12-05 22:43:00,3,44,44015,2,1,1,7,Rue Du Calvaire,47.432536,-1.706378
202300037962,6,11,2023,2025-12-05 16:44:00,1,30,30155,2,1,1,2,Rue De Bouillargues,43.815754,4.464966
202300037963,17,5,2023,2025-12-05 17:55:00,1,69,69389,2,3,1,3,57 Rue De Saint-Cyr,45.78393,4.80816
202300037964,10,4,2023,2025-12-05 19:00:00,2,93,93039,2,2,3,3,Quai De Seine / Pont De L'Ile Saint-Denis,48.93579,2.340828
202300037965,7,11,2023,2025-12-05 16:28:00,1,34,34009,1,2,1,5,Adresse_Inconnue,43.47138282,3.37583223
202300037966,15,2,2023,2025-12-05 14:12:00,1,29,29220,1,1,1,5,D785,47.880412,-4.221105
202300037967,17,5,2023,2025-12-05 18:00:00,1,69,69389,2,1,1,2,Quai Arloing,45.7738,4.80936
202300037968,8,11,2023,2025-12-05 07:55:00,1,83,83115,2,1,7,6,Avenue Du General Leclerc,43.306701,6.640887
202300037969,10,4,2023,2025-12-05 19:50:00,4,93,93048,2,1,2,2,Avenue Du Colonel Fabien,48.87450317,2.44878253
202300037970,25,2,2023,2025-12-05 23:50:00,5,38,38070,2,6,1,7,Route De Savoie,45.280182,5.930606
202300037971,17,5,2023,2025-12-05 09:35:00,1,2B,2B033,2,1,8,6,Av De La Liberation,42.68526,9.4452
202300037972,4,10,2023,2025-12-05 16:15:00,1,13,13095,1,1,1,3,Rd10,43.535218,5.478954
202300037973,27,2,2023,2025-12-05 16:15:00,1,14,14326,1,1,1,1,D510,49.177469,0.297616
202300037974,27,2,2023,2025-12-05 10:05:00,1,64,64257,1,1,4,6,Impasse Loustalot,43.151311,-0.31474
202300037975,16,5,2023,2025-12-05 08:15:00,1,971,97113,2,1,1,2,Rn4 - Section Riviera,16.21809,-61.49941
202300037976,7,11,2023,2025-12-05 08:05:00,1,81,81105,1,2,1,3,Route De La Plaine,43.7778144,1.982034
202300037977,9,4,2023,2025-12-05 23:15:00,5,93,93010,2,1,1,2,Rue Louis Auguste Blanqui,48.89964,2.48239
202300037978,10,4,2023,2025-12-05 10:25:00,1,93,93005,1,1,2,6,Carrefour De L'Europe,48.95154,2.48195
202300037979,8,11,2023,2025-12-05 18:30:00,3,85,85226,1,4,3,1,Rd 38,46.748716,-1.983681
202300037980,27,1,2023,2025-12-05 07:56:00,1,43,43268,1,1,9,4,Rn88,45.136721,4.101033
202300037981,17,5,2023,2025-12-05 14:40:00,1,95,95585,2,1,1,3,8 Mai 1945 (Avenue Du),48.977795,2.369982
202300037982,11,4,2023,2025-12-05 15:30:00,1,50,50361,1,2,3,3,Le Porche,48.784088,-1.352112
202300037983,7,11,2023,2025-12-05 18:05:00,3,44,44047,1,1,2,1,25Bis Route De Brimberne,47.247269,-1.6576069
202300037984,26,2,2023,2025-12-05 18:55:00,3,10,10112,2,1,1,6,D444,47.95989581,4.02132243
202300037985,10,4,2023,2025-12-05 17:30:00,1,24,24295,1,1,1,1,D6089,45.15069,0.579824
202300037986,17,5,2023,2025-12-05 14:10:00,1,95,95014,1,3,1,3,D109P,49.01179,2.30491
202300037987,27,2,2023,2025-12-05 10:35:00,1,4,4176,2,1,1,1,D111,43.75521,6.140585
202300037988,6,11,2023,2025-12-05 17:00:00,2,27,27611,1,4,2,4,D 316,49.077162,1.246508
202300037989,11,4,2023,2025-12-05 14:25:00,1,44,44002,2,1,8,1,Avenue De Nantes,47.080101,-1.409171
202300037990,25,2,2023,2025-12-05 16:45:00,1,85,85128,1,6,8,3,Route De Fontenay,46.461301,-1.129199
202300037991,8,11,2023,2025-12-05 06:45:00,3,60,60395,2,1,1,3,Rue Aristide Briand,49.218123,2.129151
202300037992,15,5,2023,2025-12-05 18:30:00,1,95,95197,2,8,1,3,D311,48.97522428,2.3370114
202300037993,10,4,2023,2025-12-05 21:00:00,3,972,97231,2,1,1,1,La Ferme,14.522709,-61.041348
202300037994,7,11,2023,2025-12-05 18:50:00,3,80,80625,1,1,2,7,D441,49.723335,2.560313
202300037995,26,2,2023,2025-12-05 17:45:00,1,28,28176,1,2,1,3,D127,48.217582,1.492767
202300037996,11,4,2023,2025-12-05 14:45:00,1,55,55400,1,1,1,2,A4 - Pk 379.800 - Sens Paris/Strasbourg,49.154766,5.733125
202300037997,17,5,2023,2025-12-05 09:56:00,1,91,91425,1,9,1,1,Rte Des Templiers,48.644437,2.281402
202300037998,8,11,2023,2025-12-05 08:40:00,1,59,59035,2,1,1,6,24 Rue Du Taille-Pied,50.11939,3.949371
202300037999,26,2,2023,2025-12-05 18:10:00,2,28,28147,1,2,1,3,D 23 Pk 57.200,48.533402,1.240726
202300038000,7,11,2023,2025-12-05 18:10:00,5,13,13202,2,1,1,2,A55-Sens Martigues Vers Marseille,43.30853531,5.36644936
202300038001,17,5,2023,2025-12-05 21:10:00,5,91,91377,2,1,1,7,Rue Fustel De Coulanges,48.72921,2.27775
202300038002,27,2,2023,2025-12-05 15:30:00,1,988,98811,2,2,1,1,Rt1/Rue Henri Marlier,-21.059006,164.855856
202300038003,7,11,2023,2025-12-05 09:00:00,1,13,13215,1,1,1,2,A7-Sens Marseille Vers Lyon,43.37977,5.35402
202300038004,10,4,2023,2025-12-05 20:30:00,1,22,22389,1,1,1,5,Rn12 Pr 049+500 Sens Rennes Vers Brest,48.47925,-2.667028
202300038005,17,5,2023,2025-12-05 07:50:00,1,91,91201,2,1,1,2,Av Du General De Gaulle,48.687107,2.399638
202300038006,7,11,2023,2025-12-05 19:14:00,3,83,83090,1,1,1,3,A50,43.12528073,5.87485416
202300038007,24,2,2023,2025-12-05 22:30:00,3,67,67535,1,1,1,1,D919,48.908171,7.425229
202300038008,17,5,2023,2025-12-05 17:40:00,1,91,91479,2,3,1,2,Av Alexandre Dumas,48.71137,2.35905
202300038009,11,4,2023,2025-12-05 07:05:00,1,84,84071,1,2,1,3,850 Chemin Des Veginieres,43.859666,5.144203
202300038010,26,2,2023,2025-12-05 04:30:00,3,3,3286,1,1,1,6,Rn7 Pk023.500,46.50302705,3.35708578
202300038011,16,5,2023,2025-12-05 18:30:00,1,91,91223,2,1,1,7,Cordeliers (Rue Des),48.43185,2.15485
202300038012,7,11,2023,2025-12-05 17:33:00,2,83,83090,1,1,1,4,A50,43.12418712,5.8716572
202300038013,7,11,2023,2025-12-05 13:53:00,1,83,83144,1,1,1,6,A57,43.13380137,5.98617217
202300038014,11,4,2023,2025-12-05 16:43:00,1,60,60176,2,1,1,6,14 Rue De La Sablonniere,49.227049,2.895198
202300038015,16,5,2023,2025-12-05 13:30:00,1,91,91223,2,1,1,3,Farman (Avenue Henri),48.44094,2.1504
202300038016,25,2,2023,2025-12-05 13:00:00,1,29,29124,2,6,1,3,Giratoire Kerjezequel,48.585813,-4.315428
202300038017,11,4,2023,2025-12-05 07:10:00,2,65,65156,1,1,1,7,Rn 21,43.320245,0.125141
202300038018,5,11,2023,2025-12-05 03:50:00,3,69,69282,1,1,1,1,Route Departementale 302,45.75512,5.02725
202300038019,16,5,2023,2025-12-05 17:09:00,1,87,87085,2,3,1,6,Gambetta (Boulevard),45.82869,1.25608
202300038020,27,2,2023,2025-12-05 19:00:00,3,59,59228,1,1,1,3,D621,50.337976,3.085592
202300038021,11,4,2023,2025-12-05 14:50:00,1,12,12077,1,1,1,2,A75,43.931296,3.233714
202300038022,28,10,2023,2025-12-05 11:45:00,1,69,69266,1,1,2,2,Boulevard Peripherique Laurent Bonnevay,45.77124,4.90202