num_acc,jour,mois,an,hrmn,lum,dep,com,agg,int,atm,col,adr,lat,long
202300038023,17,5,2023,2025-12-05 07:10:00,1,85,85194,2,1,1,3,Rd949,46.514081,-1.783304
202300038024,24,2,2023,2025-12-05 22:45:00,3,83,83027,1,1,1,2,A50,43.17174674,5.77016235
202300038025,10,4,2023,2025-12-05 14:20:00,1,37,37141,1,1,2,6,Autoroute 85 Point Kilometrique 130.100,47.28604145,1.07365608
202300038026,30,10,2023,2025-12-05 04:50:00,3,54,54304,1,1,3,2,Autoroute A 33,48.6713716,6.12206697
202300038027,9,4,2023,2025-12-05 06:26:00,2,57,57712,1,1,5,6,D38,48.778044,6.506503
202300038028,16,5,2023,2025-12-05 11:40:00,1,78,78481,2,1,1,2,Maurice Berteaux (Quai),48.89681,2.10697
202300038029,26,2,2023,2025-12-05 19:05:00,1,33,33063,1,1,1,2,Rocade A 630,44.88180277,-0.5469346
202300038030,11,10,2023,2025-12-05 22:00:00,3,54,54265,1,1,1,6,Autoroute A 330,48.64151,6.18085
202300038031,7,11,2023,2025-12-05 07:55:00,5,33,33249,1,1,2,7,Route Nationale 230,44.87248188,-0.50612748
202300038032,26,2,2023,2025-12-05 05:00:00,3,78,78029,1,1,1,3,A13Y,48.96807,1.85784
202300038033,26,4,2023,2025-12-05 06:15:00,1,78,78217,2,4,1,2,Avenue Marechal Foch,48.96998,1.83253
202300038034,10,4,2023,2025-12-05 20:50:00,2,56,56057,1,1,1,5,Petit Coat Loret,48.020054,-3.473784
202300038035,7,11,2023,2025-12-05 07:25:00,5,33,33096,1,1,2,3,Autoroute A10,44.89221,-0.50099
202300038036,26,2,2023,2025-12-05 18:45:00,3,95,95241,1,1,1,4,Rn 104,49.04558887,2.44667782
202300038037,17,5,2023,2025-12-05 09:00:00,1,77,77468,2,2,1,1,Paris (Rue De),48.85062,2.65795
202300038038,9,4,2023,2025-12-05 18:20:00,1,56,56078,1,2,1,1,Lieu-Dit Billerit,47.79493,-3.509027
202300038039,26,2,2023,2025-12-05 10:50:00,1,94,94033,1,1,1,2,A86,48.85806851,2.48816509
202300038040,17,5,2023,2025-12-05 19:20:00,1,76,76540,2,1,1,2,Avenue De La Grand Mare,49.44759,1.13214
202300038041,11,4,2023,2025-12-05 09:05:00,1,65,65389,2,1,1,6,Avenue Des Sports,43.072685,0.485544
202300038042,6,11,2023,2025-12-05 15:05:00,1,33,33122,1,1,1,5,Autoroute A 63,44.7433,-0.70623
202300038043,28,3,2023,2025-12-05 17:45:00,1,65,65235,2,1,1,2,70 Route De Lourdes,43.194815,0.027734
202300038044,26,2,2023,2025-12-05 05:15:00,5,94,94018,1,1,1,2,A4,48.8239729,2.39430684
202300038045,17,5,2023,2025-12-05 10:54:00,1,76,76351,2,2,1,6,Hotel De Ville (Place De),49.49475,0.10641
202300038046,5,11,2023,2025-12-05 23:15:00,5,33,33249,1,9,2,2,Rocade A 630,44.8788759,-0.52812159
202300038047,25,2,2023,2025-12-05 21:10:00,5,75,75117,2,1,1,4,Porte De Champerret,48.888198,2.292365
202300038048,9,4,2023,2025-12-05 16:40:00,1,11,11217,1,1,1,1,Adresse_Inconnue,43.233666,2.926354
202300038049,7,11,2023,2025-12-05 17:05:00,1,91,91136,1,1,1,5,Rd188 Province / A10 Paris,48.71434,2.27235
202300038050,8,4,2023,2025-12-05 18:25:00,1,71,71463,1,1,1,6,"D987, Les Charmieres",46.234463,4.262781
202300038051,25,2,2023,2025-12-05 16:35:00,1,75,75120,2,3,8,6,Rue De Belleville,48.872532,2.378555
202300038052,17,5,2023,2025-12-05 14:45:00,1,72,72181,2,1,1,5,Mac Jean (Av) Ndeg Pairs 308 Et Plus,47.97681,0.23313
202300038053,7,11,2023,2025-12-05 12:25:00,1,91,91339,1,1,1,5,Rn 104,48.62303,2.2698
202300038054,25,2,2023,2025-12-05 20:10:00,5,75,75116,2,4,1,3,Rue Des Vignes,48.857097,2.273476
202300038055,16,5,2023,2025-12-05 08:27:00,1,72,72181,2,9,1,6,Etoile (Rue De L'),48.00563,0.20106
202300038056,8,4,2023,2025-12-05 21:20:00,5,42,42288,2,1,1,3,Route De Clermont,45.753462,3.983241
202300038057,7,11,2023,2025-12-05 20:00:00,5,78,78140,1,1,1,6,A13,48.960773,1.930545
202300038058,25,2,2023,2025-12-05 11:20:00,1,75,75116,2,1,1,2,Route Des Tribunes,48.859428,2.229364
202300038059,17,5,2023,2025-12-05 16:15:00,1,69,69029,2,1,1,6,Boulevard Pinel,45.72858,4.88719
202300038060,6,11,2023,2025-12-05 20:30:00,5,92,92064,1,1,1,6,A13,48.83978582,2.2193934
202300038061,10,4,2023,2025-12-05 17:57:00,1,47,47138,1,1,1,2,Gagne,44.26116968,0.74047359
202300038062,25,2,2023,2025-12-05 09:40:00,1,75,75116,2,1,1,3,Route De La Pte Des Sablons A La Pte Mai,48.876696,2.273272
202300038063,17,5,2023,2025-12-05 18:55:00,1,67,67482,2,3,1,1,Carpe Haute (Rue De La),48.5961,7.78917
202300038064,7,11,2023,2025-12-05 19:00:00,3,95,95277,1,1,1,5,D170,48.97726,2.47194
202300038065,10,4,2023,2025-12-05 17:30:00,1,68,68215,2,1,1,7,Rue De Belfort,47.619262,7.022297
202300038066,25,2,2023,2025-12-05 11:55:00,1,75,75115,2,2,1,6,Boulevard Victor,48.83598,2.27826
202300038067,6,4,2023,2025-12-05 15:30:00,1,39,39217,1,1,1,6,Adresse_Inconnue,46.708272,5.535736
202300038068,17,5,2023,2025-12-05 17:50:00,1,67,67482,2,2,1,6,Or (Rue D ),48.57826,7.74963
202300038069,7,11,2023,2025-12-05 17:30:00,3,93,93066,1,1,1,5,Autoroute A1,48.90441,2.35824
202300038070,25,2,2023,2025-12-05 13:00:00,1,75,75114,2,2,1,2,Boulevard Brune,48.824903,2.318393
202300038071,17,5,2023,2025-12-05 08:30:00,1,67,67482,2,1,1,3,Saint Guillaume (Rue),48.58215,7.75782
202300038072,25,2,2023,2025-12-05 08:30:00,1,75,75112,2,3,1,6,Boulevard Poniatowski,48.834808,2.405641
202300038073,6,11,2023,2025-12-05 18:45:00,2,95,95424,1,1,1,3,A15,48.99132307,2.19141748
202300038074,9,4,2023,2025-12-05 15:40:00,1,44,44029,2,1,1,1,152 Rue De La Levee De La Divatte,47.279811,-1.388617
202300038075,16,5,2023,2025-12-05 15:35:00,1,67,67482,2,1,8,3,Sebastopol (Rue De),48.585922,7.743269
202300038076,25,2,2023,2025-12-05 10:22:00,1,94,94081,2,1,1,6,Rue Montebello,48.79213,2.39352
202300038077,7,11,2023,2025-12-05 07:00:00,2,92,92036,2,1,1,3,Autoroute A15,48.94920532,2.28069842
202300038078,17,5,2023,2025-12-05 09:10:00,1,64,64189,2,1,1,2,Jaures Jean  (Avenue),43.37955,-1.66942
202300038079,9,4,2023,2025-12-05 00:44:00,5,34,34154,2,5,1,3,D62E2,43.548735,3.979915
202300038080,25,2,2023,2025-12-05 09:35:00,1,94,94076,2,4,1,3,131 Avenue De Paris,48.80108,2.36525
202300038081,7,11,2023,2025-12-05 05:40:00,3,93,93078,1,1,1,5,Autoroute A104,48.96358,2.52151
202300038082,17,5,2023,2025-12-05 13:25:00,1,61,61117,1,1,1,2,D112,48.4357,0.03211
202300038083,8,4,2023,2025-12-05 21:00:00,2,29,29158,1,1,1,7,Route De Quelourn,47.813785,-4.348338
202300038084,25,2,2023,2025-12-05 02:45:00,5,94,94041,2,1,1,6,Avenue De Verdun,48.81231,2.37075
202300038085,6,11,2023,2025-12-05 21:40:00,3,95,95678,1,1,1,7,N104,49.07307,2.23774
202300038086,11,4,2023,2025-12-05 17:00:00,1,31,31426,2,1,1,7,Chemin Communal Entre Camis,43.080679,0.60634
202300038087,17,5,2023,2025-12-05 11:00:00,1,59,59599,2,1,1,6,Papin (Chaussee Denis),50.731936,3.141825
202300038088,6,11,2023,2025-12-05 12:50:00,1,95,95028,1,1,1,2,N104,49.06147,2.36001
202300038089,25,2,2023,2025-12-05 18:50:00,5,94,94077,2,1,1,5,Avenue Du 8 Mai 1945,48.73159,2.40602
202300038090,10,4,2023,2025-12-05 16:50:00,1,31,31585,1,1,1,1,D817,43.116413,0.648193
202300038091,17,5,2023,2025-12-05 14:30:00,1,59,59512,2,5,1,3,Gambetta ( Boulevard),50.692319,3.184795
202300038092,7,11,2023,2025-12-05 18:10:00,3,77,77181,1,1,1,2,A4,48.83080044,2.69269565
202300038093,4,4,2023,2025-12-05 08:15:00,1,72,72048,1,1,1,3,La Gueriniere,48.16292244,0.4082036
202300038094,6,11,2023,2025-12-05 18:00:00,4,94,94015,1,1,2,5,A4,48.82928864,2.52841632
202300038095,25,2,2023,2025-12-05 16:50:00,1,93,93048,2,2,1,3,Avenue Leo Lagrange / Boulevard Aristide Briand,48.87626,2.4561
202300038096,11,4,2023,2025-12-05 12:11:00,1,50,50484,2,2,8,6,Rue De Mortain,48.57745,-1.093209
202300038097,16,5,2023,2025-12-05 12:25:00,1,59,59527,2,3,1,3,Carnot Sadi Rue,50.66284,3.05713
202300038098,25,2,2023,2025-12-05 18:35:00,5,92,92073,2,1,1,3,Dassault (Quai Marcel),48.86022718,2.22458303
202300038099,13,7,2023,2025-12-05 18:20:00,1,14,14654,1,1,1,1,Les Cheminees (Saint-Pierre-Sur-Dives),49.023011,-0.04916
202300038100,3,4,2023,2025-12-05 09:00:00,1,9,9103,2,4,3,3,Vallee De La Leze,43.012412,1.608038
202300038101,13,5,2023,2025-12-05 17:30:00,1,57,57306,2,1,1,6,Castelnau (Rue Du General De),49.32712186,6.05781198
202300038102,25,2,2023,2025-12-05 17:05:00,1,92,92064,2,2,1,3,Carnot,48.84665,2.22353
202300038103,25,6,2023,2025-12-05 09:20:00,1,14,14480,1,1,1,2,Rn 13 Pr124+400 Sens Cherbourg/Caen,49.32722,-1.078463
202300038104,25,2,2023,2025-12-05 08:30:00,1,974,97415,2,1,1,6,Chemin Ravine Bernica,-21.014225,55.273536
202300038105,16,5,2023,2025-12-05 07:20:00,1,54,54403,2,8,1,3,Route De Norroy,48.93287,6.03911
202300038106,31,8,2023,2025-12-05 18:10:00,1,50,50066,2,1,1,6,Mairie (Rue De La),48.81463,-1.56873
202300038107,10,4,2023,2025-12-05 22:30:00,5,45,45234,1,1,2,1,Avenue Gaston Galloux,47.8491938,1.94327921
202300038108,25,2,2023,2025-12-05 18:50:00,2,17,17315,2,4,1,3,Rue Du Chemin Vert,46.135352,-1.008537
202300038109,11,4,2023,2025-12-05 17:45:00,1,64,64339,2,1,1,7,4 Avenue De Betharram,43.126825,-0.207582
202300038110,16,8,2023,2025-12-05 19:20:00,1,50,50147,2,1,1,2,Division Leclerc,49.0586,-1.43618
202300038111,17,5,2023,2025-12-05 16:21:00,1,54,54526,1,1,1,6,Rocade Sud Est,48.68306,6.22077
202300038112,21,2,2023,2025-12-05 23:55:00,3,972,97210,1,1,1,1,Rn 6,14.611398,-60.897936
202300038113,10,4,2023,2025-12-05 16:25:00,1,43,43051,1,1,1,7,Lieu Dit Le Bronchet,45.027102,4.303213
202300038114,24,2,2023,2025-12-05 19:00:00,5,67,67460,2,1,3,6,69 Rue Du General Leclerc,48.754827,7.591188
202300038115,17,5,2023,2025-12-05 12:15:00,1,54,54395,2,2,1,6,Rue Des Jardiniers,48.6927,6.18991
202300038116,15,7,2023,2025-12-05 23:40:00,4,27,27229,2,1,1,2,Saint Leger (Rue Du Faubourg),49.035502,1.15622
202300038117,9,4,2023,2025-12-05 19:10:00,1,16,16065,1,1,1,7,Route De Lesterps,46.053801,0.787236
202300038118,25,2,2023,2025-12-05 11:30:00,1,35,35124,1,1,1,5,Adresse_Inconnue,47.76224,-1.71156
202300038119,16,5,2023,2025-12-05 17:45:00,1,54,54526,2,2,1,3,Pasteur (Rue),48.68355528,6.22092247
202300038120,11,4,2023,2025-12-05 14:00:00,1,4,4018,1,1,1,1,D5,44.021567,5.641673
202300038121,26,2,2023,2025-12-05 05:50:00,5,51,51436,2,4,1,7,Rue De Chalons,48.858281,4.482953
202300038122,16,5,2023,2025-12-05 10:30:00,1,50,50129,2,1,1,4,Maritime (Boulevard),49.64417,-1.59956
202300038123,17,5,2023,2025-12-05 08:15:00,1,49,49328,2,6,1,3,Resistance (Place De La),47.26718,-0.06994
202300038124,25,2,2023,2025-12-05 03:55:00,3,56,56221,1,4,1,7,Les Eclopas,47.671117,-2.213058
202300038125,2,4,2023,2025-12-05 10:45:00,1,10,10045,1,1,2,2,Autoroute A5,48.170193,4.473249
202300038126,16,5,2023,2025-12-05 18:45:00,1,49,49099,2,3,1,3,Faidherbe (Boulevard Du General),47.06561,-0.87068
202300038127,9,4,2023,2025-12-05 10:30:00,1,13,13069,2,6,1,3,D15,43.633304,5.16719
202300038128,16,5,2023,2025-12-05 09:30:00,1,49,49099,2,5,1,6,Joffre (Boulevard Du Marechal),47.0674,-0.88471
202300038129,25,2,2023,2025-12-05 19:10:00,3,71,71137,1,1,1,1,D980,46.411825,4.659126
202300038130,26,2,2023,2025-12-05 05:30:00,3,61,61493,2,1,1,7,D13 Pr19+250,48.798002,0.373058
202300038131,17,5,2023,2025-12-05 19:40:00,1,49,49353,2,3,1,7,Jean Jaures Rue,47.4412,-0.4911
202300038132,11,4,2023,2025-12-05 17:50:00,1,82,82087,1,9,1,3,Route De Vazerac,44.152482,1.217401
202300038133,26,2,2023,2025-12-05 14:30:00,1,34,34300,1,1,1,7,D18,43.413007,3.324433
202300038134,17,5,2023,2025-12-05 10:41:00,1,49,49020,2,3,1,3,Morel,47.47405,-0.60472
202300038135,17,5,2023,2025-12-05 09:55:00,1,49,49007,2,1,1,3,Turpin De Crisse Avenue,47.46486,-0.55414
202300038136,26,2,2023,2025-12-05 17:00:00,1,39,39373,1,1,1,3,Adresse_Inconnue,46.322775,5.896981
202300038137,8,4,2023,2025-12-05 15:10:00,1,34,34172,1,1,1,4,A 709 Pk 11+300,43.602895,3.925209
202300038138,17,5,2023,2025-12-05 08:10:00,1,49,49353,2,3,1,6,Tour,47.45413,-0.50907
202300038139,26,2,2023,2025-12-05 02:10:00,3,29,29150,2,1,1,6,Lieu Dit Kerglien,47.807938,-3.638932
202300038140,18,1,2023,2025-12-05 15:50:00,1,29,29148,1,1,2,6,Lieu Dit Kerguiduff,48.618676,-4.075177
202300038141,11,4,2023,2025-12-05 00:15:00,3,25,25349,1,2,1,3,Lieu Dit Niellans,47.162714,6.472471
202300038142,24,2,2023,2025-12-05 20:00:00,3,29,29224,1,1,1,1,D43,48.028965,-4.302065
202300038143,8,4,2023,2025-12-05 16:12:00,1,987,98733,2,1,1,7,Pk 27.700 Rt1,-17.696,-149.548
202300038144,25,2,2023,2025-12-05 22:50:00,3,15,15265,1,1,1,7,Rd 15,45.357155,2.457976
202300038145,10,4,2023,2025-12-05 05:30:00,3,988,98814,1,1,1,7,Sens Mutchaweng/Ewe,-20.76408,167.14366
202300038146,25,2,2023,2025-12-05 23:00:00,3,58,58147,2,1,1,6,Route Du Prieure,47.162525,3.385315
202300038147,26,2,2023,2025-12-05 06:20:00,5,45,45148,2,2,1,3,D2007 Pr 6 + 777,48.103054,2.77489
202300038148,11,4,2023,2025-12-05 04:20:00,3,988,98827,1,3,1,6,Rt1/Vu 48 (Route De Gohapin),-21.324439,165.152074
202300038149,6,2,2023,2025-12-05 19:50:00,3,64,64269,1,1,1,2,Route De Tarbes Rd 817,43.291271,-0.277888
202300038150,25,2,2023,2025-12-05 22:00:00,3,16,16419,1,1,1,6,Cd 737,45.808835,0.078256
202300038151,10,4,2023,2025-12-05 19:10:00,3,971,97118,1,1,1,6,Route Nationale 1 - Arnouville,16.20045722,-61.60613537
202300038152,25,2,2023,2025-12-05 16:30:00,1,40,40161,1,1,1,6,Lieu Dit Le Tremblant,44.132049,0.017982
202300038153,25,2,2023,2025-12-05 02:45:00,3,85,85021,1,1,2,7,Rd102,47.04435,-1.256561
202300038154,11,4,2023,2025-12-05 07:15:00,1,971,97115,2,2,1,3,N2,16.277291,-61.663862
202300038155,25,2,2023,2025-12-05 03:45:00,3,85,85089,2,1,1,6,Rd160,46.71175,-1.31528
202300038156,10,4,2023,2025-12-05 23:00:00,3,77,77277,1,1,3,2,Rd 436 - Pk 012+900,48.71931,2.868912
202300038157,25,2,2023,2025-12-05 16:00:00,1,30,30095,2,6,1,7,Adresse_Inconnue,43.871679,3.942933
202300038158,25,2,2023,2025-12-05 19:15:00,2,8,8086,1,1,1,6,Adresse_Inconnue,49.40134625,4.87802852
202300038159,11,4,2023,2025-12-05 10:20:00,1,2A,2A041,2,1,1,2,Rue Sauveur Paul Etienne,41.388062,9.159105
202300038160,26,2,2023,2025-12-05 16:30:00,1,8,8092,1,1,1,6,D315,49.349982,4.445987
202300038161,11,4,2023,2025-12-05 09:15:00,1,66,66037,2,1,1,6,Adresse_Inconnue,42.704126,3.021211
202300038162,24,2,2023,2025-12-05 19:10:00,5,38,38193,2,1,3,6,D312,45.61466,5.224568
202300038163,9,4,2023,2025-12-05 14:45:00,1,84,84136,2,1,1,1,Chemin Du Tombadou,44.145728,4.981836
202300038164,24,2,2023,2025-12-05 14:45:00,1,38,38485,2,3,1,3,Rue De L'Industrie,45.180309,5.697833
202300038165,10,4,2023,2025-12-05 17:00:00,1,13,13073,1,1,1,1,D8,43.395888,5.579724
202300038166,25,2,2023,2025-12-05 16:00:00,1,21,21590,1,1,1,7,Autoroute A6 Pk 291+500,47.07911625,4.76321248
202300038167,7,4,2023,2025-12-05 20:20:00,2,13,13097,1,1,1,7,Route Nationale 568,43.576038,4.778538
202300038168,8,2,2023,2025-12-05 09:50:00,1,45,45244,2,7,1,6,Parking Intermarche,47.769979,2.475041
202300038169,10,4,2023,2025-12-05 19:10:00,1,13,13059,1,1,1,1,Route Departementale 561,43.644802,5.496168
202300038170,11,2,2023,2025-12-05 21:45:00,5,91,91546,2,1,1,6,Rue De Bandeville,48.573349,2.030416
202300038171,27,1,2023,2025-12-05 11:40:00,1,83,83047,1,1,1,3,Avenue Jean Monnet,43.115526,6.057168
202300038172,9,4,2023,2025-12-05 16:00:00,1,88,88196,2,9,1,1,Boulevard De La Jamagne,48.077842,6.885971
202300038173,26,2,2023,2025-12-05 05:15:00,5,83,83099,2,6,1,6,Dn7,43.445584,6.698125
202300038174,18,2,2023,2025-12-05 10:20:00,1,13,13100,2,3,1,2,D99,43.784441,4.890257
202300038175,11,4,2023,2025-12-05 13:40:00,1,3,3298,1,1,1,1,D46,46.323549,3.368876
202300038176,26,2,2023,2025-12-05 13:00:00,1,3,3200,1,1,6,6,Avenue Edmond Michelet,46.55682,3.298763
202300038177,9,4,2023,2025-12-05 16:00:00,1,73,73123,1,1,1,7,D909,45.86631669,6.48950368
202300038178,26,2,2023,2025-12-05 15:18:00,1,38,38215,2,3,1,7,Rue Des Marchands,45.589462,4.958439
202300038179,11,4,2023,2025-12-05 17:50:00,1,1,1043,2,1,1,6,Rue Des Barronieres,45.832815,5.008472
202300038180,25,2,2023,2025-12-05 19:05:00,2,44,44209,2,1,1,3,149 Rue De Nantes,47.29564726,-1.61117077
202300038181,26,2,2023,2025-12-05 01:15:00,3,38,38565,2,1,1,6,D1075,45.263402,5.65657
202300038182,4,9,2023,2025-12-05 09:40:00,1,93,93050,2,3,1,6,Rue Du 11 Novembre / Rue De La Liberation,48.86359,2.52636
202300038183,7,4,2023,2025-12-05 17:50:00,1,79,79049,1,2,1,3,Adresse_Inconnue,46.891625,-0.495114
202300038184,3,9,2023,2025-12-05 13:40:00,1,93,93049,2,1,1,6,Rue Pasteur,48.857681,2.500791
202300038185,25,2,2023,2025-12-05 18:30:00,1,69,69090,1,2,1,3,Bois Bourland,45.92807349,4.64460925
202300038186,25,2,2023,2025-12-05 08:30:00,1,22,22272,2,9,2,6,9 Rue Hent Meur,48.556176,-3.104617
202300038187,4,9,2023,2025-12-05 19:30:00,1,93,93031,2,1,1,3,Boulevard Foch,48.94813,2.33156
202300038188,24,2,2023,2025-12-05 17:40:00,1,60,60619,1,9,1,2,N2,49.11500848,2.77452421
202300038189,11,4,2023,2025-12-05 15:45:00,1,40,40246,1,2,1,2,D44 Pk 33 + 500,44.150481,-0.832815
202300038190,2,9,2023,2025-12-05 20:10:00,1,93,93014,2,3,1,3,Allee Etienne Laurent/ Allee Du Renouveau,48.90331314,2.55091247
202300038191,25,2,2023,2025-12-05 19:45:00,3,60,60045,1,6,1,3,Route De Crepy,49.216812,2.67928
202300038192,4,9,2023,2025-12-05 13:00:00,1,92,92033,2,1,1,3,General De Gaulle,48.84023127,2.19265267
202300038193,10,4,2023,2025-12-05 18:20:00,1,85,85035,2,3,1,1,28 Rue Des Marsouins,46.623465,-1.868497
202300038194,26,2,2023,2025-12-05 20:00:00,3,62,62714,1,4,1,5,D263,50.33082274,2.77693301
202300038195,4,9,2023,2025-12-05 09:50:00,1,92,92063,2,1,1,3,Seine (Avenue De),48.88646,2.16904
202300038196,25,2,2023,2025-12-05 03:50:00,3,59,59055,2,1,1,6,Rue Du Cateau,50.093377,3.584204
202300038197,10,2,2023,2025-12-05 16:48:00,1,13,13056,1,1,1,7,A55-Sens Martigues Vers Marseille,43.40746,5.03603
202300038198,9,4,2023,2025-12-05 17:30:00,1,72,72264,1,1,1,3,D24,47.868135,-0.337958
202300038199,4,9,2023,2025-12-05 14:49:00,1,92,92026,2,2,1,3,Verdun (De 01 A 61),48.90040439,2.26077855
202300038200,25,2,2023,2025-12-05 10:00:00,1,69,69115,1,1,1,3,Autoroute 6,45.9672,4.7265
202300038201,10,4,2023,2025-12-05 20:00:00,2,35,35347,1,1,2,6,D179,48.212148,-1.250199
202300038202,4,9,2023,2025-12-05 12:50:00,1,92,92012,2,1,1,6,Andre Morizet (Avenue) 1/47 - 2/52,48.8341626,2.24258512
202300038203,20,2,2023,2025-12-05 09:15:00,1,69,69275,1,1,1,4,Rocade Est,45.777221,4.97437136
202300038204,4,9,2023,2025-12-05 17:15:00,1,92,92014,2,1,1,3,General Leclerc (Av.) (1 A 55Bis - 2 A 4,48.77951057,2.31537625
202300038205,9,4,2023,2025-12-05 22:20:00,3,974,97416,1,9,1,6,Rn1(Bretelle Acces),-21.3047,55.4278
202300038206,24,2,2023,2025-12-05 07:40:00,1,67,67447,1,1,1,3,M35,48.60131,7.73403
202300038207,5,9,2023,2025-12-05 07:48:00,2,60,60318,1,1,7,2,D13,49.34461924,2.63065367
202300038208,9,4,2023,2025-12-05 13:30:00,1,974,97416,1,1,1,7,Rn3 (3),-21.30330241,55.50039232
202300038209,25,2,2023,2025-12-05 20:30:00,3,33,33448,1,1,1,2,Adresse_Inconnue,44.71236239,-0.5156064
202300038210,4,9,2023,2025-12-05 06:30:00,3,60,60590,1,1,1,6,D901,49.535389,2.000327
202300038211,25,2,2023,2025-12-05 02:52:00,3,91,91689,1,1,1,2,Autoroute A10,48.72904,2.30632
202300038212,3,9,2023,2025-12-05 22:00:00,3,60,60609,1,1,1,6,Rte De Saint Germain La Poterie,49.458285,1.972625
202300038213,25,2,2023,2025-12-05 01:45:00,3,91,91689,1,1,1,7,Autoroute A6A,48.7385,2.319127
202300038214,10,8,2023,2025-12-05 14:30:00,1,80,80047,1,1,9,2,D50,50.036442,2.655559
202300038215,9,4,2023,2025-12-05 13:15:00,1,974,97411,2,2,1,3,Garros (Roland),-20.88168,55.4569
202300038216,5,9,2023,2025-12-05 10:55:00,1,50,50117,1,1,1,7,25 Route Des Falaises,48.734339,-1.532845
202300038217,25,2,2023,2025-12-05 19:00:00,3,78,78291,1,1,1,2,A13,48.969395,1.736783
202300038218,1,9,2023,2025-12-05 17:00:00,1,37,37010,1,1,1,6,Aubigne,47.556942,0.958917
202300038219,25,2,2023,2025-12-05 00:55:00,3,92,92036,1,1,1,2,A86,48.93699329,2.29326176
202300038220,9,4,2023,2025-12-05 01:10:00,4,974,97411,2,1,1,2,Lancastel (Boulevard),-20.88338,55.46538
202300038221,4,9,2023,2025-12-05 07:50:00,1,54,54456,2,1,1,6,Rue Charles Berlet,48.703078,6.387032
202300038222,3,9,2023,2025-12-05 14:40:00,1,14,14656,1,1,7,1,Rue De Bailly,48.93103,-0.498824
202300038223,25,2,2023,2025-12-05 04:40:00,3,95,95582,1,1,1,6,Rd 170,48.96418169,2.26854107
202300038224,9,4,2023,2025-12-05 18:05:00,1,69,69388,2,1,1,6,Avenue Jean Mermoz,45.7347352,4.87449901
202300038225,3,9,2023,2025-12-05 12:20:00,1,2A,2A186,1,1,1,6,D69,41.837931,9.09565
202300038226,4,9,2023,2025-12-05 17:00:00,1,26,26294,1,1,7,6,D114A,45.081036,4.97067
202300038227,9,4,2023,2025-12-05 16:45:00,1,69,69383,2,1,1,3,Quai Victor Augagneur,45.7592547,4.84093628
202300038228,9,4,2023,2025-12-05 08:20:00,1,972,97209,1,1,2,7,Rd 41 (Rocade),14.61246,-61.06541
202300038229,4,9,2023,2025-12-05 18:35:00,1,66,66190,1,1,1,3,Adresse_Inconnue,42.85128435,2.93420792
202300038230,9,4,2023,2025-12-05 03:30:00,3,69,69384,2,1,1,7,67 Quai Joseph Gillet,45.78492265,4.81559822
202300038231,4,9,2023,2025-12-05 04:10:00,5,66,66144,1,1,1,2,Adresse_Inconnue,42.64422951,2.86090851
202300038232,8,4,2023,2025-12-05 12:26:00,1,971,97120,2,9,1,3,Amitie Des Peuples,16.24447192,-61.5414378
202300038233,5,9,2023,2025-12-05 02:00:00,3,11,11195,1,9,1,2,Adresse_Inconnue,43.271132,2.002851
202300038234,9,4,2023,2025-12-05 13:56:00,1,2A,2A004,2,1,1,6,Grande Armee Avenue,41.92663,8.72916
202300038235,4,9,2023,2025-12-05 16:40:00,1,31,31082,1,4,1,5,D826,43.595342,1.703246
202300038236,8,4,2023,2025-12-05 23:20:00,5,91,91377,2,3,1,7,Av Du M De Lattre De Tassigny,48.71718,2.29495
202300038237,3,9,2023,2025-12-05 20:55:00,5,1,1143,2,1,1,6,Avenue De Geneve,46.34712,6.148921
202300038238,9,4,2023,2025-12-05 17:45:00,1,91,91657,2,1,1,6,Av Henri Charon,48.706029,2.423318
202300038239,4,9,2023,2025-12-05 18:50:00,1,67,67190,1,1,9,1,D117,48.671834,7.326508
202300038240,9,4,2023,2025-12-05 12:00:00,1,77,77131,2,9,1,6,Grand Morin (Rue Du),48.80274,3.09604
202300038241,5,9,2023,2025-12-05 11:05:00,1,22,22206,1,1,1,6,Route Nationale 12 Pr 74+0300,48.53023,-2.96423
202300038242,9,4,2023,2025-12-05 11:45:00,1,77,77042,2,2,1,3,Rd 222,48.822726,3.137247
202300038243,9,4,2023,2025-12-05 12:25:00,1,76,76217,2,1,1,6,Republique (Avenue De La),49.92562,1.09957
202300038244,3,9,2023,2025-12-05 09:00:00,1,14,14061,1,1,7,4,18 Route De Beaumesnil,48.909836,-0.928731
202300038245,8,4,2023,2025-12-05 16:23:00,1,74,74281,2,3,1,3,Geneve (Ave De) Jusque Croisee Anthy,46.35458,6.44525
202300038246,2,9,2023,2025-12-05 22:00:00,5,74,74231,1,3,1,3,D38,45.934416,5.952466
202300038247,8,4,2023,2025-12-05 17:50:00,1,74,74012,2,3,1,1,Giffre (Avenue Du),46.19747,6.23848
202300038248,3,9,2023,2025-12-05 16:43:00,1,59,59641,1,1,1,7,D403,50.961853,2.498671
202300038249,3,9,2023,2025-12-05 13:38:00,1,68,68315,1,1,1,7,D431,47.859822,7.134891
202300038250,9,4,2023,2025-12-05 18:55:00,1,72,72181,2,1,1,7,Antares (Av),47.95515,0.22603
202300038251,3,9,2023,2025-12-05 15:33:00,1,48,48002,1,1,1,6,Autoroute A75 - Pk 119+270 - Sens Nord / Sud - Direction Millau (12),44.851092,3.256293
202300038252,8,4,2023,2025-12-05 17:30:00,1,71,71270,2,1,1,6,Lattre De Tassigny (Quai  Marechal De),46.31663,4.83904