num_acc,jour,mois,an,hrmn,lum,dep,com,agg,int,atm,col,adr,lat,long
202300038253,8,4,2023,2025-12-05 09:13:00,1,70,70550,2,1,1,1,Morel (Rue Paul),47.6199,6.15477
202300038254,4,9,2023,2025-12-05 10:05:00,1,36,36150,1,2,1,3,Adresse_Inconnue,46.444193,1.481245
202300038255,4,9,2023,2025-12-05 11:10:00,1,41,41171,1,1,1,7,Rd 917,47.800998,1.23534
202300038256,9,4,2023,2025-12-05 22:30:00,5,69,69029,2,2,1,3,Avenue Francois Mitterrand,45.73892,4.92596
202300038257,3,9,2023,2025-12-05 16:30:00,1,30,30338,1,1,1,7,Adresse_Inconnue,44.136885,4.355822
202300038258,9,4,2023,2025-12-05 21:45:00,5,64,64102,2,7,1,2,Reduit (Place Du),43.49255,-1.4736
202300038259,3,9,2023,2025-12-05 19:10:00,2,62,62216,1,1,1,7,D8,50.20963925,2.583119
202300038260,5,9,2023,2025-12-05 14:40:00,1,40,40246,1,1,1,1,D384,44.134975,-0.712996
202300038261,9,4,2023,2025-12-05 18:20:00,1,64,64024,2,9,1,1,Colline (Impasse De La),43.51171544,-1.52746654
202300038262,3,9,2023,2025-12-05 09:00:00,1,51,51139,1,1,1,7,D982,49.103156,4.865055
202300038263,5,9,2023,2025-12-05 07:00:00,2,51,51171,1,1,1,2,D944,49.392241,3.905801
202300038264,8,4,2023,2025-12-05 14:00:00,1,62,62617,2,3,1,3,Rue Beharelle,50.46604,2.66592
202300038265,9,4,2023,2025-12-05 23:15:00,3,62,62479,1,1,1,7,D181E5,50.52590357,2.58749735
202300038266,3,9,2023,2025-12-05 14:00:00,1,19,19093,1,1,1,3,Route Du Pont De Coudert,45.086793,1.538966
202300038267,4,9,2023,2025-12-05 15:38:00,1,56,56159,1,2,1,6,La Villa Des Pins,47.767163,-2.378905
202300038268,4,4,2023,2025-12-05 16:45:00,1,59,59328,2,9,1,3,Avenue Du Marechal Foch,50.648043,3.027354
202300038269,2,9,2023,2025-12-05 12:00:00,1,56,56089,1,1,1,1,Le Clandy,47.966192,-3.273636
202300038270,8,4,2023,2025-12-05 15:45:00,1,59,59220,1,1,1,3,Egalite Rue De L,50.584497,3.084828
202300038271,4,9,2023,2025-12-05 11:00:00,1,31,31150,2,1,1,7,Route D'Aussonne,43.659963,1.324655
202300038272,9,4,2023,2025-12-05 04:17:00,5,59,59122,2,6,5,6,Paris (Route De),50.1495,3.220204
202300038273,5,9,2023,2025-12-05 14:40:00,1,80,80639,2,3,1,3,12 Route Nationale,49.948265,2.309854
202300038274,9,4,2023,2025-12-05 22:05:00,5,57,57660,2,4,1,3,Nationale(Rue)R.Schoeneck A Limite Circo,49.20939,6.93413
202300038275,9,4,2023,2025-12-05 14:28:00,1,51,51454,2,1,1,7,Rue Jeanne Jugan,49.22584,4.02381
202300038276,4,9,2023,2025-12-05 17:15:00,1,80,80639,2,1,1,3,Chemin De Vaux,49.950753,2.307447
202300038277,8,4,2023,2025-12-05 17:45:00,1,51,51454,2,1,1,2,Rue D'Estienne D'Orves,49.23774,4.03
202300038278,4,9,2023,2025-12-05 14:15:00,1,65,65450,1,1,1,7,D929,42.798849,0.285602
202300038279,4,9,2023,2025-12-05 16:45:00,1,65,65258,1,1,1,6,D939,43.150519,0.394306
202300038280,30,8,2023,2025-12-05 10:30:00,1,81,81182,1,1,1,6,Route Des Mines,43.740003,2.315658
202300038281,8,4,2023,2025-12-05 13:55:00,1,50,50129,2,4,1,2,Saline (Rue De La),49.65616,-1.65333
202300038282,8,4,2023,2025-12-05 12:50:00,1,50,50129,2,1,1,3,Cornat (Rue Henri),49.61711,-1.59749
202300038283,9,4,2023,2025-12-05 00:55:00,5,45,45285,2,1,1,3,Avenue Pierre Mendes France,47.90592,1.86934
202300038284,1,9,2023,2025-12-05 19:55:00,2,71,71484,1,3,1,3,D13,46.70087,5.262365
202300038285,8,4,2023,2025-12-05 17:00:00,1,43,43002,2,6,1,6,Giratoire Des Moulins,45.05074,3.88242
202300038286,3,9,2023,2025-12-05 12:30:00,1,71,71346,2,1,1,5,Chaussee De L'Etang,46.613373,4.219383
202300038287,9,4,2023,2025-12-05 15:45:00,1,37,37261,2,1,1,6,Tonnelle (Boulevard),47.38701,0.66738
202300038288,9,4,2023,2025-12-05 11:05:00,1,34,34301,2,3,1,1,934 Boulevard De Verdun,43.411913,3.681189
202300038289,3,9,2023,2025-12-05 13:45:00,1,71,71535,1,2,1,3,Route De Chateau Chinon,47.004182,4.205969
202300038290,8,4,2023,2025-12-05 19:45:00,1,33,33529,1,9,1,3,Rue Pierre Et Marie Curie,44.61249,-1.11552
202300038291,4,9,2023,2025-12-05 20:00:00,2,61,61405,1,1,1,6,D286,48.283549,0.725258
202300038292,9,4,2023,2025-12-05 19:10:00,1,26,26064,2,3,1,6,Chemin De Peyrus,44.926161,4.941093
202300038293,9,4,2023,2025-12-05 14:29:00,1,17,17300,2,1,1,6,Guiton   Avenue Jean (343-371),46.16047,-1.19166
202300038294,10,12,2023,2025-12-05 15:10:00,1,94,94073,1,1,2,6,Rue Des Alouettes,48.75477,2.38486
202300038295,9,4,2023,2025-12-05 05:53:00,3,17,17300,1,1,1,7,09 Pk Rn237 Moulin Justice Re,46.17212,-1.18833
202300038296,3,9,2023,2025-12-05 03:00:00,3,49,49002,1,3,1,7,Route De Saumur,47.300453,-0.007065
202300038297,11,12,2023,2025-12-05 09:15:00,2,94,94075,2,1,8,3,Rue De Valenton,48.731096,2.513784
202300038298,4,9,2023,2025-12-05 14:45:00,1,49,49228,1,1,1,6,Route Departementale 86,47.468797,0.163153
202300038299,10,4,2023,2025-12-05 00:15:00,5,13,13215,2,1,1,2,Albin Meylan (Rue),43.36415,5.34124
202300038300,11,12,2023,2025-12-05 13:23:00,1,93,93078,2,6,1,2,Avenue Georges Clemenceau / Boulevard Robert Ballanger,48.96082,2.55631
202300038301,11,12,2023,2025-12-05 09:10:00,1,93,93066,2,3,2,1,Rue Du Fort De La Briche /Chemin Du Fort De La Briche,48.944391,2.3422
202300038302,9,4,2023,2025-12-05 15:30:00,1,13,13212,2,2,1,3,Caillols (Avenue Des),43.30385,5.42574
202300038303,5,9,2023,2025-12-05 13:30:00,1,46,46271,1,1,1,1,D673,44.86632969,1.86071947
202300038304,9,4,2023,2025-12-05 03:55:00,5,13,13213,2,1,1,6,Maurelle (Rue De La),43.323,5.44
202300038305,11,12,2023,2025-12-05 12:20:00,1,93,93051,2,6,1,3,Boulevard Du Mont D'Est / Route De Villiers,48.8433972,2.54818732
202300038306,3,9,2023,2025-12-05 21:00:00,3,86,86180,1,1,1,7,Lieu Dit Availles,46.4959,0.437216
202300038307,8,4,2023,2025-12-05 21:30:00,5,13,13002,2,1,1,2,General Leclerc (Avenue Du),43.34523,5.48706
202300038308,28,8,2023,2025-12-05 12:15:00,1,34,34332,1,1,1,2,Route Departementale 612,43.312064,3.39529
202300038309,10,12,2023,2025-12-05 16:45:00,3,93,93046,1,1,2,1,Route Strategique,48.92150284,2.55914927
202300038310,9,4,2023,2025-12-05 17:30:00,1,13,13005,2,1,1,3,Charrel (Zac Du),43.287,5.54659
202300038311,10,12,2023,2025-12-05 20:20:00,5,92,92036,2,3,2,1,Henri Vuillemin (Rue),48.91936043,2.312745
202300038312,3,9,2023,2025-12-05 14:45:00,1,68,68055,1,1,7,1,Pk21 + 5,47.710209,7.356259
202300038313,9,4,2023,2025-12-05 13:03:00,1,10,10387,2,1,1,3,Lombards (Avenue),48.27776,4.06769
202300038314,11,12,2023,2025-12-05 16:45:00,2,92,92026,2,1,1,6,Colombes,48.90439266,2.25593716
202300038315,9,4,2023,2025-12-05 07:50:00,1,7,7316,1,1,1,6,Pont Des Lones,44.91489,4.86314
202300038316,9,4,2023,2025-12-05 17:25:00,1,75,75116,2,1,1,2,Porte D Auteuil,48.842328,2.254192
202300038317,10,12,2023,2025-12-05 23:20:00,5,92,92025,2,8,1,3,Charles De Gaulle (Bd),48.91459182,2.22899258
202300038318,3,9,2023,2025-12-05 21:45:00,3,29,29146,1,1,1,4,D70,47.9466261,-3.8487802
202300038319,11,12,2023,2025-12-05 18:20:00,5,92,92007,2,1,1,3,Vaillant-Couturier (Avenu Paul),48.79253215,2.31556356
202300038320,7,4,2023,2025-12-05 21:45:00,5,75,75119,2,1,1,4,Porte Des Lilas,48.882809,2.400819
202300038321,11,12,2023,2025-12-05 13:10:00,1,92,92004,2,1,1,3,Redoute ( Avenue De La  ),48.9289,2.27947
202300038322,2,9,2023,2025-12-05 16:30:00,1,29,29175,1,1,1,5,D36,48.22208063,-3.81779868
202300038323,11,12,2023,2025-12-05 16:00:00,1,92,92002,2,3,1,3,Aristide Briand (Avenue),48.76238504,2.30856255
202300038324,9,4,2023,2025-12-05 11:10:00,1,75,75119,2,1,1,3,Avenue De La Porte De La Villette,48.898951,2.386599
202300038325,2,9,2023,2025-12-05 18:28:00,1,29,29035,1,3,1,7,D26,48.50462946,-4.5460472
202300038326,11,12,2023,2025-12-05 17:00:00,2,60,60254,1,2,1,3,D26,49.452749,2.684913
202300038327,9,4,2023,2025-12-05 07:35:00,1,75,75119,2,4,1,1,Quai De La Marne,48.889652,2.38261
202300038328,25,11,2023,2025-12-05 23:15:00,4,86,86290,2,1,1,2,20 Rue Nationale,46.456642,0.367186
202300038329,2,9,2023,2025-12-05 22:30:00,4,29,29215,2,1,1,6,Rue D'Audierne,47.988417,-4.42917
202300038330,9,4,2023,2025-12-05 19:30:00,1,75,75118,2,2,1,3,Rue Eugene Sue,48.89126,2.347349
202300038331,9,12,2023,2025-12-05 20:50:00,3,30,30060,1,1,1,7,Chemin De Bellecoste,43.791303,4.393394
202300038332,3,9,2023,2025-12-05 08:40:00,2,31,31416,1,1,1,7,D37,43.336182,1.198068
202300038333,9,12,2023,2025-12-05 09:00:00,1,62,62080,2,1,3,6,Rue De Peronne,50.102693,2.849852
202300038334,9,4,2023,2025-12-05 16:35:00,1,75,75116,2,1,1,3,Rue Chardon Lagache,48.844041,2.265746
202300038335,11,12,2023,2025-12-05 15:37:00,1,56,56066,1,1,2,2,Prad Ar Wern,48.131275,-3.575948
202300038336,12,12,2023,2025-12-05 08:40:00,3,56,56140,1,1,2,6,Le Guernevin,47.96269,-2.826748
202300038337,9,4,2023,2025-12-05 01:25:00,5,75,75112,2,2,1,1,Avenue De Nogent,48.839003,2.460284
202300038338,3,9,2023,2025-12-05 18:20:00,1,31,31584,1,3,1,3,Chemin De Pellaussy,43.866001,1.446016
202300038339,11,12,2023,2025-12-05 16:00:00,1,2A,2A040,1,1,5,6,Route Territoriale 20,42.102545,9.103374
202300038340,9,4,2023,2025-12-05 14:05:00,1,94,94016,2,1,1,3,Avenue Carnot,48.79742,2.32974
202300038341,8,12,2023,2025-12-05 17:54:00,5,47,47203,1,1,5,1,D661,44.384043,0.81734
202300038342,10,12,2023,2025-12-05 13:20:00,1,39,39582,1,1,7,7,Adresse_Inconnue,46.740999,5.599253
202300038343,9,4,2023,2025-12-05 18:10:00,1,94,94041,2,2,1,2,Avenue Henri Barbusse,48.80961,2.37838
202300038344,4,9,2023,2025-12-05 17:35:00,1,38,38284,1,2,1,5,D518,45.410581,5.234535
202300038345,10,12,2023,2025-12-05 17:30:00,3,39,39574,1,1,2,3,Adresse_Inconnue,46.738162,5.478863
202300038346,9,4,2023,2025-12-05 18:00:00,1,94,94004,2,1,1,6,Rue Du 8 Mai 1945,48.75908,2.50302
202300038347,4,9,2023,2025-12-05 09:48:00,1,2,2067,2,1,1,7,35 Rue Du General De Gaulle,50.029937,3.716286
202300038348,12,12,2023,2025-12-05 08:00:00,5,35,35069,2,3,8,6,37 Rue Dorel,48.04668,-1.508608
202300038349,9,4,2023,2025-12-05 15:15:00,1,93,93051,2,3,1,3,Rue Du Centre / Boulevard Du Mont D'Est,48.83868,2.54318
202300038350,12,12,2023,2025-12-05 09:18:00,1,2,2506,1,1,2,6,D2,49.282917,3.174641
202300038351,21,8,2023,2025-12-05 10:55:00,1,84,84133,2,1,1,3,Rue Marcel Pagnol,43.719439,5.539148
202300038352,12,12,2023,2025-12-05 07:55:00,2,3,3279,1,1,8,7,D993,46.253922,2.517216
202300038353,8,4,2023,2025-12-05 22:50:00,5,93,93005,2,2,1,3,Rue De Toulouse / Rue Severine,48.92591295,2.48473728
202300038354,4,9,2023,2025-12-05 15:45:00,1,15,15185,1,1,7,6,D3,45.326625,2.601013
202300038355,12,12,2023,2025-12-05 20:30:00,3,15,15122,2,3,2,3,Rn 122,44.713074,2.199733
202300038356,9,4,2023,2025-12-05 14:07:00,1,75,75114,2,3,1,6,Gambetta (Rue),48.82359314,2.3083654
202300038357,3,9,2023,2025-12-05 19:16:00,2,15,15267,1,1,1,1,Rue Pierre Et Marie Curie,44.894731,2.391179
202300038358,10,12,2023,2025-12-05 19:20:00,3,85,85146,1,1,2,6,A83,46.962126,-1.357927
202300038359,9,4,2023,2025-12-05 17:30:00,1,92,92050,2,1,1,3,Clemenceau Georges Avenue Ndeg Pair,48.88626849,2.21189708
202300038360,11,12,2023,2025-12-05 15:25:00,1,72,72173,1,1,2,6,D305,47.69259,0.39864
202300038361,4,9,2023,2025-12-05 10:55:00,1,1,1274,2,3,1,2,Route De Geneve,46.142537,5.634621
202300038362,9,4,2023,2025-12-05 16:10:00,1,92,92025,2,1,1,2,Pont De Bezons,48.92046221,2.22076714
202300038363,6,12,2023,2025-12-05 19:00:00,3,64,64558,1,1,2,1,Route De St Pierre D'Irube,43.460769,-1.454937
202300038364,5,9,2023,2025-12-05 16:00:00,1,1,1057,1,2,7,6,Route De Pont De Vaux,46.401394,4.920298
202300038365,9,4,2023,2025-12-05 13:15:00,1,92,92002,2,1,1,7,Raymon Aron (Avenue),48.76438763,2.30923623
202300038366,9,4,2023,2025-12-05 17:57:00,1,71,71166,1,1,1,6,985,46.753564,4.035716
202300038367,11,12,2023,2025-12-05 18:45:00,3,73,73058,1,1,2,1,D921E,45.527522,5.731815
202300038368,4,9,2023,2025-12-05 17:00:00,1,72,72346,1,1,1,7,31 Route De Roeze,47.89057,0.04177
202300038369,11,12,2023,2025-12-05 19:00:00,5,10,10323,2,2,1,3,Avenue Du Val Thibault,48.519646,3.714921
202300038370,8,4,2023,2025-12-05 14:05:00,1,49,49381,2,1,1,3,Les Mazeries,47.020145,-0.704713
202300038371,4,9,2023,2025-12-05 23:00:00,3,14,14478,1,1,1,6,377 Route De Vimoutiers,49.01120722,0.40401348
202300038372,11,12,2023,2025-12-05 17:50:00,3,53,53147,2,1,2,6,Impasse De La Petite Croix,48.302384,-0.624627
202300038373,11,12,2023,2025-12-05 20:35:00,3,30,30346,1,1,1,7,137 Chemin Des Terraillers,43.967751,4.505918
202300038374,8,4,2023,2025-12-05 13:45:00,1,83,83033,1,1,1,1,Route Departementale 97,43.3003329,6.20060266
202300038375,12,12,2023,2025-12-05 06:09:00,3,24,24225,2,8,1,3,D936,44.842596,0.378642
202300038376,3,9,2023,2025-12-05 17:40:00,2,50,50463,2,2,7,5,Rd 13,48.940149,-1.329142
202300038377,10,4,2023,2025-12-05 06:50:00,2,41,41278,1,1,1,1,La Foucherie,47.657208,0.958879
202300038378,11,12,2023,2025-12-05 17:00:00,2,1,1031,1,1,3,5,"A404, Pk 014+200",46.237776,5.618294
202300038379,4,9,2023,2025-12-05 19:25:00,1,50,50118,1,1,1,6,Route De L?Hebarbe,48.845295,-1.303468
202300038380,11,12,2023,2025-12-05 04:55:00,3,95,95678,1,1,2,6,N184,49.0734442,2.24219799
202300038381,9,4,2023,2025-12-05 15:45:00,1,34,34217,2,9,1,3,808 Route De Mende,43.703215,3.866592
202300038382,9,4,2023,2025-12-05 13:30:00,1,57,57162,2,1,1,7,Rue Des Vignottes,49.04232,6.157472
202300038383,11,12,2023,2025-12-05 12:00:00,1,13,13038,2,1,1,2,Avenue Des Moulins,43.725026,4.709305
202300038384,2,9,2023,2025-12-05 16:45:00,1,83,83007,2,3,1,3,Rd22,43.620314,6.221341
202300038385,12,12,2023,2025-12-05 10:35:00,1,11,11262,1,3,1,3,Adresse_Inconnue,43.173922,3.028654
202300038386,7,4,2023,2025-12-05 16:16:00,1,56,56231,1,1,1,7,Adresse_Inconnue,47.683457,-2.648695
202300038387,2,9,2023,2025-12-05 21:30:00,3,60,60536,1,1,1,7,D123,49.310001,2.695255
202300038388,9,4,2023,2025-12-05 18:40:00,1,65,65025,1,1,1,1,Soum D'Ourout - Route D'Aubisque,42.999394,-0.108769
202300038389,11,12,2023,2025-12-05 18:10:00,3,34,34202,1,1,9,3,Departementale 5,43.575199,3.747067
202300038390,10,4,2023,2025-12-05 00:20:00,3,65,65261,1,1,1,7,2 Route D'Auch,43.238462,0.493648
202300038391,3,9,2023,2025-12-05 18:05:00,1,64,64320,1,2,1,4,D934,43.000661,-0.420361
202300038392,9,12,2023,2025-12-05 19:00:00,4,987,98747,1,1,3,1,Pk 1+800  - Rt4,-17.756,-148.736
202300038393,10,4,2023,2025-12-05 16:00:00,1,55,55035,1,1,1,1,D152,48.69488867,5.17035642
202300038394,10,12,2023,2025-12-05 08:00:00,1,988,98822,1,1,1,6,Galilee (Tribu),-20.92701,165.27838
202300038395,10,4,2023,2025-12-05 06:00:00,3,47,47289,1,1,1,6,D215,44.245718,0.806583
202300038396,8,4,2023,2025-12-05 23:15:00,5,68,68042,2,1,1,7,Rue Du 19 Novembre,47.604919,7.499481
202300038397,11,12,2023,2025-12-05 08:25:00,1,973,97305,1,3,1,3,Rn1 Croisement Cd5,5.004549,-52.462184
202300038398,4,9,2023,2025-12-05 07:45:00,1,73,73247,1,3,1,3,D1006,45.541375,6.136336
202300038399,8,12,2023,2025-12-05 15:54:00,1,971,97124,1,1,1,6,Route De Morin,16.005329,-61.699315
202300038400,7,4,2023,2025-12-05 12:45:00,1,39,39470,1,1,4,1,Adresse_Inconnue,46.502886,6.029847
202300038401,9,12,2023,2025-12-05 04:55:00,3,972,97224,1,1,9,1,N4,14.672749,-61.018807
202300038402,3,9,2023,2025-12-05 14:55:00,1,18,18028,2,6,1,1,2 Rue Du Stade,47.110984,2.290177
202300038403,8,4,2023,2025-12-05 10:45:00,1,25,25532,1,1,1,1,"Rd67, Pk 031.200",47.20087,6.106349
202300038404,9,4,2023,2025-12-05 03:32:00,3,29,29187,1,3,1,6,Pont Amis,48.561187,-4.128526
202300038405,12,12,2023,2025-12-05 07:20:00,3,45,45082,1,1,2,7,D2060 Pr 73 + 381,47.897751,2.20724
202300038406,3,9,2023,2025-12-05 14:00:00,1,18,18195,1,1,1,1,Adresse_Inconnue,46.853016,2.841961
202300038407,9,4,2023,2025-12-05 11:44:00,1,29,29076,2,2,1,3,Rue Du Leon,48.469251,-4.560871
202300038408,10,12,2023,2025-12-05 03:50:00,3,2A,2A247,1,1,1,1,D859,41.566567,9.249051
202300038409,3,9,2023,2025-12-05 08:18:00,1,10,10323,2,6,1,3,Pl Des Martyrs De La Liberation,48.519522,3.726339
202300038410,12,12,2023,2025-12-05 19:00:00,3,66,66026,1,1,1,7,Adresse_Inconnue,42.561812,2.890091
202300038411,9,4,2023,2025-12-05 18:30:00,1,31,31079,2,2,1,3,Rue Jean Jaures,43.780417,1.405472
202300038412,4,9,2023,2025-12-05 18:25:00,1,10,10165,1,1,1,1,D43,48.315853,4.306362
202300038413,9,4,2023,2025-12-05 18:00:00,1,26,26321,1,1,1,6,Rd 135,44.594012,5.27966
202300038414,3,9,2023,2025-12-05 18:30:00,1,36,36169,1,1,1,6,Adresse_Inconnue,46.768322,2.105384
202300038415,2,9,2023,2025-12-05 19:40:00,2,7,7213,1,1,1,1,607 Chemin De Lablachere,44.502739,4.144639
202300038416,11,12,2023,2025-12-05 17:45:00,3,54,54463,1,2,1,3,Carrefour Des Quatre Vents,48.795617,6.014752
202300038417,9,4,2023,2025-12-05 10:50:00,1,58,58303,2,1,1,6,Rue Des Grands Jardins,47.000909,3.134599
202300038418,2,9,2023,2025-12-05 04:15:00,5,7,7346,2,1,1,6,8 Faubourg Les Sautelles,44.485553,4.678116
202300038419,9,4,2023,2025-12-05 21:25:00,3,58,58046,1,1,1,1,Route De Decize,46.853529,3.636732
202300038420,10,12,2023,2025-12-05 20:30:00,3,54,54557,1,4,2,3,D400,48.69202095,6.04331195
202300038421,10,4,2023,2025-12-05 11:20:00,1,14,14371,1,1,1,3,2139 Avenue De Neuville,48.988244,0.161906
202300038422,8,12,2023,2025-12-05 20:50:00,3,42,42326,2,1,2,6,Chemin La Combe,45.368078,4.666293
202300038423,9,4,2023,2025-12-05 16:45:00,1,83,83082,1,1,1,2,"D955, Ndeg71",43.60560429,6.47990289
202300038424,10,12,2023,2025-12-05 18:15:00,3,26,26084,1,1,2,1,Route Du Peage,45.028702,4.991441
202300038425,1,9,2023,2025-12-05 17:30:00,1,53,53104,2,2,2,3,Rue De La Division Leclerc,47.8541,-0.6077
202300038426,12,12,2023,2025-12-05 11:05:00,1,65,65059,2,1,1,2,Rue Du Monne,43.073608,0.145813
202300038427,10,4,2023,2025-12-05 12:10:00,1,73,73105,1,1,1,6,D1006,45.468122,5.736204
202300038428,12,12,2023,2025-12-05 08:10:00,1,64,64067,2,3,1,3,Rue De La Poste,43.251247,-0.298294
202300038429,9,4,2023,2025-12-05 12:10:00,1,43,43037,1,1,1,6,Chemin Communal,44.88531,3.785284
202300038430,4,9,2023,2025-12-05 14:30:00,1,21,21393,1,2,1,2,D965,47.901049,4.618844
202300038431,12,12,2023,2025-12-05 01:40:00,4,56,56178,1,1,2,7,Avenue Du General Leclerc,48.081466,-2.94741
202300038432,9,4,2023,2025-12-05 18:25:00,1,7,7338,2,3,1,7,D2,44.894219,4.641731
202300038433,11,12,2023,2025-12-05 13:45:00,1,27,27331,1,2,1,3,Pk 5 D1,49.13284511,1.54788673
202300038434,10,4,2023,2025-12-05 17:30:00,1,53,53043,1,1,1,3,D32,48.145036,-0.531898
202300038435,3,9,2023,2025-12-05 12:40:00,1,21,21035,1,3,1,2,D996,47.050052,5.097785
202300038436,9,4,2023,2025-12-05 16:55:00,1,27,27558,1,4,1,3,Rd124,49.275895,0.740044
202300038437,10,12,2023,2025-12-05 21:45:00,3,62,62654,1,1,8,4,A16,50.90948893,1.78221345
202300038438,9,4,2023,2025-12-05 22:20:00,3,28,28327,1,1,1,6,D13.3,48.195427,0.815434
202300038439,4,9,2023,2025-12-05 15:55:00,1,40,40228,2,1,1,1,Avenue Jean Barbe,43.627615,-0.832429
202300038440,11,12,2023,2025-12-05 08:30:00,1,91,91136,1,1,1,2,Autoroute A10,48.71369,2.27794
202300038441,10,12,2023,2025-12-05 23:00:00,3,91,91471,1,1,1,6,Rn 118,48.69792,2.19208
202300038442,9,4,2023,2025-12-05 16:15:00,1,37,37245,2,2,1,6,17 Avenue Des Tilleuls 37360,47.49814046,0.57547867
202300038443,3,9,2023,2025-12-05 06:30:00,2,40,40046,2,1,1,7,316 Avenue De Laouadie,44.410231,-1.162817
202300038444,16,3,2023,2025-12-05 22:20:00,5,52,52550,2,2,1,6,Rue Du Mal De Lattre De Tassigny,48.497494,4.94293
202300038445,11,12,2023,2025-12-05 17:35:00,3,78,78362,1,1,1,4,A13,48.9783,1.7099
202300038446,9,4,2023,2025-12-05 20:00:00,1,8,8365,2,1,1,7,Rue Jean Jaures,49.840033,4.543307
202300038447,11,12,2023,2025-12-05 12:08:00,1,92,92050,1,1,1,3,A86,48.89347708,2.1888457
202300038448,4,9,2023,2025-12-05 19:46:00,1,4,4188,1,1,1,7,D13,43.898449,5.797251
202300038449,9,4,2023,2025-12-05 18:30:00,1,38,38339,1,1,1,1,Route D'Artas,45.581675,5.16101
202300038450,11,12,2023,2025-12-05 17:20:00,3,95,95018,1,1,1,4,A15,48.95969,2.27195
202300038451,4,9,2023,2025-12-05 18:40:00,1,85,85095,1,2,1,3,D76,46.857917,-1.761957
202300038452,11,12,2023,2025-12-05 10:10:00,1,95,95018,1,1,1,3,A15,48.95201228,2.27957378
202300038453,8,4,2023,2025-12-05 21:45:00,3,988,98815,1,1,1,7,Rm11,-21.49358,168.02186
202300038454,11,12,2023,2025-12-05 09:30:00,1,95,95018,1,1,1,6,A15,48.95627,2.27727
202300038455,4,9,2023,2025-12-05 21:40:00,3,85,85131,1,1,1,2,Rue Des Sables,46.462639,-1.210824
202300038456,11,12,2023,2025-12-05 04:05:00,3,95,95154,1,1,1,6,A1,49.05184373,2.54811147
202300038457,10,4,2023,2025-12-05 09:30:00,1,988,98809,2,2,1,6,Quartier De Kapoume,-22.667398,167.495778
202300038458,4,9,2023,2025-12-05 12:15:00,1,27,27467,2,1,1,3,Rue Des Deportes,49.354395,0.518262
202300038459,11,12,2023,2025-12-05 01:25:00,3,93,93039,1,1,1,6,Autoroute A86,48.92747504,2.33356513
202300038460,9,4,2023,2025-12-05 06:00:00,1,971,97129,1,1,1,1,Lieu Dit Viard,16.316803,-61.683989
202300038461,11,12,2023,2025-12-05 15:50:00,1,94,94042,1,1,1,6,A4,48.82728643,2.46925563
202300038462,10,4,2023,2025-12-05 05:30:00,3,37,37171,1,1,1,6,Cd 952,47.40446856,0.89502096
202300038463,11,12,2023,2025-12-05 09:15:00,1,94,94017,1,1,1,5,A4,48.82671118,2.52258828
202300038464,4,9,2023,2025-12-05 06:45:00,2,27,27524,2,2,1,1,Rue De L'Eglise,49.112949,0.931875
202300038465,7,7,2023,2025-12-05 03:30:00,3,28,28092,1,1,1,2,A10 - Pk 046.300 - Direction Paris,48.359215,1.877654
202300038466,10,4,2023,2025-12-05 15:25:00,1,34,34154,1,1,1,1,D189 Pr 6+722,43.606247,3.968012
202300038467,3,9,2023,2025-12-05 18:20:00,2,17,17257,1,1,1,7,D133,45.984334,-0.249225
202300038468,30,9,2023,2025-12-05 04:50:00,5,987,98735,2,3,1,7,Fare Ute,-17.5,-149.5
202300038469,9,4,2023,2025-12-05 09:45:00,2,8,8328,2,1,1,3,42 Rue Chanzy,49.816633,4.74354
202300038470,3,9,2023,2025-12-05 22:30:00,3,23,23047,1,1,1,7,D4,46.156724,1.558465
202300038471,10,12,2023,2025-12-05 10:44:00,1,976,97611,2,1,1,1,Passamanty-Vahibe ( Route ),-12.8025,45.21423
202300038472,4,9,2023,2025-12-05 16:20:00,1,30,30165,1,1,1,6,Adresse_Inconnue,44.092141,4.15096
202300038473,10,4,2023,2025-12-05 10:30:00,1,54,54430,2,3,1,6,187 Avenue Du General De Gaulle,48.7799597,6.13088762
202300038474,10,12,2023,2025-12-05 14:20:00,1,974,97411,2,2,2,3,Chatel (Jean),-20.88265,55.45136
202300038475,9,4,2023,2025-12-05 16:00:00,1,33,33369,1,1,1,6,Adresse_Inconnue,44.81111085,0.21842837
202300038476,11,12,2023,2025-12-05 03:25:00,3,974,97407,2,1,1,6,Route Du Sacre Coeur,-20.95319,55.30738
202300038477,3,9,2023,2025-12-05 19:32:00,2,88,88361,1,1,1,1,Pk 67 D420,48.337153,7.105343
202300038478,7,4,2023,2025-12-05 18:45:00,1,33,33402,2,1,1,6,Avenue De La Gare,44.83705,0.221529
202300038479,8,12,2023,2025-12-05 17:10:00,1,69,69388,2,1,1,6,Boulevard Des Etats-Unis,45.72967,4.8673
202300038480,4,9,2023,2025-12-05 16:00:00,1,88,88468,2,1,1,7,Rue De La Gare,47.875339,6.762412
202300038481,9,4,2023,2025-12-05 06:40:00,3,44,44204,2,1,1,7,244 Rue Des Etangs,47.275091,-1.446789
202300038482,9,12,2023,2025-12-05 18:00:00,1,69,69383,2,3,1,6,Rue Garibaldi,45.75838,4.85249
202300038483,5,9,2023,2025-12-05 06:18:00,2,88,88530,1,1,1,6,D3,48.05974,6.340678
202300038484,10,12,2023,2025-12-05 02:07:00,5,972,97213,1,1,1,2,Autoroute A1,14.61863,-61.02227