num_acc,jour,mois,an,hrmn,lum,dep,com,agg,int,atm,col,adr,lat,long
202300038485,10,4,2023,2025-12-05 14:30:00,1,2,2544,2,1,1,7,Rue Du Grand Loudier,49.936968,4.033562
202300038486,10,12,2023,2025-12-05 04:30:00,5,69,69386,2,1,1,6,Quai De Serbie,45.76897,4.84106
202300038487,3,9,2023,2025-12-05 19:00:00,4,973,97307,1,1,1,1,4240 Route De Stoupan,4.776346,-52.34057
202300038488,10,12,2023,2025-12-05 19:10:00,3,2B,2B033,2,1,1,7,Route Royale,42.68148,9.42321
202300038489,9,4,2023,2025-12-05 19:25:00,2,2,2472,1,1,1,3,Adresse_Inconnue,49.524707,3.797053
202300038490,10,12,2023,2025-12-05 07:10:00,3,91,91421,1,1,1,6,Nationale 6 (Ces Pompidou),48.6926,2.45003
202300038491,10,4,2023,2025-12-05 19:15:00,1,80,80032,1,1,2,6,D935,49.61543,2.620277
202300038492,10,12,2023,2025-12-05 11:20:00,1,91,91479,2,1,8,6,Av Marcel Ouvrier,48.709492,2.366017
202300038493,3,9,2023,2025-12-05 12:40:00,1,69,69244,2,1,1,3,243 Avenue Charles De Gaulle,45.752053,4.767721
202300038494,9,12,2023,2025-12-05 11:58:00,1,84,84087,2,4,2,3,Moulin (Rue Jean),44.14524,4.81085
202300038495,4,4,2023,2025-12-05 14:45:00,1,13,13216,1,1,8,2,A55-Sens Martigues Vers Marseille,43.34528,5.34615
202300038496,8,4,2023,2025-12-05 17:55:00,1,83,83090,1,1,1,3,A50,43.125843,5.880034
202300038497,10,12,2023,2025-12-05 15:02:00,1,84,84035,2,2,1,3,Stalingrad (Avenue De),43.83247,5.03727
202300038498,3,9,2023,2025-12-05 17:40:00,1,89,89037,1,1,1,2,D943,47.973034,3.355207
202300038499,9,12,2023,2025-12-05 17:00:00,2,83,83061,1,1,8,1,Rn7,43.52175406,6.89247555
202300038500,4,4,2023,2025-12-05 19:00:00,1,69,69259,1,1,1,5,Route Departementale 383,45.71757,4.86163
202300038501,4,9,2023,2025-12-05 13:30:00,1,69,69157,1,1,1,6,Route Nationale 7,45.87204219,4.49635939
202300038502,10,12,2023,2025-12-05 05:40:00,3,76,76545,1,1,2,6,Rd 154E,49.90738,1.10288
202300038503,10,12,2023,2025-12-05 08:30:00,1,69,69290,2,6,7,6,16 Rue Claude Farrere,45.68789,4.95223
202300038504,9,4,2023,2025-12-05 13:55:00,1,91,91161,1,1,1,5,Autoroute A6,48.72141,2.31138
202300038505,2,9,2023,2025-12-05 07:20:00,1,11,11144,1,9,1,2,Pk 223.100,42.900635,2.992964
202300038506,10,12,2023,2025-12-05 14:45:00,1,67,67482,2,3,1,3,Dettwiller (Rue De),48.59539545,7.72610307
202300038507,10,12,2023,2025-12-05 14:20:00,1,67,67482,2,1,1,1,Rotonde (Rue De La),48.59456051,7.72590458
202300038508,4,9,2023,2025-12-05 11:57:00,1,83,83116,1,1,1,6,Autoroute A8 Pk 59.260 Nord,43.445089,5.899183
202300038509,9,4,2023,2025-12-05 15:15:00,1,94,94034,1,1,1,4,A86,48.76020129,2.32061692
202300038510,10,12,2023,2025-12-05 09:40:00,1,67,67482,2,3,1,3,Federation (Route De La),48.56417,7.74103
202300038511,9,4,2023,2025-12-05 14:50:00,1,94,94038,1,1,1,2,A6B,48.77530463,2.3457025
202300038512,10,12,2023,2025-12-05 06:40:00,3,63,63224,1,1,1,6,Rd 2009,45.86110756,3.118498
202300038513,3,9,2023,2025-12-05 02:00:00,3,83,83089,1,1,1,2,A8 Pk 051.700,43.472309,5.817132
202300038514,10,12,2023,2025-12-05 18:00:00,5,60,60057,2,1,2,3,Rue D'Amiens,49.44056,2.08932
202300038515,10,12,2023,2025-12-05 14:15:00,1,46,46042,1,1,2,7,Departementale 911,44.4579,1.48939
202300038516,2,9,2023,2025-12-05 02:10:00,3,84,84081,1,1,1,5,Autoroute A7 Pk 192,43.939687,4.911747
202300038517,9,4,2023,2025-12-05 12:50:00,1,91,91161,1,1,1,4,Autoroute A6,48.69892,2.31295
202300038518,18,6,2023,2025-12-05 15:00:00,1,987,98725,2,1,1,6,Pk 12 Ahonu,-17.50623,-149.474552
202300038519,10,12,2023,2025-12-05 17:40:00,3,46,46042,1,1,2,4,Departementale 811 (Entre Cahors Et Merc,44.47807,1.42238
202300038520,10,12,2023,2025-12-05 07:45:00,5,45,45234,2,1,1,6,194 Rue Du Faubourg Saint-Vincent,47.913898,1.91622
202300038521,3,9,2023,2025-12-05 12:45:00,1,973,97306,1,1,1,1,Rn1 Pk 198,5.43937323,-53.58787966
202300038522,24,10,2023,2025-12-05 08:20:00,1,42,42305,2,1,2,6,Rue Victor Hugo,45.48011,4.43183
202300038523,2,9,2023,2025-12-05 20:00:00,3,973,97304,1,2,1,2,Route Nationale 1 Sud,5.15498,-52.68778
202300038524,10,12,2023,2025-12-05 15:00:00,1,38,38421,2,3,1,3,Avenue Ambroise Croizat,45.18506,5.75007
202300038525,3,9,2023,2025-12-05 21:00:00,5,971,97119,1,1,1,3,Roujol,16.358974,-61.455824
202300038526,10,12,2023,2025-12-05 14:35:00,1,38,38185,2,1,1,6,Rue Alfred De Vigny,45.16899,5.7261
202300038527,3,9,2023,2025-12-05 14:05:00,1,971,97118,1,9,1,6,Colin,16.202303,-61.605645
202300038528,10,12,2023,2025-12-05 01:45:00,5,37,37122,2,1,2,6,Verdun (Rue De),47.34773,0.66523
202300038529,3,9,2023,2025-12-05 11:00:00,1,971,97115,1,1,1,3,Rn 2Brefort,16.263475,-61.642469
202300038530,10,12,2023,2025-12-05 20:30:00,3,35,35051,1,1,1,6,Rn157,48.11549,-1.57265
202300038531,10,12,2023,2025-12-05 00:18:00,5,34,34172,2,1,1,7,Bergamotes (Avenue Des),43.58311,3.85678
202300038532,3,9,2023,2025-12-05 19:30:00,3,971,97114,1,1,1,5,La Rose,16.154986,-61.585343
202300038533,4,9,2023,2025-12-05 22:25:00,5,45,45155,2,1,1,6,D44 Pr 1 + 253,47.721044,2.637774
202300038534,10,12,2023,2025-12-05 22:48:00,5,33,33281,2,1,2,1,Ave Francois Mitterrand,44.82428,-0.63305
202300038535,3,9,2023,2025-12-05 02:00:00,5,45,45049,2,6,1,6,D948 Pr 24 + 500,47.85122132,2.37983027
202300038536,9,12,2023,2025-12-05 15:50:00,1,33,33039,2,1,3,7,Boulevard Jean-Jacques Bosc,44.81342082,-0.55531114
202300038537,5,9,2023,2025-12-05 08:25:00,1,77,77380,1,2,1,3,D38,49.070807,2.918978
202300038538,10,12,2023,2025-12-05 18:00:00,3,29,29051,2,6,2,2,Rond-Point Du Rouillen,47.99399,-4.06697
202300038539,4,9,2023,2025-12-05 14:50:00,1,77,77244,1,1,1,7,D16,48.269069,2.607236
202300038540,9,12,2023,2025-12-05 10:04:00,1,29,29039,2,9,3,6,Rue De Quimper,47.88831,-3.91834
202300038541,3,9,2023,2025-12-05 11:50:00,1,91,91461,1,6,1,3,D116,48.591586,2.207603
202300038542,9,12,2023,2025-12-05 14:10:00,1,25,25031,2,1,2,3,Foch (Avenue Du Marechal Ferdinand),47.48864,6.82468
202300038543,4,9,2023,2025-12-05 14:15:00,1,91,91661,2,1,1,3,Avenue De La Plesse,48.702631,2.253635
202300038544,3,9,2023,2025-12-05 17:55:00,1,78,78089,2,3,1,6,Rue Marcel Semba - Rue Eugene Couturier,49.036978,1.5784
202300038545,9,12,2023,2025-12-05 18:00:00,5,22,22278,2,4,1,3,Paris (De),48.50203,-2.73715
202300038546,9,12,2023,2025-12-05 22:25:00,4,22,22113,2,1,1,7,Kermaria Sulard (Route De),48.74285,-3.42729
202300038547,2,9,2023,2025-12-05 00:00:00,3,78,78068,1,1,1,6,A13 Sens Province Paris Pk 66,49.036004,1.460313
202300038548,10,12,2023,2025-12-05 02:26:00,5,18,18033,2,1,1,6,Boulevard De Juranville,47.081355,2.389378
202300038549,5,9,2023,2025-12-05 11:15:00,1,2B,2B248,1,1,1,4,Rt20,42.424146,9.199709
202300038550,10,12,2023,2025-12-05 15:39:00,1,13,13203,2,1,1,3,Battala (Boulevard),43.31782,5.37876
202300038551,3,9,2023,2025-12-05 18:30:00,1,83,83107,1,1,1,6,Route De Marchandise,43.489634,6.639261
202300038552,10,12,2023,2025-12-05 15:20:00,1,13,13215,2,1,1,1,De Saint Louis Au Rove (Chemin),43.34827,5.35773
202300038553,3,9,2023,2025-12-05 16:00:00,1,83,83080,1,1,1,7,Rd563,43.68097,6.695223
202300038554,10,12,2023,2025-12-05 10:40:00,1,13,13203,2,1,1,1,Francois Simon (Rue),43.31262,5.3919
202300038555,5,9,2023,2025-12-05 10:00:00,1,13,13035,2,6,1,3,D17,43.689105,5.020897
202300038556,9,12,2023,2025-12-05 10:45:00,1,13,13075,2,1,1,6,Paul Sirvent (Ave),43.3449,5.46157
202300038557,10,12,2023,2025-12-05 15:00:00,1,13,13028,2,1,1,2,Beau Rivage (Boulevard),43.18691,5.62267
202300038558,3,9,2023,2025-12-05 00:15:00,3,25,25043,1,3,1,3,Route Departementale 663,47.481263,6.764832
202300038559,9,12,2023,2025-12-05 16:45:00,1,7,7281,1,1,8,6,C.D.533,44.92958,4.80061
202300038560,4,12,2023,2025-12-05 09:40:00,1,2,2168,2,9,2,6,Jules Lefebvre (Avenue),49.04431,3.40222
202300038561,4,9,2023,2025-12-05 14:50:00,1,71,71557,1,2,7,2,Route De Digoin,46.456519,4.013722
202300038562,9,12,2023,2025-12-05 14:15:00,1,75,75117,2,1,2,6,Bd Peripherique Interieur,48.891371,2.300476
202300038563,3,9,2023,2025-12-05 10:00:00,1,71,71339,1,1,1,3,D168,46.374107,4.38037
202300038564,8,12,2023,2025-12-05 02:10:00,5,75,75115,2,5,8,6,Boulevard Pasteur,48.840355,2.314891
202300038565,5,9,2023,2025-12-05 07:32:00,1,10,10006,2,2,1,3,Rue Des Murs,48.534109,4.142849
202300038566,10,12,2023,2025-12-05 11:13:00,1,75,75105,2,3,1,3,Boulevard Saint Michel,48.842496,2.33821
202300038567,10,12,2023,2025-12-05 02:50:00,5,75,75106,2,5,1,3,Quai Des Grands Augustins,48.853751,2.344301
202300038568,3,9,2023,2025-12-05 21:45:00,5,88,88086,2,3,1,3,Rue Du Coq De Bruyeres,48.197283,6.731771
202300038569,10,12,2023,2025-12-05 05:05:00,5,75,75118,2,2,1,3,Rue Leon,48.890885,2.353221
202300038570,3,9,2023,2025-12-05 17:00:00,1,54,54057,1,3,1,3,D958,48.85428924,5.79375923
202300038571,10,12,2023,2025-12-05 20:00:00,5,75,75115,2,3,1,3,Rue Louis Armand,48.832763,2.278722
202300038572,2,9,2023,2025-12-05 16:22:00,1,57,57274,1,1,1,6,D72,49.190655,6.614563
202300038573,10,12,2023,2025-12-05 18:00:00,5,75,75112,2,1,2,6,Rue Joseph Kessel,48.8344,2.383761
202300038574,5,9,2023,2025-12-05 11:35:00,1,1,1249,2,3,1,1,Rue De La Boquette,45.820392,4.944553
202300038575,10,12,2023,2025-12-05 05:40:00,5,75,75112,2,1,1,6,Quai De La Rapee,48.8451,2.36724
202300038576,5,9,2023,2025-12-05 11:53:00,1,69,69160,1,9,1,3,3312 Route De Beaujeu,46.163028,4.475791
202300038577,10,12,2023,2025-12-05 17:07:00,5,75,75112,2,4,2,6,Avenue De Gravelle,48.818678,2.446058
202300038578,3,9,2023,2025-12-05 15:30:00,1,69,69140,1,2,1,3,Route De Marcy,45.90219,4.676523
202300038579,10,12,2023,2025-12-05 13:15:00,1,75,75109,2,7,2,3,Boulevard Haussmann,48.873223,2.331137
202300038580,31,8,2023,2025-12-05 19:45:00,1,69,69207,2,1,1,3,Avenue Jacques Brel,45.886939,4.808144
202300038581,10,12,2023,2025-12-05 20:00:00,5,75,75108,2,2,2,6,Avenue Montaigne,48.868554,2.309294
202300038582,10,12,2023,2025-12-05 14:20:00,1,75,75107,2,1,2,7,Boulevard De La Tour Maubourg,48.854534,2.309606
202300038583,3,9,2023,2025-12-05 20:15:00,2,17,17102,1,1,1,7,Avenue De Saintonge,45.691268,-0.671834
202300038584,10,12,2023,2025-12-05 18:04:00,5,75,75103,2,2,3,6,Rue De Turbigo,48.864426,2.351526
202300038585,3,9,2023,2025-12-05 15:15:00,1,17,17064,1,1,1,1,Rd14,45.710345,-1.064816
202300038586,2,9,2023,2025-12-05 21:00:00,1,85,85019,1,1,1,6,Rd 6,46.7958,-1.410142
202300038587,10,12,2023,2025-12-05 10:55:00,1,75,75104,2,3,1,3,Quai Des Celestins,48.852355,2.360508
202300038588,1,9,2023,2025-12-05 19:40:00,1,85,85019,1,1,2,1,Rd 6,46.797321,-1.4013765
202300038589,9,12,2023,2025-12-05 10:30:00,1,94,94058,2,1,2,6,Avenue Pierre Brossolette,48.834336,2.513948
202300038590,3,9,2023,2025-12-05 17:15:00,1,44,44052,1,1,1,5,8 Les Grandes Landes,47.347601,-2.099558
202300038591,10,12,2023,2025-12-05 17:19:00,5,94,94019,2,1,3,6,Rue Aristide Briand,48.79465,2.53341
202300038592,1,9,2023,2025-12-05 23:35:00,5,56,56152,2,3,1,3,Quai Gambetta,47.347398,-3.159889
202300038593,5,9,2023,2025-12-05 12:20:00,1,60,60239,2,1,1,6,447 Grande Rue,49.243813,1.969565
202300038594,10,12,2023,2025-12-05 05:30:00,5,93,93066,2,9,2,3,Boulevard Anatole France,48.922523,2.347295
202300038595,3,9,2023,2025-12-05 18:00:00,1,60,60088,1,1,1,6,Rue De Bornel,49.20722052,2.22656929
202300038596,4,9,2023,2025-12-05 14:20:00,1,62,62014,2,3,1,3,D194,50.640433,2.406568
202300038597,9,12,2023,2025-12-05 22:00:00,5,93,93046,2,3,1,6,Avenue Aristide Briand / Rue Henri Dunant,48.91535,2.52915
202300038598,5,9,2023,2025-12-05 07:55:00,1,59,59036,2,1,1,6,49 Avenue Du Pont Rouge,50.123398,3.925456
202300038599,10,12,2023,2025-12-05 13:55:00,1,93,93079,2,3,2,3,Avenue Jean Jaures /  Rue Edouard Vaillant,48.96419,2.34734
202300038600,2,9,2023,2025-12-05 15:50:00,1,59,59505,2,4,1,3,1 Place Du Parquiau,50.365955,3.647139
202300038601,10,12,2023,2025-12-05 11:50:00,1,92,92062,2,1,1,3,General De Gaulle (Av) Du 44 Au 106,48.88807343,2.23421931
202300038602,3,9,2023,2025-12-05 15:00:00,1,33,33249,1,1,1,2,Autoroute A 10,44.88809,-0.50534
202300038603,2,9,2023,2025-12-05 21:50:00,5,33,33550,1,1,2,6,Rocade A 630,44.78294178,-0.54284424
202300038604,10,12,2023,2025-12-05 00:32:00,5,92,92026,2,9,1,3,Marechal Joffre (Quai Du),48.90043237,2.27471709
202300038605,4,9,2023,2025-12-05 18:14:00,1,91,91136,1,1,1,2,Rd188 Province / A10 Paris,48.71589,2.2667
202300038606,9,12,2023,2025-12-05 09:50:00,1,73,73085,2,6,1,6,D991 - 270 Route D'Aix,45.819338,5.848042
202300038607,4,9,2023,2025-12-05 10:30:00,1,91,91521,1,1,1,4,Rn 104,48.62847,2.41281
202300038608,9,12,2023,2025-12-05 17:25:00,1,33,33169,1,3,2,3,D12,44.571714,-0.043012
202300038609,4,9,2023,2025-12-05 09:31:00,1,94,94037,1,1,1,2,A6A,48.81567897,2.33682579
202300038610,4,9,2023,2025-12-05 07:10:00,1,94,94021,1,1,1,3,A6A,48.77124963,2.34563824
202300038611,10,12,2023,2025-12-05 20:29:00,3,6,6044,2,1,1,6,925 Route Du Pont De Pierre,43.682651,7.089888
202300038612,4,9,2023,2025-12-05 05:00:00,3,94,94018,1,1,1,2,A4,48.81739194,2.41475247
202300038613,11,12,2023,2025-12-05 18:15:00,3,36,36013,1,4,2,3,Adresse_Inconnue,47.07070398,1.59245834
202300038614,2,9,2023,2025-12-05 00:25:00,3,77,77438,1,1,1,7,A104,48.85463125,2.6634471
202300038615,9,12,2023,2025-12-05 20:30:00,3,57,57011,1,1,2,6,Route Departementale 39,48.92227,6.881256
202300038616,24,2,2023,2025-12-05 20:00:00,5,93,93050,2,2,1,2,Avenue Jean Jaures,48.86092646,2.540683
202300038617,10,12,2023,2025-12-05 13:45:00,1,974,97412,1,1,1,6,223 Rue Claude Marion,-21.341263,55.675916
202300038618,2,9,2023,2025-12-05 14:30:00,1,974,97416,1,1,1,6,Salette (Chemin De La),-21.30434,55.49356
202300038619,11,12,2023,2025-12-05 18:00:00,5,86,86070,2,1,2,6,Avenue Aristide Briand,46.569249,0.639608
202300038620,31,8,2023,2025-12-05 20:15:00,1,60,60414,1,1,2,3,Rd 201_Sortie Rd 200,49.25617016,2.45102638
202300038621,9,12,2023,2025-12-05 06:15:00,3,29,29245,1,1,2,7,Zae Penhoat,48.46857876,-4.33518257
202300038622,20,1,2023,2025-12-05 15:25:00,1,14,14453,1,1,1,2,Route D'Etreham,49.304556,-0.799062
202300038623,10,12,2023,2025-12-05 10:55:00,1,38,38105,1,1,2,3,Route De Bonpertuis,45.406273,5.55464
202300038624,3,9,2023,2025-12-05 16:35:00,1,976,97611,2,1,1,6,Vahibe-Departementale 3 ( Route ),-12.78612,45.17435
202300038625,11,12,2023,2025-12-05 07:25:00,2,30,30338,1,1,1,1,D6,44.131541,4.373192
202300038626,10,12,2023,2025-12-05 06:05:00,3,22,22180,1,1,1,6,D19,48.444049,-2.228272
202300038627,2,9,2023,2025-12-05 15:45:00,1,974,97416,1,1,1,4,Rn1 (Route Nationale),-21.31584,55.44176
202300038628,8,12,2023,2025-12-05 11:00:00,1,22,22240,1,1,7,7,Rue De Saint Meen Le Grand D19,48.248455,-2.230611
202300038629,3,9,2023,2025-12-05 10:20:00,1,973,97302,2,1,1,2,Montabo (Route De) 2,4.94224,-52.3049
202300038630,10,12,2023,2025-12-05 19:00:00,3,62,62825,1,1,2,2,D956,50.293647,3.047295
202300038631,2,9,2023,2025-12-05 23:10:00,5,973,97302,2,2,1,1,Mandela  (Boulevard),4.94005,-52.32672
202300038632,10,12,2023,2025-12-05 18:07:00,3,30,30047,2,2,1,1,Mas De Beaud,43.796244,4.442436
202300038633,2,9,2023,2025-12-05 19:22:00,5,971,97101,2,3,1,3,Chauvel,16.2395,-61.51984
202300038634,10,12,2023,2025-12-05 18:25:00,3,51,51655,1,1,3,1,D12,48.909611,4.086313
202300038635,1,9,2023,2025-12-05 09:35:00,1,971,97105,2,1,1,2,Gouverneur Du Lyon (Ave),16.00141686,-61.73705399
202300038636,3,9,2023,2025-12-05 16:35:00,1,95,95280,2,2,1,3,Victor Basch (Rue),49.03105388,2.47515857
202300038637,9,12,2023,2025-12-05 12:15:00,1,56,56185,1,1,3,4,Adresse_Inconnue,47.779556,-3.421565
202300038638,4,9,2023,2025-12-05 01:20:00,5,81,81163,2,2,1,3,Barbey (Edouard),43.4902846,2.375273
202300038639,3,9,2023,2025-12-05 19:30:00,1,74,74118,1,1,1,7,Saleve (Route Du),46.175,6.224
202300038640,7,12,2023,2025-12-05 18:55:00,3,80,80341,1,1,1,1,D121,49.921402,2.125919
202300038641,11,12,2023,2025-12-05 07:03:00,5,82,82013,2,7,8,6,12 Place Gambetta,43.883043,0.988775
202300038642,3,9,2023,2025-12-05 19:15:00,1,69,69199,2,3,1,1,Rue Marcel Sembat,45.71161,4.84443
202300038643,11,12,2023,2025-12-05 13:30:00,1,82,82190,2,2,8,3,09 Avenue Carnot,43.853055,1.237142
202300038644,3,9,2023,2025-12-05 19:10:00,1,64,64237,1,1,1,6,Chemin Des Pindats,43.22729,-0.3545
202300038645,10,12,2023,2025-12-05 19:25:00,3,82,82144,1,1,1,6,Route De Lafrancaise,44.168299,1.327082
202300038646,11,12,2023,2025-12-05 12:10:00,1,11,11359,1,1,1,6,Adresse_Inconnue,43.332998,1.751901
202300038647,2,9,2023,2025-12-05 01:30:00,3,63,63224,2,1,1,5,Rd 2009- Contournement Riom,45.87516,3.12115
202300038648,10,12,2023,2025-12-05 14:15:00,1,71,71380,1,1,1,6,Route De Bletterans,46.700274,5.37991
202300038649,2,9,2023,2025-12-05 17:40:00,1,63,63113,2,6,1,3,Bleriot (Avenue Louis),45.78825,3.13951
202300038650,8,12,2023,2025-12-05 17:30:00,5,61,61483,2,1,8,6,Voie Communale,48.55058,-0.424112
202300038651,3,9,2023,2025-12-05 05:35:00,4,62,62350,1,1,1,1,D943,50.513716,2.620506
202300038652,10,12,2023,2025-12-05 05:20:00,3,49,49002,1,1,1,1,D155,47.339206,0.038018
202300038653,11,12,2023,2025-12-05 12:42:00,1,46,46165,1,1,3,6,D807,44.800512,1.7697
202300038654,2,9,2023,2025-12-05 16:05:00,1,59,59512,2,2,1,5,Arts  (Rue Des),50.68752,3.16673
202300038655,11,12,2023,2025-12-05 19:15:00,3,68,68078,1,1,1,1,Route Departementale 83,48.047544,7.321948
202300038656,10,12,2023,2025-12-05 22:50:00,3,25,25356,1,1,3,7,D437A,47.244105,6.822767
202300038657,3,9,2023,2025-12-05 11:20:00,1,54,54339,1,2,1,3,Rue Sadi Carnot,48.70901464,6.18466437
202300038658,3,9,2023,2025-12-05 13:00:00,1,45,45004,2,1,1,6,D973 Pr 1 + 494,48.00087,2.76546
202300038659,10,12,2023,2025-12-05 05:30:00,2,25,25227,1,1,8,6,D50,47.138658,6.318132
202300038660,3,9,2023,2025-12-05 01:35:00,3,42,42223,1,1,1,6,M201,45.44282,4.34217
202300038661,10,12,2023,2025-12-05 17:50:00,3,29,29162,1,1,2,6,Penn Ar C'Hrann,48.23598996,-3.96542489
202300038662,4,9,2023,2025-12-05 00:20:00,5,38,38185,2,1,2,6,General Ferrie (Rue),45.17925,5.72379
202300038663,8,12,2023,2025-12-05 17:00:00,2,29,29081,1,1,8,6,Route De Berrien,48.3707309,-3.74737278
202300038664,10,12,2023,2025-12-05 16:05:00,1,3,3225,1,1,2,6,D943,46.525726,2.438182
202300038665,3,9,2023,2025-12-05 15:20:00,1,37,37261,2,1,1,6,Bauge (Rue Michel),47.38164,0.66981
202300038666,10,12,2023,2025-12-05 09:30:00,1,15,15235,1,1,9,6,D921,44.991512,3.021197
202300038667,3,9,2023,2025-12-05 18:10:00,1,35,35238,2,1,1,6,Saint-Melaine,48.11497,-1.67893
202300038668,3,9,2023,2025-12-05 07:30:00,2,33,33009,2,2,8,3,Plage (Bd De La) Du 196 Et +,44.66262,-1.17414
202300038669,10,12,2023,2025-12-05 18:00:00,3,1,1329,1,1,2,5,D1504,45.8286136,5.59536695
202300038670,3,9,2023,2025-12-05 13:05:00,1,28,28134,2,1,1,3,Leclerc (Avenue Du General),48.74294,1.38918
202300038671,7,12,2023,2025-12-05 12:00:00,1,5,5011,1,1,1,1,Carrefour Rd942 Cd11,44.550094,6.201879
202300038672,3,12,2023,2025-12-05 21:30:00,3,85,85172,1,1,2,7,D205,46.82426,-1.9263148
202300038673,3,9,2023,2025-12-05 11:48:00,1,27,27681,2,3,1,3,Andre (Rue Georges),49.07727,1.49228
202300038674,2,9,2023,2025-12-05 11:45:00,1,21,21054,2,6,1,3,Dijon (Route De),47.03951,4.84799
202300038675,9,12,2023,2025-12-05 18:30:00,3,37,37249,1,2,2,3,D959,47.507454,0.450718
202300038676,3,9,2023,2025-12-05 15:12:00,1,17,17333,2,3,1,3,Suzac (Avenue De),45.58457,-0.9855
202300038677,10,12,2023,2025-12-05 15:30:00,1,30,30062,1,1,1,7,Dfci C7,43.802509,4.156415
202300038678,3,9,2023,2025-12-05 05:00:00,5,13,13211,2,1,1,6,Cartonnerie (Boulevard De La ),43.29161268,5.46071662
202300038679,11,12,2023,2025-12-05 18:57:00,5,95,95394,2,9,1,3,Pontoise (Route De),49.06003228,2.16815293
202300038680,3,9,2023,2025-12-05 00:25:00,5,13,13210,2,1,1,1,Jean Moulin (Boulevard),43.28468874,5.39865788
202300038681,11,12,2023,2025-12-05 08:30:00,1,6,6088,1,1,1,3,"A8, Bretelle De Sortie 51 Pk 184+000 Sens Cannes-Nice",43.67363,7.199304
202300038682,2,9,2023,2025-12-05 08:55:00,1,13,13004,2,1,1,6,Av Des Alyscamps,43.67457,4.6322
202300038683,2,9,2023,2025-12-05 23:50:00,4,7,7070,2,1,1,6,Colonnel Rousset (Avenue Du),44.95902,4.84751
202300038684,11,12,2023,2025-12-05 18:25:00,3,2,2809,1,1,1,2,Adresse_Inconnue,49.152703,3.716179
202300038685,2,9,2023,2025-12-05 14:15:00,1,7,7281,1,1,1,6,C.D. 533 (Vers Le Puy),44.93526,4.82633
202300038686,8,12,2023,2025-12-05 07:15:00,2,38,38173,1,1,4,6,Puy Le Bas,45.047527,6.115319
202300038687,11,12,2023,2025-12-05 10:15:00,1,975,97502,2,2,5,1,Rue De Paris,46.782273,-56.171093
202300038688,2,9,2023,2025-12-05 20:10:00,2,6,6069,2,9,1,3,Mistral (Avenue Et Place Frederic),43.64909,6.91924
202300038689,10,12,2023,2025-12-05 16:30:00,1,988,98823,1,3,1,1,Goyeta (Tribu) - Rm 6/Rm 19,-21.09429,165.353615
202300038690,3,9,2023,2025-12-05 20:55:00,5,6,6004,1,6,1,2,Rd6098,43.6112,7.126652
202300038691,10,12,2023,2025-12-05 11:45:00,1,988,98817,1,1,1,1,Rp1 - Route De La Fontaine Du Mont-Dore,-22.259227,166.617703
202300038692,8,12,2023,2025-12-05 18:45:00,5,77,77448,1,1,2,1,D603,48.944267,3.114478
202300038693,2,9,2023,2025-12-05 21:50:00,5,5,5061,2,1,1,2,Marechal Foch ( Avenue Du ),44.56194129,6.08433956
202300038694,10,12,2023,2025-12-05 11:10:00,1,95,95348,1,1,8,1,Vicinal 4 (Chemin),49.06260528,1.91619158
202300038695,11,12,2023,2025-12-05 08:30:00,1,2A,2A041,1,3,1,3,D258,41.391427,9.19369
202300038696,2,9,2023,2025-12-05 09:35:00,1,1,1053,2,3,1,3,Juin (Avenue Marechal Cote Pair),46.19104,5.24194
202300038697,11,12,2023,2025-12-05 08:45:00,1,34,34009,1,1,1,7,D 125,43.463456,3.34391
202300038698,10,12,2023,2025-12-05 11:30:00,1,6,6092,1,1,1,5,Boulevard De La Vallee,43.765845,7.35753
202300038699,10,12,2023,2025-12-05 21:30:00,5,13,13027,2,2,8,3,Avenue De La Liberation,43.885727,4.861166
202300038700,12,1,2023,2025-12-05 12:38:00,1,18,18033,2,3,8,6,95 Rue Louis Loucheur,47.10013,2.40013
202300038701,14,1,2023,2025-12-05 19:00:00,5,13,13054,2,1,1,1,Jean Giono (Rue ),43.41713432,5.22579235
202300038702,10,12,2023,2025-12-05 00:25:00,3,73,73069,1,2,3,6,D925,45.534176,6.198059
202300038703,14,1,2023,2025-12-05 18:20:00,5,13,13202,2,1,1,2,Colbert(Rue),43.29942,5.37248
202300038704,14,1,2023,2025-12-05 04:45:00,5,13,13209,2,1,1,7,Marechal De Lattre (Avenue),43.24475,5.42668
202300038705,11,12,2023,2025-12-05 20:30:00,5,65,65059,2,1,1,3,9 Avenue Du General Leclerc,43.06853,0.146633
202300038706,14,1,2023,2025-12-05 15:45:00,1,13,13211,2,1,1,2,93 Boulevard De La Valbarelle,43.28751666,5.44781698
202300038707,14,1,2023,2025-12-05 14:00:00,1,13,13215,2,1,1,3,Saint Antoine A Saint Joseph (Chemin De),43.36043,5.36382
202300038708,27,11,2023,2025-12-05 14:14:00,1,86,86078,2,6,2,3,D148A,46.151007,0.295773
202300038709,13,1,2023,2025-12-05 12:10:00,1,13,13047,2,9,1,2,Radolfzell Avenue De,43.50032,4.97711
202300038710,14,1,2023,2025-12-05 21:30:00,5,11,11069,2,1,1,3,445 Parc Magellan,43.23652,2.36719
202300038711,10,12,2023,2025-12-05 07:30:00,3,29,29042,1,1,2,6,Ancienne Voie Romaine,48.24778946,-4.40951715
202300038712,14,1,2023,2025-12-05 18:39:00,5,10,10357,2,1,2,2,General De Gaulle (Rue Du),48.29754365,4.12341624