num_acc,jour,mois,an,hrmn,lum,dep,com,agg,int,atm,col,adr,lat,long
202300038713,8,12,2023,2025-12-05 15:10:00,1,13,13211,1,1,1,2,A50-Sens Aubagne Vers Marseille,43.2927,5.4776
202300038714,14,1,2023,2025-12-05 18:13:00,5,10,10387,2,2,2,1,Marguerite Flavien Buffard (Rue),48.30377905,4.06207144
202300038715,9,12,2023,2025-12-05 21:25:00,3,13,13071,1,1,2,2,A5502D-Sens Marseille Vers A55-Martigues,43.40363404,5.30639648
202300038716,14,1,2023,2025-12-05 04:23:00,5,9,9122,2,1,1,6,Lakanal (Avenue),42.956234,1.602633
202300038717,14,1,2023,2025-12-05 22:40:00,5,6,6088,2,2,1,3,Diables Bleus (Av. Des),43.70823,7.29062
202300038718,8,12,2023,2025-12-05 19:40:00,3,13,13210,1,1,2,2,A50-Sens Aubagne Vers Marseille,43.28442538,5.40526109
202300038719,14,1,2023,2025-12-05 23:30:00,5,6,6088,2,1,1,3,Anglais Plage (Du 114-263),43.68944,7.24221
202300038720,14,1,2023,2025-12-05 19:40:00,5,6,6029,2,3,1,1,Poesie (Avenue Pierre),43.55138,6.96213
202300038721,8,12,2023,2025-12-05 23:55:00,3,13,13117,1,1,1,2,A7-Sens Marseille Vers Lyon,43.44071,5.24898
202300038722,14,1,2023,2025-12-05 19:34:00,5,6,6004,2,1,1,3,Avenue Meissonnier,43.578981,7.122973
202300038723,10,12,2023,2025-12-05 10:00:00,1,33,33063,1,1,2,6,Rocade A 630,44.8857405,-0.56277573
202300038724,14,1,2023,2025-12-05 06:20:00,2,75,75118,2,4,1,6,Porte D Aubervilliers,48.90060751,2.36687779
202300038725,13,1,2023,2025-12-05 20:00:00,5,75,75116,2,1,1,2,Echangeur Muette,48.862819,2.264975
202300038726,13,1,2023,2025-12-05 09:20:00,1,75,75119,2,1,1,5,Porte De La Villette,48.899586,2.392595
202300038727,9,12,2023,2025-12-05 19:50:00,3,95,95678,1,1,8,2,N184,49.07119273,2.22280025
202300038728,14,1,2023,2025-12-05 14:23:00,1,75,75120,2,2,2,6,Rue De Belleville,48.875449,2.397954
202300038729,14,1,2023,2025-12-05 19:50:00,5,75,75117,2,1,2,6,Rue Biot,48.884704,2.325771
202300038730,14,1,2023,2025-12-05 18:30:00,5,75,75117,2,1,2,3,Rue Alphonse De Neuville,48.885842,2.302529
202300038731,14,1,2023,2025-12-05 02:45:00,5,75,75117,2,2,2,6,Boulevard De Douaumont,48.896659,2.309619
202300038732,14,1,2023,2025-12-05 10:40:00,1,75,75113,2,3,8,3,Boulevard Kellermann,48.820121,2.348039
202300038733,14,1,2023,2025-12-05 01:41:00,5,75,75113,2,1,2,3,Avenue D Italie,48.82657491,2.3571454
202300038734,13,1,2023,2025-12-05 22:40:00,5,75,75111,2,2,1,3,Avenue Philippe Auguste,48.850666,2.394498
202300038735,14,1,2023,2025-12-05 19:00:00,5,75,75110,2,2,2,3,Boulevard De Magenta,48.873764,2.358289
202300038736,14,1,2023,2025-12-05 14:02:00,1,75,75108,2,2,2,6,Rond Point Champs Elysees Marcel Dassaul,48.8690528,2.30987012
202300038737,14,1,2023,2025-12-05 15:08:00,1,94,94068,2,1,2,6,Bonneuil (Av De),48.79629,2.50661
202300038738,14,1,2023,2025-12-05 18:27:00,5,94,94043,2,2,2,6,Rue De Verdun-Lazare-Ponticelli,48.80827189,2.35714942
202300038739,14,1,2023,2025-12-05 17:00:00,5,94,94041,2,1,2,6,Rue Jean-Jacques Rousseau,48.81830495,2.39365749
202300038740,14,1,2023,2025-12-05 21:10:00,5,94,94077,2,2,2,3,Avenue Le Foll / Avenue De La Haute Seine,48.728309,2.43433
202300038741,6,10,2023,2025-12-05 19:00:00,2,2B,2B286,1,1,1,6,Route De Pinarello,42.483056,9.486018
202300038742,14,1,2023,2025-12-05 20:27:00,3,94,94041,2,2,2,6,Rue Robespierre / Rue Gaston Cornavin,48.81098943,2.38368425
202300038743,2,10,2023,2025-12-05 15:46:00,1,82,82094,1,1,1,6,D2,44.30606,1.093236
202300038744,14,1,2023,2025-12-05 06:15:00,5,94,94017,2,1,2,3,Avenue Marx Dormoy,48.81192,2.51714
202300038745,1,10,2023,2025-12-05 15:00:00,1,33,33424,1,1,1,6,Rd101,45.160147,-0.845947
202300038746,14,1,2023,2025-12-05 14:30:00,1,94,94071,2,2,2,4,Rue De Champigny / Rue De Paris,48.774416,2.510941
202300038747,6,10,2023,2025-12-05 13:30:00,1,33,33252,2,1,1,1,22 Route De Creon,44.80562,-0.393405
202300038748,6,10,2023,2025-12-05 16:30:00,1,81,81108,1,1,1,6,D15,44.051489,1.821475
202300038749,14,1,2023,2025-12-05 11:20:00,1,94,94075,1,3,2,6,Av Du Mal De Lattre De Tassigny / Route De La Grange,48.7342759,2.52037257
202300038750,14,1,2023,2025-12-05 19:10:00,4,93,93064,2,1,2,6,Parking Centre Commercial Rue Leon Blum,48.88290332,2.47973091
202300038751,6,10,2023,2025-12-05 05:30:00,5,55,55398,1,1,1,1,Rn4,48.684813,5.714757
202300038752,14,1,2023,2025-12-05 18:00:00,5,93,93014,2,2,2,6,Allee De Gagny / Chemin De La Tourelle,48.909417,2.550051
202300038753,5,10,2023,2025-12-05 16:45:00,1,12,12188,1,1,1,1,Rd 911 - Pk 041+400,44.27283,2.781011
202300038754,13,1,2023,2025-12-05 22:30:00,5,93,93008,2,1,8,6,Rue Pablo Picasso,48.90768,2.44897
202300038755,5,10,2023,2025-12-05 07:10:00,3,41,41044,2,1,1,2,Rue Du 11 Novembre 1918,47.260996,1.912769
202300038756,14,1,2023,2025-12-05 16:30:00,1,93,93007,2,2,2,3,Avenue Du Professeur Paul Langevin / Rue Emile Kahn,48.943646,2.459186
202300038757,5,10,2023,2025-12-05 17:52:00,1,68,68258,1,9,1,4,D430,47.828095,7.283324
202300038758,14,1,2023,2025-12-05 15:36:00,1,92,92073,2,1,2,3,Verdun (Rue De),48.874928,2.231049
202300038759,14,1,2023,2025-12-05 11:55:00,1,92,92050,2,5,2,6,Seine Boulevard De,48.8967,2.19589
202300038760,6,10,2023,2025-12-05 07:15:00,2,44,44154,1,5,1,3,Adresse_Inconnue,47.267309,-2.149785
202300038761,14,1,2023,2025-12-05 21:49:00,5,92,92049,2,1,3,6,Peri Rue Gabriel Ndeg2 A 36,48.81796,2.32256
202300038762,5,10,2023,2025-12-05 16:30:00,1,29,29163,1,1,1,7,Kergalein,48.49659,-3.852244
202300038763,13,1,2023,2025-12-05 22:50:00,5,92,92025,2,1,2,3,Henri Barbusse (Av),48.918524,2.252673
202300038764,6,10,2023,2025-12-05 10:50:00,1,31,31396,1,1,1,3,D622,43.365785,1.650728
202300038765,14,1,2023,2025-12-05 11:05:00,1,12,12096,2,1,1,6,Avenue D'Estaing,44.527464,2.75888
202300038766,5,10,2023,2025-12-05 13:50:00,1,31,31232,2,1,1,6,33 Allee Alsace Lorraine,43.771159,1.296427
202300038767,15,1,2023,2025-12-05 00:39:00,3,22,22020,1,1,2,2,Rn12,48.32388,-2.25594
202300038768,2,10,2023,2025-12-05 03:25:00,3,31,31341,1,1,1,1,D2,43.726189,1.324598
202300038769,15,1,2023,2025-12-05 14:20:00,1,68,68122,1,1,1,7,Route De Cernay,47.871781,7.215276
202300038770,15,1,2023,2025-12-05 00:15:00,3,30,30315,1,1,1,6,Adresse_Inconnue,43.946794,4.683233
202300038771,3,10,2023,2025-12-05 19:15:00,1,31,31490,2,6,1,3,Chemin De Ladoux,43.740325,1.373275
202300038772,14,1,2023,2025-12-05 05:55:00,3,57,57599,2,1,2,6,Rue Jeanne D'Arc,49.208156,6.47157
202300038773,14,1,2023,2025-12-05 15:30:00,1,56,56240,2,1,2,1,17 Rue Raymond Marcellin,47.523251,-2.771966
202300038774,6,10,2023,2025-12-05 09:40:00,2,38,38314,1,1,5,5,D525B,45.436526,6.042196
202300038775,15,1,2023,2025-12-05 16:08:00,1,77,77137,2,2,1,3,D204 / N4,48.697185,3.292288
202300038776,5,10,2023,2025-12-05 09:15:00,1,1,1305,1,1,7,2,D933A,46.447383,4.898553
202300038777,15,1,2023,2025-12-05 08:45:00,1,80,80318,2,1,1,6,2 Rue Gambetta,50.01651587,2.07779467
202300038778,1,10,2023,2025-12-05 10:45:00,1,66,66149,1,1,1,4,Rn116,42.62327,2.441207
202300038779,15,1,2023,2025-12-05 12:00:00,1,63,63415,1,3,2,3,Route De Sugeres /Imp Des Vergers,45.55330154,3.37171376
202300038780,5,10,2023,2025-12-05 17:45:00,1,66,66009,1,1,1,1,Adresse_Inconnue,42.432903,2.597119
202300038781,5,10,2023,2025-12-05 21:40:00,4,72,72078,1,9,1,7,D118,48.285763,0.163658
202300038782,14,1,2023,2025-12-05 17:05:00,1,12,12215,1,2,2,1,Zone D'Activites Du Vallon (Zone Commerciale),44.464722,2.41711
202300038783,6,10,2023,2025-12-05 14:45:00,1,50,50443,1,1,1,2,Les Vignes,48.506455,-1.47543
202300038784,13,1,2023,2025-12-05 11:30:00,1,12,12254,1,1,2,7,Rd 901,44.428643,2.520606
202300038785,6,10,2023,2025-12-05 14:00:00,1,64,64519,2,3,1,1,Chemin De Devezes,43.372644,-0.372097
202300038786,5,10,2023,2025-12-05 13:15:00,1,36,36088,1,1,1,6,116 Route De La Chatre,46.92814162,1.99194508
202300038787,15,1,2023,2025-12-05 17:00:00,2,42,42150,1,2,1,1,Route Du Pont De Fonte,45.715896,4.094902
202300038788,6,10,2023,2025-12-05 14:00:00,1,16,16216,1,1,1,6,Rn 141,45.685827,-0.078209
202300038789,13,1,2023,2025-12-05 13:39:00,1,86,86293,1,2,1,3,N10,46.457099,0.266986
202300038790,6,10,2023,2025-12-05 08:05:00,1,21,21212,2,3,1,3,D980 Route De Semur,47.619095,4.320481
202300038791,15,1,2023,2025-12-05 08:10:00,2,68,68138,1,1,2,7,D432,47.595825,7.241192
202300038792,6,10,2023,2025-12-05 07:15:00,3,21,21317,2,1,1,6,22 Route De Dijon,47.516697,5.109442
202300038793,15,1,2023,2025-12-05 11:45:00,1,29,29122,2,1,2,7,Poulouler,48.142108,-3.843627
202300038794,14,1,2023,2025-12-05 17:15:00,1,31,31231,1,1,1,6,D12,43.311439,1.459615
202300038795,1,10,2023,2025-12-05 14:45:00,1,85,85210,1,1,1,6,Rd 978,46.832724,-1.608022
202300038796,15,1,2023,2025-12-05 10:30:00,1,50,50550,1,1,4,6,Route De Lastelle,49.134094,-1.404496
202300038797,15,1,2023,2025-12-05 19:30:00,3,50,50101,1,2,2,3,La Rue,49.652738,-1.446912
202300038798,6,10,2023,2025-12-05 09:40:00,1,85,85133,2,3,7,3,Rue Du Col Magloire Normand,46.368793,-0.738702
202300038799,15,1,2023,2025-12-05 10:00:00,1,85,85284,1,6,7,1,Rd 205,46.820392,-1.940042
202300038800,15,1,2023,2025-12-05 09:20:00,1,85,85190,1,1,1,2,Rd753,46.95737,-1.464283
202300038801,5,10,2023,2025-12-05 17:45:00,1,85,85051,2,1,1,3,11 Rue Des Soupirs,46.684287,-1.050981
202300038802,14,1,2023,2025-12-05 17:30:00,3,27,27224,1,1,3,6,D133,49.139214,0.888712
202300038803,15,1,2023,2025-12-05 02:05:00,3,30,30235,1,1,1,6,Adresse_Inconnue,43.917487,4.531571
202300038804,5,10,2023,2025-12-05 19:50:00,2,85,85142,1,1,1,7,D47,46.754161,-1.290435
202300038805,14,1,2023,2025-12-05 17:45:00,2,30,30104,1,1,1,7,D8,43.96972,4.145277
202300038806,15,1,2023,2025-12-05 13:35:00,1,52,52050,2,3,1,3,D417,48.085497,5.287766
202300038807,6,10,2023,2025-12-05 12:45:00,1,27,27106,2,2,1,1,D138,49.12325,0.486864
202300038808,14,1,2023,2025-12-05 17:15:00,3,8,8185,1,1,3,1,D8051,49.986673,4.663798
202300038809,6,10,2023,2025-12-05 11:45:00,1,23,23259,1,2,1,3,Le Mas,46.27063205,2.35171795
202300038810,11,9,2023,2025-12-05 10:00:00,1,24,24194,2,1,1,3,Rue Des Poetes,44.836924,0.335534
202300038811,14,1,2023,2025-12-05 17:56:00,3,73,73151,1,1,1,5,A41,45.466507,6.014183
202300038812,4,10,2023,2025-12-05 15:30:00,1,13,13038,1,1,1,3,Route Departementale 17,43.708509,4.674296
202300038813,13,1,2023,2025-12-05 17:05:00,1,40,40210,1,1,1,2,A63 Pk091+300 N/S,44.075793,-1.005034
202300038814,4,10,2023,2025-12-05 15:40:00,1,17,17044,1,1,1,2,Autoroute A10 Pk 454.000 Sens Bordeaux/Paris,45.63201606,-0.61691152
202300038815,15,1,2023,2025-12-05 06:43:00,3,69,69112,1,1,1,4,Autoroute 89,45.83574966,4.68457249
202300038816,14,1,2023,2025-12-05 04:45:00,3,64,64335,1,1,1,7,A64 - Pk 095.300,43.35200897,-0.44311491
202300038817,21,9,2023,2025-12-05 15:30:00,1,17,17407,1,3,1,5,Route De Nantes Rd 137,46.211642,-1.025449
202300038818,14,1,2023,2025-12-05 20:10:00,3,13,13001,1,1,1,4,"Autoroute A8, Pk 012+000",43.532434,5.380211
202300038819,15,1,2023,2025-12-05 07:35:00,1,974,97415,1,1,1,1,Route Du Theatre,-21.04231,55.240524
202300038820,5,10,2023,2025-12-05 18:15:00,1,27,27107,1,1,1,5,A13,49.379628,0.614328
202300038821,14,1,2023,2025-12-05 18:45:00,3,77,77383,1,1,2,7,D62,48.537011,3.070679
202300038822,13,1,2023,2025-12-05 10:10:00,1,91,91115,2,1,1,7,45 Rue De La Liberation,48.593278,2.19165
202300038823,14,1,2023,2025-12-05 23:40:00,3,2B,2B148,1,1,1,7,D107,42.542198,9.515161
202300038824,14,1,2023,2025-12-05 04:50:00,3,83,83150,2,1,1,7,Chemin De Pelloniere,43.738906,5.792246
202300038825,6,10,2023,2025-12-05 17:15:00,1,13,13103,1,1,1,5,A54 - Pk 071.600 - Sens Ouest Est,43.626726,5.115219
202300038826,14,1,2023,2025-12-05 15:07:00,1,64,64139,1,1,1,7,7085 Route Des Pindats,43.17505754,-0.35699666
202300038827,5,10,2023,2025-12-05 20:50:00,3,13,13118,1,1,1,2,Autoroute A8 Pk 003.000,43.55343085,5.25456015
202300038828,14,1,2023,2025-12-05 14:25:00,1,59,59136,1,1,2,7,Avenue Simone Veil,50.089199,3.527566
202300038829,6,10,2023,2025-12-05 16:10:00,1,77,77104,1,1,1,3,N4,48.720131,2.843474
202300038830,13,1,2023,2025-12-05 07:07:00,3,13,13081,1,1,1,2,A7-Sens Lyon Vers Marseille,43.49058,5.24021
202300038831,14,1,2023,2025-12-05 16:20:00,1,95,95582,1,1,2,6,D170,48.96427076,2.26827495
202300038832,6,10,2023,2025-12-05 17:25:00,1,77,77128,2,9,1,3,Avenue Constant Coquelin,48.879051,2.865897
202300038833,6,10,2023,2025-12-05 12:30:00,1,78,78380,2,3,1,3,Route De Mantes,48.917666,1.851076
202300038834,13,1,2023,2025-12-05 16:17:00,1,76,76540,2,2,1,6,Rue D'Elbeuf,49.42586,1.08272
202300038835,13,1,2023,2025-12-05 13:45:00,1,974,97411,1,9,1,3,Montagne (Route De La),-20.88711,55.43735
202300038836,5,10,2023,2025-12-05 07:50:00,2,78,78668,1,2,1,3,1 Route Nationale,49.02483,1.521505
202300038837,5,10,2023,2025-12-05 18:00:00,1,2B,2B007,1,1,1,6,"Rd 84, Pr 36+050",42.28812,8.889441
202300038838,12,1,2023,2025-12-05 08:15:00,1,974,97411,2,3,2,3,Riviere Des Pluies (Route De La),-20.9004,55.49962
202300038839,6,10,2023,2025-12-05 11:10:00,1,66,66164,1,3,1,3,5 Avenue Jean Henri Bertin,42.798778,2.887147
202300038840,13,1,2023,2025-12-05 11:40:00,1,973,97302,2,3,1,3,Baduel (Route De),4.93629,-52.31402
202300038841,13,1,2023,2025-12-05 08:15:00,1,973,97302,1,7,1,7,Crique Fouillee (Rond Point),4.89655,-52.32889
202300038842,1,10,2023,2025-12-05 12:50:00,1,83,83055,1,1,1,1,Route De Mons,43.656059,6.685036
202300038843,11,1,2023,2025-12-05 08:45:00,1,973,97302,2,1,2,2,Galmot (Rond-Point),4.93126,-52.32984
202300038844,13,1,2023,2025-12-05 20:10:00,5,69,69266,2,1,2,6,Quai Charles De Gaulle,45.78591,4.86115
202300038845,5,10,2023,2025-12-05 18:40:00,1,71,71354,1,4,1,6,D34,46.410255,4.135529
202300038846,12,1,2023,2025-12-05 00:50:00,3,972,97209,2,4,1,1,Rd 41 (Rocade),14.61448,-61.07033
202300038847,13,1,2023,2025-12-05 01:50:00,5,69,69389,2,1,2,6,Quai Jayr,45.77521,4.80831
202300038848,6,10,2023,2025-12-05 17:35:00,1,42,42188,2,9,7,6,Rue Des Mensonges,45.614007,3.947691
202300038849,12,1,2023,2025-12-05 14:00:00,1,69,69385,2,1,1,7,21 Quai Fulchiron,45.7559074,4.82447505
202300038850,13,1,2023,2025-12-05 10:30:00,1,971,97101,2,9,1,2,De Marie Galante - Raizet (Rue),16.25505,-61.53329
202300038851,4,10,2023,2025-12-05 16:00:00,1,1,1386,1,6,1,3,D1075,45.885303,5.347209
202300038852,12,1,2023,2025-12-05 12:15:00,1,95,95210,2,2,2,3,D928,48.97267257,2.31003106
202300038853,6,10,2023,2025-12-05 15:45:00,1,69,69159,2,4,1,1,892 Route De Pouilly,45.96812024,4.66802506
202300038854,14,1,2023,2025-12-05 00:20:00,5,91,91114,2,2,2,7,Rue Des Bosquets,48.70135,2.49281
202300038855,6,10,2023,2025-12-05 05:30:00,3,46,46055,1,1,1,1,D840,44.58414053,2.07714558
202300038856,13,1,2023,2025-12-05 19:25:00,2,85,85191,1,1,2,7,Rd160,46.6894,-1.41381
202300038857,1,10,2023,2025-12-05 21:00:00,5,31,31433,2,1,1,1,D42,43.512728,1.38664
202300038858,13,1,2023,2025-12-05 07:10:00,4,83,83137,2,1,1,4,15Eme Corps (Ave Du),43.12821,5.90764
202300038859,5,10,2023,2025-12-05 19:00:00,2,33,33056,1,3,1,3,Avenue Du General De Gaulle,44.898991,-0.639846
202300038860,13,1,2023,2025-12-05 16:46:00,1,81,81257,2,1,1,6,Andrieu ( Rue Emile ),43.9452201,2.1991833
202300038861,5,9,2023,2025-12-05 15:25:00,1,49,49332,1,6,1,3,D752,47.09253017,-0.91692388
202300038862,6,10,2023,2025-12-05 08:35:00,2,2,2133,1,1,1,1,D60,49.628229,3.906927
202300038863,12,1,2023,2025-12-05 07:45:00,5,78,78498,2,2,6,6,Foch Av,48.92886,2.04899
202300038864,4,10,2023,2025-12-05 07:00:00,2,83,83090,1,9,1,3,A50,43.12599504,5.88150926
202300038865,4,10,2023,2025-12-05 18:50:00,1,33,33550,1,1,1,6,Rocade A 630,44.78111032,-0.58014303
202300038866,5,10,2023,2025-12-05 18:20:00,1,91,91549,1,1,1,3,Rn 104,48.62659,2.35033
202300038867,5,10,2023,2025-12-05 12:45:00,1,94,94076,1,1,1,2,A6B,48.7874735,2.34578361
202300038868,13,1,2023,2025-12-05 11:30:00,1,77,77243,2,1,1,6,Freycinet  (Rue   ),48.87629,2.67942
202300038869,4,10,2023,2025-12-05 07:15:00,1,94,94003,1,1,1,2,A6A,48.8128373,2.3365056
202300038870,12,1,2023,2025-12-05 21:05:00,5,76,76575,2,1,2,2,Rue Des Cateliers,49.38931145,1.07863855
202300038871,5,10,2023,2025-12-05 07:30:00,1,92,92047,1,1,1,2,A13,48.83328451,2.15990414
202300038872,13,1,2023,2025-12-05 07:40:00,2,76,76351,2,3,1,3,Aristide Briand,49.50046,0.13845
202300038873,4,10,2023,2025-12-05 18:00:00,1,78,78140,1,1,1,5,A13,48.96379,1.92628
202300038874,13,1,2023,2025-12-05 10:10:00,1,74,74012,2,2,2,6,Amoureux (Rue Des),46.19043,6.23438
202300038875,4,10,2023,2025-12-05 16:00:00,1,92,92036,1,1,1,3,A86,48.93510157,2.26605905
202300038876,12,1,2023,2025-12-05 19:46:00,5,74,74012,2,1,1,6,Etrembieres (Route D'),46.18612,6.23115
202300038877,4,10,2023,2025-12-05 09:20:00,1,78,78640,1,1,1,4,N118,48.782949,2.22321
202300038878,13,1,2023,2025-12-05 07:33:00,5,74,74010,2,3,2,6,Alouettes,45.91004,6.11623
202300038879,4,10,2023,2025-12-05 09:20:00,1,92,92072,1,9,1,3,N118,48.82338063,2.22201913
202300038880,13,1,2023,2025-12-05 22:05:00,5,72,72181,2,1,1,2,Courboulay Paul (Rue),48.00345,0.19153
202300038881,4,10,2023,2025-12-05 10:07:00,1,78,78133,1,1,1,5,A13,48.893277,2.00815
202300038882,13,1,2023,2025-12-05 23:22:00,5,72,72181,2,1,2,3,Rhin Et Danube (Av) Ndeg Pairs 2 A 192,48.0171,0.18555
202300038883,5,10,2023,2025-12-05 20:25:00,3,93,93010,1,1,1,5,Autoroute A3,48.90207598,2.47041227
202300038884,13,1,2023,2025-12-05 08:00:00,1,72,72181,2,9,1,3,Champion Henri (Rue) Ndeg Pairs,47.98161,0.21963
202300038885,5,10,2023,2025-12-05 14:40:00,1,93,93005,1,1,1,3,Autoroute A1,48.95699411,2.46113992
202300038886,12,1,2023,2025-12-05 20:20:00,5,72,72181,2,9,2,3,Jaures Jean (Av) Ndeg Imp 35 A 179,47.99133,0.20542
202300038887,5,10,2023,2025-12-05 15:10:00,1,95,95277,1,1,1,2,A1,48.97502005,2.4898839
202300038888,12,1,2023,2025-12-05 08:30:00,2,72,72181,2,1,1,2,Messiaen Olivier (Av) Pairs,48.01586,0.15184
202300038889,13,1,2023,2025-12-05 21:30:00,5,69,69266,2,1,1,1,11 Rue Eugene Pottier,45.78598945,4.89796311
202300038890,5,10,2023,2025-12-05 07:30:00,1,93,93078,1,1,1,5,Autoroute A104,48.96808,2.50926
202300038891,5,10,2023,2025-12-05 08:20:00,1,92,92036,1,1,1,2,Autoroute A86,48.93876737,2.30748313
202300038892,13,1,2023,2025-12-05 18:20:00,5,69,69029,2,3,1,1,Rue Du 35Eme Regiment D'Aviation,45.73462672,4.93154436
202300038893,4,10,2023,2025-12-05 07:20:00,2,93,93066,1,1,1,2,Autoroute A86,48.92188,2.36001
202300038894,13,1,2023,2025-12-05 16:50:00,2,69,69029,2,8,2,3,Avenue Pierre Mendes France,45.72469,4.91515
202300038895,5,10,2023,2025-12-05 09:00:00,1,94,94015,1,1,1,2,A4,48.83297415,2.53364925
202300038896,5,10,2023,2025-12-05 09:00:00,1,94,94079,1,1,1,2,A4,48.83281718,2.53379035
202300038897,13,1,2023,2025-12-05 07:25:00,2,67,67482,2,3,1,1,Peage (Rue Du),48.57742,7.7855
202300038898,5,10,2023,2025-12-05 06:30:00,5,93,93051,1,1,1,3,A4,48.83636,2.5513
202300038899,12,1,2023,2025-12-05 10:35:00,1,67,67482,2,1,6,2,Vauban (Pont),48.56995,7.78335
202300038900,4,10,2023,2025-12-05 23:20:00,3,94,94069,1,1,1,2,A4,48.81720461,2.42851783
202300038901,13,1,2023,2025-12-05 08:41:00,1,64,64445,2,1,2,2,Rue D'Etigny,43.29656,-0.38576
202300038902,8,9,2023,2025-12-05 09:40:00,1,987,98735,2,1,1,2,Pomare (Bvd),17.54083,149.57085
202300038903,12,1,2023,2025-12-05 07:50:00,1,64,64284,1,6,1,7,Avenue Du 18 Juin 1940,43.29109888,-0.40477476
202300038904,4,10,2023,2025-12-05 01:20:00,3,974,97416,1,1,2,7,Rn1,-21.32593,55.44851
202300038905,3,10,2023,2025-12-05 07:00:00,1,974,97411,2,1,1,6,Leconte De Lisle (Avenue),-20.89601,55.49113
202300038906,8,1,2023,2025-12-05 02:35:00,5,62,62724,2,1,1,6,Rue Henri Barbusse,50.402919,2.923326
202300038907,4,10,2023,2025-12-05 09:00:00,1,974,97409,2,1,2,6,Rocade Sud(Rue),-20.97461,55.65024
202300038908,12,1,2023,2025-12-05 18:10:00,5,62,62178,2,1,3,6,Rue Alfred Leroy,50.476,2.544
202300038909,4,10,2023,2025-12-05 09:30:00,1,973,97302,2,6,1,3,Suzini (Carrefour),4.92749659,-52.28993028
202300038910,13,1,2023,2025-12-05 05:30:00,5,59,59599,2,1,1,6,Bernard (Rue Claude),50.69838,3.15176
202300038911,3,10,2023,2025-12-05 21:55:00,3,973,97302,2,1,1,1,Felix Eboue(Rocade),4.92728,-52.31977
202300038912,13,1,2023,2025-12-05 04:05:00,5,59,59378,2,1,2,4,Republique Av De La (Ndeg512-832),50.652206,3.082254
202300038913,4,10,2023,2025-12-05 19:25:00,4,69,69386,2,2,1,6,Rue Vendome,45.76728,4.84532
202300038914,13,1,2023,2025-12-05 18:20:00,5,59,59183,2,9,1,6,Mendes France - Boulevard,51.038362,2.405901
202300038915,4,10,2023,2025-12-05 11:35:00,1,69,69387,2,1,1,5,Cours Gambetta,45.75116,4.85441
202300038916,13,1,2023,2025-12-05 19:00:00,5,59,59244,2,9,1,6,Route Nationale,50.16705,3.16161
202300038917,4,10,2023,2025-12-05 09:20:00,1,69,69388,2,2,1,3,Rue Professeur Beauvisage,45.72938,4.86787
202300038918,13,1,2023,2025-12-05 17:30:00,5,54,54395,2,1,8,6,Rue Grand Rabbin Haguenauer,48.6879,6.17977
202300038919,4,10,2023,2025-12-05 08:45:00,1,972,97213,1,1,1,4,Autoroute A1,14.618,-61.03
202300038920,13,1,2023,2025-12-05 13:40:00,1,54,54547,2,3,1,6,Jaures (Avenue Jean),48.66517,6.16494
202300038921,12,1,2023,2025-12-05 22:20:00,5,54,54395,2,1,2,6,Saint Dizier (Rue 82 Et 113 A Fin),48.68983,6.18324
202300038922,3,10,2023,2025-12-05 11:50:00,1,91,91691,2,1,8,3,Raymond Poincare(Rue),48.71036,2.49931
202300038923,12,1,2023,2025-12-05 16:50:00,2,54,54547,2,1,2,6,Rue Bernard Palissy,48.65375,6.17751
202300038924,4,10,2023,2025-12-05 15:08:00,1,91,91479,2,3,1,3,Rue Roger Salengro,48.71155,2.35915
202300038925,12,1,2023,2025-12-05 17:00:00,5,54,54395,2,1,2,6,Rue Grand Rabbin Haguenauer,48.68800222,6.17967814
202300038926,4,10,2023,2025-12-05 07:17:00,1,91,91174,2,3,1,6,Armee Patton (Pont De L'),48.613148,2.48337
202300038927,4,10,2023,2025-12-05 14:00:00,1,89,89387,2,1,1,6,Chambonas (Cours),48.19513,3.28331
202300038928,12,1,2023,2025-12-05 17:40:00,3,52,52448,1,1,8,3,Villiers En Lieu (Route De),48.64230496,4.91676807
202300038929,3,10,2023,2025-12-05 07:56:00,1,87,87085,2,1,1,2,Legendre (Rue Charles),45.8145,1.24219
202300038930,13,1,2023,2025-12-05 20:00:00,5,49,49246,2,1,2,6,Pyramide Route,47.44768,-0.50978
202300038931,3,10,2023,2025-12-05 04:47:00,5,86,86194,1,1,1,3,Route De Bonnes,46.58429,0.39385
202300038932,12,1,2023,2025-12-05 19:11:00,5,49,49353,2,2,1,3,Republique Avenue,47.44611,-0.49645
202300038933,4,10,2023,2025-12-05 16:30:00,1,82,82033,2,1,1,6,Belleperche Rd 45 (Route De),44.02916,1.10783
202300038934,12,1,2023,2025-12-05 17:49:00,2,49,49267,2,1,2,2,D347,47.47242,-0.46066
202300038935,4,10,2023,2025-12-05 08:15:00,1,78,78650,2,2,1,1,Belloy (Avenue De),48.90153,2.13157
202300038936,13,1,2023,2025-12-05 14:40:00,1,44,44109,2,6,2,3,3 Boulevard Rene Cassin,47.26346,-1.57988
202300038937,1,10,2023,2025-12-05 02:45:00,5,78,78138,2,5,1,3,Poissy (Avenue De),48.970302,2.032218
202300038938,13,1,2023,2025-12-05 19:25:00,3,41,41018,1,3,8,3,Chailles (Levee De),47.567814,1.3114499
202300038939,4,10,2023,2025-12-05 14:01:00,1,78,78172,2,1,1,6,Liberte (Place De La),49.006385,2.118224
202300038940,13,1,2023,2025-12-05 16:00:00,1,37,37261,2,9,1,3,Grammont (Avenue De),47.38717,0.68995