num_acc,jour,mois,an,hrmn,lum,dep,com,agg,int,atm,col,adr,lat,long
202300038941,26,9,2023,2025-12-05 14:25:00,1,78,78172,2,2,1,3,De Gaulle (Bd Du General),49.005077,2.09355
202300038942,13,1,2023,2025-12-05 19:15:00,5,35,35238,2,3,2,3,Albert 1Er (Bd),48.08895064,-1.67636722
202300038943,4,10,2023,2025-12-05 11:55:00,1,76,76322,2,2,6,3,Boulevard Pierre Brossolette,49.41861,1.03175
202300038944,13,1,2023,2025-12-05 13:40:00,1,35,35238,2,6,1,6,Langevin (Paul),48.09318235,-1.65837497
202300038945,13,1,2023,2025-12-05 01:10:00,5,35,35238,2,2,1,5,Zola (Quai Emile),48.10988003,-1.67403907
202300038946,4,10,2023,2025-12-05 15:40:00,1,71,71306,2,1,1,3,Champ Du Moulin (Rue Du ),46.67383,4.37395
202300038947,13,1,2023,2025-12-05 01:10:00,5,35,35238,2,1,2,6,Maginot (Avenue Sergent),48.10996,-1.66262
202300038948,3,10,2023,2025-12-05 12:25:00,1,71,71270,2,6,1,1,Europe (Rue De L'),46.29888163,4.82754573
202300038949,13,1,2023,2025-12-05 23:20:00,5,34,34172,2,2,1,3,Place Du Huit Mai 1945,43.60119,3.86828
202300038950,4,10,2023,2025-12-05 20:50:00,5,69,69256,2,4,1,7,Avenue Paul Marcellin,45.77381,4.93237
202300038951,13,1,2023,2025-12-05 08:20:00,1,34,34172,2,1,1,5,255 Avenue Des Garrats,43.6112,3.83889
202300038952,4,10,2023,2025-12-05 11:00:00,1,69,69013,1,4,1,1,Avenue De Joux,46.01114,4.72531
202300038953,11,1,2023,2025-12-05 16:00:00,2,33,33063,2,1,7,3,Pont Saint-Jean,44.83403,-0.55241
202300038954,4,10,2023,2025-12-05 17:10:00,1,69,69259,2,1,1,6,Avenue Marcel Cachin,45.69378,4.87564
202300038955,4,10,2023,2025-12-05 12:35:00,1,69,69259,2,2,1,3,Boulevard Irene Joliot Curie,45.71406,4.87934
202300038956,13,1,2023,2025-12-05 08:10:00,3,33,33529,1,2,9,3,Eiffel (Rue Gustave) Du 243 Et +,44.6104,-1.1236
202300038957,4,10,2023,2025-12-05 09:00:00,1,69,69290,2,4,1,3,Chemin De Saint Bonnet De Mure,45.69187,4.96716
202300038958,12,1,2023,2025-12-05 13:00:00,1,27,27681,2,3,2,5,Ivry (Route D'),49.0716,1.47247
202300038959,3,10,2023,2025-12-05 18:30:00,1,69,69290,2,1,1,7,76 Route De Grenoble,45.70718,4.98714
202300038960,12,1,2023,2025-12-05 10:50:00,1,27,27562,2,9,2,6,Pres (Rue Des),49.10269,1.45286
202300038961,3,10,2023,2025-12-05 21:58:00,5,67,67482,2,8,1,1,Romains (Route Des),48.57986,7.71773
202300038962,4,10,2023,2025-12-05 11:30:00,1,64,64348,1,1,1,2,Martyrs Du Pont Long Des,43.34176,-0.37984
202300038963,4,10,2023,2025-12-05 07:25:00,3,64,64445,2,3,1,3,Europe De L',43.32937,-0.35326
202300038964,13,1,2023,2025-12-05 11:45:00,1,13,13208,2,1,1,6,Clot Bey (Avenue),43.25529,5.38226
202300038965,12,1,2023,2025-12-05 12:30:00,1,11,11069,2,1,1,7,Route De Saint Hilaire,43.19404133,2.34481281
202300038966,4,10,2023,2025-12-05 05:32:00,5,63,63113,2,6,1,6,Berthelot (Boulevard),45.78161,3.07083
202300038967,13,1,2023,2025-12-05 07:58:00,2,10,10081,2,1,2,3,Jean Baptiste Colbert (Rue),48.32148,4.02726
202300038968,4,10,2023,2025-12-05 20:30:00,5,62,62907,1,1,1,6,D 919,50.48909,2.9911
202300038969,4,10,2023,2025-12-05 08:40:00,2,58,58194,2,6,7,6,Marechal Leclerc,47.00082,3.15649
202300038970,12,1,2023,2025-12-05 14:59:00,1,10,10362,2,2,2,3,General Leclerc (Rue Du),48.29162533,4.03546783
202300038971,13,1,2023,2025-12-05 10:35:00,1,9,9122,2,1,2,6,Faure (Cours Gabriel),42.96409,1.60851
202300038972,3,10,2023,2025-12-05 13:40:00,1,56,56121,2,3,1,3,Boulevard Yves Demaine,47.75203,-3.37929
202300038973,3,10,2023,2025-12-05 17:00:00,1,54,54357,2,1,1,1,Avenue De La Meurthe,48.71086221,6.17365122
202300038974,13,1,2023,2025-12-05 14:20:00,1,6,6159,2,3,1,2,Marechal Foch (Avenue),43.701088,7.306817
202300038975,3,10,2023,2025-12-05 13:15:00,1,54,54395,2,3,1,6,Rue Jeannot,48.69024728,6.18767381
202300038976,12,1,2023,2025-12-05 11:30:00,1,6,6069,2,2,1,3,Saint Exupery (Avenue Antoine De),43.6622,6.934253
202300038977,4,10,2023,2025-12-05 07:40:00,1,54,54159,1,4,5,3,Avenue De Luneville,48.612484,6.373645
202300038978,4,10,2023,2025-12-05 13:00:00,1,51,51454,2,1,1,6,Foch (Boulevard),49.25741,4.02596
202300038979,13,1,2023,2025-12-05 18:52:00,5,1,1014,2,1,2,3,Cd 31,46.28438,5.66257
202300038980,4,10,2023,2025-12-05 19:05:00,1,50,50502,2,1,1,3,Paris,49.11603,-1.06639
202300038981,12,1,2023,2025-12-05 00:30:00,5,75,75114,2,4,1,2,Echangeur Brancion,48.825036,2.303549
202300038982,3,10,2023,2025-12-05 21:10:00,3,50,50129,1,1,1,7,Rn 13,49.59456,-1.59578
202300038983,13,1,2023,2025-12-05 12:45:00,1,75,75119,2,1,1,1,Rue Manin,48.883104,2.386672
202300038984,3,10,2023,2025-12-05 13:10:00,1,50,50129,2,3,1,6,Vexin (Rue Du),49.62769,-1.63333
202300038985,13,1,2023,2025-12-05 18:00:00,5,75,75118,2,2,1,6,Rue Feutrier,48.886714,2.346603
202300038986,4,10,2023,2025-12-05 19:47:00,5,45,45302,2,1,1,1,609 Route Nationale 20,47.94322,1.89266
202300038987,13,1,2023,2025-12-05 20:10:00,5,75,75115,2,1,1,6,Avenue Felix Faure,48.837739,2.280272
202300038988,4,10,2023,2025-12-05 16:15:00,1,42,42186,2,1,1,6,Rue Du Pilat,45.5158,4.60473
202300038989,4,10,2023,2025-12-05 11:50:00,1,37,37195,2,1,1,6,Louis Xi (Boulevard),47.37539,0.658
202300038990,13,1,2023,2025-12-05 12:40:00,1,75,75111,2,3,1,3,Boulevard Voltaire,48.860978,2.374788
202300038991,3,10,2023,2025-12-05 17:10:00,1,37,37122,1,1,1,2,Rd 37,47.34750444,0.64617705
202300038992,13,1,2023,2025-12-05 16:35:00,1,75,75110,2,2,1,6,Rue La Fayette,48.879744,2.358725
202300038993,4,10,2023,2025-12-05 13:45:00,1,35,35238,2,6,1,6,Littre (Emile),48.08757105,-1.64412171
202300038994,26,9,2023,2025-12-05 07:50:00,2,30,30189,2,3,1,6,Rue De Sauve,43.83770266,4.34901819
202300038995,13,1,2023,2025-12-05 09:55:00,1,75,75108,2,1,1,2,Cours La Reine,48.864464,2.318964
202300038996,4,10,2023,2025-12-05 18:25:00,1,29,29039,1,9,1,3,Rd 783,47.89504898,-3.91368655
202300038997,13,1,2023,2025-12-05 00:05:00,5,75,75101,2,3,2,7,Boulevard De Sebastopol,48.861228,2.34968
202300038998,3,10,2023,2025-12-05 19:15:00,5,29,29019,2,2,1,3,Rue Albert Thibaudet,48.372871,-4.539271
202300038999,12,1,2023,2025-12-05 08:55:00,2,75,75101,2,2,1,6,Boulevard De Sebastopol,48.86007283,2.3490867
202300039000,4,10,2023,2025-12-05 12:15:00,1,27,27229,2,6,1,2,Saint Leger (Rue Du Faubourg),49.03297,1.15556
202300039001,13,1,2023,2025-12-05 22:00:00,5,94,94042,2,2,8,3,Avenue Du General Gallieni,48.82010237,2.47845112
202300039002,2,10,2023,2025-12-05 11:45:00,1,19,19272,2,1,1,7,Fontaines (Lieu Dit),45.28453193,1.77318156
202300039003,3,10,2023,2025-12-05 17:55:00,1,19,19031,2,1,1,2,Baluze (Rue),45.16638,1.5401
202300039004,12,1,2023,2025-12-05 07:55:00,5,94,94068,2,1,2,3,Varenne (R De La),48.80797,2.4735
202300039005,11,1,2023,2025-12-05 16:55:00,1,94,94068,2,2,1,3,Louis Blanc (Av),48.79115,2.496567
202300039006,4,10,2023,2025-12-05 18:30:00,1,13,13071,2,9,1,1,Route Nationale 368 (Plan Des Pennes),43.40533645,5.28340164
202300039007,29,9,2023,2025-12-05 20:00:00,2,13,13216,2,1,1,1,Le Pelletie (Rue),43.36252,5.32228
202300039008,13,1,2023,2025-12-05 18:30:00,5,94,94076,2,3,1,3,Boulevard Maxime Gorki,48.792767,2.369257
202300039009,4,10,2023,2025-12-05 18:30:00,1,13,13210,2,1,1,3,Icard (Boulevard),43.2795,5.4173
202300039010,12,1,2023,2025-12-05 09:30:00,1,94,94028,2,1,1,6,Rue De Falkirk,48.77166,2.45974
202300039011,4,10,2023,2025-12-05 15:20:00,1,13,13201,2,1,1,3,Athenes (Boulevard D'),43.29947,5.38056
202300039012,13,1,2023,2025-12-05 21:15:00,5,94,94054,2,2,1,3,Avenue De La Victoire / Avenue Henri Barbusse,48.74513211,2.38863355
202300039013,4,10,2023,2025-12-05 12:56:00,1,13,13213,2,4,1,3,Saint Paul (Avenue),43.327,5.41
202300039014,12,1,2023,2025-12-05 16:50:00,2,94,94018,2,1,1,7,80 Quai Des Carrieres,48.820665,2.402338
202300039015,4,10,2023,2025-12-05 11:45:00,1,13,13214,2,1,1,5,Basile Barrelier (Boulevard),43.33936885,5.38952039
202300039016,4,10,2023,2025-12-05 10:05:00,1,13,13205,2,1,1,6,Baille (Boulevard),43.28934,5.39663
202300039017,13,1,2023,2025-12-05 21:30:00,5,93,93072,2,1,1,2,Boulevard Maxime Gorki,48.948513,2.386322
202300039018,4,10,2023,2025-12-05 01:30:00,5,13,13210,2,5,1,2,Ave Florian,43.28558,5.42499
202300039019,13,1,2023,2025-12-05 11:35:00,1,93,93070,2,1,1,1,Rue Lafontaine,48.901479,2.327944
202300039020,3,10,2023,2025-12-05 21:30:00,5,13,13208,2,3,1,3,Mazargues (Avenue De),43.26502,5.39123
202300039021,13,1,2023,2025-12-05 18:00:00,3,93,93066,2,1,1,3,Boulevard Marcel Sembat,48.934418,2.34929
202300039022,20,8,2023,2025-12-05 19:00:00,1,13,13005,2,1,1,3,Gemenos (Route De Cd2),43.288,5.53917
202300039023,3,10,2023,2025-12-05 19:35:00,5,10,10387,2,1,1,3,Ponts (Rue Des),48.2873,4.0864
202300039024,3,10,2023,2025-12-05 07:50:00,1,10,10387,2,1,1,6,Vouldy (Chaussee Du),48.2943,4.0827
202300039025,13,1,2023,2025-12-05 00:30:00,5,93,93066,2,1,2,4,Boulevard Felix Faure,48.938699,2.358473
202300039026,4,10,2023,2025-12-05 15:50:00,1,4,4070,2,1,1,7,St Veran (Av),44.08934,6.2132
202300039027,13,1,2023,2025-12-05 07:50:00,2,93,93077,2,2,2,1,Avenue Du Raincy / Rue De Bondy,48.88665159,2.50891417
202300039028,4,10,2023,2025-12-05 21:48:00,5,75,75111,2,5,1,3,Avenue De La Republique,48.864002,2.381203
202300039029,4,10,2023,2025-12-05 18:47:00,5,75,75113,2,3,1,7,Rue Emile Durkheim,48.832185,2.37734
202300039030,13,1,2023,2025-12-05 08:57:00,1,93,93055,2,1,2,1,Avenue Du General Leclerc,48.89555037,2.40055829
202300039031,4,10,2023,2025-12-05 15:20:00,1,75,75120,2,2,1,3,Rue Alexandre Dumas,48.854756,2.397494
202300039032,13,1,2023,2025-12-05 12:50:00,1,93,93006,2,9,1,3,42 Rue Francois Mitterrand,48.876908,2.423414
202300039033,3,10,2023,2025-12-05 12:40:00,1,75,75120,2,2,1,3,Rue Des Pyrenees,48.870001,2.394461
202300039034,4,10,2023,2025-12-05 19:30:00,1,75,75117,2,2,1,3,Avenue Des Ternes,48.880352,2.2868
202300039035,13,1,2023,2025-12-05 08:15:00,1,93,93029,2,1,6,3,Avenue Henri Barbusse,48.922086,2.455942
202300039036,4,10,2023,2025-12-05 19:10:00,2,75,75117,2,2,1,3,Rue De La Jonquiere,48.893967,2.321427
202300039037,13,1,2023,2025-12-05 07:50:00,2,93,93008,2,1,1,6,Rue Rene Camier,48.909654,2.45155
202300039038,4,10,2023,2025-12-05 18:55:00,1,75,75116,2,1,1,2,Avenue Paul Doumer,48.858875,2.276404
202300039039,13,1,2023,2025-12-05 22:00:00,5,92,92078,2,3,1,3,Marechal Leclerc (Avenue) (Ndeg Impairs),48.93783722,2.32428914
202300039040,4,10,2023,2025-12-05 16:30:00,1,75,75116,2,1,1,3,Voie Georges Pompidou,48.846609,2.274136
202300039041,3,10,2023,2025-12-05 17:00:00,1,75,75116,2,1,1,6,Avenue De Malakoff,48.877027,2.283396
202300039042,12,1,2023,2025-12-05 19:45:00,5,92,92064,2,3,2,3,Marcel Dassault,48.854132,2.222605
202300039043,4,10,2023,2025-12-05 18:40:00,1,75,75115,2,1,1,7,Boulevard General Martial Valin,48.83836,2.27033
202300039044,4,10,2023,2025-12-05 16:30:00,1,75,75115,2,1,1,2,Rue De Vaugirard,48.841647,2.308434
202300039045,12,1,2023,2025-12-05 13:35:00,1,92,92076,2,1,8,3,Puits,48.838016,2.146215
202300039046,4,10,2023,2025-12-05 12:15:00,1,75,75115,2,2,1,2,Quai De Grenelle,48.850826,2.283713
202300039047,13,1,2023,2025-12-05 18:00:00,5,92,92051,2,9,1,6,"Argenson (Boulevard, Ndeg 17 Au 43)",48.88903,2.2631
202300039048,4,10,2023,2025-12-05 15:25:00,1,75,75112,2,1,1,6,Avenue Daumesnil,48.842925,2.384407
202300039049,4,10,2023,2025-12-05 10:40:00,1,75,75112,2,1,1,3,Rue De Reuilly,48.846351,2.38772
202300039050,13,1,2023,2025-12-05 20:14:00,5,92,92051,2,3,2,7,General Koenig (Boulevard Du),48.88234,2.25322
202300039051,3,10,2023,2025-12-05 22:30:00,5,75,75111,2,3,1,3,Boulevard Beaumarchais,48.860689,2.367389
202300039052,13,1,2023,2025-12-05 03:40:00,5,92,92040,2,1,2,2,Voltaire (Boulevard),48.82683525,2.27935463
202300039053,4,10,2023,2025-12-05 11:57:00,1,75,75110,2,4,1,3,Rue Du Faubourg Saint Martin,48.878899,2.362426
202300039054,4,10,2023,2025-12-05 19:00:00,1,75,75108,2,2,1,3,Boulevard Malesherbes,48.879433,2.314284
202300039055,12,1,2023,2025-12-05 14:05:00,1,92,92036,2,1,2,6,General De Gaulle (Avenue) (Pairs),48.93376,2.3178
202300039056,12,1,2023,2025-12-05 12:45:00,1,92,92036,2,1,1,6,Marcel Paul (Avenue) (2/50),48.94094,2.30351
202300039057,4,10,2023,2025-12-05 10:48:00,1,75,75108,2,1,1,3,Place De La Concorde,48.866157,2.321945
202300039058,13,1,2023,2025-12-05 20:30:00,5,92,92026,2,1,1,6,Alma,48.89659,2.25224
202300039059,4,10,2023,2025-12-05 18:40:00,1,94,94078,2,1,1,6,Place Pierre Semard,48.730593,2.446848
202300039060,4,10,2023,2025-12-05 09:50:00,1,94,94078,2,1,1,3,Place Pierre Semard,48.72884,2.44642
202300039061,13,1,2023,2025-12-05 21:07:00,3,92,92026,2,1,1,6,Pierre Curie,48.90349025,2.25450218
202300039062,4,10,2023,2025-12-05 18:00:00,1,94,94015,2,9,1,2,Boulevard Georges Melies,48.83248678,2.53119841
202300039063,12,1,2023,2025-12-05 18:35:00,5,92,92023,2,1,1,6,Roissis (Rue Des),48.80631946,2.27660832
202300039064,3,10,2023,2025-12-05 16:10:00,1,94,94042,2,1,1,3,Avenue Du General Gallieni,48.82008092,2.47576341
202300039065,3,10,2023,2025-12-05 20:40:00,5,92,92007,2,1,1,3,169 Avenue Aristide Briand,48.79103847,2.31979769
202300039066,3,10,2023,2025-12-05 18:30:00,1,94,94003,2,1,1,3,17 Avenue Paul Vaillant-Couturier,48.802504,2.338358
202300039067,3,10,2023,2025-12-05 21:15:00,5,94,94033,2,1,1,1,Avenue Foch,48.84389,2.45948
202300039068,3,10,2023,2025-12-05 13:00:00,1,94,94028,1,1,2,3,Avenue Bernard Halpern,48.78447,2.45847
202300039069,4,10,2023,2025-12-05 09:20:00,1,94,94022,2,1,1,3,132 Boulevard De Stalingrad,48.77411,2.399279
202300039070,4,10,2023,2025-12-05 22:30:00,5,93,93071,2,3,1,3,Boulevard Westinghouse / Allee De Bir Hakeim,48.92828,2.51875
202300039071,4,10,2023,2025-12-05 13:20:00,1,93,93066,2,1,1,6,Boulevard Marcel Sembat,48.931992,2.352946
202300039072,13,1,2023,2025-12-05 15:41:00,1,31,31446,2,1,1,6,3 Rue Louis Braille,43.534868,1.47971
202300039073,4,10,2023,2025-12-05 10:00:00,1,93,93029,2,3,1,3,Avenue Marceau / Rue Du Bon Houdart,48.927696,2.437703
202300039074,4,10,2023,2025-12-05 05:50:00,5,93,93014,2,1,1,3,Boulevard Emile Zola,48.90608912,2.55281047
202300039075,4,10,2023,2025-12-05 14:50:00,1,92,92072,2,1,1,2,Grande Rue,48.82636478,2.21869826
202300039076,4,10,2023,2025-12-05 13:50:00,1,92,92064,2,1,1,7,Eglise,48.84275474,2.21941486
202300039077,4,10,2023,2025-12-05 08:45:00,1,92,92063,2,3,1,3,Chataigneraie (Avenue De La),48.86046134,2.17724517
202300039078,4,10,2023,2025-12-05 09:34:00,1,92,92063,2,3,1,4,Floquet (Rue Charles) Nord,48.87256115,2.17803776
202300039079,4,10,2023,2025-12-05 15:40:00,1,92,92051,2,2,1,3,Achille Peretti (Place),48.88340575,2.27351591
202300039080,2,10,2023,2025-12-05 23:35:00,5,92,92051,2,9,1,3,General Koenig (Boulevard Du),48.88162,2.25246
202300039081,4,10,2023,2025-12-05 11:20:00,1,92,92020,2,1,1,2,Verdun Avenue De Autres Ndeg,48.79963,2.28171
202300039082,4,10,2023,2025-12-05 09:35:00,1,92,92044,2,6,1,6,Charles Pasqua (Quai) 32 A 58,48.89886192,2.27887094
202300039083,4,10,2023,2025-12-05 16:00:00,1,92,92036,2,6,1,2,Marcel Paul (Avenue) (1/103),48.93334698,2.30269253
202300039084,3,10,2023,2025-12-05 15:30:00,1,92,92036,2,1,2,2,Louis Calmel (Rue) (2/16),48.9266261,2.29333967
202300039085,2,10,2023,2025-12-05 17:20:00,1,92,92025,2,2,1,3,Charles De Gaulle (Bd),48.91453073,2.22889484
202300039086,4,10,2023,2025-12-05 14:00:00,1,92,92071,2,1,1,3,General De Gaulle (Place),48.77787,2.29062
202300039087,3,10,2023,2025-12-05 18:25:00,1,92,92036,2,1,1,3,Gresillons ( Avenue Des  ),48.91978,2.31405
202300039088,5,10,2023,2025-12-05 19:05:00,5,67,67372,2,6,1,6,151 Grand Rue,48.849346,7.64009
202300039089,8,9,2023,2025-12-05 13:30:00,1,67,67372,2,1,1,3,1 Rue Principale,48.846774,7.60981
202300039090,4,10,2023,2025-12-05 17:30:00,1,31,31445,2,1,1,2,Chemin De Ribaute,43.583595,1.513106
202300039091,5,10,2023,2025-12-05 07:30:00,2,22,22025,1,3,1,3,Le Maes,48.421155,-3.414463
202300039092,22,7,2023,2025-12-05 20:20:00,1,14,14712,1,1,1,7,Rue De Janville,49.174031,-0.174043
202300039093,26,7,2023,2025-12-05 16:50:00,1,22,22050,1,3,8,3,D12 Route De Calorguen,48.437383,-2.043548
202300039094,27,7,2023,2025-12-05 07:23:00,1,60,60103,1,2,2,3,D931,49.411706,2.267416
202300039095,26,7,2023,2025-12-05 18:05:00,1,62,62711,2,1,1,2,Rue Raymond Sulliger,50.816866,1.744647
202300039096,26,7,2023,2025-12-05 17:25:00,1,13,13071,1,1,1,2,A7-Sens Lyon Vers Marseille,43.406633,5.3276
202300039097,25,7,2023,2025-12-05 23:10:00,3,13,13211,1,1,1,2,A50-Sens Aubagne Vers Marseille,43.28807985,5.44165529
202300039098,26,7,2023,2025-12-05 12:55:00,1,33,33167,1,1,1,2,Route Nationale 230,44.84447782,-0.50203845
202300039099,26,7,2023,2025-12-05 12:15:00,1,33,33143,1,1,1,2,Autoroute A 10,44.9552,-0.45376
202300039100,15,6,2023,2025-12-05 19:10:00,1,33,33063,1,1,1,3,Adresse_Inconnue,44.88303999,-0.55369788
202300039101,25,7,2023,2025-12-05 14:20:00,1,59,59378,1,1,1,6,Autoroute A22,50.70022,3.11684
202300039102,25,7,2023,2025-12-05 03:05:00,3,91,91570,1,1,3,7,Rn 104,48.62509,2.33019
202300039103,25,7,2023,2025-12-05 21:26:00,2,92,92023,1,1,1,3,Rn385,48.77617937,2.22840361
202300039104,26,5,2023,2025-12-05 20:00:00,1,74,74010,1,1,1,1,Cd16,45.920199,6.181011
202300039105,24,5,2023,2025-12-05 10:25:00,1,74,74010,2,3,1,2,Route De Frangy,45.911649,6.095229
202300039106,23,5,2023,2025-12-05 19:57:00,1,74,74147,1,9,1,3,Lathuile,45.791467,6.213321
202300039107,22,5,2023,2025-12-05 09:00:00,1,74,74043,2,1,1,6,130 Avenue Du Leman,46.265386,6.372221
202300039108,19,5,2023,2025-12-05 13:00:00,1,74,74236,2,1,8,7,1095 Route Du Prarion,45.896854,6.721594
202300039109,18,5,2023,2025-12-05 18:00:00,1,74,74104,2,1,1,5,Route D'Annecy,45.804304,6.212038
202300039110,18,5,2023,2025-12-05 12:54:00,1,74,74298,2,1,1,1,Bonneville (Route De ),46.1678,6.27134
202300039111,7,5,2023,2025-12-05 04:50:00,5,74,74172,2,1,1,1,Nationale (Route),46.40534378,6.63733613
202300039112,4,5,2023,2025-12-05 08:55:00,1,74,74218,2,1,1,2,Noailles (Avenue Anna De),46.39689,6.5637
202300039113,4,5,2023,2025-12-05 07:35:00,1,74,74281,2,1,1,2,Genevriers (Avenue Des),46.39182,6.50536
202300039114,24,7,2023,2025-12-05 09:00:00,1,29,29232,2,1,1,6,Rue De Kervillou,47.985003,-4.060002
202300039115,25,7,2023,2025-12-05 08:08:00,1,976,97611,2,1,1,6,Kaweni-Mahabourini ( Rue ),-12.7732,45.21976
202300039116,25,7,2023,2025-12-05 10:40:00,1,974,97411,2,1,1,3,Jaures (Boulevard Jean),-20.88861,55.44886
202300039117,25,7,2023,2025-12-05 16:50:00,1,69,69388,2,4,2,1,Route De Vienne,45.73876,4.85214
202300039118,25,7,2023,2025-12-05 09:40:00,1,69,69388,2,1,1,6,Rue Challemel Lacour,45.72927937,4.85034597
202300039119,25,7,2023,2025-12-05 16:20:00,1,972,97213,1,1,8,2,Autoroute A1,14.5956,-60.98522
202300039120,25,7,2023,2025-12-05 00:37:00,5,971,97101,2,6,2,7,Rn11,16.25875,-61.51142
202300039121,24,7,2023,2025-12-05 20:30:00,5,971,97101,1,1,2,4,Besson,16.2357,-61.5125
202300039122,24,7,2023,2025-12-05 16:15:00,1,971,97120,1,2,1,3,Nelson Mandela,16.2401,-61.5321
202300039123,20,7,2023,2025-12-05 09:50:00,1,91,91549,2,1,1,6,Docteur Phillipe Pinel (Rue Du),48.65573,2.31129
202300039124,25,7,2023,2025-12-05 15:23:00,1,91,91421,2,3,1,3,Corbeil (Route De),48.713781,2.443209
202300039125,24,7,2023,2025-12-05 16:30:00,1,83,83137,2,1,1,2,Bazeilles (Bd / Rond Point De),43.11214,5.93515
202300039126,25,7,2023,2025-12-05 08:25:00,1,77,77186,1,6,2,7,Rd606. De La Rochette A L'Obelisque,48.474687,2.678825
202300039127,24,7,2023,2025-12-05 20:25:00,1,76,76270,1,1,1,6,Rd 6382,49.53067,0.1254
202300039128,24,7,2023,2025-12-05 11:55:00,1,67,67462,2,2,2,3,Liberte (Avenue De La),48.25872,7.44866
202300039129,22,7,2023,2025-12-05 21:43:00,2,66,66136,1,6,1,6,Adresse_Inconnue,42.69906424,2.92861283
202300039130,22,7,2023,2025-12-05 06:17:00,2,66,66136,1,1,1,1,Adresse_Inconnue,42.69885,2.91461
202300039131,21,7,2023,2025-12-05 10:42:00,1,66,66136,2,3,1,6,Adresse_Inconnue,42.69449084,2.90149033
202300039132,25,7,2023,2025-12-05 17:05:00,1,64,64545,2,1,2,6,Route D'Ibardin,43.36142592,-1.69238269
202300039133,25,7,2023,2025-12-05 10:05:00,1,64,64335,1,3,2,3,Salie,43.33913,-0.39505
202300039134,25,7,2023,2025-12-05 16:25:00,1,61,61006,1,1,1,4,D958,48.7131,-0.00596
202300039135,25,7,2023,2025-12-05 16:15:00,1,58,58194,2,2,1,3,Marzy,46.98739,3.14081
202300039136,24,7,2023,2025-12-05 15:10:00,1,50,50647,2,1,1,2,Europe (Avenue De L'),48.84361,-1.5579
202300039137,24,7,2023,2025-12-05 22:25:00,5,50,50129,2,2,1,1,Atlantique (Boulevard De L'),49.6209,-1.64231
202300039138,24,7,2023,2025-12-05 14:34:00,1,49,49015,2,2,2,4,Mendes France Avenue Pierre,47.50688,-0.58974
202300039139,24,7,2023,2025-12-05 12:09:00,1,49,49007,1,1,1,7,A87N,47.46149,-0.51685
202300039140,25,7,2023,2025-12-05 11:55:00,1,35,35238,2,3,1,3,Feuillee (Martin),48.09709,-1.65377
202300039141,25,7,2023,2025-12-05 06:45:00,1,35,35238,2,2,2,6,Vern (De),48.09798,-1.65558
202300039142,24,7,2023,2025-12-05 18:10:00,1,35,35281,1,1,3,2,Benoit (Rue Frederic),48.08665608,-1.71976268
202300039143,25,7,2023,2025-12-05 19:00:00,1,33,33550,2,3,1,3,Avenue Pierre Proudhon,44.78656602,-0.58647788
202300039144,25,7,2023,2025-12-05 08:31:00,1,33,33200,2,2,1,3,Rue Joliot Curie,44.87814732,-0.67655236
202300039145,23,7,2023,2025-12-05 18:49:00,1,33,33318,2,3,1,6,Rue Des Fuchsias,44.79198,-0.63074
202300039146,25,7,2023,2025-12-05 09:55:00,1,33,33529,2,3,1,3,Lagrua (Rue),44.63890917,-1.15416795
202300039147,25,7,2023,2025-12-05 15:45:00,1,31,31555,1,1,1,2,A621 (Sept Deniers-Ancely),43.622511,1.403582
202300039148,24,7,2023,2025-12-05 16:50:00,1,31,31555,2,3,1,3,Rue Jean Aicard,43.61696,1.458
202300039149,2,7,2023,2025-12-05 20:00:00,2,30,30189,2,1,1,6,Puccini (Rue),43.8237,4.3382
202300039150,22,7,2023,2025-12-05 20:20:00,1,30,30007,2,6,1,3,Avenue Monge,44.145793,4.100911
202300039151,25,7,2023,2025-12-05 13:50:00,1,28,28223,2,4,1,6,Pasteur (Rue),48.72518,1.39605
202300039152,24,7,2023,2025-12-05 14:55:00,1,27,27681,2,6,2,3,Capucins (Avenue Des),49.09267,1.47089
202300039153,24,7,2023,2025-12-05 18:20:00,1,27,27229,2,2,1,1,Ferry (Rue Jules),49.02788,1.17573
202300039154,25,7,2023,2025-12-05 11:10:00,1,25,25580,1,1,2,3,Bannot (Le),47.45807,6.84329
202300039155,25,7,2023,2025-12-05 18:50:00,1,25,25056,2,6,2,6,Adresse_Inconnue,47.244419,5.995665
202300039156,25,7,2023,2025-12-05 08:10:00,1,22,22278,2,1,7,2,Atlantique (Bd) Ndeg58/71 A Fin,48.51946,-2.79057
202300039157,24,7,2023,2025-12-05 08:30:00,1,16,16102,2,2,1,3,Segonzac (Rue De),45.68834,-0.31896
202300039158,19,7,2023,2025-12-05 18:45:00,1,15,15012,2,1,1,1,Toyre (Rue Jean),44.90444,2.477548
202300039159,25,7,2023,2025-12-05 17:45:00,2,13,13201,2,1,1,6,Charles Nedelec (Boulevard),43.30194828,5.37589225
202300039160,25,7,2023,2025-12-05 13:33:00,1,10,10265,2,1,2,7,Lamartine (Rue),48.30099,4.0395
202300039161,25,7,2023,2025-12-05 11:45:00,1,10,10387,2,2,2,1,Pierre Brossolette (Rue),48.28770391,4.07714009
202300039162,25,7,2023,2025-12-05 21:50:00,5,6,6088,2,1,1,6,Kirchner (Square M.),43.67332,7.22639