num_acc,jour,mois,an,hrmn,lum,dep,com,agg,int,atm,col,adr,lat,long
202300039163,24,7,2023,2025-12-05 07:05:00,1,6,6069,1,1,1,3,Ziller (Avenue Pierre),43.674757,6.945251
202300039164,25,7,2023,2025-12-05 15:15:00,1,75,75116,2,1,1,2,Bd Peripherique Exterieur,48.864239,2.266641
202300039165,25,7,2023,2025-12-05 06:00:00,5,75,75112,2,1,2,2,Bd Peripherique Interieur,48.844941,2.414035
202300039166,25,7,2023,2025-12-05 03:05:00,5,75,75117,2,1,3,6,Bd Peripherique Exterieur,48.87968692,2.28083253
202300039167,24,7,2023,2025-12-05 18:35:00,1,75,75116,2,1,2,2,Porte Dauphine,48.872906,2.274447
202300039168,25,7,2023,2025-12-05 11:30:00,1,75,75119,2,1,2,6,Rue De Crimee,48.882434,2.386211
202300039169,25,7,2023,2025-12-05 10:15:00,1,75,75119,2,4,2,6,Rue Compans,48.881665,2.388506
202300039170,25,7,2023,2025-12-05 09:00:00,1,75,75119,2,9,8,2,Boulevard D Algerie,48.88026,2.400397
202300039171,25,7,2023,2025-12-05 07:00:00,2,75,75117,2,3,2,7,Avenue Des Ternes,48.878654,2.294201
202300039172,25,7,2023,2025-12-05 10:20:00,1,75,75113,2,3,2,6,Boulevard De L Hopital,48.834569,2.357769
202300039173,25,7,2023,2025-12-05 01:50:00,5,75,75111,2,2,2,3,Avenue Parmentier,48.865249,2.374549
202300039174,25,7,2023,2025-12-05 18:03:00,1,75,75108,2,3,1,2,Avenue Winston Churchill,48.864997,2.313697
202300039175,24,7,2023,2025-12-05 21:00:00,2,94,94079,1,6,2,2,Boulevard Jean Monnet,48.8275,2.5276
202300039176,25,7,2023,2025-12-05 16:00:00,1,95,95527,1,1,1,4,N104,49.02699782,2.51473188
202300039177,25,7,2023,2025-12-05 17:40:00,1,93,93066,2,3,1,3,Rue Du Landy / Rue De Tunis,48.91415084,2.34533039
202300039178,25,7,2023,2025-12-05 19:00:00,1,93,93050,2,3,2,3,Boulevard Du Marechal Foch / Rue Jules Lamant Et Ses Fils,48.85472,2.52254
202300039179,24,7,2023,2025-12-05 22:56:00,5,93,93048,2,2,8,3,Avenue Du Colonel Fabien / Avenue Du Docteur Fernand Lamaze,48.87654,2.45466
202300039180,25,7,2023,2025-12-05 16:15:00,1,93,93057,2,2,2,6,Boulevard De Paris / Avenue Du Quatorze Juillet,48.91400565,2.49173458
202300039181,25,7,2023,2025-12-05 15:50:00,1,92,92062,2,1,2,1,Pdt Wilson (Avenue),48.88515,2.22597
202300039182,24,7,2023,2025-12-05 05:35:00,5,92,92024,2,2,2,3,Jean Jaures (Bd) De (1 A 45)   (2 A 54),48.90004,2.30631
202300039183,23,7,2023,2025-12-05 19:05:00,1,92,92023,2,6,1,5,Trivaux (Carrefour De),48.78981074,2.25270889
202300039184,26,7,2023,2025-12-05 08:25:00,1,38,38157,1,6,1,3,D502,45.512099,4.956712
202300039185,25,7,2023,2025-12-05 15:14:00,1,22,22209,1,1,1,2,Les Roches,48.582211,-2.124208
202300039186,25,7,2023,2025-12-05 09:57:00,1,22,22094,1,3,1,3,Rue Du Moulin,48.596053,-2.149673
202300039187,26,7,2023,2025-12-05 10:40:00,1,49,49110,1,1,1,3,D74,47.556484,-0.333876
202300039188,25,6,2023,2025-12-05 12:20:00,1,974,97414,2,9,1,6,Avenue Pasteur,-21.273594,55.403774
202300039189,22,7,2023,2025-12-05 17:15:00,1,58,58270,1,2,1,3,La Courge,47.502366,3.013853
202300039190,25,7,2023,2025-12-05 19:00:00,1,83,83100,1,3,6,2,D97,43.277877,6.124181
202300039191,25,7,2023,2025-12-05 15:04:00,1,87,87020,1,1,1,2,A20,45.938124,1.304584
202300039192,25,7,2023,2025-12-05 14:45:00,1,40,40246,1,1,1,3,Route De Mont De Marsan,44.13094,-0.711268
202300039193,25,7,2023,2025-12-05 17:35:00,1,95,95316,1,1,8,6,D47,49.080075,2.444689
202300039194,26,7,2023,2025-12-05 05:50:00,2,62,62096,1,2,1,3,D930,50.128282,2.975353
202300039195,22,7,2023,2025-12-05 00:15:00,5,59,59580,2,1,1,6,38 Rue De Poperinghe,50.812264,2.625806
202300039196,24,7,2023,2025-12-05 07:30:00,1,79,79334,1,2,1,3,Adresse_Inconnue,46.148532,-0.532966
202300039197,25,7,2023,2025-12-05 13:50:00,1,2B,2B043,1,1,1,1,Hameau De Mausoleo,42.776688,9.467774
202300039198,26,7,2023,2025-12-05 01:35:00,3,32,32012,1,1,1,6,Rn 124 Pk 37+716,43.649279,0.794363
202300039199,25,7,2023,2025-12-05 20:45:00,3,63,63443,1,1,8,6,Route De Riom,45.93148964,3.17196555
202300039200,26,7,2023,2025-12-05 11:45:00,1,63,63321,1,1,1,1,D14,45.605376,3.317463
202300039201,25,7,2023,2025-12-05 22:35:00,3,2,2095,1,1,1,2,D8,50.005877,3.454986
202300039202,26,7,2023,2025-12-05 18:00:00,1,3,3236,1,1,1,1,D67,46.192368,3.419838
202300039203,26,7,2023,2025-12-05 08:15:00,1,70,70149,1,1,8,1,Departementale 16 Pk/Pr 008+450,47.632812,6.718547
202300039204,23,7,2023,2025-12-05 21:50:00,2,66,66160,2,1,1,1,Adresse_Inconnue,42.489865,2.703161
202300039205,25,7,2023,2025-12-05 21:30:00,2,50,50243,1,1,1,7,10 Route Belle Croix,49.033514,-1.498915
202300039206,25,7,2023,2025-12-05 07:00:00,2,43,43114,2,1,1,6,825 Route De Saint Jeures,45.16129,4.227094
202300039207,25,7,2023,2025-12-05 20:35:00,1,36,36012,1,1,2,6,Adresse_Inconnue,46.46099913,1.56939268
202300039208,25,7,2023,2025-12-05 22:15:00,5,36,36071,2,1,1,6,Adresse_Inconnue,46.777283,1.782215
202300039209,26,7,2023,2025-12-05 16:57:00,1,24,24352,1,1,1,2,Pk 2 D710,45.252089,0.363976
202300039210,24,7,2023,2025-12-05 17:38:00,1,24,24484,1,1,1,1,D6089,45.122142,0.867834
202300039211,25,7,2023,2025-12-05 22:52:00,3,27,27655,1,1,1,6,Ancienne Route De Bernay,49.318325,0.529162
202300039212,26,7,2023,2025-12-05 10:15:00,1,27,27116,1,4,1,3,D 438,49.178954,0.703382
202300039213,26,7,2023,2025-12-05 07:40:00,1,66,66228,1,4,1,3,Adresse_Inconnue,42.708298,2.796836
202300039214,26,7,2023,2025-12-05 12:20:00,1,6,6088,1,1,1,1,A8 Pk 190.700 - Chaussee Sud,43.708094,7.192451
202300039215,26,7,2023,2025-12-05 19:45:00,2,11,11262,1,1,1,1,Domaine De Moujan (Corps De Ferme),43.173354,3.06452
202300039216,24,7,2023,2025-12-05 03:55:00,3,30,30189,1,1,1,6,A9 Pk 54+300,43.812675,4.355747
202300039217,17,3,2023,2025-12-05 15:25:00,1,34,34146,1,1,1,6,A9 Pk 82.700,43.691307,4.072562
202300039218,26,7,2023,2025-12-05 18:30:00,3,976,97617,1,1,1,3,Ccd1 Soulou,-12.780833,45.107675
202300039219,26,7,2023,2025-12-05 07:45:00,1,27,27563,1,1,1,6,A13,49.385446,0.500565
202300039220,25,7,2023,2025-12-05 14:40:00,1,987,98744,1,1,1,6,Avera,-22.478829,-151.345446
202300039221,27,5,2023,2025-12-05 12:15:00,1,988,98821,1,1,1,1,Rt1,-22.074863,166.286423
202300039222,26,7,2023,2025-12-05 07:25:00,1,41,41136,2,1,7,1,Rue Maryse Bastie,47.7134,1.512659
202300039223,25,7,2023,2025-12-05 04:20:00,3,45,45089,1,1,1,6,D2060 Pr 88 + 713,47.915609,2.012333
202300039224,26,7,2023,2025-12-05 09:10:00,1,77,77031,1,3,1,3,D211,48.656747,2.926349
202300039225,26,7,2023,2025-12-05 11:30:00,1,83,83068,1,1,1,6,Route Du Littoral,43.287636,6.602386
202300039226,26,7,2023,2025-12-05 15:00:00,1,4,4063,1,1,1,3,Lieu Lit Les Rochettes,43.771764,5.764502
202300039227,19,7,2023,2025-12-05 16:22:00,1,71,71176,2,3,1,1,Route De Roanne,46.477543,3.988552
202300039228,26,7,2023,2025-12-05 07:50:00,1,71,71571,1,1,1,1,Route Des Pierres,46.372987,4.43543
202300039229,26,7,2023,2025-12-05 13:30:00,1,71,71236,1,1,1,2,D85,46.401224,4.744377
202300039230,24,7,2023,2025-12-05 12:28:00,1,54,54348,1,1,2,6,D907,48.83502065,5.89877844
202300039231,26,7,2023,2025-12-05 06:00:00,2,31,31193,1,1,1,3,D8,43.274288,1.06613
202300039232,26,7,2023,2025-12-05 06:50:00,1,86,86197,1,2,1,3,D61,47.007939,0.262717
202300039233,24,7,2023,2025-12-05 16:20:00,1,33,33284,1,1,1,6,Rue Des Quatre Routes,44.65366018,-0.85285395
202300039234,25,7,2023,2025-12-05 11:35:00,1,49,49021,1,1,1,3,D59,47.41248648,-0.20202092
202300039235,25,7,2023,2025-12-05 02:50:00,3,60,60685,1,1,2,7,Rd 620,49.36931,2.223605
202300039236,21,7,2023,2025-12-05 19:30:00,2,59,59400,1,1,1,7,Rue Barra,50.646328,2.660891
202300039237,20,7,2023,2025-12-05 17:11:00,1,13,13070,1,1,1,4,A50-Sens Aubagne Vers Marseille,43.285,5.515
202300039238,25,7,2023,2025-12-05 09:16:00,1,13,13211,1,1,1,6,A50-Sens Marseille Vers Aubagne,43.29214984,5.48051521
202300039239,24,7,2023,2025-12-05 19:23:00,1,83,83144,1,1,1,2,A57,43.14252635,6.00850589
202300039240,24,7,2023,2025-12-05 13:40:00,1,33,33249,1,1,1,2,Route Nationale 230,44.88116419,-0.5108428
202300039241,24,7,2023,2025-12-05 17:14:00,1,59,59386,1,1,2,6,Route Departementale 652,50.68302,3.06514
202300039242,17,6,2023,2025-12-05 10:27:00,1,78,78217,1,1,1,2,A13,48.965666,1.811443
202300039243,24,7,2023,2025-12-05 09:15:00,1,95,95582,1,1,1,5,D170,48.96251,2.26372
202300039244,24,7,2023,2025-12-05 07:30:00,1,93,93078,1,1,8,2,Autoroute A104,48.95891,2.52631
202300039245,24,7,2023,2025-12-05 07:00:00,1,93,93027,1,1,8,6,Bdl,48.92667,2.40326
202300039246,24,7,2023,2025-12-05 06:20:00,1,95,95582,1,1,2,6,A15,48.97563,2.2412
202300039247,23,7,2023,2025-12-05 23:10:00,3,95,95241,1,1,1,2,Rn 104,49.04808411,2.43497837
202300039248,25,7,2023,2025-12-05 17:00:00,1,94,94028,1,1,1,4,A86,48.77630937,2.43517187
202300039249,25,7,2023,2025-12-05 13:30:00,1,77,77018,1,1,2,6,A4,48.834967,2.8055
202300039250,25,7,2023,2025-12-05 07:15:00,1,94,94022,1,1,3,7,A86,48.7766716,2.41970908
202300039251,25,7,2023,2025-12-05 08:22:00,1,94,94017,1,1,2,3,A4,48.83044403,2.49190676
202300039252,25,7,2023,2025-12-05 05:37:00,3,77,77495,1,1,3,5,A5B,48.586943,2.636793
202300039253,24,7,2023,2025-12-05 20:00:00,1,94,94074,1,1,3,3,N406,48.76111962,2.46826261
202300039254,24,7,2023,2025-12-05 17:15:00,1,63,63113,2,1,2,3,Parking Lidl /Rue Lesage,45.78849,3.09718
202300039255,23,7,2023,2025-12-05 17:45:00,1,83,83123,2,1,1,1,Route De Bandol,43.12634303,5.78783298
202300039256,24,7,2023,2025-12-05 22:25:00,5,974,97411,2,9,1,2,Jaures (Bld 1 Jean),-20.89014,55.4608
202300039257,24,7,2023,2025-12-05 22:35:00,3,974,97411,1,1,1,6,Littoral (Route 2 Du),-20.88001,55.39806
202300039258,24,7,2023,2025-12-05 14:00:00,1,973,97302,2,1,1,3,Madeleine (Route De La),4.9148,-52.32093
202300039259,24,7,2023,2025-12-05 12:30:00,1,2B,2B264,1,1,1,4,Toutes Rues,42.3623,9.2617
202300039260,24,7,2023,2025-12-05 09:40:00,1,2B,2B120,1,1,1,3,Imperiale (Route) D464,42.65747,9.43244
202300039261,24,7,2023,2025-12-05 02:30:00,3,971,97113,1,9,1,2,Rn4 - Section Riviera,16.21884,-61.50232
202300039262,22,7,2023,2025-12-05 11:45:00,1,91,91421,2,1,1,3,Jean Jaures (Avenue),48.714452,2.447921
202300039263,24,7,2023,2025-12-05 22:45:00,5,91,91223,2,1,2,7,Lys (Rue Des),48.43686,2.1364
202300039264,22,7,2023,2025-12-05 16:57:00,1,90,90010,2,1,1,7,Premiere Armee Francaise (Avenue De La),47.65513,6.84114
202300039265,22,7,2023,2025-12-05 19:30:00,1,87,87085,2,6,1,6,Dussoubs (Place Denis),45.83291,1.25564
202300039266,20,7,2023,2025-12-05 12:34:00,1,83,83009,1,1,1,6,Rocade Nord,43.1498,5.76007
202300039267,22,7,2023,2025-12-05 19:35:00,1,83,83123,2,3,1,3,Avenir (Bd),43.117196,5.805432
202300039268,24,7,2023,2025-12-05 07:15:00,1,77,77449,1,1,2,6,Rd 231,48.830983,2.800036
202300039269,23,7,2023,2025-12-05 15:00:00,1,76,76540,2,3,2,6,Quai De Boisguilbert,49.44414,1.07135
202300039270,24,7,2023,2025-12-05 06:55:00,1,69,69264,2,1,2,7,Avenue De L'Europe,45.99823,4.73884
202300039271,24,7,2023,2025-12-05 11:45:00,1,64,64284,2,1,1,2,Charles De Gaulle,43.28657,-0.3896
202300039272,24,7,2023,2025-12-05 11:20:00,1,64,64140,2,1,2,3,Novembre (Rue Du 11),43.52812,-1.47983
202300039273,15,7,2023,2025-12-05 20:50:00,1,59,59560,2,6,1,1,Epinette Rue De L,50.549533,3.051209
202300039274,21,7,2023,2025-12-05 20:02:00,1,58,58194,2,6,1,3,Vauzelles,47.00475,3.14661
202300039275,20,7,2023,2025-12-05 22:50:00,5,58,58194,2,3,1,3,Charleville,46.98742,3.15125
202300039276,22,7,2023,2025-12-05 21:25:00,2,57,57672,2,1,1,7,Auriges (Rue Des),49.358,6.138
202300039277,24,7,2023,2025-12-05 16:10:00,1,56,56121,2,1,1,2,Indes (Pont Des),47.75788,-3.35447
202300039278,16,7,2023,2025-12-05 11:00:00,1,56,56162,1,1,1,6,Rue Des Deux Soeurs,47.70332,-3.45868
202300039279,24,7,2023,2025-12-05 19:20:00,1,54,54395,2,2,1,3,Avenue De La Liberation,48.69704374,6.15832508
202300039280,23,7,2023,2025-12-05 10:30:00,1,54,54274,2,3,1,3,Rue De La Republique,48.6715,6.20548
202300039281,24,7,2023,2025-12-05 09:55:00,1,45,45234,2,1,1,3,Secretain (Avenue Roger),47.88409642,1.89823151
202300039282,24,7,2023,2025-12-05 20:24:00,2,45,45004,1,1,2,6,D2060 Pr 28 + 42,47.971088,2.737514
202300039283,23,7,2023,2025-12-05 17:40:00,1,43,43046,2,1,1,1,15 Boulevard Montgiraud,45.05765,3.90249
202300039284,22,7,2023,2025-12-05 16:20:00,1,39,39198,2,1,1,6,54 Rue Des Commards,47.094618,5.50729
202300039285,24,7,2023,2025-12-05 15:43:00,1,37,37214,2,6,1,3,Bordiers (Rue Des),47.41911,0.67399
202300039286,24,7,2023,2025-12-05 11:58:00,1,37,37261,2,2,1,3,Nationale (Rue),47.39296,0.68779
202300039287,23,6,2023,2025-12-05 06:00:00,2,30,30102,1,1,1,6,D225,43.912409,4.28735
202300039288,21,6,2023,2025-12-05 15:25:00,1,88,88319,2,1,1,2,Avenue Du General De Gaulle,48.377622,6.883321
202300039289,20,6,2023,2025-12-05 15:50:00,1,88,88148,1,2,1,3,Rue De La Faxette,47.98841,6.634642
202300039290,23,6,2023,2025-12-05 09:45:00,1,42,42155,1,1,1,6,A89,45.816851,4.114294
202300039291,22,6,2023,2025-12-05 15:44:00,1,83,83116,1,1,1,5,Point Kilometrique 62.800 Sens Est-Ouest,43.44880529,5.88847971
202300039292,9,6,2023,2025-12-05 06:20:00,2,974,97418,2,1,1,1,117 Rue Roger Payet,-20.91485,55.51007
202300039293,21,6,2023,2025-12-05 11:25:00,1,971,97107,1,1,1,3,Rn1 - Saint Sauveur,16.0136,-61.585965
202300039294,23,6,2023,2025-12-05 15:30:00,1,33,33203,1,3,1,3,Route Departementale 3,45.139135,-1.045214
202300039295,21,6,2023,2025-12-05 16:45:00,1,45,45270,1,1,1,6,D60 Pr 8 + 611,47.82381,2.29669
202300039296,21,6,2023,2025-12-05 23:30:00,4,77,77413,2,1,1,7,D934,48.88358,2.8451
202300039297,23,6,2023,2025-12-05 08:00:00,1,91,91494,1,6,1,4,"Rond Point Perce, D19",48.614896,2.351031
202300039298,23,6,2023,2025-12-05 15:45:00,1,13,13073,1,1,1,1,D8,43.396687,5.575213
202300039299,22,6,2023,2025-12-05 14:25:00,1,13,13027,2,2,1,3,D34,43.885251,4.828987
202300039300,21,6,2023,2025-12-05 13:20:00,1,26,26165,1,1,1,2,Adresse_Inconnue,44.80347864,4.850142
202300039301,23,6,2023,2025-12-05 02:45:00,4,55,55514,2,1,1,7,49 Rue Raymond Poincare,48.747603,5.05828
202300039302,23,6,2023,2025-12-05 10:52:00,1,57,57620,2,1,1,7,D181,49.199944,5.994737
202300039303,23,6,2023,2025-12-05 15:03:00,1,38,38468,1,1,1,4,Route Nationale 7,45.338331,4.804587
202300039304,23,6,2023,2025-12-05 12:00:00,1,65,65123,1,1,1,3,La Seoube,42.955995,0.258184
202300039305,22,6,2023,2025-12-05 12:00:00,1,9,9293,1,1,1,1,D21,42.962884,1.517374
202300039306,22,6,2023,2025-12-05 07:10:00,1,79,79049,2,1,2,7,Adresse_Inconnue,46.810653,-0.559986
202300039307,21,6,2023,2025-12-05 17:50:00,1,79,79049,2,1,1,7,Adresse_Inconnue,46.838894,-0.496115
202300039308,22,6,2023,2025-12-05 21:15:00,2,60,60452,1,1,1,7,Rue Du Moulin,49.20571,1.997737
202300039309,1,6,2023,2025-12-05 15:30:00,1,59,59190,1,1,1,1,Rue De Boussois,50.30992,4.015439
202300039310,23,6,2023,2025-12-05 17:30:00,1,59,59080,2,1,1,3,Rue Du Saulzoir,50.463794,3.287581
202300039311,18,6,2023,2025-12-05 12:26:00,1,13,13202,1,1,1,2,A55-Sens Marseille Vers Martigues,43.31961,5.36377
202300039312,18,6,2023,2025-12-05 17:30:00,1,13,13005,1,1,1,7,A50-Sens Aubagne Vers Marseille,43.2884,5.54805
202300039313,21,6,2023,2025-12-05 17:30:00,1,69,69276,1,1,1,7,Autoroute 7,45.66385942,4.84307563
202300039314,18,6,2023,2025-12-05 11:40:00,1,67,67365,1,1,1,6,M35,48.53923,7.71869
202300039315,22,6,2023,2025-12-05 17:30:00,1,33,33318,1,1,1,2,Autoroute A 63,44.78488,-0.62959
202300039316,19,6,2023,2025-12-05 17:28:00,1,62,62274,1,1,1,6,A1,50.44077,2.97299
202300039317,22,6,2023,2025-12-05 20:01:00,1,91,91136,1,1,1,3,Autoroute A10,48.71322,2.28624
202300039318,22,6,2023,2025-12-05 18:45:00,1,94,94065,1,1,1,2,A106,48.75423746,2.3518639
202300039319,22,6,2023,2025-12-05 18:10:00,1,94,94038,1,1,1,2,A6A,48.78022461,2.34674665
202300039320,22,6,2023,2025-12-05 10:45:00,1,92,92064,1,1,2,7,A13,48.83922315,2.2111532
202300039321,21,6,2023,2025-12-05 20:40:00,1,95,95252,1,1,1,3,A15,48.97641088,2.23645806
202300039322,20,6,2023,2025-12-05 18:30:00,1,93,93005,1,1,8,6,Autoroute A1,48.96143,2.46628
202300039323,20,6,2023,2025-12-05 17:50:00,1,95,95018,1,1,1,2,A15,48.96033709,2.27110147
202300039324,20,6,2023,2025-12-05 13:50:00,1,95,95154,1,1,1,3,A1,49.05184369,2.54809856
202300039325,18,6,2023,2025-12-05 13:00:00,1,93,93006,1,1,1,2,Autoroute A3,48.86577158,2.41749625
202300039326,18,6,2023,2025-12-05 04:20:00,5,95,95527,1,1,3,3,A1,49.01544622,2.53143909
202300039327,22,6,2023,2025-12-05 20:00:00,1,94,94004,1,1,1,2,N19,48.75940121,2.50031751
202300039328,17,6,2023,2025-12-05 10:35:00,1,94,94017,1,1,1,4,A4,48.82732384,2.50906368
202300039329,22,3,2023,2025-12-05 22:50:00,3,38,38297,1,1,1,7,Chemin De Morgier,45.689356,5.429338
202300039330,21,6,2023,2025-12-05 19:20:00,5,971,97105,2,9,8,6,Bd Gerty Archimede,15.99162,-61.72904
202300039331,21,6,2023,2025-12-05 09:25:00,1,78,78029,2,3,1,3,Jules Ferry(Rue),48.95368,1.85588
202300039332,21,6,2023,2025-12-05 07:50:00,1,76,76108,2,1,1,6,Avenue Du Marechal Juin,49.46338,1.13299
202300039333,21,6,2023,2025-12-05 15:05:00,1,67,67482,2,1,1,6,Premiere Armee (Rue De La),48.57444,7.75364
202300039334,19,6,2023,2025-12-05 21:10:00,5,972,97209,1,1,1,4,Autoroute A1,14.614021,-61.051723
202300039335,21,6,2023,2025-12-05 19:46:00,1,2B,2B120,1,9,1,2,11 - Rt,42.63796,9.4383
202300039336,21,6,2023,2025-12-05 12:30:00,1,2A,2A004,2,1,1,2,Campi Louis Bd,41.94358,8.75436
202300039337,20,6,2023,2025-12-05 18:00:00,1,91,91114,2,1,2,6,Rue Talma,48.69384,2.50228
202300039338,21,6,2023,2025-12-05 12:45:00,1,91,91286,2,1,1,6,Emile Alliaud (Avenue),48.65919,2.39978
202300039339,19,6,2023,2025-12-05 15:30:00,1,87,87085,2,1,1,6,Beaublanc (Boulevard De),45.84677,1.24386
202300039340,18,6,2023,2025-12-05 15:55:00,1,83,83061,1,1,1,1,D7,43.48843,6.77941
202300039341,21,6,2023,2025-12-05 01:26:00,5,81,81004,2,1,1,6,Choiseul (Quai),43.93026,2.1447
202300039342,14,6,2023,2025-12-05 19:15:00,1,78,78396,2,3,1,2,Jules Rein (Rue),48.932983,2.129813
202300039343,21,6,2023,2025-12-05 14:30:00,1,78,78418,2,9,1,3,Gabriel Peri (Avenue),48.92736,2.14036
202300039344,21,6,2023,2025-12-05 18:15:00,1,76,76231,2,1,1,2,Rue De La Republique (Contre-Allee),49.29068,1.00116
202300039345,21,6,2023,2025-12-05 16:10:00,1,76,76216,2,1,1,4,Route De Dieppe,49.47833,1.04734
202300039346,21,6,2023,2025-12-05 02:25:00,5,76,76351,2,1,2,7,Pierre Mendes France,49.515319,0.154158
202300039347,13,6,2023,2025-12-05 12:00:00,1,73,73008,2,1,1,2,D1201 Lattre De Tassigny Avenue De L',45.69486555,5.90374819
202300039348,20,6,2023,2025-12-05 18:00:00,1,71,71076,2,2,1,3,Coudre (Chemin De La),46.79907957,4.84873317
202300039349,20,6,2023,2025-12-05 11:25:00,1,69,69259,2,3,1,3,Rue Albert Einstein,45.69732,4.87681
202300039350,19,6,2023,2025-12-05 07:15:00,1,68,68297,2,6,1,6,Mulhouse ( Rue)Cite Bourglibre Jusque Ru,47.591231,7.557594
202300039351,17,6,2023,2025-12-05 23:45:00,5,64,64483,2,3,2,3,Thiers Adolphe (Boulevard),43.39069,-1.6591
202300039352,21,6,2023,2025-12-05 16:55:00,1,64,64445,2,1,8,4,Buros De,43.30965,-0.35232
202300039353,21,6,2023,2025-12-05 07:45:00,1,63,63113,2,2,2,1,Kessler (Rue),45.76909,3.0873
202300039354,5,6,2023,2025-12-05 01:30:00,4,62,62563,1,1,1,1,Boulevard Arthur Lamendin,50.459448,2.720795
202300039355,18,6,2023,2025-12-05 15:10:00,1,62,62498,2,1,1,6,Rue Lazare Hoche,50.44001,2.82969
202300039356,16,6,2023,2025-12-05 16:45:00,1,62,62427,2,9,1,6,Place De La Republique,50.42167789,2.94656745
202300039357,21,6,2023,2025-12-05 09:45:00,1,61,61117,1,2,1,3,Moulin A Vent (Rue Du),48.438,0.058
202300039358,17,6,2023,2025-12-05 12:30:00,1,59,59350,2,2,1,3,Liberte Bvd Ndeg2 - 90-51 - 145,50.63225,3.06075
202300039359,17,6,2023,2025-12-05 15:30:00,1,59,59043,1,2,1,4,Belle Croix (Rue De La),50.72188,2.70345
202300039360,21,6,2023,2025-12-05 01:25:00,5,57,57751,2,2,1,3,General De Gaulle (Rue Du ),49.147926,6.150059
202300039361,7,6,2023,2025-12-05 14:28:00,1,56,56260,2,1,1,2,Boulevard De La Resistance,47.64593,-2.77986
202300039362,20,6,2023,2025-12-05 17:55:00,1,56,56121,2,1,1,2,Saint-Christophe ( Pont ),47.76135,-3.36428
202300039363,20,6,2023,2025-12-05 17:20:00,1,56,56121,2,3,1,2,Chenailler Dit Colonel Maurice ( Av. ),47.73587,-3.38986
202300039364,20,6,2023,2025-12-05 15:50:00,1,54,54395,2,3,1,6,Avenue De Boufflers,48.68922,6.16162
202300039365,20,6,2023,2025-12-05 15:15:00,1,54,54395,2,2,1,3,Boulevard Albert 1Er,48.69846,6.16685
202300039366,20,6,2023,2025-12-05 13:51:00,1,54,54329,2,1,1,6,Avenue Du General De Gaulle,48.59723,6.48231
202300039367,21,6,2023,2025-12-05 14:05:00,1,54,54280,2,1,1,3,Rue De Franchepre,49.22688,6.01652
202300039368,20,6,2023,2025-12-05 12:10:00,1,49,49353,1,1,1,5,Perreyeux,47.45366,-0.49856
202300039369,18,6,2023,2025-12-05 07:40:00,1,44,44143,1,1,1,2,Adresse_Inconnue,47.1673571,-1.5214338
202300039370,20,6,2023,2025-12-05 18:10:00,1,44,44162,2,1,1,6,77 Boulevard Du Tertre,47.21182,-1.60903
202300039371,20,6,2023,2025-12-05 22:45:00,5,43,43157,2,1,1,3,11 Cours Victor Hugo,45.03876081,3.88454139
202300039372,21,6,2023,2025-12-05 08:45:00,1,37,37195,2,6,1,6,Mairie (Rue De La),47.38671,0.65115
202300039373,20,6,2023,2025-12-05 14:05:00,1,37,37261,2,1,1,1,Tonnelle (Boulevard),47.38006,0.6678
202300039374,19,6,2023,2025-12-05 09:30:00,1,33,33162,2,3,1,6,Rue Du College Technique,44.88383,-0.62965
202300039375,15,6,2023,2025-12-05 06:10:00,1,33,33063,2,1,1,6,Rue De Pessac,44.82936,-0.58215
202300039376,21,6,2023,2025-12-05 22:50:00,5,31,31555,2,1,1,6,Che Des Pradettes,43.57903395,1.38718352
202300039377,21,6,2023,2025-12-05 10:30:00,1,29,29232,2,2,2,3,Rue Amiral Ronarc'H,47.995063,-4.108142
202300039378,21,6,2023,2025-12-05 12:08:00,1,29,29232,2,1,1,6,Boulevard Dupleix,47.99467,-4.10188
202300039379,21,6,2023,2025-12-05 08:15:00,1,29,29151,2,1,7,6,18 Rue Paul Serusier,48.58295,-3.81891
202300039380,20,6,2023,2025-12-05 18:10:00,1,29,29019,2,1,1,2,Rue De Madagascar,48.384002,-4.478775
202300039381,21,6,2023,2025-12-05 15:05:00,1,28,28404,1,6,1,3,Garnay (Rond Point De),48.71967,1.34837
202300039382,21,6,2023,2025-12-05 19:30:00,1,25,25056,1,1,1,2,N57 - Les Vallieres,47.21214,5.990879
202300039383,21,6,2023,2025-12-05 23:20:00,3,22,22187,1,9,1,2,Verdun (Rue De ),48.53645896,-2.77533978
202300039384,21,6,2023,2025-12-05 10:27:00,1,17,17306,2,1,1,6,Europe (Cours De L'),45.62495,-1.01988
202300039385,21,6,2023,2025-12-05 14:55:00,1,15,15014,2,2,1,6,N 122,44.9126,2.4349
202300039386,13,6,2023,2025-12-05 23:25:00,3,14,14398,1,1,1,6,1167 Route De Dives,49.19401,0.178168
202300039387,20,6,2023,2025-12-05 13:25:00,1,14,14118,2,2,1,3,101 Rue Du Chemin Vert,49.19477,-0.395289
202300039388,16,6,2023,2025-12-05 16:45:00,1,14,14167,1,6,1,6,1 Route De Cabourg,49.19949,-0.29248
202300039389,21,6,2023,2025-12-05 11:30:00,1,13,13208,2,1,1,6,Clot Bey (Avenue),43.25887469,5.38461192
202300039390,18,6,2023,2025-12-05 04:30:00,5,13,13005,1,1,1,1,Vallee (Traverse De La ),43.29042,5.55524
202300039391,20,6,2023,2025-12-05 08:00:00,1,10,10387,2,6,1,3,Jeanne D'Arc (Rue),48.29006,4.06762
202300039392,15,6,2023,2025-12-05 13:20:00,1,6,6069,2,1,1,2,Rouquier (Boulevard Emmanuel),43.636336,6.940653