num_acc,jour,mois,an,hrmn,lum,dep,com,agg,int,atm,col,adr,lat,long
202300039393,20,6,2023,2025-12-05 10:10:00,1,3,3190,2,1,2,6,Rue Henri Barbusse,46.5503,3.3359
202300039394,21,6,2023,2025-12-05 06:45:00,1,2,2738,2,6,1,3,Adresse_Inconnue,49.657647,3.310234
202300039395,21,6,2023,2025-12-05 16:40:00,4,75,75116,2,1,1,7,Porte De Passy,48.857166,2.25862
202300039396,20,6,2023,2025-12-05 17:50:00,1,75,75120,2,1,1,3,Bd Peripherique Exterieur,48.863492,2.413639
202300039397,19,6,2023,2025-12-05 17:20:00,1,75,75120,2,1,1,4,Bd Peripherique Exterieur,48.847366,2.414748
202300039398,16,6,2023,2025-12-05 19:59:00,1,75,75118,2,1,1,5,Bd Peripherique Exterieur,48.901194,2.350747
202300039399,15,6,2023,2025-12-05 18:00:00,1,75,75116,2,1,1,3,Porte D Auteuil,48.850605,2.252006
202300039400,14,6,2023,2025-12-05 12:10:00,1,75,75117,2,1,1,4,Porte Maillot,48.881811,2.282884
202300039401,21,6,2023,2025-12-05 20:15:00,1,75,75107,2,3,1,3,Quai Branly,48.859051,2.293498
202300039402,16,6,2023,2025-12-05 17:09:00,1,75,75104,2,4,1,2,Quai Henri Iv,48.847024,2.365219
202300039403,20,6,2023,2025-12-05 11:20:00,1,75,75105,2,2,1,3,Rue D Ulm,48.844533,2.345341
202300039404,20,6,2023,2025-12-05 23:35:00,5,75,75105,2,2,1,2,Rue Soufflot,48.847103,2.341954
202300039405,21,6,2023,2025-12-05 21:20:00,1,75,75119,2,1,1,6,Avenue Jean Jaures,48.892642,2.391442
202300039406,21,6,2023,2025-12-05 14:50:00,1,75,75117,2,1,1,6,Boulevard Berthier,48.892085,2.307853
202300039407,18,6,2023,2025-12-05 01:30:00,5,75,75117,2,3,1,3,Rue Legendre,48.882442,2.31181
202300039408,16,6,2023,2025-12-05 12:00:00,1,75,75117,2,1,1,1,Boulevard Pereire,48.885797,2.298244
202300039409,10,6,2023,2025-12-05 20:55:00,2,75,75117,2,2,1,6,Avenue Niel,48.878649,2.294215
202300039410,20,6,2023,2025-12-05 16:33:00,1,75,75114,2,3,1,3,Avenue Du Maine,48.831868,2.325285
202300039411,17,6,2023,2025-12-05 11:45:00,1,75,75114,2,1,1,3,Rue Du Commandant Rene Mouchotte,48.837993,2.319063
202300039412,16,6,2023,2025-12-05 15:14:00,1,75,75114,2,7,1,3,Place Victor Basch,48.828081,2.326876
202300039413,21,6,2023,2025-12-05 14:05:00,1,75,75113,2,2,1,6,Boulevard Saint Marcel,48.838329,2.356873
202300039414,21,6,2023,2025-12-05 08:45:00,1,75,75113,2,1,1,2,Avenue D Italie,48.82900814,2.35641718
202300039415,21,6,2023,2025-12-05 08:05:00,1,75,75113,2,1,1,2,Rue Des Grands Moulins,48.827241,2.374963
202300039416,21,6,2023,2025-12-05 16:00:00,1,75,75111,2,3,1,2,Boulevard Voltaire,48.857358,2.380881
202300039417,20,6,2023,2025-12-05 22:45:00,5,75,75110,2,2,1,3,Boulevard De Magenta,48.87482,2.357372
202300039418,20,6,2023,2025-12-05 20:10:00,1,75,75101,2,2,1,6,Rue De Richelieu,48.866627,2.337359
202300039419,14,2,2023,2025-12-05 06:13:00,3,27,27439,1,1,1,2,Rn154,49.072179,1.183262
202300039420,20,6,2023,2025-12-05 18:05:00,1,94,94067,2,1,1,1,Avenue Gallieni,48.84668901,2.41613334
202300039421,6,11,2023,2025-12-05 07:15:00,1,988,98818,2,3,1,6,Avenue Bonaparte/Rue Theophile Betfort,-22.23344,166.46651
202300039422,21,6,2023,2025-12-05 02:05:00,5,94,94042,2,1,1,4,Pont De Joinville,48.82014,2.46936
202300039423,21,6,2023,2025-12-05 12:10:00,1,94,94046,2,1,1,6,Avenue De La Republique,48.804574,2.438142
202300039424,6,11,2023,2025-12-05 11:50:00,1,69,69388,2,2,1,6,Rue Paul Cazeneuve,45.73142,4.85981
202300039425,21,6,2023,2025-12-05 08:10:00,1,94,94021,2,9,1,3,D'Agen (Rue),48.762879,2.348971
202300039426,6,11,2023,2025-12-05 07:05:00,1,972,97213,2,1,1,6,Route Departementale 3,14.61708,-60.98936
202300039427,20,6,2023,2025-12-05 18:30:00,1,94,94028,2,1,1,6,Mozart.(Allee),48.79131,2.44167
202300039428,20,6,2023,2025-12-05 16:00:00,1,94,94017,2,1,1,6,Boulevard Gabriel Peri,48.817694,2.497252
202300039429,6,11,2023,2025-12-05 20:50:00,5,69,69034,2,1,1,1,69 Route De Strasbourg,45.79462,4.87315
202300039430,21,6,2023,2025-12-05 18:50:00,1,93,93031,2,2,1,6,Avenue Gallieni / Avenue Joffre,48.96186,2.29534
202300039431,6,11,2023,2025-12-05 11:55:00,1,69,69381,2,3,1,3,Rue President Edouard Herriot,45.76638,4.83439
202300039432,20,6,2023,2025-12-05 23:16:00,4,93,93079,2,3,1,1,Avenue Jean Jaures / Rue Edouard Vaillant,48.9642,2.347
202300039433,21,6,2023,2025-12-05 14:30:00,1,93,93014,2,1,1,6,2 Allee Maurice Audin,48.9085286,2.53996099
202300039434,6,11,2023,2025-12-05 15:30:00,1,971,97105,2,1,1,2,Charles De Gaulle (Bd Du General),15.99617771,-61.73227429
202300039435,20,6,2023,2025-12-05 14:10:00,1,93,93047,2,1,1,6,Avenue Victor Hugo,48.90065413,2.56229417
202300039436,6,11,2023,2025-12-05 11:30:00,1,95,95280,2,1,1,1,Paul Vaillant Couturier (Boulevard),49.03213774,2.46829748
202300039437,21,6,2023,2025-12-05 13:20:00,1,93,93010,2,2,1,3,Avenue Gallieni / Chemin Du Pont,48.90716845,2.48894513
202300039438,6,11,2023,2025-12-05 16:45:00,2,91,91114,2,1,2,2,Av Pierre Prost,48.6995,2.494
202300039439,20,6,2023,2025-12-05 19:10:00,1,93,93007,2,1,1,2,Avenue Henri Barbusse,48.93922826,2.46144606
202300039440,6,11,2023,2025-12-05 16:30:00,1,91,91589,2,1,2,6,Rue De Champagne,48.688785,2.357513
202300039441,18,6,2023,2025-12-05 11:45:00,1,93,93001,2,5,7,3,Avenue Victor Hugo / Boulevard Felix Faure,48.9085801,2.37801837
202300039442,6,11,2023,2025-12-05 12:00:00,1,91,91589,2,3,1,6,Rue De L Eglise,48.6745,2.35265
202300039443,21,6,2023,2025-12-05 09:23:00,1,92,92064,2,3,1,2,Marcel Dassault,48.85837,2.22372
202300039444,5,11,2023,2025-12-05 07:04:00,5,91,91223,2,3,1,6,Rd 191,48.43281,2.17575
202300039445,21,6,2023,2025-12-05 14:30:00,1,92,92051,2,1,1,2,General Leclerc (Boulevard Du Ndeg 29 A 65,48.89263505,2.2660616
202300039446,3,11,2023,2025-12-05 18:40:00,5,87,87085,2,1,3,6,Dutreix (Rue Armand),45.83383,1.23181
202300039447,21,6,2023,2025-12-05 12:10:00,1,92,92050,2,1,1,3,Arago Francois Avenue,48.90102313,2.22484212
202300039448,21,6,2023,2025-12-05 18:50:00,1,92,92020,2,1,1,2,Paris Avenue De Ndeg2 A82,48.805494,2.291011
202300039449,3,11,2023,2025-12-05 14:20:00,1,87,87085,2,2,2,1,Ancienne Ecole Normale Instit (Rue De L',45.81604,1.2794
202300039450,20,6,2023,2025-12-05 18:45:00,1,92,92020,2,1,1,6,Paris Avenue De Ndeg Impairs,48.80911058,2.29728252
202300039451,3,11,2023,2025-12-05 13:59:00,1,87,87085,2,1,3,6,Saint Gence (Rue De) (Rd218),45.8451,1.24001
202300039452,21,6,2023,2025-12-05 08:10:00,1,92,92040,2,1,9,2,Pdt Roosevelt (Quai Du),48.83009875,2.26096183
202300039453,3,11,2023,2025-12-05 07:27:00,5,87,87085,2,1,3,6,Arcades (Boulevard Des),45.85203,1.26231
202300039454,31,10,2023,2025-12-05 16:00:00,1,80,80021,2,1,1,6,Chateaudun (Boulevard De),49.88265,2.28391
202300039455,6,11,2023,2025-12-05 15:00:00,1,78,78238,1,1,1,6,Renault (Route De),48.966528,1.865303
202300039456,6,11,2023,2025-12-05 21:45:00,5,76,76498,2,1,1,1,Boulevard Du 11 Novembre,49.4202,1.06854
202300039457,6,11,2023,2025-12-05 12:05:00,1,76,76498,2,1,6,6,Boulevard Stanislas Girardin,49.41371,1.06574
202300039458,4,11,2023,2025-12-05 07:30:00,2,76,76351,2,1,1,3,Marceau (Rue),49.48957,0.13395
202300039459,3,11,2023,2025-12-05 21:50:00,5,76,76351,2,3,1,2,Francois 1Er (Bd),49.49231,0.09886
202300039460,4,11,2023,2025-12-05 09:15:00,1,76,76351,2,1,1,1,Jules Durand (Bd),49.48983,0.15631
202300039461,4,11,2023,2025-12-05 11:35:00,1,76,76351,2,6,2,6,Estuaire (Route De L'),49.466964,0.180299
202300039462,3,11,2023,2025-12-05 15:38:00,1,76,76351,2,3,1,6,Verdun (Rue De),49.50226,0.1606
202300039463,4,11,2023,2025-12-05 16:30:00,1,76,76341,1,1,3,6,Rd 6382,49.51042,0.19778
202300039464,6,11,2023,2025-12-05 07:15:00,1,74,74305,2,3,2,3,Voirons (Rue Des),46.2025,6.25598
202300039465,6,11,2023,2025-12-05 09:55:00,1,74,74010,2,1,8,3,Loverchy (Cimetiere/Avenue),45.89223,6.11671
202300039466,6,11,2023,2025-12-05 18:25:00,5,72,72181,2,9,2,3,Gaulle General De (Av Du),48.00405,0.19978
202300039467,4,11,2023,2025-12-05 13:30:00,1,71,71306,1,1,3,3,Rn 70 (Route Express),46.65869816,4.33109687
202300039468,6,11,2023,2025-12-05 19:05:00,5,69,69266,2,3,1,6,Rue Jean Jaures,45.75814048,4.88505574
202300039469,6,11,2023,2025-12-05 18:20:00,5,67,67482,2,2,2,6,Cesar Julien (Rue Du),48.58145,7.70361
202300039470,6,11,2023,2025-12-05 18:10:00,5,67,67482,2,3,2,6,Jean Giraudoux (Rue),48.58708,7.70087
202300039471,20,6,2023,2025-12-05 16:35:00,1,92,92036,2,4,1,6,Laurent Cely (Avenue) (2/152),48.91739,2.30745
202300039472,6,11,2023,2025-12-05 21:38:00,5,67,67180,2,9,8,3,Bischwiller (Route De),48.80328,7.81075
202300039473,20,6,2023,2025-12-05 13:45:00,1,92,92036,2,1,1,7,Laurent Cely (Avenue) (154/336),48.92447,2.30445
202300039474,21,6,2023,2025-12-05 21:53:00,1,92,92026,2,3,1,3,Joffre,48.90073,2.27515
202300039475,6,11,2023,2025-12-05 17:55:00,5,62,62193,2,2,3,3,Rue D'Amsterdam,50.95578,1.85535
202300039476,21,6,2023,2025-12-05 10:00:00,1,92,92004,2,1,1,1,Menil,48.92367,2.27996
202300039477,21,6,2023,2025-12-05 14:53:00,1,34,34155,1,1,1,7,Rd162,43.36073,3.117977
202300039478,4,11,2023,2025-12-05 15:10:00,1,57,57672,2,3,2,3,Comte De Bertier (Avenue) - Pair,49.37136,6.16937
202300039479,21,6,2023,2025-12-05 16:38:00,1,1,1333,2,3,1,1,Rue De La Gare,45.925834,4.950027
202300039480,6,11,2023,2025-12-05 08:25:00,1,56,56260,2,1,3,6,Boulevard De La Resistance,47.6422,-2.7757
202300039481,20,6,2023,2025-12-05 14:35:00,1,67,67061,1,1,1,6,D517,48.833757,7.491367
202300039482,21,6,2023,2025-12-05 16:05:00,1,73,73330,1,2,1,7,D1504 / Chemin De La Tuiliere,45.7057,5.766873
202300039483,29,5,2023,2025-12-05 02:00:00,3,40,40304,2,1,1,6,106 Avenue Maitre Pierre,43.656788,-1.427899
202300039484,6,11,2023,2025-12-05 11:20:00,1,51,51454,2,1,1,3,Garnier (Rue Francis),49.28612,4.0244
202300039485,21,6,2023,2025-12-05 01:15:00,3,33,33216,1,1,2,7,D 125,44.472823,-0.159431
202300039486,22,6,2023,2025-12-05 14:20:00,1,5,5027,1,1,2,3,Col D'Izoard (Col De Montagne),44.850073,6.725001
202300039487,6,11,2023,2025-12-05 20:44:00,3,51,51431,1,1,3,6,Route Departementale Rd 10,49.01272,3.943663
202300039488,22,6,2023,2025-12-05 08:47:00,1,12,12033,1,1,1,5,D988 - Pk 046+0090,44.450724,2.722887
202300039489,6,11,2023,2025-12-05 19:10:00,5,50,50147,2,1,3,6,Division Leclerc,49.06275,-1.4338
202300039490,22,6,2023,2025-12-05 12:39:00,1,41,41101,1,1,1,1,Autoroute A10 Pk 161+500,47.615971,1.165023
202300039491,21,6,2023,2025-12-05 17:00:00,1,72,72155,1,8,1,3,La Borderie 72220,47.865438,0.223093
202300039492,3,11,2023,2025-12-05 16:05:00,1,49,49007,2,1,2,3,Bon Pasteur Boulevard,47.47,-0.569
202300039493,22,6,2023,2025-12-05 04:00:00,3,77,77492,1,1,1,3,D407,48.904699,3.350106
202300039494,21,6,2023,2025-12-05 16:45:00,1,40,40246,1,1,1,1,D834,44.154792,-0.741684
202300039495,6,11,2023,2025-12-05 12:00:00,1,43,43041,2,1,1,6,141 Avenue Charles Dupuy,45.0534,3.9104
202300039496,21,6,2023,2025-12-05 09:20:00,1,57,57370,1,1,1,1,Route Departementale 654,49.399615,6.280274
202300039497,10,5,2023,2025-12-05 08:25:00,1,59,59331,1,1,2,3,Route De Guise,50.10439616,3.69188479
202300039498,2,11,2023,2025-12-05 09:40:00,1,42,42071,2,1,2,6,Boulevard Charles Gallet,46.02313,4.09373
202300039499,22,6,2023,2025-12-05 14:20:00,1,56,56259,1,2,1,3,Le Monteno,47.602562,-2.594807
202300039500,6,11,2023,2025-12-05 22:15:00,5,38,38151,2,1,1,6,Rue De Comboire,45.14738,5.69406
202300039501,15,6,2023,2025-12-05 07:50:00,1,77,77020,2,1,1,3,10 Rue De La Fontaine A L'Ange,48.677944,3.193857
202300039502,6,11,2023,2025-12-05 12:00:00,1,37,37261,2,1,8,6,Alouette (Avenue),47.36386,0.69968
202300039503,22,6,2023,2025-12-05 07:45:00,2,46,46080,1,1,2,7,587 Route De Caillac,44.51734,1.329303
202300039504,6,11,2023,2025-12-05 17:00:00,1,35,35055,2,6,1,5,Vern (De),48.08248,-1.64004
202300039505,21,6,2023,2025-12-05 17:00:00,1,39,39553,2,3,1,6,92 Chemin Du Pre Chenole,46.728889,5.592336
202300039506,22,6,2023,2025-12-05 01:20:00,3,58,58131,2,1,1,1,Rue Vauban,47.089169,3.194393
202300039507,5,11,2023,2025-12-05 08:35:00,1,34,34108,2,2,1,1,Muriers (Avenue Des),43.44774,3.75098
202300039508,2,11,2023,2025-12-05 12:30:00,1,29,29039,1,1,6,6,Chemin De Stang Daniel,47.92083237,-3.90924506
202300039509,20,6,2023,2025-12-05 13:20:00,1,72,72199,1,1,3,7,La Bruyere,48.24994058,0.08086681
202300039510,20,6,2023,2025-12-05 09:40:00,1,60,60444,1,2,1,3,D150,49.623004,1.791472
202300039511,20,6,2023,2025-12-05 12:00:00,1,60,60401,2,1,1,6,Rue Mary Cassatt,49.300554,1.988944
202300039512,6,11,2023,2025-12-05 14:35:00,1,26,26198,2,9,1,3,Appel Du 18 Juin 1940 (Rond Point),44.55845,4.74556
202300039513,22,6,2023,2025-12-05 10:50:00,1,45,45329,1,1,3,3,D943 Pr 21 + 226,47.938901,2.970879
202300039514,20,6,2023,2025-12-05 18:10:00,1,43,43025,1,3,1,3,La Croix De L'Horme,45.247804,4.094843
202300039515,22,6,2023,2025-12-05 06:00:00,2,36,36001,2,1,3,6,Avenue George Sand,46.43256097,1.83795095
202300039516,20,6,2023,2025-12-05 18:50:00,1,7,7304,1,3,1,5,Intersection D 579 / Route Du Chassel,44.389931,4.376611
202300039517,6,11,2023,2025-12-05 16:44:00,1,13,13117,2,1,1,3,Europe (Avenue De L'),43.43972,5.24265
202300039518,22,6,2023,2025-12-05 21:21:00,1,40,40312,2,3,1,3,Boulevard Jacques Duclos,43.539898,-1.460921
202300039519,6,11,2023,2025-12-05 16:50:00,1,13,13117,2,1,1,3,Salyens ( Avenue Des ),43.44277,5.25244
202300039520,22,6,2023,2025-12-05 12:20:00,1,85,85234,1,1,1,6,Rd753 120 Route De Challans,46.8041,-2.02872
202300039521,22,6,2023,2025-12-05 18:00:00,1,85,85084,1,9,1,5,Rd7  Les Fontaines,46.74851,-1.206979
202300039522,21,6,2023,2025-12-05 17:15:00,1,85,85246,1,3,1,7,La Barre Rd7,46.736353,-1.182827
202300039523,6,11,2023,2025-12-05 16:25:00,1,13,13207,2,3,1,3,Rive Neuve (Quai De),43.29272944,5.36832124
202300039524,20,6,2023,2025-12-05 12:20:00,1,17,17309,2,1,3,6,35 Avenue De Saintonge,45.161645,-0.023943
202300039525,6,11,2023,2025-12-05 10:26:00,1,13,13215,2,1,1,6,Lyon (Rue De),43.34074642,5.3609291
202300039526,21,6,2023,2025-12-05 19:45:00,1,30,30029,2,7,1,3,Avenue Jean Tassy,44.306964,4.348038
202300039527,6,11,2023,2025-12-05 12:27:00,1,10,10387,2,1,1,7,Avenue Des Lombards,48.26887501,4.08501238
202300039528,21,6,2023,2025-12-05 19:40:00,1,78,78043,1,1,1,2,D307,48.835303,2.078851
202300039529,22,6,2023,2025-12-05 16:08:00,1,6,6085,1,1,1,7,Chemin De Carimai,43.571561,6.974258
202300039530,6,11,2023,2025-12-05 14:30:00,1,6,6069,2,1,1,4,Liberation (Avenue De La),43.6477,6.91499
202300039531,5,11,2023,2025-12-05 17:17:00,1,2,2738,2,1,1,6,50 Boulevard Gustave Gregoire (Tergnier),49.65604,3.30045
202300039532,6,11,2023,2025-12-05 07:00:00,1,75,75112,2,1,8,4,Echangeur Bercy,48.828353,2.397596
202300039533,5,11,2023,2025-12-05 22:28:00,5,75,75120,2,1,1,2,Echangeur Bagnolet,48.86466771,2.41312981
202300039534,6,11,2023,2025-12-05 05:49:00,5,75,75110,2,2,2,6,Boulevard De Magenta,48.87576907,2.35653073
202300039535,6,11,2023,2025-12-05 15:05:00,1,75,75117,2,3,1,6,Boulevard Gouvion Saint Cyr,48.882245,2.286307
202300039536,6,11,2023,2025-12-05 18:20:00,5,75,75116,2,3,2,3,Avenue Paul Doumer,48.861801,2.285751
202300039537,17,5,2023,2025-12-05 12:48:00,1,45,45302,1,1,1,4,1559 Rue Nationale 20,47.95295142,1.89148235
202300039538,6,11,2023,2025-12-05 12:15:00,1,75,75116,2,1,1,3,Allee De La Reine Marguerite,48.870853,2.253109
202300039539,18,5,2023,2025-12-05 01:05:00,4,44,44109,2,1,8,6,2 Rue Louis Blanc,47.20722,-1.55509
202300039540,6,11,2023,2025-12-05 09:45:00,1,75,75115,2,4,1,3,Rue Du Colonel Pierre Avia,48.831485,2.277657
202300039541,17,5,2023,2025-12-05 21:10:00,1,35,35051,2,1,1,6,Rennes (Rue De),48.11419299,-1.62420765
202300039542,5,11,2023,2025-12-05 23:45:00,5,75,75112,2,2,8,3,Avenue Daumesnil,48.836692,2.403488
202300039543,17,5,2023,2025-12-05 21:40:00,2,35,35238,2,1,1,6,Lamennais (Quai),48.10987,-1.68028
202300039544,17,5,2023,2025-12-05 15:20:00,1,35,35238,2,1,1,6,Alma (De L'),48.09754865,-1.67516157
202300039545,6,11,2023,2025-12-05 20:00:00,5,75,75110,2,3,2,6,Quai De Valmy,48.869759,2.366181
202300039546,17,5,2023,2025-12-05 19:00:00,1,34,34172,2,1,1,1,210 Rue Jacques Monod,43.59512,3.84037
202300039547,17,5,2023,2025-12-05 20:30:00,1,33,33063,2,3,1,3,Cours Victor Hugo,44.8350057,-0.57206422
202300039548,5,11,2023,2025-12-05 15:03:00,1,75,75101,2,7,2,3,Place Vendome,48.867865,2.329819
202300039549,17,5,2023,2025-12-05 18:15:00,1,32,32013,2,1,1,3,Roger Salengro,43.66662,0.60053
202300039550,17,5,2023,2025-12-05 14:00:00,1,31,31555,2,1,1,3,Rue Rodolpho Llopis Fernandiz,43.56817,1.36524
202300039551,5,11,2023,2025-12-05 07:05:00,2,94,94081,2,2,1,3,Rue Ludwig Van Beethoven,48.797694,2.379676
202300039552,6,11,2023,2025-12-05 16:05:00,1,94,94074,2,1,1,6,Avenue Julien Duranton,48.76552,2.44763
202300039553,17,5,2023,2025-12-05 13:50:00,1,29,29232,2,9,1,3,Boulevard De Creac'H Gwen,47.97544815,-4.0983215
202300039554,18,5,2023,2025-12-05 01:20:00,4,29,29019,1,1,1,6,Rd 205,48.39082,-4.54792
202300039555,6,11,2023,2025-12-05 08:05:00,1,94,94044,2,1,2,2,Avenue De Valenton,48.74189228,2.48544364
202300039556,6,11,2023,2025-12-05 19:00:00,5,94,94046,2,1,1,6,Avenue Leon Blum,48.800474,2.435233
202300039557,18,5,2023,2025-12-05 00:40:00,5,29,29019,2,1,1,4,Boulevard Leon Blum,48.404485,-4.484676
202300039558,6,11,2023,2025-12-05 07:50:00,2,94,94076,2,3,1,6,Avenue De La Division Leclerc,48.785345,2.370614
202300039559,17,5,2023,2025-12-05 08:05:00,1,27,27299,2,3,1,3,Avenue Aristide Briand,49.0414413,1.1590894
202300039560,6,11,2023,2025-12-05 15:05:00,1,94,94041,2,9,2,3,Rue Michelet,48.81056,2.380003
202300039561,16,5,2023,2025-12-05 16:30:00,1,27,27229,2,1,7,6,Rugby (Rue De),49.00758,1.15565
202300039562,6,11,2023,2025-12-05 08:45:00,1,93,93066,2,1,1,6,Boulevard De La Liberation,48.92844229,2.34119481
202300039563,17,5,2023,2025-12-05 23:05:00,5,25,25056,2,9,1,3,Churchill Bd Winston,47.246315,5.99806
202300039564,5,11,2023,2025-12-05 21:53:00,5,93,93047,2,1,1,6,Avenue Jean Jaures,48.89871859,2.54814441
202300039565,17,5,2023,2025-12-05 19:05:00,1,17,17306,2,9,1,3,Rochefort (De)  (Avenue),45.64242,-1.02464
202300039566,6,11,2023,2025-12-05 08:50:00,1,93,93001,2,1,1,3,Rue Leopold Rechossiere,48.912776,2.396188
202300039567,17,5,2023,2025-12-05 08:45:00,1,17,17028,2,1,1,7,Avenue Simone Veil,46.144868,-1.132631
202300039568,6,11,2023,2025-12-05 09:15:00,1,93,93001,2,2,1,3,Rue Henri Barbusse / Avenue De La Republique,48.906026,2.389682
202300039569,15,5,2023,2025-12-05 15:35:00,1,14,14366,2,1,1,2,3 Rue De La Cite Jardin,49.153741,0.219215
202300039570,6,11,2023,2025-12-05 09:05:00,1,92,92040,2,1,1,2,Gallieni (Boulevard),48.82485,2.2678
202300039571,17,5,2023,2025-12-05 11:20:00,1,14,14254,1,1,1,2,N814,49.1555,-0.42215
202300039572,17,5,2023,2025-12-05 05:25:00,5,13,13208,2,1,1,6,Hambourg (Boulevard),43.25114,5.38762
202300039573,6,11,2023,2025-12-05 15:15:00,1,92,92026,2,1,2,3,Marceau,48.9015561,2.24375278
202300039574,6,11,2023,2025-12-05 10:15:00,1,92,92024,2,1,1,3,Jean Jaures (Bd) De 47 A 109)   (56 A 14,48.9027,2.30405
202300039575,16,5,2023,2025-12-05 14:30:00,1,13,13204,2,1,1,4,Francoise Duparc (Boulevard),43.30642,5.40097
202300039576,6,11,2023,2025-12-05 15:00:00,1,92,92071,2,8,2,6,Gare (Avenue De La),48.78218732,2.28241307
202300039577,17,5,2023,2025-12-05 13:35:00,1,11,11069,2,1,1,6,26 Rue Achille Lauge,43.2097,2.33503
202300039578,1,11,2023,2025-12-05 19:05:00,5,92,92012,2,1,1,3,Silly (Rue De) 89/Fin - 90/Fin,48.84078717,2.23151922
202300039579,17,5,2023,2025-12-05 21:20:00,5,10,10387,2,1,1,6,Rue Etienne Pedron,48.30728183,4.0762201
202300039580,17,5,2023,2025-12-05 14:30:00,1,6,6123,1,9,2,1,Pugets Moyenne Corniche Des,43.71594,7.17238
202300039581,7,11,2023,2025-12-05 14:20:00,1,76,76182,1,2,2,3,D149,49.681206,0.655341
202300039582,5,5,2023,2025-12-05 08:45:00,1,2,2722,2,3,1,6,1 Rue Saint Antoine,49.37976,3.32799
202300039583,7,11,2023,2025-12-05 07:00:00,2,44,44144,1,1,1,1,Adresse_Inconnue,47.503178,-1.307888
202300039584,17,5,2023,2025-12-05 18:13:00,1,75,75120,2,3,1,6,Rue De La Bidassoa,48.867836,2.390685
202300039585,22,10,2023,2025-12-05 17:15:00,1,974,97422,2,1,1,5,Chemin De Kerveguen,-21.289289,55.518165
202300039586,17,5,2023,2025-12-05 11:35:00,1,75,75120,2,2,1,3,Boulevard Davout,48.853522,2.410813
202300039587,7,11,2023,2025-12-05 10:25:00,1,83,83086,1,2,1,3,Route De Callas,43.484555,6.566874
202300039588,5,11,2023,2025-12-05 01:10:00,3,28,28173,1,1,6,7,D32,48.481086,1.573834
202300039589,17,5,2023,2025-12-05 02:10:00,5,75,75120,2,3,1,3,Rue De Menilmontant,48.869533,2.393157
202300039590,6,11,2023,2025-12-05 08:50:00,1,14,14061,1,1,9,6,5 Route De Le Beny Bocage (La Graverie),48.9162,-0.863293
202300039591,17,5,2023,2025-12-05 10:40:00,1,75,75118,2,3,1,6,Rue Championnet,48.893626,2.3301
202300039592,6,11,2023,2025-12-05 14:00:00,1,50,50095,1,1,3,7,Le Hardichon,49.0943303,-1.19772
202300039593,7,11,2023,2025-12-05 00:25:00,3,62,62414,1,6,1,6,D939,50.23602697,2.98712165
202300039594,17,5,2023,2025-12-05 14:00:00,1,75,75117,2,3,1,2,Boulevard De Courcelles,48.880374,2.308834
202300039595,7,11,2023,2025-12-05 07:20:00,2,30,30092,2,2,5,3,Chemin Michel Chevalier,44.094451,4.608765
202300039596,17,5,2023,2025-12-05 10:35:00,1,75,75117,2,2,1,3,Boulevard Des Batignolles,48.882979,2.32415
202300039597,4,11,2023,2025-12-05 20:00:00,5,59,59549,1,2,2,3,D100,50.212016,3.604165
202300039598,6,11,2023,2025-12-05 11:54:00,1,56,56244,1,1,3,6,Adresse_Inconnue,47.82834,-2.43272
202300039599,17,5,2023,2025-12-05 10:20:00,1,75,75117,2,3,1,3,Avenue De Villiers,48.88475,2.298566
202300039600,7,11,2023,2025-12-05 12:50:00,1,80,80360,2,1,2,6,Rue Jean Jaures,50.066409,1.569205
202300039601,16,5,2023,2025-12-05 23:05:00,3,75,75116,2,1,1,6,Route De La Pte Dauphine A La Pte Des Sa,48.874917,2.271103
202300039602,7,11,2023,2025-12-05 08:30:00,2,49,49002,1,1,7,2,La Piece Du Grand Bois,47.299442,-0.004361
202300039603,28,10,2023,2025-12-05 05:00:00,3,47,47280,1,1,1,7,Chateau De Rigoulieres,44.420249,0.839338
202300039604,17,5,2023,2025-12-05 03:10:00,5,75,75116,2,1,1,6,Boulevard De L Amiral Bruix,48.873629,2.277293
202300039605,6,11,2023,2025-12-05 10:00:00,1,47,47168,2,1,3,6,Boulevard Clemenceau,44.600093,0.361174
202300039606,17,5,2023,2025-12-05 19:10:00,1,75,75114,2,1,1,6,Boulevard Edgar Quinet,48.839946,2.328841
202300039607,6,11,2023,2025-12-05 18:50:00,5,25,25578,2,1,3,6,Grande Rue,47.148602,6.332797
202300039608,17,5,2023,2025-12-05 08:42:00,1,75,75114,2,1,1,6,Boulevard Jourdan,48.820006,2.339811
202300039609,7,11,2023,2025-12-05 11:45:00,1,26,26114,2,1,1,2,Allee Des Promenades,44.522091,5.059569
202300039610,17,5,2023,2025-12-05 15:00:00,1,75,75110,2,3,1,6,Rue Henri Feulard,48.875273,2.373162
202300039611,7,11,2023,2025-12-05 16:15:00,1,7,7299,1,1,1,7,Route Des Flots,45.157269,4.539204
202300039612,7,11,2023,2025-12-05 07:20:00,2,53,53097,2,1,1,6,10 Rue Du Clos Rousseau,48.135219,-0.43159
202300039613,16,5,2023,2025-12-05 16:35:00,1,75,75110,2,4,1,2,Rue Louis Blanc,48.883068,2.361553