num_acc,jour,mois,an,hrmn,lum,dep,com,agg,int,atm,col,adr,lat,long
202300039614,6,11,2023,2025-12-05 17:00:00,1,63,63181,1,1,1,2,A71 - Pr 357+400,46.03564686,3.11403839
202300039615,17,5,2023,2025-12-05 10:50:00,1,75,75107,2,2,1,3,Avenue Rapp,48.859687,2.300829
202300039616,6,11,2023,2025-12-05 06:30:00,2,68,68297,1,1,1,4,A35,47.605496,7.52944
202300039617,16,5,2023,2025-12-05 13:50:00,1,75,75101,2,3,1,1,Rue De Rivoli,48.863206,2.333806
202300039618,6,11,2023,2025-12-05 17:06:00,2,28,28088,2,2,2,3,Boulevard Du 8 Mai,48.066343,1.337618
202300039619,17,5,2023,2025-12-05 17:05:00,1,94,94046,2,2,1,6,Rue Raspail,48.80814551,2.44588257
202300039620,3,11,2023,2025-12-05 17:00:00,1,83,83047,2,9,1,3,Rue Du 22 Eme Bmna,43.153027,6.069356
202300039621,17,5,2023,2025-12-05 19:30:00,1,94,94021,2,1,1,2,51 Av Du Pdt Franklin Roosevelt,48.77102,2.36198
202300039622,17,5,2023,2025-12-05 10:30:00,1,94,94018,2,1,1,7,5 B Rue Jean Pigeon,48.82205,2.40864
202300039623,17,5,2023,2025-12-05 06:20:00,2,94,94069,2,9,1,6,Rue Du Marechal Leclerc,48.81786,2.444552
202300039624,5,11,2023,2025-12-05 14:55:00,1,38,38554,1,1,1,1,D75,45.718891,5.226616
202300039625,16,5,2023,2025-12-05 12:40:00,1,94,94002,2,2,1,3,Rue Babeuf / Rue Emile Zola,48.79972,2.42718
202300039626,7,11,2023,2025-12-05 07:50:00,2,7,7059,1,1,1,7,Route Departementale 86,44.983833,4.849112
202300039627,16,5,2023,2025-12-05 23:15:00,5,93,93077,2,3,1,6,Avenue De Rosny / Avenue Meissonier,48.88491313,2.50244898
202300039628,31,10,2023,2025-12-05 10:30:00,1,56,56041,1,1,1,7,Kerfulus,48.132012,-3.024234
202300039629,17,5,2023,2025-12-05 14:55:00,1,93,93053,2,2,1,3,Rue Emmanuel Arago / Avenue Gallieni,48.90045764,2.46534938
202300039630,13,10,2023,2025-12-05 05:00:00,5,29,29057,1,6,1,3,Route De Kerstrad,47.91805836,-3.96190265
202300039631,17,5,2023,2025-12-05 16:20:00,1,93,93048,2,9,1,6,Avenue De La Resistance,48.86284904,2.43667943
202300039632,6,11,2023,2025-12-05 08:20:00,1,22,22059,1,1,1,7,D7,48.43108,-2.935925
202300039633,16,5,2023,2025-12-05 20:08:00,2,93,93045,2,6,1,6,Rue Du Garde-Chasse / Rue Bernard,48.8828,2.4192
202300039634,23,10,2023,2025-12-05 17:30:00,2,22,22162,1,2,2,3,Route De Kergrist,48.778991,-3.075882
202300039635,17,5,2023,2025-12-05 16:50:00,1,93,93029,2,1,1,6,Rue Anatole France,48.93368896,2.45566052
202300039636,16,5,2023,2025-12-05 23:05:00,5,93,93057,2,1,1,3,Avenue Aristide Briand,48.90960749,2.50573636
202300039637,25,2,2023,2025-12-05 05:30:00,3,95,95256,1,1,1,6,Rn 184,49.05702487,2.20668655
202300039638,17,5,2023,2025-12-05 16:30:00,1,93,93007,2,2,1,3,Avenue Henri Barbusse / Rue Olivier Metra,48.94138885,2.46384958
202300039639,7,11,2023,2025-12-05 08:05:00,2,35,35152,1,2,1,6,Le Baton Roulant,48.18742,-1.514456
202300039640,24,2,2023,2025-12-05 19:30:00,1,94,94079,1,1,1,5,A4,48.8354459,2.53871181
202300039641,7,11,2023,2025-12-05 05:45:00,3,76,76099,1,1,1,6,Route Du Manoir,49.549744,0.854702
202300039642,17,5,2023,2025-12-05 08:30:00,1,93,93007,2,1,1,3,167 Avenue Paul Vaillant Couturier,48.92663894,2.47120017
202300039643,24,2,2023,2025-12-05 07:35:00,1,988,98818,2,1,1,6,Rue Auguste Benebig,-22.26973,166.45468
202300039644,17,5,2023,2025-12-05 16:59:00,1,92,92078,1,1,1,6,Charles De Gaulle (Bd) (71 Au 153),48.94151,2.32143
202300039645,7,11,2023,2025-12-05 10:30:00,2,60,60653,1,2,7,2,D916,49.48434381,2.4519504
202300039646,17,5,2023,2025-12-05 07:50:00,1,92,92072,2,1,1,3,Leclerc (Avenue De La Division),48.82424,2.22019
202300039647,24,2,2023,2025-12-05 09:40:00,1,77,77288,2,1,8,6,General Leclerc (Rue),48.52711,2.65341
202300039648,24,2,2023,2025-12-05 00:00:00,5,973,97302,1,6,2,3,Giratoire Maringouins,4.90705499,-52.32218921
202300039649,17,5,2023,2025-12-05 16:21:00,1,92,92063,2,2,1,6,Doumer (Avenue Paul) Nord,48.87882036,2.17728787
202300039650,16,5,2023,2025-12-05 18:55:00,1,92,92051,2,9,1,2,Chateau (Boulevard Du),48.8917,2.27288
202300039651,24,2,2023,2025-12-05 01:32:00,5,69,69387,2,2,1,3,Cours Gambetta,45.75390786,4.84694859
202300039652,5,11,2023,2025-12-05 19:00:00,5,33,33550,1,1,2,4,Autoroute A 62,44.77454424,-0.55640146
202300039653,17,5,2023,2025-12-05 08:35:00,1,92,92050,2,1,1,6,Clemenceau Georges Avenue Ndeg Pair,48.88637,2.20967
202300039654,13,2,2023,2025-12-05 17:30:00,1,972,97213,2,1,1,2,Mahault,14.61944,-61.00538
202300039655,17,5,2023,2025-12-05 17:50:00,1,92,92049,2,9,1,3,Peri Rue Gabriel Ndeg2 A 36,48.81773,2.32436
202300039656,24,2,2023,2025-12-05 08:40:00,1,972,97209,1,1,2,7,Bois Thibault (Chemin Du ),14.64175,-61.084
202300039657,3,11,2023,2025-12-05 12:00:00,1,59,59343,1,1,1,5,Autoroute A1,50.58854,3.09584
202300039658,17,5,2023,2025-12-05 15:30:00,1,92,92049,2,1,1,3,Arnoux Avenue Maurice Ndeg2 A 80,48.82206737,2.3145774
202300039659,6,11,2023,2025-12-05 10:00:00,1,91,91521,2,1,1,7,Rn 449,48.63555,2.41211
202300039660,24,2,2023,2025-12-05 18:30:00,5,69,69034,2,1,2,6,52 Avenue General Leclerc,45.80614,4.8668
202300039661,17,5,2023,2025-12-05 08:40:00,1,92,92048,2,1,1,6,Trivaux (Avenue De) Ndeg 6Bis A 8,48.79903725,2.2331813
202300039662,23,2,2023,2025-12-05 18:35:00,2,69,69034,2,1,1,6,8 Montee De La Boucle,45.78283338,4.83537093
202300039663,6,11,2023,2025-12-05 07:30:00,2,91,91064,1,1,1,2,Rn 118,48.74478,2.19202
202300039664,17,5,2023,2025-12-05 13:37:00,1,92,92036,2,1,1,6,Principale Du Port (Route) (1/17),48.93746,2.27542
202300039665,6,11,2023,2025-12-05 03:45:00,3,91,91136,1,1,2,6,Autoroute A10,48.71075,2.28731
202300039666,24,2,2023,2025-12-05 16:10:00,1,2B,2B033,2,1,1,6,Toutes Rues,42.68131,9.44125
202300039667,17,5,2023,2025-12-05 09:30:00,1,92,92036,1,1,1,3,Petits Marais (Chemin Des),48.94631468,2.29923517
202300039668,5,11,2023,2025-12-05 23:36:00,3,91,91340,1,1,1,2,Autoroute A6,48.61014,2.43304
202300039669,24,2,2023,2025-12-05 10:00:00,1,2B,2B106,1,1,1,1,Toutes Rues,42.3711,9.2554
202300039670,5,11,2023,2025-12-05 06:40:00,2,92,92050,1,1,2,6,A14,48.90008747,2.20944671
202300039671,17,5,2023,2025-12-05 03:10:00,5,92,92012,2,1,1,4,Edouard Vaillant (Avenue) - Debut/55 - C,48.83667,2.25341
202300039672,17,5,2023,2025-12-05 02:14:00,5,92,92009,2,1,1,6,Abbe Glatz  ( Rue De L' ),48.92118805,2.27390237
202300039673,26,4,2023,2025-12-05 21:00:00,2,92,92004,2,1,2,6,Laurent-Cely  ( Avenue ),48.91578768,2.30849415
202300039674,24,2,2023,2025-12-05 03:15:00,3,81,81144,1,1,2,6,Valence ( Route De ) D 903,43.9646562,2.1913544
202300039675,6,11,2023,2025-12-05 10:10:00,1,93,93078,1,1,1,2,Autoroute A104,48.9713639,2.4985811
202300039676,18,5,2023,2025-12-05 14:10:00,1,39,39020,1,1,1,6,Adresse_Inconnue,46.716981,6.062831
202300039677,6,11,2023,2025-12-05 07:20:00,3,95,95018,1,1,1,3,A15,48.96002948,2.27121949
202300039678,18,5,2023,2025-12-05 20:25:00,1,80,80136,1,1,1,1,Route Departemantale 1,49.934193,2.734115
202300039679,5,11,2023,2025-12-05 00:20:00,3,94,94073,1,1,2,6,A86,48.77011469,2.38223272
202300039680,24,2,2023,2025-12-05 11:05:00,1,77,77516,1,1,1,1,D606,48.361177,2.900078
202300039681,17,5,2023,2025-12-05 16:35:00,1,62,62812,1,1,1,5,D341,50.64488953,2.04466906
202300039682,27,6,2023,2025-12-05 19:00:00,1,28,28015,2,1,1,2,21 Route De Gallardon (Auneau),48.469697,1.776041
202300039683,23,2,2023,2025-12-05 12:30:00,1,76,76351,2,3,1,6,Eugene Sue,49.51736623,0.12308358
202300039684,18,5,2023,2025-12-05 08:45:00,1,31,31271,1,1,1,3,D18,43.533717,1.66356
202300039685,23,2,2023,2025-12-05 11:00:00,1,71,71499,2,1,1,1,Jean Laville (Rue),46.64794,4.29366
202300039686,27,6,2023,2025-12-05 17:50:00,1,13,13003,1,3,1,3,Chemin Des Terres De Saint Jean,43.714965,5.139043
202300039687,18,5,2023,2025-12-05 04:40:00,3,79,79313,1,1,1,1,Adresse_Inconnue,46.318118,-0.074501
202300039688,24,2,2023,2025-12-05 16:55:00,1,69,69282,2,3,1,3,Chemin De Chassieu A Meyzieu,45.76076,4.99248
202300039689,3,11,2023,2025-12-05 08:50:00,1,973,97302,2,3,1,3,Tigre (Route Du),4.9154756,-52.31123775
202300039690,17,5,2023,2025-12-05 17:35:00,1,41,41225,1,1,1,5,D116,47.734936,0.836007
202300039691,24,2,2023,2025-12-05 18:00:00,3,69,69290,2,1,2,2,Boulevard Des Expositions,45.7243,4.9509
202300039692,18,5,2023,2025-12-05 15:05:00,1,57,57172,1,2,1,3,Rd25 Denting,49.173455,6.532617
202300039693,24,2,2023,2025-12-05 16:25:00,1,69,69029,2,1,2,3,15 Rue De Reims,45.739,4.90632
202300039694,5,11,2023,2025-12-05 17:00:00,2,69,69388,2,2,1,3,138 Boulevard Des Etats-Unis,45.72701,4.86928
202300039695,25,2,2023,2025-12-05 00:30:00,3,64,64130,1,1,1,7,Kurleku (Route De),43.34192,-1.72958
202300039696,17,5,2023,2025-12-05 13:50:00,1,51,51391,1,2,1,3,N31,49.273555,3.882406
202300039697,5,11,2023,2025-12-05 15:50:00,1,972,97213,1,1,1,7,Daubert (Voie Communale Ndeg9 De),14.66717,-60.98327
202300039698,4,11,2023,2025-12-05 12:16:00,1,972,97213,1,1,1,6,Autoroute A1,14.61821,-61.02079
202300039699,18,5,2023,2025-12-05 09:15:00,1,79,79062,1,1,1,1,Adresse_Inconnue,46.806904,-0.670638
202300039700,24,2,2023,2025-12-05 14:30:00,1,64,64545,2,1,1,4,Paul Gelos (Rue),43.37589,-1.67707
202300039701,4,11,2023,2025-12-05 11:00:00,1,972,97213,1,1,1,2,Autoroute A1,14.61427,-61.01094
202300039702,17,5,2023,2025-12-05 14:55:00,1,33,33518,1,1,1,1,72 Route Francois Mauriac,44.713103,-0.412253
202300039703,5,11,2023,2025-12-05 02:37:00,5,972,97209,1,1,3,6,Chateauboeuf  (Pont De),14.6185,-61.0363
202300039704,24,2,2023,2025-12-05 09:40:00,1,64,64445,2,6,1,4,Rond Point De La Commune De Paris,43.31144,-0.36322
202300039705,18,5,2023,2025-12-05 19:55:00,1,49,49310,2,1,1,6,Rue De La Source,47.080629,-0.543952
202300039706,5,11,2023,2025-12-05 14:50:00,1,69,69034,2,1,1,3,155 Rue Pasteur,45.79731,4.85046
202300039707,23,2,2023,2025-12-05 18:20:00,1,64,64102,2,1,2,4,Adresse_Inconnue,43.47224164,-1.49032921
202300039708,18,5,2023,2025-12-05 00:50:00,3,12,12066,1,1,1,7,D257,44.425498,2.428848
202300039709,5,11,2023,2025-12-05 15:13:00,5,69,69384,2,1,1,2,Tunnel De La Croix-Rousse,45.77381667,4.82301613
202300039710,18,5,2023,2025-12-05 01:00:00,3,29,29216,1,1,1,6,Route De Pouldreuzic,47.97831496,-4.19712147
202300039711,21,2,2023,2025-12-05 20:15:00,5,62,62498,2,2,1,3,Route De Bethune,50.44309,2.80313
202300039712,24,2,2023,2025-12-05 19:20:00,5,62,62048,2,1,1,1,Boulevard Emile Basly,50.515025,2.455166
202300039713,17,5,2023,2025-12-05 17:45:00,1,29,29167,1,2,1,3,D40,47.96991793,-4.26806786
202300039714,5,11,2023,2025-12-05 17:00:00,5,971,97113,1,1,1,4,Rn4-Rond Point Saint Felix,16.20775,-61.4616
202300039715,18,5,2023,2025-12-05 10:15:00,1,2,2441,1,1,1,6,D80,49.243492,3.225431
202300039716,5,11,2023,2025-12-05 10:45:00,1,971,97101,2,9,1,2,Pennel - Dugazon (Chemin),16.25147,-61.51691
202300039717,24,2,2023,2025-12-05 11:00:00,1,60,60057,2,3,1,1,Rue De Notre-Dame-Du-Thil,49.44502524,2.08008635
202300039718,17,5,2023,2025-12-05 16:53:00,1,15,15152,2,1,1,6,Rd 990,44.922239,2.839127
202300039719,24,2,2023,2025-12-05 19:45:00,5,59,59328,2,2,8,3,Bonte Auguste Rue,50.64591,3.01789
202300039720,18,5,2023,2025-12-05 11:30:00,1,1,1319,1,4,8,7,Route De Chatillon D82,46.102347,4.950778
202300039721,5,11,2023,2025-12-05 00:55:00,5,971,97105,2,1,1,1,Gouverneur Du Lyon (Ave),16.00032,-61.73587
202300039722,24,2,2023,2025-12-05 19:05:00,2,59,59350,2,9,1,3,Hugo Victor  Bvd Ndeg104 - 294,50.62142,3.0593
202300039723,17,5,2023,2025-12-05 08:45:00,1,72,72176,1,1,1,1,La Gannetiere,47.65570683,0.12116894
202300039724,5,11,2023,2025-12-05 02:11:00,5,95,95585,2,2,3,3,D10,48.99079,2.37417
202300039725,13,5,2023,2025-12-05 10:00:00,1,43,43028,1,1,2,3,Rd 431,45.124542,4.080595
202300039726,23,2,2023,2025-12-05 14:45:00,1,59,59350,2,1,1,2,Faubourg D'Arras Rue,50.605317,3.057834
202300039727,24,2,2023,2025-12-05 21:15:00,5,59,59122,2,9,1,3,Liberte (Boulevard De La),50.173,3.225
202300039728,4,11,2023,2025-12-05 15:31:00,1,95,95268,2,2,2,3,Pecheurs (Rue Des),48.9642,2.4132
202300039729,17,5,2023,2025-12-05 08:30:00,2,17,17443,2,3,1,2,Rue Choderlos De Laclos,46.08471,-1.018043
202300039730,24,2,2023,2025-12-05 13:35:00,1,58,58194,2,3,2,6,Marceau,46.99206,3.15902
202300039731,5,11,2023,2025-12-05 18:35:00,3,95,95218,2,1,1,6,N184,49.01340975,2.08976403
202300039732,17,5,2023,2025-12-05 21:20:00,2,17,17140,2,1,1,3,85 Route De Saint Pierre,45.906528,-1.260499
202300039733,5,11,2023,2025-12-05 01:50:00,5,91,91345,2,2,3,6,Rte De Corbeil,48.68554,2.30683
202300039734,17,5,2023,2025-12-05 18:25:00,1,17,17353,1,1,7,1,D137,45.981099,-1.013972
202300039735,24,2,2023,2025-12-05 17:26:00,1,56,56098,2,3,1,3,52 Avenue Francois Billoux,47.76196,-3.34773
202300039736,17,5,2023,2025-12-05 21:25:00,3,88,88029,2,1,1,1,17 Rue Du Bertramont,48.001122,6.272137
202300039737,3,11,2023,2025-12-05 21:00:00,3,91,91161,1,1,1,2,Rte De Wissous,48.70894,2.3113
202300039738,24,2,2023,2025-12-05 15:25:00,1,56,56121,2,6,1,3,France ( Ave Anatole ),47.74537,-3.36811
202300039739,16,5,2023,2025-12-05 21:30:00,3,3,3031,1,1,1,6,A71 - Pk297.500,46.385781,2.720881
202300039740,18,5,2023,2025-12-05 18:40:00,1,13,13001,1,1,2,6,A51,43.57202754,5.46759725
202300039741,3,11,2023,2025-12-05 20:55:00,5,86,86066,2,2,1,3,Rue Du Nouveau Brunswick,46.81564,0.53565
202300039742,24,2,2023,2025-12-05 13:00:00,1,56,56121,2,6,1,3,Boulevard Flandres-Dunkerque 1940,47.74624,-3.39583
202300039743,18,5,2023,2025-12-05 09:50:00,1,1,1179,1,1,1,6,"A406, Pk 006+700",46.271158,4.835572
202300039744,30,10,2023,2025-12-05 18:30:00,5,84,84035,2,1,3,6,Liberation (Avenue De La),43.84763,5.0388
202300039745,24,2,2023,2025-12-05 11:10:00,1,56,56098,2,2,1,3,Scribe (Rue  Augustin ),47.76795,-3.35551
202300039746,18,5,2023,2025-12-05 03:00:00,5,987,98715,2,1,1,6,Pk 5+700 - Rt1,-17.584,-149.56
202300039747,23,2,2023,2025-12-05 16:50:00,1,56,56098,2,1,2,6,47 Avenue Kesler Devillers,47.76868,-3.34506
202300039748,5,11,2023,2025-12-05 10:10:00,1,83,83090,2,1,1,4,Nationale 8 (Route),43.13502,5.85439
202300039749,5,11,2023,2025-12-05 09:42:00,1,79,79329,2,1,1,7,Adresse_Inconnue,46.983534,-0.21208
202300039750,16,5,2023,2025-12-05 14:30:00,1,987,98715,1,1,1,4,Rdo Sens Faaa/Punaauia,-17.584,-149.56
202300039751,24,2,2023,2025-12-05 14:50:00,1,54,54528,2,3,2,3,Colonel Grandval (Avenue),48.674568,5.885065
202300039752,18,5,2023,2025-12-05 07:05:00,1,34,34240,1,1,1,2,A709,43.650889,3.986621
202300039753,15,2,2023,2025-12-05 16:15:00,1,49,49328,2,1,1,6,Resistance (Place De La),47.26722,-0.06973
202300039754,5,11,2023,2025-12-05 20:50:00,3,76,76497,2,1,9,7,Rue John Kennedy,49.387762,1.033429
202300039755,24,2,2023,2025-12-05 19:10:00,5,45,45284,2,6,2,6,54 Avenue Charles Peguy,47.90495755,1.94492394
202300039756,5,11,2023,2025-12-05 18:00:00,5,71,71270,2,1,1,6,Lattre De Tassigny (Quai  Marechal De),46.31154,4.83844
202300039757,18,5,2023,2025-12-05 08:30:00,1,33,33527,1,1,1,1,D650E1,44.619242,-1.023756
202300039758,11,2,2023,2025-12-05 18:30:00,5,42,42207,2,1,1,6,Rue Royet De La Bastie,45.46422,4.50553
202300039759,4,11,2023,2025-12-05 16:25:00,1,69,69259,1,9,3,2,Boulevard Peripherique Laurent Bonnevay,45.7193,4.8791
202300039760,13,5,2023,2025-12-05 20:45:00,2,77,77206,1,1,2,1,6 Rue Des Abeilles,48.845696,3.018846
202300039761,24,2,2023,2025-12-05 04:45:00,5,42,42218,2,1,8,2,Boulevard Georges Pompidou,45.45548,4.4018
202300039762,5,11,2023,2025-12-05 19:10:00,5,64,64445,2,1,1,7,Etigny D',43.29654,-0.38491
202300039763,17,5,2023,2025-12-05 11:50:00,1,83,83068,1,1,1,6,Cd 559 St Pons Les Mures,43.283755,6.591834
202300039764,18,2,2023,2025-12-05 17:45:00,1,40,40192,2,1,1,6,Gambetta Leon (Rue),43.89124,-0.50136
202300039765,18,5,2023,2025-12-05 02:28:00,3,13,13110,1,3,1,3,D56,43.452639,5.674181
202300039766,5,11,2023,2025-12-05 07:15:00,3,59,59088,1,1,8,6,Rue D'Armentieres,50.664,2.873954
202300039767,19,2,2023,2025-12-05 16:20:00,1,40,40192,1,1,1,1,Rocade Est (Rd 932 E),43.872,-0.472
202300039768,24,2,2023,2025-12-05 20:15:00,5,37,37261,2,2,2,1,Theuriet (Rue Andre),47.38303,0.69679
202300039769,5,11,2023,2025-12-05 18:30:00,1,57,57463,2,1,1,3,Treves (Boulevard De ),49.12,6.18
202300039770,18,5,2023,2025-12-05 09:05:00,1,26,26058,1,1,2,4,"Autoroute A7, Sens Nord Sud, Pk 065.400",44.976715,4.884603
202300039771,24,2,2023,2025-12-05 13:55:00,1,33,33063,2,2,1,3,Rue Bertrand De Goth,44.81902,-0.57676
202300039772,30,10,2023,2025-12-05 15:56:00,1,53,53130,2,6,2,7,Saint Bernard De Clervaux  (Rue ),48.05701,-0.77982
202300039773,17,5,2023,2025-12-05 21:00:00,3,89,89390,1,1,1,3,A5,48.32882872,3.22043829
202300039774,23,2,2023,2025-12-05 12:20:00,1,29,29019,2,1,1,1,Rue De La Somme,48.38019362,-4.51960668
202300039775,5,11,2023,2025-12-05 23:30:00,3,47,47032,1,1,3,6,Sainte Radegonde,44.19902,0.67512
202300039776,17,5,2023,2025-12-05 15:30:00,1,68,68171,2,1,1,6,24 Grand Rue,47.926731,6.968122
202300039777,24,2,2023,2025-12-05 07:50:00,2,27,27299,2,2,1,3,Brossolette (Rue Pierre),49.05492,1.16708
202300039778,6,11,2023,2025-12-05 00:40:00,5,45,45232,2,1,1,6,Avenue De Sologne,47.85617,1.91291
202300039779,17,5,2023,2025-12-05 09:45:00,1,68,68334,2,3,1,3,Avenue Pasteur,47.798278,7.109311
202300039780,24,2,2023,2025-12-05 12:40:00,1,25,25462,2,1,1,1,Freres Berthet,46.911272,6.355952
202300039781,17,5,2023,2025-12-05 18:00:00,1,69,69176,2,1,8,2,5 Rue Joseph Comeau,45.683147,4.703039
202300039782,5,11,2023,2025-12-05 06:40:00,5,45,45147,2,2,1,3,115 Rue De Verdun,47.93447,1.90547
202300039783,24,2,2023,2025-12-05 14:50:00,1,23,23096,2,6,1,2,Berry (Avenue Du),46.17773,1.87756
202300039784,13,5,2023,2025-12-05 19:30:00,1,59,59232,1,1,8,3,Route Departementale 649,50.30173713,3.72297794
202300039785,5,11,2023,2025-12-05 18:10:00,5,42,42186,1,1,1,1,Rue Edouard Vaillant,45.52096,4.59652
202300039786,22,2,2023,2025-12-05 18:00:00,1,19,19031,2,6,2,3,Alvitre (Avenue Abbe),45.15261192,1.50521278
202300039787,17,5,2023,2025-12-05 20:35:00,1,59,59181,1,1,1,6,Route Nationale 2,50.190872,3.951393
202300039788,5,11,2023,2025-12-05 21:05:00,3,37,37122,2,1,8,6,Rd 37,47.34152999,0.64911874
202300039789,18,5,2023,2025-12-05 04:15:00,2,59,59250,1,6,1,6,N41,50.584626,2.908266
202300039790,20,2,2023,2025-12-05 20:25:00,5,18,18279,2,2,1,3,Rue Jean Jacques Rousseau,47.21888,2.07001
202300039791,17,5,2023,2025-12-05 19:20:00,1,33,33192,1,1,1,2,Rocade A 630,44.7854,-0.5937
202300039792,5,11,2023,2025-12-05 06:10:00,5,37,37261,2,2,8,3,Marechal Juin (Bd),47.4089,0.70348
202300039793,5,11,2023,2025-12-05 19:00:00,5,33,33529,2,1,1,6,Saint-Exupery (Ave),44.62477356,-1.14095405
202300039794,23,2,2023,2025-12-05 18:25:00,1,14,14118,2,2,8,3,27 Rue Ernest Manchon,49.17285,-0.34095
202300039795,17,5,2023,2025-12-05 16:02:00,1,92,92036,1,1,1,3,A86,48.93747288,2.2956682
202300039796,5,11,2023,2025-12-05 13:20:00,1,33,33529,1,1,8,6,Rd 1250 (Camicas-Oustalet),44.644916,-1.158186
202300039797,12,4,2023,2025-12-05 17:45:00,1,92,92025,1,1,2,2,A86,48.92865065,2.23945697
202300039798,24,2,2023,2025-12-05 08:10:00,1,13,13203,2,2,2,3,National (Boulevard),43.30782463,5.3816814
202300039799,4,11,2023,2025-12-05 17:30:00,2,31,31555,2,1,2,3,Che Salinie,43.59476873,1.38207391
202300039800,24,2,2023,2025-12-05 14:43:00,1,10,10387,2,1,1,2,Etienne Pedron (Rue),48.31027,4.07457
202300039801,17,5,2023,2025-12-05 10:25:00,1,93,93064,1,1,1,4,Autoroute A86,48.8791675,2.47634149
202300039802,4,11,2023,2025-12-05 17:20:00,2,31,31555,2,1,2,3,Rue Andre Etcheverlepo,43.64002605,1.45645827
202300039803,24,2,2023,2025-12-05 13:55:00,1,6,6029,2,1,1,3,Tonner (Avenue Francis),43.55021,6.95882
202300039804,5,11,2023,2025-12-05 22:05:00,5,25,25462,2,1,2,6,Besancon (Du 72Ter A La Fin),46.91487,6.34559
202300039805,17,5,2023,2025-12-05 08:15:00,1,95,95018,1,1,1,6,A15,48.96125,2.26871
202300039806,19,2,2023,2025-12-05 21:50:00,3,5,5061,2,1,1,7,Route,44.56068976,6.04258239
202300039807,12,5,2023,2025-12-05 13:35:00,1,92,92025,2,1,1,6,President Salvador Allende (Rue Du),48.921958,2.235119
202300039808,5,11,2023,2025-12-05 16:20:00,2,25,25056,2,1,8,6,Dole Rue De (Entre 82 Et 185),47.227612,5.982483
202300039809,23,2,2023,2025-12-05 19:52:00,5,3,3310,2,4,1,6,Rue Alquie,46.12311,3.41808
202300039810,16,5,2023,2025-12-05 09:05:00,1,69,69386,2,2,8,3,7 Place D'Helvetie,45.77293,4.84211
202300039811,4,11,2023,2025-12-05 18:10:00,5,22,22113,2,2,2,3,Saint Elivet (Rue De),48.7273,-3.4469
202300039812,24,2,2023,2025-12-05 14:30:00,1,1,1053,2,2,1,5,Kennedy Bvd J  - Impair De Dimes A Croix,46.20354,5.24251
202300039813,7,5,2023,2025-12-05 12:38:00,1,46,46042,2,3,1,6,Gambetta (Boulevard Leon) NdegImpair,44.4474,1.4402
202300039814,5,11,2023,2025-12-05 18:40:00,5,13,13211,2,1,1,2,Milliere (Boulevard De La ),43.28347,5.4992
202300039815,17,5,2023,2025-12-05 06:04:00,2,988,98818,2,1,1,6,Rue Frederic Surleau,-22.27302,166.44489
202300039816,5,11,2023,2025-12-05 12:00:00,1,7,7281,1,1,2,3,C.D.533,44.93593,4.82028
202300039817,24,2,2023,2025-12-05 20:15:00,5,93,93007,2,3,1,3,Rue D'Altrincham Sandwell / Avenue Vladimir Ilitch Lenine,48.94762,2.44793
202300039818,16,5,2023,2025-12-05 09:40:00,1,976,97611,1,1,1,5,Passamanty-Vahibe ( Route ),-12.79633492,45.19950199
202300039819,24,2,2023,2025-12-05 02:50:00,5,75,75106,2,2,1,2,Boulevard Raspail,48.848091,2.327941
202300039820,17,10,2023,2025-12-05 16:15:00,1,5,5061,2,1,2,2,Bellevue (Boulevard),44.560203,6.087844
202300039821,16,5,2023,2025-12-05 09:45:00,1,974,97416,2,6,1,3,Hubert De Lisle(Boulevard),-21.34353,55.46813
202300039822,5,11,2023,2025-12-05 22:50:00,5,3,3185,2,1,2,6,Quai De La Liberation,46.332422,2.59476
202300039823,24,2,2023,2025-12-05 19:30:00,5,75,75118,2,3,1,6,Rue Lepic,48.885811,2.334787
202300039824,16,5,2023,2025-12-05 17:45:00,2,974,97411,2,1,1,1,Reydellet (Route Jules),-20.93365,55.49231
202300039825,24,2,2023,2025-12-05 16:55:00,1,75,75116,2,1,1,3,Boulevard Murat,48.840815,2.256176
202300039826,16,5,2023,2025-12-05 07:40:00,1,974,97411,2,1,1,6,Topazes(Allee Des),-20.89696,55.44609
202300039827,24,2,2023,2025-12-05 12:00:00,1,75,75115,2,1,1,6,Boulevard De Grenelle,48.853553,2.289937
202300039828,4,11,2023,2025-12-05 18:00:00,5,75,75120,2,1,2,2,Porte De Bagnolet,48.866942,2.41322
202300039829,16,5,2023,2025-12-05 17:10:00,1,973,97309,2,1,2,3,Troubiran (Chemin De),4.9183,-52.3066
202300039830,24,2,2023,2025-12-05 00:00:00,5,75,75120,2,3,1,6,Rue Des Glaieuls,48.876979,2.408634
202300039831,16,5,2023,2025-12-05 15:10:00,1,69,69388,2,1,1,6,Promenade Lea Et Napoleon Bullukian,45.74127,4.87863
202300039832,4,11,2023,2025-12-05 17:35:00,2,75,75112,2,1,1,6,Echangeur Bercy,48.828642,2.398889
202300039833,24,2,2023,2025-12-05 19:20:00,5,75,75111,2,2,1,6,Avenue Parmentier,48.870002,2.371054
202300039834,16,5,2023,2025-12-05 07:20:00,1,69,69387,2,1,1,3,56 Rue Du Repos,45.74425,4.85177
202300039835,24,2,2023,2025-12-05 14:15:00,1,75,75110,2,2,1,2,Rue Du Faubourg Saint Martin,48.871758,2.357174
202300039836,3,11,2023,2025-12-05 18:35:00,5,75,75116,2,1,1,2,Porte De Passy,48.853921,2.253668