num_acc,jour,mois,an,hrmn,lum,dep,com,agg,int,atm,col,adr,lat,long
202300039837,16,5,2023,2025-12-05 08:55:00,1,2A,2A004,1,1,1,3,Loretto Chemin,41.93448,8.71814
202300039838,24,2,2023,2025-12-05 16:54:00,1,75,75109,2,3,1,3,Boulevard Poissonniere,48.870903,2.346754
202300039839,5,11,2023,2025-12-05 05:35:00,5,75,75110,2,3,1,3,Boulevard De Bonne Nouvelle,48.870047,2.350966
202300039840,7,5,2023,2025-12-05 16:55:00,1,95,95063,2,1,1,7,Rue Des Carrossiers,48.91480106,2.20579983
202300039841,24,2,2023,2025-12-05 10:25:00,1,75,75109,2,2,1,3,Rue Du Havre,48.874174,2.326991
202300039842,16,5,2023,2025-12-05 07:40:00,1,91,91589,2,2,1,3,Rue Faidherbe,48.677773,2.343542
202300039843,4,11,2023,2025-12-05 22:35:00,5,75,75120,2,1,2,2,Rue Des Pyrenees,48.868502,2.395661
202300039844,16,5,2023,2025-12-05 15:50:00,1,83,83137,2,1,1,6,Escartefigue (Corniche Du 746 A Fin,43.13489,5.9621
202300039845,24,2,2023,2025-12-05 01:20:00,5,75,75109,2,2,1,3,Rue De Provence,48.874257,2.331334
202300039846,5,11,2023,2025-12-05 09:59:00,1,75,75114,2,2,2,3,Boulevard Romain Rolland,48.822333,2.314356
202300039847,16,5,2023,2025-12-05 16:45:00,1,77,77291,2,1,1,1,Grande Borne (Rue De La),49.016932,2.600405
202300039848,24,2,2023,2025-12-05 07:05:00,2,75,75104,2,2,1,3,Boulevard De Sebastopol,48.8585199,2.34822571
202300039849,5,11,2023,2025-12-05 01:35:00,5,75,75114,2,2,2,6,Avenue Du Maine,48.837557,2.322934
202300039850,10,5,2023,2025-12-05 18:04:00,1,77,77479,1,1,1,6,D 34A Rte De Torcy,48.86818,2.64867
202300039851,23,2,2023,2025-12-05 12:20:00,1,75,75101,2,2,1,6,Rue Saint Honore,48.864901,2.331949
202300039852,4,11,2023,2025-12-05 12:30:00,1,75,75114,2,7,8,7,Avenue Denfert Rochereau,48.834546,2.332619
202300039853,24,2,2023,2025-12-05 16:20:00,1,94,94067,2,1,1,3,Avenue Joffre,48.848956,2.417626
202300039854,16,5,2023,2025-12-05 18:08:00,1,77,77305,2,1,1,3,General De Gaulle (Avenue Du),48.38193019,2.95237128
202300039855,16,5,2023,2025-12-05 15:18:00,1,77,77186,2,1,1,6,Vc Grande (Rue),48.40602861,2.70218546
202300039856,24,2,2023,2025-12-05 20:30:00,5,94,94041,2,2,1,1,Quai Jean Compagnon,48.818922,2.39925
202300039857,4,11,2023,2025-12-05 06:13:00,5,75,75113,2,2,2,6,Avenue D Italie,48.822202,2.358526
202300039858,16,5,2023,2025-12-05 08:45:00,1,76,76108,2,1,1,3,Route De Neufchatel,49.4572905,1.10796073
202300039859,15,5,2023,2025-12-05 08:50:00,1,76,76351,2,3,1,3,Trigauville (De),49.50244,0.13303
202300039860,23,2,2023,2025-12-05 15:40:00,1,94,94028,2,1,1,3,Avenue De La Pompadour,48.77298,2.43476
202300039861,5,11,2023,2025-12-05 12:50:00,1,75,75110,2,3,1,2,Boulevard De La Villette,48.884139,2.366817
202300039862,24,2,2023,2025-12-05 13:20:00,1,93,93073,2,2,1,3,Rue De Flandre / Avenue Albert Sarraut,48.94002,2.57345
202300039863,15,5,2023,2025-12-05 12:20:00,1,72,72181,2,1,1,3,Estienne D'Orves (Bd D'),47.98483,0.18497
202300039864,5,11,2023,2025-12-05 00:15:00,5,75,75108,2,2,2,6,Rue De La Ville L Eveque,48.871153,2.321632
202300039865,24,2,2023,2025-12-05 13:15:00,1,93,93072,2,1,1,6,Avenue De Stalingrad,48.94857402,2.38014374
202300039866,16,5,2023,2025-12-05 16:50:00,1,69,69256,2,2,1,3,Rue De La Poudrette,45.75202,4.91935
202300039867,5,11,2023,2025-12-05 12:40:00,1,75,75107,2,7,8,2,Rond Point Du Bleuet De France,48.858838,2.312979
202300039868,15,5,2023,2025-12-05 15:45:00,1,69,69266,2,1,1,3,26Bis Rue Alfred Brinon,45.77651,4.89536
202300039869,24,2,2023,2025-12-05 21:05:00,5,93,93074,2,2,1,3,Rue Alexandre Boucher / D933,48.93394,2.56666
202300039870,5,11,2023,2025-12-05 06:50:00,5,75,75102,2,3,1,2,Rue Montmartre,48.868582,2.343431
202300039871,13,5,2023,2025-12-05 01:10:00,5,67,67218,2,3,1,7,Strasbourg (Avenue De),48.54333,7.73582
202300039872,23,2,2023,2025-12-05 21:15:00,5,93,93006,2,1,1,6,Avenue Raspail,48.87421604,2.43220299
202300039873,16,5,2023,2025-12-05 19:40:00,1,64,64260,2,3,1,3,Corniche (Route De La),43.37355021,-1.75561443
202300039874,5,11,2023,2025-12-05 02:05:00,5,75,75101,2,3,2,6,Rue De Valois,48.863907,2.338152
202300039875,24,2,2023,2025-12-05 12:45:00,1,93,93001,2,1,1,3,Avenue Jean Jaures,48.903496,2.391761
202300039876,16,5,2023,2025-12-05 22:15:00,3,64,64483,2,1,1,7,Verdun (Avenue De),43.3861,-1.6618
202300039877,4,11,2023,2025-12-05 23:00:00,5,94,94041,2,1,2,3,Avenue Pierre Semard,48.82029,2.37969
202300039878,23,2,2023,2025-12-05 22:40:00,5,93,93001,2,3,1,3,Boulevard Felix Faure / Rue Villebois Mareuil,48.91228079,2.37471521
202300039879,16,5,2023,2025-12-05 07:05:00,2,64,64445,2,3,3,3,Joseph De Pesquidoux,43.31468,-0.35435
202300039880,24,2,2023,2025-12-05 11:50:00,1,92,92051,2,9,1,3,"Bineau (Boulevard, Ndeg53 A 131 Et 52 A 13",48.88738,2.27895
202300039881,5,11,2023,2025-12-05 20:00:00,5,94,94034,2,3,2,3,Avenue De La Mairie,48.75589683,2.32002564
202300039882,14,5,2023,2025-12-05 17:50:00,1,62,62048,2,2,1,3,Boulevard Emile Basly,50.51035,2.46288
202300039883,24,2,2023,2025-12-05 16:33:00,1,92,92049,2,1,1,3,Marne Avenue De La,48.81442369,2.30552763
202300039884,16,5,2023,2025-12-05 19:30:00,1,59,59599,2,1,1,2,Mouvaux (Rue De),50.69476315,3.1524539
202300039885,5,11,2023,2025-12-05 05:15:00,5,94,94022,2,2,2,1,14 Rue Du Docteur Roux,48.77146,2.40637
202300039886,24,2,2023,2025-12-05 07:35:00,1,92,92078,2,3,1,3,Dequevauvilliers (Boulevard),48.94481027,2.3105219
202300039887,16,5,2023,2025-12-05 08:00:00,1,59,59299,2,1,1,1,Laennec (Avenue),50.66709,3.19558
202300039888,5,11,2023,2025-12-05 16:45:00,1,94,94075,2,3,2,3,Route De La Grange,48.732722,2.512957
202300039889,23,2,2023,2025-12-05 21:28:00,5,92,92036,2,6,1,2,Laurent Cely (Avenue) (145/329),48.93304485,2.30263889
202300039890,6,5,2023,2025-12-05 05:05:00,5,59,59350,2,3,1,3,Avenue Leon Jouhaux,50.63674,3.03581
202300039891,5,11,2023,2025-12-05 08:50:00,2,94,94047,2,1,2,6,Rue De Verdun,48.704285,2.551113
202300039892,23,2,2023,2025-12-05 18:25:00,5,92,92036,2,1,1,3,Louis Calmel (Rue) (18/58),48.925622,2.291045
202300039893,16,5,2023,2025-12-05 13:10:00,1,59,59350,2,2,1,1,Faubourg D'Arras Rue,50.61257,3.062
202300039894,24,2,2023,2025-12-05 15:15:00,1,92,92035,2,1,1,4,National ( Boulevard ),48.90609,2.23895
202300039895,5,11,2023,2025-12-05 13:30:00,1,93,93047,2,2,2,3,Rue Du General De Gaulle / Avenue Daniel Perdrige,48.89937,2.55953
202300039896,15,5,2023,2025-12-05 19:20:00,1,58,58194,2,3,1,3,Marzy,46.987361,3.133247
202300039897,24,2,2023,2025-12-05 18:39:00,2,92,92002,2,3,1,6,Fontaine Mouton (Avenue De La),48.73835085,2.29051799
202300039898,15,5,2023,2025-12-05 08:40:00,1,56,56098,2,1,1,4,Saint-Christophe ( Pont ),47.76198,-3.36344
202300039899,25,2,2023,2025-12-05 16:00:00,1,44,44180,2,1,1,7,119 Rue Du Moulin Du Bourg,47.485251,-1.107055
202300039900,5,11,2023,2025-12-05 01:20:00,5,92,92064,2,1,2,6,Dailly,48.84463307,2.2203704
202300039901,15,5,2023,2025-12-05 17:30:00,1,54,54371,1,1,1,7,Rd 136,49.20441,5.95386
202300039902,25,2,2023,2025-12-05 14:35:00,1,8,8435,1,1,1,7,Chemin Communal Pk 80,49.450362,4.296899
202300039903,15,5,2023,2025-12-05 16:07:00,1,52,52121,2,1,1,1,Souvenir Francais (Avenue Du),48.10857,5.14588
202300039904,24,2,2023,2025-12-05 18:27:00,1,86,86258,1,2,1,6,D725,46.813625,0.389982
202300039905,16,5,2023,2025-12-05 18:15:00,1,51,51454,2,3,1,3,Avenue Du Marechal Juin,49.22401,4.01799
202300039906,25,2,2023,2025-12-05 05:55:00,3,2,2060,1,1,1,6,A29,49.845894,3.09211
202300039907,16,5,2023,2025-12-05 20:00:00,1,44,44132,2,2,1,3,30 Avenue Gravelais,47.26317,-2.33657
202300039908,24,2,2023,2025-12-05 19:15:00,3,62,62078,1,1,2,1,D231,50.850428,1.938632
202300039909,23,2,2023,2025-12-05 18:00:00,2,27,27230,1,1,1,6,Z.A. Parc De Coutumel (Zone Industrielle),48.861055,1.396766
202300039910,17,5,2023,2025-12-05 02:15:00,5,37,37261,2,2,1,6,Preuilly (Boulevard),47.39342,0.67189
202300039911,24,2,2023,2025-12-05 22:20:00,3,84,84029,1,1,2,7,D975,44.152398,4.855109
202300039912,16,5,2023,2025-12-05 19:40:00,1,37,37261,2,1,1,2,Boyer (Rue Leon),47.39104,0.67367
202300039913,16,5,2023,2025-12-05 11:00:00,1,37,37214,2,1,1,6,Chanterie (Rue De La),47.41308,0.67659
202300039914,24,2,2023,2025-12-05 16:00:00,1,62,62491,1,3,1,4,D947,50.593031,2.761842
202300039915,16,5,2023,2025-12-05 08:00:00,1,37,37261,2,1,1,3,Bert (Quai Paul),47.40313,0.70458
202300039916,20,2,2023,2025-12-05 16:30:00,1,87,87202,1,1,1,6,Route De La Chatrusse,45.907958,1.109512
202300039917,16,5,2023,2025-12-05 17:10:00,1,35,35278,1,1,1,4,Rd 137,48.14685,-1.69892
202300039918,25,2,2023,2025-12-05 01:00:00,3,19,19176,1,1,1,6,Route Departementale 16,45.36947472,2.07133701
202300039919,16,5,2023,2025-12-05 13:30:00,1,35,35051,1,1,1,6,Rn136,48.11537,-1.56466
202300039920,24,2,2023,2025-12-05 15:30:00,1,65,65350,1,1,1,7,D393,43.293544,0.042443
202300039921,15,5,2023,2025-12-05 14:00:00,1,35,35150,1,1,2,6,Chauniere (La) Lieux-Dits,48.37415,-1.22616
202300039922,15,5,2023,2025-12-05 16:45:00,1,34,34172,2,2,1,3,15Bis Avenue Charles Flahault,43.6239,3.86205
202300039923,16,5,2023,2025-12-05 20:30:00,1,33,33063,2,1,7,6,Avenue Du Marechal De Lattre De Tassigny,44.85845,-0.62402
202300039924,24,2,2023,2025-12-05 15:00:00,1,55,55431,1,2,1,3,Voie Publique,48.878215,5.764153
202300039925,16,5,2023,2025-12-05 17:30:00,1,33,33063,2,1,1,3,Rue Achard,44.86997,-0.54754
202300039926,25,2,2023,2025-12-05 10:20:00,1,46,46066,1,2,1,3,Lieu-Dit La Tuque,44.639049,1.228894
202300039927,25,2,2023,2025-12-05 02:30:00,3,86,86100,1,1,1,6,D611,46.512485,0.228305
202300039928,16,5,2023,2025-12-05 15:30:00,1,33,33318,2,2,1,6,Avenue Du Pont De L'Orient,44.80543688,-0.64913884
202300039929,25,2,2023,2025-12-05 03:30:00,3,68,68176,2,9,2,7,1 Rue De Luffendorf,47.558989,7.186695
202300039930,24,2,2023,2025-12-05 16:10:00,1,44,44131,1,1,8,7,4 Les Bleuets,47.140906,-2.130704
202300039931,14,5,2023,2025-12-05 19:00:00,1,33,33063,2,2,1,2,Cours De L'Yser,44.82697,-0.56921
202300039932,24,2,2023,2025-12-05 18:00:00,2,3,3018,1,1,1,7,Rd 35,46.269866,3.267059
202300039933,16,5,2023,2025-12-05 19:40:00,1,29,29232,2,6,1,1,Rue Du Cosquer,48.00115,-4.11068
202300039934,16,5,2023,2025-12-05 08:36:00,1,27,27681,2,9,1,7,Capucins (Avenue Des),49.09171,1.46992
202300039935,15,5,2023,2025-12-05 17:25:00,1,27,27562,1,1,1,7,D64E (Voie Nouvelle),49.08416,1.44077
202300039936,24,2,2023,2025-12-05 19:45:00,3,14,14193,1,2,1,3,1906 Route Henri Deslandes,49.11372,0.301943
202300039937,14,5,2023,2025-12-05 23:33:00,5,27,27681,2,1,1,6,Ivry (Route D'),49.0826,1.47744
202300039938,24,2,2023,2025-12-05 16:50:00,1,14,14303,1,1,1,1,500 Chemin De La Quesse,49.136523,0.284733
202300039939,24,2,2023,2025-12-05 07:35:00,1,14,14454,2,2,1,2,38 Chemin De La Hoguette,49.148327,-0.476598
202300039940,16,5,2023,2025-12-05 17:00:00,1,18,18033,2,6,1,7,Rue Des Alouettes,47.125635,2.394159
202300039941,25,2,2023,2025-12-05 04:10:00,3,60,60272,1,1,1,7,D332,49.30039173,2.88288585
202300039942,21,2,2023,2025-12-05 21:30:00,3,85,85145,1,1,1,6,Rd113,46.7474935,-0.9308257
202300039943,24,2,2023,2025-12-05 19:25:00,3,30,30012,1,1,2,7,D126,43.887513,4.659673
202300039944,16,5,2023,2025-12-05 08:55:00,1,15,15014,2,1,1,4,N 122,44.91069,2.42645
202300039945,15,5,2023,2025-12-05 09:30:00,1,14,14366,2,1,1,6,82 Boulevard Sainte Anne,49.14348,0.22231
202300039946,24,2,2023,2025-12-05 18:15:00,3,88,88037,1,1,2,1,Cd 34 De Planois,47.988392,6.778307
202300039947,16,5,2023,2025-12-05 17:15:00,1,14,14437,2,1,1,6,6 Rue Calmette,49.1791,-0.3178
202300039948,25,2,2023,2025-12-05 12:40:00,1,88,88304,2,3,1,6,Adresse_Inconnue,48.298598,6.134008
202300039949,16,5,2023,2025-12-05 09:10:00,1,13,13210,2,1,1,3,Corps Expeditionnaire Francais (Av Du),43.28117,5.44161
202300039950,24,2,2023,2025-12-05 20:12:00,5,974,97402,1,1,1,1,Rue Des Poivriers,-20.984261,55.651921
202300039951,5,2,2023,2025-12-05 20:00:00,4,49,49266,1,1,1,7,A11  - Pk 283,47.436158,-0.779343
202300039952,15,5,2023,2025-12-05 16:20:00,1,13,13001,2,1,1,6,Attard Serge (Allee),43.48217667,5.41985056
202300039953,15,5,2023,2025-12-05 12:04:00,1,11,11262,2,2,1,3,44 Boulevard De 1848,43.19168,3.01495
202300039954,24,2,2023,2025-12-05 18:30:00,3,988,98822,1,3,8,7,Tieti (Tribu),-20.91654,165.307
202300039955,14,5,2023,2025-12-05 10:55:00,1,11,11069,2,1,1,1,5 Chemin De Montlegun,43.205456,2.370754
202300039956,16,5,2023,2025-12-05 07:13:00,1,6,6088,2,1,1,6,Anglais (Du Ndeg 114 Au Ndeg 263),43.68282,7.23322
202300039957,24,2,2023,2025-12-05 14:00:00,1,988,98821,1,1,3,1,Rt1 La Tamoa,-22.06313,166.25682
202300039958,16,5,2023,2025-12-05 04:00:00,5,6,6069,2,6,1,7,Rouquier (Boulevard Emmanuel),43.63749,6.9411
202300039959,25,2,2023,2025-12-05 00:00:00,5,973,97311,2,4,1,1,Avenue Christophe Colomb,5.47676,-54.038551
202300039960,15,5,2023,2025-12-05 16:30:00,1,6,6069,2,1,2,4,Rouquier (Boulevard Emmanuel),43.63092,6.93867
202300039961,25,2,2023,2025-12-05 11:30:00,1,66,66108,2,3,1,3,Adresse_Inconnue,42.691421,2.698855
202300039962,16,5,2023,2025-12-05 06:45:00,1,6,6029,2,1,1,3,Gabres (Pont Des),43.55201,7.02942
202300039963,24,2,2023,2025-12-05 17:00:00,1,84,84026,1,1,1,5,Route De Marseille,43.724022,5.375544
202300039964,10,5,2023,2025-12-05 16:45:00,1,4,4112,2,1,1,3,Saint Joseph(Boulevard),43.82073,5.79518
202300039965,24,2,2023,2025-12-05 08:30:00,1,71,71090,1,1,5,1,1068 Route De Julienas,46.220509,4.754055
202300039966,16,5,2023,2025-12-05 19:00:00,1,75,75119,2,1,1,2,Porte D Aubervilliers,48.900479,2.37528
202300039967,16,5,2023,2025-12-05 16:10:00,1,75,75113,2,1,1,2,Porte De Gentilly,48.817045,2.348402
202300039968,9,2,2023,2025-12-05 17:45:00,2,67,67118,2,2,1,3,Rue D'Oberhausbergen,48.580472,7.687007
202300039969,16,5,2023,2025-12-05 14:30:00,1,75,75115,2,1,1,3,Porte De La Plaine,48.82723,2.29311
202300039970,25,2,2023,2025-12-05 03:15:00,3,26,26064,1,6,2,7,Rd68,44.916377,4.952667
202300039971,15,5,2023,2025-12-05 13:10:00,1,75,75117,2,1,2,2,Bd Peripherique Interieur,48.89261,2.302462
202300039972,24,2,2023,2025-12-05 16:45:00,1,24,24361,1,1,1,1,Route De La Plaine,44.844787,0.62165
202300039973,24,2,2023,2025-12-05 20:15:00,3,33,33433,1,1,1,6,Chemin De L'Esventat,44.91072263,-0.45266837
202300039974,15,5,2023,2025-12-05 11:25:00,1,75,75114,2,1,1,2,Bd Peripherique Exterieur,48.816749,2.336224
202300039975,14,5,2023,2025-12-05 15:00:00,1,75,75120,2,1,1,6,Bd Peripherique Exterieur,48.869663,2.413494
202300039976,23,2,2023,2025-12-05 18:26:00,3,13,13211,1,1,1,2,A50-Sens Marseille Vers Aubagne,43.2918,5.4533
202300039977,16,5,2023,2025-12-05 18:20:00,1,75,75114,2,1,1,6,Rue Vercingetorix,48.833345,2.312369
202300039978,23,2,2023,2025-12-05 12:44:00,1,13,13214,1,1,1,2,A507 Sens Marseille - Aubagne,43.3303,5.39
202300039979,15,5,2023,2025-12-05 09:45:00,1,75,75120,2,1,1,2,Bd Peripherique Interieur,48.85322,2.41423
202300039980,24,2,2023,2025-12-05 17:15:00,1,94,94038,1,1,1,4,A6A,48.77537186,2.34614811
202300039981,14,5,2023,2025-12-05 13:20:00,1,75,75106,2,4,1,2,Boulevard Du Montparnasse,48.841965,2.329911
202300039982,24,2,2023,2025-12-05 16:40:00,1,91,91161,1,1,1,3,Autoroute A6,48.70382,2.30639
202300039983,16,5,2023,2025-12-05 08:55:00,1,75,75120,2,1,1,3,Avenue Ibsen,48.86497,2.410973
202300039984,16,5,2023,2025-12-05 14:00:00,1,75,75118,2,1,1,6,Rue Hermel,48.894178,2.345965
202300039985,24,2,2023,2025-12-05 06:14:00,3,91,91687,1,1,1,4,Autoroute A6,48.6625,2.36822
202300039986,23,2,2023,2025-12-05 15:00:00,1,68,68056,2,1,1,6,Av D'Altkirch,47.72623,7.32086
202300039987,16,5,2023,2025-12-05 08:10:00,1,75,75118,2,2,1,3,Rue Custine,48.889797,2.342939
202300039988,16,5,2023,2025-12-05 10:56:00,1,75,75116,2,1,1,6,Avenue D Eylau,48.864728,2.284381
202300039989,3,2,2023,2025-12-05 19:20:00,5,62,62510,2,6,1,6,Rue Chevalier De La Barre,50.42407106,2.78177655
202300039990,23,2,2023,2025-12-05 16:00:00,1,974,97416,1,1,1,1,Entre Deux (Chemin) Cd26,-21.28798,55.45431
202300039991,23,2,2023,2025-12-05 11:55:00,1,974,97416,1,1,1,7,Badamier (Chemin),-21.30804,55.45717
202300039992,23,2,2023,2025-12-05 08:10:00,1,974,97411,1,1,1,2,Littoral (Route 1 Du),-20.87608,55.43446
202300039993,23,2,2023,2025-12-05 08:30:00,1,973,97302,1,6,2,7,Maringouins (Rond-Point),4.90779,-52.32238
202300039994,22,2,2023,2025-12-05 23:25:00,5,973,97302,2,1,1,3,Mangues (Rue Des - Cite Manguiers),4.93421114,-52.32357994
202300039995,23,2,2023,2025-12-05 21:00:00,5,69,69388,2,2,2,3,Rue De L'Epargne,45.74235,4.85838
202300039996,23,2,2023,2025-12-05 19:10:00,2,69,69388,2,3,2,6,Rue Paul Cazeneuve,45.73185,4.86054
202300039997,23,2,2023,2025-12-05 18:45:00,2,69,69386,2,3,1,3,Boulevard Des Belges,45.77275,4.85274
202300039998,23,2,2023,2025-12-05 10:15:00,1,69,69388,2,1,1,3,24 Avenue Rockefeller,45.74146295,4.88455668
202300039999,22,2,2023,2025-12-05 22:26:00,4,972,97213,2,6,1,6,Rue Du 24 Mars 1961,14.6136,-61.00081
202300040000,17,2,2023,2025-12-05 04:50:00,4,972,97213,2,1,1,6,Nelson Mandela,14.61249,-60.99922
202300040001,23,2,2023,2025-12-05 16:05:00,1,2B,2B033,2,1,1,1,Route Royale,42.69,9.45
202300040002,23,2,2023,2025-12-05 15:00:00,1,971,97113,2,1,1,2,Rn4 - Section Riviera,16.2176,-61.49225
202300040003,23,2,2023,2025-12-05 00:40:00,5,971,97120,2,1,1,2,General De Gaulle,16.2462,-61.53851
202300040004,22,2,2023,2025-12-05 20:30:00,5,971,97101,2,1,1,6,Felix Eboue,16.24531398,-61.53211981
202300040005,21,2,2023,2025-12-05 18:35:00,5,971,97105,2,6,1,6,Bologne (Route De),16.00533,-61.73963
202300040006,23,2,2023,2025-12-05 08:00:00,1,95,95280,2,2,1,3,Route De Roissy,49.012417,2.472195
202300040007,8,4,2023,2025-12-05 22:30:00,3,94,94021,1,1,1,2,A6A,48.76216836,2.34052108
202300040008,23,2,2023,2025-12-05 18:30:00,5,95,95555,2,1,1,6,Rue Du General Leclerc,48.966888,2.290848
202300040009,8,4,2023,2025-12-05 16:20:00,1,91,91340,1,1,1,2,Rn 104,48.6108,2.4329
202300040010,23,2,2023,2025-12-05 12:15:00,1,88,88462,2,1,1,1,D 43,48.025,6.68
202300040011,22,2,2023,2025-12-05 12:07:00,1,87,87075,1,1,2,6,Perigueux (Route De),45.78689,1.18823
202300040012,23,2,2023,2025-12-05 18:53:00,2,81,81004,2,2,8,2,Kennedy (Av President),43.91908044,2.15480894
202300040013,19,2,2023,2025-12-05 23:35:00,5,80,80489,2,1,1,6,Paul Baroux (Rue),49.87196,2.35361
202300040014,9,4,2023,2025-12-05 12:50:00,1,78,78402,1,1,1,4,A13,48.964685,1.799781
202300040015,8,4,2023,2025-12-05 21:00:00,3,78,78140,1,1,1,7,A13,48.962266,1.928584
202300040016,23,2,2023,2025-12-05 09:15:00,1,79,79191,2,2,1,3,Adresse_Inconnue,46.3162,-0.47687
202300040017,9,4,2023,2025-12-05 11:04:00,1,78,78402,1,1,1,2,A13,48.96399,1.787715
202300040018,23,2,2023,2025-12-05 07:40:00,2,79,79191,2,2,2,6,Adresse_Inconnue,46.31686,-0.4358
202300040019,23,2,2023,2025-12-05 14:40:00,1,78,78624,1,1,1,3,Poissy Avenue De,48.957984,2.018206
202300040020,9,4,2023,2025-12-05 15:00:00,1,93,93006,1,1,1,2,A3,48.86966029,2.42972435
202300040021,23,2,2023,2025-12-05 06:30:00,5,77,77390,2,1,1,1,Av De La Malibran,48.80088,2.63309
202300040022,23,2,2023,2025-12-05 15:50:00,1,76,76114,2,1,1,2,Debray  Louis (Avenue),49.59046,0.48505
202300040023,8,4,2023,2025-12-05 12:30:00,1,93,93010,1,1,1,2,Autoroute A3,48.90207598,2.47041227
202300040024,23,2,2023,2025-12-05 18:45:00,5,69,69266,2,1,2,3,Rue Du 4 Aout 1789,45.7646,4.8888
202300040025,9,4,2023,2025-12-05 02:35:00,5,94,94052,1,1,1,1,A86,48.8421989,2.4927536
202300040026,23,2,2023,2025-12-05 11:30:00,1,69,69266,2,1,1,6,338 Cours Emile Zola,45.76603,4.8985
202300040027,23,2,2023,2025-12-05 20:00:00,5,69,69266,1,1,2,6,Route Departementale 29,45.7520227,4.90809219
202300040028,8,4,2023,2025-12-05 17:30:00,1,77,77251,2,1,1,2,Rn104,48.6449,2.54591
202300040029,23,2,2023,2025-12-05 09:40:00,1,64,64129,2,6,2,3,Vignes Des,43.30705,-0.39892
202300040030,8,4,2023,2025-12-05 10:20:00,1,83,83137,2,1,1,3,Carnot (Ave Lazare),43.12829,5.92456
202300040031,21,2,2023,2025-12-05 17:30:00,1,64,64122,2,1,1,6,General De Gaulle (Bd Du),43.48445,-1.55827
202300040032,23,2,2023,2025-12-05 07:23:00,5,64,64102,2,1,2,6,Alsace Lorraine (Boulevard),43.49058,-1.46249
202300040033,8,4,2023,2025-12-05 12:10:00,1,974,97411,2,1,1,3,Neuf (Chemin),-20.88745,55.41421
202300040034,12,2,2023,2025-12-05 18:00:00,2,63,63113,2,1,1,7,Auriol (Boulebard Vincent),45.80172,3.14577
202300040035,8,4,2023,2025-12-05 18:05:00,2,973,97302,2,2,1,3,Digue Ronjon,4.93331,-52.33171
202300040036,3,9,2023,2025-12-05 18:10:00,1,75,75113,2,1,1,2,Bd Peripherique Exterieur Quai D Ivry,48.825675,2.386693
202300040037,14,2,2023,2025-12-05 10:33:00,1,63,63113,2,2,1,2,Parlette / Bd J Moulin,45.7768,3.11758
202300040038,8,4,2023,2025-12-05 14:40:00,1,69,69387,2,2,1,1,Grande Rue De La Guillotiere,45.74804,4.8562
202300040039,2,9,2023,2025-12-05 19:25:00,1,75,75114,2,1,1,2,Bd Peripherique Exterieur,48.824292,2.30637
202300040040,8,4,2023,2025-12-05 13:55:00,1,2B,2B120,1,1,1,1,11 - Rt,42.6412,9.4396
202300040041,2,9,2023,2025-12-05 10:25:00,1,75,75119,2,1,1,2,Bd Peripherique Interieur,48.899354,2.392553
202300040042,8,4,2023,2025-12-05 04:10:00,3,95,95510,1,1,1,3,N14,49.05775441,2.00597048
202300040043,23,2,2023,2025-12-05 19:00:00,5,59,59090,2,1,1,2,Gaulle (Avenue Du General De),50.68459946,3.08489442
202300040044,23,3,2023,2025-12-05 19:34:00,5,86,86066,2,1,1,2,Rue Du Champ De La Croix,46.80337,0.55271
202300040045,2,9,2023,2025-12-05 14:35:00,1,75,75112,2,2,1,3,Avenue De Saint Mande,48.844264,2.410136
202300040046,3,9,2023,2025-12-05 03:29:00,5,75,75105,2,2,1,3,Rue Broca,48.839028,2.34923
202300040047,22,2,2023,2025-12-05 19:10:00,2,59,59410,2,1,2,6,Theodore Monod,50.6454,3.0986
202300040048,8,4,2023,2025-12-05 18:40:00,1,81,81065,1,3,1,3,Albi (Rd612 - Rte D'),43.64197,2.22022
202300040049,3,9,2023,2025-12-05 12:35:00,1,75,75120,2,1,1,3,Rue D Avron,48.85242,2.40452
202300040050,3,9,2023,2025-12-05 01:45:00,5,75,75119,2,3,1,3,Avenue De Flandre,48.885779,2.370978
202300040051,7,4,2023,2025-12-05 17:40:00,1,79,79191,2,1,1,1,Adresse_Inconnue,46.334474,-0.46193
202300040052,22,2,2023,2025-12-05 18:30:00,5,59,59350,2,2,2,3,Salengro Roger Rue,50.64382,2.98886
202300040053,2,9,2023,2025-12-05 22:40:00,5,75,75115,2,9,1,3,Avenue De La Porte De Sevres,48.83585,2.278296
202300040054,2,9,2023,2025-12-05 17:10:00,1,75,75113,2,1,1,4,Avenue D Italie,48.823877,2.357962
202300040055,8,4,2023,2025-12-05 04:45:00,3,79,79191,2,1,1,1,Adresse_Inconnue,46.33617,-0.42314
202300040056,22,2,2023,2025-12-05 19:33:00,5,57,57306,2,1,2,1,Marne (Rue De La),49.33123,6.06411
202300040057,3,9,2023,2025-12-05 17:55:00,1,75,75112,2,2,1,6,Rue De Wattignies,48.835435,2.397794
202300040058,23,2,2023,2025-12-05 15:00:00,1,57,57751,2,9,1,6,Thionville (Avenue ),49.15001,6.15967
202300040059,3,9,2023,2025-12-05 02:18:00,5,75,75111,2,2,1,6,Avenue De La Republique,48.865274,2.374512
202300040060,23,2,2023,2025-12-05 10:50:00,1,51,51454,2,1,2,1,Rue Du General Koenig,49.22763,4.02766
202300040061,2,9,2023,2025-12-05 19:05:00,1,75,75108,2,3,1,3,Rue Saint Honore,48.867948,2.324606