num_acc,jour,mois,an,hrmn,lum,dep,com,agg,int,atm,col,adr,lat,long
202300040062,22,2,2023,2025-12-05 17:20:00,1,49,49007,2,1,2,2,Atlantique  Avenue De L',47.46445168,-0.57229221
202300040063,8,4,2023,2025-12-05 20:20:00,1,77,77152,1,9,1,3,Cimetiere Vosves,48.509649,2.5998
202300040064,3,9,2023,2025-12-05 20:20:00,2,75,75102,2,2,1,3,Boulevard De Sebastopol,48.869312,2.354271
202300040065,22,2,2023,2025-12-05 13:55:00,1,49,49353,2,1,1,3,Rue Ferdinand Vest,47.44196,-0.48314
202300040066,8,4,2023,2025-12-05 08:50:00,1,77,77152,2,1,1,3,Ampere(Avenue Andre),48.50735,2.60805
202300040067,3,9,2023,2025-12-05 17:16:00,1,75,75104,2,2,1,3,Rue Des Tournelles,48.855951,2.367322
202300040068,23,2,2023,2025-12-05 06:55:00,5,45,45286,1,1,1,1,Avenue Gaston Galloux,47.87,1.932
202300040069,3,9,2023,2025-12-05 11:20:00,1,75,75104,2,1,1,6,Souterrain Henri Iv,48.850716,2.361123
202300040070,23,2,2023,2025-12-05 08:10:00,1,44,44184,2,2,1,6,83 Boulevard Pierre De Maupertuis,47.28076,-2.22987
202300040071,8,4,2023,2025-12-05 13:50:00,1,77,77014,2,9,1,2,D138,48.41863,2.73715
202300040072,8,4,2023,2025-12-05 09:10:00,1,71,71270,2,1,1,6,Gambetta (Rue),46.30282,4.82884
202300040073,3,9,2023,2025-12-05 19:40:00,1,94,94043,2,1,1,2,116 Avenue De Fontainebleau,48.808553,2.362651
202300040074,18,2,2023,2025-12-05 16:55:00,1,42,42207,1,4,1,6,Route De Fouay,45.45142,4.49025
202300040075,8,4,2023,2025-12-05 13:30:00,1,71,71445,2,1,1,6,Grande Rue,46.77609,4.887
202300040076,2,9,2023,2025-12-05 22:10:00,5,93,93051,2,3,1,3,Avenue Des Graviers / Chemin De La Noisette,48.82685,2.58377
202300040077,21,2,2023,2025-12-05 18:50:00,5,38,38185,2,3,1,3,Gambetta ( Boulevard)      1 A 21-12 Bis,45.18924,5.7226
202300040078,9,4,2023,2025-12-05 00:15:00,3,69,69275,2,2,1,7,17 Rue De La Fraternite,45.7717168,4.95771768
202300040079,3,9,2023,2025-12-05 19:10:00,1,93,93048,2,1,1,3,Rue De Paris,48.85630348,2.4261691
202300040080,23,2,2023,2025-12-05 19:05:00,5,37,37261,2,1,2,3,Eiffel (Avenue Gustave),47.43353609,0.69796926
202300040081,8,4,2023,2025-12-05 18:34:00,1,69,69266,2,1,1,6,Cours Emile Zola,45.7648305,4.90855947
202300040082,23,2,2023,2025-12-05 14:45:00,1,35,35238,2,1,2,2,Vern (De),48.09392,-1.64884
202300040083,2,9,2023,2025-12-05 22:30:00,3,92,92051,2,1,1,5,"Charles De Gaulle (Avenue, Ndeg27 A 129)",48.87972,2.27603
202300040084,23,2,2023,2025-12-05 01:25:00,5,34,34032,2,1,1,6,Route D'Agde,43.32639,3.24582
202300040085,8,4,2023,2025-12-05 03:05:00,5,69,69259,2,1,1,2,Avenue Francis De Pressense,45.7129,4.87407
202300040086,30,7,2023,2025-12-05 10:50:00,1,34,34032,1,1,1,2,A75,43.369681,3.283031
202300040087,23,2,2023,2025-12-05 11:10:00,1,33,33529,2,2,2,3,Industrie (Bd De L') Du 01 Et +,44.61449,-1.12746
202300040088,8,4,2023,2025-12-05 18:15:00,1,64,64024,2,1,1,2,Laporte (Avenue Jean Leon),43.48908,-1.49977
202300040089,3,9,2023,2025-12-05 13:00:00,1,13,13028,1,1,1,4,A50-Sens Aubagne Vers Toulon,43.20858342,5.58528697
202300040090,23,2,2023,2025-12-05 11:20:00,1,29,29232,2,6,1,3,Rond-Point De Prad Ar C'Hras,48.000745,-4.152022
202300040091,3,9,2023,2025-12-05 10:30:00,1,83,83027,1,1,1,7,A50,43.16469276,5.76706828
202300040092,7,4,2023,2025-12-05 17:25:00,1,64,64102,2,1,1,2,Soult (Avenue Marechal),43.48755,-1.48272
202300040093,22,2,2023,2025-12-05 09:45:00,1,29,29039,2,2,1,3,Rue De Penanguer,47.90857,-3.91873
202300040094,8,4,2023,2025-12-05 22:50:00,3,62,62277,1,1,1,6,D40,50.385064,2.921726
202300040095,3,9,2023,2025-12-05 06:18:00,3,91,91689,1,1,1,2,Autoroute A6,48.7400712,2.31942594
202300040096,23,2,2023,2025-12-05 08:55:00,1,26,26198,2,1,1,6,Rue Rene Cassin,44.55664,4.74656
202300040097,3,9,2023,2025-12-05 17:30:00,1,93,93027,1,1,1,6,Autoroute A1,48.93335203,2.38374209
202300040098,23,2,2023,2025-12-05 07:20:00,1,25,25056,2,1,1,2,Ouest Boulevard,47.2234,5.97924
202300040099,8,4,2023,2025-12-05 21:40:00,3,62,62628,2,2,1,3,Rue De Bourganeuf,50.42219,2.89063
202300040100,3,9,2023,2025-12-05 16:45:00,1,94,94033,1,1,1,2,A86,48.85806851,2.48816509
202300040101,10,2,2023,2025-12-05 11:50:00,1,24,24557,1,1,1,6,Pompidou (Avenue Georges),45.19821,0.74099
202300040102,3,9,2023,2025-12-05 09:00:00,1,94,94069,1,1,1,3,A4,48.81760575,2.42124411
202300040103,22,2,2023,2025-12-05 13:15:00,1,30,30032,2,1,1,3,Quai De La Paix,43.8063,4.6362
202300040104,8,4,2023,2025-12-05 02:00:00,3,60,60382,1,1,1,5,N31,49.43404434,2.8154397
202300040105,2,9,2023,2025-12-05 16:45:00,1,75,75112,1,1,3,2,A4,48.825146,2.463772
202300040106,23,2,2023,2025-12-05 20:30:00,5,13,13210,2,3,1,3,Florian (Avenue),43.28505,5.4253
202300040107,8,4,2023,2025-12-05 09:00:00,1,60,60057,2,1,1,3,Av Du Pdt J Fitzgerald Kennedy,49.41914,2.10672
202300040108,23,2,2023,2025-12-05 18:20:00,2,13,13209,2,1,1,1,Gaye (Traverse De La),43.25692275,5.40828827
202300040109,4,6,2023,2025-12-05 10:45:00,1,89,89307,1,2,7,3,Adresse_Inconnue,47.920297,3.713191
202300040110,7,4,2023,2025-12-05 16:50:00,1,59,59360,2,3,1,3,Kuhlmann Avenue,50.62237,3.01526
202300040111,8,4,2023,2025-12-05 13:50:00,1,59,59183,2,1,1,6,Vancauwenberghe - Rue,51.00459,2.3221
202300040112,3,5,2023,2025-12-05 16:20:00,1,88,88496,1,2,1,1,Departemnat 164,48.224548,5.8174
202300040113,19,4,2023,2025-12-05 02:57:00,5,10,10362,2,1,1,6,General Gallieni (Rue Du),48.29,4.05
202300040114,5,4,2023,2025-12-05 17:10:00,1,57,57227,2,1,1,6,Nationale(Rue) R.Dla  Chapelle N.C./Carr,49.18787,6.90036
202300040115,2,9,2023,2025-12-05 14:00:00,1,974,97411,2,1,1,2,Ecole (De L'),-20.8933,55.49119
202300040116,8,4,2023,2025-12-05 20:30:00,1,44,44109,2,1,1,3,18 Boulevard De L'Estuaire,47.20418,-1.55839
202300040117,2,9,2023,2025-12-05 16:31:00,1,973,97302,2,2,1,3,Amusant (Paul),4.93431536,-52.33195379
202300040118,8,4,2023,2025-12-05 19:00:00,1,44,44109,2,1,1,7,18 Route De Paris,47.25901941,-1.50330462
202300040119,2,9,2023,2025-12-05 11:30:00,1,69,69386,2,2,1,3,Rue Barreme,45.77458,4.84709
202300040120,9,4,2023,2025-12-05 01:30:00,5,38,38185,2,1,1,6,Gambetta (Boulevard),45.18338,5.7265
202300040121,1,9,2023,2025-12-05 22:40:00,5,972,97209,1,1,1,6,Autoroute (A1),14.61676,-61.04207
202300040122,7,4,2023,2025-12-05 17:20:00,1,38,38185,2,1,1,6,Rhin Et Danube (Avenue),45.17193,5.70505
202300040123,2,9,2023,2025-12-05 05:50:00,1,971,97101,2,1,2,6,Patrick Saint Eloi ( Avenue ),16.25276,-61.5245
202300040124,7,4,2023,2025-12-05 16:00:00,1,35,35288,2,1,1,6,Boulevard Chateaubriand,48.662,-1.98967
202300040125,2,9,2023,2025-12-05 13:45:00,1,91,91201,2,1,1,4,Rue Eugene Delacroix,48.6745,2.4129
202300040126,2,9,2023,2025-12-05 14:35:00,1,91,91286,2,5,1,2,Grande Borne (Rue De La),48.6509,2.38256
202300040127,7,4,2023,2025-12-05 17:55:00,1,35,35238,2,1,1,5,Rocade 3-4,48.09001,-1.63033
202300040128,2,9,2023,2025-12-05 02:41:00,3,77,77288,1,1,1,2,R.N6 - Penetrante,48.54289,2.64736
202300040129,7,4,2023,2025-12-05 16:15:00,1,33,33063,2,3,1,3,Rue Fondaudege,44.84952,-0.5847
202300040130,8,4,2023,2025-12-05 21:05:00,5,29,29232,2,1,1,6,Rue Paul Borrossi,47.9876135,-4.1218653
202300040131,31,8,2023,2025-12-05 23:30:00,3,77,77450,1,9,1,6,N104,48.70622,2.59631
202300040132,2,9,2023,2025-12-05 14:30:00,1,76,76474,2,1,1,3,Route De Dieppe,49.49391,1.04865
202300040133,8,4,2023,2025-12-05 15:26:00,1,29,29232,1,6,1,3,Rond-Point De Kerustum,47.97889,-4.0947
202300040134,8,4,2023,2025-12-05 12:20:00,1,28,28404,1,1,1,5,Rd 828A,48.73088,1.34318
202300040135,2,9,2023,2025-12-05 10:00:00,1,71,71076,2,2,1,1,Ledru Rollin (Rue),46.78761098,4.83876253
202300040136,8,4,2023,2025-12-05 17:59:00,1,27,27684,1,1,1,6,Rn 13,49.0141726,1.233037
202300040137,2,9,2023,2025-12-05 23:00:00,5,69,69264,2,2,1,3,Rue De La Quarantaine,45.9893,4.72274
202300040138,8,4,2023,2025-12-05 09:00:00,1,27,27229,2,1,1,2,Monod (Rue Jacques),49.020498,1.182185
202300040139,1,9,2023,2025-12-05 14:20:00,1,69,69264,2,1,1,2,Boulevard Gambetta,45.99356,4.71576
202300040140,2,9,2023,2025-12-05 10:00:00,1,69,69259,2,9,1,6,Rue President Edouard Herriot,45.69508,4.8764
202300040141,7,4,2023,2025-12-05 22:08:00,4,22,22106,2,3,1,3,Eiffel (Rue Gustave),48.50124,-2.73403
202300040142,1,9,2023,2025-12-05 08:16:00,1,63,63224,1,1,1,5,Rd 2009,45.86858,3.11888
202300040143,7,4,2023,2025-12-05 17:50:00,1,17,17028,1,1,1,4,114 Pk Rn137 Justice Rochefort,46.145,-1.109
202300040144,23,8,2023,2025-12-05 07:35:00,1,62,62160,2,1,1,6,Boulevard Auguste Mariette,50.72653,1.611942
202300040145,8,4,2023,2025-12-05 05:55:00,5,17,17274,2,6,1,3,D108,46.15439,-1.11213
202300040146,1,9,2023,2025-12-05 14:42:00,1,60,60175,2,1,3,6,Avenue Marie Et Pierre Curie,49.25219,2.4836
202300040147,2,9,2023,2025-12-05 10:05:00,1,59,59152,2,1,1,6,Hurlupin (Rue D'),50.7639256,3.01008553
202300040148,8,4,2023,2025-12-05 13:15:00,1,13,13214,2,2,1,3,Capitaine Geze (Boulevard),43.33132,5.37667
202300040149,2,9,2023,2025-12-05 13:45:00,1,54,54578,2,2,1,3,Aiguillettes  (Bd 5 A 73-2 A 94),48.67029,6.1583
202300040150,8,4,2023,2025-12-05 11:00:00,1,13,13215,2,1,1,6,Bourrely (Chemin Des),43.37965,5.36183
202300040151,2,9,2023,2025-12-05 13:32:00,1,49,49007,2,2,1,3,Arago Boulevard,47.47861,-0.5562
202300040152,8,4,2023,2025-12-05 18:20:00,1,13,13028,2,1,1,3,Kennedy (Avenue President John Fitzgeral,43.17904,5.6019
202300040153,8,4,2023,2025-12-05 13:45:00,1,11,11069,2,1,1,6,3 Impasse De L'Alaric,43.228477,2.387517
202300040154,3,9,2023,2025-12-05 00:00:00,5,45,45302,2,2,1,3,609 Rue Nationale 20,47.94329,1.89264
202300040155,8,4,2023,2025-12-05 02:10:00,5,11,11069,2,1,1,6,Route De Maquens,43.207,2.3146
202300040156,2,9,2023,2025-12-05 06:50:00,3,44,44184,1,1,1,2,Adresse_Inconnue,47.29136,-2.23226
202300040157,2,9,2023,2025-12-05 19:55:00,1,44,44109,2,1,7,6,10 Boulevard Marechal Alphonse Juin,47.19823,-1.59476
202300040158,2,9,2023,2025-12-05 19:50:00,1,35,35238,2,1,7,6,Leroux (Bd Oscar),48.09144336,-1.66101158
202300040159,7,4,2023,2025-12-05 17:00:00,1,11,11069,2,1,1,5,5 Route De Montreal,43.2113,2.3284
202300040160,8,4,2023,2025-12-05 05:00:00,3,9,9207,1,1,1,6,20 (R.N.) Cote Sud Du Tunnel,42.92884,1.63204
202300040161,1,9,2023,2025-12-05 18:25:00,1,35,35115,2,2,1,3,Canrobert (Rue),48.35098,-1.19273
202300040162,2,9,2023,2025-12-05 21:05:00,5,33,33063,2,1,3,6,Avenue De Nontraste,44.87723121,-0.56818843
202300040163,8,4,2023,2025-12-05 14:00:00,1,6,6069,2,1,1,3,Dragonniere (Chemin De La),43.674633,6.955375
202300040164,2,9,2023,2025-12-05 18:30:00,1,33,33069,2,2,1,3,Boulevard Pierre 1Er,44.8570806,-0.59114277
202300040165,2,4,2023,2025-12-05 11:30:00,1,6,6069,2,1,1,2,Cannes (Route De)  -Vc 6085-,43.635238,6.95167
202300040166,1,9,2023,2025-12-05 17:20:00,1,31,31483,2,3,1,2,Kennedy (Avenue),43.101642,0.72772
202300040167,2,9,2023,2025-12-05 12:05:00,1,27,27229,2,1,1,3,Saint Andre (Route De),49.009236,1.167471
202300040168,7,4,2023,2025-12-05 15:30:00,1,6,6069,2,1,1,4,Cannes (Route De)  -Rd 6085-,43.64165,6.94534
202300040169,2,9,2023,2025-12-05 05:25:00,4,26,26198,1,1,1,6,Sauzet (Route ),44.55377119,4.74866867
202300040170,2,9,2023,2025-12-05 09:50:00,1,26,26198,1,3,1,3,Chemin De Fortuneau,44.53935,4.7323
202300040171,7,4,2023,2025-12-05 18:10:00,1,4,4112,2,1,1,2,Delattre De Tassigny (Av. Mal.),43.82499,5.78882
202300040172,2,9,2023,2025-12-05 11:50:00,1,25,25056,2,4,1,6,Aubepines Rue Des,47.2654,6.04877
202300040173,1,9,2023,2025-12-05 19:10:00,1,22,22113,2,1,1,6,Le Dantec (Rue Felix),48.7328,-3.46388
202300040174,7,4,2023,2025-12-05 18:20:00,5,988,98818,2,3,1,3,Route Menant Au Debarcadere/Promenade Pierre Vernier,-22.30955,166.45802
202300040175,1,9,2023,2025-12-05 14:05:00,1,16,16271,1,1,1,2,Torsac (Route De),45.615113,0.191211
202300040176,7,4,2023,2025-12-05 11:50:00,1,976,97611,2,1,1,3,Passamanty-Vahibe ( Route ),-12.80374,45.21221
202300040177,2,9,2023,2025-12-05 19:00:00,1,14,14220,2,1,1,2,14 Boulevard Eugene Cornuche,49.36238,0.07378
202300040178,7,4,2023,2025-12-05 19:20:00,3,974,97411,1,3,1,6,Jaures (Boulevard Jean),-20.89192,55.46735
202300040179,2,9,2023,2025-12-05 13:25:00,1,13,13207,2,1,1,2,Corniche John Fitzgerald Kennedy,43.2701,5.36529
202300040180,7,4,2023,2025-12-05 09:25:00,1,974,97411,2,1,1,6,Ocean (Boulevard De L'),-20.88138,55.45706
202300040181,2,9,2023,2025-12-05 01:45:00,5,11,11069,2,9,1,6,96 Avenue Bunau Varilla,43.20687,2.33537
202300040182,7,4,2023,2025-12-05 06:50:00,1,974,97411,2,1,1,3,Lattre De Tassigny (Avenue Marechal De),-20.88703,55.47108
202300040183,1,9,2023,2025-12-05 17:50:00,1,11,11069,1,1,1,2,Adresse_Inconnue,43.22386,2.327
202300040184,7,4,2023,2025-12-05 07:45:00,1,974,97411,2,1,1,6,Jaures (Boulevard Jean),-20.88969,55.46105
202300040185,1,9,2023,2025-12-05 16:30:00,1,2,2408,2,6,1,3,Adresse_Inconnue,49.5685,3.6468
202300040186,2,9,2023,2025-12-05 00:00:00,5,75,75114,2,1,1,7,Bretelle Porte De Vanves,48.82520657,2.30326134
202300040187,6,4,2023,2025-12-05 16:15:00,1,974,97407,1,1,1,2,Axe Mixte De Cambaie,-20.95307,55.2943
202300040188,7,4,2023,2025-12-05 13:03:00,1,973,97302,2,3,1,3,Madeleine (Route De La),4.91739,-52.32143
202300040189,2,9,2023,2025-12-05 06:14:00,2,75,75116,2,1,1,5,Bd Peripherique Exterieur,48.85464,2.254711
202300040190,7,4,2023,2025-12-05 19:30:00,1,69,69388,2,2,1,3,Rue Emile Combes,45.73299,4.86602
202300040191,2,9,2023,2025-12-05 20:00:00,1,75,75105,2,2,1,3,Quai Saint Michel,48.853772,2.344347
202300040192,2,9,2023,2025-12-05 05:50:00,5,75,75114,2,3,1,6,Boulevard Raspail,48.835025,2.332174
202300040193,7,4,2023,2025-12-05 14:50:00,1,69,69383,2,3,1,2,Rue Rabelais,45.76235,4.8414
202300040194,2,9,2023,2025-12-05 18:15:00,1,75,75115,2,2,1,6,Rue Linois,48.847693,2.284141
202300040195,1,9,2023,2025-12-05 13:00:00,1,75,75114,2,3,1,6,Avenue Du Maine,48.839457,2.322288
202300040196,1,9,2023,2025-12-05 18:10:00,1,75,75114,2,3,1,3,Avenue Du Maine,48.834058,2.324443
202300040197,7,4,2023,2025-12-05 03:05:00,5,69,69389,2,2,1,3,Avenue Sidoine Apollinaire,45.77357,4.79524
202300040198,2,9,2023,2025-12-05 00:15:00,5,75,75113,2,1,1,1,Rue Jean Baptiste Berlier,48.8262367,2.38626069
202300040199,7,4,2023,2025-12-05 13:45:00,1,2A,2A004,2,3,1,3,Calvi  Route,41.95855,8.78061
202300040200,2,9,2023,2025-12-05 04:45:00,5,75,75111,2,3,1,6,Rue De Charonne,48.854399,2.384077
202300040201,7,4,2023,2025-12-05 08:20:00,1,95,95051,2,3,7,1,Denis Papin (Rue),49.0161429,2.17679769
202300040202,2,9,2023,2025-12-05 01:20:00,5,75,75111,2,2,1,6,Boulevard De Charonne,48.858259,2.389886
202300040203,6,4,2023,2025-12-05 16:50:00,1,91,91215,2,1,1,6,Av Victor Hugo,48.6976,2.52424
202300040204,9,12,2023,2025-12-05 22:15:00,3,93,93064,1,1,8,4,Autoroute A86,48.87884,2.47637
202300040205,10,12,2023,2025-12-05 20:15:00,3,94,94011,1,1,2,6,N406,48.76265,2.495
202300040206,2,9,2023,2025-12-05 15:15:00,1,75,75101,2,2,1,3,Boulevard De Sebastopol,48.858547,2.348205
202300040207,4,4,2023,2025-12-05 17:05:00,1,91,91174,2,3,1,4,Rue Emile Zola,48.61154,2.46993
202300040208,10,12,2023,2025-12-05 19:15:00,3,94,94042,1,1,3,6,A4,48.82743426,2.46915402
202300040209,2,9,2023,2025-12-05 17:00:00,1,94,94046,2,1,1,1,Avenue Georges Clemenceau,48.81170568,2.44367293
202300040210,7,4,2023,2025-12-05 12:45:00,1,88,88160,2,1,8,3,Ruelle Du Maroc,48.180663,6.436745
202300040211,2,9,2023,2025-12-05 08:50:00,1,94,94022,2,1,1,6,88 Avenue Victor Hugo,48.7695939,2.42372292
202300040212,9,12,2023,2025-12-05 22:00:00,3,77,77372,1,1,1,5,A104,48.89658433,2.66217082
202300040213,19,3,2023,2025-12-05 09:42:00,1,78,78172,2,1,1,6,Liberte (Place De La),49.005007,2.116454
202300040214,9,12,2023,2025-12-05 15:50:00,1,94,94028,1,1,3,6,A86,48.79698818,2.44355794
202300040215,2,9,2023,2025-12-05 19:00:00,1,93,93071,2,2,1,3,Rue Edison / Allee Du Jura,48.9285,2.52723
202300040216,8,12,2023,2025-12-05 18:45:00,3,77,77258,1,1,1,3,A4.W,48.83140473,2.64207057
202300040217,2,9,2023,2025-12-05 02:48:00,5,93,93048,2,1,1,6,Rue De La Patte D'Oie,48.860742,2.468056
202300040218,7,4,2023,2025-12-05 10:05:00,1,77,77053,2,1,1,6,Rd 319,48.68583,2.62556
202300040219,9,10,2023,2025-12-05 07:15:00,2,74,74159,1,1,1,2,A40,46.02396802,6.61644459
202300040220,6,4,2023,2025-12-05 20:30:00,2,77,77378,2,1,1,6,Rue De Boissise,48.52992,2.55656
202300040221,10,12,2023,2025-12-05 04:00:00,5,988,98818,2,1,1,6,Avenue James Cook,-22.2668,166.4203
202300040222,1,9,2023,2025-12-05 23:49:00,5,93,93077,2,1,1,1,Rue De Neuilly,48.87659524,2.52523784
202300040223,6,4,2023,2025-12-05 16:30:00,1,77,77226,2,2,1,3,D110,48.44321,2.7859
202300040224,8,12,2023,2025-12-05 22:20:00,5,988,98818,2,1,1,6,Promenade Roger Laroque,-22.2957,166.43759
202300040225,2,9,2023,2025-12-05 05:30:00,3,93,93050,2,5,1,1,Rue De Neuilly / Rue Gabrielle,48.87536724,2.52598708
202300040226,7,4,2023,2025-12-05 07:35:00,1,76,76561,2,2,1,3,Avenue Louis Pasteur,49.30998,1.01322
202300040227,9,12,2023,2025-12-05 11:40:00,1,974,97411,2,1,1,4,Jaures (Boulevard Jean),-20.88983,55.452
202300040228,2,9,2023,2025-12-05 18:15:00,1,93,93015,2,4,1,6,Rue Jean Baptiste Clement / Rue De La Faisanderie,48.91636,2.56955
202300040229,9,12,2023,2025-12-05 01:30:00,4,973,97302,2,1,1,6,Galmot (Avenue),4.93207047,-52.32807255
202300040230,7,4,2023,2025-12-05 10:40:00,1,72,72181,2,1,1,4,Cugnot Nicolas (Bd),47.98438,0.22252
202300040231,7,4,2023,2025-12-05 06:30:00,5,72,72181,2,6,8,3,Edison Thomas (Rue),48.025,0.177
202300040232,2,9,2023,2025-12-05 17:00:00,1,93,93047,2,2,1,6,Avenue Emile Cossonneau / Avenue Du Muguet,48.89421,2.54942
202300040233,9,12,2023,2025-12-05 22:40:00,3,69,69386,2,9,1,3,Rue Juliette Recamier,45.76788975,4.85844597
202300040234,2,9,2023,2025-12-05 17:50:00,1,92,92078,2,1,1,3,Marc Sangnier (Avenue),48.92907878,2.32614756
202300040235,6,4,2023,2025-12-05 14:20:00,1,72,72181,2,6,8,3,Delageniere Henry (Rue),48.011099,0.199135
202300040236,9,12,2023,2025-12-05 16:00:00,2,69,69386,2,2,2,6,Rue Bellecombe,45.76517,4.86361
202300040237,9,12,2023,2025-12-05 21:04:00,5,69,69389,2,1,2,6,80 Avenue Sidoine Apollinaire,45.76806,4.79773
202300040238,7,4,2023,2025-12-05 18:00:00,1,69,69259,2,3,1,3,Rue Saint Exupery,45.69869,4.89241
202300040239,2,9,2023,2025-12-05 00:45:00,5,92,92078,2,1,1,4,Longue Bertrane (Rue),48.93056675,2.32072592
202300040240,2,9,2023,2025-12-05 21:52:00,3,92,92033,2,1,1,6,Vergers,48.84669283,2.18137443
202300040241,9,12,2023,2025-12-05 03:05:00,5,69,69384,2,1,5,2,20 Cours D'Herbouville,45.77656,4.83971
202300040242,7,4,2023,2025-12-05 17:00:00,1,69,69259,2,2,1,3,Boulevard Marcel Sembat,45.71774,4.8848
202300040243,2,9,2023,2025-12-05 15:48:00,1,92,92064,2,1,1,3,Republique,48.85418864,2.21213758
202300040244,9,12,2023,2025-12-05 05:24:00,3,2B,2B037,1,9,3,1,Toutes Rues,42.61008,9.43767
202300040245,2,9,2023,2025-12-05 12:30:00,1,92,92051,2,1,1,6,"Chezy (Rue De, Ndeg 21 A 99)",48.89006,2.27377
202300040246,7,4,2023,2025-12-05 08:30:00,1,69,69029,2,3,1,3,78 Avenue Camille Rousset,45.73623,4.91369
202300040247,9,12,2023,2025-12-05 17:10:00,5,2B,2B033,1,4,9,3,Route Royale,42.68285882,9.42202409
202300040248,2,9,2023,2025-12-05 18:15:00,2,972,97222,1,1,1,3,Route Du Port,14.654157,-60.930562
202300040249,7,4,2023,2025-12-05 11:00:00,1,66,66136,2,1,1,6,Adresse_Inconnue,42.67678,2.89045
202300040250,6,4,2023,2025-12-05 14:37:00,1,66,66136,2,1,1,6,Adresse_Inconnue,42.68713,2.90601
202300040251,9,12,2023,2025-12-05 08:45:00,1,95,95018,2,1,3,6,Gabriel Peri (Avenue),48.94415,2.25099
202300040252,7,4,2023,2025-12-05 08:50:00,1,65,65286,2,1,1,6,Rue Martyrs De La Deportation,43.095799,-0.039485
202300040253,2,9,2023,2025-12-05 19:40:00,1,62,62706,1,2,1,3,D947,50.599359,2.757
202300040254,9,12,2023,2025-12-05 20:00:00,5,91,91421,2,1,2,2,Republique (Avenue De La),48.70731,2.45526
202300040255,3,9,2023,2025-12-05 09:50:00,1,71,71118,1,1,1,2,"A6, Pk 329+100, Direction De Lyon",46.803217,4.82524
202300040256,9,12,2023,2025-12-05 22:30:00,5,91,91228,1,3,8,3,Av Paul Delouvrier,48.62226,2.41699
202300040257,7,4,2023,2025-12-05 13:25:00,1,64,64260,2,1,1,3,Industrie (Rue De L'),43.34847,-1.77028
202300040258,2,9,2023,2025-12-05 13:10:00,1,974,97410,1,1,1,7,D53,-21.080611,55.626676
202300040259,9,12,2023,2025-12-05 19:00:00,5,91,91521,2,1,8,2,Aragon (Avenue Louis),48.63791,2.40318
202300040260,7,4,2023,2025-12-05 08:30:00,1,64,64483,1,1,1,6,Ithurralde Andre (Avenue),43.39392,-1.65009
202300040261,9,12,2023,2025-12-05 05:43:00,5,30,30351,2,1,9,5,General Leclerc Avenue Du,43.95367312,4.78346765
202300040262,7,4,2023,2025-12-05 23:20:00,4,64,64024,2,1,1,7,Lac (Avenue Du),43.51541,-1.51981
202300040263,3,9,2023,2025-12-05 06:15:00,1,974,97414,1,1,1,1,Route Nationale 5,-21.284896,55.420854
202300040264,6,4,2023,2025-12-05 14:20:00,1,64,64102,2,1,1,6,Navarre (Avenue Henri De),43.49874,-1.44769
202300040265,9,12,2023,2025-12-05 06:35:00,5,83,83137,2,3,1,3,Picot (Ave Du Colonel),43.12612,5.95974
202300040266,29,3,2023,2025-12-05 11:10:00,1,62,62413,2,1,1,6,Rue De Wattignies,50.45465885,2.90492186
202300040267,6,12,2023,2025-12-05 20:55:00,5,83,83129,2,3,1,3,Brusc (Che Du),43.09483422,5.83005081
202300040268,7,4,2023,2025-12-05 09:15:00,1,62,62413,1,3,1,3,D917,50.46599171,2.90378469
202300040269,8,12,2023,2025-12-05 23:06:00,5,77,77108,2,9,9,2,D934,48.86932,2.57454
202300040270,2,9,2023,2025-12-05 01:45:00,3,34,34163,1,1,1,5,A750 Pk 17.000,43.63301273,3.72953979
202300040271,7,4,2023,2025-12-05 16:45:00,1,59,59352,2,1,2,6,Roubaix (Rue De),50.73311,3.08579
202300040272,9,12,2023,2025-12-05 16:10:00,1,77,77251,1,1,1,6,All De La Citoyennete,48.61923,2.54289
202300040273,7,4,2023,2025-12-05 15:45:00,1,59,59599,2,1,8,6,Gramme (Chaussee),50.73614,3.17323
202300040274,1,9,2023,2025-12-05 18:15:00,1,87,87001,2,3,1,3,40 Avenue Du President Wilson,45.796692,1.136613
202300040275,9,12,2023,2025-12-05 15:12:00,1,77,77122,2,7,2,6,D50,48.664195,2.568438
202300040276,7,4,2023,2025-12-05 07:15:00,5,59,59033,2,1,2,6,Maubeuge (Rue De),50.202966,3.849548
202300040277,2,9,2023,2025-12-05 18:35:00,1,21,21679,1,1,1,7,D905,47.305819,4.666507
202300040278,7,4,2023,2025-12-05 21:30:00,5,59,59220,2,1,1,6,France Anatole Rue,50.60538061,3.06528211
202300040279,9,12,2023,2025-12-05 20:00:00,3,77,77209,1,2,8,6,D217B,48.853907,2.69064
202300040280,3,4,2023,2025-12-05 10:30:00,1,59,59122,2,1,1,6,Ribecourt (Rue De),50.1615826,3.23471993
202300040281,9,12,2023,2025-12-05 20:15:00,5,76,76329,2,2,2,3,Coty Rene (Rue),49.55775,0.48535
202300040282,1,9,2023,2025-12-05 21:40:00,5,57,57287,2,1,1,1,Route Departementale 654,49.375824,6.226893
202300040283,7,4,2023,2025-12-05 21:15:00,5,57,57240,1,9,9,1,Cd 26,49.1489,6.7968
202300040284,2,9,2023,2025-12-05 18:11:00,1,57,57079,1,1,1,6,D63,49.32540676,6.45572121
202300040285,9,12,2023,2025-12-05 19:04:00,5,72,72181,1,1,1,5,Cugnot Nicolas (Bd),47.98554,0.22463
202300040286,6,4,2023,2025-12-05 07:05:00,2,56,56121,2,6,2,2,Scorff ( Bd Du ),47.7612,-3.36596