num_acc,jour,mois,an,hrmn,lum,dep,com,agg,int,atm,col,adr,lat,long
202300040287,9,12,2023,2025-12-05 13:50:00,1,72,72181,1,9,2,3,Einstein Albert (Rue),48.0245,0.17708
202300040288,3,9,2023,2025-12-05 03:40:00,3,59,59502,1,5,1,1,D942,50.18575339,3.34372088
202300040289,7,4,2023,2025-12-05 13:55:00,1,54,54357,2,1,1,1,Patton (Av. Du General),48.71088,6.16219
202300040290,1,9,2023,2025-12-05 17:00:00,1,46,46304,2,1,1,6,D801,44.701941,1.5483
202300040291,6,4,2023,2025-12-05 13:50:00,1,54,54300,2,2,1,6,Galtier (Rue Lucien),48.65967,6.22625
202300040292,9,12,2023,2025-12-05 10:40:00,1,64,64122,2,1,1,3,Alan Seeger (Avenue),43.4522,-1.54407
202300040293,6,4,2023,2025-12-05 13:40:00,1,50,50129,2,1,1,6,Courbet (Rue Amiral),49.64942,-1.65812
202300040294,8,12,2023,2025-12-05 19:20:00,5,62,62555,2,1,8,6,Boulevard Leon Gambetta,50.50189,2.50256
202300040295,3,9,2023,2025-12-05 04:00:00,3,68,68155,2,1,1,7,D10,48.09366545,7.31197894
202300040296,6,4,2023,2025-12-05 18:40:00,1,50,50129,2,3,1,3,Couplets (Rue Des),49.65008,-1.66014
202300040297,9,12,2023,2025-12-05 19:10:00,5,54,54578,2,3,2,3,Boulevard Des Aiguillettes,48.67235,6.15462
202300040298,3,9,2023,2025-12-05 12:20:00,1,25,25254,1,1,1,6,D6,46.857594,6.37619
202300040299,9,12,2023,2025-12-05 17:13:00,3,49,49267,2,1,2,1,A87N,47.4676,-0.51525
202300040300,2,9,2023,2025-12-05 15:20:00,1,35,35222,1,1,1,7,Ville Cunan,48.530074,-1.604009
202300040301,7,4,2023,2025-12-05 18:13:00,1,49,49007,2,2,1,3,Saint Michel Boulevard,47.47345,-0.54203
202300040302,8,12,2023,2025-12-05 17:20:00,5,42,42218,2,6,2,6,Rue Marc Charras,45.44430294,4.42492984
202300040303,3,9,2023,2025-12-05 11:30:00,1,29,29241,2,6,1,7,Rue De Scaer,47.95855955,-3.81968921
202300040304,6,4,2023,2025-12-05 12:20:00,1,49,49007,2,1,1,2,Grand Launay,47.46568,-0.59484
202300040305,4,12,2023,2025-12-05 08:02:00,2,38,38185,1,1,1,2,A480,45.16554,5.70162
202300040306,3,9,2023,2025-12-05 06:30:00,2,2,2081,2,1,1,6,25 Rue Du Buat,49.627531,3.142776
202300040307,7,4,2023,2025-12-05 12:55:00,1,47,47001,2,1,1,2,Delpech (Av. Georges),44.20999,0.61046
202300040308,9,12,2023,2025-12-05 14:55:00,1,33,33167,2,2,3,3,Rue Du Mascaret,44.82834,-0.53018
202300040309,3,9,2023,2025-12-05 14:00:00,1,3,3268,1,1,7,6,Rd 2009,46.13543,3.211264
202300040310,7,4,2023,2025-12-05 18:30:00,1,44,44109,1,1,1,2,Adresse_Inconnue,47.25509,-1.53204
202300040311,3,9,2023,2025-12-05 00:00:00,3,15,15221,1,6,1,6,N122,44.882226,2.355678
202300040312,9,12,2023,2025-12-05 10:10:00,1,33,33063,2,2,1,3,Boulevard Albert Brandenburg,44.87594,-0.54833
202300040313,7,4,2023,2025-12-05 13:05:00,1,44,44190,2,1,7,6,13 Rue Du Docteur Paul Michaux,47.2085,-1.51041
202300040314,2,9,2023,2025-12-05 18:50:00,1,70,70120,1,1,7,2,Rd4,47.702816,6.709878
202300040315,9,12,2023,2025-12-05 14:35:00,1,31,31149,2,1,8,6,Rn124,43.60679,1.33088
202300040316,7,4,2023,2025-12-05 13:00:00,1,44,44109,2,1,1,6,9 Rue Copernic,47.21465,-1.5659
202300040317,3,9,2023,2025-12-05 09:00:00,1,72,72064,1,1,7,6,Lieu Dit Les Paturieres,47.861628,0.676121
202300040318,8,12,2023,2025-12-05 15:45:00,1,31,31555,2,9,1,2,Av De Reynerie,43.56851,1.40791
202300040319,7,4,2023,2025-12-05 19:48:00,1,43,43157,2,1,1,4,33 Place Du Breuil,45.04224,3.88436
202300040320,3,9,2023,2025-12-05 02:45:00,3,5,5045,1,1,1,6,Route Nationale 94 - Pk/Pr: 101+700,44.531438,6.43477
202300040321,8,12,2023,2025-12-05 21:00:00,3,31,31565,2,1,2,6,Valentine (Pont De),43.09752,0.70642
202300040322,7,4,2023,2025-12-05 15:20:00,1,43,43251,1,1,1,7,Chemin D'Eycenac,45.01832,3.86408
202300040323,7,4,2023,2025-12-05 17:45:00,1,35,35281,1,6,1,3,Dodin (Avenue Roger),48.07837,-1.71249
202300040324,2,9,2023,2025-12-05 20:20:00,2,90,90053,1,1,1,6,Adresse_Inconnue,47.528764,6.960804
202300040325,3,9,2023,2025-12-05 07:55:00,1,17,17466,1,1,1,7,D109,46.188959,-0.97052
202300040326,7,4,2023,2025-12-05 07:30:00,1,35,35238,2,1,1,6,Suede (De),48.08665,-1.67603
202300040327,2,9,2023,2025-12-05 17:30:00,1,48,48037,1,1,1,7,D901,44.511534,3.647429
202300040328,9,12,2023,2025-12-05 15:50:00,1,27,27528,2,1,6,7,Av Des Anciens Combattants D'Afn,49.254643,1.209468
202300040329,7,4,2023,2025-12-05 09:00:00,1,34,34172,2,6,1,3,Chateau D'O (Rond-Point Du),43.63157,3.84266
202300040330,8,12,2023,2025-12-05 17:50:00,5,27,27229,2,9,2,3,Allende (Boulevard Du President),49.004,1.1475
202300040331,7,4,2023,2025-12-05 22:15:00,5,34,34003,2,1,1,2,9 Rue De L'Oliveraie,43.302224,3.484422
202300040332,2,9,2023,2025-12-05 21:00:00,3,60,60100,1,1,1,3,A1,49.249851,2.679162
202300040333,9,12,2023,2025-12-05 14:55:00,1,25,25056,2,9,2,1,Dole Rue De (Sup 200),47.22689,5.97951
202300040334,7,4,2023,2025-12-05 22:36:00,5,33,33192,2,2,1,5,Cours Du General De Gaulle,44.790567,-0.605168
202300040335,8,12,2023,2025-12-05 14:45:00,1,15,15012,2,1,1,3,Rd 320,44.901675,2.458611
202300040336,25,8,2023,2025-12-05 17:50:00,1,987,98714,2,1,1,6,Vaitape,-16.386567,-151.766735
202300040337,10,12,2023,2025-12-05 01:10:00,5,13,13075,2,1,1,1,Frederic Chevillon (Avenue),43.347983,5.464251
202300040338,7,4,2023,2025-12-05 18:30:00,1,33,33281,2,1,1,3,Rue Roland Dorgeles,44.84383,-0.65362
202300040339,8,4,2023,2025-12-05 00:25:00,4,29,29232,1,6,1,7,Route De Benodet,47.9639,-4.0837
202300040340,2,9,2023,2025-12-05 19:45:00,3,988,98808,1,1,1,6,Nessa Kouya (Tribu),-21.29054,165.54169
202300040341,9,12,2023,2025-12-05 10:00:00,1,13,13213,2,1,1,2,Jean Paul Sartre (Avenue),43.3139,5.40593
202300040342,7,4,2023,2025-12-05 08:50:00,1,29,29039,1,1,1,4,N165 - Roz Bihan,47.94329761,-3.92920516
202300040343,2,9,2023,2025-12-05 23:30:00,4,71,71069,1,1,1,7,Route Du Moulin Cabot,46.332758,4.720634
202300040344,9,12,2023,2025-12-05 08:50:00,1,13,13210,2,1,1,1,Romain Rolland (Boulevard),43.275186,5.416339
202300040345,7,4,2023,2025-12-05 17:15:00,1,28,28134,1,1,1,3,N12 (Descente Et Pont Fermaincourt),48.74595,1.37853
202300040346,9,12,2023,2025-12-05 16:05:00,1,10,10387,2,1,2,3,Major General Vanier (Avenue),48.30203,4.07427
202300040347,7,4,2023,2025-12-05 19:45:00,1,27,27229,2,1,1,4,Cites Unies (Boulevard Des),49.00673,1.1444625
202300040348,3,9,2023,2025-12-05 03:05:00,3,44,44201,1,1,1,7,272 La Maillere,47.345237,-1.558938
202300040349,8,12,2023,2025-12-05 17:10:00,5,10,10387,2,2,8,3,Pierre Brossolette (Rue),48.28769,4.07718
202300040350,9,12,2023,2025-12-05 17:05:00,5,6,6069,2,1,1,2,Moulin De Brun (Chemin Et Traverse Du),43.656891,6.945299
202300040351,3,9,2023,2025-12-05 03:55:00,3,7,7241,1,1,1,6,Departementale 103,44.54862788,4.43266939
202300040352,7,4,2023,2025-12-05 15:55:00,1,25,25204,2,1,8,1,Ville  (Rue De La),46.92578,6.35241
202300040353,9,12,2023,2025-12-05 18:10:00,5,6,6004,1,9,1,6,Claude Ch.De St,43.60345,7.09008
202300040354,7,4,2023,2025-12-05 08:35:00,1,24,24037,2,1,1,6,Beauferrier (Rue),44.85914,0.47776
202300040355,30,8,2023,2025-12-05 14:47:00,1,1,1281,2,2,1,1,D1005,46.284046,6.086099
202300040356,8,12,2023,2025-12-05 07:08:00,5,5,5061,2,1,3,6,Jean Jaures ( Avenue ),44.5499,6.06851
202300040357,6,4,2023,2025-12-05 17:35:00,1,16,16102,2,6,1,6,Javrezac (Boulevard De),45.69404,-0.34735
202300040358,28,8,2023,2025-12-05 07:30:00,1,33,33498,2,1,1,6,Chemin D'Arnautille,44.55609,-0.914322
202300040359,9,12,2023,2025-12-05 10:30:00,1,4,4112,2,1,8,3,Majoral Arnaud (Av.),43.83072,5.78043
202300040360,3,9,2023,2025-12-05 09:10:00,1,35,35178,1,1,1,6,Rd 102,48.311183,-1.432005
202300040361,8,12,2023,2025-12-05 08:05:00,1,4,4070,2,1,3,3,Avenue Simone-Pellissier,44.084682,6.222625
202300040362,8,12,2023,2025-12-05 20:10:00,5,75,75118,2,1,1,2,Bd Peripherique Exterieur,48.901236,2.352112
202300040363,3,9,2023,2025-12-05 15:30:00,1,59,59430,2,1,1,6,Rue De La Bonnette,50.139385,3.499779
202300040364,7,4,2023,2025-12-05 19:30:00,1,13,13103,2,1,1,1,Avenue Leclerc - Du Marechal,43.63983,5.1089
202300040365,9,12,2023,2025-12-05 16:45:00,1,75,75117,2,3,1,2,Avenue De Clichy,48.890283,2.32078
202300040366,8,8,2023,2025-12-05 10:05:00,1,59,59177,1,1,1,1,Route D'Aulnoye,50.155803,3.876755
202300040367,7,4,2023,2025-12-05 22:20:00,5,13,13208,2,3,1,3,Carmagnoles (Bd),43.26908,5.3864
202300040368,9,12,2023,2025-12-05 09:25:00,1,75,75112,2,3,3,1,Rue De Charenton,48.836108,2.392236
202300040369,7,4,2023,2025-12-05 19:05:00,1,13,13047,1,1,1,2,Rd 569,43.54847,4.97356
202300040370,1,9,2023,2025-12-05 18:25:00,1,13,13005,1,1,1,2,A50-Sens Marseille Vers Aubagne,43.286511,5.536369
202300040371,9,12,2023,2025-12-05 16:55:00,1,75,75111,2,3,8,6,Rue Jean Pierre Timbaud,48.86729,2.375897
202300040372,2,9,2023,2025-12-05 08:54:00,1,13,13026,1,1,1,1,A55-Sens Marseille Vers Martigues,43.39021,5.13658
202300040373,3,4,2023,2025-12-05 19:45:00,1,10,10325,2,9,1,3,Rue Victor Hugo,48.26750977,4.06187832
202300040374,9,12,2023,2025-12-05 09:50:00,1,75,75110,2,3,3,6,Rue Alexandre Parodi,48.8798,2.365532
202300040375,7,4,2023,2025-12-05 15:35:00,1,10,10387,2,1,1,4,Victor Hugo (Rue),48.29345,4.06872
202300040376,2,9,2023,2025-12-05 03:45:00,5,69,69204,1,1,1,2,Autoroute 450,45.68408604,4.80424374
202300040377,9,12,2023,2025-12-05 07:24:00,5,75,75108,2,2,2,3,Place De La Concorde,48.86667134,2.32201767
202300040378,7,4,2023,2025-12-05 04:27:00,5,8,8480,2,1,9,6,Nationale Route,49.74272,4.73821
202300040379,9,12,2023,2025-12-05 06:30:00,2,75,75104,2,2,2,6,Quai De L Hotel De Ville,48.855899,2.351089
202300040380,7,4,2023,2025-12-05 22:16:00,5,6,6088,2,1,1,3,Delfino (Bd General),43.70589,7.28328
202300040381,7,4,2023,2025-12-05 14:10:00,1,6,6104,2,1,1,3,Cap Martin (Promenade Du),43.757759,7.481883
202300040382,9,12,2023,2025-12-05 11:50:00,1,94,94052,2,3,2,3,Avenue De Joinville,48.831046,2.468872
202300040383,2,9,2023,2025-12-05 00:35:00,3,33,33162,1,9,3,3,Rocade A 630,44.86942274,-0.64565867
202300040384,9,12,2023,2025-12-05 07:55:00,5,94,94052,2,1,2,6,Boulevard De Strasbourg,48.84526214,2.4892399
202300040385,7,4,2023,2025-12-05 08:20:00,1,6,6069,2,1,1,3,Grillons (Rue Des),43.64891,6.91185
202300040386,2,9,2023,2025-12-05 12:20:00,1,92,92002,1,1,1,2,Autoroute A10,48.73038049,2.30823398
202300040387,9,12,2023,2025-12-05 07:00:00,4,94,94017,2,1,2,6,Avenue Du General De Gaulle,48.82033118,2.48535318
202300040388,7,4,2023,2025-12-05 19:45:00,1,6,6123,2,1,1,3,Pugets Moyenne Corniche Des,43.69302,7.17844
202300040389,8,12,2023,2025-12-05 17:30:00,5,94,94071,2,2,2,6,Rue Jean Moulin,48.77541,2.51519
202300040390,2,9,2023,2025-12-05 14:10:00,1,91,91136,1,1,1,2,Autoroute A126,48.71276,2.28279
202300040391,7,4,2023,2025-12-05 15:40:00,1,1,1053,2,2,7,1,Montesquieu (Rue),46.18777,5.229225
202300040392,9,12,2023,2025-12-05 12:00:00,1,93,93051,2,3,2,6,Rue De L'Universite / Boulevard Du Levant,48.83845,2.5494
202300040393,8,4,2023,2025-12-05 15:25:00,1,75,75112,2,1,1,2,Porte De Charenton,48.833191,2.406946
202300040394,2,9,2023,2025-12-05 11:20:00,1,91,91689,1,1,1,4,Autoroute A6A,48.73237,2.31567
202300040395,8,4,2023,2025-12-05 01:10:00,5,75,75112,2,1,1,7,Porte De Vincennes,48.843158,2.413707
202300040396,9,12,2023,2025-12-05 10:30:00,1,93,93050,2,3,3,6,Avenue Leon Blum / Avenue Winston Churchill,48.8689,2.537056
202300040397,2,9,2023,2025-12-05 19:30:00,2,93,93006,1,1,1,2,Autoroute A3,48.86577158,2.41749625
202300040398,8,4,2023,2025-12-05 19:20:00,1,75,75117,2,3,1,3,Avenue Des Ternes,48.879025,2.292857
202300040399,9,12,2023,2025-12-05 14:22:00,1,92,92048,2,3,2,3,Capucins (Rue Des) Ndeg 1 A 31,48.81192129,2.23018304
202300040400,8,4,2023,2025-12-05 00:45:00,5,75,75117,2,1,1,6,Boulevard Peripherique Interieur Ouest,48.895335,2.307301
202300040401,9,12,2023,2025-12-05 18:51:00,4,92,92036,2,1,2,6,Geneal De Gaulle (Avenue) (1/41),48.93316138,2.30376855
202300040402,8,4,2023,2025-12-05 18:15:00,1,75,75116,2,1,1,7,Allee Du Bord De L Eau,48.867893,2.234109
202300040403,2,9,2023,2025-12-05 10:40:00,1,93,93064,1,1,1,2,Autoroute A86,48.8791675,2.47634149
202300040404,9,12,2023,2025-12-05 16:49:00,2,92,92012,2,1,8,6,General Leclerc (Avenue Du) 35/Fin - 60/,48.82992042,2.23227113
202300040405,10,12,2023,2025-12-05 03:17:00,3,56,56186,2,1,2,6,Boulevard Rene Cassin,47.474229,-3.110853
202300040406,8,4,2023,2025-12-05 19:50:00,2,75,75114,2,2,1,3,Avenue Paul Appell,48.822086,2.325425
202300040407,10,12,2023,2025-12-05 02:00:00,3,81,81139,1,1,1,6,Route De Grayssac,43.738104,2.13521
202300040408,8,4,2023,2025-12-05 16:15:00,1,75,75114,2,1,1,6,Avenue Reille,48.8244,2.337632
202300040409,2,9,2023,2025-12-05 00:17:00,3,95,95582,1,1,1,4,A15,48.9689,2.2512
202300040410,2,9,2023,2025-12-05 02:45:00,3,95,95582,1,1,1,7,A115,48.97819,2.24083
202300040411,8,4,2023,2025-12-05 18:30:00,1,75,75113,2,3,1,2,Avenue D Italie,48.822807,2.358412
202300040412,7,12,2023,2025-12-05 15:40:00,1,26,26085,1,1,8,4,A7,44.500041,4.768255
202300040413,9,12,2023,2025-12-05 18:00:00,3,51,51559,1,1,2,2,D931,49.119624,4.548801
202300040414,7,4,2023,2025-12-05 23:30:00,5,75,75109,2,3,1,6,Rue De Caumartin,48.874704,2.328462
202300040415,2,9,2023,2025-12-05 06:45:00,1,94,94028,1,1,1,4,A86,48.79992769,2.44606437
202300040416,9,12,2023,2025-12-05 19:30:00,3,60,60430,1,1,6,1,D335,49.314999,2.929541
202300040417,8,4,2023,2025-12-05 18:00:00,1,75,75107,2,3,1,3,Avenue De Segur,48.850757,2.309256
202300040418,18,6,2023,2025-12-05 04:45:00,5,93,93066,2,1,2,2,42 Avenue De Stalingrad,48.94606481,2.36695718
202300040419,10,12,2023,2025-12-05 03:55:00,4,65,65258,2,1,1,6,Rue Alsace-Lorraine,43.123618,0.385648
202300040420,7,4,2023,2025-12-05 11:45:00,1,94,94073,2,1,1,3,164 Avenue De Versailles,48.75796854,2.39093918
202300040421,9,12,2023,2025-12-05 01:50:00,3,33,33093,1,1,2,6,D13,44.72066,-0.331661
202300040422,9,6,2023,2025-12-05 20:30:00,1,93,93066,2,9,1,1,Avenue Du Colonel Fabien,48.94524194,2.35185882
202300040423,8,12,2023,2025-12-05 11:30:00,1,61,61339,2,1,1,6,D909,48.764145,-0.245593
202300040424,8,4,2023,2025-12-05 13:59:00,1,94,94017,2,1,1,4,Voie Sonia Delaunay,48.81323,2.52879
202300040425,1,9,2023,2025-12-05 06:45:00,1,974,97411,2,1,1,7,Jaures (Bld 2 Jean),-20.8943,55.47164
202300040426,9,12,2023,2025-12-05 12:00:00,1,68,68201,2,9,1,6,8 Rue Du General De Gaulle,47.773386,7.000582
202300040427,8,4,2023,2025-12-05 18:00:00,1,93,93064,2,1,1,3,Avenue Du General De Gaulle,48.88066247,2.4772098
202300040428,1,9,2023,2025-12-05 19:30:00,5,974,97407,2,3,1,6,Route Du Sacre Coeur,-20.9581,55.31754
202300040429,8,12,2023,2025-12-05 18:20:00,5,68,68060,2,6,2,3,Pont D'Aspach,47.740543,7.143785
202300040430,1,9,2023,2025-12-05 11:00:00,1,973,97302,2,3,1,3,Mandarines(Rue Des),4.93145,-52.32469
202300040431,8,4,2023,2025-12-05 15:50:00,1,93,93064,2,6,1,4,Rond-Point De L'Europe / Boulevard Gabriel Peri,48.87746294,2.47516069
202300040432,10,12,2023,2025-12-05 09:00:00,1,34,34154,2,5,1,3,D62E2,43.548781,3.979819
202300040433,1,9,2023,2025-12-05 07:30:00,1,973,97302,1,1,1,3,Maringouins (Rond-Point),4.90700154,-52.32213557
202300040434,8,4,2023,2025-12-05 18:00:00,1,93,93029,2,1,1,3,Avenue Henri Barbusse,48.92248043,2.45669693
202300040435,9,12,2023,2025-12-05 10:28:00,1,29,29236,1,1,3,3,Rn165,47.87727525,-3.63405892
202300040436,1,9,2023,2025-12-05 12:00:00,1,69,69383,2,1,1,6,Cours Lafayette,45.76243,4.8498
202300040437,8,4,2023,2025-12-05 10:55:00,1,93,93005,2,1,1,6,Route De Bondy,48.9274604,2.49181257
202300040438,9,12,2023,2025-12-05 18:15:00,3,29,29204,1,1,1,1,Route De Keradoret,48.490956,-4.188151
202300040439,31,8,2023,2025-12-05 11:55:00,1,972,97209,2,1,1,6,Rd 41 (Rocade),14.61211,-61.07838
202300040440,10,12,2023,2025-12-05 03:25:00,4,66,66149,1,6,1,7,Rond Point Du Canigou,42.622612,2.438953
202300040441,8,4,2023,2025-12-05 12:20:00,1,92,92064,2,1,1,2,Marcel Dassault,48.85835,2.22375
202300040442,31,8,2023,2025-12-05 12:30:00,1,971,97101,1,1,1,1,Caraque,16.25064,-61.48842
202300040443,1,9,2023,2025-12-05 11:20:00,1,2A,2A004,2,9,1,3,Napoleon Cours Avant Beverini,41.9316,8.74005
202300040444,9,12,2023,2025-12-05 17:05:00,3,73,73124,2,1,3,6,Avenue Georges Pompidou,45.656359,6.361537
202300040445,8,4,2023,2025-12-05 13:40:00,1,92,92050,2,1,1,3,Joffre Marechal Avenue Du,48.88496,2.1947
202300040446,9,12,2023,2025-12-05 23:50:00,3,21,21562,1,1,2,6,D30,47.572501,5.422096
202300040447,1,9,2023,2025-12-05 13:45:00,1,95,95428,2,1,1,4,D125,48.99322,2.32396
202300040448,8,4,2023,2025-12-05 10:14:00,1,92,92044,2,2,1,3,Ed.Vaillant(Rue) 75A117 Et80A96,48.89869,2.28683
202300040449,10,12,2023,2025-12-05 00:15:00,3,4,4031,1,1,2,6,D907,43.923932,6.140295
202300040450,1,9,2023,2025-12-05 02:30:00,5,95,95018,2,1,1,6,D311,48.94226,2.25635
202300040451,8,4,2023,2025-12-05 19:00:00,1,92,92026,2,1,1,1,Europe (Avenue),48.90678134,2.26127252
202300040452,9,12,2023,2025-12-05 23:50:00,5,42,42279,2,3,1,3,Chemin Du Pre La Farge,45.502429,4.23789
202300040453,1,9,2023,2025-12-05 13:13:00,1,91,91570,2,1,2,4,Condorcet (Avenue),48.62302,2.31602
202300040454,5,4,2023,2025-12-05 15:40:00,1,17,17413,2,4,1,3,Intersection D113 - D203E5,46.080268,-1.049377
202300040455,10,12,2023,2025-12-05 06:20:00,2,1,1290,1,1,1,6,A42 Sens Lyon/Geneve Pk 022+800,45.864015,5.148082
202300040456,7,4,2023,2025-12-05 07:35:00,1,76,76238,1,1,1,6,D489,49.56987,0.239747
202300040457,1,9,2023,2025-12-05 12:00:00,1,91,91479,2,1,1,3,Av Francois Mitterrand,48.7079,2.3714
202300040458,8,4,2023,2025-12-05 16:00:00,1,42,42003,1,1,1,6,Route De Changy,46.10801,3.902109
202300040459,26,8,2023,2025-12-05 22:50:00,3,84,84080,1,1,1,2,Sarrians Route De,44.04738,4.98204
202300040460,8,12,2023,2025-12-05 19:14:00,3,45,45317,1,1,8,7,A10 Pr 124 + 3,47.775351,1.583222
202300040461,1,9,2023,2025-12-05 13:00:00,1,83,83098,1,1,1,1,Foux (Chemin De La),43.11357,6.03112
202300040462,15,2,2023,2025-12-05 18:20:00,3,68,68343,1,1,1,1,D44,47.890327,7.325585
202300040463,10,12,2023,2025-12-05 21:00:00,3,988,98827,1,1,1,7,Rt4,-21.310006,165.004435
202300040464,9,4,2023,2025-12-05 10:55:00,1,60,60176,2,1,1,3,Avenue Gerard De Nerval,49.23656351,2.89422584
202300040465,1,9,2023,2025-12-05 03:40:00,5,83,83069,2,6,1,7,Almanarre (Route De L'),43.10149,6.13001
202300040466,10,12,2023,2025-12-05 06:15:00,2,971,97129,1,1,1,6,Lieu Dit Viard,16.312216,-61.679488
202300040467,8,4,2023,2025-12-05 11:10:00,1,30,30134,1,1,1,7,D901,44.283815,4.461093
202300040468,10,12,2023,2025-12-05 04:45:00,3,6,6092,2,1,1,6,Boulevard De La Vallee,43.770141,7.368007
202300040469,1,9,2023,2025-12-05 14:35:00,1,78,78498,2,1,1,6,Berteaux Maurice Avenue,48.93233,2.04109
202300040470,9,4,2023,2025-12-05 01:15:00,3,83,83067,1,1,1,7,Route Du Luc,43.336806,6.296293
202300040471,9,4,2023,2025-12-05 09:21:00,1,91,91617,2,1,1,7,Route De Corbeil,48.638169,2.505248
202300040472,10,12,2023,2025-12-05 05:00:00,3,4,4063,1,1,2,7,D4096,43.771063,5.7622
202300040473,1,9,2023,2025-12-05 18:00:00,1,77,77374,1,1,1,2,Departementale 471 (Route),48.81314,2.69276
202300040474,9,4,2023,2025-12-05 09:05:00,1,91,91553,2,6,1,3,Avenue Charles De Gaulle,48.618101,2.496289
202300040475,9,12,2023,2025-12-05 00:00:00,3,21,21609,1,1,9,6,Rd905,47.206567,5.316246
202300040476,1,9,2023,2025-12-05 10:30:00,1,77,77350,2,3,2,6,Rue De Chevry,48.7624,2.6712
202300040477,9,12,2023,2025-12-05 13:50:00,1,68,68185,1,1,2,7,D1059,48.272068,7.332344
202300040478,8,4,2023,2025-12-05 14:05:00,1,19,19072,2,9,1,3,Avenue De La Gare,45.22844282,1.51643515
202300040479,1,9,2023,2025-12-05 08:45:00,1,72,72181,2,9,2,2,Bollee (Av) Ndeg Pairs 154 A 222,47.99722,0.21671
202300040480,8,12,2023,2025-12-05 20:25:00,3,63,63284,1,1,1,7,Avenue De Cournon,45.78094446,3.23697109
202300040481,25,8,2023,2025-12-05 14:25:00,1,71,71076,2,1,1,6,Menand (Rue Emiland),46.78479,4.8543
202300040482,8,4,2023,2025-12-05 19:25:00,1,77,77262,1,3,1,3,D236,48.58152303,3.47403504
202300040483,9,12,2023,2025-12-05 21:15:00,3,81,81131,1,3,2,3,Route De Cadalen,43.88647003,1.99304223
202300040484,8,4,2023,2025-12-05 21:45:00,3,80,80709,1,1,1,6,Le Moulin Feret,49.897972,1.820677
202300040485,31,8,2023,2025-12-05 16:00:00,1,69,69259,2,2,1,3,Boulevard Ambroise Croizat,45.69695,4.88769
202300040486,9,4,2023,2025-12-05 12:00:00,1,82,82035,1,1,1,6,Route De Lavit,44.016745,0.994944
202300040487,9,12,2023,2025-12-05 23:10:00,5,44,44168,2,1,8,7,Chaussee De Bais,47.38136,-2.19284
202300040488,1,9,2023,2025-12-05 14:00:00,1,67,67447,2,1,1,6,Saint Charles (Rue),48.60533,7.74206
202300040489,8,12,2023,2025-12-05 15:00:00,1,76,76020,1,2,8,3,D64,49.456614,0.911729
202300040490,8,4,2023,2025-12-05 17:40:00,1,81,81201,1,2,1,3,Rd53 - Lieu Dit La Gaye,44.115136,2.220697
202300040491,10,12,2023,2025-12-05 08:30:00,1,60,60500,1,1,8,7,D100,49.11158,2.74478
202300040492,9,4,2023,2025-12-05 15:35:00,1,11,11262,1,2,1,1,Adresse_Inconnue,43.140914,2.893009
202300040493,31,8,2023,2025-12-05 19:30:00,2,67,67482,2,3,1,3,President Wilson (Boulevard),48.58805,7.73933
202300040494,6,12,2023,2025-12-05 05:05:00,3,57,57463,1,1,8,2,Rn 431,49.1145,6.23506
202300040495,8,4,2023,2025-12-05 12:00:00,1,71,71422,1,1,1,6,D49,46.699726,4.767932
202300040496,30,8,2023,2025-12-05 17:05:00,1,64,64335,2,6,2,7,Santos-Dumont,43.32054,-0.4229
202300040497,9,12,2023,2025-12-05 14:00:00,1,94,94034,1,1,2,2,A86,48.76020129,2.32061692
202300040498,1,9,2023,2025-12-05 22:27:00,5,64,64122,2,1,1,1,Marne (Avenue De La),43.48202,-1.54347
202300040499,9,4,2023,2025-12-05 16:45:00,1,71,71144,1,2,1,2,D4,47.055466,4.335387
202300040500,9,12,2023,2025-12-05 14:00:00,1,94,94034,1,1,2,2,A86,48.76020129,2.32061692
202300040501,8,4,2023,2025-12-05 19:00:00,1,63,63346,1,1,1,7,Chemin De Laspialade,45.432883,2.693367
202300040502,1,9,2023,2025-12-05 09:54:00,1,64,64024,2,6,1,2,Butte Aux Cailles (Rond Point De La),43.49671,-1.50912
202300040503,9,12,2023,2025-12-05 09:58:00,1,93,93006,1,1,3,7,Autoroute A3,48.86994,2.43016
202300040504,9,12,2023,2025-12-05 10:30:00,1,95,95306,1,1,2,6,A15,48.99916,2.17631
202300040505,5,4,2023,2025-12-05 13:00:00,1,42,42208,1,1,1,2,Chemin De Maison Neuve,45.519425,4.474558
202300040506,31,8,2023,2025-12-05 19:30:00,2,64,64102,2,1,1,6,Soult (Avenue Marechal),43.48368,-1.501
202300040507,9,12,2023,2025-12-05 01:05:00,3,95,95572,1,1,1,6,N184,49.0342071,2.1125447
202300040508,9,10,2023,2025-12-05 07:07:00,2,87,87085,2,1,1,7,Vaucanson (Rue De),45.85125,1.24211
202300040509,1,9,2023,2025-12-05 08:46:00,1,62,62065,2,1,1,1,Rue Voltaire,50.42098,2.84295
202300040510,9,4,2023,2025-12-05 06:55:00,2,68,68291,1,1,1,6,D468,47.860815,7.519841
202300040511,9,10,2023,2025-12-05 11:07:00,1,87,87048,1,2,1,3,Montaigne (Rue),45.79858,1.24764
202300040512,8,4,2023,2025-12-05 17:25:00,1,25,25212,2,1,1,6,Rue De Chatillon Le Duc,47.281009,5.992194
202300040513,1,9,2023,2025-12-05 21:20:00,5,59,59599,2,9,1,2,Chaussee Marcelin Berthelot,50.72636,3.18265
202300040514,5,4,2023,2025-12-05 20:00:00,2,44,44013,1,1,1,1,2 La Pierre,47.377117,-2.064705
202300040515,4,10,2023,2025-12-05 16:50:00,1,78,78383,2,6,1,6,Normandie (Avenue De),48.766159,1.940237