num_acc,jour,mois,an,hrmn,lum,dep,com,agg,int,atm,col,adr,lat,long
202300040516,2,9,2023,2025-12-05 00:55:00,5,59,59350,2,1,1,3,Faubourg D'Arras Rue,50.61314,3.06202
202300040517,8,4,2023,2025-12-05 09:35:00,1,35,35099,2,3,7,6,Rue Du Calvaire,48.06236522,-1.52296498
202300040518,9,10,2023,2025-12-05 16:15:00,1,72,72181,1,9,1,3,Liberte (Av De La),47.97202,0.23938
202300040519,1,9,2023,2025-12-05 13:50:00,1,59,59350,2,2,1,6,Nationale Rue NdegReste Pairs,50.63673,3.06183
202300040520,9,4,2023,2025-12-05 14:30:00,1,84,84005,1,1,1,1,D164,44.144257,5.339364
202300040521,9,10,2023,2025-12-05 08:50:00,1,60,60159,2,1,1,6,Rue De Clamart,49.41055,2.82333
202300040522,1,9,2023,2025-12-05 11:50:00,1,59,59350,2,3,2,6,Sans Peur Rue Jean Ndeg Reste,50.63195,3.05759
202300040523,7,4,2023,2025-12-05 21:00:00,4,58,58218,2,1,1,6,Rue De Lurcy,47.173015,3.331786
202300040524,9,10,2023,2025-12-05 15:40:00,1,49,49007,2,3,1,3,Ayrault,47.47585,-0.55036
202300040525,8,4,2023,2025-12-05 15:30:00,1,66,66024,2,1,1,6,Chemin Du Moli Nou 66160,42.525974,2.84179
202300040526,9,10,2023,2025-12-05 10:35:00,1,49,49007,2,1,1,6,Letanduere,47.45407,-0.55352
202300040527,8,4,2023,2025-12-05 17:30:00,1,50,50158,1,1,1,7,Cuves,48.727287,-1.103423
202300040528,1,9,2023,2025-12-05 08:36:00,1,56,56162,1,6,2,3,Giratoire De Kerscouet,47.70968,-3.4387
202300040529,9,4,2023,2025-12-05 11:00:00,1,50,50239,1,1,1,6,"Rd 900,",49.118349,-1.153216
202300040530,24,7,2023,2025-12-05 00:43:00,5,13,13026,1,3,1,1,Farren (Route De),43.38681,5.19275
202300040531,31,8,2023,2025-12-05 18:25:00,1,56,56121,2,6,2,3,Dordelin (Rue De L Amiral Alain ),47.73289,-3.37252
202300040532,9,4,2023,2025-12-05 18:25:00,1,64,64270,2,3,1,1,D35,43.146703,-0.236497
202300040533,2,9,2023,2025-12-05 18:55:00,1,13,13077,1,1,1,1,D 50,43.43371,5.00999
202300040534,9,4,2023,2025-12-05 19:00:00,1,10,10323,2,1,1,3,Bd Maximilien De Robespierre,48.512174,3.719561
202300040535,31,8,2023,2025-12-05 12:40:00,1,56,56107,2,4,2,2,Kerpape (Rue De),47.71962,-3.40901
202300040536,1,9,2023,2025-12-05 17:30:00,1,54,54197,1,1,1,1,Rue Victor Grignard,48.61790045,6.20251715
202300040537,16,6,2023,2025-12-05 16:55:00,1,92,92063,2,3,1,6,Diderot (Rue),48.8755221,2.19410419
202300040538,8,4,2023,2025-12-05 16:25:00,1,24,24471,1,1,1,1,Allee Des Tourelles,44.892987,1.259995
202300040539,31,8,2023,2025-12-05 04:45:00,5,54,54547,2,1,8,6,Avenue De Bourgogne,48.64855242,6.14446342
202300040540,9,4,2023,2025-12-05 20:16:00,2,24,24354,2,1,1,6,Avenue Du Perigord,45.153125,0.008132
202300040541,1,9,2023,2025-12-05 18:45:00,1,51,51454,2,6,1,3,Briand (Place Aristide),49.25763,4.03948
202300040542,15,6,2023,2025-12-05 11:45:00,1,92,92063,2,1,1,3,Empereur (Route De L') Est,48.86338258,2.18180627
202300040543,1,9,2023,2025-12-05 12:28:00,1,51,51454,2,1,1,3,Dieu Lumiere (Boulevard) Cote Impair,49.23999,4.03785
202300040544,8,4,2023,2025-12-05 22:10:00,3,27,27109,1,1,1,3,Rd 133 Pk 23,49.109641,0.839124
202300040545,10,6,2023,2025-12-05 02:00:00,5,92,92063,2,1,1,7,Fort (Rue Du),48.87834926,2.18791276
202300040546,30,8,2023,2025-12-05 21:00:00,5,51,51172,2,6,1,3,Alsace Lorraine (Boulevard),49.21633,4.05066
202300040547,8,12,2023,2025-12-05 17:10:00,1,974,97411,2,1,1,6,Victoire (Avenue De La),-20.87616,55.44772
202300040548,31,8,2023,2025-12-05 14:40:00,1,51,51454,2,1,2,3,Magellan (Rue),49.22481,4.0322
202300040549,1,9,2023,2025-12-05 13:58:00,1,51,51230,2,2,8,6,Hopital Auban Moet,49.038833,3.954084
202300040550,1,9,2023,2025-12-05 17:17:00,1,49,49007,2,1,1,7,Moulin Pont Et Place,47.48919,-0.54613
202300040551,31,8,2023,2025-12-05 11:54:00,1,49,49007,2,1,1,2,Juin Place Et Rue,47.44616,-0.56984
202300040552,31,8,2023,2025-12-05 11:05:00,1,49,49246,2,6,1,3,Gallieni Avenue,47.43709,-0.5143
202300040553,7,12,2023,2025-12-05 21:20:00,5,973,97302,2,1,1,3,Montabo (Route De) 2,4.944,-52.30891
202300040554,28,8,2023,2025-12-05 12:30:00,1,44,44184,2,6,1,3,92 Rue Henri Gautier,47.28204,-2.20395
202300040555,1,9,2023,2025-12-05 08:15:00,1,43,43046,2,3,1,3,Champs-Elysees (Avenue Des),45.051456,3.89658
202300040556,31,8,2023,2025-12-05 14:10:00,1,43,43002,2,3,1,7,14 Chemin De Jalavoux,45.05396,3.88856
202300040557,8,12,2023,2025-12-05 07:40:00,5,69,69383,2,3,2,3,Rue Andre Philip,45.75355,4.85195
202300040558,1,9,2023,2025-12-05 10:20:00,1,34,34003,2,1,1,6,Boulevard Du Soleil,43.3041,3.4841
202300040559,1,9,2023,2025-12-05 19:40:00,1,33,33039,2,1,1,3,Rue Rachelle Guitton,44.79355,-0.5366
202300040560,7,12,2023,2025-12-05 15:10:00,1,972,97213,1,1,2,3,Z I La Jambette,14.61663,-61.03335
202300040561,1,9,2023,2025-12-05 19:05:00,1,33,33063,2,1,1,3,Quai Des Chartrons,44.85225101,-0.56805164
202300040562,2,9,2023,2025-12-05 01:10:00,5,29,29232,2,1,1,6,Boulevard Gutenberg,47.98020542,-4.08071553
202300040563,1,9,2023,2025-12-05 09:15:00,1,28,28404,1,1,2,3,Rn 154,48.71628,1.37429
202300040564,8,12,2023,2025-12-05 07:30:00,2,69,69034,2,1,2,6,24 Chemin De Crepieux,45.80081,4.85186
202300040565,1,9,2023,2025-12-05 15:10:00,1,25,25462,2,1,1,1,Chardonnet (Comte De),46.91121,6.35383
202300040566,1,9,2023,2025-12-05 09:36:00,1,22,22278,2,1,8,2,Gouedic (De),48.50962,-2.75478
202300040567,8,12,2023,2025-12-05 11:38:00,1,2B,2B120,1,1,2,3,Adresse_Inconnue,42.6642,9.43602
202300040568,8,12,2023,2025-12-05 12:50:00,1,2B,2B033,1,1,2,1,Toutes Rues,42.67744,9.4446
202300040569,8,12,2023,2025-12-05 07:20:00,1,971,97120,1,3,8,3,Amitie Des Peuples,16.24577,-61.54275
202300040570,10,10,2023,2025-12-05 18:30:00,2,95,95428,2,3,1,3,Republique (Rue De La),48.97832,2.30844
202300040571,8,12,2023,2025-12-05 08:34:00,1,95,95018,2,1,2,6,Maurice Berteaux (Boulevard),48.94852,2.25422
202300040572,8,12,2023,2025-12-05 19:10:00,3,91,91103,1,1,1,2,Devi Du Cd 19,48.5915,2.3092
202300040573,8,12,2023,2025-12-05 17:25:00,5,91,91477,2,1,1,1,Maurice Berteaux (Rue),48.718616,2.241875
202300040574,8,12,2023,2025-12-05 08:20:00,2,91,91114,2,1,8,6,Rue Du Pont Perronet,48.69588,2.50297
202300040575,5,10,2023,2025-12-05 00:10:00,3,54,54213,2,1,1,6,Grande Rue,49.1479241,5.84460854
202300040576,6,12,2023,2025-12-05 21:35:00,5,87,87085,2,2,1,5,Borie (Boulevard De La),45.83457,1.22606
202300040577,6,12,2023,2025-12-05 17:42:00,5,87,87050,2,1,1,6,Pascaud (Rue Du Docteur),45.87968,1.23819
202300040578,5,10,2023,2025-12-05 09:15:00,1,51,51549,1,1,1,1,D994,48.963596,4.698393
202300040579,8,12,2023,2025-12-05 14:15:00,1,86,86194,2,1,1,6,Avenue John Kennedy,46.587007,0.365207
202300040580,5,10,2023,2025-12-05 08:15:00,1,19,19013,1,1,1,1,Departementale 1089,45.201344,1.660691
202300040581,7,12,2023,2025-12-05 18:15:00,3,86,86194,2,4,2,6,Avenue De La Liberation,46.564008,0.31748
202300040582,3,10,2023,2025-12-05 11:58:00,1,56,56200,1,1,1,7,Le Chene David,47.83058,-2.311356
202300040583,5,10,2023,2025-12-05 12:35:00,1,76,76312,1,1,1,7,D916,49.492633,1.719232
202300040584,8,12,2023,2025-12-05 23:10:00,3,85,85191,1,1,1,2,Rd763,46.69214,-1.4299
202300040585,5,10,2023,2025-12-05 10:50:00,1,79,79130,1,1,1,7,Adresse_Inconnue,46.270355,-0.527923
202300040586,8,12,2023,2025-12-05 18:55:00,5,84,84007,2,1,8,4,Magnanarelles (Avenue Des)-Montfavet,43.92482,4.87719
202300040587,3,10,2023,2025-12-05 18:00:00,1,65,65129,1,1,1,7,D632,43.294091,0.501444
202300040588,8,12,2023,2025-12-05 19:00:00,3,30,30011,2,1,1,6,Tavel Avenue De,43.96058,4.74943
202300040589,4,10,2023,2025-12-05 18:20:00,1,33,33036,2,1,1,3,Avenue De La Republique,44.432562,-0.220199
202300040590,5,10,2023,2025-12-05 15:20:00,1,81,81276,1,1,1,6,Route De Rabastens,43.897746,1.697677
202300040591,7,12,2023,2025-12-05 20:14:00,5,84,84007,2,6,1,3,Fontcouverte(Avenue De),43.93556,4.84833
202300040592,2,10,2023,2025-12-05 20:15:00,2,11,11184,1,1,1,7,55 Chemin De Jeanery,43.152687,1.885496
202300040593,11,10,2023,2025-12-05 07:00:00,3,82,82033,1,1,1,1,Montauban D 958 (Route De),44.03405,1.17314
202300040594,8,12,2023,2025-12-05 18:00:00,3,81,81004,1,1,1,2,Rocade Rn88 Nord,43.94166,2.16884
202300040595,5,10,2023,2025-12-05 07:15:00,2,71,71184,1,1,1,5,D681,46.9989,4.319043
202300040596,4,10,2023,2025-12-05 14:10:00,1,49,49292,2,1,1,6,D125,47.303869,-0.626328
202300040597,8,12,2023,2025-12-05 13:30:00,1,79,79191,2,2,1,3,Adresse_Inconnue,46.32737,-0.45487
202300040598,3,10,2023,2025-12-05 17:10:00,1,22,22152,1,6,1,3,Pont Losquet,48.76050909,-3.29320818
202300040599,7,12,2023,2025-12-05 19:05:00,2,77,77114,1,1,1,4,Marsaudiere (Domaine),48.742269,2.701374
202300040600,1,10,2023,2025-12-05 16:20:00,1,25,25157,1,1,1,7,Les Huets,46.871245,6.405587
202300040601,4,10,2023,2025-12-05 13:45:00,1,25,25360,1,1,2,1,D67,47.140709,6.113098
202300040602,8,12,2023,2025-12-05 18:15:00,3,76,76391,1,1,1,4,D438,49.32367,0.90544
202300040603,5,10,2023,2025-12-05 17:08:00,2,15,15265,2,1,7,2,D922,45.345321,2.437216
202300040604,7,12,2023,2025-12-05 17:40:00,5,76,76351,2,1,3,6,Graville (Bd De),49.48699,0.14952
202300040605,5,10,2023,2025-12-05 19:35:00,2,1,1320,2,1,1,3,Route Du Creux,46.307771,4.872032
202300040606,7,12,2023,2025-12-05 18:50:00,5,76,76351,2,2,3,6,Winston Churchill,49.49418,0.13826
202300040607,7,12,2023,2025-12-05 17:00:00,5,76,76351,2,2,3,3,Emile Zola,49.4886,0.10684
202300040608,4,10,2023,2025-12-05 17:35:00,1,54,54060,2,1,1,3,Rue De Millery,48.81262193,6.11569405
202300040609,7,12,2023,2025-12-05 18:30:00,3,76,76296,1,4,3,4,Liberation (Rue De La ),49.51588,0.23851
202300040610,4,10,2023,2025-12-05 15:15:00,1,72,72146,1,1,1,2,La Guerandiere,47.874411,0.116826
202300040611,8,12,2023,2025-12-05 11:40:00,1,74,74281,2,1,1,5,Versoie (Route De La),46.351,6.4657
202300040612,7,9,2023,2025-12-05 18:31:00,1,60,60245,2,4,1,6,Rue Du Marechal Joffre,49.651751,1.728877
202300040613,8,12,2023,2025-12-05 17:40:00,5,72,72181,2,9,8,6,Fresnaye Roger De La (Rue),47.97536,0.21637
202300040614,5,10,2023,2025-12-05 07:25:00,2,64,64010,2,6,5,7,D933,43.325857,-1.023563
202300040615,8,12,2023,2025-12-05 07:35:00,2,72,72181,2,9,2,6,Mac Jean (Av) Ndeg Imp 107 Et Plus,47.97904,0.22553
202300040616,5,10,2023,2025-12-05 15:00:00,1,73,73007,1,6,1,7,Rond-Point A43 - D925,45.557273,6.252465
202300040617,7,12,2023,2025-12-05 11:45:00,1,72,72181,2,9,2,5,Brossolette Pierre (Bd) Ndeg Imp,47.9783,0.20661
202300040618,5,10,2023,2025-12-05 15:50:00,1,53,53115,1,3,1,1,D33,48.415701,-0.83921
202300040619,4,10,2023,2025-12-05 23:45:00,3,27,27169,1,1,1,6,Cd 312 Hameau Le Douy,49.413514,0.405743
202300040620,8,12,2023,2025-12-05 22:40:00,5,69,69276,2,1,2,5,Route Departementale 312,45.67838,4.85046
202300040621,4,10,2023,2025-12-05 22:00:00,3,38,38431,1,1,1,7,A41S - Pk 007.890,45.24313,5.858234
202300040622,8,12,2023,2025-12-05 07:47:00,4,69,69199,2,2,2,6,Avenue Gabriel Peri,45.70828,4.85525
202300040623,5,10,2023,2025-12-05 06:50:00,2,27,27577,1,1,1,1,A131,49.425239,0.557084
202300040624,4,10,2023,2025-12-05 15:00:00,1,987,98733,2,1,1,3,Pk 19.800 Rt1,-17.673322,-149.590627
202300040625,7,12,2023,2025-12-05 18:25:00,5,69,69259,2,3,1,1,Rue Germaine Tillion,45.70469,4.87355
202300040626,30,9,2023,2025-12-05 06:30:00,3,78,78470,1,1,1,6,Rue De La Drouette,48.580809,1.781716
202300040627,7,12,2023,2025-12-05 05:30:00,5,69,69199,2,1,8,1,Boulevard Yves Farge,45.70226,4.85554
202300040628,9,12,2023,2025-12-05 00:50:00,4,67,67365,1,1,5,6,Michael Faraday (Rue),48.53854,7.69378
202300040629,5,10,2023,2025-12-05 12:00:00,1,84,84092,2,4,1,7,Route De Saint Saturnin,43.952263,4.863746
202300040630,8,12,2023,2025-12-05 12:00:00,1,67,67482,2,1,1,3,Charles Peguy (Rue),48.58747,7.69977
202300040631,4,10,2023,2025-12-05 11:38:00,1,6,6101,1,1,1,3,D28,43.994657,6.99031
202300040632,1,10,2023,2025-12-05 13:45:00,1,67,67511,1,1,1,7,D72,48.883792,7.775998
202300040633,8,12,2023,2025-12-05 06:00:00,5,67,67482,2,3,2,6,Ostwald (Rue D ),48.56259,7.71048
202300040634,4,10,2023,2025-12-05 16:10:00,1,63,63263,1,4,1,3,D941 / D768,45.782089,3.038734
202300040635,8,12,2023,2025-12-05 09:13:00,1,65,65440,2,2,2,6,Rue Theophile Gautier,43.23418382,0.07559654
202300040636,7,12,2023,2025-12-05 17:00:00,5,64,64024,2,1,2,7,Lamouly (Route De),43.49661,-1.505
202300040637,4,10,2023,2025-12-05 21:00:00,5,73,73213,1,1,1,6,D201,45.54648366,5.95710683
202300040638,4,12,2023,2025-12-05 14:45:00,1,62,62902,2,2,2,3,D928,50.70969,2.23095
202300040639,5,12,2023,2025-12-05 20:20:00,3,60,60159,2,1,2,6,Rue De Noyon,49.4228,2.82319
202300040640,4,10,2023,2025-12-05 17:45:00,1,44,44201,1,1,1,1,Adresse_Inconnue,47.340531,-1.559399
202300040641,8,12,2023,2025-12-05 06:55:00,2,54,54547,1,1,2,6,Rm 674,48.670457,6.192575
202300040642,2,10,2023,2025-12-05 18:50:00,1,1,1043,2,6,1,2,D1084A,45.821226,4.990545
202300040643,8,12,2023,2025-12-05 08:25:00,1,51,51454,2,2,1,1,Nice (Rue De),49.25729,4.06309
202300040644,8,12,2023,2025-12-05 18:25:00,5,49,49007,2,1,2,6,Pasteur Avenue,47.47497,-0.53538
202300040645,8,12,2023,2025-12-05 20:10:00,4,49,49007,2,1,2,2,Pyramide Route,47.45255,-0.52374
202300040646,4,10,2023,2025-12-05 12:20:00,1,81,81099,1,2,1,3,D18,43.927255,1.915044
202300040647,7,12,2023,2025-12-05 08:20:00,2,49,49007,2,7,3,3,Bichon Place,47.4782,-0.56514
202300040648,5,10,2023,2025-12-05 08:45:00,1,46,46175,1,1,7,2,Lieu Dit Causse De Saint Denis,44.61605329,2.00107813
202300040649,7,12,2023,2025-12-05 08:30:00,2,49,49007,2,7,2,3,Visitation Place,47.46676,-0.55673
202300040650,4,10,2023,2025-12-05 16:20:00,1,31,31004,1,6,1,2,D813,43.450987,1.590657
202300040651,6,12,2023,2025-12-05 18:24:00,1,49,49267,1,1,2,7,Haut Bois,47.46529,-0.46917
202300040652,4,10,2023,2025-12-05 19:30:00,1,33,33449,2,1,1,6,181 Avenue Clemenceau,44.88332823,-0.73766381
202300040653,8,12,2023,2025-12-05 13:15:00,1,42,42186,2,9,2,5,Rue Edouard Vaillant,45.52277623,4.60217178
202300040654,4,10,2023,2025-12-05 20:50:00,3,33,33056,1,1,1,5,Avenue De Labarde -Rd 209,44.93078862,-0.56221917
202300040655,8,12,2023,2025-12-05 05:15:00,5,38,38516,1,5,3,3,Verdun(Av. De)Est Passage Ricou,45.20044,5.75891
202300040656,5,10,2023,2025-12-05 09:15:00,3,44,44052,1,1,1,7,15 Route De Montoir-De-Bretagne,47.329483,-2.088577
202300040657,8,12,2023,2025-12-05 10:45:00,1,37,37261,2,1,2,3,Daniel Mayer,47.41885,0.68278
202300040658,5,10,2023,2025-12-05 12:50:00,1,60,60462,2,1,1,2,Rue De Paris,49.32343066,2.20164943
202300040659,8,12,2023,2025-12-05 14:50:00,1,35,35051,2,6,1,2,Chalotais (Rue De La),48.123361,-1.601617
202300040660,8,12,2023,2025-12-05 08:50:00,1,35,35238,2,1,1,3,Guebriant (De),48.103189,-1.703702
202300040661,2,10,2023,2025-12-05 12:17:00,1,54,54312,1,1,1,4,Autoroute A 31,48.940938,6.112655
202300040662,8,12,2023,2025-12-05 19:40:00,3,34,34129,2,1,1,2,Palavas D986 (Route De),43.57471,3.8972
202300040663,1,10,2023,2025-12-05 18:55:00,1,33,33063,1,1,1,2,Rocade A 630,44.88188766,-0.54725379
202300040664,8,12,2023,2025-12-05 14:05:00,1,34,34172,2,1,1,4,Blayac (Rue Du Professeur),43.6259,3.82402
202300040665,8,12,2023,2025-12-05 07:10:00,2,34,34172,2,1,2,3,Rabelais (Boulevard),43.60058,3.87938
202300040666,4,10,2023,2025-12-05 16:05:00,1,77,77251,1,1,1,2,A5A Province / Rn 105,48.62453483,2.54124693
202300040667,4,10,2023,2025-12-05 08:50:00,1,91,91363,1,1,1,7,Rn 104,48.65747,2.1825
202300040668,8,12,2023,2025-12-05 14:45:00,1,33,33281,2,1,2,4,Avenue Pierre Mendes-France,44.83912,-0.64019
202300040669,4,10,2023,2025-12-05 07:50:00,1,94,94076,1,1,1,3,A6A,48.79253545,2.34469358
202300040670,14,1,2023,2025-12-05 09:10:00,1,28,28403,1,1,2,1,Autoroute A11 Pk063+800 Ver Les Chartres,48.385357,1.491265
202300040671,4,10,2023,2025-12-05 00:26:00,4,91,91689,1,1,1,7,Autoroute A6B,48.74637,2.32446
202300040672,8,12,2023,2025-12-05 01:00:00,5,33,33039,2,5,2,3,Boulevard Jean-Jacques Bosc,44.82087,-0.54113
202300040673,13,1,2023,2025-12-05 17:35:00,3,68,68295,1,2,3,3,D201,47.995579,7.380991
202300040674,4,10,2023,2025-12-05 17:30:00,1,93,93066,1,1,1,5,Autoroute A1,48.90752236,2.35821845
202300040675,14,1,2023,2025-12-05 12:20:00,1,21,21244,1,9,1,6,Aire Des Locheres (Embranchement D'Autoroute),47.308962,4.501712
202300040676,8,12,2023,2025-12-05 20:15:00,4,31,31555,1,1,2,4,Va007418 Pont Jumeaux A620 Sortie 30,43.6094073,1.41253978
202300040677,4,10,2023,2025-12-05 08:30:00,1,95,95365,1,1,1,6,N104,49.05777551,2.42087603
202300040678,13,1,2023,2025-12-05 21:55:00,4,974,97414,2,9,1,3,Avenue Du Docteur Raymond Verges,-21.282991,55.399895
202300040679,4,10,2023,2025-12-05 12:55:00,1,95,95678,1,1,1,2,N184,49.07243211,2.22575068
202300040680,8,12,2023,2025-12-05 04:05:00,3,31,31555,2,1,3,2,Va007604 Demoiselles A620 Sortie 21,43.57222835,1.47412866
202300040681,3,10,2023,2025-12-05 21:50:00,3,94,94018,1,1,1,3,A4,48.81968608,2.40404784
202300040682,7,12,2023,2025-12-05 14:30:00,1,31,31555,2,1,8,3,Rte D Agde,43.62293,1.47297
202300040683,4,1,2023,2025-12-05 08:15:00,3,35,35024,1,3,2,3,La Victoire,48.161187,-1.648014
202300040684,8,12,2023,2025-12-05 16:20:00,2,28,28404,2,1,7,6,Arche De La Borne (Rue De L'),48.729053,1.338491
202300040685,22,4,2023,2025-12-05 05:00:00,3,55,55361,1,1,1,1,Rd 603,49.16492829,5.43586001
202300040686,13,1,2023,2025-12-05 21:05:00,3,51,51109,2,1,1,7,Rue De Reims,49.28851098,3.91821653
202300040687,8,12,2023,2025-12-05 10:25:00,1,27,27554,1,1,2,6,Perriers (Rue Des),49.1086,1.38487
202300040688,22,6,2023,2025-12-05 05:40:00,2,80,80029,2,2,1,7,Rue De Tilloy,50.128818,1.603854
202300040689,14,1,2023,2025-12-05 11:22:00,1,59,59525,2,1,2,1,45 Route D?Avesnes,50.089657,3.997961
202300040690,8,12,2023,2025-12-05 13:58:00,1,27,27439,1,1,1,1,Rn 154,49.06025,1.17464
202300040691,13,6,2023,2025-12-05 19:30:00,1,80,80360,1,1,1,6,D229,50.07258,1.559479
202300040692,1,12,2023,2025-12-05 18:50:00,5,26,26252,2,1,2,6,Rue Jean Jaures,44.87354583,4.87893371
202300040693,14,1,2023,2025-12-05 16:35:00,1,59,59580,1,1,1,1,Route De Cassel,50.80684,2.546328
202300040694,8,12,2023,2025-12-05 06:30:00,3,22,22278,2,1,8,2,Merimee (Prosper),48.49421,-2.75386
202300040695,14,1,2023,2025-12-05 08:10:00,1,74,74065,1,3,1,1,D992,46.03505,5.970211
202300040696,27,6,2023,2025-12-05 19:30:00,1,29,29058,1,2,1,3,Route De Beg-Meil,47.86978036,-3.99426779
202300040697,7,12,2023,2025-12-05 19:28:00,5,21,21054,2,1,1,6,Gaulle (Avenue Du General De),47.01614,4.8375
202300040698,3,10,2023,2025-12-05 07:20:00,1,973,97302,2,1,1,2,Flamboyants (Rue Des),4.9248274,-52.31741622
202300040699,13,1,2023,2025-12-05 19:30:00,3,74,74275,2,1,2,6,D909A,45.845244,6.21249
202300040700,3,10,2023,2025-12-05 18:15:00,1,91,91421,2,1,1,6,Charles De Gaulle (Avenue),48.697297,2.459608
202300040701,2,10,2023,2025-12-05 17:30:00,1,91,91657,2,2,1,3,Rue Victor Hugo,48.70468,2.43152
202300040702,3,10,2023,2025-12-05 07:50:00,1,88,88413,2,1,1,6,Rue Thurin,48.28744,6.95543
202300040703,10,1,2023,2025-12-05 17:15:00,3,67,67310,1,3,1,5,D205,48.213241,7.519149
202300040704,1,10,2023,2025-12-05 09:55:00,1,87,87085,1,2,1,3,Lattre-De-Tassigny (Avenue Du Marechal),45.82704,1.28357
202300040705,29,9,2023,2025-12-05 18:03:00,1,87,87085,2,1,1,2,Hugo (Boulevard Victor),45.83283,1.25564
202300040706,2,10,2023,2025-12-05 19:00:00,1,87,87085,2,3,1,3,Foucaud (Avenue),45.82797,1.25155
202300040707,13,1,2023,2025-12-05 19:00:00,5,80,80011,2,1,1,6,6Bis Rue Pierre Brossolette,49.928734,2.196804
202300040708,2,10,2023,2025-12-05 08:25:00,1,85,85194,2,6,1,6,Rd949,46.51321,-1.77619
202300040709,14,1,2023,2025-12-05 06:30:00,3,32,32290,1,1,1,6,Cd29 - Pk 6.100,43.910292,0.167456
202300040710,2,10,2023,2025-12-05 12:15:00,1,82,82121,2,1,1,6,Calvet (Rue),44.01359,1.36282
202300040711,3,10,2023,2025-12-05 18:55:00,1,81,81004,2,6,1,3,Teyssier (Av Du Colonel),43.92111,2.16887
202300040712,12,1,2023,2025-12-05 16:10:00,1,46,46127,2,1,1,6,Boulevard Les Hermissels,44.731568,1.374686
202300040713,2,10,2023,2025-12-05 12:58:00,1,81,81004,2,1,7,2,Maquis (Pl Du),43.92666,2.15358
202300040714,3,10,2023,2025-12-05 14:00:00,1,78,78586,2,1,1,6,Tobrouk,48.92732,2.16063
202300040715,13,1,2023,2025-12-05 15:40:00,1,46,46009,1,1,1,6,Rd 653 - Pr 48+400,44.664151,1.862698
202300040716,1,1,2023,2025-12-05 08:30:00,2,22,22166,1,1,2,6,Kerizout,48.795274,-3.291854
202300040717,3,10,2023,2025-12-05 19:48:00,1,77,77495,2,1,1,6,N 105,48.56463,2.64397
202300040718,2,10,2023,2025-12-05 08:30:00,1,77,77269,1,1,1,4,D 605,48.53564,2.70916
202300040719,14,1,2023,2025-12-05 05:45:00,3,39,39209,1,1,1,6,Adresse_Inconnue,46.367772,5.385492
202300040720,3,10,2023,2025-12-05 10:25:00,1,77,77243,2,9,2,3,Saint Denis  (Rue   ),48.877888,2.716535
202300040721,28,9,2023,2025-12-05 18:00:00,1,76,76351,2,1,1,6,Fourrier,49.51374,0.17479
202300040722,14,1,2023,2025-12-05 13:10:00,1,70,70116,2,3,8,3,D16,47.611747,6.735628
202300040723,2,10,2023,2025-12-05 13:36:00,1,72,72181,2,9,1,3,Guillemare (Rue),47.993,0.205
202300040724,3,10,2023,2025-12-05 10:15:00,1,71,71118,2,1,1,6,General De Gaulle (Avenue),46.79571,4.81312
202300040725,13,1,2023,2025-12-05 16:20:00,1,6,6023,2,3,1,6,Avenue De L'Authion,43.946626,7.518074
202300040726,3,10,2023,2025-12-05 07:15:00,2,69,69266,2,6,8,3,130 Boulevard Du 11 Novembre 1918,45.77937,4.87503
202300040727,2,10,2023,2025-12-05 09:45:00,1,69,69091,2,1,1,6,Rue Jean Ligonnet,45.59298,4.77017
202300040728,25,9,2023,2025-12-05 17:05:00,1,68,68066,2,1,1,6,Nord (Rue Du),48.08061,7.35998
202300040729,14,1,2023,2025-12-05 08:55:00,1,6,6079,2,1,1,6,310 Avenue Janvier Passero,43.549282,6.938569
202300040730,3,10,2023,2025-12-05 07:30:00,1,67,67218,2,1,1,1,Vignes (Rue Des),48.51991,7.73259
202300040731,12,1,2023,2025-12-05 18:00:00,5,14,14119,2,1,2,6,D613,49.146368,-0.254964
202300040732,2,10,2023,2025-12-05 14:15:00,1,67,67482,2,1,1,6,Marne (Boulevard De La),48.58344,7.7726
202300040733,3,10,2023,2025-12-05 11:20:00,1,64,64348,2,1,8,3,Erckman Chatrian,43.3247,-0.38072
202300040734,14,1,2023,2025-12-05 04:30:00,3,50,50101,1,1,2,6,D901,49.647313,-1.438174
202300040735,2,10,2023,2025-12-05 11:30:00,1,64,64445,2,1,1,6,2 Freres Couste Des,43.29732,-0.33478
202300040736,29,9,2023,2025-12-05 15:15:00,1,64,64122,2,1,1,6,Port Des Pecheurs,43.48322,-1.5656
202300040737,14,1,2023,2025-12-05 09:00:00,1,43,43205,1,1,8,7,Le Bois D'Etat,45.359127,4.309645
202300040738,3,10,2023,2025-12-05 11:25:00,1,61,61006,2,1,1,6,D926,48.74865,-0.027
202300040739,2,10,2023,2025-12-05 11:50:00,1,60,60159,2,1,1,6,Rue De Paris,49.40506,2.8111
202300040740,12,1,2023,2025-12-05 08:30:00,2,40,40209,2,3,1,3,Avenue De La Plage,43.562533,-1.456445
202300040741,3,10,2023,2025-12-05 11:40:00,1,60,60057,2,1,8,6,Boulevard Saint-Jean,49.432,2.0782
202300040742,11,1,2023,2025-12-05 15:00:00,1,28,28084,1,2,1,3,Departementale 6,48.528013,1.568872
202300040743,3,10,2023,2025-12-05 12:00:00,1,59,59090,2,9,1,6,Gaulle (Avenue Du General De),50.694,3.08958
202300040744,2,10,2023,2025-12-05 18:15:00,1,59,59033,2,1,1,6,Jean Jaures (Rue),50.19852822,3.84359147
202300040745,14,1,2023,2025-12-05 10:20:00,1,17,17465,1,1,1,7,D739,45.964217,-0.553737