num_acc,jour,mois,an,hrmn,lum,dep,com,agg,int,atm,col,adr,lat,long
202300040746,3,10,2023,2025-12-05 19:15:00,2,59,59350,2,1,1,2,Nationale Rue NdegReste Pairs,50.63458,3.05669
202300040747,13,1,2023,2025-12-05 19:00:00,4,87,87061,1,1,2,5,Rn 145,46.18424778,1.19727373
202300040748,3,10,2023,2025-12-05 15:50:00,1,59,59350,2,1,1,6,Rue Du Progres,50.62853,3.11829
202300040749,14,1,2023,2025-12-05 10:00:00,1,37,37026,1,1,8,7,D59,46.98034,0.967376
202300040750,3,10,2023,2025-12-05 11:50:00,1,59,59009,1,9,1,6,Colbert Rue,50.627,3.185
202300040751,3,10,2023,2025-12-05 09:10:00,1,59,59636,1,1,2,3,Voie D'Acces Rocadde N.O D652,50.67488,3.04391
202300040752,13,1,2023,2025-12-05 18:10:00,3,77,77306,1,1,1,2,Pk 004+000 Sens 2,48.587439,2.690461
202300040753,2,10,2023,2025-12-05 08:30:00,1,59,59328,2,2,1,2,Dunkerque Avenue De,50.63558,3.02843
202300040754,13,1,2023,2025-12-05 19:20:00,5,971,97112,2,1,2,1,Murat,15.874954,-61.301702
202300040755,3,10,2023,2025-12-05 18:10:00,1,59,59122,1,1,1,3,Gauthier (Rue),50.16301153,3.25332461
202300040756,2,10,2023,2025-12-05 09:00:00,1,57,57631,2,1,1,6,France (Rue De),49.1129,7.05027
202300040757,3,10,2023,2025-12-05 13:20:00,1,56,56098,2,6,1,6,Sembat (Rue Marcel),47.7573,-3.346245
202300040758,2,10,2023,2025-12-05 18:25:00,1,56,56121,2,1,1,2,17 Rue Des Fontaines,47.74863,-3.35997
202300040759,13,1,2023,2025-12-05 04:40:00,5,977,97701,2,2,1,3,R Victor Hugo,17.894456,-62.848821
202300040760,2,10,2023,2025-12-05 13:45:00,1,56,56121,2,6,1,3,Boulevard Emmanuel Svob,47.7516,-3.3694
202300040761,26,9,2023,2025-12-05 08:20:00,1,55,55029,2,1,1,6,Bradfer ( Rue Ernest ),48.76909,5.17231
202300040762,3,10,2023,2025-12-05 17:45:00,1,54,54099,2,1,8,2,Avenue De La Republique (Briey),49.245526,5.940404
202300040763,13,1,2023,2025-12-05 20:00:00,3,34,34103,2,3,1,6,18 Avenue Paul Valery,43.539241,3.381508
202300040764,2,10,2023,2025-12-05 08:00:00,1,51,51454,2,1,1,1,Bocquaine (Chaussee),49.24501,4.02628
202300040765,3,10,2023,2025-12-05 07:24:00,2,49,49267,1,1,2,7,A87N,47.46588,-0.51708
202300040766,3,10,2023,2025-12-05 07:15:00,5,49,49353,2,1,8,6,Jean Jaures Rue,47.44743,-0.50913
202300040767,13,1,2023,2025-12-05 21:25:00,3,6,6078,1,1,1,7,D6202,43.917,7.171111
202300040768,3,10,2023,2025-12-05 08:25:00,1,45,45234,2,1,8,1,10 Rue Des Deux Ponts,47.91657,1.8968
202300040769,14,1,2023,2025-12-05 15:28:00,1,81,81099,1,2,1,3,Chemin Toulze,43.927278,1.915054
202300040770,3,10,2023,2025-12-05 18:39:00,1,45,45004,2,2,7,3,D163 Pr 2 + 60,47.990518,2.768978
202300040771,3,10,2023,2025-12-05 15:40:00,1,44,44109,2,1,1,6,1 Avenue Saint Felix,47.2309442,-1.556349
202300040772,14,1,2023,2025-12-05 10:40:00,1,14,14424,1,3,3,5,La Motte,48.88392689,-0.97320871
202300040773,3,10,2023,2025-12-05 20:15:00,5,37,37261,2,8,1,3,Theuriet (Rue Andre),47.38298,0.6967
202300040774,13,1,2023,2025-12-05 19:40:00,3,60,60517,1,1,1,6,Rue De Bornel,49.20893639,2.2329272
202300040775,3,10,2023,2025-12-05 18:58:00,2,37,37122,2,1,1,6,Bretonnieres (Boulevard Des),47.34539,0.63931
202300040776,3,10,2023,2025-12-05 08:45:00,1,37,37261,2,1,8,3,Juin (Boulevard Du Marechal),47.40498,0.70289
202300040777,13,1,2023,2025-12-05 10:28:00,1,13,13210,1,1,1,6,A507 Sens Marseille - Aubagne,43.28583592,5.42494723
202300040778,3,10,2023,2025-12-05 07:39:00,3,37,37122,2,1,8,2,Chantepie (Rue De),47.34815,0.65329
202300040779,13,1,2023,2025-12-05 17:45:00,3,91,91103,1,1,1,2,Rn 104,48.624525,2.29833
202300040780,3,10,2023,2025-12-05 08:45:00,1,37,37261,2,1,2,2,Marechal Juin (Bd),47.40481,0.70286
202300040781,12,1,2023,2025-12-05 22:38:00,4,91,91477,1,1,2,4,Autoroute A10,48.714886,2.253768
202300040782,3,10,2023,2025-12-05 09:05:00,1,37,37195,2,1,8,2,Peripherique Ouest,47.38524045,0.65069532
202300040783,13,1,2023,2025-12-05 18:35:00,3,92,92025,1,1,2,2,A86,48.93440333,2.25689089
202300040784,3,10,2023,2025-12-05 17:45:00,1,35,35238,2,1,1,6,Terriere (Place Henri),48.08393,-1.6833
202300040785,12,1,2023,2025-12-05 09:30:00,1,78,78490,1,1,2,7,Rn12 Ext,48.79919,1.96395
202300040786,2,10,2023,2025-12-05 17:35:00,1,35,35238,2,2,1,3,Andorre (D'),48.08833,-1.66917
202300040787,13,1,2023,2025-12-05 14:45:00,1,93,93066,1,1,1,4,Autoroute A1,48.91506449,2.35790288
202300040788,13,1,2023,2025-12-05 07:45:00,2,93,93029,1,1,1,7,Autoroute A86,48.91824,2.42899
202300040789,3,10,2023,2025-12-05 22:30:00,4,34,34172,2,1,1,1,Janvier (Rue Guillaume),43.5955,3.86573
202300040790,13,1,2023,2025-12-05 03:10:00,4,93,93005,1,1,8,6,Autoroute A3,48.94919,2.47623
202300040791,3,10,2023,2025-12-05 08:35:00,1,33,33192,2,3,8,3,Chem D'Ornon,44.76960236,-0.64125985
202300040792,13,1,2023,2025-12-05 02:45:00,3,93,93005,1,1,8,6,Autoroute A3,48.94603148,2.47667134
202300040793,3,10,2023,2025-12-05 21:40:00,3,31,31555,1,1,1,2,Va008493 La Crabe A624 Sortie 2,43.61104,1.37684
202300040794,3,10,2023,2025-12-05 16:30:00,1,31,31483,2,1,1,6,Liberation (Place De La ),43.1093,0.72852
202300040795,12,1,2023,2025-12-05 18:50:00,3,93,93007,1,1,1,4,Autoroute A3,48.93588,2.48026
202300040796,3,10,2023,2025-12-05 08:45:00,1,28,28404,2,6,2,3,Allende (Rue Salvador),48.733028,1.32686
202300040797,12,1,2023,2025-12-05 17:00:00,2,93,93010,1,1,1,3,Autoroute A3,48.89061,2.47352
202300040798,3,10,2023,2025-12-05 07:20:00,4,22,22113,2,1,2,6,Freres Lagadec (Rue Des),48.7233,-3.47687
202300040799,12,1,2023,2025-12-05 16:00:00,1,92,92036,1,1,1,3,Autoroute A15,48.94067835,2.29263081
202300040800,1,10,2023,2025-12-05 08:15:00,1,14,14487,2,1,1,6,Route De La Vallee,49.17105,0.2174
202300040801,3,10,2023,2025-12-05 08:15:00,1,14,14327,1,1,1,3,N814,49.19224,-0.33501
202300040802,11,1,2023,2025-12-05 18:00:00,3,95,95018,1,1,1,5,A15,48.95550443,2.27815032
202300040803,2,10,2023,2025-12-05 14:17:00,1,11,11069,2,1,1,1,Rocade Sud Rd 6161,43.20426,2.38254
202300040804,12,1,2023,2025-12-05 08:00:00,2,93,93063,1,1,1,3,Autoroute A3,48.87806,2.44586
202300040805,2,10,2023,2025-12-05 18:00:00,1,10,10387,2,9,1,3,Paix (Rue De La),48.3,4.06
202300040806,2,10,2023,2025-12-05 22:15:00,3,9,9225,1,1,1,3,Route Nationale 20 (Voie Rapide),43.1167,1.63043
202300040807,3,10,2023,2025-12-05 10:34:00,1,6,6088,2,9,1,2,Blanqui (Pl. Auguste),43.70529,7.29037
202300040808,3,10,2023,2025-12-05 18:00:00,1,6,6123,2,1,1,6,De Gaulle General Avenue,43.66715,7.19256
202300040809,3,10,2023,2025-12-05 10:00:00,1,4,4112,1,1,1,3,Volx (Av.De),43.84651,5.81519
202300040810,2,10,2023,2025-12-05 18:25:00,1,2,2408,2,1,1,6,13 Octobre (Rue Du),49.56479,3.61319
202300040811,13,1,2023,2025-12-05 20:50:00,3,75,75112,1,1,1,4,A4,48.825146,2.463772
202300040812,3,10,2023,2025-12-05 18:30:00,1,75,75116,2,1,1,2,Porte De Passy,48.85464,2.254711
202300040813,2,10,2023,2025-12-05 23:00:00,5,75,75113,2,1,1,2,Bd Peripherique Exterieur,48.81854244,2.37034804
202300040814,13,1,2023,2025-12-05 07:30:00,3,77,77337,1,1,1,7,Rn104,48.829089,2.618681
202300040815,2,10,2023,2025-12-05 15:40:00,1,75,75117,2,1,1,3,Bd Peipherique Interieur,48.887035,2.290229
202300040816,12,1,2023,2025-12-05 03:45:00,3,94,94004,1,1,1,2,N19,48.746067,2.514244
202300040817,1,10,2023,2025-12-05 20:00:00,5,75,75119,2,1,1,4,Porte De La Villette,48.897213,2.394354
202300040818,12,1,2023,2025-12-05 06:00:00,2,972,97213,1,1,8,1,Route Departementale 3,14.66101,-60.99315
202300040819,1,10,2023,2025-12-05 13:45:00,1,75,75119,2,2,1,3,Rue Manin,48.883212,2.387928
202300040820,3,10,2023,2025-12-05 11:15:00,1,75,75117,2,1,2,7,Rue Jouffroy D Abbans,48.886174,2.31022
202300040821,3,10,2023,2025-12-05 14:40:00,1,75,75116,2,2,1,3,Allee De Longchamp,48.87494,2.271083
202300040822,1,10,2023,2025-12-05 22:45:00,5,75,75116,2,1,1,3,Avenue De New York,48.859265,2.289532
202300040823,12,1,2023,2025-12-05 08:10:00,2,38,38421,2,2,8,3,Avenue Jacques Prevert,45.16419,5.76456
202300040824,2,10,2023,2025-12-05 23:45:00,5,75,75115,2,2,1,3,Rue De La Convention,48.837241,2.296444
202300040825,3,10,2023,2025-12-05 13:35:00,1,75,75114,2,1,1,6,Avenue Denfert Rochereau,48.835204,2.333174
202300040826,11,1,2023,2025-12-05 11:45:00,1,13,13117,2,1,1,6,Carrefour (Centre Commercial),43.43308,5.26065
202300040827,3,10,2023,2025-12-05 00:45:00,5,75,75114,2,3,1,1,Rue Du Faubourg Saint Jacques,48.834102,2.336643
202300040828,6,1,2023,2025-12-05 07:30:00,2,57,57660,2,1,8,6,Nationale(Rue)Limite Forbach/Rue St Alic,49.19882,6.9335
202300040829,1,10,2023,2025-12-05 06:00:00,5,75,75114,2,1,1,1,Boulevard Edgar Quinet,48.840949,2.325828
202300040830,3,10,2023,2025-12-05 13:40:00,1,75,75113,2,2,1,6,Boulevard Auguste Blanqui,48.831077,2.344252
202300040831,8,1,2023,2025-12-05 18:00:00,4,77,77083,2,2,2,6,D370,48.84847758,2.57841903
202300040832,3,10,2023,2025-12-05 09:45:00,1,75,75112,2,4,3,3,Rue Joseph Kessel,48.833741,2.382521
202300040833,12,1,2023,2025-12-05 08:30:00,1,973,97302,2,1,1,3,Source De Baduel (Chemin De La),4.93248,-52.30825
202300040834,3,10,2023,2025-12-05 09:45:00,1,75,75112,2,1,2,3,Rue De Chalon,48.844047,2.377285
202300040835,12,1,2023,2025-12-05 07:55:00,1,973,97302,2,1,1,3,Adresse_Inconnue,4.91447,-52.32098
202300040836,3,10,2023,2025-12-05 19:00:00,2,75,75109,2,3,1,6,Rue Des Martyrs,48.8807782,2.34024346
202300040837,3,10,2023,2025-12-05 18:40:00,1,75,75108,2,2,1,3,Rue De Rome,48.875249,2.324264
202300040838,12,1,2023,2025-12-05 08:45:00,1,972,97209,2,1,8,1,Salvador Allende (Avenue),14.61035,-61.04838
202300040839,3,10,2023,2025-12-05 23:00:00,5,94,94044,2,1,1,2,2 Rue Albert Garry,48.7542,2.47749
202300040840,12,1,2023,2025-12-05 18:20:00,4,95,95306,2,1,2,6,D48,49.00472492,2.12655187
202300040841,3,10,2023,2025-12-05 13:40:00,1,94,94074,2,2,1,3,Avenue Julien Duranton,48.763714,2.448127
202300040842,3,10,2023,2025-12-05 15:00:00,1,94,94011,2,1,1,6,D130,48.77331,2.49029
202300040843,3,10,2023,2025-12-05 08:15:00,1,94,94041,2,2,2,6,Avenue Georges Gosnat,48.812417,2.386586
202300040844,11,1,2023,2025-12-05 18:40:00,5,90,90010,2,9,2,6,Stractmann (Rue),47.63474,6.85733
202300040845,3,10,2023,2025-12-05 06:30:00,5,94,94041,2,1,1,6,Boulevard Hippolyte Marques,48.81806,2.36981
202300040846,3,10,2023,2025-12-05 16:30:00,1,93,93073,2,1,1,2,Avenue De La Plaine De France,48.97624652,2.50359796
202300040847,3,10,2023,2025-12-05 09:27:00,1,93,93066,2,8,2,6,Boulevard Felix Faure / Rue Gabriel Peri,48.93869468,2.35657031
202300040848,3,10,2023,2025-12-05 18:07:00,1,93,93077,2,2,1,3,Rue Simon Guitlevitch / Avenue Marcel,48.87805,2.52495
202300040849,2,10,2023,2025-12-05 10:00:00,1,93,93055,2,2,2,6,Rue Victor Hugo / Rue Delizy,48.89372,2.40945
202300040850,12,1,2023,2025-12-05 11:24:00,1,81,81074,1,4,1,1,Millau (Rte De) Du Ndeg 32 A La Fin,43.926338,2.203199
202300040851,3,10,2023,2025-12-05 20:10:00,5,93,93051,2,1,1,6,Rue Des Hauts Chateaux,48.84265,2.57418
202300040852,12,1,2023,2025-12-05 03:00:00,5,80,80021,2,1,1,6,Amiens (Route D'),49.87082,2.28026
202300040853,12,1,2023,2025-12-05 18:20:00,5,79,79191,2,2,2,3,Adresse_Inconnue,46.31024,-0.46677
202300040854,3,10,2023,2025-12-05 06:25:00,5,93,93051,2,3,1,3,Route De Neuilly / Rue De La Plaine,48.85149,2.53403
202300040855,12,1,2023,2025-12-05 08:50:00,1,76,76498,2,1,2,6,Rue Martial Spinneweber,49.42008,1.05947
202300040856,11,1,2023,2025-12-05 19:30:00,3,76,76319,1,2,1,3,Avenue De Caen,49.3439,0.97922
202300040857,3,10,2023,2025-12-05 17:40:00,1,93,93048,2,3,1,6,Boulevard De Chanzy / Rue Des Sorins,48.85864633,2.42822723
202300040858,10,1,2023,2025-12-05 17:00:00,2,76,76447,2,3,1,3,Jacques Prevert,49.54726,0.17732
202300040859,3,10,2023,2025-12-05 13:28:00,1,93,93046,2,1,8,3,Boulevard Robert Schuman,48.92788,2.54876
202300040860,12,1,2023,2025-12-05 19:35:00,3,73,73065,1,1,1,2,N201 Voie Rapide Urbaine,45.59895,5.89253
202300040861,3,10,2023,2025-12-05 12:00:00,1,93,93079,2,9,1,3,Avenue Jean-Baptiste Clement,48.95544,2.33899
202300040862,12,1,2023,2025-12-05 21:00:00,3,69,69199,2,1,1,3,Rue Marcel Sembat,45.71158254,4.84444635
202300040863,3,10,2023,2025-12-05 10:30:00,1,93,93029,2,2,2,6,Avenue Henri Barbusse / Rue Charles Gide,48.91654,2.44451
202300040864,12,1,2023,2025-12-05 17:00:00,5,69,69259,2,9,1,3,101 Boulevard Irene Joliot Curie,45.71128,4.88227
202300040865,1,10,2023,2025-12-05 18:28:00,1,93,93001,2,3,1,6,Rue Gaetan Lamy / Rue Albinet,48.91642,2.36838
202300040866,12,1,2023,2025-12-05 09:30:00,1,69,69290,2,1,7,6,Route D'Heyrieux,45.68908037,4.93985653
202300040867,12,1,2023,2025-12-05 06:16:00,5,69,69259,2,1,2,2,32 Avenue Jean Cagne,45.69552045,4.87260713
202300040868,3,10,2023,2025-12-05 17:05:00,1,92,92033,2,1,1,3,Raymond Poincare,48.83827614,2.1702826
202300040869,11,1,2023,2025-12-05 17:20:00,2,69,69266,2,2,1,6,Cours Emile Zola,45.76525,4.90267
202300040870,3,10,2023,2025-12-05 19:00:00,2,92,92063,2,1,1,3,Colmar (Avenue De),48.88688973,2.17649281
202300040871,11,1,2023,2025-12-05 09:00:00,1,67,67482,2,1,1,6,Edmond Rostand (Rue),48.59189,7.69212
202300040872,11,1,2023,2025-12-05 08:20:00,3,64,64189,2,1,3,6,Avenue Jean Jaures,43.384313,-1.666798
202300040873,3,10,2023,2025-12-05 16:00:00,1,92,92051,2,1,1,2,"Charles De Gaulle (Avenue,Ndeg118 A 192 +",48.88246,2.26741
202300040874,12,1,2023,2025-12-05 07:00:00,5,64,64445,2,2,1,3,Alsace Lorraine D',43.30458,-0.36821
202300040875,2,10,2023,2025-12-05 12:30:00,1,92,92050,2,1,1,2,Provinces Francaises Bd Des,48.90113823,2.21635133
202300040876,7,1,2023,2025-12-05 18:50:00,5,64,64445,2,2,1,3,Boulevard De La Paix,43.32142,-0.36041
202300040877,2,10,2023,2025-12-05 17:45:00,1,92,92049,2,1,1,3,Brossolette Avenue Pierre,48.81685586,2.30686158
202300040878,3,10,2023,2025-12-05 18:00:00,1,92,92048,2,1,1,6,Verd De Saint Julien (Boulevard),48.81760087,2.23060101
202300040879,7,1,2023,2025-12-05 16:30:00,1,63,63113,2,2,1,3,Privas (Rue Xavier),45.793,3.116
202300040880,3,10,2023,2025-12-05 09:40:00,1,92,92044,2,1,3,3,Ana.France(Rue) 141+ Et 126 +,48.89747363,2.28015482
202300040881,3,10,2023,2025-12-05 10:08:00,1,92,92040,2,1,2,7,Rodin (Boulevard),48.81882655,2.25807443
202300040882,12,1,2023,2025-12-05 12:20:00,1,61,61001,2,1,2,2,D112,48.44142,0.10824
202300040883,12,1,2023,2025-12-05 20:05:00,5,56,56260,2,1,2,6,Rue Thiers,47.6547594,-2.7595585
202300040884,3,10,2023,2025-12-05 11:20:00,1,92,92036,2,2,2,3,Chandon (Avenue) (1/63),48.92334698,2.29702793
202300040885,7,1,2023,2025-12-05 11:05:00,1,54,54395,2,2,1,6,Rue De La Paix,48.67087557,6.16430104
202300040886,3,10,2023,2025-12-05 18:00:00,1,92,92026,2,2,1,3,Verdun (De 62 A Fin),48.90041027,2.2607621
202300040887,11,1,2023,2025-12-05 17:25:00,5,51,51172,2,1,1,6,Boulevard D'Alsace Lorraine,49.21627492,4.04955894
202300040888,3,10,2023,2025-12-05 08:47:00,1,92,92026,2,1,2,3,Verdun 1916 ( Avenue De ),48.90419443,2.25705278
202300040889,11,1,2023,2025-12-05 10:25:00,1,50,50218,2,1,1,6,Armateurs (Rue Des),48.83723,-1.55093
202300040890,3,10,2023,2025-12-05 08:55:00,1,92,92019,2,1,2,6,Salengro Roger (Rue),48.77306598,2.27606267
202300040891,12,1,2023,2025-12-05 07:40:00,2,49,49328,2,6,1,6,Route De Tours (Saumur),47.26708,-0.06968
202300040892,3,10,2023,2025-12-05 08:50:00,1,92,92012,2,1,2,6,Marechal De Lattre De Tassigny (Avenue),48.84118307,2.22579896
202300040893,9,1,2023,2025-12-05 13:50:00,1,49,49099,2,6,1,3,Lecoq (Boulevard Pierre),47.04919,-0.86943
202300040894,3,10,2023,2025-12-05 00:10:00,5,92,92007,2,1,1,2,Bourg-La-Reine (Avenue De),48.78496679,2.30676162
202300040895,12,1,2023,2025-12-05 08:33:00,1,49,49007,2,1,2,6,Jean Xxiii Avenue,47.4495,-0.56599
202300040896,3,10,2023,2025-12-05 21:13:00,5,92,92014,2,1,1,6,General Leclerc (Av.) (57 A 135 - 50 A 1,48.77952,2.31532
202300040897,3,10,2023,2025-12-05 17:20:00,1,92,92014,2,1,1,6,General Leclerc (Av.) (57 A 135 - 50 A 1,48.77889,2.31516
202300040898,11,1,2023,2025-12-05 08:13:00,2,49,49007,2,1,2,4,Chauvat Boulevard,47.45393,-0.56691
202300040899,3,10,2023,2025-12-05 00:25:00,5,92,92002,2,3,1,6,Henri Poincare (Rue),48.73366313,2.30774447
202300040900,12,1,2023,2025-12-05 14:55:00,1,47,47031,2,1,1,3,Avenue De Bigorre,44.1879,0.6309
202300040901,4,10,2023,2025-12-05 13:55:00,1,24,24417,2,1,1,1,Route Des Gues,45.324181,0.989918
202300040902,12,1,2023,2025-12-05 18:09:00,5,45,45234,2,1,2,2,45 Avenue Dauphine,47.89097,1.90488
202300040903,12,1,2023,2025-12-05 08:15:00,2,45,45169,2,6,1,6,27 Rue Du Chateau D'Eau,47.92203,1.83196
202300040904,21,9,2023,2025-12-05 09:20:00,1,24,24540,1,3,1,3,Le Poteau,45.319645,0.87119579
202300040905,11,1,2023,2025-12-05 15:50:00,1,45,45232,2,9,1,6,Parking Auchan,47.86816,1.91166
202300040906,3,10,2023,2025-12-05 17:20:00,1,39,39063,1,1,1,5,Adresse_Inconnue,46.606631,5.882575
202300040907,12,1,2023,2025-12-05 21:05:00,5,44,44109,2,6,2,3,9 Boulevard Eugene Orieux,47.235202,-1.549279
202300040908,3,10,2023,2025-12-05 09:45:00,1,24,24449,2,1,1,2,D6089,45.016374,0.205303
202300040909,12,1,2023,2025-12-05 18:20:00,5,38,38185,2,1,1,4,Cours De La Liberation Et Du General De,45.16157,5.71014
202300040910,30,9,2023,2025-12-05 08:30:00,1,6,6019,1,3,1,3,D2204,43.770373,7.332757
202300040911,29,9,2023,2025-12-05 22:50:00,5,17,17194,2,3,1,7,Intersection Rue De La Mairie Et Place De La Mairie,46.12907,-1.009015
202300040912,12,1,2023,2025-12-05 15:20:00,1,38,38185,2,2,1,3,Avenue De La Mogne,45.17234,5.75186
202300040913,24,7,2023,2025-12-05 10:10:00,1,37,37261,2,3,1,1,Gance (Boulevard Abel),47.41010921,0.72091341
202300040914,1,10,2023,2025-12-05 10:12:00,1,95,95480,2,1,1,6,14 Alber 1Er (Rue),49.110858,2.205004
202300040915,12,1,2023,2025-12-05 08:45:00,1,38,38185,2,2,1,1,Stalingrad (Rue De)   (E.Zola A Allies),45.17511,5.72543
202300040916,23,7,2023,2025-12-05 10:18:00,1,34,34172,2,2,1,3,108 Avenue Du Pont Juvenal,43.60589,3.89409
202300040917,3,10,2023,2025-12-05 07:30:00,2,31,31182,2,4,1,3,Route De Paris,43.683461,1.406491
202300040918,12,1,2023,2025-12-05 08:25:00,1,37,37195,2,1,1,6,Hautes Marches (Rue Des),47.385,0.6549
202300040919,4,10,2023,2025-12-05 14:05:00,1,31,31435,1,1,1,1,D3,43.424114,1.145368
202300040920,25,7,2023,2025-12-05 00:32:00,5,33,33522,2,6,1,3,Rue Lafitte,44.79984,-0.58479
202300040921,11,1,2023,2025-12-05 11:05:00,1,37,37261,2,1,1,7,Gance (Boulevard Abel),47.4202,0.71668
202300040922,12,1,2023,2025-12-05 15:00:00,1,35,35238,2,3,2,3,Pays-Bas (Avenue Des),48.08461,-1.66075
202300040923,4,10,2023,2025-12-05 14:15:00,1,71,71550,1,1,1,5,A6 Pk366.500,46.49052771,4.89605138
202300040924,21,7,2023,2025-12-05 16:35:00,1,29,29019,2,3,1,6,Avenue Georges Clemenceau,48.38982,-4.48542
202300040925,12,1,2023,2025-12-05 07:55:00,2,35,35238,1,1,2,4,N136,48.08809064,-1.63407952
202300040926,24,7,2023,2025-12-05 17:22:00,1,27,27299,2,2,1,3,Briand (Avenue Aristide),49.04775,1.16303
202300040927,4,10,2023,2025-12-05 17:18:00,1,974,97422,2,9,1,1,Chemin Aurelien Hoarau,-21.252477,55.489009
202300040928,23,7,2023,2025-12-05 18:15:00,1,19,19031,2,3,1,3,Kennedy (Avenue John),45.16683,1.54645
202300040929,12,1,2023,2025-12-05 09:20:00,1,34,34172,2,3,1,3,726 Rue De La Roqueturiere,43.63166,3.88364
202300040930,4,10,2023,2025-12-05 12:15:00,1,972,97203,1,3,1,3,N1,14.853177,-61.092643
202300040931,24,7,2023,2025-12-05 07:00:00,1,11,11262,2,1,2,2,Adresse_Inconnue,43.174376,2.974597
202300040932,23,7,2023,2025-12-05 22:28:00,5,10,10387,2,1,1,7,Louis Berthollet (Rue),48.3079,4.0844
202300040933,12,1,2023,2025-12-05 15:35:00,1,31,31069,2,2,1,3,Peguy (Rue Charles),43.643638,1.380894
202300040934,4,10,2023,2025-12-05 06:00:00,2,67,67356,1,1,1,7,Fahrkopf,48.716978,7.932059
202300040935,23,7,2023,2025-12-05 19:15:00,1,10,10387,2,1,1,6,Providence (Rue De La ),48.30522,4.07419
202300040936,4,10,2023,2025-12-05 17:20:00,1,30,30278,2,6,1,7,Adresse_Inconnue,44.059188,4.712234
202300040937,24,7,2023,2025-12-05 06:30:00,2,6,6088,2,1,2,6,Pessicart (A Partir Du 300-301),43.72328,7.23841
202300040938,12,1,2023,2025-12-05 06:55:00,5,31,31555,2,2,1,3,Rte De Seysses,43.56223272,1.40677303
202300040939,21,7,2023,2025-12-05 09:30:00,1,75,75113,2,1,1,4,Bd Peripherique Interieur,48.825791,2.386589
202300040940,12,1,2023,2025-12-05 14:40:00,1,27,27375,2,1,2,2,Saint Hildevert (Rue),49.23064,1.17468
202300040941,22,7,2023,2025-12-05 00:25:00,5,75,75113,2,1,1,2,Porte D Italie,48.818397,2.369347
202300040942,24,7,2023,2025-12-05 16:30:00,1,75,75120,2,1,1,6,Boulevard Davout,48.854284,2.41038
202300040943,11,1,2023,2025-12-05 20:25:00,5,27,27229,2,2,2,3,Vernon (Rue De),49.03076,1.16046
202300040944,24,7,2023,2025-12-05 11:17:00,1,75,75119,2,1,1,3,Avenue Jean Jaures,48.884806,2.377935
202300040945,11,1,2023,2025-12-05 16:30:00,1,27,27299,2,1,1,2,Briand (Avenue Aristide),49.04445412,1.1607046
202300040946,24,7,2023,2025-12-05 15:10:00,1,75,75118,2,1,1,6,Rue Vauvenargues,48.892316,2.334353
202300040947,12,1,2023,2025-12-05 08:10:00,1,25,25056,2,1,2,2,Rn 1057 (Route De Gray-Ch.Epitaphe),47.26552,6.004844
202300040948,24,7,2023,2025-12-05 09:20:00,1,75,75116,2,1,8,3,Porte Dauphine,48.876073,2.270828
202300040949,23,3,2023,2025-12-05 08:30:00,1,21,21054,2,7,8,2,Petasse (Square Joseph),47.02345,4.8328
202300040950,24,7,2023,2025-12-05 02:30:00,5,75,75116,2,1,2,2,Avenue De New York,48.860885,2.291646
202300040951,21,1,2023,2025-12-05 19:22:00,5,21,21054,2,1,1,3,Bretonniere (Rue Du Faubourg),47.020862,4.831905
202300040952,24,7,2023,2025-12-05 09:45:00,1,75,75115,2,2,8,6,Rue De Lourmel,48.845656,2.287946
202300040953,24,7,2023,2025-12-05 20:45:00,2,75,75111,2,3,8,6,Rue De Charonne,48.854904,2.386171
202300040954,8,1,2023,2025-12-05 12:55:00,1,15,15012,2,6,8,3,D920,44.90525,2.45267
202300040955,24,7,2023,2025-12-05 17:40:00,1,75,75110,2,4,2,3,Rue La Fayette,48.882489,2.369186
202300040956,12,1,2023,2025-12-05 18:00:00,5,13,13117,2,2,1,3,Londres (Avenue De),43.42730808,5.2356802
202300040957,24,7,2023,2025-12-05 08:00:00,1,75,75108,2,7,1,3,Place Du General Brocard,48.878091,2.305357
202300040958,12,1,2023,2025-12-05 08:00:00,1,13,13106,2,1,1,3,Nelson Mandela (Avenue),43.40848,5.36658
202300040959,24,7,2023,2025-12-05 04:52:00,3,75,75108,2,3,3,6,Rue La Boetie,48.872159,2.309056
202300040960,12,1,2023,2025-12-05 06:15:00,5,13,13215,2,3,1,3,Marche D'In (Avenue),43.34148954,5.37310136
202300040961,23,7,2023,2025-12-05 10:35:00,1,75,75104,2,5,1,7,Quai De Gesvres,48.857261,2.347139
202300040962,10,1,2023,2025-12-05 20:10:00,5,6,6088,2,1,1,2,Voie Rapide,43.67486,7.22267
202300040963,24,7,2023,2025-12-05 21:05:00,2,94,94076,2,1,2,6,9 Rue Antoine De Saint Exupery,48.783341,2.360668
202300040964,11,1,2023,2025-12-05 15:10:00,1,5,5061,2,1,1,6,Chateauvieux (Chemin De ),44.5443833,6.0658291
202300040965,24,7,2023,2025-12-05 07:00:00,1,94,94034,2,2,1,1,Boulevard Pasteur,48.75395437,2.31274948
202300040966,11,1,2023,2025-12-05 18:15:00,2,976,97611,2,1,2,1,Kaweni-Kaweni Nord ( Z I ),-12.76322,45.22582
202300040967,23,7,2023,2025-12-05 23:40:00,5,94,94079,2,1,2,6,Rue Du 11 Novembre 1918,48.83034,2.54536