num_acc,jour,mois,an,hrmn,lum,dep,com,agg,int,atm,col,adr,lat,long
202300040968,11,1,2023,2025-12-05 06:15:00,1,974,97416,1,1,1,6,Rn3 (2),-21.31684,55.49091
202300040969,24,7,2023,2025-12-05 23:00:00,3,94,94075,2,5,2,3,Av Du Mal De Lattre De Tassigny,48.73432,2.52016
202300040970,10,1,2023,2025-12-05 18:15:00,1,974,97411,2,9,1,2,Notre Dame De La Trinite (Boulevard),-20.8947,55.46977
202300040971,24,7,2023,2025-12-05 03:30:00,3,94,94004,2,9,8,6,2 Rue De Paris,48.753475,2.506936
202300040972,11,1,2023,2025-12-05 11:00:00,1,974,97409,2,1,1,6,1548 Avenue De Bourbon,-20.97466,55.6464
202300040973,24,7,2023,2025-12-05 01:00:00,5,93,93005,2,2,2,3,Route De Mitry / Rue Ambroise Pare,48.94947,2.51964
202300040974,11,1,2023,2025-12-05 08:40:00,1,69,69386,2,1,1,6,Rue Duquesne,45.77287,4.84707
202300040975,24,7,2023,2025-12-05 09:30:00,1,93,93008,2,1,1,1,Folie (Rue De La),48.900992,2.443781
202300040976,11,1,2023,2025-12-05 07:18:00,1,972,97213,1,1,1,3,Route Departementale 3 Bis,14.65028,-60.98825
202300040977,24,7,2023,2025-12-05 19:00:00,1,92,92076,2,1,2,1,Butard,48.84303247,2.14916021
202300040978,11,1,2023,2025-12-05 18:30:00,3,972,97209,1,1,1,1,Departementale 13 (Route ),14.63562,-61.03687
202300040979,10,7,2023,2025-12-05 20:00:00,1,92,92009,2,1,1,2,Argenteuil Av D',48.91989098,2.27976769
202300040980,11,1,2023,2025-12-05 07:40:00,1,972,97209,2,1,2,7,Chevalier Sainte-Marthe (Boulevard),14.60288,-61.06618
202300040981,19,7,2023,2025-12-05 10:00:00,1,42,42331,2,1,1,6,Chemin Des Places,45.992282,3.94919
202300040982,11,1,2023,2025-12-05 19:00:00,5,69,69389,2,4,8,3,28 Quai Jayr,45.777,4.80747
202300040983,25,7,2023,2025-12-05 15:55:00,1,28,28196,1,1,1,6,Autoroute A11 Pk 086.200,48.282979,1.235554
202300040984,11,1,2023,2025-12-05 06:30:00,5,95,95539,2,1,2,2,D125,48.99572,2.35222
202300040985,22,7,2023,2025-12-05 11:20:00,1,972,97217,2,1,1,7,Quartier Mare Capron,14.473889,-60.878463
202300040986,10,1,2023,2025-12-05 10:05:00,1,95,95598,2,1,2,6,D109,48.984492,2.294952
202300040987,15,7,2023,2025-12-05 23:00:00,3,29,29189,1,1,3,6,18 Route De Loperhet,48.38300144,-4.35042785
202300040988,23,7,2023,2025-12-05 06:20:00,2,58,58270,1,1,1,6,D955,47.496078,3.005329
202300040989,11,1,2023,2025-12-05 14:09:00,1,91,91122,2,1,1,3,General Leclerc (Rue Du),48.69615,2.1625
202300040990,24,7,2023,2025-12-05 15:30:00,1,4,4205,1,1,1,7,D207,44.362658,6.360397
202300040991,11,1,2023,2025-12-05 08:21:00,2,91,91326,2,1,1,6,Victor Hugo (Rue),48.69012,2.37752
202300040992,25,7,2023,2025-12-05 08:30:00,1,91,91679,1,1,3,7,Rd 361,48.739037,2.125726
202300040993,11,1,2023,2025-12-05 08:35:00,1,87,87085,2,3,2,1,Feytiat (Rue De),45.82358,1.28005
202300040994,24,7,2023,2025-12-05 20:00:00,1,51,51662,1,1,2,2,A34,49.288305,4.124424
202300040995,10,1,2023,2025-12-05 14:55:00,1,87,87085,2,1,2,7,Wilson (Place),45.82975,1.26299
202300040996,10,1,2023,2025-12-05 08:00:00,3,78,78638,1,3,2,2,D 922,49.019883,1.958966
202300040997,24,7,2023,2025-12-05 20:10:00,1,80,80827,2,6,1,3,D2,50.059185,1.535838
202300040998,10,1,2023,2025-12-05 07:25:00,3,77,77379,1,9,2,3,D1B,48.54652,3.30683
202300040999,25,7,2023,2025-12-05 13:50:00,1,71,71289,2,1,1,1,Rue De Trecourt,46.311615,4.483752
202300041000,11,1,2023,2025-12-05 13:45:00,1,77,77111,2,6,1,6,D344,48.85636,2.77074
202300041001,25,7,2023,2025-12-05 04:00:00,3,47,47312,1,1,1,6,D656,44.40031923,1.01285616
202300041002,10,1,2023,2025-12-05 13:15:00,1,72,72181,2,6,2,3,Jacobins (Pl Des),48.007563,0.198289
202300041003,24,7,2023,2025-12-05 13:30:00,1,22,22322,1,3,8,3,Parc Moan,48.472679,-3.065121
202300041004,11,1,2023,2025-12-05 13:10:00,1,71,71306,2,2,1,3,Alouettes (Avenue Des),46.67909,4.36582
202300041005,24,7,2023,2025-12-05 12:02:00,1,22,22093,1,1,3,7,Le Plat,48.416894,-2.595692
202300041006,11,1,2023,2025-12-05 13:10:00,1,69,69275,2,3,2,3,Rue Elisee Reclus,45.75407,4.94926
202300041007,24,7,2023,2025-12-05 19:00:00,1,25,25304,2,1,1,6,2 Rue Du Commandant Rolland,47.442904,6.881337
202300041008,11,1,2023,2025-12-05 11:00:00,1,69,69029,1,1,2,6,Boulevard Laurent Bonnevay,45.7456,4.90663
202300041009,24,7,2023,2025-12-05 15:00:00,1,29,29003,2,1,1,6,1 Rue De Kerivoas,48.02656,-4.553946
202300041010,25,7,2023,2025-12-05 15:36:00,1,31,31314,1,1,2,6,D817,43.152241,0.949759
202300041011,10,1,2023,2025-12-05 17:45:00,1,67,67447,2,1,1,3,Bischwiller (Route De),48.60007,7.7427
202300041012,25,7,2023,2025-12-05 16:05:00,1,2,2548,1,1,1,7,D78,49.966281,3.670442
202300041013,10,1,2023,2025-12-05 17:15:00,2,66,66136,1,1,1,7,Adresse_Inconnue,42.681981,2.87644
202300041014,25,7,2023,2025-12-05 07:40:00,1,2,2294,1,6,1,2,D23,49.510484,3.571801
202300041015,11,1,2023,2025-12-05 10:50:00,1,64,64348,1,1,2,4,Avenue Des Martyrs Du Pont-Long,43.34180118,-0.37984743
202300041016,10,1,2023,2025-12-05 12:30:00,1,64,64129,2,9,1,6,Rue Du Sabotier,43.304685,-0.398223
202300041017,25,7,2023,2025-12-05 06:30:00,2,15,15051,1,1,2,7,Rd 4,44.990748,3.270434
202300041018,25,7,2023,2025-12-05 06:00:00,2,15,15140,1,1,2,1,D922,44.97805045,2.40851641
202300041019,6,1,2023,2025-12-05 21:10:00,5,63,63070,2,1,1,3,D767,45.74580962,3.06473494
202300041020,11,1,2023,2025-12-05 08:32:00,1,63,63113,2,1,1,3,Blatin (Rue),45.77654,3.07662
202300041021,24,7,2023,2025-12-05 15:50:00,1,26,26125,1,1,7,7,D111,44.758985,4.959147
202300041022,10,1,2023,2025-12-05 13:46:00,1,63,63075,2,1,1,2,Thermale (Avenue),45.77153,3.05628
202300041023,25,7,2023,2025-12-05 17:20:00,1,6,6053,1,1,1,3,D2202 Pr 46 +600,44.012035,6.79939
202300041024,23,7,2023,2025-12-05 14:30:00,1,6,6071,1,1,1,6,D2202 - Pr 41,44.04169,6.834992
202300041025,10,1,2023,2025-12-05 07:49:00,1,63,63113,2,1,1,4,Schuman (Bd Robert),45.76141,3.13189
202300041026,24,7,2023,2025-12-05 18:30:00,1,53,53182,2,1,3,7,Route De La Brulatte,48.107374,-0.973883
202300041027,11,1,2023,2025-12-05 15:30:00,1,59,59279,2,3,2,3,Roncq (Boulevard),50.7739,3.129565
202300041028,24,7,2023,2025-12-05 18:30:00,1,40,40274,2,1,1,1,573 Route De Mont De Marsan,43.929332,-0.646909
202300041029,10,1,2023,2025-12-05 07:55:00,5,59,59008,2,1,8,6,Delestraint (Rue Du General),50.33567,3.25351
202300041030,25,7,2023,2025-12-05 19:15:00,1,24,24254,2,1,1,6,Route De La Peyre,44.83894,1.027747
202300041031,11,1,2023,2025-12-05 07:55:00,2,58,58194,2,1,2,6,Marechal Leclerc,46.988557,3.160799
202300041032,23,7,2023,2025-12-05 12:30:00,1,27,27075,1,1,2,6,Impasse De La Bourgere,48.899314,0.708296
202300041033,10,1,2023,2025-12-05 09:30:00,1,56,56121,2,6,2,3,29 Rue De Kerfichant,47.75133,-3.38427
202300041034,24,7,2023,2025-12-05 13:30:00,1,37,37270,1,1,1,6,D952,47.401545,0.86247
202300041035,11,1,2023,2025-12-05 07:55:00,2,51,51454,2,1,2,3,Boulevard De La Paix,49.25396,4.04085
202300041036,24,7,2023,2025-12-05 14:30:00,1,65,65127,1,1,8,3,A64 Pk 167.700 Sens Toulouse/Bayonne,43.112059,0.321758
202300041037,11,1,2023,2025-12-05 07:50:00,3,51,51108,1,1,2,3,N44,48.93464,4.40237
202300041038,25,7,2023,2025-12-05 08:40:00,1,973,97309,2,3,1,3,D1,4.916747,-52.276323
202300041039,11,1,2023,2025-12-05 08:40:00,2,51,51108,2,1,2,6,Avenue De Paris,48.95372,4.34143
202300041040,25,7,2023,2025-12-05 10:20:00,1,69,69027,2,1,1,6,163 Rue Du General De Gaulle,45.67200397,4.75342868
202300041041,9,1,2023,2025-12-05 18:25:00,2,50,50502,2,1,2,6,Midi,49.11076,-1.08479
202300041042,10,1,2023,2025-12-05 13:05:00,1,49,49267,2,1,2,7,Rd 116,47.48131992,-0.48929393
202300041043,25,7,2023,2025-12-05 06:50:00,1,95,95580,1,3,2,3,D16,49.091581,2.531716
202300041044,10,1,2023,2025-12-05 08:25:00,2,49,49007,2,1,2,7,Simon,47.44677,-0.57231
202300041045,23,7,2023,2025-12-05 03:10:00,4,62,62731,1,1,1,2,A2,50.07856,3.024331
202300041046,11,1,2023,2025-12-05 21:10:00,5,45,45208,2,2,1,3,50 Rue Ernest Malatre,47.995677,2.720467
202300041047,11,1,2023,2025-12-05 10:40:00,1,37,37122,2,1,1,6,Martyrs (Rue Des),47.35022,0.66515
202300041048,23,7,2023,2025-12-05 21:45:00,3,83,83063,1,1,1,1,2757 Route De Grimaud,43.301512,6.481294
202300041049,10,1,2023,2025-12-05 20:15:00,5,37,37261,2,2,8,3,Taste (Rue Maurice De),47.41202,0.70573
202300041050,22,7,2023,2025-12-05 15:55:00,1,13,13092,1,1,1,1,Rd 10,43.538609,5.045021
202300041051,17,6,2023,2025-12-05 20:35:00,1,13,13041,2,1,1,7,Avenue Leo Lagrange,43.456701,5.477138
202300041052,11,1,2023,2025-12-05 08:20:00,1,31,31555,2,1,1,3,Che De Lanusse,43.634861,1.455819
202300041053,11,1,2023,2025-12-05 10:00:00,1,29,29019,2,1,1,2,Rue Amiral Troude,48.38633,-4.4797411
202300041054,25,7,2023,2025-12-05 02:30:00,3,89,89298,1,1,1,1,A6,48.054053,3.100848
202300041055,10,1,2023,2025-12-05 08:40:00,1,29,29019,2,2,2,3,Rue Theodore Botrel,48.40707,-4.50164
202300041056,24,7,2023,2025-12-05 18:03:00,1,88,88387,1,2,1,3,Rd3,48.352684,5.854769
202300041057,10,1,2023,2025-12-05 08:35:00,1,29,29019,2,1,2,4,Boulevard De L'Europe,48.40966,-4.5169
202300041058,25,7,2023,2025-12-05 08:50:00,1,69,69009,2,1,1,3,485 Avenue De Lossburg,45.945883,4.717087
202300041059,10,1,2023,2025-12-05 17:30:00,5,28,28134,2,3,2,6,Pasteur (Boulevard),48.73355,1.37427
202300041060,25,7,2023,2025-12-05 07:55:00,1,17,17307,1,1,1,3,D136,45.69497,-0.908647
202300041061,25,7,2023,2025-12-05 18:00:00,2,16,16280,1,1,1,2,D6,45.768616,0.362817
202300041062,11,1,2023,2025-12-05 11:10:00,1,22,22278,2,1,1,6,Promenades (Et All. Des),48.51336295,-2.75817856
202300041063,23,7,2023,2025-12-05 17:25:00,1,57,57124,1,1,8,7,D64,49.42734983,6.26841
202300041064,25,7,2023,2025-12-05 14:30:00,1,80,80383,1,1,1,7,Rue Barroyee,49.722808,2.789133
202300041065,10,1,2023,2025-12-05 17:54:00,5,22,22278,2,2,2,1,Carnot (Bd),48.50628,-2.76582
202300041066,23,7,2023,2025-12-05 20:45:00,1,13,13215,1,1,1,6,A7-Sens Lyon Vers Marseille,43.37781,5.35587
202300041067,11,1,2023,2025-12-05 10:04:00,1,17,17300,2,7,1,1,Noue   Rue De La,46.161438,-1.155396
202300041068,15,7,2023,2025-12-05 13:45:00,1,69,69081,1,1,1,2,Route De Metropole 6,45.77461673,4.78457976
202300041069,11,1,2023,2025-12-05 14:20:00,1,14,14536,1,1,2,3,D579,49.405073,0.252566
202300041070,21,7,2023,2025-12-05 19:15:00,1,54,54571,1,1,1,4,Autoroute A 33,48.618425,6.242149
202300041071,11,1,2023,2025-12-05 12:30:00,1,13,13043,2,1,1,1,Joliot-Curie (Av ),43.39306536,5.23172081
202300041072,11,1,2023,2025-12-05 08:30:00,1,13,13210,2,1,1,6,Elie Wiesel (Bd),43.27162045,5.4223623
202300041073,17,7,2023,2025-12-05 10:50:00,1,62,62427,1,1,1,4,A21,50.4320868,2.94963781
202300041074,11,1,2023,2025-12-05 07:35:00,2,13,13216,2,9,1,3,Antoine Sartorio (Rond Point),43.36202,5.34484
202300041075,24,7,2023,2025-12-05 21:00:00,2,92,92002,1,1,1,2,Rn 385 Exterieure,48.76284698,2.30411982
202300041076,11,1,2023,2025-12-05 07:50:00,2,8,8105,2,1,1,6,42 Boulevard Gambetta,49.771907,4.713339
202300041077,24,7,2023,2025-12-05 18:10:00,1,91,91345,1,1,2,3,Autoroute A6,48.68866,2.324668
202300041078,10,1,2023,2025-12-05 14:15:00,1,6,6029,2,1,1,3,Grasse (Avenue De),43.556107,7.007695
202300041079,24,7,2023,2025-12-05 08:08:00,1,91,91477,1,1,1,1,Autoroute A126,48.72471,2.24309
202300041080,12,1,2023,2025-12-05 18:00:00,1,75,75112,2,1,1,3,Porte Doree,48.84046,2.413696
202300041081,24,7,2023,2025-12-05 18:30:00,1,92,92025,1,1,2,3,A86,48.91898869,2.22378867
202300041082,12,1,2023,2025-12-05 19:30:00,5,75,75116,2,1,1,3,Allee De Longchamp,48.875803,2.273523
202300041083,20,7,2023,2025-12-05 15:28:00,1,78,78158,1,1,1,6,A13,48.841043,2.109633
202300041084,12,1,2023,2025-12-05 10:00:00,1,75,75116,2,1,2,3,Avenue Kleber,48.864021,2.288117
202300041085,24,7,2023,2025-12-05 01:50:00,3,92,92063,1,1,1,6,A86,48.88653915,2.16571926
202300041086,12,1,2023,2025-12-05 12:30:00,1,75,75115,2,2,1,2,Boulevard De Grenelle,48.850081,2.29523
202300041087,23,7,2023,2025-12-05 06:55:00,1,92,92050,1,1,1,7,A14,48.89648239,2.22334855
202300041088,12,1,2023,2025-12-05 08:40:00,1,75,75115,2,2,1,2,Rue Des Entrepreneurs,48.846553,2.286113
202300041089,24,7,2023,2025-12-05 07:10:00,1,93,93051,1,1,8,3,A4,48.83515238,2.57609455
202300041090,12,1,2023,2025-12-05 18:08:00,1,75,75112,2,4,1,5,Boulevard Peripherique Interieur Sud,48.82786394,2.38874853
202300041091,24,7,2023,2025-12-05 06:50:00,1,77,77249,1,1,2,2,Rn104,48.757606,2.615584
202300041092,23,7,2023,2025-12-05 23:00:00,3,94,94069,1,1,1,7,A4,48.81737044,2.42861395
202300041093,12,1,2023,2025-12-05 11:00:00,1,75,75112,2,3,2,3,Rue Du Faubourg Saint Antoine,48.850619,2.378771
202300041094,22,5,2023,2025-12-05 17:30:00,1,74,74012,2,1,1,6,Rue Du Chablais,46.19565,6.236498
202300041095,12,1,2023,2025-12-05 15:20:00,1,75,75111,2,2,1,3,Place De La Nation,48.848283,2.397535
202300041096,4,5,2023,2025-12-05 17:00:00,1,74,74010,1,1,1,2,A41,45.87543073,6.06986289
202300041097,12,1,2023,2025-12-05 11:00:00,1,75,75111,2,2,2,6,Avenue De La Republique,48.866172,2.369721
202300041098,2,5,2023,2025-12-05 09:15:00,1,74,74010,2,9,1,3,201 Avenue D'Aix-Les-Bains,45.881278,6.09522
202300041099,12,4,2023,2025-12-05 10:50:00,1,74,74010,2,1,1,6,25 Chemin De La Croix Rouge,45.894789,6.117737
202300041100,12,1,2023,2025-12-05 00:50:00,5,75,75110,2,2,1,2,Rue Du Faubourg Saint Martin,48.881105,2.365169
202300041101,10,4,2023,2025-12-05 20:00:00,2,74,74220,2,6,1,6,659 Grande Rue,46.133172,6.267968
202300041102,12,1,2023,2025-12-05 18:35:00,5,94,94073,2,3,2,6,Av Du Mal De Lattre De Tassigny / Impassa Rosa Parks,48.75178,2.40585
202300041103,23,7,2023,2025-12-05 09:00:00,1,93,93029,2,7,1,6,Rue Roger Salengro,48.91852866,2.43604481
202300041104,12,1,2023,2025-12-05 09:20:00,1,94,94015,2,3,2,3,Clos Ste Catherine (Rue),48.82884,2.52571
202300041105,22,7,2023,2025-12-05 15:10:00,1,59,59009,2,1,1,3,Roubaix Avnue De,50.65065,3.16706
202300041106,12,1,2023,2025-12-05 15:25:00,1,94,94041,2,2,8,3,Avenue De Verdun / Rue Pierre Et Marie Curie,48.81309,2.37055
202300041107,12,1,2023,2025-12-05 08:10:00,2,94,94017,2,3,2,3,D11 / D3B,48.82685,2.52102
202300041108,21,7,2023,2025-12-05 08:00:00,1,988,98818,2,3,1,6,Avenue Bonaparte/Rue Theophile Betfort,-22.23335,166.46678
202300041109,24,7,2023,2025-12-05 01:00:00,3,974,97409,2,1,1,1,Mascareignes (Avenue Des),-20.93879,55.64689
202300041110,12,1,2023,2025-12-05 00:30:00,5,93,93073,2,2,1,6,Rue Du Limousin / Avenue Pierre Colongo,48.940804,2.594119
202300041111,23,7,2023,2025-12-05 05:57:00,1,972,97209,1,1,1,1,Redoute (Route De La),14.62847,-61.05847
202300041112,12,1,2023,2025-12-05 15:40:00,1,93,93066,2,3,1,3,Rue Diderot / College Jean Lurcat,48.93548,2.379275
202300041113,23,7,2023,2025-12-05 21:05:00,3,2B,2B301,1,1,1,7,Toutes Rues,42.6006,9.2619
202300041114,22,7,2023,2025-12-05 19:45:00,5,971,97101,1,9,1,3,Palais Royal,16.28134,-61.49632
202300041115,12,1,2023,2025-12-05 15:15:00,1,93,93066,2,1,1,3,Rue Cristino Garcia,48.91658,2.363709
202300041116,22,7,2023,2025-12-05 18:29:00,1,2A,2A004,2,9,1,3,Mezzavia Route De,41.952,8.77435
202300041117,23,7,2023,2025-12-05 05:55:00,2,84,84035,1,2,1,1,Isle/Sorgue-Rd 938 (Route De L'),43.86375,5.04317
202300041118,23,7,2023,2025-12-05 01:00:00,5,83,83137,2,9,1,3,Picot (Ave Du Colonel),43.12703,5.96169
202300041119,23,7,2023,2025-12-05 19:27:00,1,79,79191,2,1,1,7,Adresse_Inconnue,46.31962,-0.4581
202300041120,23,7,2023,2025-12-05 19:45:00,1,78,78624,1,1,2,5,L'Hautil Rue Cd2,48.99592,2.0063
202300041121,21,7,2023,2025-12-05 20:25:00,1,73,73008,2,1,1,6,D1201 - Boulevard Marechal De Lattre De Tassigny,45.69502,5.90571
202300041122,23,7,2023,2025-12-05 05:45:00,2,64,64125,2,1,1,6,Bassilour (Rue),43.44426,-1.55991
202300041123,23,7,2023,2025-12-05 01:35:00,3,64,64102,1,1,1,6,Mai (Avenue Du 8),43.451477,-1.493377
202300041124,22,7,2023,2025-12-05 13:20:00,1,62,62178,2,9,1,6,D841,50.49046,2.56444
202300041125,23,7,2023,2025-12-05 03:33:00,3,59,59220,2,1,8,6,Haubourdin Rue D   NdegImpair,50.59915,3.065
202300041126,21,7,2023,2025-12-05 12:20:00,1,57,57227,2,2,1,6,Nationale (Rue)Du C. Schoeneck /Limite C,49.18906,6.90588
202300041127,23,7,2023,2025-12-05 15:30:00,1,49,49328,2,1,1,1,Remparts (Rue Des),47.25636,-0.07475
202300041128,22,7,2023,2025-12-05 22:35:00,3,41,41158,1,1,1,1,Route Departementale 957,47.77363,1.03318
202300041129,23,7,2023,2025-12-05 18:13:00,1,41,41158,1,2,1,3,Breniere (Rue De La),47.78378,1.02825
202300041130,23,7,2023,2025-12-05 14:10:00,1,37,37261,2,1,1,6,Heurteloup (Boulevard),47.39022,0.69003
202300041131,23,7,2023,2025-12-05 08:40:00,1,37,37261,2,9,1,2,Verdun (Carrefour De),47.3742,0.69547
202300041132,23,7,2023,2025-12-05 15:05:00,1,35,35051,2,1,2,3,Pied (Lieu-Dit Mouille),48.11935,-1.56972
202300041133,23,7,2023,2025-12-05 13:10:00,1,35,35278,1,1,2,6,Rn136,48.13916,-1.69889
202300041134,23,7,2023,2025-12-05 13:10:00,1,35,35238,2,1,2,3,Gros Chene (Place Du),48.12659,-1.66427
202300041135,23,7,2023,2025-12-05 22:31:00,2,31,31555,2,1,1,3,Av Des Etats Unis,43.63746,1.43004
202300041136,23,7,2023,2025-12-05 01:30:00,5,31,31555,2,2,1,3,Rue Gabriel Peri,43.60610179,1.45402282
202300041137,23,7,2023,2025-12-05 18:05:00,1,27,27229,2,2,1,3,Cocherel (Rue De),49.01862,1.18426
202300041138,22,7,2023,2025-12-05 17:25:00,1,7,7281,1,1,1,5,C.D.533,44.93104,4.80953
202300041139,23,7,2023,2025-12-05 19:10:00,1,6,6004,1,1,1,6,Nice(Rn.7) Av.Et Rte De,43.6114,7.12603
202300041140,23,7,2023,2025-12-05 20:40:00,1,75,75120,2,5,1,1,Avenue Gambetta,48.868325,2.401448
202300041141,23,7,2023,2025-12-05 13:55:00,1,75,75119,2,7,2,7,Place Du Colonel Fabien,48.878395,2.370518
202300041142,23,7,2023,2025-12-05 14:00:00,1,75,75118,2,9,2,6,Boulevard Ney,48.898546,2.356082
202300041143,23,7,2023,2025-12-05 00:35:00,5,75,75116,2,1,1,6,Boulevard Suchet,48.855393,2.263408
202300041144,23,7,2023,2025-12-05 05:35:00,5,75,75114,2,2,1,6,Rue Vercingetorix,48.834348,2.313646
202300041145,23,7,2023,2025-12-05 02:15:00,5,94,94077,2,1,1,6,Avenue Du 8 Mai 1945,48.72652,2.40728
202300041146,23,7,2023,2025-12-05 15:20:00,1,93,93005,2,1,2,2,Boulevard Kennedy,48.94567511,2.51459773
202300041147,23,7,2023,2025-12-05 13:00:00,1,92,92047,2,1,2,2,Jardy,48.83121,2.1525
202300041148,23,7,2023,2025-12-05 17:45:00,1,92,92012,2,2,1,3,Henri Martin (Rue),48.83691,2.25214
202300041149,23,7,2023,2025-12-05 20:45:00,1,71,71222,2,1,1,6,12 Route De Macon,46.66751,4.389387
202300041150,23,7,2023,2025-12-05 16:15:00,1,68,68188,1,1,2,3,Linthal,47.936041,7.045498
202300041151,24,7,2023,2025-12-05 12:45:00,1,49,49163,1,1,2,7,Route Du Mesnil (Chaumont-D'Anjou),47.5406,-0.290181
202300041152,23,7,2023,2025-12-05 14:00:00,1,36,36247,1,1,1,7,Adresse_Inconnue,46.90704626,1.61753833
202300041153,23,7,2023,2025-12-05 18:00:00,1,46,46217,1,1,1,6,Sagnet,44.336557,1.424291
202300041154,19,7,2023,2025-12-05 04:00:00,3,86,86004,1,1,1,7,D2,46.687747,0.87719
202300041155,22,7,2023,2025-12-05 10:00:00,1,62,62491,1,2,1,6,D169,50.612122,2.782416
202300041156,23,7,2023,2025-12-05 22:14:00,3,25,25214,1,1,1,2,Autoroute A36 Pk 059.500 Direction Besancon,47.445381,6.740064
202300041157,23,7,2023,2025-12-05 17:15:00,1,974,97410,1,1,2,5,Rn3,-21.104555,55.667381
202300041158,11,7,2023,2025-12-05 07:53:00,2,6,6095,2,3,1,6,Avenue De L'Amiral De Grasse,43.644138,6.887478
202300041159,19,7,2023,2025-12-05 20:30:00,2,6,6130,2,1,1,6,Place Cavalier Fabre,43.698082,6.84964
202300041160,1,7,2023,2025-12-05 14:30:00,1,974,97413,1,1,1,7,Pointe Au Sel Les Bas,-21.199882,55.284501
202300041161,24,7,2023,2025-12-05 07:20:00,1,8,8435,1,1,1,3,N51,49.454101,4.30093
202300041162,23,7,2023,2025-12-05 23:50:00,5,91,91577,2,1,1,7,36 Allee Bourgoin,48.602645,2.491981
202300041163,20,7,2023,2025-12-05 04:10:00,3,19,19246,2,9,1,3,D148,45.216163,1.453832
202300041164,21,7,2023,2025-12-05 17:05:00,1,77,77208,2,3,1,7,61 Rue Grande,48.48734,3.292674
202300041165,19,7,2023,2025-12-05 18:15:00,1,82,82134,1,1,1,7,2410 Route De Vaissac,44.053957,1.538043
202300041166,23,7,2023,2025-12-05 12:05:00,1,33,33236,1,1,1,1,D106,44.77161953,-1.17272615
202300041167,18,7,2023,2025-12-05 05:05:00,2,69,69006,2,1,1,6,2 Rue Jean Moulin,45.978471,4.333946
202300041168,24,7,2023,2025-12-05 16:25:00,1,71,71196,1,1,3,1,Lieu Dit Les Enrageois,46.646439,5.339881
202300041169,24,7,2023,2025-12-05 12:57:00,1,71,71305,2,3,1,3,Saint Oyen,46.469341,4.895954
202300041170,23,7,2023,2025-12-05 22:00:00,3,71,71050,1,1,1,7,Rd22,46.378194,4.637378
202300041171,22,7,2023,2025-12-05 23:30:00,4,61,61475,2,1,1,6,D32 Pr 6+0,48.616477,0.542535
202300041172,12,7,2023,2025-12-05 11:12:00,1,49,49080,1,1,1,6,Rue Du Pyron,47.665918,-0.581868
202300041173,23,7,2023,2025-12-05 10:45:00,1,68,68208,1,1,1,6,D21,47.557929,7.423217
202300041174,20,7,2023,2025-12-05 19:35:00,1,22,22354,1,1,1,7,50 Lieu Dit Kermouchard,48.560619,-3.22364
202300041175,23,7,2023,2025-12-05 10:30:00,1,39,39560,1,1,1,6,Adresse_Inconnue,46.359135,5.848546
202300041176,21,7,2023,2025-12-05 10:55:00,1,44,44183,1,3,1,1,Adresse_Inconnue,47.37362973,-2.43291378
202300041177,22,7,2023,2025-12-05 14:50:00,1,29,29249,1,1,1,6,Croas An Teurec,48.14235,-3.755397
202300041178,23,7,2023,2025-12-05 19:00:00,1,29,29160,1,1,1,6,Route Du Narret,48.494498,-4.434274
202300041179,22,7,2023,2025-12-05 20:54:00,1,2,2004,1,1,1,7,Les Legeres,49.725513,3.945991
202300041180,24,7,2023,2025-12-05 08:00:00,2,3,3258,1,3,8,3,D6,46.189927,3.373083
202300041181,23,7,2023,2025-12-05 14:30:00,1,3,3060,1,3,1,6,Rue Des Grands Champs,46.151773,3.381391
202300041182,23,7,2023,2025-12-05 05:40:00,3,50,50087,1,1,2,7,Route Des Craps Mesnils,49.557038,-1.572247
202300041183,23,7,2023,2025-12-05 20:45:00,2,50,50487,1,1,2,6,Biot,48.509611,-1.391809
202300041184,29,5,2023,2025-12-05 16:00:00,1,64,64238,2,1,1,7,900 Chemin De Paluche,43.251099,-0.061396
202300041185,24,7,2023,2025-12-05 16:00:00,1,16,16264,1,3,1,3,D30,46.097778,0.481148
202300041186,24,7,2023,2025-12-05 17:30:00,1,7,7162,1,1,1,6,D4,44.497332,4.316082
202300041187,23,7,2023,2025-12-05 17:00:00,1,21,21197,1,4,1,3,Route Departemental 6,47.551499,4.612461
202300041188,23,7,2023,2025-12-05 09:00:00,1,21,21418,1,1,1,7,Moitron,47.674935,4.817988
202300041189,23,7,2023,2025-12-05 16:45:00,1,28,28264,1,1,1,1,D 103,48.429464,1.02896
202300041190,24,7,2023,2025-12-05 10:21:00,1,87,87133,1,1,1,5,Bellevue,46.20082,1.358276
202300041191,23,7,2023,2025-12-05 17:00:00,1,48,48146,2,1,1,3,D986,44.364157,3.412757
202300041192,20,7,2023,2025-12-05 10:40:00,1,52,52060,2,1,1,7,Route De Beaucharmoy,47.95610542,5.72752123
202300041193,24,7,2023,2025-12-05 16:30:00,1,52,52480,1,1,1,1,Route Nationale 67,48.256748,5.118223
202300041194,23,7,2023,2025-12-05 21:55:00,3,88,88062,1,1,1,3,Departementale 122,48.134662,5.675619
202300041195,22,7,2023,2025-12-05 11:50:00,1,987,98734,1,1,1,1,Rt 1,-17.766961,-149.488928
202300041196,23,7,2023,2025-12-05 15:10:00,1,86,86158,1,1,1,2,A10,46.62595,0.349934
202300041197,21,7,2023,2025-12-05 07:30:00,1,77,77382,2,1,1,2,2 Rue De Magny Saint Loup,48.905046,2.881028