num_acc,jour,mois,an,hrmn,lum,dep,com,agg,int,atm,col,adr,lat,long
202300041423,16,6,2023,2025-12-05 16:20:00,1,92,92025,2,3,1,6,Charles De Gaulle (Bd),48.913339,2.230713
202300041424,20,6,2023,2025-12-05 16:30:00,1,92,92002,2,1,1,6,Raymon Aron (Avenue),48.77105095,2.3120454
202300041425,31,10,2023,2025-12-05 07:40:00,1,13,13066,1,1,1,1,Route De Noves,43.88771,4.883659
202300041426,6,11,2023,2025-12-05 00:00:00,3,58,58126,1,1,8,6,Rue Des Barillets,46.946293,3.086171
202300041427,20,6,2023,2025-12-05 17:15:00,1,85,85306,2,3,1,1,2 Impasse De La Cure,46.478049,-0.700673
202300041428,20,6,2023,2025-12-05 09:00:00,1,22,22237,2,3,1,3,Place Abbe Oleron,48.531171,-2.268789
202300041429,20,6,2023,2025-12-05 19:15:00,1,41,41118,1,9,1,7,Route De Romorantin,47.396058,1.819589
202300041430,20,6,2023,2025-12-05 08:22:00,1,68,68058,2,6,2,6,D430,47.923482,7.197386
202300041431,5,11,2023,2025-12-05 18:55:00,3,54,54272,1,2,2,3,Rd611,48.76168783,5.96266866
202300041432,18,6,2023,2025-12-05 22:41:00,3,49,49092,1,1,1,6,La Cailleterie (Valanjou),47.232945,-0.614569
202300041433,21,6,2023,2025-12-05 15:10:00,1,67,67283,1,1,1,1,D1004,48.68020597,7.38394642
202300041434,20,6,2023,2025-12-05 17:05:00,1,56,56118,2,1,1,6,32 Route De Port Louis,47.718608,-3.336153
202300041435,10,6,2023,2025-12-05 16:14:00,1,56,56240,1,1,1,7,Rue Du Rial Vraz,47.509548,-2.697626
202300041436,6,11,2023,2025-12-05 12:25:00,1,81,81140,1,1,1,7,Route De Flamarens,43.689024,1.855735
202300041437,16,5,2023,2025-12-05 23:30:00,5,56,56184,2,1,1,6,1 Rue Du Chanoine Niol,47.662797,-2.454184
202300041438,5,11,2023,2025-12-05 10:00:00,1,31,31324,2,1,2,6,Chemin De Labessan,43.19811627,1.02385551
202300041439,21,6,2023,2025-12-05 08:20:00,1,76,76407,1,1,1,1,D925,49.863523,0.742221
202300041440,21,6,2023,2025-12-05 08:30:00,1,2A,2A085,1,1,1,7,Rt40,41.91304,8.830519
202300041441,4,11,2023,2025-12-05 08:30:00,1,40,40125,1,1,2,6,Route De Dax D6,43.650837,-1.097909
202300041442,5,11,2023,2025-12-05 12:00:00,1,85,85155,2,3,1,3,Rd 2,46.720137,-1.459208
202300041443,21,6,2023,2025-12-05 07:20:00,1,2A,2A330,2,1,1,1,Village,42.046424,8.978791
202300041444,21,6,2023,2025-12-05 06:40:00,1,31,31032,1,1,8,6,Chemin De L'Enseigure,43.683864,1.336201
202300041445,3,11,2023,2025-12-05 20:28:00,3,22,22208,1,3,2,7,Les Ruaux,48.313466,-2.018931
202300041446,5,11,2023,2025-12-05 21:17:00,3,60,60589,1,1,1,2,D1016,49.215242,2.465487
202300041447,5,11,2023,2025-12-05 17:15:00,1,13,13085,2,1,1,3,A50 - Sens Aubagne Vers Marseille,43.25215674,5.59552334
202300041448,4,11,2023,2025-12-05 16:50:00,1,13,13071,1,1,2,2,A51-Sens Marseille Vers Aix En Provence,43.41079,5.36426
202300041449,5,11,2023,2025-12-05 01:18:00,3,13,13001,1,1,1,5,A51-Sens Marseille Vers Aix En Provence,43.51054,5.41822
202300041450,31,10,2023,2025-12-05 17:12:00,2,13,13071,1,1,1,3,A7-Sens Lyon Vers Marseille,43.41668,5.27569
202300041451,16,5,2023,2025-12-05 08:00:00,1,75,75116,2,2,1,3,Route De Suresnes,48.865041,2.234458
202300041452,31,10,2023,2025-12-05 18:42:00,3,13,13015,1,1,1,4,A51-Sens Aix En Provence Vers Marseille,43.43716,5.39505
202300041453,16,5,2023,2025-12-05 00:25:00,5,75,75116,2,1,1,3,Allee De La Reine Marguerite,48.849669,2.241987
202300041454,16,5,2023,2025-12-05 19:40:00,1,75,75114,2,1,1,2,Avenue Denfert Rochereau,48.836379,2.334317
202300041455,5,11,2023,2025-12-05 02:45:00,3,69,69116,1,1,1,4,Autoroute 6,45.8411884,4.75238903
202300041456,16,5,2023,2025-12-05 17:35:00,1,75,75113,2,1,1,6,Rue Des Peupliers,48.823077,2.353113
202300041457,4,11,2023,2025-12-05 21:30:00,3,42,42110,1,1,2,6,M288,45.487883,4.540728
202300041458,16,5,2023,2025-12-05 08:15:00,1,75,75113,2,1,1,3,Boulevard Vincent Auriol,48.836282,2.371199
202300041459,5,11,2023,2025-12-05 10:15:00,1,33,33249,2,1,1,6,Route Nationale 230,44.88148094,-0.51091522
202300041460,16,5,2023,2025-12-05 20:20:00,1,75,75112,2,1,1,3,Quai De La Rapee,48.842546,2.371929
202300041461,5,11,2023,2025-12-05 14:40:00,1,91,91161,1,1,1,4,Autoroute A126,48.711539,2.293833
202300041462,16,5,2023,2025-12-05 15:20:00,1,75,75111,2,1,1,1,Avenue Parmentier,48.865787,2.374007
202300041463,5,11,2023,2025-12-05 11:00:00,1,91,91136,1,1,2,6,Autoroute A10,48.71065,2.287
202300041464,5,11,2023,2025-12-05 07:30:00,2,94,94037,1,1,2,6,A6A,48.81658529,2.33656859
202300041465,16,5,2023,2025-12-05 20:50:00,1,75,75110,2,1,1,4,Boulevard De La Villette,48.88409,2.367531
202300041466,4,11,2023,2025-12-05 22:45:00,3,91,91363,1,1,2,6,Rn 104,48.63061,2.2309
202300041467,15,5,2023,2025-12-05 01:19:00,3,75,75109,2,1,1,6,Rue De Chateaudun,48.876269,2.334233
202300041468,5,11,2023,2025-12-05 19:45:00,3,92,92078,1,1,1,4,Autoroute A86,48.93006804,2.32558289
202300041469,16,5,2023,2025-12-05 17:40:00,1,75,75116,2,7,1,3,Place Charles De Gaulle,48.873755,2.294497
202300041470,5,11,2023,2025-12-05 15:30:00,1,93,93027,1,1,8,6,Autoroute A1,48.9394,2.38812
202300041471,16,5,2023,2025-12-05 10:55:00,1,75,75107,2,3,1,3,Avenue De Suffren,48.85748,2.291275
202300041472,5,11,2023,2025-12-05 12:15:00,1,92,92036,1,1,2,7,Autoroute A15,48.93788866,2.29766722
202300041473,15,5,2023,2025-12-05 23:00:00,5,75,75114,2,1,1,7,Avenue Du General Leclerc,48.825819,2.326117
202300041474,5,11,2023,2025-12-05 00:20:00,3,95,95306,1,1,2,6,A15,48.99543144,2.18221307
202300041475,14,5,2023,2025-12-05 17:13:00,1,75,75104,2,2,1,3,Boulevard Henri Iv,48.85114109,2.36237463
202300041476,4,11,2023,2025-12-05 22:15:00,3,92,92078,1,1,3,6,Autoroute A86,48.92755223,2.3326993
202300041477,4,11,2023,2025-12-05 20:20:00,3,93,93010,1,1,2,7,Autoroute A3,48.9136,2.47714
202300041478,15,5,2023,2025-12-05 13:30:00,1,94,94068,2,3,1,1,Rue Garibaldi,48.79646142,2.48269699
202300041479,16,5,2023,2025-12-05 08:35:00,1,94,94021,2,1,1,6,1 Rue Des Ecoles,48.77128006,2.3466765
202300041480,5,11,2023,2025-12-05 14:40:00,1,94,94033,1,1,3,3,A86,48.85841005,2.48778049
202300041481,5,11,2023,2025-12-05 05:14:00,3,77,77059,1,1,2,6,A104,48.84153391,2.66365441
202300041482,16,5,2023,2025-12-05 07:00:00,1,94,94004,2,1,2,7,Avenue Du General Leclerc,48.754789,2.505604
202300041483,4,11,2023,2025-12-05 10:13:00,1,94,94044,1,1,2,7,N406,48.76049276,2.46901782
202300041484,16,5,2023,2025-12-05 18:50:00,1,93,93073,2,1,1,3,Avenue Pasteur,48.94251,2.57119
202300041485,16,5,2023,2025-12-05 11:00:00,1,93,93073,1,1,1,7,Rue De La Belle Etoile,48.98938,2.51935
202300041486,3,11,2023,2025-12-05 18:18:00,3,94,94046,1,1,1,5,A86,48.80779495,2.44901486
202300041487,16,5,2023,2025-12-05 10:50:00,1,93,93001,2,1,1,6,Rue De La Haie Coq,48.911,2.373
202300041488,27,2,2023,2025-12-05 20:00:00,5,35,35288,2,3,1,1,35 Boulevard De Rotheneuf,48.679458,-1.977896
202300041489,16,5,2023,2025-12-05 08:20:00,1,93,93051,2,2,1,6,Boulevard Du Mont D'Est / Avenue Montaigne,48.84212,2.54314
202300041490,16,10,2023,2025-12-05 18:30:00,2,13,13208,2,1,1,3,Pourriere (Traverse),43.24448,5.38653
202300041491,16,5,2023,2025-12-05 18:45:00,1,93,93048,2,1,1,3,Rue Desgranges,48.853414,2.44370779
202300041492,3,11,2023,2025-12-05 16:45:00,1,62,62548,2,3,8,7,Rue Du Canal,50.94898,1.96087
202300041493,16,5,2023,2025-12-05 15:33:00,1,93,93045,2,1,1,6,Rue De Paris,48.87856061,2.41147488
202300041494,3,11,2023,2025-12-05 10:06:00,1,83,83137,2,1,3,6,Churchill (Ave Winston),43.12541525,5.92607921
202300041495,16,5,2023,2025-12-05 11:15:00,1,93,93030,2,1,1,5,Avenue Du Marechal Leclerc De Hauteclocque,48.94213973,2.4210155
202300041496,1,11,2023,2025-12-05 03:33:00,5,75,75110,2,1,1,6,Boulevard De La Villette,48.879205,2.370101
202300041497,16,5,2023,2025-12-05 17:25:00,1,93,93007,2,6,1,3,Rond Point Saint Pierre,48.92825,2.4633
202300041498,28,10,2023,2025-12-05 21:50:00,5,62,62186,2,2,2,3,Rue Edmond Debeaumont,50.44021,2.73094
202300041499,16,5,2023,2025-12-05 20:15:00,1,92,92049,2,2,1,6,Briand Avenue Aristide Ndeg2 A 114,48.81751098,2.3254618
202300041500,25,10,2023,2025-12-05 06:20:00,1,972,97209,1,1,1,6,Balata (Route De),14.61725,-61.07144
202300041501,16,5,2023,2025-12-05 13:00:00,1,92,92025,2,2,1,3,Valmy (Bd De),48.92611228,2.25300997
202300041502,16,5,2023,2025-12-05 15:00:00,1,92,92024,2,1,7,3,General Leclerc (Rue Du) De (81 A 109),48.90887,2.31297
202300041503,20,10,2023,2025-12-05 14:00:00,1,30,30028,2,9,1,3,De Lattre De Tassigny (Avenue Du Mal),44.16841,4.61544
202300041504,16,5,2023,2025-12-05 16:55:00,1,49,49063,2,2,1,3,D751,47.351937,-0.774944
202300041505,4,11,2023,2025-12-05 07:40:00,1,974,97409,1,9,8,7,Payet(Rue),-20.9663,55.63499
202300041506,13,5,2023,2025-12-05 10:50:00,1,26,26344,1,1,1,1,Route De Bois Vieux,44.683145,5.036572
202300041507,3,11,2023,2025-12-05 09:24:00,1,973,97302,2,9,1,6,Source De Baduel (Chemin De La),4.92315142,-52.303918
202300041508,16,5,2023,2025-12-05 21:55:00,3,71,71047,1,1,1,2,D979,46.630026,3.735593
202300041509,4,11,2023,2025-12-05 00:20:00,5,973,97302,2,2,1,3,De Gaulle (Avenue),4.93878694,-52.33173519
202300041510,13,5,2023,2025-12-05 09:18:00,1,28,28410,1,1,1,1,D955,48.033158,1.529846
202300041511,4,11,2023,2025-12-05 18:00:00,5,69,69383,2,1,2,6,Rue General Mouton-Duvernet,45.7532,4.86157
202300041512,12,5,2023,2025-12-05 21:13:00,2,35,35206,1,1,2,5,N137,48.056021,-1.680833
202300041513,4,11,2023,2025-12-05 22:35:00,5,95,95277,2,3,2,3,Hotel Dieu P Du Thillay (Rue De L'),48.98745,2.44826
202300041514,12,5,2023,2025-12-05 06:30:00,3,43,43103,1,1,2,6,A75,45.27839,3.217868
202300041515,3,11,2023,2025-12-05 12:15:00,1,95,95127,2,7,1,6,Croix Des Maheux (Rue De La),49.03959942,2.08186716
202300041516,17,5,2023,2025-12-05 12:15:00,1,87,87001,2,1,1,7,Avenue Francois Mitterrand,45.793222,1.129622
202300041517,4,11,2023,2025-12-05 06:05:00,5,91,91161,2,9,3,1,Av Pierre Brossolette,48.70296,2.32108
202300041518,16,5,2023,2025-12-05 13:45:00,1,56,56011,1,1,1,6,La Ville Chatal,47.598784,-2.212865
202300041519,4,11,2023,2025-12-05 16:55:00,1,86,86194,2,1,8,6,Avenue Robert Schuman,46.589515,0.35826
202300041520,17,5,2023,2025-12-05 04:00:00,3,76,76482,1,1,1,3,Rue De La Liberation,49.868607,1.054668
202300041521,17,5,2023,2025-12-05 14:25:00,1,79,79034,1,1,1,5,Adresse_Inconnue,46.295691,-0.501487
202300041522,4,11,2023,2025-12-05 20:45:00,3,84,84035,1,2,2,1,Isle/Sorgue-Rd 938 (Route De L'),43.86422,5.04327
202300041523,17,5,2023,2025-12-05 13:30:00,1,65,65006,1,1,1,7,D 113,42.910486,0.297704
202300041524,3,11,2023,2025-12-05 17:50:00,5,83,83137,2,1,1,3,15Eme Corps (Ave Du),43.12841858,5.91602826
202300041525,17,5,2023,2025-12-05 07:15:00,1,71,71332,1,2,1,3,D933,46.634734,4.985132
202300041526,13,5,2023,2025-12-05 17:20:00,1,61,61300,1,2,1,3,Rd36 - Rd280,48.497853,0.884206
202300041527,3,11,2023,2025-12-05 18:30:00,5,83,83090,2,3,8,3,Gare (Route),43.12325359,5.82312942
202300041528,16,5,2023,2025-12-05 13:30:00,1,49,49214,2,3,1,3,28 Rue Victor Hugo,47.526546,-0.611564
202300041529,16,5,2023,2025-12-05 20:55:00,2,68,68332,2,1,8,7,35 Rue De Rollingen,47.65701,7.27288
202300041530,16,5,2023,2025-12-05 19:00:00,1,44,44154,2,1,1,6,11 Rue Du General De Gaulle,47.247006,-2.165872
202300041531,4,11,2023,2025-12-05 06:20:00,4,77,77083,2,6,2,1,Pyramides (Avenue Des),48.8502,2.58519
202300041532,16,5,2023,2025-12-05 16:55:00,1,2,2532,2,3,1,2,22 Rue Gambetta,49.755628,3.362825
202300041533,14,5,2023,2025-12-05 09:55:00,1,58,58031,1,1,1,6,Rd 978 Pr 23+100,47.006436,3.445201
202300041534,14,5,2023,2025-12-05 10:00:00,1,58,58232,2,1,1,6,Rd 172 Pr 00+250,46.996547,3.390634
202300041535,3,11,2023,2025-12-05 17:50:00,3,77,77013,1,1,1,6,D402,48.845719,3.089059
202300041536,17,5,2023,2025-12-05 11:15:00,1,72,72276,1,1,1,1,Lieu Dit Le Petit Garancher,48.269933,0.444898
202300041537,4,11,2023,2025-12-05 18:20:00,2,76,76540,2,4,2,3,Rue Repainville,49.43444,1.13187
202300041538,4,11,2023,2025-12-05 22:30:00,5,74,74010,2,3,2,2,Pont-Neuf (Avenue Du),45.89779,6.11464
202300041539,16,5,2023,2025-12-05 18:30:00,1,5,5106,1,1,6,5,N94 Pk092.350,44.529166,6.334037
202300041540,16,5,2023,2025-12-05 19:55:00,1,50,50550,2,1,1,7,8 Rue Charles Reynolds,49.154449,-1.414697
202300041541,3,11,2023,2025-12-05 16:35:00,2,74,74010,2,6,3,2,Parmelan,45.90552,6.13246
202300041542,17,5,2023,2025-12-05 11:15:00,1,50,50410,1,1,1,7,D30,48.553492,-1.492866
202300041543,17,5,2023,2025-12-05 07:15:00,1,90,90005,2,1,1,7,Rue Des Corvees,47.736503,6.772241
202300041544,4,11,2023,2025-12-05 13:10:00,1,64,64260,2,6,3,3,Empereur (Boulevard De ),43.35949,-1.763276
202300041545,17,5,2023,2025-12-05 12:46:00,1,60,60667,2,2,1,6,Rue Du Marechal Leclerc,49.307781,2.724856
202300041546,4,11,2023,2025-12-05 12:20:00,1,63,63113,2,9,2,2,Mermoz (Avenue Jean),45.78802313,3.12384546
202300041547,3,11,2023,2025-12-05 14:45:00,1,60,60463,2,1,1,6,Europe (Avenue De L'),49.2702138,2.48211253
202300041548,17,5,2023,2025-12-05 09:10:00,1,60,60635,2,3,1,2,D92 - Le Petit Therain,49.240718,2.439287
202300041549,16,5,2023,2025-12-05 18:00:00,1,64,64191,2,1,8,3,17 Avenue De La Gare,43.175209,-0.236083
202300041550,3,11,2023,2025-12-05 16:13:00,1,59,59286,2,4,7,1,Potie Auguste Rue,50.61199,3.00017
202300041551,16,5,2023,2025-12-05 10:50:00,1,64,64068,1,1,1,2,15 Route D?Ossau,43.131577,-0.287565
202300041552,4,11,2023,2025-12-05 15:45:00,1,54,54395,2,1,1,4,Boulevard Albert 1Er,48.69396614,6.16779998
202300041553,16,5,2023,2025-12-05 21:30:00,3,4,4094,1,1,8,1,Route Departementale 4,43.777903,5.817711
202300041554,3,11,2023,2025-12-05 22:50:00,5,54,54547,1,1,1,6,M674,48.67186,6.1941
202300041555,16,5,2023,2025-12-05 20:15:00,1,85,85234,1,2,1,3,Chemin Des Chaussees,46.785216,-2.002969
202300041556,4,11,2023,2025-12-05 11:00:00,1,51,51474,1,1,2,6,Croix Maurencienne (Rue De La),49.2818,4.00028
202300041557,16,5,2023,2025-12-05 18:30:00,2,85,85273,1,3,7,3,Rd 103 Les Cochets,46.872569,-2.03605
202300041558,17,5,2023,2025-12-05 12:00:00,1,13,13051,1,1,1,6,D 19,43.572494,5.156343
202300041559,16,5,2023,2025-12-05 21:30:00,2,35,35210,1,1,1,6,Rn 12 Sens Saint Brieuc Vers Rennes,48.152047,-1.799165
202300041560,4,11,2023,2025-12-05 23:05:00,4,51,51108,2,2,3,3,Jaures (Rue Jean) (Ndeg Inferieur A 59-34),48.95459,4.35234
202300041561,16,5,2023,2025-12-05 14:55:00,1,53,53131,1,1,1,7,Route Departementale 118,48.452314,-0.806589
202300041562,17,5,2023,2025-12-05 07:35:00,1,77,77273,1,1,7,1,D401,49.044943,2.760808
202300041563,4,11,2023,2025-12-05 20:35:00,5,45,45302,2,1,3,1,D557 Pr 0 + 560,47.95122,1.86198
202300041564,12,5,2023,2025-12-05 21:20:00,2,77,77142,2,1,1,1,6 Rue Du Bois De Mongrolle,48.859198,2.943901
202300041565,16,5,2023,2025-12-05 16:40:00,1,95,95199,2,1,1,1,D11,49.026065,2.345152
202300041566,4,11,2023,2025-12-05 20:21:00,5,45,45284,2,1,3,6,195 Rue Du Faubourg De Bourgogne,47.90405,1.93869
202300041567,4,11,2023,2025-12-05 01:50:00,5,45,45147,2,1,1,3,D2060 Pr 96 + 200,47.93585,1.92739
202300041568,17,5,2023,2025-12-05 14:00:00,1,2B,2B042,1,1,8,4,Route Territoriale 11,42.577872,9.440206
202300041569,16,5,2023,2025-12-05 19:59:00,1,48,48004,1,1,1,6,Rd901,44.465228,3.876672
202300041570,4,11,2023,2025-12-05 19:50:00,5,44,44109,2,1,2,1,2 Rue Labouchere,47.2196,-1.54875
202300041571,17,5,2023,2025-12-05 10:00:00,1,34,34344,2,1,1,3,314 Allee Andre Malraux,43.563256,4.090421
202300041572,4,11,2023,2025-12-05 18:30:00,5,44,44109,2,1,3,6,12 Boulevard Jules Verne,47.23465051,-1.53526604
202300041573,15,5,2023,2025-12-05 18:30:00,1,13,13022,1,1,1,1,Route Pierre Imbert,43.222652,5.571833
202300041574,17,5,2023,2025-12-05 17:35:00,1,71,71032,1,1,1,2,D17,46.362856,4.693753
202300041575,4,11,2023,2025-12-05 03:10:00,5,37,37261,2,1,1,3,Pompidou (Avenue Georges),47.37716,0.71468
202300041576,15,5,2023,2025-12-05 09:48:00,1,21,21038,2,3,1,1,Rue Jean Mignot,47.200601,5.39749
202300041577,4,11,2023,2025-12-05 13:15:00,1,35,35238,1,9,2,2,Porte Alma,48.0816,-1.67662
202300041578,17,5,2023,2025-12-05 11:00:00,1,68,68063,2,1,1,3,61 Faubourg De Belfort,47.796552,7.173026
202300041579,3,11,2023,2025-12-05 06:30:00,5,29,29051,2,4,2,1,Straed Mozart,48.00189,-4.04565
202300041580,2,3,2023,2025-12-05 18:00:00,2,67,67240,1,6,1,3,D422,48.6055739,7.47973167
202300041581,4,11,2023,2025-12-05 17:20:00,1,29,29019,2,8,2,6,Boulevard De Plymouth,48.38675199,-4.52814013
202300041582,17,5,2023,2025-12-05 13:35:00,1,73,73020,1,1,8,1,D62B,45.715686,6.094837
202300041583,4,11,2023,2025-12-05 18:05:00,5,27,27229,2,6,1,1,Vernon (Rue De),49.0232,1.16907
202300041584,16,5,2023,2025-12-05 02:55:00,3,26,26235,1,1,1,6,Route Nationale 7,44.35474,4.69024
202300041585,30,10,2023,2025-12-05 15:00:00,1,24,24037,2,9,1,6,Beauferrier (Rue),44.85906,0.47685
202300041586,12,5,2023,2025-12-05 17:25:00,1,69,69095,1,2,2,3,Route De Grezieu Le Marche,45.66834056,4.45393515
202300041587,4,11,2023,2025-12-05 15:40:00,1,22,22106,2,1,3,3,Verne (Rue Jules),48.49447,-2.72808
202300041588,16,5,2023,2025-12-05 13:30:00,1,31,31135,1,1,2,6,Routes De Nozes,43.223141,1.095657
202300041589,17,5,2023,2025-12-05 18:30:00,1,64,64230,1,1,1,6,D934,43.190879,-0.391259
202300041590,4,11,2023,2025-12-05 11:35:00,1,17,17415,2,1,2,3,Briand Avenue Aristide Pont,45.745548,-0.618196
202300041591,14,5,2023,2025-12-05 17:30:00,1,72,72154,1,3,1,3,Rd 308,47.661305,-0.073546
202300041592,3,11,2023,2025-12-05 13:55:00,1,15,15014,2,1,1,1,Parking Geant Casino Av C De G,44.90809,2.4241
202300041593,17,5,2023,2025-12-05 13:25:00,1,35,35012,2,2,1,6,Rue De Rennes,47.84310708,-1.68129578
202300041594,4,11,2023,2025-12-05 11:45:00,1,14,14118,2,1,1,6,92 Avenue Henry Cheron,49.17233,-0.3959
202300041595,17,5,2023,2025-12-05 10:25:00,1,60,60612,2,1,1,4,Avenue Du Marechal Foch,49.209028,2.591565
202300041596,4,11,2023,2025-12-05 21:47:00,5,13,13205,2,1,1,2,Jean Moulin (Boulevard),43.2908,5.40006
202300041597,16,5,2023,2025-12-05 14:46:00,1,13,13071,1,1,1,2,A7-Sens Marseille Vers Lyon,43.41340161,5.28071302
202300041598,4,11,2023,2025-12-05 11:40:00,1,13,13208,2,1,2,6,Ray Grassi (Allee),43.2710064,5.39672726
202300041599,16,5,2023,2025-12-05 08:45:00,1,83,83137,1,1,1,4,A50,43.126359,5.887332
202300041600,4,11,2023,2025-12-05 20:00:00,3,11,11069,2,1,2,1,Adresse_Inconnue,43.23176,2.37544
202300041601,16,5,2023,2025-12-05 18:25:00,1,94,94021,1,1,1,4,A6B,48.77137155,2.34509948
202300041602,15,5,2023,2025-12-05 22:10:00,3,94,94038,1,1,1,6,A6B,48.79003666,2.34385393
202300041603,3,11,2023,2025-12-05 15:25:00,1,6,6069,2,1,1,2,Grand Chene (Chemin Du),43.63762,6.93306
202300041604,16,5,2023,2025-12-05 07:57:00,1,78,78466,1,1,7,2,A13,48.931966,1.97629
202300041605,4,11,2023,2025-12-05 21:15:00,5,75,75120,2,2,2,6,Avenue Gambetta,48.864928,2.397243
202300041606,15,5,2023,2025-12-05 19:40:00,1,78,78043,1,1,1,4,A12 W,48.833785,2.085995
202300041607,16,5,2023,2025-12-05 17:15:00,1,93,93066,1,1,1,7,Autoroute A1,48.91899344,2.357294
202300041608,4,11,2023,2025-12-05 19:50:00,5,75,75119,2,1,1,4,Avenue De Flandre,48.893554,2.380734
202300041609,16,5,2023,2025-12-05 10:00:00,1,93,93066,1,1,1,4,Autoroute A1,48.91936344,2.35754643
202300041610,16,5,2023,2025-12-05 15:15:00,1,94,94022,1,1,1,2,A86,48.77604023,2.42618623
202300041611,4,11,2023,2025-12-05 14:00:00,1,75,75119,2,7,2,3,Place Auguste Baron,48.900756,2.389129
202300041612,16,5,2023,2025-12-05 08:25:00,1,94,94042,1,1,1,2,A4,48.82836797,2.47558356
202300041613,4,11,2023,2025-12-05 02:35:00,5,75,75117,2,3,1,7,Place Charles Fillion,48.887989,2.316718
202300041614,15,5,2023,2025-12-05 06:36:00,1,92,92026,2,1,1,6,Leonard De Vinci,48.89654588,2.23609829
202300041615,10,5,2023,2025-12-05 17:25:00,1,69,69264,2,1,1,6,Rue Francois Giraud,45.98721351,4.7108879
202300041616,3,11,2023,2025-12-05 22:43:00,5,75,75116,2,1,1,2,Avenue De Versailles,48.838654,2.259762
202300041617,4,11,2023,2025-12-05 05:15:00,5,75,75115,2,2,1,2,Pont De Grenelle,48.84933,2.281629
202300041618,15,5,2023,2025-12-05 15:20:00,1,974,97416,1,1,1,2,Rn1 (Route Nationale),-21.30801,55.43201
202300041619,3,11,2023,2025-12-05 23:40:00,5,75,75115,2,2,1,3,Quai Andre Citroen,48.84933099,2.28163719
202300041620,15,5,2023,2025-12-05 07:45:00,1,974,97416,2,3,1,2,De La Zone(Allee),-21.31829,55.47323
202300041621,15,5,2023,2025-12-05 10:05:00,1,974,97409,2,1,1,6,Maunier(Rue),-20.95843,55.65802
202300041622,3,11,2023,2025-12-05 17:16:00,2,75,75114,2,3,2,6,Rue D Alesia,48.827845,2.328994
202300041623,4,11,2023,2025-12-05 02:00:00,4,75,75110,2,2,1,3,Boulevard De Bonne Nouvelle,48.86977,2.352278
202300041624,15,5,2023,2025-12-05 07:40:00,1,972,97213,2,3,1,1,Route Departementale 14,14.62256,-61.01898
202300041625,4,11,2023,2025-12-05 19:30:00,3,75,75108,2,1,1,3,Avenue Hoche,48.877032,2.302848
202300041626,15,5,2023,2025-12-05 06:20:00,1,972,97213,1,1,1,5,Route Departementale 3,14.613481,-60.994764
202300041627,4,11,2023,2025-12-05 12:00:00,1,75,75107,2,2,1,3,Boulevard De La Tour Maubourg,48.861132,2.310269
202300041628,14,5,2023,2025-12-05 04:05:00,4,972,97213,1,1,1,6,Route Departementale 3,14.619036,-60.987904
202300041629,14,5,2023,2025-12-05 06:30:00,1,972,97209,1,1,1,6,Beausejour Jambette (Route De ),14.6328,-61.0407
202300041630,4,11,2023,2025-12-05 00:10:00,5,75,75107,2,2,1,3,Rue De Grenelle,48.856469,2.321121
202300041631,15,5,2023,2025-12-05 14:35:00,1,69,69202,2,3,1,3,19 Boulevard Baron Du Marais,45.73511,4.80466
202300041632,3,11,2023,2025-12-05 12:40:00,1,75,75102,2,2,8,2,Boulevard Des Capucines,48.870252,2.329982
202300041633,13,5,2023,2025-12-05 08:20:00,1,971,97101,1,9,1,4,Providence,16.26128592,-61.51459694
202300041634,15,5,2023,2025-12-05 13:45:00,1,95,95598,2,1,2,2,D109,48.97839,2.29199
202300041635,4,11,2023,2025-12-05 02:20:00,5,94,94081,2,1,1,2,Avenue Rouget De Lisle,48.779104,2.396009
202300041636,14,5,2023,2025-12-05 20:55:00,2,95,95210,2,9,1,1,D15,48.96926,2.29585
202300041637,4,11,2023,2025-12-05 21:15:00,5,94,94065,2,3,2,6,Rue Mondetour,48.75614,2.34622
202300041638,14,5,2023,2025-12-05 07:14:00,2,87,87085,2,1,1,7,Ruben (Avenue Ernest),45.82523,1.25093
202300041639,4,11,2023,2025-12-05 10:00:00,1,93,93073,2,1,3,3,Rue Du Chapitre,49.002059,2.536962
202300041640,12,5,2023,2025-12-05 17:03:00,1,87,87085,2,2,1,7,Betoulle (Place Leon),45.8273,1.2602
202300041641,10,5,2023,2025-12-05 16:45:00,1,85,85194,2,1,1,6,Lafargue (Promenade De L'Amiral),46.49478,-1.7879
202300041642,4,11,2023,2025-12-05 18:45:00,5,92,92046,2,3,1,7,Pierre Larousse (Avenue),48.82233386,2.30357105
202300041643,4,11,2023,2025-12-05 01:00:00,3,92,92050,2,1,1,1,Clemenceau Georges Avenue Ndeg Pair,48.88616,2.21291
202300041644,15,5,2023,2025-12-05 10:30:00,1,77,77373,2,1,8,3,Av Charles Rouxel,48.79116274,2.6039921
202300041645,15,5,2023,2025-12-05 23:50:00,5,76,76486,2,1,1,6,Rue D'Elbeuf,49.301959,0.992343
202300041646,4,11,2023,2025-12-05 15:45:00,1,92,92044,2,1,5,3,J. Guesde(Rue)59A69 Et 66A78,48.89503521,2.29104102
202300041647,14,5,2023,2025-12-05 21:00:00,1,76,76351,2,3,1,3,Pierre Mendes France,49.51462,0.153657