num_acc,jour,mois,an,hrmn,lum,dep,com,agg,int,atm,col,adr,lat,long
202300041648,23,2,2023,2025-12-05 14:36:00,1,13,13214,2,1,1,6,Merimee,43.32969,5.40221
202300041649,14,5,2023,2025-12-05 18:55:00,1,72,72181,1,1,1,7,Italiens (Bd Des),47.94749,0.20684
202300041650,4,11,2023,2025-12-05 15:10:00,1,92,92012,2,1,8,3,Pierre Lefaucheux (Avenue),48.82387787,2.24290234
202300041651,23,2,2023,2025-12-05 15:15:00,1,13,13210,2,1,1,3,Paul Claudel (Boulevard),43.26832165,5.41392157
202300041652,15,5,2023,2025-12-05 08:00:00,1,69,69266,2,2,1,1,345 Cours Emile Zola,45.76614,4.89781
202300041653,23,2,2023,2025-12-05 08:45:00,1,13,13005,2,1,1,3,Rn 8,43.28500236,5.59162974
202300041654,13,5,2023,2025-12-05 16:04:00,1,66,66136,2,1,1,6,Adresse_Inconnue,42.70162,2.89451
202300041655,4,11,2023,2025-12-05 08:00:00,1,51,51601,1,1,2,7,D982,48.799625,4.69798
202300041656,23,2,2023,2025-12-05 12:45:00,1,13,13001,2,2,1,6,Carnot (Bd),43.52474,5.45499
202300041657,9,5,2023,2025-12-05 22:40:00,5,58,58194,2,3,1,2,Jerome Tresaguet,46.99927,3.15052
202300041658,5,11,2023,2025-12-05 07:50:00,1,51,51410,2,1,8,6,7 Rue Du Relais,49.076579,3.794317
202300041659,23,2,2023,2025-12-05 13:30:00,1,11,11069,2,1,1,3,Adresse_Inconnue,43.19742,2.32363
202300041660,13,5,2023,2025-12-05 17:30:00,1,56,56098,1,1,1,7,Kerhervy (Lieu Dit),47.76917,-3.31281
202300041661,24,2,2023,2025-12-05 00:10:00,5,7,7019,2,1,2,6,Leonce Verny (Avenue),44.62017,4.394424
202300041662,12,5,2023,2025-12-05 20:52:00,2,56,56107,2,1,1,6,Quelisoy D29,47.72419,-3.38269
202300041663,4,11,2023,2025-12-05 11:10:00,1,35,35085,1,3,1,5,D795,48.42091,-1.756021
202300041664,18,2,2023,2025-12-05 14:49:00,1,5,5061,2,1,7,6,Avenue D'Embrun (Gap),44.57051,6.10511
202300041665,15,5,2023,2025-12-05 16:20:00,1,54,54395,2,1,1,6,Lobau (Boulevard),48.68297,6.19738
202300041666,22,2,2023,2025-12-05 18:45:00,3,976,97611,1,9,1,4,Passamanty-Vahibe ( Route ),-12.79251,45.18745
202300041667,5,11,2023,2025-12-05 06:00:00,5,83,83070,2,1,1,6,17 Avenue Louis Faedda,43.1379288,6.37749383
202300041668,14,5,2023,2025-12-05 03:30:00,3,50,50537,1,9,1,6,La Galaisiere,49.04633,-1.42103
202300041669,22,2,2023,2025-12-05 15:50:00,1,974,97416,1,1,1,2,Rn03,-21.31576,55.49195
202300041670,4,11,2023,2025-12-05 22:30:00,3,11,11381,1,1,1,7,Adresse_Inconnue,42.904608,2.411435
202300041671,12,5,2023,2025-12-05 21:00:00,2,50,50129,1,1,2,6,Axe Nord Sud,49.59936,-1.59531
202300041672,22,2,2023,2025-12-05 17:15:00,1,974,97411,1,1,1,2,Rn2/043,-20.8928,55.50176
202300041673,5,11,2023,2025-12-05 07:00:00,2,76,76618,2,6,1,7,Rd 925,49.939828,1.184034
202300041674,14,5,2023,2025-12-05 02:20:00,5,49,49007,2,3,1,1,Gardot,47.46749,-0.53573
202300041675,22,2,2023,2025-12-05 06:36:00,2,973,97302,2,6,2,3,Suzini (Carrefour),4.92715,-52.28971
202300041676,5,11,2023,2025-12-05 09:15:00,1,42,42029,1,1,2,6,D1,45.846978,4.278402
202300041677,13,5,2023,2025-12-05 16:15:00,1,43,43251,1,9,3,7,La Garde,45.0084,3.85724
202300041678,14,5,2023,2025-12-05 03:20:00,3,41,41212,1,6,1,7,Patte D'Oie (Rond Point),47.56135,1.37363
202300041679,22,2,2023,2025-12-05 16:50:00,1,69,69388,2,2,1,3,Rue Professeur Beauvisage,45.72745047,4.86205237
202300041680,4,11,2023,2025-12-05 23:30:00,5,42,42149,2,2,2,3,Avenue Du Pont,45.643392,4.227537
202300041681,10,5,2023,2025-12-05 08:00:00,1,38,38053,2,1,2,3,Alpes,45.585,5.27
202300041682,22,2,2023,2025-12-05 14:00:00,1,69,69387,2,2,2,3,17 Rue Creuzet,45.75055,4.84628
202300041683,5,11,2023,2025-12-05 08:50:00,1,42,42021,1,1,6,6,Route De Margerie,45.514655,4.090326
202300041684,15,5,2023,2025-12-05 19:00:00,1,37,37159,1,1,8,6,Rd 86 De Monts A Tours,47.2779261,0.62481648
202300041685,22,2,2023,2025-12-05 13:00:00,1,69,69387,2,1,2,7,Rue Garibaldi,45.75139,4.8535
202300041686,22,2,2023,2025-12-05 15:52:00,1,972,97213,1,1,1,3,Basse Gondeau (Chemin Rural Ndeg3 De),14.62242,-61.02337
202300041687,4,11,2023,2025-12-05 04:45:00,3,25,25288,2,1,2,6,Rue Saint Claude,47.094623,6.544192
202300041688,15,5,2023,2025-12-05 07:45:00,1,35,35238,2,2,1,3,Tillon (Avenue Charles),48.1247,-1.70309
202300041689,22,2,2023,2025-12-05 07:15:00,1,972,97213,1,1,1,1,Route Departementale 3,14.65031,-60.98901
202300041690,4,11,2023,2025-12-05 10:00:00,1,35,35143,1,1,3,6,La Houle,48.230901,-2.019349
202300041691,15,5,2023,2025-12-05 03:55:00,3,35,35278,1,1,1,6,Rd 137,48.166083,-1.710697
202300041692,21,2,2023,2025-12-05 20:30:00,5,972,97209,2,1,1,6,22 Mai 1848 (Rue),14.612019,-61.070794
202300041693,4,11,2023,2025-12-05 10:00:00,1,29,29279,1,1,1,6,D58,48.60781491,-3.88865201
202300041694,15,5,2023,2025-12-05 20:10:00,1,34,34172,2,1,1,2,1160 Avenue President Pierre Mendes France,43.60816,3.91311
202300041695,22,2,2023,2025-12-05 12:35:00,1,972,97209,2,1,1,3,Bouille (Rue),14.60384,-61.0657
202300041696,22,2,2023,2025-12-05 15:30:00,1,69,69385,2,1,1,6,Montee De Choulans,45.75436,4.81793
202300041697,3,11,2023,2025-12-05 12:05:00,1,29,29276,1,1,2,1,Lieu Dit Kerouzern,48.644082,-4.082122
202300041698,15,5,2023,2025-12-05 16:50:00,1,29,29039,2,3,1,3,Rue Suffren,47.86402,-3.89962
202300041699,15,5,2023,2025-12-05 11:10:00,1,29,29039,1,1,1,7,Rue De Melgven,47.88247,-3.87868
202300041700,21,2,2023,2025-12-05 17:45:00,1,69,69034,2,3,1,3,23 Rue Albert Thomas,45.79165114,4.84084886
202300041701,3,11,2023,2025-12-05 12:10:00,1,31,31066,2,2,3,3,Chemin Des Turques,43.80656506,1.57344013
202300041702,10,2,2023,2025-12-05 22:00:00,5,95,95210,2,2,1,6,Rue De Malleville,48.96699,2.30463
202300041703,15,5,2023,2025-12-05 13:50:00,1,28,28134,2,7,1,4,Eparges (Rue Des),48.73162,1.3698
202300041704,5,11,2023,2025-12-05 11:10:00,1,26,26318,1,1,1,5,Rd 94,44.421567,5.32558
202300041705,5,11,2023,2025-12-05 13:40:00,1,83,83025,1,1,1,6,Route Departementale 560,43.52574625,5.95346651
202300041706,22,2,2023,2025-12-05 17:41:00,2,91,91692,1,1,8,2,Cd35,48.67458,2.17935
202300041707,14,5,2023,2025-12-05 02:50:00,3,25,25539,2,3,1,6,Leclerc (Avenue Du General),47.46162,6.85995
202300041708,4,11,2023,2025-12-05 19:35:00,3,64,64372,1,1,2,6,Route De Vic En Bigorre,43.369825,-0.075056
202300041709,22,2,2023,2025-12-05 16:35:00,1,91,91514,1,1,1,3,Cd 33,48.66,2.52
202300041710,10,5,2023,2025-12-05 19:50:00,1,19,19031,2,2,1,3,Emery (Avenue Andre),45.15775671,1.51107073
202300041711,22,2,2023,2025-12-05 00:05:00,5,91,91589,2,1,1,7,Av De La Republique,48.685802,2.346566
202300041712,14,5,2023,2025-12-05 23:15:00,5,13,13103,1,1,1,1,Rte De Miramas-Rd 69,43.63064986,5.06362438
202300041713,4,11,2023,2025-12-05 21:55:00,5,40,40312,1,1,2,1,117 Rue Des Dunes,43.53374,-1.49655
202300041714,22,2,2023,2025-12-05 08:17:00,1,87,87085,2,3,2,2,Briand (Rue Aristide),45.84318,1.27251
202300041715,5,11,2023,2025-12-05 12:56:00,1,24,24074,1,1,2,3,Route De Foncabrol,44.850482,1.323016
202300041716,21,2,2023,2025-12-05 18:05:00,1,87,87085,2,3,1,3,Giffard (Rue Henri),45.87082,1.26803
202300041717,15,4,2023,2025-12-05 19:25:00,1,13,13026,1,1,1,1,Rn 568,43.3929,5.18451
202300041718,22,2,2023,2025-12-05 01:45:00,5,84,84007,2,1,1,1,C.De Gaulle (Rocade),43.93033,4.82491
202300041719,4,11,2023,2025-12-05 14:36:00,1,17,17218,2,3,6,3,Rue Du Chateau D'Eau,46.302125,-0.983577
202300041720,4,5,2023,2025-12-05 16:20:00,1,13,13039,1,1,1,6,Route Nationale 569,43.46217,4.92189
202300041721,22,2,2023,2025-12-05 09:00:00,1,83,83144,2,9,1,6,Brossolette (Ave Pierre),43.136228,5.987413
202300041722,2,5,2023,2025-12-05 17:50:00,1,13,13075,2,1,1,6,Ange Delestrade (Bd),43.34546,5.46455
202300041723,21,2,2023,2025-12-05 18:00:00,1,76,76351,1,1,1,7,Bouteillerie (De La),49.52122,0.17158
202300041724,5,11,2023,2025-12-05 16:25:00,1,30,30269,1,1,8,1,Route Du Col Saint Pierre,44.134328,3.844228
202300041725,15,5,2023,2025-12-05 23:20:00,5,11,11069,2,1,1,6,2 Boulevard Camille Pelletan,43.210756,2.355264
202300041726,5,11,2023,2025-12-05 18:05:00,3,30,30227,1,1,2,6,604 Route De Potelieres,44.23527285,4.20425248
202300041727,22,2,2023,2025-12-05 12:55:00,1,72,72181,2,9,2,3,Eichthal (Rue D'),48.00003307,0.18520474
202300041728,13,5,2023,2025-12-05 17:05:00,1,11,11069,2,1,2,5,1830 Avenue Georges Guille,43.23521,2.3692
202300041729,14,5,2023,2025-12-05 17:22:00,1,10,10333,2,1,1,7,Route D'Auxerre,48.28099388,4.0694797
202300041730,21,2,2023,2025-12-05 11:50:00,1,71,71486,2,2,1,3,Marne (Avenue De La),46.64926,4.32061
202300041731,15,5,2023,2025-12-05 07:45:00,1,75,75120,2,1,1,2,Bd Peripherique Interieur,48.847428,2.41456
202300041732,4,11,2023,2025-12-05 13:25:00,1,52,52480,1,1,2,2,Route Nationale 67,48.262345,5.12421
202300041733,21,2,2023,2025-12-05 13:30:00,1,71,71309,2,1,1,7,Marechal Joffre  (Rue Du),46.79017,4.40698
202300041734,22,2,2023,2025-12-05 13:47:00,1,66,66136,1,1,1,2,Adresse_Inconnue,42.728051,2.90721
202300041735,3,11,2023,2025-12-05 14:10:00,1,10,10045,1,1,1,2,A5,48.170895,4.468522
202300041736,21,2,2023,2025-12-05 20:46:00,5,64,64024,2,1,2,7,Bayonne (Avenue De),43.48132,-1.5109
202300041737,15,5,2023,2025-12-05 20:15:00,2,75,75105,2,2,2,3,Rue Berthollet,48.837685,2.345511
202300041738,21,2,2023,2025-12-05 19:45:00,5,64,64024,2,3,1,3,Bernain (Avenue Eugene),43.484,-1.51146
202300041739,4,11,2023,2025-12-05 17:50:00,2,35,35208,1,1,2,1,L'Hermitiere,47.963024,-1.687919
202300041740,21,2,2023,2025-12-05 07:50:00,1,64,64102,2,2,1,1,Louis De Foix (Avenue),43.50448135,-1.46732524
202300041741,15,5,2023,2025-12-05 19:55:00,2,75,75105,2,3,2,6,Rue Monge,48.841657,2.351945
202300041742,20,2,2023,2025-12-05 17:55:00,1,64,64102,2,1,1,6,Maurice Ravel (Rue),43.48312,-1.48439
202300041743,3,11,2023,2025-12-05 21:50:00,3,72,72223,1,1,9,3,A11 Pk 202+200 Sens Le Mans /Angers,47.87132353,-0.11776686
202300041744,8,2,2023,2025-12-05 07:30:00,1,62,62413,2,1,1,6,Chemin Valois,50.45217,2.90499
202300041745,15,5,2023,2025-12-05 21:00:00,5,75,75120,2,7,1,3,Avenue Gambetta,48.868319,2.401412
202300041746,5,11,2023,2025-12-05 15:55:00,1,51,51588,1,1,1,7,Autoroute A4 - Pk204,49.069564,4.766479
202300041747,22,2,2023,2025-12-05 16:47:00,5,60,60057,2,9,2,2,Rue Pierre Et Marie Curie,49.410188,2.113293
202300041748,4,11,2023,2025-12-05 20:25:00,3,21,21331,1,1,1,6,A36 Pk 275.200,47.124315,5.395532
202300041749,21,2,2023,2025-12-05 19:05:00,1,56,56098,2,1,1,6,20 Rue Du Chemin De Fer,47.75912,-3.3465
202300041750,15,5,2023,2025-12-05 17:00:00,1,75,75120,2,4,2,6,Pont De Lagny,48.849301,2.414612
202300041751,21,2,2023,2025-12-05 15:25:00,1,56,56121,2,1,1,6,69 Rue De Lanveur,47.74359,-3.39053
202300041752,15,5,2023,2025-12-05 07:55:00,1,75,75120,2,1,1,2,Rue Des Pyrenees,48.87386,2.387266
202300041753,21,2,2023,2025-12-05 08:10:00,1,56,56121,2,6,8,3,Rond-Point De L'Australie,47.75005,-3.36644
202300041754,5,11,2023,2025-12-05 11:30:00,1,34,34163,1,3,6,3,D619,43.631269,3.703111
202300041755,22,2,2023,2025-12-05 07:33:00,1,54,54036,1,1,1,1,Rd 906,49.297116,5.961748
202300041756,4,11,2023,2025-12-05 17:15:00,1,987,98750,1,1,3,1,Pk 16 Cote Montagne,-16.821,-151.404
202300041757,15,5,2023,2025-12-05 15:00:00,1,75,75117,2,3,1,3,Boulevard Du Bois Le Pretre,48.899806,2.319159
202300041758,22,2,2023,2025-12-05 17:30:00,1,51,51454,2,2,2,3,Rue Du Docteur Lemoine,49.26835,4.03529
202300041759,15,5,2023,2025-12-05 16:50:00,1,75,75115,2,2,2,3,Avenue De Suffren,48.849428,2.303757
202300041760,4,11,2023,2025-12-05 08:20:00,1,973,97311,2,2,1,3,30 Rue Montravel,5.501631,-54.027683
202300041761,15,5,2023,2025-12-05 12:10:00,1,75,75115,2,1,1,6,Rue Cauchy,48.842692,2.27688
202300041762,22,2,2023,2025-12-05 16:15:00,1,51,51454,2,2,2,3,Boulevard Du President Wilson,49.23614,4.02647
202300041763,4,11,2023,2025-12-05 15:55:00,1,77,77485,2,1,1,1,D16,48.364586,2.517768
202300041764,15,5,2023,2025-12-05 09:00:00,1,75,75112,2,1,1,5,Quai De Bercy,48.8401,2.37494
202300041765,22,2,2023,2025-12-05 09:46:00,1,51,51055,2,6,2,3,Voie Romaine,49.27845399,4.05761093
202300041766,5,11,2023,2025-12-05 13:04:00,1,77,77176,2,2,1,3,Rue Du Bray + Rue De La Garenne,48.800232,2.999949
202300041767,15,5,2023,2025-12-05 04:59:00,5,75,75110,2,2,1,6,Boulevard De Magenta,48.874839,2.357381
202300041768,21,2,2023,2025-12-05 14:55:00,1,51,51454,2,1,1,6,Avenue Nationale - La Neuvillette,49.28391,4.01032
202300041769,15,5,2023,2025-12-05 10:00:00,1,75,75109,2,4,8,6,Rue Saulnier,48.874008,2.344767
202300041770,22,2,2023,2025-12-05 18:25:00,3,45,45338,2,1,2,3,49 Avenue De La Liberation,47.98884,2.69487
202300041771,5,11,2023,2025-12-05 09:10:00,1,66,66011,2,1,1,3,Adresse_Inconnue,42.606572,2.884453
202300041772,15,5,2023,2025-12-05 18:10:00,1,75,75108,2,2,2,6,Rue Balzac,48.87323,2.300194
202300041773,22,2,2023,2025-12-05 14:05:00,1,38,38229,1,1,1,2,A41,45.20098,5.75933
202300041774,31,10,2023,2025-12-05 11:15:00,1,34,34344,2,2,1,6,Rue Des Croisades,43.56818,4.074672
202300041775,15,5,2023,2025-12-05 10:00:00,1,75,75108,2,4,1,3,Place De La Concorde,48.866394,2.323485
202300041776,22,2,2023,2025-12-05 07:20:00,1,37,37261,2,1,1,6,Wagner (Boulevard Richard),47.37683,0.71361
202300041777,14,5,2023,2025-12-05 05:20:00,5,75,75108,2,4,1,6,Place Des Ternes,48.878255,2.29896
202300041778,5,11,2023,2025-12-05 11:55:00,1,89,89013,1,1,1,6,"A6 , Pk 149+800",47.865058,3.502611
202300041779,21,2,2023,2025-12-05 20:08:00,5,36,36044,2,3,1,3,Rue Des Etats Unis,46.81619,1.70088
202300041780,5,11,2023,2025-12-05 08:54:00,1,38,38009,2,1,1,6,Route Du Dauphine,45.346045,4.881186
202300041781,15,5,2023,2025-12-05 09:15:00,1,94,94015,2,6,1,2,Boulevard Jean Monnet,48.83176023,2.532976
202300041782,22,2,2023,2025-12-05 07:50:00,2,35,35281,2,6,2,7,Dodin (Avenue Roger),48.07838,-1.71271
202300041783,15,5,2023,2025-12-05 15:40:00,1,93,93078,2,1,1,4,Boulevard Robert Ballanger,48.95801,2.54632
202300041784,5,11,2023,2025-12-05 15:50:00,1,44,44201,2,1,1,6,175 Avenue De L'Europe,47.342798,-1.529707
202300041785,14,5,2023,2025-12-05 20:10:00,1,93,93046,2,2,1,3,Av Du Consul General Nordling / Avenue Charles De Gaulle,48.91649,2.53164
202300041786,22,2,2023,2025-12-05 15:00:00,1,30,30007,2,1,1,4,Adresse_Inconnue,44.1097,4.1121
202300041787,14,5,2023,2025-12-05 03:00:00,5,93,93032,2,1,1,6,Allee De L'Horloge,48.87432,2.55968
202300041788,4,11,2023,2025-12-05 18:00:00,5,38,38276,2,1,3,5,Route Departementale 1085,45.563502,5.303661
202300041789,14,5,2023,2025-12-05 22:00:00,5,92,92051,1,1,1,2,"Charles De Gaulle (Avenue, Ndeg27 A 129)",48.88164403,2.27054894
202300041790,22,2,2023,2025-12-05 13:30:00,1,29,29039,2,3,2,3,Avenue Alain Le Lay,47.877158,-3.914632
202300041791,4,11,2023,2025-12-05 00:27:00,5,13,13212,1,1,1,2,A507 Sens Aubagne- Marseille,43.30241,5.42566
202300041792,15,5,2023,2025-12-05 17:45:00,1,92,92044,2,9,2,6,Vic. Hugo(Rue)091A113 Et 112A146,48.89755156,2.2950536
202300041793,15,5,2023,2025-12-05 08:00:00,1,92,92002,2,1,1,6,Pierre Brossolette (Boulevard),48.75599,2.30124
202300041794,14,2,2023,2025-12-05 20:45:00,5,24,24322,2,3,1,2,Bassin (Bretelle Du),45.18545,0.70201
202300041795,16,5,2023,2025-12-05 08:15:00,1,60,60040,1,2,1,3,D101,49.414954,2.600302
202300041796,3,11,2023,2025-12-05 11:10:00,1,83,83047,1,1,1,4,A570,43.13554726,6.04481649
202300041797,19,2,2023,2025-12-05 07:40:00,2,22,22113,2,1,1,7,De La Fayette (Boulevard),48.74279398,-3.44840884
202300041798,15,5,2023,2025-12-05 17:50:00,1,57,57307,1,1,1,2,D72,49.177427,6.382815
202300041799,15,5,2023,2025-12-05 14:35:00,1,87,87002,1,1,1,6,Mazaudon,45.976666,1.433045
202300041800,20,2,2023,2025-12-05 21:30:00,5,14,14366,2,1,1,2,Avenue Georges Pompidou,49.13509,0.2238
202300041801,4,11,2023,2025-12-05 22:30:00,3,69,69152,1,1,1,2,Route De Metropole 7,45.70204,4.83517
202300041802,16,5,2023,2025-12-05 06:10:00,2,62,62295,1,1,1,1,D341,50.6142412,2.2912064
202300041803,7,4,2023,2025-12-05 20:46:00,2,37,37214,1,3,1,2,Departementale D2 - Pk4+300,47.4458282,0.67557111
202300041804,21,2,2023,2025-12-05 14:23:00,1,14,14366,2,7,1,6,15 Rue De La Resistance,49.144256,0.226723
202300041805,3,11,2023,2025-12-05 16:30:00,1,1,1249,1,1,2,3,A432N 0.485 A 6.500,45.860022,4.911061
202300041806,2,5,2023,2025-12-05 19:10:00,1,28,28160,1,2,7,3,D335.5,48.407632,1.640592
202300041807,8,4,2023,2025-12-05 18:15:00,1,30,30066,1,1,1,7,D6110,43.925393,4.104778
202300041808,22,2,2023,2025-12-05 15:19:00,1,13,13208,2,1,1,7,Mendes France (Avenue),43.24986,5.37515
202300041809,4,11,2023,2025-12-05 09:00:00,1,33,33550,1,1,2,6,Rocade A 630,44.77815,-0.56482
202300041810,15,5,2023,2025-12-05 16:00:00,1,1,1033,1,1,8,5,Route Departementale 1084,46.131806,5.80753
202300041811,9,4,2023,2025-12-05 17:15:00,1,30,30268,1,1,1,1,Pomier,44.235784,4.132485
202300041812,22,2,2023,2025-12-05 14:30:00,1,13,13213,2,1,1,3,Malvina (Traverse),43.32033,5.46107
202300041813,4,11,2023,2025-12-05 20:15:00,3,91,91235,1,9,8,6,Rn 104,48.62547,2.35321
202300041814,9,4,2023,2025-12-05 05:00:00,3,33,33528,1,1,1,7,D107,44.876248,-1.030955
202300041815,14,5,2023,2025-12-05 11:25:00,1,26,26160,1,3,1,2,Route Des Ortis,45.21902,4.811878
202300041816,21,2,2023,2025-12-05 11:50:00,1,13,13206,2,1,1,3,Docteur Jean Fiolle (Rue Du),43.2851,5.38388
202300041817,5,1,2023,2025-12-05 01:30:00,5,2A,2A247,2,1,1,7,Rue Vincentellu D?Istria,41.601211,9.269977
202300041818,15,5,2023,2025-12-05 12:45:00,1,44,44033,1,1,1,7,Adresse_Inconnue,47.380045,-1.962004
202300041819,22,2,2023,2025-12-05 03:30:00,5,11,11069,2,1,1,6,Adresse_Inconnue,43.209,2.3804
202300041820,4,11,2023,2025-12-05 17:00:00,2,91,91553,1,1,1,4,Rn 104,48.6274,2.47767
202300041821,15,5,2023,2025-12-05 11:20:00,1,15,15055,1,1,8,2,A 75,45.095218,3.125782
202300041822,23,2,2023,2025-12-05 06:50:00,2,75,75120,2,1,1,7,Porte De Bagnolet,48.86594,2.41262
202300041823,9,4,2023,2025-12-05 11:00:00,1,4,4152,1,1,1,3,Route De La Bastide,43.806485,5.71951
202300041824,23,2,2023,2025-12-05 06:50:00,5,75,75120,2,1,1,7,Porte De Bagnolet,48.86594046,2.41262019
202300041825,14,5,2023,2025-12-05 12:55:00,1,47,47233,1,2,1,3,Route Du Traversant,44.53872,0.104526
202300041826,4,11,2023,2025-12-05 18:00:00,2,91,91086,1,1,1,4,Rn 104,48.62372,2.3778
202300041827,9,4,2023,2025-12-05 01:45:00,5,26,26124,1,1,1,6,Autoroute A 7 Pk 079.650,44.842056,4.863682
202300041828,23,2,2023,2025-12-05 17:00:00,1,75,75119,2,4,1,6,Rue Manin,48.884745,2.392252
202300041829,15,5,2023,2025-12-05 22:20:00,3,61,61464,1,1,1,6,A28 Pk177+300,48.591073,0.185812
202300041830,8,4,2023,2025-12-05 08:50:00,1,71,71105,1,1,1,6,Route Des Allemands,46.29713,4.76711
202300041831,23,2,2023,2025-12-05 14:15:00,1,75,75119,2,2,1,6,Place De La Porte De Pantin,48.889569,2.395652
202300041832,4,11,2023,2025-12-05 12:35:00,1,91,91521,1,1,8,3,Rn 104,48.63418,2.40104
202300041833,16,5,2023,2025-12-05 10:00:00,1,27,27130,1,1,1,6,A28 - Pr 283 + 575,49.052621,0.458181
202300041834,15,5,2023,2025-12-05 16:30:00,1,56,56094,1,6,1,3,Kergo,47.76007,-3.2862
202300041835,8,4,2023,2025-12-05 19:00:00,1,67,67313,2,3,1,3,Boulevard Clemenceau,48.539277,7.44593
202300041836,23,2,2023,2025-12-05 02:50:00,5,75,75119,2,3,1,3,Avenue Jean Jaures,48.888762,2.39315
202300041837,4,11,2023,2025-12-05 12:50:00,1,91,91235,1,1,8,2,Rn 104,48.6251,2.36174
202300041838,23,2,2023,2025-12-05 23:10:00,5,75,75119,2,7,2,6,Place Auguste Baron,48.900701,2.387098
202300041839,9,4,2023,2025-12-05 16:15:00,1,38,38026,1,1,1,6,"D52B, Pk 4,700",45.834212,5.330601
202300041840,16,5,2023,2025-12-05 16:20:00,1,76,76367,1,2,1,1,Lieu Dit Les Barettes,49.518857,1.108691
202300041841,4,11,2023,2025-12-05 05:40:00,3,91,91687,1,1,1,7,Autoroute A6,48.66341,2.36691
202300041842,22,2,2023,2025-12-05 18:30:00,2,75,75112,2,1,1,1,Avenue De Saint Maurice,48.829686,2.420277
202300041843,9,4,2023,2025-12-05 18:54:00,1,69,69061,1,3,7,3,348 Rue Mont Saint Guibert,45.9836169,4.62402446
202300041844,16,5,2023,2025-12-05 09:45:00,1,79,79014,1,2,1,3,Adresse_Inconnue,47.023026,-0.27826
202300041845,4,11,2023,2025-12-05 15:36:00,1,92,92047,1,1,1,1,A13,48.83632636,2.18475813
202300041846,14,5,2023,2025-12-05 01:00:00,3,65,65075,1,1,1,6,D929,42.855996,0.342802
202300041847,23,2,2023,2025-12-05 19:07:00,5,75,75111,2,4,1,3,Boulevard Voltaire,48.852937,2.388511
202300041848,16,3,2023,2025-12-05 19:40:00,3,33,33284,2,1,1,6,Quatre Routes,44.68482659,-0.84732056
202300041849,8,5,2023,2025-12-05 19:00:00,1,33,33394,1,4,1,1,D243,44.909865,-0.184112
202300041850,22,2,2023,2025-12-05 09:15:00,1,75,75109,2,3,8,1,Rue De Clichy,48.878147,2.330103
202300041851,12,5,2023,2025-12-05 11:20:00,1,61,61462,1,1,1,3,D924,48.727655,-0.041374
202300041852,5,4,2023,2025-12-05 08:25:00,1,72,72378,1,2,7,3,D306,47.807826,-0.277067
202300041853,16,5,2023,2025-12-05 12:20:00,1,12,12044,1,1,1,1,Chemin De La Blaquiere,43.83608672,2.85311973
202300041854,23,2,2023,2025-12-05 08:40:00,1,75,75104,2,2,1,3,Rue Des Deux Ponts,48.851824,2.35656
202300041855,16,5,2023,2025-12-05 09:45:00,1,86,86085,1,1,1,1,D347,46.837951,0.161539
202300041856,8,4,2023,2025-12-05 15:30:00,1,76,76758,2,2,1,3,Avenue De Verdun,49.61901,0.755889
202300041857,22,2,2023,2025-12-05 23:10:00,5,94,94044,2,1,2,1,Rue Paul Valery,48.75311,2.47521
202300041858,16,5,2023,2025-12-05 17:45:00,1,35,35117,1,1,1,2,Le Vivier,48.150257,-2.215119
202300041859,8,4,2023,2025-12-05 13:35:00,1,13,13088,1,1,1,7,A55-Sens Martigues Vers Marseille,43.39094053,5.2497545
202300041860,16,5,2023,2025-12-05 14:54:00,1,31,31207,1,1,2,2,N125,42.992685,0.630292
202300041861,23,2,2023,2025-12-05 07:45:00,2,94,94038,2,2,1,3,Rue De Bicetre,48.77392,2.35184
202300041862,15,5,2023,2025-12-05 17:30:00,1,38,38207,1,1,1,6,D114,44.972153,5.880657
202300041863,15,5,2023,2025-12-05 06:05:00,2,2,2264,1,1,5,1,Cd 18,49.635835,4.032862
202300041864,8,4,2023,2025-12-05 06:40:00,3,13,13215,1,1,1,6,A7-Sens Marseille Vers Lyon,43.34272,5.37628
202300041865,23,2,2023,2025-12-05 10:40:00,1,94,94028,2,2,8,3,Route De Choisy,48.79052,2.45337
202300041866,15,5,2023,2025-12-05 23:30:00,3,72,72310,1,1,1,2,D313,48.034776,0.202855
202300041867,7,4,2023,2025-12-05 00:25:00,3,13,13202,1,1,1,1,A55-Sens Marseille Vers Martigues,43.31897914,5.36347091
202300041868,14,5,2023,2025-12-05 15:00:00,1,90,90045,1,1,1,7,D463,47.508498,6.968915
202300041869,22,2,2023,2025-12-05 08:50:00,1,93,93073,2,2,1,3,Rue Des Ardennes / Avenue Albert Sarraut,48.940491,2.575834
202300041870,12,5,2023,2025-12-05 17:00:00,1,90,90042,2,9,1,6,Rue Du Malsaucy,47.682234,6.797335
202300041871,8,4,2023,2025-12-05 14:45:00,1,33,33063,1,1,1,4,Rocade A 630,44.87994783,-0.53757906
202300041872,23,2,2023,2025-12-05 10:00:00,1,93,93070,2,7,1,7,Place Du Capitaine Glarner,48.90715,2.32636
202300041873,7,5,2023,2025-12-05 11:00:00,1,90,90002,1,1,8,6,Rue Principale,47.691161,7.009749
202300041874,8,4,2023,2025-12-05 13:20:00,1,33,33080,1,1,1,6,Autoroute A 62,44.72574933,-0.52654982
202300041875,23,2,2023,2025-12-05 20:15:00,5,93,93029,2,9,1,6,Rue Saint Stenay,48.92048633,2.42107923
202300041876,15,5,2023,2025-12-05 14:20:00,1,40,40250,1,1,1,1,Route De Bordeaux,43.93493,-0.420315