num_acc,jour,mois,an,hrmn,lum,dep,com,agg,int,atm,col,adr,lat,long
202300041877,8,4,2023,2025-12-05 06:00:00,4,33,33039,1,1,1,3,Rocade A 631,44.806,-0.532
202300041878,14,5,2023,2025-12-05 18:50:00,1,24,24208,1,1,1,7,N21,45.040901,0.650983
202300041879,23,2,2023,2025-12-05 00:40:00,5,93,93005,2,1,1,3,Chemin De Roissy En France,48.95022,2.49192
202300041880,8,4,2023,2025-12-05 12:55:00,1,91,91340,1,1,1,2,Rn 104,48.61053,2.43324
202300041881,23,2,2023,2025-12-05 15:50:00,1,92,92044,2,1,8,7,Raspail(Rue) 13A39 Et 10A30,48.89793,2.29183
202300041882,8,4,2023,2025-12-05 12:52:00,1,92,92036,1,1,1,2,A86,48.93484397,2.26726483
202300041883,15,5,2023,2025-12-05 18:30:00,1,4,4036,1,1,1,3,D 900,44.145966,6.296019
202300041884,23,2,2023,2025-12-05 13:05:00,1,92,92044,2,3,1,6,Villiers(Square) 56 Villiers,48.89065454,2.27918968
202300041885,7,4,2023,2025-12-05 19:20:00,1,92,92036,1,1,1,5,Autoroute A86,48.93498875,2.31987855
202300041886,14,5,2023,2025-12-05 16:15:00,1,85,85059,2,6,1,3,Avenue Du General De Gaulle,46.642282,-0.750246
202300041887,23,2,2023,2025-12-05 15:10:00,1,92,92026,2,1,1,3,Marceau,48.90032352,2.24502468
202300041888,6,4,2023,2025-12-05 14:05:00,1,976,97611,2,1,1,7,Cavani-Rond Point Du Baobab,-12.78524,45.22644
202300041889,23,2,2023,2025-12-05 08:13:00,1,92,92060,2,3,1,3,Charles De Gaulle (Avenue) Rd75 A Partir,48.776402,2.256747
202300041890,16,5,2023,2025-12-05 11:15:00,1,28,28227,2,6,1,3,Rond Point De La Liberation,48.595155,1.588882
202300041891,6,4,2023,2025-12-05 16:20:00,1,974,97416,2,3,1,3,Pave(Rue),-21.34,55.48
202300041892,23,2,2023,2025-12-05 20:00:00,5,92,92012,2,1,1,6,Yves Kermen (Rue) 3/49 - 2/38,48.82602422,2.24569559
202300041893,6,4,2023,2025-12-05 10:15:00,1,974,97416,2,2,1,3,Four A Chaux(Rue Du),-21.342,55.47361
202300041894,15,5,2023,2025-12-05 18:30:00,1,48,48018,1,1,1,3,Route Nationale 88,44.493926,3.414114
202300041895,21,2,2023,2025-12-05 14:00:00,1,92,92004,2,1,1,7,Hotel De Ville   ( Place ),48.91089077,2.28939146
202300041896,6,4,2023,2025-12-05 07:30:00,1,974,97416,1,1,1,3,Rn02,-21.33868306,55.49170732
202300041897,23,2,2023,2025-12-05 18:00:00,2,60,60562,2,4,1,6,Rue De Catenoy,49.355892,2.541001
202300041898,5,4,2023,2025-12-05 18:45:00,3,974,97416,1,9,1,4,Rn3 (3),-21.3187,55.48986
202300041899,23,2,2023,2025-12-05 09:10:00,1,71,71220,1,1,1,6,491 Route De La Loire,46.538805,3.766068
202300041900,6,4,2023,2025-12-05 11:05:00,1,69,69388,2,9,1,1,14 Rue Berty Albrecht,45.72723261,4.86626992
202300041901,22,2,2023,2025-12-05 03:00:00,3,972,97227,1,1,1,1,Rn 5,14.46922,-60.920708
202300041902,5,4,2023,2025-12-05 15:40:00,1,69,69383,2,9,1,6,Rue Paul Bert,45.757,4.8622
202300041903,24,2,2023,2025-12-05 10:17:00,1,12,12022,1,1,4,6,A75,44.026759,3.077175
202300041904,19,2,2023,2025-12-05 18:00:00,1,47,47156,1,1,1,6,Route Des Bernes,44.484556,0.091155
202300041905,5,4,2023,2025-12-05 02:50:00,5,972,97209,1,1,2,6,Rd 41 (Rocade),14.60925,-61.06662
202300041906,22,2,2023,2025-12-05 07:10:00,2,76,76587,1,2,8,3,La Hetraie D.925,49.775832,0.46222
202300041907,6,4,2023,2025-12-05 09:40:00,1,69,69081,2,2,1,3,1 Chemin De Villeneuve,45.78173,4.77562
202300041908,23,2,2023,2025-12-05 17:30:00,2,76,76035,2,3,8,3,Departementale 49 76390,49.77599,1.754516
202300041909,5,4,2023,2025-12-05 00:07:00,5,69,69382,2,2,1,1,Quai Jean Moulin,45.76466,4.83815
202300041910,24,2,2023,2025-12-05 13:00:00,1,2B,2B043,2,1,1,3,Erbalunga,42.775633,9.476255
202300041911,4,4,2023,2025-12-05 18:45:00,1,69,69149,2,2,1,3,65 Avenue Jean Jaures,45.71418491,4.8191743
202300041912,23,2,2023,2025-12-05 10:00:00,1,2B,2B152,1,1,1,3,D80 Pk25+300,42.894238,9.473299
202300041913,6,4,2023,2025-12-05 13:19:00,1,971,97113,1,4,1,1,Rn4 - Section Riviera,16.21698224,-61.48243189
202300041914,23,2,2023,2025-12-05 07:00:00,2,11,11351,1,4,1,2,Route Departementale 613,43.092193,2.710147
202300041915,23,2,2023,2025-12-05 09:15:00,1,63,63178,2,1,8,7,45 Route De Parentignat,45.542217,3.261121
202300041916,6,4,2023,2025-12-05 12:05:00,1,91,91097,1,1,2,2,Av Du Gal Charles De Gaulle,48.68636,2.52835
202300041917,23,2,2023,2025-12-05 13:45:00,1,55,55282,1,1,8,7,D11,48.811414,5.362616
202300041918,4,4,2023,2025-12-05 17:05:00,1,91,91174,2,1,1,6,Rue Emile Zola,48.61154,2.46991
202300041919,22,2,2023,2025-12-05 12:45:00,1,49,49331,2,1,2,7,Rue Ernest Renan,47.686135,-0.877887
202300041920,6,4,2023,2025-12-05 09:25:00,1,90,90010,2,3,1,6,Rue De La Fraternite,47.638354,6.838153
202300041921,23,2,2023,2025-12-05 18:05:00,2,42,42260,1,4,1,2,Route De Boen,45.826893,3.929452
202300041922,23,2,2023,2025-12-05 14:50:00,1,41,41080,2,2,2,6,Rue Du Cher,47.340934,1.187021
202300041923,31,3,2023,2025-12-05 16:53:00,1,88,88413,2,1,2,4,Rue Du 31Eme Bcp,48.28448,6.95625
202300041924,22,2,2023,2025-12-05 08:15:00,1,44,44151,1,2,2,3,1 Route De Saint-Denac,47.325125,-2.33206
202300041925,5,4,2023,2025-12-05 17:32:00,1,87,87085,2,3,1,6,Londres (Rue De),45.84572,1.26051
202300041926,23,2,2023,2025-12-05 16:45:00,1,35,35306,1,6,1,6,Rue Du Fort,48.56516,-1.925697
202300041927,5,4,2023,2025-12-05 12:45:00,1,86,86194,2,1,1,7,Rue Des Entrepreneurs,46.615056,0.343886
202300041928,20,1,2023,2025-12-05 15:02:00,1,14,14119,2,1,8,7,D225,49.145727,-0.252342
202300041929,23,2,2023,2025-12-05 18:10:00,1,50,50639,2,7,1,7,Rue Du Chemin Vert,48.840352,-1.21827
202300041930,4,4,2023,2025-12-05 11:15:00,1,84,84031,2,1,1,6,Mont Ventoux Avenue Du,44.05594,5.05429
202300041931,19,3,2023,2025-12-05 02:30:00,4,84,84031,2,6,2,6,Avenue Dwight Eisenhower,44.03216,5.05175
202300041932,22,2,2023,2025-12-05 17:00:00,1,36,36141,1,6,2,3,Adresse_Inconnue,46.59825798,1.77400448
202300041933,4,4,2023,2025-12-05 16:49:00,1,84,84007,2,4,1,6,Ferry ( Boulevard Jules),43.93766,4.80335
202300041934,23,2,2023,2025-12-05 20:00:00,3,36,36118,1,1,3,7,Adresse_Inconnue,46.72652284,1.37738067
202300041935,24,2,2023,2025-12-05 16:40:00,1,85,85297,1,1,1,6,Departementale 746 Leu Dit Les Fontenelles,46.41436,-1.176555
202300041936,6,4,2023,2025-12-05 08:20:00,1,83,83126,2,2,1,3,Petin (Av Henri),43.103242,5.874441
202300041937,6,4,2023,2025-12-05 14:00:00,1,83,83061,1,1,1,6,N7,43.43732978,6.71956336
202300041938,23,2,2023,2025-12-05 13:10:00,1,30,30006,1,6,1,3,Route Des Plages,43.671511,4.21209
202300041939,24,2,2023,2025-12-05 06:50:00,2,8,8391,1,1,1,1,2 Cd Nord 5,49.73418241,4.91895202
202300041940,23,3,2023,2025-12-05 15:45:00,1,83,83118,1,3,1,3,Boulevard De L'Aspe,43.43139,6.80385
202300041941,23,2,2023,2025-12-05 17:05:00,1,68,68375,2,9,1,1,63 Rue De Cernay,47.808853,7.230586
202300041942,6,4,2023,2025-12-05 19:20:00,1,81,81065,2,4,1,1,Hippolyte (Ch.De Saint),43.60214,2.25916
202300041943,23,1,2023,2025-12-05 07:10:00,2,6,6083,1,1,1,2,A8 Bretelle D'Entree Ndeg59 Pk 220.100,43.797116,7.481813
202300041944,5,4,2023,2025-12-05 16:20:00,1,81,81257,2,9,1,3,Jaures ( Avenue Jean ),43.9420286,2.1907435
202300041945,24,2,2023,2025-12-05 14:49:00,1,24,24068,1,1,1,1,"D25, Pk 023.000",44.841873,0.930061
202300041946,30,3,2023,2025-12-05 20:40:00,5,80,80021,2,1,1,3,Fusilles (Boulevard Des ),49.90204,2.29922
202300041947,1,4,2023,2025-12-05 21:10:00,3,80,80379,1,1,2,6,Rn 25,49.8654,2.3738
202300041948,24,2,2023,2025-12-05 14:30:00,1,973,97311,1,1,1,6,Rue Des Bleuets,5.459724,-54.041448
202300041949,24,2,2023,2025-12-05 03:30:00,5,971,97106,2,1,8,7,N2,16.159623,-61.774787
202300041950,2,4,2023,2025-12-05 01:35:00,5,78,78126,2,3,1,3,Jonchere (Avenue De La),48.856414,2.144966
202300041951,23,2,2023,2025-12-05 14:20:00,1,2B,2B313,2,1,1,1,Moriani Plage,42.367978,9.529567
202300041952,18,2,2023,2025-12-05 02:45:00,3,2B,2B303,1,1,1,7,Alistro,42.257555,9.546776
202300041953,24,2,2023,2025-12-05 11:30:00,1,66,66094,2,1,1,6,Adresse_Inconnue,42.6104643,2.995781
202300041954,4,4,2023,2025-12-05 15:30:00,1,78,78440,2,1,1,3,Centre Espace,48.97945,1.91282
202300041955,24,2,2023,2025-12-05 11:45:00,1,66,66037,2,1,1,6,Adresse_Inconnue,42.681547,3.031384
202300041956,24,2,2023,2025-12-05 07:45:00,1,84,84028,1,1,1,1,D167,44.244707,4.911597
202300041957,5,4,2023,2025-12-05 18:53:00,1,74,74281,2,1,1,2,Geneve (Ave De) Jusque Croisee Anthy,46.35523,6.44717
202300041958,20,2,2023,2025-12-05 12:30:00,1,83,83053,1,1,1,1,D62,43.170131,5.898049
202300041959,23,2,2023,2025-12-05 18:50:00,5,73,73213,1,1,1,6,D1006,45.563314,5.969058
202300041960,6,4,2023,2025-12-05 20:30:00,5,69,69266,2,1,1,3,Pont Raymond Poincare,45.78598,4.86025
202300041961,24,2,2023,2025-12-05 16:00:00,1,42,42094,2,2,2,3,Rue Du 8 Mai,45.745072,4.222728
202300041962,5,4,2023,2025-12-05 17:20:00,1,69,69264,2,1,1,6,124 Rue Bointon,45.99598543,4.72072352
202300041963,24,2,2023,2025-12-05 16:50:00,1,31,31395,1,6,7,3,D15,43.460242,1.295586
202300041964,6,4,2023,2025-12-05 05:53:00,2,69,69199,2,3,1,2,Rue Du Midi,45.68867,4.86142
202300041965,21,2,2023,2025-12-05 13:45:00,1,33,33227,2,1,1,3,Chemin De La Garenne,44.547359,-0.250034
202300041966,5,4,2023,2025-12-05 19:10:00,2,67,67482,2,1,7,3,Pierre Pflimlin (Boulevard),48.59944,7.77006
202300041967,22,2,2023,2025-12-05 04:30:00,3,50,50099,1,1,1,6,D974,49.324066,-1.266775
202300041968,23,2,2023,2025-12-05 15:07:00,1,35,35205,2,1,2,6,10 Rue Marechal Ferrant,48.413931,-1.625582
202300041969,6,4,2023,2025-12-05 17:30:00,1,64,64483,2,1,1,6,Ithurralde Andre (Avenue),43.39529,-1.64788
202300041970,23,2,2023,2025-12-05 09:20:00,1,13,13028,1,1,1,1,A50-Sens Aubagne Vers Toulon,43.20508,5.59063
202300041971,5,4,2023,2025-12-05 07:50:00,1,64,64335,2,3,1,5,Europe De L',43.33519,-0.45695
202300041972,23,2,2023,2025-12-05 10:10:00,1,13,13022,1,1,1,2,A50-Sens Aubagne Vers Toulon,43.211733,5.582499
202300041973,6,4,2023,2025-12-05 00:20:00,5,64,64102,2,9,1,3,Pont Saint Frederic,43.48811,-1.46032
202300041974,5,2,2023,2025-12-05 15:00:00,1,83,83069,1,1,1,2,A570,43.11751699,6.1072526
202300041975,3,4,2023,2025-12-05 16:10:00,1,63,63124,2,2,1,3,Pont (Avenue Du),45.73526,3.20577
202300041976,21,2,2023,2025-12-05 07:26:00,2,33,33013,1,1,1,2,Route Nationale 230,44.85551,-0.50511
202300041977,6,4,2023,2025-12-05 04:42:00,5,63,63113,2,2,1,3,Estaing (Rue D') / Av De La Republique,45.78747,3.10586
202300041978,5,4,2023,2025-12-05 14:41:00,1,63,63113,2,2,1,6,Oradou (Rue De L'),45.77366,3.09762
202300041979,23,2,2023,2025-12-05 15:30:00,1,91,91161,1,1,1,3,Autoroute A6,48.71031,2.30741
202300041980,5,4,2023,2025-12-05 18:40:00,1,60,60057,2,1,1,6,Rue Des Vignes,49.43335778,2.10375738
202300041981,23,2,2023,2025-12-05 14:15:00,1,78,78545,1,1,1,2,A12 W,48.808936,2.054416
202300041982,5,4,2023,2025-12-05 17:30:00,1,59,59646,2,1,1,6,Grand Cottignies (Avenue Du),50.68102,3.13193
202300041983,23,2,2023,2025-12-05 09:30:00,1,95,95018,1,1,2,6,A15,48.9585871,2.27405291
202300041984,6,4,2023,2025-12-05 09:15:00,1,59,59350,2,2,2,3,Berteaux Maurice Rue,50.62226,3.09653
202300041985,22,2,2023,2025-12-05 19:45:00,4,95,95018,1,1,2,4,A15,48.9585871,2.27405291
202300041986,21,2,2023,2025-12-05 12:55:00,1,75,75120,2,1,1,2,Porte De Montreuil,48.858133,2.41411
202300041987,30,8,2023,2025-12-05 17:50:00,1,22,22278,2,1,1,3,Bouessieres (Des),48.525,-2.805
202300041988,22,2,2023,2025-12-05 12:00:00,1,75,75116,2,2,8,2,Rue De Boulainvilliers,48.856391,2.274772
202300041989,4,4,2023,2025-12-05 16:19:00,1,59,59227,1,1,7,1,Lenine Wladimir(Rue),50.35197375,3.29642297
202300041990,22,2,2023,2025-12-05 21:40:00,5,75,75110,2,1,2,3,Boulevard De La Chapelle,48.883854,2.353321
202300041991,2,9,2023,2025-12-05 00:30:00,5,13,13071,2,1,1,4,Darty (Magasin) C/C Barneoud,43.41434,5.36062
202300041992,22,2,2023,2025-12-05 08:20:00,1,75,75110,2,1,1,3,Boulevard De La Chapelle,48.883904,2.353316
202300041993,6,4,2023,2025-12-05 13:10:00,1,58,58194,2,6,1,2,Fontaine D'Argent (Place),46.99249,3.14831
202300041994,1,9,2023,2025-12-05 11:30:00,1,13,13071,2,1,1,6,Pas De La Mue ( Chemin Du ),43.40832,5.31667
202300041995,22,2,2023,2025-12-05 18:15:00,5,75,75108,2,1,2,6,Cours La Reine,48.86464183,2.31196225
202300041996,1,9,2023,2025-12-05 19:30:00,5,13,13215,2,9,1,6,Alphonse Canovas (Place),43.37127327,5.35557288
202300041997,21,2,2023,2025-12-05 08:35:00,1,94,94055,2,3,1,3,Avenue De Pince Vent,48.78948244,2.54892504
202300041998,1,9,2023,2025-12-05 14:15:00,1,13,13207,2,1,1,3,Corniche John Fitzgerald Kennedy,43.27714,5.35716
202300041999,5,4,2023,2025-12-05 16:40:00,1,58,58194,2,1,1,4,Pont De Loire,46.98472,3.15799
202300042000,22,2,2023,2025-12-05 17:15:00,1,93,93070,2,1,2,3,27 Avenue Gabriel Peri,48.90958018,2.33306453
202300042001,5,4,2023,2025-12-05 17:50:00,1,57,57757,2,1,1,6,Bordeaux (Rue De),49.3592,6.21545
202300042002,1,9,2023,2025-12-05 21:20:00,5,10,10387,2,2,1,3,Chaillouet Rue),48.30481,4.0838
202300042003,22,2,2023,2025-12-05 10:50:00,1,93,93066,2,9,1,3,Avenue Du Colonel Fabien,48.945266,2.351735
202300042004,5,4,2023,2025-12-05 12:35:00,1,51,51454,2,3,1,2,Rue Lecointre,49.26674,4.02159
202300042005,1,9,2023,2025-12-05 17:50:00,1,10,10387,2,3,1,3,Jean Nesmy (Rue),48.29436,4.09063
202300042006,22,2,2023,2025-12-05 08:20:00,1,93,93066,2,1,1,3,Avenue De Stalingrad,48.94686169,2.37115324
202300042007,5,4,2023,2025-12-05 13:10:00,1,47,47323,2,1,1,6,Fumel(Avenue De ),44.406828,0.715016
202300042008,31,8,2023,2025-12-05 20:54:00,5,10,10362,2,3,1,3,Camille Desmoulmins (Rue,48.3,4.04
202300042009,22,2,2023,2025-12-05 14:40:00,1,93,93050,2,2,1,3,Avenue Du General De Gaulle / Rue Marx Dormoy,48.857078,2.531388
202300042010,22,2,2023,2025-12-05 20:14:00,5,93,93029,2,2,1,3,Avenue Henri Barbusse / Avenue Jean Jaures,48.91984,2.45139
202300042011,6,4,2023,2025-12-05 15:53:00,1,47,47201,2,4,1,2,Marne (Av. De La),44.19396,0.59873
202300042012,31,8,2023,2025-12-05 13:00:00,1,10,10081,1,2,1,3,Ouest (Bd),48.3055,4.02558
202300042013,5,4,2023,2025-12-05 15:53:00,1,45,45004,1,1,1,3,D2060 Pr 26 + 990,47.985,2.760899
202300042014,1,9,2023,2025-12-05 15:35:00,1,5,5061,2,1,1,6,Jean Jaures ( Avenue ),44.55226,6.07154
202300042015,22,2,2023,2025-12-05 18:55:00,5,92,92073,2,9,2,3,Jaures (Avenue Jean),48.86532679,2.20377946
202300042016,1,4,2023,2025-12-05 18:30:00,1,44,44109,2,1,1,2,146 Boulevard Des Anglais,47.22467,-1.58426
202300042017,22,2,2023,2025-12-05 19:15:00,5,92,92076,2,1,2,7,La Celle Saint Cloud,48.84477,2.17305
202300042018,22,2,2023,2025-12-05 11:15:00,1,92,92050,2,1,8,6,Normandie Allee De,48.90066,2.21756
202300042019,6,4,2023,2025-12-05 16:25:00,1,43,43157,2,1,1,3,1 Avenue Charles Dupuy,45.0427,3.8892
202300042020,1,9,2023,2025-12-05 16:30:00,1,75,75118,2,1,1,3,Bd Peripherique Interieur,48.900646,2.331722
202300042021,22,2,2023,2025-12-05 06:25:00,5,92,92012,2,1,1,6,General Leclerc (Avenue Du) 1/33 - 2/58,48.83224881,2.238691
202300042022,22,2,2023,2025-12-05 20:12:00,3,92,92004,1,1,1,6,Dix Huit Juin 40 ( Rue Du ),48.9312121,2.27805108
202300042023,31,8,2023,2025-12-05 10:25:00,1,75,75119,2,1,2,6,Porte Des Lilas,48.880362,2.406296
202300042024,23,2,2023,2025-12-05 08:00:00,2,11,11111,1,1,5,6,Rte Departementale 6113,43.208335,2.808847
202300042025,1,4,2023,2025-12-05 14:30:00,1,42,42218,2,2,1,5,Evrard Florent Jusqu'Aux No 87-112,45.42408,4.3752
202300042026,8,12,2023,2025-12-05 11:00:00,1,14,14101,1,9,1,3,Bretteville Sur Odon (Quartier),49.1767,-0.42842
202300042027,23,2,2023,2025-12-05 01:10:00,3,41,41252,1,1,1,6,Autoroute A10,47.69,1.429
202300042028,6,4,2023,2025-12-05 08:25:00,1,41,41018,2,1,1,3,Camus (Rue Albert),47.57637,1.30269
202300042029,23,2,2023,2025-12-05 16:38:00,1,1,1189,1,1,1,6,D991,46.031069,5.77905
202300042030,1,9,2023,2025-12-05 14:09:00,1,75,75119,2,5,1,6,Rue De Crimee,48.893852,2.373414
202300042031,7,12,2023,2025-12-05 11:35:00,1,13,13117,2,2,1,3,Glaciere ( Rue De La ),43.42321,5.24123
202300042032,23,2,2023,2025-12-05 15:50:00,1,50,50159,1,1,1,6,Le Calenge,49.03719,-1.231002
202300042033,21,2,2023,2025-12-05 08:15:00,1,51,51399,2,2,1,1,D84,49.123777,4.854192
202300042034,5,4,2023,2025-12-05 12:00:00,1,38,38151,2,2,1,3,Rue Henri Wallon,45.14489,5.7331
202300042035,1,9,2023,2025-12-05 01:10:00,5,75,75115,2,3,1,3,Rue Cambronne,48.842049,2.303077
202300042036,9,10,2023,2025-12-05 17:00:00,1,13,13056,2,2,1,3,Turcan Francis,43.41168,5.04377
202300042037,22,2,2023,2025-12-05 08:25:00,1,74,74236,1,1,1,1,1364 Avenue Du Mont Paccard,45.902269,6.713068
202300042038,4,12,2023,2025-12-05 16:45:00,5,13,13005,2,1,2,6,Caniers (Avenue Des),43.29066,5.59306
202300042039,6,4,2023,2025-12-05 20:10:00,1,37,37261,2,2,2,1,Mirabeau (Pont),47.39757,0.69945
202300042040,1,9,2023,2025-12-05 15:15:00,1,75,75114,2,3,1,2,Rue D Alesia,48.827805,2.32915
202300042041,22,2,2023,2025-12-05 11:45:00,1,2A,2A008,1,1,1,7,D302,41.869369,8.855238
202300042042,6,4,2023,2025-12-05 09:25:00,1,37,37261,2,1,1,6,Florence (Avenue De),47.37484,0.73052
202300042043,8,12,2023,2025-12-05 08:50:00,1,13,13019,1,1,3,2,D9,43.4714993,5.34223375
202300042044,31,8,2023,2025-12-05 16:51:00,1,75,75114,2,2,2,6,Avenue De La Porte De Chatillon,48.822642,2.314834
202300042045,8,2,2023,2025-12-05 15:20:00,1,2A,2A004,2,1,1,2,Lieu Dit Suartello,41.947937,8.749473
202300042046,5,4,2023,2025-12-05 17:25:00,1,37,37195,1,1,1,7,La Grange David (Lieu Dit),47.37463,0.6464
202300042047,7,12,2023,2025-12-05 19:00:00,3,11,11069,2,1,1,2,Adresse_Inconnue,43.22383,2.32706
202300042048,14,2,2023,2025-12-05 15:15:00,1,80,80318,2,2,1,3,D1001,50.007648,2.088727
202300042049,31,8,2023,2025-12-05 14:00:00,1,75,75114,2,7,2,2,Rue Du Commandant Rene Mouchotte,48.83741,2.318595
202300042050,5,4,2023,2025-12-05 16:16:00,1,36,36159,2,1,1,7,33 Route Du Petit Epot,46.76254105,1.70638651
202300042051,8,12,2023,2025-12-05 17:20:00,5,10,10387,2,1,1,6,Emile Zola (Rue),48.2956,4.07282
202300042052,23,2,2023,2025-12-05 19:00:00,3,82,82081,1,1,2,6,D14,43.955537,1.102737
202300042053,6,4,2023,2025-12-05 16:00:00,1,35,35238,2,1,1,6,Vezin (Route De),48.11631,-1.71206
202300042054,1,9,2023,2025-12-05 16:05:00,1,75,75111,2,3,1,6,Rue De Charonne,48.854071,2.382657
202300042055,22,2,2023,2025-12-05 22:10:00,3,11,11209,1,1,2,6,Route Departementale 118,42.967006,2.260137
202300042056,6,4,2023,2025-12-05 12:45:00,1,35,35238,2,1,1,6,Bernard (Claude),48.10281,-1.69441
202300042057,1,9,2023,2025-12-05 16:47:00,1,75,75108,2,3,1,6,Pont Des Invalides,48.8639431,2.31039047
202300042058,16,2,2023,2025-12-05 16:45:00,1,71,71248,1,2,1,3,D975,46.557329,4.95547
202300042059,7,12,2023,2025-12-05 07:05:00,5,10,10325,2,9,1,1,Victor Hugo (Rue),48.26639,4.07067
202300042060,1,4,2023,2025-12-05 12:42:00,1,34,34172,2,1,1,6,501 Avenue Du Doyen Gaston Giraud,43.63424,3.84937
202300042061,22,2,2023,2025-12-05 10:40:00,1,63,63268,1,1,2,6,Lieu Dit Maison Blanche,45.555271,3.17087
202300042062,29,8,2023,2025-12-05 12:30:00,1,75,75108,2,2,1,7,Avenue George V,48.868419,2.301146
202300042063,8,12,2023,2025-12-05 07:35:00,5,6,6027,2,1,2,6,Plage Boulevard De La,43.6548109,7.1590613
202300042064,6,4,2023,2025-12-05 19:22:00,1,33,33281,2,3,1,3,Avenue Du President-Rene-Coty,44.83708,-0.64923
202300042065,6,12,2023,2025-12-05 15:15:00,1,6,6027,2,1,1,3,Gaude Avenue De La,43.6732,7.15171
202300042066,31,8,2023,2025-12-05 15:26:00,1,75,75107,2,3,2,2,Quai Voltaire,48.859545,2.329284
202300042067,22,2,2023,2025-12-05 21:15:00,3,63,63045,1,2,2,3,Chez Barrioux D223/D212,45.789874,3.4602
202300042068,8,12,2023,2025-12-05 18:45:00,3,4,4112,2,1,8,6,Departementale 4096,43.81043,5.78221
202300042069,5,4,2023,2025-12-05 16:00:00,1,33,33192,2,3,1,3,Cours Du General De Gaulle,44.78626,-0.60494
202300042070,23,2,2023,2025-12-05 11:10:00,1,76,76192,1,1,1,6,D925,50.023821,1.342534
202300042071,31,8,2023,2025-12-05 09:54:00,1,75,75107,2,3,1,6,Quai Voltaire,48.859239,2.330217
202300042072,22,2,2023,2025-12-05 13:20:00,1,49,49030,1,1,1,6,D206,47.364874,-0.050645
202300042073,8,12,2023,2025-12-05 19:30:00,5,75,75118,2,1,1,2,Bd Peripherique Interieur,48.900675,2.333095
202300042074,5,4,2023,2025-12-05 08:15:00,1,33,33281,2,2,1,3,Avenue De L'Yser,44.84207,-0.66068
202300042075,1,9,2023,2025-12-05 00:55:00,5,75,75104,2,3,2,6,Rue Des Blancs Manteaux,48.858812,2.357364
202300042076,22,2,2023,2025-12-05 19:00:00,5,49,49069,2,3,2,3,Rue Du Four (St Laurent-Des-Autels),47.282322,-1.177136
202300042077,7,12,2023,2025-12-05 00:00:00,5,75,75112,2,1,1,7,Echangeur Bercy,48.826886,2.391831
202300042078,1,9,2023,2025-12-05 04:30:00,5,94,94078,2,3,1,6,Cite Henri Sellier,48.75303,2.4468
202300042079,23,2,2023,2025-12-05 11:20:00,1,47,47100,1,1,2,3,Rn21,44.255651,0.657077
202300042080,6,4,2023,2025-12-05 08:00:00,1,31,31555,2,1,8,5,Bd Henri Gaussen,43.66501,1.43876
202300042081,23,2,2023,2025-12-05 06:30:00,4,44,44037,1,1,8,6,Les Landes,47.08911,-1.43127
202300042082,31,3,2023,2025-12-05 15:50:00,1,30,30189,2,1,1,6,Rue Notre Dame,43.8397,4.3699
202300042083,1,9,2023,2025-12-05 17:50:00,1,94,94068,2,2,1,3,Avenue De Sebastopol,48.79404097,2.50739336
202300042084,8,12,2023,2025-12-05 14:40:00,1,75,75119,2,3,1,3,Avenue De Flandre,48.89132113,2.37788039
202300042085,23,2,2023,2025-12-05 06:55:00,3,44,44045,1,1,1,2,41 La Moisonnais,47.316396,-1.81335
202300042086,6,4,2023,2025-12-05 17:50:00,1,29,29019,2,1,1,2,Place Albert Premier,48.397786,-4.48894
202300042087,8,12,2023,2025-12-05 00:20:00,5,75,75119,2,9,3,6,Place Auguste Baron,48.90101081,2.38818294
202300042088,23,2,2023,2025-12-05 11:20:00,1,35,35184,1,1,1,1,D28 La Ville Es Mary,48.19959009,-2.01113641
202300042089,29,8,2023,2025-12-05 17:25:00,1,94,94068,2,2,1,3,Avenue Marie Louise,48.794881,2.518263
202300042090,6,4,2023,2025-12-05 09:05:00,1,29,29019,2,2,2,3,Rue De Portzmoguer,48.39384,-4.49596
202300042091,20,2,2023,2025-12-05 19:00:00,2,29,29076,1,9,1,1,Lieu Dit Koatkeneg,48.437522,-4.599098
202300042092,8,12,2023,2025-12-05 21:35:00,5,75,75117,2,4,1,2,Avenue De Saint Ouen,48.887498,2.325572
202300042093,1,9,2023,2025-12-05 09:45:00,1,94,94046,2,1,1,3,Avenue Leon Blum,48.80241834,2.43463562
202300042094,22,2,2023,2025-12-05 07:40:00,1,38,38351,1,1,8,7,Rd 522,45.530087,5.220351
202300042095,8,12,2023,2025-12-05 09:30:00,1,75,75116,2,1,8,3,Avenue Kleber,48.869661,2.291887
202300042096,7,12,2023,2025-12-05 21:30:00,5,75,75116,2,2,2,6,Avenue Kleber,48.864993,2.28867
202300042097,22,2,2023,2025-12-05 20:00:00,3,38,38179,1,1,2,1,D524,45.16477,5.804756
202300042098,5,4,2023,2025-12-05 08:15:00,1,27,27229,2,3,1,3,Euler (Rue),49.00279,1.13041
202300042099,1,9,2023,2025-12-05 12:30:00,1,94,94038,2,3,1,2,Avenue Du General De Gaulle,48.78327,2.34545
202300042100,7,12,2023,2025-12-05 06:00:00,5,75,75116,2,2,1,3,Rue Molitor,48.845343,2.257558
202300042101,6,4,2023,2025-12-05 12:20:00,1,25,25388,2,9,1,6,Hollande (Rue De La Petite),47.50365,6.79453
202300042102,5,8,2023,2025-12-05 05:21:00,5,94,94021,2,9,1,3,Av. De La Cite,48.75963,2.36519
202300042103,23,2,2023,2025-12-05 14:50:00,1,6,6148,1,1,8,3,1019 Route De Vence,43.717991,7.07019