num_acc,jour,mois,an,hrmn,lum,dep,com,agg,int,atm,col,adr,lat,long
202300042104,7,12,2023,2025-12-05 14:00:00,1,75,75114,2,4,8,6,Avenue Du General Leclerc,48.828775,2.327709
202300042105,12,2,2023,2025-12-05 10:50:00,1,73,73059,1,1,1,3,D991 - Route De Paris,45.73487969,5.89165238
202300042106,6,4,2023,2025-12-05 17:35:00,1,22,22187,2,2,1,2,Lequier (Rue Jules),48.54172,-2.77764
202300042107,1,9,2023,2025-12-05 16:45:00,1,94,94074,2,1,1,2,Chemin Des Bassins,48.76556133,2.46654895
202300042108,8,12,2023,2025-12-05 21:00:00,5,75,75109,2,1,1,7,Boulevard Des Capucines,48.870816,2.333306
202300042109,5,4,2023,2025-12-05 18:28:00,1,22,22113,2,9,1,2,Rusquet (Rond Point Du),48.75141,-3.44871
202300042110,21,2,2023,2025-12-05 13:40:00,1,21,21579,1,3,1,3,D101K,47.604456,4.883165
202300042111,8,12,2023,2025-12-05 10:40:00,1,75,75108,2,2,1,7,Place De La Concorde,48.86670198,2.32201052
202300042112,1,9,2023,2025-12-05 17:30:00,1,94,94022,2,3,1,6,Rue Pasteur,48.76768,2.41755
202300042113,8,12,2023,2025-12-05 09:35:00,1,75,75103,2,1,2,6,Rue Beaubourg,48.861796,2.353851
202300042114,22,2,2023,2025-12-05 19:00:00,3,40,40287,2,1,2,3,Chemin De La Mole,44.482846,-1.054877
202300042115,31,8,2023,2025-12-05 20:00:00,2,94,94022,2,1,2,5,Avenue Du 8 Mai 1945,48.76794,2.41027
202300042116,5,4,2023,2025-12-05 17:30:00,1,21,21166,2,1,1,2,Boulevard Marechal Leclerc,47.29331672,5.01277091
202300042117,22,2,2023,2025-12-05 23:40:00,3,87,87188,1,1,3,6,Chemin Des Biches,45.856278,1.088422
202300042118,7,12,2023,2025-12-05 20:40:00,5,75,75101,2,2,2,6,Rue Etienne Marcel,48.864198,2.347607
202300042119,22,2,2023,2025-12-05 18:25:00,2,49,49018,1,1,8,1,Rd 938 Pr 026+703,47.586252,-0.087976
202300042120,1,9,2023,2025-12-05 17:20:00,1,93,93059,2,1,1,6,Boulevard Jean Mermoz,48.97352659,2.36594439
202300042121,5,4,2023,2025-12-05 08:55:00,1,18,18279,1,1,1,1,Adresse_Inconnue,47.271512,2.059514
202300042122,7,12,2023,2025-12-05 10:15:00,1,75,75104,2,2,1,3,Rue Saint Antoine,48.853454,2.367203
202300042123,6,4,2023,2025-12-05 18:30:00,1,17,17291,1,1,1,3,112 Pk Rn137 Justice Rochefort,46.17196,-1.12105
202300042124,1,9,2023,2025-12-05 14:50:00,1,93,93077,2,1,1,3,Route De Noisy,48.88301643,2.49594435
202300042125,8,12,2023,2025-12-05 15:10:00,1,94,94067,2,3,1,6,Rue Poirier,48.84499534,2.41869164
202300042126,22,2,2023,2025-12-05 17:26:00,1,6,6088,1,1,1,5,A8 Pk 194.7 Sens France Vers L'Italie,43.716977,7.213533
202300042127,5,4,2023,2025-12-05 18:50:00,1,13,13054,2,1,1,4,8 Mai 1945 (Av Du ),43.41525,5.22415
202300042128,1,9,2023,2025-12-05 16:00:00,1,93,93049,2,6,1,6,Place Jean Mermoz / Avenue Du Marechal Foch,48.861,2.50927
202300042129,22,2,2023,2025-12-05 18:30:00,3,34,34172,1,1,3,7,"A709, Bretelle De Sortie, Sens Montpellier Nimes, Echangeur De Montpellier Est",43.605412,3.932204
202300042130,8,12,2023,2025-12-05 00:38:00,5,94,94080,2,3,3,3,Avenue De Paris,48.84536743,2.4306744
202300042131,31,8,2023,2025-12-05 23:50:00,5,93,93005,2,1,2,6,Rue Eugene Delacroix,48.95333844,2.49903209
202300042132,6,4,2023,2025-12-05 17:50:00,1,13,13203,2,2,1,3,National (Boulevard),43.30784083,5.3816539
202300042133,23,2,2023,2025-12-05 07:01:00,2,69,69013,1,1,1,5,Route Departementale 16,46.034044,4.715903
202300042134,3,4,2023,2025-12-05 03:50:00,2,13,13216,1,1,1,6,Estaque Plage,43.36039898,5.29852763
202300042135,12,9,2023,2025-12-05 09:06:00,1,93,93001,2,1,1,3,Rue De La Haie Coq,48.90414785,2.37224489
202300042136,18,2,2023,2025-12-05 20:45:00,3,73,73257,1,1,1,7,D96,45.46478256,6.52808726
202300042137,8,12,2023,2025-12-05 18:00:00,5,94,94044,2,3,2,3,Rue Pasteur,48.74666,2.48879
202300042138,6,4,2023,2025-12-05 15:15:00,1,13,13212,2,4,1,1,Saint Jean Du Desert (Chemin),43.298,5.436
202300042139,22,2,2023,2025-12-05 23:49:00,3,974,97418,1,1,1,6,Route Nationale 2,-20.902968,55.542079
202300042140,31,8,2023,2025-12-05 15:20:00,1,92,92064,2,2,2,6,Silly,48.84435908,2.21858561
202300042141,6,4,2023,2025-12-05 14:00:00,1,13,13206,2,1,1,1,Theodore Thurner (Boulevard),43.29206383,5.38305557
202300042142,8,12,2023,2025-12-05 16:10:00,1,94,94068,2,2,1,3,Rue Beranger,48.79259,2.49508
202300042143,22,2,2023,2025-12-05 19:30:00,5,978,97801,2,1,1,5,R De Morne Valois,18.076031,-63.0784
202300042144,1,9,2023,2025-12-05 15:10:00,1,92,92063,2,2,2,3,Colmar (Avenue De),48.88714461,2.16963033
202300042145,6,4,2023,2025-12-05 13:50:00,1,13,13208,2,1,1,6,Michelet (Boulevard),43.26166499,5.39742849
202300042146,21,2,2023,2025-12-05 21:58:00,3,95,95370,1,1,1,7,Rd 28,49.15204867,1.97881301
202300042147,8,12,2023,2025-12-05 08:15:00,2,94,94068,2,2,2,3,Boulevard De La Marne,48.79174,2.50363
202300042148,6,4,2023,2025-12-05 08:15:00,1,13,13215,2,1,1,2,Henri Barnier (Boulevard),43.37338,5.35415
202300042149,1,9,2023,2025-12-05 17:50:00,1,92,92062,2,9,1,3,Pelloutier (Rue Fernand) Du 9 Au 17,48.88459806,2.23432159
202300042150,23,2,2023,2025-12-05 09:45:00,1,84,84078,1,3,8,7,Chemin Des Pres,44.243777,4.72131
202300042151,5,4,2023,2025-12-05 18:30:00,1,13,13005,2,1,1,1,Condamine (Traverse De La),43.2951,5.56681
202300042152,9,2,2023,2025-12-05 10:16:00,1,6,6157,2,9,7,6,Avenue Victor Tuby,43.723312,7.10691
202300042153,8,12,2023,2025-12-05 09:00:00,1,94,94043,2,3,8,3,Rue De La Convention,48.81213,2.35683
202300042154,5,4,2023,2025-12-05 20:00:00,2,10,10387,2,6,1,6,Rue Du General Sarrail,48.3076,4.04347
202300042155,1,9,2023,2025-12-05 09:55:00,1,92,92020,2,1,1,4,De Gaulle Carrefour Charles,48.80074393,2.28340298
202300042156,22,2,2023,2025-12-05 22:30:00,3,55,55531,1,1,8,6,D122,48.814176,5.031341
202300042157,23,2,2023,2025-12-05 09:00:00,1,3,3265,1,1,1,7,D15,46.491243,3.751681
202300042158,8,12,2023,2025-12-05 00:50:00,5,94,94041,2,9,2,6,Avenue De Verdun,48.81308,2.37084
202300042159,1,9,2023,2025-12-05 17:45:00,1,92,92048,2,1,1,2,Robert Schuman (Avenue),48.78861513,2.23468646
202300042160,5,4,2023,2025-12-05 19:00:00,1,10,10325,2,1,1,2,Route D'Auxerre,48.26479586,4.04082835
202300042161,23,2,2023,2025-12-05 14:35:00,1,3,3286,1,1,1,6,Rn7 - Pk 025+000,46.487483,3.365303
202300042162,1,9,2023,2025-12-05 17:00:00,1,92,92012,2,9,1,3,Pont De Billancourt (Place Du),48.82507,2.24837
202300042163,23,2,2023,2025-12-05 01:35:00,4,73,73215,1,6,1,6,D925,45.452785,6.103098
202300042164,8,12,2023,2025-12-05 20:50:00,5,94,94046,2,1,2,6,Rue Du Plateau,48.804166,2.450819
202300042165,5,4,2023,2025-12-05 12:15:00,1,10,10387,2,1,1,1,Lombards (Avenue),48.27806,4.06761
202300042166,1,9,2023,2025-12-05 00:05:00,5,80,80016,2,1,1,6,Rue Jean Jaures,49.999781,2.650988
202300042167,5,4,2023,2025-12-05 08:10:00,1,10,10333,2,9,7,1,Montesquieu (Rue De),48.27647,4.06471
202300042168,7,12,2023,2025-12-05 22:05:00,5,94,94011,2,1,3,2,Rue Pierre Semard,48.76295,2.47976
202300042169,22,2,2023,2025-12-05 16:15:00,1,38,38072,2,6,8,5,Rue De Revollon,45.319142,4.809464
202300042170,1,9,2023,2025-12-05 17:36:00,1,17,17420,2,1,1,1,D109,46.082504,-1.078259
202300042171,6,4,2023,2025-12-05 16:25:00,1,6,6069,2,1,1,1,"Sainte Anne (Chemin, Vieux Chemin Et Pla",43.648191,6.907589
202300042172,8,12,2023,2025-12-05 07:40:00,3,94,94004,1,1,2,3,N19,48.75886,2.50149
202300042173,18,2,2023,2025-12-05 22:02:00,3,22,22162,1,1,1,3,D786,48.764648,-3.03978
202300042174,8,12,2023,2025-12-05 09:05:00,1,94,94002,2,6,2,3,Rue Victor Hugo,48.80447,2.41951
202300042175,18,2,2023,2025-12-05 19:57:00,3,22,22086,1,1,1,3,1 Route Du Reste,48.72674305,-3.03408131
202300042176,31,8,2023,2025-12-05 17:30:00,1,31,31182,2,1,1,2,61 Route De Paris,43.672082,1.410064
202300042177,8,12,2023,2025-12-05 09:00:00,1,93,93066,2,1,8,6,Rue Du Landy,48.91539435,2.35622308
202300042178,6,4,2023,2025-12-05 15:10:00,1,4,4112,2,1,1,4,Pompidou (Av.Georges),43.82239,5.78672
202300042179,8,12,2023,2025-12-05 08:20:00,2,93,93055,2,3,2,3,Avenue Edouard Vaillant / Avenue De La Gare,48.8975,2.39934
202300042180,1,9,2023,2025-12-05 17:00:00,1,974,97404,2,1,1,7,33 Avenue Raymond Barre,-21.267602,55.370867
202300042181,12,2,2023,2025-12-05 19:46:00,5,59,59506,2,2,1,3,Rue Clemenceau,50.203605,3.533998
202300042182,8,12,2023,2025-12-05 14:05:00,1,93,93051,2,1,8,1,Boulevard Du Ru De Nesles,48.83455,2.58312
202300042183,6,4,2023,2025-12-05 21:19:00,5,75,75118,2,1,1,2,Porte D Aubervilliers,48.90086,2.365712
202300042184,1,9,2023,2025-12-05 14:00:00,1,1,1153,1,1,1,7,Route De Mury,46.310004,6.04763
202300042185,8,12,2023,2025-12-05 12:28:00,1,93,93031,2,1,1,6,Rue Du Chemin Vert,48.95795923,2.3210781
202300042186,2,9,2023,2025-12-05 15:00:00,1,38,38566,1,1,1,7,D1092,45.320704,5.527089
202300042187,7,4,2023,2025-12-05 22:50:00,5,75,75105,2,2,1,2,Boulevard Saint Germain,48.84945,2.354399
202300042188,8,12,2023,2025-12-05 21:10:00,5,92,92062,2,1,1,3,De Dion Bouton (Quai) Du 1 Au 28,48.87484351,2.2377035
202300042189,6,4,2023,2025-12-05 08:25:00,1,75,75120,2,3,2,6,Rue Des Pyrenees,48.871984,2.391882
202300042190,2,9,2023,2025-12-05 02:10:00,3,85,85301,1,1,8,2,Rd 160,46.83094,-1.10854
202300042191,8,12,2023,2025-12-05 11:05:00,1,92,92050,2,1,1,2,Commune De Paris Avenue De La,48.89958367,2.19935529
202300042192,7,4,2023,2025-12-05 03:30:00,5,75,75119,2,2,1,2,Rue Alexander Fleming,48.882004,2.402494
202300042193,8,12,2023,2025-12-05 15:59:00,1,92,92044,2,1,1,2,Charles Pasqua(Quai) 2 A 30,48.89863387,2.27796793
202300042194,2,9,2023,2025-12-05 10:50:00,1,67,67414,2,4,1,6,Place Du General De Gaulle,48.457037,7.207635
202300042195,7,4,2023,2025-12-05 20:00:00,1,75,75118,2,3,1,3,Rue De Clignancourt,48.8838,2.347021
202300042196,2,9,2023,2025-12-05 08:15:00,3,65,65165,1,1,2,6,D77,43.040924,0.330437
202300042197,8,12,2023,2025-12-05 00:56:00,5,92,92044,2,3,2,3,Louise Michel(Rue) 41+ Et 39+,48.88936087,2.28887647
202300042198,6,4,2023,2025-12-05 23:00:00,5,75,75115,2,2,1,3,Place Fernand Forest,48.849356,2.281596
202300042199,31,8,2023,2025-12-05 11:30:00,1,81,81101,1,9,1,3,Route Nationale 88,43.9911548,2.1746011
202300042200,8,12,2023,2025-12-05 15:00:00,1,92,92036,2,4,1,2,Pierre De Coubertin Prolonge,48.93622622,2.27939241
202300042201,6,4,2023,2025-12-05 08:54:00,1,75,75107,2,3,2,2,Place Andre Tardieu,48.851504,2.31398
202300042202,8,12,2023,2025-12-05 12:30:00,1,92,92035,2,9,1,3,Auguste Buisson ( Rue ),48.9126625,2.2514981
202300042203,1,9,2023,2025-12-05 17:10:00,1,11,11033,1,1,1,6,14 Avenue Du Pont De L'Hers,43.200045,1.738485
202300042204,7,4,2023,2025-12-05 17:55:00,1,75,75101,2,2,1,6,Boulevard De Sebastopol,48.858723,2.348342
202300042205,7,12,2023,2025-12-05 18:55:00,5,92,92025,2,3,2,6,Paul Bert (Rue),48.92563378,2.24745724
202300042206,1,9,2023,2025-12-05 17:45:00,1,89,89133,2,1,1,3,223 Champ Des Roches,47.993778,3.186015
202300042207,7,4,2023,2025-12-05 11:05:00,1,75,75109,2,2,1,6,Rue De Chateaudun,48.875892,2.33989
202300042208,1,9,2023,2025-12-05 16:27:00,1,63,63003,1,9,1,1,Les Chaux Rd 996 Route Des Pradeaux,45.53671267,3.77639501
202300042209,8,12,2023,2025-12-05 16:00:00,1,92,92071,2,3,1,3,Houdan (Rue),48.77901214,2.28373826
202300042210,7,4,2023,2025-12-05 09:50:00,1,94,94041,2,3,1,1,Quai Jules Guesde / Rue De La Baignade,48.80844,2.40775
202300042211,10,11,2023,2025-12-05 19:10:00,2,92,92036,2,1,1,2,Bas ( Rue Des ),48.9192375,2.29002786
202300042212,7,4,2023,2025-12-05 14:00:00,1,94,94065,2,1,1,3,Avenue Charles Lindbergh,48.75423453,2.34791762
202300042213,30,8,2023,2025-12-05 12:54:00,1,35,35040,1,1,1,3,Route De L'Abbaye,48.131768,-1.936529
202300042214,8,12,2023,2025-12-05 22:54:00,3,35,35145,1,3,1,3,Le Chene Mort,47.717854,-1.87745
202300042215,7,4,2023,2025-12-05 19:25:00,1,94,94033,2,7,1,1,Place Moreau-David,48.84388217,2.46485078
202300042216,1,12,2023,2025-12-05 07:30:00,5,35,35236,2,4,1,6,18 Boulevard Bonne Nouvelle,47.653524,-2.075365
202300042217,2,9,2023,2025-12-05 16:30:00,1,29,29113,1,1,1,1,D78,48.661858,-3.737454
202300042218,7,4,2023,2025-12-05 08:40:00,1,94,94054,2,3,1,1,Rue Pierre Semard / Voie Du Bouvray,48.74704519,2.4187181
202300042219,8,12,2023,2025-12-05 18:35:00,3,37,37160,1,1,5,1,Rd73,47.570873,1.017834
202300042220,1,9,2023,2025-12-05 16:45:00,1,38,38511,2,1,1,6,Parking De La Mairie,45.359519,5.950982
202300042221,7,4,2023,2025-12-05 13:15:00,1,94,94060,2,1,1,2,Rue Du General De Gaulle,48.78084,2.57336
202300042222,9,12,2023,2025-12-05 06:55:00,3,87,87183,1,2,3,6,La Vieille Crouzille,45.989925,1.327929
202300042223,7,4,2023,2025-12-05 19:00:00,1,94,94017,2,3,1,3,Avenue Therese,48.81216,2.55865
202300042224,1,9,2023,2025-12-05 18:25:00,1,38,38422,1,1,1,1,709 Route De Gieres,45.149256,5.826096
202300042225,8,12,2023,2025-12-05 20:05:00,3,49,49092,1,2,2,3,D160,47.270239,-0.67104
202300042226,7,4,2023,2025-12-05 15:00:00,1,94,94017,2,1,1,2,Avenue Ambroise Croizat,48.814822,2.527585
202300042227,5,4,2023,2025-12-05 15:40:00,1,94,94002,2,1,1,6,14 Rue Roger Mordrel,48.80665824,2.42211185
202300042228,9,12,2023,2025-12-05 18:00:00,5,35,35308,2,3,6,6,Place De La Gare,48.446972,-1.91609
202300042229,2,9,2023,2025-12-05 12:30:00,1,2,2433,1,4,1,1,Adresse_Inconnue,49.670971,4.013641
202300042230,7,4,2023,2025-12-05 18:10:00,1,92,92073,2,9,1,6,Croix-Du-Roy (Carrefour De La),48.86170468,2.21237451
202300042231,9,12,2023,2025-12-05 14:40:00,1,14,14061,1,2,9,3,D298,48.951275,-0.804405
202300042232,30,8,2023,2025-12-05 22:45:00,5,84,84148,2,2,1,3,Chemin Des Pierres,44.056661,5.231843
202300042233,7,4,2023,2025-12-05 08:45:00,1,92,92077,2,6,1,6,Rue De Saint Cloud,48.8269,2.18852
202300042234,9,12,2023,2025-12-05 00:15:00,3,30,30209,1,1,8,7,Chemin Des Falaises,43.98057847,4.76179022
202300042235,1,9,2023,2025-12-05 07:20:00,1,1,1069,1,1,1,6,D64,46.12247141,5.24042487
202300042236,7,4,2023,2025-12-05 12:40:00,1,92,92063,2,6,1,3,Regnault (Rue Henri),48.8594,2.18329
202300042237,8,12,2023,2025-12-05 16:57:00,2,77,77239,1,2,8,3,Intersection D215/D209,48.657407,3.103251
202300042238,8,12,2023,2025-12-05 16:00:00,2,76,76372,1,2,7,3,D929,49.751909,1.659429
202300042239,6,4,2023,2025-12-05 16:15:00,1,92,92048,2,1,1,4,Gardes (Route Des) Ndeg 42 A 78,48.81874648,2.23161221
202300042240,1,9,2023,2025-12-05 14:50:00,1,1,1133,1,6,1,3,Cd 992,45.782572,5.769088
202300042241,9,12,2023,2025-12-05 07:44:00,2,82,82149,1,1,2,1,D820,44.124502,1.491147
202300042242,6,4,2023,2025-12-05 19:30:00,1,92,92036,2,6,1,6,Principale Du Port (Route) (1/17),48.93598,2.26749
202300042243,8,12,2023,2025-12-05 20:40:00,3,71,71282,1,1,2,6,D28,46.81091,4.385253
202300042244,7,4,2023,2025-12-05 11:30:00,1,92,92026,2,1,1,2,Alma,48.89670599,2.25368214
202300042245,9,12,2023,2025-12-05 01:05:00,3,68,68006,1,1,2,6,D466,47.689067,7.199371
202300042246,1,9,2023,2025-12-05 17:00:00,1,7,7027,1,1,1,6,D86,44.827096,4.809032
202300042247,7,4,2023,2025-12-05 17:28:00,1,92,92023,2,2,1,1,Henri Barbusse (Avenue),48.81301422,2.25795597
202300042248,9,12,2023,2025-12-05 05:48:00,5,68,68004,2,1,1,1,16 Rue Gilardoni,47.624435,7.239982
202300042249,1,9,2023,2025-12-05 19:00:00,1,40,40122,1,1,1,2,Cd 933 N/S,43.820858,-0.539961
202300042250,7,4,2023,2025-12-05 12:15:00,1,92,92019,2,1,1,3,Bois (Avenue Du),48.77198,2.25406
202300042251,9,12,2023,2025-12-05 00:40:00,3,29,29110,1,1,3,6,Croas Ar Stang,48.06452186,-3.93124404
202300042252,1,9,2023,2025-12-05 23:55:00,3,17,17022,1,1,1,7,Rd 150,45.877416,-0.523181
202300042253,9,12,2023,2025-12-05 02:05:00,3,13,13036,1,1,1,1,D34,43.851674,4.84055
202300042254,7,4,2023,2025-12-05 18:20:00,1,50,50167,2,1,1,2,Chemin Montois,48.724767,-1.52217
202300042255,8,4,2023,2025-12-05 09:20:00,1,37,37024,2,1,1,6,3 Rue De La Republique,47.296182,0.213854
202300042256,8,12,2023,2025-12-05 08:00:00,2,2,2185,1,1,2,1,D11,49.117106,3.184501
202300042257,2,9,2023,2025-12-05 17:50:00,1,37,37234,1,3,1,3,Pk 43 D31,47.232639,1.023467
202300042258,8,4,2023,2025-12-05 15:00:00,1,2A,2A065,1,1,1,7,"Route Departemnatle 81, Lieu Dit Rocca Marina",42.137063,8.616688
202300042259,9,12,2023,2025-12-05 08:30:00,2,2,2397,2,1,3,6,Rue Du 8 Mai 1945,49.719829,3.230683
202300042260,8,4,2023,2025-12-05 03:09:00,5,6,6149,2,1,1,7,1 Avenue-Jean-Moulin,43.7454729,7.3246235
202300042261,2,9,2023,2025-12-05 15:33:00,1,52,52121,1,1,1,7,Rd 674,48.1295946,5.1947923
202300042262,8,12,2023,2025-12-05 19:00:00,3,3,3073,1,1,8,1,D2009,46.473205,3.316087
202300042263,7,4,2023,2025-12-05 11:25:00,1,84,84088,1,1,1,2,Grande Route De Carpentras,44.018624,5.051517
202300042264,1,9,2023,2025-12-05 22:15:00,3,88,88351,1,1,1,7,D63,47.982475,6.445144
202300042265,26,2,2023,2025-12-05 13:42:00,1,11,11307,1,1,6,2,D311,43.220283,2.869449
202300042266,8,12,2023,2025-12-05 15:40:00,1,14,14739,2,3,8,7,28 Avenue Du 6 Juin,49.34235,-0.51751
202300042267,8,4,2023,2025-12-05 01:30:00,4,60,60260,1,1,1,6,D32,49.278466,2.940806
202300042268,8,12,2023,2025-12-05 17:40:00,5,10,10034,2,3,1,3,Rue De La Treille,48.120035,4.383341
202300042269,8,4,2023,2025-12-05 08:20:00,1,87,87025,1,1,1,6,Les Landes,45.750696,1.168574
202300042270,1,9,2023,2025-12-05 19:45:00,1,24,24300,1,1,1,3,Voie Des Crabeneades,44.778903,1.295266
202300042271,8,4,2023,2025-12-05 16:00:00,1,62,62092,2,1,1,6,Rue Verte,50.282113,2.498488
202300042272,8,12,2023,2025-12-05 07:50:00,3,28,28298,1,1,1,6,D26.1,48.569579,1.547527
202300042273,8,12,2023,2025-12-05 14:50:00,1,17,17147,1,4,1,3,Rue Du Minage,45.824852,-0.498269
202300042274,1,9,2023,2025-12-05 07:40:00,1,987,98715,1,1,1,7,Rdo,-17.552735,-149.593471
202300042275,7,4,2023,2025-12-05 21:40:00,3,65,65138,1,1,1,5,Route De Pierrefitte,42.912466,-0.098201
202300042276,8,12,2023,2025-12-05 17:50:00,3,37,37046,1,1,1,1,D764,47.275997,1.165195
202300042277,7,4,2023,2025-12-05 23:15:00,3,63,63040,1,1,1,7,Chemin De Terre  Entre Tinlhat Et Chas,45.734871,3.300769
202300042278,2,9,2023,2025-12-05 06:15:00,3,47,47214,1,1,1,6,Autoroute A 62,44.341837,0.251613
202300042279,8,12,2023,2025-12-05 21:08:00,3,30,30272,1,1,1,7,D999,43.98418269,3.68488338
202300042280,7,4,2023,2025-12-05 10:30:00,1,12,12006,1,2,1,3,Intersection D56/D25 - Lacapelle Farcel,44.141466,2.651197
202300042281,1,9,2023,2025-12-05 17:20:00,1,74,74081,2,3,1,6,Rue Du Pre Benevix,46.05918,6.581411
202300042282,7,4,2023,2025-12-05 20:30:00,3,39,39399,1,1,2,6,Adresse_Inconnue,46.972405,5.669203
202300042283,8,12,2023,2025-12-05 17:25:00,3,38,38397,1,1,1,2,A41,45.228533,5.827968
202300042284,2,9,2023,2025-12-05 06:40:00,1,51,51183,1,1,1,7,A26 Pk 253,49.322178,3.984234
202300042285,7,4,2023,2025-12-05 09:45:00,1,35,35207,1,1,5,5,Les Patissiaux,48.08162226,-1.4775297
202300042286,8,12,2023,2025-12-05 07:50:00,5,45,45053,1,2,8,3,D50 Pr 1 + 40,47.601468,2.766602
202300042287,1,9,2023,2025-12-05 15:35:00,1,34,34032,1,1,1,2,Autoroute A9 Pk 166.300 Sens Montpellier-Espagne,43.304054,3.225195
202300042288,8,4,2023,2025-12-05 11:15:00,1,29,29074,2,6,1,6,Rue Des Genets,48.489993,-3.996513
202300042289,8,12,2023,2025-12-05 23:45:00,3,13,13058,1,1,1,7,2550 Rd 17 Dite Route De Mouries,43.703538,4.832071
202300042290,1,9,2023,2025-12-05 15:00:00,1,21,21684,1,1,1,2,"Autoroute A31, Pk 9",47.025484,4.873324
202300042291,8,4,2023,2025-12-05 11:15:00,1,29,29174,1,3,1,3,Kerguelloux Vihan,47.928187,-4.278692
202300042292,8,12,2023,2025-12-05 18:30:00,4,45,45144,1,3,1,3,99 Route De Darvoy,47.84090107,2.10211247
202300042293,7,4,2023,2025-12-05 19:30:00,2,73,73162,1,1,1,1,D1090,45.605977,6.28154
202300042294,7,12,2023,2025-12-05 12:55:00,1,4,4245,1,2,1,3,Chemin Du Pont Vieux,43.873848,5.848991
202300042295,2,9,2023,2025-12-05 14:15:00,1,77,77005,1,1,1,1,D418,48.905019,2.709731
202300042296,8,4,2023,2025-12-05 09:50:00,1,18,18028,1,2,1,3,Adresse_Inconnue,47.151567,2.284212
202300042297,1,9,2023,2025-12-05 08:45:00,1,77,77388,2,3,2,2,Rue Du 8 Mai 1945,48.961656,3.147529
202300042298,8,12,2023,2025-12-05 16:15:00,1,10,10095,1,-1,1,3,Route Departementale 56,48.550642,4.142492
202300042299,8,4,2023,2025-12-05 18:00:00,1,43,43224,1,1,1,7,Les Saint Martin,45.266279,4.261751
202300042300,8,4,2023,2025-12-05 13:15:00,1,10,10005,2,3,1,7,Grande Rue,48.290857,4.515011
202300042301,8,12,2023,2025-12-05 18:10:00,5,69,69171,2,3,2,3,Quai De La Brevenne,45.811178,4.599715
202300042302,2,9,2023,2025-12-05 01:00:00,3,66,66190,1,1,1,5,Adresse_Inconnue,42.842231,2.926238
202300042303,9,12,2023,2025-12-05 07:30:00,3,85,85236,1,1,3,6,Rd12,46.64354,-1.750214
202300042304,8,4,2023,2025-12-05 18:15:00,1,21,21136,1,1,1,1,Cd971,47.450784,4.762623
202300042305,1,9,2023,2025-12-05 19:45:00,1,11,11190,1,1,1,7,Adresse_Inconnue,43.255002,2.641804
202300042306,9,12,2023,2025-12-05 08:10:00,3,60,60045,1,1,3,2,D134,49.224752,2.670987
202300042307,1,9,2023,2025-12-05 20:00:00,2,68,68309,2,1,1,7,Rue Poincare,47.660882,7.448639
202300042308,25,3,2023,2025-12-05 22:15:00,3,85,85130,1,1,1,7,D948,46.787833,-1.701105
202300042309,8,12,2023,2025-12-05 18:20:00,5,80,80212,2,1,1,3,Rue Gambetta,49.912733,2.515133
202300042310,2,9,2023,2025-12-05 17:15:00,1,88,88512,2,3,1,6,Grande Rue,48.227514,6.634649
202300042311,8,12,2023,2025-12-05 07:45:00,2,13,13001,1,1,3,2,A51-Sens Aix En Provence Vers Marseille,43.51144213,5.42077028
202300042312,8,4,2023,2025-12-05 20:45:00,1,85,85154,1,3,1,3,La Croix Renard,46.64255,-0.824066
202300042313,1,9,2023,2025-12-05 17:45:00,1,54,54364,1,1,1,5,D331,48.599111,6.137714
202300042314,8,12,2023,2025-12-05 06:30:00,3,13,13026,1,1,3,5,A55-Sens Martigues Vers Marseille,43.40012173,5.09963791
202300042315,8,4,2023,2025-12-05 12:30:00,1,85,85108,2,3,1,3,Rue De Grasla,46.907261,-1.370209
202300042316,31,8,2023,2025-12-05 17:45:00,1,26,26072,1,4,1,1,D109,45.127091,4.897896
202300042317,8,12,2023,2025-12-05 07:25:00,2,13,13005,1,1,1,4,A501-Sens Pont De L'Etoile Vers Aubagne,43.29224,5.55601
202300042318,8,4,2023,2025-12-05 14:00:00,1,27,27437,1,1,1,6,Departementale 14 Bis,49.311414,1.53564
202300042319,1,9,2023,2025-12-05 09:10:00,1,17,17452,2,1,1,7,24 Avenue De La Cote De Beaute,45.789518,-1.159208
202300042320,7,4,2023,2025-12-05 19:15:00,1,30,30266,2,1,1,6,Route De Saint Sauveur,44.257837,4.289163
202300042321,8,12,2023,2025-12-05 22:55:00,3,33,33366,1,1,1,4,Autoroute A 10,45.00027784,-0.42682528
202300042322,1,9,2023,2025-12-05 17:55:00,1,85,85178,1,9,1,2,Rd 6,46.756594,-1.545663
202300042323,8,4,2023,2025-12-05 15:30:00,1,8,8459,1,1,1,2,D981,49.655513,5.251583
202300042324,8,12,2023,2025-12-05 16:15:00,1,33,33249,1,1,1,2,Rocade A 630,44.8791,-0.53327
202300042325,8,12,2023,2025-12-05 16:05:00,1,33,33192,1,1,1,6,Rocade A 630,44.78921123,-0.62005699
202300042326,30,8,2023,2025-12-05 17:00:00,1,14,14720,2,2,1,3,23 Rue Du 7 Juin 1944,48.949594,-0.280366
202300042327,7,4,2023,2025-12-05 17:45:00,1,973,97309,2,1,1,3,Avenue Cyprien Gildon,4.91805547,-52.2793799
202300042328,19,3,2023,2025-12-05 17:50:00,1,34,34255,1,1,1,3,Rd 986,43.676237,3.820581
202300042329,5,12,2023,2025-12-05 09:25:00,1,59,59028,1,1,1,4,Autoroute A21,50.41186,3.03391