num_acc,jour,mois,an,hrmn,lum,dep,com,agg,int,atm,col,adr,lat,long
202300042330,1,9,2023,2025-12-05 11:30:00,1,22,22198,1,2,1,5,Route De L?Ile Grande,48.789511,-3.55163
202300042331,7,4,2023,2025-12-05 17:25:00,1,38,38485,1,1,2,1,603 Route De Saint-Nizier,45.171131,5.667036
202300042332,7,12,2023,2025-12-05 19:00:00,3,59,59378,1,1,2,6,Route Departementale 652,50.68483,3.11117
202300042333,1,9,2023,2025-12-05 14:30:00,1,35,35105,1,1,1,6,Lieu Dit La Haute Maison,48.113785,-1.155903
202300042334,6,4,2023,2025-12-05 22:00:00,3,987,98724,1,1,1,7,District Maroe,-16.752,-150.997
202300042335,8,12,2023,2025-12-05 08:00:00,2,91,91086,1,1,8,2,Rn 104,48.62368,2.384
202300042336,1,9,2023,2025-12-05 15:55:00,1,35,35194,1,2,1,6,Lieu Dit La Ville En Bois,48.14545,-1.25401
202300042337,8,4,2023,2025-12-05 14:20:00,1,988,98817,2,3,1,2,Rps2,-22.241681,166.577113
202300042338,8,12,2023,2025-12-05 08:05:00,2,91,91228,1,1,1,3,Autoroute A6,48.61975,2.42602
202300042339,7,4,2023,2025-12-05 15:12:00,1,972,97230,1,1,1,1,Route De La Moise,14.739177,-60.951473
202300042340,1,9,2023,2025-12-05 16:45:00,1,76,76345,1,2,1,3,Chemin Departemental 8,49.591571,1.693037
202300042341,8,12,2023,2025-12-05 18:00:00,3,92,92050,1,1,1,4,A86,48.91536269,2.22043859
202300042342,7,4,2023,2025-12-05 19:45:00,1,45,45039,2,1,1,6,7 Route Des Bordes,47.79689,2.38288
202300042343,2,9,2023,2025-12-05 03:20:00,3,60,60451,2,1,1,6,Rue De Clermont,49.356722,2.394451
202300042344,8,12,2023,2025-12-05 00:33:00,5,92,92063,1,1,2,6,A86,48.88652814,2.16549995
202300042345,6,4,2023,2025-12-05 09:00:00,1,91,91038,2,1,2,2,23 Rue Saint Fiacre,48.485534,2.207957
202300042346,7,12,2023,2025-12-05 19:37:00,3,78,78640,1,1,2,3,A86 Int,48.7784096,2.2081719
202300042347,8,4,2023,2025-12-05 05:00:00,3,66,66227,1,1,1,6,D39,42.63660024,2.92869329
202300042348,2,9,2023,2025-12-05 08:05:00,1,59,59036,2,1,1,6,Rue D'Aulnoye,50.131214,3.923927
202300042349,8,12,2023,2025-12-05 11:10:00,1,93,93048,1,1,8,3,Autoroute A3,48.87313,2.43576
202300042350,30,8,2023,2025-12-05 23:10:00,3,13,13028,1,1,6,6,A50-Sens Toulon Vers Aubagne,43.20591,5.59074
202300042351,8,4,2023,2025-12-05 01:35:00,3,66,66208,1,1,1,4,D914,42.63217353,2.94197828
202300042352,31,8,2023,2025-12-05 17:57:00,1,13,13043,1,1,1,4,A55-Sens Martigues Vers Marseille,43.38575,5.23991
202300042353,8,12,2023,2025-12-05 00:05:00,3,93,93066,1,1,3,4,Autoroute A86,48.92231113,2.35858548
202300042354,7,4,2023,2025-12-05 22:40:00,3,69,69009,1,1,1,6,2125 Route De Villefranche,45.956038,4.714999
202300042355,7,12,2023,2025-12-05 22:40:00,5,93,93048,1,1,3,6,Autoroute A3,48.87077,2.43171
202300042356,5,4,2023,2025-12-05 17:30:00,1,9,9102,1,1,1,3,D119,43.072673,1.81648
202300042357,1,9,2023,2025-12-05 16:48:00,1,91,91377,1,1,1,4,Rd 188,48.72932,2.29635
202300042358,23,3,2023,2025-12-05 16:58:00,1,31,31395,2,1,1,6,58 Avenue Jacques Douzans,43.46948,1.32941
202300042359,7,12,2023,2025-12-05 23:30:00,3,95,95306,1,1,3,5,A15,49.00451,2.16732
202300042360,26,9,2023,2025-12-05 21:45:00,5,91,91477,2,1,1,6,Stalingrad (Avenue De),48.71723,2.25088
202300042361,8,4,2023,2025-12-05 11:30:00,1,40,40182,1,2,1,1,D38,44.088799,-1.154224
202300042362,30,8,2023,2025-12-05 22:00:00,4,94,94021,1,1,1,5,A6B,48.77137155,2.34509948
202300042363,8,4,2023,2025-12-05 01:00:00,3,22,22001,1,1,1,6,Gaudin,48.316224,-2.872303
202300042364,30,8,2023,2025-12-05 10:40:00,1,78,78217,1,1,1,6,A13,48.964934,1.819044
202300042365,7,10,2023,2025-12-05 17:33:00,1,49,49246,2,3,1,3,Gaulle Rue Charles De,47.42262,-0.52375
202300042366,8,4,2023,2025-12-05 13:00:00,1,59,59477,2,1,1,3,Rue Guy Mollet,50.515248,2.909816
202300042367,1,9,2023,2025-12-05 17:10:00,1,93,93027,1,1,1,3,Autoroute A1,48.93677,2.4087
202300042368,1,9,2023,2025-12-05 05:40:00,3,95,95582,1,1,1,6,A115,48.98024046,2.24094272
202300042369,6,4,2023,2025-12-05 08:52:00,1,13,13212,1,1,1,4,A507 Sens Marseille - Aubagne,43.29108,5.42426
202300042370,16,9,2023,2025-12-05 09:40:00,1,13,13077,2,1,3,6,Bonnet Fernand (Rue),43.40632,4.98621
202300042371,1,9,2023,2025-12-05 02:10:00,3,93,93027,1,1,2,6,Autoroute A86,48.92565743,2.40075946
202300042372,6,4,2023,2025-12-05 09:57:00,1,13,13212,1,1,1,3,A507 Sens Aubagne- Marseille,43.30348593,5.42520418
202300042373,5,1,2023,2025-12-05 19:55:00,5,92,92048,2,9,2,7,Gardes (Route Des) Ndeg 42 A 78,48.81883008,2.23488986
202300042374,1,8,2023,2025-12-05 15:45:00,1,71,71436,1,1,1,6,Pomenade Charles Winter,46.736464,4.484562
202300042375,7,4,2023,2025-12-05 12:20:00,1,69,69152,1,1,1,4,Autoroute 450,45.69574,4.83231
202300042376,31,8,2023,2025-12-05 23:00:00,3,93,93007,1,1,3,4,Autoroute A3,48.94215817,2.47819483
202300042377,31,8,2023,2025-12-05 18:30:00,1,95,95212,1,1,1,6,A1,49.02633,2.53647
202300042378,17,9,2023,2025-12-05 22:15:00,3,66,66015,1,1,1,6,D40,42.571141,2.847235
202300042379,31,3,2023,2025-12-05 05:50:00,3,69,69029,1,1,1,4,Autoroute 43,45.72469,4.92533
202300042380,31,8,2023,2025-12-05 07:45:00,1,976,97611,2,1,1,6,Cavani-Belle Vue (Rue),-12.78476,45.22272
202300042381,6,12,2023,2025-12-05 20:50:00,5,988,98818,2,2,1,3,Route Du Port Despointes/Rue Bougainville,-22.27863,166.4511
202300042382,1,4,2023,2025-12-05 16:15:00,1,69,69199,1,1,2,2,Route Departementale 383,45.70469,4.84397
202300042383,31,8,2023,2025-12-05 21:00:00,3,974,97416,2,1,1,2,Assises (Chemin Des),-21.28943,55.46133
202300042384,7,4,2023,2025-12-05 17:40:00,1,33,33318,1,1,1,2,Rocade A 630,44.78816044,-0.63237906
202300042385,7,12,2023,2025-12-05 15:30:00,1,974,97416,1,1,1,4,Trois Marre (Chemin),-21.29787,55.44208
202300042386,31,8,2023,2025-12-05 19:20:00,3,974,97416,1,1,1,6,Rn2 (1),-21.33674,55.48958
202300042387,31,8,2023,2025-12-05 14:00:00,1,974,97411,2,6,1,7,Jaures (Bld 2 Jean),-20.8936,55.47051
202300042388,7,12,2023,2025-12-05 08:00:00,2,69,69388,2,1,1,3,Avenue General Frere,45.72746108,4.88411173
202300042389,5,4,2023,2025-12-05 15:25:00,1,33,33249,1,1,1,4,Route Nationale 230,44.88333,-0.51258
202300042390,30,8,2023,2025-12-05 08:00:00,1,974,97411,2,6,1,3,Jaures (Boulevard Jean),-20.90253609,55.50305557
202300042391,6,4,2023,2025-12-05 13:00:00,1,59,59350,1,1,2,6,Autoroute A1,50.62158,3.08268
202300042392,7,12,2023,2025-12-05 16:37:00,1,972,97213,1,1,1,2,Route Departementale 15,14.62799,-61.00838
202300042393,31,8,2023,2025-12-05 09:00:00,1,974,97407,2,3,1,6,Verdun (Boulevard),-20.9391141,55.29605404
202300042394,7,4,2023,2025-12-05 19:47:00,1,94,94034,1,1,1,2,A86,48.75895409,2.32434215
202300042395,7,12,2023,2025-12-05 08:45:00,1,972,97213,1,1,1,1,Pelletier (Route De),14.65696,-60.9764
202300042396,31,8,2023,2025-12-05 17:44:00,1,69,69388,2,1,1,3,Route De Vienne,45.73373,4.85334
202300042397,7,4,2023,2025-12-05 17:21:00,1,94,94021,1,1,1,3,A6A,48.77124963,2.34563824
202300042398,6,12,2023,2025-12-05 11:00:00,1,972,97213,1,1,1,7,Route Departementale 15,14.61243,-61.00499
202300042399,30,8,2023,2025-12-05 20:40:00,3,972,97213,1,1,1,7,Bois Carre (Rue Du),14.63657,-60.99454
202300042400,7,12,2023,2025-12-05 11:05:00,1,972,97209,1,9,1,6,Carrefour De La Meynard,14.63384,-61.03559
202300042401,30,8,2023,2025-12-05 20:45:00,5,972,97213,1,1,1,7,Bois Carre (Rue Du),14.63256,-60.99474
202300042402,7,4,2023,2025-12-05 13:30:00,1,91,91235,1,1,1,4,Rn 104,48.62494,2.36305
202300042403,6,12,2023,2025-12-05 18:45:00,5,972,97209,2,9,1,6,Salvador Allende (Avenue),14.61033,-61.04736
202300042404,30,8,2023,2025-12-05 17:30:00,1,972,97209,2,3,1,3,Leopold Sedar Sengor (Avenue),14.61358,-61.04681
202300042405,7,4,2023,2025-12-05 10:53:00,1,91,91687,1,1,1,2,Autoroute A6,48.66287,2.36782
202300042406,10,10,2023,2025-12-05 08:40:00,1,972,97209,2,7,1,6,General De Gaulle (Bld Du),14.60712,-61.0671
202300042407,30,8,2023,2025-12-05 21:30:00,3,972,97209,1,1,1,6,Rd 41 (Rocade),14.61117,-61.081
202300042408,8,12,2023,2025-12-05 01:50:00,5,69,69381,2,1,2,7,Quai Andre Lassagne,45.76932,4.83787
202300042409,7,4,2023,2025-12-05 08:47:00,1,91,91340,1,1,1,3,Rn 104,48.60893,2.43792
202300042410,31,8,2023,2025-12-05 18:15:00,1,69,69034,2,2,1,3,Route De Strasbourg,45.79127,4.8608
202300042411,7,12,2023,2025-12-05 06:42:00,1,971,97113,2,1,1,6,Montauban (Secteur),16.21523,-61.50234
202300042412,31,8,2023,2025-12-05 08:45:00,1,2A,2A004,2,1,1,1,Mezzavia Route De,41.94746855,8.7733984
202300042413,31,8,2023,2025-12-05 17:20:00,1,95,95539,2,1,2,3,D125,48.99397427,2.33713746
202300042414,30,8,2023,2025-12-05 19:45:00,1,95,95585,2,9,8,6,Pierre Brosselette (Rue),48.99254873,2.37568885
202300042415,3,12,2023,2025-12-05 18:40:00,5,971,97113,1,4,1,1,Route De Cocoyer,16.24176,-61.48437
202300042416,7,12,2023,2025-12-05 21:00:00,5,95,95280,2,1,3,6,Gare (Avenue De La),49.01707522,2.46823043
202300042417,31,8,2023,2025-12-05 17:50:00,1,95,95277,1,6,3,3,D370,48.97711626,2.45679617
202300042418,31,8,2023,2025-12-05 06:50:00,1,95,95277,1,1,1,6,D170,48.97802702,2.43694782
202300042419,6,12,2023,2025-12-05 13:50:00,1,95,95277,1,2,1,3,D370,48.97395314,2.4606961
202300042420,31,8,2023,2025-12-05 17:35:00,1,91,91201,2,1,2,6,Rue De L Abbe Bellanger,48.68615,2.41022
202300042421,6,12,2023,2025-12-05 18:55:00,5,95,95607,2,9,1,6,D409,49.02886,2.20853
202300042422,8,12,2023,2025-12-05 01:00:00,5,95,95555,2,1,2,6,Marechal Foch (Boulevard Du),48.96289647,2.29215682
202300042423,30,8,2023,2025-12-05 21:19:00,5,87,87114,2,3,1,3,Blum (Avenue Leon-),45.83237,1.30365
202300042424,7,12,2023,2025-12-05 17:00:00,2,95,95428,2,1,2,1,D124,48.99050379,2.32129811
202300042425,30,8,2023,2025-12-05 17:35:00,1,83,83137,2,1,1,3,Roosevelt (Ave Franklin),43.1202,5.93943
202300042426,7,12,2023,2025-12-05 18:30:00,5,91,91657,2,3,1,3,Rue De La Source,48.692639,2.435071
202300042427,21,3,2023,2025-12-05 08:30:00,1,80,80725,1,1,1,5,Rue Du Fond Lagache,49.87336,2.271
202300042428,7,12,2023,2025-12-05 08:45:00,1,91,91027,2,2,1,3,Rte De Montlhery,48.696849,2.369293
202300042429,12,8,2023,2025-12-05 20:20:00,1,78,78335,2,3,1,6,Avenue De La Source,48.999256,1.74198
202300042430,6,12,2023,2025-12-05 16:21:00,1,87,87085,2,1,1,6,Puy Las Rodas (Rue Du),45.82875,1.23243
202300042431,31,8,2023,2025-12-05 01:40:00,3,77,77143,1,1,1,7,D405,48.98795,2.88446
202300042432,6,12,2023,2025-12-05 08:27:00,1,84,84007,2,1,1,2,Sainte Catherine-Montfavet,43.92642,4.87558
202300042433,30,8,2023,2025-12-05 17:43:00,1,77,77111,2,1,1,1,Bd Du Grand Fosse,48.86077,2.76583
202300042434,5,12,2023,2025-12-05 15:25:00,1,84,84007,1,9,1,2,A7D,43.89166,4.91641
202300042435,31,8,2023,2025-12-05 13:50:00,1,76,76575,2,1,2,2,Rue Julian Grimau,49.38989,1.09407
202300042436,31,8,2023,2025-12-05 13:55:00,1,76,76681,2,7,2,2,Pl Des Martyrs De La Resistance,49.41984344,1.07828289
202300042437,31,8,2023,2025-12-05 15:00:00,1,76,76217,2,6,2,3,Republique (Avenue De La),49.92526089,1.10106289
202300042438,30,8,2023,2025-12-05 16:30:00,1,69,69282,2,1,1,7,Rue Claude Curtat,45.75988,5.00242
202300042439,7,12,2023,2025-12-05 11:10:00,1,77,77296,2,3,1,3,All Edouard Branly,48.610127,2.586293
202300042440,31,8,2023,2025-12-05 15:25:00,1,69,69264,2,1,1,6,Route De Frans,45.9845,4.73693
202300042441,7,12,2023,2025-12-05 21:02:00,5,72,72181,2,1,2,1,Presle (Chemin De La),48.0172,0.17207
202300042442,31,8,2023,2025-12-05 12:00:00,1,69,69259,2,1,1,2,Boulevard Irene Joliot Curie,45.71117549,4.88223987
202300042443,30,8,2023,2025-12-05 10:50:00,1,69,69259,2,1,1,2,Avenue Viviani,45.72449,4.87094
202300042444,6,12,2023,2025-12-05 18:30:00,5,72,72181,2,9,1,2,Demorieux Pt De Fer Au Pt De Chem De Fer,47.9993,0.18957
202300042445,7,12,2023,2025-12-05 19:30:00,2,71,71306,2,3,2,6,Lucy (Rue De),46.66346943,4.34969679
202300042446,30,8,2023,2025-12-05 23:15:00,5,66,66136,2,6,1,3,Baleares Rond Point Et Cite Des,42.68848,2.89502
202300042447,31,8,2023,2025-12-05 06:03:00,3,65,65286,2,1,1,4,Avenue Alexandre Marqui,43.10069389,-0.04486573
202300042448,6,12,2023,2025-12-05 18:55:00,2,71,71486,2,1,1,3,Camille Blanc (Rue),46.65665,4.37121
202300042449,30,8,2023,2025-12-05 15:00:00,1,64,64284,2,1,8,4,Rauski,43.27714,-0.38808
202300042450,6,12,2023,2025-12-05 17:50:00,2,71,71306,2,1,2,6,Marechal Leclerc (Avenue Du),46.68294274,4.37352491
202300042451,31,8,2023,2025-12-05 11:25:00,1,64,64102,2,1,1,2,Koenig (Rue Marechal),43.48551,-1.491644
202300042452,30,8,2023,2025-12-05 17:50:00,1,64,64024,2,3,1,6,Barre (Promenade De La),43.50826,-1.52231
202300042453,23,8,2023,2025-12-05 08:20:00,1,62,62498,2,1,1,1,Rue Des Poissonniers,50.45582084,2.82522279
202300042454,7,12,2023,2025-12-05 11:16:00,1,71,71475,2,2,8,3,Europe (Avenue De L'),46.76454,4.83289
202300042455,30,8,2023,2025-12-05 17:50:00,1,61,61006,2,6,1,3,D238A,48.74136,-0.02152
202300042456,6,12,2023,2025-12-05 15:05:00,1,69,69266,2,1,8,3,Route De Genas,45.75416754,4.89059898
202300042457,30,8,2023,2025-12-05 05:55:00,5,61,61001,2,6,2,3,D112,48.43883,0.08327
202300042458,7,12,2023,2025-12-05 09:30:00,1,69,69264,2,1,1,6,Rue Condorcet,45.98198,4.73447
202300042459,31,8,2023,2025-12-05 20:10:00,2,59,59599,2,3,2,3,Paris (Rue De),50.72298941,3.14455895
202300042460,6,12,2023,2025-12-05 17:10:00,5,69,69290,2,1,1,6,Boulevard Andre Boulloche,45.72011,4.92404
202300042461,31,8,2023,2025-12-05 15:10:00,1,59,59220,2,1,2,3,Leclercq Avenue Du General.,50.59106,3.08465
202300042462,31,8,2023,2025-12-05 23:00:00,5,59,59183,2,2,2,3,Berteaux Maurice - Avenue,51.02603,2.35202
202300042463,30,8,2023,2025-12-05 17:20:00,1,59,59227,2,1,1,1,Lenine Wladimir(Rue),50.35855,3.30046
202300042464,6,12,2023,2025-12-05 14:00:00,1,69,69259,2,1,1,6,Avenue Jacques Duclos,45.69781,4.89302
202300042465,6,12,2023,2025-12-05 10:30:00,1,69,69290,2,2,1,3,Chemin De Genas,45.71463,4.95961
202300042466,30,8,2023,2025-12-05 18:25:00,1,56,56121,2,3,1,3,Ferry ( Pl. Jules ),47.745844,-3.36379
202300042467,30,8,2023,2025-12-05 08:32:00,1,56,56036,2,1,2,7,Toul Douar (Lieu-Dit),47.7944,-3.30455
202300042468,1,12,2023,2025-12-05 21:00:00,3,69,69091,1,1,3,3,Route De Rive-De-Gier,45.58578436,4.75112184
202300042469,30,8,2023,2025-12-05 16:39:00,1,54,54528,2,3,1,3,Rue Muid Des Bles,48.67449,5.88949
202300042470,6,12,2023,2025-12-05 17:20:00,5,67,67482,2,3,1,3,Romains (Route Des),48.58016,7.71896
202300042471,30,8,2023,2025-12-05 09:25:00,1,54,54526,2,9,1,1,Place Francois Mitterrand,48.688383,6.20961
202300042472,6,12,2023,2025-12-05 17:20:00,5,67,67043,2,1,1,7,Energie (Rue De L ),48.62828,7.76787
202300042473,31,8,2023,2025-12-05 17:04:00,1,54,54575,1,1,1,1,D125,49.4594,5.86083
202300042474,6,12,2023,2025-12-05 17:05:00,2,64,64545,2,3,1,3,Paul Gelos (Rue),43.37796,-1.67243
202300042475,31,8,2023,2025-12-05 07:25:00,1,51,51454,2,2,1,3,Geruzez (Rue),49.26388,4.01797
202300042476,6,12,2023,2025-12-05 13:35:00,1,64,64102,2,1,1,2,Soult (Avenue Marechal),43.48581,-1.49081
202300042477,30,8,2023,2025-12-05 08:30:00,1,51,51573,2,1,8,3,Peri (Rue Gabriel),49.24578,3.99752
202300042478,6,12,2023,2025-12-05 12:15:00,1,64,64102,2,1,1,2,Labourd (Pont Du),43.48608,-1.4748
202300042479,28,8,2023,2025-12-05 20:15:00,1,50,50129,2,2,1,3,Salengro (Rue Roger),49.62914,-1.64085
202300042480,30,8,2023,2025-12-05 21:19:00,1,49,49007,2,1,1,6,Europe Place,47.48783,-0.52683
202300042481,6,12,2023,2025-12-05 07:55:00,2,64,64024,2,1,1,7,Parc Belay (Promenade),43.47713,-1.51949
202300042482,30,8,2023,2025-12-05 16:28:00,1,49,49007,2,1,1,2,Doyenne Boulevard Et Passage,47.49036,-0.53269
202300042483,7,12,2023,2025-12-05 08:00:00,1,63,63063,2,2,1,6,Pont De L Agage (Rue Du),45.8303492,3.1023851
202300042484,30,8,2023,2025-12-05 08:00:00,1,49,49007,2,1,2,6,Jeanneteau,47.4946,-0.5524
202300042485,6,12,2023,2025-12-05 14:20:00,1,62,62510,2,1,1,6,D58,50.42294025,2.77720195
202300042486,31,8,2023,2025-12-05 16:30:00,1,45,45302,2,6,2,7,Rue Paul Langevin,47.9604,1.88077
202300042487,7,12,2023,2025-12-05 13:30:00,1,62,62048,2,1,8,6,Rue Florent Evrard,50.50268838,2.4784888
202300042488,30,8,2023,2025-12-05 16:25:00,1,43,43251,2,9,1,7,Route Du Carmel,45.02067,3.87134
202300042489,7,12,2023,2025-12-05 18:20:00,5,59,59291,2,9,8,6,Marechal Foch (Avenue Du),50.25465332,3.90817085
202300042490,31,8,2023,2025-12-05 21:05:00,3,37,37261,2,1,3,6,Strauss (Rue Johann),47.3677,0.71052
202300042491,31,8,2023,2025-12-05 08:46:00,1,37,37261,2,1,1,7,Heurteloup (Boulevard),47.3911,0.6948
202300042492,7,12,2023,2025-12-05 23:00:00,5,59,59350,2,1,2,1,Marche Rue Du,50.62545,3.05212
202300042493,31,8,2023,2025-12-05 06:55:00,2,37,37214,2,1,1,6,De Gaulle (Bd Charles),47.42085,0.66157
202300042494,7,12,2023,2025-12-05 22:50:00,3,59,59350,2,1,3,6,Chateau D'Isenghein Rue Du,50.65201,2.98654
202300042495,31,8,2023,2025-12-05 08:45:00,1,35,35238,2,3,2,6,Ropartz (Guy),48.13123055,-1.65677637
202300042496,7,12,2023,2025-12-05 09:30:00,1,59,59350,2,1,8,3,Seine Rue De La,50.61251,3.05789
202300042497,31,8,2023,2025-12-05 08:40:00,1,34,34172,2,6,1,6,Chenaie (Rue De La),43.63552,3.8684
202300042498,31,8,2023,2025-12-05 14:00:00,1,34,34032,2,2,1,1,Font-Neuve (Place De La),43.35315,3.21857
202300042499,6,12,2023,2025-12-05 12:10:00,1,59,59220,2,9,7,3,Rue De L'Egalite,50.58247,3.08239
202300042500,30,8,2023,2025-12-05 15:00:00,1,34,34032,2,1,1,2,Pech Henri (Av),43.35323,3.22473
202300042501,1,9,2023,2025-12-05 00:10:00,5,33,33063,2,2,1,3,Rue Emile Fourcand,44.84721,-0.58404
202300042502,7,12,2023,2025-12-05 04:25:00,4,56,56121,2,6,2,7,Base De Sous-Marins ( Rd Pt De La ),47.73586,-3.37444
202300042503,25,8,2023,2025-12-05 10:25:00,1,33,33063,2,3,1,3,Rue Du Tauzin,44.82082,-0.60203
202300042504,30,8,2023,2025-12-05 17:25:00,1,31,31149,2,6,1,3,Catchere (Allee De),43.612365,1.318076
202300042505,8,12,2023,2025-12-05 20:20:00,5,54,54528,2,3,1,2,Av Du Pdt J Fitzgerald Kennedy,48.69661,5.89502
202300042506,30,8,2023,2025-12-05 09:35:00,1,30,30243,1,2,1,3,Montee Des Cypres,44.09591,4.08008
202300042507,31,8,2023,2025-12-05 17:15:00,1,29,29232,2,1,1,2,Allee De Meilh Stang Vihan,48.010644,-4.102353
202300042508,6,12,2023,2025-12-05 08:00:00,1,50,50218,2,1,1,6,Matignon (Av Des),48.83794,-1.57293
202300042509,31,8,2023,2025-12-05 08:40:00,1,29,29039,1,1,2,7,Rue De Colguen,47.90160773,-3.90860942
202300042510,6,12,2023,2025-12-05 08:00:00,5,50,50218,2,1,1,6,Lycees (Rue Des),48.83067,-1.53893
202300042511,30,8,2023,2025-12-05 18:50:00,1,29,29019,2,9,1,1,Rue De L'Eglise,48.38223,-4.50205
202300042512,31,8,2023,2025-12-05 16:44:00,1,27,27701,2,1,1,4,Avenue Des Metiers,49.24469,1.17354
202300042513,30,8,2023,2025-12-05 11:20:00,1,27,27229,2,1,1,6,Pannette (Rue De),49.0208,1.14771
202300042514,6,12,2023,2025-12-05 07:00:00,5,50,50129,2,2,1,3,Barbusse (Rue Henri),49.61793,-1.65189
202300042515,26,8,2023,2025-12-05 16:45:00,1,24,24557,1,1,1,1,Automobile (Avenue De L'),45.19802,0.7904
202300042516,31,8,2023,2025-12-05 15:45:00,1,17,17306,2,1,1,6,Gare (De La),45.62569,-1.01734
202300042517,7,12,2023,2025-12-05 07:24:00,5,49,49007,1,6,1,3,Gouronnieres,47.48348,-0.57568
202300042518,31,8,2023,2025-12-05 11:45:00,1,15,15012,1,1,1,7,R 358,44.857868,2.447646
202300042519,6,12,2023,2025-12-05 17:35:00,2,49,49007,2,1,5,6,Pasteur Avenue,47.47175,-0.54273
202300042520,31,8,2023,2025-12-05 09:35:00,1,13,13054,2,6,7,3,Marechal Juin (Av Du ),43.4199,5.225
202300042521,31,8,2023,2025-12-05 02:15:00,3,13,13103,1,1,1,7,Avenue De Lattre De Tassigny-Rd 17-,43.6716,5.07443
202300042522,30,8,2023,2025-12-05 17:55:00,1,7,7281,2,3,1,3,Gross-Umstadt (Avenue De),44.94038231,4.86387223
202300042523,6,12,2023,2025-12-05 17:55:00,5,45,45234,2,3,1,3,54 Quai De La Madeleine,47.89801,1.87938
202300042524,31,8,2023,2025-12-05 16:35:00,1,7,7019,1,1,1,4,Rn 102,44.63434922,4.37960974
202300042525,8,12,2023,2025-12-05 00:20:00,5,44,44143,2,1,2,6,29 Rue Aristide Nogue,47.17999,-1.53842
202300042526,31,8,2023,2025-12-05 12:00:00,1,7,7019,1,1,1,2,Rn 102,44.63474,4.3795
202300042527,7,12,2023,2025-12-05 16:15:00,2,37,37122,2,1,2,4,Chinon (Boulevard De),47.35141,0.68156
202300042528,7,12,2023,2025-12-05 13:00:00,1,37,37261,2,1,1,6,Lesseps (Allee Ferdinand De),47.36674,0.67851
202300042529,7,12,2023,2025-12-05 08:15:00,5,35,35238,2,6,2,6,Pays-Bas (Avenue Des),48.08672,-1.66102
202300042530,31,8,2023,2025-12-05 16:25:00,1,6,6159,2,3,1,3,Princesse Grace De Monaco (Avenue),43.70148,7.30661
202300042531,7,12,2023,2025-12-05 08:30:00,5,35,35115,2,6,2,3,Mitterand (Avenue Francois),48.351808,-1.200632
202300042532,31,8,2023,2025-12-05 21:05:00,1,6,6069,2,1,1,6,Chapelle Saint Antoine (Chemin De La),43.644149,6.93083
202300042533,7,12,2023,2025-12-05 13:40:00,1,34,34172,2,1,1,1,Pompignane (Avenue De La),43.61357,3.89826
202300042534,31,8,2023,2025-12-05 10:00:00,1,6,6029,2,1,1,6,Muriers (Avenue Des),43.55401,6.96921
202300042535,6,12,2023,2025-12-05 22:20:00,3,34,34032,2,1,1,3,Galinier Henri (Av),43.34131,3.18345
202300042536,19,8,2023,2025-12-05 05:25:00,3,4,4112,1,1,1,7,Serrets (Av.Des),43.81664,5.77244
202300042537,7,12,2023,2025-12-05 17:40:00,3,33,33075,1,1,3,1,Boulevard Jacques Chaban-Delmas,44.89639,-0.58637
202300042538,27,8,2023,2025-12-05 00:15:00,3,2,2408,1,1,1,6,Adresse_Inconnue,49.5499,3.59562
202300042539,7,12,2023,2025-12-05 18:30:00,5,33,33063,2,1,3,3,Boulevard Du President Wilson,44.84352,-0.59946
202300042540,7,12,2023,2025-12-05 15:00:00,1,33,33063,2,1,2,6,Rue Lucien Faure,44.8657,-0.56057
202300042541,31,8,2023,2025-12-05 08:40:00,1,1,1283,2,3,8,3,Guynemer,46.255023,5.636018
202300042542,6,12,2023,2025-12-05 11:30:00,1,33,33550,2,1,1,3,Toulouse (Rte De),44.79759014,-0.5686833
202300042543,6,12,2023,2025-12-05 19:30:00,5,33,33162,2,3,1,3,Avenue Du Medoc,44.8911,-0.6578
202300042544,4,10,2023,2025-12-05 08:17:00,1,51,51569,1,1,7,4,N31,49.26492,3.932848
202300042545,3,10,2023,2025-12-05 15:45:00,1,51,51030,2,1,8,7,D1,49.050164,4.01001
202300042546,7,12,2023,2025-12-05 23:10:00,5,31,31555,2,2,3,1,Av De Lardenne,43.593653,1.391763
202300042547,6,9,2023,2025-12-05 01:00:00,3,51,51029,2,6,1,6,350 Avenue De Mazagran,48.975165,4.027778
202300042548,7,12,2023,2025-12-05 13:30:00,1,31,31555,2,1,1,4,Narbonne (Route De),43.560964,1.462732
202300042549,3,10,2023,2025-12-05 12:35:00,1,59,59546,2,1,1,3,Rd 916,50.778671,2.549464
202300042550,31,8,2023,2025-12-05 04:44:00,5,75,75101,2,2,1,6,Rue De Rivoli,48.866362,2.323471
202300042551,6,12,2023,2025-12-05 17:35:00,2,31,31555,2,1,1,3,All De Bellefontaine,43.56424355,1.40222535
202300042552,1,10,2023,2025-12-05 00:30:00,3,79,79120,1,6,1,7,Adresse_Inconnue,46.654164,-0.090036
202300042553,21,9,2023,2025-12-05 16:27:00,1,2B,2B110,1,1,1,6,Cd 39,42.293981,9.274124
202300042554,5,12,2023,2025-12-05 06:50:00,5,30,30189,2,4,1,3,Painleve Paul (Rue),43.8366,4.3726
202300042555,7,12,2023,2025-12-05 10:45:00,1,29,29232,2,1,3,6,Rue Francois Le Guiner,47.986295,-4.07951
202300042556,3,10,2023,2025-12-05 09:10:00,1,81,81290,1,2,8,3,Chemin De La Chanade,44.025309,1.963044
202300042557,4,10,2023,2025-12-05 14:50:00,1,89,89263,1,3,1,3,Departementale 84,47.862586,3.578281