num_acc,jour,mois,an,hrmn,lum,dep,com,agg,int,atm,col,adr,lat,long
202300042558,6,12,2023,2025-12-05 18:05:00,5,29,29019,2,3,1,3,183 Rue De Gouesnou,48.418412,-4.467763
202300042559,3,10,2023,2025-12-05 17:10:00,1,63,63170,1,1,1,6,D61,45.864777,2.763255
202300042560,4,12,2023,2025-12-05 16:10:00,1,29,29019,2,6,2,3,Rond-Point Des Grebes,48.38918,-4.45805
202300042561,7,12,2023,2025-12-05 18:15:00,5,27,27681,2,2,2,3,Azemia (Boulevard Georges),49.07791,1.49265
202300042562,3,10,2023,2025-12-05 13:00:00,1,63,63010,1,3,1,5,Rd906 / Chemin De La Dolore,45.441442,3.723925
202300042563,6,12,2023,2025-12-05 21:20:00,3,27,27234,1,1,1,2,Rn 154,49.037789,1.185944
202300042564,3,10,2023,2025-12-05 19:40:00,1,49,49223,2,1,1,2,4Bis Route De Nantes,47.402296,-0.530804
202300042565,12,1,2023,2025-12-05 17:00:00,2,93,93051,2,1,1,6,Avenue Emile Cossonneau,48.84887,2.5532
202300042566,6,12,2023,2025-12-05 18:33:00,5,25,25388,2,2,8,1,Thourot (Rue Frederic),47.51692,6.79141
202300042567,4,10,2023,2025-12-05 17:10:00,1,46,46232,2,9,1,1,Route De Martel,44.9949,1.644752
202300042568,11,1,2023,2025-12-05 22:10:00,5,93,93048,2,2,1,6,Boulevard Aristide Briand / Boulevard De La Boissiere,48.87824,2.45752
202300042569,3,10,2023,2025-12-05 12:41:00,1,46,46169,1,9,1,6,D673,44.71052748,1.32979942
202300042570,7,12,2023,2025-12-05 08:00:00,1,25,25056,2,2,1,3,Fleming Boulevard,47.22553,5.96545
202300042571,7,12,2023,2025-12-05 17:35:00,5,24,24037,2,1,3,6,Montaigne(Boulevard),44.85583,0.48406
202300042572,3,10,2023,2025-12-05 16:10:00,1,47,47285,1,4,1,7,781 Chemin De Bouchon,44.451547,0.10819
202300042573,12,1,2023,2025-12-05 22:30:00,5,93,93031,2,3,2,1,Rue Du Commandant Louis Bouchet / Allee Des Platanes,48.95286,2.3235
202300042574,7,12,2023,2025-12-05 05:20:00,3,22,22360,1,1,1,6,Rn12,48.49157,-2.72283
202300042575,3,10,2023,2025-12-05 08:20:00,1,68,68270,2,1,7,6,39 Rue Principale,47.778884,7.284708
202300042576,12,1,2023,2025-12-05 12:45:00,1,93,93029,2,1,2,6,Rue Roger Salengro,48.916483,2.436201
202300042577,4,12,2023,2025-12-05 08:22:00,2,18,18033,1,2,8,4,Adresse_Inconnue,47.0458,2.420898
202300042578,12,1,2023,2025-12-05 16:00:00,1,93,93001,2,1,1,6,Avenue Victor Hugo,48.907,2.376
202300042579,2,10,2023,2025-12-05 15:01:00,1,25,25024,1,1,1,4,Departementale 437,46.954686,6.400824
202300042580,5,12,2023,2025-12-05 17:39:00,4,18,18033,2,1,1,6,112 Avenue De Lattre De Tassigny,47.09805,2.41719
202300042581,7,12,2023,2025-12-05 14:30:00,1,17,17306,2,2,2,6,Meriot Henri,45.62762,-1.03034
202300042582,3,10,2023,2025-12-05 19:15:00,1,44,44192,1,1,7,3,La Sibilerie,47.251752,-1.991186
202300042583,11,1,2023,2025-12-05 16:25:00,1,92,92062,2,1,1,2,Bas Rogers (Rue Des),48.880352,2.229637
202300042584,6,12,2023,2025-12-05 19:15:00,5,14,14715,2,1,1,3,129 Boulevard D'Hautpoul,49.36541,0.084119
202300042585,2,10,2023,2025-12-05 20:45:00,2,35,35207,1,3,1,1,Hidouze,48.065777,-1.510824
202300042586,12,1,2023,2025-12-05 08:10:00,2,92,92077,2,2,2,5,Sevres (Rue De),48.82597804,2.198158
202300042587,3,10,2023,2025-12-05 14:10:00,1,29,29176,1,1,1,1,Prad Treanna,48.11268311,-4.20699075
202300042588,7,12,2023,2025-12-05 18:40:00,5,13,13211,2,1,1,3,Jean Lombard (Avenue),43.28893,5.43115
202300042589,12,1,2023,2025-12-05 19:10:00,5,92,92050,2,1,1,6,Republique Avenue De La,48.90569,2.21028
202300042590,2,10,2023,2025-12-05 14:50:00,1,29,29037,1,3,1,3,Pen Diry,47.86196774,-4.16035509
202300042591,3,10,2023,2025-12-05 07:30:00,2,38,38034,2,4,1,3,Avenue De La Valloire,45.33617,5.050036
202300042592,3,10,2023,2025-12-05 18:20:00,2,3,3320,1,1,1,6,Rd 94,46.542831,2.929224
202300042593,2,10,2023,2025-12-05 14:50:00,1,6,6071,1,1,1,7,D2202,44.044034,6.840207
202300042594,7,12,2023,2025-12-05 19:20:00,5,13,13206,2,9,1,2,Breteuil (Rue),43.29723,5.38107
202300042595,12,1,2023,2025-12-05 08:00:00,2,92,92048,2,2,2,6,Stalingrad (Place),48.81490275,2.23424613
202300042596,4,10,2023,2025-12-05 07:15:00,2,14,14161,1,2,1,3,33 Route De La Forge Boutron,49.2160454,0.13603091
202300042597,30,9,2023,2025-12-05 15:58:00,1,14,14132,1,2,1,7,D613,49.340305,-0.980381
202300042598,4,10,2023,2025-12-05 20:16:00,5,73,73154,1,1,1,7,Route Fernand Bellet,45.680879,6.375289
202300042599,12,1,2023,2025-12-05 11:46:00,1,92,92040,2,1,2,6,Paix (Avenue De La),48.817646,2.273269
202300042600,4,10,2023,2025-12-05 15:15:00,1,24,24252,2,1,1,6,Route Du Marechal-Ferrant,44.960797,1.197553
202300042601,3,10,2023,2025-12-05 07:30:00,1,85,85084,1,3,1,3,Rd 160,46.781606,-1.2085261
202300042602,12,1,2023,2025-12-05 09:15:00,1,92,92040,2,1,1,2,Estienne D'Orves,48.8231,2.26786
202300042603,3,10,2023,2025-12-05 16:05:00,1,17,17003,2,1,1,3,Place De La Renaissance (Parking),46.116517,-0.936112
202300042604,3,10,2023,2025-12-05 22:30:00,5,37,37050,2,6,1,3,D910,47.31714143,0.710814
202300042605,12,1,2023,2025-12-05 20:40:00,5,92,92026,2,9,1,4,Gambetta,48.89375,2.24837
202300042606,3,10,2023,2025-12-05 21:00:00,5,8,8490,2,2,1,3,Rue De La Forteresse,49.42582613,4.67710268
202300042607,3,10,2023,2025-12-05 23:45:00,5,973,97307,2,1,1,1,Rn 2,4.886142,-52.335273
202300042608,11,1,2023,2025-12-05 12:30:00,1,92,92025,2,3,1,3,Valmy (Bd De),48.934317,2.255892
202300042609,4,10,2023,2025-12-05 12:55:00,1,18,18081,1,2,1,3,Adresse_Inconnue,47.011572,2.533443
202300042610,12,1,2023,2025-12-05 21:20:00,5,92,92012,1,1,2,1,Anatole France (Boulevard) 1/4Bis,48.85139,2.23305
202300042611,2,10,2023,2025-12-05 18:00:00,1,975,97502,2,2,1,1,Rue De Paris,46.781548,-56.175451
202300042612,23,9,2023,2025-12-05 07:05:00,2,988,98821,1,1,1,7,Savexpress - Savannah,-22.162989,166.383196
202300042613,12,1,2023,2025-12-05 21:08:00,3,74,74309,1,1,1,2,Route De Frangy,46.09619443,6.02549814
202300042614,23,9,2023,2025-12-05 09:40:00,1,988,98813,2,1,1,6,Rt1 - Village De La Foa,-21.71496,165.82849
202300042615,3,10,2023,2025-12-05 20:05:00,3,971,97125,1,1,1,6,Belle Allee,16.257815,-61.306801
202300042616,3,10,2023,2025-12-05 13:50:00,1,5,5167,1,1,1,3,Eybierg,44.468712,5.725105
202300042617,12,1,2023,2025-12-05 19:54:00,3,2,2359,1,1,2,5,L'Autoroute Des Anglais (Pont),49.812195,3.288633
202300042618,3,10,2023,2025-12-05 10:50:00,1,21,21038,2,1,1,6,89 Rue Emile Gruet,47.192687,5.388772
202300042619,3,10,2023,2025-12-05 17:35:00,1,88,88321,2,1,1,6,Avenue De La Division Leclerc,48.367889,5.701919
202300042620,12,1,2023,2025-12-05 19:20:00,3,62,62623,2,1,6,1,D219,50.922567,2.0563592
202300042621,4,10,2023,2025-12-05 10:34:00,1,55,55122,2,2,1,6,2 Rue Cochard Mourot,48.758917,5.583348
202300042622,3,10,2023,2025-12-05 18:15:00,1,57,57017,2,2,1,3,17 Route De Metz,49.168847,6.049299
202300042623,3,10,2023,2025-12-05 07:30:00,1,69,69291,1,4,1,3,Route Departementale 307,45.641217,4.856346
202300042624,3,10,2023,2025-12-05 07:35:00,1,69,69028,2,1,1,1,Route Du Bouleau,45.71543145,4.70822243
202300042625,4,10,2023,2025-12-05 00:15:00,5,69,69040,2,6,1,6,Rond-Point Des Monts D'Or,45.80143721,4.78556543
202300042626,12,1,2023,2025-12-05 18:00:00,2,12,12169,1,1,1,1,D83,44.19837055,2.3320663
202300042627,3,10,2023,2025-12-05 21:30:00,5,33,33555,1,1,1,6,Avenue De La Cote D?Argent,44.67948163,-0.87983966
202300042628,3,10,2023,2025-12-05 11:25:00,1,22,22282,1,3,1,3,D 786,48.58884328,-2.24400222
202300042629,3,10,2023,2025-12-05 13:00:00,1,35,35273,2,3,1,3,Rue De Lecousse,48.400862,-1.26059
202300042630,8,1,2023,2025-12-05 12:35:00,1,59,59022,1,1,8,7,Rue De La Cheminee,50.499138,3.072631
202300042631,3,10,2023,2025-12-05 15:00:00,1,80,80721,2,3,1,6,Route D'Abbeville,50.173682,1.649494
202300042632,1,10,2023,2025-12-05 16:37:00,1,62,62806,1,1,1,6,D940,50.860604,1.618745
202300042633,2,10,2023,2025-12-05 21:30:00,3,13,13216,1,1,1,2,A55-Sens Marseille Vers Martigues,43.35831,5.34527
202300042634,2,10,2023,2025-12-05 11:00:00,1,83,83027,1,1,1,2,A50,43.20287769,5.73702848
202300042635,30,9,2023,2025-12-05 03:15:00,3,67,67482,2,1,1,6,M35,48.57035,7.73129
202300042636,12,1,2023,2025-12-05 18:15:00,3,59,59553,2,1,2,6,142 Rue Du Marechal Foch,50.596506,2.95648
202300042637,3,10,2023,2025-12-05 09:15:00,1,33,33096,1,1,1,2,Autoroute A 10,44.89002761,-0.50330579
202300042638,2,10,2023,2025-12-05 20:45:00,4,33,33096,1,1,1,2,Autoroute A 10,44.890796,-0.502178
202300042639,2,10,2023,2025-12-05 06:15:00,3,59,59609,1,1,1,4,Autoroute A1,50.57751,3.08499
202300042640,3,10,2023,2025-12-05 11:10:00,1,91,91228,1,1,2,2,Autoroute A6,48.62805,2.41306
202300042641,3,10,2023,2025-12-05 09:20:00,1,94,94038,1,1,2,2,A6B,48.77418337,2.34622975
202300042642,3,10,2023,2025-12-05 18:00:00,1,78,78646,1,1,1,3,Rn12,48.793083,2.084155
202300042643,11,1,2023,2025-12-05 12:20:00,1,95,95026,2,1,2,3,Royaumont (Rue De),49.136743,2.367328
202300042644,3,10,2023,2025-12-05 10:20:00,1,92,92025,1,1,2,2,A86,48.93542176,2.2605831
202300042645,3,10,2023,2025-12-05 09:15:00,1,92,92047,1,1,2,2,A13,48.83477584,2.17317586
202300042646,2,10,2023,2025-12-05 08:40:00,1,78,78455,1,1,1,2,A13,48.860516,2.047353
202300042647,3,10,2023,2025-12-05 19:00:00,2,93,93010,1,1,1,3,Autoroute A3,48.90872,2.47344
202300042648,3,10,2023,2025-12-05 19:00:00,1,93,93066,1,1,1,2,Autoroute A1,48.90717,2.35845
202300042649,12,1,2023,2025-12-05 19:00:00,3,74,74256,1,1,1,1,Route De Megeve,45.922285,6.635544
202300042650,3,10,2023,2025-12-05 16:00:00,1,95,95256,1,1,1,6,N184,49.05809891,2.20914245
202300042651,3,10,2023,2025-12-05 15:58:00,1,93,93066,1,1,1,4,Autoroute A1,48.93138,2.36994
202300042652,13,1,2023,2025-12-05 11:35:00,1,81,81202,1,1,1,6,Route De Briatexte,43.788399,1.858878
202300042653,3,10,2023,2025-12-05 13:15:00,1,93,93005,1,1,1,3,Autoroute A3,48.96456235,2.47442275
202300042654,3,10,2023,2025-12-05 08:30:00,1,93,93007,1,1,1,2,Autoroute A1,48.94605193,2.44078471
202300042655,2,10,2023,2025-12-05 22:40:00,3,93,93053,1,1,1,3,Autoroute A3,48.89347,2.47254
202300042656,2,10,2023,2025-12-05 18:20:00,1,93,93010,1,1,1,5,Autoroute A3,48.91009,2.47461
202300042657,13,1,2023,2025-12-05 17:30:00,2,49,49022,1,1,2,1,D54,47.317428,-0.605664
202300042658,2,10,2023,2025-12-05 13:05:00,1,92,92036,1,1,1,5,Autoroute A15,48.94364712,2.28775617
202300042659,2,10,2023,2025-12-05 08:20:00,1,93,93027,1,1,1,3,Autoroute A86,48.925825,2.39761793
202300042660,3,10,2023,2025-12-05 11:30:00,1,94,94044,1,1,2,6,N406,48.75738,2.47639
202300042661,3,10,2023,2025-12-05 09:40:00,1,75,75112,1,1,1,2,A4,48.821086,2.461568
202300042662,3,10,2023,2025-12-05 07:45:00,2,94,94004,1,1,1,3,N19,48.7537,2.51134
202300042663,4,6,2023,2025-12-05 16:30:00,1,88,88088,1,1,1,1,Le Haut De La Cote,48.022579,6.347458
202300042664,23,6,2023,2025-12-05 08:15:00,1,88,88413,2,1,1,6,Rue D'Alsace,48.27767,6.95997
202300042665,3,6,2023,2025-12-05 10:50:00,1,88,88011,2,1,1,3,516 Rue Du Grand Clos,48.113652,6.520505
202300042666,1,8,2023,2025-12-05 19:35:00,1,74,74133,2,3,1,3,Industrie (Rue De L'),46.18527,6.21899
202300042667,19,6,2023,2025-12-05 18:50:00,1,13,13039,1,1,1,2,Route Nationale 569,43.48535,4.88799
202300042668,12,1,2023,2025-12-05 17:30:00,1,47,47252,2,2,1,3,Av Gaston Carrere,44.398906,0.594866
202300042669,31,5,2023,2025-12-05 22:15:00,3,13,13103,1,1,1,1,Autoroute A7 Sens Marseille / Lyon Pk 229.600,43.671907,5.096165
202300042670,26,5,2023,2025-12-05 17:50:00,1,13,13001,1,1,1,4,Autoroute A8 Pk 13.000 Sens Lyon - Aix En Provence,43.523799,5.409002
202300042671,1,10,2023,2025-12-05 07:15:00,1,974,97411,1,1,1,7,Reydellet (Route Jules),-20.931855,55.492343
202300042672,1,10,2023,2025-12-05 05:35:00,3,974,97411,2,1,1,6,Lancastel (Boulevard),-20.87628,55.45528
202300042673,2,10,2023,2025-12-05 14:00:00,1,69,69386,2,1,1,3,Boulevard Jules Favre,45.76553099,4.8590403
202300042674,12,1,2023,2025-12-05 21:30:00,3,39,39367,1,1,1,6,Adresse_Inconnue,46.56727,5.995274
202300042675,2,10,2023,2025-12-05 11:50:00,1,69,69388,2,3,1,3,76 Rue Marius Berliet,45.74116,4.86224
202300042676,2,10,2023,2025-12-05 17:20:00,1,972,97213,2,6,2,6,Route Departementale 3 Bis,14.61473,-60.99327
202300042677,30,9,2023,2025-12-05 22:00:00,5,972,97209,2,1,1,1,Fontaine Didier (Rue De La),14.63376,-61.08076
202300042678,2,10,2023,2025-12-05 13:00:00,1,69,69382,2,1,1,2,29 Place Bellecour,45.7572,4.8301
202300042679,13,1,2023,2025-12-05 10:10:00,1,70,70171,1,1,1,6,Rue De La Gare D?Aillevillers,47.899024,6.329927
202300042680,2,10,2023,2025-12-05 18:54:00,1,2B,2B037,1,2,1,3,D 82,42.59405,9.43818
202300042681,2,10,2023,2025-12-05 09:10:00,1,971,97101,1,1,1,2,Rn11,16.25844664,-61.51147485
202300042682,1,10,2023,2025-12-05 00:45:00,5,971,97101,2,9,1,3,Chauvel,16.23939,-61.52237
202300042683,2,10,2023,2025-12-05 07:58:00,1,2A,2A004,2,1,1,5,Mezzavia Route De,41.950061,8.770528
202300042684,2,10,2023,2025-12-05 17:10:00,1,95,95563,2,3,1,3,Jean Jaures (Rue),49.0139015,2.23654997
202300042685,30,9,2023,2025-12-05 23:02:00,5,95,95197,2,1,1,6,D928,48.96689,2.31755
202300042686,13,1,2023,2025-12-05 14:12:00,1,70,70421,1,1,1,6,Rn19,47.690714,6.013212
202300042687,23,7,2023,2025-12-05 15:00:00,1,73,73329,1,6,1,7,D1201,45.637327,5.892298
202300042688,23,9,2023,2025-12-05 10:55:00,1,89,89239,1,4,1,3,Route De Troyes,48.1901,3.31331
202300042689,12,1,2023,2025-12-05 21:55:00,3,70,70163,1,1,2,7,Rn57,47.67608,6.244043
202300042690,28,9,2023,2025-12-05 09:00:00,1,89,89387,2,2,2,3,Quatorze Juillet (Boulevard),48.19603,3.28725
202300042691,12,1,2023,2025-12-05 14:10:00,1,50,50464,1,1,1,1,L'Angotiere,48.985146,-1.413975
202300042692,23,7,2023,2025-12-05 17:56:00,1,38,38190,2,1,1,1,Grande Rue Du Moulin D?Avaux,45.801951,5.284923
202300042693,29,9,2023,2025-12-05 21:42:00,5,87,87085,2,3,1,3,Lattre-De-Tassigny (Avenue Du Marechal),45.8256,1.27882
202300042694,13,1,2023,2025-12-05 06:05:00,3,7,7302,1,2,2,3,Route De Meysse,44.661412,4.706286
202300042695,21,7,2023,2025-12-05 07:55:00,1,69,69208,2,2,1,3,Le Muzard,45.846761,4.611715
202300042696,1,10,2023,2025-12-05 14:50:00,1,83,83137,2,9,1,1,Briand (Ave Aristide Prolongee),43.12568,5.89714
202300042697,12,1,2023,2025-12-05 17:30:00,2,85,85051,1,1,2,1,Rd 137 Roiute De Nantes,46.709999,-1.0656014
202300042698,1,10,2023,2025-12-05 12:15:00,1,83,83137,2,1,1,6,Barre (Chemin De La),43.1203,5.9599
202300042699,23,7,2023,2025-12-05 20:00:00,1,69,69072,1,1,1,2,102 Route Departementale 307,45.795664,4.741212
202300042700,13,1,2023,2025-12-05 16:13:00,1,27,27284,2,1,1,6,66 Rue De Vienne,49.279731,1.774502
202300042701,24,7,2023,2025-12-05 15:20:00,1,65,65198,1,1,2,6,Route Des Palomieres,43.057781,0.17193
202300042702,2,10,2023,2025-12-05 14:00:00,1,83,83118,2,3,1,6,Avenue Pauline Carton,43.41998,6.7716
202300042703,12,1,2023,2025-12-05 18:45:00,3,17,17218,2,1,2,6,Route De La Rochelle,46.305519,-0.990519
202300042704,2,10,2023,2025-12-05 13:30:00,1,77,77358,2,1,7,1,Chemin Vert (Rue Du),48.98409,2.85828
202300042705,21,7,2023,2025-12-05 17:05:00,1,19,19146,1,9,1,6,4 Rue Des Landes,45.31262677,1.75021514
202300042706,13,1,2023,2025-12-05 19:45:00,5,30,30259,2,1,1,3,Route D'Uzes,44.1081,4.1171
202300042707,24,7,2023,2025-12-05 04:00:00,3,64,64230,1,1,5,6,Route De Chapelle De Rousse,43.242842,-0.387447
202300042708,13,1,2023,2025-12-05 12:35:00,1,48,48099,1,1,1,6,Route Departementale 809,44.533453,3.268197
202300042709,2,10,2023,2025-12-05 23:40:00,5,76,76540,2,1,1,1,Quai Du Havre (Haut),49.44103,1.08231
202300042710,23,7,2023,2025-12-05 17:45:00,1,33,33417,1,1,1,1,75 Route Des Landes,44.941458,-0.920389
202300042711,4,1,2023,2025-12-05 12:05:00,1,73,73089,1,1,1,6,A43,45.532332,6.125167
202300042712,2,10,2023,2025-12-05 22:20:00,5,76,76231,2,1,1,3,Rue Des Martyrs,49.289,1.00576
202300042713,12,1,2023,2025-12-05 06:35:00,3,40,40134,1,1,1,2,A63 Pk072+700 N/S,44.226301,-0.916039
202300042714,11,7,2023,2025-12-05 17:40:00,1,33,33056,2,2,1,3,Rue De L'Abbe Poncabarre,44.909428,-0.639696
202300042715,30,9,2023,2025-12-05 20:20:00,5,76,76481,1,6,1,7,Rd 6382,49.53142,0.10733
202300042716,13,1,2023,2025-12-05 08:25:00,1,6,6088,1,1,1,2,A8 Pk 191 Nord,43.708986,7.194543
202300042717,24,7,2023,2025-12-05 08:30:00,1,60,60628,1,1,2,4,N31,49.417486,2.170937
202300042718,30,9,2023,2025-12-05 00:05:00,5,76,76351,2,2,1,3,Verdun (Rue De),49.50142,0.15008
202300042719,12,1,2023,2025-12-05 23:30:00,5,6,6088,1,1,1,6,A8 Pk 186.000 Chaussee Sud,43.669377,7.200884
202300042720,1,10,2023,2025-12-05 10:41:00,1,72,72181,2,9,1,6,Mac Jean (Av) Ndeg Imp 53 Au 105,47.98216,0.21432
202300042721,23,7,2023,2025-12-05 02:25:00,3,13,13214,1,1,1,2,A7-Sens Marseille Vers Lyon,43.32605,5.37847
202300042722,1,10,2023,2025-12-05 07:55:00,1,72,72181,2,9,1,6,Estienne D'Orves (Bd D'),47.98001,0.1922
202300042723,12,1,2023,2025-12-05 19:46:00,4,13,13103,1,1,1,3,Autoroute A7 Pk 230+700,43.674136,5.096081
202300042724,12,1,2023,2025-12-05 20:25:00,5,971,97106,2,1,1,6,Lotissement Caboua,16.14501,-61.764691
202300042725,2,10,2023,2025-12-05 08:15:00,1,71,71270,2,1,1,6,Rue De Flace,46.31371,4.82874
202300042726,22,7,2023,2025-12-05 23:10:00,3,13,13106,1,1,1,1,A7-Sens Lyon Vers Marseille,43.38822,5.3506
202300042727,12,1,2023,2025-12-05 22:25:00,3,29,29233,1,1,2,6,D49 - Route Du Pouldu,47.826799,-3.561673
202300042728,21,7,2023,2025-12-05 12:00:00,1,13,13071,1,1,1,7,A55-Sens Martigues Vers Marseille,43.397283,5.287176
202300042729,2,10,2023,2025-12-05 09:00:00,1,69,69271,2,1,1,6,Avenue Du Progres,45.72565,4.96286
202300042730,1,10,2023,2025-12-05 14:50:00,1,69,69290,2,1,1,3,Route De Mions,45.68396,4.94776
202300042731,23,7,2023,2025-12-05 16:17:00,1,83,83144,2,1,1,2,A57,43.14321538,6.01194447
202300042732,12,1,2023,2025-12-05 15:07:00,1,77,77437,2,2,1,3,D9,49.035758,2.796042
202300042733,11,1,2023,2025-12-05 14:35:00,1,78,78522,1,1,1,1,Rd988,48.577956,1.967229
202300042734,9,9,2023,2025-12-05 22:00:00,3,68,68066,2,9,1,2,Logelbach ( Rue Du),48.08286,7.33677
202300042735,22,7,2023,2025-12-05 11:35:00,1,83,83129,1,9,1,5,A50,43.1206124,5.84313268
202300042736,13,1,2023,2025-12-05 01:40:00,5,66,66114,1,6,1,6,Adresse_Inconnue,42.6074847,2.92402089
202300042737,2,10,2023,2025-12-05 17:30:00,1,67,67482,2,1,1,3,Rathsamhausen (Rue De),48.56587,7.75994
202300042738,23,7,2023,2025-12-05 13:45:00,1,94,94065,1,1,2,2,N186,48.75476,2.34825
202300042739,2,10,2023,2025-12-05 17:08:00,1,64,64348,2,1,1,3,Marcel Dassault,43.301418,-0.412588
202300042740,10,1,2023,2025-12-05 20:20:00,3,34,34154,1,2,1,3,306Ter Rue Martin Luther King,43.622174,3.992339
202300042741,23,7,2023,2025-12-05 16:00:00,1,95,95365,1,1,2,6,N104,49.0674,2.39873
202300042742,1,10,2023,2025-12-05 05:40:00,4,64,64284,1,6,1,6,8 Mai 1945 Du,43.27952,-0.3802
202300042743,23,7,2023,2025-12-05 15:00:00,1,95,95582,1,1,3,7,A15,48.96347642,2.26421356
202300042744,2,10,2023,2025-12-05 18:00:00,1,64,64102,2,1,1,6,Soult (Avenue Marechal),43.48375,-1.49973
202300042745,13,1,2023,2025-12-05 10:30:00,1,21,21038,2,6,1,5,Rue De Flammerans,47.197389,5.391186
202300042746,2,10,2023,2025-12-05 18:00:00,1,64,64102,2,1,1,7,Soult (Avenue Marechal),43.48395,-1.49973
202300042747,23,7,2023,2025-12-05 09:30:00,1,93,93078,1,1,8,6,Autoroute A104,48.96007,2.52481
202300042748,9,1,2023,2025-12-05 14:00:00,1,88,88064,1,1,2,1,Route De Maillefaing,48.24969054,6.77747011
202300042749,2,10,2023,2025-12-05 14:40:00,1,63,63113,2,2,1,3,Solayer (Rue Du),45.80961166,3.10700678
202300042750,28,9,2023,2025-12-05 08:30:00,1,62,62510,2,1,1,6,D58,50.42431303,2.78197744
202300042751,12,1,2023,2025-12-05 15:30:00,1,74,74056,2,1,8,6,Route Des Gaudenays,45.940392,6.888074
202300042752,23,7,2023,2025-12-05 03:35:00,3,95,95604,1,1,1,2,A1,49.11981,2.55626
202300042753,2,10,2023,2025-12-05 22:00:00,5,60,60057,2,3,1,3,Rue De Songen,49.44363149,2.08456886
202300042754,22,7,2023,2025-12-05 23:55:00,5,94,94052,1,1,1,7,A86,48.83532726,2.4937909
202300042755,30,9,2023,2025-12-05 20:50:00,5,56,56121,2,1,1,1,Schuman (Rue  Robert ),47.76638,-3.385539
202300042756,12,1,2023,2025-12-05 17:19:00,1,42,42094,2,2,1,3,Rue Des Prairies,45.719563,4.227167
202300042757,22,7,2023,2025-12-05 12:30:00,1,973,97302,2,1,1,6,Lallouette,4.94114965,-52.32743427
202300042758,2,10,2023,2025-12-05 08:00:00,2,56,56121,2,6,5,7,Faouedic ( Ave Du ),47.746811,-3.366118
202300042759,12,1,2023,2025-12-05 07:10:00,3,26,26129,2,1,8,6,Rue Du Vercors,45.082684,5.181068
202300042760,2,10,2023,2025-12-05 21:00:00,5,51,51454,2,3,1,3,Courlancy (Rue De),49.24575,4.01763
202300042761,1,10,2023,2025-12-05 07:05:00,5,50,50129,2,1,1,7,Becquet (Rue Du),49.64956,-1.56601
202300042762,22,7,2023,2025-12-05 20:55:00,2,69,69383,2,2,1,3,Avenue Marechal De Saxe,45.75605,4.8465
202300042763,2,10,2023,2025-12-05 18:57:00,1,49,49007,2,2,1,3,Chatenay Avenue Victor,47.4853,-0.5161
202300042764,6,1,2023,2025-12-05 11:30:00,1,69,69094,1,1,1,3,15 Route De Pollionnay,45.753526,4.681077
202300042765,2,10,2023,2025-12-05 12:15:00,1,49,49246,2,1,1,2,Maze,47.42935,-0.52207
202300042766,22,7,2023,2025-12-05 13:58:00,1,69,69388,2,3,1,3,Boulevard Des Etats-Unis,45.7271,4.86953
202300042767,2,10,2023,2025-12-05 09:45:00,1,47,47001,2,1,1,3,Peres (Rue Jean-Baptiste),44.20633,0.63528
202300042768,12,1,2023,2025-12-05 19:45:00,3,19,19041,1,1,2,1,Les Plaines,45.279099,1.837302
202300042769,1,10,2023,2025-12-05 01:00:00,3,45,45004,2,1,1,6,D943 Pr 4 + 499,47.97256517,2.76601079
202300042770,1,10,2023,2025-12-05 19:00:00,1,41,41018,2,1,1,1,Francois 1Er (Allee),47.58362,1.31349
202300042771,21,7,2023,2025-12-05 17:40:00,1,972,97209,2,1,1,5,Departementale 13A (Route),14.63295,-61.04245
202300042772,10,1,2023,2025-12-05 20:50:00,4,33,33179,1,2,2,3,Daudinet,45.004793,-0.283593
202300042773,1,10,2023,2025-12-05 01:00:00,3,37,37122,1,1,1,7,Rd 127 Route Des Maisons Neuves,47.30906,0.68239
202300042774,21,7,2023,2025-12-05 08:45:00,1,972,97209,2,9,1,2,Salvador Allende (Avenue),14.61056,-61.04681
202300042775,7,1,2023,2025-12-05 11:25:00,1,85,85092,2,6,1,3,Rd948B,46.462361,-0.803708
202300042776,30,9,2023,2025-12-05 12:00:00,1,34,34172,2,1,1,2,Justice De Castelnau (Avenue De La),43.62706,3.89054
202300042777,2,10,2023,2025-12-05 16:23:00,1,33,33529,1,1,1,1,Cazaux (Bd De) Du 02 Et +,44.61628876,-1.13749534
202300042778,22,7,2023,2025-12-05 00:55:00,4,972,97209,2,3,1,1,Desrochers (Route De),14.62751,-61.07471
202300042779,2,10,2023,2025-12-05 19:42:00,2,31,31555,2,1,1,2,Rue De Maubec,43.60525176,1.39245674
202300042780,22,7,2023,2025-12-05 12:00:00,1,69,69152,2,3,1,6,Rue Roger Salengro,45.70335,4.82285
202300042781,2,10,2023,2025-12-05 07:20:00,2,31,31149,2,3,1,3,Armurie (Chemin De L'),43.593487,1.3542
202300042782,1,10,2023,2025-12-05 20:20:00,3,28,28134,1,1,1,4,Rn 12 (Les Chatelets),48.74661,1.385
202300042783,21,7,2023,2025-12-05 17:29:00,1,2B,2B037,1,1,1,2,Toutes Rues,42.60543,9.43822
202300042784,12,1,2023,2025-12-05 17:15:00,2,76,76223,2,1,2,5,Route Departementale 6015,49.627594,0.798794
202300042785,12,1,2023,2025-12-05 06:30:00,3,62,62460,1,1,6,6,D901,50.5831,1.740239