num_acc,jour,mois,an,hrmn,lum,dep,com,agg,int,atm,col,adr,lat,long
202300042786,29,6,2023,2025-12-05 20:12:00,5,971,97113,1,9,1,3,Rn4 - Section Riviera,16.21802,-61.49894
202300042787,27,9,2023,2025-12-05 13:10:00,1,28,28085,2,2,1,3,Vintant (Rue Michel),48.43939,1.49145
202300042788,12,1,2023,2025-12-05 17:50:00,3,62,62801,2,1,3,6,D58E2,50.394156,2.74474
202300042789,1,10,2023,2025-12-05 02:10:00,5,24,24145,2,1,1,6,Gare (Avenue De La),44.85552,0.57257
202300042790,22,7,2023,2025-12-05 05:20:00,2,971,97101,1,1,1,1,Petit Perou,16.25953,-61.50912
202300042791,1,10,2023,2025-12-05 18:30:00,1,22,22360,2,1,1,3,Mare Du Gue (Rue De La),48.47342,-2.75475
202300042792,30,9,2023,2025-12-05 10:42:00,1,22,22278,2,1,1,2,Apollinaire (Guillaume),48.49803,-2.74528
202300042793,1,10,2023,2025-12-05 23:33:00,3,17,17306,2,1,1,6,Express (Voie),45.63998,-1.03104
202300042794,22,7,2023,2025-12-05 20:40:00,1,95,95210,2,2,1,3,D311,48.97147,2.30462
202300042795,12,1,2023,2025-12-05 08:40:00,1,13,13211,1,1,1,2,A50-Sens Marseille Vers Aubagne,43.294688,5.464295
202300042796,22,7,2023,2025-12-05 00:35:00,5,83,83069,2,1,1,3,Decugis (Avenue Alfred),43.11712,6.14521
202300042797,11,1,2023,2025-12-05 16:00:00,5,13,13210,1,1,1,2,Tunnel Prado Carenage,43.28197501,5.394007
202300042798,2,10,2023,2025-12-05 16:52:00,1,17,17300,2,1,1,3,Joffre   Boulevard (79 Et 18),46.15371,-1.14547
202300042799,30,9,2023,2025-12-05 16:30:00,1,14,14221,1,1,7,2,D228,49.16847,-0.26629
202300042800,11,1,2023,2025-12-05 02:00:00,5,69,69266,1,1,1,7,Boulevard Laurent Bonnevay,45.78256,4.89227
202300042801,7,7,2023,2025-12-05 17:00:00,1,80,80001,2,1,9,3,Republique (De La),50.1095,1.8394
202300042802,2,10,2023,2025-12-05 19:00:00,1,13,13071,2,1,1,1,Velaux (Chemin),43.40948,5.35187
202300042803,11,1,2023,2025-12-05 14:35:00,1,67,67389,1,1,1,2,M35,48.64887,7.73169
202300042804,21,7,2023,2025-12-05 13:40:00,1,79,79329,2,1,1,3,Adresse_Inconnue,46.994815,-0.20121
202300042805,11,1,2023,2025-12-05 13:15:00,1,33,33063,1,1,2,6,Rocade A 630,44.88377927,-0.55736303
202300042806,11,8,2023,2025-12-05 13:10:00,1,13,13039,1,1,1,4,Route Nationale 569,43.46373,4.92591
202300042807,18,7,2023,2025-12-05 18:00:00,1,77,77284,2,1,1,6,Tessan (Rue Francois De),48.947227,2.879714
202300042808,2,10,2023,2025-12-05 19:40:00,1,13,13213,2,1,1,1,Olives (Avenue Des),43.32675,5.43762
202300042809,2,10,2023,2025-12-05 17:15:00,1,13,13213,2,1,1,6,Chemin Du Merlan A La Rose,43.33029768,5.4125913
202300042810,21,7,2023,2025-12-05 17:25:00,1,77,77284,2,1,1,3,D360,48.94874,2.87998
202300042811,12,1,2023,2025-12-05 15:37:00,1,92,92047,1,1,1,4,A13,48.83397544,2.16646875
202300042812,2,10,2023,2025-12-05 17:30:00,1,13,13213,2,1,1,6,Laveran (Boulevard Du),43.3272101,5.41370149
202300042813,12,1,2023,2025-12-05 07:15:00,2,92,92050,1,1,1,2,A86,48.90206859,2.20357418
202300042814,2,10,2023,2025-12-05 15:45:00,1,13,13205,2,1,1,1,L Armee D Afrique (Chemin De L'),43.29064,5.40561
202300042815,22,7,2023,2025-12-05 22:10:00,3,69,69256,2,2,1,3,Avenue Charles De Gaulle,45.78221,4.94237
202300042816,2,10,2023,2025-12-05 13:00:00,1,13,13005,2,1,1,4,Avelanede (Chemin De L'),43.28991,5.58705
202300042817,11,1,2023,2025-12-05 10:30:00,1,95,95582,1,1,1,2,D170,48.964185,2.267937
202300042818,2,10,2023,2025-12-05 09:30:00,1,13,13005,1,6,1,3,Rd 43 C,43.319,5.595
202300042819,22,7,2023,2025-12-05 20:50:00,1,69,69266,2,2,1,3,Rue Anatole France,45.76705,4.87138
202300042820,3,10,2023,2025-12-05 00:22:00,5,10,10387,2,1,1,7,General Leclerc (Rue Du),48.30639,4.05862
202300042821,11,1,2023,2025-12-05 10:00:00,1,93,93027,1,1,8,2,Autoroute A86,48.92693884,2.40503458
202300042822,1,10,2023,2025-12-05 12:28:00,1,10,10081,2,2,1,7,Pierre Prelot (Rue),48.3257,4.0451
202300042823,22,7,2023,2025-12-05 19:50:00,1,69,69275,2,7,1,3,107 Avenue Jean Jaures,45.76936,4.94693
202300042824,2,10,2023,2025-12-05 09:35:00,1,75,75118,2,1,1,3,Bd Peripherique Exterieur,48.901047,2.344
202300042825,11,1,2023,2025-12-05 11:00:00,1,92,92036,1,1,1,4,Autoroute A15,48.93788866,2.29766722
202300042826,2,10,2023,2025-12-05 18:50:00,1,75,75106,2,3,1,2,Rue Saint Sulpice,48.851461,2.337051
202300042827,22,7,2023,2025-12-05 22:05:00,5,69,69029,2,1,1,2,Boulevard Des Droits De L'Homme,45.72718,4.92716
202300042828,2,10,2023,2025-12-05 09:55:00,1,75,75105,2,3,1,6,Rue Des Fosses Saint Bernard,48.848818,2.355292
202300042829,11,1,2023,2025-12-05 09:05:00,2,93,93078,1,1,2,2,Autoroute A104,48.97102575,2.49879599
202300042830,21,7,2023,2025-12-05 19:00:00,1,68,68376,2,1,1,6,Saint Cloud (Rue Du),47.81516,7.33854
202300042831,2,10,2023,2025-12-05 08:50:00,1,75,75120,2,2,1,3,Boulevard De Menilmontant,48.86299,2.387488
202300042832,10,1,2023,2025-12-05 22:40:00,5,93,93010,1,1,2,5,Autoroute A3,48.90292,2.47084
202300042833,2,10,2023,2025-12-05 09:30:00,1,75,75118,2,3,1,3,Rue D Aubervilliers,48.887318,2.367126
202300042834,22,7,2023,2025-12-05 19:30:00,1,67,67447,2,3,1,3,Paix (Rue De La),48.6065,7.73037
202300042835,2,10,2023,2025-12-05 12:35:00,1,75,75117,2,1,1,2,Boulevard Pereire,48.878882,2.285584
202300042836,12,1,2023,2025-12-05 12:45:00,1,94,94028,1,1,2,2,A86,48.7761883,2.43180914
202300042837,22,7,2023,2025-12-05 11:30:00,1,67,67482,2,1,1,3,Pierre Fresnay (Rue),48.57239,7.7626
202300042838,2,10,2023,2025-12-05 21:00:00,5,75,75116,2,7,1,3,Rue Mesnil,48.869439,2.28519
202300042839,11,1,2023,2025-12-05 09:30:00,1,75,75114,2,4,8,2,Porte D Orleans,48.819133,2.329596
202300042840,2,10,2023,2025-12-05 14:30:00,1,75,75116,2,1,1,1,Voie Georges Pompidou,48.84560016,2.27313593
202300042841,22,7,2023,2025-12-05 19:00:00,1,64,64024,2,4,1,3,Huit Mai (Rue Du),43.48217,-1.51472
202300042842,1,10,2023,2025-12-05 07:20:00,5,75,75116,2,1,1,6,Avenue Foch,48.873126,2.288651
202300042843,11,1,2023,2025-12-05 13:55:00,1,75,75119,2,2,1,3,Place De La Bataille De Stalingrad,48.882866,2.370183
202300042844,1,10,2023,2025-12-05 11:30:00,1,75,75115,2,2,1,3,Boulevard Lefebvre,48.831011,2.292334
202300042845,22,7,2023,2025-12-05 11:55:00,1,45,45169,2,1,1,4,166 Route Nationale,47.92844245,1.84031188
202300042846,1,10,2023,2025-12-05 02:00:00,5,75,75115,2,7,1,6,Rue Dutot,48.836447,2.30664
202300042847,11,1,2023,2025-12-05 13:20:00,1,75,75119,2,2,1,3,Rue Curial,48.893729,2.373377
202300042848,2,10,2023,2025-12-05 14:15:00,1,75,75112,2,5,1,3,Avenue Du General Michel Bizot,48.834681,2.40078
202300042849,22,7,2023,2025-12-05 20:35:00,1,45,45004,2,1,1,3,Rue Lino Ventura,47.97853,2.76563
202300042850,11,1,2023,2025-12-05 10:40:00,1,75,75119,2,3,1,2,Avenue Corentin Cariou,48.895163,2.382744
202300042851,22,7,2023,2025-12-05 09:00:00,1,37,37233,2,3,1,6,Grillonieres (Rue Des),47.39232537,0.74386507
202300042852,2,10,2023,2025-12-05 12:27:00,1,75,75112,2,3,1,4,Quai De Bercy,48.831564,2.385352
202300042853,11,1,2023,2025-12-05 10:40:00,1,75,75116,2,4,1,6,Rue Jean De La Fontaine,48.850325,2.270368
202300042854,2,10,2023,2025-12-05 08:10:00,1,75,75111,2,2,1,6,Rue Servan,48.861563,2.382608
202300042855,21,7,2023,2025-12-05 18:00:00,1,35,35278,1,1,1,4,Est (Rocade),48.141906,-1.665251
202300042856,11,1,2023,2025-12-05 00:00:00,5,75,75117,2,3,8,3,Rue Andre Suares,48.893828,2.311758
202300042857,2,10,2023,2025-12-05 19:05:00,2,75,75103,2,3,1,7,Rue Beaubourg,48.861219,2.353475
202300042858,2,10,2023,2025-12-05 02:30:00,5,75,75104,2,3,1,6,Boulevard Beaumarchais,48.854813,2.368629
202300042859,11,1,2023,2025-12-05 11:45:00,1,75,75116,2,1,1,3,Avenue Raymond Poincare,48.867426,2.285923
202300042860,22,7,2023,2025-12-05 12:40:00,1,34,34172,2,1,1,1,Rm132,43.605837,3.820105
202300042861,2,10,2023,2025-12-05 12:04:00,1,94,94078,2,2,1,6,2 Rue Pasteur,48.73313,2.450715
202300042862,10,1,2023,2025-12-05 18:00:00,5,75,75116,2,1,2,6,Avenue Foch,48.872628,2.279409
202300042863,22,7,2023,2025-12-05 11:45:00,1,34,34003,2,1,1,3,Avenue Des Contrebandiers,43.29068,3.51378
202300042864,2,10,2023,2025-12-05 00:30:00,5,94,94043,2,1,1,3,1Ter Rue De Verdun,48.809497,2.358442
202300042865,2,10,2023,2025-12-05 18:05:00,1,94,94041,2,1,1,2,Rue Pierre Et Marie Curie,48.81443,2.37384
202300042866,11,1,2023,2025-12-05 19:30:00,5,75,75115,2,3,1,3,Pont De Grenelle,48.849312,2.281684
202300042867,21,7,2023,2025-12-05 15:30:00,1,33,33529,2,1,1,1,Arcachon (Bd D'),44.64376,-1.1756
202300042868,1,10,2023,2025-12-05 23:50:00,5,94,94041,2,3,1,7,Avenue Maurice Thorez,48.815,2.37822
202300042869,2,10,2023,2025-12-05 18:45:00,2,94,94038,2,1,1,2,Rue De Chevilly,48.7762,2.34138
202300042870,11,1,2023,2025-12-05 08:50:00,1,75,75115,2,3,2,6,Boulevard De Vaugirard,48.841601,2.318278
202300042871,2,10,2023,2025-12-05 15:45:00,1,94,94038,2,1,1,6,Rue Jean Jaures,48.7782,2.33478
202300042872,11,1,2023,2025-12-05 09:20:00,1,75,75114,2,7,1,3,Place De Catalogne,48.837425,2.318092
202300042873,2,10,2023,2025-12-05 07:30:00,1,93,93073,2,3,1,2,Avenue De La Resistance / Rue Lenine,48.9505,2.5647
202300042874,22,7,2023,2025-12-05 16:35:00,1,25,25056,2,6,1,3,Montarmots Chemin Des,47.26047,6.02727
202300042875,2,10,2023,2025-12-05 20:30:00,5,93,93071,2,1,1,6,Avenue Leon Jouhaux,48.9412573,2.54251079
202300042876,11,1,2023,2025-12-05 17:30:00,5,75,75113,2,1,8,1,Rue Du Val De Marne,48.816012,2.345987
202300042877,22,7,2023,2025-12-05 07:35:00,1,22,22278,2,1,1,7,Rohannec'H (De),48.52358,-2.74077
202300042878,2,10,2023,2025-12-05 07:00:00,5,93,93066,2,1,1,1,Rue Des Marnaudes,48.941169,2.382924
202300042879,22,7,2023,2025-12-05 03:00:00,3,17,17028,1,1,1,7,N137,46.12291,-1.10969
202300042880,2,10,2023,2025-12-05 17:30:00,1,93,93055,2,1,1,3,Rue Delizy,48.89477664,2.40972696
202300042881,11,1,2023,2025-12-05 08:50:00,1,75,75113,2,3,2,3,Boulevard Massena,48.822687,2.372924
202300042882,2,10,2023,2025-12-05 09:05:00,1,93,93029,2,2,7,6,Avenue Jean Jaures / Avenue Henri Barbusse,48.91975,2.45148
202300042883,22,7,2023,2025-12-05 21:05:00,1,14,14118,2,1,1,3,N814,49.198525,-0.373632
202300042884,11,1,2023,2025-12-05 08:10:00,1,75,75113,2,5,2,3,Rue De Tolbiac,48.82616289,2.36001402
202300042885,2,10,2023,2025-12-05 17:30:00,1,93,93014,2,3,7,6,Allee De Coubron / Allee Veuve Lindet Girard,48.912599,2.551755
202300042886,22,7,2023,2025-12-05 10:15:00,1,13,13019,2,1,1,1,Boulevard Du Mistraou,43.46433,5.35296
202300042887,11,1,2023,2025-12-05 07:00:00,5,75,75111,2,3,2,6,Boulevard Voltaire,48.852457,2.389236
202300042888,2,10,2023,2025-12-05 08:30:00,1,93,93010,2,1,7,1,Route De Villemomble,48.893932,2.47783
202300042889,22,7,2023,2025-12-05 21:51:00,5,10,10387,2,7,1,6,Urbain Iv (Rue),48.29768,4.07612
202300042890,11,1,2023,2025-12-05 15:00:00,1,75,75110,2,3,1,2,Boulevard De Magenta,48.879557,2.353342
202300042891,22,7,2023,2025-12-05 10:30:00,1,7,7281,1,1,1,7,C.D.533,44.93346,4.79379
202300042892,2,10,2023,2025-12-05 14:35:00,1,92,92046,2,1,1,4,Pierre Brossolette (Avenue),48.81844978,2.30888307
202300042893,2,10,2023,2025-12-05 13:10:00,1,92,92073,2,2,1,6,Verdun (Rue De),48.87383,2.23014
202300042894,11,1,2023,2025-12-05 18:20:00,5,75,75103,2,2,1,6,Rue Beaubourg,48.86427,2.355164
202300042895,21,7,2023,2025-12-05 17:45:00,1,7,7281,2,1,1,2,Gross-Umstadt (Avenue De),44.9424,4.86021
202300042896,2,10,2023,2025-12-05 20:25:00,5,92,92040,2,9,1,4,Rouget De L'Isle,48.8278657,2.26712868
202300042897,22,7,2023,2025-12-05 03:15:00,5,6,6088,2,1,1,2,Madeleine (Bd De La),43.69318,7.24397
202300042898,11,1,2023,2025-12-05 09:15:00,1,75,75103,2,3,1,7,Rue De Turbigo,48.86628746,2.35976726
202300042899,2,10,2023,2025-12-05 13:30:00,1,92,92024,2,1,1,4,General Leclerc (Bd Du) (9 A 59)   (4 A,48.90117731,2.31545046
202300042900,22,7,2023,2025-12-05 18:50:00,1,75,75112,2,1,1,2,Porte De Charenton,48.830807,2.403154
202300042901,10,1,2023,2025-12-05 14:20:00,1,94,94068,2,6,2,2,Avenue Foch,48.805361,2.483966
202300042902,2,10,2023,2025-12-05 21:20:00,5,92,92023,2,6,1,3,Eugene Beaujard (Carrefour),48.78974609,2.25267738
202300042903,22,7,2023,2025-12-05 08:55:00,1,75,75119,2,1,1,3,Rue Petit,48.886221,2.391472
202300042904,2,10,2023,2025-12-05 14:40:00,1,92,92012,2,1,1,6,Jean Jaures (Boulevard) 217/Fin - 210/Fi,48.82765175,2.24681407
202300042905,10,1,2023,2025-12-05 18:40:00,5,94,94011,2,3,2,6,Avenue De Boissy / N406,48.763219,2.493556
202300042906,3,10,2023,2025-12-05 05:45:00,3,81,81097,1,1,1,7,D81 Pk6+870,43.893847,2.2170133
202300042907,22,7,2023,2025-12-05 11:05:00,1,75,75116,2,1,1,2,Allee De Longchamp,48.873799,2.267976
202300042908,11,1,2023,2025-12-05 02:10:00,5,94,94034,2,6,3,3,Pepinieres (Av Des),48.753096,2.339738
202300042909,22,7,2023,2025-12-05 12:55:00,1,75,75114,2,7,1,6,Place Saint Jacques,48.833574,2.336332
202300042910,11,1,2023,2025-12-05 12:00:00,1,94,94059,2,2,1,6,Avenue Maurice Berteaux / Avenue Maurice Ponroy,48.80505,2.57233
202300042911,22,7,2023,2025-12-05 13:00:00,1,75,75114,2,1,1,3,Avenue Denfert Rochereau,48.835562,2.333561
202300042912,11,1,2023,2025-12-05 15:10:00,1,94,94017,2,1,1,3,Rue Du Monument,48.81262,2.51734
202300042913,30,9,2023,2025-12-05 18:07:00,1,35,35085,1,3,1,3,D895,48.417036,-1.755452
202300042914,22,7,2023,2025-12-05 07:30:00,1,75,75115,2,1,1,4,Quai D Issy Les Moulineaux,48.834822,2.265667
202300042915,2,10,2023,2025-12-05 23:00:00,3,12,12049,1,1,1,6,Beauregard,44.562244,2.600015
202300042916,11,1,2023,2025-12-05 20:25:00,5,93,93072,2,7,1,3,Boulevard Maxime Gorki / Avenue Louis Bordes,48.9558,2.38316
202300042917,21,7,2023,2025-12-05 10:24:00,1,75,75113,2,2,1,3,Boulevard Vincent Auriol,48.833981,2.364788
202300042918,11,1,2023,2025-12-05 09:01:00,1,93,93070,2,1,8,3,Rue Des Rosiers,48.9038,2.33927
202300042919,22,7,2023,2025-12-05 04:40:00,3,75,75111,2,3,1,3,Rue Breguet,48.856307,2.371033
202300042920,11,1,2023,2025-12-05 14:15:00,1,93,93062,2,1,1,6,Avenue Thiers,48.89894299,2.51852185
202300042921,21,7,2023,2025-12-05 17:15:00,1,75,75111,2,2,1,3,Avenue Parmentier,48.866663,2.373489
202300042922,11,1,2023,2025-12-05 17:40:00,5,93,93048,2,1,1,6,Rue Victor Hugo,48.861196,2.439463
202300042923,3,10,2023,2025-12-05 08:50:00,1,44,44023,1,1,1,1,La Voliais,47.43459,-1.890544
202300042924,11,1,2023,2025-12-05 08:10:00,2,93,93005,2,1,1,6,Rue Maryse Bastie,48.959182,2.495836
202300042925,22,7,2023,2025-12-05 00:40:00,5,75,75108,2,2,1,3,Avenue Des Champs Elysees,48.873127,2.297083
202300042926,11,1,2023,2025-12-05 16:45:00,1,93,93001,2,2,1,2,Rue Madeleine Vionnet / Rue Louis Girard,48.90403501,2.37505585
202300042927,22,7,2023,2025-12-05 15:04:00,1,94,94081,2,1,1,1,Rue Marie Sorin Defresne,48.79621215,2.38677737
202300042928,11,1,2023,2025-12-05 12:15:00,1,92,92073,2,1,1,6,Sellier (Boulevard Henri),48.86521,2.21938
202300042929,22,7,2023,2025-12-05 16:10:00,1,94,94028,2,3,1,5,Rue Jean Jaures,48.78761,2.4359
202300042930,11,1,2023,2025-12-05 18:00:00,5,92,92007,2,2,1,3,Blanchard Rue,48.796023,2.292291
202300042931,11,1,2023,2025-12-05 09:45:00,1,92,92048,2,1,2,6,Henri Savignac (Rue),48.81916151,2.23439455
202300042932,21,7,2023,2025-12-05 14:30:00,1,94,94041,2,1,1,2,Boulevard De Stalingrad,48.8044,2.37716
202300042933,11,1,2023,2025-12-05 08:50:00,1,92,92040,2,1,2,7,General De Gaulle (Ave Du) 87 A 127,48.818,2.2769
202300042934,18,7,2023,2025-12-05 20:45:00,1,93,93064,2,3,1,2,Avenue Du General De Gaulle / Rue D'Aurion,48.87897462,2.47846907
202300042935,10,1,2023,2025-12-05 21:55:00,5,92,92012,2,1,2,3,Edouard Vaillant (Avenue) - Debut/55 - C,48.83669379,2.25326532
202300042936,22,7,2023,2025-12-05 21:30:00,5,93,93057,2,1,1,3,Avenue Jean Jaures,48.90527416,2.50200396
202300042937,11,1,2023,2025-12-05 18:30:00,5,92,92002,2,1,1,3,Aristide Briand (Avenue),48.75869,2.3069
202300042938,22,7,2023,2025-12-05 11:15:00,1,92,92064,2,3,1,3,Camp Canadien,48.85289253,2.20587015
202300042939,11,1,2023,2025-12-05 19:15:00,3,1,1074,1,1,5,1,Le Bernon,46.014742,5.179335
202300042940,22,7,2023,2025-12-05 00:04:00,5,92,92023,2,1,1,2,General De Gaulle (Av Du) Ndeg130 A 340 Et,48.78420473,2.24872863
202300042941,12,1,2023,2025-12-05 10:00:00,1,57,57439,2,1,2,6,Rue Principale (Manderen),49.450212,6.431106
202300042942,22,7,2023,2025-12-05 21:10:00,2,92,92012,2,2,1,2,Issy (Pont D'),48.8309124,2.25822097
202300042943,10,1,2023,2025-12-05 17:30:00,2,33,33334,1,2,1,3,Route Des Graves,44.690196,-0.423832
202300042944,3,1,2023,2025-12-05 12:30:00,1,31,31003,1,3,1,3,Intersection D18  Et Chemin De Lauzerville,43.562062,1.585486
202300042945,12,1,2023,2025-12-05 13:20:00,1,52,52056,1,1,1,7,A5 Pk206.550 Sens Dijon Vers Troyes,48.040719,5.037789
202300042946,22,7,2023,2025-12-05 04:57:00,5,92,92007,2,9,1,3,Mirabeau (Allee),48.78962652,2.31357023
202300042947,12,1,2023,2025-12-05 10:55:00,1,44,44089,1,1,8,7,Adresse_Inconnue,47.34542,-1.86005
202300042948,12,1,2023,2025-12-05 07:30:00,1,74,74171,2,1,1,3,Chemin De Rosieres,46.314909,6.342824
202300042949,22,7,2023,2025-12-05 20:45:00,1,51,51195,1,1,1,7,Rn 44 Pr 88.850,48.769467,4.582205
202300042950,12,1,2023,2025-12-05 14:05:00,1,4,4033,1,1,1,3,D900B,44.454471,6.316844
202300042951,10,1,2023,2025-12-05 12:25:00,1,51,51612,2,1,2,7,Rue De Villers-Aux-Bois,48.90958725,4.00121748
202300042952,23,7,2023,2025-12-05 10:56:00,1,42,42212,1,3,1,1,Route Bleue,45.979317,4.117762
202300042953,12,1,2023,2025-12-05 01:05:00,5,74,74195,2,1,1,6,1967 Route De Bellegarde,46.005383,5.95994
202300042954,12,7,2023,2025-12-05 12:45:00,1,63,63278,2,3,1,3,D211,45.924259,3.158602
202300042955,10,1,2023,2025-12-05 08:00:00,3,78,78192,1,2,9,3,Rd 928,48.928449,1.60962
202300042956,22,7,2023,2025-12-05 15:30:00,1,1,1143,1,1,1,7,D1005,46.413384,6.060715
202300042957,23,7,2023,2025-12-05 01:28:00,3,65,65369,2,1,1,7,Route Du Pic Du Midi,43.270027,0.176489
202300042958,23,7,2023,2025-12-05 15:50:00,1,72,72200,1,1,1,7,Route Des Lueres,47.909899,0.217323
202300042959,11,1,2023,2025-12-05 18:00:00,3,22,22232,1,2,1,1,Impasse Du Petit Kergrain,48.635328,-2.907799
202300042960,11,1,2023,2025-12-05 19:00:00,3,29,29236,1,4,1,6,Lieu Dit Kervideo,47.850153,-3.662567
202300042961,23,7,2023,2025-12-05 06:15:00,2,44,44158,1,1,2,3,Adresse_Inconnue,47.27623,-1.721549
202300042962,11,1,2023,2025-12-05 13:20:00,1,29,29236,1,1,8,6,Lieu Dit Saint Jean,47.87121,-3.612305
202300042963,23,7,2023,2025-12-05 07:30:00,2,44,44076,1,1,2,2,Adresse_Inconnue,47.62739666,-1.64438725
202300042964,11,1,2023,2025-12-05 17:45:00,2,29,29095,1,1,8,1,Pen Ar Forest,48.45906028,-4.35659076
202300042965,22,7,2023,2025-12-05 00:45:00,5,62,62162,1,4,1,6,D943,50.56993159,2.4473269
202300042966,12,1,2023,2025-12-05 08:00:00,1,3,3314,1,3,1,1,Lieu Dit Sainte-Agathe,46.306268,2.636826
202300042967,23,7,2023,2025-12-05 05:50:00,2,62,62559,1,1,2,1,D939,50.20758517,3.10018766
202300042968,5,1,2023,2025-12-05 17:15:00,5,1,1196,1,1,1,6,Route De Bourg,46.36074,5.122707
202300042969,11,1,2023,2025-12-05 09:45:00,1,58,58280,1,1,2,7,D981,46.847946,3.395092
202300042970,22,7,2023,2025-12-05 06:50:00,1,40,40165,1,1,1,1,D834,44.110484,-0.702009
202300042971,22,7,2023,2025-12-05 19:55:00,1,59,59194,1,1,1,6,D934,50.198386,3.639393
202300042972,11,1,2023,2025-12-05 10:25:00,1,6,6059,1,1,1,3,Avenue Georges Clemenceau,43.732329,7.382652
202300042973,11,1,2023,2025-12-05 10:35:00,1,50,50389,1,2,1,3,Route De L'Abbaye,49.01277,-1.361527
202300042974,9,1,2023,2025-12-05 22:10:00,3,10,10035,1,1,8,6,D396,48.207623,4.753647
202300042975,22,7,2023,2025-12-05 12:15:00,1,76,76263,1,1,1,2,D128,49.494368,1.530629
202300042976,11,1,2023,2025-12-05 19:40:00,5,85,85146,2,3,1,3,Rd84A,46.962406,-1.344848
202300042977,1,7,2023,2025-12-05 03:00:00,5,2B,2B123,1,6,1,6,Rd 144,42.004172,9.441545
202300042978,8,1,2023,2025-12-05 10:54:00,1,27,27232,2,1,1,6,Rue Henri Pepin,49.290097,1.54036
202300042979,22,7,2023,2025-12-05 20:47:00,2,80,80240,2,1,1,1,21 Rue Roger Corne,49.927008,2.942934
202300042980,11,1,2023,2025-12-05 12:20:00,1,27,27112,1,2,1,7,D55,48.853054,0.939631
202300042981,8,1,2023,2025-12-05 11:00:00,1,28,28023,1,1,2,3,D28,48.511466,1.678441
202300042982,23,7,2023,2025-12-05 08:45:00,1,11,11361,1,1,1,5,D126,43.327277,2.064126
202300042983,12,1,2023,2025-12-05 15:00:00,1,77,77279,1,1,9,6,A5 Sens 1 Direction Troyes Pk 38.000,48.379036,3.008799
202300042984,22,7,2023,2025-12-05 17:18:00,1,71,71014,2,1,1,1,Route D'Arnay,46.960643,4.305037
202300042985,22,7,2023,2025-12-05 23:10:00,3,63,63003,1,1,1,7,Route Des Chaux,45.535333,3.780885
202300042986,12,1,2023,2025-12-05 09:15:00,1,38,38197,1,1,1,2,A432 Pk 023+400,45.742865,5.095832
202300042987,9,1,2023,2025-12-05 20:30:00,5,74,74010,2,1,2,2,155 Avenue D'Aix-Les-Bains,45.88414,6.099393
202300042988,17,7,2023,2025-12-05 17:10:00,1,49,49291,1,2,1,3,Route De Breze,47.170078,-0.092724
202300042989,12,1,2023,2025-12-05 05:00:00,5,69,69225,1,9,1,3,Autoroute 89,45.881898,4.42955
202300042990,23,7,2023,2025-12-05 15:15:00,1,42,42234,1,2,1,1,Route De Fontanes,45.526231,4.390519
202300042991,12,1,2023,2025-12-05 07:40:00,2,30,30333,1,1,1,3,Adresse_Inconnue,43.765639,4.267459
202300042992,22,7,2023,2025-12-05 20:00:00,1,46,46313,2,1,1,7,Lieu Dit Le Terral,44.913911,1.761074
202300042993,22,7,2023,2025-12-05 23:45:00,3,34,34041,1,1,1,1,D2,43.60895463,3.4705608
202300042994,13,7,2023,2025-12-05 15:28:00,1,44,44087,1,1,1,6,La Bourriere,47.048575,-1.81489
202300042995,11,1,2023,2025-12-05 10:30:00,1,17,17022,1,8,1,3,Vc 9,45.883492,-0.527979
202300042996,22,7,2023,2025-12-05 17:30:00,1,44,44131,1,9,1,3,Route De La Plaine,47.125403,-2.141712
202300042997,23,7,2023,2025-12-05 01:55:00,4,38,38517,1,6,1,6,Rd45 Rond Point Carrefour Market,45.294505,5.507026
202300042998,12,1,2023,2025-12-05 14:25:00,1,2B,2B223,1,1,1,2,Rt30 Pk 54+500,42.536441,9.184849
202300042999,23,7,2023,2025-12-05 10:40:00,1,38,38108,1,1,1,3,Rd531 Pk 18,45.074369,5.448436
202300043000,11,1,2023,2025-12-05 19:20:00,3,66,66050,1,1,1,6,Adresse_Inconnue,42.74613,2.96957
202300043001,11,1,2023,2025-12-05 13:15:00,1,13,13053,1,1,1,7,Chemin De Senas,43.736398,5.166421
202300043002,22,7,2023,2025-12-05 18:50:00,1,3,3221,1,1,1,2,Avenue Nicolas Rambourg,46.645098,2.725039
202300043003,12,1,2023,2025-12-05 12:15:00,1,13,13041,1,1,1,7,Avenue D?Armenie,43.453764,5.455817
202300043004,22,7,2023,2025-12-05 12:45:00,1,66,66016,1,1,1,1,Rec Del Vinyes,42.449721,3.057364
202300043005,11,1,2023,2025-12-05 16:30:00,1,68,68364,1,1,2,3,D18B,47.949854,7.269194
202300043006,22,7,2023,2025-12-05 17:30:00,1,54,54222,1,1,1,6,Rd 914,48.52047207,6.47501886
202300043007,10,1,2023,2025-12-05 20:30:00,3,44,44026,1,1,2,1,10 Route De Paris,47.28823201,-1.43766403
202300043008,23,7,2023,2025-12-05 11:25:00,1,14,14369,1,1,2,3,Route De L'Embranchement,49.161457,-0.888632
202300043009,11,1,2023,2025-12-05 18:15:00,3,14,14499,1,1,1,6,D513,49.24589098,-0.1819823
202300043010,11,1,2023,2025-12-05 11:22:00,1,22,22339,2,3,1,3,Rue Du Noroit,48.46717,-2.054441