num_acc,jour,mois,an,hrmn,lum,dep,com,agg,int,atm,col,adr,lat,long
202300043011,23,7,2023,2025-12-05 13:15:00,1,5,5039,1,4,1,3,Impasse De La Blache,44.769786,6.022568
202300043012,10,1,2023,2025-12-05 12:00:00,1,22,22093,1,1,8,3,Cd768 Lamballe,48.470489,-2.540127
202300043013,23,7,2023,2025-12-05 12:30:00,1,7,7288,1,1,1,5,D104,44.722558,4.510489
202300043014,22,7,2023,2025-12-05 16:45:00,1,40,40115,1,2,1,3,D10,43.771601,-0.904596
202300043015,11,1,2023,2025-12-05 18:20:00,3,33,33318,1,1,1,2,Rocade A 630,44.80161,-0.65806
202300043016,20,7,2023,2025-12-05 16:49:00,1,40,40188,2,1,1,3,D933S,43.62067,-0.630603
202300043017,11,1,2023,2025-12-05 18:40:00,3,92,92002,1,1,1,4,Autoroute A10,48.73194131,2.3106088
202300043018,23,7,2023,2025-12-05 19:00:00,1,24,24520,2,1,1,6,Rue Jean Gabin,44.893679,1.225802
202300043019,11,1,2023,2025-12-05 17:55:00,3,94,94034,1,1,1,2,A6B,48.75359848,2.33149496
202300043020,23,7,2023,2025-12-05 02:50:00,3,85,85101,1,2,1,3,Rd 949,46.454131,-1.403603
202300043021,11,1,2023,2025-12-05 09:05:00,1,91,91521,1,1,1,7,Autoroute A6,48.63603,2.39996
202300043022,21,7,2023,2025-12-05 14:45:00,1,27,27587,1,1,7,1,Rd 47,49.288327,0.641627
202300043023,11,1,2023,2025-12-05 09:20:00,1,92,92047,1,1,8,2,A13,48.83477584,2.17317586
202300043024,22,7,2023,2025-12-05 13:00:00,1,37,37111,1,2,1,3,Les Fouassiers,47.210677,1.134196
202300043025,10,1,2023,2025-12-05 10:00:00,1,92,92050,1,1,2,4,A86,48.915308,2.22011012
202300043026,21,7,2023,2025-12-05 17:03:00,1,68,68375,2,1,1,3,158 Rue De Reiningue,47.788908,7.226316
202300043027,10,1,2023,2025-12-05 09:15:00,1,92,92050,1,1,2,3,A86,48.89184038,2.1783988
202300043028,23,7,2023,2025-12-05 00:00:00,3,1,1089,1,1,1,6,A42 Pk 034+800,45.962693,5.306379
202300043029,11,1,2023,2025-12-05 17:32:00,5,93,93027,1,1,1,5,Autoroute A86,48.92312,2.38254
202300043030,20,7,2023,2025-12-05 12:00:00,1,31,31035,1,1,7,5,A61,43.535887,1.509805
202300043031,9,1,2023,2025-12-05 22:00:00,3,92,92036,1,1,8,6,Autoroute A15,48.94411853,2.28638822
202300043032,23,7,2023,2025-12-05 12:00:00,1,40,40206,1,1,1,5,A641 - Pk1+800,43.527269,-1.103268
202300043033,9,1,2023,2025-12-05 15:00:00,1,92,92036,1,1,2,3,Autoroute A15,48.94067835,2.29263081
202300043034,22,7,2023,2025-12-05 11:30:00,1,34,34213,1,1,1,2,"A9, Pk 125+700",43.475242,3.65067
202300043035,11,1,2023,2025-12-05 10:30:00,1,94,94022,1,1,1,2,A86,48.7761107,2.42505182
202300043036,11,1,2023,2025-12-05 09:00:00,1,94,94079,1,1,1,3,A4,48.83592061,2.53990748
202300043037,22,7,2023,2025-12-05 00:20:00,3,73,73128,1,1,1,6,A41,45.72807017,5.92382058
202300043038,11,1,2023,2025-12-05 00:25:00,3,93,93051,1,1,2,6,A4,48.83636712,2.54936457
202300043039,23,7,2023,2025-12-05 08:30:00,1,13,13051,1,1,1,2,A7 - Gare De Peage Lancon Provence - Sud / Nord,43.593431,5.176921
202300043040,10,1,2023,2025-12-05 20:10:00,5,54,54395,2,3,1,6,Rue De Laxou,48.68518,6.15991
202300043041,23,7,2023,2025-12-05 12:40:00,1,973,97312,1,1,1,6,N1,5.341472,-52.929425
202300043042,10,1,2023,2025-12-05 07:55:00,2,25,25056,2,1,2,6,Fleming Boulevard,47.227271,5.965537
202300043043,23,7,2023,2025-12-05 00:05:00,3,77,77455,2,1,1,1,2 Rue Du Moulin,48.655702,2.699419
202300043044,9,1,2023,2025-12-05 17:20:00,2,42,42095,2,6,2,6,Rue De Chazeau,45.37988,4.27653
202300043045,22,7,2023,2025-12-05 22:35:00,3,84,84034,1,1,1,1,D900,43.883202,4.966078
202300043046,6,1,2023,2025-12-05 11:05:00,1,63,63075,2,1,2,6,Royat (Avenue De),45.76966,3.05783
202300043047,23,7,2023,2025-12-05 07:20:00,1,6,6048,1,1,1,6,Route Du Col De Nice,43.796508,7.354101
202300043048,6,1,2023,2025-12-05 16:33:00,1,63,63113,2,1,1,6,Clemenceau (Avenue Georges),45.7752,3.08471
202300043049,22,7,2023,2025-12-05 12:00:00,1,5,5079,1,1,1,7,D902B,45.06292,6.407325
202300043050,3,1,2023,2025-12-05 19:00:00,4,62,62464,2,1,2,6,D947,50.491014,2.809118
202300043051,23,7,2023,2025-12-05 02:00:00,3,26,26166,1,1,1,2,"A7, Sens S/N, Pk 92+200",44.758821,4.794878
202300043052,10,1,2023,2025-12-05 17:45:00,1,974,97409,1,1,1,6,Rn2 Sens St Benoit St Denis,-20.94923,55.65413
202300043053,23,7,2023,2025-12-05 03:40:00,4,38,38494,2,1,1,6,"Cd 517, Route De Morestel, Sablonnieres",45.690093,5.372781
202300043054,10,1,2023,2025-12-05 14:57:00,1,973,97302,2,1,1,6,Eboue (Rocade Felix),4.92878,-52.31648
202300043055,22,7,2023,2025-12-05 19:00:00,1,26,26163,1,1,1,7,Rd199,44.916134,5.198979
202300043056,10,1,2023,2025-12-05 17:10:00,2,69,69387,2,1,1,2,Rue De L'Epargne,45.74313,4.8553
202300043057,22,7,2023,2025-12-05 03:50:00,3,17,17184,1,3,1,3,Rd 733,45.7766,-0.936208
202300043058,10,1,2023,2025-12-05 10:45:00,1,69,69387,2,2,1,3,Boulevard Yves Farge,45.74338,4.83429
202300043059,21,7,2023,2025-12-05 20:45:00,1,22,22050,1,1,1,1,Route De Calorguen,48.440405,-2.041891
202300043060,9,1,2023,2025-12-05 21:10:00,3,972,97209,2,3,1,3,Anatole France (Rue),14.61111,-61.07007
202300043061,23,7,2023,2025-12-05 12:00:00,1,22,22233,1,1,2,3,D15,48.714383,-3.081923
202300043062,8,1,2023,2025-12-05 06:10:00,2,972,97209,1,1,1,5,Rd 41 (Rocade),14.6145,-61.053
202300043063,23,7,2023,2025-12-05 13:00:00,1,76,76684,2,1,2,6,Route Departementale 982,49.475253,0.462354
202300043064,10,1,2023,2025-12-05 08:00:00,1,69,69149,2,2,1,6,Rue Du Perron,45.7129,4.80718
202300043065,22,7,2023,2025-12-05 15:40:00,1,60,60589,1,6,1,3,D1016,49.206737,2.462681
202300043066,10,1,2023,2025-12-05 13:22:00,1,971,97101,2,2,1,3,8 Mai 1981 (Boulevard Du),16.2767,-61.50818
202300043067,23,7,2023,2025-12-05 14:20:00,1,60,60088,1,1,1,5,D105,49.189817,2.19276
202300043068,23,7,2023,2025-12-05 03:00:00,3,59,59191,1,1,1,6,Departementale 111,50.040563,3.363233
202300043069,9,1,2023,2025-12-05 12:20:00,1,91,91377,2,3,1,6,Rue De Versailles,48.73222,2.25606
202300043070,22,7,2023,2025-12-05 06:56:00,2,13,13214,1,1,1,3,A507 Sens Aubagne- Marseille,43.33004,5.40126
202300043071,10,1,2023,2025-12-05 08:45:00,1,91,91421,2,1,1,7,Saules (Chemin Des),48.69609,2.44524
202300043072,21,7,2023,2025-12-05 08:36:00,1,13,13213,1,1,1,2,A507 Sens Marseille - Aubagne,43.32992,5.411317
202300043073,10,1,2023,2025-12-05 09:08:00,1,87,87085,2,6,2,3,Queuille (Place Henri),45.8152,1.26968
202300043074,21,7,2023,2025-12-05 18:17:00,1,83,83144,1,1,1,6,A57,43.14139129,6.00396948
202300043075,9,1,2023,2025-12-05 11:26:00,1,87,87085,2,1,2,6,Benedictins (Avenue Des),45.83313,1.26858
202300043076,22,7,2023,2025-12-05 14:40:00,1,33,33167,1,1,1,3,Route Nationale 230,44.821257,-0.517608
202300043077,9,1,2023,2025-12-05 17:24:00,1,87,87085,1,1,2,6,Rd941 (Ouest),45.8398,1.18395
202300043078,9,1,2023,2025-12-05 17:46:00,5,78,78440,2,1,3,6,Paul Raoult (Avenue),48.981449,1.912492
202300043079,22,7,2023,2025-12-05 14:15:00,1,33,33192,1,1,1,3,Autoroute A 63,44.7819,-0.635252
202300043080,22,7,2023,2025-12-05 03:25:00,4,33,33013,1,9,1,2,Route Nationale 89,44.8687384,-0.5026862
202300043081,21,7,2023,2025-12-05 22:10:00,3,91,91689,1,1,1,5,Autoroute A6B,48.74604,2.32573
202300043082,22,7,2023,2025-12-05 16:00:00,1,92,92048,1,1,1,4,N118,48.79379358,2.21880725
202300043083,21,7,2023,2025-12-05 23:45:00,3,93,93053,1,1,1,6,Autoroute A86,48.89790505,2.46977341
202300043084,21,7,2023,2025-12-05 19:10:00,1,94,94028,1,1,1,2,A86,48.79411216,2.44179389
202300043085,9,1,2023,2025-12-05 17:15:00,3,77,77186,1,1,2,2,D607,48.447524,2.632788
202300043086,21,7,2023,2025-12-05 06:15:00,2,77,77450,1,1,2,2,Rn104,48.714558,2.599699
202300043087,10,1,2023,2025-12-05 17:40:00,5,76,76575,2,1,2,4,Rue Fernand Leger,49.397884,1.10001291
202300043088,20,7,2023,2025-12-05 15:50:00,1,83,83118,2,1,1,6,Route De Saint-Barthelemy,43.43746,6.89218
202300043089,10,1,2023,2025-12-05 07:45:00,2,76,76540,2,2,2,3,Boulevard Des Belges,49.44423,1.08531
202300043090,19,7,2023,2025-12-05 08:40:00,1,6,6069,1,1,1,6,Santon (Chemin Du),43.641783,6.948673
202300043091,10,1,2023,2025-12-05 10:10:00,1,74,74012,2,1,1,3,Sommeiller (Rue Germain),46.19526,6.26871
202300043092,21,7,2023,2025-12-05 09:50:00,1,976,97611,2,9,1,1,Kaweni-Kaweni Nord ( Z I ),-12.76038,45.22659
202300043093,10,1,2023,2025-12-05 08:35:00,1,72,72181,2,6,2,1,Lecouteux Lionel (Pl) Ndeg 3,48.00593,0.20158
202300043094,21,7,2023,2025-12-05 06:30:00,1,974,97411,2,2,1,3,Leconte De Lisle (Avenue),-20.8943,55.48669
202300043095,20,7,2023,2025-12-05 21:35:00,3,974,97411,2,1,1,3,Reydellet (Route Jules),-20.93569,55.49029
202300043096,9,1,2023,2025-12-05 21:14:00,5,67,67482,2,3,2,3,Edmond Michelet (Rue),48.57353,7.76663
202300043097,21,7,2023,2025-12-05 07:20:00,1,974,97407,2,1,1,6,Ferry (Rue),-20.93568,55.2966
202300043098,10,1,2023,2025-12-05 10:48:00,1,64,64102,2,1,1,3,Avenue Duvergier De Hauranne,43.48672,-1.46675
202300043099,21,7,2023,2025-12-05 12:50:00,1,973,97302,2,1,1,7,Madeleine (Route De La),4.90986,-52.32154
202300043100,21,7,2023,2025-12-05 14:00:00,1,69,69383,2,2,1,3,Avenue Lacassagne,45.74583,4.88765
202300043101,9,1,2023,2025-12-05 20:22:00,5,64,64102,2,1,2,3,Avenue Paul Pras,43.48391,-1.47671
202300043102,21,7,2023,2025-12-05 15:30:00,1,972,97213,2,6,1,6,Route Nationale 1,14.61964,-60.99471
202300043103,21,7,2023,2025-12-05 07:15:00,1,972,97213,1,1,1,6,Adresse_Inconnue,14.6219,-60.99101
202300043104,21,7,2023,2025-12-05 23:10:00,5,69,69385,2,1,1,6,22 Rue Commandant Charcot,45.75555,4.80925
202300043105,19,7,2023,2025-12-05 09:20:00,1,69,69389,2,1,1,5,6 Quai Raoul Carrie,45.79909,4.8337
202300043106,19,7,2023,2025-12-05 18:39:00,1,2B,2B120,2,1,1,6,Imperiale (Route) D464,42.6448,9.4341
202300043107,15,7,2023,2025-12-05 18:00:00,1,95,95306,2,1,1,6,Conflans (Rue De),48.99893,2.15193
202300043108,21,7,2023,2025-12-05 15:15:00,1,91,91161,2,9,1,3,Av Pierre Brossolette,48.70439,2.32226
202300043109,20,7,2023,2025-12-05 21:19:00,1,87,87050,2,1,1,6,Cassin (Rue Rene),45.86807,1.2374
202300043110,20,7,2023,2025-12-05 02:24:00,4,87,87065,2,1,1,6,Rd979,45.81159,1.34343
202300043111,21,7,2023,2025-12-05 19:15:00,1,84,84035,2,2,1,2,Taillades-Rd143 (Routes Des),43.838,5.066
202300043112,17,7,2023,2025-12-05 17:20:00,1,76,76486,2,1,1,1,Rue D'Elbeuf,49.30105,0.99252
202300043113,21,7,2023,2025-12-05 08:00:00,1,72,72181,2,6,1,3,Demorieux Pairs-Rocade A Rp D'Allonnes,47.98765,0.1813
202300043114,21,7,2023,2025-12-05 20:25:00,1,71,71306,2,1,1,6,Jules Chagot (Quai),46.67231,4.35973
202300043115,21,7,2023,2025-12-05 15:50:00,1,71,71306,2,1,1,7,Roger Salengro (Avenue),46.66853,4.36038
202300043116,21,7,2023,2025-12-05 01:50:00,4,69,69029,2,1,1,2,Avenue Francois Mitterrand,45.73784533,4.92141192
202300043117,21,7,2023,2025-12-05 07:57:00,1,66,66136,1,6,9,3,Adresse_Inconnue,42.73092682,2.89556265
202300043118,20,7,2023,2025-12-05 10:00:00,1,64,64024,2,3,1,3,Espagne (Avenue D'),43.47658,-1.52629
202300043119,21,7,2023,2025-12-05 01:32:00,5,63,63113,2,2,1,3,Bd Jean Jaures/Rue Joseph Girod,45.76789,3.08407
202300043120,18,7,2023,2025-12-05 17:30:00,1,59,59512,2,2,1,3,Dammartin (Rue),50.68222,3.17609
202300043121,21,7,2023,2025-12-05 16:50:00,1,54,54439,2,3,1,3,Avenue Charles De Gaulle,48.70473,6.25016
202300043122,20,7,2023,2025-12-05 12:25:00,1,51,51454,2,1,1,3,Epernay (Avenue D') Cote Impair,49.23245,4.01416
202300043123,20,7,2023,2025-12-05 16:40:00,1,50,50129,2,1,1,2,Paris (Avenue De),49.63138,-1.61759
202300043124,20,7,2023,2025-12-05 13:15:00,1,50,50129,2,1,1,3,Mahieu (Rue Albert),49.63961,-1.62523
202300043125,20,7,2023,2025-12-05 17:56:00,1,49,49007,2,1,1,6,Jean Xxiii Avenue,47.44556,-0.55788
202300043126,20,7,2023,2025-12-05 23:20:00,5,42,42186,2,3,1,3,Pont Lamartine,45.52913,4.61606
202300043127,20,7,2023,2025-12-05 19:45:00,1,42,42207,2,2,1,3,Boulevard Pierre Joannon,45.45538953,4.50579543
202300043128,21,7,2023,2025-12-05 21:05:00,2,42,42071,2,1,1,6,Avenue De La Republique,46.02616,4.09272
202300043129,21,7,2023,2025-12-05 09:35:00,1,41,41018,1,1,1,3,Moulin (Rue Jean),47.58626,1.32637
202300043130,21,7,2023,2025-12-05 03:05:00,5,38,38421,2,1,1,1,Avenue Potie,45.17266,5.75652
202300043131,21,7,2023,2025-12-05 19:45:00,1,35,35238,2,2,1,3,Gayeulles (Square Des),48.12949,-1.65387
202300043132,21,7,2023,2025-12-05 08:10:00,1,35,35238,2,2,1,3,Rochester (Avenue De),48.12784,-1.65747
202300043133,20,7,2023,2025-12-05 22:28:00,5,35,35238,2,1,2,3,Chateaubriand (Quai),48.11023,-1.67516
202300043134,21,6,2023,2025-12-05 13:00:00,1,80,80600,1,3,7,2,D111,50.186132,1.69904
202300043135,21,6,2023,2025-12-05 15:45:00,1,71,71240,1,1,1,3,Adresse_Inconnue,46.39966872,4.64990906
202300043136,19,6,2023,2025-12-05 09:00:00,1,89,89003,2,3,1,1,Adresse_Inconnue,47.87560567,3.35540344
202300043137,21,6,2023,2025-12-05 13:15:00,1,12,12052,2,3,1,3,37 Boulevard Paul Ramadier,44.571042,2.074694
202300043138,16,6,2023,2025-12-05 16:00:00,1,22,22203,2,1,1,6,Ploeuc-L'Hermitage,48.32628982,-2.84137197
202300043139,21,6,2023,2025-12-05 15:00:00,1,39,39193,2,1,2,1,Route De Chaussin,46.949944,5.498582
202300043140,20,6,2023,2025-12-05 21:20:00,3,25,25442,1,1,1,6,D129,46.84286,6.333382
202300043141,19,6,2023,2025-12-05 18:20:00,1,44,44101,2,6,1,7,Rond-Point Du Chat Qui Guette,47.19199451,-1.69615924
202300043142,20,6,2023,2025-12-05 23:45:00,3,44,44212,1,1,1,1,Adresse_Inconnue,47.1552,-1.255531
202300043143,19,6,2023,2025-12-05 16:00:00,1,44,44194,1,1,1,4,11 Bel Abord,47.27575694,-1.71381891
202300043144,20,6,2023,2025-12-05 12:00:00,1,35,35224,1,1,1,6,Le Domaine,48.527928,-1.832729
202300043145,21,6,2023,2025-12-05 18:00:00,1,29,29097,1,1,1,2,Pont Croix,48.497682,-4.055296
202300043146,20,6,2023,2025-12-05 19:28:00,1,1,1196,1,3,1,1,Route De Chalon,46.388485,5.11604
202300043147,21,6,2023,2025-12-05 08:00:00,1,70,70504,1,1,2,6,Rue Du Moulin De Velet,47.609715,5.954847
202300043148,21,6,2023,2025-12-05 16:30:00,1,58,58150,1,1,1,6,D34,47.320032,3.566952
202300043149,21,6,2023,2025-12-05 00:30:00,3,66,66218,1,6,1,1,Adresse_Inconnue,42.451018,1.955196
202300043150,21,6,2023,2025-12-05 16:45:00,1,72,72011,1,1,1,6,Lieu Dit Le Brindeau,48.34051466,0.0055933
202300043151,20,6,2023,2025-12-05 15:00:00,1,72,72198,2,6,1,7,Route Du Mans,48.061048,0.140703
202300043152,21,6,2023,2025-12-05 17:40:00,1,5,5123,1,1,1,1,Route De Veynes,44.561923,5.935847
202300043153,20,6,2023,2025-12-05 17:30:00,1,64,64229,1,1,3,7,Cd 933,43.213539,-1.132525
202300043154,20,6,2023,2025-12-05 15:35:00,1,73,73007,1,1,1,5,D1090,45.571459,6.22911645
202300043155,21,6,2023,2025-12-05 14:20:00,1,73,73084,1,1,1,1,D21B Route Des Bauges,45.524939,6.006668
202300043156,20,6,2023,2025-12-05 17:05:00,1,36,36007,1,1,1,3,Adresse_Inconnue,46.92559,1.497853
202300043157,20,6,2023,2025-12-05 09:51:00,1,16,16280,1,3,1,3,Route De Mansle,45.763773,0.368203
202300043158,17,6,2023,2025-12-05 11:10:00,1,85,85294,2,6,1,3,86 Boulevard Des Vendeens,46.348257,-1.404957
202300043159,20,6,2023,2025-12-05 18:25:00,1,85,85084,1,3,1,3,Rd160,46.749367,-1.261142
202300043160,20,6,2023,2025-12-05 15:40:00,1,30,30192,1,1,1,7,Route De Nimes  - D 999 - Pk 053,43.881033,4.051546
202300043161,20,6,2023,2025-12-05 20:15:00,1,52,52070,1,1,1,1,D428,47.80688143,5.26150727
202300043162,20,6,2023,2025-12-05 16:20:00,1,24,24297,1,1,1,2,A89,44.986643,0.081206
202300043163,21,6,2023,2025-12-05 00:30:00,5,978,97801,2,1,1,3,Rn7 - Route De Belle Plaine - Quartier D'Orleans,18.067091,-63.037255
202300043164,21,6,2023,2025-12-05 09:45:00,1,69,69102,1,1,1,3,Autoroute 89,45.866555,4.392772
202300043165,21,6,2023,2025-12-05 07:30:00,1,6,6088,1,1,1,2,A8,43.723545,7.228146
202300043166,21,6,2023,2025-12-05 22:45:00,5,974,97424,2,1,1,1,Rue De La Mare A Joncs,-21.134985,55.476252
202300043167,20,6,2023,2025-12-05 00:40:00,3,971,97116,1,1,1,1,Nationale 5,16.323074,-61.472347
202300043168,21,5,2023,2025-12-05 18:00:00,1,971,97115,2,1,1,6,Chemin De Ravine Chaude,16.232785,-61.667488
202300043169,21,6,2023,2025-12-05 13:45:00,1,45,45096,1,2,1,3,D44 Pr 8 + 1,47.771846,2.607161
202300043170,20,6,2023,2025-12-05 22:40:00,3,34,34103,1,1,1,7,Rd128,43.547657,3.414738
202300043171,19,6,2023,2025-12-05 23:40:00,5,34,34092,2,1,1,6,65 Avenue De Saint-Pons,43.35926613,2.94214512
202300043172,21,6,2023,2025-12-05 07:05:00,1,84,84092,1,1,2,2,Route De Sorgues (Rd 907),43.96324,4.851049
202300043173,10,6,2023,2025-12-05 17:10:00,1,83,83104,1,1,1,7,D23,43.56783,5.74276
202300043174,14,6,2023,2025-12-05 15:40:00,1,13,13041,1,1,1,6,Route De Greasque,43.4486,5.510958
202300043175,21,6,2023,2025-12-05 13:15:00,1,71,71586,1,1,1,1,D33,46.482515,4.344315
202300043176,21,6,2023,2025-12-05 12:10:00,1,38,38374,1,1,1,1,D54,45.615043,5.389711
202300043177,20,6,2023,2025-12-05 22:26:00,3,69,69215,1,1,1,6,Route De Longsard,46.0334297,4.68313098
202300043178,20,6,2023,2025-12-05 11:40:00,1,69,69141,2,2,1,3,Route De Givors,45.614484,4.673288
202300043179,1,6,2023,2025-12-05 18:10:00,1,81,81092,2,3,1,3,Brasis,43.67486,1.94208
202300043180,21,6,2023,2025-12-05 10:10:00,1,31,31248,2,6,8,6,Avenue Du Comminges,43.453672,1.39329
202300043181,17,6,2023,2025-12-05 05:45:00,2,40,40019,1,1,1,6,199 Route Des Lacs,44.212377,-1.205497
202300043182,18,6,2023,2025-12-05 21:30:00,2,59,59101,1,1,3,6,Lieu Dit Gerard Croix,50.257296,4.168319
202300043183,19,6,2023,2025-12-05 19:15:00,1,59,59581,1,1,1,6,D122,50.667777,2.772878
202300043184,20,6,2023,2025-12-05 19:00:00,1,13,13214,1,1,1,4,A507 Sens Marseille - Aubagne,43.339709,5.376689
202300043185,20,6,2023,2025-12-05 14:30:00,1,13,13202,1,1,1,2,Tunnel Joliette Marseille Vers Aubagne,43.3020788,5.36450012
202300043186,19,6,2023,2025-12-05 18:45:00,1,13,13215,1,1,1,3,A7-Sens Marseille Vers Lyon,43.35021,5.3685
202300043187,20,6,2023,2025-12-05 15:00:00,1,33,33397,1,1,1,3,Autoroute A 10,44.91421,-0.4802
202300043188,19,6,2023,2025-12-05 21:15:00,2,33,33550,1,9,1,6,Adresse_Inconnue,44.782643,-0.587073
202300043189,20,6,2023,2025-12-05 09:35:00,1,59,59386,1,1,1,6,Route Departementale 652,50.68319,3.06855
202300043190,20,6,2023,2025-12-05 12:59:00,1,94,94043,1,1,1,2,A6B,48.80839441,2.34798035
202300043191,13,6,2023,2025-12-05 16:30:00,1,78,78431,1,1,1,4,A13,48.935874,1.962439
202300043192,19,6,2023,2025-12-05 19:25:00,1,93,93064,1,1,1,3,Autoroute A86,48.87828,2.47673
202300043193,19,6,2023,2025-12-05 08:20:00,1,93,93027,1,1,1,5,Autoroute A86,48.92648671,2.40257539
202300043194,18,6,2023,2025-12-05 19:00:00,1,95,95018,1,1,3,2,A15,48.96192,2.26767
202300043195,17,6,2023,2025-12-05 23:55:00,3,93,93066,1,1,1,4,Autoroute A1,48.93036,2.36622
202300043196,16,6,2023,2025-12-05 06:10:00,1,93,93053,1,1,1,6,Autoroute A3,48.89912191,2.46932995
202300043197,16,6,2023,2025-12-05 04:25:00,3,95,95678,1,1,1,6,N104,49.071489,2.244523
202300043198,15,6,2023,2025-12-05 15:30:00,1,95,95424,1,1,1,2,A15,48.99193,2.18987
202300043199,14,6,2023,2025-12-05 09:15:00,1,93,93064,1,1,1,3,Autoroute A86,48.87092,2.48233
202300043200,20,6,2023,2025-12-05 16:30:00,1,77,77514,1,1,3,2,A104,48.940858,2.628409
202300043201,20,6,2023,2025-12-05 13:00:00,1,77,77294,1,1,1,2,A104,48.962395,2.615572
202300043202,19,6,2023,2025-12-05 06:30:00,1,77,77083,1,1,1,2,A4.W,48.83052112,2.60996707
202300043203,18,6,2023,2025-12-05 00:20:00,3,77,77294,1,1,1,2,A104,48.96247225,2.61535863
202300043204,14,6,2023,2025-12-05 14:30:00,1,75,75112,1,1,1,3,A4,48.821001,2.461626
202300043205,16,6,2023,2025-12-05 11:15:00,1,71,71306,2,6,1,6,Lille (Rue De),46.69079,4.356604
202300043206,19,6,2023,2025-12-05 14:30:00,1,64,64024,2,1,1,3,Cinq Cantons (Rue Des),43.48567,-1.51945
202300043207,19,6,2023,2025-12-05 06:17:00,1,987,98735,2,1,1,6,C U Sacree,2.0,2.0
202300043208,18,6,2023,2025-12-05 18:55:00,5,974,97407,2,1,1,6,Rue Verlaine,-20.94169456,55.31120002
202300043209,19,6,2023,2025-12-05 19:40:00,5,973,97302,2,1,1,2,Madeleine (Route De La),4.90792,-52.322
202300043210,19,6,2023,2025-12-05 14:15:00,1,973,97302,2,3,1,4,Montabo (Route De) 4,4.9325383,-52.29043454
202300043211,19,6,2023,2025-12-05 17:45:00,1,69,69387,2,1,1,5,Avenue Jean Jaures,45.75332,4.84662
202300043212,17,6,2023,2025-12-05 00:35:00,5,972,97209,1,1,1,4,Autoroute (A1),14.6147,-61.04774
202300043213,19,6,2023,2025-12-05 07:35:00,1,69,69081,2,3,8,7,Boulevard De La Duchere,45.77583,4.79454
202300043214,15,6,2023,2025-12-05 15:40:00,1,69,69384,2,3,1,3,Rue Villeneuve,45.77496674,4.82875599
202300043215,18,6,2023,2025-12-05 16:00:00,1,971,97101,2,1,1,6,Les Carbets,16.25526,-61.52906
202300043216,19,6,2023,2025-12-05 15:20:00,1,2A,2A004,2,1,1,2,Bonaparte Charles  Bd (Apres Mal Lyautey,41.93388,8.75085
202300043217,19,6,2023,2025-12-05 19:40:00,1,95,95585,2,1,1,6,Paul Valery (Avenue),48.978949,2.38194
202300043218,19,6,2023,2025-12-05 08:30:00,1,95,95277,1,1,1,2,D170,48.97787855,2.44667351
202300043219,15,6,2023,2025-12-05 22:24:00,5,95,95488,2,3,1,7,D106,49.00219584,2.18505621
202300043220,19,6,2023,2025-12-05 18:40:00,1,91,91657,2,1,1,1,Rue Jean Corringer,48.70935,2.43576
202300043221,19,6,2023,2025-12-05 15:20:00,1,91,91514,2,9,2,2,Rue De La Marniere,48.68134,2.53568
202300043222,15,6,2023,2025-12-05 10:40:00,1,91,91479,2,2,1,5,Av Jean Jaures,48.71173,2.36947
202300043223,19,6,2023,2025-12-05 11:20:00,1,86,86194,2,1,2,3,D910,46.55343,0.30557
202300043224,19,6,2023,2025-12-05 16:15:00,1,82,82121,1,3,1,3,Chemin De Lamothe,44.06302,1.38611
202300043225,15,6,2023,2025-12-05 19:20:00,1,81,81033,1,1,1,1,Blaye ( Avenue De ),44.0430569,2.1265293
202300043226,16,6,2023,2025-12-05 19:50:00,1,80,80021,2,3,1,3,Paix (Avenue De La),49.91167,2.30602
202300043227,13,6,2023,2025-12-05 11:20:00,1,80,80021,2,1,1,6,Alexandre Dumas (Rue),49.87465,2.28653
202300043228,20,6,2023,2025-12-05 00:45:00,5,78,78481,2,6,1,3,Charles De Gaulle (Rue),48.88942,2.10386
202300043229,19,6,2023,2025-12-05 18:20:00,1,78,78172,2,3,1,3,De Gaulle (Bd Du General),49.00705,2.11846
202300043230,19,6,2023,2025-12-05 07:25:00,2,77,77495,1,1,8,6,D346,48.55735,2.61111
202300043231,19,6,2023,2025-12-05 08:39:00,1,77,77335,1,1,1,3,Rn3 (Route Nationale),48.95665,2.85791
202300043232,18,6,2023,2025-12-05 06:55:00,2,76,76351,2,1,1,6,Iena (D'),49.49147,0.13572
202300043233,18,6,2023,2025-12-05 19:20:00,1,76,76447,1,1,2,6,Rd 6382,49.52516,0.18294
202300043234,17,6,2023,2025-12-05 15:45:00,1,76,76351,2,2,1,3,Demidoff (Rue),49.49761,0.13743
202300043235,16,6,2023,2025-12-05 21:05:00,1,76,76305,2,1,1,6,Elsa Triolet,49.50434,0.23527
202300043236,10,6,2023,2025-12-05 22:20:00,5,74,74012,2,2,1,3,Bonneville (Route De),46.18612,6.23641
202300043237,19,6,2023,2025-12-05 19:30:00,1,74,74012,2,1,1,2,Ferry (Avenue Jules),46.19,6.23
202300043238,12,6,2023,2025-12-05 20:03:00,1,72,72181,2,1,1,6,Galopiere (Rue De La),47.98,0.18664
202300043239,18,6,2023,2025-12-05 05:35:00,2,72,72095,2,1,1,2,Cocteau Jean (Rue),48.0293,0.20139
202300043240,18,6,2023,2025-12-05 14:45:00,1,72,72181,2,9,1,6,Jaures Jean (Av) Ndeg Pairs 60 Et >,47.993548,0.204308
202300043241,17,6,2023,2025-12-05 00:25:00,5,72,72181,2,1,1,6,Estienne D'Orves (Bd D'),47.986,0.18219
202300043242,16,6,2023,2025-12-05 00:12:00,5,71,71040,2,1,1,6,Felix Clerc (Rue),46.69599,4.38524