num_acc,jour,mois,an,hrmn,lum,dep,com,agg,int,atm,col,adr,lat,long
202300043243,17,6,2023,2025-12-05 21:00:00,1,69,69029,2,1,1,3,Route De Genas,45.75108,4.90723
202300043244,17,6,2023,2025-12-05 13:45:00,1,69,69271,2,3,1,5,Avenue Des Tarentelles,45.7389824,4.95897522
202300043245,17,6,2023,2025-12-05 11:20:00,1,69,69259,1,9,1,4,Boulevard Laurent Bonnevay,45.72014,4.88151
202300043246,17,6,2023,2025-12-05 04:54:00,5,69,69029,2,1,1,2,Avenue Franklin Roosevelt,45.73444,4.90611
202300043247,18,6,2023,2025-12-05 03:05:00,5,67,67267,2,1,1,6,Alfred Kastler (Rue),48.54998,7.68878
202300043248,14,6,2023,2025-12-05 16:00:00,1,67,67043,2,1,1,2,Perigueux (Avenue De),48.61422,7.74773
202300043249,18,6,2023,2025-12-05 13:08:00,1,67,67180,2,1,1,6,Bischwiller (Route De),48.80893611,7.79836178
202300043250,17,6,2023,2025-12-05 15:00:00,1,66,66136,2,1,1,3,Adresse_Inconnue,42.69534,2.88882
202300043251,16,6,2023,2025-12-05 23:25:00,5,66,66136,2,1,1,6,Adresse_Inconnue,42.6905,2.87437
202300043252,16,6,2023,2025-12-05 19:49:00,1,66,66136,2,1,1,6,Adresse_Inconnue,42.663641,2.89043
202300043253,19,6,2023,2025-12-05 09:14:00,1,64,64024,2,3,2,3,Barthes (Rue Des),43.48421,-1.50676
202300043254,16,6,2023,2025-12-05 04:50:00,2,62,62262,2,2,1,4,D 941,50.51334,2.751674
202300043255,19,6,2023,2025-12-05 18:15:00,1,61,61497,1,1,1,6,Voie Communale,48.46654,0.0866
202300043256,23,6,2023,2025-12-05 16:35:00,1,60,60159,2,1,1,6,Rue Du Grand Ferre,49.418419,2.822924
202300043257,19,6,2023,2025-12-05 19:45:00,1,59,59367,2,3,1,3,Parc Des Sports (Avenue Du),50.67588404,3.20407033
202300043258,19,6,2023,2025-12-05 12:40:00,1,59,59599,2,3,1,3,Guerre (Rue Fin De La),50.728535,3.147175
202300043259,16,6,2023,2025-12-05 15:15:00,1,54,54498,2,3,7,6,Rue Des Grands Pres,48.71376959,6.25082374
202300043260,17,6,2023,2025-12-05 16:40:00,1,51,51454,2,1,1,3,Chanzy (Rue),49.25263,4.03157
202300043261,16,6,2023,2025-12-05 18:10:00,1,51,51172,2,1,1,7,Taissy (Route),49.220984,4.061151
202300043262,16,6,2023,2025-12-05 15:25:00,1,51,51454,2,1,1,5,Laon (Avenue) Du Ndeg 51 A 217 Et Du Ndeg 62,49.26481,4.02653
202300043263,15,6,2023,2025-12-05 15:14:00,1,51,51454,2,1,1,3,Paix (Boulevard De La),49.251627,4.041609
202300043264,18,6,2023,2025-12-05 17:10:00,1,50,50129,2,1,1,6,Normandie (Avenue De),49.62626,-1.62937
202300043265,17,6,2023,2025-12-05 14:55:00,1,49,49353,2,1,1,1,Paperie,47.45412,-0.51608
202300043266,17,6,2023,2025-12-05 08:59:00,1,49,49007,2,6,1,3,Lecuit,47.49055,-0.56463
202300043267,16,6,2023,2025-12-05 14:11:00,1,49,49007,2,6,1,6,Montaigne Avenue,47.4666,-0.52576
202300043268,14,6,2023,2025-12-05 17:50:00,1,48,48095,2,3,1,1,Piencourt (Allee),44.52031919,3.50359932
202300043269,19,6,2023,2025-12-05 15:45:00,1,45,45285,2,1,2,6,122 Rue Des Agates,47.920525,1.878159
202300043270,14,6,2023,2025-12-05 15:30:00,1,43,43157,2,1,1,6,Av Du General Charles De Gaulle,45.041098,3.88274
202300043271,19,6,2023,2025-12-05 11:58:00,1,37,37261,2,1,1,6,Halles (Rue Des),47.39373,0.68615
202300043272,19,6,2023,2025-12-05 14:50:00,1,35,35278,2,1,1,3,Gros Malhon (Avenue),48.13659961,-1.68622568
202300043273,17,6,2023,2025-12-05 21:55:00,5,33,33281,2,2,3,3,Rue Emile Combes,44.83257101,-0.61258703
202300043274,15,6,2023,2025-12-05 07:56:00,1,33,33249,2,3,1,3,Quai Chaigneau Bichon,44.87930256,-0.53322181
202300043275,19,6,2023,2025-12-05 08:10:00,1,30,30007,2,2,1,3,Stalingrad (Avenue De),44.12492,4.08903
202300043276,18,6,2023,2025-12-05 13:20:00,1,29,29019,2,1,1,6,Rue De Valmy,48.40077,-4.46691
202300043277,9,6,2023,2025-12-05 14:33:00,1,29,29019,2,1,1,6,Boulevard Leon Blum,48.40238,-4.484157
202300043278,15,6,2023,2025-12-05 07:45:00,1,27,27681,2,1,1,6,Bonnard (Rue Pierre),49.10038,1.48744
202300043279,2,6,2023,2025-12-05 02:45:00,3,22,22113,2,1,1,6,Mairie (Rue De La),48.73221,-3.45894
202300043280,12,6,2023,2025-12-05 21:35:00,1,19,19031,2,1,2,6,Pompidou (Avenue Georges),45.1577,1.54499
202300043281,15,6,2023,2025-12-05 17:30:00,1,17,17300,2,9,1,7,Senac De Meilhan   Rue,46.15032,-1.15216
202300043282,19,6,2023,2025-12-05 18:10:00,1,13,13019,1,1,1,1,Route De Rans,43.43355,5.3794
202300043283,19,6,2023,2025-12-05 18:40:00,1,13,13203,2,1,1,2,National (Boulevard),43.3088,5.38062
202300043284,19,6,2023,2025-12-05 08:40:00,1,13,13203,2,9,1,2,Plombieres (Boulevard Des),43.32016,5.37742
202300043285,18,6,2023,2025-12-05 03:25:00,5,13,13210,2,1,1,7,Elie Wiesel (Bd),43.27677,5.42625
202300043286,16,6,2023,2025-12-05 22:30:00,5,13,13206,2,1,1,6,Genes (Rue De),43.2833635,5.38578486
202300043287,19,6,2023,2025-12-05 12:00:00,1,13,13063,2,9,1,3,Quenouille Rue De La,43.58994,4.99401
202300043288,15,6,2023,2025-12-05 17:30:00,1,13,13005,2,1,1,3,Lagunas (Avenue Simon),43.2938,5.5636
202300043289,15,6,2023,2025-12-05 20:00:00,1,11,11262,2,3,1,3,18 Avenue Elie Sermet,43.187043,3.010546
202300043290,15,6,2023,2025-12-05 19:10:00,1,11,11069,2,3,1,3,2 Avenue Du Souvenir Francais,43.20849,2.38383
202300043291,19,6,2023,2025-12-05 08:01:00,1,10,10387,2,1,1,2,Vouldy (Chaussee Du),48.2919,4.08663
202300043292,17,6,2023,2025-12-05 08:05:00,1,10,10387,2,3,1,3,Victor Hugo (Rue),48.29343,4.06873
202300043293,16,6,2023,2025-12-05 18:15:00,1,10,10387,2,1,1,3,Pierre Brossolette (Rue),48.29238,4.07408
202300043294,19,6,2023,2025-12-05 13:30:00,1,6,6088,2,1,1,2,Gloria (Av.),43.69147,7.24331
202300043295,19,6,2023,2025-12-05 08:30:00,1,6,6069,2,1,1,4,Chapelle Saint Antoine (Chemin De La),43.645932,6.932297
202300043296,19,6,2023,2025-12-05 13:27:00,1,6,6027,2,1,1,3,Gare Avenue De La,43.65857,7.14768
202300043297,19,6,2023,2025-12-05 13:15:00,1,75,75117,2,1,1,4,Bd Peripherique Interieur,48.885193,2.287302
202300043298,19,6,2023,2025-12-05 09:40:00,1,75,75116,2,1,1,3,Bd Peripherique Interieur,48.869784,2.271684
202300043299,19,6,2023,2025-12-05 08:50:00,1,75,75119,2,1,1,5,Bd Peripherique Interieur,48.890899,2.395809
202300043300,19,6,2023,2025-12-05 10:40:00,1,75,75115,2,4,1,2,Bd Peripherique Interieur,48.82609326,2.29883373
202300043301,19,6,2023,2025-12-05 10:50:00,1,75,75116,2,4,1,3,Porte Dauphine,48.869784,2.271684
202300043302,18,6,2023,2025-12-05 17:55:00,5,75,75116,2,1,1,3,Port D Auteuil,48.844089,2.254686
202300043303,17,6,2023,2025-12-05 13:35:00,1,75,75114,2,1,1,1,Porte D Orleans,48.821065,2.320486
202300043304,16,6,2023,2025-12-05 23:11:00,5,75,75112,2,1,1,3,Bd Peripherique Exterieur,48.832542,2.406109
202300043305,16,6,2023,2025-12-05 09:50:00,1,75,75112,2,1,1,3,Echangeur Bercy,48.82690335,2.39188671
202300043306,15,6,2023,2025-12-05 13:00:00,1,75,75115,2,4,1,3,Porte De Sevres,48.834973,2.273399
202300043307,19,6,2023,2025-12-05 14:29:00,1,75,75105,2,3,1,2,Rue Du Cardinal Lemoine,48.846604,2.351622
202300043308,19,6,2023,2025-12-05 21:55:00,5,75,75119,2,9,1,6,Avenue Simon Bolivar,48.875929,2.381182
202300043309,19,6,2023,2025-12-05 17:50:00,1,75,75119,2,3,1,2,Avenue Jean Jaures,48.886973,2.38636
202300043310,19,6,2023,2025-12-05 12:10:00,1,75,75119,2,3,1,2,Rue De Crimee,48.879579,2.389482
202300043311,19,6,2023,2025-12-05 09:35:00,1,75,75116,2,7,1,2,Place Charles De Gaulle,48.872803,2.294317
202300043312,15,6,2023,2025-12-05 11:10:00,1,75,75117,2,2,1,6,Boulevard Gouvion Saint Cyr,48.883077,2.287484
202300043313,19,6,2023,2025-12-05 16:30:00,1,75,75113,2,3,1,6,Rue De La Sante,48.82848,2.3416
202300043314,19,6,2023,2025-12-05 13:25:00,1,75,75113,2,3,1,3,Boulevard Kellermann,48.820188,2.347991
202300043315,19,6,2023,2025-12-05 11:20:00,1,75,75113,2,3,1,3,Rue Jenner,48.834499,2.363845
202300043316,19,6,2023,2025-12-05 03:40:00,5,75,75111,2,3,1,2,Avenue De La Republique,48.863368,2.384512
202300043317,19,6,2023,2025-12-05 12:48:00,1,75,75110,2,1,1,6,Rue De Marseille,48.871644,2.363627
202300043318,18,6,2023,2025-12-05 23:30:00,5,75,75110,2,3,1,4,Boulevard De Bonne Nouvelle,48.870364,2.349567
202300043319,19,6,2023,2025-12-05 18:50:00,1,75,75108,2,1,1,3,Avenue George V,48.865422,2.30141
202300043320,18,6,2023,2025-12-05 20:30:00,1,75,75107,2,3,1,3,Boulevard Saint Germain,48.86194,2.319841
202300043321,17,6,2023,2025-12-05 16:40:00,1,75,75101,2,3,3,2,Rue Du Louvre,48.862973,2.341882
202300043322,17,6,2023,2025-12-05 10:40:00,1,75,75103,2,2,1,7,Rue Beaubourg,48.863742,2.354894
202300043323,16,6,2023,2025-12-05 11:50:00,1,75,75101,2,2,1,1,Rue De Rivoli,48.858531,2.348233
202300043324,19,6,2023,2025-12-05 12:55:00,1,94,94078,2,1,1,1,Rue De Paris,48.73117236,2.44693731
202300043325,16,6,2023,2025-12-05 14:10:00,1,94,94068,2,1,1,6,Avenue Louis Blanc,48.79280603,2.49752377
202300043326,19,6,2023,2025-12-05 15:10:00,1,94,94073,2,9,1,3,2 Rue Du Luxembourg,48.762592,2.369922
202300043327,19,6,2023,2025-12-05 11:40:00,1,94,94028,2,6,1,2,Route De La Pompadour,48.76693926,2.47228807
202300043328,16,6,2023,2025-12-05 06:15:00,1,94,94022,2,1,1,6,44 Avenue De Newburn,48.75397081,2.41209608
202300043329,4,11,2023,2025-12-05 15:35:00,1,93,93066,1,1,1,4,Autoroute A1,48.90894,2.35821
202300043330,4,11,2023,2025-12-05 02:05:00,3,95,95527,1,1,1,2,A1,48.99194,2.51301
202300043331,3,11,2023,2025-12-05 23:40:00,3,95,95572,1,9,1,5,N184,49.03549763,2.11711049
202300043332,4,11,2023,2025-12-05 17:00:00,1,94,94033,1,1,1,3,A86,48.85116637,2.49060216
202300043333,4,11,2023,2025-12-05 15:00:00,1,77,77053,1,1,3,5,Rn104,48.69839941,2.59402346
202300043334,6,6,2023,2025-12-05 10:30:00,1,78,78350,2,1,1,3,Versailles (Route De),48.85248,2.10824
202300043335,9,8,2023,2025-12-05 15:10:00,1,13,13039,1,1,1,2,Rn 568,43.42791,4.96298
202300043336,10,6,2023,2025-12-05 15:46:00,1,93,93053,2,8,1,3,Avenue Gallieni / Rue De Paris,48.90344,2.4685
202300043337,3,11,2023,2025-12-05 07:00:00,1,976,97611,2,1,1,6,Kaweni-Sppm ( Rue De La ),-12.77031,45.22384
202300043338,3,11,2023,2025-12-05 20:00:00,5,974,97416,2,1,1,1,Rolland Garros (Chemin) Cd29 (2),-21.33163,55.52727
202300043339,4,11,2023,2025-12-05 00:40:00,3,974,97411,2,1,2,7,Montagne (Route De La),-20.88572,55.43888
202300043340,3,11,2023,2025-12-05 19:55:00,5,974,97411,2,1,2,3,Topazes(Allee Des),-20.89263,55.44392
202300043341,3,11,2023,2025-12-05 18:40:00,2,974,97411,2,6,3,7,Jaures (Bld 1 Jean),-20.89977,55.47979
202300043342,3,11,2023,2025-12-05 13:38:00,1,974,97411,1,1,3,3,Quatre Voies Gillot (Route A),-20.89501,55.50278
202300043343,3,11,2023,2025-12-05 18:40:00,5,69,69388,2,2,2,3,Boulevard Des Etats-Unis,45.73124,4.86628
202300043344,3,11,2023,2025-12-05 18:43:00,3,972,97213,1,1,1,6,Route Nationale 1,14.62521793,-60.98037823
202300043345,3,11,2023,2025-12-05 17:05:00,2,972,97213,2,9,1,7,Leopold Bissol (Rue),14.6187,-60.99491
202300043346,15,5,2023,2025-12-05 04:35:00,3,88,88319,1,1,1,6,D37A,48.391584,6.862137
202300043347,3,11,2023,2025-12-05 07:33:00,1,972,97209,1,1,2,4,Rd 41 (Rocade),14.61123158,-61.07999616
202300043348,14,5,2023,2025-12-05 16:25:00,1,67,67415,1,1,1,6,D28,48.899159,7.517481
202300043349,1,11,2023,2025-12-05 22:50:00,5,971,97101,2,3,1,5,Patrick Saint Eloi ( Avenue ),16.25383,-61.52353
202300043350,3,11,2023,2025-12-05 23:10:00,3,91,91514,1,1,1,6,Cd 33,48.67296,2.52468
202300043351,16,5,2023,2025-12-05 15:23:00,1,85,85018,1,1,1,1,Rd 22,46.899977,-2.06265
202300043352,3,11,2023,2025-12-05 14:45:00,1,84,84087,1,1,1,1,Martignan (Chemin),44.13392,4.782877
202300043353,3,11,2023,2025-12-05 21:00:00,5,83,83069,2,2,1,3,Gallieni (Rue Marechal),43.1194,6.12627
202300043354,15,5,2023,2025-12-05 16:30:00,1,971,97125,2,1,2,7,Chemin Militaire,16.260694,-61.290439
202300043355,15,5,2023,2025-12-05 19:30:00,1,77,77095,1,1,8,7,D139,48.959197,2.76827
202300043356,26,10,2023,2025-12-05 21:35:00,5,78,78123,2,3,3,2,Europe (Rn 190) Avenue De L',48.938721,2.035945
202300043357,16,5,2023,2025-12-05 17:50:00,1,78,78443,1,1,1,2,Departementale 912,48.804291,1.867161
202300043358,3,11,2023,2025-12-05 20:10:00,5,78,78498,2,1,2,6,Rd 30,48.94129,2.05804
202300043359,15,5,2023,2025-12-05 08:30:00,1,2B,2B303,1,1,1,2,Dispensa,42.293183,9.54721
202300043360,3,11,2023,2025-12-05 14:35:00,1,72,72181,2,1,1,6,Durand Georges (Av) Ndeg Imp 143 Au 197,47.978,0.213
202300043361,16,5,2023,2025-12-05 00:43:00,3,66,66212,1,1,6,1,Adresse_Inconnue,42.755532,3.020752
202300043362,3,11,2023,2025-12-05 18:30:00,5,69,69259,2,1,8,3,Boulevard De Jodino,45.69131,4.88205
202300043363,3,5,2023,2025-12-05 22:00:00,3,34,34183,1,1,1,1,Rd609,43.299041,3.151553
202300043364,3,11,2023,2025-12-05 07:30:00,2,69,69290,2,3,1,6,Rue Colette,45.69174,4.93876
202300043365,16,5,2023,2025-12-05 12:40:00,1,84,84019,1,3,6,1,D994,44.28512,4.72570896
202300043366,3,11,2023,2025-12-05 19:19:00,5,67,67482,2,8,1,3,Victoire (Boulevard De La),48.58412,7.75909
202300043367,12,5,2023,2025-12-05 11:20:00,1,89,89453,1,1,1,2,Adresse_Inconnue,47.78459,3.52149
202300043368,16,5,2023,2025-12-05 14:45:00,1,73,73137,1,1,1,1,D912,45.54511,5.91662
202300043369,19,8,2023,2025-12-05 20:10:00,1,64,64260,2,2,1,3,Irandatz ( Rue D'),43.35361,-1.774282
202300043370,14,5,2023,2025-12-05 14:15:00,1,29,29169,1,1,1,3,Kerhuella,48.086651,-4.207356
202300043371,2,11,2023,2025-12-05 07:15:00,5,64,64445,2,4,3,3,Resistance,43.30564,-0.3761
202300043372,10,5,2023,2025-12-05 19:50:00,1,22,22143,1,1,1,2,Rd 786,48.609065,-2.311281
202300043373,3,11,2023,2025-12-05 15:15:00,1,63,63113,2,3,1,3,Av Michelin / Rue Strasbourg,45.78185,3.09865
202300043374,20,10,2023,2025-12-05 19:15:00,5,62,62525,2,9,1,6,Rue De La Liberation,50.74169,2.26146
202300043375,16,5,2023,2025-12-05 13:51:00,1,60,60589,2,3,1,3,89 Rue Olympe De Gouges,49.237134,2.464587
202300043376,3,11,2023,2025-12-05 11:57:00,1,59,59279,2,1,1,2,Roncq (Boulevard),50.77225584,3.12764312
202300043377,15,5,2023,2025-12-05 07:25:00,1,60,60141,2,1,1,1,Avenue Du Marechal Joffre,49.186044,2.460669
202300043378,3,11,2023,2025-12-05 16:00:00,1,59,59328,2,1,1,3,Hippodrome Av De L Ndeg134 Au 240,50.64375,3.02916
202300043379,16,5,2023,2025-12-05 13:10:00,1,60,60196,1,3,1,1,D927,49.290643,2.089773
202300043380,3,11,2023,2025-12-05 10:30:00,1,59,59350,2,1,1,1,Montebello Boulevard Ndeg Reste,50.62244,3.04561
202300043381,15,5,2023,2025-12-05 07:00:00,1,83,83144,1,1,1,2,A57,43.13359748,5.98536712
202300043382,2,11,2023,2025-12-05 14:22:00,1,59,59360,2,9,6,1,Pare Ambroise Rue,50.60222,3.03561
202300043383,15,5,2023,2025-12-05 13:40:00,1,91,91228,1,1,1,5,Autoroute A6,48.61792,2.42775
202300043384,3,11,2023,2025-12-05 23:37:00,5,57,57463,2,1,1,1,Devilly (Rue ),49.1033,6.19479
202300043385,14,5,2023,2025-12-05 07:30:00,1,92,92025,1,1,1,6,A86,48.92912436,2.24069854
202300043386,3,11,2023,2025-12-05 18:30:00,5,54,54184,2,1,8,6,Avenue De Saulxures,48.70528323,6.24562025
202300043387,16,3,2023,2025-12-05 17:00:00,1,74,74112,2,1,1,3,Route De Sillingy (Epagny),45.9374,6.099896
202300043388,2,11,2023,2025-12-05 14:20:00,1,54,54547,2,1,2,6,Peri (Rue Gabriel),48.665676,6.175711
202300043389,14,3,2023,2025-12-05 14:45:00,1,74,74010,2,1,3,6,Rue Des Mouettes,45.911389,6.152832
202300043390,3,11,2023,2025-12-05 08:50:00,1,51,51454,2,3,1,1,Lundy (Boulevard),49.25808,4.03836
202300043391,13,3,2023,2025-12-05 17:30:00,1,74,74012,2,9,1,6,Thonon (Route De),46.19399787,6.25789275
202300043392,1,11,2023,2025-12-05 16:20:00,1,50,50129,2,1,1,6,Fouace (Rue Guillaume),49.6386,-1.62942
202300043393,8,3,2023,2025-12-05 14:05:00,1,74,74195,1,1,2,1,Route De Bellegarde,46.011233,5.950556
202300043394,1,11,2023,2025-12-05 15:20:00,1,50,50129,2,2,7,3,Louis Philippe (Rue),49.6407,-1.61394
202300043395,3,3,2023,2025-12-05 06:30:00,3,74,74088,1,3,1,3,D27,46.04841,6.085331
202300043396,3,11,2023,2025-12-05 13:29:00,1,49,49007,2,1,1,2,Saint Julien Rue Et Impasse,47.47021,-0.55189
202300043397,14,5,2023,2025-12-05 14:55:00,1,974,97416,1,1,1,7,Maurice Thorez(Chemin),-21.26851,55.47622
202300043398,3,11,2023,2025-12-05 07:30:00,2,45,45234,2,3,1,3,15 Rue Ferdinand Farcinade,47.88429,1.88193
202300043399,14,5,2023,2025-12-05 19:10:00,3,974,97411,1,1,2,4,Littoral (Route 1 Du),-20.87405,55.4284
202300043400,3,11,2023,2025-12-05 10:45:00,1,44,44162,2,1,1,2,15 Rue Du Tisserand,47.22051,-1.64601
202300043401,14,5,2023,2025-12-05 09:50:00,1,973,97302,2,1,1,3,Madeleine (Route De La),4.90937,-52.32156
202300043402,30,10,2023,2025-12-05 16:15:00,1,41,41269,2,1,1,6,Industrie (Boulevard De L'),47.80042,1.04397
202300043403,14,5,2023,2025-12-05 06:00:00,2,973,97302,2,1,2,7,Adjudant Pindard (Rue),4.93562397,-52.33450422
202300043404,13,5,2023,2025-12-05 20:45:00,5,972,97213,1,9,1,6,Bois Carre (Rue Du),14.63269,-60.99618
202300043405,3,11,2023,2025-12-05 23:55:00,1,41,41295,1,1,8,6,Rd 923,47.56161,1.39683
202300043406,14,5,2023,2025-12-05 02:35:00,5,69,69382,2,2,3,3,15 Rue Auguste Comte,45.75506,4.83125
202300043407,3,11,2023,2025-12-05 14:05:00,1,37,37122,2,6,8,3,Chinon (Boulevard De),47.35063,0.67783
202300043408,14,5,2023,2025-12-05 11:55:00,1,971,97113,1,1,1,4,Rn4-Rond Point Saint Felix,16.20775835,-61.4610064
202300043409,14,5,2023,2025-12-05 07:05:00,1,2A,2A004,1,1,1,2,T20,41.9323,8.8019
202300043410,3,11,2023,2025-12-05 20:30:00,5,35,35238,2,1,1,4,Hautes-Ourmes (Bd Des),48.0875591,-1.64546549
202300043411,3,11,2023,2025-12-05 18:40:00,2,35,35238,2,1,1,6,Pays-Bas (Avenue Des),48.086152,-1.6610679
202300043412,14,5,2023,2025-12-05 01:24:00,5,95,95424,2,9,1,3,Pontoise (Boulevard De),48.98597429,2.1818912
202300043413,14,5,2023,2025-12-05 14:45:00,1,91,91377,2,6,1,6,Av Saint Marc,48.7299,2.28822
202300043414,3,11,2023,2025-12-05 14:45:00,1,35,35238,1,1,1,2,Rn136,48.13174,-1.70863
202300043415,14,5,2023,2025-12-05 19:02:00,1,69,69029,2,2,2,3,Avenue Jean Mermoz,45.73005,4.89126
202300043416,3,11,2023,2025-12-05 12:55:00,1,35,35238,2,1,8,2,Valles (Jules),48.10433,-1.71061
202300043417,3,11,2023,2025-12-05 10:10:00,1,34,34172,2,1,2,3,Moulares (Chemin De,43.59497,3.89104
202300043418,14,5,2023,2025-12-05 17:25:00,1,67,67447,2,3,1,3,Pierre Mendes France (Avenue),48.60126,7.75454
202300043419,8,10,2023,2025-12-05 13:05:00,1,34,34032,1,1,1,1,Route De Bedarieux (Rd.909),43.38186,3.22286
202300043420,7,10,2023,2025-12-05 14:37:00,1,34,34032,2,1,1,6,Cadenat Jules (Bd),43.34004,3.25059
202300043421,14,5,2023,2025-12-05 20:45:00,5,51,51454,2,2,1,3,Avenue Jean Jaures,49.26351753,4.05606329
202300043422,3,11,2023,2025-12-05 20:11:00,5,33,33522,2,3,2,3,Avenue De La Mission Haut Brion,44.80893,-0.60572
202300043423,13,5,2023,2025-12-05 11:41:00,1,51,51344,1,1,1,7,Rd3,49.05279,3.91069
202300043424,3,11,2023,2025-12-05 17:55:00,5,33,33063,2,1,3,3,Quai De La Souys,44.82909,-0.54139
202300043425,14,5,2023,2025-12-05 18:20:00,1,44,44109,2,6,1,6,2 Boulevard Nicephore Niepce,47.276847,-1.515046
202300043426,14,5,2023,2025-12-05 18:00:00,1,43,43089,2,1,8,6,15 Chemin Des Lilas,45.051293,3.872522
202300043427,4,11,2023,2025-12-05 00:45:00,5,31,31555,1,1,1,2,20 Lespinet  (Periph Ouest A620),43.565,1.485
202300043428,14,5,2023,2025-12-05 06:20:00,1,35,35238,2,1,1,6,Desgrees (Bd Paul Hutin),48.09309,-1.63971
202300043429,13,5,2023,2025-12-05 18:35:00,1,35,35238,2,1,1,3,Donzelot (Avenue Pierre),48.12581379,-1.64076492
202300043430,3,11,2023,2025-12-05 21:10:00,3,31,31555,2,1,2,3,Av D Empalot,43.57543,1.43627
202300043431,14,5,2023,2025-12-05 01:51:00,3,31,31555,2,1,3,6,Barcelone (All De) Du 16Au 156,43.60603,1.43268
202300043432,3,11,2023,2025-12-05 21:35:00,5,29,29232,2,9,2,7,Rond-Point De Ludugris,47.9791691,-4.12144482
202300043433,12,5,2023,2025-12-05 12:20:00,1,29,29232,2,1,1,6,Route De Rosporden,47.988469,-4.054088
202300043434,3,11,2023,2025-12-05 15:00:00,1,25,25056,2,1,1,6,Rue Alfred De Vigny,47.21658,5.96321
202300043435,14,5,2023,2025-12-05 19:30:00,1,25,25031,2,6,2,3,Revolution De 1789 Avenue De La),47.48742,6.84229
202300043436,3,11,2023,2025-12-05 18:20:00,5,16,16102,2,3,2,3,Saint Jean D'Angely (Avenue De),45.70132,-0.339392
202300043437,13,5,2023,2025-12-05 01:57:00,5,18,18033,2,1,1,6,115 Rue Louis Mallet,47.08148,2.37084
202300043438,8,9,2023,2025-12-05 14:40:00,1,13,13103,2,1,1,7,Boulevard Du Roy Rene,43.63388,5.0963
202300043439,14,5,2023,2025-12-05 15:35:00,1,13,13002,2,1,1,7,Des Termes (Route) Rd 908,43.3846686,5.55164671
202300043440,24,10,2023,2025-12-05 19:50:00,5,13,13213,2,1,1,6,Albert Einstein (Rue),43.3336,5.43122
202300043441,14,5,2023,2025-12-05 08:48:00,1,13,13208,2,6,1,6,Pointe Rouge (Ave),43.24778,5.3746
202300043442,14,5,2023,2025-12-05 08:15:00,1,13,13215,2,1,1,3,Saint Antoine A Saint Joseph (Chemin De),43.3595,5.36458
202300043443,2,11,2023,2025-12-05 18:00:00,2,13,13001,2,3,2,3,Vair Guillaume Du (Rue),43.50785,5.40402
202300043444,13,5,2023,2025-12-05 00:35:00,4,5,5061,2,1,2,6,Ravelin ( Route Du ),44.57969058,6.10143006
202300043445,2,11,2023,2025-12-05 19:10:00,3,10,10081,2,1,1,1,General Sarrail (Rue Du),48.307195,4.04173708
202300043446,13,5,2023,2025-12-05 19:05:00,1,4,4070,2,1,2,6,Verdun ( Avenue De ),44.08754,6.21836
202300043447,2,11,2023,2025-12-05 11:58:00,1,10,10081,2,1,8,6,Ouest (Bd),48.30733,4.02573
202300043448,13,5,2023,2025-12-05 17:25:00,1,3,3321,1,1,3,3,Rd 779,46.58001,3.38685
202300043449,3,11,2023,2025-12-05 09:30:00,1,2,2059,2,2,1,2,13 Rue De L'Equipee,49.6518,3.34245
202300043450,13,5,2023,2025-12-05 14:45:00,1,3,3185,2,6,1,3,Quai De La Liberation M. Leclerc,46.33111,2.6001
202300043451,3,11,2023,2025-12-05 18:25:00,5,75,75120,2,1,1,3,Porte De Bagnolet,48.871428,2.413002
202300043452,13,5,2023,2025-12-05 14:15:00,1,75,75116,2,1,1,2,Porte Dauphine,48.872906,2.274447
202300043453,3,11,2023,2025-12-05 19:00:00,5,75,75119,2,2,2,6,Avenue De Flandre,48.888475,2.37391
202300043454,14,5,2023,2025-12-05 02:30:00,5,75,75113,2,3,1,6,Boulevard Kellermann,48.820858,2.354895
202300043455,3,11,2023,2025-12-05 07:25:00,2,75,75119,2,1,1,1,Rue Haxo,48.87642001,2.40234733
202300043456,13,5,2023,2025-12-05 15:04:00,1,75,75105,2,2,1,3,Avenue Des Gobelins,48.836806,2.351834
202300043457,3,11,2023,2025-12-05 19:25:00,5,75,75113,2,2,9,3,Boulevard Arago,48.834956,2.344994
202300043458,14,5,2023,2025-12-05 21:20:00,5,75,75118,2,3,1,3,Boulevard Ornano,48.892678,2.348864
202300043459,3,11,2023,2025-12-05 20:45:00,5,75,75110,2,2,2,3,Boulevard De Magenta,48.877344,2.355112
202300043460,12,5,2023,2025-12-05 17:00:00,1,75,75116,2,2,1,3,Allee De Longchamp,48.863578,2.239767
202300043461,3,11,2023,2025-12-05 15:15:00,1,75,75111,2,1,8,2,Rue De La Fontaine Au Roi,48.868228,2.373977
202300043462,14,5,2023,2025-12-05 11:54:00,1,75,75107,2,3,1,3,Place Henry De Montherlant,48.860766,2.325299
202300043463,3,11,2023,2025-12-05 09:48:00,1,75,75111,2,4,1,3,Boulevard Voltaire,48.850612,2.392158
202300043464,13,5,2023,2025-12-05 17:44:00,1,75,75107,2,3,1,3,Quai Branly,48.858902,2.293282
202300043465,3,11,2023,2025-12-05 11:55:00,1,75,75110,2,1,1,6,Rue Du Faubourg Du Temple,48.870825,2.373647
202300043466,14,5,2023,2025-12-05 10:46:00,1,75,75103,2,3,1,6,Rue Beaubourg,48.865214,2.355696