num_acc,jour,mois,an,hrmn,lum,dep,com,agg,int,atm,col,adr,lat,long
202300043467,3,11,2023,2025-12-05 20:05:00,3,94,94028,1,1,8,3,A86,48.77627223,2.43100362
202300043468,14,5,2023,2025-12-05 09:00:00,1,94,94081,2,1,1,6,Quai Jules Guesde,48.80385564,2.40914029
202300043469,3,11,2023,2025-12-05 08:15:00,1,94,94041,2,1,1,2,44 Avenue De Verdun,48.81177,2.37118
202300043470,3,11,2023,2025-12-05 07:50:00,2,94,94073,2,1,1,3,11 Rue Des Alouettes,48.753891,2.381734
202300043471,14,5,2023,2025-12-05 03:00:00,3,94,94074,2,1,1,4,Avenue Henri Barbusse,48.7702,2.44052
202300043472,14,5,2023,2025-12-05 15:00:00,1,94,94015,2,1,1,6,Boulevard Pasteur,48.836622,2.526958
202300043473,3,11,2023,2025-12-05 15:00:00,1,94,94017,2,2,2,3,Avenue De La Famille,48.81041,2.54753
202300043474,14,5,2023,2025-12-05 18:30:00,1,94,94076,2,9,1,6,25 Rue Rene Thibert,48.80463217,2.36076477
202300043475,3,11,2023,2025-12-05 16:04:00,1,93,93070,2,4,1,3,Rue Kleber / Rue Charles Schmidt,48.902529,2.334296
202300043476,14,5,2023,2025-12-05 13:15:00,1,94,94017,2,1,1,3,Avenue Du General De Gaulle,48.82061214,2.48609501
202300043477,3,11,2023,2025-12-05 08:25:00,1,93,93055,2,9,8,6,Avenue Jean Jaures,48.908046,2.396913
202300043478,13,5,2023,2025-12-05 02:20:00,5,94,94002,2,1,1,6,Quai Jean-Baptiste Clement,48.79466,2.42275
202300043479,3,11,2023,2025-12-05 13:10:00,1,93,93079,2,1,8,1,Route De Saint-Leu,48.95357354,2.33600925
202300043480,14,5,2023,2025-12-05 13:00:00,1,93,93073,2,3,8,3,Avenue Gilbert Berger / Avenue Des Myosotis,48.9507,2.58012
202300043481,3,11,2023,2025-12-05 13:00:00,1,93,93013,2,5,8,3,Avenue De La Division Leclerc / Rue Normandie Niemen,48.94079,2.431
202300043482,14,5,2023,2025-12-05 13:55:00,1,93,93071,2,1,1,2,Avenue Salvador Allende,48.94801,2.53251
202300043483,13,5,2023,2025-12-05 23:50:00,5,93,93048,2,7,1,1,Place Jacques Duclos / Avenue De La Resistance,48.8581605,2.43649315
202300043484,3,11,2023,2025-12-05 02:30:00,5,93,93008,2,1,1,5,Avenue Louis Aragon,48.91406,2.439425
202300043485,3,11,2023,2025-12-05 12:15:00,1,93,93001,2,1,1,1,Rue De Saint Denis,48.9204,2.37748
202300043486,14,5,2023,2025-12-05 11:23:00,1,93,93074,2,1,1,2,Boulevard Jacques Amyot,48.93889538,2.56891461
202300043487,14,5,2023,2025-12-05 15:20:00,1,93,93008,2,1,8,3,Rue Marcel Cachin,48.91460118,2.42171628
202300043488,3,11,2023,2025-12-05 21:30:00,5,92,92050,2,2,1,3,Havre Boulevard Du,48.91882741,2.22279333
202300043489,14,5,2023,2025-12-05 08:30:00,1,93,93001,2,9,1,3,Avenue De La Republique,48.90888731,2.38691211
202300043490,3,11,2023,2025-12-05 22:00:00,5,92,92040,2,9,1,1,Verdun (Avenue De) Du 83 Au 113 Bis,48.81838679,2.25219548
202300043491,3,11,2023,2025-12-05 19:30:00,5,92,92071,2,1,8,3,Avenue Jean Perrin,48.7852882,2.30246758
202300043492,14,5,2023,2025-12-05 20:20:00,1,92,92075,2,1,1,6,Jean Jaures (Rue),48.82397458,2.29685873
202300043493,4,11,2023,2025-12-05 01:00:00,3,38,38378,2,1,8,1,Avenue Berthelot,45.434599,4.768758
202300043494,14,5,2023,2025-12-05 18:30:00,1,60,60539,2,1,1,6,Rue De Cinqueux,49.302957,2.519487
202300043495,4,11,2023,2025-12-05 12:15:00,1,46,46197,1,1,3,6,Route Departementale 820,44.39382157,1.45109653
202300043496,31,10,2023,2025-12-05 10:20:00,1,974,97414,2,1,1,6,Avenue Principale,-21.28687,55.408275
202300043497,3,11,2023,2025-12-05 20:20:00,5,58,58086,2,1,1,3,Place Georges Clemenceau,47.408595,2.924772
202300043498,14,5,2023,2025-12-05 19:55:00,1,12,12131,1,1,8,6,"Rn 88, La Baraque De Turc",44.382214,2.659442
202300043499,12,5,2023,2025-12-05 02:10:00,3,14,14061,1,1,1,6,L'Etourniere - Montchauvet (Montchauvet),48.947519,-0.768946
202300043500,31,10,2023,2025-12-05 18:35:00,5,23,23079,2,1,2,1,Rue Soeur Alphonse,45.880046,2.171449
202300043501,14,5,2023,2025-12-05 15:35:00,1,50,50543,1,1,1,6,"Pr 47+800, Sens Caen-Rennes, Rn175",48.647796,-1.348314
202300043502,4,11,2023,2025-12-05 17:15:00,2,83,83130,2,6,2,6,Avenue Du General Magnan,43.193996,6.042067
202300043503,15,5,2023,2025-12-05 06:25:00,2,36,36101,1,1,5,6,Adresse_Inconnue,46.71566405,1.59614628
202300043504,31,10,2023,2025-12-05 18:40:00,3,51,51518,1,3,1,7,D330,49.307106,3.977351
202300043505,8,5,2023,2025-12-05 22:45:00,3,91,91617,2,1,2,3,D33,48.638619,2.514573
202300043506,29,10,2023,2025-12-05 19:38:00,3,51,51238,1,1,1,2,Route Departementale 18,48.868441,3.871146
202300043507,14,5,2023,2025-12-05 12:40:00,1,82,82030,2,1,1,6,4 Route De Saint Aignan,44.009106,1.0838
202300043508,4,11,2023,2025-12-05 06:30:00,3,51,51617,1,1,2,6,D21E1,49.038494,4.311769
202300043509,3,11,2023,2025-12-05 16:00:00,1,80,80585,1,1,1,6,36 Rue Felix Corroyer,49.75599,2.910491
202300043510,2,5,2023,2025-12-05 07:25:00,2,11,11105,1,1,1,4,Rd 118,43.035427,2.24723
202300043511,14,5,2023,2025-12-05 21:10:00,2,61,61038,2,3,1,6,D938,48.37037,0.566992
202300043512,3,11,2023,2025-12-05 15:55:00,1,69,69214,1,1,2,1,Rue Du Lac,46.006084,4.359169
202300043513,12,5,2023,2025-12-05 07:45:00,1,41,41229,2,1,1,6,Rue Principale,47.317237,1.399558
202300043514,3,11,2023,2025-12-05 19:20:00,4,81,81220,2,1,2,6,Promenade Des Lices,43.823174,1.725838
202300043515,4,11,2023,2025-12-05 03:00:00,3,89,89276,2,1,1,6,16 Route De Troyes,48.042349,3.792225
202300043516,5,5,2023,2025-12-05 17:35:00,1,41,41044,2,1,1,2,D976 - 86 Rue Nationale,47.267378,1.88445
202300043517,4,11,2023,2025-12-05 02:00:00,3,63,63406,1,1,1,7,D211,45.953507,3.205175
202300043518,14,5,2023,2025-12-05 21:00:00,3,39,39297,1,1,1,1,Adresse_Inconnue,46.472663,5.945867
202300043519,3,11,2023,2025-12-05 17:50:00,4,63,63352,2,1,1,6,1 Route De Brioude,45.457659,3.23803
202300043520,14,5,2023,2025-12-05 03:30:00,3,39,39412,1,6,1,6,Adresse_Inconnue,47.003436,5.355256
202300043521,4,11,2023,2025-12-05 10:05:00,1,63,63040,1,3,8,1,D212/D151,45.720199,3.305061
202300043522,15,5,2023,2025-12-05 07:50:00,1,29,29210,1,1,1,5,Keroumen,48.594825,-4.051788
202300043523,15,5,2023,2025-12-05 20:35:00,2,2,2419,1,1,1,6,8 Route Nationale,49.950353,3.775316
202300043524,31,10,2023,2025-12-05 19:00:00,3,49,49155,1,1,1,2,Route Departementale Ndeg775,47.586115,-0.690047
202300043525,15,5,2023,2025-12-05 17:43:00,1,70,70561,1,1,3,1,D486,47.579189,6.432495
202300043526,27,10,2023,2025-12-05 20:10:00,3,31,31212,1,1,1,1,Chemin Du Lavoir,43.707454,1.558878
202300043527,14,5,2023,2025-12-05 16:00:00,1,66,66123,1,1,1,3,Mas Des Sources (Hopital),42.52844,2.245963
202300043528,4,11,2023,2025-12-05 14:00:00,1,2,2180,1,1,8,2,Adresse_Inconnue,49.656843,3.61565
202300043529,14,5,2023,2025-12-05 18:20:00,1,72,72269,1,1,1,6,D357,47.91950103,0.76603174
202300043530,11,5,2023,2025-12-05 16:30:00,1,14,14543,2,1,1,3,2 La Sablonniere,49.197571,-0.47466
202300043531,4,11,2023,2025-12-05 09:00:00,1,26,26339,1,1,2,1,Rd6A Pk 01+750,44.581787,4.799395
202300043532,12,5,2023,2025-12-05 16:55:00,1,60,60509,2,1,1,6,Rue Salvador Allende,49.294887,2.599704
202300043533,3,11,2023,2025-12-05 12:55:00,1,58,58295,1,1,2,7,Hameau Le Bouchat,47.323414,2.946755
202300043534,14,5,2023,2025-12-05 17:22:00,1,10,10233,1,1,1,6,Route De Plancy,48.511545,3.895248
202300043535,3,11,2023,2025-12-05 23:55:00,3,58,58024,1,1,2,6,D958,47.13776,3.606879
202300043536,15,5,2023,2025-12-05 07:20:00,2,10,10375,1,1,5,1,D619,48.28258813,4.17555096
202300043537,4,11,2023,2025-12-05 06:00:00,3,58,58176,1,1,3,6,D176,47.032621,3.249657
202300043538,12,5,2023,2025-12-05 17:00:00,1,16,16039,1,2,3,3,D180,46.044566,0.15086
202300043539,4,11,2023,2025-12-05 19:20:00,5,6,6090,2,1,2,6,Avenue Frederic Mistral,43.593856,6.92625
202300043540,14,5,2023,2025-12-05 15:35:00,1,53,53151,1,1,1,7,"D 227, Maison Neuve",47.93778,-1.0216
202300043541,4,11,2023,2025-12-05 15:31:00,1,14,14394,2,1,1,6,31 Rue Du Major E.G. Styffe,49.01043,-0.170711
202300043542,13,5,2023,2025-12-05 02:30:00,3,53,53137,1,9,1,7,Route De La Croix Aux Vanneurs,48.068286,-0.968513
202300043543,13,5,2023,2025-12-05 23:20:00,3,4,4218,1,1,8,7,La Batie,44.070398,6.482894
202300043544,3,11,2023,2025-12-05 18:30:00,3,7,7317,1,1,1,3,D370B,45.217931,4.790726
202300043545,3,11,2023,2025-12-05 17:40:00,5,7,7157,2,1,2,6,Chemin De Fournier,44.605337,4.724941
202300043546,13,5,2023,2025-12-05 16:45:00,1,85,85234,1,6,1,6,Rd 205 - Rond Point Du Porteau,46.79582,-2.010678
202300043547,3,11,2023,2025-12-05 20:45:00,3,53,53146,2,1,2,6,18 Rue Venus,48.193204,-0.664493
202300043548,14,5,2023,2025-12-05 15:25:00,1,27,27067,1,1,1,3,Rd 14 Bis,49.29939,1.659175
202300043549,15,10,2023,2025-12-05 17:24:00,1,21,21065,2,1,1,6,Route De Crepey,47.081235,4.742258
202300043550,4,11,2023,2025-12-05 17:35:00,1,40,40303,1,1,2,7,Route De Puymenjon,44.112302,-0.944653
202300043551,15,5,2023,2025-12-05 08:50:00,1,27,27425,2,3,1,3,Grande Rue,49.147875,0.71373
202300043552,3,11,2023,2025-12-05 16:00:00,1,24,24020,1,1,3,1,D704,45.14951,1.164551
202300043553,14,5,2023,2025-12-05 19:30:00,1,37,37270,1,1,1,1,Route De Vernou,47.41655027,0.86558104
202300043554,30,9,2023,2025-12-05 10:40:00,1,4,4209,2,1,1,6,Allee Des Platanes,44.235347,5.908027
202300043555,15,5,2023,2025-12-05 10:09:00,1,30,30165,1,3,1,2,Route D'Uzes,44.097371,4.14758
202300043556,14,5,2023,2025-12-05 22:00:00,3,30,30307,2,1,1,6,18Bis Route De La Pomarede,44.21012465,4.02221647
202300043557,14,5,2023,2025-12-05 19:50:00,1,30,30086,1,1,1,6,D114,44.01825,4.28381
202300043558,4,11,2023,2025-12-05 12:15:00,1,85,85022,1,1,6,5,Rd 949,46.45595,-1.42765
202300043559,15,2,2023,2025-12-05 13:45:00,1,8,8222,1,1,1,6,D8051,50.006153,4.692407
202300043560,3,11,2023,2025-12-05 18:00:00,2,85,85084,1,1,1,2,Rd 7,46.763193,-1.22651
202300043561,3,11,2023,2025-12-05 04:30:00,3,37,37014,2,1,1,1,32 Route De Langeais,47.267054,0.439796
202300043562,15,5,2023,2025-12-05 10:55:00,1,60,60009,1,1,1,1,A16,49.40428635,2.12580066
202300043563,4,11,2023,2025-12-05 16:49:00,2,6,6030,1,1,3,6,"A8, Pk 161.400 Voie Sud",43.568763,6.974001
202300043564,14,5,2023,2025-12-05 12:15:00,1,42,42324,1,1,1,6,A72,45.560548,4.241956
202300043565,15,5,2023,2025-12-05 10:20:00,1,44,44026,1,1,1,6,Adresse_Inconnue,47.30168274,-1.43037915
202300043566,3,11,2023,2025-12-05 18:30:00,5,13,13058,2,6,1,3,Avenue Du General De Gaulle,43.71304,4.803313
202300043567,15,5,2023,2025-12-05 05:30:00,2,976,97617,2,3,1,6,D3 Pont Mirereni Combani,-12.788952,45.138788
202300043568,4,11,2023,2025-12-05 02:20:00,3,30,30156,1,1,1,7,A9,43.864795,4.433598
202300043569,13,5,2023,2025-12-05 16:00:00,1,987,98714,1,1,1,3,"Quartier Faatahi, Pres ""Le Recif'""",-16.388,-151.765
202300043570,4,11,2023,2025-12-05 00:00:00,5,11,11202,2,1,1,6,Rue Dali Port Leucate,42.841045,3.039871
202300043571,2,11,2023,2025-12-05 02:00:00,5,987,98747,1,1,1,7,Route Du Lycee - Taravao,-17.756,-148.736
202300043572,14,5,2023,2025-12-05 11:45:00,1,987,98754,1,1,1,6,"Pk 9,500 Miri Miri",-16.887099,-151.458327
202300043573,3,11,2023,2025-12-05 06:45:00,2,987,98733,1,1,1,1,Pk 27.200C/Mt - Rt1,-17.696,-149.548
202300043574,14,5,2023,2025-12-05 14:00:00,1,988,98815,1,1,1,7,Lieu-Dit Trou De Bone,-21.46625,167.93582
202300043575,3,11,2023,2025-12-05 11:50:00,2,33,33199,2,1,2,6,45 Av Du Mal De Lattre De Tassigny,44.637972,-1.111128
202300043576,7,5,2023,2025-12-05 01:15:00,3,988,98821,1,9,1,6,Route De N'De,-22.13388,166.33318
202300043577,14,5,2023,2025-12-05 11:00:00,1,971,97117,1,1,1,6,Route De Caillebot,16.316072,-61.363927
202300043578,4,11,2023,2025-12-05 12:15:00,1,13,13027,1,1,1,7,D75A,43.863975,4.858532
202300043579,3,11,2023,2025-12-05 16:15:00,1,68,68352,2,2,1,3,D1Iii Pk 002+000,48.019389,7.552307
202300043580,15,5,2023,2025-12-05 01:00:00,3,21,21699,1,1,1,1,Route Departementale 905,47.196981,5.3693
202300043581,3,11,2023,2025-12-05 17:15:00,5,54,54111,2,1,1,6,320 Rue Du Val Fleurion,48.62482834,6.08983219
202300043582,3,11,2023,2025-12-05 14:17:00,1,3,3290,1,6,2,6,N7,46.624758,3.286098
202300043583,12,5,2023,2025-12-05 15:15:00,1,67,67021,1,1,1,7,D854,48.410089,7.401588
202300043584,5,5,2023,2025-12-05 10:45:00,1,3,3085,1,1,1,6,La Presle,46.569394,3.249507
202300043585,3,11,2023,2025-12-05 16:25:00,1,85,85298,1,1,2,1,Rd32,46.586997,-1.761841
202300043586,12,5,2023,2025-12-05 16:38:00,1,38,38468,2,1,2,2,Rue Du 11 Novembre 1918,45.347467,4.810499
202300043587,2,11,2023,2025-12-05 09:40:00,1,50,50294,1,1,6,6,Departementale 900,49.586956,-1.654258
202300043588,14,5,2023,2025-12-05 22:10:00,3,38,38341,1,1,2,7,Route De La Garenne,45.57346,5.415037
202300043589,4,11,2023,2025-12-05 00:20:00,5,60,60341,2,1,1,2,Rue De La Liberte,49.091434,2.741664
202300043590,15,5,2023,2025-12-05 16:35:00,1,69,69153,2,1,1,2,Route De La Riviere,45.85931,4.80985
202300043591,4,11,2023,2025-12-05 09:10:00,1,2,2521,1,1,3,1,D1003,49.02605,3.20775
202300043592,14,5,2023,2025-12-05 18:21:00,1,69,69072,1,1,1,3,Route Departementale 307,45.81229747,4.73335359
202300043593,3,11,2023,2025-12-05 22:30:00,3,59,59643,1,2,1,1,M945,50.741469,2.9667
202300043594,12,5,2023,2025-12-05 16:15:00,1,81,81219,1,1,1,7,Lieu Dit Le Fort,43.589114,1.997774
202300043595,14,5,2023,2025-12-05 21:50:00,3,46,46202,1,1,1,7,Autoroute A20 Pk 381+000 Sens Paris - Toulouse.,44.283153,1.504769
202300043596,26,10,2023,2025-12-05 07:41:00,2,13,13106,1,1,1,4,A7-Sens Lyon Vers Marseille,43.38861,5.35094
202300043597,14,5,2023,2025-12-05 22:00:00,5,86,86225,2,1,1,1,Rue De Messais,46.848023,0.0514072
202300043598,3,11,2023,2025-12-05 00:25:00,3,13,13085,1,1,2,6,A50-Sens Toulon Vers Aubagne,43.26311846,5.58921398
202300043599,14,5,2023,2025-12-05 15:35:00,1,85,85296,1,1,1,7,La Chuniere,46.89029,-0.832107
202300043600,3,11,2023,2025-12-05 12:50:00,5,83,83137,1,1,1,2,A50 Tunnel Tube Sud,43.12696803,5.92140338
202300043601,15,5,2023,2025-12-05 07:50:00,1,60,60079,1,2,5,3,D922,49.147708,2.871869
202300043602,1,11,2023,2025-12-05 13:50:00,1,42,42218,1,1,2,2,N88,45.43343,4.41775
202300043603,14,5,2023,2025-12-05 15:00:00,1,13,13215,1,1,1,2,A7-Sens Lyon Vers Marseille,43.36723874,5.36069361
202300043604,3,11,2023,2025-12-05 18:45:00,5,33,33039,1,1,3,2,Rocade A 630,44.80688,-0.52847
202300043605,13,5,2023,2025-12-05 23:39:00,3,13,13215,1,1,1,4,A7-Sens Lyon Vers Marseille,43.37718,5.35803
202300043606,3,11,2023,2025-12-05 12:15:00,1,33,33013,1,1,3,2,Route Nationale 230,44.85728214,-0.50482661
202300043607,14,5,2023,2025-12-05 00:12:00,3,13,13071,1,1,1,3,A7-Sens Lyon Vers Marseille,43.40439,5.31722
202300043608,3,11,2023,2025-12-05 12:05:00,1,33,33249,1,1,3,6,Route Nationale 230,44.87368065,-0.5067578
202300043609,2,11,2023,2025-12-05 10:40:00,1,33,33249,1,1,3,3,Autoroute A 10,44.8780675,-0.50914496
202300043610,13,5,2023,2025-12-05 02:10:00,5,13,13202,1,1,1,3,Tvpcm-Sens Saint Victor Vers Les Ports,43.30935,5.36853
202300043611,24,10,2023,2025-12-05 06:40:00,2,59,59082,1,1,2,2,Route Nationale 225,50.96983,2.39593
202300043612,13,5,2023,2025-12-05 01:45:00,5,83,83137,1,1,1,2,A50,43.12477,5.90176
202300043613,3,11,2023,2025-12-05 18:20:00,1,91,91687,1,1,1,6,Autoroute A6,48.66122,2.37018
202300043614,14,5,2023,2025-12-05 15:40:00,1,69,69027,1,1,1,3,Autoroute 450,45.6709,4.76906
202300043615,3,11,2023,2025-12-05 12:25:00,1,94,94003,1,1,1,2,A6A,48.80794,2.34065008
202300043616,13,5,2023,2025-12-05 14:57:00,1,69,69287,1,1,3,5,Autoroute 43,45.68751,4.99553
202300043617,3,11,2023,2025-12-05 15:00:00,1,92,92012,1,1,1,4,A13,48.84856113,2.22959966
202300043618,14,5,2023,2025-12-05 06:15:00,2,69,69290,1,1,3,4,Autoroute 43,45.72290525,4.92979093
202300043619,3,11,2023,2025-12-05 09:50:00,1,75,75116,1,1,1,4,A13W,48.848304,2.245986
202300043620,3,11,2023,2025-12-05 10:05:00,1,92,92064,1,1,1,6,A13,48.83922315,2.2111532
202300043621,14,5,2023,2025-12-05 01:25:00,3,1,1275,1,1,3,6,A42 4.329 A 5.760   Lyon/Gen,45.80457,4.92617
202300043622,2,11,2023,2025-12-05 08:34:00,1,92,92025,1,1,1,3,A86,48.93376075,2.25454017
202300043623,2,11,2023,2025-12-05 06:15:00,3,78,78291,1,1,6,6,A13,48.96828,1.743789
202300043624,12,5,2023,2025-12-05 13:50:00,1,69,69199,1,1,1,2,Route Departementale 383,45.71611796,4.84712695
202300043625,3,11,2023,2025-12-05 18:30:00,5,93,93066,1,1,1,2,Autoroute A1,48.90647,2.35854
202300043626,3,11,2023,2025-12-05 15:20:00,1,93,93053,1,1,1,3,Autoroute A3,48.88045,2.45182
202300043627,14,5,2023,2025-12-05 13:00:00,1,91,91689,1,1,1,4,A6,48.74489,2.32377
202300043628,3,11,2023,2025-12-05 12:20:00,1,93,93078,1,1,1,5,Autoroute A104,48.95943129,2.53723652
202300043629,13,5,2023,2025-12-05 16:00:00,1,91,91687,1,1,1,2,Autoroute A6,48.66356,2.36673
202300043630,14,5,2023,2025-12-05 16:30:00,1,93,93064,1,1,1,7,Autoroute A86,48.88089109,2.47481346
202300043631,2,11,2023,2025-12-05 18:00:00,3,95,95277,1,1,8,5,A3,48.96735747,2.47640848
202300043632,13,5,2023,2025-12-05 20:30:00,1,92,92036,1,1,2,2,Autoroute A86,48.93837004,2.30014011
202300043633,3,11,2023,2025-12-05 16:00:00,1,94,94028,1,1,1,6,A86,48.79247896,2.4410626
202300043634,3,11,2023,2025-12-05 11:00:00,1,94,94046,1,1,1,3,A86,48.81292733,2.44895577
202300043635,14,5,2023,2025-12-05 08:30:00,1,95,95582,1,1,1,2,A15,48.966886,2.255576
202300043636,14,5,2023,2025-12-05 02:45:00,3,95,95018,1,1,1,3,A15,48.95947,2.27208
202300043637,17,8,2023,2025-12-05 14:20:00,1,13,13056,1,1,1,1,Route Du Port De Lavera,43.39529,5.01845
202300043638,13,5,2023,2025-12-05 23:00:00,3,93,93048,1,1,1,6,Autoroute A86,48.86544542,2.48185307
202300043639,8,7,2023,2025-12-05 14:05:00,1,29,29007,1,3,1,3,Le Squiriou,48.402996,-3.72355
202300043640,13,5,2023,2025-12-05 05:03:00,2,5,5061,2,1,8,6,Emile Didier ( Av ),44.56507,6.09149
202300043641,21,7,2023,2025-12-05 11:35:00,1,29,29220,2,1,1,7,15 Route De Loctudy,47.857315,-4.211517
202300043642,13,5,2023,2025-12-05 19:00:00,5,974,97416,2,3,1,3,Pere Favron(Rue Du),-21.33641,55.46274
202300043643,2,11,2023,2025-12-05 07:00:00,1,974,97411,2,1,1,2,Jaures (Boulevard Jean),-20.90009,55.48292
202300043644,12,5,2023,2025-12-05 17:30:00,2,974,97416,1,1,1,6,Oceanites (Avenue Des),-21.32713,55.4697
202300043645,1,11,2023,2025-12-05 18:15:00,3,973,97302,2,1,1,1,Madeleine (Route De La),4.94124,-52.32699
202300043646,12,5,2023,2025-12-05 15:35:00,1,974,97416,1,1,1,1,Rn2 (2),-21.33555,55.48809
202300043647,13,5,2023,2025-12-05 20:50:00,5,974,97407,2,6,1,6,Ferdinand Buisson (Rue),-20.95489,55.30769
202300043648,1,11,2023,2025-12-05 08:40:00,1,973,97302,2,1,1,1,Raban (Route De),4.93511259,-52.31424451
202300043649,12,5,2023,2025-12-05 12:20:00,1,973,97302,2,1,2,3,Baduel (Route De),4.93199,-52.30745
202300043650,2,11,2023,2025-12-05 15:20:00,1,971,97101,1,2,1,3,Besson,16.23688,-61.51241
202300043651,13,5,2023,2025-12-05 13:15:00,1,972,97213,1,1,1,2,Route Nationale 5,14.59597,-60.98887
202300043652,2,11,2023,2025-12-05 14:25:00,1,2A,2A004,2,1,6,2,Bonaparte Charles  Bd,41.93387,8.75009
202300043653,13,5,2023,2025-12-05 18:35:00,1,972,97209,2,2,1,3,Victor Coridun (Avenue),14.60987,-61.04684
202300043654,13,5,2023,2025-12-05 10:55:00,1,69,69389,2,1,8,6,23 Montee De L'Observance,45.76674836,4.81163233
202300043655,13,5,2023,2025-12-05 04:26:00,3,95,95427,2,1,1,7,35 Bel Air (Rue Du),48.974689,2.351791
202300043656,2,11,2023,2025-12-05 17:10:00,1,91,91433,1,1,6,5,Cd207,48.46023,2.16885
202300043657,2,11,2023,2025-12-05 10:50:00,1,91,91433,2,1,6,3,Tilleuls (Rue Des),48.44052,2.17535
202300043658,13,5,2023,2025-12-05 23:15:00,4,95,95018,2,4,1,3,Bezons (Quai De),48.932352,2.237982
202300043659,1,11,2023,2025-12-05 17:10:00,1,91,91223,2,6,2,7,Victoire (Rond-Point De La),48.43703,2.16345
202300043660,2,11,2023,2025-12-05 07:45:00,2,91,91223,1,1,8,7,Sabliere (Rue De La)   Zi,48.44953,2.15498
202300043661,31,10,2023,2025-12-05 19:45:00,5,87,87085,2,3,2,3,Garibaldi (Avenue),45.83518,1.2605
202300043662,12,5,2023,2025-12-05 15:45:00,1,91,91549,2,2,1,3,Republique (Avenue De La),48.64387,2.33224
202300043663,31,10,2023,2025-12-05 14:45:00,1,87,87085,2,1,1,6,Hubert Curien (Rue),45.8105,1.2735
202300043664,13,5,2023,2025-12-05 14:45:00,1,76,76540,2,1,1,6,Place Saint Sever,49.43048,1.085
202300043665,13,5,2023,2025-12-05 17:10:00,1,72,72181,2,1,1,3,Laigne Rue De Ndeg Imp 229 A 385,47.96074,0.20813
202300043666,1,11,2023,2025-12-05 01:51:00,5,84,84007,2,2,1,3,Trillade (Avenue De La ),43.9411,4.8198
202300043667,12,5,2023,2025-12-05 19:20:00,1,72,72181,2,1,1,7,Riffaudieres (Bd Des),47.99183,0.17482
202300043668,31,10,2023,2025-12-05 20:17:00,5,84,84007,2,6,1,3,Eisenhower (Avenue),43.94111,4.79857
202300043669,13,5,2023,2025-12-05 19:30:00,1,69,69290,2,2,2,3,Avenue Saint-Exupery,45.72472,4.93457
202300043670,1,11,2023,2025-12-05 03:53:00,5,84,84007,2,3,2,1,Champfleury   (Avenue),43.941,4.8048
202300043671,13,5,2023,2025-12-05 18:10:00,1,69,69290,2,1,2,1,Rue Du Lyonnais,45.69779,4.90794
202300043672,13,5,2023,2025-12-05 14:50:00,1,67,67482,2,1,1,6,Andre Maurois (Place),48.59078,7.6968
202300043673,31,10,2023,2025-12-05 05:20:00,5,84,84007,2,6,1,6,Follereau (Rue Raoul),43.92097,4.80403
202300043674,30,10,2023,2025-12-05 18:03:00,1,30,30011,1,1,1,2,R.N. 100,43.94962,4.7696
202300043675,13,5,2023,2025-12-05 09:40:00,1,67,67482,2,3,1,3,Racine (Avenue),48.60027,7.6961
202300043676,28,10,2023,2025-12-05 01:05:00,5,84,84007,1,6,1,7,Marseille (Route)-Montfavet,43.90434,4.89348
202300043677,13,5,2023,2025-12-05 10:49:00,1,64,64102,2,1,2,3,Alsace Lorraine (Boulevard),43.495112,-1.469554
202300043678,28,10,2023,2025-12-05 15:45:00,1,84,84007,2,1,1,-1,Croix Des Oiseaux ( Avenue De La ),43.93273,4.82387
202300043679,13,5,2023,2025-12-05 09:20:00,1,64,64024,2,9,2,3,Industrie (Allee De L'),43.496277,-1.496736
202300043680,2,11,2023,2025-12-05 15:10:00,1,83,83090,2,1,2,6,Monnet (Ave Jean),43.12661944,5.86488783
202300043681,13,5,2023,2025-12-05 09:50:00,1,59,59421,2,1,1,1,Tourcoing (Rue De),50.71486652,3.13534141
202300043682,31,10,2023,2025-12-05 14:30:00,1,83,83062,2,1,1,2,Premier (Bat.Inf.Du Pacif.),43.136,6.0231
202300043683,12,5,2023,2025-12-05 17:17:00,1,56,56260,2,1,1,6,Marne (Bld De La),47.66012,-2.78972
202300043684,31,10,2023,2025-12-05 12:41:00,1,83,83129,2,1,1,1,Rue Du Commerce,43.11524,5.84412
202300043685,13,5,2023,2025-12-05 19:55:00,1,54,54257,2,2,1,6,Route De Fleville,48.64819306,6.2087811
202300043686,2,11,2023,2025-12-05 08:10:00,2,82,82033,2,9,2,3,Rue Du Commandant Defraux,44.03714,1.11484
202300043687,13,5,2023,2025-12-05 10:30:00,1,51,51454,2,2,1,3,Avenue Jean Jaures,49.26093,4.04902
202300043688,13,10,2023,2025-12-05 15:00:00,1,78,78688,1,1,1,1,Port Royal (Rue De),48.75428,2.03857
202300043689,13,5,2023,2025-12-05 13:20:00,1,49,49328,2,1,1,2,Delessert (Boulevard Benjamin),47.25793,-0.0881
202300043690,14,5,2023,2025-12-05 23:45:00,5,45,45234,2,2,1,3,2 Rue Des Charretiers,47.89833,1.89944
202300043691,2,11,2023,2025-12-05 16:15:00,1,77,77121,1,1,1,4,D471,48.827294,2.675526
202300043692,13,5,2023,2025-12-05 14:45:00,1,45,45286,2,1,1,6,Avenue Gaston Galloux,47.88468,1.92449
202300043693,7,4,2023,2025-12-05 19:30:00,1,95,95678,1,1,1,6,N104,49.07305563,2.23582212