num_acc,jour,mois,an,hrmn,lum,dep,com,agg,int,atm,col,adr,lat,long
202300043694,13,5,2023,2025-12-05 20:30:00,1,38,38151,2,3,8,6,Rue D'Auvergne,45.15563,5.71514
202300043695,2,11,2023,2025-12-05 16:45:00,2,77,77305,2,1,1,6,D403,48.39438,2.96913
202300043696,13,5,2023,2025-12-05 12:15:00,1,35,35051,2,6,1,3,Paris (Rue De),48.11418,-1.60731
202300043697,7,4,2023,2025-12-05 12:35:00,1,93,93064,1,1,1,2,Autoroute A86,48.8791675,2.47634149
202300043698,13,5,2023,2025-12-05 23:40:00,5,33,33281,2,3,1,6,Avenue De La Liberation,44.845867,-0.64450103
202300043699,2,11,2023,2025-12-05 23:45:00,5,76,76540,2,2,8,3,Quai Jean Moulin,49.43686,1.0875
202300043700,6,4,2023,2025-12-05 18:25:00,1,95,95394,1,1,1,3,N184,49.05153899,2.15162516
202300043701,13,5,2023,2025-12-05 23:20:00,5,33,33063,2,2,1,3,Cours Aristide Briand,44.83187,-0.57725
202300043702,2,11,2023,2025-12-05 20:45:00,5,74,74012,2,9,2,3,Vallees (Route Des),46.19405,6.24138
202300043703,14,5,2023,2025-12-05 00:00:00,5,28,28404,1,1,1,6,Rue Des Longs Reages,48.7377,1.33292
202300043704,5,4,2023,2025-12-05 17:40:00,1,93,93066,1,1,1,3,Autoroute A86,48.92566114,2.33952919
202300043705,12,5,2023,2025-12-05 00:35:00,5,28,28134,2,6,1,7,Rond Point Des Fenots,48.74103,1.34519
202300043706,1,11,2023,2025-12-05 18:00:00,5,74,74008,2,1,2,3,Avenue Louis Lachenal,46.19239,6.22409
202300043707,7,4,2023,2025-12-05 17:35:00,1,94,94017,1,1,1,2,A4,48.83005427,2.49555288
202300043708,1,11,2023,2025-12-05 06:50:00,5,71,71105,2,1,8,1,Cluny (Route De),46.30922,4.79812
202300043709,7,4,2023,2025-12-05 16:25:00,1,94,94022,1,1,1,2,A86,48.77637562,2.42140187
202300043710,7,4,2023,2025-12-05 11:00:00,1,94,94022,1,1,1,1,A86,48.77637562,2.42140187
202300043711,13,5,2023,2025-12-05 15:10:00,1,25,25230,2,1,1,4,Sochaux (Rue De),47.50551,6.84282
202300043712,13,5,2023,2025-12-05 13:30:00,1,22,22215,2,1,8,7,Adresse_Inconnue,48.52306,-2.81858
202300043713,6,4,2023,2025-12-05 20:20:00,5,75,75112,2,1,1,2,Porte Doree,48.83401,2.409516
202300043714,13,5,2023,2025-12-05 07:30:00,1,13,13212,2,1,1,3,Caillols (Avenue Des),43.30388372,5.43572337
202300043715,22,2,2023,2025-12-05 16:10:00,1,57,57412,1,1,1,6,Adresse_Inconnue,49.11219968,6.15960937
202300043716,6,4,2023,2025-12-05 00:05:00,5,75,75120,2,1,1,2,Porte De Bagnolet,48.85993,2.413982
202300043717,14,5,2023,2025-12-05 00:15:00,3,13,13001,1,1,1,1,Gardanne (Route De ),43.48967,5.40745
202300043718,22,2,2023,2025-12-05 17:45:00,1,33,33318,1,1,2,5,Rocade A 630,44.79114,-0.64766
202300043719,5,4,2023,2025-12-05 11:05:00,1,75,75115,2,1,1,3,Porte De Versailles,48.8277,2.291932
202300043720,22,2,2023,2025-12-05 06:30:00,5,33,33013,1,1,2,6,Route Nationale 230,44.869552,-0.50452352
202300043721,13,5,2023,2025-12-05 14:30:00,1,11,11069,2,1,2,3,450 Rue Magellan,43.2354,2.36626
202300043722,22,2,2023,2025-12-05 08:00:00,1,94,94038,1,1,1,3,A6B,48.78982766,2.34470638
202300043723,5,4,2023,2025-12-05 08:25:00,1,75,75119,2,1,1,3,Porte De Pantin,48.892666,2.395321
202300043724,13,5,2023,2025-12-05 02:00:00,5,11,11069,1,6,2,6,Route De Montreal,43.211,2.3244
202300043725,21,2,2023,2025-12-05 02:35:00,3,91,91689,1,1,1,7,Autoroute A6A,48.7488,2.32633
202300043726,6,4,2023,2025-12-05 07:30:00,2,75,75105,2,2,1,7,Quai Saint Michel,48.853079,2.346789
202300043727,22,2,2023,2025-12-05 14:40:00,1,78,78498,1,1,8,2,A14,48.918991,2.01094
202300043728,22,2,2023,2025-12-05 14:20:00,1,95,95394,1,1,1,6,A115,49.05234392,2.18443036
202300043729,6,4,2023,2025-12-05 10:00:00,1,75,75119,2,1,1,5,Rue Manin,48.882676,2.384352
202300043730,21,2,2023,2025-12-05 14:20:00,1,976,97611,2,1,1,4,Cavani-Rond Point Du Baobab,-12.78277,45.23246
202300043731,6,4,2023,2025-12-05 09:00:00,1,75,75118,2,2,2,6,Rue Saint Bruno,48.88589,2.355707
202300043732,20,2,2023,2025-12-05 22:15:00,5,972,97213,1,1,1,4,Duchesnes 1,14.6469073,-60.9602376
202300043733,19,2,2023,2025-12-05 02:39:00,5,2B,2B033,2,9,1,5,Chanoine Leschi - Rue,42.704,9.45
202300043734,6,4,2023,2025-12-05 20:40:00,5,75,75117,2,3,1,6,Avenue De Clichy,48.889377,2.322332
202300043735,21,2,2023,2025-12-05 18:05:00,2,91,91339,2,9,1,4,Che De Tabor,48.62245,2.25815
202300043736,6,4,2023,2025-12-05 17:00:00,1,75,75115,2,2,8,3,Avenue De La Motte Picquet,48.850246,2.299588
202300043737,21,2,2023,2025-12-05 17:35:00,1,91,91687,2,1,1,6,Victor Schoelcher (Avenue),48.6522,2.3698
202300043738,6,4,2023,2025-12-05 12:00:00,1,75,75114,2,2,2,3,Rue De La Sabliere,48.831623,2.324422
202300043739,21,2,2023,2025-12-05 05:55:00,2,91,91223,2,9,1,6,Saint Michel (Boulevard),48.445598,2.17066
202300043740,5,4,2023,2025-12-05 22:20:00,5,75,75114,2,2,1,2,Rue Julia Bartet,48.825455,2.302299
202300043741,18,1,2023,2025-12-05 08:20:00,1,84,84080,2,1,1,6,Liberation Avenue De La,44.03443,4.99817
202300043742,20,2,2023,2025-12-05 18:50:00,5,83,83061,2,1,1,6,Avenue Andre Leotard,43.43842,6.74821
202300043743,5,4,2023,2025-12-05 17:49:00,1,75,75114,2,7,1,2,Place Denfert Rochereau,48.83456,2.332634
202300043744,21,2,2023,2025-12-05 18:25:00,2,78,78029,2,9,1,3,Pierre Lefaucheux (Rue),48.974894,1.853589
202300043745,21,2,2023,2025-12-05 17:30:00,1,78,78172,2,3,1,6,Grandes Terres (Rue Des),49.007342,2.118299
202300043746,5,4,2023,2025-12-05 14:35:00,1,75,75114,2,3,1,3,Rue Raymond Losserand,48.830677,2.311749
202300043747,20,2,2023,2025-12-05 00:50:00,5,77,77288,2,1,1,3,Almont (Boulevard De L'),48.54397,2.6783
202300043748,6,4,2023,2025-12-05 09:00:00,1,75,75113,2,1,2,1,Boulevard Du General Jean Simon,48.826747,2.384354
202300043749,20,2,2023,2025-12-05 16:15:00,1,72,72181,2,1,1,3,Heuze Olivier Av Ndeg Pairs 2 A 198,47.99417,0.17624
202300043750,5,4,2023,2025-12-05 19:12:00,1,75,75109,2,2,1,3,Place De L Opera,48.870683,2.332511
202300043751,20,2,2023,2025-12-05 18:30:00,3,71,71040,1,1,1,5,Rn 70 (Route Express),46.69548,4.38462
202300043752,6,4,2023,2025-12-05 17:30:00,1,75,75108,2,3,1,3,Avenue De Marigny,48.869144,2.314287
202300043753,21,2,2023,2025-12-05 18:30:00,2,69,69266,2,1,1,2,Rue D'Alsace,45.76811,4.86993
202300043754,6,4,2023,2025-12-05 17:20:00,1,75,75108,2,7,1,3,Avenue Montaigne,48.868874,2.309919
202300043755,21,2,2023,2025-12-05 09:00:00,1,69,69256,2,5,8,5,Rue Marius Grosso,45.76361,4.93328
202300043756,6,4,2023,2025-12-05 15:00:00,1,75,75103,2,2,1,7,Boulevard De Sebastopol,48.864421,2.351566
202300043757,21,2,2023,2025-12-05 23:00:00,5,69,69029,2,6,1,7,12 Avenue Edouard Herriot,45.7292303,4.90139832
202300043758,6,4,2023,2025-12-05 09:45:00,1,75,75104,2,3,2,6,Rue De Rivoli,48.857312,2.352411
202300043759,21,2,2023,2025-12-05 18:47:00,5,65,65440,2,2,8,1,10 Boulevard Pierre Renaudet,43.24606,0.08122
202300043760,6,4,2023,2025-12-05 00:30:00,5,75,75102,2,2,1,6,Rue De Richelieu,48.871943,2.340023
202300043761,21,2,2023,2025-12-05 12:20:00,1,65,65047,2,2,1,3,Rue Du 11 Novembre,43.250214,0.089605
202300043762,6,4,2023,2025-12-05 12:30:00,1,94,94033,2,9,2,6,Rue Du Ruisseau,48.85244,2.46535
202300043763,21,2,2023,2025-12-05 18:30:00,1,64,64335,2,1,1,6,Lacaussade,43.3329,-0.42857
202300043764,21,2,2023,2025-12-05 12:25:00,1,64,64102,2,1,1,3,Aritxague (Bd D'),43.48984,-1.49282
202300043765,21,2,2023,2025-12-05 06:00:00,5,62,62498,2,1,2,7,Rue D'Artois,50.44166,2.79459
202300043766,4,4,2023,2025-12-05 16:35:00,1,94,94055,2,3,1,3,Rue D'Amboile,48.78417,2.53202
202300043767,20,2,2023,2025-12-05 17:15:00,1,60,60175,2,4,1,6,Place Du General De Gaulle,49.26273,2.46929
202300043768,6,4,2023,2025-12-05 17:45:00,1,94,94018,2,1,1,3,Avenue De Gravelle,48.82466,2.4142
202300043769,21,2,2023,2025-12-05 14:35:00,1,58,58194,2,3,1,3,Mariniers (Quai),46.98456,3.15667
202300043770,6,4,2023,2025-12-05 16:10:00,1,94,94017,2,3,1,6,34 Avenue Du General De Gaulle / Rue Des Freres Petit,48.82097,2.48767
202300043771,20,2,2023,2025-12-05 12:57:00,1,57,57221,2,3,1,3,D 952 A,49.31567,6.10879
202300043772,6,4,2023,2025-12-05 18:00:00,1,93,93072,2,3,1,3,Avenue De Stalingrad Deviation / Rue Du Moulin Neuf,48.95331,2.39098
202300043773,21,2,2023,2025-12-05 15:40:00,1,54,54521,2,3,1,3,Rue Paul Langevin,49.47154,5.91143
202300043774,5,4,2023,2025-12-05 22:15:00,5,93,93071,2,2,1,3,Rue D'Aulnay / Avenue John Fitzgerald Kennedy,48.93966,2.51268
202300043775,20,2,2023,2025-12-05 12:12:00,1,54,54367,1,1,1,7,520 (Route Departementale),49.506444,5.786909
202300043776,4,4,2023,2025-12-05 23:00:00,5,93,93077,2,3,1,3,Rue De L'Orangerie / Avenue De Rosny,48.88502,2.50523
202300043777,21,2,2023,2025-12-05 07:30:00,1,51,51454,2,3,1,3,Quai Du Pre Aux Moines,49.239608,4.038284
202300043778,20,2,2023,2025-12-05 20:18:00,5,51,51454,2,2,1,3,Avenue D'Epernay,49.24190637,4.01418865
202300043779,6,4,2023,2025-12-05 13:20:00,1,93,93066,2,3,2,6,Rue Ampere / Allee De Seine,48.92272,2.34018
202300043780,6,4,2023,2025-12-05 09:00:00,1,93,93066,2,3,2,3,Avenue Du Colonel Fabien / Rue Max Jacob,48.94485,2.35352
202300043781,20,2,2023,2025-12-05 14:30:00,1,49,49099,1,1,1,4,Rd 960,47.08712109,-0.81545591
202300043782,6,4,2023,2025-12-05 19:45:00,2,93,93051,2,3,1,3,Avenue Du Pave Neuf / Rue Du Docteur Vaillant,48.8364,2.56283
202300043783,21,2,2023,2025-12-05 13:04:00,1,47,47032,2,1,1,6,Albert Camus (Avenue),44.18589,0.66735
202300043784,6,4,2023,2025-12-05 14:00:00,1,93,93046,2,3,1,3,Boulevard De La Republique / Allee Germaine,48.90699,2.52082
202300043785,10,2,2023,2025-12-05 12:15:00,1,39,39362,1,1,1,6,Adresse_Inconnue,46.686374,5.519453
202300043786,21,2,2023,2025-12-05 23:25:00,4,38,38179,2,2,1,1,Grande Rue (Rue),45.18136,5.78814
202300043787,6,4,2023,2025-12-05 19:02:00,1,93,93079,2,1,1,5,Avenue Jean Jaures,48.964151,2.347898
202300043788,20,2,2023,2025-12-05 16:15:00,1,37,37122,2,1,1,6,Bondonniere (Rue De),47.3558,0.697
202300043789,31,8,2023,2025-12-05 02:37:00,5,75,75111,2,1,1,6,Boulevard Des Filles Du Calvaire,48.862089,2.366984
202300043790,20,2,2023,2025-12-05 16:35:00,1,33,33119,2,1,1,6,Avenue Hubert Dubedout,44.84695953,-0.51207528
202300043791,5,4,2023,2025-12-05 19:05:00,1,93,93027,2,3,1,6,Colbert (Rue),48.92308,2.412
202300043792,31,8,2023,2025-12-05 12:45:00,1,75,75119,2,3,2,7,Rue De Crimee,48.884172,2.384204
202300043793,21,2,2023,2025-12-05 08:10:00,1,30,30007,2,6,1,3,Adresse_Inconnue,44.11291,4.10669
202300043794,6,4,2023,2025-12-05 20:01:00,1,93,93010,2,1,1,6,Rue Trinquamelle,48.91806366,2.48170155
202300043795,31,8,2023,2025-12-05 16:50:00,1,75,75118,2,2,2,6,Rue Ordener,48.893365,2.338269
202300043796,20,2,2023,2025-12-05 13:45:00,1,29,29232,2,1,1,6,Rue De Kervillou,47.9853,-4.05989
202300043797,21,2,2023,2025-12-05 16:45:00,1,29,29039,2,1,2,7,Rue Jacques Noel Sane,47.90376111,-3.91065449
202300043798,6,4,2023,2025-12-05 09:10:00,1,93,93010,2,1,2,6,Rue Paul Renaud,48.910229,2.4777
202300043799,31,8,2023,2025-12-05 16:35:00,1,75,75114,2,3,2,3,Avenue Du Maine,48.829704,2.326107
202300043800,6,4,2023,2025-12-05 16:00:00,1,93,93001,2,1,1,3,Avenue Victor Hugo,48.91185644,2.37968481
202300043801,21,2,2023,2025-12-05 18:25:00,2,28,28085,2,2,1,3,Anciens Combattants Afn (Rue Des),48.44757,1.52097
202300043802,31,7,2023,2025-12-05 08:20:00,1,75,75113,2,3,1,3,Boulevard Massena,48.822765,2.373168
202300043803,21,2,2023,2025-12-05 14:20:00,1,27,27681,2,2,1,6,Rouen (Avenue De),49.09617,1.48258
202300043804,6,4,2023,2025-12-05 15:25:00,1,92,92046,2,2,1,3,Camelinat,48.81468,2.29679
202300043805,21,2,2023,2025-12-05 18:40:00,1,26,26198,1,1,1,3,Saint Gervais (Route),44.55591,4.76182
202300043806,31,8,2023,2025-12-05 00:00:00,5,75,75111,2,2,1,3,Rue Saint Maur,48.861106,2.381148
202300043807,5,4,2023,2025-12-05 17:40:00,1,92,92033,2,1,1,6,Raymond Poincare,48.83837341,2.17082852
202300043808,21,2,2023,2025-12-05 13:25:00,1,26,26198,2,3,1,6,Rue Rene Char,44.56104,4.73803
202300043809,31,8,2023,2025-12-05 18:20:00,1,75,75110,2,4,2,7,Quai De Valmy,48.871805,2.36459
202300043810,6,4,2023,2025-12-05 10:10:00,1,92,92049,2,1,2,3,Dormoy Avenue Marx Ndeg102 A Fin,48.81098,2.30453
202300043811,31,8,2023,2025-12-05 15:45:00,1,75,75101,2,2,2,6,Boulevard De Sebastopol,48.858521,2.348231
202300043812,19,2,2023,2025-12-05 01:40:00,3,23,23096,2,6,1,6,Cassin (Avenue Rene),46.183,1.878
202300043813,31,3,2023,2025-12-05 01:38:00,5,92,92035,2,1,1,6,National ( Boulevard ),48.90832,2.2377
202300043814,30,8,2023,2025-12-05 15:20:00,1,75,75101,2,2,1,3,Rue Du Louvre,48.863899,2.342359
202300043815,20,2,2023,2025-12-05 14:30:00,1,15,15014,2,1,1,3,Tronquieres (Avenue De),44.90662,2.42861
202300043816,6,4,2023,2025-12-05 13:40:00,1,92,92025,2,3,1,1,Ecoles (Av  Rue Des),48.92482579,2.26664633
202300043817,21,2,2023,2025-12-05 12:40:00,1,14,14118,2,1,1,6,1 Place Courtonne,49.183848,-0.357043
202300043818,31,8,2023,2025-12-05 15:41:00,1,94,94080,2,1,2,2,Rue Clement Vienot,48.84718,2.45135
202300043819,21,2,2023,2025-12-05 16:40:00,1,13,13117,2,1,1,6,Rhin Danube ( Avenue ),43.42441,5.27166
202300043820,5,4,2023,2025-12-05 21:45:00,5,92,92024,2,4,1,6,Victor Hugo (Bd),48.90083455,2.31597751
202300043821,31,8,2023,2025-12-05 01:10:00,5,94,94074,2,1,1,3,Avenue Henri Barbusse,48.77103153,2.44000903
202300043822,21,2,2023,2025-12-05 15:30:00,1,13,13047,1,1,1,5,R.N 569,43.58194,4.98502
202300043823,6,4,2023,2025-12-05 19:13:00,1,92,92032,2,6,1,3,Panorama (Route Du),48.78861051,2.27699295
202300043824,31,8,2023,2025-12-05 18:30:00,1,94,94028,2,2,2,7,Avenue Laferriere,48.80272,2.46049
202300043825,20,2,2023,2025-12-05 11:20:00,1,10,10081,2,9,1,2,Rocade Ouest (Rd 610),48.30719,4.02605
202300043826,31,8,2023,2025-12-05 16:51:00,1,94,94028,1,1,2,2,D1,48.77423,2.46104
202300043827,6,4,2023,2025-12-05 19:10:00,1,92,92012,2,1,1,3,Le Corbusier (Rue),48.837291,2.237467
202300043828,21,2,2023,2025-12-05 08:15:00,1,7,7102,2,6,1,3,Rue Des Tremolets,44.9376,4.8635
202300043829,31,8,2023,2025-12-05 21:23:00,5,94,94043,2,1,1,6,Avenue De Fontainebleau,48.81446,2.36084
202300043830,6,4,2023,2025-12-05 11:53:00,1,92,92007,2,2,1,3,Meuniers (Rue Des),48.79763,2.30958
202300043831,21,2,2023,2025-12-05 18:40:00,2,75,75104,2,1,1,6,Souterrain Pont D Arcole,48.85590109,2.35065311
202300043832,31,8,2023,2025-12-05 10:15:00,1,94,94028,2,1,1,3,Avenue Du Marechal Foch,48.78756,2.4359
202300043833,20,2,2023,2025-12-05 20:50:00,5,75,75120,2,1,1,2,Porte Des Lilas,48.874876,2.410697
202300043834,7,4,2023,2025-12-05 07:05:00,2,38,38160,2,1,1,1,Rue Du Stade,45.477374,4.99864
202300043835,21,2,2023,2025-12-05 17:13:00,1,75,75120,2,2,1,3,Avenue De La Porte De Montreuil,48.853557,2.410769
202300043836,31,8,2023,2025-12-05 16:20:00,1,94,94055,2,1,3,4,Avenue Olivier D'Ormesson,48.78103139,2.52916257
202300043837,21,2,2023,2025-12-05 14:20:00,1,75,75120,2,3,1,6,Rue Belgrand,48.864666,2.404651
202300043838,31,8,2023,2025-12-05 15:50:00,1,93,93059,2,1,2,7,Avenue Nungesser Et Coli,48.9527,2.36734
202300043839,21,2,2023,2025-12-05 09:10:00,1,75,75120,2,3,1,6,Rue De Bagnolet,48.856822,2.396887
202300043840,31,8,2023,2025-12-05 18:30:00,1,93,93066,2,3,2,3,Boulevard De La Liberation / Allee Daniel Fery,48.9263327,2.3419239
202300043841,21,2,2023,2025-12-05 18:05:00,2,75,75119,2,5,1,3,Rue Riquet,48.889232,2.371474
202300043842,21,2,2023,2025-12-05 20:50:00,5,75,75118,2,1,1,5,Rue De La Chapelle,48.897425,2.35942
202300043843,20,2,2023,2025-12-05 22:55:00,5,75,75117,2,2,1,6,Rue Nollet,48.887621,2.32018
202300043844,29,8,2023,2025-12-05 09:30:00,1,93,93001,2,2,1,3,Rue Des Ecoles / Rue Des Cites,48.90540768,2.38724853
202300043845,20,2,2023,2025-12-05 18:25:00,5,75,75114,2,2,1,6,Avenue Du General Leclerc,48.823274,2.325602
202300043846,31,8,2023,2025-12-05 18:05:00,1,92,92020,2,1,2,3,Liberte Boulevard De La Ndeg Impairs,48.80067,2.29377
202300043847,21,2,2023,2025-12-05 18:20:00,5,75,75104,2,7,1,6,Rue Saint Antoine,48.85325621,2.36857831
202300043848,17,2,2023,2025-12-05 08:00:00,1,94,94041,2,1,1,6,Rue Gagnee,48.80336396,2.38283318
202300043849,31,8,2023,2025-12-05 09:20:00,1,92,92036,2,1,1,6,Gresillons (Avenue Des) (141/215),48.91983318,2.31396759
202300043850,31,8,2023,2025-12-05 18:15:00,1,92,92024,2,1,2,7,Martre De (4 A 54),48.89965,2.30915
202300043851,21,2,2023,2025-12-05 22:10:00,5,94,94058,2,1,1,5,206 Avenue Pierre Brossolette,48.83437008,2.51247481
202300043852,30,8,2023,2025-12-05 19:00:00,1,92,92024,2,1,1,3,Clichy (Quai De) De (8 A 60),48.90703454,2.29694903
202300043853,21,2,2023,2025-12-05 16:10:00,1,94,94041,2,1,1,3,Rue Jean-Baptiste Renoult,48.80325673,2.39453566
202300043854,30,8,2023,2025-12-05 13:30:00,1,92,92004,2,1,1,2,Argenteuil Av D',48.91641,2.2823
202300043855,21,2,2023,2025-12-05 17:22:00,1,94,94002,2,3,1,6,Rue De Macon / Rue De Grenoble,48.78609,2.43084
202300043856,26,8,2023,2025-12-05 18:45:00,1,51,51649,2,1,1,6,28 Faubourg De Vitry-Le-Brule,48.728915,4.590752
202300043857,3,4,2023,2025-12-05 05:10:00,2,57,57443,1,9,1,7,Autoroute A4 Sens Paris-Metz Pr 311.000,49.205626,6.120265
202300043858,21,2,2023,2025-12-05 16:50:00,1,95,95527,1,1,7,2,Aeroport Charles De Gaulle,49.01041,2.54173
202300043859,15,8,2023,2025-12-05 19:30:00,1,22,22361,1,1,1,7,Rd6,48.59084923,-2.94275343
202300043860,6,4,2023,2025-12-05 21:55:00,3,65,65359,1,1,1,6,D21,43.240607,0.261269
202300043861,21,2,2023,2025-12-05 08:00:00,1,93,93066,2,2,1,3,Rue Robert Desnos / Rue Henri Barbusse,48.94054201,2.37188548
202300043862,1,9,2023,2025-12-05 01:00:00,3,81,81139,1,1,1,6,Impasse De La Garriguie,43.67841496,2.11642385
202300043863,7,4,2023,2025-12-05 07:40:00,1,50,50553,1,1,5,6,A84,48.573193,-1.330644
202300043864,20,2,2023,2025-12-05 22:40:00,5,93,93066,2,3,1,3,Avenue Du President Wilson / Rue Jules Saulnier,48.925964,2.356597
202300043865,1,9,2023,2025-12-05 10:50:00,1,71,71105,1,1,1,2,A6,46.29389309,4.79120381
202300043866,1,9,2023,2025-12-05 10:50:00,1,51,51217,1,1,1,3,D18,49.072432,3.64892
202300043867,21,2,2023,2025-12-05 21:45:00,5,93,93055,2,1,1,7,Rue Delizy,48.89486,2.40972
202300043868,7,4,2023,2025-12-05 13:00:00,1,40,40227,1,1,1,1,D834 Pk 10+ 300,44.335375,-0.776532
202300043869,31,8,2023,2025-12-05 14:15:00,1,83,83004,1,3,1,3,Route Departementale Dn7,43.457989,6.519538
202300043870,20,2,2023,2025-12-05 22:55:00,3,93,93047,2,1,1,6,Avenue Emile Cossonneau,48.895092,2.550273
202300043871,7,4,2023,2025-12-05 05:30:00,3,24,24139,1,1,1,6,"Autoroute A89, Pk 108.600",45.13572671,0.61287403
202300043872,1,9,2023,2025-12-05 02:45:00,3,971,97109,1,1,1,6,Route De Dole - Bassin Des Amours,15.992045,-61.672161
202300043873,21,2,2023,2025-12-05 08:30:00,2,92,92073,2,3,7,3,Sellier (Boulevard Henri),48.86765897,2.22596079
202300043874,7,4,2023,2025-12-05 09:20:00,1,56,56090,1,1,1,7,Route De Keraudran,47.833238,-3.240087
202300043875,29,8,2023,2025-12-05 07:00:00,1,974,97413,2,3,1,3,Chemin Clement Fossy,-21.137396,55.292017
202300043876,22,2,2023,2025-12-05 19:20:00,5,92,92051,2,9,2,2,Saint Pierre  (Rue),48.882787,2.271191
202300043877,6,4,2023,2025-12-05 19:53:00,1,56,56034,2,6,1,6,Rue Saint Cornely,47.588121,-3.09027
202300043878,27,8,2023,2025-12-05 19:05:00,1,34,34095,1,1,1,6,D613,43.54088,3.764947
202300043879,21,2,2023,2025-12-05 18:00:00,2,92,92049,2,1,1,3,Dormoy Avenue Marx Ndeg102 A Fin,48.81017033,2.31426492
202300043880,1,9,2023,2025-12-05 15:20:00,1,56,56055,2,1,1,6,Rue Victor Hugo,47.659395,-3.188934
202300043881,7,4,2023,2025-12-05 07:15:00,1,79,79278,1,2,1,3,Adresse_Inconnue,46.597638,-0.115474
202300043882,21,2,2023,2025-12-05 09:10:00,1,92,92040,2,1,1,7,Gouverneur Gal Eboue Du 02 Au 64,48.82556024,2.26870224
202300043883,1,9,2023,2025-12-05 11:03:00,1,56,56186,2,1,1,3,11 Boulevard Du Parco,47.50008,-3.119962
202300043884,7,4,2023,2025-12-05 13:00:00,1,2B,2B207,1,9,1,2,Caragiuti,42.457823,9.500964
202300043885,20,2,2023,2025-12-05 19:45:00,5,92,92035,2,1,1,7,National ( Boulevard ),48.90712,2.23893
202300043886,30,8,2023,2025-12-05 12:30:00,1,56,56158,1,1,1,1,Lieu Dit Kerango,47.703618,-2.849303
202300043887,21,2,2023,2025-12-05 15:20:00,1,92,92012,2,1,1,3,Reine (Route De La) 1/37- 6/80,48.83928,2.24452
202300043888,4,4,2023,2025-12-05 20:10:00,2,65,65138,2,1,1,3,Route De Pierrefitte,42.899077,-0.109949
202300043889,1,9,2023,2025-12-05 10:20:00,1,74,74104,1,1,1,2,Rd1508,45.783555,6.225557
202300043890,20,2,2023,2025-12-05 07:15:00,2,60,60335,1,2,1,3,Carrefour Rd 930 / Rd 133,49.540023,1.869532
202300043891,7,4,2023,2025-12-05 13:30:00,1,33,33314,1,2,7,3,Rd 206,45.175571,-0.774611
202300043892,30,8,2023,2025-12-05 15:00:00,1,79,79003,1,1,1,2,Adresse_Inconnue,46.275555,-0.39127
202300043893,22,2,2023,2025-12-05 07:30:00,2,36,36034,2,1,8,6,2 Rue Jean Jaures,47.254401,1.65365
202300043894,6,4,2023,2025-12-05 21:45:00,3,11,11397,2,1,1,6,28 Route Des Corbieres,43.202594,2.430982
202300043895,31,8,2023,2025-12-05 18:10:00,1,2A,2A032,1,1,1,1,Magasin  Gifi Alivella,41.913791,8.823974
202300043896,21,2,2023,2025-12-05 13:30:00,1,974,97412,2,1,1,7,313 Rue Raphael Babet,-21.378983,55.620386
202300043897,1,9,2023,2025-12-05 17:25:00,1,2B,2B346,1,1,1,3,Arena,42.504985,9.470236
202300043898,7,4,2023,2025-12-05 08:45:00,1,71,71367,2,3,2,3,02 Route De Lons,46.645021,5.303146
202300043899,19,3,2023,2025-12-05 20:30:00,3,63,63341,1,1,1,2,Puvic,45.51366201,3.72736221
202300043900,21,2,2023,2025-12-05 17:50:00,1,22,22004,1,1,2,5,D767 Pr37+500,48.625988,-3.319931
202300043901,31,8,2023,2025-12-05 13:30:00,1,65,65002,2,1,1,4,7 Avenue Des Pyrenees,43.138397,-0.027731
202300043902,7,4,2023,2025-12-05 08:35:00,2,61,61187,1,1,1,6,D930 Pr15+120,48.664813,0.584577
202300043903,7,4,2023,2025-12-05 11:20:00,1,46,46066,1,1,1,1,D673,44.632496,1.219965
202300043904,3,4,2023,2025-12-05 20:45:00,2,44,44182,2,1,1,7,149 Boulevard De L'Ocean,47.162364,-2.170494
202300043905,31,8,2023,2025-12-05 16:50:00,1,55,55012,1,1,2,7,D907,48.85490516,5.65410197
202300043906,21,2,2023,2025-12-05 16:12:00,1,76,76257,1,1,1,6,"A28 Vers Rouen, Pk040.000",49.85716,1.55375
202300043907,6,4,2023,2025-12-05 18:20:00,1,29,29235,2,6,1,3,2 Route De Kerscao,48.405766,-4.409128
202300043908,20,2,2023,2025-12-05 15:35:00,1,974,97410,1,1,1,2,267 Route Nationale 2,-21.01153,55.699504
202300043909,1,9,2023,2025-12-05 02:00:00,3,12,12145,1,1,1,6,Route Departementale 809,44.0356682,3.14710021
202300043910,1,9,2023,2025-12-05 13:50:00,1,42,42329,2,1,7,6,Route Bleue,45.316029,4.526662
202300043911,21,2,2023,2025-12-05 06:45:00,2,41,41289,1,1,1,1,Rd 74,47.878203,1.558803
202300043912,7,4,2023,2025-12-05 12:48:00,1,31,31052,1,1,1,1,Route De Toulouse,43.381337,1.35298
202300043913,31,8,2023,2025-12-05 15:00:00,1,22,22158,1,1,1,1,Kerguedo,48.223204,-2.934766
202300043914,6,4,2023,2025-12-05 09:09:00,1,38,38150,2,3,7,1,Avenue Aristide Berges,45.204122,5.825533
202300043915,21,2,2023,2025-12-05 16:35:00,1,19,19269,1,1,1,7,Les Jardines,45.57166241,1.81924045
202300043916,27,8,2023,2025-12-05 02:45:00,3,22,22232,1,3,1,6,Route De Saint-Quay-Portrieux,48.645011,-2.850544