num_acc,jour,mois,an,hrmn,lum,dep,com,agg,int,atm,col,adr,lat,long
202300043917,6,4,2023,2025-12-05 16:30:00,1,3,3135,1,9,1,6,Route Departemental 37,46.155877,3.011477
202300043918,22,2,2023,2025-12-05 14:15:00,1,80,80417,1,1,1,6,Cd 337,49.852871,2.654743
202300043919,1,9,2023,2025-12-05 03:45:00,3,25,25489,1,1,1,6,Rd442,47.014512,6.147162
202300043920,7,4,2023,2025-12-05 10:40:00,1,58,58142,1,1,1,6,D132,46.993544,3.73302
202300043921,1,9,2023,2025-12-05 14:55:00,1,34,34154,1,1,1,2,D62,43.549351,3.983724
202300043922,7,4,2023,2025-12-05 08:40:00,1,6,6112,2,1,1,1,D2085,43.673063,6.998034
202300043923,31,8,2023,2025-12-05 09:42:00,1,29,29209,1,1,2,6,Lieu Dit Kerven,48.54699102,-4.40776675
202300043924,22,2,2023,2025-12-05 07:50:00,2,61,61043,1,1,5,1,D955,48.348384,0.735622
202300043925,5,4,2023,2025-12-05 18:20:00,1,27,27108,2,2,1,1,D54,48.767283,0.810157
202300043926,1,9,2023,2025-12-05 11:05:00,1,2,2810,2,1,2,6,36 Rue Du 18 Juillet 1918,49.25448,3.095344
202300043927,1,9,2023,2025-12-05 16:35:00,1,84,84017,1,1,1,7,Route Du Mont-Ventoux,44.129589,5.288131
202300043928,22,2,2023,2025-12-05 09:45:00,1,44,44119,1,1,2,1,1 Rue De La Garnache,46.9562625,-1.7705261
202300043929,6,4,2023,2025-12-05 16:50:00,1,66,66172,2,1,1,6,Adresse_Inconnue,42.715547,2.842423
202300043930,22,2,2023,2025-12-05 15:30:00,1,29,29177,1,3,1,3,Moulin Du Pont Rheun,48.468248,-4.717292
202300043931,1,9,2023,2025-12-05 09:08:00,1,3,3226,1,1,1,3,D994,46.370833,3.860385
202300043932,5,4,2023,2025-12-05 18:05:00,1,6,6088,1,1,1,4,A8 Pk 185.300 - Bretelle De Sortie 50 - Chaussee Sud,43.668368,7.198234
202300043933,22,2,2023,2025-12-05 09:45:00,1,38,38257,1,1,1,7,D520,45.485428,5.398058
202300043934,1,9,2023,2025-12-05 06:00:00,2,1,1024,1,1,1,3,Route De Montrevel,46.299681,5.151899
202300043935,1,2,2023,2025-12-05 11:25:00,1,26,26338,1,6,1,3,D74,44.593432,4.820166
202300043936,1,9,2023,2025-12-05 05:15:00,3,70,70313,1,1,2,7,Rn 19,47.637736,6.616462
202300043937,7,4,2023,2025-12-05 10:30:00,1,27,27036,1,1,1,5,Rn 12 Pk 020.900,48.744596,0.978652
202300043938,21,2,2023,2025-12-05 07:59:00,1,54,54073,1,1,9,7,Rd 904,48.64184356,5.90526134
202300043939,1,9,2023,2025-12-05 18:25:00,2,70,70488,1,1,1,7,D434,47.840138,6.078303
202300043940,21,2,2023,2025-12-05 22:10:00,3,72,72180,2,1,1,6,71 Residence Des Vignes,48.343999,0.376226
202300043941,7,4,2023,2025-12-05 15:15:00,1,13,13051,1,9,1,2,Autoroute A7 Sens Lyon/Marseille Pk 237+418,43.60935882,5.14754015
202300043942,22,2,2023,2025-12-05 19:30:00,3,5,5156,1,1,1,6,Rd340,44.54749152,6.49985075
202300043943,24,8,2023,2025-12-05 08:00:00,1,72,72386,1,1,1,6,Route De L'Ardoise,48.02395,0.25272
202300043944,7,4,2023,2025-12-05 11:30:00,1,13,13021,2,6,1,3,Place Jean Jaures,43.330645,5.151681
202300043945,1,9,2023,2025-12-05 08:30:00,1,50,50081,2,1,8,6,443 Le Grand Chemin,48.864141,-1.543697
202300043946,21,2,2023,2025-12-05 13:25:00,1,18,18135,1,2,1,1,Adresse_Inconnue,46.634962,2.218723
202300043947,21,2,2023,2025-12-05 16:50:00,1,16,16070,1,1,8,2,Route D Angouleme,45.874413,0.701441
202300043948,4,4,2023,2025-12-05 16:50:00,1,91,91044,2,1,1,2,54 Avenue De La Division Leclerc,48.663651,2.277394
202300043949,29,8,2023,2025-12-05 09:25:00,1,83,83012,2,3,1,3,Route De Draguignan,43.558075,6.012982
202300043950,22,2,2023,2025-12-05 06:00:00,3,53,53198,1,1,5,1,D119,48.325327,-0.190609
202300043951,3,4,2023,2025-12-05 11:00:00,1,83,83094,1,1,1,2,Route Departementale 44,43.3161,6.541806
202300043952,31,8,2023,2025-12-05 17:30:00,1,36,36220,1,1,1,6,Adresse_Inconnue,46.62067559,1.47023519
202300043953,22,2,2023,2025-12-05 07:40:00,1,85,85078,1,1,2,1,D25C,46.32507,-0.740276
202300043954,6,4,2023,2025-12-05 15:10:00,1,13,13074,1,1,1,6,Route Departentale 96,43.6446,5.557601
202300043955,21,2,2023,2025-12-05 04:45:00,4,27,27198,2,1,5,6,"Rd50, Morainville, Buis Sur Damville",48.832826,1.122681
202300043956,6,12,2023,2025-12-05 13:40:00,1,13,13047,2,1,1,1,Rouquier Chemin Du,43.51179,4.99038
202300043957,30,8,2023,2025-12-05 16:00:00,1,16,16044,1,2,1,5,Intersection D176/D56,46.028987,0.278255
202300043958,7,4,2023,2025-12-05 16:50:00,1,89,89085,1,1,1,6,Adresse_Inconnue,47.949883,3.50326
202300043959,20,2,2023,2025-12-05 23:13:00,4,88,88313,2,9,1,6,4 Rue Du Haut De Fosse,48.348713,6.429459
202300043960,6,12,2023,2025-12-05 17:20:00,5,10,10362,2,3,1,6,General Gallieni (Rue Du),48.29405,4.05725
202300043961,7,4,2023,2025-12-05 12:28:00,1,89,89257,2,6,1,6,Rue Pierre Larousse,47.969288,3.509967
202300043962,30,8,2023,2025-12-05 15:45:00,1,53,53002,1,1,1,7,Montgiroux,48.212804,-0.705275
202300043963,6,12,2023,2025-12-05 12:20:00,1,7,7102,2,1,1,6,Republique (Av. De La) [Du Ndeg Au Ndeg],44.93594,4.87544
202300043964,1,9,2023,2025-12-05 18:25:00,1,85,85084,1,1,1,2,Rd160,46.787682,-1.1881895
202300043965,6,4,2023,2025-12-05 18:50:00,1,71,71251,1,4,1,3,D681,46.919119,4.18872
202300043966,21,2,2023,2025-12-05 18:20:00,2,28,28199,1,1,1,6,A10,48.201741,1.849946
202300043967,6,12,2023,2025-12-05 20:25:00,5,6,6088,2,1,1,3,Voie Rapide,43.6934,7.24496
202300043968,31,8,2023,2025-12-05 11:30:00,1,85,85135,2,1,1,6,Rd 746,46.537564,-1.2289928
202300043969,6,4,2023,2025-12-05 21:30:00,3,69,69024,1,1,1,6,Montee De L'Azergues,45.94033566,4.55955567
202300043970,6,12,2023,2025-12-05 06:20:00,5,6,6029,2,5,1,1,Grasse (Avenue De),43.55412,7.01686
202300043971,31,8,2023,2025-12-05 17:48:00,1,28,28032,1,1,1,5,N154,48.308721,1.686181
202300043972,21,2,2023,2025-12-05 15:43:00,1,21,21515,2,1,1,6,Rue De L'Eglise,47.312268,5.114881
202300043973,28,3,2023,2025-12-05 08:55:00,1,32,32091,1,1,1,3,Bordeneuve De Plaisance,43.697328,0.518036
202300043974,7,12,2023,2025-12-05 19:55:00,4,6,6027,2,1,1,1,Val En Sol Avenue De,43.66096,7.16918
202300043975,1,9,2023,2025-12-05 09:00:00,1,28,28414,2,1,1,6,Grande Rue,48.392143,1.209703
202300043976,21,2,2023,2025-12-05 12:36:00,1,77,77505,1,1,1,7,D33 A1,48.920215,2.98871
202300043977,6,4,2023,2025-12-05 20:51:00,3,9,9282,2,1,1,2,Route D'Espagne,43.231634,1.589928
202300043978,1,9,2023,2025-12-05 00:50:00,3,17,17465,2,1,1,7,11 Route De L'Ocean,45.972126,-0.564681
202300043979,7,12,2023,2025-12-05 09:20:00,1,6,6123,2,1,1,3,Leclerc General Avenue,43.67285,7.19043
202300043980,22,2,2023,2025-12-05 08:40:00,1,34,34341,1,1,1,5,D5E8,43.475288,3.586906
202300043981,6,12,2023,2025-12-05 17:30:00,5,6,6004,1,9,1,1,Nice(Rn.7) Av.Et Rte De,43.611333,7.126118
202300043982,24,8,2023,2025-12-05 20:50:00,3,17,17443,1,2,2,3,D110,46.084587,-1.007202
202300043983,7,12,2023,2025-12-05 11:45:00,1,4,4112,2,1,1,6,Volx (Av.De),43.83834,5.80652
202300043984,7,4,2023,2025-12-05 09:30:00,1,33,33240,2,3,1,4,Rue Pierre Curie,45.307685,-0.942078
202300043985,10,2,2023,2025-12-05 15:15:00,1,34,34344,2,9,1,3,7 Rue Des Artisans,43.561241,4.076974
202300043986,7,12,2023,2025-12-05 19:51:00,3,3,3321,2,1,2,2,Rue Des Planchards,46.55804,3.36859
202300043987,6,4,2023,2025-12-05 17:10:00,1,33,33085,2,1,1,6,Chemin De Fontbonne,44.772894,-0.487336
202300043988,27,8,2023,2025-12-05 05:00:00,5,48,48034,2,6,2,5,Avenue Du Lot,44.433462,3.213651
202300043989,17,2,2023,2025-12-05 10:10:00,1,26,26124,1,1,1,4,A7 - Pk 081.000,44.836274,4.862738
202300043990,7,12,2023,2025-12-05 13:00:00,1,3,3101,1,1,1,2,Adresse_Inconnue,46.38751,2.5507
202300043991,1,9,2023,2025-12-05 09:00:00,1,13,13091,1,2,1,3,D7N,43.632705,5.284123
202300043992,7,4,2023,2025-12-05 11:05:00,1,33,33284,1,3,1,4,Chemin De L'Estauleyre,44.626763,-0.902596
202300043993,6,12,2023,2025-12-05 08:05:00,2,2,2722,2,9,8,6,Gle Et De La Division Leclerc (Av. Du ),49.37603,3.32923
202300043994,21,2,2023,2025-12-05 18:20:00,2,33,33061,1,3,1,3,D936,44.826656,-0.421536
202300043995,1,9,2023,2025-12-05 03:30:00,3,18,18214,1,1,2,7,Adresse_Inconnue,47.199248,2.029939
202300043996,6,12,2023,2025-12-05 20:00:00,5,2,2340,2,1,1,3,32 Rue Georges Herbin,49.8279,3.28761
202300043997,4,4,2023,2025-12-05 14:19:00,1,44,44026,1,3,1,3,1 Route De La Charmeliere,47.301046,-1.47524
202300043998,20,2,2023,2025-12-05 23:09:00,3,13,13210,1,1,1,2,A50-Sens Marseille Vers Aubagne,43.28452625,5.41498131
202300043999,31,8,2023,2025-12-05 18:30:00,1,13,13118,1,3,1,3,D10,43.545184,5.256795
202300044000,7,4,2023,2025-12-05 17:52:00,1,60,60628,1,1,1,2,N31,49.423927,2.146025
202300044001,7,12,2023,2025-12-05 14:20:00,1,75,75118,2,1,2,3,Porte De La Chapelle,48.900695,2.365705
202300044002,19,2,2023,2025-12-05 16:45:00,1,33,33281,1,1,1,4,Rocade A 630,44.83504,-0.67676
202300044003,7,12,2023,2025-12-05 14:05:00,1,75,75112,2,1,1,2,Porte De Charenton,48.830807,2.403154
202300044004,24,6,2023,2025-12-05 18:00:00,1,51,51454,1,1,1,2,A344,49.242952,4.030915
202300044005,6,4,2023,2025-12-05 17:10:00,1,13,13215,1,1,1,7,A507 Sens Marseille - Aubagne,43.34216476,5.37623952
202300044006,21,2,2023,2025-12-05 08:45:00,1,91,91687,1,1,1,3,Autoroute A6,48.66532,2.36363
202300044007,27,8,2023,2025-12-05 22:35:00,5,31,31254,1,6,1,6,D916,43.544497,1.503561
202300044008,6,12,2023,2025-12-05 16:00:00,2,75,75119,2,1,1,2,Porte De Pantin,48.897213,2.394354
202300044009,20,2,2023,2025-12-05 21:35:00,3,91,91174,1,9,1,7,Rn 104,48.624289,2.469274
202300044010,31,8,2023,2025-12-05 14:45:00,1,34,34172,1,1,1,2,Autoroute A709 Pk 011+400 Sens Beziers Nimes,43.601403,3.921561
202300044011,6,4,2023,2025-12-05 08:40:00,1,13,13081,1,1,1,4,A7-Sens Lyon Vers Marseille,43.48986,5.2402
202300044012,20,2,2023,2025-12-05 10:15:00,1,91,91161,1,1,1,4,Autoroute A6,48.6986,2.3134
202300044013,1,9,2023,2025-12-05 14:05:00,1,55,55237,1,1,1,2,Autoroute A4 Pk 265+200,49.113785,5.555563
202300044014,21,2,2023,2025-12-05 17:45:00,1,78,78423,1,1,1,6,N12W,48.796,2.038255
202300044015,6,12,2023,2025-12-05 08:15:00,1,75,75112,2,1,1,4,Porte De Charenton,48.830171,2.402188
202300044016,6,4,2023,2025-12-05 07:40:00,2,33,33003,1,1,1,4,Autoroute A 10,44.92973662,-0.46968699
202300044017,21,2,2023,2025-12-05 11:45:00,1,93,93006,1,1,1,3,Autoroute A3,48.86630746,2.41412759
202300044018,7,12,2023,2025-12-05 13:50:00,1,75,75117,2,1,8,3,Boulevard Peripherique,48.880992,2.282333
202300044019,6,4,2023,2025-12-05 18:00:00,1,91,91689,1,1,1,2,Autoroute A6B,48.74582,2.32569
202300044020,1,9,2023,2025-12-05 12:50:00,1,45,45020,1,1,1,2,A10 Pr 115 + 450,47.830818,1.661725
202300044021,6,12,2023,2025-12-05 20:10:00,5,75,75102,2,2,8,6,Rue Montmartre,48.868175,2.343591
202300044022,21,2,2023,2025-12-05 10:00:00,1,93,93066,1,1,1,5,Autoroute A86,48.92190936,2.36424249
202300044023,1,9,2023,2025-12-05 13:00:00,1,33,33229,1,1,1,3,D106,44.782888,-0.934707
202300044024,6,4,2023,2025-12-05 12:45:00,1,91,91228,1,1,2,2,Autoroute A6,48.62327,2.42054
202300044025,6,12,2023,2025-12-05 12:40:00,1,75,75114,2,1,1,3,Boulevard Peripherique Interieur Sud,48.817844,2.334024
202300044026,20,2,2023,2025-12-05 09:00:00,1,95,95582,1,1,1,2,A15,48.97195611,2.24798144
202300044027,31,8,2023,2025-12-05 16:35:00,1,971,97117,1,1,1,6,N5 - Section Lacroix,16.331259,-61.392438
202300044028,6,4,2023,2025-12-05 12:50:00,1,91,91692,1,1,1,3,Rn 118,48.66939,2.19447
202300044029,7,12,2023,2025-12-05 18:13:00,5,75,75105,2,2,2,6,Rue Des Ecoles,48.848619,2.348531
202300044030,20,2,2023,2025-12-05 11:00:00,1,28,28229,2,1,1,6,Philippe (Avenue Gerard),48.45003,1.45208
202300044031,31,8,2023,2025-12-05 19:16:00,5,971,97129,2,3,1,3,Belle Riviere,16.274428,-61.672509
202300044032,6,4,2023,2025-12-05 08:30:00,1,94,94003,1,1,2,7,A6B,48.8019795,2.34359623
202300044033,7,12,2023,2025-12-05 02:38:00,5,75,75117,2,2,1,3,Avenue De La Porte D Asnieres,48.892266,2.30102
202300044034,6,4,2023,2025-12-05 17:00:00,1,78,78297,1,1,1,3,Rn12,48.78982,2.0592
202300044035,7,12,2023,2025-12-05 22:00:00,3,75,75115,2,1,3,6,Boulevard Lefebvre,48.828006,2.303963
202300044036,21,2,2023,2025-12-05 07:20:00,1,988,98818,2,3,1,6,Rue Colnett/Rue Pierre Sauvan,-22.29577,166.44991
202300044037,30,8,2023,2025-12-05 14:50:00,1,44,44020,2,2,2,2,Rue Ginsheim Gustavburg,47.176179,-1.604197
202300044038,31,8,2023,2025-12-05 18:43:00,1,2B,2B162,2,1,1,6,D47,42.476726,9.160945
202300044039,6,4,2023,2025-12-05 17:50:00,1,78,78455,1,1,1,4,A13,48.855585,2.057822
202300044040,20,2,2023,2025-12-05 14:15:00,1,974,97411,2,3,1,3,Hubert Delisle (Avenue),-20.89135,55.44999
202300044041,6,12,2023,2025-12-05 23:50:00,5,75,75114,2,1,1,5,Avenue Du General Leclerc,48.829854,2.328636
202300044042,6,4,2023,2025-12-05 07:20:00,2,92,92023,1,1,1,7,Rn385,48.77659,2.23342
202300044043,29,7,2023,2025-12-05 11:45:00,1,66,66190,1,1,1,1,Adresse_Inconnue,42.86625066,2.98213363
202300044044,20,2,2023,2025-12-05 18:26:00,1,973,97302,2,3,3,3,Zephir (Rocade),4.93651552,-52.30736196
202300044045,7,12,2023,2025-12-05 19:45:00,5,75,75113,2,2,2,6,Avenue D Ivry,48.821614,2.369141
202300044046,5,4,2023,2025-12-05 18:00:00,1,95,95061,1,1,1,7,Rn 104,49.06799174,2.25449202
202300044047,31,8,2023,2025-12-05 18:50:00,1,83,83104,1,1,1,7,Route De Saint Paul Lez Durance,43.626683,5.765703
202300044048,7,12,2023,2025-12-05 20:30:00,5,75,75112,2,1,2,6,Rue Du Faubourg Saint Antoine,48.852708,2.37125
202300044049,5,4,2023,2025-12-05 08:35:00,1,95,95018,1,1,1,2,D170,48.96084236,2.25965323
202300044050,20,2,2023,2025-12-05 10:50:00,1,973,97302,2,2,3,3,Heder (Place),4.94244,-52.32794
202300044051,7,12,2023,2025-12-05 08:20:00,1,75,75112,2,1,1,2,Avenue De Saint Maurice,48.82922,2.419941
202300044052,30,8,2023,2025-12-05 15:12:00,1,13,13062,1,1,1,2,D8,43.421243,5.495578
202300044053,20,2,2023,2025-12-05 17:20:00,1,69,69388,2,1,1,2,30 Rue Saint Romain,45.74109,4.86471
202300044054,7,12,2023,2025-12-05 21:45:00,5,75,75111,2,1,3,6,Rue De Charonne,48.854284,2.383503
202300044055,6,4,2023,2025-12-05 09:40:00,1,93,93051,1,1,2,5,A4,48.83618999,2.54068673
202300044056,1,9,2023,2025-12-05 14:48:00,1,68,68334,2,1,1,6,Bd Auguste Scheurer Kestner,47.810258,7.100741
202300044057,7,12,2023,2025-12-05 16:37:00,2,75,75110,2,2,1,6,Boulevard De Magenta,48.873768,2.358324
202300044058,20,2,2023,2025-12-05 04:45:00,5,69,69383,2,2,1,6,Rue Duguesclin,45.75483,4.84998
202300044059,31,8,2023,2025-12-05 21:00:00,5,68,68348,2,1,1,1,17 Route De Mulhouse,47.80411,7.122429
202300044060,20,2,2023,2025-12-05 15:30:00,1,972,97209,1,1,1,7,Beausejour Jambette (Route),14.63778,-61.04029
202300044061,31,8,2023,2025-12-05 16:00:00,1,67,67156,1,1,8,7,D140,48.744037,7.760897
202300044062,4,4,2023,2025-12-05 18:10:00,1,67,67482,2,1,1,6,Pierre Corneille (Avenue),48.59249,7.69759
202300044063,7,12,2023,2025-12-05 15:55:00,2,75,75108,2,3,1,3,Avenue Des Champs Elysees,48.87099,2.30341
202300044064,4,4,2023,2025-12-05 14:50:00,1,67,67482,2,8,2,6,Winston Churchill (Pont),48.57458,7.76701
202300044065,19,2,2023,2025-12-05 21:50:00,3,972,97209,2,4,1,2,Rd 41 (Rocade),14.61674,-61.07207
202300044066,30,8,2023,2025-12-05 23:30:00,3,67,67473,1,1,1,7,D422,48.58213884,7.47485518
202300044067,7,12,2023,2025-12-05 08:45:00,1,75,75108,2,2,1,3,Boulevard De Courcelles,48.878663,2.300852
202300044068,5,4,2023,2025-12-05 04:40:00,5,974,97416,2,1,1,1,Archambaud (Rue),-21.32965,55.48042
202300044069,1,9,2023,2025-12-05 11:58:00,1,3,3189,1,1,1,1,D159,46.30811,2.81051
202300044070,20,2,2023,2025-12-05 20:10:00,5,69,69149,2,3,1,3,Rue Francisque Jomard,45.7152,4.80024
202300044071,6,12,2023,2025-12-05 15:46:00,1,75,75108,2,2,1,2,Place Charles De Gaulle,48.874105,2.295763
202300044072,20,2,2023,2025-12-05 18:07:00,5,69,69149,2,1,1,6,171 Grande Rue,45.71238,4.80338
202300044073,1,9,2023,2025-12-05 13:00:00,1,42,42094,2,1,1,6,Grande Rue De Randan,45.742378,4.218825
202300044074,6,12,2023,2025-12-05 08:20:00,1,75,75108,2,2,1,3,Boulevard De Courcelles,48.87857,2.30085
202300044075,5,4,2023,2025-12-05 13:10:00,1,973,97302,2,3,8,3,Zephir (Rocade),4.94174476,-52.30418873
202300044076,31,8,2023,2025-12-05 13:44:00,1,7,7259,1,3,1,3,Route De Saint-Martin,44.30386,4.603781
202300044077,7,12,2023,2025-12-05 10:00:00,1,75,75102,2,4,1,6,Rue Du Louvre,48.865855,2.343382
202300044078,20,2,2023,2025-12-05 15:50:00,1,69,69384,2,1,1,4,14 Cours D'Herbouville,45.77511,4.8394
202300044079,7,12,2023,2025-12-05 16:04:00,5,94,94078,2,1,1,3,Impasse Saint Georges,48.72469,2.44443
202300044080,5,4,2023,2025-12-05 08:20:00,1,973,97302,2,2,1,6,Monnerville (Avenue Gaston),4.93632152,-52.33470619
202300044081,1,9,2023,2025-12-05 16:05:00,1,69,69131,1,1,1,1,Route Des Monts Du Lyonnais,45.690604,4.678207
202300044082,20,2,2023,2025-12-05 13:10:00,1,69,69149,2,2,1,3,Grande Rue,45.72105665,4.81118631
202300044083,6,12,2023,2025-12-05 08:17:00,1,94,94068,2,2,1,3,Boulevard De Champigny,48.8071,2.50901
202300044084,5,4,2023,2025-12-05 15:35:00,1,972,97213,1,1,1,3,Autoroute A1,14.61836,-61.02514
202300044085,20,2,2023,2025-12-05 08:00:00,1,2A,2A004,2,9,1,2,Georges Pompidou Avenue,41.92981,8.75748
202300044086,5,4,2023,2025-12-05 09:50:00,1,69,69149,2,1,1,7,22 Grande Rue,45.71953,4.81049
202300044087,1,9,2023,2025-12-05 17:46:00,1,49,49301,1,1,9,6,Les Quatre Etalons,47.098547,-1.021922
202300044088,7,12,2023,2025-12-05 10:30:00,1,94,94003,2,9,1,3,Avenue Gabriel Peri,48.7995,2.34397
202300044089,20,2,2023,2025-12-05 13:55:00,1,91,91692,2,4,1,3,Canada (Avenue Du),48.6847,2.19118
202300044090,5,4,2023,2025-12-05 15:00:00,1,2B,2B037,1,1,1,2,Toutes Rues,42.6284,9.43754
202300044091,1,9,2023,2025-12-05 13:40:00,1,50,50594,1,1,1,1,Route Du Saussey,49.609709,-1.716442
202300044092,7,12,2023,2025-12-05 08:15:00,1,94,94075,1,1,1,3,Route De La Grange,48.73267,2.51284
202300044093,4,4,2023,2025-12-05 10:30:00,1,971,97120,1,1,1,6,Jean Jaures,16.23886321,-61.5370658
202300044094,20,2,2023,2025-12-05 13:54:00,1,87,87085,2,2,1,3,Naugeat (Avenue De,45.82231,1.23977
202300044095,1,9,2023,2025-12-05 00:05:00,3,22,22277,1,1,2,1,Le Merutel,48.375808,-2.839692
202300044096,7,12,2023,2025-12-05 16:50:00,2,93,93066,2,2,2,3,Avenue Du Stade De France / Rue De La Cokerie,48.9212,2.36163
202300044097,20,2,2023,2025-12-05 13:54:00,1,87,87085,2,1,1,7,Fustel De Coulanges (Rue),45.83313,1.23156
202300044098,5,4,2023,2025-12-05 16:11:00,1,2A,2A004,2,3,1,3,Bonaparte Charles  Bd,41.93155,8.74027
202300044099,7,12,2023,2025-12-05 18:50:00,5,93,93055,2,5,2,2,Rue Mehul / Rue Gambetta,48.889155,2.410226
202300044100,19,2,2023,2025-12-05 20:40:00,3,87,87085,1,1,1,6,Autoroute A20,45.87306,1.28777
202300044101,5,4,2023,2025-12-05 07:50:00,1,2A,2A004,2,3,1,3,Bonaparte Lucien  Cours,41.91202,8.72275
202300044102,28,8,2023,2025-12-05 19:00:00,1,59,59377,2,1,1,1,3 Rue Jean Jaures,50.120791,3.173558
202300044103,7,12,2023,2025-12-05 19:50:00,5,93,93047,2,3,2,3,Avenue Jean Jaures / Avenue Des Violettes,48.89876,2.54739
202300044104,19,2,2023,2025-12-05 16:42:00,1,87,87085,2,1,1,4,Matisse (Rue Henri),45.85158,1.27132
202300044105,31,8,2023,2025-12-05 19:15:00,1,13,13214,1,1,1,2,A507 Sens Marseille - Aubagne,43.3297,5.393
202300044106,7,12,2023,2025-12-05 08:26:00,1,93,93029,2,3,1,3,Avenue Henri Barbusse / Rue Gabriel Puech,48.918639,2.448754
202300044107,19,2,2023,2025-12-05 13:47:00,1,87,87075,1,3,1,3,D20,45.80891,1.16348
202300044108,16,8,2023,2025-12-05 12:00:00,1,13,13071,1,1,1,3,A5501Dsens Lyon Vers A55-Mlle Vieux Port,43.4052,5.2944
202300044109,7,12,2023,2025-12-05 20:25:00,5,93,93014,2,2,2,6,Carrefour Des Libertes / Boulevard Gagarine,48.904647,2.548517
202300044110,20,2,2023,2025-12-05 05:00:00,3,84,84035,2,1,1,1,Marseille-Rd938 (Route De),43.82767,5.0327
202300044111,5,4,2023,2025-12-05 16:40:00,1,91,91570,2,9,1,6,Boieldieu (Rue),48.63091,2.31756
202300044112,30,8,2023,2025-12-05 18:23:00,1,13,13005,1,1,1,2,A50-Sens Marseille Vers Aubagne,43.2868,5.53841
202300044113,20,2,2023,2025-12-05 20:30:00,5,83,83137,2,1,1,1,Favieres (Chemin Des),43.15127444,5.96905893
202300044114,5,4,2023,2025-12-05 10:05:00,1,91,91286,2,1,1,3,Nationale 7 (Route),48.666636,2.396362
202300044115,7,12,2023,2025-12-05 20:15:00,5,93,93007,2,4,2,3,Rue Alexandre Dumas / Avenue Pasteur,48.93779,2.47389
202300044116,30,8,2023,2025-12-05 13:35:00,1,13,13056,1,1,1,2,A55-Sens Martigues Vers Marseille,43.40527,5.0398
202300044117,19,2,2023,2025-12-05 19:43:00,5,78,78440,2,1,1,2,Seine (Rue De),48.9975,1.90986
202300044118,5,4,2023,2025-12-05 10:25:00,1,91,91433,1,1,7,6,Rochettes (Rue Des),48.45168,2.17169
202300044119,30,8,2023,2025-12-05 10:15:00,1,83,83144,1,1,1,2,A57,43.14109384,6.00284963
202300044120,6,12,2023,2025-12-05 20:00:00,5,92,92078,2,9,1,3,Marechal Leclerc (Avenue) (Pairs),48.93487788,2.3249875
202300044121,31,8,2023,2025-12-05 07:25:00,1,33,33122,1,1,1,6,Autoroute A 63,44.73161848,-0.72440565
202300044122,5,4,2023,2025-12-05 09:47:00,1,87,87050,2,1,1,6,Limoges (Avenue De),45.86373,1.23801
202300044123,7,12,2023,2025-12-05 09:00:00,1,92,92073,2,1,1,3,Gaulle (Avenue General Charles De),48.87064153,2.22461119
202300044124,31,8,2023,2025-12-05 17:10:00,1,94,94076,1,1,2,2,A6B,48.79178332,2.34476096
202300044125,5,4,2023,2025-12-05 21:05:00,5,83,83069,2,2,1,3,Perron (Avenue Jean Jacques),43.11942,6.12629
202300044126,6,12,2023,2025-12-05 20:50:00,5,92,92072,2,3,1,3,Bruyeres (Rue Des),48.82121261,2.21866742
202300044127,10,2,2023,2025-12-05 09:00:00,1,76,76351,1,1,1,6,Sports,49.51746,0.13001
202300044128,5,12,2023,2025-12-05 20:30:00,5,92,92072,2,1,2,7,Balzac (Rue Honore De),48.82831,2.2017
202300044129,31,8,2023,2025-12-05 08:47:00,1,91,91228,1,1,8,4,Autoroute A6,48.62789,2.41332
202300044130,3,3,2023,2025-12-05 17:15:00,1,78,78158,2,6,1,6,Charles De Gaulle (Avenue),48.828646,2.124864
202300044131,31,8,2023,2025-12-05 07:01:00,2,91,91434,1,1,1,2,Autoroute A6,48.66832,2.35421
202300044132,5,4,2023,2025-12-05 20:15:00,2,78,78372,2,1,1,6,Fontenelle (Rue),48.872149,2.096492
202300044133,7,12,2023,2025-12-05 19:45:00,5,92,92050,1,3,2,4,Rd 914,48.90684325,2.2120399
202300044134,20,2,2023,2025-12-05 19:25:00,5,73,73008,2,6,1,6,Lepic Boulevard,45.68606,5.906
202300044135,7,12,2023,2025-12-05 17:45:00,2,92,92050,2,9,8,6,18 Octobre 1961 Rue,48.89853,2.21519
202300044136,30,8,2023,2025-12-05 19:45:00,1,91,91471,1,9,1,2,Rn 118,48.69473,2.19458
202300044137,3,4,2023,2025-12-05 19:10:00,1,78,78418,2,3,1,3,Robert Laforge (Boulevard),48.93223,2.1397
202300044138,19,2,2023,2025-12-05 18:15:00,2,71,71306,2,2,1,3,Alouettes (Avenue Des),46.68781,4.35808
202300044139,6,12,2023,2025-12-05 20:00:00,5,92,92050,2,9,1,3,Lenine Vladimir Ilitch Avenue,48.88795556,2.18953997
202300044140,30,8,2023,2025-12-05 14:45:00,1,93,93027,1,1,1,2,Autoroute A86,48.92458528,2.38937632
202300044141,5,4,2023,2025-12-05 21:00:00,5,78,78624,1,1,1,1,L'Hautil Rue Cd2,48.99157,2.00796
202300044142,31,8,2023,2025-12-05 18:15:00,1,94,94018,1,1,8,6,A4,48.81739194,2.41475247
202300044143,5,12,2023,2025-12-05 12:10:00,1,92,92024,2,1,2,7,Clichy (Quai De) De (104 A 202),48.90679477,2.29649931
202300044144,20,2,2023,2025-12-05 17:40:00,1,69,69271,2,3,1,3,Avenue Du Progres,45.73015,4.96375