num_acc,jour,mois,an,hrmn,lum,dep,com,agg,int,atm,col,adr,lat,long
202300044145,7,12,2023,2025-12-05 20:15:00,5,92,92012,2,1,3,6,Georges Gorse (Quai),48.82361946,2.23848827
202300044146,31,8,2023,2025-12-05 08:30:00,1,77,77363,1,1,1,2,A104,48.92869685,2.62840045
202300044147,17,2,2023,2025-12-05 20:00:00,5,67,67482,2,1,1,3,Doubs (Rue Du),48.56168,7.73434
202300044148,8,12,2023,2025-12-05 18:30:00,5,24,24294,2,1,1,2,Avenue De L'Europe,45.006208,0.162284
202300044149,24,7,2023,2025-12-05 22:36:00,4,59,59350,2,3,1,6,Courbet Gustave  Rue,50.60862,3.04016
202300044150,5,4,2023,2025-12-05 20:00:00,1,77,77070,1,1,1,7,D209,48.787,3.124
202300044151,7,12,2023,2025-12-05 19:30:00,5,95,95480,2,1,3,6,Raymond Poincare (Rue),49.120176,2.210485
202300044152,18,2,2023,2025-12-05 16:43:00,1,66,66136,2,3,1,6,Adresse_Inconnue,42.69647794,2.87797272
202300044153,7,12,2023,2025-12-05 22:30:00,3,31,31074,1,1,3,6,D20,43.682305,1.609948
202300044154,12,4,2023,2025-12-05 15:00:00,1,73,73154,1,1,2,1,Rd104,45.680392,6.339369
202300044155,4,4,2023,2025-12-05 13:50:00,1,76,76351,2,2,1,1,Francois 1Er (Bd),49.49191,0.09917
202300044156,17,2,2023,2025-12-05 18:08:00,2,66,66136,1,1,1,3,Rn 116,42.69428,2.84879
202300044157,8,12,2023,2025-12-05 10:30:00,1,71,71497,1,1,2,6,Autoroute A6 Sens Lyon-Paris Pk 384+350,46.339691,4.821888
202300044158,4,4,2023,2025-12-05 15:00:00,1,73,73031,2,3,1,3,Bassens (Avenue De),45.57363,5.93655
202300044159,20,2,2023,2025-12-05 22:05:00,5,64,64445,1,1,1,1,Olof Palme,43.33697,-0.36669
202300044160,26,6,2023,2025-12-05 10:20:00,1,64,64348,2,6,1,3,Europe De L',43.33573,-0.38505
202300044161,8,12,2023,2025-12-05 08:30:00,1,974,97404,2,1,2,3,213 Avenue Raymond Barre,-21.259236,55.355693
202300044162,5,4,2023,2025-12-05 19:30:00,1,69,69259,2,1,1,2,Avenue Pierre Semard,45.71183,4.8749
202300044163,20,2,2023,2025-12-05 03:00:00,3,64,64122,2,1,1,7,Bordolo (Rue),43.47882,-1.55317
202300044164,8,12,2023,2025-12-05 10:44:00,1,63,63035,1,2,2,3,D2144 / D403,45.956964,3.106843
202300044165,23,2,2023,2025-12-05 14:20:00,1,39,39362,2,4,1,3,6 Place Des Salines,46.673239,5.537312
202300044166,20,2,2023,2025-12-05 09:00:00,1,63,63113,2,1,1,7,Poincare (Cours Raymond),45.77178,3.09003
202300044167,8,12,2023,2025-12-05 06:28:00,5,86,86226,1,1,2,5,D951,46.559803,0.451724
202300044168,26,5,2023,2025-12-05 01:45:00,5,1,1053,2,2,1,3,Levrier (Bd Andre) Pair,46.209634,5.229921
202300044169,4,4,2023,2025-12-05 19:35:00,2,67,67267,2,6,1,3,Marechal Foch (Rue Du),48.56045,7.69285
202300044170,18,2,2023,2025-12-05 23:05:00,5,63,63113,2,9,1,3,Av Michelin / Parking Intermarche,45.78004367,3.11544478
202300044171,30,11,2023,2025-12-05 23:00:00,3,84,84029,1,1,2,7,Chemin Des Mulets,44.154815,4.884115
202300044172,17,1,2023,2025-12-05 17:58:00,5,93,93053,2,3,1,3,Avenue De Rosny / Rue Jean Mermoz,48.893232,2.470766
202300044173,4,4,2023,2025-12-05 11:45:00,1,67,67482,2,3,1,6,Foret Noire (Avenue De La),48.58289,7.77227
202300044174,6,12,2023,2025-12-05 14:40:00,1,85,85109,2,6,7,6,Rd160,46.866641,-1.02679
202300044175,2,2,2023,2025-12-05 00:45:00,5,62,62525,2,3,1,6,Route De Blendecques,50.739329,2.262978
202300044176,7,12,2023,2025-12-05 08:00:00,1,63,63178,1,1,1,2,A75 Pk31+200,45.54925,3.269269
202300044177,20,2,2023,2025-12-05 20:30:00,5,59,59599,2,8,1,6,Chanzy (Rue),50.71936,3.15819
202300044178,30,8,2023,2025-12-05 17:15:00,1,973,97302,1,1,1,3,Route Nationale 1,4.90294,-52.3244
202300044179,2,4,2023,2025-12-05 16:45:00,1,59,59560,2,3,1,3,Epinette Rue De L,50.55608,3.05875
202300044180,8,12,2023,2025-12-05 07:45:00,2,30,30217,2,1,2,6,2 Route D'Orange,43.975119,4.692396
202300044181,5,4,2023,2025-12-05 22:25:00,5,56,56260,2,1,2,3,53 Boulevard De La Paix,47.66075,-2.75398
202300044182,20,2,2023,2025-12-05 14:35:00,1,51,51172,2,6,1,3,Route De Taissy,49.22053,4.06423
202300044183,30,8,2023,2025-12-05 12:20:00,1,972,97209,1,1,1,6,Godissard (Boulevard),14.6088,-61.06455
202300044184,8,12,2023,2025-12-05 07:25:00,3,30,30141,1,1,2,1,D9,44.099636,4.636917
202300044185,5,4,2023,2025-12-05 18:00:00,1,51,51454,2,1,1,6,Avenue Du 18 Juin 1940,49.23563,4.01943
202300044186,5,4,2023,2025-12-05 18:15:00,1,49,49099,2,1,1,6,Mutualite (Rue De La),47.05645,-0.8937
202300044187,7,12,2023,2025-12-05 20:10:00,3,56,56070,1,1,2,3,Adresse_Inconnue,47.947719,-2.581007
202300044188,30,8,2023,2025-12-05 22:55:00,3,69,69389,2,2,1,3,Rue Des Docks,45.78551842,4.81065469
202300044189,4,4,2023,2025-12-05 12:47:00,1,49,49007,2,1,1,7,Chateau D'Orgemont Rue Et Squ,47.45016,-0.54446
202300044190,8,12,2023,2025-12-05 11:45:00,1,56,56042,1,1,1,1,Lieu Dit Kerras,47.836557,-2.793122
202300044191,17,2,2023,2025-12-05 18:34:00,2,51,51108,2,1,1,6,Rue Emile Schmit,48.96793,4.35793
202300044192,7,12,2023,2025-12-05 12:01:00,1,59,59094,2,1,1,6,Rue Jean Jaures,50.943462,2.200946
202300044193,5,4,2023,2025-12-05 17:15:00,1,45,45298,2,1,1,2,1 Rue Des Cygnes,47.87593533,1.87717617
202300044194,19,2,2023,2025-12-05 16:18:00,1,49,49007,2,2,1,6,Tillon,47.48959,-0.56266
202300044195,5,12,2023,2025-12-05 17:30:00,5,2A,2A130,2,9,1,6,Boulevard Marie-Jeanne Bozzi,41.894603,8.806663
202300044196,17,3,2023,2025-12-05 12:45:00,1,44,44109,2,1,1,2,62Bis Boulevard Victor Hugo,47.20191,-1.54773
202300044197,8,12,2023,2025-12-05 16:30:00,1,89,89339,1,1,1,6,Route Departementale 86,47.565914,3.980398
202300044198,18,3,2023,2025-12-05 03:55:00,3,44,44109,2,1,1,6,143 Boulevard Auguste Peneau,47.23189,-1.50771
202300044199,19,2,2023,2025-12-05 11:17:00,1,49,49007,2,1,1,1,Montesquieu Passage,47.46098,-0.61243
202300044200,26,8,2023,2025-12-05 00:50:00,3,84,84080,1,1,1,2,Cd 942 De Carpentras A Rte Sarrians,44.04497,5.01008
202300044201,5,4,2023,2025-12-05 06:00:00,5,44,44143,2,1,1,3,Route Des Sorinieres,47.15722,-1.54122
202300044202,7,12,2023,2025-12-05 17:42:00,3,63,63031,1,1,1,1,D 214,45.46181474,3.29628995
202300044203,20,2,2023,2025-12-05 11:50:00,1,47,47032,1,4,1,3,Denis Papin (Rue),44.180411,0.679355
202300044204,5,4,2023,2025-12-05 08:40:00,1,35,35206,1,1,1,2,Rd 837,48.07179451,-1.69682711
202300044205,8,12,2023,2025-12-05 19:00:00,3,61,61284,1,1,1,1,D8,48.602012,0.316779
202300044206,26,8,2023,2025-12-05 23:45:00,5,83,83126,2,2,2,3,Juin (Av Marechal),43.107421,5.86967
202300044207,5,4,2023,2025-12-05 01:24:00,3,34,34301,1,1,1,7,Route D'Agde,43.354679,3.595557
202300044208,20,2,2023,2025-12-05 15:30:00,1,44,44162,2,1,1,6,Boulevard Salvador Allende,47.21849,-1.61796
202300044209,8,12,2023,2025-12-05 15:55:00,1,49,49215,1,1,1,1,D761,47.14586456,-0.16844324
202300044210,30,8,2023,2025-12-05 19:40:00,1,77,77053,2,1,1,2,Rue Du General Leclerc,48.70202,2.59821
202300044211,5,4,2023,2025-12-05 09:33:00,1,34,34003,2,6,1,3,2 Avenue De La Mediterranee,43.29109,3.51406
202300044212,8,12,2023,2025-12-05 06:20:00,3,12,12016,1,1,2,6,Rd 840,44.508764,2.362082
202300044213,11,2,2023,2025-12-05 00:15:00,3,44,44143,1,1,1,6,Adresse_Inconnue,47.1601,-1.55191
202300044214,8,12,2023,2025-12-05 14:05:00,1,25,25287,2,1,1,6,Route De Besancon,47.203598,5.902225
202300044215,5,4,2023,2025-12-05 17:30:00,1,33,33550,2,1,1,1,Rue Pablo Neruda,44.78599,-0.58298
202300044216,7,12,2023,2025-12-05 15:15:00,1,25,25468,1,1,1,6,D30,47.33225,6.194594
202300044217,18,2,2023,2025-12-05 18:30:00,5,39,39198,2,9,1,6,Av. Foch / Rue De Franche-Comte,47.079823,5.469534
202300044218,30,8,2023,2025-12-05 16:45:00,1,77,77111,2,2,1,3,Av Herge,48.85718,2.77214
202300044219,5,4,2023,2025-12-05 08:50:00,1,31,31555,2,1,1,6,Demoiselles (All Des) Du 2Au 80,43.58834,1.45878
202300044220,20,2,2023,2025-12-05 14:10:00,1,38,38421,2,1,1,6,Avenue Benoit Frachon,45.17904,5.75611
202300044221,7,12,2023,2025-12-05 09:15:00,1,44,44089,1,2,3,3,Les Chaillereaux,47.327153,-1.881994
202300044222,30,8,2023,2025-12-05 18:00:00,1,76,76540,2,3,1,2,Route De Darnetal,49.44042,1.12755
202300044223,5,4,2023,2025-12-05 06:04:00,4,31,31555,2,9,1,3,Eisenhower (Avenue Du General),43.56786359,1.37659281
202300044224,6,12,2023,2025-12-05 11:21:00,1,44,44152,1,2,1,3,42 Le Champ Blanc,47.452651,-2.025685
202300044225,30,8,2023,2025-12-05 18:10:00,1,69,69266,2,1,1,6,Rue General Dayan,45.77417,4.86112
202300044226,2,4,2023,2025-12-05 15:45:00,1,30,30028,2,6,1,3,Avenue De La Mayre,44.16009,4.62527
202300044227,20,2,2023,2025-12-05 17:05:00,1,35,35238,1,1,1,4,Rn136,48.08142,-1.69691
202300044228,7,12,2023,2025-12-05 14:20:00,1,44,44087,1,1,2,1,Sainte Marie (Machecoul),46.960052,-1.818339
202300044229,20,2,2023,2025-12-05 10:15:00,1,33,33063,2,1,1,2,Rue De Cauderan,44.84638522,-0.596876
202300044230,30,8,2023,2025-12-05 04:23:00,3,68,68195,1,1,1,6,Autoroute A 36,47.75565,7.29658
202300044231,7,12,2023,2025-12-05 01:10:00,3,29,29247,1,1,3,6,Rn165,47.97024,-3.99516
202300044232,3,4,2023,2025-12-05 07:25:00,1,19,19031,2,3,1,3,"""Moulin (Boulevard Jean) Cote """"Les Cedr",45.16128,1.50313
202300044233,20,2,2023,2025-12-05 17:05:00,1,31,31555,2,1,1,1,Av Louis Breguet,43.577511,1.479679
202300044234,26,8,2023,2025-12-05 22:07:00,5,66,66136,1,1,1,6,Adresse_Inconnue,42.69914,2.87347
202300044235,8,12,2023,2025-12-05 15:55:00,1,2,2810,1,1,1,1,D973,49.253661,3.108702
202300044236,8,12,2023,2025-12-05 16:09:00,1,3,3217,1,1,2,6,609 Route Du Mont,46.361615,2.684795
202300044237,4,4,2023,2025-12-05 19:45:00,2,13,13096,2,1,1,3,Vaquette Draille De La,43.4738525,4.40177955
202300044238,20,2,2023,2025-12-05 07:50:00,1,31,31555,2,1,5,3,Av De Reynerie,43.57606,1.40657
202300044239,30,8,2023,2025-12-05 11:45:00,1,64,64348,2,1,3,5,Martyrs Du Pont Long Des,43.33945,-0.37985
202300044240,8,12,2023,2025-12-05 16:25:00,1,1,1134,1,1,1,1,D1179,46.28832,4.878664
202300044241,5,4,2023,2025-12-05 19:35:00,2,13,13103,2,1,1,1,Rue Du Docteur Deleuil,43.64,5.09
202300044242,20,2,2023,2025-12-05 17:34:00,1,29,29039,2,1,1,4,Rd 783,47.8935,-3.9145
202300044243,5,4,2023,2025-12-05 11:10:00,1,13,13213,2,1,1,3,Albert Einstein (Rue),43.33923468,5.43907694
202300044244,30,8,2023,2025-12-05 18:52:00,1,64,64122,2,2,8,3,Ossuna (Avenue D'),43.48288,-1.55655
202300044245,20,2,2023,2025-12-05 16:33:00,1,29,29039,2,6,1,6,Rue Du Poteau Vert,47.89429808,-3.91384721
202300044246,7,12,2023,2025-12-05 18:30:00,3,1,1232,1,1,1,5,D996,46.357177,5.253546
202300044247,5,4,2023,2025-12-05 23:30:00,5,13,13004,1,1,1,2,Rte N113 Marseille A Borbeaux,43.64808829,4.68630046
202300044248,15,2,2023,2025-12-05 08:54:00,2,29,29019,2,6,1,3,Rue Amiral Romain-Desfosses,48.427003,-4.476485
202300044249,30,8,2023,2025-12-05 18:50:00,1,59,59183,2,3,1,3,Delattre De Tassigny,51.04749,2.4281
202300044250,7,12,2023,2025-12-05 18:39:00,3,18,18141,1,1,2,4,Adresse_Inconnue,47.140344,2.25003
202300044251,16,7,2023,2025-12-05 11:20:00,1,42,42218,2,1,1,6,Rue Gutenberg,45.41561984,4.39455897
202300044252,20,2,2023,2025-12-05 14:19:00,1,27,27229,2,1,1,2,Josephine (Rue),49.02384,1.14364
202300044253,6,12,2023,2025-12-05 08:50:00,1,53,53249,1,1,5,1,D143,48.18644,-0.237912
202300044254,4,4,2023,2025-12-05 17:18:00,1,10,10387,2,6,1,6,Georges Pompidou (Rue),48.29606,4.0943
202300044255,30,8,2023,2025-12-05 13:00:00,1,37,37195,1,1,2,7,Saint-Genouph (Route De),47.37935045,0.61213732
202300044256,5,12,2023,2025-12-05 18:35:00,5,21,21554,2,1,1,6,2 Rue Monge,47.102637,5.263068
202300044257,20,2,2023,2025-12-05 21:02:00,5,18,18033,2,1,1,6,1 Rue Raymond Boisde,47.06542,2.39578
202300044258,17,3,2023,2025-12-05 19:10:00,1,6,6155,2,1,1,6,Rouvier Bd Maurice,43.57914,7.05432
202300044259,30,11,2023,2025-12-05 13:45:00,1,30,30006,1,9,8,7,D6313,43.691223,4.206541
202300044260,29,8,2023,2025-12-05 09:35:00,1,37,37122,2,1,1,1,Verdun (Rue De),47.34784,0.6653
202300044261,18,2,2023,2025-12-05 17:20:00,1,13,13039,1,1,1,1,Carrelet (Allee Du),43.45064,4.96355
202300044262,2,4,2023,2025-12-05 10:25:00,1,2,2168,2,6,2,3,Place Jean De La Fontaine,49.04442,3.40302
202300044263,28,8,2023,2025-12-05 08:55:00,1,32,32013,2,1,1,6,Treille (Pont De La),43.6488,0.5899
202300044264,20,2,2023,2025-12-05 10:20:00,1,13,13215,2,1,1,2,Le Chatelier,43.34636,5.36527
202300044265,5,4,2023,2025-12-05 09:45:00,1,1,1053,2,2,1,6,De Gaulle ( Bd Gal) Pair,46.20331,5.24231
202300044266,5,12,2023,2025-12-05 07:18:00,3,80,80365,1,1,3,6,"A29, Pk 166+500, Sens Neufchatel/Amiens",49.809465,1.990242
202300044267,29,8,2023,2025-12-05 15:45:00,1,29,29039,1,1,1,2,Chemin De Kersaby.,47.90297,-3.9446
202300044268,8,12,2023,2025-12-05 08:50:00,1,5,5173,1,1,3,6,Autoroute A 51 Pk 134.900,44.321845,5.892094
202300044269,5,4,2023,2025-12-05 09:10:00,1,94,94052,2,7,1,6,Charles De Gaulle (Grand Rue),48.837046,2.485347
202300044270,20,2,2023,2025-12-05 02:30:00,5,13,13210,2,1,1,1,Rabatau (Boulevard),43.28263676,5.39950951
202300044271,7,12,2023,2025-12-05 06:47:00,2,6,6084,1,1,1,7,D6185,43.619068,6.947212
202300044272,7,12,2023,2025-12-05 06:40:00,2,6,6084,1,1,1,7,D6185,43.619072,6.947206
202300044273,30,8,2023,2025-12-05 18:40:00,1,26,26362,1,9,1,5,N532,44.95372922,4.93521716
202300044274,5,4,2023,2025-12-05 08:05:00,1,75,75117,2,1,1,2,Porte De Saint Ouen,48.900586,2.328988
202300044275,18,2,2023,2025-12-05 23:45:00,5,13,13213,2,6,1,3,Olives (Avenue Des),43.32851,5.43333
202300044276,7,12,2023,2025-12-05 08:30:00,1,13,13051,2,2,1,6,Boulevard Victor Hugo,43.58986,5.124419
202300044277,4,4,2023,2025-12-05 19:40:00,1,75,75117,2,1,1,6,Porte De Clichy,48.899104,2.317124
202300044278,20,2,2023,2025-12-05 08:50:00,1,13,13005,2,1,7,6,Goums (Avenue Des),43.2929,5.56321
202300044279,6,12,2023,2025-12-05 12:15:00,1,68,68224,1,1,1,2,Autoroute A36,47.766641,7.335234
202300044280,5,4,2023,2025-12-05 10:50:00,1,75,75106,2,2,1,3,Rue De L Ancienne Comedie,48.852482,2.338759
202300044281,7,12,2023,2025-12-05 23:40:00,5,95,95250,2,1,2,7,1D Cugnot (Rue),49.098278,2.52128
202300044282,30,8,2023,2025-12-05 19:00:00,1,14,14117,2,2,1,3,2 Avenue Des Peupliers,49.29457,-0.108435
202300044283,5,4,2023,2025-12-05 19:20:00,1,75,75119,2,1,1,3,Avenue Secretan,48.882151,2.371154
202300044284,3,12,2023,2025-12-05 11:30:00,1,13,13076,1,1,1,3,A7 - Pk 208.000 Sens Sud Nord,43.832762,5.00688
202300044285,20,2,2023,2025-12-05 23:10:00,5,6,6088,2,1,1,4,Ste-Marguerite (Av.) (A Partir Du 62-63),43.67923,7.21063
202300044286,30,8,2023,2025-12-05 20:47:00,4,13,13210,2,1,1,6,Jean Moulin (Boulevard),43.28528,5.39868
202300044287,8,12,2023,2025-12-05 08:30:00,2,44,44020,2,1,2,3,Rue De L'Halbrane,47.156864,-1.587932
202300044288,5,4,2023,2025-12-05 15:00:00,1,75,75118,2,2,1,6,Rue Joseph De Maistre,48.892454,2.330533
202300044289,30,8,2023,2025-12-05 20:30:00,2,13,13213,2,1,1,1,Valdonne (Avenue De),43.32593,5.41647
202300044290,20,2,2023,2025-12-05 15:00:00,1,4,4112,2,4,1,2,Volx (Av.De),43.84832,5.81753
202300044291,6,12,2023,2025-12-05 17:20:00,3,77,77234,1,4,5,3,D45,48.913272,2.767155
202300044292,30,8,2023,2025-12-05 15:30:00,1,13,13209,2,1,1,6,Redon (Boulevard Du),43.25653,5.41963
202300044293,5,4,2023,2025-12-05 13:00:00,1,75,75118,2,9,1,6,Rue De Clignancourt,48.885045,2.34731
202300044294,8,12,2023,2025-12-05 07:50:00,3,91,91579,2,1,1,6,Route Nationale,48.530731,2.294378
202300044295,30,8,2023,2025-12-05 07:20:00,1,13,13002,1,1,1,1,Des Termes (Route) Rd 908,43.381665,5.544988
202300044296,5,4,2023,2025-12-05 16:40:00,1,75,75115,2,2,1,1,Rue Mademoiselle,48.84361,2.29575
202300044297,20,2,2023,2025-12-05 15:56:00,1,75,75118,2,2,1,6,Boulevard Barbes,48.887394,2.349618
202300044298,8,12,2023,2025-12-05 13:15:00,1,34,34199,1,1,8,7,D13,43.46703,3.393863
202300044299,30,8,2023,2025-12-05 01:10:00,5,13,13005,2,1,1,6,Boyer (Avenue Antide),43.29418,5.55943
202300044300,19,2,2023,2025-12-05 22:00:00,5,75,75115,2,3,1,1,Rue De L Abbe Groult,48.839349,2.297014
202300044301,29,8,2023,2025-12-05 21:10:00,5,10,10060,2,1,1,6,General Leclerc (Rue Du),48.26378,4.09136
202300044302,8,12,2023,2025-12-05 10:50:00,1,42,42094,1,4,2,3,Route De Lyon,45.738372,4.261773
202300044303,20,2,2023,2025-12-05 14:21:00,1,75,75120,2,4,1,2,Avenue Cartellier,48.86483357,2.41194695
202300044304,30,8,2023,2025-12-05 23:40:00,5,6,6123,2,1,1,3,Curie Pierre Et Marie Avenue,43.6873,7.1868
202300044305,4,4,2023,2025-12-05 13:46:00,1,75,75114,2,2,1,6,Rue D Alesia,48.83181,2.314151
202300044306,7,12,2023,2025-12-05 08:45:00,1,85,85092,2,2,2,6,61 Rue Rabelais,46.468011,-0.819887
202300044307,30,8,2023,2025-12-05 22:45:00,5,3,3185,2,2,1,1,Avenue De La Republique,46.343869,2.599569
202300044308,5,4,2023,2025-12-05 15:00:00,1,75,75110,2,3,1,1,Boulevard De Bonne Nouvelle,48.870148,2.350468
202300044309,6,12,2023,2025-12-05 16:50:00,1,29,29103,2,7,1,3,21 Rue Herve De Guebriant,48.450482,-4.261055
202300044310,29,8,2023,2025-12-05 09:20:00,1,1,1451,1,1,1,3,D117A,46.23066,5.21527
202300044311,5,4,2023,2025-12-05 15:20:00,1,94,94080,2,1,1,3,Avenue De Nogent,48.84442878,2.44068736
202300044312,7,12,2023,2025-12-05 23:20:00,3,27,27012,1,1,9,7,Rd 126,49.304014,1.319389
202300044313,7,12,2023,2025-12-05 14:45:00,1,60,60341,2,1,1,2,Route De Meaux,49.091377,2.751324
202300044314,5,4,2023,2025-12-05 18:45:00,1,94,94044,2,3,7,6,Rue Du Tertre / Rue Albert Jacquard,48.74997206,2.49209565
202300044315,7,12,2023,2025-12-05 16:25:00,2,13,13215,1,1,1,2,A7-Sens Lyon Vers Marseille,43.35005,5.3686
202300044316,28,3,2023,2025-12-05 20:40:00,3,94,94015,2,9,1,6,Rue Leon Menu,48.839738,2.534576
202300044317,30,8,2023,2025-12-05 15:10:00,1,75,75119,2,1,1,3,Porte De La Villette,48.896021,2.394351
202300044318,4,4,2023,2025-12-05 15:20:00,1,94,94028,2,1,1,3,Avenue De La France Libre,48.78212482,2.45483655
202300044319,7,12,2023,2025-12-05 09:01:00,1,13,13215,1,1,1,3,A7-Sens Marseille Vers Lyon,43.37038,5.36118
202300044320,5,4,2023,2025-12-05 17:15:00,1,94,94059,2,3,1,6,Avenue Ardouin,48.8104,2.5724
202300044321,30,8,2023,2025-12-05 11:30:00,1,75,75117,2,1,1,4,Echangeur Asnieres,48.893337,2.303411
202300044322,29,8,2023,2025-12-05 16:50:00,1,75,75113,2,1,1,2,Porte D Ivry,48.819471,2.373123
202300044323,7,12,2023,2025-12-05 09:48:00,1,13,13215,1,1,1,2,A507 Sens Aubagne- Marseille,43.37,5.36
202300044324,4,4,2023,2025-12-05 18:35:00,1,94,94002,2,2,1,6,Rue Paul Vaillant Couturier / Rue Charles De Gaulle,48.81455068,2.41533118
202300044325,28,8,2023,2025-12-05 15:09:00,1,75,75105,2,2,1,6,Rue Saint Jacques,48.849594,2.344822
202300044326,7,12,2023,2025-12-05 07:10:00,2,83,83137,1,1,1,2,A50,43.12653501,5.89467986
202300044327,5,4,2023,2025-12-05 18:44:00,1,93,93029,2,3,1,3,Rue Victor Hugo / Rue De Drancy-Cottage,48.93630502,2.45124373
202300044328,30,8,2023,2025-12-05 12:20:00,1,75,75113,2,2,1,6,Avenue Des Gobelins,48.835838,2.352513
202300044329,4,4,2023,2025-12-05 15:40:00,1,93,93001,2,1,1,6,Rue Andre Karman,48.90855316,2.38484917
202300044330,7,12,2023,2025-12-05 19:20:00,3,91,91689,1,1,2,4,Autoroute A6A,48.73317,2.31563
202300044331,30,8,2023,2025-12-05 17:00:00,1,75,75111,2,3,1,2,Rue Des Nanettes,48.863795,2.382298
202300044332,4,4,2023,2025-12-05 16:45:00,1,92,92075,2,9,1,3,Murillo (Rue),48.82472,2.28985
202300044333,30,8,2023,2025-12-05 17:30:00,1,75,75110,2,3,1,6,Rue Du Huit Mai 1945,48.87629,2.357458
202300044334,5,4,2023,2025-12-05 13:15:00,1,92,92073,2,1,1,6,Roosvelt (Avenue Franklin),48.873179,2.221324
202300044335,7,12,2023,2025-12-05 14:38:00,1,91,91689,1,1,1,4,Autoroute A6,48.72718,2.31366
202300044336,29,8,2023,2025-12-05 15:43:00,1,75,75110,2,2,1,6,Avenue Claude Vellefaux,48.875214,2.370312
202300044337,5,4,2023,2025-12-05 18:20:00,1,92,92062,2,1,1,6,Gerhard (Rue) Du 1 Au 11 Et Du 2 Au 16,48.87920604,2.24006966
202300044338,7,12,2023,2025-12-05 08:15:00,1,91,91377,1,1,1,5,Autoroute A10,48.7198,2.2936
202300044339,30,8,2023,2025-12-05 17:20:00,1,75,75117,2,2,1,3,Boulevard Bessieres,48.897615,2.324156
202300044340,5,4,2023,2025-12-05 09:28:00,1,92,92051,2,5,1,3,Winston Churchill (Place),48.88343591,2.27355033
202300044341,30,8,2023,2025-12-05 09:40:00,1,75,75109,2,5,8,6,Boulevard Haussmann,48.872943,2.333242
202300044342,7,12,2023,2025-12-05 00:25:00,3,91,91174,1,1,5,-1,Rn 104,48.62111,2.46117
202300044343,5,4,2023,2025-12-05 10:30:00,1,92,92026,2,1,1,6,Bezons  (De 01 A 22),48.89472326,2.25064087
202300044344,30,8,2023,2025-12-05 08:30:00,1,75,75107,2,4,1,7,Boulevard Des Invalides,48.851227,2.314152
202300044345,29,8,2023,2025-12-05 19:30:00,1,75,75101,2,3,1,2,Rue De L Amiral De Coligny,48.858993,2.339847
202300044346,7,12,2023,2025-12-05 09:15:00,1,78,78431,1,1,1,3,A13,48.935474,1.963642
202300044347,29,8,2023,2025-12-05 12:30:00,1,94,94078,2,6,1,7,1 Avenue Guy Moquet,48.737962,2.471217
202300044348,5,4,2023,2025-12-05 07:50:00,1,92,92026,2,1,1,2,Joffre ( De 30 A 50 Et De 31 A 55 ),48.89941417,2.27160251
202300044349,7,12,2023,2025-12-05 07:30:00,2,78,78490,1,1,1,2,Rn12 Int,48.800461,1.97114
202300044350,29,8,2023,2025-12-05 07:45:00,1,94,94068,2,2,1,1,Boulevard Rabelais,48.80654879,2.47876762
202300044351,5,4,2023,2025-12-05 12:44:00,1,92,92012,2,1,1,2,Edouard Vaillant (Avenue) - Debut/55 - C,48.83666616,2.25321248
202300044352,6,12,2023,2025-12-05 12:57:00,1,78,78640,1,1,1,2,N118,48.781342,2.222812
202300044353,29,8,2023,2025-12-05 07:49:00,1,94,94046,2,2,1,3,Rue Du 11 Novembre 1918,48.807641,2.435529
202300044354,30,8,2023,2025-12-05 12:50:00,1,94,94065,2,1,1,3,N186,48.7539,2.35361
202300044355,5,4,2023,2025-12-05 22:55:00,3,1,1004,2,2,1,3,Avenue De La Liberation,45.957203,5.333138
202300044356,6,12,2023,2025-12-05 11:53:00,1,78,78073,1,1,1,4,Rn12,48.798275,2.007611
202300044357,30,8,2023,2025-12-05 21:05:00,5,94,94075,2,3,1,3,Rue De Mandres,48.712191,2.538646
202300044358,30,8,2023,2025-12-05 10:30:00,1,95,95527,1,1,2,6,Noyer Au Chat (Route Du),49.00034,2.52512
202300044359,6,12,2023,2025-12-05 18:40:00,3,93,93027,1,1,1,3,Autoroute A1,48.93724,2.41078
202300044360,30,8,2023,2025-12-05 09:50:00,1,93,93066,2,1,1,6,Avenue Du President Wilson,48.91411,2.35827
202300044361,4,4,2023,2025-12-05 19:20:00,1,67,67103,1,3,1,5,Intersection  D133/D633,48.809619,7.422488
202300044362,30,8,2023,2025-12-05 19:00:00,1,93,93055,2,9,1,6,Avenue Du General Leclerc,48.90101187,2.41194963
202300044363,4,4,2023,2025-12-05 20:00:00,3,973,97353,2,1,3,6,Route Abdalah,3.63980861,-54.04297113
202300044364,29,8,2023,2025-12-05 14:50:00,1,93,93027,2,1,1,3,Avenue Paul Vaillant Couturier,48.91884496,2.40846813
202300044365,6,12,2023,2025-12-05 14:25:00,1,95,95572,1,1,1,4,N184,49.0355502,2.1170102
202300044366,5,4,2023,2025-12-05 22:00:00,3,41,41194,1,1,1,7,Route De Theillay,47.354626,1.776695
202300044367,7,12,2023,2025-12-05 17:30:00,2,77,77121,1,1,1,2,A4,48.8316081,2.67912271
202300044368,27,8,2023,2025-12-05 16:00:00,1,92,92078,2,1,1,3,Gallieni (Bd) (153 Et 225),48.93047994,2.33211422
202300044369,5,4,2023,2025-12-05 11:00:00,1,49,49092,2,6,7,3,Rue Des Venelles (Chemille),47.214033,-0.728021
202300044370,7,12,2023,2025-12-05 08:30:00,1,77,77373,1,1,1,6,Rn104,48.77928728,2.61536001