num_acc,jour,mois,an,hrmn,lum,dep,com,agg,int,atm,col,adr,lat,long
202300044598,6,12,2023,2025-12-05 19:00:00,3,75,75116,2,1,1,3,Route De La Pte Dauphine A La Pte Des Sa,48.8734328,2.27223873
202300044599,21,7,2023,2025-12-05 02:35:00,5,33,33529,2,6,1,6,Saint-Exupery (Ave),44.617087,-1.138116
202300044600,2,10,2023,2025-12-05 14:30:00,1,93,93078,1,1,1,5,Autoroute A104,48.9713639,2.4985811
202300044601,9,1,2023,2025-12-05 18:00:00,5,77,77337,2,1,1,6,Roches (Cours Des),48.84522,2.61532
202300044602,20,7,2023,2025-12-05 19:50:00,1,29,29019,2,1,1,3,Rue General Paulet,48.416359,-4.475754
202300044603,9,1,2023,2025-12-05 12:51:00,1,77,77468,2,2,1,6,D128,48.8444504,2.64925152
202300044604,20,7,2023,2025-12-05 13:08:00,1,29,29019,2,2,1,4,Rue Marcellin Duval,48.4168956,-4.48702991
202300044605,8,1,2023,2025-12-05 08:15:00,1,76,76481,1,6,1,6,Rd 6382,49.53125053,0.1081413
202300044606,2,10,2023,2025-12-05 08:15:00,1,93,93007,1,1,1,4,Autoroute A3,48.92229,2.48032
202300044607,7,1,2023,2025-12-05 06:30:00,3,76,76351,1,1,1,6,Seizieme Port (Avenue Du),49.4826,0.16175
202300044608,21,7,2023,2025-12-05 17:20:00,1,18,18033,2,3,1,3,38 Avenue Marcel Haegelen,47.07352,2.38123
202300044609,21,7,2023,2025-12-05 06:15:00,2,17,17300,2,6,1,7,Republique   Boulevard De La,46.1418,-1.14011
202300044610,9,1,2023,2025-12-05 20:30:00,5,76,76217,1,3,1,2,Rue Jacques Monod,49.92228903,1.1162855
202300044611,5,1,2023,2025-12-05 08:20:00,5,72,72181,2,1,2,2,Brossolette Pierre (Bd) Ndeg Imp,47.979,0.1977
202300044612,2,10,2023,2025-12-05 14:55:00,1,77,77258,1,1,1,4,A4.W,48.832242,2.652388
202300044613,22,7,2023,2025-12-05 00:40:00,5,14,14118,2,2,1,2,534P Boulevard Yves Guillou,49.17266,-0.37863
202300044614,9,1,2023,2025-12-05 10:10:00,1,69,69264,2,1,2,5,92 Rue Roncevaux,45.99533,4.71786
202300044615,2,10,2023,2025-12-05 08:35:00,1,77,77294,1,1,1,3,A104,48.964165,2.610993
202300044616,28,5,2023,2025-12-05 16:10:00,1,13,13056,2,9,1,3,Cachin Boulevard Marcel,43.39886,5.05239
202300044617,5,1,2023,2025-12-05 23:47:00,5,69,69259,2,1,1,7,Avenue D'Oschatz,45.69592,4.88155
202300044618,2,10,2023,2025-12-05 07:36:00,1,93,93051,1,1,1,2,A4,48.8353,2.57336
202300044619,6,1,2023,2025-12-05 17:05:00,5,67,67482,2,1,1,6,Colombes (Place Des),48.53027128,7.7696836
202300044620,21,7,2023,2025-12-05 13:00:00,1,13,13216,2,1,1,3,Henri Barnier (Boulevard),43.3607,5.3426
202300044621,8,1,2023,2025-12-05 18:10:00,5,66,66136,2,1,1,6,Adresse_Inconnue,42.68719,2.907341
202300044622,2,10,2023,2025-12-05 06:55:00,2,94,94046,1,1,1,3,A86,48.81070243,2.44917546
202300044623,20,7,2023,2025-12-05 07:39:00,1,11,11069,1,1,1,1,Route Minervoise,43.23701,2.37155
202300044624,8,1,2023,2025-12-05 11:00:00,1,66,66136,2,6,1,3,Adresse_Inconnue,42.70527855,2.90184706
202300044625,30,5,2023,2025-12-05 08:30:00,1,73,73237,1,1,1,2,A43 Pk 138.7,45.49525529,6.29732549
202300044626,30,9,2023,2025-12-05 11:30:00,1,976,97611,2,1,1,6,M'Tsapere-Belle Vue ( Rue ),-12.78642,45.2221
202300044627,6,1,2023,2025-12-05 16:00:00,1,66,66136,2,1,1,6,Adresse_Inconnue,42.69885,2.87782
202300044628,19,7,2023,2025-12-05 15:30:00,1,11,11069,2,2,1,3,78 Rue Voltaire,43.2111,2.34966
202300044629,1,10,2023,2025-12-05 04:10:00,3,974,97416,1,1,1,6,Rn03,-21.31111,55.4965
202300044630,5,1,2023,2025-12-05 07:45:00,5,64,64249,2,3,1,3,Avenue Getaria,43.41671,-1.6101
202300044631,20,7,2023,2025-12-05 20:05:00,1,9,9122,2,1,1,3,Sibian (Avenue De),42.96506,1.5923
202300044632,1,10,2023,2025-12-05 04:10:00,5,973,97302,2,1,1,7,14 Et 22 Juin 1962,4.93318,-52.32695
202300044633,6,1,2023,2025-12-05 13:00:00,1,63,63193,1,1,2,5,Rd 769,45.7738,3.21041
202300044634,20,7,2023,2025-12-05 17:50:00,1,75,75117,2,1,1,3,Porte Maillot,48.8827,2.283359
202300044635,8,1,2023,2025-12-05 21:45:00,4,63,63113,2,2,1,3,Clementel (Bd Etienne),45.80966,3.10943
202300044636,29,9,2023,2025-12-05 16:35:00,1,973,97302,2,1,1,3,Baduel (Route De),4.93664,-52.31457
202300044637,20,7,2023,2025-12-05 13:15:00,1,75,75115,2,1,1,5,Porte De La Plaine,48.8277,2.291932
202300044638,8,1,2023,2025-12-05 03:33:00,4,63,63113,2,1,2,6,Saint Jean (Bd),45.78768,3.11934
202300044639,29,9,2023,2025-12-05 19:00:00,5,973,97302,2,1,1,2,Montabo (Route De) 3,4.93477,-52.29196
202300044640,20,7,2023,2025-12-05 10:25:00,1,75,75118,2,1,1,2,Porte De Clignancourt,48.901076,2.345273
202300044641,29,9,2023,2025-12-05 18:25:00,2,973,97302,2,1,1,3,Montabo (Route De) 2,4.9378,-52.29874
202300044642,20,7,2023,2025-12-05 09:50:00,1,75,75116,2,1,1,3,Echangeur Muette,48.86491,2.267604
202300044643,7,1,2023,2025-12-05 20:10:00,5,60,60414,2,1,2,1,Rue De Finsterwalde,49.25192,2.4523
202300044644,29,9,2023,2025-12-05 21:05:00,5,973,97302,2,3,1,3,Liberte (Avenue De La),4.93526535,-52.33220458
202300044645,6,1,2023,2025-12-05 08:00:00,2,59,59444,2,1,1,6,Rue Pierre Delcourt,50.456353,3.528746
202300044646,19,7,2023,2025-12-05 15:35:00,1,75,75110,2,2,1,6,Boulevard De Strasbourg,48.875485,2.357625
202300044647,9,1,2023,2025-12-05 13:00:00,1,59,59599,2,9,2,6,Gand (Rue De),50.7343,3.16168
202300044648,21,7,2023,2025-12-05 09:30:00,1,75,75106,2,1,1,3,Boulevard Du Montparnasse,48.844394,2.322341
202300044649,29,9,2023,2025-12-05 15:45:00,1,973,97302,2,3,1,2,Montabo (Route De) 3,4.93253,-52.29049
202300044650,9,1,2023,2025-12-05 03:00:00,3,59,59170,1,1,1,6,Loffre (Rue De),50.36226,3.14781
202300044651,21,7,2023,2025-12-05 12:40:00,1,75,75120,2,3,1,6,Avenue Du Professeur Andre Lemiere,48.858694,2.414708
202300044652,1,10,2023,2025-12-05 10:55:00,1,69,69383,2,2,1,1,Avenue Felix Faure,45.75292,4.85355
202300044653,5,1,2023,2025-12-05 17:45:00,5,59,59017,2,2,2,3,De Girard (Rue Philippe ),50.68303597,2.87696958
202300044654,21,7,2023,2025-12-05 09:20:00,1,75,75120,2,2,1,3,Rue Des Pyrenees,48.847531,2.40623
202300044655,8,1,2023,2025-12-05 17:44:00,5,56,56121,2,1,2,6,Frebault (Rue  Du General ),47.74076,-3.37329
202300044656,1,10,2023,2025-12-05 11:58:00,1,69,69382,2,2,1,2,Rue Seguin,45.74404,4.82112
202300044657,21,7,2023,2025-12-05 17:50:00,1,75,75117,2,3,1,3,Boulevard Bessieres,48.890268,2.304542
202300044658,8,1,2023,2025-12-05 11:26:00,1,56,56185,1,1,2,6,Adresse_Inconnue,47.77091,-3.37826
202300044659,1,10,2023,2025-12-05 08:30:00,1,971,97128,1,1,1,6,Route De Bouliqui,16.25506313,-61.44997984
202300044660,21,7,2023,2025-12-05 09:30:00,1,75,75117,2,7,1,3,Place Du Marechal Juin,48.884587,2.296844
202300044661,30,9,2023,2025-12-05 18:30:00,4,971,97101,1,9,1,6,Grand Camp(Section),16.24925216,-61.5335387
202300044662,1,1,2023,2025-12-05 19:52:00,5,54,54304,2,2,1,1,Boulevard Emile Zola,48.678101,6.159563
202300044663,21,7,2023,2025-12-05 21:00:00,1,75,75115,2,3,1,6,Quai De Grenelle,48.85287894,2.28656477
202300044664,9,1,2023,2025-12-05 19:10:00,3,54,54323,1,6,1,6,Rd618,49.517842,5.748729
202300044665,1,10,2023,2025-12-05 10:30:00,1,2A,2A004,2,1,1,3,Pietralba Chemin,41.93783,8.76033
202300044666,21,7,2023,2025-12-05 00:00:00,5,75,75115,2,3,1,3,Rue Linois,48.848511,2.28289
202300044667,9,1,2023,2025-12-05 20:18:00,5,54,54580,2,3,2,3,Avenue Albert Lebrun,49.470882,5.930278
202300044668,1,10,2023,2025-12-05 18:55:00,1,95,95585,2,1,1,3,D209,48.99284792,2.38874316
202300044669,21,7,2023,2025-12-05 13:50:00,1,75,75114,2,3,1,6,Rue De La Sante,48.833049,2.341201
202300044670,7,1,2023,2025-12-05 06:20:00,3,52,52448,1,1,1,7,Rn 4,48.64142,4.9077
202300044671,9,1,2023,2025-12-05 22:05:00,5,51,51454,2,3,2,3,Rue Colbert,49.25698,4.03444
202300044672,21,7,2023,2025-12-05 14:30:00,1,75,75113,2,3,1,3,Avenue D Italie,48.825136,2.357588
202300044673,30,9,2023,2025-12-05 18:40:00,1,91,91425,2,3,1,4,Rue De Marcoussis,48.638939,2.256764
202300044674,20,7,2023,2025-12-05 15:15:00,1,75,75112,2,1,1,3,Quai De Bercy,48.841928,2.372225
202300044675,9,1,2023,2025-12-05 13:12:00,1,45,45234,2,2,1,3,3 Rue Du Cristal,47.84567,1.94053
202300044676,1,10,2023,2025-12-05 09:20:00,1,91,91421,1,1,1,7,Nationale 6 (Reveil Matin),48.70899,2.44192
202300044677,21,7,2023,2025-12-05 17:20:00,1,75,75107,2,2,1,7,Quai Branly,48.860543,2.295617
202300044678,9,1,2023,2025-12-05 16:50:00,2,43,43157,2,3,1,1,Montredon (Route De),45.05055,3.89908
202300044679,21,7,2023,2025-12-05 16:20:00,1,75,75107,2,2,1,2,Rue De Bourgogne,48.857558,2.3175
202300044680,1,10,2023,2025-12-05 17:50:00,1,91,91027,2,1,1,4,Av Henri Dunant,48.71136,2.38994
202300044681,21,7,2023,2025-12-05 18:03:00,1,94,94081,2,9,1,3,Quai Jules Guesde,48.77809281,2.41421033
202300044682,9,1,2023,2025-12-05 19:25:00,5,35,35238,2,1,1,2,Bois Labbe (Avenue Du),48.12656753,-1.70313299
202300044683,1,10,2023,2025-12-05 20:15:00,5,77,77111,2,1,1,6,D344,48.85516,2.77135
202300044684,20,7,2023,2025-12-05 22:23:00,5,94,94016,2,1,1,2,Avenue Aristide Briand,48.7907,2.3199
202300044685,1,10,2023,2025-12-05 06:35:00,4,76,76681,2,2,1,6,Rue Victor Hugo,49.41387,1.09515
202300044686,9,1,2023,2025-12-05 08:25:00,1,35,35238,1,1,1,4,Rn136,48.13205,-1.70837
202300044687,20,7,2023,2025-12-05 21:30:00,2,94,94003,2,1,1,6,Avenue Paul Vaillant-Couturier,48.804252,2.338099
202300044688,9,1,2023,2025-12-05 18:00:00,5,33,33522,2,3,2,6,Avenue De Thouars,44.79619438,-0.59234172
202300044689,21,7,2023,2025-12-05 13:35:00,1,94,94021,2,6,1,3,Avenue Du General De Gaulle,48.77298897,2.33919767
202300044690,29,9,2023,2025-12-05 17:40:00,1,76,76384,1,1,1,5,Port Jerome,49.49757,0.54617
202300044691,9,1,2023,2025-12-05 11:45:00,1,33,33318,2,2,2,3,Avenue De Madran,44.80559,-0.64908
202300044692,19,5,2023,2025-12-05 21:15:00,2,94,94017,2,3,1,1,Avenue De La Republique,48.81806882,2.51168273
202300044693,9,1,2023,2025-12-05 08:00:00,2,33,33009,2,1,2,6,Lorentz-Monod (All. Dr),44.65328,-1.16383
202300044694,1,10,2023,2025-12-05 19:45:00,5,74,74298,2,3,1,3,Livron (Route De),46.185768,6.251577
202300044695,21,7,2023,2025-12-05 09:20:00,1,94,94017,2,1,1,2,Avenue Du General De Gaulle,48.82408003,2.49766485
202300044696,9,1,2023,2025-12-05 20:40:00,5,30,30007,2,2,1,3,Adresse_Inconnue,44.1337,4.07831
202300044697,1,10,2023,2025-12-05 10:10:00,1,71,71540,2,6,1,3,Rond-Point Du Vieux Saule,46.76824,4.45193
202300044698,21,7,2023,2025-12-05 09:45:00,1,94,94002,2,1,1,2,Quai Blanqui,48.80369052,2.41280345
202300044699,1,10,2023,2025-12-05 21:15:00,3,69,69275,2,1,1,3,Rocade Est,45.77028767,4.98480214
202300044700,21,7,2023,2025-12-05 12:05:00,1,93,93048,2,1,1,6,Boulevard De La Boissiere,48.87745164,2.46136137
202300044701,9,1,2023,2025-12-05 10:25:00,1,28,28134,2,3,1,5,Hieaux (Rue Du Cdt),48.7323,1.36036
202300044702,1,10,2023,2025-12-05 20:15:00,5,69,69256,2,1,1,6,Avenue Eugene Henaff,45.77399,4.92312
202300044703,9,1,2023,2025-12-05 01:25:00,5,21,21231,2,1,3,6,Raymond Poincare (Avenue),47.32880545,5.06671609
202300044704,20,7,2023,2025-12-05 15:55:00,1,93,93063,2,3,1,3,Rue De Benfleet / Rue Irene Et Frederic Joliot Curie,48.87874,2.43954
202300044705,30,9,2023,2025-12-05 15:00:00,1,69,69091,2,1,1,6,Rue De La Paix,45.58542,4.7518
202300044706,9,1,2023,2025-12-05 19:25:00,2,17,17200,2,2,2,3,Huit Mai 1945   Avenue Du,46.18303,-1.15248
202300044707,21,7,2023,2025-12-05 21:45:00,5,93,93027,2,3,1,6,Avenue Lenine / Rue Maurice Lachatre,48.91946608,2.41353311
202300044708,9,1,2023,2025-12-05 19:15:00,5,13,13211,2,6,1,6,Adresse_Inconnue,43.29520339,5.48928448
202300044709,2,10,2023,2025-12-05 01:45:00,5,64,64024,2,3,1,3,Bayonne (Avenue De),43.48081,-1.5131
202300044710,21,7,2023,2025-12-05 09:50:00,1,93,93027,2,9,1,3,Avenue Jean Mermoz,48.93238204,2.40613995
202300044711,9,1,2023,2025-12-05 12:30:00,1,13,13207,2,1,1,3,Corderie (Place De La),43.29074,5.37182
202300044712,6,1,2023,2025-12-05 07:15:00,4,11,11262,2,1,1,6,Adresse_Inconnue,43.187738,2.989281
202300044713,21,7,2023,2025-12-05 21:00:00,1,93,93001,2,2,1,1,Avenue Jean Jaures / Rue Danielle Casanova,48.91509721,2.40428902
202300044714,1,10,2023,2025-12-05 18:37:00,1,63,63113,2,6,1,3,Mayer (Bd Daniel),45.79323,3.09576
202300044715,9,1,2023,2025-12-05 09:05:00,1,11,11069,1,9,2,6,Adresse_Inconnue,43.1985,2.34824
202300044716,21,7,2023,2025-12-05 13:45:00,1,93,93001,2,2,1,3,Rue Du Port / Rue Marcel Carne,48.91776402,2.37472216
202300044717,8,1,2023,2025-12-05 17:50:00,5,11,11069,2,9,2,3,Voie Traversante De Andre Jean Cayatte,43.235923,2.367037
202300044718,1,10,2023,2025-12-05 20:44:00,5,61,61077,1,1,1,2,D112,48.4465,0.11262
202300044719,1,10,2023,2025-12-05 16:35:00,1,60,60057,2,1,1,1,Place De La Prefecture,49.43735562,2.07375419
202300044720,21,7,2023,2025-12-05 16:10:00,1,92,92078,2,6,1,1,Gallieni (Bd) (1 A 79 Et 22 A 102),48.92575623,2.32672369
202300044721,9,1,2023,2025-12-05 10:05:00,1,4,4112,2,4,1,3,Saint Joseph(Boulevard),43.82702,5.79986
202300044722,1,10,2023,2025-12-05 18:05:00,1,59,59152,2,1,1,6,Grand Place,50.76406752,3.00493028
202300044723,9,1,2023,2025-12-05 07:50:00,5,2,2738,2,1,8,6,127 Avenue Jean Jaures,49.656804,3.303979
202300044724,21,7,2023,2025-12-05 09:13:00,1,92,92073,2,1,1,6,Blum (Quai Leon),48.86643,2.22791
202300044725,30,9,2023,2025-12-05 09:45:00,1,59,59392,1,9,1,7,Voie Rapide Maubeuge / Jeumont,50.27978,3.99578
202300044726,8,1,2023,2025-12-05 05:45:00,3,1,1451,1,1,3,6,Prebois (Chemin De),46.272698,5.215341
202300044727,20,7,2023,2025-12-05 13:30:00,1,92,92050,2,1,1,2,Republique Avenue De La,48.90583407,2.21045973
202300044728,25,9,2023,2025-12-05 11:40:00,1,57,57660,2,3,1,6,Schoeneck(Rue De)Du Pont Autoroute Au Po,49.203893,6.937792
202300044729,10,1,2023,2025-12-05 17:50:00,5,75,75113,2,1,1,3,Quai D Ivry,48.82304,2.381235
202300044730,1,10,2023,2025-12-05 13:55:00,1,51,51454,2,1,1,7,Petit (Rue Ambroise),49.24044,4.0414
202300044731,10,1,2023,2025-12-05 13:00:00,1,75,75120,2,4,1,7,Porte De Bagnolet,48.86735198,2.41321027
202300044732,21,7,2023,2025-12-05 08:25:00,1,92,92035,2,2,1,3,Fauvelles ( Rue Des ),48.90222,2.2394
202300044733,22,7,2023,2025-12-05 10:00:00,1,9,9267,1,1,1,7,D618,42.929043,0.897691
202300044734,1,10,2023,2025-12-05 16:00:00,1,45,45234,2,2,1,3,17 Rue Du Parc,47.91114919,1.89643103
202300044735,10,1,2023,2025-12-05 11:30:00,1,75,75116,2,1,2,4,Echangeur Muette,48.862014,2.264393
202300044736,22,7,2023,2025-12-05 10:50:00,1,63,63026,1,1,1,6,Pk 2 D983,45.669222,2.938516
202300044737,1,10,2023,2025-12-05 12:30:00,1,35,35238,2,1,1,6,Toullier,48.10937857,-1.67568058
202300044738,9,1,2023,2025-12-05 18:20:00,5,75,75103,2,2,2,6,Rue Reaumur,48.864979,2.358274
202300044739,21,7,2023,2025-12-05 15:55:00,1,12,12300,2,1,1,6,122 Route De Montauban,44.360521,2.013025
202300044740,30,9,2023,2025-12-05 16:30:00,1,35,35150,2,2,1,7,Basse-Porte (Rue De La),48.36919,-1.21598
202300044741,10,1,2023,2025-12-05 15:00:00,1,75,75120,2,2,2,6,Rue Des Grands Champs,48.851495,2.406272
202300044742,21,7,2023,2025-12-05 20:10:00,1,6,6161,2,1,1,1,2507 Route National 7,43.627486,7.132751
202300044743,10,1,2023,2025-12-05 19:15:00,5,75,75119,2,1,2,6,Rue Riquet,48.888955,2.372498
202300044744,30,9,2023,2025-12-05 15:41:00,1,35,35115,2,6,1,6,Deveria (Rue Des Freres),48.34728,-1.18903
202300044745,10,1,2023,2025-12-05 19:00:00,5,75,75117,2,3,2,6,Avenue De Clichy,48.88936058,2.32234508
202300044746,21,7,2023,2025-12-05 16:20:00,1,972,97207,1,1,1,3,Fond Savane,14.599443,-60.947294
202300044747,29,9,2023,2025-12-05 17:00:00,1,34,34172,2,3,1,3,Saint Lazare (Avenue De),43.6191,3.88656
202300044748,10,1,2023,2025-12-05 09:45:00,1,75,75117,2,2,2,3,Avenue De Villiers,48.883286,2.307296
202300044749,20,7,2023,2025-12-05 17:15:00,1,83,83148,2,1,1,1,Avenue Marcel Mouries,43.430932,6.43319
202300044750,1,10,2023,2025-12-05 22:24:00,5,33,33550,2,6,1,3,Avenue Des Pyrenees,44.77151,-0.56434
202300044751,10,1,2023,2025-12-05 19:20:00,5,75,75116,2,1,2,6,Allee Du Bord De L Eau,48.85509,2.22619
202300044752,22,7,2023,2025-12-05 09:20:00,1,54,54408,1,1,1,6,D 603,49.16413963,5.74726582
202300044753,1,10,2023,2025-12-05 12:20:00,1,33,33039,2,1,1,6,Boulevard Jean-Jacques Bosc,44.81567,-0.5508
202300044754,22,7,2023,2025-12-05 05:11:00,2,62,62597,1,1,1,7,Rue De Boisleux,50.182518,2.777706
202300044755,9,1,2023,2025-12-05 21:30:00,5,75,75116,2,7,1,3,Rue De L Amiral Cloue,48.847435,2.273825
202300044756,1,10,2023,2025-12-05 13:04:00,1,31,31555,2,1,1,2,Bd Lascrosses,43.60935,1.43181
202300044757,1,10,2023,2025-12-05 10:00:00,1,31,31483,2,1,1,3,Gaulle (Boulevard Charles De),43.10925,0.72348
202300044758,18,7,2023,2025-12-05 08:45:00,1,56,56258,2,1,1,3,14 Rue Mane Roularde,47.591752,-3.035359
202300044759,10,1,2023,2025-12-05 07:00:00,3,75,75107,2,3,1,1,Quai Branly,48.859014,2.293299
202300044760,20,7,2023,2025-12-05 11:05:00,1,56,56258,2,1,1,7,Poul Bert,47.577828,-3.035386
202300044761,2,6,2023,2025-12-05 15:00:00,1,79,79311,1,1,1,7,Adresse_Inconnue,46.630848,-0.41371
202300044762,1,10,2023,2025-12-05 21:45:00,5,18,18033,2,2,1,3,Boulevard De Juranville,47.08337,2.388857
202300044763,10,1,2023,2025-12-05 11:10:00,1,75,75114,2,1,2,6,Avenue Reille,48.823848,2.332831
202300044764,22,7,2023,2025-12-05 11:01:00,1,71,71293,1,3,1,1,750 Route De Sornay,46.58977,5.142245
202300044765,1,10,2023,2025-12-05 20:20:00,5,17,17300,2,2,1,3,Joffre   Boulevard (27-77 Et 2-1),46.15796,-1.1423
202300044766,19,7,2023,2025-12-05 03:25:00,3,61,61386,2,1,1,6,D13 Pr 12+380,48.791711,0.45987
202300044767,1,10,2023,2025-12-05 23:15:00,3,16,16374,1,1,1,6,D1000,45.65729,0.21473
202300044768,10,1,2023,2025-12-05 19:52:00,5,75,75112,2,7,2,2,Place Felix Eboue,48.83964,2.395385
202300044769,22,7,2023,2025-12-05 12:30:00,1,12,12102,1,1,1,1,Les Amourals,44.310311,2.570179
202300044770,1,10,2023,2025-12-05 21:45:00,5,13,13204,2,1,1,1,Francoise Duparc (Boulevard),43.30064,5.40088
202300044771,10,1,2023,2025-12-05 07:05:00,5,75,75111,2,3,1,3,Rue Du Chemin Vert,48.862293,2.385211
202300044772,22,7,2023,2025-12-05 13:40:00,1,12,12131,1,1,1,1,D29,44.360932,2.646922
202300044773,1,10,2023,2025-12-05 14:00:00,1,13,13203,2,1,1,5,Loubon (Rue),43.31286,5.38307
202300044774,10,1,2023,2025-12-05 03:30:00,5,75,75111,2,1,1,6,Rue Du Faubourg Saint Antoine,48.8504394,2.38272965
202300044775,21,7,2023,2025-12-05 09:45:00,1,42,42156,1,4,1,4,Rue De La Republique,45.91166,4.177519
202300044776,10,1,2023,2025-12-05 18:55:00,5,75,75109,2,1,2,2,Rue De Londres,48.877037,2.329477
202300044777,22,7,2023,2025-12-05 10:40:00,1,22,22265,1,1,1,1,Route De Croas Diben,48.757419,-3.393692
202300044778,1,10,2023,2025-12-05 01:10:00,5,13,13209,2,3,1,3,Maguy Roubaud (Rue),43.27231309,5.3996536
202300044779,10,1,2023,2025-12-05 14:35:00,1,75,75108,2,7,2,2,Place Charles De Gaulle,48.87329402,2.2955364
202300044780,21,7,2023,2025-12-05 18:05:00,1,22,22030,2,1,1,7,Hent Park Bihan,48.705912,-3.374031
202300044781,1,10,2023,2025-12-05 18:30:00,1,13,13001,2,1,1,3,Galice (Rte),43.52842,5.4281
202300044782,9,1,2023,2025-12-05 22:30:00,5,75,75108,2,2,1,3,Rue Du Faubourg Saint Honore,48.872837,2.310779
202300044783,1,10,2023,2025-12-05 11:47:00,1,10,10325,2,2,7,3,Echenilly (Rue),48.26493,4.04135
202300044784,22,7,2023,2025-12-05 19:39:00,1,25,25029,1,3,1,3,N57,47.033334,6.335254
202300044785,1,10,2023,2025-12-05 02:04:00,5,8,8105,2,9,1,7,Rn 43,49.74061,4.7094
202300044786,10,1,2023,2025-12-05 08:35:00,2,75,75107,2,2,8,3,Rue De Bellechasse,48.856472,2.321094
202300044787,29,9,2023,2025-12-05 17:23:00,1,5,5061,2,1,1,6,Docteur Ayasse ( Rue Du ),44.56306,6.09008
202300044788,21,7,2023,2025-12-05 20:15:00,1,29,29162,1,3,1,3,Garzaleg,48.239634,-4.020594
202300044789,9,1,2023,2025-12-05 00:40:00,5,75,75104,2,3,1,7,Boulevard Morland,48.84746005,2.36554205
202300044790,21,7,2023,2025-12-05 07:45:00,1,31,31345,1,6,1,3,D12C,43.385445,1.425409
202300044791,30,9,2023,2025-12-05 05:55:00,3,4,4070,1,4,1,6,Chaffaut ( Route Du ),44.0625,6.17952
202300044792,10,1,2023,2025-12-05 10:10:00,1,94,94081,2,2,2,3,Avenue Paul Vaillant Couturier / Rue Henri Poincare,48.79603,2.3981
202300044793,1,10,2023,2025-12-05 12:40:00,1,75,75116,2,1,1,2,Porte D Auteuil,48.844085,2.254681
202300044794,21,7,2023,2025-12-05 18:49:00,1,1,1267,2,2,1,3,Route Du Berthiand,46.187422,5.523478
202300044795,22,7,2023,2025-12-05 10:20:00,1,66,66146,1,1,1,1,N20,42.512139,1.827255
202300044796,10,1,2023,2025-12-05 18:30:00,5,94,94046,2,2,2,1,Professeur Cadiot (Av Du),48.80453,2.43243
202300044797,1,10,2023,2025-12-05 00:20:00,5,75,75117,2,2,1,5,Porte D Asnieres,48.892257,2.300943
202300044798,1,10,2023,2025-12-05 00:55:00,3,75,75119,2,2,1,1,Rue Sigmund Freud,48.885977,2.398093
202300044799,22,7,2023,2025-12-05 17:20:00,1,54,54398,1,2,1,3,D20,48.52017184,6.88531637
202300044800,10,1,2023,2025-12-05 08:35:00,1,94,94073,2,3,1,2,Rue Louis Duperrey / Rue Claude Monet,48.76824,2.38893
202300044801,21,7,2023,2025-12-05 14:45:00,1,72,72090,1,1,1,7,Rue De La Jatterie,48.050983,0.48592
202300044802,10,1,2023,2025-12-05 07:55:00,5,94,94034,2,1,2,6,40 Boulevard Pasteur,48.75684,2.3154
202300044803,1,10,2023,2025-12-05 05:55:00,5,75,75117,2,3,1,2,Place General Catroux,48.883055,2.310462
202300044804,22,7,2023,2025-12-05 11:00:00,1,5,5029,1,1,1,3,D944,44.646979,6.182234
202300044805,1,10,2023,2025-12-05 16:00:00,1,75,75116,2,3,1,6,Avenue Du Parc Des Princes,48.839963,2.254584
202300044806,10,1,2023,2025-12-05 08:47:00,1,94,94028,2,3,8,6,Rue Andre Charles Boulle,48.79476,2.44496
202300044807,1,10,2023,2025-12-05 21:50:00,3,75,75115,2,7,1,2,Place Des Insurges De Varsovie,48.827563,2.292116
202300044808,22,7,2023,2025-12-05 09:05:00,1,43,43200,2,3,1,2,Route Du Pertuis,45.041519,4.0608
202300044809,9,1,2023,2025-12-05 16:50:00,1,94,94028,2,3,2,2,108 Rue Du General Leclerc / Rue Du Moulin Berson,48.78764141,2.46799573
202300044810,22,7,2023,2025-12-05 10:25:00,1,43,43173,1,1,1,6,Rd32,44.834615,3.731983
202300044811,1,10,2023,2025-12-05 04:09:00,5,75,75113,2,2,1,2,Quai D Austerlitz,48.841884,2.36788
202300044812,1,10,2023,2025-12-05 08:55:00,1,94,94081,2,6,1,6,126 Rue Leon Geffroy,48.7835,2.40769
202300044813,21,7,2023,2025-12-05 18:10:00,1,16,16001,1,1,1,1,D729,46.066457,0.694488
202300044814,1,10,2023,2025-12-05 06:40:00,5,94,94078,2,1,1,2,190 Rue De Paris,48.738782,2.446591
202300044815,10,1,2023,2025-12-05 16:00:00,2,94,94022,2,7,2,6,Avenue Jean Jaures / Avenue Leon Gourdault,48.76440755,2.40617537
202300044816,22,7,2023,2025-12-05 16:20:00,1,16,16282,1,1,1,7,Route De La Bellonne,45.814085,0.31193
202300044817,1,10,2023,2025-12-05 02:00:00,5,94,94033,2,9,1,6,Avenue De La Republique,48.85240283,2.46298242
202300044818,21,7,2023,2025-12-05 19:45:00,1,7,7039,1,1,1,7,Chemin De Gachet Le Haut,45.058047,4.616961
202300044819,10,1,2023,2025-12-05 20:10:00,5,94,94017,2,1,2,2,Avenue Du General De Gaulle,48.824297,2.498606
202300044820,30,9,2023,2025-12-05 12:45:00,1,94,94022,2,1,1,3,Avenue Louis Luc,48.76249572,2.4133696
202300044821,22,7,2023,2025-12-05 12:40:00,1,85,85084,2,2,1,3,Avenue Saint-Hubert,46.770808,-1.233786
202300044822,1,10,2023,2025-12-05 04:10:00,5,94,94017,2,1,1,1,Avenue Paul Lafargue,48.81478,2.55956