num_acc,jour,mois,an,hrmn,lum,dep,com,agg,int,atm,col,adr,lat,long
202300044823,10,1,2023,2025-12-05 06:50:00,5,94,94004,2,3,2,3,Avenue Du General Leclerc,48.75443884,2.50595784
202300044824,13,7,2023,2025-12-05 16:55:00,1,27,27198,2,2,1,3,"Avenue Du Lieutenant Morin // Rue De Verdun, Damville",48.870562,1.076092
202300044825,1,10,2023,2025-12-05 16:00:00,1,93,93059,2,1,1,1,Rue Parmentier,48.968855,2.37434331
202300044826,10,1,2023,2025-12-05 10:20:00,1,94,94002,2,9,2,3,Quai Jean-Baptiste Clement / Rue Du Port A L'Anglais,48.798193,2.420645
202300044827,1,10,2023,2025-12-05 02:10:00,5,93,93070,2,1,1,3,Rue Du Docteur Bauer,48.91025305,2.33783791
202300044828,22,7,2023,2025-12-05 12:30:00,1,23,23093,2,2,1,3,Rue Henri Beaune,46.192167,2.240406
202300044829,10,1,2023,2025-12-05 12:10:00,1,93,93048,2,3,2,6,Rue De La Nouvelle France / Boulevard Theophile Sueur,48.86086,2.46619
202300044830,1,10,2023,2025-12-05 20:45:00,5,93,93029,2,1,1,3,Avenue Jean Jaures,48.92102177,2.44915821
202300044831,22,7,2023,2025-12-05 15:49:00,1,48,48039,1,3,1,1,N88,44.472388,3.344323
202300044832,10,1,2023,2025-12-05 09:57:00,1,93,93048,2,1,2,6,Boulevard Aristide Briand,48.873497,2.454001
202300044833,1,10,2023,2025-12-05 14:30:00,1,93,93029,2,3,1,7,Rue Marcellin Berthelot / Rue Gabriel Puech,48.919972,2.446061
202300044834,21,7,2023,2025-12-05 19:00:00,1,1,1274,1,1,1,6,A40 Pk 116+500,46.151743,5.642703
202300044835,1,10,2023,2025-12-05 10:50:00,1,93,93027,2,2,1,6,Rue Du Docteur Roux / Rue Voltaire,48.92478,2.40663
202300044836,10,1,2023,2025-12-05 07:25:00,2,93,93048,2,2,8,1,Boulevard Aristide Briand / Rue Saint-Denis,48.87308,2.4537
202300044837,21,7,2023,2025-12-05 21:06:00,2,95,95042,2,3,1,6,D909,49.053849,2.334117
202300044838,1,10,2023,2025-12-05 12:55:00,1,93,93010,2,2,1,3,Avenue Gallieni / Avenue Pasteur,48.90705,2.488755
202300044839,21,7,2023,2025-12-05 19:55:00,2,1,1024,1,1,1,6,Peage Bour Nord A40,46.25986,5.167994
202300044840,9,1,2023,2025-12-05 19:30:00,5,93,93029,2,1,2,3,21 Rue Roger Salengro,48.92033554,2.43966155
202300044841,1,10,2023,2025-12-05 15:45:00,1,93,93008,2,3,1,6,Rue Pierre Semard / Rue De Carency,48.9113,2.44659
202300044842,9,1,2023,2025-12-05 18:00:00,5,93,93047,2,1,2,1,Boulevard De L'Europe,48.89457,2.57573
202300044843,1,10,2023,2025-12-05 11:40:00,1,93,93005,2,1,1,1,Avenue De Pomereu,48.92384678,2.49376286
202300044844,1,10,2023,2025-12-05 19:55:00,5,92,92073,2,1,1,6,Cherchevets (Rue Des),48.87912,2.22219
202300044845,10,1,2023,2025-12-05 18:30:00,5,92,92048,2,1,2,6,Georges Millandy (Rue),48.78526569,2.23274052
202300044846,21,7,2023,2025-12-05 20:35:00,2,18,18063,1,2,1,3,Coudron,46.861996,2.419197
202300044847,1,10,2023,2025-12-05 18:40:00,1,92,92033,2,1,1,3,Porte Jaune,48.84532,2.19808
202300044848,8,1,2023,2025-12-05 23:30:00,5,92,92044,2,2,1,3,Carnot(Rue)1A41 Et 2A36,48.88938892,2.28889525
202300044849,21,7,2023,2025-12-05 01:40:00,3,49,49284,1,1,1,2,A 11 Pk 285,47.434474,-0.815563
202300044850,1,10,2023,2025-12-05 16:55:00,1,92,92049,2,2,1,3,Peri Rue Gabriel Ndeg1 A 35,48.81752169,2.32543409
202300044851,10,1,2023,2025-12-05 11:30:00,1,92,92036,2,1,1,4,Mole Central (Route Du),48.94237052,2.28392673
202300044852,1,10,2023,2025-12-05 15:45:00,1,92,92026,2,1,1,4,Marechal Joffre (Quai Du),48.89723993,2.26617193
202300044853,22,7,2023,2025-12-05 04:00:00,3,11,11170,1,6,1,1,Adresse_Inconnue,43.119178,3.112178
202300044854,9,1,2023,2025-12-05 20:30:00,5,92,92025,2,3,1,3,Estienne D'Orves (Rue),48.922327,2.24927
202300044855,30,9,2023,2025-12-05 19:30:00,2,92,92024,2,1,1,2,General Leclerc (Rue Du) De (59 Et Plus),48.91057916,2.30602831
202300044856,19,7,2023,2025-12-05 10:10:00,1,971,97103,1,1,1,3,Lieu Dit Chantilly,16.237585,-61.615351
202300044857,10,1,2023,2025-12-05 07:15:00,5,92,92007,2,1,1,2,Dormoy (Avenue Marx),48.8106431,2.30802637
202300044858,1,10,2023,2025-12-05 14:00:00,1,92,92019,1,5,1,3,Avenue Galilee,48.77205,2.24496
202300044859,20,6,2023,2025-12-05 16:40:00,1,971,97103,2,3,1,3,Rue Henri Becquerel Prolongee,16.245099,-61.570934
202300044860,11,1,2023,2025-12-05 05:30:00,3,83,83058,1,1,1,6,D557,43.543489,6.360368
202300044861,1,10,2023,2025-12-05 19:20:00,2,92,92004,2,1,1,6,Chateau ( Rue Du ),48.91095523,2.29510278
202300044862,2,10,2023,2025-12-05 18:00:00,1,34,34314,1,1,1,1,D17,43.743278,3.863139
202300044863,9,1,2023,2025-12-05 17:10:00,1,22,22375,1,1,1,4,Le Quinquis,48.610413,-2.960477
202300044864,22,7,2023,2025-12-05 12:34:00,1,76,76319,1,1,1,2,A13,49.338553,0.983062
202300044865,2,10,2023,2025-12-05 00:40:00,3,35,35145,2,3,1,6,La Monnerais,47.739843,-1.847034
202300044866,11,1,2023,2025-12-05 06:30:00,5,22,22372,1,1,8,1,D706,48.53369,-2.852618
202300044867,18,7,2023,2025-12-05 21:45:00,5,34,34324,2,2,1,3,Boulevard Michelet,43.245511,3.28996
202300044868,2,10,2023,2025-12-05 07:10:00,3,60,60403,1,1,1,3,55 Rue De Dieppe,49.505844,1.986423
202300044869,11,1,2023,2025-12-05 00:30:00,3,31,31113,2,1,1,6,73 Chemin De Halage,43.517223,1.520346
202300044870,18,7,2023,2025-12-05 16:00:00,1,34,34182,1,1,1,3,Rd13,43.412991,3.414389
202300044871,24,9,2023,2025-12-05 17:40:00,1,12,12263,1,6,1,3,D 926,44.34957,1.970007
202300044872,10,1,2023,2025-12-05 08:10:00,2,57,57232,1,1,1,1,D22,48.979404,6.798086
202300044873,21,7,2023,2025-12-05 19:56:00,1,83,83113,1,1,1,3,Route De Vinon,43.69962,5.887771
202300044874,1,10,2023,2025-12-05 20:20:00,3,83,83072,1,1,1,1,D 48,43.457919,6.387262
202300044875,11,1,2023,2025-12-05 14:00:00,1,81,81052,1,1,2,6,D999 - Pk 29+750,43.9182062,2.2657869
202300044876,11,7,2023,2025-12-05 20:45:00,2,5,5063,1,1,1,6,Rd 1091,45.03904604,6.25208558
202300044877,11,1,2023,2025-12-05 03:15:00,3,21,21247,1,1,2,6,Autoroute A6 - Pk 223+800,47.48337682,4.17194566
202300044878,2,10,2023,2025-12-05 07:38:00,1,86,86258,1,2,1,3,D725,46.812954,0.400593
202300044879,22,7,2023,2025-12-05 15:50:00,1,89,89108,1,1,1,6,Adresse_Inconnue,47.770138,3.724365
202300044880,21,7,2023,2025-12-05 18:40:00,1,3,3056,1,1,1,6,La Chapelle,46.09057411,3.59814121
202300044881,2,10,2023,2025-12-05 17:25:00,1,31,31273,2,3,1,3,Route De St Pierre,43.693531,1.502359
202300044882,11,1,2023,2025-12-05 18:45:00,3,22,22030,1,1,1,5,Rd767 Pr48+000,48.702039,-3.377824
202300044883,1,10,2023,2025-12-05 12:10:00,1,84,84069,1,4,1,1,D938,44.196253,5.117692
202300044884,22,7,2023,2025-12-05 05:40:00,2,69,69019,1,1,1,1,Avenue De L'Europe,46.114325,4.73541
202300044885,7,1,2023,2025-12-05 20:30:00,3,19,19274,1,1,2,1,D170E1 - Le Pont,45.19336969,1.49494076
202300044886,22,7,2023,2025-12-05 11:40:00,1,85,85236,1,1,1,6,Rd55,46.6450642,-1.7064503
202300044887,9,1,2023,2025-12-05 15:00:00,1,56,56244,1,1,2,6,La Garenne,47.85569,-2.45999
202300044888,1,10,2023,2025-12-05 11:30:00,1,31,31454,2,1,1,2,Route De Berat,43.411762,1.129057
202300044889,27,9,2023,2025-12-05 16:00:00,1,57,57086,1,1,1,7,D27,48.803427,6.896426
202300044890,21,7,2023,2025-12-05 19:05:00,1,22,22273,1,2,1,3,Le Puits Merpault,48.571091,-2.484997
202300044891,1,10,2023,2025-12-05 19:20:00,2,10,10391,2,1,1,7,D99,48.371119,4.128156
202300044892,10,1,2023,2025-12-05 16:40:00,1,63,63106,2,2,1,3,Rue Henri Nenot,45.74862,3.286897
202300044893,30,9,2023,2025-12-05 20:50:00,5,83,83152,2,1,1,7,Avenue Du Colonel Bouvet,43.159997,6.466988
202300044894,2,10,2023,2025-12-05 05:40:00,3,67,67478,1,3,1,1,D1404,48.759471,7.393236
202300044895,11,1,2023,2025-12-05 11:35:00,1,12,12154,1,1,2,7,D999,43.87811397,2.798821
202300044896,20,7,2023,2025-12-05 23:20:00,3,13,13071,1,1,1,2,A7-Sens Marseille Vers Lyon,43.407,5.32793
202300044897,1,10,2023,2025-12-05 16:20:00,1,22,22020,1,1,1,2,Rn12,48.32471,-2.25681
202300044898,11,1,2023,2025-12-05 07:55:00,2,68,68291,1,3,2,3,D47,47.86095515,7.48740435
202300044899,2,10,2023,2025-12-05 08:00:00,2,2B,2B009,1,1,1,6,D343,42.083493,9.473305
202300044900,21,7,2023,2025-12-05 15:40:00,1,13,13202,1,1,1,2,A55-Sens Martigues Vers Marseille,43.33621604,5.35158534
202300044901,10,1,2023,2025-12-05 19:40:00,3,31,31334,1,1,1,1,Ancienne Route De Lavernose,43.38415,1.280546
202300044902,21,7,2023,2025-12-05 06:45:00,1,13,13085,1,1,1,6,A50-Sens Toulon Vers Aubagne,43.263748,5.588355
202300044903,29,9,2023,2025-12-05 10:49:00,1,34,34270,2,3,1,6,Rue Des Rouderes,43.573236,3.827169
202300044904,10,1,2023,2025-12-05 20:25:00,3,54,54546,1,1,2,6,Rd952,48.96901967,6.03072166
202300044905,20,7,2023,2025-12-05 14:38:00,1,13,13005,1,1,1,7,A50 - Sens Aubagne Vers Marseille,43.277,5.587
202300044906,1,10,2023,2025-12-05 16:15:00,1,56,56171,1,1,1,3,La Prince Coquette,47.726745,-2.345109
202300044907,1,10,2023,2025-12-05 10:00:00,1,2B,2B126,1,1,1,7,T50,42.194422,9.360399
202300044908,10,1,2023,2025-12-05 10:30:00,1,14,14431,2,3,2,3,32 Avenue Jean Jaures,49.076338,-0.064572
202300044909,19,7,2023,2025-12-05 16:35:00,1,13,13028,1,1,1,7,A50,43.193439,5.667512
202300044910,1,10,2023,2025-12-05 16:50:00,1,82,82134,2,1,1,2,1630 Vieille Route De Saint-Etienne,44.062901,1.506629
202300044911,17,6,2023,2025-12-05 01:35:00,3,83,83062,1,1,1,2,A57,43.14375,6.02357
202300044912,10,1,2023,2025-12-05 18:45:00,5,60,60513,2,3,2,1,Rue Du Havre,49.204105,2.376217
202300044913,1,10,2023,2025-12-05 18:50:00,1,32,32414,1,1,1,1,D25,43.694423,-0.067495
202300044914,21,7,2023,2025-12-05 21:10:00,1,33,33550,1,9,1,6,Rocade A 630,44.78773403,-0.54101229
202300044915,11,1,2023,2025-12-05 12:50:00,1,60,60029,1,9,1,3,D981,49.374532,1.990327
202300044916,21,7,2023,2025-12-05 20:30:00,2,91,91477,1,1,1,6,Autoroute A126,48.72232,2.24931
202300044917,29,9,2023,2025-12-05 15:50:00,1,11,11090,1,1,1,3,Adresse_Inconnue,43.105229,2.252873
202300044918,1,10,2023,2025-12-05 14:20:00,1,63,63236,1,1,1,7,Rd 996,45.593951,2.833357
202300044919,8,1,2023,2025-12-05 18:25:00,3,53,53218,1,2,2,2,Chemin De Poille,48.180548,-0.385792
202300044920,21,7,2023,2025-12-05 19:00:00,1,91,91216,1,1,1,3,Autoroute A6,48.6787,2.33389
202300044921,11,1,2023,2025-12-05 01:30:00,3,4,4137,1,1,9,7,D951,44.291103,6.026285
202300044922,21,7,2023,2025-12-05 14:10:00,1,93,93053,1,1,1,3,Autoroute A3,48.89292727,2.47244859
202300044923,10,1,2023,2025-12-05 14:20:00,1,87,87018,1,1,2,6,Rulieres,46.058045,1.062391
202300044924,1,10,2023,2025-12-05 18:15:00,1,61,61456,2,1,1,5,D926B,48.761493,0.664061
202300044925,21,7,2023,2025-12-05 12:10:00,1,93,93010,1,1,1,2,Autoroute A3,48.88893243,2.47376801
202300044926,10,1,2023,2025-12-05 17:05:00,1,49,49381,2,3,2,3,Rue Pierre De Romans,47.020323,-0.7043
202300044927,21,7,2023,2025-12-05 08:15:00,1,93,93005,1,1,1,3,Autoroute A1,48.9588,2.46452
202300044928,28,9,2023,2025-12-05 14:25:00,1,49,49125,1,1,1,2,D761,47.180656,-0.242944
202300044929,11,1,2023,2025-12-05 07:12:00,2,1,1196,1,6,1,1,D975,46.349131,5.125503
202300044930,20,7,2023,2025-12-05 20:20:00,1,92,92036,1,1,1,3,Autoroute A15,48.93788866,2.29766722
202300044931,30,9,2023,2025-12-05 10:00:00,1,35,35361,2,1,1,2,Rue De La Greve,48.603246,-1.77636
202300044932,10,1,2023,2025-12-05 17:00:00,1,66,66195,2,1,1,3,Adresse_Inconnue,42.68305966,2.80173484
202300044933,20,7,2023,2025-12-05 13:15:00,1,93,93066,1,1,1,2,Autoroute A1,48.91952,2.35729
202300044934,1,10,2023,2025-12-05 16:00:00,1,2,2360,2,1,1,6,28 Rue De Proviseux (Guignicourt),49.438577,3.972032
202300044935,3,1,2023,2025-12-05 07:40:00,1,6,6085,2,1,1,6,Chemin Des Campelieres,43.580597,7.006964
202300044936,21,7,2023,2025-12-05 15:20:00,1,94,94017,1,1,1,2,A4,48.82665078,2.51617424
202300044937,10,1,2023,2025-12-05 23:00:00,3,59,59312,1,1,2,6,A26 Pk 148+500,50.0140816,3.17185904
202300044938,1,10,2023,2025-12-05 12:43:00,1,15,15262,1,2,1,3,D921,45.006428,3.043492
202300044939,21,7,2023,2025-12-05 06:50:00,1,77,77450,1,1,2,7,Rn104,48.717274,2.599125
202300044940,8,1,2023,2025-12-05 22:00:00,5,974,97408,2,9,1,6,61 Rue Pablo Neruda,-20.950388,55.331612
202300044941,1,10,2023,2025-12-05 11:00:00,1,1,1240,1,1,1,1,D18,46.262241,5.552521
202300044942,10,1,2023,2025-12-05 17:05:00,1,971,97118,1,1,8,3,Route Nationale 1,16.22749,-61.593347
202300044943,20,7,2023,2025-12-05 23:20:00,3,94,94073,1,1,1,2,A86,48.76965561,2.38000814
202300044944,27,9,2023,2025-12-05 14:35:00,1,14,14514,2,6,1,3,17 Rue Laplace,49.28506025,0.20498998
202300044945,20,7,2023,2025-12-05 10:40:00,1,976,97611,2,1,1,6,Tsoundzou-Bamcolo (Rue),-12.81141,45.20284
202300044946,11,1,2023,2025-12-05 09:39:00,1,77,77077,1,3,1,1,D38,48.999319,2.879118
202300044947,20,7,2023,2025-12-05 22:00:00,5,974,97416,1,1,1,6,Archambaud 400 (Chemin),-21.29361,55.50587
202300044948,2,10,2023,2025-12-05 16:50:00,1,5,5046,2,1,1,6,Boulevard Pasteur,44.564549,6.49395
202300044949,10,1,2023,2025-12-05 16:45:00,1,6,6091,1,1,1,1,2182 Route Des Clues,43.806226,7.380712
202300044950,29,9,2023,2025-12-05 18:15:00,1,40,40230,1,1,1,1,D425,43.810809,-0.893326
202300044951,10,1,2023,2025-12-05 18:30:00,3,6,6057,1,1,1,6,920 Route Du Col De Nice,43.8244173,7.3518197
202300044952,16,7,2023,2025-12-05 20:30:00,5,974,97411,2,6,1,2,Jaures (Bld 1 Jean),-20.89965,55.47956
202300044953,26,9,2023,2025-12-05 09:50:00,1,27,27587,2,1,1,2,D47,49.295387,0.65153
202300044954,11,1,2023,2025-12-05 07:50:00,3,54,54215,2,1,2,6,Rue De L'Hotel De Ville,48.761007,6.129639
202300044955,20,7,2023,2025-12-05 21:00:00,5,973,97302,2,1,1,2,Brutus (Cite),4.93740984,-52.31853873
202300044956,11,1,2023,2025-12-05 17:10:00,1,69,69024,1,9,8,1,Route De Theize,45.94731631,4.59368825
202300044957,20,7,2023,2025-12-05 10:53:00,1,972,97209,1,1,1,2,Chateauboeuf (Route De),14.6177,-61.04615
202300044958,29,9,2023,2025-12-05 14:35:00,1,17,17038,1,1,1,4,N10,45.169236,-0.336236
202300044959,11,1,2023,2025-12-05 07:55:00,5,44,44047,2,1,8,6,39 Boulevard Des Martyrs De La Resistance,47.212565,-1.712917
202300044960,19,7,2023,2025-12-05 12:20:00,1,972,97209,2,1,1,6,Balata (Route De),14.6208,-61.06985
202300044961,29,9,2023,2025-12-05 18:10:00,1,30,30133,2,6,1,2,D62,43.56883,4.112645
202300044962,11,1,2023,2025-12-05 14:00:00,1,80,80561,2,2,7,1,Croisement D 329 D 935,49.651505,2.568215
202300044963,1,10,2023,2025-12-05 09:25:00,1,24,24357,1,1,1,6,Tabardine,44.791774,0.454087
202300044964,20,7,2023,2025-12-05 16:40:00,1,971,97113,1,9,1,3,Rn4 - Section Riviera,16.2123,-61.4756
202300044965,19,7,2023,2025-12-05 18:33:00,1,2A,2A004,2,2,1,3,Sainte Lucie Rue,41.92775,8.7379
202300044966,1,10,2023,2025-12-05 17:50:00,2,988,98805,2,1,1,1,Route De Koe Prolongee,-22.1403,166.478629
202300044967,10,1,2023,2025-12-05 18:20:00,3,59,59137,2,3,2,3,Rue Du College,50.0741534,3.64222124
202300044968,9,1,2023,2025-12-05 16:15:00,1,13,13015,1,1,1,2,A51-Sens Aix En Provence Vers Marseille,43.42805096,5.38625396
202300044969,2,10,2023,2025-12-05 05:50:00,3,13,13074,1,1,1,2,A51 - Pk 043.500,43.656943,5.595818
202300044970,9,1,2023,2025-12-05 20:05:00,3,13,13071,1,1,1,2,A7-Sens Lyon Vers Marseille,43.40816732,5.28796136
202300044971,10,1,2023,2025-12-05 18:15:00,3,33,33080,1,1,1,4,Autoroute A 62,44.72728,-0.52785
202300044972,19,7,2023,2025-12-05 12:30:00,1,91,91161,2,1,1,6,Av Mazarin,48.70729,2.31165
202300044973,10,1,2023,2025-12-05 06:45:00,5,33,33397,1,1,1,2,Autoroute A10,44.911922,-0.484692
202300044974,2,10,2023,2025-12-05 07:15:00,1,973,97309,2,3,1,2,Avenue Leon Gontran Damas,4.883732,-52.287106
202300044975,20,7,2023,2025-12-05 15:50:00,1,91,91223,1,9,1,2,R.D.20,48.42748,2.15378
202300044976,19,7,2023,2025-12-05 17:45:00,1,91,91433,1,1,1,2,Cd 837,48.43381,2.20822
202300044977,10,1,2023,2025-12-05 12:20:00,1,91,91689,1,1,2,4,Autoroute A6,48.72967,2.31449
202300044978,20,7,2023,2025-12-05 23:10:00,3,85,85194,2,3,1,6,1 Rue De La Vigne Verte,46.5334,-1.79532
202300044979,10,1,2023,2025-12-05 09:00:00,1,91,91468,1,1,1,4,Autoroute A6,48.57299,2.46767
202300044980,19,7,2023,2025-12-05 17:40:00,1,76,76351,2,2,1,3,Geraniums (Des),49.50602,0.16334
202300044981,10,1,2023,2025-12-05 03:15:00,3,91,91617,1,1,8,7,Adresse_Inconnue,48.63449,2.53672
202300044982,10,1,2023,2025-12-05 20:20:00,5,92,92051,1,1,1,7,Rn13,48.88062879,2.27368809
202300044983,20,7,2023,2025-12-05 23:00:00,4,76,76217,2,1,1,3,Gambetta (Avenue),49.92002,1.07375
202300044984,10,1,2023,2025-12-05 17:50:00,3,92,92050,1,1,2,2,A86,48.91531692,2.22011864
202300044985,19,7,2023,2025-12-05 21:45:00,1,72,72181,2,9,1,6,Schuman Robert ( Bd),47.992391,0.235088
202300044986,19,7,2023,2025-12-05 18:25:00,1,72,72181,2,9,1,1,Ruaudin (Rue) Ndeg Imp 191 Et >,47.981814,0.214688
202300044987,10,1,2023,2025-12-05 10:10:00,1,78,78423,1,1,2,2,Rn12,48.79528,2.04728
202300044988,19,7,2023,2025-12-05 13:10:00,1,70,70550,2,1,1,6,Parmentier (Rue Jean),47.6144,6.1462
202300044989,19,7,2023,2025-12-05 12:20:00,1,69,69290,2,1,1,5,Rue Boileau,45.69532997,4.92988815
202300044990,20,7,2023,2025-12-05 09:01:00,1,69,69096,2,9,1,6,3 Avenue Jean Estragnat,45.6086667,4.78910789
202300044991,20,7,2023,2025-12-05 15:17:00,1,67,67447,2,3,1,6,Bitche (Rue De),48.60974,7.75432
202300044992,20,7,2023,2025-12-05 10:00:00,1,67,67482,2,1,1,6,Nuee Bleue (Rue De La),48.58587,7.74718
202300044993,19,7,2023,2025-12-05 09:05:00,1,65,65440,2,6,1,3,Rond-Point De La Sede,43.232834,0.061352
202300044994,20,7,2023,2025-12-05 09:00:00,1,65,65286,2,3,1,1,12 Avenue Francis Lagardere,43.087936,-0.046109
202300044995,20,7,2023,2025-12-05 18:50:00,1,64,64445,2,1,1,3,Dufau,43.30943,-0.36394
202300044996,20,7,2023,2025-12-05 04:35:00,5,64,64445,2,1,1,6,Loup Du,43.31751,-0.35217
202300044997,11,6,2023,2025-12-05 16:15:00,1,62,62215,2,2,1,3,Rue Edouard Plachez,50.490898,2.955664
202300044998,19,7,2023,2025-12-05 18:35:00,1,54,54357,2,1,1,6,Avenue De Metz,48.70628,6.1677
202300044999,20,7,2023,2025-12-05 22:50:00,3,54,54451,2,1,1,6,Rue De Mexy,49.50148,5.7567
202300045000,19,7,2023,2025-12-05 19:43:00,1,49,49007,2,1,1,3,Hoche,47.46705,-0.55791
202300045001,20,7,2023,2025-12-05 14:37:00,1,47,47001,2,6,1,3,Pont De Pierre,44.19491,0.61229
202300045002,20,7,2023,2025-12-05 08:45:00,1,47,47001,2,4,1,3,Gaillard (Av. Et Pont De),44.21909,0.63702
202300045003,20,7,2023,2025-12-05 18:39:00,1,45,45302,2,1,1,2,D2060 Pr 98 + 1,47.944037,1.905717
202300045004,20,7,2023,2025-12-05 11:35:00,1,45,45232,2,1,1,3,901 Rue De Bourges,47.84399637,1.92106783
202300045005,20,7,2023,2025-12-05 16:15:00,1,45,45208,2,3,1,3,12 Allee De La Residence De La Roseraie,47.99521,2.74202
202300045006,19,7,2023,2025-12-05 17:00:00,1,43,43041,2,9,1,3,89 Avenue Charles Dupuy,45.04853,3.92162
202300045007,20,7,2023,2025-12-05 17:15:00,1,33,33063,2,3,1,3,Quai De Brazza,44.85677,-0.54785
202300045008,20,7,2023,2025-12-05 08:22:00,1,33,33063,2,2,1,3,Place Bir Hakeim,44.83663,-0.5654
202300045009,19,7,2023,2025-12-05 23:45:00,5,33,33063,2,1,1,3,Avenue De Merignac,44.838584,-0.62123716
202300045010,20,7,2023,2025-12-05 16:15:00,1,28,28223,2,9,1,3,D 929,48.72745,1.39235
202300045011,20,7,2023,2025-12-05 16:00:00,1,22,22106,2,1,1,2,Rn12,48.50187,-2.72929
202300045012,19,7,2023,2025-12-05 18:30:00,1,17,17306,2,1,1,4,Bouchet Louis (Avenue),45.6287,-0.99502
202300045013,19,7,2023,2025-12-05 19:50:00,1,13,13054,2,6,1,6,8 Mai 1945 (Av Du ),43.416,5.226
202300045014,20,7,2023,2025-12-05 19:30:00,1,13,13212,2,1,1,7,Saint Barnabe (Avenue De),43.30435,5.41224
202300045015,19,7,2023,2025-12-05 09:00:00,1,12,12202,2,1,1,3,Gineste (Avenue De La),44.36375,2.555
202300045016,19,7,2023,2025-12-05 12:48:00,1,10,10387,2,1,1,3,Robert Schumann (Rue),48.30834,4.09659
202300045017,20,7,2023,2025-12-05 12:00:00,1,6,6088,2,3,1,5,Gallieni (Av.),43.70503,7.28036
202300045018,20,7,2023,2025-12-05 14:10:00,1,6,6088,2,7,1,6,Braille (Bd Louis),43.722527,7.292824
202300045019,20,7,2023,2025-12-05 20:00:00,2,6,6069,2,9,1,7,Auribeau (Route D') -D609-,43.631382,6.911945
202300045020,20,7,2023,2025-12-05 15:15:00,1,4,4112,2,1,1,3,Luberon (Av. Du),43.83217,5.77262
202300045021,19,7,2023,2025-12-05 07:35:00,1,75,75114,2,1,1,2,Porte De Chatillon,48.822561,2.314235
202300045022,19,7,2023,2025-12-05 03:30:00,5,75,75114,2,5,1,1,Porte De Gentilly,48.816126,2.343541
202300045023,20,7,2023,2025-12-05 17:10:00,1,75,75120,2,1,1,3,Rue Des Pyrenees,48.872773,2.390828
202300045024,20,7,2023,2025-12-05 11:15:00,1,75,75118,2,3,1,6,Rue De Clignancourt,48.8846,2.34718
202300045025,20,7,2023,2025-12-05 05:50:00,2,75,75118,2,3,1,6,Rue Marx Dormoy,48.886658,2.359614
202300045026,20,7,2023,2025-12-05 13:50:00,1,75,75116,2,1,1,3,Avenue Kleber,48.871877,2.293649
202300045027,20,7,2023,2025-12-05 07:00:00,1,75,75116,2,4,1,5,Avenue Ingres,48.857036,2.266513
202300045028,20,7,2023,2025-12-05 06:30:00,1,75,75116,2,1,1,2,Allee Du Bord De L Eau,48.871926,2.242059
202300045029,19,7,2023,2025-12-05 22:45:00,5,75,75116,2,3,1,3,Boulevard Suchet,48.85946,2.266017
202300045030,19,7,2023,2025-12-05 17:45:00,1,75,75107,2,3,1,6,Quai D'Orsay,48.86256678,2.30996132
202300045031,20,7,2023,2025-12-05 12:30:00,1,75,75113,2,3,1,3,Rue De Tolbiac,48.829185,2.374207
202300045032,20,7,2023,2025-12-05 15:30:00,1,75,75111,2,1,1,6,Boulevard Voltaire,48.865565,2.367089
202300045033,19,7,2023,2025-12-05 20:14:00,1,75,75109,2,2,1,2,Boulevard Haussmann,48.873781,2.327024
202300045034,20,7,2023,2025-12-05 09:00:00,1,75,75108,2,2,1,2,Boulevard Malesherbes,48.874841,2.319816
202300045035,20,7,2023,2025-12-05 22:30:00,5,75,75107,2,2,1,3,Rue De L Universite,48.861047,2.313241
202300045036,20,7,2023,2025-12-05 11:20:00,1,75,75107,2,1,1,7,Boulevard Saint Germain,48.857392,2.324094
202300045037,19,7,2023,2025-12-05 17:25:00,1,75,75107,2,2,1,1,Quai D Orsay,48.862591,2.319018
202300045038,19,7,2023,2025-12-05 11:50:00,1,75,75107,2,3,1,3,Avenue De Suffren,48.855566,2.294032
202300045039,19,7,2023,2025-12-05 13:00:00,1,75,75101,2,4,1,7,Rue De Rivoli,48.866369,2.323469
202300045040,20,7,2023,2025-12-05 00:30:00,5,75,75109,2,3,1,6,Boulevard De Rochechouart,48.881995,2.340421
202300045041,19,7,2023,2025-12-05 20:10:00,1,94,94076,1,1,1,3,100 Boulevard Maxime Gorki,48.793403,2.369154
202300045042,20,7,2023,2025-12-05 16:40:00,1,94,94022,2,3,1,3,Avenue De La Republique,48.759914,2.408314
202300045043,20,7,2023,2025-12-05 09:50:00,1,93,93073,2,6,1,2,Route De La Croix Au Platre,48.98424635,2.52531901
202300045044,19,6,2023,2025-12-05 19:00:00,1,94,94053,2,1,1,2,Avenue Pierre Mendes France,48.77173,2.54474
202300045045,19,6,2023,2025-12-05 10:10:00,1,93,93078,2,2,7,3,Avenue Charles De Gaulle / Avenue Georges Clemenceau,48.95815,2.55833
202300045046,19,6,2023,2025-12-05 17:30:00,1,93,93070,2,1,8,6,Rue Du Docteur Bauer,48.90990237,2.33822116
202300045047,16,6,2023,2025-12-05 08:50:00,1,93,93066,2,9,1,3,Rue Du Landy,48.91496764,2.3384637
202300045048,19,6,2023,2025-12-05 02:40:00,3,93,93077,2,3,1,3,Grande Rue / Avenue Du Raincy,48.88463,2.50753
202300045049,19,6,2023,2025-12-05 04:06:00,4,93,93031,2,1,1,6,Avenue De La Republique,48.95180388,2.31940051
202300045050,19,6,2023,2025-12-05 10:00:00,1,93,93029,2,2,1,1,Rue Albert David / Avenue Lejeune,48.91966047,2.47084169