num_acc,jour,mois,an,hrmn,lum,dep,com,agg,int,atm,col,adr,lat,long
202300045051,19,6,2023,2025-12-05 09:20:00,1,93,93010,2,1,1,2,Avenue Gallieni,48.90630483,2.48239395
202300045052,19,6,2023,2025-12-05 08:40:00,1,93,93008,2,3,1,6,Avenue Edouard Vaillant / Rue Jean - Pierre Timbaud,48.90708,2.46907
202300045053,14,6,2023,2025-12-05 09:20:00,1,93,93001,2,9,1,3,Boulevard Felix Faure,48.91322912,2.37415565
202300045054,19,6,2023,2025-12-05 17:20:00,1,92,92033,2,1,2,6,Dix Neuf Janvier,48.85101731,2.19316453
202300045055,16,6,2023,2025-12-05 14:31:00,1,92,92064,2,4,1,1,Palais,48.84140803,2.22118288
202300045056,18,6,2023,2025-12-05 01:35:00,5,92,92040,2,6,1,3,Victor Hugo (Rond-Point),48.82779213,2.27398127
202300045057,19,6,2023,2025-12-05 07:06:00,1,92,92007,2,5,1,3,Ravera (Avenue Henri) Ndeg 111 A 217 Et 10,48.80975355,2.31731862
202300045058,19,6,2023,2025-12-05 08:45:00,1,92,92004,2,1,1,1,Nanterre ( De 46 A ),48.90997219,2.28446625
202300045059,14,6,2023,2025-12-05 16:30:00,1,60,60533,1,4,1,1,Adresse_Inconnue,49.521782,2.713451
202300045060,19,6,2023,2025-12-05 12:20:00,1,62,62549,2,3,1,3,D928,50.374174,2.030362
202300045061,20,6,2023,2025-12-05 11:20:00,1,2A,2A198,2,1,1,1,Santaja,42.264162,8.713413
202300045062,19,6,2023,2025-12-05 21:05:00,2,38,38536,1,2,8,3,Route Du Pilat,45.427989,4.875247
202300045063,20,6,2023,2025-12-05 15:33:00,1,71,71305,1,1,1,2,A6 Pk 368.200 Sens Paris-Lyon,46.465295,4.879282
202300045064,20,6,2023,2025-12-05 18:30:00,1,63,63012,1,3,1,3,D985/D442,46.011687,3.187752
202300045065,19,6,2023,2025-12-05 17:30:00,1,38,38239,1,1,1,2,D1085,45.32746,5.572368
202300045066,19,6,2023,2025-12-05 08:37:00,1,59,59202,2,6,1,7,Avenue Paul Harris (Pont),50.68092405,2.86123037
202300045067,18,6,2023,2025-12-05 02:45:00,4,57,57059,2,1,1,7,Rue Principale,48.90089432,6.57974839
202300045068,18,6,2023,2025-12-05 02:47:00,3,4,4191,1,1,1,6,D900C,44.401342,6.26726
202300045069,20,6,2023,2025-12-05 19:05:00,1,91,91534,1,1,1,7,Chemin De La Martiniere,48.72011,2.182395
202300045070,19,6,2023,2025-12-05 13:20:00,1,19,19153,2,1,1,7,36Bis Avenue Georges Clemenceau,45.26541219,1.40776541
202300045071,20,6,2023,2025-12-05 04:00:00,5,56,56240,2,1,1,6,19 Rue Des Vagues,47.499695,-2.770615
202300045072,20,6,2023,2025-12-05 09:50:00,1,76,76035,2,1,1,6,Rue Nationale,49.767601,1.753378
202300045073,20,6,2023,2025-12-05 16:50:00,1,76,76400,2,1,1,6,Rue De La Republique,49.82426459,0.91178804
202300045074,19,6,2023,2025-12-05 09:45:00,1,79,79007,1,1,2,7,Adresse_Inconnue,46.579334,-0.40634
202300045075,17,6,2023,2025-12-05 15:00:00,1,2B,2B354,1,1,1,7,D69,42.168012,9.171519
202300045076,18,6,2023,2025-12-05 15:00:00,1,82,82075,1,1,1,1,Route De Fronton,43.833319,1.30674
202300045077,19,6,2023,2025-12-05 17:50:00,1,65,65388,1,1,1,7,Col De Portet (Col De Montagne),42.831439,0.239076
202300045078,20,6,2023,2025-12-05 15:10:00,1,65,65389,2,9,1,3,Avenue Des Pics,43.074879,0.477728
202300045079,19,6,2023,2025-12-05 18:35:00,1,61,61484,1,2,1,3,Intersection D211/D636,48.28718,0.655708
202300045080,18,6,2023,2025-12-05 10:30:00,1,61,61029,1,1,1,3,D8,48.54698,0.488319
202300045081,19,6,2023,2025-12-05 17:30:00,1,22,22072,1,4,1,1,D20  -D54,48.533146,-3.265171
202300045082,18,6,2023,2025-12-05 10:10:00,1,44,44130,1,1,1,5,Adresse_Inconnue,47.12049011,-1.53128386
202300045083,20,6,2023,2025-12-05 17:20:00,1,29,29146,1,3,1,2,Route De Concarneau,47.90133256,-3.8421904
202300045084,19,6,2023,2025-12-05 16:35:00,1,29,29188,2,1,2,6,Ty Son,48.692377,-3.829497
202300045085,18,6,2023,2025-12-05 14:45:00,1,84,84030,1,1,1,3,Route De Carpentras,44.088625,5.09425
202300045086,19,6,2023,2025-12-05 18:40:00,1,58,58138,1,1,1,7,Les Chaumettes,46.831198,3.101041
202300045087,19,6,2023,2025-12-05 20:10:00,1,14,14020,2,1,1,6,2 Hameau Du Fresne,49.133044,-0.163475
202300045088,19,6,2023,2025-12-05 23:55:00,3,64,64263,1,1,1,6,Rd 23 Pk 7,43.445628,-0.83818
202300045089,19,6,2023,2025-12-05 20:40:00,1,16,16222,1,1,1,1,D674,45.3387,0.072205
202300045090,20,6,2023,2025-12-05 13:55:00,1,53,53137,1,3,1,3,D57,48.071527,-0.948097
202300045091,19,6,2023,2025-12-05 16:40:00,1,4,4025,1,1,1,3,D908,44.152452,6.598406
202300045092,18,6,2023,2025-12-05 12:15:00,1,4,4046,1,1,1,3,D12,44.023804,6.092219
202300045093,20,6,2023,2025-12-05 10:20:00,1,85,85288,1,1,1,3,Rd21,46.454925,-1.598013
202300045094,20,6,2023,2025-12-05 07:58:00,1,37,37057,1,1,2,6,D50,47.06663363,0.79897642
202300045095,19,6,2023,2025-12-05 16:10:00,1,30,30003,1,3,1,3,Adresse_Inconnue,43.5507,4.168019
202300045096,19,6,2023,2025-12-05 14:08:00,1,30,30004,1,1,1,1,Adresse_Inconnue,43.726386,4.193242
202300045097,19,6,2023,2025-12-05 19:05:00,1,52,52357,1,1,8,7,D427,48.413498,5.250081
202300045098,19,6,2023,2025-12-05 19:20:00,1,88,88108,1,8,1,3,D164,47.961106,6.282147
202300045099,20,6,2023,2025-12-05 11:30:00,1,42,42256,1,1,1,6,Route De Saint-Bonnet,45.471895,4.139523
202300045100,19,6,2023,2025-12-05 18:15:00,1,69,69264,1,1,1,5,Autoroute 6,45.98398144,4.73691702
202300045101,18,6,2023,2025-12-05 11:30:00,1,13,13051,1,1,1,2,A7 Pk 242+000 Sens S-N,43.589437,5.191426
202300045102,20,6,2023,2025-12-05 15:15:00,1,973,97310,1,1,1,7,Route De Cacao,4.58128,-52.432884
202300045103,11,6,2023,2025-12-05 22:30:00,3,971,97134,1,1,1,1,Route De Rachez Ongles,16.050257,-61.76254
202300045104,17,6,2023,2025-12-05 12:30:00,1,37,37011,2,1,1,1,3 Rue Marcel Vignaud,47.212172,0.186048
202300045105,19,6,2023,2025-12-05 16:57:00,1,2B,2B193,1,1,1,6,A Leccia Di U Corbu,42.376633,9.189489
202300045106,19,6,2023,2025-12-05 16:40:00,1,4,4226,1,1,1,7,D109 Route De Pra Loup,44.364575,6.61826
202300045107,1,6,2023,2025-12-05 12:36:00,1,13,13081,2,1,1,6,Avenue De La Plantade,43.484767,5.234497
202300045108,20,6,2023,2025-12-05 09:10:00,1,13,13004,2,6,1,7,D570N,43.697817,4.645854
202300045109,19,6,2023,2025-12-05 14:30:00,1,13,13060,1,2,1,3,D6C - Chemin Des Aigues Marines,43.47053,5.503804
202300045110,20,6,2023,2025-12-05 16:20:00,1,57,57058,2,1,1,1,23 Rue De La Liberte,49.172359,6.929087
202300045111,18,6,2023,2025-12-05 11:50:00,1,69,69094,1,1,1,7,Route Du Col De La Luere,45.747316,4.648772
202300045112,19,6,2023,2025-12-05 19:00:00,1,33,33412,1,1,1,3,Rd 1215,45.26246,-0.905125
202300045113,19,6,2023,2025-12-05 08:00:00,1,76,76753,1,1,1,5,D13,49.348891,1.163435
202300045114,19,6,2023,2025-12-05 21:15:00,1,33,33080,1,1,1,3,Adresse_Inconnue,44.755252,-0.544334
202300045115,13,6,2023,2025-12-05 18:00:00,1,33,33075,1,1,1,4,Adresse_Inconnue,44.889941,-0.610136
202300045116,13,6,2023,2025-12-05 08:00:00,1,33,33143,1,1,1,2,Autoroute A 10,44.96438,-0.440619
202300045117,19,6,2023,2025-12-05 07:15:00,1,59,59143,1,1,1,6,Autoroute A25,50.66598,2.88289
202300045118,17,6,2023,2025-12-05 05:10:00,2,59,59605,1,1,1,2,Autoroute A16,51.04223937,2.46824116
202300045119,8,6,2023,2025-12-05 15:50:00,1,59,59410,1,1,1,4,Route Nationale 356,50.64879722,3.09904235
202300045120,16,6,2023,2025-12-05 19:41:00,1,59,59603,1,1,1,2,Autoroute A2,50.3408,3.47381
202300045121,19,6,2023,2025-12-05 19:10:00,1,91,91228,1,1,1,5,Autoroute A6,48.62131,2.42325
202300045122,19,6,2023,2025-12-05 09:45:00,1,92,92019,1,1,1,3,Rn 385 Exterieure,48.77263927,2.24280547
202300045123,19,6,2023,2025-12-05 09:09:00,1,92,92026,1,1,1,7,Rn192,48.88922696,2.24688395
202300045124,17,6,2023,2025-12-05 19:13:00,1,92,92050,1,1,1,4,A86,48.8954056,2.1942053
202300045125,16,6,2023,2025-12-05 09:18:00,1,78,78158,1,1,1,5,A13,48.833569,2.135392
202300045126,17,6,2023,2025-12-05 17:20:00,1,93,93027,1,1,8,6,Bdl,48.9267,2.40335
202300045127,16,6,2023,2025-12-05 16:15:00,1,95,95678,1,1,1,3,N184,49.06427517,2.21383601
202300045128,16,6,2023,2025-12-05 13:15:00,1,95,95500,1,1,1,2,A15,49.04149,2.08089
202300045129,14,6,2023,2025-12-05 06:45:00,1,92,92078,1,1,1,6,Autoroute A86,48.92750095,2.33291835
202300045130,13,6,2023,2025-12-05 23:50:00,3,95,95488,1,1,1,6,A15,49.01802,2.14116
202300045131,18,6,2023,2025-12-05 04:05:00,3,94,94033,1,1,2,6,A86,48.85862314,2.48692119
202300045132,15,6,2023,2025-12-05 17:30:00,1,77,77337,1,1,1,6,Rn104,48.827415,2.617369
202300045133,17,6,2023,2025-12-05 09:50:00,1,95,95028,1,9,1,6,A16,49.067315,2.331934
202300045134,18,6,2023,2025-12-05 17:48:00,1,54,54587,1,2,1,2,D904,48.493239,6.046305
202300045135,19,6,2023,2025-12-05 01:00:00,3,1,1371,1,1,1,2,Departementale 1083,45.956595,4.997191
202300045136,18,6,2023,2025-12-05 20:30:00,1,17,17389,1,2,1,3,Lieu Dit Petit Pochebonne,45.842105,-0.85835
202300045137,19,6,2023,2025-12-05 11:35:00,1,2,2756,1,1,1,6,Aire De Repos,49.784326,3.334597
202300045138,18,6,2023,2025-12-05 19:00:00,1,49,49092,1,9,1,1,Route De Bourgneuf En Mauges (Ste Christine),47.29467705,-0.8452177
202300045139,19,6,2023,2025-12-05 11:05:00,1,28,28073,1,1,1,6,A11,48.490089,1.669418
202300045140,17,6,2023,2025-12-05 01:00:00,4,972,97225,2,2,1,7,Rue Victor Hugo,14.741792,-61.175936
202300045141,19,6,2023,2025-12-05 16:30:00,1,21,21584,1,1,1,4,D906,47.300049,4.212405
202300045142,16,6,2023,2025-12-05 09:50:00,1,76,76462,1,1,1,2,A28,49.730388,1.460366
202300045143,18,6,2023,2025-12-05 22:10:00,3,974,97414,2,1,1,1,Avenue Principale,-21.284246,55.404568
202300045144,17,6,2023,2025-12-05 11:00:00,1,85,85013,1,1,1,1,Rd23,46.918719,-1.1611912
202300045145,18,6,2023,2025-12-05 18:40:00,1,21,21081,1,1,1,6,D10,47.373012,4.765491
202300045146,18,6,2023,2025-12-05 20:15:00,2,30,30047,1,2,1,3,Chemin De Vauvert,43.796213,4.442441
202300045147,18,6,2023,2025-12-05 02:20:00,3,51,51310,2,1,1,7,Rue De Saint Lie,49.212117,3.926116
202300045148,16,6,2023,2025-12-05 02:00:00,3,76,76243,1,1,1,1,Route D?Ernemont,49.55406,1.36282
202300045149,17,6,2023,2025-12-05 13:40:00,1,2B,2B277,1,1,1,2,Rt 10 - Face Au Garage Abatesco,41.972374,9.398804
202300045150,19,6,2023,2025-12-05 15:30:00,1,80,80718,1,1,1,6,Rd 1001,49.94686,2.217044
202300045151,18,6,2023,2025-12-05 18:20:00,1,55,55021,1,3,1,2,D23,49.027869,5.701271
202300045152,18,6,2023,2025-12-05 16:35:00,1,55,55124,1,1,1,7,D19,49.304111,5.316208
202300045153,19,6,2023,2025-12-05 14:45:00,1,55,55394,1,1,1,1,D24,49.263751,5.472511
202300045154,17,6,2023,2025-12-05 17:15:00,1,55,55246,2,1,1,3,Rue De Biencourt,48.600615,5.33214
202300045155,19,6,2023,2025-12-05 15:40:00,1,49,49018,1,1,1,6,Rd766 Pk 26+425,47.549486,-0.14558
202300045156,19,6,2023,2025-12-05 06:42:00,2,12,12186,1,1,1,6,Lieu-Dit Foures,43.81833553,2.59340286
202300045157,18,6,2023,2025-12-05 16:15:00,1,42,42023,1,1,1,6,Route D'Annonay,45.299373,4.585719
202300045158,17,6,2023,2025-12-05 14:00:00,1,86,86109,1,3,1,1,D67,46.891328,0.156512
202300045159,19,6,2023,2025-12-05 11:58:00,1,34,34147,1,1,1,1,D909,43.492238,3.189662
202300045160,18,6,2023,2025-12-05 23:50:00,3,25,25122,1,1,1,6,D 72,46.947977,6.180024
202300045161,18,6,2023,2025-12-05 15:40:00,1,15,15108,1,1,7,1,D13,44.943896,3.150158
202300045162,19,6,2023,2025-12-05 17:44:00,1,15,15118,2,1,2,1,Rd 58,45.00006289,2.48421907
202300045163,9,6,2023,2025-12-05 04:25:00,3,54,54416,1,1,1,6,Route D'Euvezin,48.930523,5.8191
202300045164,17,6,2023,2025-12-05 12:40:00,1,6,6119,1,1,1,7,M2205,44.293015,6.901646
202300045165,16,6,2023,2025-12-05 16:00:00,1,6,6035,1,1,1,3,3494 Route De Castellar,43.79588,7.496635
202300045166,18,6,2023,2025-12-05 03:15:00,3,5,5142,1,1,1,6,Pr 005+290 Rn 85,44.77721452,5.98851268
202300045167,19,6,2023,2025-12-05 04:00:00,3,50,50487,1,1,1,1,La Croisette (Saint-James),48.538421,-1.333798
202300045168,10,5,2023,2025-12-05 19:30:00,1,83,83025,2,1,1,1,1151 Chemin Du Gavelier,43.533145,5.936136
202300045169,19,6,2023,2025-12-05 08:35:00,1,85,85146,1,1,1,7,Rd93,47.023717,-1.3329911
202300045170,18,6,2023,2025-12-05 19:45:00,2,30,30053,1,1,1,6,Adresse_Inconnue,43.995412,4.219372
202300045171,18,6,2023,2025-12-05 20:53:00,2,48,48127,1,1,1,7,D806,44.658038,3.452764
202300045172,18,6,2023,2025-12-05 22:30:00,4,34,34333,1,1,1,5,Rd612,43.503233,3.790002
202300045173,18,6,2023,2025-12-05 21:20:00,5,987,98715,2,1,1,1,"Rue Nelson Mandela, Pamatai",-17.584,-149.56
202300045174,18,6,2023,2025-12-05 08:55:00,1,51,51171,1,1,1,7,"Autoroute A26, Pk 247.400 Sens Calais-Reims",49.377455,3.946495
202300045175,11,6,2023,2025-12-05 07:50:00,1,34,34203,1,1,1,4,Adresse_Inconnue,43.408352,3.497429
202300045176,17,6,2023,2025-12-05 06:30:00,2,27,27188,1,1,1,2,A13 Pk 105+950 Direction Rouen,49.296248,1.121399
202300045177,17,6,2023,2025-12-05 18:00:00,1,69,69097,1,1,1,7,La Fournachere,45.51644236,4.70870852
202300045178,18,6,2023,2025-12-05 04:00:00,5,987,98714,1,1,1,6,Vairupe,-16.388,-151.765
202300045179,17,6,2023,2025-12-05 21:40:00,2,77,77318,1,2,1,3,Rd216/D20,48.792563,2.934857
202300045180,19,6,2023,2025-12-05 09:35:00,1,2B,2B314,1,1,1,7,D81,42.662131,9.208174
202300045181,18,6,2023,2025-12-05 21:30:00,2,34,34289,1,1,1,6,Rd18,43.390508,3.400637
202300045182,17,6,2023,2025-12-05 20:00:00,1,84,84016,1,1,1,6,Chemin De Causan,44.057631,4.907606
202300045183,17,6,2023,2025-12-05 11:46:00,1,6,6141,1,1,1,7,Toudon,43.901762,7.085093
202300045184,15,6,2023,2025-12-05 12:24:00,1,5,5065,1,1,1,7,Rd902 Lieu Dit Peyre Haute,44.641208,6.662221
202300045185,18,6,2023,2025-12-05 00:15:00,3,13,13048,1,1,1,1,D96,43.652876,5.610795
202300045186,19,6,2023,2025-12-05 14:05:00,1,70,70310,1,1,1,2,D64,47.694014,6.508713
202300045187,17,6,2023,2025-12-05 21:03:00,1,57,57058,2,1,1,6,Place De Marche,49.170176,6.932572
202300045188,1,4,2023,2025-12-05 07:45:00,1,73,73232,1,1,4,6,D902,45.54879245,6.90603339
202300045189,17,6,2023,2025-12-05 20:06:00,1,38,38061,2,1,1,2,Route De Champ - Chabert,45.340525,5.616304
202300045190,18,6,2023,2025-12-05 17:30:00,1,9,9282,1,1,1,3,D14,43.227753,1.603659
202300045191,2,5,2023,2025-12-05 19:00:00,1,49,49301,1,2,1,3,D91,47.10879824,-0.99595785
202300045192,18,6,2023,2025-12-05 07:30:00,1,29,29046,2,1,1,6,Rue Duguay Trouin,48.092121,-4.330866
202300045193,17,6,2023,2025-12-05 11:45:00,1,60,60107,1,1,1,6,Rue Des Charpentiers,49.363036,2.44294
202300045194,19,6,2023,2025-12-05 12:26:00,1,60,60103,1,1,7,6,Adresse_Inconnue,49.410482,2.225832
202300045195,16,6,2023,2025-12-05 18:15:00,1,59,59660,1,1,1,7,Rue De Sailly,50.63666048,3.22141886
202300045196,17,3,2023,2025-12-05 20:45:00,3,73,73075,1,1,1,3,D925B,45.444416,6.06235
202300045197,13,3,2023,2025-12-05 08:45:00,1,73,73162,1,1,1,5,D1090,45.607347,6.283159
202300045198,17,6,2023,2025-12-05 12:40:00,1,94,94081,2,1,1,3,Rue Amedee Huon,48.80402173,2.38487944
202300045199,17,6,2023,2025-12-05 16:00:00,1,94,94033,2,3,1,6,Rue Pierre Dulac,48.84788,2.46415
202300045200,16,6,2023,2025-12-05 23:50:00,5,94,94033,2,5,1,3,Boulevard De Verdun,48.85368,2.46973
202300045201,17,6,2023,2025-12-05 22:00:00,2,93,93073,2,2,1,3,Rue De Bourgogne / Avenue Roger Salengro,48.94496981,2.58574784
202300045202,17,6,2023,2025-12-05 13:40:00,1,93,93073,1,9,1,2,Aeroport Charles De Gaulle,49.00318,2.56574
202300045203,17,6,2023,2025-12-05 21:57:00,5,93,93055,2,1,1,3,Avenue Jean Lolive,48.89073491,2.40059316
202300045204,17,6,2023,2025-12-05 05:15:00,2,93,93032,2,3,1,6,Rue Parmentier / Avenue Jean Jaures,48.88379772,2.53135326
202300045205,17,6,2023,2025-12-05 17:00:00,1,93,93079,2,1,1,6,Avenue Jean Jaures,48.96409235,2.34861799
202300045206,17,6,2023,2025-12-05 16:30:00,1,93,93029,2,2,1,6,Bd Paul Vaillant Couturier / Rue Anatole France,48.92336,2.44595
202300045207,17,6,2023,2025-12-05 12:15:00,1,93,93057,2,1,1,1,Allee Jean-Baptiste Clement,48.90711017,2.50608261
202300045208,17,6,2023,2025-12-05 08:30:00,1,93,93010,2,1,1,2,Avenue Gallieni,48.9062762,2.48219473
202300045209,16,6,2023,2025-12-05 15:30:00,1,92,92072,2,1,1,4,Manufacture Nationale (Place De La),48.829089,2.224378
202300045210,16,6,2023,2025-12-05 09:06:00,1,60,60284,2,6,1,7,Rue De La Croix Blanche,49.378294,2.652694
202300045211,17,6,2023,2025-12-05 20:45:00,1,35,35219,1,1,8,1,Les Quatre Vents,47.792032,-1.923401
202300045212,17,6,2023,2025-12-05 12:30:00,1,24,24299,2,3,1,3,Intersection Avenue Georges Clemenceau/ Rue Du General De Gaulle,45.036612,0.357732
202300045213,16,6,2023,2025-12-05 22:15:00,3,62,62053,1,2,1,3,D58,50.60074939,2.13023179
202300045214,17,6,2023,2025-12-05 17:05:00,1,91,91235,1,9,1,3,D445,48.627364,2.354738
202300045215,17,6,2023,2025-12-05 16:16:00,1,26,26139,1,1,7,7,D608,45.077347,5.076746
202300045216,17,6,2023,2025-12-05 07:05:00,2,17,17420,2,1,7,1,20 Rue De La Ragoterie,46.086582,-1.063303
202300045217,18,6,2023,2025-12-05 10:15:00,1,54,54477,1,1,1,7,Rd 952,49.02443587,5.90732932
202300045218,17,6,2023,2025-12-05 10:10:00,1,30,30202,2,9,1,6,Rue De L'Elysee,44.2566,4.64427
202300045219,18,6,2023,2025-12-05 17:20:00,1,95,95144,1,1,1,6,D9,49.066074,2.449543
202300045220,17,6,2023,2025-12-05 20:15:00,1,51,51424,1,1,1,7,79 Grande Rue,49.020355,4.995453
202300045221,17,6,2023,2025-12-05 09:00:00,1,19,19259,1,1,1,7,D41,45.015746,1.984228
202300045222,17,6,2023,2025-12-05 07:30:00,2,56,56003,1,1,1,6,Chemin Du Moulin,47.626496,-2.857448
202300045223,17,6,2023,2025-12-05 21:31:00,2,80,80557,2,1,1,7,Route Nationale,49.877553,2.997143
202300045224,18,6,2023,2025-12-05 14:50:00,1,82,82026,1,1,1,1,Peyreferrande,44.040805,1.672776
202300045225,17,6,2023,2025-12-05 15:10:00,1,65,65428,1,1,1,1,D13,42.971524,-0.153932
202300045226,16,6,2023,2025-12-05 20:50:00,1,81,81307,1,1,1,6,D612 Avenue De Castres,43.569734,2.295928
202300045227,18,6,2023,2025-12-05 08:30:00,1,71,71196,1,1,1,6,Champ Du Vernay,46.661572,5.36047
202300045228,18,6,2023,2025-12-05 10:45:00,1,89,89194,1,1,1,7,Adresse_Inconnue,47.67013,3.98873
202300045229,17,6,2023,2025-12-05 21:20:00,2,63,63448,1,1,1,6,Les Moirats,45.522871,3.420546
202300045230,16,6,2023,2025-12-05 18:00:00,1,49,49178,1,1,1,7,Rd 73,47.615855,-0.95742
202300045231,17,6,2023,2025-12-05 03:34:00,5,49,49378,2,1,1,6,Rue Nationale,47.325731,-0.055801
202300045232,17,6,2023,2025-12-05 12:30:00,1,46,46323,1,1,1,6,Lieu Dit Le Mas De Goudou,44.58398,1.498958
202300045233,2,11,2023,2025-12-05 09:00:00,2,69,69013,2,1,2,3,1209 Route De Chantegrillet,46.01061531,4.71971421
202300045234,1,11,2023,2025-12-05 00:30:00,5,69,69259,2,2,1,3,Avenue Jean Cagne,45.69398,4.87502
202300045235,2,11,2023,2025-12-05 18:20:00,5,67,67267,2,3,1,1,Schuman (Avenue),48.55893,7.69316
202300045236,2,11,2023,2025-12-05 17:50:00,5,67,67218,2,1,1,2,Strasbourg (Avenue De),48.54535,7.73814
202300045237,1,11,2023,2025-12-05 17:40:00,2,67,67482,2,1,2,3,Schirmeck (Route De),48.57303,7.71712
202300045238,2,11,2023,2025-12-05 18:45:00,5,65,65440,2,1,2,6,Carnot (Rue),43.21956037,0.07083416
202300045239,2,11,2023,2025-12-05 11:45:00,1,64,64445,2,1,3,6,Didier Daurat,43.32827,-0.3795
202300045240,1,11,2023,2025-12-05 19:48:00,5,64,64445,2,1,2,6,Alsace Lorraine D',43.30473,-0.36962
202300045241,2,11,2023,2025-12-05 15:45:00,1,64,64024,2,1,3,3,Bab (Boulevard Du),43.49683,-1.49829
202300045242,28,10,2023,2025-12-05 15:00:00,1,62,62041,2,2,1,3,Boulevard Du General De Gaulle,50.285462,2.767908
202300045243,9,10,2023,2025-12-05 17:20:00,1,62,62753,2,3,1,3,D60,50.30686,2.802044
202300045244,2,11,2023,2025-12-05 21:25:00,5,59,59512,2,1,3,6,Gambetta (Boulevard),50.69217,3.18396
202300045245,2,11,2023,2025-12-05 05:45:00,3,59,59476,2,1,6,6,Marcoing (Route De),50.14473,3.21352
202300045246,2,11,2023,2025-12-05 12:05:00,1,58,58194,2,3,3,3,Pierre Beregovoy,46.99069,3.15905
202300045247,2,11,2023,2025-12-05 14:10:00,1,56,56083,2,1,2,6,Jacqueline Auriol (Rue),47.79851,-3.2671
202300045248,1,11,2023,2025-12-05 18:10:00,5,56,56121,2,1,3,3,Scorff ( Bd Du ),47.76164,-3.36633
202300045249,1,11,2023,2025-12-05 20:00:00,5,54,54257,2,2,1,1,Rm 570,48.647577,6.182311
202300045250,2,11,2023,2025-12-05 14:12:00,1,49,49246,2,1,6,6,A87,47.41611,-0.50593
202300045251,13,5,2023,2025-12-05 01:00:00,3,7,7281,1,1,3,7,C.D. 533 (Vers Le Puy),44.93512,4.79215
202300045252,2,11,2023,2025-12-05 19:15:00,3,44,44184,1,1,3,2,Route Bleue,47.2858,-2.258
202300045253,13,5,2023,2025-12-05 07:30:00,1,6,6030,2,1,1,6,Collines (Chemin Des),43.58195,7.02663
202300045254,24,10,2023,2025-12-05 09:55:00,1,38,38185,2,2,3,3,Rue Du 19 Mars 1962,45.18856,5.74455
202300045255,13,5,2023,2025-12-05 16:10:00,1,75,75116,2,1,1,2,Porte Dauphine,48.869171,2.270687
202300045256,2,11,2023,2025-12-05 19:35:00,5,33,33063,2,1,3,6,Boulevard Godard,44.86346,-0.58186
202300045257,2,11,2023,2025-12-05 10:50:00,1,33,33162,2,1,8,6,190 Avenue Du Medoc,44.88740522,-0.64254463
202300045258,13,5,2023,2025-12-05 12:57:00,1,75,75107,2,2,1,3,Rue De L Universite,48.861062,2.31326
202300045259,1,11,2023,2025-12-05 16:31:00,1,33,33063,2,1,1,6,Allee De Boutaut,44.87587,-0.57675
202300045260,13,5,2023,2025-12-05 04:35:00,5,75,75116,2,1,1,1,Route De La Muette A Neuilly,48.871768,2.264369
202300045261,2,11,2023,2025-12-05 10:30:00,1,31,31069,2,1,1,6,Pasteur (Rue),43.63435,1.39139
202300045262,13,5,2023,2025-12-05 12:30:00,1,75,75120,2,3,1,2,Avenue Benoit Frachon,48.852104,2.415714
202300045263,1,11,2023,2025-12-05 17:55:00,2,30,30189,2,1,1,6,Sauve (Rue),43.8373,4.3438
202300045264,13,5,2023,2025-12-05 20:00:00,1,75,75119,2,3,1,6,Allee Darius Milhaud,48.8864,2.393455
202300045265,13,5,2023,2025-12-05 20:25:00,2,75,75118,2,1,1,2,Rue Jean Cocteau,48.899545,2.34871
202300045266,6,10,2023,2025-12-05 19:55:00,5,30,30189,2,1,1,5,Avenue Kennedy,43.8213,4.324
202300045267,13,5,2023,2025-12-05 20:00:00,1,75,75117,2,2,1,3,Avenue De Wagram,48.881514,2.300682
202300045268,1,11,2023,2025-12-05 16:45:00,1,22,22113,2,3,1,6,Freres Lagadec (Rue Des),48.72486,-3.4725
202300045269,13,5,2023,2025-12-05 15:03:00,1,75,75117,2,3,1,3,Avenue De Clichy,48.88803,2.324617
202300045270,12,5,2023,2025-12-05 12:00:00,1,75,75117,2,3,2,3,Rue Des Moines,48.887757,2.318363
202300045271,1,11,2023,2025-12-05 18:10:00,3,14,14366,2,3,8,6,16 Avenue Jean Xxiii,49.14154,0.25243
202300045272,13,5,2023,2025-12-05 10:50:00,1,75,75110,2,2,1,2,Rue Du Faubourg Saint Martin,48.871772,2.35715
202300045273,2,11,2023,2025-12-05 18:00:00,2,13,13054,2,4,2,2,D9 (Bretelle),43.42355436,5.23092985
202300045274,13,5,2023,2025-12-05 02:10:00,5,75,75110,2,3,1,1,Boulevard De Magenta,48.876538,2.355835
202300045275,2,11,2023,2025-12-05 22:05:00,5,13,13209,2,1,2,1,Luminy (Avenue De),43.24336259,5.43804287
202300045276,13,5,2023,2025-12-05 01:30:00,5,75,75110,2,2,1,3,Boulevard De Strasbourg,48.874812,2.357385
202300045277,2,11,2023,2025-12-05 16:25:00,1,13,13210,2,3,1,3,Capelette (Avenue De La),43.28337921,5.40113561
202300045278,13,5,2023,2025-12-05 04:35:00,5,75,75108,2,2,1,6,Avenue Des Champs Elysees,48.872355,2.299483
202300045279,2,11,2023,2025-12-05 15:34:00,1,13,13204,2,1,8,1,Francoise Duparc (Boulevard),43.30255,5.40031
202300045280,13,5,2023,2025-12-05 21:50:00,5,75,75107,2,2,1,6,Avenue De Tourville,48.854117,2.306315