num_acc,jour,mois,an,hrmn,lum,dep,com,agg,int,atm,col,adr,lat,long
202300045281,2,11,2023,2025-12-05 07:15:00,1,13,13028,2,1,8,6,Rovarch (Avenue Pierre),43.19413,5.617
202300045282,13,5,2023,2025-12-05 16:40:00,1,75,75103,2,3,1,2,Place De La Republique,48.867027,2.363344
202300045283,2,11,2023,2025-12-05 15:35:00,1,13,13001,2,3,2,3,Puy Du Roy (Ch Du),43.55555,5.42183
202300045284,13,5,2023,2025-12-05 14:00:00,1,75,75104,2,3,1,6,Rue De Rivoli,48.855241,2.361148
202300045285,2,11,2023,2025-12-05 17:30:00,5,7,7102,2,1,8,2,Avenue Georges Clemenceau,44.93189,4.87336
202300045286,13,5,2023,2025-12-05 10:00:00,1,75,75102,2,2,1,6,Rue D Aboukir,48.869126,2.351567
202300045287,1,11,2023,2025-12-05 13:54:00,1,6,6088,2,1,1,4,Anglais (Du Ndeg 265 Au Ndeg 350),43.6753812,7.2277833
202300045288,12,5,2023,2025-12-05 23:55:00,5,94,94028,2,9,1,1,Avenue Du General De Gaulle,48.791667,2.446185
202300045289,2,11,2023,2025-12-05 06:30:00,5,6,6029,2,1,1,6,Latour Maubourg (Rue),43.54898,7.03063
202300045290,2,11,2023,2025-12-05 13:25:00,1,75,75113,2,1,6,3,Porte D Italie,48.81714,2.367469
202300045291,13,5,2023,2025-12-05 12:15:00,1,94,94017,2,2,1,3,Avenue De Beauregard,48.81615,2.54813
202300045292,2,11,2023,2025-12-05 10:30:00,1,75,75118,2,1,6,6,Boulevard De La Chapelle,48.884129,2.353233
202300045293,12,5,2023,2025-12-05 22:30:00,5,93,93046,2,1,1,6,Avenue Winston Churchill,48.91377475,2.53690184
202300045294,13,5,2023,2025-12-05 08:20:00,1,93,93027,2,3,1,3,Boulevard Pasteur / Avenue Victor Hugo,48.9243,2.38436
202300045295,2,11,2023,2025-12-05 15:50:00,1,75,75116,2,3,1,6,Avenue Georges Mandel,48.864019,2.277527
202300045296,13,5,2023,2025-12-05 12:45:00,1,93,93001,2,9,1,5,Avenue De La Republique,48.90894674,2.38687295
202300045297,1,11,2023,2025-12-05 07:10:00,2,75,75116,2,3,1,2,Avenue Kleber,48.866117,2.289483
202300045298,31,10,2023,2025-12-05 17:30:00,2,75,75116,2,1,1,1,Allee Du Bord De L Eau,48.865256,2.230884
202300045299,13,5,2023,2025-12-05 18:05:00,1,92,92051,2,3,1,3,"Bineau (Boulevard, Ndeg133 A 217 Et 134 A",48.887549,2.278483
202300045300,1,11,2023,2025-12-05 21:14:00,5,75,75113,2,3,1,7,Boulevard Massena,48.821505,2.369201
202300045301,12,5,2023,2025-12-05 23:45:00,5,92,92051,2,1,1,4,General Koenig (Boulevard Du),48.88461,2.25509
202300045302,2,11,2023,2025-12-05 20:20:00,5,75,75109,2,3,1,6,Rue Mansart,48.882191,2.333599
202300045303,14,5,2023,2025-12-05 12:45:00,1,60,60242,2,1,1,7,Route De Picardie,49.59524815,1.9560071
202300045304,13,5,2023,2025-12-05 23:00:00,3,14,14531,1,1,1,6,Le Val,48.861549,-0.346633
202300045305,2,11,2023,2025-12-05 18:00:00,5,75,75107,2,3,1,6,Rue De Babylone,48.851769,2.317118
202300045306,13,5,2023,2025-12-05 16:10:00,1,62,62743,2,2,1,1,D113,50.36639,2.043339
202300045307,14,5,2023,2025-12-05 17:30:00,1,51,51497,1,1,1,1,D16,48.731045,4.804153
202300045308,13,5,2023,2025-12-05 21:00:00,1,71,71214,1,1,1,7,D33,46.64786,4.55761
202300045309,2,11,2023,2025-12-05 14:05:00,1,75,75102,2,2,1,1,Rue Montmartre,48.8669,2.344186
202300045310,14,5,2023,2025-12-05 14:00:00,1,41,41032,2,1,1,3,Rue Des Allets,47.526739,1.310549
202300045311,2,11,2023,2025-12-05 09:44:00,1,75,75104,2,3,2,3,Boulevard De Sebastopol,48.85873,2.348357
202300045312,2,11,2023,2025-12-05 08:45:00,1,94,94046,2,3,1,3,Rue Cecile,48.8074,2.4422
202300045313,14,5,2023,2025-12-05 00:55:00,3,33,33205,1,2,1,3,D11,44.626193,-0.369349
202300045314,1,11,2023,2025-12-05 14:40:00,1,94,94041,2,1,2,6,102 Avenue Georges Gosnat,48.811404,2.384102
202300045315,12,5,2023,2025-12-05 05:00:00,3,67,67115,1,1,1,7,D321,48.291303,7.503104
202300045316,1,11,2023,2025-12-05 06:40:00,5,94,94065,2,1,1,3,Avenue Charles Lindbergh,48.75192,2.35291
202300045317,14,5,2023,2025-12-05 02:50:00,3,51,51217,2,1,1,6,D3,49.082939,3.654376
202300045318,2,11,2023,2025-12-05 18:30:00,5,94,94073,2,9,1,6,Rue Des Alouettes,48.7526,2.37448
202300045319,2,11,2023,2025-12-05 17:00:00,1,93,93031,2,1,1,6,Avenue De La Marne,48.95359307,2.32724937
202300045320,14,5,2023,2025-12-05 10:35:00,1,974,97410,2,9,1,6,Route Nationale 2,-21.080811,55.74568
202300045321,2,11,2023,2025-12-05 20:55:00,5,93,93029,2,1,2,2,Avenue Henri Barbusse,48.92079121,2.45329372
202300045322,14,5,2023,2025-12-05 19:00:00,1,6,6046,2,4,1,3,Route De La Manda,43.764268,7.215335
202300045323,1,11,2023,2025-12-05 19:40:00,5,93,93047,2,4,1,6,Avenue Daguerre / Avenue Descartes,48.90957,2.58497
202300045324,14,5,2023,2025-12-05 15:00:00,1,50,50099,1,1,1,7,Pk 005.300,49.305413,-1.211092
202300045325,2,11,2023,2025-12-05 07:50:00,1,93,93057,2,1,6,7,France (Al. Anatole),48.89686,2.50096
202300045326,2,11,2023,2025-12-05 07:00:00,2,92,92050,2,1,6,3,Martin Henri Avenue,48.89277507,2.18752876
202300045327,2,11,2023,2025-12-05 18:00:00,5,92,92024,2,1,6,6,General Roguet (Rue Du) De (1 A 57)   (2,48.9083,2.31293
202300045328,13,5,2023,2025-12-05 18:40:00,1,50,50270,1,1,1,4,"D 2, Pk 002+000",49.491211,-1.465023
202300045329,3,11,2023,2025-12-05 16:50:00,1,26,26139,2,1,8,6,Rue Pierre Charles Messance,45.088316,5.079203
202300045330,2,11,2023,2025-12-05 18:30:00,3,45,45239,1,1,8,7,D42 Pr 11 + 268,47.912905,2.648928
202300045331,12,5,2023,2025-12-05 18:15:00,1,56,56193,2,3,1,1,Rue De Laubriere,47.717154,-3.314255
202300045332,3,11,2023,2025-12-05 15:45:00,1,76,76624,2,1,1,6,124 Rue Du Thil,49.8799,1.20857
202300045333,14,5,2023,2025-12-05 06:14:00,2,82,82124,1,1,1,6,1513 Route De Castelsarrasin,44.017673,1.302933
202300045334,21,10,2023,2025-12-05 19:45:00,3,85,85209,1,1,2,1,Rd 14,46.519717,-1.022373
202300045335,2,11,2023,2025-12-05 23:45:00,3,83,83004,1,1,2,6,D 555,43.478958,6.481891
202300045336,14,5,2023,2025-12-05 14:52:00,1,71,71580,2,3,1,3,841 Chemin Du Bas,46.659996,5.24507
202300045337,13,5,2023,2025-12-05 16:30:00,1,61,61404,2,1,1,7,D205,48.566327,0.53252
202300045338,31,10,2023,2025-12-05 16:50:00,1,11,11012,2,2,1,3,33 Avenue Pierre De Coubertin,43.307889,2.904647
202300045339,2,11,2023,2025-12-05 16:25:00,1,21,21642,1,1,1,1,"Autoroute A6, Pk 222.700",47.48996177,4.13751986
202300045340,13,5,2023,2025-12-05 15:55:00,1,61,61243,1,3,1,2,D908,48.586008,-0.330088
202300045341,2,11,2023,2025-12-05 19:15:00,3,50,50214,1,1,4,2,A84,48.915357,-1.092389
202300045342,1,11,2023,2025-12-05 13:25:00,1,51,51354,1,1,6,7,D79,48.90103,4.521357
202300045343,14,5,2023,2025-12-05 17:10:00,1,61,61278,2,3,1,6,D43 Pr 3 +720,48.711494,-0.540513
202300045344,2,11,2023,2025-12-05 22:25:00,3,65,65054,1,1,2,6,D929A,43.07383413,0.36161936
202300045345,2,11,2023,2025-12-05 10:30:00,1,65,65375,1,2,3,3,D5,43.372878,0.15383
202300045346,13,5,2023,2025-12-05 15:05:00,1,22,22158,1,4,1,1,N164,48.20014,-2.89033
202300045347,27,10,2023,2025-12-05 18:30:00,5,69,69168,2,3,2,2,Quai Pierre Dupont,45.84482,4.835162
202300045348,14,5,2023,2025-12-05 07:55:00,1,25,25222,1,2,1,3,N57,47.144496,6.269728
202300045349,28,10,2023,2025-12-05 15:00:00,1,11,11105,1,3,1,3,Cd 118,43.039371,2.242879
202300045350,2,11,2023,2025-12-05 15:45:00,1,71,71543,2,2,3,3,Rue Eugene Gentil,46.555459,4.903518
202300045351,3,11,2023,2025-12-05 17:45:00,3,89,89423,1,1,1,1,Adresse_Inconnue,47.9277,3.9221
202300045352,12,5,2023,2025-12-05 11:15:00,1,44,44151,1,2,1,3,1 Route De Saint-Denac,47.32512,-2.332047
202300045353,13,5,2023,2025-12-05 18:45:00,1,44,44006,1,1,1,1,Le Pont De Fer,47.463329,-2.425784
202300045354,2,11,2023,2025-12-05 18:10:00,3,55,55007,1,1,1,3,D964,49.021521,5.446699
202300045355,1,11,2023,2025-12-05 11:50:00,1,46,46153,1,1,2,6,Rd 820,44.854348,1.477232
202300045356,4,5,2023,2025-12-05 20:15:00,2,38,38408,2,1,1,1,Route Du Corbet,45.59714,4.996646
202300045357,3,11,2023,2025-12-05 16:50:00,3,39,39027,1,1,2,1,Adresse_Inconnue,46.561442,5.501533
202300045358,13,5,2023,2025-12-05 14:40:00,1,2,2807,1,1,1,5,Adresse_Inconnue,49.643944,3.208269
202300045359,2,11,2023,2025-12-05 18:00:00,5,2,2095,2,1,3,6,5 Rue Paulin Pecqueux,49.988284,3.452228
202300045360,2,11,2023,2025-12-05 14:00:00,1,3,3170,1,1,2,6,D73,46.52318,3.103402
202300045361,13,5,2023,2025-12-05 16:49:00,1,15,15120,2,1,1,4,Rd 922,45.215955,2.345216
202300045362,13,5,2023,2025-12-05 22:55:00,3,1,1133,1,6,8,7,D992,45.782706,5.769196
202300045363,2,11,2023,2025-12-05 17:40:00,3,70,70575,1,1,9,2,D15B,47.336103,6.016098
202300045364,2,11,2023,2025-12-05 06:30:00,3,45,45188,1,6,6,6,D2152 Pr 50 + 301,47.973763,2.052577
202300045365,14,5,2023,2025-12-05 16:20:00,1,66,66052,1,1,1,3,Adresse_Inconnue,42.605038,2.417217
202300045366,14,5,2023,2025-12-05 01:50:00,3,50,50079,1,3,1,3,Route De Bricquebec,49.542964,-1.674128
202300045367,27,10,2023,2025-12-05 16:50:00,1,16,16286,1,2,3,3,D736 - Chateau De Ligneres,45.806711,-0.052378
202300045368,3,11,2023,2025-12-05 20:20:00,3,24,24019,1,1,2,6,Avenue De La Plaine,45.152627,1.135454
202300045369,2,11,2023,2025-12-05 10:00:00,1,24,24026,1,9,2,1,D5,45.193349,0.887146
202300045370,13,5,2023,2025-12-05 22:55:00,3,18,18134,2,4,1,6,33 Rue Du Chambord,47.125042,2.058086
202300045371,13,5,2023,2025-12-05 07:30:00,2,18,18211,1,1,8,7,Adresse_Inconnue,47.185921,2.399464
202300045372,3,11,2023,2025-12-05 18:30:00,3,85,85288,1,1,3,4,Rd949,46.47643,-1.66258
202300045373,14,5,2023,2025-12-05 09:45:00,1,36,36069,1,1,5,3,Cloue,47.06384338,1.39408357
202300045374,2,11,2023,2025-12-05 14:18:00,1,52,52287,1,3,2,3,D131,48.14233,5.556056
202300045375,14,5,2023,2025-12-05 17:45:00,1,37,37165,1,1,1,6,D57,47.203432,0.512002
202300045376,3,11,2023,2025-12-05 18:20:00,3,68,68375,1,1,1,1,D2,47.815431,7.24602
202300045377,13,5,2023,2025-12-05 18:35:00,1,95,95394,2,1,1,6,48 Pontoise (Chemin De),49.059006,2.171452
202300045378,2,11,2023,2025-12-05 16:15:00,1,34,34247,1,1,7,6,Campus De Bissy (Arret De Bus),43.655709,3.836487
202300045379,13,5,2023,2025-12-05 21:45:00,2,978,97801,1,1,1,1,R Franklin Laurence,18.098783,-63.050091
202300045380,2,11,2023,2025-12-05 19:51:00,3,49,49222,1,1,2,6,A 87 Pk 005+800,47.364699,-0.572748
202300045381,13,5,2023,2025-12-05 13:37:00,1,69,69244,2,6,1,3,Porte Du Valvert,45.77016905,4.78770933
202300045382,2,11,2023,2025-12-05 11:51:00,1,974,97415,1,1,1,4,N1A,-21.056127,55.226727
202300045383,3,11,2023,2025-12-05 13:46:00,1,973,97311,2,1,1,3,42 Avenue Felix Eboue,5.499949,-54.03074
202300045384,13,5,2023,2025-12-05 05:30:00,3,974,97415,1,1,1,3,Rn1A - Pk32,-21.019037,55.235245
202300045385,1,11,2023,2025-12-05 07:40:00,1,971,97116,1,1,1,3,Jabrun Saint Cyr,16.31565,-61.443771
202300045386,13,5,2023,2025-12-05 09:45:00,1,41,41207,2,3,1,7,3Bis Rue Nationale,47.657232,1.494991
202300045387,13,5,2023,2025-12-05 16:58:00,1,95,95102,1,1,1,6,D22,49.15691,2.047148
202300045388,3,11,2023,2025-12-05 09:45:00,1,13,13088,2,4,2,3,D568,43.366358,5.263419
202300045389,14,5,2023,2025-12-05 07:20:00,2,78,78160,2,1,8,7,Route De La Brosse,48.717052,2.03113
202300045390,3,11,2023,2025-12-05 10:20:00,1,48,48004,1,1,1,6,Lieu Dit Combret,44.464297,3.885818
202300045391,13,5,2023,2025-12-05 18:00:00,1,30,30090,1,1,1,1,D51,44.385863,3.981214
202300045392,13,5,2023,2025-12-05 13:00:00,1,83,83138,2,1,1,6,Route Rd 19,43.617662,6.709337
202300045393,3,11,2023,2025-12-05 16:00:00,1,83,83115,1,1,1,1,D25,43.36050493,6.60032135
202300045394,13,5,2023,2025-12-05 10:10:00,1,13,13100,1,1,1,1,Cd 30,43.802277,4.860334
202300045395,31,10,2023,2025-12-05 18:50:00,3,6,6157,2,1,2,6,Chemin Des Gardettes,43.711196,7.105043
202300045396,28,4,2023,2025-12-05 05:40:00,2,68,68163,1,1,3,7,Route Du Sipes,47.682653,7.511634
202300045397,2,11,2023,2025-12-05 07:11:00,2,4,4197,1,1,2,6,D4096,43.772376,5.765381
202300045398,2,11,2023,2025-12-05 09:45:00,1,13,13066,1,9,3,1,D28,43.885614,4.891974
202300045399,12,5,2023,2025-12-05 17:15:00,1,73,73249,1,3,1,3,Rd 1006,45.528129,5.992661
202300045400,31,10,2023,2025-12-05 15:15:00,1,57,57031,2,1,1,7,Rue Principale,49.091131,6.264696
202300045401,13,5,2023,2025-12-05 18:00:00,1,42,42094,2,3,2,3,Rue Du 8 Mai,45.745089,4.22273
202300045402,30,10,2023,2025-12-05 18:05:00,3,1,1424,1,2,2,3,Route De La Boisse,45.874862,4.975927
202300045403,13,5,2023,2025-12-05 20:45:00,2,33,33487,1,1,1,7,Avenue Paul Princeteau -Rd 10,44.970734,-0.477927
202300045404,19,10,2023,2025-12-05 15:45:00,1,59,59268,2,1,1,3,106 Rue Jean Mermoz,50.626727,2.72984
202300045405,14,5,2023,2025-12-05 18:00:00,1,60,60581,2,1,1,6,Rue Du Marais,49.499314,2.438876
202300045406,3,11,2023,2025-12-05 07:50:00,1,59,59592,1,3,8,3,Route De Moncheaux,50.464908,3.07592
202300045407,2,11,2023,2025-12-05 15:00:00,1,94,94038,1,1,1,2,A6B,48.78814065,2.3444426
202300045408,14,5,2023,2025-12-05 08:30:00,1,80,80204,1,1,8,2,Autoroute A1 Pk 137+800,50.009201,2.877045
202300045409,2,11,2023,2025-12-05 17:45:00,2,93,93063,1,1,6,3,Autoroute A3,48.87528738,2.44004158
202300045410,13,5,2023,2025-12-05 21:30:00,3,62,62793,1,1,1,6,D57,50.414288,2.634401
202300045411,2,11,2023,2025-12-05 15:30:00,1,93,93010,1,1,1,3,Autoroute A3,48.91454975,2.47732254
202300045412,14,5,2023,2025-12-05 06:12:00,1,59,59158,2,1,1,6,844 Rue Des Ramoniers,50.446188,3.177579
202300045413,2,1,2023,2025-12-05 15:30:00,1,93,93010,1,1,1,6,Autoroute A3,48.91454975,2.47732254
202300045414,15,4,2023,2025-12-05 18:15:00,1,13,13019,1,1,1,6,A51-Sens Aix En Provence Vers Marseille,43.426893,5.38133
202300045415,2,11,2023,2025-12-05 06:05:00,3,95,95424,1,1,6,5,A15,48.99151,2.19085
202300045416,5,5,2023,2025-12-05 07:45:00,1,69,69199,1,1,1,3,Autoroute 7,45.68399,4.84704
202300045417,13,5,2023,2025-12-05 16:00:00,1,91,91179,1,1,1,7,Autoroute A6,48.55993,2.4843
202300045418,13,5,2023,2025-12-05 01:40:00,3,92,92064,1,1,1,2,A13,48.83887386,2.1936047
202300045419,1,11,2023,2025-12-05 23:00:00,3,93,93008,1,1,2,5,N186,48.90551,2.46138
202300045420,12,5,2023,2025-12-05 12:30:00,1,92,92072,1,1,1,6,N118,48.82701466,2.2242259
202300045421,1,11,2023,2025-12-05 19:00:00,3,92,92078,1,1,1,2,Autoroute A86,48.92990824,2.32700212
202300045422,13,5,2023,2025-12-05 01:20:00,3,95,95241,1,1,1,3,N104,49.05498,2.42402
202300045423,1,11,2023,2025-12-05 16:00:00,1,93,93027,1,1,8,1,Autoroute A16,48.92788,2.40351
202300045424,12,5,2023,2025-12-05 23:00:00,3,95,95060,1,1,1,2,A115,49.03492,2.19666
202300045425,2,11,2023,2025-12-05 19:30:00,3,94,94069,1,1,1,4,A4,48.81737184,2.4349508
202300045426,12,5,2023,2025-12-05 17:05:00,1,95,95582,1,1,1,5,A15,48.96694425,2.25535154
202300045427,1,11,2023,2025-12-05 11:50:00,1,94,94033,1,1,2,4,A86,48.85202343,2.48970428
202300045428,12,5,2023,2025-12-05 13:50:00,1,93,93053,1,1,8,7,Autoroute A103,48.88757,2.47287
202300045429,23,7,2023,2025-12-05 11:30:00,1,5,5153,1,1,1,7,Rd143,44.68378501,6.1599367
202300045430,12,5,2023,2025-12-05 20:15:00,1,94,94073,1,1,1,2,A86,48.7631492,2.38096972
202300045431,12,5,2023,2025-12-05 10:40:00,1,75,75102,2,4,2,1,Place De L Opera,48.87061713,2.33207881
202300045432,1,11,2023,2025-12-05 17:30:00,1,974,97416,1,1,1,4,Rn1 (Route Nationale),-21.303,55.4266
202300045433,9,5,2023,2025-12-05 15:15:00,1,13,13108,2,1,3,6,Halles (Rue),43.8044,4.65665
202300045434,1,11,2023,2025-12-05 05:00:00,5,973,97302,2,1,1,7,Pasteur (Avenue Louis),4.94347,-52.32377
202300045435,31,10,2023,2025-12-05 23:35:00,5,973,97302,1,9,1,7,Maringouins (Rond-Point),4.90761173,-52.32265323
202300045436,1,11,2023,2025-12-05 12:10:00,1,972,97213,2,1,1,1,Bois D'Inde (Cite),14.62460894,-61.01005918
202300045437,1,11,2023,2025-12-05 19:55:00,5,69,69382,2,1,1,6,Cours De Verdun Perrache,45.74877,4.82797
202300045438,12,5,2023,2025-12-05 11:30:00,1,974,97416,2,1,1,6,Mahy (Rue Francois De),-21.34142,55.475
202300045439,31,10,2023,2025-12-05 19:14:00,5,971,97113,1,1,1,1,Secteur Dampierre,16.20861001,-61.46941781
202300045440,12,5,2023,2025-12-05 07:40:00,1,974,97411,2,2,1,6,Nice (Rue De),-20.87366,55.4485
202300045441,1,11,2023,2025-12-05 13:20:00,1,91,91689,1,1,2,1,Rd 118,48.71452,2.33183
202300045442,12,5,2023,2025-12-05 19:20:00,3,973,97302,2,6,1,1,Ket Tai (Carrefour),4.93707509,-52.32599562
202300045443,12,5,2023,2025-12-05 14:50:00,1,973,97302,2,1,1,2,Cabassou (Route De),4.91938,-52.31809
202300045444,1,11,2023,2025-12-05 14:30:00,1,91,91687,2,1,3,1,Duparchy (Rue),48.670441,2.365602
202300045445,12,5,2023,2025-12-05 01:10:00,5,973,97302,2,1,1,6,Grant (Cite),4.94433219,-52.30969012
202300045446,1,11,2023,2025-12-05 19:05:00,5,89,89387,2,1,1,7,Paul Eluard (Rue),48.19165,3.31034
202300045447,12,5,2023,2025-12-05 11:45:00,1,69,69387,2,1,1,6,Rue Chevreul,45.7495,4.83757
202300045448,12,5,2023,2025-12-05 09:55:00,1,69,69387,2,3,1,3,Avenue Leclerc,45.73469,4.82366
202300045449,1,11,2023,2025-12-05 19:10:00,3,77,77350,2,6,1,7,D354,48.76093,2.66275
202300045450,12,5,2023,2025-12-05 14:15:00,1,972,97209,2,1,1,1,Balata (Route De),14.62570432,-61.07243425
202300045451,12,5,2023,2025-12-05 14:20:00,1,69,69034,2,4,1,1,Boulevard Paul Doumer,45.7922,4.83579
202300045452,2,11,2023,2025-12-05 00:15:00,5,76,76231,2,2,2,3,Rue Boucher De Perthes,49.29089,0.99979
202300045453,11,5,2023,2025-12-05 11:35:00,1,971,97101,1,1,8,6,Pont De Blanchard,16.22577,-61.52407
202300045454,31,10,2023,2025-12-05 21:00:00,3,76,76576,1,1,2,5,D6015,49.5537,0.44804
202300045455,11,5,2023,2025-12-05 07:50:00,1,971,97101,2,1,2,4,Route De Boisvins,16.26543,-61.48091
202300045456,12,5,2023,2025-12-05 09:30:00,1,83,83137,2,1,1,3,Matisse (Rue / Imp Henri),43.12903,5.98361
202300045457,31,10,2023,2025-12-05 10:00:00,1,68,68166,2,2,1,1,Guebwiller (Rue De),47.79373,7.31539
202300045458,11,5,2023,2025-12-05 09:18:00,1,83,83129,2,1,1,2,Ecoles (Bd Des),43.10809,5.81407
202300045459,1,11,2023,2025-12-05 22:30:00,5,63,63113,2,1,8,3,Flaubert (Bd Gustave),45.77133459,3.12212348
202300045460,11,5,2023,2025-12-05 10:10:00,1,83,83069,2,3,1,3,Massel (Rue Jules),43.11815,6.11913
202300045461,1,11,2023,2025-12-05 14:20:00,1,62,62193,2,6,3,6,D940,50.9411,1.83832
202300045462,1,11,2023,2025-12-05 12:00:00,1,60,60057,1,1,2,6,Rue De Crevecoeur,49.45732014,2.07505121
202300045463,11,5,2023,2025-12-05 12:10:00,1,82,82121,2,3,1,3,Moulin (Avenue Jean ),44.02436,1.36403
202300045464,1,11,2023,2025-12-05 18:45:00,5,38,38421,2,1,2,6,Avenue Gabriel Peri,45.185,5.76385
202300045465,12,5,2023,2025-12-05 12:15:00,1,78,78146,2,2,2,3,Maurice De Vlaminck (Rue),48.902494,2.151808
202300045466,1,11,2023,2025-12-05 15:15:00,2,38,38151,2,1,2,6,Cours Jean Jaures,45.15159,5.70629
202300045467,11,5,2023,2025-12-05 16:00:00,1,78,78481,2,1,1,6,Jean Jaures (Avenue),48.8978,2.1115
202300045468,1,11,2023,2025-12-05 03:15:00,3,38,38169,2,1,1,6,Avenue Aristide Briand,45.18987319,5.69177504
202300045469,12,5,2023,2025-12-05 09:15:00,1,78,78498,2,3,1,6,Maladrerie Av De La,48.918141,2.02653
202300045470,1,11,2023,2025-12-05 04:30:00,5,37,37261,2,1,1,4,Grammont (Avenue De),47.38217,0.69232
202300045471,12,5,2023,2025-12-05 08:00:00,1,77,77186,1,6,1,2,Rd 142,48.430637,2.66139
202300045472,1,11,2023,2025-12-05 18:50:00,5,35,35281,2,1,2,6,Mermoz (Boulevard Jean),48.0955,-1.69536
202300045473,12,5,2023,2025-12-05 23:25:00,3,76,76231,2,6,1,6,Rue De Rouen,49.29694,0.99486
202300045474,1,11,2023,2025-12-05 14:10:00,1,34,34172,2,1,8,3,Acconiers (Rue Des),43.59555,3.89676
202300045475,12,5,2023,2025-12-05 11:15:00,1,72,72181,2,1,1,3,Monier Francois (Rue),47.95546,0.18276
202300045476,12,5,2023,2025-12-05 07:55:00,1,72,72181,2,9,1,2,Lefaucheux Pierre (Bd),47.96281,0.17698
202300045477,1,11,2023,2025-12-05 19:15:00,5,33,33039,2,2,2,3,Avenue Jeanne D'Arc,44.79843,-0.54151
202300045478,11,5,2023,2025-12-05 16:00:00,1,72,72181,2,9,1,6,Klotz Henri-Pierre (Av),48.01871,0.17328
202300045479,11,5,2023,2025-12-05 11:05:00,1,72,72181,2,1,1,6,Falconet Etienne (Rue),47.96154,0.21403
202300045480,1,11,2023,2025-12-05 09:25:00,1,33,33063,2,1,1,2,Rue De La Pelouse De Douet,44.82879,-0.61006
202300045481,6,5,2023,2025-12-05 15:30:00,1,71,71270,2,1,1,2,Carrefour Europe - Av Edouard Herriot,46.29929,4.82777
202300045482,1,11,2023,2025-12-05 07:10:00,3,33,33522,2,9,2,6,Cours De La Liberation,44.80014,-0.5966
202300045483,12,5,2023,2025-12-05 10:45:00,1,67,67482,2,1,1,6,Petit Rhin (Route Du),48.57152,7.78533
202300045484,1,11,2023,2025-12-05 12:35:00,1,33,33009,2,1,8,6,Gambetta (Ave) Du 30 Et +,44.65855218,-1.168212
202300045485,12,5,2023,2025-12-05 12:10:00,1,67,67482,2,1,2,6,Langevin (Rue),48.60354,7.71468
202300045486,1,11,2023,2025-12-05 20:20:00,3,26,26198,2,1,1,6,Avenue John Fitzgerald Kennedy,44.55416874,4.74010706
202300045487,10,5,2023,2025-12-05 17:53:00,1,66,66136,2,3,1,6,Adresse_Inconnue,42.68003,2.90354
202300045488,1,11,2023,2025-12-05 06:50:00,2,13,13209,2,9,1,3,Catherine Blum (Boulevard),43.26388,5.41841
202300045489,12,5,2023,2025-12-05 22:10:00,5,64,64102,2,6,2,3,Piece Noyee (Rond Point De La),43.49905,-1.4813
202300045490,12,5,2023,2025-12-05 09:45:00,1,64,64102,2,1,1,6,Aritxague (Bd D'),43.4886,-1.49147
202300045491,1,11,2023,2025-12-05 12:20:00,1,13,13001,1,1,1,2,Galice (Rte De),43.52554213,5.39913001
202300045492,11,5,2023,2025-12-05 17:52:00,1,64,64102,2,3,1,3,Soult (Avenue Marechal),43.48361,-1.50088
202300045493,1,11,2023,2025-12-05 18:40:00,5,75,75105,2,3,1,6,Boulevard Saint Michel,48.842493,2.338188
202300045494,12,5,2023,2025-12-05 08:50:00,1,62,62480,2,1,3,6,Rue Cugnot,50.48446,2.68085
202300045495,19,4,2023,2025-12-05 12:45:00,1,61,61391,1,1,1,7,D924,48.777,-0.578
202300045496,1,11,2023,2025-12-05 02:00:00,5,75,75105,2,3,1,2,Boulevard Saint Michel,48.842501,2.338189
202300045497,11,5,2023,2025-12-05 08:10:00,1,57,57012,2,1,1,6,Clemenceau (Rue),49.35835,6.04792
202300045498,12,5,2023,2025-12-05 14:15:00,1,54,54395,2,2,1,6,Rue Jeanne D'Arc,48.68933,6.16979
202300045499,1,11,2023,2025-12-05 08:45:00,1,75,75117,2,2,1,6,Avenue De Clichy,48.890269,2.32077
202300045500,12,5,2023,2025-12-05 03:10:00,5,54,54547,2,1,2,6,Avenue Paul Muller,48.656462,6.127267
202300045501,12,5,2023,2025-12-05 02:00:00,5,54,54395,2,1,8,6,Liberation (Avenue De La),48.696394,6.150602
202300045502,1,11,2023,2025-12-05 18:05:00,5,75,75116,2,4,1,3,Rue D Auteuil,48.848116,2.264346
202300045503,12,5,2023,2025-12-05 23:25:00,5,51,51454,2,1,1,7,Boulevard Albert 1Er,49.266146,4.010195
202300045504,12,5,2023,2025-12-05 18:35:00,1,51,51454,2,3,1,7,Avenue Edmond Michelet,49.2230957,4.03099
202300045505,1,11,2023,2025-12-05 00:50:00,5,75,75116,2,1,1,2,Avenue De New York,48.862559,2.294154
202300045506,12,5,2023,2025-12-05 08:10:00,1,51,51454,2,1,3,3,Boulevard Des Belges,49.27531,4.0188
202300045507,1,11,2023,2025-12-05 22:25:00,5,75,75112,2,3,1,6,Rue Du Faubourg Saint Antoine,48.849676,2.387312
202300045508,12,5,2023,2025-12-05 01:45:00,5,50,50129,2,2,1,3,Conquerant (Boulevard Guillaume Le),49.64218,-1.63693
202300045509,31,10,2023,2025-12-05 23:30:00,5,75,75108,2,2,1,3,Avenue Matignon,48.871761,2.314194
202300045510,11,5,2023,2025-12-05 21:20:00,2,50,50129,2,2,1,3,Schuman (Boulevard Robert),49.63815,-1.62515
202300045511,1,11,2023,2025-12-05 21:30:00,5,94,94058,2,1,2,2,Quai De L'Artois,48.83029,2.513138