num_acc,jour,mois,an,hrmn,lum,dep,com,agg,int,atm,col,adr,lat,long
202300045512,12,5,2023,2025-12-05 19:15:00,1,49,49007,2,2,1,3,Bedier Boulevard,47.45056,-0.55279
202300045513,1,11,2023,2025-12-05 21:30:00,5,93,93059,2,1,1,3,Rue Pierre Curie,48.95628296,2.36337508
202300045514,12,5,2023,2025-12-05 08:50:00,1,49,49007,2,1,1,2,Voie Des Berges,47.47148681,-0.55957586
202300045515,1,11,2023,2025-12-05 14:50:00,1,93,93066,2,3,2,6,Avenue Jules Rimet / Rue De L'Olympisme,48.924654,2.362579
202300045516,11,5,2023,2025-12-05 14:15:00,1,49,49246,2,1,1,1,Gaulle Rue Charles De,47.42364,-0.52434
202300045517,1,11,2023,2025-12-05 09:45:00,1,93,93066,2,4,8,3,Boulevard De La Liberation / Rue Charles Michels,48.92746,2.34161
202300045518,12,5,2023,2025-12-05 13:05:00,1,37,37214,2,1,1,3,D938,47.42904,0.65039
202300045519,1,11,2023,2025-12-05 18:45:00,5,93,93064,2,5,1,6,Avenue Du General De Gaulle / Boulevard Gabriel Peri,48.87728117,2.47999327
202300045520,4,5,2023,2025-12-05 17:10:00,1,35,35288,2,1,1,1,Jean Xxiii (Rue),48.634015,-2.016208
202300045521,1,11,2023,2025-12-05 08:55:00,1,93,93051,2,1,1,6,Boulevard Du Ru De Nesles,48.83642,2.58248
202300045522,12,5,2023,2025-12-05 11:30:00,1,35,35115,2,6,1,3,Groslay (Bd De Jusqu'Au Ndeg23),48.35264,-1.18618
202300045523,1,11,2023,2025-12-05 08:05:00,1,93,93048,2,2,1,3,Rue Robespierre / Rue Cuvier,48.85104,2.42451
202300045524,12,5,2023,2025-12-05 06:00:00,2,33,33550,2,1,1,1,Avenue Des Pyrenees,44.77913,-0.56625
202300045525,1,11,2023,2025-12-05 12:04:00,1,93,93045,2,2,2,3,Rue Des Bruyeres / Rue De Romainville,48.87685,2.41433
202300045526,12,5,2023,2025-12-05 16:00:00,1,33,33009,2,3,1,2,Liberation (Ave),44.65506,-1.15879
202300045527,1,11,2023,2025-12-05 20:28:00,5,93,93079,2,3,1,6,Rue De L'Universite / Rue Du 19 Mars 1962,48.95895,2.34213
202300045528,12,5,2023,2025-12-05 18:30:00,2,31,31344,1,1,2,2,Pointis Inard (Route De),43.09721,0.77086
202300045529,1,11,2023,2025-12-05 09:56:00,1,93,93027,1,1,1,6,Avenue Waldeck Rochet,48.93799017,2.40479568
202300045530,12,5,2023,2025-12-05 07:50:00,1,31,31483,2,2,2,1,Boyer (Rue Du General),43.10117,0.7302
202300045531,31,10,2023,2025-12-05 20:35:00,5,92,92046,2,2,1,6,Camelinat,48.813,2.29873
202300045532,5,5,2023,2025-12-05 00:10:00,3,30,30028,1,9,1,6,Euzeby (Avenue Ernest),44.16,4.61
202300045533,31,10,2023,2025-12-05 18:40:00,5,92,92075,2,1,1,2,Paix (Avenue De La),48.81541966,2.27706707
202300045534,12,5,2023,2025-12-05 20:05:00,1,29,29019,2,1,7,6,Avenue De Provence,48.40758,-4.51505
202300045535,1,11,2023,2025-12-05 15:10:00,1,92,92033,2,1,1,6,Henri Regnault,48.8487959,2.19062895
202300045536,12,5,2023,2025-12-05 12:45:00,1,27,27681,2,1,1,2,Jaures (Boulevard Jaures),49.09507,1.46668
202300045537,1,11,2023,2025-12-05 04:10:00,5,92,92051,2,2,1,3,Maurice Barres (Boulevard),48.8789015,2.27076387
202300045538,11,5,2023,2025-12-05 17:45:00,1,27,27299,2,2,1,2,Briand (Avenue Aristide),49.04142,1.1592
202300045539,31,10,2023,2025-12-05 18:45:00,5,92,92051,1,9,2,3,Bourdon (Boulevard),48.89658479,2.27276623
202300045540,12,5,2023,2025-12-05 16:30:00,1,25,25204,1,3,2,3,Route Departementale 437,46.93231016,6.3661871
202300045541,1,11,2023,2025-12-05 19:30:00,5,92,92048,2,3,1,3,Robert Schuman (Avenue),48.78901406,2.23387465
202300045542,12,5,2023,2025-12-05 12:10:00,1,25,25056,2,2,1,1,Observatoire Avenue De L',47.246179,5.999043
202300045543,1,11,2023,2025-12-05 20:55:00,4,92,92023,2,1,1,6,Garde (Place Du) S101,48.80326,2.25684
202300045544,6,5,2023,2025-12-05 23:30:00,3,19,19031,2,1,1,3,Rivet (Avenue Jean Charles),45.15118,1.50055
202300045545,6,5,2023,2025-12-05 16:05:00,1,19,19031,2,2,1,3,Dumaitre (Rue Jean),45.15527,1.54838
202300045546,18,10,2023,2025-12-05 19:15:00,3,83,83019,1,1,1,1,D98,43.199216,6.394451
202300045547,12,5,2023,2025-12-05 20:15:00,1,13,13207,2,1,1,3,Rive Neuve (Quai),43.29259641,5.36731482
202300045548,1,11,2023,2025-12-05 12:05:00,1,36,36006,1,1,2,7,Adresse_Inconnue,46.56317828,1.50554538
202300045549,12,5,2023,2025-12-05 15:00:00,1,13,13212,2,1,1,6,Felibres (Avenue Des),43.31156218,5.42576734
202300045550,2,11,2023,2025-12-05 18:10:00,3,83,83140,1,1,2,6,Rdn 7- Saint Maximin,43.409179,5.947579
202300045551,2,11,2023,2025-12-05 10:00:00,1,59,59182,1,1,3,7,1886 Loowegh Straete,50.911811,2.33268
202300045552,12,5,2023,2025-12-05 13:40:00,1,13,13203,2,3,1,3,Mires (Rue),43.31134,5.37048
202300045553,2,11,2023,2025-12-05 15:50:00,1,82,82094,2,9,2,1,Lauzerte,44.261859,1.146542
202300045554,12,5,2023,2025-12-05 12:30:00,1,13,13214,2,1,1,1,Saint Joseph (Chemin De),43.34869846,5.37608206
202300045555,31,10,2023,2025-12-05 17:18:00,2,82,82087,1,3,8,2,D927,44.118749,1.248472
202300045556,12,5,2023,2025-12-05 09:00:00,1,13,13212,2,1,1,1,Trois Lucs A La Valentine (Route),43.30205,5.47637
202300045557,2,11,2023,2025-12-05 14:45:00,1,65,65292,1,1,2,7,Cami De Marque-Darre,43.266663,-0.125039
202300045558,12,5,2023,2025-12-05 09:21:00,1,10,10081,2,6,2,2,Boulevard De L'Ouest,48.30500654,4.02689695
202300045559,1,11,2023,2025-12-05 14:45:00,1,32,32301,1,1,1,7,Chemin De Bianne,43.661991,0.466388
202300045560,11,5,2023,2025-12-05 07:47:00,1,10,10325,2,1,1,6,Rue Marie Curie,48.27086388,4.07393485
202300045561,1,11,2023,2025-12-05 11:25:00,1,11,11418,1,2,1,3,Cd218,43.235339,2.035925
202300045562,1,5,2023,2025-12-05 11:22:00,1,10,10265,2,1,1,6,Gagnage (Rue Du),48.30491,4.03828
202300045563,2,11,2023,2025-12-05 18:25:00,5,47,47051,2,6,2,3,Avenue Jean Monnet,44.175346,0.686782
202300045564,12,5,2023,2025-12-05 16:55:00,1,7,7229,2,6,1,7,Rn 102,44.61264,4.40823
202300045565,1,11,2023,2025-12-05 14:30:00,1,34,34194,2,1,1,3,163 Rue Des Coquelicots,43.536809,3.45763
202300045566,2,5,2023,2025-12-05 16:35:00,1,6,6069,2,1,1,6,De Gaulle (Avenue Du General),43.655809,6.918132
202300045567,2,11,2023,2025-12-05 05:45:00,3,44,44064,1,1,3,7,Adresse_Inconnue,47.114401,-1.282702
202300045568,2,5,2023,2025-12-05 15:00:00,1,6,6069,2,1,1,2,Cannes (Route De)  -Rd 6085-,43.63523,6.95167
202300045569,2,11,2023,2025-12-05 04:30:00,3,2,2643,1,1,6,6,21 Route Nationale 31,49.39648,3.127241
202300045570,11,5,2023,2025-12-05 21:10:00,5,5,5061,2,1,1,3,Commandant Dumont ( Avenue),44.56931,6.0833
202300045571,25,10,2023,2025-12-05 14:30:00,1,26,26324,2,1,1,6,Avenue Louis Girard,44.345788,4.772476
202300045572,1,11,2023,2025-12-05 21:15:00,5,6,6012,2,1,1,7,Chemin Des Revoires,43.7365748,7.4092755
202300045573,5,5,2023,2025-12-05 03:42:00,3,2,2722,2,1,1,1,Adresse_Inconnue,49.36882,3.31654
202300045574,5,4,2023,2025-12-05 14:00:00,1,2,2243,2,1,1,6,Adresse_Inconnue,49.4006,3.36579
202300045575,31,10,2023,2025-12-05 19:40:00,5,45,45145,2,4,2,3,D96 Pr 1 + 150,48.094842,2.790077
202300045576,12,5,2023,2025-12-05 18:25:00,1,75,75113,2,4,1,2,Bretelle D Acces Exterieur Ivry,48.819874,2.374335
202300045577,2,11,2023,2025-12-05 16:55:00,1,21,21425,2,4,1,3,1 Rue Carnot,47.621507,4.336923
202300045578,11,5,2023,2025-12-05 19:10:00,1,75,75119,2,1,1,2,Porte D Aubervilliers,48.900368,2.375187
202300045579,30,10,2023,2025-12-05 11:20:00,1,85,85234,2,1,8,1,Chemin Du Pas Du Rat,46.756203,-1.997184
202300045580,10,5,2023,2025-12-05 23:45:00,5,75,75118,2,1,1,2,Porte De Saint Ouen,48.900675,2.333095
202300045581,13,10,2023,2025-12-05 18:00:00,2,52,52250,2,1,1,2,Avenue De Lorraine,48.447045,5.155367
202300045582,6,4,2023,2025-12-05 19:50:00,2,84,84069,1,1,1,1,2013 Route De Vaison,44.195128,5.117998
202300045583,10,5,2023,2025-12-05 19:20:00,1,75,75113,2,1,1,4,Bd Peripherique Exterieur,48.81688,2.348326
202300045584,1,11,2023,2025-12-05 18:50:00,2,973,97310,1,1,1,7,Pont De Stoupan,4.740793,-52.326926
202300045585,2,11,2023,2025-12-05 05:15:00,5,38,38140,1,1,1,6,A41S - Gare De Peage,45.272093,5.900946
202300045586,6,4,2023,2025-12-05 14:00:00,1,81,81074,2,1,7,3,48 Route De Villefranche,43.926907,2.228735
202300045587,2,11,2023,2025-12-05 15:29:00,1,49,49050,1,1,1,7,D55,47.330334,-0.483516
202300045588,12,5,2023,2025-12-05 15:10:00,1,75,75106,2,4,2,2,Rue De Rennes,48.851109,2.330724
202300045589,5,4,2023,2025-12-05 14:15:00,1,45,45103,1,1,1,6,A19 Pr 75 + 310,48.090808,2.524409
202300045590,6,4,2023,2025-12-05 14:20:00,1,28,28219,1,1,1,7,A11 - Pk 103.500,48.231295,1.023735
202300045591,2,11,2023,2025-12-05 05:15:00,3,21,21423,1,1,3,6,Autoroute A6 Pk 309+100 Sens Paris-Lyon,46.989043,4.852604
202300045592,11,5,2023,2025-12-05 08:20:00,1,75,75106,2,2,1,3,Boulevard Raspail,48.848088,2.327934
202300045593,6,4,2023,2025-12-05 16:20:00,1,68,68175,1,1,1,1,D415,48.153908,7.170604
202300045594,12,5,2023,2025-12-05 05:20:00,5,75,75120,2,1,1,6,Boulevard De Menilmontant,48.86318,2.38729
202300045595,6,3,2023,2025-12-05 21:30:00,3,972,97226,1,1,1,3,Bareto,14.460441,-60.859612
202300045596,2,11,2023,2025-12-05 18:00:00,2,30,30169,1,9,2,5,A9,43.792468,4.303367
202300045597,12,5,2023,2025-12-05 00:50:00,5,75,75117,2,1,1,6,Rue Nollet,48.887183,2.320923
202300045598,31,3,2023,2025-12-05 20:00:00,5,972,97229,2,1,1,6,Route De Terreville,14.637517,-61.097808
202300045599,11,5,2023,2025-12-05 10:02:00,1,75,75117,2,2,1,3,Boulevard Berthier,48.894359,2.313252
202300045600,5,4,2023,2025-12-05 21:15:00,3,1,1353,1,1,1,6,Route De Trevoux,45.959869,4.800693
202300045601,5,4,2023,2025-12-05 13:10:00,1,35,35200,1,1,1,3,Route Departemantale 178,47.959626,-1.212637
202300045602,10,5,2023,2025-12-05 15:35:00,1,75,75114,2,7,1,3,Avenue De La Porte D Orleans,48.821912,2.325454
202300045603,6,4,2023,2025-12-05 08:50:00,1,35,35334,1,1,2,2,"A84, Pk 098+000",48.1592392,-1.59628183
202300045604,11,5,2023,2025-12-05 23:25:00,5,75,75113,2,2,1,3,Rue De Tolbiac,48.826418,2.341792
202300045605,6,4,2023,2025-12-05 20:30:00,2,30,30334,2,3,1,3,Avenue Louis Alteirac,44.017555,4.416311
202300045606,11,5,2023,2025-12-05 21:09:00,2,75,75101,2,2,1,6,Boulevard De Sebastopol,48.857722,2.347779
202300045607,30,3,2023,2025-12-05 00:30:00,3,57,57163,1,1,1,6,D45,48.671154,7.217202
202300045608,12,5,2023,2025-12-05 14:25:00,1,94,94068,2,4,1,3,Avenue Du Bel Air,48.80552809,2.49549025
202300045609,1,4,2023,2025-12-05 21:45:00,3,56,56117,2,6,1,2,Rue Ernest Renan,47.891971,-2.833394
202300045610,12,5,2023,2025-12-05 08:00:00,1,94,94052,2,5,1,3,Georges Clemenceau,48.83554,2.47382
202300045611,5,4,2023,2025-12-05 17:10:00,1,56,56130,1,6,1,3,Lieu Dit La Madeleine,47.73928,-3.226118
202300045612,11,5,2023,2025-12-05 06:40:00,2,94,94041,2,2,1,1,Avenue Danielle Casanova,48.81578,2.38304
202300045613,3,4,2023,2025-12-05 17:55:00,1,59,59135,2,1,1,7,20 Rue De Watten,50.802315,2.477045
202300045614,3,4,2023,2025-12-05 17:25:00,1,79,79277,1,1,1,7,Adresse_Inconnue,47.050242,-0.214952
202300045615,11,5,2023,2025-12-05 18:25:00,1,94,94038,2,1,1,3,34 Avenue Du General De Gaulle,48.78147121,2.34248391
202300045616,6,4,2023,2025-12-05 14:45:00,1,63,63222,1,1,1,6,D 26,45.55089166,3.17519235
202300045617,6,4,2023,2025-12-05 01:30:00,3,55,55470,1,1,1,6,D635,48.689884,5.043411
202300045618,11,5,2023,2025-12-05 17:24:00,1,94,94033,2,3,1,3,28Bis Rue Charles Bassee,48.84903,2.46762
202300045619,4,4,2023,2025-12-05 19:08:00,1,46,46243,1,1,1,6,Departementale 40,44.767364,1.854587
202300045620,10,5,2023,2025-12-05 09:35:00,1,94,94011,2,1,3,3,Avenue De Paris,48.77497,2.48108
202300045621,11,5,2023,2025-12-05 12:14:00,1,94,94059,2,1,1,2,Avenue Du Tramway,48.8142224,2.5662134
202300045622,5,4,2023,2025-12-05 20:30:00,2,41,41214,1,1,1,2,Les Vallieres,47.935511,1.201473
202300045623,12,5,2023,2025-12-05 12:05:00,1,94,94017,2,2,2,6,Rue Albert Thomas,48.81244153,2.5108636
202300045624,6,4,2023,2025-12-05 13:40:00,1,39,39326,1,1,1,1,Adresse_Inconnue,46.594599,5.667615
202300045625,5,4,2023,2025-12-05 01:54:00,3,25,25122,1,1,1,6,D48,46.938479,6.218651
202300045626,24,4,2023,2025-12-05 14:30:00,1,25,25036,1,1,1,6,Rn83 Avanne-Aveney,47.1933,5.965919
202300045627,11,5,2023,2025-12-05 20:09:00,1,93,93050,2,3,1,2,Rue Paul Et Camille Thomoux / Avenue Robert Schumann,48.87353,2.52967
202300045628,5,4,2023,2025-12-05 17:15:00,1,38,38140,1,1,1,2,D10,45.270949,5.89046
202300045629,6,4,2023,2025-12-05 12:30:00,1,3,3089,1,1,1,6,Rd 987,46.187288,3.017378
202300045630,12,5,2023,2025-12-05 17:28:00,1,93,93029,2,1,8,6,Rue Auguste Blanqui,48.92039991,2.45748938
202300045631,6,4,2023,2025-12-05 18:00:00,1,58,58067,2,1,1,6,10 Route De La Foret,47.110947,3.096288
202300045632,12,5,2023,2025-12-05 18:55:00,1,93,93010,2,1,1,6,Avenue Pasteur,48.90664,2.48826
202300045633,6,4,2023,2025-12-05 01:50:00,4,54,54152,2,9,1,6,Rue Pierre Semard,48.56347,6.39042
202300045634,6,4,2023,2025-12-05 07:24:00,2,60,60509,2,1,3,6,Rue Louis Pasteur,49.307263,2.590365
202300045635,12,5,2023,2025-12-05 08:15:00,1,93,93007,2,3,1,6,Avenue Pierre Brossolette / Square De Stalingrad,48.92959853,2.46719639
202300045636,5,4,2023,2025-12-05 17:55:00,1,27,27467,1,1,1,3,46 Route De Cormeilles,49.343993,0.498478
202300045637,12,5,2023,2025-12-05 16:40:00,1,92,92051,2,2,2,3,"Saussaye (Boulevard De La, Ndeg 7 A 61 Et",48.89056107,2.26511613
202300045638,5,4,2023,2025-12-05 09:00:00,1,17,17024,1,1,1,7,D121,46.031959,-0.368063
202300045639,6,4,2023,2025-12-05 10:45:00,1,37,37226,2,6,8,3,92 Avenue Du General De Gaulle,47.10531,0.613024
202300045640,12,5,2023,2025-12-05 11:55:00,1,92,92026,2,1,2,3,Joffre ( De 52 A Fin Et De 61 A Fin ),48.90143,2.27802
202300045641,5,4,2023,2025-12-05 15:45:00,1,76,76657,1,1,1,6,A131 Pk 024.400,49.48091,0.337143
202300045642,24,3,2023,2025-12-05 00:45:00,3,33,33284,1,1,1,6,A660,44.626488,-0.889485
202300045643,19,2,2023,2025-12-05 16:25:00,1,75,75120,2,1,1,3,Boulevard Davout,48.850732,2.410948
202300045644,6,4,2023,2025-12-05 17:10:00,1,69,69268,1,3,1,3,Route De Vernaison,45.651991,4.755492
202300045645,20,2,2023,2025-12-05 11:30:00,1,75,75118,2,2,1,6,Avenue De Saint Ouen,48.895548,2.328289
202300045646,19,2,2023,2025-12-05 05:00:00,5,75,75117,2,7,1,7,Place De La Porte Maillot,48.878492,2.282976
202300045647,20,2,2023,2025-12-05 17:10:00,1,75,75116,2,1,1,6,Avenue Victor Hugo,48.869108,2.284015
202300045648,6,4,2023,2025-12-05 07:00:00,2,14,14555,1,1,3,4,A13,49.30759535,0.29912145
202300045649,19,2,2023,2025-12-05 23:25:00,5,75,75116,2,1,1,3,Allee De La Reine Marguerite,48.866982,2.250379
202300045650,5,4,2023,2025-12-05 08:45:00,1,69,69064,2,1,1,6,115 Rue Nationale,45.457282,4.756978
202300045651,20,2,2023,2025-12-05 08:50:00,1,75,75112,2,1,1,3,Quai De Bercy,48.834508,2.380862
202300045652,24,3,2023,2025-12-05 15:45:00,1,987,98714,1,1,1,4,Vaitape,-16.503783,-151.748361
202300045653,20,2,2023,2025-12-05 05:40:00,5,75,75108,2,4,1,3,Avenue De Friedland,48.874238,2.29969
202300045654,6,4,2023,2025-12-05 16:45:00,1,976,97608,2,3,1,3,Boulevard Des Crabes,-12.78201,45.257138
202300045655,20,2,2023,2025-12-05 15:42:00,1,75,75108,2,7,1,3,Place Charles De Gaulle,48.873847,2.295945
202300045656,3,4,2023,2025-12-05 18:30:00,5,971,97134,2,1,1,6,3089 Chemin De Tanville,16.049641,-61.736391
202300045657,20,2,2023,2025-12-05 17:35:00,1,94,94074,2,1,1,2,Avenue Henri Barbusse,48.76404688,2.4421277
202300045658,20,2,2023,2025-12-05 20:58:00,5,94,94037,2,2,1,3,Rue Du Val De Marne,48.81756,2.35338
202300045659,6,4,2023,2025-12-05 06:45:00,2,91,91041,1,6,1,7,"D19, Sens Bretigny-Arpajon",48.56347,2.244609
202300045660,19,2,2023,2025-12-05 12:40:00,1,94,94021,2,1,1,6,17 Avenue Georges Guynemer,48.7652665,2.33852425
202300045661,6,4,2023,2025-12-05 18:00:00,1,84,84141,2,1,1,2,Allee Des Verguets,43.972994,4.888471
202300045662,20,2,2023,2025-12-05 08:50:00,1,94,94054,2,2,1,3,Avenue Marcel Cachin / Rue Jean Mermoz,48.750184,2.413202
202300045663,19,2,2023,2025-12-05 15:05:00,1,94,94075,2,1,1,3,Rue D'Yerres,48.719505,2.520986
202300045664,30,8,2023,2025-12-05 19:35:00,1,1,1269,1,1,1,6,D74,46.158774,5.585888
202300045665,5,4,2023,2025-12-05 17:40:00,1,52,52246,1,1,1,4,N19,47.91173792,5.29095268
202300045666,29,8,2023,2025-12-05 17:45:00,1,72,72215,2,3,1,1,Rue Desiree Ruel,48.37491,0.252128
202300045667,19,2,2023,2025-12-05 00:01:00,5,93,93073,2,2,1,3,Rue De Savoie / Avenue Albert Sarraut,48.94356,2.59078
202300045668,20,2,2023,2025-12-05 10:30:00,1,93,93053,2,2,1,3,Avenue De Rosny / Avenue D'Alsace Lorraine,48.89733,2.47065
202300045669,30,8,2023,2025-12-05 19:05:00,1,14,14396,1,6,1,3,Rue Du Dorset,49.13422371,-0.41271022
202300045670,30,3,2023,2025-12-05 06:45:00,2,67,67345,2,6,2,3,Rue De Kaltenhouse,48.792132,7.846234
202300045671,20,2,2023,2025-12-05 17:12:00,1,93,93031,2,3,1,6,Avenue De La Marne / Avenue Jean Jaures,48.95827,2.32553
202300045672,31,8,2023,2025-12-05 17:45:00,1,9,9324,2,1,7,1,Chemin De Malmarty,43.051438,1.644114
202300045673,30,8,2023,2025-12-05 00:40:00,3,73,73007,1,1,1,6,D925,45.572408,6.263988
202300045674,20,2,2023,2025-12-05 19:10:00,5,93,93010,2,1,1,5,Route D'Aulnay,48.907292,2.480296
202300045675,20,3,2023,2025-12-05 08:45:00,1,54,54111,2,3,1,3,Rue Edmond Pintier,48.62357665,6.08421564
202300045676,31,8,2023,2025-12-05 17:40:00,1,43,43177,1,1,1,6,Le Grand Roure,45.320524,4.300444
202300045677,20,2,2023,2025-12-05 19:50:00,5,93,93057,2,1,1,6,Avenue Aristide Briand,48.90833191,2.49722096
202300045678,20,2,2023,2025-12-05 14:10:00,1,93,93005,2,1,1,6,Avenue Du 14 Juillet,48.92939,2.497607
202300045679,26,8,2023,2025-12-05 12:45:00,1,43,43199,1,1,1,1,Lieu-Dit Loubriat,45.089778,4.200844
202300045680,6,4,2023,2025-12-05 12:35:00,1,44,44066,1,2,1,3,510 Route De Bellevue,47.35468,-1.597943
202300045681,20,2,2023,2025-12-05 14:39:00,1,92,92046,2,1,1,7,Gambetta (Rue),48.82196142,2.30867118
202300045682,31,8,2023,2025-12-05 06:30:00,2,7,7296,2,1,1,7,D579,44.566913,4.391943
202300045683,5,4,2023,2025-12-05 01:45:00,3,38,38382,2,1,1,6,Avenue Du General De Gaulle,45.23127,5.67734
202300045684,20,2,2023,2025-12-05 17:00:00,1,92,92051,2,1,1,1,"Victor Hugo (Boulevard, Ndeg 9 A 49 Et 16",48.886861,2.279069
202300045685,23,8,2023,2025-12-05 13:42:00,1,85,85287,1,1,1,1,Rd89,46.70410286,-0.8870682
202300045686,5,4,2023,2025-12-05 16:50:00,1,26,26064,1,1,1,1,D68,44.903672,5.001
202300045687,20,2,2023,2025-12-05 11:05:00,1,92,92012,2,1,1,4,General Leclerc (Avenue Du) 1/33 - 2/58,48.83255258,2.24019438
202300045688,31,8,2023,2025-12-05 11:00:00,1,27,27467,2,4,2,6,Avenue De L'Europe,49.350446,0.530262
202300045689,20,2,2023,2025-12-05 16:55:00,1,49,49063,1,1,1,6,D751,47.343766,-0.710549
202300045690,30,8,2023,2025-12-05 18:45:00,1,28,28291,1,1,1,7,D17,48.356648,1.781298
202300045691,5,4,2023,2025-12-05 06:00:00,2,1,1043,1,6,1,2,D1084A,45.821872,4.991865
202300045692,13,2,2023,2025-12-05 15:45:00,1,37,37074,2,2,1,1,D749,47.24222512,0.16205746
202300045693,20,2,2023,2025-12-05 21:25:00,3,25,25132,1,1,1,6,A36 Sens Beaune - Mulhouse,47.337413,6.176653
202300045694,6,4,2023,2025-12-05 03:30:00,4,1,1386,2,3,1,6,2 Grande Rue,45.888716,5.367894
202300045695,21,2,2023,2025-12-05 10:19:00,1,95,95487,2,1,5,1,Rue Corentin Quideau,49.14717,2.260299
202300045696,27,8,2023,2025-12-05 16:00:00,1,37,37223,1,2,1,3,La Rouerie,47.501598,0.255942
202300045697,19,2,2023,2025-12-05 14:40:00,1,17,17131,1,2,1,3,D732,45.579257,-0.793473
202300045698,6,4,2023,2025-12-05 14:10:00,1,69,69255,1,1,8,1,Route Du Pont Pinay,45.72398,4.672266
202300045699,20,2,2023,2025-12-05 16:25:00,1,28,28018,1,1,1,7,Autoroute A11 Pk113+300,48.204861,0.900385
202300045700,27,8,2023,2025-12-05 17:20:00,1,37,37099,1,1,8,1,D751  Pk 49-148,47.29580154,0.54113339
202300045701,20,2,2023,2025-12-05 16:45:00,1,10,10381,1,1,1,1,D660,48.286734,3.959649
202300045702,6,4,2023,2025-12-05 12:25:00,1,85,85097,1,6,2,2,Rd755,46.951639,-1.07931
202300045703,30,8,2023,2025-12-05 18:25:00,1,67,67125,1,1,1,4,A35,48.329974,7.497675
202300045704,6,4,2023,2025-12-05 13:20:00,1,50,50025,2,1,1,7,15 Boulevard Pasteur (Avranches),48.676603,-1.356855
202300045705,27,8,2023,2025-12-05 02:06:00,3,28,28392,1,1,1,6,Autoroute A10 Point Kilometrique 062+000 Direction Paris (75),48.227687,1.847978
202300045706,20,2,2023,2025-12-05 19:30:00,5,972,97232,2,3,1,1,Allee Des Hibiscus,14.545801,-60.842966
202300045707,20,2,2023,2025-12-05 14:50:00,1,83,83070,2,6,1,3,Rond-Point Kronberg (Fontaine),43.136667,6.366046
202300045708,27,8,2023,2025-12-05 12:15:00,1,13,13051,1,1,1,3,"A7, Pk 243+000, Sens S-N",43.58430216,5.20498481
202300045709,6,4,2023,2025-12-05 18:30:00,1,14,14679,2,2,1,3,275 Avenue Des Fresnaux,49.242781,-0.748261
202300045710,20,2,2023,2025-12-05 23:05:00,3,22,22193,1,6,1,6,D59,48.398584,-2.436858
202300045711,30,8,2023,2025-12-05 13:00:00,1,987,98729,2,1,1,6,"Maharepa, Pk 5",-17.577,-150.202
202300045712,20,2,2023,2025-12-05 18:43:00,3,57,57757,1,3,1,3,Rue Du Fort (Pont),49.337501,6.179906
202300045713,6,4,2023,2025-12-05 11:30:00,1,60,60079,1,1,2,6,D 922,49.147593,2.868067
202300045714,31,8,2023,2025-12-05 17:40:00,1,976,97615,2,2,7,3,Rue Du Stade,-12.796323,45.281181
202300045715,21,2,2023,2025-12-05 06:49:00,2,95,95352,1,1,5,3,Rd 922,49.10841517,2.43684193
202300045716,5,4,2023,2025-12-05 07:33:00,1,83,83027,1,1,1,3,A50,43.20292965,5.74040346
202300045717,18,2,2023,2025-12-05 14:54:00,1,51,51434,1,1,1,3,D3,49.016464,4.100422
202300045718,5,4,2023,2025-12-05 00:20:00,3,57,57757,1,1,1,7,Autoroute A31,49.34518966,6.1773077
202300045719,28,8,2023,2025-12-05 20:45:00,3,973,97304,1,1,1,4,Rn1 Pk84,5.157368,-52.88106
202300045720,21,2,2023,2025-12-05 09:00:00,1,95,95527,1,6,1,4,Rd 902A,48.998638,2.508434
202300045721,20,2,2023,2025-12-05 17:20:00,1,79,79161,2,1,1,7,Adresse_Inconnue,46.92326,-0.22014
202300045722,30,8,2023,2025-12-05 21:45:00,3,971,97114,1,1,1,1,Sarcelle,16.158453,-61.586185
202300045723,5,4,2023,2025-12-05 18:45:00,1,94,94038,1,1,1,4,A6B,48.77892968,2.34679475
202300045724,18,2,2023,2025-12-05 12:00:00,1,11,11293,1,1,1,2,Route Departementale 118,43.110571,2.267915
202300045725,5,4,2023,2025-12-05 17:30:00,1,91,91471,1,1,1,2,Rn 118,48.71199,2.18395
202300045726,24,8,2023,2025-12-05 11:50:00,1,34,34302,2,2,1,3,6 Avenue Du Stade,43.315503,2.65977
202300045727,20,2,2023,2025-12-05 15:40:00,1,63,63128,1,1,1,1,D224,45.90585721,3.38973284
202300045728,24,8,2023,2025-12-05 20:30:00,2,34,34075,2,1,1,7,4 Chemin Du Tribi,43.321724,2.714551
202300045729,31,8,2023,2025-12-05 03:50:00,3,83,83071,1,6,1,6,D 98,43.146558,6.256371
202300045730,5,4,2023,2025-12-05 15:30:00,1,94,94016,1,1,1,2,A6B,48.79407352,2.34456235
202300045731,6,12,2023,2025-12-05 14:05:00,1,75,75116,2,2,1,3,Avenue Raymond Poincare,48.865068,2.286511
202300045732,20,2,2023,2025-12-05 09:45:00,1,49,49336,1,2,1,1,"D167 - Lieu Dit ""Le Plessis Neuf""",47.043311,-0.591931
202300045733,20,2,2023,2025-12-05 16:00:00,1,34,34031,2,1,1,3,Impasse De L'Allee,43.358943,3.427355
202300045734,5,4,2023,2025-12-05 09:35:00,1,92,92002,1,1,1,2,Autoroute A86,48.76284698,2.30411982
202300045735,31,8,2023,2025-12-05 09:00:00,1,89,89442,1,1,1,2,A19,48.081861,3.128513