num_acc,jour,mois,an,hrmn,lum,dep,com,agg,int,atm,col,adr,lat,long
202300045736,5,12,2023,2025-12-05 13:30:00,1,75,75115,2,2,2,1,Rue De La Convention,48.839991,2.290364
202300045737,20,2,2023,2025-12-05 21:00:00,3,39,39025,1,1,1,6,Adresse_Inconnue,46.550715,5.393815
202300045738,4,4,2023,2025-12-05 23:35:00,3,94,94021,1,1,1,2,A6A,48.76371356,2.34190432
202300045739,20,2,2023,2025-12-05 17:20:00,1,29,29217,2,1,1,6,Rue De Rustephan,47.85935614,-3.75590533
202300045740,6,12,2023,2025-12-05 09:15:00,1,75,75112,2,1,1,3,Rue De La Gare De Reuilly,48.841973,2.395998
202300045741,31,8,2023,2025-12-05 11:10:00,1,63,63417,1,9,1,3,M2,45.821013,3.064831
202300045742,10,2,2023,2025-12-05 13:15:00,1,3,3287,1,1,1,6,D18,46.417535,3.166122
202300045743,5,4,2023,2025-12-05 18:25:00,1,92,92036,1,1,1,4,A86,48.93488462,2.28273043
202300045744,31,8,2023,2025-12-05 01:30:00,4,73,73040,2,1,1,7,D902,45.32408006,7.00220838
202300045745,6,12,2023,2025-12-05 12:48:00,1,75,75110,2,3,1,3,Rue Du Faubourg Saint Martin,48.875954,2.359493
202300045746,20,2,2023,2025-12-05 12:00:00,1,15,15127,1,1,1,1,Rn 122,45.224687,3.114045
202300045747,21,8,2023,2025-12-05 02:20:00,3,38,38377,2,1,1,6,Avenue De Savoie,45.569427,5.458912
202300045748,5,12,2023,2025-12-05 15:10:00,1,75,75101,2,3,2,6,Rue De Rivoli,48.864393,2.330116
202300045749,5,4,2023,2025-12-05 16:25:00,1,92,92025,1,1,1,2,A86,48.92201331,2.2267277
202300045750,21,2,2023,2025-12-05 14:30:00,1,5,5056,1,1,7,3,Rd944,44.63588,6.135135
202300045751,29,8,2023,2025-12-05 17:15:00,1,69,69190,2,6,1,3,Chemin De Meginand,45.771201,4.702953
202300045752,20,2,2023,2025-12-05 18:45:00,2,10,10255,1,1,1,7,D143,48.20981286,4.28326249
202300045753,4,4,2023,2025-12-05 21:15:00,3,94,94046,1,1,1,7,A86,48.81292733,2.44895577
202300045754,6,12,2023,2025-12-05 19:15:00,5,94,94081,2,1,8,3,Avenue Paul Vaillant Couturier,48.79554,2.3976
202300045755,29,8,2023,2025-12-05 19:58:00,1,86,86115,1,1,1,7,Avenue De Paris,46.691371,0.389097
202300045756,20,2,2023,2025-12-05 19:30:00,3,68,68252,1,1,1,3,Route Departementale 83,48.141234,7.366419
202300045757,6,12,2023,2025-12-05 02:40:00,5,94,94081,2,1,1,2,159-161 Avenue Rouget De Lisle,48.782026,2.394373
202300045758,4,4,2023,2025-12-05 16:50:00,1,27,27229,2,2,1,6,Lepouze (Rue),49.02572,1.15564
202300045759,30,8,2023,2025-12-05 17:45:00,1,83,83144,1,1,1,2,A57,43.13601362,5.99302088
202300045760,21,2,2023,2025-12-05 13:45:00,1,26,26057,1,1,1,6,A49 - Pk 058+600,45.021855,5.068731
202300045761,6,12,2023,2025-12-05 09:10:00,1,94,94081,2,2,1,3,Rue Berthie Albrecht,48.79911,2.41149
202300045762,4,4,2023,2025-12-05 17:15:00,1,27,27229,2,1,1,6,Saint Andre (Route De),49.00890244,1.16748914
202300045763,19,2,2023,2025-12-05 07:30:00,1,987,98748,1,1,1,2,Pk 3 - Mitirapa - Toahotu Rt3,-17.81,-149.243
202300045764,27,8,2023,2025-12-05 12:50:00,1,69,69290,1,1,1,4,Rocade Est,45.71226274,4.96867931
202300045765,5,12,2023,2025-12-05 15:15:00,1,94,94068,2,6,2,3,Avenue Foch,48.80225,2.49211
202300045766,21,2,2023,2025-12-05 16:40:00,1,58,58051,2,1,1,7,Rue Du Pavillon,46.955381,3.148828
202300045767,29,1,2023,2025-12-05 06:26:00,3,66,66136,1,1,1,7,Departementale  617,42.71169,2.96783
202300045768,6,12,2023,2025-12-05 15:00:00,1,94,94046,2,1,8,2,Avenue Du Professeur Cadiot,48.805,2.4319
202300045769,29,8,2023,2025-12-05 18:10:00,1,57,57356,1,1,8,5,Autoroute A31,49.42875627,6.11290455
202300045770,4,4,2023,2025-12-05 20:20:00,5,974,97411,2,1,1,6,Rambaud (Leopold),-20.88576,55.47595
202300045771,17,2,2023,2025-12-05 07:10:00,2,21,21138,1,3,1,3,D905,47.204777,5.324684
202300045772,4,4,2023,2025-12-05 11:40:00,1,974,97411,2,1,1,7,Providence (Boulevard De La),-20.89291,55.45583
202300045773,20,8,2023,2025-12-05 01:00:00,3,59,59359,1,1,1,2,Autoroute A16,50.988,2.23534
202300045774,6,12,2023,2025-12-05 06:30:00,5,94,94041,2,1,1,6,Henri Barbusse (Av),48.80991512,2.37889811
202300045775,5,4,2023,2025-12-05 01:33:00,3,973,97309,2,1,1,7,Troubiran (Chemin De),4.91873523,-52.30545142
202300045776,30,8,2023,2025-12-05 00:20:00,3,94,94038,1,1,1,2,A6B,48.78352344,2.34631387
202300045777,5,12,2023,2025-12-05 11:30:00,1,94,94073,2,1,2,2,105 Avenue De Versailles,48.759712,2.397102
202300045778,11,2,2023,2025-12-05 09:50:00,1,67,67408,1,1,1,7,D224,48.630937,7.3632
202300045779,21,2,2023,2025-12-05 07:50:00,1,1,1032,2,6,1,6,550 Route De Geneve,45.852861,5.129164
202300045780,6,12,2023,2025-12-05 19:10:00,5,93,93066,2,1,1,3,Avenue Du General De Gaulle,48.925842,2.364578
202300045781,29,8,2023,2025-12-05 16:50:00,1,92,92036,1,1,1,4,A86,48.93512928,2.28395155
202300045782,4,4,2023,2025-12-05 10:31:00,1,973,97302,1,1,1,5,Route Nationale 1,4.89866,-52.32707
202300045783,20,2,2023,2025-12-05 15:21:00,1,69,69069,2,3,1,6,Avenue Edouard Millaud,45.747346,4.736301
202300045784,29,3,2023,2025-12-05 08:45:00,1,92,92036,1,1,1,3,A86,48.93557379,2.26362781
202300045785,6,12,2023,2025-12-05 13:12:00,1,93,93062,2,4,1,3,Allee Du Village / Allee De La Pelouse,48.901106,2.516439
202300045786,15,2,2023,2025-12-05 17:30:00,1,31,31161,1,1,7,2,Courtinade,43.47709,1.511849
202300045787,4,4,2023,2025-12-05 16:45:00,1,69,69386,2,4,1,2,Avenue De Grande-Bretagne,45.77484,4.84262
202300045788,29,8,2023,2025-12-05 08:10:00,1,78,78490,1,1,1,3,Rn12 Int,48.800102,1.968676
202300045789,6,12,2023,2025-12-05 08:50:00,2,93,93048,2,2,1,3,Rue De Rosny / Rue Saint-Just,48.86478,2.45323
202300045790,21,2,2023,2025-12-05 17:35:00,1,79,79184,1,1,1,7,Adresse_Inconnue,46.348457,-0.106655
202300045791,4,4,2023,2025-12-05 15:50:00,1,972,97209,1,1,1,2,Autoroute (A1),14.61813,-61.03577
202300045792,30,8,2023,2025-12-05 09:05:00,1,94,94017,1,1,1,5,A4,48.82844169,2.50273164
202300045793,6,12,2023,2025-12-05 08:15:00,1,93,93008,2,1,1,6,Rue Pablo Picasso,48.90722,2.44984
202300045794,19,2,2023,2025-12-05 03:30:00,3,17,17064,1,1,1,1,Route Du Cailleau,45.701657,-1.051442
202300045795,22,6,2023,2025-12-05 07:25:00,1,74,74012,2,2,1,3,Resistance (Rue De La),46.19722,6.25221
202300045796,4,12,2023,2025-12-05 18:00:00,5,92,92078,2,2,3,3,Vieux Chemin De St Denis (Avenue),48.92974722,2.32603859
202300045797,20,2,2023,2025-12-05 15:40:00,1,86,86095,1,1,7,4,D910,46.715902,0.416181
202300045798,4,4,2023,2025-12-05 12:30:00,1,90,90010,2,9,1,6,1 Avenue Du General De Gaulle,47.62798717,6.86190069
202300045799,17,6,2023,2025-12-05 11:05:00,1,74,74118,2,1,1,6,Digue (Chemin De La),46.18217,6.22926
202300045800,6,12,2023,2025-12-05 19:00:00,5,92,92064,2,6,1,6,Andre Chevrillon,48.8461608,2.21997656
202300045801,31,3,2023,2025-12-05 20:15:00,2,89,89024,2,1,2,6,Vingt-Quatre Aout (Rue Du),47.79037,3.56562
202300045802,15,2,2023,2025-12-05 15:00:00,1,72,72154,2,6,1,2,Boulevard Du Quebec,47.70401708,-0.09088397
202300045803,1,6,2023,2025-12-05 17:40:00,1,74,74263,1,1,7,2,D1005,46.335469,6.397675
202300045804,20,2,2023,2025-12-05 23:56:00,3,60,60141,1,6,9,6,D924A,49.16683679,2.5085714
202300045805,5,12,2023,2025-12-05 13:45:00,1,92,92051,2,2,2,6,Chateau (Avenue Du),48.88904043,2.26660162
202300045806,4,4,2023,2025-12-05 16:50:00,1,88,88415,1,1,1,3,Cd 42,48.0490315,6.59768432
202300045807,1,6,2023,2025-12-05 17:25:00,1,74,74042,2,1,1,3,546 Avenue Des Glieres,46.072959,6.399563
202300045808,20,2,2023,2025-12-05 15:55:00,1,80,80002,1,1,1,2,"Autoroute A1, Pk 116+600",49.837,2.829672
202300045809,6,12,2023,2025-12-05 12:40:00,1,92,92050,2,2,1,3,Saules Rue Des,48.91009702,2.21505851
202300045810,2,4,2023,2025-12-05 06:50:00,3,85,85194,1,9,1,7,Rd 160,46.52755,-1.73552
202300045811,1,6,2023,2025-12-05 11:38:00,1,74,74220,2,1,1,1,Route De Viaison (Reignier),46.15926,6.242369
202300045812,20,2,2023,2025-12-05 20:45:00,3,59,59388,2,1,1,3,Rue Joliot Curie,50.55226546,2.87128508
202300045813,6,12,2023,2025-12-05 11:00:00,1,92,92044,2,1,1,6,Rivay(Rue)1A23 Et 2A20,48.89375526,2.2899726
202300045814,30,4,2023,2025-12-05 21:25:00,3,74,74208,1,1,2,6,La Carabote (Arret De Bus),45.923636,6.670606
202300045815,20,2,2023,2025-12-05 00:44:00,3,13,13202,1,1,1,1,A55-Sens Marseille Vers Martigues,43.32107736,5.3643322
202300045816,6,12,2023,2025-12-05 09:15:00,1,92,92040,2,2,1,3,Benoit Malon,48.81481738,2.26464137
202300045817,21,4,2023,2025-12-05 09:18:00,1,74,74123,2,2,1,1,Rue Des Epinettes,45.750136,6.28834
202300045818,19,2,2023,2025-12-05 21:00:00,3,1,1249,1,1,1,5,Adresse_Inconnue,45.814929,4.957172
202300045819,6,12,2023,2025-12-05 14:00:00,1,92,92036,2,3,1,3,Louis Roche (Avenue) (47/151),48.92679264,2.31478482
202300045820,18,4,2023,2025-12-05 06:00:00,2,74,74118,1,4,1,2,Echangeur A40 (Embranchement D'Autoroute),46.183738,6.226117
202300045821,20,2,2023,2025-12-05 19:30:00,3,92,92019,1,1,1,2,Rn 385 Int,48.7606545,2.28678614
202300045822,6,12,2023,2025-12-05 07:47:00,2,92,92026,2,1,1,6,Leonard De Vinci,48.89670247,2.23664448
202300045823,18,3,2023,2025-12-05 13:40:00,1,74,74123,1,6,1,3,Route D'Annecy,45.756101,6.271412
202300045824,20,2,2023,2025-12-05 19:00:00,3,91,91339,1,1,1,2,Rn 104,48.62614,2.26099
202300045825,6,12,2023,2025-12-05 10:10:00,1,92,92024,2,1,1,6,Gennevilliers (Pont De),48.91248,2.31135
202300045826,3,4,2023,2025-12-05 16:30:00,1,77,77307,2,1,1,6,Av De L Europe,48.85533602,2.76856027
202300045827,20,2,2023,2025-12-05 07:00:00,3,91,91286,1,1,1,2,Autoroute A6,48.65019,2.3843
202300045828,6,12,2023,2025-12-05 13:45:00,1,92,92004,2,2,1,3,Dix Huit Juin 40 ( Rue Du ),48.9309,2.27544
202300045829,29,5,2023,2025-12-05 20:00:00,1,74,74195,1,1,1,3,D1508,46.016881,5.940599
202300045830,4,4,2023,2025-12-05 12:20:00,1,76,76217,2,2,1,3,Louis Bleriot (Rue ),49.92225,1.11636
202300045831,20,2,2023,2025-12-05 17:45:00,1,78,78640,1,1,1,5,N118,48.782344,2.223142
202300045832,6,12,2023,2025-12-05 06:33:00,1,974,97415,1,6,1,2,Route De Cambaie,-20.95987625,55.29380277
202300045833,20,2,2023,2025-12-05 20:20:00,3,92,92036,1,1,1,3,Rn315 Y,48.93623305,2.30081199
202300045834,26,5,2023,2025-12-05 19:10:00,1,74,74090,1,2,1,3,D903,46.086478,6.312826
202300045835,4,4,2023,2025-12-05 07:45:00,1,76,76324,1,6,1,3,Rd 925,49.93129,1.14242
202300045836,6,12,2023,2025-12-05 19:50:00,5,63,63307,2,2,1,3,Avenue Jean Jaures,45.743359,3.095194
202300045837,20,2,2023,2025-12-05 16:56:00,1,92,92036,1,1,1,3,A86,48.9361742,2.28927815
202300045838,3,4,2023,2025-12-05 20:05:00,5,71,71306,2,1,1,3,Plessis (Rue Du),46.67602,4.36618
202300045839,18,5,2023,2025-12-05 12:40:00,1,74,74010,1,4,1,1,Route Des Bauges,45.829663,6.059416
202300045840,7,12,2023,2025-12-05 13:50:00,1,51,51094,1,9,1,2,D995,48.746101,4.692965
202300045841,20,2,2023,2025-12-05 15:15:00,1,95,95582,1,1,1,2,A15,48.9664443,2.25627474
202300045842,21,11,2023,2025-12-05 16:45:00,1,6,6149,2,1,1,6,Chemin De L'Olivaie,43.744042,7.31425
202300045843,17,5,2023,2025-12-05 18:45:00,1,74,74282,1,1,1,3,Route Du Parmelan,45.957162,6.310862
202300045844,4,4,2023,2025-12-05 18:25:00,1,69,69266,2,3,1,3,Cours Emile Zola,45.76958,4.87881
202300045845,20,2,2023,2025-12-05 13:05:00,1,92,92036,1,1,1,4,Autoroute A15,48.94230876,2.28959192
202300045846,30,11,2023,2025-12-05 17:20:00,3,17,17442,1,1,1,1,Rd 114,45.614248,-0.794084
202300045847,3,4,2023,2025-12-05 07:00:00,2,67,67482,2,1,1,6,Altenheim (Route D ),48.53962,7.7681
202300045848,6,5,2023,2025-12-05 13:35:00,1,74,74242,1,1,1,1,Route De Leschaux,45.828944,6.142106
202300045849,20,2,2023,2025-12-05 09:35:00,1,93,93005,1,1,1,3,Autoroute A1,48.96206,2.46972
202300045850,7,12,2023,2025-12-05 19:50:00,5,18,18284,2,3,2,7,Rue De L'Ancienne Ecole,47.426788,2.604763
202300045851,29,8,2023,2025-12-05 12:15:00,1,974,97409,2,1,1,2,De La Gare(Rue),-20.96282,55.65837
202300045852,20,2,2023,2025-12-05 00:45:00,3,77,77337,1,9,1,6,A4,48.83015,2.61295
202300045853,17,2,2023,2025-12-05 17:45:00,1,42,42044,2,1,1,6,Rue Benoit Frachon,45.39994,4.35246
202300045854,28,8,2023,2025-12-05 17:10:00,1,69,69034,2,1,1,2,Montee De La Rochette,45.78828749,4.82751088
202300045855,5,4,2023,2025-12-05 00:36:00,3,64,64545,2,1,1,1,Bretelle De Socoa Rd 913 (Bretelle),43.37556,-1.68606
202300045856,19,2,2023,2025-12-05 15:25:00,1,69,69387,2,2,1,3,Rue Sebastien Gryphe,45.75242,4.8444
202300045857,29,8,2023,2025-12-05 01:16:00,5,2B,2B033,2,1,3,7,Enceinte Port.Nouv.Port,42.70085,9.45308
202300045858,6,12,2023,2025-12-05 17:17:00,2,81,81218,2,9,8,2,601 Route De Lamillarie,43.892982,2.153192
202300045859,3,4,2023,2025-12-05 10:00:00,1,64,64102,2,1,1,6,Basques (Place Des),43.49318,-1.47936
202300045860,19,2,2023,2025-12-05 01:30:00,3,972,97209,1,1,2,2,Autoroute (A1),14.6146,-61.0491
202300045861,28,8,2023,2025-12-05 15:15:00,1,971,97107,2,3,1,3,Rue De Gambetta,16.04506592,-61.56746864
202300045862,19,2,2023,2025-12-05 17:20:00,2,971,97113,1,1,1,6,Bas Du Fort,16.22037,-61.52007
202300045863,3,4,2023,2025-12-05 18:40:00,1,62,62400,2,2,1,3,D86,50.473245,2.579103
202300045864,29,8,2023,2025-12-05 12:10:00,1,95,95428,2,2,1,2,D928,48.97288385,2.31026173
202300045865,1,4,2023,2025-12-05 21:10:00,5,59,59043,2,1,2,6,Lille (Rue De),50.72711769,2.75153384
202300045866,19,2,2023,2025-12-05 21:20:00,5,81,81004,2,1,1,1,Thomas (Av Albert),43.94542,2.15118
202300045867,29,8,2023,2025-12-05 06:50:00,1,95,95014,1,2,1,3,D109P,49.01177,2.30487
202300045868,19,2,2023,2025-12-05 04:25:00,5,78,78440,2,1,1,6,Paul Raoult (Avenue),48.98724,1.91236
202300045869,4,4,2023,2025-12-05 19:00:00,1,58,58194,2,2,1,3,Faidherbe,46.99923,3.15046
202300045870,29,8,2023,2025-12-05 16:00:00,1,91,91691,2,1,1,6,Raymond Poincare(Rue),48.710156,2.499182
202300045871,4,4,2023,2025-12-05 16:10:00,1,56,56121,2,1,1,3,6 Avenue Raymond Queudet,47.75908,-3.3915
202300045872,28,8,2023,2025-12-05 15:03:00,1,87,87085,2,1,1,6,Timbaud (Rue Pierre),45.82713,1.26046
202300045873,7,12,2023,2025-12-05 08:20:00,1,45,45110,1,2,8,3,Rue D'Arconville,48.093502,2.349229
202300045874,3,4,2023,2025-12-05 19:10:00,1,56,56098,2,3,1,3,Chapelle (Route De La),47.77886,-3.29572
202300045875,27,8,2023,2025-12-05 00:55:00,5,87,87085,2,3,1,2,Leclerc (Avenue Du General),45.84714,1.26128
202300045876,6,12,2023,2025-12-05 20:00:00,5,974,97405,1,3,1,3,Rue Augustin Mezino,-21.36496,55.542377
202300045877,18,2,2023,2025-12-05 23:20:00,5,76,76349,2,2,1,6,Grimaldi (Rue),49.89782,1.02997
202300045878,28,8,2023,2025-12-05 15:25:00,1,86,86066,1,1,1,7,D14,46.806762,0.593009
202300045879,3,4,2023,2025-12-05 17:30:00,1,54,54304,2,3,1,3,Rue Emile Bertin,48.67989,6.16222
202300045880,19,2,2023,2025-12-05 19:55:00,5,74,74008,2,1,1,3,Briand (Rue Aristide),46.19325,6.22064
202300045881,6,12,2023,2025-12-05 16:00:00,1,974,97412,1,1,1,6,D33,-21.365,55.626451
202300045882,29,8,2023,2025-12-05 06:40:00,2,83,83062,1,3,1,3,Rn 98,43.13506132,6.03449535
202300045883,4,4,2023,2025-12-05 13:40:00,1,54,54483,2,1,1,3,Martyrs Du Nazisme (Rue Des),48.63002,6.30431
202300045884,19,2,2023,2025-12-05 15:00:00,1,69,69199,2,9,1,1,83 Avenue Jean Jaures,45.70946,4.85522
202300045885,7,12,2023,2025-12-05 15:45:00,2,14,14342,1,1,3,6,N13,49.307971,-1.133815
202300045886,25,8,2023,2025-12-05 07:40:00,1,83,83129,2,6,1,3,Claude Pompidou,43.095544,5.848305
202300045887,19,2,2023,2025-12-05 03:05:00,4,64,64024,2,1,1,7,Leclerc (Place Du General),43.494834,-1.529532
202300045888,28,8,2023,2025-12-05 17:25:00,1,81,81004,2,1,1,6,Verdier (Francois),43.91893,2.12253
202300045889,4,4,2023,2025-12-05 04:55:00,5,53,53034,2,3,1,3,Rue Charles De Gaulle,48.0768,-0.71868
202300045890,7,12,2023,2025-12-05 08:10:00,1,48,48005,1,1,1,2,Autoroute A75 - Echangeur 38 - Pk 153+200   - Sens Sud/Nord,44.579984,3.249528
202300045891,18,2,2023,2025-12-05 03:30:00,5,64,64024,2,1,1,2,26 Avenue De Bayonne,43.480835,-1.513311
202300045892,4,4,2023,2025-12-05 18:50:00,1,51,51454,2,1,1,3,Boulevard Henry Vasnier,49.24258,4.05122
202300045893,7,12,2023,2025-12-05 18:15:00,5,30,30060,2,1,1,6,D42,43.797673,4.381678
202300045894,28,8,2023,2025-12-05 18:05:00,1,72,72181,2,9,1,2,Rhin Et Danube (Av) Ndeg Pairs 2 A 192,48.01566,0.18623
202300045895,28,8,2023,2025-12-05 15:40:00,1,72,72181,2,9,1,6,Roosevelt Franklin (Pl),48.00152,0.19776
202300045896,6,12,2023,2025-12-05 18:30:00,3,44,44009,1,1,1,6,Adresse_Inconnue,47.218672,-1.45498
202300045897,4,4,2023,2025-12-05 16:45:00,1,51,51454,2,6,1,2,Avenue Du Marechal Juin,49.22711,4.01465
202300045898,19,2,2023,2025-12-05 17:29:00,1,35,35051,1,3,1,3,Bignon (Rue Du),48.09936,-1.62072
202300045899,29,8,2023,2025-12-05 14:10:00,1,69,69266,2,1,1,6,Rue Frederic Mistral,45.75827,4.87653
202300045900,6,12,2023,2025-12-05 18:20:00,3,51,51380,1,1,5,6,Route Departementale 41,48.883545,3.547983
202300045901,4,4,2023,2025-12-05 13:30:00,1,51,51454,2,9,1,1,Rue Du Chatelet,49.24265,4.03754
202300045902,19,2,2023,2025-12-05 15:55:00,1,35,35238,2,6,1,3,Robiquette (Rond Point De La),48.13401,-1.6943
202300045903,29,8,2023,2025-12-05 16:30:00,1,67,67482,2,3,8,3,Oberhausbergen (Route D ),48.59599,7.70789
202300045904,2,4,2023,2025-12-05 16:55:00,1,50,50129,2,1,1,6,Glinel (Rue Roger),49.66533,-1.69338
202300045905,6,12,2023,2025-12-05 12:15:00,1,19,19208,1,1,1,1,Adresse_Inconnue,45.32561353,2.11001356
202300045906,19,8,2023,2025-12-05 20:30:00,2,67,67482,2,3,1,6,Montagne Verte (Rue De La),48.5702,7.7275
202300045907,6,12,2023,2025-12-05 21:00:00,3,56,56199,1,1,2,6,Lieu Dit Kerandre,48.10981,-3.697307
202300045908,3,4,2023,2025-12-05 19:59:00,2,49,49007,2,1,1,7,Maine,47.47168,-0.55934
202300045909,19,2,2023,2025-12-05 14:10:00,1,35,35281,1,1,1,4,Rocade,48.0938,-1.70908
202300045910,28,8,2023,2025-12-05 07:20:00,1,67,67462,1,1,8,3,Epfig (Route D),48.28798,7.45748
202300045911,3,12,2023,2025-12-05 23:30:00,5,2B,2B251,2,6,1,1,Rond Point De Migliacciaru Rt 10,41.999416,9.403138
202300045912,19,2,2023,2025-12-05 09:21:00,1,35,35278,1,1,1,6,Rd 137,48.17537764,-1.71745598
202300045913,29,8,2023,2025-12-05 13:50:00,1,65,65286,1,1,1,6,Rd921B-Cote Des Courriers,43.07510293,-0.04050674
202300045914,4,4,2023,2025-12-05 08:40:00,1,49,49007,2,2,1,6,Saint Exupery,47.46858,-0.53255
202300045915,18,2,2023,2025-12-05 19:25:00,5,35,35238,2,3,1,6,Lorient (De),48.10855,-1.71194
202300045916,29,8,2023,2025-12-05 10:25:00,1,64,64260,2,1,1,3,Corniche (Route De La),43.37441,-1.75798
202300045917,7,12,2023,2025-12-05 14:40:00,1,81,81227,2,1,1,3,52 Av De Castres,43.662721,2.282636
202300045918,3,4,2023,2025-12-05 09:13:00,1,49,49007,1,1,1,7,Cantenay Epinard Route,47.50444,-0.56873
202300045919,15,8,2023,2025-12-05 18:10:00,1,62,62041,2,1,1,2,Rue De L'Abbe Pierre,50.29619,2.77037
202300045920,19,2,2023,2025-12-05 12:00:00,1,34,34172,1,3,1,6,50 Avenue De Monsieur Teste,43.61132,3.8288
202300045921,7,12,2023,2025-12-05 12:10:00,1,63,63273,2,1,1,1,Route Du Pont,45.729562,3.22482
202300045922,4,4,2023,2025-12-05 15:50:00,1,45,45232,2,6,1,1,802 Rue Paulin Labarre,47.85664,1.89504
202300045923,19,2,2023,2025-12-05 19:51:00,5,31,31069,2,1,1,3,Bd De L'Europe,43.65233,1.3749
202300045924,28,8,2023,2025-12-05 06:30:00,2,62,62041,2,6,1,3,Rue De Cambrai,50.28269972,2.80300695
202300045925,6,12,2023,2025-12-05 18:55:00,3,49,49302,1,1,5,6,Lieu Dit Les Monis,47.120187,-0.279524
202300045926,19,2,2023,2025-12-05 18:45:00,5,28,28134,2,1,1,6,Bois Sabot (Rue Du),48.73,1.36
202300045927,4,4,2023,2025-12-05 14:05:00,1,38,38185,1,1,8,4,Autoroute A 480,45.16538,5.70168
202300045928,28,8,2023,2025-12-05 19:08:00,1,60,60057,2,1,1,6,Boulevard Jules Briere,49.42729,2.0887
202300045929,23,11,2023,2025-12-05 13:10:00,1,41,41016,1,9,2,3,D976,47.289426,1.531026
202300045930,19,2,2023,2025-12-05 05:35:00,5,26,26362,2,9,1,7,Avenue De Romans,44.93548,4.90953
202300045931,4,4,2023,2025-12-05 08:00:00,1,38,38053,2,1,1,3,Barbusse,45.5921,5.27068
202300045932,29,8,2023,2025-12-05 17:00:00,1,54,54498,2,2,1,3,Rue Des Grands Pres,48.71378375,6.25075936
202300045933,6,12,2023,2025-12-05 07:20:00,2,34,34194,2,2,1,3,Avenue De Campagnan,43.54258,3.462008
202300045934,19,2,2023,2025-12-05 13:00:00,1,13,13214,2,1,1,2,Capitaine Geze (Boulevard),43.33096,5.36901
202300045935,4,4,2023,2025-12-05 21:25:00,3,37,37195,2,1,1,6,Rd 88,47.39029,0.65007
202300045936,27,8,2023,2025-12-05 15:45:00,1,50,50129,2,3,1,3,Gaulle (Rue Du General De),49.65706,-1.67418
202300045937,18,2,2023,2025-12-05 18:10:00,5,13,13207,2,1,1,3,Rive Neuve (Quai De),43.29282622,5.36849145
202300045938,4,4,2023,2025-12-05 08:40:00,1,37,37261,2,1,1,2,Churchill (Boulevard Winston),47.37337,0.69109
202300045939,29,8,2023,2025-12-05 17:20:00,1,49,49328,2,1,1,3,D 93,47.24205,-0.07946
202300045940,18,2,2023,2025-12-05 16:45:00,1,13,13005,2,3,1,3,Gemenos (Route De Cd2),43.29243,5.55576
202300045941,28,8,2023,2025-12-05 16:00:00,1,49,49007,2,1,1,6,Roi Rene Boulevard,47.4667,-0.55433
202300045942,7,12,2023,2025-12-05 17:30:00,3,25,25103,1,1,5,3,D104,47.16371,5.940068
202300045943,4,4,2023,2025-12-05 07:40:00,1,37,37122,2,2,1,1,Beguine (Rue De),47.35372,0.66953
202300045944,19,2,2023,2025-12-05 19:15:00,5,13,13001,2,9,1,2,Galice (Rte),43.52426362,5.37864335
202300045945,28,8,2023,2025-12-05 16:25:00,1,47,47323,1,3,1,3,Tournon (Route De),44.3961,0.7467
202300045946,7,12,2023,2025-12-05 15:15:00,1,29,29168,1,1,2,6,Lieu Dit Kerstrat,48.03453389,-4.65344463
202300045947,4,4,2023,2025-12-05 09:15:00,1,35,35238,2,6,1,3,Leroux (Bd Oscar),48.09139,-1.65868
202300045948,19,2,2023,2025-12-05 14:56:00,1,12,12145,2,1,1,1,Aigoual (Avenue De L'),44.10195,3.08668
202300045949,29,8,2023,2025-12-05 12:20:00,1,47,47001,2,2,1,3,Michelet (Av.),44.19911,0.6363
202300045950,7,12,2023,2025-12-05 16:45:00,2,2,2023,1,1,1,1,Adresse_Inconnue,49.172574,3.372795
202300045951,19,2,2023,2025-12-05 05:30:00,3,12,12013,2,1,1,6,Toulouse-Lautrec (Avenue),44.54281,2.24507
202300045952,4,4,2023,2025-12-05 08:45:00,1,35,35278,2,1,1,4,De Gaulle (Avenue General),48.152662,-1.686223
202300045953,19,8,2023,2025-12-05 17:10:00,1,44,44109,2,1,7,6,5 Place Emile Zola,47.21395,-1.58593
202300045954,18,2,2023,2025-12-05 17:30:00,1,7,7102,2,1,1,6,Rue Pierre Curie,44.93351,4.88121
202300045955,4,4,2023,2025-12-05 07:55:00,1,35,35278,2,6,1,3,Blavet (Rue Du),48.15047852,-1.68479472
202300045956,7,12,2023,2025-12-05 12:00:00,1,2,2173,2,7,1,1,24 Rue Andre Ternynck,49.620584,3.215191
202300045957,28,8,2023,2025-12-05 17:15:00,1,37,37261,2,1,1,3,Beranger (Boulevard),47.38837,0.6768
202300045958,19,2,2023,2025-12-05 20:05:00,5,93,93057,2,1,1,3,Avenue Aristide Briand,48.90868572,2.49947314
202300045959,3,4,2023,2025-12-05 17:35:00,1,35,35238,2,1,1,3,Yser (Bd De L'),48.09204,-1.67759
202300045960,6,12,2023,2025-12-05 18:40:00,5,3,3254,2,6,1,3,Rue Antoine Sinturel,46.308977,3.290977
202300045961,28,8,2023,2025-12-05 12:45:00,1,37,37261,2,3,1,3,Strauss (Rue Johann),47.36702,0.71072
202300045962,17,2,2023,2025-12-05 23:50:00,5,75,75116,2,4,8,7,Echangeur Maillot,48.87716914,2.27915615
202300045963,29,8,2023,2025-12-05 10:35:00,1,35,35238,2,3,1,3,Vern (De),48.09758448,-1.65482506