num_acc,jour,mois,an,hrmn,lum,dep,com,agg,int,atm,col,adr,lat,long
202300045964,19,2,2023,2025-12-05 02:50:00,5,75,75110,2,1,1,6,Rue De La Grange Aux Belles,48.874254,2.365766
202300045965,4,4,2023,2025-12-05 09:30:00,1,34,34301,2,2,1,5,57 Avenue Jean Monnet,43.39787,3.66189
202300045966,29,8,2023,2025-12-05 07:07:00,1,33,33529,1,1,2,3,D259,44.60145,-1.17428
202300045967,6,12,2023,2025-12-05 15:00:00,1,14,14431,2,4,1,3,16 Route Du Moulin,49.065208,-0.102345
202300045968,4,4,2023,2025-12-05 21:10:00,5,34,34172,2,1,1,1,550 Avenue De La Justice De Castelnau,43.6263,3.87656
202300045969,19,2,2023,2025-12-05 14:30:00,1,75,75112,2,4,1,3,Rue Du General De Langle De Cary,48.82826771,2.39192694
202300045970,29,8,2023,2025-12-05 16:10:00,1,31,31555,2,1,1,3,Avenue De Rangueil,43.56974,1.46726
202300045971,4,4,2023,2025-12-05 18:50:00,1,34,34172,2,1,1,3,Avenue De Vanieres,43.59501,3.84911
202300045972,29,8,2023,2025-12-05 20:15:00,1,29,29051,1,1,1,6,Coray Route De,48.02707305,-3.96714898
202300045973,19,2,2023,2025-12-05 20:20:00,5,75,75108,2,2,1,2,Boulevard Malesherbes,48.87487,2.319969
202300045974,2,4,2023,2025-12-05 17:50:00,1,34,34172,2,1,1,6,222 Avenue De La Justice De Castelnau,43.62709,3.87255
202300045975,7,12,2023,2025-12-05 16:15:00,1,64,64093,2,4,2,7,Chemin Potto,43.216491,-0.786349
202300045976,28,8,2023,2025-12-05 14:20:00,1,29,29019,2,6,1,3,179 Boulevard De L'Europe,48.41333302,-4.50823009
202300045977,19,2,2023,2025-12-05 19:55:00,5,94,94058,2,3,1,2,Boulevard D'Alsace-Lorraine,48.850975,2.50424
202300045978,6,12,2023,2025-12-05 17:30:00,5,53,53147,2,1,1,6,Rn12,48.30836,-0.62361
202300045979,29,8,2023,2025-12-05 16:21:00,1,25,25056,2,9,1,3,Bellay Rue Joachim Du,47.21535,5.95126
202300045980,4,4,2023,2025-12-05 16:15:00,1,33,33281,2,6,1,3,Avenue Francois Mitterrand,44.81608,-0.68022
202300045981,18,2,2023,2025-12-05 13:00:00,1,94,94021,2,1,1,3,Pl Du Mal De Lattre De Tassigny,48.77226,2.36737
202300045982,4,4,2023,2025-12-05 08:30:00,1,31,31555,2,1,1,6,52 Boulevard De Strasbourg,43.60935,1.44508
202300045983,14,10,2023,2025-12-05 08:30:00,1,85,85089,1,1,1,1,Rd160,46.697049,-1.354486
202300045984,23,8,2023,2025-12-05 08:40:00,1,22,22278,2,6,1,3,Croix-Mathias (Rd-Pt De La),48.50871,-2.77167
202300045985,19,2,2023,2025-12-05 17:35:00,1,93,93066,2,1,1,6,Avenue Marcel Cachin,48.938119,2.370769
202300045986,7,12,2023,2025-12-05 14:36:00,1,30,30284,2,1,1,6,Avenue Marcel Paul,44.159014,4.082966
202300045987,4,4,2023,2025-12-05 18:50:00,1,31,31483,2,3,7,1,Francois Mitterand ( Avenue),43.11191,0.74358
202300045988,29,8,2023,2025-12-05 14:40:00,1,17,17415,2,3,1,4,Abattoir Rue De L',45.75967,-0.63655
202300045989,4,4,2023,2025-12-05 08:30:00,1,29,29232,1,1,7,2,Rue Marcel Paul,47.9765,-4.03168
202300045990,19,2,2023,2025-12-05 16:26:00,1,93,93066,2,3,1,5,Rue De La Cokerie / Rue Des Tremies,48.92128446,2.36283179
202300045991,6,12,2023,2025-12-05 07:55:00,2,31,31395,1,1,1,2,A64,43.422801,1.302631
202300045992,4,4,2023,2025-12-05 13:45:00,1,29,29039,2,1,1,6,Rue De Quimper,47.88813,-3.91896
202300045993,19,2,2023,2025-12-05 19:56:00,5,93,93031,2,1,1,6,Parking Au 41 Avenue De La Marne,48.95318,2.32666
202300045994,29,8,2023,2025-12-05 18:30:00,1,15,15014,2,2,1,3,Rn 122,44.912286,2.438085
202300045995,7,12,2023,2025-12-05 07:00:00,2,973,97309,2,1,1,6,Avenue De Lattre De Tassigny,4.912468,-52.271442
202300045996,28,8,2023,2025-12-05 15:47:00,1,15,15012,1,1,1,7,Rd 990,44.89385,2.45947
202300045997,19,2,2023,2025-12-05 16:50:00,1,93,93008,2,3,1,6,Rue De L'Union / Avenue Paul Vaillant - Couturier,48.91032,2.44259
202300045998,2,4,2023,2025-12-05 16:15:00,1,29,29019,2,3,1,3,Rue Theodore Botrel,48.40645147,-4.50168839
202300045999,6,12,2023,2025-12-05 00:15:00,3,33,33284,1,1,1,1,A660,44.62881984,-0.84302098
202300046000,4,4,2023,2025-12-05 19:10:00,2,28,28134,2,6,1,6,Oriels (Rue Des),48.73837,1.39029
202300046001,29,8,2023,2025-12-05 19:30:00,1,14,14059,2,3,1,2,27 Avenue Du Littoral,49.34883,0.05081
202300046002,26,2,2023,2025-12-05 09:08:00,1,92,92072,2,4,1,6,Pont De Sevres,48.82817,2.22583
202300046003,6,12,2023,2025-12-05 03:00:00,3,11,11255,1,1,1,1,D6113,43.19001419,2.9112792
202300046004,29,8,2023,2025-12-05 07:25:00,1,13,13204,2,1,1,6,Alexis Carrel (Rue),43.3111,5.4012
202300046005,4,4,2023,2025-12-05 09:00:00,1,28,28085,2,2,1,3,Rabuan Du Coudray (Rue),48.4374,1.48024
202300046006,6,12,2023,2025-12-05 07:00:00,2,66,66196,1,1,1,6,Adresse_Inconnue,42.5493,2.957983
202300046007,19,2,2023,2025-12-05 12:10:00,1,92,92012,2,2,1,1,Jean Jaures (Boulevard) 217/Fin - 210/Fi,48.82890464,2.24631384
202300046008,29,8,2023,2025-12-05 12:00:00,1,13,13063,2,9,1,3,Theodore Aubanel Boulevard,43.58791,4.9995
202300046009,18,2,2023,2025-12-05 09:05:00,1,24,24266,1,1,1,7,150 D710,45.223195,0.569213
202300046010,25,10,2023,2025-12-05 07:45:00,2,66,66008,2,9,1,2,Adresse_Inconnue,42.567628,3.00438
202300046011,4,4,2023,2025-12-05 07:55:00,1,22,22113,2,1,5,5,Mendes France (Boulevard),48.73029,-3.46707
202300046012,15,2,2023,2025-12-05 07:40:00,2,91,91511,2,1,1,6,133 Rue Etienne Laurent,48.34889,1.989103
202300046013,29,8,2023,2025-12-05 10:00:00,1,12,12145,2,1,1,1,Gabriac Jean (Boulevard),44.09314,3.07257
202300046014,6,12,2023,2025-12-05 18:00:00,3,13,13081,1,3,1,3,N Rd 113,43.509203,5.205953
202300046015,4,4,2023,2025-12-05 07:25:00,1,21,21054,1,3,1,2,Seurre (Route De),47.016602,4.876356
202300046016,20,2,2023,2025-12-05 09:05:00,1,974,97422,2,1,1,6,Rue Des Flamboyants,-21.281152,55.501497
202300046017,28,8,2023,2025-12-05 16:18:00,1,10,10387,2,1,1,2,Lombards (Avenue),48.2717,4.0788
202300046018,7,12,2023,2025-12-05 12:20:00,1,73,73139,1,1,7,1,D60 Lieu Dit Etre,45.65964488,6.17091134
202300046019,19,2,2023,2025-12-05 16:15:00,1,974,97422,1,1,1,7,221 Rue Charles Baudelaire,-21.245697,55.493413
202300046020,28,8,2023,2025-12-05 15:50:00,1,6,6083,2,1,2,6,De Gaulle (Avenue General),43.76977,7.492695
202300046021,4,4,2023,2025-12-05 09:29:00,1,17,17461,2,6,1,3,Val-Lumiere (Avenue Du),45.64616,-1.05075
202300046022,6,12,2023,2025-12-05 21:45:00,3,38,38449,1,1,5,1,D518,45.620994,5.079546
202300046023,29,8,2023,2025-12-05 17:10:00,1,6,6069,1,1,1,2,Penetrante,43.6343,6.946
202300046024,4,4,2023,2025-12-05 09:00:00,1,17,17461,2,1,1,2,De Gaulle (Boulevard Du Gal),45.64786,-1.0604
202300046025,20,2,2023,2025-12-05 07:20:00,2,30,30315,1,1,1,5,Adresse_Inconnue,43.94908,4.698898
202300046026,2,12,2023,2025-12-05 20:59:00,3,44,44037,1,1,1,7,L'Oumeau,47.099833,-1.425954
202300046027,29,8,2023,2025-12-05 15:30:00,1,6,6029,2,1,1,3,Croisette (Boulevard De La),43.550219,7.023749
202300046028,19,2,2023,2025-12-05 13:00:00,1,19,19073,1,1,1,6,Rue De St Yrieix,45.432344,2.008599
202300046029,7,12,2023,2025-12-05 08:30:00,2,35,35012,2,9,3,6,Avenue Du Bois Greffier,47.848116,-1.693429
202300046030,18,2,2023,2025-12-05 01:10:00,3,82,82098,1,1,1,6,Route De Saint Etienne De Tulmont,44.020479,1.453167
202300046031,29,8,2023,2025-12-05 13:45:00,1,75,75120,2,1,1,2,Porte De Montreuil,48.857224,2.414234
202300046032,28,3,2023,2025-12-05 10:45:00,1,14,14181,1,6,1,6,Route De Soliers,49.147,-0.31893
202300046033,18,2,2023,2025-12-05 03:00:00,3,11,11434,1,1,1,3,Adresse_Inconnue,43.274721,2.102487
202300046034,6,12,2023,2025-12-05 15:35:00,1,60,60141,2,1,1,2,Avenue Du General Leclerc,49.184203,2.459725
202300046035,29,8,2023,2025-12-05 19:25:00,1,75,75119,2,1,1,3,Boulevard De La Villette,48.874827,2.374008
202300046036,4,4,2023,2025-12-05 19:40:00,1,13,13201,2,1,1,3,Liberation (Boulevard)  1 A 65,43.2999,5.3874
202300046037,6,12,2023,2025-12-05 13:20:00,1,80,80182,2,2,1,6,93 Rue Anatole Mopin,50.185435,1.503426
202300046038,20,2,2023,2025-12-05 17:45:00,1,89,89069,2,1,1,2,12 Rue De La Cour Saint Martin,48.028552,3.738055
202300046039,29,8,2023,2025-12-05 18:00:00,1,75,75118,2,2,1,3,Boulevard Barbes,48.888361,2.349572
202300046040,20,2,2023,2025-12-05 11:30:00,1,29,29048,1,1,1,7,Stang Kergourlay,48.135149,-4.0017061
202300046041,6,12,2023,2025-12-05 07:00:00,3,59,59255,1,1,1,2,Rue D'Aubencheul - Departemental 71,50.254448,3.182251
202300046042,19,2,2023,2025-12-05 15:20:00,1,38,38206,1,1,1,6,D528,45.252907,5.95959
202300046043,29,8,2023,2025-12-05 20:30:00,2,75,75117,2,2,1,6,Avenue De Wagram,48.880982,2.300275
202300046044,4,4,2023,2025-12-05 19:36:00,1,13,13215,2,9,1,3,Madrague Ville (Chemin De La),43.34532,5.3546
202300046045,19,2,2023,2025-12-05 20:00:00,3,2,2306,2,1,1,6,16 Rue Du Petit Marais,49.738262,3.557349
202300046046,6,12,2023,2025-12-05 19:50:00,3,94,94038,1,1,1,2,A6B,48.77431145,2.34553563
202300046047,4,4,2023,2025-12-05 15:00:00,1,13,13002,2,1,1,2,7 Rment De Tirailleurs Algeriens (Avenue,43.33839232,5.46869697
202300046048,29,8,2023,2025-12-05 14:30:00,1,75,75115,2,2,1,3,Rue De Vaugirard,48.841111,2.30369
202300046049,5,12,2023,2025-12-05 19:00:00,3,92,92036,1,1,1,3,A86,48.93457005,2.26855543
202300046050,28,8,2023,2025-12-05 20:40:00,2,75,75114,2,1,1,6,Villa De Lourcine,48.831684,2.338689
202300046051,19,2,2023,2025-12-05 19:00:00,5,66,66106,2,1,1,6,Adresse_Inconnue,42.490478,2.8097051
202300046052,29,8,2023,2025-12-05 18:20:00,1,75,75113,2,1,1,1,Pont Charles De Gaulle,48.84227754,2.36853004
202300046053,5,12,2023,2025-12-05 16:11:00,1,92,92064,1,9,1,6,A13,48.839082,2.21705493
202300046054,3,4,2023,2025-12-05 22:47:00,5,13,13214,2,2,1,3,Plombieres (Boulevard Des),43.31897,5.37918
202300046055,28,8,2023,2025-12-05 12:30:00,1,75,75113,2,3,2,3,Boulevard De L Hopital,48.834572,2.3578
202300046056,5,12,2023,2025-12-05 15:30:00,1,78,78322,1,1,8,6,Rn12 Ext,48.781431,2.167443
202300046057,19,2,2023,2025-12-05 10:05:00,1,9,9318,1,1,1,6,N20,42.753961,1.770794
202300046058,3,4,2023,2025-12-05 15:55:00,1,13,13207,2,1,1,1,Corniche John Fitzgerald Kennedy,43.28573,5.35089
202300046059,29,8,2023,2025-12-05 18:30:00,1,75,75112,2,2,1,3,Avenue Ledru Rollin,48.846845,2.369395
202300046060,5,12,2023,2025-12-05 08:20:00,1,78,78466,1,1,2,2,A13,48.932266,1.976196
202300046061,19,2,2023,2025-12-05 16:00:00,1,36,36221,1,1,1,3,Route Des Baudins,46.64469733,2.08705942
202300046062,18,2,2023,2025-12-05 13:00:00,1,4,4124,1,1,1,6,Rd11,43.757085,6.078529
202300046063,4,4,2023,2025-12-05 11:20:00,1,13,13005,2,1,1,2,Lagunas (Avenue Simon),43.29316192,5.56325331
202300046064,29,8,2023,2025-12-05 10:14:00,1,75,75108,2,2,1,3,Rue De La Pepiniere,48.875194,2.323838
202300046065,5,12,2023,2025-12-05 08:30:00,1,78,78117,1,1,2,4,Rn12,48.78753,2.146518
202300046066,20,2,2023,2025-12-05 11:40:00,1,37,37028,1,1,1,6,Le Pontreau,46.827177,0.978507
202300046067,4,4,2023,2025-12-05 20:00:00,1,9,9225,2,2,1,3,Bouriette Avenue De La,43.10358,1.63
202300046068,28,8,2023,2025-12-05 20:40:00,2,94,94068,2,3,1,2,Boulevard De Creteil,48.79795886,2.49504635
202300046069,5,12,2023,2025-12-05 08:40:00,1,92,92025,1,1,2,2,A86,48.9330032,2.25090697
202300046070,20,2,2023,2025-12-05 09:20:00,1,88,88075,2,1,1,6,Rue Paul Claudel,48.006491,6.879035
202300046071,24,8,2023,2025-12-05 11:34:00,1,94,94042,2,5,8,3,Quai De La Marne,48.82026,2.46734
202300046072,18,2,2023,2025-12-05 12:40:00,1,987,98738,2,1,1,6,Route Du Mil Delices Pk 12.600,-17.618,-149.549
202300046073,4,4,2023,2025-12-05 17:15:00,1,9,9122,2,3,1,2,Rd 919,42.987709,1.615809
202300046074,6,12,2023,2025-12-05 19:00:00,3,77,77258,1,1,1,2,A4.W,48.83202658,2.64943037
202300046075,28,8,2023,2025-12-05 16:50:00,1,94,94042,2,1,1,3,Rue Jean Mermoz,48.819932,2.465276
202300046076,3,4,2023,2025-12-05 18:40:00,1,7,7146,1,1,1,6,Plaine De Liviers,44.75379,4.5804
202300046077,19,2,2023,2025-12-05 13:30:00,1,988,98805,2,1,1,6,Rue Johan Strauss,-22.203389,166.469253
202300046078,6,12,2023,2025-12-05 15:35:00,2,94,94017,1,1,1,3,A4,48.8268961,2.5128995
202300046079,29,8,2023,2025-12-05 09:55:00,1,94,94076,2,1,1,3,Avenue De Paris,48.80613,2.36356
202300046080,4,4,2023,2025-12-05 21:25:00,5,6,6088,2,1,1,6,Veil (Av. Simone),43.68875,7.20162
202300046081,19,2,2023,2025-12-05 13:00:00,1,13,13112,1,1,1,1,Chemin De La Josephine,43.533056,5.259136
202300046082,5,12,2023,2025-12-05 22:10:00,4,77,77363,1,1,8,3,A104,48.9147116,2.63454857
202300046083,29,8,2023,2025-12-05 09:00:00,1,94,94041,2,6,7,6,Rue Jean-Baptiste Renoult,48.80525,2.38939
202300046084,21,3,2023,2025-12-05 10:00:00,1,44,44154,1,1,1,4,Adresse_Inconnue,47.26736926,-2.16147222
202300046085,9,2,2023,2025-12-05 23:40:00,3,86,86116,1,1,1,2,A10,46.499361,0.094232
202300046086,27,8,2023,2025-12-05 15:36:00,1,94,94028,2,5,1,3,Avenue De Verdun,48.79362968,2.46090035
202300046087,4,4,2023,2025-12-05 22:35:00,5,6,6069,2,3,1,3,Pagnol (Boulevard Marcel),43.64,6.94
202300046088,30,9,2023,2025-12-05 15:20:00,1,19,19031,2,1,1,6,Alvitre (Avenue Abbe),45.15204849,1.50363189
202300046089,20,2,2023,2025-12-05 08:45:00,1,24,24026,2,1,1,6,D45E,45.181281,0.907381
202300046090,29,8,2023,2025-12-05 08:20:00,1,94,94022,2,9,1,1,Avenue Victor Hugo,48.76889258,2.42065005
202300046091,20,2,2023,2025-12-05 09:15:00,1,21,21405,1,1,1,6,"Autoroute A6, Sens Paris/Lyon, Pk 313+900",46.93966295,4.82518816
202300046092,3,4,2023,2025-12-05 14:15:00,1,3,3185,2,2,1,3,Grands Pres ( Rue Des ),46.33568,2.60461
202300046093,27,9,2023,2025-12-05 14:00:00,1,19,19031,2,1,1,3,Alvitre (Avenue Abbe),45.15393,1.51074
202300046094,19,2,2023,2025-12-05 22:25:00,3,971,97129,1,1,1,2,Bellevue,16.317565,-61.687653
202300046095,29,8,2023,2025-12-05 22:05:00,5,93,93050,2,3,1,3,Rue Du General Donzelot / Rue Abel Tuffier,48.85797176,2.54080465
202300046096,6,10,2023,2025-12-05 12:40:00,1,74,74012,2,1,1,3,Leclerc (Avenue Du Marechal),46.18919,6.24911
202300046097,3,4,2023,2025-12-05 12:45:00,1,83,83144,1,1,1,2,A57,43.13355886,5.98528004
202300046098,18,2,2023,2025-12-05 09:55:00,1,41,41206,2,3,1,1,Chemin De Pissevin,47.6215533,1.379857
202300046099,29,8,2023,2025-12-05 13:25:00,1,93,93048,2,1,1,2,Boulevard Rouget De Lisle,48.860108,2.439068
202300046100,4,10,2023,2025-12-05 07:50:00,1,74,74026,1,1,1,3,Rd 1508,45.962621,6.035957
202300046101,4,4,2023,2025-12-05 14:50:00,1,75,75120,2,2,1,6,Rue Des Pyrenees,48.852696,2.406121
202300046102,20,2,2023,2025-12-05 15:50:00,1,78,78062,1,1,1,1,Route De Saulx-Marchais,48.849676,1.852859
202300046103,28,8,2023,2025-12-05 23:20:00,5,93,93005,2,2,1,3,Maximilien Robespierre (Rue),48.9478958,2.50147365
202300046104,5,10,2023,2025-12-05 17:10:00,1,74,74010,1,1,7,5,A41,45.907661,6.094719
202300046105,20,2,2023,2025-12-05 08:30:00,1,13,13099,1,1,1,3,Rd 952,43.710106,5.769153
202300046106,4,4,2023,2025-12-05 00:00:00,5,75,75120,2,2,1,3,Boulevard Mortier,48.867948,2.408881
202300046107,19,2,2023,2025-12-05 18:45:00,4,73,73213,1,1,1,6,D1006,45.567046,5.964782
202300046108,4,10,2023,2025-12-05 19:24:00,2,74,74010,2,1,1,1,Marquisats (Avenue Des),45.886521,6.142952
202300046109,20,2,2023,2025-12-05 15:30:00,1,26,26168,1,1,1,6,Lus La Croix Haute ? Rd1075,44.669217,5.698267
202300046110,29,8,2023,2025-12-05 10:15:00,1,92,92044,2,2,1,3,Camille Pelletan(Rue)17 + Et 14+,48.89638,2.29152
202300046111,5,10,2023,2025-12-05 15:40:00,1,74,74010,1,1,1,1,Rd 1201,45.958676,6.129051
202300046112,4,4,2023,2025-12-05 20:05:00,1,75,75119,2,1,1,5,Rue De Crimee,48.894416,2.372684
202300046113,19,2,2023,2025-12-05 01:00:00,5,69,69284,2,6,1,6,Rue Des Echets,45.882133,4.873488
202300046114,5,10,2023,2025-12-05 06:15:00,3,74,74160,1,1,1,7,Route Du Col De Merdassier,45.874578,6.416037
202300046115,29,8,2023,2025-12-05 08:00:00,1,92,92024,2,2,1,6,Georges Boisseau (Rue),48.90359881,2.31736825
202300046116,18,2,2023,2025-12-05 13:05:00,1,81,81236,1,1,1,6,D112 Pk 86.480,43.68387918,1.75407748
202300046117,22,3,2023,2025-12-05 18:25:00,1,75,75119,2,2,1,1,Avenue Jean Jaures,48.886563,2.384634
202300046118,1,10,2023,2025-12-05 22:30:00,4,74,74050,1,1,1,6,D40,46.222669,6.435038
202300046119,28,8,2023,2025-12-05 20:15:00,1,92,92024,2,2,1,2,Madame De Sanzillon (Rue),48.90357547,2.31755018
202300046120,14,9,2023,2025-12-05 06:00:00,5,74,74010,2,1,1,6,Carnot (Rue),45.90421,6.12452
202300046121,4,4,2023,2025-12-05 20:20:00,5,75,75118,2,2,1,3,Rue De Torcy,48.891251,2.363284
202300046122,29,8,2023,2025-12-05 03:00:00,3,92,92032,2,1,1,6,Foch Marechal (Avenue Du),48.78833,2.30126
202300046123,12,8,2023,2025-12-05 23:10:00,3,74,74312,1,1,1,6,A40 Pk29.5,46.06842095,6.48170024
202300046124,4,4,2023,2025-12-05 12:40:00,1,75,75118,2,1,1,6,Rue Marcadet,48.892884,2.328347
202300046125,19,2,2023,2025-12-05 16:10:00,1,31,31478,1,1,1,5,D622,43.450057,1.903918
202300046126,30,9,2023,2025-12-05 02:40:00,5,971,97113,1,1,1,7,Rn4-Rond Point Saint Felix,16.20716424,-61.45617843
202300046127,29,8,2023,2025-12-05 19:40:00,1,92,92012,2,1,1,1,Reine (Route De La) 39/107 Bis,48.83978,2.23916
202300046128,20,2,2023,2025-12-05 02:15:00,4,60,60134,1,1,1,6,D916A,49.316833,2.441715
202300046129,4,4,2023,2025-12-05 19:00:00,1,75,75117,2,3,1,6,Rue Poncelet,48.879075,2.296871
202300046130,6,10,2023,2025-12-05 12:50:00,1,74,74010,2,3,1,6,Paix,45.90404,6.12883
202300046131,21,8,2023,2025-12-05 17:35:00,1,54,54250,1,1,1,1,Rd 80,48.652546,6.341976
202300046132,20,2,2023,2025-12-05 17:30:00,2,80,80485,1,2,1,3,D210,49.767635,2.190887
202300046133,4,4,2023,2025-12-05 09:15:00,1,75,75117,2,2,1,3,Avenue De Wagram,48.885273,2.303349
202300046134,6,10,2023,2025-12-05 23:15:00,3,34,34032,2,1,1,6,Comte De Nice (Rue Du),43.35338,3.23591
202300046135,18,2,2023,2025-12-05 05:30:00,4,59,59055,2,1,1,6,Grand Rue,50.091894,3.589973
202300046136,12,8,2023,2025-12-05 14:20:00,1,13,13096,1,1,1,6,D570,43.459712,4.423926
202300046137,29,8,2023,2025-12-05 10:06:00,1,26,26139,1,1,1,1,Route De Romans,45.070975,5.077786
202300046138,4,4,2023,2025-12-05 08:55:00,1,75,75117,2,3,1,3,Avenue De La Porte D Asnieres,48.890619,2.303117
202300046139,30,8,2023,2025-12-05 07:20:00,2,86,86182,1,1,1,6,D757,46.906968,0.312231
202300046140,5,12,2023,2025-12-05 09:25:00,1,988,98818,2,1,1,2,Rue Du Frere Germain,-22.23454,166.48475
202300046141,19,2,2023,2025-12-05 12:35:00,1,13,13015,1,1,1,2,A515Cm-Sortie Gardanne/Bouc Bel Air,43.42963202,5.39817095
202300046142,1,12,2023,2025-12-05 03:40:00,3,987,98735,2,9,1,7,Destremeau (Rue Uranie),-17.325,-149.3451
202300046143,29,8,2023,2025-12-05 20:16:00,2,6,6149,2,1,1,2,M2204,43.73322,7.294697
202300046144,3,4,2023,2025-12-05 23:00:00,5,75,75117,2,2,1,3,Boulevard Bessieres,48.897588,2.324131
202300046145,18,2,2023,2025-12-05 12:44:00,1,13,13212,1,1,1,2,A507 Sens Aubagne- Marseille,43.2919,5.42446
202300046146,30,8,2023,2025-12-05 04:20:00,4,71,71417,2,1,1,6,15 Route De Joncy,46.613371,4.660918
202300046147,30,11,2023,2025-12-05 21:35:00,5,987,98736,2,1,1,5,Charles De Gaulle (Av),-17.55955332,-149.5219859
202300046148,18,2,2023,2025-12-05 23:30:00,3,69,69005,1,1,2,6,Autoroute 46,45.92899,4.74274
202300046149,4,4,2023,2025-12-05 17:10:00,1,75,75116,2,2,1,3,Avenue Kleber,48.86891,2.291493
202300046150,29,8,2023,2025-12-05 16:20:00,1,51,51592,1,1,1,7,Vandieres,49.109093,3.73193
202300046151,5,12,2023,2025-12-05 16:20:00,1,976,97611,2,1,1,1,Mamoudzou Centre-Haladi Selemani ( Rue ),-12.77677,45.22603
202300046152,19,2,2023,2025-12-05 16:45:00,1,91,91340,1,1,1,2,Autoroute A6,48.60053,2.4393
202300046153,4,4,2023,2025-12-05 06:35:00,1,75,75115,2,3,1,7,Rue Falguiere,48.837589,2.310975
202300046154,18,2,2023,2025-12-05 18:25:00,1,91,91661,1,1,1,2,Autoroute A10,48.68926,2.21995
202300046155,29,8,2023,2025-12-05 18:30:00,1,87,87038,1,1,1,6,Lieu-Dit Puy De L'Eau,45.91163,1.239685
202300046156,4,12,2023,2025-12-05 07:45:00,1,974,97411,2,4,1,3,Jaures (Bld 2 Jean),-20.89,55.4635
202300046157,3,4,2023,2025-12-05 19:45:00,2,75,75114,2,2,1,3,Boulevard Romain Rolland,48.8208,2.321048
202300046158,30,8,2023,2025-12-05 14:25:00,1,62,62180,1,1,1,6,D 941,50.413727,2.386705
202300046159,5,12,2023,2025-12-05 07:47:00,1,973,97302,2,9,2,3,Montabo (Route De) 2,4.93667,-52.29702
202300046160,19,2,2023,2025-12-05 16:50:00,1,92,92036,1,9,1,4,A86,48.9364031,2.28946318
202300046161,27,8,2023,2025-12-05 17:30:00,1,19,19035,1,1,1,6,D39,45.307288,1.339111
202300046162,4,4,2023,2025-12-05 09:20:00,1,75,75113,2,2,1,6,Boulevard Massena,48.819138,2.359503
202300046163,5,12,2023,2025-12-05 07:30:00,2,69,69388,2,3,1,6,Avenue Paul Santy,45.73549,4.87033
202300046164,4,4,2023,2025-12-05 18:00:00,1,75,75112,2,1,1,2,Quai De Bercy,48.84232,2.371814
202300046165,29,8,2023,2025-12-05 20:15:00,1,19,19025,1,1,1,7,Route Des Palisses,45.41192579,1.29341483
202300046166,4,4,2023,2025-12-05 20:00:00,2,75,75112,2,1,1,3,Rue Crozatier,48.847491,2.381147
202300046167,4,12,2023,2025-12-05 12:30:00,1,972,97213,1,1,1,5,Route Departementale 3,14.62608,-60.98946
202300046168,29,7,2023,2025-12-05 19:00:00,1,19,19012,1,1,1,3,Route De La Noix,44.955521,1.838429
202300046169,19,2,2023,2025-12-05 15:00:00,1,78,78402,1,1,1,5,A13,48.9641,1.775189
202300046170,5,12,2023,2025-12-05 19:00:00,5,69,69385,2,1,1,6,9 Avenue De Menival,45.75588,4.78809
202300046171,4,4,2023,2025-12-05 19:50:00,2,75,75110,2,2,1,3,Boulevard De La Chapelle,48.884238,2.364627
202300046172,19,2,2023,2025-12-05 02:26:00,3,78,78217,1,1,1,2,A13,48.963155,1.834819
202300046173,5,12,2023,2025-12-05 08:05:00,2,69,69385,2,1,2,3,13 Rue Francois Genin,45.75486622,4.79630442
202300046174,29,8,2023,2025-12-05 18:45:00,2,79,79278,1,2,1,3,D738,46.597605,-0.115429
202300046175,19,2,2023,2025-12-05 04:00:00,3,93,93066,1,1,1,6,Autoroute A86,48.92475,2.34108
202300046176,4,4,2023,2025-12-05 14:42:00,1,75,75107,2,1,1,3,Avenue De La Motte Picquet,48.855039,2.306628
202300046177,25,8,2023,2025-12-05 21:15:00,3,33,33506,1,1,1,6,Route De Monsegur,44.68248219,-0.06283343
202300046178,18,2,2023,2025-12-05 21:30:00,3,92,92036,1,1,1,2,Autoroute A86,48.93851705,2.30001759
202300046179,5,12,2023,2025-12-05 09:15:00,1,69,69382,2,2,1,3,25 Rue Ravat,45.74376,4.82474
202300046180,4,4,2023,2025-12-05 10:45:00,1,75,75107,2,3,1,3,Avenue De Breteuil,48.848839,2.311427
202300046181,18,2,2023,2025-12-05 20:15:00,3,92,92036,1,1,1,2,Autoroute A15,48.94355783,2.28738079
202300046182,4,12,2023,2025-12-05 10:10:00,1,971,97101,2,1,1,2,Achille Rene Boisneuf (Rue),16.26656956,-61.50910378
202300046183,28,8,2023,2025-12-05 17:19:00,1,63,63055,1,1,2,3,La Garenne,45.842819,2.791241
202300046184,4,4,2023,2025-12-05 13:10:00,1,75,75103,2,2,1,3,Rue De Bretagne,48.864693,2.359723
202300046185,4,12,2023,2025-12-05 20:15:00,5,2A,2A004,2,1,3,6,Napoleon Cours Avant Beverini,41.92118,8.73728
202300046186,18,2,2023,2025-12-05 10:45:00,1,13,13212,2,1,1,6,Saint Julien (Avenue De ),43.30626,5.42003
202300046187,28,8,2023,2025-12-05 09:00:00,1,12,12244,2,1,1,2,Avenue Du Pont Du Tarn,44.04945,2.898084
202300046188,27,3,2023,2025-12-05 11:30:00,1,94,94081,2,1,1,6,Rue De La Petite Saussaie,48.78478843,2.38771614
202300046189,5,12,2023,2025-12-05 09:00:00,1,95,95197,1,1,3,6,Abel Fauveau (Rue),48.96171189,2.32681096