num_acc,jour,mois,an,hrmn,lum,dep,com,agg,int,atm,col,adr,lat,long
202300046190,29,8,2023,2025-12-05 16:55:00,1,39,39106,1,1,1,6,Adresse_Inconnue,46.474672,5.723544
202300046191,17,2,2023,2025-12-05 07:15:00,2,25,25547,2,2,2,3,Pontarlier (Rue De),47.51467,6.83437
202300046192,3,4,2023,2025-12-05 18:50:00,2,94,94068,2,2,1,6,Rue Vassal,48.79344,2.47866
202300046193,5,12,2023,2025-12-05 08:25:00,2,95,95176,2,1,1,3,D121,48.958179,2.196016
202300046194,29,8,2023,2025-12-05 18:15:00,1,25,25434,2,9,1,7,Allee De La Tour De Peilz,47.10118,6.161206
202300046195,17,2,2023,2025-12-05 12:55:00,1,974,97416,2,2,1,1,Amandiers (Chemin Des),-21.30075,55.46019
202300046196,4,12,2023,2025-12-05 06:50:00,5,91,91216,2,1,3,3,Corbeil (Rue),48.66762,2.3329
202300046197,4,4,2023,2025-12-05 10:00:00,1,94,94043,2,1,1,1,30 Rue Carnot,48.80901,2.36624
202300046198,29,8,2023,2025-12-05 05:00:00,2,2,2358,1,1,1,6,4 Rue De Bohain,49.944788,3.516278
202300046199,18,2,2023,2025-12-05 07:20:00,1,974,97411,2,1,1,2,Jaures (Bld 1 Jean),-20.89009,55.46086
202300046200,4,4,2023,2025-12-05 12:45:00,1,94,94041,2,1,1,3,22 Rue Amedee Huon,48.80479,2.387305
202300046201,5,12,2023,2025-12-05 02:20:00,5,91,91161,2,3,1,3,Rue Helene Boucher,48.71774,2.30722
202300046202,26,8,2023,2025-12-05 08:35:00,1,72,72281,2,1,1,7,Rue De La Mairie,48.199546,0.501482
202300046203,3,4,2023,2025-12-05 14:22:00,1,94,94028,2,9,1,6,Avenue Du General De Gaulle,48.77869,2.45745
202300046204,18,2,2023,2025-12-05 16:00:00,1,69,69382,2,3,1,6,Quai Docteur Gailleton,45.75723,4.83691
202300046205,5,12,2023,2025-12-05 15:50:00,1,91,91201,2,9,2,3,Bd Henri Barbusse,48.69365,2.4133
202300046206,4,4,2023,2025-12-05 18:10:00,1,94,94022,2,1,1,3,Av De Villeneuve Saint Georges,48.76463,2.41633
202300046207,30,8,2023,2025-12-05 12:50:00,1,60,60509,2,1,1,5,Avenue D'Auvelais,49.316317,2.603803
202300046208,18,2,2023,2025-12-05 12:00:00,1,971,97120,2,1,1,6,Beauperthuy,16.24251,-61.53595
202300046209,5,12,2023,2025-12-05 17:30:00,5,91,91589,2,2,1,6,Av Paul Sumien,48.6846,2.36709
202300046210,4,4,2023,2025-12-05 19:05:00,1,94,94017,2,1,1,6,Avenue De La Republique,48.81855,2.51148
202300046211,18,2,2023,2025-12-05 05:20:00,2,971,97101,1,1,2,2,Perrin (Secteur),16.27507,-61.50936
202300046212,30,8,2023,2025-12-05 18:50:00,1,60,60178,2,2,1,2,Avenue De La Liberation,49.606559,2.069753
202300046213,5,12,2023,2025-12-05 11:40:00,1,91,91687,2,3,2,3,Jean Charcot (Avenue),48.659,2.36432
202300046214,17,2,2023,2025-12-05 17:40:00,1,2A,2A004,2,1,1,2,Candia,41.93448,8.74552
202300046215,30,8,2023,2025-12-05 15:25:00,1,64,64274,1,1,3,7,Rd15,43.177141,-1.301451
202300046216,4,12,2023,2025-12-05 00:14:00,3,87,87085,1,1,1,6,Autoroute A20,45.89809,1.29383
202300046217,3,4,2023,2025-12-05 18:20:00,1,94,94017,2,2,1,5,63 Rue De L'Egalite,48.81880535,2.52029443
202300046218,4,4,2023,2025-12-05 14:35:00,1,94,94071,2,3,1,2,Rue Albert Dru,48.762717,2.519596
202300046219,18,2,2023,2025-12-05 15:20:00,1,91,91433,1,1,1,2,R.D.20,48.45847,2.17753
202300046220,30,8,2023,2025-12-05 12:25:00,1,64,64297,1,1,3,4,Rd933,43.183087,-1.175559
202300046221,3,12,2023,2025-12-05 21:40:00,5,87,87085,2,2,1,3,Gambetta (Boulevard),45.82773,1.25814
202300046222,3,12,2023,2025-12-05 00:47:00,5,87,87085,2,1,1,7,Gautier (Rue Theophile),45.84543,1.25557
202300046223,4,4,2023,2025-12-05 16:10:00,1,93,93050,2,1,1,2,Avenue Jean Jaures,48.865392,2.561241
202300046224,30,8,2023,2025-12-05 18:04:00,1,85,85018,1,2,7,3,La Case Du Dely,46.8781665,-2.058531
202300046225,5,12,2023,2025-12-05 16:35:00,1,83,83126,2,3,1,2,Giovannini (Corniche Philippe),43.10239,5.90158
202300046226,28,8,2023,2025-12-05 15:48:00,1,85,85234,2,1,1,3,Avenue De Baisse,46.77490149,-2.03743815
202300046227,3,4,2023,2025-12-05 11:15:00,1,93,93032,2,3,1,3,Avenue Clovis / Avenue De L'Etoile D'Or,48.88053474,2.56959357
202300046228,18,2,2023,2025-12-05 19:00:00,2,74,74012,2,1,1,1,Bonneville (Route De),46.18775,6.23593
202300046229,28,11,2023,2025-12-05 16:30:00,1,83,83129,2,1,1,6,Font De Fillol (Rc Et T),43.09835,5.82688
202300046230,4,4,2023,2025-12-05 17:20:00,1,93,93079,2,1,1,6,Avenue Jean-Baptiste Clement,48.955929,2.338751
202300046231,29,8,2023,2025-12-05 19:20:00,1,85,85051,1,1,1,1,Rd 31,46.67409392,-1.02567221
202300046232,18,2,2023,2025-12-05 18:20:00,1,64,64102,2,1,1,2,Soult (Avenue Marechal),43.4869,-1.4867
202300046233,29,8,2023,2025-12-05 18:40:00,1,87,87187,2,1,1,7,Rue Des Salines,45.506813,1.205996
202300046234,4,12,2023,2025-12-05 17:30:00,3,79,79191,2,1,2,5,Adresse_Inconnue,46.31146,-0.42586
202300046235,3,4,2023,2025-12-05 17:15:00,1,93,93013,2,1,1,3,Avenue De La Division Leclerc,48.93604,2.42709
202300046236,18,2,2023,2025-12-05 12:50:00,1,64,64024,2,1,1,2,Bayonne (Avenue De),43.48221,-1.5074
202300046237,19,8,2023,2025-12-05 15:25:00,1,87,87103,2,3,1,3,Rue Du 8 Mai 1945,46.009696,1.17566
202300046238,18,2,2023,2025-12-05 09:38:00,1,64,64024,2,1,1,6,Rue De Hardoy,43.49334,-1.50878
202300046239,4,4,2023,2025-12-05 18:00:00,1,93,93047,2,2,1,3,Avenue Du Muguet / Avenue Emile Cossonneau,48.89433,2.54959
202300046240,5,12,2023,2025-12-05 16:45:00,1,78,78650,2,2,1,3,Carnot (Boulevard),48.89666,2.11992
202300046241,29,8,2023,2025-12-05 14:00:00,1,68,68375,2,1,1,2,Route Du Wahlweg,47.787758,7.233129
202300046242,3,4,2023,2025-12-05 19:20:00,1,92,92036,2,3,1,3,General De Gaulle (Avenue) (Pairs),48.93374411,2.31347367
202300046243,17,2,2023,2025-12-05 20:15:00,5,59,59392,2,3,2,6,Avesnes (Route D'),50.27153363,3.97045147
202300046244,24,10,2023,2025-12-05 13:30:00,1,78,78621,1,3,1,3,Freres Lumiere (Avenue Des),48.764328,2.000735
202300046245,30,8,2023,2025-12-05 13:30:00,1,5,5103,1,1,1,6,Autoroute A51 - Pk.127,44.283523,5.899422
202300046246,18,2,2023,2025-12-05 18:40:00,5,59,59560,2,1,1,3,Bouvry Roger Rue,50.54971,3.02935
202300046247,5,12,2023,2025-12-05 21:05:00,5,77,77337,2,1,1,3,Pierre Mendes France (Avenue),48.84102,2.61385
202300046248,4,4,2023,2025-12-05 09:30:00,1,92,92024,2,3,1,7,General Leclerc (Rue Du) De (59 Et Plus),48.90367135,2.311977
202300046249,29,8,2023,2025-12-05 17:33:00,1,1,1228,1,1,8,6,"A40, Pk127+400, Sens 2 (Macon-Geneve)",46.132921,5.522132
202300046250,4,4,2023,2025-12-05 19:15:00,1,92,92004,2,9,1,7,Docteur Dervaux  ( Quai Du ),48.907937,2.292544
202300046251,18,2,2023,2025-12-05 16:55:00,1,54,54328,2,1,1,7,Bas De La Cote (Rue Du),48.61417,6.16203
202300046252,4,12,2023,2025-12-05 18:00:00,5,77,77449,2,1,3,6,Crs De L Elbe,48.85704,2.78573
202300046253,29,8,2023,2025-12-05 18:55:00,1,34,34337,1,1,1,1,D116,43.524857,3.837812
202300046254,18,2,2023,2025-12-05 05:25:00,3,42,42187,2,6,1,6,Boulevard Baron Du Marais,46.0401,4.06352
202300046255,30,3,2023,2025-12-05 18:40:00,1,92,92004,2,1,1,6,Gresillons ( Avenue Des  ),48.91617241,2.30461903
202300046256,5,12,2023,2025-12-05 03:25:00,5,77,77131,2,1,2,6,D402,48.81332,3.07873
202300046257,29,8,2023,2025-12-05 14:00:00,1,971,97103,2,1,1,4,Rn1 Sortie Destreland,16.251975,-61.586308
202300046258,4,4,2023,2025-12-05 18:50:00,2,92,92002,2,9,1,2,Division Leclerc (53 A 217 - 58 A 186),48.74214,2.30271
202300046259,5,12,2023,2025-12-05 08:25:00,1,76,76351,2,1,2,7,Denis Papin (Pont),49.49459,0.13801
202300046260,18,2,2023,2025-12-05 06:00:00,5,42,42095,2,1,1,3,Rue De La Republique,45.39319919,4.29535939
202300046261,29,8,2023,2025-12-05 07:00:00,1,971,97124,2,3,1,3,Rue Joseph Pitat,16.016712,-61.708207
202300046262,4,4,2023,2025-12-05 19:10:00,2,51,51455,1,1,1,3,D58,48.72207,4.668717
202300046263,5,12,2023,2025-12-05 17:10:00,2,70,70550,2,3,2,6,Girardot (Rue Du Commandant),47.61824,6.154088
202300046264,18,2,2023,2025-12-05 03:35:00,3,38,38158,1,1,1,2,N87,45.15307,5.74154
202300046265,29,8,2023,2025-12-05 17:30:00,1,77,77171,2,1,1,7,Avenue Charles De Gaulle,48.896391,2.810553
202300046266,4,4,2023,2025-12-05 19:40:00,1,41,41150,2,1,1,2,Route De Blois,47.562551,1.441703
202300046267,29,8,2023,2025-12-05 08:20:00,1,77,77529,1,1,1,6,D21,48.822279,2.875969
202300046268,18,2,2023,2025-12-05 12:10:00,1,37,37261,2,3,8,6,Wagner (Boulevard Richard),47.37692,0.71358
202300046269,4,12,2023,2025-12-05 05:20:00,5,67,67482,2,1,8,2,Rhin (Avenue Du),48.57296,7.78798
202300046270,28,8,2023,2025-12-05 15:15:00,1,13,13094,1,1,1,7,D32,43.813411,4.751565
202300046271,4,4,2023,2025-12-05 06:45:00,2,17,17142,2,3,1,3,Rue Jacques Archambault,46.1902,-1.071736
202300046272,18,2,2023,2025-12-05 13:55:00,1,35,35238,2,1,1,6,Suede (De),48.08674387,-1.67604402
202300046273,4,12,2023,2025-12-05 18:00:00,2,66,66136,2,3,1,6,Palais-Des-Expo (Avenue Du),42.70528,2.89464
202300046274,17,2,2023,2025-12-05 07:45:00,2,34,34301,2,9,5,3,4 Rue Du Football,43.41082,3.677016
202300046275,28,8,2023,2025-12-05 15:50:00,1,67,67529,1,1,1,4,D94,48.70755495,7.84915646
202300046276,4,4,2023,2025-12-05 12:05:00,1,26,26009,2,1,1,2,32 Rn7 Creux De La Thine,45.260085,4.823214
202300046277,5,12,2023,2025-12-05 19:40:00,5,64,64545,1,9,2,1,Rd810,43.37559,-1.67756
202300046278,5,4,2023,2025-12-05 17:00:00,1,42,42320,1,1,1,6,Route De Saint Romain,45.55232,4.521866
202300046279,18,2,2023,2025-12-05 20:30:00,5,33,33249,2,1,1,5,Avenue Carnot,44.86556,-0.51482
202300046280,29,8,2023,2025-12-05 17:50:00,1,79,79042,1,1,1,7,Adresse_Inconnue,46.377654,-0.07959
202300046281,4,4,2023,2025-12-05 16:40:00,1,62,62230,2,1,1,2,D224,50.74189321,1.82153986
202300046282,26,8,2023,2025-12-05 22:30:00,3,86,86115,2,1,1,7,D62,46.68413,0.35547
202300046283,17,2,2023,2025-12-05 17:25:00,1,31,31555,1,1,1,2,30 Ponts Jumeaux  (Periph Ouest A620),43.60896,1.41199
202300046284,5,12,2023,2025-12-05 18:50:00,5,64,64284,2,1,1,4,Rauski,43.26935,-0.38916
202300046285,30,8,2023,2025-12-05 11:20:00,1,50,50041,1,1,1,6,Herquemoulin Rd403,49.661933,-1.86906
202300046286,5,4,2023,2025-12-05 17:29:00,1,2B,2B299,1,1,1,6,Caldane,42.427773,9.4276
202300046287,18,2,2023,2025-12-05 19:50:00,5,30,30028,2,1,1,5,Route D'Avignon,44.15597449,4.63786161
202300046288,28,7,2023,2025-12-05 16:45:00,1,35,35228,1,4,1,3,D168,48.588446,-2.11843
202300046289,5,12,2023,2025-12-05 18:15:00,5,64,64445,2,1,1,3,Dufau,43.31101,-0.36322
202300046290,30,8,2023,2025-12-05 15:00:00,1,35,35001,2,1,1,3,14 Rue Saint-Exupery,48.136007,-1.541447
202300046291,17,2,2023,2025-12-05 17:50:00,1,29,29039,2,2,1,1,Kerose,47.87424,-3.90526
202300046292,5,12,2023,2025-12-05 15:35:00,1,64,64445,2,6,8,2,Europe De L',43.33005,-0.35525
202300046293,23,8,2023,2025-12-05 12:53:00,1,27,27022,2,1,1,3,Rue De La Chartreuse,49.16992,1.349376
202300046294,17,2,2023,2025-12-05 20:25:00,3,19,19275,1,1,1,5,Neuvic (Route De),45.5641841,2.29991913
202300046295,5,12,2023,2025-12-05 09:45:00,1,64,64129,2,3,2,3,Piedmont Du,43.30559,-0.40112
202300046296,30,8,2023,2025-12-05 15:11:00,1,2,2381,2,4,1,3,48 Rue Charles De Gaulle,49.921968,4.083186
202300046297,17,2,2023,2025-12-05 20:40:00,5,18,18279,2,1,1,6,25 Rue Gourdon,47.22453,2.06555
202300046298,29,11,2023,2025-12-05 17:10:00,3,62,62250,2,1,1,6,D919,50.44791881,2.94403142
202300046299,29,8,2023,2025-12-05 20:05:00,1,13,13022,1,1,1,2,A50-Sens Toulon Vers Aubagne,43.2188,5.5814
202300046300,2,12,2023,2025-12-05 14:30:00,1,62,62510,1,1,1,6,D58,50.42288,2.77694
202300046301,5,4,2023,2025-12-05 07:00:00,2,71,71133,2,1,1,3,Route De Gothard,46.285683,4.298894
202300046302,29,8,2023,2025-12-05 09:35:00,1,13,13214,1,1,1,2,A7-Sens Lyon Vers Marseille,43.3378419,5.37676383
202300046303,2,12,2023,2025-12-05 22:05:00,5,62,62464,1,1,8,6,D39,50.48710283,2.80118369
202300046304,18,3,2023,2025-12-05 20:25:00,3,71,71324,1,1,1,7,D69,46.746294,4.66176
202300046305,28,8,2023,2025-12-05 13:55:00,1,83,83144,1,1,1,2,A57,43.13301051,5.98331823
202300046306,4,4,2023,2025-12-05 18:20:00,1,49,49331,2,1,1,6,Rue Georges Bachelot,47.69843,-0.960698
202300046307,5,12,2023,2025-12-05 10:55:00,1,61,61001,2,6,2,3,Vc,48.42555,0.0631
202300046308,29,8,2023,2025-12-05 17:20:00,1,92,92002,1,1,1,3,Autoroute A86,48.76265903,2.30300964
202300046309,3,4,2023,2025-12-05 09:00:00,1,12,12307,1,1,1,6,D199,44.186297,2.83812
202300046310,29,8,2023,2025-12-05 02:53:00,4,91,91340,1,1,1,7,Rn 104,48.60938,2.43948
202300046311,5,12,2023,2025-12-05 11:35:00,1,61,61001,2,6,2,3,D438,48.44443,0.09915
202300046312,2,4,2023,2025-12-05 19:00:00,1,68,68067,1,1,1,7,Courtavon,47.460543,7.209719
202300046313,5,12,2023,2025-12-05 18:56:00,4,59,59350,2,1,8,6,Eugene Imbert De La Phalecque,50.63342468,2.98894364
202300046314,28,8,2023,2025-12-05 18:15:00,1,92,92036,1,1,1,4,A86,48.93699329,2.29326176
202300046315,28,8,2023,2025-12-05 17:30:00,1,93,93005,1,1,1,3,Autoroute A1,48.96072159,2.46789896
202300046316,2,12,2023,2025-12-05 12:19:00,1,57,57672,2,1,1,6,Albert 1Er (Avenue) - Impair,49.36512,6.16853
202300046317,28,8,2023,2025-12-05 16:40:00,1,93,93010,1,1,1,3,Autoroute A3,48.90396716,2.47131617
202300046318,28,8,2023,2025-12-05 04:30:00,5,93,93007,1,1,1,7,Autoroute A1,48.94801,2.44503
202300046319,4,12,2023,2025-12-05 14:00:00,1,54,54395,2,1,1,2,Boulevard D'Haussonville,48.67276483,6.16495013
202300046320,29,8,2023,2025-12-05 14:35:00,1,94,94052,1,1,1,2,A86,48.84027522,2.49328165
202300046321,28,8,2023,2025-12-05 06:30:00,2,94,94069,1,1,1,6,A4,48.81737184,2.4349508
202300046322,5,12,2023,2025-12-05 19:20:00,5,54,54099,2,6,2,1,Rue De Lorraine,49.249543,5.953625
202300046323,24,5,2023,2025-12-05 08:00:00,1,13,13039,1,6,1,2,Rn 568,43.46197,4.91996
202300046324,16,6,2023,2025-12-05 10:25:00,1,91,91286,1,1,1,4,Autoroute A6,48.65588,2.37832
202300046325,4,12,2023,2025-12-05 16:45:00,5,51,51454,2,3,2,3,Douzieme Escadron D'Aviation (Rue),49.278478,4.031919
202300046326,28,8,2023,2025-12-05 08:45:00,1,974,97416,1,1,1,2,Rn 01,-21.30658,55.43011
202300046327,1,12,2023,2025-12-05 20:10:00,5,50,50129,2,1,4,2,Saline (Boulevard De La),49.65749,-1.65929
202300046328,26,8,2023,2025-12-05 18:05:00,1,974,97411,2,1,1,7,Jaures (Boulevard Jean),-20.90179,55.50531
202300046329,5,12,2023,2025-12-05 08:00:00,1,49,49007,2,3,1,1,Chateau D'Orgemont Rue Et Squ,47.44903,-0.54414
202300046330,1,10,2023,2025-12-05 19:25:00,2,78,78537,1,1,1,3,A10,48.555258,1.934752
202300046331,26,8,2023,2025-12-05 04:00:00,5,974,97411,2,2,2,3,Dodu 1 (Rue Juliette),-20.88229,55.45271
202300046332,4,12,2023,2025-12-05 18:43:00,5,49,49007,2,1,2,4,Doyenne Boulevard Et Passage,47.49046,-0.53282
202300046333,1,10,2023,2025-12-05 22:15:00,3,973,97304,1,1,1,7,Route Degrad Saramaca,5.14926672,-52.70283222
202300046334,4,12,2023,2025-12-05 15:39:00,1,49,49007,2,1,2,7,Barange Boulevard,47.46328,-0.55203
202300046335,25,9,2023,2025-12-05 18:00:00,1,973,97304,1,1,1,2,Piste Crique Des Singes Rouges,5.030178,-52.632328
202300046336,28,8,2023,2025-12-05 07:40:00,1,973,97302,2,3,1,3,Madeleine (Route De La),4.91151,-52.32145
202300046337,4,12,2023,2025-12-05 11:45:00,1,49,49015,2,6,3,3,Pompidou Avenue Georges,47.4968,-0.59164
202300046338,1,10,2023,2025-12-05 19:15:00,3,971,97125,1,1,1,3,Route De Brissac D116,16.256775,-61.316553
202300046339,27,8,2023,2025-12-05 12:55:00,1,973,97302,2,3,1,1,Cabassou (Cite),4.92000253,-52.31550246
202300046340,4,12,2023,2025-12-05 09:10:00,1,49,49007,2,1,2,1,Mandel,47.47115,-0.60222
202300046341,28,8,2023,2025-12-05 09:22:00,1,69,69386,2,3,2,6,Rue Notre-Dame,45.76385,4.86788
202300046342,30,9,2023,2025-12-05 19:45:00,3,45,45257,1,1,1,6,D2007,47.877016,2.737012
202300046343,5,11,2023,2025-12-05 17:13:00,1,47,47001,2,3,1,3,De Gaulle (Av. Du General),44.20715,0.61147
202300046344,4,12,2023,2025-12-05 17:50:00,5,41,41018,2,1,2,3,Industrie (Boulevard De L'),47.60461,1.32515
202300046345,28,8,2023,2025-12-05 02:15:00,5,972,97213,1,1,2,2,Autoroute A1,14.61477,-61.01255
202300046346,8,10,2023,2025-12-05 08:40:00,1,39,39198,2,6,7,3,323 Avenue Du Marechal Juin,47.073176,5.49725
202300046347,30,9,2023,2025-12-05 13:30:00,1,66,66065,1,9,1,3,D912,42.599614,2.963235
202300046348,5,12,2023,2025-12-05 12:30:00,1,37,37233,2,1,1,1,Duclos (Avenue Jacques),47.38114,0.75052
202300046349,2,10,2023,2025-12-05 13:30:00,1,83,83053,1,4,1,3,Dn8,43.165089,5.829492
202300046350,4,12,2023,2025-12-05 10:55:00,1,37,37214,2,3,2,1,Chanterie (Rue De La),47.41514,0.67557
202300046351,2,10,2023,2025-12-05 09:50:00,1,13,13097,1,1,1,2,D 113,43.63857,4.846073
202300046352,2,10,2023,2025-12-05 11:30:00,1,71,71235,2,1,1,6,Route De La Grisiere,46.350349,4.802061
202300046353,5,12,2023,2025-12-05 20:45:00,5,35,35238,2,3,2,3,Henry (Recteur Paul),48.12141,-1.70074
202300046354,1,10,2023,2025-12-05 22:45:00,3,8,8226,1,1,1,3,Rte Departementale 8051,50.095583,4.734356
202300046355,5,12,2023,2025-12-05 14:00:00,1,35,35051,1,3,2,1,Pouri (Lieu-Dit Le Champ),48.145,-1.607
202300046356,4,12,2023,2025-12-05 09:30:00,1,34,34172,2,1,2,3,Carrieu (Rue Marius),43.616922,3.842177
202300046357,1,10,2023,2025-12-05 00:20:00,4,67,67525,2,1,1,7,52 Rue Westerend,48.605172,7.436384
202300046358,4,12,2023,2025-12-05 15:35:00,1,34,34032,2,1,1,6,Voie Domitienne (Avenue De La),43.34806,3.24807
202300046359,2,10,2023,2025-12-05 07:00:00,2,7,7169,1,3,1,3,D86,45.171059,4.805033
202300046360,5,12,2023,2025-12-05 12:32:00,1,33,33063,2,8,2,3,Rue Des Etrangers,44.86475,-0.54943
202300046361,15,9,2023,2025-12-05 19:20:00,2,69,69071,1,1,1,3,Route Des Monts D'Or,45.865875,4.813911
202300046362,2,10,2023,2025-12-05 14:40:00,1,31,31466,1,1,1,6,Lieu Dit La Batisse,43.515062,1.151097
202300046363,4,12,2023,2025-12-05 17:00:00,5,33,33063,2,1,2,3,Ave Charles De Gaulle Caud,44.84854,-0.59829
202300046364,1,10,2023,2025-12-05 16:40:00,1,31,31417,2,1,1,1,10 Route De Mondonville,43.622801,1.285809
202300046365,4,12,2023,2025-12-05 08:40:00,1,33,33063,2,1,2,3,Rue Charles Chaigneau,44.8597,-0.54002
202300046366,1,10,2023,2025-12-05 11:50:00,1,33,33233,2,1,1,6,Rue Du Lac Des Vergnes,45.106703,-0.344892
202300046367,3,12,2023,2025-12-05 22:50:00,5,33,33249,2,1,1,3,Cote De La Garonne,44.8846,-0.51781
202300046368,1,10,2023,2025-12-05 17:55:00,1,33,33019,2,1,1,3,Avenue Des Certes,44.69070244,-1.02094263
202300046369,5,12,2023,2025-12-05 19:05:00,3,29,29019,1,1,1,2,Route De Roc'H Glas,48.433086,-4.496813
202300046370,1,10,2023,2025-12-05 17:15:00,1,49,49260,1,1,1,6,D91,47.046221,-1.035472
202300046371,5,12,2023,2025-12-05 17:45:00,2,27,27528,2,1,1,6,Mailloux (Rue Edmond),49.2603,1.20294
202300046372,30,9,2023,2025-12-05 19:15:00,1,27,27235,2,2,1,3,Rue De La Mairie,49.012861,0.928195
202300046373,5,12,2023,2025-12-05 11:15:00,1,27,27229,2,1,2,6,Michelet (Rue),49.008,1.16366
202300046374,2,10,2023,2025-12-05 18:20:00,1,60,60116,1,1,8,7,Rd 137,49.310169,2.351106
202300046375,5,12,2023,2025-12-05 08:40:00,1,26,26362,2,1,1,6,Rue Faventines,44.92227,4.90648
202300046376,1,10,2023,2025-12-05 16:35:00,1,80,80110,1,1,1,2,Adresse_Inconnue,50.17494,1.683794
202300046377,4,12,2023,2025-12-05 07:20:00,5,25,25547,2,1,4,6,Avenue Leclerc,47.515,6.83192
202300046378,30,11,2023,2025-12-05 19:00:00,5,24,24037,2,1,3,1,Neuve (Rue D'Argenson),44.85285,0.48667
202300046379,1,10,2023,2025-12-05 14:35:00,1,13,13088,1,1,1,1,A55 Sens Martigues-Marseille,43.38023736,5.21936543
202300046380,5,12,2023,2025-12-05 10:35:00,1,23,23096,2,9,1,6,Guillon ( Rue Alexandre),46.171317,1.883891
202300046381,9,1,2023,2025-12-05 23:20:00,3,92,92036,1,1,8,2,A86,48.93417121,2.27149149
202300046382,5,12,2023,2025-12-05 13:40:00,1,15,15014,1,1,2,6,Rd 120,44.926417,2.424615
202300046383,26,9,2023,2025-12-05 18:00:00,1,13,13001,1,1,1,4,A51-Sens Marseille Vers Aix En Provence,43.5011,5.4072
202300046384,10,1,2023,2025-12-05 18:20:00,3,94,94028,1,1,2,4,A86,48.77608496,2.42954952
202300046385,1,10,2023,2025-12-05 17:10:00,1,83,83137,2,9,1,6,A57,43.12479622,5.96847606
202300046386,5,12,2023,2025-12-05 15:20:00,1,14,14366,2,3,2,3,Orival (Rue D'),49.13165377,0.23557962
202300046387,10,1,2023,2025-12-05 15:40:00,1,94,94017,1,1,2,6,A86,48.82940031,2.48394864
202300046388,25,9,2023,2025-12-05 07:40:00,1,69,69259,1,1,1,2,Boulevard Peripherique Laurent Bonnevay,45.7175,4.86318
202300046389,10,1,2023,2025-12-05 07:50:00,2,94,94022,1,1,1,2,A86,48.7766716,2.41970908
202300046390,5,12,2023,2025-12-05 16:50:00,1,13,13215,2,3,1,5,Saint Antoine (Avenue De),43.37885,5.35701
202300046391,5,12,2023,2025-12-05 12:19:00,1,13,13203,2,1,1,6,Junot (Rue),43.3100822,5.37619115
202300046392,1,10,2023,2025-12-05 18:50:00,1,33,33063,1,1,1,4,Rocade A 630,44.88295827,-0.55273354
202300046393,8,1,2023,2025-12-05 03:06:00,5,75,75111,2,2,1,3,Rue De Charonne,48.855125,2.387091
202300046394,4,12,2023,2025-12-05 16:30:00,1,13,13214,2,3,2,3,Gibbes (Chemin De),43.32902,5.38547
202300046395,9,1,2023,2025-12-05 13:30:00,1,75,75110,2,3,2,7,Rue Du Faubourg Saint Martin,48.879266,2.362903
202300046396,5,12,2023,2025-12-05 09:30:00,1,13,13028,2,1,1,2,Poilus (Rue Des),43.17737,5.60926
202300046397,1,10,2023,2025-12-05 17:00:00,1,91,91468,1,1,1,5,Autoroute A6,48.57379,2.46707
202300046398,7,1,2023,2025-12-05 22:30:00,5,94,94011,2,1,8,6,Avenue Rodolphe Hottinguer,48.75866,2.48586
202300046399,5,12,2023,2025-12-05 10:05:00,1,13,13001,2,3,1,3,Belges (Av Des),43.52541,5.44442
202300046400,1,10,2023,2025-12-05 00:50:00,3,91,91432,1,1,1,2,Autoroute A6,48.69133,2.32248
202300046401,9,1,2023,2025-12-05 07:55:00,5,94,94017,2,1,1,3,62 Bis Avenue De La Republique,48.82035,2.511071
202300046402,4,12,2023,2025-12-05 19:00:00,5,11,11069,1,1,2,2,Rocade Nord - Rd 6113,43.21787,2.38227
202300046403,30,9,2023,2025-12-05 09:45:00,1,75,75113,1,1,1,4,A6B,48.816409,2.358981
202300046404,4,12,2023,2025-12-05 07:25:00,3,11,11069,1,1,2,6,Adresse_Inconnue,43.19314,2.34014
202300046405,9,1,2023,2025-12-05 19:40:00,5,93,93072,2,3,2,2,Avenue De Stalingrad / Avenue Paul Vaillant Couturier,48.94861739,2.38074213
202300046406,1,10,2023,2025-12-05 13:36:00,1,92,92051,1,1,1,7,Rn13,48.88543869,2.25809907
202300046407,4,12,2023,2025-12-05 20:55:00,5,10,10387,2,2,2,2,Edouard Herriot (Rue),48.2741,4.0803
202300046408,9,1,2023,2025-12-05 16:46:00,1,93,93066,2,1,2,3,Avenue Lenine,48.94036,2.36781
202300046409,1,10,2023,2025-12-05 20:00:00,4,93,93048,1,1,1,3,Autoroute A3,48.873008,2.4352839
202300046410,9,1,2023,2025-12-05 18:00:00,5,93,93064,2,1,3,6,Avenue Jean Jaures,48.86624,2.487126
202300046411,1,10,2023,2025-12-05 17:50:00,1,92,92036,1,1,1,2,Autoroute A15,48.94173674,2.29060453
202300046412,5,12,2023,2025-12-05 19:30:00,3,7,7231,1,1,8,5,D579,44.59052,4.39388
202300046413,9,1,2023,2025-12-05 18:15:00,5,93,93077,2,3,2,6,Allee De La Tour / Avenue Anatole France,48.89807,2.50154
202300046414,5,12,2023,2025-12-05 08:10:00,1,6,6123,2,9,1,3,Curie Pierre Et Marie Avenue,43.697,7.184
202300046415,30,9,2023,2025-12-05 21:30:00,3,92,92036,1,1,1,3,Autoroute A15,48.94364712,2.28775617
202300046416,5,12,2023,2025-12-05 08:40:00,1,4,4112,2,1,1,3,Departementale 4096,43.81992,5.78684
202300046417,9,1,2023,2025-12-05 19:41:00,5,93,93055,2,1,2,6,Avenue Du General Leclerc,48.8943806,2.3989245