num_acc,jour,mois,an,hrmn,lum,dep,com,agg,int,atm,col,adr,lat,long
202300046418,1,10,2023,2025-12-05 08:25:00,1,95,95500,1,1,1,2,A15,49.03653,2.0942
202300046419,9,1,2023,2025-12-05 14:55:00,1,93,93051,2,3,3,6,Avenue Mederic / Place Du Commerce,48.829349,2.570782
202300046420,4,12,2023,2025-12-05 13:20:00,1,4,4112,2,1,2,5,Saint Joseph(Boulevard),43.82413,5.79747
202300046421,30,9,2023,2025-12-05 21:50:00,3,95,95241,1,1,1,6,N104,49.04605,2.44253
202300046422,9,1,2023,2025-12-05 15:05:00,1,92,92064,2,1,2,3,Republique,48.85247,2.2127
202300046423,4,12,2023,2025-12-05 17:42:00,5,1,1053,2,1,2,2,Mercier (Avenue Amedee Du 45 Au Fin),46.20147,5.24935
202300046424,30,9,2023,2025-12-05 18:30:00,1,93,93010,1,1,1,5,Autoroute A3,48.91231784,2.47626871
202300046425,2,12,2023,2025-12-05 13:30:00,1,75,75101,2,1,1,6,Rue De L'Amiral De Coligny,48.86005,2.340413
202300046426,8,1,2023,2025-12-05 18:05:00,5,92,92025,2,2,2,6,Charles De Gaulle (Bd),48.914667,2.229152
202300046427,30,9,2023,2025-12-05 15:50:00,1,95,95527,1,1,1,6,A1,48.994266,2.515228
202300046428,2,12,2023,2025-12-05 19:30:00,5,75,75106,2,2,1,6,Boulevard Raspail,48.842066,2.3295335
202300046429,7,1,2023,2025-12-05 00:05:00,5,92,92004,2,2,1,3,Pont D'Asnieres,48.90501,2.28777
202300046430,5,12,2023,2025-12-05 16:20:00,5,75,75118,2,9,2,6,Rue Des Poissonniers,48.89423,2.352883
202300046431,30,9,2023,2025-12-05 09:45:00,1,95,95604,1,1,1,4,Autoroute A1,49.12341444,2.55676911
202300046432,9,1,2023,2025-12-05 18:10:00,5,92,92002,2,6,2,6,Rabelais (Avenue),48.75207362,2.30779034
202300046433,5,12,2023,2025-12-05 04:15:00,5,75,75117,2,1,3,6,Avenue De La Porte D Asnieres,48.891431,2.302264
202300046434,9,1,2023,2025-12-05 08:45:00,1,52,52017,1,1,1,6,D6 - Pk 31+330,47.92903716,5.03947596
202300046435,30,9,2023,2025-12-05 02:00:00,5,93,93007,1,9,1,2,Autoroute A1,48.9506349,2.44928777
202300046436,4,12,2023,2025-12-05 18:00:00,5,75,75116,2,2,3,3,Allee De Longchamp,48.87729868,2.27912199
202300046437,3,1,2023,2025-12-05 07:55:00,2,22,22172,2,2,8,1,"5, Rue Dinan",48.516739,-2.222199
202300046438,4,12,2023,2025-12-05 15:40:00,1,75,75113,2,2,2,7,Boulevard Massena,48.821543,2.369371
202300046439,1,10,2023,2025-12-05 09:50:00,1,77,77514,1,1,1,4,A104,48.94065417,2.62841122
202300046440,5,12,2023,2025-12-05 00:30:00,5,75,75112,2,1,2,6,Rue De Bercy,48.843892,2.373217
202300046441,10,1,2023,2025-12-05 14:20:00,1,68,68112,2,2,1,6,2A Route D'Issenheim,47.902477,7.22917
202300046442,1,10,2023,2025-12-05 04:29:00,3,77,77514,1,1,1,2,Rn104,48.94065417,2.62841122
202300046443,30,6,2023,2025-12-05 02:30:00,5,74,74173,2,1,2,6,Rd1212,45.855663,6.607279
202300046444,9,1,2023,2025-12-05 18:00:00,3,67,67073,1,3,2,1,D424 - D697,48.300089,7.35554
202300046445,19,7,2023,2025-12-05 17:25:00,1,74,74188,1,1,1,1,Route Des Lindarets,46.21575056,6.76023787
202300046446,9,1,2023,2025-12-05 14:05:00,1,57,57111,1,1,2,7,Autoroute A4 - Pk 308.800 - Sens Paris-Strasbourg,49.193962,6.093145
202300046447,19,7,2023,2025-12-05 15:50:00,1,74,74238,2,1,1,3,Route Des Grandes Alpes,46.23006,6.658179
202300046448,8,1,2023,2025-12-05 16:28:00,1,76,76167,1,1,1,7,Departementale 111,49.612448,0.169559
202300046449,16,7,2023,2025-12-05 18:17:00,1,74,74296,1,1,7,7,Route De La Croix Biche,46.084316,6.043714
202300046450,15,7,2023,2025-12-05 17:15:00,1,74,74063,2,1,1,6,Route De Vonnes,46.259374,6.840819
202300046451,10,1,2023,2025-12-05 15:20:00,1,38,38337,1,1,1,5,Rd 1085,45.347184,5.51194
202300046452,13,7,2023,2025-12-05 13:45:00,1,74,74302,1,1,1,7,D909,45.919557,6.385267
202300046453,7,1,2023,2025-12-05 16:45:00,1,36,36239,1,1,1,6,Adresse_Inconnue,46.47868469,1.49931365
202300046454,19,8,2023,2025-12-05 18:40:00,1,73,73065,2,1,1,7,D1006 - Bd Henry Bordeaux,45.56740104,5.90346591
202300046455,29,9,2023,2025-12-05 16:20:00,2,974,97416,2,3,1,3,Leblond 1 (Rue Marius Et Ary),-21.33509,55.46476
202300046456,9,1,2023,2025-12-05 23:45:00,3,37,37047,1,1,1,2,A28,47.49311698,0.66049397
202300046457,30,9,2023,2025-12-05 16:10:00,1,974,97411,2,1,8,6,Ruisseau Des Noirs (Rue),-20.89193,55.45276
202300046458,9,1,2023,2025-12-05 18:22:00,3,83,83031,1,1,2,6,D17,43.401158,6.359046
202300046459,30,9,2023,2025-12-05 09:15:00,1,973,97302,2,6,1,3,Catayee (Justin),4.9316413,-52.32991397
202300046460,30,9,2023,2025-12-05 02:55:00,5,973,97302,2,1,1,1,Madeleine (Route De La),4.90881,-52.32178
202300046461,10,1,2023,2025-12-05 08:50:00,1,51,51617,1,1,2,7,D21,49.057628,4.337111
202300046462,29,9,2023,2025-12-05 12:05:00,1,69,69383,2,3,1,3,Rue Du Dauphine,45.74995,4.8607
202300046463,9,1,2023,2025-12-05 18:35:00,5,32,32032,2,1,2,1,D943,43.579046,0.251334
202300046464,30,9,2023,2025-12-05 08:57:00,1,972,97209,2,2,1,3,Sidoni Florange (Impasse),14.63281,-61.0678
202300046465,30,9,2023,2025-12-05 05:50:00,5,69,69381,2,7,1,7,Place Tobie Robatel,45.76783,4.83131
202300046466,9,1,2023,2025-12-05 17:30:00,3,89,89469,1,1,2,7,Adresse_Inconnue,48.367443,3.364598
202300046467,30,9,2023,2025-12-05 02:10:00,5,69,69382,2,1,1,2,Quai Docteur Gailleton,45.75191,4.83283
202300046468,9,1,2023,2025-12-05 18:00:00,3,49,49307,1,1,8,2,Route De Maze (St Mathurin),47.413328,-0.311844
202300046469,30,9,2023,2025-12-05 11:41:00,1,2B,2B037,1,1,1,3,Lagune (Route De La) D107,42.62884,9.46712
202300046470,30,9,2023,2025-12-05 16:45:00,1,91,91657,2,1,1,3,Rue De La Longueraie,48.721007,2.441061
202300046471,9,1,2023,2025-12-05 18:19:00,5,68,68201,2,1,3,6,16 Route Joffre,47.776273,7.000151
202300046472,30,9,2023,2025-12-05 13:20:00,1,91,91201,2,2,1,7,Av De L Europe,48.6812,2.4282
202300046473,30,9,2023,2025-12-05 08:51:00,1,88,88160,2,1,1,3,Barthou (Rue Louis-),48.18785,6.4455
202300046474,29,9,2023,2025-12-05 19:10:00,1,82,82121,2,1,1,3,16 Avenue Jean Jaures,44.014529,1.344068
202300046475,10,1,2023,2025-12-05 06:00:00,3,38,38004,1,1,1,6,Chemin De Halage (Piste Cyclable),45.213185,5.473123
202300046476,9,1,2023,2025-12-05 20:10:00,3,6,6151,1,1,1,1,M6202,43.88921,7.188663
202300046477,30,9,2023,2025-12-05 22:40:00,5,77,77438,2,1,1,2,Saint Germain Des Noyers  (Avenue),48.85316,2.66537
202300046478,3,1,2023,2025-12-05 14:00:00,1,6,6127,1,1,1,1,M2565,44.04389,7.283099
202300046479,30,9,2023,2025-12-05 20:00:00,5,77,77058,2,3,1,5,Boulevard Mendes France,48.837594,2.707857
202300046480,30,9,2023,2025-12-05 13:20:00,1,71,71486,1,1,1,7,Rd 974,46.6415,4.3338
202300046481,6,1,2023,2025-12-05 21:30:00,5,14,14738,2,6,1,1,Rue Du General Leclerc,49.152407,-0.46258
202300046482,30,9,2023,2025-12-05 20:00:00,5,69,69275,2,3,1,2,Avenue Franklin Roosevelt,45.74747001,4.93333551
202300046483,7,1,2023,2025-12-05 16:50:00,1,90,90090,1,9,1,6,Voie Communale 39,47.470716,6.962357
202300046484,9,1,2023,2025-12-05 08:30:00,2,60,60277,1,1,3,2,La Herse,49.428404,2.045061
202300046485,30,9,2023,2025-12-05 21:08:00,5,69,69259,2,2,1,3,Rue Pierre Timbaud,45.69183,4.90056
202300046486,30,9,2023,2025-12-05 17:30:00,1,69,69290,2,1,1,3,1 Rue Du Beaujolais,45.69273,4.91124
202300046487,3,1,2023,2025-12-05 19:10:00,3,40,40046,1,1,1,3,"Departementale D652, A Hauteur Du Pk 14+680",44.422946,-1.142503
202300046488,9,1,2023,2025-12-05 21:00:00,5,85,85096,2,1,1,6,5 Rue Du Fauboug Saint-Thomas,46.889566,-1.834727
202300046489,29,9,2023,2025-12-05 17:00:00,1,69,69271,2,1,1,5,Avenue Louis Bleriot,45.72821,4.96119
202300046490,9,1,2023,2025-12-05 14:00:00,1,52,52095,1,1,3,7,Chemin La Genevriere,48.214872,5.489978
202300046491,10,1,2023,2025-12-05 15:00:00,1,988,98805,2,2,1,3,Ve2/Avenue Des Departs,-22.195625,166.445988
202300046492,9,1,2023,2025-12-05 13:55:00,1,1,1181,1,1,4,6,A404 Pk 013+800,46.233964,5.618056
202300046493,30,9,2023,2025-12-05 16:40:00,1,67,67482,2,1,1,4,Francois Mitterrand (Avenue),48.58476,7.6936
202300046494,10,1,2023,2025-12-05 15:30:00,1,67,67460,1,1,1,2,Gare De Peage,48.769605,7.602024
202300046495,30,9,2023,2025-12-05 03:40:00,5,67,67482,2,1,1,3,Rhin Napoleon (Rue Du),48.56124,7.80081
202300046496,9,1,2023,2025-12-05 15:40:00,1,45,45089,2,1,1,1,D308 Pr 0 + 360,47.902135,2.033093
202300046497,20,7,2023,2025-12-05 10:35:00,1,93,93059,2,1,1,6,Rue Parmentier,48.96474,2.37289
202300046498,26,9,2023,2025-12-05 17:09:00,1,61,61001,2,1,1,6,D112,48.4355,0.09672
202300046499,7,1,2023,2025-12-05 18:50:00,3,77,77145,1,2,2,3,N36,48.59181,2.72579
202300046500,30,9,2023,2025-12-05 15:30:00,1,59,59350,2,3,1,6,Esch Sur Alzette Rue,50.64046,3.07645
202300046501,20,7,2023,2025-12-05 23:27:00,5,93,93070,2,3,1,3,Boulevard Victor Hugo / Rue Ardoin,48.90807,2.32755
202300046502,10,1,2023,2025-12-05 15:40:00,1,30,30214,1,1,1,6,Adresse_Inconnue,44.05142,4.057737
202300046503,14,7,2023,2025-12-05 21:35:00,2,93,93070,2,1,1,6,Rue Du Docteur Bauer,48.90876884,2.33953737
202300046504,29,9,2023,2025-12-05 16:45:00,1,57,57631,2,1,1,3,Faienceries (Boulevard Des),49.11045,7.07184
202300046505,10,1,2023,2025-12-05 09:15:00,2,84,84004,1,2,7,2,Route De Carpentras,44.085733,5.033996
202300046506,19,7,2023,2025-12-05 09:30:00,1,93,93048,2,1,1,6,Boulevard De Chanzy,48.858627,2.43013
202300046507,9,1,2023,2025-12-05 17:55:00,5,73,73227,2,1,4,6,D91A - Le Praz,45.43390336,6.62507876
202300046508,20,7,2023,2025-12-05 18:05:00,1,93,93029,2,1,1,5,Rue Anatole France,48.92892995,2.45285962
202300046509,30,9,2023,2025-12-05 16:59:00,1,49,49007,2,2,1,3,Roi Rene Boulevard,47.46644,-0.5532
202300046510,10,1,2023,2025-12-05 12:45:00,1,1,1049,2,3,1,2,917 Route Nationale,45.845119,5.036559
202300046511,9,1,2023,2025-12-05 18:50:00,4,60,60157,2,1,1,6,Avenue Des Deportes,49.384754,2.418816
202300046512,19,7,2023,2025-12-05 23:40:00,5,93,93010,2,1,1,1,Route De Villemomble,48.89157831,2.49014281
202300046513,30,9,2023,2025-12-05 21:13:00,5,45,45234,2,3,1,3,10 Avenue Du President John Kennedy,47.83929,1.93513
202300046514,20,7,2023,2025-12-05 16:10:00,1,92,92007,2,1,1,2,Dormoy Avenue Marx Ndeg102 A Fin,48.81014216,2.31428236
202300046515,20,7,2023,2025-12-05 09:41:00,1,92,92040,2,1,1,7,Jean Jacques Rousseau,48.82259581,2.25772083
202300046516,30,9,2023,2025-12-05 18:55:00,1,45,45147,2,1,1,6,Rue Clarissa Jean-Philippe,47.92108,1.91648
202300046517,9,1,2023,2025-12-05 16:25:00,1,2,2443,1,5,2,3,Adresse_Inconnue,49.044465,3.277574
202300046518,30,9,2023,2025-12-05 16:20:00,1,45,45285,2,9,1,3,Parking Auchan,47.90418,1.86353
202300046519,9,1,2023,2025-12-05 12:25:00,1,69,69256,1,1,1,3,Rocade Est,45.79596257,4.93081528
202300046520,14,7,2023,2025-12-05 17:17:00,1,92,92025,2,2,1,5,Valmy (Bd De),48.92763852,2.25375295
202300046521,20,7,2023,2025-12-05 08:30:00,1,92,92023,2,1,1,2,General De Gaulle (Avenue Du),48.78131742,2.24158108
202300046522,5,1,2023,2025-12-05 18:25:00,5,69,69142,1,1,1,4,Route De Metropole 7,45.72283,4.81785
202300046523,20,7,2023,2025-12-05 20:05:00,1,92,92012,2,1,1,3,Point Du Jour (Quai Du),48.83001712,2.25638956
202300046524,9,1,2023,2025-12-05 09:25:00,1,33,33065,1,1,2,3,Route Nationale 230,44.81104,-0.52226
202300046525,29,9,2023,2025-12-05 17:07:00,1,45,45338,2,3,1,1,16 Rue Du Stade,47.996795,2.71005
202300046526,20,7,2023,2025-12-05 09:05:00,1,92,92012,2,2,1,3,Bartholdi (Rue),48.84517,2.24291
202300046527,8,1,2023,2025-12-05 01:35:00,3,33,33143,1,1,3,2,Autoroute A 10,44.95728732,-0.44968843
202300046528,30,9,2023,2025-12-05 20:00:00,5,41,41018,2,9,1,6,Tourville (Rue Du Marechal De),47.58966,1.30607
202300046529,16,7,2023,2025-12-05 01:16:00,5,92,92004,2,1,1,3,Aulagnier ( Quai ),48.91308016,2.30682582
202300046530,7,1,2023,2025-12-05 04:30:00,4,91,91521,1,1,1,2,Autoroute A6,48.63141,2.40726
202300046531,19,7,2023,2025-12-05 17:35:00,1,67,67347,1,1,1,2,Departementale 919,48.852793,7.505121
202300046532,9,1,2023,2025-12-05 13:10:00,1,92,92036,1,1,1,2,Autoroute A15,48.94589035,2.28373638
202300046533,30,9,2023,2025-12-05 20:35:00,5,35,35238,2,3,1,3,Chateaugiron (De),48.0923678,-1.62925288
202300046534,21,7,2023,2025-12-05 15:30:00,1,76,76749,2,1,1,7,Chemin De La Plaine,49.860653,1.36694
202300046535,9,1,2023,2025-12-05 01:45:00,3,93,93005,1,1,8,6,Autoroute A3,48.96180699,2.46685982
202300046536,21,7,2023,2025-12-05 10:30:00,1,84,84069,2,1,1,1,D938,44.170369,5.12686
202300046537,8,1,2023,2025-12-05 23:15:00,3,94,94079,1,1,2,5,A4,48.83458792,2.53722059
202300046538,30,9,2023,2025-12-05 15:30:00,1,35,35238,2,1,1,4,Armorique (Bd D'),48.12947,-1.67934
202300046539,20,7,2023,2025-12-05 14:20:00,1,28,28388,1,1,1,2,Autoroute A11 Pk 066+800,48.369457,1.459432
202300046540,8,1,2023,2025-12-05 16:50:00,2,54,54395,2,3,8,6,Boulevard Lobau,48.68459,6.19619
202300046541,29,9,2023,2025-12-05 17:10:00,1,35,35238,2,1,1,6,Pays-Bas (Avenue Des),48.0863,-1.66067
202300046542,21,7,2023,2025-12-05 13:25:00,1,83,83036,2,1,1,6,Avenue Frederic Mistral,43.173683,6.529468
202300046543,8,1,2023,2025-12-05 15:50:00,1,974,97416,1,1,1,4,L'Entre-Deux (Route De),-21.3033,55.430315
202300046544,18,7,2023,2025-12-05 15:00:00,1,26,26333,2,1,1,6,33 Avenue De Quebec,45.195547,4.814525
202300046545,8,1,2023,2025-12-05 21:45:00,5,973,97302,2,1,1,7,Montabo (Route De) 1,4.94006,-52.30166
202300046546,20,7,2023,2025-12-05 16:15:00,1,23,23264,1,1,1,7,D992,45.72608293,1.87745512
202300046547,29,9,2023,2025-12-05 20:05:00,2,34,34301,2,2,1,3,Vauban (Quai),43.410963,3.69723
202300046548,8,1,2023,2025-12-05 01:30:00,5,973,97302,2,1,2,3,Baduel (Route De),4.92895833,-52.30019778
202300046549,17,7,2023,2025-12-05 14:23:00,1,56,56141,1,1,1,1,Kergueurh,47.866156,-2.818352
202300046550,30,9,2023,2025-12-05 11:30:00,1,33,33281,2,3,1,3,Avenue De Magudas,44.85619,-0.64947
202300046551,7,1,2023,2025-12-05 22:25:00,5,973,97302,2,1,2,1,Mere Theresa (Rue),4.92267352,-52.31255606
202300046552,19,7,2023,2025-12-05 17:45:00,1,56,56193,2,6,1,3,Rond-Point De Kersabiec,47.725582,-3.323077
202300046553,8,1,2023,2025-12-05 19:15:00,5,69,69149,2,4,2,1,25 Rue Pierre Semard,45.71735,4.81212
202300046554,30,9,2023,2025-12-05 05:30:00,5,33,33063,2,3,1,2,Boulevard Du President Franklin Roosevelt,44.81830698,-0.57809383
202300046555,20,7,2023,2025-12-05 18:50:00,1,56,56153,1,1,1,5,Vieux Moulin,47.598017,-2.30633
202300046556,8,1,2023,2025-12-05 19:50:00,5,95,95280,2,1,2,2,Marceau (Avenue),49.028587,2.464376
202300046557,21,7,2023,2025-12-05 14:00:00,1,80,80130,1,2,1,2,D211,49.890966,2.150324
202300046558,29,9,2023,2025-12-05 10:50:00,1,33,33063,2,3,1,6,Avenue Saint Amand,44.85238,-0.61471
202300046559,8,1,2023,2025-12-05 21:15:00,5,83,83126,2,1,1,6,Merle (Bd Toussaint),43.10112,5.88945
202300046560,21,7,2023,2025-12-05 13:15:00,1,69,69217,1,1,1,1,Route De La Vallee,46.001389,4.479182
202300046561,8,1,2023,2025-12-05 00:20:00,5,69,69266,2,1,1,3,Rue Leon Blum,45.76027941,4.90098596
202300046562,27,6,2023,2025-12-05 08:00:00,1,63,63243,1,2,1,3,D518/ Vc--Les Vergers,46.173137,2.904929
202300046563,5,1,2023,2025-12-05 12:10:00,1,68,68066,2,3,1,3,Avenue Raymond Poincare,48.07192,7.34807
202300046564,30,9,2023,2025-12-05 17:46:00,1,29,29039,1,3,1,3,Chemin De Douric,47.91512,-3.94563
202300046565,21,7,2023,2025-12-05 10:30:00,1,49,49330,1,2,1,1,D391,47.631467,-0.626296
202300046566,8,1,2023,2025-12-05 15:35:00,1,64,64284,2,2,2,3,Avenue Des Vallees,43.29298361,-0.38664669
202300046567,21,7,2023,2025-12-05 07:40:00,2,12,12109,1,1,1,7,La Fage,43.853558,2.943853
202300046568,8,1,2023,2025-12-05 17:50:00,4,64,64122,2,1,3,6,Esplanade Du Port-Vieux,43.48209,-1.56605
202300046569,21,7,2023,2025-12-05 07:25:00,1,35,35297,2,1,7,2,Rue Louison Bobet,48.185306,-2.182117
202300046570,29,9,2023,2025-12-05 17:45:00,1,28,28134,2,1,1,3,Rond Point Des Chatelets,48.74668,1.39059
202300046571,8,1,2023,2025-12-05 01:50:00,5,59,59163,2,1,8,1,Jaures (Rue Jean),50.67497,3.14899
202300046572,20,7,2023,2025-12-05 18:35:00,1,34,34192,2,1,1,6,Avenue Reine D'Italie,43.524706,3.919185
202300046573,29,9,2023,2025-12-05 18:02:00,1,27,27681,1,1,1,3,Route D'Evreux,49.07865,1.44783
202300046574,21,7,2023,2025-12-05 07:20:00,2,29,29003,2,1,1,6,Rue Du Mole,48.01275,-4.541425
202300046575,8,1,2023,2025-12-05 16:00:00,1,59,59560,1,3,1,3,Fourchon Rue Du,50.5369,3.0281
202300046576,30,9,2023,2025-12-05 11:30:00,1,22,22187,1,1,1,2,Rn12,48.52888,-2.75435
202300046577,7,1,2023,2025-12-05 18:00:00,5,59,59350,2,1,1,1,Cambrai Rue De Ndeg Impairs,50.62394087,3.0778724
202300046578,18,7,2023,2025-12-05 12:45:00,1,72,72132,2,9,1,1,Avenue Du General Deux Gaulle,48.178907,0.653708
202300046579,20,7,2023,2025-12-05 11:40:00,1,6,6119,1,1,1,7,Camp Des Fourches (Borne Frontiere),44.333786,6.865757
202300046580,8,1,2023,2025-12-05 14:37:00,1,51,51230,2,3,7,3,Avenue General Margueritte,49.02678,3.95752
202300046581,21,7,2023,2025-12-05 03:45:00,3,14,14726,1,1,1,1,39 Route De Vire-Aunay,48.892106,-0.755525
202300046582,8,1,2023,2025-12-05 16:00:00,1,42,42187,2,3,8,3,Rue De Clermont,46.03046553,4.06685611
202300046583,30,9,2023,2025-12-05 17:30:00,1,13,13208,2,3,1,1,Jean Mermoz (Rue),43.27427,5.38704
202300046584,30,9,2023,2025-12-05 06:50:00,3,6,6069,1,1,1,6,Plascassier (Route De),43.642953,6.966836
202300046585,25,6,2023,2025-12-05 13:00:00,1,83,83082,1,1,1,3,D955,43.639919,6.477701
202300046586,8,1,2023,2025-12-05 12:40:00,1,35,35238,2,1,1,2,Strasbourg (Boulevard De),48.10995525,-1.65489346
202300046587,30,9,2023,2025-12-05 19:20:00,5,6,6027,2,1,1,1,Nice Avenue De (Rn7),43.656172,7.155041
202300046588,8,1,2023,2025-12-05 14:38:00,1,33,33522,2,2,2,3,Avenue Georges Clemenceau,44.8031,-0.59795
202300046589,20,7,2023,2025-12-05 16:30:00,1,73,73105,1,1,1,1,D1006 Route De Lyon,45.44602415,5.73886753
202300046590,20,9,2023,2025-12-05 17:00:00,1,5,5061,2,3,2,3,Charance ( Avenue De ),44.56233,6.06364
202300046591,8,1,2023,2025-12-05 03:29:00,5,25,25462,2,1,2,1,Salins De (Du 64 A La Fin),46.90848,6.33973
202300046592,21,7,2023,2025-12-05 11:45:00,1,73,73300,2,6,1,3,D1201 Boulevard Jean Charcot,45.683675,5.894841
202300046593,8,1,2023,2025-12-05 10:50:00,1,25,25056,1,1,8,6,Cote De Morre,47.22669,6.05306
202300046594,30,9,2023,2025-12-05 06:35:00,5,75,75119,2,1,1,2,Bd Peripherique Interieur,48.878879,2.407906
202300046595,7,1,2023,2025-12-05 10:45:00,1,25,25056,2,1,1,3,Carriers Rue Des,47.22957,5.9862
202300046596,20,7,2023,2025-12-05 09:56:00,1,7,7050,2,1,1,2,"Lieu-Dit ""Les Plots Du Puech""",44.414425,4.140548
202300046597,16,7,2023,2025-12-05 16:10:00,3,7,7050,1,1,1,6,Route De Paiolive,44.410256,4.145343
202300046598,8,1,2023,2025-12-05 23:15:00,5,13,13208,2,1,1,5,Pointe Rouge (Ave),43.24715714,5.37395641
202300046599,29,9,2023,2025-12-05 21:30:00,5,75,75118,2,1,1,2,Porte De Saint Ouen,48.900731,2.335823
202300046600,8,1,2023,2025-12-05 18:15:00,5,13,13209,2,1,1,3,Concorde (Boulevard De La),43.24859196,5.40145716
202300046601,21,7,2023,2025-12-05 15:30:00,1,53,53127,1,3,1,6,Rue Du Bois Hubert,48.440487,-0.503456
202300046602,30,9,2023,2025-12-05 12:00:00,1,75,75118,2,1,1,2,Bd Peripherique Exterieur,48.901118,2.354841
202300046603,7,1,2023,2025-12-05 17:18:00,1,13,13204,2,1,1,3,Pierre Brossolette (Place),43.30672372,5.40046111
202300046604,20,7,2023,2025-12-05 10:15:00,1,21,21092,1,1,1,1,D2,47.14003,4.774051
202300046605,30,9,2023,2025-12-05 00:50:00,5,75,75116,2,2,1,3,Allee De La Reine Marguerite,48.858565,2.244856
202300046606,8,1,2023,2025-12-05 18:45:00,5,13,13063,2,6,1,2,Rond Point Les 4 Chemins,43.58029,5.00074
202300046607,8,1,2023,2025-12-05 11:05:00,1,13,13001,1,1,8,1,Rognes (Rte De),43.60224,5.36589
202300046608,20,7,2023,2025-12-05 22:37:00,3,85,85133,1,2,1,3,Carrefour Champ De La Roche / Rd 68,46.370799,-0.730988
202300046609,30,9,2023,2025-12-05 18:30:00,1,75,75114,2,3,1,3,Avenue Du General Leclerc,48.829611,2.32852
202300046610,8,1,2023,2025-12-05 10:30:00,1,13,13001,1,1,2,5,Rn 296,43.55002,5.42951
202300046611,20,7,2023,2025-12-05 10:00:00,1,37,37167,1,2,1,3,La Seguiniere,47.561882,0.521904
202300046612,30,9,2023,2025-12-05 12:10:00,1,75,75106,2,4,1,6,Rue Dauphine,48.854168,2.338952
202300046613,8,1,2023,2025-12-05 09:00:00,1,6,6004,2,3,3,3,Fournel Badine Ch.Et Imp.,43.578506,7.117251
202300046614,19,7,2023,2025-12-05 14:00:00,1,52,52292,2,2,1,3,01 Rue De La Digue,47.757687,5.317442
202300046615,7,1,2023,2025-12-05 18:17:00,5,75,75117,2,1,1,2,Porte D Asnieres,48.893172,2.303521
202300046616,30,9,2023,2025-12-05 11:00:00,1,75,75118,2,3,1,6,Rue De Clignancourt,48.885032,2.347344
202300046617,20,7,2023,2025-12-05 18:20:00,1,52,52420,1,1,1,1,D147,48.276417,5.330767
202300046618,6,1,2023,2025-12-05 12:52:00,1,75,75113,2,2,8,3,Boulevard Auguste Blanqui,48.830882,2.344177
202300046619,20,7,2023,2025-12-05 12:50:00,1,88,88451,2,9,1,3,Rue De La Republique,48.395908,6.981404
202300046620,30,9,2023,2025-12-05 12:05:00,1,75,75117,2,5,1,2,Place De La Republique Dominicaine,48.880803,2.308915
202300046621,8,1,2023,2025-12-05 21:30:00,5,75,75106,2,1,1,2,Rue De Vaugirard,48.846428,2.324772
202300046622,20,7,2023,2025-12-05 23:00:00,3,88,88142,1,1,1,1,D41,48.233664,6.374452
202300046623,8,1,2023,2025-12-05 13:00:00,1,75,75105,2,3,1,6,Boulevard Saint Michel,48.850275,2.342672
202300046624,20,7,2023,2025-12-05 16:30:00,1,42,42116,1,1,7,2,A89,45.872479,3.922441
202300046625,29,9,2023,2025-12-05 17:00:00,1,75,75117,2,7,1,1,Place Des Ternes,48.878406,2.298392
202300046626,8,1,2023,2025-12-05 19:35:00,5,75,75119,2,1,2,3,Rue Botzaris,48.878701,2.382295
202300046627,20,7,2023,2025-12-05 18:10:00,1,42,42173,1,1,1,7,A89,45.826844,4.105952
202300046628,1,7,2023,2025-12-05 12:00:00,1,38,38253,2,9,1,6,Rue Des Vikings,45.007455,6.122078
202300046629,30,9,2023,2025-12-05 20:10:00,5,75,75113,2,1,1,6,Rue De La Glaciere,48.827799,2.342408
202300046630,8,1,2023,2025-12-05 18:30:00,5,75,75116,2,4,2,6,Avenue De Versailles,48.84004621,2.26371467
202300046631,21,7,2023,2025-12-05 06:27:00,2,38,38118,1,9,1,7,A48 - Pk 067.000,45.38742,5.472286
202300046632,20,7,2023,2025-12-05 18:10:00,1,28,28199,1,1,1,6,Autoroute A10 - Pk 63+400,48.217038,1.846905
202300046633,30,9,2023,2025-12-05 21:05:00,5,75,75113,2,3,1,3,Boulevard De L Hopital,48.835495,2.3586
202300046634,8,1,2023,2025-12-05 03:40:00,5,75,75110,2,1,1,6,Boulevard De Strasbourg,48.87017136,2.35473678
202300046635,20,7,2023,2025-12-05 10:07:00,1,84,84078,1,1,1,7,"A7, Pk 151+700 Sens 1",44.237544,4.706955
202300046636,30,9,2023,2025-12-05 09:30:00,1,75,75113,2,1,1,7,Boulevard Massena,48.823159,2.373807
202300046637,8,1,2023,2025-12-05 04:15:00,5,75,75108,2,7,1,3,Avenue George V,48.864732,2.301488
202300046638,13,7,2023,2025-12-05 11:05:00,1,971,97117,2,2,1,6,Rue De La Republique,16.33083,-61.345384
202300046639,8,1,2023,2025-12-05 17:15:00,1,75,75107,2,1,1,6,Rue Du Bac,48.850977,2.323839
202300046640,19,7,2023,2025-12-05 20:45:00,2,33,33199,2,2,1,3,14 Boulevard De La Cote D'Argent,44.64010071,-1.04437038
202300046641,20,7,2023,2025-12-05 18:55:00,1,77,77005,1,1,1,3,D404,48.934787,2.727913
202300046642,30,9,2023,2025-12-05 19:30:00,2,75,75111,2,1,1,3,Avenue Philippe Auguste,48.854697,2.392016