num_acc,jour,mois,an,hrmn,lum,dep,com,agg,int,atm,col,adr,lat,long
202300046643,8,1,2023,2025-12-05 13:12:00,1,93,93071,2,3,2,6,Boulevard Stalingrad / Place De La Gare Sevran,48.9353,2.53415
202300046644,1,7,2023,2025-12-05 19:50:00,1,30,30155,1,1,1,2,Adresse_Inconnue,43.82725,4.48482
202300046645,8,1,2023,2025-12-05 11:02:00,1,93,93077,2,1,1,6,Avenue Du General Gallieni,48.89232,2.505
202300046646,8,1,2023,2025-12-05 02:40:00,5,93,93062,2,6,1,6,Allee De Clichy / Allee Du Plateau,48.9004,2.52925
202300046647,29,9,2023,2025-12-05 13:20:00,1,75,75120,2,4,1,3,Avenue Ibsen,48.86666,2.41263
202300046648,8,1,2023,2025-12-05 18:25:00,5,93,93048,2,2,2,3,Rue De Stalingrad / Rue Des 4 Ruelles,48.85333269,2.44839549
202300046649,8,1,2023,2025-12-05 20:40:00,5,93,93010,2,1,2,2,Avenue De Rosny,48.90082997,2.47084558
202300046650,20,7,2023,2025-12-05 19:00:00,1,34,34023,2,3,1,2,14 Avenue Pasteur,43.437854,3.675474
202300046651,29,9,2023,2025-12-05 23:10:00,5,75,75112,2,2,1,2,Boulevard De La Bastille,48.84801,2.367646
202300046652,9,1,2023,2025-12-05 09:10:00,1,35,35245,2,1,2,6,24 Rue De La Chauvrais,48.217621,-1.888837
202300046653,30,9,2023,2025-12-05 18:41:00,1,75,75111,2,2,1,6,Boulevard De Menilmontant,48.86698199,2.38285384
202300046654,8,1,2023,2025-12-05 19:00:00,3,62,62219,1,1,3,6,D134E3,50.299744,2.018609
202300046655,8,1,2023,2025-12-05 12:45:00,1,51,51531,1,1,1,2,D995,48.779214,4.896029
202300046656,9,1,2023,2025-12-05 15:05:00,1,80,80076,1,1,4,6,A28,50.051159,1.772361
202300046657,7,1,2023,2025-12-05 18:00:00,3,42,42338,1,1,1,3,Route De Roanne,46.079735,4.105035
202300046658,30,9,2023,2025-12-05 09:45:00,1,75,75111,2,3,1,2,Boulevard Voltaire,48.855876,2.383252
202300046659,18,7,2023,2025-12-05 10:20:00,1,34,34289,1,1,1,3,Chemin De La Viere,43.394103,3.405826
202300046660,7,1,2023,2025-12-05 17:38:00,5,31,31044,2,1,1,2,41 M112 - Route De Lavaur,43.611145,1.503595
202300046661,7,1,2023,2025-12-05 22:15:00,5,974,97422,2,1,1,1,75 Rue Georges Pompidou,-21.264351,55.523669
202300046662,8,1,2023,2025-12-05 17:10:00,2,35,35308,1,1,1,6,La Croix Chemin,48.447091,-1.928546
202300046663,30,9,2023,2025-12-05 16:15:00,1,75,75107,2,3,1,1,Quai Branly,48.860509,2.295671
202300046664,8,1,2023,2025-12-05 15:00:00,1,87,87019,1,1,3,6,A20,45.746773,1.339989
202300046665,29,9,2023,2025-12-05 14:00:00,1,75,75101,2,1,1,6,Voie Georges Pompidou,48.857421,2.345604
202300046666,30,9,2023,2025-12-05 17:34:00,1,94,94033,2,1,1,6,Rue Des Beaumonts,48.85367,2.455
202300046667,9,1,2023,2025-12-05 16:20:00,1,2B,2B009,1,3,6,3,Rt10 - Route De Bonifacio,42.082291,9.484693
202300046668,21,7,2023,2025-12-05 07:45:00,1,34,34022,2,3,1,3,N113,43.659458,4.017794
202300046669,7,1,2023,2025-12-05 13:40:00,1,2B,2B143,2,1,1,3,"Route Territoriale 10, Hameau De Bravone",42.202339,9.53492
202300046670,30,9,2023,2025-12-05 17:30:00,1,94,94077,2,2,1,3,Cours De Verdun,48.73783,2.40801
202300046671,8,1,2023,2025-12-05 15:15:00,1,30,30225,1,1,1,6,Route De Donnat,44.169261,4.569776
202300046672,20,7,2023,2025-12-05 07:15:00,1,13,13053,1,1,1,5,D561,43.713875,5.200841
202300046673,30,9,2023,2025-12-05 08:15:00,1,93,93055,2,1,1,6,Avenue Du General Leclerc,48.89984,2.409472
202300046674,6,1,2023,2025-12-05 18:30:00,3,57,57559,1,1,2,1,D955,48.897029,6.358439
202300046675,20,7,2023,2025-12-05 17:34:00,1,71,71360,1,4,1,2,N79,46.331939,4.733013
202300046676,30,9,2023,2025-12-05 19:00:00,1,93,93048,2,1,1,3,Rue Parmentier,48.85964525,2.43295036
202300046677,20,7,2023,2025-12-05 06:10:00,2,88,88388,1,2,1,3,D51 Pk 6 +700,48.133452,6.382005
202300046678,6,1,2023,2025-12-05 16:00:00,1,51,51318,1,1,1,4,Rn 51,49.315205,4.15118
202300046679,30,9,2023,2025-12-05 15:45:00,1,93,93030,2,1,1,3,Avenue Ambroise Croizat,48.9571243,2.41589078
202300046680,8,1,2023,2025-12-05 16:45:00,1,19,19036,1,1,3,6,Route De Bonnat,45.617671,1.707325
202300046681,15,7,2023,2025-12-05 10:35:00,1,73,73150,1,1,1,6,D220,45.56504861,6.70830993
202300046682,9,1,2023,2025-12-05 07:30:00,3,76,76456,1,1,3,2,Rd 929,49.646775,0.84738
202300046683,30,9,2023,2025-12-05 12:24:00,1,93,93030,2,1,1,6,Avenue Louis Lariviere,48.95332857,2.41642414
202300046684,7,1,2023,2025-12-05 17:05:00,2,82,82056,1,1,2,6,D19,44.188465,1.755897
202300046685,14,6,2023,2025-12-05 10:15:00,1,26,26064,1,2,1,3,D538,44.89597601,5.01040392
202300046686,30,9,2023,2025-12-05 18:30:00,1,93,93010,2,1,1,6,Avenue Gallieni,48.905373,2.474949
202300046687,7,1,2023,2025-12-05 11:21:00,1,61,61168,2,1,2,6,10 Boulevard De La Foret D'Andaine,48.587713,-0.365295
202300046688,20,7,2023,2025-12-05 08:55:00,1,69,69122,1,1,1,1,Chemin Des Cretes,45.91598,4.68927
202300046689,9,1,2023,2025-12-05 19:00:00,3,68,68320,1,1,2,4,Rue De Galfingue,47.693819,7.221236
202300046690,30,9,2023,2025-12-05 06:35:00,5,93,93010,2,1,1,2,Avenue Leon Blum,48.914806,2.47892
202300046691,20,7,2023,2025-12-05 04:15:00,3,69,69296,1,1,1,2,Route De Chasse,45.652088,4.837589
202300046692,9,1,2023,2025-12-05 11:13:00,1,29,29193,1,1,2,1,Kerincuff,48.567826,-4.056208
202300046693,30,9,2023,2025-12-05 20:00:00,5,93,93007,2,6,1,3,Avenue Des Cosmonautes /  Avenue De La Division Leclerc,48.94709,2.45909
202300046694,21,7,2023,2025-12-05 13:35:00,1,81,81318,1,1,1,4,Rn 126,43.5874163,1.7937846
202300046695,7,1,2023,2025-12-05 16:15:00,1,14,14520,1,1,1,6,Route De La Poterie,49.135052,0.145633
202300046696,8,1,2023,2025-12-05 17:00:00,2,14,14371,1,1,4,6,2819 Route De Courson (Notre-Dame-De-Courson),48.991326,0.237815
202300046697,30,9,2023,2025-12-05 19:00:00,1,92,92050,2,3,1,1,Republique Avenue De La,48.91191,2.22297
202300046698,9,1,2023,2025-12-05 13:10:00,1,50,50074,1,1,4,1,D39,48.737923,-1.145239
202300046699,6,1,2023,2025-12-05 11:15:00,1,64,64106,1,1,1,6,D933,43.315686,-1.014122
202300046700,30,9,2023,2025-12-05 06:20:00,2,92,92025,2,2,1,3,Metz (Rue De),48.9131361,2.2258687
202300046701,7,6,2023,2025-12-05 15:40:00,1,33,33494,1,1,1,5,D1215,44.926359,-0.799406
202300046702,8,1,2023,2025-12-05 06:20:00,3,21,21576,1,1,1,2,D970,47.369608,4.471859
202300046703,1,10,2023,2025-12-05 12:40:00,1,11,11221,1,1,1,6,Adresse_Inconnue,43.405297,2.298846
202300046704,9,5,2023,2025-12-05 17:55:00,1,33,33238,2,2,2,6,Cours Du Marechal Leclerc,44.730729,-0.600391
202300046705,9,1,2023,2025-12-05 14:05:00,1,4,4116,1,1,1,2,Rd4,44.04625,6.019521
202300046706,20,7,2023,2025-12-05 16:45:00,1,76,76475,2,2,1,1,Route De Paris,49.40291,1.158468
202300046707,1,10,2023,2025-12-05 10:30:00,1,11,11367,1,4,1,2,8 Le Colombier Haut-Nord,43.35706,2.176784
202300046708,7,1,2023,2025-12-05 06:30:00,3,89,89415,1,1,1,2,Autoroute A6,47.589402,3.917452
202300046709,19,7,2023,2025-12-05 11:50:00,1,60,60612,2,1,1,6,Avenue Paul Rouge,49.196173,2.573357
202300046710,14,7,2023,2025-12-05 20:30:00,1,33,33162,1,1,1,2,Rocade A 630,44.86673,-0.65038
202300046711,9,1,2023,2025-12-05 12:10:00,1,63,63302,1,1,2,3,A75 Point Kilometrique 007+100 En Direction De Paris,45.71363365,3.15148309
202300046712,20,7,2023,2025-12-05 10:35:00,1,91,91689,1,1,1,2,Autoroute A6,48.73073,2.32514
202300046713,30,9,2023,2025-12-05 13:00:00,1,9,9090,1,1,1,2,Lieu Dit Le Chateau,43.046063,1.52391
202300046714,9,1,2023,2025-12-05 09:55:00,1,34,34095,1,1,1,2,"Autoroute A9, Pk111.300",43.544769,3.792622
202300046715,19,7,2023,2025-12-05 12:50:00,1,92,92050,1,1,1,2,A86,48.91627405,2.22128736
202300046716,8,1,2023,2025-12-05 21:30:00,3,21,21054,1,1,2,3,"Autoroute A6, Pk 305.700 Sens Lyon/Paris",47.00793737,4.86385957
202300046717,30,9,2023,2025-12-05 15:45:00,1,91,91016,2,1,1,3,15 Rue De La Plaine,48.31783,1.993258
202300046718,20,7,2023,2025-12-05 17:40:00,1,77,77121,1,1,1,2,A4,48.831114,2.687782
202300046719,9,1,2023,2025-12-05 11:00:00,1,976,97607,1,1,1,1,Rn2 Route Du Centre - Ongojou,-12.837159,45.155257
202300046720,19,7,2023,2025-12-05 11:23:00,1,94,94017,1,1,1,6,A4,48.8288331,2.50053561
202300046721,8,1,2023,2025-12-05 14:30:00,1,974,97422,1,1,1,6,Rue Pierre Rivals,-21.231925,55.541612
202300046722,8,1,2023,2025-12-05 13:15:00,1,34,34256,1,1,1,6,M54,43.69155493,4.05862423
202300046723,9,2,2023,2025-12-05 11:01:00,1,74,74208,1,1,1,6,N205,45.931852,6.734458
202300046724,1,10,2023,2025-12-05 04:51:00,3,81,81079,1,2,1,1,Denat - Mousquette (Arret De Bus),43.829372,2.191292
202300046725,19,7,2023,2025-12-05 15:30:00,1,972,97209,2,1,2,6,Francois Arago (Rue),14.60586,-61.07252
202300046726,9,1,2023,2025-12-05 07:30:00,3,34,34164,1,2,1,6,7 Chemin Des Vignes,43.747227,3.965474
202300046727,19,7,2023,2025-12-05 08:25:00,1,76,76540,2,2,1,6,Place Cauchoise,49.44579,1.08668
202300046728,1,10,2023,2025-12-05 15:30:00,1,28,28061,2,1,1,6,18 Rue Du Mail,48.209639,1.170462
202300046729,9,1,2023,2025-12-05 08:50:00,1,33,33051,2,1,2,5,D3E13,44.64059,-0.952903
202300046730,5,1,2023,2025-12-05 02:00:00,3,29,29058,1,1,2,6,D44,47.900619,-4.009055
202300046731,19,7,2023,2025-12-05 17:36:00,1,67,67482,2,8,1,3,Nancy (Boulevard De),48.58106,7.73197
202300046732,1,10,2023,2025-12-05 01:50:00,3,12,12127,1,1,1,3,Le Rivet,44.065633,2.465454
202300046733,19,7,2023,2025-12-05 06:45:00,1,63,63113,2,1,1,6,Flaubert (Bd Gustave),45.76910829,3.12385887
202300046734,4,1,2023,2025-12-05 17:15:00,1,22,22176,1,1,2,6,Le Heussard,48.431482,-2.748706
202300046735,1,10,2023,2025-12-05 06:25:00,2,38,38194,1,1,1,7,D519,45.341741,5.427507
202300046736,7,1,2023,2025-12-05 08:30:00,2,27,27448,2,1,8,6,17 Avenue Du General De Gaulle,49.016565,1.386982
202300046737,19,7,2023,2025-12-05 15:40:00,1,92,92012,2,6,1,6,Republique (Boulevard De La) 79/Fin - 76,48.83358368,2.24389046
202300046738,19,7,2023,2025-12-05 18:40:00,3,974,97416,1,1,1,3,Rn1 (Route Nationale),-21.32719,55.45048
202300046739,1,10,2023,2025-12-05 17:20:00,2,83,83019,1,1,7,6,4315 Route Du Dom,43.190703,6.373588
202300046740,19,7,2023,2025-12-05 17:30:00,1,69,69388,2,1,1,6,Rue Audibert Et Lavirotte,45.74009,4.85982
202300046741,29,9,2023,2025-12-05 11:15:00,1,85,85038,1,1,1,3,Rd 6,46.85329,-1.303359
202300046742,8,1,2023,2025-12-05 20:00:00,3,13,13005,1,1,1,6,A50-Sens Toulon Vers Aubagne,43.27956943,5.58387637
202300046743,30,9,2023,2025-12-05 17:50:00,1,83,83130,2,1,1,7,Route De Sollies Pont,43.186764,6.037433
202300046744,19,7,2023,2025-12-05 09:05:00,1,69,69387,2,1,1,5,Rue De Gerland,45.72895648,4.83774555
202300046745,7,1,2023,2025-12-05 11:30:00,1,13,13106,1,1,1,2,A7-Sens Marseille Vers Lyon,43.390881,5.351225
202300046746,30,9,2023,2025-12-05 17:30:00,1,41,41293,1,1,7,1,Rue De La Brisse,47.751216,0.990234
202300046747,12,7,2023,2025-12-05 14:25:00,1,972,97213,2,9,1,2,Morne Pitault (Route De),14.62501,-60.9772
202300046748,7,1,2023,2025-12-05 17:45:00,4,69,69199,1,1,1,2,Autoroute 7,45.68599,4.84659
202300046749,18,7,2023,2025-12-05 11:00:00,1,972,97213,2,1,1,2,Place D'Armes,14.62174,-60.98933
202300046750,8,1,2023,2025-12-05 21:35:00,3,91,91136,1,1,2,7,A10 Province / Rd188 Paris,48.71,2.287
202300046751,8,1,2023,2025-12-05 12:30:00,1,91,91689,1,1,1,5,Autoroute A6A,48.74752,2.32703
202300046752,17,7,2023,2025-12-05 10:30:00,1,972,97209,2,6,1,5,Mahault,14.61863,-61.046
202300046753,26,9,2023,2025-12-05 08:35:00,1,83,83116,1,1,1,5,1332 Route De Barjols,43.472383,5.86892
202300046754,7,1,2023,2025-12-05 21:30:00,3,77,77251,1,1,2,2,Autoroute A5A,48.614276,2.564739
202300046755,19,7,2023,2025-12-05 09:30:00,1,971,97113,1,9,1,3,Secteur Dampierre,16.20852,-61.46802
202300046756,8,1,2023,2025-12-05 10:20:00,1,78,78297,1,1,1,6,Rn12,48.787934,2.063052
202300046757,1,10,2023,2025-12-05 07:30:00,2,19,19176,1,1,1,6,Rosiers-D'Egletons Rd1089,45.382578,2.016103
202300046758,19,7,2023,2025-12-05 09:25:00,1,971,97105,2,3,1,3,Lardenoy (Rue De ),15.99369,-61.72528
202300046759,8,1,2023,2025-12-05 06:15:00,3,78,78090,1,1,3,7,A13,48.970445,1.890272
202300046760,30,9,2023,2025-12-05 15:50:00,1,67,67346,2,2,1,7,Rue De L'Ecole,48.949693,8.067881
202300046761,7,1,2023,2025-12-05 20:00:00,3,93,93053,1,1,2,6,Autoroute A103,48.88778,2.47247
202300046762,19,7,2023,2025-12-05 23:00:00,5,2A,2A004,2,2,1,1,Diamant Iii Rce Cours Napoleon,41.91874629,8.73689756
202300046763,8,1,2023,2025-12-05 12:20:00,1,95,95306,1,1,1,6,A15,49.0014152,2.17205622
202300046764,30,9,2023,2025-12-05 07:30:00,2,76,76380,1,1,1,6,D152,49.787277,0.987482
202300046765,19,7,2023,2025-12-05 12:53:00,1,2A,2A004,2,1,1,1,Stephanopoli Nicephore  De Comene Bd,41.90882,8.71402
202300046766,8,1,2023,2025-12-05 10:15:00,1,93,93027,1,1,8,6,Autoroute A86,48.92549999,2.39634991
202300046767,1,10,2023,2025-12-05 07:15:00,2,2A,2A269,1,1,1,6,3970 Route Territoriale 10,41.812811,9.401035
202300046768,19,7,2023,2025-12-05 11:10:00,1,95,95277,2,1,1,3,Plaine De France (Avenue De La),48.977153,2.49783
202300046769,8,1,2023,2025-12-05 09:20:00,1,93,93078,1,1,8,2,Autoroute A104,48.96361976,2.52140428
202300046770,30,9,2023,2025-12-05 18:40:00,1,65,65258,2,1,7,6,Avenue De La Gare,43.114629,0.387454
202300046771,19,7,2023,2025-12-05 08:00:00,1,91,91692,2,9,1,1,Canada (Avenue Du),48.68617,2.19188
202300046772,8,1,2023,2025-12-05 06:00:00,3,93,93027,1,1,2,6,Autoroute A86,48.92769,2.40339
202300046773,7,1,2023,2025-12-05 16:40:00,5,95,95641,1,1,3,6,A1,49.06957407,2.55231568
202300046774,18,7,2023,2025-12-05 18:20:00,1,89,89354,2,1,1,2,Adresse_Inconnue,48.219668,3.255878
202300046775,29,9,2023,2025-12-05 15:05:00,1,32,32107,2,1,7,6,1 Place Du Cardinal,43.955167,0.364936
202300046776,13,7,2023,2025-12-05 08:35:00,1,87,87085,2,1,1,6,Ventadour (Rue Bernard De),45.81485,1.27027
202300046777,30,9,2023,2025-12-05 17:50:00,1,71,71484,1,1,1,6,Route De Louhans,46.667897,5.244362
202300046778,8,1,2023,2025-12-05 12:05:00,1,77,77053,1,1,1,5,Rn104,48.677118,2.609409
202300046779,8,1,2023,2025-12-05 04:05:00,5,94,94017,1,1,1,2,A4,48.82630823,2.51972233
202300046780,23,6,2023,2025-12-05 19:15:00,1,84,84007,2,1,1,4,Docteur Pons (Route Touristique),43.9544,4.82272
202300046781,30,9,2023,2025-12-05 17:05:00,1,71,71263,2,2,1,6,Grande Rue,46.629234,5.221397
202300046782,7,1,2023,2025-12-05 13:15:00,1,93,93051,1,1,1,4,A4,48.83612292,2.54112191
202300046783,6,1,2023,2025-12-05 10:45:00,1,13,13215,2,1,1,2,Tours (Rue De),43.38086,5.37347
202300046784,9,9,2023,2025-12-05 19:46:00,2,71,71263,2,1,1,6,2 Rue Du Levant,46.628412,5.228301
202300046785,18,7,2023,2025-12-05 07:20:00,1,83,83129,2,1,1,4,Juin Marechal (Av Du),43.09688103,5.8502773
202300046786,6,1,2023,2025-12-05 01:47:00,5,75,75101,2,2,2,6,Boulevard De Sebastopol,48.863405,2.35095
202300046787,16,7,2023,2025-12-05 15:59:00,1,81,81163,2,3,9,6,Puech (Armand),43.50351,2.37772
202300046788,1,10,2023,2025-12-05 13:40:00,1,76,76618,1,2,7,3,D925,49.97013,1.246345
202300046789,19,7,2023,2025-12-05 18:00:00,1,78,78350,2,1,1,2,Versailles (Route De),48.85555,2.10739
202300046790,5,1,2023,2025-12-05 08:35:00,2,72,72181,2,9,2,6,Brossolette Pierre (Bd) Ndeg Pairs,47.97881,0.205
202300046791,1,10,2023,2025-12-05 10:10:00,1,55,55181,1,6,1,3,D603,49.217723,5.650599
202300046792,5,1,2023,2025-12-05 08:50:00,1,83,83153,2,1,1,6,Marie Fliche Bergis (Av),43.07419,5.91107
202300046793,18,7,2023,2025-12-05 15:45:00,1,76,76351,2,1,1,6,Edouard Vaillant,49.51498,0.17677
202300046794,1,1,2023,2025-12-05 00:46:00,5,68,68066,2,1,1,6,Avenue De L'Europe,48.079171,7.330081
202300046795,30,9,2023,2025-12-05 23:07:00,3,55,55214,1,1,5,6,D966,48.666818,5.329506
202300046796,18,7,2023,2025-12-05 12:40:00,1,72,72181,1,9,1,2,Alencon (Rte D'),48.03175,0.17849
202300046797,8,1,2023,2025-12-05 00:30:00,3,974,97411,1,1,9,3,Littoral (Route 1 Du),-20.87782,55.40651
202300046798,18,7,2023,2025-12-05 23:40:00,3,71,71475,2,1,1,7,Prevoyants (Rue Des),46.7701,4.82636
202300046799,30,9,2023,2025-12-05 18:30:00,2,49,49160,1,3,1,3,D18A,47.398113,-0.936123
202300046800,18,7,2023,2025-12-05 08:30:00,1,69,69290,2,1,1,3,Rue De L'Industrie,45.691,4.92407
202300046801,7,1,2023,2025-12-05 15:10:00,1,69,69387,2,1,8,3,Rue Bechevelin,45.75406,4.84239
202300046802,6,1,2023,2025-12-05 13:20:00,1,972,97209,2,1,1,2,Chateauboeuf (Route De),14.62059,-61.04334
202300046803,19,7,2023,2025-12-05 15:35:00,1,64,64102,2,1,1,1,Resplandy (Avenue Du Capitaine),43.49027,-1.46744
202300046804,20,9,2023,2025-12-05 14:30:00,1,34,34028,1,1,3,3,D908,43.591232,3.130996
202300046805,7,1,2023,2025-12-05 12:33:00,1,69,69389,2,1,1,2,109 Avenue 25Eme Regiment Des Tirailleurs Senegalais,45.78382,4.80109
202300046806,18,7,2023,2025-12-05 18:20:00,1,63,63300,1,1,1,2,Rd 2009,45.90498,3.12784
202300046807,6,1,2023,2025-12-05 20:20:00,5,971,97113,2,9,2,6,Chauffour,16.22186187,-61.52227342
202300046808,1,10,2023,2025-12-05 17:20:00,1,22,22158,2,1,1,6,Rue De Pontivy,48.195312,-2.988051
202300046809,19,7,2023,2025-12-05 17:54:00,1,63,63032,2,5,1,3,Leclerc (Avenue Du Marechal),45.75607,3.08448
202300046810,6,1,2023,2025-12-05 19:30:00,5,95,95607,2,6,1,6,D409,49.02683,2.19987
202300046811,27,6,2023,2025-12-05 08:57:00,1,59,59279,2,1,1,6,Lille (Rue De),50.77084087,3.12151864
202300046812,1,10,2023,2025-12-05 14:45:00,1,29,29131,1,1,1,6,5 Lieu Dit Dirizennet,48.448301,-4.038586
202300046813,7,1,2023,2025-12-05 21:50:00,5,83,83129,2,3,1,3,Mer (Avenue De La) NdegImpairs,43.10186,5.8221
202300046814,19,7,2023,2025-12-05 13:00:00,1,59,59279,2,1,1,6,Lille (Rue De),50.771882,3.122071
202300046815,29,9,2023,2025-12-05 16:30:00,1,29,29173,1,1,1,6,Route De Plogastel,48.011951,-4.230372
202300046816,7,1,2023,2025-12-05 13:15:00,1,78,78227,1,1,2,7,Cd 922,49.018643,1.952144
202300046817,19,7,2023,2025-12-05 18:30:00,1,59,59183,2,2,1,3,Fort Mardyck - Route,51.02608,2.31792
202300046818,1,10,2023,2025-12-05 11:20:00,1,2,2822,1,3,1,1,Adresse_Inconnue,49.297682,3.107795
202300046819,19,7,2023,2025-12-05 22:26:00,5,57,57463,2,1,1,6,Clovis (Rue ),49.106386,6.169802
202300046820,7,1,2023,2025-12-05 19:25:00,5,69,69256,2,3,1,3,Avenue Garibaldi,45.7664,4.92987
202300046821,14,7,2023,2025-12-05 02:22:00,5,56,56098,2,1,1,6,Jaures (Rue  Jean ),47.76359,-3.36129
202300046822,1,10,2023,2025-12-05 10:10:00,1,3,3043,1,1,1,7,Rd 578 Pk 1+200,46.198622,3.290277
202300046823,7,1,2023,2025-12-05 10:30:00,1,64,64024,2,2,1,2,Rue Des Pontots,43.49396,-1.49659
202300046824,18,7,2023,2025-12-05 22:54:00,5,54,54395,2,2,1,3,Avenue De La Garenne,48.68061792,6.17895395
202300046825,30,9,2023,2025-12-05 19:00:00,2,3,3002,1,1,7,7,Rd 133,46.617625,3.178675
202300046826,6,1,2023,2025-12-05 17:27:00,1,64,64024,2,1,1,3,Rue Du  Colonel Melville Lynch,43.4642,-1.49883
202300046827,18,7,2023,2025-12-05 14:50:00,1,54,54339,2,1,1,1,Rue Du Lion D'Or,48.71308,6.17646
202300046828,7,1,2023,2025-12-05 14:50:00,1,59,59421,2,1,3,6,Ravennes (Rue Des),50.7124731,3.12909152
202300046829,30,9,2023,2025-12-05 20:35:00,3,1,1179,1,2,1,3,D51,46.256425,4.83642
202300046830,18,7,2023,2025-12-05 17:00:00,1,49,49007,2,1,1,6,Ayrault,47.47602,-0.54991
202300046831,7,1,2023,2025-12-05 19:00:00,5,59,59350,2,2,1,3,Liberte Bvd Ndeg2 - 90-51 - 145,50.63456879,3.05680163
202300046832,19,7,2023,2025-12-05 12:00:00,1,44,44162,1,1,1,3,Adresse_Inconnue,47.211242,-1.627042
202300046833,6,1,2023,2025-12-05 17:00:00,2,59,59431,2,1,2,6,Lys  (Rue De La ),50.69594213,2.85386243
202300046834,1,10,2023,2025-12-05 08:31:00,1,85,85008,1,1,7,2,A 87 - Pk 120+700,46.626972,-1.42615
202300046835,7,1,2023,2025-12-05 09:55:00,1,54,54184,2,6,1,6,Avenue De Saulxures,48.707903,6.243707
202300046836,29,9,2023,2025-12-05 08:00:00,1,14,14554,1,1,1,1,Chemin De La Jalousie,49.072292,-0.29603
202300046837,6,1,2023,2025-12-05 17:40:00,5,54,54578,2,2,1,3,Boulevard Des Aiguillettes,48.67031341,6.15810513
202300046838,19,7,2023,2025-12-05 12:40:00,1,42,42044,2,3,1,3,Rue Du Colonel Marey,45.39506,4.32231
202300046839,7,1,2023,2025-12-05 17:41:00,5,51,51454,2,7,8,6,Place Aristide Briand,49.25755,4.03952
202300046840,19,7,2023,2025-12-05 07:45:00,1,38,38185,2,1,7,6,Jean Pain (Boulevard),45.18742,5.73735
202300046841,20,7,2023,2025-12-05 02:05:00,3,35,35278,1,1,1,6,Rn136,48.14,-1.6974
202300046842,1,10,2023,2025-12-05 10:45:00,1,14,14098,1,2,1,7,15 Rue De La Limare,49.20799659,-0.55823364
202300046843,7,1,2023,2025-12-05 09:40:00,1,51,51454,2,4,1,1,Boulevard Henry Vasnier,49.24079,4.05301
202300046844,19,7,2023,2025-12-05 19:20:00,1,35,35115,2,6,1,3,Durand (Rue Albert),48.35492059,-1.19873151
202300046845,1,10,2023,2025-12-05 12:30:00,1,50,50090,1,1,1,1,La Commune - D 134,48.539114,-1.013489
202300046846,7,1,2023,2025-12-05 09:09:00,1,49,49007,2,2,1,3,Villesicard Rue Et Square,47.45173,-0.53574
202300046847,6,1,2023,2025-12-05 17:45:00,5,48,48095,2,1,1,6,Huit Mai 1945 (Avenue Du),44.52621,3.48585
202300046848,16,6,2023,2025-12-05 22:16:00,2,35,35115,2,6,1,3,Saint Germain (Boulevard De),48.35665421,-1.20424479
202300046849,30,9,2023,2025-12-05 20:00:00,4,64,64081,2,3,1,3,Departementale 147,43.14909,-0.930356
202300046850,18,7,2023,2025-12-05 15:25:00,1,34,34032,1,1,1,7,Rd609,43.32548,3.19121
202300046851,7,1,2023,2025-12-05 06:20:00,4,45,45234,2,1,1,6,59 Avenue De La Marne,47.916225,1.933882
202300046852,19,7,2023,2025-12-05 22:03:00,5,31,31555,2,1,1,6,Bd Gabriel Koenigs,43.596164,1.411951
202300046853,7,1,2023,2025-12-05 14:40:00,1,45,45004,2,1,8,2,D2107 Pr 2 + 601,47.97068,2.73383
202300046854,30,9,2023,2025-12-05 17:05:00,1,10,10268,1,1,1,4,D951,48.480667,3.482248
202300046855,18,7,2023,2025-12-05 15:25:00,1,29,29051,1,1,1,1,Rue De La Papeterie,48.020923,-4.021289
202300046856,8,1,2023,2025-12-05 01:40:00,5,35,35238,2,3,2,6,Turmeau (Allee Jean),48.11134141,-1.69076532
202300046857,7,1,2023,2025-12-05 15:45:00,1,35,35051,1,6,2,6,Allies (Boulevard Des),48.14101,-1.62679
202300046858,19,7,2023,2025-12-05 21:10:00,1,28,28223,1,2,1,3,Rd 929,48.720557,1.40803
202300046859,31,7,2023,2025-12-05 16:40:00,1,36,36010,1,1,1,4,Adresse_Inconnue,46.87403992,1.05359316
202300046860,7,1,2023,2025-12-05 03:25:00,3,35,35278,1,1,1,2,N136,48.14153235,-1.67353345
202300046861,19,7,2023,2025-12-05 20:15:00,1,27,27229,2,4,1,1,Gambetta (Boulevard),49.0196,1.15444
202300046862,1,10,2023,2025-12-05 11:23:00,1,16,16251,1,1,1,6,D131,45.364117,-0.17149
202300046863,7,1,2023,2025-12-05 20:20:00,5,33,33063,2,2,3,3,Rue Lucien Faure,44.86973,-0.5666
202300046864,1,10,2023,2025-12-05 15:15:00,1,7,7166,1,1,1,7,D236,45.03332589,4.5344907
202300046865,19,7,2023,2025-12-05 10:25:00,1,22,22278,2,3,1,6,Tregueux (De),48.500192,-2.75651
202300046866,19,7,2023,2025-12-05 03:36:00,3,17,17306,2,9,1,1,Poste (Rond Point De La),45.62436,-1.02458
202300046867,7,1,2023,2025-12-05 02:50:00,5,33,33063,2,2,1,3,Rue Paulin,44.84713,-0.58778
202300046868,30,9,2023,2025-12-05 14:00:00,1,53,53160,1,3,1,3,Le Vieux Gast,48.375894,-0.556596
202300046869,17,7,2023,2025-12-05 12:01:00,1,15,15012,2,3,1,3,Rd 990,44.900566,2.487458
202300046870,7,1,2023,2025-12-05 23:00:00,5,33,33529,2,2,2,3,De Gaulle (Pl. Du General),44.53809,-1.15215
202300046871,30,9,2023,2025-12-05 18:45:00,1,53,53007,2,1,1,6,13 Rue Des Rochers,48.078613,-0.642174