num_acc,jour,mois,an,hrmn,lum,dep,com,agg,int,atm,col,adr,lat,long
202300046872,18,7,2023,2025-12-05 18:45:00,1,6,6155,2,2,1,3,Liberte Av.De La,43.569555,7.077021
202300046873,7,1,2023,2025-12-05 19:20:00,1,33,33529,2,6,3,3,Industrie (Bd De L') Du 01 Et +,44.61585,-1.12679
202300046874,10,7,2023,2025-12-05 17:30:00,1,5,5061,2,9,1,3,Commandant Dumont ( Avenue),44.569043,6.083315
202300046875,30,9,2023,2025-12-05 16:00:00,1,40,40127,1,3,1,3,3620 Avenue Des Pyrenees,43.795466,-0.243995
202300046876,17,7,2023,2025-12-05 19:05:00,1,75,75117,2,1,1,3,Bd Peripherique Exterieur,48.892143,2.301374
202300046877,1,10,2023,2025-12-05 12:00:00,1,85,85277,1,2,1,3,Rue Du Vivier,46.485311,-1.358421
202300046878,1,10,2023,2025-12-05 02:00:00,5,27,27428,2,1,1,6,Rue Octave Bonnel,49.147284,0.903258
202300046879,1,10,2023,2025-12-05 11:45:00,1,37,37173,1,1,1,6,D81,47.15914,1.284971
202300046880,19,7,2023,2025-12-05 10:45:00,1,75,75114,2,1,1,5,Boulevard Peripherique Exterieur Sud,48.821648,2.317887
202300046881,19,7,2023,2025-12-05 15:30:00,1,75,75119,2,3,1,3,Avenue De Flandre,48.891243,2.377369
202300046882,30,9,2023,2025-12-05 22:15:00,5,37,37172,2,3,1,1,Avenue Gustave Eiffel,47.438894,0.699209
202300046883,18,7,2023,2025-12-05 18:45:00,1,75,75117,2,3,1,6,Avenue De Clichy,48.888039,2.324612
202300046884,19,7,2023,2025-12-05 07:40:00,1,75,75115,2,3,1,6,Rue Jacques Baudry,48.82996868,2.30559468
202300046885,30,9,2023,2025-12-05 20:45:00,3,973,97309,2,1,1,3,Route De Remire,4.89176881,-52.27453172
202300046886,18,7,2023,2025-12-05 17:20:00,1,75,75114,2,3,1,3,Boulevard Saint Jacques,48.833524,2.334244
202300046887,30,9,2023,2025-12-05 18:20:00,2,34,34116,2,1,1,6,Departementale 127,43.646107,3.818253
202300046888,18,7,2023,2025-12-05 06:40:00,1,75,75114,2,3,1,3,Rue Froidevaux,48.837219,2.323956
202300046889,19,7,2023,2025-12-05 20:45:00,2,75,75111,2,1,1,3,Boulevard Voltaire,48.853631,2.387097
202300046890,1,10,2023,2025-12-05 14:35:00,1,6,6018,1,1,1,1,2692 Route De Valbonne,43.633404,7.076461
202300046891,1,10,2023,2025-12-05 16:45:00,1,67,67348,1,9,1,7,D500,48.471299,7.511859
202300046892,18,7,2023,2025-12-05 23:22:00,5,75,75110,2,2,1,3,Quai De Jemmapes,48.868813,2.367613
202300046893,30,9,2023,2025-12-05 16:30:00,1,976,97609,1,1,1,3,"Ccd 4, Ngouja",-12.9794,45.11982
202300046894,18,7,2023,2025-12-05 14:50:00,1,75,75110,2,2,1,6,Rue La Fayette,48.878973,2.35575
202300046895,1,10,2023,2025-12-05 03:00:00,5,11,11170,2,1,1,6,Cd 132,43.099972,3.098595
202300046896,27,8,2023,2025-12-05 08:55:00,1,45,45269,1,1,1,7,A10 Pr 108 + 113,47.876836,1.734982
202300046897,19,7,2023,2025-12-05 07:00:00,1,75,75116,2,2,1,3,Avenue Mozart,48.857296,2.273046
202300046898,1,10,2023,2025-12-05 14:15:00,1,13,13087,1,6,1,7,A8,43.47111,5.644966
202300046899,18,7,2023,2025-12-05 10:36:00,1,75,75103,2,2,1,1,Rue Commines,48.861767,2.365262
202300046900,14,7,2023,2025-12-05 12:00:00,1,94,94081,2,1,1,7,Rue Julian Grimau,48.78220019,2.37209503
202300046901,30,9,2023,2025-12-05 22:45:00,3,17,17139,1,1,1,2,A10,46.117026,-0.533369
202300046902,18,7,2023,2025-12-05 10:30:00,1,94,94068,2,2,1,6,Bac (Av Du),48.794594,2.51162
202300046903,1,10,2023,2025-12-05 11:30:00,1,91,91111,1,1,1,7,A10,48.625435,2.137667
202300046904,17,7,2023,2025-12-05 19:30:00,1,94,94017,2,1,1,1,Square Charles D'Orleans,48.80727,2.54961
202300046905,18,7,2023,2025-12-05 19:50:00,1,94,94016,2,1,1,3,43 Avenue Carnot,48.798574,2.326875
202300046906,30,9,2023,2025-12-05 02:30:00,3,974,97420,1,9,1,6,N2,-20.898949,55.580499
202300046907,29,9,2023,2025-12-05 15:00:00,1,973,97312,1,1,1,1,N1,5.332125,-52.914577
202300046908,18,7,2023,2025-12-05 15:45:00,1,94,94016,2,1,1,2,Avenue Aristide Briand,48.79076,2.3199
202300046909,19,7,2023,2025-12-05 16:28:00,1,94,94073,2,1,1,6,Avenue Du Luxembourg,48.756431,2.374134
202300046910,30,9,2023,2025-12-05 18:00:00,1,77,77382,2,1,1,3,16 Rue Braunston,48.90089,2.870212
202300046911,1,10,2023,2025-12-05 09:40:00,1,77,77508,1,1,1,1,D21 Pk 19+100,48.818574,2.866128
202300046912,19,7,2023,2025-12-05 09:25:00,1,94,94038,2,1,1,4,Rue De Lallier,48.77549,2.35368
202300046913,10,6,2023,2025-12-05 15:15:00,1,94,94021,2,1,1,3,73 Avenue De Stalingrad,48.768354,2.367835
202300046914,30,9,2023,2025-12-05 13:30:00,1,11,11426,1,1,1,2,Cd 620,43.2968,2.4573
202300046915,19,7,2023,2025-12-05 09:50:00,1,94,94028,2,1,1,2,70 Avenue Du Marechal Foch,48.778204,2.438286
202300046916,30,9,2023,2025-12-05 20:50:00,5,83,83047,2,1,1,6,40 Avenue De La Liberation,43.149675,6.075718
202300046917,19,7,2023,2025-12-05 21:20:00,2,93,93066,2,1,1,3,Rue Pleyel,48.91650275,2.34620767
202300046918,1,10,2023,2025-12-05 00:45:00,3,83,83143,1,1,1,6,D554,43.455271,6.065387
202300046919,19,7,2023,2025-12-05 08:30:00,1,93,93001,2,5,1,3,Avenue Victor Hugo / Rue De La Commune De Paris,48.90885355,2.3782126
202300046920,30,9,2023,2025-12-05 20:05:00,5,67,67309,2,1,1,6,Boulevard Des Enseignes,48.651851,7.723517
202300046921,19,7,2023,2025-12-05 09:30:00,1,93,93051,2,6,1,3,Rue Graham Bell / Boulevard De Friedberg,48.83604,2.54753
202300046922,1,10,2023,2025-12-05 02:26:00,3,42,42147,2,6,1,6,Avenue De Saint Etienne,45.590505,4.090353
202300046923,19,7,2023,2025-12-05 19:15:00,2,93,93048,2,7,1,3,Place Du General De Gaulle / Rue Jean Lolive,48.86914,2.43236
202300046924,18,7,2023,2025-12-05 23:20:00,5,93,93045,2,1,1,1,Avenue Du Marechal Juin,48.87883601,2.4222959
202300046925,19,7,2023,2025-12-05 09:40:00,1,93,93010,2,3,1,6,Remise A Jorelle / Rue Rudyard Kipling,48.89331983,2.48690536
202300046926,19,7,2023,2025-12-05 04:05:00,5,93,93057,2,2,1,3,Allee Monthyon / Allee De L'Avenir,48.91207778,2.50865657
202300046927,10,7,2023,2025-12-05 12:55:00,1,92,92078,2,1,1,7,Jean Moulin (Avenue) (1 Au 81),48.93839,2.33177
202300046928,19,7,2023,2025-12-05 00:40:00,5,92,92073,2,1,1,6,Verdun (Rue De),48.87115675,2.22779131
202300046929,18,7,2023,2025-12-05 18:00:00,1,92,92073,2,2,1,3,Caron (Rue Albert),48.86511288,2.20855996
202300046930,19,7,2023,2025-12-05 12:24:00,1,92,92077,2,1,1,3,Sevres (Rue De),48.82626,2.19203
202300046931,19,7,2023,2025-12-05 19:05:00,1,92,92063,2,3,1,3,Doumer (Avenue Paul) Nord,48.87993176,2.18057728
202300046932,19,7,2023,2025-12-05 06:40:00,1,92,92051,2,2,1,3,"Bineau (Boulevard, Ndeg133 A 217 Et 134 A",48.89363317,2.2674349
202300046933,18,7,2023,2025-12-05 18:15:00,1,92,92050,2,1,1,3,Vaillant Couturier Paul Rue,48.87946,2.20825
202300046934,18,7,2023,2025-12-05 08:56:00,1,92,92050,2,1,1,1,Picasso Pablo Avenue,48.89248921,2.21358848
202300046935,19,7,2023,2025-12-05 14:00:00,1,92,92020,2,1,1,7,Brossolette Rue Pierre Autres Ndeg,48.800973,2.279232
202300046936,19,7,2023,2025-12-05 09:30:00,1,92,92040,2,1,1,3,Marceau,48.8263,2.2722
202300046937,15,7,2023,2025-12-05 22:00:00,5,92,92025,2,1,1,6,Edgard Quinet (Bd),48.92413671,2.247987
202300046938,19,7,2023,2025-12-05 18:40:00,1,92,92024,2,1,1,3,Martre De (4 A 54),48.89988595,2.3088643
202300046939,17,6,2023,2025-12-05 18:45:00,1,39,39295,1,2,1,3,Adresse_Inconnue,46.483501,5.466042
202300046940,19,7,2023,2025-12-05 00:40:00,5,92,92019,2,1,1,6,Sinet Eugene (Rue),48.77447,2.26962
202300046941,19,7,2023,2025-12-05 19:00:00,1,60,60040,1,1,1,7,D152,49.424004,2.590445
202300046942,17,6,2023,2025-12-05 19:40:00,1,39,39154,2,3,1,3,14A Route De Lons-Le-Saunier,46.579115,5.747328
202300046943,18,7,2023,2025-12-05 23:15:00,3,40,40296,1,1,1,6,D86,43.687619,-1.37858
202300046944,19,7,2023,2025-12-05 14:15:00,1,42,42332,2,2,1,3,Rue Du Moulin A Vent Prolongee,46.019116,4.053483
202300046945,17,6,2023,2025-12-05 18:30:00,1,44,44069,2,9,1,3,1 Rue De La Fuie,47.327803,-2.411923
202300046946,17,7,2023,2025-12-05 10:40:00,1,64,64367,1,1,1,6,11 Chemin Larue,43.449715,-0.69246
202300046947,17,6,2023,2025-12-05 06:35:00,2,2,2173,2,1,1,6,106 Rue Camille Desmoulins,49.612754,3.203459
202300046948,3,7,2023,2025-12-05 20:30:00,1,19,19043,1,1,1,6,Rd921,45.153187,1.621476
202300046949,17,6,2023,2025-12-05 18:30:00,1,1,1457,1,1,1,6,Route De Laval,46.215654,4.998328
202300046950,17,7,2023,2025-12-05 08:00:00,1,56,56117,2,6,1,3,11 Place Anne De Bretagne,47.882053,-2.83428
202300046951,17,6,2023,2025-12-05 15:19:00,1,66,66053,2,9,1,6,Adresse_Inconnue,42.525933,3.082067
202300046952,19,7,2023,2025-12-05 20:03:00,1,56,56240,2,6,1,3,Giratoire De Kergroes,47.522311,-2.767274
202300046953,17,6,2023,2025-12-05 09:10:00,1,54,54200,2,3,1,1,Rue Du Jury,48.8753357,5.84767163
202300046954,19,7,2023,2025-12-05 21:45:00,5,2B,2B343,2,1,1,6,Querciolo,42.4894,9.478841
202300046955,17,6,2023,2025-12-05 16:10:00,1,50,50604,1,1,1,1,D23,49.522555,-1.816328
202300046956,20,7,2023,2025-12-05 10:15:00,1,11,11392,1,1,1,1,Adresse_Inconnue,43.079617,2.676448
202300046957,18,6,2023,2025-12-05 06:45:00,2,83,83056,2,3,1,6,Vieille Route De Grasse,43.555278,6.516958
202300046958,19,7,2023,2025-12-05 20:15:00,2,46,46213,1,2,7,1,Le Claux De Gasconne,44.83961667,1.76415458
202300046959,17,6,2023,2025-12-05 10:00:00,1,64,64094,1,1,1,1,D936,43.465441,-1.236842
202300046960,20,7,2023,2025-12-05 15:30:00,1,44,44128,1,1,8,1,44 La Ville Dinais,47.523504,-1.886365
202300046961,17,6,2023,2025-12-05 19:05:00,1,43,43153,1,9,1,3,1851 Route De Cubrisoles,45.330716,4.261988
202300046962,13,6,2023,2025-12-05 17:15:00,1,7,7276,1,1,2,6,Rd 120 - Pr 40+950 -,44.896189,4.486926
202300046963,19,7,2023,2025-12-05 16:45:00,1,29,29035,1,1,1,3,D26,48.49655805,-4.53622331
202300046964,18,6,2023,2025-12-05 06:00:00,1,40,40145,2,1,1,6,248 Route Du Tursan,43.765589,-0.423601
202300046965,19,7,2023,2025-12-05 16:22:00,1,15,15142,1,2,1,3,D990,44.97214,2.990815
202300046966,20,7,2023,2025-12-05 09:00:00,1,1,1240,1,1,1,6,Route De Dortan,46.254957,5.513334
202300046967,17,6,2023,2025-12-05 17:30:00,1,4,4036,1,1,1,1,D900,44.146439,6.296266
202300046968,20,7,2023,2025-12-05 08:25:00,1,70,70176,1,1,7,6,D6,47.886125,6.608298
202300046969,18,6,2023,2025-12-05 11:50:00,1,77,77410,1,1,1,6,Autoroute A5,48.587509,2.703323
202300046970,20,7,2023,2025-12-05 19:10:00,1,54,54152,2,9,1,6,25 Rue Du General Leclerc,48.55564124,6.38659716
202300046971,18,6,2023,2025-12-05 02:30:00,3,49,49188,1,1,2,7,Pk 239 A11,47.589551,-0.323224
202300046972,20,7,2023,2025-12-05 12:55:00,1,54,54076,2,4,1,1,Rue Du Bois Versin,48.562424,6.402297
202300046973,18,6,2023,2025-12-05 08:30:00,1,79,79355,1,1,1,2,Adresse_Inconnue,46.300161,-0.366561
202300046974,19,7,2023,2025-12-05 18:30:00,1,54,54400,1,1,1,1,D120,48.88270198,6.22697353
202300046975,18,6,2023,2025-12-05 00:12:00,3,68,68278,1,1,1,6,Autoroute A35,47.754183,7.42006
202300046976,18,6,2023,2025-12-05 13:26:00,1,64,64300,1,1,1,6,A64 - Pk 77.288,43.43135417,-0.62975154
202300046977,17,6,2023,2025-12-05 14:40:00,1,69,69013,1,1,1,7,Autoroute 6,46.0328,4.725924
202300046978,17,6,2023,2025-12-05 23:45:00,5,69,69118,2,3,1,2,Route De Beaucaire,45.564567,4.80352
202300046979,13,7,2023,2025-12-05 17:20:00,1,6,6073,1,1,1,6,M97,44.188743,7.053502
202300046980,16,6,2023,2025-12-05 18:43:00,5,971,97104,2,1,1,3,Allee Des Peres Blancs,16.012252,-61.742769
202300046981,17,6,2023,2025-12-05 12:30:00,1,28,28194,1,1,1,7,Grande Rue,48.4376,1.651372
202300046982,19,7,2023,2025-12-05 08:30:00,2,9,9327,1,1,1,7,D10,42.991088,1.741676
202300046983,17,6,2023,2025-12-05 15:30:00,1,45,45244,1,1,1,1,D119 Pr 3 + 930,47.771421,2.421262
202300046984,18,6,2023,2025-12-05 16:30:00,1,77,77264,1,1,1,1,D402,48.7028309,2.91785112
202300046985,18,6,2023,2025-12-05 13:22:00,1,91,91103,1,6,1,3,D19,48.578453,2.298589
202300046986,17,6,2023,2025-12-05 20:00:00,1,2B,2B301,1,1,1,6,Rd 81,42.660585,9.126012
202300046987,18,6,2023,2025-12-05 08:45:00,1,66,66141,1,1,1,7,Adresse_Inconnue,42.769603,2.900219
202300046988,16,6,2023,2025-12-05 16:40:00,1,34,34183,2,6,7,3,Rd609,43.290932,3.118492
202300046989,17,6,2023,2025-12-05 21:40:00,3,84,84132,1,1,1,7,Route De Banon,43.882827,5.004369
202300046990,18,6,2023,2025-12-05 13:50:00,1,13,13081,1,4,1,1,D113 - Noeud Desservant Plusieurs Axes,43.491584,5.218785
202300046991,17,6,2023,2025-12-05 17:20:00,1,13,13086,2,6,1,2,Route Nationale 96,43.338214,5.601193
202300046992,16,6,2023,2025-12-05 17:10:00,1,26,26124,1,1,1,4,"Autoroute A7 Sens Nord / Sud, Pk 082.700",44.835384,4.862266
202300046993,16,6,2023,2025-12-05 15:20:00,1,68,68329,2,1,1,3,61 Route De La Schlucht,48.050589,7.110236
202300046994,17,6,2023,2025-12-05 16:00:00,1,73,73068,1,2,1,3,D1006,45.562081,6.205956
202300046995,17,6,2023,2025-12-05 19:25:00,2,38,38110,1,2,1,5,N7,45.566227,4.858403
202300046996,17,6,2023,2025-12-05 15:00:00,1,17,17147,2,1,1,6,La Roulerie,45.810604,-0.553082
202300046997,16,6,2023,2025-12-05 07:35:00,1,33,33539,1,3,1,3,Avenue De Bel Air,44.884101,-0.340469
202300046998,17,6,2023,2025-12-05 10:40:00,1,44,44205,1,1,1,7,101 La Haute Brechouliere,47.435791,-1.449412
202300046999,16,6,2023,2025-12-05 17:30:00,1,27,27016,2,3,1,1,D313,49.245703,1.39694
202300047000,18,6,2023,2025-12-05 14:50:00,1,60,60666,1,1,1,7,D84,49.096871,2.697659
202300047001,18,6,2023,2025-12-05 00:00:00,3,60,60446,1,1,1,6,Route Nationale 2,49.133795,2.798123
202300047002,17,6,2023,2025-12-05 12:10:00,1,62,62471,2,3,1,3,D198,50.65312973,2.22279224
202300047003,15,6,2023,2025-12-05 20:26:00,1,40,40036,1,9,1,6,A63,43.641495,-1.378591
202300047004,16,6,2023,2025-12-05 12:24:00,1,9,9268,1,1,1,1,Route De Miguet,42.993223,1.140348
202300047005,17,6,2023,2025-12-05 12:15:00,1,974,97415,2,9,1,3,Rue Raphael Barquisseau,-21.042104,55.267679
202300047006,10,6,2023,2025-12-05 06:32:00,2,35,35175,2,3,1,6,Rue Anne De Bretagne,47.895924,-1.975281
202300047007,16,6,2023,2025-12-05 18:45:00,1,22,22172,1,3,1,3,La Ville Martin,48.53748,-2.224174
202300047008,17,6,2023,2025-12-05 12:42:00,1,71,71075,1,1,1,6,Lieu Dit Le Torchis,46.631012,3.865396
202300047009,16,6,2023,2025-12-05 19:45:00,1,95,95052,2,4,1,2,D85,49.138586,2.291669
202300047010,16,6,2023,2025-12-05 16:45:00,1,6,6161,2,1,1,3,1162 Route Departementale 6007,43.638983,7.133509
202300047011,17,6,2023,2025-12-05 02:05:00,3,29,29181,1,1,5,5,Rue Du Stiff,48.48643,-4.27531543
202300047012,13,6,2023,2025-12-05 17:30:00,1,51,51364,1,1,1,7,D227,49.2348897,3.879354
202300047013,17,6,2023,2025-12-05 10:20:00,1,59,59149,2,2,1,1,Route De Clary,50.083018,3.402221
202300047014,17,6,2023,2025-12-05 11:09:00,1,71,71120,2,1,1,2,1 Route De Charlieu,46.208134,4.324886
202300047015,16,6,2023,2025-12-05 16:45:00,1,49,49218,2,2,1,1,Rue De La Mairie (Le Fuilet),47.280778,-1.11666
202300047016,16,6,2023,2025-12-05 10:45:00,1,12,12208,2,1,1,7,131 Avenue Lucien Galtier,43.957256,2.874883
202300047017,16,6,2023,2025-12-05 17:45:00,1,35,35207,1,3,1,2,Gervis,48.07837164,-1.51250035
202300047018,17,6,2023,2025-12-05 08:20:00,1,29,29113,1,1,1,6,Lieu Dit Kermelard,48.637333,-3.725288
202300047019,16,6,2023,2025-12-05 08:40:00,1,29,29076,2,2,1,3,Hameau De Kersaliou,48.47682509,-4.56681709
202300047020,16,6,2023,2025-12-05 22:54:00,3,38,38287,2,1,1,6,Rue De Grolandiere,45.439443,5.504373
202300047021,15,6,2023,2025-12-05 06:40:00,1,72,72039,1,1,1,6,D7,48.172525,0.472884
202300047022,16,6,2023,2025-12-05 16:42:00,1,50,50639,2,1,1,6,Place De La Republique,48.838198,-1.222371
202300047023,16,6,2023,2025-12-05 18:10:00,1,73,73224,1,1,1,3,D213,45.349371,6.306109
202300047024,16,6,2023,2025-12-05 15:18:00,1,43,43200,1,1,1,7,Route De Valence,45.035579,4.097557
202300047025,16,6,2023,2025-12-05 16:30:00,1,53,53010,1,1,3,7,Chemin De La Maison Neuve,48.142695,-0.301083
202300047026,17,6,2023,2025-12-05 05:00:00,2,30,30082,1,1,1,7,Adresse_Inconnue,43.85923,4.226668
202300047027,17,6,2023,2025-12-05 11:39:00,1,30,30029,1,1,1,6,Route De Vallon,44.336463,4.360419
202300047028,16,6,2023,2025-12-05 16:15:00,1,69,69244,2,1,1,1,28 Chemin Finat Duclos,45.75828852,4.75402459
202300047029,17,6,2023,2025-12-05 08:50:00,1,28,28392,1,1,1,6,A10 Point Kilometrique 061+209,48.235881,1.849901
202300047030,15,6,2023,2025-12-05 16:45:00,1,974,97418,2,3,1,3,Rue Louis Lagourgue,-20.908962,55.520337
202300047031,16,6,2023,2025-12-05 18:15:00,1,33,33097,2,1,1,1,Route De Bordeaux,45.079013,-1.037596
202300047032,16,6,2023,2025-12-05 09:50:00,1,2B,2B313,2,1,1,6,Moriani Plage,42.375171,9.529969
202300047033,16,6,2023,2025-12-05 11:20:00,1,66,66182,2,1,1,3,Adresse_Inconnue,42.72454,3.035982
202300047034,16,6,2023,2025-12-05 23:45:00,4,83,83047,2,1,1,7,Avenue Jean Monnet,43.118892,6.064019
202300047035,17,6,2023,2025-12-05 09:15:00,1,83,83016,1,4,1,1,Route De Marseille,43.206388,5.810231
202300047036,17,6,2023,2025-12-05 05:30:00,1,71,71590,1,1,1,6,Rn 79 Pk 18+700,46.451578,4.1768
202300047037,16,6,2023,2025-12-05 21:05:00,1,68,68154,2,1,1,6,Rue Des Dahlias,47.763842,7.365738
202300047038,17,6,2023,2025-12-05 08:00:00,1,55,55336,1,1,7,1,Rue Basse,49.379841,5.482237
202300047039,16,6,2023,2025-12-05 11:10:00,1,69,69138,1,1,1,2,Route D'Yzeron,45.704636,4.525809
202300047040,13,6,2023,2025-12-05 07:55:00,1,69,69010,1,1,1,3,Rue De Paris,45.83973137,4.60427564
202300047041,16,6,2023,2025-12-05 15:00:00,1,9,9334,1,1,1,7,Rd18,42.806463,1.420507
202300047042,17,6,2023,2025-12-05 06:35:00,1,16,16353,1,1,1,1,D 6,45.680369,0.445895
202300047043,5,6,2023,2025-12-05 20:00:00,1,40,40114,1,1,1,7,Departementale 947,43.781629,-1.070995
202300047044,13,6,2023,2025-12-05 17:20:00,1,85,85019,1,1,1,7,Le Grand Monicq,46.753255,-1.426989
202300047045,17,6,2023,2025-12-05 00:44:00,3,85,85015,1,3,1,2,Rd937,46.814599,-1.463864
202300047046,11,6,2023,2025-12-05 10:05:00,1,35,35273,2,3,1,6,Rue Principale,48.405332,-1.263428
202300047047,16,6,2023,2025-12-05 23:15:00,3,27,27624,2,6,1,6,D133,49.194041,1.109303
202300047048,16,6,2023,2025-12-05 18:20:00,1,27,27016,2,3,1,6,D313,49.243401,1.403195
202300047049,17,6,2023,2025-12-05 13:15:00,1,80,80110,1,3,1,6,D940,50.173744,1.659139
202300047050,17,6,2023,2025-12-05 03:30:00,3,59,59586,2,2,1,3,Rue Lesrues,50.533245,3.172474
202300047051,6,4,2023,2025-12-05 23:00:00,5,93,93066,2,1,1,3,Universite Paris Viii,48.94479608,2.36298095
202300047052,15,6,2023,2025-12-05 18:40:00,1,93,93071,2,1,1,6,Allee Helene Boucher,48.93455169,2.51685024
202300047053,15,6,2023,2025-12-05 12:30:00,1,93,93066,2,9,1,1,Rue Du Fort De La Briche,48.94443217,2.34229906
202300047054,15,6,2023,2025-12-05 10:55:00,1,93,93039,2,1,1,5,Pont De Saint Ouen,48.91890697,2.32846669
202300047055,15,6,2023,2025-12-05 19:00:00,1,93,93049,2,5,1,1,Boulevard Gallieni / Boulevard Fichot,48.85271,2.51199
202300047056,15,6,2023,2025-12-05 15:00:00,1,93,93064,2,1,1,3,Avenue Faidherbe,48.86175,2.48269
202300047057,7,6,2023,2025-12-05 20:20:00,1,93,93057,2,3,1,3,Boulevard Pasteur / Allee Henri Barbusse,48.90255,2.51156
202300047058,15,6,2023,2025-12-05 20:45:00,2,93,93046,2,2,1,3,Avenue Aristide Briand / Boulevard Gutenberg,48.91197646,2.52076582
202300047059,15,6,2023,2025-12-05 08:30:00,1,93,93074,2,1,1,7,Rue De Meaux,48.93587658,2.57633418
202300047060,14,6,2023,2025-12-05 17:30:00,1,93,93032,2,3,1,6,Vieux Chemin De Meaux / Chemin D'Acces Aux Abbesses,48.87699,2.55733
202300047061,15,6,2023,2025-12-05 05:50:00,1,93,93031,2,1,1,5,Avenue De Lattre De Tassigny,48.9571,2.3105
202300047062,15,6,2023,2025-12-05 13:50:00,1,93,93027,2,1,7,6,Rue Suzanne Masson,48.92337,2.38532
202300047063,16,6,2023,2025-12-05 17:15:00,1,80,80136,2,9,1,1,Rue Des Alloires,49.941174,2.720039
202300047064,14,6,2023,2025-12-05 14:00:00,1,83,83058,1,1,3,6,Route De Salernes,43.519676,6.336547
202300047065,15,6,2023,2025-12-05 20:15:00,1,22,22206,2,1,1,6,47 Rue Pasteur,48.541692,-2.973964
202300047066,14,6,2023,2025-12-05 19:45:00,1,33,33154,2,1,1,2,Avenue De La Piscine,45.09753,-0.046477
202300047067,9,6,2023,2025-12-05 23:43:00,4,33,33225,1,1,1,6,Fontaine De Manine,44.589853,-0.458137
202300047068,15,6,2023,2025-12-05 06:30:00,2,49,49092,1,2,1,3,Le Bon Rene (Chanzeaux),47.274174,-0.666159
202300047069,15,6,2023,2025-12-05 23:00:00,3,42,42003,1,1,1,7,Route De Changy,46.130821,3.893897
202300047070,15,6,2023,2025-12-05 09:15:00,1,79,79095,2,2,1,5,Adresse_Inconnue,46.184919,0.02812
202300047071,14,6,2023,2025-12-05 12:50:00,1,85,85153,1,1,1,6,Rd 113,46.77485,-1.050068
202300047072,16,6,2023,2025-12-05 16:35:00,1,44,44196,1,1,1,1,1 Les 3 Routes,47.535593,-2.054293
202300047073,15,6,2023,2025-12-05 21:00:00,1,57,57133,1,1,1,7,D28,48.849806,6.631338
202300047074,16,6,2023,2025-12-05 07:20:00,1,51,51550,1,1,1,1,Rd12,48.704613,4.362345
202300047075,15,6,2023,2025-12-05 14:20:00,1,76,76523,1,1,1,7,Rd116-Pk006+000,49.825276,1.597009
202300047076,16,6,2023,2025-12-05 11:35:00,1,79,79196,1,1,1,4,Adresse_Inconnue,46.889396,-0.070252
202300047077,16,6,2023,2025-12-05 09:00:00,1,80,80695,1,1,1,7,D1017,50.022548,2.910476
202300047078,15,6,2023,2025-12-05 21:24:00,5,82,82031,2,1,1,7,546 Route De Castelsarrasin,44.0304,1.046813
202300047079,13,6,2023,2025-12-05 16:00:00,1,69,69006,2,3,1,3,Rue Daniel Fargeot,45.977244,4.333747
202300047080,15,6,2023,2025-12-05 13:10:00,1,81,81124,2,1,1,7,Avenue Pierre Et Rene Bonnafous,43.70664,2.686168
202300047081,16,6,2023,2025-12-05 11:25:00,1,63,63195,2,1,1,2,Place Jean Rimbert,45.827911,3.380545
202300047082,16,6,2023,2025-12-05 16:45:00,1,61,61121,1,1,1,6,D931,48.469606,0.494534
202300047083,8,6,2023,2025-12-05 09:15:00,1,47,47306,1,4,1,2,Route De Montpezat,44.36593081,0.50982524
202300047084,13,6,2023,2025-12-05 17:40:00,1,47,47222,1,1,1,7,Route Du Sendat,44.289212,0.125612
202300047085,15,6,2023,2025-12-05 22:30:00,3,34,34332,1,1,1,3,Rd612,43.314859,3.382587
202300047086,16,6,2023,2025-12-05 13:30:00,1,39,39325,2,4,1,1,1 Grande Rue,46.90172,5.793207
202300047087,16,6,2023,2025-12-05 05:19:00,2,25,25285,1,1,1,7,D 47,47.038109,6.577088
202300047088,16,6,2023,2025-12-05 06:45:00,1,25,25085,1,1,1,6,D47,46.83565,6.210665
202300047089,16,6,2023,2025-12-05 17:25:00,1,44,44169,1,3,1,3,23 Route Des Faucardeurs,47.25169356,-1.40135989
202300047090,15,6,2023,2025-12-05 17:30:00,1,31,31483,1,1,1,2,Chemin De La Graviere,43.12009665,0.72731584
202300047091,16,6,2023,2025-12-05 11:10:00,1,2,2321,2,1,1,6,23 Rue Des Lavandieres,49.851315,3.897148
202300047092,16,6,2023,2025-12-05 12:10:00,1,3,3043,1,1,1,6,D2009,46.185758,3.258111
202300047093,14,6,2023,2025-12-05 17:40:00,1,3,3122,1,2,1,3,Lieux Dit Les Petites Ternes,46.496956,3.066055
202300047094,13,6,2023,2025-12-05 17:45:00,1,1,1246,1,2,1,3,Route De L'Effondras,46.247935,5.036475
202300047095,20,5,2023,2025-12-05 10:00:00,2,58,58003,2,1,1,1,Beaumont,47.221743,4.203081
202300047096,15,6,2023,2025-12-05 14:20:00,1,66,66049,2,1,7,6,Place Du Pont,42.494939,2.742832
202300047097,16,6,2023,2025-12-05 00:20:00,3,14,14552,2,1,1,6,26 Rue Froide,49.310436,-0.626718
202300047098,15,6,2023,2025-12-05 18:00:00,1,60,60509,2,1,1,1,Avenue D'Auvelais,49.316891,2.604296