num_acc,jour,mois,an,hrmn,lum,dep,com,agg,int,atm,col,adr,lat,long
202300047099,14,6,2023,2025-12-05 20:45:00,1,64,64161,1,1,1,7,Route D' Arancou,43.469054,-1.072798
202300047100,16,6,2023,2025-12-05 09:15:00,1,64,64417,2,1,1,6,Pont De Claracq,43.179719,-0.260394
202300047101,16,6,2023,2025-12-05 09:30:00,1,73,73109,1,1,1,6,D1006,45.46745339,6.29143039
202300047102,14,6,2023,2025-12-05 14:50:00,1,36,36156,1,1,7,7,Adresse_Inconnue,46.45982067,2.13873227
202300047103,16,6,2023,2025-12-05 17:45:00,1,7,7079,1,3,1,1,D533,44.986269,4.535894
202300047104,15,6,2023,2025-12-05 12:10:00,1,53,53097,2,1,1,3,Rue Du Rochard,48.155023,-0.404944
202300047105,15,6,2023,2025-12-05 20:20:00,1,40,40102,2,1,1,6,669 Route De Sos,43.993461,0.014627
202300047106,15,6,2023,2025-12-05 17:00:00,1,24,24252,1,3,1,1,Lieu Dit La Brouillargue,44.936877,1.211747
202300047107,15,6,2023,2025-12-05 17:40:00,1,28,28240,1,1,1,1,Les Collets,48.480212,0.953536
202300047108,15,6,2023,2025-12-05 10:50:00,1,37,37152,1,1,1,6,Les Gaudieres,47.45749322,0.67123961
202300047109,13,6,2023,2025-12-05 18:20:00,2,52,52194,2,1,1,4,Avenue Jacques Marcellot,48.583741,5.039243
202300047110,16,6,2023,2025-12-05 01:45:00,3,13,13112,1,6,1,7,D10,43.53123589,5.19934416
202300047111,15,6,2023,2025-12-05 18:48:00,1,42,42256,2,1,1,6,Rue D'Outre L'Eau,45.49772961,4.16540851
202300047112,14,6,2023,2025-12-05 18:00:00,1,44,44069,2,6,1,2,14 Avenue De La Briere,47.330276,-2.424293
202300047113,28,5,2023,2025-12-05 17:00:00,1,11,11170,1,1,1,3,Chemin Departementale 32,43.10985,3.063726
202300047114,14,6,2023,2025-12-05 18:45:00,1,30,30258,1,1,3,6,A54 - Pk 10+000,43.756849,4.428182
202300047115,15,6,2023,2025-12-05 20:11:00,2,69,69007,1,3,1,3,Route Departementale 45E2,45.495902,4.824468
202300047116,16,6,2023,2025-12-05 08:50:00,1,974,97421,1,1,1,3,Grand Ilet D52 Pk 11.050,-21.032486,55.48954
202300047117,15,6,2023,2025-12-05 00:30:00,3,28,28062,1,1,1,6,Rn 12,48.765245,1.526019
202300047118,15,6,2023,2025-12-05 17:45:00,1,18,18207,2,3,1,3,3 Rue Emile Zola,46.991438,2.240731
202300047119,15,6,2023,2025-12-05 16:30:00,1,91,91132,1,1,1,2,N20,48.51804,2.204196
202300047120,15,6,2023,2025-12-05 21:20:00,2,83,83065,1,1,1,5,D98A,43.260337,6.589528
202300047121,15,6,2023,2025-12-05 11:45:00,1,13,13022,1,1,1,1,D559A,43.222901,5.549768
202300047122,15,6,2023,2025-12-05 13:45:00,1,89,89206,1,1,1,3,Adresse_Inconnue,48.03907,3.428249
202300047123,15,6,2023,2025-12-05 11:12:00,1,68,68028,2,1,1,2,Route Des Vins,48.204939,7.353831
202300047124,12,6,2023,2025-12-05 17:47:00,1,67,67492,1,1,1,1,1A Rue Du Scharrach,48.59309,7.477655
202300047125,16,6,2023,2025-12-05 05:30:00,2,3,3235,1,2,1,3,D60,46.28876,3.559291
202300047126,13,6,2023,2025-12-05 18:48:00,1,1,1211,1,4,1,7,D22,46.133412,5.191641
202300047127,16,6,2023,2025-12-05 16:50:00,1,69,69243,1,1,1,3,Avenue Edouard Herriot,45.89046053,4.45168644
202300047128,15,6,2023,2025-12-05 22:00:00,2,44,44179,2,6,1,6,7 Rue Des Glycines,47.365499,-1.407816
202300047129,15,6,2023,2025-12-05 15:24:00,1,22,22279,2,1,1,6,Rue Nationale,48.189147,-2.846725
202300047130,15,6,2023,2025-12-05 21:30:00,1,60,60589,2,1,1,3,D162,49.228756,2.456861
202300047131,15,6,2023,2025-12-05 19:25:00,1,60,60157,2,2,1,6,Avenue Des Deportes,49.381381,2.428429
202300047132,16,6,2023,2025-12-05 16:20:00,1,60,60411,1,1,1,7,Rue De Lavilletertre,49.20543,1.961145
202300047133,16,6,2023,2025-12-05 18:10:00,1,2,2290,1,2,1,3,Adresse_Inconnue,49.034464,3.326218
202300047134,16,6,2023,2025-12-05 17:45:00,1,80,80386,1,1,1,7,Cd935,49.683235,2.559814
202300047135,14,6,2023,2025-12-05 13:50:00,1,45,45068,2,9,1,6,Rue Du Gue Aux Biches,48.02343,2.73192
202300047136,14,6,2023,2025-12-05 13:10:00,1,75,75111,2,3,1,3,Rue De Charonne,48.853304,2.375735
202300047137,13,6,2023,2025-12-05 14:35:00,1,57,57606,2,1,7,6,Lorraine (Boulevard De),49.10774951,6.71429873
202300047138,13,6,2023,2025-12-05 22:15:00,5,971,97101,1,3,1,3,Boisripeaux,16.27676221,-61.50812745
202300047139,12,6,2023,2025-12-05 04:50:00,5,92,92073,2,1,1,6,Washington (Boulevard),48.87164285,2.21885991
202300047140,10,6,2023,2025-12-05 15:20:00,1,75,75112,2,5,1,3,Boulevard Poniatowski,48.82919,2.390249
202300047141,7,4,2023,2025-12-05 14:20:00,1,93,93070,2,1,1,3,Avenue Gabriel Peri,48.90818,2.33262
202300047142,24,3,2023,2025-12-05 23:05:00,3,78,78321,1,1,1,3,Rn12 Int,48.79853,1.91447
202300047143,14,6,2023,2025-12-05 21:15:00,3,974,97416,1,1,1,6,Rn3 (2),-21.31117,55.49636
202300047144,14,6,2023,2025-12-05 13:00:00,1,974,97416,2,1,1,3,Hubert De Lisle(Boulevard),-21.34365,55.47246
202300047145,14,6,2023,2025-12-05 22:40:00,5,974,97411,2,6,1,3,Jaures (Bld 1 Jean),-20.89742,55.47506
202300047146,14,6,2023,2025-12-05 07:17:00,1,973,97302,2,3,2,6,Spatules (Rue Des) Cite Eau Lisette,4.92762877,-52.32193646
202300047147,27,10,2023,2025-12-05 11:00:00,1,13,13051,1,9,1,3,Aire De Lancon - Provence,43.59009,5.190697
202300047148,1,11,2023,2025-12-05 16:20:00,1,972,97228,2,1,8,7,Morne Des Esses,14.741439,-61.017578
202300047149,26,10,2023,2025-12-05 18:55:00,5,37,37003,1,1,3,1,Boulevard Saint-Denis-Hors,47.42174804,1.01385355
202300047150,1,11,2023,2025-12-05 11:25:00,1,77,77005,1,6,3,3,D418,48.920997,2.716631
202300047151,29,10,2023,2025-12-05 18:00:00,5,66,66190,2,1,1,3,Adresse_Inconnue,42.82962672,2.91867256
202300047152,2,11,2023,2025-12-05 09:30:00,1,84,84019,1,1,3,1,1595 Route De Rochegude,44.272581,4.798859
202300047153,30,10,2023,2025-12-05 07:50:00,1,13,13014,2,6,1,1,Avenue Des Hydravions,43.472418,5.165334
202300047154,30,10,2023,2025-12-05 06:00:00,3,13,13097,1,3,2,3,N568,43.594596,4.761136
202300047155,2,11,2023,2025-12-05 10:20:00,1,13,13027,1,2,2,3,D571,43.862567,4.849627
202300047156,31,10,2023,2025-12-05 17:55:00,5,68,68154,2,9,2,1,Rue Du Rhin,47.772921,7.389384
202300047157,1,11,2023,2025-12-05 07:15:00,2,31,31249,1,1,1,6,D38,43.474653,1.65583
202300047158,1,11,2023,2025-12-05 20:55:00,5,19,19101,2,1,2,6,15 Avenue Du Chambon,45.249002,1.783595
202300047159,2,11,2023,2025-12-05 11:00:00,1,14,14066,1,1,6,6,Route De Beny,49.32176,-0.425926
202300047160,2,11,2023,2025-12-05 08:20:00,2,22,22262,2,1,6,7,Rue Rene Pleven,48.399069,-2.912892
202300047161,1,11,2023,2025-12-05 05:10:00,3,83,83144,1,1,1,6,A57,43.14109384,6.00284963
202300047162,29,10,2023,2025-12-05 10:25:00,1,69,69152,1,1,1,2,Route De Metropole 7,45.70799,4.83015
202300047163,1,11,2023,2025-12-05 19:20:00,4,33,33039,1,1,2,2,Rocade A 630,44.7964,-0.5385
202300047164,1,11,2023,2025-12-05 17:20:00,1,91,91363,1,1,2,6,Rn 118,48.66818,2.19396
202300047165,1,11,2023,2025-12-05 14:25:00,1,91,91617,1,1,8,6,Rn 104,48.635,2.535
202300047166,1,11,2023,2025-12-05 13:05:00,1,91,91161,2,2,2,2,Autoroute A6,48.69949,2.31242
202300047167,1,11,2023,2025-12-05 12:00:00,1,92,92072,1,1,2,6,N118,48.82602589,2.22262601
202300047168,1,11,2023,2025-12-05 16:35:00,1,93,93027,1,1,8,5,Autoroute A86,48.92559,2.39789
202300047169,1,11,2023,2025-12-05 01:00:00,3,93,93006,1,1,1,6,Autoroute A3,48.86612,2.42297
202300047170,1,11,2023,2025-12-05 01:15:00,3,77,77258,1,1,3,6,A4.Y,48.83047833,2.63269369
202300047171,19,7,2023,2025-12-05 18:35:00,1,73,73227,1,1,1,7,D915 La Perriere,45.444928,6.598556
202300047172,13,6,2023,2025-12-05 19:05:00,1,38,38544,2,4,3,5,Alpes(Bd Des),45.52558,4.90754
202300047173,1,6,2023,2025-12-05 16:00:00,1,38,38544,2,3,1,6,General Leclerc(Av),45.50806,4.85962
202300047174,20,5,2023,2025-12-05 22:55:00,5,38,38544,2,3,3,6,St Louis(Place),45.528,4.874
202300047175,5,1,2023,2025-12-05 18:40:00,3,38,38484,1,1,1,5,D75,45.55065,4.93472
202300047176,20,8,2023,2025-12-05 19:30:00,1,59,59431,1,3,1,3,Houcke (Avenue Jules),50.68335,2.84054
202300047177,20,8,2023,2025-12-05 17:45:00,1,35,35281,1,2,1,6,Rd 837,48.0693,-1.69753
202300047178,30,4,2023,2025-12-05 10:50:00,1,11,11262,2,1,1,6,44Ter Quai Valliere,43.17991,3.01136
202300047179,31,10,2023,2025-12-05 07:10:00,1,976,97611,1,1,1,1,M'Tsapere-Nationale 2 (Route),-12.79072,45.22298
202300047180,31,10,2023,2025-12-05 06:30:00,1,974,97416,1,1,1,4,Rn3 (2),-21.30957,55.49763
202300047181,31,10,2023,2025-12-05 16:10:00,1,974,97411,2,3,1,3,Jaures (Boulevard Jean),-20.89191,55.46746
202300047182,28,10,2023,2025-12-05 00:25:00,4,974,97411,2,2,1,3,Gimart (Avenue Stanislas),-20.88905,55.47579
202300047183,30,10,2023,2025-12-05 21:00:00,3,972,97213,1,1,2,1,Route Nationale 1,14.6040342,-61.0023093
202300047184,31,10,2023,2025-12-05 16:26:00,1,69,69034,2,2,1,6,37 Chemin De Crepieux,45.80098,4.85527
202300047185,31,10,2023,2025-12-05 11:10:00,1,2B,2B120,1,1,1,2,11 - Rt,42.6495,9.4404
202300047186,31,10,2023,2025-12-05 12:30:00,1,971,97101,2,1,1,1,Amedee Abarre - Salle D'Asile (Rue),16.26214,-61.50176
202300047187,31,10,2023,2025-12-05 15:50:00,1,2A,2A004,2,6,1,3,Marechal Juin Avenue,41.937612,8.750491
202300047188,30,10,2023,2025-12-05 17:38:00,2,95,95019,2,7,1,3,Gabriel Peri (Place),48.9859,2.41956
202300047189,31,10,2023,2025-12-05 18:25:00,3,95,95510,1,1,2,5,N14,49.05823249,2.0035243
202300047190,30,10,2023,2025-12-05 18:10:00,2,91,91326,2,1,2,2,Cour De France (Avenue De La),48.68559,2.37394
202300047191,31,10,2023,2025-12-05 08:45:00,1,87,87065,1,1,2,6,Autoroute A20,45.79923,1.29617
202300047192,27,10,2023,2025-12-05 22:26:00,5,87,87085,2,1,3,1,Leclerc (Avenue Du General),45.84965,1.26298
202300047193,30,10,2023,2025-12-05 13:45:00,1,85,85194,1,1,1,1,Rd 32,46.532422,-1.751455
202300047194,31,10,2023,2025-12-05 18:20:00,5,84,84087,2,1,1,6,Terrier (Rue Du),44.13937,4.81436
202300047195,28,10,2023,2025-12-05 17:34:00,1,84,84007,2,3,1,3,Francois 1Er (Rue),43.92893,4.82448
202300047196,28,10,2023,2025-12-05 19:08:00,1,84,84007,2,2,1,3,Trillade (Avenue De La ),43.93848,4.82006
202300047197,27,10,2023,2025-12-05 08:10:00,1,84,84007,2,2,1,3,Pierre Semard (Avenue),43.93418,4.83146
202300047198,31,10,2023,2025-12-05 14:30:00,1,83,83137,2,3,1,3,Fontan (Ave Du Docteur),43.1312328,5.9194994
202300047199,29,10,2023,2025-12-05 11:15:00,1,80,80489,2,3,1,5,Jardiniers (Allee),49.87703,2.35018
202300047200,30,10,2023,2025-12-05 17:57:00,2,79,79329,2,1,8,2,Adresse_Inconnue,46.976506,-0.20203
202300047201,31,10,2023,2025-12-05 21:00:00,5,76,76540,2,3,2,1,Av Du Cdt Bernard Bicheray,49.44915,1.04783
202300047202,31,10,2023,2025-12-05 16:15:00,1,76,76322,1,1,1,2,N338 - Sud 3,49.41843,1.04859
202300047203,31,10,2023,2025-12-05 14:25:00,1,74,74118,2,9,2,3,Industrie (Rue De L'),46.18148,6.23011
202300047204,1,11,2023,2025-12-05 00:28:00,5,72,72181,2,9,1,3,Fleming Alexander (Rue),48.02479,0.18586
202300047205,31,10,2023,2025-12-05 12:10:00,1,72,72181,2,9,1,3,Mordret Ernest Docteur (Rue Du),48.01449,0.21595
202300047206,30,10,2023,2025-12-05 20:35:00,5,72,72181,2,9,1,3,Falconet Etienne (Rue),47.96246,0.21384
202300047207,30,10,2023,2025-12-05 12:40:00,1,72,72003,1,1,2,3,Chatelet (Rue Du),47.94352,0.14547
202300047208,31,10,2023,2025-12-05 12:05:00,1,71,71118,2,9,1,2,Franchet D'Esperey (Avenue),46.79328,4.82969
202300047209,31,10,2023,2025-12-05 20:30:00,3,69,69199,1,1,1,2,Boulevard Pierre Semard,45.695,4.8447
202300047210,30,10,2023,2025-12-05 22:20:00,5,69,69290,2,1,1,3,32 Route De Lyon,45.70088,4.9191
202300047211,30,10,2023,2025-12-05 20:15:00,3,67,67482,2,8,3,5,Colmar (Avenue De),48.55154,7.74315
202300047212,30,10,2023,2025-12-05 19:45:00,5,67,67482,2,1,3,6,Orphelins (Rue Des),48.578,7.754
202300047213,30,10,2023,2025-12-05 17:15:00,2,67,67365,2,1,2,3,Heydt (Quai),48.5469,7.71156
202300047214,26,10,2023,2025-12-05 08:03:00,2,67,67462,2,6,2,6,Maison Rouge (Carrefour),48.27628,7.46347
202300047215,31,10,2023,2025-12-05 18:00:00,1,64,64483,2,1,1,3,Ithurralde Andre (Avenue),43.39391,-1.65033
202300047216,31,10,2023,2025-12-05 08:56:00,1,61,61006,2,1,1,6,Avenue De La 2Eme Division Blindee,48.73265,-0.03306
202300047217,31,10,2023,2025-12-05 20:30:00,5,59,59350,2,3,2,6,Avenue Denis Cordonnier,50.62148,3.0866
202300047218,31,10,2023,2025-12-05 18:18:00,5,59,59350,2,2,2,1,Saules Avenues Des,50.63263,3.01742
202300047219,31,10,2023,2025-12-05 14:45:00,1,59,59636,2,3,1,6,Rue Obert,50.68636,3.05321
202300047220,30,10,2023,2025-12-05 15:30:00,1,59,59368,2,2,2,1,Republique Avenue De La,50.64844,3.07835
202300047221,30,10,2023,2025-12-05 16:14:00,1,57,57019,2,6,3,7,Europe (Route De L'),49.24637737,6.13577843
202300047222,29,10,2023,2025-12-05 15:20:00,1,56,56107,1,6,3,7,Giratoire De Kerfornet,47.71122,-3.39641
202300047223,31,10,2023,2025-12-05 10:55:00,1,54,54395,2,3,2,1,Boulevard D'Haussonville,48.67075988,6.16698593
202300047224,30,10,2023,2025-12-05 17:15:00,5,54,54184,2,9,2,2,Avenue De Brigachtal,48.70485863,6.23378098
202300047225,11,5,2023,2025-12-05 16:40:00,1,92,92024,2,1,8,6,Pierre Beregovoy (Rue),48.90364,2.29836
202300047226,12,5,2023,2025-12-05 19:50:00,1,92,92023,2,1,1,3,Lazare Carnot (Rue),48.808801,2.273781
202300047227,30,10,2023,2025-12-05 16:35:00,1,54,54439,2,3,1,3,Avenue Charles De Gaulle,48.70477367,6.25064671
202300047228,11,5,2023,2025-12-05 22:46:00,5,92,92023,2,1,1,6,General De Gaulle (Avenue Du),48.787085,2.255774
202300047229,13,5,2023,2025-12-05 17:50:00,1,68,68112,2,1,1,1,Route D'Issenheim,47.90257,7.228784
202300047230,31,10,2023,2025-12-05 18:45:00,3,54,54367,1,1,2,2,Rn52,49.50658,5.774
202300047231,30,10,2023,2025-12-05 10:30:00,1,51,51454,2,1,1,6,Faucher (Rue Leon),49.27591,4.0391
202300047232,13,5,2023,2025-12-05 16:55:00,1,67,67179,1,1,1,6,4 Route De Lutzelbourg,48.725623,7.32699
202300047233,30,10,2023,2025-12-05 08:39:00,1,51,51454,2,3,2,3,Voisin (Rue Gabriel),49.23214,4.06695
202300047234,13,5,2023,2025-12-05 12:45:00,1,54,54514,1,1,1,4,D29,49.508038,5.617683
202300047235,30,10,2023,2025-12-05 15:40:00,1,49,49353,2,1,2,6,Pasteur,47.44551,-0.46492
202300047236,13,5,2023,2025-12-05 04:20:00,3,22,22389,1,1,1,6,Rn 12 50+800,48.48198,-2.68481
202300047237,12,5,2023,2025-12-05 19:50:00,1,6,6075,1,1,2,6,Rm 6202 - Plan Du Var,43.854359,7.19803
202300047238,30,10,2023,2025-12-05 16:16:00,1,47,47323,1,1,2,2,R.D.911(Route De Saintsylvestre),44.40792,0.74459
202300047239,13,5,2023,2025-12-05 13:49:00,1,60,60320,1,1,1,7,D51,49.19546888,3.02938678
202300047240,8,5,2023,2025-12-05 15:20:00,1,21,21650,1,1,1,2,D35,47.275677,4.836731
202300047241,31,10,2023,2025-12-05 11:35:00,1,47,47001,2,3,1,3,Liberte (Boulevard De La),44.19703,0.61988
202300047242,13,5,2023,2025-12-05 17:45:00,1,62,62072,1,1,1,7,D8,50.213933,2.581031
202300047243,13,5,2023,2025-12-05 02:00:00,3,37,37010,1,1,1,3,A10,47.5227637,0.92858863
202300047244,30,10,2023,2025-12-05 17:25:00,1,47,47001,2,3,8,3,14 Juillet (Cours Du),44.20451318,0.62636447
202300047245,13,5,2023,2025-12-05 12:00:00,1,56,56036,1,3,1,3,Lieu-Dit Poulhallec,47.843353,-3.313762
202300047246,30,10,2023,2025-12-05 14:30:00,1,47,47031,2,1,1,2,Avenue De Bigorre,44.1812,0.63371
202300047247,12,5,2023,2025-12-05 17:45:00,1,82,82186,2,3,1,6,Cours De Verdun,44.111227,0.892215
202300047248,31,10,2023,2025-12-05 20:00:00,5,45,45232,2,1,8,6,1527 Rue De L'Hotel Dieu,47.84640146,1.88873863
202300047249,9,5,2023,2025-12-05 14:10:00,1,33,33485,1,1,2,1,Route De Merlande,44.836758,-0.14571
202300047250,13,5,2023,2025-12-05 15:00:00,1,69,69248,1,1,2,1,Route Departementale 308,46.01096283,4.31451697
202300047251,31,10,2023,2025-12-05 18:30:00,2,37,37233,2,1,8,5,Duclos (Avenue Jacques),47.38114,0.74723
202300047252,12,5,2023,2025-12-05 19:50:00,1,71,71162,1,1,1,1,12 Route D'Autun,46.976784,4.40713
202300047253,13,5,2023,2025-12-05 18:00:00,1,25,25104,1,1,1,7,D239,47.007588,5.895919
202300047254,31,10,2023,2025-12-05 15:37:00,1,37,37233,2,1,1,3,Bonnin (Avenue Jean),47.39504,0.71439
202300047255,13,5,2023,2025-12-05 17:00:00,1,50,50197,1,2,1,6,4 Rue Du 30 Juillet 1944,48.863885,-1.390323
202300047256,13,5,2023,2025-12-05 20:30:00,2,60,60508,2,1,2,1,1370 Rue Saint Pierre,49.302892,2.661373
202300047257,31,10,2023,2025-12-05 18:50:00,5,35,35238,2,1,1,3,Isly (Rue D'),48.10539,-1.6778
202300047258,12,5,2023,2025-12-05 18:05:00,1,36,36182,1,1,1,7,Le Pecher,46.44608088,1.39317106
202300047259,12,5,2023,2025-12-05 13:50:00,1,40,40049,1,3,3,6,D824,43.769625,-0.335002
202300047260,12,5,2023,2025-12-05 10:55:00,1,27,27198,2,1,1,6,Place Des Anciens Combattants,48.870158,1.075131
202300047261,31,10,2023,2025-12-05 15:00:00,1,35,35238,2,2,1,6,Pays-Bas (Avenue Des),48.08494,-1.66065
202300047262,11,5,2023,2025-12-05 23:35:00,3,30,30179,2,4,1,6,1583 Route De Fournes,43.883509,4.593109
202300047263,13,5,2023,2025-12-05 02:45:00,3,48,48009,1,1,2,6,D3,44.652768,3.276619
202300047264,30,10,2023,2025-12-05 16:15:00,1,34,34172,2,1,3,3,Mares (Avenue Henri),43.62056,3.85611
202300047265,12,5,2023,2025-12-05 18:30:00,1,48,48027,1,1,3,6,D901,44.503874,3.711404
202300047266,13,5,2023,2025-12-05 10:35:00,1,8,8367,2,1,1,6,46 Hameau De Saint Nicolas,49.929359,4.623361
202300047267,31,10,2023,2025-12-05 22:20:00,5,33,33069,2,2,1,3,Boulevard Pierre 1Er,44.85709,-0.59113
202300047268,12,5,2023,2025-12-05 16:41:00,1,88,88011,2,1,1,2,20 Rue De La Gare,48.119288,6.528459
202300047269,31,10,2023,2025-12-05 16:40:00,1,33,33529,2,2,1,3,Port (Rue Du),44.63564168,-1.14450663
202300047270,13,5,2023,2025-12-05 08:13:00,1,95,95394,2,3,1,2,D928,49.059095,2.188447
202300047271,13,5,2023,2025-12-05 14:50:00,1,95,95604,1,6,1,1,D317,49.098986,2.531297
202300047272,30,10,2023,2025-12-05 16:25:00,1,33,33529,1,1,1,4,D259,44.60239,-1.17276
202300047273,13,5,2023,2025-12-05 05:25:00,3,38,38530,1,1,1,4,A43 Pk 026.300,45.627124,5.172114
202300047274,31,10,2023,2025-12-05 20:33:00,3,29,29019,2,3,1,1,Rue Docteur Pouliquen,48.398067,-4.474668
202300047275,11,5,2023,2025-12-05 22:55:00,5,33,33199,2,3,1,1,Av Du Mal De Lattre De Tassigny,44.63664816,-1.09732792
202300047276,31,10,2023,2025-12-05 17:17:00,1,29,29019,2,1,1,6,Rue Lanredec,48.40034,-4.49714
202300047277,13,5,2023,2025-12-05 06:15:00,2,13,13035,1,1,1,1,D17,43.685641,5.055342
202300047278,30,10,2023,2025-12-05 10:45:00,1,29,29019,2,6,2,1,23 Rue De L'Eau Blanche,48.41565,-4.462251
202300047279,12,5,2023,2025-12-05 08:15:00,1,68,68298,2,4,1,6,Place Keuffer,48.246626,7.18545
202300047280,12,5,2023,2025-12-05 09:00:00,1,67,67300,2,1,1,1,Route De Dachstein,48.537705,7.498837
202300047281,31,10,2023,2025-12-05 21:05:00,5,26,26198,2,1,1,1,Avenue Stephane Mallarme,44.5536,4.72216
202300047282,13,5,2023,2025-12-05 02:36:00,3,57,57101,1,1,1,2,D31Bis,49.157881,6.947892
202300047283,31,10,2023,2025-12-05 13:40:00,1,25,25056,2,1,2,6,Ouest Boulevard,47.22422,5.97881
202300047284,4,5,2023,2025-12-05 08:20:00,1,38,38059,2,1,1,1,2320 Route Napoleon,45.129341,5.777425
202300047285,31,10,2023,2025-12-05 08:25:00,1,25,25056,2,1,2,3,Dole Rue De (Sup 200),47.22599,5.97643
202300047286,12,5,2023,2025-12-05 21:40:00,3,69,69047,1,1,1,3,Route Departementale 385,45.868781,4.657924
202300047287,31,10,2023,2025-12-05 10:55:00,1,14,14220,2,2,1,6,24 Avenue Charles De Gaulle,49.35721,0.071679
202300047288,13,5,2023,2025-12-05 12:25:00,1,60,60619,1,1,1,1,Route Nationale 2,49.124275,2.786665
202300047289,4,4,2023,2025-12-05 03:00:00,5,25,25147,2,1,1,6,Rue Claude Girard,47.232384,5.894648
202300047290,31,10,2023,2025-12-05 17:50:00,2,13,13209,1,1,1,6,Col De La Gineste D559,43.24198,5.45311
202300047291,13,5,2023,2025-12-05 15:35:00,1,60,60462,1,6,1,1,D2,49.330394,2.191268
202300047292,31,10,2023,2025-12-05 17:00:00,1,13,13211,2,1,1,1,William (Avenue),43.29417976,5.44155386
202300047293,5,4,2023,2025-12-05 08:58:00,1,44,44120,2,6,1,3,17 Rue Du Chene Vert,47.200506,-1.759642
202300047294,26,10,2023,2025-12-05 16:30:00,1,13,13210,2,1,2,1,Romain Rolland (Boulevard),43.27378,5.4123
202300047295,5,4,2023,2025-12-05 17:20:00,1,31,31182,2,3,1,1,163 M820,43.697008,1.399507
202300047296,31,10,2023,2025-12-05 11:31:00,1,13,13005,2,1,1,3,Paluds (Avenue Des),43.28704,5.60157
202300047297,26,10,2023,2025-12-05 18:00:00,1,10,10343,2,6,1,2,Gambetta (Rue),48.27432,4.09101
202300047298,4,4,2023,2025-12-05 16:00:00,1,2,2714,1,1,1,3,Departementale 101,49.376324,3.455576
202300047299,3,5,2023,2025-12-05 17:35:00,1,59,59328,1,1,1,2,Route Departementale 652,50.65582351,3.01371527
202300047300,5,4,2023,2025-12-05 11:30:00,1,15,15231,1,1,7,7,Rd 14,45.152642,3.053749
202300047301,31,10,2023,2025-12-05 09:05:00,1,10,10387,2,3,1,3,Voltaire (Rue),48.29477244,4.06279027
202300047302,12,5,2023,2025-12-05 18:19:00,1,78,78297,1,1,8,3,Rn12,48.791316,2.056485
202300047303,5,4,2023,2025-12-05 09:25:00,1,5,5074,1,1,1,6,Chemin Des Rives,44.467161,6.06905
202300047304,30,10,2023,2025-12-05 14:35:00,1,10,10343,2,3,2,3,Dijon (Rue De),48.2753,4.08382
202300047305,12,5,2023,2025-12-05 11:10:00,1,93,93064,1,1,2,5,Autoroute A86,48.86828845,2.48218385
202300047306,3,4,2023,2025-12-05 14:20:00,1,73,73278,1,1,1,7,D74,45.378287,6.272947
202300047307,30,10,2023,2025-12-05 07:10:00,2,10,10325,2,1,2,3,Route D'Auxerre,48.26480979,4.04087716
202300047308,12,5,2023,2025-12-05 12:10:00,1,93,93027,1,1,8,3,Autoroute A1,48.93753987,2.41193935
202300047309,31,10,2023,2025-12-05 19:00:00,5,7,7281,2,1,1,6,Marcale (Rue De),44.94519,4.84682
202300047310,4,4,2023,2025-12-05 17:20:00,1,73,73121,2,1,1,7,Rue De La Gare,45.631787,6.311653
202300047311,12,5,2023,2025-12-05 00:20:00,3,93,93053,1,1,1,2,Autoroute A3,48.88411231,2.46310523
202300047312,11,5,2023,2025-12-05 19:30:00,1,42,42044,2,1,1,6,Rue De La Republique,45.39569304,4.31775916
202300047313,31,10,2023,2025-12-05 15:36:00,1,6,6088,2,2,1,6,Roquebilliere (R. De),43.70721,7.28601
202300047314,5,4,2023,2025-12-05 11:00:00,1,40,40197,2,1,1,6,Rue Borda,44.033672,-0.912608
202300047315,11,5,2023,2025-12-05 13:06:00,1,6,6029,2,1,1,6,Croisette (Boulevard De),43.5518,7.01826
202300047316,31,10,2023,2025-12-05 20:20:00,5,6,6069,2,1,1,2,Orme (Chemin De L'),43.65154,6.94522
202300047317,31,10,2023,2025-12-05 12:10:00,1,4,4070,2,1,1,3,Hugo (Bd..V),44.09489,6.23561
202300047318,5,4,2023,2025-12-05 05:55:00,3,85,85008,1,1,1,1,Rd36,46.579483,-1.492617
202300047319,11,5,2023,2025-12-05 17:15:00,1,13,13056,1,1,1,2,A55-Sens Marseille Vers Martigues,43.39669,5.04353
202300047320,30,10,2023,2025-12-05 17:06:00,5,1,1053,2,1,3,6,Brou ( Bd Ndeg68 A 182 Pair),46.201967,5.232003
202300047321,10,1,2023,2025-12-05 10:40:00,1,2A,2A004,2,1,1,6,Achille Peretti Rue,41.93673,8.74265
202300047322,5,4,2023,2025-12-05 16:50:00,1,48,48127,1,1,1,6,D1,44.607388,3.415954
202300047323,30,10,2023,2025-12-05 17:40:00,2,75,75112,2,1,1,3,Bd Peripherique Interieur,48.838692,2.412999
202300047324,3,3,2023,2025-12-05 18:45:00,5,76,76351,2,1,1,6,Socrate,49.51303,0.16233
202300047325,30,10,2023,2025-12-05 17:25:00,2,75,75119,2,4,1,6,Echangeur Porte De Pantin,48.88596866,2.39759132
202300047326,26,1,2023,2025-12-05 06:10:00,5,13,13028,2,1,1,1,De Gaulle (Quai General Charles),43.17447,5.6076
202300047327,3,4,2023,2025-12-05 12:20:00,1,8,8243,1,1,7,1,Adresse_Inconnue,49.66742413,4.36355925