num_acc,jour,mois,an,hrmn,lum,dep,com,agg,int,atm,col,adr,lat,long
202300047328,5,4,2023,2025-12-05 15:55:00,1,88,88530,1,1,1,6,D434,48.050833,6.408956
202300047329,11,5,2023,2025-12-05 15:45:00,1,974,97416,1,1,1,4,Rn1 (Route Nationale),-21.32775,55.45111
202300047330,31,10,2023,2025-12-05 15:07:00,1,75,75117,2,1,8,5,Boulevard Peripherique Interieur Ouest,48.886423,2.289297
202300047331,11,5,2023,2025-12-05 07:10:00,1,974,97416,1,6,1,6,Aubepines(Allee Des),-21.33683,55.48805
202300047332,31,10,2023,2025-12-05 12:30:00,1,75,75120,2,3,8,6,Rue Mendelssohn,48.855155,2.4114406
202300047333,5,4,2023,2025-12-05 11:24:00,1,68,68266,1,1,1,4,A35 - Pr 86.2,47.89432,7.374401
202300047334,11,5,2023,2025-12-05 14:40:00,1,973,97302,1,1,2,7,Leblond (Rond Point),4.92103,-52.33034
202300047335,31,10,2023,2025-12-05 00:10:00,5,75,75120,2,3,8,2,Rue Leon Frapie,48.873367,2.410256
202300047336,5,4,2023,2025-12-05 10:45:00,1,68,68228,1,1,1,2,A35,47.93428,7.360231
202300047337,11,5,2023,2025-12-05 06:55:00,1,972,97213,1,1,1,7,Autoroute A1,14.6184,-61.03203
202300047338,4,4,2023,2025-12-05 15:30:00,1,24,24234,1,1,1,1,D709 - C202,44.980282,0.399628
202300047339,10,5,2023,2025-12-05 19:30:00,2,972,97213,1,1,1,4,Autoroute A1,14.61801,-61.0354
202300047340,31,10,2023,2025-12-05 16:50:00,1,75,75119,2,2,1,6,Rue Manin,48.883237,2.387933
202300047341,2,4,2023,2025-12-05 15:45:00,1,34,34123,2,1,1,7,Route De Lodeve,43.618637,3.791887
202300047342,31,10,2023,2025-12-05 01:25:00,5,75,75119,2,4,1,2,Avenue Jean Jaures,48.882887,2.3706
202300047343,10,5,2023,2025-12-05 16:35:00,1,69,69389,2,3,1,3,Rue Roger Salengro,45.77861,4.80512
202300047344,3,4,2023,2025-12-05 19:45:00,5,987,98733,2,1,1,6,Pk 23+665,-17.696,-149.548
202300047345,31,10,2023,2025-12-05 14:20:00,1,75,75116,2,2,1,3,Boulevard Emile Augier,48.86296,2.272655
202300047346,11,5,2023,2025-12-05 16:04:00,1,2A,2A004,2,2,1,3,Pietri Francois Rue,41.93511,8.75082
202300047347,31,10,2023,2025-12-05 05:51:00,5,75,75112,2,2,1,3,Boulevard Diderot,48.846444,2.378947
202300047348,2,4,2023,2025-12-05 19:00:00,3,971,97115,1,2,1,3,Chemin De La Moisse,16.27709,-61.66339
202300047349,11,5,2023,2025-12-05 13:35:00,1,2A,2A004,2,3,1,3,Napoleon Cours Avant Beverini,41.92638,8.7383
202300047350,31,10,2023,2025-12-05 13:00:00,1,75,75111,2,3,1,3,Boulevard Voltaire,48.852782,2.388757
202300047351,11,5,2023,2025-12-05 09:20:00,1,2A,2A004,2,1,1,2,Stephanopoli Nicephore  De Comene Bd,41.90788,8.706506
202300047352,4,4,2023,2025-12-05 08:07:00,1,77,77474,1,1,1,2,D27,48.95789,2.801771
202300047353,31,10,2023,2025-12-05 14:30:00,1,75,75108,2,2,8,7,Avenue Des Champs Elysees,48.869063,2.310305
202300047354,10,5,2023,2025-12-05 12:00:00,1,95,95555,2,9,2,3,13 Massenet (Rue),48.96281,2.2869
202300047355,31,10,2023,2025-12-05 14:00:00,1,94,94081,2,1,1,2,Rue Germain Pinson,48.79645386,2.38467667
202300047356,29,3,2023,2025-12-05 22:20:00,3,77,77031,1,1,1,2,D201,48.670573,2.956374
202300047357,31,10,2023,2025-12-05 19:40:00,5,94,94068,2,3,2,6,Avenue Foch,48.80128724,2.49456305
202300047358,11,5,2023,2025-12-05 09:35:00,1,91,91339,1,1,1,2,Robert Benoist (Avenue),48.631411,2.264025
202300047359,31,10,2023,2025-12-05 17:50:00,5,94,94068,2,1,1,6,Avenue Foch,48.80061918,2.49609382
202300047360,11,5,2023,2025-12-05 12:40:00,1,87,87085,2,3,1,6,Gambetta (Boulevard),45.82849,1.2562
202300047361,5,4,2023,2025-12-05 07:45:00,1,77,77211,1,2,7,1,D201,48.592995,2.984371
202300047362,11,5,2023,2025-12-05 09:21:00,1,87,87085,2,1,1,4,Revolution (Avenue De La),45.82477,1.25903
202300047363,2,4,2023,2025-12-05 18:55:00,1,13,13042,1,1,1,6,D2,43.315647,5.669058
202300047364,30,10,2023,2025-12-05 20:30:00,5,94,94003,2,9,1,3,Avenue Laplace,48.80786235,2.33340302
202300047365,10,5,2023,2025-12-05 15:07:00,1,87,87085,2,3,1,6,Darnet (Rue),45.8305,1.25536
202300047366,4,4,2023,2025-12-05 18:45:00,1,51,51250,1,1,1,3,Route Nationale 31,49.30898,3.696063
202300047367,11,5,2023,2025-12-05 16:15:00,1,83,83137,2,1,1,6,Daumas (Imp / Rue Lieutenant),43.13065,5.95525
202300047368,27,3,2023,2025-12-05 13:15:00,1,68,68045,2,1,1,6,32 Rue Principale,47.774677,7.058866
202300047369,8,5,2023,2025-12-05 06:50:00,1,80,80021,2,1,1,6,Grand Marais (Rue Du),49.92019,2.26729
202300047370,31,10,2023,2025-12-05 18:28:00,5,94,94054,2,3,2,6,Av Des Martyrs De Chateaubriant,48.74885591,2.40666783
202300047371,3,5,2023,2025-12-05 13:45:00,1,80,80021,2,1,1,6,Reunion (Allee De La),49.91515,2.24684
202300047372,5,4,2023,2025-12-05 10:48:00,1,54,54196,1,3,1,3,D913,48.55473935,6.18935823
202300047373,31,10,2023,2025-12-05 20:45:00,5,93,93066,2,1,2,3,Rue Danielle Casanova,48.92481,2.368
202300047374,4,5,2023,2025-12-05 18:15:00,1,80,80021,2,9,7,1,Rouen (Rue De),49.88655,2.27863
202300047375,31,10,2023,2025-12-05 15:00:00,1,93,93066,2,5,8,3,Route De La Courneuve / Avenue Du Docteur Lamaze,48.9336,2.37151
202300047376,4,4,2023,2025-12-05 16:25:00,1,72,72378,1,9,1,2,Les Mandrieres,47.830227,-0.284057
202300047377,4,5,2023,2025-12-05 16:05:00,1,80,80021,2,6,1,3,Roger Dumoulin (Avenue),49.92626,2.28722
202300047378,31,10,2023,2025-12-05 15:30:00,1,93,93055,2,9,1,3,Avenue Jean Lolive,48.8911084,2.40200986
202300047379,4,4,2023,2025-12-05 19:00:00,1,44,44103,1,1,1,1,4 Route De La Torse,47.325715,-2.169444
202300047380,26,10,2023,2025-12-05 21:30:00,5,93,93010,2,1,3,6,Route De Stains,48.90461333,2.47046154
202300047381,4,4,2023,2025-12-05 19:00:00,1,60,60170,1,1,7,3,Courteuil,49.203383,2.560265
202300047382,21,10,2023,2025-12-05 18:55:00,5,93,93051,2,2,2,3,Rue De La Victoire / Rue De La Croix Rouge,48.84651,2.56811
202300047383,11,5,2023,2025-12-05 10:14:00,1,77,77058,2,1,1,2,D217Bis,48.849837,2.734071
202300047384,31,10,2023,2025-12-05 19:50:00,5,93,93007,2,1,8,6,Rue Julian Grimau,48.94007639,2.45772421
202300047385,11,5,2023,2025-12-05 16:45:00,1,76,76484,1,1,1,6,D18 E,49.35618,1.0838
202300047386,11,5,2023,2025-12-05 16:05:00,1,74,74010,2,1,1,3,Vieux Moulins (Avenue Des),45.88517,6.11789
202300047387,31,10,2023,2025-12-05 06:55:00,2,92,92073,2,2,1,3,Sellier (Boulevard Henri),48.85957585,2.21367234
202300047388,3,4,2023,2025-12-05 15:20:00,1,13,13081,1,1,1,4,A7-Sens Marseille Vers Lyon,43.49418,5.24015
202300047389,10,5,2023,2025-12-05 17:34:00,1,72,72181,2,1,2,6,Gaulle General De (Av Du),48.004,0.201
202300047390,30,10,2023,2025-12-05 13:38:00,1,92,92024,2,1,2,2,General Leclerc (Bd Du) De (61 A 9),48.90233906,2.31396818
202300047391,30,3,2023,2025-12-05 16:40:00,1,69,69259,1,1,1,3,Boulevard Peripherique Laurent Bonnevay,45.72309,4.88929
202300047392,31,10,2023,2025-12-05 23:00:00,3,92,92012,2,1,1,3,Point Du Jour (Quai Du),48.82851467,2.25413203
202300047393,11,5,2023,2025-12-05 19:00:00,1,67,67482,2,1,1,1,Maurice Garin (Piste),48.57344,7.71779
202300047394,31,10,2023,2025-12-05 11:00:00,1,22,22372,1,1,2,7,Rue Du Commandant Hamon,48.524244,-2.866198
202300047395,10,5,2023,2025-12-05 15:15:00,1,67,67218,2,1,2,6,Francois Mitterrand (Allee),48.5266,7.70877
202300047396,4,4,2023,2025-12-05 17:40:00,1,91,91689,1,1,1,4,Autoroute A6,48.73782388,2.31761634
202300047397,1,11,2023,2025-12-05 15:50:00,2,41,41194,2,1,1,6,Rue Saint Marc,47.345239,1.736215
202300047398,9,5,2023,2025-12-05 12:23:00,1,66,66136,2,1,1,6,Adresse_Inconnue,42.69532,2.91043
202300047399,1,11,2023,2025-12-05 11:25:00,1,43,43138,1,1,2,7,D13,45.222178,3.709924
202300047400,4,4,2023,2025-12-05 08:40:00,1,91,91340,1,1,1,3,Rn 104,48.61139,2.43077
202300047401,9,5,2023,2025-12-05 08:31:00,1,66,66136,2,1,1,6,Julien Panchot (Avenue),42.68928,2.87799
202300047402,19,10,2023,2025-12-05 08:26:00,1,43,43038,2,1,1,6,Route De Lempdes,45.365631,3.306846
202300047403,4,4,2023,2025-12-05 14:00:00,1,78,78571,1,1,1,2,A13,48.865421,2.037463
202300047404,22,10,2023,2025-12-05 19:15:00,3,13,13078,2,1,1,7,Route De La Plage Napoleon,43.360898,4.873601
202300047405,7,5,2023,2025-12-05 08:50:00,1,66,66136,2,1,1,6,Adresse_Inconnue,42.69764,2.89235
202300047406,4,4,2023,2025-12-05 12:40:00,1,92,92036,1,1,1,5,A86,48.93512928,2.28395155
202300047407,11,5,2023,2025-12-05 12:05:00,1,65,65226,2,1,1,3,53 Avenue Du Pouey,43.23847,0.03736
202300047408,4,4,2023,2025-12-05 18:10:00,1,95,95351,1,1,1,2,N 104,49.02912935,2.5014925
202300047409,11,5,2023,2025-12-05 20:50:00,2,64,64545,2,1,2,7,Corniche (Route De La),43.3822,-1.72727
202300047410,27,10,2023,2025-12-05 22:00:00,5,83,83086,1,1,1,3,Dn7,43.469086,6.554868
202300047411,4,4,2023,2025-12-05 17:15:00,1,93,93064,1,1,1,2,Autoroute A86,48.87196954,2.48145735
202300047412,1,11,2023,2025-12-05 00:10:00,3,72,72058,1,1,1,6,D323,47.986258,0.277054
202300047413,10,5,2023,2025-12-05 12:03:00,1,64,64102,2,1,1,6,Breuer Marcel (Avenue),43.50247,-1.45437
202300047414,4,4,2023,2025-12-05 15:20:00,1,95,95572,1,1,1,2,A15,49.03436988,2.10212767
202300047415,11,5,2023,2025-12-05 18:22:00,1,61,61001,2,1,1,1,Avenue De Basingstoke,48.44038,0.09778
202300047416,1,11,2023,2025-12-05 08:45:00,1,83,83054,2,9,1,3,Avenue De La Republique,43.165467,6.042717
202300047417,4,4,2023,2025-12-05 11:15:00,1,95,95151,1,1,1,2,Rn 104,49.06401434,2.26534221
202300047418,11,5,2023,2025-12-05 17:35:00,1,60,60175,2,1,1,3,Avenue Du Tremblay,49.2658,2.49152
202300047419,31,10,2023,2025-12-05 13:25:00,1,40,40062,1,1,1,1,Pr 003.300 D38,43.910761,-0.562612
202300047420,1,11,2023,2025-12-05 09:00:00,1,2A,2A330,1,1,1,6,T20,42.065066,8.975279
202300047421,3,4,2023,2025-12-05 19:45:00,1,93,93027,1,1,1,2,Autoroute A86,48.92271,2.3809
202300047422,11,5,2023,2025-12-05 02:00:00,5,59,59350,2,2,1,3,Legrand Pierre Rue,50.62949,3.1003
202300047423,3,4,2023,2025-12-05 19:45:00,1,93,93064,1,1,1,2,Autoroute A86,48.8791675,2.47634149
202300047424,18,10,2023,2025-12-05 05:00:00,3,33,33394,2,1,2,6,Au Bois De L'Or,44.89054955,-0.19227952
202300047425,3,4,2023,2025-12-05 18:40:00,1,93,93010,1,1,1,2,Autoroute A3,48.89094081,2.47316485
202300047426,10,5,2023,2025-12-05 16:30:00,1,55,55043,2,1,1,6,De Gaulle (General),49.17373,5.38125
202300047427,3,4,2023,2025-12-05 16:15:00,1,93,93006,1,1,1,6,Autoroute A3,48.86627623,2.41437177
202300047428,19,10,2023,2025-12-05 11:40:00,1,32,32429,1,2,2,3,Lieu Dit Le Portugal,44.031329,0.644304
202300047429,3,4,2023,2025-12-05 06:40:00,2,93,93066,1,1,1,3,Autoroute A1,48.91618,2.35751
202300047430,1,11,2023,2025-12-05 03:15:00,3,55,55012,1,1,1,6,D907,48.866837,5.609597
202300047431,6,5,2023,2025-12-05 16:07:00,1,54,54167,1,6,8,7,Rd400,48.67445,5.92339
202300047432,3,4,2023,2025-12-05 19:40:00,1,78,78440,2,1,1,6,Europe (Avenue De L'),48.979428,1.913078
202300047433,3,4,2023,2025-12-05 15:25:00,1,44,44162,2,1,1,6,1 Place Pierre Mendes France,47.20846,-1.61201
202300047434,10,5,2023,2025-12-05 07:40:00,1,54,54395,2,3,1,1,Place Des Vosges,48.685,6.18711
202300047435,3,4,2023,2025-12-05 08:30:00,1,976,97611,2,1,2,3,Kaweni-Massakini (Rue),-12.76213,45.22601
202300047436,31,10,2023,2025-12-05 15:55:00,1,12,12145,1,1,1,6,Route Departementale 809,44.057049,3.12472
202300047437,2,4,2023,2025-12-05 07:55:00,1,974,97411,2,9,1,6,Bosse (Rue De L'Amiral),-20.89207,55.48743
202300047438,3,4,2023,2025-12-05 19:50:00,1,69,69386,2,1,1,6,Pont Morand,45.76863017,4.84004619
202300047439,11,5,2023,2025-12-05 12:18:00,1,49,49007,2,1,1,7,Letanduere,47.45908,-0.5544
202300047440,3,4,2023,2025-12-05 08:30:00,1,69,69382,2,2,1,2,33 Rue Vaubecour,45.75294,4.82542
202300047441,31,10,2023,2025-12-05 16:55:00,1,38,38406,1,1,1,1,Route De Villeneuve,45.438518,5.095709
202300047442,31,10,2023,2025-12-05 18:51:00,3,3,3217,1,1,1,6,D2371,46.337351,2.643371
202300047443,1,4,2023,2025-12-05 05:07:00,3,971,97101,1,9,1,1,Route Des Abymes,16.27339447,-61.51006937
202300047444,3,4,2023,2025-12-05 18:00:00,1,91,91097,2,1,1,3,Av Du Gal Charles De Gaulle,48.68,2.53
202300047445,31,3,2023,2025-12-05 16:20:00,1,91,91228,2,1,2,6,Marquis De Raies (Rue Du),48.62791,2.41788
202300047446,10,5,2023,2025-12-05 13:25:00,1,49,49007,2,1,1,1,Boulevard Jean Sauvage,47.48698,-0.55622
202300047447,31,10,2023,2025-12-05 14:00:00,1,70,70228,1,1,1,1,D434,47.750318,6.10209
202300047448,30,3,2023,2025-12-05 11:50:00,1,91,91228,1,1,1,3,Robert Schuman (Bouevard),48.62214,2.41673
202300047449,10,5,2023,2025-12-05 09:21:00,1,49,49015,1,1,8,7,Meignanne Route De La,47.494,-0.5987
202300047450,31,10,2023,2025-12-05 21:30:00,5,66,66008,2,3,1,6,Adresse_Inconnue,42.54931,3.018939
202300047451,2,4,2023,2025-12-05 12:25:00,1,87,87085,2,1,2,7,Charlet (Rue Gaston),45.81615,1.21868
202300047452,3,4,2023,2025-12-05 15:30:00,1,78,78551,2,1,1,6,Rue De Paris,48.895422,2.093479
202300047453,1,11,2023,2025-12-05 03:00:00,3,14,14102,1,1,2,6,D579,49.214209,0.225574
202300047454,11,5,2023,2025-12-05 16:20:00,1,45,45147,2,1,1,2,Tunnel De L'Ardoise,47.93428,1.90158
202300047455,31,10,2023,2025-12-05 14:00:00,1,43,43141,2,3,1,1,12 Rue Notre-Dame,45.184502,4.31189
202300047456,1,11,2023,2025-12-05 18:30:00,3,36,36149,1,9,2,6,Mornay,46.9635,1.328385
202300047457,10,5,2023,2025-12-05 16:40:00,1,45,45234,2,6,1,2,Avenue De Concyr,47.82392,1.93292
202300047458,1,11,2023,2025-12-05 11:30:00,1,24,24376,1,1,2,7,D38,45.167183,0.164237
202300047459,31,3,2023,2025-12-05 13:36:00,1,76,76351,2,3,1,6,Michelet,49.49238,0.12158
202300047460,31,10,2023,2025-12-05 08:40:00,1,27,27218,1,1,7,3,Route De La Maugardiere,49.261552,0.461909
202300047461,1,4,2023,2025-12-05 01:25:00,5,76,76552,2,3,3,6,Cap ( Rte Du ),49.50615974,0.07980645
202300047462,11,5,2023,2025-12-05 12:30:00,1,37,37261,2,2,1,3,Franche Comte (Rue),47.4265,0.67939
202300047463,1,11,2023,2025-12-05 07:00:00,3,28,28352,1,1,2,6,D906,48.597078,1.620977
202300047464,3,4,2023,2025-12-05 18:55:00,1,73,73008,2,6,1,3,D991 - Grand Port (Rondeau) Avenue Du,45.70442854,5.89465678
202300047465,11,5,2023,2025-12-05 10:25:00,1,37,37261,2,1,1,6,Beranger (Boulevard),47.38999,0.68665
202300047466,1,11,2023,2025-12-05 08:20:00,1,30,30083,1,1,1,7,D 979,43.72042715,4.22433543
202300047467,3,4,2023,2025-12-05 21:35:00,5,69,69275,2,6,1,6,Avenue Jean Jaures,45.7721,4.97641
202300047468,1,11,2023,2025-12-05 19:30:00,3,52,52444,1,1,2,7,D674,48.26402272,5.39122269
202300047469,3,4,2023,2025-12-05 20:00:00,1,69,69256,2,1,1,1,Avenue Paul Marcellin,45.77158856,4.93521263
202300047470,10,5,2023,2025-12-05 16:15:00,1,37,37233,2,9,3,3,Duclos (Avenue Jacques),47.3803719,0.72962523
202300047471,3,4,2023,2025-12-05 07:10:00,1,69,69286,2,3,2,3,597 Avenue De L'Hippodrome,45.81502,4.88478
202300047472,30,10,2023,2025-12-05 08:35:00,1,80,80793,1,1,3,2,A16,49.987556,2.181446
202300047473,11,5,2023,2025-12-05 22:12:00,5,35,35238,2,1,1,6,Picardie (De),48.12300582,-1.70962662
202300047474,31,10,2023,2025-12-05 21:40:00,3,34,34320,1,1,1,7,Cd127E6 Lieu Dit Montlobre,43.662594,3.747325
202300047475,3,4,2023,2025-12-05 12:30:00,1,69,69264,2,1,1,3,Rue De Kalarach,45.99502,4.73222
202300047476,2,4,2023,2025-12-05 18:00:00,1,67,67482,2,1,1,6,Rempart (Rue Du),48.58578,7.72992
202300047477,27,10,2023,2025-12-05 13:00:00,1,69,69244,2,2,1,1,Rue Francois Mermet,45.758228,4.774744
202300047478,11,5,2023,2025-12-05 19:00:00,1,35,35238,1,1,1,4,Rn136,48.11322,-1.71859
202300047479,31,3,2023,2025-12-05 21:50:00,5,67,67482,2,1,1,7,Arthur Rimbaud (Rue),48.58878,7.71404
202300047480,31,10,2023,2025-12-05 15:00:00,1,39,39270,1,1,1,2,Adresse_Inconnue,47.135503,5.487351
202300047481,14,3,2023,2025-12-05 23:30:00,5,63,63113,2,1,1,6,Pont Saint Jacques (Rue Du),45.76605,3.08796
202300047482,11,5,2023,2025-12-05 04:40:00,5,35,35281,2,2,1,3,Nantes (Rue De),48.09031,-1.6928
202300047483,27,10,2023,2025-12-05 07:20:00,1,987,98736,1,1,2,1,"Rt1 Face A La Servitude Vaiaitu, Route De L'Ancienne Gendarmerie A Bel Air.",-17.618,-149.549
202300047484,1,4,2023,2025-12-05 04:20:00,3,58,58194,2,6,1,7,Pisserotte (Boulevard),46.97035,3.12901
202300047485,1,11,2023,2025-12-05 01:55:00,5,6,6088,1,1,1,6,A8 Pk 196.990 - Chaussee Sud,43.733833,7.254217
202300047486,30,3,2023,2025-12-05 13:00:00,1,52,52448,2,1,1,6,France (Rue Anatole),48.643661,4.963027
202300047487,11,5,2023,2025-12-05 04:10:00,5,35,35051,1,6,1,2,Beaulieu (Porte De),48.10209849,-1.6103071
202300047488,31,3,2023,2025-12-05 08:29:00,1,49,49007,2,1,1,7,Bodin,47.46369,-0.55281
202300047489,31,10,2023,2025-12-05 21:05:00,3,51,51305,1,1,8,2,Autoroute A4 Pk126+500 Sens Starsbourg Vers Paris,49.24027,3.880427
202300047490,11,5,2023,2025-12-05 09:50:00,1,33,33063,2,2,1,3,Rue Docteur Albert Barraud,44.84593,-0.58499
202300047491,2,4,2023,2025-12-05 16:13:00,1,49,49007,1,1,1,7,Atlantique  Avenue De L',47.46483,-0.57486
202300047492,31,10,2023,2025-12-05 17:30:00,1,30,30185,1,1,1,3,Pk 70+300 Sens 2,43.738686,4.201813
202300047493,9,5,2023,2025-12-05 16:30:00,1,33,33069,2,1,1,3,Avenue De L'Hippodrome,44.87554585,-0.62447727
202300047494,1,4,2023,2025-12-05 15:10:00,1,46,46042,1,1,1,1,Departementale 811,44.49213,1.40586
202300047495,29,10,2023,2025-12-05 19:15:00,3,30,30036,1,1,1,2,A9 Pk 61+000 Sens 2,43.78052669,4.28938946
202300047496,11,5,2023,2025-12-05 12:45:00,1,31,31555,2,1,1,1,Voie Du Toec,43.601369,1.40368
202300047497,3,4,2023,2025-12-05 18:00:00,1,45,45285,2,1,1,3,Avenue Pierre Mendes France,47.905,1.867
202300047498,31,10,2023,2025-12-05 11:30:00,1,987,98729,1,1,1,3,Opunohu Pk 16,-17.577,-150.202
202300047499,24,4,2023,2025-12-05 15:00:00,1,42,42095,2,7,1,6,Place Ferrer,45.3912,4.29085
202300047500,11,5,2023,2025-12-05 06:10:00,3,31,31555,2,9,1,3,All Charles De Fitte,43.59628779,1.43202737
202300047501,31,10,2023,2025-12-05 18:00:00,2,971,97104,2,1,1,1,Route De Cadet,16.022293,-61.742724
202300047502,3,4,2023,2025-12-05 19:45:00,1,35,35238,2,3,1,3,Vern (De),48.09785438,-1.65525287
202300047503,3,4,2023,2025-12-05 12:25:00,1,35,35051,1,1,1,6,N136,48.1499,-1.60574
202300047504,11,5,2023,2025-12-05 20:10:00,1,30,30028,2,3,1,6,Avenue De L'Europe,44.166,4.6192
202300047505,31,10,2023,2025-12-05 14:00:00,1,37,37072,2,1,1,6,70 Avenue Francois Mitterrand,47.17258065,0.24820089
202300047506,1,11,2023,2025-12-05 09:15:00,1,95,95120,2,2,8,7,D4,49.085379,2.197451
202300047507,5,12,2023,2025-12-05 14:15:00,1,75,75111,2,9,2,3,Boulevard Voltaire,48.852842,2.388454
202300047508,3,4,2023,2025-12-05 09:35:00,1,35,35238,2,2,1,3,Yser (Bd De L'),48.0922,-1.6748
202300047509,31,10,2023,2025-12-05 16:15:00,1,84,84141,2,3,1,3,Allee Victor Mitan,43.960401,4.895592
202300047510,20,8,2023,2025-12-05 01:25:00,5,69,69149,2,1,1,2,52 Avenue Jean Jaures,45.71332,4.8196
202300047511,5,12,2023,2025-12-05 18:00:00,5,75,75110,2,2,1,3,Rue De Dunkerque,48.880803,2.351186
202300047512,11,5,2023,2025-12-05 15:50:00,1,28,28085,2,1,1,6,Grand Faubourg (Rue Du),48.43984,1.48266
202300047513,19,8,2023,2025-12-05 05:15:00,2,971,97113,1,1,1,7,Rn4 - Section Riviera,16.21767,-61.49404
202300047514,3,4,2023,2025-12-05 20:00:00,1,33,33167,2,2,1,3,Avenue Jean Jaures,44.83672,-0.53671
202300047515,10,5,2023,2025-12-05 18:20:00,1,27,27351,2,6,1,3,Delamare (Rue Abbe),49.23515,1.18344
202300047516,4,12,2023,2025-12-05 16:20:00,5,75,75108,2,3,2,2,Rue De Turin,48.880604,2.324941
202300047517,28,8,2023,2025-12-05 14:55:00,1,2A,2A004,2,3,2,3,Biancamaria Colonel Et Capitaine Ave,41.93453,8.73669
202300047518,24,10,2023,2025-12-05 15:30:00,1,83,83023,1,3,1,5,D43,43.350394,6.086056
202300047519,3,4,2023,2025-12-05 12:05:00,1,33,33063,2,3,1,3,Boulevard Du President Wilson,44.85109,-0.59543
202300047520,11,5,2023,2025-12-05 16:50:00,1,26,26058,2,1,1,1,Rue Des Chalets,44.94024,4.89905
202300047521,28,8,2023,2025-12-05 08:00:00,1,95,95427,2,1,1,6,D193,48.962076,2.332921
202300047522,3,12,2023,2025-12-05 20:40:00,5,94,94081,2,1,1,3,Avenue De La Republique,48.80098246,2.39915523
202300047523,31,10,2023,2025-12-05 11:20:00,1,70,70310,2,1,3,1,D64,47.678363,6.518347
202300047524,5,12,2023,2025-12-05 19:07:00,3,94,94078,2,1,1,6,286 Rue De Paris,48.746585,2.446538
202300047525,22,8,2023,2025-12-05 21:40:00,5,91,91377,2,1,1,6,Av Nationale,48.7285,2.28589
202300047526,10,5,2023,2025-12-05 17:10:00,1,26,26198,1,1,1,3,Rhin Et Danube (Pont),44.55487,4.73038
202300047527,3,4,2023,2025-12-05 12:15:00,1,29,29232,2,1,1,3,Route De Brest,48.01426,-4.08053
202300047528,31,10,2023,2025-12-05 19:10:00,5,1,1405,1,3,1,3,Rd 1083,46.118867,5.154659
202300047529,20,8,2023,2025-12-05 04:30:00,5,91,91691,2,1,1,6,General Lecler(Rue),48.71653,2.4823
202300047530,5,12,2023,2025-12-05 12:40:00,1,94,94044,2,1,3,3,Avenue De Verdun,48.75020953,2.48254253
202300047531,3,4,2023,2025-12-05 07:55:00,1,28,28134,2,6,1,3,Eparges (Rue Des),48.73304,1.37262
202300047532,29,10,2023,2025-12-05 19:30:00,3,69,69228,1,1,1,1,Route De Lyon,45.543193,4.645886
202300047533,28,8,2023,2025-12-05 13:20:00,1,91,91326,2,1,2,2,Cour De France (Avenue De La),48.68731,2.37229
202300047534,6,5,2023,2025-12-05 16:00:00,1,13,13054,2,2,1,3,Figueres (Rue Des ),43.42112,5.20777
202300047535,1,11,2023,2025-12-05 07:30:00,2,31,31324,2,1,2,6,Avenue De La Gare,43.197085,1.018891
202300047536,28,8,2023,2025-12-05 04:00:00,5,91,91687,2,1,2,7,Victor Schoelcher (Avenue),48.65932,2.373303
202300047537,4,12,2023,2025-12-05 07:40:00,5,94,94058,2,2,3,6,Avenue Du 8 Mai 1945,48.85127,2.51082
202300047538,3,4,2023,2025-12-05 07:10:00,2,25,25056,2,1,1,2,Avicenne Rue,47.26116,6.01059
202300047539,11,5,2023,2025-12-05 21:35:00,5,13,13207,2,1,1,3,Corniche John Fitzgerald Kennedy,43.28087,5.3523
202300047540,1,11,2023,2025-12-05 19:00:00,3,19,19061,1,1,2,3,Route Departementale 1089 Pr 98+000,45.216526,1.695693
202300047541,5,12,2023,2025-12-05 18:15:00,5,94,94046,2,1,1,6,Rue De Mesly,48.7974,2.44
202300047542,26,8,2023,2025-12-05 17:10:00,1,83,83137,2,1,1,6,Huba (Chemin De 1 A 2643,43.157762,5.926182
202300047543,31,3,2023,2025-12-05 11:46:00,1,18,18205,2,1,3,3,37 Avenue Des Pres Le Roi,47.09346,2.38729
202300047544,11,5,2023,2025-12-05 20:20:00,1,13,13203,2,1,1,1,Junot (Rue),43.30946,5.3761
202300047545,31,10,2023,2025-12-05 22:20:00,3,85,85016,1,1,2,6,Rd 50,46.687249,-1.633455
202300047546,5,12,2023,2025-12-05 15:20:00,1,94,94043,2,1,1,3,108 Avenue De Fontainebleau,48.808971,2.36254
202300047547,24,8,2023,2025-12-05 16:50:00,1,80,80001,2,1,1,3,Volontaires Du Bat.Ffi Viii/2 (Des),50.099212,1.839557
202300047548,3,4,2023,2025-12-05 12:30:00,1,17,17415,2,3,1,3,Enclouse Rue De L',45.745376,-0.658014
202300047549,5,12,2023,2025-12-05 19:22:00,5,94,94003,2,1,1,2,Avenue Aristide Briand,48.810587,2.326825
202300047550,11,5,2023,2025-12-05 16:00:00,1,13,13209,2,1,1,2,Catherine Blum (Boulevard),43.26641205,5.4197225
202300047551,28,8,2023,2025-12-05 22:35:00,5,78,78172,2,2,1,7,Le Guen (Rue Pierre),49.00673,2.12098
202300047552,3,4,2023,2025-12-05 18:30:00,1,13,13071,2,1,1,3,Pennes Aux Pins ( Chemin Des ),43.41334,5.35938
202300047553,11,5,2023,2025-12-05 12:20:00,1,13,13215,2,1,1,6,Saint Antoine (Avenue De),43.37,5.36
202300047554,5,12,2023,2025-12-05 17:50:00,5,94,94069,2,3,8,1,Rue Du Marechal Leclerc,48.81813,2.43234