num_acc,jour,mois,an,hrmn,lum,dep,com,agg,int,atm,col,adr,lat,long
202300047555,1,11,2023,2025-12-05 00:15:00,5,2,2684,2,1,2,6,6 Rue D'Hirson,49.917143,4.127137
202300047556,3,4,2023,2025-12-05 19:20:00,1,13,13056,2,1,1,3,Di Lorto Avenue Paul,43.39948,5.05875
202300047557,10,5,2023,2025-12-05 16:30:00,1,13,13210,2,1,1,3,Paul Claudel (Boulevard),43.26880789,5.41987988
202300047558,3,12,2023,2025-12-05 19:20:00,5,94,94028,2,3,1,3,Rue Du Chateau,48.79329,2.4569
202300047559,3,4,2023,2025-12-05 08:30:00,1,13,13215,2,1,1,3,Ruisseau Mi (Rue),43.34817817,5.3446812
202300047560,10,5,2023,2025-12-05 14:00:00,1,13,13206,2,2,1,3,Prado (Avenue Du),43.28401,5.38479
202300047561,5,12,2023,2025-12-05 09:00:00,1,94,94017,2,3,2,2,Avenue Maurice Thorez,48.81439755,2.53770348
202300047562,28,8,2023,2025-12-05 09:30:00,1,76,76575,2,1,1,6,Rue Du Madrillet,49.403954,1.075274
202300047563,3,4,2023,2025-12-05 11:25:00,1,13,13005,2,1,1,6,Goums (Avenue Des),43.29171,5.56137
202300047564,5,12,2023,2025-12-05 21:40:00,5,93,93070,2,9,2,3,Rue Albert Dhalenne,48.914666,2.331849
202300047565,10,5,2023,2025-12-05 10:00:00,1,13,13201,2,1,1,3,Canebiere    81 A Fin,43.29801,5.38205
202300047566,2,4,2023,2025-12-05 12:41:00,1,10,10387,2,1,2,3,Avenue Du 1Er Mai,48.3041454,4.08799767
202300047567,24,8,2023,2025-12-05 22:08:00,5,76,76351,2,1,1,6,Docteur Vigne,49.4976,0.11168
202300047568,5,12,2023,2025-12-05 20:06:00,5,93,93070,2,1,1,2,Boulevard Victor Hugo,48.908186,2.32777
202300047569,10,5,2023,2025-12-05 02:15:00,5,13,13203,1,1,2,1,Bd Ferdinand De Lesseps,43.32128,5.37728
202300047570,5,12,2023,2025-12-05 08:10:00,5,93,93077,2,1,2,3,Rue Laennec,48.8804158,2.49598982
202300047571,31,10,2023,2025-12-05 18:33:00,5,13,13211,2,1,1,3,Sens Aubagne Vers Marseille,43.29277,5.45454
202300047572,11,5,2023,2025-12-05 08:30:00,1,13,13001,2,3,1,3,Baltard Victor (Rue),43.48781,5.3866
202300047573,11,5,2023,2025-12-05 12:20:00,1,6,6088,2,1,1,7,Voie Rapide,43.67352,7.22178
202300047574,28,8,2023,2025-12-05 16:50:00,1,71,71540,2,3,1,3,Huit Mai (Avenue Du),46.78127,4.4378
202300047575,30,10,2023,2025-12-05 08:45:00,1,13,13214,1,1,1,4,A507 Sens Aubagne- Marseille,43.33468,5.38261
202300047576,2,4,2023,2025-12-05 17:27:00,1,6,6088,2,1,1,4,Voie Rapide,43.67123,7.21804
202300047577,11,5,2023,2025-12-05 11:45:00,1,6,6123,2,1,1,3,De Gaulle General Avenue,43.667558,7.191757
202300047578,30,10,2023,2025-12-05 21:10:00,3,13,13071,1,1,3,6,A5502D-Sens Marseille Vers A55-Martigues,43.404,5.3064
202300047579,3,4,2023,2025-12-05 22:50:00,5,5,5061,2,1,1,2,Carnot  ( Rue ),44.55891,6.08068
202300047580,28,8,2023,2025-12-05 04:50:00,5,69,69115,2,6,1,3,Avenue De La Liberation,45.97833,4.70921
202300047581,4,12,2023,2025-12-05 16:00:00,1,93,93077,2,6,2,5,Rue Pasteur / Avenue De La Republique,48.88674,2.5118
202300047582,11,5,2023,2025-12-05 13:30:00,1,1,1451,2,2,1,3,Rippes De Biots (Chemin Des),46.26325477,5.23459911
202300047583,3,4,2023,2025-12-05 00:20:00,5,93,93001,2,1,1,2,Avenue Jean Jaures,48.91560419,2.40487933
202300047584,27,8,2023,2025-12-05 05:15:00,5,68,68066,2,2,1,6,Lavoisier (Rue),48.102409,7.379642
202300047585,3,4,2023,2025-12-05 14:05:00,1,75,75120,2,1,1,3,Porte Des Lilas,48.875556,2.409953
202300047586,25,8,2023,2025-12-05 18:03:00,1,66,66136,2,1,1,4,Adresse_Inconnue,42.6933,2.85133
202300047587,2,4,2023,2025-12-05 08:05:00,1,75,75114,2,1,2,5,Porte De Chatillon,48.822847,2.312865
202300047588,11,5,2023,2025-12-05 17:45:00,1,75,75119,2,1,1,3,Rue Manin,48.88365,2.389498
202300047589,25,8,2023,2025-12-05 08:00:00,1,66,66136,1,6,1,3,Adresse_Inconnue,42.68123919,2.85229057
202300047590,11,5,2023,2025-12-05 12:15:00,1,75,75119,2,3,1,6,Boulevard Macdonald,48.898937,2.382565
202300047591,3,4,2023,2025-12-05 17:10:00,1,75,75120,2,3,1,6,Rue De Bagnolet,48.862707,2.406669
202300047592,5,12,2023,2025-12-05 09:10:00,1,93,93050,2,5,2,6,Rue Martyrs De La Deportation / Avenue Du General De Gaulle,48.85568,2.52662
202300047593,27,8,2023,2025-12-05 09:58:00,1,64,64102,2,1,2,7,Soult (Avenue Marechal),43.48506,-1.49461
202300047594,3,4,2023,2025-12-05 16:05:00,1,75,75120,2,3,1,6,Rue Des Reglises,48.854681,2.410289
202300047595,11,5,2023,2025-12-05 11:00:00,1,75,75117,2,7,1,3,Place D Israel,48.885223,2.303362
202300047596,3,4,2023,2025-12-05 16:50:00,1,75,75119,2,1,1,1,Rue Manin,48.882921,2.384783
202300047597,5,12,2023,2025-12-05 09:15:00,1,93,93014,2,1,2,3,Allee Romain Rolland,48.90448,2.55383
202300047598,3,4,2023,2025-12-05 17:10:00,1,75,75117,2,1,1,2,Rue Emmy Noether,48.90067334,2.32114613
202300047599,11,5,2023,2025-12-05 17:40:00,1,75,75116,2,1,1,3,Avenue Du Mahatma Gandhi,48.87667,2.265812
202300047600,28,8,2023,2025-12-05 14:45:00,1,59,59508,2,1,1,3,Halluin (Boulevard D'),50.74175922,3.13230663
202300047601,5,12,2023,2025-12-05 21:20:00,5,92,92046,2,3,8,6,Emile Zola,48.82296695,2.30307072
202300047602,3,4,2023,2025-12-05 12:50:00,1,75,75117,2,3,1,6,Rue Guersant,48.881525,2.289213
202300047603,28,8,2023,2025-12-05 07:45:00,1,57,57672,2,1,1,3,Comte De Bertier (Avenue) - Impair,49.37006,6.16917
202300047604,11,5,2023,2025-12-05 11:00:00,1,75,75116,2,1,8,3,Allee De La Reine Marguerite,48.851267,2.24182
202300047605,3,4,2023,2025-12-05 19:10:00,1,75,75112,2,3,1,6,Rue De Rambouillet,48.843623,2.379771
202300047606,5,12,2023,2025-12-05 17:20:00,5,92,92036,2,1,2,3,Petits Marais (Chemin Des),48.94622555,2.30202958
202300047607,3,4,2023,2025-12-05 07:28:00,1,75,75107,2,1,1,2,Quai D Orsay,48.862247,2.304091
202300047608,30,11,2023,2025-12-05 15:50:00,1,92,92036,2,1,1,3,Gresillons ( Avenue Des  ),48.91895924,2.31167324
202300047609,10,5,2023,2025-12-05 20:45:00,3,75,75116,2,3,1,2,Voie Georges Pompidou,48.85129,2.27844
202300047610,26,8,2023,2025-12-05 15:35:00,1,56,56260,1,1,1,4,Adresse_Inconnue,47.66488,-2.72178
202300047611,2,12,2023,2025-12-05 14:45:00,1,92,92004,2,2,1,2,Abbe Lemire De L',48.92948,2.28187
202300047612,3,4,2023,2025-12-05 12:20:00,1,75,75104,2,2,1,6,Quai De Gesvres,48.856749,2.348948
202300047613,28,8,2023,2025-12-05 16:20:00,1,56,56083,2,6,1,6,Avenue De La Republique,47.79945,-3.29051
202300047614,11,5,2023,2025-12-05 12:35:00,1,75,75115,2,3,1,6,Rue De Viroflay,48.84221,2.299237
202300047615,3,4,2023,2025-12-05 19:20:00,1,94,94080,2,1,1,6,Avenue De Paris,48.84529,2.43093
202300047616,5,12,2023,2025-12-05 19:05:00,5,92,92002,2,2,8,3,President Kennedy (50 A La Fin),48.73466161,2.28539631
202300047617,3,4,2023,2025-12-05 16:47:00,1,94,94074,2,1,1,6,Rue Du 11 Novembre 1918,48.750739,2.467714
202300047618,11,5,2023,2025-12-05 18:00:00,1,75,75114,2,2,1,2,Boulevard Brune,48.823075,2.325408
202300047619,11,5,2023,2025-12-05 12:00:00,1,75,75114,2,1,1,6,Boulevard Jourdan,48.819436,2.343664
202300047620,3,4,2023,2025-12-05 08:40:00,1,94,94038,2,2,1,3,Avenue Hache,48.78065446,2.33140755
202300047621,6,12,2023,2025-12-05 09:15:00,1,6,6161,2,1,1,6,La Fighiere (Parking),43.637367,7.139917
202300047622,25,8,2023,2025-12-05 23:15:00,5,51,51454,2,2,1,2,Paix (Boulevard De La),49.25217,4.04167
202300047623,6,12,2023,2025-12-05 17:25:00,3,10,10350,1,1,1,1,D374,48.173162,3.817738
202300047624,3,4,2023,2025-12-05 01:37:00,5,94,94077,2,3,1,1,Cours De Verdun,48.7382,2.40835
202300047625,10,5,2023,2025-12-05 20:40:00,5,75,75114,2,3,2,6,Avenue Du Maine,48.828266,2.326707
202300047626,29,8,2023,2025-12-05 01:37:00,5,49,49007,2,1,1,7,Leroy Place,47.4646,-0.54903
202300047627,6,12,2023,2025-12-05 07:20:00,2,28,28233,1,1,1,1,Departementale 955,48.121098,1.281796
202300047628,3,4,2023,2025-12-05 08:36:00,1,94,94070,2,3,8,1,Route De Paris,48.71777577,2.57017744
202300047629,27,8,2023,2025-12-05 19:36:00,1,45,45068,2,1,8,7,25 Rue Pascal,48.01723464,2.71717966
202300047630,10,5,2023,2025-12-05 17:20:00,1,75,75114,2,2,2,6,Avenue Du General Leclerc,48.833671,2.331833
202300047631,3,4,2023,2025-12-05 19:40:00,1,93,93066,2,1,1,6,Rue Du Landy,48.91533857,2.35298663
202300047632,6,12,2023,2025-12-05 07:15:00,1,974,97401,1,1,1,1,Littoral,-21.249895,55.321462
202300047633,25,8,2023,2025-12-05 15:40:00,1,41,41212,2,1,1,6,Nationale (Route),47.56509,1.36744
202300047634,5,12,2023,2025-12-05 17:45:00,5,62,62706,2,1,1,6,D166,50.578945,2.738729
202300047635,11,5,2023,2025-12-05 17:00:00,1,75,75113,2,1,1,1,Pont Charles De Gaulle,48.84230343,2.36860514
202300047636,3,4,2023,2025-12-05 19:35:00,1,93,93055,2,1,1,2,Avenue Du General Leclerc,48.89789752,2.4055417
202300047637,3,4,2023,2025-12-05 13:55:00,1,93,93055,2,1,1,2,Rue Denis Papin,48.90211,2.39752
202300047638,6,12,2023,2025-12-05 12:30:00,1,62,62520,1,1,1,1,D945,50.576335,2.646546
202300047639,28,8,2023,2025-12-05 17:35:00,1,38,38185,2,1,2,3,Avenue Des Martyrs,45.204,5.70221
202300047640,3,4,2023,2025-12-05 19:00:00,1,93,93029,2,2,1,6,Avenue Henri Barbusse / Avenue Jean Jaures,48.91993681,2.45153934
202300047641,1,12,2023,2025-12-05 16:15:00,2,14,14453,1,1,4,3,N13,49.307957,-0.82358
202300047642,28,8,2023,2025-12-05 19:00:00,1,37,37261,2,1,1,3,Bourdaisiere (Allee De La),47.38565,0.69606
202300047643,6,12,2023,2025-12-05 09:20:00,1,50,50099,1,1,7,6,N13,49.31616,-1.234106
202300047644,3,4,2023,2025-12-05 18:00:00,1,93,93029,1,1,1,3,Rue De La Station,48.922629,2.426913
202300047645,11,5,2023,2025-12-05 10:30:00,1,75,75113,2,3,8,3,Avenue D Italie,48.822786,2.358354
202300047646,6,12,2023,2025-12-05 15:35:00,1,30,30092,1,1,1,7,D6086,44.098804,4.602263
202300047647,28,8,2023,2025-12-05 06:00:00,2,34,34003,2,1,1,3,Cr Des Gentilhommes,43.288677,3.510717
202300047648,3,4,2023,2025-12-05 16:30:00,1,93,93057,2,3,1,6,Allee Du Soleil Levant / Allee Danielle Casanova,48.90736085,2.49579311
202300047649,5,12,2023,2025-12-05 17:45:00,3,83,83026,1,1,1,1,1 Route Du Luc,43.418297,6.238775
202300047650,28,8,2023,2025-12-05 01:30:00,5,33,33063,2,1,1,6,Cours De L'Yser,44.82558,-0.56971
202300047651,27,8,2023,2025-12-05 12:10:00,1,29,29019,2,1,1,6,Rue Du Commandant Drogou,48.40508398,-4.49487805
202300047652,5,12,2023,2025-12-05 08:37:00,1,51,51564,1,1,2,4,Rd9,49.123461,4.108608
202300047653,2,4,2023,2025-12-05 00:06:00,5,93,93001,2,5,1,2,Avenue De La Republique / Rue Andre Karman,48.91107,2.38468
202300047654,10,5,2023,2025-12-05 23:00:00,5,75,75112,2,3,1,1,Boulevard De Bercy,48.839929,2.382357
202300047655,28,8,2023,2025-12-05 19:20:00,1,27,27681,2,1,1,2,Leclerc (Boulevard Du Marechal),49.09577,1.48443
202300047656,18,10,2023,2025-12-05 20:00:00,3,19,19274,1,2,2,1,Adresse_Inconnue,45.182171,1.495491
202300047657,6,12,2023,2025-12-05 07:55:00,2,56,56090,1,1,1,6,Le Rongeau,47.874686,-3.208
202300047658,28,8,2023,2025-12-05 12:25:00,1,27,27375,2,1,1,6,Champ De Ville (Place Du),49.21025,1.16538
202300047659,3,4,2023,2025-12-05 17:20:00,1,92,92064,2,1,1,2,Dailly,48.84261,2.22113
202300047660,6,12,2023,2025-12-05 07:15:00,3,76,76612,1,1,5,6,Departementale 26,49.83218166,1.67040128
202300047661,25,8,2023,2025-12-05 14:00:00,1,22,22106,2,1,1,6,Saint-Ilan (Rue De),48.50481,-2.70671
202300047662,11,5,2023,2025-12-05 19:05:00,1,75,75111,2,2,2,6,Rue Jean Pierre Timbaud,48.868932,2.380457
202300047663,2,4,2023,2025-12-05 02:10:00,5,92,92064,2,1,2,7,General Leclerc,48.84144,2.20712
202300047664,6,12,2023,2025-12-05 19:00:00,3,76,76367,1,1,2,6,D121,49.503837,1.098289
202300047665,24,8,2023,2025-12-05 14:00:00,1,22,22113,2,1,1,3,Mendes France (Boulevard),48.73116,-3.46511
202300047666,3,4,2023,2025-12-05 14:51:00,1,92,92044,2,2,1,3,Marius Aufan(Rue) 1A67 Et 2A78,48.88999144,2.28505567
202300047667,24,11,2023,2025-12-05 07:40:00,2,79,79174,1,2,1,5,Adresse_Inconnue,46.207848,-0.149249
202300047668,10,5,2023,2025-12-05 15:50:00,1,75,75111,2,3,3,6,Avenue Parmentier,48.860154,2.37875
202300047669,4,12,2023,2025-12-05 10:30:00,1,2B,2B207,2,1,2,7,Allee Des Muriers Platanes,42.444522,9.50911
202300047670,26,8,2023,2025-12-05 19:40:00,1,14,14069,2,1,2,2,103 Route D'Orbec,49.130014,0.265693
202300047671,6,12,2023,2025-12-05 03:10:00,3,82,82087,1,1,5,6,1130 Route De Lauzerte,44.142798,1.197006
202300047672,3,4,2023,2025-12-05 12:50:00,1,92,92004,2,1,1,6,Robert Lavergne ( Rue ),48.92853353,2.27260217
202300047673,25,8,2023,2025-12-05 18:15:00,1,14,14487,1,1,1,1,Route De Lisieux,49.166693,0.227726
202300047674,11,5,2023,2025-12-05 14:00:00,1,75,75110,2,3,2,2,Boulevard De Magenta,48.875784,2.356502
202300047675,5,12,2023,2025-12-05 13:33:00,1,71,71543,2,1,2,1,Avenue Des Alpes,46.563408,4.918903
202300047676,4,4,2023,2025-12-05 12:30:00,1,9,9338,1,1,1,1,Route De Saint Sernin,43.20886,1.42155
202300047677,28,8,2023,2025-12-05 19:00:00,1,13,13215,2,1,6,3,Saint Antoine (Avenue De),43.37315,5.35605
202300047678,6,12,2023,2025-12-05 07:50:00,2,63,63378,1,1,1,6,Adresse_Inconnue,45.67141981,3.22385912
202300047679,4,2,2023,2025-12-05 05:15:00,5,56,56166,2,1,1,6,Place Antoine Le Floch,47.91577,-3.332435
202300047680,11,5,2023,2025-12-05 12:54:00,1,75,75110,2,7,8,3,Place Du Colonel Fabien,48.877673,2.370157
202300047681,2,12,2023,2025-12-05 16:05:00,1,61,61503,1,1,1,6,D48 Pr 5+840,48.648609,-0.136529
202300047682,24,8,2023,2025-12-05 16:30:00,1,13,13203,2,2,1,3,Strasbourg (Boulevard),43.30900979,5.37835802
202300047683,28,8,2023,2025-12-05 10:15:00,1,11,11069,2,1,1,6,9 Boulevard Jules Guesde,43.20855,2.33132
202300047684,29,3,2023,2025-12-05 15:30:00,1,33,33393,1,3,1,3,D910,44.976009,-0.213279
202300047685,5,12,2023,2025-12-05 17:10:00,2,49,49323,1,1,1,5,Route Departementale Ndeg323 De Paris A Nantes (Saint-Sylvain-D'Anjou),47.501699,-0.484723
202300047686,11,5,2023,2025-12-05 16:45:00,1,75,75107,2,1,1,2,Quai Anatole France,48.862014,2.321173
202300047687,27,8,2023,2025-12-05 22:40:00,3,11,11069,1,1,8,7,Rocade Sud Rd 6161,43.20339,2.37815
202300047688,18,3,2023,2025-12-05 01:15:00,3,81,81147,1,1,1,7,Lombers,43.80563,2.1828383
202300047689,5,12,2023,2025-12-05 21:40:00,3,47,47209,1,1,5,6,Route De Riols,44.245207,0.675686
202300047690,6,12,2023,2025-12-05 11:55:00,1,38,38505,1,1,8,7,Route Departementale 130,45.313936,5.133791
202300047691,27,8,2023,2025-12-05 10:00:00,1,6,6088,2,1,2,2,Grenoble (Route De),43.671758,7.203457
202300047692,4,4,2023,2025-12-05 08:15:00,1,44,44009,2,6,7,6,55 Rue De La Croix Des Fosses,47.212926,-1.470532
202300047693,8,5,2023,2025-12-05 19:15:00,1,75,75104,2,2,1,3,Rue Mornay,48.849511,2.365638
202300047694,3,4,2023,2025-12-05 06:00:00,3,2B,2B101,1,1,1,6,Route Departemantale 71,42.408435,9.346104
202300047695,5,12,2023,2025-12-05 10:40:00,1,70,70005,1,1,8,6,D486,47.60107,6.429405
202300047696,26,3,2023,2025-12-05 10:41:00,1,69,69066,2,7,1,6,Place De L'Eglise,46.10007193,4.32178252
202300047697,28,8,2023,2025-12-05 13:50:00,1,5,5061,1,3,1,3,Malcombe ( Route De ),44.55771,6.05161
202300047698,6,12,2023,2025-12-05 08:35:00,1,26,26288,1,1,1,1,Rd94,44.428432,5.278051
202300047699,10,5,2023,2025-12-05 19:05:00,1,94,94068,2,1,8,5,Rue De La Varenne,48.80933512,2.47190787
202300047700,24,8,2023,2025-12-05 16:05:00,1,3,3185,2,9,1,6,Villon ( Avenue Pierre ),46.353,2.58727
202300047701,3,4,2023,2025-12-05 13:50:00,1,84,84030,2,1,1,7,Avenue De L'Europe,44.107216,5.10263
202300047702,3,5,2023,2025-12-05 19:45:00,2,94,94042,2,7,1,7,Avenue Bizet,48.82484,2.477162
202300047703,6,12,2023,2025-12-05 10:30:00,1,14,14312,2,1,1,6,Avenue Emile Damecour,49.385254,-1.050246
202300047704,2,4,2023,2025-12-05 04:40:00,3,7,7009,1,1,1,6,Saint-Bosc,45.214341,4.80323343
202300047705,10,5,2023,2025-12-05 11:15:00,1,94,94043,2,1,2,6,Avenue De Fontainebleau,48.81394092,2.36096661
202300047706,23,8,2023,2025-12-05 19:25:00,1,2,2722,2,2,1,6,49 Boulevard Jeanne D'Arc,49.37446,3.32649
202300047707,6,12,2023,2025-12-05 07:55:00,2,16,16072,1,1,9,5,D674,45.51456216,0.16858086
202300047708,2,4,2023,2025-12-05 19:45:00,1,17,17345,1,1,1,7,40 Route Du Chateau D'Eau,45.428886,-0.497154
202300047709,6,12,2023,2025-12-05 08:11:00,1,7,7172,1,9,1,3,Rte De Colombier Le Cardinal,45.275264,4.740214
202300047710,3,4,2023,2025-12-05 12:25:00,1,37,37050,2,2,1,3,Avenue De La Branchoire,47.345071,0.719299
202300047711,11,5,2023,2025-12-05 12:00:00,1,94,94054,2,3,2,1,Rue Antoine De Saint-Exupery,48.74894798,2.41319177
202300047712,28,8,2023,2025-12-05 18:00:00,1,75,75120,2,3,1,6,Rue Des Reglises,48.854754,2.410272
202300047713,3,4,2023,2025-12-05 13:10:00,1,67,67194,1,1,1,6,A35,48.747431,7.915456
202300047714,5,12,2023,2025-12-05 18:30:00,3,40,40273,1,1,2,5,D85,43.535366,-1.425734
202300047715,31,3,2023,2025-12-05 14:05:00,1,42,42116,1,1,1,6,A89,45.873218,3.914137
202300047716,11,5,2023,2025-12-05 12:00:00,1,94,94002,2,9,1,3,Quai Jean-Baptiste Clement / Rue Emile Zola,48.79823,2.42066
202300047717,28,8,2023,2025-12-05 17:40:00,1,75,75118,2,3,1,3,Rue Eugene Carriere,48.889151,2.332246
202300047718,5,12,2023,2025-12-05 19:00:00,3,85,85135,1,2,1,6,D746,46.522055,-1.2091732
202300047719,1,4,2023,2025-12-05 10:35:00,1,38,38485,2,3,1,3,25 Boulevard Des Freres Desaire,45.181183,5.692326
202300047720,28,8,2023,2025-12-05 15:45:00,1,75,75113,2,3,8,6,Boulevard Massena,48.821605,2.369038
202300047721,11,5,2023,2025-12-05 17:15:00,1,93,93078,2,1,1,3,Rue Eugene Delacroix,48.94923,2.55046
202300047722,29,3,2023,2025-12-05 17:00:00,1,78,78062,2,1,1,1,Route Du Pontel,48.850354,1.877123
202300047723,6,12,2023,2025-12-05 12:30:00,1,28,28374,1,3,1,3,Departementale 854 - Le Peage Tremblay-Les-Villages,48.581503,1.431231
202300047724,6,12,2023,2025-12-05 14:45:00,1,17,17322,1,2,1,3,Intersection D206 Et D114,46.25257,-0.835136
202300047725,4,4,2023,2025-12-05 13:39:00,1,13,13035,1,1,1,6,D72D,43.668178,5.044068
202300047726,6,12,2023,2025-12-05 01:35:00,3,45,45026,1,1,1,6,A6 Pr 101 + 117,48.112088,2.998216
202300047727,28,8,2023,2025-12-05 16:35:00,1,75,75109,2,2,1,3,Rue De Liege,48.87964,2.32704
202300047728,11,5,2023,2025-12-05 15:25:00,1,93,93073,2,2,8,2,Avenue Blaise Pascal / Rue De Lorraine,48.94021,2.57734
202300047729,4,4,2023,2025-12-05 11:55:00,1,13,13100,2,1,1,3,Avenue De La Liberation,43.788779,4.834687
202300047730,18,8,2023,2025-12-05 12:00:00,1,973,97311,2,3,1,3,Rue Joseph Symphorien,5.496225,-54.030035
202300047731,4,4,2023,2025-12-05 07:15:00,2,71,71572,1,3,1,3,32 A Robalot,46.572436,4.87036
202300047732,11,5,2023,2025-12-05 13:30:00,1,93,93073,2,1,8,3,Rue Henri Farman,48.96609,2.56331
202300047733,28,8,2023,2025-12-05 10:13:00,1,75,75109,2,2,1,2,Rue Blanche,48.877772,2.331975
202300047734,5,12,2023,2025-12-05 19:45:00,5,971,97119,1,2,1,3,Dumaine,16.377792,-61.45473
202300047735,4,4,2023,2025-12-05 17:25:00,1,57,57683,2,1,1,2,16 Route D?Ebange,49.311086,6.14728
202300047736,4,12,2023,2025-12-05 07:20:00,5,28,28193,2,1,2,6,Grande Rue,48.787465,1.533199
202300047737,4,4,2023,2025-12-05 17:30:00,1,42,42285,1,2,1,1,Route De Montbrison,45.581446,4.107074
202300047738,11,5,2023,2025-12-05 10:45:00,1,93,93071,2,2,1,3,Avenue Hoche / Chemin De La Voirie Des Trefles,48.93015612,2.52863814
202300047739,6,12,2023,2025-12-05 09:45:00,1,77,77315,2,1,7,6,D239,48.891191,2.82632
202300047740,27,8,2023,2025-12-05 12:36:00,1,75,75108,2,2,1,3,Place De La Concorde,48.86666363,2.3220242
202300047741,3,4,2023,2025-12-05 17:45:00,1,9,9160,2,1,1,2,Rue Pasteur,42.932347,1.84507
202300047742,6,12,2023,2025-12-05 09:45:00,1,77,77229,2,1,1,1,160 Rue Louise De Bettignies,48.758197,2.877994
202300047743,10,5,2023,2025-12-05 14:15:00,1,93,93013,2,1,2,3,Avenue De La Division Leclerc,48.9310825,2.42183465
202300047744,28,8,2023,2025-12-05 12:45:00,1,75,75107,2,1,1,6,Rue De Constantine,48.858887,2.314757
202300047745,1,4,2023,2025-12-05 19:00:00,2,17,17164,1,1,1,1,D129,45.773652,-0.568591
202300047746,6,12,2023,2025-12-05 11:25:00,1,77,77165,1,1,1,1,D213,48.503919,2.861331
202300047747,11,5,2023,2025-12-05 16:30:00,1,93,93010,2,1,2,3,Chemin Du Pont,48.90863876,2.49012881
202300047748,28,8,2023,2025-12-05 08:48:00,1,75,75103,2,3,1,7,Rue Charlot,48.861221,2.36068
202300047749,2,4,2023,2025-12-05 01:45:00,3,33,33063,1,1,1,3,Rocade A 630,44.88399212,-0.55876315
202300047750,5,12,2023,2025-12-05 08:30:00,1,34,34244,2,1,1,3,M106,43.670512,4.03543
202300047751,1,4,2023,2025-12-05 23:45:00,5,59,59009,1,1,2,6,Route Nationale 227,50.60804291,3.13076824
202300047752,6,12,2023,2025-12-05 15:30:00,1,84,84095,1,9,1,6,D139,43.742658,5.343191
202300047753,11,5,2023,2025-12-05 05:15:00,2,93,93005,2,2,8,6,Boulevard Marc Chagall / Rue Eugene Delacroix,48.95286403,2.49897655
202300047754,28,8,2023,2025-12-05 15:55:00,1,94,94046,2,3,2,2,Avenue De La Republique,48.80719,2.44587
202300047755,3,4,2023,2025-12-05 20:20:00,2,91,91235,1,1,1,2,Rn 104,48.626,2.3551
202300047756,11,5,2023,2025-12-05 16:25:00,1,92,92064,1,1,1,6,Marechal Juin,48.836635,2.221835
202300047757,6,12,2023,2025-12-05 06:55:00,5,88,88266,2,8,2,3,Rue Du Stade,48.172393,6.671882
202300047758,3,4,2023,2025-12-05 13:15:00,1,92,92050,1,1,1,6,A86,48.902123,2.203614
202300047759,1,12,2023,2025-12-05 20:00:00,3,38,38494,2,1,3,7,Soleymieu,45.696105,5.360881
202300047760,27,8,2023,2025-12-05 23:00:00,5,94,94073,2,9,1,6,Avenue De Versailles,48.76036195,2.39898638
202300047761,11,5,2023,2025-12-05 08:45:00,1,92,92064,2,3,1,1,Marcel Dassault,48.85412,2.22259
202300047762,3,4,2023,2025-12-05 08:55:00,1,78,78362,1,9,1,2,A13,48.980131,1.698576
202300047763,6,12,2023,2025-12-05 18:05:00,5,1,1202,2,3,9,1,Route De Charveyron,45.916702,5.33067
202300047764,21,8,2023,2025-12-05 14:40:00,1,94,94028,2,2,1,6,Avenue Des Compagnons De La Liberation,48.77768,2.45769
202300047765,11,5,2023,2025-12-05 19:55:00,1,92,92025,2,1,1,3,Bournard (Rue Du),48.92299,2.256235
202300047766,6,12,2023,2025-12-05 07:30:00,2,33,33256,1,1,5,1,Chemin Labarde,44.978957,-0.562277
202300047767,3,4,2023,2025-12-05 17:00:00,1,93,93027,1,1,1,4,Autoroute A1,48.93391583,2.38755931
202300047768,5,12,2023,2025-12-05 05:45:00,3,49,49020,1,1,1,5,Route Departementale Ndeg323,47.470669,-0.614033
202300047769,4,5,2023,2025-12-05 10:35:00,1,92,92004,2,1,1,3,Voltaire ( Bd 16 A Fin ),48.91200839,2.2966066
202300047770,28,8,2023,2025-12-05 06:30:00,1,94,94077,2,2,1,2,Avenue De La Republique,48.73226,2.40866
202300047771,6,12,2023,2025-12-05 15:20:00,1,60,60138,1,1,1,6,D932A,49.224331,2.613856
202300047772,1,4,2023,2025-12-05 15:10:00,1,95,95678,1,1,1,1,Rn 184,49.06427517,2.21383601
202300047773,17,3,2023,2025-12-05 03:05:00,3,11,11262,2,1,1,6,Boulevard Du Docteur Lacroix,43.1806584,2.99989
202300047774,6,12,2023,2025-12-05 07:50:00,2,60,60088,1,1,5,1,D105,49.19898,2.164564
202300047775,28,8,2023,2025-12-05 11:55:00,1,93,93066,2,2,1,6,Avenue Du President Wilson / Rue Du Landy,48.91526,2.35792
202300047776,10,5,2023,2025-12-05 15:50:00,1,92,92004,2,1,1,2,Bas ( Rue Des ),48.91164,2.29857
202300047777,1,4,2023,2025-12-05 15:00:00,1,95,95585,2,1,1,6,Ampere (Allee Andre),48.97613,2.38248
202300047778,5,12,2023,2025-12-05 17:55:00,5,59,59136,2,1,2,6,38 Rue Faidherbe,50.09442,3.540481