num_acc,jour,mois,an,hrmn,lum,dep,com,agg,int,atm,col,adr,lat,long
202300048008,27,8,2023,2025-12-05 17:30:00,1,972,97213,1,6,1,3,Mangot Vulcin (Rond Point),14.6235,-60.98875
202300048009,19,2,2023,2025-12-05 18:20:00,3,88,88089,2,3,1,3,326 Rue Des Fusilles,48.18772,6.785399
202300048010,4,12,2023,2025-12-05 17:20:00,4,35,35238,2,3,2,6,Ropartz (Guy),48.13121,-1.65651
202300048011,27,8,2023,2025-12-05 22:14:00,5,2A,2A004,2,1,3,3,Napoleon Cours Avant Beverini,41.92815901,8.73855248
202300048012,4,12,2023,2025-12-05 10:30:00,1,35,35055,1,1,3,7,Rd 463,48.07959,-1.60133
202300048013,17,2,2023,2025-12-05 10:30:00,1,26,26295,1,2,1,3,Rue De La Vallee,45.174656,4.861225
202300048014,27,8,2023,2025-12-05 20:37:00,5,2A,2A004,2,1,2,6,Giusti Et Mondoloni Andre Et Julesi Alle,41.909236,8.711963
202300048015,3,12,2023,2025-12-05 19:40:00,3,34,34198,1,1,1,6,D66  Voie Rapide,43.57339,3.95368
202300048016,19,2,2023,2025-12-05 00:10:00,3,42,42036,1,1,1,6,Val De La Dureze,45.535844,4.546258
202300048017,26,8,2023,2025-12-05 14:45:00,1,95,95572,2,1,1,6,D922,49.05289,2.11686
202300048018,19,2,2023,2025-12-05 01:42:00,3,60,60430,1,1,2,7,D163,49.303076,2.928286
202300048019,27,8,2023,2025-12-05 11:54:00,1,85,85191,1,1,1,7,Rd160,46.6843739,-1.4108838
202300048020,3,12,2023,2025-12-05 02:40:00,5,34,34172,2,1,1,7,Sarrail (Boulevard),43.6124,3.88095
202300048021,4,12,2023,2025-12-05 09:04:00,1,32,32013,2,1,1,7,Baron (Chemin De),43.65126,0.57972
202300048022,27,8,2023,2025-12-05 12:00:00,1,79,79081,1,1,1,1,Adresse_Inconnue,46.350701,-0.4083
202300048023,19,2,2023,2025-12-05 16:15:00,1,44,44194,1,1,1,3,Adresse_Inconnue,47.25638,-1.68722
202300048024,18,2,2023,2025-12-05 10:45:00,1,34,34196,1,1,1,6,A75,43.803586,3.325501
202300048025,19,2,2023,2025-12-05 03:00:00,3,30,30334,1,1,1,6,Route De Bagnols-Sur-Ceze,44.02115,4.439335
202300048026,27,8,2023,2025-12-05 11:00:00,1,77,77108,2,1,1,5,Av Du Marechal Foch,48.866249,2.569328
202300048027,4,12,2023,2025-12-05 11:15:00,1,31,31555,2,3,1,3,Narbonne (Route De),43.5647385,1.46009535
202300048028,18,2,2023,2025-12-05 05:30:00,3,62,62029,1,1,6,6,D341,50.536187,2.400274
202300048029,27,8,2023,2025-12-05 19:45:00,1,77,77379,2,4,2,6,Villecran (Chemin De),48.55953,3.277409
202300048030,18,2,2023,2025-12-05 19:30:00,5,56,56067,2,1,1,6,Rue De La Poste,47.757971,-2.842889
202300048031,4,12,2023,2025-12-05 09:48:00,1,31,31555,2,1,1,2,Av Louis Bazerque,43.57285667,1.39399767
202300048032,19,2,2023,2025-12-05 03:15:00,3,76,76348,1,1,2,6,D110,49.692835,0.752003
202300048033,27,8,2023,2025-12-05 14:45:00,1,77,77335,1,2,1,3,Rd140 (Route Departementale),48.96981,2.82979
202300048034,19,2,2023,2025-12-05 06:40:00,2,79,79241,1,1,2,7,Adresse_Inconnue,46.458056,-0.3781
202300048035,27,8,2023,2025-12-05 16:50:00,1,69,69276,2,1,1,1,Route Departementale 312,45.67844,4.85052
202300048036,19,2,2023,2025-12-05 16:45:00,1,82,82054,1,1,1,6,Route De L'Ilot,44.078938,0.902531
202300048037,18,2,2023,2025-12-05 17:00:00,1,71,71204,1,1,1,1,D906,46.843622,4.812529
202300048038,4,12,2023,2025-12-05 18:55:00,5,27,27701,2,2,2,6,Parc (Ch. Du) Rte De Seine A Falaises,49.27284,1.21176
202300048039,19,2,2023,2025-12-05 11:30:00,1,71,71079,1,1,2,6,Pre Loisy,46.496413,5.345685
202300048040,27,8,2023,2025-12-05 18:00:00,1,69,69259,2,2,1,3,Rue Carnot,45.70378,4.88004
202300048041,19,2,2023,2025-12-05 19:00:00,3,63,63447,1,1,1,2,D80,46.024521,2.632463
202300048042,27,8,2023,2025-12-05 10:45:00,1,67,67447,2,1,8,3,Barrage (Rue Du),48.60406099,7.75072038
202300048043,4,12,2023,2025-12-05 07:50:00,3,26,26198,1,1,2,1,Route Du Teil,44.54176175,4.73062277
202300048044,27,1,2023,2025-12-05 14:45:00,1,41,41267,1,1,1,7,La Guillotiere,47.385726,1.138265
202300048045,4,12,2023,2025-12-05 21:10:00,5,13,13211,2,1,1,2,Saint Menet (Avenue De),43.2906557,5.4888389
202300048046,25,8,2023,2025-12-05 13:10:00,1,59,59183,2,1,1,3,Paris,51.02965,2.37341
202300048047,18,2,2023,2025-12-05 16:30:00,1,68,68205,1,1,1,3,D 201,47.917967,7.357412
202300048048,27,8,2023,2025-12-05 03:35:00,3,59,59183,2,9,1,6,Darses - Chaussee,51.03876,2.32538
202300048049,4,12,2023,2025-12-05 19:50:00,5,13,13203,2,1,1,2,Cassin (Rue),43.31601,5.37322
202300048050,19,2,2023,2025-12-05 16:30:00,1,22,22256,1,1,1,1,Kerbourbon,48.714666,-3.091664
202300048051,27,8,2023,2025-12-05 17:30:00,1,47,47323,1,1,1,1,Route Nationale 21,44.39339,0.73792
202300048052,18,2,2023,2025-12-05 15:00:00,1,84,84020,1,1,1,6,D3,43.8444,5.311909
202300048053,3,12,2023,2025-12-05 19:30:00,5,13,13208,2,1,1,3,Prado (Avenue Du),43.27126,5.38915
202300048054,18,2,2023,2025-12-05 15:14:00,1,15,15087,1,1,1,7,D20,44.795328,2.412143
202300048055,4,12,2023,2025-12-05 20:35:00,3,13,13063,1,1,8,5,D.16,43.58372,5.03489
202300048056,27,8,2023,2025-12-05 16:50:00,1,35,35238,2,2,1,3,Pre Botte (Du),48.10935,-1.67783
202300048057,4,12,2023,2025-12-05 15:10:00,1,11,11069,2,1,2,2,Rocade Sud Rd 6161,43.20246,2.31515
202300048058,17,2,2023,2025-12-05 22:00:00,3,26,26166,2,3,1,3,Boulevard Frederic Mistral,44.7566324,4.82322321
202300048059,27,8,2023,2025-12-05 11:33:00,1,35,35238,2,2,1,3,Alma (De L'),48.10346,-1.6768
202300048060,19,2,2023,2025-12-05 02:05:00,3,66,66150,1,1,1,6,Adresse_Inconnue,42.405634,2.499347
202300048061,4,12,2023,2025-12-05 18:30:00,5,6,6069,2,1,2,6,Mistral (Avenue Et Place Frederic),43.641592,6.9118041
202300048062,27,8,2023,2025-12-05 23:58:00,4,34,34129,2,1,1,1,Avenue De L'Europe,43.57022,3.89989
202300048063,19,2,2023,2025-12-05 12:00:00,1,6,6094,2,3,1,6,Rue Jean Mineur,44.096608,6.929239
202300048064,4,12,2023,2025-12-05 18:20:00,5,6,6123,2,1,3,4,Bord De Mer Rn 98,43.65716,7.18148
202300048065,26,8,2023,2025-12-05 15:40:00,1,33,33167,2,3,1,3,Avenue De La Liberation,44.83895,-0.53129
202300048066,18,2,2023,2025-12-05 23:45:00,5,73,73236,1,1,1,1,D916A - Route De Pont De Beauvoisin,45.596096,5.636042
202300048067,27,8,2023,2025-12-05 20:15:00,2,33,33529,2,1,2,6,Rostand (Rue Edmond),44.63638,-1.14797
202300048068,4,12,2023,2025-12-05 18:20:00,5,75,75114,2,1,2,2,Bd Peripherique Interieur,48.820927,2.321828
202300048069,14,2,2023,2025-12-05 18:35:00,3,10,10048,1,3,1,7,Route Departementale 44,48.18297,4.632502
202300048070,26,8,2023,2025-12-05 19:20:00,1,22,22113,1,9,1,7,Le Launay (Lieu-Dit Le)(Brelevenez),48.75299,-3.43071
202300048071,4,12,2023,2025-12-05 05:46:00,5,75,75106,2,3,2,6,Rue De L Ancienne Comedie,48.852469,2.338764
202300048072,26,8,2023,2025-12-05 08:45:00,1,15,15014,1,1,2,7,Rn 122 ( La Sabliere),44.89922,2.41562
202300048073,18,2,2023,2025-12-05 19:40:00,3,36,36120,1,1,1,6,Adresse_Inconnue,46.69339159,1.89085032
202300048074,3,12,2023,2025-12-05 19:25:00,5,75,75105,2,2,1,3,Quai Saint Bernard,48.849407,2.356407
202300048075,27,8,2023,2025-12-05 12:10:00,1,13,13117,1,1,2,3,La Bastide Blanche Cd 9,43.42742,5.26622
202300048076,18,2,2023,2025-12-05 22:00:00,3,17,17168,2,1,1,1,Route De Rochefort,45.989081,-1.070885
202300048077,4,12,2023,2025-12-05 20:55:00,5,75,75116,2,3,2,2,Avenue De New York,48.863018,2.295199
202300048078,26,8,2023,2025-12-05 04:41:00,5,13,13039,2,1,2,6,Guigonnet (Rond-Point Du),43.45084,4.93582
202300048079,4,12,2023,2025-12-05 11:50:00,1,75,75116,2,3,1,3,Place Tattegrain,48.863941,2.272405
202300048080,15,2,2023,2025-12-05 18:00:00,5,987,98734,1,9,1,3,Pk 39.200 Rt1,-17.712,-149.508
202300048081,27,8,2023,2025-12-05 16:10:00,1,13,13213,2,1,2,5,Olives (Avenue Des),43.32444,5.44309
202300048082,4,12,2023,2025-12-05 17:25:00,5,75,75115,2,3,3,6,Rue De Lourmel,48.843775,2.286379
202300048083,19,2,2023,2025-12-05 07:00:00,3,33,33284,1,1,5,6,A63,44.67184729,-0.80738783
202300048084,18,2,2023,2025-12-05 06:15:00,3,33,33199,1,1,1,2,Adresse_Inconnue,44.614301,-1.079112
202300048085,27,8,2023,2025-12-05 19:52:00,2,6,6088,2,1,2,5,Leon-Bertrand (R.),43.67418,7.22427
202300048086,4,12,2023,2025-12-05 08:54:00,1,75,75113,2,7,3,3,Avenue D Italie,48.830927,2.355962
202300048087,18,2,2023,2025-12-05 17:25:00,1,34,34032,1,1,1,6,A75,43.362501,3.274829
202300048088,26,8,2023,2025-12-05 23:53:00,4,6,6088,2,1,2,2,Montel (Bd Paul),43.67763,7.20533
202300048089,27,8,2023,2025-12-05 08:45:00,1,6,6069,1,1,3,7,Draguignan (Route De) - D2562-,43.645244,6.895012
202300048090,4,12,2023,2025-12-05 08:53:00,1,75,75113,2,1,2,1,Quai Panhard Et Levassor,48.82855,2.384394
202300048091,18,2,2023,2025-12-05 16:00:00,1,26,26339,1,9,1,4,A7,44.5849556,4.80319262
202300048092,26,8,2023,2025-12-05 08:30:00,1,4,4070,2,6,1,6,Insurges 1851(Rd Point),44.08953,6.22816
202300048093,4,12,2023,2025-12-05 21:05:00,5,75,75111,2,3,2,6,Rue De La Roquette,48.856772,2.377863
202300048094,27,8,2023,2025-12-05 13:30:00,1,75,75119,2,3,1,2,Avenue Corentin Cariou,48.895142,2.382722
202300048095,18,2,2023,2025-12-05 13:10:00,1,84,84016,1,1,1,2,Pk182.000 - A7,44.03765237,4.88392356
202300048096,19,2,2023,2025-12-05 14:30:00,1,988,98825,1,1,1,6,Rt1,-21.177449,164.875603
202300048097,27,8,2023,2025-12-05 14:30:00,1,75,75118,2,4,1,6,Rue Joseph De Maistre,48.888821,2.331745
202300048098,4,12,2023,2025-12-05 19:12:00,5,75,75111,2,2,2,6,Avenue De La Republique,48.864611,2.377987
202300048099,27,8,2023,2025-12-05 12:30:00,1,75,75115,2,1,1,6,Avenue De La Porte De Sevres,48.835159,2.277855
202300048100,14,2,2023,2025-12-05 14:25:00,1,971,97116,1,9,1,2,300 Lieu Dit Dessale,16.311995,-61.456114
202300048101,27,8,2023,2025-12-05 14:40:00,1,75,75107,2,1,1,6,Quai D Orsay,48.862266,2.302682
202300048102,17,2,2023,2025-12-05 20:00:00,3,77,77004,1,6,1,7,Rd 619,48.627161,2.818674
202300048103,4,12,2023,2025-12-05 12:15:00,1,75,75111,2,3,8,2,Rue De Charonne,48.855567,2.390165
202300048104,27,8,2023,2025-12-05 14:55:00,1,75,75112,2,3,1,3,Avenue Daumesnil,48.840521,2.434299
202300048105,27,8,2023,2025-12-05 00:06:00,5,75,75108,2,3,1,3,Rue D Amsterdam,48.879648,2.326977
202300048106,4,12,2023,2025-12-05 12:30:00,1,75,75108,2,1,1,6,Avenue Des Champs Elysees,48.869745,2.308054
202300048107,27,8,2023,2025-12-05 18:58:00,1,75,75107,2,3,2,6,Quai Branly,48.85897,2.293395
202300048108,19,2,2023,2025-12-05 12:00:00,1,73,73303,1,1,1,5,D1508,45.75892,6.39395
202300048109,4,12,2023,2025-12-05 19:41:00,5,75,75104,2,3,1,6,Quai Des Celestins,48.852623,2.359885
202300048110,27,8,2023,2025-12-05 08:00:00,1,75,75107,2,3,1,6,Avenue Du Marechal Gallieni,48.859645,2.313067
202300048111,19,2,2023,2025-12-05 15:30:00,1,85,85298,1,1,1,1,Les Pierres Garatelles,46.593943,-1.759722
202300048112,27,8,2023,2025-12-05 06:55:00,1,94,94078,2,1,1,6,Avenue De Melun,48.72265,2.44363
202300048113,18,2,2023,2025-12-05 00:00:00,3,85,85016,1,1,5,6,Rd978,46.67304,-1.615706
202300048114,26,8,2023,2025-12-05 04:16:00,5,94,94037,2,1,1,6,71 Avenue Paul Vaillant-Couturier,48.81635,2.34097
202300048115,19,2,2023,2025-12-05 16:05:00,1,29,29022,1,1,1,6,Le Poteau Bleu,48.268398,-4.577608
202300048116,27,8,2023,2025-12-05 20:30:00,5,94,94071,2,1,2,6,Rue Maurice Berteaux,48.77405978,2.51680503
202300048117,18,2,2023,2025-12-05 18:50:00,3,13,13215,1,1,1,7,A55-Sens Martigues Vers Marseille,43.34814376,5.34490278
202300048118,4,12,2023,2025-12-05 07:50:00,5,94,94068,2,1,2,6,57 Boulevard De Creteil,48.798222,2.480968
202300048119,27,8,2023,2025-12-05 19:15:00,1,94,94011,2,1,2,3,Avenue Georges Brassens,48.76007,2.49499
202300048120,17,2,2023,2025-12-05 17:20:00,1,13,13071,1,1,1,6,A7-Sens Lyon Vers Marseille,43.406411,5.292023
202300048121,4,12,2023,2025-12-05 18:00:00,5,94,94002,2,1,3,6,Rue Etienne Dolet,48.793245,2.425534
202300048122,17,2,2023,2025-12-05 16:14:00,1,13,13071,1,1,1,2,A7-Sens Lyon Vers Marseille,43.412697,5.281696
202300048123,27,8,2023,2025-12-05 12:15:00,1,93,93062,2,2,1,3,Avenue De La Resistance / Allee Nicolas Carnot,48.8926,2.51286
202300048124,18,2,2023,2025-12-05 22:45:00,3,33,33281,1,1,1,2,Rocade A 630,44.839,-0.675
202300048125,4,12,2023,2025-12-05 19:30:00,5,94,94041,2,2,2,6,Rue Louis Bertrand,48.81695,2.37933
202300048126,27,8,2023,2025-12-05 16:25:00,1,93,93032,2,2,1,2,Rue Jules Guesde / Rue Jean Moulin,48.88012,2.54509
202300048127,18,2,2023,2025-12-05 13:45:00,1,91,91235,1,1,1,4,Rn 104,48.625154,2.361403
202300048128,27,8,2023,2025-12-05 17:45:00,1,93,93031,2,1,1,1,Rue De Boussois,48.95720015,2.31717513
202300048129,17,2,2023,2025-12-05 19:10:00,5,75,75116,1,1,1,7,A13Y,48.848456,2.2449
202300048130,3,12,2023,2025-12-05 01:30:00,4,94,94011,2,1,1,6,Route De Stains,48.78004687,2.49299452
202300048131,27,8,2023,2025-12-05 17:00:00,1,93,93013,2,1,1,3,Avenue De La Division Leclerc,48.93155,2.42221
202300048132,18,2,2023,2025-12-05 00:00:00,3,95,95018,1,1,1,6,A15,48.9496723,2.2802208
202300048133,27,8,2023,2025-12-05 11:30:00,1,93,93001,2,2,1,3,Republique (Avenue De La),48.91362,2.38548
202300048134,16,2,2023,2025-12-05 08:28:00,1,92,92004,2,2,1,6,Gallieni ( Rue ),48.909031,2.286713
202300048135,3,12,2023,2025-12-05 18:20:00,5,94,94060,1,2,8,1,Rue Du General De Gaulle,48.7819,2.5698
202300048136,27,8,2023,2025-12-05 20:50:00,5,92,92049,2,1,8,7,De Gaulle Bld Du General,48.81541,2.32803
202300048137,16,2,2023,2025-12-05 16:30:00,1,78,78361,2,1,1,6,Allee Des Ecrivains,48.99906,1.6828
202300048138,4,12,2023,2025-12-05 18:25:00,5,94,94069,2,1,1,7,Avenue Saint Maurice Du Valais,48.81659729,2.45989801
202300048139,16,2,2023,2025-12-05 12:30:00,1,988,98818,2,1,1,6,Rue Frederic Evenor De Greslan,-22.29723,166.44717
202300048140,26,8,2023,2025-12-05 15:28:00,1,92,92049,2,2,1,3,Brossolette Avenue Pierre,48.81626037,2.30593264
202300048141,27,8,2023,2025-12-05 19:10:00,1,92,92040,2,1,3,7,Jeanne D'Arc,48.83112955,2.27898949
202300048142,17,2,2023,2025-12-05 15:00:00,1,974,97411,2,3,1,3,Brassens (Avenue Georges),-20.9017,55.488
202300048143,27,8,2023,2025-12-05 13:00:00,1,92,92012,2,2,1,3,Republique (Boulevard De La) 79/Fin - 76,48.83296,2.24633
202300048144,17,2,2023,2025-12-05 09:00:00,1,974,97411,2,1,1,2,Labourdonnais,-20.87757,55.45058
202300048145,2,12,2023,2025-12-05 04:00:00,5,94,94017,2,1,2,1,Avenue Du General De Gaulle,48.82723,2.51525
202300048146,17,2,2023,2025-12-05 11:15:00,1,973,97302,2,1,1,6,Troubiran (Chemin De),4.91712042,-52.30841205
202300048147,27,8,2023,2025-12-05 10:50:00,1,60,60130,1,2,1,3,D931,49.373418,2.517822
202300048148,4,12,2023,2025-12-05 18:40:00,5,93,93070,2,3,3,6,Rue La Clef Des Champs / Rue Paulin Talabot,48.9145,2.32986
202300048149,26,8,2023,2025-12-05 17:00:00,1,976,97610,1,1,1,1,Longoni,-12.734746,45.164851
202300048150,17,2,2023,2025-12-05 10:30:00,1,69,69387,2,2,1,3,Avenue Jean Jaures,45.75203,4.84592
202300048151,4,12,2023,2025-12-05 19:20:00,5,93,93077,2,1,2,5,Avenue De La Station,48.88728,2.52117
202300048152,17,2,2023,2025-12-05 08:55:00,1,69,69387,2,2,1,2,Avenue Debourg,45.73122136,4.83407395
202300048153,27,8,2023,2025-12-05 12:00:00,1,49,49063,1,1,1,5,D751,47.346907,-0.721037
202300048154,4,12,2023,2025-12-05 15:05:00,1,93,93062,2,1,2,1,Allee Du Plateau,48.90152,2.52881
202300048155,17,2,2023,2025-12-05 14:00:00,1,69,69389,2,1,1,6,15 Avenue Sidoine Apollinaire,45.77416127,4.79490177
202300048156,24,8,2023,2025-12-05 13:30:00,1,35,35128,1,1,1,5,Le Champ Fleury 35440,48.276617,-1.72715
202300048157,17,2,2023,2025-12-05 18:10:00,5,971,97101,1,1,2,3,Rue Hubert Farouil,16.27012,-61.4984
202300048158,27,8,2023,2025-12-05 01:00:00,3,972,97225,1,1,1,6,Departementale 10,14.764041,-61.192303
202300048159,4,12,2023,2025-12-05 08:00:00,2,93,93053,2,6,2,6,Avenue Gallieni / Avenue D'Alsace Lorraine,48.89775,2.46235
202300048160,28,8,2023,2025-12-05 06:00:00,3,62,62531,1,1,1,6,D224,50.848955,1.977212
202300048161,17,2,2023,2025-12-05 13:23:00,1,95,95127,2,6,1,6,Boulevard De L'Hautil,49.03466,2.08273
202300048162,4,12,2023,2025-12-05 14:07:00,1,93,93046,2,1,8,3,Parking Allee De L'Est,48.92764,2.55298
202300048163,27,9,2023,2025-12-05 17:45:00,1,33,33080,1,3,1,3,Avenue De Toulouse,44.730903,-0.532207
202300048164,17,2,2023,2025-12-05 07:10:00,4,91,91425,2,1,1,6,Rte D Orleans Rn 20,48.65155,2.27255
202300048165,27,8,2023,2025-12-05 01:00:00,3,38,38239,1,1,3,2,D1085,45.338897,5.541664
202300048166,30,9,2023,2025-12-05 11:43:00,1,72,72154,2,9,1,3,Rue Du Leard,47.704145,-0.065398
202300048167,3,12,2023,2025-12-05 18:20:00,5,93,93046,2,1,1,5,Rue Du Docteur Herpin,48.91971752,2.54590583
202300048168,27,8,2023,2025-12-05 10:55:00,1,30,30202,2,1,2,6,10 Boulevard Gambetta,44.256362,4.647477
202300048169,17,2,2023,2025-12-05 17:54:00,1,91,91312,2,1,1,1,Neuve (Rue),48.729703,2.233868
202300048170,1,10,2023,2025-12-05 06:50:00,5,29,29042,2,1,1,6,2 Rue Surcouf,48.23333,-4.498884
202300048171,4,12,2023,2025-12-05 08:00:00,2,93,93005,2,2,3,3,Rue Henri Barbusse / Rue De Pimodan,48.92915,2.48938
202300048172,30,9,2023,2025-12-05 12:35:00,1,22,22277,1,1,1,3,D7,48.388271,-2.916462
202300048173,3,12,2023,2025-12-05 05:30:00,5,93,93001,2,1,1,7,Rue Des Cites,48.90735634,2.38781707
202300048174,30,7,2023,2025-12-05 15:45:00,1,91,91272,2,1,1,3,Route De Belle Image,48.706865,2.1241
202300048175,17,2,2023,2025-12-05 16:20:00,1,91,91027,2,2,1,3,Rue Pierre Curie,48.711388,2.375242
202300048176,4,12,2023,2025-12-05 12:40:00,1,92,92036,2,1,2,2,Laurent Cely (Avenue) (145/329),48.92456831,2.30440557
202300048177,30,9,2023,2025-12-05 18:15:00,1,27,27072,1,2,1,1,D313,49.09408,1.55062
202300048178,28,8,2023,2025-12-05 08:15:00,1,51,51259,1,1,1,7,Pont,48.881455,4.518805
202300048179,17,2,2023,2025-12-05 14:30:00,1,78,78440,2,1,1,6,Pierre Curie (Rue),48.995005,1.932082
202300048180,4,12,2023,2025-12-05 15:40:00,1,92,92025,2,1,2,3,Charles De Gaulle (Bd),48.91427171,2.22952266
202300048181,30,9,2023,2025-12-05 18:24:00,1,60,60139,1,6,1,7,D1001,49.161137,2.236576
202300048182,26,8,2023,2025-12-05 17:45:00,1,56,56179,1,1,1,1,Lieu Dit Kervaise,47.855855,-3.420879
202300048183,1,10,2023,2025-12-05 11:35:00,1,60,60421,1,1,1,2,N330,49.186332,2.640195
202300048184,4,12,2023,2025-12-05 18:18:00,5,92,92012,2,1,2,2,Jean Jaures (Boulevard) 217/Fin - 210/Fi,48.83049,2.24529
202300048185,28,8,2023,2025-12-05 16:00:00,1,76,76159,2,1,1,7,23 Rue Du Home,49.788808,0.63357
202300048186,17,2,2023,2025-12-05 10:20:00,1,77,77445,2,3,1,3,Becquerel (Rue Henri),48.6049,2.5669
202300048187,30,9,2023,2025-12-05 14:10:00,1,62,62811,1,3,1,2,D341,50.641487,2.251258
202300048188,4,12,2023,2025-12-05 09:30:00,1,92,92004,2,3,2,3,Rpc Gilbert,48.91375917,2.28759876
202300048189,26,8,2023,2025-12-05 15:30:00,1,76,76146,2,1,1,3,415 Rue Andre Auguste,49.588098,1.355614
202300048190,4,12,2023,2025-12-05 05:45:00,5,92,92009,2,2,2,6,Argenteuil ( Avenue D' ),48.92114741,2.27841407
202300048191,1,10,2023,2025-12-05 17:00:00,1,59,59011,2,3,1,1,Rue De Touraine,50.52209,2.934793
202300048192,29,9,2023,2025-12-05 20:05:00,5,13,13215,1,1,1,3,A7-Sens Marseille Vers Lyon,43.34994821,5.36891233
202300048193,17,2,2023,2025-12-05 07:00:00,2,77,77186,1,1,2,2,D138,48.44415,2.71885
202300048194,4,12,2023,2025-12-05 19:20:00,5,92,92002,2,2,8,3,Division Leclerc (31 A 51 -36 A 56 Bis),48.75137,2.30456
202300048195,29,9,2023,2025-12-05 17:40:00,1,13,13215,1,1,1,2,A7-Sens Marseille Vers Lyon,43.36643455,5.36080529
202300048196,27,8,2023,2025-12-05 11:25:00,1,41,41229,1,1,1,5,A85,47.307623,1.388204
202300048197,29,9,2023,2025-12-05 08:15:00,1,13,13202,1,1,1,2,Tvpcm-Sens Saint Victor Vers Les Ports,43.2973,5.363
202300048198,27,8,2023,2025-12-05 17:25:00,1,69,69267,1,1,1,1,Route D'Avenas,46.164347,4.661808
202300048199,4,12,2023,2025-12-05 10:50:00,1,39,39120,1,1,1,1,Adresse_Inconnue,46.64923,5.933819
202300048200,17,2,2023,2025-12-05 18:25:00,5,76,76322,1,1,1,6,N338 - Sud 3,49.40012,1.03227
202300048201,29,9,2023,2025-12-05 04:40:00,5,69,69382,1,1,1,2,Route De Metropole 7,45.74724,4.82956
202300048202,27,11,2023,2025-12-05 18:50:00,3,22,22011,1,1,2,6,Lieu Dit Saint Blaize,48.465523,-2.95912
202300048203,27,8,2023,2025-12-05 16:30:00,1,71,71373,1,1,1,7,7565 Route De Louhans,46.52002,5.128094
202300048204,25,9,2023,2025-12-05 17:15:00,1,69,69029,1,1,1,3,Boulevard Peripherique Laurent Bonnevay,45.73039673,4.89897629
202300048205,17,2,2023,2025-12-05 02:00:00,3,76,76540,2,1,1,7,N28,49.4387,1.11581
202300048206,29,9,2023,2025-12-05 21:52:00,4,33,33162,1,9,1,7,Rocade A 630,44.86723,-0.64969
202300048207,4,12,2023,2025-12-05 19:30:00,3,57,57177,1,1,2,2,D38,48.8099167,6.6936318
202300048208,26,8,2023,2025-12-05 10:25:00,1,63,63448,1,1,2,6,Route D'Escout,45.460537,3.438184
202300048209,30,9,2023,2025-12-05 20:05:00,4,91,91687,1,1,1,4,Autoroute A6,48.66763,2.3575
202300048210,25,8,2023,2025-12-05 10:55:00,1,49,49241,1,1,1,7,Route De Trelaze,47.489746,-0.442779
202300048211,30,9,2023,2025-12-05 18:35:00,1,94,94034,1,1,1,3,A86,48.75926173,2.32315997
202300048212,30,9,2023,2025-12-05 10:20:00,1,94,94065,1,1,1,3,N186,48.75494,2.34599
202300048213,28,8,2023,2025-12-05 08:00:00,1,12,12021,1,1,1,3,D911,44.304825,2.146255
202300048214,29,9,2023,2025-12-05 18:30:00,1,91,91570,1,1,1,7,Rn 104,48.62476,2.33061
202300048215,30,9,2023,2025-12-05 15:10:00,1,92,92025,1,1,1,2,A86,48.93424671,2.25694533
202300048216,14,2,2023,2025-12-05 17:30:00,1,72,72181,1,6,1,2,Esterel Ndeg Pairs A Partir De Bulgarie,47.99511,0.23378
202300048217,26,8,2023,2025-12-05 18:35:00,1,25,25387,1,1,2,6,D437,47.280335,6.826673
202300048218,29,9,2023,2025-12-05 21:30:00,4,92,92023,1,1,1,4,A86 Ext,48.77693549,2.22484589
202300048219,26,8,2023,2025-12-05 19:30:00,1,25,25218,1,1,8,6,D50,47.21936,6.393853
202300048220,15,2,2023,2025-12-05 18:00:00,2,71,71270,2,3,1,1,Hugo (Rue Victor),46.30424,4.82766
202300048221,29,9,2023,2025-12-05 20:45:00,3,78,78140,1,1,1,5,A13,48.960905,1.930052
202300048222,17,2,2023,2025-12-05 14:05:00,1,69,69256,2,2,1,3,Rue Emile Zola,45.7773,4.91966
202300048223,26,8,2023,2025-12-05 14:42:00,1,44,44212,2,1,1,3,Boulevard  D'Espagne,47.161408,-1.276367
202300048224,29,9,2023,2025-12-05 17:20:00,1,92,92050,1,1,1,2,A86,48.91336825,2.21862758
202300048225,17,2,2023,2025-12-05 08:20:00,1,69,69266,2,2,1,3,Rue Lafontaine,45.7613,4.87655
202300048226,30,9,2023,2025-12-05 05:15:00,2,95,95018,1,1,1,5,A15,48.96142191,2.26895571
202300048227,30,9,2023,2025-12-05 00:17:00,3,93,93063,1,1,1,3,Autoroute A3,48.87775,2.4453
202300048228,29,9,2023,2025-12-05 18:50:00,1,95,95018,1,1,1,3,A15,48.95276,2.27959
202300048229,26,8,2023,2025-12-05 19:05:00,1,35,35243,1,1,3,2,Rn12,48.34849,-1.283
202300048230,29,9,2023,2025-12-05 15:45:00,1,95,95527,1,1,1,2,A1,49.01544622,2.53143909
202300048231,19,7,2023,2025-12-05 20:20:00,1,60,60184,1,1,1,6,D85,49.36968254,3.02961946
202300048232,17,2,2023,2025-12-05 12:30:00,1,69,69264,2,1,1,6,Rue Philippe Heron,45.98912,4.71143
202300048233,29,9,2023,2025-12-05 16:15:00,1,93,93064,1,1,1,2,Autoroute A103,48.88672,2.47982
202300048234,12,7,2023,2025-12-05 06:10:00,2,60,60086,1,1,1,1,D603,49.165346,2.34277
202300048235,17,2,2023,2025-12-05 13:20:00,1,69,69091,2,1,1,4,Avenue Youri Gagarine,45.60221,4.77038