num_acc,jour,mois,an,hrmn,lum,dep,com,agg,int,atm,col,adr,lat,long
202300048236,29,9,2023,2025-12-05 11:00:00,1,93,93010,1,1,1,4,Autoroute A3,48.90288,2.47089
202300048237,30,9,2023,2025-12-05 20:58:00,3,75,75112,1,1,1,4,A4,48.826278,2.465882
202300048238,15,2,2023,2025-12-05 22:00:00,5,67,67482,2,1,5,7,Hechner (Rue),48.614599,7.777459
202300048239,16,7,2023,2025-12-05 19:20:00,1,7,7009,1,1,1,1,Rd370,45.238272,4.785308
202300048240,16,2,2023,2025-12-05 16:00:00,1,64,64445,2,1,1,6,18Eme Regiment D'Infanterie Du,43.29669,-0.37978
202300048241,29,9,2023,2025-12-05 19:55:00,3,91,91326,2,1,1,6,Gare Sncf,48.68853,2.38223
202300048242,20,7,2023,2025-12-05 15:00:00,1,85,85029,1,1,1,3,Les Trois Ormeaux,46.957639,-2.013918
202300048243,17,2,2023,2025-12-05 16:20:00,1,64,64024,2,1,1,3,Adour (Av De L'),43.5084,-1.49817
202300048244,16,6,2023,2025-12-05 19:00:00,1,93,93079,2,2,1,3,Rue Henri Wallon / Avenue De La Division Leclerc,48.95159,2.34317
202300048245,15,2,2023,2025-12-05 16:00:00,1,63,63103,2,2,1,6,Belgique (Avenue) /Mont Oriol,45.9241,3.0641
202300048246,28,9,2023,2025-12-05 11:00:00,1,974,97411,2,4,1,3,Clinique (De La),-20.90206,55.47726
202300048247,19,7,2023,2025-12-05 15:45:00,1,85,85047,1,2,1,3,Les Grolles,46.809265,-1.841401
202300048248,25,9,2023,2025-12-05 16:30:00,1,974,97411,2,1,1,6,Butor (Rue Du),-20.88445,55.46547
202300048249,20,7,2023,2025-12-05 17:00:00,1,27,27531,2,3,1,3,Rue De La Plaine,49.255163,0.808547
202300048250,17,2,2023,2025-12-05 21:05:00,5,62,62160,2,2,2,3,Rue Louis Faidherbe,50.72627,1.60748
202300048251,29,9,2023,2025-12-05 09:20:00,1,974,97407,2,1,8,3,Marine(Boulevard),-20.94916,55.28485
202300048252,20,7,2023,2025-12-05 16:35:00,1,28,28325,1,1,1,7,Rue De La Vallee,48.467312,1.34097
202300048253,17,2,2023,2025-12-05 14:45:00,1,59,59599,2,3,1,3,Yser (Rue De L'),50.742373,3.169514
202300048254,29,9,2023,2025-12-05 18:15:00,1,69,69389,2,7,1,2,24 Avenue Rosa Parks,45.78669,4.79203
202300048255,20,7,2023,2025-12-05 13:50:00,1,28,28386,1,2,1,1,D26,48.573945,1.26251
202300048256,29,9,2023,2025-12-05 11:30:00,1,2A,2A004,2,1,1,3,Marechal Moncey Avenue,41.93042305,8.73332888
202300048257,19,7,2023,2025-12-05 17:20:00,1,37,37156,1,3,7,1,D140,47.37612418,0.80027649
202300048258,7,2,2023,2025-12-05 08:30:00,1,59,59350,2,9,1,3,Hugo Victor  Bvd NdegImpairs,50.62361,3.065852
202300048259,29,9,2023,2025-12-05 16:45:00,1,91,91377,2,1,1,6,Avenue Ramolfo Garnier,48.723788,2.260714
202300048260,29,9,2023,2025-12-05 14:00:00,1,91,91657,2,9,1,3,Rue Pierre Marin,48.70134,2.41533
202300048261,17,2,2023,2025-12-05 17:35:00,2,59,59378,2,3,1,3,Republique Av De La (Ndeg512-832),50.656557,3.088848
202300048262,29,9,2023,2025-12-05 07:40:00,1,91,91201,2,1,1,2,Av Du General De Gaulle,48.686236,2.406113
202300048263,15,2,2023,2025-12-05 07:35:00,2,59,59329,1,1,1,5,Rd 621,50.35303,3.0547
202300048264,18,7,2023,2025-12-05 17:20:00,1,13,13097,1,9,7,2,A 54 Peage Pk 48 Sens Salon-Arles,43.638249,4.857776
202300048265,29,9,2023,2025-12-05 02:30:00,5,91,91432,2,2,1,3,Av Des Champs,48.70338,2.34959
202300048266,17,2,2023,2025-12-05 19:25:00,5,51,51454,1,1,1,4,Boulevard Louis Roederer,49.25439,4.02006
202300048267,18,7,2023,2025-12-05 21:15:00,2,60,60494,1,1,1,2,D118,49.1163624,2.5699811
202300048268,17,2,2023,2025-12-05 13:05:00,1,51,51454,2,2,1,2,Avenue D'Epernay,49.24849,4.01271
202300048269,28,9,2023,2025-12-05 20:46:00,2,87,87085,2,3,1,7,Pissaro (Rue Camille),45.85495,1.27408
202300048270,17,2,2023,2025-12-05 09:40:00,1,49,49328,2,3,1,3,Poterne (Place De La),47.2643,-0.0997
202300048271,28,9,2023,2025-12-05 18:14:00,1,87,87085,2,3,1,3,Thuillat (Rue Victor),45.84685,1.25542
202300048272,14,2,2023,2025-12-05 16:30:00,1,49,49099,2,6,1,7,Oldenburg (Place D'),47.074,-0.84381
202300048273,16,7,2023,2025-12-05 05:15:00,2,971,97128,1,1,1,1,Le Helleux,16.248782,-61.340178
202300048274,22,9,2023,2025-12-05 22:46:00,5,87,87050,2,2,1,6,Moliere (Rue),45.87104,1.24201
202300048275,17,2,2023,2025-12-05 13:10:00,1,49,49015,2,1,1,6,Lieru Chemin De,47.50762,-0.58197
202300048276,20,7,2023,2025-12-05 18:10:00,1,2A,2A247,1,1,1,3,Route De L?Ospedale,41.653764,9.211307
202300048277,29,9,2023,2025-12-05 19:00:00,1,86,86194,2,1,1,3,Avenue Du Recteur Pineau,46.5711,0.37428
202300048278,28,9,2023,2025-12-05 19:02:00,1,78,78440,2,1,1,6,Seine (Rue De),48.997061,1.90878
202300048279,17,2,2023,2025-12-05 07:45:00,2,37,37261,2,1,2,2,Alouette (Carrefour De L'),47.3642,0.69954
202300048280,20,7,2023,2025-12-05 02:30:00,3,83,83065,1,1,1,1,D98A,43.262269,6.603687
202300048281,17,2,2023,2025-12-05 08:30:00,1,35,35281,2,2,1,3,D177,48.08982,-1.70559
202300048282,19,7,2023,2025-12-05 19:55:00,1,71,71472,2,2,7,3,Route De La Croisette,46.954803,4.072709
202300048283,29,9,2023,2025-12-05 09:17:00,1,77,77337,2,1,1,1,Pierre Mendes France (Avenue),48.8412,2.61569
202300048284,15,2,2023,2025-12-05 19:45:00,2,34,34161,1,1,1,1,D11,43.333,3.148
202300048285,28,9,2023,2025-12-05 12:05:00,1,77,77288,2,3,1,6,Antoine De Saint Exupery(Avenue),48.55116,2.65274
202300048286,20,7,2023,2025-12-05 15:50:00,1,10,10006,2,2,1,1,1 Avenue Grassin,48.53637617,4.1425779
202300048287,17,2,2023,2025-12-05 21:23:00,5,33,33063,2,1,1,3,Pont Saint-Jean,44.83424483,-0.55223197
202300048288,17,7,2023,2025-12-05 18:55:00,1,68,68028,2,9,1,3,2 Route Du Vin,48.207523,7.360378
202300048289,17,2,2023,2025-12-05 18:30:00,2,33,33550,2,1,1,6,Rue Du Professeur Auriac,44.77265,-0.5623
202300048290,29,9,2023,2025-12-05 19:45:00,2,76,76498,2,3,1,3,Avenue Jean Jaures,49.42708,1.06382
202300048291,19,7,2023,2025-12-05 19:30:00,1,88,88470,2,1,1,7,11 Route De Noir Rupt,48.085268,6.735553
202300048292,28,9,2023,2025-12-05 14:15:00,1,72,72181,1,1,1,2,Riffaudieres (Bd Des),47.98988,0.17688
202300048293,7,2,2023,2025-12-05 19:55:00,5,30,30189,2,6,1,3,Boulevard Du President Salvador Allende,43.82738,4.37511
202300048294,19,7,2023,2025-12-05 15:20:00,1,88,88196,1,1,1,5,82 Route D'Epinal,48.072337,6.855131
202300048295,28,9,2023,2025-12-05 14:40:00,1,71,71306,2,1,1,3,Capitaine Priet (Rue Du),46.67994,4.38685
202300048296,11,2,2023,2025-12-05 21:25:00,5,30,30189,2,6,1,6,Lt Col Pierre Colin,43.8568,4.405
202300048297,19,7,2023,2025-12-05 11:51:00,1,81,81248,1,1,1,7,D47,43.715849,1.920853
202300048298,17,2,2023,2025-12-05 09:30:00,1,29,29232,2,1,8,6,Boulevard De Poulguinan,47.97952,-4.12136
202300048299,29,9,2023,2025-12-05 20:50:00,5,71,71076,2,2,1,3,Ledru Rollin (Rue),46.78754,4.83887
202300048300,19,7,2023,2025-12-05 03:57:00,5,31,31451,2,9,1,6,Chemin Des Prairies,43.466469,2.00045
202300048301,17,2,2023,2025-12-05 10:45:00,1,28,28085,2,1,1,2,Courtille (Boulevard De La),48.44195,1.49101
202300048302,29,9,2023,2025-12-05 22:30:00,3,69,69266,1,1,1,7,Rue Du Canal,45.78624294,4.89316727
202300048303,19,7,2023,2025-12-05 13:15:00,1,64,64177,2,1,1,1,Route Departementale 817,43.468977,-0.715034
202300048304,16,2,2023,2025-12-05 10:20:00,1,19,19031,2,1,1,3,Ribot (Avenue),45.16464,1.50659
202300048305,29,9,2023,2025-12-05 17:45:00,1,69,69275,2,3,1,3,Avenue Franklin Roosevelt,45.74504,4.93279
202300048306,14,2,2023,2025-12-05 16:49:00,1,16,16015,2,8,1,6,Bordeaux (Route De Ndeg Impairs),45.639062,0.130953
202300048307,20,7,2023,2025-12-05 07:50:00,1,47,47157,1,2,1,3,Avenue Du Docteur Neau,44.51177425,0.18924379
202300048308,28,9,2023,2025-12-05 09:45:00,1,69,69259,2,1,1,3,Avenue Viviani,45.72145,4.88226
202300048309,20,7,2023,2025-12-05 01:40:00,3,33,33433,1,1,1,2,D242,44.922606,-0.463121
202300048310,17,2,2023,2025-12-05 20:30:00,4,13,13043,2,3,1,3,N 368,43.39692522,5.2490781
202300048311,29,9,2023,2025-12-05 15:50:00,1,67,67482,2,3,1,7,Schirmeck (Route De),48.56642,7.70812
202300048312,19,7,2023,2025-12-05 22:25:00,3,85,85222,1,1,1,6,Rue Du Pont Du Jaunay,46.675205,-1.913842
202300048313,17,2,2023,2025-12-05 11:25:00,1,13,13216,2,1,1,3,Condorcet (Rue),43.35591,5.34626
202300048314,29,9,2023,2025-12-05 12:17:00,1,67,67447,2,1,1,6,Hausbergen (Route De),48.60724,7.72367
202300048315,17,2,2023,2025-12-05 19:35:00,5,75,75118,2,1,2,2,Porte D Aubervilliers,48.90065,2.365705
202300048316,14,6,2023,2025-12-05 19:30:00,1,69,69382,2,2,1,3,Quai Jean Moulin,45.76502,4.83818
202300048317,20,7,2023,2025-12-05 18:00:00,1,27,27329,1,1,1,7,Chemin Vicinal 59,49.190742,1.454895
202300048318,28,9,2023,2025-12-05 07:40:00,1,66,66136,2,6,1,3,Adresse_Inconnue,42.66998,2.90495
202300048319,19,7,2023,2025-12-05 08:10:00,1,83,83090,1,1,1,6,A50,43.12418712,5.8716572
202300048320,17,2,2023,2025-12-05 17:00:00,1,75,75113,2,1,1,4,Porte De Gentilly,48.816445,2.347125
202300048321,14,6,2023,2025-12-05 07:55:00,1,69,69381,2,3,1,2,22 Montee Des Carmelites,45.77092,4.8286
202300048322,29,9,2023,2025-12-05 19:20:00,1,64,64024,2,1,7,6,Pontrits (Rue Des),43.49205,-1.53153
202300048323,7,1,2023,2025-12-05 20:30:00,3,22,22187,1,1,9,1,Rn12,48.53384,-2.75831
202300048324,18,7,2023,2025-12-05 22:20:00,3,42,42218,1,1,1,3,N88,45.413656,4.40237
202300048325,17,2,2023,2025-12-05 16:20:00,1,75,75112,2,1,1,3,Porte De Charenton,48.830171,2.402188
202300048326,28,9,2023,2025-12-05 18:20:00,1,64,64102,2,1,1,6,De Gaulle (Place Du General),43.49346,-1.47588
202300048327,7,1,2023,2025-12-05 10:50:00,1,13,13117,2,9,1,1,Toulon Gerard ( Rue ),43.43566,5.25621
202300048328,14,6,2023,2025-12-05 16:08:00,1,2B,2B033,1,1,1,2,11 - Rt,42.70655,9.44301
202300048329,7,1,2023,2025-12-05 23:20:00,5,13,13215,2,1,1,5,De Saint Louis Au Rove (Chemin),43.35056,5.35418
202300048330,17,2,2023,2025-12-05 09:00:00,1,75,75114,2,4,1,6,Porte D Orleans,48.81930044,2.32872337
202300048331,19,7,2023,2025-12-05 14:16:00,1,94,94065,1,1,1,5,A106,48.74898464,2.35721472
202300048332,28,9,2023,2025-12-05 08:35:00,1,62,62263,2,2,1,3,Rue Jean Moulin,50.26807,2.7239
202300048333,14,6,2023,2025-12-05 04:30:00,5,971,97101,1,9,1,3,Hauteur Sortie De Lauricisque,16.25049505,-61.52976751
202300048334,16,2,2023,2025-12-05 18:15:00,2,75,75118,2,1,1,7,Porte De Clignancourt,48.900787,2.338559
202300048335,7,1,2023,2025-12-05 06:45:00,5,13,13213,2,1,1,1,Escadrille Normandie Niemen,43.33564188,5.41001737
202300048336,18,7,2023,2025-12-05 10:05:00,1,78,78158,1,1,1,2,A13,48.841187,2.107408
202300048337,29,9,2023,2025-12-05 12:35:00,1,61,61001,2,1,1,6,D955,48.42269,0.08671
202300048338,15,2,2023,2025-12-05 23:50:00,5,75,75120,2,1,1,3,Porte De Bagnolet,48.860823,2.413832
202300048339,14,6,2023,2025-12-05 14:04:00,1,2A,2A004,2,3,1,3,Candia Chemin,41.93835,8.74903
202300048340,18,7,2023,2025-12-05 18:00:00,1,78,78498,1,1,1,6,A13,48.91432,2.005596
202300048341,7,1,2023,2025-12-05 04:50:00,5,13,13205,2,2,1,3,Jean Moulin (Boulevard),43.29032,5.39983
202300048342,29,9,2023,2025-12-05 12:15:00,1,61,61001,2,1,1,2,Voie Communale,48.437501,0.095383
202300048343,18,7,2023,2025-12-05 06:15:00,1,95,95277,1,1,1,7,A3,48.974496,2.491158
202300048344,15,2,2023,2025-12-05 15:33:00,1,75,75113,2,2,1,3,Boulevard Massena,48.820209,2.366059
202300048345,7,1,2023,2025-12-05 15:40:00,1,6,6088,1,1,1,6,Blea (Camin De La ),43.72761,7.18914
202300048346,6,1,2023,2025-12-05 17:39:00,2,3,3321,2,1,1,6,Rue Du Haut - Barrieux,46.5794,3.3408
202300048347,17,2,2023,2025-12-05 18:55:00,5,75,75105,2,3,1,3,Pont Saint Michel,48.853777,2.344395
202300048348,14,6,2023,2025-12-05 17:45:00,1,91,91549,2,9,1,6,Jacques Duclos (Avenue),48.63465,2.34138
202300048349,4,1,2023,2025-12-05 12:10:00,1,973,97302,2,1,3,4,Baduel (Route De),4.94047847,-52.32020974
202300048350,17,7,2023,2025-12-05 10:05:00,1,95,95527,1,1,1,4,A1,49.01863,2.53304
202300048351,17,2,2023,2025-12-05 10:30:00,1,75,75106,2,2,1,3,Boulevard Saint Germain,48.85247966,2.33874142
202300048352,30,9,2023,2025-12-05 00:00:00,5,59,59152,2,6,1,3,Halot (Lieu Dit Le),50.75502,3.02564
202300048353,14,6,2023,2025-12-05 18:30:00,1,91,91667,2,9,1,6,Mare Tambour (Rue),48.657685,2.337743
202300048354,6,1,2023,2025-12-05 12:52:00,1,69,69142,2,2,8,3,Rue Stephane Dechant,45.72114595,4.81116146
202300048355,19,7,2023,2025-12-05 16:10:00,1,77,77517,1,1,1,3,A104.Ext,48.908891,2.637821
202300048356,29,9,2023,2025-12-05 11:43:00,1,59,59279,2,1,2,6,Oer Erkenschwick (Rue),50.7793954,3.11137491
202300048357,16,2,2023,2025-12-05 08:04:00,1,75,75118,2,3,1,6,Rue De La Goutte D Or,48.885125,2.350835
202300048358,14,6,2023,2025-12-05 15:00:00,1,91,91347,2,9,7,3,Che Biron,48.63522,2.28557
202300048359,6,1,2023,2025-12-05 11:00:00,1,69,69385,2,1,8,3,217 Avenue Barthelemy Buyer,45.76401,4.78902
202300048360,19,7,2023,2025-12-05 13:45:00,1,94,94065,1,1,1,2,N186,48.75429,2.350559
202300048361,17,2,2023,2025-12-05 16:30:00,1,75,75116,2,1,1,2,Route De Sevres A Neuilly,48.853799,2.23719
202300048362,28,9,2023,2025-12-05 17:30:00,1,59,59599,2,2,1,2,Berthelot (Chaussee Marcelin),50.72168,3.18121
202300048363,6,1,2023,2025-12-05 18:50:00,3,95,95539,1,1,1,2,D301,49.00268,2.35891
202300048364,14,6,2023,2025-12-05 13:44:00,1,91,91161,2,2,1,3,Rte De Massy,48.712722,2.302643
202300048365,19,7,2023,2025-12-05 05:30:00,2,93,93051,1,1,1,5,A4,48.836,2.56
202300048366,17,2,2023,2025-12-05 15:03:00,1,75,75116,2,2,1,6,Avenue Marceau,48.868455,2.298897
202300048367,6,1,2023,2025-12-05 19:05:00,4,91,91027,2,1,1,3,Av Francois Mitterrand,48.70878,2.37152
202300048368,29,9,2023,2025-12-05 13:40:00,1,59,59560,1,3,8,3,Cd 925,50.53691,3.02806
202300048369,17,6,2023,2025-12-05 05:10:00,2,94,94081,1,1,1,2,A86,48.77482657,2.41105831
202300048370,13,6,2023,2025-12-05 12:45:00,1,91,91589,2,2,1,3,Av Gabriel Peri,48.691913,2.348448
202300048371,17,2,2023,2025-12-05 17:46:00,2,75,75114,2,1,1,3,Boulevard Jourdan,48.820402,2.337944
202300048372,28,9,2023,2025-12-05 12:10:00,1,56,56121,2,1,2,2,Le Poulichet (Rue  Joseph-Marie ),47.75297,-3.36123
202300048373,3,1,2023,2025-12-05 20:15:00,3,88,88409,1,1,1,1,Cd 417,48.01198,6.64284
202300048374,30,4,2023,2025-12-05 18:00:00,1,43,43185,2,1,1,2,Avenue De La Vizade,45.3968,3.323008
202300048375,10,6,2023,2025-12-05 22:31:00,5,87,87050,2,1,1,6,Limoges (Avenue De),45.86898,1.23832
202300048376,17,2,2023,2025-12-05 20:45:00,5,75,75101,2,1,1,3,Voie Georges Pompidou,48.863926,2.320957
202300048377,18,8,2023,2025-12-05 09:40:00,1,55,55505,2,1,1,3,Dormaux ( Des ),49.17547,5.35782
202300048378,5,1,2023,2025-12-05 11:44:00,1,87,87085,2,2,1,3,Dumas (Avenue Georges),45.82605,1.26791
202300048379,18,7,2023,2025-12-05 15:40:00,1,22,22215,2,2,1,3,Grande Metairie (Rue De La),48.49217,-2.80196
202300048380,10,6,2023,2025-12-05 10:47:00,1,87,87085,2,1,1,6,Borie (Boulevard De La),45.8372713,1.23091221
202300048381,29,9,2023,2025-12-05 15:10:00,1,54,54395,2,1,1,6,Boulevard Du Recteur Senn,48.68366972,6.18792593
202300048382,17,2,2023,2025-12-05 18:20:00,2,75,75103,2,7,1,3,Place De La Republique,48.867943,2.362324
202300048383,29,9,2023,2025-12-05 08:30:00,1,54,54395,2,1,1,2,Rue Sigisbert Adam,48.69953856,6.18192315
202300048384,18,7,2023,2025-12-05 15:15:00,1,976,97611,2,2,1,3,Mamoudzou Centre-Haladi Selemani ( Rue ),-12.77936,45.22751
202300048385,5,1,2023,2025-12-05 18:15:00,2,84,84007,2,2,1,6,Picasso (Rue Pablo),43.94355,4.843533
202300048386,13,6,2023,2025-12-05 15:07:00,1,87,87085,2,3,3,3,Sablard (Avenue De),45.82843,1.28289
202300048387,17,2,2023,2025-12-05 11:50:00,1,75,75104,2,2,1,3,Rue Saint Antoine,48.853435,2.367172
202300048388,18,7,2023,2025-12-05 07:50:00,1,974,97416,1,1,2,7,Rn 01,-21.31828859,55.4454124
202300048389,29,9,2023,2025-12-05 07:40:00,1,54,54578,2,1,1,2,Avenue Du General Leclerc,48.67623,6.15367
202300048390,6,1,2023,2025-12-05 20:20:00,5,83,83062,2,1,1,1,Delage (Rue Marc),43.1248,6.00753
202300048391,17,2,2023,2025-12-05 10:35:00,1,75,75103,2,7,1,7,Place De La Republique,48.866538,2.364796
202300048392,18,7,2023,2025-12-05 12:45:00,1,974,97409,2,1,1,2,Cambuston (Rue De),-20.93208,55.64419
202300048393,13,6,2023,2025-12-05 18:20:00,1,86,86194,2,6,1,2,Avenue Jacques Coeur,46.55874,0.38992
202300048394,28,9,2023,2025-12-05 16:59:00,1,54,54526,2,2,1,3,Boulevard Du Millenaire,48.68152,6.21603
202300048395,6,1,2023,2025-12-05 19:20:00,4,83,83090,2,1,1,1,Saint Laze (Chemin De),43.13539,5.85693
202300048396,17,2,2023,2025-12-05 07:00:00,5,75,75103,2,3,1,6,Boulevard De Sebastopol,48.86759899,2.35331118
202300048397,14,6,2023,2025-12-05 16:50:00,1,78,78440,2,2,1,6,Poissy (Rue De),48.99106,1.91564
202300048398,18,7,2023,2025-12-05 20:10:00,1,69,69387,2,3,1,3,Rue Garibaldi,45.7442,4.84792
202300048399,6,1,2023,2025-12-05 18:49:00,5,83,83123,2,1,1,2,Gare (Route De La),43.12309045,5.82246208
202300048400,28,9,2023,2025-12-05 10:20:00,1,54,54395,2,1,1,3,Boulevard D'Austrasie,48.68849,6.2045
202300048401,17,2,2023,2025-12-05 17:05:00,1,94,94081,2,8,1,3,Rue Gagnee /  Boulevard De Stalingrad,48.80143957,2.37928922
202300048402,14,6,2023,2025-12-05 14:30:00,1,78,78401,2,1,1,3,Rhin Et Danube (Pont),49.00413,1.90686
202300048403,18,7,2023,2025-12-05 05:55:00,2,69,69383,2,1,1,3,Avenue Rockefeller,45.74228,4.88132
202300048404,29,9,2023,2025-12-05 16:05:00,1,51,51454,2,3,1,6,Vauban (Rue),49.22105,4.02922
202300048405,5,1,2023,2025-12-05 20:30:00,5,83,83126,2,1,1,5,Merle (Bd Toussaint),43.10146,5.89276
202300048406,18,7,2023,2025-12-05 17:30:00,1,69,69149,2,1,1,3,25 Boulevard De L'Europe,45.70666538,4.80884303
202300048407,14,6,2023,2025-12-05 16:30:00,1,76,76540,2,1,1,3,Quai Du Havre (Haut),49.43903,1.0883
202300048408,17,2,2023,2025-12-05 12:45:00,1,94,94081,2,2,8,3,Quai Jules Guesde / Rue Eugene Henaff,48.794714,2.418005
202300048409,29,9,2023,2025-12-05 11:05:00,1,51,51454,2,6,1,3,Rousseau (Place Max),49.26451,4.01029
202300048410,5,1,2023,2025-12-05 17:10:00,2,83,83129,2,3,1,3,De Lattre De Tassigny (Av),43.0933,5.84196
202300048411,18,7,2023,2025-12-05 08:00:00,1,95,95288,2,6,8,3,D301,48.98486067,2.36133635
202300048412,6,1,2023,2025-12-05 14:45:00,1,83,83069,2,6,1,6,Beauregard (Av Andree-David De ),43.11763,6.12613
202300048413,14,2,2023,2025-12-05 12:24:00,1,94,94043,2,1,1,6,Rue De Verdun-Lazare-Ponticelli,48.809574,2.358712
202300048414,27,9,2023,2025-12-05 11:45:00,1,50,50129,2,2,1,2,Rouges Terres (Les),49.61226,-1.60098
202300048415,14,6,2023,2025-12-05 18:35:00,1,73,73065,2,2,1,3,D1 - Motte Servolex (Avenue De La),45.58678,5.88385
202300048416,17,2,2023,2025-12-05 10:15:00,1,94,94017,2,1,8,6,49 Rue Louis Talamoni,48.81315935,2.51262528
202300048417,17,7,2023,2025-12-05 16:50:00,1,95,95427,2,1,1,3,Jules Ferry (Rue),48.95644,2.33421
202300048418,4,1,2023,2025-12-05 08:45:00,1,83,83061,1,1,1,1,N7,43.52176,6.89234
202300048419,28,9,2023,2025-12-05 22:38:00,3,49,49328,2,1,1,1,Joly Leterme (Boulevard),47.26725,-0.07893
202300048420,13,6,2023,2025-12-05 14:15:00,1,72,72181,2,8,1,3,Maillets (Rue Des) Ndeg Pairs 14 Et >,48.0135,0.2081
202300048421,16,2,2023,2025-12-05 19:40:00,5,94,94017,2,1,1,3,Avenue Roger Salengro,48.81651281,2.5003478
202300048422,5,1,2023,2025-12-05 08:15:00,1,82,82121,2,1,8,3,Italie (Avenue D'),43.97637834,1.3223894
202300048423,28,9,2023,2025-12-05 17:53:00,1,49,49328,2,1,1,3,Leclerc (Place Marc),47.26523,-0.07479
202300048424,17,7,2023,2025-12-05 12:15:00,1,91,91377,2,1,1,1,Imp De L'Aulnaye Dracourt,48.721331,2.277073
202300048425,12,6,2023,2025-12-05 14:40:00,1,72,72181,2,1,1,7,Cordelet Louis ( Av),48.01231,0.18829
202300048426,17,2,2023,2025-12-05 17:05:00,1,93,93031,2,1,1,6,59 Rue De Paris,48.95401671,2.31074318
202300048427,6,1,2023,2025-12-05 12:35:00,1,81,81163,2,2,8,3,Juin (Marechal),43.507114,2.378219
202300048428,14,6,2023,2025-12-05 09:40:00,1,69,69264,2,1,1,7,Boulevard Burdeau,45.99541,4.72163
202300048429,17,7,2023,2025-12-05 18:35:00,1,85,85194,2,1,1,1,Rue Des Rouliers,46.5293,-1.7827
202300048430,17,2,2023,2025-12-05 18:50:00,5,93,93029,2,3,1,3,Rue Roger Gibrat / Rue Charles Duc,48.92113,2.44739
202300048431,28,9,2023,2025-12-05 03:30:00,5,49,49007,2,2,1,1,Briollay Route,47.49117,-0.52961
202300048432,12,6,2023,2025-12-05 13:45:00,1,69,69029,2,2,1,3,Rue Pierre Allard,45.73919486,4.91021411
202300048433,17,2,2023,2025-12-05 19:30:00,4,93,93005,2,1,1,6,Boulevard Andre Citroen,48.96036057,2.48833895
202300048434,17,7,2023,2025-12-05 17:10:00,1,81,81004,1,1,1,5,Castres,43.90177,2.14555
202300048435,29,9,2023,2025-12-05 07:25:00,1,47,47001,2,2,1,3,Montaigne (Rue),44.1954,0.61698
202300048436,17,2,2023,2025-12-05 16:00:00,1,92,92075,2,1,1,3,Jean Jaures (Rue),48.82526367,2.29302317
202300048437,6,1,2023,2025-12-05 14:09:00,1,76,76157,2,3,2,1,Impasse Du Clos Aux Moines,49.44763,1.02022
202300048438,29,9,2023,2025-12-05 16:50:00,1,45,45234,2,1,1,6,Rue Du Bresil,47.905009,1.917687
202300048439,14,6,2023,2025-12-05 08:51:00,1,68,68066,2,2,7,3,Rue Du Ladhof,48.10729,7.38482
202300048440,18,7,2023,2025-12-05 13:10:00,1,77,77268,2,2,1,3,Rue Du Pre De Bray,48.86153,2.81745
202300048441,16,2,2023,2025-12-05 09:00:00,1,92,92064,2,1,1,1,Porte Jaune,48.85084,2.20477
202300048442,6,1,2023,2025-12-05 06:30:00,2,76,76474,2,4,2,2,Route De Dieppe,49.48585,1.04845
202300048443,16,7,2023,2025-12-05 20:10:00,1,76,76178,1,1,3,6,Rue De Tourville,49.31254,1.05512
202300048444,29,9,2023,2025-12-05 05:48:00,5,45,45338,2,2,1,3,4 Avenue De La Liberation,47.9908,2.71079
202300048445,17,2,2023,2025-12-05 20:45:00,5,92,92063,2,3,1,1,La Bruyere (Rue),48.86545,2.20735
202300048446,13,6,2023,2025-12-05 08:15:00,1,67,67482,2,1,1,3,Protestation (Pont De La),48.592326,7.761092
202300048447,30,9,2023,2025-12-05 23:47:00,5,44,44109,2,1,1,6,182 Boulevard Jules Verne,47.24634,-1.52375
202300048448,6,1,2023,2025-12-05 12:57:00,1,72,72095,2,9,1,3,Vignes (Rue Des),48.02976,0.20987
202300048449,15,6,2023,2025-12-05 16:00:00,1,76,76351,2,4,1,3,Verdun (Rue De),49.50244,0.168163
202300048450,17,2,2023,2025-12-05 17:30:00,1,92,92062,2,9,8,2,General De Gaulle (Av) Du 44 Au 106,48.8873267,2.23199219
202300048451,5,1,2023,2025-12-05 17:55:00,5,72,72181,2,1,1,6,Chene Vert (Rue Du),48.00795,0.18977
202300048452,12,6,2023,2025-12-05 12:10:00,1,66,66136,2,1,1,3,Adresse_Inconnue,42.707012,2.89163
202300048453,18,7,2023,2025-12-05 01:00:00,3,76,76707,1,9,1,6,Rd 915,49.8573,1.116
202300048454,29,9,2023,2025-12-05 09:40:00,1,44,44109,2,6,1,3,24 Rue Noire,47.226387,-1.5624
202300048455,16,2,2023,2025-12-05 09:15:00,1,92,92050,2,2,8,6,Stalingrad Rue De,48.89446474,2.19390195
202300048456,5,1,2023,2025-12-05 13:35:00,1,72,72181,2,9,1,3,Zamenhof Docteur (Av Du),47.99992,0.19892
202300048457,13,6,2023,2025-12-05 22:35:00,5,65,65440,2,1,2,7,Kennedy (Boulevard Du President John),43.21925,0.0813
202300048458,28,9,2023,2025-12-05 16:48:00,1,41,41018,2,1,1,1,Gre De Chien (Chemin),47.5673,1.3121
202300048459,17,2,2023,2025-12-05 00:09:00,5,92,92049,2,1,1,7,Republique Avenue De La Ndeg1 A 79,48.81820347,2.31941879
202300048460,6,1,2023,2025-12-05 18:35:00,5,69,69266,2,1,1,6,15 Rue Pierre-Joseph Proudhon,45.77384,4.89058
202300048461,17,7,2023,2025-12-05 22:00:00,5,71,71270,2,1,1,3,Herriot (Avenue Edouard),46.2973,4.82408