num_acc,jour,mois,an,hrmn,lum,dep,com,agg,int,atm,col,adr,lat,long
202300048462,29,9,2023,2025-12-05 19:55:00,3,38,38382,1,9,1,7,A480,45.21825,5.67556
202300048463,18,7,2023,2025-12-05 12:15:00,1,69,69266,2,1,1,6,Boulevard Laurent Bonnevay,45.78747,4.88483
202300048464,6,1,2023,2025-12-05 07:50:00,2,69,69115,2,9,2,6,Route D'Anse,45.97285,4.71714
202300048465,17,2,2023,2025-12-05 10:09:00,1,92,92044,2,2,1,6,Voltaire(Rue)53A81 Et 42A62,48.89272,2.28597
202300048466,14,6,2023,2025-12-05 22:00:00,2,62,62193,2,9,1,3,Rue Henri Guillaumet,50.949471,1.896727
202300048467,5,1,2023,2025-12-05 16:06:00,1,66,66136,2,1,1,7,Blanc Avenue Rosette,42.699,2.906
202300048468,29,9,2023,2025-12-05 11:10:00,1,38,38421,2,6,1,3,Avenue Gabriel Peri,45.18234,5.77787
202300048469,17,2,2023,2025-12-05 14:45:00,1,92,92040,2,2,1,2,Voltaire (Boulevard),48.82696,2.27921
202300048470,14,6,2023,2025-12-05 13:05:00,1,60,60057,2,1,1,6,Rue Desgroux,49.427,2.0777
202300048471,18,7,2023,2025-12-05 18:12:00,1,69,69290,2,2,1,6,Rue Edmond Rostand,45.6944085,4.94138256
202300048472,29,9,2023,2025-12-05 20:37:00,5,37,37261,2,2,1,3,Bordeaux (Avenue De),47.35568,0.69879
202300048473,6,1,2023,2025-12-05 13:05:00,1,64,64129,2,3,7,3,Rue Claverie,43.30463,-0.39101
202300048474,16,2,2023,2025-12-05 06:45:00,5,92,92036,2,1,1,6,Louise Michel (Pairs),48.921964,2.319808
202300048475,18,7,2023,2025-12-05 12:10:00,1,69,69029,2,1,1,3,Avenue Franklin Roosevelt,45.73682,4.89872
202300048476,14,6,2023,2025-12-05 11:30:00,1,60,60057,2,1,1,3,Rue Villebois Mareuil,49.43525,2.08821
202300048477,29,9,2023,2025-12-05 14:25:00,1,37,37195,2,1,1,7,Parmentiere (Rue De La),47.38435,0.66547
202300048478,17,2,2023,2025-12-05 09:33:00,1,92,92026,2,3,2,3,Strasbourg,48.89090241,2.24769509
202300048479,5,1,2023,2025-12-05 16:30:00,1,64,64129,2,2,1,3,Sabotier Du,43.30465,-0.399
202300048480,18,7,2023,2025-12-05 11:40:00,1,69,69029,2,9,1,3,374 Route De Genas,45.74609,4.92627
202300048481,13,6,2023,2025-12-05 09:00:00,1,59,59378,2,3,1,6,Entrepreneurs Rue Des,50.659356,3.080814
202300048482,29,9,2023,2025-12-05 04:35:00,5,37,37261,2,2,1,3,Desmoulins (Rue Louis),47.39178,0.66898
202300048483,17,2,2023,2025-12-05 17:00:00,1,92,92025,2,1,1,6,Bournard (Rue Du),48.922927,2.255422
202300048484,6,1,2023,2025-12-05 08:19:00,1,64,64024,2,1,1,3,Rue Louis Seguin,43.48589,-1.49925
202300048485,17,7,2023,2025-12-05 18:35:00,1,69,69259,2,1,1,3,Boulevard Irene Joliot Curie,45.7157,4.87705
202300048486,15,6,2023,2025-12-05 19:40:00,1,56,56083,1,1,1,3,Adresse_Inconnue,47.78939,-3.2906
202300048487,26,9,2023,2025-12-05 09:15:00,1,34,34172,2,3,1,3,Faubourg Figuerolles (Rue Du),43.60669,3.8652
202300048488,5,1,2023,2025-12-05 19:05:00,5,64,64102,2,1,1,2,Allees Marines,43.49747,-1.48508
202300048489,18,7,2023,2025-12-05 19:54:00,1,67,67204,1,1,2,7,Wantzenau (Route De La),48.63116,7.76559
202300048490,17,2,2023,2025-12-05 07:46:00,1,92,92024,2,2,1,3,Clichy (Pont De),48.90845,2.30013
202300048491,17,2,2023,2025-12-05 12:30:00,1,92,92004,2,1,2,3,Redoute ( Avenue De La  ),48.9288931,2.27947265
202300048492,13,6,2023,2025-12-05 21:26:00,1,56,56083,2,3,1,2,Vaillant ( Av. Edouard ),47.82251,-3.25046
202300048493,5,1,2023,2025-12-05 13:46:00,1,63,63113,2,2,1,3,Blanzat (Rue De),45.79336,3.08449
202300048494,28,9,2023,2025-12-05 18:13:00,1,34,34032,2,2,1,3,Hugo Victor (Rue),43.33975,3.22227
202300048495,18,7,2023,2025-12-05 08:35:00,1,67,67482,2,1,7,1,Rene Cassin (Allee),48.59794,7.7758
202300048496,18,2,2023,2025-12-05 15:20:00,1,60,60049,2,3,1,7,Rue Des Champs,49.55057014,1.7373805
202300048497,13,6,2023,2025-12-05 16:45:00,1,56,56121,2,1,1,2,Belgique (Rue  De ),47.76042,-3.38393
202300048498,3,1,2023,2025-12-05 20:30:00,3,63,63164,1,3,2,3,Bd Charles De Gaulle /Clement Adler,45.81568,3.15087
202300048499,29,9,2023,2025-12-05 18:00:00,1,33,33063,2,2,1,3,Rue Dubourdieu,44.82205,-0.57651
202300048500,17,7,2023,2025-12-05 16:25:00,1,64,64545,1,1,1,4,Rd810,43.36505,-1.68897
202300048501,23,1,2023,2025-12-05 19:16:00,3,60,60088,1,1,8,2,Autoroute A16,49.18935545,2.2016423
202300048502,13,6,2023,2025-12-05 08:10:00,1,56,56107,1,2,1,2,D152,47.7100394,-3.4035676
202300048503,29,9,2023,2025-12-05 17:45:00,1,33,33069,2,2,1,3,Boulevard Pierre 1Er,44.85702,-0.59118
202300048504,18,7,2023,2025-12-05 12:29:00,1,64,64445,2,9,1,2,Jean Mermoz,43.3061,-0.3764
202300048505,6,1,2023,2025-12-05 22:30:00,5,59,59512,2,3,1,3,Brame (Avenue Jules),50.68593,3.20409
202300048506,17,2,2023,2025-12-05 16:30:00,1,37,37031,2,3,1,2,Rue Chaumeton,47.284993,0.173909
202300048507,28,9,2023,2025-12-05 17:05:00,1,33,33249,2,1,1,7,Avenue Du President J.F. Kennedy,44.867,-0.509
202300048508,3,1,2023,2025-12-05 08:30:00,2,59,59350,2,1,2,6,Avenue De La Republique (Lille),50.639366,3.013165
202300048509,18,7,2023,2025-12-05 19:25:00,1,64,64122,2,1,1,6,Marne (Avenue De La),43.4846,-1.55448
202300048510,12,6,2023,2025-12-05 16:00:00,1,56,56121,1,1,1,5,Desserte Portuaire,47.74353,-3.38463
202300048511,18,2,2023,2025-12-05 12:00:00,1,974,97405,1,1,1,5,Rue Augustin Mezino,-21.367762,55.559921
202300048512,17,7,2023,2025-12-05 12:40:00,1,62,62841,1,1,1,6,D937,50.55314,2.61048
202300048513,3,1,2023,2025-12-05 10:40:00,1,59,59350,2,1,1,2,Delemazure Rue,50.628574,3.10839
202300048514,27,9,2023,2025-12-05 11:35:00,1,33,33119,2,1,1,6,Rue Jean Cocteau,44.85135,-0.50728
202300048515,18,2,2023,2025-12-05 16:05:00,1,1,1354,2,1,1,2,Rue De La Faucille,46.26084,6.029568
202300048516,5,1,2023,2025-12-05 19:00:00,3,59,59271,2,1,2,7,Canal De Bourbourg,50.9871908,2.29886234
202300048517,13,6,2023,2025-12-05 19:50:00,1,54,54578,2,2,1,1,Avenue De Brabois,48.67186784,6.16127484
202300048518,18,7,2023,2025-12-05 20:45:00,1,59,59152,2,1,1,6,Desrumaeaux (Rue Marthe),50.76588,3.02047
202300048519,29,9,2023,2025-12-05 19:28:00,1,31,31555,2,1,1,3,Av Crampel,43.5857,1.45555
202300048520,6,1,2023,2025-12-05 18:56:00,5,56,56260,2,3,1,1,Rue Thiers,47.65576,-2.75973
202300048521,29,9,2023,2025-12-05 07:25:00,2,31,31555,2,9,1,1,Minimes (Av Des) Du 1Au 178,43.61637,1.43712
202300048522,18,7,2023,2025-12-05 19:40:00,1,59,59599,2,1,1,6,Ma Campagne (Residence),50.71006,3.15279
202300048523,18,2,2023,2025-12-05 01:15:00,3,84,84099,1,1,1,6,D15,43.859032,5.092968
202300048524,14,6,2023,2025-12-05 10:05:00,1,51,51454,2,2,1,3,Ponsardin (Rue ),49.24804,4.04284
202300048525,6,1,2023,2025-12-05 13:05:00,1,56,56185,1,1,8,7,Adresse_Inconnue,47.77091,-3.37826
202300048526,29,9,2023,2025-12-05 12:25:00,1,25,25056,1,1,1,3,Marchaux Route De,47.2974,6.07445
202300048527,13,6,2023,2025-12-05 11:30:00,1,51,51454,2,1,1,6,Jaures (Avenue Jean ) Du Ndeg 61 A Fin,49.26255,4.05356
202300048528,15,2,2023,2025-12-05 18:45:00,3,57,57358,1,1,1,3,D918,49.309274,6.32629
202300048529,18,7,2023,2025-12-05 08:45:00,1,59,59368,2,1,1,5,De Gaulle Rue Du General,50.65742,3.07387
202300048530,26,9,2023,2025-12-05 08:55:00,1,22,22187,2,1,1,6,Europe (Rdp De L'),48.53527,-2.75986
202300048531,7,1,2023,2025-12-05 00:50:00,5,54,54395,2,2,1,3,Boulevard Albert 1Er,48.69634731,6.1672622
202300048532,18,7,2023,2025-12-05 11:10:00,1,58,58194,2,9,1,2,Docks,46.99488,3.14831
202300048533,14,6,2023,2025-12-05 05:44:00,5,49,49007,2,2,1,3,Belle Beille,47.4747,-0.58615
202300048534,16,2,2023,2025-12-05 18:15:00,1,79,79005,1,2,1,3,Adresse_Inconnue,46.848173,-0.20876
202300048535,28,9,2023,2025-12-05 17:42:00,1,21,21617,2,1,1,6,Rue De La Liberation,47.332827,5.009723
202300048536,16,7,2023,2025-12-05 03:10:00,5,57,57441,2,1,1,6,Maison  Rouge (Route De),49.37879,6.1695
202300048537,14,6,2023,2025-12-05 14:57:00,1,47,47001,2,1,1,2,Pelletan (Boulevard Eugene),44.20194,0.62553
202300048538,4,1,2023,2025-12-05 17:33:00,3,54,54542,1,1,8,2,Departementale 613,49.210154,5.918618
202300048539,17,2,2023,2025-12-05 14:30:00,1,79,79293,1,1,1,1,Adresse_Inconnue,46.357976,-0.538899
202300048540,15,7,2023,2025-12-05 02:35:00,5,57,57647,2,1,1,6,Gaulle (Rue Charles De),49.32267915,6.07932329
202300048541,29,9,2023,2025-12-05 04:11:00,5,18,18033,2,1,1,7,111 Rue Louis Mallet,47.0815,2.37176
202300048542,18,2,2023,2025-12-05 07:10:00,2,71,71157,1,1,2,6,D1083,46.498363,5.38049
202300048543,5,1,2023,2025-12-05 20:25:00,5,51,51055,2,2,1,3,Rue De La Gare,49.28584821,4.0615806
202300048544,14,6,2023,2025-12-05 08:50:00,1,45,45284,2,2,1,6,Rue Du Coin Buffet,47.9143,1.96435
202300048545,18,7,2023,2025-12-05 16:34:00,1,54,54451,2,1,1,3,Rue Du Moulin,49.509157,5.759357
202300048546,26,9,2023,2025-12-05 17:30:00,1,17,17415,2,9,1,2,Saintonge A10 A Rocade Ouest Avenue De,45.74033,-0.66025
202300048547,18,2,2023,2025-12-05 03:00:00,3,71,71289,1,1,8,6,Cd 987,46.315102,4.511223
202300048548,14,6,2023,2025-12-05 12:30:00,1,45,45208,2,1,1,6,64 Rue Du General Leclerc,47.99862,2.73098
202300048549,18,7,2023,2025-12-05 12:22:00,1,54,54580,2,3,1,3,All Des Lys,49.45568,5.92763
202300048550,29,9,2023,2025-12-05 13:07:00,1,17,17380,2,1,1,1,Ocean (De L'),45.642499,-1.087585
202300048551,29,8,2023,2025-12-05 20:20:00,2,17,17028,2,1,1,2,Grasset   Avenue Edmond,46.13172,-1.10497
202300048552,17,2,2023,2025-12-05 14:20:00,1,89,89168,1,1,2,5,Adresse_Inconnue,47.813695,3.891488
202300048553,13,6,2023,2025-12-05 14:25:00,1,43,43157,2,3,2,3,51 Rue Pannessac,45.044056,3.881122
202300048554,4,1,2023,2025-12-05 17:30:00,3,51,51153,1,1,2,5,D40A,49.024284,3.974374
202300048555,17,7,2023,2025-12-05 11:45:00,1,50,50066,1,1,1,4,Avranches (Avenue D'),48.81279,-1.54152
202300048556,29,9,2023,2025-12-05 16:00:00,1,13,13103,2,1,1,6,Boulevard De La Republique,43.64048,5.09442
202300048557,18,2,2023,2025-12-05 03:30:00,3,34,34041,1,1,1,6,D4,43.626034,3.472001
202300048558,11,6,2023,2025-12-05 10:10:00,1,42,42218,2,2,1,3,Rue De La Verrerie,45.44038,4.40358
202300048559,29,9,2023,2025-12-05 11:00:00,1,13,13103,2,1,1,3,Chemin De Rigaud,43.62235,5.08757
202300048560,5,1,2023,2025-12-05 14:10:00,1,50,50129,2,1,1,6,Gambetta (Rue),49.6410387,-1.5775134
202300048561,17,2,2023,2025-12-05 06:25:00,3,68,68258,1,1,1,7,D2,47.82767,7.288576
202300048562,17,7,2023,2025-12-05 10:50:00,1,50,50129,2,2,1,3,Schuman (Boulevard Robert),49.63461,-1.62602
202300048563,14,6,2023,2025-12-05 12:59:00,1,37,37261,2,1,1,6,Grammont (Avenue De),47.36878,0.69747
202300048564,4,1,2023,2025-12-05 12:15:00,1,50,50129,2,1,1,2,Conquerant (Boulevard Guillaume Le),49.63731,-1.63328
202300048565,18,7,2023,2025-12-05 10:05:00,1,49,49015,1,1,1,7,Lude Lieu Dit Le,47.51679,-0.584
202300048566,18,2,2023,2025-12-05 02:00:00,4,35,35297,2,1,1,6,Rue De Merdrignac,48.189855,-2.193489
202300048567,21,9,2023,2025-12-05 09:10:00,1,13,13056,1,1,1,1,Cd 49,43.36256,5.05521
202300048568,14,6,2023,2025-12-05 08:35:00,1,35,35051,2,6,1,3,Taillis (Rond-Point Du),48.11447,-1.62085
202300048569,18,2,2023,2025-12-05 08:30:00,1,38,38249,1,4,1,6,D11,45.219118,5.822507
202300048570,5,1,2023,2025-12-05 19:33:00,5,49,49267,2,2,1,1,Charmes Avenue,47.46386,-0.49107
202300048571,18,7,2023,2025-12-05 18:40:00,1,44,44184,1,9,1,2,Adresse_Inconnue,47.28888,-2.24182
202300048572,14,6,2023,2025-12-05 22:55:00,4,33,33063,2,1,1,6,Rue Lucien Faure,44.86693,-0.56218
202300048573,30,9,2023,2025-12-05 21:55:00,5,10,10297,2,3,1,1,Claude Chappe (Rue),48.32428,4.10485
202300048574,5,1,2023,2025-12-05 18:22:00,5,49,49246,2,1,2,6,Europe Avenue,47.43768,-0.5305
202300048575,17,2,2023,2025-12-05 18:30:00,3,58,58087,2,1,8,3,4 Route Des Mouroux,46.760957,3.55846
202300048576,14,6,2023,2025-12-05 08:20:00,1,33,33550,2,1,1,6,Avenue Des Pyrenees,44.77382,-0.56483
202300048577,18,7,2023,2025-12-05 08:40:00,1,44,44184,2,1,1,3,29 Boulevard Des Apprentis,47.29695,-2.18429
202300048578,18,2,2023,2025-12-05 16:00:00,1,50,50092,1,1,1,6,D52,49.099646,-1.351045
202300048579,5,1,2023,2025-12-05 08:54:00,1,49,49007,2,1,8,6,Saint Lazare,47.47898,-0.56516
202300048580,28,9,2023,2025-12-05 17:15:00,1,10,10387,2,1,1,2,Danton (Rue),48.30275,4.07509
202300048581,14,6,2023,2025-12-05 02:30:00,5,31,31555,2,1,3,6,Fitte (All Charles De) Du 1Au 310,43.59951,1.42967
202300048582,4,1,2023,2025-12-05 23:45:00,3,49,49007,2,1,2,7,Estienne D'Orves Boulevard,47.46155,-0.51682
202300048583,16,6,2023,2025-12-05 16:15:00,1,44,44109,2,1,1,3,8 Boulevard Gabriel Guist'Hau,47.21563,-1.56446
202300048584,28,9,2023,2025-12-05 10:05:00,1,10,10333,2,6,1,3,Charles Baltet (Rue),48.28204,4.05955
202300048585,18,2,2023,2025-12-05 10:45:00,1,36,36155,1,1,2,6,La Folie,46.992294,1.414513
202300048586,13,6,2023,2025-12-05 09:07:00,1,27,27229,2,1,1,4,Normandie (Boulevard De),49.01863,1.1412
202300048587,6,1,2023,2025-12-05 09:15:00,1,45,45232,2,6,1,3,D2271 Pr 0 + 232,47.84022,1.87717
202300048588,18,7,2023,2025-12-05 16:50:00,1,34,34172,2,1,1,7,1107 Avenue De Toulouse,43.59291,3.85941
202300048589,29,9,2023,2025-12-05 15:00:00,1,7,7316,1,1,1,6,Paradis (Rue Du),44.88918175,4.84773103
202300048590,17,2,2023,2025-12-05 18:15:00,2,24,24129,1,1,1,6,Route Des Deux Rocs,45.365549,0.723456
202300048591,18,7,2023,2025-12-05 11:33:00,1,32,32013,2,1,1,6,Marguerite Yourcenar,43.65502,0.61639
202300048592,6,1,2023,2025-12-05 11:20:00,1,44,44184,2,3,1,6,5 Rue Francoise Sagan,47.2669,-2.25431
202300048593,30,9,2023,2025-12-05 00:40:00,5,6,6088,2,3,1,6,Quai Des Etats Unis,43.69511,7.26924
202300048594,18,2,2023,2025-12-05 12:00:00,1,24,24197,1,1,1,6,1605 Route Du Chardonnay,44.896494,0.43904
202300048595,4,1,2023,2025-12-05 23:59:00,5,44,44184,2,1,2,6,60 Boulevard Du President Wilson,47.26885,-2.21558
202300048596,19,7,2023,2025-12-05 01:45:00,5,31,31555,2,1,1,7,Rue Alain Fournier,43.60769501,1.36531815
202300048597,15,2,2023,2025-12-05 18:45:00,2,17,17008,2,6,1,2,Route De La Rochelle - Serigny,46.26141,-1.010238
202300048598,15,9,2023,2025-12-05 07:48:00,1,5,5061,1,4,1,4,Rn 85,44.58017,6.08209
202300048599,18,7,2023,2025-12-05 09:40:00,1,29,29232,2,1,1,3,Place De La Tour D'Auvergne,47.99428,-4.11027
202300048600,6,1,2023,2025-12-05 12:20:00,1,37,37261,2,1,1,3,Marechal Juin (Bd),47.40973,0.70327
202300048601,29,9,2023,2025-12-05 15:40:00,1,75,75120,2,1,1,3,Porte De Bagnolet,48.861712,2.413912
202300048602,16,2,2023,2025-12-05 19:45:00,3,87,87168,1,1,1,1,Fonsoumagne,45.68058,0.783377
202300048603,7,1,2023,2025-12-05 00:05:00,5,33,33162,2,1,1,6,Avenue De Saint-Medard,44.86245225,-0.6460315
202300048604,28,9,2023,2025-12-05 19:00:00,1,75,75120,2,1,1,2,Porte Des Lilas,48.874096,2.411362
202300048605,17,2,2023,2025-12-05 20:10:00,5,6,6018,2,1,1,6,744 Route De La Mer,43.623262,7.104622
202300048606,6,1,2023,2025-12-05 18:05:00,5,33,33281,2,1,1,3,Avenue Francois Mitterrand,44.82647,-0.61875
202300048607,14,6,2023,2025-12-05 07:35:00,1,22,22106,2,1,1,2,Douvenant (Rue De),48.501078,-2.732746
202300048608,29,9,2023,2025-12-05 01:19:00,5,75,75116,2,1,1,6,Avenue De La Porte D Auteuil,48.848725,2.244583
202300048609,17,2,2023,2025-12-05 20:30:00,3,53,53267,1,1,1,6,Pk 222.850 Sens 1,48.055308,-0.478978
202300048610,17,7,2023,2025-12-05 12:00:00,1,17,17306,2,6,1,3,Ampere,45.631025,-1.005382
202300048611,10,6,2023,2025-12-05 04:05:00,3,22,22113,2,1,1,6,Eglise (Rue De L'),48.74587,-3.48809
202300048612,6,1,2023,2025-12-05 15:50:00,1,33,33063,2,2,1,2,Avenue De Labarde,44.89901127,-0.55233657
202300048613,17,2,2023,2025-12-05 18:15:00,2,973,97360,2,1,1,1,Avenue Francois Mitterand,5.157031,-54.342794
202300048614,28,9,2023,2025-12-05 21:30:00,5,75,75107,2,2,1,3,Quai D Orsay,48.862826,2.313456
202300048615,13,6,2023,2025-12-05 21:25:00,1,14,14437,2,1,1,2,5 Avenue Nicolas Copernic,49.16419,-0.32839
202300048616,18,7,2023,2025-12-05 15:45:00,1,13,13205,2,3,1,2,Jean Moulin (Boulevard),43.29026,5.39982
202300048617,6,1,2023,2025-12-05 12:45:00,1,33,33281,2,6,1,3,Avenue Rene Cassin - Sortie Rocade E11,44.83272,-0.6787
202300048618,17,2,2023,2025-12-05 18:50:00,2,64,64147,1,4,1,3,D936,43.46670294,-1.28918499
202300048619,29,9,2023,2025-12-05 04:20:00,5,75,75106,2,3,1,3,Rue De Rennes,48.844568,2.324538
202300048620,18,7,2023,2025-12-05 04:55:00,5,13,13204,2,9,1,2,Francoise Duparc (Boulevard),43.30335,5.3991
202300048621,13,6,2023,2025-12-05 18:35:00,1,14,14118,2,1,1,7,17 Rue Saint-Michel,49.175389,-0.355
202300048622,29,9,2023,2025-12-05 00:15:00,5,75,75120,2,3,1,3,Rue Haxo,48.873894,2.40341
202300048623,6,1,2023,2025-12-05 08:00:00,5,33,33529,2,1,8,1,Rue Lagrua,44.6459,-1.15791
202300048624,17,7,2023,2025-12-05 23:30:00,3,13,13098,1,1,1,4,Crepon  Chemin,43.46222,5.00532
202300048625,17,2,2023,2025-12-05 21:38:00,3,60,60533,1,1,1,6,Autoroute A1 - Pk 82+500 Sens Lille/Paris,49.53863564,2.72630272
202300048626,5,1,2023,2025-12-05 18:20:00,5,25,25056,2,1,2,3,Ouest Boulevard,47.22528,5.97912
202300048627,14,6,2023,2025-12-05 12:15:00,1,13,13103,2,3,1,3,Rue Des Fauvettes,43.64049357,5.08103003
202300048628,13,7,2023,2025-12-05 19:00:00,1,11,11262,2,1,1,6,36 Quai Valliere,43.18032,3.00879
202300048629,29,9,2023,2025-12-05 17:20:00,1,75,75119,2,5,1,3,Rue De Thionville,48.889363,2.383691
202300048630,17,7,2023,2025-12-05 19:00:00,1,11,11069,2,1,1,6,67 Avenue Bunau Varilla,43.20938,2.33887
202300048631,14,6,2023,2025-12-05 08:05:00,1,6,6069,2,1,1,2,Orme (Chemin De L'),43.65206,6.94434
202300048632,29,9,2023,2025-12-05 15:36:00,1,75,75119,2,3,1,6,Avenue Corentin Cariou,48.89765,2.385481
202300048633,6,1,2023,2025-12-05 17:25:00,2,22,22278,2,1,8,6,Du Guesclin (Pl),48.5114398,-2.75830597
202300048634,29,9,2023,2025-12-05 13:50:00,1,75,75119,2,1,8,6,Boulevard Serurier,48.878534,2.402531
202300048635,18,7,2023,2025-12-05 06:55:00,1,8,8105,2,1,1,1,40 Rue De Nouzonville,49.78311,4.71512
202300048636,5,1,2023,2025-12-05 16:40:00,1,19,19031,2,1,1,3,Ribot (Avenue),45.16465352,1.50316894
202300048637,13,6,2023,2025-12-05 09:00:00,1,75,75116,2,1,1,4,Bd Peripherique Interieur,48.872794,2.274637
202300048638,5,1,2023,2025-12-05 11:40:00,1,18,18279,2,1,1,6,Chemin De La Giraudiere,47.237422,2.028404
202300048639,28,9,2023,2025-12-05 13:00:00,1,75,75118,2,1,1,2,Avenue De Saint Ouen,48.892082,2.327117
202300048640,18,7,2023,2025-12-05 20:30:00,1,1,1451,1,1,1,1,Bresse (Avenue De ),46.21852,5.20583
202300048641,6,1,2023,2025-12-05 15:07:00,1,17,17306,2,1,1,7,Garnier (Bd Frederic),45.61616,-1.01307
202300048642,29,9,2023,2025-12-05 14:58:00,1,75,75118,2,3,1,6,Avenue De Clichy,48.884538,2.326962
202300048643,18,7,2023,2025-12-05 10:04:00,1,75,75117,2,1,1,2,Porte D Asnieres,48.891371,2.300476
202300048644,8,6,2023,2025-12-05 07:55:00,1,75,75117,2,1,1,4,Porte Maillot,48.8827,2.283359
202300048645,6,1,2023,2025-12-05 22:00:00,5,13,13054,2,1,1,1,Frederic Mistral (Bd ),43.41507,5.21695
202300048646,18,7,2023,2025-12-05 05:30:00,2,75,75115,2,1,1,6,Boulevard Victor,48.832964,2.28773
202300048647,29,9,2023,2025-12-05 12:02:00,1,75,75117,2,2,1,3,Rue Cardinet,48.890237,2.31719
202300048648,6,1,2023,2025-12-05 09:55:00,1,13,13210,1,1,1,6,Capelette (Avenue De La),43.28073285,5.40736763
202300048649,13,6,2023,2025-12-05 13:30:00,1,75,75116,2,1,1,4,Bd Peripherique Interieur,48.859377,2.262867
202300048650,18,7,2023,2025-12-05 11:48:00,1,75,75106,2,1,1,6,Quai De Conti,48.857681,2.337186
202300048651,29,9,2023,2025-12-05 09:30:00,1,75,75116,2,1,1,3,Boulevard Peripherique Interieur Ouest,48.861006,2.26402
202300048652,17,7,2023,2025-12-05 08:40:00,1,75,75105,2,1,1,1,Quai Saint Michel,48.853551,2.3451
202300048653,13,6,2023,2025-12-05 12:22:00,1,75,75114,2,4,1,3,Avenue Du General Leclerc,48.828795,2.327734
202300048654,29,9,2023,2025-12-05 15:00:00,1,75,75115,2,3,1,6,Rue Linois,48.848532,2.282857
202300048655,6,1,2023,2025-12-05 07:20:00,5,13,13214,2,2,1,5,Geraniums (Rue Des),43.34125,5.40735
202300048656,18,7,2023,2025-12-05 18:30:00,1,75,75119,2,2,1,7,Rue D Aubervilliers,48.8896839,2.36810088
202300048657,14,6,2023,2025-12-05 19:25:00,1,75,75120,2,1,1,6,Rue Des Couronnes,48.870278,2.385217
202300048658,6,1,2023,2025-12-05 12:14:00,1,12,12174,2,1,1,6,Lachet (Giratoire),44.32545,2.55828
202300048659,27,9,2023,2025-12-05 13:45:00,1,75,75114,2,2,1,3,Boulevard Romain Rolland,48.819798,2.325756
202300048660,18,7,2023,2025-12-05 18:00:00,1,75,75117,2,1,1,7,Boulevard Peripherique Exterieur Ouest,48.888686,2.293394
202300048661,14,6,2023,2025-12-05 13:05:00,1,75,75117,2,2,1,3,Avenue De La Porte De Clichy,48.895143,2.311924
202300048662,6,1,2023,2025-12-05 15:05:00,1,11,11069,2,1,1,2,Adresse_Inconnue,43.22317,2.33615
202300048663,29,9,2023,2025-12-05 11:50:00,1,75,75113,2,1,8,2,Avenue Pierre De Coubertin,48.817091,2.344145
202300048664,18,7,2023,2025-12-05 08:30:00,1,75,75117,2,3,1,2,Boulevard Malesherbes,48.886684,2.30542
202300048665,6,1,2023,2025-12-05 23:23:00,5,8,8105,2,1,2,3,32 Av Du President Vincent Auriol,49.75420342,4.72430134
202300048666,14,6,2023,2025-12-05 19:15:00,2,75,75116,2,3,1,6,Rue Michel Ange,48.840789,2.258435
202300048667,7,1,2023,2025-12-05 00:35:00,3,1,1451,1,1,9,6,Marboz Rd 996 (Route De ) Impair,46.280703,5.229267
202300048668,29,9,2023,2025-12-05 06:30:00,2,75,75111,2,3,1,4,Place Leon Blum,48.85795,2.380328
202300048669,18,7,2023,2025-12-05 18:35:00,1,75,75116,2,3,1,1,Boulevard De L Amiral Bruix,48.875859,2.281179
202300048670,5,1,2023,2025-12-05 16:45:00,2,75,75119,2,1,2,3,Porte De Pantin,48.897213,2.394354
202300048671,14,6,2023,2025-12-05 15:00:00,1,75,75116,2,2,1,3,Route De Suresnes,48.865047,2.234485
202300048672,29,9,2023,2025-12-05 06:15:00,5,75,75111,2,3,1,6,Boulevard De Charonne,48.852962,2.396963
202300048673,17,7,2023,2025-12-05 01:05:00,5,75,75115,2,2,1,6,Boulevard General Martial Valin,48.838585,2.269776
202300048674,7,1,2023,2025-12-05 21:24:00,5,75,75107,2,2,1,2,Quai D Orsay,48.862454,2.310437
202300048675,14,6,2023,2025-12-05 07:35:00,1,75,75116,2,1,1,2,Allee De La Reine Marguerite,48.861639,2.246903
202300048676,29,9,2023,2025-12-05 01:44:00,5,75,75108,2,2,1,3,Rue De La Ville L Eveque,48.87115,2.321652
202300048677,17,7,2023,2025-12-05 18:30:00,1,75,75114,2,3,1,2,Boulevard Jourdan,48.82226,2.33079
202300048678,28,9,2023,2025-12-05 11:45:00,1,75,75108,2,1,1,3,Boulevard Malesherbes,48.875911,2.318567
202300048679,7,1,2023,2025-12-05 06:54:00,5,75,75102,2,2,1,3,Boulevard De Sebastopol,48.866234,2.35254
202300048680,14,6,2023,2025-12-05 19:30:00,1,75,75107,2,2,7,3,Quai Branly,48.860543,2.295622
202300048681,29,9,2023,2025-12-05 22:00:00,5,75,75107,2,1,1,1,Musee D Orsay,48.860425,2.326822
202300048682,7,1,2023,2025-12-05 18:10:00,5,75,75115,2,3,2,3,Rue De La Croix Nivert,48.838492,2.289249
202300048683,17,7,2023,2025-12-05 09:00:00,1,75,75114,2,3,1,3,Avenue Du Maine,48.833092,2.324754
202300048684,14,6,2023,2025-12-05 10:50:00,1,75,75115,2,2,1,6,Rue De La Convention,48.844139,2.281199
202300048685,29,9,2023,2025-12-05 17:20:00,1,75,75103,2,2,1,6,Rue Beaubourg,48.863216,2.354583
202300048686,13,6,2023,2025-12-05 09:30:00,1,75,75114,2,1,1,2,Avenue Jean Moulin,48.825928,2.322216