num_acc,jour,mois,an,hrmn,lum,dep,com,agg,int,atm,col,adr,lat,long
202300048687,17,7,2023,2025-12-05 08:45:00,1,75,75113,2,3,1,2,Rue De Tolbiac,48.827355,2.369106
202300048688,29,9,2023,2025-12-05 09:15:00,1,75,75101,2,3,1,6,Rue De Rivoli,48.86468,2.329298
202300048689,7,1,2023,2025-12-05 17:35:00,5,75,75115,2,2,2,3,Rue Violet,48.847153,2.292628
202300048690,29,9,2023,2025-12-05 02:50:00,5,75,75103,2,2,1,6,Boulevard Saint Denis,48.869047,2.355428
202300048691,13,6,2023,2025-12-05 08:20:00,1,75,75114,2,3,1,6,Avenue Du Maine,48.83024,2.325935
202300048692,18,7,2023,2025-12-05 16:45:00,1,75,75110,2,3,1,3,Boulevard De Strasbourg,48.873817,2.356794
202300048693,6,1,2023,2025-12-05 15:20:00,1,75,75114,2,3,1,6,Rue De La Tombe Issoire,48.822253,2.330433
202300048694,28,9,2023,2025-12-05 01:00:00,5,94,94081,2,1,2,6,Quai Jules Guesde,48.790518,2.42083
202300048695,14,6,2023,2025-12-05 08:25:00,1,75,75113,2,4,1,7,Boulevard Kellermann,48.821087,2.354394
202300048696,28,9,2023,2025-12-05 09:10:00,1,94,94080,2,1,1,3,Avenue De Paris,48.84570563,2.42758034
202300048697,7,1,2023,2025-12-05 19:15:00,5,75,75110,2,3,1,3,Place De La Republique,48.86776,2.364359
202300048698,18,7,2023,2025-12-05 16:25:00,1,75,75102,2,2,1,3,Rue Reaumur,48.866237,2.352542
202300048699,29,9,2023,2025-12-05 16:00:00,1,94,94041,2,1,1,6,Boulevard Paul Vaillant Couturier,48.81517,2.40134
202300048700,7,1,2023,2025-12-05 14:55:00,1,75,75109,2,3,8,6,Boulevard De La Madeleine,48.869742,2.326511
202300048701,18,7,2023,2025-12-05 17:16:00,1,75,75109,2,1,1,3,Rue De Londres,48.877372,2.328373
202300048702,29,9,2023,2025-12-05 18:30:00,1,94,94065,1,1,1,2,N186B,48.75336,2.35682
202300048703,14,6,2023,2025-12-05 01:02:00,5,75,75120,2,2,1,3,Rue De Menilmontant,48.868658,2.389618
202300048704,7,1,2023,2025-12-05 09:30:00,1,75,75108,2,2,1,3,Rue De Lisbonne,48.877414,2.308173
202300048705,28,9,2023,2025-12-05 19:00:00,5,94,94028,2,1,1,6,Avenue Du General De Gaulle,48.78357,2.45212
202300048706,17,7,2023,2025-12-05 14:32:00,1,75,75108,2,2,1,3,Boulevard De Courcelles,48.879552,2.304979
202300048707,28,9,2023,2025-12-05 19:00:00,2,94,94011,2,1,1,3,Avenue De Boissy,48.7715,2.48469
202300048708,14,6,2023,2025-12-05 21:15:00,1,75,75110,2,5,1,3,Boulevard De Magenta,48.874774,2.357359
202300048709,7,1,2023,2025-12-05 00:22:00,5,75,75116,2,2,1,3,Avenue Foch,48.872689,2.284639
202300048710,18,7,2023,2025-12-05 19:00:00,1,75,75101,2,3,1,6,Rue De Rivoli,48.86441,2.330127
202300048711,29,9,2023,2025-12-05 14:05:00,1,94,94022,2,1,1,6,2 Avenue De La Republique,48.762163,2.406807
202300048712,17,7,2023,2025-12-05 17:15:00,1,94,94080,2,1,1,6,Rue De Fontenay,48.84847716,2.43490908
202300048713,13,6,2023,2025-12-05 22:10:00,5,75,75110,2,4,1,6,Boulevard De Magenta,48.879422,2.353275
202300048714,5,1,2023,2025-12-05 18:55:00,2,75,75108,2,7,2,3,Place De Clichy,48.883329,2.326858
202300048715,29,9,2023,2025-12-05 13:25:00,1,94,94059,2,1,1,1,Chem. Du Plessis-Trevise A La Queue-En-Brie,48.79722,2.57892
202300048716,17,7,2023,2025-12-05 00:25:00,5,94,94067,2,1,1,2,Avenue De Paris,48.84636,2.41843
202300048717,14,6,2023,2025-12-05 00:08:00,5,75,75109,2,3,1,7,Boulevard Haussmann,48.87322,2.331147
202300048718,7,1,2023,2025-12-05 17:40:00,5,75,75107,2,3,2,3,Quai D Orsay,48.862439,2.309257
202300048719,29,9,2023,2025-12-05 08:10:00,1,94,94004,2,9,1,1,Avenue Du General Leclerc,48.754447,2.506054
202300048720,14,6,2023,2025-12-05 00:50:00,5,75,75107,2,1,1,6,Quai Anatole France,48.861962,2.3213
202300048721,16,7,2023,2025-12-05 01:15:00,5,94,94074,2,6,1,2,Rue Du Colonel Fabien,48.748,2.46522
202300048722,7,1,2023,2025-12-05 14:00:00,1,75,75104,2,3,1,7,Rue Beaubourg,48.860306,2.353021
202300048723,29,9,2023,2025-12-05 13:35:00,1,93,93066,2,2,1,3,Rue Ampere / Boulevard De La Liberation,48.92368323,2.34198864
202300048724,7,1,2023,2025-12-05 10:30:00,1,94,94021,2,9,1,3,Boulevard Circulaire Est,48.76078,2.36027
202300048725,13,6,2023,2025-12-05 20:57:00,2,75,75104,2,3,1,2,Quai Henri Iv,48.848912,2.362541
202300048726,17,7,2023,2025-12-05 17:25:00,1,94,94068,2,6,1,3,D'Adamville Kennedy (Pl),48.79363,2.4864
202300048727,29,9,2023,2025-12-05 16:51:00,1,93,93046,2,2,1,6,Allee Joseph Noize / Rue Francois Villon,48.92117,2.53791
202300048728,7,1,2023,2025-12-05 13:59:00,1,93,93072,2,3,8,6,Rue De Fontenay / Rue Villiers De Gonesse,48.96851,2.37837891
202300048729,14,6,2023,2025-12-05 16:50:00,1,94,94081,2,5,7,6,Quai Jules Guesde,48.79471,2.41799
202300048730,7,1,2023,2025-12-05 18:15:00,5,93,93066,2,1,2,3,Boulevard Anatole France,48.92726,2.35243
202300048731,29,9,2023,2025-12-05 08:40:00,1,93,93013,2,2,1,3,Rue Jean Moulin / Rue Edouard Vaillant,48.93591,2.43526
202300048732,17,7,2023,2025-12-05 23:30:00,3,94,94022,2,5,1,5,Avenue Leon Gourdault,48.76447,2.40564
202300048733,14,6,2023,2025-12-05 19:20:00,1,94,94044,2,1,1,1,17 Avenue Gabriel Peri,48.75224238,2.48616984
202300048734,7,1,2023,2025-12-05 16:45:00,4,93,93051,2,1,2,6,88 Avenue Emile Cossonneau,48.84931,2.56479
202300048735,18,7,2023,2025-12-05 12:00:00,1,93,93078,2,5,1,6,Boulevard Robert Ballanger / Rue Norbert Segard,48.95615,2.54026
202300048736,29,9,2023,2025-12-05 20:05:00,5,93,93001,2,4,1,3,Rue Andre Karman / Rue Edouard Poisson,48.90737,2.38477
202300048737,7,1,2023,2025-12-05 07:06:00,5,93,93006,2,1,1,2,Avenue Du General De Gaulle,48.86438775,2.41718128
202300048738,13,6,2023,2025-12-05 21:50:00,5,94,94046,2,1,1,2,Boulevard Gallieni,48.79652,2.42993
202300048739,29,9,2023,2025-12-05 04:45:00,5,93,93001,2,1,1,2,Avenue Jean Jaures,48.90137,2.38948
202300048740,18,7,2023,2025-12-05 18:40:00,1,93,93064,2,1,1,2,Avenue Du President John Kennedy,48.8788537,2.49027816
202300048741,7,1,2023,2025-12-05 00:58:00,5,93,93014,2,3,1,6,Avenue De Sevigne / Rue Des Bois,48.91235,2.54232
202300048742,28,9,2023,2025-12-05 09:20:00,1,92,92072,2,1,1,3,Pont De Sevres,48.82834393,2.22630098
202300048743,18,7,2023,2025-12-05 15:00:00,1,93,93053,2,9,1,3,Rue De Paris,48.89867,2.4446
202300048744,14,6,2023,2025-12-05 14:40:00,1,94,94046,2,3,1,3,Rue Amedee Chenal,48.81176,2.42256
202300048745,29,9,2023,2025-12-05 17:30:00,1,92,92064,2,1,1,7,Marechal Juin,48.83652,2.22185
202300048746,6,1,2023,2025-12-05 16:10:00,1,93,93047,2,1,8,6,Rue Du General De Gaulle,48.89927801,2.56296605
202300048747,29,9,2023,2025-12-05 12:48:00,1,92,92076,2,1,1,7,La Celle Saint Cloud,48.84684933,2.16096997
202300048748,14,6,2023,2025-12-05 14:55:00,1,94,94041,2,3,1,3,Boulevard De Stalingrad,48.80559963,2.37626874
202300048749,17,7,2023,2025-12-05 09:05:00,1,93,93010,2,2,1,1,Rue De Paris / Avenue De Rosny,48.9039462,2.47076702
202300048750,7,1,2023,2025-12-05 12:22:00,1,92,92064,2,6,1,2,Julles Pelletier,48.8521758,2.22004348
202300048751,29,9,2023,2025-12-05 14:10:00,1,92,92063,2,1,1,6,Perret (Rue Auguste),48.88993086,2.16759261
202300048752,18,7,2023,2025-12-05 12:00:00,1,93,93050,2,1,1,2,Avenue Jean Jaures,48.86439538,2.55119157
202300048753,7,1,2023,2025-12-05 15:00:00,1,92,92062,2,1,2,3,Republique (Rue De La) Ndeg 100 A 14,48.88639689,2.24414259
202300048754,14,6,2023,2025-12-05 16:47:00,1,94,94028,2,9,1,3,Avenue De Verdun,48.79385,2.46113
202300048755,29,9,2023,2025-12-05 21:03:00,5,92,92050,2,6,1,3,Boule Place De La,48.88697291,2.20066532
202300048756,7,1,2023,2025-12-05 11:20:00,1,92,92049,2,1,1,6,Briand Avenue Aristide Ndeg1 A 129,48.816952,2.325753
202300048757,18,7,2023,2025-12-05 11:45:00,1,93,93029,2,1,1,2,Avenue Jean Jaures,48.92032,2.45028
202300048758,14,6,2023,2025-12-05 14:45:00,1,94,94028,2,6,1,3,Car De Pompadour,48.77414114,2.43890181
202300048759,28,9,2023,2025-12-05 12:30:00,1,92,92020,2,1,1,3,Verdun Avenue De Autres Ndeg,48.79989943,2.2821638
202300048760,7,1,2023,2025-12-05 08:40:00,1,92,92036,2,6,1,3,Pierre De Coubertin (Boulevard) (Port ->,48.93014,2.28453
202300048761,14,6,2023,2025-12-05 06:45:00,2,94,94028,2,1,1,1,Boulevard Jean-Baptiste Oudry,48.77641535,2.45725107
202300048762,17,7,2023,2025-12-05 22:30:00,5,93,93047,2,3,1,1,Avenue Des Sciences / Avenue Sauvage,48.90603,2.57955
202300048763,29,9,2023,2025-12-05 08:50:00,1,92,92025,2,2,1,3,Colbert  55 A 113   42 A 102 (Rue),48.91280066,2.23565695
202300048764,7,1,2023,2025-12-05 10:22:00,1,92,92060,2,7,1,2,Leon Blum (Avenue) (Rd 75),48.77285,2.25159
202300048765,10,6,2023,2025-12-05 16:32:00,1,94,94079,2,1,1,3,Rue Du General De Gaulle,48.82837,2.55395
202300048766,28,9,2023,2025-12-05 10:35:00,1,92,92025,2,9,1,3,President Salvador Allende (Rue Du),48.91941331,2.22665012
202300048767,18,7,2023,2025-12-05 09:33:00,1,92,92051,2,9,1,6,General Leclerc (Boulevard Du Ndeg 29 A 65,48.89211765,2.2649399
202300048768,7,1,2023,2025-12-05 00:20:00,5,92,92023,2,2,1,1,General De Gaulle (Av Du) Ndeg130 A 340 Et,48.78822,2.25851
202300048769,29,9,2023,2025-12-05 17:00:00,1,92,92019,2,1,1,6,Salengro Roger (Rue),48.76709554,2.27253199
202300048770,14,6,2023,2025-12-05 18:40:00,1,94,94069,2,5,1,1,Rue Du Pont,48.81833,2.41966
202300048771,18,7,2023,2025-12-05 19:28:00,1,92,92020,2,9,1,3,Vanves Boulevard De Ndeg Pairs,48.8099,2.2826
202300048772,3,1,2023,2025-12-05 18:30:00,5,92,92019,2,1,1,6,Saint Exupery (Avenue),48.76552904,2.25374329
202300048773,29,9,2023,2025-12-05 20:19:00,5,92,92012,2,3,1,6,Andre Morizet (Avenue) - 49/Fin - 54/Fin,48.83914706,2.2318764
202300048774,7,1,2023,2025-12-05 11:18:00,1,92,92009,2,1,1,6,Bourguignons ( Rue 33 A Fin ),48.91352757,2.27321177
202300048775,13,6,2023,2025-12-05 17:25:00,1,94,94069,2,5,7,3,Rue Du Marechal Leclerc,48.81835,2.41985
202300048776,18,7,2023,2025-12-05 11:50:00,1,92,92049,2,3,1,3,Barbes Rue,48.817283,2.328814
202300048777,29,9,2023,2025-12-05 15:34:00,1,92,92004,2,1,1,3,Jean Dussourd,48.90718909,2.29133606
202300048778,8,1,2023,2025-12-05 13:04:00,1,21,21638,1,1,1,2,A31,47.55219424,5.19764076
202300048779,18,7,2023,2025-12-05 12:10:00,1,92,92049,2,1,1,7,Brossolette Avenue Pierre,48.816903,2.306849
202300048780,30,9,2023,2025-12-05 10:30:00,1,50,50590,1,1,1,1,Route Du Chateau D'Eau,48.790489,-1.318775
202300048781,14,6,2023,2025-12-05 18:10:00,1,93,93005,2,2,1,3,Rue Auguste Renoir / Rue Louison Bobet,48.95969,2.49768
202300048782,17,7,2023,2025-12-05 19:25:00,1,92,92048,2,1,1,3,Le Corbeiller (Avenue) Ndeg 1 A 45,48.81318904,2.24061286
202300048783,14,6,2023,2025-12-05 07:50:00,1,93,93066,2,1,1,6,Rue De La Poterie,48.94444126,2.34676764
202300048784,18,7,2023,2025-12-05 15:00:00,1,92,92044,2,1,1,6,Aristide Briand(Rue)51A83  54A96,48.89403859,2.29212284
202300048785,28,9,2023,2025-12-05 14:15:00,1,37,37031,1,2,1,3,Intersection D35 Et Rue De La Lande,47.289837,0.171688
202300048786,29,9,2023,2025-12-05 18:15:00,1,1,1244,2,1,1,7,Rue Des Artisans,45.895724,5.19774
202300048787,7,1,2023,2025-12-05 19:30:00,5,71,71117,1,1,1,1,Route De Dole,46.785685,4.911125
202300048788,14,6,2023,2025-12-05 18:50:00,1,93,93064,2,1,1,2,Rue Du 4E Zouave,48.87252044,2.47678008
202300048789,18,7,2023,2025-12-05 08:50:00,1,92,92040,2,1,1,3,Pdt Roosevelt (Quai Du),48.82817342,2.2605527
202300048790,30,9,2023,2025-12-05 00:21:00,5,95,95487,2,9,1,6,Corentin Quideau (Rue),49.146089,2.258785
202300048791,18,7,2023,2025-12-05 12:20:00,1,92,92035,2,1,1,2,Republique ( Boulevard De La ),48.906693,2.246003
202300048792,8,1,2023,2025-12-05 09:30:00,1,76,76222,2,1,1,6,Rue Louis Pasteur,49.4912511,0.87547297
202300048793,14,6,2023,2025-12-05 12:10:00,1,93,93053,2,3,1,3,Rue Paul Vaillant Couturier / Passage Des Groux,48.89168,2.4458
202300048794,29,9,2023,2025-12-05 08:20:00,1,77,77047,1,1,1,6,A140,48.880353,2.886121
202300048795,18,7,2023,2025-12-05 07:50:00,1,92,92025,2,1,1,3,Charles De Gaulle (Bd),48.91435426,2.22942933
202300048796,8,1,2023,2025-12-05 07:30:00,3,11,11262,1,1,1,6,Pk 2 D13,43.207951,3.011939
202300048797,30,9,2023,2025-12-05 05:45:00,5,71,71202,1,1,1,6,A6 - Aire De Repos Le Curney,46.862465,4.82126
202300048798,14,6,2023,2025-12-05 14:20:00,1,93,93001,2,7,1,3,Avenue Jean Jaures,48.91545138,2.40475327
202300048799,18,7,2023,2025-12-05 20:22:00,1,92,92007,2,1,1,7,Ravera (Avenue Henri) Ndeg 111 A 217 Et 10,48.80378141,2.31232703
202300048800,8,1,2023,2025-12-05 11:50:00,1,71,71009,1,1,8,6,Route D?Autun,47.065021,4.096506
202300048801,29,9,2023,2025-12-05 17:30:00,1,58,58102,1,1,1,7,D33,47.37658,3.131715
202300048802,7,1,2023,2025-12-05 23:00:00,3,25,25370,1,1,1,6,Chemain De Lucelans,47.437348,6.764488
202300048803,14,6,2023,2025-12-05 11:25:00,1,93,93047,2,3,1,6,Boulevard De L'Europe / Chemin Du Tour Du Parc,48.8953,2.57124
202300048804,19,7,2023,2025-12-05 07:23:00,1,51,51358,2,3,1,1,Grande Rue,48.748524,4.847808
202300048805,30,9,2023,2025-12-05 14:15:00,1,62,62849,1,6,1,2,D303,50.408918,1.654558
202300048806,14,6,2023,2025-12-05 20:09:00,1,93,93005,2,1,1,6,Rue Des Mimosas,48.94922307,2.51113092
202300048807,29,9,2023,2025-12-05 14:15:00,1,50,50448,1,1,1,2,A84 Pr 158+150,48.58848,-1.32831
202300048808,13,6,2023,2025-12-05 19:50:00,1,92,92073,2,1,1,7,Stressemann (Avenue Gustave),48.86434,2.20491
202300048809,7,1,2023,2025-12-05 18:20:00,3,25,25601,1,3,1,5,D50,47.1701,6.385495
202300048810,14,7,2023,2025-12-05 19:20:00,1,71,71286,1,3,1,3,D980,46.601088,4.474598
202300048811,30,9,2023,2025-12-05 13:15:00,1,30,30334,2,1,1,6,Boulevard Des Allies,44.01127,4.417781
202300048812,19,7,2023,2025-12-05 14:55:00,1,6,6161,1,1,1,6,Route De Grasse,43.659944,7.097887
202300048813,7,1,2023,2025-12-05 18:45:00,3,25,25149,1,1,1,6,D440,47.128345,5.97873
202300048814,14,6,2023,2025-12-05 09:00:00,1,92,92051,2,1,1,6,Paul Chatrousse (Rue),48.88640606,2.26093858
202300048815,30,9,2023,2025-12-05 10:15:00,1,57,57572,2,1,7,6,Rue Auguste Rolland,49.010363,6.398318
202300048816,8,1,2023,2025-12-05 12:30:00,1,29,29038,1,1,2,6,18 - Toulloulan,48.405339,-3.950803
202300048817,29,9,2023,2025-12-05 19:00:00,2,59,59580,1,1,1,6,67 Route De Winnezeele,50.820615,2.573676
202300048818,16,7,2023,2025-12-05 17:49:00,1,18,18269,2,3,1,3,Grande Rue,47.459112,2.650044
202300048819,13,6,2023,2025-12-05 19:30:00,1,92,92020,2,3,1,3,Verdun Avenue De Autres Ndeg,48.79965,2.28114
202300048820,27,9,2023,2025-12-05 20:30:00,3,76,76460,1,1,1,7,Route Du Poteau Maitre Jean,49.902236,1.638572
202300048821,19,7,2023,2025-12-05 10:55:00,1,972,97231,2,1,1,6,Marina Pointe Du Bout,14.557031,-61.0533
202300048822,13,6,2023,2025-12-05 11:25:00,1,92,92020,2,9,1,3,Vanves Boulevard De Ndeg Pairs,48.807276,2.285224
202300048823,6,1,2023,2025-12-05 16:30:00,1,66,66149,2,3,1,6,37 Rue Du Palais De Justice,42.616994,2.421439
202300048824,1,8,2023,2025-12-05 08:45:00,1,26,26324,1,1,1,2,Autoroute A7,44.34541718,4.73793983
202300048825,14,6,2023,2025-12-05 16:50:00,1,92,92036,2,1,1,1,Camelinat (Boulevard) (49   +),48.93279,2.3019
202300048826,16,7,2023,2025-12-05 10:45:00,1,63,63248,1,1,1,6,Pont Des Eaux,45.722937,2.881862
202300048827,30,9,2023,2025-12-05 04:50:00,3,79,79078,1,1,1,7,Adresse_Inconnue,46.148064,-0.528771
202300048828,8,1,2023,2025-12-05 10:15:00,1,50,50219,1,6,1,3,Route De La Belle Croix,49.055308,-1.484227
202300048829,14,6,2023,2025-12-05 12:30:00,1,92,92004,2,3,1,6,Gabriel Peri (Avenue) (60/134),48.9169,2.29564
202300048830,18,7,2023,2025-12-05 10:00:00,1,57,57620,1,1,1,7,A4,49.189775,5.994705
202300048831,30,9,2023,2025-12-05 17:30:00,1,80,80417,1,2,1,3,Intersection Cd 41/Cd1029,49.873204,2.685642
202300048832,7,1,2023,2025-12-05 10:00:00,1,83,83011,1,1,1,6,Route De Seillans,43.630795,6.575511
202300048833,14,6,2023,2025-12-05 18:40:00,2,92,92035,2,1,1,7,National ( Boulevard ),48.90568326,2.23901689
202300048834,18,7,2023,2025-12-05 18:20:00,1,58,58162,1,1,1,6,D1,47.414844,3.256846
202300048835,30,9,2023,2025-12-05 00:30:00,3,81,81182,1,1,1,6,Chemin De Cabrilles,43.719567,2.241511
202300048836,6,1,2023,2025-12-05 22:50:00,5,60,60189,2,1,8,6,5 Rue De La Ramee,49.531154,3.100677
202300048837,11,9,2023,2025-12-05 12:10:00,1,32,32132,2,1,1,1,N21,43.859612,0.659952
202300048838,18,7,2023,2025-12-05 19:10:00,1,62,62161,1,1,1,3,D215,50.824725,1.923396
202300048839,12,6,2023,2025-12-05 14:00:00,1,92,92025,2,2,1,3,Solferino (Rue   Av),48.93032,2.261691
202300048840,24,9,2023,2025-12-05 19:30:00,1,89,89450,2,1,1,6,6 Route De Villechavant,48.209838,3.131973
202300048841,10,6,2023,2025-12-05 07:20:00,1,92,92025,2,1,1,3,Audra (Av),48.928034,2.250694
202300048842,7,1,2023,2025-12-05 22:35:00,3,60,60686,1,1,2,1,D92,49.206019,2.391887
202300048843,29,9,2023,2025-12-05 17:50:00,1,63,63453,2,6,1,1,41 Avenue Jacques Duclos,45.786327,3.280476
202300048844,7,1,2023,2025-12-05 22:10:00,3,30,30224,1,1,1,6,D210A,43.927572,4.231882
202300048845,14,6,2023,2025-12-05 17:35:00,1,92,92024,2,1,1,6,Martyres De L'Occupation (Place Des),48.90062,2.30647
202300048846,19,7,2023,2025-12-05 18:15:00,1,62,62582,1,2,1,5,D939,50.26210769,2.88537052
202300048847,30,9,2023,2025-12-05 15:58:00,1,49,49261,1,3,1,3,Le Clairay,47.383387,-0.219265
202300048848,9,6,2023,2025-12-05 16:50:00,1,63,63026,1,1,1,6,D5,45.662051,2.965901
202300048849,11,7,2023,2025-12-05 07:40:00,1,57,57483,1,4,1,3,D674,48.928227,6.623388
202300048850,30,9,2023,2025-12-05 09:35:00,1,12,12006,1,2,1,3,Route Departementale 25 Pk 15+700,44.141458,2.651176
202300048851,29,9,2023,2025-12-05 20:15:00,3,86,86281,1,1,1,7,D43,46.745805,0.320266
202300048852,18,7,2023,2025-12-05 13:17:00,1,57,57057,1,1,1,3,D910,48.98712192,6.40002966
202300048853,8,1,2023,2025-12-05 09:30:00,1,69,69086,1,1,8,6,Autoroute 89,45.853972,4.651723
202300048854,15,6,2023,2025-12-05 17:25:00,1,65,65053,1,3,1,6,3 Rue Du Cap De La Marme,43.00897,0.565184
202300048855,30,9,2023,2025-12-05 07:08:00,2,68,68365,2,1,1,7,11 Route Du Vin,48.056489,7.299784
202300048856,8,1,2023,2025-12-05 01:20:00,5,6,6088,1,1,1,6,A8 Pk 186.000 Chaussee Nord,43.672109,7.201066
202300048857,7,6,2023,2025-12-05 16:00:00,1,79,79286,1,1,1,3,Adresse_Inconnue,46.646006,-0.63607
202300048858,14,6,2023,2025-12-05 17:10:00,1,26,26301,1,1,1,1,D112,45.124762,4.960263
202300048859,29,9,2023,2025-12-05 17:55:00,2,39,39160,1,9,1,2,Adresse_Inconnue,46.782467,5.446815
202300048860,17,7,2023,2025-12-05 17:56:00,1,79,79160,1,1,1,7,Adresse_Inconnue,46.138622,-0.176296
202300048861,29,9,2023,2025-12-05 18:40:00,2,39,39013,1,1,1,3,Adresse_Inconnue,46.88365,5.799988
202300048862,8,1,2023,2025-12-05 16:40:00,1,60,60533,1,1,8,2,A1 - Pk 81+600 Sens Paris/Lille,49.53084812,2.72361884
202300048863,14,6,2023,2025-12-05 14:20:00,1,22,22094,2,3,1,2,Rue Du Tertre Himbert,48.59258,-2.148272
202300048864,17,7,2023,2025-12-05 08:50:00,1,2A,2A085,1,1,1,1,Route Territoriale 40,41.913598,8.83335
202300048865,29,9,2023,2025-12-05 15:45:00,1,39,39255,1,1,1,6,Adresse_Inconnue,46.529834,5.438063
202300048866,8,1,2023,2025-12-05 00:05:00,3,83,83124,1,1,2,7,Route De Draguignan,43.610597,6.653166
202300048867,18,7,2023,2025-12-05 20:00:00,1,32,32213,1,1,1,6,D632,43.471593,0.903363
202300048868,30,9,2023,2025-12-05 11:45:00,1,39,39556,1,1,1,6,Adresse_Inconnue,46.595736,5.72802
202300048869,15,6,2023,2025-12-05 05:15:00,2,13,13078,2,2,1,3,Rue Marcel Baudin,43.389519,4.805963
202300048870,8,1,2023,2025-12-05 17:45:00,5,52,52246,2,1,2,6,Rue Du 152 E Ri,47.902477,5.30395
202300048871,18,7,2023,2025-12-05 17:50:00,1,71,71546,1,1,1,1,1412 Route La Tramblyronne,46.32895,4.547492
202300048872,29,9,2023,2025-12-05 19:05:00,2,31,31574,1,6,1,1,D820,43.428489,1.419039
202300048873,7,1,2023,2025-12-05 19:25:00,5,68,68154,2,1,1,1,Rue Hoffet,47.786846,7.345149
202300048874,14,6,2023,2025-12-05 10:20:00,1,28,28041,1,1,1,6,Beaurouvres,48.321054,1.277069
202300048875,19,7,2023,2025-12-05 12:33:00,1,89,89162,1,1,1,1,Adresse_Inconnue,48.273139,3.27311
202300048876,7,1,2023,2025-12-05 15:35:00,1,67,67263,1,1,1,6,D3,49.006433,7.818704
202300048877,15,6,2023,2025-12-05 09:10:00,1,1,1166,1,9,1,6,Zac Du Pardy,45.982254,4.776446
202300048878,29,9,2023,2025-12-05 16:40:00,1,38,38416,2,3,1,6,Avenue De Provence,45.149493,5.314733
202300048879,7,1,2023,2025-12-05 15:25:00,1,88,88412,1,1,1,7,Saint-Benoit-La-Chipotte,48.369764,6.771011
202300048880,19,7,2023,2025-12-05 13:35:00,1,61,61473,1,3,1,2,D916,48.699309,-0.152537
202300048881,14,6,2023,2025-12-05 15:55:00,1,22,22084,1,1,1,7,Rn 176- Pr : 34+950,48.40786,-2.340388
202300048882,8,1,2023,2025-12-05 03:43:00,3,54,54557,1,3,2,6,Rd400,48.69292215,6.06354117
202300048883,18,7,2023,2025-12-05 19:53:00,2,42,42100,2,1,1,1,Route Du Petit Mas,45.557724,4.410356
202300048884,15,6,2023,2025-12-05 11:15:00,1,50,50373,1,1,1,7,N 13 - Pr 23+100,49.426611,-1.33147
202300048885,3,6,2023,2025-12-05 17:45:00,1,63,63121,1,1,1,7,Autoroute A75 - Sens Nord/Sud - Point Kilometrique:21+400,45.60902744,3.22098117
202300048886,7,1,2023,2025-12-05 16:30:00,1,54,54350,1,1,1,1,Marainviller,48.59640776,6.61467075
202300048887,6,7,2023,2025-12-05 19:50:00,2,44,44041,1,2,1,3,L'Aubiniere,47.090991,-1.581934
202300048888,8,1,2023,2025-12-05 06:15:00,5,64,64422,2,1,2,6,Rue Des Basques,43.18701,-0.625684
202300048889,14,6,2023,2025-12-05 14:45:00,1,62,62060,1,1,1,1,Rd 941,50.20734,2.092359
202300048890,18,7,2023,2025-12-05 16:40:00,1,14,14494,1,2,1,3,1697 Route Departementale 400,49.271739,-0.103587
202300048891,30,9,2023,2025-12-05 12:30:00,1,70,70493,1,1,1,6,D15,47.401632,6.051085
202300048892,7,1,2023,2025-12-05 16:45:00,1,76,76558,1,1,1,1,D95,49.394133,1.171911
202300048893,15,6,2023,2025-12-05 16:00:00,1,57,57703,2,1,1,1,Rue De Metting,48.842898,7.18326
202300048894,17,7,2023,2025-12-05 20:25:00,1,5,5046,2,1,1,7,Route De Chalvet,44.569383,6.498263
202300048895,7,1,2023,2025-12-05 18:40:00,3,62,62889,2,1,2,1,D232,50.78975783,1.74412842
202300048896,29,9,2023,2025-12-05 12:40:00,1,58,58299,1,1,1,3,D977,47.445228,3.439536
202300048897,7,1,2023,2025-12-05 04:45:00,5,59,59370,2,1,2,7,27 Avenue Du Floricamp,50.315763,3.988162
202300048898,6,1,2023,2025-12-05 15:00:00,1,13,13211,1,1,1,6,Sens Aubagne Vers Marseille,43.287,5.4359
202300048899,13,6,2023,2025-12-05 19:00:00,1,19,19133,1,1,1,7,Peyrissac,44.991998,1.919303
202300048900,18,7,2023,2025-12-05 16:15:00,1,64,64160,1,1,1,6,D932,43.347496,-1.404834
202300048901,7,1,2023,2025-12-05 02:25:00,5,92,92002,1,1,1,3,Autoroute A86,48.76265903,2.30300964
202300048902,16,7,2023,2025-12-05 18:05:00,1,64,64504,2,2,1,3,Route Des Ventas,43.292451,-1.559994
202300048903,15,6,2023,2025-12-05 16:15:00,1,56,56190,1,1,1,1,Le Crano,47.981261,-2.758749
202300048904,23,6,2023,2025-12-05 01:35:00,3,73,73124,1,1,2,6,N90,45.64927992,6.34194106
202300048905,7,1,2023,2025-12-05 16:50:00,3,92,92050,1,1,2,2,A86,48.91808521,2.22294963
202300048906,18,7,2023,2025-12-05 14:40:00,1,10,10259,1,1,1,4,Route De Bray,48.46851,3.447758
202300048907,15,6,2023,2025-12-05 14:00:00,1,76,76087,1,2,7,3,Rue De Bosc Mare,49.711978,0.81666
202300048908,8,7,2023,2025-12-05 18:40:00,1,7,7101,2,1,1,7,D111,44.408677,4.294238