num_acc,jour,mois,an,hrmn,lum,dep,com,agg,int,atm,col,adr,lat,long
202300048909,6,1,2023,2025-12-05 08:00:00,2,94,94017,1,1,1,5,A4,48.82769882,2.50651797
202300048910,14,6,2023,2025-12-05 11:20:00,1,2A,2A085,1,1,1,7,Col Saint Georges,41.892758,8.931026
202300048911,17,7,2023,2025-12-05 11:25:00,1,24,24499,1,3,1,6,Intersection Rd32 Et Route De La Ferriere,44.869086,0.563173
202300048912,14,6,2023,2025-12-05 03:30:00,3,32,32429,1,1,1,6,Lamouraque,44.003982,0.637776
202300048913,6,1,2023,2025-12-05 09:50:00,1,75,75114,2,1,1,3,Porte De Vanves,48.824004,2.307669
202300048914,19,7,2023,2025-12-05 07:50:00,1,37,37273,1,3,1,3,D140,47.381298,0.783666
202300048915,14,6,2023,2025-12-05 17:15:00,1,61,61324,1,1,8,1,D55 Pr5+660,48.510132,-0.758765
202300048916,16,7,2023,2025-12-05 22:13:00,3,10,10213,1,1,1,2,A5,48.18264647,4.41311909
202300048917,6,1,2023,2025-12-05 18:20:00,5,75,75120,2,2,1,6,Rue De Belleville,48.872093,2.377105
202300048918,19,7,2023,2025-12-05 10:45:00,1,24,24538,1,1,1,1,Foncaude,44.821497,0.965279
202300048919,6,1,2023,2025-12-05 12:30:00,1,75,75120,2,3,1,6,Rue Frederick Lemaitre,48.87533,2.393583
202300048920,17,7,2023,2025-12-05 14:30:00,1,987,98738,1,1,1,6,Rt 1 Pk 13.5 Eglise Mormone,-17.617892,-149.548988
202300048921,6,1,2023,2025-12-05 17:30:00,5,75,75119,2,2,1,3,Rue De Crimee,48.895258,2.372006
202300048922,13,7,2023,2025-12-05 15:00:00,1,987,98738,2,1,1,1,Rt 1 Pk 17.500,-17.6547,-149.59821
202300048923,15,6,2023,2025-12-05 12:38:00,1,49,49135,1,1,1,7,17 Route De Soulaire,47.56929,-0.585332
202300048924,18,7,2023,2025-12-05 17:10:00,1,68,68278,1,1,1,2,Autoroute A35,47.762542,7.417406
202300048925,6,1,2023,2025-12-05 15:15:00,1,75,75116,2,2,1,6,Avenue D Iena,48.87228,2.295312
202300048926,14,6,2023,2025-12-05 13:41:00,1,44,44069,1,1,1,3,1E Route De La Turballe,47.334118,-2.459897
202300048927,18,7,2023,2025-12-05 04:15:00,2,68,68267,1,1,1,2,A36 Pk003+900 Sens Mulhouse-Belfort,47.73945223,7.22551847
202300048928,4,1,2023,2025-12-05 19:10:00,5,75,75116,2,1,2,6,Avenue Du President Wilson,48.863469,2.288743
202300048929,18,7,2023,2025-12-05 15:15:00,1,51,51636,1,1,7,7,A4 Pk 156+300 Dans Le Sens Paris/Strasbourg,49.138846,4.21728
202300048930,15,6,2023,2025-12-05 08:00:00,1,29,29274,1,2,1,3,Lieu Dit Broust,48.033029,-3.729365
202300048931,6,1,2023,2025-12-05 15:05:00,1,75,75113,2,3,1,3,Boulevard Massena,48.822655,2.372876
202300048932,19,7,2023,2025-12-05 15:45:00,1,45,45006,1,1,1,6,A71 Pr 114 + 286,47.767513,1.851776
202300048933,6,1,2023,2025-12-05 20:12:00,5,75,75110,2,2,1,3,Rue Du Faubourg Du Temple,48.868882,2.367638
202300048934,15,7,2023,2025-12-05 16:40:00,1,60,60138,1,1,1,3,"Peage De Chamant, Autoroute A1, Sens Lille Vers Paris",49.215558,2.626392
202300048935,6,1,2023,2025-12-05 16:30:00,2,75,75110,2,3,8,2,Rue La Fayette,48.881334,2.364711
202300048936,19,7,2023,2025-12-05 08:55:00,1,62,62476,1,1,1,1,A1,50.35840561,2.9586845
202300048937,20,7,2023,2025-12-05 01:30:00,5,988,98811,1,3,3,6,Rt1/Rue De La Caferie,-21.067391,164.866183
202300048938,14,6,2023,2025-12-05 17:55:00,1,29,29217,1,1,1,2,Rn 165,47.88797,-3.7729
202300048939,6,1,2023,2025-12-05 00:20:00,5,75,75109,2,3,9,3,Rue La Fayette,48.87657,2.346567
202300048940,18,7,2023,2025-12-05 18:15:00,1,41,41136,1,3,1,3,Rue De Chantecaille,47.700202,1.52166
202300048941,13,6,2023,2025-12-05 15:30:00,1,29,29024,2,9,1,6,Rue De Kervoazou,48.279245,-3.542482
202300048942,6,1,2023,2025-12-05 08:30:00,1,75,75102,2,7,1,2,Place De L Opera,48.870655,2.332327
202300048943,19,7,2023,2025-12-05 16:23:00,1,28,28094,1,1,1,6,D116,48.658555,1.510395
202300048944,15,6,2023,2025-12-05 15:00:00,1,38,38269,2,1,1,7,Rn85,44.933222,5.781689
202300048945,18,7,2023,2025-12-05 19:20:00,1,66,66024,1,1,1,6,Adresse_Inconnue,42.517093,2.833292
202300048946,6,1,2023,2025-12-05 18:30:00,3,94,94044,2,1,1,2,Avenue Descartes,48.738606,2.494732
202300048947,15,6,2023,2025-12-05 19:10:00,1,2,2112,1,1,1,3,Adresse_Inconnue,49.991739,3.38881
202300048948,19,7,2023,2025-12-05 08:00:00,1,84,84141,2,1,1,6,Chemin De La Nuit,43.96667,4.905277
202300048949,18,7,2023,2025-12-05 12:50:00,1,68,68353,1,1,2,7,D19B,47.63472937,7.36213538
202300048950,6,1,2023,2025-12-05 07:10:00,5,93,93078,1,1,2,4,Avenue Vauban,48.96697,2.55192
202300048951,14,6,2023,2025-12-05 17:00:00,1,15,15122,2,1,1,2,D319,44.713814,2.187041
202300048952,6,1,2023,2025-12-05 19:30:00,5,93,93048,2,1,1,3,Boulevard Theophile Sueur,48.86412415,2.4668735
202300048953,18,7,2023,2025-12-05 21:10:00,2,26,26220,1,3,1,3,Route De Montelimar,44.366799,5.122976
202300048954,18,7,2023,2025-12-05 23:38:00,3,86,86049,1,1,1,6,Rue Des Bornais,46.975669,0.109571
202300048955,19,7,2023,2025-12-05 11:00:00,1,64,64165,1,1,1,7,Le Luzoue (Ruisseau),43.268351,-0.580028
202300048956,14,6,2023,2025-12-05 17:45:00,1,15,15140,2,2,1,3,Rue D'Alagnon,44.95426241,2.4156189
202300048957,5,1,2023,2025-12-05 13:00:00,1,92,92077,2,1,2,6,Desvallieres (Chemin),48.8248,2.19786
202300048958,15,7,2023,2025-12-05 05:30:00,4,44,44110,2,1,1,6,200 L'Isle,47.42493,-1.482371
202300048959,19,7,2023,2025-12-05 11:25:00,1,22,22178,1,1,1,7,29 Kerderrien,48.692292,-2.997707
202300048960,6,1,2023,2025-12-05 22:47:00,5,92,92020,2,1,1,6,Paris Avenue De Ndeg Impairs,48.80802245,2.29537815
202300048961,14,6,2023,2025-12-05 20:10:00,1,72,72050,2,9,1,3,D4 Route De Sille,47.967686,-0.232301
202300048962,6,1,2023,2025-12-05 11:25:00,1,92,92020,2,1,1,3,Verdun Avenue De Ndeg2 A 28,48.80381686,2.28821933
202300048963,18,7,2023,2025-12-05 11:30:00,1,27,27448,2,1,1,6,Rue Marcel Moisson,49.011528,1.376252
202300048964,19,7,2023,2025-12-05 13:30:00,1,76,76295,1,1,1,1,D 919,49.65767,1.63392
202300048965,6,1,2023,2025-12-05 09:05:00,1,92,92020,2,1,1,3,Vanves Boulevard Ndeg Impairs,48.80682,2.28571
202300048966,18,7,2023,2025-12-05 16:46:00,1,13,13005,1,1,1,2,A50-Sens Marseille Vers Aubagne,43.28877533,5.55984403
202300048967,6,1,2023,2025-12-05 11:10:00,1,92,92048,2,1,1,6,Sebastien Terramorsi (Square),48.78736354,2.23555975
202300048968,18,7,2023,2025-12-05 13:45:00,1,13,13026,1,1,1,5,A55-Sens Martigues Vers Marseille,43.39583,5.12363
202300048969,6,1,2023,2025-12-05 16:45:00,1,92,92040,2,1,1,3,Rodin (Boulevard),48.8172,2.25513
202300048970,18,7,2023,2025-12-05 07:30:00,1,69,69256,1,1,1,3,Autoroute 42,45.80416918,4.92612908
202300048971,14,6,2023,2025-12-05 18:15:00,1,50,50155,1,3,1,5,Route De La Moinerie,48.574233,-1.376354
202300048972,6,1,2023,2025-12-05 18:10:00,5,92,92026,2,1,1,6,Mission Marchand (Cote Pair),48.89625,2.24064
202300048973,18,7,2023,2025-12-05 02:25:00,3,33,33162,1,9,1,3,Rocade A 630,44.86690079,-0.64971685
202300048974,15,6,2023,2025-12-05 07:30:00,1,90,90105,1,1,1,7,D50,47.460318,6.984451
202300048975,6,1,2023,2025-12-05 13:05:00,1,92,92023,2,1,1,6,Andreas Beck (Rue),48.78545,2.25148
202300048976,13,7,2023,2025-12-05 04:00:00,4,59,59220,1,1,1,6,Autoroute A1,50.58,3.08742
202300048977,14,6,2023,2025-12-05 12:00:00,1,45,45146,1,1,1,4,D2020 Pr 48 + 580,47.732216,1.937016
202300048978,6,1,2023,2025-12-05 21:40:00,3,83,83132,1,1,1,2,Autoroute A57,43.17418924,6.04887562
202300048979,15,6,2023,2025-12-05 12:55:00,1,64,64016,1,1,1,6,"D 58, P.R. 2+900, Sens Decroissant",43.076823,-1.444437
202300048980,18,7,2023,2025-12-05 20:30:00,1,91,91086,1,1,1,7,Rn 104,48.62429,2.39364
202300048981,6,1,2023,2025-12-05 20:15:00,3,972,97214,1,3,1,1,Quartier Vive,14.843237,-61.089048
202300048982,4,6,2023,2025-12-05 13:35:00,1,64,64210,1,2,1,3,1 Route De Pau,43.46972,-0.119074
202300048983,7,1,2023,2025-12-05 15:01:00,1,27,27301,1,1,8,2,Rn 154,48.954917,1.200943
202300048984,14,6,2023,2025-12-05 08:30:00,1,18,18011,2,6,1,2,Le Canadien,47.563344,2.452049
202300048985,3,1,2023,2025-12-05 19:15:00,5,68,68300,2,1,1,4,D201,47.779453,7.389175
202300048986,17,7,2023,2025-12-05 07:30:00,1,93,93064,1,1,1,2,Autoroute A86,48.87109766,2.48225139
202300048987,5,1,2023,2025-12-05 10:40:00,1,91,91666,1,6,2,7,Rue De Fretay,48.680474,2.232424
202300048988,15,6,2023,2025-12-05 10:20:00,1,7,7143,2,3,1,5,Route Departementale 86,45.352535,4.757842
202300048989,6,1,2023,2025-12-05 18:55:00,5,35,35024,2,1,2,6,Rue Du Tregor,48.1831624,-1.64609045
202300048990,7,1,2023,2025-12-05 05:45:00,3,56,56243,1,1,3,6,66 Route De Nantes,47.64925,-2.71279
202300048991,12,6,2023,2025-12-05 04:23:00,3,4,4079,1,1,1,6,D4,44.098388,6.024199
202300048992,6,1,2023,2025-12-05 20:45:00,3,56,56206,1,1,8,6,14 Route De Plescop,47.698556,-2.779605
202300048993,13,6,2023,2025-12-05 20:37:00,1,85,85021,1,1,1,7,Rd86,47.037243,-1.266174
202300048994,6,1,2023,2025-12-05 11:50:00,1,79,79190,1,1,8,1,Adresse_Inconnue,46.68259,-0.469451
202300048995,15,6,2023,2025-12-05 17:00:00,1,27,27198,1,9,1,1,Route De Lyre (Le Roncenay-Authenay),48.874939,1.041084
202300048996,6,1,2023,2025-12-05 21:50:00,3,19,19274,1,9,1,6,Adresse_Inconnue,45.18799366,1.49089203
202300048997,7,1,2023,2025-12-05 16:00:00,1,33,33307,1,1,8,6,78 Route De Prat,44.492901,-0.390165
202300048998,14,6,2023,2025-12-05 10:30:00,1,88,88053,1,1,1,2,D424,48.408252,7.075796
202300048999,7,1,2023,2025-12-05 09:00:00,1,11,11397,1,1,8,6,Adresse_Inconnue,43.203111,2.472696
202300049000,7,1,2023,2025-12-05 14:30:00,1,63,63269,1,1,1,7,D229,45.631243,3.225249
202300049001,14,6,2023,2025-12-05 16:00:00,1,68,68235,1,1,7,4,A35,47.993375,7.378768
202300049002,7,1,2023,2025-12-05 13:15:00,1,63,63214,1,1,1,7,Rue Du Cendre,45.69106,3.19096
202300049003,14,6,2023,2025-12-05 18:15:00,2,973,97307,1,1,3,1,N4 - Pk8,4.856953,-52.312839
202300049004,5,1,2023,2025-12-05 17:30:00,5,55,55578,2,1,1,1,D631,49.190755,5.657576
202300049005,7,1,2023,2025-12-05 18:15:00,5,41,41106,2,3,1,6,Rue Roland Dorgeles,47.601645,2.023212
202300049006,15,6,2023,2025-12-05 01:00:00,3,31,31286,1,1,1,2,A64,43.261413,1.116936
202300049007,15,6,2023,2025-12-05 16:30:00,1,13,13051,1,1,1,1,Route De Coudoux,43.586064,5.15291
202300049008,6,1,2023,2025-12-05 19:31:00,3,41,41127,1,1,1,6,D925,47.577181,1.782687
202300049009,31,5,2023,2025-12-05 16:00:00,1,78,78571,2,1,1,1,40 Rue Charles De Gaulle,48.857283,2.014991
202300049010,6,1,2023,2025-12-05 15:30:00,1,34,34094,1,1,8,3,Route De Beziers,43.427593,3.249936
202300049011,15,6,2023,2025-12-05 17:30:00,1,82,82025,1,1,1,2,A20,43.929565,1.318424
202300049012,5,1,2023,2025-12-05 17:30:00,3,44,44178,1,1,2,3,8 Le Surchaud,47.11335,-1.716485
202300049013,15,6,2023,2025-12-05 17:15:00,1,47,47041,1,1,1,2,A62,44.21333924,0.40243753
202300049014,6,1,2023,2025-12-05 18:30:00,3,66,66072,1,1,1,2,D33F,42.48505,2.004147
202300049015,6,1,2023,2025-12-05 21:20:00,3,72,72158,1,1,1,6,Lieu Dit Saint Hubert,48.05268559,0.68473935
202300049016,10,6,2023,2025-12-05 16:50:00,1,68,68267,1,9,1,2,Autoroute A36 Pk 004+700,47.73703112,7.21521185
202300049017,7,1,2023,2025-12-05 17:40:00,3,18,18167,1,1,2,7,Adresse_Inconnue,47.115613,1.930718
202300049018,15,6,2023,2025-12-05 13:55:00,1,21,21515,2,6,1,6,Rue Du Cap Vert,47.311006,5.092683
202300049019,6,1,2023,2025-12-05 11:20:00,1,43,43087,2,3,1,6,Berthollet,45.22095546,4.34709504
202300049020,14,6,2023,2025-12-05 19:40:00,1,29,29002,1,1,1,6,Goffouennec,47.87566,-3.455476
202300049021,6,1,2023,2025-12-05 23:10:00,3,4,4116,1,1,1,7,D4,44.003238,5.942026
202300049022,7,1,2023,2025-12-05 11:00:00,1,87,87111,1,1,1,6,Puymoreau,45.763519,0.894302
202300049023,15,6,2023,2025-12-05 11:00:00,1,91,91671,1,1,1,3,D148,48.474436,2.260727
202300049024,7,1,2023,2025-12-05 11:25:00,1,30,30170,1,1,8,6,Adresse_Inconnue,43.970172,3.546934
202300049025,7,1,2023,2025-12-05 00:55:00,3,49,49332,1,1,1,2,N249,47.07512,-0.94495
202300049026,12,6,2023,2025-12-05 12:45:00,1,13,13015,2,1,1,1,Rue Sainte Victoire,43.442883,5.410713
202300049027,6,1,2023,2025-12-05 18:50:00,3,34,34333,1,1,1,1,"D612, Pk 15+150",43.4743,3.770253
202300049028,14,6,2023,2025-12-05 12:20:00,1,89,89102,1,1,1,1,D965,47.768998,3.457282
202300049029,3,1,2023,2025-12-05 19:45:00,3,13,13113,1,1,1,3,A51 - 26+800,43.582695,5.476114
202300049030,12,6,2023,2025-12-05 13:30:00,1,21,21191,1,1,1,1,Departementale 996,47.15266,5.090921
202300049031,14,6,2023,2025-12-05 10:00:00,1,68,68318,2,3,1,6,39Bis Rue De La Vallee,47.960572,7.239752
202300049032,5,1,2023,2025-12-05 23:00:00,3,33,33527,1,1,1,4,A660,44.613934,-1.047606
202300049033,14,6,2023,2025-12-05 10:15:00,1,63,63203,1,2,1,3,D796/Rd15,45.841253,3.051946
202300049034,15,6,2023,2025-12-05 17:30:00,1,38,38548,1,1,1,5,D531,45.077066,5.521145
202300049035,3,1,2023,2025-12-05 16:20:00,1,987,98747,1,3,1,3,"Taravao Centre Pk 60, Intersection Mc Donald Et Rt1",-17.756,-148.736
202300049036,14,6,2023,2025-12-05 14:45:00,1,38,38442,1,4,1,7,Route Du Col De Porte,45.311779,5.772141
202300049037,15,6,2023,2025-12-05 14:38:00,1,26,26179,1,2,1,3,D532,45.065709,4.890708
202300049038,15,6,2023,2025-12-05 08:10:00,1,69,69159,1,3,1,3,Route De Tarare,45.975723,4.676281
202300049039,14,6,2023,2025-12-05 19:45:00,1,31,31433,2,1,1,5,Boulevard De L'Europe,43.534849,1.39492
202300049040,15,6,2023,2025-12-05 12:35:00,1,35,35221,2,1,1,2,8 Les Perrenelles,47.875349,-1.686742
202300049041,14,6,2023,2025-12-05 09:05:00,1,60,60172,1,6,1,3,Route De La Seigneurie,49.14527298,2.44066882
202300049042,15,6,2023,2025-12-05 17:30:00,1,80,80561,2,3,7,3,Avenue Maurice Leconte,49.645006,2.565511
202300049043,14,6,2023,2025-12-05 07:45:00,1,80,80721,1,6,1,3,D940,50.17639,1.613231
202300049044,14,6,2023,2025-12-05 18:25:00,1,59,59280,1,1,1,7,Route De Tortequesne,50.280736,3.058501
202300049045,15,6,2023,2025-12-05 07:10:00,1,59,59615,1,1,7,3,D53,50.703144,2.618917
202300049046,13,6,2023,2025-12-05 09:25:00,1,83,83144,1,1,1,6,A57,43.14305537,6.01077376
202300049047,13,6,2023,2025-12-05 23:00:00,3,69,69029,1,1,1,2,Route Departementale 383,45.73741,4.90316
202300049048,14,6,2023,2025-12-05 11:35:00,1,91,91570,1,1,1,3,Rn 104,48.62493,2.32151
202300049049,14,6,2023,2025-12-05 08:50:00,1,91,91687,1,1,1,2,Autoroute A6,48.66536,2.36323
202300049050,14,6,2023,2025-12-05 07:10:00,1,92,92025,1,1,1,3,A86,48.91903976,2.22360689
202300049051,13,6,2023,2025-12-05 07:50:00,1,92,92072,1,1,1,2,N118,48.82499763,2.221007
202300049052,13,6,2023,2025-12-05 08:20:00,1,78,78126,1,1,1,2,A13,48.83559,2.12996
202300049053,13,6,2023,2025-12-05 11:30:00,1,59,59343,2,3,1,6,Martyrs Rue Des,50.590418,3.116268
202300049054,13,6,2023,2025-12-05 02:30:00,5,92,92075,2,9,1,7,Chatillon (Rue De),48.81728129,2.28367969
202300049055,12,6,2023,2025-12-05 16:00:00,1,974,97416,1,1,2,7,Maurice Thorez(Chemin),-21.277,55.468
202300049056,12,6,2023,2025-12-05 17:35:00,3,974,97416,1,1,2,2,Rn02,-21.332116,55.479322
202300049057,13,6,2023,2025-12-05 09:45:00,1,974,97411,2,1,1,6,Riviere (Rue Maxime),-20.90636,55.50025
202300049058,13,6,2023,2025-12-05 16:45:00,1,974,97409,2,1,1,2,Lefaguyes (Chemin),-20.95835,55.66466
202300049059,13,6,2023,2025-12-05 11:40:00,1,973,97302,2,1,1,6,Raban (Route De),4.92152505,-52.31260872
202300049060,13,6,2023,2025-12-05 07:25:00,1,972,97209,2,1,2,1,Tivoli (Route De ),14.63727,-61.07151
202300049061,13,6,2023,2025-12-05 21:00:00,1,69,69382,2,1,1,6,2 Rue Auguste Comte,45.75661,4.83212
202300049062,13,6,2023,2025-12-05 19:20:00,1,69,69381,2,1,3,3,8 Quai Jean Moulin,45.76679,4.83831
202300049063,13,6,2023,2025-12-05 14:50:00,1,69,69034,2,1,1,6,81 Quai Clemenceau,45.80148,4.84191
202300049064,13,6,2023,2025-12-05 09:00:00,1,69,69389,2,1,8,3,84 Avenue Sidoine Apollinaire,45.76749,4.79762
202300049065,12,6,2023,2025-12-05 23:20:00,5,2B,2B120,2,1,1,2,11 - Rt,42.653295,9.440913
202300049066,13,6,2023,2025-12-05 13:50:00,1,971,97113,1,1,1,6,Grand Baie ( Rn4),16.21803,-61.50828
202300049067,13,6,2023,2025-12-05 01:00:00,5,971,97101,2,9,1,6,Vieux Bourg,16.24935344,-61.53029859
202300049068,13,6,2023,2025-12-05 15:28:00,1,2A,2A004,2,1,1,6,Verdun Avenue De,41.91909,8.72648
202300049069,13,6,2023,2025-12-05 07:25:00,1,91,91161,2,1,1,2,Rte De Wissous,48.72013,2.31162
202300049070,13,6,2023,2025-12-05 20:10:00,2,91,91691,1,3,1,3,Cd 94,48.72728,2.50032
202300049071,30,10,2023,2025-12-05 11:09:00,1,13,13071,1,1,3,2,A7-Sens Marseille Vers Lyon,43.40731,5.28941
202300049072,31,10,2023,2025-12-05 15:50:00,1,83,83137,1,1,1,2,A57,43.12888314,5.97671289
202300049073,31,10,2023,2025-12-05 10:35:00,1,83,83062,1,1,1,4,A57,43.14377482,6.02062152
202300049074,31,10,2023,2025-12-05 04:15:00,3,69,69142,1,1,1,6,Route De Metropole 7,45.7274,4.81648
202300049075,31,10,2023,2025-12-05 18:55:00,2,33,33143,1,1,1,3,Autoroute A 10,44.97186,-0.43507
202300049076,30,10,2023,2025-12-05 08:20:00,1,59,59523,1,1,2,5,Autoroute A23,50.59716,3.14484
202300049077,31,10,2023,2025-12-05 17:37:00,2,91,91661,1,1,1,3,Autoroute A10,48.69567,2.234576
202300049078,31,10,2023,2025-12-05 17:00:00,2,91,91161,1,1,2,3,Autoroute A6,48.70092,2.30961
202300049079,30,10,2023,2025-12-05 19:55:00,3,77,77251,1,1,1,5,Autoroute A5A,48.60952,2.57629
202300049080,31,10,2023,2025-12-05 13:12:00,1,92,92064,1,1,1,3,A13,48.83942655,2.20596191
202300049081,31,10,2023,2025-12-05 16:50:00,1,95,95241,1,1,1,4,N104,49.04547281,2.44634628
202300049082,31,10,2023,2025-12-05 18:50:00,3,93,93066,1,1,1,3,Autoroute A1,48.9338,2.38271
202300049083,16,5,2023,2025-12-05 16:50:00,1,95,95241,1,1,1,4,N104,49.04549,2.44736
202300049084,31,10,2023,2025-12-05 17:00:00,5,93,93066,1,1,1,2,Autoroute A1,48.90789956,2.35813022
202300049085,31,10,2023,2025-12-05 10:00:00,1,95,95018,1,1,1,3,A15,48.95313,2.27919
202300049086,31,10,2023,2025-12-05 12:20:00,1,94,94052,1,1,1,4,A86,48.83441554,2.49343043
202300049087,31,10,2023,2025-12-05 08:10:00,1,94,94069,1,1,1,2,A4,48.81731094,2.44243718
202300049088,31,10,2023,2025-12-05 02:00:00,4,94,94073,1,1,8,6,A86 Int,48.768846,2.37919993
202300049089,30,10,2023,2025-12-05 14:40:00,1,2B,2B037,2,9,1,2,Toutes Rues,42.62268,9.43726
202300049090,30,10,2023,2025-12-05 00:30:00,5,971,97120,2,6,1,1,Chemin Neuf,16.22965,-61.53132
202300049091,30,10,2023,2025-12-05 00:10:00,5,971,97105,2,1,1,6,Felix Eboue (Boulvard G.General),15.99188,-61.72841
202300049092,30,10,2023,2025-12-05 10:50:00,1,95,95197,2,9,3,3,D928,48.96466683,2.32071161
202300049093,27,10,2023,2025-12-05 14:23:00,1,87,87085,2,1,2,2,Larrey (Avenue Dominique),45.813495,1.241433
202300049094,30,10,2023,2025-12-05 11:00:00,1,83,83137,2,9,3,6,Foch (Ave Du Marechal),43.12751,5.91967
202300049095,29,10,2023,2025-12-05 12:30:00,1,82,82121,2,1,1,6,Quai Villebourbon,44.016354,1.351326
202300049096,30,10,2023,2025-12-05 19:23:00,2,78,78643,2,2,2,2,Europe Bd De L',48.974131,1.987177
202300049097,30,10,2023,2025-12-05 18:00:00,5,78,78498,2,6,2,2,Quarante Sous Route De,48.91734,2.01282
202300049098,29,10,2023,2025-12-05 18:30:00,5,78,78498,1,6,8,3,Quarante Sous Route De,48.91754,2.01241
202300049099,30,10,2023,2025-12-05 10:30:00,1,76,76305,1,6,2,7,Cote De L'Estuaire,49.49804,0.2312
202300049100,29,10,2023,2025-12-05 05:11:00,3,76,76259,1,1,1,7,D486,49.7331,0.38744
202300049101,30,10,2023,2025-12-05 23:10:00,5,69,69256,1,1,1,6,Boulevard Peripherique Nord,45.79153,4.88381
202300049102,30,10,2023,2025-12-05 17:30:00,5,69,69256,2,1,3,6,Avenue Garibaldi,45.76781,4.93544
202300049103,29,10,2023,2025-12-05 02:50:00,5,69,69271,2,3,1,3,Chemin De L'Afrique,45.73804085,4.9703001
202300049104,30,10,2023,2025-12-05 18:06:00,5,68,68066,2,2,3,6,Clemenceau (Avenue Georges),48.06954,7.36044
202300049105,30,10,2023,2025-12-05 19:40:00,4,64,64335,2,1,1,1,Jean Jaures,43.31704,-0.42976
202300049106,29,10,2023,2025-12-05 17:10:00,1,64,64122,2,1,3,2,Bab(Boulevard),43.48505,-1.5384
202300049107,23,10,2023,2025-12-05 17:05:00,2,55,55545,2,1,1,3,Metz ( Avenue De ),49.13322,5.30807
202300049108,30,10,2023,2025-12-05 19:40:00,5,51,51108,2,9,1,7,Voltaire (All),48.95147,4.36819
202300049109,30,10,2023,2025-12-05 07:40:00,2,49,49007,2,1,2,3,Pasteur Avenue,47.48038,-0.5257
202300049110,28,10,2023,2025-12-05 17:40:00,1,49,49007,2,3,2,3,Rennes,47.47752,-0.54879
202300049111,30,10,2023,2025-12-05 20:25:00,5,45,45338,2,1,1,2,1Bis Avenue De La Liberation,47.99076,2.71075
202300049112,30,10,2023,2025-12-05 06:55:00,5,44,44184,2,6,2,6,Boulevard Des Apprentis,47.29401,-2.18828
202300049113,7,10,2023,2025-12-05 14:15:00,1,42,42275,2,1,1,3,Avenue Pierre Mendes-France,45.47157,4.37292
202300049114,30,10,2023,2025-12-05 11:58:00,1,37,37261,2,1,1,6,Alouette (Avenue),47.36328,0.69933
202300049115,30,10,2023,2025-12-05 07:30:00,2,37,37195,2,1,2,6,Proudhon (Avenue),47.38991,0.64866
202300049116,30,10,2023,2025-12-05 21:10:00,5,33,33192,1,1,2,6,15 Rue De Catoy,44.75642,-0.62238
202300049117,30,10,2023,2025-12-05 14:00:00,1,28,28404,2,1,2,6,Chartres (Ave De),48.71673,1.36955
202300049118,30,10,2023,2025-12-05 18:45:00,5,18,18279,2,1,8,2,89 Avenue Du 8 Mai 1945,47.23508,2.08563
202300049119,30,10,2023,2025-12-05 18:30:00,5,13,13117,2,1,2,5,Cd20 E,43.44817,5.23035
202300049120,24,10,2023,2025-12-05 22:00:00,5,13,13214,2,9,1,3,Plombieres (Boulevard Des),43.31727,5.38239
202300049121,30,10,2023,2025-12-05 18:30:00,2,13,13001,2,1,2,6,Rd 543,43.51127765,5.35009778
202300049122,30,10,2023,2025-12-05 18:55:00,5,11,11069,2,1,2,6,43 Boulevard Jean Jaures,43.21581,2.35387
202300049123,29,10,2023,2025-12-05 10:05:00,1,11,11069,1,1,1,7,1500 Route De Saint Hilaire,43.18947,2.33239
202300049124,29,10,2023,2025-12-05 08:30:00,1,9,9122,2,9,1,6,Berdoulet,42.982207,1.614226
202300049125,30,10,2023,2025-12-05 21:30:00,5,6,6123,2,3,1,1,De Gaulle General Avenue,43.66424,7.19366
202300049126,29,10,2023,2025-12-05 18:55:00,5,75,75119,2,1,1,4,Porte De Pantin,48.895385,2.394802
202300049127,29,10,2023,2025-12-05 18:30:00,5,75,75113,2,1,1,2,Bd Peripherique Interieur Porte D Ivry,48.818397,2.369347
202300049128,28,10,2023,2025-12-05 21:40:00,3,75,75117,2,1,2,6,Echangeur Maillot,48.880383,2.282184
202300049129,30,10,2023,2025-12-05 06:02:00,5,75,75119,2,7,2,6,Place De La Bataille De Stalingrad,48.883616,2.369009
202300049130,29,10,2023,2025-12-05 01:30:00,5,75,75113,2,1,1,3,Porte D Ivry,48.820406,2.375444
202300049131,30,10,2023,2025-12-05 09:30:00,1,75,75117,2,3,2,1,Avenue De Wagram,48.87535657,2.29615724
202300049132,30,10,2023,2025-12-05 10:40:00,1,75,75116,2,3,2,6,Avenue Victor Hugo,48.868834,2.283306
202300049133,30,10,2023,2025-12-05 09:15:00,1,75,75115,2,2,2,2,Boulevard Pasteur,48.843025,2.312794
202300049134,30,10,2023,2025-12-05 10:30:00,1,75,75112,2,2,2,3,Rue De Charenton,48.8316889,2.39787921
202300049135,29,10,2023,2025-12-05 22:20:00,5,75,75109,2,2,1,3,Boulevard Haussmann,48.872246,2.338317
202300049136,29,10,2023,2025-12-05 19:50:00,5,75,75108,2,2,1,2,Avenue Des Champs Elysees,48.871313,2.302505
202300049137,29,10,2023,2025-12-05 22:45:00,5,94,94022,2,9,1,3,Avenue De Lugo,48.773309,2.409491
202300049138,30,10,2023,2025-12-05 08:15:00,1,93,93077,2,1,2,6,Avenue Du General Gallieni,48.890422,2.509486
202300049139,30,10,2023,2025-12-05 09:40:00,1,93,93015,2,3,3,6,Rue De La Source / Rue De Courtry,48.91406,2.58953