num_acc,jour,mois,an,hrmn,lum,dep,com,agg,int,atm,col,adr,lat,long
202300049140,30,10,2023,2025-12-05 19:00:00,5,93,93030,2,1,9,2,Avenue Du 8 Mai 1945,48.94650584,2.43640358
202300049141,29,10,2023,2025-12-05 01:40:00,5,93,93010,2,2,3,7,Avenue Carnot / Rue Edouard Vaillant,48.89626,2.479837
202300049142,30,10,2023,2025-12-05 21:10:00,5,93,93007,2,3,8,3,Avenue Aristide Briand / Avenue Vladimir Ilitch Lenine,48.94541,2.45127
202300049143,22,8,2023,2025-12-05 19:00:00,1,92,92078,2,1,1,7,Verdun (Avenue) (Pairs 92 Et Plus),48.9344856,2.32102972
202300049144,30,10,2023,2025-12-05 09:21:00,2,92,92026,2,2,2,6,Charras,48.89514836,2.24991202
202300049145,30,10,2023,2025-12-05 18:35:00,5,92,92012,2,1,1,6,Alphonse Le Gallo (Quai) 1/34,48.83324804,2.22716475
202300049146,11,10,2023,2025-12-05 07:30:00,1,92,92002,2,1,8,7,Division Leclerc (53 A 217 - 58 A 186),48.74466282,2.30331302
202300049147,31,10,2023,2025-12-05 17:25:00,1,47,47324,1,1,1,1,1335 Route De Monpazier,44.63695562,0.75430658
202300049148,30,10,2023,2025-12-05 17:40:00,3,26,26031,1,1,3,1,D540,44.552596,4.877597
202300049149,30,10,2023,2025-12-05 17:20:00,1,81,81088,1,1,2,1,Rd 81 - Pk 15+950,43.846475,2.28786
202300049150,29,10,2023,2025-12-05 13:15:00,1,36,36006,1,1,2,2,Autoroute A20 - Pk 94+100,46.57171298,1.50038874
202300049151,30,10,2023,2025-12-05 12:20:00,1,30,30286,1,9,2,7,D 981,43.981189,4.469483
202300049152,31,10,2023,2025-12-05 09:55:00,1,21,21300,1,1,2,6,D33,47.281383,4.784718
202300049153,30,10,2023,2025-12-05 17:15:00,1,35,35197,1,1,1,1,D528,48.212672,-1.615561
202300049154,3,8,2023,2025-12-05 18:30:00,1,56,56218,1,1,2,6,La Metairie Neuve,47.72271,-2.320805
202300049155,30,10,2023,2025-12-05 14:18:00,1,56,56011,1,1,2,1,Route De Redon,47.600737,-2.236061
202300049156,31,10,2023,2025-12-05 16:15:00,1,65,65124,1,1,1,6,D25,42.833854,0.35152
202300049157,10,10,2023,2025-12-05 17:45:00,1,71,71442,1,1,1,6,D974,46.85434,4.641168
202300049158,31,10,2023,2025-12-05 14:05:00,1,12,12069,1,1,8,1,999,43.873492,2.69886
202300049159,28,10,2023,2025-12-05 19:48:00,3,47,47214,1,1,2,6,3515 Route De Damazan,44.316809,0.252283
202300049160,27,10,2023,2025-12-05 20:10:00,3,35,35188,1,1,3,1,L'Asniere,48.1216546,-1.9581145
202300049161,30,10,2023,2025-12-05 08:30:00,2,29,29069,1,1,2,2,Route De Pont Cabioc'H,48.40983074,-4.53486911
202300049162,23,10,2023,2025-12-05 20:10:00,5,38,38229,2,2,2,3,Avenue Du Gresivaudan,45.206216,5.75248
202300049163,27,10,2023,2025-12-05 19:55:00,5,54,54157,2,1,2,6,55 Avenue Du General De Gaulle,48.8417962,6.06899679
202300049164,13,5,2023,2025-12-05 17:35:00,1,72,72290,2,1,1,1,49 Rue Nationale,48.15242,0.131187
202300049165,31,10,2023,2025-12-05 17:00:00,1,90,90053,2,3,1,1,Rue Bellevue,47.540893,6.972247
202300049166,29,10,2023,2025-12-05 11:45:00,1,83,83056,1,1,1,6,D54,43.55833154,6.51369896
202300049167,30,10,2023,2025-12-05 18:25:00,2,18,18037,1,1,2,7,Adresse_Inconnue,47.563974,2.23913
202300049168,26,10,2023,2025-12-05 10:10:00,1,43,43268,1,1,1,7,Rue Du Meygal,45.113099,4.12373
202300049169,30,10,2023,2025-12-05 09:09:00,1,17,17340,1,9,1,3,D911,46.063965,-0.795699
202300049170,31,10,2023,2025-12-05 08:01:00,1,30,30235,2,1,1,7,D6086,43.926545,4.544329
202300049171,30,10,2023,2025-12-05 17:55:00,5,68,68375,2,1,2,6,8 Rue De Mulhouse,47.808911,7.239915
202300049172,31,10,2023,2025-12-05 12:00:00,1,79,79125,1,1,2,3,Adresse_Inconnue,46.237921,-0.435011
202300049173,30,10,2023,2025-12-05 14:10:00,1,976,97609,1,1,1,7,D4,-12.979802,45.146148
202300049174,31,10,2023,2025-12-05 10:30:00,1,69,69188,2,1,1,6,331 Chemin Du Calvaire,45.925513,4.458454
202300049175,31,10,2023,2025-12-05 10:00:00,1,69,69027,2,1,1,6,6 Rue Simone Veil,45.67435688,4.76406769
202300049176,30,10,2023,2025-12-05 09:45:00,1,2B,2B313,2,1,8,6,T10,42.37397,9.529921
202300049177,31,10,2023,2025-12-05 08:45:00,1,6,6151,1,1,1,6,M6202,43.899439,7.18905
202300049178,1,4,2023,2025-12-05 19:25:00,2,69,69387,2,3,2,3,Rue De Gerland,45.73122,4.8385
202300049179,31,10,2023,2025-12-05 09:30:00,1,55,55110,2,1,1,7,Rue De Bievres,49.537658,5.295343
202300049180,31,3,2023,2025-12-05 14:40:00,1,972,97213,1,2,1,5,Victor Lamon,14.62151,-60.98818
202300049181,1,4,2023,2025-12-05 11:15:00,1,69,69081,2,1,2,3,Chemin De Charriere Blanche,45.77798,4.77624
202300049182,30,10,2023,2025-12-05 17:15:00,2,63,63263,1,1,2,7,D942,45.76104739,2.98449247
202300049183,31,3,2023,2025-12-05 10:49:00,1,2B,2B037,2,9,1,6,Toutes Rues,42.6206,9.436
202300049184,29,10,2023,2025-12-05 12:00:00,1,73,73288,1,1,1,1,D16 Route De Pont Ameille,45.632008,5.91867
202300049185,1,4,2023,2025-12-05 22:25:00,4,91,91339,1,1,1,6,Rte Nationale 20,48.63329,2.26502
202300049186,31,10,2023,2025-12-05 11:30:00,1,7,7142,1,2,1,3,D108,44.739806,3.889246
202300049187,1,4,2023,2025-12-05 11:10:00,1,91,91339,2,3,1,2,Rue De Guillerville,48.638964,2.261337
202300049188,29,10,2023,2025-12-05 17:25:00,2,33,33240,2,2,1,3,Rue Des Abbes Collin,45.305007,-0.923227
202300049189,31,3,2023,2025-12-05 19:30:00,1,91,91161,2,1,1,2,Rte De Massy,48.71242,2.303058
202300049190,31,3,2023,2025-12-05 17:20:00,1,91,91027,2,1,1,2,Rte Nationale 7,48.704872,2.371494
202300049191,30,10,2023,2025-12-05 07:25:00,5,33,33056,2,3,3,6,Avenue Du General De Gaulle,44.92358501,-0.6347689
202300049192,29,10,2023,2025-12-05 06:45:00,2,53,53094,1,6,1,7,Nationale 162,48.01476,-0.72996
202300049193,1,4,2023,2025-12-05 12:30:00,1,83,83061,1,1,1,1,D7,43.51488,6.82578
202300049194,30,10,2023,2025-12-05 10:46:00,1,59,59377,2,6,2,6,Place Du General De Gaulle,50.121832,3.172921
202300049195,1,4,2023,2025-12-05 18:45:00,1,78,78517,2,9,1,6,Lenotre (Rue G.),48.63998,1.8266
202300049196,12,5,2023,2025-12-05 08:45:00,1,66,66012,1,6,1,3,Adresse_Inconnue,42.704144,2.832209
202300049197,29,10,2023,2025-12-05 18:55:00,3,83,83090,1,1,1,6,A50,43.1254,5.87643
202300049198,1,4,2023,2025-12-05 19:45:00,2,77,77400,1,6,2,6,D 402,48.7613,3.02396
202300049199,12,5,2023,2025-12-05 02:10:00,3,6,6123,1,1,1,6,A8,43.66793,7.196343
202300049200,30,10,2023,2025-12-05 06:08:00,2,57,57206,1,9,3,7,Autoroute A30,49.30394357,6.13127232
202300049201,11,5,2023,2025-12-05 20:00:00,3,976,97601,1,1,1,6,Route Ahamada M'Colo Mari,-12.725202,45.060678
202300049202,31,3,2023,2025-12-05 17:10:00,1,72,72181,2,1,8,4,Champion Henri (Rue) Ndeg Imp,47.98355,0.23439
202300049203,30,10,2023,2025-12-05 08:49:00,1,33,33487,1,1,8,5,Autoroute A 10,44.93864699,-0.46682507
202300049204,12,5,2023,2025-12-05 10:50:00,1,974,97402,2,1,1,2,Route Nationale 2,-20.999917,55.686318
202300049205,1,4,2023,2025-12-05 19:50:00,1,69,69264,2,2,8,3,Rue Ampere,45.98634,4.73225
202300049206,29,10,2023,2025-12-05 01:10:00,3,33,33162,1,1,3,2,Rocade A 630,44.87157834,-0.6415388
202300049207,11,5,2023,2025-12-05 07:52:00,1,973,97304,1,1,1,7,Route De L?Espace,5.190342,-52.722788
202300049208,1,4,2023,2025-12-05 22:18:00,5,69,69029,2,1,2,3,283 Route De Genas,45.74968626,4.91281524
202300049209,28,10,2023,2025-12-05 09:40:00,1,59,59350,1,1,1,7,Route Nationale 356,50.61685,3.07751
202300049210,12,5,2023,2025-12-05 06:40:00,1,21,21263,1,2,1,7,D996,47.25761747,5.05911249
202300049211,1,4,2023,2025-12-05 14:00:00,1,69,69029,2,1,8,4,Route De Genas,45.7454,4.9286
202300049212,28,10,2023,2025-12-05 04:15:00,3,59,59456,1,1,2,2,Autoroute A 21,50.38011,3.23256
202300049213,27,3,2023,2025-12-05 14:00:00,1,62,62215,2,1,1,6,Boulevard De La Justice,50.489578,2.942493
202300049214,11,5,2023,2025-12-05 20:10:00,1,66,66053,1,1,1,1,D114,42.528923,3.071601
202300049215,30,10,2023,2025-12-05 16:05:00,1,91,91136,1,1,1,6,Autoroute A10,48.71084,2.28856
202300049216,11,5,2023,2025-12-05 19:05:00,1,30,30128,2,1,1,6,10 Rue Emile Bilhau,43.729239,4.344803
202300049217,31,3,2023,2025-12-05 16:30:00,1,61,61001,2,3,3,2,Voie Communale,48.42947,0.0808
202300049218,30,10,2023,2025-12-05 09:22:00,1,94,94034,1,1,3,5,A6B,48.75433692,2.33216922
202300049219,11,5,2023,2025-12-05 08:50:00,1,11,11188,1,1,9,2,D6009,42.946952,2.988067
202300049220,1,4,2023,2025-12-05 03:30:00,5,54,54395,2,9,2,6,Charles Iii (Rue),48.685227,6.18027
202300049221,1,4,2023,2025-12-05 08:10:00,1,54,54367,1,1,3,7,N52,49.50228,5.79288
202300049222,30,10,2023,2025-12-05 08:25:00,2,92,92064,1,1,3,2,A13,48.83887386,2.1936047
202300049223,11,5,2023,2025-12-05 17:20:00,1,83,83117,1,2,1,3,D4,43.557089,6.701395
202300049224,2,4,2023,2025-12-05 01:10:00,5,49,49007,2,3,1,7,Avenue Pasteur,47.47435,-0.53721
202300049225,29,10,2023,2025-12-05 04:42:00,5,92,92064,1,1,2,6,A13,48.83969235,2.21105474
202300049226,12,5,2023,2025-12-05 12:21:00,1,13,13015,2,1,1,3,2010 Avenue De La Croix D?Or,43.448892,5.397873
202300049227,11,5,2023,2025-12-05 13:25:00,1,8,8081,2,1,1,6,Adresse_Inconnue,49.848133,4.769429
202300049228,28,8,2023,2025-12-05 12:35:00,1,29,29026,2,1,1,3,1186 Avenue Louison Bobet,48.2103301,-4.07561124
202300049229,31,3,2023,2025-12-05 00:40:00,5,42,42218,2,2,1,3,Rue Etienne Boisson,45.44672,4.38265
202300049230,3,5,2023,2025-12-05 18:30:00,1,67,67052,1,1,1,6,Rd 35,48.482743,7.451777
202300049231,27,8,2023,2025-12-05 03:30:00,3,1,1159,2,1,1,6,490 Route De Montgrimoux,46.337373,4.903089
202300049232,10,5,2023,2025-12-05 06:50:00,2,73,73179,2,1,3,6,171 Rue Des Allobroges,45.597273,5.875765
202300049233,28,10,2023,2025-12-05 23:15:00,3,92,92047,1,1,3,5,A13,48.83271459,2.15695103
202300049234,1,4,2023,2025-12-05 18:00:00,1,38,38169,2,3,2,1,Rue Eugene Charbonnier,45.1934,5.6792
202300049235,28,8,2023,2025-12-05 00:30:00,3,26,26166,2,1,1,1,N7,44.759609,4.83488
202300049236,12,5,2023,2025-12-05 16:00:00,1,7,7086,1,2,1,1,D532,45.107908,4.743841
202300049237,30,10,2023,2025-12-05 20:10:00,3,93,93078,1,1,8,2,Autoroute A104,48.96728918,2.5119989
202300049238,29,3,2023,2025-12-05 17:30:00,1,38,38169,2,1,1,6,D106,45.19245,5.69756
202300049239,31,3,2023,2025-12-05 10:30:00,1,34,34129,2,9,1,3,1 Avenue De Figuiere,43.58423,3.92799
202300049240,1,12,2023,2025-12-05 17:25:00,3,27,27230,1,9,1,3,Departemntale 143,48.870026,1.434177
202300049241,12,5,2023,2025-12-05 09:10:00,1,69,69009,2,1,1,2,Route De Villefranche,45.946696,4.714401
202300049242,27,8,2023,2025-12-05 15:55:00,1,58,58046,1,1,1,7,D981,46.843961,3.659611
202300049243,30,10,2023,2025-12-05 16:00:00,1,95,95572,1,1,2,2,A15,49.03444,2.10118
202300049244,1,4,2023,2025-12-05 13:20:00,1,33,33318,2,1,1,3,Avenue Pasteur,44.80034,-0.65914
202300049245,10,5,2023,2025-12-05 19:20:00,1,17,17038,1,1,1,7,D145,45.196037,-0.327567
202300049246,4,12,2023,2025-12-05 07:00:00,5,62,62399,2,1,4,1,D339,50.306788,2.60641
202300049247,26,8,2023,2025-12-05 21:45:00,3,72,72054,1,1,1,1,D357,48.007263,0.340716
202300049248,30,10,2023,2025-12-05 16:48:00,2,95,95582,1,1,3,6,A15,48.97479,2.2443
202300049249,7,5,2023,2025-12-05 19:30:00,1,24,24572,1,1,1,1,D2,44.652643,0.852942
202300049250,5,12,2023,2025-12-05 18:30:00,5,30,30060,1,1,1,1,Chemin Des Canaux,43.79202516,4.37737727
202300049251,30,10,2023,2025-12-05 15:20:00,1,95,95572,1,1,3,6,N184,49.03549763,2.11713195
202300049252,27,8,2023,2025-12-05 15:49:00,1,72,72349,1,1,1,1,Lieu Dit L?Orme,48.197473,0.193355
202300049253,1,4,2023,2025-12-05 20:30:00,5,27,27299,2,1,2,4,Briand (Avenue Aristide),49.050422,1.164584
202300049254,11,5,2023,2025-12-05 20:10:00,1,60,60088,1,1,1,7,Rue De Montchavert,49.23475,2.20999
202300049255,4,12,2023,2025-12-05 09:25:00,1,31,31157,2,1,8,6,72 Route De Tournefeuille,43.552891,1.334703
202300049256,30,10,2023,2025-12-05 11:00:00,1,92,92036,1,1,2,3,Autoroute A15,48.94920532,2.28069842
202300049257,5,12,2023,2025-12-05 07:56:00,3,76,76380,1,2,2,1,D152,49.80316648,0.96910411
202300049258,30,10,2023,2025-12-05 16:30:00,1,94,94028,1,1,8,2,N406,48.78106943,2.4414599
202300049259,27,8,2023,2025-12-05 12:40:00,1,36,36070,2,3,1,3,Rue Camille Toussaints,46.44109277,1.58327043
202300049260,1,4,2023,2025-12-05 13:21:00,1,22,22215,2,1,2,2,Carpont (Le),48.50012,-2.77738
202300049261,11,5,2023,2025-12-05 18:15:00,1,13,13071,1,1,1,4,A51-Sens Aix En Provence Vers Marseille,43.41418849,5.36456931
202300049262,1,4,2023,2025-12-05 14:13:00,1,16,16341,1,1,1,6,Grand Girac (Le),45.63581,0.12262
202300049263,4,12,2023,2025-12-05 18:15:00,2,80,80008,2,2,2,3,Rue De Gamaches,50.037293,1.593103
202300049264,28,6,2023,2025-12-05 09:25:00,1,63,63113,2,6,1,3,Cote Blatin (Bd),45.76797,3.08659
202300049265,11,5,2023,2025-12-05 17:56:00,1,13,13211,1,1,1,4,A50-Sens Marseille Vers Aubagne,43.29304,5.47554
202300049266,27,8,2023,2025-12-05 14:20:00,1,21,21584,1,4,1,1,Rd 977 Bis,47.276186,4.203944
202300049267,1,4,2023,2025-12-05 10:17:00,1,14,14242,1,1,1,1,Avenue De Garbsen,49.21993624,-0.35860598
202300049268,4,12,2023,2025-12-05 14:15:00,1,89,89018,2,1,2,1,Rue De Beaudemont,48.0497,3.3155
202300049269,28,6,2023,2025-12-05 22:05:00,5,63,63164,2,6,1,6,Charles De Gaulle (Bd),45.81347,3.13619
202300049270,10,5,2023,2025-12-05 18:20:00,1,13,13211,1,1,1,2,A50-Sens Marseille Vers Aubagne,43.29297841,5.47637741
202300049271,5,12,2023,2025-12-05 09:35:00,1,76,76618,1,1,2,1,Rd925,49.989256,1.270123
202300049272,1,4,2023,2025-12-05 20:00:00,2,13,13208,2,3,1,1,Paradis (Rue),43.27540086,5.38437126
202300049273,26,8,2023,2025-12-05 23:40:00,3,24,24217,1,9,3,6,D710,44.985563,0.888348
202300049274,4,12,2023,2025-12-05 09:40:00,1,61,61346,1,1,8,7,D703,48.914077,0.100733
202300049275,1,4,2023,2025-12-05 08:45:00,1,6,6069,2,1,1,2,Pegomas (Route De),43.63983,6.93419
202300049276,10,5,2023,2025-12-05 22:35:00,3,13,13001,1,1,1,2,A51-Sens Aix En Provence Vers Marseille,43.51936,5.42815
202300049277,23,8,2023,2025-12-05 09:45:00,1,85,85047,2,1,1,6,Rd1753,46.8392523,-1.89184
202300049278,20,7,2023,2025-12-05 01:10:00,3,13,13076,1,9,1,2,A7 Pk 207.500 Sens 2,43.83371,5.00483
202300049279,25,8,2023,2025-12-05 07:35:00,1,27,27201,1,1,1,7,D79,49.199766,1.038213
202300049280,11,5,2023,2025-12-05 08:15:00,1,67,67389,1,1,1,2,M35,48.64676,7.73325
202300049281,4,12,2023,2025-12-05 07:50:00,2,47,47214,1,2,2,3,A Picon,44.334978,0.266582
202300049282,31,3,2023,2025-12-05 18:10:00,1,3,3185,2,1,3,1,Avenue Jules Guesde,46.340612,2.584549
202300049283,9,7,2023,2025-12-05 15:35:00,1,13,13076,1,1,1,3,A7 - Pk 211.000 - Sens Nord Sud,43.822731,5.027377
202300049284,28,7,2023,2025-12-05 19:20:00,1,27,27108,1,2,1,2,D926,48.746045,0.81831
202300049285,11,5,2023,2025-12-05 19:45:00,1,91,91659,1,1,1,3,Autoroute A6,48.586247,2.452016
202300049286,1,4,2023,2025-12-05 17:30:00,1,75,75113,2,1,2,3,Porte D Italie,48.82094,2.37772
202300049287,4,12,2023,2025-12-05 09:00:00,1,47,47189,1,2,7,3,La Guine Du Bois,44.538561,0.3321
202300049288,28,10,2023,2025-12-05 14:55:00,1,974,97411,2,1,1,3,Topazes(Allee Des),-20.89484,55.4452
202300049289,26,8,2023,2025-12-05 23:30:00,5,978,97801,2,1,1,7,R De Pic Paradis,18.08027039,-63.06160927
202300049290,1,4,2023,2025-12-05 14:05:00,1,75,75113,2,1,1,2,Bd Peripherique Interieur,48.816347,2.363837
202300049291,29,10,2023,2025-12-05 15:55:00,1,973,97302,2,1,1,7,Port (Du Vieux),4.93712,-52.33839
202300049292,28,8,2023,2025-12-05 01:55:00,5,33,33122,1,6,1,6,Chemin Du Pot Aux Pins,44.715537,-0.756115
202300049293,3,12,2023,2025-12-05 14:15:00,1,47,47151,1,1,2,1,Route De Lalande,44.73111,0.313593
202300049294,11,5,2023,2025-12-05 17:30:00,1,91,91689,1,1,1,4,Autoroute A6B,48.7403,2.3187
202300049295,24,10,2023,2025-12-05 11:40:00,1,973,97302,2,1,1,6,Zephir (Cite),4.93401963,-52.31286317
202300049296,22,8,2023,2025-12-05 20:50:00,2,27,27517,1,1,1,6,Autoroute A13Pk 78+800,49.114719,1.334431
202300049297,31,3,2023,2025-12-05 01:00:00,5,75,75120,2,1,2,6,Echangeur Bagnolet,48.866022,2.412676
202300049298,4,12,2023,2025-12-05 17:35:00,3,34,34142,2,1,1,3,D609,43.703297,3.328986
202300049299,29,10,2023,2025-12-05 01:05:00,3,973,97302,2,1,1,7,Tigre (Route Du),4.9142,-52.30943
202300049300,27,8,2023,2025-12-05 12:05:00,1,987,98747,1,1,1,3,"Afaahiti, Pk 2.500, Rt3",-17.756156,-148.735641
202300049301,11,5,2023,2025-12-05 09:10:00,1,91,91534,1,1,1,2,Rn 118,48.71706,2.17131
202300049302,29,10,2023,2025-12-05 19:00:00,5,69,69386,2,1,1,3,Rue De Crequi,45.77627,4.84467
202300049303,2,4,2023,2025-12-05 19:15:00,2,75,75117,2,2,1,3,Place General Catroux,48.882602,2.310247
202300049304,27,8,2023,2025-12-05 09:55:00,1,974,97422,1,1,1,7,"Route Nationale 3, Lieu-Dit Source Reilhac",-21.172397,55.585166
202300049305,28,11,2023,2025-12-05 16:00:00,1,68,68042,2,1,1,2,30 Rue Du 19 Novembre,47.607523,7.502466
202300049306,11,5,2023,2025-12-05 07:50:00,1,91,91228,1,1,1,3,Autoroute A6,48.62391,2.41988
202300049307,26,8,2023,2025-12-05 10:55:00,1,971,97101,1,1,1,6,D101,16.289144,-61.476231
202300049308,2,4,2023,2025-12-05 16:30:00,1,75,75117,2,2,8,6,Rue Guy Moquet,48.893011,2.327416
202300049309,27,10,2023,2025-12-05 17:30:00,1,69,69389,2,2,1,7,74 Rue De Saint-Cyr,45.78333,4.80761
202300049310,4,12,2023,2025-12-05 07:45:00,2,44,44069,1,1,2,6,Adresse_Inconnue,47.312766,-2.402254
202300049311,26,8,2023,2025-12-05 21:45:00,5,45,45144,2,1,1,6,12 Place De L'Eglise,47.83564,2.111982
202300049312,2,4,2023,2025-12-05 04:30:00,5,75,75111,2,3,2,6,Avenue Parmentier,48.85915,2.37949
202300049313,11,5,2023,2025-12-05 21:39:00,3,92,92036,1,1,1,6,A86,48.93404,2.27166
202300049314,29,10,2023,2025-12-05 03:55:00,5,69,69382,2,3,1,6,Quai Marechal Joffre,45.75285888,4.82470405
202300049315,5,12,2023,2025-12-05 14:15:00,1,29,29165,1,3,1,3,Lieu Dit Quelarn,47.82133311,-4.25329801
202300049316,2,4,2023,2025-12-05 19:12:00,1,75,75104,2,4,1,6,Rue De Rivoli,48.855726,2.358976
202300049317,28,8,2023,2025-12-05 08:10:00,1,77,77168,1,1,1,1,D30,48.180409,2.849793
202300049318,29,10,2023,2025-12-05 18:54:00,3,95,95585,2,1,1,6,Division Leclerc (Avenue De La),48.98261153,2.37048142
202300049319,4,12,2023,2025-12-05 19:20:00,3,31,31510,1,1,2,1,D635,43.275838,0.685487
202300049320,1,4,2023,2025-12-05 22:10:00,5,93,93064,2,1,2,6,Rue J Et Etienne De Montgolfier,48.88605314,2.48408424
202300049321,10,5,2023,2025-12-05 10:15:00,5,75,75116,1,1,2,3,A13W,48.848202,2.248716
202300049322,27,8,2023,2025-12-05 17:26:00,1,77,77484,1,1,1,3,D228,48.889351,2.953504
202300049323,29,10,2023,2025-12-05 13:50:00,1,95,95680,1,1,1,3,D10,49.01323324,2.40693122
202300049324,1,4,2023,2025-12-05 23:20:00,5,93,93048,2,7,1,2,Place De La Fraternite / Rue Arsene Chereau,48.8571,2.4223
202300049325,23,8,2023,2025-12-05 07:50:00,1,66,66008,1,1,1,7,D914,42.533018,3.046861
202300049326,30,11,2023,2025-12-05 00:45:00,3,66,66003,2,4,2,6,Avenue Docteur Bouix,42.474467,2.670676
202300049327,29,10,2023,2025-12-05 05:50:00,5,91,91027,2,1,1,6,Vc Quai De L'Industrie,48.69661,2.39347
202300049328,27,8,2023,2025-12-05 07:45:00,2,5,5053,1,1,3,6,Route Des Princes D?Orange,44.339592,5.760225
202300049329,11,5,2023,2025-12-05 19:15:00,1,93,93048,1,1,1,5,Autoroute A3,48.87072328,2.4316594
202300049330,2,4,2023,2025-12-05 17:15:00,1,92,92050,2,5,8,3,Foch Marechal Place Du,48.8882438,2.19414622
202300049331,29,10,2023,2025-12-05 05:20:00,4,86,86194,2,1,3,6,Rue Du Faubourg Saint Cyprien,46.571051,0.342577
202300049332,2,4,2023,2025-12-05 18:30:00,1,37,37148,2,1,1,7,14 Grande Rue,46.982625,0.488369
202300049333,28,8,2023,2025-12-05 17:25:00,1,88,88410,1,1,1,6,Rd435,48.40989,6.704407
202300049334,4,12,2023,2025-12-05 14:20:00,1,14,14431,2,2,2,3,2 Rue Eugene Leriteau,49.074551,-0.072763
202300049335,11,5,2023,2025-12-05 14:20:00,1,93,93048,1,1,1,2,Autoroute A3,48.87346451,2.43622341
202300049336,29,10,2023,2025-12-05 05:10:00,5,84,84031,2,9,1,6,Legue Chemin De La,44.05515,5.05405
202300049337,1,4,2023,2025-12-05 18:05:00,1,37,37043,1,1,2,6,D74,47.527092,1.042885
202300049338,27,8,2023,2025-12-05 19:55:00,1,57,57474,2,6,1,3,D8,49.262848,6.173775
202300049339,4,12,2023,2025-12-05 14:00:00,1,5,5124,1,1,4,3,D14,44.605746,6.142012
202300049340,28,8,2023,2025-12-05 19:00:00,2,57,57482,1,1,1,7,D67,49.120459,6.318354
202300049341,11,5,2023,2025-12-05 08:50:00,1,95,95154,1,1,1,5,A1,49.03701,2.54124
202300049342,30,3,2023,2025-12-05 07:15:00,2,6,6161,2,1,1,6,10 Boulebard Des Italiens,43.642859,7.143946
202300049343,2,12,2023,2025-12-05 22:15:00,3,83,83078,1,1,1,6,550 Route De Regusse,43.65079121,6.15796531
202300049344,27,8,2023,2025-12-05 08:50:00,1,81,81219,1,1,2,6,Lieu-Dit Le Bousquet,43.611502,2.077553
202300049345,5,12,2023,2025-12-05 17:40:00,2,45,45145,2,1,2,6,37 Rue Des Roches,48.093588,2.79623
202300049346,27,10,2023,2025-12-05 13:00:00,1,73,73011,2,3,8,3,Contamine (Chemin De La),45.66425,6.37804
202300049347,11,5,2023,2025-12-05 09:05:00,1,93,93064,1,1,1,2,Autoroute A103,48.88676096,2.4791167
202300049348,27,8,2023,2025-12-05 15:30:00,1,79,79048,1,1,1,1,Adresse_Inconnue,46.354411,-0.34359
202300049349,2,4,2023,2025-12-05 20:15:00,3,30,30125,1,1,1,2,D 6113,43.774905,4.466629
202300049350,5,12,2023,2025-12-05 03:20:00,3,16,16329,1,9,2,6,La Tuilerie,45.918721,0.511079
202300049351,3,4,2023,2025-12-05 13:10:00,1,57,57300,1,1,1,6,D98D,48.70062,7.212374
202300049352,23,10,2023,2025-12-05 20:40:00,5,70,70388,1,6,1,3,Rd457,47.6256,6.13827
202300049353,27,8,2023,2025-12-05 18:05:00,1,85,85226,1,1,1,1,Rd38,46.728309,-1.950319
202300049354,11,5,2023,2025-12-05 06:45:00,1,93,93053,1,1,1,3,Autoroute A3,48.88411231,2.46310523
202300049355,3,4,2023,2025-12-05 13:15:00,1,67,67456,1,1,1,6,D1061,48.954892,7.063337
202300049356,4,12,2023,2025-12-05 07:50:00,1,40,40080,2,6,1,5,D824,43.762866,-0.320771
202300049357,26,8,2023,2025-12-05 17:55:00,1,85,85238,2,1,1,6,Rue De La Forge,46.9591,-0.891089
202300049358,3,4,2023,2025-12-05 05:30:00,3,67,67434,1,1,1,2,D1061,48.950563,7.071054
202300049359,28,10,2023,2025-12-05 16:45:00,1,69,69266,2,1,1,3,Boulevard De La Bataille De Stalingrad,45.78204,4.85985
202300049360,4,12,2023,2025-12-05 17:20:00,5,4,4116,2,1,2,6,Boulevard De La Republique,44.03008,5.973674
202300049361,11,5,2023,2025-12-05 17:00:00,1,77,77363,1,1,8,5,A104,48.912254,2.635613
202300049362,4,12,2023,2025-12-05 18:00:00,5,27,27467,2,1,2,6,Rue Des Deportes,49.354482,0.517773
202300049363,29,10,2023,2025-12-05 11:35:00,1,69,69290,2,1,1,6,Rue Colette,45.68996886,4.94235744
202300049364,31,3,2023,2025-12-05 22:30:00,3,80,80222,1,1,6,6,D111,50.222362,1.841798
202300049365,28,8,2023,2025-12-05 00:10:00,3,80,80799,1,6,1,6,D1029,49.870805,2.53355
202300049366,11,5,2023,2025-12-05 09:30:00,1,93,93051,1,1,1,4,A4,48.83635097,2.55324845
202300049367,29,10,2023,2025-12-05 21:40:00,5,67,67218,2,1,3,6,Industrie (Rue De L ),48.52899,7.7323
202300049368,3,4,2023,2025-12-05 14:45:00,1,82,82026,1,1,1,6,Route De Departementale 115,44.073465,1.638937
202300049369,28,8,2023,2025-12-05 16:00:00,1,59,59550,1,6,1,3,N47,50.533409,2.833762
202300049370,27,3,2023,2025-12-05 21:00:00,3,82,82090,1,1,1,6,Cote De Mirabel,44.087284,1.378661
202300049371,10,5,2023,2025-12-05 19:00:00,1,94,94018,1,1,1,5,A4,48.82465601,2.39368239