num_acc,jour,mois,an,hrmn,lum,dep,com,agg,int,atm,col,adr,lat,long
202300049372,5,12,2023,2025-12-05 08:40:00,1,45,45222,1,3,9,2,D31 Pr 26 + 990,48.107302,2.745241
202300049373,29,10,2023,2025-12-05 19:10:00,5,67,67482,2,3,3,3,Foret Noire (Avenue De La),48.580408,7.777556
202300049374,27,8,2023,2025-12-05 05:35:00,3,83,83090,1,1,1,2,A50,43.12103825,5.86698946
202300049375,2,4,2023,2025-12-05 06:30:00,3,11,11262,1,1,1,2,Adresse_Inconnue,43.206396,2.957575
202300049376,5,12,2023,2025-12-05 11:48:00,1,13,13009,1,1,1,7,D572,43.63227,5.187677
202300049377,10,5,2023,2025-12-05 11:00:00,1,94,94028,1,1,2,2,A86,48.78275411,2.44084607
202300049378,2,4,2023,2025-12-05 21:20:00,3,61,61150,1,1,8,6,D49 Pr0+560,48.749275,0.386701
202300049379,29,10,2023,2025-12-05 12:44:00,1,64,64260,2,1,1,2,Empereur (Boulevard De ),43.3552,-1.768
202300049380,5,12,2023,2025-12-05 07:50:00,1,13,13113,1,1,1,2,A51,43.581448,5.475783
202300049381,2,4,2023,2025-12-05 14:10:00,1,49,49215,1,1,1,6,Rue Du Cohu,47.155175,-0.099033
202300049382,10,5,2023,2025-12-05 07:30:00,1,77,77249,1,9,3,2,Rn104,48.728375,2.604602
202300049383,29,10,2023,2025-12-05 02:15:00,5,64,64024,2,1,1,2,Biarritz (Avenue De),43.48056,-1.52955
202300049384,26,8,2023,2025-12-05 19:57:00,2,69,69297,1,1,3,2,Autoroute 7,45.59448,4.79671
202300049385,5,12,2023,2025-12-05 06:31:00,3,72,72223,1,1,1,7,"A11, Pk 203+100",47.881125,-0.115356
202300049386,27,8,2023,2025-12-05 12:30:00,1,94,94043,1,1,1,6,A6B,48.80476702,2.34457441
202300049387,3,4,2023,2025-12-05 10:00:00,1,42,42302,1,1,2,1,Route De La Gachet,45.515504,4.443412
202300049388,28,10,2023,2025-12-05 18:15:00,1,63,63063,2,1,1,6,Nationale 9 (Rte),45.82216,3.11021
202300049389,10,5,2023,2025-12-05 07:15:00,1,76,76575,1,2,2,6,Boulevard Lenine,49.38161,1.10983
202300049390,3,12,2023,2025-12-05 19:15:00,3,60,60612,1,1,1,2,Autoroute A1 Vers Lille - Pk 39+000,49.201813,2.607837
202300049391,28,10,2023,2025-12-05 01:10:00,3,62,62194,1,1,2,6,D70,50.4848,2.4749
202300049392,10,5,2023,2025-12-05 14:55:00,1,54,54547,2,1,1,6,Boulevard De L'Europe,48.66245,6.172744
202300049393,2,4,2023,2025-12-05 06:45:00,2,68,68374,1,1,2,3,D11,48.082122,7.318553
202300049394,5,12,2023,2025-12-05 11:00:00,1,33,33005,2,2,1,3,Rue Joseph Marie Jacquard,44.76618,-1.074933
202300049395,28,10,2023,2025-12-05 11:50:00,1,62,62400,1,4,1,3,D86,50.48243,2.59382
202300049396,1,4,2023,2025-12-05 08:00:00,1,25,25558,2,1,1,1,Rd 67 Tarcenay,47.156338,6.115007
202300049397,10,5,2023,2025-12-05 12:00:00,1,38,38053,2,1,1,6,Avenue Du Dauphine,45.58505,5.29597
202300049398,26,8,2023,2025-12-05 23:50:00,4,93,93053,1,1,1,4,Autoroute A3,48.89707199,2.46965129
202300049399,4,12,2023,2025-12-05 11:40:00,1,987,98725,2,1,1,7,Pk 8.500 Montee Col Tahara'A,-17.511878,-149.500902
202300049400,2,4,2023,2025-12-05 03:45:00,3,29,29279,1,1,1,1,D58,48.584308,-3.877203
202300049401,10,5,2023,2025-12-05 07:30:00,1,24,24145,2,1,1,6,Grand-Lac (Route Du),44.85961,0.56566
202300049402,26,8,2023,2025-12-05 23:50:00,4,95,95256,1,1,1,2,N184,49.0569623,2.20683575
202300049403,29,10,2023,2025-12-05 11:40:00,1,59,59350,2,2,1,3,Bernos Rue,50.633343,3.086391
202300049404,4,12,2023,2025-12-05 13:10:00,1,973,97306,1,9,1,3,"Route Departementale 8 , Mana",5.64949,-53.742371
202300049405,28,10,2023,2025-12-05 19:30:00,5,59,59273,2,1,3,6,Jouhaux (Avenue La(c)On),50.9962,2.14761
202300049406,26,8,2023,2025-12-05 21:00:00,3,95,95500,1,1,1,2,A15,49.03910581,2.08600223
202300049407,9,5,2023,2025-12-05 19:00:00,1,76,76351,2,3,1,6,Irene Joliot Curie (Rue),49.52136,0.10511
202300049408,2,4,2023,2025-12-05 18:50:00,1,83,83032,1,1,1,6,Rd 562,43.46599069,6.14887002
202300049409,4,12,2023,2025-12-05 18:00:00,5,45,45252,2,1,3,6,Avenue Du 11 Novembre 1918,48.182745,2.25143
202300049410,30,3,2023,2025-12-05 14:00:00,1,60,60098,2,1,3,7,Rue Poitiers Bel Air,49.65182965,1.75384882
202300049411,29,10,2023,2025-12-05 19:07:00,5,47,47323,1,2,2,3,Scorailles(Ave),44.41039793,0.75166952
202300049412,9,5,2023,2025-12-05 14:25:00,1,58,58194,2,1,3,6,Resistance (Square),46.99245,3.16014
202300049413,4,12,2023,2025-12-05 12:13:00,1,89,89350,1,1,8,2,A6 - Pk 118+300,48.0056,3.1593
202300049414,27,8,2023,2025-12-05 13:40:00,1,94,94028,1,1,1,4,A86 Ext,48.7761883,2.43180914
202300049415,30,3,2023,2025-12-05 07:30:00,2,64,64493,2,3,1,3,Avenue De Navarre,43.316057,-1.020538
202300049416,4,12,2023,2025-12-05 18:50:00,5,51,51308,2,1,2,6,Route Nationale,49.284058,3.822674
202300049417,29,10,2023,2025-12-05 14:35:00,1,47,47001,2,3,1,3,Romas (Rue De),44.20325,0.63105
202300049418,31,3,2023,2025-12-05 18:45:00,1,24,24035,2,1,1,6,4 Rue Du 19 Mars 1962,44.778559,1.001143
202300049419,5,12,2023,2025-12-05 17:20:00,5,3,3224,2,1,1,6,4 Rue De Penard,46.060539,3.70214
202300049420,10,3,2023,2025-12-05 16:23:00,1,74,74012,2,2,1,3,Avenue Henri Barbusse,46.19167,6.24197
202300049421,2,4,2023,2025-12-05 17:45:00,2,3,3097,1,1,3,6,A71 - Pk 300.500,46.357519,2.756597
202300049422,27,8,2023,2025-12-05 13:40:00,1,94,94028,1,1,1,4,A86,48.7761883,2.43180914
202300049423,4,12,2023,2025-12-05 17:20:00,5,73,73054,2,1,4,6,D1090 - Place De La Gare,45.618812,6.770882
202300049424,29,10,2023,2025-12-05 18:47:00,5,45,45285,2,3,1,6,75 Rue Paul Doumer,47.90997,1.87223
202300049425,4,12,2023,2025-12-05 19:20:00,3,31,31420,1,1,1,7,D820,43.491973,1.397195
202300049426,9,3,2023,2025-12-05 19:20:00,5,74,74012,2,1,1,2,Leclerc (Avenue Du Marechal),46.18672,6.24797
202300049427,23,8,2023,2025-12-05 10:22:00,1,988,98818,2,1,1,6,Rue Jules Garnier,-22.29119,166.43963
202300049428,3,4,2023,2025-12-05 07:35:00,2,1,1425,1,1,8,2,A40 Pk152,46.107964,5.291591
202300049429,29,10,2023,2025-12-05 15:10:00,1,45,45234,2,1,1,3,Avenue De L'Hopital,47.83357247,1.9213331
202300049430,4,12,2023,2025-12-05 18:45:00,3,64,64496,2,1,3,6,D 936 Avenue De La Soule,43.469113,-1.444724
202300049431,9,3,2023,2025-12-05 12:05:00,1,74,74012,2,1,1,6,Livron (Route De),46.18936,6.25069
202300049432,26,8,2023,2025-12-05 12:50:00,1,976,97611,2,1,1,3,Boulevard Marcel Henry,-12.784009,45.223123
202300049433,2,4,2023,2025-12-05 23:00:00,5,973,97309,1,3,1,3,D?23,4.89633,-52.29291
202300049434,29,10,2023,2025-12-05 09:05:00,1,35,35238,1,1,2,6,Rn136,48.11933523,-1.7202428
202300049435,3,12,2023,2025-12-05 16:15:00,1,64,64304,1,1,1,2,2617 Route De L'Adour,43.493303,-1.394139
202300049436,2,4,2023,2025-12-05 19:26:00,1,51,51572,1,1,1,7,A4,49.036166,4.618324
202300049437,28,10,2023,2025-12-05 17:45:00,2,35,35115,2,6,3,6,Leclerc (Boulevard Du Marechal),48.35383,-1.19918
202300049438,1,3,2023,2025-12-05 11:30:00,1,74,74010,2,4,1,6,Allee De La Chapelle,45.924125,6.141272
202300049439,25,8,2023,2025-12-05 07:20:00,1,976,97611,2,9,1,3,M'Tsapere-Nationale 2 (Route),-12.7917,45.22169
202300049440,5,12,2023,2025-12-05 06:50:00,2,14,14712,1,6,2,3,D675,49.17908456,-0.19980964
202300049441,29,10,2023,2025-12-05 23:20:00,5,33,33063,2,7,2,6,Quai Du Marechal Lyautey,44.84124,-0.56938
202300049442,25,8,2023,2025-12-05 17:00:00,1,974,97416,2,1,1,6,President Mitterand(Avenue),-21.34422,55.48312
202300049443,4,12,2023,2025-12-05 10:00:00,1,29,29042,1,1,2,2,Rue De Dinan,48.24443093,-4.51054346
202300049444,29,10,2023,2025-12-05 19:15:00,5,33,33119,2,3,2,3,Avenue Jean Jaures,44.85332,-0.53862
202300049445,26,8,2023,2025-12-05 06:00:00,5,974,97411,2,3,1,3,Nantier (Rue Didier),-20.89786073,55.47768903
202300049446,4,12,2023,2025-12-05 18:30:00,5,22,22136,2,6,2,1,Boulevard Des Priteaux,48.177219,-2.747328
202300049447,4,5,2023,2025-12-05 09:15:00,1,83,83126,2,1,1,6,Farlede (Chemin De La),43.11583,5.85212
202300049448,29,10,2023,2025-12-05 02:06:00,3,33,33281,2,1,3,6,Avenue Du Marechal Leclerc,44.83815,-0.64687
202300049449,26,8,2023,2025-12-05 03:10:00,5,974,97411,2,1,2,6,Lory Les Hauts (Rue),-20.89602,55.4818
202300049450,1,4,2023,2025-12-05 20:20:00,3,13,13018,1,1,1,4,Autoroute A7 Pk 203.000 Sens Marseille/ Avignon,43.877912,4.934063
202300049451,4,12,2023,2025-12-05 09:25:00,1,33,33162,1,1,1,3,Rocade A 630,44.87723121,-0.63173264
202300049452,27,2,2023,2025-12-05 21:30:00,3,74,74272,2,1,1,7,Route De Clermont_,45.946416,6.045232
202300049453,29,10,2023,2025-12-05 15:30:00,1,31,31555,2,1,1,3,Rte D Espagne,43.57623,1.42408
202300049454,1,4,2023,2025-12-05 19:20:00,3,987,98750,1,1,1,3,Pk 7.3,-16.820866,-151.403988
202300049455,26,8,2023,2025-12-05 00:30:00,5,974,97411,2,2,1,6,Lancastel (Boulevard),-20.87487,55.45378
202300049456,26,2,2023,2025-12-05 01:20:00,5,74,74112,2,6,1,6,Route De Sillingy_,45.942272,6.086383
202300049457,1,12,2023,2025-12-05 13:13:00,1,62,62637,1,1,1,4,A1,50.46053246,2.9737164
202300049458,2,4,2023,2025-12-05 11:40:00,1,987,98733,2,1,1,1,Rt1 Au  Niveau Du Pk 22.700,-17.698161,-149.58376
202300049459,27,10,2023,2025-12-05 12:15:00,1,29,29039,2,1,2,4,Rue De Quimper,47.8882,-3.91899
202300049460,25,2,2023,2025-12-05 12:45:00,1,74,74052,2,1,1,6,Route Principale_,46.06269,6.049106
202300049461,25,8,2023,2025-12-05 19:25:00,5,974,97411,2,9,1,2,Jaures (Boulevard Jean),-20.88862,55.44533
202300049462,4,12,2023,2025-12-05 08:30:00,2,94,94021,1,1,3,2,A6B,48.76323303,2.34206347
202300049463,29,10,2023,2025-12-05 18:40:00,2,16,16015,2,1,1,6,Montmoreau (Rue De NdegImpairs De 1 A 63),45.648325,0.160945
202300049464,1,4,2023,2025-12-05 18:00:00,1,973,97305,1,1,1,3,Pk 24+500,5.001535,-52.458665
202300049465,17,2,2023,2025-12-05 05:00:00,5,74,74058,2,1,1,7,Route Des Frasses,46.289783,6.804163
202300049466,4,12,2023,2025-12-05 08:30:00,2,91,91235,1,1,2,3,Rn 104,48.624,2.368
202300049467,25,8,2023,2025-12-05 15:15:00,1,974,97411,2,3,1,3,Canal (Chemin Du Grand),-20.91429,55.495
202300049468,4,12,2023,2025-12-05 13:35:00,1,95,95277,1,1,2,6,A3,48.97259,2.48485
202300049469,3,4,2023,2025-12-05 10:25:00,1,971,97117,2,3,1,6,Route De Bellevue / Rue Du Docteur Agenor Carle,16.329146,-61.354697
202300049470,29,10,2023,2025-12-05 17:15:00,1,14,14701,1,4,1,1,Chemin De L'Orgueil,49.31255,0.08401
202300049471,26,8,2023,2025-12-05 12:20:00,1,69,69386,2,2,1,6,Rue Duquesne,45.77311,4.84974
202300049472,15,2,2023,2025-12-05 23:15:00,3,74,74238,1,1,1,1,D902,46.203853,6.676898
202300049473,3,12,2023,2025-12-05 22:55:00,3,95,95572,1,9,1,2,N184,49.04821494,2.13358004
202300049474,3,4,2023,2025-12-05 07:53:00,1,78,78531,1,1,1,2,Autoroute A13 Pk 54+600,49.00604,1.60141
202300049475,28,10,2023,2025-12-05 18:15:00,2,13,13005,2,1,8,7,Saint Pierre (Chemin De),43.3,5.59
202300049476,26,8,2023,2025-12-05 11:10:00,1,69,69387,2,1,2,6,5 Rue De La Thibaudiere,45.75117,4.84341
202300049477,3,12,2023,2025-12-05 04:20:00,3,94,94069,1,1,1,6,A4,48.81754093,2.43504501
202300049478,21,2,2023,2025-12-05 17:35:00,1,74,74099,1,4,1,7,Allee Des Myosotis,45.871754,6.621596
202300049479,2,4,2023,2025-12-05 23:15:00,5,13,13027,2,1,1,6,Avenue Jacques Trouillet,43.886361,4.84709
202300049480,20,10,2023,2025-12-05 08:45:00,1,72,72181,1,9,2,6,Premiere Division Francaise (Bd),48.02116,0.23121
202300049481,29,10,2023,2025-12-05 11:15:00,1,11,11069,2,1,1,6,2B Rue Henri Fabre,43.21853,2.34924
202300049482,25,8,2023,2025-12-05 20:35:00,4,972,97213,1,1,1,3,Route Departementale 15,14.63499,-61.00847
202300049483,9,2,2023,2025-12-05 06:20:00,3,74,74309,2,1,9,1,D18,46.114033,6.042577
202300049484,2,4,2023,2025-12-05 05:30:00,3,38,38110,1,1,2,1,D36,45.58832,4.865935
202300049485,7,8,2023,2025-12-05 20:50:00,2,14,14437,2,1,1,3,41 Rue Pasteur,49.179773,-0.321541
202300049486,28,10,2023,2025-12-05 12:15:00,1,7,7019,2,1,1,3,Bellande (Avenue De ),44.61422,4.40006
202300049487,26,8,2023,2025-12-05 02:20:00,3,972,97209,1,1,1,6,Rd 41 (Rocade),14.61028,-61.08307
202300049488,8,2,2023,2025-12-05 20:20:00,3,74,74282,1,1,1,1,Rue Des Fleuries,46.00993394,6.26310577
202300049489,13,9,2023,2025-12-05 15:10:00,1,14,14118,2,2,1,6,104 Bis Boulevard Marechal Leclerc,49.182748,-0.361961
202300049490,3,4,2023,2025-12-05 08:40:00,1,1,1249,2,3,2,2,501 Grande Rue,45.821603,4.947254
202300049491,13,8,2023,2025-12-05 16:40:00,1,73,73021,1,1,1,7,D208,45.416317,6.172289
202300049492,29,10,2023,2025-12-05 19:10:00,5,6,6088,1,2,1,3,Turin (Rte De),43.72294,7.28992
202300049493,23,8,2023,2025-12-05 14:30:00,1,972,97209,2,1,1,3,Religieuses (Route Des),14.61256,-61.05983
202300049494,5,2,2023,2025-12-05 13:00:00,1,74,74243,1,1,1,2,A40,46.132348,6.092273
202300049495,29,10,2023,2025-12-05 01:40:00,5,3,3185,2,1,1,6,Bd President Allende,46.34592,2.60771
202300049496,3,4,2023,2025-12-05 09:25:00,1,14,14160,1,1,1,2,3 Route Le Pre Marie,49.06328157,-0.29148147
202300049497,19,8,2023,2025-12-05 19:10:00,5,972,97209,1,1,2,4,Bishop (Avenue Maurice),14.61145,-61.05404
202300049498,28,4,2023,2025-12-05 17:20:00,1,92,92078,2,1,1,6,Avenir (Rue) (Pairs Du 2 Au 28),48.936218,2.330428
202300049499,2,4,2023,2025-12-05 11:35:00,1,59,59398,2,1,1,6,131 Rue De La Mousserie,50.50809563,3.11395884
202300049500,14,1,2023,2025-12-05 03:05:00,5,62,62755,2,1,1,6,D940,50.70395,1.613661
202300049501,29,10,2023,2025-12-05 04:40:00,5,75,75112,2,1,1,2,Porte De Charenton,48.829525,2.401228
202300049502,16,8,2023,2025-12-05 11:08:00,1,64,64064,1,3,1,3,Route D'Espagne,43.10991913,-0.62493593
202300049503,27,8,2023,2025-12-05 00:25:00,5,69,69389,2,1,2,3,17 Quai Arloing,45.77280719,4.8102945
202300049504,1,2,2023,2025-12-05 00:30:00,3,74,74208,1,1,1,6,Route De Saint-Gervais,45.909286,6.716203
202300049505,2,4,2023,2025-12-05 19:00:00,1,13,13088,1,1,1,3,A55-Sens Marseille Vers Martigues,43.39086,5.24898
202300049506,4,12,2023,2025-12-05 08:20:00,1,988,98818,2,1,1,6,Avenue De La Victoire H. Lafleur,-22.27446,166.44474
202300049507,28,10,2023,2025-12-05 11:00:00,1,75,75112,2,1,1,2,Echangeur Bercy,48.828642,2.398889
202300049508,26,8,2023,2025-12-05 16:30:00,1,69,69385,2,2,1,3,Avenue General Eisenhower,45.75667,4.78222
202300049509,25,2,2023,2025-12-05 11:20:00,1,76,76414,2,2,2,2,Ancien Port (Rue De L'),49.90825,1.10965
202300049510,3,12,2023,2025-12-05 07:15:00,1,973,97302,2,1,1,7,Montabo (Route De) 3,4.93584,-52.28604
202300049511,26,3,2023,2025-12-05 00:30:00,5,69,69389,1,1,1,2,Route De Metropole 6,45.76393,4.80186
202300049512,29,10,2023,2025-12-05 12:30:00,1,75,75120,2,3,2,6,Rue De Belleville,48.873267,2.381918
202300049513,2,12,2023,2025-12-05 19:45:00,5,973,97302,2,1,1,7,Galmot (Avenue),4.932332,-52.32706761
202300049514,1,4,2023,2025-12-05 19:25:00,1,69,69273,1,1,8,6,Route Departementale 301,45.66781468,4.9175407
202300049515,25,8,2023,2025-12-05 15:30:00,1,69,69382,2,3,1,2,42 Quai Docteur Gailleton,45.75039505,4.83177885
202300049516,29,10,2023,2025-12-05 07:00:00,5,75,75115,2,1,8,6,Boulevard De Grenelle,48.849399,2.296484
202300049517,10,5,2023,2025-12-05 18:35:00,5,974,97416,2,1,1,3,Flamboyants (Chemin) L 400,-21.28604376,55.50837055
202300049518,29,10,2023,2025-12-05 18:15:00,5,75,75113,2,1,1,6,Rue Nationale,48.829991,2.36467
202300049519,1,12,2023,2025-12-05 21:45:00,5,973,97302,2,1,1,6,Montabo (Route De) 1,4.93636,-52.29637
202300049520,2,4,2023,2025-12-05 07:40:00,1,33,33090,1,1,1,6,Autoroute A 63,44.77634,-0.6478
202300049521,9,5,2023,2025-12-05 08:15:00,1,974,97416,1,1,1,2,Rn3 (3),-21.29682,55.50851
202300049522,24,8,2023,2025-12-05 19:33:00,1,2B,2B033,2,2,1,2,Paoli Du Nr 1 A 20 - Bld,42.69767,9.44921
202300049523,3,12,2023,2025-12-05 07:50:00,1,972,97213,1,1,1,1,Z I La Lezarde,14.60787,-61.005
202300049524,29,10,2023,2025-12-05 02:09:00,5,75,75110,2,2,8,3,Place De La Bataille De Stalingrad,48.883887,2.368628
202300049525,10,5,2023,2025-12-05 18:35:00,1,974,97411,2,9,1,6,Lattre De Tassigny (Avenue Marechal De),-20.88756936,55.47236323
202300049526,2,4,2023,2025-12-05 14:45:00,1,91,91174,1,1,1,3,Rn 104,48.61781,2.45674
202300049527,25,8,2023,2025-12-05 12:12:00,1,971,97101,1,9,1,1,Bazin,16.26951172,-61.49876654
202300049528,2,4,2023,2025-12-05 11:45:00,1,91,91521,1,1,8,7,Rn 104,48.63357,2.40074
202300049529,10,5,2023,2025-12-05 04:40:00,4,974,97411,1,1,1,7,Colorado (Chemin Du),-20.90148,55.42605
202300049530,24,8,2023,2025-12-05 17:20:00,1,971,97107,2,1,1,1,Galbas (Chemin Des ),16.04822,-61.57051
202300049531,28,10,2023,2025-12-05 23:55:00,5,94,94058,2,1,3,3,Boulevard D'Alsace-Lorraine,48.85223759,2.51094662
202300049532,2,4,2023,2025-12-05 09:15:00,1,92,92050,1,1,1,6,A14,48.89493716,2.22826373
202300049533,25,8,2023,2025-12-05 19:48:00,2,2A,2A004,2,1,1,6,Sartene Ancienne Route,41.93,8.78
202300049534,2,12,2023,2025-12-05 19:45:00,3,972,97213,1,6,1,3,Route Departementale 14 Bis,14.61857,-61.03168
202300049535,29,10,2023,2025-12-05 21:00:00,5,94,94046,2,1,1,6,Avenue Du General Leclerc,48.813607,2.425997
202300049536,9,5,2023,2025-12-05 09:55:00,1,974,97407,1,9,1,2,Mascareignes(Boulevard),-20.93587,55.30918
202300049537,3,12,2023,2025-12-05 02:35:00,3,972,97213,1,1,2,6,Rocade (Rue De La),14.61,-61.0
202300049538,2,4,2023,2025-12-05 18:30:00,1,77,77018,1,1,1,6,A4,48.83764217,2.81467222
202300049539,25,8,2023,2025-12-05 18:20:00,1,95,95268,2,3,1,3,D125E,48.97399,2.39908
202300049540,10,5,2023,2025-12-05 17:15:00,1,973,97302,2,1,1,1,Madeleine (Route De La),4.9386968,-52.2999258
202300049541,29,10,2023,2025-12-05 10:00:00,1,94,94028,2,6,2,3,Boulevard Jean-Baptiste Oudry,48.76936,2.46106
202300049542,1,4,2023,2025-12-05 22:05:00,3,75,75112,1,1,2,3,A4,48.825146,2.463772
202300049543,2,12,2023,2025-12-05 15:45:00,1,972,97209,2,1,1,5,Rd 41 (Rocade),14.60903,-61.06703
202300049544,28,10,2023,2025-12-05 18:20:00,1,94,94071,2,2,2,6,Rue Albert Dru,48.76325445,2.52318151
202300049545,30,3,2023,2025-12-05 01:53:00,5,75,75119,2,1,1,6,Boulevard Serurier,48.891876,2.395332
202300049546,25,8,2023,2025-12-05 23:30:00,5,95,95563,2,2,1,1,D928,49.009211,2.255643
202300049547,10,5,2023,2025-12-05 14:40:00,1,973,97302,2,4,2,3,Raban (Route De),4.93189,-52.31179
202300049548,1,4,2023,2025-12-05 16:11:00,1,75,75105,2,4,1,7,Adresse_Inconnue,48.838474,2.350681
202300049549,2,12,2023,2025-12-05 16:16:00,1,972,97209,1,2,1,3,Chateauboeuf (Route De),14.61444,-61.05158
202300049550,9,5,2023,2025-12-05 06:50:00,1,973,97302,2,1,2,7,Tigre (Route Du),4.91132,-52.30813
202300049551,29,10,2023,2025-12-05 21:10:00,5,93,93050,2,3,1,3,Avenue De Verdun / Rue Paul Lafargue,48.86175,2.53641
202300049552,24,8,2023,2025-12-05 23:20:00,5,95,95219,2,3,1,6,D909,48.98105,2.27029
202300049553,30,3,2023,2025-12-05 13:18:00,1,75,75119,2,1,1,7,Avenue Corentin Cariou,48.896943,2.385009
202300049554,1,12,2023,2025-12-05 16:25:00,2,69,69384,2,2,3,1,Cours D'Herbouville,45.77934,4.84131
202300049555,8,5,2023,2025-12-05 06:00:00,2,973,97302,2,1,1,2,Baduel (Route De),4.93448336,-52.31137562
202300049556,1,4,2023,2025-12-05 17:25:00,1,75,75116,2,3,8,6,Avenue Raymond Poincare,48.863394,2.286967
202300049557,26,8,2023,2025-12-05 11:25:00,1,91,91549,2,6,8,3,Mare Au Chanvre (Rue De La),48.62651,2.34179
202300049558,2,12,2023,2025-12-05 21:20:00,5,971,97101,1,1,1,2,Rn1 Rocade De Chauvel,16.24572,-61.525
202300049559,31,3,2023,2025-12-05 13:30:00,1,75,75116,2,1,1,3,Route De La Pte Des Sablons A La Pte Mai,48.8767,2.273418
202300049560,24,8,2023,2025-12-05 10:09:00,1,87,87085,2,1,1,2,Sablard (Avenue De),45.82818,1.28213
202300049561,1,12,2023,2025-12-05 18:30:00,5,971,97113,1,1,1,3,Rn4 - Section Riviera,16.21757288,-61.49482369
202300049562,9,5,2023,2025-12-05 08:05:00,1,972,97213,2,3,1,3,Route Departementale 14,14.62311,-61.01881
202300049563,24,8,2023,2025-12-05 16:40:00,1,87,87085,1,1,1,7,Gordini ( Rue Amedee),45.8922,1.27878
202300049564,31,3,2023,2025-12-05 19:00:00,1,75,75115,2,2,1,2,Boulevard Lefebvre,48.831016,2.29234
202300049565,27,8,2023,2025-12-05 02:10:00,3,86,86158,2,1,1,6,Rue Des Cosses,46.62819,0.33656
202300049566,3,12,2023,2025-12-05 20:45:00,5,2A,2A004,2,1,1,3,Napoleon Cours Avant Beverini,41.931,8.74
202300049567,1,4,2023,2025-12-05 15:50:00,1,75,75113,2,3,1,3,Boulevard Vincent Auriol,48.83381,2.36516
202300049568,10,5,2023,2025-12-05 07:25:00,1,972,97209,2,1,1,3,Ave Camille Darsieres,14.59583,-61.05884
202300049569,25,8,2023,2025-12-05 18:30:00,1,86,86066,2,1,1,6,Rue De La Croix De Pietard,46.81987,0.51857
202300049570,9,5,2023,2025-12-05 00:23:00,5,972,97209,2,1,1,6,Ravine Vilaine (Chemin Departemental De),14.63333,-61.05957
202300049571,2,12,2023,2025-12-05 18:20:00,5,91,91027,2,6,1,6,Av Bourbonnais,48.70637,2.39531
202300049572,25,8,2023,2025-12-05 16:45:00,1,85,85191,1,9,1,6,Rd 948,46.692661,-1.472582
202300049573,1,4,2023,2025-12-05 01:20:00,5,75,75113,2,1,2,6,Quai D Austerlitz,48.84066753,2.36962974
202300049574,1,4,2023,2025-12-05 18:30:00,1,75,75110,2,2,2,6,Rue De L'Echiquier,48.870967,2.353201
202300049575,2,12,2023,2025-12-05 15:56:00,1,91,91223,2,1,1,3,Rd 191,48.44072,2.14345
202300049576,25,8,2023,2025-12-05 22:30:00,5,83,83129,2,3,1,3,De Gaulle (Promenade Charles),43.11442606,5.80978203
202300049577,10,5,2023,2025-12-05 13:25:00,1,69,69389,2,2,1,1,Rue Maurice Bejart,45.78838,4.79326
202300049578,26,8,2023,2025-12-05 19:20:00,1,83,83050,2,1,1,6,Joffre(Boulevard Du Marechal),43.53732,6.4613
202300049579,1,4,2023,2025-12-05 17:30:00,1,75,75110,2,3,8,3,Boulevard De Magenta,48.881417,2.351445
202300049580,9,5,2023,2025-12-05 12:05:00,1,69,69384,2,1,1,6,56 Quai Joseph Gillet,45.78079,4.81206
202300049581,25,8,2023,2025-12-05 14:10:00,1,80,80001,2,1,1,6,Canotiers (Des),50.095626,1.831512
202300049582,3,12,2023,2025-12-05 17:30:00,5,78,78401,2,2,1,3,Aulnes (Avenue Des),49.010296,1.903816
202300049583,1,4,2023,2025-12-05 13:30:00,1,75,75110,2,3,1,3,Boulevard De Magenta,48.875665,2.356616
202300049584,1,4,2023,2025-12-05 15:10:00,1,75,75108,2,9,1,3,Rue De Rome,48.876294,2.323546
202300049585,9,5,2023,2025-12-05 10:30:00,1,69,69389,2,3,1,3,32 Rue De Bourgogne,45.77746,4.80348
202300049586,3,12,2023,2025-12-05 16:15:00,1,72,72181,2,1,1,7,Churchill Winston (Bd) Ndeg Pairs De 2 A 8,47.99188,0.22556
202300049587,26,8,2023,2025-12-05 07:00:00,2,77,77447,2,1,1,6,Melun (Rue De),48.55707792,2.55747117
202300049588,1,4,2023,2025-12-05 16:40:00,1,75,75103,2,2,1,6,Rue Aux Ours,48.86339956,2.35096157
202300049589,3,12,2023,2025-12-05 05:00:00,5,65,65100,2,1,1,6,Rue Rene Cassin,43.2623,0.05831
202300049590,26,8,2023,2025-12-05 06:30:00,2,77,77438,2,1,1,2,D934,48.866919,2.674946
202300049591,1,4,2023,2025-12-05 12:50:00,1,75,75104,2,1,1,1,Voie Georges Pompidou,48.85668,2.34836
202300049592,2,12,2023,2025-12-05 17:55:00,3,64,64260,2,1,1,1,Corniche (Route De La),43.37759,-1.73774
202300049593,8,5,2023,2025-12-05 16:30:00,1,69,69034,2,2,1,3,Avenue Barthelemy Thimonnier,45.80607188,4.8725559
202300049594,20,8,2023,2025-12-05 19:17:00,1,77,77111,2,1,1,6,Av Rene Goscinny,48.8707,2.78337
202300049595,1,4,2023,2025-12-05 14:52:00,1,94,94042,2,1,1,2,Rue De Paris,48.8181,2.46637
202300049596,3,12,2023,2025-12-05 11:30:00,1,63,63113,2,2,1,3,Tram Mitterrand/Rabanesse,45.77065615,3.08674514