num_acc,jour,mois,an,hrmn,lum,dep,com,agg,int,atm,col,adr,lat,long
202300049597,1,4,2023,2025-12-05 15:00:00,1,94,94041,2,2,1,2,Avenue Georges Gosnat,48.8123,2.38628
202300049598,8,5,2023,2025-12-05 14:45:00,1,69,69382,2,2,1,3,Rue De Conde,45.75101,4.83059
202300049599,25,8,2023,2025-12-05 08:40:00,1,77,77186,2,3,1,3,Constance (Boulevard De ),48.39817,2.69071
202300049600,3,12,2023,2025-12-05 07:40:00,1,63,63113,2,6,1,6,Quinet (Bd Edgar),45.80402853,3.11937958
202300049601,1,4,2023,2025-12-05 17:30:00,1,94,94073,1,9,2,3,Rue Du Bas Marin,48.75565,2.38542
202300049602,25,8,2023,2025-12-05 15:45:00,1,76,76599,2,1,1,6,Route De Lyons La Foret,49.43189,1.15846
202300049603,1,4,2023,2025-12-05 07:40:00,1,94,94021,2,1,1,6,Avenue Du 8 Mai 1945,48.76516,2.35638
202300049604,10,5,2023,2025-12-05 20:15:00,2,2B,2B033,2,1,1,2,Route Royale,42.67,9.42
202300049605,3,12,2023,2025-12-05 19:05:00,5,61,61006,2,6,2,3,D958,48.725568,-0.014476
202300049606,25,8,2023,2025-12-05 15:40:00,1,76,76481,1,1,1,1,Golf (Chemin Du),49.56853,0.13463
202300049607,1,4,2023,2025-12-05 19:40:00,1,93,93066,2,2,2,3,Cours Du Ru De Montfort / Avenue Leroy Des Barres,48.92848,2.36892
202300049608,24,8,2023,2025-12-05 14:05:00,1,76,76351,2,1,1,7,Pablo Picasso (Avenue),49.5042,0.16415
202300049609,3,12,2023,2025-12-05 19:45:00,5,59,59183,2,1,1,6,Rd 601,51.02211,2.33748
202300049610,9,5,2023,2025-12-05 07:50:00,1,971,97101,2,1,1,1,Pages,16.2487,-61.50815
202300049611,1,4,2023,2025-12-05 17:45:00,1,93,93064,2,3,2,1,Rue De La Cote Des Chenes / Rue Du Pre Gentil,48.87190742,2.49313288
202300049612,26,8,2023,2025-12-05 10:55:00,1,73,73065,2,1,2,6,Ducs De Savoie (Avenue Des),45.56820003,5.92214182
202300049613,2,12,2023,2025-12-05 22:20:00,5,56,56260,2,1,3,6,Gambetta(Place),47.65373,-2.75894
202300049614,1,4,2023,2025-12-05 16:45:00,1,93,93064,2,2,2,6,Rue Du 4E Zouave / Boulevard De La Boissiere,48.87117976,2.47098422
202300049615,8,5,2023,2025-12-05 11:20:00,1,971,97101,1,9,1,3,Caraque,16.26116919,-61.49771512
202300049616,25,8,2023,2025-12-05 09:20:00,1,71,71105,2,3,2,6,Coupee (Grande-Rue De La),46.30901,4.80599
202300049617,2,12,2023,2025-12-05 16:25:00,1,49,49099,2,2,1,2,Belgique (Boulevard De ),47.06693,-0.84271
202300049618,1,4,2023,2025-12-05 13:40:00,1,93,93049,2,2,1,3,Avenue Du 18 Juin 1940/ Rue Andre Malraux,48.86235,2.517026
202300049619,25,8,2023,2025-12-05 12:05:00,1,71,71540,1,1,1,1,R.N.80,46.76735,4.45327
202300049620,10,5,2023,2025-12-05 20:50:00,5,2A,2A004,2,1,1,3,Prince Imperial Rce Rue Francois Pietri,41.93510181,8.7495162
202300049621,1,4,2023,2025-12-05 18:45:00,1,92,92064,2,1,2,2,Pasteur,48.8417436,2.20132649
202300049622,2,12,2023,2025-12-05 17:30:00,5,45,45147,2,3,1,3,22 Rue Victor Arago,47.926513,1.899007
202300049623,26,8,2023,2025-12-05 09:30:00,1,71,71445,2,3,1,3,Rd 978 B,46.76285707,4.89307076
202300049624,1,4,2023,2025-12-05 15:40:00,1,92,92064,2,1,1,2,Dailly,48.844394,2.220383
202300049625,3,12,2023,2025-12-05 05:15:00,5,35,35278,1,1,1,2,Rd 137,48.137828,-1.693669
202300049626,10,5,2023,2025-12-05 20:50:00,2,95,95585,2,2,2,3,D125,48.985307,2.381615
202300049627,25,8,2023,2025-12-05 09:40:00,1,69,69275,2,1,2,5,Rue Elisee Reclus,45.75043,4.9405
202300049628,1,4,2023,2025-12-05 14:30:00,1,92,92025,2,6,1,3,Gabriel Peri (Rue),48.92297,2.24981
202300049629,3,12,2023,2025-12-05 17:20:00,3,35,35238,1,1,1,3,Gayeulles (Avenue Des),48.13941,-1.64181
202300049630,31,3,2023,2025-12-05 22:30:00,5,92,92023,2,1,1,1,General De Gaulle (Avenue Du),48.79039,2.26386
202300049631,26,8,2023,2025-12-05 22:20:00,5,69,69264,2,1,3,7,Rue Gantillon,45.99247,4.72142
202300049632,31,3,2023,2025-12-05 18:10:00,1,35,35177,1,1,2,7,Le Petit Bois,48.224372,-1.743001
202300049633,24,8,2023,2025-12-05 11:01:00,1,69,69290,2,2,1,3,Rue Alfred De Vigny,45.69721,4.93622
202300049634,2,12,2023,2025-12-05 11:45:00,1,29,29232,2,3,7,3,2 Rue Du Frugy,47.98774,-4.10809
202300049635,2,4,2023,2025-12-05 11:50:00,1,18,18116,1,2,2,3,Adresse_Inconnue,47.219524,2.80544
202300049636,2,12,2023,2025-12-05 14:25:00,1,29,29232,2,1,1,6,10 Rue Michelet,47.989417,-4.108945
202300049637,25,8,2023,2025-12-05 08:15:00,1,67,67267,1,1,3,1,Marechal Foch (Rue Du),48.55,7.6685
202300049638,2,4,2023,2025-12-05 08:20:00,2,21,21638,1,1,2,6,A31,47.545389,5.198185
202300049639,2,12,2023,2025-12-05 18:30:00,5,25,25462,2,2,4,2,Marpaud,46.90227,6.35438
202300049640,10,5,2023,2025-12-05 07:22:00,1,91,91425,1,1,2,6,Av De La Division Leclerc,48.65,2.27
202300049641,25,8,2023,2025-12-05 11:17:00,1,65,65286,1,1,1,4,Rn 21 Route De Tarbes,43.11941,-0.03025
202300049642,26,3,2023,2025-12-05 11:20:00,1,35,35006,1,1,4,5,N157,48.07817,-1.14392
202300049643,25,8,2023,2025-12-05 21:55:00,5,64,64130,2,1,1,2,Rd811,43.34338,-1.75571
202300049644,3,12,2023,2025-12-05 10:50:00,1,17,17415,2,2,1,1,Dufaure Avenue Jules,45.747665,-0.612378
202300049645,9,5,2023,2025-12-05 09:00:00,1,91,91103,2,1,2,6,Salvador Allende (Avenue),48.61864,2.30928
202300049646,31,3,2023,2025-12-05 20:55:00,3,89,89387,1,1,3,1,Adresse_Inconnue,48.144669,3.305877
202300049647,3,12,2023,2025-12-05 04:45:00,5,13,13054,2,1,1,1,Marechal Juin (Av Du ),43.42018,5.22607
202300049648,30,4,2023,2025-12-05 17:20:00,1,91,91570,2,1,1,2,Boieldieu (Rue),48.630803,2.318537
202300049649,26,8,2023,2025-12-05 01:18:00,4,64,64445,2,1,1,3,Berlioz,43.31266,-0.35468
202300049650,1,4,2023,2025-12-05 00:20:00,3,56,56153,1,1,6,5,D1,47.608058,-2.386694
202300049651,18,7,2023,2025-12-05 06:10:00,2,77,77083,1,1,1,3,A4.W,48.83392,2.590759
202300049652,27,8,2023,2025-12-05 00:35:00,5,64,64102,2,1,2,7,Aquitaine (Avenue De L'),43.48671,-1.46796
202300049653,3,12,2023,2025-12-05 18:30:00,5,13,13203,2,3,1,3,Plombieres (Boulevard Des),43.3189,5.37912
202300049654,1,4,2023,2025-12-05 06:00:00,3,76,76663,2,1,2,6,8 Cote Des Petites Dalles,49.805623,0.531603
202300049655,10,5,2023,2025-12-05 06:25:00,2,91,91477,2,1,2,2,Maurice Berteaux (Rue),48.71773,2.24067
202300049656,25,8,2023,2025-12-05 12:35:00,1,64,64024,2,9,1,3,Bayonne (Avenue De),43.48419,-1.50227
202300049657,30,3,2023,2025-12-05 12:05:00,1,2A,2A130,2,1,1,6,Boulevard Marie-Jeanne Bozzi,41.892343,8.805177
202300049658,8,5,2023,2025-12-05 20:20:00,1,91,91514,1,1,1,7,Cd 33,48.666,2.527
202300049659,2,12,2023,2025-12-05 16:05:00,1,12,12145,1,1,1,1,Guyenne (Avenue De),44.0909,3.07451
202300049660,31,3,2023,2025-12-05 23:00:00,3,65,65121,1,9,1,6,D935,43.360758,0.069104
202300049661,3,12,2023,2025-12-05 09:53:00,1,6,6088,1,1,1,6,Mercantour (Bd),43.7145693,7.1871281
202300049662,17,7,2023,2025-12-05 18:00:00,1,77,77121,1,1,1,2,A4,48.831263,2.682284
202300049663,25,8,2023,2025-12-05 11:25:00,1,64,64102,2,6,2,7,Conte De Cabarrus (Cours Du),43.48171,-1.48622
202300049664,2,4,2023,2025-12-05 11:30:00,1,11,11401,1,1,1,6,Adresse_Inconnue,42.906054,2.721342
202300049665,10,5,2023,2025-12-05 18:30:00,1,91,91027,2,2,1,3,Av Jean Pierre Benard,48.708614,2.382403
202300049666,3,12,2023,2025-12-05 10:15:00,1,75,75116,2,1,1,2,Porte De Saint Cloud,48.839637,2.254165
202300049667,1,4,2023,2025-12-05 22:50:00,5,89,89025,2,1,8,7,Rue De Plausse,47.494969,3.91639
202300049668,25,2,2023,2025-12-05 00:30:00,3,9,9332,1,1,1,6,D29,43.091817,1.654408
202300049669,24,8,2023,2025-12-05 11:21:00,1,64,64024,2,1,1,3,Route De Pitoys,43.46335,-1.50861
202300049670,9,5,2023,2025-12-05 09:20:00,1,91,91027,2,9,2,6,Av D'Alsace Lorraine,48.70588,2.37141
202300049671,1,4,2023,2025-12-05 18:45:00,1,63,63456,1,1,1,6,Departement 909 - Pk 12+400,45.4254551,3.25307933
202300049672,2,12,2023,2025-12-05 14:40:00,1,75,75117,2,1,1,4,Porte D Asnieres,48.893172,2.303521
202300049673,9,5,2023,2025-12-05 07:40:00,1,91,91432,1,1,3,7,Rd 118,48.707132,2.33117
202300049674,29,1,2023,2025-12-05 11:25:00,1,19,19272,2,1,9,6,Lieutenant Colonel Faro (Avenue Du),45.27787,1.7835
202300049675,26,8,2023,2025-12-05 10:10:00,1,63,63113,2,5,8,1,Fontgieve (Rue),45.78235,3.07317
202300049676,2,4,2023,2025-12-05 18:45:00,1,25,25079,1,3,2,3,Intersection D9/D48,46.911919,6.116067
202300049677,10,5,2023,2025-12-05 10:15:00,1,91,91469,1,1,2,7,Vauvert (Route De) Cd49,48.4116,2.14395
202300049678,2,12,2023,2025-12-05 12:55:00,1,75,75117,2,1,1,4,Porte D Asnieres,48.888911,2.294871
202300049679,17,7,2023,2025-12-05 19:30:00,3,974,97411,1,1,1,6,Montagne (Route De La),-20.88814,55.43724
202300049680,2,4,2023,2025-12-05 10:00:00,1,29,29277,1,1,1,2,Lohennec,48.369508,-4.073911
202300049681,5,5,2023,2025-12-05 17:10:00,1,88,88160,1,1,1,6,Uzefaing (Chemin),48.15651477,6.51135206
202300049682,25,8,2023,2025-12-05 07:00:00,2,63,63113,2,2,8,1,Mayer (Bd Daniel),45.79251,3.09174
202300049683,2,12,2023,2025-12-05 12:40:00,1,75,75119,2,1,1,2,Porte De La Villette,48.900101,2.391479
202300049684,17,7,2023,2025-12-05 21:30:00,5,973,97302,2,1,1,1,Mere Theresa (Rue),4.92194,-52.3126
202300049685,2,4,2023,2025-12-05 17:25:00,1,1,1124,1,1,3,1,Route De Varennes,46.45309,5.232905
202300049686,8,5,2023,2025-12-05 22:16:00,5,87,87085,2,1,1,3,Leclerc (Avenue Du General),45.84175,1.25844
202300049687,2,12,2023,2025-12-05 00:30:00,5,75,75110,2,1,8,1,Boulevard De Magenta,48.871654,2.36013
202300049688,1,4,2023,2025-12-05 23:00:00,3,72,72333,1,2,2,6,D72P,48.037036,0.683668
202300049689,7,5,2023,2025-12-05 12:37:00,1,87,87085,1,1,1,6,Autoroute A20,45.85518,1.27799
202300049690,18,2,2023,2025-12-05 03:35:00,3,30,30221,1,1,1,5,A9,44.033246,4.758539
202300049691,16,7,2023,2025-12-05 22:45:00,5,972,97209,2,2,2,3,Antoine Siger (Rue),14.60522,-61.0715
202300049692,8,5,2023,2025-12-05 20:05:00,1,87,87085,2,1,1,6,Dunant (Avenue Henri),45.82451,1.24501
202300049693,2,12,2023,2025-12-05 23:55:00,5,75,75105,2,2,1,3,Rue Monge,48.848099,2.350481
202300049694,17,7,2023,2025-12-05 19:10:00,1,69,69034,2,1,1,6,9 Chemin  Petit,45.80666537,4.85736089
202300049695,21,8,2023,2025-12-05 17:00:00,1,62,62498,2,9,1,3,Rue Paul Eluard,50.44384,2.82452
202300049696,18,2,2023,2025-12-05 11:00:00,1,13,13037,1,1,1,3,A7 - Pk 245.700 - Sens Sud Nord,43.565824,5.225587
202300049697,2,12,2023,2025-12-05 20:45:00,5,75,75120,2,4,1,6,Rue Le Bua,48.867262,2.403799
202300049698,12,8,2023,2025-12-05 22:45:00,5,60,60057,2,1,1,1,Rue De L'Esterel,49.43292,2.10193
202300049699,17,7,2023,2025-12-05 16:45:00,1,69,69389,2,1,1,1,60 Avenue Barthelemy Buyer,45.75999039,4.80656577
202300049700,5,5,2023,2025-12-05 17:42:00,1,87,87085,1,1,1,4,Autoroute A20,45.84426,1.2781
202300049701,16,2,2023,2025-12-05 16:30:00,1,987,98758,1,1,1,1,Pk 2 Cote Ouest,-16.744,-151.46
202300049702,1,4,2023,2025-12-05 17:00:00,1,30,30055,1,1,1,6,Adresse_Inconnue,44.1249,4.2283
202300049703,27,8,2023,2025-12-05 00:35:00,5,59,59650,2,2,1,6,Delory (Rue Gustave),50.70345,3.2141
202300049704,18,2,2023,2025-12-05 16:00:00,1,988,98821,1,1,1,6,Rt1,-22.06078,166.25238
202300049705,3,12,2023,2025-12-05 19:30:00,5,75,75117,2,5,1,3,Avenue De Villiers,48.88234,2.311757
202300049706,17,7,2023,2025-12-05 12:30:00,1,69,69382,2,2,1,3,Quai Jules Courmont,45.7635,4.838
202300049707,6,5,2023,2025-12-05 10:47:00,1,87,87113,2,1,1,2,Jaures (Rue Jean),45.8629,1.32319
202300049708,25,8,2023,2025-12-05 15:05:00,1,56,56260,2,1,1,6,Parking De La Gare,47.66461,-2.75376
202300049709,2,4,2023,2025-12-05 16:00:00,1,67,67506,1,9,1,3,Pk 472.500 Autoroute A4 Sens Paris Strasbourg,48.670247,7.736424
202300049710,24,8,2023,2025-12-05 18:05:00,1,56,56083,2,1,1,7,Stang-Er-Gat (Lieu-Dit),47.787376,-3.270913
202300049711,7,5,2023,2025-12-05 03:25:00,3,87,87085,2,1,1,6,Feytiat (Rue De),45.81782,1.28842
202300049712,2,12,2023,2025-12-05 15:35:00,1,75,75116,2,1,1,2,Allee Du Bord De L Eau,48.858463,2.22728
202300049713,17,7,2023,2025-12-05 12:35:00,1,69,69034,2,1,1,3,114 Quai Clemenceau,45.81214,4.84673
202300049714,7,5,2023,2025-12-05 08:27:00,1,87,87085,2,1,2,6,Bastiat (Rue Frederic),45.88953,1.29077
202300049715,17,7,2023,2025-12-05 05:40:00,2,971,97120,2,1,8,7,Chanzy (Boulevard),16.24143,-61.53784
202300049716,16,2,2023,2025-12-05 15:15:00,1,59,59350,1,1,1,6,Avenue Eugene Lesperant,50.657645,2.975845
202300049717,1,4,2023,2025-12-05 11:00:00,1,86,86007,1,1,1,2,A10,46.869814,0.522331
202300049718,24,8,2023,2025-12-05 13:40:00,1,56,56083,1,1,1,2,Adresse_Inconnue,47.78844,-3.27633
202300049719,2,12,2023,2025-12-05 20:50:00,5,75,75114,2,2,1,3,Avenue Du General Leclerc,48.829596,2.328426
202300049720,17,2,2023,2025-12-05 17:20:00,1,28,28015,1,1,1,7,D18,48.500356,1.765189
202300049721,17,7,2023,2025-12-05 00:30:00,5,95,95585,2,2,1,3,D125,48.98435,2.3871
202300049722,8,5,2023,2025-12-05 16:15:00,1,83,83137,2,1,1,2,Bir-Hakeim (Rond Point),43.121458,5.941542
202300049723,2,4,2023,2025-12-05 01:30:00,3,988,98821,1,4,8,6,Ve2/Bretelle De Sortie Savannah,-22.16365,166.384131
202300049724,18,8,2023,2025-12-05 18:29:00,1,56,56083,2,1,1,2,Kerlois (Lieu-Dit),47.80132,-3.29845
202300049725,18,2,2023,2025-12-05 15:16:00,1,95,95046,1,1,1,6,Rd 14,49.13410629,1.83129479
202300049726,16,7,2023,2025-12-05 18:00:00,1,87,87085,2,1,1,6,Vigenal (Boulevard Du),45.85226,1.25464
202300049727,3,5,2023,2025-12-05 06:58:00,1,80,80021,2,9,1,6,Beauville Centre (Boulevard),49.89986,2.31342
202300049728,25,8,2023,2025-12-05 13:28:00,1,54,54482,2,2,1,3,Rue Alexandre 1Er,48.7017,6.19956
202300049729,29,1,2023,2025-12-05 17:55:00,5,91,91129,2,1,1,2,5 Avenue D'Arpajon,48.479798,2.320782
202300049730,2,4,2023,2025-12-05 03:15:00,5,971,97111,1,1,1,6,La Coque,16.290535,-61.788579
202300049731,16,7,2023,2025-12-05 14:28:00,1,87,87075,1,3,1,3,Rn 21,45.78269,1.20235
202300049732,2,4,2023,2025-12-05 18:30:00,1,2B,2B296,1,1,1,6,D13,42.58456,8.919691
202300049733,17,2,2023,2025-12-05 16:15:00,1,66,66115,1,1,9,3,D11 Pk 41-900Km,42.51885376,2.89167076
202300049734,25,8,2023,2025-12-05 10:45:00,1,54,54580,2,3,1,6,Rue Albert Lebrun,49.47118251,5.9308362
202300049735,16,7,2023,2025-12-05 09:15:00,1,87,87085,2,2,1,3,Garibaldi (Avenue),45.83446,1.26932
202300049736,8,5,2023,2025-12-05 18:20:00,1,77,77288,2,1,1,6,Carmes  (Avenue Des),48.548305,2.67083
202300049737,3,12,2023,2025-12-05 02:30:00,5,75,75108,2,2,1,3,Avenue De Friedland,48.874154,2.298916
202300049738,26,8,2023,2025-12-05 14:15:00,1,51,51454,2,1,1,7,Venise (Rue),49.24569,4.030243
202300049739,1,4,2023,2025-12-05 16:00:00,1,34,34327,1,1,1,1,M68,43.673164,3.957095
202300049740,15,7,2023,2025-12-05 16:38:00,1,87,87085,2,2,1,7,Berthelot (Avenue),45.83608,1.25061
202300049741,18,2,2023,2025-12-05 11:20:00,1,66,66069,1,3,1,3,Adresse_Inconnue,42.801014,2.846596
202300049742,25,8,2023,2025-12-05 11:45:00,1,50,50066,1,6,1,3,Avranches (Avenue D'),48.80937,-1.53693
202300049743,2,12,2023,2025-12-05 15:30:00,1,75,75116,2,3,1,6,Avenue De Versailles,48.850084,2.276423
202300049744,9,5,2023,2025-12-05 17:30:00,1,77,77449,2,9,2,7,Rd 345,48.85161,2.77808
202300049745,17,2,2023,2025-12-05 11:24:00,1,52,52269,1,1,1,7,Rue De Saints-Geosmes,47.835784,5.349741
202300049746,31,3,2023,2025-12-05 21:50:00,5,34,34057,2,2,1,3,18 Avenue Aristide Briand,43.63203,3.896139
202300049747,13,7,2023,2025-12-05 20:30:00,1,87,87085,2,1,1,6,Rhin Et Danube (Rue),45.88157,1.29524
202300049748,24,8,2023,2025-12-05 21:55:00,5,50,50129,2,1,1,1,Caligny (Quai De),49.64174,-1.62149
202300049749,2,4,2023,2025-12-05 15:15:00,1,84,84065,1,1,1,1,798 Ancienne Route De Puget,43.752052,5.299868
202300049750,2,4,2023,2025-12-05 06:00:00,2,83,83071,1,1,1,6,Le Bas Jasson,43.153571,6.226459
202300049751,3,12,2023,2025-12-05 19:24:00,5,94,94073,2,9,1,3,Av Du Pdt Franklin Roosevelt,48.76685,2.403742
202300049752,24,8,2023,2025-12-05 16:55:00,1,50,50129,2,3,1,2,Napoleon (Place),49.64213,-1.62237
202300049753,9,5,2023,2025-12-05 08:38:00,1,77,77058,2,3,2,3,D406,48.831982,2.698868
202300049754,13,7,2023,2025-12-05 20:21:00,1,87,87085,2,3,1,6,Gue De Verthamont (Rue),45.81484,1.22268
202300049755,17,2,2023,2025-12-05 16:20:00,1,68,68004,2,3,1,3,Rue De Givet,47.6256,7.240634
202300049756,1,4,2023,2025-12-05 22:40:00,5,83,83069,2,1,1,6,St Nicolas,43.126214,6.193875
202300049757,23,8,2023,2025-12-05 11:40:00,1,50,50129,2,1,1,2,Asselin (Rue),49.63931,-1.6393
202300049758,3,12,2023,2025-12-05 19:05:00,5,94,94017,2,1,1,2,Avenue Marx Dormoy,48.807168,2.525792
202300049759,8,5,2023,2025-12-05 17:15:00,1,77,77186,1,1,1,1,Rd 409,48.41151,2.66467
202300049760,17,2,2023,2025-12-05 22:20:00,5,57,57474,2,1,1,3,88 Rue De Boussange,49.260446,6.157837
202300049761,2,4,2023,2025-12-05 06:30:00,2,13,13014,1,2,1,1,D113,43.520085,5.19936
202300049762,25,8,2023,2025-12-05 09:20:00,1,49,49007,2,1,1,3,Boulevard Jean Sauvage,47.4874,-0.55673
202300049763,3,12,2023,2025-12-05 21:20:00,5,93,93005,2,9,1,1,Av I Et Frederic Joliot Curie,48.92966735,2.5096424
202300049764,10,5,2023,2025-12-05 09:45:00,1,77,77131,1,1,3,3,Rebais (Avenue De),48.81612,3.11228
202300049765,16,7,2023,2025-12-05 20:30:00,1,83,83050,2,1,1,1,Tuttlingen(Avenue De),43.52691,6.4385
202300049766,17,2,2023,2025-12-05 23:15:00,4,57,57032,1,1,1,1,D11,49.087668,6.037996
202300049767,25,8,2023,2025-12-05 03:09:00,3,49,49007,2,1,1,6,Pasteur Avenue,47.4771,-0.53164
202300049768,1,4,2023,2025-12-05 14:15:00,1,13,13041,1,1,1,2,Route Departementale 6,43.447912,5.446693
202300049769,17,2,2023,2025-12-05 19:10:00,5,73,73015,2,1,1,6,Route Du Belvedere,45.397016,6.575245
202300049770,17,7,2023,2025-12-05 07:50:00,1,81,81060,2,1,1,3,Rodez  (Avenue De),44.05614,2.16427
202300049771,3,12,2023,2025-12-05 17:30:00,2,93,93046,2,5,1,3,Boulevard Jean Jaures / Avenue Montesquieu,48.92254,2.52442
202300049772,24,8,2023,2025-12-05 20:10:00,1,49,49007,2,1,1,6,Gagarine Rue Et Square,47.44978,-0.56345
202300049773,2,4,2023,2025-12-05 05:00:00,3,3,3298,1,1,8,6,Route Departementale 46,46.3243,3.3716
202300049774,17,2,2023,2025-12-05 20:15:00,5,42,42094,2,1,1,1,Chemin Des Monts,45.753668,4.222451
202300049775,25,8,2023,2025-12-05 07:45:00,1,45,45234,2,6,2,3,Avenue De Concyr,47.82892017,1.93641543
202300049776,9,5,2023,2025-12-05 07:30:00,1,76,76351,2,6,2,3,Pierre Naze (Place),49.496176,0.107832
202300049777,3,12,2023,2025-12-05 18:30:00,5,92,92078,2,1,1,2,Verdun (Avenue) (Impairs 1 A 25),48.9356,2.33547
202300049778,2,4,2023,2025-12-05 00:30:00,5,74,74280,2,1,8,6,Rue Des Clefs,45.871082,6.323404
202300049779,12,7,2023,2025-12-05 06:20:00,1,78,78335,1,1,1,5,Rd983,48.98601,1.73123
202300049780,23,3,2023,2025-12-05 12:15:00,1,26,26313,2,1,1,6,101 Avenue De Provence,44.9698888,4.95365381
202300049781,17,2,2023,2025-12-05 10:20:00,1,33,33268,2,3,1,3,Rue Du General De Gaulle,45.03984,-0.676839
202300049782,26,8,2023,2025-12-05 09:55:00,1,42,42207,2,2,1,3,Avenue De La Liberation,45.47317,4.5163
202300049783,4,12,2023,2025-12-05 15:35:00,1,60,60137,1,2,3,3,D37,49.435685,2.527692
202300049784,17,2,2023,2025-12-05 22:45:00,3,50,50492,1,1,1,6,2 Hameau Barbey,49.081038,-1.019851
202300049785,17,8,2023,2025-12-05 11:50:00,1,42,42330,2,1,1,6,Rue De Bourgeat,45.46652,4.35065
202300049786,6,5,2023,2025-12-05 15:35:00,1,76,76351,2,4,2,5,General Ferrie (Avenue),49.50342,0.17963
202300049787,2,4,2023,2025-12-05 13:30:00,1,31,31048,1,1,1,6,Baure,43.449219,1.628691
202300049788,18,2,2023,2025-12-05 08:35:00,1,56,56023,2,1,2,7,Rue Du Stade,47.722888,-3.004686
202300049789,3,12,2023,2025-12-05 17:50:00,3,1,1333,1,1,1,1,D1083,45.918651,4.945403
202300049790,15,7,2023,2025-12-05 17:30:00,1,77,77067,1,1,1,1,D.346,48.56049,2.59623
202300049791,25,8,2023,2025-12-05 19:44:00,1,42,42044,2,1,8,5,Rue De La Liberation,45.40026,4.35358
202300049792,2,4,2023,2025-12-05 10:45:00,1,35,35072,1,4,1,3,D108,48.25491564,-1.17964491
202300049793,16,2,2023,2025-12-05 10:20:00,1,22,22242,1,1,1,2,D786 Le Honchet,48.62138287,-2.40095615
202300049794,3,12,2023,2025-12-05 14:55:00,1,73,73269,1,1,8,6,D921C,45.672851,5.777414
202300049795,5,5,2023,2025-12-05 22:20:00,4,76,76351,1,1,1,4,Verdun (Rue De),49.50275,0.18954
202300049796,25,8,2023,2025-12-05 09:05:00,1,41,41018,2,1,2,7,Bas Riviere,47.57134,1.32488
202300049797,4,12,2023,2025-12-05 16:35:00,1,84,84088,1,1,2,7,D49,44.000749,5.013784
202300049798,17,7,2023,2025-12-05 08:10:00,1,77,77186,1,2,7,3,Rd 142 Glandee Au Grand Veneur,48.48082,2.66682
202300049799,31,3,2023,2025-12-05 22:00:00,3,69,69294,1,1,1,5,Autoroute 7,45.62936,4.81746
202300049800,4,12,2023,2025-12-05 07:50:00,5,95,95487,2,1,3,6,8 Mai 1945 (Rue Du),49.145419,2.283488
202300049801,10,5,2023,2025-12-05 15:15:00,1,76,76349,1,3,1,2,Rd 925,49.90008,1.0512
202300049802,18,2,2023,2025-12-05 14:48:00,1,60,60213,1,1,1,1,N330,49.11857245,2.68707657
202300049803,17,7,2023,2025-12-05 20:40:00,1,77,77131,1,1,1,2,D402,48.79745,3.09482
202300049804,31,3,2023,2025-12-05 23:14:00,3,91,91560,1,1,1,6,Rn 104,48.66706,2.19177
202300049805,25,8,2023,2025-12-05 18:35:00,2,38,38544,2,3,1,3,Joseph Savigne(Rue),45.5094,4.855
202300049806,3,12,2023,2025-12-05 20:50:00,3,95,95529,2,1,1,6,Neuve (Route),49.170706,2.211256
202300049807,17,2,2023,2025-12-05 20:50:00,3,60,60160,1,1,1,7,D15,49.590893,2.733665
202300049808,29,11,2023,2025-12-05 23:00:00,3,29,29181,1,1,1,7,Lotissement De Keranfloch,48.48832652,-4.24142317
202300049809,9,5,2023,2025-12-05 20:15:00,1,76,76217,2,5,1,6,Cite De Limes (Rue),49.92752,1.08789
202300049810,26,8,2023,2025-12-05 21:10:00,5,37,37214,2,1,1,2,De Gaulle (Bd Charles),47.41011,0.67866
202300049811,31,3,2023,2025-12-05 15:05:00,1,91,91161,1,1,1,4,Autoroute A6,48.69894,2.31261
202300049812,18,2,2023,2025-12-05 13:40:00,1,2,2381,1,1,1,6,Route De Blangy,49.942828,4.087075
202300049813,2,12,2023,2025-12-05 20:00:00,5,974,97410,2,6,1,1,Rond-Point Des Plaines,-21.047311,55.717099
202300049814,16,7,2023,2025-12-05 12:00:00,1,76,76231,1,1,2,1,Rue De La Saussaye,49.271,0.997
202300049815,1,4,2023,2025-12-05 10:20:00,5,92,92062,1,1,9,7,A14,48.89302103,2.2348168
202300049816,10,5,2023,2025-12-05 20:30:00,2,74,74012,2,5,1,3,Amoureux (Rue Des),46.1904,6.23443
202300049817,26,8,2023,2025-12-05 03:45:00,5,34,34172,2,1,1,3,Avenue Des Garrats,43.61003,3.83876
202300049818,17,2,2023,2025-12-05 20:45:00,5,80,80442,1,1,1,7,Rue Des Osiers,49.740568,2.977016
202300049819,1,9,2023,2025-12-05 19:33:00,1,30,30334,2,1,1,6,Place Des Cordeliers,44.012077,4.41601
202300049820,31,3,2023,2025-12-05 16:00:00,1,93,93005,1,1,1,3,Autoroute A3,48.9588,2.4733
202300049821,17,7,2023,2025-12-05 10:00:00,1,69,69256,2,2,1,3,Avenue De Bohlen,45.7646,4.91931
202300049822,10,5,2023,2025-12-05 11:45:00,1,74,74012,2,4,1,2,Etrembieres (Route D'),46.18759,6.23253
202300049823,17,11,2023,2025-12-05 14:45:00,1,31,31203,2,1,1,6,34 Avenue Du Chene Vert,43.512835,1.324118
202300049824,1,4,2023,2025-12-05 07:10:00,1,988,98818,2,1,1,6,Ndeg21 Rue Georges Leques,-22.22977,166.49042
202300049825,26,8,2023,2025-12-05 18:50:00,1,34,34172,2,1,1,4,Orient (Boulevard D'),43.60297,3.88733
202300049826,10,5,2023,2025-12-05 08:30:00,1,72,72181,2,1,1,2,Estienne D'Orves (Bd D'),48.01005,0.17125
202300049827,17,7,2023,2025-12-05 19:05:00,1,69,69290,2,5,1,3,Rue De Provence,45.69383,4.92315