num_acc,jour,mois,an,hrmn,lum,dep,com,agg,int,atm,col,adr,lat,long
202300049828,31,3,2023,2025-12-05 20:25:00,5,974,97411,1,1,1,2,Jaures (Bld 1 Jean),-20.90085,55.49259
202300049829,4,12,2023,2025-12-05 08:45:00,1,79,79355,1,1,2,4,Adresse_Inconnue,46.310096,-0.377537
202300049830,17,2,2023,2025-12-05 07:28:00,1,13,13215,1,1,1,3,A7-Sens Marseille Vers Lyon,43.37771,5.35766
202300049831,25,8,2023,2025-12-05 02:12:00,3,34,34336,1,6,1,3,Mediterranee (Rond Point De La),43.32004,3.29336
202300049832,30,9,2023,2025-12-05 10:15:00,1,6,6136,1,1,1,1,2415 Route Du Col Saint Jean,43.858854,7.442765
202300049833,8,5,2023,2025-12-05 14:05:00,1,72,72181,2,1,1,2,Liberation (Av De La) Ndeg Pairs 2 A 122,48.00469,0.18722
202300049834,31,3,2023,2025-12-05 19:10:00,5,973,97302,1,6,2,3,Crique Fouillee (Rond Point),4.89673,-52.32841
202300049835,4,12,2023,2025-12-05 12:50:00,1,33,33140,1,1,2,6,Le Genestat,44.782574,-0.32209
202300049836,15,2,2023,2025-12-05 06:30:00,5,69,69199,1,1,1,3,Route Departementale 383,45.70257,4.84491
202300049837,25,8,2023,2025-12-05 14:05:00,1,34,34003,2,1,1,3,Route De Rochelongue,43.29926,3.47837
202300049838,29,9,2023,2025-12-05 18:10:00,1,6,6079,2,1,1,6,Boulevard Des Ecureuils,43.542859,6.942245
202300049839,17,7,2023,2025-12-05 05:05:00,2,67,67482,2,1,1,2,Romains (Route Des),48.5781,7.70354
202300049840,31,3,2023,2025-12-05 09:50:00,1,973,97302,2,1,1,2,Eboue (Rocade Felix),4.9304,-52.31416
202300049841,4,5,2023,2025-12-05 16:58:00,1,72,72181,2,1,1,3,Klotz Henri-Pierre (Av),48.0201,0.16227
202300049842,23,11,2023,2025-12-05 10:40:00,1,61,61294,2,3,2,3,Intersection D26 / D206,48.641827,0.084108
202300049843,30,9,2023,2025-12-05 04:40:00,3,5,5084,1,1,1,6,N94,44.553888,6.242219
202300049844,17,2,2023,2025-12-05 19:41:00,3,33,33249,1,1,1,4,Rocade A 630,44.87987,-0.53659
202300049845,26,8,2023,2025-12-05 21:00:00,2,33,33063,2,1,1,3,Parc D'Activites Des Queyries,44.85119,-0.56072
202300049846,31,3,2023,2025-12-05 08:12:00,1,973,97302,2,1,1,6,Boudinot (Auguste) Cite Themire,4.93406238,-52.31926364
202300049847,16,7,2023,2025-12-05 12:11:00,1,63,63103,2,9,1,3,Perouse (Rue De La),45.9191,3.07986
202300049848,5,5,2023,2025-12-05 18:22:00,1,72,72181,2,3,1,2,Geneslay Felix (Av) Ndeg Pairs 288 Et Plus,47.96927,0.20108
202300049849,30,11,2023,2025-12-05 07:20:00,2,68,68384,2,3,2,6,Faubourg De Mulhouse,47.698484,7.305758
202300049850,29,9,2023,2025-12-05 19:25:00,2,50,50419,1,3,1,3,Rue Du Mont Saint Michel,48.960469,-1.474392
202300049851,31,3,2023,2025-12-05 18:15:00,1,69,69388,2,2,8,3,Rue Croix-Barret,45.7371,4.85024
202300049852,18,7,2023,2025-12-05 00:15:00,5,59,59350,1,1,1,6,Langevin Rue Du Professeur,50.620096,3.083378
202300049853,9,5,2023,2025-12-05 03:20:00,3,71,71497,1,1,1,6,General De Gaulle (Boulevard Du),46.34981341,4.84947547
202300049854,4,12,2023,2025-12-05 19:00:00,3,25,25436,1,1,2,6,D119,47.334358,6.554589
202300049855,26,8,2023,2025-12-05 18:45:00,1,33,33063,2,3,1,5,Boulevard Alfred Daney,44.86697,-0.57323
202300049856,31,3,2023,2025-12-05 15:10:00,1,972,97209,2,1,1,3,Francois Mitterand (Place),14.6047335,-61.0644768
202300049857,17,2,2023,2025-12-05 17:27:00,1,33,33487,1,1,1,4,Autoroute A 10,44.95409,-0.45589
202300049858,16,7,2023,2025-12-05 07:40:00,1,57,57491,2,1,1,7,Cote Des Gayes (Route De La),49.25126,6.03502
202300049859,9,5,2023,2025-12-05 19:30:00,1,69,69286,2,1,1,3,4 Place Maurice Ravel,45.81725692,4.89735976
202300049860,25,8,2023,2025-12-05 19:10:00,1,33,33318,2,1,1,6,Avenue Jean Jaures,44.81348238,-0.6125991
202300049861,30,3,2023,2025-12-05 15:25:00,1,971,97120,2,2,1,6,Chanzy (Boulevard),16.24112,-61.53602
202300049862,13,7,2023,2025-12-05 08:40:00,1,57,57283,2,1,1,6,Avenue De France,49.25025,6.16006
202300049863,29,9,2023,2025-12-05 23:40:00,3,73,73124,1,1,1,6,N90,45.64942,6.342716
202300049864,3,12,2023,2025-12-05 13:50:00,1,29,29269,1,1,3,7,Kergall,47.94906068,-3.62635686
202300049865,9,5,2023,2025-12-05 19:30:00,1,69,69275,2,1,8,7,21 Rue Michel Servet,45.75969,4.96872
202300049866,17,2,2023,2025-12-05 16:15:00,1,33,33192,1,1,1,3,Rocade A 630,44.78742,-0.59805
202300049867,25,8,2023,2025-12-05 19:35:00,1,33,33192,2,1,1,2,Rue De Lahouneau,44.77959,-0.61213
202300049868,31,3,2023,2025-12-05 12:30:00,1,95,95197,2,1,3,2,Avenue De La Division Leclerc,48.968804,2.315016
202300049869,30,9,2023,2025-12-05 15:00:00,1,10,10317,1,1,1,6,D17,47.98947044,4.33289027
202300049870,9,5,2023,2025-12-05 09:30:00,1,69,69256,2,1,1,6,7 Chemin De La Ferme,45.78645791,4.91223708
202300049871,16,7,2023,2025-12-05 20:10:00,1,54,54263,1,1,1,3,Avenue Maurice Kriegel Valrimont,49.21032,5.99512
202300049872,29,9,2023,2025-12-05 13:10:00,1,4,4094,1,1,1,1,Route Departementale 4,43.752055,5.804365
202300049873,25,8,2023,2025-12-05 10:20:00,1,33,33063,2,2,1,3,Rue De Pessac,44.82539,-0.5892
202300049874,16,2,2023,2025-12-05 23:35:00,3,33,33366,1,1,1,4,Autoroute A 10,44.98296,-0.42853
202300049875,4,12,2023,2025-12-05 07:37:00,2,1,1350,1,1,1,5,D1083,46.264073,5.280347
202300049876,10,5,2023,2025-12-05 10:30:00,1,69,69264,2,1,1,6,Rue Pierre Berthier,45.98565,4.72767
202300049877,31,3,2023,2025-12-05 22:00:00,3,95,95127,2,2,6,3,Rue Francis Combe,49.045732,2.071387
202300049878,29,9,2023,2025-12-05 17:45:00,2,85,85164,2,6,1,6,D38,46.83021,-2.131427
202300049879,16,2,2023,2025-12-05 06:10:00,3,62,62637,1,1,1,6,A1,50.464173,2.975128
202300049880,25,8,2023,2025-12-05 01:30:00,5,33,33063,2,1,1,6,Quai De Paludate,44.82946,-0.5552
202300049881,7,7,2023,2025-12-05 21:38:00,1,51,51454,2,2,1,3,Pompelle (Rue),49.25284,4.04929
202300049882,10,5,2023,2025-12-05 07:30:00,1,69,69259,2,1,1,1,Rue Vaillant Couturier,45.72695,4.86073
202300049883,2,12,2023,2025-12-05 23:40:00,3,54,54363,2,1,1,1,Rue De Boudrezy,49.37005398,5.82374096
202300049884,31,3,2023,2025-12-05 19:10:00,1,91,91201,2,2,1,3,Av De L Europe,48.683542,2.432061
202300049885,29,9,2023,2025-12-05 20:50:00,3,87,87191,1,1,1,3,Rn21,45.752897,1.058893
202300049886,30,11,2023,2025-12-05 17:40:00,5,7,7313,2,1,8,6,221 Quai Jules Roche,45.31953938,4.76400554
202300049887,17,2,2023,2025-12-05 07:30:00,2,78,78208,1,1,2,3,Rn12 Ext,48.799603,1.983725
202300049888,24,8,2023,2025-12-05 21:45:00,3,31,31555,2,1,1,3,Rue Du Pole,43.64792,1.42203
202300049889,17,7,2023,2025-12-05 07:10:00,1,51,51055,2,9,1,3,Potiere (Rue),49.27475,4.05753
202300049890,13,6,2023,2025-12-05 19:20:00,1,91,91286,2,1,1,6,Plessis (Chemin Du),48.65288,2.38521
202300049891,30,3,2023,2025-12-05 17:10:00,1,83,83061,1,9,1,3,D8,43.4188266,6.70322156
202300049892,9,5,2023,2025-12-05 17:00:00,1,69,69290,2,2,3,3,Rue De La Cite De L'Abbe Pierre,45.69516,4.93103
202300049893,30,9,2023,2025-12-05 05:00:00,3,72,72031,1,1,1,6,A11 - Pk 146+100 - Sens Le Mans/Paris,48.07794753,0.48315883
202300049894,27,11,2023,2025-12-05 19:20:00,3,7,7157,1,1,2,6,D86,44.617814,4.734464
202300049895,14,7,2023,2025-12-05 04:57:00,5,49,49007,2,1,1,7,Churchill Avenue Et Square,47.44881,-0.55977
202300049896,10,1,2023,2025-12-05 09:30:00,1,85,85112,1,1,8,6,Rue Du 8 Mai 1945,46.55044,-1.764641
202300049897,16,2,2023,2025-12-05 04:50:00,3,93,93007,1,1,1,2,Autoroute A1,48.94353,2.43618
202300049898,31,3,2023,2025-12-05 13:50:00,1,77,77058,2,1,1,3,Genets (Boulevard Des),48.83962241,2.72118207
202300049899,26,8,2023,2025-12-05 17:40:00,1,28,28134,1,6,1,3,Rond Point Des Coralines Sud,48.74457,1.34686
202300049900,3,12,2023,2025-12-05 22:45:00,3,53,53276,1,1,2,6,D32,48.148994,-0.256763
202300049901,29,9,2023,2025-12-05 18:55:00,2,6,6085,1,1,1,2,"A8, Pk 166 Chaussee Nord",43.5820296,7.0144145
202300049902,10,5,2023,2025-12-05 18:50:00,1,67,67482,2,3,1,3,Elmerforst (Rue D ),48.56355,7.71192
202300049903,17,7,2023,2025-12-05 18:15:00,1,45,45234,2,1,1,6,Rue Leopold Sedar Senghor,47.839,1.93079
202300049904,31,3,2023,2025-12-05 21:00:00,2,76,76540,2,6,1,6,Boulevard De L'Europe,49.43097,1.079
202300049905,26,8,2023,2025-12-05 11:30:00,1,27,27681,2,1,1,6,Rouen (Avenue De),49.1,1.47247
202300049906,17,2,2023,2025-12-05 09:00:00,1,95,95241,1,1,2,2,Rn 104,49.04671,2.43817
202300049907,2,12,2023,2025-12-05 13:15:00,1,31,31349,1,1,1,6,A64,43.225615,1.055664
202300049908,13,6,2023,2025-12-05 14:45:00,1,85,85191,2,2,1,3,57 Rue Boileau,46.672969,-1.423684
202300049909,16,7,2023,2025-12-05 23:50:00,3,44,44184,1,1,1,6,Adresse_Inconnue,47.286074,-2.250791
202300049910,29,9,2023,2025-12-05 19:50:00,3,57,57333,1,1,1,1,Route Nationale 4 Pr 24+700 Sens Phalsbourg Vers Sarrebourg,48.748891,7.132892
202300049911,8,5,2023,2025-12-05 13:00:00,1,67,67267,2,3,1,3,Perigord (Rue Du),48.55985,7.67867
202300049912,30,3,2023,2025-12-05 14:50:00,1,76,76351,2,2,1,3,Jules Valles,49.513848,0.176015
202300049913,26,8,2023,2025-12-05 16:15:00,1,27,27229,2,1,1,2,Mendes France (Rue Pierre),49.03163,1.15239
202300049914,12,6,2023,2025-12-05 11:00:00,1,78,78418,1,6,1,7,Huit Mai 1945 (Rue Du),48.915819,2.143072
202300049915,17,2,2023,2025-12-05 10:40:00,1,95,95219,1,1,8,3,A115,48.9893669,2.24385774
202300049916,29,9,2023,2025-12-05 19:50:00,1,72,72386,1,6,1,7,Rond Point De Auvours - Rd323/Rd314,48.009727,0.306316
202300049917,16,7,2023,2025-12-05 19:50:00,1,42,42095,2,2,1,2,Rue De Saint-Just-Malmont,45.38371,4.29072
202300049918,4,12,2023,2025-12-05 10:00:00,1,31,31187,2,1,1,3,D632 - Pk 18.500,43.531111,1.220255
202300049919,30,3,2023,2025-12-05 08:10:00,1,72,72181,2,1,1,1,Champion Henri (Rue) Ndeg Pairs,47.98257,0.23072
202300049920,16,2,2023,2025-12-05 20:10:00,3,95,95060,1,1,1,6,A115,49.04241798,2.18856615
202300049921,9,5,2023,2025-12-05 08:50:00,1,67,67482,2,3,8,3,Canonniers (Rue Des),48.55444,7.76624
202300049922,25,8,2023,2025-12-05 13:20:00,1,27,27229,2,2,1,2,Saint Sauveur (Rue),49.02763,1.14404
202300049923,31,3,2023,2025-12-05 17:20:00,1,71,71076,2,1,1,6,11 Novembre 1918 (Rue),46.78,4.84
202300049924,30,9,2023,2025-12-05 14:40:00,1,60,60142,2,6,1,3,D922,49.100415,2.528685
202300049925,5,5,2023,2025-12-05 18:00:00,1,67,67043,2,1,1,6,Reichstett (Rue De),48.61743242,7.73383319
202300049926,3,12,2023,2025-12-05 19:58:00,3,84,84014,1,1,1,2,A51 Pk 058.150,43.716264,5.736473
202300049927,17,7,2023,2025-12-05 09:30:00,1,38,38151,2,3,1,3,Grugliasco (Avenue De ),45.15056,5.71287
202300049928,12,6,2023,2025-12-05 23:20:00,3,77,77495,1,1,1,6,D346,48.55936,2.61849
202300049929,16,2,2023,2025-12-05 09:50:00,1,95,95018,1,1,1,5,A15,48.95083853,2.27990658
202300049930,28,3,2023,2025-12-05 22:20:00,5,69,69266,2,6,1,3,28 Rue Edouard Aynard,45.75994,4.87588
202300049931,26,8,2023,2025-12-05 21:00:00,5,25,25204,2,1,2,6,R-N 57.,46.92326,6.33973
202300049932,4,9,2023,2025-12-05 11:20:00,1,988,98831,1,1,1,7,Rt1,-21.053344,164.712138
202300049933,5,5,2023,2025-12-05 17:30:00,1,67,67482,2,3,2,6,Coulaux (Rue),48.57282,7.79452
202300049934,31,3,2023,2025-12-05 08:25:00,1,69,69092,1,1,1,6,Route Du Saule D'Oingt,45.98079,4.66559
202300049935,30,11,2023,2025-12-05 16:55:00,3,72,72096,1,1,1,2,A81,48.03137418,-0.00057578
202300049936,17,2,2023,2025-12-05 00:20:00,4,77,77249,1,1,8,7,Rn104,48.73321171,2.61033847
202300049937,17,7,2023,2025-12-05 16:15:00,1,35,35238,1,1,1,4,Rn136,48.08375,-1.64242
202300049938,24,8,2023,2025-12-05 16:20:00,1,19,19031,2,3,1,2,Avenue Alsace Lorraine,45.15357,1.53904
202300049939,8,5,2023,2025-12-05 11:50:00,1,67,67267,2,1,1,6,Marechal Foch (Rue Du),48.55585,7.67995
202300049940,31,3,2023,2025-12-05 08:00:00,1,69,69290,2,1,1,3,Rue Jean Zay,45.70648896,4.91197482
202300049941,4,12,2023,2025-12-05 19:33:00,3,6,6155,1,9,2,6,"A8, Chaussee Nord, Pk 170.000",43.603353,7.062031
202300049942,30,9,2023,2025-12-05 11:50:00,1,77,77046,1,2,1,3,D410,48.260784,2.443997
202300049943,12,6,2023,2025-12-05 11:40:00,1,76,76384,2,1,1,6,Goubermoulins (Rue),49.52947,0.54623
202300049944,17,7,2023,2025-12-05 11:15:00,1,34,34003,2,9,1,3,25 Rue De La Republique,43.310942,3.470767
202300049945,31,3,2023,2025-12-05 15:10:00,1,68,68056,1,1,6,6,Rue De Folgensbourg,47.719794,7.343207
202300049946,15,2,2023,2025-12-05 10:50:00,1,34,34301,2,3,1,1,677 Boulevard De Verdun,43.41294,3.68395
202300049947,25,8,2023,2025-12-05 19:45:00,2,17,17415,2,1,7,6,Avenue Gambetta,45.746654,-0.623542
202300049948,3,12,2023,2025-12-05 16:40:00,1,31,31506,2,1,1,6,4 Rue Des Comores,43.55616697,1.5243879
202300049949,13,6,2023,2025-12-05 23:45:00,5,74,74012,2,2,1,6,Baud (Rue Du Dr Francis),46.1978,6.2386
202300049950,29,9,2023,2025-12-05 19:30:00,2,84,84097,2,1,1,3,Route De Colonzelle,44.36395,4.911173
202300049951,25,8,2023,2025-12-05 11:05:00,1,16,16166,1,6,1,6,Mermoz (Avenue Jean),45.66877,0.22097
202300049952,10,5,2023,2025-12-05 13:20:00,1,64,64284,2,1,2,4,8 Mai 1945 Du,43.2809,-0.38595
202300049953,17,7,2023,2025-12-05 15:30:00,1,33,33522,2,1,1,2,Cours Marechal Gallieni,44.82505579,-0.58983386
202300049954,30,3,2023,2025-12-05 18:30:00,1,67,67365,2,3,1,3,General Leclerc (Rue Du),48.54961,7.71005
202300049955,16,2,2023,2025-12-05 03:00:00,5,31,31555,2,1,1,6,198 Avenue De Grande Bretagne,43.60179,1.41105
202300049956,29,9,2023,2025-12-05 19:00:00,2,52,52353,2,1,1,7,Rue Du Bosquet,48.035806,5.341732
202300049957,1,12,2023,2025-12-05 15:10:00,1,11,11262,1,1,2,1,Adresse_Inconnue,43.161601,3.144987
202300049958,12,6,2023,2025-12-05 09:52:00,1,74,74298,1,1,1,1,Mont-Blanc (Route Du),46.16805,6.27125
202300049959,17,7,2023,2025-12-05 17:49:00,1,32,32013,2,9,7,6,Ancien Foirail (Place),43.6486348,0.58349311
202300049960,15,2,2023,2025-12-05 09:10:00,1,92,92024,2,1,1,6,Victor Hugo (Bd),48.9036152,2.320418
202300049961,9,5,2023,2025-12-05 15:55:00,1,64,64445,1,1,2,2,Europe De L',43.32157,-0.31225
202300049962,31,3,2023,2025-12-05 01:13:00,5,66,66136,2,1,1,1,Adresse_Inconnue,42.69422,2.89
202300049963,3,12,2023,2025-12-05 18:20:00,3,60,60541,1,1,1,6,Autoroute A1 Pk 53+400-Lille/Paris,49.28960497,2.69172335
202300049964,13,6,2023,2025-12-05 08:15:00,1,72,72181,2,9,1,3,Rubillard Av Ndeg Pairs 118 Et >,48.0132,0.1746
202300049965,26,8,2023,2025-12-05 21:00:00,5,13,13054,2,3,2,3,Lacanau (Av De ),43.40879,5.22561
202300049966,29,9,2023,2025-12-05 21:00:00,3,73,73211,1,4,1,6,D925,45.71880029,6.49562627
202300049967,9,5,2023,2025-12-05 08:30:00,1,64,64445,2,1,1,6,Tristan Dereme,43.30752,-0.35127
202300049968,14,2,2023,2025-12-05 14:35:00,1,71,71306,1,1,1,6,Danton (Rue),46.67585,4.36429
202300049969,16,7,2023,2025-12-05 11:50:00,1,30,30007,2,1,1,1,Quai De La Brigade Du Languedoc,44.1201,4.0894
202300049970,4,12,2023,2025-12-05 16:20:00,1,974,97403,2,1,1,6,Entre-Deux,-21.249797,55.47172
202300049971,31,3,2023,2025-12-05 07:45:00,1,64,64445,2,4,8,6,Gerard De Nerval,43.294684,-0.364151
202300049972,13,6,2023,2025-12-05 08:30:00,1,71,71497,1,1,1,2,General De Gaulle (Boulevard Du),46.33916,4.84685
202300049973,26,8,2023,2025-12-05 22:30:00,5,13,13208,2,1,2,6,Prado (Avenue Du),43.26229,5.37558
202300049974,29,9,2023,2025-12-05 08:50:00,1,69,69225,1,4,1,3,Route De La Bussiere,45.874425,4.410968
202300049975,9,5,2023,2025-12-05 17:15:00,1,64,64024,2,9,2,6,Bayonne (Avenue De),43.4808,-1.51327
202300049976,14,2,2023,2025-12-05 17:49:00,2,6,6030,2,1,1,6,Perier (Le Cannet),43.56656,6.99151
202300049977,15,7,2023,2025-12-05 19:00:00,1,28,28218,2,1,7,3,Rue De Lattre De Tassigny,48.43422,1.45762
202300049978,3,12,2023,2025-12-05 16:50:00,1,973,97305,1,1,1,1,Rn1 Pk 19.800,4.964035,-52.435416
202300049979,30,3,2023,2025-12-05 16:00:00,1,64,64348,2,1,7,2,Erckman Chatrian,43.32518,-0.38302
202300049980,26,8,2023,2025-12-05 16:08:00,1,13,13203,2,1,1,2,Belle De Mai (Rue),43.31265,5.38528
202300049981,9,5,2023,2025-12-05 13:00:00,1,64,64102,2,1,2,6,Lahubiague (Avenue),43.48329,-1.48331
202300049982,12,6,2023,2025-12-05 08:41:00,1,66,66136,2,1,1,6,Leclerc (Avenue Du General),42.70161,2.89058
202300049983,14,2,2023,2025-12-05 08:20:00,1,83,83129,2,1,7,6,Republique (Avenue De La),43.09224,5.84124
202300049984,21,9,2023,2025-12-05 20:15:00,5,69,69143,2,1,3,1,Avenue Carnot,45.88784454,4.82965521
202300049985,30,3,2023,2025-12-05 14:30:00,1,64,64102,2,1,1,3,Aquitaine (Avenue De L'),43.48632,-1.46527
202300049986,16,7,2023,2025-12-05 22:05:00,2,19,19275,1,1,1,6,La Coste,45.51868438,2.30167866
202300049987,8,5,2023,2025-12-05 19:25:00,1,64,64102,2,6,1,3,Rond Point Du Grand Basque,43.49109,-1.45415
202300049988,12,6,2023,2025-12-05 12:25:00,1,64,64445,2,1,1,2,Gaston Phoebus,43.30242,-0.37979
202300049989,25,8,2023,2025-12-05 14:19:00,1,13,13204,2,1,1,5,Alex. Fleming (Boulevard),43.31608,5.39406
202300049990,16,2,2023,2025-12-05 16:40:00,1,974,97416,2,1,1,6,Suffren(Rue),-21.3355,55.47327
202300049991,17,7,2023,2025-12-05 13:00:00,1,17,17415,1,1,1,2,Route Nationale 137,45.72539,-0.64586
202300049992,30,3,2023,2025-12-05 14:25:00,1,64,64102,2,1,1,3,De Gaulle (Place Du General),43.49365194,-1.47583187
202300049993,28,7,2023,2025-12-05 10:00:00,1,73,73023,1,3,1,3,D215,45.225129,6.73522
202300049994,28,9,2023,2025-12-05 18:00:00,1,65,65059,2,3,1,3,Av Des Victimes Du 11 Juin 1944,43.074002,0.143412
202300049995,13,6,2023,2025-12-05 11:20:00,1,64,64102,2,1,1,6,Molinie (Avenue Jean),43.49396,-1.48357
202300049996,4,5,2023,2025-12-05 12:00:00,1,62,62666,2,1,1,3,D161E1,50.47013025,2.87518823
202300049997,17,7,2023,2025-12-05 11:00:00,1,6,6029,2,1,1,6,Phalenes (Rue Des),43.55884,7.01693
202300049998,25,8,2023,2025-12-05 14:55:00,1,13,13209,2,4,1,1,Morgiou (Chemin De ),43.24257,5.40637
202300049999,10,5,2023,2025-12-05 13:12:00,1,62,62193,1,1,1,6,A216,50.94444,1.905
202300050000,3,12,2023,2025-12-05 18:00:00,3,26,26039,1,1,1,3,D532,45.042402,5.133104
202300050001,30,3,2023,2025-12-05 12:28:00,1,64,64102,2,1,1,2,Soult (Avenue Marechal),43.48717,-1.48557
202300050002,28,9,2023,2025-12-05 15:45:00,1,33,33273,1,1,1,6,Avenue Du Marechal Leclerc,44.843938,-0.764505
202300050003,15,2,2023,2025-12-05 21:50:00,4,974,97411,2,4,1,3,Montagne (Route De La),-20.88624,55.43993
202300050004,13,6,2023,2025-12-05 08:50:00,1,64,64102,2,2,1,3,Basque (Avenue Du Grand),43.49399,-1.45297
202300050005,25,8,2023,2025-12-05 22:10:00,3,11,11069,2,1,1,7,14 Chemin De La Reille,43.2326,2.3509
202300050006,30,3,2023,2025-12-05 18:53:00,1,63,63063,1,1,1,3,Adresse_Inconnue,45.84558,3.11364
202300050007,4,12,2023,2025-12-05 11:55:00,1,26,26064,2,4,2,6,2 Place Genissieu,44.899831,5.01925
202300050008,3,5,2023,2025-12-05 08:45:00,1,61,61169,2,6,1,6,D462,48.730041,-0.579148
202300050009,30,9,2023,2025-12-05 02:10:00,3,85,85226,1,1,1,6,D123,46.763579,-2.029473
202300050010,17,7,2023,2025-12-05 10:25:00,1,75,75116,2,1,1,4,Bd Peripherique Exterieur,48.869887,2.27151
202300050011,13,6,2023,2025-12-05 08:15:00,1,64,64102,2,1,1,3,Alsace Lorraine (Boulevard),43.49313,-1.46605
202300050012,16,2,2023,2025-12-05 09:05:00,1,973,97302,2,1,1,3,Baduel (Route De),4.93695377,-52.31492043
202300050013,25,8,2023,2025-12-05 11:30:00,1,10,10333,2,1,1,2,Echenilly (Cd),48.26754,4.04009
202300050014,4,5,2023,2025-12-05 15:00:00,1,59,59508,2,9,1,6,Halluin (Boulevard D'),50.74331,3.13209
202300050015,30,3,2023,2025-12-05 08:26:00,1,63,63014,1,1,1,3,Perignat (Rond-Point De),45.74322,3.1386
202300050016,12,6,2023,2025-12-05 17:10:00,1,62,62215,2,2,1,1,Rue De Tlemcen,50.47296,2.9241
202300050017,3,12,2023,2025-12-05 20:30:00,5,1,1027,2,3,9,1,Route De Lyon,45.84928257,5.11008292
202300050018,17,7,2023,2025-12-05 09:55:00,1,75,75119,2,1,1,4,Bd Peripherique Exterieur,48.897213,2.394354
202300050019,30,9,2023,2025-12-05 02:17:00,3,85,85003,1,1,1,6,La Grouliere,46.7604,-1.644452
202300050020,16,2,2023,2025-12-05 06:40:00,1,972,97213,1,1,1,6,Route Nationale 1,14.62198,-60.9907
202300050021,29,3,2023,2025-12-05 16:03:00,1,63,63014,2,3,1,2,Roussillon / Bretelle Parking Auchan Sud,45.7545,3.13028
202300050022,12,6,2023,2025-12-05 21:25:00,1,62,62178,2,1,1,6,Rue Du Corps Du Bois,50.49421,2.52684
202300050023,26,8,2023,2025-12-05 09:05:00,1,7,7281,1,1,3,5,Lyon (Avenue De),44.9427,4.85435
202300050024,3,12,2023,2025-12-05 12:47:00,1,69,69176,2,1,1,6,Route Des Coteaux Du Lyonnais,45.67819254,4.69053441
202300050025,31,3,2023,2025-12-05 08:45:00,1,61,61001,2,2,8,7,D955,48.42793,0.07509
202300050026,17,7,2023,2025-12-05 12:00:00,1,75,75115,2,2,1,1,Quai Andre Citroen,48.847233,2.279175
202300050027,16,2,2023,2025-12-05 13:30:00,1,972,97209,2,1,1,2,Arawaks (Avenue Des),14.61699,-61.04824
202300050028,25,8,2023,2025-12-05 10:15:00,1,7,7281,1,1,1,7,Route De St Romain De Lerps,44.95219,4.82322
202300050029,3,12,2023,2025-12-05 16:30:00,1,65,65338,2,1,1,3,D5,43.131151,0.175288
202300050030,9,5,2023,2025-12-05 18:00:00,1,59,59350,2,1,2,1,Canteleu Rue De,50.62728,3.03659
202300050031,31,3,2023,2025-12-05 19:05:00,2,59,59350,2,1,2,3,Boulevard D'Alsace,50.61774,3.06444
202300050032,29,9,2023,2025-12-05 16:00:00,1,69,69290,1,1,1,4,Autoroute 43,45.70188,4.96909
202300050033,25,8,2023,2025-12-05 20:20:00,1,6,6088,2,9,1,6,Madeleine (Bd De La),43.69927,7.23873
202300050034,16,2,2023,2025-12-05 12:15:00,1,972,97209,1,1,1,1,Routoutou (Rue Du),14.60669,-61.06824
202300050035,2,12,2023,2025-12-05 19:42:00,3,86,86062,2,9,9,6,Allee Du Haut Poitou,46.650848,0.363851
202300050036,16,7,2023,2025-12-05 16:08:00,1,75,75118,2,2,1,3,Boulevard Ornano,48.897542,2.344683
202300050037,31,3,2023,2025-12-05 08:45:00,1,59,59009,2,3,2,6,Ouest Boulevard De L,50.63537,3.12151
202300050038,29,9,2023,2025-12-05 16:00:00,1,69,69290,1,1,1,6,Rocade Est,45.70430117,4.96405363
202300050039,20,5,2023,2025-12-05 02:35:00,5,62,62119,2,9,1,6,D937,50.51363995,2.64870751
202300050040,1,12,2023,2025-12-05 15:50:00,1,33,33324,2,1,1,1,11 Route De Bergerac,44.842124,0.231501
202300050041,10,5,2023,2025-12-05 08:10:00,1,59,59206,1,2,2,3,Naves (Route De) Ou Departemental Ndeg114,50.18951,3.27691
202300050042,16,2,2023,2025-12-05 09:00:00,1,69,69385,2,1,1,2,43 Rue Pierre Valdo,45.75025,4.79103
202300050043,25,8,2023,2025-12-05 18:10:00,1,6,6030,2,3,1,6,Coteaux (Avenue Des),43.5684918,7.0246025
202300050044,17,7,2023,2025-12-05 07:35:00,1,75,75120,2,2,1,3,Avenue Gambetta,48.864965,2.395545
202300050045,30,3,2023,2025-12-05 07:42:00,2,57,57630,2,3,3,6,Gambetta (Av),48.73747,7.05757
202300050046,29,9,2023,2025-12-05 18:15:00,1,91,91103,1,1,1,3,Rn 104,48.62484,2.30411
202300050047,3,12,2023,2025-12-05 06:35:00,2,33,33366,1,1,9,3,2090 Route De Libourne,44.983566,-0.410123
202300050048,15,2,2023,2025-12-05 12:25:00,1,69,69382,2,1,1,3,21 Quai Jules Courmont,45.7581,4.83702
202300050049,25,8,2023,2025-12-05 13:37:00,1,5,5061,2,1,1,2,Provence (Avenue De),44.53662599,6.0522731
202300050050,13,6,2023,2025-12-05 13:50:00,1,61,61001,2,2,1,2,Avenue Koutiala,48.4267,0.0764
202300050051,9,5,2023,2025-12-05 17:30:00,1,57,57463,2,1,1,4,Rn 431,49.11918738,6.23455991
202300050052,29,11,2023,2025-12-05 13:30:00,1,33,33151,1,1,8,6,Grand Moulin Ouest,45.253629,-0.437125