num_acc,jour,mois,an,hrmn,lum,dep,com,agg,int,atm,col,adr,lat,long
202300050053,31,3,2023,2025-12-05 09:05:00,1,54,54304,2,6,1,3,Avenue De La Liberation,48.67731117,6.156344
202300050054,17,7,2023,2025-12-05 00:38:00,5,75,75116,2,2,1,3,Allee De Longchamp,48.874925,2.271112
202300050055,17,2,2023,2025-12-05 00:40:00,3,91,91421,1,1,1,3,Nationale 6 (Reveil Matin),48.71669,2.44263
202300050056,26,8,2023,2025-12-05 00:14:00,3,5,5023,2,1,2,6,Forgues (Avenue Du Prof.),44.90378,6.63587
202300050057,13,6,2023,2025-12-05 14:50:00,1,59,59426,1,9,1,6,Cit,50.75244,3.14034
202300050058,9,5,2023,2025-12-05 08:40:00,1,54,54395,2,2,1,3,Boulevard Jean Jaures,48.68222,6.17791
202300050059,29,9,2023,2025-12-05 08:25:00,1,91,91687,1,1,1,5,Autoroute A6,48.6631,2.36714
202300050060,29,11,2023,2025-12-05 15:00:00,1,60,60668,1,3,8,3,D149,49.492668,2.088282
202300050061,17,7,2023,2025-12-05 20:30:00,2,75,75114,2,2,1,2,Boulevard Saint Jacques,48.831952,2.341143
202300050062,30,3,2023,2025-12-05 07:10:00,2,54,54395,2,2,3,6,Poincare (Rue Raymond 1-29-2-30),48.691,6.1751
202300050063,22,8,2023,2025-12-05 18:15:00,1,2,2408,2,1,1,6,Lyon (Boulevard De),49.56976,3.62573
202300050064,16,2,2023,2025-12-05 09:40:00,1,86,86157,1,1,1,2,Rn 147,46.536512,0.425988
202300050065,13,6,2023,2025-12-05 07:40:00,1,59,59512,2,2,1,1,Tourcoing (Rue De),50.707127,3.169322
202300050066,8,5,2023,2025-12-05 16:45:00,1,54,54395,2,2,1,3,Rue Du Marechal Oudinot,48.67479107,6.18046403
202300050067,29,9,2023,2025-12-05 07:55:00,1,94,94003,1,1,1,2,A6A,48.80389457,2.3420366
202300050068,3,12,2023,2025-12-05 20:44:00,3,80,80521,1,1,1,2,Autoroute A1 Pk 133+00 Sens Paris/Lille,49.994388,2.875156
202300050069,12,6,2023,2025-12-05 09:00:00,1,59,59368,2,9,1,6,Pompidou G. Rue Du Pdt.149 - 301,50.65774,3.06404
202300050070,17,7,2023,2025-12-05 19:00:00,1,75,75110,2,3,1,2,Boulevard De La Villette,48.872571,2.376213
202300050071,16,2,2023,2025-12-05 13:10:00,1,82,82121,2,1,7,3,Europe (Avenue De L'),43.99696,1.33481
202300050072,29,3,2023,2025-12-05 17:25:00,1,52,52121,2,1,1,3,Leclerc (Avenue General),48.10866,5.14062
202300050073,10,5,2023,2025-12-05 08:10:00,1,51,51493,1,6,8,2,Route De Chalons,49.22768285,4.09964919
202300050074,30,11,2023,2025-12-05 23:18:00,5,13,13202,1,1,1,6,Tvpcm-Sens Saint Victor Vers Les Ports,43.29529299,5.3631374
202300050075,27,9,2023,2025-12-05 19:50:00,3,92,92025,1,1,1,2,A86,48.93542176,2.2605831
202300050076,26,8,2023,2025-12-05 17:15:00,1,75,75117,2,4,1,2,Porte Des Ternes,48.883425,2.284172
202300050077,17,7,2023,2025-12-05 10:40:00,1,75,75108,2,1,1,6,Rue Washington,48.872291,2.301707
202300050078,13,6,2023,2025-12-05 08:45:00,1,59,59155,2,1,1,2,Boernhol,51.006186,2.389331
202300050079,9,5,2023,2025-12-05 13:50:00,1,51,51454,2,6,3,7,Rue De Brimontel,49.27451672,4.03329939
202300050080,2,12,2023,2025-12-05 22:50:00,5,13,13213,1,1,1,6,A507 Sens Aubagne- Marseille,43.32944942,5.41358829
202300050081,17,7,2023,2025-12-05 14:00:00,1,75,75114,2,3,1,7,Rue Vercingetorix,48.83339,2.31227
202300050082,12,6,2023,2025-12-05 07:15:00,1,59,59183,2,9,1,3,Adresse_Inconnue,51.030266,2.336789
202300050083,28,9,2023,2025-12-05 07:30:00,1,78,78531,1,1,1,4,A13,48.988343,1.657033
202300050084,9,5,2023,2025-12-05 12:45:00,1,51,51454,2,1,2,4,Boulevard Marcelin Berthelot,49.27248,4.06344
202300050085,24,8,2023,2025-12-05 21:10:00,5,75,75119,2,1,1,6,Tunnel Boulevard Macdonald,48.89997,2.38647
202300050086,2,12,2023,2025-12-05 18:00:00,5,83,83137,1,1,1,6,A50,43.12666174,5.89016331
202300050087,17,7,2023,2025-12-05 10:40:00,1,75,75115,2,3,1,7,Quai D Issy Les Moulineaux,48.835,2.26613
202300050088,8,5,2023,2025-12-05 15:45:00,1,50,50129,2,1,1,6,Gambetta (Rue),49.64733,-1.64645
202300050089,12,6,2023,2025-12-05 14:00:00,1,54,54395,2,1,1,4,Pont Du Millenaire,48.67799,6.20865
202300050090,17,7,2023,2025-12-05 19:25:00,1,75,75102,2,7,1,7,Place De L Opera,48.870315,2.332704
202300050091,16,2,2023,2025-12-05 06:30:00,3,77,77237,1,1,1,3,D345,48.84359,2.7762
202300050092,9,5,2023,2025-12-05 16:54:00,1,49,49007,2,2,1,3,Roi Rene Boulevard,47.46751,-0.55583
202300050093,2,12,2023,2025-12-05 14:00:00,1,83,83137,1,1,1,4,A57,43.12231793,5.95611165
202300050094,28,9,2023,2025-12-05 06:40:00,3,78,78140,1,1,1,5,A13,48.965644,1.923681
202300050095,24,8,2023,2025-12-05 09:00:00,1,75,75112,2,2,1,4,Quai De Bercy,48.83866923,2.37572908
202300050096,13,6,2023,2025-12-05 14:00:00,1,54,54051,1,2,1,3,Rd 13,49.17608,5.96825
202300050097,15,2,2023,2025-12-05 15:15:00,1,74,74012,2,1,1,6,Mermoz Rue Jean),46.19559,6.25151
202300050098,17,7,2023,2025-12-05 15:50:00,1,75,75101,2,2,1,6,Boulevard De Sebastopol,48.861978,2.350175
202300050099,3,12,2023,2025-12-05 04:15:00,3,69,69029,1,1,1,6,Boulevard Laurent Bonnevay,45.73045,4.89926
202300050100,9,5,2023,2025-12-05 20:17:00,1,49,49007,2,1,1,2,Larevelliere,47.47135,-0.52615
202300050101,28,9,2023,2025-12-05 06:00:00,2,78,78238,1,1,1,2,A13,48.969698,1.867391
202300050102,9,5,2023,2025-12-05 15:58:00,1,49,49267,2,6,1,7,Gandhi,47.46929,-0.51951
202300050103,12,6,2023,2025-12-05 09:14:00,1,51,51454,2,2,1,7,Sully (Rue),49.21277,4.02774
202300050104,2,12,2023,2025-12-05 23:15:00,3,69,69228,1,1,1,6,Autoroute 47,45.54283,4.6562
202300050105,15,2,2023,2025-12-05 19:45:00,5,71,71306,2,1,1,3,Camille Desmoulins (Rue),46.66563043,4.36633721
202300050106,26,8,2023,2025-12-05 11:30:00,1,75,75105,2,2,1,3,Rue Des Ecoles,48.849597,2.344825
202300050107,3,12,2023,2025-12-05 03:45:00,3,33,33143,1,1,1,2,Autoroute A 10,44.96588851,-0.43908298
202300050108,17,7,2023,2025-12-05 00:20:00,5,75,75104,2,2,1,2,Pont De Sully,48.850809,2.361432
202300050109,9,5,2023,2025-12-05 12:25:00,1,49,49007,2,2,1,2,Copernic,47.48205,-0.52238
202300050110,27,9,2023,2025-12-05 19:45:00,3,92,92019,1,1,1,4,Rn385,48.77621518,2.23316898
202300050111,12,6,2023,2025-12-05 10:15:00,1,51,51344,1,3,1,3,Cumieres (Allee De),49.0691,3.93196
202300050112,16,2,2023,2025-12-05 16:15:00,1,69,69286,2,4,1,2,2646 Route De Strasbourg,45.81893,4.89368
202300050113,3,12,2023,2025-12-05 06:25:00,3,91,91377,1,1,1,2,Autoroute A10,48.725,2.3
202300050114,25,8,2023,2025-12-05 09:20:00,1,75,75120,2,3,8,2,Rue De Menilmontant,48.86793,2.386624
202300050115,17,7,2023,2025-12-05 12:00:00,1,94,94028,2,1,1,2,Route De Choisy,48.787141,2.450426
202300050116,27,9,2023,2025-12-05 19:00:00,1,78,78640,1,1,1,2,N118,48.780589,2.222714
202300050117,13,6,2023,2025-12-05 03:45:00,5,50,50129,2,1,1,6,Rouges Terres (Les),49.60747,-1.59948
202300050118,3,12,2023,2025-12-05 10:30:00,1,95,95365,1,1,4,6,N104,49.06770069,2.39703848
202300050119,16,2,2023,2025-12-05 09:00:00,1,69,69256,2,1,1,6,Avenue Bataillon Carmagnole Liberte,45.75896045,4.92315069
202300050120,9,5,2023,2025-12-05 07:50:00,1,47,47001,2,2,8,3,Strasbourg (Rue De),44.199,0.6213
202300050121,15,7,2023,2025-12-05 08:50:00,1,94,94068,2,1,1,6,Etienne Dolet (R),48.78827207,2.48804571
202300050122,25,8,2023,2025-12-05 02:15:00,5,75,75120,2,2,1,7,Rue Des Pyrenees,48.861718,2.400188
202300050123,29,9,2023,2025-12-05 08:10:00,1,93,93027,1,1,1,3,Autoroute A86,48.92703,2.4056
202300050124,12,6,2023,2025-12-05 10:49:00,1,49,49007,2,2,1,6,Mendes France Place,47.47333,-0.54572
202300050125,16,2,2023,2025-12-05 15:00:00,1,69,69290,1,1,1,6,Boulevard Des Expositions,45.71939,4.95482
202300050126,9,5,2023,2025-12-05 19:42:00,1,43,43089,2,1,8,6,Avenue Jean Moulin,45.04151,3.87159
202300050127,16,7,2023,2025-12-05 20:00:00,1,94,94016,2,9,1,6,Avenue Du President Wilson,48.78998147,2.32635176
202300050128,29,9,2023,2025-12-05 07:00:00,3,93,93048,1,1,1,6,Autoroute A86,48.86639922,2.48162801
202300050129,26,8,2023,2025-12-05 08:30:00,1,75,75118,2,2,1,6,Avenue De La Porte De Clignancourt,48.899467,2.344091
202300050130,3,12,2023,2025-12-05 07:50:00,3,93,93027,1,1,1,2,Autoroute A86,48.92521284,2.39306196
202300050131,13,6,2023,2025-12-05 08:35:00,1,41,41295,1,1,1,4,Rd 956,47.58682,1.36311
202300050132,16,7,2023,2025-12-05 21:50:00,1,94,94028,2,1,1,6,Rue Claude Perrault,48.7786524,2.46480846
202300050133,16,2,2023,2025-12-05 09:35:00,1,66,66136,2,3,1,3,Adresse_Inconnue,42.69885,2.877711
202300050134,29,9,2023,2025-12-05 08:50:00,1,94,94079,1,1,1,2,A4,48.8352488,2.53824913
202300050135,25,8,2023,2025-12-05 12:05:00,1,75,75118,2,2,1,6,Boulevard Ney,48.898725,2.370369
202300050136,16,6,2023,2025-12-05 17:45:00,1,25,25427,2,1,1,1,5 Chemin Du Rang,47.269096,5.878238
202300050137,5,5,2023,2025-12-05 00:00:00,5,42,42218,2,2,1,3,Boulevard Marechal De Lattre De Tassigny,45.44509,4.36611
202300050138,17,7,2023,2025-12-05 11:00:00,1,94,94022,2,5,1,3,Avenue De Newburn,48.75496,2.4118
202300050139,13,6,2023,2025-12-05 14:30:00,1,38,38185,2,6,1,3,Avenue De L'Europe,45.15907,5.7342
202300050140,23,7,2023,2025-12-05 17:30:00,1,77,77442,2,1,1,1,D210,48.425278,2.760915
202300050141,15,2,2023,2025-12-05 12:35:00,1,66,66136,2,1,1,2,Adresse_Inconnue,42.67756,2.9052
202300050142,1,12,2023,2025-12-05 20:35:00,3,972,97213,2,1,1,6,Georges Gratiant (Avenue),14.61649,-61.03714
202300050143,26,8,2023,2025-12-05 18:15:00,1,75,75117,2,2,1,3,Boulevard Pereire,48.88753,2.307491
202300050144,17,7,2023,2025-12-05 15:00:00,1,93,93059,2,1,1,7,Boulevard Pasteur,48.96441,2.36617
202300050145,23,6,2023,2025-12-05 21:45:00,2,55,55544,1,1,1,6,D118B,49.50569532,5.4506135
202300050146,13,6,2023,2025-12-05 14:05:00,1,37,37233,2,2,1,3,Balzac (Rue Honore De),47.38835,0.72297
202300050147,9,5,2023,2025-12-05 10:00:00,1,42,42099,1,4,1,3,Rue Charles De Gaulle,45.39529587,4.26312608
202300050148,17,7,2023,2025-12-05 19:10:00,1,93,93064,2,1,1,6,Boulevard De La Boissiere,48.87301927,2.47055114
202300050149,1,12,2023,2025-12-05 18:00:00,5,972,97209,1,1,1,1,Redoute (Route De La),14.63593,-61.05595
202300050150,25,8,2023,2025-12-05 18:15:00,1,75,75117,2,7,1,6,Avenue De Villiers,48.88486,2.297914
202300050151,16,2,2023,2025-12-05 19:00:00,5,59,59599,2,2,1,3,Marne (Avenue De La),50.70980525,3.15289646
202300050152,28,9,2023,2025-12-05 11:45:00,1,988,98818,2,3,1,6,Rue Unger/Ali Raleb,-22.26182,166.44514
202300050153,2,12,2023,2025-12-05 22:55:00,5,2B,2B033,2,6,6,6,Sampiero Corso - Av,42.67151,9.44257
202300050154,17,7,2023,2025-12-05 19:00:00,2,93,93048,2,1,1,3,Rue Kleber,48.8564258,2.43596836
202300050155,25,8,2023,2025-12-05 13:10:00,1,75,75117,2,1,8,6,Avenue Emile Et Armand Massard,48.888113,2.296315
202300050156,28,9,2023,2025-12-05 07:35:00,1,974,97416,1,1,1,7,Cd 29,-21.33616,55.51948
202300050157,13,6,2023,2025-12-05 08:50:00,1,37,37208,2,9,1,3,Ecorcheveau (Rue De L'),47.36829,0.73828
202300050158,9,5,2023,2025-12-05 17:11:00,1,38,38151,2,2,3,3,Cours Jean Jaures,45.15189,5.707
202300050159,15,2,2023,2025-12-05 20:50:00,5,59,59350,2,1,1,6,Boulevard Jean-Baptiste Lebas,50.62624,3.06964
202300050160,28,9,2023,2025-12-05 08:45:00,1,973,97302,2,1,1,7,Zephir (Rocade),4.93649,-52.30739
202300050161,17,7,2023,2025-12-05 09:30:00,1,93,93079,2,1,1,2,Route De Saint-Leu,48.9534827,2.33622935
202300050162,25,8,2023,2025-12-05 22:55:00,5,75,75107,2,2,1,3,Quai D'Orsay,48.86259,2.319024
202300050163,13,6,2023,2025-12-05 23:54:00,5,35,35238,2,1,1,1,Volney (Bd),48.12455097,-1.66660935
202300050164,11,2,2023,2025-12-05 11:40:00,1,56,56260,2,6,1,6,Chateaubriand(Rue Francois De),47.66294,-2.76219
202300050165,9,5,2023,2025-12-05 11:40:00,1,38,38185,2,1,1,3,Marceau (Rue),45.18269,5.72194
202300050166,1,12,2023,2025-12-05 18:07:00,3,2B,2B037,1,1,1,4,Toutes Rues,42.6157,9.43748
202300050167,28,9,2023,2025-12-05 06:15:00,2,973,97302,2,1,1,7,Madeleine (Route De La),4.90941,-52.32161
202300050168,17,7,2023,2025-12-05 11:15:00,1,93,93029,2,1,1,6,Rue De La Republique,48.92445031,2.43731898
202300050169,3,12,2023,2025-12-05 01:15:00,5,2A,2A004,2,1,1,-1,Macchini Eugene Avenue,41.918,8.737
202300050170,13,6,2023,2025-12-05 08:45:00,1,35,35278,1,1,1,2,Rd 137,48.15352,-1.70126
202300050171,17,7,2023,2025-12-05 13:50:00,1,93,93013,2,1,1,6,Avenue De La Division Leclerc,48.93017285,2.42083857
202300050172,16,2,2023,2025-12-05 19:50:00,5,54,54184,2,1,1,3,Avenue De Saulxures,48.707946,6.244375
202300050173,10,5,2023,2025-12-05 20:10:00,1,37,37261,2,1,8,3,Hospitalite (Rue De L'),47.38949,0.66814
202300050174,28,9,2023,2025-12-05 10:04:00,1,69,69388,2,8,1,3,Boulevard Des Etats-Unis,45.73121,4.86619
202300050175,26,8,2023,2025-12-05 15:00:00,1,75,75115,2,3,1,2,Rue De Vaugirard,48.844713,2.318815
202300050176,13,6,2023,2025-12-05 12:30:00,1,34,34301,2,1,1,6,427 Boulevard De Verdun,43.41212,3.68697
202300050177,9,5,2023,2025-12-05 09:16:00,1,37,37214,2,1,2,2,Saint Cyr (Quai De),47.39727,0.66539
202300050178,16,2,2023,2025-12-05 13:35:00,1,54,54138,1,1,1,2,52 (Route Nationale),49.53555,5.75676
202300050179,28,9,2023,2025-12-05 04:15:00,5,69,69383,2,9,1,6,Rue Paul Bert,45.75707,4.85468
202300050180,17,7,2023,2025-12-05 11:35:00,1,93,93001,2,2,1,3,Avenue Jean Jaures / Avenue De La Republique,48.90359223,2.3918442
202300050181,10,6,2023,2025-12-05 10:10:00,1,34,34032,1,1,1,3,Rd609,43.31381,3.17883
202300050182,25,8,2023,2025-12-05 19:45:00,1,75,75115,2,1,1,2,Rue Du Colonel Pierre Avia,48.830758,2.276799
202300050183,2,12,2023,2025-12-05 10:00:00,1,95,95277,2,1,1,7,D970,48.98471,2.45912
202300050184,9,5,2023,2025-12-05 09:15:00,1,37,37122,2,2,3,3,Bordeaux (Avenue De),47.35562946,0.69869399
202300050185,28,9,2023,2025-12-05 06:15:00,1,972,97209,1,1,1,2,Rd 41 (Rocade),14.61179,-61.07856
202300050186,17,7,2023,2025-12-05 10:00:00,1,92,92051,2,3,1,3,"General Leclerc (Boulevard Du, Ndeg 1 A 27",48.88736539,2.2570155
202300050187,25,8,2023,2025-12-05 14:35:00,1,75,75114,2,7,1,6,Rue Du Chateau,48.837445,2.318155
202300050188,2,12,2023,2025-12-05 19:50:00,2,91,91549,2,1,1,6,Jacques Duclos (Avenue),48.63495,2.34586
202300050189,10,5,2023,2025-12-05 17:25:00,1,35,35051,1,6,2,2,Allies (Boulevard Des),48.1022991,-1.61021054
202300050190,13,6,2023,2025-12-05 20:15:00,1,31,31555,2,1,1,3,Av Frederic Estebe,43.62258153,1.43694788
202300050191,29,9,2023,2025-12-05 01:40:00,5,69,69382,2,2,1,6,Place Antonin Poncet,45.75646,4.83337
202300050192,17,7,2023,2025-12-05 09:40:00,1,92,92012,2,1,1,3,Marcel Sembat (Place),48.83353239,2.24362627
202300050193,2,12,2023,2025-12-05 17:30:00,5,91,91549,2,3,1,3,Grande Charmille Du Parc (Avenue De La),48.64529,2.328742
202300050194,28,9,2023,2025-12-05 19:00:00,2,69,69389,2,1,1,2,3 Quai Paul Sedallian,45.79749,4.82946
202300050195,9,5,2023,2025-12-05 11:45:00,1,35,35278,1,2,2,3,Bertaiche  (Lieu Dit),48.16259,-1.68389
202300050196,16,2,2023,2025-12-05 16:45:00,1,51,51454,2,6,1,6,Avenue Christophe Colomb,49.22874432,4.03671116
202300050197,25,8,2023,2025-12-05 19:30:00,1,75,75112,2,3,1,3,Avenue Du Tremblay,48.829854,2.461061
202300050198,13,6,2023,2025-12-05 18:10:00,1,29,29232,2,2,1,1,Rue President Sadate,47.9788,-4.10188
202300050199,18,7,2023,2025-12-05 19:13:00,1,39,39329,1,1,1,7,Adresse_Inconnue,46.788069,6.045249
202300050200,1,12,2023,2025-12-05 18:20:00,5,91,91027,2,1,1,2,Av Henri Dunant,48.71999,2.40229
202300050201,27,9,2023,2025-12-05 19:20:00,2,69,69389,2,2,1,3,21 Avenue Sidoine Apollinaire,45.77359,4.79521
202300050202,9,5,2023,2025-12-05 08:20:00,1,35,35238,1,1,1,2,Rn136,48.08218,-1.64604
202300050203,16,2,2023,2025-12-05 11:15:00,1,51,51431,2,9,1,6,Rue Jules Lobet,49.02436434,3.94409448
202300050204,2,12,2023,2025-12-05 10:50:00,1,78,78650,2,6,1,1,Etats Unis (Boulevard Des),48.901871,2.137702
202300050205,27,9,2023,2025-12-05 21:50:00,3,971,97101,2,9,1,3,Palais Royal,16.28793,-61.49485
202300050206,24,6,2023,2025-12-05 20:45:00,2,35,35126,2,2,1,7,Rue Du Championnat,47.970696,-1.796163
202300050207,25,8,2023,2025-12-05 09:00:00,1,75,75112,2,2,1,6,Avenue De Saint Mande,48.844297,2.410159
202300050208,13,2,2023,2025-12-05 12:30:00,1,50,50129,2,1,1,2,Abbaye (Rue De L'),49.64498,-1.6361
202300050209,28,9,2023,2025-12-05 10:55:00,1,2A,2A004,2,1,1,6,Avenue Du Docteur Noel Franchini,41.94095,8.75597
202300050210,2,12,2023,2025-12-05 08:50:00,1,78,78650,2,1,1,1,Georges Clemenceau (Avenue),48.88588,2.14464
202300050211,9,5,2023,2025-12-05 17:30:00,1,33,33063,1,9,2,4,Boulevard Alienor D'Aquitaine,44.87621,-0.56407
202300050212,12,6,2023,2025-12-05 14:10:00,1,17,17306,1,1,3,4,Express (Voie),45.64076,-1.03324
202300050213,17,7,2023,2025-12-05 17:50:00,1,22,22209,2,3,1,3,Rue Paul Vatine,48.572685,-2.137436
202300050214,22,8,2023,2025-12-05 12:15:00,1,75,75112,2,3,1,3,Boulevard Soult,48.838196,2.408438
202300050215,15,2,2023,2025-12-05 15:44:00,1,49,49007,2,1,1,6,La Bruyere,47.47713,-0.57542
202300050216,9,5,2023,2025-12-05 14:15:00,1,29,29019,2,1,1,5,Avenue Georges Clemenceau,48.39101,-4.48749
202300050217,13,6,2023,2025-12-05 14:00:00,1,17,17300,2,2,1,7,Robespierre   Avenue,46.15305,-1.12366
202300050218,28,9,2023,2025-12-05 13:20:00,1,95,95018,2,2,1,6,Jean Jaures (Avenue),48.939866,2.228286
202300050219,18,7,2023,2025-12-05 12:00:00,1,68,68044,2,1,1,2,20 Rue Du 3E Spahis Algeriens,48.16996,7.12612
202300050220,13,6,2023,2025-12-05 18:30:00,1,13,13117,2,1,1,6,Salyens ( Avenue Des ),43.44312,5.25251
202300050221,16,2,2023,2025-12-05 14:40:00,1,37,37261,2,7,1,6,France (Place Anatole),47.39741,0.68602
202300050222,25,8,2023,2025-12-05 23:05:00,3,75,75109,2,3,1,6,Rue Condorcet,48.880243,2.342915
202300050223,28,9,2023,2025-12-05 12:00:00,1,91,91421,1,1,1,1,Nationale 6 (Partie Foret),48.69011,2.46168
202300050224,1,12,2023,2025-12-05 07:55:00,3,77,77284,2,1,8,1,Allende (Av.Salvador),48.955562,2.889993
202300050225,17,7,2023,2025-12-05 14:30:00,1,51,51599,1,1,1,3,Rd 944 - Pk 45,49.092642,4.272158
202300050226,15,2,2023,2025-12-05 07:45:00,1,37,37214,2,1,1,6,Haute Vaispree (Rue De La),47.41715,0.65038
202300050227,13,6,2023,2025-12-05 17:50:00,1,13,13209,1,1,8,1,Col De La Gineste D559,43.24256,5.45273
202300050228,18,7,2023,2025-12-05 18:00:00,1,60,60279,1,1,1,6,Nationale 2,49.20898125,2.94225454
202300050229,2,12,2023,2025-12-05 19:15:00,4,76,76540,1,1,1,2,N28,49.438825,1.116964
202300050230,28,9,2023,2025-12-05 08:00:00,2,91,91114,2,1,1,3,Rte Nationale 6,48.68949,2.4829
202300050231,13,6,2023,2025-12-05 16:10:00,1,13,13211,2,9,1,2,Henri Martinet (Rond Point ),43.29778896,5.47916609
202300050232,17,7,2023,2025-12-05 19:40:00,1,34,34259,1,1,1,6,N109,43.628978,3.773563
202300050233,16,2,2023,2025-12-05 11:50:00,1,35,35238,2,3,2,3,Pays-Bas (Avenue Des),48.08701,-1.66107
202300050234,30,11,2023,2025-12-05 17:45:00,5,73,73011,2,1,3,6,Chasseurs Alpins (Av.) P. Duroy Vers Av,45.6709138,6.39139776
202300050235,25,8,2023,2025-12-05 18:30:00,1,75,75108,2,7,1,7,Place Saint Augustin,48.875639,2.318915
202300050236,27,9,2023,2025-12-05 17:30:00,1,91,91691,2,6,1,2,Grange(Avenue),48.723279,2.499099
202300050237,13,6,2023,2025-12-05 15:00:00,1,13,13209,2,1,1,3,Leon Lachamp (Route),43.24965,5.44782
202300050238,18,7,2023,2025-12-05 08:54:00,1,62,62767,2,1,1,6,Rue Des Carmes,50.381789,2.336187
202300050239,18,1,2023,2025-12-05 22:00:00,5,34,34301,2,1,1,6,2 Boulevard De Verdun,43.41157,3.69179
202300050240,2,12,2023,2025-12-05 07:20:00,5,72,72181,2,1,9,7,Saint Aubin (Rue) Ndeg Imp 85 Et >,48.02490226,0.17341018
202300050241,28,9,2023,2025-12-05 07:40:00,1,87,87085,2,3,1,7,Legendre (Rue Charles),45.81655,1.24795
202300050242,12,6,2023,2025-12-05 17:37:00,1,12,12089,1,1,2,1,D 963,44.584,2.247
202300050243,9,5,2023,2025-12-05 06:45:00,1,26,26198,1,1,1,3,Rn7 (Secteur Nord),44.55883465,4.72959157
202300050244,18,7,2023,2025-12-05 07:50:00,1,56,56156,1,1,1,1,Prat Merien,48.035339,-3.214488
202300050245,23,8,2023,2025-12-05 08:00:00,1,75,75108,2,2,1,6,Boulevard De Courcelles,48.880851,2.312565
202300050246,16,2,2023,2025-12-05 07:00:00,5,33,33162,2,3,1,3,Rue De Langlet,44.88943,-0.6312
202300050247,13,6,2023,2025-12-05 13:57:00,1,11,11069,1,1,1,2,Rocade Nord - Rd 6113,43.23007712,2.34273888
202300050248,15,7,2023,2025-12-05 23:15:00,5,56,56240,2,6,2,7,Giratoire De Kergroes,47.5220105,-2.7681309
202300050249,9,5,2023,2025-12-05 13:25:00,1,25,25056,2,1,2,6,Allende  Boulevard Salvador,47.22061,5.97845
202300050250,27,9,2023,2025-12-05 08:05:00,1,80,80021,2,1,1,3,Elbeuf (Rue D'),49.89089,2.27681
202300050251,16,2,2023,2025-12-05 12:58:00,1,32,32013,2,6,1,7,Bourget,43.63866,0.5933
202300050252,2,12,2023,2025-12-05 06:06:00,5,63,63113,2,6,4,3,Mayer (Bd Daniel),45.79306,3.09592
202300050253,12,6,2023,2025-12-05 12:44:00,1,11,11069,2,1,2,6,27 Boulevard Marcou,43.2119,2.3464
202300050254,9,5,2023,2025-12-05 11:30:00,1,25,25056,2,8,1,6,Adresse_Inconnue,47.221923,5.967352
202300050255,26,8,2023,2025-12-05 15:32:00,1,75,75107,2,2,1,3,Boulevard Des Invalides,48.857939,2.315182
202300050256,16,7,2023,2025-12-05 09:25:00,1,56,56067,1,1,1,6,Lieu Dit Cosqueric,47.739338,-2.860479
202300050257,26,9,2023,2025-12-05 11:20:00,1,80,80021,2,1,1,3,Paul Claudel (Avenue),49.87527,2.27943
202300050258,16,2,2023,2025-12-05 17:05:00,1,25,25547,2,1,1,6,Avenue Leclerc,47.51586,6.83313
202300050259,9,5,2023,2025-12-05 10:35:00,1,22,22278,2,1,1,7,Capucins (Des),48.51254,-2.76831
202300050260,2,12,2023,2025-12-05 20:30:00,5,59,59512,2,1,1,2,Metz (Boulevard De),50.70386,3.18104
202300050261,12,6,2023,2025-12-05 18:31:00,1,10,10387,2,1,1,3,Georges Pompidou (Rue),48.29528,4.09366
202300050262,26,9,2023,2025-12-05 12:00:00,1,80,80021,2,1,1,3,De La Rochefoucauld (Rue),49.91119,2.325
202300050263,25,8,2023,2025-12-05 23:40:00,5,75,75107,2,2,1,6,Rue Saint Dominique,48.858732,2.30323
202300050264,17,7,2023,2025-12-05 12:40:00,1,82,82112,1,1,1,1,Route Departementale 927,44.127078,1.154326
202300050265,6,5,2023,2025-12-05 10:45:00,1,18,18033,2,1,1,6,9 Rue Coursarlon,47.08448,2.39576
202300050266,2,12,2023,2025-12-05 22:25:00,5,59,59360,2,1,8,6,Foch Rue Du Marechal,50.614503,3.013088
202300050267,13,6,2023,2025-12-05 08:50:00,1,6,6155,2,9,1,6,Martyrs De La Resistance Av.Des,43.574948,7.056314
202300050268,16,2,2023,2025-12-05 10:15:00,1,14,14118,2,3,1,2,6 Boulevard Aristide Briand,49.178261,-0.362214
202300050269,17,7,2023,2025-12-05 22:45:00,4,82,82079,1,1,1,6,Route De Montauban,43.941525,1.355535
202300050270,9,5,2023,2025-12-05 07:45:00,1,17,17415,2,1,2,3,Republique Quai De La,45.746073,-0.630513
202300050271,28,9,2023,2025-12-05 23:18:00,5,78,78403,2,2,1,1,Chateaubriand (Avenue),48.99825,1.88304
202300050272,5,6,2023,2025-12-05 09:00:00,1,2,2722,2,6,1,2,Adresse_Inconnue,49.392859,3.338366
202300050273,25,8,2023,2025-12-05 20:45:00,5,75,75102,2,5,1,3,Rue De La Paix,48.8695468,2.33152628
202300050274,2,12,2023,2025-12-05 10:30:00,1,59,59350,2,1,1,3,Vauban Boulevard Ndeg2-18-1-39,50.63645,3.05077
202300050275,25,9,2023,2025-12-05 14:00:00,1,78,78498,2,1,1,6,Devaux Bd,48.92946,2.04309
202300050276,18,7,2023,2025-12-05 18:35:00,1,49,49228,2,1,1,1,D138,47.59228,0.049063
202300050277,15,2,2023,2025-12-05 15:00:00,1,13,13117,1,1,1,2,Route Nationale 113,43.44070578,5.24770879