num_acc,jour,mois,an,hrmn,lum,dep,com,agg,int,atm,col,adr,lat,long
202300050278,12,6,2023,2025-12-05 15:45:00,1,75,75117,2,1,1,3,Bd Peripherique Interieur,48.895562,2.307691
202300050279,10,5,2023,2025-12-05 09:50:00,1,17,17380,1,2,1,4,Express (Voie),45.657171,-1.120533
202300050280,25,8,2023,2025-12-05 15:50:00,1,75,75101,2,2,8,2,Boulevard De Sebastopol,48.86007,2.349088
202300050281,2,12,2023,2025-12-05 06:30:00,5,59,59350,2,2,1,3,"Bascule, Rue De La",50.62437,3.06974
202300050282,16,2,2023,2025-12-05 11:20:00,1,13,13001,2,1,1,6,Adresse_Inconnue,43.53101,5.41669
202300050283,17,7,2023,2025-12-05 20:35:00,2,46,46173,1,1,1,1,D19,44.384039,1.758735
202300050284,12,6,2023,2025-12-05 07:20:00,1,75,75118,2,1,1,2,Bd Peripherique Exterieur,48.900935,2.338542
202300050285,3,5,2023,2025-12-05 12:30:00,1,15,15012,2,1,1,3,Niepce (Rue Nicephore),44.91064,2.45702
202300050286,25,8,2023,2025-12-05 01:10:00,5,75,75102,2,2,1,3,Rue Reaumur,48.86626,2.35255
202300050287,28,9,2023,2025-12-05 13:00:00,1,77,77132,1,1,1,4,Rd 934,48.88296,2.79975
202300050288,12,6,2023,2025-12-05 23:00:00,5,75,75116,2,1,1,6,Allee De Longchamp,48.875838,2.273598
202300050289,16,2,2023,2025-12-05 12:15:00,1,12,12176,2,1,1,3,Severac Le Chateau (Route De ),44.36284,2.61681
202300050290,2,12,2023,2025-12-05 18:30:00,5,54,54578,2,1,1,3,Avenue Du General Leclerc,48.674478,6.151094
202300050291,17,7,2023,2025-12-05 14:45:00,1,47,47214,1,1,1,3,D143,44.335544,0.249821
202300050292,3,5,2023,2025-12-05 08:12:00,1,15,15014,2,2,7,6,Rn 122,44.914006,2.432017
202300050293,27,9,2023,2025-12-05 22:00:00,5,76,76351,2,1,1,1,General Ferrie (Avenue),49.50385599,0.1781559
202300050294,15,11,2023,2025-12-05 15:30:00,1,54,54099,2,6,1,7,Avenue Albert De Briey,49.25428,5.936169
202300050295,24,8,2023,2025-12-05 19:40:00,1,75,75101,2,2,1,3,Rue De Rivoli,48.858514,2.348241
202300050296,17,7,2023,2025-12-05 07:00:00,1,41,41256,1,1,1,6,D41,47.30918,2.008202
202300050297,16,2,2023,2025-12-05 14:40:00,1,11,11069,2,1,1,2,270 Avenue Du General Leclerc,43.20733,2.38025
202300050298,13,6,2023,2025-12-05 19:30:00,1,75,75119,2,3,1,1,Rue Riquet,48.889304,2.371293
202300050299,24,8,2023,2025-12-05 15:45:00,1,75,75101,2,7,1,6,Quai Francois Mitterrand,48.860109,2.333296
202300050300,28,9,2023,2025-12-05 05:20:00,5,76,76351,2,2,1,7,Cochet,49.50228,0.09719
202300050301,2,12,2023,2025-12-05 20:25:00,5,51,51454,2,3,1,6,Dieu Lumiere (Boulevard) Cote Pair,49.23954,4.03844
202300050302,9,5,2023,2025-12-05 18:00:00,1,14,14243,2,1,2,1,387 Chemin Du Val Des Moulineaux,49.39889,0.217226
202300050303,16,2,2023,2025-12-05 12:00:00,1,11,11069,2,1,1,3,6 Boulevard Denis Papin,43.20787,2.31206
202300050304,17,7,2023,2025-12-05 18:23:00,1,25,25060,2,2,1,1,Rue De L'Eglise,46.960943,6.269057
202300050305,13,6,2023,2025-12-05 11:20:00,1,75,75119,2,3,1,3,Avenue Jean Jaures,48.88514,2.379397
202300050306,16,2,2023,2025-12-05 20:30:00,5,7,7102,1,9,1,6,Chemin Des Mulets,44.93386,4.85909
202300050307,26,8,2023,2025-12-05 15:45:00,1,94,94080,2,1,1,2,Rue Felix Faure,48.84849,2.45442
202300050308,9,5,2023,2025-12-05 20:40:00,1,14,14333,2,1,2,2,246 Chemin Du Buquet,49.41396,0.23921
202300050309,26,9,2023,2025-12-05 16:15:00,1,76,76305,1,2,1,6,Breque (Route),49.487714,0.196224
202300050310,16,7,2023,2025-12-05 20:40:00,2,25,25228,2,1,1,3,Avenue Rene Jacot,47.509483,6.849375
202300050311,13,6,2023,2025-12-05 10:15:00,1,75,75117,2,1,1,6,Rue Salneuve,48.885071,2.314508
202300050312,16,2,2023,2025-12-05 16:37:00,1,1,1289,2,1,7,6,Bellevue ( Chemin De) Pair,46.18226,5.20549
202300050313,27,9,2023,2025-12-05 19:40:00,5,72,72181,2,9,1,1,Glonnieres (Bd) Ndeg Pairs,47.97139,0.21355
202300050314,10,5,2023,2025-12-05 19:00:00,1,13,13211,2,3,1,3,Pageotte (Chemin De La),43.3012,5.52339
202300050315,26,8,2023,2025-12-05 18:00:00,1,94,94052,2,2,8,3,N486,48.8355,2.49406
202300050316,3,12,2023,2025-12-05 00:15:00,4,47,47031,1,1,5,7,Rd 813 (Nouvelle Rocade),44.1738221,0.63440466
202300050317,11,6,2023,2025-12-05 23:40:00,5,75,75115,2,7,8,2,Place De Breteuil,48.847161,2.312071
202300050318,27,9,2023,2025-12-05 19:30:00,2,72,72181,2,1,1,3,Durand Georges (Av) Ndeg Imp 313 Et Plus,47.96339,0.22129
202300050319,10,5,2023,2025-12-05 15:30:00,1,13,13208,2,1,1,3,Madrague De Montredon (Ave De La),43.23498,5.36023
202300050320,14,7,2023,2025-12-05 01:00:00,3,44,44023,1,1,1,6,Saint Eloi,47.416178,-1.893042
202300050321,24,8,2023,2025-12-05 17:05:00,1,94,94058,2,1,1,3,Avenue Du General De Gaulle,48.85113,2.49501
202300050322,15,2,2023,2025-12-05 08:18:00,1,976,97611,2,1,1,2,Tsoundzou-Mangadzia  Tsoundzou 2 (Rue ),-12.81204,45.20289
202300050323,17,7,2023,2025-12-05 12:20:00,1,29,29277,1,1,1,7,D764,48.40939995,-4.04927132
202300050324,13,6,2023,2025-12-05 15:25:00,1,75,75114,2,2,1,3,Rue Gassendi,48.833612,2.325804
202300050325,27,9,2023,2025-12-05 09:50:00,1,72,72181,2,9,1,2,Port (Rue Du),48.00305,0.19459
202300050326,7,5,2023,2025-12-05 18:00:00,1,13,13215,2,1,1,3,Madrague Ville (Chemin De La),43.32638215,5.36096292
202300050327,26,8,2023,2025-12-05 12:45:00,1,94,94016,2,1,1,3,Avenue Du President Wilson,48.79627,2.33113
202300050328,15,2,2023,2025-12-05 16:00:00,1,974,97416,2,1,1,5,Rn2 (2),-21.34022,55.49317
202300050329,28,9,2023,2025-12-05 15:50:00,1,71,71076,2,1,1,6,De Lattre De Tassigny(Marechal),46.78620143,4.84400143
202300050330,15,7,2023,2025-12-05 19:15:00,1,29,29176,1,1,1,1,Village Lanzent,48.141592,-4.230659
202300050331,8,5,2023,2025-12-05 23:43:00,5,13,13212,2,9,1,3,Caillols (Avenue Des),43.30393837,5.43549806
202300050332,13,6,2023,2025-12-05 11:27:00,1,75,75113,2,7,1,7,Place Valhubert,48.843677,2.365541
202300050333,25,8,2023,2025-12-05 12:15:00,1,94,94021,2,1,1,6,Rue D'Agen,48.7622413,2.34958935
202300050334,9,5,2023,2025-12-05 19:25:00,2,13,13209,2,1,2,1,Col De La Gineste D559,43.24055366,5.45863612
202300050335,28,9,2023,2025-12-05 09:50:00,1,69,69264,2,1,1,2,Boulevard General Leclerc,45.99797,4.71076
202300050336,15,2,2023,2025-12-05 15:41:00,1,973,97302,2,4,1,3,Source De Baduel (Chemin De La),4.92543357,-52.30851799
202300050337,13,6,2023,2025-12-05 23:15:00,5,75,75112,2,3,1,3,Avenue Ledru Rollin,48.849611,2.374275
202300050338,17,7,2023,2025-12-05 17:35:00,1,29,29072,2,2,1,3,Rue Louis Pasteur,47.797251,-4.278708
202300050339,25,8,2023,2025-12-05 18:00:00,1,94,94028,2,1,1,2,Route De Choisy,48.77678,2.44135
202300050340,9,5,2023,2025-12-05 18:30:00,1,13,13212,2,1,2,2,Saint Julien (Avenue De ),43.30609952,5.41954703
202300050341,15,2,2023,2025-12-05 07:05:00,1,973,97302,2,3,1,3,Tigre (Route Du),4.91749856,-52.31287122
202300050342,18,7,2023,2025-12-05 12:15:00,1,2,2810,1,1,1,6,D936,49.213049,3.103831
202300050343,28,9,2023,2025-12-05 07:30:00,1,69,69290,2,6,1,3,Rue Du Progres,45.7168,4.9581
202300050344,13,6,2023,2025-12-05 16:58:00,1,75,75111,2,4,1,3,Avenue Ledru Rollin,48.854505,2.378044
202300050345,9,5,2023,2025-12-05 15:05:00,1,13,13205,2,3,1,3,Jean Moulin (Boulevard),43.2904,5.39983
202300050346,15,2,2023,2025-12-05 14:41:00,1,972,97209,2,1,1,1,Moutte (Route De),14.62489,-61.05083
202300050347,25,8,2023,2025-12-05 09:45:00,1,94,94011,2,9,8,3,Rue Pierre Semard,48.76272,2.4786
202300050348,13,6,2023,2025-12-05 16:10:00,1,75,75111,2,1,1,3,Boulevard Voltaire,48.860063,2.376271
202300050349,27,9,2023,2025-12-05 18:45:00,1,69,69290,2,1,1,1,Boulevard De La Cite Berliet,45.70804,4.91796
202300050350,14,7,2023,2025-12-05 16:05:00,1,50,50003,2,2,3,3,Avenue Des Pins,49.046219,-1.593626
202300050351,15,2,2023,2025-12-05 19:30:00,5,69,69385,2,2,1,3,Avenue De Menival,45.75674,4.78296
202300050352,13,6,2023,2025-12-05 19:40:00,1,75,75110,2,2,1,6,Boulevard De Strasbourg,48.872275,2.355921
202300050353,24,8,2023,2025-12-05 19:45:00,2,94,94017,2,3,1,2,Avenue Du General De Gaulle,48.82409,2.49803
202300050354,15,2,2023,2025-12-05 10:50:00,1,69,69081,2,2,1,6,Place Charles De Gaulle,45.77454,4.77881
202300050355,18,7,2023,2025-12-05 20:35:00,1,50,50410,2,1,1,2,16 Rue Couesnon,48.552733,-1.512294
202300050356,13,6,2023,2025-12-05 14:20:00,1,75,75109,2,2,1,1,Rue La Fayette,48.874356,2.338153
202300050357,25,8,2023,2025-12-05 20:10:00,1,94,94002,2,2,1,3,Rue De Seine,48.81026274,2.41694967
202300050358,15,2,2023,2025-12-05 17:17:00,1,2A,2A004,2,3,1,3,Alata Route,41.93537,8.73632
202300050359,28,9,2023,2025-12-05 08:55:00,1,67,67447,2,3,1,1,Tribunal (Rue Du),48.60317176,7.75679559
202300050360,17,7,2023,2025-12-05 21:10:00,1,50,50436,1,2,1,2,D205,48.6538,-0.995132
202300050361,13,6,2023,2025-12-05 07:45:00,1,75,75108,2,7,1,3,Place De L Alma,48.864244,2.301478
202300050362,26,8,2023,2025-12-05 03:00:00,3,93,93070,2,9,1,6,Rue Emile Cordon,48.91251342,2.33733156
202300050363,18,7,2023,2025-12-05 19:30:00,1,60,60277,2,1,1,7,Lieu Dit L'Italienne,49.424461,2.020626
202300050364,15,2,2023,2025-12-05 08:12:00,1,2A,2A004,2,1,1,4,Sampiero Bd,41.92496,8.73893
202300050365,28,9,2023,2025-12-05 08:50:00,1,67,67482,2,8,1,6,Colmar (Avenue De),48.54918,7.74156
202300050366,12,6,2023,2025-12-05 23:44:00,5,75,75108,2,3,1,3,Avenue Des Champs Elysees,48.867779,2.31396
202300050367,18,7,2023,2025-12-05 16:00:00,1,64,64233,2,1,1,7,Rd834,43.557183,-0.285575
202300050368,25,8,2023,2025-12-05 15:30:00,1,93,93064,2,9,1,6,Avenue Du General De Gaulle,48.8807074,2.47723024
202300050369,17,7,2023,2025-12-05 13:30:00,1,7,7204,1,1,1,6,Rd 276,45.03473,4.428799
202300050370,13,6,2023,2025-12-05 08:58:00,1,75,75107,2,2,1,1,Boulevard Des Invalides,48.846967,2.316806
202300050371,14,2,2023,2025-12-05 16:45:00,1,91,91477,2,1,1,5,Carnot (Rue),48.71306,2.244414
202300050372,27,9,2023,2025-12-05 17:10:00,1,67,67447,2,1,1,3,Selestat (Rue De),48.61,7.739
202300050373,18,7,2023,2025-12-05 09:30:00,1,21,21332,2,1,1,7,Rue Du Meix Pichot,47.003813,5.092163
202300050374,28,9,2023,2025-12-05 19:22:00,1,64,64130,1,1,1,7,Larretxeko Borda (Chemin De),43.34066,-1.72919
202300050375,12,6,2023,2025-12-05 15:15:00,1,75,75103,2,2,1,6,Boulevard Saint Denis,48.869326,2.354273
202300050376,17,7,2023,2025-12-05 11:05:00,1,85,85234,2,1,1,1,78 Route De La Caillauderie,46.772636,-2.030515
202300050377,15,2,2023,2025-12-05 15:35:00,1,91,91479,2,2,1,1,Av Jean Jaures,48.7087,2.36657
202300050378,13,6,2023,2025-12-05 20:15:00,1,94,94081,2,1,1,6,Avenue De L'Abbe Roger Derry,48.79102201,2.39398205
202300050379,15,2,2023,2025-12-05 13:45:00,1,91,91589,2,1,1,6,Bd Des Belges,48.70053,2.35306
202300050380,18,7,2023,2025-12-05 02:35:00,3,37,37014,1,1,1,6,Rd 57,47.26882426,0.43359518
202300050381,15,2,2023,2025-12-05 07:08:00,2,91,91027,2,1,1,3,Av Marcel Sembat,48.708951,2.38632
202300050382,7,1,2023,2025-12-05 14:50:00,1,974,97418,2,6,1,1,Rue De La Fraternite,-20.896549,55.543935
202300050383,12,6,2023,2025-12-05 21:30:00,2,94,94080,2,5,1,3,Nogent (Av De),48.84463,2.43884
202300050384,17,7,2023,2025-12-05 15:40:00,1,37,37050,2,2,1,3,41 Avenue Du Grand Sud,47.344375,0.702409
202300050385,27,9,2023,2025-12-05 10:30:00,1,64,64284,2,6,1,2,Charles De Gaulle,43.286564,-0.389423
202300050386,14,2,2023,2025-12-05 14:34:00,1,87,87085,2,1,1,7,Halevy (Rue),45.85616,1.25927
202300050387,2,1,2023,2025-12-05 22:30:00,5,2B,2B311,2,3,1,3,Poraja,42.355678,9.531165
202300050388,13,6,2023,2025-12-05 07:40:00,1,94,94046,2,5,1,3,Avenue Du General Leclerc,48.80571,2.4408
202300050389,14,7,2023,2025-12-05 18:05:00,1,8,8116,2,1,1,1,24 Rue Du Zouave Coco,49.511596,4.772352
202300050390,14,2,2023,2025-12-05 13:15:00,1,78,78029,2,2,1,3,Fleuriottes (Rue Des),48.954704,1.85835
202300050391,4,1,2023,2025-12-05 12:05:00,1,6,6128,2,1,1,2,450 Route De La Colle,43.698117,7.116656
202300050392,13,6,2023,2025-12-05 15:48:00,1,94,94043,2,1,1,7,Rue Carnot,48.80929,2.36478
202300050393,22,9,2023,2025-12-05 13:10:00,1,64,64335,1,6,2,3,Santos-Dumont,43.32088,-0.42319
202300050394,15,7,2023,2025-12-05 19:10:00,1,8,8222,2,3,2,3,Rue De L'Esperance,50.004191,4.704149
202300050395,7,1,2023,2025-12-05 11:25:00,1,89,89438,1,2,1,3,Adresse_Inconnue,47.803117,3.667578
202300050396,15,2,2023,2025-12-05 15:55:00,1,77,77445,2,1,1,1,D151,48.58692,2.59193
202300050397,16,7,2023,2025-12-05 07:45:00,1,67,67463,1,1,1,2,A35,48.891584,8.080401
202300050398,6,1,2023,2025-12-05 10:15:00,1,7,7324,2,1,1,6,42 Avenue Du 8 Mai 1945,45.060561,4.836959
202300050399,13,6,2023,2025-12-05 08:47:00,1,94,94022,2,1,1,3,Avenue Anatole France,48.7637,2.41043
202300050400,27,9,2023,2025-12-05 07:47:00,1,64,64102,2,3,1,3,Paulmy (Avenue Des Allees),43.49508,-1.478523
202300050401,7,1,2023,2025-12-05 18:30:00,3,1,1185,1,1,1,1,Les Allobrauges,45.991841,5.59754
202300050402,16,7,2023,2025-12-05 23:00:00,4,35,35206,1,6,1,3,Rue De Rennes,48.044543,-1.665008
202300050403,15,2,2023,2025-12-05 06:45:00,2,77,77186,1,2,1,3,D301 / D152,48.37269,2.64328
202300050404,13,6,2023,2025-12-05 20:20:00,1,94,94060,2,1,1,6,Rue Du General De Gaulle,48.78006531,2.57738426
202300050405,28,9,2023,2025-12-05 13:40:00,1,63,63300,1,1,1,6,Rd 2009,45.88043,3.1296
202300050406,13,6,2023,2025-12-05 08:20:00,1,94,94047,2,1,1,6,Rue Paul Doumer,48.701071,2.538526
202300050407,6,1,2023,2025-12-05 18:12:00,2,22,22026,1,2,2,1,La Huballerie,48.404755,-2.041652
202300050408,16,2,2023,2025-12-05 00:35:00,3,76,76497,1,1,1,2,N338 - Sud 3,49.375294,1.046905
202300050409,15,9,2023,2025-12-05 04:50:00,3,62,62224,2,1,1,6,D181E8,50.54006,2.58039
202300050410,7,1,2023,2025-12-05 17:30:00,5,60,60612,2,3,2,6,Cours Thore Montmorency,49.207834,2.587806
202300050411,16,7,2023,2025-12-05 08:30:00,1,11,11048,1,1,1,2,A61,43.168527,2.815075
202300050412,9,2,2023,2025-12-05 20:20:00,3,76,76498,1,1,1,4,N338 - Sud 3,49.43382,1.06336
202300050413,6,1,2023,2025-12-05 18:05:00,3,60,60575,2,1,1,6,Rue De La Chapelle,49.28538,2.208027
202300050414,14,2,2023,2025-12-05 20:45:00,5,72,72181,2,1,1,3,Premartine (Rue) Ndeg Imp 185 Et >,48.0115,0.2289
202300050415,27,9,2023,2025-12-05 16:55:00,1,62,62193,2,1,1,5,Cite Des Cheminots,50.9382,1.85126
202300050416,16,7,2023,2025-12-05 11:30:00,1,987,98729,1,3,1,2,"Maatea - Pk 14,2",-17.577,-150.202
202300050417,13,6,2023,2025-12-05 09:57:00,1,93,93064,2,1,1,4,Rue Laennec,48.87725025,2.49919921
202300050418,15,2,2023,2025-12-05 19:20:00,4,69,69282,2,3,1,6,Avenue Lucien Buisson,45.76526,4.99624
202300050419,6,1,2023,2025-12-05 19:20:00,2,13,13211,1,1,1,6,A50-Sens Marseille Vers Aubagne,43.286873,5.435289
202300050420,14,7,2023,2025-12-05 17:30:00,1,78,78231,1,1,1,1,D928,48.950837,1.648029
202300050421,13,6,2023,2025-12-05 17:10:00,1,93,93055,2,2,1,3,Rue Courtois / Rue Jacquart,48.8915367,2.41658811
202300050422,28,9,2023,2025-12-05 02:27:00,3,61,61169,2,1,1,6,D25 Pr21+100,48.739906,-0.58961
202300050423,5,1,2023,2025-12-05 11:45:00,1,38,38449,1,1,2,2,A43   18.875 A 21.100,45.64965,5.11604
202300050424,15,2,2023,2025-12-05 17:05:00,2,69,69290,2,2,1,3,Rue Des Alouettes,45.70176,4.91771
202300050425,18,7,2023,2025-12-05 07:15:00,1,2B,2B316,1,1,1,3,Sorbi,42.606394,8.930072
202300050426,13,6,2023,2025-12-05 16:30:00,1,93,93051,2,1,1,1,Boulevard Du Ru De Nesles,48.8366,2.58243
202300050427,5,1,2023,2025-12-05 17:40:00,5,33,33249,1,1,1,2,Route Nationale 230,44.875055,-0.507663
202300050428,18,7,2023,2025-12-05 08:05:00,1,30,30258,1,1,1,1,D 42,43.713014,4.421675
202300050429,6,1,2023,2025-12-05 19:00:00,3,92,92019,1,1,1,7,Rn 385,48.76639308,2.2446642
202300050430,15,2,2023,2025-12-05 09:50:00,1,69,69259,2,2,1,3,Boulevard Ambroise Croizat,45.70313,4.88751
202300050431,13,6,2023,2025-12-05 10:45:00,1,93,93050,2,1,1,2,Boulevard Du Marechal Foch,48.85423679,2.51995584
202300050432,14,2,2023,2025-12-05 13:20:00,1,67,67218,2,1,1,7,Docteur Albert Schweitzer (Rue Du),48.51402,7.72381
202300050433,6,1,2023,2025-12-05 07:30:00,3,78,78423,1,1,1,2,Rn12,48.79424,2.05
202300050434,27,9,2023,2025-12-05 18:45:00,1,60,60057,2,2,1,3,Rue Binet,49.42404,2.08441
202300050435,17,7,2023,2025-12-05 05:50:00,2,34,34199,1,2,1,1,Rd613,43.475034,3.444343
202300050436,12,6,2023,2025-12-05 03:40:00,5,93,93032,2,7,1,3,Rue Raffin / Avenue Jean Jaures,48.88292771,2.52654765
202300050437,7,1,2023,2025-12-05 22:54:00,5,65,65440,2,6,1,3,Route De Pau,43.2377779,0.042119
202300050438,5,1,2023,2025-12-05 09:15:00,1,78,78206,1,1,1,4,A13,48.9494,1.94491
202300050439,13,6,2023,2025-12-05 10:00:00,1,93,93029,2,3,1,6,Avenue Pierre Et Marie Curie / Avenue Jean Jaures,48.92137951,2.4488394
202300050440,18,7,2023,2025-12-05 11:30:00,1,83,83115,2,3,1,1,Avenue Du General Leclerc,43.306724,6.645779
202300050441,15,2,2023,2025-12-05 17:30:00,1,64,64445,2,2,1,3,Loup Du,43.31473,-0.35445
202300050442,27,9,2023,2025-12-05 16:40:00,1,59,59599,2,1,1,1,Beyens (Rue Marcel),50.74237,3.17873
202300050443,6,1,2023,2025-12-05 08:30:00,2,95,95351,1,1,2,4,N104,49.03815718,2.4848988
202300050444,15,2,2023,2025-12-05 15:25:00,1,64,64122,2,1,1,1,Augusta (Bd D'),43.47697,-1.5476
202300050445,13,6,2023,2025-12-05 16:55:00,1,93,93027,2,1,1,3,Avenue Marcel Cachin,48.92764054,2.39664763
202300050446,6,1,2023,2025-12-05 01:50:00,3,94,94065,1,1,1,3,N186,48.754158,2.351465
202300050447,10,7,2023,2025-12-05 17:15:00,1,83,83099,2,3,1,1,Chemin Des Vernedes,43.455606,6.698855
202300050448,15,2,2023,2025-12-05 11:10:00,1,59,59350,2,1,1,6,Avenue De Dunkerque (Lille),50.6445,2.97546
202300050449,13,7,2023,2025-12-05 21:10:00,2,6,6128,1,1,1,6,Route Des Blaquieres,43.679721,7.128802
202300050450,10,6,2023,2025-12-05 17:10:00,1,93,93013,1,6,1,2,Place Charles Lindbergh / Avenue Alain Bozel,48.9434,2.43298
202300050451,15,2,2023,2025-12-05 16:00:00,1,59,59295,2,6,1,3,Avenue Des Flandres,50.73190438,2.52879471
202300050452,5,1,2023,2025-12-05 18:27:00,1,988,98818,2,2,1,3,Rue D'Austerlitz/Rue De La Republique,-22.26879,166.44058
202300050453,18,7,2023,2025-12-05 12:30:00,1,13,13004,1,1,1,2,N113,43.64429,4.702964
202300050454,14,2,2023,2025-12-05 06:30:00,5,54,54547,2,1,5,2,Europe (Boulevard De L'),48.66552,6.16798
202300050455,19,9,2023,2025-12-05 16:55:00,1,59,59350,2,6,1,6,Boulevard Du Professeur Jules Leclercq,50.60789505,3.0386171
202300050456,9,6,2023,2025-12-05 22:00:00,2,93,93027,2,3,1,3,Rue De Saint-Denis / Rue Guerman Titov,48.93084,2.38266
202300050457,5,1,2023,2025-12-05 01:55:00,5,988,98818,2,2,1,6,Rue Jacques Iekawe/Rue Jean Chalier,-22.24798,166.46295
202300050458,16,7,2023,2025-12-05 08:15:00,1,26,26179,1,1,1,6,Autoroute A7 - Pk 054.700 Sens N/S,45.069876,4.869336
202300050459,5,1,2023,2025-12-05 06:55:00,1,974,97407,1,9,1,2,Route Nationale Ndeg 1,-20.9437,55.32626
202300050460,13,6,2023,2025-12-05 18:11:00,1,93,93046,2,3,1,3,Boulevard Max Dormoy / Avenue De La Gare De Gargan,48.90419429,2.52179816
202300050461,15,2,2023,2025-12-05 08:25:00,1,51,51055,1,3,1,7,Rue Alain Colas,49.27136,4.04497
202300050462,28,9,2023,2025-12-05 17:20:00,1,58,58194,2,6,1,3,Saint Nicolas (Place),46.9871,3.16171
202300050463,4,1,2023,2025-12-05 08:50:00,1,973,97302,1,1,2,3,Leblond (Rond Point),4.92087104,-52.33034313
202300050464,13,6,2023,2025-12-05 21:00:00,2,93,93010,2,1,1,6,125 Rue Louis Auguste Blanqui,48.89817922,2.49013469
202300050465,14,2,2023,2025-12-05 14:21:00,1,49,49007,2,1,1,2,De Lattre De Tassigny,47.44466,-0.53582
202300050466,5,1,2023,2025-12-05 18:35:00,5,69,69387,2,2,1,3,36 Rue Pere Chevrier,45.74831,4.84495
202300050467,22,9,2023,2025-12-05 17:20:00,1,56,56260,1,1,1,2,Adresse_Inconnue,47.66431,-2.71963
202300050468,15,2,2023,2025-12-05 18:40:00,5,45,45068,2,1,1,1,89 Rue Andre Gide,48.03198,2.74378
202300050469,13,6,2023,2025-12-05 17:30:00,1,93,93007,2,1,7,6,Rue Francois Garcia,48.93871616,2.45816035
202300050470,16,7,2023,2025-12-05 14:30:00,1,68,68040,1,1,1,7,Rue Joffre,47.814858,7.055111
202300050471,5,1,2023,2025-12-05 15:00:00,1,69,69387,2,3,2,6,Rue Bancel,45.74561,4.83783
202300050472,15,2,2023,2025-12-05 09:30:00,1,45,45208,2,3,1,6,41 Avenue Adolphe Cochery,48.00272,2.73987
202300050473,3,1,2023,2025-12-05 09:35:00,1,972,97213,2,1,1,6,Floraindre ( Rue De),14.61821,-60.99934
202300050474,13,6,2023,2025-12-05 09:30:00,1,93,93005,2,9,1,3,Cours Salvador Allende,48.95261968,2.49760589
202300050475,14,7,2023,2025-12-05 06:20:00,1,88,88136,1,1,1,3,D12,48.232163,6.450777
202300050476,27,9,2023,2025-12-05 07:25:00,1,54,54395,2,2,1,6,Boulevard Lobau,48.68958,6.19374
202300050477,14,2,2023,2025-12-05 08:50:00,1,37,37261,2,1,1,6,Preuilly (Boulevard),47.39291,0.67052
202300050478,4,1,2023,2025-12-05 17:10:00,5,972,97213,2,9,2,2,Route Departementale 14,14.62107,-61.01993
202300050479,13,6,2023,2025-12-05 17:10:00,1,92,92046,2,3,1,3,Raymond David,48.81726,2.29461
202300050480,15,2,2023,2025-12-05 14:55:00,1,35,35051,1,1,1,7,Rn136,48.14489,-1.61915
202300050481,18,7,2023,2025-12-05 15:00:00,1,73,73256,1,1,1,1,D902,45.199382,6.461686
202300050482,5,1,2023,2025-12-05 18:35:00,3,972,97209,2,1,1,6,Saint-Christophe (Rue),14.61234,-61.05294
202300050483,17,7,2023,2025-12-05 18:45:00,1,42,42261,1,1,1,7,Route D'Essertines,45.734149,4.350323
202300050484,13,6,2023,2025-12-05 15:10:00,1,92,92064,1,1,1,2,Dailly,48.844191,2.220438
202300050485,5,1,2023,2025-12-05 08:45:00,1,972,97209,1,1,2,6,Rd 41 (Rocade),14.61022,-61.08467
202300050486,27,9,2023,2025-12-05 15:10:00,1,54,54382,2,4,1,3,Mathieu De Dombasle (Rue),49.5408,5.78788
202300050487,15,2,2023,2025-12-05 06:55:00,5,35,35238,2,2,1,3,Bourgeois (Boulevard Leon),48.09808,-1.65597
202300050488,13,7,2023,2025-12-05 08:05:00,1,17,17219,2,2,1,6,Rue Du Marechal Foch,45.822751,-1.10521
202300050489,5,1,2023,2025-12-05 12:55:00,1,69,69152,2,3,2,3,Rue Ampere,45.70617,4.81524
202300050490,11,6,2023,2025-12-05 07:45:00,2,92,92063,2,2,1,3,Gallieni (Rue),48.86887284,2.20365644
202300050491,15,2,2023,2025-12-05 19:05:00,5,31,31555,2,1,1,2,Va008493 La Crabe A624 Sortie 2,43.6099,1.37374
202300050492,5,1,2023,2025-12-05 06:40:00,5,69,69389,2,1,2,6,216 Avenue 25Eme Regiment Des Tirailleurs Senegalais,45.79112,4.80163
202300050493,17,7,2023,2025-12-05 11:45:00,1,85,85113,2,2,1,3,Route De La Vigne A La Croix,46.716807,-2.361264
202300050494,27,9,2023,2025-12-05 21:05:00,5,50,50129,2,2,1,2,Asselin (Rue),49.63945,-1.63287
202300050495,5,1,2023,2025-12-05 17:25:00,2,2B,2B033,2,1,1,6,Cap - Route Du Cap,42.71027,9.4548
202300050496,12,6,2023,2025-12-05 16:35:00,1,92,92051,2,2,1,3,"Victor Hugo (Boulevard, Ndeg 51 A 75 Et 62",48.88971,2.27662
202300050497,15,2,2023,2025-12-05 14:00:00,1,31,31555,2,6,1,5,Eisenhower (Avenue Du General),43.56797,1.37641
202300050498,18,7,2023,2025-12-05 16:45:00,1,80,80442,1,1,1,2,Cd 930,49.746398,2.963219
202300050499,13,6,2023,2025-12-05 12:30:00,1,92,92012,2,1,1,3,Bellevue (Rue De) 73/Fin - 80/Fin,48.83142965,2.23231941
202300050500,3,1,2023,2025-12-05 12:50:00,1,971,97107,1,3,1,3,Dumanoir ( Allee ),16.03262,-61.57134
202300050501,13,6,2023,2025-12-05 13:10:00,1,92,92004,2,1,1,6,Bas ( Rue Des ),48.92034,2.28852
202300050502,16,7,2023,2025-12-05 23:45:00,5,59,59051,2,2,1,3,Rue De La Marne,50.536065,2.806486