num_acc,jour,mois,an,hrmn,lum,dep,com,agg,int,atm,col,adr,lat,long
202300050503,15,2,2023,2025-12-05 19:30:00,5,30,30007,2,6,1,1,Adresse_Inconnue,44.12129808,4.09256816
202300050504,4,1,2023,2025-12-05 18:40:00,5,87,87085,2,1,2,2,Pechieras (Rue Rene),45.84834,1.2717
202300050505,26,9,2023,2025-12-05 17:00:00,1,50,50129,2,3,1,3,Leclerc (Rue Du Marechal)),49.63552,-1.63192
202300050506,14,2,2023,2025-12-05 15:10:00,1,29,29232,2,6,1,6,Rond-Point Du Loc'H,48.012196,-4.077606
202300050507,13,6,2023,2025-12-05 15:25:00,1,92,92002,2,6,1,6,Le Notre (Avenue),48.76915,2.30639
202300050508,4,1,2023,2025-12-05 18:20:00,2,83,83069,2,9,1,3,Combattants D' Afrique Du Nord ( Avenue,43.12235,6.11013
202300050509,17,7,2023,2025-12-05 05:10:00,3,83,83035,1,1,1,7,A50,43.164,5.767
202300050510,3,1,2023,2025-12-05 05:50:00,5,78,78314,2,1,2,6,Rue Nationale,48.987935,1.79903
202300050511,15,2,2023,2025-12-05 09:15:00,1,27,27701,1,6,5,3,D6154,49.240966,1.187616
202300050512,28,9,2023,2025-12-05 12:30:00,1,49,49007,2,2,1,3,Montaigne Avenue,47.47218,-0.54064
202300050513,14,6,2023,2025-12-05 13:45:00,1,38,38160,1,2,1,3,Montee Des Epis,45.500651,4.982455
202300050514,17,7,2023,2025-12-05 18:10:00,1,33,33013,1,1,1,4,Route Nationale 89,44.86871,-0.50189
202300050515,15,2,2023,2025-12-05 19:55:00,5,17,17300,2,1,1,7,Poincare   Avenue Raymond,46.16696,-1.19359
202300050516,28,9,2023,2025-12-05 22:30:00,5,45,45284,2,1,1,3,129 Rue Du Faubourg De Bourgogne,47.90343,1.93229
202300050517,14,2,2023,2025-12-05 18:10:00,1,14,14059,2,1,1,6,74 Avenue Du Littoral,49.345023,0.042098
202300050518,13,6,2023,2025-12-05 13:25:00,1,86,86128,2,2,1,3,Rue Du Stade,46.818625,0.331714
202300050519,13,7,2023,2025-12-05 13:15:00,1,62,62274,1,1,1,3,A1,50.43322,2.97858
202300050520,15,2,2023,2025-12-05 18:40:00,5,13,13209,2,1,1,7,Sainte Marguerite (Boulevard),43.26246,5.41357
202300050521,14,6,2023,2025-12-05 08:55:00,1,80,80809,1,1,1,6,A28,50.008339,1.69794
202300050522,24,9,2023,2025-12-05 17:10:00,1,44,44132,2,1,1,6,5Bis Boulevard De La Republique,47.26034,-2.33704
202300050523,5,1,2023,2025-12-05 08:00:00,5,77,77132,1,1,2,7,Av Paul Seramy,48.863431,2.788629
202300050524,17,7,2023,2025-12-05 17:20:00,1,91,91064,1,1,1,4,Rn 118,48.74791,2.19763
202300050525,14,6,2023,2025-12-05 11:20:00,1,68,68366,1,6,7,3,D4,48.109892,7.43853
202300050526,27,9,2023,2025-12-05 18:15:00,1,43,43089,2,1,1,6,1 Chemin De L 'Arche,45.04434,3.87033
202300050527,14,2,2023,2025-12-05 16:45:00,1,13,13212,2,1,1,1,William Booth (Avenue),43.29669,5.44844
202300050528,5,1,2023,2025-12-05 19:00:00,5,73,73008,2,3,1,1,Tresserve Avenue De,45.68593409,5.9130089
202300050529,4,6,2023,2025-12-05 16:00:00,1,42,42008,1,1,1,7,D51,46.002134,3.886135
202300050530,17,7,2023,2025-12-05 17:15:00,1,94,94021,1,1,1,3,A6B,48.771567,2.34514085
202300050531,14,2,2023,2025-12-05 11:50:00,1,13,13207,2,1,1,6,Corniche John Fitzgerald Kennedy,43.27654431,5.3580527
202300050532,28,9,2023,2025-12-05 17:40:00,1,41,41018,2,1,1,7,Auvergne (Rue D'),47.59383,1.33804
202300050533,15,2,2023,2025-12-05 09:30:00,1,13,13001,2,1,1,1,Europe (Av),43.52385,5.43826
202300050534,17,7,2023,2025-12-05 14:15:00,1,91,91228,1,1,1,2,Autoroute A6,48.62541,2.41695
202300050535,14,6,2023,2025-12-05 18:10:00,1,59,59653,1,1,7,3,Rue Anatole France,50.585933,2.943442
202300050536,5,1,2023,2025-12-05 09:05:00,1,72,72181,2,1,2,7,Chanzy (Rue)  Ndeg Pairs 2 A 50,48.00351,0.20233
202300050537,12,2,2023,2025-12-05 19:30:00,3,12,12013,1,1,1,6,Rd 5 Route De Montbazens,44.51654,2.24261
202300050538,14,6,2023,2025-12-05 01:40:00,3,41,41171,1,1,1,7,Pk/Pk 13+700,47.84332,1.307759
202300050539,4,1,2023,2025-12-05 18:20:00,5,72,72181,2,1,2,6,Klotz Henri-Pierre (Av),48.01993,0.16202
202300050540,17,7,2023,2025-12-05 14:25:00,1,91,91174,1,1,1,4,Rn 104,48.61025,2.44411
202300050541,28,9,2023,2025-12-05 15:40:00,1,41,41295,1,1,1,3,Rd 956,47.58215,1.36621
202300050542,16,2,2023,2025-12-05 07:30:00,2,75,75112,2,1,1,2,Porte De Charenton,48.831934,2.405092
202300050543,4,1,2023,2025-12-05 14:10:00,1,72,72181,2,1,1,7,Louis Blanc (Square),48.0129,0.19927
202300050544,13,6,2023,2025-12-05 14:15:00,1,57,57382,1,1,1,7,D27,48.761317,6.984848
202300050545,4,1,2023,2025-12-05 12:05:00,1,72,72181,2,1,1,1,Einstein Albert (Rue),48.0331,0.17437
202300050546,17,7,2023,2025-12-05 00:49:00,3,91,91689,1,1,1,2,Autoroute A6,48.72931,2.31424
202300050547,15,2,2023,2025-12-05 13:50:00,1,75,75120,2,7,1,3,Place Gambetta,48.865128,2.398645
202300050548,14,6,2023,2025-12-05 12:40:00,1,56,56036,1,1,1,1,D769,47.813241,-3.33508
202300050549,13,6,2023,2025-12-05 15:22:00,1,76,76156,1,1,7,7,Route De Butot,49.80792,0.596969
202300050550,22,9,2023,2025-12-05 17:20:00,1,38,38053,2,1,3,1,Bugey,45.61063,5.27353
202300050551,5,1,2023,2025-12-05 13:10:00,1,64,64269,1,1,1,2,D938,43.28573,-0.3241
202300050552,17,7,2023,2025-12-05 00:49:00,4,91,91689,1,1,1,7,Autoroute A6,48.72931,2.31434
202300050553,16,2,2023,2025-12-05 17:45:00,5,75,75119,2,2,1,3,Avenue De Flandre,48.892437,2.378876
202300050554,5,1,2023,2025-12-05 11:50:00,1,64,64102,2,1,1,2,Rond-Point Prof. Jean Delay,43.4814,-1.48233
202300050555,17,7,2023,2025-12-05 17:00:00,1,92,92064,1,1,1,6,A13,48.83976303,2.20327874
202300050556,14,6,2023,2025-12-05 14:30:00,1,2B,2B126,1,1,3,3,T50,42.182352,9.374192
202300050557,16,2,2023,2025-12-05 01:30:00,5,75,75118,2,2,1,3,Boulevard Barbes,48.891541,2.349635
202300050558,2,1,2023,2025-12-05 20:44:00,5,14,14035,2,1,1,6,1 Rue Des Forges (Balleroy),49.184179,-0.846736
202300050559,28,9,2023,2025-12-05 13:50:00,1,37,37122,2,3,1,3,Chinon (Boulevard De),47.35381,0.69282
202300050560,4,1,2023,2025-12-05 13:45:00,1,64,64102,2,1,1,2,Avenue Du 8 Mai 1945,43.45926,-1.49567
202300050561,16,2,2023,2025-12-05 19:00:00,5,75,75117,2,1,1,6,Rue Bayen,48.883614,2.289944
202300050562,16,7,2023,2025-12-05 21:35:00,2,93,93050,2,3,1,6,Rue Du Roussillon / Allee Du Roussillon,48.86555051,2.53147256
202300050563,28,9,2023,2025-12-05 08:05:00,1,37,37261,2,9,1,3,Constantine (Rue De),47.39622,0.68402
202300050564,4,1,2023,2025-12-05 16:12:00,1,63,63113,2,3,1,3,Oradou (Rue De L') /Impasse Oradou,45.77004,3.10814
202300050565,14,6,2023,2025-12-05 16:35:00,1,49,49069,1,2,1,3,Les Grelliers (Drain),47.340662,-1.227009
202300050566,16,2,2023,2025-12-05 17:15:00,1,75,75115,2,3,1,3,Rue Cambronne,48.844509,2.309177
202300050567,3,1,2023,2025-12-05 10:40:00,1,63,63113,2,1,1,6,Jouhaux (Bd Leon),45.79462541,3.11739206
202300050568,28,9,2023,2025-12-05 12:35:00,1,35,35238,2,1,1,3,Vaneau,48.11219385,-1.69323295
202300050569,5,1,2023,2025-12-05 15:05:00,1,59,59599,2,1,2,6,Cloche (Rue De La),50.723006,3.16385
202300050570,8,6,2023,2025-12-05 18:25:00,1,49,49218,1,1,1,5,Les Hauts Champs (Le Puiset-Dore),47.231044,-1.148157
202300050571,16,2,2023,2025-12-05 08:00:00,1,75,75115,2,1,1,3,Rue Louis Armand,48.832583,2.279226
202300050572,16,7,2023,2025-12-05 05:30:00,3,69,69259,2,1,8,5,Boulevard Peripherique Laurent Bonnevay,45.71702,4.85513
202300050573,5,1,2023,2025-12-05 15:00:00,1,59,59512,2,1,2,3,Nations Unies (Avenue Des),50.69476,3.1788
202300050574,28,9,2023,2025-12-05 07:25:00,5,35,35238,2,1,1,1,Flandre (De),48.12301,-1.70727
202300050575,16,7,2023,2025-12-05 05:15:00,2,976,97611,2,1,1,7,M'Tsapere-M'Tsapere- M'Tsangani ( Rue ),-12.78871,45.22472
202300050576,15,2,2023,2025-12-05 13:00:00,1,75,75114,2,3,1,6,Rue Raymond Losserand,48.830314,2.310869
202300050577,4,1,2023,2025-12-05 17:45:00,5,59,59365,2,1,2,1,Avesnes (Route D'),50.26795242,3.96590821
202300050578,14,6,2023,2025-12-05 12:00:00,1,49,49345,1,2,1,3,Chemin D'Orille,47.24426,-0.528545
202300050579,27,9,2023,2025-12-05 15:30:00,1,34,34172,1,1,1,1,Jouhaux (Avenue Leon),43.60761,3.82094
202300050580,15,7,2023,2025-12-05 22:00:00,3,973,97302,2,4,1,1,Mirza (Cite),4.93367134,-52.32547089
202300050581,16,2,2023,2025-12-05 07:50:00,1,75,75113,2,2,1,3,Rue Vergniaud,48.825941,2.345182
202300050582,4,1,2023,2025-12-05 18:35:00,3,59,59588,2,9,2,2,Chapeau Rouge - Route,51.028994,2.426587
202300050583,13,6,2023,2025-12-05 20:15:00,1,47,47288,1,1,1,1,Alourmede Rd656,44.25234556,0.72206775
202300050584,16,2,2023,2025-12-05 17:55:00,2,75,75112,2,1,1,3,Route De La Pyramide,48.830304,2.450129
202300050585,16,7,2023,2025-12-05 06:00:00,1,2B,2B120,1,1,1,3,11 - Rt,42.64217,9.43969
202300050586,10,6,2023,2025-12-05 05:34:00,2,86,86113,1,1,1,2,N10,46.490673,0.274136
202300050587,3,1,2023,2025-12-05 16:30:00,1,59,59183,2,2,1,1,Corelli - Boulevard,51.0205,2.33217
202300050588,27,9,2023,2025-12-05 15:40:00,1,34,34129,2,1,1,6,Perols D132 (Avenue De),43.56899,3.90513
202300050589,16,2,2023,2025-12-05 14:10:00,1,75,75109,2,2,1,6,Rue De Maubeuge,48.878285,2.344962
202300050590,15,7,2023,2025-12-05 20:10:00,5,971,97101,1,9,1,3,Caraque,16.25200917,-61.48937881
202300050591,4,1,2023,2025-12-05 18:00:00,5,57,57631,2,1,2,6,Gaulle (Avenue Du General De)C3,49.11289082,7.0629859
202300050592,13,6,2023,2025-12-05 16:25:00,1,68,68349,2,3,1,3,Boulevard D?Alsace,47.607767,7.576231
202300050593,27,9,2023,2025-12-05 10:00:00,1,34,34172,2,1,1,6,Berthelot (Boulevard),43.60143,3.86904
202300050594,5,1,2023,2025-12-05 09:45:00,1,54,54300,2,1,1,6,Rue Lucien Galtier,48.658981,6.228528
202300050595,15,2,2023,2025-12-05 20:35:00,5,75,75109,2,3,1,3,Boulevard Des Capucines,48.869951,2.328042
202300050596,12,6,2023,2025-12-05 10:15:00,1,39,39368,2,1,1,6,36Bis Rue De La Republique,46.526896,6.021799
202300050597,15,7,2023,2025-12-05 17:50:00,1,971,97101,1,4,1,6,Rue Des Orangers,16.29185626,-61.49494171
202300050598,5,1,2023,2025-12-05 08:55:00,1,54,54274,2,1,8,7,Rue De La Republique,48.67498,6.20069
202300050599,16,2,2023,2025-12-05 19:48:00,2,75,75108,2,2,1,6,Rue De Miromesnil,48.873896,2.315906
202300050600,14,6,2023,2025-12-05 07:40:00,1,39,39434,1,6,1,3,Rond-Point De Grimont,46.83693,5.689201
202300050601,27,9,2023,2025-12-05 19:50:00,5,34,34032,2,1,1,2,Claparede Emile (Avenue),43.34371,3.22634
202300050602,5,1,2023,2025-12-05 07:40:00,2,54,54395,2,3,2,6,Molitor (Rue),48.68593462,6.19309053
202300050603,16,2,2023,2025-12-05 06:57:00,5,75,75108,2,2,1,6,Avenue Des Champs Elysees,48.870575,2.305425
202300050604,12,6,2023,2025-12-05 18:38:00,1,44,44021,1,1,1,7,Adresse_Inconnue,47.012834,-1.857124
202300050605,5,1,2023,2025-12-05 19:00:00,3,54,54254,1,1,2,7,52 (Route Nationale),49.49851,5.80391
202300050606,15,7,2023,2025-12-05 14:40:00,1,95,95306,2,2,1,5,D14,49.00059,2.18239
202300050607,28,9,2023,2025-12-05 23:00:00,5,33,33063,2,1,1,3,Quai De Brazza,44.85506,-0.55139
202300050608,16,7,2023,2025-12-05 16:35:00,1,83,83126,2,1,1,6,Brun (Av Robert),43.11804,5.86311
202300050609,15,2,2023,2025-12-05 21:19:00,5,75,75108,2,2,1,3,Rue Saint Lazare,48.875313,2.324956
202300050610,5,1,2023,2025-12-05 07:50:00,5,54,54382,2,2,1,3,Metz (Boulevard De),49.545983,5.7826
202300050611,13,6,2023,2025-12-05 17:45:00,1,35,35040,1,3,1,2,Le Champ Gesbert,48.139287,-1.925129
202300050612,16,2,2023,2025-12-05 16:37:00,1,75,75107,2,3,1,6,Avenue De La Motte Picquet,48.85616,2.308088
202300050613,16,7,2023,2025-12-05 02:35:00,5,83,83061,2,3,1,3,Boulevard De La Mer,43.421236,6.743727
202300050614,28,9,2023,2025-12-05 18:04:00,1,33,33063,2,3,1,3,Rue D'Armagnac,44.82141196,-0.55211395
202300050615,13,6,2023,2025-12-05 17:50:00,1,29,29037,1,6,1,3,Route De Pont L'Abbe,47.88424,-4.168652
202300050616,4,1,2023,2025-12-05 16:02:00,1,54,54323,2,4,1,1,Avenue Raymond Poincare,49.527199,5.778261
202300050617,16,7,2023,2025-12-05 01:10:00,5,77,77373,2,1,1,6,Rue Gilbert Rey,48.781464,2.605321
202300050618,28,9,2023,2025-12-05 12:55:00,1,31,31555,2,1,1,6,Rue Maletache,43.59853,1.44519
202300050619,13,6,2023,2025-12-05 21:00:00,3,2,2053,1,1,1,7,Adresse_Inconnue,48.993376,3.609341
202300050620,11,2,2023,2025-12-05 10:15:00,1,75,75101,2,3,1,3,Rue De Rivoli,48.86243385,2.33624429
202300050621,5,1,2023,2025-12-05 18:43:00,5,51,51454,2,1,2,6,Boulevard Albert 1Er,49.275,4.01773
202300050622,16,7,2023,2025-12-05 08:00:00,1,77,77216,1,9,1,6,D63,48.29857,2.67104
202300050623,4,1,2023,2025-12-05 20:10:00,5,50,50129,2,1,2,6,Tanneries (Rue Des),49.63339,-1.62246
202300050624,15,2,2023,2025-12-05 21:45:00,5,75,75101,2,4,1,7,Rue Etienne Marcel,48.863885,2.348873
202300050625,14,6,2023,2025-12-05 18:15:00,1,72,72228,1,9,1,3,Lieu Dit La Rousseliere,47.81497013,-0.21670818
202300050626,16,7,2023,2025-12-05 15:25:00,1,64,64125,2,1,1,6,Berrua,43.43831891,-1.58853963
202300050627,4,1,2023,2025-12-05 12:20:00,1,49,49099,2,2,1,3,Victoire (Boulevard De La ),47.05938,-0.87414
202300050628,15,2,2023,2025-12-05 19:05:00,5,75,75101,2,4,1,6,Rue De Rivoli,48.865333,2.327286
202300050629,28,9,2023,2025-12-05 13:15:00,1,26,26198,1,1,1,6,Avenue De Gournier,44.53222641,4.74072908
202300050630,16,7,2023,2025-12-05 18:00:00,1,63,63113,2,5,1,3,Schuman / Flaubert,45.76416,3.12596
202300050631,4,1,2023,2025-12-05 15:45:00,1,49,49007,2,1,2,3,Foulques Nerra Boulevard,47.47105,-0.56495
202300050632,13,6,2023,2025-12-05 16:47:00,1,45,45179,1,1,7,1,D103 Pr 0 + 335,47.754116,1.732374
202300050633,16,2,2023,2025-12-05 13:42:00,1,94,94081,2,2,1,3,Avenue Paul Vaillant Couturier / Avenue De L'Insurrection,48.79874,2.40039
202300050634,28,9,2023,2025-12-05 08:30:00,1,25,25388,2,6,1,3,Helvetie (Rond Point),47.50857,6.80618
202300050635,15,7,2023,2025-12-05 14:30:00,1,62,62193,2,6,1,3,D940,50.94615,1.83814
202300050636,13,6,2023,2025-12-05 12:30:00,1,64,64120,1,1,2,7,570 Route Du Bourg,43.310893,-1.071918
202300050637,5,1,2023,2025-12-05 08:30:00,1,37,37261,2,3,2,3,Maginot (Av. Andre),47.41483,0.68811
202300050638,16,2,2023,2025-12-05 17:25:00,1,92,92007,2,1,1,3,Aristide Briand (Av),48.804,2.3249
202300050639,28,9,2023,2025-12-05 08:50:00,1,70,70285,1,1,1,7,Z.A.C. En Salamon,47.58578,6.7586
202300050640,16,7,2023,2025-12-05 16:20:00,1,59,59588,1,1,1,6,Chapeau Rouge - Route,51.02946,2.42543
202300050641,5,1,2023,2025-12-05 08:00:00,2,37,37050,1,1,2,2,Rd 37,47.33089,0.68015
202300050642,5,6,2023,2025-12-05 19:35:00,1,18,18172,2,2,1,7,3 Rue Des Ecoles,46.726007,2.479643
202300050643,16,2,2023,2025-12-05 18:00:00,2,94,94060,2,1,1,6,Avenue Georges Pompidou,48.79534779,2.56515071
202300050644,29,9,2023,2025-12-05 02:05:00,3,22,22278,2,1,1,6,Menez (Francois),48.50587,-2.767921
202300050645,5,1,2023,2025-12-05 07:40:00,5,37,37261,2,6,2,3,Louis Xi (Rond-Point),47.37451,0.67109
202300050646,27,9,2023,2025-12-05 23:15:00,5,21,21054,2,7,1,6,Place Joseph Petasse,47.02349169,4.83275324
202300050647,13,6,2023,2025-12-05 18:00:00,2,21,21341,1,2,1,3,Lantilly,47.547451,4.374565
202300050648,16,7,2023,2025-12-05 14:05:00,1,56,56098,2,1,1,5,Leclerc (Rue  General ),47.76204,-3.35122
202300050649,14,2,2023,2025-12-05 07:00:00,2,94,94059,2,6,5,3,Avenue Maurice Berteaux,48.81611,2.56205
202300050650,4,1,2023,2025-12-05 01:35:00,5,37,37261,2,1,1,6,Colombier (Rue),47.41267,0.70084
202300050651,14,6,2023,2025-12-05 04:30:00,3,40,40168,1,1,2,6,Route D'Azur,43.787191,-1.242313
202300050652,16,7,2023,2025-12-05 11:55:00,1,56,56121,2,2,8,3,Indes ( Quai Des ),47.7452,-3.3585
202300050653,5,1,2023,2025-12-05 12:48:00,1,33,33032,2,1,1,3,Quai De Vial,44.91086,-0.53629
202300050654,16,2,2023,2025-12-05 16:20:00,1,93,93073,2,2,1,3,Avenue Pierre Colongo / Rue De Toulouse,48.93885,2.58268
202300050655,27,9,2023,2025-12-05 12:05:00,1,18,18279,2,1,1,2,70 Avenue Du 8 Mai 1945,47.22992,2.07926
202300050656,5,1,2023,2025-12-05 07:40:00,3,33,33063,2,1,8,6,Boulevard Du President Franklin Roosevelt,44.81491,-0.57316
202300050657,16,7,2023,2025-12-05 09:50:00,1,56,56162,2,3,1,3,Anse Du Stole (Rue),47.70669,-3.42195
202300050658,14,6,2023,2025-12-05 01:30:00,4,8,8302,2,1,1,6,37 Route De Prum,49.884135,4.749484
202300050659,16,2,2023,2025-12-05 21:10:00,5,93,93046,2,6,2,6,Boulevard De L'Europe / Avenue Lucie Aubrac,48.927071,2.550407
202300050660,28,9,2023,2025-12-05 10:53:00,1,17,17461,2,1,1,3,Parc Des Sports (Avenue Du),45.64268,-1.06684
202300050661,5,1,2023,2025-12-05 07:40:00,2,31,31555,2,1,1,2,Av De Lyon,43.61522798,1.45223379
202300050662,13,6,2023,2025-12-05 16:02:00,1,88,88389,1,1,1,7,Route Departementale 29,48.35169,5.969186
202300050663,5,1,2023,2025-12-05 13:03:00,1,29,29039,2,1,8,6,Quai Du Moros Rive Gauche,47.876269,-3.906105
202300050664,14,7,2023,2025-12-05 13:56:00,1,54,54263,2,1,1,5,Rue De La Commune De Paris,49.226,5.98093
202300050665,16,2,2023,2025-12-05 14:55:00,1,93,93046,2,3,1,6,Avenue Camille Desmoulins / Avenue Aristide Briand,48.91257289,2.52261579
202300050666,28,9,2023,2025-12-05 18:50:00,1,17,17291,1,1,1,3,N11,46.17229,-1.11926
202300050667,14,7,2023,2025-12-05 19:40:00,1,50,50218,2,7,3,7,General De Gaulle (Place),48.8378,-1.59733
202300050668,8,6,2023,2025-12-05 07:10:00,1,67,67471,2,2,1,3,Rue De La Ville,48.633472,7.742872
202300050669,28,9,2023,2025-12-05 08:50:00,1,13,13117,2,1,1,6,Route Nationale 113 - Cadesteaux,43.47717,5.2278
202300050670,16,2,2023,2025-12-05 13:34:00,1,93,93031,2,3,1,6,Rue Romain Rolland / Avenue De La Marne,48.954002,2.327109
202300050671,15,7,2023,2025-12-05 17:40:00,1,48,48095,1,1,1,6,Rd 42,44.53064,3.44098
202300050672,13,6,2023,2025-12-05 07:09:00,1,11,11379,1,1,1,6,"Autoroute A9, Pk 204.000, Sens France / Espagne",43.05321,2.939132
202300050673,4,1,2023,2025-12-05 07:45:00,5,21,21054,2,3,2,3,Gaulle (Avenue Du General De),47.01817,4.83568
202300050674,16,7,2023,2025-12-05 22:40:00,3,45,45284,1,1,1,2,D2060 Pr 91 + 400,47.925147,1.980571
202300050675,16,2,2023,2025-12-05 07:50:00,1,93,93031,2,3,1,6,Rue De Marseille / Route D'Argenteuil,48.96089,2.29343
202300050676,28,9,2023,2025-12-05 11:28:00,1,13,13005,2,1,1,4,Rd 43 C,43.3117,5.593
202300050677,13,6,2023,2025-12-05 16:45:00,1,971,97115,2,1,7,6,Route Du Pont Borel,16.26961,-61.631455
202300050678,16,7,2023,2025-12-05 01:45:00,5,45,45234,2,1,1,2,Pont Rene Thinat,47.89894375,1.9202739
202300050679,14,6,2023,2025-12-05 12:15:00,1,2A,2A247,1,1,1,6,Route De Palombaggia,41.571303,9.286505
202300050680,5,1,2023,2025-12-05 18:20:00,5,13,13103,2,1,1,4,Adresse_Inconnue,43.62853,5.11911
202300050681,28,9,2023,2025-12-05 17:55:00,1,11,11069,2,3,1,3,25 Rue Aime Ramond,43.21188,2.35345
202300050682,15,2,2023,2025-12-05 17:10:00,1,93,93031,2,3,1,3,Avenue De La Republique / Rue Gounod,48.94801,2.33867
202300050683,27,9,2023,2025-12-05 19:06:00,1,10,10333,2,1,1,7,Freres Gillet (Rue),48.28,4.05
202300050684,12,6,2023,2025-12-05 10:00:00,1,83,83071,2,6,1,6,Rond Point De La Garenne,43.13237,6.222108
202300050685,5,1,2023,2025-12-05 15:15:00,1,13,13204,2,2,1,1,Marechal Juin (Boulevard),43.30941,5.40289
202300050686,16,2,2023,2025-12-05 08:55:00,1,93,93027,2,9,1,3,Avenue Waldeck Rochet / Cimetieres,48.937,2.404
202300050687,27,9,2023,2025-12-05 08:20:00,1,10,10333,2,6,1,6,President Wilson (Rue),48.2896,4.06711
202300050688,16,7,2023,2025-12-05 09:30:00,1,34,34301,2,2,1,3,Lattre De Tassigny Marechal (Quai Du),43.406826,3.696047
202300050689,14,6,2023,2025-12-05 17:15:00,1,5,5065,1,1,1,7,D902,44.64588,6.656728
202300050690,15,2,2023,2025-12-05 06:30:00,5,93,93013,2,1,1,6,Rue Marcel Sembat,48.938117,2.425008
202300050691,27,9,2023,2025-12-05 09:50:00,1,6,6088,2,8,1,3,Californie (Av.) (A Partir Du Ndeg 201-212,43.68142,7.23121
202300050692,14,6,2023,2025-12-05 20:00:00,1,13,13066,2,6,1,3,Place Jean Jaures,43.874885,4.90215
202300050693,4,1,2023,2025-12-05 17:20:00,5,13,13214,2,1,1,5,Avenue Raimu,43.33451,5.39866
202300050694,16,7,2023,2025-12-05 19:10:00,1,34,34003,2,6,1,3,Gentilshommes (H16 A L17,43.28911,3.50794
202300050695,15,2,2023,2025-12-05 21:50:00,3,93,93008,2,1,1,6,Avenue Paul Vaillant - Couturier,48.90583,2.46725
202300050696,5,1,2023,2025-12-05 12:50:00,1,13,13005,1,1,1,7,Ciotat (Route De La Rn559),43.26927916,5.58902845
202300050697,18,9,2023,2025-12-05 20:20:00,1,6,6069,2,1,1,3,Capucins (Chemin Et Impasse Des),43.65212,6.92877
202300050698,13,6,2023,2025-12-05 16:30:00,1,38,38298,1,1,9,2,A7,45.39037,4.80617
202300050699,16,2,2023,2025-12-05 13:15:00,1,92,92062,2,1,1,3,Eichenberger (Rue),48.881682,2.237794
202300050700,16,7,2023,2025-12-05 13:00:00,1,33,33550,2,2,1,1,Avenue Georges Clemenceau,44.78171,-0.56598
202300050701,4,1,2023,2025-12-05 16:36:00,1,11,11262,2,1,1,6,Adresse_Inconnue,43.18592,3.00032
202300050702,27,9,2023,2025-12-05 19:16:00,1,6,6004,2,1,1,3,Nice(Rn.7) Av.Et Rte De,43.598639,7.120433
202300050703,13,6,2023,2025-12-05 17:20:00,1,70,70014,2,1,1,1,27 Route Nationale 19,47.677113,6.405641
202300050704,27,9,2023,2025-12-05 06:00:00,5,5,5061,2,1,1,6,Fangerots ( Chemin Des ),44.555316,6.06357
202300050705,16,2,2023,2025-12-05 14:50:00,1,92,92024,2,1,7,2,Alsace (Rue D') De (25Bis A 77)   (38 A,48.90541511,2.30885357
202300050706,4,1,2023,2025-12-05 18:00:00,5,10,10387,2,1,2,3,Senardes (Rue Des),48.29236,4.09175
202300050707,16,7,2023,2025-12-05 23:25:00,5,31,31555,2,3,1,3,Rte De Seysses,43.57034,1.41623
202300050708,4,1,2023,2025-12-05 01:56:00,5,10,10362,2,9,2,6,Avenue Du General Leclerc,48.29156327,4.03474241
202300050709,16,7,2023,2025-12-05 08:15:00,1,31,31555,1,1,1,2,26 La Faourette  (Periph Ouest A620),43.573809,1.409975
202300050710,28,9,2023,2025-12-05 16:55:00,1,75,75116,2,1,1,5,Echangeur Auteuil,48.850649,2.252218
202300050711,15,2,2023,2025-12-05 20:00:00,5,92,92024,2,3,1,3,Martre (Rue) De (59 A 109)   (58 A 120),48.90138114,2.30764657
202300050712,15,7,2023,2025-12-05 17:30:00,1,27,27375,1,1,1,6,Rd133,49.20554,1.14063
202300050713,2,6,2023,2025-12-05 14:38:00,1,31,31458,1,1,1,2,D817,43.503929,1.358708
202300050714,15,2,2023,2025-12-05 20:55:00,5,92,92023,2,1,1,1,Jean Jaures (Avenue) Ndeg57 A 259 Et 64 A,48.809002,2.268688
202300050715,4,1,2023,2025-12-05 13:50:00,1,75,75116,2,1,1,3,Port De Passy,48.858333,2.260662
202300050716,28,9,2023,2025-12-05 12:30:00,1,75,75114,2,1,1,4,Porte De Chatillon,48.822268,2.315459
202300050717,16,7,2023,2025-12-05 06:21:00,1,14,14118,2,3,1,3,101 Rue Du Chemin Vert,49.194835,-0.395281
202300050718,16,2,2023,2025-12-05 08:45:00,1,92,92071,2,9,1,6,Cauchy (Avenue),48.77529,2.28857
202300050719,14,6,2023,2025-12-05 11:40:00,1,27,27322,1,4,7,2,D79,49.218256,1.061267
202300050720,5,1,2023,2025-12-05 09:25:00,1,75,75117,2,1,8,6,Rue De Montenotte,48.877854,2.295362
202300050721,16,7,2023,2025-12-05 09:10:00,1,13,13208,2,1,1,5,Montredon (Avenue De),43.24221816,5.36913565
202300050722,28,9,2023,2025-12-05 12:00:00,1,75,75119,2,1,1,2,Porte Des Lilas,48.880749,2.405164
202300050723,16,2,2023,2025-12-05 21:37:00,5,92,92002,2,2,1,7,General De Gaulle (Avenue Du),48.76244112,2.3031123
202300050724,4,1,2023,2025-12-05 14:45:00,1,75,75105,2,3,2,6,Rue Des Carmes,48.849669,2.347848
202300050725,28,9,2023,2025-12-05 10:45:00,1,75,75119,2,1,1,2,Porte D Aubervilliers,48.900606,2.373933
202300050726,14,6,2023,2025-12-05 10:10:00,1,76,76055,1,2,1,1,D131,49.63610146,0.73551178