num_acc,jour,mois,an,hrmn,lum,dep,com,agg,int,atm,col,adr,lat,long
202300050727,16,2,2023,2025-12-05 14:25:00,1,92,92002,2,1,1,3,Fontaine Grelot (Rue De La),48.77046433,2.31655587
202300050728,16,7,2023,2025-12-05 08:30:00,1,13,13209,2,3,1,5,Lancier (Chemin Du),43.24918976,5.39705613
202300050729,4,1,2023,2025-12-05 23:10:00,5,75,75116,2,1,2,2,Avenue De New York,48.858524,2.288662
202300050730,16,2,2023,2025-12-05 11:26:00,1,8,8499,1,1,2,7,D11,49.64221,4.391924
202300050731,27,9,2023,2025-12-05 21:25:00,5,75,75116,2,4,1,3,Porte De Passy,48.8600046,2.26315141
202300050732,14,6,2023,2025-12-05 08:40:00,1,60,60612,2,3,1,3,Rue De La Republique,49.205037,2.587511
202300050733,16,7,2023,2025-12-05 08:45:00,1,13,13001,2,6,1,7,Mauriat Henri (Av),43.51625,5.4669
202300050734,16,2,2023,2025-12-05 21:35:00,3,24,24449,1,1,1,2,D6089,45.021563,0.23913
202300050735,5,1,2023,2025-12-05 15:15:00,1,75,75114,2,1,2,3,Rue Raymond Losserand,48.828331,2.306701
202300050736,27,9,2023,2025-12-05 11:55:00,1,75,75120,2,2,1,3,Rue Des Pyrenees,48.856192,2.404929
202300050737,13,2,2023,2025-12-05 17:50:00,2,49,49192,2,1,1,1,D20,47.00637,-0.744731
202300050738,5,1,2023,2025-12-05 18:10:00,5,75,75110,2,3,2,6,Rue Du Faubourg Saint Martin,48.882558,2.366945
202300050739,16,7,2023,2025-12-05 19:30:00,1,9,9122,1,1,1,4,20 (R.N.) Cote Sud Du Tunnel,42.956108,1.623918
202300050740,14,6,2023,2025-12-05 16:30:00,1,80,80561,2,1,1,6,Boulevard Du General Debeney,49.645625,2.571048
202300050741,27,9,2023,2025-12-05 00:10:00,5,75,75120,2,3,1,3,Rue Saint Fargeau,48.871699,2.403895
202300050742,16,7,2023,2025-12-05 17:25:00,1,6,6088,2,1,1,3,Montreal (Bd De),43.68696,7.21891
202300050743,5,1,2023,2025-12-05 18:20:00,5,75,75108,2,7,2,3,Place Du Canada,48.864949,2.310257
202300050744,17,2,2023,2025-12-05 11:00:00,1,42,42120,1,2,1,5,Route De Villerest,45.992199,3.996964
202300050745,13,6,2023,2025-12-05 22:50:00,3,59,59303,1,1,1,7,Rue Madoue,50.568135,2.847275
202300050746,16,7,2023,2025-12-05 01:00:00,5,6,6088,2,1,1,6,Californie (Av.) (A Partir Du Ndeg 201-212,43.67783,7.22847
202300050747,28,9,2023,2025-12-05 13:38:00,1,75,75119,2,3,1,6,Rue Armand Carrel,48.883098,2.371472
202300050748,17,2,2023,2025-12-05 12:00:00,1,974,97405,1,1,1,1,Rue Augustin Mezino,-21.365829,55.555576
202300050749,12,6,2023,2025-12-05 22:10:00,3,13,13085,1,1,1,2,A50-Sens Aubagne Vers Toulon,43.2468,5.596
202300050750,15,7,2023,2025-12-05 07:45:00,1,6,6088,2,1,1,6,Dunant (Av. Henri),43.720404,7.26306
202300050751,5,1,2023,2025-12-05 18:05:00,5,75,75102,2,3,2,6,Rue Montmartre,48.867791,2.343805
202300050752,28,9,2023,2025-12-05 09:20:00,1,75,75119,2,3,1,2,Rue Botzaris,48.877718,2.381278
202300050753,12,2,2023,2025-12-05 17:10:00,1,63,63004,1,1,7,1,Cd 19 - Pk 23+220,45.924565,2.776333
202300050754,15,7,2023,2025-12-05 09:55:00,1,75,75119,2,1,1,2,Porte D Aubervilliers,48.900334,2.380785
202300050755,5,1,2023,2025-12-05 04:15:00,5,75,75104,2,2,1,2,Boulevard Bourdon,48.847532,2.365584
202300050756,28,9,2023,2025-12-05 05:40:00,5,75,75118,2,2,1,3,Boulevard Barbes,48.88835,2.349581
202300050757,15,2,2023,2025-12-05 16:30:00,1,46,46197,1,1,1,3,Rd820,44.403611,1.443543
202300050758,7,6,2023,2025-12-05 18:30:00,1,13,13071,1,1,1,4,A7-Sens Marseille Vers Lyon,43.41297,5.28139
202300050759,15,6,2023,2025-12-05 14:40:00,1,75,75119,2,4,1,7,Porte De Pantin,48.89289117,2.39544868
202300050760,4,1,2023,2025-12-05 10:24:00,1,75,75104,2,3,2,3,Rue De Rivoli,48.85751994,2.35142291
202300050761,16,2,2023,2025-12-05 23:00:00,3,42,42158,1,1,1,6,Route De Renaison,46.036677,3.849356
202300050762,28,9,2023,2025-12-05 12:00:00,1,75,75117,2,3,1,2,Boulevard Pershing,48.88173305,2.28534937
202300050763,16,7,2023,2025-12-05 19:45:00,1,75,75119,2,3,1,3,Rue Manin,48.882263,2.381947
202300050764,9,2,2023,2025-12-05 16:30:00,1,38,38105,2,9,1,6,Route Du Bourg,45.416352,5.552688
202300050765,13,6,2023,2025-12-05 09:28:00,1,33,33013,1,1,1,5,Adresse_Inconnue,44.867593,-0.504247
202300050766,5,1,2023,2025-12-05 19:40:00,3,94,94081,2,2,1,6,Rue Julian Grimau / Rue Edouard Tremblay,48.78161905,2.37268867
202300050767,16,7,2023,2025-12-05 13:10:00,1,75,75112,2,2,1,2,Boulevard Soult,48.839896,2.40902
202300050768,17,2,2023,2025-12-05 09:30:00,1,8,8402,1,1,2,2,Adresse_Inconnue,49.59173525,4.49607577
202300050769,13,6,2023,2025-12-05 17:15:00,1,91,91340,1,1,1,3,Rn 104,48.61052,2.43137
202300050770,28,9,2023,2025-12-05 11:15:00,1,75,75117,2,2,1,3,Rue Truffaut,48.887772,2.318369
202300050771,5,1,2023,2025-12-05 14:35:00,1,94,94046,2,3,2,1,117 Rue Jean Jaures,48.795723,2.433978
202300050772,15,2,2023,2025-12-05 16:05:00,1,62,62541,1,1,1,6,D104,50.457217,2.146239
202300050773,15,7,2023,2025-12-05 21:45:00,5,75,75111,2,2,1,2,Boulevard De Charonne,48.854303,2.395914
202300050774,27,9,2023,2025-12-05 11:40:00,1,75,75115,2,1,1,6,Boulevard De Grenelle,48.84828,2.300831
202300050775,13,6,2023,2025-12-05 09:40:00,1,94,94043,1,1,1,2,A6B,48.80449301,2.34428108
202300050776,16,2,2023,2025-12-05 08:40:00,1,83,83057,1,9,1,6,Route De Nice,43.387862,6.248868
202300050777,5,1,2023,2025-12-05 18:22:00,5,93,93055,2,4,2,6,Rue Jules Auffret / Avenue Faidherbe,48.88492,2.41113
202300050778,28,9,2023,2025-12-05 12:30:00,1,75,75111,2,3,1,6,Boulevard Voltaire,48.852833,2.388452
202300050779,16,7,2023,2025-12-05 20:15:00,1,75,75110,2,2,1,3,Boulevard De Strasbourg,48.872248,2.355931
202300050780,24,1,2023,2025-12-05 01:10:00,3,2B,2B096,1,1,2,1,Rt 20 - Pk-Pr 078.950,42.281472,9.164132
202300050781,5,1,2023,2025-12-05 16:35:00,1,93,93032,2,3,2,6,Avenue Paul Vaillant Couturier / Avenue Bizet,48.87313699,2.55337849
202300050782,13,6,2023,2025-12-05 16:55:00,1,78,78206,1,1,1,5,A13,48.954812,1.938386
202300050783,28,9,2023,2025-12-05 06:00:00,5,75,75111,2,7,1,3,Rue Du Faubourg Du Temple,48.86774,2.36439
202300050784,16,7,2023,2025-12-05 20:55:00,1,93,93007,2,6,1,3,Avenue Pablo Neruda / Avenue Descartes,48.95006,2.46693
202300050785,16,2,2023,2025-12-05 07:50:00,1,82,82112,1,6,5,2,Route De L'Avenir,44.103893,1.11331
202300050786,13,6,2023,2025-12-05 09:15:00,1,92,92064,1,1,1,2,A13,48.83980011,2.20586376
202300050787,4,1,2023,2025-12-05 19:00:00,5,93,93001,2,2,2,2,Avenue Victor Hugo / Avenue Des Magasins Generaux,48.90253,2.370977
202300050788,16,7,2023,2025-12-05 10:30:00,1,92,92044,2,2,1,3,Ed.Vaillant(Rue) 47A73 Et 50A78,48.89687821,2.28838563
202300050789,27,9,2023,2025-12-05 15:15:00,1,75,75111,2,3,1,6,Rue Du Grand Prieure,48.864541,2.369364
202300050790,12,6,2023,2025-12-05 23:30:00,3,78,78418,1,1,1,2,A14,48.91597,2.13083
202300050791,16,7,2023,2025-12-05 01:55:00,5,92,92024,2,1,1,6,Gustave Eiffel (Rue),48.90338758,2.29293734
202300050792,5,1,2023,2025-12-05 08:05:00,2,92,92020,2,3,1,6,Stalingrad Boulevard,48.81099,2.29937
202300050793,16,2,2023,2025-12-05 19:25:00,3,82,82161,1,3,1,5,D 115,44.042354,1.437505
202300050794,28,9,2023,2025-12-05 14:45:00,1,75,75109,2,5,1,1,Rue Pierre Fontaine,48.880451,2.335078
202300050795,12,6,2023,2025-12-05 08:18:00,1,92,92047,1,1,1,3,A13,48.83291148,2.15823486
202300050796,5,1,2023,2025-12-05 13:40:00,1,92,92040,2,1,2,3,Rue Du Passeur De Boulogne,48.825636,2.25977
202300050797,15,2,2023,2025-12-05 20:40:00,5,33,33011,2,1,1,3,Avenue De La Liberation,44.75866,-1.12095
202300050798,28,9,2023,2025-12-05 09:05:00,1,75,75109,2,3,1,3,Rue Du Faubourg Poissonniere,48.873422,2.347889
202300050799,6,1,2023,2025-12-05 08:10:00,1,60,60036,1,1,1,2,N31,49.385725,2.569942
202300050800,13,6,2023,2025-12-05 17:00:00,1,95,95277,1,1,1,2,A3,48.97221,2.48464
202300050801,17,2,2023,2025-12-05 11:15:00,1,63,63003,2,1,1,6,Allee Des Sports,45.540007,3.751257
202300050802,27,9,2023,2025-12-05 09:15:00,1,75,75108,2,2,1,3,Avenue Matignon,48.869067,2.310307
202300050803,6,1,2023,2025-12-05 18:08:00,3,76,76115,1,1,2,5,D6015,49.59385,0.58318
202300050804,13,6,2023,2025-12-05 07:10:00,1,93,93005,1,1,1,2,Autoroute A1,48.95720448,2.46153975
202300050805,12,6,2023,2025-12-05 17:30:00,1,95,95572,1,1,1,2,N184,49.04929,2.13858
202300050806,28,9,2023,2025-12-05 14:30:00,1,75,75107,2,4,1,2,Rue De Babylone,48.851707,2.324396
202300050807,6,1,2023,2025-12-05 15:55:00,1,25,25147,1,1,8,3,A36 Sortie Ndeg3 Besancon Ouest Pk 133+800,47.235109,5.896128
202300050808,17,7,2023,2025-12-05 15:41:00,1,60,60191,2,1,1,1,Rue De Flandre,49.554707,2.701027
202300050809,15,2,2023,2025-12-05 20:10:00,3,49,49008,1,2,1,2,D770,47.56367,-0.99731
202300050810,28,9,2023,2025-12-05 07:30:00,2,94,94079,2,3,1,6,Boulevard Aristide Briand,48.83114,2.53518
202300050811,12,6,2023,2025-12-05 15:00:00,1,93,93066,1,1,1,3,Autoroute A1,48.9182,2.35758
202300050812,6,1,2023,2025-12-05 08:15:00,2,49,49092,1,9,2,6,D160,47.22964612,-0.72195524
202300050813,27,9,2023,2025-12-05 01:04:00,5,93,93066,2,1,1,6,Rue Georges Politzer,48.940256,2.364034
202300050814,6,1,2023,2025-12-05 12:00:00,1,77,77141,1,1,1,7,A4 Pk 035.250,48.855895,2.840331
202300050815,12,6,2023,2025-12-05 10:00:00,1,95,95527,1,1,1,4,N104,49.027106,2.511782
202300050816,28,9,2023,2025-12-05 17:20:00,1,93,93050,2,1,1,3,Rue Louis Vannini,48.86477,2.51949
202300050817,12,6,2023,2025-12-05 09:15:00,1,93,93008,1,1,1,2,Autoroute A86,48.91273457,2.43680722
202300050818,28,9,2023,2025-12-05 15:15:00,1,93,93049,2,2,1,1,Chemin De Meaux / Rue Marcel Dassault,48.86406,2.51678
202300050819,4,1,2023,2025-12-05 18:00:00,3,10,10067,1,1,2,4,D671,48.243139,4.118242
202300050820,12,6,2023,2025-12-05 06:30:00,1,95,95252,1,1,1,3,A15,48.97936,2.228656
202300050821,28,9,2023,2025-12-05 12:00:00,1,93,93079,2,1,1,6,Avenue Jean-Baptiste Clement,48.954126,2.338311
202300050822,28,9,2023,2025-12-05 15:44:00,1,93,93027,2,1,1,6,Boulevard Pasteur,48.92405,2.38422
202300050823,28,9,2023,2025-12-05 09:15:00,1,93,93007,2,1,1,2,Avenue Du Professeur Fleming,48.93383226,2.46650228
202300050824,6,1,2023,2025-12-05 16:23:00,2,74,74272,1,3,8,3,Route De Bellegarde,45.942791,6.060483
202300050825,28,9,2023,2025-12-05 08:20:00,1,92,92046,2,9,1,6,Etienne Dolet (Rue),48.8151844,2.2988736
202300050826,27,9,2023,2025-12-05 18:48:00,1,92,92077,2,2,1,3,Versailles (Rue De),48.82504806,2.18692884
202300050827,27,9,2023,2025-12-05 13:20:00,1,92,92050,2,1,7,2,Clemenceau Georges Avenue Ndeg Pair,48.88568703,2.21758068
202300050828,11,6,2023,2025-12-05 21:05:00,2,93,93066,1,1,3,2,Autoroute A1,48.90548,2.35866
202300050829,25,9,2023,2025-12-05 16:30:00,1,92,92050,2,1,8,3,Clemenceau Georges Avenue Ndeg Pair,48.88690736,2.20245481
202300050830,6,1,2023,2025-12-05 05:10:00,5,6,6095,2,3,1,3,41 Avenue De Boutiny,43.641496,6.878911
202300050831,13,6,2023,2025-12-05 06:20:00,1,93,93051,1,1,1,5,A4,48.83634,2.55335
202300050832,5,1,2023,2025-12-05 15:01:00,1,6,6109,1,1,1,7,Route De Levens,43.82979,7.193985
202300050833,28,9,2023,2025-12-05 16:48:00,1,92,92044,2,2,1,6,Pdt Wilson(Rue) 2A24 Et 1A21,48.89058914,2.29173578
202300050834,5,1,2023,2025-12-05 16:49:00,1,3,3026,1,1,2,6,A79,46.460703,3.278802
202300050835,19,2,2023,2025-12-05 06:00:00,3,88,88028,1,1,8,1,D11,48.15550083,6.54981585
202300050836,6,1,2023,2025-12-05 06:10:00,3,4,4033,1,1,1,7,Rd900B - Pk24+493,44.458102,6.239108
202300050837,28,9,2023,2025-12-05 12:37:00,1,92,92044,2,1,1,2,Pdt Wilson(Rue)107A131 Et 110A130,48.89786155,2.28540212
202300050838,8,2,2023,2025-12-05 07:29:00,1,88,88486,2,1,1,6,Rue Robert Claudel,48.008433,6.717335
202300050839,6,1,2023,2025-12-05 07:10:00,2,51,51380,1,1,1,3,Rue Du Faubourg De Paris,48.88075938,3.53905141
202300050840,28,9,2023,2025-12-05 20:34:00,5,92,92024,2,1,1,3,General Leclerc (Bd Du) (9 A 59)   (4 A,48.90435064,2.31149644
202300050841,29,1,2023,2025-12-05 08:00:00,2,88,88447,1,1,1,2,D43,47.944852,6.789116
202300050842,2,1,2023,2025-12-05 18:30:00,3,56,56013,2,1,2,3,20 Route De Pont Lorois,47.675775,-3.183171
202300050843,28,1,2023,2025-12-05 04:00:00,3,88,88243,2,1,8,1,62 Rue Du Haut Pre,48.309481,6.714723
202300050844,27,9,2023,2025-12-05 11:00:00,1,92,92012,2,1,1,3,Alphonse Le Gallo (Quai) 35/Fin,48.83867158,2.22414315
202300050845,5,1,2023,2025-12-05 12:10:00,1,74,74096,2,2,1,6,7 Grand-Rue,46.0335,6.107272
202300050846,26,3,2023,2025-12-05 14:50:00,1,43,43177,1,9,1,1,D500,45.313755,4.2847
202300050847,29,9,2023,2025-12-05 07:25:00,1,17,17408,2,2,1,3,D 122,45.804976,-0.84878
202300050848,3,1,2023,2025-12-05 07:20:00,3,80,80173,1,1,1,1,D919,49.958109,2.38178
202300050849,10,3,2023,2025-12-05 16:20:00,1,43,43268,1,1,1,7,Rn88,45.130257,4.095883
202300050850,28,9,2023,2025-12-05 15:30:00,1,84,84137,2,1,1,6,Avenue Des Choralies,44.242286,5.082003
202300050851,5,1,2023,2025-12-05 07:35:00,2,11,11024,1,1,1,3,Adresse_Inconnue,43.128934,2.96125
202300050852,5,3,2023,2025-12-05 15:30:00,1,13,13056,2,1,1,6,Turcan Francis,43.41596,5.05668
202300050853,27,9,2023,2025-12-05 22:45:00,3,83,83130,1,1,1,6,"Autoroute A57, Pk 13.340",43.194289,6.039471
202300050854,6,1,2023,2025-12-05 19:20:00,4,49,49086,2,2,1,3,Rue D'Anjou,47.23218,-0.430892
202300050855,8,4,2023,2025-12-05 19:00:00,1,57,57487,2,1,1,3,Verdun (Rue De ),49.10753,6.10623
202300050856,16,9,2023,2025-12-05 09:05:00,1,71,71448,1,1,2,3,Autorute A6 Pk 378+900 Sens Lyon / Paris,46.385096,4.850158
202300050857,6,1,2023,2025-12-05 14:32:00,1,86,86145,1,2,1,3,N10,46.473426,0.269025
202300050858,7,4,2023,2025-12-05 12:50:00,1,93,93046,2,2,1,3,Av Du Pdt J Fitzgerald Kennedy / Boulevard Roger Salengro,48.91492,2.53467
202300050859,27,9,2023,2025-12-05 20:15:00,3,62,62491,2,1,1,1,D169,50.60423122,2.77153829
202300050860,5,1,2023,2025-12-05 00:45:00,3,34,34332,1,1,1,6,D612,43.31313,3.390698
202300050861,29,9,2023,2025-12-05 18:35:00,2,69,69260,2,1,1,7,774 Chemin De La Pronde,45.660135,4.802886
202300050862,12,6,2023,2025-12-05 07:40:00,1,974,97411,2,2,1,6,Philibert (Rue),-20.8888,55.44731
202300050863,28,9,2023,2025-12-05 21:00:00,3,51,51245,1,1,1,6,Departementale 27,49.232984,3.804563
202300050864,5,1,2023,2025-12-05 18:20:00,4,39,39078,1,2,1,3,Adresse_Inconnue,47.105742,5.5183741
202300050865,11,6,2023,2025-12-05 22:30:00,5,973,97302,2,1,1,1,Galmot (Avenue),4.93219,-52.32747
202300050866,5,1,2023,2025-12-05 09:30:00,1,39,39013,2,1,1,6,1 Avenue Pasteur,46.90687,5.769468
202300050867,29,9,2023,2025-12-05 05:49:00,2,59,59074,1,9,1,1,D115,50.093942,3.436886
202300050868,12,6,2023,2025-12-05 10:50:00,1,69,69387,2,8,1,7,Rue De Marseille,45.7539,4.84175
202300050869,5,1,2023,2025-12-05 18:10:00,5,25,25157,2,2,2,6,La Tuilerie,46.867611,6.374224
202300050870,11,6,2023,2025-12-05 11:45:00,1,971,97113,2,1,1,1,Section Mare-Gaillard,16.2169685,-61.4375639
202300050871,29,9,2023,2025-12-05 16:30:00,1,59,59282,1,1,1,3,D916,50.813094,2.483168
202300050872,6,1,2023,2025-12-05 07:30:00,3,31,31396,1,1,1,1,D622,43.357731,1.596633
202300050873,11,6,2023,2025-12-05 06:50:00,1,971,97101,2,9,1,3,Frederic Jalton,16.27548,-61.50257
202300050874,6,1,2023,2025-12-05 01:15:00,4,2,2126,2,7,2,6,3 Place De Mai 1940,49.770286,4.180655
202300050875,29,9,2023,2025-12-05 08:50:00,1,65,65020,2,1,1,2,Route De Lourdes,43.094622,0.009061
202300050876,12,6,2023,2025-12-05 14:40:00,1,95,95280,2,1,7,6,Gare (Avenue De La),49.02276,2.46539
202300050877,27,9,2023,2025-12-05 13:00:00,1,32,32457,1,1,1,6,D953,43.861267,0.686131
202300050878,5,1,2023,2025-12-05 16:50:00,1,70,70315,2,1,1,1,4 Avenue Jacques Parisot,47.891327,6.282796
202300050879,29,9,2023,2025-12-05 17:40:00,1,71,71282,1,1,1,7,Rd 680,46.820891,4.370821
202300050880,12,6,2023,2025-12-05 12:00:00,1,95,95197,2,1,1,2,Gallieni (Rue),48.9666,2.32807
202300050881,6,1,2023,2025-12-05 07:00:00,5,70,70235,2,3,2,3,Grande Rue,47.699607,6.18979
202300050882,28,9,2023,2025-12-05 16:30:00,1,71,71134,2,1,1,3,Route De Montvaillant (Clermain),46.363526,4.582495
202300050883,12,6,2023,2025-12-05 08:35:00,1,91,91114,2,1,1,4,Rte Nationale 6,48.678691,2.495793
202300050884,5,1,2023,2025-12-05 14:50:00,1,54,54405,2,1,1,7,Grande Rue,48.57439594,5.97442746
202300050885,11,9,2023,2025-12-05 18:50:00,1,61,61068,1,1,1,3,D309,48.5554424,0.211712
202300050886,6,1,2023,2025-12-05 13:55:00,1,5,5170,2,1,1,6,10 Place Du Commandant Dumont,44.461349,6.054867
202300050887,12,6,2023,2025-12-05 12:40:00,1,91,91027,2,2,1,3,Av Francois Mitterrand,48.71608,2.37087
202300050888,12,6,2023,2025-12-05 10:56:00,1,91,91223,1,1,1,6,Charpentier (Avenue Theodore),48.43097,2.15742
202300050889,2,1,2023,2025-12-05 16:55:00,2,10,10323,2,1,1,5,Rue Milford Haven,48.504711,3.721358
202300050890,29,9,2023,2025-12-05 04:26:00,3,25,25022,1,1,1,6,D683,47.515107,6.639122
202300050891,12,6,2023,2025-12-05 07:50:00,1,88,88383,2,1,1,6,Faubourg D'Alsace,48.00853,6.60698
202300050892,4,1,2023,2025-12-05 07:35:00,2,7,7122,1,1,1,3,Route D Ales,44.560011,4.35886
202300050893,11,6,2023,2025-12-05 05:23:00,3,87,87201,1,1,1,6,Rd941 (Ouest),45.843464,1.1775567
202300050894,29,9,2023,2025-12-05 14:35:00,1,44,44007,1,1,1,3,Bel Air,47.653417,-1.969584
202300050895,5,1,2023,2025-12-05 22:40:00,3,60,60570,1,1,1,6,A16,49.255468,2.093368
202300050896,28,9,2023,2025-12-05 13:20:00,1,35,35143,2,1,1,6,D 71,48.239924,-2.009275
202300050897,5,1,2023,2025-12-05 18:08:00,5,38,38530,1,1,1,4,Rd1006,45.61884,5.182586
202300050898,11,6,2023,2025-12-05 13:00:00,1,83,83123,1,4,1,3,Bandol (Route)Ndeg Pairs,43.12485295,5.78902075
202300050899,28,9,2023,2025-12-05 19:30:00,2,29,29020,1,3,8,3,Route De Kergolo,48.13052587,-4.01835169
202300050900,6,1,2023,2025-12-05 04:00:00,5,971,97103,2,3,1,3,Rue De L?Industrie,16.237558,-61.564624
202300050901,28,9,2023,2025-12-05 22:00:00,3,29,29176,1,1,3,6,Lieu Dit Croix Neuve,48.13421,-4.227203
202300050902,5,1,2023,2025-12-05 11:35:00,1,971,97125,2,2,1,3,Bragelogne,16.268259,-61.302788
202300050903,27,9,2023,2025-12-05 05:20:00,3,29,29026,1,1,1,6,Prat Aval,48.18375101,-4.11007031
202300050904,12,6,2023,2025-12-05 20:00:00,1,77,77058,2,9,1,7,Clos Saint Georges  (Avenue Du),48.845624,2.733553
202300050905,25,9,2023,2025-12-05 15:30:00,1,31,31110,1,1,1,6,Departementale 83,43.108902,0.969737
202300050906,4,1,2023,2025-12-05 21:45:00,5,971,97125,1,2,1,3,Belle Allee,16.256121,-61.311581
202300050907,9,6,2023,2025-12-05 22:25:00,1,76,76351,2,6,1,6,Louis Blanc,49.50778,0.13364
202300050908,5,1,2023,2025-12-05 02:21:00,3,977,97701,2,1,2,7,Saint Jean,17.902971,-62.83206
202300050909,11,6,2023,2025-12-05 19:00:00,1,72,72181,2,1,1,3,Bollee (Av) Ndeg Pairs 2 A 62,48.00395,0.20263
202300050910,6,1,2023,2025-12-05 08:50:00,1,29,29233,2,6,8,3,Rue De Pont-Aven,47.87084493,-3.56672108
202300050911,27,9,2023,2025-12-05 13:15:00,1,3,3093,1,2,1,5,D907,46.187972,3.486979
202300050912,6,1,2023,2025-12-05 08:15:00,2,91,91200,2,1,2,6,Intersection D116 - Rue De L'Ouye,48.523053,2.0078
202300050913,11,6,2023,2025-12-05 18:56:00,1,71,71270,2,1,3,7,Boulevard De La Resistance,46.29491765,4.81936634
202300050914,28,9,2023,2025-12-05 17:55:00,2,3,3092,1,1,7,6,Lieu Dit Couture,46.453936,3.196442
202300050915,5,1,2023,2025-12-05 11:45:00,1,34,34344,2,1,1,6,7 Rue Des Artisans,43.561112,4.076989
202300050916,28,9,2023,2025-12-05 16:30:00,1,26,26345,2,1,1,3,554 Route De Ste-Cecile,44.285226,4.846808
202300050917,5,1,2023,2025-12-05 19:34:00,3,6,6077,2,1,1,6,D2566,43.880704,7.356864
202300050918,27,9,2023,2025-12-05 19:00:00,2,72,72132,2,1,1,7,Lieu Dit Le Manay,48.175387,0.630491
202300050919,6,1,2023,2025-12-05 08:30:00,1,5,5159,1,1,1,6,Route Departementale 330,44.313777,5.797434
202300050920,29,9,2023,2025-12-05 14:20:00,1,6,6073,1,1,1,7,"Rm97, Pr 02+700 - Isola2000",44.198363,7.069514
202300050921,18,9,2023,2025-12-05 08:40:00,1,6,6080,1,1,8,7,Pont De La Bolinette,44.042505,7.128764
202300050922,5,1,2023,2025-12-05 18:20:00,5,73,73213,2,3,1,6,D1006,45.57103,5.952439
202300050923,28,9,2023,2025-12-05 20:30:00,3,8,8137,1,3,1,3,Adresse_Inconnue,49.820037,4.698479
202300050924,6,1,2023,2025-12-05 20:40:00,3,7,7042,1,1,1,6,D86,44.40348,4.646015
202300050925,5,1,2023,2025-12-05 22:20:00,3,32,32258,1,1,1,6,Chemin De Crastes,43.743469,0.674762
202300050926,6,1,2023,2025-12-05 07:57:00,3,14,14060,1,1,1,3,Allee Christian Coeuret,49.248419,-0.278931
202300050927,28,9,2023,2025-12-05 16:45:00,1,88,88116,1,3,1,3,18 Rue De Chermenil,47.97694,6.83307
202300050928,3,1,2023,2025-12-05 03:00:00,4,27,27016,2,1,1,6,2 Route Des Templiers,49.248384,1.453021
202300050929,6,1,2023,2025-12-05 07:40:00,5,76,76758,2,1,2,1,Rue Pierre De Coubertin,49.613769,0.761109
202300050930,4,1,2023,2025-12-05 15:45:00,1,59,59151,1,1,2,7,Route De Solre-Le-Chateau,50.26121313,4.10604
202300050931,5,1,2023,2025-12-05 08:34:00,1,13,13071,1,1,1,5,A55-Sens Martigues Vers Marseille,43.37809,5.31739
202300050932,1,1,2023,2025-12-05 06:20:00,3,69,69259,2,1,8,2,Boulevard Laurent Bonnevay,45.71863487,4.87177134
202300050933,5,1,2023,2025-12-05 13:53:00,1,77,77384,1,1,2,3,Autoroute A5A,48.5949,2.61413
202300050934,5,1,2023,2025-12-05 11:08:00,1,91,91689,1,1,1,5,A10,48.73851,2.31707
202300050935,5,1,2023,2025-12-05 09:31:00,1,91,91286,1,1,8,3,Autoroute A6,48.64444,2.39007
202300050936,4,1,2023,2025-12-05 23:25:00,3,91,91064,1,1,3,6,Rn 118,48.75193,2.2229
202300050937,4,1,2023,2025-12-05 16:50:00,5,78,78126,1,1,2,6,A86 Duplex,48.844821,2.147034
202300050938,5,1,2023,2025-12-05 16:00:00,1,93,93066,1,1,2,4,Autoroute A1,48.91916,2.35755
202300050939,4,1,2023,2025-12-05 23:50:00,3,95,95572,1,1,2,6,A15,49.02837777,2.12775019
202300050940,5,1,2023,2025-12-05 10:40:00,1,94,94028,1,1,1,2,A86,48.7806436,2.44115551
202300050941,4,1,2023,2025-12-05 20:00:00,5,35,35051,2,1,2,6,Paris (Rue De),48.11435714,-1.59854025
202300050942,4,1,2023,2025-12-05 19:00:00,5,27,27375,2,1,3,6,Crosne (Boulevard De),49.21551,1.16951
202300050943,3,1,2023,2025-12-05 18:29:00,5,29,29019,2,1,2,6,Avenue Victor Le Gorgeu,48.400527,-4.499121
202300050944,4,1,2023,2025-12-05 19:25:00,2,974,97416,2,1,1,6,Lorion (Rue Luc),-21.341211,55.468924
202300050945,2,1,2023,2025-12-05 08:00:00,1,974,97411,1,1,1,1,Montagne (Route De La),-20.88725,55.44006
202300050946,4,1,2023,2025-12-05 23:45:00,5,69,69383,2,3,2,7,Route De Genas,45.75487271,4.87608835
202300050947,4,1,2023,2025-12-05 11:55:00,1,69,69034,2,1,1,6,Route De Strasbourg,45.79105516,4.86091956
202300050948,4,1,2023,2025-12-05 11:30:00,1,69,69034,2,1,1,2,Montee Des Soldats,45.79321,4.86011
202300050949,3,1,2023,2025-12-05 18:00:00,5,971,97101,2,1,1,4,Rn1-  Hauteur De Sortie Lauricisque,16.2522,-61.53157
202300050950,4,1,2023,2025-12-05 20:05:00,5,2A,2A004,2,1,1,3,Sebastianu Costa Bd,41.9406,8.74494
202300050951,4,1,2023,2025-12-05 09:20:00,1,91,91645,2,2,8,3,Georges Pompidou (Avenue),48.7452,2.282992
202300050952,4,1,2023,2025-12-05 17:50:00,5,91,91114,2,1,2,6,Rue Des Vallees,48.698586,2.509422
202300050953,4,1,2023,2025-12-05 13:25:00,1,91,91589,2,4,2,3,Bd Aristide Briand,48.687256,2.354354
202300050954,4,1,2023,2025-12-05 06:50:00,3,91,91223,1,1,8,6,Cd63,48.41508,2.196