num_acc,jour,mois,an,hrmn,lum,dep,com,agg,int,atm,col,adr,lat,long
202300050955,1,1,2023,2025-12-05 12:15:00,1,88,88413,2,3,1,3,Rue De L'Etang Piller,48.29545,6.93915
202300050956,4,1,2023,2025-12-05 13:30:00,1,87,87085,2,3,2,3,Thomas (Avenue Albert),45.83475,1.24567
202300050957,3,1,2023,2025-12-05 09:15:00,1,86,86194,2,1,1,4,Avenue Jacques Coeur,46.56995,0.371571
202300050958,3,1,2023,2025-12-05 08:55:00,1,83,83137,2,3,1,3,Moulins (Ave Des De 18 A 23,43.14602,5.91248
202300050959,2,1,2023,2025-12-05 18:30:00,2,83,83137,2,3,1,2,Dugommier (Rue),43.1255,5.92902
202300050960,3,1,2023,2025-12-05 19:20:00,5,76,76351,2,3,2,6,Pierre Mendes France,49.51444,0.15346
202300050961,4,1,2023,2025-12-05 07:25:00,5,74,74012,2,1,5,3,Thonon (Route De),46.19348,6.256
202300050962,4,1,2023,2025-12-05 05:40:00,5,74,74012,2,1,5,6,Faucigny (Rue Du),46.1947,6.23617
202300050963,4,1,2023,2025-12-05 10:30:00,1,72,72181,2,1,1,7,Grandes Courbes (Rue Des),47.9791,0.16777
202300050964,4,1,2023,2025-12-05 13:20:00,1,69,69266,2,1,1,3,259 Rue Leon Blum,45.7623561,4.91158068
202300050965,3,1,2023,2025-12-05 16:00:00,1,67,67482,2,1,1,6,Paul Eluard (Rue),48.58886,7.69726
202300050966,4,1,2023,2025-12-05 07:52:00,5,66,66136,2,6,1,3,Adresse_Inconnue,42.70529,2.90176
202300050967,1,1,2023,2025-12-05 04:50:00,5,66,66136,2,1,1,2,Adresse_Inconnue,42.69472,2.901651
202300050968,1,1,2023,2025-12-05 04:15:00,3,60,60159,1,1,1,6,Route Nationale 31,49.42168,2.89991
202300050969,3,1,2023,2025-12-05 06:45:00,4,59,59350,2,1,1,2,Chaude Riviere Rue De,50.634167,3.081673
202300050970,3,1,2023,2025-12-05 07:35:00,5,59,59131,2,9,9,6,Sept Planetes,50.99827,2.37591
202300050971,4,1,2023,2025-12-05 18:14:00,5,51,51454,2,4,2,1,Boulevard Du Docteur Roux,49.23265606,4.02437702
202300050972,3,1,2023,2025-12-05 10:15:00,1,51,51454,2,1,1,6,Rue Chanzy,49.25396,4.03046
202300050973,2,1,2023,2025-12-05 11:20:00,1,49,49099,2,1,8,3,D160,47.07951,-0.83152
202300050974,4,1,2023,2025-12-05 08:21:00,3,49,49007,2,1,8,7,Waldeck Rousseau,47.47098,-0.54431
202300050975,2,1,2023,2025-12-05 22:58:00,5,49,49007,2,2,1,3,Fremur,47.45883,-0.5586
202300050976,29,10,2023,2025-12-05 14:31:00,1,93,93001,2,1,8,2,Avenue Victor Hugo,48.913997,2.380845
202300050977,29,10,2023,2025-12-05 22:50:00,3,54,54462,1,1,3,3,D116,48.60283598,6.34496927
202300050978,20,10,2023,2025-12-05 08:00:00,3,51,51423,1,1,3,6,D61,48.773925,4.830562
202300050979,30,10,2023,2025-12-05 10:25:00,1,6,6114,2,1,1,6,Chemin Du Souvenir,43.741329,7.287213
202300050980,29,10,2023,2025-12-05 13:10:00,1,33,33205,1,1,3,1,Lieu Dit Ardennes,44.58621469,-0.39481036
202300050981,29,10,2023,2025-12-05 09:50:00,1,31,31454,2,1,1,6,Avenue Du Casteras,43.41373,1.116765
202300050982,28,10,2023,2025-12-05 16:10:00,1,69,69285,2,6,1,3,Rue Des Bruyeres,45.763133,5.080442
202300050983,29,10,2023,2025-12-05 05:15:00,2,27,27306,1,1,2,7,N1013,49.001746,1.184412
202300050984,6,10,2023,2025-12-05 12:40:00,1,1,1109,2,3,1,3,Intersection D984B / Rue Du Rhone,46.142589,5.908783
202300050985,30,10,2023,2025-12-05 14:15:00,1,44,44056,1,1,1,3,1 Le Moulin De La Violaye,47.408519,-1.757179
202300050986,29,10,2023,2025-12-05 19:15:00,3,62,62289,1,1,2,6,D138,50.451944,1.773777
202300050987,28,10,2023,2025-12-05 06:04:00,3,62,62376,1,1,2,6,D937,50.56815966,2.60229691
202300050988,29,10,2023,2025-12-05 23:45:00,3,37,37179,1,1,1,2,A10 Pk 198+380 Sens Paris-Tours,47.45941427,0.75836563
202300050989,30,10,2023,2025-12-05 13:25:00,1,56,56188,1,1,8,1,Le Roduic,47.89567,-3.11247
202300050990,30,10,2023,2025-12-05 19:15:00,3,56,56171,1,1,2,1,Fontalvy,47.698216,-2.382421
202300050991,30,10,2023,2025-12-05 10:20:00,1,71,71263,2,1,1,6,Rue De Bram,46.629017,5.21893
202300050992,30,10,2023,2025-12-05 14:30:00,1,71,71014,1,1,3,6,D 680,46.9294,4.365349
202300050993,30,10,2023,2025-12-05 14:00:00,1,89,89072,1,1,8,6,Lieu Dit Les Rosses,47.752803,2.975906
202300050994,24,10,2023,2025-12-05 14:09:00,1,63,63366,1,3,1,4,D999/D214,45.495488,3.352649
202300050995,29,10,2023,2025-12-05 18:45:00,2,61,61230,1,1,1,3,D8,48.526702,0.714057
202300050996,4,10,2023,2025-12-05 06:27:00,3,68,68286,1,3,1,3,D 21.3,47.622856,7.550547
202300050997,30,10,2023,2025-12-05 18:50:00,3,50,50289,1,2,8,3,La Bretonniere,49.189943,-1.304031
202300050998,22,10,2023,2025-12-05 01:20:00,3,50,50619,2,3,9,6,Rue De L?Eglise,49.621137,-1.360631
202300050999,30,10,2023,2025-12-05 18:40:00,5,50,50639,2,1,2,6,Rue Du General De Gaulle,48.837164,-1.221773
202300051000,9,5,2023,2025-12-05 08:50:00,1,13,13210,2,6,1,6,Alfred Curtel (Rue),43.2783,5.407
202300051001,29,10,2023,2025-12-05 12:40:00,1,9,9296,2,1,1,3,N20,42.799005,1.661657
202300051002,10,5,2023,2025-12-05 18:27:00,1,13,13063,2,1,1,3,Republique Avenue De La,43.58332,5.00396
202300051003,30,10,2023,2025-12-05 12:50:00,1,85,85020,2,6,1,2,Rd 148,46.370648,-0.575919
202300051004,8,5,2023,2025-12-05 18:30:00,1,13,13063,2,1,1,1,Daniel Paul Avenue,43.58772,5.00933
202300051005,8,5,2023,2025-12-05 11:30:00,1,13,13005,2,1,1,6,Barthelemy (Rue Du Dr),43.29565,5.5681
202300051006,28,10,2023,2025-12-05 21:00:00,5,63,63113,1,9,1,5,A71,45.774917,3.140459
202300051007,8,5,2023,2025-12-05 14:25:00,1,13,13004,2,2,1,6,Av Des Alyscamps,43.67489,4.63224
202300051008,30,10,2023,2025-12-05 15:37:00,1,14,14555,1,1,1,3,Autoroute A13 Pk173+300,49.30447758,0.29294014
202300051009,29,10,2023,2025-12-05 21:00:00,3,988,98815,1,1,1,6,Tuho (Tribu),-21.52315,167.905662
202300051010,9,5,2023,2025-12-05 17:50:00,1,10,10343,2,1,1,3,Allee Du Chateau Des Cours,48.2702,4.08913
202300051011,30,10,2023,2025-12-05 05:15:00,3,29,29233,1,1,3,6,Rn165,47.86239,-3.54916
202300051012,9,5,2023,2025-12-05 14:28:00,1,10,10387,2,1,2,2,Boulevard Victor Hugo,48.29205462,4.07023877
202300051013,26,10,2023,2025-12-05 05:50:00,3,77,77466,1,1,3,1,D21,48.824677,2.883265
202300051014,24,8,2023,2025-12-05 21:55:00,5,93,93077,2,3,1,6,Avenue De Rosny / Avenue Du Rond Point,48.884074,2.50060108
202300051015,9,5,2023,2025-12-05 15:45:00,1,6,6069,2,1,1,3,Auribeau (Route D') -D609-,43.630637,6.912105
202300051016,30,10,2023,2025-12-05 11:45:00,1,84,84129,2,1,3,2,1171 Route D'Entraigues,44.006104,4.890397
202300051017,25,8,2023,2025-12-05 19:30:00,1,93,93061,2,3,1,3,Rue D'Estienne D'Orves / Rue Simonnot,48.88567,2.40145
202300051018,9,5,2023,2025-12-05 08:00:00,1,6,6069,2,6,1,3,Pegomas (Route De),43.641618,6.937395
202300051019,11,10,2023,2025-12-05 08:33:00,1,13,13101,2,3,1,1,Rue De La Fontaine,43.406419,5.54478
202300051020,26,8,2023,2025-12-05 18:50:00,1,93,93029,2,2,1,3,Rue Des Bois De Groslay / Rue De L'Argonne,48.91757,2.46758
202300051021,7,5,2023,2025-12-05 16:45:00,1,6,6004,2,2,1,1,Felon Rue,43.57283,7.10741
202300051022,29,10,2023,2025-12-05 17:50:00,3,13,13030,1,1,1,2,D8N,43.268769,5.720057
202300051023,25,8,2023,2025-12-05 16:05:00,1,93,93010,2,3,1,3,Route De Villemomble / Rue Rene Char,48.8919988,2.48899742
202300051024,30,10,2023,2025-12-05 07:52:00,2,71,71086,1,1,2,6,"D985, Pk 54+400",46.418072,4.253651
202300051025,27,4,2023,2025-12-05 12:05:00,1,5,5061,2,3,1,3,Rambaud ( Route De ),44.56140833,6.09648407
202300051026,26,8,2023,2025-12-05 08:45:00,1,93,93005,2,1,1,6,Rue Arthur Chevalier,48.9277422,2.5084138
202300051027,30,10,2023,2025-12-05 08:30:00,1,52,52132,1,1,8,1,D33,48.10915021,5.45051508
202300051028,10,5,2023,2025-12-05 10:00:00,1,75,75106,2,3,3,6,Rue De Sevres,48.84738,2.318213
202300051029,25,8,2023,2025-12-05 23:00:00,5,93,93005,2,2,1,3,Rue Pierre Jouhet / Avenue Berthollet,48.92396784,2.50445095
202300051030,29,10,2023,2025-12-05 23:25:00,3,67,67155,2,1,8,7,166 Route De Strasbourg,48.41099,7.471887
202300051031,10,5,2023,2025-12-05 17:15:00,1,75,75120,2,3,1,3,Rue D Avron,48.851648,2.400558
202300051032,25,8,2023,2025-12-05 20:13:00,1,93,93001,2,4,1,6,Rue De Saint Denis / Chemin Lateral Nord,48.921965,2.374209
202300051033,28,10,2023,2025-12-05 18:25:00,2,3,3265,2,3,1,3,Intersection D55 Et D15,46.468089,3.750093
202300051034,25,8,2023,2025-12-05 00:15:00,5,92,92046,2,2,1,3,Gabriel Peri,48.81955,2.30613
202300051035,10,5,2023,2025-12-05 20:00:00,1,75,75119,2,3,1,6,Avenue De Flandre,48.885735,2.371018
202300051036,26,8,2023,2025-12-05 19:40:00,1,92,92064,2,1,1,3,Carnot,48.8430922,2.22309843
202300051037,30,10,2023,2025-12-05 17:20:00,2,7,7245,2,3,2,3,D86,45.089672,4.817902
202300051038,9,5,2023,2025-12-05 23:30:00,5,75,75119,2,1,3,6,Boulevard De La Villette,48.877075,2.371378
202300051039,29,10,2023,2025-12-05 15:20:00,1,1,1431,2,1,1,7,124 Grande Rue,45.928705,5.354227
202300051040,26,8,2023,2025-12-05 16:30:00,1,92,92033,2,1,2,4,Raymond Poincare,48.83838736,2.17350036
202300051041,9,5,2023,2025-12-05 20:40:00,1,75,75117,2,2,1,6,Boulevard De Courcelles,48.879149,2.303123
202300051042,28,10,2023,2025-12-05 18:05:00,1,69,69194,1,4,1,3,Avenue Ampere,45.84198946,4.79321072
202300051043,24,8,2023,2025-12-05 18:35:00,1,92,92063,2,2,1,3,Bons Raisins (Rue Des),48.87249614,2.19619203
202300051044,10,5,2023,2025-12-05 14:03:00,1,75,75113,2,3,1,3,Quai Francois Mauriac,48.83452,2.37675
202300051045,25,8,2023,2025-12-05 14:48:00,1,92,92040,2,9,1,3,Jean Jacques Rousseau,48.82256,2.25743
202300051046,26,10,2023,2025-12-05 10:30:00,1,33,33023,1,1,2,3,16 Avenue Du Petit Breton,44.695978,-0.486445
202300051047,10,5,2023,2025-12-05 11:10:00,1,75,75113,2,3,2,1,Avenue Boutroux,48.822078,2.374964
202300051048,25,10,2023,2025-12-05 01:15:00,3,33,33272,1,1,2,6,N10,45.07583271,-0.38674638
202300051049,24,8,2023,2025-12-05 17:50:00,1,92,92025,2,1,1,2,A86,48.91832109,2.22386401
202300051050,8,5,2023,2025-12-05 22:15:00,5,75,75113,2,3,1,3,Place Du Docteur Yersin,48.82027,2.371832
202300051051,26,8,2023,2025-12-05 01:40:00,5,92,92012,2,1,1,3,Quatre Septembre (Quai Du),48.85048765,2.2268343
202300051052,30,10,2023,2025-12-05 08:30:00,2,44,44073,1,1,2,1,Adresse_Inconnue,47.448214,-1.651844
202300051053,10,5,2023,2025-12-05 17:30:00,1,75,75112,2,3,1,3,Rue De Charenton,48.840327,2.38819
202300051054,16,10,2023,2025-12-05 17:20:00,1,14,14488,2,1,1,6,67 Rue Des Dunes,49.28523,-0.250191
202300051055,23,8,2023,2025-12-05 09:20:00,1,92,92012,2,1,1,5,Alphonse Le Gallo (Quai) 35/Fin,48.83682025,2.22426116
202300051056,30,10,2023,2025-12-05 06:35:00,3,60,60437,1,1,3,7,D137,49.32487,2.232842
202300051057,25,8,2023,2025-12-05 18:45:00,1,92,92014,2,1,1,6,Condorcet (Place),48.77971496,2.31586118
202300051058,10,5,2023,2025-12-05 13:05:00,1,75,75111,2,4,2,3,Avenue Ledru Rollin,48.85654763,2.3792679
202300051059,10,5,2023,2025-12-05 10:20:00,1,75,75111,2,4,2,6,Boulevard Voltaire,48.855864,2.383275
202300051060,18,10,2023,2025-12-05 17:45:00,1,13,13214,1,1,1,2,A507 Sens Marseille - Aubagne,43.33412,5.377
202300051061,26,8,2023,2025-12-05 08:30:00,1,60,60441,2,9,1,2,Intermarche Super (Supermarche),49.415102,2.64601
202300051062,10,5,2023,2025-12-05 09:20:00,1,75,75108,2,3,3,6,Avenue Hoche,48.874576,2.296947
202300051063,29,10,2023,2025-12-05 15:55:00,1,69,69297,1,1,1,4,Autoroute 7,45.60505067,4.79933057
202300051064,26,8,2023,2025-12-05 11:30:00,1,86,86131,1,1,1,7,D8,46.45487,0.607948
202300051065,10,5,2023,2025-12-05 20:15:00,1,75,75107,2,3,3,6,Quai D Orsay,48.862447,2.306307
202300051066,29,10,2023,2025-12-05 13:30:00,1,91,91468,1,1,1,5,Autoroute A6,48.57319,2.46729
202300051067,25,8,2023,2025-12-05 19:50:00,1,76,76675,1,1,1,3,A151,49.601699,1.04516
202300051068,10,5,2023,2025-12-05 17:20:00,1,94,94074,2,1,2,6,Rue Du Colonel Fabien,48.745463,2.469147
202300051069,29,10,2023,2025-12-05 13:20:00,1,91,91161,1,1,1,4,Autoroute A6,48.71212,2.3072
202300051070,10,5,2023,2025-12-05 15:30:00,1,94,94058,2,9,3,6,Boulevard De La Liberte,48.837699,2.495006
202300051071,27,7,2023,2025-12-05 16:35:00,1,6,6161,2,3,1,3,Avenue Des Maurettes,43.630872,7.12988
202300051072,29,10,2023,2025-12-05 09:30:00,1,94,94034,1,1,3,7,A86,48.75772551,2.3395
202300051073,10,5,2023,2025-12-05 08:30:00,1,94,94058,2,2,2,3,27 Avenue Montaigne,48.83894,2.50829
202300051074,12,8,2023,2025-12-05 17:30:00,1,41,41167,1,6,1,7,D952,47.486962,1.18957
202300051075,27,10,2023,2025-12-05 16:00:00,1,78,78431,1,1,3,2,A13,48.937462,1.959023
202300051076,10,5,2023,2025-12-05 14:42:00,1,94,94079,2,3,2,6,Rue Louis Lenoir,48.82357,2.54235
202300051077,26,8,2023,2025-12-05 17:20:00,1,51,51396,1,1,1,7,Chemin De Vignes,49.049662,3.722466
202300051078,10,5,2023,2025-12-05 19:50:00,1,94,94002,2,2,1,3,Rue Victor Hugo / Rue Jules Guesde,48.80488,2.41664
202300051079,26,7,2023,2025-12-05 17:30:00,1,11,11098,1,1,1,7,Rd 6113,43.188311,2.725417
202300051080,29,10,2023,2025-12-05 16:45:00,1,93,93066,1,1,1,4,Autoroute A1,48.9109,2.35822
202300051081,10,5,2023,2025-12-05 18:51:00,1,93,93059,2,3,1,3,Avenue De La Republique / Rue Jacques Petit,48.96838,2.35978
202300051082,29,10,2023,2025-12-05 13:25:00,1,95,95527,1,1,1,7,A3,48.98559644,2.50361681
202300051083,10,5,2023,2025-12-05 07:50:00,1,93,93070,2,1,3,3,Avenue Michelet,48.909041,2.34427
202300051084,26,8,2023,2025-12-05 05:00:00,3,26,26324,1,9,1,4,Adresse_Inconnue,44.32592552,4.73939896
202300051085,5,5,2023,2025-12-05 16:00:00,1,93,93066,2,2,1,3,Rue De L'Amiral Caillard / Rue De La Justice,48.91363389,2.36294252
202300051086,29,10,2023,2025-12-05 12:15:00,2,93,93008,1,1,2,2,Autoroute A86,48.90615841,2.46109169
202300051087,25,8,2023,2025-12-05 22:10:00,3,68,68253,1,1,2,5,Departementale 39,47.805974,7.485254
202300051088,9,5,2023,2025-12-05 23:40:00,5,93,93039,2,1,3,3,Quai De Seine,48.93404528,2.3409215
202300051089,29,10,2023,2025-12-05 10:50:00,1,95,95018,1,1,2,7,A15,48.95523672,2.27824688
202300051090,25,8,2023,2025-12-05 16:20:00,1,21,21244,1,1,1,7,A6,47.296706,4.504962
202300051091,10,5,2023,2025-12-05 15:10:00,1,93,93008,2,2,2,3,Avenue Louis Aragon / Rue De La Paix,48.9147099,2.44060233
202300051092,29,10,2023,2025-12-05 09:50:00,1,92,92036,1,1,2,4,Autoroute A15,48.93788866,2.29766722
202300051093,25,8,2023,2025-12-05 10:30:00,1,21,21087,1,1,3,6,A6,47.116895,4.707534
202300051094,10,5,2023,2025-12-05 08:07:00,1,93,93048,2,2,3,3,Avenue Gabriel Peri / Avenue Du President Wilson,48.8574855,2.44006292
202300051095,27,8,2023,2025-12-05 02:30:00,3,30,30014,1,1,2,6,D982,44.001107,4.383086
202300051096,28,10,2023,2025-12-05 22:45:00,3,95,95488,1,1,2,6,A15,49.02353885,2.133708
202300051097,10,5,2023,2025-12-05 11:05:00,1,93,93008,2,1,2,3,Avenue Paul Vaillant - Couturier,48.90845803,2.45161772
202300051098,27,8,2023,2025-12-05 10:30:00,1,22,22084,1,1,1,6,Le Val Joli,48.413558,-2.315798
202300051099,9,5,2023,2025-12-05 11:50:00,1,92,92064,2,1,2,6,Jacoulet,48.8480432,2.20717505
202300051100,28,10,2023,2025-12-05 20:10:00,3,95,95488,1,1,2,2,A15,49.02067066,2.13769913
202300051101,26,8,2023,2025-12-05 04:00:00,3,63,63290,1,1,1,6,"A89, Pk 337+700, Axe : Bordeaux/Clermont-Ferrand",45.87187282,2.9018467
202300051102,10,5,2023,2025-12-05 08:20:00,1,92,92051,2,2,2,6,Rouvray (Rue De),48.88752423,2.27859825
202300051103,28,10,2023,2025-12-05 10:25:00,1,93,93007,1,1,1,4,Autoroute A1,48.94686412,2.44246244
202300051104,10,5,2023,2025-12-05 10:20:00,1,92,92044,2,2,2,3,Voltaire(Rue)1A51 Et2A40,48.89164564,2.28357241
202300051105,29,10,2023,2025-12-05 11:40:00,1,94,94073,1,1,1,2,A86,48.769152,2.379201
202300051106,26,8,2023,2025-12-05 04:50:00,3,56,56066,2,1,1,6,6 Rue De Scaer,48.133301,-3.610908
202300051107,9,5,2023,2025-12-05 15:25:00,1,92,92024,2,2,3,6,Georges Boisseau (Rue),48.90628,2.31402
202300051108,27,8,2023,2025-12-05 01:45:00,3,56,56169,2,1,1,6,71 Rue Du Pont-Lorois,47.678127,-3.205198
202300051109,29,10,2023,2025-12-05 06:15:00,3,94,94079,1,1,1,4,A4,48.83472567,2.53708778
202300051110,26,8,2023,2025-12-05 07:00:00,2,59,59647,2,4,3,6,Rue De Saint Omer,50.829801,2.209813
202300051111,29,10,2023,2025-12-05 02:30:00,3,94,94028,1,1,2,6,N406,48.78434995,2.4401287
202300051112,10,5,2023,2025-12-05 16:30:00,1,92,92012,2,1,1,4,Reine (Route De La) 82/Fin - 107Ter/Fin,48.84044417,2.23257691
202300051113,29,10,2023,2025-12-05 00:10:00,3,94,94028,1,1,3,6,A86,48.79694,2.443563
202300051114,10,5,2023,2025-12-05 14:00:00,1,92,92012,2,1,1,6,Belle Feuille (Rue De La),48.83896,2.2427
202300051115,26,8,2023,2025-12-05 11:05:00,1,77,77109,1,1,8,3,D75,48.610831,3.187103
202300051116,31,3,2023,2025-12-05 21:38:00,5,51,51454,2,2,2,3,Rue Bernard Fresson,49.23894,4.01949
202300051117,26,8,2023,2025-12-05 17:35:00,1,67,67513,1,1,1,7,Adresse_Inconnue,48.389279,7.230806
202300051118,29,7,2023,2025-12-05 15:30:00,1,91,91377,2,2,1,3,Rte De La Bonde,48.72046,2.27972
202300051119,10,5,2023,2025-12-05 12:50:00,1,92,92002,2,1,1,3,Adolphe Pajeaud (Rue),48.74533,2.29541
202300051120,30,3,2023,2025-12-05 19:30:00,1,50,50129,2,1,1,2,Joliot Curie (Rue),49.63034,-1.64413
202300051121,25,8,2023,2025-12-05 10:30:00,1,79,79277,1,1,1,7,Adresse_Inconnue,47.087949,-0.213203
202300051122,30,3,2023,2025-12-05 11:40:00,1,49,49007,2,1,1,6,Tarin,47.46817,-0.5452
202300051123,10,5,2023,2025-12-05 09:40:00,1,92,92002,1,3,2,2,Docteur Tenine (Avenue Du),48.76303174,2.31260329
202300051124,19,5,2023,2025-12-05 12:00:00,1,91,91161,1,1,1,3,Autoroute A126,48.71068,2.29967
202300051125,26,8,2023,2025-12-05 20:00:00,3,2A,2A006,1,1,1,1,D81,41.975492,8.780952
202300051126,31,3,2023,2025-12-05 19:30:00,1,42,42218,2,1,1,6,Rue Du Puits De La Loire,45.44402064,4.37486878
202300051127,8,5,2023,2025-12-05 14:00:00,1,60,60563,2,1,1,6,2 Rue Du Transloy,49.363889,2.624507
202300051128,28,8,2023,2025-12-05 20:05:00,1,74,74012,2,2,8,1,Beulet (Rue Du),46.19149,6.2389
202300051129,26,8,2023,2025-12-05 02:45:00,3,82,82148,1,1,1,6,Route De Caussade,44.244277,1.61322
202300051130,11,5,2023,2025-12-05 11:05:00,1,60,60242,1,1,1,7,D901,49.59088081,1.9561448
202300051131,31,3,2023,2025-12-05 20:00:00,2,42,42187,2,6,2,3,Rue Joanny Auge,46.03984,4.05227
202300051132,23,8,2023,2025-12-05 21:15:00,3,11,11124,1,1,1,7,Adresse_Inconnue,42.988828,2.827574
202300051133,27,8,2023,2025-12-05 22:46:00,5,74,74010,2,1,1,2,Croisee (De La),45.8956,6.1118
202300051134,10,5,2023,2025-12-05 22:25:00,3,1,1207,1,3,1,7,D904,45.986522,4.987471
202300051135,23,3,2023,2025-12-05 16:14:00,1,38,38185,2,1,1,6,Rue De Stalingrad,45.17146,5.72424
202300051136,27,8,2023,2025-12-05 02:00:00,5,74,74118,2,1,3,1,Deportes (Route Des ),46.18235,6.23041
202300051137,11,5,2023,2025-12-05 15:50:00,1,6,6149,2,1,1,2,7045 Route De Laghet,43.751071,7.382122
202300051138,25,8,2023,2025-12-05 18:15:00,2,71,71016,1,4,8,3,Route De Peronne,46.438894,4.767106
202300051139,31,3,2023,2025-12-05 11:45:00,1,37,37261,2,1,1,3,Daniel Mayer,47.41878,0.70082
202300051140,25,8,2023,2025-12-05 21:50:00,3,61,61142,1,1,1,6,D955,48.363235,0.640511
202300051141,28,10,2023,2025-12-05 13:20:00,1,976,97611,2,1,1,3,Mamoudzou Centre-Commandant Passot (Plac,-12.77878,45.2322
202300051142,10,5,2023,2025-12-05 07:41:00,1,22,22370,1,1,8,1,La Grande Tournee,48.66352,-3.025451
202300051143,28,10,2023,2025-12-05 11:20:00,1,974,97416,1,1,7,7,Pere Maitre(Rue Du),-21.284388,55.466943
202300051144,31,3,2023,2025-12-05 19:19:00,1,33,33063,2,2,1,3,Rue Cornac,44.85089,-0.57183
202300051145,26,8,2023,2025-12-05 22:15:00,5,42,42177,2,2,1,3,Rue De La Republique,46.14296679,4.1083183
202300051146,10,5,2023,2025-12-05 15:14:00,1,69,69046,2,3,1,1,46 Rue Des Gobins,45.649148,4.793483
202300051147,28,10,2023,2025-12-05 07:45:00,1,974,97416,1,9,1,1,Bassin Plat(Chemin),-21.33355,55.49891
202300051148,26,8,2023,2025-12-05 17:30:00,1,42,42029,2,1,1,6,Rue Pasteur,45.838304,4.269192
202300051149,31,3,2023,2025-12-05 18:00:00,1,33,33063,2,1,1,6,Cours Charles Bricaud,44.89305,-0.56562
202300051150,10,5,2023,2025-12-05 18:00:00,1,972,97214,2,1,1,7,Crochemort,14.832376,-61.051364
202300051151,28,10,2023,2025-12-05 05:30:00,5,69,69386,2,1,1,1,Rue Duguesclin,45.77138,4.84683
202300051152,31,3,2023,2025-12-05 14:50:00,1,33,33200,2,1,1,2,Avenue Du Medoc,44.89525,-0.66924
202300051153,28,10,2023,2025-12-05 21:22:00,4,2B,2B120,2,1,1,3,Lagune (Route De La) D107,42.6544,9.44571
202300051154,3,12,2023,2025-12-05 00:35:00,4,45,45302,2,1,1,6,2954 Ancienne Route De Chartres,47.95557,1.87813
202300051155,10,5,2023,2025-12-05 07:15:00,1,972,97210,2,1,1,1,"Rn6, La Martienne",14.615302,-60.911352
202300051156,25,8,2023,2025-12-05 17:45:00,1,47,47119,1,1,1,6,Pk 9 D154 - Lieu Dit La Gumieche,44.191728,0.069566
202300051157,28,11,2023,2025-12-05 16:35:00,1,35,35115,2,1,1,2,Cointat (Bd Michel),48.34646,-1.18403
202300051158,9,5,2023,2025-12-05 07:00:00,1,972,97204,1,1,1,7,Rn2 Pk 024+500,14.699076,-61.17578
202300051159,27,10,2023,2025-12-05 15:50:00,1,971,97101,1,3,2,6,L'Assainissement (Rue De),16.24481,-61.53037
202300051160,30,3,2023,2025-12-05 18:20:00,1,33,33281,2,1,1,4,Avenue De Verdun,44.83933,-0.62988
202300051161,26,8,2023,2025-12-05 22:45:00,3,86,86039,1,1,1,6,N10,46.262228,0.170472
202300051162,2,12,2023,2025-12-05 22:40:00,5,34,34172,2,2,1,1,Croix Capitaine (Avenue De La),43.60281,3.86366
202300051163,10,6,2023,2025-12-05 23:00:00,5,70,70550,2,2,1,3,Allies (Boulevard Des),47.61708,6.1606
202300051164,26,8,2023,2025-12-05 10:40:00,1,39,39290,1,1,2,6,Adresse_Inconnue,46.428219,5.598925
202300051165,28,10,2023,2025-12-05 07:50:00,5,95,95539,2,2,1,1,D125,48.99158,2.36027
202300051166,30,3,2023,2025-12-05 18:10:00,1,33,33063,2,3,1,3,Cours De Verdun,44.84716,-0.5767
202300051167,10,5,2023,2025-12-05 17:20:00,1,83,83086,1,1,1,5,D 125,43.45795,6.557969
202300051168,12,6,2023,2025-12-05 18:20:00,1,69,69266,2,1,1,6,Rue Antoine Primat,45.75827,4.89919
202300051169,28,11,2023,2025-12-05 14:41:00,1,33,33281,2,1,1,2,Avenue Francois Mitterrand,44.81962,-0.65301
202300051170,25,8,2023,2025-12-05 00:15:00,3,29,29279,1,1,1,6,D58,48.59669418,-3.88880253
202300051171,8,5,2023,2025-12-05 15:10:00,1,11,11098,1,1,1,6,Rd 6113,43.188102,2.723386
202300051172,28,10,2023,2025-12-05 06:55:00,5,95,95555,1,2,2,3,D470,48.9732,2.27606
202300051173,1,12,2023,2025-12-05 16:50:00,2,33,33063,2,1,2,3,Rue Marcel Sembat,44.83554,-0.5481
202300051174,12,6,2023,2025-12-05 08:40:00,1,69,69029,2,2,1,3,Avenue Pierre Mendes France,45.72184,4.91434
202300051175,26,8,2023,2025-12-05 14:35:00,1,29,29024,2,1,1,6,17 Avenue Victor Hugo,48.277287,-3.558973
202300051176,11,5,2023,2025-12-05 15:20:00,1,1,1353,2,1,1,1,Route De Reyrieux,45.948658,4.808514
202300051177,28,10,2023,2025-12-05 23:16:00,5,95,95323,2,1,3,6,Oise (Boulevard De L'),49.01465,2.02622
202300051178,11,6,2023,2025-12-05 19:00:00,1,69,69259,2,1,1,3,Boulevard Irene Joliot Curie,45.72045,4.87472
202300051179,29,3,2023,2025-12-05 08:12:00,1,14,14487,1,1,1,1,11 Route De Manerbe,49.178754,0.204504
202300051180,10,5,2023,2025-12-05 19:07:00,1,59,59579,1,1,1,7,5 Route Du Village,50.95531,2.365552
202300051181,26,8,2023,2025-12-05 18:50:00,1,31,31399,2,9,1,1,Route De Toulouse,43.358449,1.274731
202300051182,10,5,2023,2025-12-05 16:20:00,1,26,26333,2,1,1,6,Chemin Des Druides,45.194997,4.816427