num_acc,jour,mois,an,hrmn,lum,dep,com,agg,int,atm,col,adr,lat,long
202300051183,11,6,2023,2025-12-05 13:05:00,1,66,66136,2,6,1,3,Adresse_Inconnue,42.67851,2.88088
202300051184,31,3,2023,2025-12-05 22:00:00,3,13,13103,1,3,1,3,Rn 113,43.64,5.03
202300051185,2,12,2023,2025-12-05 15:25:00,1,27,27306,2,1,1,6,Caravelles (Rue Des),49.00862,1.16984
202300051186,9,6,2023,2025-12-05 17:24:00,1,66,66136,2,1,1,2,Adresse_Inconnue,42.68094,2.881711
202300051187,26,8,2023,2025-12-05 15:15:00,1,2,2607,1,1,1,1,Adresse_Inconnue,49.335141,3.26456
202300051188,2,12,2023,2025-12-05 19:50:00,5,25,25056,2,1,1,6,Fluttes Agasses Rue Des,47.25995,6.03364
202300051189,11,5,2023,2025-12-05 12:05:00,1,62,62698,1,1,1,5,Rd901,50.509387,1.764207
202300051190,29,10,2023,2025-12-05 21:55:00,5,91,91425,2,2,2,3,Rte D Orleans Rn 20,48.63984,2.26807
202300051191,3,5,2023,2025-12-05 18:40:00,1,62,62186,2,1,1,3,D165,50.4452248,2.72314918
202300051192,11,5,2023,2025-12-05 14:30:00,1,4,4033,1,1,1,6,D900,44.452075,6.374736
202300051193,31,3,2023,2025-12-05 15:50:00,1,13,13213,2,1,1,5,Chateau Gombert Chemin,43.34599102,5.42532496
202300051194,1,12,2023,2025-12-05 17:00:00,5,25,25056,2,1,2,6,Montarmots Chemin Des,47.260767,6.027548
202300051195,25,8,2023,2025-12-05 20:30:00,2,2,2027,2,1,1,1,31 Rue Ernest Lavisse,49.691242,3.559999
202300051196,8,6,2023,2025-12-05 18:34:00,1,61,61169,1,1,1,1,D217 Pr1+270,48.726512,-0.592546
202300051197,31,3,2023,2025-12-05 03:30:00,5,13,13208,2,1,1,7,Pompidou (Promenade),43.26579,5.3729
202300051198,3,12,2023,2025-12-05 00:15:00,4,22,22360,2,1,1,3,Mendes France (Avenue Pierre),48.49028,-2.76778
202300051199,27,10,2023,2025-12-05 16:20:00,1,84,84031,1,6,1,3,D942,44.04659,5.02439
202300051200,27,8,2023,2025-12-05 07:40:00,2,15,15187,2,1,1,1,Rd 679,45.041387,3.085271
202300051201,10,6,2023,2025-12-05 20:40:00,1,59,59122,2,3,1,3,Marcoing (Rue De),50.16889,3.22895
202300051202,1,12,2023,2025-12-05 18:30:00,5,14,14366,2,1,1,7,86 Rue Fournet,49.13481,0.2266
202300051203,15,7,2023,2025-12-05 17:50:00,1,11,11367,1,1,2,6,D629,43.394337,2.126048
202300051204,9,5,2023,2025-12-05 06:00:00,2,41,41258,1,1,2,3,D976,47.312377,1.330832
202300051205,29,10,2023,2025-12-05 00:30:00,5,78,78372,2,3,2,2,Versailles (Route De),48.875683,2.103384
202300051206,30,3,2023,2025-12-05 20:00:00,2,13,13213,2,3,1,5,Albert Einstein (Rue),43.3372,5.43539
202300051207,1,12,2023,2025-12-05 21:00:00,5,13,13106,1,1,2,6,Bedoule (Chemin De La),43.38862,5.35215
202300051208,11,6,2023,2025-12-05 15:05:00,1,57,57306,2,1,1,6,Cd 13,49.32997934,6.07443094
202300051209,15,7,2023,2025-12-05 00:20:00,3,60,60403,1,1,1,6,D133,49.49857,2.005262
202300051210,10,5,2023,2025-12-05 16:36:00,1,41,41166,1,1,8,7,Le Gros Buisson,47.408616,1.378518
202300051211,26,8,2023,2025-12-05 10:30:00,1,15,15192,1,1,1,1,N122,45.069714,2.718851
202300051212,28,3,2023,2025-12-05 16:30:00,1,13,13028,2,9,1,6,Guerin (Boulevard),43.17512,5.60518
202300051213,9,6,2023,2025-12-05 16:20:00,1,57,57672,1,1,1,2,Oeutrange (Route D'),49.39735,6.11434
202300051214,2,12,2023,2025-12-05 19:15:00,5,13,13208,2,1,1,2,Jean Mermoz (Rue),43.27598,5.3869
202300051215,10,5,2023,2025-12-05 22:15:00,3,86,86014,1,1,1,2,D749,46.742566,0.55408
202300051216,16,7,2023,2025-12-05 18:35:00,1,60,60403,2,3,1,6,2 Rue Ferdinand Buisson,49.502569,1.996384
202300051217,27,10,2023,2025-12-05 18:25:00,3,78,78372,1,2,3,5,Plantes (Chemin Des),48.854185,2.083718
202300051218,26,8,2023,2025-12-05 05:40:00,3,1,1188,1,3,1,7,D66A,46.187377,4.84849
202300051219,2,12,2023,2025-12-05 09:30:00,1,13,13214,2,1,1,6,Maison Blan (Boulevard),43.32922,5.37408
202300051220,29,3,2023,2025-12-05 14:15:00,1,10,10081,1,9,1,2,Rocade Est (Rd 610),48.30799,4.02227
202300051221,9,6,2023,2025-12-05 22:10:00,1,56,56121,2,2,1,3,Poissonniere (Rue),47.74614,-3.35907
202300051222,16,7,2023,2025-12-05 00:30:00,3,86,86258,1,2,1,6,Rue De Bonnoy,46.798612,0.416375
202300051223,9,5,2023,2025-12-05 19:15:00,2,68,68120,1,1,3,1,D12B,47.517599,7.482011
202300051224,28,10,2023,2025-12-05 09:50:00,1,77,77131,2,1,8,6,Morin (Rue Du),48.80277,3.0961
202300051225,26,8,2023,2025-12-05 20:30:00,3,1,1138,1,1,3,6,D992,45.857798,5.799405
202300051226,26,3,2023,2025-12-05 03:30:00,3,4,4112,1,1,1,7,Foucault(Chemin Leon),43.84534,5.83366
202300051227,11,6,2023,2025-12-05 15:00:00,1,56,56098,2,9,1,3,Kesler-Devillers ( Av. ),47.76828,-3.3436
202300051228,1,12,2023,2025-12-05 16:00:00,1,13,13002,2,1,2,5,Des Termes (Route) Rd 908,43.38416479,5.55515638
202300051229,16,7,2023,2025-12-05 16:35:00,1,85,85143,1,1,1,6,Rd65,46.530655,-0.738945
202300051230,11,5,2023,2025-12-05 04:30:00,3,68,68377,2,1,1,6,D419,47.622038,7.272831
202300051231,26,8,2023,2025-12-05 06:15:00,2,70,70142,1,1,1,7,D 21 Grande Rue,47.296189,5.629367
202300051232,28,10,2023,2025-12-05 14:30:00,1,76,76216,2,1,2,2,A150,49.455,1.052
202300051233,11,6,2023,2025-12-05 13:10:00,1,54,54578,2,1,1,3,Boulevard D'Haussonville,48.67485494,6.16324157
202300051234,11,5,2023,2025-12-05 10:00:00,1,39,39478,2,1,1,6,Rue Gambetta,46.386854,5.865893
202300051235,31,3,2023,2025-12-05 16:30:00,1,75,75119,2,1,1,2,Porte De La Villette,48.900433,2.386158
202300051236,1,12,2023,2025-12-05 11:40:00,1,12,12089,1,1,2,3,D963,44.58709407,2.24861294
202300051237,26,8,2023,2025-12-05 18:30:00,1,72,72309,2,9,8,3,D106,48.31063213,-0.06907225
202300051238,9,7,2023,2025-12-05 14:25:00,1,41,41194,2,3,1,2,54 Avenue De Blois,47.365299,1.726553
202300051239,29,10,2023,2025-12-05 02:10:00,5,72,72181,2,1,2,6,Port (Rue Du),48.0027,0.19342
202300051240,12,6,2023,2025-12-05 16:40:00,1,53,53130,2,1,1,3,Rue Josephine Baker,48.08093,-0.79359
202300051241,11,5,2023,2025-12-05 15:00:00,1,66,66124,2,3,1,3,Adresse_Inconnue,42.50265,2.048993
202300051242,31,3,2023,2025-12-05 11:45:00,1,75,75113,2,1,1,2,Porte D Ivry,48.820004,2.374225
202300051243,1,12,2023,2025-12-05 23:25:00,5,11,11069,2,6,2,2,36 Avenue Du Marechal Juin,43.2126,2.37167
202300051244,25,8,2023,2025-12-05 17:34:00,1,72,72228,1,1,1,1,D8,47.832892,-0.194739
202300051245,15,7,2023,2025-12-05 15:30:00,1,2A,2A278,1,1,1,1,D420,41.764638,9.089491
202300051246,11,6,2023,2025-12-05 20:20:00,1,51,51454,2,1,1,1,Vignoble (Allee),49.21448,4.01385
202300051247,27,8,2023,2025-12-05 04:15:00,3,14,14578,1,1,2,7,Route De Trouville,49.357529,0.162005
202300051248,31,3,2023,2025-12-05 08:35:00,1,75,75116,2,1,1,7,Port D Auteuil,48.846575,2.254875
202300051249,28,10,2023,2025-12-05 20:45:00,5,72,72181,2,1,3,1,Clemenceau Georges ( Bd) Ndeg Imp,47.97896,0.21466
202300051250,10,5,2023,2025-12-05 18:30:00,2,18,18138,1,2,1,2,Adresse_Inconnue,47.079445,2.303867
202300051251,2,12,2023,2025-12-05 19:20:00,5,6,6088,2,2,1,6,Vauban (R. Marechal),43.7117,7.28522
202300051252,11,6,2023,2025-12-05 15:30:00,1,51,51454,2,1,1,6,Saint Fiacre (Rue),49.24172,4.03073
202300051253,10,5,2023,2025-12-05 10:45:00,1,53,53245,1,1,2,7,Chemin De Bel Air,48.30926,-1.066387
202300051254,26,8,2023,2025-12-05 14:55:00,1,50,50487,2,1,8,1,Rue Du Moulin,48.502339,-1.39683
202300051255,16,7,2023,2025-12-05 17:55:00,1,41,41256,1,1,1,5,Autoroute A71 Pk 172+600 Sens 2,47.283363,2.0435
202300051256,28,10,2023,2025-12-05 18:07:00,1,72,72181,2,1,2,2,Brossolette Pierre (Bd) Ndeg Imp,47.97884,0.20522
202300051257,10,6,2023,2025-12-05 11:45:00,1,51,51454,2,3,1,3,Epernay (Avenue D') Cote Pair,49.23414,4.01406
202300051258,30,3,2023,2025-12-05 15:00:00,1,75,75116,2,1,2,4,Porte Maillot,48.869784,2.271684
202300051259,7,5,2023,2025-12-05 09:40:00,1,21,21008,1,2,2,3,Chemin De Meplan,47.534682,4.481843
202300051260,17,7,2023,2025-12-05 11:30:00,1,28,28278,1,6,1,3,D910,48.455776,1.542986
202300051261,2,12,2023,2025-12-05 22:30:00,5,6,6004,2,1,1,5,Chancel Bd,43.5791,7.11795
202300051262,12,6,2023,2025-12-05 19:30:00,1,47,47001,2,3,1,3,Dumon (Bd Sylvain),44.20795,0.62079
202300051263,29,3,2023,2025-12-05 12:50:00,1,75,75112,2,1,1,2,Boulevard Peripherique,48.827466,2.392312
202300051264,28,10,2023,2025-12-05 11:15:00,1,69,69266,2,2,8,3,Cours Docteur Jean Damidot,45.76181,4.88472
202300051265,27,8,2023,2025-12-05 12:50:00,1,64,64155,1,1,3,2,Rd 933,43.182649,-1.176723
202300051266,11,5,2023,2025-12-05 11:50:00,1,27,27620,1,1,1,7,Vc106,49.292609,0.500736
202300051267,12,6,2023,2025-12-05 10:20:00,1,45,45234,2,1,1,6,Avenue De Paris,47.91585,1.90274
202300051268,16,7,2023,2025-12-05 19:00:00,1,85,85017,1,1,6,3,Rd23,46.897584,-1.065205
202300051269,1,12,2023,2025-12-05 08:30:00,1,75,75112,2,1,1,4,Bd Peripherique Interieur,48.846538,2.414356
202300051270,27,10,2023,2025-12-05 08:45:00,1,69,69266,2,8,2,6,Boulevard Honore De Balzac,45.75451,4.88495
202300051271,26,8,2023,2025-12-05 21:40:00,5,73,73255,2,1,2,6,D74 - 1160 Route De L'Aura,45.334451,6.30616
202300051272,10,5,2023,2025-12-05 10:40:00,1,17,17050,1,2,1,3,D2,45.473806,-0.616034
202300051273,30,3,2023,2025-12-05 20:10:00,2,75,75120,2,4,2,3,Rue Des Pyrenees,48.857368,2.40413
202300051274,16,7,2023,2025-12-05 16:39:00,1,22,22020,1,1,1,1,Cd 793,48.291638,-2.28138
202300051275,10,6,2023,2025-12-05 14:10:00,1,40,40281,1,1,1,5,Rocade Sud Rd 824,43.872,-0.519
202300051276,24,8,2023,2025-12-05 00:50:00,3,36,36200,1,1,1,6,Adresse_Inconnue,46.61892697,1.53248549
202300051277,28,10,2023,2025-12-05 19:55:00,5,69,69259,1,1,1,6,3 Rue Pierre Timbaud,45.69192,4.90161
202300051278,30,11,2023,2025-12-05 13:52:00,1,75,75106,2,3,1,3,Rue De Seine,48.854513,2.336887
202300051279,12,6,2023,2025-12-05 14:50:00,1,38,38185,2,1,1,6,Rue Felix Esclangon,45.19051,5.70452
202300051280,31,3,2023,2025-12-05 18:30:00,1,75,75119,2,3,1,6,Avenue Mathurin Moreau,48.87856,2.375442
202300051281,10,5,2023,2025-12-05 18:00:00,1,37,37226,2,6,1,3,Route De Sepmes,47.105799,0.616516
202300051282,25,8,2023,2025-12-05 19:50:00,2,7,7122,1,1,3,7,Chemin Du Gay,44.570239,4.368407
202300051283,15,7,2023,2025-12-05 14:00:00,1,56,56040,1,1,1,2,Lieu-Dit Kerlebert,47.867653,-3.34156
202300051284,27,10,2023,2025-12-05 17:30:00,1,65,65440,2,4,1,3,Rue Massey,43.23476263,0.07382794
202300051285,2,12,2023,2025-12-05 17:45:00,5,75,75118,2,1,1,3,Boulevard De Rochechouart,48.883646,2.347809
202300051286,10,5,2023,2025-12-05 23:00:00,3,60,60009,1,1,1,2,"Autoroute A16, Pk 069.642 Sens Paris-Boulogne",49.40682,2.126498
202300051287,27,8,2023,2025-12-05 07:00:00,1,4,4110,2,1,2,7,Avenue Du 14 Juillet 1789,44.045702,6.132109
202300051288,12,6,2023,2025-12-05 12:40:00,1,37,37261,2,2,1,6,Grammont (Avenue De),47.38411,0.69152
202300051289,30,3,2023,2025-12-05 21:45:00,5,75,75113,2,2,2,3,Boulevard Vincent Auriol,48.83331631,2.36365914
202300051290,16,7,2023,2025-12-05 17:56:00,1,2B,2B341,1,1,1,3,Ruda D143,42.229931,9.18972
202300051291,10,6,2023,2025-12-05 18:50:00,1,36,36202,1,1,1,7,Route De Niherne,46.86480315,1.62569532
202300051292,29,10,2023,2025-12-05 00:10:00,5,64,64445,2,3,1,3,14 Juillet Du,43.29004,-0.37931
202300051293,2,12,2023,2025-12-05 12:40:00,1,75,75116,2,2,1,6,Rue De Passy,48.858521,2.284571
202300051294,6,5,2023,2025-12-05 11:50:00,1,67,67488,1,4,1,3,Autoroute A4  - Pk 408+250 - Vers Strasbourg (67),48.915421,7.121179
202300051295,26,8,2023,2025-12-05 15:20:00,1,85,85096,2,3,1,7,Rd 32C,46.89051,-1.843879
202300051296,31,3,2023,2025-12-05 13:00:00,1,75,75114,2,1,6,2,Rue Gazan,48.821566,2.341
202300051297,17,7,2023,2025-12-05 17:35:00,1,2B,2B319,1,1,1,1,Penticchie,42.43098,9.523349
202300051298,12,6,2023,2025-12-05 15:20:00,1,33,33063,2,2,1,3,Rue Pasteur,44.8473,-0.6229
202300051299,2,12,2023,2025-12-05 12:05:00,1,75,75114,2,2,1,6,Rue Pierre Castagnou,48.832442,2.325891
202300051300,10,5,2023,2025-12-05 21:50:00,3,17,17053,1,1,8,2,A837,45.897285,-0.754661
202300051301,28,10,2023,2025-12-05 07:20:00,5,64,64348,1,3,2,6,Lacs Des,43.30614,-0.42325
202300051302,25,8,2023,2025-12-05 15:30:00,1,85,85182,1,1,1,6,D960B,46.785578,-0.811716
202300051303,14,7,2023,2025-12-05 22:50:00,5,80,80333,2,1,2,6,Avenue De La Plage,50.339546,1.560467
202300051304,31,3,2023,2025-12-05 08:30:00,1,75,75114,2,3,1,6,Avenue Du Maine,48.83146361,2.32536793
202300051305,12,6,2023,2025-12-05 06:00:00,2,33,33063,2,2,1,3,Rue Joseph Brunet,44.87839,-0.54373
202300051306,25,8,2023,2025-12-05 19:30:00,1,85,85146,2,2,7,3,Rd 763,46.979619,-1.307722
202300051307,2,12,2023,2025-12-05 01:45:00,5,75,75114,2,3,1,3,Rue Vercingetorix,48.832105,2.31047
202300051308,28,10,2023,2025-12-05 14:45:00,1,62,62193,2,2,1,6,Place D'Armes,50.95993,1.85131
202300051309,11,6,2023,2025-12-05 02:30:00,5,33,33063,2,3,1,7,Avenue Thiers,44.8494,-0.54468
202300051310,16,7,2023,2025-12-05 15:50:00,1,71,71204,2,6,1,1,D19,46.820124,4.850823
202300051311,28,4,2023,2025-12-05 10:00:00,1,38,38401,1,1,1,4,A43,45.56033475,5.41262647
202300051312,30,3,2023,2025-12-05 17:20:00,1,75,75114,2,3,1,3,Avenue Du General Leclerc,48.83325,2.331537
202300051313,25,8,2023,2025-12-05 08:15:00,2,27,27108,1,2,8,3,D926,48.746041,0.818374
202300051314,28,10,2023,2025-12-05 19:50:00,5,60,60175,2,1,3,6,Boulevard Jean Biondi,49.25322,2.47194
202300051315,12,6,2023,2025-12-05 02:40:00,5,29,29232,2,1,1,6,Avenue Pierre Mendes-France,47.97938,-4.12145
202300051316,1,12,2023,2025-12-05 17:55:00,5,75,75114,2,3,1,2,Boulevard De Port Royal,48.839242,2.338342
202300051317,25,8,2023,2025-12-05 09:32:00,1,28,28089,1,1,2,6,Route Du Mans,48.575844,1.233763
202300051318,10,5,2023,2025-12-05 05:00:00,2,971,97107,2,1,1,6,Sainte Marie,16.10596,-61.565317
202300051319,30,3,2023,2025-12-05 23:30:00,5,75,75109,2,1,2,2,Rue Saint Lazare,48.876867,2.338342
202300051320,15,7,2023,2025-12-05 18:33:00,2,71,71522,1,2,3,3,Route Du Taillet,46.610664,4.954257
202300051321,28,10,2023,2025-12-05 22:15:00,5,57,57660,2,3,2,3,Nationale(Rue)Limite Forbach/Rue St Alic,49.1927,6.91425
202300051322,12,6,2023,2025-12-05 17:35:00,1,29,29039,1,6,1,3,Giratoire De Kervinou,47.86235424,-3.88869881
202300051323,2,12,2023,2025-12-05 16:15:00,1,75,75112,2,2,1,6,Avenue Daumesnil,48.84664,2.376727
202300051324,11,5,2023,2025-12-05 01:40:00,3,34,34151,1,1,1,1,Rd61,43.641541,4.138241
202300051325,31,3,2023,2025-12-05 15:45:00,1,75,75103,2,4,2,7,Rue De Turbigo,48.86626,2.359742
202300051326,26,8,2023,2025-12-05 14:55:00,1,48,48097,1,1,8,1,St Roman De Tousque,44.150851,3.763547
202300051327,28,10,2023,2025-12-05 15:24:00,1,54,54395,2,1,1,3,Boulevard Du 26E Regiment D'Infanterie,48.69891,6.18777
202300051328,16,7,2023,2025-12-05 03:30:00,3,76,76507,2,1,1,6,D49,50.039405,1.44437
202300051329,13,5,2023,2025-12-05 09:35:00,1,24,24037,2,6,1,3,Taine (Rue Hippolyte),44.84848,0.48402
202300051330,6,5,2023,2025-12-05 11:30:00,1,84,84105,1,1,1,3,D48,43.866419,5.414178
202300051331,31,3,2023,2025-12-05 13:00:00,1,94,94038,2,1,2,6,Rue De Chevilly,48.776088,2.342291
202300051332,27,10,2023,2025-12-05 11:50:00,1,51,51454,2,1,1,7,Val De Vesle (Boulevard),49.22648,4.09156
202300051333,2,12,2023,2025-12-05 14:15:00,1,75,75112,2,2,1,3,Route De La Ferme,48.823774,2.457631
202300051334,26,8,2023,2025-12-05 12:55:00,1,8,8185,1,1,1,1,Route Departementale 8051 - Pr28,49.987849,4.678588
202300051335,17,7,2023,2025-12-05 00:55:00,5,47,47052,2,1,1,6,Rue Des Abeilles,44.314384,0.079082
202300051336,11,5,2023,2025-12-05 09:00:00,1,83,83027,1,1,7,1,Chemin De L?Argile,43.185254,5.761428
202300051337,11,6,2023,2025-12-05 19:30:00,1,18,18279,2,3,1,1,Route Du Petit Rateau,47.23422,2.09646
202300051338,29,10,2023,2025-12-05 02:10:00,5,49,49007,2,1,1,2,Daviers Boulevard,47.47932,-0.56001
202300051339,31,3,2023,2025-12-05 08:49:00,1,94,94054,2,2,1,3,Rue Des Aubepines / Avenue Henri Barbusse,48.74303501,2.38871312
202300051340,16,7,2023,2025-12-05 07:00:00,1,47,47188,1,1,1,6,767 Route De Maurillac,44.581615,0.46377
202300051341,2,12,2023,2025-12-05 08:05:00,1,75,75112,2,1,1,2,Quai De La Rapee,48.844722,2.36775
202300051342,25,8,2023,2025-12-05 15:55:00,1,10,10380,1,1,1,2,A26,48.543461,4.188323
202300051343,10,5,2023,2025-12-05 17:00:00,2,6,6146,1,1,2,6,Rm 2205,43.931404,7.177849
202300051344,30,3,2023,2025-12-05 13:10:00,1,94,94018,2,3,1,6,Avenue De La Liberte / Rue De L'Archeveche,48.82359179,2.40438715
202300051345,11,5,2023,2025-12-05 08:50:00,1,13,13072,2,1,1,6,Adresse_Inconnue,43.4486,5.639226
202300051346,28,10,2023,2025-12-05 19:40:00,5,41,41018,2,9,2,2,Fenelon (Rue),47.58707,1.31556
202300051347,16,7,2023,2025-12-05 02:50:00,3,68,68176,2,1,2,7,Rue De Seppois,47.559174,7.186587
202300051348,2,12,2023,2025-12-05 01:23:00,5,75,75108,2,1,1,5,Cours Albert 1Er,48.864507,2.30514
202300051349,26,8,2023,2025-12-05 17:00:00,1,42,42243,1,1,1,6,A89,45.860966,3.994045
202300051350,9,6,2023,2025-12-05 17:40:00,1,14,14366,2,1,1,3,17 Rue Du Pre D'Auge,49.14367,0.215123
202300051351,30,3,2023,2025-12-05 13:51:00,1,94,94017,2,1,2,6,Avenue Jacques Copeau,48.82603,2.51543
202300051352,17,7,2023,2025-12-05 08:25:00,1,68,68155,2,6,1,3,Route De Colmar,48.094441,7.30571
202300051353,28,10,2023,2025-12-05 13:40:00,1,37,37261,2,1,2,3,De Gaulle (Avenue Du General),47.38043,0.69741
202300051354,31,3,2023,2025-12-05 17:00:00,1,93,93066,2,1,1,6,Rue De La Garenne,48.942257,2.384998
202300051355,9,6,2023,2025-12-05 16:08:00,1,30,30032,2,1,1,6,Casino Allee,43.80829,4.64757
202300051356,2,12,2023,2025-12-05 03:11:00,5,75,75107,2,1,1,5,Quai D Orsay,48.862884,2.317921
202300051357,8,5,2023,2025-12-05 11:30:00,1,21,21606,1,2,1,1,Route Nationale 74,47.064202,4.867383
202300051358,16,7,2023,2025-12-05 21:20:00,3,25,25160,1,1,1,6,Cd 437 Pk58+000,47.030179,6.499014
202300051359,31,3,2023,2025-12-05 16:25:00,1,93,93051,2,1,1,6,Avenue Montaigne,48.842815,2.541318
202300051360,16,7,2023,2025-12-05 02:15:00,3,35,35049,2,1,1,6,Rue De La Ville-Ballet,48.67051,-1.866796
202300051361,27,10,2023,2025-12-05 16:10:00,1,37,37261,2,8,2,3,France (Place Anatole),47.39697,0.68613
202300051362,12,6,2023,2025-12-05 09:00:00,1,13,13215,2,1,1,1,Padouane (Bd De La ),43.35333812,5.36906727
202300051363,2,12,2023,2025-12-05 02:40:00,5,94,94052,2,1,1,6,1 Avenue Du Val De Beaute,48.832474,2.477199
202300051364,11,5,2023,2025-12-05 16:15:00,1,68,68317,2,3,2,3,17 Route De La Schlucht,48.062803,7.103321
202300051365,31,3,2023,2025-12-05 09:45:00,1,93,93048,2,3,1,6,Boulevard Aristide Briand / Passage Des Ecoles,48.87412,2.45438
202300051366,27,8,2023,2025-12-05 07:10:00,2,67,67162,1,1,5,2,Autoroute A4 - Pk447+250,48.769647,7.482837
202300051367,28,10,2023,2025-12-05 15:30:00,1,34,34003,2,1,1,3,Cassin (J18 A I20,43.30689,3.49321
202300051368,16,7,2023,2025-12-05 23:15:00,3,29,29197,1,1,1,1,Route De Kerfendal - Kerglogay,48.006463,-4.476607
202300051369,12,6,2023,2025-12-05 00:35:00,5,13,13208,2,1,1,3,Mendes France (Avenue),43.2535016,5.37595755
202300051370,8,5,2023,2025-12-05 16:55:00,1,67,67010,1,4,2,7,Route Departementale 253,48.381623,7.429419
202300051371,31,3,2023,2025-12-05 18:36:00,1,92,92078,2,3,2,6,Gallieni (Bd) (126 Et 152),48.93557,2.332947
202300051372,2,12,2023,2025-12-05 15:25:00,1,94,94041,2,9,1,3,Rue Ampere,48.80806512,2.40212883
202300051373,28,10,2023,2025-12-05 10:15:00,1,33,33063,2,1,8,7,Daney (Bd Alfred),44.87205,-0.56121
202300051374,25,8,2023,2025-12-05 19:00:00,1,6,6088,1,1,1,2,"A8, Pk 186.500 Chaussee Nord",43.674336,7.197847
202300051375,10,5,2023,2025-12-05 17:10:00,1,67,67118,1,1,1,6,Rue Jean Monnet,48.588765,7.687361
202300051376,31,3,2023,2025-12-05 10:30:00,1,92,92075,2,2,1,7,Jean Bleuzen,48.82413868,2.29806773
202300051377,12,6,2023,2025-12-05 01:55:00,5,13,13208,2,1,1,3,Goudes (Chemin Des),43.22801,5.3497
202300051378,16,7,2023,2025-12-05 00:30:00,5,31,31430,1,2,8,3,D817,43.100889,0.6059
202300051379,2,12,2023,2025-12-05 16:00:00,1,94,94028,2,1,1,2,Rue Maurice Utrillo,48.78131,2.45969
202300051380,28,10,2023,2025-12-05 11:06:00,1,33,33039,2,1,1,3,Route De Toulouse,44.78566032,-0.56636184
202300051381,8,5,2023,2025-12-05 13:40:00,1,67,67300,2,1,1,6,Rue De La Commanderie,48.533104,7.497987
202300051382,28,10,2023,2025-12-05 09:10:00,1,33,33167,2,1,8,6,Bd Entre Deux Mers,44.84345,-0.52909
202300051383,26,8,2023,2025-12-05 09:45:00,1,63,63021,1,1,8,3,A75 Pk 16+100,45.6437805,3.18233428
202300051384,31,3,2023,2025-12-05 12:50:00,1,92,92040,2,3,1,6,Vaudetard,48.82746,2.27621
202300051385,11,6,2023,2025-12-05 13:04:00,1,13,13202,2,3,1,6,Port (Quai Du),43.29578,5.36656
202300051386,18,6,2023,2025-12-05 17:00:00,1,84,84017,1,1,1,1,Route Du Mont-Ventoux,44.121452,5.249357
202300051387,1,12,2023,2025-12-05 17:00:00,5,94,94054,2,1,1,3,D225,48.7446,2.4078
202300051388,16,7,2023,2025-12-05 11:00:00,1,3,3254,2,6,1,6,Place De La Liberte,46.30277,3.283981
202300051389,27,10,2023,2025-12-05 17:08:00,1,33,33162,2,1,8,1,Ave Du Medoc,44.88798798,-0.6439957
202300051390,11,6,2023,2025-12-05 00:40:00,5,13,13208,2,1,1,6,Joseph Vidal (Avenue),43.25164411,5.3780363
202300051391,10,5,2023,2025-12-05 11:20:00,1,73,73242,2,1,1,1,D80B,45.20788896,6.27429038
202300051392,31,3,2023,2025-12-05 08:45:00,1,92,92040,2,1,1,2,Marceau,48.82761,2.27127
202300051393,26,8,2023,2025-12-05 07:50:00,1,13,13097,1,1,1,1,"Autoroute A54, Pk 055+400, Sens Salon-Arles",43.638436,4.845314
202300051394,2,12,2023,2025-12-05 05:00:00,5,93,93066,2,2,1,3,Rue De La Saussaie / Rue De Villiers,48.940854,2.374464
202300051395,17,7,2023,2025-12-05 08:00:00,1,15,15163,1,3,1,1,Rd 20,44.808754,2.394116
202300051396,30,3,2023,2025-12-05 15:30:00,1,92,92036,2,3,1,3,Jean Grandel (Place),48.93351,2.29619
202300051397,28,10,2023,2025-12-05 15:20:00,1,29,29019,1,1,1,5,Rue Yves Giloux,48.42255903,-4.47687371
202300051398,11,5,2023,2025-12-05 10:50:00,1,33,33114,1,1,2,2,N10,45.111573,-0.378299
202300051399,11,6,2023,2025-12-05 20:55:00,2,13,13001,2,1,2,1,Rd 543,43.53455,5.34899
202300051400,2,12,2023,2025-12-05 19:45:00,5,93,93055,2,2,1,6,Avenue Jean Lolive / Rue De Moscou,48.89153,2.40493
202300051401,25,8,2023,2025-12-05 21:40:00,3,77,77412,1,1,1,3,A6 Pk 044+200,48.478156,2.515633
202300051402,28,10,2023,2025-12-05 21:00:00,5,28,28085,2,1,2,3,Nicole (Rue),48.44651,1.47974
202300051403,31,3,2023,2025-12-05 17:00:00,1,92,92024,2,1,1,2,Gabriel Peri (Rue),48.90745656,2.30420128
202300051404,15,7,2023,2025-12-05 15:20:00,1,1,1138,2,3,1,3,Route De Luyrieux,45.844053,5.773499
202300051405,12,6,2023,2025-12-05 00:00:00,3,9,9225,2,1,1,6,Escosse Chemin D',43.11541,1.6179
202300051406,25,8,2023,2025-12-05 21:00:00,3,987,98725,2,1,2,7,Descente Pointe Tapahi Orofara,-17.506783,-149.459156
202300051407,27,10,2023,2025-12-05 12:00:00,1,19,19272,2,1,3,6,Ventadour (Av),45.274199,1.782313
202300051408,31,3,2023,2025-12-05 16:15:00,1,92,92024,2,1,1,2,Clichy (Quai De) De (8 A 60),48.90761179,2.29822129
202300051409,2,12,2023,2025-12-05 00:38:00,5,93,93050,2,5,1,6,Avenue Du Marechal Leclerc / Avenue De Verdun,48.85959,2.53705
202300051410,25,8,2023,2025-12-05 18:30:00,5,974,97408,2,9,1,6,Rue Jean Robert,-20.959835,55.325411
202300051411,11,5,2023,2025-12-05 14:00:00,1,56,56076,1,3,1,3,Lan Er Frost,48.029183,-3.027034