num_acc,jour,mois,an,hrmn,lum,dep,com,agg,int,atm,col,adr,lat,long
202300051639,28,3,2023,2025-12-05 16:45:00,1,987,98722,1,1,1,5,Rt2 Pk 23.900 A Tiarei,-17.592,-149.391
202300051640,12,6,2023,2025-12-05 17:50:00,1,92,92036,2,1,1,6,Marcel Paul (Avenue) (1/103),48.940846,2.303571
202300051641,16,7,2023,2025-12-05 02:30:00,3,988,98815,1,1,1,6,Taweinedr (Tribu),-21.4845,168.09567
202300051642,28,10,2023,2025-12-05 07:00:00,5,93,93050,2,1,8,3,Rue Paul Et Camille Thomoux,48.87259,2.52963
202300051643,28,9,2023,2025-12-05 17:15:00,1,68,68375,2,5,1,3,Rue Du Chateau D'Eau,47.79628,7.234561
202300051644,9,5,2023,2025-12-05 16:45:00,1,93,93073,2,2,8,4,Avenue Du General Pouderoux / Rue Henri Farman,48.9669,2.568
202300051645,2,12,2023,2025-12-05 19:00:00,3,64,64463,1,1,1,5,Route De Laruns,43.1387088,-0.39968161
202300051646,12,6,2023,2025-12-05 12:35:00,1,92,92012,2,1,1,2,General Leclerc (Avenue Du) 1/33 - 2/58,48.831517,2.236498
202300051647,28,10,2023,2025-12-05 16:17:00,1,93,93031,2,1,2,3,Avenue Gallieni,48.965057,2.299648
202300051648,17,7,2023,2025-12-05 13:30:00,1,988,98803,1,1,1,6,Rt1,-21.58513,165.51843
202300051649,25,8,2023,2025-12-05 15:10:00,1,78,78133,1,1,1,4,A13,48.892191,2.008853
202300051650,28,9,2023,2025-12-05 21:42:00,4,95,95256,1,1,1,2,N184,49.056088,2.203907
202300051651,16,7,2023,2025-12-05 15:51:00,1,974,97408,1,1,3,7,Chemin Departemental 41,-20.930488,55.358562
202300051652,31,3,2023,2025-12-05 19:15:00,3,971,97119,1,1,1,2,Gaschet,16.398947,-61.500119
202300051653,9,5,2023,2025-12-05 10:40:00,1,95,95527,1,9,3,3,A1,48.99716076,2.51646459
202300051654,3,12,2023,2025-12-05 09:40:00,1,43,43190,1,1,1,5,D15,45.017608,3.999624
202300051655,12,6,2023,2025-12-05 17:20:00,1,92,92002,2,6,1,1,General De Gaulle (Place Du),48.76378138,2.30928808
202300051656,24,8,2023,2025-12-05 11:56:00,1,92,92047,1,1,1,7,A13,48.83243229,2.15433619
202300051657,28,10,2023,2025-12-05 09:00:00,2,93,93010,2,2,1,1,Avenue Du 14 Juillet / Allee De Bougainville,48.915855,2.49204283
202300051658,29,9,2023,2025-12-05 14:25:00,1,973,97309,2,1,1,5,1741 Route De Montjoly,4.92361685,-52.28338972
202300051659,9,5,2023,2025-12-05 17:45:00,1,93,93066,2,2,8,6,Rue Francis De Pressense / Avenue Du Stade De France,48.91962,2.36151
202300051660,13,6,2023,2025-12-05 00:15:00,3,95,95436,1,1,1,1,D922,49.129137,2.258103
202300051661,1,4,2023,2025-12-05 11:02:00,1,971,97112,2,2,1,5,D203,15.880214,-61.310363
202300051662,17,7,2023,2025-12-05 01:00:00,3,973,97312,1,1,1,5,Pk 84,5.328824,-52.914448
202300051663,28,10,2023,2025-12-05 19:00:00,4,92,92036,2,4,3,3,Vieux Chemin De St Denis (Avenue),48.93138761,2.32044151
202300051664,1,12,2023,2025-12-05 17:30:00,5,4,4049,2,1,3,6,Avenue Du General De Gaulle,44.093917,6.009792
202300051665,28,9,2023,2025-12-05 16:20:00,1,69,69244,2,1,1,1,28 Chemin Finat Duclos,45.758444,4.754881
202300051666,9,5,2023,2025-12-05 10:10:00,1,93,93039,2,1,2,6,Quai De Seine,48.93257006,2.34049195
202300051667,18,8,2023,2025-12-05 08:10:00,1,78,78206,1,1,1,5,A13,48.94747,1.9471
202300051668,12,6,2023,2025-12-05 23:05:00,4,68,68175,1,1,1,7,D415 - Pk 12+800,48.146256,7.185745
202300051669,16,7,2023,2025-12-05 21:20:00,3,971,97128,1,1,1,1,Maudette,16.225182,-61.403049
202300051670,31,3,2023,2025-12-05 21:00:00,5,37,37011,2,6,6,3,Rue Marcel Vignaud,47.211435,0.172691
202300051671,28,9,2023,2025-12-05 17:35:00,1,17,17175,1,1,1,1,Adresse_Inconnue,45.550812,-0.363579
202300051672,9,5,2023,2025-12-05 06:30:00,2,93,93066,2,1,2,3,Rue Proudhon,48.90650607,2.36193792
202300051673,28,10,2023,2025-12-05 19:18:00,5,92,92062,2,3,1,3,Wallace (Bd Richard) Du 2 Au 28 Et Du 1,48.87957594,2.24047579
202300051674,2,12,2023,2025-12-05 17:45:00,3,85,85169,1,1,1,1,Rd 2,46.80254791,-1.6003105
202300051675,26,8,2023,2025-12-05 13:00:00,1,93,93066,1,1,1,2,Autoroute A1,48.92761238,2.35729694
202300051676,12,6,2023,2025-12-05 10:55:00,1,68,68331,2,2,1,3,8 Rue Du Neuland,48.043655,7.409418
202300051677,31,3,2023,2025-12-05 18:10:00,1,91,91330,2,1,2,6,Rue De La Roche Qui Tourne,48.520492,2.256033
202300051678,13,7,2023,2025-12-05 16:15:00,1,971,97112,1,3,1,3,Lieu Dit La Treille,15.908121,-61.300203
202300051679,28,10,2023,2025-12-05 17:55:00,1,92,92040,2,1,3,6,General Leclerc,48.82511869,2.27597885
202300051680,29,9,2023,2025-12-05 03:35:00,3,57,57155,1,1,1,2,A4,49.136814,6.411059
202300051681,3,12,2023,2025-12-05 11:20:00,1,87,87192,2,4,1,1,48 Avenue Saint Eloi,45.75414,1.277896
202300051682,9,5,2023,2025-12-05 08:00:00,1,93,93046,2,3,2,6,Avenue Aristide Briand / Avenue De Sully,48.9122,2.52149
202300051683,12,6,2023,2025-12-05 19:02:00,1,28,28173,1,1,1,7,D32,48.461183,1.542927
202300051684,16,7,2023,2025-12-05 02:10:00,3,41,41130,1,1,1,6,D110,47.765147,1.336963
202300051685,1,4,2023,2025-12-05 14:30:00,1,2B,2B034,1,1,1,1,Rt30,42.639866,9.003741
202300051686,28,9,2023,2025-12-05 23:35:00,5,31,31254,1,1,1,6,D916,43.536968,1.510985
202300051687,2,12,2023,2025-12-05 16:20:00,1,30,30138,1,6,1,3,D40,43.810128,4.2454
202300051688,9,5,2023,2025-12-05 13:30:00,1,93,93046,2,1,2,1,Allee Auguste Genevieve,48.91519884,2.54086451
202300051689,27,10,2023,2025-12-05 17:31:00,2,92,92012,2,2,2,1,Reine (Route De La) 82/Fin - 107Ter/Fin,48.84043811,2.23162329
202300051690,12,6,2023,2025-12-05 18:25:00,2,67,67173,1,3,7,3,Rd 31,48.634618,7.675644
202300051691,26,8,2023,2025-12-05 12:00:00,1,93,93007,1,1,1,4,Autoroute A3,48.94310661,2.47773335
202300051692,16,3,2023,2025-12-05 19:13:00,3,13,13004,1,1,1,3,Route Des Saintes Maries De La Mer,43.621755,4.50624
202300051693,22,9,2023,2025-12-05 18:30:00,1,69,69235,2,3,2,6,Route Departementale 386,45.52670501,4.86707686
202300051694,31,3,2023,2025-12-05 22:43:00,5,51,51250,2,1,2,6,Place De L'Hotel De Ville,49.307448,3.679867
202300051695,16,7,2023,2025-12-05 18:55:00,1,37,37210,1,1,1,1,Rd751,47.21155294,0.34967999
202300051696,8,5,2023,2025-12-05 12:45:00,1,93,93008,2,3,1,3,Avenue Paul Vaillant - Couturier / Rue Frantz Fanon,48.90578,2.46589
202300051697,3,12,2023,2025-12-05 11:18:00,1,30,30188,1,9,1,3,N106,44.01721419,4.15292072
202300051698,12,6,2023,2025-12-05 17:50:00,1,91,91665,2,1,1,6,Allee Jacques Tati,48.669199,2.270506
202300051699,26,8,2023,2025-12-05 11:00:00,1,93,93066,1,1,1,3,Autoroute A86,48.92355906,2.34263062
202300051700,28,10,2023,2025-12-05 01:15:00,5,92,92007,2,1,8,2,Longuet (Rue Jean),48.8002,2.31446
202300051701,29,9,2023,2025-12-05 08:25:00,1,974,97415,1,1,1,1,N1A,-21.030734,55.225477
202300051702,3,12,2023,2025-12-05 01:00:00,3,3,3193,1,1,2,7,Autoroute 71,46.509839,2.629133
202300051703,14,7,2023,2025-12-05 21:45:00,2,77,77367,1,2,1,3,D146A3,49.052277,2.988362
202300051704,1,4,2023,2025-12-05 10:50:00,1,73,73285,2,1,1,6,D1090 - Rue De La Liberation,45.62414,6.796802
202300051705,7,4,2023,2025-12-05 16:40:00,1,93,93001,2,2,1,3,Avenue Victor Hugo / Rue Ferragus,48.91435,2.38089
202300051706,25,9,2023,2025-12-05 18:05:00,1,60,60350,2,2,1,3,Rue Du Plemont,49.58745,2.843742
202300051707,25,8,2023,2025-12-05 12:50:00,1,95,95256,1,1,1,5,N184,49.05527959,2.20240474
202300051708,29,9,2023,2025-12-05 14:00:00,1,973,97308,2,3,1,3,Rue Pierre Ceron,3.887421,-51.802192
202300051709,4,6,2023,2025-12-05 06:15:00,2,62,62158,1,1,1,1,D115,50.284068,2.213702
202300051710,28,10,2023,2025-12-05 05:30:00,5,65,65398,1,1,1,6,567 Route De Luchon,42.961281,0.631448
202300051711,1,4,2023,2025-12-05 08:19:00,1,38,38026,1,1,2,5,D65,45.834032,5.323734
202300051712,25,8,2023,2025-12-05 10:30:00,1,93,93053,1,1,2,7,Autoroute A103,48.88716534,2.47490084
202300051713,16,7,2023,2025-12-05 19:00:00,1,84,84092,1,9,1,6,D 225,43.975986,4.873756
202300051714,1,12,2023,2025-12-05 15:30:00,1,67,67249,1,1,1,4,A4,48.742327,7.68726
202300051715,28,9,2023,2025-12-05 16:09:00,1,28,28015,1,1,1,1,D910,48.502456,1.73599
202300051716,9,5,2023,2025-12-05 15:20:00,1,92,92078,2,3,2,6,Verdun (Avenue) (Pairs 2 A 38),48.93550661,2.33386785
202300051717,29,10,2023,2025-12-05 03:55:00,3,14,14226,1,1,2,6,Route Des Carreaux,48.960602,-0.405893
202300051718,12,6,2023,2025-12-05 18:14:00,1,35,35173,1,1,1,1,D82,48.20436804,-1.69575423
202300051719,31,3,2023,2025-12-05 21:55:00,3,69,69163,1,1,1,2,Route Departementale 306,45.90694628,4.735799
202300051720,16,7,2023,2025-12-05 19:00:00,1,84,84054,1,1,1,7,Chemin Des Gypieres,43.960225,5.079117
202300051721,29,9,2023,2025-12-05 10:30:00,1,2A,2A247,1,1,1,7,D368,41.616164,9.259694
202300051722,9,5,2023,2025-12-05 14:14:00,1,92,92062,2,7,2,6,Jaures (Rue Jean) Du 114 Au 2,48.88256,2.24003
202300051723,1,4,2023,2025-12-05 04:30:00,5,81,81105,2,1,1,6,Boulevard De La Casse,43.769273,1.999796
202300051724,12,6,2023,2025-12-05 15:15:00,1,79,79079,1,1,1,3,Adresse_Inconnue,46.940704,-0.85057
202300051725,26,10,2023,2025-12-05 13:45:00,1,62,62461,1,1,2,5,D928,50.399477,2.04365
202300051726,27,9,2023,2025-12-05 08:55:00,1,13,13086,1,1,1,6,Allee De L?Huveaune,43.331421,5.599337
202300051727,25,8,2023,2025-12-05 03:45:00,3,93,93053,1,1,1,5,Autoroute A3,48.8841,2.46326
202300051728,1,12,2023,2025-12-05 17:54:00,3,11,11262,1,1,2,4,"Autoroute A9, Pk 192.200, Sens France / Espagne",43.161687,2.992015
202300051729,9,3,2023,2025-12-05 22:45:00,3,22,22176,1,1,6,2,D700,48.454531,-2.79277
202300051730,17,7,2023,2025-12-05 17:30:00,1,83,83065,1,3,1,3,D61,43.250923,6.592129
202300051731,9,5,2023,2025-12-05 14:00:00,1,92,92050,2,2,3,3,Clemenceau Georges Avenue Ndeg Pair,48.88618,2.21381
202300051732,2,1,2023,2025-12-05 21:20:00,5,49,49007,2,1,1,2,Chaumin Boulevard,47.45025,-0.55594
202300051733,13,6,2023,2025-12-05 12:40:00,1,80,80568,1,2,1,3,Rd 15,49.793802,2.934079
202300051734,29,9,2023,2025-12-05 06:50:00,2,73,73227,1,1,1,7,D91A Route De La Chouliere,45.42898124,6.62967145
202300051735,28,10,2023,2025-12-05 19:25:00,3,86,86203,1,1,8,1,D8,46.327009,0.631265
202300051736,24,8,2023,2025-12-05 23:40:00,3,95,95572,1,1,1,6,A15,49.02973,2.1258
202300051737,4,1,2023,2025-12-05 19:09:00,5,45,45234,2,1,2,6,7 Boulevard Saint-Euverte,47.90185,1.91886
202300051738,14,11,2023,2025-12-05 12:00:00,1,971,97117,1,1,1,6,2051 Route De Chazeau,16.293706,-61.435724
202300051739,17,7,2023,2025-12-05 19:00:00,1,83,83063,1,1,1,3,Route Departementale Ndeg558,43.29977771,6.49106314
202300051740,9,5,2023,2025-12-05 10:00:00,1,92,92049,2,1,2,7,Jaures Av. Jean Ndeg1 A 51 Et 2 A 50,48.8160592,2.3129788
202300051741,12,6,2023,2025-12-05 18:25:00,1,89,89076,1,1,1,6,Adresse_Inconnue,48.031888,3.661473
202300051742,17,9,2023,2025-12-05 16:10:00,1,7,7245,2,1,1,6,Chemin De Martinot,45.077538,4.799235
202300051743,4,1,2023,2025-12-05 18:40:00,5,44,44109,2,1,2,6,33Bis Rue Lamartine,47.21657,-1.5785
202300051744,29,10,2023,2025-12-05 09:30:00,1,26,26259,1,1,1,1,Route Blanche,45.154806,4.975884
202300051745,27,5,2023,2025-12-05 00:25:00,3,14,14220,2,1,1,7,51 Rue Du Moulin Saint-Laurent,49.343676,0.071929
202300051746,2,12,2023,2025-12-05 22:10:00,3,83,83068,1,1,6,1,Route De Sainte Maxime,43.278799,6.567721
202300051747,1,4,2023,2025-12-05 18:30:00,1,60,60439,1,1,2,2,D137,49.315037,2.273709
202300051748,28,9,2023,2025-12-05 08:30:00,1,1,1276,2,1,1,6,Chemin Des Moines,45.82492535,5.0592041
202300051749,9,5,2023,2025-12-05 17:32:00,1,92,92044,2,1,1,2,Paul Vaillant-Couturier,48.89736,2.29056
202300051750,3,12,2023,2025-12-05 13:25:00,1,83,83029,1,1,1,7,474 Route De Bagnols,43.603349,6.741904
202300051751,30,3,2023,2025-12-05 18:10:00,1,83,83137,1,1,1,6,A50,43.12630328,5.90937562
202300051752,29,10,2023,2025-12-05 07:15:00,1,38,38238,1,1,8,1,D502,45.504121,4.996419
202300051753,12,6,2023,2025-12-05 12:34:00,1,49,49374,1,1,1,3,D952,47.257498,-0.044069
202300051754,16,7,2023,2025-12-05 16:30:00,1,83,83077,1,1,1,5,D554,43.29960999,5.9847205
202300051755,4,1,2023,2025-12-05 19:35:00,5,33,33039,2,2,1,3,Avenue Edouard Bourlaux,44.78764,-0.56658
202300051756,16,6,2023,2025-12-05 20:45:00,1,42,42207,2,1,1,2,Rue Marc Seguin,45.47396,4.51825
202300051757,9,5,2023,2025-12-05 09:26:00,1,92,92044,2,1,3,3,Vic. Hugo(Rue)001A067 Et002A078,48.8929,2.30041
202300051758,25,3,2023,2025-12-05 08:30:00,1,69,69091,1,1,1,3,Autoroute 47,45.58731,4.75718
202300051759,27,10,2023,2025-12-05 15:25:00,1,84,84088,1,1,1,1,723 Grande Route De Carpentras,44.016039,5.051356
202300051760,3,12,2023,2025-12-05 15:40:00,1,13,13042,1,1,1,1,D2,43.312845,5.66695
202300051761,26,9,2023,2025-12-05 17:40:00,1,46,46015,1,4,1,3,N122 Lieu Dit Veyre,44.65916928,2.12342173
202300051762,3,12,2023,2025-12-05 06:00:00,3,57,57631,1,1,1,6,N61,49.09978,7.031379
202300051763,16,7,2023,2025-12-05 21:23:00,5,6,6099,2,1,1,6,Planet,43.954526,6.908287
202300051764,16,6,2023,2025-12-05 18:45:00,1,93,93078,2,3,1,1,Avenue De Montceleux / Avenue Nollet,48.9513,2.53654
202300051765,9,5,2023,2025-12-05 07:40:00,1,92,92044,2,2,2,6,Aristide Briand(Rue)1A49 Et 2A52,48.89077,2.28433
202300051766,6,6,2023,2025-12-05 17:45:00,1,41,41239,2,4,1,2,Quai Des Cochards,47.266289,1.38226
202300051767,28,9,2023,2025-12-05 18:00:00,1,46,46140,1,1,1,6,Autoroute A20 - Sens 2 - Pk 367,44.400217,1.521237
202300051768,27,10,2023,2025-12-05 20:50:00,5,33,33478,2,2,2,3,Av Du Mal De Lattre De Tassigny,45.011191,-0.001615
202300051769,1,12,2023,2025-12-05 10:00:00,1,63,63335,1,1,2,6,Rd 978,45.54682702,2.99061074
202300051770,16,7,2023,2025-12-05 18:14:00,1,6,6101,1,1,1,6,D28,43.959228,6.995689
202300051771,31,3,2023,2025-12-05 15:40:00,1,91,91161,1,1,1,3,Autoroute A6,48.71276,2.30816
202300051772,4,1,2023,2025-12-05 18:15:00,5,33,33069,2,2,1,3,Route Du Medoc,44.87422301,-0.61859787
202300051773,27,9,2023,2025-12-05 21:00:00,3,9,9143,1,1,1,7,D8,42.78313,1.544636
202300051774,12,6,2023,2025-12-05 13:25:00,1,34,34031,1,1,1,3,Rd137,43.349087,3.429344
202300051775,8,5,2023,2025-12-05 21:35:00,5,92,92036,2,3,1,6,Laurent Cely (Avenue) (1/143),48.93159272,2.30183154
202300051776,10,6,2023,2025-12-05 02:00:00,5,93,93055,2,1,1,3,Avenue Jean Jaures,48.91013,2.39938
202300051777,29,10,2023,2025-12-05 08:35:00,1,6,6161,2,1,2,1,446 Avenue De La Grange Rimade,43.663844,7.121262
202300051778,29,6,2023,2025-12-05 11:00:00,1,6,6014,1,1,2,1,D15,43.831447,7.29784
202300051779,16,2,2023,2025-12-05 13:20:00,1,47,47185,1,1,1,2,Cd 102,44.46512,0.952291
202300051780,30,3,2023,2025-12-05 18:20:00,1,78,78646,1,1,1,2,Rn12,48.789169,2.130525
202300051781,4,1,2023,2025-12-05 19:45:00,3,29,29254,1,1,2,2,Rue De Kerelisa,48.57205,-3.85408
202300051782,29,9,2023,2025-12-05 07:40:00,2,33,33238,1,2,1,3,Avenue De Cadaujac,44.73438,-0.579481
202300051783,12,6,2023,2025-12-05 14:00:00,1,68,68374,1,2,7,3,D83,48.087882,7.314714
202300051784,29,10,2023,2025-12-05 06:09:00,1,974,97404,2,1,1,6,166 Chemin Charbonnier,-21.255162,55.367536
202300051785,2,12,2023,2025-12-05 14:35:00,1,38,38348,1,1,4,5,Route De Chambery,45.574395,5.336947
202300051786,11,2,2023,2025-12-05 14:45:00,1,22,22030,1,1,1,7,Hent Crec'H Yar,48.701705,-3.371793
202300051787,16,7,2023,2025-12-05 16:50:00,1,5,5077,1,1,1,3,Route Departementale 205T - Pk 3+200,44.708286,6.924348
202300051788,15,6,2023,2025-12-05 16:00:00,1,95,95277,1,1,1,4,A1,48.97482404,2.48930186
202300051789,3,1,2023,2025-12-05 19:50:00,5,29,29019,2,3,2,1,Rue De Quimper,48.400978,-4.4506751
202300051790,9,5,2023,2025-12-05 19:35:00,1,92,92026,2,3,2,4,Verdun 1916 ( Avenue De ),48.90133,2.26003
202300051791,28,9,2023,2025-12-05 13:55:00,1,33,33312,1,1,1,2,Route De Pauillac (Pont),44.962946,-0.627143
202300051792,30,3,2023,2025-12-05 08:20:00,1,78,78090,1,1,1,5,A13,48.97044,1.88853
202300051793,12,6,2023,2025-12-05 18:30:00,1,35,35162,1,1,1,3,D15,48.47168598,-1.16227895
202300051794,2,12,2023,2025-12-05 15:45:00,1,38,38152,2,1,4,1,Rd 1085 (Eclose),45.508798,5.303221
202300051795,7,2,2023,2025-12-05 06:00:00,3,25,25321,1,1,1,1,12 Route Des Brenets,47.061498,6.684709
202300051796,17,7,2023,2025-12-05 09:00:00,1,25,25298,1,1,1,1,Rd 683 - Pr 60+800,47.339281,6.299479
202300051797,14,6,2023,2025-12-05 17:20:00,1,93,93048,1,1,1,5,Autoroute A86,48.86655,2.48147
202300051798,27,9,2023,2025-12-05 09:15:00,1,57,57245,2,1,1,3,70 Rue De La Forge,49.433887,6.278606
202300051799,11,6,2023,2025-12-05 04:30:00,3,29,29026,1,1,1,6,D88,48.21781,-4.050109
202300051800,2,12,2023,2025-12-05 17:20:00,3,38,38152,1,1,4,6,Rd 1085 (Eclose),45.489532,5.295153
202300051801,9,5,2023,2025-12-05 20:10:00,1,92,92026,2,3,1,3,Hotel De Ville (Rue),48.89394027,2.25652456
202300051802,2,1,2023,2025-12-05 18:08:00,3,27,27681,1,1,9,2,Gisors (Route De),49.11629933,1.49533098
202300051803,31,3,2023,2025-12-05 09:00:00,1,92,92036,1,1,2,2,Autoroute A15,48.94355783,2.28738079
202300051804,28,10,2023,2025-12-05 21:15:00,3,14,14027,1,2,8,3,1 Route De Chantepie,48.96454,-0.667516
202300051805,23,6,2023,2025-12-05 18:00:00,1,67,67282,2,1,1,6,1 Rue Griesmatt,48.616817,7.503363
202300051806,10,6,2023,2025-12-05 01:40:00,3,31,31341,1,6,1,7,D2,43.7198668,1.33060634
202300051807,10,5,2023,2025-12-05 15:29:00,1,60,60643,1,1,1,7,D587,49.57084323,2.58010945
202300051808,27,9,2023,2025-12-05 14:10:00,1,13,13022,1,1,1,1,A50-Sens Aubagne Vers Toulon,43.22547796,5.58264618
202300051809,16,2,2023,2025-12-05 16:55:00,1,1,1263,2,3,1,3,Chemin Des Muriers,46.076889,4.766028
202300051810,23,8,2023,2025-12-05 16:30:00,1,974,97416,1,1,2,2,Rn03,-21.2898,55.5143
202300051811,23,10,2023,2025-12-05 09:13:00,1,58,58193,1,1,2,3,D241 - Pk 1+500,47.537398,2.887022
202300051812,17,7,2023,2025-12-05 11:20:00,1,73,73280,1,1,1,6,D926,45.226996,6.214228
202300051813,29,3,2023,2025-12-05 19:10:00,1,95,95277,1,1,1,2,D170,48.97466324,2.4870193
202300051814,2,12,2023,2025-12-05 06:45:00,5,69,69009,2,9,1,3,Route De Lyon,45.937206,4.717764
202300051815,13,6,2023,2025-12-05 15:58:00,1,3,3284,1,3,1,3,D480,46.399278,3.597765
202300051816,10,5,2023,2025-12-05 08:45:00,1,50,50027,1,1,2,3,D41,48.692979,-1.441258
202300051817,28,9,2023,2025-12-05 16:10:00,1,77,77251,1,9,1,3,Autoroute A5A,48.6118015,2.57095121
202300051818,17,2,2023,2025-12-05 08:10:00,1,66,66106,1,1,1,3,Adresse_Inconnue,42.492581,2.802318
202300051819,11,6,2023,2025-12-05 13:45:00,1,3,3208,1,1,1,6,44 Route Du Donjon,46.421063,3.906493
202300051820,2,12,2023,2025-12-05 19:20:00,3,40,40277,1,1,2,6,1095 Route De Peyrehorade,43.660665,-1.040754
202300051821,29,10,2023,2025-12-05 16:40:00,1,6,6064,1,1,1,1,345 Avenue De La Tourre,43.763669,7.198998
202300051822,16,7,2023,2025-12-05 16:45:00,1,73,73228,1,1,1,6,D1006,45.53295129,5.86389321
202300051823,24,8,2023,2025-12-05 09:00:00,1,974,97411,2,1,1,4,Chaudron  (Bld 1 Du),-20.89665,55.4959
202300051824,4,1,2023,2025-12-05 12:25:00,1,25,25462,2,1,1,3,Rocade Georges Pompidou,46.89582,6.36211
202300051825,8,5,2023,2025-12-05 15:30:00,1,33,33106,2,7,1,7,Rd15,44.561988,-0.155514
202300051826,29,3,2023,2025-12-05 18:45:00,1,95,95572,1,1,1,2,Rn 184,49.03385084,2.11134575
202300051827,29,1,2023,2025-12-05 22:15:00,5,72,72359,2,1,1,6,41 Rue Des Rosiers,48.1292,0.396587
202300051828,29,10,2023,2025-12-05 03:15:00,4,42,42271,1,1,1,6,Route De La Terrasse,45.474525,4.58147
202300051829,3,12,2023,2025-12-05 20:50:00,4,29,29042,2,1,3,6,11 Rue Alsace-Lorraine,48.246055,-4.489856
202300051830,28,9,2023,2025-12-05 09:20:00,1,91,91661,1,1,1,3,Autoroute A10,48.6959,2.23616
202300051831,22,8,2023,2025-12-05 04:15:00,3,974,97411,2,9,9,6,Jaures (Bld 2 Jean),-20.90069,55.48717
202300051832,10,6,2023,2025-12-05 12:15:00,1,1,1266,2,3,1,3,375 Rue Des Luyers,46.332769,5.124006
202300051833,17,7,2023,2025-12-05 08:45:00,1,42,42304,2,1,7,6,Boulevard Jean Moulin,45.541987,4.184375
202300051834,4,1,2023,2025-12-05 19:30:00,5,22,22278,2,1,8,3,Gouedic (De),48.508,-2.752
202300051835,31,3,2023,2025-12-05 17:30:00,1,94,94017,1,1,2,2,A4,48.82671118,2.52258828
202300051836,28,9,2023,2025-12-05 05:50:00,3,92,92002,1,1,1,3,Autoroute A10,48.7328119,2.31162697
202300051837,13,6,2023,2025-12-05 12:45:00,1,1,1319,1,1,1,6,Route De Chatillon,46.102507,4.950754
202300051838,5,2,2023,2025-12-05 11:45:00,1,5,5017,1,2,1,3,Intersection Rn94/D11,44.563349,6.196917
202300051839,16,7,2023,2025-12-05 20:00:00,2,38,38532,1,1,1,6,D 65,45.65679,5.289928
202300051840,10,5,2023,2025-12-05 15:10:00,1,76,76055,1,1,1,4,A29,49.641286,0.732125
202300051841,4,1,2023,2025-12-05 19:00:00,3,17,17461,2,6,2,3,Angles (Rond Point),45.644417,-1.052667
202300051842,20,8,2023,2025-12-05 12:15:00,1,974,97411,2,6,1,3,Jaures (Boulevard Jean),-20.9,55.48006
202300051843,2,12,2023,2025-12-05 17:40:00,3,76,76464,1,1,1,6,D491,49.398616,1.237121
202300051844,31,3,2023,2025-12-05 13:00:00,1,94,94017,1,1,1,6,A4,48.82671118,2.52258828
202300051845,27,9,2023,2025-12-05 18:00:00,1,93,93008,1,1,1,3,Autoroute A86,48.91311024,2.4357596
202300051846,10,5,2023,2025-12-05 03:20:00,3,71,71305,1,1,1,6,"Autoroute A6, Pk 369+500, Sens Paris/Lyon",46.465558,4.879434
202300051847,17,7,2023,2025-12-05 16:20:00,1,26,26074,1,1,1,1,D178,44.941003,5.390747
202300051848,24,8,2023,2025-12-05 10:00:00,1,974,97407,2,1,1,6,14 Juillet 1789(Avenue Du),-20.93226,55.29447
202300051849,28,10,2023,2025-12-05 20:00:00,5,30,30217,2,1,1,1,D111,43.95955,4.734324
202300051850,3,12,2023,2025-12-05 02:16:00,3,2,2697,1,1,9,6,Route De Laon,49.595114,3.762774
202300051851,13,6,2023,2025-12-05 18:30:00,1,54,54059,1,1,1,6,D44A,48.83249215,6.15950649
202300051852,31,3,2023,2025-12-05 01:55:00,3,77,77373,1,1,3,6,Rn104,48.76517721,2.61466006
202300051853,4,1,2023,2025-12-05 08:15:00,5,14,14118,2,1,2,6,51 Rue De Geole,49.185094,-0.363541
202300051854,28,9,2023,2025-12-05 22:32:00,3,94,94011,1,1,1,6,N19,48.76289194,2.49463919
202300051855,10,5,2023,2025-12-05 15:00:00,1,23,23154,1,1,2,7,Petite Baleyte,46.130616,2.023737
202300051856,24,8,2023,2025-12-05 10:40:00,1,69,69383,2,9,1,6,31 Avenue Georges Pompidou,45.75932332,4.86680877
202300051857,15,7,2023,2025-12-05 14:30:00,1,1,1211,1,1,1,6,D22,46.13053,5.191417
202300051858,6,6,2023,2025-12-05 07:00:00,1,6,6086,1,1,1,6,Route De Sospel,43.927804,7.414033
202300051859,1,12,2023,2025-12-05 18:58:00,5,59,59092,2,1,1,6,59 Rue Leon Pierard,50.283692,3.31759
202300051860,9,5,2023,2025-12-05 18:00:00,1,63,63248,1,1,2,6,Quatre Route De Nebouzat Rd 2089,45.72462862,2.89651483
202300051861,4,1,2023,2025-12-05 13:10:00,1,13,13210,2,9,1,3,Pont De Vivaux (Boulevard),43.28003222,5.41905453
202300051862,27,10,2023,2025-12-05 21:20:00,3,22,22391,1,2,3,1,La Rabine,48.372473,-2.148283
202300051863,27,9,2023,2025-12-05 07:40:00,1,94,94046,1,1,1,3,A86,48.80856288,2.44905786
202300051864,14,7,2023,2025-12-05 05:30:00,3,86,86297,1,1,1,7,D12,46.606585,0.268693
202300051865,24,8,2023,2025-12-05 16:32:00,1,972,97213,1,1,1,2,Autoroute A1,14.61804,-61.02749
202300051866,30,3,2023,2025-12-05 22:15:00,4,94,94018,1,1,2,2,A4,48.82320034,2.39580432
202300051867,12,6,2023,2025-12-05 16:55:00,1,50,50417,2,1,7,1,Rue Du Stade,49.591941,-1.298758
202300051868,4,1,2023,2025-12-05 10:45:00,1,13,13205,2,1,1,7,Sakakini (Boulevard),43.29499,5.40117