num_acc,jour,mois,an,hrmn,lum,dep,com,agg,int,atm,col,adr,lat,long
202300051869,1,12,2023,2025-12-05 20:00:00,5,13,13210,1,1,1,2,A50-Sens Marseille Vers Aubagne,43.285,5.4219
202300051870,17,2,2023,2025-12-05 03:40:00,3,7,7157,2,1,1,6,D86,44.610566,4.726299
202300051871,9,5,2023,2025-12-05 08:05:00,1,86,86223,2,1,3,2,Rue Leon Barbarin,46.566708,0.871463
202300051872,29,6,2023,2025-12-05 16:45:00,1,64,64496,2,6,1,7,D137A,43.470199,-1.450292
202300051873,27,10,2023,2025-12-05 19:00:00,3,57,57138,1,1,2,7,D70,48.95639,6.496098
202300051874,24,8,2023,2025-12-05 14:35:00,1,69,69389,2,1,1,6,156 Avenue Sidoine Apollinaire,45.76341934,4.80360135
202300051875,30,3,2023,2025-12-05 08:30:00,1,77,77122,2,1,1,6,Av Du Paloisel,48.661845,2.56342
202300051876,4,1,2023,2025-12-05 11:00:00,1,13,13201,2,1,1,6,Sainte Barbe (Rue),43.30008,5.37455
202300051877,20,6,2023,2025-12-05 08:35:00,1,29,29271,1,1,1,1,D30,48.57869875,-4.13538694
202300051878,9,5,2023,2025-12-05 19:45:00,1,14,14061,1,1,2,7,Route De La Ferriere,48.98515785,-0.88450033
202300051879,12,6,2023,2025-12-05 17:15:00,1,50,50487,2,3,1,6,Route D'Antrain,48.521622,-1.334131
202300051880,7,2,2023,2025-12-05 16:00:00,1,24,24274,1,1,1,2,Route De La Ferriere,44.809243,0.463142
202300051881,16,7,2023,2025-12-05 09:45:00,1,49,49027,2,1,1,6,8 Rue Du Bocage,47.141286,-0.939308
202300051882,1,12,2023,2025-12-05 22:58:00,3,13,13071,1,1,1,6,A55-Sens Martigues Vers Marseille,43.392,5.2712
202300051883,4,1,2023,2025-12-05 10:10:00,1,13,13208,2,9,1,6,Mazargues (Avenue De),43.25945787,5.39411018
202300051884,9,5,2023,2025-12-05 08:11:00,1,38,38301,1,1,1,6,Route De Sandon,44.797124,5.643368
202300051885,24,8,2023,2025-12-05 13:45:00,1,69,69384,2,5,1,6,Rue De Cuire,45.77954,4.82919
202300051886,14,2,2023,2025-12-05 14:43:00,1,35,35352,2,6,1,6,Rond-Point De La Croix Rouge,48.049795,-1.60845
202300051887,27,9,2023,2025-12-05 07:00:00,1,974,97416,2,1,1,2,Lorion(Rue Luc),-21.33376,55.47125
202300051888,12,6,2023,2025-12-05 15:00:00,1,64,64314,1,1,1,2,"Cd 918, Pk 65.100",43.21947,-1.086187
202300051889,2,12,2023,2025-12-05 15:05:00,1,33,33281,1,1,1,3,Rocade A 630,44.81442425,-0.672521
202300051890,4,1,2023,2025-12-05 08:00:00,2,11,11069,1,1,1,3,Adresse_Inconnue,43.20443,2.40169
202300051891,18,8,2023,2025-12-05 15:00:00,1,971,97101,1,1,1,6,Dothemare,16.26742,-61.51777
202300051892,29,10,2023,2025-12-05 11:00:00,1,63,63187,1,3,6,2,Lieu Dit Les Monteix,46.238407,2.824248
202300051893,14,2,2023,2025-12-05 13:50:00,1,42,42268,1,1,7,2,A89,45.857354,4.042899
202300051894,30,3,2023,2025-12-05 16:15:00,1,93,93014,2,2,1,6,Allee De Gagny / Allee Romain Rolland,48.90443902,2.54850852
202300051895,9,5,2023,2025-12-05 11:26:00,1,37,37250,1,1,3,4,A10  Pk 224+000 Sens 2,47.249116,0.664051
202300051896,26,9,2023,2025-12-05 22:05:00,5,974,97411,2,3,1,3,Mace (Boulevard Gabriel),-20.8752,55.445
202300051897,13,6,2023,2025-12-05 14:25:00,1,16,16170,1,1,1,1,D709,45.353574,0.182921
202300051898,16,7,2023,2025-12-05 15:30:00,1,50,50531,1,1,2,7,Rue De La Jarriere,48.667782,-1.257527
202300051899,16,8,2023,2025-12-05 00:36:00,5,971,97113,1,3,1,2,Morne Salines,16.21080784,-61.44161403
202300051900,3,1,2023,2025-12-05 18:35:00,5,10,10060,2,1,1,3,Hautefeuille (Rue),48.25624,4.09297
202300051901,29,10,2023,2025-12-05 10:45:00,1,63,63047,1,1,2,1,D996,45.59350558,2.72237475
202300051902,17,2,2023,2025-12-05 11:15:00,1,37,37240,1,1,8,6,D74,47.578878,0.956336
202300051903,6,5,2023,2025-12-05 09:15:00,1,51,51507,2,7,1,6,Avenue De La Gare,49.090449,4.903445
202300051904,30,3,2023,2025-12-05 08:40:00,1,92,92050,2,2,1,6,Frachon Benoit Avenue,48.89298332,2.18675563
202300051905,12,7,2023,2025-12-05 15:19:00,1,29,29094,1,1,1,7,Coat Allee,48.60131897,-4.35634552
202300051906,12,6,2023,2025-12-05 08:20:00,1,53,53040,1,1,1,6,Le Bas Montigne,48.148536,-1.058491
202300051907,2,12,2023,2025-12-05 10:30:00,1,33,33063,1,1,1,4,Rocade A 630,44.88094373,-0.54229438
202300051908,24,8,2023,2025-12-05 11:10:00,1,2A,2A004,2,1,1,2,Nicoli Jean Cours,41.93331,8.74309
202300051909,3,1,2023,2025-12-05 11:06:00,1,10,10297,2,1,1,6,Rue Marc Verdier,48.32531,4.11328
202300051910,28,10,2023,2025-12-05 14:25:00,1,61,61037,1,1,3,7,D310,48.414618,0.513525
202300051911,29,3,2023,2025-12-05 08:45:00,1,92,92004,2,1,1,3,Pierre Boudou,48.91537,2.30693
202300051912,12,6,2023,2025-12-05 22:55:00,3,21,21547,1,1,1,6,D970,47.465792,4.373418
202300051913,28,10,2023,2025-12-05 21:30:00,5,55,55063,2,1,2,1,Rue Marcel-Cachin,49.288768,5.759765
202300051914,3,1,2023,2025-12-05 21:25:00,5,9,9122,2,6,8,6,Rd 117,42.964125,1.610482
202300051915,27,9,2023,2025-12-05 10:30:00,3,972,97209,1,1,2,4,Rd 41 (Rocade),14.6145,-61.0627
202300051916,24,8,2023,2025-12-05 18:40:00,1,95,95268,2,9,1,6,D125,48.97601066,2.39543259
202300051917,15,7,2023,2025-12-05 22:40:00,3,22,22168,2,1,2,3,Boulevard Jean Mermoz,48.812949,-3.455444
202300051918,2,12,2023,2025-12-05 15:45:00,1,91,91340,1,1,1,2,Autoroute A6,48.60141,2.4385
202300051919,5,5,2023,2025-12-05 11:00:00,1,56,56122,1,3,2,3,89 Tregadoret,47.994212,-2.360561
202300051920,12,6,2023,2025-12-05 15:33:00,1,4,4054,1,1,3,6,N85,44.023064,6.21058
202300051921,17,2,2023,2025-12-05 12:52:00,1,72,72198,1,1,1,7,A81,48.043238,0.151431
202300051922,29,10,2023,2025-12-05 09:00:00,1,55,55010,1,1,3,5,Pk 4 N4,48.639054,5.032344
202300051923,27,3,2023,2025-12-05 11:25:00,1,62,62895,2,1,1,6,Rue Du Marechal Leclerc,50.490264,2.849881
202300051924,14,7,2023,2025-12-05 05:00:00,3,59,59562,1,1,1,7,Rue De Flaumont,50.120355,3.997999
202300051925,24,8,2023,2025-12-05 15:10:00,1,91,91201,2,2,2,1,Av Jean Jaures,48.689722,2.413366
202300051926,27,9,2023,2025-12-05 17:18:00,1,69,69381,2,1,1,6,Tunnel De La Rue Terme,45.77213727,4.83095238
202300051927,3,1,2023,2025-12-05 06:10:00,5,6,6123,2,1,1,3,De Gaulle General Avenue,43.667921,7.192207
202300051928,2,12,2023,2025-12-05 02:40:00,3,91,91363,1,1,1,6,Rn 118,48.6685,2.1942
202300051929,9,5,2023,2025-12-05 13:25:00,1,76,76219,2,1,1,1,Rue Cacheleu,49.720704,0.781639
202300051930,29,10,2023,2025-12-05 09:00:00,1,49,49069,1,1,8,6,Rd 154,47.310505,-1.200844
202300051931,21,1,2023,2025-12-05 01:46:00,5,25,25462,2,9,4,6,Montrieux,46.90106,6.3572
202300051932,2,12,2023,2025-12-05 15:15:00,1,93,93010,1,1,1,6,Autoroute A3,48.9111,2.47575
202300051933,13,6,2023,2025-12-05 08:00:00,1,27,27284,1,4,1,7,D15B,49.2495901,1.7887764
202300051934,19,8,2023,2025-12-05 17:20:00,1,91,91691,2,3,8,3,Charle De Gaulle(Rue),48.71607,2.49069
202300051935,4,1,2023,2025-12-05 08:45:00,1,93,93070,2,1,1,6,Rue Des Entrepots,48.902744,2.346299
202300051936,27,9,2023,2025-12-05 05:50:00,2,2B,2B033,1,9,1,7,11 - Rt,42.6741,9.4439
202300051937,28,10,2023,2025-12-05 15:36:00,1,39,39535,1,1,1,6,Adresse_Inconnue,46.874546,5.668076
202300051938,30,3,2023,2025-12-05 14:00:00,1,976,97611,1,1,1,3,Kaweni-Kaweni Sud  (Z I),-12.77532,45.2283
202300051939,13,6,2023,2025-12-05 08:45:00,1,17,17434,1,1,1,7,D114,46.086522,-0.753336
202300051940,10,5,2023,2025-12-05 17:15:00,1,82,82190,1,1,1,6,D26,43.830208,1.242453
202300051941,1,12,2023,2025-12-05 20:30:00,3,93,93053,1,1,1,3,Autoroute A3,48.88781,2.4741
202300051942,16,7,2023,2025-12-05 06:30:00,1,13,13213,1,1,1,3,A507 Sens Marseille - Aubagne,43.325,5.421
202300051943,4,1,2023,2025-12-05 17:45:00,5,75,75117,2,1,2,2,Porte De Clichy,48.899104,2.317124
202300051944,24,8,2023,2025-12-05 21:57:00,5,91,91434,2,2,1,3,Montlhery (Rue De),48.66098,2.344972
202300051945,27,9,2023,2025-12-05 18:25:00,3,971,97120,1,6,1,6,Blanchard,16.22275,-61.526
202300051946,5,6,2023,2025-12-05 15:35:00,1,37,37050,2,1,1,6,34 Rue Des Pommiers,47.339549,0.709842
202300051947,30,3,2023,2025-12-05 17:18:00,1,974,97416,2,1,1,3,Lorion (Rue Luc),-21.341119,55.468975
202300051948,29,10,2023,2025-12-05 07:56:00,2,39,39404,1,1,8,1,Adresse_Inconnue,46.687975,5.592057
202300051949,17,2,2023,2025-12-05 13:30:00,1,34,34157,2,6,7,3,25 Route De Villeveyrac,43.431353,3.603559
202300051950,24,8,2023,2025-12-05 11:17:00,1,87,87050,2,1,1,7,Eglise (Rue De L'),45.87504,1.23809
202300051951,10,5,2023,2025-12-05 17:55:00,1,89,89267,1,5,1,3,Adresse_Inconnue,47.549855,4.055285
202300051952,30,3,2023,2025-12-05 11:28:00,1,974,97416,2,1,1,6,President Mitterand(Avenue),-21.34536,55.48033
202300051953,3,1,2023,2025-12-05 17:00:00,5,75,75113,2,1,1,4,Quai D Ivry,48.825237,2.385529
202300051954,1,12,2023,2025-12-05 19:45:00,3,93,93048,1,1,1,4,Autoroute A3,48.87060889,2.43112922
202300051955,29,10,2023,2025-12-05 04:20:00,5,25,25228,2,1,1,6,Av Du General Charles De Gaulle,47.505026,6.846875
202300051956,11,6,2023,2025-12-05 17:45:00,1,8,8361,2,1,1,2,D988,49.831784,4.603135
202300051957,16,7,2023,2025-12-05 12:50:00,1,91,91689,1,1,1,2,Autoroute A10,48.72837,2.30526
202300051958,4,5,2023,2025-12-05 19:45:00,1,49,49100,1,1,1,7,D 960,47.205517,-0.199556
202300051959,16,2,2023,2025-12-05 16:30:00,1,34,34213,1,1,1,2,D613,43.465364,3.668758
202300051960,23,8,2023,2025-12-05 08:55:00,1,87,87085,2,1,1,6,Valin (Avenue Du General Martial),45.81291,1.27232
202300051961,30,3,2023,2025-12-05 20:35:00,5,973,97302,2,1,1,7,Baduel (Route De),4.93394,-52.31061
202300051962,28,10,2023,2025-12-05 05:20:00,3,29,29236,1,1,1,6,Pont Du Guilly,47.821137,-3.651066
202300051963,2,12,2023,2025-12-05 06:50:00,3,95,95424,1,1,1,6,A15,48.98932791,2.20074713
202300051964,3,1,2023,2025-12-05 10:25:00,1,75,75112,2,1,1,3,Boulevard Peripherique,48.82670558,2.3918277
202300051965,27,9,2023,2025-12-05 12:00:00,1,91,91589,2,2,1,3,Rue Henri Dunant,48.679904,2.342262
202300051966,13,6,2023,2025-12-05 17:20:00,1,13,13103,1,2,1,3,D69,43.630422,5.066113
202300051967,23,8,2023,2025-12-05 16:55:00,1,85,85194,2,1,1,3,Rue Du General Dumouriez,46.48642,-1.74362
202300051968,16,7,2023,2025-12-05 05:00:00,2,91,91377,1,1,1,2,Autoroute A10,48.72491,2.30001
202300051969,1,12,2023,2025-12-05 16:00:00,1,95,95088,1,1,1,6,D170,48.9776,2.43383
202300051970,29,3,2023,2025-12-05 12:30:00,1,973,97302,2,2,1,3,Polycarpe (Vermont),4.94102121,-52.32523674
202300051971,27,9,2023,2025-12-05 09:40:00,1,91,91027,2,1,1,6,Quai De L'Industrie,48.698625,2.39571
202300051972,15,2,2023,2025-12-05 19:40:00,4,34,34145,1,2,1,3,D61,43.656373,4.138262
202300051973,10,5,2023,2025-12-05 10:25:00,1,41,41185,1,1,1,1,D765,47.351632,1.721817
202300051974,29,10,2023,2025-12-05 09:05:00,1,29,29182,1,3,2,2,Route De L'Oratoire,48.61337293,-3.68030684
202300051975,24,8,2023,2025-12-05 08:00:00,1,83,83137,2,1,1,2,Clemenceau (Bd Georges),43.12322932,5.93813556
202300051976,13,6,2023,2025-12-05 08:50:00,1,69,69244,2,2,2,1,60 Avenue General Brosset,45.756667,4.781801
202300051977,16,7,2023,2025-12-05 16:07:00,1,92,92064,1,1,1,2,A13,48.83850309,2.19236003
202300051978,1,12,2023,2025-12-05 18:35:00,5,976,97611,2,1,1,6,Kaweni-Centrale (Rue),-12.77557,45.22373
202300051979,30,3,2023,2025-12-05 16:55:00,1,972,97209,1,1,1,2,Ave Camille Darsieres,14.60336,-61.05693
202300051980,9,5,2023,2025-12-05 13:55:00,1,38,38416,2,1,1,6,Rue Jean Rony,45.14901,5.320301
202300051981,27,9,2023,2025-12-05 08:35:00,1,86,86214,2,1,1,6,Route De Liguge,46.551111,0.320808
202300051982,23,8,2023,2025-12-05 17:15:00,1,83,83144,2,1,1,6,Universite (Ave De L'),43.13745,6.0079
202300051983,4,1,2023,2025-12-05 19:05:00,5,94,94067,2,2,2,6,Avenue Du General De Gaulle / Rue De L'Epinette,48.83757,2.41805
202300051984,28,9,2023,2025-12-05 00:00:00,5,85,85191,1,1,2,6,Boulevard Louis Blanc,46.671518,-1.434815
202300051985,30,3,2023,2025-12-05 13:00:00,1,972,97209,2,1,1,3,Beausejour Jambette (Route),14.63775,-61.04016
202300051986,27,11,2023,2025-12-05 11:00:00,1,974,97416,1,1,1,5,Maurice Thorez(Chemin),-21.2802,55.4653
202300051987,10,5,2023,2025-12-05 11:45:00,1,3,3281,1,1,1,6,Le Chy,46.358491,3.15122
202300051988,13,6,2023,2025-12-05 11:00:00,1,38,38052,1,4,1,3,D211,45.065019,6.040002
202300051989,17,2,2023,2025-12-05 00:30:00,5,83,83042,2,1,1,7,Rond Point De La Foux,43.263175,6.575392
202300051990,1,8,2023,2025-12-05 22:00:00,4,79,79329,2,3,2,7,Adresse_Inconnue,46.974333,-0.20227
202300051991,4,1,2023,2025-12-05 07:10:00,5,94,94046,2,2,2,6,Boulevard Gallieni,48.79738,2.43314
202300051992,15,7,2023,2025-12-05 13:50:00,1,92,92012,1,1,1,5,A13,48.84843039,2.24006151
202300051993,25,9,2023,2025-12-05 18:25:00,1,83,83137,2,2,1,1,Escartefigue (Corniche Du 2 A 422,43.13547,5.93218
202300051994,1,12,2023,2025-12-05 13:05:00,1,974,97411,1,1,1,7,Piton (Route Du Bois De Nefles),-20.92651,55.47334
202300051995,12,6,2023,2025-12-05 14:50:00,1,27,27249,1,1,1,6,A13,49.179515,1.241112
202300051996,9,5,2023,2025-12-05 13:45:00,1,70,70493,1,1,2,6,D15,47.397173,6.04851
202300051997,30,3,2023,2025-12-05 08:00:00,1,972,97209,1,3,1,3,Religieuses (Route Des),14.61171,-61.05999
202300051998,28,10,2023,2025-12-05 19:05:00,3,29,29076,1,3,3,5,D26,48.46616,-4.516797
202300051999,24,8,2023,2025-12-05 05:30:00,5,78,78401,2,2,1,3,Rhin Et Danube (Pont),49.004348,1.906912
202300052000,11,6,2023,2025-12-05 04:00:00,3,971,97112,1,1,1,6,Rn 9 Ducos Hermitage,15.889213,-61.304215
202300052001,15,7,2023,2025-12-05 19:20:00,1,95,95394,1,1,1,7,N184,49.05167676,2.15262568
202300052002,4,1,2023,2025-12-05 12:40:00,1,94,94041,2,1,2,3,Rue Gaston Cornavin,48.81032,2.38212
202300052003,26,9,2023,2025-12-05 17:05:00,1,82,82121,2,1,1,6,1 Boulevard Edouard Herriot,44.01442,1.36684
202300052004,16,2,2023,2025-12-05 20:05:00,5,89,89013,2,2,1,3,Adresse_Inconnue,47.869569,3.521393
202300052005,30,11,2023,2025-12-05 09:30:00,1,974,97411,2,1,2,2,Canal (Chemin Du Grand),-20.9042,55.4984
202300052006,5,5,2023,2025-12-05 16:15:00,1,6,6059,2,1,1,6,Avenue De La Liberte,43.720117,7.35286
202300052007,28,10,2023,2025-12-05 06:15:00,5,2,2807,2,3,2,6,16Bis Route De Saint-Quentin,49.659308,3.206581
202300052008,11,6,2023,2025-12-05 18:00:00,1,971,97134,1,1,1,6,Grandes Rivieres,16.056083,-61.749923
202300052009,15,7,2023,2025-12-05 20:20:00,1,93,93006,1,1,1,6,Autoroute A3,48.86446703,2.41450757
202300052010,29,3,2023,2025-12-05 09:50:00,1,69,69389,2,1,1,2,110 Rue De Saint-Cyr,45.78711,4.8085
202300052011,24,8,2023,2025-12-05 11:10:00,1,76,76178,1,2,6,1,Rue De Tourville,49.30983,1.04393
202300052012,4,1,2023,2025-12-05 18:04:00,5,94,94021,2,1,2,6,344 Avenue De Stalingrad,48.76293939,2.36820388
202300052013,6,5,2023,2025-12-05 18:43:00,1,5,5127,1,1,1,7,"D3, Pk 14+500",44.470201,6.266128
202300052014,14,2,2023,2025-12-05 13:00:00,1,67,67397,1,1,5,7,D52,48.328066,7.741327
202300052015,27,10,2023,2025-12-05 20:35:00,5,84,84089,2,6,1,1,Route Departementale 956 - Rond Point D'Alton,43.670945,5.497059
202300052016,11,6,2023,2025-12-05 15:28:00,1,972,97224,2,1,1,3,1348 Gondeau,14.653742,-61.037979
202300052017,3,1,2023,2025-12-05 17:05:00,5,94,94028,2,1,1,3,140 Avenue Du Marechal Foch,48.78659285,2.43606001
202300052018,28,11,2023,2025-12-05 21:40:00,5,974,97411,2,3,1,3,Mace (Boulevard Gabriel),-20.87246,55.44967
202300052019,13,3,2023,2025-12-05 13:01:00,1,2B,2B120,2,1,8,3,11 - Rt,42.65,9.41
202300052020,23,8,2023,2025-12-05 13:30:00,1,76,76351,1,3,1,3,Leningrad (Bd De),49.49977,0.16621
202300052021,16,7,2023,2025-12-05 13:50:00,1,75,75112,1,1,1,4,A4,48.819353,2.458441
202300052022,16,2,2023,2025-12-05 19:05:00,5,63,63284,2,1,1,2,4 Rue De La Fontaine Ballet,45.796408,3.241589
202300052023,12,6,2023,2025-12-05 09:40:00,1,13,13087,1,2,1,3,Avenue De La Begude,43.489276,5.629817
202300052024,1,12,2023,2025-12-05 16:30:00,1,973,97302,2,1,1,3,Madeleine (Route De La),4.92264867,-52.32339156
202300052025,9,5,2023,2025-12-05 11:40:00,1,50,50419,2,5,2,3,Rue Du Mont Saint Michel,48.970361,-1.468021
202300052026,3,1,2023,2025-12-05 15:50:00,1,94,94069,2,2,1,3,Pont De Charenton,48.81779754,2.41975976
202300052027,24,8,2023,2025-12-05 17:10:00,1,69,69264,2,2,1,3,Rue Francois Meunier Vial,45.99523,4.73402
202300052028,16,7,2023,2025-12-05 09:20:00,1,77,77337,1,9,1,6,Rn104,48.829067,2.618663
202300052029,15,2,2023,2025-12-05 20:00:00,5,42,42022,2,6,1,3,Avenue De La Mairie,45.523473,4.217924
202300052030,27,3,2023,2025-12-05 09:15:00,1,95,95203,2,4,1,3,Rue Du General Leclerc,48.989032,2.274323
202300052031,29,10,2023,2025-12-05 01:30:00,5,58,58085,2,1,2,7,Rue De Derriere Les Murs,47.432126,3.405397
202300052032,27,9,2023,2025-12-05 14:30:00,1,77,77132,2,1,1,2,Av Robert Schuman,48.87085,2.79589
202300052033,1,6,2023,2025-12-05 18:10:00,1,77,77440,1,1,1,6,D603,48.946351,3.096219
202300052034,1,12,2023,2025-12-05 14:25:00,1,973,97302,2,1,1,3,Ste Therese(Cite Anatole),4.93853735,-52.31771368
202300052035,3,1,2023,2025-12-05 14:20:00,1,94,94017,2,2,8,3,Rue Louis Talamoni,48.813795,2.510274
202300052036,17,2,2023,2025-12-05 01:42:00,3,69,69289,2,6,1,7,Route D'Heyrieux,45.647168,5.026889
202300052037,23,8,2023,2025-12-05 18:30:00,1,69,69264,2,3,1,1,Boulevard General Leclerc,45.99841,4.70854
202300052038,9,5,2023,2025-12-05 18:00:00,1,50,50388,1,3,2,3,Rue Des Forges,49.00307,-1.45869
202300052039,29,10,2023,2025-12-05 08:02:00,1,54,54128,1,1,2,7,N4,48.65820109,5.8381176
202300052040,13,6,2023,2025-12-05 10:10:00,1,2A,2A247,2,1,1,1,Avenue George Pompidou,41.588875,9.284665
202300052041,1,12,2023,2025-12-05 18:00:00,5,69,69388,2,1,2,3,Avenue General Frere,45.72658,4.88586
202300052042,27,9,2023,2025-12-05 12:15:00,1,69,69029,2,3,1,6,Rue Guillermin,45.7465702,4.92518159
202300052043,16,7,2023,2025-12-05 05:55:00,2,77,77122,1,1,1,7,Rn104,48.645664,2.55159
202300052044,29,10,2023,2025-12-05 18:28:00,3,50,50215,1,1,1,2,D650,49.088363,-1.59938
202300052045,20,8,2023,2025-12-05 17:10:00,1,69,69264,2,2,1,3,Boulevard General Leclerc,45.99842,4.70852
202300052046,4,1,2023,2025-12-05 13:36:00,1,93,93078,2,6,1,2,Avenue Georges Clemenceau / Boulevard Robert Ballanger,48.96052,2.55615
202300052047,17,2,2023,2025-12-05 15:10:00,1,81,81120,1,1,1,1,N112,43.5577433,2.2785555
202300052048,30,3,2023,2025-12-05 09:30:00,1,91,91326,2,1,1,6,Monttessuy (Rue De),48.688,2.385
202300052049,9,5,2023,2025-12-05 18:30:00,1,50,50568,1,2,1,7,D73 D235,49.001422,-1.443157
202300052050,9,6,2023,2025-12-05 13:00:00,1,66,66133,1,2,1,3,Adresse_Inconnue,42.572124,2.972671
202300052051,1,12,2023,2025-12-05 15:55:00,1,972,97213,2,1,1,3,Z I Les Mangles,14.6225,-61.015
202300052052,29,10,2023,2025-12-05 08:30:00,2,45,45035,2,1,3,6,Rue Du Chesnoy,48.0378683,2.38591969
202300052053,27,9,2023,2025-12-05 08:44:00,1,69,69286,1,6,1,3,Chemin Du Champ Du Roy,45.8297,4.9075
202300052054,30,4,2023,2025-12-05 08:00:00,1,43,43020,2,1,1,6,Pont De Bas En Basset,45.295939,4.117143
202300052055,4,1,2023,2025-12-05 17:50:00,5,93,93033,2,2,2,3,Avenue Aristide Briand / Rue Des Rosiers,48.85546,2.57595
202300052056,24,8,2023,2025-12-05 16:50:00,1,69,69259,2,3,1,3,Rue Marius Martin,45.70761,4.86888
202300052057,16,2,2023,2025-12-05 15:15:00,1,44,44047,2,3,1,3,21 Rue Fernand Doceul,47.2209344,-1.72114134
202300052058,13,6,2023,2025-12-05 08:50:00,1,34,34022,1,1,1,3,8 Rue Du Mas De La Treille,43.65543,4.0028
202300052059,28,10,2023,2025-12-05 20:15:00,3,43,43025,1,1,6,6,Rd 461,45.254309,4.122335
202300052060,9,5,2023,2025-12-05 09:39:00,1,64,64001,1,4,1,1,D 311,43.288093,-0.074978
202300052061,23,8,2023,2025-12-05 17:40:00,2,69,69259,2,1,1,6,Rue De L'Industrie,45.70894,4.88255
202300052062,15,7,2023,2025-12-05 09:35:00,1,85,85191,2,1,8,6,Rue Francois Cevert,46.697797,-1.426615
202300052063,26,9,2023,2025-12-05 13:10:00,1,67,67482,2,9,1,3,Arthur Rimbaud (Rue),48.59,7.713
202300052064,4,1,2023,2025-12-05 16:50:00,5,93,93048,2,3,2,6,Boulevard Aristide Briand / Rue Charles Delescluze,48.87729336,2.45679778
202300052065,30,3,2023,2025-12-05 16:57:00,1,90,90001,2,1,1,2,Rue Des Pres,47.606962,6.861964
202300052066,1,12,2023,2025-12-05 10:15:00,1,69,69384,2,1,2,4,Quai Joseph Gillet,45.7882,4.8186
202300052067,16,2,2023,2025-12-05 21:25:00,5,33,33096,1,1,1,6,Autoroute A 10,44.88991,-0.50317
202300052068,4,1,2023,2025-12-05 06:57:00,5,93,93048,2,1,2,6,Rue Franklin,48.86152,2.44359
202300052069,11,3,2023,2025-12-05 11:40:00,1,89,89387,2,1,1,6,Heros (Place Des),48.198,3.29
202300052070,13,6,2023,2025-12-05 07:40:00,1,84,84132,1,2,1,3,Route De Fontaine De Vaucluse,43.902995,5.01072
202300052071,23,8,2023,2025-12-05 12:00:00,1,69,69029,2,3,1,2,Rue Lionel Terray,45.72958,4.89398
202300052072,15,7,2023,2025-12-05 16:25:00,1,79,79300,2,1,1,6,Adresse_Inconnue,46.9981,-0.20891
202300052073,27,9,2023,2025-12-05 12:50:00,1,64,64545,2,3,1,3,Paul Gelos (Rue),43.37795,-1.67236
202300052074,1,5,2023,2025-12-05 14:36:00,1,53,53135,1,2,1,3,D153,47.916213,-1.001242
202300052075,1,12,2023,2025-12-05 06:00:00,2,971,97113,2,6,1,6,Rn4 - Section Riviera,16.21347268,-61.47770047
202300052076,28,10,2023,2025-12-05 13:30:00,1,43,43244,1,3,1,3,Route De Saint-Etienne,45.139882,4.294906
202300052077,16,2,2023,2025-12-05 17:50:00,1,33,33550,1,1,1,5,Rocade A 630,44.78265,-0.58633
202300052078,3,1,2023,2025-12-05 16:30:00,1,92,92073,2,1,1,3,Jaures (Avenue Jean),48.86274,2.21028
202300052079,23,8,2023,2025-12-05 11:40:00,1,64,64122,2,9,1,6,Reptou (Rue Du),43.47243,-1.55587
202300052080,12,6,2023,2025-12-05 20:00:00,1,57,57058,2,3,1,6,Rue Des Roses,49.167963,6.933371
202300052081,27,9,2023,2025-12-05 19:44:00,1,64,64269,1,9,1,6,Cam Marty De,43.29468,-0.32408
202300052082,4,1,2023,2025-12-05 12:45:00,1,92,92064,2,1,2,7,Andre Chevrillon,48.8477,2.22039
202300052083,15,7,2023,2025-12-05 06:51:00,2,94,94022,1,1,2,2,A86,48.77312,2.40147
202300052084,28,10,2023,2025-12-05 14:30:00,1,36,36088,2,1,8,3,Rue De Lattre De Tassigny,46.955916,2.004533
202300052085,3,5,2023,2025-12-05 15:20:00,1,27,27135,1,2,1,1,D24,49.183101,0.972497
202300052086,30,11,2023,2025-12-05 18:30:00,4,971,97101,2,9,1,2,Boisripeaux,16.27762045,-61.49990916
202300052087,12,6,2023,2025-12-05 19:40:00,1,3,3139,1,1,2,6,Departementale 7,46.012403,3.725266
202300052088,27,3,2023,2025-12-05 19:13:00,1,87,87085,2,1,1,4,Port Du Naveix (Rue Du),45.83732,1.28017
202300052089,18,8,2023,2025-12-05 19:15:00,1,64,64122,2,3,1,3,Helianthe ),43.47841952,-1.56491071
202300052090,16,2,2023,2025-12-05 17:50:00,1,33,33192,1,1,1,3,Rocade A 630,44.78929,-0.61948
202300052091,4,1,2023,2025-12-05 19:25:00,5,92,92020,2,1,2,7,Paris Avenue De Ndeg2 A82,48.80411789,2.28878152
202300052092,22,9,2023,2025-12-05 14:40:00,1,64,64445,2,2,2,3,Castetnau,43.30039,-0.36501
202300052093,29,10,2023,2025-12-05 01:42:00,3,7,7240,1,1,1,7,"Route Departementale 86, Pk63",44.857816,4.83201
202300052094,11,6,2023,2025-12-05 11:20:00,1,7,7107,2,1,1,6,165 Allee Marie Sauzee,44.636613,4.259305
202300052095,26,3,2023,2025-12-05 16:10:00,1,83,83061,1,1,1,6,Rn7,43.50166,6.79371
202300052096,16,2,2023,2025-12-05 10:30:00,1,94,94034,1,1,1,6,A86,48.76101392,2.31812717
202300052097,9,5,2023,2025-12-05 18:52:00,1,30,30228,1,1,2,1,D418,43.930029,4.319301
202300052098,14,7,2023,2025-12-05 00:40:00,5,77,77373,2,3,1,6,Av Du Duc De Dantzig,48.806292,2.616563