num_acc,jour,mois,an,hrmn,lum,dep,com,agg,int,atm,col,adr,lat,long
202300052099,1,12,2023,2025-12-05 19:08:00,5,2A,2A004,2,1,1,4,T22,41.95,8.769
202300052100,21,8,2023,2025-12-05 11:20:00,1,64,64122,2,1,1,6,Vierge (Esplanade De La),43.48336,-1.56825
202300052101,27,9,2023,2025-12-05 04:05:00,3,61,61397,2,1,5,6,D30 Pr0+220,48.4215,0.07936
202300052102,3,1,2023,2025-12-05 18:45:00,5,92,92036,2,1,1,6,Lucien Lanternier (Avenue) (19/65),48.931776,2.289134
202300052103,9,5,2023,2025-12-05 12:01:00,1,52,52398,1,1,2,7,Route Departementale 16,48.401516,5.23638086
202300052104,29,3,2023,2025-12-05 16:40:00,1,78,78551,2,1,1,6,Marche Neuf (Place Du),48.89827,2.08924
202300052105,23,8,2023,2025-12-05 05:45:00,3,64,64024,2,1,1,7,Pee (Route De Saint),43.45622,-1.50812
202300052106,1,12,2023,2025-12-05 20:30:00,5,95,95680,2,9,1,6,D316C2,49.003485,2.384566
202300052107,15,2,2023,2025-12-05 18:10:00,2,93,93007,1,1,1,3,Autoroute A3,48.93614,2.48024
202300052108,12,6,2023,2025-12-05 07:27:00,2,1,1405,1,3,1,2,D1083,46.118895,5.154661
202300052109,4,1,2023,2025-12-05 08:35:00,1,92,92026,2,1,1,3,Saint-Denis Bd De (01 A 197 / 02 A 118),48.89811,2.26384
202300052110,27,9,2023,2025-12-05 11:11:00,1,58,58194,2,1,1,3,Republique (Boulevard),46.99088,3.16969
202300052111,28,10,2023,2025-12-05 15:35:00,1,53,53219,2,1,3,5,Rn12,48.31022,-0.69458
202300052112,13,7,2023,2025-12-05 16:00:00,1,77,77131,2,2,1,6,8 Mai 1945 (Place Du),48.80787,3.08269
202300052113,24,8,2023,2025-12-05 12:15:00,1,63,63113,2,9,1,6,Delille (Place),45.78003,3.09131
202300052114,9,5,2023,2025-12-05 09:10:00,1,26,26088,1,9,1,7,A49 - Bif7.3,45.025555,5.080962
202300052115,15,2,2023,2025-12-05 10:20:00,1,93,93007,1,1,1,2,Autoroute A3,48.93362,2.48067
202300052116,1,12,2023,2025-12-05 18:50:00,5,91,91552,2,6,1,6,Rue D'Aulnay,48.59468,2.26423
202300052117,5,6,2023,2025-12-05 08:50:00,2,44,44026,2,1,1,3,Avenue Syrma,47.27876,-1.474711
202300052118,27,10,2023,2025-12-05 19:40:00,3,40,40014,1,1,2,6,D9,44.0755,-0.372162
202300052119,4,1,2023,2025-12-05 14:00:00,1,37,37153,1,1,2,6,Rd910,47.484765,0.76892
202300052120,9,5,2023,2025-12-05 06:00:00,2,49,49377,1,1,3,6,A11,47.51907615,-0.42970866
202300052121,12,7,2023,2025-12-05 22:30:00,5,93,93048,2,1,1,7,Boulevard Rouget De Lisle,48.86176,2.44097
202300052122,26,9,2023,2025-12-05 17:55:00,1,56,56121,2,3,1,3,Lagrange (Rue  Leo ),47.76169,-3.37655
202300052123,23,8,2023,2025-12-05 12:04:00,1,63,63113,2,1,1,7,Carnot (Avenue),45.7763,3.0914
202300052124,12,6,2023,2025-12-05 16:45:00,1,29,29247,2,1,1,6,Allee Du Bois,47.928196,-4.014551
202300052125,30,11,2023,2025-12-05 13:30:00,1,91,91103,2,6,1,3,Av De La Commune De Paris,48.588326,2.301336
202300052126,27,10,2023,2025-12-05 09:30:00,1,87,87047,1,1,2,7,Route D?Angelard,45.983589,1.295614
202300052127,3,1,2023,2025-12-05 08:00:00,3,79,79057,1,1,5,6,Adresse_Inconnue,46.124147,-0.208955
202300052128,10,6,2023,2025-12-05 17:21:00,1,54,54027,1,1,1,6,Autoroute A 31,48.880638,6.096365
202300052129,16,2,2023,2025-12-05 09:50:00,1,94,94073,1,1,1,5,A86,48.77093879,2.38756083
202300052130,22,8,2023,2025-12-05 20:30:00,1,62,62427,1,1,1,2,D47,50.38355615,2.99430907
202300052131,11,7,2023,2025-12-05 19:20:00,5,974,97411,2,9,1,1,Camelias (Rue Des),-20.89598,55.4637
202300052132,9,5,2023,2025-12-05 17:40:00,1,6,6018,1,3,1,3,Route De Valbonne,43.639445,7.056323
202300052133,28,10,2023,2025-12-05 01:30:00,3,987,98752,1,1,1,6,Pk 42+600,-17.722,-149.399
202300052134,26,9,2023,2025-12-05 10:05:00,1,54,54578,2,1,1,2,Boulevard Des Aiguillettes,48.67266,6.15441
202300052135,3,1,2023,2025-12-05 15:15:00,1,62,62166,1,1,1,6,D916,50.452476,2.385836
202300052136,1,12,2023,2025-12-05 06:40:00,5,91,91589,2,3,1,3,Av De L Armee Leclerc,48.687512,2.336514
202300052137,23,8,2023,2025-12-05 11:39:00,1,62,62548,2,9,1,6,Rue Henri Ravisse,50.94104,1.93258
202300052138,30,3,2023,2025-12-05 00:30:00,3,77,77445,2,1,1,1,Moulin (Avenue Jean),48.601523,2.581
202300052139,9,6,2023,2025-12-05 15:00:00,1,67,67482,1,1,1,2,M35,48.590829,7.733909
202300052140,13,3,2023,2025-12-05 23:15:00,3,62,62826,1,1,1,3,Avenue Francois Godin,50.4899,1.60601
202300052141,15,2,2023,2025-12-05 20:30:00,5,75,75118,2,1,1,2,Porte De Saint Ouen,48.900616,2.330349
202300052142,26,9,2023,2025-12-05 10:00:00,1,54,54304,2,1,1,2,Avenue De La Resistance,48.69483648,6.12619758
202300052143,5,1,2023,2025-12-05 09:54:00,1,83,83073,2,1,1,6,Dn7,43.393697,6.323555
202300052144,27,10,2023,2025-12-05 18:00:00,1,24,24450,1,1,2,1,Route Du Riol,44.747998,1.254684
202300052145,9,5,2023,2025-12-05 14:45:00,1,77,77071,1,1,2,2,"Autoroute A6, Pk 84+300, Sens Paris-Lyon",48.193785,2.81235
202300052146,24,8,2023,2025-12-05 20:30:00,5,59,59527,2,1,1,6,Leclerc Rue Du General,50.66124,3.05026
202300052147,10,6,2023,2025-12-05 17:10:00,1,59,59609,1,1,1,2,Autoroute A1,50.5708,3.0781
202300052148,7,7,2023,2025-12-05 19:30:00,1,89,89387,2,1,7,6,Lepelletier De Saint Fargeau (Rue),48.19808,3.272213
202300052149,1,12,2023,2025-12-05 14:10:00,1,84,84035,1,9,2,5,Robion-Rd2 (Route De),43.843105,5.075533
202300052150,26,9,2023,2025-12-05 17:45:00,1,54,54483,2,1,1,2,Rue Anatole France,48.632138,6.305999
202300052151,4,1,2023,2025-12-05 19:00:00,3,82,82101,1,2,1,6,267 Lieu-Dit Au Goulat,44.085759,0.985014
202300052152,15,2,2023,2025-12-05 11:45:00,1,75,75117,2,1,1,2,Porte De Champerret,48.887035,2.29029
202300052153,22,8,2023,2025-12-05 10:20:00,1,57,57672,2,1,1,6,Liberation (Allee De La) - Pair,49.36525,6.15188
202300052154,8,5,2023,2025-12-05 11:45:00,1,78,78410,1,4,1,7,Route Departementale 37,49.075658,1.630896
202300052155,7,6,2023,2025-12-05 19:45:00,1,59,59378,1,1,1,6,Autoroute A22,50.69693344,3.11408091
202300052156,1,12,2023,2025-12-05 19:55:00,5,83,83137,2,1,2,6,Lacroix (Rue Du Lieutenant Henri),43.10853,5.9353
202300052157,15,7,2023,2025-12-05 18:30:00,3,974,97416,1,1,2,6,Rn3 (3),-21.31033,55.49707
202300052158,25,10,2023,2025-12-05 21:00:00,3,78,78189,1,1,2,7,Route Departementale,48.887107,1.901639
202300052159,26,9,2023,2025-12-05 08:20:00,1,52,52121,2,1,1,6,Republique (Avenue),48.10467057,5.14286757
202300052160,5,1,2023,2025-12-05 13:25:00,1,47,47043,1,1,1,4,Route De Vianne,44.244753,0.315621
202300052161,12,6,2023,2025-12-05 17:31:00,1,91,91174,1,1,1,6,Rn 104,48.623195,2.466611
202300052162,14,2,2023,2025-12-05 21:15:00,1,75,75113,2,1,1,3,Porte D Ivry,48.820798,2.376664
202300052163,15,7,2023,2025-12-05 23:20:00,3,974,97416,1,1,3,7,Rn1,-21.32405,55.44682
202300052164,23,8,2023,2025-12-05 11:30:00,1,54,54395,2,2,1,3,Rue Henri Deglin,48.70149,6.18128
202300052165,27,9,2023,2025-12-05 12:10:00,1,51,51454,2,1,1,6,Louvois (Rue De) Du Ndeg140 A Fin Et Du Ndeg,49.22877,4.03712
202300052166,9,5,2023,2025-12-05 17:15:00,1,2B,2B313,2,1,1,2,Rt10 Moriani Plage,42.3668,9.529604
202300052167,1,12,2023,2025-12-05 18:15:00,5,82,82033,2,2,1,3,Route Quercy-Gascogne,44.05914,1.10228
202300052168,12,6,2023,2025-12-05 16:46:00,1,92,92064,1,1,1,2,A13,48.83936013,2.21689418
202300052169,4,1,2023,2025-12-05 16:20:00,1,25,25262,1,1,1,1,D461,47.13649,6.615572
202300052170,26,9,2023,2025-12-05 15:50:00,1,50,50129,2,3,1,6,Lansonneur (Rue Louis),49.62042,-1.62687
202300052171,15,2,2023,2025-12-05 18:00:00,1,75,75120,2,2,1,3,Rue De La Bidassoa,48.865776,2.394371
202300052172,15,7,2023,2025-12-05 20:15:00,5,974,97416,2,2,2,3,Boeuf(Chemin),-21.28952,55.4646
202300052173,30,3,2023,2025-12-05 08:50:00,1,77,77186,1,2,1,5,Rd606. De La Rochette A L'Obelisque,48.48112,2.66907
202300052174,30,11,2023,2025-12-05 07:15:00,2,80,80021,2,2,1,3,Saint Maurice (Rue),49.90418,2.28811
202300052175,24,8,2023,2025-12-05 18:31:00,2,54,54149,2,1,2,1,D521,49.42816,5.93155
202300052176,12,6,2023,2025-12-05 09:20:00,1,92,92048,1,1,1,2,N118,48.80998652,2.21231344
202300052177,6,5,2023,2025-12-05 13:00:00,1,66,66065,2,3,1,3,Adresse_Inconnue,42.598207,2.97597
202300052178,26,9,2023,2025-12-05 19:05:00,1,50,50129,2,6,1,3,Brecourt (Rond Point De ),49.65379,-1.67616
202300052179,23,8,2023,2025-12-05 16:36:00,1,54,54382,1,9,1,6,Avenue De L'Europe,49.541781,5.797223
202300052180,30,3,2023,2025-12-05 11:00:00,1,69,69266,2,1,1,3,138 Cours Emile Zola,45.77006,4.8765
202300052181,15,2,2023,2025-12-05 16:00:00,1,75,75119,2,1,1,2,Rue Des Fetes,48.876138,2.392052
202300052182,5,1,2023,2025-12-05 17:00:00,1,44,44131,2,1,8,3,19 Rue Charles De Foucauld,47.11377,-2.131134
202300052183,12,6,2023,2025-12-05 06:40:00,1,78,78402,1,1,1,6,A13,48.96518,1.763334
202300052184,15,7,2023,2025-12-05 07:22:00,1,974,97416,1,1,2,2,Rn03,-21.3183,55.4898
202300052185,9,5,2023,2025-12-05 17:30:00,1,83,83001,1,1,1,1,D37,43.553987,6.795924
202300052186,1,12,2023,2025-12-05 18:05:00,5,79,79259,2,2,1,2,Adresse_Inconnue,46.96389,-0.21008
202300052187,26,9,2023,2025-12-05 18:56:00,1,49,49353,2,1,1,3,Republique Avenue,47.44751,-0.50025
202300052188,24,8,2023,2025-12-05 13:20:00,1,51,51454,2,1,8,6,Lecointe (Rue Sadi),49.25678,4.06405
202300052189,10,6,2023,2025-12-05 07:30:00,1,75,75116,1,1,1,3,A13Y,48.848364,2.247631
202300052190,15,2,2023,2025-12-05 09:15:00,1,75,75119,2,1,1,3,Boulevard Serurier,48.878563,2.402539
202300052191,29,3,2023,2025-12-05 12:30:00,1,64,64140,2,3,1,3,Moulin D'Hureous (Rue Du),43.53239,-1.47226
202300052192,15,7,2023,2025-12-05 19:15:00,3,974,97411,1,9,1,2,Littoral (Route 1 Du),-20.87418371,55.42956591
202300052193,9,5,2023,2025-12-05 21:10:00,5,4,4143,2,1,1,6,18 Avenue Charles Richaud,43.920826,5.91676
202300052194,1,12,2023,2025-12-05 19:57:00,5,78,78440,2,1,1,4,Marechal Foch (Avenue Du),48.985525,1.894033
202300052195,5,1,2023,2025-12-05 14:15:00,1,38,38065,1,1,8,5,D520,45.448842,5.400209
202300052196,26,9,2023,2025-12-05 11:35:00,1,49,49353,2,1,1,7,Jean Jaures Rue,47.44231,-0.49428
202300052197,24,8,2023,2025-12-05 09:30:00,1,51,51454,2,2,1,6,Talleyrand (Rue),49.25423,4.03029
202300052198,9,5,2023,2025-12-05 07:00:00,4,42,42168,2,1,1,6,Route De Maclas,45.406164,4.682161
202300052199,15,2,2023,2025-12-05 18:30:00,5,75,75118,2,3,8,6,Rue Des Poissonniers,48.894231,2.352881
202300052200,1,12,2023,2025-12-05 15:35:00,1,78,78401,2,1,1,6,Albert Jozon (Rue),49.00535,1.90659
202300052201,9,6,2023,2025-12-05 08:00:00,1,78,78322,1,1,1,4,Rn12 Ext,48.78315,2.159296
202300052202,29,3,2023,2025-12-05 14:33:00,1,63,63113,2,2,1,3,Av Republique / Catarou,45.78757,3.10575
202300052203,27,9,2023,2025-12-05 20:20:00,4,47,47001,2,1,1,6,Bru (Avenue Du Docteur Jean),44.19362,0.61887
202300052204,15,7,2023,2025-12-05 09:00:00,1,974,97411,2,9,1,3,Victoire (Avenue De La),-20.87662,55.44786
202300052205,4,1,2023,2025-12-05 01:50:00,3,14,14249,1,1,6,6,D8,49.121074,-0.468678
202300052206,23,8,2023,2025-12-05 11:10:00,1,51,51454,2,6,1,3,Rue Saint-Leonard,49.24058,4.04506
202300052207,14,2,2023,2025-12-05 12:48:00,1,75,75106,2,3,1,6,Boulevard Du Montparnasse,48.840585,2.3337
202300052208,30,4,2023,2025-12-05 14:15:00,1,38,38557,1,1,1,1,Rue Des Marais,45.785662,5.078033
202300052209,1,12,2023,2025-12-05 20:18:00,3,77,77350,1,1,1,7,D471,48.781218,2.709808
202300052210,9,6,2023,2025-12-05 18:00:00,1,93,93066,1,1,1,2,Autoroute A1,48.90397188,2.35851769
202300052211,30,3,2023,2025-12-05 13:45:00,1,62,62498,2,1,1,3,Rue Jean Letienne,50.42793356,2.82697964
202300052212,5,1,2023,2025-12-05 16:15:00,2,60,60155,1,1,2,1,D929,49.28570389,2.35879654
202300052213,26,9,2023,2025-12-05 18:40:00,1,44,44184,2,4,1,1,13 Rue Ambroise Pare,47.26017,-2.23624
202300052214,23,8,2023,2025-12-05 08:07:00,1,50,50129,1,6,7,3,Bate (Rond Point),49.63686,-1.55008
202300052215,15,7,2023,2025-12-05 18:10:00,1,973,97302,2,1,1,3,Madeleine (Route De La),4.92539794,-52.3225379
202300052216,1,1,2023,2025-12-05 22:40:00,3,16,16075,1,1,2,6,D7,45.512719,0.037535
202300052217,30,3,2023,2025-12-05 23:55:00,5,61,61143,2,6,3,7,Route D'Ecouves,48.454253,0.084609
202300052218,9,6,2023,2025-12-05 17:45:00,1,95,95527,1,1,1,2,A1,48.99286381,2.51394314
202300052219,15,2,2023,2025-12-05 10:30:00,1,75,75110,2,1,1,2,Rue Du Faubourg Saint Martin,48.883078,2.367624
202300052220,14,11,2023,2025-12-05 18:40:00,5,76,76540,2,6,1,6,Boulevard Gambetta,49.44186989,1.11266371
202300052221,23,8,2023,2025-12-05 18:40:00,1,49,49007,2,1,1,6,Auriol,47.49319,-0.56545
202300052222,24,9,2023,2025-12-05 16:45:00,1,42,42186,2,1,1,3,Rue Edouard Vaillant,45.52024,4.59582
202300052223,11,6,2023,2025-12-05 17:00:00,1,69,69264,2,1,1,6,Rue Du Garet,45.99796,4.72077
202300052224,1,12,2023,2025-12-05 11:10:00,1,76,76575,1,1,1,2,D18 E,49.36674,1.09268
202300052225,29,3,2023,2025-12-05 17:50:00,1,60,60057,2,2,1,3,Avenue De L'Europe,49.4382,2.0767
202300052226,5,1,2023,2025-12-05 12:30:00,1,40,40282,2,3,1,2,Route De Mont-De-Marsan,43.77293,-0.568816
202300052227,10,5,2023,2025-12-05 17:40:00,1,38,38158,2,3,1,3,Rue Mendes France,45.152116,5.747775
202300052228,19,8,2023,2025-12-05 19:00:00,1,47,47323,2,1,1,6,Silos (Rue Des),44.40158614,0.70355001
202300052229,15,7,2023,2025-12-05 02:50:00,5,69,69387,2,3,1,1,Avenue Berthelot,45.748,4.83306
202300052230,27,9,2023,2025-12-05 15:25:00,1,37,37233,2,1,1,6,Republique (Avenue De La),47.3897,0.72352
202300052231,15,2,2023,2025-12-05 06:30:00,5,75,75110,2,4,1,3,Rue Du Faubourg Saint Martin,48.878904,2.362294
202300052232,23,3,2023,2025-12-05 07:00:00,1,2A,2A271,1,1,1,3,T20,41.969236,8.817553
202300052233,30,11,2023,2025-12-05 14:25:00,1,76,76296,1,1,1,1,Liberation (Rue De La ),49.51769568,0.25179505
202300052234,30,3,2023,2025-12-05 14:00:00,1,59,59512,2,1,2,3,Motte (Avenue Alfred),50.67480526,3.19463968
202300052235,9,5,2023,2025-12-05 17:15:00,1,7,7324,2,1,2,7,Avenue De Nimes,45.056721,4.839896
202300052236,5,1,2023,2025-12-05 09:17:00,1,40,40212,1,2,8,3,D817,43.557463,-1.14595
202300052237,11,6,2023,2025-12-05 11:00:00,1,974,97416,1,1,1,7,Rn1 (Route Nationale),-21.32009429,55.4460454
202300052238,24,8,2023,2025-12-05 09:00:00,1,30,30243,2,3,1,3,Avenue Jean Moulin,44.0833,4.077
202300052239,14,7,2023,2025-12-05 23:11:00,5,972,97213,1,1,1,3,Route Departementale 14,14.62379961,-61.01872344
202300052240,27,9,2023,2025-12-05 12:15:00,1,35,35278,2,3,1,3,Milon (Rue A),48.15436,-1.68382
202300052241,1,12,2023,2025-12-05 18:25:00,5,74,74118,2,5,3,3,Deportes (Route Des ),46.18139,6.22996
202300052242,30,3,2023,2025-12-05 12:40:00,1,59,59350,2,3,1,3,Mathias Ferdinand Rue,50.62208,3.10082
202300052243,2,5,2023,2025-12-05 14:45:00,1,7,7264,2,1,1,1,175 Avenue De Provence,44.323729,4.616044
202300052244,15,2,2023,2025-12-05 12:00:00,1,75,75109,2,3,1,3,Rue La Bruyere,48.879744,2.332838
202300052245,5,1,2023,2025-12-05 08:00:00,3,27,27105,1,1,2,2,D438,49.315751,0.895214
202300052246,11,6,2023,2025-12-05 14:00:00,1,974,97407,2,1,1,1,Jacques Duclos (Rue) - Riviere Des Gal,-20.96209,55.31791
202300052247,1,12,2023,2025-12-05 13:30:00,1,72,72181,1,9,1,6,Premiere Division Francaise (Bd),48.02188845,0.22904634
202300052248,23,8,2023,2025-12-05 11:00:00,1,29,29151,2,3,1,3,Rue De Brest,48.57134,-3.83704
202300052249,15,7,2023,2025-12-05 10:35:00,1,972,97209,2,1,1,2,Entraide (Route De L'),14.60620365,-61.06270373
202300052250,23,3,2023,2025-12-05 09:00:00,1,59,59328,2,3,8,6,Lille Rue De,50.64825066,3.04466421
202300052251,24,9,2023,2025-12-05 15:40:00,1,34,34301,2,1,1,6,Avenue Des Eaux Blanches,43.41754,3.71209
202300052252,5,1,2023,2025-12-05 08:45:00,1,6,6018,1,1,1,2,Route Des Dolines,43.621864,7.058533
202300052253,11,6,2023,2025-12-05 14:40:00,1,973,97302,2,1,8,3,Raban (Route De),4.93442973,-52.31385988
202300052254,30,11,2023,2025-12-05 17:45:00,5,72,72181,2,9,2,3,Heuze Olivier (Av) Ndeg Imp De 1 A 239,47.993092,0.174764
202300052255,15,2,2023,2025-12-05 19:05:00,2,75,75108,2,3,1,6,Rue De La Ville L Eveque,48.87192,2.318694
202300052256,10,5,2023,2025-12-05 07:30:00,1,1,1390,1,2,1,3,Route De Ricoty,45.820773,5.243939
202300052257,29,3,2023,2025-12-05 11:35:00,1,49,49007,2,2,8,1,Dunant Boulevard,47.48282,-0.52236
202300052258,18,8,2023,2025-12-05 17:20:00,1,29,29019,2,6,1,2,Rue De Gouesnou,48.409084,-4.468101
202300052259,27,9,2023,2025-12-05 13:00:00,1,31,31555,2,1,1,3,Rte De Saint Simon,43.578052,1.390456
202300052260,15,7,2023,2025-12-05 06:05:00,1,69,69149,2,3,1,1,Rue Marx Dormoy,45.70855663,4.81413803
202300052261,4,1,2023,2025-12-05 13:40:00,1,49,49306,1,1,2,2,Saint-Leger-De-Linieres,47.44079101,-0.75466636
202300052262,11,6,2023,2025-12-05 18:55:00,1,69,69383,2,2,1,3,Cours Docteur Long,45.74991,4.88573
202300052263,9,5,2023,2025-12-05 22:15:00,3,85,85189,1,1,1,6,1985 Route De Challans,46.769108,-1.874212
202300052264,30,3,2023,2025-12-05 17:00:00,1,47,47001,2,1,1,3,Gaillard (Av. Et Pont De),44.22207,0.6316
202300052265,2,12,2023,2025-12-05 00:15:00,5,69,69275,1,1,2,1,Rue Elisee Reclus,45.75615,4.95431
202300052266,4,1,2023,2025-12-05 15:40:00,1,51,51515,1,1,2,7,A4,49.036011,4.613485
202300052267,14,2,2023,2025-12-05 13:00:00,1,75,75108,2,2,1,3,Rue De Courcelles,48.876373,2.307912
202300052268,22,8,2023,2025-12-05 10:01:00,1,14,14366,2,3,1,6,103 Avenue Du 6 Juin,49.141538,0.213603
202300052269,23,9,2023,2025-12-05 17:30:00,1,31,31555,2,9,1,3,Av Paul Sejourne,43.605826,1.42813951
202300052270,15,7,2023,2025-12-05 10:20:00,1,971,97101,2,6,1,6,Rond Point Ignace,16.2430101,-61.53085113
202300052271,30,3,2023,2025-12-05 07:50:00,1,44,44143,2,1,1,6,Boulevard Du General De Gaulle,47.192421,-1.5547733
202300052272,11,6,2023,2025-12-05 16:45:00,1,69,69383,2,1,1,6,134 Avenue Lacassagne,45.74658,4.88526
202300052273,1,12,2023,2025-12-05 17:10:00,2,69,69266,2,1,2,2,60 Rue Lucette Et Rene Desgrand,45.78558,4.90454
202300052274,15,7,2023,2025-12-05 01:30:00,5,971,97113,1,1,1,6,Rn4 - Section Riviera,16.21793,-61.49851
202300052275,27,9,2023,2025-12-05 07:45:00,1,31,31555,2,1,1,3,Etroits (Che Des) Du 1Au 159,43.566,1.43987
202300052276,9,5,2023,2025-12-05 12:10:00,1,49,49194,1,2,8,3,Route De La Roche,47.472743,-0.282351
202300052277,5,1,2023,2025-12-05 08:50:00,1,14,14269,1,1,2,5,459 Route De Blangy-Le-Chateau,49.250479,0.226001
202300052278,1,12,2023,2025-12-05 13:50:00,1,69,69264,2,6,2,7,Rue Francois Meunier Vial,45.99363,4.73438
202300052279,15,2,2023,2025-12-05 07:30:00,2,75,75107,2,2,1,3,Boulevard Raspail,48.8545,2.325798
202300052280,24,8,2023,2025-12-05 00:45:00,5,14,14118,2,8,1,3,30 Place De La Liberte,49.16143,-0.34232
202300052281,10,6,2023,2025-12-05 21:20:00,4,972,97213,1,1,1,6,Route Departementale 3,14.63901,-60.99186
202300052282,9,5,2023,2025-12-05 23:00:00,3,49,49138,1,1,1,7,D61,47.506918,-0.221518
202300052283,15,7,2023,2025-12-05 18:35:00,1,2A,2A004,1,6,1,3,Campo Dell Oro Rte,41.927258,8.7787
202300052284,29,11,2023,2025-12-05 16:00:00,2,69,69271,2,1,1,3,Chemin De Decines,45.74677817,4.97348123
202300052285,11,6,2023,2025-12-05 19:57:00,1,69,69384,2,2,1,3,Rue Jean Jullien,45.78094,4.83659
202300052286,14,2,2023,2025-12-05 13:52:00,1,75,75107,2,2,1,6,Pont De L Alma,48.862433,2.301587
202300052287,24,8,2023,2025-12-05 08:15:00,1,13,13117,1,4,1,2,Cd20 E,43.42435,5.23948
202300052288,29,3,2023,2025-12-05 20:00:00,1,37,37261,2,2,1,3,Vaillant (Rue Edouard),47.38075,0.70746
202300052289,9,5,2023,2025-12-05 16:50:00,1,50,50492,1,3,1,3,Lieu-Dit Vaulaville - Precorbin,49.074681,-0.984843
202300052290,2,1,2023,2025-12-05 18:31:00,3,45,45093,1,1,2,2,A10 Pr 82 + 782,48.041166,1.840411
202300052291,1,12,2023,2025-12-05 17:10:00,5,67,67482,2,3,2,6,Louis Pasteur (Quai),48.5744,7.73826
202300052292,15,7,2023,2025-12-05 21:54:00,1,95,95585,2,6,1,3,D125,48.98848777,2.37789631
202300052293,11,6,2023,2025-12-05 13:35:00,1,69,69382,2,2,1,3,Rue De La Charite,45.75464,4.83245
202300052294,14,2,2023,2025-12-05 12:34:00,1,75,75103,2,4,1,3,Rue Du Temple,48.866711,2.361778
202300052295,30,3,2023,2025-12-05 12:45:00,1,35,35115,2,1,2,2,Cointat (Bd Michel),48.34455,-1.17907
202300052296,19,8,2023,2025-12-05 18:40:00,1,13,13213,2,1,1,6,Peypin (Rue De),43.32644,5.4215
202300052297,1,12,2023,2025-12-05 08:10:00,1,66,66136,1,1,1,2,Departementale  617,42.70282,2.9411
202300052298,27,9,2023,2025-12-05 08:00:00,1,18,18205,1,1,1,5,Adresse_Inconnue,47.08909,2.34965
202300052299,29,3,2023,2025-12-05 16:50:00,1,34,34172,2,6,1,7,646 Rue Des Quatre Vents,43.64488,3.85263
202300052300,11,6,2023,2025-12-05 16:30:00,1,2A,2A004,2,3,1,3,Prince Imperial Cours,41.9341,8.75074
202300052301,15,7,2023,2025-12-05 20:55:00,1,91,91589,2,1,1,1,Pl De La Gare,48.67668,2.3523
202300052302,23,8,2023,2025-12-05 09:20:00,1,12,12089,2,1,1,1,Alfaric Prosper (Avenue),44.57324,2.25335
202300052303,30,11,2023,2025-12-05 17:15:00,1,66,66136,2,1,1,3,Avenue Paul Gauguin,42.71517,2.89395
202300052304,15,2,2023,2025-12-05 15:45:00,1,94,94081,2,2,1,6,Rue Verte / Avenue Du Colonel Fabien,48.78255,2.38087
202300052305,8,5,2023,2025-12-05 14:16:00,1,13,13215,1,1,1,3,A7-Sens Lyon Vers Marseille,43.3634,5.3608
202300052306,4,1,2023,2025-12-05 14:00:00,1,988,98832,1,1,3,1,Rp3,-22.15246,166.83146
202300052307,26,9,2023,2025-12-05 22:46:00,3,18,18033,1,1,1,3,Adresse_Inconnue,47.04028,2.35302
202300052308,30,3,2023,2025-12-05 09:50:00,1,31,31555,2,1,1,6,Rue Ernest Renan,43.63514595,1.44382507
202300052309,1,12,2023,2025-12-05 19:19:00,5,65,65440,2,1,3,6,Lacaussade (Boulevard),43.23569,0.05495
202300052310,11,6,2023,2025-12-05 16:25:00,1,95,95555,2,1,2,2,D14,48.9628049,2.29210317
202300052311,23,8,2023,2025-12-05 17:10:00,1,9,9225,2,1,1,6,Capitaine Tournissa Avenue Du,43.10765,1.62306
202300052312,15,2,2023,2025-12-05 13:02:00,1,94,94081,2,2,1,3,Avenue Youri Gagarine / Rue De La Petite Saussaie,48.78611,2.39184
202300052313,4,1,2023,2025-12-05 08:20:00,1,988,98833,1,1,1,7,Rpn3,-21.414549,165.824085
202300052314,15,7,2023,2025-12-05 20:20:00,1,78,78238,1,1,1,2,Cd 14,48.97268,1.87871
202300052315,30,3,2023,2025-12-05 00:39:00,3,31,31555,1,1,1,6,Va007644 Empalot A620 Sortie 24,43.575,1.44084
202300052316,11,6,2023,2025-12-05 02:29:00,5,91,91589,2,1,1,7,Av Gabriel Peri,48.69003,2.35279
202300052317,27,9,2023,2025-12-05 20:30:00,4,17,17415,2,1,1,3,Castagnary Allee,45.741237,-0.639465
202300052318,15,2,2023,2025-12-05 18:20:00,2,94,94078,2,1,1,6,Av Du Pdt J Fitzgerald Kennedy,48.734468,2.463681
202300052319,19,8,2023,2025-12-05 14:20:00,1,7,7281,1,1,1,7,C.D.533,44.92784,4.79947
202300052320,15,7,2023,2025-12-05 17:45:00,1,77,77083,1,6,1,6,Vc,48.85112582,2.59281627
202300052321,30,11,2023,2025-12-05 07:45:00,3,65,65286,1,3,2,3,N21 Route De Tarbes,43.11603,-0.03287
202300052322,30,3,2023,2025-12-05 06:20:00,5,31,31483,2,1,1,6,Foch (Avenue Du Marechal),43.10457,0.713097
202300052323,10,6,2023,2025-12-05 14:41:00,1,74,74218,1,1,1,6,Bennaz (Rue De La),46.3783,6.54562
202300052324,5,1,2023,2025-12-05 06:10:00,3,971,97114,1,1,1,5,Christophe Ouest,16.110761,-61.573241
202300052325,27,9,2023,2025-12-05 20:12:00,5,17,17300,2,1,1,3,Monge   Rue Gaspard,46.154,-1.118