num_acc,jour,mois,an,hrmn,lum,dep,com,agg,int,atm,col,adr,lat,long
202300052326,14,2,2023,2025-12-05 22:30:00,5,94,94074,2,1,1,3,Avenue Henri Barbusse,48.76218755,2.44248444
202300052327,16,7,2023,2025-12-05 00:50:00,5,69,69259,2,1,3,3,Boulevard Irene Joliot Curie,45.71922,4.8755
202300052328,11,6,2023,2025-12-05 02:20:00,5,69,69266,2,1,1,6,Avenue Roger Salengro,45.78062,4.8838
202300052329,11,8,2023,2025-12-05 20:15:00,1,6,6069,2,1,1,3,Chenes (Chemin Des),43.64115,6.91501
202300052330,28,3,2023,2025-12-05 12:00:00,1,30,30007,2,3,1,3,Adresse_Inconnue,44.10101,4.07131
202300052331,27,9,2023,2025-12-05 21:50:00,5,13,13211,1,1,1,6,Rte D' Allauch,43.31096,5.49994
202300052332,15,2,2023,2025-12-05 00:46:00,3,94,94042,2,2,1,6,Quai Du Barrage,48.817655,2.468334
202300052333,1,12,2023,2025-12-05 17:56:00,5,63,63300,2,1,2,4,Rocade Rd 446,45.90301,3.10019
202300052334,3,1,2023,2025-12-05 17:40:00,5,21,21515,2,1,2,6,Avenue De Bourgogne,47.310664,5.106116
202300052335,9,6,2023,2025-12-05 19:25:00,2,69,69199,2,3,1,6,57 Avenue Jean Jaures,45.71097,4.8551
202300052336,15,7,2023,2025-12-05 19:05:00,1,65,65440,2,2,8,3,Boulevard Lacaussade,43.23155,0.05468
202300052337,24,8,2023,2025-12-05 16:30:00,1,6,6004,2,2,1,3,Grec Av.Jules,43.588398,7.1186
202300052338,29,3,2023,2025-12-05 10:05:00,1,29,29019,2,2,1,3,Rue Du Guelmeur,48.39287,-4.46212
202300052339,27,9,2023,2025-12-05 17:30:00,1,13,13210,2,1,1,3,Paul Claudel (Boulevard),43.26867,5.41965
202300052340,1,12,2023,2025-12-05 14:05:00,1,62,62040,2,9,1,3,Avenue Georges Brassens,50.73694,2.28077
202300052341,14,2,2023,2025-12-05 15:30:00,1,94,94028,1,3,1,2,Avenue Du Marechal Foch / A86,48.77795,2.43841
202300052342,15,7,2023,2025-12-05 23:55:00,5,64,64024,2,1,1,7,Bayonne (Avenue De),43.48229,-1.50706
202300052343,4,1,2023,2025-12-05 23:50:00,3,29,29071,1,1,2,1,D222,47.931699,-3.432133
202300052344,24,11,2023,2025-12-05 13:40:00,1,62,62427,2,9,8,7,Boulevard Ferdinand De Lesseps,50.40753507,2.95495087
202300052345,13,2,2023,2025-12-05 17:50:00,1,94,94022,2,1,1,1,Avenue De Lugo,48.77255,2.40942
202300052346,27,9,2023,2025-12-05 17:40:00,1,13,13204,2,1,1,6,Sebastopol (Place),43.29884,5.39811
202300052347,15,7,2023,2025-12-05 16:10:00,1,64,64102,2,1,2,6,Genie (Pont Du),43.48788,-1.47479
202300052348,29,3,2023,2025-12-05 08:25:00,1,29,29019,2,2,1,3,Boulevard De L'Europe,48.416175,-4.468377
202300052349,24,8,2023,2025-12-05 17:20:00,1,75,75119,2,1,1,2,Porte D Aubervilliers,48.900606,2.373933
202300052350,10,6,2023,2025-12-05 16:25:00,1,65,65440,2,2,1,1,Carnot (Rue),43.224035,0.069777
202300052351,5,1,2023,2025-12-05 12:54:00,1,45,45051,1,1,2,1,D952 Pk 36 + 55,47.83376659,2.36233431
202300052352,14,2,2023,2025-12-05 18:35:00,5,94,94018,2,2,1,6,Rue Des Bordeaux,48.82231,2.41065
202300052353,30,3,2023,2025-12-05 13:45:00,1,28,28134,2,1,1,6,Italie (Place D'),48.7368,1.34886
202300052354,22,9,2023,2025-12-05 09:00:00,1,13,13210,2,3,1,3,Pont De Vivaux (Boulevard),43.28065,5.42077
202300052355,15,7,2023,2025-12-05 12:13:00,1,61,61143,2,3,7,3,D204,48.44714,0.07784
202300052356,24,8,2023,2025-12-05 17:05:00,1,75,75120,2,2,1,6,Rue De Menilmontant,48.869124,2.39146
202300052357,24,3,2023,2025-12-05 10:45:00,1,27,27681,2,6,1,6,Mont Vernon (Rond Point),49.09713,1.48936
202300052358,15,2,2023,2025-12-05 21:00:00,5,93,93066,2,1,1,3,Rue Danielle Casanova,48.929694,2.359609
202300052359,1,12,2023,2025-12-05 18:00:00,5,59,59426,2,1,1,4,Schuman (Rue Robert),50.74878,3.14437
202300052360,4,1,2023,2025-12-05 14:35:00,1,77,77476,1,1,2,1,D401,49.041282,2.955884
202300052361,15,7,2023,2025-12-05 16:04:00,1,59,59599,2,1,8,3,Gambetta (Boulevard),50.70941,3.1599
202300052362,26,9,2023,2025-12-05 01:00:00,5,13,13202,2,2,1,7,Montolieu (Rue),43.30316,5.37342
202300052363,15,2,2023,2025-12-05 06:25:00,2,93,93066,2,1,1,3,Avenue Du President Wilson,48.91334908,2.35750213
202300052364,11,6,2023,2025-12-05 18:20:00,1,49,49007,2,3,1,3,Beaussier Boulevard,47.46933,-0.60216
202300052365,24,8,2023,2025-12-05 14:50:00,1,75,75120,2,2,2,3,Rue Des Pyrenees,48.86323,2.39973
202300052366,15,7,2023,2025-12-05 19:10:00,1,59,59350,2,1,1,6,Jussieu Rue,50.61733,3.06145
202300052367,1,12,2023,2025-12-05 18:30:00,5,59,59650,2,1,1,5,Rue Vallon,50.70907,3.21932
202300052368,4,1,2023,2025-12-05 09:00:00,2,95,95658,1,1,2,1,D14,49.07850905,1.9418174
202300052369,27,9,2023,2025-12-05 18:25:00,1,13,13001,1,2,1,6,St Simon (Ch De),43.60293,5.42575
202300052370,15,2,2023,2025-12-05 10:00:00,1,93,93050,2,2,1,3,Boulevard Louis Armand / Rue Louis Vannini,48.864901,2.520282
202300052371,9,6,2023,2025-12-05 17:45:00,1,48,48095,1,1,3,1,Rn 88 (Route Du Puy),44.536735,3.53047907
202300052372,15,7,2023,2025-12-05 11:40:00,1,56,56121,2,3,1,2,Muller ( Du Colonel Jean ),47.76811964,-3.40439736
202300052373,30,3,2023,2025-12-05 21:30:00,5,25,25056,2,1,1,7,Arenes Rue D',47.23985,6.01939
202300052374,15,2,2023,2025-12-05 12:10:00,1,93,93048,2,2,1,3,Avenue De La Resistance / Rue Hoche,48.86415,2.43597
202300052375,24,8,2023,2025-12-05 10:20:00,1,75,75120,2,2,1,3,Rue Des Pyrenees,48.857634,2.403917
202300052376,4,1,2023,2025-12-05 07:30:00,3,11,11099,1,1,5,7,Adresse_Inconnue,43.282392,2.359958
202300052377,15,7,2023,2025-12-05 00:50:00,3,54,54528,2,1,1,6,Boulevard De Pinteville,48.67402,5.88333
202300052378,25,9,2023,2025-12-05 09:15:00,1,12,12083,2,3,7,6,19 Mars 1962 (Du),44.52668,2.26816
202300052379,1,12,2023,2025-12-05 21:45:00,5,59,59350,2,3,1,3,Berteaux Maurice Rue,50.62226,3.09653
202300052380,11,6,2023,2025-12-05 21:05:00,1,44,44184,2,2,1,3,82 Boulevard Pierre De Maupertuis,47.28072279,-2.22984776
202300052381,15,2,2023,2025-12-05 14:30:00,1,93,93006,2,1,1,2,48Bis Rue Charles Delescluze,48.86724725,2.42450505
202300052382,30,3,2023,2025-12-05 13:35:00,1,21,21054,2,2,1,3,Ferry (Boulevard Jules),47.02379,4.844248
202300052383,11,6,2023,2025-12-05 21:45:00,5,43,43157,2,1,3,7,Boulevard De Cluny,45.04926,3.89046
202300052384,17,6,2023,2025-12-05 15:00:00,1,75,75120,2,3,1,1,Rue Belgrand,48.864625,2.405648
202300052385,15,7,2023,2025-12-05 22:40:00,3,54,54431,2,2,2,3,Rue Fabvier,48.90413,6.05236
202300052386,27,9,2023,2025-12-05 06:46:00,2,6,6088,2,2,1,3,Digue Des Francais (Trav. De La),43.67679,7.20141
202300052387,30,11,2023,2025-12-05 17:15:00,2,57,57606,2,1,8,6,Foch (Rue Du Marechal),49.103204,6.699693
202300052388,5,1,2023,2025-12-05 16:00:00,1,6,6146,1,1,1,5,M2205,43.928777,7.180831
202300052389,15,2,2023,2025-12-05 09:50:00,1,93,93031,2,1,1,6,Rue De La Bruyere,48.95937433,2.31798515
202300052390,15,7,2023,2025-12-05 18:20:00,1,51,51454,2,9,2,6,Dauphinot (Boulevard),49.25885,4.05598
202300052391,28,3,2023,2025-12-05 10:55:00,1,19,19031,2,6,1,3,Courbatere (Rond-Point Roger),45.15888,1.51133
202300052392,26,9,2023,2025-12-05 17:00:00,1,6,6123,2,1,1,6,Pagnol Marcel Boulevard,43.66803,7.18365
202300052393,5,1,2023,2025-12-05 20:30:00,3,5,5119,1,1,1,1,Rd 186 - Lieu Dit Le Chazaret,44.635269,6.624863
202300052394,30,11,2023,2025-12-05 17:55:00,5,57,57332,2,7,1,6,Route Departementale 603,49.12456,6.77342
202300052395,15,6,2023,2025-12-05 17:20:00,1,75,75120,2,3,1,3,Rue De Belleville,48.875313,2.393968
202300052396,15,2,2023,2025-12-05 15:00:00,1,93,93014,2,3,1,3,Boulevard Gagarine / Avenue De L'Avenir,48.90485,2.5468
202300052397,11,6,2023,2025-12-05 02:32:00,3,42,42184,2,1,1,1,Rue Du Marechal Foch,46.03958,4.01655
202300052398,29,3,2023,2025-12-05 17:27:00,1,17,17306,2,1,1,3,Rochefort (De)  (Avenue),45.63864,-1.02538
202300052399,15,7,2023,2025-12-05 08:00:00,2,51,51172,2,6,2,3,Fraternite (Place),49.215,4.05
202300052400,4,1,2023,2025-12-05 17:50:00,3,25,25047,1,1,1,5,D683,47.355611,6.37214
202300052401,27,9,2023,2025-12-05 00:10:00,5,1,1283,2,1,1,6,Brillat Savarin,46.2505,5.64476
202300052402,24,11,2023,2025-12-05 07:59:00,5,56,56260,2,3,8,3,Boulevard Du Colonel Remy,47.656475,-2.7823064
202300052403,11,6,2023,2025-12-05 06:10:00,1,38,38185,1,9,1,6,A480,45.18113,5.70298
202300052404,15,2,2023,2025-12-05 19:15:00,5,93,93057,2,3,1,3,Avenue De Rome / Allee De Luxembourg,48.91546785,2.49995425
202300052405,30,3,2023,2025-12-05 16:45:00,1,13,13215,2,2,1,6,Saint Louis (Avenue De),43.34759,5.35916
202300052406,14,7,2023,2025-12-05 19:50:00,1,51,51454,2,2,1,1,Albert 1Er (Boulevard),49.27341,4.0149
202300052407,5,1,2023,2025-12-05 11:40:00,1,7,7272,1,1,1,3,D579,44.52691475,4.41283464
202300052408,15,2,2023,2025-12-05 17:49:00,5,93,93055,2,1,1,3,Avenue Jean Lolive,48.89465,2.42111
202300052409,11,6,2023,2025-12-05 12:50:00,1,35,35238,2,1,1,6,Saint-Helier,48.1033,-1.66173
202300052410,27,9,2023,2025-12-05 15:20:00,1,75,75112,2,1,1,2,Echangeur Bercy,48.827141,2.39103
202300052411,1,12,2023,2025-12-05 08:10:00,5,56,56121,2,6,2,3,Cornouailles (Rond-Point De La),47.7334,-3.3851
202300052412,15,7,2023,2025-12-05 11:00:00,1,37,37195,2,1,1,7,Sables (Chemin Des),47.37931,0.6546
202300052413,30,3,2023,2025-12-05 10:15:00,1,13,13214,2,9,1,3,Lavoisier (Boulevard),43.33879898,5.36950145
202300052414,4,1,2023,2025-12-05 18:54:00,5,69,69116,2,6,1,6,Avenue De La Porte De Lyon,45.821416,4.766103
202300052415,14,2,2023,2025-12-05 15:41:00,1,93,93001,2,1,1,6,..,48.90585084,2.36969055
202300052416,5,1,2023,2025-12-05 18:00:00,3,33,33006,1,1,2,6,D255 Pr 16+450,45.201378,-0.649089
202300052417,11,6,2023,2025-12-05 01:35:00,5,35,35238,2,1,1,3,Bourgeois (Boulevard Leon),48.098962,-1.65338
202300052418,15,7,2023,2025-12-05 19:45:00,1,34,34172,1,1,1,2,Boulevard Louis Blanc,43.61455455,3.88003059
202300052419,26,9,2023,2025-12-05 21:13:00,5,75,75120,2,1,1,2,Porte De Montreuil,48.859033,2.41411
202300052420,29,3,2023,2025-12-05 08:18:00,1,11,11069,2,2,1,3,Adresse_Inconnue,43.21051,2.35783
202300052421,15,2,2023,2025-12-05 16:30:00,1,92,92078,2,1,1,6,Gallieni (Bd) (153 Et 225),48.929239,2.331755
202300052422,30,11,2023,2025-12-05 12:52:00,1,54,54304,2,2,1,3,Avenue De La Resistance,48.69503,6.12438
202300052423,5,1,2023,2025-12-05 08:15:00,5,53,53168,2,1,8,6,16 Rue D'Anjou,47.985535,-0.782919
202300052424,14,7,2023,2025-12-05 09:50:00,1,34,34003,1,1,1,2,Rd612,43.300023,3.507437
202300052425,15,2,2023,2025-12-05 09:20:00,1,92,92051,2,1,1,2,"Charles De Gaulle (Avenue, Ndeg27 A 129)",48.87868047,2.27900594
202300052426,30,3,2023,2025-12-05 13:30:00,1,6,6069,2,1,1,1,Masseboeuf (Chemin),43.64084,6.96747
202300052427,11,6,2023,2025-12-05 22:15:00,5,35,35115,2,6,1,3,Pres (Rue Des),48.35495,-1.1986
202300052428,27,9,2023,2025-12-05 19:42:00,5,75,75106,2,3,1,6,Quai Malaquais,48.858232,2.333239
202300052429,4,1,2023,2025-12-05 18:45:00,3,76,76057,1,1,3,2,Boulevard De Normandie,49.53770522,0.96125364
202300052430,15,7,2023,2025-12-05 05:00:00,5,33,33063,2,1,1,6,Quai Richelieu,44.83719,-0.56604
202300052431,2,12,2023,2025-12-05 02:00:00,5,49,49007,2,1,1,3,Montaigne Avenue,47.46821,-0.53059
202300052432,11,6,2023,2025-12-05 08:30:00,1,31,31555,2,1,1,6,All De Barcelone,43.60412,1.43456
202300052433,14,2,2023,2025-12-05 09:20:00,1,92,92049,2,2,1,3,Briand Avenue Aristide Ndeg1 A 129,48.81752,2.3256
202300052434,29,3,2023,2025-12-05 15:10:00,1,5,5061,2,1,1,2,Frederic Mistral ( Cours ),44.55692,6.07585
202300052435,5,1,2023,2025-12-05 12:25:00,1,80,80219,1,1,2,7,Rue Du Chateau,49.725169,2.073208
202300052436,27,9,2023,2025-12-05 09:10:00,1,75,75113,2,3,1,3,Rue De Tolbiac,48.829187,2.37421
202300052437,10,6,2023,2025-12-05 03:05:00,5,31,31555,2,1,1,6,Autoroute 624,43.604524,1.40418
202300052438,15,2,2023,2025-12-05 12:50:00,1,92,92044,2,1,1,7,Alsace (Rue) Ndeg19 + Et 20+,48.89287,2.29835
202300052439,15,7,2023,2025-12-05 09:31:00,1,33,33200,2,3,2,3,Rue De La Morandiere,44.86058,-0.6777
202300052440,29,3,2023,2025-12-05 18:30:00,1,5,5061,2,1,1,6,Georges Pompidou ( Bd),44.55924,6.08392
202300052441,15,2,2023,2025-12-05 09:55:00,1,92,92044,2,3,8,6,Jacques Ibert(Rue)14A26,48.8876476,2.28772178
202300052442,4,1,2023,2025-12-05 10:15:00,1,59,59400,1,1,2,1,Rue De Maroeuil,50.625611,2.630024
202300052443,11,6,2023,2025-12-05 18:05:00,1,28,28220,2,1,1,3,Route Nationale 123,48.4161,1.45696
202300052444,30,11,2023,2025-12-05 17:37:00,2,49,49267,2,1,1,4,A87N,47.48533,-0.4978
202300052445,30,3,2023,2025-12-05 19:50:00,5,75,75106,2,3,1,6,Rue Lobineau,48.851662,2.335284
202300052446,15,2,2023,2025-12-05 14:37:00,1,54,54142,1,1,1,6,N57,48.46121914,6.2434423
202300052447,11,6,2023,2025-12-05 23:10:00,5,14,14715,2,1,1,6,1 Place Foch,49.36623,0.07887
202300052448,30,11,2023,2025-12-05 01:47:00,3,49,49267,1,1,1,1,Rd 116,47.48682231,-0.47623592
202300052449,30,3,2023,2025-12-05 07:55:00,1,75,75120,2,4,1,6,Rue Belgrand,48.864606,2.405974
202300052450,15,2,2023,2025-12-05 18:45:00,5,86,86131,2,4,1,1,Rue De La Poste,46.434867,0.600916
202300052451,3,1,2023,2025-12-05 08:10:00,4,59,59507,1,1,1,2,Autoroute A1,50.61213479,3.08907866
202300052452,14,7,2023,2025-12-05 01:45:00,5,33,33032,2,1,1,6,Quai Francais,44.89356196,-0.52999914
202300052453,11,6,2023,2025-12-05 22:00:00,5,13,13206,2,2,2,3,Rome (Rue De),43.29204,5.38031
202300052454,27,9,2023,2025-12-05 15:45:00,1,75,75119,2,3,1,6,Avenue Rene Fonck,48.879663,2.408392
202300052455,16,2,2023,2025-12-05 01:10:00,4,68,68250,2,1,5,7,Route De Soultzmatt,47.936655,7.23321
202300052456,29,11,2023,2025-12-05 17:10:00,3,48,48095,1,1,2,7,Rd 806,44.53042,3.48972
202300052457,30,3,2023,2025-12-05 18:15:00,1,75,75117,2,2,1,3,Avenue De Saint Ouen,48.894947,2.328088
202300052458,4,1,2023,2025-12-05 09:50:00,1,94,94003,1,1,2,3,A6A,48.80389457,2.3420366
202300052459,11,6,2023,2025-12-05 06:00:00,1,13,13201,2,9,1,2,Flammarion (Boulevard)     1 A 65,43.305,5.3905
202300052460,15,7,2023,2025-12-05 10:00:00,1,31,31555,2,3,1,3,Rue De Lisieux,43.60386,1.39423
202300052461,4,1,2023,2025-12-05 13:55:00,1,78,78640,1,1,2,6,A86 Ext,48.77964,2.191321
202300052462,30,3,2023,2025-12-05 14:45:00,1,75,75116,2,1,1,6,Avenue Raymond Poincare,48.86544054,2.28642225
202300052463,26,9,2023,2025-12-05 19:00:00,1,75,75119,2,1,1,3,Rue Augustin Thierry,48.876202,2.393456
202300052464,11,2,2023,2025-12-05 08:05:00,2,84,84037,2,1,1,1,Route De Sorgues,44.048976,4.838056
202300052465,11,6,2023,2025-12-05 17:15:00,1,13,13210,2,1,1,2,Rond-Point Florian,43.27798382,5.42720854
202300052466,4,1,2023,2025-12-05 07:30:00,2,93,93007,1,1,1,3,Autoroute A3,48.94214437,2.47816647
202300052467,29,11,2023,2025-12-05 11:57:00,1,45,45208,2,4,1,3,51 Rue Doree,47.99656,2.73282
202300052468,15,7,2023,2025-12-05 05:19:00,5,31,31555,1,1,1,3,Va007331 A620,43.57557,1.40855
202300052469,15,2,2023,2025-12-05 16:00:00,1,59,59278,2,1,1,3,Rue Du General De Gaulle,50.609,2.962253
202300052470,30,3,2023,2025-12-05 13:00:00,1,75,75116,2,5,1,3,Avenue De Versailles,48.851321,2.278453
202300052471,3,1,2023,2025-12-05 23:40:00,3,77,77373,1,1,3,7,Rn104,48.765834,2.614199
202300052472,14,7,2023,2025-12-05 09:50:00,1,29,29232,2,1,1,6,Rue De Juniville,47.995473,-4.099865
202300052473,14,2,2023,2025-12-05 17:30:00,1,71,71336,2,1,1,6,36 Route De Chalon,46.720577,4.946055
202300052474,10,6,2023,2025-12-05 13:35:00,1,13,13028,2,6,1,3,Rovarch (Avenue Pierre),43.19219,5.60455
202300052475,30,11,2023,2025-12-05 18:20:00,2,44,44143,2,1,1,2,Boulevard Du General De Gaulle,47.19283,-1.55275
202300052476,30,3,2023,2025-12-05 12:30:00,1,75,75116,2,2,1,2,Boulevard Exelmans,48.843208,2.260232
202300052477,27,9,2023,2025-12-05 08:45:00,1,75,75118,2,2,1,6,Place Jules Joffrin,48.892399,2.344997
202300052478,15,7,2023,2025-12-05 23:25:00,5,28,28134,2,9,1,6,Marche Couvert (Place Du),48.73561,1.36513
202300052479,3,1,2023,2025-12-05 10:30:00,1,33,33009,2,3,1,6,Regue Blanque (Rue De La) 01 Et +,44.65061,-1.15366
202300052480,17,11,2023,2025-12-05 21:35:00,5,43,43041,2,1,1,7,121 Avenue Charles Dupuy,45.049621,3.918366
202300052481,11,6,2023,2025-12-05 04:14:00,5,6,6088,2,9,1,6,Anglais (Du Ndeg 45 Au Ndeg 112),43.69375,7.25644
202300052482,13,2,2023,2025-12-05 15:15:00,1,62,62473,2,8,7,3,D91,50.607353,2.463233
202300052483,29,3,2023,2025-12-05 23:40:00,5,75,75116,2,2,1,1,Route De Suresnes,48.86364,2.23948
202300052484,2,1,2023,2025-12-05 13:30:00,1,988,98818,2,1,1,6,Rue Paul Cane,-22.29614,166.45437
202300052485,11,6,2023,2025-12-05 12:10:00,1,6,6069,2,1,1,3,Renoir (Avenue Auguste),43.680742,6.952997
202300052486,27,9,2023,2025-12-05 15:30:00,1,75,75117,2,1,1,2,Boulevard Du Fort De Vaux,48.892956,2.302036
202300052487,15,7,2023,2025-12-05 13:55:00,1,28,28134,2,1,1,7,Koudougou (Rue De),48.73789,1.3453
202300052488,16,2,2023,2025-12-05 13:20:00,1,76,76344,1,3,1,3,D929,49.758778,1.718545
202300052489,1,12,2023,2025-12-05 07:00:00,5,35,35238,2,2,1,2,Sergent Maginot (Avenue),48.109863,-1.65981
202300052490,2,1,2023,2025-12-05 20:45:00,3,973,97302,1,1,1,3,Adresse_Inconnue,4.90542,-52.32024
202300052491,10,6,2023,2025-12-05 01:25:00,3,4,4112,1,1,1,6,Vannades (Ch. Des),43.83485,5.81961
202300052492,29,3,2023,2025-12-05 12:45:00,1,75,75116,2,3,1,3,Route De La Muette A Neuilly,48.873834,2.264132
202300052493,14,2,2023,2025-12-05 18:00:00,3,82,82118,1,1,1,7,Route Des Martels,43.939837,1.112999
202300052494,15,7,2023,2025-12-05 15:20:00,1,27,27229,2,1,1,6,Vernon (Rue De),49.03172,1.15883
202300052495,27,9,2023,2025-12-05 13:10:00,1,75,75117,2,1,1,3,Boulevard Berthier,48.890947,2.306016
202300052496,2,1,2023,2025-12-05 19:12:00,5,69,69389,2,1,2,6,63 Avenue Sidoine Apollinaire,45.77059,4.79693
202300052497,30,3,2023,2025-12-05 16:05:00,1,75,75115,2,2,1,6,Rue De Lourmel,48.8502076,2.29196906
202300052498,10,6,2023,2025-12-05 18:25:00,1,75,75117,2,1,1,3,Porte De Champerret,48.885193,2.287302
202300052499,16,2,2023,2025-12-05 13:45:00,1,38,38343,2,2,1,1,D80,45.543051,5.662395
202300052500,1,12,2023,2025-12-05 23:50:00,5,34,34172,2,2,8,3,Bringuier (Avenue Paul),43.61619,3.84106
202300052501,3,1,2023,2025-12-05 07:00:00,5,95,95539,2,1,1,2,Gare (Boulevard De La),48.99544,2.36378
202300052502,15,7,2023,2025-12-05 03:35:00,3,26,26362,1,1,1,7,Route De Fauconnieres,44.94513,4.95517
202300052503,27,9,2023,2025-12-05 12:00:00,1,75,75117,2,2,1,3,Avenue Niel,48.881271,2.295522
202300052504,15,2,2023,2025-12-05 17:50:00,2,70,70473,2,1,1,3,Rue Edouard Herriot,47.806255,6.383679
202300052505,10,6,2023,2025-12-05 16:20:00,1,75,75114,2,1,1,2,Porte De Gentilly,48.817212,2.334982
202300052506,3,1,2023,2025-12-05 08:15:00,2,95,95280,2,1,1,6,Demoiselles (Avenue Des),49.02658,2.45493
202300052507,29,3,2023,2025-12-05 19:50:00,2,75,75115,2,2,1,3,Rue De La Procession,48.83569,2.311258
202300052508,1,12,2023,2025-12-05 19:30:00,5,34,34129,2,1,2,7,D21 E1,43.58038,3.93059
202300052509,15,7,2023,2025-12-05 06:15:00,1,25,25056,2,1,1,6,Ouest Boulevard,47.22414,5.97895
202300052510,27,9,2023,2025-12-05 13:30:00,1,75,75116,2,1,1,2,Route Des Tribunes,48.859788,2.229536
202300052511,2,1,2023,2025-12-05 18:22:00,5,91,91477,2,1,8,6,Allies (Avenue Des),48.7213,2.24833
202300052512,30,3,2023,2025-12-05 08:29:00,1,75,75114,2,2,1,3,Boulevard Jourdan,48.821364,2.334367
202300052513,10,6,2023,2025-12-05 11:40:00,1,75,75114,2,1,1,2,Boulevard Peripherique Exterieur Porte De Gentilly,48.816461,2.341671
202300052514,30,11,2023,2025-12-05 18:13:00,5,34,34032,2,1,1,6,Hemingway Ernest (Bld),43.36357,3.22564
202300052515,15,7,2023,2025-12-05 02:25:00,5,18,18279,2,1,2,6,Route De Puits Berteau,47.235948,2.076535
202300052516,3,1,2023,2025-12-05 19:10:00,5,91,91027,2,1,1,6,Rue Edouard Vaillant,48.70565,2.39325
202300052517,27,9,2023,2025-12-05 20:45:00,3,75,75115,2,2,1,3,Rue De Vaugirard,48.845001,2.319826
202300052518,15,2,2023,2025-12-05 16:10:00,1,24,24564,1,1,7,3,D708,45.207697,0.282243
202300052519,10,6,2023,2025-12-05 01:30:00,4,75,75114,2,1,1,6,Echangeur Orleans,48.81953886,2.32848689
202300052520,14,7,2023,2025-12-05 19:15:00,2,17,17415,1,1,1,2,Route Nationale 141,45.745634,-0.597144
202300052521,1,12,2023,2025-12-05 01:30:00,5,33,33063,2,1,2,6,Cours Saint Louis,44.86327,-0.56658
202300052522,29,3,2023,2025-12-05 11:20:00,1,75,75114,2,4,1,3,Rue Du Commandant Rene Mouchotte,48.840017,2.32169
202300052523,2,1,2023,2025-12-05 14:59:00,1,88,88160,2,1,2,6,Alsace (Rue D'),48.16913,6.44476
202300052524,16,2,2023,2025-12-05 15:40:00,1,27,27288,1,1,8,6,Rd 130 Pk 10,49.283435,0.6817
202300052525,27,9,2023,2025-12-05 08:30:00,1,75,75115,2,2,1,6,Boulevard Pasteur,48.842261,2.313366
202300052526,8,6,2023,2025-12-05 08:40:00,1,75,75112,2,1,1,2,Porte De Charenton,48.830171,2.402188
202300052527,15,7,2023,2025-12-05 14:00:00,1,13,13201,2,3,1,3,Rome (Rue De)        1 A 71A,43.29383,5.37924
202300052528,30,3,2023,2025-12-05 11:40:00,1,75,75113,2,7,1,6,Rue Du Docteur Landouzy,48.82344699,2.35409975
202300052529,30,11,2023,2025-12-05 08:00:00,1,33,33529,2,2,2,6,Place Du General De Gaulle,44.53814,-1.15228
202300052530,3,1,2023,2025-12-05 17:27:00,2,86,86066,2,1,1,6,Boulevard De Blossac,46.817422,0.545043
202300052531,15,2,2023,2025-12-05 20:18:00,3,27,27198,1,1,1,1,D140,48.902136,1.029711
202300052532,27,9,2023,2025-12-05 13:20:00,1,75,75113,2,3,1,7,Rue Max Jacob,48.820325,2.354047
202300052533,1,1,2023,2025-12-05 21:45:00,5,84,84007,1,1,1,3,Route De Marseille Mft,43.90496,4.89237
202300052534,15,2,2023,2025-12-05 19:30:00,3,17,17008,1,1,1,2,D137,46.251959,-1.013253
202300052535,1,12,2023,2025-12-05 08:30:00,1,31,31555,2,1,2,6,Boulingrin (Rond Point Du) Du 5Au 9,43.59486,1.45294
202300052536,9,6,2023,2025-12-05 16:30:00,1,75,75120,2,1,1,2,Boulevard Peripherique Interieur Nord,48.867845,2.413241
202300052537,30,3,2023,2025-12-05 08:00:00,1,75,75112,2,3,1,3,Avenue De Saint Mande,48.844912,2.402917
202300052538,15,7,2023,2025-12-05 10:30:00,1,11,11069,1,1,1,3,Route De Montreal,43.21293,2.27417
202300052539,27,9,2023,2025-12-05 11:50:00,1,75,75113,2,2,1,6,Boulevard Vincent Auriol,48.833828,2.365097
202300052540,1,12,2023,2025-12-05 11:22:00,1,29,29232,2,1,1,3,65 Avenue De Ty Bos,47.977294,-4.069674
202300052541,16,2,2023,2025-12-05 08:00:00,1,37,37156,2,3,1,7,Rue Des Vallees De Greux,47.374465,0.811154
202300052542,30,3,2023,2025-12-05 09:00:00,1,75,75109,2,3,1,6,Rue De Clichy,48.878111,2.330142
202300052543,3,1,2023,2025-12-05 13:05:00,1,81,81004,2,2,1,3,Gambetta (Av),43.9228768,2.147175
202300052544,14,7,2023,2025-12-05 23:20:00,5,11,11069,2,1,1,6,Avenue Des Berges De L'Aude,43.20792,2.34016
202300052545,11,6,2023,2025-12-05 18:30:00,1,75,75106,2,3,1,2,Quai De Conti,48.856426,2.339901
202300052546,26,9,2023,2025-12-05 15:10:00,1,75,75113,2,1,1,6,Boulevard Vincent Auriol,48.831196,2.357551
202300052547,16,2,2023,2025-12-05 06:00:00,2,973,97310,1,1,2,7,Pk 22,4.778524,-52.424805
202300052548,30,3,2023,2025-12-05 19:00:00,1,75,75108,2,2,1,7,Pont De La Concorde,48.86412,2.3201
202300052549,2,1,2023,2025-12-05 18:32:00,3,81,81004,1,1,8,1,Rocade Rn88 Est,43.92541,2.17164
202300052550,1,12,2023,2025-12-05 09:50:00,1,29,29019,2,7,1,6,Rue Armorique,48.384297,-4.50495