num_acc,jour,mois,an,hrmn,lum,dep,com,agg,int,atm,col,adr,lat,long
202300052551,15,2,2023,2025-12-05 14:20:00,1,42,42279,2,1,1,2,Boulevard Jean Jaures,45.512832,4.263575
202300052552,3,1,2023,2025-12-05 07:50:00,3,79,79191,2,2,1,6,Adresse_Inconnue,46.3103,-0.46698
202300052553,14,7,2023,2025-12-05 14:40:00,1,11,11069,2,3,1,3,56 Rue Pierre Germain,43.21562,2.35818
202300052554,27,9,2023,2025-12-05 12:00:00,1,75,75110,2,2,1,1,Rue La Fayette,48.879724,2.358696
202300052555,14,2,2023,2025-12-05 08:30:00,1,45,45173,1,1,7,3,Rue Du Talus,47.844141,2.118017
202300052556,28,3,2023,2025-12-05 20:20:00,1,94,94077,1,3,1,1,Avenue Du 8 Mai 1945 / Rue Lamartine,48.72878278,2.4059661
202300052557,10,6,2023,2025-12-05 03:10:00,5,75,75118,2,1,9,7,Avenue De Saint Ouen,48.888522,2.325944
202300052558,30,11,2023,2025-12-05 19:55:00,4,29,29019,1,1,1,1,Rond-Point Des Keresseis,48.395074,-4.539219
202300052559,14,7,2023,2025-12-05 18:19:00,1,7,7102,2,9,1,6,Sadi-Carnot (Av.) [Du Ndeg Au Ndeg],44.9254,4.8693
202300052560,3,1,2023,2025-12-05 08:50:00,1,76,76217,2,1,1,7,Carenage (Quai Du),49.92715,1.08296
202300052561,15,2,2023,2025-12-05 13:20:00,1,13,13014,1,1,1,2,Route Departementale 21,43.518007,5.148726
202300052562,30,3,2023,2025-12-05 16:40:00,1,93,93078,2,2,1,2,Boulevard Robert Ballanger / Avenue Emile Dambel,48.95782,2.54581
202300052563,11,6,2023,2025-12-05 11:48:00,1,75,75117,2,2,1,2,Avenue De La Porte Des Ternes,48.881502,2.281798
202300052564,27,9,2023,2025-12-05 08:00:00,1,75,75110,2,2,1,2,Rue Jacques Louvel Tessier,48.871243,2.370117
202300052565,29,11,2023,2025-12-05 18:05:00,5,29,29019,2,1,2,6,Rue De Glasgow,48.391447,-4.485564
202300052566,30,3,2023,2025-12-05 00:24:00,3,93,93066,2,9,1,3,Rue Proudhon,48.906442,2.363718
202300052567,1,12,2023,2025-12-05 19:40:00,3,25,25056,1,1,2,6,Gray Route De,47.24764,5.97896
202300052568,15,7,2023,2025-12-05 10:55:00,1,6,6104,1,1,1,5,Turbie (Route De La),43.758191,7.434809
202300052569,3,1,2023,2025-12-05 06:30:00,2,74,74305,2,6,2,2,Montreal (Rue De),46.20489,6.281
202300052570,16,2,2023,2025-12-05 13:30:00,1,13,13057,1,3,1,5,D99 - Pk 22+646,43.790893,4.76532
202300052571,10,6,2023,2025-12-05 14:40:00,1,75,75113,2,2,1,3,Rue Neuve Tolbiac,48.83104,2.377594
202300052572,29,3,2023,2025-12-05 11:40:00,1,93,93066,2,1,1,6,3 Avenue Jean Moulin,48.9393921,2.3621732
202300052573,3,1,2023,2025-12-05 07:15:00,5,69,69092,2,1,1,3,Rue Des Ecoles,45.9887,4.69674
202300052574,1,12,2023,2025-12-05 19:40:00,5,25,25056,2,2,2,2,Observatoire Avenue De L',47.246441,5.997657
202300052575,16,2,2023,2025-12-05 08:15:00,1,38,38407,1,1,1,3,Le Jallas,45.350456,5.670013
202300052576,11,6,2023,2025-12-05 14:15:00,1,75,75107,2,1,8,3,Quai D Orsay,48.86282,2.31841
202300052577,14,7,2023,2025-12-05 19:55:00,1,75,75117,2,1,1,5,Porte De Saint Ouen,48.900188,2.320781
202300052578,26,9,2023,2025-12-05 23:09:00,5,75,75107,2,3,1,3,Quai Branly,48.85897405,2.29336381
202300052579,3,1,2023,2025-12-05 14:40:00,1,69,69259,2,1,1,2,Rue Leo Lagrange,45.70014,4.87253
202300052580,30,3,2023,2025-12-05 07:10:00,1,93,93051,2,6,1,1,Porte De Neuilly / Boulevard Du Mont D'Est,48.84332,2.54353
202300052581,16,2,2023,2025-12-05 16:15:00,1,26,26170,1,1,1,3,Avenue Des Cevennes,44.902228,4.945318
202300052582,1,12,2023,2025-12-05 07:55:00,2,25,25056,2,1,2,6,Adresse_Inconnue,47.22326,5.971319
202300052583,11,6,2023,2025-12-05 02:30:00,5,75,75107,2,1,1,6,Pont D Iena,48.85932698,2.2928381
202300052584,26,9,2023,2025-12-05 20:05:00,5,75,75103,2,2,1,2,Rue Des Archives,48.86121,2.35818
202300052585,1,12,2023,2025-12-05 19:05:00,3,24,24037,1,1,3,6,Rd 936 E1,44.82617,0.48989
202300052586,13,7,2023,2025-12-05 17:10:00,1,75,75117,2,1,1,5,Bd Peripherique Interieur,48.896462,2.310057
202300052587,3,1,2023,2025-12-05 09:45:00,1,69,69290,2,3,1,3,Rue Du Maconnais,45.69536,4.92071
202300052588,26,9,2023,2025-12-05 20:10:00,3,94,94068,2,2,1,6,Rue Georges Clemenceau,48.79398,2.517667
202300052589,16,2,2023,2025-12-05 06:40:00,5,14,14630,2,1,1,6,Impasse Garnerin,49.250164,-0.652416
202300052590,3,1,2023,2025-12-05 02:05:00,5,69,69290,2,1,2,6,30 Rue Colette,45.6896,4.9434
202300052591,29,11,2023,2025-12-05 22:15:00,5,19,19031,2,3,1,3,Ribot (Avenue),45.16448,1.5025
202300052592,15,7,2023,2025-12-05 16:43:00,1,75,75105,2,3,1,3,Quai Saint Bernard,48.849118,2.357576
202300052593,16,2,2023,2025-12-05 17:15:00,1,27,27676,1,1,1,7,D135 Pr 06+110,49.199345,1.304605
202300052594,25,9,2023,2025-12-05 15:30:00,1,94,94079,2,1,1,2,Avenue Andre Rouy,48.8227279,2.55101466
202300052595,13,2,2023,2025-12-05 07:13:00,3,59,59574,1,1,1,6,Autoroute A 21,50.34617,3.277
202300052596,3,1,2023,2025-12-05 16:15:00,1,64,64545,1,3,1,4,Route Departementale Ndeg 810,43.35992,-1.72657
202300052597,29,11,2023,2025-12-05 14:30:00,1,19,19031,2,1,1,6,Semard (Avenue Pierre) Jusqu'A Ndeg 73 - 6,45.15694467,1.52197874
202300052598,27,9,2023,2025-12-05 10:00:00,1,94,94017,2,2,1,2,Avenue Maurice Thorez,48.80704721,2.53559558
202300052599,2,1,2023,2025-12-05 10:23:00,1,64,64335,2,1,2,3,Rue De Satao,43.329517,-0.441027
202300052600,15,2,2023,2025-12-05 17:25:00,1,91,91689,1,1,1,2,Autoroute A6,48.72471,2.31253
202300052601,27,11,2023,2025-12-05 22:35:00,5,19,19031,2,2,1,3,Semard (Avenue Pierre) Jusqu'A Ndeg 73 - 6,45.15742,1.52368
202300052602,27,9,2023,2025-12-05 06:15:00,5,94,94017,2,1,1,6,Rue Louis Talamoni,48.81341,2.51139
202300052603,15,2,2023,2025-12-05 02:50:00,3,78,78571,1,1,1,6,A13,48.878919,2.018456
202300052604,15,7,2023,2025-12-05 14:00:00,1,75,75117,2,4,8,2,Boulevard Pershing,48.879607,2.282157
202300052605,1,12,2023,2025-12-05 07:45:00,2,15,15012,1,1,3,4,D 920,44.88278,2.450079
202300052606,3,1,2023,2025-12-05 18:00:00,5,64,64122,2,4,1,4,Boulevard Mayol De Senillosa,43.48634,-1.54335
202300052607,14,2,2023,2025-12-05 17:15:00,1,95,95488,1,1,1,6,A15,49.01991571,2.13851555
202300052608,15,7,2023,2025-12-05 04:00:00,3,75,75116,2,2,1,6,Rue De La Pompe,48.872137,2.284211
202300052609,1,12,2023,2025-12-05 18:45:00,5,13,13209,2,1,2,1,Camille Blanc (Boulevard),43.25297,5.40198
202300052610,3,1,2023,2025-12-05 08:44:00,1,64,64102,2,1,1,3,Avenue Du 14 Avril 1814,43.50338,-1.46473
202300052611,14,2,2023,2025-12-05 17:00:00,1,93,93007,1,1,1,2,Autoroute A1,48.94688,2.44244
202300052612,27,9,2023,2025-12-05 08:10:00,1,93,93078,2,9,1,3,Boulevard Robert Ballanger,48.96172928,2.55786046
202300052613,15,7,2023,2025-12-05 16:15:00,1,75,75111,2,1,1,2,Boulevard Richard Lenoir,48.863692,2.371578
202300052614,1,12,2023,2025-12-05 06:25:00,5,13,13214,2,2,1,6,Roland Dorgeles (Boulevard),43.34727,5.37857
202300052615,2,1,2023,2025-12-05 07:25:00,5,59,59350,2,1,1,1,Cordonnier Denis Avenue,50.62398,3.08119
202300052616,15,7,2023,2025-12-05 09:15:00,1,75,75108,2,2,2,7,Avenue De Wagram,48.87512,2.296029
202300052617,14,2,2023,2025-12-05 14:30:00,1,92,92036,1,1,1,4,Autoroute A86,48.93909226,2.30366757
202300052618,27,9,2023,2025-12-05 19:55:00,3,93,93005,2,4,1,3,Rue Du 11 Novembre / Boulevard Felix Faure,48.932475,2.497966
202300052619,30,11,2023,2025-12-05 18:20:00,5,10,10387,2,3,8,3,Urbain Iv (Rue),48.2971,4.0751
202300052620,14,2,2023,2025-12-05 11:55:00,1,93,93078,1,1,1,7,Autoroute A104,48.95809287,2.53061231
202300052621,3,1,2023,2025-12-05 16:20:00,1,54,54578,1,1,1,2,Avenue Paul Muller,48.65642456,6.1269781
202300052622,27,9,2023,2025-12-05 17:17:00,1,93,93066,2,1,1,6,Allee Leonard De Vinci,48.93228269,2.36799478
202300052623,15,7,2023,2025-12-05 02:45:00,5,75,75108,2,7,1,2,Place Charles De Gaulle,48.87339987,2.29571342
202300052624,14,2,2023,2025-12-05 09:00:00,1,92,92036,1,1,1,2,Autoroute A15,48.94647077,2.28241919
202300052625,2,1,2023,2025-12-05 05:37:00,3,49,49007,2,1,2,1,Rue Paul Langevin,47.46541,-0.54534
202300052626,1,12,2023,2025-12-05 17:25:00,5,9,9122,2,1,3,4,Espagne (Route D'),42.95348,1.6234
202300052627,15,7,2023,2025-12-05 01:10:00,5,75,75107,2,1,1,1,Quai Voltaire,48.858881,2.331216
202300052628,27,9,2023,2025-12-05 14:16:00,1,93,93066,2,4,1,3,Avenue Jean Moulin / Rue Guy Moquet,48.94097971,2.36417359
202300052629,3,1,2023,2025-12-05 12:10:00,1,45,45302,2,1,1,6,D520 Pr 0 + 485,47.943651,1.888174
202300052630,15,2,2023,2025-12-05 12:30:00,1,94,94028,1,1,1,5,A86,48.78172396,2.44088054
202300052631,1,12,2023,2025-12-05 06:40:00,5,7,7281,2,6,2,7,Liberation (Carrefour De La),44.94601,4.84754
202300052632,14,7,2023,2025-12-05 13:35:00,1,75,75107,2,5,1,6,Place Joffre,48.851165,2.300908
202300052633,27,9,2023,2025-12-05 07:15:00,2,93,93066,2,9,1,3,Avenue Du President Wilson,48.915325,2.357913
202300052634,3,1,2023,2025-12-05 12:15:00,1,37,37214,2,2,7,3,Hugo (Rue Victor),47.41288,0.66719
202300052635,29,11,2023,2025-12-05 17:00:00,2,6,6069,2,9,1,3,Mistral (Avenue Et Place Frederic),43.6466608,6.9181449
202300052636,15,2,2023,2025-12-05 06:30:00,3,94,94044,1,1,1,7,N406,48.75781222,2.47055049
202300052637,15,7,2023,2025-12-05 05:00:00,5,75,75104,2,3,1,7,Rue Du Renard,48.860296,2.352983
202300052638,3,1,2023,2025-12-05 15:30:00,1,35,35238,2,2,1,6,Fougeres (Rue De),48.13198332,-1.63554601
202300052639,14,2,2023,2025-12-05 17:45:00,2,91,91201,2,1,1,6,Rue Du Port Aux Dames,48.680711,2.398405
202300052640,27,9,2023,2025-12-05 18:10:00,1,93,93046,2,9,1,3,Allee Montpensier,48.92012228,2.52371073
202300052641,15,7,2023,2025-12-05 18:00:00,1,94,94077,2,1,1,2,Avenue De La Haute Seine,48.72965506,2.43398961
202300052642,14,2,2023,2025-12-05 07:45:00,2,62,62160,2,1,1,2,Avenue Charles De Gaulle,50.728985,1.618595
202300052643,3,1,2023,2025-12-05 11:10:00,1,35,35238,2,2,1,3,Bourgeois (Boulevard Leon),48.09813,-1.65553
202300052644,15,7,2023,2025-12-05 10:45:00,1,94,94033,2,1,1,7,Avenue De La Pepiniere,48.84508209,2.45100582
202300052645,27,9,2023,2025-12-05 08:30:00,1,93,93079,2,3,1,3,Avenue De La Division Leclerc / Rue Paul Langevin,48.951627,2.342936
202300052646,14,2,2023,2025-12-05 08:00:00,1,60,60057,2,1,5,6,Rue Beauregard,49.43035,2.08125
202300052647,29,11,2023,2025-12-05 13:25:00,1,6,6069,2,6,1,3,Rd Point Des Quatre Chemins,43.6451203,6.940074
202300052648,15,7,2023,2025-12-05 14:50:00,1,93,93046,2,1,2,3,Avenue Voltaire,48.93184009,2.55075938
202300052649,3,1,2023,2025-12-05 07:25:00,5,35,35238,2,6,1,3,Ginguene,48.09903,-1.68422
202300052650,10,2,2023,2025-12-05 15:55:00,1,67,67482,2,1,1,6,Francois Mitterrand (Avenue),48.586652,7.696571
202300052651,26,9,2023,2025-12-05 04:35:00,5,93,93029,2,2,1,3,Avenue Henri Barbusse / Avenue Jean Jaures,48.91985,2.45143
202300052652,14,2,2023,2025-12-05 17:30:00,1,974,97416,1,1,1,7,Rn3 (1),-21.31447,55.49359
202300052653,15,7,2023,2025-12-05 15:10:00,1,93,93051,2,2,8,6,Avenue Mederic / Avenue De L'Etoile,48.82909,2.56775
202300052654,1,1,2023,2025-12-05 00:00:00,3,34,34032,1,1,1,6,D14,43.30944,3.1875
202300052655,13,2,2023,2025-12-05 17:05:00,1,974,97416,1,1,1,6,Rn03,-21.30223,55.50187
202300052656,15,7,2023,2025-12-05 12:30:00,1,93,93027,2,1,1,3,Boulevard Pasteur,48.92480787,2.38449801
202300052657,6,1,2023,2025-12-05 14:30:00,1,29,29019,2,1,2,3,Rue De Quimper,48.40117,-4.45503
202300052658,27,9,2023,2025-12-05 18:30:00,2,93,93057,2,7,1,5,Avenue Aristide Briand,48.911095,2.516244
202300052659,14,2,2023,2025-12-05 16:45:00,1,974,97411,2,1,1,2,Monnerville (Boulevard Gaston),-20.89319,55.45257
202300052660,2,1,2023,2025-12-05 15:30:00,1,19,19031,2,1,1,3,Salan (Boulevard Du),45.16046056,1.53510976
202300052661,15,7,2023,2025-12-05 09:15:00,1,92,92051,2,1,2,2,"Charles De Gaulle (Avenue, Ndeg 18 A 116)",48.88214,2.26959
202300052662,27,9,2023,2025-12-05 17:30:00,1,93,93010,2,1,1,6,Avenue Jean Lebas,48.91332,2.48148
202300052663,15,7,2023,2025-12-05 12:50:00,1,92,92048,2,1,2,7,Mare Adam (Carrefour De La),48.8007931,2.20833376
202300052664,3,1,2023,2025-12-05 08:15:00,1,17,17415,2,1,5,3,Gambetta 74 A 162 Et 29 A 183 Avenue,45.74665,-0.62402
202300052665,13,2,2023,2025-12-05 18:25:00,1,974,97411,2,6,1,2,Riviere Des Pluies (Route De La),-20.89983,55.49476
202300052666,27,9,2023,2025-12-05 09:05:00,1,93,93008,2,6,1,6,Avenue Henri Barbusse,48.907396,2.425352
202300052667,3,1,2023,2025-12-05 14:45:00,1,13,13207,2,1,1,6,Paul Codaccioni (Rue),43.28771,5.3591
202300052668,14,2,2023,2025-12-05 10:00:00,1,973,97302,2,1,2,7,Pasteur (Avenue Louis),4.94391675,-52.31979534
202300052669,16,7,2023,2025-12-05 00:55:00,5,38,38019,2,3,1,1,N7,45.431494,4.817837
202300052670,27,9,2023,2025-12-05 20:02:00,5,92,92078,2,1,1,6,Gallieni (Bd) (153 Et 225),48.93383342,2.33269966
202300052671,3,1,2023,2025-12-05 01:00:00,5,13,13205,2,9,1,3,Sakakini (Boulevard),43.29,5.4
202300052672,14,2,2023,2025-12-05 02:20:00,5,972,97209,2,1,1,7,Rd 41 (Rocade),14.61645,-61.05477
202300052673,16,7,2023,2025-12-05 07:30:00,2,6,6149,2,1,1,2,7000 Route De Laghet,43.751384,7.382268
202300052674,3,1,2023,2025-12-05 07:30:00,1,13,13005,2,2,1,3,Rn 8,43.28631,5.58726
202300052675,25,9,2023,2025-12-05 15:35:00,1,92,92072,2,2,1,3,Grande Rue,48.82643,2.21924
202300052676,14,2,2023,2025-12-05 15:30:00,1,69,69382,2,1,1,6,18 Rue De La Barre,45.75742125,4.83607666
202300052677,2,1,2023,2025-12-05 21:35:00,5,10,10362,2,2,1,2,General Sarrail (Rue Du),48.30329,4.03027
202300052678,14,2,2023,2025-12-05 10:25:00,1,95,95555,1,1,5,3,Rue D'Ermont,48.97358106,2.2751087
202300052679,27,9,2023,2025-12-05 08:28:00,1,92,92062,2,1,1,3,General De Gaulle (Av) Du 44 Au 106,48.88824,2.23449
202300052680,15,7,2023,2025-12-05 18:45:00,1,22,22172,2,2,1,1,Rue De La Madeleine,48.52397,-2.241621
202300052681,26,9,2023,2025-12-05 12:19:00,1,92,92051,2,1,1,2,"Achille Peretti (Avenue,  Ndeg 98 A 166 Et",48.88468802,2.26791054
202300052682,2,1,2023,2025-12-05 18:00:00,5,7,7102,2,6,2,1,Republique (Av. De La) [Du Ndeg Au Ndeg],44.93999,4.86521
202300052683,11,2,2023,2025-12-05 16:05:00,1,91,91228,2,2,1,6,Bd Decauville,48.63631,2.43948
202300052684,16,7,2023,2025-12-05 07:30:00,1,43,43093,1,1,1,6,D906,45.245343,3.765199
202300052685,27,9,2023,2025-12-05 14:40:00,1,92,92050,2,1,1,3,Pesaro Boulevard De,48.89347605,2.22669125
202300052686,13,7,2023,2025-12-05 16:00:00,1,6,6044,2,1,1,6,541 Boulevard Honore Teisseire,43.686168,7.102739
202300052687,1,1,2023,2025-12-05 22:20:00,5,6,6088,2,4,1,1,Cassin (Bd Rene),43.66706,7.20759
202300052688,27,9,2023,2025-12-05 09:50:00,1,92,92020,2,1,1,7,Paris Avenue De Ndeg Impairs,48.80769077,2.29479969
202300052689,15,7,2023,2025-12-05 11:15:00,1,972,97207,1,1,1,1,Riviere La Manche,14.567032,-60.965967
202300052690,3,1,2023,2025-12-05 13:45:00,1,1,1344,1,1,1,1,Bresse (Avenue De),46.21101,5.20383
202300052691,27,9,2023,2025-12-05 07:50:00,1,92,92072,2,1,1,6,Gardes (Route Des) Ndeg 91 A 93,48.81495927,2.22003579
202300052692,3,1,2023,2025-12-05 09:30:00,1,75,75116,2,1,1,2,Port De Passy,48.857246,2.258489
202300052693,27,9,2023,2025-12-05 17:32:00,1,92,92062,2,1,1,3,Ile De Puteaux,48.87124132,2.23620911
202300052694,14,2,2023,2025-12-05 18:15:00,3,76,76410,1,1,1,1,Cote De La Valette,49.488,1.03177
202300052695,14,7,2023,2025-12-05 16:45:00,1,38,38270,2,1,1,1,Route De La Couratiere,45.381785,5.538043
202300052696,3,1,2023,2025-12-05 15:30:00,1,75,75113,2,3,1,2,Boulevard Massena,48.823385,2.375063
202300052697,14,2,2023,2025-12-05 18:55:00,3,76,76705,1,1,1,2,D7,49.33418,1.10616
202300052698,25,9,2023,2025-12-05 19:34:00,1,92,92050,2,4,1,4,Sartrouville (Rue De ),48.91646389,2.22201812
202300052699,15,7,2023,2025-12-05 20:30:00,1,79,79130,1,2,1,3,Adresse_Inconnue,46.246495,-0.48593
202300052700,3,1,2023,2025-12-05 18:11:00,5,75,75118,2,3,1,3,Boulevard Barbes,48.885255,2.349649
202300052701,26,9,2023,2025-12-05 23:25:00,5,92,92007,2,9,1,3,Briand (Avenue Aristide) Ndeg 162 A 300,48.79597451,2.3216604
202300052702,13,2,2023,2025-12-05 15:25:00,1,71,71040,1,1,1,4,Rn 70 (Route Express),46.70373,4.41522
202300052703,3,1,2023,2025-12-05 10:15:00,1,75,75116,2,3,1,2,Avenue De Versailles,48.847751,2.273918
202300052704,16,7,2023,2025-12-05 09:30:00,1,2B,2B050,2,9,1,3,Route Territoriale 30,42.552096,8.776633
202300052705,27,9,2023,2025-12-05 21:45:00,3,51,51531,2,1,1,6,Route D?Alliancelles,48.787303,4.906621
202300052706,14,2,2023,2025-12-05 07:35:00,2,69,69266,2,3,1,6,Cours Emile Zola,45.77087686,4.86726181
202300052707,3,1,2023,2025-12-05 15:30:00,1,75,75115,2,2,8,3,Boulevard Lefebvre,48.828545,2.301358
202300052708,26,9,2023,2025-12-05 10:05:00,1,51,51531,2,1,7,6,Place Charles De Gaulle,48.784253,4.911368
202300052709,14,7,2023,2025-12-05 23:25:00,5,2B,2B050,2,9,1,3,Avenue Christophe Colomb,42.55508,8.761414
202300052710,3,1,2023,2025-12-05 19:50:00,5,75,75114,2,3,1,6,Rue Vercingetorix,48.835141,2.314948
202300052711,15,7,2023,2025-12-05 20:29:00,2,12,12054,1,1,1,6,La Peyriere,44.30685963,2.17174476
202300052712,14,2,2023,2025-12-05 08:05:00,1,69,69282,2,2,1,3,41 Rue Louis Saulnier,45.76367,5.00252
202300052713,27,9,2023,2025-12-05 17:15:00,1,62,62812,1,2,1,3,D92,50.603628,2.035775
202300052714,3,1,2023,2025-12-05 18:35:00,5,75,75113,2,2,1,3,Rue Jacques Destree,48.815941,2.35633
202300052715,28,9,2023,2025-12-05 08:00:00,1,95,95134,1,1,1,3,D301,49.13211,2.255931
202300052716,14,2,2023,2025-12-05 06:05:00,5,69,69259,2,2,1,3,Boulevard De Jodino,45.69679,4.88753
202300052717,16,7,2023,2025-12-05 05:30:00,2,42,42323,2,1,1,1,Avenue Du General De Gaulle,45.560875,4.277284
202300052718,3,1,2023,2025-12-05 08:07:00,2,75,75113,2,2,1,3,Rue Neuve Tolbiac,48.832207,2.379707
202300052719,27,9,2023,2025-12-05 10:15:00,1,83,83086,1,1,1,7,D125,43.452934,6.563119
202300052720,11,7,2023,2025-12-05 19:20:00,1,34,34064,1,1,1,6,Rd 142,43.855403,3.324909
202300052721,11,2,2023,2025-12-05 09:00:00,1,64,64102,2,1,1,3,Lachepaillet (Rond Point De),43.48461,-1.49059
202300052722,3,1,2023,2025-12-05 16:15:00,1,75,75110,2,3,1,6,Rue Du Faubourg Saint Martin,48.87524161,2.35946953
202300052723,2,1,2023,2025-12-05 16:55:00,2,75,75101,2,1,1,7,Voie Georges Pompidou,48.858575,2.341401
202300052724,27,9,2023,2025-12-05 17:50:00,1,35,35337,2,3,1,3,Rue Nationale,48.32848,-1.833757
202300052725,16,7,2023,2025-12-05 01:00:00,3,22,22194,2,1,2,7,Rue De Pont Menou,48.65532,-3.645675
202300052726,14,2,2023,2025-12-05 21:20:00,5,61,61001,2,1,1,7,Ambroise Pare (Rue),48.43527,0.10424
202300052727,2,1,2023,2025-12-05 09:30:00,2,75,75102,2,2,2,7,Rue Tiquetonne,48.86476299,2.3467961
202300052728,3,1,2023,2025-12-05 19:17:00,5,94,94044,2,1,1,1,Avenue De Verdun,48.7490735,2.47420049
202300052729,14,2,2023,2025-12-05 18:00:00,1,59,59599,2,2,1,3,Chaussee Marcelin Berthelot,50.72471,3.18212
202300052730,27,9,2023,2025-12-05 17:15:00,1,51,51571,1,3,1,1,D34,49.165206,4.195919
202300052731,3,1,2023,2025-12-05 08:35:00,1,94,94078,2,1,1,6,Rue Des Vignes,48.73190281,2.4509161
202300052732,27,9,2023,2025-12-05 14:30:00,1,51,51093,1,1,1,6,D951,48.991018,3.8871
202300052733,3,1,2023,2025-12-05 20:45:00,5,94,94046,2,1,2,3,Avenue De La Republique,48.81045063,2.45640939
202300052734,13,2,2023,2025-12-05 15:00:00,1,59,59467,2,2,1,3,Route De Bavay,50.22542,3.8423
202300052735,27,9,2023,2025-12-05 11:10:00,1,59,59037,2,1,1,3,65 Rue Roger Salengro,50.199906,3.389004
202300052736,27,9,2023,2025-12-05 18:50:00,1,56,56058,2,3,1,3,Boulevard De La Couvranne,47.48462,-2.340104
202300052737,2,1,2023,2025-12-05 13:45:00,1,94,94028,2,3,1,2,2 Rue Viet / Rue Du General Leclerc,48.80138012,2.44965345
202300052738,13,2,2023,2025-12-05 20:25:00,3,52,52121,1,1,1,1,Rd 143,48.06064,5.14635
202300052739,28,9,2023,2025-12-05 16:15:00,1,76,76222,2,1,1,6,Avenue Du President Coty,49.479164,0.870817
202300052740,3,1,2023,2025-12-05 09:44:00,1,93,93048,2,1,1,6,Rue De Paris,48.856712,2.428173
202300052741,28,9,2023,2025-12-05 16:40:00,1,2B,2B201,1,1,7,6,D14,42.209225,9.379964
202300052742,14,2,2023,2025-12-05 08:10:00,1,51,51454,2,2,1,6,Boulevard Pommery,49.25331,4.05409
202300052743,3,1,2023,2025-12-05 19:10:00,5,92,92078,2,1,1,7,Verdun (Avenue) (Impairs 1 A 25),48.93561368,2.33558339
202300052744,26,9,2023,2025-12-05 14:51:00,1,65,65250,2,2,1,3,Chemin De Marcoy,43.313257,0.359366
202300052745,3,1,2023,2025-12-05 20:15:00,5,92,92075,2,3,2,6,Jean Bleuzen,48.82371137,2.2971417
202300052746,13,2,2023,2025-12-05 17:45:00,1,49,49099,2,1,1,3,Faidherbe (Boulevard Du General),47.0662,-0.87164
202300052747,15,9,2023,2025-12-05 19:30:00,1,71,71412,1,1,1,3,N70,46.711098,4.428818
202300052748,3,1,2023,2025-12-05 16:28:00,1,92,92063,2,4,1,3,Pompidou (Avenue Du President),48.87356,2.18965
202300052749,14,2,2023,2025-12-05 08:30:00,1,49,49246,2,1,1,3,Guinel,47.44286,-0.53507
202300052750,28,9,2023,2025-12-05 07:53:00,1,71,71549,1,1,1,1,D933,46.519547,4.978414
202300052751,3,1,2023,2025-12-05 20:28:00,5,92,92050,2,1,3,3,Joliot Curie F. Et Irene Avenue  NdegPairs,48.88845464,2.20265231
202300052752,14,2,2023,2025-12-05 17:50:00,1,44,44109,1,1,1,2,Adresse_Inconnue,47.2676667,-1.565997
202300052753,3,1,2023,2025-12-05 13:05:00,1,92,92024,2,9,1,3,Dagobert (Rue),48.902501,2.305401
202300052754,28,9,2023,2025-12-05 10:00:00,1,71,71359,1,2,1,3,D 37,46.545831,4.956572
202300052755,14,2,2023,2025-12-05 08:44:00,1,38,38185,2,2,1,1,Rue Du 19 Mars 1962,45.18947,5.74193
202300052756,2,1,2023,2025-12-05 15:20:00,1,92,92060,2,1,8,2,Charles De Gaulle (Place),48.77265101,2.25173673
202300052757,27,9,2023,2025-12-05 23:10:00,5,63,63291,2,2,1,3,D906-Anatole France/ Rue Pasteur,45.96471252,3.47652376
202300052758,2,1,2023,2025-12-05 21:20:00,5,92,92004,2,2,1,3,Argenteuil Av D',48.92686006,2.27333777
202300052759,13,2,2023,2025-12-05 15:55:00,1,37,37233,2,2,1,3,Republique (Avenue De La),47.38989,0.72447
202300052760,22,9,2023,2025-12-05 17:00:00,1,61,61129,1,1,2,1,D9,48.471416,0.606125
202300052761,1,1,2023,2025-12-05 05:35:00,3,35,35177,1,1,1,6,Les Petites Roches,48.205156,-1.746043
202300052762,27,9,2023,2025-12-05 13:30:00,1,46,46313,1,1,1,7,Lieu Dit Les Reingues,44.909888,1.767876
202300052763,14,2,2023,2025-12-05 15:35:00,1,35,35206,1,1,1,2,Rn136,48.07901,-1.69073
202300052764,27,9,2023,2025-12-05 17:25:00,1,44,44130,1,1,1,2,97 Rue Du Pays De Retz,47.124513,-1.595389
202300052765,4,1,2023,2025-12-05 14:30:00,1,66,66190,1,1,1,2,Adresse_Inconnue,42.858586,2.9572961
202300052766,28,9,2023,2025-12-05 11:20:00,1,29,29264,1,1,1,7,Route De Kerfaven,48.51536447,-4.15119559
202300052767,10,2,2023,2025-12-05 07:30:00,2,34,34032,2,3,1,1,674 Ancienne Route De Bedarieux,43.36329,3.21891
202300052768,3,1,2023,2025-12-05 07:45:00,2,28,28035,1,3,5,3,La Saussaye,48.40290293,1.55122018
202300052769,28,9,2023,2025-12-05 12:50:00,1,29,29176,1,1,2,7,Lieu Dit Toul Fil,48.1237607,-4.21246971
202300052770,14,2,2023,2025-12-05 12:00:00,1,33,33529,2,1,1,3,Labarthe (Rue Michel),44.62269,-1.13925
202300052771,3,1,2023,2025-12-05 10:10:00,1,62,62338,1,3,1,1,Rue Des Lombards,50.634574,2.835296
202300052772,17,9,2023,2025-12-05 16:45:00,1,38,38457,1,1,1,1,D71,45.297717,5.266652
202300052773,3,1,2023,2025-12-05 08:40:00,1,74,74085,1,1,5,7,Chemin De Colombaz,45.814229,6.716723