num_acc,jour,mois,an,hrmn,lum,dep,com,agg,int,atm,col,adr,lat,long
202300052774,14,2,2023,2025-12-05 19:55:00,5,27,27229,2,1,1,3,Normandie (Boulevard De),49.01955,1.13873
202300052775,4,1,2023,2025-12-05 19:05:00,5,74,74267,2,1,1,6,652 Route Du Col De Leschaux,45.857423,6.13834
202300052776,17,9,2023,2025-12-05 02:00:00,4,26,26193,1,1,1,6,60 Route Du Clot,44.175637,5.433812
202300052777,3,1,2023,2025-12-05 19:30:00,3,79,79311,1,1,2,7,Adresse_Inconnue,46.589865,-0.416762
202300052778,14,2,2023,2025-12-05 12:20:00,1,22,22187,2,2,1,3,Chalutier Sans Pitie (Avenue Du),48.53016,-2.76472
202300052779,4,1,2023,2025-12-05 11:25:00,1,79,79322,1,1,2,6,Adresse_Inconnue,46.63791,-0.2826
202300052780,14,2,2023,2025-12-05 11:30:00,1,22,22278,2,1,1,6,71deg Ri (Du),48.51094,-2.75939
202300052781,1,1,2023,2025-12-05 12:45:00,1,69,69018,1,1,1,7,Route De La Vallee D'Andilleys,46.14679,4.59216
202300052782,27,9,2023,2025-12-05 23:00:00,5,18,18096,2,1,1,7,3 Rue Joliot Curie,47.177236,2.166002
202300052783,3,1,2023,2025-12-05 21:20:00,3,71,71014,1,1,5,6,Route De Chateau Chinon,46.977277,4.259503
202300052784,14,2,2023,2025-12-05 16:21:00,1,19,19275,2,9,1,3,Adresse_Inconnue,45.5461101,2.30669439
202300052785,24,9,2023,2025-12-05 12:21:00,1,18,18108,2,1,1,6,21 Rue Edmond Laroche,46.949358,2.95962
202300052786,3,1,2023,2025-12-05 19:00:00,5,89,89309,2,1,1,6,27 Avenue Du General Leclerc,48.28498,3.210985
202300052787,27,9,2023,2025-12-05 18:45:00,1,18,18145,2,1,1,6,23 Rue De La Gare,47.228476,2.482728
202300052788,14,2,2023,2025-12-05 21:02:00,5,14,14118,2,2,1,1,1 Rue Professeur Joseph Rousselot,49.20588,-0.35935
202300052789,3,1,2023,2025-12-05 12:35:00,1,46,46317,2,2,5,3,D60,44.831891,1.770859
202300052790,13,2,2023,2025-12-05 19:30:00,5,14,14118,2,1,1,6,116 Rue De La Delivrande,49.195164,-0.359983
202300052791,3,1,2023,2025-12-05 10:25:00,1,47,47195,1,2,7,1,Route De Mezin,44.130609,0.323233
202300052792,3,1,2023,2025-12-05 14:30:00,1,86,86281,2,1,1,6,9 Route De Lencloitre,46.736611,0.30931
202300052793,13,2,2023,2025-12-05 14:45:00,1,13,13103,2,1,1,2,Avenue Borel -Georges,43.64048667,5.08041462
202300052794,26,9,2023,2025-12-05 19:45:00,2,21,21545,1,1,1,6,D118,47.87482369,4.53612269
202300052795,4,1,2023,2025-12-05 06:55:00,2,38,38416,1,1,1,3,Pk79 Rd 518,45.132043,5.325623
202300052796,27,9,2023,2025-12-05 08:16:00,2,8,8491,2,9,7,6,Rue De L?Industrie,49.727458,4.840369
202300052797,14,2,2023,2025-12-05 23:30:00,5,13,13213,2,1,1,6,Escadrille Normandie Niemen,43.33542444,5.41009663
202300052798,4,1,2023,2025-12-05 20:25:00,3,38,38533,1,1,1,5,D524,45.164701,5.805781
202300052799,28,9,2023,2025-12-05 14:00:00,1,88,88357,1,1,1,1,Chemin De Ramecourt,48.313391,6.109729
202300052800,14,2,2023,2025-12-05 22:40:00,5,94,94038,2,1,1,6,Rue Paul Hochart,48.775711,2.357157
202300052801,3,1,2023,2025-12-05 20:45:00,3,50,50604,1,1,2,6,1 Le Moulin D?Arrondel,49.542543,-1.836396
202300052802,28,9,2023,2025-12-05 07:04:00,2,38,38517,1,1,1,6,A49,45.289588,5.527257
202300052803,13,2,2023,2025-12-05 08:36:00,1,75,75118,2,3,1,1,Rue Ordener,48.890875,2.353257
202300052804,27,9,2023,2025-12-05 19:00:00,2,67,67152,2,1,1,7,Route De Strasbourg,48.528546,7.661923
202300052805,4,1,2023,2025-12-05 09:00:00,2,50,50615,2,6,2,6,Place Du Chateau,49.509383,-1.472125
202300052806,27,9,2023,2025-12-05 09:30:00,1,91,91386,2,1,1,6,28 Boulevard Charles De Gaulle,48.5664,2.44369
202300052807,14,2,2023,2025-12-05 11:45:00,1,75,75120,2,2,1,3,Avenue Gambetta,48.866528,2.399889
202300052808,4,1,2023,2025-12-05 07:10:00,3,45,45327,1,1,2,3,D11 Pr 24 + 625,47.984687,2.094001
202300052809,14,2,2023,2025-12-05 20:20:00,5,75,75119,2,7,1,2,Place Auguste Baron,48.901012,2.387656
202300052810,26,9,2023,2025-12-05 12:00:00,1,84,84019,2,1,1,1,"Chemin Des Turs,84500",44.286261,4.748084
202300052811,1,1,2023,2025-12-05 06:19:00,3,64,64059,1,1,1,1,D817,43.285313,-0.256237
202300052812,3,1,2023,2025-12-05 12:55:00,1,18,18019,1,1,1,7,Adresse_Inconnue,47.183681,2.677454
202300052813,27,9,2023,2025-12-05 12:15:00,1,13,13034,1,1,1,3,D24B,43.762974,4.965606
202300052814,2,1,2023,2025-12-05 08:55:00,1,53,53109,1,1,1,3,D35,48.287562,-0.471318
202300052815,14,2,2023,2025-12-05 12:30:00,1,75,75119,2,3,1,3,Avenue De Flandre,48.890576,2.376478
202300052816,28,9,2023,2025-12-05 07:40:00,1,38,38072,1,1,1,2,Autoroute A7 Pk023+600 Sens Nord / Sud,45.324438,4.811304
202300052817,4,1,2023,2025-12-05 16:45:00,1,37,37212,1,1,2,6,Sainte-Catherine De Fierbois ? Rd 910,47.145116,0.646917
202300052818,13,2,2023,2025-12-05 13:00:00,1,75,75119,2,2,1,6,Rue Manin,48.88303,2.385492
202300052819,3,1,2023,2025-12-05 20:50:00,3,30,30169,1,1,1,1,Rn 113,43.787698,4.317107
202300052820,14,2,2023,2025-12-05 11:45:00,1,75,75116,2,1,1,6,Rue Copernic,48.869502,2.286744
202300052821,28,9,2023,2025-12-05 07:55:00,1,70,70416,1,1,1,5,N19,47.660365,6.368616
202300052822,28,9,2023,2025-12-05 06:55:00,2,3,3298,1,1,1,7,Rn7,46.30933512,3.41044069
202300052823,3,1,2023,2025-12-05 07:40:00,5,35,35206,1,3,1,3,D82 Le Rouvray,48.059324,-1.663485
202300052824,13,2,2023,2025-12-05 19:45:00,5,75,75116,2,3,1,6,Avenue Kleber,48.871251,2.293328
202300052825,28,9,2023,2025-12-05 14:15:00,1,7,7324,2,6,1,3,Chemin De Champagne,45.050604,4.832101
202300052826,14,2,2023,2025-12-05 19:20:00,5,75,75115,2,2,1,1,Rue De La Convention,48.841095,2.287844
202300052827,27,9,2023,2025-12-05 14:26:00,1,13,13117,1,1,1,6,A7-Sens Lyon Vers Marseille,43.4328,5.2574
202300052828,14,2,2023,2025-12-05 20:25:00,5,75,75113,2,1,1,6,Avenue D Italie,48.829316,2.356298
202300052829,27,9,2023,2025-12-05 14:25:00,1,13,13028,1,1,1,1,A50,43.19336483,5.66775157
202300052830,4,1,2023,2025-12-05 16:00:00,1,2B,2B007,1,1,1,7,Rd 84,42.304483,8.946605
202300052831,13,2,2023,2025-12-05 22:40:00,5,75,75113,2,3,1,3,Avenue Des Gobelins,48.834864,2.353214
202300052832,25,9,2023,2025-12-05 18:03:00,1,33,33318,1,1,1,2,Rocade A 630,44.80604397,-0.6656009
202300052833,4,1,2023,2025-12-05 10:00:00,1,34,34213,2,1,1,6,Rue Paul Valery,43.48635,3.668141
202300052834,4,1,2023,2025-12-05 07:45:00,1,34,34113,2,1,1,6,2 Avenue De Beziers,43.498856,3.713514
202300052835,14,2,2023,2025-12-05 20:15:00,5,75,75111,2,3,1,3,Boulevard Voltaire,48.865578,2.367042
202300052836,14,2,2023,2025-12-05 04:25:00,5,75,75107,2,2,1,6,Avenue Duquesne,48.852736,2.308583
202300052837,27,9,2023,2025-12-05 14:00:00,1,91,91689,1,1,1,4,Autoroute A6B,48.7469,2.327
202300052838,27,9,2023,2025-12-05 14:18:00,1,91,91179,1,1,1,3,Autoroute A6,48.563,2.48003
202300052839,2,1,2023,2025-12-05 11:35:00,1,34,34199,2,2,1,3,1 Rue Louis Feuillade,43.454325,3.408149
202300052840,13,2,2023,2025-12-05 10:45:00,1,75,75107,2,2,1,6,Rue D Estrees,48.851742,2.313759
202300052841,13,2,2023,2025-12-05 17:40:00,5,75,75101,2,2,1,6,Boulevard De Sebastopol,48.861985,2.350157
202300052842,4,1,2023,2025-12-05 08:10:00,1,83,83035,1,1,1,5,D2,43.262148,5.760908
202300052843,27,9,2023,2025-12-05 06:15:00,2,95,95219,1,1,1,6,A115,48.98965,2.24397
202300052844,14,2,2023,2025-12-05 17:20:00,1,94,94058,2,9,1,6,34 Avenue Du 11 Novembre,48.84468,2.49763
202300052845,4,1,2023,2025-12-05 18:30:00,3,13,13103,1,1,1,1,D538,43.68410006,5.09391993
202300052846,14,2,2023,2025-12-05 02:00:00,5,94,94058,2,2,1,6,Boulevard De Fontenay,48.84873,2.4936
202300052847,27,9,2023,2025-12-05 17:10:00,1,94,94022,1,1,1,4,A86,48.77604023,2.42618623
202300052848,3,1,2023,2025-12-05 08:55:00,1,21,21388,2,1,5,6,D34,47.210164,5.182393
202300052849,13,2,2023,2025-12-05 16:50:00,1,94,94033,2,3,9,6,Rue Danielle Casanova,48.8556,2.47534
202300052850,7,6,2023,2025-12-05 14:25:00,1,9,9225,2,1,1,6,Jacobins Rue Des,43.11516,1.61197
202300052851,4,1,2023,2025-12-05 18:00:00,3,68,68109,2,1,2,6,Rue Du Muhlele,48.04251397,7.174716
202300052852,14,2,2023,2025-12-05 22:10:00,5,94,94022,2,1,1,2,Rue Jean Jaures,48.76503,2.40786
202300052853,26,7,2023,2025-12-05 20:30:00,1,74,74118,1,9,1,3,Adresse_Inconnue,46.1695,6.20636
202300052854,2,1,2023,2025-12-05 11:20:00,1,69,69069,2,2,1,3,40 Rue Centrale,45.745895,4.71652
202300052855,12,2,2023,2025-12-05 23:30:00,5,94,94069,2,2,1,1,Pont De Charenton,48.817793,2.419643
202300052856,4,1,2023,2025-12-05 09:50:00,1,29,29046,1,1,2,7,Route D'Audierne,48.07327326,-4.3420632
202300052857,13,2,2023,2025-12-05 08:10:00,1,94,94017,2,1,1,6,15 Rue De L'Abreuvoir,48.81037,2.54533
202300052858,12,7,2023,2025-12-05 17:00:00,1,74,74012,2,1,1,3,Vallees (Route Des),46.193139,6.243365
202300052859,14,2,2023,2025-12-05 08:30:00,1,93,93072,2,1,1,6,Rue Jean Pierre Timbaud,48.95956,2.37817
202300052860,4,1,2023,2025-12-05 07:40:00,4,59,59035,2,1,2,6,Avenue De Verdun,50.119048,3.929696
202300052861,22,7,2023,2025-12-05 19:55:00,2,74,74118,1,9,1,6,18 Aout (Rue Du),46.17254,6.21218
202300052862,3,1,2023,2025-12-05 08:42:00,1,13,13005,1,1,1,1,A50-Sens Marseille Vers Aubagne,43.28568,5.5291
202300052863,13,7,2023,2025-12-05 18:15:00,1,74,74137,1,1,7,1,Route Des Aires,46.018293,6.19321
202300052864,14,2,2023,2025-12-05 14:30:00,1,93,93066,2,1,1,5,Rue Du Landy,48.91536608,2.35382237
202300052865,2,1,2023,2025-12-05 14:39:00,1,91,91228,1,1,1,4,Rn 104,48.61693,2.4275
202300052866,14,2,2023,2025-12-05 16:24:00,1,93,93077,2,2,1,6,Grande Rue / Avenue Lespinasse,48.88255,2.51838
202300052867,17,7,2023,2025-12-05 22:35:00,3,74,74012,2,1,1,3,Romagny (Rue De),46.19476,6.24188
202300052868,14,2,2023,2025-12-05 10:50:00,1,93,93051,2,2,1,2,Avenue Mederic / Rue Du Ballon,48.82997567,2.58129895
202300052869,16,7,2023,2025-12-05 23:50:00,3,74,74010,1,1,1,1,Ouest (Boulevard),45.89969,6.1069
202300052870,14,2,2023,2025-12-05 08:00:00,1,93,93051,2,1,8,2,Boulevard Du Rempart,48.8373328,2.54660323
202300052871,1,1,2023,2025-12-05 01:50:00,4,92,92072,1,1,1,4,N118,48.82128224,2.21946107
202300052872,13,2,2023,2025-12-05 12:20:00,1,93,93006,2,3,1,2,Rue Des Loriettes,48.872012,2.418662
202300052873,3,1,2023,2025-12-05 17:40:00,3,93,93078,1,1,1,3,Autoroute A104,48.9588,2.53548
202300052874,16,7,2023,2025-12-05 11:15:00,1,74,74076,1,2,1,3,Route De Cercier,45.999004,6.041579
202300052875,14,2,2023,2025-12-05 06:30:00,5,93,93032,2,5,1,1,Rue Paul Vaillant Couturier / Rue Hippolyte Pina,48.87435,2.55201
202300052876,19,7,2023,2025-12-05 19:15:00,1,74,74118,2,1,1,2,Deportes (Route Des ),46.181,6.229
202300052877,14,2,2023,2025-12-05 09:40:00,1,93,93079,2,1,7,6,189 Avenue De La Division Leclerc,48.95008738,2.34253451
202300052878,13,7,2023,2025-12-05 21:05:00,2,74,74116,1,1,1,6,A410,46.072166,6.289458
202300052879,14,2,2023,2025-12-05 08:29:00,1,93,93030,2,1,1,3,Avenue Ambroise Croizat,48.9581,2.41581
202300052880,14,2,2023,2025-12-05 11:45:00,1,93,93008,2,1,7,6,Rue Pablo Picasso,48.908175,2.449017
202300052881,13,2,2023,2025-12-05 18:18:00,5,92,92046,2,9,1,6,De Stalingrad,48.8128201,2.29138434
202300052882,20,7,2023,2025-12-05 06:40:00,1,74,74010,2,3,1,5,Fier (Boulevard Du)),45.9208,6.12063
202300052883,13,2,2023,2025-12-05 10:51:00,1,92,92075,2,2,1,3,Mary Besseyre (Rue),48.82195,2.28925
202300052884,19,7,2023,2025-12-05 09:55:00,1,74,74012,2,1,1,2,Romagny (Rue De),46.19675,6.24764
202300052885,13,2,2023,2025-12-05 13:45:00,1,92,92063,2,1,1,3,Gallieni (Rue),48.870152,2.203453
202300052886,13,7,2023,2025-12-05 16:10:00,1,74,74010,2,1,1,1,Marquisats (Avenue Des),45.895868,6.132895
202300052887,14,2,2023,2025-12-05 19:45:00,5,92,92050,2,2,1,3,Clemenceau Georges Avenue NdegImpair,48.88570058,2.21925169
202300052888,11,7,2023,2025-12-05 01:45:00,5,74,74298,2,6,1,6,Bonneville (Route De ),46.175,6.2477
202300052889,13,2,2023,2025-12-05 15:30:00,1,92,92036,2,2,1,3,Henri Barbusse (Rue) (1/35),48.918005,2.296602
202300052890,13,2,2023,2025-12-05 10:00:00,1,92,92036,2,1,1,2,Marcel Paul (Avenue) (52/102),48.941654,2.302965
202300052891,14,2,2023,2025-12-05 13:00:00,1,92,92025,2,1,1,3,Stalingrad (Av De),48.930977,2.267215
202300052892,11,7,2023,2025-12-05 13:50:00,1,74,74012,2,1,1,2,Bonneville (Route De),46.1885,6.23582
202300052893,14,2,2023,2025-12-05 07:45:00,1,92,92012,2,1,1,2,Alphonse Le Gallo (Quai) 1/34,48.83244,2.22755
202300052894,13,2,2023,2025-12-05 20:30:00,5,92,92014,2,1,1,2,General Leclerc (Av.) (1 A 55Bis - 2 A 4,48.78221,2.3165
202300052895,1,2,2023,2025-12-05 18:30:00,3,60,60435,1,1,1,7,D150,49.589752,1.8536
202300052896,2,1,2023,2025-12-05 20:40:00,3,95,95582,1,1,1,6,A15,48.96924975,2.2506845
202300052897,2,1,2023,2025-12-05 19:30:00,3,93,93064,1,1,1,2,Autoroute A86,48.8791675,2.47634149
202300052898,2,1,2023,2025-12-05 09:40:00,2,92,92036,1,1,3,6,Autoroute A15,48.947254,2.28190524
202300052899,2,1,2023,2025-12-05 08:30:00,2,95,95527,1,1,2,6,A1,49.01061779,2.52906561
202300052900,2,1,2023,2025-12-05 07:54:00,1,34,34172,2,1,1,6,3310 Boulevard Paul Valery,43.59125,3.85427
202300052901,1,1,2023,2025-12-05 18:30:00,5,29,29019,2,1,2,6,Boulevard Gambetta,48.388688,-4.4803361
202300052902,2,1,2023,2025-12-05 17:05:00,5,69,69388,2,8,2,6,Avenue Rockefeller,45.74078,4.88669
202300052903,1,12,2023,2025-12-05 18:25:00,5,6,6027,2,1,2,6,Alpes Avenue Des,43.6688,7.1259
202300052904,2,1,2023,2025-12-05 11:00:00,1,69,69386,2,2,1,3,11 Rue Des Emeraudes,45.76909203,4.8605758
202300052905,28,11,2023,2025-12-05 14:30:00,1,5,5061,2,1,1,1,Jean Mace ( Rue ),44.55983,6.07187
202300052906,1,1,2023,2025-12-05 04:00:00,5,972,97213,1,1,1,7,Autoroute A1,14.61834,-61.02366
202300052907,1,1,2023,2025-12-05 07:00:00,1,972,97209,1,1,1,2,Autoroute (A1),14.61829,-61.03741
202300052908,15,2,2023,2025-12-05 16:40:00,1,17,17387,1,1,1,2,Rue Du Coteau,45.804865,-0.749438
202300052909,14,2,2023,2025-12-05 18:55:00,2,52,52017,2,1,1,7,Chemin De Combe Saint Dizier,47.916957,4.937405
202300052910,2,1,2023,2025-12-05 07:40:00,1,971,97113,1,1,1,1,Rn4 - Section Riviera,16.21765,-61.49358
202300052911,28,11,2023,2025-12-05 15:00:00,1,5,5061,2,2,1,3,Commerce ( Rue Du ),44.5626,6.09579
202300052912,14,2,2023,2025-12-05 09:55:00,1,40,40065,2,6,7,6,Avenue Jean Lartigau,43.637946,-1.429296
202300052913,1,1,2023,2025-12-05 23:38:00,5,971,97113,1,9,1,1,Cocoyer,16.2413929,-61.4940995
202300052914,15,2,2023,2025-12-05 17:44:00,1,974,97404,1,1,1,3,D110,-21.249847,55.381892
202300052915,1,12,2023,2025-12-05 18:00:00,5,75,75119,2,1,1,3,Porte De Pantin,48.884855,2.39806
202300052916,2,1,2023,2025-12-05 18:55:00,3,77,77121,2,1,1,6,Noyers (Rue Des ),48.836161,2.6676482
202300052917,14,2,2023,2025-12-05 20:20:00,3,35,35109,1,1,1,2,Piquet,48.07108477,-1.19377345
202300052918,15,2,2023,2025-12-05 09:30:00,1,95,95144,1,1,5,6,Rd 9,49.067781,2.442304
202300052919,1,1,2023,2025-12-05 13:50:00,1,73,73222,1,1,1,3,D912 Route De La Feclaz,45.58197,5.97544
202300052920,13,2,2023,2025-12-05 09:50:00,1,19,19248,1,1,1,3,Rd 920,45.462539,1.553621
202300052921,1,1,2023,2025-12-05 15:50:00,1,71,71076,2,3,1,3,Boucicaut (Avenue),46.78457,4.84474
202300052922,11,2,2023,2025-12-05 16:00:00,1,56,56185,1,1,1,6,Le Meneguen,47.781679,-3.443372
202300052923,1,12,2023,2025-12-05 16:17:00,1,75,75117,2,2,1,3,Rue Des Acacias,48.877075,2.292167
202300052924,2,1,2023,2025-12-05 06:40:00,3,69,69092,1,1,1,7,Route De Montmelas,46.00271,4.71927
202300052925,7,7,2023,2025-12-05 18:00:00,1,74,74225,1,1,1,3,D910,45.879382,5.937593
202300052926,30,11,2023,2025-12-05 10:52:00,1,75,75108,2,2,1,6,Rue De Constantinople,48.881271,2.316565
202300052927,15,2,2023,2025-12-05 15:00:00,1,82,82136,2,6,1,6,Grand Rue,43.90531,1.407843
202300052928,5,7,2023,2025-12-05 10:30:00,1,74,74237,1,1,1,1,Route Nationale,46.39284245,6.78975313
202300052929,26,10,2023,2025-12-05 12:45:00,1,75,75105,2,3,1,3,Boulevard Saint Michel,48.848806,2.341764
202300052930,2,1,2023,2025-12-05 18:25:00,5,69,69290,2,3,2,3,Boulevard Edouard Herriot,45.69444,4.93696
202300052931,28,6,2023,2025-12-05 19:25:00,2,74,74272,1,3,1,3,Route De Clermont_,45.943108,6.028002
202300052932,15,2,2023,2025-12-05 17:10:00,2,61,61168,2,1,7,1,D916,48.584081,-0.365429
202300052933,30,11,2023,2025-12-05 08:30:00,1,75,75105,2,3,1,6,Rue Du Fouarre,48.851662,2.347762
202300052934,25,6,2023,2025-12-05 00:20:00,3,74,74161,1,1,1,1,Route D'Annecy,45.87653664,6.0159643
202300052935,2,1,2023,2025-12-05 17:55:00,3,69,69290,2,1,2,2,Rue Maurice Audibert,45.70007,4.92004
202300052936,1,12,2023,2025-12-05 07:40:00,2,75,75114,2,2,1,2,Boulevard Romain Rolland,48.819848,2.325529
202300052937,19,6,2023,2025-12-05 06:45:00,2,74,74016,2,6,1,3,Avenue Marie Curie,46.139415,6.123564
202300052938,17,1,2023,2025-12-05 22:15:00,5,61,61145,2,1,8,6,Voie Communale,48.589144,-0.650215
202300052939,1,12,2023,2025-12-05 18:15:00,5,75,75111,2,3,1,6,Avenue De La Republique,48.86600857,2.37071478
202300052940,1,1,2023,2025-12-05 04:10:00,4,67,67482,2,1,1,2,Salluste (Rue),48.58306,7.69606
202300052941,13,2,2023,2025-12-05 08:30:00,1,55,55001,1,1,5,7,D10,48.535178,5.500846
202300052942,29,11,2023,2025-12-05 17:13:00,1,75,75101,2,3,1,7,Rue Du Colonel Driant,48.863744,2.338784
202300052943,26,6,2023,2025-12-05 08:15:00,1,26,26165,1,1,1,3,Route Lucien Ravit,44.797351,4.822952
202300052944,30,11,2023,2025-12-05 11:10:00,1,94,94081,2,9,1,6,Boulevard De Stalingrad,48.797275,2.383227
202300052945,1,1,2023,2025-12-05 17:50:00,5,66,66136,2,3,1,6,Adresse_Inconnue,42.70651,2.89343
202300052946,26,9,2023,2025-12-05 19:40:00,5,973,97302,2,9,1,3,Zephir (Rocade),4.93779821,-52.30659217
202300052947,1,12,2023,2025-12-05 22:00:00,5,94,94078,2,3,1,3,Rue De Paris,48.73549,2.44674
202300052948,15,2,2023,2025-12-05 17:20:00,1,47,47301,1,1,1,3,1950 Route De Seyches,44.532608,0.316254
202300052949,26,9,2023,2025-12-05 14:05:00,1,973,97302,2,1,1,3,Baduel (Route De),4.93455319,-52.31151402
202300052950,1,1,2023,2025-12-05 18:15:00,5,64,64102,2,1,1,1,Avenue Marechal Foch,43.493502,-1.481037
202300052951,9,5,2023,2025-12-05 08:20:00,1,13,13211,1,1,1,2,A50-Sens Aubagne Vers Marseille,43.29466,5.4667
202300052952,29,3,2023,2025-12-05 17:55:00,1,93,93063,2,1,1,3,Rue De La Republique,48.880393,2.43652
202300052953,30,11,2023,2025-12-05 23:50:00,5,94,94068,2,2,1,1,Avenue De La Liberation,48.81297,2.47972
202300052954,26,9,2023,2025-12-05 07:20:00,1,973,97302,2,1,1,3,Madeleine (Route De La),4.9140254,-52.32085615
202300052955,2,1,2023,2025-12-05 20:30:00,5,62,62193,2,3,1,3,Boulevard Leon Gambetta,50.94658,1.84337
202300052956,30,3,2023,2025-12-05 16:50:00,1,93,93029,2,1,1,6,Rue Voltaire,48.914506,2.434786
202300052957,8,2,2023,2025-12-05 11:15:00,1,22,22251,2,3,1,3,Rue Des Sports,48.56609,-2.813079
202300052958,1,12,2023,2025-12-05 11:45:00,1,94,94073,2,1,1,3,Boulevard De Stalingrad,48.77326,2.39963
202300052959,9,5,2023,2025-12-05 03:00:00,3,69,69295,1,1,1,6,Autoroute 46,45.60551134,4.85985784
202300052960,30,3,2023,2025-12-05 09:57:00,1,92,92051,2,1,1,3,"Victor Hugo (Boulevard, Ndeg 9 A 49 Et 16",48.88628666,2.27955347
202300052961,1,1,2023,2025-12-05 20:30:00,5,59,59043,2,6,2,5,Cassel (Rue De),50.737925,2.73088
202300052962,26,9,2023,2025-12-05 17:15:00,2,69,69386,2,3,1,3,Cours Vitton,45.77011,4.8592
202300052963,1,12,2023,2025-12-05 09:15:00,1,94,94073,2,1,1,2,Rue Des Aubepines,48.76669,2.39835
202300052964,2,1,2023,2025-12-05 11:00:00,1,56,56098,2,6,7,3,Rue Daniel Trudaine,47.7744,-3.33829
202300052965,29,3,2023,2025-12-05 23:26:00,5,92,92050,2,6,2,3,Soufflot J-Germain Boulevard,48.89643344,2.21472949
202300052966,15,2,2023,2025-12-05 09:30:00,1,39,39030,1,6,7,3,Adresse_Inconnue,47.134702,5.501125
202300052967,26,9,2023,2025-12-05 16:50:00,1,69,69388,2,2,1,2,Boulevard Des Etats-Unis,45.72447381,4.87141423
202300052968,1,1,2023,2025-12-05 05:40:00,4,56,56121,2,1,6,6,Monistrol (Rue),47.73889,-3.38105
202300052969,1,12,2023,2025-12-05 09:40:00,1,94,94017,2,1,1,6,Avenue Du General De Gaulle,48.820615,2.486026
202300052970,2,1,2023,2025-12-05 18:36:00,5,50,50218,2,1,2,6,Matignon (Av Des),48.83808,-1.57465
202300052971,30,3,2023,2025-12-05 22:00:00,5,92,92020,2,1,1,3,Verdun Avenue De Ndeg1 A 45,48.803,2.287
202300052972,9,5,2023,2025-12-05 09:02:00,1,33,33281,1,1,2,2,Rocade A 630,44.84876,-0.66871
202300052973,26,9,2023,2025-12-05 09:57:00,1,69,69388,2,2,1,1,Avenue Des Freres Lumiere,45.74304,4.87689
202300052974,30,11,2023,2025-12-05 20:07:00,5,93,93073,2,2,1,3,Rue Du Chapitre / Rue Des Terres Noires,49.002475,2.536898
202300052975,30,3,2023,2025-12-05 11:40:00,1,92,92049,2,1,1,3,Brossolette Avenue Pierre,48.816747,2.30662
202300052976,1,1,2023,2025-12-05 06:38:00,3,49,49246,1,1,2,2,A87N,47.41908,-0.50523
202300052977,29,3,2023,2025-12-05 20:03:00,5,92,92049,2,1,1,1,Brossolette Avenue Pierre,48.81882,2.30945
202300052978,14,2,2023,2025-12-05 14:00:00,1,25,25519,1,1,1,5,Rd 437,47.312846,6.811652
202300052979,2,1,2023,2025-12-05 20:10:00,5,38,38318,2,3,3,3,Frerejean(Av G.Et L.),45.52395,4.91932
202300052980,25,9,2023,2025-12-05 17:15:00,1,69,69387,2,3,1,3,Boulevard Yves Farge,45.74337,4.83426
202300052981,30,11,2023,2025-12-05 05:00:00,5,93,93066,2,2,1,3,Avenue Du President Wilson /  Rue Henri Delaunay,48.92579,2.35725
202300052982,30,3,2023,2025-12-05 14:45:00,1,92,92048,2,1,1,6,Verd De Saint Julien (Boulevard),48.81608964,2.2326681
202300052983,26,9,2023,2025-12-05 07:55:00,1,972,97209,2,1,1,7,Zobda Quitman (Avenue),14.63071,-61.03965
202300052984,2,1,2023,2025-12-05 05:50:00,5,37,37208,2,2,2,3,De Gaulle (Av. Du Gal),47.35629,0.72718
202300052985,30,3,2023,2025-12-05 08:10:00,1,92,92026,1,3,8,3,Marechal Joffre (Quai Du),48.90191,2.28023
202300052986,1,12,2023,2025-12-05 19:40:00,5,93,93077,2,3,1,6,Grande Rue / Avenue De La Bourdonnais,48.88232,2.52366
202300052987,14,2,2023,2025-12-05 18:45:00,2,29,29020,2,2,1,3,Rue Amiral De La Grandiere,48.097221,-3.996819
202300052988,26,9,2023,2025-12-05 13:30:00,1,69,69389,2,1,1,2,49 Quai Paul Sedallian,45.78847,4.81532
202300052989,2,1,2023,2025-12-05 17:20:00,2,33,33063,2,2,1,3,Boulevard Pierre 1Er,44.85922,-0.58941
202300052990,30,3,2023,2025-12-05 09:23:00,1,92,92019,2,1,1,6,Division Leclerc (Avenue De La),48.76468259,2.26570174
202300052991,8,5,2023,2025-12-05 09:48:00,1,33,33192,1,1,1,4,Rocade A 630,44.7901795,-0.6098941
202300052992,14,2,2023,2025-12-05 16:30:00,1,31,31276,1,1,1,6,2245 Route De Balesta,43.200697,0.595693
202300052993,26,9,2023,2025-12-05 13:30:00,1,971,97101,1,1,1,6,Rn1-  Hauteur De Sortie Lauricisque,16.25383,-61.5389
202300052994,29,3,2023,2025-12-05 08:45:00,1,92,92004,2,1,1,6,Pierre Boudou,48.91583897,2.30843666
202300052995,1,12,2023,2025-12-05 08:46:00,1,93,93077,2,3,1,4,Grande Rue / Avenue De La Bourdonnais,48.88216,2.52322
202300052996,1,1,2023,2025-12-05 18:40:00,5,33,33063,2,5,1,3,Allee Serr,44.84122376,-0.56191742
202300052997,26,9,2023,2025-12-05 11:50:00,1,971,97105,2,4,1,7,Daniel Beauperthuy (Rue),15.99912,-61.72985
202300052998,5,5,2023,2025-12-05 23:25:00,3,59,59189,1,1,1,2,Autoroute A25,50.79328789,2.61546317