num_acc,jour,mois,an,hrmn,lum,dep,com,agg,int,atm,col,adr,lat,long
202300052999,30,3,2023,2025-12-05 10:35:00,1,92,92002,2,1,1,6,Fernand Braudel (Allee),48.75396,2.30736
202300053000,15,2,2023,2025-12-05 11:35:00,1,5,5111,1,1,1,1,D9,44.557799,6.434041
202300053001,1,12,2023,2025-12-05 14:30:00,1,93,93048,2,2,1,3,Rue Kleber / Rue Michelet,48.852526,2.433949
202300053002,2,1,2023,2025-12-05 22:30:00,5,32,32013,2,1,1,6,Etigny (Allees D'),43.64839,0.58168
202300053003,11,6,2023,2025-12-05 19:11:00,1,94,94073,2,1,1,6,Avenue De Versailles,48.75699,2.38862
202300053004,6,5,2023,2025-12-05 12:25:00,1,59,59431,1,1,1,6,Autoroute A25,50.68525,2.83726
202300053005,30,3,2023,2025-12-05 19:30:00,1,85,85223,1,1,1,1,D137,46.52969,-1.07756
202300053006,26,9,2023,2025-12-05 09:35:00,1,2A,2A004,2,1,1,4,T21,41.9318,8.75676
202300053007,11,6,2023,2025-12-05 16:59:00,1,94,94075,2,1,1,6,Av Du Mal De Lattre De Tassigny,48.727447,2.530572
202300053008,15,2,2023,2025-12-05 09:20:00,1,5,5044,1,1,1,6,D39,44.549928,6.592312
202300053009,1,1,2023,2025-12-05 07:00:00,3,31,31555,1,1,1,2,Adresse_Inconnue,43.65235,1.42996
202300053010,9,5,2023,2025-12-05 20:40:00,1,94,94038,1,1,1,2,A6B,48.77376519,2.34617558
202300053011,31,3,2023,2025-12-05 19:28:00,1,22,22180,1,2,2,3,Rue Des Plantations,48.428684,-2.222586
202300053012,1,12,2023,2025-12-05 08:50:00,1,93,93007,2,5,1,6,Avenue Aristide Briand / Rue Maxime Gorki,48.94534145,2.45128457
202300053013,2,1,2023,2025-12-05 15:44:00,1,22,22106,2,1,1,3,Verne (Rue Jules),48.49589694,-2.72717781
202300053014,26,9,2023,2025-12-05 09:25:00,1,2A,2A004,1,1,1,2,Route Du Stiletto,41.94604,8.77186
202300053015,11,6,2023,2025-12-05 16:28:00,1,93,93039,2,1,1,2,Quai Du Chatelier,48.9228,2.33184
202300053016,9,5,2023,2025-12-05 17:45:00,1,91,91432,1,1,2,2,Autoroute A6,48.693062,2.320722
202300053017,14,2,2023,2025-12-05 14:50:00,1,50,50364,2,1,1,3,Rue Du Bourg,49.120642,-1.481003
202300053018,2,1,2023,2025-12-05 13:41:00,1,22,22278,2,1,1,6,Waldeck-Rousseau (Bd Et Pt),48.51117,-2.7558
202300053019,1,12,2023,2025-12-05 21:32:00,3,92,92051,2,1,1,4,"Charles De Gaulle (Avenue, Ndeg 18 A 116)",48.88207124,2.2691896
202300053020,31,3,2023,2025-12-05 12:30:00,1,71,71270,1,1,1,4,A6,46.366483,4.833888
202300053021,10,6,2023,2025-12-05 21:40:00,2,93,93050,2,2,1,6,Avenue Du Dauphine / Avenue Leon Blum,48.86788149,2.53391653
202300053022,9,5,2023,2025-12-05 08:30:00,1,94,94034,1,1,2,3,A6A,48.75548914,2.33374717
202300053023,26,9,2023,2025-12-05 09:30:00,1,95,95598,2,3,1,3,General  De Gaulle (Avenue Du),48.98501557,2.29961872
202300053024,2,1,2023,2025-12-05 21:15:00,5,75,75119,2,1,1,6,Rue Gaston Tessier,48.896014,2.374135
202300053025,1,12,2023,2025-12-05 18:06:00,5,92,92048,2,3,1,7,Colonel Moraine (Route Du),48.78747,2.22287
202300053026,29,3,2023,2025-12-05 12:05:00,1,974,97401,2,6,1,6,Rue De L'Eglise,-21.242437,55.333224
202300053027,11,6,2023,2025-12-05 17:45:00,1,93,93047,2,1,1,1,Boulevard De L'Europe,48.89527817,2.57065837
202300053028,12,2,2023,2025-12-05 12:00:00,1,50,50484,1,1,1,3,D976,48.58264,-1.114361
202300053029,2,1,2023,2025-12-05 07:35:00,5,75,75116,2,2,2,6,Route De La Muette A Neuilly,48.86255737,2.264404
202300053030,31,3,2023,2025-12-05 13:08:00,1,28,28278,2,1,3,6,D910,48.45948,1.567617
202300053031,26,9,2023,2025-12-05 09:13:00,1,95,95127,1,1,1,4,N14,49.055005,2.052652
202300053032,30,11,2023,2025-12-05 19:45:00,5,92,92025,2,3,1,6,Estienne D'Orves (Rue),48.91850169,2.24476433
202300053033,11,6,2023,2025-12-05 04:20:00,3,93,93010,2,1,2,6,Avenue Henri Varagnat,48.9156071,2.48418555
202300053034,9,5,2023,2025-12-05 13:53:00,1,78,78362,1,1,3,4,A13,48.97769,1.7128
202300053035,1,1,2023,2025-12-05 17:40:00,5,75,75116,2,1,2,6,Allee Du Bord De L Eau,48.859136,2.227596
202300053036,30,3,2023,2025-12-05 01:30:00,3,22,22034,1,1,1,7,"Route Departementale 767, Pr 45+046, Kermorvan, Sens Lannion-Guingamp",48.680237,-3.356591
202300053037,9,5,2023,2025-12-05 09:15:00,1,92,92036,1,1,3,6,Rn315 Y,48.92990191,2.30211945
202300053038,1,12,2023,2025-12-05 07:00:00,5,92,92012,2,1,1,3,Georges Gorse (Quai),48.82699871,2.23112404
202300053039,10,6,2023,2025-12-05 01:07:00,5,92,92051,2,1,1,6,Maurice Barres (Boulevard),48.8799,2.2631
202300053040,2,1,2023,2025-12-05 18:28:00,5,75,75115,2,1,1,3,Quai Andre Citroen,48.846976,2.278285
202300053041,15,2,2023,2025-12-05 14:50:00,1,60,60509,2,3,1,3,Rue Voltaire,49.307279,2.604264
202300053042,31,3,2023,2025-12-05 15:00:00,1,60,60176,1,1,2,1,D1324,49.23373402,2.92587967
202300053043,2,1,2023,2025-12-05 12:00:00,1,75,75114,2,3,2,7,Avenue Lucien Descaves,48.816993,2.332069
202300053044,8,5,2023,2025-12-05 23:05:00,3,92,92072,1,1,2,2,N118,48.81421047,2.21433526
202300053045,11,6,2023,2025-12-05 21:45:00,5,92,92050,2,1,2,2,Joliot Curie F. Et Irene Avenue  NdegPairs,48.89371,2.21208
202300053046,1,12,2023,2025-12-05 16:10:00,1,91,91086,1,1,1,5,Noel Marteau,48.612352,2.376259
202300053047,15,2,2023,2025-12-05 11:30:00,1,36,36241,1,1,1,6,Adresse_Inconnue,46.84420384,1.55396568
202300053048,26,9,2023,2025-12-05 10:50:00,1,91,91326,2,2,1,6,Camille Desmoulins (Rue),48.6946,2.35888
202300053049,1,12,2023,2025-12-05 09:00:00,2,31,31364,1,1,3,6,Route De Verfeil,43.723574,1.494851
202300053050,2,1,2023,2025-12-05 14:35:00,1,75,75112,2,3,1,7,Avenue Daumesnil,48.83896,2.39796
202300053051,30,3,2023,2025-12-05 14:00:00,1,37,37010,1,9,1,2,A10 Aire Courte Epee,47.53628697,0.96339642
202300053052,11,6,2023,2025-12-05 16:50:00,1,92,92025,2,1,2,2,Charles De Gaulle (Bd),48.914908,2.228644
202300053053,9,5,2023,2025-12-05 18:15:00,1,95,95582,1,1,1,3,A15,48.96345705,2.26425648
202300053054,20,9,2023,2025-12-05 16:55:00,1,88,88209,2,1,1,2,Schumann ( Rue Robert ),48.20076,6.42347
202300053055,31,3,2023,2025-12-05 06:45:00,3,3,3102,1,1,1,6,Adresse_Inconnue,46.538687,3.689946
202300053056,11,6,2023,2025-12-05 15:00:00,1,92,92024,2,1,1,7,General Leclerc (Bd Du) (9 A 59)   (4 A,48.90972,2.3068
202300053057,13,2,2023,2025-12-05 06:47:00,2,85,85288,1,1,1,3,Rd36,46.51563212,-1.67859077
202300053058,2,1,2023,2025-12-05 15:40:00,1,75,75108,2,2,1,3,Boulevard Haussmann,48.87419138,2.32392222
202300053059,9,5,2023,2025-12-05 17:30:00,1,95,95572,1,1,1,2,N184,49.03561,2.11725
202300053060,30,11,2023,2025-12-05 12:55:00,1,26,26324,1,1,2,5,A7 - Pk 139+000 - Sens S/N,44.34627651,4.73759651
202300053061,2,1,2023,2025-12-05 11:20:00,1,75,75108,2,2,2,6,Avenue Des Champs Elysees,48.873136,2.297088
202300053062,11,6,2023,2025-12-05 13:22:00,1,92,92004,2,2,1,3,Pont D'Asnieres,48.90493909,2.28784651
202300053063,14,2,2023,2025-12-05 04:00:00,3,72,72231,1,1,1,6,Autoroute A28 Pk 089+000,47.947166,0.319633
202300053064,9,5,2023,2025-12-05 16:30:00,1,93,93001,1,1,8,2,Autoroute A86,48.92145191,2.36796037
202300053065,12,9,2023,2025-12-05 18:15:00,1,84,84087,1,3,1,3,Jonquieres (Route De),44.11802,4.86412
202300053066,1,12,2023,2025-12-05 16:45:00,2,79,79106,1,1,1,7,Adresse_Inconnue,45.989374,-0.118382
202300053067,12,6,2023,2025-12-05 02:06:00,3,47,47184,1,1,1,7,Fenouil,44.59293752,0.65801477
202300053068,31,3,2023,2025-12-05 18:55:00,1,51,51413,1,1,6,1,D9,49.019022,4.036446
202300053069,1,1,2023,2025-12-05 18:20:00,5,75,75104,2,3,2,6,Rue De Rivoli,48.858268,2.34912
202300053070,26,9,2023,2025-12-05 19:30:00,1,84,84035,2,1,1,3,Bournissac (Cours),43.8354,5.04054
202300053071,30,3,2023,2025-12-05 19:00:00,1,2B,2B251,1,1,1,7,Route De Poggio,42.03854,9.330284
202300053072,14,2,2023,2025-12-05 08:35:00,1,35,35353,1,1,7,2,Adresse_Inconnue,48.12222517,-1.77737117
202300053073,12,6,2023,2025-12-05 09:00:00,1,2A,2A272,1,1,1,1,Route De Tizzano,41.55988,8.909032
202300053074,9,5,2023,2025-12-05 13:05:00,1,95,95582,1,1,3,4,A15,48.96394,2.26399
202300053075,2,1,2023,2025-12-05 18:00:00,5,94,94078,2,3,1,6,Rue Gambetta / Rue Jules Ferry,48.73738832,2.46220729
202300053076,12,6,2023,2025-12-05 14:15:00,1,28,28219,1,1,1,7,"Pk 105.100, Autoroute A11 Sens Provence- Paris",48.23019,1.016879
202300053077,31,3,2023,2025-12-05 09:46:00,1,2B,2B207,1,1,8,1,Za,42.460684,9.501157
202300053078,13,2,2023,2025-12-05 19:00:00,3,69,69244,2,1,1,3,19 Avenue Victor Hugo,45.770019,4.788537
202300053079,26,9,2023,2025-12-05 08:45:00,1,81,81163,2,1,1,2,Lapeyrouse,43.50528,2.38272
202300053080,1,12,2023,2025-12-05 17:50:00,3,71,71420,1,3,2,3,Route De Louhans,46.707316,5.011595
202300053081,2,1,2023,2025-12-05 18:40:00,5,94,94046,2,1,1,5,Avenue Du General Leclerc,48.8029,2.4466
202300053082,30,3,2023,2025-12-05 11:40:00,1,81,81249,1,1,1,6,Almayrac,44.081096,2.170444
202300053083,9,5,2023,2025-12-05 10:30:00,1,93,93005,1,1,3,5,Autoroute A1,48.96248856,2.47096625
202300053084,12,6,2023,2025-12-05 16:50:00,1,12,12197,1,1,8,3,Sabonies,43.99413591,2.55985165
202300053085,24,8,2023,2025-12-05 09:15:00,1,75,75115,2,3,1,2,Rue Cambronne,48.84374,2.302395
202300053086,12,2,2023,2025-12-05 11:05:00,1,6,6113,1,1,1,3,A8 Pk 219  Sens France - Italie,43.795381,7.476583
202300053087,1,12,2023,2025-12-05 08:00:00,2,2A,2A040,1,1,8,2,T20 Pont De Sellola,42.093987,9.101379
202300053088,31,3,2023,2025-12-05 00:05:00,3,32,32160,2,1,1,7,Avenue Charles Bacque (Pont),43.608216,1.072235
202300053089,2,1,2023,2025-12-05 20:20:00,5,94,94002,2,1,1,2,24 Quai De La Revolution,48.78134222,2.41914014
202300053090,8,5,2023,2025-12-05 16:00:00,1,93,93005,1,1,1,6,Autoroute A104,48.96880368,2.48090744
202300053091,26,9,2023,2025-12-05 18:00:00,1,81,81004,2,1,1,4,Lannes (Bd Du Marechal),43.94443,2.15982
202300053092,24,8,2023,2025-12-05 16:35:00,1,75,75112,2,3,1,3,Boulevard Diderot,48.846471,2.378897
202300053093,12,2,2023,2025-12-05 20:30:00,5,33,33199,2,2,1,3,Cours De Verdun,44.636483,-1.079192
202300053094,11,6,2023,2025-12-05 21:00:00,2,35,35124,1,1,1,4,Nationale 137 Point Kilometrique 004+700 Sens Nantes Rennes,47.75099864,-1.71506613
202300053095,2,1,2023,2025-12-05 17:10:00,2,93,93059,2,2,1,2,Boulevard Jean Mermoz / Rue Gueroux,48.9638,2.3611
202300053096,31,3,2023,2025-12-05 17:10:00,1,71,71378,2,6,3,2,D981,46.879144,4.752327
202300053097,1,12,2023,2025-12-05 17:15:00,2,31,31150,2,3,2,1,Route De Toulouse,43.651238,1.338806
202300053098,8,5,2023,2025-12-05 10:50:00,1,93,93066,1,1,1,2,Autoroute A86,48.92247728,2.35626225
202300053099,21,9,2023,2025-12-05 16:46:00,1,81,81004,2,1,1,6,Escapadou,43.93944,2.14602
202300053100,23,8,2023,2025-12-05 10:17:00,1,75,75109,2,1,1,4,Boulevard Montmartre,48.871682,2.341881
202300053101,2,1,2023,2025-12-05 09:28:00,2,93,93039,2,1,2,3,Quai Du Chatelier,48.9232,2.3322
202300053102,14,2,2023,2025-12-05 09:20:00,1,45,45028,2,3,7,6,5 Avenue D'Orleans,47.781562,1.633154
202300053103,11,6,2023,2025-12-05 13:15:00,1,17,17142,1,1,1,7,Route Nationale 11,46.18757,-1.074826
202300053104,30,3,2023,2025-12-05 18:25:00,1,63,63366,1,1,1,6,D999 Pk 7+900,45.4867263,3.3620385
202300053105,25,9,2023,2025-12-05 06:23:00,5,80,80021,2,1,1,6,Marechal Joffre (Place Du),49.88841,2.30302
202300053106,7,5,2023,2025-12-05 21:35:00,5,95,95219,1,1,2,2,A115,48.99691,2.24711
202300053107,1,12,2023,2025-12-05 18:30:00,3,89,89227,1,1,1,6,Departementale 124,47.918499,3.763547
202300053108,24,8,2023,2025-12-05 20:40:00,5,94,94028,2,1,1,6,Rue De Paris,48.79514265,2.45924127
202300053109,14,2,2023,2025-12-05 16:35:00,1,84,84092,1,1,1,2,D225,43.977962,4.879088
202300053110,1,1,2023,2025-12-05 03:00:00,5,93,93066,2,1,1,2,Avenue Du Colonel Fabien,48.94475777,2.35402787
202300053111,19,11,2023,2025-12-05 19:15:00,3,12,12210,1,1,2,7,222 Route De L'Egalite,44.189113,2.035604
202300053112,7,5,2023,2025-12-05 21:40:00,3,77,77122,1,1,2,6,Rn104,48.651513,2.612486
202300053113,24,8,2023,2025-12-05 08:40:00,1,94,94015,2,3,1,1,Rue Francois De Troy,48.842122,2.534088
202300053114,31,3,2023,2025-12-05 13:12:00,1,55,55398,1,1,2,3,Zone Industrielle Les Herbues,48.682762,5.741563
202300053115,24,9,2023,2025-12-05 12:20:00,1,80,80021,2,2,1,3,Saint Patrice (Rue),49.8947,2.29755
202300053116,2,1,2023,2025-12-05 15:25:00,1,93,93055,2,3,1,6,Rue Davoust / Avenue Edouard Vaillant,48.899798,2.395953
202300053117,15,2,2023,2025-12-05 07:30:00,1,83,83068,1,1,1,1,D558,43.278108,6.508835
202300053118,1,12,2023,2025-12-05 10:15:00,1,22,22251,2,3,1,6,Rue De Saint-Brieuc,48.569579,-2.817398
202300053119,27,1,2023,2025-12-05 17:00:00,1,38,38544,1,1,1,1,Leveau(Route De),45.54157,4.8837
202300053120,21,9,2023,2025-12-05 11:00:00,1,80,80021,2,1,2,3,Alphonse Fiquet (Place),49.8908,2.30637
202300053121,2,1,2023,2025-12-05 15:10:00,1,93,93048,2,1,1,6,148 Rue De Paris,48.85608,2.42455
202300053122,24,8,2023,2025-12-05 00:40:00,5,94,94041,2,3,1,3,Quai Auguste Deshaies,48.81800378,2.40171835
202300053123,11,6,2023,2025-12-05 14:30:00,1,62,62233,1,1,1,5,Route Departementale 940,50.36370232,1.65323696
202300053124,15,2,2023,2025-12-05 08:00:00,1,21,21138,1,3,1,3,D905,47.204763,5.325
202300053125,31,3,2023,2025-12-05 18:00:00,1,49,49069,1,2,1,2,Lieu Dit La Carre - Drain,47.31557,-1.232668
202300053126,30,11,2023,2025-12-05 21:00:00,5,25,25367,2,9,2,6,Rue Du 17 Novembre,47.447634,6.835186
202300053127,2,1,2023,2025-12-05 12:20:00,1,93,93015,1,1,2,3,Route Strategique,48.92432,2.57263
202300053128,24,8,2023,2025-12-05 21:50:00,5,94,94022,2,1,1,3,Rue Jean Jaures,48.76542467,2.40833053
202300053129,3,3,2023,2025-12-05 18:50:00,5,74,74010,2,1,1,6,Rhone (Avenue Du),45.89803068,6.11915338
202300053130,12,6,2023,2025-12-05 00:45:00,5,83,83070,1,1,1,6,Avenue Du Levant,43.149975,6.4015
202300053131,15,2,2023,2025-12-05 11:00:00,1,42,42059,2,1,1,6,Rue De Lyon,45.638791,4.392037
202300053132,2,1,2023,2025-12-05 21:50:00,5,93,93029,2,3,1,3,Rue De Stalingrad / Rue Marcel Cachin,48.91644629,2.42284316
202300053133,2,12,2023,2025-12-05 09:30:00,1,29,29079,1,1,7,2,Kerveguen,48.64076205,-3.93211158
202300053134,1,3,2023,2025-12-05 07:10:00,2,74,74012,2,6,1,3,Zola (Rue Emile),46.19588,6.23133
202300053135,26,9,2023,2025-12-05 10:30:00,1,79,79191,2,2,1,3,Adresse_Inconnue,46.34816,-0.4774
202300053136,24,8,2023,2025-12-05 18:23:00,1,93,93073,2,2,1,2,Avenue Gilbert Berger / Avenue Kalifat,48.95224,2.58621
202300053137,31,3,2023,2025-12-05 16:25:00,1,2,2810,2,1,1,6,33Bis Rue Du 18 Juillet 1918,49.254491,3.096246
202300053138,2,6,2023,2025-12-05 15:55:00,1,14,14389,1,1,1,2,A84,49.06286212,-0.68733812
202300053139,10,2,2023,2025-12-05 15:20:00,1,1,1281,2,3,1,3,Rue De Gex,46.282339,6.087686
202300053140,2,1,2023,2025-12-05 20:30:00,5,93,93007,2,2,1,3,Avenue Charles Floquet,48.94053676,2.44928867
202300053141,24,8,2023,2025-12-05 14:00:00,1,93,93055,2,1,2,3,Avenue Du General Leclerc,48.90024901,2.41041126
202300053142,16,1,2023,2025-12-05 21:00:00,5,31,31044,2,1,2,6,Allee Paul Gauguin,43.596073,1.506339
202300053143,11,6,2023,2025-12-05 14:00:00,1,85,85109,1,1,7,7,Rd160,46.89297,-1.01124
202300053144,26,9,2023,2025-12-05 08:40:00,1,78,78350,2,1,1,6,Marly (Route De),48.86124,2.10606
202300053145,31,3,2023,2025-12-05 05:50:00,3,1,1229,1,3,1,6,Route De Bourg,46.325104,5.136039
202300053146,1,12,2023,2025-12-05 17:00:00,3,15,15142,1,1,4,3,D990,44.982539,3.011225
202300053147,2,1,2023,2025-12-05 17:05:00,2,93,93005,2,1,1,2,Carrefour De L'Europe,48.95155,2.48271
202300053148,24,8,2023,2025-12-05 14:35:00,1,93,93049,2,3,8,6,Rue Des Coquelicots / Passage Felix,48.86062,2.51828
202300053149,13,2,2023,2025-12-05 18:15:00,2,69,69143,1,1,1,4,27 Avenue Du Parc,45.890613,4.855646
202300053150,6,5,2023,2025-12-05 21:30:00,5,987,98736,1,4,1,6,Tematahi Temarii (Rue),-17.53003,-149.54401
202300053151,6,6,2023,2025-12-05 05:15:00,3,34,34142,1,1,1,2,A75 - Pk 278+500,43.698504,3.334113
202300053152,27,3,2023,2025-12-05 04:55:00,3,72,72046,1,1,1,1,Lieu Dit Le Tertre,47.9872,0.48739
202300053153,15,2,2023,2025-12-05 16:50:00,1,85,85178,2,1,1,7,Vc 22 Rue Des Chenes,46.76834,-1.503162
202300053154,26,9,2023,2025-12-05 12:05:00,1,78,78172,2,2,1,1,Carnot (Avenue),49.00508,2.09353
202300053155,2,1,2023,2025-12-05 18:00:00,5,93,93005,2,1,1,4,Rue Jules Princet,48.937449,2.499276
202300053156,27,3,2023,2025-12-05 13:55:00,1,64,64374,1,1,1,7,D 945,43.43734,-0.483967
202300053157,24,8,2023,2025-12-05 14:50:00,1,93,93050,2,2,8,3,Boulevard Du Marechal Foch / Avenue Michel Debre,48.854,2.51889
202300053158,11,6,2023,2025-12-05 23:45:00,3,62,62084,2,1,1,6,D8,50.249881,2.54937
202300053159,8,5,2023,2025-12-05 18:30:00,2,973,97302,2,6,1,3,Catayee (Justin),4.92498658,-52.32377207
202300053160,2,12,2023,2025-12-05 16:00:00,2,60,60151,1,1,1,2,D66,49.44822556,2.87462854
202300053161,30,3,2023,2025-12-05 22:15:00,3,64,64234,1,9,1,6,D946,43.516914,-0.483549
202300053162,15,2,2023,2025-12-05 10:30:00,1,14,14322,1,6,1,3,D572,49.2544938,-0.72422889
202300053163,24,8,2023,2025-12-05 00:45:00,5,93,93048,2,2,1,3,Avenue Gabriel Peri / Avenue Du President Wilson,48.85742,2.44007
202300053164,2,1,2023,2025-12-05 18:39:00,5,92,92020,2,1,1,1,Liberte Boulevard De La Ndeg Impairs,48.80283,2.29071
202300053165,8,5,2023,2025-12-05 19:50:00,2,69,69259,2,1,1,3,48 Avenue Francis De Pressense,45.72839,4.86114
202300053166,11,6,2023,2025-12-05 18:20:00,1,57,57529,2,1,1,1,Rue Du Chateau,49.441671,6.02326
202300053167,14,2,2023,2025-12-05 13:15:00,1,14,14076,1,1,1,6,D515,49.220723,-0.312155
202300053168,10,11,2023,2025-12-05 20:30:00,3,73,73171,1,1,2,3,D1006,45.50102474,6.04288696
202300053169,24,8,2023,2025-12-05 18:10:00,1,93,93031,2,1,1,6,Avenue Joffre,48.96123514,2.29611475
202300053170,2,1,2023,2025-12-05 16:00:00,1,92,92026,2,9,1,3,President Paul Doumer (Quai Du),48.88900069,2.25502753
202300053171,25,9,2023,2025-12-05 18:15:00,1,77,77330,1,1,1,2,Rd 360,48.92064,2.88054
202300053172,12,6,2023,2025-12-05 15:19:00,1,76,76328,1,1,1,7,Route Du Fort,49.665357,1.194296
202300053173,8,5,2023,2025-12-05 09:15:00,1,69,69386,2,2,1,6,79 Cours Vitton,45.77019719,4.85983627
202300053174,24,8,2023,2025-12-05 08:42:00,1,93,93059,2,4,1,3,Boulevard Jean Mermoz / Avenue Jacques Prevert,48.97121,2.36626
202300053175,6,2,2023,2025-12-05 17:00:00,1,14,14066,1,1,1,1,D79A,49.316031,-0.428038
202300053176,30,3,2023,2025-12-05 13:00:00,1,18,18118,1,1,1,-1,Adresse_Inconnue,47.035111,3.014489
202300053177,9,6,2023,2025-12-05 12:20:00,1,79,79174,2,6,1,3,Adresse_Inconnue,46.2247,-0.155048
202300053178,24,8,2023,2025-12-05 10:10:00,1,92,92007,2,9,1,7,Pasteur (Avenue Louis) Ndeg 1 A 39 Et 2 A,48.80127158,2.31839329
202300053179,2,1,2023,2025-12-05 02:55:00,5,92,92025,2,2,2,3,Stalingrad (Av De),48.935673,2.260879
202300053180,8,5,2023,2025-12-05 14:00:00,1,972,97213,1,1,1,3,Route Departementale 3,14.636,-60.992
202300053181,30,3,2023,2025-12-05 16:45:00,1,85,85051,2,1,1,6,19 Rue Belliard,46.69051,-1.045817
202300053182,25,9,2023,2025-12-05 14:15:00,1,77,77237,2,1,1,1,Tournan (Route De ),48.832718,2.754399
202300053183,2,12,2023,2025-12-05 07:10:00,3,4,4230,1,1,1,1,Rd 6 Charabote,43.830347,5.949311
202300053184,12,6,2023,2025-12-05 21:19:00,2,65,65389,2,1,1,1,Chemin Du Clouzet,43.079895,0.483307
202300053185,18,1,2023,2025-12-05 15:00:00,1,76,76743,1,1,4,4,Route Des Campeaux,49.525863,0.937228
202300053186,8,5,2023,2025-12-05 17:30:00,1,69,69202,2,1,1,6,41 Route De La Liberation,45.72936,4.7775
202300053187,24,8,2023,2025-12-05 08:40:00,1,92,92007,2,3,1,3,Briand (Avenue Aristide) Ndeg 100 A 160,48.79916,2.32289
202300053188,2,1,2023,2025-12-05 19:20:00,5,17,17330,1,2,2,1,Cadeuil,45.754057,-0.946112
202300053189,3,3,2023,2025-12-05 20:00:00,5,27,27580,2,3,1,3,Route Nationale,49.35653,0.888401
202300053190,26,9,2023,2025-12-05 07:30:00,2,76,76114,2,1,1,6,Jacques Fauquet (Rue),49.56979,0.47059
202300053191,1,12,2023,2025-12-05 22:30:00,5,4,4230,2,9,2,6,Route De Riez,43.838667,5.99029
202300053192,8,5,2023,2025-12-05 15:55:00,1,69,69384,2,1,1,6,45 Quai Joseph Gillet,45.77798,4.8109
202300053193,11,6,2023,2025-12-05 16:10:00,1,32,32268,1,1,8,1,N124,43.608651,0.962124
202300053194,23,8,2023,2025-12-05 17:45:00,1,35,35177,2,4,1,3,D637,48.197247,-1.732557
202300053195,12,2,2023,2025-12-05 14:35:00,1,60,60141,2,6,1,3,Adresse_Inconnue,49.186163,2.460637
202300053196,2,1,2023,2025-12-05 19:00:00,5,49,49092,2,1,1,3,Rue Robert D'Arbrissel (Chemille),47.210499,-0.724953
202300053197,28,11,2023,2025-12-05 13:08:00,1,28,28168,2,1,1,7,30 Faubourg De La Fontaine,48.523314,1.693365
202300053198,26,9,2023,2025-12-05 16:40:00,1,73,73065,2,6,1,3,Reclus (Faubourg),45.56929998,5.9217318
202300053199,7,5,2023,2025-12-05 09:40:00,1,971,97105,2,1,1,2,Gaston Feuillard(Avenue),16.00515018,-61.7303431
202300053200,30,3,2023,2025-12-05 15:55:00,1,27,27034,1,2,1,3,D1,49.320919,1.389478
202300053201,15,7,2023,2025-12-05 06:28:00,2,25,25018,1,1,1,6,"Col De Ferriere (Col De Montagne), Departementale 31",47.356945,6.57403
202300053202,24,8,2023,2025-12-05 22:30:00,3,14,14603,1,2,1,3,1 Route De L'Acre,49.034358,-0.418073
202300053203,13,2,2023,2025-12-05 19:00:00,3,60,60326,1,1,1,7,D98,49.39990761,2.73738889
202300053204,12,6,2023,2025-12-05 10:30:00,1,49,49180,1,1,1,7,Lieu Dit La Croix Du Haut Chemin,47.366007,-0.15192
202300053205,25,9,2023,2025-12-05 11:20:00,1,72,72181,2,9,1,6,Jaures Jean (Av) Ndeg Imp 1 A 25,47.99288,0.2046
202300053206,30,3,2023,2025-12-05 05:00:00,3,17,17447,1,1,1,7,D5,46.067484,-0.93946
202300053207,16,7,2023,2025-12-05 03:15:00,3,44,44097,2,1,1,6,607 Rue De Kerdandec,47.411638,-2.477052
202300053208,2,1,2023,2025-12-05 18:00:00,3,11,11172,1,3,2,5,Adresse_Inconnue,43.266062,2.735665
202300053209,8,5,2023,2025-12-05 14:30:00,1,77,77186,1,1,1,3,D409,48.41371,2.64314
202300053210,2,12,2023,2025-12-05 18:10:00,3,17,17218,1,1,1,1,D114,46.298619,-0.977268
202300053211,11,6,2023,2025-12-05 09:30:00,1,22,22132,1,1,1,7,Voie Communal N4 - Lohuec,48.47524,-3.520968
202300053212,12,2,2023,2025-12-05 14:30:00,1,60,60339,2,1,8,6,Rue De L'Eglise,49.494594,2.212018
202300053213,15,7,2023,2025-12-05 20:15:00,1,31,31210,1,1,2,6,D622,43.375732,1.677813
202300053214,24,8,2023,2025-12-05 15:40:00,1,2A,2A048,1,1,1,1,Rd 81 Masorchia,42.056048,8.745332
202300053215,25,9,2023,2025-12-05 12:40:00,1,71,71081,1,1,1,1,Rn6,46.81619,4.82763
202300053216,31,3,2023,2025-12-05 11:15:00,1,17,17353,1,1,1,7,Adresse_Inconnue,45.995262,-1.04001
202300053217,3,1,2023,2025-12-05 17:40:00,5,62,62638,2,1,1,1,Place Du General Desailly,50.251359,3.121313
202300053218,12,6,2023,2025-12-05 06:20:00,2,39,39441,1,1,7,2,Adresse_Inconnue,46.456035,6.052995
202300053219,15,7,2023,2025-12-05 14:35:00,1,15,15048,1,1,1,7,D313,45.108696,3.307378
202300053220,25,8,2023,2025-12-05 10:40:00,1,86,86174,1,6,1,2,D161,46.781148,0.530192
202300053221,14,2,2023,2025-12-05 20:45:00,3,80,80223,1,2,1,3,D1017,49.741819,2.809807
202300053222,30,11,2023,2025-12-05 08:20:00,2,37,37281,1,1,8,4,D142,47.40271594,0.79971738
202300053223,26,9,2023,2025-12-05 13:50:00,1,69,69266,2,1,1,6,Rue Antonin Perrin,45.75715637,4.88526414
202300053224,8,5,2023,2025-12-05 20:50:00,1,76,76575,1,1,1,4,Boulevard Lenine,49.39333,1.11145