num_acc,jour,mois,an,hrmn,lum,dep,com,agg,int,atm,col,adr,lat,long
202300053225,30,3,2023,2025-12-05 17:35:00,1,17,17317,1,1,1,3,D146,45.444474,-0.624577
202300053226,12,6,2023,2025-12-05 12:27:00,1,39,39478,2,1,7,3,13 Rue Carnot,46.383993,5.862901
202300053227,3,1,2023,2025-12-05 07:45:00,5,76,76159,2,3,1,1,Route De Veulettes,49.78896,0.63905
202300053228,21,8,2023,2025-12-05 17:45:00,1,49,49092,1,1,1,7,Cd 149 - Pk 2 + 150,47.27502267,-0.82879012
202300053229,30,3,2023,2025-12-05 15:43:00,1,30,30223,1,1,1,7,Route De Trouillas,44.183809,4.138707
202300053230,30,11,2023,2025-12-05 23:45:00,3,987,98714,1,1,1,6,Rt 101 Anau,-16.493065,-151.723326
202300053231,14,7,2023,2025-12-05 18:20:00,1,1,1138,1,1,1,3,D992,45.869603,5.803142
202300053232,12,6,2023,2025-12-05 15:40:00,1,39,39534,1,1,1,1,Adresse_Inconnue,46.540252,5.649784
202300053233,3,1,2023,2025-12-05 19:00:00,5,76,76452,2,1,3,6,170 Rue Andre Martin,49.53609,1.06161
202300053234,23,8,2023,2025-12-05 12:45:00,1,36,36041,2,1,1,7,Rue Du Grand Gue,47.06983927,1.80623978
202300053235,4,5,2023,2025-12-05 13:15:00,1,72,72181,2,9,1,3,Champion Henri (Rue) Ndeg Imp,47.98252,0.22954
202300053236,26,9,2023,2025-12-05 08:30:00,1,69,69264,2,3,1,2,Rue Ampere,45.98853,4.72246
202300053237,24,8,2023,2025-12-05 19:55:00,1,36,36082,1,1,1,6,Les Ecuries,47.03344688,1.51630014
202300053238,3,1,2023,2025-12-05 19:00:00,3,2B,2B319,1,1,1,2,Lieu Dit Figaretta,42.417659,9.529159
202300053239,2,12,2023,2025-12-05 07:00:00,1,988,98820,1,1,1,6,Hwaadrila (Tribu),-20.59121,166.560781
202300053240,12,6,2023,2025-12-05 17:58:00,1,25,25196,2,3,1,1,Rue Des Vernes,47.478466,6.891519
202300053241,14,2,2023,2025-12-05 17:30:00,2,59,59166,1,1,1,4,D649,50.318395,3.606219
202300053242,8,5,2023,2025-12-05 19:23:00,1,69,69256,2,2,1,3,Rue Emile Zola,45.77773,4.91836
202300053243,5,8,2023,2025-12-05 19:00:00,2,36,36175,2,1,1,7,2 Rue Du Chanoine Berger,47.072303,1.655663
202300053244,25,9,2023,2025-12-05 20:20:00,5,69,69259,2,1,1,6,Avenue Marcel Cachin,45.69229,4.87626
202300053245,31,3,2023,2025-12-05 08:45:00,1,2,2697,1,1,1,2,A26,49.566433,3.728861
202300053246,3,1,2023,2025-12-05 07:45:00,5,65,65388,2,1,2,6,Route D'Autun,42.820714,0.327165
202300053247,24,8,2023,2025-12-05 17:45:00,1,84,84022,1,1,1,6,Route Departementale 20,44.27747,4.981484
202300053248,13,2,2023,2025-12-05 12:30:00,1,13,13005,1,1,1,7,A50 - Sens Aubagne Vers Marseille,43.2767111,5.58758772
202300053249,11,6,2023,2025-12-05 06:00:00,2,29,29193,1,1,1,6,Kersaliou,48.53323559,-4.0804515
202300053250,15,7,2023,2025-12-05 15:45:00,1,58,58264,1,1,1,5,D2076,46.801822,3.102694
202300053251,2,12,2023,2025-12-05 00:05:00,3,33,33199,2,3,2,3,131 Route Des Lacs,44.623197,-1.107999
202300053252,31,3,2023,2025-12-05 05:45:00,3,7,7227,1,1,2,1,D 82,45.25587752,4.72581625
202300053253,8,5,2023,2025-12-05 14:00:00,1,69,69282,2,1,1,1,Chemin De Peyssillieu,45.76840392,4.98656767
202300053254,3,1,2023,2025-12-05 14:25:00,1,69,69162,1,1,1,7,Route Departementale 337,46.139668,4.607552
202300053255,25,8,2023,2025-12-05 11:15:00,1,86,86070,2,3,1,3,Rue De Poitiers,46.568325,0.631523
202300053256,10,6,2023,2025-12-05 20:23:00,1,29,29117,1,1,1,2,Lessiec,48.56035428,-4.50586958
202300053257,14,7,2023,2025-12-05 05:20:00,2,18,18011,2,1,1,6,17 Rue Nicolas Leblanc,47.55723,2.445107
202300053258,13,2,2023,2025-12-05 16:45:00,1,13,13211,1,1,1,4,A50-Sens Aubagne Vers Marseille,43.28807985,5.44165529
202300053259,31,3,2023,2025-12-05 16:17:00,1,38,38464,1,1,1,6,A48 Pk044.800 Sens Grenoble-Lyon,45.54786638,5.37286868
202300053260,11,6,2023,2025-12-05 15:45:00,1,31,31416,2,6,1,6,Route De Lafitte,43.31642,1.182296
202300053261,26,9,2023,2025-12-05 17:00:00,1,67,67482,2,1,1,3,Francois Mitterrand (Avenue),48.58558,7.69494
202300053262,1,12,2023,2025-12-05 22:20:00,3,37,37003,2,1,1,6,Rue Du Clos De Belle Roche,47.417909,1.000569
202300053263,2,1,2023,2025-12-05 17:45:00,3,46,46162,1,1,2,1,Departementale 653,44.552245,1.583984
202300053264,8,5,2023,2025-12-05 12:15:00,1,69,69290,2,1,1,2,Route De Grenoble,45.71388,4.96704
202300053265,23,8,2023,2025-12-05 18:50:00,1,58,58270,1,1,1,6,D955,47.495365,3.004653
202300053266,15,7,2023,2025-12-05 18:55:00,1,7,7155,2,1,1,1,Route Du Village,44.633704,4.360778
202300053267,3,1,2023,2025-12-05 18:00:00,5,29,29272,2,1,3,6,Rue Jean Jaures,47.967417,-3.933406
202300053268,8,5,2023,2025-12-05 17:20:00,1,64,64284,2,1,1,6,Rauski,43.26769,-0.38945
202300053269,26,9,2023,2025-12-05 08:00:00,1,67,67482,2,3,1,3,Fenelon (Rue),48.6,7.696
202300053270,14,2,2023,2025-12-05 15:50:00,1,69,69297,1,1,1,5,Autoroute 47,45.58817,4.78852
202300053271,24,8,2023,2025-12-05 17:00:00,1,21,21192,1,1,2,7,Rue De Marsannay,47.291973,4.948815
202300053272,29,3,2023,2025-12-05 07:15:00,2,38,38189,1,1,1,5,Rd 518 Z,45.638677,5.065556
202300053273,15,7,2023,2025-12-05 19:30:00,1,21,21251,1,1,1,6,Villeneuve,47.196806,4.539607
202300053274,2,1,2023,2025-12-05 15:20:00,1,29,29173,1,1,3,7,Route D'Audierne - Le Paradis,47.998624,-4.195286
202300053275,24,11,2023,2025-12-05 13:00:00,1,45,45290,1,3,1,3,D952 Pr 44 + 835,47.862042,2.253619
202300053276,25,9,2023,2025-12-05 17:15:00,1,67,67482,2,1,1,6,Ill (Rue De L ),48.613041,7.769675
202300053277,2,1,2023,2025-12-05 17:30:00,3,3,3226,1,1,2,7,Les Millets,46.3929,3.891327
202300053278,10,7,2023,2025-12-05 15:45:00,1,24,24520,2,1,1,7,Chemin De Pechauriol,44.909565,1.207793
202300053279,10,2,2023,2025-12-05 19:40:00,3,57,57672,1,1,1,3,Autoroute A31,49.37907,6.1061
202300053280,24,8,2023,2025-12-05 19:00:00,1,62,62458,2,3,1,3,D 219,50.792074,2.162818
202300053281,7,5,2023,2025-12-05 15:20:00,1,64,64102,2,3,1,3,Mounede (Avenue De),43.4997,-1.45849
202300053282,11,6,2023,2025-12-05 18:50:00,1,60,60132,1,1,1,3,D934,49.6309941,2.91713995
202300053283,22,8,2023,2025-12-05 08:19:00,1,56,56240,1,1,7,7,Kerhart D780,47.539831,-2.736323
202300053284,30,3,2023,2025-12-05 16:45:00,1,988,98821,1,2,1,3,Rt1/Rm21 - La Tamoa,-22.076334,166.290264
202300053285,3,1,2023,2025-12-05 13:20:00,1,53,53101,1,1,1,1,Rn162,47.8924,-0.68092
202300053286,13,2,2023,2025-12-05 12:00:00,1,59,59508,1,1,1,6,Autoroute A22,50.74415,3.13997
202300053287,1,12,2023,2025-12-05 19:00:00,5,77,77171,2,3,1,6,D5,48.905082,2.813297
202300053288,3,1,2023,2025-12-05 08:40:00,1,28,28322,1,1,1,6,"Rd316, Les Eaux De Paris",48.708635,0.96066
202300053289,23,8,2023,2025-12-05 16:00:00,1,67,67053,1,2,7,6,D209,48.23657178,7.55513625
202300053290,16,7,2023,2025-12-05 13:45:00,1,24,24038,2,3,1,2,D708,45.304188,0.361497
202300053291,26,9,2023,2025-12-05 21:25:00,3,64,64445,2,2,1,3,Lespy,43.30038,-0.3651
202300053292,7,5,2023,2025-12-05 09:16:00,1,64,64024,2,3,1,3,Eugene Bernain (Avenue),43.48567,-1.51385
202300053293,2,12,2023,2025-12-05 10:25:00,1,66,66014,1,1,1,6,D614,42.75452547,2.825616
202300053294,30,3,2023,2025-12-05 18:20:00,2,978,97801,2,1,1,1,R Charles Tondu,18.064516,-63.088914
202300053295,29,10,2023,2025-12-05 10:10:00,1,971,97118,2,1,1,1,Chemin De Clede,16.201451,-61.61393
202300053296,14,2,2023,2025-12-05 17:35:00,2,91,91286,1,1,1,4,Autoroute A6,48.6459,2.3886
202300053297,10,6,2023,2025-12-05 13:50:00,1,45,45098,2,1,1,6,94 Rue Du Marechal Foch,47.821288,1.756155
202300053298,2,1,2023,2025-12-05 19:15:00,3,64,64216,1,1,2,2,Autoroute A64 - Pk 123+700,43.261831,-0.147114
202300053299,31,3,2023,2025-12-05 00:45:00,3,13,13067,1,1,1,7,D7N,43.790224,5.025783
202300053300,25,9,2023,2025-12-05 18:45:00,1,64,64102,2,7,1,3,Maubec (Rue),43.49716,-1.4679
202300053301,7,5,2023,2025-12-05 17:55:00,1,59,59527,2,1,3,6,Filature Rue De La,50.66353,3.05591
202300053302,25,8,2023,2025-12-05 18:26:00,1,76,76241,1,2,1,3,D37,49.810587,0.788462
202300053303,16,7,2023,2025-12-05 04:48:00,3,4,4173,2,1,1,6,Chemin Des Iscles,43.961612,6.514367
202300053304,29,9,2023,2025-12-05 17:00:00,1,83,83115,1,1,1,3,Le Saut Du Loup,43.338273,6.676522
202300053305,30,3,2023,2025-12-05 14:15:00,1,13,13034,1,1,1,7,Chemin De Saint-Claude,43.767778,4.96214
202300053306,24,8,2023,2025-12-05 17:45:00,1,65,65212,1,9,1,7,D30,42.85608914,0.31659605
202300053307,2,1,2023,2025-12-05 13:35:00,1,31,31037,1,1,2,5,"Autoroute A61, Point Kilometrique 271+000",43.361589,1.779663
202300053308,2,6,2023,2025-12-05 10:15:00,1,16,16073,2,2,1,6,14 Rue De La Tude,45.272557,0.042234
202300053309,28,10,2023,2025-12-05 23:45:00,5,2B,2B148,2,1,1,3,Rt 205,42.542347,9.442481
202300053310,8,5,2023,2025-12-05 03:50:00,5,57,57630,2,1,1,7,Malraux (Voie Andre),48.7331,7.040418
202300053311,14,2,2023,2025-12-05 13:40:00,1,91,91589,1,1,1,2,Autoroute A6,48.67908,2.33417
202300053312,24,8,2023,2025-12-05 20:40:00,2,81,81217,1,1,1,7,5049 Route De Brugnac,43.962202,1.740099
202300053313,30,3,2023,2025-12-05 23:12:00,3,25,25097,1,6,9,6,D633,47.525229,6.855512
202300053314,7,7,2023,2025-12-05 09:10:00,1,85,85164,2,3,1,3,18 Route De La Taillee,46.8298,-2.120689
202300053315,2,1,2023,2025-12-05 00:52:00,5,987,98745,2,1,1,1,Patio Pk 0+300 Nord Ouest,-16.62,-151.496
202300053316,26,9,2023,2025-12-05 15:45:00,1,62,62624,2,2,1,3,Zone Commerciale Auchan,50.40777,2.97912
202300053317,1,12,2023,2025-12-05 18:00:00,3,89,89274,1,1,1,4,A19,48.209165,3.223574
202300053318,12,6,2023,2025-12-05 12:10:00,1,21,21337,2,1,1,6,Rue Du Cimetiere,47.269726,5.379723
202300053319,24,8,2023,2025-12-05 15:30:00,1,11,11276,1,1,1,7,"Cd611, Col Du Pilloux",42.848738,2.737334
202300053320,8,5,2023,2025-12-05 19:18:00,1,54,54575,1,1,1,6,D17,49.472706,5.794982
202300053321,30,3,2023,2025-12-05 14:30:00,1,68,68318,2,1,1,3,Quai De La Riviere,47.958628,7.244528
202300053322,3,1,2023,2025-12-05 10:45:00,1,85,85234,1,1,7,1,Rd.38 Pr032.940,46.77058,-2.005694
202300053323,25,8,2023,2025-12-05 05:15:00,3,63,63469,1,1,1,6,Departemantale 7 - Lieu Dit La Plaine,45.7677899,3.58771741
202300053324,14,2,2023,2025-12-05 12:10:00,2,78,78118,1,1,1,3,A13,48.986198,1.668667
202300053325,28,10,2023,2025-12-05 08:00:00,1,2A,2A247,1,1,1,1,T10,41.490811,9.245135
202300053326,11,6,2023,2025-12-05 16:00:00,1,48,48166,1,1,1,7,D983,44.28593,3.596627
202300053327,26,9,2023,2025-12-05 10:20:00,1,62,62263,1,9,1,3,Rue James Watt,50.26878627,2.72533733
202300053328,16,7,2023,2025-12-05 09:00:00,1,28,28393,1,2,1,3,D140,48.616137,1.362881
202300053329,9,2,2023,2025-12-05 10:35:00,1,92,92063,2,1,1,7,A86,48.88319818,2.16566641
202300053330,8,5,2023,2025-12-05 18:30:00,1,51,51454,2,2,1,3,Rue De La Garenne,49.24425,4.00728
202300053331,22,8,2023,2025-12-05 16:25:00,1,46,46083,1,8,1,1,D720,45.016002,1.613775
202300053332,28,3,2023,2025-12-05 14:35:00,1,9,9160,2,1,1,3,37 Avenue General De Gaulle,42.930026,1.855493
202300053333,1,12,2023,2025-12-05 17:25:00,5,71,71583,2,2,2,5,8 Rue De La Bruyere,46.270485,4.775378
202300053334,16,7,2023,2025-12-05 12:45:00,1,52,52040,1,1,1,7,Route Departementale 129,47.84316849,5.06177688
202300053335,28,10,2023,2025-12-05 17:15:00,1,66,66053,1,1,1,3,Adresse_Inconnue,42.530578,3.072873
202300053336,26,9,2023,2025-12-05 07:15:00,2,60,60057,2,1,1,3,Rue De Clermont,49.43092,2.11235
202300053337,13,2,2023,2025-12-05 17:18:00,1,92,92072,1,1,1,6,N118,48.8263992,2.22346625
202300053338,11,6,2023,2025-12-05 14:08:00,1,88,88373,1,1,7,7,D392,48.50676,7.105955
202300053339,30,3,2023,2025-12-05 17:20:00,1,40,40314,1,1,1,7,Route De Tartas,43.669801,-1.120316
202300053340,24,8,2023,2025-12-05 17:45:00,1,46,46334,1,1,1,1,Lieu-Dit Le Pouget,44.743491,1.44681
202300053341,8,5,2023,2025-12-05 14:30:00,1,47,47031,1,3,1,3,Docteur Nogues (Av Du),44.19137,0.65082
202300053342,15,7,2023,2025-12-05 23:25:00,3,67,67465,1,1,2,2,A35,48.784922,7.960544
202300053343,11,6,2023,2025-12-05 10:10:00,1,78,78356,2,1,1,6,16 Route De Versailles,48.724379,2.092359
202300053344,26,9,2023,2025-12-05 17:51:00,1,59,59009,2,1,1,1,Erables Rue Des,50.61958,3.14291
202300053345,15,10,2023,2025-12-05 17:15:00,1,66,66008,1,3,1,1,Adresse_Inconnue,42.53707,3.044082
202300053346,2,1,2023,2025-12-05 12:58:00,1,51,51118,1,1,1,2,A26,49.271445,3.961108
202300053347,24,8,2023,2025-12-05 16:50:00,1,44,44069,1,6,1,3,Rond-Point De Villeneuve,47.32011778,-2.41424963
202300053348,30,3,2023,2025-12-05 22:05:00,3,76,76415,1,1,2,1,D915,49.683041,1.378098
202300053349,8,5,2023,2025-12-05 18:10:00,1,45,45232,2,2,1,6,Avenue De Verdun,47.86864,1.91206
202300053350,14,2,2023,2025-12-05 18:45:00,2,93,93005,1,1,1,5,Autoroute A3,48.93021,2.4811
202300053351,12,6,2023,2025-12-05 07:00:00,1,49,49215,1,1,1,5,D938,47.116365,-0.161834
202300053352,29,10,2023,2025-12-05 13:15:00,1,84,84003,1,1,1,1,Route Departementale 943,43.863714,5.367902
202300053353,2,12,2023,2025-12-05 16:55:00,1,10,10130,1,1,1,7,D137,48.609306,4.214458
202300053354,26,9,2023,2025-12-05 10:20:00,1,59,59009,1,3,1,2,Mons Boulevard De,50.64367,3.13563
202300053355,15,7,2023,2025-12-05 15:00:00,1,3,3277,1,1,1,6,Autoroute A71,46.281124,3.049553
202300053356,24,8,2023,2025-12-05 21:55:00,3,44,44142,1,1,1,2,La Caffiniere,47.063618,-1.385656
202300053357,30,3,2023,2025-12-05 21:39:00,3,80,80204,1,1,1,6,A2,50.01387971,2.87901878
202300053358,11,6,2023,2025-12-05 20:05:00,5,987,98738,2,1,1,6,Rt1,-17.636977,-149.609413
202300053359,2,1,2023,2025-12-05 18:50:00,3,34,34340,1,1,1,4,Autoroute A9 - Pk 76+500 Sens 2,43.71667207,4.13759112
202300053360,1,12,2023,2025-12-05 14:50:00,1,73,73303,1,1,3,6,D1508 Route D'Annecy - Lieu-Dit Champs Froids,45.76667,6.365638
202300053361,26,9,2023,2025-12-05 08:50:00,1,59,59507,2,1,1,3,Sembat Marcel Rue,50.60156,3.07929
202300053362,8,5,2023,2025-12-05 09:25:00,1,34,34301,2,2,1,3,Hugo Victor (Avenue),43.408834,3.697941
202300053363,28,10,2023,2025-12-05 15:50:00,1,84,84003,2,3,1,3,Avenue De Saignon,43.874235,5.402377
202300053364,29,3,2023,2025-12-05 08:30:00,1,13,13005,1,1,1,1,A50-Sens Marseille Vers Aubagne,43.28482,5.5713
202300053365,23,8,2023,2025-12-05 16:15:00,1,3,3264,2,1,1,6,6 Rue De La Liberte,46.065226,3.462805
202300053366,13,2,2023,2025-12-05 18:30:00,3,92,92036,1,1,1,4,Autoroute A86,48.93895984,2.3073606
202300053367,2,1,2023,2025-12-05 16:30:00,1,73,73257,1,1,1,6,D117,45.386086,6.503273
202300053368,12,6,2023,2025-12-05 15:30:00,1,69,69244,2,5,1,6,Avenue Charles De Gaulle,45.758182,4.774675
202300053369,10,7,2023,2025-12-05 18:09:00,1,63,63014,1,9,1,5,A75 - Pk002.800,45.74931462,3.14436582
202300053370,6,5,2023,2025-12-05 12:00:00,1,21,21054,2,2,1,3,Saint-Jacques (Boulevard),47.02078,4.83744
202300053371,13,2,2023,2025-12-05 05:00:00,3,93,93027,1,1,1,6,Autoroute A86,48.92852,2.41594
202300053372,28,10,2023,2025-12-05 12:25:00,1,38,38336,1,1,1,2,A7 - Pk 008+700,45.463743,4.832954
202300053373,23,8,2023,2025-12-05 12:15:00,1,26,26108,2,1,1,3,Rue Roch Grivel,44.727052,5.024657
202300053374,26,9,2023,2025-12-05 07:30:00,2,57,57463,2,3,5,7,Fort De Queuleu,49.10032,6.20623
202300053375,30,3,2023,2025-12-05 06:47:00,2,33,33487,1,1,1,2,Autoroute A 10,44.95352152,-0.45754194
202300053376,1,6,2023,2025-12-05 12:50:00,1,976,97603,1,1,1,7,Route Nationale 3,-12.916894,45.185475
202300053377,14,7,2023,2025-12-05 13:45:00,1,11,11262,1,1,1,6,"Autoroute A 61, Pk 368.000",43.158361,2.913136
202300053378,1,1,2023,2025-12-05 05:10:00,3,988,98817,1,3,1,6,Rps1/Rue Du Mont Thabor,-22.22943,166.53552
202300053379,27,10,2023,2025-12-05 14:00:00,1,8,8081,2,1,2,7,Rue Diderot,49.849295,4.76183
202300053380,25,9,2023,2025-12-05 21:45:00,5,56,56107,2,1,1,6,Kerguelen (Rue De),47.70717,-3.40838
202300053381,26,5,2023,2025-12-05 10:30:00,1,34,34172,1,1,1,3,A709 Pk010+200,43.608589,3.936464
202300053382,28,3,2023,2025-12-05 08:50:00,1,33,33063,1,1,1,2,Rocade A 630,44.88034315,-0.5399394
202300053383,14,2,2023,2025-12-05 19:30:00,3,93,93051,1,1,1,3,A4,48.8347865,2.58010105
202300053384,29,10,2023,2025-12-05 16:15:00,1,54,54397,2,3,2,6,372 Rue De La Justice,48.621889,6.102914
202300053385,1,1,2023,2025-12-05 06:55:00,1,971,97125,2,1,1,6,Pombiray,16.286704,-61.303765
202300053386,26,11,2023,2025-12-05 14:20:00,1,65,65123,1,1,1,3,Rd 935 Route Des Deux Cols,42.996279,0.206965
202300053387,24,8,2023,2025-12-05 17:40:00,1,24,24037,1,1,1,3,Le Penaud,44.82865,0.525112
202300053388,30,3,2023,2025-12-05 11:01:00,1,91,91037,1,1,1,7,Autoroute A6,48.54103,2.4983
202300053389,12,6,2023,2025-12-05 01:20:00,3,11,11322,1,1,1,6,Adresse_Inconnue,43.00156,2.964029
202300053390,8,5,2023,2025-12-05 11:35:00,1,16,16015,2,2,1,3,Mairat (Rue Paul),45.65646,0.17505
202300053391,29,10,2023,2025-12-05 12:10:00,1,26,26331,1,1,1,7,Route Du Vercors,45.032979,5.292363
202300053392,25,9,2023,2025-12-05 08:00:00,1,54,54526,2,3,1,2,Rue Louis Barthou,48.6973,6.20735
202300053393,2,1,2023,2025-12-05 17:45:00,5,83,83099,2,1,1,6,Rdn7,43.43981139,6.70745373
202300053394,14,2,2023,2025-12-05 10:00:00,1,94,94042,1,1,1,5,A4,48.82836797,2.47558356
202300053395,25,8,2023,2025-12-05 13:25:00,1,27,27105,2,3,1,3,Route De Rouen,49.310281,0.888079
202300053396,27,10,2023,2025-12-05 20:15:00,4,86,86297,1,1,2,7,D910,46.563823,0.302984
202300053397,16,7,2023,2025-12-05 05:00:00,2,60,60631,1,1,1,4,"Autoroute A1, Sens Paris Vers Lille, Pk 34+900",49.14424071,2.57546293
202300053398,3,1,2023,2025-12-05 08:10:00,3,89,89037,1,1,1,6,Autoroute A6,47.917506,3.288034
202300053399,1,12,2023,2025-12-05 06:45:00,3,64,64304,1,1,2,1,Rd 312,43.478039,-1.409919
202300053400,11,6,2023,2025-12-05 00:05:00,3,988,98814,1,1,1,6,Hnasatuluneun,-20.847769,167.23414
202300053401,29,3,2023,2025-12-05 14:41:00,1,91,91617,1,1,1,5,Rn 104,48.63171,2.49685
202300053402,8,5,2023,2025-12-05 02:00:00,5,13,13216,2,1,1,1,Estaque Plage,43.36057,5.29915
202300053403,13,2,2023,2025-12-05 15:33:00,1,85,85191,2,9,1,6,Boulevard Des Etats-Unis,46.66556,-1.42004
202300053404,26,9,2023,2025-12-05 15:20:00,1,45,45147,2,1,1,2,61 Rue Victor Hugo,47.92939707,1.89986229
202300053405,23,10,2023,2025-12-05 19:00:00,3,83,83069,1,1,1,6,A570,43.116,6.1109
202300053406,16,7,2023,2025-12-05 12:40:00,1,988,98803,2,3,1,6,Rt1/Route Leon Bresil,-21.551912,165.47911
202300053407,25,8,2023,2025-12-05 09:30:00,1,37,37132,2,1,2,1,56 Avenue Aristide Briand,47.117057,1.002055
202300053408,3,1,2023,2025-12-05 12:25:00,1,67,67339,1,1,1,1,D243,48.898087,7.930219
202300053409,1,12,2023,2025-12-05 16:40:00,1,49,49301,2,1,1,6,11 Rue Du Commerce (St Macaire-En-Mauges),47.12371563,-0.99242002
202300053410,7,5,2023,2025-12-05 23:10:00,5,75,75113,2,2,1,6,Rue Bobillot,48.825807,2.35038
202300053411,13,7,2023,2025-12-05 17:05:00,1,29,29233,1,1,1,7,D16,47.833123,-3.580513
202300053412,28,10,2023,2025-12-05 03:30:00,5,69,69382,2,1,1,6,Route De Metropole 6,45.75076339,4.82303997
202300053413,12,6,2023,2025-12-05 06:30:00,2,77,77005,1,1,2,1,D404,48.92663,2.727946
202300053414,26,9,2023,2025-12-05 10:20:00,1,45,45075,2,1,1,3,30Bis Route De Blois,47.8861,1.8274
202300053415,2,1,2023,2025-12-05 17:19:00,2,22,22282,1,1,2,7,D19,48.600885,-2.242209
202300053416,25,8,2023,2025-12-05 10:40:00,1,13,13091,2,1,1,3,48 Avenue Camille Pelletan,43.620059,5.301151
202300053417,2,12,2023,2025-12-05 07:05:00,2,44,44158,1,1,1,7,Route De Saint Etienne De Montluc,47.247674,-1.735754
202300053418,16,7,2023,2025-12-05 01:35:00,3,29,29230,1,1,1,6,D790,47.9639165,-3.50150774
202300053419,11,2,2023,2025-12-05 13:30:00,1,67,67482,2,3,1,6,Schirmeck (Route De),48.562,7.69761
202300053420,12,6,2023,2025-12-05 17:50:00,1,77,77144,1,1,1,6,Vc,48.755489,2.909591
202300053421,8,5,2023,2025-12-05 19:50:00,1,75,75112,2,2,1,1,Boulevard Poniatowski,48.831852,2.397695
202300053422,29,3,2023,2025-12-05 19:00:00,1,95,95060,1,1,1,2,A115,49.039968,2.19073612
202300053423,28,10,2023,2025-12-05 07:00:00,3,91,91161,1,1,1,7,Autoroute A6,48.71404,2.30876
202300053424,2,1,2023,2025-12-05 23:45:00,3,60,60243,1,1,1,3,D1001,49.48792363,2.14779235
202300053425,24,8,2023,2025-12-05 12:44:00,1,1,1089,1,1,1,4,A42 Sens Geneve/Lyon Pk 040+100,45.959008,5.305133
202300053426,4,7,2023,2025-12-05 11:55:00,1,45,45312,2,1,1,6,D2007 Pr 28 + 730,47.91315804,2.73512679
202300053427,2,12,2023,2025-12-05 15:00:00,1,60,60241,1,2,1,3,D330A,49.176657,2.686281
202300053428,26,9,2023,2025-12-05 08:30:00,1,45,45285,2,3,1,3,262 Rue Charles Beauhaire,47.91789927,1.86025098
202300053429,8,5,2023,2025-12-05 15:40:00,1,94,94054,2,1,1,7,Route Charles Tillon,48.73864,2.39119
202300053430,28,10,2023,2025-12-05 07:30:00,2,92,92072,1,1,1,6,N118,48.82602589,2.22262601
202300053431,10,2,2023,2025-12-05 15:43:00,1,63,63032,2,5,1,6,Huit Mai 1945 (Esplanade Du),45.7531,3.0888
202300053432,1,12,2023,2025-12-05 23:30:00,4,2,2186,1,1,1,7,Adresse_Inconnue,48.988666,3.360137
202300053433,3,1,2023,2025-12-05 17:40:00,3,2,2381,1,1,1,2,Adresse_Inconnue,49.904766,4.085155
202300053434,12,6,2023,2025-12-05 17:50:00,1,2B,2B079,2,1,1,5,Ponte Novo,42.486716,9.2812
202300053435,27,9,2023,2025-12-05 00:10:00,3,45,45338,1,1,1,6,D2060 Pr 29 + 470,47.97178625,2.71670732
202300053436,24,8,2023,2025-12-05 20:15:00,2,68,68042,1,1,2,6,A35 - Pk 120.800,47.617258,7.515335
202300053437,29,3,2023,2025-12-05 17:45:00,1,95,95572,1,1,1,4,Rn 184,49.03235342,2.10743017
202300053438,7,5,2023,2025-12-05 06:30:00,2,93,93073,2,1,3,3,Rue Des Terres Noires,49.00244,2.53334
202300053439,14,7,2023,2025-12-05 20:00:00,1,91,91386,2,1,1,2,16 Rue De Paris,48.575001,2.434193
202300053440,2,1,2023,2025-12-05 22:20:00,3,59,59268,2,1,1,6,1790 Rue De La Lys,50.626727,2.72984
202300053441,29,3,2023,2025-12-05 12:00:00,1,95,95641,1,9,1,6,A1,49.067872,2.552602
202300053442,10,2,2023,2025-12-05 12:58:00,1,63,63113,2,2,1,6,Rue Champfleury / Rue De Chalonnax,45.79154271,3.09594432
202300053443,24,8,2023,2025-12-05 04:00:00,3,34,34146,1,1,1,1,"A9, Pk 84.370",43.688605,4.059834
202300053444,15,7,2023,2025-12-05 06:10:00,2,2B,2B313,2,1,1,3,T10,42.364688,9.529497
202300053445,27,10,2023,2025-12-05 17:05:00,1,78,78158,1,1,2,5,A13,48.832464,2.139304
202300053446,2,12,2023,2025-12-05 13:50:00,1,80,80288,1,1,1,2,A1,49.882676,2.837477
202300053447,26,9,2023,2025-12-05 11:40:00,1,42,42207,2,4,1,3,Boulevard Pierre Joannon,45.45556,4.50722
202300053448,8,5,2023,2025-12-05 10:45:00,1,93,93031,2,1,1,2,Route De Saint-Leu,48.95809,2.32968
202300053449,11,8,2023,2025-12-05 14:15:00,1,68,68278,2,1,1,6,134 Rue De L'Ile Napoleon,47.764974,7.394582
202300053450,13,2,2023,2025-12-05 20:15:00,5,974,97416,2,7,1,6,Moulin A Cafe(Chemin),-21.28438,55.47277
202300053451,2,1,2023,2025-12-05 05:45:00,5,13,13117,1,1,1,3,A7-Sens Marseille Vers Lyon,43.476722,5.237587
202300053452,7,7,2023,2025-12-05 09:00:00,1,13,13052,2,7,1,2,10 Avenue Du Poete,43.831885,4.782401
202300053453,30,3,2023,2025-12-05 09:10:00,1,77,77514,1,1,1,3,A104,48.94346579,2.62839062
202300053454,12,6,2023,2025-12-05 08:48:00,1,2B,2B332,1,1,1,5,Route Territoriale 30,42.646681,9.099298
202300053455,26,9,2023,2025-12-05 23:20:00,5,41,41018,1,1,1,6,Rd 956,47.60234,1.34894
202300053456,28,10,2023,2025-12-05 13:55:00,1,95,95582,1,1,1,6,D170,48.96561068,2.27178812