num_acc,jour,mois,an,hrmn,lum,dep,com,agg,int,atm,col,adr,lat,long
202300053457,1,12,2023,2025-12-05 17:30:00,3,59,59025,1,1,1,1,M141,50.591411,2.824709
202300053458,12,6,2023,2025-12-05 08:50:00,1,48,48119,1,1,1,6,Le Rachas,44.51198719,3.90897066
202300053459,29,3,2023,2025-12-05 19:20:00,1,69,69383,2,1,1,6,Avenue Lacassagne,45.75162,4.87202
202300053460,24,8,2023,2025-12-05 15:15:00,1,18,18092,1,1,1,7,Adresse_Inconnue,47.058955,2.657404
202300053461,13,7,2023,2025-12-05 22:20:00,4,1,1211,2,3,1,3,D22,46.117307,5.194519
202300053462,2,1,2023,2025-12-05 17:25:00,1,33,33550,1,1,1,5,Rocade A 630,44.78138,-0.58176
202300053463,28,10,2023,2025-12-05 09:30:00,1,93,93005,1,1,1,2,Autoroute A3,48.95441,2.47384
202300053464,12,2,2023,2025-12-05 17:05:00,1,974,97411,1,9,2,4,Jaures (Boulevard Jean),-20.88818,55.44409
202300053465,8,5,2023,2025-12-05 15:50:00,1,93,93014,2,1,1,6,Avenue De Sevigne,48.91387,2.54689
202300053466,15,7,2023,2025-12-05 22:40:00,3,80,80023,1,1,1,6,D934,49.73144339,2.70937979
202300053467,29,3,2023,2025-12-05 12:20:00,1,4,4112,2,1,1,6,Spels (Montee Des),43.84483,5.78468
202300053468,11,6,2023,2025-12-05 17:55:00,1,83,83068,1,1,1,3,Route Departementale Ndeg558,43.289639,6.493424
202300053469,25,8,2023,2025-12-05 07:00:00,1,973,97311,2,2,1,3,Allee Des Hoccos,5.47185432,-54.03336883
202300053470,27,10,2023,2025-12-05 20:15:00,3,95,95572,1,1,2,2,A15,49.03104508,2.12144494
202300053471,8,5,2023,2025-12-05 23:10:00,3,80,80216,1,1,1,6,D929,50.048204,2.742473
202300053472,12,9,2023,2025-12-05 17:10:00,1,38,38053,1,2,1,3,D 1006,45.59299,5.24756
202300053473,30,11,2023,2025-12-05 20:45:00,3,83,83144,1,1,1,5,A57,43.1366,5.99399
202300053474,11,2,2023,2025-12-05 16:30:00,1,974,97407,2,9,1,3,Anglais (Che Des) - Riviere Des Galets,-20.95505,55.3151
202300053475,12,6,2023,2025-12-05 10:45:00,1,5,5065,2,7,1,6,Rue Notre Dame D'Aquilon,44.659607,6.649298
202300053476,15,7,2023,2025-12-05 22:00:00,1,59,59581,1,1,1,6,Rue Des 3 Tilleuls,50.66551,2.768568
202300053477,26,9,2023,2025-12-05 14:30:00,1,37,37261,2,1,1,3,Giraudeau (Rue),47.38343,0.6769
202300053478,30,11,2023,2025-12-05 11:10:00,1,33,33318,1,1,3,2,Autoroute A 63,44.78592,-0.62758
202300053479,28,4,2023,2025-12-05 23:10:00,5,91,91235,2,9,1,1,Av Du Dr Louis Francois Fichez,48.639284,2.361862
202300053480,27,10,2023,2025-12-05 16:45:00,1,93,93078,1,1,2,4,Autoroute A104,48.96176998,2.54505298
202300053481,20,8,2023,2025-12-05 02:45:00,5,971,97106,1,1,3,1,Route Nationale 2,16.170438,-61.776405
202300053482,13,2,2023,2025-12-05 16:40:00,1,973,97302,2,3,3,6,Raban (Route De),4.92238624,-52.31529057
202300053483,29,3,2023,2025-12-05 10:55:00,1,988,98818,2,1,1,6,9 Rue Adolphe Et Louise Laplagne,-22.2604,166.46663
202300053484,2,1,2023,2025-12-05 16:25:00,1,33,33487,1,1,1,4,Autoroute A 10,44.94053,-0.466693
202300053485,9,6,2023,2025-12-05 12:20:00,1,71,71283,2,1,1,2,D6,46.699656,4.912627
202300053486,14,7,2023,2025-12-05 23:00:00,5,13,13210,1,1,1,3,A507 Sens Aubagne- Marseille,43.28344,5.40065
202300053487,18,8,2023,2025-12-05 15:35:00,1,77,77327,1,1,9,7,D12,48.578069,3.04199
202300053488,1,12,2023,2025-12-05 19:17:00,5,91,91377,2,1,1,2,Rn20,48.7296,2.30054
202300053489,8,5,2023,2025-12-05 17:15:00,1,52,52331,2,1,1,3,68 Rue Des Ponts,48.474023,4.765771
202300053490,13,2,2023,2025-12-05 08:10:00,1,973,97302,2,1,3,3,Zephir (Rocade),4.93471,-52.30855
202300053491,26,9,2023,2025-12-05 07:45:00,1,37,37233,2,2,1,3,Estienne D'Orves (Rue D'),47.38769,0.71881
202300053492,25,8,2023,2025-12-05 16:00:00,1,95,95295,1,1,1,6,D14,49.11975358,1.86050892
202300053493,29,3,2023,2025-12-05 19:15:00,5,973,97302,2,1,1,3,Lafaurie (Cite),4.93119,-52.3249
202300053494,1,12,2023,2025-12-05 18:45:00,3,78,78640,1,1,1,6,N118,48.78123,2.222776
202300053495,28,10,2023,2025-12-05 15:45:00,1,77,77258,1,1,2,5,A4.W,48.83059272,2.63216178
202300053496,14,7,2023,2025-12-05 13:30:00,1,83,83137,1,1,1,3,A57,43.121793,5.954849
202300053497,2,1,2023,2025-12-05 14:00:00,1,91,91228,1,1,1,4,Autoroute A6,48.61916,2.42664
202300053498,10,6,2023,2025-12-05 10:27:00,1,38,38187,1,1,1,1,D8,45.008297,5.631657
202300053499,24,8,2023,2025-12-05 06:00:00,2,95,95446,1,1,1,6,D79,49.119894,2.160089
202300053500,26,9,2023,2025-12-05 15:45:00,1,35,35238,2,9,1,6,Station De Metro Henri Freville (Aux Abo,48.08794,-1.67449
202300053501,27,10,2023,2025-12-05 19:06:00,5,988,98818,2,1,1,6,Papeete (Rue De),-22.24656,166.4446
202300053502,13,2,2023,2025-12-05 19:20:00,5,69,69386,2,2,1,3,Cours Vitton,45.77002,4.85848
202300053503,7,5,2023,2025-12-05 08:55:00,1,83,83148,1,3,1,6,Route De Lorgues - D48,43.430437,6.42168
202300053504,30,11,2023,2025-12-05 19:05:00,3,92,92048,1,1,1,4,N118,48.78695192,2.22236293
202300053505,15,7,2023,2025-12-05 11:10:00,1,33,33013,1,1,1,2,Route Nationale 230,44.86511,-0.5037
202300053506,24,8,2023,2025-12-05 13:30:00,1,2B,2B109,1,1,1,1,Route Departementale 80,42.738778,9.347938
202300053507,29,3,2023,2025-12-05 14:30:00,1,69,69383,2,2,1,3,Boulevard Marius Vivier-Merle,45.7536,4.85921
202300053508,28,10,2023,2025-12-05 03:30:00,3,974,97416,1,9,1,7,Rn1(Bretelle Acces),-21.32814,55.45202
202300053509,8,5,2023,2025-12-05 16:07:00,1,67,67006,1,1,1,7,D230,48.71589,7.467084
202300053510,12,6,2023,2025-12-05 12:20:00,1,69,69050,2,2,1,1,Route Buissonniere,45.876072,4.644138
202300053511,13,2,2023,2025-12-05 16:30:00,1,69,69081,2,1,1,6,54 Chemin De Montlouis,45.79105461,4.78664606
202300053512,30,11,2023,2025-12-05 17:30:00,3,78,78206,1,1,1,6,A13,48.95544,1.937438
202300053513,14,7,2023,2025-12-05 20:40:00,1,94,94003,1,1,1,2,A6A,48.81203112,2.33668026
202300053514,2,1,2023,2025-12-05 07:00:00,1,92,92050,1,1,2,4,A86,48.90887046,2.21442681
202300053515,26,9,2023,2025-12-05 13:00:00,1,35,35238,2,2,1,3,Freville (Avenue Henri),48.08376892,-1.67450577
202300053516,11,6,2023,2025-12-05 18:25:00,1,79,79049,1,1,1,7,Adresse_Inconnue,46.786805,-0.478959
202300053517,13,2,2023,2025-12-05 08:15:00,1,69,69081,2,3,1,6,Rue Du Collovrier,45.79012,4.77865
202300053518,9,5,2023,2025-12-05 08:30:00,1,974,97414,1,1,1,6,Route Nationale 1005,-21.254542,55.458952
202300053519,2,1,2023,2025-12-05 10:45:00,1,95,95572,1,1,2,6,A15,49.03104977,2.12143421
202300053520,27,10,2023,2025-12-05 08:30:00,1,974,97411,2,2,1,5,Paris (Rue De),-20.8821,55.4498
202300053521,29,3,2023,2025-12-05 11:10:00,1,69,69387,2,2,1,6,174 Avenue Jean Jaures,45.73796224,4.83759834
202300053522,6,5,2023,2025-12-05 12:30:00,1,34,34289,1,2,1,3,Rd18,43.393541,3.409753
202300053523,15,7,2023,2025-12-05 02:15:00,3,78,78158,1,1,1,2,A13,48.832421,2.138802
202300053524,11,6,2023,2025-12-05 17:15:00,1,33,33439,1,1,1,6,Lieu Dit Le Page,45.114776,-0.414074
202300053525,30,11,2023,2025-12-05 14:45:00,1,92,92025,1,1,1,4,A86,48.92210032,2.22649712
202300053526,25,9,2023,2025-12-05 19:20:00,1,34,34172,2,3,1,3,Lodeve (Avenue De,43.61029,3.85443
202300053527,2,1,2023,2025-12-05 09:30:00,1,95,95277,1,1,2,6,A3,48.97313,2.48527
202300053528,25,8,2023,2025-12-05 07:45:00,1,8,8136,1,1,3,6,Rn58,49.704778,5.009336
202300053529,13,2,2023,2025-12-05 14:04:00,1,2B,2B120,2,3,1,3,Imperiale (Route) D464,42.64068,9.43263
202300053530,27,10,2023,2025-12-05 06:15:00,1,974,97411,2,1,1,2,Rambaud (Leopold),-20.88583,55.47486
202300053531,29,3,2023,2025-12-05 17:46:00,1,972,97213,1,1,1,3,Route Departementale 15,14.60881,-61.00497
202300053532,9,5,2023,2025-12-05 07:40:00,1,84,84099,1,1,1,5,Route Des Taillades,43.841925,5.096819
202300053533,11,6,2023,2025-12-05 09:20:00,1,49,49021,1,1,1,3,Route Des Bois D?Anjou,47.454065,-0.198784
202300053534,24,8,2023,2025-12-05 11:05:00,1,67,67368,2,1,7,7,10 Rue Dreistein,48.464239,7.414283
202300053535,14,7,2023,2025-12-05 09:36:00,1,78,78362,1,1,1,4,A13,48.97567,1.72373
202300053536,1,12,2023,2025-12-05 00:05:00,5,95,95212,1,1,1,6,A1,49.02672191,2.53714234
202300053537,23,9,2023,2025-12-05 03:24:00,5,30,30189,2,3,1,7,Route D'Avignon,43.8537,4.4014
202300053538,1,1,2023,2025-12-05 12:30:00,1,974,97416,1,1,1,1,Thorez (Chemin Maurice),-21.2764,55.4684
202300053539,13,2,2023,2025-12-05 06:00:00,3,95,95585,2,1,8,6,Garges (Route De),48.98881632,2.37801701
202300053540,8,5,2023,2025-12-05 17:50:00,1,42,42242,2,1,1,1,14 Route Du 3 Juillet 1867,45.541965,4.641048
202300053541,25,8,2023,2025-12-05 10:11:00,1,3,3201,1,1,2,6,Les Rocs Gaillards,46.114978,3.63861
202300053542,29,3,2023,2025-12-05 14:50:00,1,972,97209,2,1,1,6,Route Departementale 15 A,14.61046,-61.0462
202300053543,27,10,2023,2025-12-05 08:20:00,1,974,97407,2,1,1,1,Eluard(Rue),-20.9356,55.30399
202300053544,15,7,2023,2025-12-05 01:15:00,3,93,93005,1,1,1,2,Autoroute A104,48.97275,2.49336
202300053545,11,6,2023,2025-12-05 11:20:00,1,61,61341,1,1,1,2,D26,48.494134,0.068836
202300053546,25,9,2023,2025-12-05 15:50:00,1,29,29232,2,1,1,6,Avenue De Keradennec,47.97608798,-4.07476366
202300053547,1,12,2023,2025-12-05 21:05:00,3,94,94028,1,1,1,3,A86,48.80172654,2.44741443
202300053548,16,8,2023,2025-12-05 08:45:00,1,73,73303,2,1,1,6,D1508 - 820 Route D'Annecy,45.74947846,6.41085441
202300053549,1,1,2023,2025-12-05 05:15:00,1,974,97416,1,1,1,6,Rn03,-21.32297,55.48223
202300053550,14,7,2023,2025-12-05 22:10:00,3,93,93027,1,1,1,2,Autoroute A86,48.92669333,2.40380852
202300053551,13,2,2023,2025-12-05 08:20:00,1,91,91114,2,6,1,6,Rpt Du Donjon,48.70063,2.50581
202300053552,9,5,2023,2025-12-05 17:30:00,1,60,60385,2,1,8,1,Rue De Meaux,49.153857,3.111046
202300053553,27,10,2023,2025-12-05 14:40:00,1,973,97302,2,3,1,3,Mere Theresa (Rue),4.92210298,-52.31259629
202300053554,28,3,2023,2025-12-05 10:54:00,1,972,97213,1,1,1,3,Bois Carre (Rue Du),14.62838,-60.99339
202300053555,24,8,2023,2025-12-05 22:00:00,3,42,42296,1,1,1,7,Route De Lyon,45.734006,4.280468
202300053556,1,1,2023,2025-12-05 06:45:00,2,974,97411,1,1,1,6,Littoral (Route 2 Du),-20.87582,55.41795
202300053557,8,6,2023,2025-12-05 17:45:00,1,14,14068,2,3,1,3,10 Rue Du General De Gaulle,49.239762,-0.3268
202300053558,15,7,2023,2025-12-05 11:10:00,1,94,94017,1,1,1,3,A4,48.82844169,2.50273164
202300053559,14,2,2023,2025-12-05 01:15:00,5,91,91027,2,5,1,7,Rue De La Voie Verte,48.69945,2.36038
202300053560,27,10,2023,2025-12-05 14:53:00,1,69,69383,2,1,1,6,156 Rue Garibaldi,45.76274,4.85165
202300053561,9,5,2023,2025-12-05 13:30:00,1,83,83019,1,1,1,1,D98,43.149908,6.296014
202300053562,1,12,2023,2025-12-05 11:30:00,1,94,94017,1,1,1,4,A4,48.82676199,2.51252339
202300053563,29,3,2023,2025-12-05 13:30:00,1,972,97209,1,1,1,1,Redoute (Route De La),14.63601,-61.05587
202300053564,24,8,2023,2025-12-05 22:47:00,5,69,69204,2,1,1,3,6 Rue Marc Riboud,45.696236,4.797201
202300053565,1,1,2023,2025-12-05 18:45:00,3,972,97213,1,1,1,1,Route Departementale 3,14.64169,-60.99133
202300053566,26,9,2023,2025-12-05 08:25:00,1,25,25056,1,1,1,5,Ouest Boulevard,47.21375,5.98814
202300053567,9,6,2023,2025-12-05 17:00:00,1,57,57356,1,1,1,5,D15,49.4388221,6.09352827
202300053568,13,2,2023,2025-12-05 16:55:00,1,91,91174,2,2,1,6,Rue Charles Robin,48.61595,2.4659
202300053569,15,7,2023,2025-12-05 10:10:00,1,77,77121,1,1,1,4,A4,48.831449,2.679535
202300053570,27,10,2023,2025-12-05 12:37:00,1,69,69387,2,2,1,3,Rue D'Anvers,45.7497,4.84265
202300053571,24,11,2023,2025-12-05 18:00:00,5,24,24037,2,1,2,6,Petit Sol (Rue Du),44.85702,0.48464
202300053572,25,8,2023,2025-12-05 05:00:00,3,44,44073,1,1,1,1,11 Rue  Anne De Bretagne,47.403284,-1.647783
202300053573,1,1,2023,2025-12-05 12:45:00,1,972,97209,2,1,1,7,Chateauboeuf (Route De),14.61649,-61.04969
202300053574,8,6,2023,2025-12-05 18:30:00,1,59,59481,1,1,1,7,D934,50.23478974,3.63808393
202300053575,8,5,2023,2025-12-05 11:45:00,1,85,85109,1,1,1,7,Rd23,46.8362,-1.00402
202300053576,29,3,2023,2025-12-05 08:55:00,1,972,97209,2,6,1,3,Bishop (Avenue Maurice),14.60416,-61.0609
202300053577,25,8,2023,2025-12-05 03:20:00,3,50,50601,2,1,1,1,Route La Castelliere - Gieville,49.014839,-0.972848
202300053578,25,9,2023,2025-12-05 11:07:00,1,15,15014,2,1,1,6,Docteur Chanal (Rue Du),44.93889,2.4568
202300053579,17,3,2023,2025-12-05 14:40:00,1,974,97414,2,1,1,1,Rue Du Pere Laporte,-21.266506,55.441562
202300053580,27,10,2023,2025-12-05 07:15:00,1,972,97209,2,1,8,3,Redoute (Route De La),14.62225,-61.06043
202300053581,13,3,2023,2025-12-05 03:30:00,5,971,97120,1,6,1,7,Chemin Neuf,16.23221823,-61.53158069
202300053582,9,6,2023,2025-12-05 11:25:00,1,59,59482,2,1,1,6,Rue Foch,50.712399,3.001021
202300053583,1,1,2023,2025-12-05 21:47:00,5,2A,2A004,2,4,1,3,Napoleon Cours Apres Beverini,41.93212342,8.74060285
202300053584,11,2,2023,2025-12-05 18:00:00,1,87,87085,2,3,1,4,Turgot,45.83132,1.25609
202300053585,21,8,2023,2025-12-05 07:00:00,1,35,35360,1,6,1,6,Rd 178,48.136824,-1.210685
202300053586,29,11,2023,2025-12-05 18:00:00,2,988,98818,2,3,1,3,Rue Jacques Iekawe,-22.23558,166.47659
202300053587,14,7,2023,2025-12-05 08:30:00,1,973,97302,2,9,1,2,Baduel (Route De),4.93896331,-52.31790572
202300053588,8,5,2023,2025-12-05 15:15:00,1,62,62113,1,3,1,4,D939,50.34934865,2.53718004
202300053589,26,9,2023,2025-12-05 11:00:00,1,13,13117,2,1,1,2,Padovani ( Ave ),43.43461,5.26061
202300053590,29,3,2023,2025-12-05 12:00:00,1,2A,2A004,2,1,1,6,Napoleon Cours Avant Beverini,41.9217,8.73722
202300053591,27,10,2023,2025-12-05 19:51:00,4,2B,2B037,1,1,1,3,Toutes Rues,42.62386,9.43686
202300053592,29,11,2023,2025-12-05 08:30:00,1,974,97416,1,1,1,7,Boeuf(Chemin),-21.2885,55.46664
202300053593,1,1,2023,2025-12-05 12:40:00,1,83,83069,2,6,1,3,Decugis (Avenue Alfred),43.11645,6.14649
202300053594,14,7,2023,2025-12-05 00:30:00,5,971,97120,2,9,1,2,Blanchard,16.22378,-61.52628
202300053595,8,5,2023,2025-12-05 19:47:00,1,62,62909,2,3,1,7,D18,50.063236,2.992444
202300053596,11,6,2023,2025-12-05 17:20:00,1,13,13214,1,1,1,4,A507 Sens Marseille - Aubagne,43.33242542,5.38583279
202300053597,13,2,2023,2025-12-05 18:00:00,1,81,81004,2,2,1,3,Sapins (Chem Des),43.93099,2.18817
202300053598,13,10,2023,2025-12-05 23:10:00,5,971,97107,2,3,1,7,Flamboyants ( Allee Des ),16.0516,-61.5639
202300053599,26,9,2023,2025-12-05 14:30:00,1,13,13002,2,6,1,1,Vaterstetten (Avenue De),43.35438,5.48498
202300053600,9,5,2023,2025-12-05 12:00:00,1,2B,2B159,1,1,1,7,D80 Pk 26+300,42.911661,9.470494
202300053601,14,7,2023,2025-12-05 15:00:00,1,95,95268,2,1,1,3,D125,48.96159,2.4142
202300053602,24,8,2023,2025-12-05 16:10:00,1,2,2596,1,1,2,1,D82,48.947014,3.279043
202300053603,29,11,2023,2025-12-05 11:35:00,1,974,97411,2,1,1,2,Joffre (Boulevard),-20.8748,55.4539
202300053604,1,1,2023,2025-12-05 18:15:00,5,81,81065,2,3,1,3,Albert 1deg (Av),43.5983385,2.230613
202300053605,11,6,2023,2025-12-05 18:00:00,1,13,13071,1,1,1,2,A55 - Sens Marseille Vers Martigues,43.38108777,5.31559322
202300053606,29,3,2023,2025-12-05 17:35:00,1,81,81144,1,6,1,3,Rn 88,43.95829,2.15982
202300053607,27,10,2023,2025-12-05 14:05:00,1,2A,2A004,2,1,1,6,Napoleon Cours Avant Beverini,41.92335,8.73777
202300053608,13,2,2023,2025-12-05 13:30:00,1,78,78650,2,6,1,2,Bocages (Rue Des),48.895628,2.139178
202300053609,26,9,2023,2025-12-05 10:30:00,1,13,13210,2,1,1,6,Romain Rolland (Boulevard),43.27539195,5.4165685
202300053610,8,5,2023,2025-12-05 18:00:00,1,65,65442,1,3,1,3,Route De Boulogne,43.298581,0.610124
202300053611,30,11,2023,2025-12-05 16:35:00,1,973,97302,2,1,1,3,Voltaire(Avenue),4.94282684,-52.32052946
202300053612,23,8,2023,2025-12-05 23:30:00,3,13,13043,1,1,1,2,A55-Sens Martigues Vers Marseille,43.38342,5.23067
202300053613,14,7,2023,2025-12-05 02:14:00,5,86,86066,2,1,8,6,Avenue Honore De Balzac,46.794181,0.526575
202300053614,10,6,2023,2025-12-05 14:05:00,1,83,83035,1,1,1,6,A50,43.177558,5.769939
202300053615,27,10,2023,2025-12-05 15:30:00,1,95,95585,2,1,1,6,D125,48.98816978,2.37847567
202300053616,26,9,2023,2025-12-05 07:15:00,2,13,13202,2,1,8,3,Vaudoyer (Avenue),43.29761,5.36367
202300053617,27,4,2023,2025-12-05 19:50:00,1,11,11441,1,1,1,6,Chemin Rural 417,43.202407,3.084444
202300053618,13,2,2023,2025-12-05 08:50:00,1,77,77373,1,1,1,5,Rn 4,48.77053,2.63129
202300053619,24,8,2023,2025-12-05 08:50:00,1,69,69091,1,1,1,6,Autoroute 47,45.58537,4.7506
202300053620,30,11,2023,2025-12-05 08:10:00,1,973,97302,2,1,1,6,Galmot (Avenue),4.93173,-52.32916
202300053621,1,1,2023,2025-12-05 07:20:00,3,78,78172,1,1,1,5,Rn 184,49.00053,2.08079
202300053622,10,6,2023,2025-12-05 07:25:00,1,83,83069,1,1,1,6,A570,43.12218391,6.09825355
202300053623,14,7,2023,2025-12-05 16:00:00,1,78,78401,2,2,1,2,Rhin Et Danube (Pont),49.00139,1.90657
202300053624,23,8,2023,2025-12-05 21:20:00,5,33,33249,1,1,1,6,Route Nationale 230,44.88361963,-0.51281556
202300053625,23,10,2023,2025-12-05 17:00:00,1,95,95585,2,2,2,3,Henri Bergson (Boulevard),48.97297,2.37588
202300053626,29,3,2023,2025-12-05 15:45:00,1,78,78440,2,1,1,2,Paul Raoult (Avenue),48.992222,1.913825
202300053627,9,5,2023,2025-12-05 14:00:00,1,63,63258,2,1,3,3,Rd 906,45.675482,3.632312
202300053628,1,12,2023,2025-12-05 00:45:00,5,69,69387,2,1,2,1,Rue De L'Epargne,45.744,4.85219
202300053629,11,6,2023,2025-12-05 06:15:00,1,69,69009,1,1,1,3,Autoroute 6,45.93954,4.72366
202300053630,25,9,2023,2025-12-05 16:50:00,1,13,13213,1,9,1,3,Albert Einstein (Rue),43.3435,5.44623
202300053631,21,8,2023,2025-12-05 02:58:00,5,33,33550,1,1,1,6,Rocade A 630,44.77898,-0.5523
202300053632,14,7,2023,2025-12-05 00:42:00,3,78,78638,1,3,1,3,Moulin A Vent (Chemin Du ),49.01987,1.95901
202300053633,13,2,2023,2025-12-05 14:45:00,1,77,77431,2,2,1,3,D16 / D98,48.266778,2.685794
202300053634,8,5,2023,2025-12-05 11:30:00,1,49,49018,2,1,1,7,Rue Guerin Des Fontaines,47.539494,-0.112199
202300053635,29,3,2023,2025-12-05 14:15:00,1,78,78440,1,1,1,2,Cd 14,48.97933,1.88671
202300053636,1,1,2023,2025-12-05 03:50:00,3,77,77237,2,3,1,3,D231,48.849377,2.767837
202300053637,27,10,2023,2025-12-05 10:00:00,1,95,95598,2,6,8,3,Dures Terres (Rue Des),48.99033,2.29632
202300053638,26,9,2023,2025-12-05 07:40:00,2,11,11262,2,1,1,6,Avenue Pierre Semard,43.18925,3.00776
202300053639,30,11,2023,2025-12-05 23:45:00,5,69,69386,2,2,2,3,Rue Des Emeraudes,45.76907,4.86055
202300053640,9,5,2023,2025-12-05 08:45:00,1,42,42325,1,1,1,6,N82,45.942623,4.141299
202300053641,14,7,2023,2025-12-05 18:00:00,1,72,72181,2,9,1,3,Diesel Rodolphe (Rue),47.98569,0.22524
202300053642,24,8,2023,2025-12-05 21:20:00,5,94,94043,1,1,1,4,A6B,48.80839441,2.34798035
202300053643,11,6,2023,2025-12-05 21:20:00,2,91,91363,1,1,3,3,Rn104,48.6597,2.18502
202300053644,1,1,2023,2025-12-05 18:30:00,3,76,76231,2,1,2,6,Chemin Du Buquet,49.290508,0.98245
202300053645,28,3,2023,2025-12-05 10:00:00,1,72,72181,2,1,1,6,Panorama (Rue Du) Ndeg Imp,47.96443,0.22066
202300053646,13,2,2023,2025-12-05 15:30:00,1,77,77014,2,3,1,3,D138,48.41307,2.74184
202300053647,25,9,2023,2025-12-05 17:20:00,1,10,10362,1,1,1,6,Rd 660,48.2934192,4.05026436
202300053648,14,7,2023,2025-12-05 01:15:00,5,71,71306,2,1,1,6,Bois Clair (Rue Du ),46.69593,4.36843
202300053649,9,5,2023,2025-12-05 18:39:00,1,46,46309,2,9,1,6,34 Avenue Du General De Gaulle,44.898953,1.47794
202300053650,26,10,2023,2025-12-05 20:50:00,5,87,87085,2,1,3,5,Toulouse (Rue De),45.80145,1.29445
202300053651,30,11,2023,2025-12-05 15:45:00,1,69,69387,2,2,2,3,Rue De L'Universite,45.7492,4.84197
202300053652,11,6,2023,2025-12-05 06:10:00,1,91,91064,1,1,1,6,Rn 118,48.74902,2.21276
202300053653,24,8,2023,2025-12-05 06:00:00,3,93,93066,1,1,1,2,Autoroute A1,48.92186,2.35708
202300053654,9,5,2023,2025-12-05 07:05:00,2,29,29024,1,1,8,6,D787,48.29030519,-3.54583836
202300053655,1,1,2023,2025-12-05 06:30:00,5,76,76366,2,2,1,1,Rue De La Republique,49.50974,1.03329
202300053656,28,3,2023,2025-12-05 17:00:00,1,71,71040,2,1,1,2,Joseph Lambert (Rue),46.69594,4.39131
202300053657,12,2,2023,2025-12-05 14:25:00,1,77,77239,1,1,1,1,D209,48.63195,3.10266
202300053658,14,7,2023,2025-12-05 15:00:00,1,69,69266,2,1,1,3,25 Rue De La Soie,45.76208,4.91731
202300053659,25,9,2023,2025-12-05 06:02:00,5,10,10362,2,3,1,1,General Leclerc (Rue Du),48.29184,4.02172
202300053660,7,5,2023,2025-12-05 15:25:00,1,31,31033,2,1,1,7,Avenue D?Arenys De Mar,43.350636,1.478568
202300053661,10,6,2023,2025-12-05 22:43:00,4,91,91363,1,1,1,6,Rn 104,48.65447,2.17759
202300053662,30,11,2023,2025-12-05 14:19:00,1,69,69383,2,2,2,3,Avenue Lacassagne,45.75456,4.86639
202300053663,27,10,2023,2025-12-05 05:40:00,5,83,83137,2,1,1,7,Jacquemin (Bd Emile),43.13993317,5.91901606
202300053664,24,8,2023,2025-12-05 14:00:00,1,94,94046,1,1,2,2,A86,48.80712934,2.44871697
202300053665,10,7,2023,2025-12-05 10:40:00,1,69,69264,2,1,1,3,23 Rue Claude Bernard,45.99412,4.71762
202300053666,20,8,2023,2025-12-05 03:20:00,4,7,7102,1,1,1,7,Chemin Des Mulets,44.93364,4.85886
202300053667,1,1,2023,2025-12-05 19:45:00,5,72,72181,2,2,8,3,Carnot (Bd),48.00875,0.18084
202300053668,6,2,2023,2025-12-05 06:30:00,5,74,74305,2,3,1,3,Tournelles (Rue Des),46.19941,6.24522
202300053669,29,3,2023,2025-12-05 07:55:00,1,67,67482,2,8,1,3,Colmar (Avenue De),48.558,7.74855
202300053670,10,6,2023,2025-12-05 22:20:00,3,78,78043,1,1,1,6,A12 Y,48.82847,2.07902
202300053671,23,8,2023,2025-12-05 19:00:00,2,77,77449,1,1,1,7,A4,48.83312912,2.79203309
202300053672,14,7,2023,2025-12-05 19:15:00,1,69,69259,2,2,1,3,Avenue Jean Cagne,45.69508,4.87355
202300053673,25,10,2023,2025-12-05 15:00:00,1,83,83069,1,1,1,2,Toulon (Vieux Chemin De),43.12370327,6.09646064
202300053674,7,5,2023,2025-12-05 19:50:00,2,26,26324,2,1,1,2,31 Avenue Du General De Gaulle,44.345869,4.758255
202300053675,30,11,2023,2025-12-05 07:00:00,5,69,69383,2,1,2,4,Rue Turbil,45.75534015,4.86779953
202300053676,1,1,2023,2025-12-05 04:00:00,5,69,69264,2,4,1,6,Rue Claudius Savoye,45.99136,4.73249
202300053677,12,2,2023,2025-12-05 10:45:00,1,71,71153,2,1,1,2,21 Rue Du Marechal Joffre,46.793911,4.421495
202300053678,28,3,2023,2025-12-05 14:14:00,1,64,64102,2,1,1,2,Soult (Avenue Marechal),43.4873,-1.48496
202300053679,8,6,2023,2025-12-05 20:40:00,1,95,95598,2,1,1,1,Dures Terres (Rue Des),48.98972,2.29441
202300053680,26,9,2023,2025-12-05 07:15:00,1,6,6029,2,6,1,3,Borde (Avenue De La)(Bocca),43.56739,6.96761
202300053681,10,6,2023,2025-12-05 19:20:00,1,93,93005,1,1,1,3,Autoroute A3,48.9598,2.47358
202300053682,30,11,2023,2025-12-05 09:18:00,1,87,87065,1,1,1,6,Autoroute A20,45.79953,1.29611
202300053683,14,7,2023,2025-12-05 14:10:00,1,67,67218,2,1,1,6,Roseaux (Rue Des),48.5186,7.7192
202300053684,6,5,2023,2025-12-05 15:30:00,1,83,83025,1,1,1,3,"Route Departementale 560, Pk 033+050",43.529077,5.970377
202300053685,2,1,2023,2025-12-05 01:40:00,3,59,59339,2,1,1,6,Hugo (Rue Victor),50.68288,3.24674
202300053686,25,10,2023,2025-12-05 22:15:00,5,80,80021,2,1,1,1,Saint Maurice (Quai),49.90162,2.29514
202300053687,10,2,2023,2025-12-05 16:38:00,1,66,66136,2,1,1,6,Leclerc (Avenue Du General),42.70125,2.8902
202300053688,8,5,2023,2025-12-05 17:05:00,1,18,18028,1,1,1,7,Adresse_Inconnue,47.106793,2.302194