num_acc,jour,mois,an,hrmn,lum,dep,com,agg,int,atm,col,adr,lat,long
202300053689,28,5,2023,2025-12-05 04:50:00,3,53,53054,1,9,1,1,Rd 31 Vers Fougeres,48.0917,-0.82279
202300053690,28,3,2023,2025-12-05 15:55:00,1,63,63113,2,9,1,1,Montesquieu (Rue),45.79586,3.11784
202300053691,29,11,2023,2025-12-05 15:00:00,1,83,83137,2,9,1,3,Grenier (Quai Emile),43.13427,5.90585
202300053692,26,9,2023,2025-12-05 19:30:00,2,75,75119,2,2,1,6,Rue D Aubervilliers,48.89871968,2.37036467
202300053693,14,7,2023,2025-12-05 08:25:00,1,64,64483,2,1,1,2,Ithurralde Andre (Avenue),43.3918,-1.65453
202300053694,10,6,2023,2025-12-05 16:00:00,1,93,93064,1,1,1,2,Autoroute A86,48.88086587,2.4751941
202300053695,6,5,2023,2025-12-05 06:30:00,2,16,16069,1,1,1,6,Voie Communale Sans Numero,45.865292,0.145193
202300053696,13,2,2023,2025-12-05 15:50:00,1,64,64284,2,9,1,3,Vallees Des,43.29295,-0.38666
202300053697,14,7,2023,2025-12-05 12:00:00,1,64,64122,2,1,1,6,Marechal Leclerc(Bd Du),43.48281,-1.56584
202300053698,1,1,2023,2025-12-05 08:00:00,2,59,59650,2,2,1,3,Liberte (Boulevard De La),50.70794705,3.18666548
202300053699,15,6,2023,2025-12-05 09:51:00,1,92,92073,2,4,1,3,Sellier (Boulevard Henri),48.86744625,2.22676188
202300053700,30,11,2023,2025-12-05 17:40:00,5,81,81004,2,6,2,6,Saint Juery (Av De) Du Ndeg 1 Au Ndeg 48,43.93377,2.17218
202300053701,26,9,2023,2025-12-05 17:35:00,1,75,75119,2,1,1,3,Rue De L Ourcq,48.891815,2.380097
202300053702,28,3,2023,2025-12-05 13:08:00,1,63,63113,2,2,1,1,Dulaure (Rue)/ Monnier (Sur Voie De Tram),45.78034,3.08325
202300053703,8,5,2023,2025-12-05 16:00:00,1,7,7126,1,1,1,7,Route De La Vallee De L'Ibie,44.436139,4.433477
202300053704,10,6,2023,2025-12-05 13:45:00,1,75,75112,1,1,1,2,A4,48.823477,2.463058
202300053705,26,10,2023,2025-12-05 10:40:00,1,76,76351,2,1,1,6,General De Gaulle (Place),49.48988,0.10754
202300053706,14,7,2023,2025-12-05 02:35:00,5,64,64024,2,1,1,3,Bab (Boulevard Du),43.49735,-1.50783
202300053707,1,1,2023,2025-12-05 20:57:00,5,49,49007,2,1,2,1,Poirel Boulevard,47.46123,-0.56177
202300053708,11,2,2023,2025-12-05 06:44:00,5,63,63113,2,2,1,3,Cote Blatin / Blum,45.7718,3.0938
202300053709,9,5,2023,2025-12-05 11:15:00,1,21,21455,1,1,2,6,Rd 971,47.763964,4.574876
202300053710,9,3,2023,2025-12-05 15:15:00,1,59,59603,1,1,2,6,Rd 59,50.3234866,3.49555135
202300053711,16,6,2023,2025-12-05 20:45:00,1,92,92044,2,2,1,3,Mathild Giraud (Square)38Baudin,48.8969,2.28202
202300053712,26,9,2023,2025-12-05 15:15:00,1,75,75118,2,3,1,2,Avenue De La Porte De Montmartre,48.900225,2.335603
202300053713,29,11,2023,2025-12-05 18:48:00,3,79,79191,1,1,1,4,Adresse_Inconnue,46.31796,-0.3934
202300053714,15,7,2023,2025-12-05 02:00:00,4,60,60159,2,1,1,6,86 Rue Du Bataillon De France,49.4228,2.83806
202300053715,11,2,2023,2025-12-05 10:10:00,1,62,62516,2,1,1,6,Boulevard De Paris,50.55179,2.47535
202300053716,1,1,2023,2025-12-05 16:00:00,1,45,45004,1,1,1,2,D163 Pr 6 + 456,47.98396,2.8251
202300053717,18,6,2023,2025-12-05 15:30:00,1,92,92012,2,6,1,6,Rhin Et Danube (Rond Point),48.84077958,2.22885936
202300053718,11,2,2023,2025-12-05 17:35:00,1,61,61006,2,1,1,3,Voie Communale,48.74331,-0.02472
202300053719,8,5,2023,2025-12-05 10:00:00,1,87,87003,1,1,8,1,La Salesse,46.295499,1.336719
202300053720,29,3,2023,2025-12-05 17:50:00,1,59,59426,2,3,1,6,Salengro (Place Roger),50.75087973,3.15159023
202300053721,26,9,2023,2025-12-05 09:00:00,1,75,75118,2,1,1,6,Boulevard De Clichy,48.883716,2.333365
202300053722,10,6,2023,2025-12-05 14:00:00,1,971,97113,2,1,7,6,Montauban (Secteur),16.20882293,-61.50004864
202300053723,1,1,2023,2025-12-05 18:03:00,5,35,35238,2,1,1,6,Verdun (Bd De),48.11576706,-1.69151768
202300053724,10,2,2023,2025-12-05 15:20:00,1,59,59390,2,1,1,6,Compiegne (Rue),50.33741716,3.19544435
202300053725,26,10,2023,2025-12-05 09:45:00,1,71,71486,2,2,2,3,Vernois (Rue Du),46.662498,4.36568
202300053726,12,7,2023,2025-12-05 19:26:00,1,59,59507,2,3,1,3,Bel Air Rue Du,50.60823,3.0899
202300053727,29,3,2023,2025-12-05 13:35:00,1,59,59410,2,1,1,1,Sangnier Marc Avenue,50.64692072,3.11125517
202300053728,8,5,2023,2025-12-05 18:05:00,1,30,30228,1,1,1,3,Adresse_Inconnue,43.930153,4.389424
202300053729,1,6,2023,2025-12-05 17:10:00,1,62,62548,1,1,1,5,A16,50.93749,1.93334
202300053730,29,11,2023,2025-12-05 19:15:00,5,77,77122,2,1,1,6,D57G,48.64937,2.56437
202300053731,2,3,2023,2025-12-05 10:35:00,1,57,57143,2,1,1,6,Clemenceau (Rue),49.26,6.09421
202300053732,14,7,2023,2025-12-05 10:00:00,1,51,51454,2,1,1,6,Dauphinot (Boulevard),49.2615,4.0567
202300053733,1,1,2023,2025-12-05 10:50:00,1,35,35238,2,2,2,2,Berger (Avenue Gaston),48.11603,-1.70509
202300053734,7,5,2023,2025-12-05 22:40:00,3,35,35352,1,1,1,6,La Planche,48.07595,-1.605849
202300053735,10,6,2023,2025-12-05 01:30:00,3,95,95582,2,5,1,3,Magendie (Rue),48.977487,2.252642
202300053736,23,8,2023,2025-12-05 15:00:00,1,974,97416,1,1,1,7,Cd 26,-21.29579,55.44447
202300053737,10,3,2023,2025-12-05 17:30:00,1,59,59350,2,1,1,3,Louis Xiv Boulevard,50.62,3.07
202300053738,25,10,2023,2025-12-05 16:40:00,1,71,71059,2,1,3,1,Charleville (Rue De),46.80615,4.47833
202300053739,26,9,2023,2025-12-05 19:15:00,2,75,75116,2,2,1,3,Carrefour Des Cascades,48.858412,2.258927
202300053740,9,2,2023,2025-12-05 01:35:00,3,57,57019,1,1,9,7,Cd181,49.22254,6.05667
202300053741,14,7,2023,2025-12-05 20:37:00,1,37,37195,2,8,1,6,Chapelle (Rue De La),47.37615088,0.65969467
202300053742,9,6,2023,2025-12-05 16:40:00,1,27,27681,2,1,1,7,Futaie (Rue De La),49.07758,1.48338
202300053743,1,1,2023,2025-12-05 06:05:00,5,34,34172,2,1,1,1,M986,43.58893,3.89077
202300053744,22,8,2023,2025-12-05 07:55:00,1,974,97416,2,1,1,3,Olivines (Rue Des),-21.32333,55.47446
202300053745,9,5,2023,2025-12-05 12:00:00,1,3,3118,1,1,3,2,A719,46.117015,3.176295
202300053746,29,3,2023,2025-12-05 08:40:00,1,59,59350,2,2,1,3,Vauban Boulevard Ndeg2-18-1-39,50.63339,3.04767
202300053747,27,10,2023,2025-12-05 13:55:00,1,71,71076,2,1,2,3,Rene Cassin (Rue),46.77374,4.86508
202300053748,22,2,2023,2025-12-05 21:50:00,3,69,69290,1,1,1,6,Autoroute 43,45.71287487,4.94659518
202300053749,26,9,2023,2025-12-05 16:00:00,1,75,75116,2,7,1,2,Place Tattegrain,48.864028,2.271947
202300053750,14,7,2023,2025-12-05 10:10:00,1,37,37261,2,3,1,6,Tonnelle (Boulevard),47.38294357,0.66833138
202300053751,30,11,2023,2025-12-05 17:20:00,2,76,76540,2,1,2,6,Rue Dufay,49.42473,1.07508
202300053752,7,5,2023,2025-12-05 16:00:00,1,1,1087,1,1,8,6,Autoroute A40 - Pk 112+760 Vers Geneve,46.17086,5.678363
202300053753,12,2,2023,2025-12-05 22:50:00,3,50,50129,1,1,1,6,Rn 13,49.63452,-1.56363
202300053754,22,8,2023,2025-12-05 06:20:00,2,974,97416,2,1,1,7,Augustin Archambaud(Rue),-21.33026,55.47944
202300053755,1,1,2023,2025-12-05 18:50:00,3,22,22215,1,1,2,3,Merlet (Rue De),48.4899,-2.8125
202300053756,27,10,2023,2025-12-05 02:45:00,5,67,67482,2,1,2,7,Menachem Taffel (Rue),48.57407,7.74471
202300053757,28,3,2023,2025-12-05 16:00:00,1,56,56121,2,3,1,2,27 Avenue Jean Jaures,47.74528,-3.37322
202300053758,22,8,2023,2025-12-05 18:20:00,1,974,97411,2,1,1,7,Jaures (Boulevard Jean),-20.8918,55.46719
202300053759,26,9,2023,2025-12-05 08:15:00,1,75,75116,2,2,1,3,Allee De La Reine Marguerite,48.858558,2.244877
202300053760,29,11,2023,2025-12-05 18:20:00,5,76,76351,2,2,2,6,Colbert (Quai),49.49095787,0.12317643
202300053761,10,6,2023,2025-12-05 13:00:00,1,974,97416,2,1,1,2,Bois Noirs(Allee Des),-21.28811,55.45713
202300053762,14,7,2023,2025-12-05 23:05:00,3,35,35238,1,1,1,3,Nationale,48.12801,-1.71185
202300053763,12,2,2023,2025-12-05 19:15:00,5,49,49099,2,6,1,3,Prat (Avenue Marcel),47.05565,-0.89604
202300053764,28,3,2023,2025-12-05 20:10:00,2,54,54395,2,1,1,2,Lobau (Boulevard),48.6835,6.19677
202300053765,8,5,2023,2025-12-05 16:30:00,1,78,78010,1,3,1,2,D45,48.915056,1.934616
202300053766,22,8,2023,2025-12-05 15:55:00,1,974,97411,2,1,1,6,Poivre (Rue),-20.88762,55.45158
202300053767,26,10,2023,2025-12-05 12:00:00,1,67,67482,2,8,8,3,Richard Strauss (Rue),48.596598,7.759255
202300053768,29,11,2023,2025-12-05 12:30:00,1,72,72181,2,1,1,6,Savorgnan De Brazza (Av) Ndeg Imp,48.01367,0.22215
202300053769,1,1,2023,2025-12-05 04:25:00,3,17,17415,1,9,1,1,Rocade Ouest,45.725586,-0.647673
202300053770,14,7,2023,2025-12-05 10:40:00,1,35,35238,2,1,8,6,Saint-Aubin (Contour),48.115344,-1.679941
202300053771,26,9,2023,2025-12-05 10:45:00,1,75,75115,2,2,1,3,Avenue Emile Zola,48.846413,2.283124
202300053772,12,2,2023,2025-12-05 17:37:00,1,49,49353,2,1,1,1,Semard,47.45088,-0.46199
202300053773,10,6,2023,2025-12-05 09:10:00,1,974,97407,2,6,1,3,Pasteur(Avenue),-20.94522,55.29275
202300053774,18,8,2023,2025-12-05 07:45:00,1,974,97411,2,1,1,6,Mace (Boulevard Gabriel),-20.87230975,55.45117378
202300053775,28,3,2023,2025-12-05 11:50:00,1,54,54395,2,1,1,3,Scarpone (Bd De),48.70457,6.1628
202300053776,1,1,2023,2025-12-05 17:40:00,5,17,17306,2,6,1,7,Quebec (Avenue),45.63258,-1.01834
202300053777,27,10,2023,2025-12-05 09:21:00,1,66,66136,1,1,1,2,Rn 116,42.69416,2.85014
202300053778,29,11,2023,2025-12-05 13:10:00,1,72,72181,2,1,1,1,Nationale (Rue),47.997,0.20118
202300053779,13,2,2023,2025-12-05 07:35:00,5,47,47001,2,1,1,6,Michelet (Av.),44.19921,0.6269
202300053780,20,8,2023,2025-12-05 01:05:00,5,974,97407,2,1,1,6,Rue Theodore Drouet,-20.9484,55.31729
202300053781,15,7,2023,2025-12-05 00:30:00,5,33,33063,2,5,1,1,Rue Camille Godard,44.8550791,-0.57377145
202300053782,26,9,2023,2025-12-05 21:30:00,3,75,75111,2,2,1,3,Rue Des Bluets,48.864736,2.382949
202300053783,28,3,2023,2025-12-05 17:10:00,1,49,49328,2,1,1,6,Palustre (Rue Leopold),47.27413,-0.10873
202300053784,9,6,2023,2025-12-05 09:05:00,1,973,97302,2,4,1,7,Baduel (Route De),4.93821134,-52.31676418
202300053785,26,10,2023,2025-12-05 04:48:00,5,66,66136,2,1,1,6,Adresse_Inconnue,42.69481,2.88908
202300053786,1,1,2023,2025-12-05 16:15:00,2,14,14437,1,1,2,4,N814,49.16145,-0.30824
202300053787,13,2,2023,2025-12-05 19:35:00,5,45,45068,2,6,1,2,2 Avenue Du General Leclerc,48.01226,2.73969
202300053788,29,11,2023,2025-12-05 18:00:00,5,69,69029,2,1,1,3,Route De Genas,45.74960094,4.91314543
202300053789,23,8,2023,2025-12-05 09:46:00,1,973,97302,2,1,1,3,Montabo (Route De) 1,4.93512,-52.29292
202300053790,14,7,2023,2025-12-05 20:10:00,1,33,33119,2,2,1,3,Avenue Hubert Dubedout,44.84708,-0.51023
202300053791,26,9,2023,2025-12-05 14:45:00,1,75,75111,2,2,1,6,Boulevard Voltaire,48.863769,2.37012
202300053792,10,6,2023,2025-12-05 10:15:00,1,69,69387,2,2,1,6,Grande Rue De La Guillotiere,45.75303,4.84509
202300053793,27,10,2023,2025-12-05 06:40:00,5,64,64024,2,1,1,7,Bayonne (Avenue De),43.48245082,-1.50638759
202300053794,29,3,2023,2025-12-05 08:45:00,1,49,49007,2,2,1,3,Barange Boulevard,47.45435,-0.56765
202300053795,1,1,2023,2025-12-05 15:30:00,1,13,13214,2,3,1,3,Commandant Finat Duclo (Boulevard),43.33259692,5.38288842
202300053796,9,5,2023,2025-12-05 07:00:00,1,987,98715,1,1,1,4,Rt5,-17.584,-149.56
202300053797,13,2,2023,2025-12-05 07:55:00,1,35,35238,2,5,5,1,Roosevelt (Bd Franklin),48.09722,-1.65795
202300053798,9,6,2023,2025-12-05 16:30:00,1,69,69385,2,1,1,6,13 Rue Commandant Charcot,45.7536,4.8053
202300053799,29,11,2023,2025-12-05 16:50:00,2,69,69259,2,1,1,3,Avenue Jacques Duclos,45.6979,4.89335
202300053800,28,3,2023,2025-12-05 15:33:00,1,49,49007,2,1,1,3,Gasnier Avenue,47.487,-0.57295
202300053801,22,8,2023,2025-12-05 19:15:00,5,973,97302,2,3,1,3,Mango (Route),4.92958632,-52.31511891
202300053802,2,7,2023,2025-12-05 17:27:00,1,27,27229,2,3,1,2,Russelsheim (Rue De),49.008953,1.160942
202300053803,28,10,2023,2025-12-05 00:55:00,5,62,62413,1,3,9,3,D917,50.46600315,2.90384102
202300053804,26,9,2023,2025-12-05 07:35:00,2,75,75111,2,2,1,3,Boulevard Richard Lenoir,48.858031,2.37163
202300053805,1,1,2023,2025-12-05 05:40:00,3,13,13210,2,1,1,1,Schloesing (Boulevard),43.27752,5.39937
202300053806,30,11,2023,2025-12-05 02:55:00,5,68,68256,1,1,1,6,A36,47.757161,7.303521
202300053807,12,10,2023,2025-12-05 22:40:00,3,62,62528,2,1,1,7,D165,50.45073609,2.75966477
202300053808,13,2,2023,2025-12-05 08:45:00,1,33,33281,2,6,1,6,Avenue De La Grange Noire,44.858,-0.67718
202300053809,29,3,2023,2025-12-05 06:10:00,5,44,44109,2,1,1,2,130 Rue Paul Bellamy,47.2278,-1.56131
202300053810,14,7,2023,2025-12-05 15:00:00,1,13,13071,2,1,1,2,Cd 6,43.41442,5.34893
202300053811,10,6,2023,2025-12-05 11:34:00,1,2B,2B037,1,1,1,5,Toutes Rues,42.620408,9.43693
202300053812,26,9,2023,2025-12-05 09:45:00,1,75,75108,2,2,1,6,Quai Des Tuileries,48.864071,2.320124
202300053813,23,8,2023,2025-12-05 17:50:00,1,69,69389,2,2,1,3,Avenue Barthelemy Buyer,45.76410825,4.79086848
202300053814,1,1,2023,2025-12-05 04:40:00,5,13,13201,2,3,1,5,Adolphe Thiers (Rue),43.29878,5.38534
202300053815,9,5,2023,2025-12-05 02:45:00,3,77,77185,1,2,1,6,Intersection Rd637 Et Rd50,48.463709,2.554976
202300053816,29,11,2023,2025-12-05 11:25:00,1,66,66136,2,3,1,3,Adresse_Inconnue,42.6803,2.90876
202300053817,29,3,2023,2025-12-05 18:00:00,1,42,42044,1,1,1,3,Route De Saint-Romain,45.380056,4.342839
202300053818,10,6,2023,2025-12-05 23:38:00,5,95,95680,2,9,1,3,Salvador Allende (Boulevard),49.00415366,2.3923147
202300053819,14,7,2023,2025-12-05 12:25:00,1,13,13208,2,1,1,1,Goudes (Chemin Des),43.22683,5.34815
202300053820,13,2,2023,2025-12-05 15:38:00,1,27,27375,2,1,1,3,Onze Novembre 1918 (Rue Du),49.2184,1.16688
202300053821,23,10,2023,2025-12-05 16:05:00,1,62,62510,2,1,3,5,Rue Emile Zola,50.43373833,2.75602609
202300053822,1,1,2023,2025-12-05 04:10:00,3,13,13005,1,1,1,7,Eoures (Route D'),43.30720996,5.55174131
202300053823,22,8,2023,2025-12-05 23:00:00,5,2B,2B037,2,3,1,3,Toutes Rues,42.62852,9.42808
202300053824,27,10,2023,2025-12-05 11:35:00,1,60,60159,2,3,1,6,Rue Saint-Corneille,49.41718,2.82408
202300053825,14,7,2023,2025-12-05 08:40:00,1,13,13206,2,2,1,3,Rome (Rue De),43.29117,5.38078
202300053826,26,9,2023,2025-12-05 13:00:00,1,75,75107,2,2,1,3,Pont Alexandre Iii,48.862828,2.313459
202300053827,8,5,2023,2025-12-05 19:30:00,5,973,97311,2,3,1,3,Avenue Christophe Colomb,5.478189,-54.037918
202300053828,30,11,2023,2025-12-05 18:00:00,3,64,64335,1,1,3,4,Salie,43.34244491,-0.41138113
202300053829,1,1,2023,2025-12-05 11:35:00,1,13,13001,1,6,1,7,Route De Loqui,43.52359,5.3758
202300053830,22,8,2023,2025-12-05 10:58:00,1,2B,2B033,2,3,1,6,Paoli Du Nr 1 A 20 - Bld,42.69779,9.44915
202300053831,13,2,2023,2025-12-05 11:15:00,1,13,13054,2,9,1,6,Henri Dunant (Av ),43.40256,5.26139
202300053832,7,5,2023,2025-12-05 22:50:00,3,971,97115,1,1,1,6,Brefort,16.264365,-61.645001
202300053833,30,11,2023,2025-12-05 08:18:00,5,64,64237,1,1,2,7,Fontaine,43.2786,-0.37003
202300053834,14,7,2023,2025-12-05 22:20:00,5,13,13001,2,6,1,6,Allumettes (Rue Des),43.52376,5.4392
202300053835,30,3,2023,2025-12-05 22:37:00,5,38,38185,2,2,1,3,Diderot (Rue),45.18905,5.70579
202300053836,26,9,2023,2025-12-05 04:50:00,5,75,75104,2,2,1,3,Quai De La Corse,48.85565755,2.34833837
202300053837,19,8,2023,2025-12-05 08:30:00,1,971,97113,1,1,1,6,Section Port Blanc,16.22551893,-61.45644128
202300053838,27,10,2023,2025-12-05 20:25:00,5,59,59360,2,2,8,3,Clemenceau Rue,50.61597,3.01016
202300053839,1,1,2023,2025-12-05 00:15:00,3,11,11069,2,1,1,7,Rd 6113,43.22964,2.34194
202300053840,9,5,2023,2025-12-05 07:20:00,1,45,45108,1,1,2,7,D156 Pr 4 + 506,47.582533,2.506878
202300053841,10,6,2023,2025-12-05 21:35:00,2,83,83034,2,3,1,3,Rue Des 3 Pins,43.10009,6.0619
202300053842,29,3,2023,2025-12-05 15:45:00,1,37,37261,2,1,1,6,Portalis (Avenue Jean),47.36743,0.68713
202300053843,22,8,2023,2025-12-05 10:30:00,1,971,97101,1,1,1,6,Route De Chazeau,16.29207,-61.46369
202300053844,13,2,2023,2025-12-05 20:15:00,3,6,6088,2,1,1,4,Bellet (Rte De),43.7,7.28
202300053845,14,7,2023,2025-12-05 19:42:00,1,11,11069,2,6,1,2,Rocade Nord - Rd 6113,43.22042,2.38034
202300053846,29,11,2023,2025-12-05 17:15:00,5,64,64024,2,1,1,4,Bayonne (Avenue De),43.48247,-1.50559
202300053847,27,10,2023,2025-12-05 10:25:00,1,58,58194,2,1,1,6,Colbert,46.99293,3.16011
202300053848,1,1,2023,2025-12-05 20:25:00,3,6,6069,2,1,1,2,Semard (Avenue Pierre),43.655997,6.928683
202300053849,8,5,2023,2025-12-05 19:00:00,1,66,66210,1,1,1,7,Adresse_Inconnue,42.64021,2.731475
202300053850,26,9,2023,2025-12-05 08:15:00,1,94,94081,2,1,1,3,11 Route De Fontainebleau,48.773396,2.367919
202300053851,27,10,2023,2025-12-05 11:59:00,1,57,57672,2,1,1,6,Jean Vigo (Rue),49.35965,6.13381
202300053852,29,3,2023,2025-12-05 09:45:00,1,37,37261,2,2,1,3,Delaroche (Rue),47.42782,0.67425
202300053853,13,2,2023,2025-12-05 18:10:00,5,6,6123,2,9,1,1,Guynemer Avenue,43.661536,7.196636
202300053854,9,6,2023,2025-12-05 17:15:00,1,81,81021,2,2,2,5,Guiraud (Pierre-Eugene),43.49839,2.37154
202300053855,1,1,2023,2025-12-05 11:50:00,1,6,6069,2,1,2,7,Marigarde (Route De La),43.653715,6.936215
202300053856,14,7,2023,2025-12-05 15:02:00,1,11,11069,1,1,1,5,Route Departementale 6113,43.21783,2.38231
202300053857,21,8,2023,2025-12-05 16:15:00,1,971,97101,1,9,1,3,Aeroport Pole Caraibes,16.27474,-61.52437
202300053858,28,11,2023,2025-12-05 10:40:00,1,62,62193,2,3,2,6,Rue Du Mal De Lattre De Tassigny,50.96236,1.83209
202300053859,26,9,2023,2025-12-05 19:15:00,2,94,94067,2,1,1,6,General De Gaulle (Av Du),48.84595,2.41747
202300053860,5,5,2023,2025-12-05 11:45:00,1,84,84026,1,3,1,3,D973,43.734003,5.350932
202300053861,14,7,2023,2025-12-05 18:40:00,1,10,10387,2,9,1,6,Major General Vanier (Avenue),48.30469,4.07187
202300053862,23,8,2023,2025-12-05 08:15:00,1,95,95019,2,1,1,6,D208,48.98577,2.40999
202300053863,28,3,2023,2025-12-05 08:15:00,1,37,37261,2,1,1,3,Marchant Du Plessis (Boulevard),47.38083,0.68301
202300053864,10,6,2023,2025-12-05 18:15:00,1,95,95527,2,1,3,1,Av Charles De Gaulle,49.00265568,2.51716733
202300053865,26,10,2023,2025-12-05 13:00:00,1,56,56260,2,2,8,6,Montesquieu(Rue),47.65404,-2.74901
202300053866,29,11,2023,2025-12-05 22:10:00,3,61,61006,1,1,1,6,D958,48.71384,-0.00652
202300053867,13,2,2023,2025-12-05 11:10:00,1,75,75118,2,2,1,3,Boulevard Ney,48.898221,2.352523
202300053868,1,1,2023,2025-12-05 12:55:00,1,75,75120,2,3,1,2,Rue Belgrand,48.864596,2.406024
202300053869,9,5,2023,2025-12-05 08:39:00,1,83,83055,2,1,1,6,695 Route De Draguignan,43.594313,6.685293
202300053870,26,9,2023,2025-12-05 08:25:00,1,94,94037,2,1,1,6,2Eme Avenue,48.81451,2.33376
202300053871,21,3,2023,2025-12-05 15:28:00,1,36,36044,2,1,1,6,Av 6 J 1944 Debarquement Allies,46.81277,1.68483
202300053872,13,7,2023,2025-12-05 18:00:00,1,75,75112,2,1,1,3,Bd Peripherique Exterieur,48.845831,2.414445
202300053873,22,8,2023,2025-12-05 09:50:00,1,95,95563,2,3,1,3,D192P,49.02797,2.24882
202300053874,13,2,2023,2025-12-05 17:45:00,1,75,75117,2,1,1,6,Boulevard Bessieres,48.896686,2.319848
202300053875,24,10,2023,2025-12-05 17:10:00,1,54,54528,2,1,9,3,Avenue Georges Clemenceau,48.67989,5.8799
202300053876,8,5,2023,2025-12-05 18:34:00,1,57,57765,2,1,1,6,D26,49.168184,6.703988
202300053877,30,11,2023,2025-12-05 22:05:00,5,59,59244,2,4,8,3,Champ De Tir (Rue Du),50.17134,3.20412
202300053878,10,6,2023,2025-12-05 19:09:00,1,77,77487,2,2,1,3,D 605,48.53638,2.703409
202300053879,29,3,2023,2025-12-05 08:30:00,1,35,35278,1,1,1,7,N136,48.14111,-1.68215
202300053880,1,1,2023,2025-12-05 00:25:00,5,75,75119,2,2,1,3,Avenue De Flandre,48.89244677,2.37888068
202300053881,14,7,2023,2025-12-05 02:30:00,5,75,75106,2,1,1,1,Rue De Vaugirard,48.845629,2.321932
202300053882,26,9,2023,2025-12-05 20:45:00,5,94,94034,2,2,1,3,Boulevard Pasteur,48.75811,2.31683
202300053883,12,2,2023,2025-12-05 12:40:00,1,75,75116,2,3,8,6,Rue Francois Millet,48.850384,2.273279
202300053884,30,11,2023,2025-12-05 08:15:00,2,56,56121,2,2,2,6,Rue Emile De Najac,47.739672,-3.368941
202300053885,10,6,2023,2025-12-05 17:40:00,1,77,77296,2,1,1,2,Av De Jatteau,48.63169,2.58179
202300053886,27,10,2023,2025-12-05 18:20:00,5,54,54498,2,1,2,4,Route De Sarreguemines,48.71391,6.25083
202300053887,9,5,2023,2025-12-05 09:30:00,1,63,63203,1,2,1,1,Intersection D407 / D 796,45.845319,3.061516
202300053888,1,1,2023,2025-12-05 21:15:00,5,75,75118,2,2,2,3,Rue Caulaincourt,48.88981206,2.34292835
202300053889,28,3,2023,2025-12-05 15:20:00,1,33,33063,1,3,1,2,Avenue De Labarde,44.90679,-0.55573
202300053890,14,7,2023,2025-12-05 20:48:00,1,75,75114,2,3,1,3,Rue Didot,48.832188,2.320378
202300053891,22,8,2023,2025-12-05 15:45:00,1,91,91201,2,1,1,4,Av De L Europe,48.681755,2.429387
202300053892,26,9,2023,2025-12-05 08:35:00,1,94,94073,2,9,1,3,Boulevard De Stalingrad,48.77343,2.39952
202300053893,13,2,2023,2025-12-05 22:00:00,4,75,75115,2,2,1,3,Rue De L Abbe Groult,48.840473,2.295779
202300053894,14,7,2023,2025-12-05 06:25:00,2,75,75115,2,3,1,7,Rue Du Theatre,48.849616,2.286138
202300053895,26,9,2023,2025-12-05 08:05:00,2,94,94073,2,1,7,6,Rue Romain Gary,48.76706596,2.38041624
202300053896,29,11,2023,2025-12-05 13:54:00,1,56,56121,2,6,1,3,Marne ( Av De La ),47.74533,-3.36798
202300053897,8,5,2023,2025-12-05 09:25:00,1,38,38565,2,1,1,3,71 Quai Des Chartreux,45.298298,5.636876
202300053898,21,8,2023,2025-12-05 18:50:00,1,91,91114,2,1,1,2,Av Pierre Prost,48.69926,2.49413
202300053899,1,1,2023,2025-12-05 18:45:00,2,75,75115,2,2,1,6,Rue De Javel,48.84209219,2.29036376
202300053900,27,3,2023,2025-12-05 21:00:00,5,33,33063,2,3,1,3,Quai De La Souys,44.83076,-0.54467
202300053901,13,2,2023,2025-12-05 17:30:00,1,75,75115,2,2,1,6,Rue Blomet,48.843067,2.306835
202300053902,26,10,2023,2025-12-05 14:50:00,1,52,52104,1,1,1,1,Bar Le Duc (Route De),48.66409529,4.97842903
202300053903,10,6,2023,2025-12-05 07:15:00,1,77,77186,1,1,1,7,D606 De L'Obelisque A Limite Moret,48.37038346,2.79244296
202300053904,25,9,2023,2025-12-05 17:50:00,1,94,94017,2,1,1,2,Rue De La Gaite,48.80709172,2.53506464
202300053905,14,7,2023,2025-12-05 03:15:00,5,75,75115,2,3,1,3,Boulevard De Vaugirard,48.84157,2.318313
202300053906,21,8,2023,2025-12-05 15:00:00,1,91,91657,2,1,1,3,Av De La Tourelle,48.69198,2.44276
202300053907,1,1,2023,2025-12-05 01:55:00,5,75,75112,2,3,1,6,Boulevard De Bercy,48.83995559,2.38232464
202300053908,27,10,2023,2025-12-05 16:15:00,1,51,51454,2,1,1,6,Luton (Place),49.270516,4.025114
202300053909,29,3,2023,2025-12-05 20:25:00,2,31,31555,2,1,1,3,Brienne (All De) Du 1Au 135,43.608397,1.424208
202300053910,30,11,2023,2025-12-05 08:35:00,1,54,54263,2,1,4,1,Rue Maurice Thorez,49.210361,5.990999
202300053911,26,9,2023,2025-12-05 17:30:00,1,93,93066,2,1,1,6,Boulevard Anatole France,48.91986499,2.34349154
202300053912,9,6,2023,2025-12-05 16:05:00,1,77,77186,1,6,1,3,Rond Point Obelisque,48.397181,2.692661
202300053913,9,5,2023,2025-12-05 19:00:00,1,69,69094,2,1,2,1,Route De Marcy,45.758377,4.697793
202300053914,13,2,2023,2025-12-05 10:15:00,1,75,75115,2,2,1,6,Boulevard De Grenelle,48.849147,2.297986