num_acc,jour,mois,an,hrmn,lum,dep,com,agg,int,atm,col,adr,lat,long
202300053915,27,10,2023,2025-12-05 13:55:00,1,50,50218,2,1,1,6,Matignon (Av Des),48.83803,-1.58285
202300053916,14,7,2023,2025-12-05 01:45:00,5,75,75115,2,3,1,3,Rue Lecourbe,48.844404,2.308757
202300053917,28,3,2023,2025-12-05 18:00:00,1,29,29019,2,1,2,3,Rue De Glasgow,48.39309,-4.48439
202300053918,8,5,2023,2025-12-05 17:15:00,1,46,46100,1,1,1,6,51 Impasse De L'Embarcadere,44.55797849,2.02599049
202300053919,30,11,2023,2025-12-05 12:40:00,1,51,51454,2,1,1,2,Venise (Rue),49.24833,4.03551
202300053920,1,1,2023,2025-12-05 19:00:00,5,75,75111,2,7,2,6,Boulevard Voltaire,48.84909919,2.39472717
202300053921,9,6,2023,2025-12-05 19:00:00,1,72,72181,2,1,1,6,Esterel Usine Des Eaux,47.994,0.234
202300053922,26,9,2023,2025-12-05 15:00:00,1,93,93055,2,1,1,6,Avenue Jean Lolive,48.89418391,2.41827477
202300053923,23,8,2023,2025-12-05 11:30:00,1,91,91027,2,2,1,3,Rue Paul Demange,48.71616,2.37081
202300053924,30,3,2023,2025-12-05 01:10:00,5,27,27229,2,1,1,6,Val Iton (Rue Du),49.032869,1.145266
202300053925,26,10,2023,2025-12-05 18:30:00,2,49,49007,2,3,2,1,Brisepotiere,47.48108,-0.5336
202300053926,13,2,2023,2025-12-05 21:30:00,5,75,75111,2,3,1,3,Boulevard Voltaire,48.855352,2.384312
202300053927,14,7,2023,2025-12-05 20:40:00,1,75,75114,2,3,1,3,Avenue Du General Leclerc,48.824694,2.325891
202300053928,7,5,2023,2025-12-05 07:45:00,2,9,9082,1,1,8,6,D117,42.995369,1.321832
202300053929,26,9,2023,2025-12-05 14:45:00,1,93,93050,2,1,1,6,Avenue Paul Doumer,48.858073,2.52438
202300053930,28,11,2023,2025-12-05 07:50:00,2,50,50129,2,1,1,6,Gambetta (Rue),49.63823,-1.62632
202300053931,9,6,2023,2025-12-05 11:55:00,1,72,72181,2,9,1,2,Sauria Charles (Rue),48.03197,0.18261
202300053932,1,1,2023,2025-12-05 23:04:00,5,75,75107,2,3,2,7,Rue Saint Dominique,48.858105,2.30145
202300053933,20,8,2023,2025-12-05 03:09:00,3,86,86158,2,1,1,6,D910,46.62971,0.35599
202300053934,20,1,2023,2025-12-05 12:08:00,1,19,19272,2,1,1,7,Victor Continsouza (Quai),45.27159456,1.7762661
202300053935,27,10,2023,2025-12-05 09:20:00,1,45,45234,2,1,1,3,19 Boulevard Rocheplatte,47.90564,1.89765
202300053936,13,2,2023,2025-12-05 15:54:00,1,75,75111,2,2,1,6,Avenue De La Republique,48.864589,2.378034
202300053937,26,9,2023,2025-12-05 07:00:00,2,93,93048,2,1,1,6,Avenue Pasteur,48.86580996,2.43682236
202300053938,14,7,2023,2025-12-05 16:50:00,1,75,75110,2,3,1,2,Boulevard De Magenta,48.875784,2.356513
202300053939,10,6,2023,2025-12-05 10:10:00,1,71,71306,2,1,1,6,General De Gaulle (Quai Du),46.67341,4.3613
202300053940,28,11,2023,2025-12-05 19:00:00,3,50,50129,1,3,2,3,Barbusse (Rue Henri),49.61383,-1.65587
202300053941,1,1,2023,2025-12-05 10:45:00,1,94,94076,2,2,8,3,42 Boulevard Maxime Gorki / Rue Jean Baptiste Clement,48.79607014,2.3683463
202300053942,8,5,2023,2025-12-05 17:20:00,1,31,31187,1,6,1,3,D632,43.527823,1.209393
202300053943,29,3,2023,2025-12-05 16:15:00,1,17,17415,2,1,1,2,Castagnary Allee,45.7410984,-0.63997149
202300053944,27,10,2023,2025-12-05 05:19:00,5,45,45298,2,1,2,6,47 Rue Des Hautes Levees,47.89289,1.87853
202300053945,20,8,2023,2025-12-05 16:15:00,1,83,83069,2,1,1,1,Almanarre (Route De L'),43.08449863,6.11172295
202300053946,25,9,2023,2025-12-05 17:20:00,1,93,93048,2,1,1,6,Rue De Stalingrad,48.86008372,2.44334904
202300053947,13,2,2023,2025-12-05 10:35:00,1,75,75110,2,2,1,7,Rue Louis Blanc,48.883055,2.361624
202300053948,14,7,2023,2025-12-05 12:40:00,1,75,75103,2,2,1,3,Boulevard Beaumarchais,48.855808,2.368481
202300053949,30,11,2023,2025-12-05 01:39:00,5,49,49353,2,1,1,1,Bahonneau Boulevard,47.45449,-0.48316
202300053950,1,1,2023,2025-12-05 18:30:00,5,93,93008,2,3,8,6,Rue D'Ankara / Avenue Edouard Vaillant,48.9108,2.466
202300053951,10,6,2023,2025-12-05 18:20:00,1,69,69286,2,2,1,3,11 Avenue Des Combattants En Afrique Du Nord 1952-1962,45.81493,4.89362
202300053952,27,10,2023,2025-12-05 21:30:00,3,45,45004,1,1,2,6,D163 Pr 5 + 320,47.98637,2.81074
202300053953,23,8,2023,2025-12-05 21:50:00,5,81,81004,2,1,1,6,Lacombe (Bd),43.92012876,2.13530606
202300053954,8,5,2023,2025-12-05 21:30:00,2,86,86036,1,1,1,3,D147,47.053024,0.073235
202300053955,26,9,2023,2025-12-05 18:20:00,1,93,93008,2,1,1,6,Chemin Des Huats,48.909801,2.457124
202300053956,29,3,2023,2025-12-05 15:20:00,1,13,13204,2,1,1,3,Chutes Lavie (Avenue),43.3086,5.39692
202300053957,13,2,2023,2025-12-05 06:50:00,5,75,75110,2,2,1,7,Rue Du Faubourg Saint Denis,48.876517,2.35621
202300053958,1,1,2023,2025-12-05 13:50:00,1,92,92020,2,1,2,6,Paix Avenue De La  Autres Ndeg,48.804901,2.282884
202300053959,29,11,2023,2025-12-05 17:18:00,5,49,49007,2,1,1,3,Chatenay Avenue Victor,47.48678,-0.51357
202300053960,14,7,2023,2025-12-05 15:06:00,1,94,94022,2,1,1,5,Avenue Anatole France,48.76204403,2.41110668
202300053961,8,5,2023,2025-12-05 03:10:00,3,33,33554,1,1,1,6,Avenue Des Tabernottes,44.876531,-0.468131
202300053962,9,6,2023,2025-12-05 21:00:00,2,69,69092,2,3,2,3,531 Rue Des Grillons,45.99557,4.7016
202300053963,18,8,2023,2025-12-05 16:37:00,1,80,80021,2,1,1,1,Le Tintoret (Rue),49.92499,2.29865
202300053964,26,9,2023,2025-12-05 20:30:00,5,93,93007,2,9,1,6,Square Maurice Audin,48.94853738,2.45322447
202300053965,29,3,2023,2025-12-05 14:30:00,1,13,13212,2,1,1,6,La Martine (Traverse),43.30072547,5.46747753
202300053966,27,10,2023,2025-12-05 12:40:00,1,45,45338,2,6,1,3,30 Rue Aristide Briand,47.99189,2.69383
202300053967,13,2,2023,2025-12-05 14:30:00,1,75,75108,2,7,1,6,Place De L Europe,48.87910247,2.32345551
202300053968,1,1,2023,2025-12-05 04:15:00,5,92,92024,2,3,1,3,General Roguet (Rue Du) De (1 A 57)   (2,48.90608,2.31292
202300053969,9,5,2023,2025-12-05 12:00:00,1,62,62443,2,6,3,6,D188,50.451896,2.637046
202300053970,13,7,2023,2025-12-05 23:25:00,5,94,94079,2,6,1,2,Rue De Coeuilly,48.82258397,2.54112133
202300053971,30,11,2023,2025-12-05 17:20:00,5,45,45234,1,1,2,4,D2020 Pr 37 + 10,47.83751,1.91555
202300053972,27,10,2023,2025-12-05 16:45:00,1,44,44184,2,7,1,6,7 Place Pierre Semard,47.28533,-2.21163
202300053973,4,5,2023,2025-12-05 05:30:00,2,62,62865,1,1,1,6,D44E1,50.319213,2.996575
202300053974,22,8,2023,2025-12-05 11:10:00,1,77,77169,2,3,1,3,Emery (Rue D'),48.81366,2.6217
202300053975,1,6,2023,2025-12-05 19:22:00,1,68,68149,2,3,1,3,St-Louis ( Rue De ),47.590361,7.572967
202300053976,14,7,2023,2025-12-05 19:30:00,1,94,94002,2,9,1,6,Rue Du 14 Juillet,48.80362829,2.41820616
202300053977,4,5,2023,2025-12-05 06:00:00,5,92,92078,2,2,1,3,Verdun (Avenue) (Pairs 92 Et Plus),48.93487523,2.32497329
202300053978,13,2,2023,2025-12-05 11:10:00,1,75,75108,2,2,1,2,Avenue Des Champs Elysees,48.87011,2.306655
202300053979,30,11,2023,2025-12-05 16:00:00,1,45,45274,1,3,1,7,D951 Pr 87 + 443,47.87177723,1.94968557
202300053980,29,3,2023,2025-12-05 22:30:00,5,13,13063,2,1,1,2,Charles De Gaulle Avenue,43.5823698,5.00124952
202300053981,27,10,2023,2025-12-05 08:25:00,1,42,42095,2,1,1,6,Rue Michelet,45.38873517,4.29112516
202300053982,8,5,2023,2025-12-05 03:55:00,5,33,33063,1,1,1,2,Rocade A 630,44.88077648,-0.54187194
202300053983,2,1,2023,2025-12-05 18:28:00,3,67,67103,1,3,2,3,Intersection D633/D133,48.809548,7.422552
202300053984,30,11,2023,2025-12-05 18:40:00,5,44,44109,2,1,2,6,16 Rue Du Moulin De La Garde,47.26154138,-1.50861894
202300053985,26,9,2023,2025-12-05 15:00:00,1,92,92050,2,1,1,6,Arlequin Allee De L',48.89069898,2.2273542
202300053986,22,8,2023,2025-12-05 08:32:00,1,77,77114,1,1,1,4,Rd 471,48.74274,2.70244
202300053987,13,2,2023,2025-12-05 10:55:00,1,75,75108,2,2,1,6,Rue La Boetie,48.874175,2.317578
202300053988,10,6,2023,2025-12-05 15:30:00,1,67,67482,2,3,1,3,Pierre Pflimlin (Boulevard),48.5989,7.7734
202300053989,14,7,2023,2025-12-05 14:30:00,1,93,93027,2,2,1,3,Rue De La Convention / Avenue Marcel Cachin,48.92601754,2.3966905
202300053990,30,3,2023,2025-12-05 00:45:00,3,11,11069,2,1,1,3,Adresse_Inconnue,43.21237,2.3185
202300053991,15,11,2023,2025-12-05 14:20:00,1,42,42223,2,1,1,6,Rue De La Republique,45.44621,4.33618
202300053992,8,5,2023,2025-12-05 16:50:00,1,91,91228,1,1,1,3,Autoroute A6,48.629,2.41195
202300053993,26,9,2023,2025-12-05 13:30:00,1,92,92007,2,1,1,3,Dormoy Avenue Marx Ndeg102 A Fin,48.81036903,2.31158685
202300053994,22,8,2023,2025-12-05 08:45:00,1,77,77243,2,2,1,2,General Leclerc  (Avenue Du),48.873,2.687
202300053995,1,1,2023,2025-12-05 18:45:00,2,973,97353,2,3,1,7,Rue Emmanuel Tolinga,3.644448,-54.034302
202300053996,14,7,2023,2025-12-05 07:30:00,1,93,93057,2,2,1,2,Avenue Victor Hugo / Avenue Du President Wilson,48.90950793,2.51491002
202300053997,22,11,2023,2025-12-05 22:35:00,5,39,39362,2,1,1,6,4 Rue Francois Monin,46.677827,5.542777
202300053998,26,10,2023,2025-12-05 19:30:00,5,41,41269,2,3,3,1,Blois (Route De),47.78224,1.06997
202300053999,29,3,2023,2025-12-05 23:30:00,5,6,6088,2,1,1,3,Carabacel (Bd),43.70371,7.27564
202300054000,9,6,2023,2025-12-05 16:15:00,1,67,67462,2,3,1,3,Liberte (Avenue De La),48.25867,7.44871
202300054001,11,2,2023,2025-12-05 12:49:00,1,75,75107,2,7,1,3,Rue De L Universite,48.860726,2.318759
202300054002,1,1,2023,2025-12-05 15:10:00,1,18,18032,1,1,1,7,Adresse_Inconnue,47.422407,2.894592
202300054003,27,10,2023,2025-12-05 23:05:00,3,38,38185,1,1,1,6,A480,45.20661,5.68815
202300054004,7,5,2023,2025-12-05 02:46:00,3,91,91161,1,1,3,4,Autoroute A6,48.696399,2.316843
202300054005,26,9,2023,2025-12-05 20:40:00,5,92,92026,2,2,1,6,Courbevoie (Pont De),48.89683,2.26482
202300054006,14,7,2023,2025-12-05 20:50:00,1,93,93007,2,3,1,3,Avenue Henri Barbusse / Rue Maurice Berteaux,48.93898,2.46122
202300054007,29,3,2023,2025-12-05 18:10:00,1,6,6029,2,2,1,3,Jourdan (Avenue Michel),43.55489,6.97221
202300054008,23,8,2023,2025-12-05 14:25:00,1,76,76165,2,6,1,4,Rue Felix Faure,49.289212,1.035628
202300054009,1,1,2023,2025-12-05 03:45:00,3,972,97232,2,1,1,6,Pointe Faula,14.542294,-60.832506
202300054010,29,11,2023,2025-12-05 17:25:00,5,38,38563,2,2,1,6,Rue Du Colombier,45.36768,5.58935
202300054011,13,2,2023,2025-12-05 15:30:00,1,75,75102,2,2,1,3,Rue Etienne Marcel,48.863869,2.348966
202300054012,9,6,2023,2025-12-05 17:32:00,1,67,67180,1,1,1,1,Schirrhein (Route De),48.81625,7.823317
202300054013,13,7,2023,2025-12-05 23:55:00,5,92,92077,2,1,1,6,Corot (Rue),48.82805,2.19286
202300054014,6,5,2023,2025-12-05 23:56:00,3,91,91477,1,1,3,2,Autoroute A10,48.71817,2.26128
202300054015,26,9,2023,2025-12-05 08:30:00,1,92,92026,2,1,1,2,Marechal Joffre (Quai Du),48.89742519,2.26643407
202300054016,27,10,2023,2025-12-05 18:20:00,2,38,38185,2,1,2,2,Rue General Ferrie,45.18044,5.72346
202300054017,30,11,2023,2025-12-05 12:10:00,1,37,37261,2,1,8,7,Mirabeau (Pont),47.40162804,0.70143521
202300054018,22,8,2023,2025-12-05 11:15:00,1,76,76540,2,9,1,2,N1338,49.43724,1.07208
202300054019,1,1,2023,2025-12-05 22:35:00,3,77,77182,2,3,1,6,D204,48.779624,3.303993
202300054020,12,2,2023,2025-12-05 07:35:00,1,75,75103,2,2,8,3,Boulevard Du Temple,48.864567,2.365822
202300054021,14,7,2023,2025-12-05 18:53:00,1,92,92062,2,9,1,3,Fusilles De La Resistance Rue Des,48.88402667,2.22547
202300054022,9,6,2023,2025-12-05 18:15:00,1,64,64125,2,1,1,3,Bayonne (Avenue De),43.4501,-1.5618
202300054023,7,5,2023,2025-12-05 21:40:00,3,92,92025,1,1,8,6,A86,48.93542176,2.2605831
202300054024,27,10,2023,2025-12-05 09:17:00,1,37,37122,1,1,8,6,Rd 37,47.33092,0.67611
202300054025,29,3,2023,2025-12-05 19:35:00,1,75,75118,2,1,1,3,Porte D Aubervilliers,48.900654,2.369798
202300054026,20,8,2023,2025-12-05 13:10:00,1,76,76131,1,1,1,1,Cote De La Maison Brulee,49.34652429,0.9330225
202300054027,25,9,2023,2025-12-05 11:55:00,1,92,92024,2,2,1,3,Clichy (Quai De) De (8 A 60),48.90849676,2.30009179
202300054028,27,10,2023,2025-12-05 09:25:00,1,35,35051,1,1,2,6,D 175,48.14295011,-1.62711918
202300054029,14,7,2023,2025-12-05 10:10:00,1,92,92025,2,1,1,3,Stalingrad (Av De),48.93119901,2.26709872
202300054030,1,1,2023,2025-12-05 19:45:00,3,14,14649,1,1,2,6,A88,48.867483,-0.203196
202300054031,10,6,2023,2025-12-05 21:20:00,1,64,64024,2,2,1,3,Larochefoucauld (Avenue De),43.48738,-1.53637
202300054032,13,2,2023,2025-12-05 18:30:00,2,94,94081,2,3,1,3,Quai Jules Guesde / Rue Berthie Albrecht,48.79977,2.41355
202300054033,8,5,2023,2025-12-05 02:35:00,3,94,94081,1,1,2,4,A86,48.77409978,2.4089616
202300054034,30,11,2023,2025-12-05 08:05:00,1,37,37214,2,1,1,4,D938,47.42922,0.64872
202300054035,29,3,2023,2025-12-05 16:45:00,1,75,75112,2,1,1,2,Boulevard Peripherique,48.833569,2.408341
202300054036,14,7,2023,2025-12-05 03:28:00,5,92,92012,2,1,1,6,General Leclerc (Avenue Du) 35/Fin - 60/,48.82986,2.23094
202300054037,26,9,2023,2025-12-05 19:35:00,2,92,92023,2,3,1,3,President Roosevelt (Rue Du) Ndeg1 A 45,48.80419745,2.25802615
202300054038,28,10,2023,2025-12-05 01:00:00,5,34,34172,2,9,1,3,Ecole D'Agriculture-Gabriel Buchet (Aven,43.61561,3.85622
202300054039,21,8,2023,2025-12-05 17:40:00,1,76,76351,2,3,1,5,Louis Lumiere,49.52702,0.12994
202300054040,6,5,2023,2025-12-05 00:00:00,3,94,94046,1,1,1,6,A86,48.80408662,2.4486362
202300054041,30,11,2023,2025-12-05 09:55:00,1,34,34172,2,1,2,6,Ecole Normale (Rue De L'),43.61769,3.8397
202300054042,21,8,2023,2025-12-05 03:15:00,5,76,76351,2,1,1,7,Pasteur,49.50384,0.130573
202300054043,27,10,2023,2025-12-05 12:05:00,1,34,34172,2,1,1,6,Raoux (Rue),43.601999,3.86828
202300054044,10,6,2023,2025-12-05 15:20:00,1,59,59512,2,1,1,5,Beaurepaire (Boulevard),50.690998,3.196297
202300054045,1,1,2023,2025-12-05 19:40:00,3,80,80476,1,1,2,7,D901,50.032686,1.890024
202300054046,14,7,2023,2025-12-05 17:45:00,1,92,92002,2,2,1,3,Onze Novembre (Avenue Du),48.75087,2.3061
202300054047,29,3,2023,2025-12-05 14:45:00,1,75,75112,2,1,1,2,Porte De Charenton,48.831934,2.405092
202300054048,25,9,2023,2025-12-05 18:15:00,1,92,92012,2,3,1,3,Le Jour Se Leve (Avenue),48.83441875,2.25809745
202300054049,28,2,2023,2025-12-05 21:50:00,5,74,74012,2,1,1,6,Chablais (Rue Du),46.19524,6.23603
202300054050,11,2,2023,2025-12-05 23:35:00,5,94,94068,2,2,1,2,Avenue Des Piliers,48.794048,2.507407
202300054051,15,7,2023,2025-12-05 03:00:00,3,60,60351,1,1,1,6,D938,49.5454,2.664571
202300054052,6,6,2023,2025-12-05 08:20:00,1,59,59350,2,9,1,6,Avenue De Dunkerque,50.64479,2.98014
202300054053,18,8,2023,2025-12-05 14:35:00,1,76,76351,2,3,1,3,Jean Jaures (Avenue),49.49769,0.1369
202300054054,26,9,2023,2025-12-05 20:30:00,3,71,71583,1,1,1,6,Autoroute A6 Pk393+900 Sens P/L,46.261388,4.792536
202300054055,30,11,2023,2025-12-05 07:45:00,2,33,33249,2,2,2,6,Rue Fingues,44.87287,-0.52493
202300054056,28,3,2023,2025-12-05 13:40:00,1,75,75118,2,1,1,3,Porte De La Chapelle,48.901118,2.354841
202300054057,18,2,2023,2025-12-05 14:28:00,1,74,74010,2,1,1,6,Maquis (Chemin Du),45.91913,6.13021
202300054058,2,1,2023,2025-12-05 11:35:00,1,82,82117,1,1,1,1,Barreau,44.338926,0.963372
202300054059,15,7,2023,2025-12-05 05:00:00,2,60,60036,1,6,1,7,N31,49.387918,2.577871
202300054060,27,10,2023,2025-12-05 09:00:00,2,33,33063,2,2,2,3,Rue Des Vignes,44.83199,-0.56573
202300054061,13,2,2023,2025-12-05 07:45:00,1,94,94058,2,3,1,6,Avenue Gabriel Peri,48.837243,2.495617
202300054062,9,6,2023,2025-12-05 10:00:00,1,59,59273,2,1,1,7,D11,50.98097,2.14625
202300054063,29,5,2023,2025-12-05 02:35:00,3,973,97308,1,1,1,6,Rn2 - Pk184,3.904751,-51.814804
202300054064,28,3,2023,2025-12-05 23:20:00,5,75,75113,2,1,2,7,Porte D Italie,48.8172,2.366254
202300054065,9,2,2023,2025-12-05 07:55:00,1,74,74010,2,1,1,6,Stand (Du),45.90841,6.12149
202300054066,1,1,2023,2025-12-05 06:00:00,3,11,11104,1,1,1,7,Adresse_Inconnue,42.69196864,2.23214312
202300054067,27,10,2023,2025-12-05 17:40:00,1,31,31557,2,9,1,6,Doumergue (Rue Gaston),43.58425,1.34696
202300054068,23,8,2023,2025-12-05 05:40:00,5,76,76114,2,2,1,3,Saint Eustache (Rue De),49.560962,0.473223
202300054069,12,7,2023,2025-12-05 10:00:00,1,24,24236,1,1,1,5,D3 Route Du Val De L'Isle,45.171086,0.567083
202300054070,30,11,2023,2025-12-05 08:00:00,3,33,33192,2,6,3,3,Route De Leognan,44.76786,-0.61169
202300054071,13,2,2023,2025-12-05 09:00:00,1,94,94017,2,1,1,2,Rue De Musselburgh,48.81157403,2.51454896
202300054072,23,9,2023,2025-12-05 06:00:00,3,50,50407,1,1,1,7,A84,48.609278,-1.334538
202300054073,2,1,2023,2025-12-05 00:30:00,3,22,22107,1,1,2,7,Rue De Lan Kergreis,48.236751,-3.122574
202300054074,27,3,2023,2025-12-05 18:37:00,1,75,75120,2,1,1,2,Porte De Bagnolet,48.868765,2.413467
202300054075,24,10,2023,2025-12-05 15:00:00,1,31,31555,2,1,1,6,Av Etienne Billieres,43.59689514,1.42620295
202300054076,12,2,2023,2025-12-05 11:20:00,1,63,63430,2,1,1,6,Adresse_Inconnue,45.8656,3.5847
202300054077,14,7,2023,2025-12-05 19:50:00,1,81,81132,2,1,1,6,Avenue De Cocagne,43.643413,2.045871
202300054078,9,6,2023,2025-12-05 12:55:00,1,54,54253,1,2,1,6,D613,49.20074,5.90559
202300054079,26,9,2023,2025-12-05 18:15:00,1,57,57383,1,1,1,6,D955,48.727512,6.898759
202300054080,1,1,2023,2025-12-05 12:20:00,1,44,44048,2,1,2,6,427 Les Mazeries,47.38724,-1.311117
202300054081,30,11,2023,2025-12-05 16:50:00,2,32,32013,2,6,2,3,Route D'Agen,43.66119,0.5992
202300054082,13,2,2023,2025-12-05 14:11:00,1,94,94071,2,6,1,3,Rue De Paris / Rue De Champigny,48.7746,2.51085
202300054083,26,10,2023,2025-12-05 09:00:00,1,30,30007,2,1,8,6,Jaures (Quai Jean),44.12134,4.07572
202300054084,29,3,2023,2025-12-05 15:50:00,1,75,75115,2,2,1,3,Rue Dutot,48.837681,2.307818
202300054085,10,6,2023,2025-12-05 21:20:00,1,49,49099,2,2,1,6,Liberation (Avenue De La ),47.05428,-0.88065
202300054086,15,7,2023,2025-12-05 18:15:00,1,11,11203,1,2,1,3,Adresse_Inconnue,43.230313,2.795559
202300054087,22,8,2023,2025-12-05 21:05:00,5,73,73008,2,6,1,2,D1201 - Lattre De Tassigny Avenue De L',45.6955,5.90712
202300054088,27,9,2023,2025-12-05 11:00:00,1,95,95566,2,1,1,2,D85,49.1073513,2.34998841
202300054089,13,2,2023,2025-12-05 10:45:00,1,94,94048,2,1,1,6,Avenue Des Uzelles,48.742,2.56113
202300054090,30,11,2023,2025-12-05 11:00:00,1,31,31555,2,1,8,7,A624 (Purpan),43.60456,1.40009
202300054091,15,7,2023,2025-12-05 13:30:00,1,23,23001,1,1,2,6,D942,46.088487,2.054443
202300054092,2,1,2023,2025-12-05 09:15:00,1,1,1225,1,1,8,1,D933,46.058365,4.7693
202300054093,7,5,2023,2025-12-05 00:40:00,5,13,13208,2,1,1,5,Prado (Avenue Du),43.26604,5.38126
202300054094,23,9,2023,2025-12-05 03:50:00,3,67,67508,1,1,1,7,D919,48.963822,7.139997
202300054095,26,10,2023,2025-12-05 09:12:00,1,27,27229,2,3,2,3,Neubourg (Rue Du),49.0334,1.13008
202300054096,29,3,2023,2025-12-05 19:00:00,1,75,75118,2,3,1,3,Rue Marx Dormoy,48.884892,2.359343
202300054097,23,8,2023,2025-12-05 15:30:00,1,69,69266,2,2,1,3,Rue Paul Verlaine,45.76932,4.88025
202300054098,27,9,2023,2025-12-05 02:21:00,3,71,71224,1,1,1,7,D985,46.511005,4.259284
202300054099,11,6,2023,2025-12-05 00:48:00,5,49,49007,2,2,1,3,Beaussier Boulevard,47.47153,-0.60007
202300054100,30,11,2023,2025-12-05 09:12:00,2,22,22113,1,9,2,6,Champ Blanc (Lieu-Dit),48.75375849,-3.51986691
202300054101,15,7,2023,2025-12-05 13:30:00,1,83,83048,1,1,1,1,997 Boulevard Du Littoral,43.190894,6.566992
202300054102,1,1,2023,2025-12-05 12:00:00,1,83,83005,1,1,1,6,D71,43.686851,6.109434
202300054103,13,2,2023,2025-12-05 06:50:00,5,94,94004,2,2,2,3,Avenue Du General Leclerc / Rue De Valenton,48.74699,2.51021
202300054104,27,3,2023,2025-12-05 13:30:00,1,75,75116,2,1,1,6,Rue Nicolo,48.859441,2.279406
202300054105,7,5,2023,2025-12-05 19:30:00,5,974,97416,2,1,1,6,Presbytere (Rue Du),-21.3342,55.47166
202300054106,19,10,2023,2025-12-05 09:42:00,1,18,18033,2,9,1,3,Boulevard D'Auron,47.079665,2.390124
202300054107,27,9,2023,2025-12-05 14:55:00,1,25,25524,1,9,1,7,Chemin De Halage,47.448464,6.657307
202300054108,29,11,2023,2025-12-05 20:50:00,5,15,15014,2,1,3,6,N 122,44.910139,2.425495
202300054109,14,7,2023,2025-12-05 22:30:00,3,971,97109,1,1,1,6,Avenue Du General De Gaulle Route Nationale 1,15.99453444,-61.70912147
202300054110,2,1,2023,2025-12-05 04:30:00,3,36,36224,1,1,3,6,Adresse_Inconnue,46.71682241,0.95371036
202300054111,10,6,2023,2025-12-05 03:28:00,3,45,45147,2,6,1,6,81 Rue Gustave Roland,47.92879,1.90619
202300054112,20,8,2023,2025-12-05 16:00:00,1,69,69266,2,2,1,5,Rue Antonin Perrin,45.75816,4.88519
202300054113,13,7,2023,2025-12-05 20:45:00,1,84,84099,1,1,1,7,D31,43.868043,5.083795
202300054114,13,2,2023,2025-12-05 08:05:00,1,94,94002,2,3,1,2,Quai De La Revolution,48.784674,2.421416
202300054115,26,9,2023,2025-12-05 17:09:00,1,35,35096,2,1,1,6,Rue Saint Pierre,48.07106207,-1.39270082
202300054116,29,3,2023,2025-12-05 09:00:00,1,75,75115,2,3,1,6,Rue De Dantzig,48.82993,2.295647
202300054117,7,5,2023,2025-12-05 03:40:00,3,974,97411,1,1,1,6,Littoral (Route 1 Du),-20.88126763,55.39486885
202300054118,27,10,2023,2025-12-05 07:32:00,5,15,15014,2,3,2,3,Gaulle (Avenue Charles De),44.91106,2.42713
202300054119,1,1,2023,2025-12-05 03:40:00,3,27,27204,2,3,2,6,Rue De La Cavee,49.323654,1.602427
202300054120,30,11,2023,2025-12-05 17:31:00,5,14,14137,2,3,1,3,11 Route De Caen,49.18718,-0.42569
202300054121,11,6,2023,2025-12-05 00:15:00,5,44,44132,2,6,1,3,16 Boulevard Des Oceanides,47.26133,-2.34156
202300054122,26,9,2023,2025-12-05 09:15:00,1,38,38416,2,3,1,1,Avenue De Provence,45.150773,5.31646
202300054123,1,1,2023,2025-12-05 09:30:00,1,88,88361,1,1,1,7,D420,48.332211,7.095795
202300054124,29,3,2023,2025-12-05 09:00:00,1,75,75114,2,3,1,6,Avenue Du Maine,48.830247,2.325893
202300054125,6,5,2023,2025-12-05 11:50:00,1,974,97411,2,1,1,3,Jaures (Bld 1 Jean),-20.89129,55.46682
202300054126,13,2,2023,2025-12-05 10:00:00,1,93,93078,2,6,1,3,39 Avenue Pierre Beregovoy,48.946675,2.555345
202300054127,25,10,2023,2025-12-05 14:25:00,1,15,15012,1,1,3,6,Rd 6,44.89236,2.46741
202300054128,14,7,2023,2025-12-05 17:00:00,1,14,14101,1,4,1,2,A84,49.164596,-0.429009
202300054129,22,8,2023,2025-12-05 20:15:00,1,69,69029,2,2,1,3,296 Route De Genas,45.75080909,4.9085732
202300054130,30,11,2023,2025-12-05 14:20:00,1,14,14137,1,3,1,3,11 Route De Caen,49.18718,-0.42569
202300054131,10,6,2023,2025-12-05 10:50:00,1,41,41295,2,2,1,3,Rue Des Paradis,47.58296,1.37944
202300054132,25,9,2023,2025-12-05 17:10:00,1,70,70433,2,3,1,3,Rue Du Chateau,47.615996,6.184546
202300054133,15,7,2023,2025-12-05 05:00:00,3,12,12270,1,1,1,6,A75 - Pk 185+0180 - Sens Sud/Nord,44.359543,3.116598
202300054134,1,1,2023,2025-12-05 18:35:00,3,88,88122,1,1,1,6,Route Departementale 166,48.217603,6.281047
202300054135,27,10,2023,2025-12-05 13:00:00,1,13,13054,2,1,1,1,Maurice Nogues (Bd ),43.4176,5.21947
202300054136,7,5,2023,2025-12-05 01:00:00,5,973,97302,2,1,1,3,Baduel (Route De),4.93094669,-52.30572903
202300054137,28,3,2023,2025-12-05 19:20:00,1,75,75114,2,3,1,3,Avenue Du Maine,48.835004,2.324008
202300054138,10,2,2023,2025-12-05 00:20:00,5,93,93070,2,3,1,6,Avenue Michelet / Rue Voltaire,48.903919,2.34415
202300054139,26,9,2023,2025-12-05 13:10:00,1,58,58025,2,1,1,6,Route Departementale 981,46.865069,3.323058