num_acc,jour,mois,an,hrmn,lum,dep,com,agg,int,atm,col,adr,lat,long
202300054140,14,7,2023,2025-12-05 22:55:00,3,50,50393,1,1,2,6,Le Hameau Duval - Le Chefresne,48.903476,-1.163027
202300054141,11,6,2023,2025-12-05 00:15:00,5,38,38185,2,1,1,1,Cours Jean Jaures,45.18682,5.71863
202300054142,1,1,2023,2025-12-05 23:45:00,5,987,98734,1,1,1,6,Pk 37.800 Rt1,-17.712,-149.508
202300054143,22,8,2023,2025-12-05 15:00:00,1,69,69259,2,2,1,3,8 Avenue Du 8 Mai 1945,45.6934,4.8713
202300054144,27,9,2023,2025-12-05 09:15:00,1,14,14261,1,1,1,6,236 Route De Blangy-Le-Chateau,49.24231905,0.31881809
202300054145,26,10,2023,2025-12-05 22:40:00,5,13,13207,2,1,1,7,Corniche John Fitzgerald Kennedy,43.27276,5.363
202300054146,7,5,2023,2025-12-05 18:00:00,2,972,97209,2,1,1,2,Balata (Route De),14.629792,-61.072386
202300054147,29,3,2023,2025-12-05 12:15:00,1,75,75113,2,2,1,3,Rue Pau Casals,48.83104,2.377592
202300054148,13,2,2023,2025-12-05 17:30:00,1,93,93059,2,3,1,3,Avenue Lenine / Rue Camelinat,48.9588,2.35858
202300054149,14,7,2023,2025-12-05 17:50:00,1,50,50095,1,2,3,1,Rue De La Vire,49.089635,-1.119382
202300054150,1,1,2023,2025-12-05 19:00:00,5,31,31395,2,6,1,2,Giratoire D12 Sortie 35 De L'A64,43.474737,1.32214934
202300054151,30,11,2023,2025-12-05 07:50:00,2,14,14118,2,1,1,4,N814,49.202006,-0.351649
202300054152,10,6,2023,2025-12-05 19:05:00,1,38,38179,2,3,1,3,Rue Des Essarts,45.18814,5.77728
202300054153,22,8,2023,2025-12-05 10:15:00,1,67,67482,2,3,1,1,Engelbreit (Rue De L ),48.58173,7.70723
202300054154,25,9,2023,2025-12-05 14:00:00,1,36,36180,2,4,1,3,Route D'Issoudun,46.73123041,1.96571857
202300054155,7,5,2023,2025-12-05 12:55:00,1,69,69149,2,2,2,6,90 Grande Rue,45.71556,4.80881
202300054156,14,7,2023,2025-12-05 16:30:00,1,23,23015,2,1,1,6,Glatignat,46.365673,1.502477
202300054157,13,2,2023,2025-12-05 11:30:00,1,93,93064,2,2,7,6,Rue Louise Michel / Rue Leon Blum,48.88028079,2.47824276
202300054158,10,6,2023,2025-12-05 12:15:00,1,37,37122,2,1,1,6,Deux Lions (Route Des),47.36131,0.6847
202300054159,29,3,2023,2025-12-05 16:45:00,1,75,75112,2,3,1,6,Rue De Charenton,48.833612,2.394897
202300054160,27,10,2023,2025-12-05 16:40:00,1,10,10325,2,6,8,1,Rocade Ouest (Rd 610),48.26414,4.0784
202300054161,2,1,2023,2025-12-05 12:25:00,1,6,6088,1,1,1,2,A8 Pk 189.463 Chaussee Nord,43.700039,7.18832
202300054162,21,8,2023,2025-12-05 20:40:00,2,67,67482,2,3,1,3,Martin Schongauer (Rue),48.5664,7.7204
202300054163,10,7,2023,2025-12-05 14:01:00,1,34,34270,1,3,1,2,Rm612,43.564744,3.850188
202300054164,25,11,2023,2025-12-05 15:35:00,1,14,14118,2,1,1,6,79 Rue Du Chemin Vert,49.192537,-0.39328
202300054165,16,8,2023,2025-12-05 15:20:00,1,21,21663,2,1,1,3,Avenue De Dijon,47.53798148,4.46220099
202300054166,7,5,2023,2025-12-05 07:30:00,1,69,69382,2,2,1,3,Cours Bayard,45.7445,4.8195
202300054167,13,2,2023,2025-12-05 18:00:00,2,93,93051,2,1,7,6,Boulevard Du Rempart,48.83733,2.54662
202300054168,10,6,2023,2025-12-05 09:15:00,1,34,34301,2,1,1,3,216 Avenue Gilbert Martelli,43.41022,3.70762
202300054169,27,10,2023,2025-12-05 13:25:00,1,10,10387,2,1,1,6,Quatorze Juillet (Rue Du),48.2953,4.08007
202300054170,21,8,2023,2025-12-05 17:00:00,1,65,65440,2,1,1,6,Avenue Alsace Lorraine,43.24664,0.07312
202300054171,29,3,2023,2025-12-05 00:00:00,5,75,75110,2,3,2,3,Rue Du Faubourg Saint Martin,48.877812,2.361616
202300054172,7,5,2023,2025-12-05 05:45:00,1,971,97113,1,1,1,6,Pont De Blanchard,16.22353073,-61.52360916
202300054173,13,7,2023,2025-12-05 18:20:00,1,37,37160,1,1,1,2,A10 Pk 177+200,47.555163,1.013446
202300054174,1,1,2023,2025-12-05 20:15:00,3,2,2280,1,1,9,6,Adresse_Inconnue,49.103573,3.457335
202300054175,30,11,2023,2025-12-05 22:30:00,4,13,13117,2,3,1,3,Cugnot ( Avenue Joseph ),43.47618,5.23412
202300054176,26,9,2023,2025-12-05 17:02:00,1,21,21150,1,4,1,1,Rd906,46.93429,4.738873
202300054177,9,2,2023,2025-12-05 13:20:00,1,92,92075,2,3,1,3,Freres Chapelle (Rue Des),48.817395,2.286369
202300054178,26,10,2023,2025-12-05 07:45:00,5,10,10387,2,1,2,2,Anatole France (Rue),48.28583,4.07479
202300054179,22,8,2023,2025-12-05 13:10:00,1,64,64260,2,6,1,2,Empereur (Boulevard De L'),43.36234,-1.76199
202300054180,29,3,2023,2025-12-05 09:00:00,1,94,94046,2,2,1,1,Avenue De La Republique,48.81061,2.45653
202300054181,15,7,2023,2025-12-05 14:35:00,1,95,95352,1,1,1,1,D316,49.107218,2.426884
202300054182,2,1,2023,2025-12-05 16:45:00,1,976,97617,1,1,1,1,Ccd3 Mirereni,-12.787435,45.139984
202300054183,27,10,2023,2025-12-05 09:00:00,1,9,9121,2,9,9,6,D1,42.946884,1.617059
202300054184,23,9,2023,2025-12-05 19:00:00,1,24,24153,1,2,1,6,Route De La Cassagne,45.077502,1.332988
202300054185,13,2,2023,2025-12-05 09:00:00,1,92,92072,2,1,1,2,Saint Cloud (Rue De),48.82859,2.22472
202300054186,30,11,2023,2025-12-05 18:26:00,5,13,13019,2,1,1,5,Avenue Du Plan De Campagne,43.41853,5.36067
202300054187,29,3,2023,2025-12-05 18:00:00,1,94,94002,2,1,1,6,Rue Des Alouettes,48.78422,2.423898
202300054188,14,7,2023,2025-12-05 10:00:00,1,56,56240,2,1,1,2,22 Rue Du General De Gaulle,47.526649,-2.770373
202300054189,6,5,2023,2025-12-05 12:25:00,1,91,91103,2,9,1,3,Devi Du Cd 19,48.58794,2.30698
202300054190,21,8,2023,2025-12-05 22:30:00,4,64,64024,2,3,1,3,Amour (Avenue De La Chambre D'),43.49522,-1.53503
202300054191,27,9,2023,2025-12-05 13:50:00,1,87,87187,1,1,1,2,D704,45.541255,1.207391
202300054192,10,6,2023,2025-12-05 20:50:00,1,34,34129,1,3,1,5,Rm172,43.57447,3.92239
202300054193,13,2,2023,2025-12-05 07:35:00,1,92,92049,2,5,1,3,Dormoy Avenue Marx Ndeg2 A 100,48.8099,2.31733
202300054194,27,10,2023,2025-12-05 21:00:00,5,6,6123,2,3,1,3,Vespins Route Des,43.6600567,7.18346
202300054195,30,11,2023,2025-12-05 14:15:00,1,13,13207,2,1,1,3,Rive Neuve (Quai),43.29236,5.36559
202300054196,1,1,2023,2025-12-05 22:15:00,5,988,98804,2,3,1,6,Route De Nonhoue,-21.518818,165.955557
202300054197,28,3,2023,2025-12-05 19:15:00,1,94,94002,2,2,1,1,Rue Paul Vaillant Couturier / Rue Charles De Gaulle,48.81449,2.415319
202300054198,15,7,2023,2025-12-05 19:15:00,1,2A,2A362,2,2,1,1,Route De Pinarello,41.698808,9.353657
202300054199,21,8,2023,2025-12-05 15:10:00,1,64,64102,2,1,1,1,Prisse (Avenue Du ),43.47916,-1.45575
202300054200,27,9,2023,2025-12-05 17:50:00,1,13,13069,1,1,1,2,D572,43.627588,5.144488
202300054201,7,5,2023,2025-12-05 20:30:00,1,83,83137,2,1,1,2,Roosevelt (Ave Franklin),43.12104,5.9406
202300054202,10,6,2023,2025-12-05 23:10:00,5,33,33063,2,1,1,4,Place Gambetta,44.8408,-0.58091
202300054203,29,11,2023,2025-12-05 17:15:00,4,13,13207,2,1,1,1,Corniche John Fitzgerald Kennedy,43.28358488,5.35019724
202300054204,13,2,2023,2025-12-05 11:55:00,1,92,92062,2,1,1,3,Defense (Rond Point De La),48.89017371,2.23989129
202300054205,27,10,2023,2025-12-05 19:15:00,5,75,75117,2,2,2,3,Boulevard Bessieres,48.897731,2.329018
202300054206,1,1,2023,2025-12-05 16:45:00,1,33,33214,1,1,1,1,D6E1,45.043448,-1.173949
202300054207,19,8,2023,2025-12-05 15:10:00,1,62,62907,2,1,1,3,Allee Des Oiseaux,50.477991,3.001182
202300054208,13,2,2023,2025-12-05 09:05:00,1,92,92062,2,1,1,1,Defense (Rond Point De La),48.890242,2.241753
202300054209,15,7,2023,2025-12-05 19:05:00,1,2B,2B207,1,9,1,3,Caragiuti,42.453592,9.504354
202300054210,26,9,2023,2025-12-05 15:10:00,1,6,6018,2,1,1,3,1780 Route De La Mer,43.617466,7.113374
202300054211,19,8,2023,2025-12-05 17:00:00,1,62,62274,1,9,1,6,D160,50.440063,2.991113
202300054212,2,1,2023,2025-12-05 14:00:00,1,66,66088,1,1,1,1,Adresse_Inconnue,42.662241,2.6430491
202300054213,27,10,2023,2025-12-05 02:15:00,5,75,75117,2,7,1,1,Rue De Prony,48.880414,2.308794
202300054214,6,5,2023,2025-12-05 17:55:00,1,83,83144,1,9,1,3,St Just (Avenue Lt Antoine),43.14313,6.01565
202300054215,10,6,2023,2025-12-05 22:50:00,5,33,33529,1,1,1,2,Cazaux (Bd De) Du 02 Et +,44.55701,-1.15314
202300054216,13,2,2023,2025-12-05 16:20:00,1,92,92026,2,9,1,2,Saint-Denis Bd (120 A 174 / De 199 A 315,48.89991465,2.26834042
202300054217,29,11,2023,2025-12-05 22:00:00,5,13,13028,2,6,8,3,Rond Point Dulac/Rovarch,43.19262,5.60925
202300054218,29,3,2023,2025-12-05 17:30:00,1,93,93072,2,3,1,5,Rue De Fontenay / Rue Francis Auffray,48.96795,2.37767
202300054219,26,10,2023,2025-12-05 10:30:00,1,75,75116,2,1,1,6,Avenue Du President Wilson,48.864844,2.296931
202300054220,27,9,2023,2025-12-05 13:00:00,1,17,17139,1,1,1,2,A10,46.11909,-0.532708
202300054221,14,8,2023,2025-12-05 20:00:00,2,62,62413,2,4,1,3,D162E1,50.44448,2.90506
202300054222,10,6,2023,2025-12-05 14:10:00,1,32,32013,1,1,1,7,Gaouere (Chemin De),43.62145,0.56481
202300054223,29,11,2023,2025-12-05 06:40:00,3,7,7008,1,1,1,6,Voie Douce De La Payre,44.71218,4.62418
202300054224,15,7,2023,2025-12-05 06:40:00,1,2B,2B077,1,1,1,2,Cavone,42.472975,9.497439
202300054225,1,1,2023,2025-12-05 00:30:00,5,38,38507,2,9,1,2,Route De Cremieu,45.749676,5.184463
202300054226,29,3,2023,2025-12-05 09:25:00,1,93,93064,2,1,1,6,Rue Jules Guesde,48.8757002,2.49828994
202300054227,13,2,2023,2025-12-05 11:45:00,1,92,92012,2,2,1,1,Bontemps (Rue Marcel),48.8255779,2.24189624
202300054228,26,9,2023,2025-12-05 18:00:00,1,68,68278,2,1,1,2,Rue De Habsheim,47.744266,7.41273
202300054229,23,8,2023,2025-12-05 13:30:00,1,62,62263,1,1,1,1,N25,50.26148,2.69672
202300054230,29,11,2023,2025-12-05 11:30:00,1,7,7102,2,1,1,6,Republique (Av. De La) [Du Ndeg Au Ndeg],44.93677,4.87289
202300054231,7,5,2023,2025-12-05 16:20:00,1,83,83069,2,3,1,1,Quinzieme Corps (Rue Du),43.122781,6.143594
202300054232,24,6,2023,2025-12-05 09:00:00,1,71,71230,2,1,1,6,9 Route De Toulon,46.604237,4.071078
202300054233,29,3,2023,2025-12-05 19:25:00,2,93,93048,2,1,1,6,Boulevard De La Boissiere,48.87772653,2.45963126
202300054234,27,10,2023,2025-12-05 16:05:00,1,75,75115,2,2,1,3,Boulevard Pasteur,48.842995,2.312797
202300054235,2,1,2023,2025-12-05 17:15:00,2,27,27003,2,1,1,6,Rue De Louviers,49.173462,1.174899
202300054236,9,6,2023,2025-12-05 22:20:00,5,31,31555,2,1,1,2,Va007500 Croix Daurade A62 Sortie 14,43.63457,1.47809
202300054237,13,2,2023,2025-12-05 09:30:00,1,92,92007,2,3,1,6,Briand (Avenue Aristide) Ndeg 100 A 160,48.79922285,2.32282117
202300054238,29,3,2023,2025-12-05 14:00:00,1,93,93048,2,1,1,6,Rue Gaston Lauriau,48.858245,2.447456
202300054239,23,8,2023,2025-12-05 00:48:00,5,60,60057,2,2,1,3,Rue De La Madeleine,49.4289,2.08548
202300054240,27,10,2023,2025-12-05 14:20:00,1,75,75115,2,3,1,6,Rue De Vaugirard,48.842456,2.311086
202300054241,28,11,2023,2025-12-05 09:22:00,1,6,6088,2,7,1,1,Medecin (Pl. Alexandre),43.7197248,7.2622586
202300054242,10,6,2023,2025-12-05 12:45:00,1,29,29232,2,1,1,6,Boulevard De Bretagne,47.98654976,-4.12439793
202300054243,5,5,2023,2025-12-05 17:20:00,1,83,83061,2,1,1,3,Avenue De La Corniche D'Azur,43.3989402,6.72971928
202300054244,2,1,2023,2025-12-05 19:00:00,3,59,59388,1,3,1,3,Rue Leon Bocquet,50.559272,2.875709
202300054245,14,7,2023,2025-12-05 23:45:00,3,71,71195,1,2,1,3,D906,46.506132,4.916881
202300054246,13,2,2023,2025-12-05 06:45:00,5,92,92007,2,1,1,6,Briand (Avenue Aristide) Ndeg 100 A 160,48.80052,2.32337
202300054247,29,3,2023,2025-12-05 08:30:00,1,93,93032,2,3,1,6,Avenue Jean Jaures / Place De Verdun,48.88316526,2.52745494
202300054248,26,9,2023,2025-12-05 18:30:00,2,13,13001,1,1,7,3,A8 - Pk 012.350 - Sens Sud Nord,43.534394,5.362229
202300054249,22,8,2023,2025-12-05 06:00:00,5,60,60057,2,2,1,6,Boulevard Jules Briere,49.42786122,2.08846021
202300054250,11,6,2023,2025-12-05 00:00:00,4,29,29151,2,1,1,6,Rue Leon Gambetta,48.575704,-3.832364
202300054251,21,11,2023,2025-12-05 13:29:00,1,5,5061,2,1,1,6,Docteur Ayasse ( Rue Du ),44.56355,6.08935
202300054252,1,1,2023,2025-12-05 14:20:00,1,13,13028,1,1,1,6,A50-Sens Aubagne Vers Toulon,43.2047,5.5907
202300054253,26,10,2023,2025-12-05 16:20:00,1,75,75114,2,7,1,2,Avenue Du Maine,48.828027,2.326791
202300054254,11,2,2023,2025-12-05 20:15:00,3,13,13078,1,1,5,1,D268,43.407448,4.790125
202300054255,25,9,2023,2025-12-05 09:30:00,1,987,98735,2,1,3,3,"Papeari, Pk 53.200 C/Mer",-17.722,-149.399
202300054256,29,3,2023,2025-12-05 12:00:00,1,93,93001,2,1,1,6,Avenue Victor Hugo,48.91182367,2.37963706
202300054257,13,8,2023,2025-12-05 19:00:00,1,59,59632,1,1,1,3,Rue Gustave Delory,50.36381,3.39633
202300054258,11,7,2023,2025-12-05 16:10:00,1,49,49029,1,2,1,3,D751,47.37384,-0.36999
202300054259,24,11,2023,2025-12-05 15:45:00,1,5,5061,2,3,1,6,Fusilles ( Rue Des ),44.54419,6.06583
202300054260,1,1,2023,2025-12-05 03:26:00,3,13,13043,1,1,1,7,A55-Sens Marseille Vers Martigues,43.38218353,5.22683418
202300054261,10,6,2023,2025-12-05 14:15:00,1,29,29254,2,1,1,1,D19,48.57539614,-3.85588457
202300054262,25,10,2023,2025-12-05 18:45:00,5,75,75114,2,3,2,3,Avenue Du Maine,48.83403,2.324351
202300054263,28,3,2023,2025-12-05 00:10:00,5,93,93001,2,1,1,3,Avenue De La Republique,48.91326,2.38268
202300054264,22,8,2023,2025-12-05 16:40:00,1,59,59286,2,1,1,3,Santes Rue De,50.61048,2.97416
202300054265,14,2,2023,2025-12-05 14:40:00,1,27,27507,1,1,1,3,D53,48.883316,1.263406
202300054266,30,11,2023,2025-12-05 16:45:00,2,75,75117,2,1,1,2,Porte Maillot,48.880244,2.281701
202300054267,10,6,2023,2025-12-05 03:00:00,5,29,29019,2,6,2,7,Avenue Franklin Roosevelt,48.38290318,-4.48817253
202300054268,15,7,2023,2025-12-05 12:40:00,1,86,86298,1,4,2,1,D15B,46.715741,0.555617
202300054269,29,3,2023,2025-12-05 12:35:00,1,92,92073,2,1,1,6,Carnot (Rue),48.876244,2.229154
202300054270,7,5,2023,2025-12-05 20:00:00,1,77,77449,1,1,8,7,Av Paul Seramy,48.85755,2.79607
202300054271,22,8,2023,2025-12-05 12:00:00,1,59,59350,2,2,1,3,Cordonnier Avenue De L'Architecte,50.63369,3.04148
202300054272,27,10,2023,2025-12-05 20:18:00,5,75,75112,2,9,2,1,Avenue Daumesnil,48.84703643,2.37552524
202300054273,14,7,2023,2025-12-05 11:45:00,1,86,86068,2,1,1,1,D35,46.208145,0.163471
202300054274,26,9,2023,2025-12-05 13:02:00,1,78,78478,1,1,1,6,N191,48.475693,1.853721
202300054275,1,1,2023,2025-12-05 19:22:00,3,33,33143,1,1,1,4,Autoroute A 10,44.96679,-0.438417
202300054276,30,11,2023,2025-12-05 07:45:00,1,75,75115,2,1,1,5,Porte De Sevres,48.831897,2.28169
202300054277,29,3,2023,2025-12-05 10:30:00,1,92,92012,2,2,1,6,Jean Jaures (Boulevard) 217/Fin - 210/Fi,48.828842,2.246197
202300054278,15,7,2023,2025-12-05 12:30:00,1,22,22055,2,1,1,3,Rue Des Pres Calan,48.612009,-2.829098
202300054279,6,5,2023,2025-12-05 18:10:00,1,77,77111,2,6,1,3,Bd La Meridienne,48.855885,2.77052
202300054280,21,8,2023,2025-12-05 21:00:00,2,59,59574,2,3,1,3,Rue Des Freres Bridoux,50.37099,3.26776
202300054281,13,2,2023,2025-12-05 04:10:00,3,52,52332,1,1,5,2,A31 Pk137.500 Direction Dijon (21),47.977193,5.498968
202300054282,26,9,2023,2025-12-05 10:40:00,1,2B,2B148,2,6,1,2,Route De L'Aeroport,42.550219,9.459679
202300054283,27,10,2023,2025-12-05 13:31:00,1,75,75109,2,2,1,3,Boulevard Poissonniere,48.871494,2.343089
202300054284,6,6,2023,2025-12-05 09:24:00,1,26,26362,2,1,1,6,Faubourg Saint Jacques,44.93247,4.89612
202300054285,1,1,2023,2025-12-05 07:15:00,3,33,33167,1,1,1,2,Route Nationale 230,44.835226,-0.500053
202300054286,29,11,2023,2025-12-05 21:10:00,5,75,75116,2,1,1,5,Bd Peripherique Exterieur,48.860277,2.263373
202300054287,26,9,2023,2025-12-05 20:45:00,2,89,89257,2,1,1,6,34 Rue Victor Hugo,47.958706,3.529841
202300054288,22,8,2023,2025-12-05 07:00:00,1,59,59329,1,6,1,3,Rd 643,50.34749,3.0901
202300054289,15,7,2023,2025-12-05 08:00:00,1,35,35284,1,2,1,3,Lieu Dit Beausejour,48.611257,-1.941812
202300054290,10,6,2023,2025-12-05 16:45:00,1,25,25462,2,1,1,6,Republique De La,46.90314,6.35636
202300054291,27,10,2023,2025-12-05 13:25:00,1,75,75109,2,5,1,6,Rue La Fayette,48.87503463,2.340855
202300054292,7,5,2023,2025-12-05 22:30:00,5,76,76322,2,3,1,1,Rue De La Republique,49.4138044,1.03430271
202300054293,11,3,2023,2025-12-05 18:10:00,2,68,68145,2,3,1,5,73 Grand'Rue,48.080036,7.397892
202300054294,11,2,2023,2025-12-05 17:13:00,2,8,8435,1,1,5,2,N51,49.451883,4.298508
202300054295,1,1,2023,2025-12-05 17:18:00,5,94,94034,1,1,2,4,A86,48.76061147,2.31935953
202300054296,26,9,2023,2025-12-05 15:28:00,1,21,21464,2,6,1,1,1 Place Jules Ferry,47.135962,4.955004
202300054297,27,10,2023,2025-12-05 15:50:00,1,75,75108,2,2,1,7,Boulevard Des Batignolles,48.882571,2.323378
202300054298,30,11,2023,2025-12-05 19:00:00,5,75,75120,2,3,1,2,Rue Des Pyrenees,48.871976,2.391876
202300054299,7,5,2023,2025-12-05 11:05:00,1,76,76681,1,1,3,7,Boulevard Industriel,49.41007038,1.1085248
202300054300,23,8,2023,2025-12-05 07:55:00,1,58,58194,2,3,1,3,Marzy,46.98810593,3.12677815
202300054301,28,3,2023,2025-12-05 14:00:00,1,974,97404,1,1,1,3,Avenue Octave Benard,-21.26733168,55.3345862
202300054302,14,7,2023,2025-12-05 10:35:00,1,38,38013,2,3,1,3,170 Route De Lyon,45.400168,5.484216
202300054303,13,2,2023,2025-12-05 04:50:00,5,30,30254,2,1,1,3,Adresse_Inconnue,44.063922,4.723424
202300054304,10,6,2023,2025-12-05 14:45:00,1,22,22278,2,1,1,6,Ville-Guyomard (De La),48.52487,-2.78615
202300054305,22,9,2023,2025-12-05 13:15:00,1,67,67122,1,9,1,7,D 224,48.635142,7.309481
202300054306,29,3,2023,2025-12-05 06:40:00,2,67,67283,1,1,2,7,D218,48.708383,7.364761
202300054307,30,11,2023,2025-12-05 15:55:00,2,75,75120,2,1,1,7,Rue De Menilmontant,48.868528,2.389061
202300054308,27,10,2023,2025-12-05 14:15:00,1,75,75108,2,5,8,3,Rue De Londres,48.877881,2.326943
202300054309,6,5,2023,2025-12-05 11:30:00,1,73,73008,2,9,1,3,D991 Russie Boulevard De,45.68292371,5.91040581
202300054310,1,1,2023,2025-12-05 06:30:00,3,78,78133,1,1,1,2,A13,48.886934,2.011974
202300054311,21,8,2023,2025-12-05 19:00:00,1,58,58194,2,3,1,3,Baratte (Faubourg),46.98899,3.1884
202300054312,29,3,2023,2025-12-05 22:10:00,3,6,6126,1,1,1,6,M6202,43.809292,7.192461
202300054313,10,2,2023,2025-12-05 08:50:00,1,47,47010,1,2,1,3,D252 / D106,44.371171,0.068214
202300054314,9,6,2023,2025-12-05 12:30:00,1,18,18279,2,1,1,1,20 Route Rene Dumont,47.20813,2.08942
202300054315,22,9,2023,2025-12-05 13:50:00,1,67,67046,2,2,1,3,7 Rue Des Bobineurs,48.765128,7.855107
202300054316,30,11,2023,2025-12-05 08:35:00,1,75,75120,2,3,1,6,Rue Du Telegraphe,48.871072,2.4003
202300054317,1,1,2023,2025-12-05 18:50:00,3,95,95582,1,1,2,6,A115,48.98062982,2.2409411
202300054318,21,8,2023,2025-12-05 09:25:00,1,57,57306,2,3,1,3,Tourneur (Rue),49.3286,6.06415
202300054319,14,7,2023,2025-12-05 16:00:00,1,84,84102,1,3,1,3,Croisement D4/D227,43.913387,5.315151
202300054320,27,9,2023,2025-12-05 16:25:00,1,88,88078,2,1,1,6,6 Rue De Gerardmer,48.200368,6.725183
202300054321,14,2,2023,2025-12-05 03:45:00,3,31,31157,1,1,1,7,136 Route De Plaisance,43.549128,1.317638
202300054322,29,3,2023,2025-12-05 18:50:00,1,72,72306,1,1,1,1,D139Bis,47.854027,0.235616
202300054323,27,10,2023,2025-12-05 20:10:00,5,94,94081,2,2,2,5,Avenue Ernest Havet,48.78779,2.40249
202300054324,11,6,2023,2025-12-05 00:05:00,5,13,13210,2,1,1,6,Capelette (Avenue De La),43.28061357,5.40770574
202300054325,13,7,2023,2025-12-05 21:30:00,3,15,15221,1,1,1,7,N122,44.878669,2.361599
202300054326,22,8,2023,2025-12-05 19:24:00,1,56,56121,2,1,1,3,Kermelo (Promenade De),47.73143,-3.37908
202300054327,30,11,2023,2025-12-05 12:05:00,1,75,75119,2,3,1,3,Avenue De Flandre,48.89315,2.379885
202300054328,2,5,2023,2025-12-05 07:25:00,1,73,73008,2,3,1,3,D913 Gaulle General De Avenue,45.68792,5.91197
202300054329,29,3,2023,2025-12-05 17:30:00,1,23,23141,1,1,1,6,D5,46.251244,1.677487
202300054330,13,2,2023,2025-12-05 08:20:00,2,95,95365,1,1,5,7,Rd 316,49.07994978,2.4119854
202300054331,26,10,2023,2025-12-05 22:57:00,5,94,94074,2,1,3,2,Rue Vasco De Gama,48.76691569,2.44955347
202300054332,23,8,2023,2025-12-05 00:05:00,4,54,54323,2,1,1,7,Rue De La Banque,49.51737,5.76556
202300054333,27,9,2023,2025-12-05 11:30:00,1,3,3290,1,3,1,3,Pk 6 D29,46.636198,3.337634
202300054334,30,11,2023,2025-12-05 09:20:00,1,75,75118,2,1,1,6,Rue D Aubervilliers,48.89663,2.369769
202300054335,9,6,2023,2025-12-05 23:23:00,5,13,13210,2,1,1,2,Paul Claudel (Boulevard),43.2682893,5.41452446
202300054336,1,1,2023,2025-12-05 18:30:00,3,93,93078,1,1,2,4,Autoroute A104,48.9713639,2.4985811
202300054337,14,7,2023,2025-12-05 08:30:00,1,1,1348,1,2,1,1,Route Des Brocatieres,46.183452,4.826852
202300054338,13,2,2023,2025-12-05 16:40:00,1,2B,2B150,1,1,1,6,Rt 30,42.595401,8.83812
202300054339,7,5,2023,2025-12-05 18:40:00,1,72,72181,2,9,1,7,Neruda Pablo (Bd),47.99758,0.22306
202300054340,10,2,2023,2025-12-05 14:00:00,1,51,51629,1,3,1,1,D951,49.173091,4.012134
202300054341,26,9,2023,2025-12-05 19:30:00,2,73,73034,1,1,1,7,Route Du Cormet D'Areches,45.637905,6.587902
202300054342,27,10,2023,2025-12-05 18:50:00,5,94,94042,2,9,2,6,Rue Jean Mermoz,48.819768,2.464673
202300054343,13,7,2023,2025-12-05 11:40:00,1,54,54149,1,3,1,3,D57,49.44741,5.91871
202300054344,1,1,2023,2025-12-05 13:15:00,1,93,93078,1,1,2,7,Autoroute A104,48.96300436,2.52239723
202300054345,15,7,2023,2025-12-05 13:25:00,1,66,66147,1,1,1,3,Rn 320,42.563512,1.773992
202300054346,29,11,2023,2025-12-05 18:40:00,5,75,75117,2,4,1,5,Boulevard Malesherbes,48.889003,2.304141
202300054347,13,2,2023,2025-12-05 11:32:00,1,81,81120,2,9,1,3,Route De La Lande Basse,43.53883879,2.25652635
202300054348,24,9,2023,2025-12-05 10:48:00,1,38,38556,2,3,1,3,D131,45.362003,4.857851
202300054349,10,6,2023,2025-12-05 10:39:00,1,10,10357,1,1,7,4,Rocade Est (Rd 610),48.291527,4.132287
202300054350,26,10,2023,2025-12-05 14:30:00,1,94,94076,2,9,1,3,Boulevard Maxime Gorki,48.79598,2.36843
202300054351,28,3,2023,2025-12-05 13:53:00,1,76,76377,2,3,1,6,23 Route De Dieppe,49.499876,1.153927
202300054352,15,7,2023,2025-12-05 20:15:00,2,6,6059,1,1,1,6,Avenue Raymond Poincare,43.720622,7.368066
202300054353,21,8,2023,2025-12-05 11:00:00,1,54,54099,2,3,1,6,Rue Du Marechal Foch (Briey),49.24979,5.93845
202300054354,7,5,2023,2025-12-05 03:15:00,5,69,69271,2,2,1,3,Avenue Charles De Gaulle,45.74486,4.9373
202300054355,1,1,2023,2025-12-05 07:00:00,2,95,95365,1,1,1,2,N104,49.0647952,2.4102943
202300054356,29,11,2023,2025-12-05 09:45:00,1,75,75116,2,3,1,3,Carrefour De Longchamp,48.863712,2.239533
202300054357,29,3,2023,2025-12-05 22:15:00,4,2B,2B050,2,1,1,6,Avenue De La Republique,42.564999,8.755701
202300054358,18,9,2023,2025-12-05 17:40:00,1,44,44066,2,1,1,2,Route De Rennes,47.358287,-1.631344
202300054359,10,6,2023,2025-12-05 19:40:00,1,6,6104,2,9,1,2,Hanoteaux (Avenue Gabriel),43.761629,7.465106
202300054360,26,10,2023,2025-12-05 20:00:00,5,94,94041,2,2,3,3,Avenue De L'Industrie,48.81456,2.40445
202300054361,6,5,2023,2025-12-05 20:30:00,1,64,64102,2,9,7,2,Soult (Avenue Marechal),43.48,-1.492
202300054362,23,8,2023,2025-12-05 15:20:00,1,51,51454,2,3,1,3,Mathieu (Rue Leon) Du Ndeg51 A Fin Et Du N,49.24047,4.0099
202300054363,15,7,2023,2025-12-05 10:30:00,1,14,14371,2,3,1,3,17 Route De Lisieux,49.013586,0.152264
202300054364,30,11,2023,2025-12-05 09:00:00,1,75,75111,2,1,1,3,Boulevard Voltaire,48.859384,2.377463