num_acc,jour,mois,an,hrmn,lum,dep,com,agg,int,atm,col,adr,lat,long
202300054365,13,2,2023,2025-12-05 21:30:00,5,71,71014,2,2,1,3,Avenue De La Republique,46.957432,4.299447
202300054366,1,1,2023,2025-12-05 03:45:00,3,77,77384,1,1,1,7,A5B,48.619864,2.630271
202300054367,30,3,2023,2025-12-05 13:34:00,1,65,65258,2,1,1,6,700 Rue Des Moulins,43.132167,0.394062
202300054368,27,10,2023,2025-12-05 13:25:00,1,94,94033,2,1,1,3,Rue Carnot,48.8531,2.49139
202300054369,27,9,2023,2025-12-05 07:00:00,1,38,38341,2,3,1,3,D1006,45.567023,5.414243
202300054370,10,6,2023,2025-12-05 14:40:00,1,6,6069,1,1,2,1,Pegomas (Route De),43.620028,6.92519
202300054371,15,7,2023,2025-12-05 07:50:00,1,60,60333,1,1,1,6,Rue De Hodenc,49.45761857,1.89738098
202300054372,22,8,2023,2025-12-05 19:40:00,1,51,51474,2,1,1,3,Saint Thierry (Chemin De) A Reims,49.2786,4.00315
202300054373,6,5,2023,2025-12-05 15:40:00,1,64,64024,2,1,1,3,Route De Pitoys,43.46373,-1.51482
202300054374,1,1,2023,2025-12-05 03:45:00,5,974,97407,2,1,1,6,Commune De Paris (Avenue),-20.93375,55.29189
202300054375,30,11,2023,2025-12-05 08:20:00,1,75,75110,2,2,8,6,Rue La Fayette,48.880739,2.36241
202300054376,10,6,2023,2025-12-05 15:35:00,1,39,39129,1,1,3,6,Adresse_Inconnue,46.64902,5.942171
202300054377,27,10,2023,2025-12-05 16:30:00,1,94,94011,2,9,2,6,Route De L'Ile Saint Julien,48.78017,2.48407
202300054378,13,2,2023,2025-12-05 16:45:00,1,55,55165,1,3,7,3,Place De La Gare (Pont),49.382132,5.171406
202300054379,14,7,2023,2025-12-05 11:50:00,1,73,73259,1,1,1,3,D99,45.374941,6.323748
202300054380,29,3,2023,2025-12-05 15:45:00,1,71,71543,2,2,1,6,Rue Desire Mathivet,46.561852,4.912874
202300054381,1,1,2023,2025-12-05 01:14:00,5,68,68297,2,1,1,6,Rue De L'Aeroport,47.61165,7.5344
202300054382,21,8,2023,2025-12-05 21:10:00,5,51,51454,2,3,1,3,Dieu Lumiere (Boulevard) Cote Pair,49.23996,4.04112
202300054383,11,9,2023,2025-12-05 17:25:00,1,69,69228,1,2,1,3,Route De Bellevue,45.59478129,4.6665965
202300054384,27,10,2023,2025-12-05 11:10:00,1,94,94028,2,1,8,6,Rue Edouard Manet,48.78055223,2.46433499
202300054385,7,5,2023,2025-12-05 03:50:00,5,62,62215,2,1,2,6,Nonettes (R Des),50.47109,2.9388
202300054386,30,11,2023,2025-12-05 09:05:00,1,75,75109,2,2,1,3,Boulevard Des Italiens,48.871438,2.336848
202300054387,13,2,2023,2025-12-05 10:30:00,1,49,49180,1,1,1,6,D79,47.374908,-0.162649
202300054388,27,9,2023,2025-12-05 05:00:00,3,81,81225,1,1,1,6,Les Grezes,43.9197833,1.9864529
202300054389,1,1,2023,2025-12-05 08:25:00,2,85,85265,1,1,1,2,A83,46.4128363,-0.71131931
202300054390,14,7,2023,2025-12-05 05:00:00,2,73,73067,1,1,1,6,"D76A, Route Des Attignours",45.36747957,6.28903904
202300054391,21,8,2023,2025-12-05 19:20:00,1,51,51454,2,1,1,6,Rue Charles Guggiari,49.28547,4.02621
202300054392,27,10,2023,2025-12-05 02:30:00,3,94,94054,2,1,2,1,Route Charles Tillon,48.745394,2.384787
202300054393,10,6,2023,2025-12-05 15:30:00,1,50,50188,1,3,1,5,Rue De La Liberation,48.831348,-1.41449
202300054394,30,3,2023,2025-12-05 07:00:00,1,47,47310,2,2,1,6,Rue Colisson,44.392319,0.305589
202300054395,6,5,2023,2025-12-05 19:50:00,1,62,62215,1,1,1,1,D917,50.48047,2.9692
202300054396,1,1,2023,2025-12-05 00:09:00,3,17,17133,2,1,1,7,25 Route De La Grande Mercerie,45.599007,-0.719213
202300054397,13,2,2023,2025-12-05 16:40:00,1,12,12052,2,6,7,3,44 Boulevard Francois Mitterrand,44.55704264,2.07176685
202300054398,30,11,2023,2025-12-05 18:05:00,5,75,75103,2,5,1,6,Rue De Turbigo,48.864834,2.353309
202300054399,14,7,2023,2025-12-05 14:35:00,1,43,43167,1,1,1,6,D48,45.062533,3.567392
202300054400,11,6,2023,2025-12-05 14:20:00,1,52,52193,1,1,1,7,D619,48.14184506,5.03902316
202300054401,22,8,2023,2025-12-05 09:35:00,1,49,49328,2,2,1,6,Beaurepaire (Rue),47.25953,-0.07876
202300054402,28,3,2023,2025-12-05 18:10:00,1,47,47210,1,1,1,2,La Segrive,44.27192,0.401017
202300054403,27,10,2023,2025-12-05 10:20:00,1,94,94070,2,6,1,6,Route De Paris,48.715136,2.574723
202300054404,27,9,2023,2025-12-05 07:40:00,1,65,65335,1,1,1,5,D8,43.099134,0.13675
202300054405,14,7,2023,2025-12-05 19:30:00,1,16,16136,1,1,1,7,D 736 Lieu Dit Coudrasse,46.013401,0.174837
202300054406,1,1,2023,2025-12-05 15:35:00,1,84,84127,1,9,1,7,Chemin De La Draille Du Plan,44.166048,4.820917
202300054407,6,5,2023,2025-12-05 17:30:00,1,62,62119,2,1,1,2,D171E4,50.51415,2.62675
202300054408,11,6,2023,2025-12-05 15:15:00,1,11,11068,1,1,1,6,A61 - Pk 339.450,43.178894,2.533669
202300054409,29,11,2023,2025-12-05 16:04:00,1,75,75102,2,3,1,6,Rue De Richelieu,48.869451,2.338756
202300054410,22,8,2023,2025-12-05 10:54:00,1,49,49353,2,1,1,6,Avenue Pierre Mendes France,47.4485,-0.5088
202300054411,14,2,2023,2025-12-05 16:15:00,1,39,39173,2,1,1,3,Route De Louhans (Cimetiere),46.530517,5.385924
202300054412,29,3,2023,2025-12-05 15:45:00,1,38,38410,1,6,1,3,Route De Romans,45.076604,5.162491
202300054413,26,9,2023,2025-12-05 14:42:00,1,33,33233,1,1,1,2,Route Nationale 10,45.13274,-0.371261
202300054414,14,7,2023,2025-12-05 17:45:00,1,4,4124,1,1,1,3,Rd 211,43.762711,6.096253
202300054415,27,10,2023,2025-12-05 13:20:00,1,93,93073,2,2,1,3,Rue De Lorraine / Avenue Roger Salengro,48.94258,2.57581
202300054416,14,2,2023,2025-12-05 18:25:00,2,38,38490,1,1,1,6,Route De La Plaine,45.353992,5.399061
202300054417,1,1,2023,2025-12-05 06:30:00,2,2,2785,2,1,1,6,79 Rue Nationale,49.880402,3.153012
202300054418,9,6,2023,2025-12-05 17:20:00,1,31,31418,1,3,1,3,Route De Toulouse,43.632257,1.522789
202300054419,29,11,2023,2025-12-05 17:00:00,1,94,94037,2,9,1,3,Avenue Jean Jaures,48.81351,2.3508
202300054420,21,8,2023,2025-12-05 13:23:00,1,49,49007,2,6,1,3,Doyenne Boulevard Et Passage,47.48944,-0.53432
202300054421,26,9,2023,2025-12-05 10:45:00,1,49,49023,2,3,1,6,Rue D'Anjou (Villedieu-La-Blouere),47.149305,-1.061334
202300054422,29,6,2023,2025-12-05 09:58:00,1,87,87110,2,1,1,2,Rue De L?Ancienne Ecole,45.92285436,0.98724157
202300054423,30,3,2023,2025-12-05 17:40:00,2,2,2453,2,1,2,3,6 Grande Rue,49.377258,3.734327
202300054424,27,10,2023,2025-12-05 19:40:00,5,93,93048,2,3,2,6,Rue De Paris / Rue Marcel Dufriche,48.85616,2.42545
202300054425,1,1,2023,2025-12-05 09:45:00,1,85,85065,1,1,1,6,A83,46.87219,-1.285155
202300054426,21,8,2023,2025-12-05 09:40:00,1,49,49007,2,1,1,6,Gain ( Louis),47.46841,-0.53829
202300054427,30,11,2023,2025-12-05 07:15:00,5,94,94043,2,6,1,3,Avenue De Fontainebleau,48.8095,2.3625
202300054428,7,5,2023,2025-12-05 06:20:00,2,59,59002,2,9,2,4,Pl Du General De Gaulle,50.33417,3.3015
202300054429,11,2,2023,2025-12-05 03:16:00,4,38,38394,2,2,1,3,Route De Romans,45.100949,5.247568
202300054430,10,6,2023,2025-12-05 08:10:00,1,68,68383,1,3,1,3,Adresse_Inconnue,48.168107,7.314331
202300054431,27,9,2023,2025-12-05 07:45:00,2,44,44094,1,1,1,1,4908 Route De Saint-Mars-Du-Desert,47.337298,-1.408795
202300054432,13,7,2023,2025-12-05 06:57:00,1,30,30185,2,1,1,6,Rue De La Grand-Terre,43.738457,4.196987
202300054433,1,1,2023,2025-12-05 08:00:00,2,83,83082,1,1,1,6,D955,43.605792,6.48012
202300054434,27,10,2023,2025-12-05 09:45:00,1,93,93048,2,5,1,3,Place Du General De Gaulle / Rue Du Marais,48.86940693,2.43291719
202300054435,29,3,2023,2025-12-05 18:24:00,1,36,36165,1,2,1,3,Pouligny-Saint-Pierre,46.67882916,1.04414204
202300054436,7,5,2023,2025-12-05 18:35:00,1,59,59350,2,9,2,6,Esplanade Facade,50.63972,3.05356
202300054437,30,11,2023,2025-12-05 12:40:00,1,94,94028,2,9,1,3,Avenue Du Chemin-De-Mesly,48.78375,2.4596
202300054438,1,6,2023,2025-12-05 18:20:00,1,68,68227,2,1,1,3,18 Rue Principale,48.101887,7.471857
202300054439,13,2,2023,2025-12-05 16:10:00,1,3,3156,1,2,7,1,D779,46.59862,3.511044
202300054440,14,7,2023,2025-12-05 19:15:00,1,30,30097,1,1,1,6,D304,44.308422,4.144222
202300054441,1,1,2023,2025-12-05 17:05:00,2,53,53147,1,1,2,1,Adresse_Inconnue,48.2987,-0.58966
202300054442,22,8,2023,2025-12-05 13:35:00,1,45,45234,2,3,1,3,17 Rue Du Faubourg Saint-Vincent,47.90582,1.91401
202300054443,30,11,2023,2025-12-05 08:20:00,1,94,94011,2,6,1,6,2 Avenue Des Marronniers,48.767284,2.493695
202300054444,27,10,2023,2025-12-05 13:30:00,1,93,93057,2,1,1,2,Avenue Aristide Briand,48.908983,2.501124
202300054445,28,3,2023,2025-12-05 15:00:00,1,28,28171,1,1,1,3,D928,48.69453,1.340311
202300054446,9,6,2023,2025-12-05 03:30:00,3,26,26138,1,1,1,2,A7 - Pk 134+300,44.400138,4.728885
202300054447,14,7,2023,2025-12-05 17:40:00,1,88,88361,1,1,1,6,D420,48.330962,7.092812
202300054448,26,9,2023,2025-12-05 13:40:00,1,56,56146,1,2,1,3,Ker Yvon,48.14646,-2.982724
202300054449,1,1,2023,2025-12-05 14:15:00,1,69,69086,1,1,1,6,Autoroute 89,45.84647882,4.67318058
202300054450,23,8,2023,2025-12-05 18:00:00,1,44,44055,2,1,1,3,10 Allee Des Ifs,47.28264,-2.39299
202300054451,28,11,2023,2025-12-05 08:10:00,1,94,94028,2,1,8,6,Avenue De Verdun,48.79475,2.46224
202300054452,26,10,2023,2025-12-05 18:20:00,1,93,93001,2,1,2,3,Quai Lucien Lefranc,48.909857,2.374642
202300054453,14,2,2023,2025-12-05 05:45:00,3,1,1151,1,1,1,5,D1075,46.065612,5.330687
202300054454,10,6,2023,2025-12-05 18:30:00,1,63,63206,1,1,1,6,D50,45.94768651,2.96639013
202300054455,7,7,2023,2025-12-05 15:23:00,1,88,88063,1,1,1,3,Bocquegney,48.216681,6.305734
202300054456,1,1,2023,2025-12-05 09:05:00,1,59,59593,1,1,1,6,A2,50.229387,3.271978
202300054457,27,9,2023,2025-12-05 08:40:00,1,27,27235,1,1,1,1,D840,49.023349,0.930576
202300054458,21,8,2023,2025-12-05 22:14:00,4,42,42071,2,1,1,-1,Boulevard Charles De Gaulle,46.01546,4.09625
202300054459,29,3,2023,2025-12-05 17:10:00,1,52,52440,1,1,1,3,N67,48.359899,5.135811
202300054460,27,10,2023,2025-12-05 03:50:00,3,92,92078,2,9,3,6,Verdun (Avenue) (Pairs 92 Et Plus),48.93494466,2.32580996
202300054461,29,11,2023,2025-12-05 14:05:00,1,94,94019,2,6,1,1,Route De Chennevieres,48.80564,2.5328
202300054462,6,5,2023,2025-12-05 09:45:00,1,59,59009,1,3,1,5,Champollion Avenue,50.63793293,3.14219177
202300054463,10,6,2023,2025-12-05 19:40:00,1,1,1173,1,1,1,2,D1005,46.35106,6.0505
202300054464,14,7,2023,2025-12-05 19:30:00,1,78,78356,1,1,1,2,D91,48.747161,2.024265
202300054465,13,2,2023,2025-12-05 19:35:00,3,26,26211,1,1,1,6,Route De Valreas,44.36433,4.879228
202300054466,25,9,2023,2025-12-05 16:45:00,1,13,13215,1,1,1,2,A7-Sens Marseille Vers Lyon,43.3581884,5.36269145
202300054467,22,8,2023,2025-12-05 23:15:00,5,38,38185,2,2,1,1,Rue Des Allies,45.16683,5.7234
202300054468,1,1,2023,2025-12-05 05:00:00,2,974,97419,2,1,1,6,320 Route Nationale 2,-21.152856,55.820997
202300054469,27,10,2023,2025-12-05 15:45:00,1,92,92050,2,1,1,3,Republique Avenue De La,48.90547064,2.20991618
202300054470,28,3,2023,2025-12-05 18:04:00,2,53,53121,1,1,1,3,Pk 014+000 Rn 12,48.422223,-0.314827
202300054471,11,6,2023,2025-12-05 09:05:00,1,22,22223,1,1,1,6,N12,48.564553,-3.195487
202300054472,15,7,2023,2025-12-05 20:30:00,1,13,13050,1,1,1,6,D7N,43.652317,5.272053
202300054473,13,2,2023,2025-12-05 20:50:00,5,72,72180,2,1,1,6,Place De La Republique,48.349087,0.368122
202300054474,28,11,2023,2025-12-05 17:36:00,5,94,94019,2,2,1,3,Avenue Du Bois,48.80266684,2.54307148
202300054475,21,7,2023,2025-12-05 20:05:00,1,36,36044,2,1,7,6,4 Avenue Gedeon Duchateau,46.81822,1.69596
202300054476,21,9,2023,2025-12-05 08:20:00,1,13,13215,1,1,1,2,A7-Sens Marseille Vers Lyon,43.37919,5.35482
202300054477,18,4,2023,2025-12-05 02:08:00,5,59,59009,2,3,1,1,De Valmy Boulevard,50.622796,3.128253
202300054478,26,10,2023,2025-12-05 13:45:00,1,92,92050,2,1,8,2,Frachon Benoit Avenue,48.89315569,2.18731865
202300054479,9,6,2023,2025-12-05 16:15:00,1,22,22223,1,3,1,6,Intersection Bretelle D'Acces N12 - Route Menant Au Centre Equestre De Kernilien,48.56471,-3.19869
202300054480,30,3,2023,2025-12-05 07:20:00,2,67,67067,1,1,2,2,A4,48.693237,7.725143
202300054481,23,8,2023,2025-12-05 08:55:00,1,35,35051,2,1,1,6,Allies (Boulevard Des),48.11089,-1.61811
202300054482,13,2,2023,2025-12-05 15:35:00,1,50,50150,1,1,7,2,Belle Croix,49.544535,-1.321203
202300054483,14,7,2023,2025-12-05 07:10:00,1,62,62718,1,1,1,6,A1,50.30844468,2.89325607
202300054484,27,10,2023,2025-12-05 18:27:00,5,92,92046,2,1,2,7,Brossolette Avenue Pierre,48.81213984,2.30088651
202300054485,29,11,2023,2025-12-05 17:50:00,5,94,94075,2,1,1,6,Rue Du Reveillon,48.72193,2.53508
202300054486,1,1,2023,2025-12-05 02:00:00,3,42,42151,1,1,1,6,Route De Montverdun,45.683019,4.106773
202300054487,11,6,2023,2025-12-05 14:00:00,1,50,50615,1,1,1,6,N13,49.499026,-1.444214
202300054488,6,5,2023,2025-12-05 14:40:00,1,57,57631,2,9,1,1,Bouleaux (Rue Des),49.11588,7.09331
202300054489,25,9,2023,2025-12-05 09:30:00,1,13,13215,1,1,1,2,A7-Sens Lyon Vers Marseille,43.38181453,5.3519974
202300054490,24,3,2023,2025-12-05 15:20:00,1,13,13114,1,1,1,3,1970 Route De Berre,43.546792,5.319267
202300054491,11,6,2023,2025-12-05 14:20:00,1,62,62424,1,1,1,7,D956,50.22368382,2.96623631
202300054492,14,2,2023,2025-12-05 07:40:00,1,73,73070,1,9,1,1,D1516,45.613227,5.651779
202300054493,13,7,2023,2025-12-05 06:20:00,2,987,98733,1,1,1,3,Rt1 Pk 19.8,-17.696,-149.548
202300054494,23,8,2023,2025-12-05 08:45:00,1,34,34032,1,2,1,3,Route De Bedarieux (Rd.909),43.38578,3.22807
202300054495,26,10,2023,2025-12-05 08:45:00,1,92,92044,2,2,2,6,Baudin (Rue) 1A25 Et 2A34,48.89492335,2.27818
202300054496,6,5,2023,2025-12-05 17:22:00,1,57,57630,2,4,1,7,France (Av),48.73512,7.0496
202300054497,1,1,2023,2025-12-05 06:40:00,3,35,35152,1,1,1,6,Les Sevailles,48.22848103,-1.47954136
202300054498,25,9,2023,2025-12-05 07:55:00,1,13,13071,1,1,1,3,A55 - Sens Marseille Vers Martigues,43.39330763,5.29952667
202300054499,10,6,2023,2025-12-05 22:35:00,3,59,59624,1,1,1,7,Rue De Gouy,50.026118,3.293596
202300054500,30,11,2023,2025-12-05 09:10:00,1,93,93066,2,5,1,3,Avenue Marcel Cachin / Avenue Romain Rolland,48.93721,2.37206
202300054501,13,7,2023,2025-12-05 23:40:00,3,971,97117,1,1,1,6,Route Nationale 5,16.306136,-61.305277
202300054502,23,8,2023,2025-12-05 00:30:00,3,33,33063,2,1,1,6,Boulevard Des Freres Moga,44.82959,-0.5529
202300054503,27,10,2023,2025-12-05 07:30:00,5,92,92036,2,1,1,6,Gresillons (Quai Des),48.92026,2.32344
202300054504,13,2,2023,2025-12-05 00:50:00,3,16,16276,1,1,1,2,Rn 10,45.452605,-0.153299
202300054505,29,3,2023,2025-12-05 18:00:00,1,77,77511,1,1,1,3,D401,49.02903,2.619861
202300054506,26,9,2023,2025-12-05 17:10:00,1,83,83137,1,1,1,2,A57,43.12331,5.95898
202300054507,7,5,2023,2025-12-05 14:08:00,1,54,54526,1,1,1,6,Rm 674,48.6846,6.2241
202300054508,22,8,2023,2025-12-05 20:35:00,1,33,33063,2,2,1,7,Boulevard Alfred Daney,44.87033671,-0.56592536
202300054509,15,7,2023,2025-12-05 07:45:00,1,77,77474,1,1,1,1,N3 Pk16+300,48.958468,2.816234
202300054510,30,11,2023,2025-12-05 12:10:00,1,93,93048,2,1,1,6,Rue Des Ruffins,48.86094,2.47329
202300054511,27,10,2023,2025-12-05 02:00:00,5,92,92062,2,1,2,6,General De Gaulle (Avenue Du),48.88706565,2.23185875
202300054512,10,6,2023,2025-12-05 01:30:00,3,56,56099,1,1,1,7,Goezelegan,48.115566,-3.2314682
202300054513,13,2,2023,2025-12-05 17:30:00,2,40,40271,1,3,1,3,72 Route Des Berges,43.563628,-1.203802
202300054514,29,3,2023,2025-12-05 16:20:00,1,83,83065,1,1,1,2,Rd61,43.254783,6.593492
202300054515,15,7,2023,2025-12-05 11:00:00,1,2B,2B148,2,1,1,3,T20,42.525005,9.440662
202300054516,23,8,2023,2025-12-05 08:05:00,1,33,33529,2,1,7,2,Curepipe (Bd De) Du 02 Et +,44.6377,-1.1428
202300054517,11,6,2023,2025-12-05 02:08:00,3,56,56244,1,1,1,6,La Lande Du Moulin,47.830098,-2.492937
202300054518,25,10,2023,2025-12-05 08:15:00,2,92,92025,2,4,2,6,Paul Bert (Rue),48.92741865,2.24699754
202300054519,20,9,2023,2025-12-05 22:50:00,3,54,54571,1,1,1,5,Autoroute A 33,48.61840854,6.24584962
202300054520,7,5,2023,2025-12-05 08:00:00,1,51,51454,2,2,2,3,Avenue De Champagne,49.23403,4.03971
202300054521,30,11,2023,2025-12-05 08:10:00,1,93,93048,2,3,1,3,Boulevard De Chanzy / Place Du Marche,48.85833,2.43447
202300054522,14,7,2023,2025-12-05 22:29:00,3,13,13014,1,1,1,1,D113,43.514798,5.20238
202300054523,21,8,2023,2025-12-05 22:15:00,3,33,33529,1,1,1,3,Biscarosse (Ave De) Jusqu'A Dune,44.4816,-1.2361
202300054524,7,5,2023,2025-12-05 10:05:00,1,50,50066,1,1,1,6,D 973 (Granville - Cd572),48.822997,-1.555865
202300054525,10,6,2023,2025-12-05 10:00:00,1,67,67165,1,1,1,1,D993,48.508282,7.149954
202300054526,30,3,2023,2025-12-05 09:50:00,1,13,13027,1,2,8,3,D34,43.880851,4.832085
202300054527,13,2,2023,2025-12-05 16:35:00,1,27,27011,1,2,1,4,D81,49.218855,0.934122
202300054528,30,11,2023,2025-12-05 09:20:00,1,93,93046,2,1,1,6,Avenue Charles De Gaulle,48.91818,2.52909
202300054529,23,8,2023,2025-12-05 00:20:00,5,31,31555,2,1,1,6,Bd De Bonrepos,43.60949,1.45358
202300054530,24,10,2023,2025-12-05 19:10:00,5,92,92024,2,2,1,3,General Leclerc (Bd Du) (9 A 59)   (4 A,48.90209,2.31428
202300054531,26,9,2023,2025-12-05 08:03:00,1,33,33013,1,1,1,3,Route Nationale 230,44.85268075,-0.50489634
202300054532,7,5,2023,2025-12-05 16:15:00,1,49,49015,2,1,8,7,D775,47.51584,-0.61946
202300054533,10,6,2023,2025-12-05 20:39:00,2,2A,2A006,1,1,1,3,D81,41.968704,8.779039
202300054534,29,3,2023,2025-12-05 22:35:00,5,73,73132,2,6,1,6,Avenue Des Jeux Olympiques,45.756472,6.540969
202300054535,15,7,2023,2025-12-05 14:15:00,1,13,13057,1,3,1,4,D99 - Pk 22+890,43.789812,4.761345
202300054536,29,11,2023,2025-12-05 21:00:00,5,93,93013,2,1,1,6,Avenue De La Division Leclerc,48.9313,2.42215
202300054537,27,10,2023,2025-12-05 17:40:00,1,92,92019,2,1,2,6,Division Leclerc (Avenue De La),48.76806458,2.25208497
202300054538,22,8,2023,2025-12-05 15:15:00,1,31,31555,2,2,1,3,Rue Arnaud Vidal,43.60704,1.452906
202300054539,24,1,2023,2025-12-05 17:00:00,1,37,37167,2,2,1,1,Avenue Louis Proust,47.546658,0.546945
202300054540,7,5,2023,2025-12-05 04:45:00,3,47,47001,2,1,1,6,Stalingrad (Avenue De ),44.21472,0.64087
202300054541,14,7,2023,2025-12-05 21:25:00,2,10,10379,2,1,1,6,28 Route De Brienne,48.5318181,4.16634692
202300054542,11,6,2023,2025-12-05 14:50:00,1,2B,2B207,2,1,1,6,"D506, Lieu Dit Chiapatella",42.445177,9.506312
202300054543,26,9,2023,2025-12-05 07:45:00,2,33,33487,1,1,1,2,Autoroute A 10,44.94922,-0.4639
202300054544,30,11,2023,2025-12-05 10:35:00,1,92,92078,2,1,1,6,Verdun (Avenue) (Pairs 92 Et Plus),48.9351,2.32847
202300054545,27,10,2023,2025-12-05 15:10:00,1,92,92004,2,1,2,6,Argenteuil Av D',48.9169452,2.28199482
202300054546,25,3,2023,2025-12-05 15:30:00,1,16,16168,1,1,1,7,Rue Pierre-Francois Lesenne,45.776827,0.227306
202300054547,14,7,2023,2025-12-05 06:00:00,2,10,10314,1,1,1,6,D99,48.507713,4.287479
202300054548,14,2,2023,2025-12-05 13:35:00,1,30,30075,2,1,1,3,Route De Nimes,43.822793,4.269041
202300054549,23,8,2023,2025-12-05 15:00:00,1,29,29232,2,1,1,1,Rue De Pont-L'Abbe,47.989926,-4.118327
202300054550,26,9,2023,2025-12-05 15:20:00,1,91,91689,1,1,1,7,Autoroute A6B,48.738624,2.31933
202300054551,10,6,2023,2025-12-05 15:00:00,1,82,82194,1,1,1,1,D91,43.917137,1.444336
202300054552,15,7,2023,2025-12-05 01:10:00,5,68,68246,2,1,9,7,36 Rue Du Marechal Leclerc,47.989616,7.558085
202300054553,30,11,2023,2025-12-05 12:10:00,1,92,92075,2,1,1,6,Antoine Fratacci (Rue),48.82170005,2.28704931
202300054554,23,8,2023,2025-12-05 11:30:00,1,29,29232,2,1,1,7,Rue De L'Universite,47.98125,-4.036393
202300054555,27,10,2023,2025-12-05 10:53:00,1,39,39083,2,1,2,3,20 Rue Du Magasin,46.817087,6.058451
202300054556,13,2,2023,2025-12-05 08:50:00,1,52,52332,1,1,1,7,D130,48.04046358,5.5966452
202300054557,29,3,2023,2025-12-05 23:57:00,5,44,44026,2,1,1,6,10 Chemin De La Riviere,47.302639,-1.414747
202300054558,26,9,2023,2025-12-05 09:40:00,1,91,91161,1,1,1,2,Autoroute A6,48.70691,2.30583
202300054559,10,6,2023,2025-12-05 17:30:00,1,71,71204,1,1,1,3,D906,46.833635,4.822097
202300054560,22,8,2023,2025-12-05 13:15:00,1,29,29039,1,6,1,2,Quai Du Moros,47.88001,-3.90674
202300054561,28,10,2023,2025-12-05 10:55:00,1,24,24424,1,1,1,6,D709,45.135835,0.394236
202300054562,6,5,2023,2025-12-05 17:30:00,1,42,42223,1,1,1,3,Route De Landuziere,45.45842,4.31168
202300054563,30,11,2023,2025-12-05 09:30:00,1,92,92075,2,3,1,6,Barbes (Rue),48.8233189,2.29173928
202300054564,15,7,2023,2025-12-05 08:40:00,1,73,73303,1,1,1,7,Route De La Lierre,45.762757,6.460771
202300054565,12,2,2023,2025-12-05 22:30:00,3,978,97801,2,1,8,6,Rue De Hollande,18.07343,-63.080267
202300054566,10,6,2023,2025-12-05 16:50:00,1,63,63378,1,1,1,6,D1,45.670594,3.223629
202300054567,26,9,2023,2025-12-05 09:06:00,1,78,78423,1,1,1,4,A12 W,48.78695,2.036096
202300054568,22,8,2023,2025-12-05 20:10:00,1,28,28134,2,1,1,3,Comteville (Chemin De),48.74105,1.39135
202300054569,26,3,2023,2025-12-05 22:45:00,3,83,83126,1,9,1,2,A50,43.11941,5.86001
202300054570,27,10,2023,2025-12-05 10:40:00,1,1,1004,1,1,1,2,D1075,45.963158,5.332725
202300054571,30,11,2023,2025-12-05 19:30:00,5,92,92050,2,1,1,6,Hebert Celestin Rue,48.89702618,2.22414047
202300054572,14,2,2023,2025-12-05 10:30:00,1,30,30258,1,1,1,3,1125 Route De Nimes,43.692239,4.42704
202300054573,10,6,2023,2025-12-05 16:50:00,1,55,55551,2,1,1,7,63 Rue Raymond Poincare,48.979817,5.711969
202300054574,7,5,2023,2025-12-05 15:10:00,1,38,38151,2,1,8,6,Cours Jean Jaures,45.15107,5.70656
202300054575,15,7,2023,2025-12-05 11:45:00,1,7,7190,1,1,1,1,Cd 1,44.515145,4.414015
202300054576,24,10,2023,2025-12-05 08:20:00,1,22,22172,2,1,1,6,Rue De Dinard,48.521362,-2.230461
202300054577,26,9,2023,2025-12-05 12:15:00,1,95,95582,1,1,1,4,A15,48.97535,2.24148
202300054578,29,3,2023,2025-12-05 07:48:00,2,33,33003,1,1,1,2,Autoroute A 10,44.934607,-0.467145
202300054579,10,6,2023,2025-12-05 17:35:00,1,12,12052,2,6,1,3,Boulevard Paul Ramadier,44.57169,2.072929
202300054580,30,11,2023,2025-12-05 13:10:00,1,92,92040,2,2,8,2,Paix (Avenue De La),48.81662,2.275
202300054581,23,8,2023,2025-12-05 02:15:00,5,27,27681,2,1,1,6,Jaures (Boulevard Jaures),49.0954,1.4644
202300054582,17,7,2023,2025-12-05 22:00:00,3,40,40296,1,1,1,7,Route De Saubion,43.682149,-1.359095
202300054583,13,2,2023,2025-12-05 18:25:00,3,52,52248,1,1,1,2,D417,48.035425,5.417236
202300054584,14,7,2023,2025-12-05 08:00:00,1,9,9282,1,1,1,7,Peries - Bretelle Rd 820 Et Rd 14,43.226944,1.606643
202300054585,7,5,2023,2025-12-05 14:25:00,1,37,37261,2,1,1,4,Wagner (Boulevard Richard),47.37414,0.6975
202300054586,29,3,2023,2025-12-05 17:05:00,1,91,91534,1,1,1,3,Rn 118,48.71892,2.16987
202300054587,4,6,2023,2025-12-05 13:15:00,1,12,12035,1,1,1,7,Lieudit Capelle,43.973414,2.544944
202300054588,28,10,2023,2025-12-05 08:45:00,1,11,11203,2,6,1,3,Adresse_Inconnue,43.202184,2.776789
202300054589,20,8,2023,2025-12-05 12:42:00,1,27,27229,2,2,1,3,Saint Louis (Rue),49.02515,1.15387
202300054590,14,7,2023,2025-12-05 16:45:00,1,64,64422,2,6,7,6,Boulevard Aragon,43.180001,-0.616935
202300054591,29,11,2023,2025-12-05 08:00:00,5,92,92025,2,2,1,3,Paul Bert (Rue),48.92739416,2.246986
202300054592,14,2,2023,2025-12-05 11:30:00,1,67,67046,2,6,5,6,Rue D?Oberhoffen,48.768127,7.864628