num_acc,jour,mois,an,hrmn,lum,dep,com,agg,int,atm,col,adr,lat,long
202300054593,26,9,2023,2025-12-05 09:30:00,1,95,95582,1,1,1,2,A15,48.97454,2.24388
202300054594,15,7,2023,2025-12-05 18:25:00,1,22,22208,1,1,1,6,Les Ruaux,48.316666,-2.021055
202300054595,11,6,2023,2025-12-05 10:00:00,1,12,12288,1,1,1,1,Chemin Communal De Serres,44.431604,2.440263
202300054596,29,3,2023,2025-12-05 09:25:00,1,91,91521,1,1,1,3,Autoroute A6,48.64054,2.39379
202300054597,28,10,2023,2025-12-05 11:00:00,1,23,23001,1,1,2,3,Felinas,46.095868,2.013416
202300054598,21,8,2023,2025-12-05 15:30:00,1,26,26198,2,3,1,3,Avenue Agricol Perdiguier,44.5717,4.74314
202300054599,29,11,2023,2025-12-05 06:49:00,5,92,92004,2,1,1,3,Grande Rue Charles De Gaulle,48.90855537,2.28653294
202300054600,26,9,2023,2025-12-05 08:50:00,1,93,93008,1,1,1,2,Autoroute A86,48.9097,2.44619
202300054601,10,6,2023,2025-12-05 05:30:00,2,47,47086,1,1,1,6,Route De Sainte Foy La Grande,44.68456739,0.2028322
202300054602,14,2,2023,2025-12-05 16:50:00,2,57,57360,1,3,7,1,D31,49.15785332,6.96919441
202300054603,15,7,2023,2025-12-05 14:30:00,1,35,35047,1,6,1,3,D34,48.05548,-1.738393
202300054604,18,8,2023,2025-12-05 18:15:00,1,23,23096,2,1,1,6,Stalingrad (Rue De),46.1747,1.87308
202300054605,29,3,2023,2025-12-05 07:53:00,2,91,91589,1,1,1,3,Autoroute A6,48.68096,2.33153
202300054606,25,9,2023,2025-12-05 18:15:00,1,93,93007,1,1,1,7,Autoroute A1,48.95483221,2.45715916
202300054607,26,11,2023,2025-12-05 18:40:00,5,92,92014,2,1,1,6,Dineur (Rue De),48.78398306,2.31489202
202300054608,28,10,2023,2025-12-05 17:10:00,1,84,84099,1,2,1,3,D2,43.860869,5.13422
202300054609,7,5,2023,2025-12-05 13:40:00,1,35,35238,2,3,1,3,Espagne (D'),48.08665,-1.67191
202300054610,15,7,2023,2025-12-05 11:05:00,1,59,59052,2,1,1,2,Rue Jean Jaures,50.515782,2.895372
202300054611,25,9,2023,2025-12-05 05:50:00,5,93,93066,1,1,1,2,Autoroute A1,48.90963,2.35835
202300054612,19,1,2023,2025-12-05 09:15:00,1,73,73257,1,1,1,1,D915,45.458165,6.550896
202300054613,29,3,2023,2025-12-05 17:00:00,1,78,78646,1,1,1,2,Rn12,48.793132,2.083596
202300054614,10,6,2023,2025-12-05 11:58:00,1,34,34139,1,3,1,5,Rd909,43.400772,3.228977
202300054615,7,5,2023,2025-12-05 15:15:00,1,33,33063,2,1,1,6,Rue Albert Thomas,44.82858081,-0.59754118
202300054616,14,7,2023,2025-12-05 10:23:00,1,13,13214,1,1,1,6,A7-Sens Lyon Vers Marseille,43.33977159,5.37644849
202300054617,12,10,2023,2025-12-05 07:00:00,2,26,26002,1,3,1,3,N7,45.263258,4.823856
202300054618,20,8,2023,2025-12-05 15:20:00,1,22,22187,1,1,1,4,Rn12,48.52569,-2.75181
202300054619,26,9,2023,2025-12-05 09:50:00,1,94,94079,1,1,1,3,A4,48.83525111,2.53871581
202300054620,28,3,2023,2025-12-05 14:15:00,1,92,92036,1,1,1,7,Autoroute A15,48.941877,2.29092958
202300054621,14,7,2023,2025-12-05 03:50:00,3,83,83137,1,1,1,6,A57,43.13055,5.97922
202300054622,27,10,2023,2025-12-05 18:10:00,2,19,19229,1,1,2,7,Pk 3 D152,45.13353962,1.3993788
202300054623,13,2,2023,2025-12-05 09:00:00,1,38,38317,1,4,1,1,Avenue Du Maquis De L'Oisans,45.110388,5.708578
202300054624,10,6,2023,2025-12-05 20:00:00,2,68,68125,2,1,1,3,7 Rue Principale,47.68969,7.126305
202300054625,19,8,2023,2025-12-05 16:10:00,1,22,22113,2,9,1,6,Guilloux (Boulevard Louis),48.72571,-3.44881
202300054626,7,5,2023,2025-12-05 22:38:00,5,31,31069,1,1,2,6,Allee Emile Zola,43.645305,1.36883
202300054627,30,11,2023,2025-12-05 15:30:00,1,2B,2B102,1,1,1,7,Casanile,42.479551,9.363342
202300054628,25,9,2023,2025-12-05 10:30:00,1,94,94073,1,1,1,4,A86,48.77139558,2.39237226
202300054629,28,10,2023,2025-12-05 12:10:00,1,56,56034,2,1,3,6,Avenue Des Druides,47.576157,-3.078033
202300054630,22,8,2023,2025-12-05 15:10:00,1,17,17306,2,1,1,2,Clemenceau  Georges (Bd),45.6319,-1.03118
202300054631,28,3,2023,2025-12-05 15:15:00,1,92,92078,1,1,1,4,Autoroute A86,48.92928253,2.32938717
202300054632,12,2,2023,2025-12-05 17:48:00,1,86,86294,1,1,1,7,N149,46.644505,0.186148
202300054633,11,6,2023,2025-12-05 03:53:00,3,39,39018,1,1,1,6,Adresse_Inconnue,46.34624,5.472
202300054634,14,7,2023,2025-12-05 14:55:00,1,91,91136,1,1,1,4,Autoroute A10,48.71278,2.28406
202300054635,11,6,2023,2025-12-05 21:55:00,3,74,74043,1,1,1,7,Avenue Des Fully,46.273069,6.348188
202300054636,30,11,2023,2025-12-05 14:15:00,1,42,42338,1,1,2,1,Route De Charlieu,46.11671,4.112712
202300054637,28,10,2023,2025-12-05 16:05:00,1,67,67040,1,1,1,7,D211,48.282611,7.634291
202300054638,23,8,2023,2025-12-05 23:50:00,5,14,14715,2,1,1,2,72 Boulevard Fernand Moureaux,49.36316,0.08463
202300054639,11,6,2023,2025-12-05 18:20:00,1,74,74208,2,1,1,6,Avenue De Saint-Martin_,45.918512,6.682391
202300054640,13,2,2023,2025-12-05 00:35:00,3,60,60517,1,1,1,6,D1001,49.227728,2.22693
202300054641,13,7,2023,2025-12-05 22:42:00,3,77,77251,1,1,1,2,Autoroute A5A,48.609705,2.576366
202300054642,11,6,2023,2025-12-05 03:10:00,4,2,2519,2,3,1,6,3 Rue De Noircourt,49.67346,4.07112658
202300054643,27,3,2023,2025-12-05 07:20:00,1,95,95018,1,1,1,4,A15,48.9496723,2.2802208
202300054644,7,5,2023,2025-12-05 20:05:00,2,31,31555,1,1,3,4,23 Rangueil  (Periph Ouest A620),43.57589,1.44202
202300054645,23,8,2023,2025-12-05 09:00:00,1,13,13117,1,2,1,3,Londres (Avenue De),43.42722,5.23538
202300054646,28,10,2023,2025-12-05 14:45:00,1,76,76676,1,1,2,3,Rue De Guilmesnil,49.564464,1.481974
202300054647,9,6,2023,2025-12-05 16:45:00,1,74,74063,1,1,2,1,D22,46.253569,6.845995
202300054648,14,2,2023,2025-12-05 16:20:00,1,60,60439,1,1,1,6,D929,49.307168,2.328361
202300054649,7,5,2023,2025-12-05 11:13:00,1,31,31555,1,9,2,7,Echangeur St Martin (A624-Rd901),43.61078,1.385213
202300054650,23,8,2023,2025-12-05 11:30:00,1,13,13215,2,1,1,6,Chemin Du Ruisseau Mirabeau,43.34933927,5.34658299
202300054651,30,11,2023,2025-12-05 19:45:00,3,64,64057,1,1,3,6,Route De N'Haux,43.473169,-0.614542
202300054652,14,7,2023,2025-12-05 04:30:00,3,95,95241,1,1,1,2,N104,49.04701,2.45775
202300054653,28,10,2023,2025-12-05 08:25:00,1,2B,2B207,2,9,1,7,Folelli,42.449256,9.506706
202300054654,10,6,2023,2025-12-05 15:10:00,1,2,2545,1,2,1,1,D946,49.718028,3.845628
202300054655,7,5,2023,2025-12-05 09:20:00,1,27,27562,2,1,2,7,Rouen (Route De ),49.10584,1.45777
202300054656,6,6,2023,2025-12-05 06:15:00,2,74,74243,1,1,1,7,E 62,46.134099,6.102809
202300054657,13,2,2023,2025-12-05 13:50:00,1,13,13005,1,1,1,7,A501-Sens Pont De L'Etoile Vers Aubagne,43.30027927,5.56444269
202300054658,29,3,2023,2025-12-05 14:15:00,1,77,77373,1,1,1,6,Rn104,48.76694017,2.61376289
202300054659,14,7,2023,2025-12-05 06:00:00,3,77,77450,1,1,1,6,Rn104,48.717272,2.599244
202300054660,23,8,2023,2025-12-05 09:20:00,1,13,13215,2,6,1,2,Pierre Dramard (Boulevard),43.3793,5.3577
202300054661,1,12,2023,2025-12-05 16:25:00,1,22,22020,2,1,7,6,Rue De La Gare,48.319491,-2.254364
202300054662,28,10,2023,2025-12-05 10:50:00,1,11,11206,2,6,1,3,Adresse_Inconnue,43.054614,2.212876
202300054663,11,6,2023,2025-12-05 18:40:00,1,3,3195,2,4,1,6,Rue Des Moulins,46.289548,2.656812
202300054664,13,2,2023,2025-12-05 06:15:00,2,13,13215,1,1,1,7,A7-Sens Lyon Vers Marseille,43.35951248,5.36208224
202300054665,5,5,2023,2025-12-05 07:00:00,2,74,74006,2,1,1,7,Route D'Annecy,46.00071,6.121957
202300054666,28,3,2023,2025-12-05 21:10:00,3,94,94069,1,1,1,3,A4,48.81754093,2.43504501
202300054667,13,7,2023,2025-12-05 12:25:00,1,976,97611,2,1,1,7,Cavani-Briquetterie ( Rue De La ),-12.78112,45.22202
202300054668,30,11,2023,2025-12-05 23:25:00,3,37,37174,1,1,1,6,Aire De Maille (Aire De Repos),47.024566,0.565882
202300054669,20,8,2023,2025-12-05 04:30:00,5,13,13214,2,1,1,2,Marche D'In (Avenue),43.3399,5.3795
202300054670,11,6,2023,2025-12-05 09:05:00,1,3,3171,1,1,8,6,"Lieu-Dit ""Couvoir De Lormont""",46.462672,3.541578
202300054671,27,10,2023,2025-12-05 09:55:00,1,71,71230,2,1,7,6,14 Rue De La Republique,46.599982,4.066253
202300054672,15,6,2023,2025-12-05 17:00:00,1,14,14448,1,1,1,7,2270 Route De Rumesnil,49.172617,0.04055
202300054673,7,5,2023,2025-12-05 18:49:00,1,13,13075,2,1,1,3,Frederic Chevillon (Avenue),43.34849,5.46592
202300054674,13,7,2023,2025-12-05 09:15:00,1,976,97611,2,9,1,6,M'Tsapere-Nationale 2 (Route),-12.78965,45.22052
202300054675,12,2,2023,2025-12-05 21:00:00,3,13,13005,1,1,1,2,A50-Sens Aubagne Vers Marseille,43.28544676,5.57016
202300054676,23,8,2023,2025-12-05 03:10:00,4,13,13210,2,1,1,2,Rabatau (Boulevard),43.28202,5.39943
202300054677,27,3,2023,2025-12-05 17:15:00,1,25,25547,2,2,1,6,D613,47.515574,6.829919
202300054678,27,10,2023,2025-12-05 19:35:00,3,63,63314,1,1,1,7,D996,45.58207519,3.60116276
202300054679,14,5,2023,2025-12-05 18:20:00,1,8,8298,2,1,1,6,4 Rue Pasteur,49.774323,4.741285
202300054680,27,11,2023,2025-12-05 12:08:00,1,57,57106,2,1,1,6,10 Rue Saint-Hubert,49.300166,6.524833
202300054681,10,6,2023,2025-12-05 11:30:00,1,3,3090,1,1,2,1,Lie Dit Les Petits Barons,46.649863,3.139343
202300054682,23,8,2023,2025-12-05 02:55:00,5,13,13202,2,1,1,6,Bassins Du Radoub (Quai Des),43.32125,5.36292
202300054683,27,10,2023,2025-12-05 21:30:00,4,61,61167,1,1,6,6,D12 Pr7+180,48.815988,0.573107
202300054684,13,7,2023,2025-12-05 11:55:00,1,974,97411,2,1,1,3,Chaudron  (Bld 1 Du),-20.89081,55.4909
202300054685,30,11,2023,2025-12-05 12:13:00,1,95,95594,2,1,8,7,28 Griffon (Alle Du),49.118864,2.400824
202300054686,13,2,2023,2025-12-05 06:45:00,2,83,83123,1,1,1,2,A50,43.13842318,5.80221184
202300054687,6,5,2023,2025-12-05 16:00:00,1,13,13211,2,3,1,3,William Booth (Avenue),43.2934323,5.43980733
202300054688,24,3,2023,2025-12-05 14:36:00,1,63,63113,2,1,1,6,Clementel (Bd Etienne),45.81097,3.109281
202300054689,23,8,2023,2025-12-05 00:15:00,5,13,13213,2,1,1,1,Rose (Avenue De La),43.32676082,5.42273455
202300054690,13,7,2023,2025-12-05 07:40:00,1,974,97407,1,1,1,3,Marine(Boulevard),-20.9491,55.28458
202300054691,27,5,2023,2025-12-05 16:10:00,1,1,1348,2,2,1,5,D933,46.176919,4.818431
202300054692,28,10,2023,2025-12-05 03:40:00,3,12,12148,1,1,8,6,Z.A. Le Fargal,44.457716,2.221384
202300054693,22,8,2023,2025-12-05 04:50:00,5,13,13213,2,1,1,3,Poilus (Avenue Des),43.32555,5.4521
202300054694,9,1,2023,2025-12-05 17:54:00,2,36,36044,2,1,1,6,53 Rue Montaigne,46.80320765,1.70012891
202300054695,1,12,2023,2025-12-05 14:00:00,1,51,51535,1,1,1,1,N4,48.71936,3.757904
202300054696,4,2,2023,2025-12-05 23:30:00,3,42,42044,1,1,1,2,Rn88,45.39638,4.34822
202300054697,28,10,2023,2025-12-05 10:05:00,1,12,12139,1,1,1,6,La Barraque,43.876046,3.021679
202300054698,12,7,2023,2025-12-05 21:10:00,5,973,97302,2,1,1,3,Coulee D'Or (Cite),4.94076618,-52.30684564
202300054699,7,5,2023,2025-12-05 08:45:00,1,13,13063,1,6,1,6,Quatre Chemins Rond Point Des,43.57159,5.01909
202300054700,22,8,2023,2025-12-05 05:48:00,5,13,13210,2,1,1,3,Rabatau (Boulevard),43.27933,5.3993
202300054701,11,6,2023,2025-12-05 10:15:00,1,70,70421,1,1,1,1,Route Nationale 19,47.690396,6.007633
202300054702,28,10,2023,2025-12-05 05:30:00,4,29,29076,2,1,2,6,Lieu Dit Kroaz Ar Roue - Milizac,48.47359947,-4.56797371
202300054703,1,12,2023,2025-12-05 14:30:00,1,19,19150,1,1,2,1,Route De Brive - Rd 38,45.07612989,1.60207554
202300054704,28,3,2023,2025-12-05 09:00:00,1,974,97409,2,1,1,6,Du Centre(Chemin),-20.95419,55.66417
202300054705,20,8,2023,2025-12-05 19:35:00,1,13,13205,2,1,1,6,Chave (Boulevard),43.29523,5.38773
202300054706,11,6,2023,2025-12-05 06:15:00,2,72,72022,1,1,1,6,Lieu-Dit Beaulieu,47.754563,-0.167686
202300054707,9,2,2023,2025-12-05 07:02:00,3,62,62907,1,1,1,4,A1,50.47669,2.97997
202300054708,13,7,2023,2025-12-05 14:47:00,1,972,97213,1,6,1,2,Place D'Armes,14.6145819,-60.9942058
202300054709,7,5,2023,2025-12-05 04:10:00,3,11,11069,2,1,2,6,Avenue Saint Martin,43.22694,2.39603
202300054710,23,8,2023,2025-12-05 18:30:00,1,13,13001,1,1,1,1,Rognes (Rte De),43.60267,5.36583
202300054711,28,10,2023,2025-12-05 19:26:00,3,29,29282,1,1,3,5,Kerzongar,48.37297173,-4.7287469
202300054712,28,3,2023,2025-12-05 19:20:00,3,974,97407,2,1,1,6,Jacques Duclos (Rue) - Riviere Des Gal,-20.9628,55.31947
202300054713,13,2,2023,2025-12-05 12:20:00,1,91,91174,1,1,1,3,Rn 104,48.62293,2.4658
202300054714,9,6,2023,2025-12-05 19:25:00,1,14,14538,2,3,1,1,1A Rue Du Soldat Parenteau,49.097068,-0.31914
202300054715,14,7,2023,2025-12-05 00:15:00,5,69,69385,2,1,1,1,Chemin De Choulans,45.75432,4.81794
202300054716,28,11,2023,2025-12-05 07:00:00,3,79,79034,1,6,2,3,Adresse_Inconnue,46.302555,-0.491335
202300054717,21,8,2023,2025-12-05 09:35:00,1,11,11069,2,2,1,3,14 Rue De Lorraine,43.21341,2.35703
202300054718,13,7,2023,2025-12-05 08:40:00,1,69,69034,2,1,1,6,Chemin De Crepieux,45.80078192,4.85159456
202300054719,11,6,2023,2025-12-05 19:40:00,1,50,50588,1,1,1,2,Route De L'Eglise,49.531208,-1.449198
202300054720,27,10,2023,2025-12-05 17:50:00,1,15,15192,1,1,3,4,N 122,45.058102,2.712833
202300054721,18,8,2023,2025-12-05 10:45:00,1,11,11069,2,1,1,6,9 Avenue Bunau Varilla,43.21233,2.34438
202300054722,12,2,2023,2025-12-05 05:10:00,5,93,93029,1,1,1,2,Autoroute A86,48.92557419,2.42454486
202300054723,16,6,2023,2025-12-05 15:20:00,1,69,69381,2,1,1,3,3 Quai Saint Vincent,45.76999371,4.81425226
202300054724,28,3,2023,2025-12-05 16:13:00,1,973,97302,2,1,2,3,Baduel (Route De),4.93374296,-52.31029415
202300054725,7,5,2023,2025-12-05 18:00:00,1,10,10387,2,2,9,3,Louis Berthollet (Rue),48.30739243,4.08194929
202300054726,27,10,2023,2025-12-05 12:15:00,1,1,1025,2,3,1,6,D28,46.312703,4.945934
202300054727,13,2,2023,2025-12-05 18:50:00,5,94,94052,1,1,1,3,A86,48.84336156,2.49263331
202300054728,10,6,2023,2025-12-05 20:20:00,1,9,9245,2,3,1,3,Route De Pamiers,43.062382,1.611503
202300054729,12,7,2023,2025-12-05 10:00:00,1,971,97113,1,1,1,1,Route De Perinet-Rd 119,16.20918,-61.48108
202300054730,22,8,2023,2025-12-05 20:30:00,1,10,10387,2,1,1,6,Jaillant Deschainets (Rue),48.296337,4.06819
202300054731,28,10,2023,2025-12-05 01:55:00,3,66,66045,2,1,1,6,Adresse_Inconnue,42.63181,2.426136
202300054732,13,7,2023,2025-12-05 21:12:00,1,91,91103,1,1,1,7,Devi Du Cd 19,48.606147,2.324357
202300054733,6,5,2023,2025-12-05 11:40:00,1,10,10357,2,1,1,2,Avenue Du General De Gaulle,48.29786008,4.12111223
202300054734,9,6,2023,2025-12-05 17:20:00,1,45,45329,2,3,2,3,23 Grande Rue,47.9399,2.987257
202300054735,13,2,2023,2025-12-05 13:00:00,1,77,77122,1,1,1,6,Rn104,48.65869745,2.612724
202300054736,13,7,2023,2025-12-05 19:55:00,1,91,91479,2,7,1,3,Av De Verdun,48.70582,2.36339
202300054737,7,5,2023,2025-12-05 10:30:00,1,7,7070,1,1,2,7,Saint Romains De Lerps (Route De),44.96769,4.84285
202300054738,27,10,2023,2025-12-05 19:00:00,5,14,14342,2,6,2,2,Rue Du 19 Mars 1962,49.311869,-1.098582
202300054739,6,6,2023,2025-12-05 15:30:00,1,45,45307,1,2,1,3,D36 Pr 15 + 606,48.0593,2.889552
202300054740,13,2,2023,2025-12-05 12:30:00,1,77,77059,1,1,1,2,A104,48.8455465,2.6626142
202300054741,7,5,2023,2025-12-05 15:15:00,1,7,7316,1,1,2,6,Lones (Pont Des),44.91287,4.86254
202300054742,9,6,2023,2025-12-05 16:15:00,1,45,45129,1,1,1,6,12 Lieu Dit Les Menottes,47.932842,3.047258
202300054743,10,7,2023,2025-12-05 17:45:00,1,89,89024,1,1,1,4,Adresse_Inconnue,47.82067,3.57948
202300054744,6,5,2023,2025-12-05 12:30:00,1,4,4070,2,1,1,6,Demontzey (Av.),44.09139,6.23123
202300054745,12,2,2023,2025-12-05 19:40:00,5,65,65440,2,3,1,3,24 Boulevard Des Ardennes,43.24961172,0.07185138
202300054746,12,7,2023,2025-12-05 07:21:00,1,87,87085,2,2,1,6,Goujaud (Quai Louis),45.8263,1.26952
202300054747,10,6,2023,2025-12-05 12:15:00,1,18,18106,1,3,2,2,Adresse_Inconnue,46.881256,2.942132
202300054748,5,5,2023,2025-12-05 17:50:00,1,4,4070,2,1,1,6,Bariette (R. De La),44.09123,6.23317
202300054749,27,10,2023,2025-12-05 18:50:00,2,37,37104,1,1,1,1,D943,47.29685998,0.80210924
202300054750,11,6,2023,2025-12-05 11:45:00,1,43,43079,1,1,1,3,D644,45.17520517,3.49815447
202300054751,11,2,2023,2025-12-05 04:00:00,5,988,98818,2,1,1,2,Ve1,-22.22478,166.46604
202300054752,27,10,2023,2025-12-05 10:10:00,1,37,37018,2,1,8,6,Allee Des Rives De L'Etang,47.341751,0.612973
202300054753,13,7,2023,2025-12-05 09:10:00,1,86,86194,2,1,1,3,D162,46.58217,0.36795
202300054754,7,5,2023,2025-12-05 16:50:00,1,75,75116,2,1,2,4,Porte De Passy,48.854539,2.254923
202300054755,28,10,2023,2025-12-05 14:10:00,1,18,18279,1,1,2,7,Adresse_Inconnue,47.2716,2.042341
202300054756,13,7,2023,2025-12-05 22:50:00,5,81,81163,2,1,1,6,Foch,43.50565,2.37837
202300054757,10,6,2023,2025-12-05 12:00:00,1,10,10199,2,3,1,3,Rue Du Docteur Gerdy,48.065655,4.504555
202300054758,12,2,2023,2025-12-05 22:50:00,5,976,97611,2,1,1,7,Mamoudzou Centre-Haladi Selemani ( Rue ),-12.78201,45.23046
202300054759,27,10,2023,2025-12-05 19:28:00,3,2A,2A247,1,1,1,6,Route De Bocca Del Oro,41.557163,9.281559
202300054760,12,7,2023,2025-12-05 10:00:00,1,77,77221,2,1,1,1,D217B,48.854978,2.701694
202300054761,23,10,2023,2025-12-05 10:15:00,1,13,13027,2,1,1,1,Chemin Des Confignes,43.902562,4.872522
202300054762,7,5,2023,2025-12-05 00:02:00,5,75,75113,2,1,3,5,Quai D Ivry,48.825791,2.386589
202300054763,13,7,2023,2025-12-05 08:15:00,1,76,76540,2,1,1,6,Avenue Du Mont Riboudet,49.44768,1.06798
202300054764,11,6,2023,2025-12-05 19:45:00,1,7,7184,2,1,2,7,Route Des Ollieres,44.77484437,4.60863206
202300054765,28,10,2023,2025-12-05 10:50:00,1,71,71360,1,2,1,3,D17,46.322212,4.767243
202300054766,6,5,2023,2025-12-05 07:08:00,1,75,75106,2,3,1,3,Rue De Vaugirard,48.848226,2.331036
202300054767,13,7,2023,2025-12-05 12:40:00,1,76,76305,1,1,1,7,Industrielle (Route),49.48663,0.21788
202300054768,27,10,2023,2025-12-05 15:30:00,1,68,68012,1,1,1,3,D34,47.759443,7.101899
202300054769,7,5,2023,2025-12-05 17:30:00,1,75,75105,2,2,2,6,Quai Saint Michel,48.853059,2.346507
202300054770,13,7,2023,2025-12-05 19:00:00,1,72,72181,2,9,1,3,Miroir (Rue Du),47.99166,0.19829
202300054771,27,10,2023,2025-12-05 14:45:00,1,57,57047,1,1,8,7,Rte De Bambiderstroff,49.099196,6.592113
202300054772,15,6,2023,2025-12-05 18:30:00,1,72,72181,2,1,1,3,Ledru Rollin Quai Ndeg 1 A 99,48.006804,0.191344
202300054773,7,5,2023,2025-12-05 15:40:00,1,75,75105,2,2,2,2,Boulevard De L Hopital,48.840263,2.361989
202300054774,27,10,2023,2025-12-05 21:35:00,3,38,38524,1,1,1,1,D1075,45.074566,5.677636
202300054775,7,5,2023,2025-12-05 02:15:00,5,75,75105,2,1,3,6,Boulevard De L Hopital,48.840938,2.362493
202300054776,13,7,2023,2025-12-05 14:20:00,1,71,71040,2,3,1,1,Thibourins (Route Des),46.68582,4.39978
202300054777,7,9,2023,2025-12-05 16:30:00,1,1,1259,1,1,1,1,Route De Polliat,46.221137,5.10872
202300054778,13,7,2023,2025-12-05 20:35:00,1,69,69266,2,1,1,6,Avenue Auguste Blanqui,45.7631,4.88452
202300054779,7,5,2023,2025-12-05 02:00:00,5,75,75119,2,1,3,6,Place De La Bataille De Stalingrad,48.883336,2.369282
202300054780,13,7,2023,2025-12-05 19:47:00,1,69,69266,2,1,1,6,Cours Emile Zola,45.77134,4.87053
202300054781,28,10,2023,2025-12-05 07:30:00,2,79,79184,1,1,3,1,Adresse_Inconnue,46.348324,-0.108511
202300054782,28,10,2023,2025-12-05 08:40:00,1,17,17083,1,1,3,7,D733,45.821727,-0.932086
202300054783,7,5,2023,2025-12-05 01:30:00,5,75,75116,2,2,2,2,Allee De Longchamp,48.874924,2.271113
202300054784,13,7,2023,2025-12-05 16:15:00,1,69,69266,2,2,1,3,Rue Dedieu,45.76962,4.86987
202300054785,7,5,2023,2025-12-05 16:00:00,1,75,75116,2,4,2,3,Voie Georges Pompidou,48.849915,2.27716
202300054786,26,10,2023,2025-12-05 11:50:00,1,33,33439,1,1,3,1,D135E5,45.130026,-0.383921
202300054787,13,7,2023,2025-12-05 07:50:00,1,69,69266,2,2,1,3,Rue Colin,45.77487305,4.87405794
202300054788,27,10,2023,2025-12-05 00:20:00,3,53,53130,1,1,1,6,"Route De Saint Nazaire, D771",48.03643,-0.803751
202300054789,7,5,2023,2025-12-05 14:20:00,1,75,75115,2,3,2,7,Avenue Du Maine,48.844089,2.31997
202300054790,13,7,2023,2025-12-05 16:02:00,1,69,69264,2,2,1,3,Rue Des Jardiniers,45.98863,4.72152
202300054791,27,10,2023,2025-12-05 13:16:00,1,22,22076,1,3,2,3,Guihaie,48.545009,-2.381131
202300054792,13,7,2023,2025-12-05 18:40:00,1,69,69290,2,3,1,6,Avenue Jean Jaures,45.69737,4.93416
202300054793,28,10,2023,2025-12-05 02:35:00,5,60,60446,1,1,2,6,N2,49.13131,2.795806
202300054794,12,7,2023,2025-12-05 19:15:00,1,67,67482,2,3,1,3,Kampmann (Rue),48.53537,7.77124
202300054795,7,5,2023,2025-12-05 05:00:00,5,75,75111,2,3,3,3,Boulevard Voltaire,48.852152,2.389584
202300054796,24,10,2023,2025-12-05 20:14:00,3,83,83090,1,1,1,6,A50,43.1254967,5.87596215
202300054797,11,7,2023,2025-12-05 17:41:00,1,66,66136,2,1,1,3,Adresse_Inconnue,42.71407,2.90167
202300054798,27,10,2023,2025-12-05 19:00:00,5,33,33162,1,1,3,3,Rocade A 630,44.87723,-0.63176
202300054799,11,7,2023,2025-12-05 11:08:00,1,66,66136,2,6,1,2,Adresse_Inconnue,42.68617,2.88821
202300054800,27,10,2023,2025-12-05 06:40:00,5,33,33039,1,1,2,6,Rocade A 631,44.8011492,-0.53434432
202300054801,13,7,2023,2025-12-05 07:05:00,1,64,64445,2,1,1,3,Europe De L',43.32848,-0.34978
202300054802,27,10,2023,2025-12-05 05:20:00,3,91,91174,1,1,2,7,Rn 104,48.622196,2.463582
202300054803,27,10,2023,2025-12-05 06:45:00,3,91,91687,1,1,1,3,Autoroute A6,48.66583,2.3625
202300054804,27,10,2023,2025-12-05 16:07:00,1,78,78402,1,1,2,2,A13,48.96386,1.77684
202300054805,13,7,2023,2025-12-05 14:00:00,1,63,63070,1,4,1,3,Beaumont (Avenue De),45.74046999,3.06957096
202300054806,27,10,2023,2025-12-05 14:00:00,1,78,78640,1,1,1,2,A86 Int,48.777221,2.223642
202300054807,27,10,2023,2025-12-05 05:50:00,3,92,92036,1,1,1,6,A86,48.93429185,2.27087422
202300054808,26,10,2023,2025-12-05 03:50:00,3,92,92025,1,9,2,6,A86,48.91988494,2.22461743
202300054809,27,10,2023,2025-12-05 18:05:00,3,93,93064,1,1,3,3,Autoroute A103,48.88579562,2.48740188
202300054810,27,10,2023,2025-12-05 07:23:00,2,93,93064,1,1,8,2,Autoroute A86,48.8732,2.4799
202300054811,20,8,2023,2025-12-05 23:20:00,3,78,78440,2,3,1,6,Paul Raoult (Avenue),48.983217,1.911882
202300054812,21,7,2023,2025-12-05 16:30:00,1,13,13113,1,9,7,3,A51 Pk 29,43.605831,5.496994
202300054813,6,7,2023,2025-12-05 11:10:00,3,66,66069,1,1,1,7,D5D,42.772286,2.842804
202300054814,3,7,2023,2025-12-05 17:15:00,1,13,13081,1,1,1,6,D21,43.492822,5.227633
202300054815,6,7,2023,2025-12-05 11:00:00,1,13,13110,2,1,1,1,Boulevard De L'Europe,43.450575,5.683472
202300054816,28,6,2023,2025-12-05 12:25:00,1,13,13059,1,1,1,1,D556 - Pr 05+500,43.62045,5.491925
202300054817,25,10,2023,2025-12-05 10:10:00,1,988,98818,2,1,8,6,Rue Jacques Iekawe,-22.22966,166.48133
202300054818,26,10,2023,2025-12-05 20:45:00,5,974,97416,2,1,1,6,La Fontaine (Rue Jean De),-21.33828,55.47771
202300054819,26,10,2023,2025-12-05 19:10:00,3,974,97416,1,1,1,3,Rn3 (Ancienne Route),-21.28865,55.50994
202300054820,26,10,2023,2025-12-05 09:40:00,1,974,97411,2,1,1,7,Bambou (Chemin De La Ruelle),-20.90129,55.40598
202300054821,26,10,2023,2025-12-05 17:20:00,1,973,97302,1,6,1,3,Route Nationale 1,4.89713,-52.32854
202300054822,20,10,2023,2025-12-05 16:30:00,1,69,69387,2,1,6,3,Boulevard Yves Farge,45.73306,4.8254